{"FFC_sans_bias4": {"write": {"device_start": -1, "host_queued_start": 1585660042.480184, "device_queued": -1, "device_end": -1, "host_queued_end": 1585660042.48416}, "device": "cpu", "nd_range": {"device_start": 2327816.70126322, "device_end": 2327816.709741828}, "cmdq": 1, "read": {"device_start": -1, "device_end": -1}}, "FFC_sans_bias7": {"write": {"device_start": -1, "host_queued_start": 1585660042.483019, "device_queued": -1, "device_end": -1, "host_queued_end": 1585660042.48416}, "device": "cpu", "nd_range": {"device_start": 2327816.721563687, "device_end": 2327816.7284505693}, "cmdq": 1, "read": {"device_start": -1, "device_end": -1}}, "FFC_sans_bias6": {"write": {"device_start": -1, "host_queued_start": 1585660042.481526, "device_queued": -1, "device_end": -1, "host_queued_end": 1585660042.48416}, "device": "cpu", "nd_range": {"device_start": 2327816.712794918, "device_end": 2327816.721420627}, "cmdq": 2, "read": {"device_start": -1, "device_end": -1}}, "FFC_sans_bias1": {"write": {"device_start": -1, "host_queued_start": 1585660042.474372, "device_queued": -1, "device_end": -1, "host_queued_end": 1585660042.48416}, "device": "cpu", "nd_range": {"device_start": 2327816.673733347, "device_end": 2327816.685795574}, "cmdq": 0, "read": {"device_start": -1, "device_end": -1}}, "FFC_sans_bias0": {"write": {"device_start": -1, "host_queued_start": 1585660042.473089, "device_queued": -1, "device_end": -1, "host_queued_end": 1585660042.48416}, "device": "cpu", "nd_range": {"device_start": 2327816.673728765, "device_end": 2327816.682987266}, "cmdq": 2, "read": {"device_start": -1, "device_end": -1}}, "FFC_sans_bias2": {"write": {"device_start": -1, "host_queued_start": 1585660042.475652, "device_queued": -1, "device_end": -1, "host_queued_end": 1585660042.48416}, "device": "cpu", "nd_range": {"device_start": 2327816.673733847, "device_end": 2327816.6865059403}, "cmdq": 1, "read": {"device_start": -1, "device_end": -1}}, "coalesced_transpose120": {"write": {"device_start": -1, "host_queued_start": 1585660042.44019, "device_queued": -1, "device_end": -1, "host_queued_end": 1585660042.468272}, "device": "gpu", "nd_range": {"device_start": 1585659975.0443, "device_end": 1585659975.0443988}, "cmdq": 2, "read": {"device_start": -1, "device_end": -1}}, "FFC_sans_bias9": {"write": {"device_start": -1, "host_queued_start": 1585660042.476783, "device_queued": -1, "device_end": -1, "host_queued_end": 1585660042.48416}, "device": "cpu", "nd_range": {"device_start": 2327816.685503013, "device_end": 2327816.693671023}, "cmdq": 2, "read": {"device_start": -1, "device_end": -1}}, "empty71": {"write": {"device_start": 1585659975.0230963, "host_queued_start": 1585660042.385644, "device_queued": 1585659975.0229948, "device_end": 1585659975.0231574, "host_queued_end": 1585660042.468272}, "device": "gpu", "nd_range": {"device_start": 1585659975.0231602, "device_end": 1585659975.023164}, "cmdq": 0, "read": {"device_start": -1, "device_end": -1}}, "softmax41": {"write": {"device_start": -1, "host_queued_start": 1585660042.446153, "device_queued": -1, "device_end": -1, "host_queued_end": 1585660042.468272}, "device": "gpu", "nd_range": {"device_start": 1585659975.0493867, "device_end": 1585659975.051339}, "cmdq": 1, "read": {"device_start": -1, "device_end": -1}}, "FFC_sans_bias37": {"write": {"device_start": 1585659975.025644, "host_queued_start": 1585660042.400731, "device_queued": 1585659975.024537, "device_end": 1585659975.0256689, "host_queued_end": 1585660042.468272}, "device": "gpu", "nd_range": {"device_start": 1585659975.025672, "device_end": 1585659975.0279174}, "cmdq": 1, "read": {"device_start": -1, "device_end": -1}}, "FFC_sans_bias36": {"write": {"device_start": 1585659975.0250864, "host_queued_start": 1585660042.399689, "device_queued": 1585659975.024507, "device_end": 1585659975.0251164, "host_queued_end": 1585660042.468272}, "device": "gpu", "nd_range": {"device_start": 1585659975.025119, "device_end": 1585659975.0274434}, "cmdq": 0, "read": {"device_start": -1, "device_end": -1}}, "FFC_sans_bias34": {"write": {"device_start": 1585659975.0567489, "host_queued_start": 1585660042.4555, "device_queued": 1585659975.0315542, "device_end": 1585659975.056775, "host_queued_end": 1585660042.468272}, "device": "gpu", "nd_range": {"device_start": 1585659975.0567977, "device_end": 1585659975.059047}, "cmdq": 3, "read": {"device_start": 1585659975.0590572, "device_end": 1585659975.0590827}}, "FFC_sans_bias33": {"write": {"device_start": -1, "host_queued_start": 1585660042.449565, "device_queued": -1, "device_end": -1, "host_queued_end": 1585660042.468272}, "device": "gpu", "nd_range": {"device_start": 1585659975.051842, "device_end": 1585659975.052761}, "cmdq": 4, "read": {"device_start": -1, "device_end": -1}}, "FFC_sans_bias31": {"write": {"device_start": -1, "host_queued_start": 1585660042.441496, "device_queued": -1, "device_end": -1, "host_queued_end": 1585660042.468272}, "device": "gpu", "nd_range": {"device_start": 1585659975.0443935, "device_end": 1585659975.0449984}, "cmdq": 1, "read": {"device_start": -1, "device_end": -1}}, "FFC_sans_bias38": {"write": {"device_start": 1585659975.02608, "host_queued_start": 1585660042.401805, "device_queued": 1585659975.0247662, "device_end": 1585659975.0261106, "host_queued_end": 1585660042.468272}, "device": "gpu", "nd_range": {"device_start": 1585659975.0261195, "device_end": 1585659975.0284135}, "cmdq": 2, "read": {"device_start": -1, "device_end": -1}}, "coalesced_transpose75": {"write": {"device_start": -1, "host_queued_start": 1585660042.438654, "device_queued": -1, "device_end": -1, "host_queued_end": 1585660042.468272}, "device": "gpu", "nd_range": {"device_start": 1585659975.044227, "device_end": 1585659975.0442789}, "cmdq": 2, "read": {"device_start": -1, "device_end": -1}}, "softmax140": {"write": {"device_start": -1, "host_queued_start": 1585660042.448901, "device_queued": -1, "device_end": -1, "host_queued_end": 1585660042.468272}, "device": "gpu", "nd_range": {"device_start": 1585659975.0516098, "device_end": 1585659975.051901}, "cmdq": 2, "read": {"device_start": -1, "device_end": -1}}, "empty44": {"write": {"device_start": 1585659975.0228024, "host_queued_start": 1585660042.383101, "device_queued": 1585659975.0226636, "device_end": 1585659975.0228631, "host_queued_end": 1585660042.468272}, "device": "gpu", "nd_range": {"device_start": 1585659975.0229573, "device_end": 1585659975.022979}, "cmdq": 2, "read": {"device_start": -1, "device_end": -1}}, "FFC_sans_bias137": {"write": {"device_start": 1585659975.041518, "host_queued_start": 1585660042.435416, "device_queued": 1585659975.0280843, "device_end": 1585659975.0415432, "host_queued_end": 1585660042.468272}, "device": "gpu", "nd_range": {"device_start": 1585659975.041548, "device_end": 1585659975.043871}, "cmdq": 4, "read": {"device_start": -1, "device_end": -1}}, "empty8": {"write": {"device_start": -1, "host_queued_start": 1585660042.47047, "device_queued": -1, "device_end": -1, "host_queued_end": 1585660042.48416}, "device": "cpu", "nd_range": {"device_start": 2327816.6737018493, "device_end": 2327816.673714321}, "cmdq": 0, "read": {"device_start": -1, "device_end": -1}}, "softmax50": {"write": {"device_start": -1, "host_queued_start": 1585660042.446403, "device_queued": -1, "device_end": -1, "host_queued_end": 1585660042.468272}, "device": "gpu", "nd_range": {"device_start": 1585659975.0498168, "device_end": 1585659975.051362}, "cmdq": 2, "read": {"device_start": -1, "device_end": -1}}, "softmax59": {"write": {"device_start": -1, "host_queued_start": 1585660042.446661, "device_queued": -1, "device_end": -1, "host_queued_end": 1585660042.468272}, "device": "gpu", "nd_range": {"device_start": 1585659975.050788, "device_end": 1585659975.0514607}, "cmdq": 3, "read": {"device_start": -1, "device_end": -1}}, "FFC_sans_bias142": {"write": {"device_start": 1585659975.0631204, "host_queued_start": 1585660042.468164, "device_queued": 1585659975.033166, "device_end": 1585659975.0631506, "host_queued_end": 1585660042.468272}, "device": "gpu", "nd_range": {"device_start": 1585659975.0631716, "device_end": 1585659975.065293}, "cmdq": 0, "read": {"device_start": 1585659975.0653, "device_end": 1585659975.0653224}}, "FFC_sans_bias141": {"write": {"device_start": -1, "host_queued_start": 1585660042.453426, "device_queued": -1, "device_end": -1, "host_queued_end": 1585660042.468272}, "device": "gpu", "nd_range": {"device_start": 1585659975.0557098, "device_end": 1585659975.0580785}, "cmdq": 1, "read": {"device_start": -1, "device_end": -1}}, "FFC_sans_bias24": {"write": {"device_start": -1, "host_queued_start": 1585660042.449215, "device_queued": -1, "device_end": -1, "host_queued_end": 1585660042.468272}, "device": "gpu", "nd_range": {"device_start": 1585659975.0517113, "device_end": 1585659975.0523255}, "cmdq": 3, "read": {"device_start": -1, "device_end": -1}}, "FFC_sans_bias25": {"write": {"device_start": 1585659975.056277, "host_queued_start": 1585660042.454448, "device_queued": 1585659975.0315282, "device_end": 1585659975.0563028, "host_queued_end": 1585660042.468272}, "device": "gpu", "nd_range": {"device_start": 1585659975.0563238, "device_end": 1585659975.0586119}, "cmdq": 2, "read": {"device_start": 1585659975.0586224, "device_end": 1585659975.0586486}}, "FFC_sans_bias27": {"write": {"device_start": 1585659975.0242362, "host_queued_start": 1585660042.396512, "device_queued": 1585659975.0240316, "device_end": 1585659975.0242658, "host_queued_end": 1585660042.468272}, "device": "gpu", "nd_range": {"device_start": 1585659975.0243454, "device_end": 1585659975.0259423}, "cmdq": 2, "read": {"device_start": -1, "device_end": -1}}, "FFC_sans_bias20": {"write": {"device_start": 1585659975.0241354, "host_queued_start": 1585660042.395468, "device_queued": 1585659975.023992, "device_end": 1585659975.0241978, "host_queued_end": 1585660042.468272}, "device": "gpu", "nd_range": {"device_start": 1585659975.0243106, "device_end": 1585659975.025529}, "cmdq": 1, "read": {"device_start": -1, "device_end": -1}}, "FFC_sans_bias22": {"write": {"device_start": -1, "host_queued_start": 1585660042.441174, "device_queued": -1, "device_end": -1, "host_queued_end": 1585660042.468272}, "device": "gpu", "nd_range": {"device_start": 1585659975.04583, "device_end": 1585659975.0478802}, "cmdq": 0, "read": {"device_start": -1, "device_end": -1}}, "FFC_sans_bias130": {"write": {"device_start": -1, "host_queued_start": 1585660042.445076, "device_queued": -1, "device_end": -1, "host_queued_end": 1585660042.468272}, "device": "gpu", "nd_range": {"device_start": 1585659975.0474212, "device_end": 1585659975.049797}, "cmdq": 2, "read": {"device_start": -1, "device_end": -1}}, "FFC_sans_bias28": {"write": {"device_start": 1585659975.0243454, "host_queued_start": 1585660042.397548, "device_queued": 1585659975.024223, "device_end": 1585659975.0243714, "host_queued_end": 1585660042.468272}, "device": "gpu", "nd_range": {"device_start": 1585659975.0244842, "device_end": 1585659975.026498}, "cmdq": 3, "read": {"device_start": -1, "device_end": -1}}, "FFC_sans_bias29": {"write": {"device_start": 1585659975.0246975, "host_queued_start": 1585660042.39863, "device_queued": 1585659975.0242643, "device_end": 1585659975.0247273, "host_queued_end": 1585660042.468272}, "device": "gpu", "nd_range": {"device_start": 1585659975.024742, "device_end": 1585659975.026942}, "cmdq": 4, "read": {"device_start": -1, "device_end": -1}}, "coalesced_transpose66": {"write": {"device_start": -1, "host_queued_start": 1585660042.438339, "device_queued": -1, "device_end": -1, "host_queued_end": 1585660042.468272}, "device": "gpu", "nd_range": {"device_start": 1585659975.0442135, "device_end": 1585659975.0442598}, "cmdq": 1, "read": {"device_start": -1, "device_end": -1}}, "coalesced_transpose93": {"write": {"device_start": -1, "host_queued_start": 1585660042.439273, "device_queued": -1, "device_end": -1, "host_queued_end": 1585660042.468272}, "device": "gpu", "nd_range": {"device_start": 1585659975.0442517, "device_end": 1585659975.044331}, "cmdq": 4, "read": {"device_start": -1, "device_end": -1}}, "softmax23": {"write": {"device_start": -1, "host_queued_start": 1585660042.445649, "device_queued": -1, "device_end": -1, "host_queued_end": 1585660042.468272}, "device": "gpu", "nd_range": {"device_start": 1585659975.0488427, "device_end": 1585659975.0513148}, "cmdq": 4, "read": {"device_start": -1, "device_end": -1}}, "empty62": {"write": {"device_start": 1585659975.0229974, "host_queued_start": 1585660042.384795, "device_queued": 1585659975.022877, "device_end": 1585659975.0230665, "host_queued_end": 1585660042.468272}, "device": "gpu", "nd_range": {"device_start": 1585659975.0230718, "device_end": 1585659975.0230825}, "cmdq": 4, "read": {"device_start": -1, "device_end": -1}}, "FFC_sans_bias10": {"write": {"device_start": -1, "host_queued_start": 1585660042.477949, "device_queued": -1, "device_end": -1, "host_queued_end": 1585660042.48416}, "device": "cpu", "nd_range": {"device_start": 2327816.685904731, "device_end": 2327816.703917011}, "cmdq": 0, "read": {"device_start": -1, "device_end": -1}}, "FFC_sans_bias13": {"write": {"device_start": -1, "host_queued_start": 1585660042.480526, "device_queued": -1, "device_end": -1, "host_queued_end": 1585660042.48416}, "device": "cpu", "nd_range": {"device_start": 2327816.704198001, "device_end": 2327816.712770345}, "cmdq": 2, "read": {"device_start": -1, "device_end": -1}}, "FFC_sans_bias15": {"write": {"device_start": -1, "host_queued_start": 1585660042.481904, "device_queued": -1, "device_end": -1, "host_queued_end": 1585660042.48416}, "device": "cpu", "nd_range": {"device_start": 2327816.713179206, "device_end": 2327816.728918504}, "cmdq": 0, "read": {"device_start": -1, "device_end": -1}}, "FFC_sans_bias16": {"write": {"device_start": -1, "host_queued_start": 1585660042.484111, "device_queued": -1, "device_end": -1, "host_queued_end": 1585660042.48416}, "device": "cpu", "nd_range": {"device_start": 2327816.728926064, "device_end": 2327816.73423211}, "cmdq": 2, "read": {"device_start": -1, "device_end": -1}}, "FFC_sans_bias19": {"write": {"device_start": 1585659975.0240407, "host_queued_start": 1585660042.394369, "device_queued": 1585659975.0239556, "device_end": 1585659975.0241137, "host_queued_end": 1585660042.468272}, "device": "gpu", "nd_range": {"device_start": 1585659975.0241191, "device_end": 1585659975.0249586}, "cmdq": 0, "read": {"device_start": -1, "device_end": -1}}, "FFC_sans_bias18": {"write": {"device_start": 1585659975.023922, "host_queued_start": 1585660042.393319, "device_queued": 1585659975.023698, "device_end": 1585659975.0239456, "host_queued_end": 1585660042.468272}, "device": "gpu", "nd_range": {"device_start": 1585659975.023949, "device_end": 1585659975.0245535}, "cmdq": 4, "read": {"device_start": -1, "device_end": -1}}, "FFC_sans_bias99": {"write": {"device_start": 1585659975.0352604, "host_queued_start": 1585660042.421823, "device_queued": 1585659975.026803, "device_end": 1585659975.035285, "host_queued_end": 1585660042.468272}, "device": "gpu", "nd_range": {"device_start": 1585659975.0352945, "device_end": 1585659975.0375643}, "cmdq": 1, "read": {"device_start": -1, "device_end": -1}}, "FFC_sans_bias91": {"write": {"device_start": 1585659975.0342903, "host_queued_start": 1585660042.41972, "device_queued": 1585659975.0264776, "device_end": 1585659975.0343199, "host_queued_end": 1585660042.468272}, "device": "gpu", "nd_range": {"device_start": 1585659975.0343242, "device_end": 1585659975.0365973}, "cmdq": 4, "read": {"device_start": -1, "device_end": -1}}, "FFC_sans_bias90": {"write": {"device_start": 1585659975.0337968, "host_queued_start": 1585660042.418674, "device_queued": 1585659975.0264459, "device_end": 1585659975.0338228, "host_queued_end": 1585660042.468272}, "device": "gpu", "nd_range": {"device_start": 1585659975.033832, "device_end": 1585659975.0361207}, "cmdq": 3, "read": {"device_start": -1, "device_end": -1}}, "coalesced_transpose12": {"write": {"device_start": -1, "host_queued_start": 1585660042.479829, "device_queued": -1, "device_end": -1, "host_queued_end": 1585660042.48416}, "device": "cpu", "nd_range": {"device_start": 2327816.7039253223, "device_end": 2327816.7041796544}, "cmdq": 0, "read": {"device_start": -1, "device_end": -1}}, "FFC_sans_bias94": {"write": {"device_start": -1, "host_queued_start": 1585660042.443778, "device_queued": -1, "device_end": -1, "host_queued_end": 1585660042.468272}, "device": "gpu", "nd_range": {"device_start": 1585659975.0459955, "device_end": 1585659975.0483963}, "cmdq": 3, "read": {"device_start": -1, "device_end": -1}}, "FFC_sans_bias97": {"write": {"device_start": 1585659975.0611699, "host_queued_start": 1585660042.462943, "device_queued": 1585659975.0324948, "device_end": 1585659975.0612018, "host_queued_end": 1585660042.468272}, "device": "gpu", "nd_range": {"device_start": 1585659975.0612175, "device_end": 1585659975.0629373}, "cmdq": 0, "read": {"device_start": 1585659975.062942, "device_end": 1585659975.0629656}}, "FFC_sans_bias96": {"write": {"device_start": -1, "host_queued_start": 1585660042.451819, "device_queued": -1, "device_end": -1, "host_queued_end": 1585660042.468272}, "device": "gpu", "nd_range": {"device_start": 1585659975.0533135, "device_end": 1585659975.0556927}, "cmdq": 1, "read": {"device_start": -1, "device_end": -1}}, "FFC_sans_bias124": {"write": {"device_start": 1585659975.0621307, "host_queued_start": 1585660042.466073, "device_queued": 1585659975.0327797, "device_end": 1585659975.0621612, "host_queued_end": 1585660042.468272}, "device": "gpu", "nd_range": {"device_start": 1585659975.062178, "device_end": 1585659975.0643654}, "cmdq": 3, "read": {"device_start": 1585659975.0643756, "device_end": 1585659975.0643988}}, "FFC_sans_bias126": {"write": {"device_start": 1585659975.040088, "host_queued_start": 1585660042.432295, "device_queued": 1585659975.0278559, "device_end": 1585659975.040114, "host_queued_end": 1585660042.468272}, "device": "gpu", "nd_range": {"device_start": 1585659975.0401185, "device_end": 1585659975.0423872}, "cmdq": 1, "read": {"device_start": -1, "device_end": -1}}, "softmax32": {"write": {"device_start": -1, "host_queued_start": 1585660042.445896, "device_queued": -1, "device_end": -1, "host_queued_end": 1585660042.468272}, "device": "gpu", "nd_range": {"device_start": 1585659975.051261, "device_end": 1585659975.0514855}, "cmdq": 0, "read": {"device_start": -1, "device_end": -1}}, "coalesced_transpose84": {"write": {"device_start": -1, "host_queued_start": 1585660042.438963, "device_queued": -1, "device_end": -1, "host_queued_end": 1585660042.468272}, "device": "gpu", "nd_range": {"device_start": 1585659975.0442445, "device_end": 1585659975.0443056}, "cmdq": 3, "read": {"device_start": -1, "device_end": -1}}, "FFC_sans_bias121": {"write": {"device_start": -1, "host_queued_start": 1585660042.444755, "device_queued": -1, "device_end": -1, "host_queued_end": 1585660042.468272}, "device": "gpu", "nd_range": {"device_start": 1585659975.0469515, "device_end": 1585659975.0493684}, "cmdq": 1, "read": {"device_start": -1, "device_end": -1}}, "empty98": {"write": {"device_start": 1585659975.023381, "host_queued_start": 1585660042.388114, "device_queued": 1585659975.0232892, "device_end": 1585659975.0234568, "host_queued_end": 1585660042.468272}, "device": "gpu", "nd_range": {"device_start": 1585659975.0234659, "device_end": 1585659975.0234706}, "cmdq": 3, "read": {"device_start": -1, "device_end": -1}}, "empty107": {"write": {"device_start": 1585659975.023473, "host_queued_start": 1585660042.38893, "device_queued": 1585659975.02331, "device_end": 1585659975.023552, "host_queued_end": 1585660042.468272}, "device": "gpu", "nd_range": {"device_start": 1585659975.0235567, "device_end": 1585659975.0235612}, "cmdq": 4, "read": {"device_start": -1, "device_end": -1}}, "empty17": {"write": {"device_start": -1, "host_queued_start": 1585660042.471786, "device_queued": -1, "device_end": -1, "host_queued_end": 1585660042.48416}, "device": "cpu", "nd_range": {"device_start": 2327816.673701898, "device_end": 2327816.673714313}, "cmdq": 1, "read": {"device_start": -1, "device_end": -1}}, "FFC_sans_bias87": {"write": {"device_start": -1, "host_queued_start": 1585660042.4515, "device_queued": -1, "device_end": -1, "host_queued_end": 1585660042.468272}, "device": "gpu", "nd_range": {"device_start": 1585659975.0547233, "device_end": 1585659975.0571067}, "cmdq": 0, "read": {"device_start": -1, "device_end": -1}}, "FFC_sans_bias85": {"write": {"device_start": -1, "host_queued_start": 1585660042.443462, "device_queued": -1, "device_end": -1, "host_queued_end": 1585660042.468272}, "device": "gpu", "nd_range": {"device_start": 1585659975.0454297, "device_end": 1585659975.0474026}, "cmdq": 2, "read": {"device_start": -1, "device_end": -1}}, "FFC_sans_bias82": {"write": {"device_start": 1585659975.032823, "host_queued_start": 1585660042.416573, "device_queued": 1585659975.026278, "device_end": 1585659975.0328512, "host_queued_end": 1585660042.468272}, "device": "gpu", "nd_range": {"device_start": 1585659975.0328603, "device_end": 1585659975.035161}, "cmdq": 1, "read": {"device_start": -1, "device_end": -1}}, "FFC_sans_bias83": {"write": {"device_start": 1585659975.0333269, "host_queued_start": 1585660042.417631, "device_queued": 1585659975.0263186, "device_end": 1585659975.0333536, "host_queued_end": 1585660042.468272}, "device": "gpu", "nd_range": {"device_start": 1585659975.0333607, "device_end": 1585659975.0356357}, "cmdq": 2, "read": {"device_start": -1, "device_end": -1}}, "FFC_sans_bias81": {"write": {"device_start": 1585659975.0323892, "host_queued_start": 1585660042.415522, "device_queued": 1585659975.0262427, "device_end": 1585659975.0324159, "host_queued_end": 1585660042.468272}, "device": "gpu", "nd_range": {"device_start": 1585659975.0324223, "device_end": 1585659975.0346727}, "cmdq": 0, "read": {"device_start": -1, "device_end": -1}}, "FFC_sans_bias88": {"write": {"device_start": 1585659975.0602205, "host_queued_start": 1585660042.461839, "device_queued": 1585659975.0321836, "device_end": 1585659975.0602512, "host_queued_end": 1585660042.468272}, "device": "gpu", "nd_range": {"device_start": 1585659975.0602794, "device_end": 1585659975.0624185}, "cmdq": 4, "read": {"device_start": 1585659975.062421, "device_end": 1585659975.062445}}, "coalesced_transpose30": {"write": {"device_start": -1, "host_queued_start": 1585660042.437113, "device_queued": -1, "device_end": -1, "host_queued_end": 1585660042.468272}, "device": "gpu", "nd_range": {"device_start": 1585659975.042893, "device_end": 1585659975.0442195}, "cmdq": 2, "read": {"device_start": -1, "device_end": -1}}, "FFC_sans_bias128": {"write": {"device_start": 1585659975.0396106, "host_queued_start": 1585660042.431268, "device_queued": 1585659975.0278292, "device_end": 1585659975.0396361, "host_queued_end": 1585660042.468272}, "device": "gpu", "nd_range": {"device_start": 1585659975.0396426, "device_end": 1585659975.0419147}, "cmdq": 0, "read": {"device_start": -1, "device_end": -1}}, "coalesced_transpose39": {"write": {"device_start": -1, "host_queued_start": 1585660042.43742, "device_queued": -1, "device_end": -1, "host_queued_end": 1585660042.468272}, "device": "gpu", "nd_range": {"device_start": 1585659975.0433655, "device_end": 1585659975.0442328}, "cmdq": 3, "read": {"device_start": -1, "device_end": -1}}, "FFC_sans_bias79": {"write": {"device_start": 1585659975.0599282, "host_queued_start": 1585660042.460711, "device_queued": 1585659975.0321634, "device_end": 1585659975.059959, "host_queued_end": 1585660042.468272}, "device": "gpu", "nd_range": {"device_start": 1585659975.0599864, "device_end": 1585659975.0619733}, "cmdq": 3, "read": {"device_start": 1585659975.061978, "device_end": 1585659975.062003}}, "FFC_sans_bias78": {"write": {"device_start": -1, "host_queued_start": 1585660042.451181, "device_queued": -1, "device_end": -1, "host_queued_end": 1585660042.468272}, "device": "gpu", "nd_range": {"device_start": 1585659975.05278, "device_end": 1585659975.0552032}, "cmdq": 4, "read": {"device_start": -1, "device_end": -1}}, "FFC_sans_bias73": {"write": {"device_start": 1585659975.0314057, "host_queued_start": 1585660042.413439, "device_queued": 1585659975.0258267, "device_end": 1585659975.0314317, "host_queued_end": 1585660042.468272}, "device": "gpu", "nd_range": {"device_start": 1585659975.031439, "device_end": 1585659975.0337057}, "cmdq": 3, "read": {"device_start": -1, "device_end": -1}}, "FFC_sans_bias72": {"write": {"device_start": 1585659975.0308864, "host_queued_start": 1585660042.412413, "device_queued": 1585659975.0258083, "device_end": 1585659975.030913, "host_queued_end": 1585660042.468272}, "device": "gpu", "nd_range": {"device_start": 1585659975.030922, "device_end": 1585659975.0332334}, "cmdq": 2, "read": {"device_start": -1, "device_end": -1}}, "FFC_sans_bias70": {"write": {"device_start": 1585659975.0588171, "host_queued_start": 1585660042.45968, "device_queued": 1585659975.0321383, "device_end": 1585659975.0588417, "host_queued_end": 1585660042.468272}, "device": "gpu", "nd_range": {"device_start": 1585659975.0588627, "device_end": 1585659975.0604894}, "cmdq": 2, "read": {"device_start": 1585659975.0615678, "device_end": 1585659975.0616426}}, "FFC_sans_bias76": {"write": {"device_start": -1, "host_queued_start": 1585660042.443136, "device_queued": -1, "device_end": -1, "host_queued_end": 1585660042.468272}, "device": "gpu", "nd_range": {"device_start": 1585659975.045019, "device_end": 1585659975.0469308}, "cmdq": 1, "read": {"device_start": -1, "device_end": -1}}, "FFC_sans_bias74": {"write": {"device_start": 1585659975.0318546, "host_queued_start": 1585660042.414475, "device_queued": 1585659975.0258603, "device_end": 1585659975.0318804, "host_queued_end": 1585660042.468272}, "device": "gpu", "nd_range": {"device_start": 1585659975.0318851, "device_end": 1585659975.0341938}, "cmdq": 4, "read": {"device_start": -1, "device_end": -1}}, "coalesced_transpose102": {"write": {"device_start": -1, "host_queued_start": 1585660042.43958, "device_queued": -1, "device_end": -1, "host_queued_end": 1585660042.468272}, "device": "gpu", "nd_range": {"device_start": 1585659975.0444734, "device_end": 1585659975.0458083}, "cmdq": 0, "read": {"device_start": -1, "device_end": -1}}, "coalesced_transpose3": {"write": {"device_start": -1, "host_queued_start": 1585660042.479462, "device_queued": -1, "device_end": -1, "host_queued_end": 1585660042.48416}, "device": "cpu", "nd_range": {"device_start": 2327816.6938023013, "device_end": 2327816.694054671}, "cmdq": 2, "read": {"device_start": -1, "device_end": -1}}, "FFC_sans_bias127": {"write": {"device_start": 1585659975.0405707, "host_queued_start": 1585660042.433325, "device_queued": 1585659975.0280325, "device_end": 1585659975.0405962, "host_queued_end": 1585660042.468272}, "device": "gpu", "nd_range": {"device_start": 1585659975.0406063, "device_end": 1585659975.0428903}, "cmdq": 2, "read": {"device_start": -1, "device_end": -1}}, "empty89": {"write": {"device_start": 1585659975.0233004, "host_queued_start": 1585660042.387302, "device_queued": 1585659975.0230637, "device_end": 1585659975.023361, "host_queued_end": 1585660042.468272}, "device": "gpu", "nd_range": {"device_start": 1585659975.0233662, "device_end": 1585659975.0233712}, "cmdq": 2, "read": {"device_start": -1, "device_end": -1}}, "FFC_sans_bias123": {"write": {"device_start": -1, "host_queued_start": 1585660042.452771, "device_queued": -1, "device_end": -1, "host_queued_end": 1585660042.468272}, "device": "gpu", "nd_range": {"device_start": 1585659975.0552206, "device_end": 1585659975.057634}, "cmdq": 4, "read": {"device_start": -1, "device_end": -1}}, "empty80": {"write": {"device_start": 1585659975.0231938, "host_queued_start": 1585660042.386454, "device_queued": 1585659975.0230248, "device_end": 1585659975.023249, "host_queued_end": 1585660042.468272}, "device": "gpu", "nd_range": {"device_start": 1585659975.023353, "device_end": 1585659975.0233696}, "cmdq": 1, "read": {"device_start": -1, "device_end": -1}}, "empty116": {"write": {"device_start": 1585659975.0235684, "host_queued_start": 1585660042.389812, "device_queued": 1585659975.0234144, "device_end": 1585659975.0236306, "host_queued_end": 1585660042.468272}, "device": "gpu", "nd_range": {"device_start": 1585659975.023641, "device_end": 1585659975.0236456}, "cmdq": 0, "read": {"device_start": -1, "device_end": -1}}, "softmax104": {"write": {"device_start": -1, "host_queued_start": 1585660042.447911, "device_queued": -1, "device_end": -1, "host_queued_end": 1585660042.468272}, "device": "gpu", "nd_range": {"device_start": 1585659975.0514796, "device_end": 1585659975.051693}, "cmdq": 3, "read": {"device_start": -1, "device_end": -1}}, "coalesced_transpose21": {"write": {"device_start": -1, "host_queued_start": 1585660042.436806, "device_queued": -1, "device_end": -1, "host_queued_end": 1585660042.468272}, "device": "gpu", "nd_range": {"device_start": 1585659975.0423899, "device_end": 1585659975.0442083}, "cmdq": 1, "read": {"device_start": -1, "device_end": -1}}, "softmax14": {"write": {"device_start": -1, "host_queued_start": 1585660042.48117, "device_queued": -1, "device_end": -1, "host_queued_end": 1585660042.48416}, "device": "cpu", "nd_range": {"device_start": 2327816.712833904, "device_end": 2327816.7130465293}, "cmdq": 1, "read": {"device_start": -1, "device_end": -1}}, "FFC_sans_bias69": {"write": {"device_start": -1, "host_queued_start": 1585660042.450862, "device_queued": -1, "device_end": -1, "host_queued_end": 1585660042.468272}, "device": "gpu", "nd_range": {"device_start": 1585659975.052343, "device_end": 1585659975.0542488}, "cmdq": 3, "read": {"device_start": -1, "device_end": -1}}, "FFC_sans_bias92": {"write": {"device_start": 1585659975.0347674, "host_queued_start": 1585660042.420779, "device_queued": 1585659975.026772, "device_end": 1585659975.0347927, "host_queued_end": 1585660042.468272}, "device": "gpu", "nd_range": {"device_start": 1585659975.0348039, "device_end": 1585659975.0370874}, "cmdq": 0, "read": {"device_start": -1, "device_end": -1}}, "FFC_sans_bias60": {"write": {"device_start": -1, "host_queued_start": 1585660042.450518, "device_queued": -1, "device_end": -1, "host_queued_end": 1585660042.468272}, "device": "gpu", "nd_range": {"device_start": 1585659975.0519187, "device_end": 1585659975.0537362}, "cmdq": 2, "read": {"device_start": -1, "device_end": -1}}, "FFC_sans_bias61": {"write": {"device_start": 1585659975.0597897, "host_queued_start": 1585660042.458633, "device_queued": 1585659975.0319674, "device_end": 1585659975.0598197, "host_queued_end": 1585660042.468272}, "device": "gpu", "nd_range": {"device_start": 1585659975.0598474, "device_end": 1585659975.0614626}, "cmdq": 1, "read": {"device_start": 1585659975.0614703, "device_end": 1585659975.0614944}}, "FFC_sans_bias63": {"write": {"device_start": 1585659975.03042, "host_queued_start": 1585660042.411378, "device_queued": 1585659975.0256422, "device_end": 1585659975.0304463, "host_queued_end": 1585660042.468272}, "device": "gpu", "nd_range": {"device_start": 1585659975.03045, "device_end": 1585659975.0327282}, "cmdq": 1, "read": {"device_start": -1, "device_end": -1}}, "FFC_sans_bias64": {"write": {"device_start": 1585659975.0294573, "host_queued_start": 1585660042.409306, "device_queued": 1585659975.0253847, "device_end": 1585659975.029484, "host_queued_end": 1585660042.468272}, "device": "gpu", "nd_range": {"device_start": 1585659975.029488, "device_end": 1585659975.0317643}, "cmdq": 4, "read": {"device_start": -1, "device_end": -1}}, "FFC_sans_bias65": {"write": {"device_start": 1585659975.0299385, "host_queued_start": 1585660042.410348, "device_queued": 1585659975.0256052, "device_end": 1585659975.0299647, "host_queued_end": 1585660042.468272}, "device": "gpu", "nd_range": {"device_start": 1585659975.029973, "device_end": 1585659975.0322773}, "cmdq": 0, "read": {"device_start": -1, "device_end": -1}}, "FFC_sans_bias67": {"write": {"device_start": -1, "host_queued_start": 1585660042.442813, "device_queued": -1, "device_end": -1, "host_queued_end": 1585660042.468272}, "device": "gpu", "nd_range": {"device_start": 1585659975.0479026, "device_end": 1585659975.0503283}, "cmdq": 0, "read": {"device_start": -1, "device_end": -1}}, "coalesced_transpose111": {"write": {"device_start": -1, "host_queued_start": 1585660042.439885, "device_queued": -1, "device_end": -1, "host_queued_end": 1585660042.468272}, "device": "gpu", "nd_range": {"device_start": 1585659975.0442753, "device_end": 1585659975.0443702}, "cmdq": 1, "read": {"device_start": -1, "device_end": -1}}, "FFC_sans_bias136": {"write": {"device_start": 1585659975.0410333, "host_queued_start": 1585660042.434369, "device_queued": 1585659975.0280592, "device_end": 1585659975.041059, "host_queued_end": 1585660042.468272}, "device": "gpu", "nd_range": {"device_start": 1585659975.041071, "device_end": 1585659975.0433633}, "cmdq": 3, "read": {"device_start": -1, "device_end": -1}}, "FFC_sans_bias135": {"write": {"device_start": 1585659975.0419965, "host_queued_start": 1585660042.436478, "device_queued": 1585659975.0284142, "device_end": 1585659975.0420225, "host_queued_end": 1585660042.468272}, "device": "gpu", "nd_range": {"device_start": 1585659975.0420263, "device_end": 1585659975.0443604}, "cmdq": 0, "read": {"device_start": -1, "device_end": -1}}, "FFC_sans_bias133": {"write": {"device_start": 1585659975.0625942, "host_queued_start": 1585660042.467129, "device_queued": 1585659975.0329304, "device_end": 1585659975.0626242, "host_queued_end": 1585660042.468272}, "device": "gpu", "nd_range": {"device_start": 1585659975.0626419, "device_end": 1585659975.0648334}, "cmdq": 4, "read": {"device_start": 1585659975.0648386, "device_end": 1585659975.064861}}, "FFC_sans_bias132": {"write": {"device_start": -1, "host_queued_start": 1585660042.453098, "device_queued": -1, "device_end": -1, "host_queued_end": 1585660042.468272}, "device": "gpu", "nd_range": {"device_start": 1585659975.0571241, "device_end": 1585659975.059558}, "cmdq": 0, "read": {"device_start": -1, "device_end": -1}}, "softmax68": {"write": {"device_start": -1, "host_queued_start": 1585660042.446912, "device_queued": -1, "device_end": -1, "host_queued_end": 1585660042.468272}, "device": "gpu", "nd_range": {"device_start": 1585659975.0513341, "device_end": 1585659975.0515451}, "cmdq": 4, "read": {"device_start": -1, "device_end": -1}}, "softmax131": {"write": {"device_start": -1, "host_queued_start": 1585660042.448658, "device_queued": -1, "device_end": -1, "host_queued_end": 1585660042.468272}, "device": "gpu", "nd_range": {"device_start": 1585659975.0515888, "device_end": 1585659975.0518632}, "cmdq": 1, "read": {"device_start": -1, "device_end": -1}}, "empty125": {"write": {"device_start": 1585659975.0236485, "host_queued_start": 1585660042.390675, "device_queued": 1585659975.0234487, "device_end": 1585659975.0237005, "host_queued_end": 1585660042.468272}, "device": "gpu", "nd_range": {"device_start": 1585659975.023731, "device_end": 1585659975.023737}, "cmdq": 1, "read": {"device_start": -1, "device_end": -1}}, "FFC_sans_bias139": {"write": {"device_start": -1, "host_queued_start": 1585660042.445395, "device_queued": -1, "device_end": -1, "host_queued_end": 1585660042.468272}, "device": "gpu", "nd_range": {"device_start": 1585659975.048416, "device_end": 1585659975.050768}, "cmdq": 3, "read": {"device_start": -1, "device_end": -1}}, "empty35": {"write": {"device_start": 1585659975.0227013, "host_queued_start": 1585660042.382182, "device_queued": 1585659975.0226097, "device_end": 1585659975.0227735, "host_queued_end": 1585660042.468272}, "device": "gpu", "nd_range": {"device_start": 1585659975.0229115, "device_end": 1585659975.0229383}, "cmdq": 1, "read": {"device_start": -1, "device_end": -1}}, "softmax86": {"write": {"device_start": -1, "host_queued_start": 1585660042.447411, "device_queued": -1, "device_end": -1, "host_queued_end": 1585660042.468272}, "device": "gpu", "nd_range": {"device_start": 1585659975.0513577, "device_end": 1585659975.051571}, "cmdq": 1, "read": {"device_start": -1, "device_end": -1}}, "FFC_sans_bias55": {"write": {"device_start": 1585659975.0289829, "host_queued_start": 1585660042.408267, "device_queued": 1585659975.025355, "device_end": 1585659975.02901, "host_queued_end": 1585660042.468272}, "device": "gpu", "nd_range": {"device_start": 1585659975.0290139, "device_end": 1585659975.031309}, "cmdq": 3, "read": {"device_start": -1, "device_end": -1}}, "FFC_sans_bias54": {"write": {"device_start": 1585659975.0285153, "host_queued_start": 1585660042.407246, "device_queued": 1585659975.0252285, "device_end": 1585659975.0285408, "host_queued_end": 1585660042.468272}, "device": "gpu", "nd_range": {"device_start": 1585659975.0285442, "device_end": 1585659975.0307848}, "cmdq": 2, "read": {"device_start": -1, "device_end": -1}}, "FFC_sans_bias56": {"write": {"device_start": 1585659975.0280805, "host_queued_start": 1585660042.406204, "device_queued": 1585659975.02518, "device_end": 1585659975.0281124, "host_queued_end": 1585660042.468272}, "device": "gpu", "nd_range": {"device_start": 1585659975.0281162, "device_end": 1585659975.0303347}, "cmdq": 1, "read": {"device_start": -1, "device_end": -1}}, "FFC_sans_bias51": {"write": {"device_start": -1, "host_queued_start": 1585660042.450201, "device_queued": -1, "device_end": -1, "host_queued_end": 1585660042.468272}, "device": "gpu", "nd_range": {"device_start": 1585659975.0518813, "device_end": 1585659975.0532956}, "cmdq": 1, "read": {"device_start": -1, "device_end": -1}}, "FFC_sans_bias52": {"write": {"device_start": 1585659975.0596604, "host_queued_start": 1585660042.457583, "device_queued": 1585659975.0318966, "device_end": 1585659975.0596917, "host_queued_end": 1585660042.468272}, "device": "gpu", "nd_range": {"device_start": 1585659975.059709, "device_end": 1585659975.0610049}, "cmdq": 0, "read": {"device_start": 1585659975.061011, "device_end": 1585659975.061036}}, "FFC_sans_bias58": {"write": {"device_start": -1, "host_queued_start": 1585660042.442472, "device_queued": -1, "device_end": -1, "host_queued_end": 1585660042.468272}, "device": "gpu", "nd_range": {"device_start": 1585659975.0445046, "device_end": 1585659975.04641}, "cmdq": 4, "read": {"device_start": -1, "device_end": -1}}, "FFC_sans_bias108": {"write": {"device_start": 1585659975.0367, "host_queued_start": 1585660042.425033, "device_queued": 1585659975.0270402, "device_end": 1585659975.0367253, "host_queued_end": 1585660042.468272}, "device": "gpu", "nd_range": {"device_start": 1585659975.0367367, "device_end": 1585659975.0390158}, "cmdq": 4, "read": {"device_start": -1, "device_end": -1}}, "FFC_sans_bias109": {"write": {"device_start": 1585659975.0371852, "host_queued_start": 1585660042.426089, "device_queued": 1585659975.0273561, "device_end": 1585659975.0372107, "host_queued_end": 1585660042.468272}, "device": "gpu", "nd_range": {"device_start": 1585659975.037215, "device_end": 1585659975.039522}, "cmdq": 0, "read": {"device_start": -1, "device_end": -1}}, "coalesced_transpose129": {"write": {"device_start": -1, "host_queued_start": 1585660042.440495, "device_queued": -1, "device_end": -1, "host_queued_end": 1585660042.468272}, "device": "gpu", "nd_range": {"device_start": 1585659975.0443273, "device_end": 1585659975.0444267}, "cmdq": 3, "read": {"device_start": -1, "device_end": -1}}, "FFC_sans_bias103": {"write": {"device_start": -1, "host_queued_start": 1585660042.444099, "device_queued": -1, "device_end": -1, "host_queued_end": 1585660042.468272}, "device": "gpu", "nd_range": {"device_start": 1585659975.046431, "device_end": 1585659975.0488224}, "cmdq": 4, "read": {"device_start": -1, "device_end": -1}}, "FFC_sans_bias100": {"write": {"device_start": 1585659975.035737, "host_queued_start": 1585660042.422937, "device_queued": 1585659975.0269964, "device_end": 1585659975.0357628, "host_queued_end": 1585660042.468272}, "device": "gpu", "nd_range": {"device_start": 1585659975.0357673, "device_end": 1585659975.0380573}, "cmdq": 2, "read": {"device_start": -1, "device_end": -1}}, "FFC_sans_bias101": {"write": {"device_start": 1585659975.0362303, "host_queued_start": 1585660042.42398, "device_queued": 1585659975.0270176, "device_end": 1585659975.036257, "host_queued_end": 1585660042.468272}, "device": "gpu", "nd_range": {"device_start": 1585659975.0362685, "device_end": 1585659975.0385375}, "cmdq": 3, "read": {"device_start": -1, "device_end": -1}}, "FFC_sans_bias106": {"write": {"device_start": 1585659975.0616543, "host_queued_start": 1585660042.46398, "device_queued": 1585659975.0325606, "device_end": 1585659975.061699, "host_queued_end": 1585660042.468272}, "device": "gpu", "nd_range": {"device_start": 1585659975.0617223, "device_end": 1585659975.0633953}, "cmdq": 1, "read": {"device_start": 1585659975.0633998, "device_end": 1585659975.063423}}, "softmax122": {"write": {"device_start": -1, "host_queued_start": 1585660042.448411, "device_queued": -1, "device_end": -1, "host_queued_end": 1585660042.468272}, "device": "gpu", "nd_range": {"device_start": 1585659975.0517457, "device_end": 1585659975.0524855}, "cmdq": 0, "read": {"device_start": -1, "device_end": -1}}, "FFC_sans_bias105": {"write": {"device_start": -1, "host_queued_start": 1585660042.452142, "device_queued": -1, "device_end": -1, "host_queued_end": 1585660042.468272}, "device": "gpu", "nd_range": {"device_start": 1585659975.0537546, "device_end": 1585659975.0561678}, "cmdq": 2, "read": {"device_start": -1, "device_end": -1}}, "softmax95": {"write": {"device_start": -1, "host_queued_start": 1585660042.447659, "device_queued": -1, "device_end": -1, "host_queued_end": 1585660042.468272}, "device": "gpu", "nd_range": {"device_start": 1585659975.05138, "device_end": 1585659975.0515926}, "cmdq": 2, "read": {"device_start": -1, "device_end": -1}}, "coalesced_transpose57": {"write": {"device_start": -1, "host_queued_start": 1585660042.438033, "device_queued": -1, "device_end": -1, "host_queued_end": 1585660042.468272}, "device": "gpu", "nd_range": {"device_start": 1585659975.0443645, "device_end": 1585659975.0444582}, "cmdq": 0, "read": {"device_start": -1, "device_end": -1}}, "empty26": {"write": {"device_start": 1585659975.0225837, "host_queued_start": 1585660042.381133, "device_queued": 1585659975.0224566, "device_end": 1585659975.02261, "host_queued_end": 1585660042.468272}, "device": "gpu", "nd_range": {"device_start": 1585659975.0226321, "device_end": 1585659975.0226557}, "cmdq": 0, "read": {"device_start": -1, "device_end": -1}}, "softmax113": {"write": {"device_start": -1, "host_queued_start": 1585660042.44816, "device_queued": -1, "device_end": -1, "host_queued_end": 1585660042.468272}, "device": "gpu", "nd_range": {"device_start": 1585659975.051564, "device_end": 1585659975.0518231}, "cmdq": 4, "read": {"device_start": -1, "device_end": -1}}, "FFC_sans_bias11": {"write": {"device_start": -1, "host_queued_start": 1585660042.479091, "device_queued": -1, "device_end": -1, "host_queued_end": 1585660042.48416}, "device": "cpu", "nd_range": {"device_start": 2327816.6866483823, "device_end": 2327816.701242159}, "cmdq": 1, "read": {"device_start": -1, "device_end": -1}}, "FFC_sans_bias42": {"write": {"device_start": -1, "host_queued_start": 1585660042.449883, "device_queued": -1, "device_end": -1, "host_queued_end": 1585660042.468272}, "device": "gpu", "nd_range": {"device_start": 1585659975.0525033, "device_end": 1585659975.0547051}, "cmdq": 0, "read": {"device_start": -1, "device_end": -1}}, "FFC_sans_bias43": {"write": {"device_start": 1585659975.0577164, "host_queued_start": 1585660042.456546, "device_queued": 1585659975.0315747, "device_end": 1585659975.0577414, "host_queued_end": 1585660042.468272}, "device": "gpu", "nd_range": {"device_start": 1585659975.0577617, "device_end": 1585659975.0600228}, "cmdq": 4, "read": {"device_start": 1585659975.0600293, "device_end": 1585659975.060054}}, "FFC_sans_bias40": {"write": {"device_start": -1, "host_queued_start": 1585660042.44182, "device_queued": -1, "device_end": -1, "host_queued_end": 1585660042.468272}, "device": "gpu", "nd_range": {"device_start": 1585659975.0444217, "device_end": 1585659975.045409}, "cmdq": 2, "read": {"device_start": -1, "device_end": -1}}, "FFC_sans_bias46": {"write": {"device_start": 1585659975.0270452, "host_queued_start": 1585660042.403959, "device_queued": 1585659975.0248177, "device_end": 1585659975.0270708, "host_queued_end": 1585660042.468272}, "device": "gpu", "nd_range": {"device_start": 1585659975.0270767, "device_end": 1585659975.0293682}, "cmdq": 4, "read": {"device_start": -1, "device_end": -1}}, "FFC_sans_bias47": {"write": {"device_start": 1585659975.0275571, "host_queued_start": 1585660042.405163, "device_queued": 1585659975.0251465, "device_end": 1585659975.0275831, "host_queued_end": 1585660042.468272}, "device": "gpu", "nd_range": {"device_start": 1585659975.0275857, "device_end": 1585659975.0298476}, "cmdq": 0, "read": {"device_start": -1, "device_end": -1}}, "FFC_sans_bias45": {"write": {"device_start": 1585659975.0266013, "host_queued_start": 1585660042.402907, "device_queued": 1585659975.024803, "device_end": 1585659975.0266325, "host_queued_end": 1585660042.468272}, "device": "gpu", "nd_range": {"device_start": 1585659975.0266368, "device_end": 1585659975.028866}, "cmdq": 3, "read": {"device_start": -1, "device_end": -1}}, "FFC_sans_bias49": {"write": {"device_start": -1, "host_queued_start": 1585660042.44214, "device_queued": -1, "device_end": -1, "host_queued_end": 1585660042.468272}, "device": "gpu", "nd_range": {"device_start": 1585659975.044449, "device_end": 1585659975.0459754}, "cmdq": 3, "read": {"device_start": -1, "device_end": -1}}, "softmax77": {"write": {"device_start": -1, "host_queued_start": 1585660042.447161, "device_queued": -1, "device_end": -1, "host_queued_end": 1585660042.468272}, "device": "gpu", "nd_range": {"device_start": 1585659975.0515056, "device_end": 1585659975.0517263}, "cmdq": 0, "read": {"device_start": -1, "device_end": -1}}, "empty134": {"write": {"device_start": 1585659975.0237455, "host_queued_start": 1585660042.391496, "device_queued": 1585659975.023645, "device_end": 1585659975.023824, "host_queued_end": 1585660042.468272}, "device": "gpu", "nd_range": {"device_start": 1585659975.0238318, "device_end": 1585659975.023838}, "cmdq": 2, "read": {"device_start": -1, "device_end": -1}}, "coalesced_transpose138": {"write": {"device_start": -1, "host_queued_start": 1585660042.440798, "device_queued": -1, "device_end": -1, "host_queued_end": 1585660042.468272}, "device": "gpu", "nd_range": {"device_start": 1585659975.044355, "device_end": 1585659975.0444543}, "cmdq": 4, "read": {"device_start": -1, "device_end": -1}}, "FFC_sans_bias119": {"write": {"device_start": 1585659975.0391054, "host_queued_start": 1585660042.430234, "device_queued": 1585659975.0276406, "device_end": 1585659975.0391304, "host_queued_end": 1585660042.468272}, "device": "gpu", "nd_range": {"device_start": 1585659975.0391414, "device_end": 1585659975.0414362}, "cmdq": 4, "read": {"device_start": -1, "device_end": -1}}, "FFC_sans_bias118": {"write": {"device_start": 1585659975.0386345, "host_queued_start": 1585660042.4292, "device_queued": 1585659975.0276053, "device_end": 1585659975.0386627, "host_queued_end": 1585660042.468272}, "device": "gpu", "nd_range": {"device_start": 1585659975.0386739, "device_end": 1585659975.0409486}, "cmdq": 3, "read": {"device_start": -1, "device_end": -1}}, "empty143": {"write": {"device_start": 1585659975.0238357, "host_queued_start": 1585660042.392318, "device_queued": 1585659975.023677, "device_end": 1585659975.023898, "host_queued_end": 1585660042.468272}, "device": "gpu", "nd_range": {"device_start": 1585659975.0239081, "device_end": 1585659975.0239131}, "cmdq": 3, "read": {"device_start": -1, "device_end": -1}}, "FFC_sans_bias115": {"write": {"device_start": 1585659975.0617793, "host_queued_start": 1585660042.465032, "device_queued": 1585659975.032743, "device_end": 1585659975.0618043, "host_queued_end": 1585660042.468272}, "device": "gpu", "nd_range": {"device_start": 1585659975.0618234, "device_end": 1585659975.0638618}, "cmdq": 2, "read": {"device_start": 1585659975.0638676, "device_end": 1585659975.0638905}}, "FFC_sans_bias114": {"write": {"device_start": -1, "host_queued_start": 1585660042.452455, "device_queued": -1, "device_end": -1, "host_queued_end": 1585660042.468272}, "device": "gpu", "nd_range": {"device_start": 1585659975.0542667, "device_end": 1585659975.0566638}, "cmdq": 3, "read": {"device_start": -1, "device_end": -1}}, "FFC_sans_bias117": {"write": {"device_start": 1585659975.038183, "host_queued_start": 1585660042.428171, "device_queued": 1585659975.027419, "device_end": 1585659975.0382152, "host_queued_end": 1585660042.468272}, "device": "gpu", "nd_range": {"device_start": 1585659975.0382302, "device_end": 1585659975.0404751}, "cmdq": 2, "read": {"device_start": -1, "device_end": -1}}, "softmax5": {"write": {"device_start": -1, "host_queued_start": 1585660042.480823, "device_queued": -1, "device_end": -1, "host_queued_end": 1585660042.48416}, "device": "cpu", "nd_range": {"device_start": 2327816.7098997682, "device_end": 2327816.7101218193}, "cmdq": 0, "read": {"device_start": -1, "device_end": -1}}, "FFC_sans_bias110": {"write": {"device_start": 1585659975.037656, "host_queued_start": 1585660042.427141, "device_queued": 1585659975.027385, "device_end": 1585659975.0376813, "host_queued_end": 1585660042.468272}, "device": "gpu", "nd_range": {"device_start": 1585659975.0376909, "device_end": 1585659975.039996}, "cmdq": 1, "read": {"device_start": -1, "device_end": -1}}, "FFC_sans_bias112": {"write": {"device_start": -1, "host_queued_start": 1585660042.444416, "device_queued": -1, "device_end": -1, "host_queued_end": 1585660042.468272}, "device": "gpu", "nd_range": {"device_start": 1585659975.0503492, "device_end": 1585659975.0512404}, "cmdq": 0, "read": {"device_start": -1, "device_end": -1}}, "empty53": {"write": {"device_start": 1585659975.022906, "host_queued_start": 1585660042.383955, "device_queued": 1585659975.022685, "device_end": 1585659975.0229716, "host_queued_end": 1585660042.468272}, "device": "gpu", "nd_range": {"device_start": 1585659975.0229762, "device_end": 1585659975.0229838}, "cmdq": 3, "read": {"device_start": -1, "device_end": -1}}, "coalesced_transpose48": {"write": {"device_start": -1, "host_queued_start": 1585660042.437722, "device_queued": -1, "device_end": -1, "host_queued_end": 1585660042.468272}, "device": "gpu", "nd_range": {"device_start": 1585659975.043872, "device_end": 1585659975.0442502}, "cmdq": 4, "read": {"device_start": -1, "device_end": -1}}}