{"FFC_sans_bias4": {"write": {"device_start": -1, "host_queued_start": 1585660062.931226, "device_queued": -1, "device_end": -1, "host_queued_end": 1585660062.948916}, "device": "cpu", "nd_range": {"device_start": 2327837.2477648132, "device_end": 2327837.2564646984}, "cmdq": 0, "read": {"device_start": -1, "device_end": -1}}, "FFC_sans_bias7": {"write": {"device_start": -1, "host_queued_start": 1585660062.940814, "device_queued": -1, "device_end": -1, "host_queued_end": 1585660062.948916}, "device": "cpu", "nd_range": {"device_start": 2327837.304816611, "device_end": 2327837.313879848}, "cmdq": 0, "read": {"device_start": -1, "device_end": -1}}, "FFC_sans_bias6": {"write": {"device_start": -1, "host_queued_start": 1585660062.93695, "device_queued": -1, "device_end": -1, "host_queued_end": 1585660062.948916}, "device": "cpu", "nd_range": {"device_start": 2327837.272797855, "device_end": 2327837.280813417}, "cmdq": 0, "read": {"device_start": -1, "device_end": -1}}, "FFC_sans_bias1": {"write": {"device_start": -1, "host_queued_start": 1585660062.900476, "device_queued": -1, "device_end": -1, "host_queued_end": 1585660062.948916}, "device": "cpu", "nd_range": {"device_start": 2327837.1386495363, "device_end": 2327837.161049237}, "cmdq": 1, "read": {"device_start": -1, "device_end": -1}}, "FFC_sans_bias0": {"write": {"device_start": -1, "host_queued_start": 1585660062.899397, "device_queued": -1, "device_end": -1, "host_queued_end": 1585660062.948916}, "device": "cpu", "nd_range": {"device_start": 2327837.1385851554, "device_end": 2327837.1472968273}, "cmdq": 0, "read": {"device_start": -1, "device_end": -1}}, "FFC_sans_bias2": {"write": {"device_start": -1, "host_queued_start": 1585660062.901562, "device_queued": -1, "device_end": -1, "host_queued_end": 1585660062.948916}, "device": "cpu", "nd_range": {"device_start": 2327837.1386192013, "device_end": 2327837.151558224}, "cmdq": 2, "read": {"device_start": -1, "device_end": -1}}, "coalesced_transpose120": {"write": {"device_start": -1, "host_queued_start": 1585660062.874192, "device_queued": -1, "device_end": -1, "host_queued_end": 1585660062.88843}, "device": "gpu", "nd_range": {"device_start": 1585659995.4533386, "device_end": 1585659995.4542289}, "cmdq": 2, "read": {"device_start": -1, "device_end": -1}}, "FFC_sans_bias9": {"write": {"device_start": -1, "host_queued_start": 1585660062.902643, "device_queued": -1, "device_end": -1, "host_queued_end": 1585660062.948916}, "device": "cpu", "nd_range": {"device_start": 2327837.14743442, "device_end": 2327837.161852981}, "cmdq": 0, "read": {"device_start": -1, "device_end": -1}}, "empty71": {"write": {"device_start": -1, "host_queued_start": 1585660062.897519, "device_queued": -1, "device_end": -1, "host_queued_end": 1585660062.948916}, "device": "cpu", "nd_range": {"device_start": 2327837.1386253093, "device_end": 2327837.138626145}, "cmdq": 1, "read": {"device_start": -1, "device_end": -1}}, "softmax41": {"write": {"device_start": -1, "host_queued_start": 1585660062.935471, "device_queued": -1, "device_end": -1, "host_queued_end": 1585660062.948916}, "device": "cpu", "nd_range": {"device_start": 2327837.3256744463, "device_end": 2327837.325885423}, "cmdq": 1, "read": {"device_start": -1, "device_end": -1}}, "FFC_sans_bias37": {"write": {"device_start": -1, "host_queued_start": 1585660062.914184, "device_queued": -1, "device_end": -1, "host_queued_end": 1585660062.948916}, "device": "cpu", "nd_range": {"device_start": 2327837.229888882, "device_end": 2327837.242272905}, "cmdq": 1, "read": {"device_start": -1, "device_end": -1}}, "FFC_sans_bias36": {"write": {"device_start": -1, "host_queued_start": 1585660062.913139, "device_queued": -1, "device_end": -1, "host_queued_end": 1585660062.948916}, "device": "cpu", "nd_range": {"device_start": 2327837.185356343, "device_end": 2327837.194032522}, "cmdq": 0, "read": {"device_start": -1, "device_end": -1}}, "FFC_sans_bias34": {"write": {"device_start": -1, "host_queued_start": 1585660062.943795, "device_queued": -1, "device_end": -1, "host_queued_end": 1585660062.948916}, "device": "cpu", "nd_range": {"device_start": 2327837.313884546, "device_end": 2327837.3265245543}, "cmdq": 0, "read": {"device_start": -1, "device_end": -1}}, "FFC_sans_bias33": {"write": {"device_start": -1, "host_queued_start": 1585660062.937983, "device_queued": -1, "device_end": -1, "host_queued_end": 1585660062.948916}, "device": "cpu", "nd_range": {"device_start": 2327837.2809306183, "device_end": 2327837.292129915}, "cmdq": 0, "read": {"device_start": -1, "device_end": -1}}, "FFC_sans_bias31": {"write": {"device_start": -1, "host_queued_start": 1585660062.93226, "device_queued": -1, "device_end": -1, "host_queued_end": 1585660062.948916}, "device": "cpu", "nd_range": {"device_start": 2327837.25657986, "device_end": 2327837.263229783}, "cmdq": 0, "read": {"device_start": -1, "device_end": -1}}, "FFC_sans_bias38": {"write": {"device_start": -1, "host_queued_start": 1585660062.915248, "device_queued": -1, "device_end": -1, "host_queued_end": 1585660062.948916}, "device": "cpu", "nd_range": {"device_start": 2327837.187558243, "device_end": 2327837.2019551}, "cmdq": 2, "read": {"device_start": -1, "device_end": -1}}, "coalesced_transpose75": {"write": {"device_start": -1, "host_queued_start": 1585660062.930879, "device_queued": -1, "device_end": -1, "host_queued_end": 1585660062.948916}, "device": "cpu", "nd_range": {"device_start": 2327837.284185132, "device_end": 2327837.2857473344}, "cmdq": 2, "read": {"device_start": -1, "device_end": -1}}, "softmax140": {"write": {"device_start": -1, "host_queued_start": 1585660062.878757, "device_queued": -1, "device_end": -1, "host_queued_end": 1585660062.88843}, "device": "gpu", "nd_range": {"device_start": 1585659995.457457, "device_end": 1585659995.4592044}, "cmdq": 3, "read": {"device_start": -1, "device_end": -1}}, "empty44": {"write": {"device_start": -1, "host_queued_start": 1585660062.894716, "device_queued": -1, "device_end": -1, "host_queued_end": 1585660062.948916}, "device": "cpu", "nd_range": {"device_start": 2327837.1386068733, "device_end": 2327837.138608248}, "cmdq": 1, "read": {"device_start": -1, "device_end": -1}}, "FFC_sans_bias137": {"write": {"device_start": 1585659995.4505684, "host_queued_start": 1585660062.871607, "device_queued": 1585659995.4450526, "device_end": 1585659995.4505937, "host_queued_end": 1585660062.88843}, "device": "gpu", "nd_range": {"device_start": 1585659995.4505975, "device_end": 1585659995.4528759}, "cmdq": 1, "read": {"device_start": -1, "device_end": -1}}, "empty8": {"write": {"device_start": -1, "host_queued_start": 1585660062.890172, "device_queued": -1, "device_end": -1, "host_queued_end": 1585660062.948916}, "device": "cpu", "nd_range": {"device_start": 2327837.138535397, "device_end": 2327837.1385471993}, "cmdq": 0, "read": {"device_start": -1, "device_end": -1}}, "softmax50": {"write": {"device_start": -1, "host_queued_start": 1585660062.935749, "device_queued": -1, "device_end": -1, "host_queued_end": 1585660062.948916}, "device": "cpu", "nd_range": {"device_start": 2327837.328762052, "device_end": 2327837.32897868}, "cmdq": 2, "read": {"device_start": -1, "device_end": -1}}, "softmax59": {"write": {"device_start": -1, "host_queued_start": 1585660062.936027, "device_queued": -1, "device_end": -1, "host_queued_end": 1585660062.948916}, "device": "cpu", "nd_range": {"device_start": 2327837.272484301, "device_end": 2327837.272690738}, "cmdq": 0, "read": {"device_start": -1, "device_end": -1}}, "FFC_sans_bias142": {"write": {"device_start": 1585659995.4630303, "host_queued_start": 1585660062.888329, "device_queued": 1585659995.447401, "device_end": 1585659995.4630616, "host_queued_end": 1585660062.88843}, "device": "gpu", "nd_range": {"device_start": 1585659995.4630716, "device_end": 1585659995.4642818}, "cmdq": 2, "read": {"device_start": 1585659995.4642913, "device_end": 1585659995.464314}}, "FFC_sans_bias141": {"write": {"device_start": -1, "host_queued_start": 1585660062.880956, "device_queued": -1, "device_end": -1, "host_queued_end": 1585660062.88843}, "device": "gpu", "nd_range": {"device_start": 1585659995.4592335, "device_end": 1585659995.4609547}, "cmdq": 0, "read": {"device_start": -1, "device_end": -1}}, "FFC_sans_bias24": {"write": {"device_start": -1, "host_queued_start": 1585660062.937639, "device_queued": -1, "device_end": -1, "host_queued_end": 1585660062.948916}, "device": "cpu", "nd_range": {"device_start": 2327837.3298496134, "device_end": 2327837.343445457}, "cmdq": 2, "read": {"device_start": -1, "device_end": -1}}, "FFC_sans_bias25": {"write": {"device_start": -1, "host_queued_start": 1585660062.942805, "device_queued": -1, "device_end": -1, "host_queued_end": 1585660062.948916}, "device": "cpu", "nd_range": {"device_start": 2327837.362671349, "device_end": 2327837.370777038}, "cmdq": 2, "read": {"device_start": -1, "device_end": -1}}, "FFC_sans_bias27": {"write": {"device_start": -1, "host_queued_start": 1585660062.909727, "device_queued": -1, "device_end": -1, "host_queued_end": 1585660062.948916}, "device": "cpu", "nd_range": {"device_start": 2327837.173775804, "device_end": 2327837.185236516}, "cmdq": 0, "read": {"device_start": -1, "device_end": -1}}, "FFC_sans_bias20": {"write": {"device_start": -1, "host_queued_start": 1585660062.90856, "device_queued": -1, "device_end": -1, "host_queued_end": 1585660062.948916}, "device": "cpu", "nd_range": {"device_start": 2327837.160874584, "device_end": 2327837.175226287}, "cmdq": 2, "read": {"device_start": -1, "device_end": -1}}, "FFC_sans_bias22": {"write": {"device_start": -1, "host_queued_start": 1585660062.931915, "device_queued": -1, "device_end": -1, "host_queued_end": 1585660062.948916}, "device": "cpu", "nd_range": {"device_start": 2327837.285909641, "device_end": 2327837.2913857563}, "cmdq": 2, "read": {"device_start": -1, "device_end": -1}}, "FFC_sans_bias130": {"write": {"device_start": -1, "host_queued_start": 1585660062.876703, "device_queued": -1, "device_end": -1, "host_queued_end": 1585660062.88843}, "device": "gpu", "nd_range": {"device_start": 1585659995.4539402, "device_end": 1585659995.4553218}, "cmdq": 0, "read": {"device_start": -1, "device_end": -1}}, "FFC_sans_bias28": {"write": {"device_start": -1, "host_queued_start": 1585660062.910985, "device_queued": -1, "device_end": -1, "host_queued_end": 1585660062.948916}, "device": "cpu", "nd_range": {"device_start": 2327837.216842271, "device_end": 2327837.2289697253}, "cmdq": 1, "read": {"device_start": -1, "device_end": -1}}, "FFC_sans_bias29": {"write": {"device_start": -1, "host_queued_start": 1585660062.91209, "device_queued": -1, "device_end": -1, "host_queued_end": 1585660062.948916}, "device": "cpu", "nd_range": {"device_start": 2327837.17523996, "device_end": 2327837.1874335413}, "cmdq": 2, "read": {"device_start": -1, "device_end": -1}}, "coalesced_transpose66": {"write": {"device_start": -1, "host_queued_start": 1585660062.930546, "device_queued": -1, "device_end": -1, "host_queued_end": 1585660062.948916}, "device": "cpu", "nd_range": {"device_start": 2327837.2846475043, "device_end": 2327837.286748947}, "cmdq": 1, "read": {"device_start": -1, "device_end": -1}}, "coalesced_transpose93": {"write": {"device_start": -1, "host_queued_start": 1585660062.87329, "device_queued": -1, "device_end": -1, "host_queued_end": 1585660062.88843}, "device": "gpu", "nd_range": {"device_start": 1585659995.4519181, "device_end": 1585659995.4532814}, "cmdq": 4, "read": {"device_start": -1, "device_end": -1}}, "softmax23": {"write": {"device_start": -1, "host_queued_start": 1585660062.934914, "device_queued": -1, "device_end": -1, "host_queued_end": 1585660062.948916}, "device": "cpu", "nd_range": {"device_start": 2327837.328201378, "device_end": 2327837.32841881}, "cmdq": 2, "read": {"device_start": -1, "device_end": -1}}, "empty62": {"write": {"device_start": -1, "host_queued_start": 1585660062.896586, "device_queued": -1, "device_end": -1, "host_queued_end": 1585660062.948916}, "device": "cpu", "nd_range": {"device_start": 2327837.138579003, "device_end": 2327837.1385798403}, "cmdq": 0, "read": {"device_start": -1, "device_end": -1}}, "FFC_sans_bias10": {"write": {"device_start": -1, "host_queued_start": 1585660062.903694, "device_queued": -1, "device_end": -1, "host_queued_end": 1585660062.948916}, "device": "cpu", "nd_range": {"device_start": 2327837.1612724373, "device_end": 2327837.175160277}, "cmdq": 1, "read": {"device_start": -1, "device_end": -1}}, "FFC_sans_bias13": {"write": {"device_start": -1, "host_queued_start": 1585660062.931569, "device_queued": -1, "device_end": -1, "host_queued_end": 1585660062.948916}, "device": "cpu", "nd_range": {"device_start": 2327837.286884235, "device_end": 2327837.2969232323}, "cmdq": 1, "read": {"device_start": -1, "device_end": -1}}, "FFC_sans_bias15": {"write": {"device_start": -1, "host_queued_start": 1585660062.937297, "device_queued": -1, "device_end": -1, "host_queued_end": 1585660062.948916}, "device": "cpu", "nd_range": {"device_start": 2327837.32631042, "device_end": 2327837.334913493}, "cmdq": 1, "read": {"device_start": -1, "device_end": -1}}, "FFC_sans_bias16": {"write": {"device_start": -1, "host_queued_start": 1585660062.94181, "device_queued": -1, "device_end": -1, "host_queued_end": 1585660062.948916}, "device": "cpu", "nd_range": {"device_start": 2327837.355323819, "device_end": 2327837.369613356}, "cmdq": 1, "read": {"device_start": -1, "device_end": -1}}, "FFC_sans_bias19": {"write": {"device_start": -1, "host_queued_start": 1585660062.907193, "device_queued": -1, "device_end": -1, "host_queued_end": 1585660062.948916}, "device": "cpu", "nd_range": {"device_start": 2327837.17579125, "device_end": 2327837.18387075}, "cmdq": 1, "read": {"device_start": -1, "device_end": -1}}, "FFC_sans_bias18": {"write": {"device_start": -1, "host_queued_start": 1585660062.905915, "device_queued": -1, "device_end": -1, "host_queued_end": 1585660062.948916}, "device": "cpu", "nd_range": {"device_start": 2327837.16197369, "device_end": 2327837.173654335}, "cmdq": 0, "read": {"device_start": -1, "device_end": -1}}, "FFC_sans_bias99": {"write": {"device_start": 1585659995.4442441, "host_queued_start": 1585660062.857796, "device_queued": 1585659995.443571, "device_end": 1585659995.4442744, "host_queued_end": 1585660062.88843}, "device": "gpu", "nd_range": {"device_start": 1585659995.444282, "device_end": 1585659995.4466164}, "cmdq": 3, "read": {"device_start": -1, "device_end": -1}}, "FFC_sans_bias91": {"write": {"device_start": 1585659995.4434845, "host_queued_start": 1585660062.855706, "device_queued": 1585659995.4433572, "device_end": 1585659995.4435148, "host_queued_end": 1585660062.88843}, "device": "gpu", "nd_range": {"device_start": 1585659995.443644, "device_end": 1585659995.44566}, "cmdq": 1, "read": {"device_start": -1, "device_end": -1}}, "FFC_sans_bias90": {"write": {"device_start": 1585659995.4433973, "host_queued_start": 1585660062.85467, "device_queued": 1585659995.443302, "device_end": 1585659995.4434528, "host_queued_end": 1585660062.88843}, "device": "gpu", "nd_range": {"device_start": 1585659995.4434571, "device_end": 1585659995.4451237}, "cmdq": 0, "read": {"device_start": -1, "device_end": -1}}, "coalesced_transpose12": {"write": {"device_start": -1, "host_queued_start": 1585660062.928547, "device_queued": -1, "device_end": -1, "host_queued_end": 1585660062.948916}, "device": "cpu", "nd_range": {"device_start": 2327837.283916953, "device_end": 2327837.284178688}, "cmdq": 1, "read": {"device_start": -1, "device_end": -1}}, "FFC_sans_bias94": {"write": {"device_start": -1, "host_queued_start": 1585660062.875437, "device_queued": -1, "device_end": -1, "host_queued_end": 1585660062.88843}, "device": "gpu", "nd_range": {"device_start": 1585659995.4533274, "device_end": 1585659995.454327}, "cmdq": 1, "read": {"device_start": -1, "device_end": -1}}, "FFC_sans_bias97": {"write": {"device_start": 1585659995.4606888, "host_queued_start": 1585660062.883037, "device_queued": 1585659995.4468753, "device_end": 1585659995.4607184, "host_queued_end": 1585660062.88843}, "device": "gpu", "nd_range": {"device_start": 1585659995.4607325, "device_end": 1585659995.4628167}, "cmdq": 2, "read": {"device_start": 1585659995.4628203, "device_end": 1585659995.462844}}, "FFC_sans_bias96": {"write": {"device_start": -1, "host_queued_start": 1585660062.879377, "device_queued": -1, "device_end": -1, "host_queued_end": 1585660062.88843}, "device": "gpu", "nd_range": {"device_start": 1585659995.457435, "device_end": 1585659995.4584336}, "cmdq": 0, "read": {"device_start": -1, "device_end": -1}}, "FFC_sans_bias124": {"write": {"device_start": 1585659995.461065, "host_queued_start": 1585660062.886174, "device_queued": 1585659995.4470956, "device_end": 1585659995.4610963, "host_queued_end": 1585660062.88843}, "device": "gpu", "nd_range": {"device_start": 1585659995.4611042, "device_end": 1585659995.463357}, "cmdq": 0, "read": {"device_start": 1585659995.4633613, "device_end": 1585659995.4633856}}, "FFC_sans_bias126": {"write": {"device_start": 1585659995.4491298, "host_queued_start": 1585660062.868295, "device_queued": 1585659995.4446516, "device_end": 1585659995.449155, "host_queued_end": 1585660062.88843}, "device": "gpu", "nd_range": {"device_start": 1585659995.449164, "device_end": 1585659995.4514532}, "cmdq": 3, "read": {"device_start": -1, "device_end": -1}}, "softmax32": {"write": {"device_start": -1, "host_queued_start": 1585660062.935193, "device_queued": -1, "device_end": -1, "host_queued_end": 1585660062.948916}, "device": "cpu", "nd_range": {"device_start": 2327837.27216877, "device_end": 2327837.272376208}, "cmdq": 0, "read": {"device_start": -1, "device_end": -1}}, "coalesced_transpose84": {"write": {"device_start": -1, "host_queued_start": 1585660062.872977, "device_queued": -1, "device_end": -1, "host_queued_end": 1585660062.88843}, "device": "gpu", "nd_range": {"device_start": 1585659995.4514546, "device_end": 1585659995.4532676}, "cmdq": 3, "read": {"device_start": -1, "device_end": -1}}, "FFC_sans_bias121": {"write": {"device_start": -1, "host_queued_start": 1585660062.876387, "device_queued": -1, "device_end": -1, "host_queued_end": 1585660062.88843}, "device": "gpu", "nd_range": {"device_start": 1585659995.4542553, "device_end": 1585659995.4563138}, "cmdq": 4, "read": {"device_start": -1, "device_end": -1}}, "empty98": {"write": {"device_start": 1585659995.442369, "host_queued_start": 1585660062.846154, "device_queued": 1585659995.4422553, "device_end": 1585659995.442429, "host_queued_end": 1585660062.88843}, "device": "gpu", "nd_range": {"device_start": 1585659995.4426308, "device_end": 1585659995.4426415}, "cmdq": 1, "read": {"device_start": -1, "device_end": -1}}, "empty107": {"write": {"device_start": 1585659995.442457, "host_queued_start": 1585660062.847038, "device_queued": 1585659995.4422894, "device_end": 1585659995.4425066, "host_queued_end": 1585660062.88843}, "device": "gpu", "nd_range": {"device_start": 1585659995.442654, "device_end": 1585659995.4426582}, "cmdq": 2, "read": {"device_start": -1, "device_end": -1}}, "empty17": {"write": {"device_start": -1, "host_queued_start": 1585660062.89146, "device_queued": -1, "device_end": -1, "host_queued_end": 1585660062.948916}, "device": "cpu", "nd_range": {"device_start": 2327837.138543576, "device_end": 2327837.138552097}, "cmdq": 1, "read": {"device_start": -1, "device_end": -1}}, "FFC_sans_bias87": {"write": {"device_start": -1, "host_queued_start": 1585660062.879066, "device_queued": -1, "device_end": -1, "host_queued_end": 1585660062.88843}, "device": "gpu", "nd_range": {"device_start": 1585659995.4574242, "device_end": 1585659995.4580402}, "cmdq": 4, "read": {"device_start": -1, "device_end": -1}}, "FFC_sans_bias85": {"write": {"device_start": -1, "host_queued_start": 1585660062.875121, "device_queued": -1, "device_end": -1, "host_queued_end": 1585660062.88843}, "device": "gpu", "nd_range": {"device_start": 1585659995.4533114, "device_end": 1585659995.4539282}, "cmdq": 0, "read": {"device_start": -1, "device_end": -1}}, "FFC_sans_bias82": {"write": {"device_start": 1585659995.443093, "host_queued_start": 1585660062.852507, "device_queued": 1585659995.442999, "device_end": 1585659995.4431581, "host_queued_end": 1585660062.88843}, "device": "gpu", "nd_range": {"device_start": 1585659995.4431612, "device_end": 1585659995.4441426}, "cmdq": 3, "read": {"device_start": -1, "device_end": -1}}, "FFC_sans_bias83": {"write": {"device_start": 1585659995.4431796, "host_queued_start": 1585660062.853598, "device_queued": 1585659995.443034, "device_end": 1585659995.4432101, "host_queued_end": 1585660062.88843}, "device": "gpu", "nd_range": {"device_start": 1585659995.4432926, "device_end": 1585659995.444714}, "cmdq": 4, "read": {"device_start": -1, "device_end": -1}}, "FFC_sans_bias81": {"write": {"device_start": 1585659995.4430013, "host_queued_start": 1585660062.85145, "device_queued": 1585659995.4427743, "device_end": 1585659995.443047, "host_queued_end": 1585660062.88843}, "device": "gpu", "nd_range": {"device_start": 1585659995.4431121, "device_end": 1585659995.4437287}, "cmdq": 2, "read": {"device_start": -1, "device_end": -1}}, "FFC_sans_bias88": {"write": {"device_start": 1585659995.460266, "host_queued_start": 1585660062.881973, "device_queued": 1585659995.446706, "device_end": 1585659995.4602919, "host_queued_end": 1585660062.88843}, "device": "gpu", "nd_range": {"device_start": 1585659995.4603083, "device_end": 1585659995.4613945}, "cmdq": 1, "read": {"device_start": 1585659995.4619942, "device_end": 1585659995.462019}}, "coalesced_transpose30": {"write": {"device_start": -1, "host_queued_start": 1585660062.929216, "device_queued": -1, "device_end": -1, "host_queued_end": 1585660062.948916}, "device": "cpu", "nd_range": {"device_start": 2327837.247115898, "device_end": 2327837.247370187}, "cmdq": 0, "read": {"device_start": -1, "device_end": -1}}, "FFC_sans_bias128": {"write": {"device_start": 1585659995.4486136, "host_queued_start": 1585660062.867224, "device_queued": 1585659995.4446187, "device_end": 1585659995.4486403, "host_queued_end": 1585660062.88843}, "device": "gpu", "nd_range": {"device_start": 1585659995.4486473, "device_end": 1585659995.4509447}, "cmdq": 2, "read": {"device_start": -1, "device_end": -1}}, "coalesced_transpose39": {"write": {"device_start": -1, "host_queued_start": 1585660062.929548, "device_queued": -1, "device_end": -1, "host_queued_end": 1585660062.948916}, "device": "cpu", "nd_range": {"device_start": 2327837.2842967943, "device_end": 2327837.284549992}, "cmdq": 1, "read": {"device_start": -1, "device_end": -1}}, "FFC_sans_bias79": {"write": {"device_start": -1, "host_queued_start": 1585660062.948871, "device_queued": -1, "device_end": -1, "host_queued_end": 1585660062.948916}, "device": "cpu", "nd_range": {"device_start": 2327837.379720233, "device_end": 2327837.3862026893}, "cmdq": 2, "read": {"device_start": -1, "device_end": -1}}, "FFC_sans_bias78": {"write": {"device_start": -1, "host_queued_start": 1585660062.939737, "device_queued": -1, "device_end": -1, "host_queued_end": 1585660062.948916}, "device": "cpu", "nd_range": {"device_start": 2327837.353104907, "device_end": 2327837.362546424}, "cmdq": 2, "read": {"device_start": -1, "device_end": -1}}, "FFC_sans_bias73": {"write": {"device_start": -1, "host_queued_start": 1585660062.926816, "device_queued": -1, "device_end": -1, "host_queued_end": 1585660062.948916}, "device": "cpu", "nd_range": {"device_start": 2327837.2703310694, "device_end": 2327837.2837956203}, "cmdq": 1, "read": {"device_start": -1, "device_end": -1}}, "FFC_sans_bias72": {"write": {"device_start": -1, "host_queued_start": 1585660062.925766, "device_queued": -1, "device_end": -1, "host_queued_end": 1585660062.948916}, "device": "cpu", "nd_range": {"device_start": 2327837.23213096, "device_end": 2327837.246599289}, "cmdq": 0, "read": {"device_start": -1, "device_end": -1}}, "FFC_sans_bias70": {"write": {"device_start": -1, "host_queued_start": 1585660062.947854, "device_queued": -1, "device_end": -1, "host_queued_end": 1585660062.948916}, "device": "cpu", "nd_range": {"device_start": 2327837.3753847373, "device_end": 2327837.382488218}, "cmdq": 1, "read": {"device_start": -1, "device_end": -1}}, "FFC_sans_bias76": {"write": {"device_start": -1, "host_queued_start": 1585660062.934074, "device_queued": -1, "device_end": -1, "host_queued_end": 1585660062.948916}, "device": "cpu", "nd_range": {"device_start": 2327837.315975261, "device_end": 2327837.3239257024}, "cmdq": 2, "read": {"device_start": -1, "device_end": -1}}, "FFC_sans_bias74": {"write": {"device_start": -1, "host_queued_start": 1585660062.927869, "device_queued": -1, "device_end": -1, "host_queued_end": 1585660062.948916}, "device": "cpu", "nd_range": {"device_start": 2327837.236382002, "device_end": 2327837.2476908}, "cmdq": 2, "read": {"device_start": -1, "device_end": -1}}, "coalesced_transpose102": {"write": {"device_start": -1, "host_queued_start": 1585660062.873591, "device_queued": -1, "device_end": -1, "host_queued_end": 1585660062.88843}, "device": "gpu", "nd_range": {"device_start": 1585659995.4524193, "device_end": 1585659995.4532971}, "cmdq": 0, "read": {"device_start": -1, "device_end": -1}}, "coalesced_transpose3": {"write": {"device_start": -1, "host_queued_start": 1585660062.928201, "device_queued": -1, "device_end": -1, "host_queued_end": 1585660062.948916}, "device": "cpu", "nd_range": {"device_start": 2327837.2467312203, "device_end": 2327837.2469934253}, "cmdq": 0, "read": {"device_start": -1, "device_end": -1}}, "FFC_sans_bias127": {"write": {"device_start": 1585659995.4495924, "host_queued_start": 1585660062.869351, "device_queued": 1585659995.444676, "device_end": 1585659995.4496176, "host_queued_end": 1585660062.88843}, "device": "gpu", "nd_range": {"device_start": 1585659995.4496214, "device_end": 1585659995.4519165}, "cmdq": 4, "read": {"device_start": -1, "device_end": -1}}, "empty89": {"write": {"device_start": 1585659995.442218, "host_queued_start": 1585660062.845035, "device_queued": 1585659995.442095, "device_end": 1585659995.442246, "host_queued_end": 1585660062.88843}, "device": "gpu", "nd_range": {"device_start": 1585659995.4422565, "device_end": 1585659995.4422615}, "cmdq": 0, "read": {"device_start": -1, "device_end": -1}}, "FFC_sans_bias123": {"write": {"device_start": -1, "host_queued_start": 1585660062.880332, "device_queued": -1, "device_end": -1, "host_queued_end": 1585660062.88843}, "device": "gpu", "nd_range": {"device_start": 1585659995.4592142, "device_end": 1585659995.4599907}, "cmdq": 3, "read": {"device_start": -1, "device_end": -1}}, "empty80": {"write": {"device_start": -1, "host_queued_start": 1585660062.898401, "device_queued": -1, "device_end": -1, "host_queued_end": 1585660062.948916}, "device": "cpu", "nd_range": {"device_start": 2327837.138613411, "device_end": 2327837.138614104}, "cmdq": 2, "read": {"device_start": -1, "device_end": -1}}, "empty116": {"write": {"device_start": 1585659995.4425538, "host_queued_start": 1585660062.847903, "device_queued": 1585659995.442306, "device_end": 1585659995.442578, "host_queued_end": 1585660062.88843}, "device": "gpu", "nd_range": {"device_start": 1585659995.442671, "device_end": 1585659995.4426749}, "cmdq": 3, "read": {"device_start": -1, "device_end": -1}}, "softmax104": {"write": {"device_start": -1, "host_queued_start": 1585660062.877764, "device_queued": -1, "device_end": -1, "host_queued_end": 1585660062.88843}, "device": "gpu", "nd_range": {"device_start": 1585659995.456324, "device_end": 1585659995.4574137}, "cmdq": 4, "read": {"device_start": -1, "device_end": -1}}, "coalesced_transpose21": {"write": {"device_start": -1, "host_queued_start": 1585660062.928885, "device_queued": -1, "device_end": -1, "host_queued_end": 1585660062.948916}, "device": "cpu", "nd_range": {"device_start": 2327837.2478330974, "device_end": 2327837.248112463}, "cmdq": 2, "read": {"device_start": -1, "device_end": -1}}, "softmax14": {"write": {"device_start": -1, "host_queued_start": 1585660062.934639, "device_queued": -1, "device_end": -1, "host_queued_end": 1585660062.948916}, "device": "cpu", "nd_range": {"device_start": 2327837.325346149, "device_end": 2327837.325560537}, "cmdq": 1, "read": {"device_start": -1, "device_end": -1}}, "FFC_sans_bias69": {"write": {"device_start": -1, "host_queued_start": 1585660062.93936, "device_queued": -1, "device_end": -1, "host_queued_end": 1585660062.948916}, "device": "cpu", "nd_range": {"device_start": 2327837.3447939823, "device_end": 2327837.355314595}, "cmdq": 1, "read": {"device_start": -1, "device_end": -1}}, "FFC_sans_bias92": {"write": {"device_start": 1585659995.4438274, "host_queued_start": 1585660062.856754, "device_queued": 1585659995.4435308, "device_end": 1585659995.443857, "host_queued_end": 1585660062.88843}, "device": "gpu", "nd_range": {"device_start": 1585659995.4438653, "device_end": 1585659995.446107}, "cmdq": 2, "read": {"device_start": -1, "device_end": -1}}, "FFC_sans_bias60": {"write": {"device_start": -1, "host_queued_start": 1585660062.939017, "device_queued": -1, "device_end": -1, "host_queued_end": 1585660062.948916}, "device": "cpu", "nd_range": {"device_start": 2327837.2922440413, "device_end": 2327837.304694754}, "cmdq": 0, "read": {"device_start": -1, "device_end": -1}}, "FFC_sans_bias61": {"write": {"device_start": -1, "host_queued_start": 1585660062.946849, "device_queued": -1, "device_end": -1, "host_queued_end": 1585660062.948916}, "device": "cpu", "nd_range": {"device_start": 2327837.326529127, "device_end": 2327837.3455733634}, "cmdq": 0, "read": {"device_start": -1, "device_end": -1}}, "FFC_sans_bias63": {"write": {"device_start": -1, "host_queued_start": 1585660062.924717, "device_queued": -1, "device_end": -1, "host_queued_end": 1585660062.948916}, "device": "cpu", "nd_range": {"device_start": 2327837.221935056, "device_end": 2327837.23624251}, "cmdq": 2, "read": {"device_start": -1, "device_end": -1}}, "FFC_sans_bias64": {"write": {"device_start": -1, "host_queued_start": 1585660062.922626, "device_queued": -1, "device_end": -1, "host_queued_end": 1585660062.948916}, "device": "cpu", "nd_range": {"device_start": 2327837.215195727, "device_end": 2327837.231977749}, "cmdq": 0, "read": {"device_start": -1, "device_end": -1}}, "FFC_sans_bias65": {"write": {"device_start": -1, "host_queued_start": 1585660062.923678, "device_queued": -1, "device_end": -1, "host_queued_end": 1585660062.948916}, "device": "cpu", "nd_range": {"device_start": 2327837.262579941, "device_end": 2327837.2702126172}, "cmdq": 1, "read": {"device_start": -1, "device_end": -1}}, "FFC_sans_bias67": {"write": {"device_start": -1, "host_queued_start": 1585660062.933732, "device_queued": -1, "device_end": -1, "host_queued_end": 1585660062.948916}, "device": "cpu", "nd_range": {"device_start": 2327837.3123648833, "device_end": 2327837.325222807}, "cmdq": 1, "read": {"device_start": -1, "device_end": -1}}, "coalesced_transpose111": {"write": {"device_start": -1, "host_queued_start": 1585660062.873892, "device_queued": -1, "device_end": -1, "host_queued_end": 1585660062.88843}, "device": "gpu", "nd_range": {"device_start": 1585659995.452883, "device_end": 1585659995.453314}, "cmdq": 1, "read": {"device_start": -1, "device_end": -1}}, "FFC_sans_bias136": {"write": {"device_start": 1585659995.4500763, "host_queued_start": 1585660062.870551, "device_queued": 1585659995.4448984, "device_end": 1585659995.4501019, "host_queued_end": 1585660062.88843}, "device": "gpu", "nd_range": {"device_start": 1585659995.450112, "device_end": 1585659995.4524143}, "cmdq": 0, "read": {"device_start": -1, "device_end": -1}}, "FFC_sans_bias135": {"write": {"device_start": 1585659995.451025, "host_queued_start": 1585660062.872648, "device_queued": 1585659995.4450786, "device_end": 1585659995.4510515, "host_queued_end": 1585660062.88843}, "device": "gpu", "nd_range": {"device_start": 1585659995.4510612, "device_end": 1585659995.453331}, "cmdq": 2, "read": {"device_start": -1, "device_end": -1}}, "FFC_sans_bias133": {"write": {"device_start": 1585659995.4621594, "host_queued_start": 1585660062.887265, "device_queued": 1585659995.447265, "device_end": 1585659995.4621909, "host_queued_end": 1585660062.88843}, "device": "gpu", "nd_range": {"device_start": 1585659995.462201, "device_end": 1585659995.4637809}, "cmdq": 1, "read": {"device_start": 1585659995.4637861, "device_end": 1585659995.4638112}}, "FFC_sans_bias132": {"write": {"device_start": -1, "host_queued_start": 1585660062.880645, "device_queued": -1, "device_end": -1, "host_queued_end": 1585660062.88843}, "device": "gpu", "nd_range": {"device_start": 1585659995.4592237, "device_end": 1585659995.4604237}, "cmdq": 4, "read": {"device_start": -1, "device_end": -1}}, "softmax68": {"write": {"device_start": -1, "host_queued_start": 1585660062.9363, "device_queued": -1, "device_end": -1, "host_queued_end": 1585660062.948916}, "device": "cpu", "nd_range": {"device_start": 2327837.325995523, "device_end": 2327837.3262034464}, "cmdq": 1, "read": {"device_start": -1, "device_end": -1}}, "softmax131": {"write": {"device_start": -1, "host_queued_start": 1585660062.878511, "device_queued": -1, "device_end": -1, "host_queued_end": 1585660062.88843}, "device": "gpu", "nd_range": {"device_start": 1585659995.457407, "device_end": 1585659995.4577765}, "cmdq": 2, "read": {"device_start": -1, "device_end": -1}}, "empty125": {"write": {"device_start": 1585659995.4426901, "host_queued_start": 1585660062.848767, "device_queued": 1585659995.4425943, "device_end": 1585659995.4427207, "host_queued_end": 1585660062.88843}, "device": "gpu", "nd_range": {"device_start": 1585659995.4427252, "device_end": 1585659995.4427285}, "cmdq": 4, "read": {"device_start": -1, "device_end": -1}}, "FFC_sans_bias139": {"write": {"device_start": -1, "host_queued_start": 1585660062.87702, "device_queued": -1, "device_end": -1, "host_queued_end": 1585660062.88843}, "device": "gpu", "nd_range": {"device_start": 1585659995.4543376, "device_end": 1585659995.4567719}, "cmdq": 1, "read": {"device_start": -1, "device_end": -1}}, "empty35": {"write": {"device_start": -1, "host_queued_start": 1585660062.893651, "device_queued": -1, "device_end": -1, "host_queued_end": 1585660062.948916}, "device": "cpu", "nd_range": {"device_start": 2327837.138571844, "device_end": 2327837.138573414}, "cmdq": 0, "read": {"device_start": -1, "device_end": -1}}, "softmax86": {"write": {"device_start": -1, "host_queued_start": 1585660062.877274, "device_queued": -1, "device_end": -1, "host_queued_end": 1585660062.88843}, "device": "gpu", "nd_range": {"device_start": 1585659995.4558518, "device_end": 1585659995.4573977}, "cmdq": 2, "read": {"device_start": -1, "device_end": -1}}, "FFC_sans_bias55": {"write": {"device_start": -1, "host_queued_start": 1585660062.921549, "device_queued": -1, "device_end": -1, "host_queued_end": 1585660062.948916}, "device": "cpu", "nd_range": {"device_start": 2327837.211592045, "device_end": 2327837.2217755513}, "cmdq": 2, "read": {"device_start": -1, "device_end": -1}}, "FFC_sans_bias54": {"write": {"device_start": -1, "host_queued_start": 1585660062.920509, "device_queued": -1, "device_end": -1, "host_queued_end": 1585660062.948916}, "device": "cpu", "nd_range": {"device_start": 2327837.2515011793, "device_end": 2327837.2624589913}, "cmdq": 1, "read": {"device_start": -1, "device_end": -1}}, "FFC_sans_bias56": {"write": {"device_start": -1, "host_queued_start": 1585660062.919444, "device_queued": -1, "device_end": -1, "host_queued_end": 1585660062.948916}, "device": "cpu", "nd_range": {"device_start": 2327837.204372281, "device_end": 2327837.2149659083}, "cmdq": 0, "read": {"device_start": -1, "device_end": -1}}, "FFC_sans_bias51": {"write": {"device_start": -1, "host_queued_start": 1585660062.938679, "device_queued": -1, "device_end": -1, "host_queued_end": 1585660062.948916}, "device": "cpu", "nd_range": {"device_start": 2327837.343902497, "device_end": 2327837.352976377}, "cmdq": 2, "read": {"device_start": -1, "device_end": -1}}, "FFC_sans_bias52": {"write": {"device_start": -1, "host_queued_start": 1585660062.94585, "device_queued": -1, "device_end": -1, "host_queued_end": 1585660062.948916}, "device": "cpu", "nd_range": {"device_start": 2327837.371591938, "device_end": 2327837.379697471}, "cmdq": 2, "read": {"device_start": -1, "device_end": -1}}, "FFC_sans_bias58": {"write": {"device_start": -1, "host_queued_start": 1585660062.933383, "device_queued": -1, "device_end": -1, "host_queued_end": 1585660062.948916}, "device": "cpu", "nd_range": {"device_start": 2327837.263345999, "device_end": 2327837.2717025704}, "cmdq": 0, "read": {"device_start": -1, "device_end": -1}}, "FFC_sans_bias108": {"write": {"device_start": 1585659995.4457617, "host_queued_start": 1585660062.860947, "device_queued": 1585659995.4440343, "device_end": 1585659995.4457996, "host_queued_end": 1585660062.88843}, "device": "gpu", "nd_range": {"device_start": 1585659995.4458075, "device_end": 1585659995.448073}, "cmdq": 1, "read": {"device_start": -1, "device_end": -1}}, "FFC_sans_bias109": {"write": {"device_start": 1585659995.4462044, "host_queued_start": 1585660062.861982, "device_queued": 1585659995.4440515, "device_end": 1585659995.4462352, "host_queued_end": 1585660062.88843}, "device": "gpu", "nd_range": {"device_start": 1585659995.446244, "device_end": 1585659995.448526}, "cmdq": 2, "read": {"device_start": -1, "device_end": -1}}, "coalesced_transpose129": {"write": {"device_start": -1, "host_queued_start": 1585660062.874494, "device_queued": -1, "device_end": -1, "host_queued_end": 1585660062.88843}, "device": "gpu", "nd_range": {"device_start": 1585659995.4532783, "device_end": 1585659995.4533417}, "cmdq": 3, "read": {"device_start": -1, "device_end": -1}}, "FFC_sans_bias103": {"write": {"device_start": -1, "host_queued_start": 1585660062.875755, "device_queued": -1, "device_end": -1, "host_queued_end": 1585660062.88843}, "device": "gpu", "nd_range": {"device_start": 1585659995.4542408, "device_end": 1585659995.4558413}, "cmdq": 2, "read": {"device_start": -1, "device_end": -1}}, "FFC_sans_bias100": {"write": {"device_start": 1585659995.4448001, "host_queued_start": 1585660062.858863, "device_queued": 1585659995.4435933, "device_end": 1585659995.4448256, "host_queued_end": 1585660062.88843}, "device": "gpu", "nd_range": {"device_start": 1585659995.4448323, "device_end": 1585659995.4470904}, "cmdq": 4, "read": {"device_start": -1, "device_end": -1}}, "FFC_sans_bias101": {"write": {"device_start": 1585659995.445228, "host_queued_start": 1585660062.859911, "device_queued": 1585659995.443899, "device_end": 1585659995.4452596, "host_queued_end": 1585660062.88843}, "device": "gpu", "nd_range": {"device_start": 1585659995.4452627, "device_end": 1585659995.4475613}, "cmdq": 0, "read": {"device_start": -1, "device_end": -1}}, "FFC_sans_bias106": {"write": {"device_start": 1585659995.4601219, "host_queued_start": 1585660062.884083, "device_queued": 1585659995.4466555, "device_end": 1585659995.4601529, "host_queued_end": 1585660062.88843}, "device": "gpu", "nd_range": {"device_start": 1585659995.4604447, "device_end": 1585659995.4618754}, "cmdq": 3, "read": {"device_start": 1585659995.4618769, "device_end": 1585659995.4619012}}, "softmax122": {"write": {"device_start": -1, "host_queued_start": 1585660062.878249, "device_queued": -1, "device_end": -1, "host_queued_end": 1585660062.88843}, "device": "gpu", "nd_range": {"device_start": 1585659995.4567823, "device_end": 1585659995.4569864}, "cmdq": 1, "read": {"device_start": -1, "device_end": -1}}, "FFC_sans_bias105": {"write": {"device_start": -1, "host_queued_start": 1585660062.879694, "device_queued": -1, "device_end": -1, "host_queued_end": 1585660062.88843}, "device": "gpu", "nd_range": {"device_start": 1585659995.457445, "device_end": 1585659995.4590132}, "cmdq": 1, "read": {"device_start": -1, "device_end": -1}}, "softmax95": {"write": {"device_start": -1, "host_queued_start": 1585660062.877519, "device_queued": -1, "device_end": -1, "host_queued_end": 1585660062.88843}, "device": "gpu", "nd_range": {"device_start": 1585659995.4563391, "device_end": 1585659995.45741}, "cmdq": 3, "read": {"device_start": -1, "device_end": -1}}, "coalesced_transpose57": {"write": {"device_start": -1, "host_queued_start": 1585660062.93021, "device_queued": -1, "device_end": -1, "host_queued_end": 1585660062.948916}, "device": "cpu", "nd_range": {"device_start": 2327837.2474863944, "device_end": 2327837.2477456443}, "cmdq": 0, "read": {"device_start": -1, "device_end": -1}}, "empty26": {"write": {"device_start": -1, "host_queued_start": 1585660062.892523, "device_queued": -1, "device_end": -1, "host_queued_end": 1585660062.948916}, "device": "cpu", "nd_range": {"device_start": 2327837.138584754, "device_end": 2327837.138590172}, "cmdq": 2, "read": {"device_start": -1, "device_end": -1}}, "softmax113": {"write": {"device_start": -1, "host_queued_start": 1585660062.878005, "device_queued": -1, "device_end": -1, "host_queued_end": 1585660062.88843}, "device": "gpu", "nd_range": {"device_start": 1585659995.4553313, "device_end": 1585659995.4573905}, "cmdq": 0, "read": {"device_start": -1, "device_end": -1}}, "FFC_sans_bias11": {"write": {"device_start": -1, "host_queued_start": 1585660062.904863, "device_queued": -1, "device_end": -1, "host_queued_end": 1585660062.948916}, "device": "cpu", "nd_range": {"device_start": 2327837.151689508, "device_end": 2327837.160749103}, "cmdq": 2, "read": {"device_start": -1, "device_end": -1}}, "FFC_sans_bias42": {"write": {"device_start": -1, "host_queued_start": 1585660062.93833, "device_queued": -1, "device_end": -1, "host_queued_end": 1585660062.948916}, "device": "cpu", "nd_range": {"device_start": 2327837.335030091, "device_end": 2327837.344679449}, "cmdq": 1, "read": {"device_start": -1, "device_end": -1}}, "FFC_sans_bias43": {"write": {"device_start": -1, "host_queued_start": 1585660062.944789, "device_queued": -1, "device_end": -1, "host_queued_end": 1585660062.948916}, "device": "cpu", "nd_range": {"device_start": 2327837.369620526, "device_end": 2327837.3753781742}, "cmdq": 1, "read": {"device_start": -1, "device_end": -1}}, "FFC_sans_bias40": {"write": {"device_start": -1, "host_queued_start": 1585660062.932606, "device_queued": -1, "device_end": -1, "host_queued_end": 1585660062.948916}, "device": "cpu", "nd_range": {"device_start": 2327837.297042196, "device_end": 2327837.312247624}, "cmdq": 1, "read": {"device_start": -1, "device_end": -1}}, "FFC_sans_bias46": {"write": {"device_start": -1, "host_queued_start": 1585660062.917345, "device_queued": -1, "device_end": -1, "host_queued_end": 1585660062.948916}, "device": "cpu", "nd_range": {"device_start": 2327837.242551707, "device_end": 2327837.251377289}, "cmdq": 1, "read": {"device_start": -1, "device_end": -1}}, "FFC_sans_bias47": {"write": {"device_start": -1, "host_queued_start": 1585660062.918398, "device_queued": -1, "device_end": -1, "host_queued_end": 1585660062.948916}, "device": "cpu", "nd_range": {"device_start": 2327837.202307146, "device_end": 2327837.211378567}, "cmdq": 2, "read": {"device_start": -1, "device_end": -1}}, "FFC_sans_bias45": {"write": {"device_start": -1, "host_queued_start": 1585660062.916298, "device_queued": -1, "device_end": -1, "host_queued_end": 1585660062.948916}, "device": "cpu", "nd_range": {"device_start": 2327837.194432671, "device_end": 2327837.2041430622}, "cmdq": 0, "read": {"device_start": -1, "device_end": -1}}, "FFC_sans_bias49": {"write": {"device_start": -1, "host_queued_start": 1585660062.93301, "device_queued": -1, "device_end": -1, "host_queued_end": 1585660062.948916}, "device": "cpu", "nd_range": {"device_start": 2327837.296995183, "device_end": 2327837.3066467983}, "cmdq": 2, "read": {"device_start": -1, "device_end": -1}}, "softmax77": {"write": {"device_start": -1, "host_queued_start": 1585660062.936572, "device_queued": -1, "device_end": -1, "host_queued_end": 1585660062.948916}, "device": "cpu", "nd_range": {"device_start": 2327837.32931654, "device_end": 2327837.329524708}, "cmdq": 2, "read": {"device_start": -1, "device_end": -1}}, "empty134": {"write": {"device_start": 1585659995.4428189, "host_queued_start": 1585660062.849617, "device_queued": 1585659995.4427068, "device_end": 1585659995.442887, "host_queued_end": 1585660062.88843}, "device": "gpu", "nd_range": {"device_start": 1585659995.442891, "device_end": 1585659995.4428957}, "cmdq": 0, "read": {"device_start": -1, "device_end": -1}}, "coalesced_transpose138": {"write": {"device_start": -1, "host_queued_start": 1585660062.874797, "device_queued": -1, "device_end": -1, "host_queued_end": 1585660062.88843}, "device": "gpu", "nd_range": {"device_start": 1585659995.4532936, "device_end": 1585659995.4533465}, "cmdq": 4, "read": {"device_start": -1, "device_end": -1}}, "FFC_sans_bias119": {"write": {"device_start": 1585659995.448163, "host_queued_start": 1585660062.866175, "device_queued": 1585659995.4444966, "device_end": 1585659995.4481895, "host_queued_end": 1585660062.88843}, "device": "gpu", "nd_range": {"device_start": 1585659995.4482, "device_end": 1585659995.4504836}, "cmdq": 1, "read": {"device_start": -1, "device_end": -1}}, "FFC_sans_bias118": {"write": {"device_start": 1585659995.4476483, "host_queued_start": 1585660062.865132, "device_queued": 1585659995.4444487, "device_end": 1585659995.4476826, "host_queued_end": 1585660062.88843}, "device": "gpu", "nd_range": {"device_start": 1585659995.4476862, "device_end": 1585659995.4499836}, "cmdq": 0, "read": {"device_start": -1, "device_end": -1}}, "empty143": {"write": {"device_start": 1585659995.4429033, "host_queued_start": 1585660062.850429, "device_queued": 1585659995.4427557, "device_end": 1585659995.4429715, "host_queued_end": 1585660062.88843}, "device": "gpu", "nd_range": {"device_start": 1585659995.4430747, "device_end": 1585659995.4430833}, "cmdq": 1, "read": {"device_start": -1, "device_end": -1}}, "FFC_sans_bias115": {"write": {"device_start": 1585659995.4605446, "host_queued_start": 1585660062.885125, "device_queued": 1585659995.4466832, "device_end": 1585659995.460576, "host_queued_end": 1585660062.88843}, "device": "gpu", "nd_range": {"device_start": 1585659995.460588, "device_end": 1585659995.4623694}, "cmdq": 4, "read": {"device_start": 1585659995.4623744, "device_end": 1585659995.4623995}}, "FFC_sans_bias114": {"write": {"device_start": -1, "host_queued_start": 1585660062.880001, "device_queued": -1, "device_end": -1, "host_queued_end": 1585660062.88843}, "device": "gpu", "nd_range": {"device_start": 1585659995.4577866, "device_end": 1585659995.459423}, "cmdq": 2, "read": {"device_start": -1, "device_end": -1}}, "FFC_sans_bias117": {"write": {"device_start": 1585659995.4471912, "host_queued_start": 1585660062.864101, "device_queued": 1585659995.4442341, "device_end": 1585659995.4472167, "host_queued_end": 1585660062.88843}, "device": "gpu", "nd_range": {"device_start": 1585659995.4472337, "device_end": 1585659995.4495084}, "cmdq": 4, "read": {"device_start": -1, "device_end": -1}}, "softmax5": {"write": {"device_start": -1, "host_queued_start": 1585660062.934355, "device_queued": -1, "device_end": -1, "host_queued_end": 1585660062.948916}, "device": "cpu", "nd_range": {"device_start": 2327837.271819447, "device_end": 2327837.2720566}, "cmdq": 0, "read": {"device_start": -1, "device_end": -1}}, "FFC_sans_bias110": {"write": {"device_start": 1585659995.4467156, "host_queued_start": 1585660062.86305, "device_queued": 1585659995.4440846, "device_end": 1585659995.4467406, "host_queued_end": 1585660062.88843}, "device": "gpu", "nd_range": {"device_start": 1585659995.4467506, "device_end": 1585659995.4490478}, "cmdq": 3, "read": {"device_start": -1, "device_end": -1}}, "FFC_sans_bias112": {"write": {"device_start": -1, "host_queued_start": 1585660062.876073, "device_queued": -1, "device_end": -1, "host_queued_end": 1585660062.88843}, "device": "gpu", "nd_range": {"device_start": 1585659995.453367, "device_end": 1585659995.4548864}, "cmdq": 3, "read": {"device_start": -1, "device_end": -1}}, "empty53": {"write": {"device_start": -1, "host_queued_start": 1585660062.895652, "device_queued": -1, "device_end": -1, "host_queued_end": 1585660062.948916}, "device": "cpu", "nd_range": {"device_start": 2327837.138606198, "device_end": 2327837.138607481}, "cmdq": 2, "read": {"device_start": -1, "device_end": -1}}, "coalesced_transpose48": {"write": {"device_start": -1, "host_queued_start": 1585660062.92988, "device_queued": -1, "device_end": -1, "host_queued_end": 1585660062.948916}, "device": "cpu", "nd_range": {"device_start": 2327837.2520401613, "device_end": 2327837.25227952}, "cmdq": 2, "read": {"device_start": -1, "device_end": -1}}}