{"FFC_sans_bias4": {"write": {"device_start": -1, "host_queued_start": 1585660136.156572, "device_queued": -1, "device_end": -1, "host_queued_end": 1585660136.188271}, "device": "cpu", "nd_range": {"device_start": 2327910.5883146483, "device_end": 2327910.607119154}, "cmdq": 0, "read": {"device_start": -1, "device_end": -1}}, "FFC_sans_bias7": {"write": {"device_start": -1, "host_queued_start": 1585660136.173202, "device_queued": -1, "device_end": -1, "host_queued_end": 1585660136.188271}, "device": "cpu", "nd_range": {"device_start": 2327910.713700091, "device_end": 2327910.729670457}, "cmdq": 0, "read": {"device_start": -1, "device_end": -1}}, "FFC_sans_bias6": {"write": {"device_start": -1, "host_queued_start": 1585660136.166788, "device_queued": -1, "device_end": -1, "host_queued_end": 1585660136.188271}, "device": "cpu", "nd_range": {"device_start": 2327910.6506648883, "device_end": 2327910.666255793}, "cmdq": 0, "read": {"device_start": -1, "device_end": -1}}, "FFC_sans_bias1": {"write": {"device_start": -1, "host_queued_start": 1585660136.100763, "device_queued": -1, "device_end": -1, "host_queued_end": 1585660136.188271}, "device": "cpu", "nd_range": {"device_start": 2327910.384106787, "device_end": 2327910.408261718}, "cmdq": 1, "read": {"device_start": -1, "device_end": -1}}, "FFC_sans_bias0": {"write": {"device_start": -1, "host_queued_start": 1585660136.099668, "device_queued": -1, "device_end": -1, "host_queued_end": 1585660136.188271}, "device": "cpu", "nd_range": {"device_start": 2327910.378037651, "device_end": 2327910.3934710133}, "cmdq": 0, "read": {"device_start": -1, "device_end": -1}}, "FFC_sans_bias2": {"write": {"device_start": -1, "host_queued_start": 1585660136.101864, "device_queued": -1, "device_end": -1, "host_queued_end": 1585660136.188271}, "device": "cpu", "nd_range": {"device_start": 2327910.3780312543, "device_end": 2327910.396023654}, "cmdq": 2, "read": {"device_start": -1, "device_end": -1}}, "coalesced_transpose120": {"write": {"device_start": -1, "host_queued_start": 1585660136.155559, "device_queued": -1, "device_end": -1, "host_queued_end": 1585660136.188271}, "device": "cpu", "nd_range": {"device_start": 2327910.613121517, "device_end": 2327910.613375733}, "cmdq": 1, "read": {"device_start": -1, "device_end": -1}}, "FFC_sans_bias9": {"write": {"device_start": -1, "host_queued_start": 1585660136.102979, "device_queued": -1, "device_end": -1, "host_queued_end": 1585660136.188271}, "device": "cpu", "nd_range": {"device_start": 2327910.378006964, "device_end": 2327910.393399374}, "cmdq": 3, "read": {"device_start": -1, "device_end": -1}}, "empty71": {"write": {"device_start": -1, "host_queued_start": 1585660136.091998, "device_queued": -1, "device_end": -1, "host_queued_end": 1585660136.188271}, "device": "cpu", "nd_range": {"device_start": 2327910.3779886863, "device_end": 2327910.377989874}, "cmdq": 3, "read": {"device_start": -1, "device_end": -1}}, "softmax41": {"write": {"device_start": -1, "host_queued_start": 1585660136.163354, "device_queued": -1, "device_end": -1, "host_queued_end": 1585660136.188271}, "device": "cpu", "nd_range": {"device_start": 2327910.6496990863, "device_end": 2327910.649914627}, "cmdq": 0, "read": {"device_start": -1, "device_end": -1}}, "FFC_sans_bias37": {"write": {"device_start": -1, "host_queued_start": 1585660136.114169, "device_queued": -1, "device_end": -1, "host_queued_end": 1585660136.188271}, "device": "cpu", "nd_range": {"device_start": 2327910.4732815353, "device_end": 2327910.495221312}, "cmdq": 1, "read": {"device_start": -1, "device_end": -1}}, "FFC_sans_bias36": {"write": {"device_start": -1, "host_queued_start": 1585660136.11303, "device_queued": -1, "device_end": -1, "host_queued_end": 1585660136.188271}, "device": "cpu", "nd_range": {"device_start": 2327910.424239866, "device_end": 2327910.439461567}, "cmdq": 0, "read": {"device_start": -1, "device_end": -1}}, "FFC_sans_bias34": {"write": {"device_start": -1, "host_queued_start": 1585660136.176191, "device_queued": -1, "device_end": -1, "host_queued_end": 1585660136.188271}, "device": "cpu", "nd_range": {"device_start": 2327910.793416706, "device_end": 2327910.7988346}, "cmdq": 3, "read": {"device_start": -1, "device_end": -1}}, "FFC_sans_bias33": {"write": {"device_start": -1, "host_queued_start": 1585660136.167842, "device_queued": -1, "device_end": -1, "host_queued_end": 1585660136.188271}, "device": "cpu", "nd_range": {"device_start": 2327910.7247882383, "device_end": 2327910.747790385}, "cmdq": 3, "read": {"device_start": -1, "device_end": -1}}, "FFC_sans_bias31": {"write": {"device_start": -1, "host_queued_start": 1585660136.15762, "device_queued": -1, "device_end": -1, "host_queued_end": 1585660136.188271}, "device": "cpu", "nd_range": {"device_start": 2327910.613987797, "device_end": 2327910.63011865}, "cmdq": 3, "read": {"device_start": -1, "device_end": -1}}, "FFC_sans_bias38": {"write": {"device_start": -1, "host_queued_start": 1585660136.115287, "device_queued": -1, "device_end": -1, "host_queued_end": 1585660136.188271}, "device": "cpu", "nd_range": {"device_start": 2327910.428015827, "device_end": 2327910.444594781}, "cmdq": 2, "read": {"device_start": -1, "device_end": -1}}, "coalesced_transpose75": {"write": {"device_start": -1, "host_queued_start": 1585660136.153877, "device_queued": -1, "device_end": -1, "host_queued_end": 1585660136.188271}, "device": "cpu", "nd_range": {"device_start": 2327910.5635083583, "device_end": 2327910.5637533213}, "cmdq": 0, "read": {"device_start": -1, "device_end": -1}}, "softmax140": {"write": {"device_start": -1, "host_queued_start": 1585660136.166437, "device_queued": -1, "device_end": -1, "host_queued_end": 1585660136.188271}, "device": "cpu", "nd_range": {"device_start": 2327910.724568345, "device_end": 2327910.724781585}, "cmdq": 3, "read": {"device_start": -1, "device_end": -1}}, "empty44": {"write": {"device_start": -1, "host_queued_start": 1585660136.089501, "device_queued": -1, "device_end": -1, "host_queued_end": 1585660136.188271}, "device": "cpu", "nd_range": {"device_start": 2327910.378017487, "device_end": 2327910.378018714}, "cmdq": 0, "read": {"device_start": -1, "device_end": -1}}, "FFC_sans_bias137": {"write": {"device_start": -1, "host_queued_start": 1585660136.149793, "device_queued": -1, "device_end": -1, "host_queued_end": 1585660136.188271}, "device": "cpu", "nd_range": {"device_start": 2327910.5574797103, "device_end": 2327910.5706558623}, "cmdq": 2, "read": {"device_start": -1, "device_end": -1}}, "empty8": {"write": {"device_start": -1, "host_queued_start": 1585660136.085818, "device_queued": -1, "device_end": -1, "host_queued_end": 1585660136.188271}, "device": "cpu", "nd_range": {"device_start": 2327910.3779948223, "device_end": 2327910.3779991143}, "cmdq": 0, "read": {"device_start": -1, "device_end": -1}}, "softmax50": {"write": {"device_start": -1, "host_queued_start": 1585660136.163633, "device_queued": -1, "device_end": -1, "host_queued_end": 1585660136.188271}, "device": "cpu", "nd_range": {"device_start": 2327910.674592833, "device_end": 2327910.674813048}, "cmdq": 1, "read": {"device_start": -1, "device_end": -1}}, "softmax59": {"write": {"device_start": -1, "host_queued_start": 1585660136.163915, "device_queued": -1, "device_end": -1, "host_queued_end": 1585660136.188271}, "device": "cpu", "nd_range": {"device_start": 2327910.6410934282, "device_end": 2327910.641310039}, "cmdq": 2, "read": {"device_start": -1, "device_end": -1}}, "FFC_sans_bias142": {"write": {"device_start": -1, "host_queued_start": 1585660136.188226, "device_queued": -1, "device_end": -1, "host_queued_end": 1585660136.188271}, "device": "cpu", "nd_range": {"device_start": 2327910.809435191, "device_end": 2327910.814883531}, "cmdq": 3, "read": {"device_start": -1, "device_end": -1}}, "FFC_sans_bias141": {"write": {"device_start": -1, "host_queued_start": 1585660136.172141, "device_queued": -1, "device_end": -1, "host_queued_end": 1585660136.188271}, "device": "cpu", "nd_range": {"device_start": 2327910.7882602103, "device_end": 2327910.793410427}, "cmdq": 3, "read": {"device_start": -1, "device_end": -1}}, "FFC_sans_bias24": {"write": {"device_start": -1, "host_queued_start": 1585660136.167487, "device_queued": -1, "device_end": -1, "host_queued_end": 1585660136.188271}, "device": "cpu", "nd_range": {"device_start": 2327910.6417567753, "device_end": 2327910.6579416962}, "cmdq": 2, "read": {"device_start": -1, "device_end": -1}}, "FFC_sans_bias25": {"write": {"device_start": -1, "host_queued_start": 1585660136.175194, "device_queued": -1, "device_end": -1, "host_queued_end": 1585660136.188271}, "device": "cpu", "nd_range": {"device_start": 2327910.705993399, "device_end": 2327910.7220299}, "cmdq": 2, "read": {"device_start": -1, "device_end": -1}}, "FFC_sans_bias27": {"write": {"device_start": -1, "host_queued_start": 1585660136.109711, "device_queued": -1, "device_end": -1, "host_queued_end": 1585660136.188271}, "device": "cpu", "nd_range": {"device_start": 2327910.442702733, "device_end": 2327910.467233064}, "cmdq": 1, "read": {"device_start": -1, "device_end": -1}}, "FFC_sans_bias20": {"write": {"device_start": -1, "host_queued_start": 1585660136.108474, "device_queued": -1, "device_end": -1, "host_queued_end": 1585660136.188271}, "device": "cpu", "nd_range": {"device_start": 2327910.4088052763, "device_end": 2327910.4240750764}, "cmdq": 0, "read": {"device_start": -1, "device_end": -1}}, "FFC_sans_bias22": {"write": {"device_start": -1, "host_queued_start": 1585660136.157269, "device_queued": -1, "device_end": -1, "host_queued_end": 1585660136.188271}, "device": "cpu", "nd_range": {"device_start": 2327910.572108406, "device_end": 2327910.585279211}, "cmdq": 2, "read": {"device_start": -1, "device_end": -1}}, "FFC_sans_bias130": {"write": {"device_start": -1, "host_queued_start": 1585660136.161587, "device_queued": -1, "device_end": -1, "host_queued_end": 1585660136.188271}, "device": "cpu", "nd_range": {"device_start": 2327910.624248422, "device_end": 2327910.6408445654}, "cmdq": 2, "read": {"device_start": -1, "device_end": -1}}, "FFC_sans_bias28": {"write": {"device_start": -1, "host_queued_start": 1585660136.110821, "device_queued": -1, "device_end": -1, "host_queued_end": 1585660136.188271}, "device": "cpu", "nd_range": {"device_start": 2327910.4125654763, "device_end": 2327910.427882795}, "cmdq": 2, "read": {"device_start": -1, "device_end": -1}}, "FFC_sans_bias29": {"write": {"device_start": -1, "host_queued_start": 1585660136.11193, "device_queued": -1, "device_end": -1, "host_queued_end": 1585660136.188271}, "device": "cpu", "nd_range": {"device_start": 2327910.408795786, "device_end": 2327910.4240137683}, "cmdq": 3, "read": {"device_start": -1, "device_end": -1}}, "coalesced_transpose66": {"write": {"device_start": -1, "host_queued_start": 1585660136.153541, "device_queued": -1, "device_end": -1, "host_queued_end": 1585660136.188271}, "device": "cpu", "nd_range": {"device_start": 2327910.596072939, "device_end": 2327910.596607266}, "cmdq": 3, "read": {"device_start": -1, "device_end": -1}}, "coalesced_transpose93": {"write": {"device_start": -1, "host_queued_start": 1585660136.154552, "device_queued": -1, "device_end": -1, "host_queued_end": 1585660136.188271}, "device": "cpu", "nd_range": {"device_start": 2327910.5715534273, "device_end": 2327910.571820719}, "cmdq": 2, "read": {"device_start": -1, "device_end": -1}}, "softmax23": {"write": {"device_start": -1, "host_queued_start": 1585660136.162789, "device_queued": -1, "device_end": -1, "host_queued_end": 1585660136.188271}, "device": "cpu", "nd_range": {"device_start": 2327910.640853646, "device_end": 2327910.6410866124}, "cmdq": 2, "read": {"device_start": -1, "device_end": -1}}, "empty62": {"write": {"device_start": -1, "host_queued_start": 1585660136.09118, "device_queued": -1, "device_end": -1, "host_queued_end": 1585660136.188271}, "device": "cpu", "nd_range": {"device_start": 2327910.378012182, "device_end": 2327910.378013094}, "cmdq": 2, "read": {"device_start": -1, "device_end": -1}}, "FFC_sans_bias10": {"write": {"device_start": -1, "host_queued_start": 1585660136.104087, "device_queued": -1, "device_end": -1, "host_queued_end": 1585660136.188271}, "device": "cpu", "nd_range": {"device_start": 2327910.3934794543, "device_end": 2327910.408795169}, "cmdq": 0, "read": {"device_start": -1, "device_end": -1}}, "FFC_sans_bias13": {"write": {"device_start": -1, "host_queued_start": 1585660136.156922, "device_queued": -1, "device_end": -1, "host_queued_end": 1585660136.188271}, "device": "cpu", "nd_range": {"device_start": 2327910.613381469, "device_end": 2327910.628692014}, "cmdq": 1, "read": {"device_start": -1, "device_end": -1}}, "FFC_sans_bias15": {"write": {"device_start": -1, "host_queued_start": 1585660136.167139, "device_queued": -1, "device_end": -1, "host_queued_end": 1585660136.188271}, "device": "cpu", "nd_range": {"device_start": 2327910.6752602723, "device_end": 2327910.690620007}, "cmdq": 1, "read": {"device_start": -1, "device_end": -1}}, "FFC_sans_bias16": {"write": {"device_start": -1, "host_queued_start": 1585660136.174191, "device_queued": -1, "device_end": -1, "host_queued_end": 1585660136.188271}, "device": "cpu", "nd_range": {"device_start": 2327910.736441687, "device_end": 2327910.7517156033}, "cmdq": 1, "read": {"device_start": -1, "device_end": -1}}, "FFC_sans_bias19": {"write": {"device_start": -1, "host_queued_start": 1585660136.107375, "device_queued": -1, "device_end": -1, "host_queued_end": 1585660136.188271}, "device": "cpu", "nd_range": {"device_start": 2327910.3934082803, "device_end": 2327910.408653431}, "cmdq": 3, "read": {"device_start": -1, "device_end": -1}}, "FFC_sans_bias18": {"write": {"device_start": -1, "host_queued_start": 1585660136.106277, "device_queued": -1, "device_end": -1, "host_queued_end": 1585660136.188271}, "device": "cpu", "nd_range": {"device_start": 2327910.396137697, "device_end": 2327910.4124473534}, "cmdq": 2, "read": {"device_start": -1, "device_end": -1}}, "FFC_sans_bias99": {"write": {"device_start": -1, "host_queued_start": 1585660136.135909, "device_queued": -1, "device_end": -1, "host_queued_end": 1585660136.188271}, "device": "cpu", "nd_range": {"device_start": 2327910.5689148493, "device_end": 2327910.577508436}, "cmdq": 1, "read": {"device_start": -1, "device_end": -1}}, "FFC_sans_bias91": {"write": {"device_start": -1, "host_queued_start": 1585660136.133788, "device_queued": -1, "device_end": -1, "host_queued_end": 1585660136.188271}, "device": "cpu", "nd_range": {"device_start": 2327910.485956965, "device_end": 2327910.501187539}, "cmdq": 3, "read": {"device_start": -1, "device_end": -1}}, "FFC_sans_bias90": {"write": {"device_start": -1, "host_queued_start": 1585660136.132736, "device_queued": -1, "device_end": -1, "host_queued_end": 1585660136.188271}, "device": "cpu", "nd_range": {"device_start": 2327910.492305578, "device_end": 2327910.5089111542}, "cmdq": 2, "read": {"device_start": -1, "device_end": -1}}, "coalesced_transpose12": {"write": {"device_start": -1, "host_queued_start": 1585660136.151524, "device_queued": -1, "device_end": -1, "host_queued_end": 1585660136.188271}, "device": "cpu", "nd_range": {"device_start": 2327910.61230616, "device_end": 2327910.61256536}, "cmdq": 1, "read": {"device_start": -1, "device_end": -1}}, "FFC_sans_bias94": {"write": {"device_start": -1, "host_queued_start": 1585660136.160096, "device_queued": -1, "device_end": -1, "host_queued_end": 1585660136.188271}, "device": "cpu", "nd_range": {"device_start": 2327910.6007445403, "device_end": 2327910.624239181}, "cmdq": 2, "read": {"device_start": -1, "device_end": -1}}, "FFC_sans_bias97": {"write": {"device_start": -1, "host_queued_start": 1585660136.183196, "device_queued": -1, "device_end": -1, "host_queued_end": 1585660136.188271}, "device": "cpu", "nd_range": {"device_start": 2327910.738081526, "device_end": 2327910.7542328592}, "cmdq": 2, "read": {"device_start": -1, "device_end": -1}}, "FFC_sans_bias96": {"write": {"device_start": -1, "host_queued_start": 1585660136.170281, "device_queued": -1, "device_end": -1, "host_queued_end": 1585660136.188271}, "device": "cpu", "nd_range": {"device_start": 2327910.673762606, "device_end": 2327910.6894486584}, "cmdq": 2, "read": {"device_start": -1, "device_end": -1}}, "FFC_sans_bias124": {"write": {"device_start": -1, "host_queued_start": 1585660136.186221, "device_queued": -1, "device_end": -1, "host_queued_end": 1585660136.188271}, "device": "cpu", "nd_range": {"device_start": 2327910.778358708, "device_end": 2327910.7864724044}, "cmdq": 1, "read": {"device_start": -1, "device_end": -1}}, "FFC_sans_bias126": {"write": {"device_start": -1, "host_queued_start": 1585660136.146607, "device_queued": -1, "device_end": -1, "host_queued_end": 1585660136.188271}, "device": "cpu", "nd_range": {"device_start": 2327910.536996731, "device_end": 2327910.56494246}, "cmdq": 3, "read": {"device_start": -1, "device_end": -1}}, "softmax32": {"write": {"device_start": -1, "host_queued_start": 1585660136.163072, "device_queued": -1, "device_end": -1, "host_queued_end": 1585660136.188271}, "device": "cpu", "nd_range": {"device_start": 2327910.71555503, "device_end": 2327910.7238808842}, "cmdq": 3, "read": {"device_start": -1, "device_end": -1}}, "coalesced_transpose84": {"write": {"device_start": -1, "host_queued_start": 1585660136.154212, "device_queued": -1, "device_end": -1, "host_queued_end": 1585660136.188271}, "device": "cpu", "nd_range": {"device_start": 2327910.612849466, "device_end": 2327910.613114734}, "cmdq": 1, "read": {"device_start": -1, "device_end": -1}}, "FFC_sans_bias121": {"write": {"device_start": -1, "host_queued_start": 1585660136.161216, "device_queued": -1, "device_end": -1, "host_queued_end": 1585660136.188271}, "device": "cpu", "nd_range": {"device_start": 2327910.659185171, "device_end": 2327910.6743580173}, "cmdq": 1, "read": {"device_start": -1, "device_end": -1}}, "empty98": {"write": {"device_start": -1, "host_queued_start": 1585660136.094448, "device_queued": -1, "device_end": -1, "host_queued_end": 1585660136.188271}, "device": "cpu", "nd_range": {"device_start": 2327910.3780176733, "device_end": 2327910.378018422}, "cmdq": 2, "read": {"device_start": -1, "device_end": -1}}, "empty107": {"write": {"device_start": -1, "host_queued_start": 1585660136.095274, "device_queued": -1, "device_end": -1, "host_queued_end": 1585660136.188271}, "device": "cpu", "nd_range": {"device_start": 2327910.377995628, "device_end": 2327910.3779963083}, "cmdq": 3, "read": {"device_start": -1, "device_end": -1}}, "empty17": {"write": {"device_start": -1, "host_queued_start": 1585660136.086891, "device_queued": -1, "device_end": -1, "host_queued_end": 1585660136.188271}, "device": "cpu", "nd_range": {"device_start": 2327910.377954406, "device_end": 2327910.3779667113}, "cmdq": 1, "read": {"device_start": -1, "device_end": -1}}, "FFC_sans_bias87": {"write": {"device_start": -1, "host_queued_start": 1585660136.169933, "device_queued": -1, "device_end": -1, "host_queued_end": 1585660136.188271}, "device": "cpu", "nd_range": {"device_start": 2327910.705855971, "device_end": 2327910.721212531}, "cmdq": 1, "read": {"device_start": -1, "device_end": -1}}, "FFC_sans_bias85": {"write": {"device_start": -1, "host_queued_start": 1585660136.159747, "device_queued": -1, "device_end": -1, "host_queued_end": 1585660136.188271}, "device": "cpu", "nd_range": {"device_start": 2327910.6438913173, "device_end": 2327910.6591774123}, "cmdq": 1, "read": {"device_start": -1, "device_end": -1}}, "FFC_sans_bias82": {"write": {"device_start": -1, "host_queued_start": 1585660136.130564, "device_queued": -1, "device_end": -1, "host_queued_end": 1585660136.188271}, "device": "cpu", "nd_range": {"device_start": 2327910.4858210953, "device_end": 2327910.501132499}, "cmdq": 0, "read": {"device_start": -1, "device_end": -1}}, "FFC_sans_bias83": {"write": {"device_start": -1, "host_queued_start": 1585660136.131655, "device_queued": -1, "device_end": -1, "host_queued_end": 1585660136.188271}, "device": "cpu", "nd_range": {"device_start": 2327910.5581485913, "device_end": 2327910.5689055803}, "cmdq": 1, "read": {"device_start": -1, "device_end": -1}}, "FFC_sans_bias81": {"write": {"device_start": -1, "host_queued_start": 1585660136.129481, "device_queued": -1, "device_end": -1, "host_queued_end": 1585660136.188271}, "device": "cpu", "nd_range": {"device_start": 2327910.4703278174, "device_end": 2327910.485732209}, "cmdq": 3, "read": {"device_start": -1, "device_end": -1}}, "FFC_sans_bias88": {"write": {"device_start": -1, "host_queued_start": 1585660136.182196, "device_queued": -1, "device_end": -1, "host_queued_end": 1585660136.188271}, "device": "cpu", "nd_range": {"device_start": 2327910.766873281, "device_end": 2327910.778353903}, "cmdq": 1, "read": {"device_start": -1, "device_end": -1}}, "coalesced_transpose30": {"write": {"device_start": -1, "host_queued_start": 1585660136.152198, "device_queued": -1, "device_end": -1, "host_queued_end": 1585660136.188271}, "device": "cpu", "nd_range": {"device_start": 2327910.594341052, "device_end": 2327910.596066258}, "cmdq": 3, "read": {"device_start": -1, "device_end": -1}}, "FFC_sans_bias128": {"write": {"device_start": -1, "host_queued_start": 1585660136.145538, "device_queued": -1, "device_end": -1, "host_queued_end": 1585660136.188271}, "device": "cpu", "nd_range": {"device_start": 2327910.541941677, "device_end": 2327910.5573519943}, "cmdq": 2, "read": {"device_start": -1, "device_end": -1}}, "coalesced_transpose39": {"write": {"device_start": -1, "host_queued_start": 1585660136.152532, "device_queued": -1, "device_end": -1, "host_queued_end": 1585660136.188271}, "device": "cpu", "nd_range": {"device_start": 2327910.563137912, "device_end": 2327910.563392984}, "cmdq": 0, "read": {"device_start": -1, "device_end": -1}}, "FFC_sans_bias79": {"write": {"device_start": -1, "host_queued_start": 1585660136.181199, "device_queued": -1, "device_end": -1, "host_queued_end": 1585660136.188271}, "device": "cpu", "nd_range": {"device_start": 2327910.745048638, "device_end": 2327910.760608339}, "cmdq": 0, "read": {"device_start": -1, "device_end": -1}}, "FFC_sans_bias78": {"write": {"device_start": -1, "host_queued_start": 1585660136.169583, "device_queued": -1, "device_end": -1, "host_queued_end": 1585660136.188271}, "device": "cpu", "nd_range": {"device_start": 2327910.6823931034, "device_end": 2327910.6979995593}, "cmdq": 0, "read": {"device_start": -1, "device_end": -1}}, "FFC_sans_bias73": {"write": {"device_start": -1, "host_queued_start": 1585660136.127308, "device_queued": -1, "device_end": -1, "host_queued_end": 1585660136.188271}, "device": "cpu", "nd_range": {"device_start": 2327910.542731385, "device_end": 2327910.558027088}, "cmdq": 1, "read": {"device_start": -1, "device_end": -1}}, "FFC_sans_bias72": {"write": {"device_start": -1, "host_queued_start": 1585660136.126217, "device_queued": -1, "device_end": -1, "host_queued_end": 1585660136.188271}, "device": "cpu", "nd_range": {"device_start": 2327910.470434692, "device_end": 2327910.485808501}, "cmdq": 0, "read": {"device_start": -1, "device_end": -1}}, "FFC_sans_bias70": {"write": {"device_start": -1, "host_queued_start": 1585660136.180176, "device_queued": -1, "device_end": -1, "host_queued_end": 1585660136.188271}, "device": "cpu", "nd_range": {"device_start": 2327910.798841175, "device_end": 2327910.804091845}, "cmdq": 3, "read": {"device_start": -1, "device_end": -1}}, "FFC_sans_bias76": {"write": {"device_start": -1, "host_queued_start": 1585660136.159396, "device_queued": -1, "device_end": -1, "host_queued_end": 1585660136.188271}, "device": "cpu", "nd_range": {"device_start": 2327910.617545878, "device_end": 2327910.633260025}, "cmdq": 0, "read": {"device_start": -1, "device_end": -1}}, "FFC_sans_bias74": {"write": {"device_start": -1, "host_queued_start": 1585660136.128403, "device_queued": -1, "device_end": -1, "host_queued_end": 1585660136.188271}, "device": "cpu", "nd_range": {"device_start": 2327910.4768954883, "device_end": 2327910.4921800233}, "cmdq": 2, "read": {"device_start": -1, "device_end": -1}}, "coalesced_transpose102": {"write": {"device_start": -1, "host_queued_start": 1585660136.154892, "device_queued": -1, "device_end": -1, "host_queued_end": 1585660136.188271}, "device": "cpu", "nd_range": {"device_start": 2327910.596612939, "device_end": 2327910.5968760243}, "cmdq": 3, "read": {"device_start": -1, "device_end": -1}}, "coalesced_transpose3": {"write": {"device_start": -1, "host_queued_start": 1585660136.151183, "device_queued": -1, "device_end": -1, "host_queued_end": 1585660136.188271}, "device": "cpu", "nd_range": {"device_start": 2327910.562758876, "device_end": 2327910.5630218633}, "cmdq": 0, "read": {"device_start": -1, "device_end": -1}}, "FFC_sans_bias127": {"write": {"device_start": -1, "host_queued_start": 1585660136.147684, "device_queued": -1, "device_end": -1, "host_queued_end": 1585660136.188271}, "device": "cpu", "nd_range": {"device_start": 2327910.547343941, "device_end": 2327910.562630944}, "cmdq": 0, "read": {"device_start": -1, "device_end": -1}}, "empty89": {"write": {"device_start": -1, "host_queued_start": 1585660136.093631, "device_queued": -1, "device_end": -1, "host_queued_end": 1585660136.188271}, "device": "cpu", "nd_range": {"device_start": 2327910.377994276, "device_end": 2327910.377995238}, "cmdq": 1, "read": {"device_start": -1, "device_end": -1}}, "FFC_sans_bias123": {"write": {"device_start": -1, "host_queued_start": 1585660136.17137, "device_queued": -1, "device_end": -1, "host_queued_end": 1585660136.188271}, "device": "cpu", "nd_range": {"device_start": 2327910.7212206214, "device_end": 2327910.7364332234}, "cmdq": 1, "read": {"device_start": -1, "device_end": -1}}, "empty80": {"write": {"device_start": -1, "host_queued_start": 1585660136.092816, "device_queued": -1, "device_end": -1, "host_queued_end": 1585660136.188271}, "device": "cpu", "nd_range": {"device_start": 2327910.378024536, "device_end": 2327910.378025553}, "cmdq": 0, "read": {"device_start": -1, "device_end": -1}}, "empty116": {"write": {"device_start": -1, "host_queued_start": 1585660136.096093, "device_queued": -1, "device_end": -1, "host_queued_end": 1585660136.188271}, "device": "cpu", "nd_range": {"device_start": 2327910.3780309153, "device_end": 2327910.378032165}, "cmdq": 0, "read": {"device_start": -1, "device_end": -1}}, "softmax104": {"write": {"device_start": -1, "host_queued_start": 1585660136.165324, "device_queued": -1, "device_end": -1, "host_queued_end": 1585660136.188271}, "device": "cpu", "nd_range": {"device_start": 2327910.724348246, "device_end": 2327910.72456318}, "cmdq": 3, "read": {"device_start": -1, "device_end": -1}}, "coalesced_transpose21": {"write": {"device_start": -1, "host_queued_start": 1585660136.15186, "device_queued": -1, "device_end": -1, "host_queued_end": 1585660136.188271}, "device": "cpu", "nd_range": {"device_start": 2327910.570664286, "device_end": 2327910.570930148}, "cmdq": 2, "read": {"device_start": -1, "device_end": -1}}, "softmax14": {"write": {"device_start": -1, "host_queued_start": 1585660136.162503, "device_queued": -1, "device_end": -1, "host_queued_end": 1585660136.188271}, "device": "cpu", "nd_range": {"device_start": 2327910.6743653943, "device_end": 2327910.6745858514}, "cmdq": 1, "read": {"device_start": -1, "device_end": -1}}, "FFC_sans_bias69": {"write": {"device_start": -1, "host_queued_start": 1585660136.169237, "device_queued": -1, "device_end": -1, "host_queued_end": 1585660136.188271}, "device": "cpu", "nd_range": {"device_start": 2327910.747798184, "device_end": 2327910.7766716704}, "cmdq": 3, "read": {"device_start": -1, "device_end": -1}}, "FFC_sans_bias92": {"write": {"device_start": -1, "host_queued_start": 1585660136.134853, "device_queued": -1, "device_end": -1, "host_queued_end": 1585660136.188271}, "device": "cpu", "nd_range": {"device_start": 2327910.5012045093, "device_end": 2327910.516490369}, "cmdq": 0, "read": {"device_start": -1, "device_end": -1}}, "FFC_sans_bias60": {"write": {"device_start": -1, "host_queued_start": 1585660136.168889, "device_queued": -1, "device_end": -1, "host_queued_end": 1585660136.188271}, "device": "cpu", "nd_range": {"device_start": 2327910.657950051, "device_end": 2327910.673754842}, "cmdq": 2, "read": {"device_start": -1, "device_end": -1}}, "FFC_sans_bias61": {"write": {"device_start": -1, "host_queued_start": 1585660136.179179, "device_queued": -1, "device_end": -1, "host_queued_end": 1585660136.188271}, "device": "cpu", "nd_range": {"device_start": 2327910.722034688, "device_end": 2327910.7380772843}, "cmdq": 2, "read": {"device_start": -1, "device_end": -1}}, "FFC_sans_bias63": {"write": {"device_start": -1, "host_queued_start": 1585660136.125137, "device_queued": -1, "device_end": -1, "host_queued_end": 1585660136.188271}, "device": "cpu", "nd_range": {"device_start": 2327910.4548850893, "device_end": 2327910.4703108673}, "cmdq": 3, "read": {"device_start": -1, "device_end": -1}}, "FFC_sans_bias64": {"write": {"device_start": -1, "host_queued_start": 1585660136.122931, "device_queued": -1, "device_end": -1, "host_queued_end": 1585660136.188271}, "device": "cpu", "nd_range": {"device_start": 2327910.527350219, "device_end": 2327910.542610348}, "cmdq": 1, "read": {"device_start": -1, "device_end": -1}}, "FFC_sans_bias65": {"write": {"device_start": -1, "host_queued_start": 1585660136.124021, "device_queued": -1, "device_end": -1, "host_queued_end": 1585660136.188271}, "device": "cpu", "nd_range": {"device_start": 2327910.460731943, "device_end": 2327910.476762392}, "cmdq": 2, "read": {"device_start": -1, "device_end": -1}}, "FFC_sans_bias67": {"write": {"device_start": -1, "host_queued_start": 1585660136.159045, "device_queued": -1, "device_end": -1, "host_queued_end": 1585660136.188271}, "device": "cpu", "nd_range": {"device_start": 2327910.6301257713, "device_end": 2327910.661417881}, "cmdq": 3, "read": {"device_start": -1, "device_end": -1}}, "coalesced_transpose111": {"write": {"device_start": -1, "host_queued_start": 1585660136.155225, "device_queued": -1, "device_end": -1, "host_queued_end": 1585660136.188271}, "device": "cpu", "nd_range": {"device_start": 2327910.587961369, "device_end": 2327910.5881994963}, "cmdq": 0, "read": {"device_start": -1, "device_end": -1}}, "FFC_sans_bias136": {"write": {"device_start": -1, "host_queued_start": 1585660136.14874, "device_queued": -1, "device_end": -1, "host_queued_end": 1585660136.188271}, "device": "cpu", "nd_range": {"device_start": 2327910.6008639843, "device_end": 2327910.612296}, "cmdq": 1, "read": {"device_start": -1, "device_end": -1}}, "FFC_sans_bias135": {"write": {"device_start": -1, "host_queued_start": 1585660136.150845, "device_queued": -1, "device_end": -1, "host_queued_end": 1585660136.188271}, "device": "cpu", "nd_range": {"device_start": 2327910.564954087, "device_end": 2327910.594333387}, "cmdq": 3, "read": {"device_start": -1, "device_end": -1}}, "FFC_sans_bias133": {"write": {"device_start": -1, "host_queued_start": 1585660136.187229, "device_queued": -1, "device_end": -1, "host_queued_end": 1585660136.188271}, "device": "cpu", "nd_range": {"device_start": 2327910.75423676, "device_end": 2327910.769424165}, "cmdq": 2, "read": {"device_start": -1, "device_end": -1}}, "FFC_sans_bias132": {"write": {"device_start": -1, "host_queued_start": 1585660136.171718, "device_queued": -1, "device_end": -1, "host_queued_end": 1585660136.188271}, "device": "cpu", "nd_range": {"device_start": 2327910.689456539, "device_end": 2327910.7059819642}, "cmdq": 2, "read": {"device_start": -1, "device_end": -1}}, "softmax68": {"write": {"device_start": -1, "host_queued_start": 1585660136.16419, "device_queued": -1, "device_end": -1, "host_queued_end": 1585660136.188271}, "device": "cpu", "nd_range": {"device_start": 2327910.723887084, "device_end": 2327910.724342105}, "cmdq": 3, "read": {"device_start": -1, "device_end": -1}}, "softmax131": {"write": {"device_start": -1, "host_queued_start": 1585660136.166162, "device_queued": -1, "device_end": -1, "host_queued_end": 1585660136.188271}, "device": "cpu", "nd_range": {"device_start": 2327910.641540815, "device_end": 2327910.641751096}, "cmdq": 2, "read": {"device_start": -1, "device_end": -1}}, "empty125": {"write": {"device_start": -1, "host_queued_start": 1585660136.096911, "device_queued": -1, "device_end": -1, "host_queued_end": 1585660136.188271}, "device": "cpu", "nd_range": {"device_start": 2327910.377999526, "device_end": 2327910.378000128}, "cmdq": 1, "read": {"device_start": -1, "device_end": -1}}, "FFC_sans_bias139": {"write": {"device_start": -1, "host_queued_start": 1585660136.16194, "device_queued": -1, "device_end": -1, "host_queued_end": 1585660136.188271}, "device": "cpu", "nd_range": {"device_start": 2327910.692746091, "device_end": 2327910.7155478112}, "cmdq": 3, "read": {"device_start": -1, "device_end": -1}}, "empty35": {"write": {"device_start": -1, "host_queued_start": 1585660136.088642, "device_queued": -1, "device_end": -1, "host_queued_end": 1585660136.188271}, "device": "cpu", "nd_range": {"device_start": 2327910.377954352, "device_end": 2327910.3779666834}, "cmdq": 3, "read": {"device_start": -1, "device_end": -1}}, "softmax86": {"write": {"device_start": -1, "host_queued_start": 1585660136.164766, "device_queued": -1, "device_end": -1, "host_queued_end": 1585660136.188271}, "device": "cpu", "nd_range": {"device_start": 2327910.674819916, "device_end": 2327910.6750304704}, "cmdq": 1, "read": {"device_start": -1, "device_end": -1}}, "FFC_sans_bias55": {"write": {"device_start": -1, "host_queued_start": 1585660136.121815, "device_queued": -1, "device_end": -1, "host_queued_end": 1585660136.188271}, "device": "cpu", "nd_range": {"device_start": 2327910.4550264203, "device_end": 2327910.470293234}, "cmdq": 0, "read": {"device_start": -1, "device_end": -1}}, "FFC_sans_bias54": {"write": {"device_start": -1, "host_queued_start": 1585660136.120735, "device_queued": -1, "device_end": -1, "host_queued_end": 1585660136.188271}, "device": "cpu", "nd_range": {"device_start": 2327910.4394781413, "device_end": 2327910.454867076}, "cmdq": 3, "read": {"device_start": -1, "device_end": -1}}, "FFC_sans_bias56": {"write": {"device_start": -1, "host_queued_start": 1585660136.119655, "device_queued": -1, "device_end": -1, "host_queued_end": 1585660136.188271}, "device": "cpu", "nd_range": {"device_start": 2327910.444724086, "device_end": 2327910.460602595}, "cmdq": 2, "read": {"device_start": -1, "device_end": -1}}, "FFC_sans_bias51": {"write": {"device_start": -1, "host_queued_start": 1585660136.168541, "device_queued": -1, "device_end": -1, "host_queued_end": 1585660136.188271}, "device": "cpu", "nd_range": {"device_start": 2327910.690627546, "device_end": 2327910.705847187}, "cmdq": 1, "read": {"device_start": -1, "device_end": -1}}, "FFC_sans_bias52": {"write": {"device_start": -1, "host_queued_start": 1585660136.178181, "device_queued": -1, "device_end": -1, "host_queued_end": 1585660136.188271}, "device": "cpu", "nd_range": {"device_start": 2327910.7517202264, "device_end": 2327910.76686873}, "cmdq": 1, "read": {"device_start": -1, "device_end": -1}}, "FFC_sans_bias58": {"write": {"device_start": -1, "host_queued_start": 1585660136.158695, "device_queued": -1, "device_end": -1, "host_queued_end": 1585660136.188271}, "device": "cpu", "nd_range": {"device_start": 2327910.585287859, "device_end": 2327910.600736884}, "cmdq": 2, "read": {"device_start": -1, "device_end": -1}}, "FFC_sans_bias108": {"write": {"device_start": -1, "host_queued_start": 1585660136.139075, "device_queued": -1, "device_end": -1, "host_queued_end": 1585660136.188271}, "device": "cpu", "nd_range": {"device_start": 2327910.5166286994, "device_end": 2327910.531857478}, "cmdq": 0, "read": {"device_start": -1, "device_end": -1}}, "FFC_sans_bias109": {"write": {"device_start": -1, "host_queued_start": 1585660136.140125, "device_queued": -1, "device_end": -1, "host_queued_end": 1585660136.188271}, "device": "cpu", "nd_range": {"device_start": 2327910.577516415, "device_end": 2327910.587035282}, "cmdq": 1, "read": {"device_start": -1, "device_end": -1}}, "coalesced_transpose129": {"write": {"device_start": -1, "host_queued_start": 1585660136.155889, "device_queued": -1, "device_end": -1, "host_queued_end": 1585660136.188271}, "device": "cpu", "nd_range": {"device_start": 2327910.571828445, "device_end": 2327910.572101903}, "cmdq": 2, "read": {"device_start": -1, "device_end": -1}}, "FFC_sans_bias103": {"write": {"device_start": -1, "host_queued_start": 1585660136.160444, "device_queued": -1, "device_end": -1, "host_queued_end": 1585660136.188271}, "device": "cpu", "nd_range": {"device_start": 2327910.661424769, "device_end": 2327910.692736517}, "cmdq": 3, "read": {"device_start": -1, "device_end": -1}}, "FFC_sans_bias100": {"write": {"device_start": -1, "host_queued_start": 1585660136.136962, "device_queued": -1, "device_end": -1, "host_queued_end": 1585660136.188271}, "device": "cpu", "nd_range": {"device_start": 2327910.509048671, "device_end": 2327910.524926547}, "cmdq": 2, "read": {"device_start": -1, "device_end": -1}}, "FFC_sans_bias101": {"write": {"device_start": -1, "host_queued_start": 1585660136.138018, "device_queued": -1, "device_end": -1, "host_queued_end": 1585660136.188271}, "device": "cpu", "nd_range": {"device_start": 2327910.501364495, "device_end": 2327910.516566166}, "cmdq": 3, "read": {"device_start": -1, "device_end": -1}}, "FFC_sans_bias106": {"write": {"device_start": -1, "host_queued_start": 1585660136.1842, "device_queued": -1, "device_end": -1, "host_queued_end": 1585660136.188271}, "device": "cpu", "nd_range": {"device_start": 2327910.804097419, "device_end": 2327910.809427612}, "cmdq": 3, "read": {"device_start": -1, "device_end": -1}}, "softmax122": {"write": {"device_start": -1, "host_queued_start": 1585660136.165887, "device_queued": -1, "device_end": -1, "host_queued_end": 1585660136.188271}, "device": "cpu", "nd_range": {"device_start": 2327910.675036385, "device_end": 2327910.675252756}, "cmdq": 1, "read": {"device_start": -1, "device_end": -1}}, "FFC_sans_bias105": {"write": {"device_start": -1, "host_queued_start": 1585660136.170636, "device_queued": -1, "device_end": -1, "host_queued_end": 1585660136.188271}, "device": "cpu", "nd_range": {"device_start": 2327910.7766831, "device_end": 2327910.7882537413}, "cmdq": 3, "read": {"device_start": -1, "device_end": -1}}, "softmax95": {"write": {"device_start": -1, "host_queued_start": 1585660136.165043, "device_queued": -1, "device_end": -1, "host_queued_end": 1585660136.188271}, "device": "cpu", "nd_range": {"device_start": 2327910.641318324, "device_end": 2327910.641534448}, "cmdq": 2, "read": {"device_start": -1, "device_end": -1}}, "coalesced_transpose57": {"write": {"device_start": -1, "host_queued_start": 1585660136.153202, "device_queued": -1, "device_end": -1, "host_queued_end": 1585660136.188271}, "device": "cpu", "nd_range": {"device_start": 2327910.570935991, "device_end": 2327910.571546149}, "cmdq": 2, "read": {"device_start": -1, "device_end": -1}}, "empty26": {"write": {"device_start": -1, "host_queued_start": 1585660136.087773, "device_queued": -1, "device_end": -1, "host_queued_end": 1585660136.188271}, "device": "cpu", "nd_range": {"device_start": 2327910.3780049593, "device_end": 2327910.3780057263}, "cmdq": 2, "read": {"device_start": -1, "device_end": -1}}, "softmax113": {"write": {"device_start": -1, "host_queued_start": 1585660136.165605, "device_queued": -1, "device_end": -1, "host_queued_end": 1585660136.188271}, "device": "cpu", "nd_range": {"device_start": 2327910.6503409822, "device_end": 2327910.6505538584}, "cmdq": 0, "read": {"device_start": -1, "device_end": -1}}, "FFC_sans_bias11": {"write": {"device_start": -1, "host_queued_start": 1585660136.105184, "device_queued": -1, "device_end": -1, "host_queued_end": 1585660136.188271}, "device": "cpu", "nd_range": {"device_start": 2327910.408282891, "device_end": 2327910.4395540194}, "cmdq": 1, "read": {"device_start": -1, "device_end": -1}}, "FFC_sans_bias42": {"write": {"device_start": -1, "host_queued_start": 1585660136.168194, "device_queued": -1, "device_end": -1, "host_queued_end": 1585660136.188271}, "device": "cpu", "nd_range": {"device_start": 2327910.666374748, "device_end": 2327910.6822731183}, "cmdq": 0, "read": {"device_start": -1, "device_end": -1}}, "FFC_sans_bias43": {"write": {"device_start": -1, "host_queued_start": 1585660136.177188, "device_queued": -1, "device_end": -1, "host_queued_end": 1585660136.188271}, "device": "cpu", "nd_range": {"device_start": 2327910.7296774914, "device_end": 2327910.7450388013}, "cmdq": 0, "read": {"device_start": -1, "device_end": -1}}, "FFC_sans_bias40": {"write": {"device_start": -1, "host_queued_start": 1585660136.157968, "device_queued": -1, "device_end": -1, "host_queued_end": 1585660136.188271}, "device": "cpu", "nd_range": {"device_start": 2327910.607235451, "device_end": 2327910.617429764}, "cmdq": 0, "read": {"device_start": -1, "device_end": -1}}, "FFC_sans_bias46": {"write": {"device_start": -1, "host_queued_start": 1585660136.117463, "device_queued": -1, "device_end": -1, "host_queued_end": 1585660136.188271}, "device": "cpu", "nd_range": {"device_start": 2327910.4396199663, "device_end": 2327910.454870567}, "cmdq": 0, "read": {"device_start": -1, "device_end": -1}}, "FFC_sans_bias47": {"write": {"device_start": -1, "host_queued_start": 1585660136.118556, "device_queued": -1, "device_end": -1, "host_queued_end": 1585660136.188271}, "device": "cpu", "nd_range": {"device_start": 2327910.503838182, "device_end": 2327910.527224435}, "cmdq": 1, "read": {"device_start": -1, "device_end": -1}}, "FFC_sans_bias45": {"write": {"device_start": -1, "host_queued_start": 1585660136.116377, "device_queued": -1, "device_end": -1, "host_queued_end": 1585660136.188271}, "device": "cpu", "nd_range": {"device_start": 2327910.42409305, "device_end": 2327910.439405342}, "cmdq": 3, "read": {"device_start": -1, "device_end": -1}}, "FFC_sans_bias49": {"write": {"device_start": -1, "host_queued_start": 1585660136.158329, "device_queued": -1, "device_end": -1, "host_queued_end": 1585660136.188271}, "device": "cpu", "nd_range": {"device_start": 2327910.628699454, "device_end": 2327910.6438824483}, "cmdq": 1, "read": {"device_start": -1, "device_end": -1}}, "softmax77": {"write": {"device_start": -1, "host_queued_start": 1585660136.164469, "device_queued": -1, "device_end": -1, "host_queued_end": 1585660136.188271}, "device": "cpu", "nd_range": {"device_start": 2327910.6500202673, "device_end": 2327910.650234241}, "cmdq": 0, "read": {"device_start": -1, "device_end": -1}}, "empty134": {"write": {"device_start": -1, "host_queued_start": 1585660136.097826, "device_queued": -1, "device_end": -1, "host_queued_end": 1585660136.188271}, "device": "cpu", "nd_range": {"device_start": 2327910.3780234354, "device_end": 2327910.378024097}, "cmdq": 2, "read": {"device_start": -1, "device_end": -1}}, "coalesced_transpose138": {"write": {"device_start": -1, "host_queued_start": 1585660136.156222, "device_queued": -1, "device_end": -1, "host_queued_end": 1585660136.188271}, "device": "cpu", "nd_range": {"device_start": 2327910.6137387333, "device_end": 2327910.613981183}, "cmdq": 3, "read": {"device_start": -1, "device_end": -1}}, "FFC_sans_bias119": {"write": {"device_start": -1, "host_queued_start": 1585660136.144392, "device_queued": -1, "device_end": -1, "host_queued_end": 1585660136.188271}, "device": "cpu", "nd_range": {"device_start": 2327910.587044942, "device_end": 2327910.6008554273}, "cmdq": 1, "read": {"device_start": -1, "device_end": -1}}, "FFC_sans_bias118": {"write": {"device_start": -1, "host_queued_start": 1585660136.143309, "device_queued": -1, "device_end": -1, "host_queued_end": 1585660136.188271}, "device": "cpu", "nd_range": {"device_start": 2327910.5319842673, "device_end": 2327910.5472177}, "cmdq": 0, "read": {"device_start": -1, "device_end": -1}}, "empty143": {"write": {"device_start": -1, "host_queued_start": 1585660136.098675, "device_queued": -1, "device_end": -1, "host_queued_end": 1585660136.188271}, "device": "cpu", "nd_range": {"device_start": 2327910.378001106, "device_end": 2327910.378001808}, "cmdq": 3, "read": {"device_start": -1, "device_end": -1}}, "FFC_sans_bias115": {"write": {"device_start": -1, "host_queued_start": 1585660136.185221, "device_queued": -1, "device_end": -1, "host_queued_end": 1585660136.188271}, "device": "cpu", "nd_range": {"device_start": 2327910.760615594, "device_end": 2327910.77536747}, "cmdq": 0, "read": {"device_start": -1, "device_end": -1}}, "FFC_sans_bias114": {"write": {"device_start": -1, "host_queued_start": 1585660136.17102, "device_queued": -1, "device_end": -1, "host_queued_end": 1585660136.188271}, "device": "cpu", "nd_range": {"device_start": 2327910.698119068, "device_end": 2327910.713577845}, "cmdq": 0, "read": {"device_start": -1, "device_end": -1}}, "FFC_sans_bias117": {"write": {"device_start": -1, "host_queued_start": 1585660136.142232, "device_queued": -1, "device_end": -1, "host_queued_end": 1585660136.188271}, "device": "cpu", "nd_range": {"device_start": 2327910.5165818334, "device_end": 2327910.535933028}, "cmdq": 3, "read": {"device_start": -1, "device_end": -1}}, "softmax5": {"write": {"device_start": -1, "host_queued_start": 1585660136.162223, "device_queued": -1, "device_end": -1, "host_queued_end": 1585660136.188271}, "device": "cpu", "nd_range": {"device_start": 2327910.649368244, "device_end": 2327910.649588968}, "cmdq": 0, "read": {"device_start": -1, "device_end": -1}}, "FFC_sans_bias110": {"write": {"device_start": -1, "host_queued_start": 1585660136.141184, "device_queued": -1, "device_end": -1, "host_queued_end": 1585660136.188271}, "device": "cpu", "nd_range": {"device_start": 2327910.525062131, "device_end": 2327910.5418151263}, "cmdq": 2, "read": {"device_start": -1, "device_end": -1}}, "FFC_sans_bias112": {"write": {"device_start": -1, "host_queued_start": 1585660136.160865, "device_queued": -1, "device_end": -1, "host_queued_end": 1585660136.188271}, "device": "cpu", "nd_range": {"device_start": 2327910.633377166, "device_end": 2327910.6492495583}, "cmdq": 0, "read": {"device_start": -1, "device_end": -1}}, "empty53": {"write": {"device_start": -1, "host_queued_start": 1585660136.090318, "device_queued": -1, "device_end": -1, "host_queued_end": 1585660136.188271}, "device": "cpu", "nd_range": {"device_start": 2327910.3779882584, "device_end": 2327910.377989244}, "cmdq": 1, "read": {"device_start": -1, "device_end": -1}}, "coalesced_transpose48": {"write": {"device_start": -1, "host_queued_start": 1585660136.152865, "device_queued": -1, "device_end": -1, "host_queued_end": 1585660136.188271}, "device": "cpu", "nd_range": {"device_start": 2327910.6125720222, "device_end": 2327910.6128426613}, "cmdq": 1, "read": {"device_start": -1, "device_end": -1}}}