{"FFC_sans_bias4": {"write": {"device_start": -1, "host_queued_start": 1585659966.162762, "device_queued": -1, "device_end": -1, "host_queued_end": 1585659966.185617}, "device": "cpu", "nd_range": {"device_start": 2327740.529623736, "device_end": 2327740.533616412}, "cmdq": 0, "read": {"device_start": -1, "device_end": -1}}, "FFC_sans_bias7": {"write": {"device_start": -1, "host_queued_start": 1585659966.175123, "device_queued": -1, "device_end": -1, "host_queued_end": 1585659966.185617}, "device": "cpu", "nd_range": {"device_start": 2327740.632736462, "device_end": 2327740.63739287}, "cmdq": 0, "read": {"device_start": -1, "device_end": -1}}, "FFC_sans_bias6": {"write": {"device_start": -1, "host_queued_start": 1585659966.170173, "device_queued": -1, "device_end": -1, "host_queued_end": 1585659966.185617}, "device": "cpu", "nd_range": {"device_start": 2327740.582133798, "device_end": 2327740.5864467723}, "cmdq": 0, "read": {"device_start": -1, "device_end": -1}}, "FFC_sans_bias1": {"write": {"device_start": -1, "host_queued_start": 1585659966.122806, "device_queued": -1, "device_end": -1, "host_queued_end": 1585659966.185617}, "device": "cpu", "nd_range": {"device_start": 2327740.379900913, "device_end": 2327740.3838154553}, "cmdq": 0, "read": {"device_start": -1, "device_end": -1}}, "FFC_sans_bias0": {"write": {"device_start": -1, "host_queued_start": 1585659966.121445, "device_queued": -1, "device_end": -1, "host_queued_end": 1585659966.185617}, "device": "cpu", "nd_range": {"device_start": 2327740.3753200243, "device_end": 2327740.379886271}, "cmdq": 0, "read": {"device_start": -1, "device_end": -1}}, "FFC_sans_bias2": {"write": {"device_start": -1, "host_queued_start": 1585659966.12405, "device_queued": -1, "device_end": -1, "host_queued_end": 1585659966.185617}, "device": "cpu", "nd_range": {"device_start": 2327740.383942604, "device_end": 2327740.3880519243}, "cmdq": 0, "read": {"device_start": -1, "device_end": -1}}, "coalesced_transpose120": {"write": {"device_start": -1, "host_queued_start": 1585659966.097637, "device_queued": -1, "device_end": -1, "host_queued_end": 1585659966.108992}, "device": "gpu", "nd_range": {"device_start": 1585659898.672318, "device_end": 1585659898.6731634}, "cmdq": 2, "read": {"device_start": -1, "device_end": -1}}, "FFC_sans_bias9": {"write": {"device_start": -1, "host_queued_start": 1585659966.125333, "device_queued": -1, "device_end": -1, "host_queued_end": 1585659966.185617}, "device": "cpu", "nd_range": {"device_start": 2327740.388174369, "device_end": 2327740.392152286}, "cmdq": 0, "read": {"device_start": -1, "device_end": -1}}, "empty71": {"write": {"device_start": -1, "host_queued_start": 1585659966.117761, "device_queued": -1, "device_end": -1, "host_queued_end": 1585659966.185617}, "device": "cpu", "nd_range": {"device_start": 2327740.3752978, "device_end": 2327740.375298522}, "cmdq": 0, "read": {"device_start": -1, "device_end": -1}}, "softmax41": {"write": {"device_start": -1, "host_queued_start": 1585659966.168009, "device_queued": -1, "device_end": -1, "host_queued_end": 1585659966.185617}, "device": "cpu", "nd_range": {"device_start": 2327740.5812926292, "device_end": 2327740.5814083233}, "cmdq": 0, "read": {"device_start": -1, "device_end": -1}}, "FFC_sans_bias37": {"write": {"device_start": -1, "host_queued_start": 1585659966.136731, "device_queued": -1, "device_end": -1, "host_queued_end": 1585659966.185617}, "device": "cpu", "nd_range": {"device_start": 2327740.433920869, "device_end": 2327740.438681938}, "cmdq": 0, "read": {"device_start": -1, "device_end": -1}}, "FFC_sans_bias36": {"write": {"device_start": -1, "host_queued_start": 1585659966.135645, "device_queued": -1, "device_end": -1, "host_queued_end": 1585659966.185617}, "device": "cpu", "nd_range": {"device_start": 2327740.429383194, "device_end": 2327740.433914613}, "cmdq": 0, "read": {"device_start": -1, "device_end": -1}}, "FFC_sans_bias34": {"write": {"device_start": -1, "host_queued_start": 1585659966.178172, "device_queued": -1, "device_end": -1, "host_queued_end": 1585659966.185617}, "device": "cpu", "nd_range": {"device_start": 2327740.646343281, "device_end": 2327740.6508908253}, "cmdq": 0, "read": {"device_start": -1, "device_end": -1}}, "FFC_sans_bias33": {"write": {"device_start": -1, "host_queued_start": 1585659966.171299, "device_queued": -1, "device_end": -1, "host_queued_end": 1585659966.185617}, "device": "cpu", "nd_range": {"device_start": 2327740.595722591, "device_end": 2327740.600715003}, "cmdq": 0, "read": {"device_start": -1, "device_end": -1}}, "FFC_sans_bias31": {"write": {"device_start": -1, "host_queued_start": 1585659966.163882, "device_queued": -1, "device_end": -1, "host_queued_end": 1585659966.185617}, "device": "cpu", "nd_range": {"device_start": 2327740.543061228, "device_end": 2327740.547926965}, "cmdq": 0, "read": {"device_start": -1, "device_end": -1}}, "FFC_sans_bias38": {"write": {"device_start": -1, "host_queued_start": 1585659966.137934, "device_queued": -1, "device_end": -1, "host_queued_end": 1585659966.185617}, "device": "cpu", "nd_range": {"device_start": 2327740.438688042, "device_end": 2327740.443230484}, "cmdq": 0, "read": {"device_start": -1, "device_end": -1}}, "coalesced_transpose75": {"write": {"device_start": -1, "host_queued_start": 1585659966.161641, "device_queued": -1, "device_end": -1, "host_queued_end": 1585659966.185617}, "device": "cpu", "nd_range": {"device_start": 2327740.52895502, "device_end": 2327740.529063358}, "cmdq": 0, "read": {"device_start": -1, "device_end": -1}}, "softmax140": {"write": {"device_start": -1, "host_queued_start": 1585659966.101436, "device_queued": -1, "device_end": -1, "host_queued_end": 1585659966.108992}, "device": "gpu", "nd_range": {"device_start": 1585659898.6757374, "device_end": 1585659898.6773329}, "cmdq": 4, "read": {"device_start": -1, "device_end": -1}}, "empty44": {"write": {"device_start": -1, "host_queued_start": 1585659966.115053, "device_queued": -1, "device_end": -1, "host_queued_end": 1585659966.185617}, "device": "cpu", "nd_range": {"device_start": 2327740.3752569403, "device_end": 2327740.3752575633}, "cmdq": 0, "read": {"device_start": -1, "device_end": -1}}, "FFC_sans_bias137": {"write": {"device_start": 1585659898.6705024, "host_queued_start": 1585659966.095372, "device_queued": 1585659898.6675599, "device_end": 1585659898.6705356, "host_queued_end": 1585659966.108992}, "device": "gpu", "nd_range": {"device_start": 1585659898.6705403, "device_end": 1585659898.6727972}, "cmdq": 3, "read": {"device_start": -1, "device_end": -1}}, "empty8": {"write": {"device_start": -1, "host_queued_start": 1585659966.110716, "device_queued": -1, "device_end": -1, "host_queued_end": 1585659966.185617}, "device": "cpu", "nd_range": {"device_start": 2327740.3752109683, "device_end": 2327740.375221726}, "cmdq": 0, "read": {"device_start": -1, "device_end": -1}}, "softmax50": {"write": {"device_start": -1, "host_queued_start": 1585659966.168366, "device_queued": -1, "device_end": -1, "host_queued_end": 1585659966.185617}, "device": "cpu", "nd_range": {"device_start": 2327740.581414342, "device_end": 2327740.581530073}, "cmdq": 0, "read": {"device_start": -1, "device_end": -1}}, "softmax59": {"write": {"device_start": -1, "host_queued_start": 1585659966.168643, "device_queued": -1, "device_end": -1, "host_queued_end": 1585659966.185617}, "device": "cpu", "nd_range": {"device_start": 2327740.58153588, "device_end": 2327740.581649315}, "cmdq": 0, "read": {"device_start": -1, "device_end": -1}}, "FFC_sans_bias142": {"write": {"device_start": 1585659898.6792436, "host_queued_start": 1585659966.10889, "device_queued": 1585659898.6693828, "device_end": 1585659898.6792738, "host_queued_end": 1585659966.108992}, "device": "gpu", "nd_range": {"device_start": 1585659898.6792789, "device_end": 1585659898.6805}, "cmdq": 4, "read": {"device_start": 1585659898.6805096, "device_end": 1585659898.6805327}}, "FFC_sans_bias141": {"write": {"device_start": -1, "host_queued_start": 1585659966.103029, "device_queued": -1, "device_end": -1, "host_queued_end": 1585659966.108992}, "device": "gpu", "nd_range": {"device_start": 1585659898.677334, "device_end": 1585659898.679118}, "cmdq": 4, "read": {"device_start": -1, "device_end": -1}}, "FFC_sans_bias24": {"write": {"device_start": -1, "host_queued_start": 1585659966.17094, "device_queued": -1, "device_end": -1, "host_queued_end": 1585659966.185617}, "device": "cpu", "nd_range": {"device_start": 2327740.5916466173, "device_end": 2327740.59571689}, "cmdq": 0, "read": {"device_start": -1, "device_end": -1}}, "FFC_sans_bias25": {"write": {"device_start": -1, "host_queued_start": 1585659966.177183, "device_queued": -1, "device_end": -1, "host_queued_end": 1585659966.185617}, "device": "cpu", "nd_range": {"device_start": 2327740.6419148194, "device_end": 2327740.646340101}, "cmdq": 0, "read": {"device_start": -1, "device_end": -1}}, "FFC_sans_bias27": {"write": {"device_start": -1, "host_queued_start": 1585659966.132277, "device_queued": -1, "device_end": -1, "host_queued_end": 1585659966.185617}, "device": "cpu", "nd_range": {"device_start": 2327740.415567398, "device_end": 2327740.420150149}, "cmdq": 0, "read": {"device_start": -1, "device_end": -1}}, "FFC_sans_bias20": {"write": {"device_start": -1, "host_queued_start": 1585659966.131186, "device_queued": -1, "device_end": -1, "host_queued_end": 1585659966.185617}, "device": "cpu", "nd_range": {"device_start": 2327740.41054331, "device_end": 2327740.415560922}, "cmdq": 0, "read": {"device_start": -1, "device_end": -1}}, "FFC_sans_bias22": {"write": {"device_start": -1, "host_queued_start": 1585659966.163531, "device_queued": -1, "device_end": -1, "host_queued_end": 1585659966.185617}, "device": "cpu", "nd_range": {"device_start": 2327740.538762078, "device_end": 2327740.543054549}, "cmdq": 0, "read": {"device_start": -1, "device_end": -1}}, "FFC_sans_bias130": {"write": {"device_start": -1, "host_queued_start": 1585659966.099773, "device_queued": -1, "device_end": -1, "host_queued_end": 1585659966.108992}, "device": "gpu", "nd_range": {"device_start": 1585659898.6731794, "device_end": 1585659898.6752372}, "cmdq": 3, "read": {"device_start": -1, "device_end": -1}}, "FFC_sans_bias28": {"write": {"device_start": -1, "host_queued_start": 1585659966.133391, "device_queued": -1, "device_end": -1, "host_queued_end": 1585659966.185617}, "device": "cpu", "nd_range": {"device_start": 2327740.420156264, "device_end": 2327740.424731853}, "cmdq": 0, "read": {"device_start": -1, "device_end": -1}}, "FFC_sans_bias29": {"write": {"device_start": -1, "host_queued_start": 1585659966.134517, "device_queued": -1, "device_end": -1, "host_queued_end": 1585659966.185617}, "device": "cpu", "nd_range": {"device_start": 2327740.4247370833, "device_end": 2327740.4292501584}, "cmdq": 0, "read": {"device_start": -1, "device_end": -1}}, "coalesced_transpose66": {"write": {"device_start": -1, "host_queued_start": 1585659966.161284, "device_queued": -1, "device_end": -1, "host_queued_end": 1585659966.185617}, "device": "cpu", "nd_range": {"device_start": 2327740.5287461453, "device_end": 2327740.528853042}, "cmdq": 0, "read": {"device_start": -1, "device_end": -1}}, "coalesced_transpose93": {"write": {"device_start": -1, "host_queued_start": 1585659966.162395, "device_queued": -1, "device_end": -1, "host_queued_end": 1585659966.185617}, "device": "cpu", "nd_range": {"device_start": 2327740.529371484, "device_end": 2327740.529514625}, "cmdq": 0, "read": {"device_start": -1, "device_end": -1}}, "softmax23": {"write": {"device_start": -1, "host_queued_start": 1585659966.167456, "device_queued": -1, "device_end": -1, "host_queued_end": 1585659966.185617}, "device": "cpu", "nd_range": {"device_start": 2327740.581050325, "device_end": 2327740.5811630003}, "cmdq": 0, "read": {"device_start": -1, "device_end": -1}}, "empty62": {"write": {"device_start": -1, "host_queued_start": 1585659966.116866, "device_queued": -1, "device_end": -1, "host_queued_end": 1585659966.185617}, "device": "cpu", "nd_range": {"device_start": 2327740.3752910183, "device_end": 2327740.375292203}, "cmdq": 0, "read": {"device_start": -1, "device_end": -1}}, "FFC_sans_bias10": {"write": {"device_start": -1, "host_queued_start": 1585659966.126459, "device_queued": -1, "device_end": -1, "host_queued_end": 1585659966.185617}, "device": "cpu", "nd_range": {"device_start": 2327740.392159242, "device_end": 2327740.397049031}, "cmdq": 0, "read": {"device_start": -1, "device_end": -1}}, "FFC_sans_bias13": {"write": {"device_start": -1, "host_queued_start": 1585659966.163113, "device_queued": -1, "device_end": -1, "host_queued_end": 1585659966.185617}, "device": "cpu", "nd_range": {"device_start": 2327740.533623423, "device_end": 2327740.538755672}, "cmdq": 0, "read": {"device_start": -1, "device_end": -1}}, "FFC_sans_bias15": {"write": {"device_start": -1, "host_queued_start": 1585659966.170536, "device_queued": -1, "device_end": -1, "host_queued_end": 1585659966.185617}, "device": "cpu", "nd_range": {"device_start": 2327740.586452525, "device_end": 2327740.591640904}, "cmdq": 0, "read": {"device_start": -1, "device_end": -1}}, "FFC_sans_bias16": {"write": {"device_start": -1, "host_queued_start": 1585659966.176194, "device_queued": -1, "device_end": -1, "host_queued_end": 1585659966.185617}, "device": "cpu", "nd_range": {"device_start": 2327740.6373966592, "device_end": 2327740.641911651}, "cmdq": 0, "read": {"device_start": -1, "device_end": -1}}, "FFC_sans_bias19": {"write": {"device_start": -1, "host_queued_start": 1585659966.129956, "device_queued": -1, "device_end": -1, "host_queued_end": 1585659966.185617}, "device": "cpu", "nd_range": {"device_start": 2327740.4061779003, "device_end": 2327740.410537131}, "cmdq": 0, "read": {"device_start": -1, "device_end": -1}}, "FFC_sans_bias18": {"write": {"device_start": -1, "host_queued_start": 1585659966.128818, "device_queued": -1, "device_end": -1, "host_queued_end": 1585659966.185617}, "device": "cpu", "nd_range": {"device_start": 2327740.401349137, "device_end": 2327740.406046161}, "cmdq": 0, "read": {"device_start": -1, "device_end": -1}}, "FFC_sans_bias99": {"write": {"device_start": 1585659898.6658716, "host_queued_start": 1585659966.080414, "device_queued": 1585659898.6657648, "device_end": 1585659898.6659439, "host_queued_end": 1585659966.108992}, "device": "gpu", "nd_range": {"device_start": 1585659898.6659474, "device_end": 1585659898.666546}, "cmdq": 0, "read": {"device_start": -1, "device_end": -1}}, "FFC_sans_bias91": {"write": {"device_start": -1, "host_queued_start": 1585659966.157279, "device_queued": -1, "device_end": -1, "host_queued_end": 1585659966.185617}, "device": "cpu", "nd_range": {"device_start": 2327740.517795592, "device_end": 2327740.522764584}, "cmdq": 0, "read": {"device_start": -1, "device_end": -1}}, "FFC_sans_bias90": {"write": {"device_start": -1, "host_queued_start": 1585659966.156227, "device_queued": -1, "device_end": -1, "host_queued_end": 1585659966.185617}, "device": "cpu", "nd_range": {"device_start": 2327740.513109223, "device_end": 2327740.517789929}, "cmdq": 0, "read": {"device_start": -1, "device_end": -1}}, "coalesced_transpose12": {"write": {"device_start": -1, "host_queued_start": 1585659966.159121, "device_queued": -1, "device_end": -1, "host_queued_end": 1585659966.185617}, "device": "cpu", "nd_range": {"device_start": 2327740.527436554, "device_end": 2327740.5275490093}, "cmdq": 0, "read": {"device_start": -1, "device_end": -1}}, "FFC_sans_bias94": {"write": {"device_start": -1, "host_queued_start": 1585659966.166622, "device_queued": -1, "device_end": -1, "host_queued_end": 1585659966.185617}, "device": "cpu", "nd_range": {"device_start": 2327740.576043683, "device_end": 2327740.580764609}, "cmdq": 0, "read": {"device_start": -1, "device_end": -1}}, "FFC_sans_bias97": {"write": {"device_start": -1, "host_queued_start": 1585659966.18557, "device_queued": -1, "device_end": -1, "host_queued_end": 1585659966.185617}, "device": "cpu", "nd_range": {"device_start": 2327740.6784707513, "device_end": 2327740.683106208}, "cmdq": 0, "read": {"device_start": -1, "device_end": -1}}, "FFC_sans_bias96": {"write": {"device_start": -1, "host_queued_start": 1585659966.174032, "device_queued": -1, "device_end": -1, "host_queued_end": 1585659966.185617}, "device": "cpu", "nd_range": {"device_start": 2327740.6282772603, "device_end": 2327740.63272997}, "cmdq": 0, "read": {"device_start": -1, "device_end": -1}}, "FFC_sans_bias124": {"write": {"device_start": 1585659898.677414, "host_queued_start": 1585659966.106532, "device_queued": 1585659898.6692271, "device_end": 1585659898.6774445, "host_queued_end": 1585659966.108992}, "device": "gpu", "nd_range": {"device_start": 1585659898.6774516, "device_end": 1585659898.6795728}, "cmdq": 2, "read": {"device_start": 1585659898.6795754, "device_end": 1585659898.6795995}}, "FFC_sans_bias126": {"write": {"device_start": 1585659898.669027, "host_queued_start": 1585659966.091865, "device_queued": 1585659898.6673224, "device_end": 1585659898.669053, "host_queued_end": 1585659966.108992}, "device": "gpu", "nd_range": {"device_start": 1585659898.669057, "device_end": 1585659898.6713464}, "cmdq": 0, "read": {"device_start": -1, "device_end": -1}}, "softmax32": {"write": {"device_start": -1, "host_queued_start": 1585659966.167732, "device_queued": -1, "device_end": -1, "host_queued_end": 1585659966.185617}, "device": "cpu", "nd_range": {"device_start": 2327740.581168604, "device_end": 2327740.581286875}, "cmdq": 0, "read": {"device_start": -1, "device_end": -1}}, "coalesced_transpose84": {"write": {"device_start": -1, "host_queued_start": 1585659966.161988, "device_queued": -1, "device_end": -1, "host_queued_end": 1585659966.185617}, "device": "cpu", "nd_range": {"device_start": 2327740.5291678132, "device_end": 2327740.529269541}, "cmdq": 0, "read": {"device_start": -1, "device_end": -1}}, "FFC_sans_bias121": {"write": {"device_start": -1, "host_queued_start": 1585659966.099447, "device_queued": -1, "device_end": -1, "host_queued_end": 1585659966.108992}, "device": "gpu", "nd_range": {"device_start": 1585659898.6731644, "device_end": 1585659898.6747723}, "cmdq": 2, "read": {"device_start": -1, "device_end": -1}}, "empty98": {"write": {"device_start": -1, "host_queued_start": 1585659966.120328, "device_queued": -1, "device_end": -1, "host_queued_end": 1585659966.185617}, "device": "cpu", "nd_range": {"device_start": 2327740.37531484, "device_end": 2327740.375315534}, "cmdq": 0, "read": {"device_start": -1, "device_end": -1}}, "empty107": {"write": {"device_start": 1585659898.6652374, "host_queued_start": 1585659966.075417, "device_queued": 1585659898.6651165, "device_end": 1585659898.6652637, "host_queued_end": 1585659966.108992}, "device": "gpu", "nd_range": {"device_start": 1585659898.6652668, "device_end": 1585659898.6652713}, "cmdq": 0, "read": {"device_start": -1, "device_end": -1}}, "empty17": {"write": {"device_start": -1, "host_queued_start": 1585659966.111889, "device_queued": -1, "device_end": -1, "host_queued_end": 1585659966.185617}, "device": "cpu", "nd_range": {"device_start": 2327740.375240539, "device_end": 2327740.375241652}, "cmdq": 0, "read": {"device_start": -1, "device_end": -1}}, "FFC_sans_bias87": {"write": {"device_start": -1, "host_queued_start": 1585659966.173607, "device_queued": -1, "device_end": -1, "host_queued_end": 1585659966.185617}, "device": "cpu", "nd_range": {"device_start": 2327740.623691083, "device_end": 2327740.628271468}, "cmdq": 0, "read": {"device_start": -1, "device_end": -1}}, "FFC_sans_bias85": {"write": {"device_start": -1, "host_queued_start": 1585659966.166165, "device_queued": -1, "device_end": -1, "host_queued_end": 1585659966.185617}, "device": "cpu", "nd_range": {"device_start": 2327740.5713838083, "device_end": 2327740.576037641}, "cmdq": 0, "read": {"device_start": -1, "device_end": -1}}, "FFC_sans_bias82": {"write": {"device_start": -1, "host_queued_start": 1585659966.153976, "device_queued": -1, "device_end": -1, "host_queued_end": 1585659966.185617}, "device": "cpu", "nd_range": {"device_start": 2327740.503876598, "device_end": 2327740.508384575}, "cmdq": 0, "read": {"device_start": -1, "device_end": -1}}, "FFC_sans_bias83": {"write": {"device_start": -1, "host_queued_start": 1585659966.155117, "device_queued": -1, "device_end": -1, "host_queued_end": 1585659966.185617}, "device": "cpu", "nd_range": {"device_start": 2327740.508390138, "device_end": 2327740.513103797}, "cmdq": 0, "read": {"device_start": -1, "device_end": -1}}, "FFC_sans_bias81": {"write": {"device_start": -1, "host_queued_start": 1585659966.152858, "device_queued": -1, "device_end": -1, "host_queued_end": 1585659966.185617}, "device": "cpu", "nd_range": {"device_start": 2327740.4991014074, "device_end": 2327740.503870937}, "cmdq": 0, "read": {"device_start": -1, "device_end": -1}}, "FFC_sans_bias88": {"write": {"device_start": -1, "host_queued_start": 1585659966.184516, "device_queued": -1, "device_end": -1, "host_queued_end": 1585659966.185617}, "device": "cpu", "nd_range": {"device_start": 2327740.6737111732, "device_end": 2327740.678467477}, "cmdq": 0, "read": {"device_start": -1, "device_end": -1}}, "coalesced_transpose30": {"write": {"device_start": -1, "host_queued_start": 1585659966.159888, "device_queued": -1, "device_end": -1, "host_queued_end": 1585659966.185617}, "device": "cpu", "nd_range": {"device_start": 2327740.527882573, "device_end": 2327740.527993036}, "cmdq": 0, "read": {"device_start": -1, "device_end": -1}}, "FFC_sans_bias128": {"write": {"device_start": 1585659898.6685517, "host_queued_start": 1585659966.090772, "device_queued": 1585659898.6669445, "device_end": 1585659898.6685762, "host_queued_end": 1585659966.108992}, "device": "gpu", "nd_range": {"device_start": 1585659898.6685815, "device_end": 1585659898.6709096}, "cmdq": 4, "read": {"device_start": -1, "device_end": -1}}, "coalesced_transpose39": {"write": {"device_start": -1, "host_queued_start": 1585659966.160232, "device_queued": -1, "device_end": -1, "host_queued_end": 1585659966.185617}, "device": "cpu", "nd_range": {"device_start": 2327740.5281062634, "device_end": 2327740.5282177213}, "cmdq": 0, "read": {"device_start": -1, "device_end": -1}}, "FFC_sans_bias79": {"write": {"device_start": -1, "host_queued_start": 1585659966.183465, "device_queued": -1, "device_end": -1, "host_queued_end": 1585659966.185617}, "device": "cpu", "nd_range": {"device_start": 2327740.669262207, "device_end": 2327740.673707629}, "cmdq": 0, "read": {"device_start": -1, "device_end": -1}}, "FFC_sans_bias78": {"write": {"device_start": -1, "host_queued_start": 1585659966.173253, "device_queued": -1, "device_end": -1, "host_queued_end": 1585659966.185617}, "device": "cpu", "nd_range": {"device_start": 2327740.6190061662, "device_end": 2327740.623684858}, "cmdq": 0, "read": {"device_start": -1, "device_end": -1}}, "FFC_sans_bias73": {"write": {"device_start": -1, "host_queued_start": 1585659966.150559, "device_queued": -1, "device_end": -1, "host_queued_end": 1585659966.185617}, "device": "cpu", "nd_range": {"device_start": 2327740.48956677, "device_end": 2327740.494422289}, "cmdq": 0, "read": {"device_start": -1, "device_end": -1}}, "FFC_sans_bias72": {"write": {"device_start": -1, "host_queued_start": 1585659966.149493, "device_queued": -1, "device_end": -1, "host_queued_end": 1585659966.185617}, "device": "cpu", "nd_range": {"device_start": 2327740.484920245, "device_end": 2327740.489561237}, "cmdq": 0, "read": {"device_start": -1, "device_end": -1}}, "FFC_sans_bias70": {"write": {"device_start": -1, "host_queued_start": 1585659966.182396, "device_queued": -1, "device_end": -1, "host_queued_end": 1585659966.185617}, "device": "cpu", "nd_range": {"device_start": 2327740.664709268, "device_end": 2327740.669258853}, "cmdq": 0, "read": {"device_start": -1, "device_end": -1}}, "FFC_sans_bias76": {"write": {"device_start": -1, "host_queued_start": 1585659966.165796, "device_queued": -1, "device_end": -1, "host_queued_end": 1585659966.185617}, "device": "cpu", "nd_range": {"device_start": 2327740.566685371, "device_end": 2327740.571377174}, "cmdq": 0, "read": {"device_start": -1, "device_end": -1}}, "FFC_sans_bias74": {"write": {"device_start": -1, "host_queued_start": 1585659966.151718, "device_queued": -1, "device_end": -1, "host_queued_end": 1585659966.185617}, "device": "cpu", "nd_range": {"device_start": 2327740.494428336, "device_end": 2327740.499095167}, "cmdq": 0, "read": {"device_start": -1, "device_end": -1}}, "coalesced_transpose102": {"write": {"device_start": -1, "host_queued_start": 1585659966.097027, "device_queued": -1, "device_end": -1, "host_queued_end": 1585659966.108992}, "device": "gpu", "nd_range": {"device_start": 1585659898.6713479, "device_end": 1585659898.6731482}, "cmdq": 0, "read": {"device_start": -1, "device_end": -1}}, "coalesced_transpose3": {"write": {"device_start": -1, "host_queued_start": 1585659966.158787, "device_queued": -1, "device_end": -1, "host_queued_end": 1585659966.185617}, "device": "cpu", "nd_range": {"device_start": 2327740.527132709, "device_end": 2327740.527296769}, "cmdq": 0, "read": {"device_start": -1, "device_end": -1}}, "FFC_sans_bias127": {"write": {"device_start": 1585659898.6694984, "host_queued_start": 1585659966.093036, "device_queued": 1585659898.667385, "device_end": 1585659898.6695302, "host_queued_end": 1585659966.108992}, "device": "gpu", "nd_range": {"device_start": 1585659898.6695373, "device_end": 1585659898.6718974}, "cmdq": 1, "read": {"device_start": -1, "device_end": -1}}, "empty89": {"write": {"device_start": -1, "host_queued_start": 1585659966.119509, "device_queued": -1, "device_end": -1, "host_queued_end": 1585659966.185617}, "device": "cpu", "nd_range": {"device_start": 2327740.375309486, "device_end": 2327740.3753100922}, "cmdq": 0, "read": {"device_start": -1, "device_end": -1}}, "FFC_sans_bias123": {"write": {"device_start": -1, "host_queued_start": 1585659966.102377, "device_queued": -1, "device_end": -1, "host_queued_end": 1585659966.108992}, "device": "gpu", "nd_range": {"device_start": 1585659898.6754925, "device_end": 1585659898.6761854}, "cmdq": 2, "read": {"device_start": -1, "device_end": -1}}, "empty80": {"write": {"device_start": -1, "host_queued_start": 1585659966.118692, "device_queued": -1, "device_end": -1, "host_queued_end": 1585659966.185617}, "device": "cpu", "nd_range": {"device_start": 2327740.375303953, "device_end": 2327740.375304697}, "cmdq": 0, "read": {"device_start": -1, "device_end": -1}}, "empty116": {"write": {"device_start": 1585659898.6653361, "host_queued_start": 1585659966.076493, "device_queued": 1585659898.6652493, "device_end": 1585659898.6653976, "host_queued_end": 1585659966.108992}, "device": "gpu", "nd_range": {"device_start": 1585659898.6656702, "device_end": 1585659898.6656828}, "cmdq": 1, "read": {"device_start": -1, "device_end": -1}}, "softmax104": {"write": {"device_start": -1, "host_queued_start": 1585659966.100347, "device_queued": -1, "device_end": -1, "host_queued_end": 1585659966.108992}, "device": "gpu", "nd_range": {"device_start": 1585659898.6737669, "device_end": 1585659898.6755102}, "cmdq": 0, "read": {"device_start": -1, "device_end": -1}}, "coalesced_transpose21": {"write": {"device_start": -1, "host_queued_start": 1585659966.159534, "device_queued": -1, "device_end": -1, "host_queued_end": 1585659966.185617}, "device": "cpu", "nd_range": {"device_start": 2327740.5276630623, "device_end": 2327740.527771571}, "cmdq": 0, "read": {"device_start": -1, "device_end": -1}}, "softmax14": {"write": {"device_start": -1, "host_queued_start": 1585659966.167181, "device_queued": -1, "device_end": -1, "host_queued_end": 1585659966.185617}, "device": "cpu", "nd_range": {"device_start": 2327740.580918387, "device_end": 2327740.581037727}, "cmdq": 0, "read": {"device_start": -1, "device_end": -1}}, "FFC_sans_bias69": {"write": {"device_start": -1, "host_queued_start": 1585659966.172829, "device_queued": -1, "device_end": -1, "host_queued_end": 1585659966.185617}, "device": "cpu", "nd_range": {"device_start": 2327740.614164792, "device_end": 2327740.61900052}, "cmdq": 0, "read": {"device_start": -1, "device_end": -1}}, "FFC_sans_bias92": {"write": {"device_start": -1, "host_queued_start": 1585659966.158433, "device_queued": -1, "device_end": -1, "host_queued_end": 1585659966.185617}, "device": "cpu", "nd_range": {"device_start": 2327740.52277023, "device_end": 2327740.527127575}, "cmdq": 0, "read": {"device_start": -1, "device_end": -1}}, "FFC_sans_bias60": {"write": {"device_start": -1, "host_queued_start": 1585659966.17248, "device_queued": -1, "device_end": -1, "host_queued_end": 1585659966.185617}, "device": "cpu", "nd_range": {"device_start": 2327740.609820295, "device_end": 2327740.614158669}, "cmdq": 0, "read": {"device_start": -1, "device_end": -1}}, "FFC_sans_bias61": {"write": {"device_start": -1, "host_queued_start": 1585659966.181326, "device_queued": -1, "device_end": -1, "host_queued_end": 1585659966.185617}, "device": "cpu", "nd_range": {"device_start": 2327740.660250489, "device_end": 2327740.6647052392}, "cmdq": 0, "read": {"device_start": -1, "device_end": -1}}, "FFC_sans_bias63": {"write": {"device_start": -1, "host_queued_start": 1585659966.148372, "device_queued": -1, "device_end": -1, "host_queued_end": 1585659966.185617}, "device": "cpu", "nd_range": {"device_start": 2327740.4802390193, "device_end": 2327740.484914894}, "cmdq": 0, "read": {"device_start": -1, "device_end": -1}}, "FFC_sans_bias64": {"write": {"device_start": -1, "host_queued_start": 1585659966.146125, "device_queued": -1, "device_end": -1, "host_queued_end": 1585659966.185617}, "device": "cpu", "nd_range": {"device_start": 2327740.47084088, "device_end": 2327740.475699413}, "cmdq": 0, "read": {"device_start": -1, "device_end": -1}}, "FFC_sans_bias65": {"write": {"device_start": -1, "host_queued_start": 1585659966.147228, "device_queued": -1, "device_end": -1, "host_queued_end": 1585659966.185617}, "device": "cpu", "nd_range": {"device_start": 2327740.4757052483, "device_end": 2327740.480233654}, "cmdq": 0, "read": {"device_start": -1, "device_end": -1}}, "FFC_sans_bias67": {"write": {"device_start": -1, "host_queued_start": 1585659966.165409, "device_queued": -1, "device_end": -1, "host_queued_end": 1585659966.185617}, "device": "cpu", "nd_range": {"device_start": 2327740.562110341, "device_end": 2327740.566678001}, "cmdq": 0, "read": {"device_start": -1, "device_end": -1}}, "coalesced_transpose111": {"write": {"device_start": -1, "host_queued_start": 1585659966.097329, "device_queued": -1, "device_end": -1, "host_queued_end": 1585659966.108992}, "device": "gpu", "nd_range": {"device_start": 1585659898.6718984, "device_end": 1585659898.6731532}, "cmdq": 1, "read": {"device_start": -1, "device_end": -1}}, "FFC_sans_bias136": {"write": {"device_start": 1585659898.670041, "host_queued_start": 1585659966.094134, "device_queued": 1585659898.6675267, "device_end": 1585659898.6700685, "host_queued_end": 1585659966.108992}, "device": "gpu", "nd_range": {"device_start": 1585659898.670075, "device_end": 1585659898.6723168}, "cmdq": 2, "read": {"device_start": -1, "device_end": -1}}, "FFC_sans_bias135": {"write": {"device_start": 1585659898.671031, "host_queued_start": 1585659966.096681, "device_queued": 1585659898.6675832, "device_end": 1585659898.6710627, "host_queued_end": 1585659966.108992}, "device": "gpu", "nd_range": {"device_start": 1585659898.6710775, "device_end": 1585659898.6733153}, "cmdq": 4, "read": {"device_start": -1, "device_end": -1}}, "FFC_sans_bias133": {"write": {"device_start": 1585659898.6778095, "host_queued_start": 1585659966.107777, "device_queued": 1585659898.6692612, "device_end": 1585659898.6778405, "host_queued_end": 1585659966.108992}, "device": "gpu", "nd_range": {"device_start": 1585659898.6778429, "device_end": 1585659898.6800883}, "cmdq": 3, "read": {"device_start": 1585659898.680092, "device_end": 1585659898.6801147}}, "FFC_sans_bias132": {"write": {"device_start": -1, "host_queued_start": 1585659966.102715, "device_queued": -1, "device_end": -1, "host_queued_end": 1585659966.108992}, "device": "gpu", "nd_range": {"device_start": 1585659898.675903, "device_end": 1585659898.6776898}, "cmdq": 3, "read": {"device_start": -1, "device_end": -1}}, "softmax68": {"write": {"device_start": -1, "host_queued_start": 1585659966.168917, "device_queued": -1, "device_end": -1, "host_queued_end": 1585659966.185617}, "device": "cpu", "nd_range": {"device_start": 2327740.581654785, "device_end": 2327740.581770906}, "cmdq": 0, "read": {"device_start": -1, "device_end": -1}}, "softmax131": {"write": {"device_start": -1, "host_queued_start": 1585659966.101117, "device_queued": -1, "device_end": -1, "host_queued_end": 1585659966.108992}, "device": "gpu", "nd_range": {"device_start": 1585659898.6752386, "device_end": 1585659898.6759017}, "cmdq": 3, "read": {"device_start": -1, "device_end": -1}}, "empty125": {"write": {"device_start": 1585659898.6654272, "host_queued_start": 1585659966.077458, "device_queued": 1585659898.6652858, "device_end": 1585659898.6654966, "host_queued_end": 1585659966.108992}, "device": "gpu", "nd_range": {"device_start": 1585659898.665698, "device_end": 1585659898.6657047}, "cmdq": 2, "read": {"device_start": -1, "device_end": -1}}, "FFC_sans_bias139": {"write": {"device_start": -1, "host_queued_start": 1585659966.100089, "device_queued": -1, "device_end": -1, "host_queued_end": 1585659966.108992}, "device": "gpu", "nd_range": {"device_start": 1585659898.6751237, "device_end": 1585659898.675736}, "cmdq": 4, "read": {"device_start": -1, "device_end": -1}}, "empty35": {"write": {"device_start": -1, "host_queued_start": 1585659966.113972, "device_queued": -1, "device_end": -1, "host_queued_end": 1585659966.185617}, "device": "cpu", "nd_range": {"device_start": 2327740.375252014, "device_end": 2327740.375252608}, "cmdq": 0, "read": {"device_start": -1, "device_end": -1}}, "softmax86": {"write": {"device_start": -1, "host_queued_start": 1585659966.169464, "device_queued": -1, "device_end": -1, "host_queued_end": 1585659966.185617}, "device": "cpu", "nd_range": {"device_start": 2327740.581894474, "device_end": 2327740.58200895}, "cmdq": 0, "read": {"device_start": -1, "device_end": -1}}, "FFC_sans_bias55": {"write": {"device_start": -1, "host_queued_start": 1585659966.144813, "device_queued": -1, "device_end": -1, "host_queued_end": 1585659966.185617}, "device": "cpu", "nd_range": {"device_start": 2327740.46636121, "device_end": 2327740.470833917}, "cmdq": 0, "read": {"device_start": -1, "device_end": -1}}, "FFC_sans_bias54": {"write": {"device_start": -1, "host_queued_start": 1585659966.143679, "device_queued": -1, "device_end": -1, "host_queued_end": 1585659966.185617}, "device": "cpu", "nd_range": {"device_start": 2327740.461704663, "device_end": 2327740.466354866}, "cmdq": 0, "read": {"device_start": -1, "device_end": -1}}, "FFC_sans_bias56": {"write": {"device_start": -1, "host_queued_start": 1585659966.142524, "device_queued": -1, "device_end": -1, "host_queued_end": 1585659966.185617}, "device": "cpu", "nd_range": {"device_start": 2327740.457118576, "device_end": 2327740.4616984013}, "cmdq": 0, "read": {"device_start": -1, "device_end": -1}}, "FFC_sans_bias51": {"write": {"device_start": -1, "host_queued_start": 1585659966.172102, "device_queued": -1, "device_end": -1, "host_queued_end": 1585659966.185617}, "device": "cpu", "nd_range": {"device_start": 2327740.6049908074, "device_end": 2327740.609814463}, "cmdq": 0, "read": {"device_start": -1, "device_end": -1}}, "FFC_sans_bias52": {"write": {"device_start": -1, "host_queued_start": 1585659966.180337, "device_queued": -1, "device_end": -1, "host_queued_end": 1585659966.185617}, "device": "cpu", "nd_range": {"device_start": 2327740.6556451484, "device_end": 2327740.660247155}, "cmdq": 0, "read": {"device_start": -1, "device_end": -1}}, "FFC_sans_bias58": {"write": {"device_start": -1, "host_queued_start": 1585659966.164997, "device_queued": -1, "device_end": -1, "host_queued_end": 1585659966.185617}, "device": "cpu", "nd_range": {"device_start": 2327740.557533677, "device_end": 2327740.5621039853}, "cmdq": 0, "read": {"device_start": -1, "device_end": -1}}, "FFC_sans_bias108": {"write": {"device_start": 1585659898.6662476, "host_queued_start": 1585659966.083917, "device_queued": 1585659898.6660879, "device_end": 1585659898.6663027, "host_queued_end": 1585659966.108992}, "device": "gpu", "nd_range": {"device_start": 1585659898.6664524, "device_end": 1585659898.667953}, "cmdq": 3, "read": {"device_start": -1, "device_end": -1}}, "FFC_sans_bias109": {"write": {"device_start": 1585659898.6663435, "host_queued_start": 1585659966.085056, "device_queued": 1585659898.6661072, "device_end": 1585659898.666369, "host_queued_end": 1585659966.108992}, "device": "gpu", "nd_range": {"device_start": 1585659898.666467, "device_end": 1585659898.6684663}, "cmdq": 4, "read": {"device_start": -1, "device_end": -1}}, "coalesced_transpose129": {"write": {"device_start": -1, "host_queued_start": 1585659966.09794, "device_queued": -1, "device_end": -1, "host_queued_end": 1585659966.108992}, "device": "gpu", "nd_range": {"device_start": 1585659898.6728065, "device_end": 1585659898.6731784}, "cmdq": 3, "read": {"device_start": -1, "device_end": -1}}, "FFC_sans_bias103": {"write": {"device_start": -1, "host_queued_start": 1585659966.098558, "device_queued": -1, "device_end": -1, "host_queued_end": 1585659966.108992}, "device": "gpu", "nd_range": {"device_start": 1585659898.6731493, "device_end": 1585659898.6737657}, "cmdq": 0, "read": {"device_start": -1, "device_end": -1}}, "FFC_sans_bias100": {"write": {"device_start": 1585659898.6659696, "host_queued_start": 1585659966.081512, "device_queued": 1585659898.665819, "device_end": 1585659898.6660137, "host_queued_end": 1585659966.108992}, "device": "gpu", "nd_range": {"device_start": 1585659898.666145, "device_end": 1585659898.6669574}, "cmdq": 1, "read": {"device_start": -1, "device_end": -1}}, "FFC_sans_bias101": {"write": {"device_start": 1585659898.666169, "host_queued_start": 1585659966.082748, "device_queued": 1585659898.6660502, "device_end": 1585659898.6662207, "host_queued_end": 1585659966.108992}, "device": "gpu", "nd_range": {"device_start": 1585659898.6664288, "device_end": 1585659898.6675158}, "cmdq": 2, "read": {"device_start": -1, "device_end": -1}}, "FFC_sans_bias106": {"write": {"device_start": 1585659898.677256, "host_queued_start": 1585659966.104179, "device_queued": 1585659898.6690023, "device_end": 1585659898.677287, "host_queued_end": 1585659966.108992}, "device": "gpu", "nd_range": {"device_start": 1585659898.6772919, "device_end": 1585659898.6786351}, "cmdq": 0, "read": {"device_start": 1585659898.6786366, "device_end": 1585659898.6786606}}, "softmax122": {"write": {"device_start": -1, "host_queued_start": 1585659966.100865, "device_queued": -1, "device_end": -1, "host_queued_end": 1585659966.108992}, "device": "gpu", "nd_range": {"device_start": 1585659898.6747737, "device_end": 1585659898.675491}, "cmdq": 2, "read": {"device_start": -1, "device_end": -1}}, "FFC_sans_bias105": {"write": {"device_start": -1, "host_queued_start": 1585659966.101747, "device_queued": -1, "device_end": -1, "host_queued_end": 1585659966.108992}, "device": "gpu", "nd_range": {"device_start": 1585659898.6755114, "device_end": 1585659898.6771524}, "cmdq": 0, "read": {"device_start": -1, "device_end": -1}}, "softmax95": {"write": {"device_start": -1, "host_queued_start": 1585659966.16974, "device_queued": -1, "device_end": -1, "host_queued_end": 1585659966.185617}, "device": "cpu", "nd_range": {"device_start": 2327740.582014528, "device_end": 2327740.582128221}, "cmdq": 0, "read": {"device_start": -1, "device_end": -1}}, "coalesced_transpose57": {"write": {"device_start": -1, "host_queued_start": 1585659966.160932, "device_queued": -1, "device_end": -1, "host_queued_end": 1585659966.185617}, "device": "cpu", "nd_range": {"device_start": 2327740.5285339733, "device_end": 2327740.528641816}, "cmdq": 0, "read": {"device_start": -1, "device_end": -1}}, "empty26": {"write": {"device_start": -1, "host_queued_start": 1585659966.112971, "device_queued": -1, "device_end": -1, "host_queued_end": 1585659966.185617}, "device": "cpu", "nd_range": {"device_start": 2327740.375247023, "device_end": 2327740.3752476773}, "cmdq": 0, "read": {"device_start": -1, "device_end": -1}}, "softmax113": {"write": {"device_start": -1, "host_queued_start": 1585659966.100607, "device_queued": -1, "device_end": -1, "host_queued_end": 1585659966.108992}, "device": "gpu", "nd_range": {"device_start": 1585659898.6742887, "device_end": 1585659898.6755004}, "cmdq": 1, "read": {"device_start": -1, "device_end": -1}}, "FFC_sans_bias11": {"write": {"device_start": -1, "host_queued_start": 1585659966.127701, "device_queued": -1, "device_end": -1, "host_queued_end": 1585659966.185617}, "device": "cpu", "nd_range": {"device_start": 2327740.3970550573, "device_end": 2327740.401343408}, "cmdq": 0, "read": {"device_start": -1, "device_end": -1}}, "FFC_sans_bias42": {"write": {"device_start": -1, "host_queued_start": 1585659966.171684, "device_queued": -1, "device_end": -1, "host_queued_end": 1585659966.185617}, "device": "cpu", "nd_range": {"device_start": 2327740.6007207623, "device_end": 2327740.604985211}, "cmdq": 0, "read": {"device_start": -1, "device_end": -1}}, "FFC_sans_bias43": {"write": {"device_start": -1, "host_queued_start": 1585659966.179266, "device_queued": -1, "device_end": -1, "host_queued_end": 1585659966.185617}, "device": "cpu", "nd_range": {"device_start": 2327740.650894029, "device_end": 2327740.6556418203}, "cmdq": 0, "read": {"device_start": -1, "device_end": -1}}, "FFC_sans_bias40": {"write": {"device_start": -1, "host_queued_start": 1585659966.164307, "device_queued": -1, "device_end": -1, "host_queued_end": 1585659966.185617}, "device": "cpu", "nd_range": {"device_start": 2327740.5479333233, "device_end": 2327740.552624133}, "cmdq": 0, "read": {"device_start": -1, "device_end": -1}}, "FFC_sans_bias46": {"write": {"device_start": -1, "host_queued_start": 1585659966.140333, "device_queued": -1, "device_end": -1, "host_queued_end": 1585659966.185617}, "device": "cpu", "nd_range": {"device_start": 2327740.447884722, "device_end": 2327740.452509926}, "cmdq": 0, "read": {"device_start": -1, "device_end": -1}}, "FFC_sans_bias47": {"write": {"device_start": -1, "host_queued_start": 1585659966.141395, "device_queued": -1, "device_end": -1, "host_queued_end": 1585659966.185617}, "device": "cpu", "nd_range": {"device_start": 2327740.4525162512, "device_end": 2327740.457112674}, "cmdq": 0, "read": {"device_start": -1, "device_end": -1}}, "FFC_sans_bias45": {"write": {"device_start": -1, "host_queued_start": 1585659966.139102, "device_queued": -1, "device_end": -1, "host_queued_end": 1585659966.185617}, "device": "cpu", "nd_range": {"device_start": 2327740.443366159, "device_end": 2327740.4478775663}, "cmdq": 0, "read": {"device_start": -1, "device_end": -1}}, "FFC_sans_bias49": {"write": {"device_start": -1, "host_queued_start": 1585659966.164653, "device_queued": -1, "device_end": -1, "host_queued_end": 1585659966.185617}, "device": "cpu", "nd_range": {"device_start": 2327740.552640851, "device_end": 2327740.557527172}, "cmdq": 0, "read": {"device_start": -1, "device_end": -1}}, "softmax77": {"write": {"device_start": -1, "host_queued_start": 1585659966.169189, "device_queued": -1, "device_end": -1, "host_queued_end": 1585659966.185617}, "device": "cpu", "nd_range": {"device_start": 2327740.581776867, "device_end": 2327740.581888724}, "cmdq": 0, "read": {"device_start": -1, "device_end": -1}}, "empty134": {"write": {"device_start": 1585659898.665522, "host_queued_start": 1585659966.078412, "device_queued": 1585659898.6653147, "device_end": 1585659898.665546, "host_queued_end": 1585659966.108992}, "device": "gpu", "nd_range": {"device_start": 1585659898.6657186, "device_end": 1585659898.6657226}, "cmdq": 3, "read": {"device_start": -1, "device_end": -1}}, "coalesced_transpose138": {"write": {"device_start": -1, "host_queued_start": 1585659966.098237, "device_queued": -1, "device_end": -1, "host_queued_end": 1585659966.108992}, "device": "gpu", "nd_range": {"device_start": 1585659898.6733239, "device_end": 1585659898.6751227}, "cmdq": 4, "read": {"device_start": -1, "device_end": -1}}, "FFC_sans_bias119": {"write": {"device_start": 1585659898.668076, "host_queued_start": 1585659966.089593, "device_queued": 1585659898.666826, "device_end": 1585659898.6681068, "host_queued_end": 1585659966.108992}, "device": "gpu", "nd_range": {"device_start": 1585659898.668114, "device_end": 1585659898.670373}, "cmdq": 3, "read": {"device_start": -1, "device_end": -1}}, "FFC_sans_bias118": {"write": {"device_start": 1585659898.6676226, "host_queued_start": 1585659966.088429, "device_queued": 1585659898.66681, "device_end": 1585659898.6676536, "host_queued_end": 1585659966.108992}, "device": "gpu", "nd_range": {"device_start": 1585659898.667656, "device_end": 1585659898.6699204}, "cmdq": 2, "read": {"device_start": -1, "device_end": -1}}, "empty143": {"write": {"device_start": 1585659898.6657288, "host_queued_start": 1585659966.079323, "device_queued": 1585659898.6656241, "device_end": 1585659898.6657593, "host_queued_end": 1585659966.108992}, "device": "gpu", "nd_range": {"device_start": 1585659898.6657684, "device_end": 1585659898.6657717}, "cmdq": 4, "read": {"device_start": -1, "device_end": -1}}, "FFC_sans_bias115": {"write": {"device_start": 1585659898.676844, "host_queued_start": 1585659966.10536, "device_queued": 1585659898.6692085, "device_end": 1585659898.676868, "host_queued_end": 1585659966.108992}, "device": "gpu", "nd_range": {"device_start": 1585659898.6768746, "device_end": 1585659898.6781325}, "cmdq": 1, "read": {"device_start": 1585659898.6781363, "device_end": 1585659898.678168}}, "FFC_sans_bias114": {"write": {"device_start": -1, "host_queued_start": 1585659966.102061, "device_queued": -1, "device_end": -1, "host_queued_end": 1585659966.108992}, "device": "gpu", "nd_range": {"device_start": 1585659898.6755016, "device_end": 1585659898.6767128}, "cmdq": 1, "read": {"device_start": -1, "device_end": -1}}, "FFC_sans_bias117": {"write": {"device_start": 1585659898.6670759, "host_queued_start": 1585659966.087361, "device_queued": 1585659898.6667814, "device_end": 1585659898.6671069, "host_queued_end": 1585659966.108992}, "device": "gpu", "nd_range": {"device_start": 1585659898.6671126, "device_end": 1585659898.6694086}, "cmdq": 1, "read": {"device_start": -1, "device_end": -1}}, "softmax5": {"write": {"device_start": -1, "host_queued_start": 1585659966.166904, "device_queued": -1, "device_end": -1, "host_queued_end": 1585659966.185617}, "device": "cpu", "nd_range": {"device_start": 2327740.580770478, "device_end": 2327740.5809124294}, "cmdq": 0, "read": {"device_start": -1, "device_end": -1}}, "FFC_sans_bias110": {"write": {"device_start": 1585659898.6666918, "host_queued_start": 1585659966.086242, "device_queued": 1585659898.6664755, "device_end": 1585659898.666722, "host_queued_end": 1585659966.108992}, "device": "gpu", "nd_range": {"device_start": 1585659898.666767, "device_end": 1585659898.66895}, "cmdq": 0, "read": {"device_start": -1, "device_end": -1}}, "FFC_sans_bias112": {"write": {"device_start": -1, "host_queued_start": 1585659966.099103, "device_queued": -1, "device_end": -1, "host_queued_end": 1585659966.108992}, "device": "gpu", "nd_range": {"device_start": 1585659898.6731544, "device_end": 1585659898.6742878}, "cmdq": 1, "read": {"device_start": -1, "device_end": -1}}, "empty53": {"write": {"device_start": -1, "host_queued_start": 1585659966.115991, "device_queued": -1, "device_end": -1, "host_queued_end": 1585659966.185617}, "device": "cpu", "nd_range": {"device_start": 2327740.375264916, "device_end": 2327740.3752691583}, "cmdq": 0, "read": {"device_start": -1, "device_end": -1}}, "coalesced_transpose48": {"write": {"device_start": -1, "host_queued_start": 1585659966.16059, "device_queued": -1, "device_end": -1, "host_queued_end": 1585659966.185617}, "device": "cpu", "nd_range": {"device_start": 2327740.528322001, "device_end": 2327740.52842845}, "cmdq": 0, "read": {"device_start": -1, "device_end": -1}}}