{"FFC_sans_bias4": {"write": {"device_start": -1, "host_queued_start": 1585660105.349805, "device_queued": -1, "device_end": -1, "host_queued_end": 1585660105.361578}, "device": "cpu", "nd_range": {"device_start": 2327879.6376089873, "device_end": 2327879.6535773734}, "cmdq": 2, "read": {"device_start": -1, "device_end": -1}}, "FFC_sans_bias7": {"write": {"device_start": -1, "host_queued_start": 1585660105.356538, "device_queued": -1, "device_end": -1, "host_queued_end": 1585660105.361578}, "device": "cpu", "nd_range": {"device_start": 2327879.7005327903, "device_end": 2327879.715416971}, "cmdq": 0, "read": {"device_start": -1, "device_end": -1}}, "FFC_sans_bias6": {"write": {"device_start": -1, "host_queued_start": 1585660105.353733, "device_queued": -1, "device_end": -1, "host_queued_end": 1585660105.361578}, "device": "cpu", "nd_range": {"device_start": 2327879.6800126443, "device_end": 2327879.7000034163}, "cmdq": 2, "read": {"device_start": -1, "device_end": -1}}, "FFC_sans_bias1": {"write": {"device_start": -1, "host_queued_start": 1585660105.329101, "device_queued": -1, "device_end": -1, "host_queued_end": 1585660105.361578}, "device": "cpu", "nd_range": {"device_start": 2327879.551873161, "device_end": 2327879.566996409}, "cmdq": 3, "read": {"device_start": -1, "device_end": -1}}, "FFC_sans_bias0": {"write": {"device_start": -1, "host_queued_start": 1585660105.327971, "device_queued": -1, "device_end": -1, "host_queued_end": 1585660105.361578}, "device": "cpu", "nd_range": {"device_start": 2327879.5512459134, "device_end": 2327879.566660858}, "cmdq": 2, "read": {"device_start": -1, "device_end": -1}}, "FFC_sans_bias2": {"write": {"device_start": -1, "host_queued_start": 1585660105.330243, "device_queued": -1, "device_end": -1, "host_queued_end": 1585660105.361578}, "device": "cpu", "nd_range": {"device_start": 2327879.551221445, "device_end": 2327879.56664431}, "cmdq": 0, "read": {"device_start": -1, "device_end": -1}}, "coalesced_transpose120": {"write": {"device_start": -1, "host_queued_start": 1585660105.299379, "device_queued": -1, "device_end": -1, "host_queued_end": 1585660105.319572}, "device": "gpu", "nd_range": {"device_start": 1585660037.8878896, "device_end": 1585660037.8879247}, "cmdq": 2, "read": {"device_start": -1, "device_end": -1}}, "FFC_sans_bias9": {"write": {"device_start": -1, "host_queued_start": 1585660105.331455, "device_queued": -1, "device_end": -1, "host_queued_end": 1585660105.361578}, "device": "cpu", "nd_range": {"device_start": 2327879.551222262, "device_end": 2327879.56754038}, "cmdq": 1, "read": {"device_start": -1, "device_end": -1}}, "empty71": {"write": {"device_start": 1585660037.8723915, "host_queued_start": 1585660105.258339, "device_queued": 1585660037.8722873, "device_end": 1585660037.872466, "host_queued_end": 1585660105.319572}, "device": "gpu", "nd_range": {"device_start": 1585660037.8725133, "device_end": 1585660037.8725238}, "cmdq": 1, "read": {"device_start": -1, "device_end": -1}}, "softmax41": {"write": {"device_start": -1, "host_queued_start": 1585660105.353116, "device_queued": -1, "device_end": -1, "host_queued_end": 1585660105.361578}, "device": "cpu", "nd_range": {"device_start": 2327879.6694076583, "device_end": 2327879.669530358}, "cmdq": 0, "read": {"device_start": -1, "device_end": -1}}, "FFC_sans_bias37": {"write": {"device_start": -1, "host_queued_start": 1585660105.342513, "device_queued": -1, "device_end": -1, "host_queued_end": 1585660105.361578}, "device": "cpu", "nd_range": {"device_start": 2327879.597656136, "device_end": 2327879.612850578}, "cmdq": 3, "read": {"device_start": -1, "device_end": -1}}, "FFC_sans_bias36": {"write": {"device_start": -1, "host_queued_start": 1585660105.341434, "device_queued": -1, "device_end": -1, "host_queued_end": 1585660105.361578}, "device": "cpu", "nd_range": {"device_start": 2327879.597497262, "device_end": 2327879.6128113284}, "cmdq": 2, "read": {"device_start": -1, "device_end": -1}}, "FFC_sans_bias34": {"write": {"device_start": -1, "host_queued_start": 1585660105.359554, "device_queued": -1, "device_end": -1, "host_queued_end": 1585660105.361578}, "device": "cpu", "nd_range": {"device_start": 2327879.6903554653, "device_end": 2327879.698896077}, "cmdq": 3, "read": {"device_start": -1, "device_end": -1}}, "FFC_sans_bias33": {"write": {"device_start": -1, "host_queued_start": 1585660105.354794, "device_queued": -1, "device_end": -1, "host_queued_end": 1585660105.361578}, "device": "cpu", "nd_range": {"device_start": 2327879.654284016, "device_end": 2327879.669027204}, "cmdq": 1, "read": {"device_start": -1, "device_end": -1}}, "FFC_sans_bias31": {"write": {"device_start": -1, "host_queued_start": 1585660105.350994, "device_queued": -1, "device_end": -1, "host_queued_end": 1585660105.361578}, "device": "cpu", "nd_range": {"device_start": 2327879.630554702, "device_end": 2327879.6458417363}, "cmdq": 1, "read": {"device_start": -1, "device_end": -1}}, "FFC_sans_bias38": {"write": {"device_start": -1, "host_queued_start": 1585660105.343645, "device_queued": -1, "device_end": -1, "host_queued_end": 1585660105.361578}, "device": "cpu", "nd_range": {"device_start": 2327879.6265816973, "device_end": 2327879.63709001}, "cmdq": 0, "read": {"device_start": -1, "device_end": -1}}, "coalesced_transpose75": {"write": {"device_start": -1, "host_queued_start": 1585660105.297808, "device_queued": -1, "device_end": -1, "host_queued_end": 1585660105.319572}, "device": "gpu", "nd_range": {"device_start": 1585660037.8870559, "device_end": 1585660037.8878882}, "cmdq": 2, "read": {"device_start": -1, "device_end": -1}}, "softmax140": {"write": {"device_start": -1, "host_queued_start": 1585660105.305667, "device_queued": -1, "device_end": -1, "host_queued_end": 1585660105.319572}, "device": "gpu", "nd_range": {"device_start": 1585660037.8941796, "device_end": 1585660037.8961465}, "cmdq": 4, "read": {"device_start": -1, "device_end": -1}}, "empty44": {"write": {"device_start": -1, "host_queued_start": 1585660105.325779, "device_queued": -1, "device_end": -1, "host_queued_end": 1585660105.361578}, "device": "cpu", "nd_range": {"device_start": 2327879.5512149683, "device_end": 2327879.5512160133}, "cmdq": 0, "read": {"device_start": -1, "device_end": -1}}, "FFC_sans_bias137": {"write": {"device_start": 1585660037.8851895, "host_queued_start": 1585660105.295798, "device_queued": 1585660037.8761566, "device_end": 1585660037.8852158, "host_queued_end": 1585660105.319572}, "device": "gpu", "nd_range": {"device_start": 1585660037.8852277, "device_end": 1585660037.8875093}, "cmdq": 3, "read": {"device_start": -1, "device_end": -1}}, "empty8": {"write": {"device_start": -1, "host_queued_start": 1585660105.321349, "device_queued": -1, "device_end": -1, "host_queued_end": 1585660105.361578}, "device": "cpu", "nd_range": {"device_start": 2327879.5511804093, "device_end": 2327879.551192731}, "cmdq": 0, "read": {"device_start": -1, "device_end": -1}}, "softmax50": {"write": {"device_start": -1, "host_queued_start": 1585660105.35339, "device_queued": -1, "device_end": -1, "host_queued_end": 1585660105.361578}, "device": "cpu", "nd_range": {"device_start": 2327879.653720005, "device_end": 2327879.654178018}, "cmdq": 1, "read": {"device_start": -1, "device_end": -1}}, "softmax59": {"write": {"device_start": -1, "host_queued_start": 1585660105.303418, "device_queued": -1, "device_end": -1, "host_queued_end": 1585660105.319572}, "device": "gpu", "nd_range": {"device_start": 1585660037.8904858, "device_end": 1585660037.892248}, "cmdq": 0, "read": {"device_start": -1, "device_end": -1}}, "FFC_sans_bias142": {"write": {"device_start": 1585660037.901238, "host_queued_start": 1585660105.319464, "device_queued": 1585660037.8798075, "device_end": 1585660037.9012692, "host_queued_end": 1585660105.319572}, "device": "gpu", "nd_range": {"device_start": 1585660037.9012747, "device_end": 1585660037.902884}, "cmdq": 4, "read": {"device_start": 1585660037.90289, "device_end": 1585660037.9029126}}, "FFC_sans_bias141": {"write": {"device_start": -1, "host_queued_start": 1585660105.308923, "device_queued": -1, "device_end": -1, "host_queued_end": 1585660105.319572}, "device": "gpu", "nd_range": {"device_start": 1585660037.898354, "device_end": 1585660037.9002464}, "cmdq": 4, "read": {"device_start": -1, "device_end": -1}}, "FFC_sans_bias24": {"write": {"device_start": -1, "host_queued_start": 1585660105.354425, "device_queued": -1, "device_end": -1, "host_queued_end": 1585660105.361578}, "device": "cpu", "nd_range": {"device_start": 2327879.6801156653, "device_end": 2327879.687752574}, "cmdq": 0, "read": {"device_start": -1, "device_end": -1}}, "FFC_sans_bias25": {"write": {"device_start": -1, "host_queued_start": 1585660105.35856, "device_queued": -1, "device_end": -1, "host_queued_end": 1585660105.361578}, "device": "cpu", "nd_range": {"device_start": 2327879.7078941823, "device_end": 2327879.721084672}, "cmdq": 2, "read": {"device_start": -1, "device_end": -1}}, "FFC_sans_bias27": {"write": {"device_start": -1, "host_queued_start": 1585660105.338174, "device_queued": -1, "device_end": -1, "host_queued_end": 1585660105.361578}, "device": "cpu", "nd_range": {"device_start": 2327879.582354157, "device_end": 2327879.597539579}, "cmdq": 3, "read": {"device_start": -1, "device_end": -1}}, "FFC_sans_bias20": {"write": {"device_start": -1, "host_queued_start": 1585660105.337054, "device_queued": -1, "device_end": -1, "host_queued_end": 1585660105.361578}, "device": "cpu", "nd_range": {"device_start": 2327879.582148653, "device_end": 2327879.59737811}, "cmdq": 2, "read": {"device_start": -1, "device_end": -1}}, "FFC_sans_bias22": {"write": {"device_start": -1, "host_queued_start": 1585660105.35054, "device_queued": -1, "device_end": -1, "host_queued_end": 1585660105.361578}, "device": "cpu", "nd_range": {"device_start": 2327879.63794208, "device_end": 2327879.650359453}, "cmdq": 0, "read": {"device_start": -1, "device_end": -1}}, "FFC_sans_bias130": {"write": {"device_start": -1, "host_queued_start": 1585660105.302847, "device_queued": -1, "device_end": -1, "host_queued_end": 1585660105.319572}, "device": "gpu", "nd_range": {"device_start": 1585660037.8899362, "device_end": 1585660037.891895}, "cmdq": 3, "read": {"device_start": -1, "device_end": -1}}, "FFC_sans_bias28": {"write": {"device_start": -1, "host_queued_start": 1585660105.339274, "device_queued": -1, "device_end": -1, "host_queued_end": 1585660105.361578}, "device": "cpu", "nd_range": {"device_start": 2327879.600678151, "device_end": 2327879.6208900614}, "cmdq": 0, "read": {"device_start": -1, "device_end": -1}}, "FFC_sans_bias29": {"write": {"device_start": -1, "host_queued_start": 1585660105.340358, "device_queued": -1, "device_end": -1, "host_queued_end": 1585660105.361578}, "device": "cpu", "nd_range": {"device_start": 2327879.583382857, "device_end": 2327879.5994630572}, "cmdq": 1, "read": {"device_start": -1, "device_end": -1}}, "coalesced_transpose66": {"write": {"device_start": -1, "host_queued_start": 1585660105.297486, "device_queued": -1, "device_end": -1, "host_queued_end": 1585660105.319572}, "device": "gpu", "nd_range": {"device_start": 1585660037.8865404, "device_end": 1585660037.887875}, "cmdq": 1, "read": {"device_start": -1, "device_end": -1}}, "coalesced_transpose93": {"write": {"device_start": -1, "host_queued_start": 1585660105.298455, "device_queued": -1, "device_end": -1, "host_queued_end": 1585660105.319572}, "device": "gpu", "nd_range": {"device_start": 1585660037.8880332, "device_end": 1585660037.8898478}, "cmdq": 4, "read": {"device_start": -1, "device_end": -1}}, "softmax23": {"write": {"device_start": -1, "host_queued_start": 1585660105.352569, "device_queued": -1, "device_end": -1, "host_queued_end": 1585660105.361578}, "device": "cpu", "nd_range": {"device_start": 2327879.66927774, "device_end": 2327879.680003399}, "cmdq": 2, "read": {"device_start": -1, "device_end": -1}}, "empty62": {"write": {"device_start": 1585660037.8722293, "host_queued_start": 1585660105.257248, "device_queued": 1585660037.8721025, "device_end": 1585660037.8722627, "host_queued_end": 1585660105.319572}, "device": "gpu", "nd_range": {"device_start": 1585660037.8722713, "device_end": 1585660037.8722827}, "cmdq": 0, "read": {"device_start": -1, "device_end": -1}}, "FFC_sans_bias10": {"write": {"device_start": -1, "host_queued_start": 1585660105.332601, "device_queued": -1, "device_end": -1, "host_queued_end": 1585660105.361578}, "device": "cpu", "nd_range": {"device_start": 2327879.566679515, "device_end": 2327879.5820127963}, "cmdq": 2, "read": {"device_start": -1, "device_end": -1}}, "FFC_sans_bias13": {"write": {"device_start": -1, "host_queued_start": 1585660105.350178, "device_queued": -1, "device_end": -1, "host_queued_end": 1585660105.361578}, "device": "cpu", "nd_range": {"device_start": 2327879.627690512, "device_end": 2327879.643004183}, "cmdq": 3, "read": {"device_start": -1, "device_end": -1}}, "FFC_sans_bias15": {"write": {"device_start": -1, "host_queued_start": 1585660105.354078, "device_queued": -1, "device_end": -1, "host_queued_end": 1585660105.361578}, "device": "cpu", "nd_range": {"device_start": 2327879.6538294153, "device_end": 2327879.6697816923}, "cmdq": 3, "read": {"device_start": -1, "device_end": -1}}, "FFC_sans_bias16": {"write": {"device_start": -1, "host_queued_start": 1585660105.357545, "device_queued": -1, "device_end": -1, "host_queued_end": 1585660105.361578}, "device": "cpu", "nd_range": {"device_start": 2327879.669825341, "device_end": 2327879.678449313}, "cmdq": 1, "read": {"device_start": -1, "device_end": -1}}, "FFC_sans_bias19": {"write": {"device_start": -1, "host_queued_start": 1585660105.33597, "device_queued": -1, "device_end": -1, "host_queued_end": 1585660105.361578}, "device": "cpu", "nd_range": {"device_start": 2327879.5676681553, "device_end": 2327879.583260334}, "cmdq": 1, "read": {"device_start": -1, "device_end": -1}}, "FFC_sans_bias18": {"write": {"device_start": -1, "host_queued_start": 1585660105.334886, "device_queued": -1, "device_end": -1, "host_queued_end": 1585660105.361578}, "device": "cpu", "nd_range": {"device_start": 2327879.570050205, "device_end": 2327879.595257836}, "cmdq": 0, "read": {"device_start": -1, "device_end": -1}}, "FFC_sans_bias99": {"write": {"device_start": 1585660037.8789098, "host_queued_start": 1585660105.28213, "device_queued": 1585660037.8748188, "device_end": 1585660037.8789425, "host_queued_end": 1585660105.319572}, "device": "gpu", "nd_range": {"device_start": 1585660037.878952, "device_end": 1585660037.8812287}, "cmdq": 0, "read": {"device_start": -1, "device_end": -1}}, "FFC_sans_bias91": {"write": {"device_start": 1585660037.8779757, "host_queued_start": 1585660105.279866, "device_queued": 1585660037.8743868, "device_end": 1585660037.8780084, "host_queued_end": 1585660105.319572}, "device": "gpu", "nd_range": {"device_start": 1585660037.8780122, "device_end": 1585660037.880277}, "cmdq": 3, "read": {"device_start": -1, "device_end": -1}}, "FFC_sans_bias90": {"write": {"device_start": 1585660037.8775566, "host_queued_start": 1585660105.278824, "device_queued": 1585660037.8743718, "device_end": 1585660037.8775897, "host_queued_end": 1585660105.319572}, "device": "gpu", "nd_range": {"device_start": 1585660037.8775969, "device_end": 1585660037.8797727}, "cmdq": 2, "read": {"device_start": -1, "device_end": -1}}, "coalesced_transpose12": {"write": {"device_start": -1, "host_queued_start": 1585660105.347883, "device_queued": -1, "device_end": -1, "host_queued_end": 1585660105.361578}, "device": "cpu", "nd_range": {"device_start": 2327879.616531147, "device_end": 2327879.616782432}, "cmdq": 1, "read": {"device_start": -1, "device_end": -1}}, "FFC_sans_bias94": {"write": {"device_start": -1, "host_queued_start": 1585660105.301567, "device_queued": -1, "device_end": -1, "host_queued_end": 1585660105.319572}, "device": "gpu", "nd_range": {"device_start": 1585660037.8912947, "device_end": 1585660037.8924108}, "cmdq": 4, "read": {"device_start": -1, "device_end": -1}}, "FFC_sans_bias97": {"write": {"device_start": 1585660037.9003654, "host_queued_start": 1585660105.314179, "device_queued": 1585660037.8790846, "device_end": 1585660037.9004, "host_queued_end": 1585660105.319572}, "device": "gpu", "nd_range": {"device_start": 1585660037.9004118, "device_end": 1585660037.9010215}, "cmdq": 4, "read": {"device_start": 1585660037.9010262, "device_end": 1585660037.9010508}}, "FFC_sans_bias96": {"write": {"device_start": -1, "host_queued_start": 1585660105.30735, "device_queued": -1, "device_end": -1, "host_queued_end": 1585660105.319572}, "device": "gpu", "nd_range": {"device_start": 1585660037.8961475, "device_end": 1585660037.8983524}, "cmdq": 4, "read": {"device_start": -1, "device_end": -1}}, "FFC_sans_bias124": {"write": {"device_start": 1585660037.9006352, "host_queued_start": 1585660105.317333, "device_queued": 1585660037.8796363, "device_end": 1585660037.9006662, "host_queued_end": 1585660105.319572}, "device": "gpu", "nd_range": {"device_start": 1585660037.900672, "device_end": 1585660037.902421}, "cmdq": 2, "read": {"device_start": 1585660037.9024236, "device_end": 1585660037.9024465}}, "FFC_sans_bias126": {"write": {"device_start": 1585660037.8837736, "host_queued_start": 1585660105.29265, "device_queued": 1585660037.8759363, "device_end": 1585660037.8838058, "host_queued_end": 1585660105.319572}, "device": "gpu", "nd_range": {"device_start": 1585660037.8838098, "device_end": 1585660037.8860707}, "cmdq": 0, "read": {"device_start": -1, "device_end": -1}}, "softmax32": {"write": {"device_start": -1, "host_queued_start": 1585660105.352844, "device_queued": -1, "device_end": -1, "host_queued_end": 1585660105.361578}, "device": "cpu", "nd_range": {"device_start": 2327879.653600865, "device_end": 2327879.653814772}, "cmdq": 3, "read": {"device_start": -1, "device_end": -1}}, "coalesced_transpose84": {"write": {"device_start": -1, "host_queued_start": 1585660105.298128, "device_queued": -1, "device_end": -1, "host_queued_end": 1585660105.319572}, "device": "gpu", "nd_range": {"device_start": 1585660037.8875127, "device_end": 1585660037.8878937}, "cmdq": 3, "read": {"device_start": -1, "device_end": -1}}, "FFC_sans_bias121": {"write": {"device_start": -1, "host_queued_start": 1585660105.302522, "device_queued": -1, "device_end": -1, "host_queued_end": 1585660105.319572}, "device": "gpu", "nd_range": {"device_start": 1585660037.889508, "device_end": 1585660037.8914402}, "cmdq": 2, "read": {"device_start": -1, "device_end": -1}}, "empty98": {"write": {"device_start": 1585660037.8727446, "host_queued_start": 1585660105.260941, "device_queued": 1585660037.8724842, "device_end": 1585660037.8728206, "host_queued_end": 1585660105.319572}, "device": "gpu", "nd_range": {"device_start": 1585660037.8728247, "device_end": 1585660037.8728323}, "cmdq": 4, "read": {"device_start": -1, "device_end": -1}}, "empty107": {"write": {"device_start": 1585660037.8728304, "host_queued_start": 1585660105.261797, "device_queued": 1585660037.872588, "device_end": 1585660037.8728776, "host_queued_end": 1585660105.319572}, "device": "gpu", "nd_range": {"device_start": 1585660037.8728814, "device_end": 1585660037.8728848}, "cmdq": 0, "read": {"device_start": -1, "device_end": -1}}, "empty17": {"write": {"device_start": -1, "host_queued_start": 1585660105.322767, "device_queued": -1, "device_end": -1, "host_queued_end": 1585660105.361578}, "device": "cpu", "nd_range": {"device_start": 2327879.551180441, "device_end": 2327879.5511927432}, "cmdq": 1, "read": {"device_start": -1, "device_end": -1}}, "FFC_sans_bias87": {"write": {"device_start": -1, "host_queued_start": 1585660105.307019, "device_queued": -1, "device_end": -1, "host_queued_end": 1585660105.319572}, "device": "gpu", "nd_range": {"device_start": 1585660037.893203, "device_end": 1585660037.8949788}, "cmdq": 3, "read": {"device_start": -1, "device_end": -1}}, "FFC_sans_bias85": {"write": {"device_start": -1, "host_queued_start": 1585660105.301249, "device_queued": -1, "device_end": -1, "host_queued_end": 1585660105.319572}, "device": "gpu", "nd_range": {"device_start": 1585660037.8879304, "device_end": 1585660037.889935}, "cmdq": 3, "read": {"device_start": -1, "device_end": -1}}, "FFC_sans_bias82": {"write": {"device_start": 1585660037.8764908, "host_queued_start": 1585660105.276658, "device_queued": 1585660037.8741722, "device_end": 1585660037.8765175, "host_queued_end": 1585660105.319572}, "device": "gpu", "nd_range": {"device_start": 1585660037.876524, "device_end": 1585660037.878793}, "cmdq": 0, "read": {"device_start": -1, "device_end": -1}}, "FFC_sans_bias83": {"write": {"device_start": 1585660037.8770301, "host_queued_start": 1585660105.277732, "device_queued": 1585660037.8743417, "device_end": 1585660037.8770566, "host_queued_end": 1585660105.319572}, "device": "gpu", "nd_range": {"device_start": 1585660037.8770604, "device_end": 1585660037.8793201}, "cmdq": 1, "read": {"device_start": -1, "device_end": -1}}, "FFC_sans_bias81": {"write": {"device_start": 1585660037.8760731, "host_queued_start": 1585660105.275608, "device_queued": 1585660037.873915, "device_end": 1585660037.8760982, "host_queued_end": 1585660105.319572}, "device": "gpu", "nd_range": {"device_start": 1585660037.8761058, "device_end": 1585660037.8783407}, "cmdq": 4, "read": {"device_start": -1, "device_end": -1}}, "FFC_sans_bias88": {"write": {"device_start": 1585660037.8970418, "host_queued_start": 1585660105.313137, "device_queued": 1585660037.8790665, "device_end": 1585660037.8970733, "host_queued_end": 1585660105.319572}, "device": "gpu", "nd_range": {"device_start": 1585660037.8970814, "device_end": 1585660037.8993232}, "cmdq": 3, "read": {"device_start": 1585660037.8993354, "device_end": 1585660037.8993604}}, "coalesced_transpose30": {"write": {"device_start": -1, "host_queued_start": 1585660105.348685, "device_queued": -1, "device_end": -1, "host_queued_end": 1585660105.361578}, "device": "cpu", "nd_range": {"device_start": 2327879.626581528, "device_end": 2327879.6276807413}, "cmdq": 3, "read": {"device_start": -1, "device_end": -1}}, "FFC_sans_bias128": {"write": {"device_start": 1585660037.883258, "host_queued_start": 1585660105.291611, "device_queued": 1585660037.8756154, "device_end": 1585660037.8832903, "host_queued_end": 1585660105.319572}, "device": "gpu", "nd_range": {"device_start": 1585660037.8832943, "device_end": 1585660037.8855724}, "cmdq": 4, "read": {"device_start": -1, "device_end": -1}}, "coalesced_transpose39": {"write": {"device_start": -1, "host_queued_start": 1585660105.349033, "device_queued": -1, "device_end": -1, "host_queued_end": 1585660105.361578}, "device": "cpu", "nd_range": {"device_start": 2327879.63758204, "device_end": 2327879.637835444}, "cmdq": 0, "read": {"device_start": -1, "device_end": -1}}, "FFC_sans_bias79": {"write": {"device_start": 1585660037.8965287, "host_queued_start": 1585660105.312095, "device_queued": 1585660037.8790298, "device_end": 1585660037.8965628, "host_queued_end": 1585660105.319572}, "device": "gpu", "nd_range": {"device_start": 1585660037.896571, "device_end": 1585660037.8988147}, "cmdq": 2, "read": {"device_start": 1585660037.8988216, "device_end": 1585660037.8988497}}, "FFC_sans_bias78": {"write": {"device_start": -1, "host_queued_start": 1585660105.306618, "device_queued": -1, "device_end": -1, "host_queued_end": 1585660105.319572}, "device": "gpu", "nd_range": {"device_start": 1585660037.893192, "device_end": 1585660037.8944232}, "cmdq": 2, "read": {"device_start": -1, "device_end": -1}}, "FFC_sans_bias73": {"write": {"device_start": 1585660037.8750951, "host_queued_start": 1585660105.273475, "device_queued": 1585660037.8737483, "device_end": 1585660037.8751204, "host_queued_end": 1585660105.319572}, "device": "gpu", "nd_range": {"device_start": 1585660037.8751311, "device_end": 1585660037.8773687}, "cmdq": 2, "read": {"device_start": -1, "device_end": -1}}, "FFC_sans_bias72": {"write": {"device_start": 1585660037.8745048, "host_queued_start": 1585660105.272429, "device_queued": 1585660037.8737285, "device_end": 1585660037.8745358, "host_queued_end": 1585660105.319572}, "device": "gpu", "nd_range": {"device_start": 1585660037.8745434, "device_end": 1585660037.876907}, "cmdq": 1, "read": {"device_start": -1, "device_end": -1}}, "FFC_sans_bias70": {"write": {"device_start": 1585660037.8960774, "host_queued_start": 1585660105.311049, "device_queued": 1585660037.8789804, "device_end": 1585660037.8961086, "host_queued_end": 1585660105.319572}, "device": "gpu", "nd_range": {"device_start": 1585660037.8961174, "device_end": 1585660037.8978527}, "cmdq": 1, "read": {"device_start": 1585660037.897861, "device_end": 1585660037.8978856}}, "FFC_sans_bias76": {"write": {"device_start": -1, "host_queued_start": 1585660105.300934, "device_queued": -1, "device_end": -1, "host_queued_end": 1585660105.319572}, "device": "gpu", "nd_range": {"device_start": 1585660037.8879256, "device_end": 1585660037.8895066}, "cmdq": 2, "read": {"device_start": -1, "device_end": -1}}, "FFC_sans_bias74": {"write": {"device_start": 1585660037.8754888, "host_queued_start": 1585660105.274531, "device_queued": 1585660037.8738868, "device_end": 1585660037.8755143, "host_queued_end": 1585660105.319572}, "device": "gpu", "nd_range": {"device_start": 1585660037.8755195, "device_end": 1585660037.87785}, "cmdq": 3, "read": {"device_start": -1, "device_end": -1}}, "coalesced_transpose102": {"write": {"device_start": -1, "host_queued_start": 1585660105.298767, "device_queued": -1, "device_end": -1, "host_queued_end": 1585660105.319572}, "device": "gpu", "nd_range": {"device_start": 1585660037.8878713, "device_end": 1585660037.8879156}, "cmdq": 0, "read": {"device_start": -1, "device_end": -1}}, "coalesced_transpose3": {"write": {"device_start": -1, "host_queued_start": 1585660105.347519, "device_queued": -1, "device_end": -1, "host_queued_end": 1585660105.361578}, "device": "cpu", "nd_range": {"device_start": 2327879.637213094, "device_end": 2327879.6374670872}, "cmdq": 0, "read": {"device_start": -1, "device_end": -1}}, "FFC_sans_bias127": {"write": {"device_start": 1585660037.884229, "host_queued_start": 1585660105.293685, "device_queued": 1585660037.8759916, "device_end": 1585660037.8842604, "host_queued_end": 1585660105.319572}, "device": "gpu", "nd_range": {"device_start": 1585660037.884268, "device_end": 1585660037.8865387}, "cmdq": 1, "read": {"device_start": -1, "device_end": -1}}, "empty89": {"write": {"device_start": 1585660037.8726275, "host_queued_start": 1585660105.260097, "device_queued": 1585660037.8723302, "device_end": 1585660037.8727, "host_queued_end": 1585660105.319572}, "device": "gpu", "nd_range": {"device_start": 1585660037.8727036, "device_end": 1585660037.8727102}, "cmdq": 3, "read": {"device_start": -1, "device_end": -1}}, "FFC_sans_bias123": {"write": {"device_start": -1, "host_queued_start": 1585660105.308295, "device_queued": -1, "device_end": -1, "host_queued_end": 1585660105.319572}, "device": "gpu", "nd_range": {"device_start": 1585660037.8944242, "device_end": 1585660037.8964033}, "cmdq": 2, "read": {"device_start": -1, "device_end": -1}}, "empty80": {"write": {"device_start": 1585660037.8725166, "host_queued_start": 1585660105.259246, "device_queued": 1585660037.8723123, "device_end": 1585660037.872587, "host_queued_end": 1585660105.319572}, "device": "gpu", "nd_range": {"device_start": 1585660037.872591, "device_end": 1585660037.8725994}, "cmdq": 2, "read": {"device_start": -1, "device_end": -1}}, "empty116": {"write": {"device_start": 1585660037.8729422, "host_queued_start": 1585660105.262644, "device_queued": 1585660037.8726242, "device_end": 1585660037.8730202, "host_queued_end": 1585660105.319572}, "device": "gpu", "nd_range": {"device_start": 1585660037.8730302, "device_end": 1585660037.87304}, "cmdq": 1, "read": {"device_start": -1, "device_end": -1}}, "softmax104": {"write": {"device_start": -1, "host_queued_start": 1585660105.304663, "device_queued": -1, "device_end": -1, "host_queued_end": 1585660105.319572}, "device": "gpu", "nd_range": {"device_start": 1585660037.892249, "device_end": 1585660037.8927813}, "cmdq": 0, "read": {"device_start": -1, "device_end": -1}}, "coalesced_transpose21": {"write": {"device_start": -1, "host_queued_start": 1585660105.348232, "device_queued": -1, "device_end": -1, "host_queued_end": 1585660105.361578}, "device": "cpu", "nd_range": {"device_start": 2327879.6253526923, "device_end": 2327879.6255770302}, "cmdq": 2, "read": {"device_start": -1, "device_end": -1}}, "softmax14": {"write": {"device_start": -1, "host_queued_start": 1585660105.352293, "device_queued": -1, "device_end": -1, "host_queued_end": 1585660105.361578}, "device": "cpu", "nd_range": {"device_start": 2327879.64598116, "device_end": 2327879.6462003672}, "cmdq": 1, "read": {"device_start": -1, "device_end": -1}}, "FFC_sans_bias69": {"write": {"device_start": -1, "host_queued_start": 1585660105.306291, "device_queued": -1, "device_end": -1, "host_queued_end": 1585660105.319572}, "device": "gpu", "nd_range": {"device_start": 1585660037.8927858, "device_end": 1585660037.8939986}, "cmdq": 1, "read": {"device_start": -1, "device_end": -1}}, "FFC_sans_bias92": {"write": {"device_start": 1585660037.8784912, "host_queued_start": 1585660105.28093, "device_queued": 1585660037.8744195, "device_end": 1585660037.8785174, "host_queued_end": 1585660105.319572}, "device": "gpu", "nd_range": {"device_start": 1585660037.878533, "device_end": 1585660037.8807483}, "cmdq": 4, "read": {"device_start": -1, "device_end": -1}}, "FFC_sans_bias60": {"write": {"device_start": -1, "host_queued_start": 1585660105.305977, "device_queued": -1, "device_end": -1, "host_queued_end": 1585660105.319572}, "device": "gpu", "nd_range": {"device_start": 1585660037.8927822, "device_end": 1585660037.8934772}, "cmdq": 0, "read": {"device_start": -1, "device_end": -1}}, "FFC_sans_bias61": {"write": {"device_start": 1585660037.8955312, "host_queued_start": 1585660105.309949, "device_queued": 1585660037.8787115, "device_end": 1585660037.8955584, "host_queued_end": 1585660105.319572}, "device": "gpu", "nd_range": {"device_start": 1585660037.8955653, "device_end": 1585660037.897371}, "cmdq": 0, "read": {"device_start": 1585660037.8973768, "device_end": 1585660037.8974028}}, "FFC_sans_bias63": {"write": {"device_start": 1585660037.8741362, "host_queued_start": 1585660105.271383, "device_queued": 1585660037.8736594, "device_end": 1585660037.874166, "host_queued_end": 1585660105.319572}, "device": "gpu", "nd_range": {"device_start": 1585660037.874169, "device_end": 1585660037.8763804}, "cmdq": 0, "read": {"device_start": -1, "device_end": -1}}, "FFC_sans_bias64": {"write": {"device_start": 1585660037.873642, "host_queued_start": 1585660105.269254, "device_queued": 1585660037.8731883, "device_end": 1585660037.8736973, "host_queued_end": 1585660105.319572}, "device": "gpu", "nd_range": {"device_start": 1585660037.873709, "device_end": 1585660037.8753896}, "cmdq": 3, "read": {"device_start": -1, "device_end": -1}}, "FFC_sans_bias65": {"write": {"device_start": 1585660037.8737588, "host_queued_start": 1585660105.270304, "device_queued": 1585660037.87321, "device_end": 1585660037.8737836, "host_queued_end": 1585660105.319572}, "device": "gpu", "nd_range": {"device_start": 1585660037.873789, "device_end": 1585660037.8759587}, "cmdq": 4, "read": {"device_start": -1, "device_end": -1}}, "FFC_sans_bias67": {"write": {"device_start": -1, "host_queued_start": 1585660105.300621, "device_queued": -1, "device_end": -1, "host_queued_end": 1585660105.319572}, "device": "gpu", "nd_range": {"device_start": 1585660037.8879213, "device_end": 1585660037.889}, "cmdq": 1, "read": {"device_start": -1, "device_end": -1}}, "coalesced_transpose111": {"write": {"device_start": -1, "host_queued_start": 1585660105.299072, "device_queued": -1, "device_end": -1, "host_queued_end": 1585660105.319572}, "device": "gpu", "nd_range": {"device_start": 1585660037.8878844, "device_end": 1585660037.88792}, "cmdq": 1, "read": {"device_start": -1, "device_end": -1}}, "FFC_sans_bias136": {"write": {"device_start": 1585660037.8847463, "host_queued_start": 1585660105.294745, "device_queued": 1585660037.8760216, "device_end": 1585660037.8847778, "host_queued_end": 1585660105.319572}, "device": "gpu", "nd_range": {"device_start": 1585660037.8847826, "device_end": 1585660037.8870547}, "cmdq": 2, "read": {"device_start": -1, "device_end": -1}}, "FFC_sans_bias135": {"write": {"device_start": 1585660037.885661, "host_queued_start": 1585660105.296844, "device_queued": 1585660037.8761892, "device_end": 1585660037.8856928, "host_queued_end": 1585660105.319572}, "device": "gpu", "nd_range": {"device_start": 1585660037.885705, "device_end": 1585660037.888025}, "cmdq": 4, "read": {"device_start": -1, "device_end": -1}}, "FFC_sans_bias133": {"write": {"device_start": 1585660037.9004025, "host_queued_start": 1585660105.318413, "device_queued": 1585660037.8797593, "device_end": 1585660037.9004352, "host_queued_end": 1585660105.319572}, "device": "gpu", "nd_range": {"device_start": 1585660037.9004436, "device_end": 1585660037.9014223}, "cmdq": 3, "read": {"device_start": 1585660037.9014282, "device_end": 1585660037.9014523}}, "FFC_sans_bias132": {"write": {"device_start": -1, "host_queued_start": 1585660105.308608, "device_queued": -1, "device_end": -1, "host_queued_end": 1585660105.319572}, "device": "gpu", "nd_range": {"device_start": 1585660037.89498, "device_end": 1585660037.8969238}, "cmdq": 3, "read": {"device_start": -1, "device_end": -1}}, "softmax68": {"write": {"device_start": -1, "host_queued_start": 1585660105.303665, "device_queued": -1, "device_end": -1, "host_queued_end": 1585660105.319572}, "device": "gpu", "nd_range": {"device_start": 1585660037.8909175, "device_end": 1585660037.8922524}, "cmdq": 1, "read": {"device_start": -1, "device_end": -1}}, "softmax131": {"write": {"device_start": -1, "host_queued_start": 1585660105.305414, "device_queued": -1, "device_end": -1, "host_queued_end": 1585660105.319572}, "device": "gpu", "nd_range": {"device_start": 1585660037.8927372, "device_end": 1585660037.8932016}, "cmdq": 3, "read": {"device_start": -1, "device_end": -1}}, "empty125": {"write": {"device_start": 1585660037.8730626, "host_queued_start": 1585660105.263449, "device_queued": 1585660037.8726437, "device_end": 1585660037.8731296, "host_queued_end": 1585660105.319572}, "device": "gpu", "nd_range": {"device_start": 1585660037.8731365, "device_end": 1585660037.8731437}, "cmdq": 2, "read": {"device_start": -1, "device_end": -1}}, "FFC_sans_bias139": {"write": {"device_start": -1, "host_queued_start": 1585660105.303162, "device_queued": -1, "device_end": -1, "host_queued_end": 1585660105.319572}, "device": "gpu", "nd_range": {"device_start": 1585660037.8924124, "device_end": 1585660037.8930237}, "cmdq": 4, "read": {"device_start": -1, "device_end": -1}}, "empty35": {"write": {"device_start": -1, "host_queued_start": 1585660105.324718, "device_queued": -1, "device_end": -1, "host_queued_end": 1585660105.361578}, "device": "cpu", "nd_range": {"device_start": 2327879.5517649613, "device_end": 2327879.5517689483}, "cmdq": 3, "read": {"device_start": -1, "device_end": -1}}, "softmax86": {"write": {"device_start": -1, "host_queued_start": 1585660105.304166, "device_queued": -1, "device_end": -1, "host_queued_end": 1585660105.319572}, "device": "gpu", "nd_range": {"device_start": 1585660037.8918962, "device_end": 1585660037.8927362}, "cmdq": 3, "read": {"device_start": -1, "device_end": -1}}, "FFC_sans_bias55": {"write": {"device_start": 1585660037.8735585, "host_queued_start": 1585660105.268205, "device_queued": 1585660037.873171, "device_end": 1585660037.873635, "host_queued_end": 1585660105.319572}, "device": "gpu", "nd_range": {"device_start": 1585660037.8736413, "device_end": 1585660037.8749735}, "cmdq": 2, "read": {"device_start": -1, "device_end": -1}}, "FFC_sans_bias54": {"write": {"device_start": 1585660037.8734527, "host_queued_start": 1585660105.267165, "device_queued": 1585660037.8731437, "device_end": 1585660037.8735182, "host_queued_end": 1585660105.319572}, "device": "gpu", "nd_range": {"device_start": 1585660037.8735213, "device_end": 1585660037.874401}, "cmdq": 1, "read": {"device_start": -1, "device_end": -1}}, "FFC_sans_bias56": {"write": {"device_start": 1585660037.8733468, "host_queued_start": 1585660105.26614, "device_queued": 1585660037.8729472, "device_end": 1585660037.873379, "host_queued_end": 1585660105.319572}, "device": "gpu", "nd_range": {"device_start": 1585660037.873386, "device_end": 1585660037.873993}, "cmdq": 0, "read": {"device_start": -1, "device_end": -1}}, "FFC_sans_bias51": {"write": {"device_start": -1, "host_queued_start": 1585660105.355477, "device_queued": -1, "device_end": -1, "host_queued_end": 1585660105.361578}, "device": "cpu", "nd_range": {"device_start": 2327879.6698044674, "device_end": 2327879.690337753}, "cmdq": 3, "read": {"device_start": -1, "device_end": -1}}, "FFC_sans_bias52": {"write": {"device_start": -1, "host_queued_start": 1585660105.361533, "device_queued": -1, "device_end": -1, "host_queued_end": 1585660105.361578}, "device": "cpu", "nd_range": {"device_start": 2327879.690394428, "device_end": 2327879.712968044}, "cmdq": 1, "read": {"device_start": -1, "device_end": -1}}, "FFC_sans_bias58": {"write": {"device_start": -1, "host_queued_start": 1585660105.300297, "device_queued": -1, "device_end": -1, "host_queued_end": 1585660105.319572}, "device": "gpu", "nd_range": {"device_start": 1585660037.8879166, "device_end": 1585660037.8885267}, "cmdq": 0, "read": {"device_start": -1, "device_end": -1}}, "FFC_sans_bias108": {"write": {"device_start": 1585660037.8803654, "host_queued_start": 1585660105.285294, "device_queued": 1585660037.8750038, "device_end": 1585660037.880392, "host_queued_end": 1585660105.319572}, "device": "gpu", "nd_range": {"device_start": 1585660037.8804026, "device_end": 1585660037.8826873}, "cmdq": 3, "read": {"device_start": -1, "device_end": -1}}, "FFC_sans_bias109": {"write": {"device_start": 1585660037.8808377, "host_queued_start": 1585660105.286334, "device_queued": 1585660037.8750374, "device_end": 1585660037.8808637, "host_queued_end": 1585660105.319572}, "device": "gpu", "nd_range": {"device_start": 1585660037.8808722, "device_end": 1585660037.8831556}, "cmdq": 4, "read": {"device_start": -1, "device_end": -1}}, "coalesced_transpose129": {"write": {"device_start": -1, "host_queued_start": 1585660105.299678, "device_queued": -1, "device_end": -1, "host_queued_end": 1585660105.319572}, "device": "gpu", "nd_range": {"device_start": 1585660037.8879106, "device_end": 1585660037.887929}, "cmdq": 3, "read": {"device_start": -1, "device_end": -1}}, "FFC_sans_bias103": {"write": {"device_start": -1, "host_queued_start": 1585660105.301886, "device_queued": -1, "device_end": -1, "host_queued_end": 1585660105.319572}, "device": "gpu", "nd_range": {"device_start": 1585660037.8885286, "device_end": 1585660037.8904848}, "cmdq": 0, "read": {"device_start": -1, "device_end": -1}}, "FFC_sans_bias100": {"write": {"device_start": 1585660037.8794107, "host_queued_start": 1585660105.283205, "device_queued": 1585660037.8748696, "device_end": 1585660037.8794382, "host_queued_end": 1585660105.319572}, "device": "gpu", "nd_range": {"device_start": 1585660037.8794425, "device_end": 1585660037.881723}, "cmdq": 1, "read": {"device_start": -1, "device_end": -1}}, "FFC_sans_bias101": {"write": {"device_start": 1585660037.8798656, "host_queued_start": 1585660105.284255, "device_queued": 1585660037.8748853, "device_end": 1585660037.8798938, "host_queued_end": 1585660105.319572}, "device": "gpu", "nd_range": {"device_start": 1585660037.8799036, "device_end": 1585660037.8821864}, "cmdq": 2, "read": {"device_start": -1, "device_end": -1}}, "FFC_sans_bias106": {"write": {"device_start": 1585660037.9005067, "host_queued_start": 1585660105.31523, "device_queued": 1585660037.8795593, "device_end": 1585660037.9005377, "host_queued_end": 1585660105.319572}, "device": "gpu", "nd_range": {"device_start": 1585660037.9005437, "device_end": 1585660037.9019907}, "cmdq": 0, "read": {"device_start": 1585660037.901999, "device_end": 1585660037.9020226}}, "softmax122": {"write": {"device_start": -1, "host_queued_start": 1585660105.305167, "device_queued": -1, "device_end": -1, "host_queued_end": 1585660105.319572}, "device": "gpu", "nd_range": {"device_start": 1585660037.892748, "device_end": 1585660037.893191}, "cmdq": 2, "read": {"device_start": -1, "device_end": -1}}, "FFC_sans_bias105": {"write": {"device_start": -1, "host_queued_start": 1585660105.307664, "device_queued": -1, "device_end": -1, "host_queued_end": 1585660105.319572}, "device": "gpu", "nd_range": {"device_start": 1585660037.8934784, "device_end": 1585660037.895414}, "cmdq": 0, "read": {"device_start": -1, "device_end": -1}}, "softmax95": {"write": {"device_start": -1, "host_queued_start": 1585660105.304413, "device_queued": -1, "device_end": -1, "host_queued_end": 1585660105.319572}, "device": "gpu", "nd_range": {"device_start": 1585660037.8930254, "device_end": 1585660037.8941782}, "cmdq": 4, "read": {"device_start": -1, "device_end": -1}}, "coalesced_transpose57": {"write": {"device_start": -1, "host_queued_start": 1585660105.297178, "device_queued": -1, "device_end": -1, "host_queued_end": 1585660105.319572}, "device": "gpu", "nd_range": {"device_start": 1585660037.886072, "device_end": 1585660037.8878608}, "cmdq": 0, "read": {"device_start": -1, "device_end": -1}}, "empty26": {"write": {"device_start": -1, "host_queued_start": 1585660105.323729, "device_queued": -1, "device_end": -1, "host_queued_end": 1585660105.361578}, "device": "cpu", "nd_range": {"device_start": 2327879.551222164, "device_end": 2327879.55122689}, "cmdq": 2, "read": {"device_start": -1, "device_end": -1}}, "softmax113": {"write": {"device_start": -1, "host_queued_start": 1585660105.304913, "device_queued": -1, "device_end": -1, "host_queued_end": 1585660105.319572}, "device": "gpu", "nd_range": {"device_start": 1585660037.892254, "device_end": 1585660037.8927848}, "cmdq": 1, "read": {"device_start": -1, "device_end": -1}}, "FFC_sans_bias11": {"write": {"device_start": -1, "host_queued_start": 1585660105.333805, "device_queued": -1, "device_end": -1, "host_queued_end": 1585660105.361578}, "device": "cpu", "nd_range": {"device_start": 2327879.567112572, "device_end": 2327879.582236362}, "cmdq": 3, "read": {"device_start": -1, "device_end": -1}}, "FFC_sans_bias42": {"write": {"device_start": -1, "host_queued_start": 1585660105.355134, "device_queued": -1, "device_end": -1, "host_queued_end": 1585660105.361578}, "device": "cpu", "nd_range": {"device_start": 2327879.7000120543, "device_end": 2327879.707887247}, "cmdq": 2, "read": {"device_start": -1, "device_end": -1}}, "FFC_sans_bias43": {"write": {"device_start": -1, "host_queued_start": 1585660105.360545, "device_queued": -1, "device_end": -1, "host_queued_end": 1585660105.361578}, "device": "cpu", "nd_range": {"device_start": 2327879.71542393, "device_end": 2327879.720802136}, "cmdq": 0, "read": {"device_start": -1, "device_end": -1}}, "FFC_sans_bias40": {"write": {"device_start": -1, "host_queued_start": 1585660105.351349, "device_queued": -1, "device_end": -1, "host_queued_end": 1585660105.361578}, "device": "cpu", "nd_range": {"device_start": 2327879.653817988, "device_end": 2327879.669254839}, "cmdq": 2, "read": {"device_start": -1, "device_end": -1}}, "FFC_sans_bias46": {"write": {"device_start": -1, "host_queued_start": 1585660105.345969, "device_queued": -1, "device_end": -1, "host_queued_end": 1585660105.361578}, "device": "cpu", "nd_range": {"device_start": 2327879.61304315, "device_end": 2327879.6253287774}, "cmdq": 2, "read": {"device_start": -1, "device_end": -1}}, "FFC_sans_bias47": {"write": {"device_start": -1, "host_queued_start": 1585660105.34714, "device_queued": -1, "device_end": -1, "host_queued_end": 1585660105.361578}, "device": "cpu", "nd_range": {"device_start": 2327879.612865805, "device_end": 2327879.624489516}, "cmdq": 3, "read": {"device_start": -1, "device_end": -1}}, "FFC_sans_bias45": {"write": {"device_start": -1, "host_queued_start": 1585660105.344832, "device_queued": -1, "device_end": -1, "host_queued_end": 1585660105.361578}, "device": "cpu", "nd_range": {"device_start": 2327879.5995889623, "device_end": 2327879.616408859}, "cmdq": 1, "read": {"device_start": -1, "device_end": -1}}, "FFC_sans_bias49": {"write": {"device_start": -1, "host_queued_start": 1585660105.351694, "device_queued": -1, "device_end": -1, "host_queued_end": 1585660105.361578}, "device": "cpu", "nd_range": {"device_start": 2327879.6431379323, "device_end": 2327879.6535780784}, "cmdq": 3, "read": {"device_start": -1, "device_end": -1}}, "softmax77": {"write": {"device_start": -1, "host_queued_start": 1585660105.303916, "device_queued": -1, "device_end": -1, "host_queued_end": 1585660105.319572}, "device": "gpu", "nd_range": {"device_start": 1585660037.8914413, "device_end": 1585660037.892747}, "cmdq": 2, "read": {"device_start": -1, "device_end": -1}}, "empty134": {"write": {"device_start": 1585660037.8731587, "host_queued_start": 1585660105.264266, "device_queued": 1585660037.8728364, "device_end": 1585660037.8732247, "host_queued_end": 1585660105.319572}, "device": "gpu", "nd_range": {"device_start": 1585660037.8732288, "device_end": 1585660037.8732345}, "cmdq": 3, "read": {"device_start": -1, "device_end": -1}}, "coalesced_transpose138": {"write": {"device_start": -1, "host_queued_start": 1585660105.299977, "device_queued": -1, "device_end": -1, "host_queued_end": 1585660105.319572}, "device": "gpu", "nd_range": {"device_start": 1585660037.889866, "device_end": 1585660037.8912935}, "cmdq": 4, "read": {"device_start": -1, "device_end": -1}}, "FFC_sans_bias119": {"write": {"device_start": 1585660037.8827934, "host_queued_start": 1585660105.290558, "device_queued": 1585660037.8755984, "device_end": 1585660037.8828254, "host_queued_end": 1585660105.319572}, "device": "gpu", "nd_range": {"device_start": 1585660037.8828337, "device_end": 1585660037.885086}, "cmdq": 3, "read": {"device_start": -1, "device_end": -1}}, "FFC_sans_bias118": {"write": {"device_start": 1585660037.8822918, "host_queued_start": 1585660105.289489, "device_queued": 1585660037.8755786, "device_end": 1585660037.8823187, "host_queued_end": 1585660105.319572}, "device": "gpu", "nd_range": {"device_start": 1585660037.8823273, "device_end": 1585660037.8846247}, "cmdq": 2, "read": {"device_start": -1, "device_end": -1}}, "empty143": {"write": {"device_start": 1585660037.8732681, "host_queued_start": 1585660105.265081, "device_queued": 1585660037.872863, "device_end": 1585660037.8733432, "host_queued_end": 1585660105.319572}, "device": "gpu", "nd_range": {"device_start": 1585660037.8733468, "device_end": 1585660037.8733613}, "cmdq": 4, "read": {"device_start": -1, "device_end": -1}}, "FFC_sans_bias115": {"write": {"device_start": 1585660037.898073, "host_queued_start": 1585660105.316277, "device_queued": 1585660037.8796158, "device_end": 1585660037.898109, "host_queued_end": 1585660105.319572}, "device": "gpu", "nd_range": {"device_start": 1585660037.8981164, "device_end": 1585660037.8997688}, "cmdq": 1, "read": {"device_start": 1585660037.8997736, "device_end": 1585660037.899798}}, "FFC_sans_bias114": {"write": {"device_start": -1, "host_queued_start": 1585660105.307978, "device_queued": -1, "device_end": -1, "host_queued_end": 1585660105.319572}, "device": "gpu", "nd_range": {"device_start": 1585660037.8939998, "device_end": 1585660037.8959632}, "cmdq": 1, "read": {"device_start": -1, "device_end": -1}}, "FFC_sans_bias117": {"write": {"device_start": 1585660037.8818145, "host_queued_start": 1585660105.288433, "device_queued": 1585660037.875543, "device_end": 1585660037.8818452, "host_queued_end": 1585660105.319572}, "device": "gpu", "nd_range": {"device_start": 1585660037.881855, "device_end": 1585660037.8841226}, "cmdq": 1, "read": {"device_start": -1, "device_end": -1}}, "softmax5": {"write": {"device_start": -1, "host_queued_start": 1585660105.352017, "device_queued": -1, "device_end": -1, "host_queued_end": 1585660105.361578}, "device": "cpu", "nd_range": {"device_start": 2327879.653599256, "device_end": 2327879.653810083}, "cmdq": 0, "read": {"device_start": -1, "device_end": -1}}, "FFC_sans_bias110": {"write": {"device_start": 1585660037.8813255, "host_queued_start": 1585660105.287392, "device_queued": 1585660037.8753066, "device_end": 1585660037.8813515, "host_queued_end": 1585660105.319572}, "device": "gpu", "nd_range": {"device_start": 1585660037.8813608, "device_end": 1585660037.8836706}, "cmdq": 0, "read": {"device_start": -1, "device_end": -1}}, "FFC_sans_bias112": {"write": {"device_start": -1, "host_queued_start": 1585660105.302207, "device_queued": -1, "device_end": -1, "host_queued_end": 1585660105.319572}, "device": "gpu", "nd_range": {"device_start": 1585660037.8890011, "device_end": 1585660037.890916}, "cmdq": 1, "read": {"device_start": -1, "device_end": -1}}, "empty53": {"write": {"device_start": -1, "host_queued_start": 1585660105.32678, "device_queued": -1, "device_end": -1, "host_queued_end": 1585660105.361578}, "device": "cpu", "nd_range": {"device_start": 2327879.551215279, "device_end": 2327879.5512164193}, "cmdq": 1, "read": {"device_start": -1, "device_end": -1}}, "coalesced_transpose48": {"write": {"device_start": -1, "host_queued_start": 1585660105.349422, "device_queued": -1, "device_end": -1, "host_queued_end": 1585660105.361578}, "device": "cpu", "nd_range": {"device_start": 2327879.6253465572, "device_end": 2327879.625573162}, "cmdq": 1, "read": {"device_start": -1, "device_end": -1}}}