{"FFC_sans_bias4": {"write": {"device_start": -1, "host_queued_start": 1585660088.065854, "device_queued": -1, "device_end": -1, "host_queued_end": 1585660088.097825}, "device": "gpu", "nd_range": {"device_start": 1585660020.67643, "device_end": 1585660020.677041}, "cmdq": 0, "read": {"device_start": -1, "device_end": -1}}, "FFC_sans_bias7": {"write": {"device_start": 1585660020.691935, "host_queued_start": 1585660088.081414, "device_queued": 1585660020.6618488, "device_end": 1585660020.6919658, "host_queued_end": 1585660088.097825}, "device": "gpu", "nd_range": {"device_start": 1585660020.6919959, "device_end": 1585660020.6942356}, "cmdq": 3, "read": {"device_start": 1585660020.6942425, "device_end": 1585660020.694268}}, "FFC_sans_bias6": {"write": {"device_start": -1, "host_queued_start": 1585660088.075333, "device_queued": -1, "device_end": -1, "host_queued_end": 1585660088.097825}, "device": "gpu", "nd_range": {"device_start": 1585660020.6849527, "device_end": 1585660020.6855567}, "cmdq": 2, "read": {"device_start": -1, "device_end": -1}}, "FFC_sans_bias1": {"write": {"device_start": 1585660020.6528654, "host_queued_start": 1585660088.007116, "device_queued": 1585660020.6527317, "device_end": 1585660020.6529179, "host_queued_end": 1585660088.097825}, "device": "gpu", "nd_range": {"device_start": 1585660020.6530738, "device_end": 1585660020.6540546}, "cmdq": 2, "read": {"device_start": -1, "device_end": -1}}, "FFC_sans_bias0": {"write": {"device_start": 1585660020.6527774, "host_queued_start": 1585660088.0056, "device_queued": 1585660020.65271, "device_end": 1585660020.65283, "host_queued_end": 1585660088.097825}, "device": "gpu", "nd_range": {"device_start": 1585660020.6530428, "device_end": 1585660020.653658}, "cmdq": 1, "read": {"device_start": -1, "device_end": -1}}, "FFC_sans_bias2": {"write": {"device_start": 1585660020.6529663, "host_queued_start": 1585660088.008517, "device_queued": 1585660020.6527488, "device_end": 1585660020.6530142, "host_queued_end": 1585660088.097825}, "device": "gpu", "nd_range": {"device_start": 1585660020.6530883, "device_end": 1585660020.6546376}, "cmdq": 3, "read": {"device_start": -1, "device_end": -1}}, "coalesced_transpose120": {"write": {"device_start": -1, "host_queued_start": 1585660088.064887, "device_queued": -1, "device_end": -1, "host_queued_end": 1585660088.097825}, "device": "gpu", "nd_range": {"device_start": 1585660020.6763582, "device_end": 1585660020.676468}, "cmdq": 2, "read": {"device_start": -1, "device_end": -1}}, "FFC_sans_bias9": {"write": {"device_start": 1585660020.653047, "host_queued_start": 1585660088.00977, "device_queued": 1585660020.6527638, "device_end": 1585660020.6530719, "host_queued_end": 1585660088.097825}, "device": "gpu", "nd_range": {"device_start": 1585660020.6531017, "device_end": 1585660020.655051}, "cmdq": 4, "read": {"device_start": -1, "device_end": -1}}, "empty71": {"write": {"device_start": 1585660020.6518557, "host_queued_start": 1585660087.995866, "device_queued": 1585660020.6516519, "device_end": 1585660020.6518834, "host_queued_end": 1585660088.097825}, "device": "gpu", "nd_range": {"device_start": 1585660020.6519716, "device_end": 1585660020.651976}, "cmdq": 2, "read": {"device_start": -1, "device_end": -1}}, "softmax41": {"write": {"device_start": -1, "host_queued_start": 1585660088.072154, "device_queued": -1, "device_end": -1, "host_queued_end": 1585660088.097825}, "device": "gpu", "nd_range": {"device_start": 1585660020.6833205, "device_end": 1585660020.6845267}, "cmdq": 0, "read": {"device_start": -1, "device_end": -1}}, "FFC_sans_bias37": {"write": {"device_start": 1585660020.6576476, "host_queued_start": 1585660088.022808, "device_queued": 1585660020.6539054, "device_end": 1585660020.6576724, "host_queued_end": 1585660088.097825}, "device": "gpu", "nd_range": {"device_start": 1585660020.6576781, "device_end": 1585660020.6598728}, "cmdq": 4, "read": {"device_start": -1, "device_end": -1}}, "FFC_sans_bias36": {"write": {"device_start": 1585660020.6571212, "host_queued_start": 1585660088.021552, "device_queued": 1585660020.6538894, "device_end": 1585660020.6571453, "host_queued_end": 1585660088.097825}, "device": "gpu", "nd_range": {"device_start": 1585660020.6571531, "device_end": 1585660020.6594303}, "cmdq": 3, "read": {"device_start": -1, "device_end": -1}}, "FFC_sans_bias34": {"write": {"device_start": 1585660020.692418, "host_queued_start": 1585660088.084664, "device_queued": 1585660020.662356, "device_end": 1585660020.6924493, "host_queued_end": 1585660088.097825}, "device": "gpu", "nd_range": {"device_start": 1585660020.692476, "device_end": 1585660020.6946957}, "cmdq": 1, "read": {"device_start": 1585660020.694709, "device_end": 1585660020.6947415}}, "FFC_sans_bias33": {"write": {"device_start": -1, "host_queued_start": 1585660088.076299, "device_queued": -1, "device_end": -1, "host_queued_end": 1585660088.097825}, "device": "gpu", "nd_range": {"device_start": 1585660020.6850586, "device_end": 1585660020.686526}, "cmdq": 0, "read": {"device_start": -1, "device_end": -1}}, "FFC_sans_bias31": {"write": {"device_start": -1, "host_queued_start": 1585660088.066862, "device_queued": -1, "device_end": -1, "host_queued_end": 1585660088.097825}, "device": "gpu", "nd_range": {"device_start": 1585660020.679323, "device_end": 1585660020.681394}, "cmdq": 3, "read": {"device_start": -1, "device_end": -1}}, "FFC_sans_bias38": {"write": {"device_start": 1585660020.658112, "host_queued_start": 1585660088.024044, "device_queued": 1585660020.6542268, "device_end": 1585660020.658144, "host_queued_end": 1585660088.097825}, "device": "gpu", "nd_range": {"device_start": 1585660020.6581473, "device_end": 1585660020.6604226}, "cmdq": 0, "read": {"device_start": -1, "device_end": -1}}, "coalesced_transpose75": {"write": {"device_start": -1, "host_queued_start": 1585660088.063325, "device_queued": -1, "device_end": -1, "host_queued_end": 1585660088.097825}, "device": "gpu", "nd_range": {"device_start": 1585660020.6762712, "device_end": 1585660020.676335}, "cmdq": 2, "read": {"device_start": -1, "device_end": -1}}, "softmax140": {"write": {"device_start": -1, "host_queued_start": 1585660088.075005, "device_queued": -1, "device_end": -1, "host_queued_end": 1585660088.097825}, "device": "gpu", "nd_range": {"device_start": 1585660020.6849287, "device_end": 1585660020.6853063}, "cmdq": 1, "read": {"device_start": -1, "device_end": -1}}, "empty44": {"write": {"device_start": 1585660020.6515558, "host_queued_start": 1585660087.993276, "device_queued": 1585660020.6514611, "device_end": 1585660020.6515846, "host_queued_end": 1585660088.097825}, "device": "gpu", "nd_range": {"device_start": 1585660020.6516016, "device_end": 1585660020.6516051}, "cmdq": 4, "read": {"device_start": -1, "device_end": -1}}, "FFC_sans_bias137": {"write": {"device_start": 1585660020.673539, "host_queued_start": 1585660088.059318, "device_queued": 1585660020.6574326, "device_end": 1585660020.6735654, "host_queued_end": 1585660088.097825}, "device": "gpu", "nd_range": {"device_start": 1585660020.6735747, "device_end": 1585660020.675879}, "cmdq": 2, "read": {"device_start": -1, "device_end": -1}}, "empty8": {"write": {"device_start": 1585660020.6509545, "host_queued_start": 1585660087.989463, "device_queued": 1585660020.6508238, "device_end": 1585660020.6509805, "host_queued_end": 1585660088.097825}, "device": "gpu", "nd_range": {"device_start": 1585660020.6510925, "device_end": 1585660020.6510975}, "cmdq": 0, "read": {"device_start": -1, "device_end": -1}}, "softmax50": {"write": {"device_start": -1, "host_queued_start": 1585660088.072406, "device_queued": -1, "device_end": -1, "host_queued_end": 1585660088.097825}, "device": "gpu", "nd_range": {"device_start": 1585660020.6844685, "device_end": 1585660020.6846762}, "cmdq": 1, "read": {"device_start": -1, "device_end": -1}}, "softmax59": {"write": {"device_start": -1, "host_queued_start": 1585660088.072651, "device_queued": -1, "device_end": -1, "host_queued_end": 1585660088.097825}, "device": "gpu", "nd_range": {"device_start": 1585660020.6844952, "device_end": 1585660020.6847024}, "cmdq": 2, "read": {"device_start": -1, "device_end": -1}}, "FFC_sans_bias142": {"write": {"device_start": 1585660020.6987517, "host_queued_start": 1585660088.097725, "device_queued": 1585660020.6640964, "device_end": 1585660020.698783, "host_queued_end": 1585660088.097825}, "device": "gpu", "nd_range": {"device_start": 1585660020.698804, "device_end": 1585660020.7004635}, "cmdq": 3, "read": {"device_start": 1585660020.7004693, "device_end": 1585660020.7004914}}, "FFC_sans_bias141": {"write": {"device_start": -1, "host_queued_start": 1585660088.080365, "device_queued": -1, "device_end": -1, "host_queued_end": 1585660088.097825}, "device": "gpu", "nd_range": {"device_start": 1585660020.6903782, "device_end": 1585660020.6927657}, "cmdq": 2, "read": {"device_start": -1, "device_end": -1}}, "FFC_sans_bias24": {"write": {"device_start": -1, "host_queued_start": 1585660088.07598, "device_queued": -1, "device_end": -1, "host_queued_end": 1585660088.097825}, "device": "gpu", "nd_range": {"device_start": 1585660020.6849813, "device_end": 1585660020.686022}, "cmdq": 4, "read": {"device_start": -1, "device_end": -1}}, "FFC_sans_bias25": {"write": {"device_start": 1585660020.6914718, "host_queued_start": 1585660088.083603, "device_queued": 1585660020.6622365, "device_end": 1585660020.6915038, "host_queued_end": 1585660088.097825}, "device": "gpu", "nd_range": {"device_start": 1585660020.6915321, "device_end": 1585660020.693747}, "cmdq": 0, "read": {"device_start": 1585660020.6943865, "device_end": 1585660020.6944447}}, "FFC_sans_bias27": {"write": {"device_start": 1585660020.655734, "host_queued_start": 1585660088.017069, "device_queued": 1585660020.653643, "device_end": 1585660020.6557655, "host_queued_end": 1585660088.097825}, "device": "gpu", "nd_range": {"device_start": 1585660020.655772, "device_end": 1585660020.6580076}, "cmdq": 0, "read": {"device_start": -1, "device_end": -1}}, "FFC_sans_bias20": {"write": {"device_start": 1585660020.6551595, "host_queued_start": 1585660088.015818, "device_queued": 1585660020.6534593, "device_end": 1585660020.6551902, "host_queued_end": 1585660088.097825}, "device": "gpu", "nd_range": {"device_start": 1585660020.6551938, "device_end": 1585660020.657501}, "cmdq": 4, "read": {"device_start": -1, "device_end": -1}}, "FFC_sans_bias22": {"write": {"device_start": -1, "host_queued_start": 1585660088.066518, "device_queued": -1, "device_end": -1, "host_queued_end": 1585660088.097825}, "device": "gpu", "nd_range": {"device_start": 1585660020.6764927, "device_end": 1585660020.678011}, "cmdq": 2, "read": {"device_start": -1, "device_end": -1}}, "FFC_sans_bias130": {"write": {"device_start": -1, "host_queued_start": 1585660088.070496, "device_queued": -1, "device_end": -1, "host_queued_end": 1585660088.097825}, "device": "gpu", "nd_range": {"device_start": 1585660020.6804368, "device_end": 1585660020.6828253}, "cmdq": 4, "read": {"device_start": -1, "device_end": -1}}, "FFC_sans_bias28": {"write": {"device_start": 1585660020.656204, "host_queued_start": 1585660088.018341, "device_queued": 1585660020.6538336, "device_end": 1585660020.6562288, "host_queued_end": 1585660088.097825}, "device": "gpu", "nd_range": {"device_start": 1585660020.656234, "device_end": 1585660020.6584551}, "cmdq": 1, "read": {"device_start": -1, "device_end": -1}}, "FFC_sans_bias29": {"write": {"device_start": 1585660020.6566339, "host_queued_start": 1585660088.020206, "device_queued": 1585660020.6538649, "device_end": 1585660020.6566586, "host_queued_end": 1585660088.097825}, "device": "gpu", "nd_range": {"device_start": 1585660020.6566644, "device_end": 1585660020.65898}, "cmdq": 2, "read": {"device_start": -1, "device_end": -1}}, "coalesced_transpose66": {"write": {"device_start": -1, "host_queued_start": 1585660088.062978, "device_queued": -1, "device_end": -1, "host_queued_end": 1585660088.097825}, "device": "gpu", "nd_range": {"device_start": 1585660020.676253, "device_end": 1585660020.6763084}, "cmdq": 1, "read": {"device_start": -1, "device_end": -1}}, "coalesced_transpose93": {"write": {"device_start": -1, "host_queued_start": 1585660088.063951, "device_queued": -1, "device_end": -1, "host_queued_end": 1585660088.097825}, "device": "gpu", "nd_range": {"device_start": 1585660020.676297, "device_end": 1585660020.6763706}, "cmdq": 4, "read": {"device_start": -1, "device_end": -1}}, "softmax23": {"write": {"device_start": -1, "host_queued_start": 1585660088.071645, "device_queued": -1, "device_end": -1, "host_queued_end": 1585660088.097825}, "device": "gpu", "nd_range": {"device_start": 1585660020.6844125, "device_end": 1585660020.684625}, "cmdq": 3, "read": {"device_start": -1, "device_end": -1}}, "empty62": {"write": {"device_start": 1585660020.6517704, "host_queued_start": 1585660087.995024, "device_queued": 1585660020.65163, "device_end": 1585660020.6518211, "host_queued_end": 1585660088.097825}, "device": "gpu", "nd_range": {"device_start": 1585660020.6519516, "device_end": 1585660020.6519601}, "cmdq": 1, "read": {"device_start": -1, "device_end": -1}}, "FFC_sans_bias10": {"write": {"device_start": 1585660020.6532698, "host_queued_start": 1585660088.011028, "device_queued": 1585660020.6532035, "device_end": 1585660020.6532938, "host_queued_end": 1585660088.097825}, "device": "gpu", "nd_range": {"device_start": 1585660020.6532962, "device_end": 1585660020.655607}, "cmdq": 0, "read": {"device_start": -1, "device_end": -1}}, "FFC_sans_bias13": {"write": {"device_start": -1, "host_queued_start": 1585660088.066189, "device_queued": -1, "device_end": -1, "host_queued_end": 1585660088.097825}, "device": "gpu", "nd_range": {"device_start": 1585660020.676462, "device_end": 1585660020.6774473}, "cmdq": 1, "read": {"device_start": -1, "device_end": -1}}, "FFC_sans_bias15": {"write": {"device_start": -1, "host_queued_start": 1585660088.075655, "device_queued": -1, "device_end": -1, "host_queued_end": 1585660088.097825}, "device": "gpu", "nd_range": {"device_start": 1585660020.685259, "device_end": 1585660020.686971}, "cmdq": 3, "read": {"device_start": -1, "device_end": -1}}, "FFC_sans_bias16": {"write": {"device_start": 1585660020.6909683, "host_queued_start": 1585660088.082499, "device_queued": 1585660020.6618094, "device_end": 1585660020.690999, "host_queued_end": 1585660088.097825}, "device": "gpu", "nd_range": {"device_start": 1585660020.691026, "device_end": 1585660020.693285}, "cmdq": 4, "read": {"device_start": 1585660020.693296, "device_end": 1585660020.6933208}}, "FFC_sans_bias19": {"write": {"device_start": 1585660020.654775, "host_queued_start": 1585660088.014563, "device_queued": 1585660020.653439, "device_end": 1585660020.6547995, "host_queued_end": 1585660088.097825}, "device": "gpu", "nd_range": {"device_start": 1585660020.6548054, "device_end": 1585660020.657033}, "cmdq": 3, "read": {"device_start": -1, "device_end": -1}}, "FFC_sans_bias18": {"write": {"device_start": 1585660020.6541603, "host_queued_start": 1585660088.013379, "device_queued": 1585660020.6532862, "device_end": 1585660020.6541853, "host_queued_end": 1585660088.097825}, "device": "gpu", "nd_range": {"device_start": 1585660020.654189, "device_end": 1585660020.6565442}, "cmdq": 2, "read": {"device_start": -1, "device_end": -1}}, "FFC_sans_bias99": {"write": {"device_start": 1585660020.6672833, "host_queued_start": 1585660088.045391, "device_queued": 1585660020.6559894, "device_end": 1585660020.667314, "host_queued_end": 1585660088.097825}, "device": "gpu", "nd_range": {"device_start": 1585660020.6673284, "device_end": 1585660020.6695766}, "cmdq": 4, "read": {"device_start": -1, "device_end": -1}}, "FFC_sans_bias91": {"write": {"device_start": 1585660020.6662965, "host_queued_start": 1585660088.043266, "device_queued": 1585660020.6559358, "device_end": 1585660020.6663277, "host_queued_end": 1585660088.097825}, "device": "gpu", "nd_range": {"device_start": 1585660020.6663446, "device_end": 1585660020.668626}, "cmdq": 2, "read": {"device_start": -1, "device_end": -1}}, "FFC_sans_bias90": {"write": {"device_start": 1585660020.6658158, "host_queued_start": 1585660088.042173, "device_queued": 1585660020.655904, "device_end": 1585660020.665848, "host_queued_end": 1585660088.097825}, "device": "gpu", "nd_range": {"device_start": 1585660020.665852, "device_end": 1585660020.668133}, "cmdq": 1, "read": {"device_start": -1, "device_end": -1}}, "coalesced_transpose12": {"write": {"device_start": -1, "host_queued_start": 1585660088.061031, "device_queued": -1, "device_end": -1, "host_queued_end": 1585660088.097825}, "device": "gpu", "nd_range": {"device_start": 1585660020.6749153, "device_end": 1585660020.6762283}, "cmdq": 0, "read": {"device_start": -1, "device_end": -1}}, "FFC_sans_bias94": {"write": {"device_start": -1, "host_queued_start": 1585660088.069174, "device_queued": -1, "device_end": -1, "host_queued_end": 1585660088.097825}, "device": "gpu", "nd_range": {"device_start": 1585660020.6789882, "device_end": 1585660020.6808913}, "cmdq": 0, "read": {"device_start": -1, "device_end": -1}}, "FFC_sans_bias97": {"write": {"device_start": 1585660020.6963398, "host_queued_start": 1585660088.092284, "device_queued": 1585660020.663481, "device_end": 1585660020.6963649, "host_queued_end": 1585660088.097825}, "device": "gpu", "nd_range": {"device_start": 1585660020.6963923, "device_end": 1585660020.6985562}, "cmdq": 3, "read": {"device_start": 1585660020.698559, "device_end": 1585660020.6985826}}, "FFC_sans_bias96": {"write": {"device_start": -1, "host_queued_start": 1585660088.078693, "device_queued": -1, "device_end": -1, "host_queued_end": 1585660088.097825}, "device": "gpu", "nd_range": {"device_start": 1585660020.687977, "device_end": 1585660020.6903589}, "cmdq": 2, "read": {"device_start": -1, "device_end": -1}}, "FFC_sans_bias124": {"write": {"device_start": 1585660020.6973197, "host_queued_start": 1585660088.095556, "device_queued": 1585660020.6638362, "device_end": 1585660020.69735, "host_queued_end": 1585660088.097825}, "device": "gpu", "nd_range": {"device_start": 1585660020.6973665, "device_end": 1585660020.6995327}, "cmdq": 1, "read": {"device_start": 1585660020.6995423, "device_end": 1585660020.699565}}, "FFC_sans_bias126": {"write": {"device_start": 1585660020.6721177, "host_queued_start": 1585660088.056132, "device_queued": 1585660020.6570344, "device_end": 1585660020.6721504, "host_queued_end": 1585660088.097825}, "device": "gpu", "nd_range": {"device_start": 1585660020.6721547, "device_end": 1585660020.6744149}, "cmdq": 4, "read": {"device_start": -1, "device_end": -1}}, "softmax32": {"write": {"device_start": -1, "host_queued_start": 1585660088.071899, "device_queued": -1, "device_end": -1, "host_queued_end": 1585660088.097825}, "device": "gpu", "nd_range": {"device_start": 1585660020.68285, "device_end": 1585660020.6845012}, "cmdq": 4, "read": {"device_start": -1, "device_end": -1}}, "coalesced_transpose84": {"write": {"device_start": -1, "host_queued_start": 1585660088.063638, "device_queued": -1, "device_end": -1, "host_queued_end": 1585660088.097825}, "device": "gpu", "nd_range": {"device_start": 1585660020.6765108, "device_end": 1585660020.677848}, "cmdq": 3, "read": {"device_start": -1, "device_end": -1}}, "FFC_sans_bias121": {"write": {"device_start": -1, "host_queued_start": 1585660088.07017, "device_queued": -1, "device_end": -1, "host_queued_end": 1585660088.097825}, "device": "gpu", "nd_range": {"device_start": 1585660020.6837914, "device_end": 1585660020.6843898}, "cmdq": 3, "read": {"device_start": -1, "device_end": -1}}, "empty98": {"write": {"device_start": 1585660020.6521761, "host_queued_start": 1585660087.99838, "device_queued": 1585660020.6520202, "device_end": 1585660020.6522298, "host_queued_end": 1585660088.097825}, "device": "gpu", "nd_range": {"device_start": 1585660020.6522374, "device_end": 1585660020.652241}, "cmdq": 0, "read": {"device_start": -1, "device_end": -1}}, "empty107": {"write": {"device_start": 1585660020.6522539, "host_queued_start": 1585660087.999253, "device_queued": 1585660020.6520832, "device_end": 1585660020.6522768, "host_queued_end": 1585660088.097825}, "device": "gpu", "nd_range": {"device_start": 1585660020.6523838, "device_end": 1585660020.652425}, "cmdq": 1, "read": {"device_start": -1, "device_end": -1}}, "empty17": {"write": {"device_start": 1585660020.6512115, "host_queued_start": 1585660087.990545, "device_queued": 1585660020.6510928, "device_end": 1585660020.6512764, "host_queued_end": 1585660088.097825}, "device": "gpu", "nd_range": {"device_start": 1585660020.651499, "device_end": 1585660020.651511}, "cmdq": 1, "read": {"device_start": -1, "device_end": -1}}, "FFC_sans_bias87": {"write": {"device_start": -1, "host_queued_start": 1585660088.078333, "device_queued": -1, "device_end": -1, "host_queued_end": 1585660088.097825}, "device": "gpu", "nd_range": {"device_start": 1585660020.68751, "device_end": 1585660020.689908}, "cmdq": 1, "read": {"device_start": -1, "device_end": -1}}, "FFC_sans_bias85": {"write": {"device_start": -1, "host_queued_start": 1585660088.068846, "device_queued": -1, "device_end": -1, "host_queued_end": 1585660088.097825}, "device": "gpu", "nd_range": {"device_start": 1585660020.678471, "device_end": 1585660020.6804135}, "cmdq": 4, "read": {"device_start": -1, "device_end": -1}}, "FFC_sans_bias82": {"write": {"device_start": 1585660020.6648548, "host_queued_start": 1585660088.03996, "device_queued": 1585660020.6554482, "device_end": 1585660020.6648874, "host_queued_end": 1585660088.097825}, "device": "gpu", "nd_range": {"device_start": 1585660020.6649032, "device_end": 1585660020.6671624}, "cmdq": 4, "read": {"device_start": -1, "device_end": -1}}, "FFC_sans_bias83": {"write": {"device_start": 1585660020.6653533, "host_queued_start": 1585660088.041073, "device_queued": 1585660020.6556847, "device_end": 1585660020.6653786, "host_queued_end": 1585660088.097825}, "device": "gpu", "nd_range": {"device_start": 1585660020.665396, "device_end": 1585660020.6676521}, "cmdq": 0, "read": {"device_start": -1, "device_end": -1}}, "FFC_sans_bias81": {"write": {"device_start": 1585660020.6643782, "host_queued_start": 1585660088.038836, "device_queued": 1585660020.6554165, "device_end": 1585660020.664404, "host_queued_end": 1585660088.097825}, "device": "gpu", "nd_range": {"device_start": 1585660020.6644204, "device_end": 1585660020.6666694}, "cmdq": 3, "read": {"device_start": -1, "device_end": -1}}, "FFC_sans_bias88": {"write": {"device_start": 1585660020.695405, "host_queued_start": 1585660088.091203, "device_queued": 1585660020.6631901, "device_end": 1585660020.6954362, "host_queued_end": 1585660088.097825}, "device": "gpu", "nd_range": {"device_start": 1585660020.695461, "device_end": 1585660020.6976082}, "cmdq": 2, "read": {"device_start": 1585660020.6976113, "device_end": 1585660020.697635}}, "coalesced_transpose30": {"write": {"device_start": -1, "host_queued_start": 1585660088.061657, "device_queued": -1, "device_end": -1, "host_queued_end": 1585660088.097825}, "device": "gpu", "nd_range": {"device_start": 1585660020.6758814, "device_end": 1585660020.6762593}, "cmdq": 2, "read": {"device_start": -1, "device_end": -1}}, "FFC_sans_bias128": {"write": {"device_start": 1585660020.6716115, "host_queued_start": 1585660088.055036, "device_queued": 1585660020.6570153, "device_end": 1585660020.6716447, "host_queued_end": 1585660088.097825}, "device": "gpu", "nd_range": {"device_start": 1585660020.6716566, "device_end": 1585660020.6739614}, "cmdq": 3, "read": {"device_start": -1, "device_end": -1}}, "coalesced_transpose39": {"write": {"device_start": -1, "host_queued_start": 1585660088.061977, "device_queued": -1, "device_end": -1, "host_queued_end": 1585660088.097825}, "device": "gpu", "nd_range": {"device_start": 1585660020.6763659, "device_end": 1585660020.6764982}, "cmdq": 3, "read": {"device_start": -1, "device_end": -1}}, "FFC_sans_bias79": {"write": {"device_start": 1585660020.694905, "host_queued_start": 1585660088.090122, "device_queued": 1585660020.6631613, "device_end": 1585660020.6949296, "host_queued_end": 1585660088.097825}, "device": "gpu", "nd_range": {"device_start": 1585660020.6949544, "device_end": 1585660020.6971185}, "cmdq": 1, "read": {"device_start": 1585660020.6971219, "device_end": 1585660020.6971457}}, "FFC_sans_bias78": {"write": {"device_start": -1, "host_queued_start": 1585660088.077924, "device_queued": -1, "device_end": -1, "host_queued_end": 1585660088.097825}, "device": "gpu", "nd_range": {"device_start": 1585660020.6865485, "device_end": 1585660020.688934}, "cmdq": 0, "read": {"device_start": -1, "device_end": -1}}, "FFC_sans_bias73": {"write": {"device_start": 1585660020.6634383, "host_queued_start": 1585660088.036608, "device_queued": 1585660020.655282, "device_end": 1585660020.663464, "host_queued_end": 1585660088.097825}, "device": "gpu", "nd_range": {"device_start": 1585660020.6634693, "device_end": 1585660020.6657076}, "cmdq": 1, "read": {"device_start": -1, "device_end": -1}}, "FFC_sans_bias72": {"write": {"device_start": 1585660020.662921, "host_queued_start": 1585660088.035507, "device_queued": 1585660020.6552186, "device_end": 1585660020.662948, "host_queued_end": 1585660088.097825}, "device": "gpu", "nd_range": {"device_start": 1585660020.6629658, "device_end": 1585660020.6652164}, "cmdq": 0, "read": {"device_start": -1, "device_end": -1}}, "FFC_sans_bias70": {"write": {"device_start": 1585660020.694631, "host_queued_start": 1585660088.08903, "device_queued": 1585660020.662945, "device_end": 1585660020.6946626, "host_queued_end": 1585660088.097825}, "device": "gpu", "nd_range": {"device_start": 1585660020.6946926, "device_end": 1585660020.6966357}, "cmdq": 0, "read": {"device_start": 1585660020.6966465, "device_end": 1585660020.69667}}, "FFC_sans_bias76": {"write": {"device_start": -1, "host_queued_start": 1585660088.068516, "device_queued": -1, "device_end": -1, "host_queued_end": 1585660088.097825}, "device": "gpu", "nd_range": {"device_start": 1585660020.681417, "device_end": 1585660020.68377}, "cmdq": 3, "read": {"device_start": -1, "device_end": -1}}, "FFC_sans_bias74": {"write": {"device_start": 1585660020.6638637, "host_queued_start": 1585660088.037727, "device_queued": 1585660020.6552987, "device_end": 1585660020.6638894, "host_queued_end": 1585660088.097825}, "device": "gpu", "nd_range": {"device_start": 1585660020.6639059, "device_end": 1585660020.6661918}, "cmdq": 2, "read": {"device_start": -1, "device_end": -1}}, "coalesced_transpose102": {"write": {"device_start": -1, "host_queued_start": 1585660088.064257, "device_queued": -1, "device_end": -1, "host_queued_end": 1585660088.097825}, "device": "gpu", "nd_range": {"device_start": 1585660020.6763043, "device_end": 1585660020.6764035}, "cmdq": 0, "read": {"device_start": -1, "device_end": -1}}, "coalesced_transpose3": {"write": {"device_start": -1, "host_queued_start": 1585660088.060709, "device_queued": -1, "device_end": -1, "host_queued_end": 1585660088.097825}, "device": "gpu", "nd_range": {"device_start": 1585660020.674417, "device_end": 1585660020.676206}, "cmdq": 4, "read": {"device_start": -1, "device_end": -1}}, "FFC_sans_bias127": {"write": {"device_start": 1585660020.6725779, "host_queued_start": 1585660088.057181, "device_queued": 1585660020.6573627, "device_end": 1585660020.672609, "host_queued_end": 1585660088.097825}, "device": "gpu", "nd_range": {"device_start": 1585660020.672617, "device_end": 1585660020.6749127}, "cmdq": 0, "read": {"device_start": -1, "device_end": -1}}, "empty89": {"write": {"device_start": 1585660020.6520777, "host_queued_start": 1585660087.997546, "device_queued": 1585660020.6519241, "device_end": 1585660020.6521354, "host_queued_end": 1585660088.097825}, "device": "gpu", "nd_range": {"device_start": 1585660020.6521413, "device_end": 1585660020.6521513}, "cmdq": 4, "read": {"device_start": -1, "device_end": -1}}, "FFC_sans_bias123": {"write": {"device_start": -1, "host_queued_start": 1585660088.079693, "device_queued": -1, "device_end": -1, "host_queued_end": 1585660088.097825}, "device": "gpu", "nd_range": {"device_start": 1585660020.688954, "device_end": 1585660020.691334}, "cmdq": 0, "read": {"device_start": -1, "device_end": -1}}, "empty80": {"write": {"device_start": 1585660020.6519837, "host_queued_start": 1585660087.996709, "device_queued": 1585660020.6518981, "device_end": 1585660020.6520312, "host_queued_end": 1585660088.097825}, "device": "gpu", "nd_range": {"device_start": 1585660020.6520364, "device_end": 1585660020.652047}, "cmdq": 3, "read": {"device_start": -1, "device_end": -1}}, "empty116": {"write": {"device_start": 1585660020.6523826, "host_queued_start": 1585660088.000088, "device_queued": 1585660020.6523182, "device_end": 1585660020.652433, "host_queued_end": 1585660088.097825}, "device": "gpu", "nd_range": {"device_start": 1585660020.6524389, "device_end": 1585660020.6524498}, "cmdq": 2, "read": {"device_start": -1, "device_end": -1}}, "softmax104": {"write": {"device_start": -1, "host_queued_start": 1585660088.073942, "device_queued": -1, "device_end": -1, "host_queued_end": 1585660088.097825}, "device": "gpu", "nd_range": {"device_start": 1585660020.6847224, "device_end": 1585660020.6849327}, "cmdq": 2, "read": {"device_start": -1, "device_end": -1}}, "coalesced_transpose21": {"write": {"device_start": -1, "host_queued_start": 1585660088.061343, "device_queued": -1, "device_end": -1, "host_queued_end": 1585660088.097825}, "device": "gpu", "nd_range": {"device_start": 1585660020.6753793, "device_end": 1585660020.6762445}, "cmdq": 1, "read": {"device_start": -1, "device_end": -1}}, "softmax14": {"write": {"device_start": -1, "host_queued_start": 1585660088.071388, "device_queued": -1, "device_end": -1, "host_queued_end": 1585660088.097825}, "device": "gpu", "nd_range": {"device_start": 1585660020.6823854, "device_end": 1585660020.6844716}, "cmdq": 2, "read": {"device_start": -1, "device_end": -1}}, "FFC_sans_bias69": {"write": {"device_start": -1, "host_queued_start": 1585660088.077596, "device_queued": -1, "device_end": -1, "host_queued_end": 1585660088.097825}, "device": "gpu", "nd_range": {"device_start": 1585660020.6860428, "device_end": 1585660020.6884186}, "cmdq": 4, "read": {"device_start": -1, "device_end": -1}}, "FFC_sans_bias92": {"write": {"device_start": 1585660020.6667879, "host_queued_start": 1585660088.044337, "device_queued": 1585660020.6559541, "device_end": 1585660020.6668148, "host_queued_end": 1585660088.097825}, "device": "gpu", "nd_range": {"device_start": 1585660020.6668296, "device_end": 1585660020.6691167}, "cmdq": 3, "read": {"device_start": -1, "device_end": -1}}, "FFC_sans_bias60": {"write": {"device_start": -1, "host_queued_start": 1585660088.077271, "device_queued": -1, "device_end": -1, "host_queued_end": 1585660088.097825}, "device": "gpu", "nd_range": {"device_start": 1585660020.6869905, "device_end": 1585660020.6893902}, "cmdq": 3, "read": {"device_start": -1, "device_end": -1}}, "FFC_sans_bias61": {"write": {"device_start": 1585660020.6934903, "host_queued_start": 1585660088.087917, "device_queued": 1585660020.66256, "device_end": 1585660020.693521, "host_queued_end": 1585660088.097825}, "device": "gpu", "nd_range": {"device_start": 1585660020.6935518, "device_end": 1585660020.6956637}, "cmdq": 4, "read": {"device_start": 1585660020.6956718, "device_end": 1585660020.6956956}}, "FFC_sans_bias63": {"write": {"device_start": 1585660020.6624706, "host_queued_start": 1585660088.034398, "device_queued": 1585660020.6548898, "device_end": 1585660020.6625028, "host_queued_end": 1585660088.097825}, "device": "gpu", "nd_range": {"device_start": 1585660020.6625085, "device_end": 1585660020.6647513}, "cmdq": 4, "read": {"device_start": -1, "device_end": -1}}, "FFC_sans_bias64": {"write": {"device_start": 1585660020.6614752, "host_queued_start": 1585660088.032136, "device_queued": 1585660020.6548486, "device_end": 1585660020.661501, "host_queued_end": 1585660088.097825}, "device": "gpu", "nd_range": {"device_start": 1585660020.6615071, "device_end": 1585660020.663774}, "cmdq": 2, "read": {"device_start": -1, "device_end": -1}}, "FFC_sans_bias65": {"write": {"device_start": 1585660020.661905, "host_queued_start": 1585660088.03325, "device_queued": 1585660020.6548736, "device_end": 1585660020.6619306, "host_queued_end": 1585660088.097825}, "device": "gpu", "nd_range": {"device_start": 1585660020.6619418, "device_end": 1585660020.6642735}, "cmdq": 3, "read": {"device_start": -1, "device_end": -1}}, "FFC_sans_bias67": {"write": {"device_start": -1, "host_queued_start": 1585660088.068195, "device_queued": -1, "device_end": -1, "host_queued_end": 1585660088.097825}, "device": "gpu", "nd_range": {"device_start": 1585660020.6780345, "device_end": 1585660020.6798985}, "cmdq": 2, "read": {"device_start": -1, "device_end": -1}}, "coalesced_transpose111": {"write": {"device_start": -1, "host_queued_start": 1585660088.064574, "device_queued": -1, "device_end": -1, "host_queued_end": 1585660088.097825}, "device": "gpu", "nd_range": {"device_start": 1585660020.6763291, "device_end": 1585660020.6764357}, "cmdq": 1, "read": {"device_start": -1, "device_end": -1}}, "FFC_sans_bias136": {"write": {"device_start": 1585660020.6730793, "host_queued_start": 1585660088.058247, "device_queued": 1585660020.6574125, "device_end": 1585660020.673111, "host_queued_end": 1585660088.097825}, "device": "gpu", "nd_range": {"device_start": 1585660020.6731215, "device_end": 1585660020.6753764}, "cmdq": 1, "read": {"device_start": -1, "device_end": -1}}, "FFC_sans_bias135": {"write": {"device_start": 1585660020.6740456, "host_queued_start": 1585660088.060375, "device_queued": 1585660020.6575766, "device_end": 1585660020.6740768, "host_queued_end": 1585660088.097825}, "device": "gpu", "nd_range": {"device_start": 1585660020.6740885, "device_end": 1585660020.676364}, "cmdq": 3, "read": {"device_start": -1, "device_end": -1}}, "FFC_sans_bias133": {"write": {"device_start": 1585660020.6978161, "host_queued_start": 1585660088.096629, "device_queued": 1585660020.663863, "device_end": 1585660020.6978464, "host_queued_end": 1585660088.097825}, "device": "gpu", "nd_range": {"device_start": 1585660020.6978722, "device_end": 1585660020.7000015}, "cmdq": 2, "read": {"device_start": 1585660020.700009, "device_end": 1585660020.700031}}, "FFC_sans_bias132": {"write": {"device_start": -1, "host_queued_start": 1585660088.080028, "device_queued": -1, "device_end": -1, "host_queued_end": 1585660088.097825}, "device": "gpu", "nd_range": {"device_start": 1585660020.6899273, "device_end": 1585660020.6922984}, "cmdq": 1, "read": {"device_start": -1, "device_end": -1}}, "softmax68": {"write": {"device_start": -1, "host_queued_start": 1585660088.072899, "device_queued": -1, "device_end": -1, "host_queued_end": 1585660088.097825}, "device": "gpu", "nd_range": {"device_start": 1585660020.6846483, "device_end": 1585660020.6848671}, "cmdq": 3, "read": {"device_start": -1, "device_end": -1}}, "softmax131": {"write": {"device_start": -1, "host_queued_start": 1585660088.074755, "device_queued": -1, "device_end": -1, "host_queued_end": 1585660088.097825}, "device": "gpu", "nd_range": {"device_start": 1585660020.6847835, "device_end": 1585660020.685036}, "cmdq": 0, "read": {"device_start": -1, "device_end": -1}}, "empty125": {"write": {"device_start": 1585660020.652475, "host_queued_start": 1585660088.000948, "device_queued": 1585660020.6523383, "device_end": 1585660020.6525302, "host_queued_end": 1585660088.097825}, "device": "gpu", "nd_range": {"device_start": 1585660020.6525364, "device_end": 1585660020.6525488}, "cmdq": 3, "read": {"device_start": -1, "device_end": -1}}, "FFC_sans_bias139": {"write": {"device_start": -1, "host_queued_start": 1585660088.070825, "device_queued": -1, "device_end": -1, "host_queued_end": 1585660088.097825}, "device": "gpu", "nd_range": {"device_start": 1585660020.6809137, "device_end": 1585660020.6832976}, "cmdq": 0, "read": {"device_start": -1, "device_end": -1}}, "empty35": {"write": {"device_start": 1585660020.651389, "host_queued_start": 1585660087.992409, "device_queued": 1585660020.651151, "device_end": 1585660020.651412, "host_queued_end": 1585660088.097825}, "device": "gpu", "nd_range": {"device_start": 1585660020.6515453, "device_end": 1585660020.6515493}, "cmdq": 3, "read": {"device_start": -1, "device_end": -1}}, "softmax86": {"write": {"device_start": -1, "host_queued_start": 1585660088.073419, "device_queued": -1, "device_end": -1, "host_queued_end": 1585660088.097825}, "device": "gpu", "nd_range": {"device_start": 1585660020.6845484, "device_end": 1585660020.6847615}, "cmdq": 0, "read": {"device_start": -1, "device_end": -1}}, "FFC_sans_bias55": {"write": {"device_start": 1585660020.6609776, "host_queued_start": 1585660088.031024, "device_queued": 1585660020.6548252, "device_end": 1585660020.6610103, "host_queued_end": 1585660088.097825}, "device": "gpu", "nd_range": {"device_start": 1585660020.6610146, "device_end": 1585660020.6633255}, "cmdq": 1, "read": {"device_start": -1, "device_end": -1}}, "FFC_sans_bias54": {"write": {"device_start": 1585660020.6605487, "host_queued_start": 1585660088.029912, "device_queued": 1585660020.654618, "device_end": 1585660020.6605797, "host_queued_end": 1585660088.097825}, "device": "gpu", "nd_range": {"device_start": 1585660020.660588, "device_end": 1585660020.6628048}, "cmdq": 0, "read": {"device_start": -1, "device_end": -1}}, "FFC_sans_bias56": {"write": {"device_start": 1585660020.660035, "host_queued_start": 1585660088.028804, "device_queued": 1585660020.654434, "device_end": 1585660020.6600661, "host_queued_end": 1585660088.097825}, "device": "gpu", "nd_range": {"device_start": 1585660020.6600823, "device_end": 1585660020.6623545}, "cmdq": 4, "read": {"device_start": -1, "device_end": -1}}, "FFC_sans_bias51": {"write": {"device_start": -1, "host_queued_start": 1585660088.076949, "device_queued": -1, "device_end": -1, "host_queued_end": 1585660088.097825}, "device": "gpu", "nd_range": {"device_start": 1585660020.6855786, "device_end": 1585660020.6879568}, "cmdq": 2, "read": {"device_start": -1, "device_end": -1}}, "FFC_sans_bias52": {"write": {"device_start": 1585660020.6944728, "host_queued_start": 1585660088.086837, "device_queued": 1585660020.6626775, "device_end": 1585660020.6945214, "host_queued_end": 1585660088.097825}, "device": "gpu", "nd_range": {"device_start": 1585660020.6945539, "device_end": 1585660020.6961553}, "cmdq": 3, "read": {"device_start": 1585660020.6961613, "device_end": 1585660020.6961856}}, "FFC_sans_bias58": {"write": {"device_start": -1, "host_queued_start": 1585660088.067861, "device_queued": -1, "device_end": -1, "host_queued_end": 1585660088.097825}, "device": "gpu", "nd_range": {"device_start": 1585660020.6774704, "device_end": 1585660020.6794312}, "cmdq": 1, "read": {"device_start": -1, "device_end": -1}}, "FFC_sans_bias108": {"write": {"device_start": 1585660020.6687198, "host_queued_start": 1585660088.048585, "device_queued": 1585660020.6564326, "device_end": 1585660020.668751, "host_queued_end": 1585660088.097825}, "device": "gpu", "nd_range": {"device_start": 1585660020.6687617, "device_end": 1585660020.6710417}, "cmdq": 2, "read": {"device_start": -1, "device_end": -1}}, "FFC_sans_bias109": {"write": {"device_start": 1585660020.6692247, "host_queued_start": 1585660088.04965, "device_queued": 1585660020.6565485, "device_end": 1585660020.6692564, "host_queued_end": 1585660088.097825}, "device": "gpu", "nd_range": {"device_start": 1585660020.6692626, "device_end": 1585660020.671518}, "cmdq": 3, "read": {"device_start": -1, "device_end": -1}}, "coalesced_transpose129": {"write": {"device_start": -1, "host_queued_start": 1585660088.065196, "device_queued": -1, "device_end": -1, "host_queued_end": 1585660088.097825}, "device": "gpu", "nd_range": {"device_start": 1585660020.6778743, "device_end": 1585660020.6792965}, "cmdq": 3, "read": {"device_start": -1, "device_end": -1}}, "FFC_sans_bias103": {"write": {"device_start": -1, "host_queued_start": 1585660088.069508, "device_queued": -1, "device_end": -1, "host_queued_end": 1585660088.097825}, "device": "gpu", "nd_range": {"device_start": 1585660020.679454, "device_end": 1585660020.681866}, "cmdq": 1, "read": {"device_start": -1, "device_end": -1}}, "FFC_sans_bias100": {"write": {"device_start": 1585660020.667779, "host_queued_start": 1585660088.046449, "device_queued": 1585660020.6563683, "device_end": 1585660020.6678114, "host_queued_end": 1585660088.097825}, "device": "gpu", "nd_range": {"device_start": 1585660020.6678283, "device_end": 1585660020.670066}, "cmdq": 0, "read": {"device_start": -1, "device_end": -1}}, "FFC_sans_bias101": {"write": {"device_start": 1585660020.668253, "host_queued_start": 1585660088.047526, "device_queued": 1585660020.6564133, "device_end": 1585660020.668284, "host_queued_end": 1585660088.097825}, "device": "gpu", "nd_range": {"device_start": 1585660020.6683013, "device_end": 1585660020.670542}, "cmdq": 1, "read": {"device_start": -1, "device_end": -1}}, "FFC_sans_bias106": {"write": {"device_start": 1585660020.6958694, "host_queued_start": 1585660088.093358, "device_queued": 1585660020.6632168, "device_end": 1585660020.6958947, "host_queued_end": 1585660088.097825}, "device": "gpu", "nd_range": {"device_start": 1585660020.6959236, "device_end": 1585660020.6980867}, "cmdq": 4, "read": {"device_start": 1585660020.6980906, "device_end": 1585660020.6981134}}, "softmax122": {"write": {"device_start": -1, "host_queued_start": 1585660088.074488, "device_queued": -1, "device_end": -1, "host_queued_end": 1585660088.097825}, "device": "gpu", "nd_range": {"device_start": 1585660020.684751, "device_end": 1585660020.6849597}, "cmdq": 4, "read": {"device_start": -1, "device_end": -1}}, "FFC_sans_bias105": {"write": {"device_start": -1, "host_queued_start": 1585660088.07903, "device_queued": -1, "device_end": -1, "host_queued_end": 1585660088.097825}, "device": "gpu", "nd_range": {"device_start": 1585660020.68941, "device_end": 1585660020.691805}, "cmdq": 3, "read": {"device_start": -1, "device_end": -1}}, "softmax95": {"write": {"device_start": -1, "host_queued_start": 1585660088.073687, "device_queued": -1, "device_end": -1, "host_queued_end": 1585660088.097825}, "device": "gpu", "nd_range": {"device_start": 1585660020.684698, "device_end": 1585660020.6849072}, "cmdq": 1, "read": {"device_start": -1, "device_end": -1}}, "coalesced_transpose57": {"write": {"device_start": -1, "host_queued_start": 1585660088.062604, "device_queued": -1, "device_end": -1, "host_queued_end": 1585660088.097825}, "device": "gpu", "nd_range": {"device_start": 1585660020.6762388, "device_end": 1585660020.676303}, "cmdq": 0, "read": {"device_start": -1, "device_end": -1}}, "empty26": {"write": {"device_start": 1585660020.651292, "host_queued_start": 1585660087.99154, "device_queued": 1585660020.651131, "device_end": 1585660020.6513445, "host_queued_end": 1585660088.097825}, "device": "gpu", "nd_range": {"device_start": 1585660020.6515243, "device_end": 1585660020.6515312}, "cmdq": 2, "read": {"device_start": -1, "device_end": -1}}, "softmax113": {"write": {"device_start": -1, "host_queued_start": 1585660088.074207, "device_queued": -1, "device_end": -1, "host_queued_end": 1585660088.097825}, "device": "gpu", "nd_range": {"device_start": 1585660020.6848888, "device_end": 1585660020.6852384}, "cmdq": 3, "read": {"device_start": -1, "device_end": -1}}, "FFC_sans_bias11": {"write": {"device_start": 1585660020.653772, "host_queued_start": 1585660088.012191, "device_queued": 1585660020.653265, "device_end": 1585660020.6538022, "host_queued_end": 1585660088.097825}, "device": "gpu", "nd_range": {"device_start": 1585660020.653806, "device_end": 1585660020.6560516}, "cmdq": 1, "read": {"device_start": -1, "device_end": -1}}, "FFC_sans_bias42": {"write": {"device_start": -1, "host_queued_start": 1585660088.076624, "device_queued": -1, "device_end": -1, "host_queued_end": 1585660088.097825}, "device": "gpu", "nd_range": {"device_start": 1585660020.6853266, "device_end": 1585660020.6874886}, "cmdq": 1, "read": {"device_start": -1, "device_end": -1}}, "FFC_sans_bias43": {"write": {"device_start": 1585660020.6928794, "host_queued_start": 1585660088.085741, "device_queued": 1585660020.662395, "device_end": 1585660020.6929097, "host_queued_end": 1585660088.097825}, "device": "gpu", "nd_range": {"device_start": 1585660020.6929398, "device_end": 1585660020.695212}, "cmdq": 2, "read": {"device_start": 1585660020.6952238, "device_end": 1585660020.6952481}}, "FFC_sans_bias40": {"write": {"device_start": -1, "host_queued_start": 1585660088.067195, "device_queued": -1, "device_end": -1, "host_queued_end": 1585660088.097825}, "device": "gpu", "nd_range": {"device_start": 1585660020.67654, "device_end": 1585660020.6784472}, "cmdq": 4, "read": {"device_start": -1, "device_end": -1}}, "FFC_sans_bias46": {"write": {"device_start": 1585660020.6591027, "host_queued_start": 1585660088.026523, "device_queued": 1585660020.6542969, "device_end": 1585660020.6591341, "host_queued_end": 1585660088.097825}, "device": "gpu", "nd_range": {"device_start": 1585660020.6591399, "device_end": 1585660020.6613717}, "cmdq": 2, "read": {"device_start": -1, "device_end": -1}}, "FFC_sans_bias47": {"write": {"device_start": 1585660020.6595485, "host_queued_start": 1585660088.027699, "device_queued": 1585660020.654412, "device_end": 1585660020.6595795, "host_queued_end": 1585660088.097825}, "device": "gpu", "nd_range": {"device_start": 1585660020.6595943, "device_end": 1585660020.6618118}, "cmdq": 3, "read": {"device_start": -1, "device_end": -1}}, "FFC_sans_bias45": {"write": {"device_start": 1585660020.6585698, "host_queued_start": 1585660088.02528, "device_queued": 1585660020.6542807, "device_end": 1585660020.6586006, "host_queued_end": 1585660088.097825}, "device": "gpu", "nd_range": {"device_start": 1585660020.6586149, "device_end": 1585660020.6608515}, "cmdq": 1, "read": {"device_start": -1, "device_end": -1}}, "FFC_sans_bias49": {"write": {"device_start": -1, "host_queued_start": 1585660088.067528, "device_queued": -1, "device_end": -1, "host_queued_end": 1585660088.097825}, "device": "gpu", "nd_range": {"device_start": 1585660020.6770647, "device_end": 1585660020.6789627}, "cmdq": 0, "read": {"device_start": -1, "device_end": -1}}, "softmax77": {"write": {"device_start": -1, "host_queued_start": 1585660088.073155, "device_queued": -1, "device_end": -1, "host_queued_end": 1585660088.097825}, "device": "gpu", "nd_range": {"device_start": 1585660020.6845233, "device_end": 1585660020.6847289}, "cmdq": 4, "read": {"device_start": -1, "device_end": -1}}, "empty134": {"write": {"device_start": 1585660020.6525733, "host_queued_start": 1585660088.00209, "device_queued": 1585660020.6523561, "device_end": 1585660020.6526175, "host_queued_end": 1585660088.097825}, "device": "gpu", "nd_range": {"device_start": 1585660020.6526227, "device_end": 1585660020.6526265}, "cmdq": 4, "read": {"device_start": -1, "device_end": -1}}, "coalesced_transpose138": {"write": {"device_start": -1, "host_queued_start": 1585660088.065516, "device_queued": -1, "device_end": -1, "host_queued_end": 1585660088.097825}, "device": "gpu", "nd_range": {"device_start": 1585660020.676398, "device_end": 1585660020.6765168}, "cmdq": 4, "read": {"device_start": -1, "device_end": -1}}, "FFC_sans_bias119": {"write": {"device_start": 1585660020.6711402, "host_queued_start": 1585660088.053951, "device_queued": 1585660020.6569963, "device_end": 1585660020.6711717, "host_queued_end": 1585660088.097825}, "device": "gpu", "nd_range": {"device_start": 1585660020.6711762, "device_end": 1585660020.6734538}, "cmdq": 2, "read": {"device_start": -1, "device_end": -1}}, "FFC_sans_bias118": {"write": {"device_start": 1585660020.6706417, "host_queued_start": 1585660088.052859, "device_queued": 1585660020.6569726, "device_end": 1585660020.6706738, "host_queued_end": 1585660088.097825}, "device": "gpu", "nd_range": {"device_start": 1585660020.6706798, "device_end": 1585660020.672985}, "cmdq": 1, "read": {"device_start": -1, "device_end": -1}}, "empty143": {"write": {"device_start": 1585660020.6526525, "host_queued_start": 1585660088.003691, "device_queued": 1585660020.652472, "device_end": 1585660020.6526756, "host_queued_end": 1585660088.097825}, "device": "gpu", "nd_range": {"device_start": 1585660020.65268, "device_end": 1585660020.6526833}, "cmdq": 0, "read": {"device_start": -1, "device_end": -1}}, "FFC_sans_bias115": {"write": {"device_start": 1585660020.6968203, "host_queued_start": 1585660088.094459, "device_queued": 1585660020.6637144, "device_end": 1585660020.6968513, "host_queued_end": 1585660088.097825}, "device": "gpu", "nd_range": {"device_start": 1585660020.6968806, "device_end": 1585660020.6990445}, "cmdq": 0, "read": {"device_start": 1585660020.699052, "device_end": 1585660020.6990747}}, "FFC_sans_bias114": {"write": {"device_start": -1, "host_queued_start": 1585660088.079356, "device_queued": -1, "device_end": -1, "host_queued_end": 1585660088.097825}, "device": "gpu", "nd_range": {"device_start": 1585660020.68844, "device_end": 1585660020.6908402}, "cmdq": 4, "read": {"device_start": -1, "device_end": -1}}, "FFC_sans_bias117": {"write": {"device_start": 1585660020.6701424, "host_queued_start": 1585660088.051803, "device_queued": 1585660020.6568327, "device_end": 1585660020.670174, "host_queued_end": 1585660088.097825}, "device": "gpu", "nd_range": {"device_start": 1585660020.6701782, "device_end": 1585660020.6724777}, "cmdq": 0, "read": {"device_start": -1, "device_end": -1}}, "softmax5": {"write": {"device_start": -1, "host_queued_start": 1585660088.071089, "device_queued": -1, "device_end": -1, "host_queued_end": 1585660088.097825}, "device": "gpu", "nd_range": {"device_start": 1585660020.6818883, "device_end": 1585660020.6844466}, "cmdq": 1, "read": {"device_start": -1, "device_end": -1}}, "FFC_sans_bias110": {"write": {"device_start": 1585660020.6696556, "host_queued_start": 1585660088.050743, "device_queued": 1585660020.6565862, "device_end": 1585660020.6696823, "host_queued_end": 1585660088.097825}, "device": "gpu", "nd_range": {"device_start": 1585660020.669691, "device_end": 1585660020.6720183}, "cmdq": 4, "read": {"device_start": -1, "device_end": -1}}, "FFC_sans_bias112": {"write": {"device_start": -1, "host_queued_start": 1585660088.069837, "device_queued": -1, "device_end": -1, "host_queued_end": 1585660088.097825}, "device": "gpu", "nd_range": {"device_start": 1585660020.6799214, "device_end": 1585660020.6823626}, "cmdq": 2, "read": {"device_start": -1, "device_end": -1}}, "empty53": {"write": {"device_start": 1585660020.6516743, "host_queued_start": 1585660087.994152, "device_queued": 1585660020.651587, "device_end": 1585660020.6517296, "host_queued_end": 1585660088.097825}, "device": "gpu", "nd_range": {"device_start": 1585660020.651733, "device_end": 1585660020.6517377}, "cmdq": 0, "read": {"device_start": -1, "device_end": -1}}, "coalesced_transpose48": {"write": {"device_start": -1, "host_queued_start": 1585660088.062289, "device_queued": -1, "device_end": -1, "host_queued_end": 1585660088.097825}, "device": "gpu", "nd_range": {"device_start": 1585660020.6762135, "device_end": 1585660020.6762805}, "cmdq": 4, "read": {"device_start": -1, "device_end": -1}}}