{"FFC_sans_bias4": {"write": {"device_start": -1, "host_queued_start": 1585660177.895258, "device_queued": -1, "device_end": -1, "host_queued_end": 1585660177.922188}, "device": "cpu", "nd_range": {"device_start": 2327952.2979789353, "device_end": 2327952.3202993684}, "cmdq": 0, "read": {"device_start": -1, "device_end": -1}}, "FFC_sans_bias7": {"write": {"device_start": -1, "host_queued_start": 1585660177.909407, "device_queued": -1, "device_end": -1, "host_queued_end": 1585660177.922188}, "device": "cpu", "nd_range": {"device_start": 2327952.408107078, "device_end": 2327952.4232637}, "cmdq": 4, "read": {"device_start": -1, "device_end": -1}}, "FFC_sans_bias6": {"write": {"device_start": -1, "host_queued_start": 1585660177.903905, "device_queued": -1, "device_end": -1, "host_queued_end": 1585660177.922188}, "device": "cpu", "nd_range": {"device_start": 2327952.365980246, "device_end": 2327952.3817088134}, "cmdq": 1, "read": {"device_start": -1, "device_end": -1}}, "FFC_sans_bias1": {"write": {"device_start": -1, "host_queued_start": 1585660177.849097, "device_queued": -1, "device_end": -1, "host_queued_end": 1585660177.922188}, "device": "cpu", "nd_range": {"device_start": 2327952.111862805, "device_end": 2327952.127152883}, "cmdq": 4, "read": {"device_start": -1, "device_end": -1}}, "FFC_sans_bias0": {"write": {"device_start": -1, "host_queued_start": 1585660177.848007, "device_queued": -1, "device_end": -1, "host_queued_end": 1585660177.922188}, "device": "cpu", "nd_range": {"device_start": 2327952.111860666, "device_end": 2327952.120544875}, "cmdq": 3, "read": {"device_start": -1, "device_end": -1}}, "FFC_sans_bias2": {"write": {"device_start": -1, "host_queued_start": 1585660177.85022, "device_queued": -1, "device_end": -1, "host_queued_end": 1585660177.922188}, "device": "cpu", "nd_range": {"device_start": 2327952.113353323, "device_end": 2327952.128123531}, "cmdq": 0, "read": {"device_start": -1, "device_end": -1}}, "coalesced_transpose120": {"write": {"device_start": -1, "host_queued_start": 1585660177.827452, "device_queued": -1, "device_end": -1, "host_queued_end": 1585660177.834484}, "device": "gpu", "nd_range": {"device_start": 1585660110.3881316, "device_end": 1585660110.389922}, "cmdq": 2, "read": {"device_start": -1, "device_end": -1}}, "FFC_sans_bias9": {"write": {"device_start": -1, "host_queued_start": 1585660177.851367, "device_queued": -1, "device_end": -1, "host_queued_end": 1585660177.922188}, "device": "cpu", "nd_range": {"device_start": 2327952.1200442733, "device_end": 2327952.139968118}, "cmdq": 1, "read": {"device_start": -1, "device_end": -1}}, "empty71": {"write": {"device_start": -1, "host_queued_start": 1585660177.842545, "device_queued": -1, "device_end": -1, "host_queued_end": 1585660177.922188}, "device": "cpu", "nd_range": {"device_start": 2327952.11184277, "device_end": 2327952.1118436484}, "cmdq": 2, "read": {"device_start": -1, "device_end": -1}}, "softmax41": {"write": {"device_start": -1, "host_queued_start": 1585660177.901171, "device_queued": -1, "device_end": -1, "host_queued_end": 1585660177.922188}, "device": "cpu", "nd_range": {"device_start": 2327952.312923316, "device_end": 2327952.3131419513}, "cmdq": 2, "read": {"device_start": -1, "device_end": -1}}, "FFC_sans_bias37": {"write": {"device_start": -1, "host_queued_start": 1585660177.86236, "device_queued": -1, "device_end": -1, "host_queued_end": 1585660177.922188}, "device": "cpu", "nd_range": {"device_start": 2327952.1647891942, "device_end": 2327952.1872354723}, "cmdq": 1, "read": {"device_start": -1, "device_end": -1}}, "FFC_sans_bias36": {"write": {"device_start": -1, "host_queued_start": 1585660177.861315, "device_queued": -1, "device_end": -1, "host_queued_end": 1585660177.922188}, "device": "cpu", "nd_range": {"device_start": 2327952.148724767, "device_end": 2327952.163115879}, "cmdq": 0, "read": {"device_start": -1, "device_end": -1}}, "FFC_sans_bias34": {"write": {"device_start": -1, "host_queued_start": 1585660177.912625, "device_queued": -1, "device_end": -1, "host_queued_end": 1585660177.922188}, "device": "cpu", "nd_range": {"device_start": 2327952.427556085, "device_end": 2327952.4435192524}, "cmdq": 2, "read": {"device_start": -1, "device_end": -1}}, "FFC_sans_bias33": {"write": {"device_start": -1, "host_queued_start": 1585660177.904968, "device_queued": -1, "device_end": -1, "host_queued_end": 1585660177.922188}, "device": "cpu", "nd_range": {"device_start": 2327952.377624282, "device_end": 2327952.392850568}, "cmdq": 4, "read": {"device_start": -1, "device_end": -1}}, "FFC_sans_bias31": {"write": {"device_start": -1, "host_queued_start": 1585660177.896293, "device_queued": -1, "device_end": -1, "host_queued_end": 1585660177.922188}, "device": "cpu", "nd_range": {"device_start": 2327952.3214767342, "device_end": 2327952.335850472}, "cmdq": 3, "read": {"device_start": -1, "device_end": -1}}, "FFC_sans_bias38": {"write": {"device_start": -1, "host_queued_start": 1585660177.86357, "device_queued": -1, "device_end": -1, "host_queued_end": 1585660177.922188}, "device": "cpu", "nd_range": {"device_start": 2327952.149708011, "device_end": 2327952.1648425953}, "cmdq": 2, "read": {"device_start": -1, "device_end": -1}}, "coalesced_transpose75": {"write": {"device_start": -1, "host_queued_start": 1585660177.893491, "device_queued": -1, "device_end": -1, "host_queued_end": 1585660177.922188}, "device": "cpu", "nd_range": {"device_start": 2327952.297671358, "device_end": 2327952.2979601403}, "cmdq": 0, "read": {"device_start": -1, "device_end": -1}}, "softmax140": {"write": {"device_start": -1, "host_queued_start": 1585660177.82989, "device_queued": -1, "device_end": -1, "host_queued_end": 1585660177.834484}, "device": "gpu", "nd_range": {"device_start": 1585660110.3910124, "device_end": 1585660110.39174}, "cmdq": 0, "read": {"device_start": -1, "device_end": -1}}, "empty44": {"write": {"device_start": -1, "host_queued_start": 1585660177.83981, "device_queued": -1, "device_end": -1, "host_queued_end": 1585660177.922188}, "device": "cpu", "nd_range": {"device_start": 2327952.111849178, "device_end": 2327952.111850095}, "cmdq": 4, "read": {"device_start": -1, "device_end": -1}}, "FFC_sans_bias137": {"write": {"device_start": 1585660110.3872778, "host_queued_start": 1585660177.825981, "device_queued": 1585660110.3863761, "device_end": 1585660110.3873072, "host_queued_end": 1585660177.834484}, "device": "gpu", "nd_range": {"device_start": 1585660110.3873136, "device_end": 1585660110.3895783}, "cmdq": 0, "read": {"device_start": -1, "device_end": -1}}, "empty8": {"write": {"device_start": -1, "host_queued_start": 1585660177.835989, "device_queued": -1, "device_end": -1, "host_queued_end": 1585660177.922188}, "device": "cpu", "nd_range": {"device_start": 2327952.111812545, "device_end": 2327952.111822762}, "cmdq": 0, "read": {"device_start": -1, "device_end": -1}}, "softmax50": {"write": {"device_start": -1, "host_queued_start": 1585660177.901459, "device_queued": -1, "device_end": -1, "host_queued_end": 1585660177.922188}, "device": "cpu", "nd_range": {"device_start": 2327952.348041327, "device_end": 2327952.3482657503}, "cmdq": 3, "read": {"device_start": -1, "device_end": -1}}, "softmax59": {"write": {"device_start": -1, "host_queued_start": 1585660177.901743, "device_queued": -1, "device_end": -1, "host_queued_end": 1585660177.922188}, "device": "cpu", "nd_range": {"device_start": 2327952.3619510233, "device_end": 2327952.3621727442}, "cmdq": 4, "read": {"device_start": -1, "device_end": -1}}, "FFC_sans_bias142": {"write": {"device_start": 1585660110.3924632, "host_queued_start": 1585660177.83438, "device_queued": 1585660110.387394, "device_end": 1585660110.3924885, "host_queued_end": 1585660177.834484}, "device": "gpu", "nd_range": {"device_start": 1585660110.3933437, "device_end": 1585660110.3943088}, "cmdq": 1, "read": {"device_start": 1585660110.3943183, "device_end": 1585660110.3943417}}, "FFC_sans_bias141": {"write": {"device_start": -1, "host_queued_start": 1585660177.830927, "device_queued": -1, "device_end": -1, "host_queued_end": 1585660177.834484}, "device": "gpu", "nd_range": {"device_start": 1585660110.3921776, "device_end": 1585660110.3933387}, "cmdq": 3, "read": {"device_start": -1, "device_end": -1}}, "FFC_sans_bias24": {"write": {"device_start": -1, "host_queued_start": 1585660177.904624, "device_queued": -1, "device_end": -1, "host_queued_end": 1585660177.922188}, "device": "cpu", "nd_range": {"device_start": 2327952.348511647, "device_end": 2327952.376871204}, "cmdq": 3, "read": {"device_start": -1, "device_end": -1}}, "FFC_sans_bias25": {"write": {"device_start": -1, "host_queued_start": 1585660177.91147, "device_queued": -1, "device_end": -1, "host_queued_end": 1585660177.922188}, "device": "cpu", "nd_range": {"device_start": 2327952.413020202, "device_end": 2327952.428498718}, "cmdq": 1, "read": {"device_start": -1, "device_end": -1}}, "FFC_sans_bias27": {"write": {"device_start": -1, "host_queued_start": 1585660177.857985, "device_queued": -1, "device_end": -1, "host_queued_end": 1585660177.922188}, "device": "cpu", "nd_range": {"device_start": 2327952.1373065743, "device_end": 2327952.1495786943}, "cmdq": 2, "read": {"device_start": -1, "device_end": -1}}, "FFC_sans_bias20": {"write": {"device_start": -1, "host_queued_start": 1585660177.856942, "device_queued": -1, "device_end": -1, "host_queued_end": 1585660177.922188}, "device": "cpu", "nd_range": {"device_start": 2327952.148352359, "device_end": 2327952.1644860674}, "cmdq": 1, "read": {"device_start": -1, "device_end": -1}}, "FFC_sans_bias22": {"write": {"device_start": -1, "host_queued_start": 1585660177.895952, "device_queued": -1, "device_end": -1, "host_queued_end": 1585660177.922188}, "device": "cpu", "nd_range": {"device_start": 2327952.25878507, "device_end": 2327952.272048742}, "cmdq": 2, "read": {"device_start": -1, "device_end": -1}}, "FFC_sans_bias130": {"write": {"device_start": -1, "host_queued_start": 1585660177.828773, "device_queued": -1, "device_end": -1, "host_queued_end": 1585660177.834484}, "device": "gpu", "nd_range": {"device_start": 1585660110.3900554, "device_end": 1585660110.3915179}, "cmdq": 1, "read": {"device_start": -1, "device_end": -1}}, "FFC_sans_bias28": {"write": {"device_start": -1, "host_queued_start": 1585660177.85914, "device_queued": -1, "device_end": -1, "host_queued_end": 1585660177.922188}, "device": "cpu", "nd_range": {"device_start": 2327952.244626962, "device_end": 2327952.258939126}, "cmdq": 3, "read": {"device_start": -1, "device_end": -1}}, "FFC_sans_bias29": {"write": {"device_start": -1, "host_queued_start": 1585660177.860195, "device_queued": -1, "device_end": -1, "host_queued_end": 1585660177.922188}, "device": "cpu", "nd_range": {"device_start": 2327952.1413446963, "device_end": 2327952.179752111}, "cmdq": 4, "read": {"device_start": -1, "device_end": -1}}, "coalesced_transpose66": {"write": {"device_start": -1, "host_queued_start": 1585660177.893158, "device_queued": -1, "device_end": -1, "host_queued_end": 1585660177.922188}, "device": "cpu", "nd_range": {"device_start": 2327952.2561287843, "device_end": 2327952.2563883783}, "cmdq": 4, "read": {"device_start": -1, "device_end": -1}}, "coalesced_transpose93": {"write": {"device_start": -1, "host_queued_start": 1585660177.894151, "device_queued": -1, "device_end": -1, "host_queued_end": 1585660177.922188}, "device": "cpu", "nd_range": {"device_start": 2327952.241827773, "device_end": 2327952.242070409}, "cmdq": 2, "read": {"device_start": -1, "device_end": -1}}, "softmax23": {"write": {"device_start": -1, "host_queued_start": 1585660177.900594, "device_queued": -1, "device_end": -1, "host_queued_end": 1585660177.922188}, "device": "cpu", "nd_range": {"device_start": 2327952.347744042, "device_end": 2327952.347988694}, "cmdq": 0, "read": {"device_start": -1, "device_end": -1}}, "empty62": {"write": {"device_start": -1, "host_queued_start": 1585660177.841554, "device_queued": -1, "device_end": -1, "host_queued_end": 1585660177.922188}, "device": "cpu", "nd_range": {"device_start": 2327952.1118419613, "device_end": 2327952.111842783}, "cmdq": 1, "read": {"device_start": -1, "device_end": -1}}, "FFC_sans_bias10": {"write": {"device_start": -1, "host_queued_start": 1585660177.852494, "device_queued": -1, "device_end": -1, "host_queued_end": 1585660177.922188}, "device": "cpu", "nd_range": {"device_start": 2327952.127665922, "device_end": 2327952.137182819}, "cmdq": 2, "read": {"device_start": -1, "device_end": -1}}, "FFC_sans_bias13": {"write": {"device_start": -1, "host_queued_start": 1585660177.895606, "device_queued": -1, "device_end": -1, "host_queued_end": 1585660177.922188}, "device": "cpu", "nd_range": {"device_start": 2327952.321002434, "device_end": 2327952.3329604804}, "cmdq": 1, "read": {"device_start": -1, "device_end": -1}}, "FFC_sans_bias15": {"write": {"device_start": -1, "host_queued_start": 1585660177.904272, "device_queued": -1, "device_end": -1, "host_queued_end": 1585660177.922188}, "device": "cpu", "nd_range": {"device_start": 2327952.3465584693, "device_end": 2327952.3619413753}, "cmdq": 2, "read": {"device_start": -1, "device_end": -1}}, "FFC_sans_bias16": {"write": {"device_start": -1, "host_queued_start": 1585660177.91043, "device_queued": -1, "device_end": -1, "host_queued_end": 1585660177.922188}, "device": "cpu", "nd_range": {"device_start": 2327952.3803445483, "device_end": 2327952.396089599}, "cmdq": 0, "read": {"device_start": -1, "device_end": -1}}, "FFC_sans_bias19": {"write": {"device_start": -1, "host_queued_start": 1585660177.855809, "device_queued": -1, "device_end": -1, "host_queued_end": 1585660177.922188}, "device": "cpu", "nd_range": {"device_start": 2327952.1282590833, "device_end": 2327952.148537782}, "cmdq": 0, "read": {"device_start": -1, "device_end": -1}}, "FFC_sans_bias18": {"write": {"device_start": -1, "host_queued_start": 1585660177.854714, "device_queued": -1, "device_end": -1, "host_queued_end": 1585660177.922188}, "device": "cpu", "nd_range": {"device_start": 2327952.127162199, "device_end": 2327952.141212224}, "cmdq": 4, "read": {"device_start": -1, "device_end": -1}}, "FFC_sans_bias99": {"write": {"device_start": -1, "host_queued_start": 1585660177.884617, "device_queued": -1, "device_end": -1, "host_queued_end": 1585660177.922188}, "device": "cpu", "nd_range": {"device_start": 2327952.267763657, "device_end": 2327952.286002636}, "cmdq": 1, "read": {"device_start": -1, "device_end": -1}}, "FFC_sans_bias91": {"write": {"device_start": -1, "host_queued_start": 1585660177.882431, "device_queued": -1, "device_end": -1, "host_queued_end": 1585660177.922188}, "device": "cpu", "nd_range": {"device_start": 2327952.226561999, "device_end": 2327952.240973678}, "cmdq": 4, "read": {"device_start": -1, "device_end": -1}}, "FFC_sans_bias90": {"write": {"device_start": -1, "host_queued_start": 1585660177.88137, "device_queued": -1, "device_end": -1, "host_queued_end": 1585660177.922188}, "device": "cpu", "nd_range": {"device_start": 2327952.290030924, "device_end": 2327952.304362116}, "cmdq": 3, "read": {"device_start": -1, "device_end": -1}}, "coalesced_transpose12": {"write": {"device_start": -1, "host_queued_start": 1585660177.890914, "device_queued": -1, "device_end": -1, "host_queued_end": 1585660177.922188}, "device": "cpu", "nd_range": {"device_start": 2327952.3202639814, "device_end": 2327952.320418777}, "cmdq": 3, "read": {"device_start": -1, "device_end": -1}}, "FFC_sans_bias94": {"write": {"device_start": -1, "host_queued_start": 1585660177.898913, "device_queued": -1, "device_end": -1, "host_queued_end": 1585660177.922188}, "device": "cpu", "nd_range": {"device_start": 2327952.3322246494, "device_end": 2327952.347732603}, "cmdq": 0, "read": {"device_start": -1, "device_end": -1}}, "FFC_sans_bias97": {"write": {"device_start": -1, "host_queued_start": 1585660177.92007, "device_queued": -1, "device_end": -1, "host_queued_end": 1585660177.922188}, "device": "cpu", "nd_range": {"device_start": 2327952.4384439723, "device_end": 2327952.4537417293}, "cmdq": 4, "read": {"device_start": -1, "device_end": -1}}, "FFC_sans_bias96": {"write": {"device_start": -1, "host_queued_start": 1585660177.907619, "device_queued": -1, "device_end": -1, "host_queued_end": 1585660177.922188}, "device": "cpu", "nd_range": {"device_start": 2327952.397321986, "device_end": 2327952.412895732}, "cmdq": 1, "read": {"device_start": -1, "device_end": -1}}, "FFC_sans_bias124": {"write": {"device_start": 1585660110.3922591, "host_queued_start": 1585660177.831995, "device_queued": 1585660110.38707, "device_end": 1585660110.3922904, "host_queued_end": 1585660177.834484}, "device": "gpu", "nd_range": {"device_start": 1585660110.3933494, "device_end": 1585660110.3947484}, "cmdq": 4, "read": {"device_start": 1585660110.3947566, "device_end": 1585660110.394779}}, "FFC_sans_bias126": {"write": {"device_start": 1585660110.3860111, "host_queued_start": 1585660177.82273, "device_queued": 1585660110.3858545, "device_end": 1585660110.3860376, "host_queued_end": 1585660177.834484}, "device": "gpu", "nd_range": {"device_start": 1585660110.3861587, "device_end": 1585660110.3881304}, "cmdq": 2, "read": {"device_start": -1, "device_end": -1}}, "softmax32": {"write": {"device_start": -1, "host_queued_start": 1585660177.900885, "device_queued": -1, "device_end": -1, "host_queued_end": 1585660177.922188}, "device": "cpu", "nd_range": {"device_start": 2327952.365322593, "device_end": 2327952.3655416463}, "cmdq": 1, "read": {"device_start": -1, "device_end": -1}}, "coalesced_transpose84": {"write": {"device_start": -1, "host_queued_start": 1585660177.893823, "device_queued": -1, "device_end": -1, "host_queued_end": 1585660177.922188}, "device": "cpu", "nd_range": {"device_start": 2327952.302910555, "device_end": 2327952.304135856}, "cmdq": 1, "read": {"device_start": -1, "device_end": -1}}, "FFC_sans_bias121": {"write": {"device_start": -1, "host_queued_start": 1585660177.828453, "device_queued": -1, "device_end": -1, "host_queued_end": 1585660177.834484}, "device": "gpu", "nd_range": {"device_start": 1585660110.38994, "device_end": 1585660110.3905425}, "cmdq": 0, "read": {"device_start": -1, "device_end": -1}}, "empty98": {"write": {"device_start": -1, "host_queued_start": 1585660177.845298, "device_queued": -1, "device_end": -1, "host_queued_end": 1585660177.922188}, "device": "cpu", "nd_range": {"device_start": 2327952.11184837, "device_end": 2327952.111849129}, "cmdq": 0, "read": {"device_start": -1, "device_end": -1}}, "empty107": {"write": {"device_start": -1, "host_queued_start": 1585660177.84611, "device_queued": -1, "device_end": -1, "host_queued_end": 1585660177.922188}, "device": "cpu", "nd_range": {"device_start": 2327952.111854628, "device_end": 2327952.111855231}, "cmdq": 1, "read": {"device_start": -1, "device_end": -1}}, "empty17": {"write": {"device_start": -1, "host_queued_start": 1585660177.836992, "device_queued": -1, "device_end": -1, "host_queued_end": 1585660177.922188}, "device": "cpu", "nd_range": {"device_start": 2327952.111816449, "device_end": 2327952.1118227183}, "cmdq": 1, "read": {"device_start": -1, "device_end": -1}}, "FFC_sans_bias87": {"write": {"device_start": -1, "host_queued_start": 1585660177.907278, "device_queued": -1, "device_end": -1, "host_queued_end": 1585660177.922188}, "device": "cpu", "nd_range": {"device_start": 2327952.364344741, "device_end": 2327952.3803331363}, "cmdq": 0, "read": {"device_start": -1, "device_end": -1}}, "FFC_sans_bias85": {"write": {"device_start": -1, "host_queued_start": 1585660177.898539, "device_queued": -1, "device_end": -1, "host_queued_end": 1585660177.922188}, "device": "cpu", "nd_range": {"device_start": 2327952.3119798503, "device_end": 2327952.320206296}, "cmdq": 4, "read": {"device_start": -1, "device_end": -1}}, "FFC_sans_bias82": {"write": {"device_start": -1, "host_queued_start": 1585660177.879114, "device_queued": -1, "device_end": -1, "host_queued_end": 1585660177.922188}, "device": "cpu", "nd_range": {"device_start": 2327952.254235124, "device_end": 2327952.267755092}, "cmdq": 1, "read": {"device_start": -1, "device_end": -1}}, "FFC_sans_bias83": {"write": {"device_start": -1, "host_queued_start": 1585660177.880315, "device_queued": -1, "device_end": -1, "host_queued_end": 1585660177.922188}, "device": "cpu", "nd_range": {"device_start": 2327952.1959347404, "device_end": 2327952.2134869453}, "cmdq": 2, "read": {"device_start": -1, "device_end": -1}}, "FFC_sans_bias81": {"write": {"device_start": -1, "host_queued_start": 1585660177.878042, "device_queued": -1, "device_end": -1, "host_queued_end": 1585660177.922188}, "device": "cpu", "nd_range": {"device_start": 2327952.185353827, "device_end": 2327952.201327229}, "cmdq": 0, "read": {"device_start": -1, "device_end": -1}}, "FFC_sans_bias88": {"write": {"device_start": -1, "host_queued_start": 1585660177.919077, "device_queued": -1, "device_end": -1, "host_queued_end": 1585660177.922188}, "device": "cpu", "nd_range": {"device_start": 2327952.467749324, "device_end": 2327952.4720332474}, "cmdq": 3, "read": {"device_start": -1, "device_end": -1}}, "coalesced_transpose30": {"write": {"device_start": -1, "host_queued_start": 1585660177.891675, "device_queued": -1, "device_end": -1, "host_queued_end": 1585660177.922188}, "device": "cpu", "nd_range": {"device_start": 2327952.259454485, "device_end": 2327952.2597013214}, "cmdq": 0, "read": {"device_start": -1, "device_end": -1}}, "FFC_sans_bias128": {"write": {"device_start": 1585660110.3859217, "host_queued_start": 1585660177.821499, "device_queued": 1585660110.385828, "device_end": 1585660110.3859894, "host_queued_end": 1585660177.834484}, "device": "gpu", "nd_range": {"device_start": 1585660110.3861344, "device_end": 1585660110.3876028}, "cmdq": 1, "read": {"device_start": -1, "device_end": -1}}, "coalesced_transpose39": {"write": {"device_start": -1, "host_queued_start": 1585660177.892014, "device_queued": -1, "device_end": -1, "host_queued_end": 1585660177.922188}, "device": "cpu", "nd_range": {"device_start": 2327952.302636748, "device_end": 2327952.302900616}, "cmdq": 1, "read": {"device_start": -1, "device_end": -1}}, "FFC_sans_bias79": {"write": {"device_start": -1, "host_queued_start": 1585660177.917934, "device_queued": -1, "device_end": -1, "host_queued_end": 1585660177.922188}, "device": "cpu", "nd_range": {"device_start": 2327952.4435259933, "device_end": 2327952.460127178}, "cmdq": 2, "read": {"device_start": -1, "device_end": -1}}, "FFC_sans_bias78": {"write": {"device_start": -1, "host_queued_start": 1585660177.906916, "device_queued": -1, "device_end": -1, "host_queued_end": 1585660177.922188}, "device": "cpu", "nd_range": {"device_start": 2327952.392859777, "device_end": 2327952.4080988}, "cmdq": 4, "read": {"device_start": -1, "device_end": -1}}, "FFC_sans_bias73": {"write": {"device_start": -1, "host_queued_start": 1585660177.875886, "device_queued": -1, "device_end": -1, "host_queued_end": 1585660177.922188}, "device": "cpu", "nd_range": {"device_start": 2327952.277791928, "device_end": 2327952.290017962}, "cmdq": 3, "read": {"device_start": -1, "device_end": -1}}, "FFC_sans_bias72": {"write": {"device_start": -1, "host_queued_start": 1585660177.874824, "device_queued": -1, "device_end": -1, "host_queued_end": 1585660177.922188}, "device": "cpu", "nd_range": {"device_start": 2327952.180027813, "device_end": 2327952.1956884083}, "cmdq": 2, "read": {"device_start": -1, "device_end": -1}}, "FFC_sans_bias70": {"write": {"device_start": -1, "host_queued_start": 1585660177.916865, "device_queued": -1, "device_end": -1, "host_queued_end": 1585660177.922188}, "device": "cpu", "nd_range": {"device_start": 2327952.4285058263, "device_end": 2327952.443837922}, "cmdq": 1, "read": {"device_start": -1, "device_end": -1}}, "FFC_sans_bias76": {"write": {"device_start": -1, "host_queued_start": 1585660177.898196, "device_queued": -1, "device_end": -1, "host_queued_end": 1585660177.922188}, "device": "cpu", "nd_range": {"device_start": 2327952.335858039, "device_end": 2327952.3477696273}, "cmdq": 3, "read": {"device_start": -1, "device_end": -1}}, "FFC_sans_bias74": {"write": {"device_start": -1, "host_queued_start": 1585660177.876941, "device_queued": -1, "device_end": -1, "host_queued_end": 1585660177.922188}, "device": "cpu", "nd_range": {"device_start": 2327952.21127463, "device_end": 2327952.2265485413}, "cmdq": 4, "read": {"device_start": -1, "device_end": -1}}, "coalesced_transpose102": {"write": {"device_start": -1, "host_queued_start": 1585660177.894479, "device_queued": -1, "device_end": -1, "host_queued_end": 1585660177.922188}, "device": "cpu", "nd_range": {"device_start": 2327952.320850076, "device_end": 2327952.321468675}, "cmdq": 3, "read": {"device_start": -1, "device_end": -1}}, "coalesced_transpose3": {"write": {"device_start": -1, "host_queued_start": 1585660177.890544, "device_queued": -1, "device_end": -1, "host_queued_end": 1585660177.922188}, "device": "cpu", "nd_range": {"device_start": 2327952.230321626, "device_end": 2327952.23065943}, "cmdq": 2, "read": {"device_start": -1, "device_end": -1}}, "FFC_sans_bias127": {"write": {"device_start": 1585660110.3863149, "host_queued_start": 1585660177.823808, "device_queued": 1585660110.3858738, "device_end": 1585660110.3863456, "host_queued_end": 1585660177.834484}, "device": "gpu", "nd_range": {"device_start": 1585660110.3863494, "device_end": 1585660110.3885925}, "cmdq": 3, "read": {"device_start": -1, "device_end": -1}}, "empty89": {"write": {"device_start": -1, "host_queued_start": 1585660177.844414, "device_queued": -1, "device_end": -1, "host_queued_end": 1585660177.922188}, "device": "cpu", "nd_range": {"device_start": 2327952.111855943, "device_end": 2327952.111856662}, "cmdq": 4, "read": {"device_start": -1, "device_end": -1}}, "FFC_sans_bias123": {"write": {"device_start": -1, "host_queued_start": 1585660177.830211, "device_queued": -1, "device_end": -1, "host_queued_end": 1585660177.834484}, "device": "gpu", "nd_range": {"device_start": 1585660110.3917587, "device_end": 1585660110.392365}, "cmdq": 1, "read": {"device_start": -1, "device_end": -1}}, "empty80": {"write": {"device_start": -1, "host_queued_start": 1585660177.843477, "device_queued": -1, "device_end": -1, "host_queued_end": 1585660177.922188}, "device": "cpu", "nd_range": {"device_start": 2327952.11185503, "device_end": 2327952.111855607}, "cmdq": 3, "read": {"device_start": -1, "device_end": -1}}, "empty116": {"write": {"device_start": -1, "host_queued_start": 1585660177.847035, "device_queued": -1, "device_end": -1, "host_queued_end": 1585660177.922188}, "device": "cpu", "nd_range": {"device_start": 2327952.111859801, "device_end": 2327952.111860449}, "cmdq": 2, "read": {"device_start": -1, "device_end": -1}}, "softmax104": {"write": {"device_start": -1, "host_queued_start": 1585660177.903224, "device_queued": -1, "device_end": -1, "host_queued_end": 1585660177.922188}, "device": "cpu", "nd_range": {"device_start": 2327952.377394873, "device_end": 2327952.377615637}, "cmdq": 4, "read": {"device_start": -1, "device_end": -1}}, "coalesced_transpose21": {"write": {"device_start": -1, "host_queued_start": 1585660177.891324, "device_queued": -1, "device_end": -1, "host_queued_end": 1585660177.922188}, "device": "cpu", "nd_range": {"device_start": 2327952.255737143, "device_end": 2327952.255998629}, "cmdq": 4, "read": {"device_start": -1, "device_end": -1}}, "softmax14": {"write": {"device_start": -1, "host_queued_start": 1585660177.900292, "device_queued": -1, "device_end": -1, "host_queued_end": 1585660177.922188}, "device": "cpu", "nd_range": {"device_start": 2327952.346337986, "device_end": 2327952.3465481643}, "cmdq": 4, "read": {"device_start": -1, "device_end": -1}}, "FFC_sans_bias69": {"write": {"device_start": -1, "host_queued_start": 1585660177.906472, "device_queued": -1, "device_end": -1, "host_queued_end": 1585660177.922188}, "device": "cpu", "nd_range": {"device_start": 2327952.37688168, "device_end": 2327952.409167046}, "cmdq": 3, "read": {"device_start": -1, "device_end": -1}}, "FFC_sans_bias92": {"write": {"device_start": -1, "host_queued_start": 1585660177.883572, "device_queued": -1, "device_end": -1, "host_queued_end": 1585660177.922188}, "device": "cpu", "nd_range": {"device_start": 2327952.201608453, "device_end": 2327952.2175285793}, "cmdq": 0, "read": {"device_start": -1, "device_end": -1}}, "FFC_sans_bias60": {"write": {"device_start": -1, "host_queued_start": 1585660177.906108, "device_queued": -1, "device_end": -1, "host_queued_end": 1585660177.922188}, "device": "cpu", "nd_range": {"device_start": 2327952.3621842493, "device_end": 2327952.377387726}, "cmdq": 2, "read": {"device_start": -1, "device_end": -1}}, "FFC_sans_bias61": {"write": {"device_start": -1, "host_queued_start": 1585660177.91581, "device_queued": -1, "device_end": -1, "host_queued_end": 1585660177.922188}, "device": "cpu", "nd_range": {"device_start": 2327952.396096378, "device_end": 2327952.41174862}, "cmdq": 0, "read": {"device_start": -1, "device_end": -1}}, "FFC_sans_bias63": {"write": {"device_start": -1, "host_queued_start": 1585660177.873676, "device_queued": -1, "device_end": -1, "host_queued_end": 1585660177.922188}, "device": "cpu", "nd_range": {"device_start": 2327952.242134034, "device_end": 2327952.254223017}, "cmdq": 1, "read": {"device_start": -1, "device_end": -1}}, "FFC_sans_bias64": {"write": {"device_start": -1, "host_queued_start": 1585660177.871421, "device_queued": -1, "device_end": -1, "host_queued_end": 1585660177.922188}, "device": "cpu", "nd_range": {"device_start": 2327952.1956669153, "device_end": 2327952.2110420084}, "cmdq": 4, "read": {"device_start": -1, "device_end": -1}}, "FFC_sans_bias65": {"write": {"device_start": -1, "host_queued_start": 1585660177.872524, "device_queued": -1, "device_end": -1, "host_queued_end": 1585660177.922188}, "device": "cpu", "nd_range": {"device_start": 2327952.172320629, "device_end": 2327952.185219075}, "cmdq": 0, "read": {"device_start": -1, "device_end": -1}}, "FFC_sans_bias67": {"write": {"device_start": -1, "host_queued_start": 1585660177.897849, "device_queued": -1, "device_end": -1, "host_queued_end": 1585660177.922188}, "device": "cpu", "nd_range": {"device_start": 2327952.272171583, "device_end": 2327952.285994415}, "cmdq": 2, "read": {"device_start": -1, "device_end": -1}}, "coalesced_transpose111": {"write": {"device_start": -1, "host_queued_start": 1585660177.894899, "device_queued": -1, "device_end": -1, "host_queued_end": 1585660177.922188}, "device": "cpu", "nd_range": {"device_start": 2327952.256505457, "device_end": 2327952.256770105}, "cmdq": 4, "read": {"device_start": -1, "device_end": -1}}, "FFC_sans_bias136": {"write": {"device_start": 1585660110.3866765, "host_queued_start": 1585660177.824938, "device_queued": 1585660110.3860905, "device_end": 1585660110.386701, "host_queued_end": 1585660177.834484}, "device": "gpu", "nd_range": {"device_start": 1585660110.3867052, "device_end": 1585660110.3890882}, "cmdq": 4, "read": {"device_start": -1, "device_end": -1}}, "FFC_sans_bias135": {"write": {"device_start": 1585660110.3877203, "host_queued_start": 1585660177.827127, "device_queued": 1585660110.386422, "device_end": 1585660110.3877459, "host_queued_end": 1585660177.834484}, "device": "gpu", "nd_range": {"device_start": 1585660110.3877547, "device_end": 1585660110.3900502}, "cmdq": 1, "read": {"device_start": -1, "device_end": -1}}, "FFC_sans_bias133": {"write": {"device_start": 1585660110.391818, "host_queued_start": 1585660177.833177, "device_queued": 1585660110.3871098, "device_end": 1585660110.391848, "host_queued_end": 1585660177.834484}, "device": "gpu", "nd_range": {"device_start": 1585660110.3927886, "device_end": 1585660110.3937747}, "cmdq": 0, "read": {"device_start": 1585660110.3948696, "device_end": 1585660110.3948977}}, "FFC_sans_bias132": {"write": {"device_start": -1, "host_queued_start": 1585660177.830525, "device_queued": -1, "device_end": -1, "host_queued_end": 1585660177.834484}, "device": "gpu", "nd_range": {"device_start": 1585660110.3921735, "device_end": 1585660110.3927822}, "cmdq": 2, "read": {"device_start": -1, "device_end": -1}}, "softmax68": {"write": {"device_start": -1, "host_queued_start": 1585660177.90204, "device_queued": -1, "device_end": -1, "host_queued_end": 1585660177.922188}, "device": "cpu", "nd_range": {"device_start": 2327952.34799719, "device_end": 2327952.348245845}, "cmdq": 0, "read": {"device_start": -1, "device_end": -1}}, "softmax131": {"write": {"device_start": -1, "host_queued_start": 1585660177.829634, "device_queued": -1, "device_end": -1, "host_queued_end": 1585660177.834484}, "device": "gpu", "nd_range": {"device_start": 1585660110.3917527, "device_end": 1585660110.3921669}, "cmdq": 4, "read": {"device_start": -1, "device_end": -1}}, "empty125": {"write": {"device_start": 1585660110.3851285, "host_queued_start": 1585660177.814747, "device_queued": 1585660110.3850098, "device_end": 1585660110.3851562, "host_queued_end": 1585660177.834484}, "device": "gpu", "nd_range": {"device_start": 1585660110.385164, "device_end": 1585660110.3851695}, "cmdq": 0, "read": {"device_start": -1, "device_end": -1}}, "FFC_sans_bias139": {"write": {"device_start": -1, "host_queued_start": 1585660177.829112, "device_queued": -1, "device_end": -1, "host_queued_end": 1585660177.834484}, "device": "gpu", "nd_range": {"device_start": 1585660110.3899584, "device_end": 1585660110.3910046}, "cmdq": 2, "read": {"device_start": -1, "device_end": -1}}, "empty35": {"write": {"device_start": -1, "host_queued_start": 1585660177.838914, "device_queued": -1, "device_end": -1, "host_queued_end": 1585660177.922188}, "device": "cpu", "nd_range": {"device_start": 2327952.1118484903, "device_end": 2327952.111849313}, "cmdq": 3, "read": {"device_start": -1, "device_end": -1}}, "softmax86": {"write": {"device_start": -1, "host_queued_start": 1585660177.90265, "device_queued": -1, "device_end": -1, "host_queued_end": 1585660177.922188}, "device": "cpu", "nd_range": {"device_start": 2327952.3205507733, "device_end": 2327952.320791094}, "cmdq": 2, "read": {"device_start": -1, "device_end": -1}}, "FFC_sans_bias55": {"write": {"device_start": -1, "host_queued_start": 1585660177.870273, "device_queued": -1, "device_end": -1, "host_queued_end": 1585660177.922188}, "device": "cpu", "nd_range": {"device_start": 2327952.268086093, "device_end": 2327952.277663784}, "cmdq": 3, "read": {"device_start": -1, "device_end": -1}}, "FFC_sans_bias54": {"write": {"device_start": -1, "host_queued_start": 1585660177.869141, "device_queued": -1, "device_end": -1, "host_queued_end": 1585660177.922188}, "device": "cpu", "nd_range": {"device_start": 2327952.1649656603, "device_end": 2327952.179895651}, "cmdq": 2, "read": {"device_start": -1, "device_end": -1}}, "FFC_sans_bias56": {"write": {"device_start": -1, "host_queued_start": 1585660177.868022, "device_queued": -1, "device_end": -1, "host_queued_end": 1585660177.922188}, "device": "cpu", "nd_range": {"device_start": 2327952.1873682044, "device_end": 2327952.2413337543}, "cmdq": 1, "read": {"device_start": -1, "device_end": -1}}, "FFC_sans_bias51": {"write": {"device_start": -1, "host_queued_start": 1585660177.905731, "device_queued": -1, "device_end": -1, "host_queued_end": 1585660177.922188}, "device": "cpu", "nd_range": {"device_start": 2327952.3818259663, "device_end": 2327952.397194837}, "cmdq": 1, "read": {"device_start": -1, "device_end": -1}}, "FFC_sans_bias52": {"write": {"device_start": -1, "host_queued_start": 1585660177.914751, "device_queued": -1, "device_end": -1, "host_queued_end": 1585660177.922188}, "device": "cpu", "nd_range": {"device_start": 2327952.423267982, "device_end": 2327952.438439664}, "cmdq": 4, "read": {"device_start": -1, "device_end": -1}}, "FFC_sans_bias58": {"write": {"device_start": -1, "host_queued_start": 1585660177.897496, "device_queued": -1, "device_end": -1, "host_queued_end": 1585660177.922188}, "device": "cpu", "nd_range": {"device_start": 2327952.333073668, "device_end": 2327952.3493950972}, "cmdq": 1, "read": {"device_start": -1, "device_end": -1}}, "FFC_sans_bias108": {"write": {"device_start": -1, "host_queued_start": 1585660177.887965, "device_queued": -1, "device_end": -1, "host_queued_end": 1585660177.922188}, "device": "cpu", "nd_range": {"device_start": 2327952.2411224484, "device_end": 2327952.2556142993}, "cmdq": 4, "read": {"device_start": -1, "device_end": -1}}, "FFC_sans_bias109": {"write": {"device_start": -1, "host_queued_start": 1585660177.889062, "device_queued": -1, "device_end": -1, "host_queued_end": 1585660177.922188}, "device": "cpu", "nd_range": {"device_start": 2327952.217702567, "device_end": 2327952.233693905}, "cmdq": 0, "read": {"device_start": -1, "device_end": -1}}, "coalesced_transpose129": {"write": {"device_start": -1, "host_queued_start": 1585660177.827751, "device_queued": -1, "device_end": -1, "host_queued_end": 1585660177.834484}, "device": "gpu", "nd_range": {"device_start": 1585660110.3885934, "device_end": 1585660110.3899453}, "cmdq": 3, "read": {"device_start": -1, "device_end": -1}}, "FFC_sans_bias103": {"write": {"device_start": -1, "host_queued_start": 1585660177.899256, "device_queued": -1, "device_end": -1, "host_queued_end": 1585660177.922188}, "device": "cpu", "nd_range": {"device_start": 2327952.349540376, "device_end": 2327952.365207251}, "cmdq": 1, "read": {"device_start": -1, "device_end": -1}}, "FFC_sans_bias100": {"write": {"device_start": -1, "host_queued_start": 1585660177.885737, "device_queued": -1, "device_end": -1, "host_queued_end": 1585660177.922188}, "device": "cpu", "nd_range": {"device_start": 2327952.213729984, "device_end": 2327952.230111781}, "cmdq": 2, "read": {"device_start": -1, "device_end": -1}}, "FFC_sans_bias101": {"write": {"device_start": -1, "host_queued_start": 1585660177.886824, "device_queued": -1, "device_end": -1, "host_queued_end": 1585660177.922188}, "device": "cpu", "nd_range": {"device_start": 2327952.3043704233, "device_end": 2327952.320256838}, "cmdq": 3, "read": {"device_start": -1, "device_end": -1}}, "FFC_sans_bias106": {"write": {"device_start": -1, "host_queued_start": 1585660177.921089, "device_queued": -1, "device_end": -1, "host_queued_end": 1585660177.922188}, "device": "cpu", "nd_range": {"device_start": 2327952.45374553, "device_end": 2327952.4637936354}, "cmdq": 0, "read": {"device_start": -1, "device_end": -1}}, "softmax122": {"write": {"device_start": -1, "host_queued_start": 1585660177.829375, "device_queued": -1, "device_end": -1, "host_queued_end": 1585660177.834484}, "device": "gpu", "nd_range": {"device_start": 1585660110.3905547, "device_end": 1585660110.3917446}, "cmdq": 3, "read": {"device_start": -1, "device_end": -1}}, "FFC_sans_bias105": {"write": {"device_start": -1, "host_queued_start": 1585660177.907967, "device_queued": -1, "device_end": -1, "host_queued_end": 1585660177.922188}, "device": "cpu", "nd_range": {"device_start": 2327952.411754318, "device_end": 2327952.42754036}, "cmdq": 2, "read": {"device_start": -1, "device_end": -1}}, "softmax95": {"write": {"device_start": -1, "host_queued_start": 1585660177.902937, "device_queued": -1, "device_end": -1, "host_queued_end": 1585660177.922188}, "device": "cpu", "nd_range": {"device_start": 2327952.348274907, "device_end": 2327952.348502906}, "cmdq": 3, "read": {"device_start": -1, "device_end": -1}}, "coalesced_transpose57": {"write": {"device_start": -1, "host_queued_start": 1585660177.892829, "device_queued": -1, "device_end": -1, "host_queued_end": 1585660177.922188}, "device": "cpu", "nd_range": {"device_start": 2327952.320431412, "device_end": 2327952.320841247}, "cmdq": 3, "read": {"device_start": -1, "device_end": -1}}, "empty26": {"write": {"device_start": -1, "host_queued_start": 1585660177.838022, "device_queued": -1, "device_end": -1, "host_queued_end": 1585660177.922188}, "device": "cpu", "nd_range": {"device_start": 2327952.111821683, "device_end": 2327952.111826566}, "cmdq": 2, "read": {"device_start": -1, "device_end": -1}}, "softmax113": {"write": {"device_start": -1, "host_queued_start": 1585660177.903499, "device_queued": -1, "device_end": -1, "host_queued_end": 1585660177.922188}, "device": "cpu", "nd_range": {"device_start": 2327952.348254098, "device_end": 2327952.3484942704}, "cmdq": 0, "read": {"device_start": -1, "device_end": -1}}, "FFC_sans_bias11": {"write": {"device_start": -1, "host_queued_start": 1585660177.85362, "device_queued": -1, "device_end": -1, "host_queued_end": 1585660177.922188}, "device": "cpu", "nd_range": {"device_start": 2327952.231352937, "device_end": 2327952.244500353}, "cmdq": 3, "read": {"device_start": -1, "device_end": -1}}, "FFC_sans_bias42": {"write": {"device_start": -1, "host_queued_start": 1585660177.905314, "device_queued": -1, "device_end": -1, "host_queued_end": 1585660177.922188}, "device": "cpu", "nd_range": {"device_start": 2327952.348502084, "device_end": 2327952.364333163}, "cmdq": 0, "read": {"device_start": -1, "device_end": -1}}, "FFC_sans_bias43": {"write": {"device_start": -1, "host_queued_start": 1585660177.913621, "device_queued": -1, "device_end": -1, "host_queued_end": 1585660177.922188}, "device": "cpu", "nd_range": {"device_start": 2327952.442396635, "device_end": 2327952.467743953}, "cmdq": 3, "read": {"device_start": -1, "device_end": -1}}, "FFC_sans_bias40": {"write": {"device_start": -1, "host_queued_start": 1585660177.896639, "device_queued": -1, "device_end": -1, "host_queued_end": 1585660177.922188}, "device": "cpu", "nd_range": {"device_start": 2327952.3040152513, "device_end": 2327952.311860163}, "cmdq": 4, "read": {"device_start": -1, "device_end": -1}}, "FFC_sans_bias46": {"write": {"device_start": -1, "host_queued_start": 1585660177.865782, "device_queued": -1, "device_end": -1, "host_queued_end": 1585660177.922188}, "device": "cpu", "nd_range": {"device_start": 2327952.1798860193, "device_end": 2327952.195293342}, "cmdq": 4, "read": {"device_start": -1, "device_end": -1}}, "FFC_sans_bias47": {"write": {"device_start": -1, "host_queued_start": 1585660177.86693, "device_queued": -1, "device_end": -1, "host_queued_end": 1585660177.922188}, "device": "cpu", "nd_range": {"device_start": 2327952.1632689573, "device_end": 2327952.172188064}, "cmdq": 0, "read": {"device_start": -1, "device_end": -1}}, "FFC_sans_bias45": {"write": {"device_start": -1, "host_queued_start": 1585660177.864689, "device_queued": -1, "device_end": -1, "host_queued_end": 1585660177.922188}, "device": "cpu", "nd_range": {"device_start": 2327952.259067249, "device_end": 2327952.267959692}, "cmdq": 3, "read": {"device_start": -1, "device_end": -1}}, "FFC_sans_bias49": {"write": {"device_start": -1, "host_queued_start": 1585660177.89704, "device_queued": -1, "device_end": -1, "host_queued_end": 1585660177.922188}, "device": "cpu", "nd_range": {"device_start": 2327952.320313281, "device_end": 2327952.3322138623}, "cmdq": 0, "read": {"device_start": -1, "device_end": -1}}, "softmax77": {"write": {"device_start": -1, "host_queued_start": 1585660177.902331, "device_queued": -1, "device_end": -1, "host_queued_end": 1585660177.922188}, "device": "cpu", "nd_range": {"device_start": 2327952.365654646, "device_end": 2327952.365873091}, "cmdq": 1, "read": {"device_start": -1, "device_end": -1}}, "empty134": {"write": {"device_start": 1585660110.3852346, "host_queued_start": 1585660177.815904, "device_queued": 1585660110.3851275, "device_end": 1585660110.3852978, "host_queued_end": 1585660177.834484}, "device": "gpu", "nd_range": {"device_start": 1585660110.3855438, "device_end": 1585660110.3855538}, "cmdq": 1, "read": {"device_start": -1, "device_end": -1}}, "coalesced_transpose138": {"write": {"device_start": -1, "host_queued_start": 1585660177.828048, "device_queued": -1, "device_end": -1, "host_queued_end": 1585660177.834484}, "device": "gpu", "nd_range": {"device_start": 1585660110.389089, "device_end": 1585660110.3899472}, "cmdq": 4, "read": {"device_start": -1, "device_end": -1}}, "FFC_sans_bias119": {"write": {"device_start": 1585660110.3857293, "host_queued_start": 1585660177.820419, "device_queued": 1585660110.3856378, "device_end": 1585660110.385762, "host_queued_end": 1585660177.834484}, "device": "gpu", "nd_range": {"device_start": 1585660110.3858197, "device_end": 1585660110.3871694}, "cmdq": 0, "read": {"device_start": -1, "device_end": -1}}, "FFC_sans_bias118": {"write": {"device_start": 1585660110.3856056, "host_queued_start": 1585660177.819296, "device_queued": 1585660110.3855057, "device_end": 1585660110.3856354, "host_queued_end": 1585660177.834484}, "device": "gpu", "nd_range": {"device_start": 1585660110.3856385, "device_end": 1585660110.386599}, "cmdq": 4, "read": {"device_start": -1, "device_end": -1}}, "empty143": {"write": {"device_start": 1585660110.3853316, "host_queued_start": 1585660177.81702, "device_queued": 1585660110.3851705, "device_end": 1585660110.3854182, "host_queued_end": 1585660177.834484}, "device": "gpu", "nd_range": {"device_start": 1585660110.385565, "device_end": 1585660110.385569}, "cmdq": 2, "read": {"device_start": -1, "device_end": -1}}, "FFC_sans_bias115": {"write": {"device_start": -1, "host_queued_start": 1585660177.922143, "device_queued": -1, "device_end": -1, "host_queued_end": 1585660177.922188}, "device": "cpu", "nd_range": {"device_start": 2327952.443844253, "device_end": 2327952.459073965}, "cmdq": 1, "read": {"device_start": -1, "device_end": -1}}, "FFC_sans_bias114": {"write": {"device_start": -1, "host_queued_start": 1585660177.908313, "device_queued": -1, "device_end": -1, "host_queued_end": 1585660177.922188}, "device": "cpu", "nd_range": {"device_start": 2327952.4091760293, "device_end": 2327952.442386858}, "cmdq": 3, "read": {"device_start": -1, "device_end": -1}}, "FFC_sans_bias117": {"write": {"device_start": 1585660110.3854284, "host_queued_start": 1585660177.818049, "device_queued": 1585660110.3851998, "device_end": 1585660110.3854535, "host_queued_end": 1585660177.834484}, "device": "gpu", "nd_range": {"device_start": 1585660110.3855927, "device_end": 1585660110.3862002}, "cmdq": 3, "read": {"device_start": -1, "device_end": -1}}, "softmax5": {"write": {"device_start": -1, "host_queued_start": 1585660177.900002, "device_queued": -1, "device_end": -1, "host_queued_end": 1585660177.922188}, "device": "cpu", "nd_range": {"device_start": 2327952.347780424, "device_end": 2327952.34803337}, "cmdq": 3, "read": {"device_start": -1, "device_end": -1}}, "FFC_sans_bias110": {"write": {"device_start": -1, "host_queued_start": 1585660177.890216, "device_queued": -1, "device_end": -1, "host_queued_end": 1585660177.922188}, "device": "cpu", "nd_range": {"device_start": 2327952.286009571, "device_end": 2327952.302629678}, "cmdq": 1, "read": {"device_start": -1, "device_end": -1}}, "FFC_sans_bias112": {"write": {"device_start": -1, "host_queued_start": 1585660177.899695, "device_queued": -1, "device_end": -1, "host_queued_end": 1585660177.922188}, "device": "cpu", "nd_range": {"device_start": 2327952.2862296533, "device_end": 2327952.2978542442}, "cmdq": 2, "read": {"device_start": -1, "device_end": -1}}, "empty53": {"write": {"device_start": -1, "host_queued_start": 1585660177.840703, "device_queued": -1, "device_end": -1, "host_queued_end": 1585660177.922188}, "device": "cpu", "nd_range": {"device_start": 2327952.111841528, "device_end": 2327952.1118426262}, "cmdq": 0, "read": {"device_start": -1, "device_end": -1}}, "coalesced_transpose48": {"write": {"device_start": -1, "host_queued_start": 1585660177.892482, "device_queued": -1, "device_end": -1, "host_queued_end": 1585660177.922188}, "device": "cpu", "nd_range": {"device_start": 2327952.230853232, "device_end": 2327952.231178293}, "cmdq": 2, "read": {"device_start": -1, "device_end": -1}}}