{"FFC_sans_bias4": {"write": {"device_start": -1, "host_queued_start": 1585660159.531633, "device_queued": -1, "device_end": -1, "host_queued_end": 1585660159.545233}, "device": "cpu", "nd_range": {"device_start": 2327933.844217839, "device_end": 2327933.856609046}, "cmdq": 0, "read": {"device_start": -1, "device_end": -1}}, "FFC_sans_bias7": {"write": {"device_start": -1, "host_queued_start": 1585660159.53926, "device_queued": -1, "device_end": -1, "host_queued_end": 1585660159.545233}, "device": "cpu", "nd_range": {"device_start": 2327933.869790872, "device_end": 2327933.884027942}, "cmdq": 1, "read": {"device_start": -1, "device_end": -1}}, "FFC_sans_bias6": {"write": {"device_start": -1, "host_queued_start": 1585660159.536129, "device_queued": -1, "device_end": -1, "host_queued_end": 1585660159.545233}, "device": "cpu", "nd_range": {"device_start": 2327933.858350505, "device_end": 2327933.869778017}, "cmdq": 4, "read": {"device_start": -1, "device_end": -1}}, "FFC_sans_bias1": {"write": {"device_start": -1, "host_queued_start": 1585660159.507215, "device_queued": -1, "device_end": -1, "host_queued_end": 1585660159.545233}, "device": "cpu", "nd_range": {"device_start": 2327933.796762436, "device_end": 2327933.82062768}, "cmdq": 3, "read": {"device_start": -1, "device_end": -1}}, "FFC_sans_bias0": {"write": {"device_start": -1, "host_queued_start": 1585660159.505934, "device_queued": -1, "device_end": -1, "host_queued_end": 1585660159.545233}, "device": "cpu", "nd_range": {"device_start": 2327933.735450406, "device_end": 2327933.7506580544}, "cmdq": 2, "read": {"device_start": -1, "device_end": -1}}, "FFC_sans_bias2": {"write": {"device_start": -1, "host_queued_start": 1585660159.508452, "device_queued": -1, "device_end": -1, "host_queued_end": 1585660159.545233}, "device": "cpu", "nd_range": {"device_start": 2327933.7349024853, "device_end": 2327933.75018378}, "cmdq": 4, "read": {"device_start": -1, "device_end": -1}}, "coalesced_transpose120": {"write": {"device_start": -1, "host_queued_start": 1585660159.478874, "device_queued": -1, "device_end": -1, "host_queued_end": 1585660159.497011}, "device": "gpu", "nd_range": {"device_start": 1585660092.0622427, "device_end": 1585660092.062288}, "cmdq": 2, "read": {"device_start": -1, "device_end": -1}}, "FFC_sans_bias9": {"write": {"device_start": -1, "host_queued_start": 1585660159.509741, "device_queued": -1, "device_end": -1, "host_queued_end": 1585660159.545233}, "device": "cpu", "nd_range": {"device_start": 2327933.7349036713, "device_end": 2327933.7511686543}, "cmdq": 0, "read": {"device_start": -1, "device_end": -1}}, "empty71": {"write": {"device_start": 1585660092.048223, "host_queued_start": 1585660159.441205, "device_queued": 1585660092.048112, "device_end": 1585660092.0482528, "host_queued_end": 1585660159.497011}, "device": "gpu", "nd_range": {"device_start": 1585660092.048262, "device_end": 1585660092.0482664}, "cmdq": 0, "read": {"device_start": -1, "device_end": -1}}, "softmax41": {"write": {"device_start": -1, "host_queued_start": 1585660159.535248, "device_queued": -1, "device_end": -1, "host_queued_end": 1585660159.545233}, "device": "cpu", "nd_range": {"device_start": 2327933.8487834493, "device_end": 2327933.849004648}, "cmdq": 1, "read": {"device_start": -1, "device_end": -1}}, "FFC_sans_bias37": {"write": {"device_start": -1, "host_queued_start": 1585660159.520787, "device_queued": -1, "device_end": -1, "host_queued_end": 1585660159.545233}, "device": "cpu", "nd_range": {"device_start": 2327933.768299792, "device_end": 2327933.783749589}, "cmdq": 0, "read": {"device_start": -1, "device_end": -1}}, "FFC_sans_bias36": {"write": {"device_start": -1, "host_queued_start": 1585660159.519473, "device_queued": -1, "device_end": -1, "host_queued_end": 1585660159.545233}, "device": "cpu", "nd_range": {"device_start": 2327933.7657773374, "device_end": 2327933.780940479}, "cmdq": 4, "read": {"device_start": -1, "device_end": -1}}, "FFC_sans_bias34": {"write": {"device_start": -1, "host_queued_start": 1585660159.542229, "device_queued": -1, "device_end": -1, "host_queued_end": 1585660159.545233}, "device": "cpu", "nd_range": {"device_start": 2327933.9082364324, "device_end": 2327933.921547818}, "cmdq": 4, "read": {"device_start": -1, "device_end": -1}}, "FFC_sans_bias33": {"write": {"device_start": -1, "host_queued_start": 1585660159.537156, "device_queued": -1, "device_end": -1, "host_queued_end": 1585660159.545233}, "device": "cpu", "nd_range": {"device_start": 2327933.882679568, "device_end": 2327933.906355047}, "cmdq": 2, "read": {"device_start": -1, "device_end": -1}}, "FFC_sans_bias31": {"write": {"device_start": -1, "host_queued_start": 1585660159.532785, "device_queued": -1, "device_end": -1, "host_queued_end": 1585660159.545233}, "device": "cpu", "nd_range": {"device_start": 2327933.842265707, "device_end": 2327933.8578383164}, "cmdq": 3, "read": {"device_start": -1, "device_end": -1}}, "FFC_sans_bias38": {"write": {"device_start": -1, "host_queued_start": 1585660159.522046, "device_queued": -1, "device_end": -1, "host_queued_end": 1585660159.545233}, "device": "cpu", "nd_range": {"device_start": 2327933.784670577, "device_end": 2327933.809562488}, "cmdq": 1, "read": {"device_start": -1, "device_end": -1}}, "coalesced_transpose75": {"write": {"device_start": -1, "host_queued_start": 1585660159.47735, "device_queued": -1, "device_end": -1, "host_queued_end": 1585660159.497011}, "device": "gpu", "nd_range": {"device_start": 1585660092.060908, "device_end": 1585660092.0622299}, "cmdq": 2, "read": {"device_start": -1, "device_end": -1}}, "softmax140": {"write": {"device_start": -1, "host_queued_start": 1585660159.484582, "device_queued": -1, "device_end": -1, "host_queued_end": 1585660159.497011}, "device": "gpu", "nd_range": {"device_start": 1585660092.0674462, "device_end": 1585660092.0678298}, "cmdq": 2, "read": {"device_start": -1, "device_end": -1}}, "empty44": {"write": {"device_start": -1, "host_queued_start": 1585660159.502878, "device_queued": -1, "device_end": -1, "host_queued_end": 1585660159.545233}, "device": "cpu", "nd_range": {"device_start": 2327933.7348832902, "device_end": 2327933.734887336}, "cmdq": 4, "read": {"device_start": -1, "device_end": -1}}, "FFC_sans_bias137": {"write": {"device_start": 1585660092.0595882, "host_queued_start": 1585660159.475693, "device_queued": 1585660092.051583, "device_end": 1585660092.0596144, "host_queued_end": 1585660159.497011}, "device": "gpu", "nd_range": {"device_start": 1585660092.0596197, "device_end": 1585660092.061868}, "cmdq": 4, "read": {"device_start": -1, "device_end": -1}}, "empty8": {"write": {"device_start": -1, "host_queued_start": 1585660159.498839, "device_queued": -1, "device_end": -1, "host_queued_end": 1585660159.545233}, "device": "cpu", "nd_range": {"device_start": 2327933.7348836954, "device_end": 2327933.734884634}, "cmdq": 0, "read": {"device_start": -1, "device_end": -1}}, "softmax50": {"write": {"device_start": -1, "host_queued_start": 1585660159.535519, "device_queued": -1, "device_end": -1, "host_queued_end": 1585660159.545233}, "device": "cpu", "nd_range": {"device_start": 2327933.882459556, "device_end": 2327933.882669894}, "cmdq": 2, "read": {"device_start": -1, "device_end": -1}}, "softmax59": {"write": {"device_start": -1, "host_queued_start": 1585660159.535791, "device_queued": -1, "device_end": -1, "host_queued_end": 1585660159.545233}, "device": "cpu", "nd_range": {"device_start": 2327933.858182385, "device_end": 2327933.8584019192}, "cmdq": 3, "read": {"device_start": -1, "device_end": -1}}, "FFC_sans_bias142": {"write": {"device_start": 1585660092.0736053, "host_queued_start": 1585660159.496904, "device_queued": 1585660092.0549877, "device_end": 1585660092.0736387, "host_queued_end": 1585660159.497011}, "device": "gpu", "nd_range": {"device_start": 1585660092.0736578, "device_end": 1585660092.0757854}, "cmdq": 0, "read": {"device_start": 1585660092.0757878, "device_end": 1585660092.0758111}}, "FFC_sans_bias141": {"write": {"device_start": -1, "host_queued_start": 1585660159.487422, "device_queued": -1, "device_end": -1, "host_queued_end": 1585660159.497011}, "device": "gpu", "nd_range": {"device_start": 1585660092.0694761, "device_end": 1585660092.0719008}, "cmdq": 1, "read": {"device_start": -1, "device_end": -1}}, "FFC_sans_bias24": {"write": {"device_start": -1, "host_queued_start": 1585660159.536815, "device_queued": -1, "device_end": -1, "host_queued_end": 1585660159.545233}, "device": "cpu", "nd_range": {"device_start": 2327933.849011937, "device_end": 2327933.865575151}, "cmdq": 1, "read": {"device_start": -1, "device_end": -1}}, "FFC_sans_bias25": {"write": {"device_start": -1, "host_queued_start": 1585660159.541243, "device_queued": -1, "device_end": -1, "host_queued_end": 1585660159.545233}, "device": "cpu", "nd_range": {"device_start": 2327933.8744164873, "device_end": 2327933.9019443383}, "cmdq": 3, "read": {"device_start": -1, "device_end": -1}}, "FFC_sans_bias27": {"write": {"device_start": -1, "host_queued_start": 1585660159.516245, "device_queued": -1, "device_end": -1, "host_queued_end": 1585660159.545233}, "device": "cpu", "nd_range": {"device_start": 2327933.753917586, "device_end": 2327933.783320675}, "cmdq": 1, "read": {"device_start": -1, "device_end": -1}}, "FFC_sans_bias20": {"write": {"device_start": -1, "host_queued_start": 1585660159.515173, "device_queued": -1, "device_end": -1, "host_queued_end": 1585660159.545233}, "device": "cpu", "nd_range": {"device_start": 2327933.75138031, "device_end": 2327933.768177315}, "cmdq": 0, "read": {"device_start": -1, "device_end": -1}}, "FFC_sans_bias22": {"write": {"device_start": -1, "host_queued_start": 1585660159.532326, "device_queued": -1, "device_end": -1, "host_queued_end": 1585660159.545233}, "device": "cpu", "nd_range": {"device_start": 2327933.8067972814, "device_end": 2327933.8173457664}, "cmdq": 2, "read": {"device_start": -1, "device_end": -1}}, "FFC_sans_bias130": {"write": {"device_start": -1, "host_queued_start": 1585660159.482018, "device_queued": -1, "device_end": -1, "host_queued_end": 1585660159.497011}, "device": "gpu", "nd_range": {"device_start": 1585660092.0633624, "device_end": 1585660092.0658343}, "cmdq": 2, "read": {"device_start": -1, "device_end": -1}}, "FFC_sans_bias28": {"write": {"device_start": -1, "host_queued_start": 1585660159.517322, "device_queued": -1, "device_end": -1, "host_queued_end": 1585660159.545233}, "device": "cpu", "nd_range": {"device_start": 2327933.766190874, "device_end": 2327933.781473793}, "cmdq": 2, "read": {"device_start": -1, "device_end": -1}}, "FFC_sans_bias29": {"write": {"device_start": -1, "host_queued_start": 1585660159.518399, "device_queued": -1, "device_end": -1, "host_queued_end": 1585660159.545233}, "device": "cpu", "nd_range": {"device_start": 2327933.827553186, "device_end": 2327933.835174135}, "cmdq": 3, "read": {"device_start": -1, "device_end": -1}}, "coalesced_transpose66": {"write": {"device_start": -1, "host_queued_start": 1585660159.477045, "device_queued": -1, "device_end": -1, "host_queued_end": 1585660159.497011}, "device": "gpu", "nd_range": {"device_start": 1585660092.0604134, "device_end": 1585660092.062215}, "cmdq": 1, "read": {"device_start": -1, "device_end": -1}}, "coalesced_transpose93": {"write": {"device_start": -1, "host_queued_start": 1585660159.477959, "device_queued": -1, "device_end": -1, "host_queued_end": 1585660159.497011}, "device": "gpu", "nd_range": {"device_start": 1585660092.0618696, "device_end": 1585660092.0622652}, "cmdq": 4, "read": {"device_start": -1, "device_end": -1}}, "softmax23": {"write": {"device_start": -1, "host_queued_start": 1585660159.534658, "device_queued": -1, "device_end": -1, "host_queued_end": 1585660159.545233}, "device": "cpu", "nd_range": {"device_start": 2327933.819957986, "device_end": 2327933.820157052}, "cmdq": 4, "read": {"device_start": -1, "device_end": -1}}, "empty62": {"write": {"device_start": -1, "host_queued_start": 1585660159.504871, "device_queued": -1, "device_end": -1, "host_queued_end": 1585660159.545233}, "device": "cpu", "nd_range": {"device_start": 2327933.7348927953, "device_end": 2327933.7348935544}, "cmdq": 1, "read": {"device_start": -1, "device_end": -1}}, "FFC_sans_bias10": {"write": {"device_start": -1, "host_queued_start": 1585660159.510834, "device_queued": -1, "device_end": -1, "host_queued_end": 1585660159.545233}, "device": "cpu", "nd_range": {"device_start": 2327933.734899866, "device_end": 2327933.751360653}, "cmdq": 1, "read": {"device_start": -1, "device_end": -1}}, "FFC_sans_bias13": {"write": {"device_start": -1, "host_queued_start": 1585660159.531978, "device_queued": -1, "device_end": -1, "host_queued_end": 1585660159.545233}, "device": "cpu", "nd_range": {"device_start": 2327933.827774501, "device_end": 2327933.837750139}, "cmdq": 1, "read": {"device_start": -1, "device_end": -1}}, "FFC_sans_bias15": {"write": {"device_start": -1, "host_queued_start": 1585660159.536472, "device_queued": -1, "device_end": -1, "host_queued_end": 1585660159.545233}, "device": "cpu", "nd_range": {"device_start": 2327933.87154119, "device_end": 2327933.8851786912}, "cmdq": 0, "read": {"device_start": -1, "device_end": -1}}, "FFC_sans_bias16": {"write": {"device_start": -1, "host_queued_start": 1585660159.54025, "device_queued": -1, "device_end": -1, "host_queued_end": 1585660159.545233}, "device": "cpu", "nd_range": {"device_start": 2327933.906364308, "device_end": 2327933.9144045683}, "cmdq": 2, "read": {"device_start": -1, "device_end": -1}}, "FFC_sans_bias19": {"write": {"device_start": -1, "host_queued_start": 1585660159.514068, "device_queued": -1, "device_end": -1, "host_queued_end": 1585660159.545233}, "device": "cpu", "nd_range": {"device_start": 2327933.750318454, "device_end": 2327933.76563713}, "cmdq": 4, "read": {"device_start": -1, "device_end": -1}}, "FFC_sans_bias18": {"write": {"device_start": -1, "host_queued_start": 1585660159.512997, "device_queued": -1, "device_end": -1, "host_queued_end": 1585660159.545233}, "device": "cpu", "nd_range": {"device_start": 2327933.821689043, "device_end": 2327933.8274304913}, "cmdq": 3, "read": {"device_start": -1, "device_end": -1}}, "FFC_sans_bias99": {"write": {"device_start": 1585660092.053293, "host_queued_start": 1585660159.461898, "device_queued": 1585660092.0503247, "device_end": 1585660092.0533187, "host_queued_end": 1585660159.497011}, "device": "gpu", "nd_range": {"device_start": 1585660092.0533242, "device_end": 1585660092.0555916}, "cmdq": 1, "read": {"device_start": -1, "device_end": -1}}, "FFC_sans_bias91": {"write": {"device_start": 1585660092.0523462, "host_queued_start": 1585660159.459811, "device_queued": 1585660092.0499837, "device_end": 1585660092.0523717, "host_queued_end": 1585660159.497011}, "device": "gpu", "nd_range": {"device_start": 1585660092.0523756, "device_end": 1585660092.0546234}, "cmdq": 4, "read": {"device_start": -1, "device_end": -1}}, "FFC_sans_bias90": {"write": {"device_start": 1585660092.0518544, "host_queued_start": 1585660159.458758, "device_queued": 1585660092.0499682, "device_end": 1585660092.051879, "host_queued_end": 1585660159.497011}, "device": "gpu", "nd_range": {"device_start": 1585660092.0518868, "device_end": 1585660092.0541406}, "cmdq": 3, "read": {"device_start": -1, "device_end": -1}}, "coalesced_transpose12": {"write": {"device_start": -1, "host_queued_start": 1585660159.529633, "device_queued": -1, "device_end": -1, "host_queued_end": 1585660159.545233}, "device": "cpu", "nd_range": {"device_start": 2327933.796401843, "device_end": 2327933.796647571}, "cmdq": 4, "read": {"device_start": -1, "device_end": -1}}, "FFC_sans_bias94": {"write": {"device_start": -1, "host_queued_start": 1585660159.480757, "device_queued": -1, "device_end": -1, "host_queued_end": 1585660159.497011}, "device": "gpu", "nd_range": {"device_start": 1585660092.0623775, "device_end": 1585660092.0639124}, "cmdq": 3, "read": {"device_start": -1, "device_end": -1}}, "FFC_sans_bias97": {"write": {"device_start": 1585660092.0710816, "host_queued_start": 1585660159.491694, "device_queued": 1585660092.054382, "device_end": 1585660092.0711129, "host_queued_end": 1585660159.497011}, "device": "gpu", "nd_range": {"device_start": 1585660092.0711353, "device_end": 1585660092.0733845}, "cmdq": 0, "read": {"device_start": 1585660092.073394, "device_end": 1585660092.073418}}, "FFC_sans_bias96": {"write": {"device_start": -1, "host_queued_start": 1585660159.485837, "device_queued": -1, "device_end": -1, "host_queued_end": 1585660159.497011}, "device": "gpu", "nd_range": {"device_start": 1585660092.0678046, "device_end": 1585660092.0694647}, "cmdq": 1, "read": {"device_start": -1, "device_end": -1}}, "FFC_sans_bias124": {"write": {"device_start": 1585660092.0730915, "host_queued_start": 1585660159.494822, "device_queued": 1585660092.0547132, "device_end": 1585660092.0731242, "host_queued_end": 1585660159.497011}, "device": "gpu", "nd_range": {"device_start": 1585660092.0731401, "device_end": 1585660092.0752623}, "cmdq": 3, "read": {"device_start": 1585660092.0752742, "device_end": 1585660092.0752993}}, "FFC_sans_bias126": {"write": {"device_start": 1585660092.0581207, "host_queued_start": 1585660159.472543, "device_queued": 1585660092.0514212, "device_end": 1585660092.0581532, "host_queued_end": 1585660159.497011}, "device": "gpu", "nd_range": {"device_start": 1585660092.0581574, "device_end": 1585660092.0604117}, "cmdq": 1, "read": {"device_start": -1, "device_end": -1}}, "softmax32": {"write": {"device_start": -1, "host_queued_start": 1585660159.534974, "device_queued": -1, "device_end": -1, "host_queued_end": 1585660159.545233}, "device": "cpu", "nd_range": {"device_start": 2327933.871319535, "device_end": 2327933.8715328583}, "cmdq": 0, "read": {"device_start": -1, "device_end": -1}}, "coalesced_transpose84": {"write": {"device_start": -1, "host_queued_start": 1585660159.477654, "device_queued": -1, "device_end": -1, "host_queued_end": 1585660159.497011}, "device": "gpu", "nd_range": {"device_start": 1585660092.061387, "device_end": 1585660092.0622466}, "cmdq": 3, "read": {"device_start": -1, "device_end": -1}}, "FFC_sans_bias121": {"write": {"device_start": -1, "host_queued_start": 1585660159.481703, "device_queued": -1, "device_end": -1, "host_queued_end": 1585660159.497011}, "device": "gpu", "nd_range": {"device_start": 1585660092.062961, "device_end": 1585660092.0653334}, "cmdq": 1, "read": {"device_start": -1, "device_end": -1}}, "empty98": {"write": {"device_start": 1585660092.0485625, "host_queued_start": 1585660159.444079, "device_queued": 1585660092.0483098, "device_end": 1585660092.0486422, "host_queued_end": 1585660159.497011}, "device": "gpu", "nd_range": {"device_start": 1585660092.0486522, "device_end": 1585660092.0486574}, "cmdq": 3, "read": {"device_start": -1, "device_end": -1}}, "empty107": {"write": {"device_start": 1585660092.0486603, "host_queued_start": 1585660159.444915, "device_queued": 1585660092.0485427, "device_end": 1585660092.048739, "host_queued_end": 1585660159.497011}, "device": "gpu", "nd_range": {"device_start": 1585660092.0487473, "device_end": 1585660092.0487518}, "cmdq": 4, "read": {"device_start": -1, "device_end": -1}}, "empty17": {"write": {"device_start": -1, "host_queued_start": 1585660159.499958, "device_queued": -1, "device_end": -1, "host_queued_end": 1585660159.545233}, "device": "cpu", "nd_range": {"device_start": 2327933.734883896, "device_end": 2327933.7348850383}, "cmdq": 1, "read": {"device_start": -1, "device_end": -1}}, "FFC_sans_bias87": {"write": {"device_start": -1, "host_queued_start": 1585660159.485525, "device_queued": -1, "device_end": -1, "host_queued_end": 1585660159.497011}, "device": "gpu", "nd_range": {"device_start": 1585660092.067475, "device_end": 1585660092.068516}, "cmdq": 0, "read": {"device_start": -1, "device_end": -1}}, "FFC_sans_bias85": {"write": {"device_start": -1, "host_queued_start": 1585660159.480442, "device_queued": -1, "device_end": -1, "host_queued_end": 1585660159.497011}, "device": "gpu", "nd_range": {"device_start": 1585660092.06236, "device_end": 1585660092.063349}, "cmdq": 2, "read": {"device_start": -1, "device_end": -1}}, "FFC_sans_bias82": {"write": {"device_start": 1585660092.050878, "host_queued_start": 1585660159.456634, "device_queued": 1585660092.0497885, "device_end": 1585660092.0509036, "host_queued_end": 1585660159.497011}, "device": "gpu", "nd_range": {"device_start": 1585660092.0509105, "device_end": 1585660092.0531695}, "cmdq": 1, "read": {"device_start": -1, "device_end": -1}}, "FFC_sans_bias83": {"write": {"device_start": 1585660092.0512738, "host_queued_start": 1585660159.457677, "device_queued": 1585660092.0499504, "device_end": 1585660092.0512993, "host_queued_end": 1585660159.497011}, "device": "gpu", "nd_range": {"device_start": 1585660092.0513055, "device_end": 1585660092.0536542}, "cmdq": 2, "read": {"device_start": -1, "device_end": -1}}, "FFC_sans_bias81": {"write": {"device_start": 1585660092.050297, "host_queued_start": 1585660159.455596, "device_queued": 1585660092.0497327, "device_end": 1585660092.0503223, "host_queued_end": 1585660159.497011}, "device": "gpu", "nd_range": {"device_start": 1585660092.0503256, "device_end": 1585660092.052694}, "cmdq": 0, "read": {"device_start": -1, "device_end": -1}}, "FFC_sans_bias88": {"write": {"device_start": 1585660092.0715845, "host_queued_start": 1585660159.490652, "device_queued": 1585660092.0540795, "device_end": 1585660092.0716157, "host_queued_end": 1585660159.497011}, "device": "gpu", "nd_range": {"device_start": 1585660092.071637, "device_end": 1585660092.0738323}, "cmdq": 4, "read": {"device_start": 1585660092.0738356, "device_end": 1585660092.0738597}}, "coalesced_transpose30": {"write": {"device_start": -1, "host_queued_start": 1585660159.530294, "device_queued": -1, "device_end": -1, "host_queued_end": 1585660159.545233}, "device": "cpu", "nd_range": {"device_start": 2327933.827362744, "device_end": 2327933.827498748}, "cmdq": 1, "read": {"device_start": -1, "device_end": -1}}, "FFC_sans_bias128": {"write": {"device_start": 1585660092.0576634, "host_queued_start": 1585660159.471483, "device_queued": 1585660092.0511715, "device_end": 1585660092.0576959, "host_queued_end": 1585660159.497011}, "device": "gpu", "nd_range": {"device_start": 1585660092.057704, "device_end": 1585660092.0599236}, "cmdq": 0, "read": {"device_start": -1, "device_end": -1}}, "coalesced_transpose39": {"write": {"device_start": -1, "host_queued_start": 1585660159.530628, "device_queued": -1, "device_end": -1, "host_queued_end": 1585660159.545233}, "device": "cpu", "nd_range": {"device_start": 2327933.80644277, "device_end": 2327933.806688717}, "cmdq": 2, "read": {"device_start": -1, "device_end": -1}}, "FFC_sans_bias79": {"write": {"device_start": 1585660092.0705957, "host_queued_start": 1585660159.489605, "device_queued": 1585660092.053968, "device_end": 1585660092.0706267, "host_queued_end": 1585660159.497011}, "device": "gpu", "nd_range": {"device_start": 1585660092.0706482, "device_end": 1585660092.0728598}, "cmdq": 3, "read": {"device_start": 1585660092.0728667, "device_end": 1585660092.072892}}, "FFC_sans_bias78": {"write": {"device_start": -1, "host_queued_start": 1585660159.485206, "device_queued": -1, "device_end": -1, "host_queued_end": 1585660159.497011}, "device": "gpu", "nd_range": {"device_start": 1585660092.0677722, "device_end": 1585660092.0690382}, "cmdq": 4, "read": {"device_start": -1, "device_end": -1}}, "FFC_sans_bias73": {"write": {"device_start": 1585660092.049554, "host_queued_start": 1585660159.453472, "device_queued": 1585660092.0493264, "device_end": 1585660092.0495806, "host_queued_end": 1585660159.497011}, "device": "gpu", "nd_range": {"device_start": 1585660092.0496032, "device_end": 1585660092.0517457}, "cmdq": 3, "read": {"device_start": -1, "device_end": -1}}, "FFC_sans_bias72": {"write": {"device_start": 1585660092.0494716, "host_queued_start": 1585660159.452436, "device_queued": 1585660092.0493133, "device_end": 1585660092.0495498, "host_queued_end": 1585660159.497011}, "device": "gpu", "nd_range": {"device_start": 1585660092.0495842, "device_end": 1585660092.0511937}, "cmdq": 2, "read": {"device_start": -1, "device_end": -1}}, "FFC_sans_bias70": {"write": {"device_start": 1585660092.0701752, "host_queued_start": 1585660159.488431, "device_queued": 1585660092.0539458, "device_end": 1585660092.0702052, "host_queued_end": 1585660159.497011}, "device": "gpu", "nd_range": {"device_start": 1585660092.0702279, "device_end": 1585660092.0724225}, "cmdq": 2, "read": {"device_start": 1585660092.0724285, "device_end": 1585660092.072453}}, "FFC_sans_bias76": {"write": {"device_start": -1, "host_queued_start": 1585660159.480123, "device_queued": -1, "device_end": -1, "host_queued_end": 1585660159.497011}, "device": "gpu", "nd_range": {"device_start": 1585660092.0623417, "device_end": 1585660092.0629475}, "cmdq": 1, "read": {"device_start": -1, "device_end": -1}}, "FFC_sans_bias74": {"write": {"device_start": 1585660092.0498781, "host_queued_start": 1585660159.454513, "device_queued": 1585660092.049492, "device_end": 1585660092.0499027, "host_queued_end": 1585660159.497011}, "device": "gpu", "nd_range": {"device_start": 1585660092.0499074, "device_end": 1585660092.0521789}, "cmdq": 4, "read": {"device_start": -1, "device_end": -1}}, "coalesced_transpose102": {"write": {"device_start": -1, "host_queued_start": 1585660159.478261, "device_queued": -1, "device_end": -1, "host_queued_end": 1585660159.497011}, "device": "gpu", "nd_range": {"device_start": 1585660092.0623226, "device_end": 1585660092.0623834}, "cmdq": 0, "read": {"device_start": -1, "device_end": -1}}, "coalesced_transpose3": {"write": {"device_start": -1, "host_queued_start": 1585660159.52929, "device_queued": -1, "device_end": -1, "host_queued_end": 1585660159.545233}, "device": "cpu", "nd_range": {"device_start": 2327933.8415690684, "device_end": 2327933.8418165133}, "cmdq": 3, "read": {"device_start": -1, "device_end": -1}}, "FFC_sans_bias127": {"write": {"device_start": 1585660092.0586448, "host_queued_start": 1585660159.473582, "device_queued": 1585660092.051447, "device_end": 1585660092.0586712, "host_queued_end": 1585660159.497011}, "device": "gpu", "nd_range": {"device_start": 1585660092.0586863, "device_end": 1585660092.0609066}, "cmdq": 2, "read": {"device_start": -1, "device_end": -1}}, "empty89": {"write": {"device_start": 1585660092.0484662, "host_queued_start": 1585660159.443232, "device_queued": 1585660092.0482898, "device_end": 1585660092.0485303, "host_queued_end": 1585660159.497011}, "device": "gpu", "nd_range": {"device_start": 1585660092.0486264, "device_end": 1585660092.0486503}, "cmdq": 2, "read": {"device_start": -1, "device_end": -1}}, "FFC_sans_bias123": {"write": {"device_start": -1, "host_queued_start": 1585660159.486792, "device_queued": -1, "device_end": -1, "host_queued_end": 1585660159.497011}, "device": "gpu", "nd_range": {"device_start": 1585660092.0690506, "device_end": 1585660092.0714464}, "cmdq": 4, "read": {"device_start": -1, "device_end": -1}}, "empty80": {"write": {"device_start": 1585660092.0483713, "host_queued_start": 1585660159.442327, "device_queued": 1585660092.0482655, "device_end": 1585660092.048436, "host_queued_end": 1585660159.497011}, "device": "gpu", "nd_range": {"device_start": 1585660092.048593, "device_end": 1585660092.0486443}, "cmdq": 1, "read": {"device_start": -1, "device_end": -1}}, "empty116": {"write": {"device_start": 1585660092.048753, "host_queued_start": 1585660159.445763, "device_queued": 1585660092.048654, "device_end": 1585660092.0488162, "host_queued_end": 1585660159.497011}, "device": "gpu", "nd_range": {"device_start": 1585660092.0488286, "device_end": 1585660092.0488327}, "cmdq": 0, "read": {"device_start": -1, "device_end": -1}}, "softmax104": {"write": {"device_start": -1, "host_queued_start": 1585660159.483587, "device_queued": -1, "device_end": -1, "host_queued_end": 1585660159.497011}, "device": "gpu", "nd_range": {"device_start": 1585660092.066332, "device_end": 1585660092.0673966}, "cmdq": 3, "read": {"device_start": -1, "device_end": -1}}, "coalesced_transpose21": {"write": {"device_start": -1, "host_queued_start": 1585660159.529966, "device_queued": -1, "device_end": -1, "host_queued_end": 1585660159.545233}, "device": "cpu", "nd_range": {"device_start": 2327933.80023851, "device_end": 2327933.8004841353}, "cmdq": 0, "read": {"device_start": -1, "device_end": -1}}, "softmax14": {"write": {"device_start": -1, "host_queued_start": 1585660159.534376, "device_queued": -1, "device_end": -1, "host_queued_end": 1585660159.545233}, "device": "cpu", "nd_range": {"device_start": 2327933.857956943, "device_end": 2327933.858168933}, "cmdq": 3, "read": {"device_start": -1, "device_end": -1}}, "FFC_sans_bias69": {"write": {"device_start": -1, "host_queued_start": 1585660159.484896, "device_queued": -1, "device_end": -1, "host_queued_end": 1585660159.497011}, "device": "gpu", "nd_range": {"device_start": 1585660092.0674584, "device_end": 1585660092.0680652}, "cmdq": 3, "read": {"device_start": -1, "device_end": -1}}, "FFC_sans_bias92": {"write": {"device_start": 1585660092.0528007, "host_queued_start": 1585660159.460855, "device_queued": 1585660092.050157, "device_end": 1585660092.0528257, "host_queued_end": 1585660159.497011}, "device": "gpu", "nd_range": {"device_start": 1585660092.052829, "device_end": 1585660092.055099}, "cmdq": 0, "read": {"device_start": -1, "device_end": -1}}, "FFC_sans_bias60": {"write": {"device_start": -1, "host_queued_start": 1585660159.538183, "device_queued": -1, "device_end": -1, "host_queued_end": 1585660159.545233}, "device": "cpu", "nd_range": {"device_start": 2327933.885186913, "device_end": 2327933.901268658}, "cmdq": 0, "read": {"device_start": -1, "device_end": -1}}, "FFC_sans_bias61": {"write": {"device_start": -1, "host_queued_start": 1585660159.545189, "device_queued": -1, "device_end": -1, "host_queued_end": 1585660159.545233}, "device": "cpu", "nd_range": {"device_start": 2327933.914414443, "device_end": 2327933.9215480383}, "cmdq": 2, "read": {"device_start": -1, "device_end": -1}}, "FFC_sans_bias63": {"write": {"device_start": 1585660092.049386, "host_queued_start": 1585660159.451389, "device_queued": 1585660092.0492876, "device_end": 1585660092.049463, "host_queued_end": 1585660159.497011}, "device": "gpu", "nd_range": {"device_start": 1585660092.0495527, "device_end": 1585660092.0507765}, "cmdq": 1, "read": {"device_start": -1, "device_end": -1}}, "FFC_sans_bias64": {"write": {"device_start": 1585660092.0491354, "host_queued_start": 1585660159.449223, "device_queued": 1585660092.0489268, "device_end": 1585660092.0491896, "host_queued_end": 1585660159.497011}, "device": "gpu", "nd_range": {"device_start": 1585660092.0491958, "device_end": 1585660092.0498092}, "cmdq": 4, "read": {"device_start": -1, "device_end": -1}}, "FFC_sans_bias65": {"write": {"device_start": 1585660092.0492287, "host_queued_start": 1585660159.450304, "device_queued": 1585660092.0490618, "device_end": 1585660092.0492537, "host_queued_end": 1585660159.497011}, "device": "gpu", "nd_range": {"device_start": 1585660092.0492792, "device_end": 1585660092.050209}, "cmdq": 0, "read": {"device_start": -1, "device_end": -1}}, "FFC_sans_bias67": {"write": {"device_start": -1, "host_queued_start": 1585660159.479806, "device_queued": -1, "device_end": -1, "host_queued_end": 1585660159.497011}, "device": "gpu", "nd_range": {"device_start": 1585660092.0623994, "device_end": 1585660092.0643404}, "cmdq": 0, "read": {"device_start": -1, "device_end": -1}}, "coalesced_transpose111": {"write": {"device_start": -1, "host_queued_start": 1585660159.47856, "device_queued": -1, "device_end": -1, "host_queued_end": 1585660159.497011}, "device": "gpu", "nd_range": {"device_start": 1585660092.0622258, "device_end": 1585660092.0622852}, "cmdq": 1, "read": {"device_start": -1, "device_end": -1}}, "FFC_sans_bias136": {"write": {"device_start": 1585660092.0590682, "host_queued_start": 1585660159.474642, "device_queued": 1585660092.0514636, "device_end": 1585660092.0591054, "host_queued_end": 1585660159.497011}, "device": "gpu", "nd_range": {"device_start": 1585660092.0591207, "device_end": 1585660092.0613835}, "cmdq": 3, "read": {"device_start": -1, "device_end": -1}}, "FFC_sans_bias135": {"write": {"device_start": 1585660092.06005, "host_queued_start": 1585660159.476722, "device_queued": 1585660092.0517867, "device_end": 1585660092.0600812, "host_queued_end": 1585660159.497011}, "device": "gpu", "nd_range": {"device_start": 1585660092.0600932, "device_end": 1585660092.0623152}, "cmdq": 0, "read": {"device_start": -1, "device_end": -1}}, "FFC_sans_bias133": {"write": {"device_start": 1585660092.0740533, "host_queued_start": 1585660159.495865, "device_queued": 1585660092.0547369, "device_end": 1585660092.0740843, "host_queued_end": 1585660159.497011}, "device": "gpu", "nd_range": {"device_start": 1585660092.0740952, "device_end": 1585660092.076214}, "cmdq": 4, "read": {"device_start": 1585660092.0762184, "device_end": 1585660092.076241}}, "FFC_sans_bias132": {"write": {"device_start": -1, "host_queued_start": 1585660159.487107, "device_queued": -1, "device_end": -1, "host_queued_end": 1585660159.497011}, "device": "gpu", "nd_range": {"device_start": 1585660092.0685272, "device_end": 1585660092.0709484}, "cmdq": 0, "read": {"device_start": -1, "device_end": -1}}, "softmax68": {"write": {"device_start": -1, "host_queued_start": 1585660159.482591, "device_queued": -1, "device_end": -1, "host_queued_end": 1585660159.497011}, "device": "gpu", "nd_range": {"device_start": 1585660092.064896, "device_end": 1585660092.0674005}, "cmdq": 4, "read": {"device_start": -1, "device_end": -1}}, "softmax131": {"write": {"device_start": -1, "host_queued_start": 1585660159.484338, "device_queued": -1, "device_end": -1, "host_queued_end": 1585660159.497011}, "device": "gpu", "nd_range": {"device_start": 1585660092.0674307, "device_end": 1585660092.067792}, "cmdq": 1, "read": {"device_start": -1, "device_end": -1}}, "empty125": {"write": {"device_start": 1585660092.0488403, "host_queued_start": 1585660159.446599, "device_queued": 1585660092.0487008, "device_end": 1585660092.0488935, "host_queued_end": 1585660159.497011}, "device": "gpu", "nd_range": {"device_start": 1585660092.04897, "device_end": 1585660092.0490139}, "cmdq": 1, "read": {"device_start": -1, "device_end": -1}}, "FFC_sans_bias139": {"write": {"device_start": -1, "host_queued_start": 1585660159.482335, "device_queued": -1, "device_end": -1, "host_queued_end": 1585660159.497011}, "device": "gpu", "nd_range": {"device_start": 1585660092.0639253, "device_end": 1585660092.066319}, "cmdq": 3, "read": {"device_start": -1, "device_end": -1}}, "empty35": {"write": {"device_start": -1, "host_queued_start": 1585660159.501883, "device_queued": -1, "device_end": -1, "host_queued_end": 1585660159.545233}, "device": "cpu", "nd_range": {"device_start": 2327933.734852779, "device_end": 2327933.734864674}, "cmdq": 3, "read": {"device_start": -1, "device_end": -1}}, "softmax86": {"write": {"device_start": -1, "host_queued_start": 1585660159.48309, "device_queued": -1, "device_end": -1, "host_queued_end": 1585660159.497011}, "device": "gpu", "nd_range": {"device_start": 1585660092.0653467, "device_end": 1585660092.0674176}, "cmdq": 1, "read": {"device_start": -1, "device_end": -1}}, "FFC_sans_bias55": {"write": {"device_start": -1, "host_queued_start": 1585660159.528947, "device_queued": -1, "device_end": -1, "host_queued_end": 1585660159.545233}, "device": "cpu", "nd_range": {"device_start": 2327933.79687232, "device_end": 2327933.806325471}, "cmdq": 2, "read": {"device_start": -1, "device_end": -1}}, "FFC_sans_bias54": {"write": {"device_start": -1, "host_queued_start": 1585660159.527877, "device_queued": -1, "device_end": -1, "host_queued_end": 1585660159.545233}, "device": "cpu", "nd_range": {"device_start": 2327933.8105867743, "device_end": 2327933.8269016054}, "cmdq": 1, "read": {"device_start": -1, "device_end": -1}}, "FFC_sans_bias56": {"write": {"device_start": -1, "host_queued_start": 1585660159.526832, "device_queued": -1, "device_end": -1, "host_queued_end": 1585660159.545233}, "device": "cpu", "nd_range": {"device_start": 2327933.7838714253, "device_end": 2327933.800109183}, "cmdq": 0, "read": {"device_start": -1, "device_end": -1}}, "FFC_sans_bias51": {"write": {"device_start": -1, "host_queued_start": 1585660159.537842, "device_queued": -1, "device_end": -1, "host_queued_end": 1585660159.545233}, "device": "cpu", "nd_range": {"device_start": 2327933.8849795, "device_end": 2327933.8935911413}, "cmdq": 4, "read": {"device_start": -1, "device_end": -1}}, "FFC_sans_bias52": {"write": {"device_start": -1, "host_queued_start": 1585660159.544202, "device_queued": -1, "device_end": -1, "host_queued_end": 1585660159.545233}, "device": "cpu", "nd_range": {"device_start": 2327933.893602846, "device_end": 2327933.902647585}, "cmdq": 1, "read": {"device_start": -1, "device_end": -1}}, "FFC_sans_bias58": {"write": {"device_start": -1, "host_queued_start": 1585660159.533819, "device_queued": -1, "device_end": -1, "host_queued_end": 1585660159.545233}, "device": "cpu", "nd_range": {"device_start": 2327933.83937834, "device_end": 2327933.848774353}, "cmdq": 1, "read": {"device_start": -1, "device_end": -1}}, "FFC_sans_bias108": {"write": {"device_start": 1585660092.0547514, "host_queued_start": 1585660159.465028, "device_queued": 1585660092.0504878, "device_end": 1585660092.0547779, "host_queued_end": 1585660159.497011}, "device": "gpu", "nd_range": {"device_start": 1585660092.0547938, "device_end": 1585660092.0570102}, "cmdq": 4, "read": {"device_start": -1, "device_end": -1}}, "FFC_sans_bias109": {"write": {"device_start": 1585660092.0552602, "host_queued_start": 1585660159.466209, "device_queued": 1585660092.0506883, "device_end": 1585660092.0552928, "host_queued_end": 1585660159.497011}, "device": "gpu", "nd_range": {"device_start": 1585660092.0552967, "device_end": 1585660092.05753}, "cmdq": 0, "read": {"device_start": -1, "device_end": -1}}, "coalesced_transpose129": {"write": {"device_start": -1, "host_queued_start": 1585660159.479171, "device_queued": -1, "device_end": -1, "host_queued_end": 1585660159.497011}, "device": "gpu", "nd_range": {"device_start": 1585660092.062261, "device_end": 1585660092.0622902}, "cmdq": 3, "read": {"device_start": -1, "device_end": -1}}, "FFC_sans_bias103": {"write": {"device_start": -1, "host_queued_start": 1585660159.481072, "device_queued": -1, "device_end": -1, "host_queued_end": 1585660159.497011}, "device": "gpu", "nd_range": {"device_start": 1585660092.0624235, "device_end": 1585660092.0648832}, "cmdq": 4, "read": {"device_start": -1, "device_end": -1}}, "FFC_sans_bias100": {"write": {"device_start": 1585660092.0537655, "host_queued_start": 1585660159.462962, "device_queued": 1585660092.050361, "device_end": 1585660092.0537922, "host_queued_end": 1585660159.497011}, "device": "gpu", "nd_range": {"device_start": 1585660092.053796, "device_end": 1585660092.0560572}, "cmdq": 2, "read": {"device_start": -1, "device_end": -1}}, "FFC_sans_bias101": {"write": {"device_start": 1585660092.054291, "host_queued_start": 1585660159.463999, "device_queued": 1585660092.050377, "device_end": 1585660092.0543227, "host_queued_end": 1585660159.497011}, "device": "gpu", "nd_range": {"device_start": 1585660092.0543275, "device_end": 1585660092.0565515}, "cmdq": 3, "read": {"device_start": -1, "device_end": -1}}, "FFC_sans_bias106": {"write": {"device_start": 1585660092.0720294, "host_queued_start": 1585660159.492725, "device_queued": 1585660092.0544722, "device_end": 1585660092.0720608, "host_queued_end": 1585660159.497011}, "device": "gpu", "nd_range": {"device_start": 1585660092.07208, "device_end": 1585660092.0743048}, "cmdq": 1, "read": {"device_start": 1585660092.0743122, "device_end": 1585660092.0743356}}, "softmax122": {"write": {"device_start": -1, "host_queued_start": 1585660159.484096, "device_queued": -1, "device_end": -1, "host_queued_end": 1585660159.497011}, "device": "gpu", "nd_range": {"device_start": 1585660092.06702, "device_end": 1585660092.0672305}, "cmdq": 0, "read": {"device_start": -1, "device_end": -1}}, "FFC_sans_bias105": {"write": {"device_start": -1, "host_queued_start": 1585660159.486159, "device_queued": -1, "device_end": -1, "host_queued_end": 1585660159.497011}, "device": "gpu", "nd_range": {"device_start": 1585660092.0678422, "device_end": 1585660092.0699985}, "cmdq": 2, "read": {"device_start": -1, "device_end": -1}}, "softmax95": {"write": {"device_start": -1, "host_queued_start": 1585660159.483339, "device_queued": -1, "device_end": -1, "host_queued_end": 1585660159.497011}, "device": "gpu", "nd_range": {"device_start": 1585660092.0658476, "device_end": 1585660092.0674336}, "cmdq": 2, "read": {"device_start": -1, "device_end": -1}}, "coalesced_transpose57": {"write": {"device_start": -1, "host_queued_start": 1585660159.531288, "device_queued": -1, "device_end": -1, "host_queued_end": 1585660159.545233}, "device": "cpu", "nd_range": {"device_start": 2327933.809135041, "device_end": 2327933.809368002}, "cmdq": 4, "read": {"device_start": -1, "device_end": -1}}, "empty26": {"write": {"device_start": -1, "host_queued_start": 1585660159.500923, "device_queued": -1, "device_end": -1, "host_queued_end": 1585660159.545233}, "device": "cpu", "nd_range": {"device_start": 2327933.7348528593, "device_end": 2327933.734864624}, "cmdq": 2, "read": {"device_start": -1, "device_end": -1}}, "softmax113": {"write": {"device_start": -1, "host_queued_start": 1585660159.483832, "device_queued": -1, "device_end": -1, "host_queued_end": 1585660159.497011}, "device": "gpu", "nd_range": {"device_start": 1585660092.0674136, "device_end": 1585660092.0677593}, "cmdq": 4, "read": {"device_start": -1, "device_end": -1}}, "FFC_sans_bias11": {"write": {"device_start": -1, "host_queued_start": 1585660159.511922, "device_queued": -1, "device_end": -1, "host_queued_end": 1585660159.545233}, "device": "cpu", "nd_range": {"device_start": 2327933.750785184, "device_end": 2327933.766073186}, "cmdq": 2, "read": {"device_start": -1, "device_end": -1}}, "FFC_sans_bias42": {"write": {"device_start": -1, "host_queued_start": 1585660159.537498, "device_queued": -1, "device_end": -1, "host_queued_end": 1585660159.545233}, "device": "cpu", "nd_range": {"device_start": 2327933.858512543, "device_end": 2327933.874310303}, "cmdq": 3, "read": {"device_start": -1, "device_end": -1}}, "FFC_sans_bias43": {"write": {"device_start": -1, "host_queued_start": 1585660159.543218, "device_queued": -1, "device_end": -1, "host_queued_end": 1585660159.545233}, "device": "cpu", "nd_range": {"device_start": 2327933.9012763454, "device_end": 2327933.9162207562}, "cmdq": 0, "read": {"device_start": -1, "device_end": -1}}, "FFC_sans_bias40": {"write": {"device_start": -1, "host_queued_start": 1585660159.533132, "device_queued": -1, "device_end": -1, "host_queued_end": 1585660159.545233}, "device": "cpu", "nd_range": {"device_start": 2327933.809486586, "device_end": 2327933.8198397714}, "cmdq": 4, "read": {"device_start": -1, "device_end": -1}}, "FFC_sans_bias46": {"write": {"device_start": -1, "host_queued_start": 1585660159.524582, "device_queued": -1, "device_end": -1, "host_queued_end": 1585660159.545233}, "device": "cpu", "nd_range": {"device_start": 2327933.8352870443, "device_end": 2327933.841455617}, "cmdq": 3, "read": {"device_start": -1, "device_end": -1}}, "FFC_sans_bias47": {"write": {"device_start": -1, "host_queued_start": 1585660159.525738, "device_queued": -1, "device_end": -1, "host_queued_end": 1585660159.545233}, "device": "cpu", "nd_range": {"device_start": 2327933.78106816, "device_end": 2327933.796271757}, "cmdq": 4, "read": {"device_start": -1, "device_end": -1}}, "FFC_sans_bias45": {"write": {"device_start": -1, "host_queued_start": 1585660159.523378, "device_queued": -1, "device_end": -1, "host_queued_end": 1585660159.545233}, "device": "cpu", "nd_range": {"device_start": 2327933.7815935593, "device_end": 2327933.7967525343}, "cmdq": 2, "read": {"device_start": -1, "device_end": -1}}, "FFC_sans_bias49": {"write": {"device_start": -1, "host_queued_start": 1585660159.533476, "device_queued": -1, "device_end": -1, "host_queued_end": 1585660159.545233}, "device": "cpu", "nd_range": {"device_start": 2327933.856735976, "device_end": 2327933.87130771}, "cmdq": 0, "read": {"device_start": -1, "device_end": -1}}, "softmax77": {"write": {"device_start": -1, "host_queued_start": 1585660159.482843, "device_queued": -1, "device_end": -1, "host_queued_end": 1585660159.497011}, "device": "gpu", "nd_range": {"device_start": 1585660092.0667875, "device_end": 1585660092.0670075}, "cmdq": 0, "read": {"device_start": -1, "device_end": -1}}, "empty134": {"write": {"device_start": 1585660092.0489304, "host_queued_start": 1585660159.447432, "device_queued": 1585660092.0487242, "device_end": 1585660092.0490172, "host_queued_end": 1585660159.497011}, "device": "gpu", "nd_range": {"device_start": 1585660092.0490246, "device_end": 1585660092.0490313}, "cmdq": 2, "read": {"device_start": -1, "device_end": -1}}, "coalesced_transpose138": {"write": {"device_start": -1, "host_queued_start": 1585660159.479474, "device_queued": -1, "device_end": -1, "host_queued_end": 1585660159.497011}, "device": "gpu", "nd_range": {"device_start": 1585660092.0622792, "device_end": 1585660092.0622947}, "cmdq": 4, "read": {"device_start": -1, "device_end": -1}}, "FFC_sans_bias119": {"write": {"device_start": 1585660092.057119, "host_queued_start": 1585660159.470417, "device_queued": 1585660092.0509784, "device_end": 1585660092.0571568, "host_queued_end": 1585660159.497011}, "device": "gpu", "nd_range": {"device_start": 1585660092.0571725, "device_end": 1585660092.0594652}, "cmdq": 4, "read": {"device_start": -1, "device_end": -1}}, "FFC_sans_bias118": {"write": {"device_start": 1585660092.0566747, "host_queued_start": 1585660159.469354, "device_queued": 1585660092.0509608, "device_end": 1585660092.0567005, "host_queued_end": 1585660159.497011}, "device": "gpu", "nd_range": {"device_start": 1585660092.0567174, "device_end": 1585660092.058957}, "cmdq": 3, "read": {"device_start": -1, "device_end": -1}}, "empty143": {"write": {"device_start": 1585660092.0490339, "host_queued_start": 1585660159.44825, "device_queued": 1585660092.0489068, "device_end": 1585660092.0491068, "host_queued_end": 1585660159.497011}, "device": "gpu", "nd_range": {"device_start": 1585660092.0491116, "device_end": 1585660092.049116}, "cmdq": 3, "read": {"device_start": -1, "device_end": -1}}, "FFC_sans_bias115": {"write": {"device_start": 1585660092.0726626, "host_queued_start": 1585660159.493767, "device_queued": 1585660092.0546875, "device_end": 1585660092.0726995, "host_queued_end": 1585660159.497011}, "device": "gpu", "nd_range": {"device_start": 1585660092.0727198, "device_end": 1585660092.0748076}, "cmdq": 2, "read": {"device_start": 1585660092.074813, "device_end": 1585660092.07484}}, "FFC_sans_bias114": {"write": {"device_start": -1, "host_queued_start": 1585660159.486476, "device_queued": -1, "device_end": -1, "host_queued_end": 1585660159.497011}, "device": "gpu", "nd_range": {"device_start": 1585660092.068078, "device_end": 1585660092.0704565}, "cmdq": 3, "read": {"device_start": -1, "device_end": -1}}, "FFC_sans_bias117": {"write": {"device_start": 1585660092.0561664, "host_queued_start": 1585660159.46828, "device_queued": 1585660092.0509303, "device_end": 1585660092.0561936, "host_queued_end": 1585660159.497011}, "device": "gpu", "nd_range": {"device_start": 1585660092.0562043, "device_end": 1585660092.0585096}, "cmdq": 2, "read": {"device_start": -1, "device_end": -1}}, "softmax5": {"write": {"device_start": -1, "host_queued_start": 1585660159.534101, "device_queued": -1, "device_end": -1, "host_queued_end": 1585660159.545233}, "device": "cpu", "nd_range": {"device_start": 2327933.857918497, "device_end": 2327933.858126068}, "cmdq": 2, "read": {"device_start": -1, "device_end": -1}}, "FFC_sans_bias110": {"write": {"device_start": 1585660092.0556953, "host_queued_start": 1585660159.467254, "device_queued": 1585660092.0507333, "device_end": 1585660092.0557272, "host_queued_end": 1585660159.497011}, "device": "gpu", "nd_range": {"device_start": 1585660092.0557432, "device_end": 1585660092.057994}, "cmdq": 1, "read": {"device_start": -1, "device_end": -1}}, "FFC_sans_bias112": {"write": {"device_start": -1, "host_queued_start": 1585660159.481384, "device_queued": -1, "device_end": -1, "host_queued_end": 1585660159.497011}, "device": "gpu", "nd_range": {"device_start": 1585660092.064355, "device_end": 1585660092.0667741}, "cmdq": 0, "read": {"device_start": -1, "device_end": -1}}, "empty53": {"write": {"device_start": -1, "host_queued_start": 1585660159.503887, "device_queued": -1, "device_end": -1, "host_queued_end": 1585660159.545233}, "device": "cpu", "nd_range": {"device_start": 2327933.734896353, "device_end": 2327933.734897215}, "cmdq": 0, "read": {"device_start": -1, "device_end": -1}}, "coalesced_transpose48": {"write": {"device_start": -1, "host_queued_start": 1585660159.530963, "device_queued": -1, "device_end": -1, "host_queued_end": 1585660159.545233}, "device": "cpu", "nd_range": {"device_start": 2327933.841928869, "device_end": 2327933.8421608293}, "cmdq": 3, "read": {"device_start": -1, "device_end": -1}}}