{"FFC_sans_bias4": {"write": {"device_start": -1, "host_queued_start": 1585660039.657481, "device_queued": -1, "device_end": -1, "host_queued_end": 1585660039.659577}, "device": "cpu", "nd_range": {"device_start": 2327813.862907643, "device_end": 2327813.868474422}, "cmdq": 2, "read": {"device_start": -1, "device_end": -1}}, "FFC_sans_bias7": {"write": {"device_start": -1, "host_queued_start": 1585660039.659526, "device_queued": -1, "device_end": -1, "host_queued_end": 1585660039.659577}, "device": "cpu", "nd_range": {"device_start": 2327813.8728352953, "device_end": 2327813.877654443}, "cmdq": 2, "read": {"device_start": -1, "device_end": -1}}, "FFC_sans_bias6": {"write": {"device_start": -1, "host_queued_start": 1585660039.65834, "device_queued": -1, "device_end": -1, "host_queued_end": 1585660039.659577}, "device": "cpu", "nd_range": {"device_start": 2327813.868618213, "device_end": 2327813.872815805}, "cmdq": 1, "read": {"device_start": -1, "device_end": -1}}, "FFC_sans_bias1": {"write": {"device_start": -1, "host_queued_start": 1585660039.655403, "device_queued": -1, "device_end": -1, "host_queued_end": 1585660039.659577}, "device": "cpu", "nd_range": {"device_start": 2327813.8491549613, "device_end": 2327813.857127725}, "cmdq": 2, "read": {"device_start": -1, "device_end": -1}}, "FFC_sans_bias0": {"write": {"device_start": -1, "host_queued_start": 1585660039.653992, "device_queued": -1, "device_end": -1, "host_queued_end": 1585660039.659577}, "device": "cpu", "nd_range": {"device_start": 2327813.849148551, "device_end": 2327813.862577152}, "cmdq": 1, "read": {"device_start": -1, "device_end": -1}}, "FFC_sans_bias2": {"write": {"device_start": -1, "host_queued_start": 1585660039.656703, "device_queued": -1, "device_end": -1, "host_queued_end": 1585660039.659577}, "device": "cpu", "nd_range": {"device_start": 2327813.8491568873, "device_end": 2327813.8614931563}, "cmdq": 0, "read": {"device_start": -1, "device_end": -1}}, "coalesced_transpose120": {"write": {"device_start": -1, "host_queued_start": 1585660039.620592, "device_queued": -1, "device_end": -1, "host_queued_end": 1585660039.65061}, "device": "gpu", "nd_range": {"device_start": 1585659972.23113, "device_end": 1585659972.23118}, "cmdq": 2, "read": {"device_start": -1, "device_end": -1}}, "FFC_sans_bias9": {"write": {"device_start": 1585659972.2066393, "host_queued_start": 1585660039.570161, "device_queued": 1585659972.20639, "device_end": 1585659972.2066643, "host_queued_end": 1585660039.65061}, "device": "gpu", "nd_range": {"device_start": 1585659972.2066736, "device_end": 1585659972.207281}, "cmdq": 0, "read": {"device_start": -1, "device_end": -1}}, "empty71": {"write": {"device_start": 1585659972.2057538, "host_queued_start": 1585660039.562612, "device_queued": 1585659972.2055829, "device_end": 1585659972.2058074, "host_queued_end": 1585660039.65061}, "device": "gpu", "nd_range": {"device_start": 1585659972.2058997, "device_end": 1585659972.205904}, "cmdq": 1, "read": {"device_start": -1, "device_end": -1}}, "softmax41": {"write": {"device_start": -1, "host_queued_start": 1585660039.627066, "device_queued": -1, "device_end": -1, "host_queued_end": 1585660039.65061}, "device": "gpu", "nd_range": {"device_start": 1585659972.237554, "device_end": 1585659972.2384293}, "cmdq": 3, "read": {"device_start": -1, "device_end": -1}}, "FFC_sans_bias37": {"write": {"device_start": 1585659972.2098057, "host_queued_start": 1585660039.580869, "device_queued": 1585659972.2075672, "device_end": 1585659972.2098317, "host_queued_end": 1585660039.65061}, "device": "gpu", "nd_range": {"device_start": 1585659972.2098372, "device_end": 1585659972.2120912}, "cmdq": 0, "read": {"device_start": -1, "device_end": -1}}, "FFC_sans_bias36": {"write": {"device_start": 1585659972.2093637, "host_queued_start": 1585660039.579682, "device_queued": 1585659972.2073152, "device_end": 1585659972.209389, "host_queued_end": 1585660039.65061}, "device": "gpu", "nd_range": {"device_start": 1585659972.2093928, "device_end": 1585659972.2116234}, "cmdq": 4, "read": {"device_start": -1, "device_end": -1}}, "FFC_sans_bias34": {"write": {"device_start": 1585659972.2468193, "host_queued_start": 1585660039.637877, "device_queued": 1585659972.2227232, "device_end": 1585659972.2468505, "host_queued_end": 1585660039.65061}, "device": "gpu", "nd_range": {"device_start": 1585659972.2468557, "device_end": 1585659972.2481747}, "cmdq": 2, "read": {"device_start": 1585659972.2481785, "device_end": 1585659972.2482033}}, "FFC_sans_bias33": {"write": {"device_start": -1, "host_queued_start": 1585660039.630833, "device_queued": -1, "device_end": -1, "host_queued_end": 1585660039.65061}, "device": "gpu", "nd_range": {"device_start": 1585659972.240378, "device_end": 1585659972.2418566}, "cmdq": 2, "read": {"device_start": -1, "device_end": -1}}, "FFC_sans_bias31": {"write": {"device_start": -1, "host_queued_start": 1585660039.62219, "device_queued": -1, "device_end": -1, "host_queued_end": 1585660039.65061}, "device": "gpu", "nd_range": {"device_start": 1585659972.2311819, "device_end": 1585659972.2327528}, "cmdq": 2, "read": {"device_start": -1, "device_end": -1}}, "FFC_sans_bias38": {"write": {"device_start": 1585659972.2102985, "host_queued_start": 1585660039.581966, "device_queued": 1585659972.2077534, "device_end": 1585659972.210324, "host_queued_end": 1585660039.65061}, "device": "gpu", "nd_range": {"device_start": 1585659972.2103307, "device_end": 1585659972.212591}, "cmdq": 1, "read": {"device_start": -1, "device_end": -1}}, "coalesced_transpose75": {"write": {"device_start": -1, "host_queued_start": 1585660039.618946, "device_queued": -1, "device_end": -1, "host_queued_end": 1585660039.65061}, "device": "gpu", "nd_range": {"device_start": 1585659972.2310534, "device_end": 1585659972.231129}, "cmdq": 2, "read": {"device_start": -1, "device_end": -1}}, "softmax140": {"write": {"device_start": -1, "host_queued_start": 1585660039.629849, "device_queued": -1, "device_end": -1, "host_queued_end": 1585660039.65061}, "device": "gpu", "nd_range": {"device_start": 1585659972.2392552, "device_end": 1585659972.240383}, "cmdq": 4, "read": {"device_start": -1, "device_end": -1}}, "empty44": {"write": {"device_start": 1585659972.2054124, "host_queued_start": 1585660039.560057, "device_queued": 1585659972.2051528, "device_end": 1585659972.2054873, "host_queued_end": 1585660039.65061}, "device": "gpu", "nd_range": {"device_start": 1585659972.2055087, "device_end": 1585659972.20552}, "cmdq": 3, "read": {"device_start": -1, "device_end": -1}}, "FFC_sans_bias137": {"write": {"device_start": 1585659972.2283516, "host_queued_start": 1585660039.615418, "device_queued": 1585659972.2112424, "device_end": 1585659972.2283773, "host_queued_end": 1585660039.65061}, "device": "gpu", "nd_range": {"device_start": 1585659972.228385, "device_end": 1585659972.2306883}, "cmdq": 3, "read": {"device_start": -1, "device_end": -1}}, "empty8": {"write": {"device_start": -1, "host_queued_start": 1585660039.652549, "device_queued": -1, "device_end": -1, "host_queued_end": 1585660039.659577}, "device": "cpu", "nd_range": {"device_start": 2327813.8491233983, "device_end": 2327813.849136706}, "cmdq": 0, "read": {"device_start": -1, "device_end": -1}}, "softmax50": {"write": {"device_start": -1, "host_queued_start": 1585660039.627312, "device_queued": -1, "device_end": -1, "host_queued_end": 1585660039.65061}, "device": "gpu", "nd_range": {"device_start": 1585659972.2386494, "device_end": 1585659972.238861}, "cmdq": 4, "read": {"device_start": -1, "device_end": -1}}, "softmax59": {"write": {"device_start": -1, "host_queued_start": 1585660039.627563, "device_queued": -1, "device_end": -1, "host_queued_end": 1585660039.65061}, "device": "gpu", "nd_range": {"device_start": 1585659972.2379463, "device_end": 1585659972.2382562}, "cmdq": 0, "read": {"device_start": -1, "device_end": -1}}, "FFC_sans_bias142": {"write": {"device_start": 1585659972.25171, "host_queued_start": 1585660039.650487, "device_queued": 1585659972.2254813, "device_end": 1585659972.2517402, "host_queued_end": 1585660039.65061}, "device": "gpu", "nd_range": {"device_start": 1585659972.251746, "device_end": 1585659972.253437}, "cmdq": 4, "read": {"device_start": 1585659972.2534432, "device_end": 1585659972.2534654}}, "FFC_sans_bias141": {"write": {"device_start": -1, "host_queued_start": 1585660039.634774, "device_queued": -1, "device_end": -1, "host_queued_end": 1585660039.65061}, "device": "gpu", "nd_range": {"device_start": 1585659972.2448168, "device_end": 1585659972.2471855}, "cmdq": 4, "read": {"device_start": -1, "device_end": -1}}, "FFC_sans_bias24": {"write": {"device_start": -1, "host_queued_start": 1585660039.630505, "device_queued": -1, "device_end": -1, "host_queued_end": 1585660039.65061}, "device": "gpu", "nd_range": {"device_start": 1585659972.23887, "device_end": 1585659972.2398732}, "cmdq": 1, "read": {"device_start": -1, "device_end": -1}}, "FFC_sans_bias25": {"write": {"device_start": 1585659972.243428, "host_queued_start": 1585660039.63684, "device_queued": 1585659972.2226014, "device_end": 1585659972.2434587, "host_queued_end": 1585660039.65061}, "device": "gpu", "nd_range": {"device_start": 1585659972.2434654, "device_end": 1585659972.2457728}, "cmdq": 1, "read": {"device_start": 1585659972.2457774, "device_end": 1585659972.2458026}}, "FFC_sans_bias27": {"write": {"device_start": 1585659972.2077954, "host_queued_start": 1585660039.57651, "device_queued": 1585659972.2071362, "device_end": 1585659972.2078204, "host_queued_end": 1585660039.65061}, "device": "gpu", "nd_range": {"device_start": 1585659972.2078235, "device_end": 1585659972.210193}, "cmdq": 1, "read": {"device_start": -1, "device_end": -1}}, "FFC_sans_bias20": {"write": {"device_start": 1585659972.2073913, "host_queued_start": 1585660039.575471, "device_queued": 1585659972.207093, "device_end": 1585659972.207422, "host_queued_end": 1585660039.65061}, "device": "gpu", "nd_range": {"device_start": 1585659972.207426, "device_end": 1585659972.20967}, "cmdq": 0, "read": {"device_start": -1, "device_end": -1}}, "FFC_sans_bias22": {"write": {"device_start": -1, "host_queued_start": 1585660039.621863, "device_queued": -1, "device_end": -1, "host_queued_end": 1585660039.65061}, "device": "gpu", "nd_range": {"device_start": 1585659972.2311764, "device_end": 1585659972.2321823}, "cmdq": 1, "read": {"device_start": -1, "device_end": -1}}, "FFC_sans_bias130": {"write": {"device_start": -1, "host_queued_start": 1585660039.625739, "device_queued": -1, "device_end": -1, "host_queued_end": 1585660039.65061}, "device": "gpu", "nd_range": {"device_start": 1585659972.2351563, "device_end": 1585659972.2375524}, "cmdq": 3, "read": {"device_start": -1, "device_end": -1}}, "FFC_sans_bias28": {"write": {"device_start": 1585659972.208403, "host_queued_start": 1585660039.577561, "device_queued": 1585659972.2072704, "device_end": 1585659972.2084281, "host_queued_end": 1585660039.65061}, "device": "gpu", "nd_range": {"device_start": 1585659972.208434, "device_end": 1585659972.2106512}, "cmdq": 2, "read": {"device_start": -1, "device_end": -1}}, "FFC_sans_bias29": {"write": {"device_start": 1585659972.2088013, "host_queued_start": 1585660039.578635, "device_queued": 1585659972.2073007, "device_end": 1585659972.2088268, "host_queued_end": 1585660039.65061}, "device": "gpu", "nd_range": {"device_start": 1585659972.2088351, "device_end": 1585659972.2111363}, "cmdq": 3, "read": {"device_start": -1, "device_end": -1}}, "coalesced_transpose66": {"write": {"device_start": -1, "host_queued_start": 1585660039.61863, "device_queued": -1, "device_end": -1, "host_queued_end": 1585660039.65061}, "device": "gpu", "nd_range": {"device_start": 1585659972.2310386, "device_end": 1585659972.2311075}, "cmdq": 1, "read": {"device_start": -1, "device_end": -1}}, "coalesced_transpose93": {"write": {"device_start": -1, "host_queued_start": 1585660039.61958, "device_queued": -1, "device_end": -1, "host_queued_end": 1585660039.65061}, "device": "gpu", "nd_range": {"device_start": 1585659972.2312021, "device_end": 1585659972.2330458}, "cmdq": 4, "read": {"device_start": -1, "device_end": -1}}, "softmax23": {"write": {"device_start": -1, "host_queued_start": 1585660039.626556, "device_queued": -1, "device_end": -1, "host_queued_end": 1585660039.65061}, "device": "gpu", "nd_range": {"device_start": 1585659972.2361352, "device_end": 1585659972.2379215}, "cmdq": 1, "read": {"device_start": -1, "device_end": -1}}, "empty62": {"write": {"device_start": 1585659972.2056446, "host_queued_start": 1585660039.561754, "device_queued": 1585659972.2055376, "device_end": 1585659972.2057023, "host_queued_end": 1585660039.65061}, "device": "gpu", "nd_range": {"device_start": 1585659972.2057068, "device_end": 1585659972.2057106}, "cmdq": 0, "read": {"device_start": -1, "device_end": -1}}, "FFC_sans_bias10": {"write": {"device_start": 1585659972.2067418, "host_queued_start": 1585660039.571234, "device_queued": 1585659972.2066634, "device_end": 1585659972.2068017, "host_queued_end": 1585660039.65061}, "device": "gpu", "nd_range": {"device_start": 1585659972.2068934, "device_end": 1585659972.2076874}, "cmdq": 1, "read": {"device_start": -1, "device_end": -1}}, "FFC_sans_bias13": {"write": {"device_start": -1, "host_queued_start": 1585660039.621532, "device_queued": -1, "device_end": -1, "host_queued_end": 1585660039.65061}, "device": "gpu", "nd_range": {"device_start": 1585659972.2311711, "device_end": 1585659972.231782}, "cmdq": 0, "read": {"device_start": -1, "device_end": -1}}, "FFC_sans_bias15": {"write": {"device_start": -1, "host_queued_start": 1585660039.630184, "device_queued": -1, "device_end": -1, "host_queued_end": 1585660039.65061}, "device": "gpu", "nd_range": {"device_start": 1585659972.2388663, "device_end": 1585659972.2394738}, "cmdq": 0, "read": {"device_start": -1, "device_end": -1}}, "FFC_sans_bias16": {"write": {"device_start": 1585659972.242948, "host_queued_start": 1585660039.63579, "device_queued": 1585659972.2225118, "device_end": 1585659972.2429793, "host_queued_end": 1585660039.65061}, "device": "gpu", "nd_range": {"device_start": 1585659972.2429872, "device_end": 1585659972.2452464}, "cmdq": 0, "read": {"device_start": 1585659972.245251, "device_end": 1585659972.2452755}}, "FFC_sans_bias19": {"write": {"device_start": 1585659972.2069862, "host_queued_start": 1585660039.574375, "device_queued": 1585659972.206854, "device_end": 1585659972.2070098, "host_queued_end": 1585660039.65061}, "device": "gpu", "nd_range": {"device_start": 1585659972.2070827, "device_end": 1585659972.2092497}, "cmdq": 4, "read": {"device_start": -1, "device_end": -1}}, "FFC_sans_bias18": {"write": {"device_start": 1585659972.2069008, "host_queued_start": 1585660039.573339, "device_queued": 1585659972.2066953, "device_end": 1585659972.2069526, "host_queued_end": 1585660039.65061}, "device": "gpu", "nd_range": {"device_start": 1585659972.2069612, "device_end": 1585659972.2086756}, "cmdq": 3, "read": {"device_start": -1, "device_end": -1}}, "FFC_sans_bias99": {"write": {"device_start": 1585659972.2221022, "host_queued_start": 1585660039.60186, "device_queued": 1585659972.209941, "device_end": 1585659972.2221267, "host_queued_end": 1585660039.65061}, "device": "gpu", "nd_range": {"device_start": 1585659972.222134, "device_end": 1585659972.2244146}, "cmdq": 0, "read": {"device_start": -1, "device_end": -1}}, "FFC_sans_bias91": {"write": {"device_start": 1585659972.2211335, "host_queued_start": 1585660039.599735, "device_queued": 1585659972.2096043, "device_end": 1585659972.2211583, "host_queued_end": 1585660039.65061}, "device": "gpu", "nd_range": {"device_start": 1585659972.2211664, "device_end": 1585659972.2234282}, "cmdq": 3, "read": {"device_start": -1, "device_end": -1}}, "FFC_sans_bias90": {"write": {"device_start": 1585659972.220685, "host_queued_start": 1585660039.598688, "device_queued": 1585659972.209574, "device_end": 1585659972.2207098, "host_queued_end": 1585660039.65061}, "device": "gpu", "nd_range": {"device_start": 1585659972.2207165, "device_end": 1585659972.222986}, "cmdq": 2, "read": {"device_start": -1, "device_end": -1}}, "coalesced_transpose12": {"write": {"device_start": -1, "host_queued_start": 1585660039.61677, "device_queued": -1, "device_end": -1, "host_queued_end": 1585660039.65061}, "device": "gpu", "nd_range": {"device_start": 1585659972.229227, "device_end": 1585659972.231013}, "cmdq": 0, "read": {"device_start": -1, "device_end": -1}}, "FFC_sans_bias94": {"write": {"device_start": -1, "host_queued_start": 1585660039.624436, "device_queued": -1, "device_end": -1, "host_queued_end": 1585660039.65061}, "device": "gpu", "nd_range": {"device_start": 1585659972.2365928, "device_end": 1585659972.238038}, "cmdq": 4, "read": {"device_start": -1, "device_end": -1}}, "FFC_sans_bias97": {"write": {"device_start": 1585659972.2493005, "host_queued_start": 1585660039.645223, "device_queued": 1585659972.2244427, "device_end": 1585659972.2493327, "host_queued_end": 1585660039.65061}, "device": "gpu", "nd_range": {"device_start": 1585659972.2493353, "device_end": 1585659972.251542}, "cmdq": 4, "read": {"device_start": 1585659972.2515466, "device_end": 1585659972.2515697}}, "FFC_sans_bias96": {"write": {"device_start": -1, "host_queued_start": 1585660039.633104, "device_queued": -1, "device_end": -1, "host_queued_end": 1585660039.65061}, "device": "gpu", "nd_range": {"device_start": 1585659972.2423768, "device_end": 1585659972.2448158}, "cmdq": 4, "read": {"device_start": -1, "device_end": -1}}, "FFC_sans_bias124": {"write": {"device_start": 1585659972.2507296, "host_queued_start": 1585660039.64839, "device_queued": 1585659972.2254236, "device_end": 1585659972.2507608, "host_queued_end": 1585660039.65061}, "device": "gpu", "nd_range": {"device_start": 1585659972.2507665, "device_end": 1585659972.2529638}, "cmdq": 2, "read": {"device_start": 1585659972.252968, "device_end": 1585659972.2529905}}, "FFC_sans_bias126": {"write": {"device_start": 1585659972.2269135, "host_queued_start": 1585660039.612296, "device_queued": 1585659972.21103, "device_end": 1585659972.2269626, "host_queued_end": 1585660039.65061}, "device": "gpu", "nd_range": {"device_start": 1585659972.226974, "device_end": 1585659972.2292254}, "cmdq": 0, "read": {"device_start": -1, "device_end": -1}}, "softmax32": {"write": {"device_start": -1, "host_queued_start": 1585660039.626809, "device_queued": -1, "device_end": -1, "host_queued_end": 1585660039.65061}, "device": "gpu", "nd_range": {"device_start": 1585659972.2370944, "device_end": 1585659972.2384255}, "cmdq": 2, "read": {"device_start": -1, "device_end": -1}}, "coalesced_transpose84": {"write": {"device_start": -1, "host_queued_start": 1585660039.619256, "device_queued": -1, "device_end": -1, "host_queued_end": 1585660039.65061}, "device": "gpu", "nd_range": {"device_start": 1585659972.2310774, "device_end": 1585659972.2311344}, "cmdq": 3, "read": {"device_start": -1, "device_end": -1}}, "FFC_sans_bias121": {"write": {"device_start": -1, "host_queued_start": 1585660039.625412, "device_queued": -1, "device_end": -1, "host_queued_end": 1585660039.65061}, "device": "gpu", "nd_range": {"device_start": 1585659972.2346652, "device_end": 1585659972.237093}, "cmdq": 2, "read": {"device_start": -1, "device_end": -1}}, "empty98": {"write": {"device_start": 1585659972.2060604, "host_queued_start": 1585660039.565056, "device_queued": 1585659972.2058434, "device_end": 1585659972.2061265, "host_queued_end": 1585660039.65061}, "device": "gpu", "nd_range": {"device_start": 1585659972.2061312, "device_end": 1585659972.206135}, "cmdq": 4, "read": {"device_start": -1, "device_end": -1}}, "empty107": {"write": {"device_start": 1585659972.2061553, "host_queued_start": 1585660039.565874, "device_queued": 1585659972.2059467, "device_end": 1585659972.206223, "host_queued_end": 1585660039.65061}, "device": "gpu", "nd_range": {"device_start": 1585659972.2062263, "device_end": 1585659972.2062316}, "cmdq": 0, "read": {"device_start": -1, "device_end": -1}}, "empty17": {"write": {"device_start": 1585659972.2050064, "host_queued_start": 1585660039.557171, "device_queued": 1585659972.204881, "device_end": 1585659972.2050347, "host_queued_end": 1585660039.65061}, "device": "gpu", "nd_range": {"device_start": 1585659972.205074, "device_end": 1585659972.2050858}, "cmdq": 0, "read": {"device_start": -1, "device_end": -1}}, "FFC_sans_bias87": {"write": {"device_start": -1, "host_queued_start": 1585660039.63278, "device_queued": -1, "device_end": -1, "host_queued_end": 1585660039.65061}, "device": "gpu", "nd_range": {"device_start": 1585659972.2414258, "device_end": 1585659972.24383}, "cmdq": 3, "read": {"device_start": -1, "device_end": -1}}, "FFC_sans_bias85": {"write": {"device_start": -1, "host_queued_start": 1585660039.624119, "device_queued": -1, "device_end": -1, "host_queued_end": 1585660039.65061}, "device": "gpu", "nd_range": {"device_start": 1585659972.2331781, "device_end": 1585659972.2351546}, "cmdq": 3, "read": {"device_start": -1, "device_end": -1}}, "FFC_sans_bias82": {"write": {"device_start": 1585659972.2205229, "host_queued_start": 1585660039.596581, "device_queued": 1585659972.2093182, "device_end": 1585659972.2205892, "host_queued_end": 1585660039.65061}, "device": "gpu", "nd_range": {"device_start": 1585659972.220603, "device_end": 1585659972.222012}, "cmdq": 0, "read": {"device_start": -1, "device_end": -1}}, "FFC_sans_bias83": {"write": {"device_start": 1585659972.2206025, "host_queued_start": 1585660039.597635, "device_queued": 1585659972.209379, "device_end": 1585659972.22066, "host_queued_end": 1585660039.65061}, "device": "gpu", "nd_range": {"device_start": 1585659972.2206683, "device_end": 1585659972.2224512}, "cmdq": 1, "read": {"device_start": -1, "device_end": -1}}, "FFC_sans_bias81": {"write": {"device_start": 1585659972.220444, "host_queued_start": 1585660039.595534, "device_queued": 1585659972.2090957, "device_end": 1585659972.2205138, "host_queued_end": 1585660039.65061}, "device": "gpu", "nd_range": {"device_start": 1585659972.2205222, "device_end": 1585659972.2214618}, "cmdq": 4, "read": {"device_start": -1, "device_end": -1}}, "FFC_sans_bias88": {"write": {"device_start": 1585659972.2478251, "host_queued_start": 1585660039.644175, "device_queued": 1585659972.224025, "device_end": 1585659972.2478569, "host_queued_end": 1585660039.65061}, "device": "gpu", "nd_range": {"device_start": 1585659972.2478654, "device_end": 1585659972.2500973}, "cmdq": 3, "read": {"device_start": 1585659972.250107, "device_end": 1585659972.2501311}}, "coalesced_transpose30": {"write": {"device_start": -1, "host_queued_start": 1585660039.617383, "device_queued": -1, "device_end": -1, "host_queued_end": 1585660039.65061}, "device": "gpu", "nd_range": {"device_start": 1585659972.2301936, "device_end": 1585659972.2310524}, "cmdq": 2, "read": {"device_start": -1, "device_end": -1}}, "FFC_sans_bias128": {"write": {"device_start": 1585659972.2264137, "host_queued_start": 1585660039.61127, "device_queued": 1585659972.210796, "device_end": 1585659972.2264402, "host_queued_end": 1585660039.65061}, "device": "gpu", "nd_range": {"device_start": 1585659972.2264445, "device_end": 1585659972.228776}, "cmdq": 4, "read": {"device_start": -1, "device_end": -1}}, "coalesced_transpose39": {"write": {"device_start": -1, "host_queued_start": 1585660039.61769, "device_queued": -1, "device_end": -1, "host_queued_end": 1585660039.65061}, "device": "gpu", "nd_range": {"device_start": 1585659972.2306902, "device_end": 1585659972.2310672}, "cmdq": 3, "read": {"device_start": -1, "device_end": -1}}, "FFC_sans_bias79": {"write": {"device_start": 1585659972.248376, "host_queued_start": 1585660039.643133, "device_queued": 1585659972.2240026, "device_end": 1585659972.2484066, "host_queued_end": 1585660039.65061}, "device": "gpu", "nd_range": {"device_start": 1585659972.2484095, "device_end": 1585659972.2505596}, "cmdq": 2, "read": {"device_start": 1585659972.2505631, "device_end": 1585659972.250587}}, "FFC_sans_bias78": {"write": {"device_start": -1, "host_queued_start": 1585660039.632453, "device_queued": -1, "device_end": -1, "host_queued_end": 1585660039.65061}, "device": "gpu", "nd_range": {"device_start": 1585659972.2418575, "device_end": 1585659972.2442932}, "cmdq": 2, "read": {"device_start": -1, "device_end": -1}}, "FFC_sans_bias73": {"write": {"device_start": 1585659972.2167006, "host_queued_start": 1585660039.593433, "device_queued": 1585659972.208965, "device_end": 1585659972.216726, "host_queued_end": 1585660039.65061}, "device": "gpu", "nd_range": {"device_start": 1585659972.2167332, "device_end": 1585659972.218941}, "cmdq": 2, "read": {"device_start": -1, "device_end": -1}}, "FFC_sans_bias72": {"write": {"device_start": 1585659972.2166185, "host_queued_start": 1585660039.592404, "device_queued": 1585659972.2089453, "device_end": 1585659972.2166703, "host_queued_end": 1585660039.65061}, "device": "gpu", "nd_range": {"device_start": 1585659972.2166831, "device_end": 1585659972.218467}, "cmdq": 1, "read": {"device_start": -1, "device_end": -1}}, "FFC_sans_bias70": {"write": {"device_start": 1585659972.2468526, "host_queued_start": 1585660039.642074, "device_queued": 1585659972.2239752, "device_end": 1585659972.2468839, "host_queued_end": 1585660039.65061}, "device": "gpu", "nd_range": {"device_start": 1585659972.2468905, "device_end": 1585659972.2486174}, "cmdq": 1, "read": {"device_start": 1585659972.248627, "device_end": 1585659972.248651}}, "FFC_sans_bias76": {"write": {"device_start": -1, "host_queued_start": 1585660039.623802, "device_queued": -1, "device_end": -1, "host_queued_end": 1585660039.65061}, "device": "gpu", "nd_range": {"device_start": 1585659972.232754, "device_end": 1585659972.234664}, "cmdq": 2, "read": {"device_start": -1, "device_end": -1}}, "FFC_sans_bias74": {"write": {"device_start": 1585659972.2203562, "host_queued_start": 1585660039.594484, "device_queued": 1585659972.2089813, "device_end": 1585659972.2204192, "host_queued_end": 1585660039.65061}, "device": "gpu", "nd_range": {"device_start": 1585659972.220442, "device_end": 1585659972.22105}, "cmdq": 3, "read": {"device_start": -1, "device_end": -1}}, "coalesced_transpose102": {"write": {"device_start": -1, "host_queued_start": 1585660039.619973, "device_queued": -1, "device_end": -1, "host_queued_end": 1585660039.65061}, "device": "gpu", "nd_range": {"device_start": 1585659972.2311027, "device_end": 1585659972.23117}, "cmdq": 0, "read": {"device_start": -1, "device_end": -1}}, "coalesced_transpose3": {"write": {"device_start": -1, "host_queued_start": 1585660039.657104, "device_queued": -1, "device_end": -1, "host_queued_end": 1585660039.659577}, "device": "cpu", "nd_range": {"device_start": 2327813.8626327473, "device_end": 2327813.862754546}, "cmdq": 1, "read": {"device_start": -1, "device_end": -1}}, "FFC_sans_bias127": {"write": {"device_start": 1585659972.2273734, "host_queued_start": 1585660039.613329, "device_queued": 1585659972.2111833, "device_end": 1585659972.2273993, "host_queued_end": 1585660039.65061}, "device": "gpu", "nd_range": {"device_start": 1585659972.2274103, "device_end": 1585659972.2297318}, "cmdq": 1, "read": {"device_start": -1, "device_end": -1}}, "empty89": {"write": {"device_start": 1585659972.2059476, "host_queued_start": 1585660039.564241, "device_queued": 1585659972.2058222, "device_end": 1585659972.20602, "host_queued_end": 1585660039.65061}, "device": "gpu", "nd_range": {"device_start": 1585659972.2060251, "device_end": 1585659972.2060301}, "cmdq": 3, "read": {"device_start": -1, "device_end": -1}}, "FFC_sans_bias123": {"write": {"device_start": -1, "host_queued_start": 1585660039.634078, "device_queued": -1, "device_end": -1, "host_queued_end": 1585660039.65061}, "device": "gpu", "nd_range": {"device_start": 1585659972.2442946, "device_end": 1585659972.2467294}, "cmdq": 2, "read": {"device_start": -1, "device_end": -1}}, "empty80": {"write": {"device_start": 1585659972.2058394, "host_queued_start": 1585660039.563424, "device_queued": 1585659972.2055995, "device_end": 1585659972.2059004, "host_queued_end": 1585660039.65061}, "device": "gpu", "nd_range": {"device_start": 1585659972.2059102, "device_end": 1585659972.2059138}, "cmdq": 2, "read": {"device_start": -1, "device_end": -1}}, "empty116": {"write": {"device_start": 1585659972.206246, "host_queued_start": 1585660039.566719, "device_queued": 1585659972.2060125, "device_end": 1585659972.2063222, "host_queued_end": 1585660039.65061}, "device": "gpu", "nd_range": {"device_start": 1585659972.2063267, "device_end": 1585659972.2063315}, "cmdq": 1, "read": {"device_start": -1, "device_end": -1}}, "softmax104": {"write": {"device_start": -1, "host_queued_start": 1585660039.628855, "device_queued": -1, "device_end": -1, "host_queued_end": 1585660039.65061}, "device": "gpu", "nd_range": {"device_start": 1585659972.2382572, "device_end": 1585659972.238865}, "cmdq": 0, "read": {"device_start": -1, "device_end": -1}}, "coalesced_transpose21": {"write": {"device_start": -1, "host_queued_start": 1585660039.617078, "device_queued": -1, "device_end": -1, "host_queued_end": 1585660039.65061}, "device": "gpu", "nd_range": {"device_start": 1585659972.2297335, "device_end": 1585659972.2310324}, "cmdq": 1, "read": {"device_start": -1, "device_end": -1}}, "softmax14": {"write": {"device_start": -1, "host_queued_start": 1585660039.626307, "device_queued": -1, "device_end": -1, "host_queued_end": 1585660039.65061}, "device": "gpu", "nd_range": {"device_start": 1585659972.235633, "device_end": 1585659972.2379448}, "cmdq": 0, "read": {"device_start": -1, "device_end": -1}}, "FFC_sans_bias69": {"write": {"device_start": -1, "host_queued_start": 1585660039.632134, "device_queued": -1, "device_end": -1, "host_queued_end": 1585660039.65061}, "device": "gpu", "nd_range": {"device_start": 1585659972.2398741, "device_end": 1585659972.2408693}, "cmdq": 1, "read": {"device_start": -1, "device_end": -1}}, "FFC_sans_bias92": {"write": {"device_start": 1585659972.221546, "host_queued_start": 1585660039.600814, "device_queued": 1585659972.2096238, "device_end": 1585659972.2215707, "host_queued_end": 1585660039.65061}, "device": "gpu", "nd_range": {"device_start": 1585659972.2215753, "device_end": 1585659972.223921}, "cmdq": 4, "read": {"device_start": -1, "device_end": -1}}, "FFC_sans_bias60": {"write": {"device_start": -1, "host_queued_start": 1585660039.631803, "device_queued": -1, "device_end": -1, "host_queued_end": 1585660039.65061}, "device": "gpu", "nd_range": {"device_start": 1585659972.2394748, "device_end": 1585659972.240463}, "cmdq": 0, "read": {"device_start": -1, "device_end": -1}}, "FFC_sans_bias61": {"write": {"device_start": 1585659972.2474103, "host_queued_start": 1585660039.641006, "device_queued": 1585659972.223611, "device_end": 1585659972.2474418, "host_queued_end": 1585660039.65061}, "device": "gpu", "nd_range": {"device_start": 1585659972.2474482, "device_end": 1585659972.2495873}, "cmdq": 0, "read": {"device_start": 1585659972.2495954, "device_end": 1585659972.2496192}}, "FFC_sans_bias63": {"write": {"device_start": 1585659972.2165449, "host_queued_start": 1585660039.591342, "device_queued": 1585659972.2087493, "device_end": 1585659972.2166162, "host_queued_end": 1585660039.65061}, "device": "gpu", "nd_range": {"device_start": 1585659972.2166343, "device_end": 1585659972.2180555}, "cmdq": 0, "read": {"device_start": -1, "device_end": -1}}, "FFC_sans_bias64": {"write": {"device_start": 1585659972.2163644, "host_queued_start": 1585660039.589255, "device_queued": 1585659972.2085109, "device_end": 1585659972.2164416, "host_queued_end": 1585660039.65061}, "device": "gpu", "nd_range": {"device_start": 1585659972.2164645, "device_end": 1585659972.2170763}, "cmdq": 3, "read": {"device_start": -1, "device_end": -1}}, "FFC_sans_bias65": {"write": {"device_start": 1585659972.2164457, "host_queued_start": 1585660039.590292, "device_queued": 1585659972.2085276, "device_end": 1585659972.2164867, "host_queued_end": 1585660039.65061}, "device": "gpu", "nd_range": {"device_start": 1585659972.2164953, "device_end": 1585659972.2174788}, "cmdq": 4, "read": {"device_start": -1, "device_end": -1}}, "FFC_sans_bias67": {"write": {"device_start": -1, "host_queued_start": 1585660039.623487, "device_queued": -1, "device_end": -1, "host_queued_end": 1585660039.65061}, "device": "gpu", "nd_range": {"device_start": 1585659972.2321844, "device_end": 1585659972.2341702}, "cmdq": 1, "read": {"device_start": -1, "device_end": -1}}, "coalesced_transpose111": {"write": {"device_start": -1, "host_queued_start": 1585660039.620289, "device_queued": -1, "device_end": -1, "host_queued_end": 1585660039.65061}, "device": "gpu", "nd_range": {"device_start": 1585659972.2311244, "device_end": 1585659972.2311752}, "cmdq": 1, "read": {"device_start": -1, "device_end": -1}}, "FFC_sans_bias136": {"write": {"device_start": 1585659972.2278826, "host_queued_start": 1585660039.614371, "device_queued": 1585659972.2112086, "device_end": 1585659972.2279096, "host_queued_end": 1585660039.65061}, "device": "gpu", "nd_range": {"device_start": 1585659972.2279184, "device_end": 1585659972.2301917}, "cmdq": 2, "read": {"device_start": -1, "device_end": -1}}, "FFC_sans_bias135": {"write": {"device_start": 1585659972.2288618, "host_queued_start": 1585660039.616437, "device_queued": 1585659972.211444, "device_end": 1585659972.2288895, "host_queued_end": 1585660039.65061}, "device": "gpu", "nd_range": {"device_start": 1585659972.2288978, "device_end": 1585659972.2311625}, "cmdq": 4, "read": {"device_start": -1, "device_end": -1}}, "FFC_sans_bias133": {"write": {"device_start": 1585659972.2502687, "host_queued_start": 1585660039.649442, "device_queued": 1585659972.225459, "device_end": 1585659972.250301, "host_queued_end": 1585660039.65061}, "device": "gpu", "nd_range": {"device_start": 1585659972.2503035, "device_end": 1585659972.2525158}, "cmdq": 3, "read": {"device_start": 1585659972.2525215, "device_end": 1585659972.252544}}, "FFC_sans_bias132": {"write": {"device_start": -1, "host_queued_start": 1585660039.634398, "device_queued": -1, "device_end": -1, "host_queued_end": 1585660039.65061}, "device": "gpu", "nd_range": {"device_start": 1585659972.2438312, "device_end": 1585659972.2462187}, "cmdq": 3, "read": {"device_start": -1, "device_end": -1}}, "softmax68": {"write": {"device_start": -1, "host_queued_start": 1585660039.627809, "device_queued": -1, "device_end": -1, "host_queued_end": 1585660039.65061}, "device": "gpu", "nd_range": {"device_start": 1585659972.2379227, "device_end": 1585659972.2382271}, "cmdq": 1, "read": {"device_start": -1, "device_end": -1}}, "softmax131": {"write": {"device_start": -1, "host_queued_start": 1585660039.629599, "device_queued": -1, "device_end": -1, "host_queued_end": 1585660039.65061}, "device": "gpu", "nd_range": {"device_start": 1585659972.2388797, "device_end": 1585659972.2403674}, "cmdq": 3, "read": {"device_start": -1, "device_end": -1}}, "empty125": {"write": {"device_start": 1585659972.2063503, "host_queued_start": 1585660039.567542, "device_queued": 1585659972.2062387, "device_end": 1585659972.206431, "host_queued_end": 1585660039.65061}, "device": "gpu", "nd_range": {"device_start": 1585659972.2064347, "device_end": 1585659972.2064502}, "cmdq": 2, "read": {"device_start": -1, "device_end": -1}}, "FFC_sans_bias139": {"write": {"device_start": -1, "host_queued_start": 1585660039.626053, "device_queued": -1, "device_end": -1, "host_queued_end": 1585660039.65061}, "device": "gpu", "nd_range": {"device_start": 1585659972.2380395, "device_end": 1585659972.2386482}, "cmdq": 4, "read": {"device_start": -1, "device_end": -1}}, "empty35": {"write": {"device_start": 1585659972.2053216, "host_queued_start": 1585660039.559209, "device_queued": 1585659972.2051196, "device_end": 1585659972.2053807, "host_queued_end": 1585660039.65061}, "device": "gpu", "nd_range": {"device_start": 1585659972.205492, "device_end": 1585659972.2054958}, "cmdq": 2, "read": {"device_start": -1, "device_end": -1}}, "softmax86": {"write": {"device_start": -1, "host_queued_start": 1585660039.62835, "device_queued": -1, "device_end": -1, "host_queued_end": 1585660039.65061}, "device": "gpu", "nd_range": {"device_start": 1585659972.2384307, "device_end": 1585659972.2388778}, "cmdq": 3, "read": {"device_start": -1, "device_end": -1}}, "FFC_sans_bias55": {"write": {"device_start": 1585659972.2131598, "host_queued_start": 1585660039.58821, "device_queued": 1585659972.2084732, "device_end": 1585659972.2131865, "host_queued_end": 1585660039.65061}, "device": "gpu", "nd_range": {"device_start": 1585659972.2131898, "device_end": 1585659972.2154667}, "cmdq": 2, "read": {"device_start": -1, "device_end": -1}}, "FFC_sans_bias54": {"write": {"device_start": 1585659972.2127006, "host_queued_start": 1585660039.587177, "device_queued": 1585659972.208233, "device_end": 1585659972.2127264, "host_queued_end": 1585660039.65061}, "device": "gpu", "nd_range": {"device_start": 1585659972.2127311, "device_end": 1585659972.215011}, "cmdq": 1, "read": {"device_start": -1, "device_end": -1}}, "FFC_sans_bias56": {"write": {"device_start": 1585659972.2122178, "host_queued_start": 1585660039.586135, "device_queued": 1585659972.2081778, "device_end": 1585659972.212244, "host_queued_end": 1585660039.65061}, "device": "gpu", "nd_range": {"device_start": 1585659972.2122476, "device_end": 1585659972.2145076}, "cmdq": 0, "read": {"device_start": -1, "device_end": -1}}, "FFC_sans_bias51": {"write": {"device_start": -1, "host_queued_start": 1585660039.63148, "device_queued": -1, "device_end": -1, "host_queued_end": 1585660039.65061}, "device": "gpu", "nd_range": {"device_start": 1585659972.240384, "device_end": 1585659972.2423759}, "cmdq": 4, "read": {"device_start": -1, "device_end": -1}}, "FFC_sans_bias52": {"write": {"device_start": 1585659972.2472823, "host_queued_start": 1585660039.639974, "device_queued": 1585659972.2227647, "device_end": 1585659972.247313, "host_queued_end": 1585660039.65061}, "device": "gpu", "nd_range": {"device_start": 1585659972.2473195, "device_end": 1585659972.24913}, "cmdq": 4, "read": {"device_start": 1585659972.2491336, "device_end": 1585659972.2491589}}, "FFC_sans_bias58": {"write": {"device_start": -1, "host_queued_start": 1585660039.623163, "device_queued": -1, "device_end": -1, "host_queued_end": 1585660039.65061}, "device": "gpu", "nd_range": {"device_start": 1585659972.2317832, "device_end": 1585659972.2337086}, "cmdq": 0, "read": {"device_start": -1, "device_end": -1}}, "FFC_sans_bias108": {"write": {"device_start": 1585659972.2235096, "host_queued_start": 1585660039.60503, "device_queued": 1585659972.2101343, "device_end": 1585659972.2235363, "host_queued_end": 1585660039.65061}, "device": "gpu", "nd_range": {"device_start": 1585659972.223545, "device_end": 1585659972.2258577}, "cmdq": 3, "read": {"device_start": -1, "device_end": -1}}, "FFC_sans_bias109": {"write": {"device_start": 1585659972.2240102, "host_queued_start": 1585660039.606056, "device_queued": 1585659972.2103014, "device_end": 1585659972.2240376, "host_queued_end": 1585660039.65061}, "device": "gpu", "nd_range": {"device_start": 1585659972.2240493, "device_end": 1585659972.226331}, "cmdq": 4, "read": {"device_start": -1, "device_end": -1}}, "coalesced_transpose129": {"write": {"device_start": -1, "host_queued_start": 1585660039.620895, "device_queued": -1, "device_end": -1, "host_queued_end": 1585660039.65061}, "device": "gpu", "nd_range": {"device_start": 1585659972.2311575, "device_end": 1585659972.231185}, "cmdq": 3, "read": {"device_start": -1, "device_end": -1}}, "FFC_sans_bias103": {"write": {"device_start": -1, "host_queued_start": 1585660039.624757, "device_queued": -1, "device_end": -1, "host_queued_end": 1585660039.65061}, "device": "gpu", "nd_range": {"device_start": 1585659972.2337103, "device_end": 1585659972.2356317}, "cmdq": 0, "read": {"device_start": -1, "device_end": -1}}, "FFC_sans_bias100": {"write": {"device_start": 1585659972.222534, "host_queued_start": 1585660039.60294, "device_queued": 1585659972.2100878, "device_end": 1585659972.222559, "host_queued_end": 1585660039.65061}, "device": "gpu", "nd_range": {"device_start": 1585659972.222565, "device_end": 1585659972.2248793}, "cmdq": 1, "read": {"device_start": -1, "device_end": -1}}, "FFC_sans_bias101": {"write": {"device_start": 1585659972.2230675, "host_queued_start": 1585660039.603993, "device_queued": 1585659972.210116, "device_end": 1585659972.2230933, "host_queued_end": 1585660039.65061}, "device": "gpu", "nd_range": {"device_start": 1585659972.2231004, "device_end": 1585659972.2253942}, "cmdq": 2, "read": {"device_start": -1, "device_end": -1}}, "FFC_sans_bias106": {"write": {"device_start": 1585659972.249762, "host_queued_start": 1585660039.646269, "device_queued": 1585659972.2250443, "device_end": 1585659972.2497926, "host_queued_end": 1585660039.65061}, "device": "gpu", "nd_range": {"device_start": 1585659972.2498012, "device_end": 1585659972.2519977}, "cmdq": 0, "read": {"device_start": 1585659972.252003, "device_end": 1585659972.2520263}}, "softmax122": {"write": {"device_start": -1, "host_queued_start": 1585660039.629349, "device_queued": -1, "device_end": -1, "host_queued_end": 1585660039.65061}, "device": "gpu", "nd_range": {"device_start": 1585659972.238875, "device_end": 1585659972.240377}, "cmdq": 2, "read": {"device_start": -1, "device_end": -1}}, "FFC_sans_bias105": {"write": {"device_start": -1, "host_queued_start": 1585660039.63342, "device_queued": -1, "device_end": -1, "host_queued_end": 1585660039.65061}, "device": "gpu", "nd_range": {"device_start": 1585659972.240464, "device_end": 1585659972.2428482}, "cmdq": 0, "read": {"device_start": -1, "device_end": -1}}, "softmax95": {"write": {"device_start": -1, "host_queued_start": 1585660039.628608, "device_queued": -1, "device_end": -1, "host_queued_end": 1585660039.65061}, "device": "gpu", "nd_range": {"device_start": 1585659972.2388625, "device_end": 1585659972.2392535}, "cmdq": 4, "read": {"device_start": -1, "device_end": -1}}, "coalesced_transpose57": {"write": {"device_start": -1, "host_queued_start": 1585660039.618314, "device_queued": -1, "device_end": -1, "host_queued_end": 1585660039.65061}, "device": "gpu", "nd_range": {"device_start": 1585659972.231019, "device_end": 1585659972.2310863}, "cmdq": 0, "read": {"device_start": -1, "device_end": -1}}, "empty26": {"write": {"device_start": 1585659972.2052038, "host_queued_start": 1585660039.55822, "device_queued": 1585659972.2050946, "device_end": 1585659972.2052748, "host_queued_end": 1585660039.65061}, "device": "gpu", "nd_range": {"device_start": 1585659972.2054694, "device_end": 1585659972.2054877}, "cmdq": 1, "read": {"device_start": -1, "device_end": -1}}, "softmax113": {"write": {"device_start": -1, "host_queued_start": 1585660039.6291, "device_queued": -1, "device_end": -1, "host_queued_end": 1585660039.65061}, "device": "gpu", "nd_range": {"device_start": 1585659972.238228, "device_end": 1585659972.238869}, "cmdq": 1, "read": {"device_start": -1, "device_end": -1}}, "FFC_sans_bias11": {"write": {"device_start": 1585659972.2068133, "host_queued_start": 1585660039.572294, "device_queued": 1585659972.2066805, "device_end": 1585659972.2068443, "host_queued_end": 1585660039.65061}, "device": "gpu", "nd_range": {"device_start": 1585659972.2069466, "device_end": 1585659972.2082672}, "cmdq": 2, "read": {"device_start": -1, "device_end": -1}}, "FFC_sans_bias42": {"write": {"device_start": -1, "host_queued_start": 1585660039.63116, "device_queued": -1, "device_end": -1, "host_queued_end": 1585660039.65061}, "device": "gpu", "nd_range": {"device_start": 1585659972.2403688, "device_end": 1585659972.2414248}, "cmdq": 3, "read": {"device_start": -1, "device_end": -1}}, "FFC_sans_bias43": {"write": {"device_start": 1585659972.2463176, "host_queued_start": 1585660039.638931, "device_queued": 1585659972.2227466, "device_end": 1585659972.2463489, "host_queued_end": 1585660039.65061}, "device": "gpu", "nd_range": {"device_start": 1585659972.2463531, "device_end": 1585659972.2476501}, "cmdq": 3, "read": {"device_start": 1585659972.247658, "device_end": 1585659972.2476819}}, "FFC_sans_bias40": {"write": {"device_start": -1, "host_queued_start": 1585660039.622516, "device_queued": -1, "device_end": -1, "host_queued_end": 1585660039.65061}, "device": "gpu", "nd_range": {"device_start": 1585659972.2311866, "device_end": 1585659972.233177}, "cmdq": 3, "read": {"device_start": -1, "device_end": -1}}, "FFC_sans_bias46": {"write": {"device_start": 1585659972.2112734, "host_queued_start": 1585660039.584064, "device_queued": 1585659972.2078025, "device_end": 1585659972.211305, "host_queued_end": 1585660039.65061}, "device": "gpu", "nd_range": {"device_start": 1585659972.211319, "device_end": 1585659972.2135503}, "cmdq": 3, "read": {"device_start": -1, "device_end": -1}}, "FFC_sans_bias47": {"write": {"device_start": 1585659972.2117531, "host_queued_start": 1585660039.585105, "device_queued": 1585659972.2079837, "device_end": 1585659972.211786, "host_queued_end": 1585660039.65061}, "device": "gpu", "nd_range": {"device_start": 1585659972.2117932, "device_end": 1585659972.2140315}, "cmdq": 4, "read": {"device_start": -1, "device_end": -1}}, "FFC_sans_bias45": {"write": {"device_start": 1585659972.2108204, "host_queued_start": 1585660039.58303, "device_queued": 1585659972.207776, "device_end": 1585659972.2108452, "host_queued_end": 1585660039.65061}, "device": "gpu", "nd_range": {"device_start": 1585659972.210852, "device_end": 1585659972.2130659}, "cmdq": 2, "read": {"device_start": -1, "device_end": -1}}, "FFC_sans_bias49": {"write": {"device_start": -1, "host_queued_start": 1585660039.622846, "device_queued": -1, "device_end": -1, "host_queued_end": 1585660039.65061}, "device": "gpu", "nd_range": {"device_start": 1585659972.2345343, "device_end": 1585659972.236591}, "cmdq": 4, "read": {"device_start": -1, "device_end": -1}}, "softmax77": {"write": {"device_start": -1, "host_queued_start": 1585660039.628057, "device_queued": -1, "device_end": -1, "host_queued_end": 1585660039.65061}, "device": "gpu", "nd_range": {"device_start": 1585659972.2384264, "device_end": 1585659972.238874}, "cmdq": 2, "read": {"device_start": -1, "device_end": -1}}, "empty134": {"write": {"device_start": 1585659972.2064333, "host_queued_start": 1585660039.568356, "device_queued": 1585659972.2062624, "device_end": 1585659972.2064764, "host_queued_end": 1585660039.65061}, "device": "gpu", "nd_range": {"device_start": 1585659972.2064795, "device_end": 1585659972.2064848}, "cmdq": 3, "read": {"device_start": -1, "device_end": -1}}, "coalesced_transpose138": {"write": {"device_start": -1, "host_queued_start": 1585660039.621201, "device_queued": -1, "device_end": -1, "host_queued_end": 1585660039.65061}, "device": "gpu", "nd_range": {"device_start": 1585659972.2330706, "device_end": 1585659972.234532}, "cmdq": 4, "read": {"device_start": -1, "device_end": -1}}, "FFC_sans_bias119": {"write": {"device_start": 1585659972.225977, "host_queued_start": 1585660039.610235, "device_queued": 1585659972.210771, "device_end": 1585659972.2260034, "host_queued_end": 1585660039.65061}, "device": "gpu", "nd_range": {"device_start": 1585659972.2260113, "device_end": 1585659972.2282624}, "cmdq": 3, "read": {"device_start": -1, "device_end": -1}}, "FFC_sans_bias118": {"write": {"device_start": 1585659972.2254784, "host_queued_start": 1585660039.609168, "device_queued": 1585659972.2107337, "device_end": 1585659972.2255056, "host_queued_end": 1585660039.65061}, "device": "gpu", "nd_range": {"device_start": 1585659972.225514, "device_end": 1585659972.2278054}, "cmdq": 2, "read": {"device_start": -1, "device_end": -1}}, "empty143": {"write": {"device_start": 1585659972.2065341, "host_queued_start": 1585660039.569179, "device_queued": 1585659972.2062895, "device_end": 1585659972.2065995, "host_queued_end": 1585660039.65061}, "device": "gpu", "nd_range": {"device_start": 1585659972.2066038, "device_end": 1585659972.2066083}, "cmdq": 4, "read": {"device_start": -1, "device_end": -1}}, "FFC_sans_bias115": {"write": {"device_start": 1585659972.248811, "host_queued_start": 1585660039.647345, "device_queued": 1585659972.2250886, "device_end": 1585659972.2488425, "host_queued_end": 1585660039.65061}, "device": "gpu", "nd_range": {"device_start": 1585659972.2488487, "device_end": 1585659972.251044}, "cmdq": 1, "read": {"device_start": 1585659972.2510507, "device_end": 1585659972.2510734}}, "FFC_sans_bias114": {"write": {"device_start": -1, "host_queued_start": 1585660039.633736, "device_queued": -1, "device_end": -1, "host_queued_end": 1585660039.65061}, "device": "gpu", "nd_range": {"device_start": 1585659972.2408702, "device_end": 1585659972.2433345}, "cmdq": 1, "read": {"device_start": -1, "device_end": -1}}, "FFC_sans_bias117": {"write": {"device_start": 1585659972.2249587, "host_queued_start": 1585660039.608143, "device_queued": 1585659972.2105896, "device_end": 1585659972.2249837, "host_queued_end": 1585660039.65061}, "device": "gpu", "nd_range": {"device_start": 1585659972.2249885, "device_end": 1585659972.2272863}, "cmdq": 1, "read": {"device_start": -1, "device_end": -1}}, "softmax5": {"write": {"device_start": -1, "host_queued_start": 1585660039.657862, "device_queued": -1, "device_end": -1, "host_queued_end": 1585660039.659577}, "device": "cpu", "nd_range": {"device_start": 2327813.8684931244, "device_end": 2327813.868594613}, "cmdq": 0, "read": {"device_start": -1, "device_end": -1}}, "FFC_sans_bias110": {"write": {"device_start": 1585659972.2245047, "host_queued_start": 1585660039.607108, "device_queued": 1585659972.210544, "device_end": 1585659972.2245314, "host_queued_end": 1585660039.65061}, "device": "gpu", "nd_range": {"device_start": 1585659972.2245367, "device_end": 1585659972.2268233}, "cmdq": 0, "read": {"device_start": -1, "device_end": -1}}, "FFC_sans_bias112": {"write": {"device_start": -1, "host_queued_start": 1585660039.625083, "device_queued": -1, "device_end": -1, "host_queued_end": 1585660039.65061}, "device": "gpu", "nd_range": {"device_start": 1585659972.2341716, "device_end": 1585659972.2361343}, "cmdq": 1, "read": {"device_start": -1, "device_end": -1}}, "empty53": {"write": {"device_start": 1585659972.2055032, "host_queued_start": 1585660039.560896, "device_queued": 1585659972.205406, "device_end": 1585659972.20553, "host_queued_end": 1585660039.65061}, "device": "gpu", "nd_range": {"device_start": 1585659972.2055328, "device_end": 1585659972.2055364}, "cmdq": 4, "read": {"device_start": -1, "device_end": -1}}, "coalesced_transpose48": {"write": {"device_start": -1, "host_queued_start": 1585660039.618, "device_queued": -1, "device_end": -1, "host_queued_end": 1585660039.65061}, "device": "gpu", "nd_range": {"device_start": 1585659972.2311652, "device_end": 1585659972.2311904}, "cmdq": 4, "read": {"device_start": -1, "device_end": -1}}}