{"FFC_sans_bias4": {"write": {"device_start": -1, "host_queued_start": 1585660132.953959, "device_queued": -1, "device_end": -1, "host_queued_end": 1585660132.983862}, "device": "cpu", "nd_range": {"device_start": 2327907.391666701, "device_end": 2327907.405724773}, "cmdq": 3, "read": {"device_start": -1, "device_end": -1}}, "FFC_sans_bias7": {"write": {"device_start": -1, "host_queued_start": 1585660132.969764, "device_queued": -1, "device_end": -1, "host_queued_end": 1585660132.983862}, "device": "cpu", "nd_range": {"device_start": 2327907.512954248, "device_end": 2327907.528642495}, "cmdq": 0, "read": {"device_start": -1, "device_end": -1}}, "FFC_sans_bias6": {"write": {"device_start": -1, "host_queued_start": 1585660132.963627, "device_queued": -1, "device_end": -1, "host_queued_end": 1585660132.983862}, "device": "cpu", "nd_range": {"device_start": 2327907.4610996763, "device_end": 2327907.472116027}, "cmdq": 1, "read": {"device_start": -1, "device_end": -1}}, "FFC_sans_bias1": {"write": {"device_start": -1, "host_queued_start": 1585660132.902641, "device_queued": -1, "device_end": -1, "host_queued_end": 1585660132.983862}, "device": "cpu", "nd_range": {"device_start": 2327907.1737383544, "device_end": 2327907.2045057523}, "cmdq": 0, "read": {"device_start": -1, "device_end": -1}}, "FFC_sans_bias0": {"write": {"device_start": -1, "host_queued_start": 1585660132.901537, "device_queued": -1, "device_end": -1, "host_queued_end": 1585660132.983862}, "device": "cpu", "nd_range": {"device_start": 2327907.1736281663, "device_end": 2327907.189269794}, "cmdq": 3, "read": {"device_start": -1, "device_end": -1}}, "FFC_sans_bias2": {"write": {"device_start": -1, "host_queued_start": 1585660132.903746, "device_queued": -1, "device_end": -1, "host_queued_end": 1585660132.983862}, "device": "cpu", "nd_range": {"device_start": 2327907.173648579, "device_end": 2327907.189246004}, "cmdq": 1, "read": {"device_start": -1, "device_end": -1}}, "coalesced_transpose120": {"write": {"device_start": -1, "host_queued_start": 1585660132.953271, "device_queued": -1, "device_end": -1, "host_queued_end": 1585660132.983862}, "device": "cpu", "nd_range": {"device_start": 2327907.406654879, "device_end": 2327907.406913097}, "cmdq": 1, "read": {"device_start": -1, "device_end": -1}}, "FFC_sans_bias9": {"write": {"device_start": -1, "host_queued_start": 1585660132.904805, "device_queued": -1, "device_end": -1, "host_queued_end": 1585660132.983862}, "device": "cpu", "nd_range": {"device_start": 2327907.175607216, "device_end": 2327907.191116182}, "cmdq": 2, "read": {"device_start": -1, "device_end": -1}}, "empty71": {"write": {"device_start": -1, "host_queued_start": 1585660132.894648, "device_queued": -1, "device_end": -1, "host_queued_end": 1585660132.983862}, "device": "cpu", "nd_range": {"device_start": 2327907.1735765333, "device_end": 2327907.1735774493}, "cmdq": 3, "read": {"device_start": -1, "device_end": -1}}, "softmax41": {"write": {"device_start": -1, "host_queued_start": 1585660132.960406, "device_queued": -1, "device_end": -1, "host_queued_end": 1585660132.983862}, "device": "cpu", "nd_range": {"device_start": 2327907.423084956, "device_end": 2327907.423292876}, "cmdq": 2, "read": {"device_start": -1, "device_end": -1}}, "FFC_sans_bias37": {"write": {"device_start": -1, "host_queued_start": 1585660132.915467, "device_queued": -1, "device_end": -1, "host_queued_end": 1585660132.983862}, "device": "cpu", "nd_range": {"device_start": 2327907.256051376, "device_end": 2327907.271849011}, "cmdq": 0, "read": {"device_start": -1, "device_end": -1}}, "FFC_sans_bias36": {"write": {"device_start": -1, "host_queued_start": 1585660132.91441, "device_queued": -1, "device_end": -1, "host_queued_end": 1585660132.983862}, "device": "cpu", "nd_range": {"device_start": 2327907.2204553992, "device_end": 2327907.2357460903}, "cmdq": 3, "read": {"device_start": -1, "device_end": -1}}, "FFC_sans_bias34": {"write": {"device_start": -1, "host_queued_start": 1585660132.972757, "device_queued": -1, "device_end": -1, "host_queued_end": 1585660132.983862}, "device": "cpu", "nd_range": {"device_start": 2327907.5513926493, "device_end": 2327907.575211711}, "cmdq": 3, "read": {"device_start": -1, "device_end": -1}}, "FFC_sans_bias33": {"write": {"device_start": -1, "host_queued_start": 1585660132.96468, "device_queued": -1, "device_end": -1, "host_queued_end": 1585660132.983862}, "device": "cpu", "nd_range": {"device_start": 2327907.46503707, "device_end": 2327907.480071557}, "cmdq": 0, "read": {"device_start": -1, "device_end": -1}}, "FFC_sans_bias31": {"write": {"device_start": -1, "host_queued_start": 1585660132.955025, "device_queued": -1, "device_end": -1, "host_queued_end": 1585660132.983862}, "device": "cpu", "nd_range": {"device_start": 2327907.360885324, "device_end": 2327907.368532264}, "cmdq": 2, "read": {"device_start": -1, "device_end": -1}}, "FFC_sans_bias38": {"write": {"device_start": -1, "host_queued_start": 1585660132.916534, "device_queued": -1, "device_end": -1, "host_queued_end": 1585660132.983862}, "device": "cpu", "nd_range": {"device_start": 2327907.2541440483, "device_end": 2327907.2791516134}, "cmdq": 1, "read": {"device_start": -1, "device_end": -1}}, "coalesced_transpose75": {"write": {"device_start": -1, "host_queued_start": 1585660132.951574, "device_queued": -1, "device_end": -1, "host_queued_end": 1585660132.983862}, "device": "cpu", "nd_range": {"device_start": 2327907.391812966, "device_end": 2327907.392096431}, "cmdq": 0, "read": {"device_start": -1, "device_end": -1}}, "softmax140": {"write": {"device_start": -1, "host_queued_start": 1585660132.885856, "device_queued": -1, "device_end": -1, "host_queued_end": 1585660132.887339}, "device": "gpu", "nd_range": {"device_start": 1585660065.4416902, "device_end": 1585660065.4418778}, "cmdq": 1, "read": {"device_start": -1, "device_end": -1}}, "empty44": {"write": {"device_start": -1, "host_queued_start": 1585660132.89218, "device_queued": -1, "device_end": -1, "host_queued_end": 1585660132.983862}, "device": "cpu", "nd_range": {"device_start": 2327907.173673075, "device_end": 2327907.173676}, "cmdq": 0, "read": {"device_start": -1, "device_end": -1}}, "FFC_sans_bias137": {"write": {"device_start": 1585660065.4394047, "host_queued_start": 1585660132.883809, "device_queued": 1585660065.4391656, "device_end": 1585660065.4394643, "host_queued_end": 1585660132.887339}, "device": "gpu", "nd_range": {"device_start": 1585660065.4395242, "device_end": 1585660065.4405138}, "cmdq": 2, "read": {"device_start": -1, "device_end": -1}}, "empty8": {"write": {"device_start": -1, "host_queued_start": 1585660132.888614, "device_queued": -1, "device_end": -1, "host_queued_end": 1585660132.983862}, "device": "cpu", "nd_range": {"device_start": 2327907.1735096443, "device_end": 2327907.173521308}, "cmdq": 0, "read": {"device_start": -1, "device_end": -1}}, "softmax50": {"write": {"device_start": -1, "host_queued_start": 1585660132.960708, "device_queued": -1, "device_end": -1, "host_queued_end": 1585660132.983862}, "device": "cpu", "nd_range": {"device_start": 2327907.453151698, "device_end": 2327907.453361224}, "cmdq": 3, "read": {"device_start": -1, "device_end": -1}}, "softmax59": {"write": {"device_start": -1, "host_queued_start": 1585660132.960991, "device_queued": -1, "device_end": -1, "host_queued_end": 1585660132.983862}, "device": "cpu", "nd_range": {"device_start": 2327907.4496184164, "device_end": 2327907.449828783}, "cmdq": 0, "read": {"device_start": -1, "device_end": -1}}, "FFC_sans_bias142": {"write": {"device_start": 1585660065.4411948, "host_queued_start": 1585660132.88723, "device_queued": 1585660065.439669, "device_end": 1585660065.4412255, "host_queued_end": 1585660132.887339}, "device": "gpu", "nd_range": {"device_start": 1585660065.4424858, "device_end": 1585660065.443075}, "cmdq": 3, "read": {"device_start": 1585660065.4430764, "device_end": 1585660065.4430993}}, "FFC_sans_bias141": {"write": {"device_start": -1, "host_queued_start": 1585660132.88617, "device_queued": -1, "device_end": -1, "host_queued_end": 1585660132.887339}, "device": "gpu", "nd_range": {"device_start": 1585660065.4418848, "device_end": 1585660065.442482}, "cmdq": 2, "read": {"device_start": -1, "device_end": -1}}, "FFC_sans_bias24": {"write": {"device_start": -1, "host_queued_start": 1585660132.964332, "device_queued": -1, "device_end": -1, "host_queued_end": 1585660132.983862}, "device": "cpu", "nd_range": {"device_start": 2327907.454749424, "device_end": 2327907.47340665}, "cmdq": 3, "read": {"device_start": -1, "device_end": -1}}, "FFC_sans_bias25": {"write": {"device_start": -1, "host_queued_start": 1585660132.971761, "device_queued": -1, "device_end": -1, "host_queued_end": 1585660132.983862}, "device": "cpu", "nd_range": {"device_start": 2327907.527785614, "device_end": 2327907.543076998}, "cmdq": 2, "read": {"device_start": -1, "device_end": -1}}, "FFC_sans_bias27": {"write": {"device_start": -1, "host_queued_start": 1585660132.911245, "device_queued": -1, "device_end": -1, "host_queued_end": 1585660132.983862}, "device": "cpu", "nd_range": {"device_start": 2327907.239937305, "device_end": 2327907.255906688}, "cmdq": 0, "read": {"device_start": -1, "device_end": -1}}, "FFC_sans_bias20": {"write": {"device_start": -1, "host_queued_start": 1585660132.91017, "device_queued": -1, "device_end": -1, "host_queued_end": 1585660132.983862}, "device": "cpu", "nd_range": {"device_start": 2327907.204990595, "device_end": 2327907.220269841}, "cmdq": 3, "read": {"device_start": -1, "device_end": -1}}, "FFC_sans_bias22": {"write": {"device_start": -1, "host_queued_start": 1585660132.954673, "device_queued": -1, "device_end": -1, "host_queued_end": 1585660132.983862}, "device": "cpu", "nd_range": {"device_start": 2327907.407022132, "device_end": 2327907.4201374534}, "cmdq": 1, "read": {"device_start": -1, "device_end": -1}}, "FFC_sans_bias130": {"write": {"device_start": -1, "host_queued_start": 1585660132.958992, "device_queued": -1, "device_end": -1, "host_queued_end": 1585660132.983862}, "device": "cpu", "nd_range": {"device_start": 2327907.452175564, "device_end": 2327907.460016089}, "cmdq": 1, "read": {"device_start": -1, "device_end": -1}}, "FFC_sans_bias28": {"write": {"device_start": -1, "host_queued_start": 1585660132.912293, "device_queued": -1, "device_end": -1, "host_queued_end": 1585660132.983862}, "device": "cpu", "nd_range": {"device_start": 2327907.2235640422, "device_end": 2327907.247227256}, "cmdq": 1, "read": {"device_start": -1, "device_end": -1}}, "FFC_sans_bias29": {"write": {"device_start": -1, "host_queued_start": 1585660132.913359, "device_queued": -1, "device_end": -1, "host_queued_end": 1585660132.983862}, "device": "cpu", "nd_range": {"device_start": 2327907.206834875, "device_end": 2327907.222038352}, "cmdq": 2, "read": {"device_start": -1, "device_end": -1}}, "coalesced_transpose66": {"write": {"device_start": -1, "host_queued_start": 1585660132.951233, "device_queued": -1, "device_end": -1, "host_queued_end": 1585660132.983862}, "device": "cpu", "nd_range": {"device_start": 2327907.3541129343, "device_end": 2327907.354371489}, "cmdq": 3, "read": {"device_start": -1, "device_end": -1}}, "coalesced_transpose93": {"write": {"device_start": -1, "host_queued_start": 1585660132.952246, "device_queued": -1, "device_end": -1, "host_queued_end": 1585660132.983862}, "device": "cpu", "nd_range": {"device_start": 2327907.346057963, "device_end": 2327907.346305448}, "cmdq": 2, "read": {"device_start": -1, "device_end": -1}}, "softmax23": {"write": {"device_start": -1, "host_queued_start": 1585660132.95984, "device_queued": -1, "device_end": -1, "host_queued_end": 1585660132.983862}, "device": "cpu", "nd_range": {"device_start": 2327907.449286246, "device_end": 2327907.44950006}, "cmdq": 0, "read": {"device_start": -1, "device_end": -1}}, "empty62": {"write": {"device_start": -1, "host_queued_start": 1585660132.893806, "device_queued": -1, "device_end": -1, "host_queued_end": 1585660132.983862}, "device": "cpu", "nd_range": {"device_start": 2327907.1735725324, "device_end": 2327907.1735732593}, "cmdq": 2, "read": {"device_start": -1, "device_end": -1}}, "FFC_sans_bias10": {"write": {"device_start": -1, "host_queued_start": 1585660132.90587, "device_queued": -1, "device_end": -1, "host_queued_end": 1585660132.983862}, "device": "cpu", "nd_range": {"device_start": 2327907.1892872592, "device_end": 2327907.204788254}, "cmdq": 3, "read": {"device_start": -1, "device_end": -1}}, "FFC_sans_bias13": {"write": {"device_start": -1, "host_queued_start": 1585660132.954314, "device_queued": -1, "device_end": -1, "host_queued_end": 1585660132.983862}, "device": "cpu", "nd_range": {"device_start": 2327907.405755767, "device_end": 2327907.41865283}, "cmdq": 0, "read": {"device_start": -1, "device_end": -1}}, "FFC_sans_bias15": {"write": {"device_start": -1, "host_queued_start": 1585660132.96398, "device_queued": -1, "device_end": -1, "host_queued_end": 1585660132.983862}, "device": "cpu", "nd_range": {"device_start": 2327907.456646262, "device_end": 2327907.4814794012}, "cmdq": 2, "read": {"device_start": -1, "device_end": -1}}, "FFC_sans_bias16": {"write": {"device_start": -1, "host_queued_start": 1585660132.970762, "device_queued": -1, "device_end": -1, "host_queued_end": 1585660132.983862}, "device": "cpu", "nd_range": {"device_start": 2327907.519080441, "device_end": 2327907.534406723}, "cmdq": 1, "read": {"device_start": -1, "device_end": -1}}, "FFC_sans_bias19": {"write": {"device_start": -1, "host_queued_start": 1585660132.909094, "device_queued": -1, "device_end": -1, "host_queued_end": 1585660132.983862}, "device": "cpu", "nd_range": {"device_start": 2327907.191323386, "device_end": 2327907.2067047963}, "cmdq": 2, "read": {"device_start": -1, "device_end": -1}}, "FFC_sans_bias18": {"write": {"device_start": -1, "host_queued_start": 1585660132.908033, "device_queued": -1, "device_end": -1, "host_queued_end": 1585660132.983862}, "device": "cpu", "nd_range": {"device_start": 2327907.192768272, "device_end": 2327907.215346754}, "cmdq": 1, "read": {"device_start": -1, "device_end": -1}}, "FFC_sans_bias99": {"write": {"device_start": -1, "host_queued_start": 1585660132.936842, "device_queued": -1, "device_end": -1, "host_queued_end": 1585660132.983862}, "device": "cpu", "nd_range": {"device_start": 2327907.3366088863, "device_end": 2327907.352823168}, "cmdq": 0, "read": {"device_start": -1, "device_end": -1}}, "FFC_sans_bias91": {"write": {"device_start": -1, "host_queued_start": 1585660132.934621, "device_queued": -1, "device_end": -1, "host_queued_end": 1585660132.983862}, "device": "cpu", "nd_range": {"device_start": 2327907.2838980863, "device_end": 2327907.299118719}, "cmdq": 2, "read": {"device_start": -1, "device_end": -1}}, "FFC_sans_bias90": {"write": {"device_start": -1, "host_queued_start": 1585660132.933547, "device_queued": -1, "device_end": -1, "host_queued_end": 1585660132.983862}, "device": "cpu", "nd_range": {"device_start": 2327907.364873961, "device_end": 2327907.376259699}, "cmdq": 1, "read": {"device_start": -1, "device_end": -1}}, "coalesced_transpose12": {"write": {"device_start": -1, "host_queued_start": 1585660132.949191, "device_queued": -1, "device_end": -1, "host_queued_end": 1585660132.983862}, "device": "cpu", "nd_range": {"device_start": 2327907.40521233, "device_end": 2327907.405722821}, "cmdq": 1, "read": {"device_start": -1, "device_end": -1}}, "FFC_sans_bias94": {"write": {"device_start": -1, "host_queued_start": 1585660132.957562, "device_queued": -1, "device_end": -1, "host_queued_end": 1585660132.983862}, "device": "cpu", "nd_range": {"device_start": 2327907.4338047383, "device_end": 2327907.452159406}, "cmdq": 1, "read": {"device_start": -1, "device_end": -1}}, "FFC_sans_bias97": {"write": {"device_start": -1, "host_queued_start": 1585660132.979769, "device_queued": -1, "device_end": -1, "host_queued_end": 1585660132.983862}, "device": "cpu", "nd_range": {"device_start": 2327907.5582614313, "device_end": 2327907.5735413763}, "cmdq": 2, "read": {"device_start": -1, "device_end": -1}}, "FFC_sans_bias96": {"write": {"device_start": -1, "host_queued_start": 1585660132.9672, "device_queued": -1, "device_end": -1, "host_queued_end": 1585660132.983862}, "device": "cpu", "nd_range": {"device_start": 2327907.489966858, "device_end": 2327907.511349696}, "cmdq": 3, "read": {"device_start": -1, "device_end": -1}}, "FFC_sans_bias124": {"write": {"device_start": -1, "host_queued_start": 1585660132.982791, "device_queued": -1, "device_end": -1, "host_queued_end": 1585660132.983862}, "device": "cpu", "nd_range": {"device_start": 2327907.5649991613, "device_end": 2327907.579296107}, "cmdq": 1, "read": {"device_start": -1, "device_end": -1}}, "FFC_sans_bias126": {"write": {"device_start": -1, "host_queued_start": 1585660132.947441, "device_queued": -1, "device_end": -1, "host_queued_end": 1585660132.983862}, "device": "cpu", "nd_range": {"device_start": 2327907.329930242, "device_end": 2327907.3452121574}, "cmdq": 2, "read": {"device_start": -1, "device_end": -1}}, "softmax32": {"write": {"device_start": -1, "host_queued_start": 1585660132.960123, "device_queued": -1, "device_end": -1, "host_queued_end": 1585660132.983862}, "device": "cpu", "nd_range": {"device_start": 2327907.4601347772, "device_end": 2327907.460349856}, "cmdq": 1, "read": {"device_start": -1, "device_end": -1}}, "coalesced_transpose84": {"write": {"device_start": -1, "host_queued_start": 1585660132.951912, "device_queued": -1, "device_end": -1, "host_queued_end": 1585660132.983862}, "device": "cpu", "nd_range": {"device_start": 2327907.406278633, "device_end": 2327907.406541172}, "cmdq": 1, "read": {"device_start": -1, "device_end": -1}}, "FFC_sans_bias121": {"write": {"device_start": -1, "host_queued_start": 1585660132.958635, "device_queued": -1, "device_end": -1, "host_queued_end": 1585660132.983862}, "device": "cpu", "nd_range": {"device_start": 2327907.440554195, "device_end": 2327907.449163924}, "cmdq": 0, "read": {"device_start": -1, "device_end": -1}}, "empty98": {"write": {"device_start": -1, "host_queued_start": 1585660132.897086, "device_queued": -1, "device_end": -1, "host_queued_end": 1585660132.983862}, "device": "cpu", "nd_range": {"device_start": 2327907.173577556, "device_end": 2327907.1735781953}, "cmdq": 2, "read": {"device_start": -1, "device_end": -1}}, "empty107": {"write": {"device_start": -1, "host_queued_start": 1585660132.897899, "device_queued": -1, "device_end": -1, "host_queued_end": 1585660132.983862}, "device": "cpu", "nd_range": {"device_start": 2327907.1735826223, "device_end": 2327907.173583196}, "cmdq": 3, "read": {"device_start": -1, "device_end": -1}}, "empty17": {"write": {"device_start": -1, "host_queued_start": 1585660132.88951, "device_queued": -1, "device_end": -1, "host_queued_end": 1585660132.983862}, "device": "cpu", "nd_range": {"device_start": 2327907.173509539, "device_end": 2327907.173521309}, "cmdq": 1, "read": {"device_start": -1, "device_end": -1}}, "FFC_sans_bias87": {"write": {"device_start": -1, "host_queued_start": 1585660132.966844, "device_queued": -1, "device_end": -1, "host_queued_end": 1585660132.983862}, "device": "cpu", "nd_range": {"device_start": 2327907.4969456843, "device_end": 2327907.512302618}, "cmdq": 2, "read": {"device_start": -1, "device_end": -1}}, "FFC_sans_bias85": {"write": {"device_start": -1, "host_queued_start": 1585660132.957214, "device_queued": -1, "device_end": -1, "host_queued_end": 1585660132.983862}, "device": "cpu", "nd_range": {"device_start": 2327907.4306466333, "device_end": 2327907.440425369}, "cmdq": 0, "read": {"device_start": -1, "device_end": -1}}, "FFC_sans_bias82": {"write": {"device_start": -1, "host_queued_start": 1585660132.931434, "device_queued": -1, "device_end": -1, "host_queued_end": 1585660132.983862}, "device": "cpu", "nd_range": {"device_start": 2327907.2822575513, "device_end": 2327907.297530134}, "cmdq": 3, "read": {"device_start": -1, "device_end": -1}}, "FFC_sans_bias83": {"write": {"device_start": -1, "host_queued_start": 1585660132.932496, "device_queued": -1, "device_end": -1, "host_queued_end": 1585660132.983862}, "device": "cpu", "nd_range": {"device_start": 2327907.320312403, "device_end": 2327907.336473979}, "cmdq": 0, "read": {"device_start": -1, "device_end": -1}}, "FFC_sans_bias81": {"write": {"device_start": -1, "host_queued_start": 1585660132.930376, "device_queued": -1, "device_end": -1, "host_queued_end": 1585660132.983862}, "device": "cpu", "nd_range": {"device_start": 2327907.268545533, "device_end": 2327907.283776903}, "cmdq": 2, "read": {"device_start": -1, "device_end": -1}}, "FFC_sans_bias88": {"write": {"device_start": -1, "host_queued_start": 1585660132.978769, "device_queued": -1, "device_end": -1, "host_queued_end": 1585660132.983862}, "device": "cpu", "nd_range": {"device_start": 2327907.549670127, "device_end": 2327907.564995542}, "cmdq": 1, "read": {"device_start": -1, "device_end": -1}}, "coalesced_transpose30": {"write": {"device_start": -1, "host_queued_start": 1585660132.949872, "device_queued": -1, "device_end": -1, "host_queued_end": 1585660132.983862}, "device": "cpu", "nd_range": {"device_start": 2327907.3537321463, "device_end": 2327907.35399997}, "cmdq": 3, "read": {"device_start": -1, "device_end": -1}}, "FFC_sans_bias128": {"write": {"device_start": -1, "host_queued_start": 1585660132.946375, "device_queued": -1, "device_end": -1, "host_queued_end": 1585660132.983862}, "device": "cpu", "nd_range": {"device_start": 2327907.3961562593, "device_end": 2327907.405205905}, "cmdq": 1, "read": {"device_start": -1, "device_end": -1}}, "coalesced_transpose39": {"write": {"device_start": -1, "host_queued_start": 1585660132.950211, "device_queued": -1, "device_end": -1, "host_queued_end": 1585660132.983862}, "device": "cpu", "nd_range": {"device_start": 2327907.3915239973, "device_end": 2327907.391806079}, "cmdq": 0, "read": {"device_start": -1, "device_end": -1}}, "FFC_sans_bias79": {"write": {"device_start": -1, "host_queued_start": 1585660132.977759, "device_queued": -1, "device_end": -1, "host_queued_end": 1585660132.983862}, "device": "cpu", "nd_range": {"device_start": 2327907.544206487, "device_end": 2327907.5616426864}, "cmdq": 0, "read": {"device_start": -1, "device_end": -1}}, "FFC_sans_bias78": {"write": {"device_start": -1, "host_queued_start": 1585660132.966452, "device_queued": -1, "device_end": -1, "host_queued_end": 1585660132.983862}, "device": "cpu", "nd_range": {"device_start": 2327907.48836677, "device_end": 2327907.503614183}, "cmdq": 1, "read": {"device_start": -1, "device_end": -1}}, "FFC_sans_bias73": {"write": {"device_start": -1, "host_queued_start": 1585660132.92825, "device_queued": -1, "device_end": -1, "host_queued_end": 1585660132.983862}, "device": "cpu", "nd_range": {"device_start": 2327907.304105888, "device_end": 2327907.320181798}, "cmdq": 0, "read": {"device_start": -1, "device_end": -1}}, "FFC_sans_bias72": {"write": {"device_start": -1, "host_queued_start": 1585660132.927181, "device_queued": -1, "device_end": -1, "host_queued_end": 1585660132.983862}, "device": "cpu", "nd_range": {"device_start": 2327907.26680905, "device_end": 2327907.2821335522}, "cmdq": 3, "read": {"device_start": -1, "device_end": -1}}, "FFC_sans_bias70": {"write": {"device_start": -1, "host_queued_start": 1585660132.976759, "device_queued": -1, "device_end": -1, "host_queued_end": 1585660132.983862}, "device": "cpu", "nd_range": {"device_start": 2327907.5752205784, "device_end": 2327907.5889613563}, "cmdq": 3, "read": {"device_start": -1, "device_end": -1}}, "FFC_sans_bias76": {"write": {"device_start": -1, "host_queued_start": 1585660132.956862, "device_queued": -1, "device_end": -1, "host_queued_end": 1585660132.983862}, "device": "cpu", "nd_range": {"device_start": 2327907.420205172, "device_end": 2327907.435964786}, "cmdq": 3, "read": {"device_start": -1, "device_end": -1}}, "FFC_sans_bias74": {"write": {"device_start": -1, "host_queued_start": 1585660132.929322, "device_queued": -1, "device_end": -1, "host_queued_end": 1585660132.983862}, "device": "cpu", "nd_range": {"device_start": 2327907.3392465753, "device_end": 2327907.364866521}, "cmdq": 1, "read": {"device_start": -1, "device_end": -1}}, "coalesced_transpose102": {"write": {"device_start": -1, "host_queued_start": 1585660132.952584, "device_queued": -1, "device_end": -1, "host_queued_end": 1585660132.983862}, "device": "cpu", "nd_range": {"device_start": 2327907.3905087863, "device_end": 2327907.39074996}, "cmdq": 3, "read": {"device_start": -1, "device_end": -1}}, "coalesced_transpose3": {"write": {"device_start": -1, "host_queued_start": 1585660132.948846, "device_queued": -1, "device_end": -1, "host_queued_end": 1585660132.983862}, "device": "cpu", "nd_range": {"device_start": 2327907.391245365, "device_end": 2327907.391512785}, "cmdq": 0, "read": {"device_start": -1, "device_end": -1}}, "FFC_sans_bias127": {"write": {"device_start": -1, "host_queued_start": 1585660132.948497, "device_queued": -1, "device_end": -1, "host_queued_end": 1585660132.983862}, "device": "cpu", "nd_range": {"device_start": 2327907.343923626, "device_end": 2327907.3536220943}, "cmdq": 3, "read": {"device_start": -1, "device_end": -1}}, "empty89": {"write": {"device_start": -1, "host_queued_start": 1585660132.896271, "device_queued": -1, "device_end": -1, "host_queued_end": 1585660132.983862}, "device": "cpu", "nd_range": {"device_start": 2327907.173553578, "device_end": 2327907.173554699}, "cmdq": 1, "read": {"device_start": -1, "device_end": -1}}, "FFC_sans_bias123": {"write": {"device_start": -1, "host_queued_start": 1585660132.968347, "device_queued": -1, "device_end": -1, "host_queued_end": 1585660132.983862}, "device": "cpu", "nd_range": {"device_start": 2327907.512425256, "device_end": 2327907.5276498003}, "cmdq": 2, "read": {"device_start": -1, "device_end": -1}}, "empty80": {"write": {"device_start": -1, "host_queued_start": 1585660132.895458, "device_queued": -1, "device_end": -1, "host_queued_end": 1585660132.983862}, "device": "cpu", "nd_range": {"device_start": 2327907.173682005, "device_end": 2327907.173682663}, "cmdq": 0, "read": {"device_start": -1, "device_end": -1}}, "empty116": {"write": {"device_start": -1, "host_queued_start": 1585660132.898753, "device_queued": -1, "device_end": -1, "host_queued_end": 1585660132.983862}, "device": "cpu", "nd_range": {"device_start": 2327907.173698959, "device_end": 2327907.173699987}, "cmdq": 0, "read": {"device_start": -1, "device_end": -1}}, "softmax104": {"write": {"device_start": -1, "host_queued_start": 1585660132.962411, "device_queued": -1, "device_end": -1, "host_queued_end": 1585660132.983862}, "device": "cpu", "nd_range": {"device_start": 2327907.460782382, "device_end": 2327907.460994538}, "cmdq": 1, "read": {"device_start": -1, "device_end": -1}}, "coalesced_transpose21": {"write": {"device_start": -1, "host_queued_start": 1585660132.949531, "device_queued": -1, "device_end": -1, "host_queued_end": 1585660132.983862}, "device": "cpu", "nd_range": {"device_start": 2327907.345329403, "device_end": 2327907.345582941}, "cmdq": 2, "read": {"device_start": -1, "device_end": -1}}, "softmax14": {"write": {"device_start": -1, "host_queued_start": 1585660132.959561, "device_queued": -1, "device_end": -1, "host_queued_end": 1585660132.983862}, "device": "cpu", "nd_range": {"device_start": 2327907.452599349, "device_end": 2327907.452814084}, "cmdq": 3, "read": {"device_start": -1, "device_end": -1}}, "FFC_sans_bias69": {"write": {"device_start": -1, "host_queued_start": 1585660132.966102, "device_queued": -1, "device_end": -1, "host_queued_end": 1585660132.983862}, "device": "cpu", "nd_range": {"device_start": 2327907.480203446, "device_end": 2327907.496650916}, "cmdq": 0, "read": {"device_start": -1, "device_end": -1}}, "FFC_sans_bias92": {"write": {"device_start": -1, "host_queued_start": 1585660132.935725, "device_queued": -1, "device_end": -1, "host_queued_end": 1585660132.983862}, "device": "cpu", "nd_range": {"device_start": 2327907.2976654163, "device_end": 2327907.312897963}, "cmdq": 3, "read": {"device_start": -1, "device_end": -1}}, "FFC_sans_bias60": {"write": {"device_start": -1, "host_queued_start": 1585660132.965749, "device_queued": -1, "device_end": -1, "host_queued_end": 1585660132.983862}, "device": "cpu", "nd_range": {"device_start": 2327907.473664319, "device_end": 2327907.488138156}, "cmdq": 3, "read": {"device_start": -1, "device_end": -1}}, "FFC_sans_bias61": {"write": {"device_start": -1, "host_queued_start": 1585660132.97576, "device_queued": -1, "device_end": -1, "host_queued_end": 1585660132.983862}, "device": "cpu", "nd_range": {"device_start": 2327907.5430823243, "device_end": 2327907.558256062}, "cmdq": 2, "read": {"device_start": -1, "device_end": -1}}, "FFC_sans_bias63": {"write": {"device_start": -1, "host_queued_start": 1585660132.926114, "device_queued": -1, "device_end": -1, "host_queued_end": 1585660132.983862}, "device": "cpu", "nd_range": {"device_start": 2327907.2531136284, "device_end": 2327907.268421113}, "cmdq": 2, "read": {"device_start": -1, "device_end": -1}}, "FFC_sans_bias64": {"write": {"device_start": -1, "host_queued_start": 1585660132.923962, "device_queued": -1, "device_end": -1, "host_queued_end": 1585660132.983862}, "device": "cpu", "nd_range": {"device_start": 2327907.287598519, "device_end": 2327907.303959451}, "cmdq": 0, "read": {"device_start": -1, "device_end": -1}}, "FFC_sans_bias65": {"write": {"device_start": -1, "host_queued_start": 1585660132.925036, "device_queued": -1, "device_end": -1, "host_queued_end": 1585660132.983862}, "device": "cpu", "nd_range": {"device_start": 2327907.3151300712, "device_end": 2327907.339237494}, "cmdq": 1, "read": {"device_start": -1, "device_end": -1}}, "FFC_sans_bias67": {"write": {"device_start": -1, "host_queued_start": 1585660132.95648, "device_queued": -1, "device_end": -1, "host_queued_end": 1585660132.983862}, "device": "cpu", "nd_range": {"device_start": 2327907.368643172, "device_end": 2327907.3864916964}, "cmdq": 2, "read": {"device_start": -1, "device_end": -1}}, "coalesced_transpose111": {"write": {"device_start": -1, "host_queued_start": 1585660132.952923, "device_queued": -1, "device_end": -1, "host_queued_end": 1585660132.983862}, "device": "cpu", "nd_range": {"device_start": 2327907.3921033232, "device_end": 2327907.3923616773}, "cmdq": 0, "read": {"device_start": -1, "device_end": -1}}, "FFC_sans_bias136": {"write": {"device_start": 1585660065.4392972, "host_queued_start": 1585660132.882696, "device_queued": 1585660065.4391456, "device_end": 1585660065.4393487, "host_queued_end": 1585660132.887339}, "device": "gpu", "nd_range": {"device_start": 1585660065.4394884, "device_end": 1585660065.4401128}, "cmdq": 1, "read": {"device_start": -1, "device_end": -1}}, "FFC_sans_bias135": {"write": {"device_start": 1585660065.439493, "host_queued_start": 1585660132.884884, "device_queued": 1585660065.439196, "device_end": 1585660065.4395173, "host_queued_end": 1585660132.887339}, "device": "gpu", "nd_range": {"device_start": 1585660065.4395409, "device_end": 1585660065.4410748}, "cmdq": 3, "read": {"device_start": -1, "device_end": -1}}, "FFC_sans_bias133": {"write": {"device_start": -1, "host_queued_start": 1585660132.983816, "device_queued": -1, "device_end": -1, "host_queued_end": 1585660132.983862}, "device": "cpu", "nd_range": {"device_start": 2327907.573545676, "device_end": 2327907.5861130343}, "cmdq": 2, "read": {"device_start": -1, "device_end": -1}}, "FFC_sans_bias132": {"write": {"device_start": -1, "host_queued_start": 1585660132.968712, "device_queued": -1, "device_end": -1, "host_queued_end": 1585660132.983862}, "device": "cpu", "nd_range": {"device_start": 2327907.520806386, "device_end": 2327907.543222002}, "cmdq": 3, "read": {"device_start": -1, "device_end": -1}}, "softmax68": {"write": {"device_start": -1, "host_queued_start": 1585660132.961271, "device_queued": -1, "device_end": -1, "host_queued_end": 1585660132.983862}, "device": "cpu", "nd_range": {"device_start": 2327907.4604611304, "device_end": 2327907.460672047}, "cmdq": 1, "read": {"device_start": -1, "device_end": -1}}, "softmax131": {"write": {"device_start": -1, "host_queued_start": 1585660132.963274, "device_queued": -1, "device_end": -1, "host_queued_end": 1585660132.983862}, "device": "cpu", "nd_range": {"device_start": 2327907.464695822, "device_end": 2327907.464903221}, "cmdq": 0, "read": {"device_start": -1, "device_end": -1}}, "empty125": {"write": {"device_start": -1, "host_queued_start": 1585660132.899573, "device_queued": -1, "device_end": -1, "host_queued_end": 1585660132.983862}, "device": "cpu", "nd_range": {"device_start": 2327907.173559659, "device_end": 2327907.1735602603}, "cmdq": 1, "read": {"device_start": -1, "device_end": -1}}, "FFC_sans_bias139": {"write": {"device_start": -1, "host_queued_start": 1585660132.885596, "device_queued": -1, "device_end": -1, "host_queued_end": 1585660132.887339}, "device": "gpu", "nd_range": {"device_start": 1585660065.4410777, "device_end": 1585660065.4416826}, "cmdq": 0, "read": {"device_start": -1, "device_end": -1}}, "empty35": {"write": {"device_start": -1, "host_queued_start": 1585660132.891293, "device_queued": -1, "device_end": -1, "host_queued_end": 1585660132.983862}, "device": "cpu", "nd_range": {"device_start": 2327907.173556696, "device_end": 2327907.1735611223}, "cmdq": 3, "read": {"device_start": -1, "device_end": -1}}, "softmax86": {"write": {"device_start": -1, "host_queued_start": 1585660132.961833, "device_queued": -1, "device_end": -1, "host_queued_end": 1585660132.983862}, "device": "cpu", "nd_range": {"device_start": 2327907.453689982, "device_end": 2327907.453895625}, "cmdq": 3, "read": {"device_start": -1, "device_end": -1}}, "FFC_sans_bias55": {"write": {"device_start": -1, "host_queued_start": 1585660132.922868, "device_queued": -1, "device_end": -1, "host_queued_end": 1585660132.983862}, "device": "cpu", "nd_range": {"device_start": 2327907.2513576243, "device_end": 2327907.2666749833}, "cmdq": 3, "read": {"device_start": -1, "device_end": -1}}, "FFC_sans_bias54": {"write": {"device_start": -1, "host_queued_start": 1585660132.921791, "device_queued": -1, "device_end": -1, "host_queued_end": 1585660132.983862}, "device": "cpu", "nd_range": {"device_start": 2327907.237714751, "device_end": 2327907.2529889713}, "cmdq": 2, "read": {"device_start": -1, "device_end": -1}}, "FFC_sans_bias56": {"write": {"device_start": -1, "host_queued_start": 1585660132.920744, "device_queued": -1, "device_end": -1, "host_queued_end": 1585660132.983862}, "device": "cpu", "nd_range": {"device_start": 2327907.2845700723, "device_end": 2327907.307224951}, "cmdq": 1, "read": {"device_start": -1, "device_end": -1}}, "FFC_sans_bias51": {"write": {"device_start": -1, "host_queued_start": 1585660132.965392, "device_queued": -1, "device_end": -1, "host_queued_end": 1585660132.983862}, "device": "cpu", "nd_range": {"device_start": 2327907.481601498, "device_end": 2327907.496827276}, "cmdq": 2, "read": {"device_start": -1, "device_end": -1}}, "FFC_sans_bias52": {"write": {"device_start": -1, "host_queued_start": 1585660132.974757, "device_queued": -1, "device_end": -1, "host_queued_end": 1585660132.983862}, "device": "cpu", "nd_range": {"device_start": 2327907.534411176, "device_end": 2327907.549665606}, "cmdq": 1, "read": {"device_start": -1, "device_end": -1}}, "FFC_sans_bias58": {"write": {"device_start": -1, "host_queued_start": 1585660132.956081, "device_queued": -1, "device_end": -1, "host_queued_end": 1585660132.983862}, "device": "cpu", "nd_range": {"device_start": 2327907.420249801, "device_end": 2327907.433663723}, "cmdq": 1, "read": {"device_start": -1, "device_end": -1}}, "FFC_sans_bias108": {"write": {"device_start": -1, "host_queued_start": 1585660132.940029, "device_queued": -1, "device_end": -1, "host_queued_end": 1585660132.983862}, "device": "cpu", "nd_range": {"device_start": 2327907.313022824, "device_end": 2327907.328287205}, "cmdq": 3, "read": {"device_start": -1, "device_end": -1}}, "FFC_sans_bias109": {"write": {"device_start": -1, "host_queued_start": 1585660132.941078, "device_queued": -1, "device_end": -1, "host_queued_end": 1585660132.983862}, "device": "cpu", "nd_range": {"device_start": 2327907.3528373213, "device_end": 2327907.3769906503}, "cmdq": 0, "read": {"device_start": -1, "device_end": -1}}, "coalesced_transpose129": {"write": {"device_start": -1, "host_queued_start": 1585660132.953603, "device_queued": -1, "device_end": -1, "host_queued_end": 1585660132.983862}, "device": "cpu", "nd_range": {"device_start": 2327907.3606296703, "device_end": 2327907.360867097}, "cmdq": 2, "read": {"device_start": -1, "device_end": -1}}, "FFC_sans_bias103": {"write": {"device_start": -1, "host_queued_start": 1585660132.95792, "device_queued": -1, "device_end": -1, "host_queued_end": 1585660132.983862}, "device": "cpu", "nd_range": {"device_start": 2327907.390865333, "device_end": 2327907.403907273}, "cmdq": 2, "read": {"device_start": -1, "device_end": -1}}, "FFC_sans_bias100": {"write": {"device_start": -1, "host_queued_start": 1585660132.937921, "device_queued": -1, "device_end": -1, "host_queued_end": 1585660132.983862}, "device": "cpu", "nd_range": {"device_start": 2327907.3762665833, "device_end": 2327907.387601723}, "cmdq": 1, "read": {"device_start": -1, "device_end": -1}}, "FFC_sans_bias101": {"write": {"device_start": -1, "host_queued_start": 1585660132.938985, "device_queued": -1, "device_end": -1, "host_queued_end": 1585660132.983862}, "device": "cpu", "nd_range": {"device_start": 2327907.299247811, "device_end": 2327907.314422855}, "cmdq": 2, "read": {"device_start": -1, "device_end": -1}}, "FFC_sans_bias106": {"write": {"device_start": -1, "host_queued_start": 1585660132.980768, "device_queued": -1, "device_end": -1, "host_queued_end": 1585660132.983862}, "device": "cpu", "nd_range": {"device_start": 2327907.5889650444, "device_end": 2327907.593257577}, "cmdq": 3, "read": {"device_start": -1, "device_end": -1}}, "softmax122": {"write": {"device_start": -1, "host_queued_start": 1585660132.962988, "device_queued": -1, "device_end": -1, "host_queued_end": 1585660132.983862}, "device": "cpu", "nd_range": {"device_start": 2327907.4542240743, "device_end": 2327907.4544261303}, "cmdq": 3, "read": {"device_start": -1, "device_end": -1}}, "FFC_sans_bias105": {"write": {"device_start": -1, "host_queued_start": 1585660132.967552, "device_queued": -1, "device_end": -1, "host_queued_end": 1585660132.983862}, "device": "cpu", "nd_range": {"device_start": 2327907.496789909, "device_end": 2327907.512828731}, "cmdq": 0, "read": {"device_start": -1, "device_end": -1}}, "softmax95": {"write": {"device_start": -1, "host_queued_start": 1585660132.962114, "device_queued": -1, "device_end": -1, "host_queued_end": 1585660132.983862}, "device": "cpu", "nd_range": {"device_start": 2327907.4521736843, "device_end": 2327907.4523814903}, "cmdq": 0, "read": {"device_start": -1, "device_end": -1}}, "coalesced_transpose57": {"write": {"device_start": -1, "host_queued_start": 1585660132.950898, "device_queued": -1, "device_end": -1, "host_queued_end": 1585660132.983862}, "device": "cpu", "nd_range": {"device_start": 2327907.345696602, "device_end": 2327907.345948168}, "cmdq": 2, "read": {"device_start": -1, "device_end": -1}}, "empty26": {"write": {"device_start": -1, "host_queued_start": 1585660132.890395, "device_queued": -1, "device_end": -1, "host_queued_end": 1585660132.983862}, "device": "cpu", "nd_range": {"device_start": 2327907.173565837, "device_end": 2327907.173566375}, "cmdq": 2, "read": {"device_start": -1, "device_end": -1}}, "softmax113": {"write": {"device_start": -1, "host_queued_start": 1585660132.962702, "device_queued": -1, "device_end": -1, "host_queued_end": 1585660132.983862}, "device": "cpu", "nd_range": {"device_start": 2327907.456322263, "device_end": 2327907.456530937}, "cmdq": 2, "read": {"device_start": -1, "device_end": -1}}, "FFC_sans_bias11": {"write": {"device_start": -1, "host_queued_start": 1585660132.906971, "device_queued": -1, "device_end": -1, "host_queued_end": 1585660132.983862}, "device": "cpu", "nd_range": {"device_start": 2327907.205979823, "device_end": 2327907.2397760223}, "cmdq": 0, "read": {"device_start": -1, "device_end": -1}}, "FFC_sans_bias42": {"write": {"device_start": -1, "host_queued_start": 1585660132.965036, "device_queued": -1, "device_end": -1, "host_queued_end": 1585660132.983862}, "device": "cpu", "nd_range": {"device_start": 2327907.472229434, "device_end": 2327907.488165729}, "cmdq": 1, "read": {"device_start": -1, "device_end": -1}}, "FFC_sans_bias43": {"write": {"device_start": -1, "host_queued_start": 1585660132.97375, "device_queued": -1, "device_end": -1, "host_queued_end": 1585660132.983862}, "device": "cpu", "nd_range": {"device_start": 2327907.528647995, "device_end": 2327907.544201246}, "cmdq": 0, "read": {"device_start": -1, "device_end": -1}}, "FFC_sans_bias40": {"write": {"device_start": -1, "host_queued_start": 1585660132.955375, "device_queued": -1, "device_end": -1, "host_queued_end": 1585660132.983862}, "device": "cpu", "nd_range": {"device_start": 2327907.4058678104, "device_end": 2327907.414514249}, "cmdq": 3, "read": {"device_start": -1, "device_end": -1}}, "FFC_sans_bias46": {"write": {"device_start": -1, "host_queued_start": 1585660132.918634, "device_queued": -1, "device_end": -1, "host_queued_end": 1585660132.983862}, "device": "cpu", "nd_range": {"device_start": 2327907.235943517, "device_end": 2327907.251227429}, "cmdq": 3, "read": {"device_start": -1, "device_end": -1}}, "FFC_sans_bias47": {"write": {"device_start": -1, "host_queued_start": 1585660132.919693, "device_queued": -1, "device_end": -1, "host_queued_end": 1585660132.983862}, "device": "cpu", "nd_range": {"device_start": 2327907.271979792, "device_end": 2327907.287467887}, "cmdq": 0, "read": {"device_start": -1, "device_end": -1}}, "FFC_sans_bias45": {"write": {"device_start": -1, "host_queued_start": 1585660132.917582, "device_queued": -1, "device_end": -1, "host_queued_end": 1585660132.983862}, "device": "cpu", "nd_range": {"device_start": 2327907.2222235883, "device_end": 2327907.237560845}, "cmdq": 2, "read": {"device_start": -1, "device_end": -1}}, "FFC_sans_bias49": {"write": {"device_start": -1, "host_queued_start": 1585660132.955725, "device_queued": -1, "device_end": -1, "host_queued_end": 1585660132.983862}, "device": "cpu", "nd_range": {"device_start": 2327907.418788222, "device_end": 2327907.430512226}, "cmdq": 0, "read": {"device_start": -1, "device_end": -1}}, "softmax77": {"write": {"device_start": -1, "host_queued_start": 1585660132.961553, "device_queued": -1, "device_end": -1, "host_queued_end": 1585660132.983862}, "device": "cpu", "nd_range": {"device_start": 2327907.437487529, "device_end": 2327907.437695764}, "cmdq": 2, "read": {"device_start": -1, "device_end": -1}}, "empty134": {"write": {"device_start": -1, "host_queued_start": 1585660132.900532, "device_queued": -1, "device_end": -1, "host_queued_end": 1585660132.983862}, "device": "cpu", "nd_range": {"device_start": 2327907.1735831, "device_end": 2327907.173583786}, "cmdq": 2, "read": {"device_start": -1, "device_end": -1}}, "coalesced_transpose138": {"write": {"device_start": -1, "host_queued_start": 1585660132.88524, "device_queued": -1, "device_end": -1, "host_queued_end": 1585660132.887339}, "device": "gpu", "nd_range": {"device_start": 1585660065.4401162, "device_end": 1585660065.4409218}, "cmdq": 4, "read": {"device_start": -1, "device_end": -1}}, "FFC_sans_bias119": {"write": {"device_start": -1, "host_queued_start": 1585660132.945317, "device_queued": -1, "device_end": -1, "host_queued_end": 1585660132.983862}, "device": "cpu", "nd_range": {"device_start": 2327907.376998493, "device_end": 2327907.391238396}, "cmdq": 0, "read": {"device_start": -1, "device_end": -1}}, "FFC_sans_bias118": {"write": {"device_start": -1, "host_queued_start": 1585660132.944258, "device_queued": -1, "device_end": -1, "host_queued_end": 1585660132.983862}, "device": "cpu", "nd_range": {"device_start": 2327907.32841781, "device_end": 2327907.343805265}, "cmdq": 3, "read": {"device_start": -1, "device_end": -1}}, "empty143": {"write": {"device_start": 1585660065.439174, "host_queued_start": 1585660132.881456, "device_queued": 1585660065.4390607, "device_end": 1585660065.439206, "host_queued_end": 1585660132.887339}, "device": "gpu", "nd_range": {"device_start": 1585660065.4392152, "device_end": 1585660065.4392266}, "cmdq": 0, "read": {"device_start": -1, "device_end": -1}}, "FFC_sans_bias115": {"write": {"device_start": -1, "host_queued_start": 1585660132.981767, "device_queued": -1, "device_end": -1, "host_queued_end": 1585660132.983862}, "device": "cpu", "nd_range": {"device_start": 2327907.561654374, "device_end": 2327907.577727512}, "cmdq": 0, "read": {"device_start": -1, "device_end": -1}}, "FFC_sans_bias114": {"write": {"device_start": -1, "host_queued_start": 1585660132.967976, "device_queued": -1, "device_end": -1, "host_queued_end": 1585660132.983862}, "device": "cpu", "nd_range": {"device_start": 2327907.503737309, "device_end": 2327907.518960012}, "cmdq": 1, "read": {"device_start": -1, "device_end": -1}}, "FFC_sans_bias117": {"write": {"device_start": -1, "host_queued_start": 1585660132.943214, "device_queued": -1, "device_end": -1, "host_queued_end": 1585660132.983862}, "device": "cpu", "nd_range": {"device_start": 2327907.314544808, "device_end": 2327907.3298045853}, "cmdq": 2, "read": {"device_start": -1, "device_end": -1}}, "softmax5": {"write": {"device_start": -1, "host_queued_start": 1585660132.959279, "device_queued": -1, "device_end": -1, "host_queued_end": 1585660132.983862}, "device": "cpu", "nd_range": {"device_start": 2327907.405756346, "device_end": 2327907.4060439263}, "cmdq": 2, "read": {"device_start": -1, "device_end": -1}}, "FFC_sans_bias110": {"write": {"device_start": -1, "host_queued_start": 1585660132.942135, "device_queued": -1, "device_end": -1, "host_queued_end": 1585660132.983862}, "device": "cpu", "nd_range": {"device_start": 2327907.38761409, "device_end": 2327907.396149997}, "cmdq": 1, "read": {"device_start": -1, "device_end": -1}}, "FFC_sans_bias112": {"write": {"device_start": -1, "host_queued_start": 1585660132.958278, "device_queued": -1, "device_end": -1, "host_queued_end": 1585660132.983862}, "device": "cpu", "nd_range": {"device_start": 2327907.436246947, "device_end": 2327907.452159026}, "cmdq": 3, "read": {"device_start": -1, "device_end": -1}}, "empty53": {"write": {"device_start": -1, "host_queued_start": 1585660132.892995, "device_queued": -1, "device_end": -1, "host_queued_end": 1585660132.983862}, "device": "cpu", "nd_range": {"device_start": 2327907.173546778, "device_end": 2327907.1735479743}, "cmdq": 1, "read": {"device_start": -1, "device_end": -1}}, "coalesced_transpose48": {"write": {"device_start": -1, "host_queued_start": 1585660132.950554, "device_queued": -1, "device_end": -1, "host_queued_end": 1585660132.983862}, "device": "cpu", "nd_range": {"device_start": 2327907.4057529164, "device_end": 2327907.406157249}, "cmdq": 1, "read": {"device_start": -1, "device_end": -1}}}