{"FFC_sans_bias4": {"write": {"device_start": -1, "host_queued_start": 1585661204.344058, "device_queued": -1, "device_end": -1, "host_queued_end": 1585661204.373331}, "device": "cpu", "nd_range": {"device_start": 2328979.1584028304, "device_end": 2328979.324707684}, "cmdq": 0, "read": {"device_start": -1, "device_end": -1}}, "FFC_sans_bias7": {"write": {"device_start": -1, "host_queued_start": 1585661204.358278, "device_queued": -1, "device_end": -1, "host_queued_end": 1585661204.373331}, "device": "cpu", "nd_range": {"device_start": 2328979.627823682, "device_end": 2328979.7505946453}, "cmdq": 0, "read": {"device_start": -1, "device_end": -1}}, "FFC_sans_bias6": {"write": {"device_start": -1, "host_queued_start": 1585661204.351729, "device_queued": -1, "device_end": -1, "host_queued_end": 1585661204.373331}, "device": "cpu", "nd_range": {"device_start": 2328979.4259374454, "device_end": 2328979.5036814013}, "cmdq": 0, "read": {"device_start": -1, "device_end": -1}}, "FFC_sans_bias1": {"write": {"device_start": -1, "host_queued_start": 1585661204.287604, "device_queued": -1, "device_end": -1, "host_queued_end": 1585661204.373331}, "device": "cpu", "nd_range": {"device_start": 2328978.563015447, "device_end": 2328978.632828785}, "cmdq": 1, "read": {"device_start": -1, "device_end": -1}}, "FFC_sans_bias0": {"write": {"device_start": -1, "host_queued_start": 1585661204.284212, "device_queued": -1, "device_end": -1, "host_queued_end": 1585661204.373331}, "device": "cpu", "nd_range": {"device_start": 2328978.563015417, "device_end": 2328978.674467544}, "cmdq": 0, "read": {"device_start": -1, "device_end": -1}}, "FFC_sans_bias2": {"write": {"device_start": -1, "host_queued_start": 1585661204.290909, "device_queued": -1, "device_end": -1, "host_queued_end": 1585661204.373331}, "device": "cpu", "nd_range": {"device_start": 2328978.563059967, "device_end": 2328978.691402324}, "cmdq": 2, "read": {"device_start": -1, "device_end": -1}}, "coalesced_transpose120": {"write": {"device_start": -1, "host_queued_start": 1585661204.218374, "device_queued": -1, "device_end": -1, "host_queued_end": 1585661204.261072}, "device": "gpu", "nd_range": {"device_start": 1585661136.8863857, "device_end": 1585661136.8864198}, "cmdq": 2, "read": {"device_start": -1, "device_end": -1}}, "FFC_sans_bias9": {"write": {"device_start": -1, "host_queued_start": 1585661204.294226, "device_queued": -1, "device_end": -1, "host_queued_end": 1585661204.373331}, "device": "cpu", "nd_range": {"device_start": 2328978.675196589, "device_end": 2328978.743987307}, "cmdq": 0, "read": {"device_start": -1, "device_end": -1}}, "empty71": {"write": {"device_start": 1585661136.7853794, "host_queued_start": 1585661204.09573, "device_queued": 1585661136.7850852, "device_end": 1585661136.7856045, "host_queued_end": 1585661204.261072}, "device": "gpu", "nd_range": {"device_start": 1585661136.7856157, "device_end": 1585661136.785626}, "cmdq": 1, "read": {"device_start": -1, "device_end": -1}}, "softmax41": {"write": {"device_start": -1, "host_queued_start": 1585661204.350321, "device_queued": -1, "device_end": -1, "host_queued_end": 1585661204.373331}, "device": "cpu", "nd_range": {"device_start": 2328979.503687404, "device_end": 2328979.504419145}, "cmdq": 1, "read": {"device_start": -1, "device_end": -1}}, "FFC_sans_bias37": {"write": {"device_start": -1, "host_queued_start": 1585661204.326878, "device_queued": -1, "device_end": -1, "host_queued_end": 1585661204.373331}, "device": "cpu", "nd_range": {"device_start": 2328978.965041105, "device_end": 2328979.074321789}, "cmdq": 1, "read": {"device_start": -1, "device_end": -1}}, "FFC_sans_bias36": {"write": {"device_start": -1, "host_queued_start": 1585661204.323625, "device_queued": -1, "device_end": -1, "host_queued_end": 1585661204.373331}, "device": "cpu", "nd_range": {"device_start": 2328978.925156937, "device_end": 2328979.080191513}, "cmdq": 0, "read": {"device_start": -1, "device_end": -1}}, "FFC_sans_bias34": {"write": {"device_start": -1, "host_queued_start": 1585661204.367235, "device_queued": -1, "device_end": -1, "host_queued_end": 1585661204.373331}, "device": "cpu", "nd_range": {"device_start": 2328979.7506042663, "device_end": 2328979.895046175}, "cmdq": 0, "read": {"device_start": -1, "device_end": -1}}, "FFC_sans_bias33": {"write": {"device_start": -1, "host_queued_start": 1585661204.353543, "device_queued": -1, "device_end": -1, "host_queued_end": 1585661204.373331}, "device": "cpu", "nd_range": {"device_start": 2328979.50382843, "device_end": 2328979.627805512}, "cmdq": 0, "read": {"device_start": -1, "device_end": -1}}, "FFC_sans_bias31": {"write": {"device_start": -1, "host_queued_start": 1585661204.346088, "device_queued": -1, "device_end": -1, "host_queued_end": 1585661204.373331}, "device": "cpu", "nd_range": {"device_start": 2328979.324724669, "device_end": 2328979.424443614}, "cmdq": 0, "read": {"device_start": -1, "device_end": -1}}, "FFC_sans_bias38": {"write": {"device_start": -1, "host_queued_start": 1585661204.330112, "device_queued": -1, "device_end": -1, "host_queued_end": 1585661204.373331}, "device": "cpu", "nd_range": {"device_start": 2328979.027473777, "device_end": 2328979.11501188}, "cmdq": 2, "read": {"device_start": -1, "device_end": -1}}, "coalesced_transpose75": {"write": {"device_start": -1, "host_queued_start": 1585661204.216817, "device_queued": -1, "device_end": -1, "host_queued_end": 1585661204.261072}, "device": "gpu", "nd_range": {"device_start": 1585661136.8864534, "device_end": 1585661136.886483}, "cmdq": 0, "read": {"device_start": -1, "device_end": -1}}, "softmax140": {"write": {"device_start": -1, "host_queued_start": 1585661204.224687, "device_queued": -1, "device_end": -1, "host_queued_end": 1585661204.261072}, "device": "gpu", "nd_range": {"device_start": 1585661136.9204512, "device_end": 1585661136.9208727}, "cmdq": 0, "read": {"device_start": -1, "device_end": -1}}, "empty44": {"write": {"device_start": -1, "host_queued_start": 1585661204.278293, "device_queued": -1, "device_end": -1, "host_queued_end": 1585661204.373331}, "device": "cpu", "nd_range": {"device_start": 2328978.563003329, "device_end": 2328978.563004733}, "cmdq": 1, "read": {"device_start": -1, "device_end": -1}}, "FFC_sans_bias137": {"write": {"device_start": 1585661136.873909, "host_queued_start": 1585661204.21249, "device_queued": 1585661136.7953646, "device_end": 1585661136.874012, "host_queued_end": 1585661204.261072}, "device": "gpu", "nd_range": {"device_start": 1585661136.8740168, "device_end": 1585661136.8832707}, "cmdq": 2, "read": {"device_start": -1, "device_end": -1}}, "empty8": {"write": {"device_start": -1, "host_queued_start": 1585661204.265985, "device_queued": -1, "device_end": -1, "host_queued_end": 1585661204.373331}, "device": "cpu", "nd_range": {"device_start": 2328978.5629602564, "device_end": 2328978.5629752893}, "cmdq": 0, "read": {"device_start": -1, "device_end": -1}}, "softmax50": {"write": {"device_start": -1, "host_queued_start": 1585661204.351129, "device_queued": -1, "device_end": -1, "host_queued_end": 1585661204.373331}, "device": "cpu", "nd_range": {"device_start": 2328979.395352499, "device_end": 2328979.396081684}, "cmdq": 2, "read": {"device_start": -1, "device_end": -1}}, "softmax59": {"write": {"device_start": -1, "host_queued_start": 1585661204.222441, "device_queued": -1, "device_end": -1, "host_queued_end": 1585661204.261072}, "device": "gpu", "nd_range": {"device_start": 1585661136.9191637, "device_end": 1585661136.9195771}, "cmdq": 0, "read": {"device_start": -1, "device_end": -1}}, "FFC_sans_bias142": {"write": {"device_start": 1585661136.9769614, "host_queued_start": 1585661204.260957, "device_queued": 1585661136.8037086, "device_end": 1585661136.9770565, "host_queued_end": 1585661204.261072}, "device": "gpu", "nd_range": {"device_start": 1585661136.9770756, "device_end": 1585661136.9862049}, "cmdq": 2, "read": {"device_start": 1585661136.9862103, "device_end": 1585661136.9863093}}, "FFC_sans_bias141": {"write": {"device_start": -1, "host_queued_start": 1585661204.227956, "device_queued": -1, "device_end": -1, "host_queued_end": 1585661204.261072}, "device": "gpu", "nd_range": {"device_start": 1585661136.9537153, "device_end": 1585661136.960161}, "cmdq": 1, "read": {"device_start": -1, "device_end": -1}}, "FFC_sans_bias24": {"write": {"device_start": -1, "host_queued_start": 1585661204.352941, "device_queued": -1, "device_end": -1, "host_queued_end": 1585661204.373331}, "device": "cpu", "nd_range": {"device_start": 2328979.396089647, "device_end": 2328979.51322251}, "cmdq": 2, "read": {"device_start": -1, "device_end": -1}}, "FFC_sans_bias25": {"write": {"device_start": -1, "host_queued_start": 1585661204.364244, "device_queued": -1, "device_end": -1, "host_queued_end": 1585661204.373331}, "device": "cpu", "nd_range": {"device_start": 2328979.6373179853, "device_end": 2328979.765282351}, "cmdq": 2, "read": {"device_start": -1, "device_end": -1}}, "FFC_sans_bias27": {"write": {"device_start": -1, "host_queued_start": 1585661204.313829, "device_queued": -1, "device_end": -1, "host_queued_end": 1585661204.373331}, "device": "cpu", "nd_range": {"device_start": 2328978.81715432, "device_end": 2328978.925137354}, "cmdq": 0, "read": {"device_start": -1, "device_end": -1}}, "FFC_sans_bias20": {"write": {"device_start": -1, "host_queued_start": 1585661204.310553, "device_queued": -1, "device_end": -1, "host_queued_end": 1585661204.373331}, "device": "cpu", "nd_range": {"device_start": 2328978.8227068423, "device_end": 2328978.949148003}, "cmdq": 2, "read": {"device_start": -1, "device_end": -1}}, "FFC_sans_bias22": {"write": {"device_start": -1, "host_queued_start": 1585661204.345485, "device_queued": -1, "device_end": -1, "host_queued_end": 1585661204.373331}, "device": "cpu", "nd_range": {"device_start": 2328979.229849215, "device_end": 2328979.312070298}, "cmdq": 2, "read": {"device_start": -1, "device_end": -1}}, "FFC_sans_bias130": {"write": {"device_start": -1, "host_queued_start": 1585661204.221866, "device_queued": -1, "device_end": -1, "host_queued_end": 1585661204.261072}, "device": "gpu", "nd_range": {"device_start": 1585661136.902959, "device_end": 1585661136.9126956}, "cmdq": 1, "read": {"device_start": -1, "device_end": -1}}, "FFC_sans_bias28": {"write": {"device_start": -1, "host_queued_start": 1585661204.317118, "device_queued": -1, "device_end": -1, "host_queued_end": 1585661204.373331}, "device": "cpu", "nd_range": {"device_start": 2328978.8944434803, "device_end": 2328978.9648321383}, "cmdq": 1, "read": {"device_start": -1, "device_end": -1}}, "FFC_sans_bias29": {"write": {"device_start": -1, "host_queued_start": 1585661204.320392, "device_queued": -1, "device_end": -1, "host_queued_end": 1585661204.373331}, "device": "cpu", "nd_range": {"device_start": 2328978.949164901, "device_end": 2328979.027457171}, "cmdq": 2, "read": {"device_start": -1, "device_end": -1}}, "coalesced_transpose66": {"write": {"device_start": -1, "host_queued_start": 1585661204.21651, "device_queued": -1, "device_end": -1, "host_queued_end": 1585661204.261072}, "device": "gpu", "nd_range": {"device_start": 1585661136.8832734, "device_end": 1585661136.8863432}, "cmdq": 2, "read": {"device_start": -1, "device_end": -1}}, "coalesced_transpose93": {"write": {"device_start": -1, "host_queued_start": 1585661204.217457, "device_queued": -1, "device_end": -1, "host_queued_end": 1585661204.261072}, "device": "gpu", "nd_range": {"device_start": 1585661136.8863442, "device_end": 1585661136.8863835}, "cmdq": 2, "read": {"device_start": -1, "device_end": -1}}, "softmax23": {"write": {"device_start": -1, "host_queued_start": 1585661204.349255, "device_queued": -1, "device_end": -1, "host_queued_end": 1585661204.373331}, "device": "cpu", "nd_range": {"device_start": 2328979.39458924, "device_end": 2328979.395343238}, "cmdq": 2, "read": {"device_start": -1, "device_end": -1}}, "empty62": {"write": {"device_start": 1585661136.7849727, "host_queued_start": 1585661204.092325, "device_queued": 1585661136.7846122, "device_end": 1585661136.78507, "host_queued_end": 1585661204.261072}, "device": "gpu", "nd_range": {"device_start": 1585661136.785073, "device_end": 1585661136.7850776}, "cmdq": 0, "read": {"device_start": -1, "device_end": -1}}, "FFC_sans_bias10": {"write": {"device_start": -1, "host_queued_start": 1585661204.297514, "device_queued": -1, "device_end": -1, "host_queued_end": 1585661204.373331}, "device": "cpu", "nd_range": {"device_start": 2328978.633073816, "device_end": 2328978.784521683}, "cmdq": 1, "read": {"device_start": -1, "device_end": -1}}, "FFC_sans_bias13": {"write": {"device_start": -1, "host_queued_start": 1585661204.34488, "device_queued": -1, "device_end": -1, "host_queued_end": 1585661204.373331}, "device": "cpu", "nd_range": {"device_start": 2328979.208561383, "device_end": 2328979.317220977}, "cmdq": 1, "read": {"device_start": -1, "device_end": -1}}, "FFC_sans_bias15": {"write": {"device_start": -1, "host_queued_start": 1585661204.352348, "device_queued": -1, "device_end": -1, "host_queued_end": 1585661204.373331}, "device": "cpu", "nd_range": {"device_start": 2328979.504545026, "device_end": 2328979.6483896542}, "cmdq": 1, "read": {"device_start": -1, "device_end": -1}}, "FFC_sans_bias16": {"write": {"device_start": -1, "host_queued_start": 1585661204.361257, "device_queued": -1, "device_end": -1, "host_queued_end": 1585661204.373331}, "device": "cpu", "nd_range": {"device_start": 2328979.754248511, "device_end": 2328979.862996917}, "cmdq": 1, "read": {"device_start": -1, "device_end": -1}}, "FFC_sans_bias19": {"write": {"device_start": -1, "host_queued_start": 1585661204.307305, "device_queued": -1, "device_end": -1, "host_queued_end": 1585661204.373331}, "device": "cpu", "nd_range": {"device_start": 2328978.784758706, "device_end": 2328978.889056615}, "cmdq": 1, "read": {"device_start": -1, "device_end": -1}}, "FFC_sans_bias18": {"write": {"device_start": -1, "host_queued_start": 1585661204.304051, "device_queued": -1, "device_end": -1, "host_queued_end": 1585661204.373331}, "device": "cpu", "nd_range": {"device_start": 2328978.744006662, "device_end": 2328978.8169281064}, "cmdq": 0, "read": {"device_start": -1, "device_end": -1}}, "FFC_sans_bias99": {"write": {"device_start": 1585661136.8315537, "host_queued_start": 1585661204.169143, "device_queued": 1585661136.7922356, "device_end": 1585661136.8316572, "host_queued_end": 1585661204.261072}, "device": "gpu", "nd_range": {"device_start": 1585661136.8316627, "device_end": 1585661136.840954}, "cmdq": 1, "read": {"device_start": -1, "device_end": -1}}, "FFC_sans_bias91": {"write": {"device_start": 1585661136.8250458, "host_queued_start": 1585661204.162537, "device_queued": 1585661136.7916174, "device_end": 1585661136.8251505, "host_queued_end": 1585661204.261072}, "device": "gpu", "nd_range": {"device_start": 1585661136.8251557, "device_end": 1585661136.834417}, "cmdq": 2, "read": {"device_start": -1, "device_end": -1}}, "FFC_sans_bias90": {"write": {"device_start": 1585661136.8217692, "host_queued_start": 1585661204.159248, "device_queued": 1585661136.791479, "device_end": 1585661136.8218722, "host_queued_end": 1585661204.261072}, "device": "gpu", "nd_range": {"device_start": 1585661136.821879, "device_end": 1585661136.8311765}, "cmdq": 1, "read": {"device_start": -1, "device_end": -1}}, "coalesced_transpose12": {"write": {"device_start": -1, "host_queued_start": 1585661204.340833, "device_queued": -1, "device_end": -1, "host_queued_end": 1585661204.373331}, "device": "cpu", "nd_range": {"device_start": 2328979.205852645, "device_end": 2328979.206691111}, "cmdq": 1, "read": {"device_start": -1, "device_end": -1}}, "FFC_sans_bias94": {"write": {"device_start": -1, "host_queued_start": 1585661204.220589, "device_queued": -1, "device_end": -1, "host_queued_end": 1585661204.261072}, "device": "gpu", "nd_range": {"device_start": 1585661136.8996906, "device_end": 1585661136.9094343}, "cmdq": 0, "read": {"device_start": -1, "device_end": -1}}, "FFC_sans_bias97": {"write": {"device_start": 1585661136.9607434, "host_queued_start": 1585661204.244541, "device_queued": 1585661136.8023076, "device_end": 1585661136.9608378, "host_queued_end": 1585661204.261072}, "device": "gpu", "nd_range": {"device_start": 1585661136.960856, "device_end": 1585661136.9699757}, "cmdq": 0, "read": {"device_start": 1585661136.9699779, "device_end": 1585661136.9700692}}, "FFC_sans_bias96": {"write": {"device_start": -1, "host_queued_start": 1585661204.226359, "device_queued": -1, "device_end": -1, "host_queued_end": 1585661204.261072}, "device": "gpu", "nd_range": {"device_start": 1585661136.9309402, "device_end": 1585661136.9406896}, "cmdq": 2, "read": {"device_start": -1, "device_end": -1}}, "FFC_sans_bias124": {"write": {"device_start": 1585661136.9705157, "host_queued_start": 1585661204.254545, "device_queued": 1585661136.8031662, "device_end": 1585661136.9706073, "host_queued_end": 1585661204.261072}, "device": "gpu", "nd_range": {"device_start": 1585661136.9706235, "device_end": 1585661136.979689}, "cmdq": 0, "read": {"device_start": 1585661136.9796977, "device_end": 1585661136.9797876}}, "FFC_sans_bias126": {"write": {"device_start": 1585661136.8641825, "host_queued_start": 1585661204.202569, "device_queued": 1585661136.7946148, "device_end": 1585661136.8642986, "host_queued_end": 1585661204.261072}, "device": "gpu", "nd_range": {"device_start": 1585661136.8643079, "device_end": 1585661136.8734434}, "cmdq": 2, "read": {"device_start": -1, "device_end": -1}}, "softmax32": {"write": {"device_start": -1, "host_queued_start": 1585661204.34978, "device_queued": -1, "device_end": -1, "host_queued_end": 1585661204.373331}, "device": "cpu", "nd_range": {"device_start": 2328979.425195461, "device_end": 2328979.425929374}, "cmdq": 0, "read": {"device_start": -1, "device_end": -1}}, "coalesced_transpose84": {"write": {"device_start": -1, "host_queued_start": 1585661204.217124, "device_queued": -1, "device_end": -1, "host_queued_end": 1585661204.261072}, "device": "gpu", "nd_range": {"device_start": 1585661136.886322, "device_end": 1585661136.886368}, "cmdq": 1, "read": {"device_start": -1, "device_end": -1}}, "FFC_sans_bias121": {"write": {"device_start": -1, "host_queued_start": 1585661204.221552, "device_queued": -1, "device_end": -1, "host_queued_end": 1585661204.261072}, "device": "gpu", "nd_range": {"device_start": 1585661136.9094512, "device_end": 1585661136.9191465}, "cmdq": 0, "read": {"device_start": -1, "device_end": -1}}, "empty98": {"write": {"device_start": 1585661136.7863727, "host_queued_start": 1585661204.10361, "device_queued": 1585661136.786038, "device_end": 1585661136.7866457, "host_queued_end": 1585661204.261072}, "device": "gpu", "nd_range": {"device_start": 1585661136.7866561, "device_end": 1585661136.786661}, "cmdq": 1, "read": {"device_start": -1, "device_end": -1}}, "empty107": {"write": {"device_start": 1585661136.7866826, "host_queued_start": 1585661204.106185, "device_queued": 1585661136.786315, "device_end": 1585661136.786939, "host_queued_end": 1585661204.261072}, "device": "gpu", "nd_range": {"device_start": 1585661136.7869482, "device_end": 1585661136.7869527}, "cmdq": 2, "read": {"device_start": -1, "device_end": -1}}, "empty17": {"write": {"device_start": -1, "host_queued_start": 1585661204.269355, "device_queued": -1, "device_end": -1, "host_queued_end": 1585661204.373331}, "device": "cpu", "nd_range": {"device_start": 2328978.562964181, "device_end": 2328978.5629752893}, "cmdq": 1, "read": {"device_start": -1, "device_end": -1}}, "FFC_sans_bias87": {"write": {"device_start": -1, "host_queued_start": 1585661204.225958, "device_queued": -1, "device_end": -1, "host_queued_end": 1585661204.261072}, "device": "gpu", "nd_range": {"device_start": 1585661136.9342458, "device_end": 1585661136.943956}, "cmdq": 1, "read": {"device_start": -1, "device_end": -1}}, "FFC_sans_bias85": {"write": {"device_start": -1, "host_queued_start": 1585661204.220267, "device_queued": -1, "device_end": -1, "host_queued_end": 1585661204.261072}, "device": "gpu", "nd_range": {"device_start": 1585661136.8898602, "device_end": 1585661136.8963895}, "cmdq": 2, "read": {"device_start": -1, "device_end": -1}}, "FFC_sans_bias82": {"write": {"device_start": 1585661136.81532, "host_queued_start": 1585661204.152643, "device_queued": 1585661136.7909045, "device_end": 1585661136.8154228, "host_queued_end": 1585661204.261072}, "device": "gpu", "nd_range": {"device_start": 1585661136.8154306, "device_end": 1585661136.8246715}, "cmdq": 2, "read": {"device_start": -1, "device_end": -1}}, "FFC_sans_bias83": {"write": {"device_start": 1585661136.8185525, "host_queued_start": 1585661204.155932, "device_queued": 1585661136.7912443, "device_end": 1585661136.8186574, "host_queued_end": 1585661204.261072}, "device": "gpu", "nd_range": {"device_start": 1585661136.8186636, "device_end": 1585661136.827945}, "cmdq": 0, "read": {"device_start": -1, "device_end": -1}}, "FFC_sans_bias81": {"write": {"device_start": 1585661136.8120174, "host_queued_start": 1585661204.149312, "device_queued": 1585661136.790781, "device_end": 1585661136.8121207, "host_queued_end": 1585661204.261072}, "device": "gpu", "nd_range": {"device_start": 1585661136.8121257, "device_end": 1585661136.8213725}, "cmdq": 1, "read": {"device_start": -1, "device_end": -1}}, "FFC_sans_bias88": {"write": {"device_start": 1585661136.9576046, "host_queued_start": 1585661204.241221, "device_queued": 1585661136.8018532, "device_end": 1585661136.9577014, "host_queued_end": 1585661204.261072}, "device": "gpu", "nd_range": {"device_start": 1585661136.9577222, "device_end": 1585661136.9634352}, "cmdq": 2, "read": {"device_start": 1585661136.9670897, "device_end": 1585661136.9673417}}, "coalesced_transpose30": {"write": {"device_start": -1, "host_queued_start": 1585661204.342236, "device_queued": -1, "device_end": -1, "host_queued_end": 1585661204.373331}, "device": "cpu", "nd_range": {"device_start": 2328979.157552365, "device_end": 2328979.158395024}, "cmdq": 0, "read": {"device_start": -1, "device_end": -1}}, "FFC_sans_bias128": {"write": {"device_start": 1585661136.8608274, "host_queued_start": 1585661204.199191, "device_queued": 1585661136.7944832, "device_end": 1585661136.860929, "host_queued_end": 1585661204.261072}, "device": "gpu", "nd_range": {"device_start": 1585661136.860935, "device_end": 1585661136.870227}, "cmdq": 1, "read": {"device_start": -1, "device_end": -1}}, "coalesced_transpose39": {"write": {"device_start": -1, "host_queued_start": 1585661204.342828, "device_queued": -1, "device_end": -1, "host_queued_end": 1585661204.373331}, "device": "cpu", "nd_range": {"device_start": 2328979.2068336722, "device_end": 2328979.2083939672}, "cmdq": 1, "read": {"device_start": -1, "device_end": -1}}, "FFC_sans_bias79": {"write": {"device_start": 1585661136.9604044, "host_queued_start": 1585661204.237854, "device_queued": 1585661136.8014824, "device_end": 1585661136.9604983, "host_queued_end": 1585661204.261072}, "device": "gpu", "nd_range": {"device_start": 1585661136.9605176, "device_end": 1585661136.9666789}, "cmdq": 1, "read": {"device_start": 1585661136.9666886, "device_end": 1585661136.9668045}}, "FFC_sans_bias78": {"write": {"device_start": -1, "host_queued_start": 1585661204.225638, "device_queued": -1, "device_end": -1, "host_queued_end": 1585661204.261072}, "device": "gpu", "nd_range": {"device_start": 1585661136.920889, "device_end": 1585661136.924212}, "cmdq": 0, "read": {"device_start": -1, "device_end": -1}}, "FFC_sans_bias73": {"write": {"device_start": 1585661136.8054616, "host_queued_start": 1585661204.142651, "device_queued": 1585661136.7902093, "device_end": 1585661136.8055594, "host_queued_end": 1585661204.261072}, "device": "gpu", "nd_range": {"device_start": 1585661136.805564, "device_end": 1585661136.8149307}, "cmdq": 2, "read": {"device_start": -1, "device_end": -1}}, "FFC_sans_bias72": {"write": {"device_start": 1585661136.8021924, "host_queued_start": 1585661204.13934, "device_queued": 1585661136.7900856, "device_end": 1585661136.8022938, "host_queued_end": 1585661204.261072}, "device": "gpu", "nd_range": {"device_start": 1585661136.802298, "device_end": 1585661136.8116531}, "cmdq": 1, "read": {"device_start": -1, "device_end": -1}}, "FFC_sans_bias70": {"write": {"device_start": 1585661136.9377356, "host_queued_start": 1585661204.234542, "device_queued": 1585661136.8013139, "device_end": 1585661136.9378371, "host_queued_end": 1585661204.261072}, "device": "gpu", "nd_range": {"device_start": 1585661136.9378583, "device_end": 1585661136.947187}, "cmdq": 0, "read": {"device_start": 1585661136.9471955, "device_end": 1585661136.9472923}}, "FFC_sans_bias76": {"write": {"device_start": -1, "host_queued_start": 1585661204.219952, "device_queued": -1, "device_end": -1, "host_queued_end": 1585661204.261072}, "device": "gpu", "nd_range": {"device_start": 1585661136.8865159, "device_end": 1585661136.893155}, "cmdq": 1, "read": {"device_start": -1, "device_end": -1}}, "FFC_sans_bias74": {"write": {"device_start": 1585661136.808782, "host_queued_start": 1585661204.145963, "device_queued": 1585661136.7905495, "device_end": 1585661136.8088822, "host_queued_end": 1585661204.261072}, "device": "gpu", "nd_range": {"device_start": 1585661136.8088856, "device_end": 1585661136.8181775}, "cmdq": 0, "read": {"device_start": -1, "device_end": -1}}, "coalesced_transpose102": {"write": {"device_start": -1, "host_queued_start": 1585661204.217762, "device_queued": -1, "device_end": -1, "host_queued_end": 1585661204.261072}, "device": "gpu", "nd_range": {"device_start": 1585661136.8864934, "device_end": 1585661136.8896663}, "cmdq": 0, "read": {"device_start": -1, "device_end": -1}}, "coalesced_transpose3": {"write": {"device_start": -1, "host_queued_start": 1585661204.340201, "device_queued": -1, "device_end": -1, "host_queued_end": 1585661204.373331}, "device": "cpu", "nd_range": {"device_start": 2328979.156686785, "device_end": 2328979.157542711}, "cmdq": 0, "read": {"device_start": -1, "device_end": -1}}, "FFC_sans_bias127": {"write": {"device_start": 1585661136.867409, "host_queued_start": 1585661204.205856, "device_queued": 1585661136.794977, "device_end": 1585661136.8675282, "host_queued_end": 1585661204.261072}, "device": "gpu", "nd_range": {"device_start": 1585661136.867535, "device_end": 1585661136.8767092}, "cmdq": 0, "read": {"device_start": -1, "device_end": -1}}, "empty89": {"write": {"device_start": 1585661136.7860518, "host_queued_start": 1585661204.100998, "device_queued": 1585661136.7856336, "device_end": 1585661136.786295, "host_queued_end": 1585661204.261072}, "device": "gpu", "nd_range": {"device_start": 1585661136.7863057, "device_end": 1585661136.7863097}, "cmdq": 0, "read": {"device_start": -1, "device_end": -1}}, "FFC_sans_bias123": {"write": {"device_start": -1, "host_queued_start": 1585661204.227322, "device_queued": -1, "device_end": -1, "host_queued_end": 1585661204.261072}, "device": "gpu", "nd_range": {"device_start": 1585661136.9407063, "device_end": 1585661136.950431}, "cmdq": 2, "read": {"device_start": -1, "device_end": -1}}, "empty80": {"write": {"device_start": 1585661136.7857354, "host_queued_start": 1585661204.09836, "device_queued": 1585661136.7852602, "device_end": 1585661136.7860155, "host_queued_end": 1585661204.261072}, "device": "gpu", "nd_range": {"device_start": 1585661136.7860203, "device_end": 1585661136.7860272}, "cmdq": 2, "read": {"device_start": -1, "device_end": -1}}, "empty116": {"write": {"device_start": 1585661136.7869911, "host_queued_start": 1585661204.108794, "device_queued": 1585661136.7866647, "device_end": 1585661136.7872295, "host_queued_end": 1585661204.261072}, "device": "gpu", "nd_range": {"device_start": 1585661136.7872365, "device_end": 1585661136.7872403}, "cmdq": 0, "read": {"device_start": -1, "device_end": -1}}, "softmax104": {"write": {"device_start": -1, "host_queued_start": 1585661204.223688, "device_queued": -1, "device_end": -1, "host_queued_end": 1585661204.261072}, "device": "gpu", "nd_range": {"device_start": 1585661136.9205453, "device_end": 1585661136.9210246}, "cmdq": 2, "read": {"device_start": -1, "device_end": -1}}, "coalesced_transpose21": {"write": {"device_start": -1, "host_queued_start": 1585661204.341652, "device_queued": -1, "device_end": -1, "host_queued_end": 1585661204.373331}, "device": "cpu", "nd_range": {"device_start": 2328979.227707243, "device_end": 2328979.228776291}, "cmdq": 2, "read": {"device_start": -1, "device_end": -1}}, "softmax14": {"write": {"device_start": -1, "host_queued_start": 1585661204.348735, "device_queued": -1, "device_end": -1, "host_queued_end": 1585661204.373331}, "device": "cpu", "nd_range": {"device_start": 2328979.502841556, "device_end": 2328979.503543}, "cmdq": 1, "read": {"device_start": -1, "device_end": -1}}, "FFC_sans_bias69": {"write": {"device_start": -1, "host_queued_start": 1585661204.225319, "device_queued": -1, "device_end": -1, "host_queued_end": 1585661204.261072}, "device": "gpu", "nd_range": {"device_start": 1585661136.9259, "device_end": 1585661136.9309237}, "cmdq": 2, "read": {"device_start": -1, "device_end": -1}}, "FFC_sans_bias92": {"write": {"device_start": 1585661136.828328, "host_queued_start": 1585661204.16586, "device_queued": 1585661136.7919579, "device_end": 1585661136.828433, "host_queued_end": 1585661204.261072}, "device": "gpu", "nd_range": {"device_start": 1585661136.8284376, "device_end": 1585661136.8377006}, "cmdq": 0, "read": {"device_start": -1, "device_end": -1}}, "FFC_sans_bias60": {"write": {"device_start": -1, "host_queued_start": 1585661204.224999, "device_queued": -1, "device_end": -1, "host_queued_end": 1585661204.261072}, "device": "gpu", "nd_range": {"device_start": 1585661136.9259198, "device_end": 1585661136.9342291}, "cmdq": 1, "read": {"device_start": -1, "device_end": -1}}, "FFC_sans_bias61": {"write": {"device_start": 1585661136.9506993, "host_queued_start": 1585661204.231191, "device_queued": 1585661136.8009224, "device_end": 1585661136.950793, "host_queued_end": 1585661204.261072}, "device": "gpu", "nd_range": {"device_start": 1585661136.950811, "device_end": 1585661136.9569793}, "cmdq": 2, "read": {"device_start": 1585661136.95699, "device_end": 1585661136.9570901}}, "FFC_sans_bias63": {"write": {"device_start": 1585661136.7990153, "host_queued_start": 1585661204.136041, "device_queued": 1585661136.7898521, "device_end": 1585661136.7991154, "host_queued_end": 1585661204.261072}, "device": "gpu", "nd_range": {"device_start": 1585661136.79912, "device_end": 1585661136.8083942}, "cmdq": 0, "read": {"device_start": -1, "device_end": -1}}, "FFC_sans_bias64": {"write": {"device_start": 1585661136.7923932, "host_queued_start": 1585661204.129408, "device_queued": 1585661136.7893622, "device_end": 1585661136.7924953, "host_queued_end": 1585661204.261072}, "device": "gpu", "nd_range": {"device_start": 1585661136.7924984, "device_end": 1585661136.801852}, "cmdq": 1, "read": {"device_start": -1, "device_end": -1}}, "FFC_sans_bias65": {"write": {"device_start": 1585661136.7957096, "host_queued_start": 1585661204.132746, "device_queued": 1585661136.789488, "device_end": 1585661136.7958126, "host_queued_end": 1585661204.261072}, "device": "gpu", "nd_range": {"device_start": 1585661136.795817, "device_end": 1585661136.805121}, "cmdq": 2, "read": {"device_start": -1, "device_end": -1}}, "FFC_sans_bias67": {"write": {"device_start": -1, "host_queued_start": 1585661204.219634, "device_queued": -1, "device_end": -1, "host_queued_end": 1585661204.261072}, "device": "gpu", "nd_range": {"device_start": 1585661136.8929808, "device_end": 1585661136.8996706}, "cmdq": 0, "read": {"device_start": -1, "device_end": -1}}, "coalesced_transpose111": {"write": {"device_start": -1, "host_queued_start": 1585661204.218065, "device_queued": -1, "device_end": -1, "host_queued_end": 1585661204.261072}, "device": "gpu", "nd_range": {"device_start": 1585661136.88638, "device_end": 1585661136.8864136}, "cmdq": 1, "read": {"device_start": -1, "device_end": -1}}, "FFC_sans_bias136": {"write": {"device_start": 1585661136.8706307, "host_queued_start": 1585661204.209149, "device_queued": 1585661136.7952294, "device_end": 1585661136.870741, "host_queued_end": 1585661204.261072}, "device": "gpu", "nd_range": {"device_start": 1585661136.8707466, "device_end": 1585661136.8799996}, "cmdq": 1, "read": {"device_start": -1, "device_end": -1}}, "FFC_sans_bias135": {"write": {"device_start": 1585661136.8771498, "host_queued_start": 1585661204.215848, "device_queued": 1585661136.795869, "device_end": 1585661136.877251, "host_queued_end": 1585661204.261072}, "device": "gpu", "nd_range": {"device_start": 1585661136.8772573, "device_end": 1585661136.886448}, "cmdq": 0, "read": {"device_start": -1, "device_end": -1}}, "FFC_sans_bias133": {"write": {"device_start": 1585661136.97377, "host_queued_start": 1585661204.257897, "device_queued": 1585661136.80332, "device_end": 1585661136.9738648, "host_queued_end": 1585661204.261072}, "device": "gpu", "nd_range": {"device_start": 1585661136.9738817, "device_end": 1585661136.982944}, "cmdq": 1, "read": {"device_start": 1585661136.9829464, "device_end": 1585661136.9830346}}, "FFC_sans_bias132": {"write": {"device_start": -1, "host_queued_start": 1585661204.227642, "device_queued": -1, "device_end": -1, "host_queued_end": 1585661204.261072}, "device": "gpu", "nd_range": {"device_start": 1585661136.927624, "device_end": 1585661136.9374292}, "cmdq": 0, "read": {"device_start": -1, "device_end": -1}}, "softmax68": {"write": {"device_start": -1, "host_queued_start": 1585661204.2227, "device_queued": -1, "device_end": -1, "host_queued_end": 1585661204.261072}, "device": "gpu", "nd_range": {"device_start": 1585661136.912714, "device_end": 1585661136.920551}, "cmdq": 1, "read": {"device_start": -1, "device_end": -1}}, "softmax131": {"write": {"device_start": -1, "host_queued_start": 1585661204.224442, "device_queued": -1, "device_end": -1, "host_queued_end": 1585661204.261072}, "device": "gpu", "nd_range": {"device_start": 1585661136.9210422, "device_end": 1585661136.9258835}, "cmdq": 2, "read": {"device_start": -1, "device_end": -1}}, "empty125": {"write": {"device_start": 1585661136.7872949, "host_queued_start": 1585661204.111391, "device_queued": 1585661136.7869575, "device_end": 1585661136.7875836, "host_queued_end": 1585661204.261072}, "device": "gpu", "nd_range": {"device_start": 1585661136.7876015, "device_end": 1585661136.7876115}, "cmdq": 1, "read": {"device_start": -1, "device_end": -1}}, "FFC_sans_bias139": {"write": {"device_start": -1, "host_queued_start": 1585661204.222184, "device_queued": -1, "device_end": -1, "host_queued_end": 1585661204.261072}, "device": "gpu", "nd_range": {"device_start": 1585661136.9062169, "device_end": 1585661136.9159234}, "cmdq": 2, "read": {"device_start": -1, "device_end": -1}}, "empty35": {"write": {"device_start": -1, "host_queued_start": 1585661204.275512, "device_queued": -1, "device_end": -1, "host_queued_end": 1585661204.373331}, "device": "cpu", "nd_range": {"device_start": 2328978.5630032173, "device_end": 2328978.5630047224}, "cmdq": 0, "read": {"device_start": -1, "device_end": -1}}, "softmax86": {"write": {"device_start": -1, "host_queued_start": 1585661204.223196, "device_queued": -1, "device_end": -1, "host_queued_end": 1585661204.261072}, "device": "gpu", "nd_range": {"device_start": 1585661136.9195943, "device_end": 1585661136.9200056}, "cmdq": 0, "read": {"device_start": -1, "device_end": -1}}, "FFC_sans_bias55": {"write": {"device_start": 1585661136.7892427, "host_queued_start": 1585661204.126088, "device_queued": 1585661136.7889745, "device_end": 1585661136.7893527, "host_queued_end": 1585661204.261072}, "device": "gpu", "nd_range": {"device_start": 1585661136.789355, "device_end": 1585661136.798658}, "cmdq": 0, "read": {"device_start": -1, "device_end": -1}}, "FFC_sans_bias54": {"write": {"device_start": 1585661136.7887247, "host_queued_start": 1585661204.122775, "device_queued": 1585661136.7883291, "device_end": 1585661136.78884, "host_queued_end": 1585661204.261072}, "device": "gpu", "nd_range": {"device_start": 1585661136.7888758, "device_end": 1585661136.7953846}, "cmdq": 2, "read": {"device_start": -1, "device_end": -1}}, "FFC_sans_bias56": {"write": {"device_start": 1585661136.7883737, "host_queued_start": 1585661204.119744, "device_queued": 1585661136.78783, "device_end": 1585661136.788669, "host_queued_end": 1585661204.261072}, "device": "gpu", "nd_range": {"device_start": 1585661136.7887008, "device_end": 1585661136.7920709}, "cmdq": 1, "read": {"device_start": -1, "device_end": -1}}, "FFC_sans_bias51": {"write": {"device_start": -1, "host_queued_start": 1585661204.35503, "device_queued": -1, "device_end": -1, "host_queued_end": 1585661204.373331}, "device": "cpu", "nd_range": {"device_start": 2328979.513387496, "device_end": 2328979.637150572}, "cmdq": 2, "read": {"device_start": -1, "device_end": -1}}, "FFC_sans_bias52": {"write": {"device_start": -1, "host_queued_start": 1585661204.373276, "device_queued": -1, "device_end": -1, "host_queued_end": 1585661204.373331}, "device": "cpu", "nd_range": {"device_start": 2328979.765294433, "device_end": 2328979.887241148}, "cmdq": 2, "read": {"device_start": -1, "device_end": -1}}, "FFC_sans_bias58": {"write": {"device_start": -1, "host_queued_start": 1585661204.219318, "device_queued": -1, "device_end": -1, "host_queued_end": 1585661204.261072}, "device": "gpu", "nd_range": {"device_start": 1585661136.886478, "device_end": 1585661136.8898413}, "cmdq": 2, "read": {"device_start": -1, "device_end": -1}}, "FFC_sans_bias108": {"write": {"device_start": 1585661136.841335, "host_queued_start": 1585661204.179255, "device_queued": 1585661136.7930276, "device_end": 1585661136.8414402, "host_queued_end": 1585661204.261072}, "device": "gpu", "nd_range": {"device_start": 1585661136.841444, "device_end": 1585661136.8507404}, "cmdq": 1, "read": {"device_start": -1, "device_end": -1}}, "FFC_sans_bias109": {"write": {"device_start": 1585661136.8445454, "host_queued_start": 1585661204.182624, "device_queued": 1585661136.7931569, "device_end": 1585661136.8446481, "host_queued_end": 1585661204.261072}, "device": "gpu", "nd_range": {"device_start": 1585661136.8446543, "device_end": 1585661136.8539286}, "cmdq": 2, "read": {"device_start": -1, "device_end": -1}}, "coalesced_transpose129": {"write": {"device_start": -1, "host_queued_start": 1585661204.218691, "device_queued": -1, "device_end": -1, "host_queued_end": 1585661204.261072}, "device": "gpu", "nd_range": {"device_start": 1585661136.8896675, "device_end": 1585661136.8929627}, "cmdq": 0, "read": {"device_start": -1, "device_end": -1}}, "FFC_sans_bias103": {"write": {"device_start": -1, "host_queued_start": 1585661204.220904, "device_queued": -1, "device_end": -1, "host_queued_end": 1585661204.261072}, "device": "gpu", "nd_range": {"device_start": 1585661136.893174, "device_end": 1585661136.9029415}, "cmdq": 1, "read": {"device_start": -1, "device_end": -1}}, "FFC_sans_bias100": {"write": {"device_start": 1585661136.8348048, "host_queued_start": 1585661204.172617, "device_queued": 1585661136.792393, "device_end": 1585661136.8349085, "host_queued_end": 1585661204.261072}, "device": "gpu", "nd_range": {"device_start": 1585661136.8349152, "device_end": 1585661136.8441703}, "cmdq": 2, "read": {"device_start": -1, "device_end": -1}}, "FFC_sans_bias101": {"write": {"device_start": 1585661136.8380852, "host_queued_start": 1585661204.175933, "device_queued": 1585661136.7927902, "device_end": 1585661136.8381886, "host_queued_end": 1585661204.261072}, "device": "gpu", "nd_range": {"device_start": 1585661136.838196, "device_end": 1585661136.8474495}, "cmdq": 0, "read": {"device_start": -1, "device_end": -1}}, "FFC_sans_bias106": {"write": {"device_start": 1585661136.9674342, "host_queued_start": 1585661204.247865, "device_queued": 1585661136.8024852, "device_end": 1585661136.967707, "host_queued_end": 1585661204.261072}, "device": "gpu", "nd_range": {"device_start": 1585661136.9677348, "device_end": 1585661136.973226}, "cmdq": 1, "read": {"device_start": 1585661136.9732294, "device_end": 1585661136.9733307}}, "softmax122": {"write": {"device_start": -1, "host_queued_start": 1585661204.224191, "device_queued": -1, "device_end": -1, "host_queued_end": 1585661204.261072}, "device": "gpu", "nd_range": {"device_start": 1585661136.921073, "device_end": 1585661136.9259045}, "cmdq": 1, "read": {"device_start": -1, "device_end": -1}}, "FFC_sans_bias105": {"write": {"device_start": -1, "host_queued_start": 1585661204.22669, "device_queued": -1, "device_end": -1, "host_queued_end": 1585661204.261072}, "device": "gpu", "nd_range": {"device_start": 1585661136.9242277, "device_end": 1585661136.9276083}, "cmdq": 0, "read": {"device_start": -1, "device_end": -1}}, "softmax95": {"write": {"device_start": -1, "host_queued_start": 1585661204.223443, "device_queued": -1, "device_end": -1, "host_queued_end": 1585661204.261072}, "device": "gpu", "nd_range": {"device_start": 1585661136.9205663, "device_end": 1585661136.9210558}, "cmdq": 1, "read": {"device_start": -1, "device_end": -1}}, "coalesced_transpose57": {"write": {"device_start": -1, "host_queued_start": 1585661204.216199, "device_queued": -1, "device_end": -1, "host_queued_end": 1585661204.261072}, "device": "gpu", "nd_range": {"device_start": 1585661136.8800018, "device_end": 1585661136.8863153}, "cmdq": 1, "read": {"device_start": -1, "device_end": -1}}, "empty26": {"write": {"device_start": -1, "host_queued_start": 1585661204.272556, "device_queued": -1, "device_end": -1, "host_queued_end": 1585661204.373331}, "device": "cpu", "nd_range": {"device_start": 2328978.56302569, "device_end": 2328978.563030215}, "cmdq": 2, "read": {"device_start": -1, "device_end": -1}}, "softmax113": {"write": {"device_start": -1, "host_queued_start": 1585661204.223938, "device_queued": -1, "device_end": -1, "host_queued_end": 1585661204.261072}, "device": "gpu", "nd_range": {"device_start": 1585661136.920023, "device_end": 1585661136.920434}, "cmdq": 0, "read": {"device_start": -1, "device_end": -1}}, "FFC_sans_bias11": {"write": {"device_start": -1, "host_queued_start": 1585661204.300789, "device_queued": -1, "device_end": -1, "host_queued_end": 1585661204.373331}, "device": "cpu", "nd_range": {"device_start": 2328978.6914241523, "device_end": 2328978.8225125084}, "cmdq": 2, "read": {"device_start": -1, "device_end": -1}}, "FFC_sans_bias42": {"write": {"device_start": -1, "host_queued_start": 1585661204.354405, "device_queued": -1, "device_end": -1, "host_queued_end": 1585661204.373331}, "device": "cpu", "nd_range": {"device_start": 2328979.660014503, "device_end": 2328979.754230856}, "cmdq": 1, "read": {"device_start": -1, "device_end": -1}}, "FFC_sans_bias43": {"write": {"device_start": -1, "host_queued_start": 1585661204.370241, "device_queued": -1, "device_end": -1, "host_queued_end": 1585661204.373331}, "device": "cpu", "nd_range": {"device_start": 2328979.863009957, "device_end": 2328979.920182721}, "cmdq": 1, "read": {"device_start": -1, "device_end": -1}}, "FFC_sans_bias40": {"write": {"device_start": -1, "host_queued_start": 1585661204.34679, "device_queued": -1, "device_end": -1, "host_queued_end": 1585661204.373331}, "device": "cpu", "nd_range": {"device_start": 2328979.317409758, "device_end": 2328979.502618987}, "cmdq": 1, "read": {"device_start": -1, "device_end": -1}}, "FFC_sans_bias46": {"write": {"device_start": -1, "host_queued_start": 1585661204.336625, "device_queued": -1, "device_end": -1, "host_queued_end": 1585661204.373331}, "device": "cpu", "nd_range": {"device_start": 2328979.074557166, "device_end": 2328979.2056292673}, "cmdq": 1, "read": {"device_start": -1, "device_end": -1}}, "FFC_sans_bias47": {"write": {"device_start": -1, "host_queued_start": 1585661204.339836, "device_queued": -1, "device_end": -1, "host_queued_end": 1585661204.373331}, "device": "cpu", "nd_range": {"device_start": 2328979.115032798, "device_end": 2328979.227676297}, "cmdq": 2, "read": {"device_start": -1, "device_end": -1}}, "FFC_sans_bias45": {"write": {"device_start": -1, "host_queued_start": 1585661204.333396, "device_queued": -1, "device_end": -1, "host_queued_end": 1585661204.373331}, "device": "cpu", "nd_range": {"device_start": 2328979.080208402, "device_end": 2328979.156673621}, "cmdq": 0, "read": {"device_start": -1, "device_end": -1}}, "FFC_sans_bias49": {"write": {"device_start": -1, "host_queued_start": 1585661204.347495, "device_queued": -1, "device_end": -1, "host_queued_end": 1585661204.373331}, "device": "cpu", "nd_range": {"device_start": 2328979.312085297, "device_end": 2328979.394573418}, "cmdq": 2, "read": {"device_start": -1, "device_end": -1}}, "softmax77": {"write": {"device_start": -1, "host_queued_start": 1585661204.222951, "device_queued": -1, "device_end": -1, "host_queued_end": 1585661204.261072}, "device": "gpu", "nd_range": {"device_start": 1585661136.9159412, "device_end": 1585661136.9205284}, "cmdq": 2, "read": {"device_start": -1, "device_end": -1}}, "empty134": {"write": {"device_start": 1585661136.7875886, "host_queued_start": 1585661204.114029, "device_queued": 1585661136.7872484, "device_end": 1585661136.7878108, "host_queued_end": 1585661204.261072}, "device": "gpu", "nd_range": {"device_start": 1585661136.7878227, "device_end": 1585661136.7878275}, "cmdq": 2, "read": {"device_start": -1, "device_end": -1}}, "coalesced_transpose138": {"write": {"device_start": -1, "host_queued_start": 1585661204.218997, "device_queued": -1, "device_end": -1, "host_queued_end": 1585661204.261072}, "device": "gpu", "nd_range": {"device_start": 1585661136.8864148, "device_end": 1585661136.8864398}, "cmdq": 1, "read": {"device_start": -1, "device_end": -1}}, "FFC_sans_bias119": {"write": {"device_start": 1585661136.8575788, "host_queued_start": 1585661204.195869, "device_queued": 1585661136.7942436, "device_end": 1585661136.8576815, "host_queued_end": 1585661204.261072}, "device": "gpu", "nd_range": {"device_start": 1585661136.8576863, "device_end": 1585661136.8669684}, "cmdq": 0, "read": {"device_start": -1, "device_end": -1}}, "FFC_sans_bias118": {"write": {"device_start": 1585661136.8543077, "host_queued_start": 1585661204.192543, "device_queued": 1585661136.793894, "device_end": 1585661136.8544116, "host_queued_end": 1585661204.261072}, "device": "gpu", "nd_range": {"device_start": 1585661136.854417, "device_end": 1585661136.8637474}, "cmdq": 2, "read": {"device_start": -1, "device_end": -1}}, "empty143": {"write": {"device_start": 1585661136.7879436, "host_queued_start": 1585661204.116658, "device_queued": 1585661136.7875996, "device_end": 1585661136.7883055, "host_queued_end": 1585661204.261072}, "device": "gpu", "nd_range": {"device_start": 1585661136.788316, "device_end": 1585661136.7883203}, "cmdq": 0, "read": {"device_start": -1, "device_end": -1}}, "FFC_sans_bias115": {"write": {"device_start": 1585661136.9679658, "host_queued_start": 1585661204.251211, "device_queued": 1585661136.8028686, "device_end": 1585661136.9680612, "host_queued_end": 1585661204.261072}, "device": "gpu", "nd_range": {"device_start": 1585661136.9680777, "device_end": 1585661136.976427}, "cmdq": 2, "read": {"device_start": 1585661136.9764297, "device_end": 1585661136.9765296}}, "FFC_sans_bias114": {"write": {"device_start": -1, "host_queued_start": 1585661204.227005, "device_queued": -1, "device_end": -1, "host_queued_end": 1585661204.261072}, "device": "gpu", "nd_range": {"device_start": 1585661136.943972, "device_end": 1585661136.9536989}, "cmdq": 1, "read": {"device_start": -1, "device_end": -1}}, "FFC_sans_bias117": {"write": {"device_start": 1585661136.8511176, "host_queued_start": 1585661204.189239, "device_queued": 1585661136.7937653, "device_end": 1585661136.8512197, "host_queued_end": 1585661204.261072}, "device": "gpu", "nd_range": {"device_start": 1585661136.8512254, "device_end": 1585661136.8604608}, "cmdq": 1, "read": {"device_start": -1, "device_end": -1}}, "softmax5": {"write": {"device_start": -1, "host_queued_start": 1585661204.348159, "device_queued": -1, "device_end": -1, "host_queued_end": 1585661204.373331}, "device": "cpu", "nd_range": {"device_start": 2328979.4244566783, "device_end": 2328979.4251863393}, "cmdq": 0, "read": {"device_start": -1, "device_end": -1}}, "FFC_sans_bias110": {"write": {"device_start": 1585661136.8478305, "host_queued_start": 1585661204.185936, "device_queued": 1585661136.7935, "device_end": 1585661136.847937, "host_queued_end": 1585661204.261072}, "device": "gpu", "nd_range": {"device_start": 1585661136.8479424, "device_end": 1585661136.857184}, "cmdq": 0, "read": {"device_start": -1, "device_end": -1}}, "FFC_sans_bias112": {"write": {"device_start": -1, "host_queued_start": 1585661204.221229, "device_queued": -1, "device_end": -1, "host_queued_end": 1585661204.261072}, "device": "gpu", "nd_range": {"device_start": 1585661136.8964145, "device_end": 1585661136.9061987}, "cmdq": 2, "read": {"device_start": -1, "device_end": -1}}, "empty53": {"write": {"device_start": -1, "host_queued_start": 1585661204.281243, "device_queued": -1, "device_end": -1, "host_queued_end": 1585661204.373331}, "device": "cpu", "nd_range": {"device_start": 2328978.563050006, "device_end": 2328978.5630517243}, "cmdq": 2, "read": {"device_start": -1, "device_end": -1}}, "coalesced_transpose48": {"write": {"device_start": -1, "host_queued_start": 1585661204.34341, "device_queued": -1, "device_end": -1, "host_queued_end": 1585661204.373331}, "device": "cpu", "nd_range": {"device_start": 2328979.2287932383, "device_end": 2328979.229833615}, "cmdq": 2, "read": {"device_start": -1, "device_end": -1}}}