{"FFC_sans_bias4": {"write": {"device_start": -1, "host_queued_start": 1585660197.709391, "device_queued": -1, "device_end": -1, "host_queued_end": 1585660197.719139}, "device": "cpu", "nd_range": {"device_start": 2327972.126076892, "device_end": 2327972.161854242}, "cmdq": 0, "read": {"device_start": -1, "device_end": -1}}, "FFC_sans_bias7": {"write": {"device_start": -1, "host_queued_start": 1585660197.715782, "device_queued": -1, "device_end": -1, "host_queued_end": 1585660197.719139}, "device": "cpu", "nd_range": {"device_start": 2327972.285992296, "device_end": 2327972.322690072}, "cmdq": 0, "read": {"device_start": -1, "device_end": -1}}, "FFC_sans_bias6": {"write": {"device_start": -1, "host_queued_start": 1585660197.711848, "device_queued": -1, "device_end": -1, "host_queued_end": 1585660197.719139}, "device": "cpu", "nd_range": {"device_start": 2327972.207047143, "device_end": 2327972.246319938}, "cmdq": 0, "read": {"device_start": -1, "device_end": -1}}, "FFC_sans_bias1": {"write": {"device_start": -1, "host_queued_start": 1585660197.693358, "device_queued": -1, "device_end": -1, "host_queued_end": 1585660197.719139}, "device": "cpu", "nd_range": {"device_start": 2327971.9433690542, "device_end": 2327971.980919693}, "cmdq": 0, "read": {"device_start": -1, "device_end": -1}}, "FFC_sans_bias0": {"write": {"device_start": -1, "host_queued_start": 1585660197.689851, "device_queued": -1, "device_end": -1, "host_queued_end": 1585660197.719139}, "device": "cpu", "nd_range": {"device_start": 2327971.908762269, "device_end": 2327971.943347374}, "cmdq": 0, "read": {"device_start": -1, "device_end": -1}}, "FFC_sans_bias2": {"write": {"device_start": -1, "host_queued_start": 1585660197.697054, "device_queued": -1, "device_end": -1, "host_queued_end": 1585660197.719139}, "device": "cpu", "nd_range": {"device_start": 2327971.9809484542, "device_end": 2327972.018322348}, "cmdq": 0, "read": {"device_start": -1, "device_end": -1}}, "coalesced_transpose120": {"write": {"device_start": -1, "host_queued_start": 1585660197.609265, "device_queued": -1, "device_end": -1, "host_queued_end": 1585660197.678259}, "device": "gpu", "nd_range": {"device_start": 1585660130.3973455, "device_end": 1585660130.397364}, "cmdq": 0, "read": {"device_start": -1, "device_end": -1}}, "FFC_sans_bias9": {"write": {"device_start": -1, "host_queued_start": 1585660197.700662, "device_queued": -1, "device_end": -1, "host_queued_end": 1585660197.719139}, "device": "cpu", "nd_range": {"device_start": 2327972.01834172, "device_end": 2327972.054508035}, "cmdq": 0, "read": {"device_start": -1, "device_end": -1}}, "empty71": {"write": {"device_start": 1585660130.2306364, "host_queued_start": 1585660197.438929, "device_queued": 1585660130.2296557, "device_end": 1585660130.23073, "host_queued_end": 1585660197.678259}, "device": "gpu", "nd_range": {"device_start": 1585660130.2307403, "device_end": 1585660130.2307436}, "cmdq": 0, "read": {"device_start": -1, "device_end": -1}}, "softmax41": {"write": {"device_start": -1, "host_queued_start": 1585660197.618358, "device_queued": -1, "device_end": -1, "host_queued_end": 1585660197.678259}, "device": "gpu", "nd_range": {"device_start": 1585660130.4450865, "device_end": 1585660130.4455056}, "cmdq": 0, "read": {"device_start": -1, "device_end": -1}}, "FFC_sans_bias37": {"write": {"device_start": 1585660130.260442, "host_queued_start": 1585660197.487901, "device_queued": 1585660130.234077, "device_end": 1585660130.2605507, "host_queued_end": 1585660197.678259}, "device": "gpu", "nd_range": {"device_start": 1585660130.2605531, "device_end": 1585660130.2638936}, "cmdq": 0, "read": {"device_start": -1, "device_end": -1}}, "FFC_sans_bias36": {"write": {"device_start": 1585660130.256649, "host_queued_start": 1585660197.4844, "device_queued": 1585660130.2336771, "device_end": 1585660130.2567382, "host_queued_end": 1585660197.678259}, "device": "gpu", "nd_range": {"device_start": 1585660130.2567403, "device_end": 1585660130.2600856}, "cmdq": 0, "read": {"device_start": -1, "device_end": -1}}, "FFC_sans_bias34": {"write": {"device_start": 1585660130.5012107, "host_queued_start": 1585660197.639391, "device_queued": 1585660130.2502117, "device_end": 1585660130.501298, "host_queued_end": 1585660197.678259}, "device": "gpu", "nd_range": {"device_start": 1585660130.5013056, "device_end": 1585660130.5046532}, "cmdq": 0, "read": {"device_start": 1585660130.5046563, "device_end": 1585660130.5047412}}, "FFC_sans_bias33": {"write": {"device_start": -1, "host_queued_start": 1585660197.625368, "device_queued": -1, "device_end": -1, "host_queued_end": 1585660197.678259}, "device": "gpu", "nd_range": {"device_start": 1585660130.4534855, "device_end": 1585660130.4568393}, "cmdq": 0, "read": {"device_start": -1, "device_end": -1}}, "FFC_sans_bias31": {"write": {"device_start": -1, "host_queued_start": 1585660197.610576, "device_queued": -1, "device_end": -1, "host_queued_end": 1585660197.678259}, "device": "gpu", "nd_range": {"device_start": 1585660130.4007623, "device_end": 1585660130.4040942}, "cmdq": 0, "read": {"device_start": -1, "device_end": -1}}, "FFC_sans_bias38": {"write": {"device_start": 1585660130.2642462, "host_queued_start": 1585660197.491345, "device_queued": 1585660130.2344, "device_end": 1585660130.2643542, "host_queued_end": 1585660197.678259}, "device": "gpu", "nd_range": {"device_start": 1585660130.2643592, "device_end": 1585660130.267722}, "cmdq": 0, "read": {"device_start": -1, "device_end": -1}}, "coalesced_transpose75": {"write": {"device_start": -1, "host_queued_start": 1585660197.607583, "device_queued": -1, "device_end": -1, "host_queued_end": 1585660197.678259}, "device": "gpu", "nd_range": {"device_start": 1585660130.3972485, "device_end": 1585660130.3972669}, "cmdq": 0, "read": {"device_start": -1, "device_end": -1}}, "softmax140": {"write": {"device_start": -1, "host_queued_start": 1585660197.624123, "device_queued": -1, "device_end": -1, "host_queued_end": 1585660197.678259}, "device": "gpu", "nd_range": {"device_start": 1585660130.4497178, "device_end": 1585660130.4501433}, "cmdq": 0, "read": {"device_start": -1, "device_end": -1}}, "empty44": {"write": {"device_start": 1585660130.2295132, "host_queued_start": 1585660197.430738, "device_queued": 1585660130.229023, "device_end": 1585660130.2296083, "host_queued_end": 1585660197.678259}, "device": "gpu", "nd_range": {"device_start": 1585660130.2296128, "device_end": 1585660130.2296162}, "cmdq": 0, "read": {"device_start": -1, "device_end": -1}}, "FFC_sans_bias137": {"write": {"device_start": 1585660130.3900394, "host_queued_start": 1585660197.601841, "device_queued": 1585660130.2422113, "device_end": 1585660130.3901293, "host_queued_end": 1585660197.678259}, "device": "gpu", "nd_range": {"device_start": 1585660130.390135, "device_end": 1585660130.3934894}, "cmdq": 0, "read": {"device_start": -1, "device_end": -1}}, "empty8": {"write": {"device_start": -1, "host_queued_start": 1585660197.683292, "device_queued": -1, "device_end": -1, "host_queued_end": 1585660197.719139}, "device": "cpu", "nd_range": {"device_start": 2327971.908728926, "device_end": 2327971.908737312}, "cmdq": 0, "read": {"device_start": -1, "device_end": -1}}, "softmax50": {"write": {"device_start": -1, "host_queued_start": 1585660197.618896, "device_queued": -1, "device_end": -1, "host_queued_end": 1585660197.678259}, "device": "gpu", "nd_range": {"device_start": 1585660130.4455066, "device_end": 1585660130.4459276}, "cmdq": 0, "read": {"device_start": -1, "device_end": -1}}, "softmax59": {"write": {"device_start": -1, "host_queued_start": 1585660197.619397, "device_queued": -1, "device_end": -1, "host_queued_end": 1585660197.678259}, "device": "gpu", "nd_range": {"device_start": 1585660130.4459286, "device_end": 1585660130.446348}, "cmdq": 0, "read": {"device_start": -1, "device_end": -1}}, "FFC_sans_bias142": {"write": {"device_start": 1585660130.5483103, "host_queued_start": 1585660197.678102, "device_queued": 1585660130.25383, "device_end": 1585660130.5483983, "host_queued_end": 1585660197.678259}, "device": "gpu", "nd_range": {"device_start": 1585660130.5484066, "device_end": 1585660130.5519085}, "cmdq": 0, "read": {"device_start": 1585660130.551916, "device_end": 1585660130.5520542}}, "FFC_sans_bias141": {"write": {"device_start": -1, "host_queued_start": 1585660197.632658, "device_queued": -1, "device_end": -1, "host_queued_end": 1585660197.678259}, "device": "gpu", "nd_range": {"device_start": 1585660130.4936566, "device_end": 1585660130.497008}, "cmdq": 0, "read": {"device_start": -1, "device_end": -1}}, "FFC_sans_bias24": {"write": {"device_start": -1, "host_queued_start": 1585660197.624784, "device_queued": -1, "device_end": -1, "host_queued_end": 1585660197.678259}, "device": "gpu", "nd_range": {"device_start": 1585660130.4501443, "device_end": 1585660130.4534843}, "cmdq": 0, "read": {"device_start": -1, "device_end": -1}}, "FFC_sans_bias25": {"write": {"device_start": 1585660130.4972625, "host_queued_start": 1585660197.636104, "device_queued": 1585660130.2499192, "device_end": 1585660130.4973524, "host_queued_end": 1585660197.678259}, "device": "gpu", "nd_range": {"device_start": 1585660130.4973593, "device_end": 1585660130.500686}, "cmdq": 0, "read": {"device_start": 1585660130.5006928, "device_end": 1585660130.5007806}}, "FFC_sans_bias27": {"write": {"device_start": 1585660130.2454433, "host_queued_start": 1585660197.474129, "device_queued": 1585660130.2325337, "device_end": 1585660130.245538, "host_queued_end": 1585660197.678259}, "device": "gpu", "nd_range": {"device_start": 1585660130.2455401, "device_end": 1585660130.2488756}, "cmdq": 0, "read": {"device_start": -1, "device_end": -1}}, "FFC_sans_bias20": {"write": {"device_start": 1585660130.241713, "host_queued_start": 1585660197.470723, "device_queued": 1585660130.2322075, "device_end": 1585660130.2418003, "host_queued_end": 1585660197.678259}, "device": "gpu", "nd_range": {"device_start": 1585660130.2418098, "device_end": 1585660130.2451434}, "cmdq": 0, "read": {"device_start": -1, "device_end": -1}}, "FFC_sans_bias22": {"write": {"device_start": -1, "host_queued_start": 1585660197.610236, "device_queued": -1, "device_end": -1, "host_queued_end": 1585660197.678259}, "device": "gpu", "nd_range": {"device_start": 1585660130.3974035, "device_end": 1585660130.400761}, "cmdq": 0, "read": {"device_start": -1, "device_end": -1}}, "FFC_sans_bias130": {"write": {"device_start": -1, "host_queued_start": 1585660197.616193, "device_queued": -1, "device_end": -1, "host_queued_end": 1585660197.678259}, "device": "gpu", "nd_range": {"device_start": 1585660130.4375298, "device_end": 1585660130.4408867}, "cmdq": 0, "read": {"device_start": -1, "device_end": -1}}, "FFC_sans_bias28": {"write": {"device_start": 1585660130.249176, "host_queued_start": 1585660197.477584, "device_queued": 1585660130.2328503, "device_end": 1585660130.2492692, "host_queued_end": 1585660197.678259}, "device": "gpu", "nd_range": {"device_start": 1585660130.249274, "device_end": 1585660130.2526453}, "cmdq": 0, "read": {"device_start": -1, "device_end": -1}}, "FFC_sans_bias29": {"write": {"device_start": 1585660130.2529237, "host_queued_start": 1585660197.481015, "device_queued": 1585660130.2332842, "device_end": 1585660130.2530136, "host_queued_end": 1585660197.678259}, "device": "gpu", "nd_range": {"device_start": 1585660130.2530162, "device_end": 1585660130.256377}, "cmdq": 0, "read": {"device_start": -1, "device_end": -1}}, "coalesced_transpose66": {"write": {"device_start": -1, "host_queued_start": 1585660197.607267, "device_queued": -1, "device_end": -1, "host_queued_end": 1585660197.678259}, "device": "gpu", "nd_range": {"device_start": 1585660130.3972285, "device_end": 1585660130.3972476}, "cmdq": 0, "read": {"device_start": -1, "device_end": -1}}, "coalesced_transpose93": {"write": {"device_start": -1, "host_queued_start": 1585660197.608301, "device_queued": -1, "device_end": -1, "host_queued_end": 1585660197.678259}, "device": "gpu", "nd_range": {"device_start": 1585660130.397287, "device_end": 1585660130.397306}, "cmdq": 0, "read": {"device_start": -1, "device_end": -1}}, "softmax23": {"write": {"device_start": -1, "host_queued_start": 1585660197.617308, "device_queued": -1, "device_end": -1, "host_queued_end": 1585660197.678259}, "device": "gpu", "nd_range": {"device_start": 1585660130.4442437, "device_end": 1585660130.444664}, "cmdq": 0, "read": {"device_start": -1, "device_end": -1}}, "empty62": {"write": {"device_start": 1585660130.230274, "host_queued_start": 1585660197.436175, "device_queued": 1585660130.2294536, "device_end": 1585660130.230368, "host_queued_end": 1585660197.678259}, "device": "gpu", "nd_range": {"device_start": 1585660130.2303767, "device_end": 1585660130.23038}, "cmdq": 0, "read": {"device_start": -1, "device_end": -1}}, "FFC_sans_bias10": {"write": {"device_start": -1, "host_queued_start": 1585660197.704477, "device_queued": -1, "device_end": -1, "host_queued_end": 1585660197.719139}, "device": "cpu", "nd_range": {"device_start": 2327972.0545278653, "device_end": 2327972.090162814}, "cmdq": 0, "read": {"device_start": -1, "device_end": -1}}, "FFC_sans_bias13": {"write": {"device_start": -1, "host_queued_start": 1585660197.709991, "device_queued": -1, "device_end": -1, "host_queued_end": 1585660197.719139}, "device": "cpu", "nd_range": {"device_start": 2327972.1618667743, "device_end": 2327972.205898412}, "cmdq": 0, "read": {"device_start": -1, "device_end": -1}}, "FFC_sans_bias15": {"write": {"device_start": -1, "host_queued_start": 1585660197.712441, "device_queued": -1, "device_end": -1, "host_queued_end": 1585660197.719139}, "device": "cpu", "nd_range": {"device_start": 2327972.2463347143, "device_end": 2327972.2859821413}, "cmdq": 0, "read": {"device_start": -1, "device_end": -1}}, "FFC_sans_bias16": {"write": {"device_start": -1, "host_queued_start": 1585660197.71908, "device_queued": -1, "device_end": -1, "host_queued_end": 1585660197.719139}, "device": "cpu", "nd_range": {"device_start": 2327972.322696246, "device_end": 2327972.358350554}, "cmdq": 0, "read": {"device_start": -1, "device_end": -1}}, "FFC_sans_bias19": {"write": {"device_start": 1585660130.237995, "host_queued_start": 1585660197.467173, "device_queued": 1585660130.231682, "device_end": 1585660130.2380917, "host_queued_end": 1585660197.678259}, "device": "gpu", "nd_range": {"device_start": 1585660130.2380989, "device_end": 1585660130.2414305}, "cmdq": 0, "read": {"device_start": -1, "device_end": -1}}, "FFC_sans_bias18": {"write": {"device_start": 1585660130.234291, "host_queued_start": 1585660197.463497, "device_queued": 1585660130.231316, "device_end": 1585660130.2343907, "host_queued_end": 1585660197.678259}, "device": "gpu", "nd_range": {"device_start": 1585660130.2344, "device_end": 1585660130.237725}, "cmdq": 0, "read": {"device_start": -1, "device_end": -1}}, "FFC_sans_bias99": {"write": {"device_start": 1585660130.3424757, "host_queued_start": 1585660197.55702, "device_queued": 1585660130.239034, "device_end": 1585660130.3425663, "host_queued_end": 1585660197.678259}, "device": "gpu", "nd_range": {"device_start": 1585660130.3425734, "device_end": 1585660130.3459165}, "cmdq": 0, "read": {"device_start": -1, "device_end": -1}}, "FFC_sans_bias91": {"write": {"device_start": 1585660130.335151, "host_queued_start": 1585660197.550048, "device_queued": 1585660130.2385824, "device_end": 1585660130.3352385, "host_queued_end": 1585660197.678259}, "device": "gpu", "nd_range": {"device_start": 1585660130.3352456, "device_end": 1585660130.3385975}, "cmdq": 0, "read": {"device_start": -1, "device_end": -1}}, "FFC_sans_bias90": {"write": {"device_start": 1585660130.3315198, "host_queued_start": 1585660197.546621, "device_queued": 1585660130.2383628, "device_end": 1585660130.3316088, "host_queued_end": 1585660197.678259}, "device": "gpu", "nd_range": {"device_start": 1585660130.331611, "device_end": 1585660130.3349452}, "cmdq": 0, "read": {"device_start": -1, "device_end": -1}}, "coalesced_transpose12": {"write": {"device_start": -1, "host_queued_start": 1585660197.708725, "device_queued": -1, "device_end": -1, "host_queued_end": 1585660197.719139}, "device": "cpu", "nd_range": {"device_start": 2327972.125768561, "device_end": 2327972.126069772}, "cmdq": 0, "read": {"device_start": -1, "device_end": -1}}, "FFC_sans_bias94": {"write": {"device_start": -1, "host_queued_start": 1585660197.613647, "device_queued": -1, "device_end": -1, "host_queued_end": 1585660197.678259}, "device": "gpu", "nd_range": {"device_start": 1585660130.4241817, "device_end": 1585660130.427531}, "cmdq": 0, "read": {"device_start": -1, "device_end": -1}}, "FFC_sans_bias97": {"write": {"device_start": 1585660130.5286598, "host_queued_start": 1585660197.661733, "device_queued": 1585660130.252299, "device_end": 1585660130.5287478, "host_queued_end": 1585660197.678259}, "device": "gpu", "nd_range": {"device_start": 1585660130.528755, "device_end": 1585660130.5320861}, "cmdq": 0, "read": {"device_start": 1585660130.5320902, "device_end": 1585660130.5321772}}, "FFC_sans_bias96": {"write": {"device_start": -1, "host_queued_start": 1585660197.629677, "device_queued": -1, "device_end": -1, "host_queued_end": 1585660197.678259}, "device": "gpu", "nd_range": {"device_start": 1585660130.4769254, "device_end": 1585660130.4802642}, "cmdq": 0, "read": {"device_start": -1, "device_end": -1}}, "FFC_sans_bias124": {"write": {"device_start": 1585660130.5404634, "host_queued_start": 1585660197.671564, "device_queued": 1585660130.253213, "device_end": 1585660130.5405514, "host_queued_end": 1585660197.678259}, "device": "gpu", "nd_range": {"device_start": 1585660130.5405586, "device_end": 1585660130.5439003}, "cmdq": 0, "read": {"device_start": 1585660130.5439093, "device_end": 1585660130.5439944}}, "FFC_sans_bias126": {"write": {"device_start": 1585660130.3790407, "host_queued_start": 1585660197.591509, "device_queued": 1585660130.2413533, "device_end": 1585660130.3791356, "host_queued_end": 1585660197.678259}, "device": "gpu", "nd_range": {"device_start": 1585660130.379144, "device_end": 1585660130.3824837}, "cmdq": 0, "read": {"device_start": -1, "device_end": -1}}, "softmax32": {"write": {"device_start": -1, "host_queued_start": 1585660197.617804, "device_queued": -1, "device_end": -1, "host_queued_end": 1585660197.678259}, "device": "gpu", "nd_range": {"device_start": 1585660130.444665, "device_end": 1585660130.445085}, "cmdq": 0, "read": {"device_start": -1, "device_end": -1}}, "coalesced_transpose84": {"write": {"device_start": -1, "host_queued_start": 1585660197.607938, "device_queued": -1, "device_end": -1, "host_queued_end": 1585660197.678259}, "device": "gpu", "nd_range": {"device_start": 1585660130.3972678, "device_end": 1585660130.397286}, "cmdq": 0, "read": {"device_start": -1, "device_end": -1}}, "FFC_sans_bias121": {"write": {"device_start": -1, "host_queued_start": 1585660197.615587, "device_queued": -1, "device_end": -1, "host_queued_end": 1585660197.678259}, "device": "gpu", "nd_range": {"device_start": 1585660130.4341853, "device_end": 1585660130.4375286}, "cmdq": 0, "read": {"device_start": -1, "device_end": -1}}, "empty98": {"write": {"device_start": 1585660130.2317884, "host_queued_start": 1585660197.447093, "device_queued": 1585660130.2301936, "device_end": 1585660130.231965, "host_queued_end": 1585660197.678259}, "device": "gpu", "nd_range": {"device_start": 1585660130.2319746, "device_end": 1585660130.2319787}, "cmdq": 0, "read": {"device_start": -1, "device_end": -1}}, "empty107": {"write": {"device_start": 1585660130.232372, "host_queued_start": 1585660197.449758, "device_queued": 1585660130.230377, "device_end": 1585660130.2324696, "host_queued_end": 1585660197.678259}, "device": "gpu", "nd_range": {"device_start": 1585660130.232476, "device_end": 1585660130.232479}, "cmdq": 0, "read": {"device_start": -1, "device_end": -1}}, "empty17": {"write": {"device_start": -1, "host_queued_start": 1585660197.686726, "device_queued": -1, "device_end": -1, "host_queued_end": 1585660197.719139}, "device": "cpu", "nd_range": {"device_start": 2327971.908755611, "device_end": 2327971.9087569313}, "cmdq": 0, "read": {"device_start": -1, "device_end": -1}}, "FFC_sans_bias87": {"write": {"device_start": -1, "host_queued_start": 1585660197.629079, "device_queued": -1, "device_end": -1, "host_queued_end": 1585660197.678259}, "device": "gpu", "nd_range": {"device_start": 1585660130.4735794, "device_end": 1585660130.4769242}, "cmdq": 0, "read": {"device_start": -1, "device_end": -1}}, "FFC_sans_bias85": {"write": {"device_start": -1, "host_queued_start": 1585660197.612977, "device_queued": -1, "device_end": -1, "host_queued_end": 1585660197.678259}, "device": "gpu", "nd_range": {"device_start": 1585660130.4208364, "device_end": 1585660130.4241807}, "cmdq": 0, "read": {"device_start": -1, "device_end": -1}}, "FFC_sans_bias82": {"write": {"device_start": 1585660130.324234, "host_queued_start": 1585660197.539731, "device_queued": 1585660130.2378519, "device_end": 1585660130.3243213, "host_queued_end": 1585660197.678259}, "device": "gpu", "nd_range": {"device_start": 1585660130.3243299, "device_end": 1585660130.327661}, "cmdq": 0, "read": {"device_start": -1, "device_end": -1}}, "FFC_sans_bias83": {"write": {"device_start": 1585660130.3278735, "host_queued_start": 1585660197.543133, "device_queued": 1585660130.238143, "device_end": 1585660130.3279612, "host_queued_end": 1585660197.678259}, "device": "gpu", "nd_range": {"device_start": 1585660130.3279681, "device_end": 1585660130.3313117}, "cmdq": 0, "read": {"device_start": -1, "device_end": -1}}, "FFC_sans_bias81": {"write": {"device_start": 1585660130.3205898, "host_queued_start": 1585660197.536324, "device_queued": 1585660130.2374938, "device_end": 1585660130.3206785, "host_queued_end": 1585660197.678259}, "device": "gpu", "nd_range": {"device_start": 1585660130.3206854, "device_end": 1585660130.3240213}, "cmdq": 0, "read": {"device_start": -1, "device_end": -1}}, "FFC_sans_bias88": {"write": {"device_start": 1585660130.5247307, "host_queued_start": 1585660197.658656, "device_queued": 1585660130.2520325, "device_end": 1585660130.5248225, "host_queued_end": 1585660197.678259}, "device": "gpu", "nd_range": {"device_start": 1585660130.524828, "device_end": 1585660130.5281487}, "cmdq": 0, "read": {"device_start": 1585660130.528154, "device_end": 1585660130.5282397}}, "coalesced_transpose30": {"write": {"device_start": -1, "host_queued_start": 1585660197.605976, "device_queued": -1, "device_end": -1, "host_queued_end": 1585660197.678259}, "device": "gpu", "nd_range": {"device_start": 1585660130.3971508, "device_end": 1585660130.397169}, "cmdq": 0, "read": {"device_start": -1, "device_end": -1}}, "FFC_sans_bias128": {"write": {"device_start": 1585660130.3753316, "host_queued_start": 1585660197.588096, "device_queued": 1585660130.2411225, "device_end": 1585660130.375419, "host_queued_end": 1585660197.678259}, "device": "gpu", "nd_range": {"device_start": 1585660130.3754275, "device_end": 1585660130.3787909}, "cmdq": 0, "read": {"device_start": -1, "device_end": -1}}, "coalesced_transpose39": {"write": {"device_start": -1, "host_queued_start": 1585660197.606295, "device_queued": -1, "device_end": -1, "host_queued_end": 1585660197.678259}, "device": "gpu", "nd_range": {"device_start": 1585660130.39717, "device_end": 1585660130.397188}, "cmdq": 0, "read": {"device_start": -1, "device_end": -1}}, "FFC_sans_bias79": {"write": {"device_start": 1585660130.5207863, "host_queued_start": 1585660197.655375, "device_queued": 1585660130.251759, "device_end": 1585660130.5208747, "host_queued_end": 1585660197.678259}, "device": "gpu", "nd_range": {"device_start": 1585660130.5208814, "device_end": 1585660130.5241978}, "cmdq": 0, "read": {"device_start": 1585660130.5241997, "device_end": 1585660130.5242865}}, "FFC_sans_bias78": {"write": {"device_start": -1, "host_queued_start": 1585660197.628489, "device_queued": -1, "device_end": -1, "host_queued_end": 1585660197.678259}, "device": "gpu", "nd_range": {"device_start": 1585660130.4702299, "device_end": 1585660130.4735785}, "cmdq": 0, "read": {"device_start": -1, "device_end": -1}}, "FFC_sans_bias73": {"write": {"device_start": 1585660130.3133, "host_queued_start": 1585660197.5294, "device_queued": 1585660130.2370334, "device_end": 1585660130.313392, "host_queued_end": 1585660197.678259}, "device": "gpu", "nd_range": {"device_start": 1585660130.3133945, "device_end": 1585660130.3167424}, "cmdq": 0, "read": {"device_start": -1, "device_end": -1}}, "FFC_sans_bias72": {"write": {"device_start": 1585660130.309638, "host_queued_start": 1585660197.525987, "device_queued": 1585660130.2368028, "device_end": 1585660130.309725, "host_queued_end": 1585660197.678259}, "device": "gpu", "nd_range": {"device_start": 1585660130.3097277, "device_end": 1585660130.31309}, "cmdq": 0, "read": {"device_start": -1, "device_end": -1}}, "FFC_sans_bias70": {"write": {"device_start": 1585660130.5168808, "host_queued_start": 1585660197.652283, "device_queued": 1585660130.2514715, "device_end": 1585660130.5169687, "host_queued_end": 1585660197.678259}, "device": "gpu", "nd_range": {"device_start": 1585660130.5169759, "device_end": 1585660130.5202909}, "cmdq": 0, "read": {"device_start": 1585660130.5202937, "device_end": 1585660130.5203795}}, "FFC_sans_bias76": {"write": {"device_start": -1, "host_queued_start": 1585660197.612394, "device_queued": -1, "device_end": -1, "host_queued_end": 1585660197.678259}, "device": "gpu", "nd_range": {"device_start": 1585660130.417492, "device_end": 1585660130.4208355}, "cmdq": 0, "read": {"device_start": -1, "device_end": -1}}, "FFC_sans_bias74": {"write": {"device_start": 1585660130.3169525, "host_queued_start": 1585660197.532873, "device_queued": 1585660130.237264, "device_end": 1585660130.3170414, "host_queued_end": 1585660197.678259}, "device": "gpu", "nd_range": {"device_start": 1585660130.317048, "device_end": 1585660130.320378}, "cmdq": 0, "read": {"device_start": -1, "device_end": -1}}, "coalesced_transpose102": {"write": {"device_start": -1, "host_queued_start": 1585660197.608622, "device_queued": -1, "device_end": -1, "host_queued_end": 1585660197.678259}, "device": "gpu", "nd_range": {"device_start": 1585660130.397307, "device_end": 1585660130.3973255}, "cmdq": 0, "read": {"device_start": -1, "device_end": -1}}, "coalesced_transpose3": {"write": {"device_start": -1, "host_queued_start": 1585660197.708152, "device_queued": -1, "device_end": -1, "host_queued_end": 1585660197.719139}, "device": "cpu", "nd_range": {"device_start": 2327972.1248153113, "device_end": 2327972.1257593483}, "cmdq": 0, "read": {"device_start": -1, "device_end": -1}}, "FFC_sans_bias127": {"write": {"device_start": 1585660130.3827004, "host_queued_start": 1585660197.594961, "device_queued": 1585660130.2416408, "device_end": 1585660130.3827882, "host_queued_end": 1585660197.678259}, "device": "gpu", "nd_range": {"device_start": 1585660130.3827972, "device_end": 1585660130.3861508}, "cmdq": 0, "read": {"device_start": -1, "device_end": -1}}, "empty89": {"write": {"device_start": 1585660130.2314024, "host_queued_start": 1585660197.444347, "device_queued": 1585660130.2300344, "device_end": 1585660130.2314956, "host_queued_end": 1585660197.678259}, "device": "gpu", "nd_range": {"device_start": 1585660130.2314978, "device_end": 1585660130.2315016}, "cmdq": 0, "read": {"device_start": -1, "device_end": -1}}, "FFC_sans_bias123": {"write": {"device_start": -1, "host_queued_start": 1585660197.631505, "device_queued": -1, "device_end": -1, "host_queued_end": 1585660197.678259}, "device": "gpu", "nd_range": {"device_start": 1585660130.486967, "device_end": 1585660130.4903214}, "cmdq": 0, "read": {"device_start": -1, "device_end": -1}}, "empty80": {"write": {"device_start": 1585660130.2310112, "host_queued_start": 1585660197.441624, "device_queued": 1585660130.2298214, "device_end": 1585660130.2311108, "host_queued_end": 1585660197.678259}, "device": "gpu", "nd_range": {"device_start": 1585660130.2311192, "device_end": 1585660130.2311275}, "cmdq": 0, "read": {"device_start": -1, "device_end": -1}}, "empty116": {"write": {"device_start": 1585660130.2327447, "host_queued_start": 1585660197.452491, "device_queued": 1585660130.230559, "device_end": 1585660130.2328413, "host_queued_end": 1585660197.678259}, "device": "gpu", "nd_range": {"device_start": 1585660130.2328498, "device_end": 1585660130.2328532}, "cmdq": 0, "read": {"device_start": -1, "device_end": -1}}, "softmax104": {"write": {"device_start": -1, "host_queued_start": 1585660197.622031, "device_queued": -1, "device_end": -1, "host_queued_end": 1585660197.678259}, "device": "gpu", "nd_range": {"device_start": 1585660130.448033, "device_end": 1585660130.4484537}, "cmdq": 0, "read": {"device_start": -1, "device_end": -1}}, "coalesced_transpose21": {"write": {"device_start": -1, "host_queued_start": 1585660197.605574, "device_queued": -1, "device_end": -1, "host_queued_end": 1585660197.678259}, "device": "gpu", "nd_range": {"device_start": 1585660130.3971322, "device_end": 1585660130.3971498}, "cmdq": 0, "read": {"device_start": -1, "device_end": -1}}, "softmax14": {"write": {"device_start": -1, "host_queued_start": 1585660197.711203, "device_queued": -1, "device_end": -1, "host_queued_end": 1585660197.719139}, "device": "cpu", "nd_range": {"device_start": 2327972.206526893, "device_end": 2327972.207035427}, "cmdq": 0, "read": {"device_start": -1, "device_end": -1}}, "FFC_sans_bias69": {"write": {"device_start": -1, "host_queued_start": 1585660197.627842, "device_queued": -1, "device_end": -1, "host_queued_end": 1585660197.678259}, "device": "gpu", "nd_range": {"device_start": 1585660130.4668787, "device_end": 1585660130.470229}, "cmdq": 0, "read": {"device_start": -1, "device_end": -1}}, "FFC_sans_bias92": {"write": {"device_start": 1585660130.3388026, "host_queued_start": 1585660197.553485, "device_queued": 1585660130.238804, "device_end": 1585660130.3388894, "host_queued_end": 1585660197.678259}, "device": "gpu", "nd_range": {"device_start": 1585660130.338892, "device_end": 1585660130.3422434}, "cmdq": 0, "read": {"device_start": -1, "device_end": -1}}, "FFC_sans_bias60": {"write": {"device_start": -1, "host_queued_start": 1585660197.62725, "device_queued": -1, "device_end": -1, "host_queued_end": 1585660197.678259}, "device": "gpu", "nd_range": {"device_start": 1585660130.4635406, "device_end": 1585660130.4668775}, "cmdq": 0, "read": {"device_start": -1, "device_end": -1}}, "FFC_sans_bias61": {"write": {"device_start": 1585660130.5129547, "host_queued_start": 1585660197.649012, "device_queued": 1585660130.2511742, "device_end": 1585660130.513043, "host_queued_end": 1585660197.678259}, "device": "gpu", "nd_range": {"device_start": 1585660130.5130498, "device_end": 1585660130.5163846}, "cmdq": 0, "read": {"device_start": 1585660130.5163922, "device_end": 1585660130.5164773}}, "FFC_sans_bias63": {"write": {"device_start": 1585660130.3059914, "host_queued_start": 1585660197.522607, "device_queued": 1585660130.236571, "device_end": 1585660130.3060813, "host_queued_end": 1585660197.678259}, "device": "gpu", "nd_range": {"device_start": 1585660130.3060882, "device_end": 1585660130.3094277}, "cmdq": 0, "read": {"device_start": -1, "device_end": -1}}, "FFC_sans_bias64": {"write": {"device_start": 1585660130.298671, "host_queued_start": 1585660197.515641, "device_queued": 1585660130.2360697, "device_end": 1585660130.2987583, "host_queued_end": 1585660197.678259}, "device": "gpu", "nd_range": {"device_start": 1585660130.2987657, "device_end": 1585660130.3021073}, "cmdq": 0, "read": {"device_start": -1, "device_end": -1}}, "FFC_sans_bias65": {"write": {"device_start": 1585660130.3023226, "host_queued_start": 1585660197.519107, "device_queued": 1585660130.236332, "device_end": 1585660130.30241, "host_queued_end": 1585660197.678259}, "device": "gpu", "nd_range": {"device_start": 1585660130.302412, "device_end": 1585660130.3057444}, "cmdq": 0, "read": {"device_start": -1, "device_end": -1}}, "FFC_sans_bias67": {"write": {"device_start": -1, "host_queued_start": 1585660197.612072, "device_queued": -1, "device_end": -1, "host_queued_end": 1585660197.678259}, "device": "gpu", "nd_range": {"device_start": 1585660130.4141364, "device_end": 1585660130.4174907}, "cmdq": 0, "read": {"device_start": -1, "device_end": -1}}, "coalesced_transpose111": {"write": {"device_start": -1, "host_queued_start": 1585660197.608941, "device_queued": -1, "device_end": -1, "host_queued_end": 1585660197.678259}, "device": "gpu", "nd_range": {"device_start": 1585660130.3973265, "device_end": 1585660130.3973439}, "cmdq": 0, "read": {"device_start": -1, "device_end": -1}}, "FFC_sans_bias136": {"write": {"device_start": 1585660130.3863611, "host_queued_start": 1585660197.598442, "device_queued": 1585660130.2419534, "device_end": 1585660130.3864486, "host_queued_end": 1585660197.678259}, "device": "gpu", "nd_range": {"device_start": 1585660130.386456, "device_end": 1585660130.3898213}, "cmdq": 0, "read": {"device_start": -1, "device_end": -1}}, "FFC_sans_bias135": {"write": {"device_start": 1585660130.3936946, "host_queued_start": 1585660197.605215, "device_queued": 1585660130.2424634, "device_end": 1585660130.393783, "host_queued_end": 1585660197.678259}, "device": "gpu", "nd_range": {"device_start": 1585660130.3937898, "device_end": 1585660130.3971305}, "cmdq": 0, "read": {"device_start": -1, "device_end": -1}}, "FFC_sans_bias133": {"write": {"device_start": 1585660130.5444016, "host_queued_start": 1585660197.674855, "device_queued": 1585660130.2535348, "device_end": 1585660130.5444891, "host_queued_end": 1585660197.678259}, "device": "gpu", "nd_range": {"device_start": 1585660130.5444977, "device_end": 1585660130.547807}, "cmdq": 0, "read": {"device_start": 1585660130.5478158, "device_end": 1585660130.5479007}}, "FFC_sans_bias132": {"write": {"device_start": -1, "host_queued_start": 1585660197.632085, "device_queued": -1, "device_end": -1, "host_queued_end": 1585660197.678259}, "device": "gpu", "nd_range": {"device_start": 1585660130.4903228, "device_end": 1585660130.4936557}, "cmdq": 0, "read": {"device_start": -1, "device_end": -1}}, "softmax68": {"write": {"device_start": -1, "host_queued_start": 1585660197.619904, "device_queued": -1, "device_end": -1, "host_queued_end": 1585660197.678259}, "device": "gpu", "nd_range": {"device_start": 1585660130.446349, "device_end": 1585660130.4467683}, "cmdq": 0, "read": {"device_start": -1, "device_end": -1}}, "softmax131": {"write": {"device_start": -1, "host_queued_start": 1585660197.623612, "device_queued": -1, "device_end": -1, "host_queued_end": 1585660197.678259}, "device": "gpu", "nd_range": {"device_start": 1585660130.4492972, "device_end": 1585660130.4497168}, "cmdq": 0, "read": {"device_start": -1, "device_end": -1}}, "empty125": {"write": {"device_start": 1585660130.2331257, "host_queued_start": 1585660197.455201, "device_queued": 1585660130.230782, "device_end": 1585660130.233233, "host_queued_end": 1585660197.678259}, "device": "gpu", "nd_range": {"device_start": 1585660130.233243, "device_end": 1585660130.2332463}, "cmdq": 0, "read": {"device_start": -1, "device_end": -1}}, "FFC_sans_bias139": {"write": {"device_start": -1, "host_queued_start": 1585660197.616807, "device_queued": -1, "device_end": -1, "host_queued_end": 1585660197.678259}, "device": "gpu", "nd_range": {"device_start": 1585660130.440888, "device_end": 1585660130.4442425}, "cmdq": 0, "read": {"device_start": -1, "device_end": -1}}, "empty35": {"write": {"device_start": 1585660130.2291014, "host_queued_start": 1585660197.427657, "device_queued": 1585660130.2288144, "device_end": 1585660130.2291987, "host_queued_end": 1585660197.678259}, "device": "gpu", "nd_range": {"device_start": 1585660130.2292054, "device_end": 1585660130.2292087}, "cmdq": 0, "read": {"device_start": -1, "device_end": -1}}, "softmax86": {"write": {"device_start": -1, "host_queued_start": 1585660197.620918, "device_queued": -1, "device_end": -1, "host_queued_end": 1585660197.678259}, "device": "gpu", "nd_range": {"device_start": 1585660130.4471915, "device_end": 1585660130.4476116}, "cmdq": 0, "read": {"device_start": -1, "device_end": -1}}, "FFC_sans_bias55": {"write": {"device_start": 1585660130.2950122, "host_queued_start": 1585660197.512202, "device_queued": 1585660130.235834, "device_end": 1585660130.2951007, "host_queued_end": 1585660197.678259}, "device": "gpu", "nd_range": {"device_start": 1585660130.295107, "device_end": 1585660130.2984552}, "cmdq": 0, "read": {"device_start": -1, "device_end": -1}}, "FFC_sans_bias54": {"write": {"device_start": 1585660130.2913575, "host_queued_start": 1585660197.508522, "device_queued": 1585660130.2355518, "device_end": 1585660130.2914462, "host_queued_end": 1585660197.678259}, "device": "gpu", "nd_range": {"device_start": 1585660130.2914534, "device_end": 1585660130.2947962}, "cmdq": 0, "read": {"device_start": -1, "device_end": -1}}, "FFC_sans_bias56": {"write": {"device_start": 1585660130.2876978, "host_queued_start": 1585660197.505121, "device_queued": 1585660130.2353168, "device_end": 1585660130.2877865, "host_queued_end": 1585660197.678259}, "device": "gpu", "nd_range": {"device_start": 1585660130.2877927, "device_end": 1585660130.2911384}, "cmdq": 0, "read": {"device_start": -1, "device_end": -1}}, "FFC_sans_bias51": {"write": {"device_start": -1, "host_queued_start": 1585660197.626564, "device_queued": -1, "device_end": -1, "host_queued_end": 1585660197.678259}, "device": "gpu", "nd_range": {"device_start": 1585660130.4601853, "device_end": 1585660130.4635396}, "cmdq": 0, "read": {"device_start": -1, "device_end": -1}}, "FFC_sans_bias52": {"write": {"device_start": 1585660130.5090513, "host_queued_start": 1585660197.64583, "device_queued": 1585660130.2508516, "device_end": 1585660130.5091426, "host_queued_end": 1585660197.678259}, "device": "gpu", "nd_range": {"device_start": 1585660130.5091512, "device_end": 1585660130.512466}, "cmdq": 0, "read": {"device_start": 1585660130.5124693, "device_end": 1585660130.5125544}}, "FFC_sans_bias58": {"write": {"device_start": -1, "host_queued_start": 1585660197.611745, "device_queued": -1, "device_end": -1, "host_queued_end": 1585660197.678259}, "device": "gpu", "nd_range": {"device_start": 1585660130.4108057, "device_end": 1585660130.4141355}, "cmdq": 0, "read": {"device_start": -1, "device_end": -1}}, "FFC_sans_bias108": {"write": {"device_start": 1585660130.3534303, "host_queued_start": 1585660197.567261, "device_queued": 1585660130.239731, "device_end": 1585660130.3535178, "host_queued_end": 1585660197.678259}, "device": "gpu", "nd_range": {"device_start": 1585660130.353526, "device_end": 1585660130.356862}, "cmdq": 0, "read": {"device_start": -1, "device_end": -1}}, "FFC_sans_bias109": {"write": {"device_start": 1585660130.3570695, "host_queued_start": 1585660197.570767, "device_queued": 1585660130.2399843, "device_end": 1585660130.3571584, "host_queued_end": 1585660197.678259}, "device": "gpu", "nd_range": {"device_start": 1585660130.3571653, "device_end": 1585660130.3605103}, "cmdq": 0, "read": {"device_start": -1, "device_end": -1}}, "coalesced_transpose129": {"write": {"device_start": -1, "host_queued_start": 1585660197.609586, "device_queued": -1, "device_end": -1, "host_queued_end": 1585660197.678259}, "device": "gpu", "nd_range": {"device_start": 1585660130.397365, "device_end": 1585660130.397383}, "cmdq": 0, "read": {"device_start": -1, "device_end": -1}}, "FFC_sans_bias103": {"write": {"device_start": -1, "host_queued_start": 1585660197.614247, "device_queued": -1, "device_end": -1, "host_queued_end": 1585660197.678259}, "device": "gpu", "nd_range": {"device_start": 1585660130.4275322, "device_end": 1585660130.4308615}, "cmdq": 0, "read": {"device_start": -1, "device_end": -1}}, "FFC_sans_bias100": {"write": {"device_start": 1585660130.3461313, "host_queued_start": 1585660197.560418, "device_queued": 1585660130.2392561, "device_end": 1585660130.346218, "host_queued_end": 1585660197.678259}, "device": "gpu", "nd_range": {"device_start": 1585660130.3462205, "device_end": 1585660130.34957}, "cmdq": 0, "read": {"device_start": -1, "device_end": -1}}, "FFC_sans_bias101": {"write": {"device_start": 1585660130.349786, "host_queued_start": 1585660197.563841, "device_queued": 1585660130.2394774, "device_end": 1585660130.3498743, "host_queued_end": 1585660197.678259}, "device": "gpu", "nd_range": {"device_start": 1585660130.3498807, "device_end": 1585660130.353219}, "cmdq": 0, "read": {"device_start": -1, "device_end": -1}}, "FFC_sans_bias106": {"write": {"device_start": 1585660130.5326114, "host_queued_start": 1585660197.665172, "device_queued": 1585660130.252552, "device_end": 1585660130.5326996, "host_queued_end": 1585660197.678259}, "device": "gpu", "nd_range": {"device_start": 1585660130.5327067, "device_end": 1585660130.536032}, "cmdq": 0, "read": {"device_start": 1585660130.5360408, "device_end": 1585660130.5361354}}, "softmax122": {"write": {"device_start": -1, "host_queued_start": 1585660197.623107, "device_queued": -1, "device_end": -1, "host_queued_end": 1585660197.678259}, "device": "gpu", "nd_range": {"device_start": 1585660130.4488761, "device_end": 1585660130.4492958}, "cmdq": 0, "read": {"device_start": -1, "device_end": -1}}, "FFC_sans_bias105": {"write": {"device_start": -1, "host_queued_start": 1585660197.630291, "device_queued": -1, "device_end": -1, "host_queued_end": 1585660197.678259}, "device": "gpu", "nd_range": {"device_start": 1585660130.4802654, "device_end": 1585660130.4836137}, "cmdq": 0, "read": {"device_start": -1, "device_end": -1}}, "softmax95": {"write": {"device_start": -1, "host_queued_start": 1585660197.621528, "device_queued": -1, "device_end": -1, "host_queued_end": 1585660197.678259}, "device": "gpu", "nd_range": {"device_start": 1585660130.4476125, "device_end": 1585660130.4480321}, "cmdq": 0, "read": {"device_start": -1, "device_end": -1}}, "coalesced_transpose57": {"write": {"device_start": -1, "host_queued_start": 1585660197.606944, "device_queued": -1, "device_end": -1, "host_queued_end": 1585660197.678259}, "device": "gpu", "nd_range": {"device_start": 1585660130.397209, "device_end": 1585660130.3972273}, "cmdq": 0, "read": {"device_start": -1, "device_end": -1}}, "empty26": {"write": {"device_start": 1585660130.2286983, "host_queued_start": 1585660197.424198, "device_queued": 1585660130.2283666, "device_end": 1585660130.2287998, "host_queued_end": 1585660197.678259}, "device": "gpu", "nd_range": {"device_start": 1585660130.2288094, "device_end": 1585660130.2288134}, "cmdq": 0, "read": {"device_start": -1, "device_end": -1}}, "softmax113": {"write": {"device_start": -1, "host_queued_start": 1585660197.622539, "device_queued": -1, "device_end": -1, "host_queued_end": 1585660197.678259}, "device": "gpu", "nd_range": {"device_start": 1585660130.4484549, "device_end": 1585660130.4488752}, "cmdq": 0, "read": {"device_start": -1, "device_end": -1}}, "FFC_sans_bias11": {"write": {"device_start": -1, "host_queued_start": 1585660197.707799, "device_queued": -1, "device_end": -1, "host_queued_end": 1585660197.719139}, "device": "cpu", "nd_range": {"device_start": 2327972.090182388, "device_end": 2327972.12480385}, "cmdq": 0, "read": {"device_start": -1, "device_end": -1}}, "FFC_sans_bias42": {"write": {"device_start": -1, "host_queued_start": 1585660197.62594, "device_queued": -1, "device_end": -1, "host_queued_end": 1585660197.678259}, "device": "gpu", "nd_range": {"device_start": 1585660130.4568405, "device_end": 1585660130.460184}, "cmdq": 0, "read": {"device_start": -1, "device_end": -1}}, "FFC_sans_bias43": {"write": {"device_start": 1585660130.505153, "host_queued_start": 1585660197.642634, "device_queued": 1585660130.2505152, "device_end": 1585660130.5052412, "host_queued_end": 1585660197.678259}, "device": "gpu", "nd_range": {"device_start": 1585660130.505248, "device_end": 1585660130.508562}, "cmdq": 0, "read": {"device_start": 1585660130.508566, "device_end": 1585660130.5086508}}, "FFC_sans_bias40": {"write": {"device_start": -1, "host_queued_start": 1585660197.611012, "device_queued": -1, "device_end": -1, "host_queued_end": 1585660197.678259}, "device": "gpu", "nd_range": {"device_start": 1585660130.4040961, "device_end": 1585660130.4074512}, "cmdq": 0, "read": {"device_start": -1, "device_end": -1}}, "FFC_sans_bias46": {"write": {"device_start": 1585660130.280327, "host_queued_start": 1585660197.498178, "device_queued": 1585660130.2348516, "device_end": 1585660130.280417, "host_queued_end": 1585660197.678259}, "device": "gpu", "nd_range": {"device_start": 1585660130.2804239, "device_end": 1585660130.2837706}, "cmdq": 0, "read": {"device_start": -1, "device_end": -1}}, "FFC_sans_bias47": {"write": {"device_start": 1585660130.2840135, "host_queued_start": 1585660197.501702, "device_queued": 1585660130.2350907, "device_end": 1585660130.2841027, "host_queued_end": 1585660197.678259}, "device": "gpu", "nd_range": {"device_start": 1585660130.284109, "device_end": 1585660130.2874682}, "cmdq": 0, "read": {"device_start": -1, "device_end": -1}}, "FFC_sans_bias45": {"write": {"device_start": 1585660130.2680342, "host_queued_start": 1585660197.494773, "device_queued": 1585660130.234628, "device_end": 1585660130.2681851, "host_queued_end": 1585660197.678259}, "device": "gpu", "nd_range": {"device_start": 1585660130.2681878, "device_end": 1585660130.2715409}, "cmdq": 0, "read": {"device_start": -1, "device_end": -1}}, "FFC_sans_bias49": {"write": {"device_start": -1, "host_queued_start": 1585660197.611333, "device_queued": -1, "device_end": -1, "host_queued_end": 1585660197.678259}, "device": "gpu", "nd_range": {"device_start": 1585660130.4074523, "device_end": 1585660130.4108045}, "cmdq": 0, "read": {"device_start": -1, "device_end": -1}}, "softmax77": {"write": {"device_start": -1, "host_queued_start": 1585660197.620412, "device_queued": -1, "device_end": -1, "host_queued_end": 1585660197.678259}, "device": "gpu", "nd_range": {"device_start": 1585660130.4467692, "device_end": 1585660130.4471896}, "cmdq": 0, "read": {"device_start": -1, "device_end": -1}}, "empty134": {"write": {"device_start": 1585660130.233524, "host_queued_start": 1585660197.457877, "device_queued": 1585660130.2309463, "device_end": 1585660130.2336397, "host_queued_end": 1585660197.678259}, "device": "gpu", "nd_range": {"device_start": 1585660130.2336423, "device_end": 1585660130.233646}, "cmdq": 0, "read": {"device_start": -1, "device_end": -1}}, "coalesced_transpose138": {"write": {"device_start": -1, "host_queued_start": 1585660197.609902, "device_queued": -1, "device_end": -1, "host_queued_end": 1585660197.678259}, "device": "gpu", "nd_range": {"device_start": 1585660130.397384, "device_end": 1585660130.3974023}, "cmdq": 0, "read": {"device_start": -1, "device_end": -1}}, "FFC_sans_bias119": {"write": {"device_start": 1585660130.3716872, "host_queued_start": 1585660197.584674, "device_queued": 1585660130.2408946, "device_end": 1585660130.371775, "host_queued_end": 1585660197.678259}, "device": "gpu", "nd_range": {"device_start": 1585660130.371782, "device_end": 1585660130.3751278}, "cmdq": 0, "read": {"device_start": -1, "device_end": -1}}, "FFC_sans_bias118": {"write": {"device_start": 1585660130.3680418, "host_queued_start": 1585660197.581154, "device_queued": 1585660130.240671, "device_end": 1585660130.3681297, "host_queued_end": 1585660197.678259}, "device": "gpu", "nd_range": {"device_start": 1585660130.3681386, "device_end": 1585660130.3714783}, "cmdq": 0, "read": {"device_start": -1, "device_end": -1}}, "empty143": {"write": {"device_start": 1585660130.2339294, "host_queued_start": 1585660197.460572, "device_queued": 1585660130.2311199, "device_end": 1585660130.2340271, "host_queued_end": 1585660197.678259}, "device": "gpu", "nd_range": {"device_start": 1585660130.2340355, "device_end": 1585660130.2340388}, "cmdq": 0, "read": {"device_start": -1, "device_end": -1}}, "FFC_sans_bias115": {"write": {"device_start": 1585660130.5365458, "host_queued_start": 1585660197.668403, "device_queued": 1585660130.2528698, "device_end": 1585660130.5366347, "host_queued_end": 1585660197.678259}, "device": "gpu", "nd_range": {"device_start": 1585660130.536641, "device_end": 1585660130.5399702}, "cmdq": 0, "read": {"device_start": 1585660130.539975, "device_end": 1585660130.54006}}, "FFC_sans_bias114": {"write": {"device_start": -1, "host_queued_start": 1585660197.630908, "device_queued": -1, "device_end": -1, "host_queued_end": 1585660197.678259}, "device": "gpu", "nd_range": {"device_start": 1585660130.4836152, "device_end": 1585660130.4869654}, "cmdq": 0, "read": {"device_start": -1, "device_end": -1}}, "FFC_sans_bias117": {"write": {"device_start": 1585660130.3643713, "host_queued_start": 1585660197.577766, "device_queued": 1585660130.2404506, "device_end": 1585660130.3644595, "host_queued_end": 1585660197.678259}, "device": "gpu", "nd_range": {"device_start": 1585660130.3644664, "device_end": 1585660130.3678286}, "cmdq": 0, "read": {"device_start": -1, "device_end": -1}}, "softmax5": {"write": {"device_start": -1, "host_queued_start": 1585660197.71052, "device_queued": -1, "device_end": -1, "host_queued_end": 1585660197.719139}, "device": "cpu", "nd_range": {"device_start": 2327972.205919919, "device_end": 2327972.206517199}, "cmdq": 0, "read": {"device_start": -1, "device_end": -1}}, "FFC_sans_bias110": {"write": {"device_start": 1585660130.3607173, "host_queued_start": 1585660197.574218, "device_queued": 1585660130.240227, "device_end": 1585660130.360807, "host_queued_end": 1585660197.678259}, "device": "gpu", "nd_range": {"device_start": 1585660130.3608139, "device_end": 1585660130.3641624}, "cmdq": 0, "read": {"device_start": -1, "device_end": -1}}, "FFC_sans_bias112": {"write": {"device_start": -1, "host_queued_start": 1585660197.61493, "device_queued": -1, "device_end": -1, "host_queued_end": 1585660197.678259}, "device": "gpu", "nd_range": {"device_start": 1585660130.4308624, "device_end": 1585660130.4341843}, "cmdq": 0, "read": {"device_start": -1, "device_end": -1}}, "empty53": {"write": {"device_start": 1585660130.229893, "host_queued_start": 1585660197.433444, "device_queued": 1585660130.2292683, "device_end": 1585660130.229995, "host_queued_end": 1585660197.678259}, "device": "gpu", "nd_range": {"device_start": 1585660130.230001, "device_end": 1585660130.230004}, "cmdq": 0, "read": {"device_start": -1, "device_end": -1}}, "coalesced_transpose48": {"write": {"device_start": -1, "host_queued_start": 1585660197.606627, "device_queued": -1, "device_end": -1, "host_queued_end": 1585660197.678259}, "device": "gpu", "nd_range": {"device_start": 1585660130.3971894, "device_end": 1585660130.397208}, "cmdq": 0, "read": {"device_start": -1, "device_end": -1}}}