{"FFC_sans_bias4": {"write": {"device_start": -1, "host_queued_start": 1585661480.922207, "device_queued": -1, "device_end": -1, "host_queued_end": 1585661480.980627}, "device": "cpu", "nd_range": {"device_start": 2329256.7074652663, "device_end": 2329256.7451926023}, "cmdq": 0, "read": {"device_start": -1, "device_end": -1}}, "FFC_sans_bias7": {"write": {"device_start": -1, "host_queued_start": 1585661480.946343, "device_queued": -1, "device_end": -1, "host_queued_end": 1585661480.980627}, "device": "cpu", "nd_range": {"device_start": 2329257.70349641, "device_end": 2329257.746123908}, "cmdq": 0, "read": {"device_start": -1, "device_end": -1}}, "FFC_sans_bias6": {"write": {"device_start": -1, "host_queued_start": 1585661480.936067, "device_queued": -1, "device_end": -1, "host_queued_end": 1585661480.980627}, "device": "cpu", "nd_range": {"device_start": 2329257.177830634, "device_end": 2329257.232768751}, "cmdq": 0, "read": {"device_start": -1, "device_end": -1}}, "FFC_sans_bias1": {"write": {"device_start": -1, "host_queued_start": 1585661480.795939, "device_queued": -1, "device_end": -1, "host_queued_end": 1585661480.980627}, "device": "cpu", "nd_range": {"device_start": 2329255.222378576, "device_end": 2329255.260748824}, "cmdq": 0, "read": {"device_start": -1, "device_end": -1}}, "FFC_sans_bias0": {"write": {"device_start": -1, "host_queued_start": 1585661480.792234, "device_queued": -1, "device_end": -1, "host_queued_end": 1585661480.980627}, "device": "cpu", "nd_range": {"device_start": 2329255.17035357, "device_end": 2329255.222014345}, "cmdq": 0, "read": {"device_start": -1, "device_end": -1}}, "FFC_sans_bias2": {"write": {"device_start": -1, "host_queued_start": 1585661480.799655, "device_queued": -1, "device_end": -1, "host_queued_end": 1585661480.980627}, "device": "cpu", "nd_range": {"device_start": 2329255.260778853, "device_end": 2329255.2970970073}, "cmdq": 0, "read": {"device_start": -1, "device_end": -1}}, "coalesced_transpose120": {"write": {"device_start": -1, "host_queued_start": 1585661480.734976, "device_queued": -1, "device_end": -1, "host_queued_end": 1585661480.753502}, "device": "gpu", "nd_range": {"device_start": 1585661413.3041806, "device_end": 1585661413.3105326}, "cmdq": 1, "read": {"device_start": -1, "device_end": -1}}, "FFC_sans_bias9": {"write": {"device_start": -1, "host_queued_start": 1585661480.803285, "device_queued": -1, "device_end": -1, "host_queued_end": 1585661480.980627}, "device": "cpu", "nd_range": {"device_start": 2329255.297108104, "device_end": 2329255.3320172993}, "cmdq": 0, "read": {"device_start": -1, "device_end": -1}}, "empty71": {"write": {"device_start": -1, "host_queued_start": 1585661480.778537, "device_queued": -1, "device_end": -1, "host_queued_end": 1585661480.980627}, "device": "cpu", "nd_range": {"device_start": 2329255.170328556, "device_end": 2329255.170329153}, "cmdq": 0, "read": {"device_start": -1, "device_end": -1}}, "softmax41": {"write": {"device_start": -1, "host_queued_start": 1585661480.931662, "device_queued": -1, "device_end": -1, "host_queued_end": 1585661480.980627}, "device": "cpu", "nd_range": {"device_start": 2329257.172774028, "device_end": 2329257.173217018}, "cmdq": 0, "read": {"device_start": -1, "device_end": -1}}, "FFC_sans_bias37": {"write": {"device_start": -1, "host_queued_start": 1585661480.83908, "device_queued": -1, "device_end": -1, "host_queued_end": 1585661480.980627}, "device": "cpu", "nd_range": {"device_start": 2329255.7192409, "device_end": 2329255.761717277}, "cmdq": 0, "read": {"device_start": -1, "device_end": -1}}, "FFC_sans_bias36": {"write": {"device_start": -1, "host_queued_start": 1585661480.835608, "device_queued": -1, "device_end": -1, "host_queued_end": 1585661480.980627}, "device": "cpu", "nd_range": {"device_start": 2329255.6773751373, "device_end": 2329255.71921974}, "cmdq": 0, "read": {"device_start": -1, "device_end": -1}}, "FFC_sans_bias34": {"write": {"device_start": -1, "host_queued_start": 1585661480.955871, "device_queued": -1, "device_end": -1, "host_queued_end": 1585661480.980627}, "device": "cpu", "nd_range": {"device_start": 2329257.830505637, "device_end": 2329257.8733474743}, "cmdq": 0, "read": {"device_start": -1, "device_end": -1}}, "FFC_sans_bias33": {"write": {"device_start": -1, "host_queued_start": 1585661480.937988, "device_queued": -1, "device_end": -1, "host_queued_end": 1585661480.980627}, "device": "cpu", "nd_range": {"device_start": 2329257.320836909, "device_end": 2329257.3638833063}, "cmdq": 0, "read": {"device_start": -1, "device_end": -1}}, "FFC_sans_bias31": {"write": {"device_start": -1, "host_queued_start": 1585661480.924025, "device_queued": -1, "device_end": -1, "host_queued_end": 1585661480.980627}, "device": "cpu", "nd_range": {"device_start": 2329256.818995046, "device_end": 2329256.854435327}, "cmdq": 0, "read": {"device_start": -1, "device_end": -1}}, "FFC_sans_bias38": {"write": {"device_start": -1, "host_queued_start": 1585661480.842599, "device_queued": -1, "device_end": -1, "host_queued_end": 1585661480.980627}, "device": "cpu", "nd_range": {"device_start": 2329255.761735401, "device_end": 2329255.80448711}, "cmdq": 0, "read": {"device_start": -1, "device_end": -1}}, "coalesced_transpose75": {"write": {"device_start": -1, "host_queued_start": 1585661480.919864, "device_queued": -1, "device_end": -1, "host_queued_end": 1585661480.980627}, "device": "cpu", "nd_range": {"device_start": 2329256.7056698273, "device_end": 2329256.706133114}, "cmdq": 0, "read": {"device_start": -1, "device_end": -1}}, "softmax140": {"write": {"device_start": -1, "host_queued_start": 1585661480.738021, "device_queued": -1, "device_end": -1, "host_queued_end": 1585661480.753502}, "device": "gpu", "nd_range": {"device_start": 1585661413.3237584, "device_end": 1585661413.3311539}, "cmdq": 3, "read": {"device_start": -1, "device_end": -1}}, "empty44": {"write": {"device_start": -1, "host_queued_start": 1585661480.769766, "device_queued": -1, "device_end": -1, "host_queued_end": 1585661480.980627}, "device": "cpu", "nd_range": {"device_start": 2329255.170312209, "device_end": 2329255.170312799}, "cmdq": 0, "read": {"device_start": -1, "device_end": -1}}, "FFC_sans_bias137": {"write": {"device_start": 1585661413.294789, "host_queued_start": 1585661480.730845, "device_queued": 1585661413.274023, "device_end": 1585661413.2948813, "host_queued_end": 1585661480.753502}, "device": "gpu", "nd_range": {"device_start": 1585661413.294889, "device_end": 1585661413.307438}, "cmdq": 2, "read": {"device_start": -1, "device_end": -1}}, "empty8": {"write": {"device_start": -1, "host_queued_start": 1585661480.757612, "device_queued": -1, "device_end": -1, "host_queued_end": 1585661480.980627}, "device": "cpu", "nd_range": {"device_start": 2329255.1702644913, "device_end": 2329255.1702777133}, "cmdq": 0, "read": {"device_start": -1, "device_end": -1}}, "softmax50": {"write": {"device_start": -1, "host_queued_start": 1585661480.932241, "device_queued": -1, "device_end": -1, "host_queued_end": 1585661480.980627}, "device": "cpu", "nd_range": {"device_start": 2329257.173223224, "device_end": 2329257.173624135}, "cmdq": 0, "read": {"device_start": -1, "device_end": -1}}, "softmax59": {"write": {"device_start": -1, "host_queued_start": 1585661480.932766, "device_queued": -1, "device_end": -1, "host_queued_end": 1585661480.980627}, "device": "cpu", "nd_range": {"device_start": 2329257.173780267, "device_end": 2329257.174185743}, "cmdq": 0, "read": {"device_start": -1, "device_end": -1}}, "FFC_sans_bias142": {"write": {"device_start": 1585661413.343755, "host_queued_start": 1585661480.753385, "device_queued": 1585661413.2773829, "device_end": 1585661413.3438585, "host_queued_end": 1585661480.753502}, "device": "gpu", "nd_range": {"device_start": 1585661413.3438616, "device_end": 1585661413.3497918}, "cmdq": 3, "read": {"device_start": 1585661413.349801, "device_end": 1585661413.3499155}}, "FFC_sans_bias141": {"write": {"device_start": -1, "host_queued_start": 1585661480.739402, "device_queued": -1, "device_end": -1, "host_queued_end": 1585661480.753502}, "device": "gpu", "nd_range": {"device_start": 1585661413.331155, "device_end": 1585661413.343396}, "cmdq": 3, "read": {"device_start": -1, "device_end": -1}}, "FFC_sans_bias24": {"write": {"device_start": -1, "host_queued_start": 1585661480.93733, "device_queued": -1, "device_end": -1, "host_queued_end": 1585661480.980627}, "device": "cpu", "nd_range": {"device_start": 2329257.278384143, "device_end": 2329257.3208159083}, "cmdq": 0, "read": {"device_start": -1, "device_end": -1}}, "FFC_sans_bias25": {"write": {"device_start": -1, "host_queued_start": 1585661480.95273, "device_queued": -1, "device_end": -1, "host_queued_end": 1585661480.980627}, "device": "cpu", "nd_range": {"device_start": 2329257.788055864, "device_end": 2329257.830498915}, "cmdq": 0, "read": {"device_start": -1, "device_end": -1}}, "FFC_sans_bias27": {"write": {"device_start": -1, "host_queued_start": 1585661480.824471, "device_queued": -1, "device_end": -1, "host_queued_end": 1585661480.980627}, "device": "cpu", "nd_range": {"device_start": 2329255.544219925, "device_end": 2329255.5865823673}, "cmdq": 0, "read": {"device_start": -1, "device_end": -1}}, "FFC_sans_bias20": {"write": {"device_start": -1, "host_queued_start": 1585661480.82098, "device_queued": -1, "device_end": -1, "host_queued_end": 1585661480.980627}, "device": "cpu", "nd_range": {"device_start": 2329255.501861848, "device_end": 2329255.54420134}, "cmdq": 0, "read": {"device_start": -1, "device_end": -1}}, "FFC_sans_bias22": {"write": {"device_start": -1, "host_queued_start": 1585661480.923422, "device_queued": -1, "device_end": -1, "host_queued_end": 1585661480.980627}, "device": "cpu", "nd_range": {"device_start": 2329256.7828043113, "device_end": 2329256.8189736623}, "cmdq": 0, "read": {"device_start": -1, "device_end": -1}}, "FFC_sans_bias130": {"write": {"device_start": -1, "host_queued_start": 1585661480.736555, "device_queued": -1, "device_end": -1, "host_queued_end": 1585661480.753502}, "device": "gpu", "nd_range": {"device_start": 1585661413.3105614, "device_end": 1585661413.3205278}, "cmdq": 2, "read": {"device_start": -1, "device_end": -1}}, "FFC_sans_bias28": {"write": {"device_start": -1, "host_queued_start": 1585661480.82831, "device_queued": -1, "device_end": -1, "host_queued_end": 1585661480.980627}, "device": "cpu", "nd_range": {"device_start": 2329255.5865929644, "device_end": 2329255.628970601}, "cmdq": 0, "read": {"device_start": -1, "device_end": -1}}, "FFC_sans_bias29": {"write": {"device_start": -1, "host_queued_start": 1585661480.831912, "device_queued": -1, "device_end": -1, "host_queued_end": 1585661480.980627}, "device": "cpu", "nd_range": {"device_start": 2329255.628979585, "device_end": 2329255.6773602404}, "cmdq": 0, "read": {"device_start": -1, "device_end": -1}}, "coalesced_transpose66": {"write": {"device_start": -1, "host_queued_start": 1585661480.919289, "device_queued": -1, "device_end": -1, "host_queued_end": 1585661480.980627}, "device": "cpu", "nd_range": {"device_start": 2329256.705228711, "device_end": 2329256.705662907}, "cmdq": 0, "read": {"device_start": -1, "device_end": -1}}, "coalesced_transpose93": {"write": {"device_start": -1, "host_queued_start": 1585661480.921013, "device_queued": -1, "device_end": -1, "host_queued_end": 1585661480.980627}, "device": "cpu", "nd_range": {"device_start": 2329256.706577302, "device_end": 2329256.707015097}, "cmdq": 0, "read": {"device_start": -1, "device_end": -1}}, "softmax23": {"write": {"device_start": -1, "host_queued_start": 1585661480.930625, "device_queued": -1, "device_end": -1, "host_queued_end": 1585661480.980627}, "device": "cpu", "nd_range": {"device_start": 2329257.1719024354, "device_end": 2329257.172246696}, "cmdq": 0, "read": {"device_start": -1, "device_end": -1}}, "empty62": {"write": {"device_start": -1, "host_queued_start": 1585661480.775752, "device_queued": -1, "device_end": -1, "host_queued_end": 1585661480.980627}, "device": "cpu", "nd_range": {"device_start": 2329255.170322231, "device_end": 2329255.170322798}, "cmdq": 0, "read": {"device_start": -1, "device_end": -1}}, "FFC_sans_bias10": {"write": {"device_start": -1, "host_queued_start": 1585661480.806801, "device_queued": -1, "device_end": -1, "host_queued_end": 1585661480.980627}, "device": "cpu", "nd_range": {"device_start": 2329255.3320451654, "device_end": 2329255.37406685}, "cmdq": 0, "read": {"device_start": -1, "device_end": -1}}, "FFC_sans_bias13": {"write": {"device_start": -1, "host_queued_start": 1585661480.922834, "device_queued": -1, "device_end": -1, "host_queued_end": 1585661480.980627}, "device": "cpu", "nd_range": {"device_start": 2329256.7452164493, "device_end": 2329256.7827865994}, "cmdq": 0, "read": {"device_start": -1, "device_end": -1}}, "FFC_sans_bias15": {"write": {"device_start": -1, "host_queued_start": 1585661480.936665, "device_queued": -1, "device_end": -1, "host_queued_end": 1585661480.980627}, "device": "cpu", "nd_range": {"device_start": 2329257.232790987, "device_end": 2329257.278366798}, "cmdq": 0, "read": {"device_start": -1, "device_end": -1}}, "FFC_sans_bias16": {"write": {"device_start": -1, "host_queued_start": 1585661480.949527, "device_queued": -1, "device_end": -1, "host_queued_end": 1585661480.980627}, "device": "cpu", "nd_range": {"device_start": 2329257.746133115, "device_end": 2329257.788048935}, "cmdq": 0, "read": {"device_start": -1, "device_end": -1}}, "FFC_sans_bias19": {"write": {"device_start": -1, "host_queued_start": 1585661480.817396, "device_queued": -1, "device_end": -1, "host_queued_end": 1585661480.980627}, "device": "cpu", "nd_range": {"device_start": 2329255.4594808673, "device_end": 2329255.5018424}, "cmdq": 0, "read": {"device_start": -1, "device_end": -1}}, "FFC_sans_bias18": {"write": {"device_start": -1, "host_queued_start": 1585661480.813872, "device_queued": -1, "device_end": -1, "host_queued_end": 1585661480.980627}, "device": "cpu", "nd_range": {"device_start": 2329255.4168075994, "device_end": 2329255.459456337}, "cmdq": 0, "read": {"device_start": -1, "device_end": -1}}, "FFC_sans_bias99": {"write": {"device_start": -1, "host_queued_start": 1585661480.908259, "device_queued": -1, "device_end": -1, "host_queued_end": 1585661480.980627}, "device": "cpu", "nd_range": {"device_start": 2329256.5745066423, "device_end": 2329256.6173327724}, "cmdq": 0, "read": {"device_start": -1, "device_end": -1}}, "FFC_sans_bias91": {"write": {"device_start": -1, "host_queued_start": 1585661480.901252, "device_queued": -1, "device_end": -1, "host_queued_end": 1585661480.980627}, "device": "cpu", "nd_range": {"device_start": 2329256.489431362, "device_end": 2329256.5326227243}, "cmdq": 0, "read": {"device_start": -1, "device_end": -1}}, "FFC_sans_bias90": {"write": {"device_start": -1, "host_queued_start": 1585661480.897893, "device_queued": -1, "device_end": -1, "host_queued_end": 1585661480.980627}, "device": "cpu", "nd_range": {"device_start": 2329256.449286336, "device_end": 2329256.48940435}, "cmdq": 0, "read": {"device_start": -1, "device_end": -1}}, "coalesced_transpose12": {"write": {"device_start": -1, "host_queued_start": 1585661480.915646, "device_queued": -1, "device_end": -1, "host_queued_end": 1585661480.980627}, "device": "cpu", "nd_range": {"device_start": 2329256.702503181, "device_end": 2329256.702943785}, "cmdq": 0, "read": {"device_start": -1, "device_end": -1}}, "FFC_sans_bias94": {"write": {"device_start": -1, "host_queued_start": 1585661480.928386, "device_queued": -1, "device_end": -1, "host_queued_end": 1585661480.980627}, "device": "cpu", "nd_range": {"device_start": 2329257.082775997, "device_end": 2329257.128558271}, "cmdq": 0, "read": {"device_start": -1, "device_end": -1}}, "FFC_sans_bias97": {"write": {"device_start": -1, "host_queued_start": 1585661480.977591, "device_queued": -1, "device_end": -1, "host_queued_end": 1585661480.980627}, "device": "cpu", "nd_range": {"device_start": 2329258.1291227713, "device_end": 2329258.166327659}, "cmdq": 0, "read": {"device_start": -1, "device_end": -1}}, "FFC_sans_bias96": {"write": {"device_start": -1, "host_queued_start": 1585661480.942302, "device_queued": -1, "device_end": -1, "host_queued_end": 1585661480.980627}, "device": "cpu", "nd_range": {"device_start": 2329257.619189178, "device_end": 2329257.661246022}, "cmdq": 0, "read": {"device_start": -1, "device_end": -1}}, "FFC_sans_bias124": {"write": {"device_start": 1585661413.3307223, "host_queued_start": 1585661480.746296, "device_queued": 1585661413.2771125, "device_end": 1585661413.3308227, "host_queued_end": 1585661480.753502}, "device": "gpu", "nd_range": {"device_start": 1585661413.3308277, "device_end": 1585661413.3401275}, "cmdq": 1, "read": {"device_start": 1585661413.3401313, "device_end": 1585661413.3402293}}, "FFC_sans_bias126": {"write": {"device_start": 1585661413.284936, "host_queued_start": 1585661480.720575, "device_queued": 1585661413.2731187, "device_end": 1585661413.2850397, "host_queued_end": 1585661480.753502}, "device": "gpu", "nd_range": {"device_start": 1585661413.285045, "device_end": 1585661413.297652}, "cmdq": 3, "read": {"device_start": -1, "device_end": -1}}, "softmax32": {"write": {"device_start": -1, "host_queued_start": 1585661480.931145, "device_queued": -1, "device_end": -1, "host_queued_end": 1585661480.980627}, "device": "cpu", "nd_range": {"device_start": 2329257.1723962612, "device_end": 2329257.172766507}, "cmdq": 0, "read": {"device_start": -1, "device_end": -1}}, "coalesced_transpose84": {"write": {"device_start": -1, "host_queued_start": 1585661480.920439, "device_queued": -1, "device_end": -1, "host_queued_end": 1585661480.980627}, "device": "cpu", "nd_range": {"device_start": 2329256.706141152, "device_end": 2329256.706570369}, "cmdq": 0, "read": {"device_start": -1, "device_end": -1}}, "FFC_sans_bias121": {"write": {"device_start": -1, "host_queued_start": 1585661480.736233, "device_queued": -1, "device_end": -1, "host_queued_end": 1585661480.753502}, "device": "gpu", "nd_range": {"device_start": 1585661413.3105335, "device_end": 1585661413.3172572}, "cmdq": 1, "read": {"device_start": -1, "device_end": -1}}, "empty98": {"write": {"device_start": -1, "host_queued_start": 1585661480.786709, "device_queued": -1, "device_end": -1, "host_queued_end": 1585661480.980627}, "device": "cpu", "nd_range": {"device_start": 2329255.170343553, "device_end": 2329255.170344111}, "cmdq": 0, "read": {"device_start": -1, "device_end": -1}}, "empty107": {"write": {"device_start": -1, "host_queued_start": 1585661480.789349, "device_queued": -1, "device_end": -1, "host_queued_end": 1585661480.980627}, "device": "cpu", "nd_range": {"device_start": 2329255.1703489954, "device_end": 2329255.170349596}, "cmdq": 0, "read": {"device_start": -1, "device_end": -1}}, "empty17": {"write": {"device_start": -1, "host_queued_start": 1585661480.760756, "device_queued": -1, "device_end": -1, "host_queued_end": 1585661480.980627}, "device": "cpu", "nd_range": {"device_start": 2329255.1702964674, "device_end": 2329255.170297406}, "cmdq": 0, "read": {"device_start": -1, "device_end": -1}}, "FFC_sans_bias87": {"write": {"device_start": -1, "host_queued_start": 1585661480.941701, "device_queued": -1, "device_end": -1, "host_queued_end": 1585661480.980627}, "device": "cpu", "nd_range": {"device_start": 2329257.577054811, "device_end": 2329257.6191668333}, "cmdq": 0, "read": {"device_start": -1, "device_end": -1}}, "FFC_sans_bias85": {"write": {"device_start": -1, "host_queued_start": 1585661480.927791, "device_queued": -1, "device_end": -1, "host_queued_end": 1585661480.980627}, "device": "cpu", "nd_range": {"device_start": 2329257.040522374, "device_end": 2329257.0827656453}, "cmdq": 0, "read": {"device_start": -1, "device_end": -1}}, "FFC_sans_bias82": {"write": {"device_start": -1, "host_queued_start": 1585661480.891023, "device_queued": -1, "device_end": -1, "host_queued_end": 1585661480.980627}, "device": "cpu", "nd_range": {"device_start": 2329256.363622509, "device_end": 2329256.406082089}, "cmdq": 0, "read": {"device_start": -1, "device_end": -1}}, "FFC_sans_bias83": {"write": {"device_start": -1, "host_queued_start": 1585661480.894362, "device_queued": -1, "device_end": -1, "host_queued_end": 1585661480.980627}, "device": "cpu", "nd_range": {"device_start": 2329256.406100741, "device_end": 2329256.4492602283}, "cmdq": 0, "read": {"device_start": -1, "device_end": -1}}, "FFC_sans_bias81": {"write": {"device_start": -1, "host_queued_start": 1585661480.887555, "device_queued": -1, "device_end": -1, "host_queued_end": 1585661480.980627}, "device": "cpu", "nd_range": {"device_start": 2329256.32173895, "device_end": 2329256.3636110732}, "cmdq": 0, "read": {"device_start": -1, "device_end": -1}}, "FFC_sans_bias88": {"write": {"device_start": -1, "host_queued_start": 1585661480.974373, "device_queued": -1, "device_end": -1, "host_queued_end": 1585661480.980627}, "device": "cpu", "nd_range": {"device_start": 2329258.086680313, "device_end": 2329258.129116966}, "cmdq": 0, "read": {"device_start": -1, "device_end": -1}}, "coalesced_transpose30": {"write": {"device_start": -1, "host_queued_start": 1585661480.916833, "device_queued": -1, "device_end": -1, "host_queued_end": 1585661480.980627}, "device": "cpu", "nd_range": {"device_start": 2329256.703447701, "device_end": 2329256.7038723533}, "cmdq": 0, "read": {"device_start": -1, "device_end": -1}}, "FFC_sans_bias128": {"write": {"device_start": 1585661413.2817776, "host_queued_start": 1585661480.717101, "device_queued": 1585661413.272989, "device_end": 1585661413.2818975, "host_queued_end": 1585661480.753502}, "device": "gpu", "nd_range": {"device_start": 1585661413.2819085, "device_end": 1585661413.2944615}, "cmdq": 2, "read": {"device_start": -1, "device_end": -1}}, "coalesced_transpose39": {"write": {"device_start": -1, "host_queued_start": 1585661480.91741, "device_queued": -1, "device_end": -1, "host_queued_end": 1585661480.980627}, "device": "cpu", "nd_range": {"device_start": 2329256.7038801922, "device_end": 2329256.704325819}, "cmdq": 0, "read": {"device_start": -1, "device_end": -1}}, "FFC_sans_bias79": {"write": {"device_start": -1, "host_queued_start": 1585661480.9713, "device_queued": -1, "device_end": -1, "host_queued_end": 1585661480.980627}, "device": "cpu", "nd_range": {"device_start": 2329258.043743515, "device_end": 2329258.086673113}, "cmdq": 0, "read": {"device_start": -1, "device_end": -1}}, "FFC_sans_bias78": {"write": {"device_start": -1, "host_queued_start": 1585661480.941105, "device_queued": -1, "device_end": -1, "host_queued_end": 1585661480.980627}, "device": "cpu", "nd_range": {"device_start": 2329257.534630229, "device_end": 2329257.577043034}, "cmdq": 0, "read": {"device_start": -1, "device_end": -1}}, "FFC_sans_bias73": {"write": {"device_start": -1, "host_queued_start": 1585661480.880662, "device_queued": -1, "device_end": -1, "host_queued_end": 1585661480.980627}, "device": "cpu", "nd_range": {"device_start": 2329256.236259305, "device_end": 2329256.2787067513}, "cmdq": 0, "read": {"device_start": -1, "device_end": -1}}, "FFC_sans_bias72": {"write": {"device_start": -1, "host_queued_start": 1585661480.877305, "device_queued": -1, "device_end": -1, "host_queued_end": 1585661480.980627}, "device": "cpu", "nd_range": {"device_start": 2329256.1833874444, "device_end": 2329256.236237606}, "cmdq": 0, "read": {"device_start": -1, "device_end": -1}}, "FFC_sans_bias70": {"write": {"device_start": -1, "host_queued_start": 1585661480.968281, "device_queued": -1, "device_end": -1, "host_queued_end": 1585661480.980627}, "device": "cpu", "nd_range": {"device_start": 2329258.0013237894, "device_end": 2329258.04373768}, "cmdq": 0, "read": {"device_start": -1, "device_end": -1}}, "FFC_sans_bias76": {"write": {"device_start": -1, "host_queued_start": 1585661480.927192, "device_queued": -1, "device_end": -1, "host_queued_end": 1585661480.980627}, "device": "cpu", "nd_range": {"device_start": 2329256.998326886, "device_end": 2329257.040497113}, "cmdq": 0, "read": {"device_start": -1, "device_end": -1}}, "FFC_sans_bias74": {"write": {"device_start": -1, "host_queued_start": 1585661480.884147, "device_queued": -1, "device_end": -1, "host_queued_end": 1585661480.980627}, "device": "cpu", "nd_range": {"device_start": 2329256.278720031, "device_end": 2329256.3217196274}, "cmdq": 0, "read": {"device_start": -1, "device_end": -1}}, "coalesced_transpose102": {"write": {"device_start": -1, "host_queued_start": 1585661480.921616, "device_queued": -1, "device_end": -1, "host_queued_end": 1585661480.980627}, "device": "cpu", "nd_range": {"device_start": 2329256.70702166, "device_end": 2329256.7074589534}, "cmdq": 0, "read": {"device_start": -1, "device_end": -1}}, "coalesced_transpose3": {"write": {"device_start": -1, "host_queued_start": 1585661480.915057, "device_queued": -1, "device_end": -1, "host_queued_end": 1585661480.980627}, "device": "cpu", "nd_range": {"device_start": 2329256.70199955, "device_end": 2329256.702493526}, "cmdq": 0, "read": {"device_start": -1, "device_end": -1}}, "FFC_sans_bias127": {"write": {"device_start": 1585661413.2882342, "host_queued_start": 1585661480.723992, "device_queued": 1585661413.2735858, "device_end": 1585661413.2883472, "host_queued_end": 1585661480.753502}, "device": "gpu", "nd_range": {"device_start": 1585661413.2883544, "device_end": 1585661413.3009284}, "cmdq": 0, "read": {"device_start": -1, "device_end": -1}}, "empty89": {"write": {"device_start": -1, "host_queued_start": 1585661480.78403, "device_queued": -1, "device_end": -1, "host_queued_end": 1585661480.980627}, "device": "cpu", "nd_range": {"device_start": 2329255.1703385552, "device_end": 2329255.1703391583}, "cmdq": 0, "read": {"device_start": -1, "device_end": -1}}, "FFC_sans_bias123": {"write": {"device_start": -1, "host_queued_start": 1585661480.73869, "device_queued": -1, "device_end": -1, "host_queued_end": 1585661480.753502}, "device": "gpu", "nd_range": {"device_start": 1585661413.3214173, "device_end": 1585661413.3303792}, "cmdq": 1, "read": {"device_start": -1, "device_end": -1}}, "empty80": {"write": {"device_start": -1, "host_queued_start": 1585661480.781256, "device_queued": -1, "device_end": -1, "host_queued_end": 1585661480.980627}, "device": "cpu", "nd_range": {"device_start": 2329255.170333609, "device_end": 2329255.1703341734}, "cmdq": 0, "read": {"device_start": -1, "device_end": -1}}, "empty116": {"write": {"device_start": 1585661413.2700253, "host_queued_start": 1585661480.684728, "device_queued": 1585661413.2696877, "device_end": 1585661413.2702503, "host_queued_end": 1585661480.753502}, "device": "gpu", "nd_range": {"device_start": 1585661413.2702591, "device_end": 1585661413.2702634}, "cmdq": 0, "read": {"device_start": -1, "device_end": -1}}, "softmax104": {"write": {"device_start": -1, "host_queued_start": 1585661480.935471, "device_queued": -1, "device_end": -1, "host_queued_end": 1585661480.980627}, "device": "cpu", "nd_range": {"device_start": 2329257.17741792, "device_end": 2329257.177824521}, "cmdq": 0, "read": {"device_start": -1, "device_end": -1}}, "coalesced_transpose21": {"write": {"device_start": -1, "host_queued_start": 1585661480.916236, "device_queued": -1, "device_end": -1, "host_queued_end": 1585661480.980627}, "device": "cpu", "nd_range": {"device_start": 2329256.702952453, "device_end": 2329256.703438815}, "cmdq": 0, "read": {"device_start": -1, "device_end": -1}}, "softmax14": {"write": {"device_start": -1, "host_queued_start": 1585661480.930093, "device_queued": -1, "device_end": -1, "host_queued_end": 1585661480.980627}, "device": "cpu", "nd_range": {"device_start": 2329257.1714122863, "device_end": 2329257.171759873}, "cmdq": 0, "read": {"device_start": -1, "device_end": -1}}, "FFC_sans_bias69": {"write": {"device_start": -1, "host_queued_start": 1585661480.940509, "device_queued": -1, "device_end": -1, "host_queued_end": 1585661480.980627}, "device": "cpu", "nd_range": {"device_start": 2329257.492087361, "device_end": 2329257.5346214483}, "cmdq": 0, "read": {"device_start": -1, "device_end": -1}}, "FFC_sans_bias92": {"write": {"device_start": -1, "host_queued_start": 1585661480.904739, "device_queued": -1, "device_end": -1, "host_queued_end": 1585661480.980627}, "device": "cpu", "nd_range": {"device_start": 2329256.5326365023, "device_end": 2329256.574482837}, "cmdq": 0, "read": {"device_start": -1, "device_end": -1}}, "FFC_sans_bias60": {"write": {"device_start": -1, "host_queued_start": 1585661480.939913, "device_queued": -1, "device_end": -1, "host_queued_end": 1585661480.980627}, "device": "cpu", "nd_range": {"device_start": 2329257.4495753073, "device_end": 2329257.492069308}, "cmdq": 0, "read": {"device_start": -1, "device_end": -1}}, "FFC_sans_bias61": {"write": {"device_start": -1, "host_queued_start": 1585661480.965086, "device_queued": -1, "device_end": -1, "host_queued_end": 1585661480.980627}, "device": "cpu", "nd_range": {"device_start": 2329257.958835491, "device_end": 2329258.00131693}, "cmdq": 0, "read": {"device_start": -1, "device_end": -1}}, "FFC_sans_bias63": {"write": {"device_start": -1, "host_queued_start": 1585661480.873845, "device_queued": -1, "device_end": -1, "host_queued_end": 1585661480.980627}, "device": "cpu", "nd_range": {"device_start": 2329256.140863414, "device_end": 2329256.183369045}, "cmdq": 0, "read": {"device_start": -1, "device_end": -1}}, "FFC_sans_bias64": {"write": {"device_start": -1, "host_queued_start": 1585661480.867053, "device_queued": -1, "device_end": -1, "host_queued_end": 1585661480.980627}, "device": "cpu", "nd_range": {"device_start": 2329256.0583177144, "device_end": 2329256.098072072}, "cmdq": 0, "read": {"device_start": -1, "device_end": -1}}, "FFC_sans_bias65": {"write": {"device_start": -1, "host_queued_start": 1585661480.87051, "device_queued": -1, "device_end": -1, "host_queued_end": 1585661480.980627}, "device": "cpu", "nd_range": {"device_start": 2329256.098082641, "device_end": 2329256.140843821}, "cmdq": 0, "read": {"device_start": -1, "device_end": -1}}, "FFC_sans_bias67": {"write": {"device_start": -1, "host_queued_start": 1585661480.926484, "device_queued": -1, "device_end": -1, "host_queued_end": 1585661480.980627}, "device": "cpu", "nd_range": {"device_start": 2329256.962075213, "device_end": 2329256.998300555}, "cmdq": 0, "read": {"device_start": -1, "device_end": -1}}, "coalesced_transpose111": {"write": {"device_start": -1, "host_queued_start": 1585661480.734659, "device_queued": -1, "device_end": -1, "host_queued_end": 1585661480.753502}, "device": "gpu", "nd_range": {"device_start": 1585661413.3009295, "device_end": 1585661413.310514}, "cmdq": 0, "read": {"device_start": -1, "device_end": -1}}, "FFC_sans_bias136": {"write": {"device_start": 1585661413.2915227, "host_queued_start": 1585661480.727495, "device_queued": 1585661413.2738812, "device_end": 1585661413.2916222, "host_queued_end": 1585661480.753502}, "device": "gpu", "nd_range": {"device_start": 1585661413.291628, "device_end": 1585661413.3041766}, "cmdq": 1, "read": {"device_start": -1, "device_end": -1}}, "FFC_sans_bias135": {"write": {"device_start": 1585661413.297985, "host_queued_start": 1585661480.734279, "device_queued": 1585661413.2741508, "device_end": 1585661413.2980773, "host_queued_end": 1585661480.753502}, "device": "gpu", "nd_range": {"device_start": 1585661413.2980926, "device_end": 1585661413.310689}, "cmdq": 3, "read": {"device_start": -1, "device_end": -1}}, "FFC_sans_bias133": {"write": {"device_start": 1585661413.3339639, "host_queued_start": 1585661480.749726, "device_queued": 1585661413.277244, "device_end": 1585661413.3340616, "host_queued_end": 1585661480.753502}, "device": "gpu", "nd_range": {"device_start": 1585661413.334067, "device_end": 1585661413.3466215}, "cmdq": 2, "read": {"device_start": 1585661413.34663, "device_end": 1585661413.3467205}}, "FFC_sans_bias132": {"write": {"device_start": -1, "host_queued_start": 1585661480.739028, "device_queued": -1, "device_end": -1, "host_queued_end": 1585661480.753502}, "device": "gpu", "nd_range": {"device_start": 1585661413.3246017, "device_end": 1585661413.3336213}, "cmdq": 2, "read": {"device_start": -1, "device_end": -1}}, "softmax68": {"write": {"device_start": -1, "host_queued_start": 1585661480.933299, "device_queued": -1, "device_end": -1, "host_queued_end": 1585661480.980627}, "device": "cpu", "nd_range": {"device_start": 2329257.174194835, "device_end": 2329257.175603127}, "cmdq": 0, "read": {"device_start": -1, "device_end": -1}}, "softmax131": {"write": {"device_start": -1, "host_queued_start": 1585661480.737623, "device_queued": -1, "device_end": -1, "host_queued_end": 1585661480.753502}, "device": "gpu", "nd_range": {"device_start": 1585661413.3205295, "device_end": 1585661413.3246007}, "cmdq": 2, "read": {"device_start": -1, "device_end": -1}}, "empty125": {"write": {"device_start": 1585661413.270387, "host_queued_start": 1585661480.68825, "device_queued": 1585661413.269924, "device_end": 1585661413.2706628, "host_queued_end": 1585661480.753502}, "device": "gpu", "nd_range": {"device_start": 1585661413.2707093, "device_end": 1585661413.2707396}, "cmdq": 1, "read": {"device_start": -1, "device_end": -1}}, "FFC_sans_bias139": {"write": {"device_start": -1, "host_queued_start": 1585661480.73687, "device_queued": -1, "device_end": -1, "host_queued_end": 1585661480.753502}, "device": "gpu", "nd_range": {"device_start": 1585661413.320318, "device_end": 1585661413.3237574}, "cmdq": 3, "read": {"device_start": -1, "device_end": -1}}, "empty35": {"write": {"device_start": -1, "host_queued_start": 1585661480.766693, "device_queued": -1, "device_end": -1, "host_queued_end": 1585661480.980627}, "device": "cpu", "nd_range": {"device_start": 2329255.1703072963, "device_end": 2329255.1703078803}, "cmdq": 0, "read": {"device_start": -1, "device_end": -1}}, "softmax86": {"write": {"device_start": -1, "host_queued_start": 1585661480.934411, "device_queued": -1, "device_end": -1, "host_queued_end": 1585661480.980627}, "device": "cpu", "nd_range": {"device_start": 2329257.176078278, "device_end": 2329257.176880427}, "cmdq": 0, "read": {"device_start": -1, "device_end": -1}}, "FFC_sans_bias55": {"write": {"device_start": -1, "host_queued_start": 1585661480.863372, "device_queued": -1, "device_end": -1, "host_queued_end": 1585661480.980627}, "device": "cpu", "nd_range": {"device_start": 2329256.016149852, "device_end": 2329256.0583025264}, "cmdq": 0, "read": {"device_start": -1, "device_end": -1}}, "FFC_sans_bias54": {"write": {"device_start": -1, "host_queued_start": 1585661480.860007, "device_queued": -1, "device_end": -1, "host_queued_end": 1585661480.980627}, "device": "cpu", "nd_range": {"device_start": 2329255.9733407954, "device_end": 2329256.0161295463}, "cmdq": 0, "read": {"device_start": -1, "device_end": -1}}, "FFC_sans_bias56": {"write": {"device_start": -1, "host_queued_start": 1585661480.856511, "device_queued": -1, "device_end": -1, "host_queued_end": 1585661480.980627}, "device": "cpu", "nd_range": {"device_start": 2329255.931225963, "device_end": 2329255.973327584}, "cmdq": 0, "read": {"device_start": -1, "device_end": -1}}, "FFC_sans_bias51": {"write": {"device_start": -1, "host_queued_start": 1585661480.939214, "device_queued": -1, "device_end": -1, "host_queued_end": 1585661480.980627}, "device": "cpu", "nd_range": {"device_start": 2329257.406448874, "device_end": 2329257.4495567163}, "cmdq": 0, "read": {"device_start": -1, "device_end": -1}}, "FFC_sans_bias52": {"write": {"device_start": -1, "host_queued_start": 1585661480.962065, "device_queued": -1, "device_end": -1, "host_queued_end": 1585661480.980627}, "device": "cpu", "nd_range": {"device_start": 2329257.91588793, "device_end": 2329257.9588214774}, "cmdq": 0, "read": {"device_start": -1, "device_end": -1}}, "FFC_sans_bias58": {"write": {"device_start": -1, "host_queued_start": 1585661480.925864, "device_queued": -1, "device_end": -1, "host_queued_end": 1585661480.980627}, "device": "cpu", "nd_range": {"device_start": 2329256.925962482, "device_end": 2329256.962064405}, "cmdq": 0, "read": {"device_start": -1, "device_end": -1}}, "FFC_sans_bias108": {"write": {"device_start": 1585661413.2713442, "host_queued_start": 1585661480.696509, "device_queued": 1585661413.2710145, "device_end": 1585661413.2714453, "host_queued_end": 1585661480.753502}, "device": "gpu", "nd_range": {"device_start": 1585661413.2714481, "device_end": 1585661413.2748055}, "cmdq": 0, "read": {"device_start": -1, "device_end": -1}}, "FFC_sans_bias109": {"write": {"device_start": 1585661413.2716954, "host_queued_start": 1585661480.699951, "device_queued": 1585661413.2714558, "device_end": 1585661413.271961, "host_queued_end": 1585661480.753502}, "device": "gpu", "nd_range": {"device_start": 1585661413.272277, "device_end": 1585661413.2781367}, "cmdq": 1, "read": {"device_start": -1, "device_end": -1}}, "coalesced_transpose129": {"write": {"device_start": -1, "host_queued_start": 1585661480.735279, "device_queued": -1, "device_end": -1, "host_queued_end": 1585661480.753502}, "device": "gpu", "nd_range": {"device_start": 1585661413.307445, "device_end": 1585661413.3105605}, "cmdq": 2, "read": {"device_start": -1, "device_end": -1}}, "FFC_sans_bias103": {"write": {"device_start": -1, "host_queued_start": 1585661480.928978, "device_queued": -1, "device_end": -1, "host_queued_end": 1585661480.980627}, "device": "cpu", "nd_range": {"device_start": 2329257.1285941973, "device_end": 2329257.170785848}, "cmdq": 0, "read": {"device_start": -1, "device_end": -1}}, "FFC_sans_bias100": {"write": {"device_start": -1, "host_queued_start": 1585661480.911569, "device_queued": -1, "device_end": -1, "host_queued_end": 1585661480.980627}, "device": "cpu", "nd_range": {"device_start": 2329256.6173512433, "device_end": 2329256.6599154864}, "cmdq": 0, "read": {"device_start": -1, "device_end": -1}}, "FFC_sans_bias101": {"write": {"device_start": -1, "host_queued_start": 1585661480.9147, "device_queued": -1, "device_end": -1, "host_queued_end": 1585661480.980627}, "device": "cpu", "nd_range": {"device_start": 2329256.659932496, "device_end": 2329256.701957959}, "cmdq": 0, "read": {"device_start": -1, "device_end": -1}}, "FFC_sans_bias106": {"write": {"device_start": -1, "host_queued_start": 1585661480.980572, "device_queued": -1, "device_end": -1, "host_queued_end": 1585661480.980627}, "device": "cpu", "nd_range": {"device_start": 2329258.16633855, "device_end": 2329258.2067424753}, "cmdq": 0, "read": {"device_start": -1, "device_end": -1}}, "softmax122": {"write": {"device_start": -1, "host_queued_start": 1585661480.737373, "device_queued": -1, "device_end": -1, "host_queued_end": 1585661480.753502}, "device": "gpu", "nd_range": {"device_start": 1585661413.3172581, "device_end": 1585661413.3214164}, "cmdq": 1, "read": {"device_start": -1, "device_end": -1}}, "FFC_sans_bias105": {"write": {"device_start": -1, "host_queued_start": 1585661480.94293, "device_queued": -1, "device_end": -1, "host_queued_end": 1585661480.980627}, "device": "cpu", "nd_range": {"device_start": 2329257.66128838, "device_end": 2329257.703472283}, "cmdq": 0, "read": {"device_start": -1, "device_end": -1}}, "softmax95": {"write": {"device_start": -1, "host_queued_start": 1585661480.934941, "device_queued": -1, "device_end": -1, "host_queued_end": 1585661480.980627}, "device": "cpu", "nd_range": {"device_start": 2329257.176895306, "device_end": 2329257.177412013}, "cmdq": 0, "read": {"device_start": -1, "device_end": -1}}, "coalesced_transpose57": {"write": {"device_start": -1, "host_queued_start": 1585661480.91871, "device_queued": -1, "device_end": -1, "host_queued_end": 1585661480.980627}, "device": "cpu", "nd_range": {"device_start": 2329256.704792931, "device_end": 2329256.705220905}, "cmdq": 0, "read": {"device_start": -1, "device_end": -1}}, "empty26": {"write": {"device_start": -1, "host_queued_start": 1585661480.763796, "device_queued": -1, "device_end": -1, "host_queued_end": 1585661480.980627}, "device": "cpu", "nd_range": {"device_start": 2329255.170301799, "device_end": 2329255.170302487}, "cmdq": 0, "read": {"device_start": -1, "device_end": -1}}, "softmax113": {"write": {"device_start": -1, "host_queued_start": 1585661480.737122, "device_queued": -1, "device_end": -1, "host_queued_end": 1585661480.753502}, "device": "gpu", "nd_range": {"device_start": 1585661413.3139226, "device_end": 1585661413.3214023}, "cmdq": 0, "read": {"device_start": -1, "device_end": -1}}, "FFC_sans_bias11": {"write": {"device_start": -1, "host_queued_start": 1585661480.810255, "device_queued": -1, "device_end": -1, "host_queued_end": 1585661480.980627}, "device": "cpu", "nd_range": {"device_start": 2329255.3740888163, "device_end": 2329255.4167907243}, "cmdq": 0, "read": {"device_start": -1, "device_end": -1}}, "FFC_sans_bias42": {"write": {"device_start": -1, "host_queued_start": 1585661480.938601, "device_queued": -1, "device_end": -1, "host_queued_end": 1585661480.980627}, "device": "cpu", "nd_range": {"device_start": 2329257.363901384, "device_end": 2329257.406436873}, "cmdq": 0, "read": {"device_start": -1, "device_end": -1}}, "FFC_sans_bias43": {"write": {"device_start": -1, "host_queued_start": 1585661480.959058, "device_queued": -1, "device_end": -1, "host_queued_end": 1585661480.980627}, "device": "cpu", "nd_range": {"device_start": 2329257.8733564382, "device_end": 2329257.9158815313}, "cmdq": 0, "read": {"device_start": -1, "device_end": -1}}, "FFC_sans_bias40": {"write": {"device_start": -1, "host_queued_start": 1585661480.924618, "device_queued": -1, "device_end": -1, "host_queued_end": 1585661480.980627}, "device": "cpu", "nd_range": {"device_start": 2329256.854453282, "device_end": 2329256.891093161}, "cmdq": 0, "read": {"device_start": -1, "device_end": -1}}, "FFC_sans_bias46": {"write": {"device_start": -1, "host_queued_start": 1585661480.849548, "device_queued": -1, "device_end": -1, "host_queued_end": 1585661480.980627}, "device": "cpu", "nd_range": {"device_start": 2329255.8466821034, "device_end": 2329255.888734293}, "cmdq": 0, "read": {"device_start": -1, "device_end": -1}}, "FFC_sans_bias47": {"write": {"device_start": -1, "host_queued_start": 1585661480.853079, "device_queued": -1, "device_end": -1, "host_queued_end": 1585661480.980627}, "device": "cpu", "nd_range": {"device_start": 2329255.888760475, "device_end": 2329255.93121487}, "cmdq": 0, "read": {"device_start": -1, "device_end": -1}}, "FFC_sans_bias45": {"write": {"device_start": -1, "host_queued_start": 1585661480.846149, "device_queued": -1, "device_end": -1, "host_queued_end": 1585661480.980627}, "device": "cpu", "nd_range": {"device_start": 2329255.804515055, "device_end": 2329255.8466582904}, "cmdq": 0, "read": {"device_start": -1, "device_end": -1}}, "FFC_sans_bias49": {"write": {"device_start": -1, "host_queued_start": 1585661480.925244, "device_queued": -1, "device_end": -1, "host_queued_end": 1585661480.980627}, "device": "cpu", "nd_range": {"device_start": 2329256.891112409, "device_end": 2329256.92594545}, "cmdq": 0, "read": {"device_start": -1, "device_end": -1}}, "softmax77": {"write": {"device_start": -1, "host_queued_start": 1585661480.933854, "device_queued": -1, "device_end": -1, "host_queued_end": 1585661480.980627}, "device": "cpu", "nd_range": {"device_start": 2329257.1756090233, "device_end": 2329257.176072543}, "cmdq": 0, "read": {"device_start": -1, "device_end": -1}}, "empty134": {"write": {"device_start": 1585661413.2707036, "host_queued_start": 1585661480.690913, "device_queued": 1585661413.2702684, "device_end": 1585661413.2710004, "host_queued_end": 1585661480.753502}, "device": "gpu", "nd_range": {"device_start": 1585661413.2710135, "device_end": 1585661413.2710278}, "cmdq": 2, "read": {"device_start": -1, "device_end": -1}}, "coalesced_transpose138": {"write": {"device_start": -1, "host_queued_start": 1585661480.735585, "device_queued": -1, "device_end": -1, "host_queued_end": 1585661480.753502}, "device": "gpu", "nd_range": {"device_start": 1585661413.310698, "device_end": 1585661413.320317}, "cmdq": 3, "read": {"device_start": -1, "device_end": -1}}, "FFC_sans_bias119": {"write": {"device_start": 1585661413.2784657, "host_queued_start": 1585661480.713601, "device_queued": 1585661413.272862, "device_end": 1585661413.2785647, "host_queued_end": 1585661480.753502}, "device": "gpu", "nd_range": {"device_start": 1585661413.278572, "device_end": 1585661413.291186}, "cmdq": 1, "read": {"device_start": -1, "device_end": -1}}, "FFC_sans_bias118": {"write": {"device_start": 1585661413.27514, "host_queued_start": 1585661480.710221, "device_queued": 1585661413.2726312, "device_end": 1585661413.2752388, "host_queued_end": 1585661480.753502}, "device": "gpu", "nd_range": {"device_start": 1585661413.2752445, "device_end": 1585661413.2878752}, "cmdq": 0, "read": {"device_start": -1, "device_end": -1}}, "empty143": {"write": {"device_start": 1585661413.2710102, "host_queued_start": 1585661480.693642, "device_queued": 1585661413.270675, "device_end": 1585661413.2712853, "host_queued_end": 1585661480.753502}, "device": "gpu", "nd_range": {"device_start": 1585661413.2712955, "device_end": 1585661413.2712991}, "cmdq": 3, "read": {"device_start": -1, "device_end": -1}}, "FFC_sans_bias115": {"write": {"device_start": 1585661413.3274746, "host_queued_start": 1585661480.742763, "device_queued": 1585661413.276842, "device_end": 1585661413.3275797, "host_queued_end": 1585661480.753502}, "device": "gpu", "nd_range": {"device_start": 1585661413.3275845, "device_end": 1585661413.3368576}, "cmdq": 0, "read": {"device_start": 1585661413.3368614, "device_end": 1585661413.3369582}}, "FFC_sans_bias114": {"write": {"device_start": -1, "host_queued_start": 1585661480.738333, "device_queued": -1, "device_end": -1, "host_queued_end": 1585661480.753502}, "device": "gpu", "nd_range": {"device_start": 1585661413.3214033, "device_end": 1585661413.3270774}, "cmdq": 0, "read": {"device_start": -1, "device_end": -1}}, "FFC_sans_bias117": {"write": {"device_start": 1585661413.2722933, "host_queued_start": 1585661480.706819, "device_queued": 1585661413.2719753, "device_end": 1585661413.2724016, "host_queued_end": 1585661480.753502}, "device": "gpu", "nd_range": {"device_start": 1585661413.2725387, "device_end": 1585661413.2845907}, "cmdq": 3, "read": {"device_start": -1, "device_end": -1}}, "softmax5": {"write": {"device_start": -1, "host_queued_start": 1585661480.929572, "device_queued": -1, "device_end": -1, "host_queued_end": 1585661480.980627}, "device": "cpu", "nd_range": {"device_start": 2329257.170813202, "device_end": 2329257.171229795}, "cmdq": 0, "read": {"device_start": -1, "device_end": -1}}, "FFC_sans_bias110": {"write": {"device_start": 1585661413.2719886, "host_queued_start": 1585661480.703429, "device_queued": 1585661413.2715886, "device_end": 1585661413.2722511, "host_queued_end": 1585661480.753502}, "device": "gpu", "nd_range": {"device_start": 1585661413.2724338, "device_end": 1585661413.2814355}, "cmdq": 2, "read": {"device_start": -1, "device_end": -1}}, "FFC_sans_bias112": {"write": {"device_start": -1, "host_queued_start": 1585661480.735906, "device_queued": -1, "device_end": -1, "host_queued_end": 1585661480.753502}, "device": "gpu", "nd_range": {"device_start": 1585661413.310515, "device_end": 1585661413.3139217}, "cmdq": 0, "read": {"device_start": -1, "device_end": -1}}, "empty53": {"write": {"device_start": -1, "host_queued_start": 1585661480.772872, "device_queued": -1, "device_end": -1, "host_queued_end": 1585661480.980627}, "device": "cpu", "nd_range": {"device_start": 2329255.170317204, "device_end": 2329255.170317787}, "cmdq": 0, "read": {"device_start": -1, "device_end": -1}}, "coalesced_transpose48": {"write": {"device_start": -1, "host_queued_start": 1585661480.917991, "device_queued": -1, "device_end": -1, "host_queued_end": 1585661480.980627}, "device": "cpu", "nd_range": {"device_start": 2329256.704333451, "device_end": 2329256.7047845353}, "cmdq": 0, "read": {"device_start": -1, "device_end": -1}}}