{"FFC_sans_bias4": {"write": {"device_start": -1, "host_queued_start": 1585662123.578472, "device_queued": -1, "device_end": -1, "host_queued_end": 1585662123.613046}, "device": "cpu", "nd_range": {"device_start": 2329898.7014963203, "device_end": 2329898.771017882}, "cmdq": 3, "read": {"device_start": -1, "device_end": -1}}, "FFC_sans_bias7": {"write": {"device_start": -1, "host_queued_start": 1585662123.593925, "device_queued": -1, "device_end": -1, "host_queued_end": 1585662123.613046}, "device": "cpu", "nd_range": {"device_start": 2329899.1113739894, "device_end": 2329899.238325166}, "cmdq": 0, "read": {"device_start": -1, "device_end": -1}}, "FFC_sans_bias6": {"write": {"device_start": -1, "host_queued_start": 1585662123.586821, "device_queued": -1, "device_end": -1, "host_queued_end": 1585662123.613046}, "device": "cpu", "nd_range": {"device_start": 2329898.7881508893, "device_end": 2329898.882494625}, "cmdq": 1, "read": {"device_start": -1, "device_end": -1}}, "FFC_sans_bias1": {"write": {"device_start": -1, "host_queued_start": 1585662123.509756, "device_queued": -1, "device_end": -1, "host_queued_end": 1585662123.613046}, "device": "cpu", "nd_range": {"device_start": 2329897.8026919933, "device_end": 2329898.041143182}, "cmdq": 0, "read": {"device_start": -1, "device_end": -1}}, "FFC_sans_bias0": {"write": {"device_start": -1, "host_queued_start": 1585662123.50569, "device_queued": -1, "device_end": -1, "host_queued_end": 1585662123.613046}, "device": "cpu", "nd_range": {"device_start": 2329897.802696453, "device_end": 2329897.9300067103}, "cmdq": 3, "read": {"device_start": -1, "device_end": -1}}, "FFC_sans_bias2": {"write": {"device_start": -1, "host_queued_start": 1585662123.513395, "device_queued": -1, "device_end": -1, "host_queued_end": 1585662123.613046}, "device": "cpu", "nd_range": {"device_start": 2329897.802707911, "device_end": 2329897.937096634}, "cmdq": 1, "read": {"device_start": -1, "device_end": -1}}, "coalesced_transpose120": {"write": {"device_start": -1, "host_queued_start": 1585662123.438197, "device_queued": -1, "device_end": -1, "host_queued_end": 1585662123.478521}, "device": "gpu", "nd_range": {"device_start": 1585662056.0692809, "device_end": 1585662056.069364}, "cmdq": 2, "read": {"device_start": -1, "device_end": -1}}, "FFC_sans_bias9": {"write": {"device_start": -1, "host_queued_start": 1585662123.516949, "device_queued": -1, "device_end": -1, "host_queued_end": 1585662123.613046}, "device": "cpu", "nd_range": {"device_start": 2329897.803621182, "device_end": 2329897.927512972}, "cmdq": 2, "read": {"device_start": -1, "device_end": -1}}, "empty71": {"write": {"device_start": 1585662055.9782555, "host_queued_start": 1585662123.320469, "device_queued": 1585662055.9779034, "device_end": 1585662055.9783504, "host_queued_end": 1585662123.478521}, "device": "gpu", "nd_range": {"device_start": 1585662055.9783595, "device_end": 1585662055.9783635}, "cmdq": 0, "read": {"device_start": -1, "device_end": -1}}, "softmax41": {"write": {"device_start": -1, "host_queued_start": 1585662123.585173, "device_queued": -1, "device_end": -1, "host_queued_end": 1585662123.613046}, "device": "cpu", "nd_range": {"device_start": 2329898.903690773, "device_end": 2329898.904422479}, "cmdq": 2, "read": {"device_start": -1, "device_end": -1}}, "FFC_sans_bias37": {"write": {"device_start": -1, "host_queued_start": 1585662123.551015, "device_queued": -1, "device_end": -1, "host_queued_end": 1585662123.613046}, "device": "cpu", "nd_range": {"device_start": 2329898.449919221, "device_end": 2329898.603322825}, "cmdq": 0, "read": {"device_start": -1, "device_end": -1}}, "FFC_sans_bias36": {"write": {"device_start": -1, "host_queued_start": 1585662123.547757, "device_queued": -1, "device_end": -1, "host_queued_end": 1585662123.613046}, "device": "cpu", "nd_range": {"device_start": 2329898.1807324463, "device_end": 2329898.3040517233}, "cmdq": 3, "read": {"device_start": -1, "device_end": -1}}, "FFC_sans_bias34": {"write": {"device_start": -1, "host_queued_start": 1585662123.603363, "device_queued": -1, "device_end": -1, "host_queued_end": 1585662123.613046}, "device": "cpu", "nd_range": {"device_start": 2329899.228351363, "device_end": 2329899.37109072}, "cmdq": 3, "read": {"device_start": -1, "device_end": -1}}, "FFC_sans_bias33": {"write": {"device_start": -1, "host_queued_start": 1585662123.588713, "device_queued": -1, "device_end": -1, "host_queued_end": 1585662123.613046}, "device": "cpu", "nd_range": {"device_start": 2329898.9884840352, "device_end": 2329899.111357551}, "cmdq": 0, "read": {"device_start": -1, "device_end": -1}}, "FFC_sans_bias31": {"write": {"device_start": -1, "host_queued_start": 1585662123.580509, "device_queued": -1, "device_end": -1, "host_queued_end": 1585662123.613046}, "device": "cpu", "nd_range": {"device_start": 2329898.5329692364, "device_end": 2329898.655706087}, "cmdq": 2, "read": {"device_start": -1, "device_end": -1}}, "FFC_sans_bias38": {"write": {"device_start": -1, "host_queued_start": 1585662123.554379, "device_queued": -1, "device_end": -1, "host_queued_end": 1585662123.613046}, "device": "cpu", "nd_range": {"device_start": 2329898.231879175, "device_end": 2329898.3662606464}, "cmdq": 1, "read": {"device_start": -1, "device_end": -1}}, "coalesced_transpose75": {"write": {"device_start": -1, "host_queued_start": 1585662123.436662, "device_queued": -1, "device_end": -1, "host_queued_end": 1585662123.478521}, "device": "gpu", "nd_range": {"device_start": 1585662056.0597146, "device_end": 1585662056.069268}, "cmdq": 2, "read": {"device_start": -1, "device_end": -1}}, "softmax140": {"write": {"device_start": -1, "host_queued_start": 1585662123.44423, "device_queued": -1, "device_end": -1, "host_queued_end": 1585662123.478521}, "device": "gpu", "nd_range": {"device_start": 1585662056.1002066, "device_end": 1585662056.1009061}, "cmdq": 2, "read": {"device_start": -1, "device_end": -1}}, "empty44": {"write": {"device_start": -1, "host_queued_start": 1585662123.496475, "device_queued": -1, "device_end": -1, "host_queued_end": 1585662123.613046}, "device": "cpu", "nd_range": {"device_start": 2329897.802684194, "device_end": 2329897.802685367}, "cmdq": 0, "read": {"device_start": -1, "device_end": -1}}, "FFC_sans_bias137": {"write": {"device_start": 1585662056.0503004, "host_queued_start": 1585662123.432493, "device_queued": 1585662055.9877672, "device_end": 1585662056.0504022, "host_queued_end": 1585662123.478521}, "device": "gpu", "nd_range": {"device_start": 1585662056.0504198, "device_end": 1585662056.0662014}, "cmdq": 4, "read": {"device_start": -1, "device_end": -1}}, "empty8": {"write": {"device_start": -1, "host_queued_start": 1585662123.483832, "device_queued": -1, "device_end": -1, "host_queued_end": 1585662123.613046}, "device": "cpu", "nd_range": {"device_start": 2329897.8026538542, "device_end": 2329897.802665296}, "cmdq": 0, "read": {"device_start": -1, "device_end": -1}}, "softmax50": {"write": {"device_start": -1, "host_queued_start": 1585662123.585698, "device_queued": -1, "device_end": -1, "host_queued_end": 1585662123.613046}, "device": "cpu", "nd_range": {"device_start": 2329898.9972344143, "device_end": 2329898.9979646713}, "cmdq": 3, "read": {"device_start": -1, "device_end": -1}}, "softmax59": {"write": {"device_start": -1, "host_queued_start": 1585662123.586224, "device_queued": -1, "device_end": -1, "host_queued_end": 1585662123.613046}, "device": "cpu", "nd_range": {"device_start": 2329898.9877267783, "device_end": 2329898.9884711592}, "cmdq": 0, "read": {"device_start": -1, "device_end": -1}}, "FFC_sans_bias142": {"write": {"device_start": 1585662056.140017, "host_queued_start": 1585662123.478382, "device_queued": 1585662055.9961426, "device_end": 1585662056.1401107, "host_queued_end": 1585662123.478521}, "device": "gpu", "nd_range": {"device_start": 1585662056.1401312, "device_end": 1585662056.1556942}, "cmdq": 0, "read": {"device_start": 1585662056.1556976, "device_end": 1585662056.155798}}, "FFC_sans_bias141": {"write": {"device_start": -1, "host_queued_start": 1585662123.447214, "device_queued": -1, "device_end": -1, "host_queued_end": 1585662123.478521}, "device": "gpu", "nd_range": {"device_start": 1585662056.1166897, "device_end": 1585662056.1329503}, "cmdq": 1, "read": {"device_start": -1, "device_end": -1}}, "FFC_sans_bias24": {"write": {"device_start": -1, "host_queued_start": 1585662123.588118, "device_queued": -1, "device_end": -1, "host_queued_end": 1585662123.613046}, "device": "cpu", "nd_range": {"device_start": 2329898.99815517, "device_end": 2329899.06410747}, "cmdq": 3, "read": {"device_start": -1, "device_end": -1}}, "FFC_sans_bias25": {"write": {"device_start": -1, "host_queued_start": 1585662123.600191, "device_queued": -1, "device_end": -1, "host_queued_end": 1585662123.613046}, "device": "cpu", "nd_range": {"device_start": 2329899.188669914, "device_end": 2329899.31749907}, "cmdq": 2, "read": {"device_start": -1, "device_end": -1}}, "FFC_sans_bias27": {"write": {"device_start": -1, "host_queued_start": 1585662123.537677, "device_queued": -1, "device_end": -1, "host_queued_end": 1585662123.613046}, "device": "cpu", "nd_range": {"device_start": 2329898.287352825, "device_end": 2329898.4499037843}, "cmdq": 0, "read": {"device_start": -1, "device_end": -1}}, "FFC_sans_bias20": {"write": {"device_start": -1, "host_queued_start": 1585662123.534317, "device_queued": -1, "device_end": -1, "host_queued_end": 1585662123.613046}, "device": "cpu", "nd_range": {"device_start": 2329898.0564051433, "device_end": 2329898.18071437}, "cmdq": 3, "read": {"device_start": -1, "device_end": -1}}, "FFC_sans_bias22": {"write": {"device_start": -1, "host_queued_start": 1585662123.579792, "device_queued": -1, "device_end": -1, "host_queued_end": 1585662123.613046}, "device": "cpu", "nd_range": {"device_start": 2329898.508987184, "device_end": 2329898.5877999603}, "cmdq": 1, "read": {"device_start": -1, "device_end": -1}}, "FFC_sans_bias130": {"write": {"device_start": -1, "host_queued_start": 1585662123.441573, "device_queued": -1, "device_end": -1, "host_queued_end": 1585662123.478521}, "device": "gpu", "nd_range": {"device_start": 1585662056.0761738, "device_end": 1585662056.0924082}, "cmdq": 2, "read": {"device_start": -1, "device_end": -1}}, "FFC_sans_bias28": {"write": {"device_start": -1, "host_queued_start": 1585662123.541022, "device_queued": -1, "device_end": -1, "host_queued_end": 1585662123.613046}, "device": "cpu", "nd_range": {"device_start": 2329898.0682021873, "device_end": 2329898.2316095443}, "cmdq": 1, "read": {"device_start": -1, "device_end": -1}}, "FFC_sans_bias29": {"write": {"device_start": -1, "host_queued_start": 1585662123.544336, "device_queued": -1, "device_end": -1, "host_queued_end": 1585662123.613046}, "device": "cpu", "nd_range": {"device_start": 2329898.0507377693, "device_end": 2329898.1736972933}, "cmdq": 2, "read": {"device_start": -1, "device_end": -1}}, "coalesced_transpose66": {"write": {"device_start": -1, "host_queued_start": 1585662123.436344, "device_queued": -1, "device_end": -1, "host_queued_end": 1585662123.478521}, "device": "gpu", "nd_range": {"device_start": 1585662056.0564384, "device_end": 1585662056.069232}, "cmdq": 1, "read": {"device_start": -1, "device_end": -1}}, "coalesced_transpose93": {"write": {"device_start": -1, "host_queued_start": 1585662123.437281, "device_queued": -1, "device_end": -1, "host_queued_end": 1585662123.478521}, "device": "gpu", "nd_range": {"device_start": 1585662056.0662076, "device_end": 1585662056.069319}, "cmdq": 4, "read": {"device_start": -1, "device_end": -1}}, "softmax23": {"write": {"device_start": -1, "host_queued_start": 1585662123.583969, "device_queued": -1, "device_end": -1, "host_queued_end": 1585662123.613046}, "device": "cpu", "nd_range": {"device_start": 2329898.9869757993, "device_end": 2329898.987716924}, "cmdq": 0, "read": {"device_start": -1, "device_end": -1}}, "empty62": {"write": {"device_start": -1, "host_queued_start": 1585662123.502497, "device_queued": -1, "device_end": -1, "host_queued_end": 1585662123.613046}, "device": "cpu", "nd_range": {"device_start": 2329897.802684294, "device_end": 2329897.802685255}, "cmdq": 2, "read": {"device_start": -1, "device_end": -1}}, "FFC_sans_bias10": {"write": {"device_start": -1, "host_queued_start": 1585662123.520523, "device_queued": -1, "device_end": -1, "host_queued_end": 1585662123.613046}, "device": "cpu", "nd_range": {"device_start": 2329897.930213259, "device_end": 2329898.056386073}, "cmdq": 3, "read": {"device_start": -1, "device_end": -1}}, "FFC_sans_bias13": {"write": {"device_start": -1, "host_queued_start": 1585662123.579195, "device_queued": -1, "device_end": -1, "host_queued_end": 1585662123.613046}, "device": "cpu", "nd_range": {"device_start": 2329898.702507289, "device_end": 2329898.798932015}, "cmdq": 0, "read": {"device_start": -1, "device_end": -1}}, "FFC_sans_bias15": {"write": {"device_start": -1, "host_queued_start": 1585662123.587426, "device_queued": -1, "device_end": -1, "host_queued_end": 1585662123.613046}, "device": "cpu", "nd_range": {"device_start": 2329898.904434752, "device_end": 2329899.065225886}, "cmdq": 2, "read": {"device_start": -1, "device_end": -1}}, "FFC_sans_bias16": {"write": {"device_start": -1, "host_queued_start": 1585662123.597013, "device_queued": -1, "device_end": -1, "host_queued_end": 1585662123.613046}, "device": "cpu", "nd_range": {"device_start": 2329899.2384375744, "device_end": 2329899.4139160044}, "cmdq": 1, "read": {"device_start": -1, "device_end": -1}}, "FFC_sans_bias19": {"write": {"device_start": -1, "host_queued_start": 1585662123.530921, "device_queued": -1, "device_end": -1, "host_queued_end": 1585662123.613046}, "device": "cpu", "nd_range": {"device_start": 2329897.927756702, "device_end": 2329898.050719603}, "cmdq": 2, "read": {"device_start": -1, "device_end": -1}}, "FFC_sans_bias18": {"write": {"device_start": -1, "host_queued_start": 1585662123.527449, "device_queued": -1, "device_end": -1, "host_queued_end": 1585662123.613046}, "device": "cpu", "nd_range": {"device_start": 2329897.937310604, "device_end": 2329898.067995088}, "cmdq": 1, "read": {"device_start": -1, "device_end": -1}}, "FFC_sans_bias99": {"write": {"device_start": 1585662056.0079188, "host_queued_start": 1585662123.387359, "device_queued": 1585662055.9847786, "device_end": 1585662056.008031, "host_queued_end": 1585662123.478521}, "device": "gpu", "nd_range": {"device_start": 1585662056.008049, "device_end": 1585662056.0238311}, "cmdq": 1, "read": {"device_start": -1, "device_end": -1}}, "FFC_sans_bias91": {"write": {"device_start": 1585662056.0014155, "host_queued_start": 1585662123.380526, "device_queued": 1585662055.9839406, "device_end": 1585662056.001529, "host_queued_end": 1585662123.478521}, "device": "gpu", "nd_range": {"device_start": 1585662056.001533, "device_end": 1585662056.0173194}, "cmdq": 4, "read": {"device_start": -1, "device_end": -1}}, "FFC_sans_bias90": {"write": {"device_start": 1585662055.9981475, "host_queued_start": 1585662123.377127, "device_queued": 1585662055.9838157, "device_end": 1585662055.99825, "host_queued_end": 1585662123.478521}, "device": "gpu", "nd_range": {"device_start": 1585662055.998256, "device_end": 1585662056.014037}, "cmdq": 3, "read": {"device_start": -1, "device_end": -1}}, "coalesced_transpose12": {"write": {"device_start": -1, "host_queued_start": 1585662123.574825, "device_queued": -1, "device_end": -1, "host_queued_end": 1585662123.613046}, "device": "cpu", "nd_range": {"device_start": 2329898.507114803, "device_end": 2329898.5079816612}, "cmdq": 1, "read": {"device_start": -1, "device_end": -1}}, "FFC_sans_bias94": {"write": {"device_start": -1, "host_queued_start": 1585662123.440246, "device_queued": -1, "device_end": -1, "host_queued_end": 1585662123.478521}, "device": "gpu", "nd_range": {"device_start": 1585662056.0694857, "device_end": 1585662056.0794518}, "cmdq": 3, "read": {"device_start": -1, "device_end": -1}}, "FFC_sans_bias97": {"write": {"device_start": 1585662056.1234963, "host_queued_start": 1585662123.461022, "device_queued": 1585662055.9943295, "device_end": 1585662056.1235971, "host_queued_end": 1585662123.478521}, "device": "gpu", "nd_range": {"device_start": 1585662056.1236153, "device_end": 1585662056.1394591}, "cmdq": 0, "read": {"device_start": 1585662056.1394625, "device_end": 1585662056.1395633}}, "FFC_sans_bias96": {"write": {"device_start": -1, "host_queued_start": 1585662123.445518, "device_queued": -1, "device_end": -1, "host_queued_end": 1585662123.478521}, "device": "gpu", "nd_range": {"device_start": 1585662056.1009848, "device_end": 1585662056.1166759}, "cmdq": 1, "read": {"device_start": -1, "device_end": -1}}, "FFC_sans_bias124": {"write": {"device_start": 1585662056.1367817, "host_queued_start": 1585662123.4715, "device_queued": 1585662055.9954264, "device_end": 1585662056.1368866, "host_queued_end": 1585662123.478521}, "device": "gpu", "nd_range": {"device_start": 1585662056.1369064, "device_end": 1585662056.1524367}, "cmdq": 3, "read": {"device_start": 1585662056.1524403, "device_end": 1585662056.1525426}}, "FFC_sans_bias126": {"write": {"device_start": 1585662056.0405366, "host_queued_start": 1585662123.422147, "device_queued": 1585662055.9873793, "device_end": 1585662056.0406363, "host_queued_end": 1585662123.478521}, "device": "gpu", "nd_range": {"device_start": 1585662056.0406423, "device_end": 1585662056.0564363}, "cmdq": 1, "read": {"device_start": -1, "device_end": -1}}, "softmax32": {"write": {"device_start": -1, "host_queued_start": 1585662123.584543, "device_queued": -1, "device_end": -1, "host_queued_end": 1585662123.613046}, "device": "cpu", "nd_range": {"device_start": 2329898.69763523, "device_end": 2329898.698382411}, "cmdq": 1, "read": {"device_start": -1, "device_end": -1}}, "coalesced_transpose84": {"write": {"device_start": -1, "host_queued_start": 1585662123.43697, "device_queued": -1, "device_end": -1, "host_queued_end": 1585662123.478521}, "device": "gpu", "nd_range": {"device_start": 1585662056.0629694, "device_end": 1585662056.0692992}, "cmdq": 3, "read": {"device_start": -1, "device_end": -1}}, "FFC_sans_bias121": {"write": {"device_start": -1, "host_queued_start": 1585662123.441249, "device_queued": -1, "device_end": -1, "host_queued_end": 1585662123.478521}, "device": "gpu", "nd_range": {"device_start": 1585662056.0728302, "device_end": 1585662056.0891216}, "cmdq": 1, "read": {"device_start": -1, "device_end": -1}}, "empty98": {"write": {"device_start": 1585662055.9792972, "host_queued_start": 1585662123.329775, "device_queued": 1585662055.9789722, "device_end": 1585662055.9795644, "host_queued_end": 1585662123.478521}, "device": "gpu", "nd_range": {"device_start": 1585662055.9795768, "device_end": 1585662055.9795818}, "cmdq": 3, "read": {"device_start": -1, "device_end": -1}}, "empty107": {"write": {"device_start": 1585662055.979618, "host_queued_start": 1585662123.332545, "device_queued": 1585662055.9792616, "device_end": 1585662055.9799106, "host_queued_end": 1585662123.478521}, "device": "gpu", "nd_range": {"device_start": 1585662055.9799144, "device_end": 1585662055.9799192}, "cmdq": 4, "read": {"device_start": -1, "device_end": -1}}, "empty17": {"write": {"device_start": -1, "host_queued_start": 1585662123.487002, "device_queued": -1, "device_end": -1, "host_queued_end": 1585662123.613046}, "device": "cpu", "nd_range": {"device_start": 2329897.802690645, "device_end": 2329897.8026915044}, "cmdq": 1, "read": {"device_start": -1, "device_end": -1}}, "FFC_sans_bias87": {"write": {"device_start": -1, "host_queued_start": 1585662123.445203, "device_queued": -1, "device_end": -1, "host_queued_end": 1585662123.478521}, "device": "gpu", "nd_range": {"device_start": 1585662056.1002827, "device_end": 1585662056.1069608}, "cmdq": 0, "read": {"device_start": -1, "device_end": -1}}, "FFC_sans_bias85": {"write": {"device_start": -1, "host_queued_start": 1585662123.439921, "device_queued": -1, "device_end": -1, "host_queued_end": 1585662123.478521}, "device": "gpu", "nd_range": {"device_start": 1585662056.0694668, "device_end": 1585662056.0761523}, "cmdq": 2, "read": {"device_start": -1, "device_end": -1}}, "FFC_sans_bias82": {"write": {"device_start": 1585662055.9916766, "host_queued_start": 1585662123.370221, "device_queued": 1585662055.983526, "device_end": 1585662055.991786, "host_queued_end": 1585662123.478521}, "device": "gpu", "nd_range": {"device_start": 1585662055.991793, "device_end": 1585662056.0075138}, "cmdq": 1, "read": {"device_start": -1, "device_end": -1}}, "FFC_sans_bias83": {"write": {"device_start": 1585662055.994845, "host_queued_start": 1585662123.373676, "device_queued": 1585662055.9836879, "device_end": 1585662055.994949, "host_queued_end": 1585662123.478521}, "device": "gpu", "nd_range": {"device_start": 1585662055.994966, "device_end": 1585662056.010781}, "cmdq": 2, "read": {"device_start": -1, "device_end": -1}}, "FFC_sans_bias81": {"write": {"device_start": 1585662055.988352, "host_queued_start": 1585662123.366789, "device_queued": 1585662055.9832408, "device_end": 1585662055.9884577, "host_queued_end": 1585662123.478521}, "device": "gpu", "nd_range": {"device_start": 1585662055.988463, "device_end": 1585662056.0042448}, "cmdq": 0, "read": {"device_start": -1, "device_end": -1}}, "FFC_sans_bias88": {"write": {"device_start": 1585662056.1299856, "host_queued_start": 1585662123.457475, "device_queued": 1585662055.9937077, "device_end": 1585662056.1300893, "host_queued_end": 1585662123.478521}, "device": "gpu", "nd_range": {"device_start": 1585662056.130107, "device_end": 1585662056.1427057}, "cmdq": 4, "read": {"device_start": 1585662056.1427088, "device_end": 1585662056.1428158}}, "coalesced_transpose30": {"write": {"device_start": -1, "host_queued_start": 1585662123.576111, "device_queued": -1, "device_end": -1, "host_queued_end": 1585662123.613046}, "device": "cpu", "nd_range": {"device_start": 2329898.531092558, "device_end": 2329898.53204414}, "cmdq": 3, "read": {"device_start": -1, "device_end": -1}}, "FFC_sans_bias128": {"write": {"device_start": 1585662056.0372703, "host_queued_start": 1585662123.418705, "device_queued": 1585662055.9871316, "device_end": 1585662056.0373745, "host_queued_end": 1585662123.478521}, "device": "gpu", "nd_range": {"device_start": 1585662056.0373793, "device_end": 1585662056.0531743}, "cmdq": 0, "read": {"device_start": -1, "device_end": -1}}, "coalesced_transpose39": {"write": {"device_start": -1, "host_queued_start": 1585662123.576703, "device_queued": -1, "device_end": -1, "host_queued_end": 1585662123.613046}, "device": "cpu", "nd_range": {"device_start": 2329898.7015014812, "device_end": 2329898.702498861}, "cmdq": 0, "read": {"device_start": -1, "device_end": -1}}, "FFC_sans_bias79": {"write": {"device_start": 1585662056.1202366, "host_queued_start": 1585662123.454054, "device_queued": 1585662055.99357, "device_end": 1585662056.1203434, "host_queued_end": 1585662123.478521}, "device": "gpu", "nd_range": {"device_start": 1585662056.1203654, "device_end": 1585662056.1362128}, "cmdq": 3, "read": {"device_start": 1585662056.1362197, "device_end": 1585662056.1363165}}, "FFC_sans_bias78": {"write": {"device_start": -1, "host_queued_start": 1585662123.444882, "device_queued": -1, "device_end": -1, "host_queued_end": 1585662123.478521}, "device": "gpu", "nd_range": {"device_start": 1585662056.1009564, "device_end": 1585662056.1134343}, "cmdq": 4, "read": {"device_start": -1, "device_end": -1}}, "FFC_sans_bias73": {"write": {"device_start": 1585662055.9827018, "host_queued_start": 1585662123.359985, "device_queued": 1585662055.9823873, "device_end": 1585662055.9827995, "host_queued_end": 1585662123.478521}, "device": "gpu", "nd_range": {"device_start": 1585662055.9830465, "device_end": 1585662055.9977605}, "cmdq": 3, "read": {"device_start": -1, "device_end": -1}}, "FFC_sans_bias72": {"write": {"device_start": 1585662055.982387, "host_queued_start": 1585662123.356571, "device_queued": 1585662055.981966, "device_end": 1585662055.9826367, "host_queued_end": 1585662123.478521}, "device": "gpu", "nd_range": {"device_start": 1585662055.9829447, "device_end": 1585662055.994431}, "cmdq": 2, "read": {"device_start": -1, "device_end": -1}}, "FFC_sans_bias70": {"write": {"device_start": 1585662056.1106608, "host_queued_start": 1585662123.450499, "device_queued": 1585662055.993423, "device_end": 1585662056.110763, "host_queued_end": 1585662123.478521}, "device": "gpu", "nd_range": {"device_start": 1585662056.1107872, "device_end": 1585662056.1264403}, "cmdq": 2, "read": {"device_start": 1585662056.1264462, "device_end": 1585662056.1265473}}, "FFC_sans_bias76": {"write": {"device_start": -1, "host_queued_start": 1585662123.439594, "device_queued": -1, "device_end": -1, "host_queued_end": 1585662123.478521}, "device": "gpu", "nd_range": {"device_start": 1585662056.069446, "device_end": 1585662056.0728147}, "cmdq": 1, "read": {"device_start": -1, "device_end": -1}}, "FFC_sans_bias74": {"write": {"device_start": 1585662055.985003, "host_queued_start": 1585662123.363427, "device_queued": 1585662055.982652, "device_end": 1585662055.9851027, "host_queued_end": 1585662123.478521}, "device": "gpu", "nd_range": {"device_start": 1585662055.9851084, "device_end": 1585662056.0010333}, "cmdq": 4, "read": {"device_start": -1, "device_end": -1}}, "coalesced_transpose102": {"write": {"device_start": -1, "host_queued_start": 1585662123.437587, "device_queued": -1, "device_end": -1, "host_queued_end": 1585662123.478521}, "device": "gpu", "nd_range": {"device_start": 1585662056.0694263, "device_end": 1585662056.0694916}, "cmdq": 0, "read": {"device_start": -1, "device_end": -1}}, "coalesced_transpose3": {"write": {"device_start": -1, "host_queued_start": 1585662123.574203, "device_queued": -1, "device_end": -1, "host_queued_end": 1585662123.613046}, "device": "cpu", "nd_range": {"device_start": 2329898.701031418, "device_end": 2329898.701487206}, "cmdq": 0, "read": {"device_start": -1, "device_end": -1}}, "FFC_sans_bias127": {"write": {"device_start": 1585662056.043796, "host_queued_start": 1585662123.425618, "device_queued": 1585662055.987508, "device_end": 1585662056.0438974, "host_queued_end": 1585662123.478521}, "device": "gpu", "nd_range": {"device_start": 1585662056.043914, "device_end": 1585662056.0597136}, "cmdq": 2, "read": {"device_start": -1, "device_end": -1}}, "empty89": {"write": {"device_start": 1585662055.978976, "host_queued_start": 1585662123.327055, "device_queued": 1585662055.9785416, "device_end": 1585662055.9792395, "host_queued_end": 1585662123.478521}, "device": "gpu", "nd_range": {"device_start": 1585662055.979357, "device_end": 1585662055.9794064}, "cmdq": 2, "read": {"device_start": -1, "device_end": -1}}, "FFC_sans_bias123": {"write": {"device_start": -1, "host_queued_start": 1585662123.446481, "device_queued": -1, "device_end": -1, "host_queued_end": 1585662123.478521}, "device": "gpu", "nd_range": {"device_start": 1585662056.1134477, "device_end": 1585662056.1296985}, "cmdq": 4, "read": {"device_start": -1, "device_end": -1}}, "empty80": {"write": {"device_start": 1585662055.9786613, "host_queued_start": 1585662123.32393, "device_queued": 1585662055.9783647, "device_end": 1585662055.9789464, "host_queued_end": 1585662123.478521}, "device": "gpu", "nd_range": {"device_start": 1585662055.9793124, "device_end": 1585662055.9793842}, "cmdq": 1, "read": {"device_start": -1, "device_end": -1}}, "empty116": {"write": {"device_start": 1585662055.9799273, "host_queued_start": 1585662123.335297, "device_queued": 1585662055.9796088, "device_end": 1585662055.9801612, "host_queued_end": 1585662123.478521}, "device": "gpu", "nd_range": {"device_start": 1585662055.9801698, "device_end": 1585662055.9801738}, "cmdq": 0, "read": {"device_start": -1, "device_end": -1}}, "softmax104": {"write": {"device_start": -1, "host_queued_start": 1585662123.44316, "device_queued": -1, "device_end": -1, "host_queued_end": 1585662123.478521}, "device": "gpu", "nd_range": {"device_start": 1585662056.0956137, "device_end": 1585662056.100209}, "cmdq": 3, "read": {"device_start": -1, "device_end": -1}}, "coalesced_transpose21": {"write": {"device_start": -1, "host_queued_start": 1585662123.575426, "device_queued": -1, "device_end": -1, "host_queued_end": 1585662123.613046}, "device": "cpu", "nd_range": {"device_start": 2329898.4696985423, "device_end": 2329898.470557326}, "cmdq": 2, "read": {"device_start": -1, "device_end": -1}}, "softmax14": {"write": {"device_start": -1, "host_queued_start": 1585662123.583446, "device_queued": -1, "device_end": -1, "host_queued_end": 1585662123.613046}, "device": "cpu", "nd_range": {"device_start": 2329898.8952816753, "device_end": 2329898.8960330253}, "cmdq": 3, "read": {"device_start": -1, "device_end": -1}}, "FFC_sans_bias69": {"write": {"device_start": -1, "host_queued_start": 1585662123.444565, "device_queued": -1, "device_end": -1, "host_queued_end": 1585662123.478521}, "device": "gpu", "nd_range": {"device_start": 1585662056.1002648, "device_end": 1585662056.1036584}, "cmdq": 3, "read": {"device_start": -1, "device_end": -1}}, "FFC_sans_bias92": {"write": {"device_start": 1585662056.0046124, "host_queued_start": 1585662123.383967, "device_queued": 1585662055.9844954, "device_end": 1585662056.0047138, "host_queued_end": 1585662123.478521}, "device": "gpu", "nd_range": {"device_start": 1585662056.00472, "device_end": 1585662056.0206099}, "cmdq": 0, "read": {"device_start": -1, "device_end": -1}}, "FFC_sans_bias60": {"write": {"device_start": -1, "host_queued_start": 1585662123.590541, "device_queued": -1, "device_end": -1, "host_queued_end": 1585662123.613046}, "device": "cpu", "nd_range": {"device_start": 2329899.0643477743, "device_end": 2329899.2283261563}, "cmdq": 3, "read": {"device_start": -1, "device_end": -1}}, "FFC_sans_bias61": {"write": {"device_start": -1, "host_queued_start": 1585662123.612985, "device_queued": -1, "device_end": -1, "host_queued_end": 1585662123.613046}, "device": "cpu", "nd_range": {"device_start": 2329899.317513993, "device_end": 2329899.468679855}, "cmdq": 2, "read": {"device_start": -1, "device_end": -1}}, "FFC_sans_bias63": {"write": {"device_start": 1585662055.9820898, "host_queued_start": 1585662123.353102, "device_queued": 1585662055.981821, "device_end": 1585662055.9823723, "host_queued_end": 1585662123.478521}, "device": "gpu", "nd_range": {"device_start": 1585662055.98282, "device_end": 1585662055.9913223}, "cmdq": 1, "read": {"device_start": -1, "device_end": -1}}, "FFC_sans_bias64": {"write": {"device_start": 1585662055.9811993, "host_queued_start": 1585662123.346294, "device_queued": 1585662055.9808714, "device_end": 1585662055.9813213, "host_queued_end": 1585662123.478521}, "device": "gpu", "nd_range": {"device_start": 1585662055.981331, "device_end": 1585662055.9847026}, "cmdq": 4, "read": {"device_start": -1, "device_end": -1}}, "FFC_sans_bias65": {"write": {"device_start": 1585662055.981701, "host_queued_start": 1585662123.349695, "device_queued": 1585662055.9813874, "device_end": 1585662055.98181, "host_queued_end": 1585662123.478521}, "device": "gpu", "nd_range": {"device_start": 1585662055.9818122, "device_end": 1585662055.9880397}, "cmdq": 0, "read": {"device_start": -1, "device_end": -1}}, "FFC_sans_bias67": {"write": {"device_start": -1, "host_queued_start": 1585662123.439267, "device_queued": -1, "device_end": -1, "host_queued_end": 1585662123.478521}, "device": "gpu", "nd_range": {"device_start": 1585662056.0695076, "device_end": 1585662056.082578}, "cmdq": 0, "read": {"device_start": -1, "device_end": -1}}, "coalesced_transpose111": {"write": {"device_start": -1, "host_queued_start": 1585662123.437889, "device_queued": -1, "device_end": -1, "host_queued_end": 1585662123.478521}, "device": "gpu", "nd_range": {"device_start": 1585662056.0692418, "device_end": 1585662056.069341}, "cmdq": 1, "read": {"device_start": -1, "device_end": -1}}, "FFC_sans_bias136": {"write": {"device_start": 1585662056.047041, "host_queued_start": 1585662123.429103, "device_queued": 1585662055.9876392, "device_end": 1585662056.0471437, "host_queued_end": 1585662123.478521}, "device": "gpu", "nd_range": {"device_start": 1585662056.0471618, "device_end": 1585662056.062964}, "cmdq": 3, "read": {"device_start": -1, "device_end": -1}}, "FFC_sans_bias135": {"write": {"device_start": 1585662056.0535924, "host_queued_start": 1585662123.435996, "device_queued": 1585662055.988511, "device_end": 1585662056.0536935, "host_queued_end": 1585662123.478521}, "device": "gpu", "nd_range": {"device_start": 1585662056.0537024, "device_end": 1585662056.0694163}, "cmdq": 0, "read": {"device_start": -1, "device_end": -1}}, "FFC_sans_bias133": {"write": {"device_start": 1585662056.1433, "host_queued_start": 1585662123.474945, "device_queued": 1585662055.995565, "device_end": 1585662056.1433995, "host_queued_end": 1585662123.478521}, "device": "gpu", "nd_range": {"device_start": 1585662056.1434157, "device_end": 1585662056.158881}, "cmdq": 4, "read": {"device_start": 1585662056.1588848, "device_end": 1585662056.1589856}}, "FFC_sans_bias132": {"write": {"device_start": -1, "host_queued_start": 1585662123.44683, "device_queued": -1, "device_end": -1, "host_queued_end": 1585662123.478521}, "device": "gpu", "nd_range": {"device_start": 1585662056.1069758, "device_end": 1585662056.1232188}, "cmdq": 0, "read": {"device_start": -1, "device_end": -1}}, "softmax68": {"write": {"device_start": -1, "host_queued_start": 1585662123.442158, "device_queued": -1, "device_end": -1, "host_queued_end": 1585662123.478521}, "device": "gpu", "nd_range": {"device_start": 1585662056.0858583, "device_end": 1585662056.100213}, "cmdq": 4, "read": {"device_start": -1, "device_end": -1}}, "softmax131": {"write": {"device_start": -1, "host_queued_start": 1585662123.443908, "device_queued": -1, "device_end": -1, "host_queued_end": 1585662123.478521}, "device": "gpu", "nd_range": {"device_start": 1585662056.1002479, "device_end": 1585662056.1009705}, "cmdq": 1, "read": {"device_start": -1, "device_end": -1}}, "empty125": {"write": {"device_start": 1585662055.9802353, "host_queued_start": 1585662123.33796, "device_queued": 1585662055.9799287, "device_end": 1585662055.9805079, "host_queued_end": 1585662123.478521}, "device": "gpu", "nd_range": {"device_start": 1585662055.9809237, "device_end": 1585662055.980992}, "cmdq": 1, "read": {"device_start": -1, "device_end": -1}}, "FFC_sans_bias139": {"write": {"device_start": -1, "host_queued_start": 1585662123.441906, "device_queued": -1, "device_end": -1, "host_queued_end": 1585662123.478521}, "device": "gpu", "nd_range": {"device_start": 1585662056.0794673, "device_end": 1585662056.095598}, "cmdq": 3, "read": {"device_start": -1, "device_end": -1}}, "empty35": {"write": {"device_start": -1, "host_queued_start": 1585662123.493209, "device_queued": -1, "device_end": -1, "host_queued_end": 1585662123.613046}, "device": "cpu", "nd_range": {"device_start": 2329897.802675871, "device_end": 2329897.802680675}, "cmdq": 3, "read": {"device_start": -1, "device_end": -1}}, "softmax86": {"write": {"device_start": -1, "host_queued_start": 1585662123.442664, "device_queued": -1, "device_end": -1, "host_queued_end": 1585662123.478521}, "device": "gpu", "nd_range": {"device_start": 1585662056.0891361, "device_end": 1585662056.1002333}, "cmdq": 1, "read": {"device_start": -1, "device_end": -1}}, "FFC_sans_bias55": {"write": {"device_start": -1, "host_queued_start": 1585662123.573837, "device_queued": -1, "device_end": -1, "host_queued_end": 1585662123.613046}, "device": "cpu", "nd_range": {"device_start": 2329898.4277071953, "device_end": 2329898.531063781}, "cmdq": 3, "read": {"device_start": -1, "device_end": -1}}, "FFC_sans_bias54": {"write": {"device_start": -1, "host_queued_start": 1585662123.570683, "device_queued": -1, "device_end": -1, "host_queued_end": 1585662123.613046}, "device": "cpu", "nd_range": {"device_start": 2329898.297956212, "device_end": 2329898.469681938}, "cmdq": 2, "read": {"device_start": -1, "device_end": -1}}, "FFC_sans_bias56": {"write": {"device_start": -1, "host_queued_start": 1585662123.567452, "device_queued": -1, "device_end": -1, "host_queued_end": 1585662123.613046}, "device": "cpu", "nd_range": {"device_start": 2329898.36628537, "device_end": 2329898.506893705}, "cmdq": 1, "read": {"device_start": -1, "device_end": -1}}, "FFC_sans_bias51": {"write": {"device_start": -1, "host_queued_start": 1585662123.589921, "device_queued": -1, "device_end": -1, "host_queued_end": 1585662123.613046}, "device": "cpu", "nd_range": {"device_start": 2329899.065239409, "device_end": 2329899.188430889}, "cmdq": 2, "read": {"device_start": -1, "device_end": -1}}, "FFC_sans_bias52": {"write": {"device_start": -1, "host_queued_start": 1585662123.609607, "device_queued": -1, "device_end": -1, "host_queued_end": 1585662123.613046}, "device": "cpu", "nd_range": {"device_start": 2329899.413938702, "device_end": 2329899.48157481}, "cmdq": 1, "read": {"device_start": -1, "device_end": -1}}, "FFC_sans_bias58": {"write": {"device_start": -1, "host_queued_start": 1585662123.58237, "device_queued": -1, "device_end": -1, "host_queued_end": 1585662123.613046}, "device": "cpu", "nd_range": {"device_start": 2329898.588038195, "device_end": 2329898.697410751}, "cmdq": 1, "read": {"device_start": -1, "device_end": -1}}, "FFC_sans_bias108": {"write": {"device_start": 1585662056.0177534, "host_queued_start": 1585662123.397733, "device_queued": 1585662055.9852862, "device_end": 1585662056.017855, "host_queued_end": 1585662123.478521}, "device": "gpu", "nd_range": {"device_start": 1585662056.017863, "device_end": 1585662056.033639}, "cmdq": 4, "read": {"device_start": -1, "device_end": -1}}, "FFC_sans_bias109": {"write": {"device_start": 1585662056.021032, "host_queued_start": 1585662123.401285, "device_queued": 1585662055.9858525, "device_end": 1585662056.021132, "host_queued_end": 1585662123.478521}, "device": "gpu", "nd_range": {"device_start": 1585662056.0211496, "device_end": 1585662056.036891}, "cmdq": 0, "read": {"device_start": -1, "device_end": -1}}, "coalesced_transpose129": {"write": {"device_start": -1, "host_queued_start": 1585662123.438603, "device_queued": -1, "device_end": -1, "host_queued_end": 1585662123.478521}, "device": "gpu", "nd_range": {"device_start": 1585662056.0693152, "device_end": 1585662056.0693886}, "cmdq": 3, "read": {"device_start": -1, "device_end": -1}}, "FFC_sans_bias103": {"write": {"device_start": -1, "host_queued_start": 1585662123.440571, "device_queued": -1, "device_end": -1, "host_queued_end": 1585662123.478521}, "device": "gpu", "nd_range": {"device_start": 1585662056.0695312, "device_end": 1585662056.0858433}, "cmdq": 4, "read": {"device_start": -1, "device_end": -1}}, "FFC_sans_bias100": {"write": {"device_start": 1585662056.0111654, "host_queued_start": 1585662123.390907, "device_queued": 1585662055.9849284, "device_end": 1585662056.0112839, "host_queued_end": 1585662123.478521}, "device": "gpu", "nd_range": {"device_start": 1585662056.01129, "device_end": 1585662056.0271013}, "cmdq": 2, "read": {"device_start": -1, "device_end": -1}}, "FFC_sans_bias101": {"write": {"device_start": 1585662056.014489, "host_queued_start": 1585662123.394322, "device_queued": 1585662055.9851654, "device_end": 1585662056.0145953, "host_queued_end": 1585662123.478521}, "device": "gpu", "nd_range": {"device_start": 1585662056.014603, "device_end": 1585662056.0303783}, "cmdq": 3, "read": {"device_start": -1, "device_end": -1}}, "FFC_sans_bias106": {"write": {"device_start": 1585662056.1331916, "host_queued_start": 1585662123.464534, "device_queued": 1585662055.9946706, "device_end": 1585662056.133293, "host_queued_end": 1585662123.478521}, "device": "gpu", "nd_range": {"device_start": 1585662056.13331, "device_end": 1585662056.1492257}, "cmdq": 1, "read": {"device_start": 1585662056.149236, "device_end": 1585662056.1493354}}, "softmax122": {"write": {"device_start": -1, "host_queued_start": 1585662123.443664, "device_queued": -1, "device_end": -1, "host_queued_end": 1585662123.478521}, "device": "gpu", "nd_range": {"device_start": 1585662056.09928, "device_end": 1585662056.0996923}, "cmdq": 0, "read": {"device_start": -1, "device_end": -1}}, "FFC_sans_bias105": {"write": {"device_start": -1, "host_queued_start": 1585662123.445839, "device_queued": -1, "device_end": -1, "host_queued_end": 1585662123.478521}, "device": "gpu", "nd_range": {"device_start": 1585662056.100921, "device_end": 1585662056.1102405}, "cmdq": 2, "read": {"device_start": -1, "device_end": -1}}, "softmax95": {"write": {"device_start": -1, "host_queued_start": 1585662123.442913, "device_queued": -1, "device_end": -1, "host_queued_end": 1585662123.478521}, "device": "gpu", "nd_range": {"device_start": 1585662056.0924234, "device_end": 1585662056.1001923}, "cmdq": 2, "read": {"device_start": -1, "device_end": -1}}, "coalesced_transpose57": {"write": {"device_start": -1, "host_queued_start": 1585662123.57787, "device_queued": -1, "device_end": -1, "host_queued_end": 1585662123.613046}, "device": "cpu", "nd_range": {"device_start": 2329898.5320533062, "device_end": 2329898.532959822}, "cmdq": 2, "read": {"device_start": -1, "device_end": -1}}, "empty26": {"write": {"device_start": -1, "host_queued_start": 1585662123.490126, "device_queued": -1, "device_end": -1, "host_queued_end": 1585662123.613046}, "device": "cpu", "nd_range": {"device_start": 2329897.8026617393, "device_end": 2329897.802666589}, "cmdq": 2, "read": {"device_start": -1, "device_end": -1}}, "softmax113": {"write": {"device_start": -1, "host_queued_start": 1585662123.443409, "device_queued": -1, "device_end": -1, "host_queued_end": 1585662123.478521}, "device": "gpu", "nd_range": {"device_start": 1585662056.1002283, "device_end": 1585662056.1009426}, "cmdq": 4, "read": {"device_start": -1, "device_end": -1}}, "FFC_sans_bias11": {"write": {"device_start": -1, "host_queued_start": 1585662123.524159, "device_queued": -1, "device_end": -1, "host_queued_end": 1585662123.613046}, "device": "cpu", "nd_range": {"device_start": 2329898.0411678543, "device_end": 2329898.2873338303}, "cmdq": 0, "read": {"device_start": -1, "device_end": -1}}, "FFC_sans_bias42": {"write": {"device_start": -1, "host_queued_start": 1585662123.589307, "device_queued": -1, "device_end": -1, "host_queued_end": 1585662123.613046}, "device": "cpu", "nd_range": {"device_start": 2329898.910528203, "device_end": 2329898.9758959673}, "cmdq": 1, "read": {"device_start": -1, "device_end": -1}}, "FFC_sans_bias43": {"write": {"device_start": -1, "host_queued_start": 1585662123.606515, "device_queued": -1, "device_end": -1, "host_queued_end": 1585662123.613046}, "device": "cpu", "nd_range": {"device_start": 2329899.2480082912, "device_end": 2329899.415279815}, "cmdq": 0, "read": {"device_start": -1, "device_end": -1}}, "FFC_sans_bias40": {"write": {"device_start": -1, "host_queued_start": 1585662123.581107, "device_queued": -1, "device_end": -1, "host_queued_end": 1585662123.613046}, "device": "cpu", "nd_range": {"device_start": 2329898.779598641, "device_end": 2329898.8952557603}, "cmdq": 3, "read": {"device_start": -1, "device_end": -1}}, "FFC_sans_bias46": {"write": {"device_start": -1, "host_queued_start": 1585662123.561064, "device_queued": -1, "device_end": -1, "host_queued_end": 1585662123.613046}, "device": "cpu", "nd_range": {"device_start": 2329898.30406873, "device_end": 2329898.427475931}, "cmdq": 3, "read": {"device_start": -1, "device_end": -1}}, "FFC_sans_bias47": {"write": {"device_start": -1, "host_queued_start": 1585662123.564259, "device_queued": -1, "device_end": -1, "host_queued_end": 1585662123.613046}, "device": "cpu", "nd_range": {"device_start": 2329898.603335969, "device_end": 2329898.70101931}, "cmdq": 0, "read": {"device_start": -1, "device_end": -1}}, "FFC_sans_bias45": {"write": {"device_start": -1, "host_queued_start": 1585662123.557805, "device_queued": -1, "device_end": -1, "host_queued_end": 1585662123.613046}, "device": "cpu", "nd_range": {"device_start": 2329898.173714328, "device_end": 2329898.297935928}, "cmdq": 2, "read": {"device_start": -1, "device_end": -1}}, "FFC_sans_bias49": {"write": {"device_start": -1, "host_queued_start": 1585662123.581697, "device_queued": -1, "device_end": -1, "host_queued_end": 1585662123.613046}, "device": "cpu", "nd_range": {"device_start": 2329898.7991400464, "device_end": 2329898.986956783}, "cmdq": 0, "read": {"device_start": -1, "device_end": -1}}, "softmax77": {"write": {"device_start": -1, "host_queued_start": 1585662123.442407, "device_queued": -1, "device_end": -1, "host_queued_end": 1585662123.478521}, "device": "gpu", "nd_range": {"device_start": 1585662056.0988517, "device_end": 1585662056.0992658}, "cmdq": 0, "read": {"device_start": -1, "device_end": -1}}, "empty134": {"write": {"device_start": 1585662055.9805646, "host_queued_start": 1585662123.340671, "device_queued": 1585662055.9801798, "device_end": 1585662055.9808514, "host_queued_end": 1585662123.478521}, "device": "gpu", "nd_range": {"device_start": 1585662055.9809608, "device_end": 1585662055.9810174}, "cmdq": 2, "read": {"device_start": -1, "device_end": -1}}, "coalesced_transpose138": {"write": {"device_start": -1, "host_queued_start": 1585662123.438915, "device_queued": -1, "device_end": -1, "host_queued_end": 1585662123.478521}, "device": "gpu", "nd_range": {"device_start": 1585662056.0693343, "device_end": 1585662056.0693915}, "cmdq": 4, "read": {"device_start": -1, "device_end": -1}}, "FFC_sans_bias119": {"write": {"device_start": 1585662056.034019, "host_queued_start": 1585662123.415241, "device_queued": 1585662055.9865644, "device_end": 1585662056.0341194, "host_queued_end": 1585662123.478521}, "device": "gpu", "nd_range": {"device_start": 1585662056.034124, "device_end": 1585662056.049921}, "cmdq": 4, "read": {"device_start": -1, "device_end": -1}}, "FFC_sans_bias118": {"write": {"device_start": 1585662056.0307405, "host_queued_start": 1585662123.411761, "device_queued": 1585662055.986388, "device_end": 1585662056.0308425, "host_queued_end": 1585662123.478521}, "device": "gpu", "nd_range": {"device_start": 1585662056.0308485, "device_end": 1585662056.04668}, "cmdq": 3, "read": {"device_start": -1, "device_end": -1}}, "empty143": {"write": {"device_start": 1585662055.980881, "host_queued_start": 1585662123.343392, "device_queued": 1585662055.980531, "device_end": 1585662055.9811804, "host_queued_end": 1585662123.478521}, "device": "gpu", "nd_range": {"device_start": 1585662055.981192, "device_end": 1585662055.9811957}, "cmdq": 3, "read": {"device_start": -1, "device_end": -1}}, "FFC_sans_bias115": {"write": {"device_start": 1585662056.1303449, "host_queued_start": 1585662123.467934, "device_queued": 1585662055.9952667, "device_end": 1585662056.1304445, "host_queued_end": 1585662123.478521}, "device": "gpu", "nd_range": {"device_start": 1585662056.130461, "device_end": 1585662056.145946}, "cmdq": 2, "read": {"device_start": 1585662056.1497307, "device_end": 1585662056.1498282}}, "FFC_sans_bias114": {"write": {"device_start": -1, "host_queued_start": 1585662123.446158, "device_queued": -1, "device_end": -1, "host_queued_end": 1585662123.478521}, "device": "gpu", "nd_range": {"device_start": 1585662056.1036732, "device_end": 1585662056.1199548}, "cmdq": 3, "read": {"device_start": -1, "device_end": -1}}, "FFC_sans_bias117": {"write": {"device_start": 1585662056.027483, "host_queued_start": 1585662123.408315, "device_queued": 1585662055.9862483, "device_end": 1585662056.0275834, "host_queued_end": 1585662123.478521}, "device": "gpu", "nd_range": {"device_start": 1585662056.0275981, "device_end": 1585662056.0434036}, "cmdq": 2, "read": {"device_start": -1, "device_end": -1}}, "softmax5": {"write": {"device_start": -1, "host_queued_start": 1585662123.582925, "device_queued": -1, "device_end": -1, "host_queued_end": 1585662123.613046}, "device": "cpu", "nd_range": {"device_start": 2329898.778684652, "device_end": 2329898.7793935654}, "cmdq": 2, "read": {"device_start": -1, "device_end": -1}}, "FFC_sans_bias110": {"write": {"device_start": 1585662056.0242262, "host_queued_start": 1585662123.404824, "device_queued": 1585662055.9861193, "device_end": 1585662056.0243273, "host_queued_end": 1585662123.478521}, "device": "gpu", "nd_range": {"device_start": 1585662056.0243444, "device_end": 1585662056.0401244}, "cmdq": 1, "read": {"device_start": -1, "device_end": -1}}, "FFC_sans_bias112": {"write": {"device_start": -1, "host_queued_start": 1585662123.440897, "device_queued": -1, "device_end": -1, "host_queued_end": 1585662123.478521}, "device": "gpu", "nd_range": {"device_start": 1585662056.0825934, "device_end": 1585662056.0988371}, "cmdq": 0, "read": {"device_start": -1, "device_end": -1}}, "empty53": {"write": {"device_start": -1, "host_queued_start": 1585662123.499644, "device_queued": -1, "device_end": -1, "host_queued_end": 1585662123.613046}, "device": "cpu", "nd_range": {"device_start": 2329897.802700524, "device_end": 2329897.802701965}, "cmdq": 1, "read": {"device_start": -1, "device_end": -1}}, "coalesced_transpose48": {"write": {"device_start": -1, "host_queued_start": 1585662123.577283, "device_queued": -1, "device_end": -1, "host_queued_end": 1585662123.613046}, "device": "cpu", "nd_range": {"device_start": 2329898.507995611, "device_end": 2329898.5088453693}, "cmdq": 1, "read": {"device_start": -1, "device_end": -1}}}