{"FFC_sans_bias4": {"write": {"device_start": -1, "host_queued_start": 1585662016.138217, "device_queued": -1, "device_end": -1, "host_queued_end": 1585662016.14348}, "device": "cpu", "nd_range": {"device_start": 2329790.442889599, "device_end": 2329790.4821084933}, "cmdq": 2, "read": {"device_start": -1, "device_end": -1}}, "FFC_sans_bias7": {"write": {"device_start": -1, "host_queued_start": 1585662016.143419, "device_queued": -1, "device_end": -1, "host_queued_end": 1585662016.14348}, "device": "cpu", "nd_range": {"device_start": 2329790.518388036, "device_end": 2329790.555208151}, "cmdq": 2, "read": {"device_start": -1, "device_end": -1}}, "FFC_sans_bias6": {"write": {"device_start": -1, "host_queued_start": 1585662016.139461, "device_queued": -1, "device_end": -1, "host_queued_end": 1585662016.14348}, "device": "cpu", "nd_range": {"device_start": 2329790.4825576223, "device_end": 2329790.5183558073}, "cmdq": 1, "read": {"device_start": -1, "device_end": -1}}, "FFC_sans_bias1": {"write": {"device_start": -1, "host_queued_start": 1585662016.133369, "device_queued": -1, "device_end": -1, "host_queued_end": 1585662016.14348}, "device": "cpu", "nd_range": {"device_start": 2329790.333085691, "device_end": 2329790.4264380243}, "cmdq": 2, "read": {"device_start": -1, "device_end": -1}}, "FFC_sans_bias0": {"write": {"device_start": -1, "host_queued_start": 1585662016.129323, "device_queued": -1, "device_end": -1, "host_queued_end": 1585662016.14348}, "device": "cpu", "nd_range": {"device_start": 2329790.3330835653, "device_end": 2329790.441903586}, "cmdq": 1, "read": {"device_start": -1, "device_end": -1}}, "FFC_sans_bias2": {"write": {"device_start": -1, "host_queued_start": 1585662016.137098, "device_queued": -1, "device_end": -1, "host_queued_end": 1585662016.14348}, "device": "cpu", "nd_range": {"device_start": 2329790.3330940953, "device_end": 2329790.4392223973}, "cmdq": 0, "read": {"device_start": -1, "device_end": -1}}, "coalesced_transpose120": {"write": {"device_start": -1, "host_queued_start": 1585662016.048074, "device_queued": -1, "device_end": -1, "host_queued_end": 1585662016.120019}, "device": "gpu", "nd_range": {"device_start": 1585661948.774332, "device_end": 1585661948.7743938}, "cmdq": 2, "read": {"device_start": -1, "device_end": -1}}, "FFC_sans_bias9": {"write": {"device_start": 1585661948.6275623, "host_queued_start": 1585662015.883833, "device_queued": 1585661948.6272125, "device_end": 1585661948.627672, "host_queued_end": 1585662016.120019}, "device": "gpu", "nd_range": {"device_start": 1585661948.6276746, "device_end": 1585661948.6310275}, "cmdq": 0, "read": {"device_start": -1, "device_end": -1}}, "empty71": {"write": {"device_start": 1585661948.6245723, "host_queued_start": 1585662015.858367, "device_queued": 1585661948.624211, "device_end": 1585661948.6248522, "host_queued_end": 1585662016.120019}, "device": "gpu", "nd_range": {"device_start": 1585661948.6251247, "device_end": 1585661948.625134}, "cmdq": 1, "read": {"device_start": -1, "device_end": -1}}, "softmax41": {"write": {"device_start": -1, "host_queued_start": 1585662016.056045, "device_queued": -1, "device_end": -1, "host_queued_end": 1585662016.120019}, "device": "gpu", "nd_range": {"device_start": 1585661948.816933, "device_end": 1585661948.8217788}, "cmdq": 3, "read": {"device_start": -1, "device_end": -1}}, "FFC_sans_bias37": {"write": {"device_start": 1585661948.6524913, "host_queued_start": 1585662015.919173, "device_queued": 1585661948.6306007, "device_end": 1585661948.6527824, "host_queued_end": 1585662016.120019}, "device": "gpu", "nd_range": {"device_start": 1585661948.6528068, "device_end": 1585661948.663661}, "cmdq": 0, "read": {"device_start": -1, "device_end": -1}}, "FFC_sans_bias36": {"write": {"device_start": 1585661948.6445138, "host_queued_start": 1585662015.915545, "device_queued": 1585661948.6300063, "device_end": 1585661948.6446316, "host_queued_end": 1585662016.120019}, "device": "gpu", "nd_range": {"device_start": 1585661948.6446357, "device_end": 1585661948.6603935}, "cmdq": 4, "read": {"device_start": -1, "device_end": -1}}, "FFC_sans_bias34": {"write": {"device_start": 1585661948.8742456, "host_queued_start": 1585662016.08093, "device_queued": 1585661948.6678243, "device_end": 1585661948.874342, "host_queued_end": 1585662016.120019}, "device": "gpu", "nd_range": {"device_start": 1585661948.8743498, "device_end": 1585661948.8837006}, "cmdq": 2, "read": {"device_start": 1585661948.8837054, "device_end": 1585661948.8837976}}, "FFC_sans_bias33": {"write": {"device_start": -1, "host_queued_start": 1585662016.063797, "device_queued": -1, "device_end": -1, "host_queued_end": 1585662016.120019}, "device": "gpu", "nd_range": {"device_start": 1585661948.8324175, "device_end": 1585661948.8446639}, "cmdq": 2, "read": {"device_start": -1, "device_end": -1}}, "FFC_sans_bias31": {"write": {"device_start": -1, "host_queued_start": 1585662016.04965, "device_queued": -1, "device_end": -1, "host_queued_end": 1585662016.120019}, "device": "gpu", "nd_range": {"device_start": 1585661948.774395, "device_end": 1585661948.784368}, "cmdq": 2, "read": {"device_start": -1, "device_end": -1}}, "FFC_sans_bias38": {"write": {"device_start": 1585661948.652826, "host_queued_start": 1585662015.922616, "device_queued": 1585661948.6308484, "device_end": 1585661948.6529236, "host_queued_end": 1585662016.120019}, "device": "gpu", "nd_range": {"device_start": 1585661948.6529288, "device_end": 1585661948.6669014}, "cmdq": 1, "read": {"device_start": -1, "device_end": -1}}, "coalesced_transpose75": {"write": {"device_start": -1, "host_queued_start": 1585662016.046356, "device_queued": -1, "device_end": -1, "host_queued_end": 1585662016.120019}, "device": "gpu", "nd_range": {"device_start": 1585661948.774234, "device_end": 1585661948.774331}, "cmdq": 2, "read": {"device_start": -1, "device_end": -1}}, "softmax140": {"write": {"device_start": -1, "host_queued_start": 1585662016.061895, "device_queued": -1, "device_end": -1, "host_queued_end": 1585662016.120019}, "device": "gpu", "nd_range": {"device_start": 1585661948.8244178, "device_end": 1585661948.824829}, "cmdq": 4, "read": {"device_start": -1, "device_end": -1}}, "empty44": {"write": {"device_start": 1585661948.6236134, "host_queued_start": 1585662015.849976, "device_queued": 1585661948.6232836, "device_end": 1585661948.6238844, "host_queued_end": 1585662016.120019}, "device": "gpu", "nd_range": {"device_start": 1585661948.6238968, "device_end": 1585661948.6239007}, "cmdq": 3, "read": {"device_start": -1, "device_end": -1}}, "FFC_sans_bias137": {"write": {"device_start": 1585661948.7551825, "host_queued_start": 1585662016.040322, "device_queued": 1585661948.6393397, "device_end": 1585661948.7552955, "host_queued_end": 1585662016.120019}, "device": "gpu", "nd_range": {"device_start": 1585661948.7553024, "device_end": 1585661948.7711399}, "cmdq": 3, "read": {"device_start": -1, "device_end": -1}}, "empty8": {"write": {"device_start": -1, "host_queued_start": 1585662016.12553, "device_queued": -1, "device_end": -1, "host_queued_end": 1585662016.14348}, "device": "cpu", "nd_range": {"device_start": 2329790.33306131, "device_end": 2329790.333071475}, "cmdq": 0, "read": {"device_start": -1, "device_end": -1}}, "softmax50": {"write": {"device_start": -1, "host_queued_start": 1585662016.05663, "device_queued": -1, "device_end": -1, "host_queued_end": 1585662016.120019}, "device": "gpu", "nd_range": {"device_start": 1585661948.823583, "device_end": 1585661948.824003}, "cmdq": 4, "read": {"device_start": -1, "device_end": -1}}, "softmax59": {"write": {"device_start": -1, "host_queued_start": 1585662016.057116, "device_queued": -1, "device_end": -1, "host_queued_end": 1585662016.120019}, "device": "gpu", "nd_range": {"device_start": 1585661948.8185043, "device_end": 1585661948.821375}, "cmdq": 0, "read": {"device_start": -1, "device_end": -1}}, "FFC_sans_bias142": {"write": {"device_start": 1585661948.9037766, "host_queued_start": 1585662016.119903, "device_queued": 1585661948.671428, "device_end": 1585661948.9038913, "host_queued_end": 1585662016.120019}, "device": "gpu", "nd_range": {"device_start": 1585661948.9038982, "device_end": 1585661948.9194968}, "cmdq": 4, "read": {"device_start": 1585661948.919507, "device_end": 1585661948.9196002}}, "FFC_sans_bias141": {"write": {"device_start": -1, "host_queued_start": 1585662016.071061, "device_queued": -1, "device_end": -1, "host_queued_end": 1585662016.120019}, "device": "gpu", "nd_range": {"device_start": 1585661948.8382154, "device_end": 1585661948.854456}, "cmdq": 4, "read": {"device_start": -1, "device_end": -1}}, "FFC_sans_bias24": {"write": {"device_start": -1, "host_queued_start": 1585662016.063153, "device_queued": -1, "device_end": -1, "host_queued_end": 1585662016.120019}, "device": "gpu", "nd_range": {"device_start": 1585661948.8266385, "device_end": 1585661948.8349247}, "cmdq": 1, "read": {"device_start": -1, "device_end": -1}}, "FFC_sans_bias25": {"write": {"device_start": 1585661948.864459, "host_queued_start": 1585662016.077766, "device_queued": 1585661948.6676846, "device_end": 1585661948.8645513, "host_queued_end": 1585662016.120019}, "device": "gpu", "nd_range": {"device_start": 1585661948.8645594, "device_end": 1585661948.8772578}, "cmdq": 1, "read": {"device_start": 1585661948.8772593, "device_end": 1585661948.8773847}}, "FFC_sans_bias27": {"write": {"device_start": 1585661948.6347551, "host_queued_start": 1585662015.905018, "device_queued": 1585661948.6295753, "device_end": 1585661948.6348543, "host_queued_end": 1585662016.120019}, "device": "gpu", "nd_range": {"device_start": 1585661948.634861, "device_end": 1585661948.6506}, "cmdq": 1, "read": {"device_start": -1, "device_end": -1}}, "FFC_sans_bias20": {"write": {"device_start": 1585661948.6313827, "host_queued_start": 1585662015.901471, "device_queued": 1585661948.6293452, "device_end": 1585661948.6314785, "host_queued_end": 1585662016.120019}, "device": "gpu", "nd_range": {"device_start": 1585661948.6314933, "device_end": 1585661948.6473527}, "cmdq": 0, "read": {"device_start": -1, "device_end": -1}}, "FFC_sans_bias22": {"write": {"device_start": -1, "host_queued_start": 1585662016.049332, "device_queued": -1, "device_end": -1, "host_queued_end": 1585662016.120019}, "device": "gpu", "nd_range": {"device_start": 1585661948.774388, "device_end": 1585661948.7810917}, "cmdq": 1, "read": {"device_start": -1, "device_end": -1}}, "FFC_sans_bias130": {"write": {"device_start": -1, "host_queued_start": 1585662016.053498, "device_queued": -1, "device_end": -1, "host_queued_end": 1585662016.120019}, "device": "gpu", "nd_range": {"device_start": 1585661948.8006217, "device_end": 1585661948.8169317}, "cmdq": 3, "read": {"device_start": -1, "device_end": -1}}, "FFC_sans_bias28": {"write": {"device_start": 1585661948.638002, "host_queued_start": 1585662015.908537, "device_queued": 1585661948.6297028, "device_end": 1585661948.6381042, "host_queued_end": 1585662016.120019}, "device": "gpu", "nd_range": {"device_start": 1585661948.6381118, "device_end": 1585661948.653895}, "cmdq": 2, "read": {"device_start": -1, "device_end": -1}}, "FFC_sans_bias29": {"write": {"device_start": 1585661948.641188, "host_queued_start": 1585662015.911983, "device_queued": 1585661948.6298282, "device_end": 1585661948.6412954, "host_queued_end": 1585662016.120019}, "device": "gpu", "nd_range": {"device_start": 1585661948.6413016, "device_end": 1585661948.6571193}, "cmdq": 3, "read": {"device_start": -1, "device_end": -1}}, "coalesced_transpose66": {"write": {"device_start": -1, "host_queued_start": 1585662016.046044, "device_queued": -1, "device_end": -1, "host_queued_end": 1585662016.120019}, "device": "gpu", "nd_range": {"device_start": 1585661948.7742178, "device_end": 1585661948.7743053}, "cmdq": 1, "read": {"device_start": -1, "device_end": -1}}, "coalesced_transpose93": {"write": {"device_start": -1, "host_queued_start": 1585662016.047001, "device_queued": -1, "device_end": -1, "host_queued_end": 1585662016.120019}, "device": "gpu", "nd_range": {"device_start": 1585661948.7744207, "device_end": 1585661948.787381}, "cmdq": 4, "read": {"device_start": -1, "device_end": -1}}, "softmax23": {"write": {"device_start": -1, "host_queued_start": 1585662016.05505, "device_queued": -1, "device_end": -1, "host_queued_end": 1585662016.120019}, "device": "gpu", "nd_range": {"device_start": 1585661948.8071563, "device_end": 1585661948.818507}, "cmdq": 1, "read": {"device_start": -1, "device_end": -1}}, "empty62": {"write": {"device_start": 1585661948.6242726, "host_queued_start": 1585662015.855692, "device_queued": 1585661948.6239238, "device_end": 1585661948.6245449, "host_queued_end": 1585662016.120019}, "device": "gpu", "nd_range": {"device_start": 1585661948.6245558, "device_end": 1585661948.6245596}, "cmdq": 0, "read": {"device_start": -1, "device_end": -1}}, "FFC_sans_bias10": {"write": {"device_start": 1585661948.6279721, "host_queued_start": 1585662015.887293, "device_queued": 1585661948.6277323, "device_end": 1585661948.6282256, "host_queued_end": 1585662016.120019}, "device": "gpu", "nd_range": {"device_start": 1585661948.6288562, "device_end": 1585661948.6343472}, "cmdq": 1, "read": {"device_start": -1, "device_end": -1}}, "FFC_sans_bias13": {"write": {"device_start": -1, "host_queued_start": 1585662016.049012, "device_queued": -1, "device_end": -1, "host_queued_end": 1585662016.120019}, "device": "gpu", "nd_range": {"device_start": 1585661948.7743833, "device_end": 1585661948.777766}, "cmdq": 0, "read": {"device_start": -1, "device_end": -1}}, "FFC_sans_bias15": {"write": {"device_start": -1, "host_queued_start": 1585662016.062553, "device_queued": -1, "device_end": -1, "host_queued_end": 1585662016.120019}, "device": "gpu", "nd_range": {"device_start": 1585661948.826609, "device_end": 1585661948.8316476}, "cmdq": 0, "read": {"device_start": -1, "device_end": -1}}, "FFC_sans_bias16": {"write": {"device_start": 1585661948.8579614, "host_queued_start": 1585662016.074449, "device_queued": 1585661948.667411, "device_end": 1585661948.8580546, "host_queued_end": 1585662016.120019}, "device": "gpu", "nd_range": {"device_start": 1585661948.8580625, "device_end": 1585661948.8706863}, "cmdq": 0, "read": {"device_start": 1585661948.8706915, "device_end": 1585661948.870786}}, "FFC_sans_bias19": {"write": {"device_start": 1585661948.6289303, "host_queued_start": 1585662015.897867, "device_queued": 1585661948.6286182, "device_end": 1585661948.629028, "host_queued_end": 1585662016.120019}, "device": "gpu", "nd_range": {"device_start": 1585661948.6292512, "device_end": 1585661948.6440804}, "cmdq": 4, "read": {"device_start": -1, "device_end": -1}}, "FFC_sans_bias18": {"write": {"device_start": 1585661948.6286073, "host_queued_start": 1585662015.894459, "device_queued": 1585661948.62825, "device_end": 1585661948.6288297, "host_queued_end": 1585662016.120019}, "device": "gpu", "nd_range": {"device_start": 1585661948.6291485, "device_end": 1585661948.6408105}, "cmdq": 3, "read": {"device_start": -1, "device_end": -1}}, "FFC_sans_bias99": {"write": {"device_start": 1585661948.7127407, "host_queued_start": 1585662015.989232, "device_queued": 1585661948.636073, "device_end": 1585661948.7128375, "host_queued_end": 1585662016.120019}, "device": "gpu", "nd_range": {"device_start": 1585661948.7128453, "device_end": 1585661948.7287383}, "cmdq": 0, "read": {"device_start": -1, "device_end": -1}}, "FFC_sans_bias91": {"write": {"device_start": 1585661948.7062685, "host_queued_start": 1585662015.982225, "device_queued": 1585661948.6353233, "device_end": 1585661948.7063637, "host_queued_end": 1585662016.120019}, "device": "gpu", "nd_range": {"device_start": 1585661948.7063732, "device_end": 1585661948.7222345}, "cmdq": 3, "read": {"device_start": -1, "device_end": -1}}, "FFC_sans_bias90": {"write": {"device_start": 1585661948.703022, "host_queued_start": 1585662015.978779, "device_queued": 1585661948.6351717, "device_end": 1585661948.703118, "host_queued_end": 1585662016.120019}, "device": "gpu", "nd_range": {"device_start": 1585661948.703125, "device_end": 1585661948.7189763}, "cmdq": 2, "read": {"device_start": -1, "device_end": -1}}, "coalesced_transpose12": {"write": {"device_start": -1, "host_queued_start": 1585662016.044106, "device_queued": -1, "device_end": -1, "host_queued_end": 1585662016.120019}, "device": "gpu", "nd_range": {"device_start": 1585661948.7613592, "device_end": 1585661948.7741737}, "cmdq": 0, "read": {"device_start": -1, "device_end": -1}}, "FFC_sans_bias94": {"write": {"device_start": -1, "host_queued_start": 1585662016.052109, "device_queued": -1, "device_end": -1, "host_queued_end": 1585662016.120019}, "device": "gpu", "nd_range": {"device_start": 1585661948.8104322, "device_end": 1585661948.8201833}, "cmdq": 4, "read": {"device_start": -1, "device_end": -1}}, "FFC_sans_bias97": {"write": {"device_start": 1585661948.8875194, "host_queued_start": 1585662016.103778, "device_queued": 1585661948.6695886, "device_end": 1585661948.887617, "host_queued_end": 1585662016.120019}, "device": "gpu", "nd_range": {"device_start": 1585661948.8876243, "device_end": 1585661948.9032445}, "cmdq": 4, "read": {"device_start": 1585661948.9032485, "device_end": 1585661948.903337}}, "FFC_sans_bias96": {"write": {"device_start": -1, "host_queued_start": 1585662016.068017, "device_queued": -1, "device_end": -1, "host_queued_end": 1585662016.120019}, "device": "gpu", "nd_range": {"device_start": 1585661948.8284302, "device_end": 1585661948.8382142}, "cmdq": 4, "read": {"device_start": -1, "device_end": -1}}, "FFC_sans_bias124": {"write": {"device_start": 1585661948.9005318, "host_queued_start": 1585662016.113327, "device_queued": 1585661948.6711311, "device_end": 1585661948.900628, "host_queued_end": 1585662016.120019}, "device": "gpu", "nd_range": {"device_start": 1585661948.9006402, "device_end": 1585661948.9162343}, "cmdq": 2, "read": {"device_start": 1585661948.9162369, "device_end": 1585661948.9163232}}, "FFC_sans_bias126": {"write": {"device_start": 1585661948.7453353, "host_queued_start": 1585662016.029675, "device_queued": 1585661948.6387732, "device_end": 1585661948.7454343, "host_queued_end": 1585662016.120019}, "device": "gpu", "nd_range": {"device_start": 1585661948.7454424, "device_end": 1585661948.7613583}, "cmdq": 0, "read": {"device_start": -1, "device_end": -1}}, "softmax32": {"write": {"device_start": -1, "host_queued_start": 1585662016.055545, "device_queued": -1, "device_end": -1, "host_queued_end": 1585662016.120019}, "device": "gpu", "nd_range": {"device_start": 1585661948.8136857, "device_end": 1585661948.8217745}, "cmdq": 2, "read": {"device_start": -1, "device_end": -1}}, "coalesced_transpose84": {"write": {"device_start": -1, "host_queued_start": 1585662016.0467, "device_queued": -1, "device_end": -1, "host_queued_end": 1585662016.120019}, "device": "gpu", "nd_range": {"device_start": 1585661948.7742708, "device_end": 1585661948.774337}, "cmdq": 3, "read": {"device_start": -1, "device_end": -1}}, "FFC_sans_bias121": {"write": {"device_start": -1, "host_queued_start": 1585662016.053176, "device_queued": -1, "device_end": -1, "host_queued_end": 1585662016.120019}, "device": "gpu", "nd_range": {"device_start": 1585661948.7973764, "device_end": 1585661948.8136842}, "cmdq": 2, "read": {"device_start": -1, "device_end": -1}}, "empty98": {"write": {"device_start": 1585661948.6254642, "host_queued_start": 1585662015.866914, "device_queued": 1585661948.6250834, "device_end": 1585661948.6257443, "host_queued_end": 1585662016.120019}, "device": "gpu", "nd_range": {"device_start": 1585661948.625748, "device_end": 1585661948.6257539}, "cmdq": 4, "read": {"device_start": -1, "device_end": -1}}, "empty107": {"write": {"device_start": 1585661948.6257744, "host_queued_start": 1585662015.869682, "device_queued": 1585661948.6254551, "device_end": 1585661948.6261501, "host_queued_end": 1585662016.120019}, "device": "gpu", "nd_range": {"device_start": 1585661948.6261597, "device_end": 1585661948.6261632}, "cmdq": 0, "read": {"device_start": -1, "device_end": -1}}, "empty17": {"write": {"device_start": 1585661948.6225796, "host_queued_start": 1585662015.840665, "device_queued": 1585661948.62223, "device_end": 1585661948.622679, "host_queued_end": 1585662016.120019}, "device": "gpu", "nd_range": {"device_start": 1585661948.6227252, "device_end": 1585661948.6227307}, "cmdq": 0, "read": {"device_start": -1, "device_end": -1}}, "FFC_sans_bias87": {"write": {"device_start": -1, "host_queued_start": 1585662016.067446, "device_queued": -1, "device_end": -1, "host_queued_end": 1585662016.120019}, "device": "gpu", "nd_range": {"device_start": 1585661948.8511887, "device_end": 1585661948.8674858}, "cmdq": 3, "read": {"device_start": -1, "device_end": -1}}, "FFC_sans_bias85": {"write": {"device_start": -1, "host_queued_start": 1585662016.051786, "device_queued": -1, "device_end": -1, "host_queued_end": 1585662016.120019}, "device": "gpu", "nd_range": {"device_start": 1585661948.7875397, "device_end": 1585661948.80062}, "cmdq": 3, "read": {"device_start": -1, "device_end": -1}}, "FFC_sans_bias82": {"write": {"device_start": 1585661948.6965141, "host_queued_start": 1585662015.971755, "device_queued": 1585661948.6346025, "device_end": 1585661948.6966143, "host_queued_end": 1585662016.120019}, "device": "gpu", "nd_range": {"device_start": 1585661948.6966224, "device_end": 1585661948.7124767}, "cmdq": 0, "read": {"device_start": -1, "device_end": -1}}, "FFC_sans_bias83": {"write": {"device_start": 1585661948.699747, "host_queued_start": 1585662015.975288, "device_queued": 1585661948.6350229, "device_end": 1585661948.6998441, "host_queued_end": 1585662016.120019}, "device": "gpu", "nd_range": {"device_start": 1585661948.6998549, "device_end": 1585661948.7157078}, "cmdq": 1, "read": {"device_start": -1, "device_end": -1}}, "FFC_sans_bias81": {"write": {"device_start": 1585661948.6932588, "host_queued_start": 1585662015.968142, "device_queued": 1585661948.633924, "device_end": 1585661948.6933606, "host_queued_end": 1585662016.120019}, "device": "gpu", "nd_range": {"device_start": 1585661948.6933682, "device_end": 1585661948.7091796}, "cmdq": 4, "read": {"device_start": -1, "device_end": -1}}, "FFC_sans_bias88": {"write": {"device_start": 1585661948.8940105, "host_queued_start": 1585662016.100347, "device_queued": 1585661948.6694477, "device_end": 1585661948.8941066, "host_queued_end": 1585662016.120019}, "device": "gpu", "nd_range": {"device_start": 1585661948.8941116, "device_end": 1585661948.9097424}, "cmdq": 3, "read": {"device_start": 1585661948.909749, "device_end": 1585661948.909837}}, "coalesced_transpose30": {"write": {"device_start": -1, "host_queued_start": 1585662016.044729, "device_queued": -1, "device_end": -1, "host_queued_end": 1585662016.120019}, "device": "gpu", "nd_range": {"device_start": 1585661948.7678733, "device_end": 1585661948.7742326}, "cmdq": 2, "read": {"device_start": -1, "device_end": -1}}, "FFC_sans_bias128": {"write": {"device_start": 1585661948.742084, "host_queued_start": 1585662016.025948, "device_queued": 1585661948.6381288, "device_end": 1585661948.742179, "host_queued_end": 1585662016.120019}, "device": "gpu", "nd_range": {"device_start": 1585661948.7421846, "device_end": 1585661948.758078}, "cmdq": 4, "read": {"device_start": -1, "device_end": -1}}, "coalesced_transpose39": {"write": {"device_start": -1, "host_queued_start": 1585662016.045033, "device_queued": -1, "device_end": -1, "host_queued_end": 1585662016.120019}, "device": "gpu", "nd_range": {"device_start": 1585661948.7711458, "device_end": 1585661948.7742562}, "cmdq": 3, "read": {"device_start": -1, "device_end": -1}}, "FFC_sans_bias79": {"write": {"device_start": 1585661948.884282, "host_queued_start": 1585662016.097073, "device_queued": 1585661948.6693037, "device_end": 1585661948.884399, "host_queued_end": 1585662016.120019}, "device": "gpu", "nd_range": {"device_start": 1585661948.8844073, "device_end": 1585661948.8999732}, "cmdq": 2, "read": {"device_start": 1585661948.8999784, "device_end": 1585661948.900068}}, "FFC_sans_bias78": {"write": {"device_start": -1, "host_queued_start": 1585662016.066803, "device_queued": -1, "device_end": -1, "host_queued_end": 1585662016.120019}, "device": "gpu", "nd_range": {"device_start": 1585661948.8446655, "device_end": 1585661948.8609529}, "cmdq": 2, "read": {"device_start": -1, "device_end": -1}}, "FFC_sans_bias73": {"write": {"device_start": 1585661948.6867468, "host_queued_start": 1585662015.961216, "device_queued": 1585661948.6336372, "device_end": 1585661948.6868482, "host_queued_end": 1585662016.120019}, "device": "gpu", "nd_range": {"device_start": 1585661948.686859, "device_end": 1585661948.7027495}, "cmdq": 2, "read": {"device_start": -1, "device_end": -1}}, "FFC_sans_bias72": {"write": {"device_start": 1585661948.683463, "host_queued_start": 1585662015.957728, "device_queued": 1585661948.633485, "device_end": 1585661948.683558, "host_queued_end": 1585662016.120019}, "device": "gpu", "nd_range": {"device_start": 1585661948.6835678, "device_end": 1585661948.6994646}, "cmdq": 1, "read": {"device_start": -1, "device_end": -1}}, "FFC_sans_bias70": {"write": {"device_start": 1585661948.8811255, "host_queued_start": 1585662016.0939, "device_queued": 1585661948.66916, "device_end": 1585661948.8812232, "host_queued_end": 1585662016.120019}, "device": "gpu", "nd_range": {"device_start": 1585661948.8812294, "device_end": 1585661948.8967018}, "cmdq": 1, "read": {"device_start": 1585661948.8967083, "device_end": 1585661948.8967984}}, "FFC_sans_bias76": {"write": {"device_start": -1, "host_queued_start": 1585662016.051412, "device_queued": -1, "device_end": -1, "host_queued_end": 1585662016.120019}, "device": "gpu", "nd_range": {"device_start": 1585661948.7843695, "device_end": 1585661948.7973742}, "cmdq": 2, "read": {"device_start": -1, "device_end": -1}}, "FFC_sans_bias74": {"write": {"device_start": 1585661948.690012, "host_queued_start": 1585662015.964632, "device_queued": 1585661948.6337917, "device_end": 1585661948.6901093, "host_queued_end": 1585662016.120019}, "device": "gpu", "nd_range": {"device_start": 1585661948.6901178, "device_end": 1585661948.705981}, "cmdq": 3, "read": {"device_start": -1, "device_end": -1}}, "coalesced_transpose102": {"write": {"device_start": -1, "host_queued_start": 1585662016.047397, "device_queued": -1, "device_end": -1, "host_queued_end": 1585662016.120019}, "device": "gpu", "nd_range": {"device_start": 1585661948.7743008, "device_end": 1585661948.774382}, "cmdq": 0, "read": {"device_start": -1, "device_end": -1}}, "coalesced_transpose3": {"write": {"device_start": -1, "host_queued_start": 1585662016.137508, "device_queued": -1, "device_end": -1, "host_queued_end": 1585662016.14348}, "device": "cpu", "nd_range": {"device_start": 2329790.441938747, "device_end": 2329790.442796446}, "cmdq": 1, "read": {"device_start": -1, "device_end": -1}}, "FFC_sans_bias127": {"write": {"device_start": 1585661948.7485976, "host_queued_start": 1585662016.0333, "device_queued": 1585661948.6390512, "device_end": 1585661948.748693, "host_queued_end": 1585662016.120019}, "device": "gpu", "nd_range": {"device_start": 1585661948.7487028, "device_end": 1585661948.7646189}, "cmdq": 1, "read": {"device_start": -1, "device_end": -1}}, "empty89": {"write": {"device_start": 1585661948.6251657, "host_queued_start": 1585662015.864193, "device_queued": 1585661948.6248786, "device_end": 1585661948.6254363, "host_queued_end": 1585662016.120019}, "device": "gpu", "nd_range": {"device_start": 1585661948.6254497, "device_end": 1585661948.6254537}, "cmdq": 3, "read": {"device_start": -1, "device_end": -1}}, "FFC_sans_bias123": {"write": {"device_start": -1, "host_queued_start": 1585662016.069824, "device_queued": -1, "device_end": -1, "host_queued_end": 1585662016.120019}, "device": "gpu", "nd_range": {"device_start": 1585661948.860954, "device_end": 1585661948.8739705}, "cmdq": 2, "read": {"device_start": -1, "device_end": -1}}, "empty80": {"write": {"device_start": 1585661948.6248662, "host_queued_start": 1585662015.861149, "device_queued": 1585661948.6245658, "device_end": 1585661948.6250646, "host_queued_end": 1585662016.120019}, "device": "gpu", "nd_range": {"device_start": 1585661948.6251464, "device_end": 1585661948.6251516}, "cmdq": 2, "read": {"device_start": -1, "device_end": -1}}, "empty116": {"write": {"device_start": 1585661948.6262121, "host_queued_start": 1585662015.87241, "device_queued": 1585661948.6257637, "device_end": 1585661948.6265502, "host_queued_end": 1585662016.120019}, "device": "gpu", "nd_range": {"device_start": 1585661948.626944, "device_end": 1585661948.627006}, "cmdq": 1, "read": {"device_start": -1, "device_end": -1}}, "softmax104": {"write": {"device_start": -1, "host_queued_start": 1585662016.059746, "device_queued": -1, "device_end": -1, "host_queued_end": 1585662016.120019}, "device": "gpu", "nd_range": {"device_start": 1585661948.821376, "device_end": 1585661948.8266077}, "cmdq": 0, "read": {"device_start": -1, "device_end": -1}}, "coalesced_transpose21": {"write": {"device_start": -1, "host_queued_start": 1585662016.044418, "device_queued": -1, "device_end": -1, "host_queued_end": 1585662016.120019}, "device": "gpu", "nd_range": {"device_start": 1585661948.7646213, "device_end": 1585661948.774208}, "cmdq": 1, "read": {"device_start": -1, "device_end": -1}}, "softmax14": {"write": {"device_start": -1, "host_queued_start": 1585662016.054499, "device_queued": -1, "device_end": -1, "host_queued_end": 1585662016.120019}, "device": "gpu", "nd_range": {"device_start": 1585661948.8039093, "device_end": 1585661948.8185034}, "cmdq": 0, "read": {"device_start": -1, "device_end": -1}}, "FFC_sans_bias69": {"write": {"device_start": -1, "host_queued_start": 1585662016.06621, "device_queued": -1, "device_end": -1, "host_queued_end": 1585662016.120019}, "device": "gpu", "nd_range": {"device_start": 1585661948.834926, "device_end": 1585661948.8479502}, "cmdq": 1, "read": {"device_start": -1, "device_end": -1}}, "FFC_sans_bias92": {"write": {"device_start": 1585661948.7094593, "host_queued_start": 1585662015.985752, "device_queued": 1585661948.6354795, "device_end": 1585661948.7095544, "host_queued_end": 1585662016.120019}, "device": "gpu", "nd_range": {"device_start": 1585661948.7095642, "device_end": 1585661948.7254941}, "cmdq": 4, "read": {"device_start": -1, "device_end": -1}}, "FFC_sans_bias60": {"write": {"device_start": -1, "host_queued_start": 1585662016.065649, "device_queued": -1, "device_end": -1, "host_queued_end": 1585662016.120019}, "device": "gpu", "nd_range": {"device_start": 1585661948.8316493, "device_end": 1585661948.8413846}, "cmdq": 0, "read": {"device_start": -1, "device_end": -1}}, "FFC_sans_bias61": {"write": {"device_start": 1585661948.8750231, "host_queued_start": 1585662016.090486, "device_queued": 1585661948.668887, "device_end": 1585661948.8751273, "host_queued_end": 1585662016.120019}, "device": "gpu", "nd_range": {"device_start": 1585661948.8751323, "device_end": 1585661948.890215}, "cmdq": 0, "read": {"device_start": 1585661948.8902304, "device_end": 1585661948.890334}}, "FFC_sans_bias63": {"write": {"device_start": 1585661948.6802251, "host_queued_start": 1585662015.954319, "device_queued": 1585661948.633239, "device_end": 1585661948.6803224, "host_queued_end": 1585662016.120019}, "device": "gpu", "nd_range": {"device_start": 1585661948.6803267, "device_end": 1585661948.696227}, "cmdq": 0, "read": {"device_start": -1, "device_end": -1}}, "FFC_sans_bias64": {"write": {"device_start": 1585661948.6736853, "host_queued_start": 1585662015.947314, "device_queued": 1585661948.6325336, "device_end": 1585661948.6737828, "host_queued_end": 1585662016.120019}, "device": "gpu", "nd_range": {"device_start": 1585661948.673791, "device_end": 1585661948.6897192}, "cmdq": 3, "read": {"device_start": -1, "device_end": -1}}, "FFC_sans_bias65": {"write": {"device_start": 1585661948.676963, "host_queued_start": 1585662015.950797, "device_queued": 1585661948.6326637, "device_end": 1585661948.6770616, "host_queued_end": 1585662016.120019}, "device": "gpu", "nd_range": {"device_start": 1585661948.6770673, "device_end": 1585661948.6929843}, "cmdq": 4, "read": {"device_start": -1, "device_end": -1}}, "FFC_sans_bias67": {"write": {"device_start": -1, "host_queued_start": 1585662016.051093, "device_queued": -1, "device_end": -1, "host_queued_end": 1585662016.120019}, "device": "gpu", "nd_range": {"device_start": 1585661948.7810938, "device_end": 1585661948.7940688}, "cmdq": 1, "read": {"device_start": -1, "device_end": -1}}, "coalesced_transpose111": {"write": {"device_start": -1, "host_queued_start": 1585662016.047698, "device_queued": -1, "device_end": -1, "host_queued_end": 1585662016.120019}, "device": "gpu", "nd_range": {"device_start": 1585661948.7743266, "device_end": 1585661948.7743871}, "cmdq": 1, "read": {"device_start": -1, "device_end": -1}}, "FFC_sans_bias136": {"write": {"device_start": 1585661948.751862, "host_queued_start": 1585662016.036843, "device_queued": 1585661948.6392045, "device_end": 1585661948.751957, "host_queued_end": 1585662016.120019}, "device": "gpu", "nd_range": {"device_start": 1585661948.7519617, "device_end": 1585661948.7678716}, "cmdq": 2, "read": {"device_start": -1, "device_end": -1}}, "FFC_sans_bias135": {"write": {"device_start": 1585661948.75836, "host_queued_start": 1585662016.043754, "device_queued": 1585661948.6394942, "device_end": 1585661948.7584598, "host_queued_end": 1585662016.120019}, "device": "gpu", "nd_range": {"device_start": 1585661948.758465, "device_end": 1585661948.7743707}, "cmdq": 4, "read": {"device_start": -1, "device_end": -1}}, "FFC_sans_bias133": {"write": {"device_start": 1585661948.9102952, "host_queued_start": 1585662016.116616, "device_queued": 1585661948.6712763, "device_end": 1585661948.9103918, "host_queued_end": 1585662016.120019}, "device": "gpu", "nd_range": {"device_start": 1585661948.9103982, "device_end": 1585661948.9226592}, "cmdq": 3, "read": {"device_start": 1585661948.9226627, "device_end": 1585661948.9227483}}, "FFC_sans_bias132": {"write": {"device_start": -1, "host_queued_start": 1585662016.070409, "device_queued": -1, "device_end": -1, "host_queued_end": 1585662016.120019}, "device": "gpu", "nd_range": {"device_start": 1585661948.8674867, "device_end": 1585661948.8804843}, "cmdq": 3, "read": {"device_start": -1, "device_end": -1}}, "softmax68": {"write": {"device_start": -1, "host_queued_start": 1585662016.057609, "device_queued": -1, "device_end": -1, "host_queued_end": 1585662016.120019}, "device": "gpu", "nd_range": {"device_start": 1585661948.818508, "device_end": 1585661948.8213928}, "cmdq": 1, "read": {"device_start": -1, "device_end": -1}}, "softmax131": {"write": {"device_start": -1, "host_queued_start": 1585662016.061389, "device_queued": -1, "device_end": -1, "host_queued_end": 1585662016.120019}, "device": "gpu", "nd_range": {"device_start": 1585661948.8266425, "device_end": 1585661948.8356678}, "cmdq": 3, "read": {"device_start": -1, "device_end": -1}}, "empty125": {"write": {"device_start": 1585661948.6265943, "host_queued_start": 1585662015.875212, "device_queued": 1585661948.626177, "device_end": 1585661948.6268675, "host_queued_end": 1585662016.120019}, "device": "gpu", "nd_range": {"device_start": 1585661948.6269774, "device_end": 1585661948.6270201}, "cmdq": 2, "read": {"device_start": -1, "device_end": -1}}, "FFC_sans_bias139": {"write": {"device_start": -1, "host_queued_start": 1585662016.053876, "device_queued": -1, "device_end": -1, "host_queued_end": 1585662016.120019}, "device": "gpu", "nd_range": {"device_start": 1585661948.820185, "device_end": 1585661948.8235817}, "cmdq": 4, "read": {"device_start": -1, "device_end": -1}}, "empty35": {"write": {"device_start": 1585661948.6232975, "host_queued_start": 1585662015.847191, "device_queued": 1585661948.622888, "device_end": 1585661948.6235657, "host_queued_end": 1585662016.120019}, "device": "gpu", "nd_range": {"device_start": 1585661948.6236868, "device_end": 1585661948.6237352}, "cmdq": 2, "read": {"device_start": -1, "device_end": -1}}, "softmax86": {"write": {"device_start": -1, "host_queued_start": 1585662016.058749, "device_queued": -1, "device_end": -1, "host_queued_end": 1585662016.120019}, "device": "gpu", "nd_range": {"device_start": 1585661948.82178, "device_end": 1585661948.8266416}, "cmdq": 3, "read": {"device_start": -1, "device_end": -1}}, "FFC_sans_bias55": {"write": {"device_start": 1585661948.6704202, "host_queued_start": 1585662015.943808, "device_queued": 1585661948.6324003, "device_end": 1585661948.6705213, "host_queued_end": 1585662016.120019}, "device": "gpu", "nd_range": {"device_start": 1585661948.6705346, "device_end": 1585661948.6864524}, "cmdq": 2, "read": {"device_start": -1, "device_end": -1}}, "FFC_sans_bias54": {"write": {"device_start": 1585661948.6671782, "host_queued_start": 1585662015.940238, "device_queued": 1585661948.632256, "device_end": 1585661948.6672733, "host_queued_end": 1585662016.120019}, "device": "gpu", "nd_range": {"device_start": 1585661948.6672795, "device_end": 1585661948.6831808}, "cmdq": 1, "read": {"device_start": -1, "device_end": -1}}, "FFC_sans_bias56": {"write": {"device_start": 1585661948.6639214, "host_queued_start": 1585662015.936669, "device_queued": 1585661948.631974, "device_end": 1585661948.664018, "host_queued_end": 1585662016.120019}, "device": "gpu", "nd_range": {"device_start": 1585661948.664022, "device_end": 1585661948.6799333}, "cmdq": 0, "read": {"device_start": -1, "device_end": -1}}, "FFC_sans_bias51": {"write": {"device_start": -1, "host_queued_start": 1585662016.065086, "device_queued": -1, "device_end": -1, "host_queued_end": 1585662016.120019}, "device": "gpu", "nd_range": {"device_start": 1585661948.8248305, "device_end": 1585661948.8284292}, "cmdq": 4, "read": {"device_start": -1, "device_end": -1}}, "FFC_sans_bias52": {"write": {"device_start": 1585661948.8746235, "host_queued_start": 1585662016.087279, "device_queued": 1585661948.6680994, "device_end": 1585661948.8747463, "host_queued_end": 1585662016.120019}, "device": "gpu", "nd_range": {"device_start": 1585661948.874749, "device_end": 1585661948.8869755}, "cmdq": 4, "read": {"device_start": 1585661948.8869805, "device_end": 1585661948.8870728}}, "FFC_sans_bias58": {"write": {"device_start": -1, "host_queued_start": 1585662016.050773, "device_queued": -1, "device_end": -1, "host_queued_end": 1585662016.120019}, "device": "gpu", "nd_range": {"device_start": 1585661948.7777674, "device_end": 1585661948.790818}, "cmdq": 0, "read": {"device_start": -1, "device_end": -1}}, "FFC_sans_bias108": {"write": {"device_start": 1585661948.7225077, "host_queued_start": 1585662015.999639, "device_queued": 1585661948.636633, "device_end": 1585661948.7226048, "host_queued_end": 1585662016.120019}, "device": "gpu", "nd_range": {"device_start": 1585661948.7226102, "device_end": 1585661948.738531}, "cmdq": 3, "read": {"device_start": -1, "device_end": -1}}, "FFC_sans_bias109": {"write": {"device_start": 1585661948.7257833, "host_queued_start": 1585662016.004877, "device_queued": 1585661948.6367648, "device_end": 1585661948.725878, "host_queued_end": 1585662016.120019}, "device": "gpu", "nd_range": {"device_start": 1585661948.7258866, "device_end": 1585661948.7418027}, "cmdq": 4, "read": {"device_start": -1, "device_end": -1}}, "coalesced_transpose129": {"write": {"device_start": -1, "host_queued_start": 1585662016.048385, "device_queued": -1, "device_end": -1, "host_queued_end": 1585662016.120019}, "device": "gpu", "nd_range": {"device_start": 1585661948.7743664, "device_end": 1585661948.7744005}, "cmdq": 3, "read": {"device_start": -1, "device_end": -1}}, "FFC_sans_bias103": {"write": {"device_start": -1, "host_queued_start": 1585662016.052444, "device_queued": -1, "device_end": -1, "host_queued_end": 1585662016.120019}, "device": "gpu", "nd_range": {"device_start": 1585661948.7908196, "device_end": 1585661948.803908}, "cmdq": 0, "read": {"device_start": -1, "device_end": -1}}, "FFC_sans_bias100": {"write": {"device_start": 1585661948.7159843, "host_queued_start": 1585662015.992719, "device_queued": 1585661948.6363578, "device_end": 1585661948.7160802, "host_queued_end": 1585662016.120019}, "device": "gpu", "nd_range": {"device_start": 1585661948.716088, "device_end": 1585661948.732005}, "cmdq": 1, "read": {"device_start": -1, "device_end": -1}}, "FFC_sans_bias101": {"write": {"device_start": 1585661948.7192495, "host_queued_start": 1585662015.996241, "device_queued": 1585661948.636497, "device_end": 1585661948.7193453, "host_queued_end": 1585662016.120019}, "device": "gpu", "nd_range": {"device_start": 1585661948.7193494, "device_end": 1585661948.7352517}, "cmdq": 2, "read": {"device_start": -1, "device_end": -1}}, "FFC_sans_bias106": {"write": {"device_start": 1585661948.890774, "host_queued_start": 1585662016.106958, "device_queued": 1585661948.6707027, "device_end": 1585661948.8908718, "host_queued_end": 1585662016.120019}, "device": "gpu", "nd_range": {"device_start": 1585661948.8908806, "device_end": 1585661948.906462}, "cmdq": 0, "read": {"device_start": 1585661948.9064708, "device_end": 1585661948.906558}}, "softmax122": {"write": {"device_start": -1, "host_queued_start": 1585662016.060862, "device_queued": -1, "device_end": -1, "host_queued_end": 1585662016.120019}, "device": "gpu", "nd_range": {"device_start": 1585661948.8266294, "device_end": 1585661948.8324156}, "cmdq": 2, "read": {"device_start": -1, "device_end": -1}}, "FFC_sans_bias105": {"write": {"device_start": -1, "host_queued_start": 1585662016.068594, "device_queued": -1, "device_end": -1, "host_queued_end": 1585662016.120019}, "device": "gpu", "nd_range": {"device_start": 1585661948.8413858, "device_end": 1585661948.857695}, "cmdq": 0, "read": {"device_start": -1, "device_end": -1}}, "softmax95": {"write": {"device_start": -1, "host_queued_start": 1585662016.059249, "device_queued": -1, "device_end": -1, "host_queued_end": 1585662016.120019}, "device": "gpu", "nd_range": {"device_start": 1585661948.8240042, "device_end": 1585661948.8244166}, "cmdq": 4, "read": {"device_start": -1, "device_end": -1}}, "coalesced_transpose57": {"write": {"device_start": -1, "host_queued_start": 1585662016.045741, "device_queued": -1, "device_end": -1, "host_queued_end": 1585662016.120019}, "device": "gpu", "nd_range": {"device_start": 1585661948.7741835, "device_end": 1585661948.7742805}, "cmdq": 0, "read": {"device_start": -1, "device_end": -1}}, "empty26": {"write": {"device_start": 1585661948.622973, "host_queued_start": 1585662015.844401, "device_queued": 1585661948.6226933, "device_end": 1585661948.6232612, "host_queued_end": 1585662016.120019}, "device": "gpu", "nd_range": {"device_start": 1585661948.6236496, "device_end": 1585661948.623714}, "cmdq": 1, "read": {"device_start": -1, "device_end": -1}}, "softmax113": {"write": {"device_start": -1, "host_queued_start": 1585662016.060262, "device_queued": -1, "device_end": -1, "host_queued_end": 1585662016.120019}, "device": "gpu", "nd_range": {"device_start": 1585661948.8213937, "device_end": 1585661948.8266368}, "cmdq": 1, "read": {"device_start": -1, "device_end": -1}}, "FFC_sans_bias11": {"write": {"device_start": 1585661948.6283019, "host_queued_start": 1585662015.890809, "device_queued": 1585661948.6278687, "device_end": 1585661948.6286016, "host_queued_end": 1585662016.120019}, "device": "gpu", "nd_range": {"device_start": 1585661948.6290462, "device_end": 1585661948.6376383}, "cmdq": 2, "read": {"device_start": -1, "device_end": -1}}, "FFC_sans_bias42": {"write": {"device_start": -1, "host_queued_start": 1585662016.064365, "device_queued": -1, "device_end": -1, "host_queued_end": 1585662016.120019}, "device": "gpu", "nd_range": {"device_start": 1585661948.8356688, "device_end": 1585661948.8511875}, "cmdq": 3, "read": {"device_start": -1, "device_end": -1}}, "FFC_sans_bias43": {"write": {"device_start": 1585661948.8807664, "host_queued_start": 1585662016.084075, "device_queued": 1585661948.6679604, "device_end": 1585661948.880864, "host_queued_end": 1585662016.120019}, "device": "gpu", "nd_range": {"device_start": 1585661948.8808744, "device_end": 1585661948.893457}, "cmdq": 3, "read": {"device_start": 1585661948.8934631, "device_end": 1585661948.8935542}}, "FFC_sans_bias40": {"write": {"device_start": -1, "host_queued_start": 1585662016.050059, "device_queued": -1, "device_end": -1, "host_queued_end": 1585662016.120019}, "device": "gpu", "nd_range": {"device_start": 1585661948.7744014, "device_end": 1585661948.787538}, "cmdq": 3, "read": {"device_start": -1, "device_end": -1}}, "FFC_sans_bias46": {"write": {"device_start": 1585661948.6573882, "host_queued_start": 1585662015.929689, "device_queued": 1585661948.6311905, "device_end": 1585661948.657483, "host_queued_end": 1585662016.120019}, "device": "gpu", "nd_range": {"device_start": 1585661948.6574907, "device_end": 1585661948.6733968}, "cmdq": 3, "read": {"device_start": -1, "device_end": -1}}, "FFC_sans_bias47": {"write": {"device_start": 1585661948.660643, "host_queued_start": 1585662015.933201, "device_queued": 1585661948.631341, "device_end": 1585661948.6607351, "host_queued_end": 1585662016.120019}, "device": "gpu", "nd_range": {"device_start": 1585661948.6607428, "device_end": 1585661948.6766589}, "cmdq": 4, "read": {"device_start": -1, "device_end": -1}}, "FFC_sans_bias45": {"write": {"device_start": 1585661948.6541595, "host_queued_start": 1585662015.926068, "device_queued": 1585661948.6309748, "device_end": 1585661948.654257, "host_queued_end": 1585662016.120019}, "device": "gpu", "nd_range": {"device_start": 1585661948.6542652, "device_end": 1585661948.6701458}, "cmdq": 2, "read": {"device_start": -1, "device_end": -1}}, "FFC_sans_bias49": {"write": {"device_start": -1, "host_queued_start": 1585662016.050384, "device_queued": -1, "device_end": -1, "host_queued_end": 1585662016.120019}, "device": "gpu", "nd_range": {"device_start": 1585661948.7971487, "device_end": 1585661948.8104305}, "cmdq": 4, "read": {"device_start": -1, "device_end": -1}}, "softmax77": {"write": {"device_start": -1, "host_queued_start": 1585662016.058104, "device_queued": -1, "device_end": -1, "host_queued_end": 1585662016.120019}, "device": "gpu", "nd_range": {"device_start": 1585661948.8217762, "device_end": 1585661948.8266284}, "cmdq": 2, "read": {"device_start": -1, "device_end": -1}}, "empty134": {"write": {"device_start": 1585661948.6268976, "host_queued_start": 1585662015.87796, "device_queued": 1585661948.6265666, "device_end": 1585661948.6271944, "host_queued_end": 1585662016.120019}, "device": "gpu", "nd_range": {"device_start": 1585661948.627207, "device_end": 1585661948.6272109}, "cmdq": 3, "read": {"device_start": -1, "device_end": -1}}, "coalesced_transpose138": {"write": {"device_start": -1, "host_queued_start": 1585662016.048692, "device_queued": -1, "device_end": -1, "host_queued_end": 1585662016.120019}, "device": "gpu", "nd_range": {"device_start": 1585661948.787406, "device_end": 1585661948.7971478}, "cmdq": 4, "read": {"device_start": -1, "device_end": -1}}, "FFC_sans_bias119": {"write": {"device_start": 1585661948.738835, "host_queued_start": 1585662016.021708, "device_queued": 1585661948.637943, "device_end": 1585661948.7389462, "host_queued_end": 1585662016.120019}, "device": "gpu", "nd_range": {"device_start": 1585661948.7389545, "device_end": 1585661948.754803}, "cmdq": 3, "read": {"device_start": -1, "device_end": -1}}, "FFC_sans_bias118": {"write": {"device_start": 1585661948.735533, "host_queued_start": 1585662016.017303, "device_queued": 1585661948.6377895, "device_end": 1585661948.7356272, "host_queued_end": 1585662016.120019}, "device": "gpu", "nd_range": {"device_start": 1585661948.7356381, "device_end": 1585661948.7515893}, "cmdq": 2, "read": {"device_start": -1, "device_end": -1}}, "empty143": {"write": {"device_start": 1585661948.6272132, "host_queued_start": 1585662015.880684, "device_queued": 1585661948.6268847, "device_end": 1585661948.6275449, "host_queued_end": 1585662016.120019}, "device": "gpu", "nd_range": {"device_start": 1585661948.627554, "device_end": 1585661948.6275578}, "cmdq": 4, "read": {"device_start": -1, "device_end": -1}}, "FFC_sans_bias115": {"write": {"device_start": 1585661948.897237, "host_queued_start": 1585662016.110107, "device_queued": 1585661948.6709847, "device_end": 1585661948.8973343, "host_queued_end": 1585662016.120019}, "device": "gpu", "nd_range": {"device_start": 1585661948.8973408, "device_end": 1585661948.912972}, "cmdq": 1, "read": {"device_start": 1585661948.9129755, "device_end": 1585661948.9130936}}, "FFC_sans_bias114": {"write": {"device_start": -1, "host_queued_start": 1585662016.069171, "device_queued": -1, "device_end": -1, "host_queued_end": 1585662016.120019}, "device": "gpu", "nd_range": {"device_start": 1585661948.8479514, "device_end": 1585661948.8641884}, "cmdq": 1, "read": {"device_start": -1, "device_end": -1}}, "FFC_sans_bias117": {"write": {"device_start": 1585661948.7322884, "host_queued_start": 1585662016.013192, "device_queued": 1585661948.6376095, "device_end": 1585661948.7323842, "host_queued_end": 1585662016.120019}, "device": "gpu", "nd_range": {"device_start": 1585661948.7323937, "device_end": 1585661948.7483258}, "cmdq": 1, "read": {"device_start": -1, "device_end": -1}}, "softmax5": {"write": {"device_start": -1, "host_queued_start": 1585662016.138778, "device_queued": -1, "device_end": -1, "host_queued_end": 1585662016.14348}, "device": "cpu", "nd_range": {"device_start": 2329790.482130132, "device_end": 2329790.482547205}, "cmdq": 0, "read": {"device_start": -1, "device_end": -1}}, "FFC_sans_bias110": {"write": {"device_start": 1585661948.729015, "host_queued_start": 1585662016.009184, "device_queued": 1585661948.6373575, "device_end": 1585661948.729112, "host_queued_end": 1585662016.120019}, "device": "gpu", "nd_range": {"device_start": 1585661948.7291157, "device_end": 1585661948.745058}, "cmdq": 0, "read": {"device_start": -1, "device_end": -1}}, "FFC_sans_bias112": {"write": {"device_start": -1, "host_queued_start": 1585662016.052847, "device_queued": -1, "device_end": -1, "host_queued_end": 1585662016.120019}, "device": "gpu", "nd_range": {"device_start": 1585661948.7940698, "device_end": 1585661948.807155}, "cmdq": 1, "read": {"device_start": -1, "device_end": -1}}, "empty53": {"write": {"device_start": 1585661948.62393, "host_queued_start": 1585662015.852822, "device_queued": 1585661948.623589, "device_end": 1585661948.6241896, "host_queued_end": 1585662016.120019}, "device": "gpu", "nd_range": {"device_start": 1585661948.6241922, "device_end": 1585661948.6241968}, "cmdq": 4, "read": {"device_start": -1, "device_end": -1}}, "coalesced_transpose48": {"write": {"device_start": -1, "host_queued_start": 1585662016.04543, "device_queued": -1, "device_end": -1, "host_queued_end": 1585662016.120019}, "device": "gpu", "nd_range": {"device_start": 1585661948.7743776, "device_end": 1585661948.774405}, "cmdq": 4, "read": {"device_start": -1, "device_end": -1}}}