{"FFC_sans_bias4": {"write": {"device_start": -1, "host_queued_start": 1585661464.676361, "device_queued": -1, "device_end": -1, "host_queued_end": 1585661464.720203}, "device": "cpu", "nd_range": {"device_start": 2329239.979263044, "device_end": 2329240.0249509714}, "cmdq": 0, "read": {"device_start": -1, "device_end": -1}}, "FFC_sans_bias7": {"write": {"device_start": -1, "host_queued_start": 1585661464.696102, "device_queued": -1, "device_end": -1, "host_queued_end": 1585661464.720203}, "device": "cpu", "nd_range": {"device_start": 2329240.7620430193, "device_end": 2329240.803934215}, "cmdq": 0, "read": {"device_start": -1, "device_end": -1}}, "FFC_sans_bias6": {"write": {"device_start": -1, "host_queued_start": 1585661464.687616, "device_queued": -1, "device_end": -1, "host_queued_end": 1585661464.720203}, "device": "cpu", "nd_range": {"device_start": 2329240.379916137, "device_end": 2329240.422320079}, "cmdq": 0, "read": {"device_start": -1, "device_end": -1}}, "FFC_sans_bias1": {"write": {"device_start": -1, "host_queued_start": 1585661464.588198, "device_queued": -1, "device_end": -1, "host_queued_end": 1585661464.720203}, "device": "cpu", "nd_range": {"device_start": 2329238.9512331174, "device_end": 2329238.9856520114}, "cmdq": 0, "read": {"device_start": -1, "device_end": -1}}, "FFC_sans_bias0": {"write": {"device_start": -1, "host_queued_start": 1585661464.584632, "device_queued": -1, "device_end": -1, "host_queued_end": 1585661464.720203}, "device": "cpu", "nd_range": {"device_start": 2329238.9099231353, "device_end": 2329238.951216271}, "cmdq": 0, "read": {"device_start": -1, "device_end": -1}}, "FFC_sans_bias2": {"write": {"device_start": -1, "host_queued_start": 1585661464.591718, "device_queued": -1, "device_end": -1, "host_queued_end": 1585661464.720203}, "device": "cpu", "nd_range": {"device_start": 2329238.9856668822, "device_end": 2329239.0208611432}, "cmdq": 0, "read": {"device_start": -1, "device_end": -1}}, "coalesced_transpose120": {"write": {"device_start": -1, "host_queued_start": 1585661464.52375, "device_queued": -1, "device_end": -1, "host_queued_end": 1585661464.554077}, "device": "gpu", "nd_range": {"device_start": 1585661397.1417775, "device_end": 1585661397.1418476}, "cmdq": 0, "read": {"device_start": -1, "device_end": -1}}, "FFC_sans_bias9": {"write": {"device_start": -1, "host_queued_start": 1585661464.59521, "device_queued": -1, "device_end": -1, "host_queued_end": 1585661464.720203}, "device": "cpu", "nd_range": {"device_start": 2329239.020881692, "device_end": 2329239.057158931}, "cmdq": 0, "read": {"device_start": -1, "device_end": -1}}, "empty71": {"write": {"device_start": -1, "host_queued_start": 1585661464.5789, "device_queued": -1, "device_end": -1, "host_queued_end": 1585661464.720203}, "device": "cpu", "nd_range": {"device_start": 2329238.90990959, "device_end": 2329238.909910439}, "cmdq": 0, "read": {"device_start": -1, "device_end": -1}}, "softmax41": {"write": {"device_start": -1, "host_queued_start": 1585661464.684584, "device_queued": -1, "device_end": -1, "host_queued_end": 1585661464.720203}, "device": "cpu", "nd_range": {"device_start": 2329240.37811326, "device_end": 2329240.378492879}, "cmdq": 0, "read": {"device_start": -1, "device_end": -1}}, "FFC_sans_bias37": {"write": {"device_start": -1, "host_queued_start": 1585661464.629516, "device_queued": -1, "device_end": -1, "host_queued_end": 1585661464.720203}, "device": "cpu", "nd_range": {"device_start": 2329239.384981987, "device_end": 2329239.431420736}, "cmdq": 0, "read": {"device_start": -1, "device_end": -1}}, "FFC_sans_bias36": {"write": {"device_start": -1, "host_queued_start": 1585661464.626412, "device_queued": -1, "device_end": -1, "host_queued_end": 1585661464.720203}, "device": "cpu", "nd_range": {"device_start": 2329239.351040206, "device_end": 2329239.384964139}, "cmdq": 0, "read": {"device_start": -1, "device_end": -1}}, "FFC_sans_bias34": {"write": {"device_start": -1, "host_queued_start": 1585661464.705237, "device_queued": -1, "device_end": -1, "host_queued_end": 1585661464.720203}, "device": "cpu", "nd_range": {"device_start": 2329240.8867409714, "device_end": 2329240.930676057}, "cmdq": 0, "read": {"device_start": -1, "device_end": -1}}, "FFC_sans_bias33": {"write": {"device_start": -1, "host_queued_start": 1585661464.68948, "device_queued": -1, "device_end": -1, "host_queued_end": 1585661464.720203}, "device": "cpu", "nd_range": {"device_start": 2329240.5102488813, "device_end": 2329240.552099017}, "cmdq": 0, "read": {"device_start": -1, "device_end": -1}}, "FFC_sans_bias31": {"write": {"device_start": -1, "host_queued_start": 1585661464.678424, "device_queued": -1, "device_end": -1, "host_queued_end": 1585661464.720203}, "device": "cpu", "nd_range": {"device_start": 2329240.107568546, "device_end": 2329240.14972541}, "cmdq": 0, "read": {"device_start": -1, "device_end": -1}}, "FFC_sans_bias38": {"write": {"device_start": -1, "host_queued_start": 1585661464.632621, "device_queued": -1, "device_end": -1, "host_queued_end": 1585661464.720203}, "device": "cpu", "nd_range": {"device_start": 2329239.431441892, "device_end": 2329239.474385276}, "cmdq": 0, "read": {"device_start": -1, "device_end": -1}}, "coalesced_transpose75": {"write": {"device_start": -1, "host_queued_start": 1585661464.675767, "device_queued": -1, "device_end": -1, "host_queued_end": 1585661464.720203}, "device": "cpu", "nd_range": {"device_start": 2329239.978754438, "device_end": 2329239.979145178}, "cmdq": 0, "read": {"device_start": -1, "device_end": -1}}, "softmax140": {"write": {"device_start": -1, "host_queued_start": 1585661464.528499, "device_queued": -1, "device_end": -1, "host_queued_end": 1585661464.554077}, "device": "gpu", "nd_range": {"device_start": 1585661397.166229, "device_end": 1585661397.1669612}, "cmdq": 0, "read": {"device_start": -1, "device_end": -1}}, "empty44": {"write": {"device_start": -1, "host_queued_start": 1585661464.570668, "device_queued": -1, "device_end": -1, "host_queued_end": 1585661464.720203}, "device": "cpu", "nd_range": {"device_start": 2329238.909892754, "device_end": 2329238.909893378}, "cmdq": 0, "read": {"device_start": -1, "device_end": -1}}, "FFC_sans_bias137": {"write": {"device_start": 1585661397.1260755, "host_queued_start": 1585661464.518836, "device_queued": 1585661397.0783381, "device_end": 1585661397.126177, "host_queued_end": 1585661464.554077}, "device": "gpu", "nd_range": {"device_start": 1585661397.126181, "device_end": 1585661397.1387184}, "cmdq": 2, "read": {"device_start": -1, "device_end": -1}}, "empty8": {"write": {"device_start": -1, "host_queued_start": 1585661464.558779, "device_queued": -1, "device_end": -1, "host_queued_end": 1585661464.720203}, "device": "cpu", "nd_range": {"device_start": 2329238.909837721, "device_end": 2329238.909852106}, "cmdq": 0, "read": {"device_start": -1, "device_end": -1}}, "softmax50": {"write": {"device_start": -1, "host_queued_start": 1585661464.685149, "device_queued": -1, "device_end": -1, "host_queued_end": 1585661464.720203}, "device": "cpu", "nd_range": {"device_start": 2329240.3785022753, "device_end": 2329240.3788537662}, "cmdq": 0, "read": {"device_start": -1, "device_end": -1}}, "softmax59": {"write": {"device_start": -1, "host_queued_start": 1585661464.685669, "device_queued": -1, "device_end": -1, "host_queued_end": 1585661464.720203}, "device": "cpu", "nd_range": {"device_start": 2329240.3788602403, "device_end": 2329240.379218557}, "cmdq": 0, "read": {"device_start": -1, "device_end": -1}}, "FFC_sans_bias142": {"write": {"device_start": 1585661397.2030253, "host_queued_start": 1585661464.553962, "device_queued": 1585661397.0840516, "device_end": 1585661397.2031207, "host_queued_end": 1585661464.554077}, "device": "gpu", "nd_range": {"device_start": 1585661397.203134, "device_end": 1585661397.2118897}, "cmdq": 2, "read": {"device_start": 1585661397.211899, "device_end": 1585661397.2119925}}, "FFC_sans_bias141": {"write": {"device_start": -1, "host_queued_start": 1585661464.530761, "device_queued": -1, "device_end": -1, "host_queued_end": 1585661464.554077}, "device": "gpu", "nd_range": {"device_start": 1585661397.1729467, "device_end": 1585661397.1859562}, "cmdq": 3, "read": {"device_start": -1, "device_end": -1}}, "FFC_sans_bias24": {"write": {"device_start": -1, "host_queued_start": 1585661464.688854, "device_queued": -1, "device_end": -1, "host_queued_end": 1585661464.720203}, "device": "cpu", "nd_range": {"device_start": 2329240.464427647, "device_end": 2329240.510227978}, "cmdq": 0, "read": {"device_start": -1, "device_end": -1}}, "FFC_sans_bias25": {"write": {"device_start": -1, "host_queued_start": 1585661464.702181, "device_queued": -1, "device_end": -1, "host_queued_end": 1585661464.720203}, "device": "cpu", "nd_range": {"device_start": 2329240.8452287703, "device_end": 2329240.8867336363}, "cmdq": 0, "read": {"device_start": -1, "device_end": -1}}, "FFC_sans_bias27": {"write": {"device_start": -1, "host_queued_start": 1585661464.616304, "device_queued": -1, "device_end": -1, "host_queued_end": 1585661464.720203}, "device": "cpu", "nd_range": {"device_start": 2329239.242614821, "device_end": 2329239.27878386}, "cmdq": 0, "read": {"device_start": -1, "device_end": -1}}, "FFC_sans_bias20": {"write": {"device_start": -1, "host_queued_start": 1585661464.612825, "device_queued": -1, "device_end": -1, "host_queued_end": 1585661464.720203}, "device": "cpu", "nd_range": {"device_start": 2329239.1966817863, "device_end": 2329239.242592276}, "cmdq": 0, "read": {"device_start": -1, "device_end": -1}}, "FFC_sans_bias22": {"write": {"device_start": -1, "host_queued_start": 1585661464.677831, "device_queued": -1, "device_end": -1, "host_queued_end": 1585661464.720203}, "device": "cpu", "nd_range": {"device_start": 2329240.066107574, "device_end": 2329240.10754531}, "cmdq": 0, "read": {"device_start": -1, "device_end": -1}}, "FFC_sans_bias130": {"write": {"device_start": -1, "host_queued_start": 1585661464.526356, "device_queued": -1, "device_end": -1, "host_queued_end": 1585661464.554077}, "device": "gpu", "nd_range": {"device_start": 1585661397.14537, "device_end": 1585661397.1584332}, "cmdq": 0, "read": {"device_start": -1, "device_end": -1}}, "FFC_sans_bias28": {"write": {"device_start": -1, "host_queued_start": 1585661464.619625, "device_queued": -1, "device_end": -1, "host_queued_end": 1585661464.720203}, "device": "cpu", "nd_range": {"device_start": 2329239.278807869, "device_end": 2329239.312825412}, "cmdq": 0, "read": {"device_start": -1, "device_end": -1}}, "FFC_sans_bias29": {"write": {"device_start": -1, "host_queued_start": 1585661464.623026, "device_queued": -1, "device_end": -1, "host_queued_end": 1585661464.720203}, "device": "cpu", "nd_range": {"device_start": 2329239.31302158, "device_end": 2329239.351021157}, "cmdq": 0, "read": {"device_start": -1, "device_end": -1}}, "coalesced_transpose66": {"write": {"device_start": -1, "host_queued_start": 1585661464.675192, "device_queued": -1, "device_end": -1, "host_queued_end": 1585661464.720203}, "device": "cpu", "nd_range": {"device_start": 2329239.97817432, "device_end": 2329239.9786348334}, "cmdq": 0, "read": {"device_start": -1, "device_end": -1}}, "coalesced_transpose93": {"write": {"device_start": -1, "host_queued_start": 1585661464.522823, "device_queued": -1, "device_end": -1, "host_queued_end": 1585661464.554077}, "device": "gpu", "nd_range": {"device_start": 1585661397.1354904, "device_end": 1585661397.1418097}, "cmdq": 1, "read": {"device_start": -1, "device_end": -1}}, "softmax23": {"write": {"device_start": -1, "host_queued_start": 1585661464.683507, "device_queued": -1, "device_end": -1, "host_queued_end": 1585661464.720203}, "device": "cpu", "nd_range": {"device_start": 2329240.3773363912, "device_end": 2329240.3777001994}, "cmdq": 0, "read": {"device_start": -1, "device_end": -1}}, "empty62": {"write": {"device_start": -1, "host_queued_start": 1585661464.576178, "device_queued": -1, "device_end": -1, "host_queued_end": 1585661464.720203}, "device": "cpu", "nd_range": {"device_start": 2329238.909902836, "device_end": 2329238.909903507}, "cmdq": 0, "read": {"device_start": -1, "device_end": -1}}, "FFC_sans_bias10": {"write": {"device_start": -1, "host_queued_start": 1585661464.598704, "device_queued": -1, "device_end": -1, "host_queued_end": 1585661464.720203}, "device": "cpu", "nd_range": {"device_start": 2329239.05717012, "device_end": 2329239.091474121}, "cmdq": 0, "read": {"device_start": -1, "device_end": -1}}, "FFC_sans_bias13": {"write": {"device_start": -1, "host_queued_start": 1585661464.677183, "device_queued": -1, "device_end": -1, "host_queued_end": 1585661464.720203}, "device": "cpu", "nd_range": {"device_start": 2329240.02497316, "device_end": 2329240.066091997}, "cmdq": 0, "read": {"device_start": -1, "device_end": -1}}, "FFC_sans_bias15": {"write": {"device_start": -1, "host_queued_start": 1585661464.68826, "device_queued": -1, "device_end": -1, "host_queued_end": 1585661464.720203}, "device": "cpu", "nd_range": {"device_start": 2329240.422337051, "device_end": 2329240.464387555}, "cmdq": 0, "read": {"device_start": -1, "device_end": -1}}, "FFC_sans_bias16": {"write": {"device_start": -1, "host_queued_start": 1585661464.699163, "device_queued": -1, "device_end": -1, "host_queued_end": 1585661464.720203}, "device": "cpu", "nd_range": {"device_start": 2329240.8039406734, "device_end": 2329240.8452175343}, "cmdq": 0, "read": {"device_start": -1, "device_end": -1}}, "FFC_sans_bias19": {"write": {"device_start": -1, "host_queued_start": 1585661464.609337, "device_queued": -1, "device_end": -1, "host_queued_end": 1585661464.720203}, "device": "cpu", "nd_range": {"device_start": 2329239.159125422, "device_end": 2329239.196647211}, "cmdq": 0, "read": {"device_start": -1, "device_end": -1}}, "FFC_sans_bias18": {"write": {"device_start": -1, "host_queued_start": 1585661464.60585, "device_queued": -1, "device_end": -1, "host_queued_end": 1585661464.720203}, "device": "cpu", "nd_range": {"device_start": 2329239.124818709, "device_end": 2329239.1591056203}, "cmdq": 0, "read": {"device_start": -1, "device_end": -1}}, "FFC_sans_bias99": {"write": {"device_start": 1585661397.083756, "host_queued_start": 1585661464.47559, "device_queued": 1585661397.075164, "device_end": 1585661397.08386, "host_queued_end": 1585661464.554077}, "device": "gpu", "nd_range": {"device_start": 1585661397.083866, "device_end": 1585661397.0963702}, "cmdq": 1, "read": {"device_start": -1, "device_end": -1}}, "FFC_sans_bias91": {"write": {"device_start": 1585661397.0770984, "host_queued_start": 1585661464.468938, "device_queued": 1585661397.0741665, "device_end": 1585661397.0771964, "host_queued_end": 1585661464.554077}, "device": "gpu", "nd_range": {"device_start": 1585661397.0771992, "device_end": 1585661397.089878}, "cmdq": 3, "read": {"device_start": -1, "device_end": -1}}, "FFC_sans_bias90": {"write": {"device_start": 1585661397.0745533, "host_queued_start": 1585661464.465657, "device_queued": 1585661397.0740173, "device_end": 1585661397.0746574, "host_queued_end": 1585661464.554077}, "device": "gpu", "nd_range": {"device_start": 1585661397.074676, "device_end": 1585661397.0865567}, "cmdq": 2, "read": {"device_start": -1, "device_end": -1}}, "coalesced_transpose12": {"write": {"device_start": -1, "host_queued_start": 1585661464.671523, "device_queued": -1, "device_end": -1, "host_queued_end": 1585661464.720203}, "device": "cpu", "nd_range": {"device_start": 2329239.974725822, "device_end": 2329239.975124279}, "cmdq": 0, "read": {"device_start": -1, "device_end": -1}}, "FFC_sans_bias94": {"write": {"device_start": -1, "host_queued_start": 1585661464.525065, "device_queued": -1, "device_end": -1, "host_queued_end": 1585661464.554077}, "device": "gpu", "nd_range": {"device_start": 1585661397.141988, "device_end": 1585661397.1453571}, "cmdq": 0, "read": {"device_start": -1, "device_end": -1}}, "FFC_sans_bias97": {"write": {"device_start": 1585661397.1830401, "host_queued_start": 1585661464.537341, "device_queued": 1585661397.0826702, "device_end": 1585661397.1831412, "host_queued_end": 1585661464.554077}, "device": "gpu", "nd_range": {"device_start": 1585661397.1831615, "device_end": 1585661397.195701}, "cmdq": 1, "read": {"device_start": 1585661397.1957035, "device_end": 1585661397.195798}}, "FFC_sans_bias96": {"write": {"device_start": -1, "host_queued_start": 1585661464.529136, "device_queued": -1, "device_end": -1, "host_queued_end": 1585661464.554077}, "device": "gpu", "nd_range": {"device_start": 1585661397.1669376, "device_end": 1585661397.176206}, "cmdq": 2, "read": {"device_start": -1, "device_end": -1}}, "FFC_sans_bias124": {"write": {"device_start": 1585661397.19328, "host_queued_start": 1585661464.547287, "device_queued": 1585661397.0835907, "device_end": 1585661397.1933854, "host_queued_end": 1585661464.554077}, "device": "gpu", "nd_range": {"device_start": 1585661397.1933992, "device_end": 1585661397.2054234}, "cmdq": 0, "read": {"device_start": 1585661397.205427, "device_end": 1585661397.2055163}}, "FFC_sans_bias126": {"write": {"device_start": 1585661397.1163383, "host_queued_start": 1585661464.50876, "device_queued": 1585661397.0774877, "device_end": 1585661397.116439, "host_queued_end": 1585661464.554077}, "device": "gpu", "nd_range": {"device_start": 1585661397.1164455, "device_end": 1585661397.1289754}, "cmdq": 3, "read": {"device_start": -1, "device_end": -1}}, "softmax32": {"write": {"device_start": -1, "host_queued_start": 1585661464.684035, "device_queued": -1, "device_end": -1, "host_queued_end": 1585661464.720203}, "device": "cpu", "nd_range": {"device_start": 2329240.3777067102, "device_end": 2329240.378076564}, "cmdq": 0, "read": {"device_start": -1, "device_end": -1}}, "coalesced_transpose84": {"write": {"device_start": -1, "host_queued_start": 1585661464.522501, "device_queued": -1, "device_end": -1, "host_queued_end": 1585661464.554077}, "device": "gpu", "nd_range": {"device_start": 1585661397.1322207, "device_end": 1585661397.1417766}, "cmdq": 0, "read": {"device_start": -1, "device_end": -1}}, "FFC_sans_bias121": {"write": {"device_start": -1, "host_queued_start": 1585661464.526034, "device_queued": -1, "device_end": -1, "host_queued_end": 1585661464.554077}, "device": "gpu", "nd_range": {"device_start": 1585661397.1519482, "device_end": 1585661397.16487}, "cmdq": 3, "read": {"device_start": -1, "device_end": -1}}, "empty98": {"write": {"device_start": 1585661397.0714533, "host_queued_start": 1585661464.439282, "device_queued": 1585661397.0711176, "device_end": 1585661397.0716875, "host_queued_end": 1585661464.554077}, "device": "gpu", "nd_range": {"device_start": 1585661397.071752, "device_end": 1585661397.0717645}, "cmdq": 1, "read": {"device_start": -1, "device_end": -1}}, "empty107": {"write": {"device_start": 1585661397.0717828, "host_queued_start": 1585661464.442206, "device_queued": 1585661397.0713556, "device_end": 1585661397.072073, "host_queued_end": 1585661464.554077}, "device": "gpu", "nd_range": {"device_start": 1585661397.072077, "device_end": 1585661397.072084}, "cmdq": 2, "read": {"device_start": -1, "device_end": -1}}, "empty17": {"write": {"device_start": -1, "host_queued_start": 1585661464.561781, "device_queued": -1, "device_end": -1, "host_queued_end": 1585661464.720203}, "device": "cpu", "nd_range": {"device_start": 2329238.909875416, "device_end": 2329238.909876815}, "cmdq": 0, "read": {"device_start": -1, "device_end": -1}}, "FFC_sans_bias87": {"write": {"device_start": -1, "host_queued_start": 1585661464.528815, "device_queued": -1, "device_end": -1, "host_queued_end": 1585661464.554077}, "device": "gpu", "nd_range": {"device_start": 1585661397.166242, "device_end": 1585661397.1696332}, "cmdq": 1, "read": {"device_start": -1, "device_end": -1}}, "FFC_sans_bias85": {"write": {"device_start": -1, "host_queued_start": 1585661464.524741, "device_queued": -1, "device_end": -1, "host_queued_end": 1585661464.554077}, "device": "gpu", "nd_range": {"device_start": 1585661397.1420233, "device_end": 1585661397.1519296}, "cmdq": 3, "read": {"device_start": -1, "device_end": -1}}, "FFC_sans_bias82": {"write": {"device_start": 1585661397.0737457, "host_queued_start": 1585661464.45897, "device_queued": 1585661397.073495, "device_end": 1585661397.0738626, "host_queued_end": 1585661464.554077}, "device": "gpu", "nd_range": {"device_start": 1585661397.0738647, "device_end": 1585661397.0801308}, "cmdq": 0, "read": {"device_start": -1, "device_end": -1}}, "FFC_sans_bias83": {"write": {"device_start": 1585661397.074168, "host_queued_start": 1585661464.462298, "device_queued": 1585661397.0738735, "device_end": 1585661397.0744689, "host_queued_end": 1585661464.554077}, "device": "gpu", "nd_range": {"device_start": 1585661397.074492, "device_end": 1585661397.0833836}, "cmdq": 1, "read": {"device_start": -1, "device_end": -1}}, "FFC_sans_bias81": {"write": {"device_start": 1585661397.0733335, "host_queued_start": 1585661464.455617, "device_queued": 1585661397.0729847, "device_end": 1585661397.0734305, "host_queued_end": 1585661464.554077}, "device": "gpu", "nd_range": {"device_start": 1585661397.0734391, "device_end": 1585661397.076805}, "cmdq": 3, "read": {"device_start": -1, "device_end": -1}}, "FFC_sans_bias88": {"write": {"device_start": 1585661397.1797945, "host_queued_start": 1585661464.534013, "device_queued": 1585661397.082418, "device_end": 1585661397.179901, "host_queued_end": 1585661464.554077}, "device": "gpu", "nd_range": {"device_start": 1585661397.1799223, "device_end": 1585661397.1924682}, "cmdq": 0, "read": {"device_start": 1585661397.192474, "device_end": 1585661397.1925828}}, "coalesced_transpose30": {"write": {"device_start": -1, "host_queued_start": 1585661464.672685, "device_queued": -1, "device_end": -1, "host_queued_end": 1585661464.720203}, "device": "cpu", "nd_range": {"device_start": 2329239.975801207, "device_end": 2329239.976337492}, "cmdq": 0, "read": {"device_start": -1, "device_end": -1}}, "FFC_sans_bias128": {"write": {"device_start": 1585661397.1130931, "host_queued_start": 1585661464.50544, "device_queued": 1585661397.07736, "device_end": 1585661397.1131942, "host_queued_end": 1585661464.554077}, "device": "gpu", "nd_range": {"device_start": 1585661397.1132123, "device_end": 1585661397.125695}, "cmdq": 2, "read": {"device_start": -1, "device_end": -1}}, "coalesced_transpose39": {"write": {"device_start": -1, "host_queued_start": 1585661464.673311, "device_queued": -1, "device_end": -1, "host_queued_end": 1585661464.720203}, "device": "cpu", "nd_range": {"device_start": 2329239.976468209, "device_end": 2329239.9768634164}, "cmdq": 0, "read": {"device_start": -1, "device_end": -1}}, "FFC_sans_bias79": {"write": {"device_start": -1, "host_queued_start": 1585661464.720145, "device_queued": -1, "device_end": -1, "host_queued_end": 1585661464.720203}, "device": "cpu", "nd_range": {"device_start": 2329241.0976701872, "device_end": 2329241.1408309233}, "cmdq": 0, "read": {"device_start": -1, "device_end": -1}}, "FFC_sans_bias78": {"write": {"device_start": -1, "host_queued_start": 1585661464.692633, "device_queued": -1, "device_end": -1, "host_queued_end": 1585661464.720203}, "device": "cpu", "nd_range": {"device_start": 2329240.7205914822, "device_end": 2329240.762017704}, "cmdq": 0, "read": {"device_start": -1, "device_end": -1}}, "FFC_sans_bias73": {"write": {"device_start": -1, "host_queued_start": 1585661464.66716, "device_queued": -1, "device_end": -1, "host_queued_end": 1585661464.720203}, "device": "cpu", "nd_range": {"device_start": 2329239.890761155, "device_end": 2329239.932324545}, "cmdq": 0, "read": {"device_start": -1, "device_end": -1}}, "FFC_sans_bias72": {"write": {"device_start": -1, "host_queued_start": 1585661464.663666, "device_queued": -1, "device_end": -1, "host_queued_end": 1585661464.720203}, "device": "cpu", "nd_range": {"device_start": 2329239.848948407, "device_end": 2329239.8907384593}, "cmdq": 0, "read": {"device_start": -1, "device_end": -1}}, "FFC_sans_bias70": {"write": {"device_start": -1, "host_queued_start": 1585661464.717151, "device_queued": -1, "device_end": -1, "host_queued_end": 1585661464.720203}, "device": "cpu", "nd_range": {"device_start": 2329241.056237312, "device_end": 2329241.097661936}, "cmdq": 0, "read": {"device_start": -1, "device_end": -1}}, "FFC_sans_bias76": {"write": {"device_start": -1, "host_queued_start": 1585661464.681774, "device_queued": -1, "device_end": -1, "host_queued_end": 1585661464.720203}, "device": "cpu", "nd_range": {"device_start": 2329240.334712972, "device_end": 2329240.376538733}, "cmdq": 0, "read": {"device_start": -1, "device_end": -1}}, "FFC_sans_bias74": {"write": {"device_start": -1, "host_queued_start": 1585661464.670552, "device_queued": -1, "device_end": -1, "host_queued_end": 1585661464.720203}, "device": "cpu", "nd_range": {"device_start": 2329239.932343269, "device_end": 2329239.9740761463}, "cmdq": 0, "read": {"device_start": -1, "device_end": -1}}, "coalesced_transpose102": {"write": {"device_start": -1, "host_queued_start": 1585661464.523132, "device_queued": -1, "device_end": -1, "host_queued_end": 1585661464.554077}, "device": "gpu", "nd_range": {"device_start": 1585661397.1387198, "device_end": 1585661397.1418254}, "cmdq": 2, "read": {"device_start": -1, "device_end": -1}}, "coalesced_transpose3": {"write": {"device_start": -1, "host_queued_start": 1585661464.670935, "device_queued": -1, "device_end": -1, "host_queued_end": 1585661464.720203}, "device": "cpu", "nd_range": {"device_start": 2329239.9740963513, "device_end": 2329239.974547331}, "cmdq": 0, "read": {"device_start": -1, "device_end": -1}}, "FFC_sans_bias127": {"write": {"device_start": 1585661397.1195438, "host_queued_start": 1585661464.512071, "device_queued": 1585661397.077945, "device_end": 1585661397.1196454, "host_queued_end": 1585661464.554077}, "device": "gpu", "nd_range": {"device_start": 1585661397.11965, "device_end": 1585661397.132219}, "cmdq": 0, "read": {"device_start": -1, "device_end": -1}}, "empty89": {"write": {"device_start": 1585661397.0710988, "host_queued_start": 1585661464.435942, "device_queued": 1585661397.0707722, "device_end": 1585661397.071278, "host_queued_end": 1585661464.554077}, "device": "gpu", "nd_range": {"device_start": 1585661397.0712867, "device_end": 1585661397.0712914}, "cmdq": 0, "read": {"device_start": -1, "device_end": -1}}, "FFC_sans_bias123": {"write": {"device_start": -1, "host_queued_start": 1585661464.530111, "device_queued": -1, "device_end": -1, "host_queued_end": 1585661464.554077}, "device": "gpu", "nd_range": {"device_start": 1585661397.1696444, "device_end": 1585661397.1826656}, "cmdq": 1, "read": {"device_start": -1, "device_end": -1}}, "empty80": {"write": {"device_start": -1, "host_queued_start": 1585661464.581605, "device_queued": -1, "device_end": -1, "host_queued_end": 1585661464.720203}, "device": "cpu", "nd_range": {"device_start": 2329238.909916554, "device_end": 2329238.909917429}, "cmdq": 0, "read": {"device_start": -1, "device_end": -1}}, "empty116": {"write": {"device_start": 1585661397.0721092, "host_queued_start": 1585661464.444917, "device_queued": 1585661397.0717094, "device_end": 1585661397.0723825, "host_queued_end": 1585661464.554077}, "device": "gpu", "nd_range": {"device_start": 1585661397.0723855, "device_end": 1585661397.0723927}, "cmdq": 3, "read": {"device_start": -1, "device_end": -1}}, "softmax104": {"write": {"device_start": -1, "host_queued_start": 1585661464.527469, "device_queued": -1, "device_end": -1, "host_queued_end": 1585661464.554077}, "device": "gpu", "nd_range": {"device_start": 1585661397.1584454, "device_end": 1585661397.1662173}, "cmdq": 0, "read": {"device_start": -1, "device_end": -1}}, "coalesced_transpose21": {"write": {"device_start": -1, "host_queued_start": 1585661464.672106, "device_queued": -1, "device_end": -1, "host_queued_end": 1585661464.720203}, "device": "cpu", "nd_range": {"device_start": 2329239.9752653423, "device_end": 2329239.9756680583}, "cmdq": 0, "read": {"device_start": -1, "device_end": -1}}, "softmax14": {"write": {"device_start": -1, "host_queued_start": 1585661464.68284, "device_queued": -1, "device_end": -1, "host_queued_end": 1585661464.720203}, "device": "cpu", "nd_range": {"device_start": 2329240.376972182, "device_end": 2329240.377328821}, "cmdq": 0, "read": {"device_start": -1, "device_end": -1}}, "FFC_sans_bias69": {"write": {"device_start": -1, "host_queued_start": 1585661464.691992, "device_queued": -1, "device_end": -1, "host_queued_end": 1585661464.720203}, "device": "cpu", "nd_range": {"device_start": 2329240.6785471253, "device_end": 2329240.720572499}, "cmdq": 0, "read": {"device_start": -1, "device_end": -1}}, "FFC_sans_bias92": {"write": {"device_start": 1585661397.0805254, "host_queued_start": 1585661464.472273, "device_queued": 1585661397.0749114, "device_end": 1585661397.0806353, "host_queued_end": 1585661464.554077}, "device": "gpu", "nd_range": {"device_start": 1585661397.0806384, "device_end": 1585661397.0931041}, "cmdq": 0, "read": {"device_start": -1, "device_end": -1}}, "FFC_sans_bias60": {"write": {"device_start": -1, "host_queued_start": 1585661464.69139, "device_queued": -1, "device_end": -1, "host_queued_end": 1585661464.720203}, "device": "cpu", "nd_range": {"device_start": 2329240.636585881, "device_end": 2329240.678522277}, "cmdq": 0, "read": {"device_start": -1, "device_end": -1}}, "FFC_sans_bias61": {"write": {"device_start": -1, "host_queued_start": 1585661464.714171, "device_queued": -1, "device_end": -1, "host_queued_end": 1585661464.720203}, "device": "cpu", "nd_range": {"device_start": 2329241.014734378, "device_end": 2329241.056225871}, "cmdq": 0, "read": {"device_start": -1, "device_end": -1}}, "FFC_sans_bias63": {"write": {"device_start": -1, "host_queued_start": 1585661464.660451, "device_queued": -1, "device_end": -1, "host_queued_end": 1585661464.720203}, "device": "cpu", "nd_range": {"device_start": 2329239.807247629, "device_end": 2329239.848929176}, "cmdq": 0, "read": {"device_start": -1, "device_end": -1}}, "FFC_sans_bias64": {"write": {"device_start": -1, "host_queued_start": 1585661464.654317, "device_queued": -1, "device_end": -1, "host_queued_end": 1585661464.720203}, "device": "cpu", "nd_range": {"device_start": 2329239.724524342, "device_end": 2329239.76578198}, "cmdq": 0, "read": {"device_start": -1, "device_end": -1}}, "FFC_sans_bias65": {"write": {"device_start": -1, "host_queued_start": 1585661464.657388, "device_queued": -1, "device_end": -1, "host_queued_end": 1585661464.720203}, "device": "cpu", "nd_range": {"device_start": 2329239.765804241, "device_end": 2329239.8072279543}, "cmdq": 0, "read": {"device_start": -1, "device_end": -1}}, "FFC_sans_bias67": {"write": {"device_start": -1, "host_queued_start": 1585661464.681169, "device_queued": -1, "device_end": -1, "host_queued_end": 1585661464.720203}, "device": "cpu", "nd_range": {"device_start": 2329240.2930857562, "device_end": 2329240.3347001444}, "cmdq": 0, "read": {"device_start": -1, "device_end": -1}}, "coalesced_transpose111": {"write": {"device_start": -1, "host_queued_start": 1585661464.523442, "device_queued": -1, "device_end": -1, "host_queued_end": 1585661464.554077}, "device": "gpu", "nd_range": {"device_start": 1585661397.1419713, "device_end": 1585661397.1420097}, "cmdq": 3, "read": {"device_start": -1, "device_end": -1}}, "FFC_sans_bias136": {"write": {"device_start": 1585661397.1228328, "host_queued_start": 1585661464.51538, "device_queued": 1585661397.0782077, "device_end": 1585661397.1229367, "host_queued_end": 1585661464.554077}, "device": "gpu", "nd_range": {"device_start": 1585661397.1229525, "device_end": 1585661397.1354873}, "cmdq": 1, "read": {"device_start": -1, "device_end": -1}}, "FFC_sans_bias135": {"write": {"device_start": 1585661397.1293626, "host_queued_start": 1585661464.522149, "device_queued": 1585661397.078468, "device_end": 1585661397.1294637, "host_queued_end": 1585661464.554077}, "device": "gpu", "nd_range": {"device_start": 1585661397.1294684, "device_end": 1585661397.1419613}, "cmdq": 3, "read": {"device_start": -1, "device_end": -1}}, "FFC_sans_bias133": {"write": {"device_start": 1585661397.1964674, "host_queued_start": 1585661464.550612, "device_queued": 1585661397.0839045, "device_end": 1585661397.1965659, "host_queued_end": 1585661464.554077}, "device": "gpu", "nd_range": {"device_start": 1585661397.1965795, "device_end": 1585661397.2086663}, "cmdq": 1, "read": {"device_start": 1585661397.2086694, "device_end": 1585661397.2087555}}, "FFC_sans_bias132": {"write": {"device_start": -1, "host_queued_start": 1585661464.530434, "device_queued": -1, "device_end": -1, "host_queued_end": 1585661464.554077}, "device": "gpu", "nd_range": {"device_start": 1585661397.1762178, "device_end": 1585661397.1892257}, "cmdq": 2, "read": {"device_start": -1, "device_end": -1}}, "softmax68": {"write": {"device_start": -1, "host_queued_start": 1585661464.686212, "device_queued": -1, "device_end": -1, "host_queued_end": 1585661464.720203}, "device": "cpu", "nd_range": {"device_start": 2329240.379224569, "device_end": 2329240.37957448}, "cmdq": 0, "read": {"device_start": -1, "device_end": -1}}, "softmax131": {"write": {"device_start": -1, "host_queued_start": 1585661464.528232, "device_queued": -1, "device_end": -1, "host_queued_end": 1585661464.554077}, "device": "gpu", "nd_range": {"device_start": 1585661397.1653054, "device_end": 1585661397.165718}, "cmdq": 3, "read": {"device_start": -1, "device_end": -1}}, "empty125": {"write": {"device_start": 1585661397.0724227, "host_queued_start": 1585661464.44757, "device_queued": 1585661397.072096, "device_end": 1585661397.0726733, "host_queued_end": 1585661464.554077}, "device": "gpu", "nd_range": {"device_start": 1585661397.0726836, "device_end": 1585661397.0726871}, "cmdq": 0, "read": {"device_start": -1, "device_end": -1}}, "FFC_sans_bias139": {"write": {"device_start": -1, "host_queued_start": 1585661464.526694, "device_queued": -1, "device_end": -1, "host_queued_end": 1585661464.554077}, "device": "gpu", "nd_range": {"device_start": 1585661397.148704, "device_end": 1585661397.1616545}, "cmdq": 1, "read": {"device_start": -1, "device_end": -1}}, "empty35": {"write": {"device_start": -1, "host_queued_start": 1585661464.567896, "device_queued": -1, "device_end": -1, "host_queued_end": 1585661464.720203}, "device": "cpu", "nd_range": {"device_start": 2329238.909887465, "device_end": 2329238.9098880673}, "cmdq": 0, "read": {"device_start": -1, "device_end": -1}}, "softmax86": {"write": {"device_start": -1, "host_queued_start": 1585661464.526956, "device_queued": -1, "device_end": -1, "host_queued_end": 1585661464.554077}, "device": "gpu", "nd_range": {"device_start": 1585661397.155118, "device_end": 1585661397.1662014}, "cmdq": 2, "read": {"device_start": -1, "device_end": -1}}, "FFC_sans_bias55": {"write": {"device_start": -1, "host_queued_start": 1585661464.651171, "device_queued": -1, "device_end": -1, "host_queued_end": 1585661464.720203}, "device": "cpu", "nd_range": {"device_start": 2329239.682766395, "device_end": 2329239.724499553}, "cmdq": 0, "read": {"device_start": -1, "device_end": -1}}, "FFC_sans_bias54": {"write": {"device_start": -1, "host_queued_start": 1585661464.648079, "device_queued": -1, "device_end": -1, "host_queued_end": 1585661464.720203}, "device": "cpu", "nd_range": {"device_start": 2329239.6412661583, "device_end": 2329239.682754449}, "cmdq": 0, "read": {"device_start": -1, "device_end": -1}}, "FFC_sans_bias56": {"write": {"device_start": -1, "host_queued_start": 1585661464.644998, "device_queued": -1, "device_end": -1, "host_queued_end": 1585661464.720203}, "device": "cpu", "nd_range": {"device_start": 2329239.59987585, "device_end": 2329239.641241134}, "cmdq": 0, "read": {"device_start": -1, "device_end": -1}}, "FFC_sans_bias51": {"write": {"device_start": -1, "host_queued_start": 1585661464.690786, "device_queued": -1, "device_end": -1, "host_queued_end": 1585661464.720203}, "device": "cpu", "nd_range": {"device_start": 2329240.594660568, "device_end": 2329240.6365641262}, "cmdq": 0, "read": {"device_start": -1, "device_end": -1}}, "FFC_sans_bias52": {"write": {"device_start": -1, "host_queued_start": 1585661464.711187, "device_queued": -1, "device_end": -1, "host_queued_end": 1585661464.720203}, "device": "cpu", "nd_range": {"device_start": 2329240.972963332, "device_end": 2329241.0147232083}, "cmdq": 0, "read": {"device_start": -1, "device_end": -1}}, "FFC_sans_bias58": {"write": {"device_start": -1, "host_queued_start": 1585661464.680466, "device_queued": -1, "device_end": -1, "host_queued_end": 1585661464.720203}, "device": "cpu", "nd_range": {"device_start": 2329240.25143258, "device_end": 2329240.293059011}, "cmdq": 0, "read": {"device_start": -1, "device_end": -1}}, "FFC_sans_bias108": {"write": {"device_start": 1585661397.0934546, "host_queued_start": 1585661464.485521, "device_queued": 1585661397.075868, "device_end": 1585661397.0935552, "host_queued_end": 1585661464.554077}, "device": "gpu", "nd_range": {"device_start": 1585661397.093571, "device_end": 1585661397.1061742}, "cmdq": 0, "read": {"device_start": -1, "device_end": -1}}, "FFC_sans_bias109": {"write": {"device_start": 1585661397.09672, "host_queued_start": 1585661464.488877, "device_queued": 1585661397.0761104, "device_end": 1585661397.09682, "host_queued_end": 1585661464.554077}, "device": "gpu", "nd_range": {"device_start": 1585661397.096825, "device_end": 1585661397.1094089}, "cmdq": 1, "read": {"device_start": -1, "device_end": -1}}, "coalesced_transpose129": {"write": {"device_start": -1, "host_queued_start": 1585661464.524075, "device_queued": -1, "device_end": -1, "host_queued_end": 1585661464.554077}, "device": "gpu", "nd_range": {"device_start": 1585661397.1418219, "device_end": 1585661397.1418674}, "cmdq": 1, "read": {"device_start": -1, "device_end": -1}}, "FFC_sans_bias103": {"write": {"device_start": -1, "host_queued_start": 1585661464.52539, "device_queued": -1, "device_end": -1, "host_queued_end": 1585661464.554077}, "device": "gpu", "nd_range": {"device_start": 1585661397.142004, "device_end": 1585661397.1486914}, "cmdq": 1, "read": {"device_start": -1, "device_end": -1}}, "FFC_sans_bias100": {"write": {"device_start": 1585661397.0869582, "host_queued_start": 1585661464.47892, "device_queued": 1585661397.075293, "device_end": 1585661397.0870647, "host_queued_end": 1585661464.554077}, "device": "gpu", "nd_range": {"device_start": 1585661397.0870724, "device_end": 1585661397.0996473}, "cmdq": 2, "read": {"device_start": -1, "device_end": -1}}, "FFC_sans_bias101": {"write": {"device_start": 1585661397.0902345, "host_queued_start": 1585661464.482208, "device_queued": 1585661397.075418, "device_end": 1585661397.0903354, "host_queued_end": 1585661464.554077}, "device": "gpu", "nd_range": {"device_start": 1585661397.0903513, "device_end": 1585661397.1029477}, "cmdq": 3, "read": {"device_start": -1, "device_end": -1}}, "FFC_sans_bias106": {"write": {"device_start": 1585661397.1896129, "host_queued_start": 1585661464.540645, "device_queued": 1585661397.0828264, "device_end": 1585661397.1897278, "host_queued_end": 1585661464.554077}, "device": "gpu", "nd_range": {"device_start": 1585661397.189751, "device_end": 1585661397.2021832}, "cmdq": 2, "read": {"device_start": 1585661397.2021856, "device_end": 1585661397.202278}}, "softmax122": {"write": {"device_start": -1, "host_queued_start": 1585661464.527973, "device_queued": -1, "device_end": -1, "host_queued_end": 1585661464.554077}, "device": "gpu", "nd_range": {"device_start": 1585661397.166214, "device_end": 1585661397.1669238}, "cmdq": 2, "read": {"device_start": -1, "device_end": -1}}, "FFC_sans_bias105": {"write": {"device_start": -1, "host_queued_start": 1585661464.529458, "device_queued": -1, "device_end": -1, "host_queued_end": 1585661464.554077}, "device": "gpu", "nd_range": {"device_start": 1585661397.166256, "device_end": 1585661397.1729352}, "cmdq": 3, "read": {"device_start": -1, "device_end": -1}}, "softmax95": {"write": {"device_start": -1, "host_queued_start": 1585661464.527209, "device_queued": -1, "device_end": -1, "host_queued_end": 1585661464.554077}, "device": "gpu", "nd_range": {"device_start": 1585661397.1648815, "device_end": 1585661397.1652946}, "cmdq": 3, "read": {"device_start": -1, "device_end": -1}}, "coalesced_transpose57": {"write": {"device_start": -1, "host_queued_start": 1585661464.674613, "device_queued": -1, "device_end": -1, "host_queued_end": 1585661464.720203}, "device": "cpu", "nd_range": {"device_start": 2329239.977647263, "device_end": 2329239.978046913}, "cmdq": 0, "read": {"device_start": -1, "device_end": -1}}, "empty26": {"write": {"device_start": -1, "host_queued_start": 1585661464.564805, "device_queued": -1, "device_end": -1, "host_queued_end": 1585661464.720203}, "device": "cpu", "nd_range": {"device_start": 2329238.9098820533, "device_end": 2329238.909882748}, "cmdq": 0, "read": {"device_start": -1, "device_end": -1}}, "softmax113": {"write": {"device_start": -1, "host_queued_start": 1585661464.527722, "device_queued": -1, "device_end": -1, "host_queued_end": 1585661464.554077}, "device": "gpu", "nd_range": {"device_start": 1585661397.1616657, "device_end": 1585661397.1654358}, "cmdq": 1, "read": {"device_start": -1, "device_end": -1}}, "FFC_sans_bias11": {"write": {"device_start": -1, "host_queued_start": 1585661464.602197, "device_queued": -1, "device_end": -1, "host_queued_end": 1585661464.720203}, "device": "cpu", "nd_range": {"device_start": 2329239.0914927293, "device_end": 2329239.1247974983}, "cmdq": 0, "read": {"device_start": -1, "device_end": -1}}, "FFC_sans_bias42": {"write": {"device_start": -1, "host_queued_start": 1585661464.690179, "device_queued": -1, "device_end": -1, "host_queued_end": 1585661464.720203}, "device": "cpu", "nd_range": {"device_start": 2329240.552122854, "device_end": 2329240.594636369}, "cmdq": 0, "read": {"device_start": -1, "device_end": -1}}, "FFC_sans_bias43": {"write": {"device_start": -1, "host_queued_start": 1585661464.708216, "device_queued": -1, "device_end": -1, "host_queued_end": 1585661464.720203}, "device": "cpu", "nd_range": {"device_start": 2329240.9306871123, "device_end": 2329240.972955324}, "cmdq": 0, "read": {"device_start": -1, "device_end": -1}}, "FFC_sans_bias40": {"write": {"device_start": -1, "host_queued_start": 1585661464.67903, "device_queued": -1, "device_end": -1, "host_queued_end": 1585661464.720203}, "device": "cpu", "nd_range": {"device_start": 2329240.149751883, "device_end": 2329240.2038410273}, "cmdq": 0, "read": {"device_start": -1, "device_end": -1}}, "FFC_sans_bias46": {"write": {"device_start": -1, "host_queued_start": 1585661464.63879, "device_queued": -1, "device_end": -1, "host_queued_end": 1585661464.720203}, "device": "cpu", "nd_range": {"device_start": 2329239.516313461, "device_end": 2329239.558388985}, "cmdq": 0, "read": {"device_start": -1, "device_end": -1}}, "FFC_sans_bias47": {"write": {"device_start": -1, "host_queued_start": 1585661464.641859, "device_queued": -1, "device_end": -1, "host_queued_end": 1585661464.720203}, "device": "cpu", "nd_range": {"device_start": 2329239.558413703, "device_end": 2329239.599854988}, "cmdq": 0, "read": {"device_start": -1, "device_end": -1}}, "FFC_sans_bias45": {"write": {"device_start": -1, "host_queued_start": 1585661464.635717, "device_queued": -1, "device_end": -1, "host_queued_end": 1585661464.720203}, "device": "cpu", "nd_range": {"device_start": 2329239.4744014773, "device_end": 2329239.516293014}, "cmdq": 0, "read": {"device_start": -1, "device_end": -1}}, "FFC_sans_bias49": {"write": {"device_start": -1, "host_queued_start": 1585661464.679625, "device_queued": -1, "device_end": -1, "host_queued_end": 1585661464.720203}, "device": "cpu", "nd_range": {"device_start": 2329240.2038732274, "device_end": 2329240.251409403}, "cmdq": 0, "read": {"device_start": -1, "device_end": -1}}, "softmax77": {"write": {"device_start": -1, "host_queued_start": 1585661464.687005, "device_queued": -1, "device_end": -1, "host_queued_end": 1585661464.720203}, "device": "cpu", "nd_range": {"device_start": 2329240.379580649, "device_end": 2329240.379909413}, "cmdq": 0, "read": {"device_start": -1, "device_end": -1}}, "empty134": {"write": {"device_start": 1585661397.0727322, "host_queued_start": 1585661464.450156, "device_queued": 1585661397.0724049, "device_end": 1585661397.0729651, "host_queued_end": 1585661464.554077}, "device": "gpu", "nd_range": {"device_start": 1585661397.07302, "device_end": 1585661397.0730293}, "cmdq": 1, "read": {"device_start": -1, "device_end": -1}}, "coalesced_transpose138": {"write": {"device_start": -1, "host_queued_start": 1585661464.524394, "device_queued": -1, "device_end": -1, "host_queued_end": 1585661464.554077}, "device": "gpu", "nd_range": {"device_start": 1585661397.1418395, "device_end": 1585661397.1418734}, "cmdq": 2, "read": {"device_start": -1, "device_end": -1}}, "FFC_sans_bias119": {"write": {"device_start": 1585661397.1097941, "host_queued_start": 1585661464.502123, "device_queued": 1585661397.0772173, "device_end": 1585661397.1098957, "host_queued_end": 1585661464.554077}, "device": "gpu", "nd_range": {"device_start": 1585661397.1099112, "device_end": 1585661397.12243}, "cmdq": 1, "read": {"device_start": -1, "device_end": -1}}, "FFC_sans_bias118": {"write": {"device_start": 1585661397.1065457, "host_queued_start": 1585661464.498823, "device_queued": 1585661397.0768232, "device_end": 1585661397.1066463, "host_queued_end": 1585661464.554077}, "device": "gpu", "nd_range": {"device_start": 1585661397.106661, "device_end": 1585661397.1191578}, "cmdq": 0, "read": {"device_start": -1, "device_end": -1}}, "empty143": {"write": {"device_start": 1585661397.0730367, "host_queued_start": 1585661464.452789, "device_queued": 1585661397.0726905, "device_end": 1585661397.0733159, "host_queued_end": 1585661464.554077}, "device": "gpu", "nd_range": {"device_start": 1585661397.0733256, "device_end": 1585661397.0733297}, "cmdq": 2, "read": {"device_start": -1, "device_end": -1}}, "FFC_sans_bias115": {"write": {"device_start": 1585661397.1863353, "host_queued_start": 1585661464.543959, "device_queued": 1585661397.082962, "device_end": 1585661397.1864371, "host_queued_end": 1585661464.554077}, "device": "gpu", "nd_range": {"device_start": 1585661397.1864557, "device_end": 1585661397.1989362}, "cmdq": 3, "read": {"device_start": 1585661397.1989393, "device_end": 1585661397.199039}}, "FFC_sans_bias114": {"write": {"device_start": -1, "host_queued_start": 1585661464.529784, "device_queued": -1, "device_end": -1, "host_queued_end": 1585661464.554077}, "device": "gpu", "nd_range": {"device_start": 1585661397.166974, "device_end": 1585661397.1794121}, "cmdq": 0, "read": {"device_start": -1, "device_end": -1}}, "FFC_sans_bias117": {"write": {"device_start": 1585661397.1033123, "host_queued_start": 1585661464.495511, "device_queued": 1585661397.076363, "device_end": 1585661397.1034124, "host_queued_end": 1585661464.554077}, "device": "gpu", "nd_range": {"device_start": 1585661397.1034272, "device_end": 1585661397.11595}, "cmdq": 3, "read": {"device_start": -1, "device_end": -1}}, "softmax5": {"write": {"device_start": -1, "host_queued_start": 1585661464.682307, "device_queued": -1, "device_end": -1, "host_queued_end": 1585661464.720203}, "device": "cpu", "nd_range": {"device_start": 2329240.376560138, "device_end": 2329240.376963733}, "cmdq": 0, "read": {"device_start": -1, "device_end": -1}}, "FFC_sans_bias110": {"write": {"device_start": 1585661397.100031, "host_queued_start": 1585661464.492203, "device_queued": 1585661397.0762353, "device_end": 1585661397.100135, "host_queued_end": 1585661464.554077}, "device": "gpu", "nd_range": {"device_start": 1585661397.100145, "device_end": 1585661397.1127038}, "cmdq": 2, "read": {"device_start": -1, "device_end": -1}}, "FFC_sans_bias112": {"write": {"device_start": -1, "host_queued_start": 1585661464.525712, "device_queued": -1, "device_end": -1, "host_queued_end": 1585661464.554077}, "device": "gpu", "nd_range": {"device_start": 1585661397.1420403, "device_end": 1585661397.1551058}, "cmdq": 2, "read": {"device_start": -1, "device_end": -1}}, "empty53": {"write": {"device_start": -1, "host_queued_start": 1585661464.573469, "device_queued": -1, "device_end": -1, "host_queued_end": 1585661464.720203}, "device": "cpu", "nd_range": {"device_start": 2329238.909897719, "device_end": 2329238.909898389}, "cmdq": 0, "read": {"device_start": -1, "device_end": -1}}, "coalesced_transpose48": {"write": {"device_start": -1, "host_queued_start": 1585661464.674023, "device_queued": -1, "device_end": -1, "host_queued_end": 1585661464.720203}, "device": "cpu", "nd_range": {"device_start": 2329239.976991639, "device_end": 2329239.977513525}, "cmdq": 0, "read": {"device_start": -1, "device_end": -1}}}