{"FFC_sans_bias4": {"write": {"device_start": -1, "host_queued_start": 1585660821.656745, "device_queued": -1, "device_end": -1, "host_queued_end": 1585660821.713216}, "device": "cpu", "nd_range": {"device_start": 2328597.188653584, "device_end": 2328597.2501753992}, "cmdq": 0, "read": {"device_start": -1, "device_end": -1}}, "FFC_sans_bias7": {"write": {"device_start": -1, "host_queued_start": 1585660821.680211, "device_queued": -1, "device_end": -1, "host_queued_end": 1585660821.713216}, "device": "cpu", "nd_range": {"device_start": 2328597.982067645, "device_end": 2328598.062160102}, "cmdq": 0, "read": {"device_start": -1, "device_end": -1}}, "FFC_sans_bias6": {"write": {"device_start": -1, "host_queued_start": 1585660821.670257, "device_queued": -1, "device_end": -1, "host_queued_end": 1585660821.713216}, "device": "cpu", "nd_range": {"device_start": 2328597.569007929, "device_end": 2328597.673063854}, "cmdq": 0, "read": {"device_start": -1, "device_end": -1}}, "FFC_sans_bias1": {"write": {"device_start": -1, "host_queued_start": 1585660821.535241, "device_queued": -1, "device_end": -1, "host_queued_end": 1585660821.713216}, "device": "cpu", "nd_range": {"device_start": 2328595.9029388293, "device_end": 2328596.026554882}, "cmdq": 1, "read": {"device_start": -1, "device_end": -1}}, "FFC_sans_bias0": {"write": {"device_start": -1, "host_queued_start": 1585660821.531865, "device_queued": -1, "device_end": -1, "host_queued_end": 1585660821.713216}, "device": "cpu", "nd_range": {"device_start": 2328595.90290011, "device_end": 2328596.052149251}, "cmdq": 0, "read": {"device_start": -1, "device_end": -1}}, "FFC_sans_bias2": {"write": {"device_start": -1, "host_queued_start": 1585660821.538565, "device_queued": -1, "device_end": -1, "host_queued_end": 1585660821.713216}, "device": "cpu", "nd_range": {"device_start": 2328595.902898347, "device_end": 2328595.9644413413}, "cmdq": 2, "read": {"device_start": -1, "device_end": -1}}, "coalesced_transpose120": {"write": {"device_start": -1, "host_queued_start": 1585660821.476477, "device_queued": -1, "device_end": -1, "host_queued_end": 1585660821.494068}, "device": "gpu", "nd_range": {"device_start": 1585660754.0687177, "device_end": 1585660754.0718489}, "cmdq": 1, "read": {"device_start": -1, "device_end": -1}}, "FFC_sans_bias9": {"write": {"device_start": -1, "host_queued_start": 1585660821.54193, "device_queued": -1, "device_end": -1, "host_queued_end": 1585660821.713216}, "device": "cpu", "nd_range": {"device_start": 2328596.052172818, "device_end": 2328596.133229005}, "cmdq": 0, "read": {"device_start": -1, "device_end": -1}}, "empty71": {"write": {"device_start": -1, "host_queued_start": 1585660821.517946, "device_queued": -1, "device_end": -1, "host_queued_end": 1585660821.713216}, "device": "cpu", "nd_range": {"device_start": 2328595.9029242643, "device_end": 2328595.902925204}, "cmdq": 1, "read": {"device_start": -1, "device_end": -1}}, "softmax41": {"write": {"device_start": -1, "host_queued_start": 1585660821.666015, "device_queued": -1, "device_end": -1, "host_queued_end": 1585660821.713216}, "device": "cpu", "nd_range": {"device_start": 2328597.627894545, "device_end": 2328597.6286463924}, "cmdq": 1, "read": {"device_start": -1, "device_end": -1}}, "FFC_sans_bias37": {"write": {"device_start": -1, "host_queued_start": 1585660821.576377, "device_queued": -1, "device_end": -1, "host_queued_end": 1585660821.713216}, "device": "cpu", "nd_range": {"device_start": 2328596.336857484, "device_end": 2328596.425334035}, "cmdq": 1, "read": {"device_start": -1, "device_end": -1}}, "FFC_sans_bias36": {"write": {"device_start": -1, "host_queued_start": 1585660821.572643, "device_queued": -1, "device_end": -1, "host_queued_end": 1585660821.713216}, "device": "cpu", "nd_range": {"device_start": 2328596.406806039, "device_end": 2328596.517873953}, "cmdq": 0, "read": {"device_start": -1, "device_end": -1}}, "FFC_sans_bias34": {"write": {"device_start": -1, "host_queued_start": 1585660821.689195, "device_queued": -1, "device_end": -1, "host_queued_end": 1585660821.713216}, "device": "cpu", "nd_range": {"device_start": 2328598.06217001, "device_end": 2328598.2190861283}, "cmdq": 0, "read": {"device_start": -1, "device_end": -1}}, "FFC_sans_bias33": {"write": {"device_start": -1, "host_queued_start": 1585660821.672074, "device_queued": -1, "device_end": -1, "host_queued_end": 1585660821.713216}, "device": "cpu", "nd_range": {"device_start": 2328597.673275195, "device_end": 2328597.792402258}, "cmdq": 0, "read": {"device_start": -1, "device_end": -1}}, "FFC_sans_bias31": {"write": {"device_start": -1, "host_queued_start": 1585660821.658551, "device_queued": -1, "device_end": -1, "host_queued_end": 1585660821.713216}, "device": "cpu", "nd_range": {"device_start": 2328597.250188909, "device_end": 2328597.364815826}, "cmdq": 0, "read": {"device_start": -1, "device_end": -1}}, "FFC_sans_bias38": {"write": {"device_start": -1, "host_queued_start": 1585660821.579717, "device_queued": -1, "device_end": -1, "host_queued_end": 1585660821.713216}, "device": "cpu", "nd_range": {"device_start": 2328596.265732745, "device_end": 2328596.388665139}, "cmdq": 2, "read": {"device_start": -1, "device_end": -1}}, "coalesced_transpose75": {"write": {"device_start": -1, "host_queued_start": 1585660821.654396, "device_queued": -1, "device_end": -1, "host_queued_end": 1585660821.713216}, "device": "cpu", "nd_range": {"device_start": 2328597.14469935, "device_end": 2328597.1456499062}, "cmdq": 2, "read": {"device_start": -1, "device_end": -1}}, "softmax140": {"write": {"device_start": -1, "host_queued_start": 1585660821.479492, "device_queued": -1, "device_end": -1, "host_queued_end": 1585660821.494068}, "device": "gpu", "nd_range": {"device_start": 1585660754.0821798, "device_end": 1585660754.0825908}, "cmdq": 1, "read": {"device_start": -1, "device_end": -1}}, "empty44": {"write": {"device_start": -1, "host_queued_start": 1585660821.509724, "device_queued": -1, "device_end": -1, "host_queued_end": 1585660821.713216}, "device": "cpu", "nd_range": {"device_start": 2328595.902915336, "device_end": 2328595.902916669}, "cmdq": 1, "read": {"device_start": -1, "device_end": -1}}, "FFC_sans_bias137": {"write": {"device_start": 1585660754.0593584, "host_queued_start": 1585660821.472472, "device_queued": 1585660754.0317032, "device_end": 1585660754.0594695, "host_queued_end": 1585660821.494068}, "device": "gpu", "nd_range": {"device_start": 1585660754.0594785, "device_end": 1585660754.0654407}, "cmdq": 0, "read": {"device_start": -1, "device_end": -1}}, "empty8": {"write": {"device_start": -1, "host_queued_start": 1585660821.49811, "device_queued": -1, "device_end": -1, "host_queued_end": 1585660821.713216}, "device": "cpu", "nd_range": {"device_start": 2328595.902841249, "device_end": 2328595.9028553823}, "cmdq": 0, "read": {"device_start": -1, "device_end": -1}}, "softmax50": {"write": {"device_start": -1, "host_queued_start": 1585660821.666537, "device_queued": -1, "device_end": -1, "host_queued_end": 1585660821.713216}, "device": "cpu", "nd_range": {"device_start": 2328597.657073082, "device_end": 2328597.65779095}, "cmdq": 2, "read": {"device_start": -1, "device_end": -1}}, "softmax59": {"write": {"device_start": -1, "host_queued_start": 1585660821.66707, "device_queued": -1, "device_end": -1, "host_queued_end": 1585660821.713216}, "device": "cpu", "nd_range": {"device_start": 2328597.567574535, "device_end": 2328597.568292769}, "cmdq": 0, "read": {"device_start": -1, "device_end": -1}}, "FFC_sans_bias142": {"write": {"device_start": 1585660754.0997405, "host_queued_start": 1585660821.493956, "device_queued": 1585660754.034897, "device_end": 1585660754.0998394, "host_queued_end": 1585660821.494068}, "device": "gpu", "nd_range": {"device_start": 1585660754.0998416, "device_end": 1585660754.1054988}, "cmdq": 1, "read": {"device_start": 1585660754.1055055, "device_end": 1585660754.105601}}, "FFC_sans_bias141": {"write": {"device_start": -1, "host_queued_start": 1585660821.480747, "device_queued": -1, "device_end": -1, "host_queued_end": 1585660821.494068}, "device": "gpu", "nd_range": {"device_start": 1585660754.0859518, "device_end": 1585660754.092561}, "cmdq": 1, "read": {"device_start": -1, "device_end": -1}}, "FFC_sans_bias24": {"write": {"device_start": -1, "host_queued_start": 1585660821.67147, "device_queued": -1, "device_end": -1, "host_queued_end": 1585660821.713216}, "device": "cpu", "nd_range": {"device_start": 2328597.661872615, "device_end": 2328597.773945147}, "cmdq": 2, "read": {"device_start": -1, "device_end": -1}}, "FFC_sans_bias25": {"write": {"device_start": -1, "host_queued_start": 1585660821.686208, "device_queued": -1, "device_end": -1, "host_queued_end": 1585660821.713216}, "device": "cpu", "nd_range": {"device_start": 2328598.139941694, "device_end": 2328598.2087898552}, "cmdq": 2, "read": {"device_start": -1, "device_end": -1}}, "FFC_sans_bias27": {"write": {"device_start": -1, "host_queued_start": 1585660821.562131, "device_queued": -1, "device_end": -1, "host_queued_end": 1585660821.713216}, "device": "cpu", "nd_range": {"device_start": 2328596.281510301, "device_end": 2328596.406791861}, "cmdq": 0, "read": {"device_start": -1, "device_end": -1}}, "FFC_sans_bias20": {"write": {"device_start": -1, "host_queued_start": 1585660821.558677, "device_queued": -1, "device_end": -1, "host_queued_end": 1585660821.713216}, "device": "cpu", "nd_range": {"device_start": 2328596.0563554442, "device_end": 2328596.1637087073}, "cmdq": 2, "read": {"device_start": -1, "device_end": -1}}, "FFC_sans_bias22": {"write": {"device_start": -1, "host_queued_start": 1585660821.657933, "device_queued": -1, "device_end": -1, "host_queued_end": 1585660821.713216}, "device": "cpu", "nd_range": {"device_start": 2328597.235378499, "device_end": 2328597.304068787}, "cmdq": 2, "read": {"device_start": -1, "device_end": -1}}, "FFC_sans_bias130": {"write": {"device_start": -1, "host_queued_start": 1585660821.478068, "device_queued": -1, "device_end": -1, "host_queued_end": 1585660821.494068}, "device": "gpu", "nd_range": {"device_start": 1585660754.0719934, "device_end": 1585660754.0786073}, "cmdq": 0, "read": {"device_start": -1, "device_end": -1}}, "FFC_sans_bias28": {"write": {"device_start": -1, "host_queued_start": 1585660821.565608, "device_queued": -1, "device_end": -1, "host_queued_end": 1585660821.713216}, "device": "cpu", "nd_range": {"device_start": 2328596.240440689, "device_end": 2328596.336833021}, "cmdq": 1, "read": {"device_start": -1, "device_end": -1}}, "FFC_sans_bias29": {"write": {"device_start": -1, "host_queued_start": 1585660821.569087, "device_queued": -1, "device_end": -1, "host_queued_end": 1585660821.713216}, "device": "cpu", "nd_range": {"device_start": 2328596.163898387, "device_end": 2328596.2657106044}, "cmdq": 2, "read": {"device_start": -1, "device_end": -1}}, "coalesced_transpose66": {"write": {"device_start": -1, "host_queued_start": 1585660821.653815, "device_queued": -1, "device_end": -1, "host_queued_end": 1585660821.713216}, "device": "cpu", "nd_range": {"device_start": 2328597.210393, "device_end": 2328597.211451466}, "cmdq": 1, "read": {"device_start": -1, "device_end": -1}}, "coalesced_transpose93": {"write": {"device_start": -1, "host_queued_start": 1585660821.655564, "device_queued": -1, "device_end": -1, "host_queued_end": 1585660821.713216}, "device": "cpu", "nd_range": {"device_start": 2328597.211464806, "device_end": 2328597.212465507}, "cmdq": 1, "read": {"device_start": -1, "device_end": -1}}, "softmax23": {"write": {"device_start": -1, "host_queued_start": 1585660821.664963, "device_queued": -1, "device_end": -1, "host_queued_end": 1585660821.713216}, "device": "cpu", "nd_range": {"device_start": 2328597.6553772623, "device_end": 2328597.65612429}, "cmdq": 2, "read": {"device_start": -1, "device_end": -1}}, "empty62": {"write": {"device_start": -1, "host_queued_start": 1585660821.515249, "device_queued": -1, "device_end": -1, "host_queued_end": 1585660821.713216}, "device": "cpu", "nd_range": {"device_start": 2328595.902887354, "device_end": 2328595.9028881993}, "cmdq": 0, "read": {"device_start": -1, "device_end": -1}}, "FFC_sans_bias10": {"write": {"device_start": -1, "host_queued_start": 1585660821.545265, "device_queued": -1, "device_end": -1, "host_queued_end": 1585660821.713216}, "device": "cpu", "nd_range": {"device_start": 2328596.026790868, "device_end": 2328596.14350858}, "cmdq": 1, "read": {"device_start": -1, "device_end": -1}}, "FFC_sans_bias13": {"write": {"device_start": -1, "host_queued_start": 1585660821.65734, "device_queued": -1, "device_end": -1, "host_queued_end": 1585660821.713216}, "device": "cpu", "nd_range": {"device_start": 2328597.212476603, "device_end": 2328597.345369786}, "cmdq": 1, "read": {"device_start": -1, "device_end": -1}}, "FFC_sans_bias15": {"write": {"device_start": -1, "host_queued_start": 1585660821.670862, "device_queued": -1, "device_end": -1, "host_queued_end": 1585660821.713216}, "device": "cpu", "nd_range": {"device_start": 2328597.6304971543, "device_end": 2328597.727411868}, "cmdq": 1, "read": {"device_start": -1, "device_end": -1}}, "FFC_sans_bias16": {"write": {"device_start": -1, "host_queued_start": 1585660821.683166, "device_queued": -1, "device_end": -1, "host_queued_end": 1585660821.713216}, "device": "cpu", "nd_range": {"device_start": 2328598.051210169, "device_end": 2328598.148396647}, "cmdq": 1, "read": {"device_start": -1, "device_end": -1}}, "FFC_sans_bias19": {"write": {"device_start": -1, "host_queued_start": 1585660821.555341, "device_queued": -1, "device_end": -1, "host_queued_end": 1585660821.713216}, "device": "cpu", "nd_range": {"device_start": 2328596.1435287693, "device_end": 2328596.2404106082}, "cmdq": 1, "read": {"device_start": -1, "device_end": -1}}, "FFC_sans_bias18": {"write": {"device_start": -1, "host_queued_start": 1585660821.551966, "device_queued": -1, "device_end": -1, "host_queued_end": 1585660821.713216}, "device": "cpu", "nd_range": {"device_start": 2328596.133245027, "device_end": 2328596.2814853773}, "cmdq": 0, "read": {"device_start": -1, "device_end": -1}}, "FFC_sans_bias99": {"write": {"device_start": -1, "host_queued_start": 1585660821.643001, "device_queued": -1, "device_end": -1, "host_queued_end": 1585660821.713216}, "device": "cpu", "nd_range": {"device_start": 2328597.115423882, "device_end": 2328597.186717281}, "cmdq": 0, "read": {"device_start": -1, "device_end": -1}}, "FFC_sans_bias91": {"write": {"device_start": -1, "host_queued_start": 1585660821.636369, "device_queued": -1, "device_end": -1, "host_queued_end": 1585660821.713216}, "device": "cpu", "nd_range": {"device_start": 2328596.979512548, "device_end": 2328597.086352232}, "cmdq": 1, "read": {"device_start": -1, "device_end": -1}}, "FFC_sans_bias90": {"write": {"device_start": -1, "host_queued_start": 1585660821.63309, "device_queued": -1, "device_end": -1, "host_queued_end": 1585660821.713216}, "device": "cpu", "nd_range": {"device_start": 2328596.9901420004, "device_end": 2328597.1154015693}, "cmdq": 0, "read": {"device_start": -1, "device_end": -1}}, "coalesced_transpose12": {"write": {"device_start": -1, "host_queued_start": 1585660821.650293, "device_queued": -1, "device_end": -1, "host_queued_end": 1585660821.713216}, "device": "cpu", "nd_range": {"device_start": 2328597.189721508, "device_end": 2328597.209405771}, "cmdq": 1, "read": {"device_start": -1, "device_end": -1}}, "FFC_sans_bias94": {"write": {"device_start": -1, "host_queued_start": 1585660821.662788, "device_queued": -1, "device_end": -1, "host_queued_end": 1585660821.713216}, "device": "cpu", "nd_range": {"device_start": 2328597.534651368, "device_end": 2328597.6267913543}, "cmdq": 1, "read": {"device_start": -1, "device_end": -1}}, "FFC_sans_bias97": {"write": {"device_start": -1, "host_queued_start": 1585660821.710093, "device_queued": -1, "device_end": -1, "host_queued_end": 1585660821.713216}, "device": "cpu", "nd_range": {"device_start": 2328598.372207649, "device_end": 2328598.4343558853}, "cmdq": 1, "read": {"device_start": -1, "device_end": -1}}, "FFC_sans_bias96": {"write": {"device_start": -1, "host_queued_start": 1585660821.67638, "device_queued": -1, "device_end": -1, "host_queued_end": 1585660821.713216}, "device": "cpu", "nd_range": {"device_start": 2328597.954638346, "device_end": 2328598.050962854}, "cmdq": 1, "read": {"device_start": -1, "device_end": -1}}, "FFC_sans_bias124": {"write": {"device_start": 1585660754.0929577, "host_queued_start": 1585660821.487283, "device_queued": 1585660754.0343556, "device_end": 1585660754.093058, "host_queued_end": 1585660821.494068}, "device": "gpu", "nd_range": {"device_start": 1585660754.0930622, "device_end": 1585660754.0990226}, "cmdq": 1, "read": {"device_start": 1585660754.0990255, "device_end": 1585660754.0991201}}, "FFC_sans_bias126": {"write": {"device_start": 1585660754.0495746, "host_queued_start": 1585660821.462534, "device_queued": 1585660754.0309958, "device_end": 1585660754.0496747, "host_queued_end": 1585660821.494068}, "device": "gpu", "nd_range": {"device_start": 1585660754.0496783, "device_end": 1585660754.0556543}, "cmdq": 1, "read": {"device_start": -1, "device_end": -1}}, "softmax32": {"write": {"device_start": -1, "host_queued_start": 1585660821.66549, "device_queued": -1, "device_end": -1, "host_queued_end": 1585660821.713216}, "device": "cpu", "nd_range": {"device_start": 2328597.5668649944, "device_end": 2328597.567568593}, "cmdq": 0, "read": {"device_start": -1, "device_end": -1}}, "coalesced_transpose84": {"write": {"device_start": -1, "host_queued_start": 1585660821.654982, "device_queued": -1, "device_end": -1, "host_queued_end": 1585660821.713216}, "device": "cpu", "nd_range": {"device_start": 2328597.188226403, "device_end": 2328597.188646697}, "cmdq": 0, "read": {"device_start": -1, "device_end": -1}}, "FFC_sans_bias121": {"write": {"device_start": -1, "host_queued_start": 1585660821.477732, "device_queued": -1, "device_end": -1, "host_queued_end": 1585660821.494068}, "device": "gpu", "nd_range": {"device_start": 1585660754.0718844, "device_end": 1585660754.0752664}, "cmdq": 1, "read": {"device_start": -1, "device_end": -1}}, "empty98": {"write": {"device_start": -1, "host_queued_start": 1585660821.526231, "device_queued": -1, "device_end": -1, "host_queued_end": 1585660821.713216}, "device": "cpu", "nd_range": {"device_start": 2328595.902931727, "device_end": 2328595.902932493}, "cmdq": 1, "read": {"device_start": -1, "device_end": -1}}, "empty107": {"write": {"device_start": -1, "host_queued_start": 1585660821.528977, "device_queued": -1, "device_end": -1, "host_queued_end": 1585660821.713216}, "device": "cpu", "nd_range": {"device_start": 2328595.902893347, "device_end": 2328595.9028939153}, "cmdq": 2, "read": {"device_start": -1, "device_end": -1}}, "empty17": {"write": {"device_start": -1, "host_queued_start": 1585660821.501024, "device_queued": -1, "device_end": -1, "host_queued_end": 1585660821.713216}, "device": "cpu", "nd_range": {"device_start": 2328595.902893342, "device_end": 2328595.902898009}, "cmdq": 1, "read": {"device_start": -1, "device_end": -1}}, "FFC_sans_bias87": {"write": {"device_start": -1, "host_queued_start": 1585660821.675782, "device_queued": -1, "device_end": -1, "host_queued_end": 1585660821.713216}, "device": "cpu", "nd_range": {"device_start": 2328597.884244409, "device_end": 2328597.981850728}, "cmdq": 0, "read": {"device_start": -1, "device_end": -1}}, "FFC_sans_bias85": {"write": {"device_start": -1, "host_queued_start": 1585660821.662178, "device_queued": -1, "device_end": -1, "host_queued_end": 1585660821.713216}, "device": "cpu", "nd_range": {"device_start": 2328597.459221729, "device_end": 2328597.566104255}, "cmdq": 0, "read": {"device_start": -1, "device_end": -1}}, "FFC_sans_bias82": {"write": {"device_start": -1, "host_queued_start": 1585660821.626486, "device_queued": -1, "device_end": -1, "host_queued_end": 1585660821.713216}, "device": "cpu", "nd_range": {"device_start": 2328596.875952213, "device_end": 2328596.979482871}, "cmdq": 1, "read": {"device_start": -1, "device_end": -1}}, "FFC_sans_bias83": {"write": {"device_start": -1, "host_queued_start": 1585660821.629773, "device_queued": -1, "device_end": -1, "host_queued_end": 1585660821.713216}, "device": "cpu", "nd_range": {"device_start": 2328596.830399728, "device_end": 2328596.942215116}, "cmdq": 2, "read": {"device_start": -1, "device_end": -1}}, "FFC_sans_bias81": {"write": {"device_start": -1, "host_queued_start": 1585660821.623149, "device_queued": -1, "device_end": -1, "host_queued_end": 1585660821.713216}, "device": "cpu", "nd_range": {"device_start": 2328596.8954451773, "device_end": 2328596.9901281074}, "cmdq": 0, "read": {"device_start": -1, "device_end": -1}}, "FFC_sans_bias88": {"write": {"device_start": -1, "host_queued_start": 1585660821.707096, "device_queued": -1, "device_end": -1, "host_queued_end": 1585660821.713216}, "device": "cpu", "nd_range": {"device_start": 2328598.3111031572, "device_end": 2328598.39493212}, "cmdq": 0, "read": {"device_start": -1, "device_end": -1}}, "coalesced_transpose30": {"write": {"device_start": -1, "host_queued_start": 1585660821.651456, "device_queued": -1, "device_end": -1, "host_queued_end": 1585660821.713216}, "device": "cpu", "nd_range": {"device_start": 2328597.187324876, "device_end": 2328597.187776056}, "cmdq": 0, "read": {"device_start": -1, "device_end": -1}}, "FFC_sans_bias128": {"write": {"device_start": 1585660754.0462432, "host_queued_start": 1585660821.459262, "device_queued": 1585660754.030765, "device_end": 1585660754.0463438, "host_queued_end": 1585660821.494068}, "device": "gpu", "nd_range": {"device_start": 1585660754.04635, "device_end": 1585660754.0524065}, "cmdq": 0, "read": {"device_start": -1, "device_end": -1}}, "coalesced_transpose39": {"write": {"device_start": -1, "host_queued_start": 1585660821.652035, "device_queued": -1, "device_end": -1, "host_queued_end": 1585660821.713216}, "device": "cpu", "nd_range": {"device_start": 2328597.2094298503, "device_end": 2328597.2103843493}, "cmdq": 1, "read": {"device_start": -1, "device_end": -1}}, "FFC_sans_bias79": {"write": {"device_start": -1, "host_queued_start": 1585660821.704129, "device_queued": -1, "device_end": -1, "host_queued_end": 1585660821.713216}, "device": "cpu", "nd_range": {"device_start": 2328598.346454222, "device_end": 2328598.4430552833}, "cmdq": 2, "read": {"device_start": -1, "device_end": -1}}, "FFC_sans_bias78": {"write": {"device_start": -1, "host_queued_start": 1585660821.675173, "device_queued": -1, "device_end": -1, "host_queued_end": 1585660821.713216}, "device": "cpu", "nd_range": {"device_start": 2328597.8703954243, "device_end": 2328597.996134126}, "cmdq": 2, "read": {"device_start": -1, "device_end": -1}}, "FFC_sans_bias73": {"write": {"device_start": -1, "host_queued_start": 1585660821.616515, "device_queued": -1, "device_end": -1, "host_queued_end": 1585660821.713216}, "device": "cpu", "nd_range": {"device_start": 2328596.734974978, "device_end": 2328596.8759314823}, "cmdq": 1, "read": {"device_start": -1, "device_end": -1}}, "FFC_sans_bias72": {"write": {"device_start": -1, "host_queued_start": 1585660821.613191, "device_queued": -1, "device_end": -1, "host_queued_end": 1585660821.713216}, "device": "cpu", "nd_range": {"device_start": 2328596.813579958, "device_end": 2328596.8954305523}, "cmdq": 0, "read": {"device_start": -1, "device_end": -1}}, "FFC_sans_bias70": {"write": {"device_start": -1, "host_queued_start": 1585660821.701126, "device_queued": -1, "device_end": -1, "host_queued_end": 1585660821.713216}, "device": "cpu", "nd_range": {"device_start": 2328598.2431869293, "device_end": 2328598.3721956112}, "cmdq": 1, "read": {"device_start": -1, "device_end": -1}}, "FFC_sans_bias76": {"write": {"device_start": -1, "host_queued_start": 1585660821.661531, "device_queued": -1, "device_end": -1, "host_queued_end": 1585660821.713216}, "device": "cpu", "nd_range": {"device_start": 2328597.4267017893, "device_end": 2328597.542745526}, "cmdq": 2, "read": {"device_start": -1, "device_end": -1}}, "FFC_sans_bias74": {"write": {"device_start": -1, "host_queued_start": 1585660821.619822, "device_queued": -1, "device_end": -1, "host_queued_end": 1585660821.713216}, "device": "cpu", "nd_range": {"device_start": 2328596.735858926, "device_end": 2328596.830199961}, "cmdq": 2, "read": {"device_start": -1, "device_end": -1}}, "coalesced_transpose102": {"write": {"device_start": -1, "host_queued_start": 1585660821.656143, "device_queued": -1, "device_end": -1, "host_queued_end": 1585660821.713216}, "device": "cpu", "nd_range": {"device_start": 2328597.234224046, "device_end": 2328597.2351403083}, "cmdq": 2, "read": {"device_start": -1, "device_end": -1}}, "coalesced_transpose3": {"write": {"device_start": -1, "host_queued_start": 1585660821.649952, "device_queued": -1, "device_end": -1, "host_queued_end": 1585660821.713216}, "device": "cpu", "nd_range": {"device_start": 2328597.186728701, "device_end": 2328597.187315889}, "cmdq": 0, "read": {"device_start": -1, "device_end": -1}}, "FFC_sans_bias127": {"write": {"device_start": 1585660754.0527937, "host_queued_start": 1585660821.465797, "device_queued": 1585660754.031226, "device_end": 1585660754.0528939, "host_queued_end": 1585660821.494068}, "device": "gpu", "nd_range": {"device_start": 1585660754.0528975, "device_end": 1585660754.058975}, "cmdq": 0, "read": {"device_start": -1, "device_end": -1}}, "empty89": {"write": {"device_start": -1, "host_queued_start": 1585660821.523478, "device_queued": -1, "device_end": -1, "host_queued_end": 1585660821.713216}, "device": "cpu", "nd_range": {"device_start": 2328595.9028943283, "device_end": 2328595.902895023}, "cmdq": 0, "read": {"device_start": -1, "device_end": -1}}, "FFC_sans_bias123": {"write": {"device_start": -1, "host_queued_start": 1585660821.480124, "device_queued": -1, "device_end": -1, "host_queued_end": 1585660821.494068}, "device": "gpu", "nd_range": {"device_start": 1585660754.0825922, "device_end": 1585660754.0859509}, "cmdq": 1, "read": {"device_start": -1, "device_end": -1}}, "empty80": {"write": {"device_start": -1, "host_queued_start": 1585660821.520681, "device_queued": -1, "device_end": -1, "host_queued_end": 1585660821.713216}, "device": "cpu", "nd_range": {"device_start": 2328595.902888025, "device_end": 2328595.9028887902}, "cmdq": 2, "read": {"device_start": -1, "device_end": -1}}, "empty116": {"write": {"device_start": 1585660754.0280268, "host_queued_start": 1585660821.427768, "device_queued": 1585660754.027713, "device_end": 1585660754.0282216, "host_queued_end": 1585660821.494068}, "device": "gpu", "nd_range": {"device_start": 1585660754.0282316, "device_end": 1585660754.0282376}, "cmdq": 0, "read": {"device_start": -1, "device_end": -1}}, "softmax104": {"write": {"device_start": -1, "host_queued_start": 1585660821.669665, "device_queued": -1, "device_end": -1, "host_queued_end": 1585660821.713216}, "device": "cpu", "nd_range": {"device_start": 2328597.6602933453, "device_end": 2328597.661004975}, "cmdq": 2, "read": {"device_start": -1, "device_end": -1}}, "coalesced_transpose21": {"write": {"device_start": -1, "host_queued_start": 1585660821.65088, "device_queued": -1, "device_end": -1, "host_queued_end": 1585660821.713216}, "device": "cpu", "nd_range": {"device_start": 2328597.1424448253, "device_end": 2328597.143413503}, "cmdq": 2, "read": {"device_start": -1, "device_end": -1}}, "softmax14": {"write": {"device_start": -1, "host_queued_start": 1585660821.664441, "device_queued": -1, "device_end": -1, "host_queued_end": 1585660821.713216}, "device": "cpu", "nd_range": {"device_start": 2328597.627022978, "device_end": 2328597.627738555}, "cmdq": 1, "read": {"device_start": -1, "device_end": -1}}, "FFC_sans_bias69": {"write": {"device_start": -1, "host_queued_start": 1585660821.674557, "device_queued": -1, "device_end": -1, "host_queued_end": 1585660821.713216}, "device": "cpu", "nd_range": {"device_start": 2328597.8561830963, "device_end": 2328597.954614034}, "cmdq": 1, "read": {"device_start": -1, "device_end": -1}}, "FFC_sans_bias92": {"write": {"device_start": -1, "host_queued_start": 1585660821.639686, "device_queued": -1, "device_end": -1, "host_queued_end": 1585660821.713216}, "device": "cpu", "nd_range": {"device_start": 2328596.942423089, "device_end": 2328597.057358288}, "cmdq": 2, "read": {"device_start": -1, "device_end": -1}}, "FFC_sans_bias60": {"write": {"device_start": -1, "host_queued_start": 1585660821.673969, "device_queued": -1, "device_end": -1, "host_queued_end": 1585660821.713216}, "device": "cpu", "nd_range": {"device_start": 2328597.792622447, "device_end": 2328597.8840322853}, "cmdq": 0, "read": {"device_start": -1, "device_end": -1}}, "FFC_sans_bias61": {"write": {"device_start": -1, "host_queued_start": 1585660821.698107, "device_queued": -1, "device_end": -1, "host_queued_end": 1585660821.713216}, "device": "cpu", "nd_range": {"device_start": 2328598.2190966653, "device_end": 2328598.311089051}, "cmdq": 0, "read": {"device_start": -1, "device_end": -1}}, "FFC_sans_bias63": {"write": {"device_start": -1, "host_queued_start": 1585660821.609823, "device_queued": -1, "device_end": -1, "host_queued_end": 1585660821.713216}, "device": "cpu", "nd_range": {"device_start": 2328596.575051851, "device_end": 2328596.735367283}, "cmdq": 2, "read": {"device_start": -1, "device_end": -1}}, "FFC_sans_bias64": {"write": {"device_start": -1, "host_queued_start": 1585660821.603116, "device_queued": -1, "device_end": -1, "host_queued_end": 1585660821.713216}, "device": "cpu", "nd_range": {"device_start": 2328596.709090622, "device_end": 2328596.813559398}, "cmdq": 0, "read": {"device_start": -1, "device_end": -1}}, "FFC_sans_bias65": {"write": {"device_start": -1, "host_queued_start": 1585660821.606444, "device_queued": -1, "device_end": -1, "host_queued_end": 1585660821.713216}, "device": "cpu", "nd_range": {"device_start": 2328596.6272658673, "device_end": 2328596.734760369}, "cmdq": 1, "read": {"device_start": -1, "device_end": -1}}, "FFC_sans_bias67": {"write": {"device_start": -1, "host_queued_start": 1585660821.660935, "device_queued": -1, "device_end": -1, "host_queued_end": 1585660821.713216}, "device": "cpu", "nd_range": {"device_start": 2328597.4456931823, "device_end": 2328597.534630835}, "cmdq": 1, "read": {"device_start": -1, "device_end": -1}}, "coalesced_transpose111": {"write": {"device_start": -1, "host_queued_start": 1585660821.476173, "device_queued": -1, "device_end": -1, "host_queued_end": 1585660821.494068}, "device": "gpu", "nd_range": {"device_start": 1585660754.0654423, "device_end": 1585660754.068511}, "cmdq": 0, "read": {"device_start": -1, "device_end": -1}}, "FFC_sans_bias136": {"write": {"device_start": 1585660754.0560193, "host_queued_start": 1585660821.469119, "device_queued": 1585660754.03147, "device_end": 1585660754.0561247, "host_queued_end": 1585660821.494068}, "device": "gpu", "nd_range": {"device_start": 1585660754.0561283, "device_end": 1585660754.062204}, "cmdq": 1, "read": {"device_start": -1, "device_end": -1}}, "FFC_sans_bias135": {"write": {"device_start": 1585660754.0625703, "host_queued_start": 1585660821.475828, "device_queued": 1585660754.031934, "device_end": 1585660754.0626733, "host_queued_end": 1585660821.494068}, "device": "gpu", "nd_range": {"device_start": 1585660754.0626771, "device_end": 1585660754.0687141}, "cmdq": 1, "read": {"device_start": -1, "device_end": -1}}, "FFC_sans_bias133": {"write": {"device_start": 1585660754.1029973, "host_queued_start": 1585660821.490596, "device_queued": 1585660754.0346568, "device_end": 1585660754.1030946, "host_queued_end": 1585660821.494068}, "device": "gpu", "nd_range": {"device_start": 1585660754.1030972, "device_end": 1585660754.1087277}, "cmdq": 0, "read": {"device_start": 1585660754.1087358, "device_end": 1585660754.1088355}}, "FFC_sans_bias132": {"write": {"device_start": -1, "host_queued_start": 1585660821.480434, "device_queued": -1, "device_end": -1, "host_queued_end": 1585660821.494068}, "device": "gpu", "nd_range": {"device_start": 1585660754.0892854, "device_end": 1585660754.0957348}, "cmdq": 0, "read": {"device_start": -1, "device_end": -1}}, "softmax68": {"write": {"device_start": -1, "host_queued_start": 1585660821.667589, "device_queued": -1, "device_end": -1, "host_queued_end": 1585660821.713216}, "device": "cpu", "nd_range": {"device_start": 2328597.628786901, "device_end": 2328597.629509109}, "cmdq": 1, "read": {"device_start": -1, "device_end": -1}}, "softmax131": {"write": {"device_start": -1, "host_queued_start": 1585660821.479132, "device_queued": -1, "device_end": -1, "host_queued_end": 1585660821.494068}, "device": "gpu", "nd_range": {"device_start": 1585660754.082394, "device_end": 1585660754.0829816}, "cmdq": 0, "read": {"device_start": -1, "device_end": -1}}, "empty125": {"write": {"device_start": 1585660754.0283802, "host_queued_start": 1585660821.431183, "device_queued": 1585660754.0280213, "device_end": 1585660754.0286155, "host_queued_end": 1585660821.494068}, "device": "gpu", "nd_range": {"device_start": 1585660754.028619, "device_end": 1585660754.028624}, "cmdq": 1, "read": {"device_start": -1, "device_end": -1}}, "FFC_sans_bias139": {"write": {"device_start": -1, "host_queued_start": 1585660821.478387, "device_queued": -1, "device_end": -1, "host_queued_end": 1585660821.494068}, "device": "gpu", "nd_range": {"device_start": 1585660754.0752678, "device_end": 1585660754.0817614}, "cmdq": 1, "read": {"device_start": -1, "device_end": -1}}, "empty35": {"write": {"device_start": -1, "host_queued_start": 1585660821.506976, "device_queued": -1, "device_end": -1, "host_queued_end": 1585660821.713216}, "device": "cpu", "nd_range": {"device_start": 2328595.9028796083, "device_end": 2328595.902880982}, "cmdq": 0, "read": {"device_start": -1, "device_end": -1}}, "softmax86": {"write": {"device_start": -1, "host_queued_start": 1585660821.668624, "device_queued": -1, "device_end": -1, "host_queued_end": 1585660821.713216}, "device": "cpu", "nd_range": {"device_start": 2328597.568298552, "device_end": 2328597.569001397}, "cmdq": 0, "read": {"device_start": -1, "device_end": -1}}, "FFC_sans_bias55": {"write": {"device_start": -1, "host_queued_start": 1585660821.599694, "device_queued": -1, "device_end": -1, "host_queued_end": 1585660821.713216}, "device": "cpu", "nd_range": {"device_start": 2328596.4814945683, "device_end": 2328596.574605898}, "cmdq": 2, "read": {"device_start": -1, "device_end": -1}}, "FFC_sans_bias54": {"write": {"device_start": -1, "host_queued_start": 1585660821.596366, "device_queued": -1, "device_end": -1, "host_queued_end": 1585660821.713216}, "device": "cpu", "nd_range": {"device_start": 2328596.546903694, "device_end": 2328596.6270395173}, "cmdq": 1, "read": {"device_start": -1, "device_end": -1}}, "FFC_sans_bias56": {"write": {"device_start": -1, "host_queued_start": 1585660821.59306, "device_queued": -1, "device_end": -1, "host_queued_end": 1585660821.713216}, "device": "cpu", "nd_range": {"device_start": 2328596.640886187, "device_end": 2328596.7088715304}, "cmdq": 0, "read": {"device_start": -1, "device_end": -1}}, "FFC_sans_bias51": {"write": {"device_start": -1, "host_queued_start": 1585660821.673295, "device_queued": -1, "device_end": -1, "host_queued_end": 1585660821.713216}, "device": "cpu", "nd_range": {"device_start": 2328597.777955235, "device_end": 2328597.8684719773}, "cmdq": 2, "read": {"device_start": -1, "device_end": -1}}, "FFC_sans_bias52": {"write": {"device_start": -1, "host_queued_start": 1585660821.695153, "device_queued": -1, "device_end": -1, "host_queued_end": 1585660821.713216}, "device": "cpu", "nd_range": {"device_start": 2328598.2088055382, "device_end": 2328598.346438371}, "cmdq": 2, "read": {"device_start": -1, "device_end": -1}}, "FFC_sans_bias58": {"write": {"device_start": -1, "host_queued_start": 1585660821.660339, "device_queued": -1, "device_end": -1, "host_queued_end": 1585660821.713216}, "device": "cpu", "nd_range": {"device_start": 2328597.364833868, "device_end": 2328597.459209689}, "cmdq": 0, "read": {"device_start": -1, "device_end": -1}}, "FFC_sans_bias108": {"write": {"device_start": 1585660754.0293508, "host_queued_start": 1585660821.439568, "device_queued": 1585660754.0290248, "device_end": 1585660754.0294456, "host_queued_end": 1585660821.494068}, "device": "gpu", "nd_range": {"device_start": 1585660754.0294495, "device_end": 1585660754.0328107}, "cmdq": 0, "read": {"device_start": -1, "device_end": -1}}, "FFC_sans_bias109": {"write": {"device_start": 1585660754.0297358, "host_queued_start": 1585660821.442654, "device_queued": 1585660754.029485, "device_end": 1585660754.0298312, "host_queued_end": 1585660821.494068}, "device": "gpu", "nd_range": {"device_start": 1585660754.0298336, "device_end": 1585660754.0361366}, "cmdq": 1, "read": {"device_start": -1, "device_end": -1}}, "coalesced_transpose129": {"write": {"device_start": -1, "host_queued_start": 1585660821.476782, "device_queued": -1, "device_end": -1, "host_queued_end": 1585660821.494068}, "device": "gpu", "nd_range": {"device_start": 1585660754.0685124, "device_end": 1585660754.0685596}, "cmdq": 0, "read": {"device_start": -1, "device_end": -1}}, "FFC_sans_bias103": {"write": {"device_start": -1, "host_queued_start": 1585660821.663383, "device_queued": -1, "device_end": -1, "host_queued_end": 1585660821.713216}, "device": "cpu", "nd_range": {"device_start": 2328597.542920473, "device_end": 2328597.6500732983}, "cmdq": 2, "read": {"device_start": -1, "device_end": -1}}, "FFC_sans_bias100": {"write": {"device_start": -1, "host_queued_start": 1585660821.64629, "device_queued": -1, "device_end": -1, "host_queued_end": 1585660821.713216}, "device": "cpu", "nd_range": {"device_start": 2328597.0863701194, "device_end": 2328597.189707064}, "cmdq": 1, "read": {"device_start": -1, "device_end": -1}}, "FFC_sans_bias101": {"write": {"device_start": -1, "host_queued_start": 1585660821.649594, "device_queued": -1, "device_end": -1, "host_queued_end": 1585660821.713216}, "device": "cpu", "nd_range": {"device_start": 2328597.057581873, "device_end": 2328597.142234065}, "cmdq": 2, "read": {"device_start": -1, "device_end": -1}}, "FFC_sans_bias106": {"write": {"device_start": -1, "host_queued_start": 1585660821.713097, "device_queued": -1, "device_end": -1, "host_queued_end": 1585660821.713216}, "device": "cpu", "nd_range": {"device_start": 2328598.443065279, "device_end": 2328598.484518141}, "cmdq": 2, "read": {"device_start": -1, "device_end": -1}}, "softmax122": {"write": {"device_start": -1, "host_queued_start": 1585660821.47889, "device_queued": -1, "device_end": -1, "host_queued_end": 1585660821.494068}, "device": "gpu", "nd_range": {"device_start": 1585660754.0817626, "device_end": 1585660754.0821786}, "cmdq": 1, "read": {"device_start": -1, "device_end": -1}}, "FFC_sans_bias105": {"write": {"device_start": -1, "host_queued_start": 1585660821.676972, "device_queued": -1, "device_end": -1, "host_queued_end": 1585660821.713216}, "device": "cpu", "nd_range": {"device_start": 2328597.997448572, "device_end": 2328598.1391416043}, "cmdq": 2, "read": {"device_start": -1, "device_end": -1}}, "softmax95": {"write": {"device_start": -1, "host_queued_start": 1585660821.669143, "device_queued": -1, "device_end": -1, "host_queued_end": 1585660821.713216}, "device": "cpu", "nd_range": {"device_start": 2328597.629649242, "device_end": 2328597.630360398}, "cmdq": 1, "read": {"device_start": -1, "device_end": -1}}, "coalesced_transpose57": {"write": {"device_start": -1, "host_queued_start": 1585660821.653234, "device_queued": -1, "device_end": -1, "host_queued_end": 1585660821.713216}, "device": "cpu", "nd_range": {"device_start": 2328597.187783609, "device_end": 2328597.188219392}, "cmdq": 0, "read": {"device_start": -1, "device_end": -1}}, "empty26": {"write": {"device_start": -1, "host_queued_start": 1585660821.504036, "device_queued": -1, "device_end": -1, "host_queued_end": 1585660821.713216}, "device": "cpu", "nd_range": {"device_start": 2328595.9028479042, "device_end": 2328595.90285538}, "cmdq": 2, "read": {"device_start": -1, "device_end": -1}}, "softmax113": {"write": {"device_start": -1, "host_queued_start": 1585660821.478644, "device_queued": -1, "device_end": -1, "host_queued_end": 1585660821.494068}, "device": "gpu", "nd_range": {"device_start": 1585660754.0786083, "device_end": 1585660754.082393}, "cmdq": 0, "read": {"device_start": -1, "device_end": -1}}, "FFC_sans_bias11": {"write": {"device_start": -1, "host_queued_start": 1585660821.548616, "device_queued": -1, "device_end": -1, "host_queued_end": 1585660821.713216}, "device": "cpu", "nd_range": {"device_start": 2328595.964660149, "device_end": 2328596.056216496}, "cmdq": 2, "read": {"device_start": -1, "device_end": -1}}, "FFC_sans_bias42": {"write": {"device_start": -1, "host_queued_start": 1585660821.672683, "device_queued": -1, "device_end": -1, "host_queued_end": 1585660821.713216}, "device": "cpu", "nd_range": {"device_start": 2328597.7276915223, "device_end": 2328597.855951109}, "cmdq": 1, "read": {"device_start": -1, "device_end": -1}}, "FFC_sans_bias43": {"write": {"device_start": -1, "host_queued_start": 1585660821.692151, "device_queued": -1, "device_end": -1, "host_queued_end": 1585660821.713216}, "device": "cpu", "nd_range": {"device_start": 2328598.1484163213, "device_end": 2328598.2431757012}, "cmdq": 1, "read": {"device_start": -1, "device_end": -1}}, "FFC_sans_bias40": {"write": {"device_start": -1, "host_queued_start": 1585660821.659153, "device_queued": -1, "device_end": -1, "host_queued_end": 1585660821.713216}, "device": "cpu", "nd_range": {"device_start": 2328597.345390853, "device_end": 2328597.445676987}, "cmdq": 1, "read": {"device_start": -1, "device_end": -1}}, "FFC_sans_bias46": {"write": {"device_start": -1, "host_queued_start": 1585660821.586359, "device_queued": -1, "device_end": -1, "host_queued_end": 1585660821.713216}, "device": "cpu", "nd_range": {"device_start": 2328596.4253499904, "device_end": 2328596.546674297}, "cmdq": 1, "read": {"device_start": -1, "device_end": -1}}, "FFC_sans_bias47": {"write": {"device_start": -1, "host_queued_start": 1585660821.589701, "device_queued": -1, "device_end": -1, "host_queued_end": 1585660821.713216}, "device": "cpu", "nd_range": {"device_start": 2328596.388892039, "device_end": 2328596.4791351203}, "cmdq": 2, "read": {"device_start": -1, "device_end": -1}}, "FFC_sans_bias45": {"write": {"device_start": -1, "host_queued_start": 1585660821.583029, "device_queued": -1, "device_end": -1, "host_queued_end": 1585660821.713216}, "device": "cpu", "nd_range": {"device_start": 2328596.518109999, "device_end": 2328596.64068063}, "cmdq": 0, "read": {"device_start": -1, "device_end": -1}}, "FFC_sans_bias49": {"write": {"device_start": -1, "host_queued_start": 1585660821.659746, "device_queued": -1, "device_end": -1, "host_queued_end": 1585660821.713216}, "device": "cpu", "nd_range": {"device_start": 2328597.304286289, "device_end": 2328597.4264814123}, "cmdq": 2, "read": {"device_start": -1, "device_end": -1}}, "softmax77": {"write": {"device_start": -1, "host_queued_start": 1585660821.668108, "device_queued": -1, "device_end": -1, "host_queued_end": 1585660821.713216}, "device": "cpu", "nd_range": {"device_start": 2328597.658689047, "device_end": 2328597.659408133}, "cmdq": 2, "read": {"device_start": -1, "device_end": -1}}, "empty134": {"write": {"device_start": 1585660754.028717, "host_queued_start": 1585660821.433851, "device_queued": 1585660754.028307, "device_end": 1585660754.0290015, "host_queued_end": 1585660821.494068}, "device": "gpu", "nd_range": {"device_start": 1585660754.0290115, "device_end": 1585660754.0290163}, "cmdq": 0, "read": {"device_start": -1, "device_end": -1}}, "coalesced_transpose138": {"write": {"device_start": -1, "host_queued_start": 1585660821.477081, "device_queued": -1, "device_end": -1, "host_queued_end": 1585660821.494068}, "device": "gpu", "nd_range": {"device_start": 1585660754.07185, "device_end": 1585660754.0718834}, "cmdq": 1, "read": {"device_start": -1, "device_end": -1}}, "FFC_sans_bias119": {"write": {"device_start": 1585660754.0429878, "host_queued_start": 1585660821.455958, "device_queued": 1585660754.0305305, "device_end": 1585660754.0430894, "host_queued_end": 1585660821.494068}, "device": "gpu", "nd_range": {"device_start": 1585660754.043094, "device_end": 1585660754.049213}, "cmdq": 1, "read": {"device_start": -1, "device_end": -1}}, "FFC_sans_bias118": {"write": {"device_start": 1585660754.0398843, "host_queued_start": 1585660821.452633, "device_queued": 1585660754.0302997, "device_end": 1585660754.0399878, "host_queued_end": 1585660821.494068}, "device": "gpu", "nd_range": {"device_start": 1585660754.0399933, "device_end": 1585660754.0458953}, "cmdq": 0, "read": {"device_start": -1, "device_end": -1}}, "empty143": {"write": {"device_start": 1585660754.029038, "host_queued_start": 1585660821.436466, "device_queued": 1585660754.0286381, "device_end": 1585660754.0292985, "host_queued_end": 1585660821.494068}, "device": "gpu", "nd_range": {"device_start": 1585660754.0293076, "device_end": 1585660754.0293117}, "cmdq": 1, "read": {"device_start": -1, "device_end": -1}}, "FFC_sans_bias115": {"write": {"device_start": 1585660754.0960958, "host_queued_start": 1585660821.483981, "device_queued": 1585660754.0341012, "device_end": 1585660754.0961957, "host_queued_end": 1585660821.494068}, "device": "gpu", "nd_range": {"device_start": 1585660754.0962, "device_end": 1585660754.1022997}, "cmdq": 0, "read": {"device_start": 1585660754.1023054, "device_end": 1585660754.1023984}}, "FFC_sans_bias114": {"write": {"device_start": -1, "host_queued_start": 1585660821.479811, "device_queued": -1, "device_end": -1, "host_queued_end": 1585660821.494068}, "device": "gpu", "nd_range": {"device_start": 1585660754.082983, "device_end": 1585660754.0892844}, "cmdq": 0, "read": {"device_start": -1, "device_end": -1}}, "FFC_sans_bias117": {"write": {"device_start": 1585660754.0365055, "host_queued_start": 1585660821.449274, "device_queued": 1585660754.0300715, "device_end": 1585660754.036608, "host_queued_end": 1585660821.494068}, "device": "gpu", "nd_range": {"device_start": 1585660754.0366125, "device_end": 1585660754.0425842}, "cmdq": 1, "read": {"device_start": -1, "device_end": -1}}, "softmax5": {"write": {"device_start": -1, "host_queued_start": 1585660821.663917, "device_queued": -1, "device_end": -1, "host_queued_end": 1585660821.713216}, "device": "cpu", "nd_range": {"device_start": 2328597.566120854, "device_end": 2328597.566856584}, "cmdq": 0, "read": {"device_start": -1, "device_end": -1}}, "FFC_sans_bias110": {"write": {"device_start": 1585660754.0331764, "host_queued_start": 1585660821.445939, "device_queued": 1585660754.0298412, "device_end": 1585660754.0332773, "host_queued_end": 1585660821.494068}, "device": "gpu", "nd_range": {"device_start": 1585660754.033281, "device_end": 1585660754.0394657}, "cmdq": 0, "read": {"device_start": -1, "device_end": -1}}, "FFC_sans_bias112": {"write": {"device_start": -1, "host_queued_start": 1585660821.477397, "device_queued": -1, "device_end": -1, "host_queued_end": 1585660821.494068}, "device": "gpu", "nd_range": {"device_start": 1585660754.068561, "device_end": 1585660754.071992}, "cmdq": 0, "read": {"device_start": -1, "device_end": -1}}, "empty53": {"write": {"device_start": -1, "host_queued_start": 1585660821.512556, "device_queued": -1, "device_end": -1, "host_queued_end": 1585660821.713216}, "device": "cpu", "nd_range": {"device_start": 2328595.9028801513, "device_end": 2328595.902881671}, "cmdq": 2, "read": {"device_start": -1, "device_end": -1}}, "coalesced_transpose48": {"write": {"device_start": -1, "host_queued_start": 1585660821.652634, "device_queued": -1, "device_end": -1, "host_queued_end": 1585660821.713216}, "device": "cpu", "nd_range": {"device_start": 2328597.1435826113, "device_end": 2328597.144551943}, "cmdq": 2, "read": {"device_start": -1, "device_end": -1}}}