{"FFC_sans_bias4": {"write": {"device_start": -1, "host_queued_start": 1585660997.558459, "device_queued": -1, "device_end": -1, "host_queued_end": 1585660997.624373}, "device": "cpu", "nd_range": {"device_start": 2328773.758813404, "device_end": 2328773.8836839153}, "cmdq": 0, "read": {"device_start": -1, "device_end": -1}}, "FFC_sans_bias7": {"write": {"device_start": -1, "host_queued_start": 1585660997.585355, "device_queued": -1, "device_end": -1, "host_queued_end": 1585660997.624373}, "device": "cpu", "nd_range": {"device_start": 2328774.466944701, "device_end": 2328774.595084979}, "cmdq": 2, "read": {"device_start": -1, "device_end": -1}}, "FFC_sans_bias6": {"write": {"device_start": -1, "host_queued_start": 1585660997.574324, "device_queued": -1, "device_end": -1, "host_queued_end": 1585660997.624373}, "device": "cpu", "nd_range": {"device_start": 2328774.035246739, "device_end": 2328774.1580369333}, "cmdq": 3, "read": {"device_start": -1, "device_end": -1}}, "FFC_sans_bias1": {"write": {"device_start": -1, "host_queued_start": 1585660997.416998, "device_queued": -1, "device_end": -1, "host_queued_end": 1585660997.624373}, "device": "cpu", "nd_range": {"device_start": 2328772.856120006, "device_end": 2328772.979292511}, "cmdq": 0, "read": {"device_start": -1, "device_end": -1}}, "FFC_sans_bias0": {"write": {"device_start": -1, "host_queued_start": 1585660997.413679, "device_queued": -1, "device_end": -1, "host_queued_end": 1585660997.624373}, "device": "cpu", "nd_range": {"device_start": 2328771.814103919, "device_end": 2328771.946291488}, "cmdq": 4, "read": {"device_start": -1, "device_end": -1}}, "FFC_sans_bias2": {"write": {"device_start": -1, "host_queued_start": 1585660997.420336, "device_queued": -1, "device_end": -1, "host_queued_end": 1585660997.624373}, "device": "cpu", "nd_range": {"device_start": 2328771.814080555, "device_end": 2328771.9369871863}, "cmdq": 1, "read": {"device_start": -1, "device_end": -1}}, "coalesced_transpose120": {"write": {"device_start": -1, "host_queued_start": 1585660997.557837, "device_queued": -1, "device_end": -1, "host_queued_end": 1585660997.624373}, "device": "cpu", "nd_range": {"device_start": 2328773.146482347, "device_end": 2328773.147360537}, "cmdq": 4, "read": {"device_start": -1, "device_end": -1}}, "FFC_sans_bias9": {"write": {"device_start": -1, "host_queued_start": 1585660997.423669, "device_queued": -1, "device_end": -1, "host_queued_end": 1585660997.624373}, "device": "cpu", "nd_range": {"device_start": 2328771.8152724523, "device_end": 2328771.9375980403}, "cmdq": 2, "read": {"device_start": -1, "device_end": -1}}, "empty71": {"write": {"device_start": -1, "host_queued_start": 1585660997.394709, "device_queued": -1, "device_end": -1, "host_queued_end": 1585660997.624373}, "device": "cpu", "nd_range": {"device_start": 2328771.814054863, "device_end": 2328771.814056373}, "cmdq": 2, "read": {"device_start": -1, "device_end": -1}}, "softmax41": {"write": {"device_start": -1, "host_queued_start": 1585660997.568994, "device_queued": -1, "device_end": -1, "host_queued_end": 1585660997.624373}, "device": "cpu", "nd_range": {"device_start": 2328774.033768034, "device_end": 2328774.0344889443}, "cmdq": 3, "read": {"device_start": -1, "device_end": -1}}, "FFC_sans_bias37": {"write": {"device_start": -1, "host_queued_start": 1585660997.456971, "device_queued": -1, "device_end": -1, "host_queued_end": 1585660997.624373}, "device": "cpu", "nd_range": {"device_start": 2328772.059744108, "device_end": 2328772.2066035313}, "cmdq": 2, "read": {"device_start": -1, "device_end": -1}}, "FFC_sans_bias36": {"write": {"device_start": -1, "host_queued_start": 1585660997.453648, "device_queued": -1, "device_end": -1, "host_queued_end": 1585660997.624373}, "device": "cpu", "nd_range": {"device_start": 2328772.059554101, "device_end": 2328772.18200946}, "cmdq": 1, "read": {"device_start": -1, "device_end": -1}}, "FFC_sans_bias34": {"write": {"device_start": -1, "host_queued_start": 1585660997.594443, "device_queued": -1, "device_end": -1, "host_queued_end": 1585660997.624373}, "device": "cpu", "nd_range": {"device_start": 2328774.50514846, "device_end": 2328774.6278982423}, "cmdq": 0, "read": {"device_start": -1, "device_end": -1}}, "FFC_sans_bias33": {"write": {"device_start": -1, "host_queued_start": 1585660997.576134, "device_queued": -1, "device_end": -1, "host_queued_end": 1585660997.624373}, "device": "cpu", "nd_range": {"device_start": 2328773.8205826953, "device_end": 2328773.948842217}, "cmdq": 1, "read": {"device_start": -1, "device_end": -1}}, "FFC_sans_bias31": {"write": {"device_start": -1, "host_queued_start": 1585660997.560278, "device_queued": -1, "device_end": -1, "host_queued_end": 1585660997.624373}, "device": "cpu", "nd_range": {"device_start": 2328773.329957637, "device_end": 2328773.4096940923}, "cmdq": 3, "read": {"device_start": -1, "device_end": -1}}, "FFC_sans_bias38": {"write": {"device_start": -1, "host_queued_start": 1585660997.460322, "device_queued": -1, "device_end": -1, "host_queued_end": 1585660997.624373}, "device": "cpu", "nd_range": {"device_start": 2328772.250941746, "device_end": 2328772.373101205}, "cmdq": 3, "read": {"device_start": -1, "device_end": -1}}, "coalesced_transpose75": {"write": {"device_start": -1, "host_queued_start": 1585660997.554921, "device_queued": -1, "device_end": -1, "host_queued_end": 1585660997.624373}, "device": "cpu", "nd_range": {"device_start": 2328773.1454815743, "device_end": 2328773.1463439954}, "cmdq": 4, "read": {"device_start": -1, "device_end": -1}}, "softmax140": {"write": {"device_start": -1, "host_queued_start": 1585660997.364229, "device_queued": -1, "device_end": -1, "host_queued_end": 1585660997.371519}, "device": "gpu", "nd_range": {"device_start": 1585660929.92784, "device_end": 1585660929.9282515}, "cmdq": 1, "read": {"device_start": -1, "device_end": -1}}, "empty44": {"write": {"device_start": -1, "host_queued_start": 1585660997.386709, "device_queued": -1, "device_end": -1, "host_queued_end": 1585660997.624373}, "device": "cpu", "nd_range": {"device_start": 2328771.8140738783, "device_end": 2328771.814078192}, "cmdq": 4, "read": {"device_start": -1, "device_end": -1}}, "FFC_sans_bias137": {"write": {"device_start": 1585660929.9120185, "host_queued_start": 1585660997.359081, "device_queued": 1585660929.9024818, "device_end": 1585660929.9121227, "host_queued_end": 1585660997.371519}, "device": "gpu", "nd_range": {"device_start": 1585660929.9121265, "device_end": 1585660929.918069}, "cmdq": 0, "read": {"device_start": -1, "device_end": -1}}, "empty8": {"write": {"device_start": -1, "host_queued_start": 1585660997.375279, "device_queued": -1, "device_end": -1, "host_queued_end": 1585660997.624373}, "device": "cpu", "nd_range": {"device_start": 2328771.8140165224, "device_end": 2328771.814028343}, "cmdq": 0, "read": {"device_start": -1, "device_end": -1}}, "softmax50": {"write": {"device_start": -1, "host_queued_start": 1585660997.569534, "device_queued": -1, "device_end": -1, "host_queued_end": 1585660997.624373}, "device": "cpu", "nd_range": {"device_start": 2328774.03302501, "device_end": 2328774.033759987}, "cmdq": 4, "read": {"device_start": -1, "device_end": -1}}, "softmax59": {"write": {"device_start": -1, "host_queued_start": 1585660997.570071, "device_queued": -1, "device_end": -1, "host_queued_end": 1585660997.624373}, "device": "cpu", "nd_range": {"device_start": 2328774.1319290083, "device_end": 2328774.132641972}, "cmdq": 0, "read": {"device_start": -1, "device_end": -1}}, "FFC_sans_bias142": {"write": {"device_start": 1585660929.9319625, "host_queued_start": 1585660997.371406, "device_queued": 1585660929.904059, "device_end": 1585660929.932063, "host_queued_end": 1585660997.371519}, "device": "gpu", "nd_range": {"device_start": 1585660929.9320657, "device_end": 1585660929.9381914}, "cmdq": 1, "read": {"device_start": 1585660929.9381945, "device_end": 1585660929.9382808}}, "FFC_sans_bias141": {"write": {"device_start": -1, "host_queued_start": 1585660997.364847, "device_queued": -1, "device_end": -1, "host_queued_end": 1585660997.371519}, "device": "gpu", "nd_range": {"device_start": 1585660929.9282527, "device_end": 1585660929.9316137}, "cmdq": 1, "read": {"device_start": -1, "device_end": -1}}, "FFC_sans_bias24": {"write": {"device_start": -1, "host_queued_start": 1585660997.57554, "device_queued": -1, "device_end": -1, "host_queued_end": 1585660997.624373}, "device": "cpu", "nd_range": {"device_start": 2328774.133589156, "device_end": 2328774.257565833}, "cmdq": 0, "read": {"device_start": -1, "device_end": -1}}, "FFC_sans_bias25": {"write": {"device_start": -1, "host_queued_start": 1585660997.591472, "device_queued": -1, "device_end": -1, "host_queued_end": 1585660997.624373}, "device": "cpu", "nd_range": {"device_start": 2328774.681120639, "device_end": 2328774.8033990883}, "cmdq": 4, "read": {"device_start": -1, "device_end": -1}}, "FFC_sans_bias27": {"write": {"device_start": -1, "host_queued_start": 1585660997.443663, "device_queued": -1, "device_end": -1, "host_queued_end": 1585660997.624373}, "device": "cpu", "nd_range": {"device_start": 2328772.046186501, "device_end": 2328772.250908668}, "cmdq": 3, "read": {"device_start": -1, "device_end": -1}}, "FFC_sans_bias20": {"write": {"device_start": -1, "host_queued_start": 1585660997.440333, "device_queued": -1, "device_end": -1, "host_queued_end": 1585660997.624373}, "device": "cpu", "nd_range": {"device_start": 2328771.937620756, "device_end": 2328772.0597331612}, "cmdq": 2, "read": {"device_start": -1, "device_end": -1}}, "FFC_sans_bias22": {"write": {"device_start": -1, "host_queued_start": 1585660997.559679, "device_queued": -1, "device_end": -1, "host_queued_end": 1585660997.624373}, "device": "cpu", "nd_range": {"device_start": 2328773.2750759143, "device_end": 2328773.401004204}, "cmdq": 2, "read": {"device_start": -1, "device_end": -1}}, "FFC_sans_bias130": {"write": {"device_start": -1, "host_queued_start": 1585660997.363412, "device_queued": -1, "device_end": -1, "host_queued_end": 1585660997.371519}, "device": "gpu", "nd_range": {"device_start": 1585660929.921132, "device_end": 1585660929.9246063}, "cmdq": 0, "read": {"device_start": -1, "device_end": -1}}, "FFC_sans_bias28": {"write": {"device_start": -1, "host_queued_start": 1585660997.446972, "device_queued": -1, "device_end": -1, "host_queued_end": 1585660997.624373}, "device": "cpu", "nd_range": {"device_start": 2328772.0760937342, "device_end": 2328772.205655512}, "cmdq": 4, "read": {"device_start": -1, "device_end": -1}}, "FFC_sans_bias29": {"write": {"device_start": -1, "host_queued_start": 1585660997.450329, "device_queued": -1, "device_end": -1, "host_queued_end": 1585660997.624373}, "device": "cpu", "nd_range": {"device_start": 2328773.075345444, "device_end": 2328773.1931091193}, "cmdq": 0, "read": {"device_start": -1, "device_end": -1}}, "coalesced_transpose66": {"write": {"device_start": -1, "host_queued_start": 1585660997.554339, "device_queued": -1, "device_end": -1, "host_queued_end": 1585660997.624373}, "device": "cpu", "nd_range": {"device_start": 2328773.328084508, "device_end": 2328773.328998277}, "cmdq": 3, "read": {"device_start": -1, "device_end": -1}}, "coalesced_transpose93": {"write": {"device_start": -1, "host_queued_start": 1585660997.556073, "device_queued": -1, "device_end": -1, "host_queued_end": 1585660997.624373}, "device": "cpu", "nd_range": {"device_start": 2328773.579280272, "device_end": 2328773.5805197214}, "cmdq": 1, "read": {"device_start": -1, "device_end": -1}}, "softmax23": {"write": {"device_start": -1, "host_queued_start": 1585660997.567946, "device_queued": -1, "device_end": -1, "host_queued_end": 1585660997.624373}, "device": "cpu", "nd_range": {"device_start": 2328773.817521568, "device_end": 2328773.81829616}, "cmdq": 1, "read": {"device_start": -1, "device_end": -1}}, "empty62": {"write": {"device_start": -1, "host_queued_start": 1585660997.392114, "device_queued": -1, "device_end": -1, "host_queued_end": 1585660997.624373}, "device": "cpu", "nd_range": {"device_start": 2328771.8140697423, "device_end": 2328771.81407029}, "cmdq": 1, "read": {"device_start": -1, "device_end": -1}}, "FFC_sans_bias10": {"write": {"device_start": -1, "host_queued_start": 1585660997.426979, "device_queued": -1, "device_end": -1, "host_queued_end": 1585660997.624373}, "device": "cpu", "nd_range": {"device_start": 2328771.8140878864, "device_end": 2328772.046162702}, "cmdq": 3, "read": {"device_start": -1, "device_end": -1}}, "FFC_sans_bias13": {"write": {"device_start": -1, "host_queued_start": 1585660997.559068, "device_queued": -1, "device_end": -1, "host_queued_end": 1585660997.624373}, "device": "cpu", "nd_range": {"device_start": 2328773.580542638, "device_end": 2328773.649812368}, "cmdq": 1, "read": {"device_start": -1, "device_end": -1}}, "FFC_sans_bias15": {"write": {"device_start": -1, "host_queued_start": 1585660997.574946, "device_queued": -1, "device_end": -1, "host_queued_end": 1585660997.624373}, "device": "cpu", "nd_range": {"device_start": 2328774.312602439, "device_end": 2328774.435664939}, "cmdq": 4, "read": {"device_start": -1, "device_end": -1}}, "FFC_sans_bias16": {"write": {"device_start": -1, "host_queued_start": 1585660997.588443, "device_queued": -1, "device_end": -1, "host_queued_end": 1585660997.624373}, "device": "cpu", "nd_range": {"device_start": 2328774.8534261123, "device_end": 2328774.982218948}, "cmdq": 3, "read": {"device_start": -1, "device_end": -1}}, "FFC_sans_bias19": {"write": {"device_start": -1, "host_queued_start": 1585660997.43697, "device_queued": -1, "device_end": -1, "host_queued_end": 1585660997.624373}, "device": "cpu", "nd_range": {"device_start": 2328771.9370105, "device_end": 2328772.05954014}, "cmdq": 1, "read": {"device_start": -1, "device_end": -1}}, "FFC_sans_bias18": {"write": {"device_start": -1, "host_queued_start": 1585660997.433635, "device_queued": -1, "device_end": -1, "host_queued_end": 1585660997.624373}, "device": "cpu", "nd_range": {"device_start": 2328772.9793145163, "device_end": 2328773.07532258}, "cmdq": 0, "read": {"device_start": -1, "device_end": -1}}, "FFC_sans_bias99": {"write": {"device_start": -1, "host_queued_start": 1585660997.523671, "device_queued": -1, "device_end": -1, "host_queued_end": 1585660997.624373}, "device": "cpu", "nd_range": {"device_start": 2328772.9710309883, "device_end": 2328773.1285159}, "cmdq": 2, "read": {"device_start": -1, "device_end": -1}}, "FFC_sans_bias91": {"write": {"device_start": -1, "host_queued_start": 1585660997.517061, "device_queued": -1, "device_end": -1, "host_queued_end": 1585660997.624373}, "device": "cpu", "nd_range": {"device_start": 2328773.435562306, "device_end": 2328773.576708254}, "cmdq": 0, "read": {"device_start": -1, "device_end": -1}}, "FFC_sans_bias90": {"write": {"device_start": -1, "host_queued_start": 1585660997.513728, "device_queued": -1, "device_end": -1, "host_queued_end": 1585660997.624373}, "device": "cpu", "nd_range": {"device_start": 2328772.754228921, "device_end": 2328772.913750141}, "cmdq": 4, "read": {"device_start": -1, "device_end": -1}}, "coalesced_transpose12": {"write": {"device_start": -1, "host_queued_start": 1585660997.550876, "device_queued": -1, "device_end": -1, "host_queued_end": 1585660997.624373}, "device": "cpu", "nd_range": {"device_start": 2328773.2644845, "device_end": 2328773.273152865}, "cmdq": 2, "read": {"device_start": -1, "device_end": -1}}, "FFC_sans_bias94": {"write": {"device_start": -1, "host_queued_start": 1585660997.564575, "device_queued": -1, "device_end": -1, "host_queued_end": 1585660997.624373}, "device": "cpu", "nd_range": {"device_start": 2328774.007017053, "device_end": 2328774.130860987}, "cmdq": 0, "read": {"device_start": -1, "device_end": -1}}, "FFC_sans_bias97": {"write": {"device_start": -1, "host_queued_start": 1585660997.615425, "device_queued": -1, "device_end": -1, "host_queued_end": 1585660997.624373}, "device": "cpu", "nd_range": {"device_start": 2328774.982410156, "device_end": 2328775.1622856744}, "cmdq": 2, "read": {"device_start": -1, "device_end": -1}}, "FFC_sans_bias96": {"write": {"device_start": -1, "host_queued_start": 1585660997.580365, "device_queued": -1, "device_end": -1, "host_queued_end": 1585660997.624373}, "device": "cpu", "nd_range": {"device_start": 2328774.72426229, "device_end": 2328774.853392347}, "cmdq": 3, "read": {"device_start": -1, "device_end": -1}}, "FFC_sans_bias124": {"write": {"device_start": -1, "host_queued_start": 1585660997.624317, "device_queued": -1, "device_end": -1, "host_queued_end": 1585660997.624373}, "device": "cpu", "nd_range": {"device_start": 2328774.750383545, "device_end": 2328774.872703398}, "cmdq": 0, "read": {"device_start": -1, "device_end": -1}}, "FFC_sans_bias126": {"write": {"device_start": 1585660929.9019191, "host_queued_start": 1585660997.349011, "device_queued": 1585660929.9016457, "device_end": 1585660929.9020138, "host_queued_end": 1585660997.371519}, "device": "gpu", "nd_range": {"device_start": 1585660929.9020169, "device_end": 1585660929.9083207}, "cmdq": 1, "read": {"device_start": -1, "device_end": -1}}, "softmax32": {"write": {"device_start": -1, "host_queued_start": 1585660997.568468, "device_queued": -1, "device_end": -1, "host_queued_end": 1585660997.624373}, "device": "cpu", "nd_range": {"device_start": 2328773.6480697882, "device_end": 2328773.64879459}, "cmdq": 2, "read": {"device_start": -1, "device_end": -1}}, "coalesced_transpose84": {"write": {"device_start": -1, "host_queued_start": 1585660997.555492, "device_queued": -1, "device_end": -1, "host_queued_end": 1585660997.624373}, "device": "cpu", "nd_range": {"device_start": 2328773.7578131873, "device_end": 2328773.7586841183}, "cmdq": 0, "read": {"device_start": -1, "device_end": -1}}, "FFC_sans_bias121": {"write": {"device_start": -1, "host_queued_start": 1585660997.566347, "device_queued": -1, "device_end": -1, "host_queued_end": 1585660997.624373}, "device": "cpu", "nd_range": {"device_start": 2328773.501704502, "device_end": 2328773.5668683723}, "cmdq": 3, "read": {"device_start": -1, "device_end": -1}}, "empty98": {"write": {"device_start": -1, "host_queued_start": 1585660997.402699, "device_queued": -1, "device_end": -1, "host_queued_end": 1585660997.624373}, "device": "cpu", "nd_range": {"device_start": 2328771.8140627453, "device_end": 2328771.814063581}, "cmdq": 0, "read": {"device_start": -1, "device_end": -1}}, "empty107": {"write": {"device_start": -1, "host_queued_start": 1585660997.405345, "device_queued": -1, "device_end": -1, "host_queued_end": 1585660997.624373}, "device": "cpu", "nd_range": {"device_start": 2328771.814074811, "device_end": 2328771.814075416}, "cmdq": 1, "read": {"device_start": -1, "device_end": -1}}, "empty17": {"write": {"device_start": -1, "host_queued_start": 1585660997.378146, "device_queued": -1, "device_end": -1, "host_queued_end": 1585660997.624373}, "device": "cpu", "nd_range": {"device_start": 2328771.814063689, "device_end": 2328771.8140643933}, "cmdq": 1, "read": {"device_start": -1, "device_end": -1}}, "FFC_sans_bias87": {"write": {"device_start": -1, "host_queued_start": 1585660997.579778, "device_queued": -1, "device_end": -1, "host_queued_end": 1585660997.624373}, "device": "cpu", "nd_range": {"device_start": 2328774.33765232, "device_end": 2328774.466924149}, "cmdq": 2, "read": {"device_start": -1, "device_end": -1}}, "FFC_sans_bias85": {"write": {"device_start": -1, "host_queued_start": 1585660997.563964, "device_queued": -1, "device_end": -1, "host_queued_end": 1585660997.624373}, "device": "cpu", "nd_range": {"device_start": 2328773.90957424, "device_end": 2328774.0322545012}, "cmdq": 4, "read": {"device_start": -1, "device_end": -1}}, "FFC_sans_bias82": {"write": {"device_start": -1, "host_queued_start": 1585660997.506932, "device_queued": -1, "device_end": -1, "host_queued_end": 1585660997.624373}, "device": "cpu", "nd_range": {"device_start": 2328772.737769939, "device_end": 2328772.97100393}, "cmdq": 2, "read": {"device_start": -1, "device_end": -1}}, "FFC_sans_bias83": {"write": {"device_start": -1, "host_queued_start": 1585660997.510408, "device_queued": -1, "device_end": -1, "host_queued_end": 1585660997.624373}, "device": "cpu", "nd_range": {"device_start": 2328772.61843254, "device_end": 2328772.740986721}, "cmdq": 3, "read": {"device_start": -1, "device_end": -1}}, "FFC_sans_bias81": {"write": {"device_start": -1, "host_queued_start": 1585660997.503626, "device_queued": -1, "device_end": -1, "host_queued_end": 1585660997.624373}, "device": "cpu", "nd_range": {"device_start": 2328772.487950052, "device_end": 2328772.610468027}, "cmdq": 1, "read": {"device_start": -1, "device_end": -1}}, "FFC_sans_bias88": {"write": {"device_start": -1, "host_queued_start": 1585660997.612445, "device_queued": -1, "device_end": -1, "host_queued_end": 1585660997.624373}, "device": "cpu", "nd_range": {"device_start": 2328774.994736039, "device_end": 2328775.122443465}, "cmdq": 1, "read": {"device_start": -1, "device_end": -1}}, "coalesced_transpose30": {"write": {"device_start": -1, "host_queued_start": 1585660997.552039, "device_queued": -1, "device_end": -1, "host_queued_end": 1585660997.624373}, "device": "cpu", "nd_range": {"device_start": 2328773.1444544173, "device_end": 2328773.145326673}, "cmdq": 4, "read": {"device_start": -1, "device_end": -1}}, "FFC_sans_bias128": {"write": {"device_start": 1585660929.9015145, "host_queued_start": 1585660997.345952, "device_queued": 1585660929.901066, "device_end": 1585660929.901611, "host_queued_end": 1585660997.371519}, "device": "gpu", "nd_range": {"device_start": 1585660929.9016206, "device_end": 1585660929.904978}, "cmdq": 0, "read": {"device_start": -1, "device_end": -1}}, "coalesced_transpose39": {"write": {"device_start": -1, "host_queued_start": 1585660997.552612, "device_queued": -1, "device_end": -1, "host_queued_end": 1585660997.624373}, "device": "cpu", "nd_range": {"device_start": 2328773.756788366, "device_end": 2328773.757656782}, "cmdq": 0, "read": {"device_start": -1, "device_end": -1}}, "FFC_sans_bias79": {"write": {"device_start": -1, "host_queued_start": 1585660997.609396, "device_queued": -1, "device_end": -1, "host_queued_end": 1585660997.624373}, "device": "cpu", "nd_range": {"device_start": 2328774.627914025, "device_end": 2328774.750369031}, "cmdq": 0, "read": {"device_start": -1, "device_end": -1}}, "FFC_sans_bias78": {"write": {"device_start": -1, "host_queued_start": 1585660997.579185, "device_queued": -1, "device_end": -1, "host_queued_end": 1585660997.624373}, "device": "cpu", "nd_range": {"device_start": 2328773.948871766, "device_end": 2328774.077793126}, "cmdq": 1, "read": {"device_start": -1, "device_end": -1}}, "FFC_sans_bias73": {"write": {"device_start": -1, "host_queued_start": 1585660997.49694, "device_queued": -1, "device_end": -1, "host_queued_end": 1585660997.624373}, "device": "cpu", "nd_range": {"device_start": 2328772.4998872513, "device_end": 2328772.754211212}, "cmdq": 4, "read": {"device_start": -1, "device_end": -1}}, "FFC_sans_bias72": {"write": {"device_start": -1, "host_queued_start": 1585660997.49362, "device_queued": -1, "device_end": -1, "host_queued_end": 1585660997.624373}, "device": "cpu", "nd_range": {"device_start": 2328772.495652295, "device_end": 2328772.6184189823}, "cmdq": 3, "read": {"device_start": -1, "device_end": -1}}, "FFC_sans_bias70": {"write": {"device_start": -1, "host_queued_start": 1585660997.606416, "device_queued": -1, "device_end": -1, "host_queued_end": 1585660997.624373}, "device": "cpu", "nd_range": {"device_start": 2328774.803407059, "device_end": 2328774.9255789993}, "cmdq": 4, "read": {"device_start": -1, "device_end": -1}}, "FFC_sans_bias76": {"write": {"device_start": -1, "host_queued_start": 1585660997.563356, "device_queued": -1, "device_end": -1, "host_queued_end": 1585660997.624373}, "device": "cpu", "nd_range": {"device_start": 2328773.4097078103, "device_end": 2328773.501687224}, "cmdq": 3, "read": {"device_start": -1, "device_end": -1}}, "FFC_sans_bias74": {"write": {"device_start": -1, "host_queued_start": 1585660997.500321, "device_queued": -1, "device_end": -1, "host_queued_end": 1585660997.624373}, "device": "cpu", "nd_range": {"device_start": 2328773.319638459, "device_end": 2328773.435352963}, "cmdq": 0, "read": {"device_start": -1, "device_end": -1}}, "coalesced_transpose102": {"write": {"device_start": -1, "host_queued_start": 1585660997.556654, "device_queued": -1, "device_end": -1, "host_queued_end": 1585660997.624373}, "device": "cpu", "nd_range": {"device_start": 2328773.274120807, "device_end": 2328773.275067288}, "cmdq": 2, "read": {"device_start": -1, "device_end": -1}}, "coalesced_transpose3": {"write": {"device_start": -1, "host_queued_start": 1585660997.550532, "device_queued": -1, "device_end": -1, "host_queued_end": 1585660997.624373}, "device": "cpu", "nd_range": {"device_start": 2328773.042493616, "device_end": 2328773.043606045}, "cmdq": 1, "read": {"device_start": -1, "device_end": -1}}, "FFC_sans_bias127": {"write": {"device_start": 1585660929.9053204, "host_queued_start": 1585660997.352362, "device_queued": 1585660929.9020243, "device_end": 1585660929.9054196, "host_queued_end": 1585660997.371519}, "device": "gpu", "nd_range": {"device_start": 1585660929.9054234, "device_end": 1585660929.9116395}, "cmdq": 0, "read": {"device_start": -1, "device_end": -1}}, "empty89": {"write": {"device_start": -1, "host_queued_start": 1585660997.400108, "device_queued": -1, "device_end": -1, "host_queued_end": 1585660997.624373}, "device": "cpu", "nd_range": {"device_start": 2328771.8140961723, "device_end": 2328771.814097435}, "cmdq": 4, "read": {"device_start": -1, "device_end": -1}}, "FFC_sans_bias123": {"write": {"device_start": -1, "host_queued_start": 1585660997.582133, "device_queued": -1, "device_end": -1, "host_queued_end": 1585660997.624373}, "device": "cpu", "nd_range": {"device_start": 2328774.0778126, "device_end": 2328774.207608243}, "cmdq": 1, "read": {"device_start": -1, "device_end": -1}}, "empty80": {"write": {"device_start": -1, "host_queued_start": 1585660997.397495, "device_queued": -1, "device_end": -1, "host_queued_end": 1585660997.624373}, "device": "cpu", "nd_range": {"device_start": 2328771.814075403, "device_end": 2328771.81407627}, "cmdq": 3, "read": {"device_start": -1, "device_end": -1}}, "empty116": {"write": {"device_start": -1, "host_queued_start": 1585660997.408003, "device_queued": -1, "device_end": -1, "host_queued_end": 1585660997.624373}, "device": "cpu", "nd_range": {"device_start": 2328771.815259785, "device_end": 2328771.815263568}, "cmdq": 2, "read": {"device_start": -1, "device_end": -1}}, "softmax104": {"write": {"device_start": -1, "host_queued_start": 1585660997.572697, "device_queued": -1, "device_end": -1, "host_queued_end": 1585660997.624373}, "device": "cpu", "nd_range": {"device_start": 2328774.1327636363, "device_end": 2328774.13346045}, "cmdq": 0, "read": {"device_start": -1, "device_end": -1}}, "coalesced_transpose21": {"write": {"device_start": -1, "host_queued_start": 1585660997.551458, "device_queued": -1, "device_end": -1, "host_queued_end": 1585660997.624373}, "device": "cpu", "nd_range": {"device_start": 2328773.041615249, "device_end": 2328773.042481266}, "cmdq": 3, "read": {"device_start": -1, "device_end": -1}}, "softmax14": {"write": {"device_start": -1, "host_queued_start": 1585660997.567413, "device_queued": -1, "device_end": -1, "host_queued_end": 1585660997.624373}, "device": "cpu", "nd_range": {"device_start": 2328774.131086248, "device_end": 2328774.131787084}, "cmdq": 0, "read": {"device_start": -1, "device_end": -1}}, "FFC_sans_bias69": {"write": {"device_start": -1, "host_queued_start": 1585660997.578526, "device_queued": -1, "device_end": -1, "host_queued_end": 1585660997.624373}, "device": "cpu", "nd_range": {"device_start": 2328774.257799819, "device_end": 2328774.381444619}, "cmdq": 0, "read": {"device_start": -1, "device_end": -1}}, "FFC_sans_bias92": {"write": {"device_start": -1, "host_queued_start": 1585660997.520383, "device_queued": -1, "device_end": -1, "host_queued_end": 1585660997.624373}, "device": "cpu", "nd_range": {"device_start": 2328772.610687268, "device_end": 2328772.733006277}, "cmdq": 1, "read": {"device_start": -1, "device_end": -1}}, "FFC_sans_bias60": {"write": {"device_start": -1, "host_queued_start": 1585660997.577928, "device_queued": -1, "device_end": -1, "host_queued_end": 1585660997.624373}, "device": "cpu", "nd_range": {"device_start": 2328774.4356811442, "device_end": 2328774.5586834843}, "cmdq": 4, "read": {"device_start": -1, "device_end": -1}}, "FFC_sans_bias61": {"write": {"device_start": -1, "host_queued_start": 1585660997.603439, "device_queued": -1, "device_end": -1, "host_queued_end": 1585660997.624373}, "device": "cpu", "nd_range": {"device_start": 2328774.99200724, "device_end": 2328775.114801043}, "cmdq": 3, "read": {"device_start": -1, "device_end": -1}}, "FFC_sans_bias63": {"write": {"device_start": -1, "host_queued_start": 1585660997.490274, "device_queued": -1, "device_end": -1, "host_queued_end": 1585660997.624373}, "device": "cpu", "nd_range": {"device_start": 2328772.466482168, "device_end": 2328772.7377520683}, "cmdq": 2, "read": {"device_start": -1, "device_end": -1}}, "FFC_sans_bias64": {"write": {"device_start": -1, "host_queued_start": 1585660997.483597, "device_queued": -1, "device_end": -1, "host_queued_end": 1585660997.624373}, "device": "cpu", "nd_range": {"device_start": 2328773.264462482, "device_end": 2328773.319450202}, "cmdq": 0, "read": {"device_start": -1, "device_end": -1}}, "FFC_sans_bias65": {"write": {"device_start": -1, "host_queued_start": 1585660997.486916, "device_queued": -1, "device_end": -1, "host_queued_end": 1585660997.624373}, "device": "cpu", "nd_range": {"device_start": 2328772.306116626, "device_end": 2328772.487735399}, "cmdq": 1, "read": {"device_start": -1, "device_end": -1}}, "FFC_sans_bias67": {"write": {"device_start": -1, "host_queued_start": 1585660997.562662, "device_queued": -1, "device_end": -1, "host_queued_end": 1585660997.624373}, "device": "cpu", "nd_range": {"device_start": 2328773.4010247863, "device_end": 2328773.516369163}, "cmdq": 2, "read": {"device_start": -1, "device_end": -1}}, "coalesced_transpose111": {"write": {"device_start": -1, "host_queued_start": 1585660997.557239, "device_queued": -1, "device_end": -1, "host_queued_end": 1585660997.624373}, "device": "cpu", "nd_range": {"device_start": 2328773.329010669, "device_end": 2328773.329943796}, "cmdq": 3, "read": {"device_start": -1, "device_end": -1}}, "FFC_sans_bias136": {"write": {"device_start": 1585660929.9086583, "host_queued_start": 1585660997.355709, "device_queued": 1585660929.9022527, "device_end": 1585660929.9087572, "host_queued_end": 1585660997.371519}, "device": "gpu", "nd_range": {"device_start": 1585660929.9087625, "device_end": 1585660929.9147713}, "cmdq": 1, "read": {"device_start": -1, "device_end": -1}}, "FFC_sans_bias135": {"write": {"device_start": 1585660929.915168, "host_queued_start": 1585660997.36238, "device_queued": 1585660929.90271, "device_end": 1585660929.915269, "host_queued_end": 1585660997.371519}, "device": "gpu", "nd_range": {"device_start": 1585660929.9152727, "device_end": 1585660929.921353}, "cmdq": 1, "read": {"device_start": -1, "device_end": -1}}, "FFC_sans_bias133": {"write": {"device_start": 1585660929.9352677, "host_queued_start": 1585660997.368077, "device_queued": 1585660929.903801, "device_end": 1585660929.9353652, "host_queued_end": 1585660997.371519}, "device": "gpu", "nd_range": {"device_start": 1585660929.9353678, "device_end": 1585660929.9413383}, "cmdq": 0, "read": {"device_start": 1585660929.941343, "device_end": 1585660929.9414432}}, "FFC_sans_bias132": {"write": {"device_start": -1, "host_queued_start": 1585660997.364534, "device_queued": -1, "device_end": -1, "host_queued_end": 1585660997.371519}, "device": "gpu", "nd_range": {"device_start": 1585660929.9284272, "device_end": 1585660929.9349356}, "cmdq": 0, "read": {"device_start": -1, "device_end": -1}}, "softmax68": {"write": {"device_start": -1, "host_queued_start": 1585660997.57062, "device_queued": -1, "device_end": -1, "host_queued_end": 1585660997.624373}, "device": "cpu", "nd_range": {"device_start": 2328773.818304848, "device_end": 2328773.8198733763}, "cmdq": 1, "read": {"device_start": -1, "device_end": -1}}, "softmax131": {"write": {"device_start": -1, "host_queued_start": 1585660997.363976, "device_queued": -1, "device_end": -1, "host_queued_end": 1585660997.371519}, "device": "gpu", "nd_range": {"device_start": 1585660929.9246073, "device_end": 1585660929.928426}, "cmdq": 0, "read": {"device_start": -1, "device_end": -1}}, "empty125": {"write": {"device_start": -1, "host_queued_start": 1585660997.410725, "device_queued": -1, "device_end": -1, "host_queued_end": 1585660997.624373}, "device": "cpu", "nd_range": {"device_start": 2328771.814081545, "device_end": 2328771.8140822183}, "cmdq": 3, "read": {"device_start": -1, "device_end": -1}}, "FFC_sans_bias139": {"write": {"device_start": -1, "host_queued_start": 1585660997.363727, "device_queued": -1, "device_end": -1, "host_queued_end": 1585660997.371519}, "device": "gpu", "nd_range": {"device_start": 1585660929.924394, "device_end": 1585660929.927839}, "cmdq": 1, "read": {"device_start": -1, "device_end": -1}}, "empty35": {"write": {"device_start": -1, "host_queued_start": 1585660997.383874, "device_queued": -1, "device_end": -1, "host_queued_end": 1585660997.624373}, "device": "cpu", "nd_range": {"device_start": 2328771.814068815, "device_end": 2328771.8140700683}, "cmdq": 3, "read": {"device_start": -1, "device_end": -1}}, "softmax86": {"write": {"device_start": -1, "host_queued_start": 1585660997.571659, "device_queued": -1, "device_end": -1, "host_queued_end": 1585660997.624373}, "device": "cpu", "nd_range": {"device_start": 2328774.0345033794, "device_end": 2328774.035237958}, "cmdq": 3, "read": {"device_start": -1, "device_end": -1}}, "FFC_sans_bias55": {"write": {"device_start": -1, "host_queued_start": 1585660997.480281, "device_queued": -1, "device_end": -1, "host_queued_end": 1585660997.624373}, "device": "cpu", "nd_range": {"device_start": 2328772.3349962463, "device_end": 2328772.4998682993}, "cmdq": 4, "read": {"device_start": -1, "device_end": -1}}, "FFC_sans_bias54": {"write": {"device_start": -1, "host_queued_start": 1585660997.476972, "device_queued": -1, "device_end": -1, "host_queued_end": 1585660997.624373}, "device": "cpu", "nd_range": {"device_start": 2328772.3731201272, "device_end": 2328772.4956396343}, "cmdq": 3, "read": {"device_start": -1, "device_end": -1}}, "FFC_sans_bias56": {"write": {"device_start": -1, "host_queued_start": 1585660997.473645, "device_queued": -1, "device_end": -1, "host_queued_end": 1585660997.624373}, "device": "cpu", "nd_range": {"device_start": 2328772.2066151993, "device_end": 2328772.4664569283}, "cmdq": 2, "read": {"device_start": -1, "device_end": -1}}, "FFC_sans_bias51": {"write": {"device_start": -1, "host_queued_start": 1585660997.57733, "device_queued": -1, "device_end": -1, "host_queued_end": 1585660997.624373}, "device": "cpu", "nd_range": {"device_start": 2328774.1580616822, "device_end": 2328774.3118116823}, "cmdq": 3, "read": {"device_start": -1, "device_end": -1}}, "FFC_sans_bias52": {"write": {"device_start": -1, "host_queued_start": 1585660997.600476, "device_queued": -1, "device_end": -1, "host_queued_end": 1585660997.624373}, "device": "cpu", "nd_range": {"device_start": 2328774.5952139273, "device_end": 2328774.7242509574}, "cmdq": 2, "read": {"device_start": -1, "device_end": -1}}, "FFC_sans_bias58": {"write": {"device_start": -1, "host_queued_start": 1585660997.562067, "device_queued": -1, "device_end": -1, "host_queued_end": 1585660997.624373}, "device": "cpu", "nd_range": {"device_start": 2328773.649823797, "device_end": 2328773.722973343}, "cmdq": 1, "read": {"device_start": -1, "device_end": -1}}, "FFC_sans_bias108": {"write": {"device_start": -1, "host_queued_start": 1585660997.533699, "device_queued": -1, "device_end": -1, "host_queued_end": 1585660997.624373}, "device": "cpu", "nd_range": {"device_start": 2328773.576866154, "device_end": 2328773.676225544}, "cmdq": 0, "read": {"device_start": -1, "device_end": -1}}, "FFC_sans_bias109": {"write": {"device_start": -1, "host_queued_start": 1585660997.536973, "device_queued": -1, "device_end": -1, "host_queued_end": 1585660997.624373}, "device": "cpu", "nd_range": {"device_start": 2328772.733227028, "device_end": 2328772.855893969}, "cmdq": 1, "read": {"device_start": -1, "device_end": -1}}, "coalesced_transpose129": {"write": {"device_start": -1, "host_queued_start": 1585660997.362758, "device_queued": -1, "device_end": -1, "host_queued_end": 1585660997.371519}, "device": "gpu", "nd_range": {"device_start": 1585660929.9180698, "device_end": 1585660929.9211314}, "cmdq": 0, "read": {"device_start": -1, "device_end": -1}}, "FFC_sans_bias103": {"write": {"device_start": -1, "host_queued_start": 1585660997.565162, "device_queued": -1, "device_end": -1, "host_queued_end": 1585660997.624373}, "device": "cpu", "nd_range": {"device_start": 2328773.722990217, "device_end": 2328773.817504214}, "cmdq": 1, "read": {"device_start": -1, "device_end": -1}}, "FFC_sans_bias100": {"write": {"device_start": -1, "host_queued_start": 1585660997.526987, "device_queued": -1, "device_end": -1, "host_queued_end": 1585660997.624373}, "device": "cpu", "nd_range": {"device_start": 2328772.740996277, "device_end": 2328772.91899403}, "cmdq": 3, "read": {"device_start": -1, "device_end": -1}}, "FFC_sans_bias101": {"write": {"device_start": -1, "host_queued_start": 1585660997.530355, "device_queued": -1, "device_end": -1, "host_queued_end": 1585660997.624373}, "device": "cpu", "nd_range": {"device_start": 2328772.9137728023, "device_end": 2328773.05128292}, "cmdq": 4, "read": {"device_start": -1, "device_end": -1}}, "FFC_sans_bias106": {"write": {"device_start": -1, "host_queued_start": 1585660997.618383, "device_queued": -1, "device_end": -1, "host_queued_end": 1585660997.624373}, "device": "cpu", "nd_range": {"device_start": 2328775.114814967, "device_end": 2328775.174429016}, "cmdq": 3, "read": {"device_start": -1, "device_end": -1}}, "softmax122": {"write": {"device_start": -1, "host_queued_start": 1585660997.573732, "device_queued": -1, "device_end": -1, "host_queued_end": 1585660997.624373}, "device": "cpu", "nd_range": {"device_start": 2328773.6495164023, "device_end": 2328773.6502536563}, "cmdq": 2, "read": {"device_start": -1, "device_end": -1}}, "FFC_sans_bias105": {"write": {"device_start": -1, "host_queued_start": 1585660997.580958, "device_queued": -1, "device_end": -1, "host_queued_end": 1585660997.624373}, "device": "cpu", "nd_range": {"device_start": 2328774.558709612, "device_end": 2328774.68110578}, "cmdq": 4, "read": {"device_start": -1, "device_end": -1}}, "softmax95": {"write": {"device_start": -1, "host_queued_start": 1585660997.572177, "device_queued": -1, "device_end": -1, "host_queued_end": 1585660997.624373}, "device": "cpu", "nd_range": {"device_start": 2328774.311834364, "device_end": 2328774.312585271}, "cmdq": 4, "read": {"device_start": -1, "device_end": -1}}, "coalesced_transpose57": {"write": {"device_start": -1, "host_queued_start": 1585660997.553762, "device_queued": -1, "device_end": -1, "host_queued_end": 1585660997.624373}, "device": "cpu", "nd_range": {"device_start": 2328773.273163753, "device_end": 2328773.274111915}, "cmdq": 2, "read": {"device_start": -1, "device_end": -1}}, "empty26": {"write": {"device_start": -1, "host_queued_start": 1585660997.380928, "device_queued": -1, "device_end": -1, "host_queued_end": 1585660997.624373}, "device": "cpu", "nd_range": {"device_start": 2328771.814024481, "device_end": 2328771.814029936}, "cmdq": 2, "read": {"device_start": -1, "device_end": -1}}, "softmax113": {"write": {"device_start": -1, "host_queued_start": 1585660997.573214, "device_queued": -1, "device_end": -1, "host_queued_end": 1585660997.624373}, "device": "cpu", "nd_range": {"device_start": 2328773.819884616, "device_end": 2328773.820572637}, "cmdq": 1, "read": {"device_start": -1, "device_end": -1}}, "FFC_sans_bias11": {"write": {"device_start": -1, "host_queued_start": 1585660997.430341, "device_queued": -1, "device_end": -1, "host_queued_end": 1585660997.624373}, "device": "cpu", "nd_range": {"device_start": 2328771.9464984303, "device_end": 2328772.075864471}, "cmdq": 4, "read": {"device_start": -1, "device_end": -1}}, "FFC_sans_bias42": {"write": {"device_start": -1, "host_queued_start": 1585660997.576728, "device_queued": -1, "device_end": -1, "host_queued_end": 1585660997.624373}, "device": "cpu", "nd_range": {"device_start": 2328774.2076299423, "device_end": 2328774.337632393}, "cmdq": 2, "read": {"device_start": -1, "device_end": -1}}, "FFC_sans_bias43": {"write": {"device_start": -1, "host_queued_start": 1585660997.597443, "device_queued": -1, "device_end": -1, "host_queued_end": 1585660997.624373}, "device": "cpu", "nd_range": {"device_start": 2328774.872715229, "device_end": 2328774.994724546}, "cmdq": 1, "read": {"device_start": -1, "device_end": -1}}, "FFC_sans_bias40": {"write": {"device_start": -1, "host_queued_start": 1585660997.56088, "device_queued": -1, "device_end": -1, "host_queued_end": 1585660997.624373}, "device": "cpu", "nd_range": {"device_start": 2328773.817287417, "device_end": 2328773.909553145}, "cmdq": 4, "read": {"device_start": -1, "device_end": -1}}, "FFC_sans_bias46": {"write": {"device_start": -1, "host_queued_start": 1585660997.466955, "device_queued": -1, "device_end": -1, "host_queued_end": 1585660997.624373}, "device": "cpu", "nd_range": {"device_start": 2328773.193145812, "device_end": 2328773.264227177}, "cmdq": 0, "read": {"device_start": -1, "device_end": -1}}, "FFC_sans_bias47": {"write": {"device_start": -1, "host_queued_start": 1585660997.470303, "device_queued": -1, "device_end": -1, "host_queued_end": 1585660997.624373}, "device": "cpu", "nd_range": {"device_start": 2328772.1820366113, "device_end": 2328772.3058830244}, "cmdq": 1, "read": {"device_start": -1, "device_end": -1}}, "FFC_sans_bias45": {"write": {"device_start": -1, "host_queued_start": 1585660997.463655, "device_queued": -1, "device_end": -1, "host_queued_end": 1585660997.624373}, "device": "cpu", "nd_range": {"device_start": 2328772.205879935, "device_end": 2328772.334775182}, "cmdq": 4, "read": {"device_start": -1, "device_end": -1}}, "FFC_sans_bias49": {"write": {"device_start": -1, "host_queued_start": 1585660997.561477, "device_queued": -1, "device_end": -1, "host_queued_end": 1585660997.624373}, "device": "cpu", "nd_range": {"device_start": 2328773.88395241, "device_end": 2328774.006784888}, "cmdq": 0, "read": {"device_start": -1, "device_end": -1}}, "softmax77": {"write": {"device_start": -1, "host_queued_start": 1585660997.571136, "device_queued": -1, "device_end": -1, "host_queued_end": 1585660997.624373}, "device": "cpu", "nd_range": {"device_start": 2328773.6488040113, "device_end": 2328773.649509362}, "cmdq": 2, "read": {"device_start": -1, "device_end": -1}}, "empty134": {"write": {"device_start": 1585660929.9008348, "host_queued_start": 1585660997.339492, "device_queued": 1585660929.9004786, "device_end": 1585660929.9010425, "host_queued_end": 1585660997.371519}, "device": "gpu", "nd_range": {"device_start": 1585660929.901054, "device_end": 1585660929.9010603}, "cmdq": 0, "read": {"device_start": -1, "device_end": -1}}, "coalesced_transpose138": {"write": {"device_start": -1, "host_queued_start": 1585660997.36307, "device_queued": -1, "device_end": -1, "host_queued_end": 1585660997.371519}, "device": "gpu", "nd_range": {"device_start": 1585660929.921354, "device_end": 1585660929.9243927}, "cmdq": 1, "read": {"device_start": -1, "device_end": -1}}, "FFC_sans_bias119": {"write": {"device_start": -1, "host_queued_start": 1585660997.550158, "device_queued": -1, "device_end": -1, "host_queued_end": 1585660997.624373}, "device": "cpu", "nd_range": {"device_start": 2328773.6763901273, "device_end": 2328773.756589925}, "cmdq": 0, "read": {"device_start": -1, "device_end": -1}}, "FFC_sans_bias118": {"write": {"device_start": -1, "host_queued_start": 1585660997.54685, "device_queued": -1, "device_end": -1, "host_queued_end": 1585660997.624373}, "device": "cpu", "nd_range": {"device_start": 2328773.0513017, "device_end": 2328773.144254411}, "cmdq": 4, "read": {"device_start": -1, "device_end": -1}}, "empty143": {"write": {"device_start": 1585660929.9011831, "host_queued_start": 1585660997.342844, "device_queued": 1585660929.9007514, "device_end": 1585660929.9014385, "host_queued_end": 1585660997.371519}, "device": "gpu", "nd_range": {"device_start": 1585660929.9014418, "device_end": 1585660929.9014466}, "cmdq": 1, "read": {"device_start": -1, "device_end": -1}}, "FFC_sans_bias115": {"write": {"device_start": -1, "host_queued_start": 1585660997.621338, "device_queued": -1, "device_end": -1, "host_queued_end": 1585660997.624373}, "device": "cpu", "nd_range": {"device_start": 2328774.925587962, "device_end": 2328775.047705667}, "cmdq": 4, "read": {"device_start": -1, "device_end": -1}}, "FFC_sans_bias114": {"write": {"device_start": -1, "host_queued_start": 1585660997.581546, "device_queued": -1, "device_end": -1, "host_queued_end": 1585660997.624373}, "device": "cpu", "nd_range": {"device_start": 2328774.381667166, "device_end": 2328774.504923821}, "cmdq": 0, "read": {"device_start": -1, "device_end": -1}}, "FFC_sans_bias117": {"write": {"device_start": -1, "host_queued_start": 1585660997.543535, "device_queued": -1, "device_end": -1, "host_queued_end": 1585660997.624373}, "device": "cpu", "nd_range": {"device_start": 2328772.9190073432, "device_end": 2328773.041600712}, "cmdq": 3, "read": {"device_start": -1, "device_end": -1}}, "softmax5": {"write": {"device_start": -1, "host_queued_start": 1585660997.566887, "device_queued": -1, "device_end": -1, "host_queued_end": 1585660997.624373}, "device": "cpu", "nd_range": {"device_start": 2328774.032268778, "device_end": 2328774.0330026913}, "cmdq": 4, "read": {"device_start": -1, "device_end": -1}}, "FFC_sans_bias110": {"write": {"device_start": -1, "host_queued_start": 1585660997.540257, "device_queued": -1, "device_end": -1, "host_queued_end": 1585660997.624373}, "device": "cpu", "nd_range": {"device_start": 2328773.136020589, "device_end": 2328773.2644687453}, "cmdq": 2, "read": {"device_start": -1, "device_end": -1}}, "FFC_sans_bias112": {"write": {"device_start": -1, "host_queued_start": 1585660997.56575, "device_queued": -1, "device_end": -1, "host_queued_end": 1585660997.624373}, "device": "cpu", "nd_range": {"device_start": 2328773.516384444, "device_end": 2328773.6480543762}, "cmdq": 2, "read": {"device_start": -1, "device_end": -1}}, "empty53": {"write": {"device_start": -1, "host_queued_start": 1585660997.389472, "device_queued": -1, "device_end": -1, "host_queued_end": 1585660997.624373}, "device": "cpu", "nd_range": {"device_start": 2328771.814054542, "device_end": 2328771.814055977}, "cmdq": 0, "read": {"device_start": -1, "device_end": -1}}, "coalesced_transpose48": {"write": {"device_start": -1, "host_queued_start": 1585660997.553185, "device_queued": -1, "device_end": -1, "host_queued_end": 1585660997.624373}, "device": "cpu", "nd_range": {"device_start": 2328773.264473332, "device_end": 2328773.265369162}, "cmdq": 1, "read": {"device_start": -1, "device_end": -1}}}