{"FFC_sans_bias4": {"write": {"device_start": -1, "host_queued_start": 1585661145.660531, "device_queued": -1, "device_end": -1, "host_queued_end": 1585661145.712107}, "device": "cpu", "nd_range": {"device_start": 2328921.078640797, "device_end": 2328921.1645340123}, "cmdq": 1, "read": {"device_start": -1, "device_end": -1}}, "FFC_sans_bias7": {"write": {"device_start": -1, "host_queued_start": 1585661145.68232, "device_queued": -1, "device_end": -1, "host_queued_end": 1585661145.712107}, "device": "cpu", "nd_range": {"device_start": 2328921.9156816644, "device_end": 2328922.002299557}, "cmdq": 0, "read": {"device_start": -1, "device_end": -1}}, "FFC_sans_bias6": {"write": {"device_start": -1, "host_queued_start": 1585661145.672963, "device_queued": -1, "device_end": -1, "host_queued_end": 1585661145.712107}, "device": "cpu", "nd_range": {"device_start": 2328921.5394303882, "device_end": 2328921.6313084383}, "cmdq": 1, "read": {"device_start": -1, "device_end": -1}}, "FFC_sans_bias1": {"write": {"device_start": -1, "host_queued_start": 1585661145.550716, "device_queued": -1, "device_end": -1, "host_queued_end": 1585661145.712107}, "device": "cpu", "nd_range": {"device_start": 2328919.902935497, "device_end": 2328919.97908499}, "cmdq": 0, "read": {"device_start": -1, "device_end": -1}}, "FFC_sans_bias0": {"write": {"device_start": -1, "host_queued_start": 1585661145.54692, "device_queued": -1, "device_end": -1, "host_queued_end": 1585661145.712107}, "device": "cpu", "nd_range": {"device_start": 2328919.9018039573, "device_end": 2328919.965722956}, "cmdq": 1, "read": {"device_start": -1, "device_end": -1}}, "FFC_sans_bias2": {"write": {"device_start": -1, "host_queued_start": 1585661145.554298, "device_queued": -1, "device_end": -1, "host_queued_end": 1585661145.712107}, "device": "cpu", "nd_range": {"device_start": 2328919.966709842, "device_end": 2328920.025287914}, "cmdq": 1, "read": {"device_start": -1, "device_end": -1}}, "coalesced_transpose120": {"write": {"device_start": -1, "host_queued_start": 1585661145.489464, "device_queued": -1, "device_end": -1, "host_queued_end": 1585661145.511319}, "device": "gpu", "nd_range": {"device_start": 1585661078.0873885, "device_end": 1585661078.0874138}, "cmdq": 1, "read": {"device_start": -1, "device_end": -1}}, "FFC_sans_bias9": {"write": {"device_start": -1, "host_queued_start": 1585661145.557633, "device_queued": -1, "device_end": -1, "host_queued_end": 1585661145.712107}, "device": "cpu", "nd_range": {"device_start": 2328919.979275022, "device_end": 2328920.0577837783}, "cmdq": 0, "read": {"device_start": -1, "device_end": -1}}, "empty71": {"write": {"device_start": -1, "host_queued_start": 1585661145.535535, "device_queued": -1, "device_end": -1, "host_queued_end": 1585661145.712107}, "device": "cpu", "nd_range": {"device_start": 2328919.9017923484, "device_end": 2328919.901793127}, "cmdq": 1, "read": {"device_start": -1, "device_end": -1}}, "softmax41": {"write": {"device_start": -1, "host_queued_start": 1585661145.669227, "device_queued": -1, "device_end": -1, "host_queued_end": 1585661145.712107}, "device": "cpu", "nd_range": {"device_start": 2328921.485926621, "device_end": 2328921.4867571723}, "cmdq": 0, "read": {"device_start": -1, "device_end": -1}}, "FFC_sans_bias37": {"write": {"device_start": -1, "host_queued_start": 1585661145.591394, "device_queued": -1, "device_end": -1, "host_queued_end": 1585661145.712107}, "device": "cpu", "nd_range": {"device_start": 2328920.362508852, "device_end": 2328920.405876431}, "cmdq": 0, "read": {"device_start": -1, "device_end": -1}}, "FFC_sans_bias36": {"write": {"device_start": -1, "host_queued_start": 1585661145.588089, "device_queued": -1, "device_end": -1, "host_queued_end": 1585661145.712107}, "device": "cpu", "nd_range": {"device_start": 2328920.317805551, "device_end": 2328920.3781907433}, "cmdq": 1, "read": {"device_start": -1, "device_end": -1}}, "FFC_sans_bias34": {"write": {"device_start": -1, "host_queued_start": 1585661145.691223, "device_queued": -1, "device_end": -1, "host_queued_end": 1585661145.712107}, "device": "cpu", "nd_range": {"device_start": 2328922.1339753913, "device_end": 2328922.190691087}, "cmdq": 1, "read": {"device_start": -1, "device_end": -1}}, "FFC_sans_bias33": {"write": {"device_start": -1, "host_queued_start": 1585661145.67474, "device_queued": -1, "device_end": -1, "host_queued_end": 1585661145.712107}, "device": "cpu", "nd_range": {"device_start": 2328921.606870199, "device_end": 2328921.6769276233}, "cmdq": 0, "read": {"device_start": -1, "device_end": -1}}, "FFC_sans_bias31": {"write": {"device_start": -1, "host_queued_start": 1585661145.662316, "device_queued": -1, "device_end": -1, "host_queued_end": 1585661145.712107}, "device": "cpu", "nd_range": {"device_start": 2328921.1387701454, "device_end": 2328921.234355933}, "cmdq": 0, "read": {"device_start": -1, "device_end": -1}}, "FFC_sans_bias38": {"write": {"device_start": -1, "host_queued_start": 1585661145.594886, "device_queued": -1, "device_end": -1, "host_queued_end": 1585661145.712107}, "device": "cpu", "nd_range": {"device_start": 2328920.3782031704, "device_end": 2328920.455387637}, "cmdq": 1, "read": {"device_start": -1, "device_end": -1}}, "coalesced_transpose75": {"write": {"device_start": -1, "host_queued_start": 1585661145.658772, "device_queued": -1, "device_end": -1, "host_queued_end": 1585661145.712107}, "device": "cpu", "nd_range": {"device_start": 2328921.047186042, "device_end": 2328921.0481051}, "cmdq": 0, "read": {"device_start": -1, "device_end": -1}}, "softmax140": {"write": {"device_start": -1, "host_queued_start": 1585661145.493058, "device_queued": -1, "device_end": -1, "host_queued_end": 1585661145.511319}, "device": "gpu", "nd_range": {"device_start": 1585661078.10421, "device_end": 1585661078.104626}, "cmdq": 1, "read": {"device_start": -1, "device_end": -1}}, "empty44": {"write": {"device_start": -1, "host_queued_start": 1585661145.527235, "device_queued": -1, "device_end": -1, "host_queued_end": 1585661145.712107}, "device": "cpu", "nd_range": {"device_start": 2328919.90178587, "device_end": 2328919.9017867222}, "cmdq": 0, "read": {"device_start": -1, "device_end": -1}}, "FFC_sans_bias137": {"write": {"device_start": 1585661078.0748117, "host_queued_start": 1585661145.485177, "device_queued": 1585661078.0416512, "device_end": 1585661078.0749216, "host_queued_end": 1585661145.511319}, "device": "gpu", "nd_range": {"device_start": 1585661078.0749254, "device_end": 1585661078.0841875}, "cmdq": 0, "read": {"device_start": -1, "device_end": -1}}, "empty8": {"write": {"device_start": -1, "host_queued_start": 1585661145.515508, "device_queued": -1, "device_end": -1, "host_queued_end": 1585661145.712107}, "device": "cpu", "nd_range": {"device_start": 2328919.9017387764, "device_end": 2328919.9017534773}, "cmdq": 0, "read": {"device_start": -1, "device_end": -1}}, "softmax50": {"write": {"device_start": -1, "host_queued_start": 1585661145.669762, "device_queued": -1, "device_end": -1, "host_queued_end": 1585661145.712107}, "device": "cpu", "nd_range": {"device_start": 2328921.536904742, "device_end": 2328921.537739187}, "cmdq": 1, "read": {"device_start": -1, "device_end": -1}}, "softmax59": {"write": {"device_start": -1, "host_queued_start": 1585661145.670291, "device_queued": -1, "device_end": -1, "host_queued_end": 1585661145.712107}, "device": "cpu", "nd_range": {"device_start": 2328921.486765239, "device_end": 2328921.487594344}, "cmdq": 0, "read": {"device_start": -1, "device_end": -1}}, "FFC_sans_bias142": {"write": {"device_start": 1585661078.1282876, "host_queued_start": 1585661145.511202, "device_queued": 1585661078.0454957, "device_end": 1585661078.1283872, "host_queued_end": 1585661145.511319}, "device": "gpu", "nd_range": {"device_start": 1585661078.1283953, "device_end": 1585661078.134102}, "cmdq": 2, "read": {"device_start": 1585661078.1341102, "device_end": 1585661078.1342015}}, "FFC_sans_bias141": {"write": {"device_start": -1, "host_queued_start": 1585661145.494652, "device_queued": -1, "device_end": -1, "host_queued_end": 1585661145.511319}, "device": "gpu", "nd_range": {"device_start": 1585661078.1146495, "device_end": 1585661078.1243925}, "cmdq": 0, "read": {"device_start": -1, "device_end": -1}}, "FFC_sans_bias24": {"write": {"device_start": -1, "host_queued_start": 1585661145.674142, "device_queued": -1, "device_end": -1, "host_queued_end": 1585661145.712107}, "device": "cpu", "nd_range": {"device_start": 2328921.631325434, "device_end": 2328921.718445742}, "cmdq": 1, "read": {"device_start": -1, "device_end": -1}}, "FFC_sans_bias25": {"write": {"device_start": -1, "host_queued_start": 1585661145.688244, "device_queued": -1, "device_end": -1, "host_queued_end": 1585661145.712107}, "device": "cpu", "nd_range": {"device_start": 2328922.00231288, "device_end": 2328922.075701295}, "cmdq": 0, "read": {"device_start": -1, "device_end": -1}}, "FFC_sans_bias27": {"write": {"device_start": -1, "host_queued_start": 1585661145.577687, "device_queued": -1, "device_end": -1, "host_queued_end": 1585661145.712107}, "device": "cpu", "nd_range": {"device_start": 2328920.204421048, "device_end": 2328920.2805509153}, "cmdq": 0, "read": {"device_start": -1, "device_end": -1}}, "FFC_sans_bias20": {"write": {"device_start": -1, "host_queued_start": 1585661145.574375, "device_queued": -1, "device_end": -1, "host_queued_end": 1585661145.712107}, "device": "cpu", "nd_range": {"device_start": 2328920.155619069, "device_end": 2328920.25182302}, "cmdq": 1, "read": {"device_start": -1, "device_end": -1}}, "FFC_sans_bias22": {"write": {"device_start": -1, "host_queued_start": 1585661145.661723, "device_queued": -1, "device_end": -1, "host_queued_end": 1585661145.712107}, "device": "cpu", "nd_range": {"device_start": 2328921.1647594753, "device_end": 2328921.259879788}, "cmdq": 1, "read": {"device_start": -1, "device_end": -1}}, "FFC_sans_bias130": {"write": {"device_start": -1, "host_queued_start": 1585661145.491508, "device_queued": -1, "device_end": -1, "host_queued_end": 1585661145.511319}, "device": "gpu", "nd_range": {"device_start": 1585661078.094108, "device_end": 1585661078.103782}, "cmdq": 1, "read": {"device_start": -1, "device_end": -1}}, "FFC_sans_bias28": {"write": {"device_start": -1, "host_queued_start": 1585661145.581088, "device_queued": -1, "device_end": -1, "host_queued_end": 1585661145.712107}, "device": "cpu", "nd_range": {"device_start": 2328920.2518410203, "device_end": 2328920.317791333}, "cmdq": 1, "read": {"device_start": -1, "device_end": -1}}, "FFC_sans_bias29": {"write": {"device_start": -1, "host_queued_start": 1585661145.584427, "device_queued": -1, "device_end": -1, "host_queued_end": 1585661145.712107}, "device": "cpu", "nd_range": {"device_start": 2328920.280568789, "device_end": 2328920.362496045}, "cmdq": 0, "read": {"device_start": -1, "device_end": -1}}, "coalesced_transpose66": {"write": {"device_start": -1, "host_queued_start": 1585661145.658171, "device_queued": -1, "device_end": -1, "host_queued_end": 1585661145.712107}, "device": "cpu", "nd_range": {"device_start": 2328921.076479406, "device_end": 2328921.0774366762}, "cmdq": 1, "read": {"device_start": -1, "device_end": -1}}, "coalesced_transpose93": {"write": {"device_start": -1, "host_queued_start": 1585661145.65993, "device_queued": -1, "device_end": -1, "host_queued_end": 1585661145.712107}, "device": "cpu", "nd_range": {"device_start": 2328921.0482428162, "device_end": 2328921.049155178}, "cmdq": 0, "read": {"device_start": -1, "device_end": -1}}, "softmax23": {"write": {"device_start": -1, "host_queued_start": 1585661145.66815, "device_queued": -1, "device_end": -1, "host_queued_end": 1585661145.712107}, "device": "cpu", "nd_range": {"device_start": 2328921.485120229, "device_end": 2328921.4859187403}, "cmdq": 0, "read": {"device_start": -1, "device_end": -1}}, "empty62": {"write": {"device_start": -1, "host_queued_start": 1585661145.532766, "device_queued": -1, "device_end": -1, "host_queued_end": 1585661145.712107}, "device": "cpu", "nd_range": {"device_start": 2328919.90179383, "device_end": 2328919.901794514}, "cmdq": 0, "read": {"device_start": -1, "device_end": -1}}, "FFC_sans_bias10": {"write": {"device_start": -1, "host_queued_start": 1585661145.560982, "device_queued": -1, "device_end": -1, "host_queued_end": 1585661145.712107}, "device": "cpu", "nd_range": {"device_start": 2328920.025503919, "device_end": 2328920.089604215}, "cmdq": 1, "read": {"device_start": -1, "device_end": -1}}, "FFC_sans_bias13": {"write": {"device_start": -1, "host_queued_start": 1585661145.661129, "device_queued": -1, "device_end": -1, "host_queued_end": 1585661145.712107}, "device": "cpu", "nd_range": {"device_start": 2328921.074245261, "device_end": 2328921.138536199}, "cmdq": 0, "read": {"device_start": -1, "device_end": -1}}, "FFC_sans_bias15": {"write": {"device_start": -1, "host_queued_start": 1585661145.673546, "device_queued": -1, "device_end": -1, "host_queued_end": 1585661145.712107}, "device": "cpu", "nd_range": {"device_start": 2328921.536032373, "device_end": 2328921.606847717}, "cmdq": 0, "read": {"device_start": -1, "device_end": -1}}, "FFC_sans_bias16": {"write": {"device_start": -1, "host_queued_start": 1585661145.685269, "device_queued": -1, "device_end": -1, "host_queued_end": 1585661145.712107}, "device": "cpu", "nd_range": {"device_start": 2328922.0387350013, "device_end": 2328922.133962024}, "cmdq": 1, "read": {"device_start": -1, "device_end": -1}}, "FFC_sans_bias19": {"write": {"device_start": -1, "host_queued_start": 1585661145.571057, "device_queued": -1, "device_end": -1, "host_queued_end": 1585661145.712107}, "device": "cpu", "nd_range": {"device_start": 2328920.1463072454, "device_end": 2328920.204396415}, "cmdq": 0, "read": {"device_start": -1, "device_end": -1}}, "FFC_sans_bias18": {"write": {"device_start": -1, "host_queued_start": 1585661145.56771, "device_queued": -1, "device_end": -1, "host_queued_end": 1585661145.712107}, "device": "cpu", "nd_range": {"device_start": 2328920.0896200542, "device_end": 2328920.1556057543}, "cmdq": 1, "read": {"device_start": -1, "device_end": -1}}, "FFC_sans_bias99": {"write": {"device_start": 1585661078.038409, "host_queued_start": 1585661145.442018, "device_queued": 1585661078.0380545, "device_end": 1585661078.0385032, "host_queued_end": 1585661145.511319}, "device": "gpu", "nd_range": {"device_start": 1585661078.038513, "device_end": 1585661078.041883}, "cmdq": 2, "read": {"device_start": -1, "device_end": -1}}, "FFC_sans_bias91": {"write": {"device_start": -1, "host_queued_start": 1585661145.650633, "device_queued": -1, "device_end": -1, "host_queued_end": 1585661145.712107}, "device": "cpu", "nd_range": {"device_start": 2328920.982606227, "device_end": 2328921.04265735}, "cmdq": 0, "read": {"device_start": -1, "device_end": -1}}, "FFC_sans_bias90": {"write": {"device_start": -1, "host_queued_start": 1585661145.647588, "device_queued": -1, "device_end": -1, "host_queued_end": 1585661145.712107}, "device": "cpu", "nd_range": {"device_start": 2328920.9385370263, "device_end": 2328921.015840881}, "cmdq": 1, "read": {"device_start": -1, "device_end": -1}}, "coalesced_transpose12": {"write": {"device_start": -1, "host_queued_start": 1585661145.654614, "device_queued": -1, "device_end": -1, "host_queued_end": 1585661145.712107}, "device": "cpu", "nd_range": {"device_start": 2328921.0736416923, "device_end": 2328921.0740906443}, "cmdq": 1, "read": {"device_start": -1, "device_end": -1}}, "FFC_sans_bias94": {"write": {"device_start": -1, "host_queued_start": 1585661145.666545, "device_queued": -1, "device_end": -1, "host_queued_end": 1585661145.712107}, "device": "cpu", "nd_range": {"device_start": 2328921.49468021, "device_end": 2328921.535099998}, "cmdq": 1, "read": {"device_start": -1, "device_end": -1}}, "FFC_sans_bias97": {"write": {"device_start": -1, "host_queued_start": 1585661145.712054, "device_queued": -1, "device_end": -1, "host_queued_end": 1585661145.712107}, "device": "cpu", "nd_range": {"device_start": 2328922.3720844584, "device_end": 2328922.466250528}, "cmdq": 0, "read": {"device_start": -1, "device_end": -1}}, "FFC_sans_bias96": {"write": {"device_start": -1, "host_queued_start": 1585661145.679068, "device_queued": -1, "device_end": -1, "host_queued_end": 1585661145.712107}, "device": "cpu", "nd_range": {"device_start": 2328921.9586825073, "device_end": 2328922.038490219}, "cmdq": 1, "read": {"device_start": -1, "device_end": -1}}, "FFC_sans_bias124": {"write": {"device_start": 1585661078.1247215, "host_queued_start": 1585661145.504564, "device_queued": 1585661078.0451145, "device_end": 1585661078.1248238, "host_queued_end": 1585661145.511319}, "device": "gpu", "nd_range": {"device_start": 1585661078.1248353, "device_end": 1585661078.1308565}, "cmdq": 0, "read": {"device_start": 1585661078.1308668, "device_end": 1585661078.1309576}}, "FFC_sans_bias126": {"write": {"device_start": 1585661078.0650098, "host_queued_start": 1585661145.475219, "device_queued": 1585661078.040954, "device_end": 1585661078.065115, "host_queued_end": 1585661145.511319}, "device": "gpu", "nd_range": {"device_start": 1585661078.0651233, "device_end": 1585661078.0744503}, "cmdq": 0, "read": {"device_start": -1, "device_end": -1}}, "softmax32": {"write": {"device_start": -1, "host_queued_start": 1585661145.66869, "device_queued": -1, "device_end": -1, "host_queued_end": 1585661145.712107}, "device": "cpu", "nd_range": {"device_start": 2328921.536040484, "device_end": 2328921.536895459}, "cmdq": 1, "read": {"device_start": -1, "device_end": -1}}, "coalesced_transpose84": {"write": {"device_start": -1, "host_queued_start": 1585661145.659349, "device_queued": -1, "device_end": -1, "host_queued_end": 1585661145.712107}, "device": "cpu", "nd_range": {"device_start": 2328921.077572157, "device_end": 2328921.078509328}, "cmdq": 1, "read": {"device_start": -1, "device_end": -1}}, "FFC_sans_bias121": {"write": {"device_start": -1, "host_queued_start": 1585661145.491185, "device_queued": -1, "device_end": -1, "host_queued_end": 1585661145.511319}, "device": "gpu", "nd_range": {"device_start": 1585661078.087435, "device_end": 1585661078.097393}, "cmdq": 0, "read": {"device_start": -1, "device_end": -1}}, "empty98": {"write": {"device_start": -1, "host_queued_start": 1585661145.543981, "device_queued": -1, "device_end": -1, "host_queued_end": 1585661145.712107}, "device": "cpu", "nd_range": {"device_start": 2328919.902823151, "device_end": 2328919.902826927}, "cmdq": 0, "read": {"device_start": -1, "device_end": -1}}, "empty107": {"write": {"device_start": 1585661078.0367622, "host_queued_start": 1585661145.427638, "device_queued": 1585661078.0364177, "device_end": 1585661078.0369918, "host_queued_end": 1585661145.511319}, "device": "gpu", "nd_range": {"device_start": 1585661078.037001, "device_end": 1585661078.0370052}, "cmdq": 0, "read": {"device_start": -1, "device_end": -1}}, "empty17": {"write": {"device_start": -1, "host_queued_start": 1585661145.518531, "device_queued": -1, "device_end": -1, "host_queued_end": 1585661145.712107}, "device": "cpu", "nd_range": {"device_start": 2328919.901747018, "device_end": 2328919.901753466}, "cmdq": 1, "read": {"device_start": -1, "device_end": -1}}, "FFC_sans_bias87": {"write": {"device_start": -1, "host_queued_start": 1585661145.678473, "device_queued": -1, "device_end": -1, "host_queued_end": 1585661145.712107}, "device": "cpu", "nd_range": {"device_start": 2328921.836291117, "device_end": 2328921.9152688324}, "cmdq": 0, "read": {"device_start": -1, "device_end": -1}}, "FFC_sans_bias85": {"write": {"device_start": -1, "host_queued_start": 1585661145.665946, "device_queued": -1, "device_end": -1, "host_queued_end": 1585661145.712107}, "device": "cpu", "nd_range": {"device_start": 2328921.382919738, "device_end": 2328921.484264012}, "cmdq": 0, "read": {"device_start": -1, "device_end": -1}}, "FFC_sans_bias82": {"write": {"device_start": -1, "host_queued_start": 1585661145.641469, "device_queued": -1, "device_end": -1, "host_queued_end": 1585661145.712107}, "device": "cpu", "nd_range": {"device_start": 2328920.868090418, "device_end": 2328920.938524887}, "cmdq": 1, "read": {"device_start": -1, "device_end": -1}}, "FFC_sans_bias83": {"write": {"device_start": -1, "host_queued_start": 1585661145.64452, "device_queued": -1, "device_end": -1, "host_queued_end": 1585661145.712107}, "device": "cpu", "nd_range": {"device_start": 2328920.909813386, "device_end": 2328920.9823738053}, "cmdq": 0, "read": {"device_start": -1, "device_end": -1}}, "FFC_sans_bias81": {"write": {"device_start": -1, "host_queued_start": 1585661145.638423, "device_queued": -1, "device_end": -1, "host_queued_end": 1585661145.712107}, "device": "cpu", "nd_range": {"device_start": 2328920.848038713, "device_end": 2328920.909801132}, "cmdq": 0, "read": {"device_start": -1, "device_end": -1}}, "FFC_sans_bias88": {"write": {"device_start": -1, "host_queued_start": 1585661145.7091, "device_queued": -1, "device_end": -1, "host_queued_end": 1585661145.712107}, "device": "cpu", "nd_range": {"device_start": 2328922.371507585, "device_end": 2328922.4449848183}, "cmdq": 1, "read": {"device_start": -1, "device_end": -1}}, "coalesced_transpose30": {"write": {"device_start": -1, "host_queued_start": 1585661145.655816, "device_queued": -1, "device_end": -1, "host_queued_end": 1585661145.712107}, "device": "cpu", "nd_range": {"device_start": 2328921.0742520653, "device_end": 2328921.075250952}, "cmdq": 1, "read": {"device_start": -1, "device_end": -1}}, "FFC_sans_bias128": {"write": {"device_start": 1585661078.061734, "host_queued_start": 1585661145.471943, "device_queued": 1585661078.0406146, "device_end": 1585661078.061834, "host_queued_end": 1585661145.511319}, "device": "gpu", "nd_range": {"device_start": 1585661078.06184, "device_end": 1585661078.0711813}, "cmdq": 2, "read": {"device_start": -1, "device_end": -1}}, "coalesced_transpose39": {"write": {"device_start": -1, "host_queued_start": 1585661145.656394, "device_queued": -1, "device_end": -1, "host_queued_end": 1585661145.712107}, "device": "cpu", "nd_range": {"device_start": 2328921.045051053, "device_end": 2328921.0459894324}, "cmdq": 0, "read": {"device_start": -1, "device_end": -1}}, "FFC_sans_bias79": {"write": {"device_start": -1, "host_queued_start": 1585661145.706142, "device_queued": -1, "device_end": -1, "host_queued_end": 1585661145.712107}, "device": "cpu", "nd_range": {"device_start": 2328922.284737153, "device_end": 2328922.372077389}, "cmdq": 0, "read": {"device_start": -1, "device_end": -1}}, "FFC_sans_bias78": {"write": {"device_start": -1, "host_queued_start": 1585661145.677836, "device_queued": -1, "device_end": -1, "host_queued_end": 1585661145.712107}, "device": "cpu", "nd_range": {"device_start": 2328921.880270366, "device_end": 2328921.9584545214}, "cmdq": 1, "read": {"device_start": -1, "device_end": -1}}, "FFC_sans_bias73": {"write": {"device_start": -1, "host_queued_start": 1585661145.632243, "device_queued": -1, "device_end": -1, "host_queued_end": 1585661145.712107}, "device": "cpu", "nd_range": {"device_start": 2328920.77342874, "device_end": 2328920.848023095}, "cmdq": 0, "read": {"device_start": -1, "device_end": -1}}, "FFC_sans_bias72": {"write": {"device_start": -1, "host_queued_start": 1585661145.629231, "device_queued": -1, "device_end": -1, "host_queued_end": 1585661145.712107}, "device": "cpu", "nd_range": {"device_start": 2328920.721929937, "device_end": 2328920.80304495}, "cmdq": 1, "read": {"device_start": -1, "device_end": -1}}, "FFC_sans_bias70": {"write": {"device_start": -1, "host_queued_start": 1585661145.703192, "device_queued": -1, "device_end": -1, "host_queued_end": 1585661145.712107}, "device": "cpu", "nd_range": {"device_start": 2328922.270553059, "device_end": 2328922.371498405}, "cmdq": 1, "read": {"device_start": -1, "device_end": -1}}, "FFC_sans_bias76": {"write": {"device_start": -1, "host_queued_start": 1585661145.665358, "device_queued": -1, "device_end": -1, "host_queued_end": 1585661145.712107}, "device": "cpu", "nd_range": {"device_start": 2328921.429426512, "device_end": 2328921.4946551584}, "cmdq": 1, "read": {"device_start": -1, "device_end": -1}}, "FFC_sans_bias74": {"write": {"device_start": -1, "host_queued_start": 1585661145.635285, "device_queued": -1, "device_end": -1, "host_queued_end": 1585661145.712107}, "device": "cpu", "nd_range": {"device_start": 2328920.803058886, "device_end": 2328920.868076199}, "cmdq": 1, "read": {"device_start": -1, "device_end": -1}}, "coalesced_transpose102": {"write": {"device_start": -1, "host_queued_start": 1585661145.488848, "device_queued": -1, "device_end": -1, "host_queued_end": 1585661145.511319}, "device": "gpu", "nd_range": {"device_start": 1585661078.0809414, "device_end": 1585661078.0872724}, "cmdq": 2, "read": {"device_start": -1, "device_end": -1}}, "coalesced_transpose3": {"write": {"device_start": -1, "host_queued_start": 1585661145.654023, "device_queued": -1, "device_end": -1, "host_queued_end": 1585661145.712107}, "device": "cpu", "nd_range": {"device_start": 2328921.042858826, "device_end": 2328921.043801174}, "cmdq": 0, "read": {"device_start": -1, "device_end": -1}}, "FFC_sans_bias127": {"write": {"device_start": 1585661078.0683537, "host_queued_start": 1585661145.478552, "device_queued": 1585661078.0411909, "device_end": 1585661078.0684555, "host_queued_end": 1585661145.511319}, "device": "gpu", "nd_range": {"device_start": 1585661078.0684605, "device_end": 1585661078.0776973}, "cmdq": 1, "read": {"device_start": -1, "device_end": -1}}, "empty89": {"write": {"device_start": -1, "host_queued_start": 1585661145.541074, "device_queued": -1, "device_end": -1, "host_queued_end": 1585661145.712107}, "device": "cpu", "nd_range": {"device_start": 2328919.9017982013, "device_end": 2328919.901798861}, "cmdq": 1, "read": {"device_start": -1, "device_end": -1}}, "FFC_sans_bias123": {"write": {"device_start": -1, "host_queued_start": 1585661145.494008, "device_queued": -1, "device_end": -1, "host_queued_end": 1585661145.511319}, "device": "gpu", "nd_range": {"device_start": 1585661078.1047254, "device_end": 1585661078.1114109}, "cmdq": 1, "read": {"device_start": -1, "device_end": -1}}, "empty80": {"write": {"device_start": -1, "host_queued_start": 1585661145.53828, "device_queued": -1, "device_end": -1, "host_queued_end": 1585661145.712107}, "device": "cpu", "nd_range": {"device_start": 2328919.901800283, "device_end": 2328919.901801003}, "cmdq": 0, "read": {"device_start": -1, "device_end": -1}}, "empty116": {"write": {"device_start": 1585661078.037115, "host_queued_start": 1585661145.431017, "device_queued": 1585661078.0367463, "device_end": 1585661078.0373936, "host_queued_end": 1585661145.511319}, "device": "gpu", "nd_range": {"device_start": 1585661078.0374074, "device_end": 1585661078.0374122}, "cmdq": 1, "read": {"device_start": -1, "device_end": -1}}, "softmax104": {"write": {"device_start": -1, "host_queued_start": 1585661145.492072, "device_queued": -1, "device_end": -1, "host_queued_end": 1585661145.511319}, "device": "gpu", "nd_range": {"device_start": 1585661078.0974016, "device_end": 1585661078.1046941}, "cmdq": 0, "read": {"device_start": -1, "device_end": -1}}, "coalesced_transpose21": {"write": {"device_start": -1, "host_queued_start": 1585661145.655199, "device_queued": -1, "device_end": -1, "host_queued_end": 1585661145.712107}, "device": "cpu", "nd_range": {"device_start": 2328921.0439609103, "device_end": 2328921.044897355}, "cmdq": 0, "read": {"device_start": -1, "device_end": -1}}, "softmax14": {"write": {"device_start": -1, "host_queued_start": 1585661145.667622, "device_queued": -1, "device_end": -1, "host_queued_end": 1585661145.712107}, "device": "cpu", "nd_range": {"device_start": 2328921.5352686513, "device_end": 2328921.535740403}, "cmdq": 1, "read": {"device_start": -1, "device_end": -1}}, "FFC_sans_bias69": {"write": {"device_start": -1, "host_queued_start": 1585661145.677224, "device_queued": -1, "device_end": -1, "host_queued_end": 1585661145.712107}, "device": "cpu", "nd_range": {"device_start": 2328921.757137423, "device_end": 2328921.836273273}, "cmdq": 0, "read": {"device_start": -1, "device_end": -1}}, "FFC_sans_bias92": {"write": {"device_start": -1, "host_queued_start": 1585661145.653668, "device_queued": -1, "device_end": -1, "host_queued_end": 1585661145.712107}, "device": "cpu", "nd_range": {"device_start": 2328921.016062643, "device_end": 2328921.073630134}, "cmdq": 1, "read": {"device_start": -1, "device_end": -1}}, "FFC_sans_bias60": {"write": {"device_start": -1, "host_queued_start": 1585661145.676622, "device_queued": -1, "device_end": -1, "host_queued_end": 1585661145.712107}, "device": "cpu", "nd_range": {"device_start": 2328921.7978256573, "device_end": 2328921.880021924}, "cmdq": 1, "read": {"device_start": -1, "device_end": -1}}, "FFC_sans_bias61": {"write": {"device_start": -1, "host_queued_start": 1585661145.700148, "device_queued": -1, "device_end": -1, "host_queued_end": 1585661145.712107}, "device": "cpu", "nd_range": {"device_start": 2328922.154492707, "device_end": 2328922.2847233}, "cmdq": 0, "read": {"device_start": -1, "device_end": -1}}, "FFC_sans_bias63": {"write": {"device_start": -1, "host_queued_start": 1585661145.625933, "device_queued": -1, "device_end": -1, "host_queued_end": 1585661145.712107}, "device": "cpu", "nd_range": {"device_start": 2328920.6993177664, "device_end": 2328920.773406416}, "cmdq": 0, "read": {"device_start": -1, "device_end": -1}}, "FFC_sans_bias64": {"write": {"device_start": -1, "host_queued_start": 1585661145.619263, "device_queued": -1, "device_end": -1, "host_queued_end": 1585661145.712107}, "device": "cpu", "nd_range": {"device_start": 2328920.62230781, "device_end": 2328920.69930324}, "cmdq": 0, "read": {"device_start": -1, "device_end": -1}}, "FFC_sans_bias65": {"write": {"device_start": -1, "host_queued_start": 1585661145.622626, "device_queued": -1, "device_end": -1, "host_queued_end": 1585661145.712107}, "device": "cpu", "nd_range": {"device_start": 2328920.65283697, "device_end": 2328920.7219159063}, "cmdq": 1, "read": {"device_start": -1, "device_end": -1}}, "FFC_sans_bias67": {"write": {"device_start": -1, "host_queued_start": 1585661145.664679, "device_queued": -1, "device_end": -1, "host_queued_end": 1585661145.712107}, "device": "cpu", "nd_range": {"device_start": 2328921.305658048, "device_end": 2328921.382902388}, "cmdq": 0, "read": {"device_start": -1, "device_end": -1}}, "coalesced_transpose111": {"write": {"device_start": -1, "host_queued_start": 1585661145.489154, "device_queued": -1, "device_end": -1, "host_queued_end": 1585661145.511319}, "device": "gpu", "nd_range": {"device_start": 1585661078.0841887, "device_end": 1585661078.0872962}, "cmdq": 0, "read": {"device_start": -1, "device_end": -1}}, "FFC_sans_bias136": {"write": {"device_start": 1585661078.071527, "host_queued_start": 1585661145.48186, "device_queued": 1585661078.0413172, "device_end": 1585661078.0716395, "host_queued_end": 1585661145.511319}, "device": "gpu", "nd_range": {"device_start": 1585661078.071644, "device_end": 1585661078.0809388}, "cmdq": 2, "read": {"device_start": -1, "device_end": -1}}, "FFC_sans_bias135": {"write": {"device_start": 1585661078.07805, "host_queued_start": 1585661145.488481, "device_queued": 1585661078.0418742, "device_end": 1585661078.0781596, "host_queued_end": 1585661145.511319}, "device": "gpu", "nd_range": {"device_start": 1585661078.0781643, "device_end": 1585661078.0873826}, "cmdq": 1, "read": {"device_start": -1, "device_end": -1}}, "FFC_sans_bias133": {"write": {"device_start": 1585661078.1286752, "host_queued_start": 1585661145.507893, "device_queued": 1585661078.045658, "device_end": 1585661078.1287723, "host_queued_end": 1585661145.511319}, "device": "gpu", "nd_range": {"device_start": 1585661078.128782, "device_end": 1585661078.1373703}, "cmdq": 1, "read": {"device_start": 1585661078.1373777, "device_end": 1585661078.137468}}, "FFC_sans_bias132": {"write": {"device_start": -1, "host_queued_start": 1585661145.494331, "device_queued": -1, "device_end": -1, "host_queued_end": 1585661145.511319}, "device": "gpu", "nd_range": {"device_start": 1585661078.108089, "device_end": 1585661078.117842}, "cmdq": 2, "read": {"device_start": -1, "device_end": -1}}, "softmax68": {"write": {"device_start": -1, "host_queued_start": 1585661145.670819, "device_queued": -1, "device_end": -1, "host_queued_end": 1585661145.712107}, "device": "cpu", "nd_range": {"device_start": 2328921.537746344, "device_end": 2328921.538576403}, "cmdq": 1, "read": {"device_start": -1, "device_end": -1}}, "softmax131": {"write": {"device_start": -1, "host_queued_start": 1585661145.492815, "device_queued": -1, "device_end": -1, "host_queued_end": 1585661145.511319}, "device": "gpu", "nd_range": {"device_start": 1585661078.1047027, "device_end": 1585661078.1054294}, "cmdq": 0, "read": {"device_start": -1, "device_end": -1}}, "empty125": {"write": {"device_start": 1585661078.0374491, "host_queued_start": 1585661145.433923, "device_queued": 1585661078.0370154, "device_end": 1585661078.0377657, "host_queued_end": 1585661145.511319}, "device": "gpu", "nd_range": {"device_start": 1585661078.0377707, "device_end": 1585661078.037777}, "cmdq": 2, "read": {"device_start": -1, "device_end": -1}}, "FFC_sans_bias139": {"write": {"device_start": -1, "host_queued_start": 1585661145.491824, "device_queued": -1, "device_end": -1, "host_queued_end": 1585661145.511319}, "device": "gpu", "nd_range": {"device_start": 1585661078.0907772, "device_end": 1585661078.1005018}, "cmdq": 2, "read": {"device_start": -1, "device_end": -1}}, "empty35": {"write": {"device_start": -1, "host_queued_start": 1585661145.524538, "device_queued": -1, "device_end": -1, "host_queued_end": 1585661145.712107}, "device": "cpu", "nd_range": {"device_start": 2328919.9017790724, "device_end": 2328919.901780224}, "cmdq": 1, "read": {"device_start": -1, "device_end": -1}}, "softmax86": {"write": {"device_start": -1, "host_queued_start": 1585661145.671852, "device_queued": -1, "device_end": -1, "host_queued_end": 1585661145.712107}, "device": "cpu", "nd_range": {"device_start": 2328921.538587448, "device_end": 2328921.5394229894}, "cmdq": 1, "read": {"device_start": -1, "device_end": -1}}, "FFC_sans_bias55": {"write": {"device_start": -1, "host_queued_start": 1585661145.615852, "device_queued": -1, "device_end": -1, "host_queued_end": 1585661145.712107}, "device": "cpu", "nd_range": {"device_start": 2328920.603108189, "device_end": 2328920.652822541}, "cmdq": 1, "read": {"device_start": -1, "device_end": -1}}, "FFC_sans_bias54": {"write": {"device_start": -1, "host_queued_start": 1585661145.612431, "device_queued": -1, "device_end": -1, "host_queued_end": 1585661145.712107}, "device": "cpu", "nd_range": {"device_start": 2328920.549028629, "device_end": 2328920.622292409}, "cmdq": 0, "read": {"device_start": -1, "device_end": -1}}, "FFC_sans_bias56": {"write": {"device_start": -1, "host_queued_start": 1585661145.609018, "device_queued": -1, "device_end": -1, "host_queued_end": 1585661145.712107}, "device": "cpu", "nd_range": {"device_start": 2328920.535760195, "device_end": 2328920.6030940684}, "cmdq": 1, "read": {"device_start": -1, "device_end": -1}}, "FFC_sans_bias51": {"write": {"device_start": -1, "host_queued_start": 1585661145.675991, "device_queued": -1, "device_end": -1, "host_queued_end": 1585661145.712107}, "device": "cpu", "nd_range": {"device_start": 2328921.676941312, "device_end": 2328921.757124377}, "cmdq": 0, "read": {"device_start": -1, "device_end": -1}}, "FFC_sans_bias52": {"write": {"device_start": -1, "host_queued_start": 1585661145.697144, "device_queued": -1, "device_end": -1, "host_queued_end": 1585661145.712107}, "device": "cpu", "nd_range": {"device_start": 2328922.19070498, "device_end": 2328922.270542364}, "cmdq": 1, "read": {"device_start": -1, "device_end": -1}}, "FFC_sans_bias58": {"write": {"device_start": -1, "host_queued_start": 1585661145.664091, "device_queued": -1, "device_end": -1, "host_queued_end": 1585661145.712107}, "device": "cpu", "nd_range": {"device_start": 2328921.357430925, "device_end": 2328921.429408987}, "cmdq": 1, "read": {"device_start": -1, "device_end": -1}}, "FFC_sans_bias108": {"write": {"device_start": 1585661078.0421586, "host_queued_start": 1585661145.452028, "device_queued": 1585661078.0390677, "device_end": 1585661078.042257, "host_queued_end": 1585661145.511319}, "device": "gpu", "nd_range": {"device_start": 1585661078.042259, "device_end": 1585661078.051625}, "cmdq": 2, "read": {"device_start": -1, "device_end": -1}}, "FFC_sans_bias109": {"write": {"device_start": 1585661078.0455294, "host_queued_start": 1585661145.45531, "device_queued": 1585661078.039525, "device_end": 1585661078.0456378, "host_queued_end": 1585661145.511319}, "device": "gpu", "nd_range": {"device_start": 1585661078.0456436, "device_end": 1585661078.054941}, "cmdq": 0, "read": {"device_start": -1, "device_end": -1}}, "coalesced_transpose129": {"write": {"device_start": -1, "host_queued_start": 1585661145.489769, "device_queued": -1, "device_end": -1, "host_queued_end": 1585661145.511319}, "device": "gpu", "nd_range": {"device_start": 1585661078.0872803, "device_end": 1585661078.0873249}, "cmdq": 2, "read": {"device_start": -1, "device_end": -1}}, "FFC_sans_bias103": {"write": {"device_start": -1, "host_queued_start": 1585661145.490386, "device_queued": -1, "device_end": -1, "host_queued_end": 1585661145.511319}, "device": "gpu", "nd_range": {"device_start": 1585661078.0874233, "device_end": 1585661078.094099}, "cmdq": 1, "read": {"device_start": -1, "device_end": -1}}, "FFC_sans_bias100": {"write": {"device_start": 1585661078.0388227, "host_queued_start": 1585661145.44534, "device_queued": 1585661078.0385802, "device_end": 1585661078.0389173, "host_queued_end": 1585661145.511319}, "device": "gpu", "nd_range": {"device_start": 1585661078.0389204, "device_end": 1585661078.0451913}, "cmdq": 0, "read": {"device_start": -1, "device_end": -1}}, "FFC_sans_bias101": {"write": {"device_start": 1585661078.0392022, "host_queued_start": 1585661145.44868, "device_queued": 1585661078.0389276, "device_end": 1585661078.0392957, "host_queued_end": 1585661145.511319}, "device": "gpu", "nd_range": {"device_start": 1585661078.039317, "device_end": 1585661078.0484793}, "cmdq": 1, "read": {"device_start": -1, "device_end": -1}}, "FFC_sans_bias106": {"write": {"device_start": 1585661078.1117806, "host_queued_start": 1585661145.497901, "device_queued": 1585661078.0447626, "device_end": 1585661078.1119008, "host_queued_end": 1585661145.511319}, "device": "gpu", "nd_range": {"device_start": 1585661078.1119115, "device_end": 1585661078.1211047}, "cmdq": 1, "read": {"device_start": 1585661078.1211078, "device_end": 1585661078.1212044}}, "softmax122": {"write": {"device_start": -1, "host_queued_start": 1585661145.492573, "device_queued": -1, "device_end": -1, "host_queued_end": 1585661145.511319}, "device": "gpu", "nd_range": {"device_start": 1585661078.1005113, "device_end": 1585661078.1047075}, "cmdq": 2, "read": {"device_start": -1, "device_end": -1}}, "FFC_sans_bias105": {"write": {"device_start": -1, "host_queued_start": 1585661145.49337, "device_queued": -1, "device_end": -1, "host_queued_end": 1585661145.511319}, "device": "gpu", "nd_range": {"device_start": 1585661078.1047156, "device_end": 1585661078.1080804}, "cmdq": 2, "read": {"device_start": -1, "device_end": -1}}, "softmax95": {"write": {"device_start": -1, "host_queued_start": 1585661145.672371, "device_queued": -1, "device_end": -1, "host_queued_end": 1585661145.712107}, "device": "cpu", "nd_range": {"device_start": 2328921.535263081, "device_end": 2328921.535867173}, "cmdq": 0, "read": {"device_start": -1, "device_end": -1}}, "coalesced_transpose57": {"write": {"device_start": -1, "host_queued_start": 1585661145.657573, "device_queued": -1, "device_end": -1, "host_queued_end": 1585661145.712107}, "device": "cpu", "nd_range": {"device_start": 2328921.0461332803, "device_end": 2328921.047048901}, "cmdq": 0, "read": {"device_start": -1, "device_end": -1}}, "empty26": {"write": {"device_start": -1, "host_queued_start": 1585661145.521583, "device_queued": -1, "device_end": -1, "host_queued_end": 1585661145.712107}, "device": "cpu", "nd_range": {"device_start": 2328919.901777876, "device_end": 2328919.901779606}, "cmdq": 0, "read": {"device_start": -1, "device_end": -1}}, "softmax113": {"write": {"device_start": -1, "host_queued_start": 1585661145.492324, "device_queued": -1, "device_end": -1, "host_queued_end": 1585661145.511319}, "device": "gpu", "nd_range": {"device_start": 1585661078.1037908, "device_end": 1585661078.1042016}, "cmdq": 1, "read": {"device_start": -1, "device_end": -1}}, "FFC_sans_bias11": {"write": {"device_start": -1, "host_queued_start": 1585661145.564334, "device_queued": -1, "device_end": -1, "host_queued_end": 1585661145.712107}, "device": "cpu", "nd_range": {"device_start": 2328920.057970559, "device_end": 2328920.1462892303}, "cmdq": 0, "read": {"device_start": -1, "device_end": -1}}, "FFC_sans_bias42": {"write": {"device_start": -1, "host_queued_start": 1585661145.675393, "device_queued": -1, "device_end": -1, "host_queued_end": 1585661145.712107}, "device": "cpu", "nd_range": {"device_start": 2328921.7184626283, "device_end": 2328921.7978076153}, "cmdq": 1, "read": {"device_start": -1, "device_end": -1}}, "FFC_sans_bias43": {"write": {"device_start": -1, "host_queued_start": 1585661145.694177, "device_queued": -1, "device_end": -1, "host_queued_end": 1585661145.712107}, "device": "cpu", "nd_range": {"device_start": 2328922.075708086, "device_end": 2328922.154486687}, "cmdq": 0, "read": {"device_start": -1, "device_end": -1}}, "FFC_sans_bias40": {"write": {"device_start": -1, "host_queued_start": 1585661145.662917, "device_queued": -1, "device_end": -1, "host_queued_end": 1585661145.712107}, "device": "cpu", "nd_range": {"device_start": 2328921.259898861, "device_end": 2328921.357413427}, "cmdq": 1, "read": {"device_start": -1, "device_end": -1}}, "FFC_sans_bias46": {"write": {"device_start": -1, "host_queued_start": 1585661145.601952, "device_queued": -1, "device_end": -1, "host_queued_end": 1585661145.712107}, "device": "cpu", "nd_range": {"device_start": 2328920.455411101, "device_end": 2328920.5357451173}, "cmdq": 1, "read": {"device_start": -1, "device_end": -1}}, "FFC_sans_bias47": {"write": {"device_start": -1, "host_queued_start": 1585661145.605599, "device_queued": -1, "device_end": -1, "host_queued_end": 1585661145.712107}, "device": "cpu", "nd_range": {"device_start": 2328920.481098546, "device_end": 2328920.549016518}, "cmdq": 0, "read": {"device_start": -1, "device_end": -1}}, "FFC_sans_bias45": {"write": {"device_start": -1, "host_queued_start": 1585661145.598359, "device_queued": -1, "device_end": -1, "host_queued_end": 1585661145.712107}, "device": "cpu", "nd_range": {"device_start": 2328920.405889531, "device_end": 2328920.4810860623}, "cmdq": 0, "read": {"device_start": -1, "device_end": -1}}, "FFC_sans_bias49": {"write": {"device_start": -1, "host_queued_start": 1585661145.663502, "device_queued": -1, "device_end": -1, "host_queued_end": 1585661145.712107}, "device": "cpu", "nd_range": {"device_start": 2328921.234383097, "device_end": 2328921.305641871}, "cmdq": 0, "read": {"device_start": -1, "device_end": -1}}, "softmax77": {"write": {"device_start": -1, "host_queued_start": 1585661145.671336, "device_queued": -1, "device_end": -1, "host_queued_end": 1585661145.712107}, "device": "cpu", "nd_range": {"device_start": 2328921.4946662053, "device_end": 2328921.5039657243}, "cmdq": 0, "read": {"device_start": -1, "device_end": -1}}, "empty134": {"write": {"device_start": 1585661078.0377824, "host_queued_start": 1585661145.436605, "device_queued": 1585661078.0374188, "device_end": 1585661078.0380354, "host_queued_end": 1585661145.511319}, "device": "gpu", "nd_range": {"device_start": 1585661078.0380468, "device_end": 1585661078.0380507}, "cmdq": 0, "read": {"device_start": -1, "device_end": -1}}, "coalesced_transpose138": {"write": {"device_start": -1, "host_queued_start": 1585661145.490067, "device_queued": -1, "device_end": -1, "host_queued_end": 1585661145.511319}, "device": "gpu", "nd_range": {"device_start": 1585661078.0873046, "device_end": 1585661078.087336}, "cmdq": 0, "read": {"device_start": -1, "device_end": -1}}, "FFC_sans_bias119": {"write": {"device_start": 1585661078.0584972, "host_queued_start": 1585661145.468625, "device_queued": 1585661078.040489, "device_end": 1585661078.0585973, "host_queued_end": 1585661145.511319}, "device": "gpu", "nd_range": {"device_start": 1585661078.0586028, "device_end": 1585661078.0679939}, "cmdq": 1, "read": {"device_start": -1, "device_end": -1}}, "FFC_sans_bias118": {"write": {"device_start": 1585661078.0552974, "host_queued_start": 1585661145.465255, "device_queued": 1585661078.040255, "device_end": 1585661078.0553982, "host_queued_end": 1585661145.511319}, "device": "gpu", "nd_range": {"device_start": 1585661078.0554044, "device_end": 1585661078.0646927}, "cmdq": 0, "read": {"device_start": -1, "device_end": -1}}, "empty143": {"write": {"device_start": 1585661078.0381045, "host_queued_start": 1585661145.439237, "device_queued": 1585661078.037786, "device_end": 1585661078.0383906, "host_queued_end": 1585661145.511319}, "device": "gpu", "nd_range": {"device_start": 1585661078.0384018, "device_end": 1585661078.038406}, "cmdq": 1, "read": {"device_start": -1, "device_end": -1}}, "FFC_sans_bias115": {"write": {"device_start": 1585661078.1181939, "host_queued_start": 1585661145.501218, "device_queued": 1585661078.0446305, "device_end": 1585661078.1182957, "host_queued_end": 1585661145.511319}, "device": "gpu", "nd_range": {"device_start": 1585661078.1183054, "device_end": 1585661078.127594}, "cmdq": 2, "read": {"device_start": 1585661078.1275983, "device_end": 1585661078.1276934}}, "FFC_sans_bias114": {"write": {"device_start": -1, "host_queued_start": 1585661145.493691, "device_queued": -1, "device_end": -1, "host_queued_end": 1585661145.511319}, "device": "gpu", "nd_range": {"device_start": 1585661078.1054382, "device_end": 1585661078.1146412}, "cmdq": 0, "read": {"device_start": -1, "device_end": -1}}, "FFC_sans_bias117": {"write": {"device_start": 1585661078.051987, "host_queued_start": 1585661145.461934, "device_queued": 1585661078.03989, "device_end": 1585661078.052088, "host_queued_end": 1585661145.511319}, "device": "gpu", "nd_range": {"device_start": 1585661078.052094, "device_end": 1585661078.061405}, "cmdq": 2, "read": {"device_start": -1, "device_end": -1}}, "softmax5": {"write": {"device_start": -1, "host_queued_start": 1585661145.667092, "device_queued": -1, "device_end": -1, "host_queued_end": 1585661145.712107}, "device": "cpu", "nd_range": {"device_start": 2328921.4842788023, "device_end": 2328921.485109519}, "cmdq": 0, "read": {"device_start": -1, "device_end": -1}}, "FFC_sans_bias110": {"write": {"device_start": 1585661078.048839, "host_queued_start": 1585661145.45866, "device_queued": 1585661078.0397627, "device_end": 1585661078.048943, "host_queued_end": 1585661145.511319}, "device": "gpu", "nd_range": {"device_start": 1585661078.048947, "device_end": 1585661078.0581684}, "cmdq": 1, "read": {"device_start": -1, "device_end": -1}}, "FFC_sans_bias112": {"write": {"device_start": -1, "host_queued_start": 1585661145.490838, "device_queued": -1, "device_end": -1, "host_queued_end": 1585661145.511319}, "device": "gpu", "nd_range": {"device_start": 1585661078.0874, "device_end": 1585661078.0907686}, "cmdq": 2, "read": {"device_start": -1, "device_end": -1}}, "empty53": {"write": {"device_start": -1, "host_queued_start": 1585661145.530028, "device_queued": -1, "device_end": -1, "host_queued_end": 1585661145.712107}, "device": "cpu", "nd_range": {"device_start": 2328919.901786363, "device_end": 2328919.901787097}, "cmdq": 1, "read": {"device_start": -1, "device_end": -1}}, "coalesced_transpose48": {"write": {"device_start": -1, "host_queued_start": 1585661145.656974, "device_queued": -1, "device_end": -1, "host_queued_end": 1585661145.712107}, "device": "cpu", "nd_range": {"device_start": 2328921.0753963604, "device_end": 2328921.0763428044}, "cmdq": 1, "read": {"device_start": -1, "device_end": -1}}}