{"FFC_sans_bias4": {"write": {"device_start": -1, "host_queued_start": 1585660201.124617, "device_queued": -1, "device_end": -1, "host_queued_end": 1585660201.139632}, "device": "cpu", "nd_range": {"device_start": 2327975.6614790563, "device_end": 2327975.696749066}, "cmdq": 0, "read": {"device_start": -1, "device_end": -1}}, "FFC_sans_bias7": {"write": {"device_start": -1, "host_queued_start": 1585660201.13324, "device_queued": -1, "device_end": -1, "host_queued_end": 1585660201.139632}, "device": "cpu", "nd_range": {"device_start": 2327975.884104045, "device_end": 2327975.918944809}, "cmdq": 0, "read": {"device_start": -1, "device_end": -1}}, "FFC_sans_bias6": {"write": {"device_start": -1, "host_queued_start": 1585660201.128229, "device_queued": -1, "device_end": -1, "host_queued_end": 1585660201.139632}, "device": "cpu", "nd_range": {"device_start": 2327975.7710207254, "device_end": 2327975.8076884192}, "cmdq": 0, "read": {"device_start": -1, "device_end": -1}}, "FFC_sans_bias1": {"write": {"device_start": -1, "host_queued_start": 1585660201.098261, "device_queued": -1, "device_end": -1, "host_queued_end": 1585660201.139632}, "device": "cpu", "nd_range": {"device_start": 2327975.36589697, "device_end": 2327975.402307608}, "cmdq": 0, "read": {"device_start": -1, "device_end": -1}}, "FFC_sans_bias0": {"write": {"device_start": -1, "host_queued_start": 1585660201.094819, "device_queued": -1, "device_end": -1, "host_queued_end": 1585660201.139632}, "device": "cpu", "nd_range": {"device_start": 2327975.3292581653, "device_end": 2327975.365703571}, "cmdq": 0, "read": {"device_start": -1, "device_end": -1}}, "FFC_sans_bias2": {"write": {"device_start": -1, "host_queued_start": 1585660201.102078, "device_queued": -1, "device_end": -1, "host_queued_end": 1585660201.139632}, "device": "cpu", "nd_range": {"device_start": 2327975.402331096, "device_end": 2327975.437679339}, "cmdq": 0, "read": {"device_start": -1, "device_end": -1}}, "coalesced_transpose120": {"write": {"device_start": -1, "host_queued_start": 1585660201.02315, "device_queued": -1, "device_end": -1, "host_queued_end": 1585660201.080235}, "device": "gpu", "nd_range": {"device_start": 1585660133.7919877, "device_end": 1585660133.7920055}, "cmdq": 0, "read": {"device_start": -1, "device_end": -1}}, "FFC_sans_bias9": {"write": {"device_start": -1, "host_queued_start": 1585660201.105937, "device_queued": -1, "device_end": -1, "host_queued_end": 1585660201.139632}, "device": "cpu", "nd_range": {"device_start": 2327975.4376972453, "device_end": 2327975.472711006}, "cmdq": 0, "read": {"device_start": -1, "device_end": -1}}, "empty71": {"write": {"device_start": 1585660133.6322188, "host_queued_start": 1585660200.859686, "device_queued": 1585660133.6313367, "device_end": 1585660133.6323118, "host_queued_end": 1585660201.080235}, "device": "gpu", "nd_range": {"device_start": 1585660133.6323142, "device_end": 1585660133.632318}, "cmdq": 0, "read": {"device_start": -1, "device_end": -1}}, "softmax41": {"write": {"device_start": -1, "host_queued_start": 1585660201.029099, "device_queued": -1, "device_end": -1, "host_queued_end": 1585660201.080235}, "device": "gpu", "nd_range": {"device_start": 1585660133.836031, "device_end": 1585660133.8364527}, "cmdq": 0, "read": {"device_start": -1, "device_end": -1}}, "FFC_sans_bias37": {"write": {"device_start": 1585660133.6508896, "host_queued_start": 1585660200.898048, "device_queued": 1585660133.6344311, "device_end": 1585660133.6510353, "host_queued_end": 1585660201.080235}, "device": "gpu", "nd_range": {"device_start": 1585660133.6510386, "device_end": 1585660133.654429}, "cmdq": 0, "read": {"device_start": -1, "device_end": -1}}, "FFC_sans_bias36": {"write": {"device_start": 1585660133.647065, "host_queued_start": 1585660200.894621, "device_queued": 1585660133.6341205, "device_end": 1585660133.64717, "host_queued_end": 1585660201.080235}, "device": "gpu", "nd_range": {"device_start": 1585660133.6471753, "device_end": 1585660133.6505148}, "cmdq": 0, "read": {"device_start": -1, "device_end": -1}}, "FFC_sans_bias34": {"write": {"device_start": 1585660133.8847702, "host_queued_start": 1585660201.04169, "device_queued": 1585660133.649877, "device_end": 1585660133.88486, "host_queued_end": 1585660201.080235}, "device": "gpu", "nd_range": {"device_start": 1585660133.8848639, "device_end": 1585660133.8881974}, "cmdq": 0, "read": {"device_start": 1585660133.8882058, "device_end": 1585660133.8882914}}, "FFC_sans_bias33": {"write": {"device_start": -1, "host_queued_start": 1585660201.03227, "device_queued": -1, "device_end": -1, "host_queued_end": 1585660201.080235}, "device": "gpu", "nd_range": {"device_start": 1585660133.8410933, "device_end": 1585660133.8444166}, "cmdq": 0, "read": {"device_start": -1, "device_end": -1}}, "FFC_sans_bias31": {"write": {"device_start": -1, "host_queued_start": 1585660201.024257, "device_queued": -1, "device_end": -1, "host_queued_end": 1585660201.080235}, "device": "gpu", "nd_range": {"device_start": 1585660133.7920456, "device_end": 1585660133.7954059}, "cmdq": 0, "read": {"device_start": -1, "device_end": -1}}, "FFC_sans_bias38": {"write": {"device_start": 1585660133.6548288, "host_queued_start": 1585660200.901542, "device_queued": 1585660133.6348062, "device_end": 1585660133.6549723, "host_queued_end": 1585660201.080235}, "device": "gpu", "nd_range": {"device_start": 1585660133.6549752, "device_end": 1585660133.6583407}, "cmdq": 0, "read": {"device_start": -1, "device_end": -1}}, "coalesced_transpose75": {"write": {"device_start": -1, "host_queued_start": 1585660201.021274, "device_queued": -1, "device_end": -1, "host_queued_end": 1585660201.080235}, "device": "gpu", "nd_range": {"device_start": 1585660133.7918913, "device_end": 1585660133.7919102}, "cmdq": 0, "read": {"device_start": -1, "device_end": -1}}, "softmax140": {"write": {"device_start": -1, "host_queued_start": 1585660201.031953, "device_queued": -1, "device_end": -1, "host_queued_end": 1585660201.080235}, "device": "gpu", "nd_range": {"device_start": 1585660133.8406713, "device_end": 1585660133.841092}, "cmdq": 0, "read": {"device_start": -1, "device_end": -1}}, "empty44": {"write": {"device_start": 1585660133.6310322, "host_queued_start": 1585660200.851564, "device_queued": 1585660133.6306546, "device_end": 1585660133.6311383, "host_queued_end": 1585660201.080235}, "device": "gpu", "nd_range": {"device_start": 1585660133.6311464, "device_end": 1585660133.6311498}, "cmdq": 0, "read": {"device_start": -1, "device_end": -1}}, "FFC_sans_bias137": {"write": {"device_start": 1585660133.7846763, "host_queued_start": 1585660201.014544, "device_queued": 1585660133.6431327, "device_end": 1585660133.784763, "host_queued_end": 1585660201.080235}, "device": "gpu", "nd_range": {"device_start": 1585660133.7847698, "device_end": 1585660133.7881346}, "cmdq": 0, "read": {"device_start": -1, "device_end": -1}}, "empty8": {"write": {"device_start": -1, "host_queued_start": 1585660201.085264, "device_queued": -1, "device_end": -1, "host_queued_end": 1585660201.139632}, "device": "cpu", "nd_range": {"device_start": 2327975.329218566, "device_end": 2327975.3292282233}, "cmdq": 0, "read": {"device_start": -1, "device_end": -1}}, "softmax50": {"write": {"device_start": -1, "host_queued_start": 1585660201.029354, "device_queued": -1, "device_end": -1, "host_queued_end": 1585660201.080235}, "device": "gpu", "nd_range": {"device_start": 1585660133.8364537, "device_end": 1585660133.8368738}, "cmdq": 0, "read": {"device_start": -1, "device_end": -1}}, "softmax59": {"write": {"device_start": -1, "host_queued_start": 1585660201.029609, "device_queued": -1, "device_end": -1, "host_queued_end": 1585660201.080235}, "device": "gpu", "nd_range": {"device_start": 1585660133.8368752, "device_end": 1585660133.8372965}, "cmdq": 0, "read": {"device_start": -1, "device_end": -1}}, "FFC_sans_bias142": {"write": {"device_start": 1585660133.9318163, "host_queued_start": 1585660201.080105, "device_queued": 1585660133.6537402, "device_end": 1585660133.931903, "host_queued_end": 1585660201.080235}, "device": "gpu", "nd_range": {"device_start": 1585660133.9319053, "device_end": 1585660133.935233}, "cmdq": 0, "read": {"device_start": 1585660133.9352396, "device_end": 1585660133.9353237}}, "FFC_sans_bias141": {"write": {"device_start": -1, "host_queued_start": 1585660201.038138, "device_queued": -1, "device_end": -1, "host_queued_end": 1585660201.080235}, "device": "gpu", "nd_range": {"device_start": 1585660133.8811812, "device_end": 1585660133.8845198}, "cmdq": 0, "read": {"device_start": -1, "device_end": -1}}, "FFC_sans_bias24": {"write": {"device_start": -1, "host_queued_start": 1585660201.129641, "device_queued": -1, "device_end": -1, "host_queued_end": 1585660201.139632}, "device": "cpu", "nd_range": {"device_start": 2327975.8485941873, "device_end": 2327975.8840896063}, "cmdq": 0, "read": {"device_start": -1, "device_end": -1}}, "FFC_sans_bias25": {"write": {"device_start": -1, "host_queued_start": 1585660201.139575, "device_queued": -1, "device_end": -1, "host_queued_end": 1585660201.139632}, "device": "cpu", "nd_range": {"device_start": 2327975.9543673294, "device_end": 2327975.989663301}, "cmdq": 0, "read": {"device_start": -1, "device_end": -1}}, "FFC_sans_bias27": {"write": {"device_start": 1585660133.6358685, "host_queued_start": 1585660200.884415, "device_queued": 1585660133.633052, "device_end": 1585660133.6359606, "host_queued_end": 1585660201.080235}, "device": "gpu", "nd_range": {"device_start": 1585660133.6359642, "device_end": 1585660133.6392896}, "cmdq": 0, "read": {"device_start": -1, "device_end": -1}}, "FFC_sans_bias20": {"write": {"device_start": -1, "host_queued_start": 1585660201.122473, "device_queued": -1, "device_end": -1, "host_queued_end": 1585660201.139632}, "device": "cpu", "nd_range": {"device_start": 2327975.624322919, "device_end": 2327975.660327788}, "cmdq": 0, "read": {"device_start": -1, "device_end": -1}}, "FFC_sans_bias22": {"write": {"device_start": -1, "host_queued_start": 1585660201.125901, "device_queued": -1, "device_end": -1, "host_queued_end": 1585660201.139632}, "device": "cpu", "nd_range": {"device_start": 2327975.7344231172, "device_end": 2327975.7696543722}, "cmdq": 0, "read": {"device_start": -1, "device_end": -1}}, "FFC_sans_bias130": {"write": {"device_start": -1, "host_queued_start": 1585660201.028183, "device_queued": -1, "device_end": -1, "host_queued_end": 1585660201.080235}, "device": "gpu", "nd_range": {"device_start": 1585660133.8289137, "device_end": 1585660133.832269}, "cmdq": 0, "read": {"device_start": -1, "device_end": -1}}, "FFC_sans_bias28": {"write": {"device_start": 1585660133.639581, "host_queued_start": 1585660200.887797, "device_queued": 1585660133.6334293, "device_end": 1585660133.639677, "host_queued_end": 1585660201.080235}, "device": "gpu", "nd_range": {"device_start": 1585660133.6396823, "device_end": 1585660133.6430032}, "cmdq": 0, "read": {"device_start": -1, "device_end": -1}}, "FFC_sans_bias29": {"write": {"device_start": 1585660133.6433008, "host_queued_start": 1585660200.891213, "device_queued": 1585660133.6337187, "device_end": 1585660133.6433957, "host_queued_end": 1585660201.080235}, "device": "gpu", "nd_range": {"device_start": 1585660133.6434019, "device_end": 1585660133.6467316}, "cmdq": 0, "read": {"device_start": -1, "device_end": -1}}, "coalesced_transpose66": {"write": {"device_start": -1, "host_queued_start": 1585660201.020902, "device_queued": -1, "device_end": -1, "host_queued_end": 1585660201.080235}, "device": "gpu", "nd_range": {"device_start": 1585660133.7918718, "device_end": 1585660133.7918904}, "cmdq": 0, "read": {"device_start": -1, "device_end": -1}}, "coalesced_transpose93": {"write": {"device_start": -1, "host_queued_start": 1585660201.022016, "device_queued": -1, "device_end": -1, "host_queued_end": 1585660201.080235}, "device": "gpu", "nd_range": {"device_start": 1585660133.7919302, "device_end": 1585660133.791948}, "cmdq": 0, "read": {"device_start": -1, "device_end": -1}}, "softmax23": {"write": {"device_start": -1, "host_queued_start": 1585660201.127657, "device_queued": -1, "device_end": -1, "host_queued_end": 1585660201.139632}, "device": "cpu", "nd_range": {"device_start": 2327975.770640086, "device_end": 2327975.7708955114}, "cmdq": 0, "read": {"device_start": -1, "device_end": -1}}, "empty62": {"write": {"device_start": 1585660133.6318269, "host_queued_start": 1585660200.856987, "device_queued": 1585660133.6311595, "device_end": 1585660133.6319206, "host_queued_end": 1585660201.080235}, "device": "gpu", "nd_range": {"device_start": 1585660133.6319354, "device_end": 1585660133.6319387}, "cmdq": 0, "read": {"device_start": -1, "device_end": -1}}, "FFC_sans_bias10": {"write": {"device_start": -1, "host_queued_start": 1585660201.109254, "device_queued": -1, "device_end": -1, "host_queued_end": 1585660201.139632}, "device": "cpu", "nd_range": {"device_start": 2327975.472726706, "device_end": 2327975.509035354}, "cmdq": 0, "read": {"device_start": -1, "device_end": -1}}, "FFC_sans_bias13": {"write": {"device_start": -1, "host_queued_start": 1585660201.125317, "device_queued": -1, "device_end": -1, "host_queued_end": 1585660201.139632}, "device": "cpu", "nd_range": {"device_start": 2327975.69675994, "device_end": 2327975.73440865}, "cmdq": 0, "read": {"device_start": -1, "device_end": -1}}, "FFC_sans_bias15": {"write": {"device_start": -1, "host_queued_start": 1585660201.129027, "device_queued": -1, "device_end": -1, "host_queued_end": 1585660201.139632}, "device": "cpu", "nd_range": {"device_start": 2327975.807713969, "device_end": 2327975.848572067}, "cmdq": 0, "read": {"device_start": -1, "device_end": -1}}, "FFC_sans_bias16": {"write": {"device_start": -1, "host_queued_start": 1585660201.136433, "device_queued": -1, "device_end": -1, "host_queued_end": 1585660201.139632}, "device": "cpu", "nd_range": {"device_start": 2327975.918955659, "device_end": 2327975.954359006}, "cmdq": 0, "read": {"device_start": -1, "device_end": -1}}, "FFC_sans_bias19": {"write": {"device_start": -1, "host_queued_start": 1585660201.119186, "device_queued": -1, "device_end": -1, "host_queued_end": 1585660201.139632}, "device": "cpu", "nd_range": {"device_start": 2327975.581784164, "device_end": 2327975.6243111123}, "cmdq": 0, "read": {"device_start": -1, "device_end": -1}}, "FFC_sans_bias18": {"write": {"device_start": -1, "host_queued_start": 1585660201.115844, "device_queued": -1, "device_end": -1, "host_queued_end": 1585660201.139632}, "device": "cpu", "nd_range": {"device_start": 2327975.545570171, "device_end": 2327975.58176615}, "cmdq": 0, "read": {"device_start": -1, "device_end": -1}}, "FFC_sans_bias99": {"write": {"device_start": 1585660133.7372015, "host_queued_start": 1585660200.966743, "device_queued": 1585660133.6398716, "device_end": 1585660133.7372887, "host_queued_end": 1585660201.080235}, "device": "gpu", "nd_range": {"device_start": 1585660133.7372963, "device_end": 1585660133.7406423}, "cmdq": 0, "read": {"device_start": -1, "device_end": -1}}, "FFC_sans_bias91": {"write": {"device_start": 1585660133.72989, "host_queued_start": 1585660200.959898, "device_queued": 1585660133.6392593, "device_end": 1585660133.72998, "host_queued_end": 1585660201.080235}, "device": "gpu", "nd_range": {"device_start": 1585660133.7299826, "device_end": 1585660133.7333302}, "cmdq": 0, "read": {"device_start": -1, "device_end": -1}}, "FFC_sans_bias90": {"write": {"device_start": 1585660133.7262242, "host_queued_start": 1585660200.956484, "device_queued": 1585660133.6390252, "device_end": 1585660133.7263253, "host_queued_end": 1585660201.080235}, "device": "gpu", "nd_range": {"device_start": 1585660133.7263334, "device_end": 1585660133.7296665}, "cmdq": 0, "read": {"device_start": -1, "device_end": -1}}, "coalesced_transpose12": {"write": {"device_start": -1, "host_queued_start": 1585660201.123413, "device_queued": -1, "device_end": -1, "host_queued_end": 1585660201.139632}, "device": "cpu", "nd_range": {"device_start": 2327975.6607644693, "device_end": 2327975.6610979033}, "cmdq": 0, "read": {"device_start": -1, "device_end": -1}}, "FFC_sans_bias94": {"write": {"device_start": -1, "host_queued_start": 1585660201.026787, "device_queued": -1, "device_end": -1, "host_queued_end": 1585660201.080235}, "device": "gpu", "nd_range": {"device_start": 1585660133.8155115, "device_end": 1585660133.8188694}, "cmdq": 0, "read": {"device_start": -1, "device_end": -1}}, "FFC_sans_bias97": {"write": {"device_start": 1585660133.9122262, "host_queued_start": 1585660201.06427, "device_queued": 1585660133.652273, "device_end": 1585660133.912313, "host_queued_end": 1585660201.080235}, "device": "gpu", "nd_range": {"device_start": 1585660133.9123204, "device_end": 1585660133.9156337}, "cmdq": 0, "read": {"device_start": 1585660133.9156382, "device_end": 1585660133.9157255}}, "FFC_sans_bias96": {"write": {"device_start": -1, "host_queued_start": 1585660201.035098, "device_queued": -1, "device_end": -1, "host_queued_end": 1585660201.080235}, "device": "gpu", "nd_range": {"device_start": 1585660133.864479, "device_end": 1585660133.8678038}, "cmdq": 0, "read": {"device_start": -1, "device_end": -1}}, "FFC_sans_bias124": {"write": {"device_start": 1585660133.9239745, "host_queued_start": 1585660201.073764, "device_queued": 1585660133.6531258, "device_end": 1585660133.924064, "host_queued_end": 1585660201.080235}, "device": "gpu", "nd_range": {"device_start": 1585660133.9240677, "device_end": 1585660133.9273984}, "cmdq": 0, "read": {"device_start": 1585660133.9274018, "device_end": 1585660133.9274886}}, "FFC_sans_bias126": {"write": {"device_start": 1585660133.7737758, "host_queued_start": 1585660201.001427, "device_queued": 1585660133.642298, "device_end": 1585660133.7738638, "host_queued_end": 1585660201.080235}, "device": "gpu", "nd_range": {"device_start": 1585660133.7738717, "device_end": 1585660133.7772021}, "cmdq": 0, "read": {"device_start": -1, "device_end": -1}}, "softmax32": {"write": {"device_start": -1, "host_queued_start": 1585660201.028846, "device_queued": -1, "device_end": -1, "host_queued_end": 1585660201.080235}, "device": "gpu", "nd_range": {"device_start": 1585660133.8356068, "device_end": 1585660133.83603}, "cmdq": 0, "read": {"device_start": -1, "device_end": -1}}, "coalesced_transpose84": {"write": {"device_start": -1, "host_queued_start": 1585660201.021645, "device_queued": -1, "device_end": -1, "host_queued_end": 1585660201.080235}, "device": "gpu", "nd_range": {"device_start": 1585660133.7919114, "device_end": 1585660133.7919292}, "cmdq": 0, "read": {"device_start": -1, "device_end": -1}}, "FFC_sans_bias121": {"write": {"device_start": -1, "host_queued_start": 1585660201.027857, "device_queued": -1, "device_end": -1, "host_queued_end": 1585660201.080235}, "device": "gpu", "nd_range": {"device_start": 1585660133.825579, "device_end": 1585660133.8289127}, "cmdq": 0, "read": {"device_start": -1, "device_end": -1}}, "empty98": {"write": {"device_start": 1585660133.6333146, "host_queued_start": 1585660200.867755, "device_queued": 1585660133.631941, "device_end": 1585660133.6334078, "host_queued_end": 1585660201.080235}, "device": "gpu", "nd_range": {"device_start": 1585660133.6334229, "device_end": 1585660133.6334262}, "cmdq": 0, "read": {"device_start": -1, "device_end": -1}}, "empty107": {"write": {"device_start": 1585660133.6337242, "host_queued_start": 1585660200.870762, "device_queued": 1585660133.6321113, "device_end": 1585660133.633909, "host_queued_end": 1585660201.080235}, "device": "gpu", "nd_range": {"device_start": 1585660133.6339173, "device_end": 1585660133.633921}, "cmdq": 0, "read": {"device_start": -1, "device_end": -1}}, "empty17": {"write": {"device_start": -1, "host_queued_start": 1585660201.088638, "device_queued": -1, "device_end": -1, "host_queued_end": 1585660201.139632}, "device": "cpu", "nd_range": {"device_start": 2327975.3292461364, "device_end": 2327975.329247576}, "cmdq": 0, "read": {"device_start": -1, "device_end": -1}}, "FFC_sans_bias87": {"write": {"device_start": -1, "host_queued_start": 1585660201.034514, "device_queued": -1, "device_end": -1, "host_queued_end": 1585660201.080235}, "device": "gpu", "nd_range": {"device_start": 1585660133.861132, "device_end": 1585660133.864478}, "cmdq": 0, "read": {"device_start": -1, "device_end": -1}}, "FFC_sans_bias85": {"write": {"device_start": -1, "host_queued_start": 1585660201.026458, "device_queued": -1, "device_end": -1, "host_queued_end": 1585660201.080235}, "device": "gpu", "nd_range": {"device_start": 1585660133.812167, "device_end": 1585660133.81551}, "cmdq": 0, "read": {"device_start": -1, "device_end": -1}}, "FFC_sans_bias82": {"write": {"device_start": 1585660133.7188802, "host_queued_start": 1585660200.949589, "device_queued": 1585660133.63858, "device_end": 1585660133.718968, "host_queued_end": 1585660201.080235}, "device": "gpu", "nd_range": {"device_start": 1585660133.7189748, "device_end": 1585660133.7223175}, "cmdq": 0, "read": {"device_start": -1, "device_end": -1}}, "FFC_sans_bias83": {"write": {"device_start": 1585660133.7225256, "host_queued_start": 1585660200.953006, "device_queued": 1585660133.6388044, "device_end": 1585660133.7226126, "host_queued_end": 1585660201.080235}, "device": "gpu", "nd_range": {"device_start": 1585660133.7226202, "device_end": 1585660133.7259583}, "cmdq": 0, "read": {"device_start": -1, "device_end": -1}}, "FFC_sans_bias81": {"write": {"device_start": 1585660133.715209, "host_queued_start": 1585660200.946208, "device_queued": 1585660133.6383462, "device_end": 1585660133.7152958, "host_queued_end": 1585660201.080235}, "device": "gpu", "nd_range": {"device_start": 1585660133.7152984, "device_end": 1585660133.7186635}, "cmdq": 0, "read": {"device_start": -1, "device_end": -1}}, "FFC_sans_bias88": {"write": {"device_start": 1585660133.9083216, "host_queued_start": 1585660201.061085, "device_queued": 1585660133.6519601, "device_end": 1585660133.9084094, "host_queued_end": 1585660201.080235}, "device": "gpu", "nd_range": {"device_start": 1585660133.908414, "device_end": 1585660133.911734}, "cmdq": 0, "read": {"device_start": 1585660133.9117398, "device_end": 1585660133.9118252}}, "coalesced_transpose30": {"write": {"device_start": -1, "host_queued_start": 1585660201.019176, "device_queued": -1, "device_end": -1, "host_queued_end": 1585660201.080235}, "device": "gpu", "nd_range": {"device_start": 1585660133.7917945, "device_end": 1585660133.7918122}, "cmdq": 0, "read": {"device_start": -1, "device_end": -1}}, "FFC_sans_bias128": {"write": {"device_start": 1585660133.7701185, "host_queued_start": 1585660200.997773, "device_queued": 1585660133.6420598, "device_end": 1585660133.770207, "host_queued_end": 1585660201.080235}, "device": "gpu", "nd_range": {"device_start": 1585660133.770211, "device_end": 1585660133.7735617}, "cmdq": 0, "read": {"device_start": -1, "device_end": -1}}, "coalesced_transpose39": {"write": {"device_start": -1, "host_queued_start": 1585660201.019678, "device_queued": -1, "device_end": -1, "host_queued_end": 1585660201.080235}, "device": "gpu", "nd_range": {"device_start": 1585660133.7918131, "device_end": 1585660133.7918315}, "cmdq": 0, "read": {"device_start": -1, "device_end": -1}}, "FFC_sans_bias79": {"write": {"device_start": 1585660133.9043558, "host_queued_start": 1585660201.057917, "device_queued": 1585660133.6516726, "device_end": 1585660133.904443, "host_queued_end": 1585660201.080235}, "device": "gpu", "nd_range": {"device_start": 1585660133.9044452, "device_end": 1585660133.9077759}, "cmdq": 0, "read": {"device_start": 1585660133.9077852, "device_end": 1585660133.9078734}}, "FFC_sans_bias78": {"write": {"device_start": -1, "host_queued_start": 1585660201.033942, "device_queued": -1, "device_end": -1, "host_queued_end": 1585660201.080235}, "device": "gpu", "nd_range": {"device_start": 1585660133.8577955, "device_end": 1585660133.861131}, "cmdq": 0, "read": {"device_start": -1, "device_end": -1}}, "FFC_sans_bias73": {"write": {"device_start": 1585660133.7079039, "host_queued_start": 1585660200.939375, "device_queued": 1585660133.6378572, "device_end": 1585660133.707992, "host_queued_end": 1585660201.080235}, "device": "gpu", "nd_range": {"device_start": 1585660133.7079995, "device_end": 1585660133.7113369}, "cmdq": 0, "read": {"device_start": -1, "device_end": -1}}, "FFC_sans_bias72": {"write": {"device_start": 1585660133.7042227, "host_queued_start": 1585660200.935909, "device_queued": 1585660133.6376266, "device_end": 1585660133.7043118, "host_queued_end": 1585660201.080235}, "device": "gpu", "nd_range": {"device_start": 1585660133.7043173, "device_end": 1585660133.7076564}, "cmdq": 0, "read": {"device_start": -1, "device_end": -1}}, "FFC_sans_bias70": {"write": {"device_start": 1585660133.900441, "host_queued_start": 1585660201.054615, "device_queued": 1585660133.6513677, "device_end": 1585660133.9005284, "host_queued_end": 1585660201.080235}, "device": "gpu", "nd_range": {"device_start": 1585660133.900535, "device_end": 1585660133.903861}, "cmdq": 0, "read": {"device_start": 1585660133.9038694, "device_end": 1585660133.903955}}, "FFC_sans_bias76": {"write": {"device_start": -1, "host_queued_start": 1585660201.026139, "device_queued": -1, "device_end": -1, "host_queued_end": 1585660201.080235}, "device": "gpu", "nd_range": {"device_start": 1585660133.8088145, "device_end": 1585660133.812166}, "cmdq": 0, "read": {"device_start": -1, "device_end": -1}}, "FFC_sans_bias74": {"write": {"device_start": 1585660133.7115564, "host_queued_start": 1585660200.942804, "device_queued": 1585660133.6380913, "device_end": 1585660133.7116442, "host_queued_end": 1585660201.080235}, "device": "gpu", "nd_range": {"device_start": 1585660133.711651, "device_end": 1585660133.7149918}, "cmdq": 0, "read": {"device_start": -1, "device_end": -1}}, "coalesced_transpose102": {"write": {"device_start": -1, "host_queued_start": 1585660201.022375, "device_queued": -1, "device_end": -1, "host_queued_end": 1585660201.080235}, "device": "gpu", "nd_range": {"device_start": 1585660133.7919493, "device_end": 1585660133.7919679}, "cmdq": 0, "read": {"device_start": -1, "device_end": -1}}, "coalesced_transpose3": {"write": {"device_start": -1, "host_queued_start": 1585660201.122842, "device_queued": -1, "device_end": -1, "host_queued_end": 1585660201.139632}, "device": "cpu", "nd_range": {"device_start": 2327975.6603496494, "device_end": 2327975.6607554583}, "cmdq": 0, "read": {"device_start": -1, "device_end": -1}}, "FFC_sans_bias127": {"write": {"device_start": 1585660133.7774098, "host_queued_start": 1585660201.006394, "device_queued": 1585660133.642594, "device_end": 1585660133.7774978, "host_queued_end": 1585660201.080235}, "device": "gpu", "nd_range": {"device_start": 1585660133.7775037, "device_end": 1585660133.780834}, "cmdq": 0, "read": {"device_start": -1, "device_end": -1}}, "empty89": {"write": {"device_start": 1585660133.63295, "host_queued_start": 1585660200.865054, "device_queued": 1585660133.6317003, "device_end": 1585660133.633043, "host_queued_end": 1585660201.080235}, "device": "gpu", "nd_range": {"device_start": 1585660133.633053, "device_end": 1585660133.6330562}, "cmdq": 0, "read": {"device_start": -1, "device_end": -1}}, "FFC_sans_bias123": {"write": {"device_start": -1, "host_queued_start": 1585660201.036943, "device_queued": -1, "device_end": -1, "host_queued_end": 1585660201.080235}, "device": "gpu", "nd_range": {"device_start": 1585660133.8745124, "device_end": 1585660133.87785}, "cmdq": 0, "read": {"device_start": -1, "device_end": -1}}, "empty80": {"write": {"device_start": 1585660133.6325765, "host_queued_start": 1585660200.862346, "device_queued": 1585660133.6315491, "device_end": 1585660133.6326709, "host_queued_end": 1585660201.080235}, "device": "gpu", "nd_range": {"device_start": 1585660133.6326852, "device_end": 1585660133.6326883}, "cmdq": 0, "read": {"device_start": -1, "device_end": -1}}, "empty116": {"write": {"device_start": 1585660133.6343021, "host_queued_start": 1585660200.873445, "device_queued": 1585660133.6323216, "device_end": 1585660133.634399, "host_queued_end": 1585660201.080235}, "device": "gpu", "nd_range": {"device_start": 1585660133.6344016, "device_end": 1585660133.6344047}, "cmdq": 0, "read": {"device_start": -1, "device_end": -1}}, "softmax104": {"write": {"device_start": -1, "host_queued_start": 1585660201.030861, "device_queued": -1, "device_end": -1, "host_queued_end": 1585660201.080235}, "device": "gpu", "nd_range": {"device_start": 1585660133.8389866, "device_end": 1585660133.8394065}, "cmdq": 0, "read": {"device_start": -1, "device_end": -1}}, "coalesced_transpose21": {"write": {"device_start": -1, "host_queued_start": 1585660201.123983, "device_queued": -1, "device_end": -1, "host_queued_end": 1585660201.139632}, "device": "cpu", "nd_range": {"device_start": 2327975.6611040463, "device_end": 2327975.661469901}, "cmdq": 0, "read": {"device_start": -1, "device_end": -1}}, "softmax14": {"write": {"device_start": -1, "host_queued_start": 1585660201.127145, "device_queued": -1, "device_end": -1, "host_queued_end": 1585660201.139632}, "device": "cpu", "nd_range": {"device_start": 2327975.770223432, "device_end": 2327975.7705081212}, "cmdq": 0, "read": {"device_start": -1, "device_end": -1}}, "FFC_sans_bias69": {"write": {"device_start": -1, "host_queued_start": 1585660201.033539, "device_queued": -1, "device_end": -1, "host_queued_end": 1585660201.080235}, "device": "gpu", "nd_range": {"device_start": 1585660133.8544447, "device_end": 1585660133.8577943}, "cmdq": 0, "read": {"device_start": -1, "device_end": -1}}, "FFC_sans_bias92": {"write": {"device_start": 1585660133.7335408, "host_queued_start": 1585660200.963363, "device_queued": 1585660133.6395886, "device_end": 1585660133.733629, "host_queued_end": 1585660201.080235}, "device": "gpu", "nd_range": {"device_start": 1585660133.7336354, "device_end": 1585660133.736988}, "cmdq": 0, "read": {"device_start": -1, "device_end": -1}}, "FFC_sans_bias60": {"write": {"device_start": -1, "host_queued_start": 1585660201.033221, "device_queued": -1, "device_end": -1, "host_queued_end": 1585660201.080235}, "device": "gpu", "nd_range": {"device_start": 1585660133.8511002, "device_end": 1585660133.8544436}, "cmdq": 0, "read": {"device_start": -1, "device_end": -1}}, "FFC_sans_bias61": {"write": {"device_start": 1585660133.8965278, "host_queued_start": 1585660201.051486, "device_queued": 1585660133.6510587, "device_end": 1585660133.8966172, "host_queued_end": 1585660201.080235}, "device": "gpu", "nd_range": {"device_start": 1585660133.8966224, "device_end": 1585660133.899946}, "cmdq": 0, "read": {"device_start": 1585660133.8999484, "device_end": 1585660133.9000359}}, "FFC_sans_bias63": {"write": {"device_start": 1585660133.6950996, "host_queued_start": 1585660200.932488, "device_queued": 1585660133.637403, "device_end": 1585660133.6951904, "host_queued_end": 1585660201.080235}, "device": "gpu", "nd_range": {"device_start": 1585660133.6951976, "device_end": 1585660133.6985435}, "cmdq": 0, "read": {"device_start": -1, "device_end": -1}}, "FFC_sans_bias64": {"write": {"device_start": 1585660133.6819353, "host_queued_start": 1585660200.925508, "device_queued": 1585660133.6369112, "device_end": 1585660133.6820493, "host_queued_end": 1585660201.080235}, "device": "gpu", "nd_range": {"device_start": 1585660133.6820524, "device_end": 1585660133.685409}, "cmdq": 0, "read": {"device_start": -1, "device_end": -1}}, "FFC_sans_bias65": {"write": {"device_start": 1585660133.6864047, "host_queued_start": 1585660200.928908, "device_queued": 1585660133.6371922, "device_end": 1585660133.686501, "host_queued_end": 1585660201.080235}, "device": "gpu", "nd_range": {"device_start": 1585660133.6865048, "device_end": 1585660133.6898553}, "cmdq": 0, "read": {"device_start": -1, "device_end": -1}}, "FFC_sans_bias67": {"write": {"device_start": -1, "host_queued_start": 1585660201.025809, "device_queued": -1, "device_end": -1, "host_queued_end": 1585660201.080235}, "device": "gpu", "nd_range": {"device_start": 1585660133.8054547, "device_end": 1585660133.8088133}, "cmdq": 0, "read": {"device_start": -1, "device_end": -1}}, "coalesced_transpose111": {"write": {"device_start": -1, "host_queued_start": 1585660201.02278, "device_queued": -1, "device_end": -1, "host_queued_end": 1585660201.080235}, "device": "gpu", "nd_range": {"device_start": 1585660133.7919688, "device_end": 1585660133.7919865}, "cmdq": 0, "read": {"device_start": -1, "device_end": -1}}, "FFC_sans_bias136": {"write": {"device_start": 1585660133.7810452, "host_queued_start": 1585660201.010424, "device_queued": 1585660133.6428344, "device_end": 1585660133.7811327, "host_queued_end": 1585660201.080235}, "device": "gpu", "nd_range": {"device_start": 1585660133.7811353, "device_end": 1585660133.7844708}, "cmdq": 0, "read": {"device_start": -1, "device_end": -1}}, "FFC_sans_bias135": {"write": {"device_start": 1585660133.7883503, "host_queued_start": 1585660201.018624, "device_queued": 1585660133.6434188, "device_end": 1585660133.7884371, "host_queued_end": 1585660201.080235}, "device": "gpu", "nd_range": {"device_start": 1585660133.788444, "device_end": 1585660133.791793}, "cmdq": 0, "read": {"device_start": -1, "device_end": -1}}, "FFC_sans_bias133": {"write": {"device_start": 1585660133.9278903, "host_queued_start": 1585660201.076924, "device_queued": 1585660133.6534479, "device_end": 1585660133.9279785, "host_queued_end": 1585660201.080235}, "device": "gpu", "nd_range": {"device_start": 1585660133.9279854, "device_end": 1585660133.93132}, "cmdq": 0, "read": {"device_start": 1585660133.9313278, "device_end": 1585660133.9314146}}, "FFC_sans_bias132": {"write": {"device_start": -1, "host_queued_start": 1585660201.037561, "device_queued": -1, "device_end": -1, "host_queued_end": 1585660201.080235}, "device": "gpu", "nd_range": {"device_start": 1585660133.877851, "device_end": 1585660133.8811803}, "cmdq": 0, "read": {"device_start": -1, "device_end": -1}}, "softmax68": {"write": {"device_start": -1, "host_queued_start": 1585660201.029862, "device_queued": -1, "device_end": -1, "host_queued_end": 1585660201.080235}, "device": "gpu", "nd_range": {"device_start": 1585660133.8372974, "device_end": 1585660133.837718}, "cmdq": 0, "read": {"device_start": -1, "device_end": -1}}, "softmax131": {"write": {"device_start": -1, "host_queued_start": 1585660201.031701, "device_queued": -1, "device_end": -1, "host_queued_end": 1585660201.080235}, "device": "gpu", "nd_range": {"device_start": 1585660133.8402498, "device_end": 1585660133.8406706}, "cmdq": 0, "read": {"device_start": -1, "device_end": -1}}, "empty125": {"write": {"device_start": 1585660133.6347005, "host_queued_start": 1585660200.876148, "device_queued": 1585660133.6324728, "device_end": 1585660133.6347969, "host_queued_end": 1585660201.080235}, "device": "gpu", "nd_range": {"device_start": 1585660133.6348062, "device_end": 1585660133.6348095}, "cmdq": 0, "read": {"device_start": -1, "device_end": -1}}, "FFC_sans_bias139": {"write": {"device_start": -1, "host_queued_start": 1585660201.028585, "device_queued": -1, "device_end": -1, "host_queued_end": 1585660201.080235}, "device": "gpu", "nd_range": {"device_start": 1585660133.83227, "device_end": 1585660133.8356054}, "cmdq": 0, "read": {"device_start": -1, "device_end": -1}}, "empty35": {"write": {"device_start": 1585660133.6305416, "host_queued_start": 1585660200.848102, "device_queued": 1585660133.6302044, "device_end": 1585660133.6306403, "host_queued_end": 1585660201.080235}, "device": "gpu", "nd_range": {"device_start": 1585660133.6306858, "device_end": 1585660133.6306903}, "cmdq": 0, "read": {"device_start": -1, "device_end": -1}}, "softmax86": {"write": {"device_start": -1, "host_queued_start": 1585660201.030361, "device_queued": -1, "device_end": -1, "host_queued_end": 1585660201.080235}, "device": "gpu", "nd_range": {"device_start": 1585660133.8381405, "device_end": 1585660133.8385625}, "cmdq": 0, "read": {"device_start": -1, "device_end": -1}}, "FFC_sans_bias55": {"write": {"device_start": 1585660133.678087, "host_queued_start": 1585660200.922092, "device_queued": 1585660133.6366813, "device_end": 1585660133.678205, "host_queued_end": 1585660201.080235}, "device": "gpu", "nd_range": {"device_start": 1585660133.6782086, "device_end": 1585660133.6815615}, "cmdq": 0, "read": {"device_start": -1, "device_end": -1}}, "FFC_sans_bias54": {"write": {"device_start": 1585660133.6741955, "host_queued_start": 1585660200.918621, "device_queued": 1585660133.636445, "device_end": 1585660133.6743157, "host_queued_end": 1585660201.080235}, "device": "gpu", "nd_range": {"device_start": 1585660133.6743214, "device_end": 1585660133.6776803}, "cmdq": 0, "read": {"device_start": -1, "device_end": -1}}, "FFC_sans_bias56": {"write": {"device_start": 1585660133.6703522, "host_queued_start": 1585660200.915175, "device_queued": 1585660133.636215, "device_end": 1585660133.6704495, "host_queued_end": 1585660201.080235}, "device": "gpu", "nd_range": {"device_start": 1585660133.6704526, "device_end": 1585660133.673795}, "cmdq": 0, "read": {"device_start": -1, "device_end": -1}}, "FFC_sans_bias51": {"write": {"device_start": -1, "host_queued_start": 1585660201.032904, "device_queued": -1, "device_end": -1, "host_queued_end": 1585660201.080235}, "device": "gpu", "nd_range": {"device_start": 1585660133.847764, "device_end": 1585660133.8510993}, "cmdq": 0, "read": {"device_start": -1, "device_end": -1}}, "FFC_sans_bias52": {"write": {"device_start": 1585660133.8926218, "host_queued_start": 1585660201.048348, "device_queued": 1585660133.65049, "device_end": 1585660133.8927095, "host_queued_end": 1585660201.080235}, "device": "gpu", "nd_range": {"device_start": 1585660133.892716, "device_end": 1585660133.8960307}, "cmdq": 0, "read": {"device_start": 1585660133.8960335, "device_end": 1585660133.8961203}}, "FFC_sans_bias58": {"write": {"device_start": -1, "host_queued_start": 1585660201.025383, "device_queued": -1, "device_end": -1, "host_queued_end": 1585660201.080235}, "device": "gpu", "nd_range": {"device_start": 1585660133.8021023, "device_end": 1585660133.8054538}, "cmdq": 0, "read": {"device_start": -1, "device_end": -1}}, "FFC_sans_bias108": {"write": {"device_start": 1585660133.748166, "host_queued_start": 1585660200.977108, "device_queued": 1585660133.6406107, "device_end": 1585660133.7482533, "host_queued_end": 1585660201.080235}, "device": "gpu", "nd_range": {"device_start": 1585660133.7482603, "device_end": 1585660133.7516003}, "cmdq": 0, "read": {"device_start": -1, "device_end": -1}}, "FFC_sans_bias109": {"write": {"device_start": 1585660133.751812, "host_queued_start": 1585660200.980578, "device_queued": 1585660133.6408577, "device_end": 1585660133.7519016, "host_queued_end": 1585660201.080235}, "device": "gpu", "nd_range": {"device_start": 1585660133.7519088, "device_end": 1585660133.7552586}, "cmdq": 0, "read": {"device_start": -1, "device_end": -1}}, "coalesced_transpose129": {"write": {"device_start": -1, "host_queued_start": 1585660201.023525, "device_queued": -1, "device_end": -1, "host_queued_end": 1585660201.080235}, "device": "gpu", "nd_range": {"device_start": 1585660133.7920065, "device_end": 1585660133.7920246}, "cmdq": 0, "read": {"device_start": -1, "device_end": -1}}, "FFC_sans_bias103": {"write": {"device_start": -1, "host_queued_start": 1585660201.027123, "device_queued": -1, "device_end": -1, "host_queued_end": 1585660201.080235}, "device": "gpu", "nd_range": {"device_start": 1585660133.8188703, "device_end": 1585660133.8222303}, "cmdq": 0, "read": {"device_start": -1, "device_end": -1}}, "FFC_sans_bias100": {"write": {"device_start": 1585660133.740853, "host_queued_start": 1585660200.970129, "device_queued": 1585660133.6401267, "device_end": 1585660133.7409415, "host_queued_end": 1585660201.080235}, "device": "gpu", "nd_range": {"device_start": 1585660133.7409477, "device_end": 1585660133.7443037}, "cmdq": 0, "read": {"device_start": -1, "device_end": -1}}, "FFC_sans_bias101": {"write": {"device_start": 1585660133.744514, "host_queued_start": 1585660200.973616, "device_queued": 1585660133.640364, "device_end": 1585660133.7446024, "host_queued_end": 1585660201.080235}, "device": "gpu", "nd_range": {"device_start": 1585660133.7446096, "device_end": 1585660133.7479577}, "cmdq": 0, "read": {"device_start": -1, "device_end": -1}}, "FFC_sans_bias106": {"write": {"device_start": 1585660133.9161432, "host_queued_start": 1585660201.067435, "device_queued": 1585660133.6525693, "device_end": 1585660133.9162328, "host_queued_end": 1585660201.080235}, "device": "gpu", "nd_range": {"device_start": 1585660133.9162362, "device_end": 1585660133.9195654}, "cmdq": 0, "read": {"device_start": 1585660133.9195702, "device_end": 1585660133.9196556}}, "softmax122": {"write": {"device_start": -1, "host_queued_start": 1585660201.031453, "device_queued": -1, "device_end": -1, "host_queued_end": 1585660201.080235}, "device": "gpu", "nd_range": {"device_start": 1585660133.8398292, "device_end": 1585660133.8402486}, "cmdq": 0, "read": {"device_start": -1, "device_end": -1}}, "FFC_sans_bias105": {"write": {"device_start": -1, "host_queued_start": 1585660201.035694, "device_queued": -1, "device_end": -1, "host_queued_end": 1585660201.080235}, "device": "gpu", "nd_range": {"device_start": 1585660133.8678048, "device_end": 1585660133.871161}, "cmdq": 0, "read": {"device_start": -1, "device_end": -1}}, "softmax95": {"write": {"device_start": -1, "host_queued_start": 1585660201.030609, "device_queued": -1, "device_end": -1, "host_queued_end": 1585660201.080235}, "device": "gpu", "nd_range": {"device_start": 1585660133.8385637, "device_end": 1585660133.8389857}, "cmdq": 0, "read": {"device_start": -1, "device_end": -1}}, "coalesced_transpose57": {"write": {"device_start": -1, "host_queued_start": 1585660201.020508, "device_queued": -1, "device_end": -1, "host_queued_end": 1585660201.080235}, "device": "gpu", "nd_range": {"device_start": 1585660133.791853, "device_end": 1585660133.7918708}, "cmdq": 0, "read": {"device_start": -1, "device_end": -1}}, "empty26": {"write": {"device_start": -1, "host_queued_start": 1585660201.091631, "device_queued": -1, "device_end": -1, "host_queued_end": 1585660201.139632}, "device": "cpu", "nd_range": {"device_start": 2327975.32925301, "device_end": 2327975.3292537713}, "cmdq": 0, "read": {"device_start": -1, "device_end": -1}}, "softmax113": {"write": {"device_start": -1, "host_queued_start": 1585660201.031182, "device_queued": -1, "device_end": -1, "host_queued_end": 1585660201.080235}, "device": "gpu", "nd_range": {"device_start": 1585660133.839408, "device_end": 1585660133.839828}, "cmdq": 0, "read": {"device_start": -1, "device_end": -1}}, "FFC_sans_bias11": {"write": {"device_start": -1, "host_queued_start": 1585660201.112591, "device_queued": -1, "device_end": -1, "host_queued_end": 1585660201.139632}, "device": "cpu", "nd_range": {"device_start": 2327975.509286783, "device_end": 2327975.5455418644}, "cmdq": 0, "read": {"device_start": -1, "device_end": -1}}, "FFC_sans_bias42": {"write": {"device_start": -1, "host_queued_start": 1585660201.032589, "device_queued": -1, "device_end": -1, "host_queued_end": 1585660201.080235}, "device": "gpu", "nd_range": {"device_start": 1585660133.8444178, "device_end": 1585660133.8477623}, "cmdq": 0, "read": {"device_start": -1, "device_end": -1}}, "FFC_sans_bias43": {"write": {"device_start": 1585660133.888714, "host_queued_start": 1585660201.045044, "device_queued": 1585660133.6501715, "device_end": 1585660133.8888018, "host_queued_end": 1585660201.080235}, "device": "gpu", "nd_range": {"device_start": 1585660133.8888092, "device_end": 1585660133.8921244}, "cmdq": 0, "read": {"device_start": 1585660133.892127, "device_end": 1585660133.8922124}}, "FFC_sans_bias40": {"write": {"device_start": -1, "host_queued_start": 1585660201.024633, "device_queued": -1, "device_end": -1, "host_queued_end": 1585660201.080235}, "device": "gpu", "nd_range": {"device_start": 1585660133.7954078, "device_end": 1585660133.7987566}, "cmdq": 0, "read": {"device_start": -1, "device_end": -1}}, "FFC_sans_bias46": {"write": {"device_start": 1585660133.6625078, "host_queued_start": 1585660200.908321, "device_queued": 1585660133.6355941, "device_end": 1585660133.662604, "host_queued_end": 1585660201.080235}, "device": "gpu", "nd_range": {"device_start": 1585660133.6626077, "device_end": 1585660133.665948}, "cmdq": 0, "read": {"device_start": -1, "device_end": -1}}, "FFC_sans_bias47": {"write": {"device_start": 1585660133.6665568, "host_queued_start": 1585660200.911769, "device_queued": 1585660133.6359808, "device_end": 1585660133.6666539, "host_queued_end": 1585660201.080235}, "device": "gpu", "nd_range": {"device_start": 1585660133.666657, "device_end": 1585660133.670002}, "cmdq": 0, "read": {"device_start": -1, "device_end": -1}}, "FFC_sans_bias45": {"write": {"device_start": 1585660133.65868, "host_queued_start": 1585660200.904921, "device_queued": 1585660133.6352265, "device_end": 1585660133.6587996, "host_queued_end": 1585660201.080235}, "device": "gpu", "nd_range": {"device_start": 1585660133.6588066, "device_end": 1585660133.6621754}, "cmdq": 0, "read": {"device_start": -1, "device_end": -1}}, "FFC_sans_bias49": {"write": {"device_start": -1, "host_queued_start": 1585660201.025015, "device_queued": -1, "device_end": -1, "host_queued_end": 1585660201.080235}, "device": "gpu", "nd_range": {"device_start": 1585660133.798758, "device_end": 1585660133.802101}, "cmdq": 0, "read": {"device_start": -1, "device_end": -1}}, "softmax77": {"write": {"device_start": -1, "host_queued_start": 1585660201.030106, "device_queued": -1, "device_end": -1, "host_queued_end": 1585660201.080235}, "device": "gpu", "nd_range": {"device_start": 1585660133.83772, "device_end": 1585660133.8381395}, "cmdq": 0, "read": {"device_start": -1, "device_end": -1}}, "empty134": {"write": {"device_start": 1585660133.6351113, "host_queued_start": 1585660200.878876, "device_queued": 1585660133.6326904, "device_end": 1585660133.6352062, "host_queued_end": 1585660201.080235}, "device": "gpu", "nd_range": {"device_start": 1585660133.635222, "device_end": 1585660133.6352253}, "cmdq": 0, "read": {"device_start": -1, "device_end": -1}}, "coalesced_transpose138": {"write": {"device_start": -1, "host_queued_start": 1585660201.023882, "device_queued": -1, "device_end": -1, "host_queued_end": 1585660201.080235}, "device": "gpu", "nd_range": {"device_start": 1585660133.7920258, "device_end": 1585660133.7920446}, "cmdq": 0, "read": {"device_start": -1, "device_end": -1}}, "FFC_sans_bias119": {"write": {"device_start": 1585660133.7664745, "host_queued_start": 1585660200.994331, "device_queued": 1585660133.641823, "device_end": 1585660133.7665617, "host_queued_end": 1585660201.080235}, "device": "gpu", "nd_range": {"device_start": 1585660133.7665694, "device_end": 1585660133.7699099}, "cmdq": 0, "read": {"device_start": -1, "device_end": -1}}, "FFC_sans_bias118": {"write": {"device_start": 1585660133.7628138, "host_queued_start": 1585660200.990901, "device_queued": 1585660133.6415846, "device_end": 1585660133.7629158, "host_queued_end": 1585660201.080235}, "device": "gpu", "nd_range": {"device_start": 1585660133.7629185, "device_end": 1585660133.7662582}, "cmdq": 0, "read": {"device_start": -1, "device_end": -1}}, "empty143": {"write": {"device_start": 1585660133.6354866, "host_queued_start": 1585660200.881542, "device_queued": 1585660133.6328542, "device_end": 1585660133.6355853, "host_queued_end": 1585660201.080235}, "device": "gpu", "nd_range": {"device_start": 1585660133.6355917, "device_end": 1585660133.635595}, "cmdq": 0, "read": {"device_start": -1, "device_end": -1}}, "FFC_sans_bias115": {"write": {"device_start": 1585660133.9200659, "host_queued_start": 1585660201.070558, "device_queued": 1585660133.6528516, "device_end": 1585660133.9201553, "host_queued_end": 1585660201.080235}, "device": "gpu", "nd_range": {"device_start": 1585660133.9201622, "device_end": 1585660133.9234798}, "cmdq": 0, "read": {"device_start": 1585660133.9234881, "device_end": 1585660133.9235735}}, "FFC_sans_bias114": {"write": {"device_start": -1, "host_queued_start": 1585660201.036337, "device_queued": -1, "device_end": -1, "host_queued_end": 1585660201.080235}, "device": "gpu", "nd_range": {"device_start": 1585660133.8711617, "device_end": 1585660133.8745115}, "cmdq": 0, "read": {"device_start": -1, "device_end": -1}}, "FFC_sans_bias117": {"write": {"device_start": 1585660133.7591078, "host_queued_start": 1585660200.987418, "device_queued": 1585660133.641347, "device_end": 1585660133.7591953, "host_queued_end": 1585660201.080235}, "device": "gpu", "nd_range": {"device_start": 1585660133.7592027, "device_end": 1585660133.7625372}, "cmdq": 0, "read": {"device_start": -1, "device_end": -1}}, "softmax5": {"write": {"device_start": -1, "host_queued_start": 1585660201.126535, "device_queued": -1, "device_end": -1, "host_queued_end": 1585660201.139632}, "device": "cpu", "nd_range": {"device_start": 2327975.7696764213, "device_end": 2327975.770067715}, "cmdq": 0, "read": {"device_start": -1, "device_end": -1}}, "FFC_sans_bias110": {"write": {"device_start": 1585660133.7554615, "host_queued_start": 1585660200.984041, "device_queued": 1585660133.6410933, "device_end": 1585660133.7555504, "host_queued_end": 1585660201.080235}, "device": "gpu", "nd_range": {"device_start": 1585660133.7555592, "device_end": 1585660133.7589}, "cmdq": 0, "read": {"device_start": -1, "device_end": -1}}, "FFC_sans_bias112": {"write": {"device_start": -1, "host_queued_start": 1585660201.027536, "device_queued": -1, "device_end": -1, "host_queued_end": 1585660201.080235}, "device": "gpu", "nd_range": {"device_start": 1585660133.8222313, "device_end": 1585660133.8255777}, "cmdq": 0, "read": {"device_start": -1, "device_end": -1}}, "empty53": {"write": {"device_start": 1585660133.6314397, "host_queued_start": 1585660200.854236, "device_queued": 1585660133.6309083, "device_end": 1585660133.6315372, "host_queued_end": 1585660201.080235}, "device": "gpu", "nd_range": {"device_start": 1585660133.6315446, "device_end": 1585660133.631548}, "cmdq": 0, "read": {"device_start": -1, "device_end": -1}}, "coalesced_transpose48": {"write": {"device_start": -1, "host_queued_start": 1585660201.020107, "device_queued": -1, "device_end": -1, "host_queued_end": 1585660201.080235}, "device": "gpu", "nd_range": {"device_start": 1585660133.7918324, "device_end": 1585660133.7918515}, "cmdq": 0, "read": {"device_start": -1, "device_end": -1}}}