{"FFC_sans_bias4": {"write": {"device_start": -1, "host_queued_start": 1585660414.927538, "device_queued": -1, "device_end": -1, "host_queued_end": 1585660414.99077}, "device": "cpu", "nd_range": {"device_start": 2328190.644468342, "device_end": 2328190.7030306323}, "cmdq": 2, "read": {"device_start": -1, "device_end": -1}}, "FFC_sans_bias7": {"write": {"device_start": -1, "host_queued_start": 1585660414.953015, "device_queued": -1, "device_end": -1, "host_queued_end": 1585660414.99077}, "device": "cpu", "nd_range": {"device_start": 2328191.630158939, "device_end": 2328191.729119928}, "cmdq": 2, "read": {"device_start": -1, "device_end": -1}}, "FFC_sans_bias6": {"write": {"device_start": -1, "host_queued_start": 1585660414.942378, "device_queued": -1, "device_end": -1, "host_queued_end": 1585660414.99077}, "device": "cpu", "nd_range": {"device_start": 2328191.2389771603, "device_end": 2328191.300238668}, "cmdq": 1, "read": {"device_start": -1, "device_end": -1}}, "FFC_sans_bias1": {"write": {"device_start": -1, "host_queued_start": 1585660414.791581, "device_queued": -1, "device_end": -1, "host_queued_end": 1585660414.99077}, "device": "cpu", "nd_range": {"device_start": 2328189.180428884, "device_end": 2328189.320177934}, "cmdq": 2, "read": {"device_start": -1, "device_end": -1}}, "FFC_sans_bias0": {"write": {"device_start": -1, "host_queued_start": 1585660414.787971, "device_queued": -1, "device_end": -1, "host_queued_end": 1585660414.99077}, "device": "cpu", "nd_range": {"device_start": 2328189.1804291583, "device_end": 2328189.303973813}, "cmdq": 1, "read": {"device_start": -1, "device_end": -1}}, "FFC_sans_bias2": {"write": {"device_start": -1, "host_queued_start": 1585660414.795161, "device_queued": -1, "device_end": -1, "host_queued_end": 1585660414.99077}, "device": "cpu", "nd_range": {"device_start": 2328189.1804371113, "device_end": 2328189.345540109}, "cmdq": 0, "read": {"device_start": -1, "device_end": -1}}, "coalesced_transpose120": {"write": {"device_start": -1, "host_queued_start": 1585660414.733683, "device_queued": -1, "device_end": -1, "host_queued_end": 1585660414.747552}, "device": "gpu", "nd_range": {"device_start": 1585660347.3271904, "device_end": 1585660347.327208}, "cmdq": 0, "read": {"device_start": -1, "device_end": -1}}, "FFC_sans_bias9": {"write": {"device_start": -1, "host_queued_start": 1585660414.798695, "device_queued": -1, "device_end": -1, "host_queued_end": 1585660414.99077}, "device": "cpu", "nd_range": {"device_start": 2328189.3042206103, "device_end": 2328189.413215173}, "cmdq": 1, "read": {"device_start": -1, "device_end": -1}}, "empty71": {"write": {"device_start": -1, "host_queued_start": 1585660414.771451, "device_queued": -1, "device_end": -1, "host_queued_end": 1585660414.99077}, "device": "cpu", "nd_range": {"device_start": 2328189.180418189, "device_end": 2328189.180418997}, "cmdq": 1, "read": {"device_start": -1, "device_end": -1}}, "softmax41": {"write": {"device_start": -1, "host_queued_start": 1585660414.937547, "device_queued": -1, "device_end": -1, "host_queued_end": 1585660414.99077}, "device": "cpu", "nd_range": {"device_start": 2328191.183849962, "device_end": 2328191.1855767113}, "cmdq": 1, "read": {"device_start": -1, "device_end": -1}}, "FFC_sans_bias37": {"write": {"device_start": -1, "host_queued_start": 1585660414.834455, "device_queued": -1, "device_end": -1, "host_queued_end": 1585660414.99077}, "device": "cpu", "nd_range": {"device_start": 2328189.590404028, "device_end": 2328189.68521755}, "cmdq": 2, "read": {"device_start": -1, "device_end": -1}}, "FFC_sans_bias36": {"write": {"device_start": -1, "host_queued_start": 1585660414.831037, "device_queued": -1, "device_end": -1, "host_queued_end": 1585660414.99077}, "device": "cpu", "nd_range": {"device_start": 2328189.623633985, "device_end": 2328189.739438288}, "cmdq": 1, "read": {"device_start": -1, "device_end": -1}}, "FFC_sans_bias34": {"write": {"device_start": -1, "host_queued_start": 1585660414.96244, "device_queued": -1, "device_end": -1, "host_queued_end": 1585660414.99077}, "device": "cpu", "nd_range": {"device_start": 2328191.729128776, "device_end": 2328191.8182865763}, "cmdq": 2, "read": {"device_start": -1, "device_end": -1}}, "FFC_sans_bias33": {"write": {"device_start": -1, "host_queued_start": 1585660414.944161, "device_queued": -1, "device_end": -1, "host_queued_end": 1585660414.99077}, "device": "cpu", "nd_range": {"device_start": 2328191.300253923, "device_end": 2328191.414536926}, "cmdq": 1, "read": {"device_start": -1, "device_end": -1}}, "FFC_sans_bias31": {"write": {"device_start": -1, "host_queued_start": 1585660414.929384, "device_queued": -1, "device_end": -1, "host_queued_end": 1585660414.99077}, "device": "cpu", "nd_range": {"device_start": 2328190.703524523, "device_end": 2328190.803671631}, "cmdq": 2, "read": {"device_start": -1, "device_end": -1}}, "FFC_sans_bias38": {"write": {"device_start": -1, "host_queued_start": 1585660414.837949, "device_queued": -1, "device_end": -1, "host_queued_end": 1585660414.99077}, "device": "cpu", "nd_range": {"device_start": 2328189.726522548, "device_end": 2328189.791645482}, "cmdq": 0, "read": {"device_start": -1, "device_end": -1}}, "coalesced_transpose75": {"write": {"device_start": -1, "host_queued_start": 1585660414.924634, "device_queued": -1, "device_end": -1, "host_queued_end": 1585660414.99077}, "device": "cpu", "nd_range": {"device_start": 2328190.720838637, "device_end": 2328190.721822651}, "cmdq": 0, "read": {"device_start": -1, "device_end": -1}}, "softmax140": {"write": {"device_start": -1, "host_queued_start": 1585660414.736086, "device_queued": -1, "device_end": -1, "host_queued_end": 1585660414.747552}, "device": "gpu", "nd_range": {"device_start": 1585660347.3381405, "device_end": 1585660347.3385718}, "cmdq": 0, "read": {"device_start": -1, "device_end": -1}}, "empty44": {"write": {"device_start": -1, "host_queued_start": 1585660414.763024, "device_queued": -1, "device_end": -1, "host_queued_end": 1585660414.99077}, "device": "cpu", "nd_range": {"device_start": 2328189.180411137, "device_end": 2328189.180412095}, "cmdq": 1, "read": {"device_start": -1, "device_end": -1}}, "FFC_sans_bias137": {"write": {"device_start": 1585660347.3199482, "host_queued_start": 1585660414.729832, "device_queued": 1585660347.2942886, "device_end": 1585660347.320036, "host_queued_end": 1585660414.747552}, "device": "gpu", "nd_range": {"device_start": 1585660347.320042, "device_end": 1585660347.3233984}, "cmdq": 0, "read": {"device_start": -1, "device_end": -1}}, "empty8": {"write": {"device_start": -1, "host_queued_start": 1585660414.751638, "device_queued": -1, "device_end": -1, "host_queued_end": 1585660414.99077}, "device": "cpu", "nd_range": {"device_start": 2328189.180380397, "device_end": 2328189.180390038}, "cmdq": 0, "read": {"device_start": -1, "device_end": -1}}, "softmax50": {"write": {"device_start": -1, "host_queued_start": 1585660414.93806, "device_queued": -1, "device_end": -1, "host_queued_end": 1585660414.99077}, "device": "cpu", "nd_range": {"device_start": 2328191.139066916, "device_end": 2328191.139797801}, "cmdq": 2, "read": {"device_start": -1, "device_end": -1}}, "softmax59": {"write": {"device_start": -1, "host_queued_start": 1585660414.938605, "device_queued": -1, "device_end": -1, "host_queued_end": 1585660414.99077}, "device": "cpu", "nd_range": {"device_start": 2328191.220970311, "device_end": 2328191.221959473}, "cmdq": 0, "read": {"device_start": -1, "device_end": -1}}, "FFC_sans_bias142": {"write": {"device_start": 1585660347.357338, "host_queued_start": 1585660414.747392, "device_queued": 1585660347.2964299, "device_end": 1585660347.3574326, "host_queued_end": 1585660414.747552}, "device": "gpu", "nd_range": {"device_start": 1585660347.3574352, "device_end": 1585660347.3607569}, "cmdq": 0, "read": {"device_start": 1585660347.3607633, "device_end": 1585660347.360862}}, "FFC_sans_bias141": {"write": {"device_start": -1, "host_queued_start": 1585660414.737077, "device_queued": -1, "device_end": -1, "host_queued_end": 1585660414.747552}, "device": "gpu", "nd_range": {"device_start": 1585660347.34526, "device_end": 1585660347.348623}, "cmdq": 0, "read": {"device_start": -1, "device_end": -1}}, "FFC_sans_bias24": {"write": {"device_start": -1, "host_queued_start": 1585660414.943577, "device_queued": -1, "device_end": -1, "host_queued_end": 1585660414.99077}, "device": "cpu", "nd_range": {"device_start": 2328191.2243437893, "device_end": 2328191.331424504}, "cmdq": 0, "read": {"device_start": -1, "device_end": -1}}, "FFC_sans_bias25": {"write": {"device_start": -1, "host_queued_start": 1585660414.959277, "device_queued": -1, "device_end": -1, "host_queued_end": 1585660414.99077}, "device": "cpu", "nd_range": {"device_start": 2328191.734820607, "device_end": 2328191.8503411394}, "cmdq": 1, "read": {"device_start": -1, "device_end": -1}}, "FFC_sans_bias27": {"write": {"device_start": -1, "host_queued_start": 1585660414.820512, "device_queued": -1, "device_end": -1, "host_queued_end": 1585660414.99077}, "device": "cpu", "nd_range": {"device_start": 2328189.5140919574, "device_end": 2328189.6236187043}, "cmdq": 1, "read": {"device_start": -1, "device_end": -1}}, "FFC_sans_bias20": {"write": {"device_start": -1, "host_queued_start": 1585660414.817012, "device_queued": -1, "device_end": -1, "host_queued_end": 1585660414.99077}, "device": "cpu", "nd_range": {"device_start": 2328189.4911925863, "device_end": 2328189.59813729}, "cmdq": 0, "read": {"device_start": -1, "device_end": -1}}, "FFC_sans_bias22": {"write": {"device_start": -1, "host_queued_start": 1585660414.928777, "device_queued": -1, "device_end": -1, "host_queued_end": 1585660414.99077}, "device": "cpu", "nd_range": {"device_start": 2328190.7366983793, "device_end": 2328190.839399124}, "cmdq": 1, "read": {"device_start": -1, "device_end": -1}}, "FFC_sans_bias130": {"write": {"device_start": -1, "host_queued_start": 1585660414.734967, "device_queued": -1, "device_end": -1, "host_queued_end": 1585660414.747552}, "device": "gpu", "nd_range": {"device_start": 1585660347.3305829, "device_end": 1585660347.3339334}, "cmdq": 0, "read": {"device_start": -1, "device_end": -1}}, "FFC_sans_bias28": {"write": {"device_start": -1, "host_queued_start": 1585660414.824046, "device_queued": -1, "device_end": -1, "host_queued_end": 1585660414.99077}, "device": "cpu", "nd_range": {"device_start": 2328189.480294565, "device_end": 2328189.5903806183}, "cmdq": 2, "read": {"device_start": -1, "device_end": -1}}, "FFC_sans_bias29": {"write": {"device_start": -1, "host_queued_start": 1585660414.827484, "device_queued": -1, "device_end": -1, "host_queued_end": 1585660414.99077}, "device": "cpu", "nd_range": {"device_start": 2328189.5981561793, "device_end": 2328189.7262944872}, "cmdq": 0, "read": {"device_start": -1, "device_end": -1}}, "coalesced_transpose66": {"write": {"device_start": -1, "host_queued_start": 1585660414.924058, "device_queued": -1, "device_end": -1, "host_queued_end": 1585660414.99077}, "device": "cpu", "nd_range": {"device_start": 2328190.563923968, "device_end": 2328190.564881998}, "cmdq": 2, "read": {"device_start": -1, "device_end": -1}}, "coalesced_transpose93": {"write": {"device_start": -1, "host_queued_start": 1585660414.925781, "device_queued": -1, "device_end": -1, "host_queued_end": 1585660414.99077}, "device": "cpu", "nd_range": {"device_start": 2328190.5648920843, "device_end": 2328190.565822138}, "cmdq": 2, "read": {"device_start": -1, "device_end": -1}}, "softmax23": {"write": {"device_start": -1, "host_queued_start": 1585660414.936488, "device_queued": -1, "device_end": -1, "host_queued_end": 1585660414.99077}, "device": "cpu", "nd_range": {"device_start": 2328191.1382894013, "device_end": 2328191.139057233}, "cmdq": 2, "read": {"device_start": -1, "device_end": -1}}, "empty62": {"write": {"device_start": -1, "host_queued_start": 1585660414.768651, "device_queued": -1, "device_end": -1, "host_queued_end": 1585660414.99077}, "device": "cpu", "nd_range": {"device_start": 2328189.180418677, "device_end": 2328189.180419397}, "cmdq": 0, "read": {"device_start": -1, "device_end": -1}}, "FFC_sans_bias10": {"write": {"device_start": -1, "host_queued_start": 1585660414.802088, "device_queued": -1, "device_end": -1, "host_queued_end": 1585660414.99077}, "device": "cpu", "nd_range": {"device_start": 2328189.320201572, "device_end": 2328189.399463045}, "cmdq": 2, "read": {"device_start": -1, "device_end": -1}}, "FFC_sans_bias13": {"write": {"device_start": -1, "host_queued_start": 1585660414.928192, "device_queued": -1, "device_end": -1, "host_queued_end": 1585660414.99077}, "device": "cpu", "nd_range": {"device_start": 2328190.723145218, "device_end": 2328190.851964049}, "cmdq": 0, "read": {"device_start": -1, "device_end": -1}}, "FFC_sans_bias15": {"write": {"device_start": -1, "host_queued_start": 1585660414.942987, "device_queued": -1, "device_end": -1, "host_queued_end": 1585660414.99077}, "device": "cpu", "nd_range": {"device_start": 2328191.1870470573, "device_end": 2328191.32328639}, "cmdq": 2, "read": {"device_start": -1, "device_end": -1}}, "FFC_sans_bias16": {"write": {"device_start": -1, "host_queued_start": 1585660414.956191, "device_queued": -1, "device_end": -1, "host_queued_end": 1585660414.99077}, "device": "cpu", "nd_range": {"device_start": 2328191.664826378, "device_end": 2328191.798590774}, "cmdq": 0, "read": {"device_start": -1, "device_end": -1}}, "FFC_sans_bias19": {"write": {"device_start": -1, "host_queued_start": 1585660414.813356, "device_queued": -1, "device_end": -1, "host_queued_end": 1585660414.99077}, "device": "cpu", "nd_range": {"device_start": 2328189.399482739, "device_end": 2328189.479789683}, "cmdq": 2, "read": {"device_start": -1, "device_end": -1}}, "FFC_sans_bias18": {"write": {"device_start": -1, "host_queued_start": 1585660414.809658, "device_queued": -1, "device_end": -1, "host_queued_end": 1585660414.99077}, "device": "cpu", "nd_range": {"device_start": 2328189.413234198, "device_end": 2328189.514069778}, "cmdq": 1, "read": {"device_start": -1, "device_end": -1}}, "FFC_sans_bias99": {"write": {"device_start": -1, "host_queued_start": 1585660414.903677, "device_queued": -1, "device_end": -1, "host_queued_end": 1585660414.99077}, "device": "cpu", "nd_range": {"device_start": 2328190.466206169, "device_end": 2328190.593252275}, "cmdq": 1, "read": {"device_start": -1, "device_end": -1}}, "FFC_sans_bias91": {"write": {"device_start": -1, "host_queued_start": 1585660414.896755, "device_queued": -1, "device_end": -1, "host_queued_end": 1585660414.99077}, "device": "cpu", "nd_range": {"device_start": 2328190.2082190122, "device_end": 2328190.361912655}, "cmdq": 2, "read": {"device_start": -1, "device_end": -1}}, "FFC_sans_bias90": {"write": {"device_start": -1, "host_queued_start": 1585660414.893386, "device_queued": -1, "device_end": -1, "host_queued_end": 1585660414.99077}, "device": "cpu", "nd_range": {"device_start": 2328190.28678397, "device_end": 2328190.466189269}, "cmdq": 1, "read": {"device_start": -1, "device_end": -1}}, "coalesced_transpose12": {"write": {"device_start": -1, "host_queued_start": 1585660414.921574, "device_queued": -1, "device_end": -1, "host_queued_end": 1585660414.99077}, "device": "cpu", "nd_range": {"device_start": 2328190.561500993, "device_end": 2328190.562716247}, "cmdq": 2, "read": {"device_start": -1, "device_end": -1}}, "FFC_sans_bias94": {"write": {"device_start": -1, "host_queued_start": 1585660414.933662, "device_queued": -1, "device_end": -1, "host_queued_end": 1585660414.99077}, "device": "cpu", "nd_range": {"device_start": 2328191.113860495, "device_end": 2328191.217809689}, "cmdq": 0, "read": {"device_start": -1, "device_end": -1}}, "FFC_sans_bias97": {"write": {"device_start": -1, "host_queued_start": 1585660414.984419, "device_queued": -1, "device_end": -1, "host_queued_end": 1585660414.99077}, "device": "cpu", "nd_range": {"device_start": 2328192.0268210443, "device_end": 2328192.106939165}, "cmdq": 0, "read": {"device_start": -1, "device_end": -1}}, "FFC_sans_bias96": {"write": {"device_start": -1, "host_queued_start": 1585660414.948366, "device_queued": -1, "device_end": -1, "host_queued_end": 1585660414.99077}, "device": "cpu", "nd_range": {"device_start": 2328191.506904919, "device_end": 2328191.6301446003}, "cmdq": 2, "read": {"device_start": -1, "device_end": -1}}, "FFC_sans_bias124": {"write": {"device_start": 1585660347.349009, "host_queued_start": 1585660414.740489, "device_queued": 1585660347.29597, "device_end": 1585660347.3491101, "host_queued_end": 1585660414.747552}, "device": "gpu", "nd_range": {"device_start": 1585660347.3491163, "device_end": 1585660347.3524537}, "cmdq": 0, "read": {"device_start": 1585660347.3524594, "device_end": 1585660347.352561}}, "FFC_sans_bias126": {"write": {"device_start": 1585660347.3086123, "host_queued_start": 1585660414.719506, "device_queued": 1585660347.2936532, "device_end": 1585660347.3087008, "host_queued_end": 1585660414.747552}, "device": "gpu", "nd_range": {"device_start": 1585660347.308706, "device_end": 1585660347.312063}, "cmdq": 0, "read": {"device_start": -1, "device_end": -1}}, "softmax32": {"write": {"device_start": -1, "host_queued_start": 1585660414.937028, "device_queued": -1, "device_end": -1, "host_queued_end": 1585660414.99077}, "device": "cpu", "nd_range": {"device_start": 2328191.218978541, "device_end": 2328191.220733093}, "cmdq": 0, "read": {"device_start": -1, "device_end": -1}}, "coalesced_transpose84": {"write": {"device_start": -1, "host_queued_start": 1585660414.925208, "device_queued": -1, "device_end": -1, "host_queued_end": 1585660414.99077}, "device": "cpu", "nd_range": {"device_start": 2328190.6425434332, "device_end": 2328190.6435154243}, "cmdq": 1, "read": {"device_start": -1, "device_end": -1}}, "FFC_sans_bias121": {"write": {"device_start": -1, "host_queued_start": 1585660414.734641, "device_queued": -1, "device_end": -1, "host_queued_end": 1585660414.747552}, "device": "gpu", "nd_range": {"device_start": 1585660347.3272479, "device_end": 1585660347.3305814}, "cmdq": 0, "read": {"device_start": -1, "device_end": -1}}, "empty98": {"write": {"device_start": -1, "host_queued_start": 1585660414.779593, "device_queued": -1, "device_end": -1, "host_queued_end": 1585660414.99077}, "device": "cpu", "nd_range": {"device_start": 2328189.1804241873, "device_end": 2328189.18042489}, "cmdq": 1, "read": {"device_start": -1, "device_end": -1}}, "empty107": {"write": {"device_start": -1, "host_queued_start": 1585660414.782449, "device_queued": -1, "device_end": -1, "host_queued_end": 1585660414.99077}, "device": "cpu", "nd_range": {"device_start": 2328189.1804233403, "device_end": 2328189.1804239564}, "cmdq": 2, "read": {"device_start": -1, "device_end": -1}}, "empty17": {"write": {"device_start": -1, "host_queued_start": 1585660414.754538, "device_queued": -1, "device_end": -1, "host_queued_end": 1585660414.99077}, "device": "cpu", "nd_range": {"device_start": 2328189.180380269, "device_end": 2328189.180390072}, "cmdq": 1, "read": {"device_start": -1, "device_end": -1}}, "FFC_sans_bias87": {"write": {"device_start": -1, "host_queued_start": 1585660414.947755, "device_queued": -1, "device_end": -1, "host_queued_end": 1585660414.99077}, "device": "cpu", "nd_range": {"device_start": 2328191.504810288, "device_end": 2328191.603592922}, "cmdq": 1, "read": {"device_start": -1, "device_end": -1}}, "FFC_sans_bias85": {"write": {"device_start": -1, "host_queued_start": 1585660414.933065, "device_queued": -1, "device_end": -1, "host_queued_end": 1585660414.99077}, "device": "cpu", "nd_range": {"device_start": 2328190.940471408, "device_end": 2328191.0341613963}, "cmdq": 2, "read": {"device_start": -1, "device_end": -1}}, "FFC_sans_bias82": {"write": {"device_start": -1, "host_queued_start": 1585660414.886494, "device_queued": -1, "device_end": -1, "host_queued_end": 1585660414.99077}, "device": "cpu", "nd_range": {"device_start": 2328190.1269477643, "device_end": 2328190.208187181}, "cmdq": 2, "read": {"device_start": -1, "device_end": -1}}, "FFC_sans_bias83": {"write": {"device_start": -1, "host_queued_start": 1585660414.889937, "device_queued": -1, "device_end": -1, "host_queued_end": 1585660414.99077}, "device": "cpu", "nd_range": {"device_start": 2328190.282989254, "device_end": 2328190.362265611}, "cmdq": 0, "read": {"device_start": -1, "device_end": -1}}, "FFC_sans_bias81": {"write": {"device_start": -1, "host_queued_start": 1585660414.882969, "device_queued": -1, "device_end": -1, "host_queued_end": 1585660414.99077}, "device": "cpu", "nd_range": {"device_start": 2328190.1866976693, "device_end": 2328190.2867723512}, "cmdq": 1, "read": {"device_start": -1, "device_end": -1}}, "FFC_sans_bias88": {"write": {"device_start": -1, "host_queued_start": 1585660414.981212, "device_queued": -1, "device_end": -1, "host_queued_end": 1585660414.99077}, "device": "cpu", "nd_range": {"device_start": 2328191.925651905, "device_end": 2328192.051118649}, "cmdq": 2, "read": {"device_start": -1, "device_end": -1}}, "coalesced_transpose30": {"write": {"device_start": -1, "host_queued_start": 1585660414.922227, "device_queued": -1, "device_end": -1, "host_queued_end": 1585660414.99077}, "device": "cpu", "nd_range": {"device_start": 2328190.6403308143, "device_end": 2328190.6415428803}, "cmdq": 1, "read": {"device_start": -1, "device_end": -1}}, "FFC_sans_bias128": {"write": {"device_start": 1585660347.3048747, "host_queued_start": 1585660414.716033, "device_queued": 1585660347.29328, "device_end": 1585660347.304974, "host_queued_end": 1585660414.747552}, "device": "gpu", "nd_range": {"device_start": 1585660347.3049798, "device_end": 1585660347.3083217}, "cmdq": 0, "read": {"device_start": -1, "device_end": -1}}, "coalesced_transpose39": {"write": {"device_start": -1, "host_queued_start": 1585660414.922553, "device_queued": -1, "device_end": -1, "host_queued_end": 1585660414.99077}, "device": "cpu", "nd_range": {"device_start": 2328190.562727787, "device_end": 2328190.563914812}, "cmdq": 2, "read": {"device_start": -1, "device_end": -1}}, "FFC_sans_bias79": {"write": {"device_start": -1, "host_queued_start": 1585660414.978111, "device_queued": -1, "device_end": -1, "host_queued_end": 1585660414.99077}, "device": "cpu", "nd_range": {"device_start": 2328191.9512235853, "device_end": 2328192.112224703}, "cmdq": 1, "read": {"device_start": -1, "device_end": -1}}, "FFC_sans_bias78": {"write": {"device_start": -1, "host_queued_start": 1585660414.947169, "device_queued": -1, "device_end": -1, "host_queued_end": 1585660414.99077}, "device": "cpu", "nd_range": {"device_start": 2328191.473732632, "device_end": 2328191.581171479}, "cmdq": 0, "read": {"device_start": -1, "device_end": -1}}, "FFC_sans_bias73": {"write": {"device_start": -1, "host_queued_start": 1585660414.876059, "device_queued": -1, "device_end": -1, "host_queued_end": 1585660414.99077}, "device": "cpu", "nd_range": {"device_start": 2328190.048321823, "device_end": 2328190.126924965}, "cmdq": 2, "read": {"device_start": -1, "device_end": -1}}, "FFC_sans_bias72": {"write": {"device_start": -1, "host_queued_start": 1585660414.872651, "device_queued": -1, "device_end": -1, "host_queued_end": 1585660414.99077}, "device": "cpu", "nd_range": {"device_start": 2328190.040158615, "device_end": 2328190.186677752}, "cmdq": 1, "read": {"device_start": -1, "device_end": -1}}, "FFC_sans_bias70": {"write": {"device_start": -1, "host_queued_start": 1585660414.974942, "device_queued": -1, "device_end": -1, "host_queued_end": 1585660414.99077}, "device": "cpu", "nd_range": {"device_start": 2328191.891534085, "device_end": 2328192.026805644}, "cmdq": 0, "read": {"device_start": -1, "device_end": -1}}, "FFC_sans_bias76": {"write": {"device_start": -1, "host_queued_start": 1585660414.932472, "device_queued": -1, "device_end": -1, "host_queued_end": 1585660414.99077}, "device": "cpu", "nd_range": {"device_start": 2328190.9729726054, "device_end": 2328191.1131892893}, "cmdq": 1, "read": {"device_start": -1, "device_end": -1}}, "FFC_sans_bias74": {"write": {"device_start": -1, "host_queued_start": 1585660414.879555, "device_queued": -1, "device_end": -1, "host_queued_end": 1585660414.99077}, "device": "cpu", "nd_range": {"device_start": 2328190.150959725, "device_end": 2328190.2827483183}, "cmdq": 0, "read": {"device_start": -1, "device_end": -1}}, "coalesced_transpose102": {"write": {"device_start": -1, "host_queued_start": 1585660414.926352, "device_queued": -1, "device_end": -1, "host_queued_end": 1585660414.99077}, "device": "cpu", "nd_range": {"device_start": 2328190.7219820553, "device_end": 2328190.7229974694}, "cmdq": 0, "read": {"device_start": -1, "device_end": -1}}, "coalesced_transpose3": {"write": {"device_start": -1, "host_queued_start": 1585660414.921244, "device_queued": -1, "device_end": -1, "host_queued_end": 1585660414.99077}, "device": "cpu", "nd_range": {"device_start": 2328190.639118365, "device_end": 2328190.6403175914}, "cmdq": 1, "read": {"device_start": -1, "device_end": -1}}, "FFC_sans_bias127": {"write": {"device_start": 1585660347.3124194, "host_queued_start": 1585660414.722886, "device_queued": 1585660347.293862, "device_end": 1585660347.3125186, "host_queued_end": 1585660414.747552}, "device": "gpu", "nd_range": {"device_start": 1585660347.3125212, "device_end": 1585660347.315875}, "cmdq": 0, "read": {"device_start": -1, "device_end": -1}}, "empty89": {"write": {"device_start": -1, "host_queued_start": 1585660414.776927, "device_queued": -1, "device_end": -1, "host_queued_end": 1585660414.99077}, "device": "cpu", "nd_range": {"device_start": 2328189.1804250362, "device_end": 2328189.180425725}, "cmdq": 0, "read": {"device_start": -1, "device_end": -1}}, "FFC_sans_bias123": {"write": {"device_start": -1, "host_queued_start": 1585660414.73641, "device_queued": -1, "device_end": -1, "host_queued_end": 1585660414.747552}, "device": "gpu", "nd_range": {"device_start": 1585660347.3385742, "device_end": 1585660347.3419116}, "cmdq": 0, "read": {"device_start": -1, "device_end": -1}}, "empty80": {"write": {"device_start": -1, "host_queued_start": 1585660414.774174, "device_queued": -1, "device_end": -1, "host_queued_end": 1585660414.99077}, "device": "cpu", "nd_range": {"device_start": 2328189.1804183903, "device_end": 2328189.180419152}, "cmdq": 2, "read": {"device_start": -1, "device_end": -1}}, "empty116": {"write": {"device_start": -1, "host_queued_start": 1585660414.785121, "device_queued": -1, "device_end": -1, "host_queued_end": 1585660414.99077}, "device": "cpu", "nd_range": {"device_start": 2328189.180430156, "device_end": 2328189.180431034}, "cmdq": 0, "read": {"device_start": -1, "device_end": -1}}, "softmax104": {"write": {"device_start": -1, "host_queued_start": 1585660414.941208, "device_queued": -1, "device_end": -1, "host_queued_end": 1585660414.99077}, "device": "cpu", "nd_range": {"device_start": 2328191.186319846, "device_end": 2328191.187038767}, "cmdq": 2, "read": {"device_start": -1, "device_end": -1}}, "coalesced_transpose21": {"write": {"device_start": -1, "host_queued_start": 1585660414.921897, "device_queued": -1, "device_end": -1, "host_queued_end": 1585660414.99077}, "device": "cpu", "nd_range": {"device_start": 2328190.716932443, "device_end": 2328190.718186708}, "cmdq": 0, "read": {"device_start": -1, "device_end": -1}}, "softmax14": {"write": {"device_start": -1, "host_queued_start": 1585660414.935958, "device_queued": -1, "device_end": -1, "host_queued_end": 1585660414.99077}, "device": "cpu", "nd_range": {"device_start": 2328191.1831085864, "device_end": 2328191.183840297}, "cmdq": 1, "read": {"device_start": -1, "device_end": -1}}, "FFC_sans_bias69": {"write": {"device_start": -1, "host_queued_start": 1585660414.94651, "device_queued": -1, "device_end": -1, "host_queued_end": 1585660414.99077}, "device": "cpu", "nd_range": {"device_start": 2328191.399438235, "device_end": 2328191.506892552}, "cmdq": 2, "read": {"device_start": -1, "device_end": -1}}, "FFC_sans_bias92": {"write": {"device_start": -1, "host_queued_start": 1585660414.900231, "device_queued": -1, "device_end": -1, "host_queued_end": 1585660414.99077}, "device": "cpu", "nd_range": {"device_start": 2328190.362421668, "device_end": 2328190.474116824}, "cmdq": 0, "read": {"device_start": -1, "device_end": -1}}, "FFC_sans_bias60": {"write": {"device_start": -1, "host_queued_start": 1585660414.945922, "device_queued": -1, "device_end": -1, "host_queued_end": 1585660414.99077}, "device": "cpu", "nd_range": {"device_start": 2328191.4145565093, "device_end": 2328191.5047924793}, "cmdq": 1, "read": {"device_start": -1, "device_end": -1}}, "FFC_sans_bias61": {"write": {"device_start": -1, "host_queued_start": 1585660414.971856, "device_queued": -1, "device_end": -1, "host_queued_end": 1585660414.99077}, "device": "cpu", "nd_range": {"device_start": 2328191.818294758, "device_end": 2328191.925643164}, "cmdq": 2, "read": {"device_start": -1, "device_end": -1}}, "FFC_sans_bias63": {"write": {"device_start": -1, "host_queued_start": 1585660414.869107, "device_queued": -1, "device_end": -1, "host_queued_end": 1585660414.99077}, "device": "cpu", "nd_range": {"device_start": 2328190.024991441, "device_end": 2328190.150739359}, "cmdq": 0, "read": {"device_start": -1, "device_end": -1}}, "FFC_sans_bias64": {"write": {"device_start": -1, "host_queued_start": 1585660414.86206, "device_queued": -1, "device_end": -1, "host_queued_end": 1585660414.99077}, "device": "cpu", "nd_range": {"device_start": 2328189.9404365043, "device_end": 2328190.0399451572}, "cmdq": 1, "read": {"device_start": -1, "device_end": -1}}, "FFC_sans_bias65": {"write": {"device_start": -1, "host_queued_start": 1585660414.865571, "device_queued": -1, "device_end": -1, "host_queued_end": 1585660414.99077}, "device": "cpu", "nd_range": {"device_start": 2328189.922119391, "device_end": 2328190.048126085}, "cmdq": 2, "read": {"device_start": -1, "device_end": -1}}, "FFC_sans_bias67": {"write": {"device_start": -1, "host_queued_start": 1585660414.931872, "device_queued": -1, "device_end": -1, "host_queued_end": 1585660414.99077}, "device": "cpu", "nd_range": {"device_start": 2328191.018540964, "device_end": 2328191.113725747}, "cmdq": 0, "read": {"device_start": -1, "device_end": -1}}, "coalesced_transpose111": {"write": {"device_start": -1, "host_queued_start": 1585660414.92693, "device_queued": -1, "device_end": -1, "host_queued_end": 1585660414.99077}, "device": "cpu", "nd_range": {"device_start": 2328190.643527497, "device_end": 2328190.644457778}, "cmdq": 1, "read": {"device_start": -1, "device_end": -1}}, "FFC_sans_bias136": {"write": {"device_start": 1585660347.3161795, "host_queued_start": 1585660414.72638, "device_queued": 1585660347.2940838, "device_end": 1585660347.316268, "host_queued_end": 1585660414.747552}, "device": "gpu", "nd_range": {"device_start": 1585660347.3162746, "device_end": 1585660347.31965}, "cmdq": 0, "read": {"device_start": -1, "device_end": -1}}, "FFC_sans_bias135": {"write": {"device_start": 1585660347.3237379, "host_queued_start": 1585660414.733324, "device_queued": 1585660347.2945063, "device_end": 1585660347.3238268, "host_queued_end": 1585660414.747552}, "device": "gpu", "nd_range": {"device_start": 1585660347.323834, "device_end": 1585660347.3271894}, "cmdq": 0, "read": {"device_start": -1, "device_end": -1}}, "FFC_sans_bias133": {"write": {"device_start": 1585660347.3531642, "host_queued_start": 1585660414.743872, "device_queued": 1585660347.2962046, "device_end": 1585660347.3532732, "host_queued_end": 1585660414.747552}, "device": "gpu", "nd_range": {"device_start": 1585660347.353282, "device_end": 1585660347.3566005}, "cmdq": 0, "read": {"device_start": 1585660347.3566058, "device_end": 1585660347.3567028}}, "FFC_sans_bias132": {"write": {"device_start": -1, "host_queued_start": 1585660414.736743, "device_queued": -1, "device_end": -1, "host_queued_end": 1585660414.747552}, "device": "gpu", "nd_range": {"device_start": 1585660347.3419127, "device_end": 1585660347.345259}, "cmdq": 0, "read": {"device_start": -1, "device_end": -1}}, "softmax68": {"write": {"device_start": -1, "host_queued_start": 1585660414.939123, "device_queued": -1, "device_end": -1, "host_queued_end": 1585660414.99077}, "device": "cpu", "nd_range": {"device_start": 2328191.1855862653, "device_end": 2328191.18631093}, "cmdq": 1, "read": {"device_start": -1, "device_end": -1}}, "softmax131": {"write": {"device_start": -1, "host_queued_start": 1585660414.735827, "device_queued": -1, "device_end": -1, "host_queued_end": 1585660414.747552}, "device": "gpu", "nd_range": {"device_start": 1585660347.337718, "device_end": 1585660347.338139}, "cmdq": 0, "read": {"device_start": -1, "device_end": -1}}, "empty125": {"write": {"device_start": 1585660347.2923815, "host_queued_start": 1585660414.696395, "device_queued": 1585660347.2920308, "device_end": 1585660347.2924747, "host_queued_end": 1585660414.747552}, "device": "gpu", "nd_range": {"device_start": 1585660347.292481, "device_end": 1585660347.292485}, "cmdq": 0, "read": {"device_start": -1, "device_end": -1}}, "FFC_sans_bias139": {"write": {"device_start": -1, "host_queued_start": 1585660414.735302, "device_queued": -1, "device_end": -1, "host_queued_end": 1585660414.747552}, "device": "gpu", "nd_range": {"device_start": 1585660347.3339348, "device_end": 1585660347.3372924}, "cmdq": 0, "read": {"device_start": -1, "device_end": -1}}, "empty35": {"write": {"device_start": -1, "host_queued_start": 1585660414.760285, "device_queued": -1, "device_end": -1, "host_queued_end": 1585660414.99077}, "device": "cpu", "nd_range": {"device_start": 2328189.1804115213, "device_end": 2328189.1804126874}, "cmdq": 0, "read": {"device_start": -1, "device_end": -1}}, "softmax86": {"write": {"device_start": -1, "host_queued_start": 1585660414.940173, "device_queued": -1, "device_end": -1, "host_queued_end": 1585660414.99077}, "device": "cpu", "nd_range": {"device_start": 2328191.222179321, "device_end": 2328191.223018359}, "cmdq": 0, "read": {"device_start": -1, "device_end": -1}}, "FFC_sans_bias55": {"write": {"device_start": -1, "host_queued_start": 1585660414.858629, "device_queued": -1, "device_end": -1, "host_queued_end": 1585660414.99077}, "device": "cpu", "nd_range": {"device_start": 2328189.907846109, "device_end": 2328190.0154971182}, "cmdq": 0, "read": {"device_start": -1, "device_end": -1}}, "FFC_sans_bias54": {"write": {"device_start": -1, "host_queued_start": 1585660414.855161, "device_queued": -1, "device_end": -1, "host_queued_end": 1585660414.99077}, "device": "cpu", "nd_range": {"device_start": 2328189.803598692, "device_end": 2328189.921908723}, "cmdq": 2, "read": {"device_start": -1, "device_end": -1}}, "FFC_sans_bias56": {"write": {"device_start": -1, "host_queued_start": 1585660414.851745, "device_queued": -1, "device_end": -1, "host_queued_end": 1585660414.99077}, "device": "cpu", "nd_range": {"device_start": 2328189.8588366653, "device_end": 2328189.9402140263}, "cmdq": 1, "read": {"device_start": -1, "device_end": -1}}, "FFC_sans_bias51": {"write": {"device_start": -1, "host_queued_start": 1585660414.945335, "device_queued": -1, "device_end": -1, "host_queued_end": 1585660414.99077}, "device": "cpu", "nd_range": {"device_start": 2328191.3316040994, "device_end": 2328191.473493171}, "cmdq": 0, "read": {"device_start": -1, "device_end": -1}}, "FFC_sans_bias52": {"write": {"device_start": -1, "host_queued_start": 1585660414.968659, "device_queued": -1, "device_end": -1, "host_queued_end": 1585660414.99077}, "device": "cpu", "nd_range": {"device_start": 2328191.8503625332, "device_end": 2328191.9512125663}, "cmdq": 1, "read": {"device_start": -1, "device_end": -1}}, "FFC_sans_bias58": {"write": {"device_start": -1, "host_queued_start": 1585660414.931276, "device_queued": -1, "device_end": -1, "host_queued_end": 1585660414.99077}, "device": "cpu", "nd_range": {"device_start": 2328190.80368995, "device_end": 2328190.9404544453}, "cmdq": 2, "read": {"device_start": -1, "device_end": -1}}, "FFC_sans_bias108": {"write": {"device_start": -1, "host_queued_start": 1585660414.914005, "device_queued": -1, "device_end": -1, "host_queued_end": 1585660414.99077}, "device": "cpu", "nd_range": {"device_start": 2328190.5932640783, "device_end": 2328190.6391078914}, "cmdq": 1, "read": {"device_start": -1, "device_end": -1}}, "FFC_sans_bias109": {"write": {"device_start": -1, "host_queued_start": 1585660414.917405, "device_queued": -1, "device_end": -1, "host_queued_end": 1585660414.99077}, "device": "cpu", "nd_range": {"device_start": 2328190.465793922, "device_end": 2328190.5614845604}, "cmdq": 2, "read": {"device_start": -1, "device_end": -1}}, "coalesced_transpose129": {"write": {"device_start": -1, "host_queued_start": 1585660414.733999, "device_queued": -1, "device_end": -1, "host_queued_end": 1585660414.747552}, "device": "gpu", "nd_range": {"device_start": 1585660347.327209, "device_end": 1585660347.327227}, "cmdq": 0, "read": {"device_start": -1, "device_end": -1}}, "FFC_sans_bias103": {"write": {"device_start": -1, "host_queued_start": 1585660414.934254, "device_queued": -1, "device_end": -1, "host_queued_end": 1585660414.99077}, "device": "cpu", "nd_range": {"device_start": 2328191.113215006, "device_end": 2328191.183088732}, "cmdq": 1, "read": {"device_start": -1, "device_end": -1}}, "FFC_sans_bias100": {"write": {"device_start": -1, "host_queued_start": 1585660414.907194, "device_queued": -1, "device_end": -1, "host_queued_end": 1585660414.99077}, "device": "cpu", "nd_range": {"device_start": 2328190.361937128, "device_end": 2328190.465774753}, "cmdq": 2, "read": {"device_start": -1, "device_end": -1}}, "FFC_sans_bias101": {"write": {"device_start": -1, "host_queued_start": 1585660414.910618, "device_queued": -1, "device_end": -1, "host_queued_end": 1585660414.99077}, "device": "cpu", "nd_range": {"device_start": 2328190.474335073, "device_end": 2328190.6028170213}, "cmdq": 0, "read": {"device_start": -1, "device_end": -1}}, "FFC_sans_bias106": {"write": {"device_start": -1, "host_queued_start": 1585660414.98748, "device_queued": -1, "device_end": -1, "host_queued_end": 1585660414.99077}, "device": "cpu", "nd_range": {"device_start": 2328192.112232724, "device_end": 2328192.1773789963}, "cmdq": 1, "read": {"device_start": -1, "device_end": -1}}, "softmax122": {"write": {"device_start": -1, "host_queued_start": 1585660414.73557, "device_queued": -1, "device_end": -1, "host_queued_end": 1585660414.747552}, "device": "gpu", "nd_range": {"device_start": 1585660347.3372934, "device_end": 1585660347.3377168}, "cmdq": 0, "read": {"device_start": -1, "device_end": -1}}, "FFC_sans_bias105": {"write": {"device_start": -1, "host_queued_start": 1585660414.949021, "device_queued": -1, "device_end": -1, "host_queued_end": 1585660414.99077}, "device": "cpu", "nd_range": {"device_start": 2328191.5814139224, "device_end": 2328191.6645897133}, "cmdq": 0, "read": {"device_start": -1, "device_end": -1}}, "softmax95": {"write": {"device_start": -1, "host_queued_start": 1585660414.940694, "device_queued": -1, "device_end": -1, "host_queued_end": 1585660414.99077}, "device": "cpu", "nd_range": {"device_start": 2328191.238215417, "device_end": 2328191.238950063}, "cmdq": 1, "read": {"device_start": -1, "device_end": -1}}, "coalesced_transpose57": {"write": {"device_start": -1, "host_queued_start": 1585660414.923477, "device_queued": -1, "device_end": -1, "host_queued_end": 1585660414.99077}, "device": "cpu", "nd_range": {"device_start": 2328190.641553734, "device_end": 2328190.642533801}, "cmdq": 1, "read": {"device_start": -1, "device_end": -1}}, "empty26": {"write": {"device_start": -1, "host_queued_start": 1585660414.75752, "device_queued": -1, "device_end": -1, "host_queued_end": 1585660414.99077}, "device": "cpu", "nd_range": {"device_start": 2328189.180384591, "device_end": 2328189.180390541}, "cmdq": 2, "read": {"device_start": -1, "device_end": -1}}, "softmax113": {"write": {"device_start": -1, "host_queued_start": 1585660414.941751, "device_queued": -1, "device_end": -1, "host_queued_end": 1585660414.99077}, "device": "cpu", "nd_range": {"device_start": 2328191.2232228434, "device_end": 2328191.224193092}, "cmdq": 0, "read": {"device_start": -1, "device_end": -1}}, "FFC_sans_bias11": {"write": {"device_start": -1, "host_queued_start": 1585660414.805816, "device_queued": -1, "device_end": -1, "host_queued_end": 1585660414.99077}, "device": "cpu", "nd_range": {"device_start": 2328189.345774771, "device_end": 2328189.490966881}, "cmdq": 0, "read": {"device_start": -1, "device_end": -1}}, "FFC_sans_bias42": {"write": {"device_start": -1, "host_queued_start": 1585660414.944746, "device_queued": -1, "device_end": -1, "host_queued_end": 1585660414.99077}, "device": "cpu", "nd_range": {"device_start": 2328191.32330445, "device_end": 2328191.3994243774}, "cmdq": 2, "read": {"device_start": -1, "device_end": -1}}, "FFC_sans_bias43": {"write": {"device_start": -1, "host_queued_start": 1585660414.96556, "device_queued": -1, "device_end": -1, "host_queued_end": 1585660414.99077}, "device": "cpu", "nd_range": {"device_start": 2328191.7986066854, "device_end": 2328191.891518902}, "cmdq": 0, "read": {"device_start": -1, "device_end": -1}}, "FFC_sans_bias40": {"write": {"device_start": -1, "host_queued_start": 1585660414.929992, "device_queued": -1, "device_end": -1, "host_queued_end": 1585660414.99077}, "device": "cpu", "nd_range": {"device_start": 2328190.852528584, "device_end": 2328191.0183094023}, "cmdq": 0, "read": {"device_start": -1, "device_end": -1}}, "FFC_sans_bias46": {"write": {"device_start": -1, "host_queued_start": 1585660414.844824, "device_queued": -1, "device_end": -1, "host_queued_end": 1585660414.99077}, "device": "cpu", "nd_range": {"device_start": 2328189.6852405593, "device_end": 2328189.803578826}, "cmdq": 2, "read": {"device_start": -1, "device_end": -1}}, "FFC_sans_bias47": {"write": {"device_start": -1, "host_queued_start": 1585660414.848272, "device_queued": -1, "device_end": -1, "host_queued_end": 1585660414.99077}, "device": "cpu", "nd_range": {"device_start": 2328189.7918951414, "device_end": 2328189.9066132843}, "cmdq": 0, "read": {"device_start": -1, "device_end": -1}}, "FFC_sans_bias45": {"write": {"device_start": -1, "host_queued_start": 1585660414.841358, "device_queued": -1, "device_end": -1, "host_queued_end": 1585660414.99077}, "device": "cpu", "nd_range": {"device_start": 2328189.739451156, "device_end": 2328189.8585971403}, "cmdq": 1, "read": {"device_start": -1, "device_end": -1}}, "FFC_sans_bias49": {"write": {"device_start": -1, "host_queued_start": 1585660414.93061, "device_queued": -1, "device_end": -1, "host_queued_end": 1585660414.99077}, "device": "cpu", "nd_range": {"device_start": 2328190.839431526, "device_end": 2328190.972956949}, "cmdq": 1, "read": {"device_start": -1, "device_end": -1}}, "softmax77": {"write": {"device_start": -1, "host_queued_start": 1585660414.939653, "device_queued": -1, "device_end": -1, "host_queued_end": 1585660414.99077}, "device": "cpu", "nd_range": {"device_start": 2328191.139810521, "device_end": 2328191.1405603243}, "cmdq": 2, "read": {"device_start": -1, "device_end": -1}}, "empty134": {"write": {"device_start": 1585660347.292801, "host_queued_start": 1585660414.699937, "device_queued": 1585660347.2922378, "device_end": 1585660347.2928905, "host_queued_end": 1585660414.747552}, "device": "gpu", "nd_range": {"device_start": 1585660347.2928958, "device_end": 1585660347.2929053}, "cmdq": 0, "read": {"device_start": -1, "device_end": -1}}, "coalesced_transpose138": {"write": {"device_start": -1, "host_queued_start": 1585660414.734315, "device_queued": -1, "device_end": -1, "host_queued_end": 1585660414.747552}, "device": "gpu", "nd_range": {"device_start": 1585660347.3272283, "device_end": 1585660347.327247}, "cmdq": 0, "read": {"device_start": -1, "device_end": -1}}, "FFC_sans_bias119": {"write": {"device_start": 1585660347.3010437, "host_queued_start": 1585660414.71262, "device_queued": 1585660347.293042, "device_end": 1585660347.3011415, "host_queued_end": 1585660414.747552}, "device": "gpu", "nd_range": {"device_start": 1585660347.3011472, "device_end": 1585660347.3045049}, "cmdq": 0, "read": {"device_start": -1, "device_end": -1}}, "FFC_sans_bias118": {"write": {"device_start": 1585660347.2972615, "host_queued_start": 1585660414.709093, "device_queued": 1585660347.292764, "device_end": 1585660347.2973526, "host_queued_end": 1585660414.747552}, "device": "gpu", "nd_range": {"device_start": 1585660347.2973592, "device_end": 1585660347.3007}, "cmdq": 0, "read": {"device_start": -1, "device_end": -1}}, "empty143": {"write": {"device_start": 1585660347.2931838, "host_queued_start": 1585660414.702658, "device_queued": 1585660347.2923806, "device_end": 1585660347.293271, "host_queued_end": 1585660414.747552}, "device": "gpu", "nd_range": {"device_start": 1585660347.2932785, "device_end": 1585660347.2932818}, "cmdq": 0, "read": {"device_start": -1, "device_end": -1}}, "FFC_sans_bias115": {"write": {"device_start": -1, "host_queued_start": 1585660414.990706, "device_queued": -1, "device_end": -1, "host_queued_end": 1585660414.99077}, "device": "cpu", "nd_range": {"device_start": 2328192.051132042, "device_end": 2328192.16492713}, "cmdq": 2, "read": {"device_start": -1, "device_end": -1}}, "FFC_sans_bias114": {"write": {"device_start": -1, "host_queued_start": 1585660414.949619, "device_queued": -1, "device_end": -1, "host_queued_end": 1585660414.99077}, "device": "cpu", "nd_range": {"device_start": 2328191.6036063964, "device_end": 2328191.7348059593}, "cmdq": 1, "read": {"device_start": -1, "device_end": -1}}, "FFC_sans_bias117": {"write": {"device_start": 1585660347.2935462, "host_queued_start": 1585660414.705919, "device_queued": 1585660347.2925172, "device_end": 1585660347.2936332, "host_queued_end": 1585660414.747552}, "device": "gpu", "nd_range": {"device_start": 1585660347.2936356, "device_end": 1585660347.2969728}, "cmdq": 0, "read": {"device_start": -1, "device_end": -1}}, "softmax5": {"write": {"device_start": -1, "host_queued_start": 1585660414.935439, "device_queued": -1, "device_end": -1, "host_queued_end": 1585660414.99077}, "device": "cpu", "nd_range": {"device_start": 2328191.218060443, "device_end": 2328191.218790941}, "cmdq": 0, "read": {"device_start": -1, "device_end": -1}}, "FFC_sans_bias110": {"write": {"device_start": -1, "host_queued_start": 1585660414.920843, "device_queued": -1, "device_end": -1, "host_queued_end": 1585660414.99077}, "device": "cpu", "nd_range": {"device_start": 2328190.603007623, "device_end": 2328190.7167293713}, "cmdq": 0, "read": {"device_start": -1, "device_end": -1}}, "FFC_sans_bias112": {"write": {"device_start": -1, "host_queued_start": 1585660414.934907, "device_queued": -1, "device_end": -1, "host_queued_end": 1585660414.99077}, "device": "cpu", "nd_range": {"device_start": 2328191.034172779, "device_end": 2328191.138275503}, "cmdq": 2, "read": {"device_start": -1, "device_end": -1}}, "empty53": {"write": {"device_start": -1, "host_queued_start": 1585660414.765748, "device_queued": -1, "device_end": -1, "host_queued_end": 1585660414.99077}, "device": "cpu", "nd_range": {"device_start": 2328189.180411147, "device_end": 2328189.180412542}, "cmdq": 2, "read": {"device_start": -1, "device_end": -1}}, "coalesced_transpose48": {"write": {"device_start": -1, "host_queued_start": 1585660414.922903, "device_queued": -1, "device_end": -1, "host_queued_end": 1585660414.99077}, "device": "cpu", "nd_range": {"device_start": 2328190.718356405, "device_end": 2328190.720673289}, "cmdq": 0, "read": {"device_start": -1, "device_end": -1}}}