{"FFC_sans_bias4": {"write": {"device_start": -1, "host_queued_start": 1585661435.840284, "device_queued": -1, "device_end": -1, "host_queued_end": 1585661435.850037}, "device": "cpu", "nd_range": {"device_start": 2329210.276373505, "device_end": 2329210.318168341}, "cmdq": 0, "read": {"device_start": -1, "device_end": -1}}, "FFC_sans_bias7": {"write": {"device_start": -1, "host_queued_start": 1585661435.846825, "device_queued": -1, "device_end": -1, "host_queued_end": 1585661435.850037}, "device": "cpu", "nd_range": {"device_start": 2329210.431588808, "device_end": 2329210.467381352}, "cmdq": 0, "read": {"device_start": -1, "device_end": -1}}, "FFC_sans_bias6": {"write": {"device_start": -1, "host_queued_start": 1585661435.842785, "device_queued": -1, "device_end": -1, "host_queued_end": 1585661435.850037}, "device": "cpu", "nd_range": {"device_start": 2329210.356537992, "device_end": 2329210.396055982}, "cmdq": 0, "read": {"device_start": -1, "device_end": -1}}, "FFC_sans_bias1": {"write": {"device_start": -1, "host_queued_start": 1585661435.824564, "device_queued": -1, "device_end": -1, "host_queued_end": 1585661435.850037}, "device": "cpu", "nd_range": {"device_start": 2329210.0742585054, "device_end": 2329210.115943142}, "cmdq": 0, "read": {"device_start": -1, "device_end": -1}}, "FFC_sans_bias0": {"write": {"device_start": -1, "host_queued_start": 1585661435.821123, "device_queued": -1, "device_end": -1, "host_queued_end": 1585661435.850037}, "device": "cpu", "nd_range": {"device_start": 2329210.0396801573, "device_end": 2329210.0742266783}, "cmdq": 0, "read": {"device_start": -1, "device_end": -1}}, "FFC_sans_bias2": {"write": {"device_start": -1, "host_queued_start": 1585661435.827991, "device_queued": -1, "device_end": -1, "host_queued_end": 1585661435.850037}, "device": "cpu", "nd_range": {"device_start": 2329210.11597264, "device_end": 2329210.151461026}, "cmdq": 0, "read": {"device_start": -1, "device_end": -1}}, "coalesced_transpose120": {"write": {"device_start": -1, "host_queued_start": 1585661435.749928, "device_queued": -1, "device_end": -1, "host_queued_end": 1585661435.809368}, "device": "gpu", "nd_range": {"device_start": 1585661368.4755034, "device_end": 1585661368.4820104}, "cmdq": 3, "read": {"device_start": -1, "device_end": -1}}, "FFC_sans_bias9": {"write": {"device_start": -1, "host_queued_start": 1585661435.831331, "device_queued": -1, "device_end": -1, "host_queued_end": 1585661435.850037}, "device": "cpu", "nd_range": {"device_start": 2329210.151473363, "device_end": 2329210.1884136363}, "cmdq": 0, "read": {"device_start": -1, "device_end": -1}}, "empty71": {"write": {"device_start": 1585661368.3288894, "host_queued_start": 1585661435.58576, "device_queued": 1585661368.3285387, "device_end": 1585661368.3291352, "host_queued_end": 1585661435.809368}, "device": "gpu", "nd_range": {"device_start": 1585661368.3291914, "device_end": 1585661368.3292315}, "cmdq": 1, "read": {"device_start": -1, "device_end": -1}}, "softmax41": {"write": {"device_start": -1, "host_queued_start": 1585661435.755889, "device_queued": -1, "device_end": -1, "host_queued_end": 1585661435.809368}, "device": "gpu", "nd_range": {"device_start": 1585661368.5082536, "device_end": 1585661368.5131063}, "cmdq": 2, "read": {"device_start": -1, "device_end": -1}}, "FFC_sans_bias37": {"write": {"device_start": 1585661368.345704, "host_queued_start": 1585661435.633099, "device_queued": 1585661368.3338397, "device_end": 1585661368.3458047, "host_queued_end": 1585661435.809368}, "device": "gpu", "nd_range": {"device_start": 1585661368.34581, "device_end": 1585661368.358368}, "cmdq": 1, "read": {"device_start": -1, "device_end": -1}}, "FFC_sans_bias36": {"write": {"device_start": 1585661368.342525, "host_queued_start": 1585661435.629739, "device_queued": 1585661368.3335998, "device_end": 1585661368.342624, "host_queued_end": 1585661435.809368}, "device": "gpu", "nd_range": {"device_start": 1585661368.3426287, "device_end": 1585661368.3550708}, "cmdq": 0, "read": {"device_start": -1, "device_end": -1}}, "FFC_sans_bias34": {"write": {"device_start": 1585661368.558401, "host_queued_start": 1585661435.772417, "device_queued": 1585661368.351517, "device_end": 1585661368.5584953, "host_queued_end": 1585661435.809368}, "device": "gpu", "nd_range": {"device_start": 1585661368.558519, "device_end": 1585661368.5722241}, "cmdq": 1, "read": {"device_start": 1585661368.5722306, "device_end": 1585661368.5723274}}, "FFC_sans_bias33": {"write": {"device_start": -1, "host_queued_start": 1585661435.759301, "device_queued": -1, "device_end": -1, "host_queued_end": 1585661435.809368}, "device": "gpu", "nd_range": {"device_start": 1585661368.516384, "device_end": 1585661368.5241785}, "cmdq": 3, "read": {"device_start": -1, "device_end": -1}}, "FFC_sans_bias31": {"write": {"device_start": -1, "host_queued_start": 1585661435.75125, "device_queued": -1, "device_end": -1, "host_queued_end": 1585661435.809368}, "device": "gpu", "nd_range": {"device_start": 1585661368.4820378, "device_end": 1585661368.491983}, "cmdq": 3, "read": {"device_start": -1, "device_end": -1}}, "FFC_sans_bias38": {"write": {"device_start": 1585661368.3490329, "host_queued_start": 1585661435.636447, "device_queued": 1585661368.3339665, "device_end": 1585661368.3491347, "host_queued_end": 1585661435.809368}, "device": "gpu", "nd_range": {"device_start": 1585661368.3491411, "device_end": 1585661368.3616185}, "cmdq": 2, "read": {"device_start": -1, "device_end": -1}}, "coalesced_transpose75": {"write": {"device_start": -1, "host_queued_start": 1585661435.748386, "device_queued": -1, "device_end": -1, "host_queued_end": 1585661435.809368}, "device": "gpu", "nd_range": {"device_start": 1585661368.4688456, "device_end": 1585661368.468898}, "cmdq": 2, "read": {"device_start": -1, "device_end": -1}}, "softmax140": {"write": {"device_start": -1, "host_queued_start": 1585661435.758654, "device_queued": -1, "device_end": -1, "host_queued_end": 1585661435.809368}, "device": "gpu", "nd_range": {"device_start": 1585661368.5163572, "device_end": 1585661368.52086}, "cmdq": 1, "read": {"device_start": -1, "device_end": -1}}, "empty44": {"write": {"device_start": 1585661368.3279374, "host_queued_start": 1585661435.577843, "device_queued": 1585661368.3274865, "device_end": 1585661368.3282185, "host_queued_end": 1585661435.809368}, "device": "gpu", "nd_range": {"device_start": 1585661368.3282304, "device_end": 1585661368.328236}, "cmdq": 2, "read": {"device_start": -1, "device_end": -1}}, "FFC_sans_bias137": {"write": {"device_start": 1585661368.453009, "host_queued_start": 1585661435.742915, "device_queued": 1585661368.3429425, "device_end": 1585661368.453104, "host_queued_end": 1585661435.809368}, "device": "gpu", "nd_range": {"device_start": 1585661368.4531126, "device_end": 1585661368.4657104}, "cmdq": 2, "read": {"device_start": -1, "device_end": -1}}, "empty8": {"write": {"device_start": -1, "host_queued_start": 1585661435.814636, "device_queued": -1, "device_end": -1, "host_queued_end": 1585661435.850037}, "device": "cpu", "nd_range": {"device_start": 2329210.0396378012, "device_end": 2329210.039651125}, "cmdq": 0, "read": {"device_start": -1, "device_end": -1}}, "softmax50": {"write": {"device_start": -1, "host_queued_start": 1585661435.756137, "device_queued": -1, "device_end": -1, "host_queued_end": 1585661435.809368}, "device": "gpu", "nd_range": {"device_start": 1585661368.514882, "device_end": 1585661368.5153005}, "cmdq": 3, "read": {"device_start": -1, "device_end": -1}}, "softmax59": {"write": {"device_start": -1, "host_queued_start": 1585661435.756387, "device_queued": -1, "device_end": -1, "host_queued_end": 1585661435.809368}, "device": "gpu", "nd_range": {"device_start": 1585661368.5057716, "device_end": 1585661368.513077}, "cmdq": 0, "read": {"device_start": -1, "device_end": -1}}, "FFC_sans_bias142": {"write": {"device_start": 1585661368.5995142, "host_queued_start": 1585661435.809256, "device_queued": 1585661368.3557537, "device_end": 1585661368.5996065, "host_queued_end": 1585661435.809368}, "device": "gpu", "nd_range": {"device_start": 1585661368.5996273, "device_end": 1585661368.6127007}, "cmdq": 1, "read": {"device_start": 1585661368.6127093, "device_end": 1585661368.6127956}}, "FFC_sans_bias141": {"write": {"device_start": -1, "host_queued_start": 1585661435.766002, "device_queued": -1, "device_end": -1, "host_queued_end": 1585661435.809368}, "device": "gpu", "nd_range": {"device_start": 1585661368.5515802, "device_end": 1585661368.5651622}, "cmdq": 3, "read": {"device_start": -1, "device_end": -1}}, "FFC_sans_bias24": {"write": {"device_start": -1, "host_queued_start": 1585661435.758985, "device_queued": -1, "device_end": -1, "host_queued_end": 1585661435.809368}, "device": "gpu", "nd_range": {"device_start": 1585661368.51599, "device_end": 1585661368.5208874}, "cmdq": 2, "read": {"device_start": -1, "device_end": -1}}, "FFC_sans_bias25": {"write": {"device_start": 1585661368.5550082, "host_queued_start": 1585661435.769317, "device_queued": 1585661368.3512225, "device_end": 1585661368.5551045, "host_queued_end": 1585661435.809368}, "device": "gpu", "nd_range": {"device_start": 1585661368.5554807, "device_end": 1585661368.5687394}, "cmdq": 0, "read": {"device_start": 1585661368.5687408, "device_end": 1585661368.5688398}}, "FFC_sans_bias27": {"write": {"device_start": 1585661368.333045, "host_queued_start": 1585661435.61975, "device_queued": 1585661368.3327947, "device_end": 1585661368.3331451, "host_queued_end": 1585661435.809368}, "device": "gpu", "nd_range": {"device_start": 1585661368.3332944, "device_end": 1585661368.345281}, "cmdq": 1, "read": {"device_start": -1, "device_end": -1}}, "FFC_sans_bias20": {"write": {"device_start": 1585661368.3326862, "host_queued_start": 1585661435.616402, "device_queued": 1585661368.332426, "device_end": 1585661368.332785, "host_queued_end": 1585661435.809368}, "device": "gpu", "nd_range": {"device_start": 1585661368.3327904, "device_end": 1585661368.3421357}, "cmdq": 0, "read": {"device_start": -1, "device_end": -1}}, "FFC_sans_bias22": {"write": {"device_start": -1, "host_queued_start": 1585661435.750876, "device_queued": -1, "device_end": -1, "host_queued_end": 1585661435.809368}, "device": "gpu", "nd_range": {"device_start": 1585661368.469042, "device_end": 1585661368.4757023}, "cmdq": 2, "read": {"device_start": -1, "device_end": -1}}, "FFC_sans_bias130": {"write": {"device_start": -1, "host_queued_start": 1585661435.754795, "device_queued": -1, "device_end": -1, "host_queued_end": 1585661435.809368}, "device": "gpu", "nd_range": {"device_start": 1585661368.49847, "device_end": 1585661368.5082312}, "cmdq": 2, "read": {"device_start": -1, "device_end": -1}}, "FFC_sans_bias28": {"write": {"device_start": 1585661368.3358743, "host_queued_start": 1585661435.623104, "device_queued": 1585661368.3329296, "device_end": 1585661368.3359807, "host_queued_end": 1585661435.809368}, "device": "gpu", "nd_range": {"device_start": 1585661368.3359833, "device_end": 1585661368.3485894}, "cmdq": 2, "read": {"device_start": -1, "device_end": -1}}, "FFC_sans_bias29": {"write": {"device_start": 1585661368.339229, "host_queued_start": 1585661435.626447, "device_queued": 1585661368.3331552, "device_end": 1585661368.3393214, "host_queued_end": 1585661435.809368}, "device": "gpu", "nd_range": {"device_start": 1585661368.3393264, "device_end": 1585661368.351829}, "cmdq": 3, "read": {"device_start": -1, "device_end": -1}}, "coalesced_transpose66": {"write": {"device_start": -1, "host_queued_start": 1585661435.74808, "device_queued": -1, "device_end": -1, "host_queued_end": 1585661435.809368}, "device": "gpu", "nd_range": {"device_start": 1585661368.4688058, "device_end": 1585661368.4688733}, "cmdq": 1, "read": {"device_start": -1, "device_end": -1}}, "coalesced_transpose93": {"write": {"device_start": -1, "host_queued_start": 1585661435.749, "device_queued": -1, "device_end": -1, "host_queued_end": 1585661435.809368}, "device": "gpu", "nd_range": {"device_start": 1585661368.468868, "device_end": 1585661368.4689245}, "cmdq": 0, "read": {"device_start": -1, "device_end": -1}}, "softmax23": {"write": {"device_start": -1, "host_queued_start": 1585661435.755379, "device_queued": -1, "device_end": -1, "host_queued_end": 1585661435.809368}, "device": "gpu", "nd_range": {"device_start": 1585661368.4951987, "device_end": 1585661368.505748}, "cmdq": 0, "read": {"device_start": -1, "device_end": -1}}, "empty62": {"write": {"device_start": 1585661368.328577, "host_queued_start": 1585661435.583175, "device_queued": 1585661368.3282433, "device_end": 1585661368.3288286, "host_queued_end": 1585661435.809368}, "device": "gpu", "nd_range": {"device_start": 1585661368.3288317, "device_end": 1585661368.328836}, "cmdq": 0, "read": {"device_start": -1, "device_end": -1}}, "FFC_sans_bias10": {"write": {"device_start": -1, "host_queued_start": 1585661435.834688, "device_queued": -1, "device_end": -1, "host_queued_end": 1585661435.850037}, "device": "cpu", "nd_range": {"device_start": 2329210.188425452, "device_end": 2329210.2311802153}, "cmdq": 0, "read": {"device_start": -1, "device_end": -1}}, "FFC_sans_bias13": {"write": {"device_start": -1, "host_queued_start": 1585661435.840875, "device_queued": -1, "device_end": -1, "host_queued_end": 1585661435.850037}, "device": "cpu", "nd_range": {"device_start": 2329210.3181980383, "device_end": 2329210.355619003}, "cmdq": 0, "read": {"device_start": -1, "device_end": -1}}, "FFC_sans_bias15": {"write": {"device_start": -1, "host_queued_start": 1585661435.843383, "device_queued": -1, "device_end": -1, "host_queued_end": 1585661435.850037}, "device": "cpu", "nd_range": {"device_start": 2329210.396227762, "device_end": 2329210.4315675953}, "cmdq": 0, "read": {"device_start": -1, "device_end": -1}}, "FFC_sans_bias16": {"write": {"device_start": -1, "host_queued_start": 1585661435.849981, "device_queued": -1, "device_end": -1, "host_queued_end": 1585661435.850037}, "device": "cpu", "nd_range": {"device_start": 2329210.467388636, "device_end": 2329210.502934767}, "cmdq": 0, "read": {"device_start": -1, "device_end": -1}}, "FFC_sans_bias19": {"write": {"device_start": 1585661368.332212, "host_queued_start": 1585661435.613097, "device_queued": 1585661368.3318746, "device_end": 1585661368.3323112, "host_queued_end": 1585661435.809368}, "device": "gpu", "nd_range": {"device_start": 1585661368.3323288, "device_end": 1585661368.3388667}, "cmdq": 3, "read": {"device_start": -1, "device_end": -1}}, "FFC_sans_bias18": {"write": {"device_start": 1585661368.331875, "host_queued_start": 1585661435.60978, "device_queued": 1585661368.331508, "device_end": 1585661368.332148, "host_queued_end": 1585661435.809368}, "device": "gpu", "nd_range": {"device_start": 1585661368.3321824, "device_end": 1585661368.335534}, "cmdq": 2, "read": {"device_start": -1, "device_end": -1}}, "FFC_sans_bias99": {"write": {"device_start": 1585661368.410703, "host_queued_start": 1585661435.699757, "device_queued": 1585661368.3394902, "device_end": 1585661368.4107988, "host_queued_end": 1585661435.809368}, "device": "gpu", "nd_range": {"device_start": 1585661368.410807, "device_end": 1585661368.4234502}, "cmdq": 1, "read": {"device_start": -1, "device_end": -1}}, "FFC_sans_bias91": {"write": {"device_start": 1585661368.4041455, "host_queued_start": 1585661435.693065, "device_queued": 1585661368.338482, "device_end": 1585661368.4042413, "host_queued_end": 1585661435.809368}, "device": "gpu", "nd_range": {"device_start": 1585661368.404248, "device_end": 1585661368.4169166}, "cmdq": 3, "read": {"device_start": -1, "device_end": -1}}, "FFC_sans_bias90": {"write": {"device_start": 1585661368.400897, "host_queued_start": 1585661435.689766, "device_queued": 1585661368.338352, "device_end": 1585661368.4009929, "host_queued_end": 1585661435.809368}, "device": "gpu", "nd_range": {"device_start": 1585661368.4009967, "device_end": 1585661368.4136634}, "cmdq": 2, "read": {"device_start": -1, "device_end": -1}}, "coalesced_transpose12": {"write": {"device_start": -1, "host_queued_start": 1585661435.839697, "device_queued": -1, "device_end": -1, "host_queued_end": 1585661435.850037}, "device": "cpu", "nd_range": {"device_start": 2329210.275835089, "device_end": 2329210.276226053}, "cmdq": 0, "read": {"device_start": -1, "device_end": -1}}, "FFC_sans_bias94": {"write": {"device_start": -1, "host_queued_start": 1585661435.75349, "device_queued": -1, "device_end": -1, "host_queued_end": 1585661435.809368}, "device": "gpu", "nd_range": {"device_start": 1585661368.4854608, "device_end": 1585661368.4984467}, "cmdq": 2, "read": {"device_start": -1, "device_end": -1}}, "FFC_sans_bias97": {"write": {"device_start": 1585661368.5824618, "host_queued_start": 1585661435.793865, "device_queued": 1585661368.3539112, "device_end": 1585661368.582556, "host_queued_end": 1585661435.809368}, "device": "gpu", "nd_range": {"device_start": 1585661368.5825806, "device_end": 1585661368.5957162}, "cmdq": 0, "read": {"device_start": 1585661368.5957208, "device_end": 1585661368.5958278}}, "FFC_sans_bias96": {"write": {"device_start": -1, "host_queued_start": 1585661435.763124, "device_queued": -1, "device_end": -1, "host_queued_end": 1585661435.809368}, "device": "gpu", "nd_range": {"device_start": 1585661368.534614, "device_end": 1585661368.5479476}, "cmdq": 2, "read": {"device_start": -1, "device_end": -1}}, "FFC_sans_bias124": {"write": {"device_start": 1585661368.5926852, "host_queued_start": 1585661435.803134, "device_queued": 1585661368.3544931, "device_end": 1585661368.5927753, "host_queued_end": 1585661435.809368}, "device": "gpu", "nd_range": {"device_start": 1585661368.592912, "device_end": 1585661368.605802}, "cmdq": 3, "read": {"device_start": 1585661368.605807, "device_end": 1585661368.6059003}}, "FFC_sans_bias126": {"write": {"device_start": 1585661368.443249, "host_queued_start": 1585661435.732899, "device_queued": 1585661368.3417451, "device_end": 1585661368.44335, "host_queued_end": 1585661435.809368}, "device": "gpu", "nd_range": {"device_start": 1585661368.443354, "device_end": 1585661368.455948}, "cmdq": 3, "read": {"device_start": -1, "device_end": -1}}, "softmax32": {"write": {"device_start": -1, "host_queued_start": 1585661435.755634, "device_queued": -1, "device_end": -1, "host_queued_end": 1585661435.809368}, "device": "gpu", "nd_range": {"device_start": 1585661368.5017273, "device_end": 1585661368.5090082}, "cmdq": 1, "read": {"device_start": -1, "device_end": -1}}, "coalesced_transpose84": {"write": {"device_start": -1, "host_queued_start": 1585661435.748689, "device_queued": -1, "device_end": -1, "host_queued_end": 1585661435.809368}, "device": "gpu", "nd_range": {"device_start": 1585661368.4690614, "device_end": 1585661368.4754813}, "cmdq": 3, "read": {"device_start": -1, "device_end": -1}}, "FFC_sans_bias121": {"write": {"device_start": -1, "host_queued_start": 1585661435.754462, "device_queued": -1, "device_end": -1, "host_queued_end": 1585661435.809368}, "device": "gpu", "nd_range": {"device_start": 1585661368.4887507, "device_end": 1585661368.501704}, "cmdq": 1, "read": {"device_start": -1, "device_end": -1}}, "empty98": {"write": {"device_start": 1585661368.3297994, "host_queued_start": 1585661435.593865, "device_queued": 1585661368.329476, "device_end": 1585661368.3300724, "host_queued_end": 1585661435.809368}, "device": "gpu", "nd_range": {"device_start": 1585661368.330083, "device_end": 1585661368.3300874}, "cmdq": 0, "read": {"device_start": -1, "device_end": -1}}, "empty107": {"write": {"device_start": 1585661368.3301253, "host_queued_start": 1585661435.596477, "device_queued": 1585661368.329793, "device_end": 1585661368.3304875, "host_queued_end": 1585661435.809368}, "device": "gpu", "nd_range": {"device_start": 1585661368.330551, "device_end": 1585661368.3306146}, "cmdq": 1, "read": {"device_start": -1, "device_end": -1}}, "empty17": {"write": {"device_start": -1, "host_queued_start": 1585661435.818039, "device_queued": -1, "device_end": -1, "host_queued_end": 1585661435.850037}, "device": "cpu", "nd_range": {"device_start": 2329210.03967326, "device_end": 2329210.0396748213}, "cmdq": 0, "read": {"device_start": -1, "device_end": -1}}, "FFC_sans_bias87": {"write": {"device_start": -1, "host_queued_start": 1585661435.762548, "device_queued": -1, "device_end": -1, "host_queued_end": 1585661435.809368}, "device": "gpu", "nd_range": {"device_start": 1585661368.531245, "device_end": 1585661368.5444942}, "cmdq": 1, "read": {"device_start": -1, "device_end": -1}}, "FFC_sans_bias85": {"write": {"device_start": -1, "host_queued_start": 1585661435.753172, "device_queued": -1, "device_end": -1, "host_queued_end": 1585661435.809368}, "device": "gpu", "nd_range": {"device_start": 1585661368.4790404, "device_end": 1585661368.488727}, "cmdq": 1, "read": {"device_start": -1, "device_end": -1}}, "FFC_sans_bias82": {"write": {"device_start": 1585661368.394404, "host_queued_start": 1585661435.683203, "device_queued": 1585661368.3379505, "device_end": 1585661368.3944986, "host_queued_end": 1585661435.809368}, "device": "gpu", "nd_range": {"device_start": 1585661368.3945057, "device_end": 1585661368.4071565}, "cmdq": 0, "read": {"device_start": -1, "device_end": -1}}, "FFC_sans_bias83": {"write": {"device_start": 1585661368.397711, "host_queued_start": 1585661435.686491, "device_queued": 1585661368.33822, "device_end": 1585661368.3978066, "host_queued_end": 1585661435.809368}, "device": "gpu", "nd_range": {"device_start": 1585661368.3978157, "device_end": 1585661368.4104264}, "cmdq": 1, "read": {"device_start": -1, "device_end": -1}}, "FFC_sans_bias81": {"write": {"device_start": 1585661368.3911786, "host_queued_start": 1585661435.679848, "device_queued": 1585661368.3374722, "device_end": 1585661368.3912733, "host_queued_end": 1585661435.809368}, "device": "gpu", "nd_range": {"device_start": 1585661368.3912764, "device_end": 1585661368.403861}, "cmdq": 3, "read": {"device_start": -1, "device_end": -1}}, "FFC_sans_bias88": {"write": {"device_start": 1585661368.579162, "host_queued_start": 1585661435.790756, "device_queued": 1585661368.3532279, "device_end": 1585661368.57926, "host_queued_end": 1585661435.809368}, "device": "gpu", "nd_range": {"device_start": 1585661368.579288, "device_end": 1585661368.5921574}, "cmdq": 3, "read": {"device_start": 1585661368.5921638, "device_end": 1585661368.5922549}}, "coalesced_transpose30": {"write": {"device_start": -1, "host_queued_start": 1585661435.746859, "device_queued": -1, "device_end": -1, "host_queued_end": 1585661435.809368}, "device": "gpu", "nd_range": {"device_start": 1585661368.4624815, "device_end": 1585661368.4688046}, "cmdq": 1, "read": {"device_start": -1, "device_end": -1}}, "FFC_sans_bias128": {"write": {"device_start": 1585661368.4400477, "host_queued_start": 1585661435.729588, "device_queued": 1585661368.341609, "device_end": 1585661368.4401472, "host_queued_end": 1585661435.809368}, "device": "gpu", "nd_range": {"device_start": 1585661368.4401538, "device_end": 1585661368.452745}, "cmdq": 2, "read": {"device_start": -1, "device_end": -1}}, "coalesced_transpose39": {"write": {"device_start": -1, "host_queued_start": 1585661435.747168, "device_queued": -1, "device_end": -1, "host_queued_end": 1585661435.809368}, "device": "gpu", "nd_range": {"device_start": 1585661368.4657166, "device_end": 1585661368.468833}, "cmdq": 2, "read": {"device_start": -1, "device_end": -1}}, "FFC_sans_bias79": {"write": {"device_start": 1585661368.5761356, "host_queued_start": 1585661435.787694, "device_queued": 1585661368.353081, "device_end": 1585661368.5762298, "host_queued_end": 1585661435.809368}, "device": "gpu", "nd_range": {"device_start": 1585661368.576255, "device_end": 1585661368.5886483}, "cmdq": 2, "read": {"device_start": 1585661368.5886567, "device_end": 1585661368.588749}}, "FFC_sans_bias78": {"write": {"device_start": -1, "host_queued_start": 1585661435.76198, "device_queued": -1, "device_end": -1, "host_queued_end": 1585661435.809368}, "device": "gpu", "nd_range": {"device_start": 1585661368.5276737, "device_end": 1585661368.5410416}, "cmdq": 0, "read": {"device_start": -1, "device_end": -1}}, "FFC_sans_bias73": {"write": {"device_start": 1585661368.3846736, "host_queued_start": 1585661435.673156, "device_queued": 1585661368.337209, "device_end": 1585661368.3847704, "host_queued_end": 1585661435.809368}, "device": "gpu", "nd_range": {"device_start": 1585661368.384781, "device_end": 1585661368.3974407}, "cmdq": 1, "read": {"device_start": -1, "device_end": -1}}, "FFC_sans_bias72": {"write": {"device_start": 1585661368.381405, "host_queued_start": 1585661435.66984, "device_queued": 1585661368.3369641, "device_end": 1585661368.381499, "host_queued_end": 1585661435.809368}, "device": "gpu", "nd_range": {"device_start": 1585661368.3815074, "device_end": 1585661368.3941433}, "cmdq": 0, "read": {"device_start": -1, "device_end": -1}}, "FFC_sans_bias70": {"write": {"device_start": 1585661368.572798, "host_queued_start": 1585661435.784648, "device_queued": 1585661368.3529224, "device_end": 1585661368.5728927, "host_queued_end": 1585661435.809368}, "device": "gpu", "nd_range": {"device_start": 1585661368.572915, "device_end": 1585661368.5850887}, "cmdq": 1, "read": {"device_start": 1585661368.5850968, "device_end": 1585661368.5851905}}, "FFC_sans_bias76": {"write": {"device_start": -1, "host_queued_start": 1585661435.752851, "device_queued": -1, "device_end": -1, "host_queued_end": 1585661435.809368}, "device": "gpu", "nd_range": {"device_start": 1585661368.4724076, "device_end": 1585661368.482169}, "cmdq": 0, "read": {"device_start": -1, "device_end": -1}}, "FFC_sans_bias74": {"write": {"device_start": 1585661368.387939, "host_queued_start": 1585661435.676483, "device_queued": 1585661368.3373406, "device_end": 1585661368.3880332, "host_queued_end": 1585661435.809368}, "device": "gpu", "nd_range": {"device_start": 1585661368.3880382, "device_end": 1585661368.400638}, "cmdq": 2, "read": {"device_start": -1, "device_end": -1}}, "coalesced_transpose102": {"write": {"device_start": -1, "host_queued_start": 1585661435.74931, "device_queued": -1, "device_end": -1, "host_queued_end": 1585661435.809368}, "device": "gpu", "nd_range": {"device_start": 1585661368.4688928, "device_end": 1585661368.4689324}, "cmdq": 1, "read": {"device_start": -1, "device_end": -1}}, "coalesced_transpose3": {"write": {"device_start": -1, "host_queued_start": 1585661435.839102, "device_queued": -1, "device_end": -1, "host_queued_end": 1585661435.850037}, "device": "cpu", "nd_range": {"device_start": 2329210.2752025523, "device_end": 2329210.275664865}, "cmdq": 0, "read": {"device_start": -1, "device_end": -1}}, "FFC_sans_bias127": {"write": {"device_start": 1585661368.4464843, "host_queued_start": 1585661435.73623, "device_queued": 1585661368.3423522, "device_end": 1585661368.4465806, "host_queued_end": 1585661435.809368}, "device": "gpu", "nd_range": {"device_start": 1585661368.446588, "device_end": 1585661368.4592228}, "cmdq": 0, "read": {"device_start": -1, "device_end": -1}}, "empty89": {"write": {"device_start": 1585661368.3294957, "host_queued_start": 1585661435.590971, "device_queued": 1585661368.3291526, "device_end": 1585661368.3297741, "host_queued_end": 1585661435.809368}, "device": "gpu", "nd_range": {"device_start": 1585661368.329784, "device_end": 1585661368.3297884}, "cmdq": 3, "read": {"device_start": -1, "device_end": -1}}, "FFC_sans_bias123": {"write": {"device_start": -1, "host_queued_start": 1585661435.764855, "device_queued": -1, "device_end": -1, "host_queued_end": 1585661435.809368}, "device": "gpu", "nd_range": {"device_start": 1585661368.5445158, "device_end": 1585661368.558139}, "cmdq": 1, "read": {"device_start": -1, "device_end": -1}}, "empty80": {"write": {"device_start": 1585661368.32919, "host_queued_start": 1585661435.588369, "device_queued": 1585661368.328848, "device_end": 1585661368.3294551, "host_queued_end": 1585661435.809368}, "device": "gpu", "nd_range": {"device_start": 1585661368.3294685, "device_end": 1585661368.3294728}, "cmdq": 2, "read": {"device_start": -1, "device_end": -1}}, "empty116": {"write": {"device_start": 1585661368.3305492, "host_queued_start": 1585661435.599114, "device_queued": 1585661368.330091, "device_end": 1585661368.3308833, "host_queued_end": 1585661435.809368}, "device": "gpu", "nd_range": {"device_start": 1585661368.3308866, "device_end": 1585661368.330894}, "cmdq": 2, "read": {"device_start": -1, "device_end": -1}}, "softmax104": {"write": {"device_start": -1, "host_queued_start": 1585661435.757629, "device_queued": -1, "device_end": -1, "host_queued_end": 1585661435.809368}, "device": "gpu", "nd_range": {"device_start": 1585661368.5122821, "device_end": 1585661368.5163336}, "cmdq": 1, "read": {"device_start": -1, "device_end": -1}}, "coalesced_transpose21": {"write": {"device_start": -1, "host_queued_start": 1585661435.746534, "device_queued": -1, "device_end": -1, "host_queued_end": 1585661435.809368}, "device": "gpu", "nd_range": {"device_start": 1585661368.459225, "device_end": 1585661368.4687622}, "cmdq": 0, "read": {"device_start": -1, "device_end": -1}}, "softmax14": {"write": {"device_start": -1, "host_queued_start": 1585661435.84215, "device_queued": -1, "device_end": -1, "host_queued_end": 1585661435.850037}, "device": "cpu", "nd_range": {"device_start": 2329210.356072165, "device_end": 2329210.356382166}, "cmdq": 0, "read": {"device_start": -1, "device_end": -1}}, "FFC_sans_bias69": {"write": {"device_start": -1, "host_queued_start": 1585661435.761406, "device_queued": -1, "device_end": -1, "host_queued_end": 1585661435.809368}, "device": "gpu", "nd_range": {"device_start": 1585661368.5242057, "device_end": 1585661368.5378108}, "cmdq": 3, "read": {"device_start": -1, "device_end": -1}}, "FFC_sans_bias92": {"write": {"device_start": 1585661368.4074223, "host_queued_start": 1585661435.696394, "device_queued": 1585661368.3390808, "device_end": 1585661368.407518, "host_queued_end": 1585661435.809368}, "device": "gpu", "nd_range": {"device_start": 1585661368.4075243, "device_end": 1585661368.4202015}, "cmdq": 0, "read": {"device_start": -1, "device_end": -1}}, "FFC_sans_bias60": {"write": {"device_start": -1, "host_queued_start": 1585661435.76083, "device_queued": -1, "device_end": -1, "host_queued_end": 1585661435.809368}, "device": "gpu", "nd_range": {"device_start": 1585661368.520915, "device_end": 1585661368.5345933}, "cmdq": 2, "read": {"device_start": -1, "device_end": -1}}, "FFC_sans_bias61": {"write": {"device_start": 1585661368.5693343, "host_queued_start": 1585661435.781617, "device_queued": 1585661368.3526242, "device_end": 1585661368.5694282, "host_queued_end": 1585661435.809368}, "device": "gpu", "nd_range": {"device_start": 1585661368.569452, "device_end": 1585661368.581904}, "cmdq": 0, "read": {"device_start": 1585661368.5819163, "device_end": 1585661368.5820124}}, "FFC_sans_bias63": {"write": {"device_start": 1585661368.378174, "host_queued_start": 1585661435.666496, "device_queued": 1585661368.336505, "device_end": 1585661368.3782673, "host_queued_end": 1585661435.809368}, "device": "gpu", "nd_range": {"device_start": 1585661368.378276, "device_end": 1585661368.3909082}, "cmdq": 3, "read": {"device_start": -1, "device_end": -1}}, "FFC_sans_bias64": {"write": {"device_start": 1585661368.3720562, "host_queued_start": 1585661435.659909, "device_queued": 1585661368.3362699, "device_end": 1585661368.3721545, "host_queued_end": 1585661435.809368}, "device": "gpu", "nd_range": {"device_start": 1585661368.372163, "device_end": 1585661368.3843913}, "cmdq": 1, "read": {"device_start": -1, "device_end": -1}}, "FFC_sans_bias65": {"write": {"device_start": 1585661368.3758843, "host_queued_start": 1585661435.663226, "device_queued": 1585661368.3363895, "device_end": 1585661368.375986, "host_queued_end": 1585661435.809368}, "device": "gpu", "nd_range": {"device_start": 1585661368.3759947, "device_end": 1585661368.3876586}, "cmdq": 2, "read": {"device_start": -1, "device_end": -1}}, "FFC_sans_bias67": {"write": {"device_start": -1, "host_queued_start": 1585661435.752532, "device_queued": -1, "device_end": -1, "host_queued_end": 1585661435.809368}, "device": "gpu", "nd_range": {"device_start": 1585661368.4920073, "device_end": 1585661368.5049477}, "cmdq": 3, "read": {"device_start": -1, "device_end": -1}}, "coalesced_transpose111": {"write": {"device_start": -1, "host_queued_start": 1585661435.74962, "device_queued": -1, "device_end": -1, "host_queued_end": 1585661435.809368}, "device": "gpu", "nd_range": {"device_start": 1585661368.468918, "device_end": 1585661368.4689388}, "cmdq": 2, "read": {"device_start": -1, "device_end": -1}}, "FFC_sans_bias136": {"write": {"device_start": 1585661368.449747, "host_queued_start": 1585661435.739594, "device_queued": 1585661368.3428018, "device_end": 1585661368.4498425, "host_queued_end": 1585661435.809368}, "device": "gpu", "nd_range": {"device_start": 1585661368.449848, "device_end": 1585661368.462479}, "cmdq": 1, "read": {"device_start": -1, "device_end": -1}}, "FFC_sans_bias135": {"write": {"device_start": 1585661368.4562116, "host_queued_start": 1585661435.746188, "device_queued": 1585661368.3430805, "device_end": 1585661368.4563076, "host_queued_end": 1585661435.809368}, "device": "gpu", "nd_range": {"device_start": 1585661368.4563174, "device_end": 1585661368.468978}, "cmdq": 3, "read": {"device_start": -1, "device_end": -1}}, "FFC_sans_bias133": {"write": {"device_start": 1585661368.596265, "host_queued_start": 1585661435.806191, "device_queued": 1585661368.3553228, "device_end": 1585661368.5963578, "host_queued_end": 1585661435.809368}, "device": "gpu", "nd_range": {"device_start": 1585661368.596381, "device_end": 1585661368.609385}, "cmdq": 0, "read": {"device_start": 1585661368.609394, "device_end": 1585661368.6094804}}, "FFC_sans_bias132": {"write": {"device_start": -1, "host_queued_start": 1585661435.765431, "device_queued": -1, "device_end": -1, "host_queued_end": 1585661435.809368}, "device": "gpu", "nd_range": {"device_start": 1585661368.5479689, "device_end": 1585661368.5616765}, "cmdq": 2, "read": {"device_start": -1, "device_end": -1}}, "softmax68": {"write": {"device_start": -1, "host_queued_start": 1585661435.756635, "device_queued": -1, "device_end": -1, "host_queued_end": 1585661435.809368}, "device": "gpu", "nd_range": {"device_start": 1585661368.5090337, "device_end": 1585661368.5122583}, "cmdq": 1, "read": {"device_start": -1, "device_end": -1}}, "softmax131": {"write": {"device_start": -1, "host_queued_start": 1585661435.75839, "device_queued": -1, "device_end": -1, "host_queued_end": 1585661435.809368}, "device": "gpu", "nd_range": {"device_start": 1585661368.5163305, "device_end": 1585661368.5208318}, "cmdq": 0, "read": {"device_start": -1, "device_end": -1}}, "empty125": {"write": {"device_start": 1585661368.3309188, "host_queued_start": 1585661435.601712, "device_queued": 1585661368.3305066, "device_end": 1585661368.3311949, "host_queued_end": 1585661435.809368}, "device": "gpu", "nd_range": {"device_start": 1585661368.3312016, "device_end": 1585661368.3312066}, "cmdq": 3, "read": {"device_start": -1, "device_end": -1}}, "FFC_sans_bias139": {"write": {"device_start": -1, "host_queued_start": 1585661435.755121, "device_queued": -1, "device_end": -1, "host_queued_end": 1585661435.809368}, "device": "gpu", "nd_range": {"device_start": 1585661368.5115042, "device_end": 1585661368.514859}, "cmdq": 3, "read": {"device_start": -1, "device_end": -1}}, "empty35": {"write": {"device_start": 1585661368.3276074, "host_queued_start": 1585661435.575213, "device_queued": 1585661368.3272905, "device_end": 1585661368.327847, "host_queued_end": 1585661435.809368}, "device": "gpu", "nd_range": {"device_start": 1585661368.3279123, "device_end": 1585661368.3279269}, "cmdq": 1, "read": {"device_start": -1, "device_end": -1}}, "softmax86": {"write": {"device_start": -1, "host_queued_start": 1585661435.757134, "device_queued": -1, "device_end": -1, "host_queued_end": 1585661435.809368}, "device": "gpu", "nd_range": {"device_start": 1585661368.5153244, "device_end": 1585661368.5157473}, "cmdq": 3, "read": {"device_start": -1, "device_end": -1}}, "FFC_sans_bias55": {"write": {"device_start": 1585661368.3717203, "host_queued_start": 1585661435.656519, "device_queued": 1585661368.3355653, "device_end": 1585661368.372011, "host_queued_end": 1585661435.809368}, "device": "gpu", "nd_range": {"device_start": 1585661368.3720276, "device_end": 1585661368.3811293}, "cmdq": 0, "read": {"device_start": -1, "device_end": -1}}, "FFC_sans_bias54": {"write": {"device_start": 1585661368.365285, "host_queued_start": 1585661435.653178, "device_queued": 1585661368.335082, "device_end": 1585661368.3653872, "host_queued_end": 1585661435.809368}, "device": "gpu", "nd_range": {"device_start": 1585661368.365394, "device_end": 1585661368.377883}, "cmdq": 3, "read": {"device_start": -1, "device_end": -1}}, "FFC_sans_bias56": {"write": {"device_start": 1585661368.3620164, "host_queued_start": 1585661435.649892, "device_queued": 1585661368.3349442, "device_end": 1585661368.3621197, "host_queued_end": 1585661435.809368}, "device": "gpu", "nd_range": {"device_start": 1585661368.362128, "device_end": 1585661368.3746202}, "cmdq": 2, "read": {"device_start": -1, "device_end": -1}}, "FFC_sans_bias51": {"write": {"device_start": -1, "host_queued_start": 1585661435.760252, "device_queued": -1, "device_end": -1, "host_queued_end": 1585661435.809368}, "device": "gpu", "nd_range": {"device_start": 1585661368.5208836, "device_end": 1585661368.5312216}, "cmdq": 1, "read": {"device_start": -1, "device_end": -1}}, "FFC_sans_bias52": {"write": {"device_start": 1585661368.5654197, "host_queued_start": 1585661435.778542, "device_queued": 1585661368.3518286, "device_end": 1585661368.565513, "host_queued_end": 1585661435.809368}, "device": "gpu", "nd_range": {"device_start": 1585661368.5655413, "device_end": 1585661368.5786045}, "cmdq": 3, "read": {"device_start": 1585661368.5786166, "device_end": 1585661368.5787134}}, "FFC_sans_bias58": {"write": {"device_start": -1, "host_queued_start": 1585661435.752214, "device_queued": -1, "device_end": -1, "host_queued_end": 1585661435.809368}, "device": "gpu", "nd_range": {"device_start": 1585661368.4757261, "device_end": 1585661368.4854374}, "cmdq": 2, "read": {"device_start": -1, "device_end": -1}}, "FFC_sans_bias108": {"write": {"device_start": 1585661368.4207113, "host_queued_start": 1585661435.709693, "device_queued": 1585661368.3402176, "device_end": 1585661368.420805, "host_queued_end": 1585661435.809368}, "device": "gpu", "nd_range": {"device_start": 1585661368.4208136, "device_end": 1585661368.433202}, "cmdq": 0, "read": {"device_start": -1, "device_end": -1}}, "FFC_sans_bias109": {"write": {"device_start": 1585661368.4237103, "host_queued_start": 1585661435.713008, "device_queued": 1585661368.340463, "device_end": 1585661368.4238045, "host_queued_end": 1585661435.809368}, "device": "gpu", "nd_range": {"device_start": 1585661368.4238143, "device_end": 1585661368.4364595}, "cmdq": 1, "read": {"device_start": -1, "device_end": -1}}, "coalesced_transpose129": {"write": {"device_start": -1, "host_queued_start": 1585661435.750238, "device_queued": -1, "device_end": -1, "host_queued_end": 1585661435.809368}, "device": "gpu", "nd_range": {"device_start": 1585661368.4689262, "device_end": 1585661368.4689631}, "cmdq": 0, "read": {"device_start": -1, "device_end": -1}}, "FFC_sans_bias103": {"write": {"device_start": -1, "host_queued_start": 1585661435.753808, "device_queued": -1, "device_end": -1, "host_queued_end": 1585661435.809368}, "device": "gpu", "nd_range": {"device_start": 1585661368.5049708, "device_end": 1585661368.511482}, "cmdq": 3, "read": {"device_start": -1, "device_end": -1}}, "FFC_sans_bias100": {"write": {"device_start": 1585661368.413927, "host_queued_start": 1585661435.703092, "device_queued": 1585661368.3396149, "device_end": 1585661368.4140224, "host_queued_end": 1585661435.809368}, "device": "gpu", "nd_range": {"device_start": 1585661368.4140308, "device_end": 1585661368.4266953}, "cmdq": 2, "read": {"device_start": -1, "device_end": -1}}, "FFC_sans_bias101": {"write": {"device_start": 1585661368.4171846, "host_queued_start": 1585661435.706384, "device_queued": 1585661368.339742, "device_end": 1585661368.417281, "host_queued_end": 1585661435.809368}, "device": "gpu", "nd_range": {"device_start": 1585661368.417286, "device_end": 1585661368.429958}, "cmdq": 3, "read": {"device_start": -1, "device_end": -1}}, "FFC_sans_bias106": {"write": {"device_start": 1585661368.5856256, "host_queued_start": 1585661435.796928, "device_queued": 1585661368.354196, "device_end": 1585661368.5857158, "host_queued_end": 1585661435.809368}, "device": "gpu", "nd_range": {"device_start": 1585661368.5858243, "device_end": 1585661368.5989864}, "cmdq": 1, "read": {"device_start": 1585661368.5989919, "device_end": 1585661368.59908}}, "softmax122": {"write": {"device_start": -1, "host_queued_start": 1585661435.758138, "device_queued": -1, "device_end": -1, "host_queued_end": 1585661435.809368}, "device": "gpu", "nd_range": {"device_start": 1585661368.51577, "device_end": 1585661368.5163612}, "cmdq": 3, "read": {"device_start": -1, "device_end": -1}}, "FFC_sans_bias105": {"write": {"device_start": -1, "host_queued_start": 1585661435.763703, "device_queued": -1, "device_end": -1, "host_queued_end": 1585661435.809368}, "device": "gpu", "nd_range": {"device_start": 1585661368.5378332, "device_end": 1585661368.5515585}, "cmdq": 3, "read": {"device_start": -1, "device_end": -1}}, "softmax95": {"write": {"device_start": -1, "host_queued_start": 1585661435.757385, "device_queued": -1, "device_end": -1, "host_queued_end": 1585661435.809368}, "device": "gpu", "nd_range": {"device_start": 1585661368.5131004, "device_end": 1585661368.5163054}, "cmdq": 0, "read": {"device_start": -1, "device_end": -1}}, "coalesced_transpose57": {"write": {"device_start": -1, "host_queued_start": 1585661435.74778, "device_queued": -1, "device_end": -1, "host_queued_end": 1585661435.809368}, "device": "gpu", "nd_range": {"device_start": 1585661368.4687638, "device_end": 1585661368.468851}, "cmdq": 0, "read": {"device_start": -1, "device_end": -1}}, "empty26": {"write": {"device_start": 1585661368.327175, "host_queued_start": 1585661435.5718, "device_queued": 1585661368.3268163, "device_end": 1585661368.327275, "host_queued_end": 1585661435.809368}, "device": "gpu", "nd_range": {"device_start": 1585661368.327278, "device_end": 1585661368.3272822}, "cmdq": 0, "read": {"device_start": -1, "device_end": -1}}, "softmax113": {"write": {"device_start": -1, "host_queued_start": 1585661435.757878, "device_queued": -1, "device_end": -1, "host_queued_end": 1585661435.809368}, "device": "gpu", "nd_range": {"device_start": 1585661368.5155387, "device_end": 1585661368.515967}, "cmdq": 2, "read": {"device_start": -1, "device_end": -1}}, "FFC_sans_bias11": {"write": {"device_start": -1, "host_queued_start": 1585661435.838509, "device_queued": -1, "device_end": -1, "host_queued_end": 1585661435.850037}, "device": "cpu", "nd_range": {"device_start": 2329210.231194727, "device_end": 2329210.275188159}, "cmdq": 0, "read": {"device_start": -1, "device_end": -1}}, "FFC_sans_bias42": {"write": {"device_start": -1, "host_queued_start": 1585661435.759665, "device_queued": -1, "device_end": -1, "host_queued_end": 1585661435.809368}, "device": "gpu", "nd_range": {"device_start": 1585661368.5208554, "device_end": 1585661368.5276518}, "cmdq": 0, "read": {"device_start": -1, "device_end": -1}}, "FFC_sans_bias43": {"write": {"device_start": 1585661368.561937, "host_queued_start": 1585661435.775491, "device_queued": 1585661368.3516703, "device_end": 1585661368.562033, "host_queued_end": 1585661435.809368}, "device": "gpu", "nd_range": {"device_start": 1585661368.5620563, "device_end": 1585661368.575269}, "cmdq": 2, "read": {"device_start": 1585661368.5752733, "device_end": 1585661368.5753708}}, "FFC_sans_bias40": {"write": {"device_start": -1, "host_queued_start": 1585661435.751579, "device_queued": -1, "device_end": -1, "host_queued_end": 1585661435.809368}, "device": "gpu", "nd_range": {"device_start": 1585661368.4690127, "device_end": 1585661368.4723845}, "cmdq": 0, "read": {"device_start": -1, "device_end": -1}}, "FFC_sans_bias46": {"write": {"device_start": 1585661368.3554497, "host_queued_start": 1585661435.64312, "device_queued": 1585661368.3345578, "device_end": 1585661368.3555524, "host_queued_end": 1585661435.809368}, "device": "gpu", "nd_range": {"device_start": 1585661368.3555613, "device_end": 1585661368.3680973}, "cmdq": 0, "read": {"device_start": -1, "device_end": -1}}, "FFC_sans_bias47": {"write": {"device_start": 1585661368.358843, "host_queued_start": 1585661435.646442, "device_queued": 1585661368.3348153, "device_end": 1585661368.3589456, "host_queued_end": 1585661435.809368}, "device": "gpu", "nd_range": {"device_start": 1585661368.3589513, "device_end": 1585661368.3713589}, "cmdq": 1, "read": {"device_start": -1, "device_end": -1}}, "FFC_sans_bias45": {"write": {"device_start": 1585661368.352205, "host_queued_start": 1585661435.639819, "device_queued": 1585661368.3340962, "device_end": 1585661368.3523057, "host_queued_end": 1585661435.809368}, "device": "gpu", "nd_range": {"device_start": 1585661368.3523111, "device_end": 1585661368.3648741}, "cmdq": 3, "read": {"device_start": -1, "device_end": -1}}, "FFC_sans_bias49": {"write": {"device_start": -1, "host_queued_start": 1585661435.751899, "device_queued": -1, "device_end": -1, "host_queued_end": 1585661435.809368}, "device": "gpu", "nd_range": {"device_start": 1585661368.4690902, "device_end": 1585661368.4790137}, "cmdq": 1, "read": {"device_start": -1, "device_end": -1}}, "softmax77": {"write": {"device_start": -1, "host_queued_start": 1585661435.756883, "device_queued": -1, "device_end": -1, "host_queued_end": 1585661435.809368}, "device": "gpu", "nd_range": {"device_start": 1585661368.5131283, "device_end": 1585661368.515517}, "cmdq": 2, "read": {"device_start": -1, "device_end": -1}}, "empty134": {"write": {"device_start": 1585661368.3312259, "host_queued_start": 1585661435.604347, "device_queued": 1585661368.3309066, "device_end": 1585661368.3314893, "host_queued_end": 1585661435.809368}, "device": "gpu", "nd_range": {"device_start": 1585661368.3314993, "device_end": 1585661368.3315032}, "cmdq": 0, "read": {"device_start": -1, "device_end": -1}}, "coalesced_transpose138": {"write": {"device_start": -1, "host_queued_start": 1585661435.750548, "device_queued": -1, "device_end": -1, "host_queued_end": 1585661435.809368}, "device": "gpu", "nd_range": {"device_start": 1585661368.4689336, "device_end": 1585661368.46897}, "cmdq": 1, "read": {"device_start": -1, "device_end": -1}}, "FFC_sans_bias119": {"write": {"device_start": 1585661368.4367263, "host_queued_start": 1585661435.726295, "device_queued": 1585661368.3414717, "device_end": 1585661368.4368222, "host_queued_end": 1585661435.809368}, "device": "gpu", "nd_range": {"device_start": 1585661368.4368308, "device_end": 1585661368.4494808}, "cmdq": 1, "read": {"device_start": -1, "device_end": -1}}, "FFC_sans_bias118": {"write": {"device_start": 1585661368.4334621, "host_queued_start": 1585661435.722977, "device_queued": 1585661368.3412132, "device_end": 1585661368.4335568, "host_queued_end": 1585661435.809368}, "device": "gpu", "nd_range": {"device_start": 1585661368.4335628, "device_end": 1585661368.4462056}, "cmdq": 0, "read": {"device_start": -1, "device_end": -1}}, "empty143": {"write": {"device_start": 1585661368.3315706, "host_queued_start": 1585661435.606983, "device_queued": 1585661368.3312123, "device_end": 1585661368.3318536, "host_queued_end": 1585661435.809368}, "device": "gpu", "nd_range": {"device_start": 1585661368.3319323, "device_end": 1585661368.3319638}, "cmdq": 1, "read": {"device_start": -1, "device_end": -1}}, "FFC_sans_bias115": {"write": {"device_start": 1585661368.5891807, "host_queued_start": 1585661435.800055, "device_queued": 1585661368.3543456, "device_end": 1585661368.5892756, "host_queued_end": 1585661435.809368}, "device": "gpu", "nd_range": {"device_start": 1585661368.5892973, "device_end": 1585661368.6022189}, "cmdq": 2, "read": {"device_start": 1585661368.602224, "device_end": 1585661368.6023202}}, "FFC_sans_bias114": {"write": {"device_start": -1, "host_queued_start": 1585661435.764282, "device_queued": -1, "device_end": -1, "host_queued_end": 1585661435.809368}, "device": "gpu", "nd_range": {"device_start": 1585661368.5410635, "device_end": 1585661368.5547214}, "cmdq": 0, "read": {"device_start": -1, "device_end": -1}}, "FFC_sans_bias117": {"write": {"device_start": 1585661368.430219, "host_queued_start": 1585661435.719688, "device_queued": 1585661368.340732, "device_end": 1585661368.4303143, "host_queued_end": 1585661435.809368}, "device": "gpu", "nd_range": {"device_start": 1585661368.4303205, "device_end": 1585661368.4429464}, "cmdq": 3, "read": {"device_start": -1, "device_end": -1}}, "softmax5": {"write": {"device_start": -1, "host_queued_start": 1585661435.841393, "device_queued": -1, "device_end": -1, "host_queued_end": 1585661435.850037}, "device": "cpu", "nd_range": {"device_start": 2329210.355632911, "device_end": 2329210.356063718}, "cmdq": 0, "read": {"device_start": -1, "device_end": -1}}, "FFC_sans_bias110": {"write": {"device_start": 1585661368.4269528, "host_queued_start": 1585661435.716325, "device_queued": 1585661368.3405957, "device_end": 1585661368.4270494, "host_queued_end": 1585661435.809368}, "device": "gpu", "nd_range": {"device_start": 1585661368.4270575, "device_end": 1585661368.4397337}, "cmdq": 2, "read": {"device_start": -1, "device_end": -1}}, "FFC_sans_bias112": {"write": {"device_start": -1, "host_queued_start": 1585661435.754131, "device_queued": -1, "device_end": -1, "host_queued_end": 1585661435.809368}, "device": "gpu", "nd_range": {"device_start": 1585661368.4821918, "device_end": 1585661368.4951746}, "cmdq": 0, "read": {"device_start": -1, "device_end": -1}}, "empty53": {"write": {"device_start": 1585661368.3282592, "host_queued_start": 1585661435.580548, "device_queued": 1585661368.327869, "device_end": 1585661368.3285172, "host_queued_end": 1585661435.809368}, "device": "gpu", "nd_range": {"device_start": 1585661368.3285203, "device_end": 1585661368.3285275}, "cmdq": 3, "read": {"device_start": -1, "device_end": -1}}, "coalesced_transpose48": {"write": {"device_start": -1, "host_queued_start": 1585661435.747475, "device_queued": -1, "device_end": -1, "host_queued_end": 1585661435.809368}, "device": "gpu", "nd_range": {"device_start": 1585661368.4689844, "device_end": 1585661368.4690475}, "cmdq": 3, "read": {"device_start": -1, "device_end": -1}}}