{"FFC_sans_bias4": {"write": {"device_start": -1, "host_queued_start": 1585661439.267369, "device_queued": -1, "device_end": -1, "host_queued_end": 1585661439.282012}, "device": "cpu", "nd_range": {"device_start": 2329213.8010227773, "device_end": 2329213.838469562}, "cmdq": 0, "read": {"device_start": -1, "device_end": -1}}, "FFC_sans_bias7": {"write": {"device_start": -1, "host_queued_start": 1585661439.275684, "device_queued": -1, "device_end": -1, "host_queued_end": 1585661439.282012}, "device": "cpu", "nd_range": {"device_start": 2329214.023464302, "device_end": 2329214.057897735}, "cmdq": 0, "read": {"device_start": -1, "device_end": -1}}, "FFC_sans_bias6": {"write": {"device_start": -1, "host_queued_start": 1585661439.270888, "device_queued": -1, "device_end": -1, "host_queued_end": 1585661439.282012}, "device": "cpu", "nd_range": {"device_start": 2329213.911258954, "device_end": 2329213.947248878}, "cmdq": 0, "read": {"device_start": -1, "device_end": -1}}, "FFC_sans_bias1": {"write": {"device_start": -1, "host_queued_start": 1585661439.241608, "device_queued": -1, "device_end": -1, "host_queued_end": 1585661439.282012}, "device": "cpu", "nd_range": {"device_start": 2329213.5056753852, "device_end": 2329213.5454304214}, "cmdq": 0, "read": {"device_start": -1, "device_end": -1}}, "FFC_sans_bias0": {"write": {"device_start": -1, "host_queued_start": 1585661439.23785, "device_queued": -1, "device_end": -1, "host_queued_end": 1585661439.282012}, "device": "cpu", "nd_range": {"device_start": 2329213.471660165, "device_end": 2329213.505644114}, "cmdq": 0, "read": {"device_start": -1, "device_end": -1}}, "FFC_sans_bias2": {"write": {"device_start": -1, "host_queued_start": 1585661439.245222, "device_queued": -1, "device_end": -1, "host_queued_end": 1585661439.282012}, "device": "cpu", "nd_range": {"device_start": 2329213.545471971, "device_end": 2329213.580124016}, "cmdq": 0, "read": {"device_start": -1, "device_end": -1}}, "coalesced_transpose120": {"write": {"device_start": -1, "host_queued_start": 1585661439.168893, "device_queued": -1, "device_end": -1, "host_queued_end": 1585661439.222938}, "device": "gpu", "nd_range": {"device_start": 1585661371.89607, "device_end": 1585661371.896118}, "cmdq": 2, "read": {"device_start": -1, "device_end": -1}}, "FFC_sans_bias9": {"write": {"device_start": -1, "host_queued_start": 1585661439.248885, "device_queued": -1, "device_end": -1, "host_queued_end": 1585661439.282012}, "device": "cpu", "nd_range": {"device_start": 2329213.580136563, "device_end": 2329213.6158101913}, "cmdq": 0, "read": {"device_start": -1, "device_end": -1}}, "empty71": {"write": {"device_start": 1585661371.7420444, "host_queued_start": 1585661439.009628, "device_queued": 1585661371.7417383, "device_end": 1585661371.7423294, "host_queued_end": 1585661439.222938}, "device": "gpu", "nd_range": {"device_start": 1585661371.7423398, "device_end": 1585661371.7423441}, "cmdq": 0, "read": {"device_start": -1, "device_end": -1}}, "softmax41": {"write": {"device_start": -1, "host_queued_start": 1585661439.174377, "device_queued": -1, "device_end": -1, "host_queued_end": 1585661439.222938}, "device": "gpu", "nd_range": {"device_start": 1585661371.9465108, "device_end": 1585661371.9470131}, "cmdq": 3, "read": {"device_start": -1, "device_end": -1}}, "FFC_sans_bias37": {"write": {"device_start": 1585661371.7498882, "host_queued_start": 1585661439.050123, "device_queued": 1585661371.7463393, "device_end": 1585661371.749984, "host_queued_end": 1585661439.222938}, "device": "gpu", "nd_range": {"device_start": 1585661371.7499905, "device_end": 1585661371.765066}, "cmdq": 1, "read": {"device_start": -1, "device_end": -1}}, "FFC_sans_bias36": {"write": {"device_start": 1585661371.7462292, "host_queued_start": 1585661439.046542, "device_queued": 1585661371.7459757, "device_end": 1585661371.746329, "host_queued_end": 1585661439.222938}, "device": "gpu", "nd_range": {"device_start": 1585661371.7463338, "device_end": 1585661371.7611282}, "cmdq": 0, "read": {"device_start": -1, "device_end": -1}}, "FFC_sans_bias34": {"write": {"device_start": 1585661371.9889185, "host_queued_start": 1585661439.184931, "device_queued": 1585661371.7628376, "device_end": 1585661371.9890156, "host_queued_end": 1585661439.222938}, "device": "gpu", "nd_range": {"device_start": 1585661371.9890425, "device_end": 1585661371.9957082}, "cmdq": 0, "read": {"device_start": 1585661371.9957142, "device_end": 1585661371.9958153}}, "FFC_sans_bias33": {"write": {"device_start": -1, "host_queued_start": 1585661439.177558, "device_queued": -1, "device_end": -1, "host_queued_end": 1585661439.222938}, "device": "gpu", "nd_range": {"device_start": 1585661371.948081, "device_end": 1585661371.9520702}, "cmdq": 3, "read": {"device_start": -1, "device_end": -1}}, "FFC_sans_bias31": {"write": {"device_start": -1, "host_queued_start": 1585661439.16984, "device_queued": -1, "device_end": -1, "host_queued_end": 1585661439.222938}, "device": "gpu", "nd_range": {"device_start": 1585661371.8961706, "device_end": 1585661371.900162}, "cmdq": 1, "read": {"device_start": -1, "device_end": -1}}, "FFC_sans_bias38": {"write": {"device_start": 1585661371.753892, "host_queued_start": 1585661439.053488, "device_queued": 1585661371.746463, "device_end": 1585661371.7539947, "host_queued_end": 1585661439.222938}, "device": "gpu", "nd_range": {"device_start": 1585661371.753998, "device_end": 1585661371.7689316}, "cmdq": 2, "read": {"device_start": -1, "device_end": -1}}, "coalesced_transpose75": {"write": {"device_start": -1, "host_queued_start": 1585661439.16733, "device_queued": -1, "device_end": -1, "host_queued_end": 1585661439.222938}, "device": "gpu", "nd_range": {"device_start": 1585661371.8959415, "device_end": 1585661371.8960292}, "cmdq": 1, "read": {"device_start": -1, "device_end": -1}}, "softmax140": {"write": {"device_start": -1, "host_queued_start": 1585661439.177232, "device_queued": -1, "device_end": -1, "host_queued_end": 1585661439.222938}, "device": "gpu", "nd_range": {"device_start": 1585661371.9476964, "device_end": 1585661371.9482806}, "cmdq": 2, "read": {"device_start": -1, "device_end": -1}}, "empty44": {"write": {"device_start": 1585661371.7410812, "host_queued_start": 1585661438.998773, "device_queued": 1585661371.7407854, "device_end": 1585661371.7413726, "host_queued_end": 1585661439.222938}, "device": "gpu", "nd_range": {"device_start": 1585661371.7414556, "device_end": 1585661371.741518}, "cmdq": 1, "read": {"device_start": -1, "device_end": -1}}, "FFC_sans_bias137": {"write": {"device_start": 1585661371.8770854, "host_queued_start": 1585661439.162037, "device_queued": 1585661371.7548268, "device_end": 1585661371.8771837, "host_queued_end": 1585661439.222938}, "device": "gpu", "nd_range": {"device_start": 1585661371.8771937, "device_end": 1585661371.892285}, "cmdq": 2, "read": {"device_start": -1, "device_end": -1}}, "empty8": {"write": {"device_start": -1, "host_queued_start": 1585661439.228453, "device_queued": -1, "device_end": -1, "host_queued_end": 1585661439.282012}, "device": "cpu", "nd_range": {"device_start": 2329213.471610718, "device_end": 2329213.4716211203}, "cmdq": 0, "read": {"device_start": -1, "device_end": -1}}, "softmax50": {"write": {"device_start": -1, "host_queued_start": 1585661439.174645, "device_queued": -1, "device_end": -1, "host_queued_end": 1585661439.222938}, "device": "gpu", "nd_range": {"device_start": 1585661371.9349854, "device_end": 1585661371.9444945}, "cmdq": 0, "read": {"device_start": -1, "device_end": -1}}, "softmax59": {"write": {"device_start": -1, "host_queued_start": 1585661439.174904, "device_queued": -1, "device_end": -1, "host_queued_end": 1585661439.222938}, "device": "gpu", "nd_range": {"device_start": 1585661371.9426441, "device_end": 1585661371.9481452}, "cmdq": 1, "read": {"device_start": -1, "device_end": -1}}, "FFC_sans_bias142": {"write": {"device_start": 1585661372.0209088, "host_queued_start": 1585661439.222819, "device_queued": 1585661371.7667465, "device_end": 1585661372.0210001, "host_queued_end": 1585661439.222938}, "device": "gpu", "nd_range": {"device_start": 1585661372.0210245, "device_end": 1585661372.0343993}, "cmdq": 0, "read": {"device_start": 1585661372.0417156, "device_end": 1585661372.0418024}}, "FFC_sans_bias141": {"write": {"device_start": -1, "host_queued_start": 1585661439.181569, "device_queued": -1, "device_end": -1, "host_queued_end": 1585661439.222938}, "device": "gpu", "nd_range": {"device_start": 1585661371.9710908, "device_end": 1585661371.9851522}, "cmdq": 3, "read": {"device_start": -1, "device_end": -1}}, "FFC_sans_bias24": {"write": {"device_start": -1, "host_queued_start": 1585661439.272281, "device_queued": -1, "device_end": -1, "host_queued_end": 1585661439.282012}, "device": "cpu", "nd_range": {"device_start": 2329213.9826310133, "device_end": 2329214.0234440044}, "cmdq": 0, "read": {"device_start": -1, "device_end": -1}}, "FFC_sans_bias25": {"write": {"device_start": -1, "host_queued_start": 1585661439.281953, "device_queued": -1, "device_end": -1, "host_queued_end": 1585661439.282012}, "device": "cpu", "nd_range": {"device_start": 2329214.0983581683, "device_end": 2329214.1335846484}, "cmdq": 0, "read": {"device_start": -1, "device_end": -1}}, "FFC_sans_bias27": {"write": {"device_start": 1585661371.7450159, "host_queued_start": 1585661439.035863, "device_queued": 1585661371.7447135, "device_end": 1585661371.7453022, "host_queued_end": 1585661439.222938}, "device": "gpu", "nd_range": {"device_start": 1585661371.745615, "device_end": 1585661371.7496078}, "cmdq": 1, "read": {"device_start": -1, "device_end": -1}}, "FFC_sans_bias20": {"write": {"device_start": -1, "host_queued_start": 1585661439.265252, "device_queued": -1, "device_end": -1, "host_queued_end": 1585661439.282012}, "device": "cpu", "nd_range": {"device_start": 2329213.764021134, "device_end": 2329213.799381236}, "cmdq": 0, "read": {"device_start": -1, "device_end": -1}}, "FFC_sans_bias22": {"write": {"device_start": -1, "host_queued_start": 1585661439.268749, "device_queued": -1, "device_end": -1, "host_queued_end": 1585661439.282012}, "device": "cpu", "nd_range": {"device_start": 2329213.8736632844, "device_end": 2329213.9103111103}, "cmdq": 0, "read": {"device_start": -1, "device_end": -1}}, "FFC_sans_bias130": {"write": {"device_start": -1, "host_queued_start": 1585661439.173527, "device_queued": -1, "device_end": -1, "host_queued_end": 1585661439.222938}, "device": "gpu", "nd_range": {"device_start": 1585661371.9195695, "device_end": 1585661371.9349616}, "cmdq": 0, "read": {"device_start": -1, "device_end": -1}}, "FFC_sans_bias28": {"write": {"device_start": 1585661371.7453175, "host_queued_start": 1585661439.039427, "device_queued": 1585661371.7449574, "device_end": 1585661371.7455816, "host_queued_end": 1585661439.222938}, "device": "gpu", "nd_range": {"device_start": 1585661371.7457798, "device_end": 1585661371.7535443}, "cmdq": 2, "read": {"device_start": -1, "device_end": -1}}, "FFC_sans_bias29": {"write": {"device_start": 1585661371.7456393, "host_queued_start": 1585661439.043006, "device_queued": 1585661371.745318, "device_end": 1585661371.7457542, "host_queued_end": 1585661439.222938}, "device": "gpu", "nd_range": {"device_start": 1585661371.745881, "device_end": 1585661371.7574682}, "cmdq": 3, "read": {"device_start": -1, "device_end": -1}}, "coalesced_transpose66": {"write": {"device_start": -1, "host_queued_start": 1585661439.167009, "device_queued": -1, "device_end": -1, "host_queued_end": 1585661439.222938}, "device": "gpu", "nd_range": {"device_start": 1585661371.8959045, "device_end": 1585661371.8960052}, "cmdq": 0, "read": {"device_start": -1, "device_end": -1}}, "coalesced_transpose93": {"write": {"device_start": -1, "host_queued_start": 1585661439.16795, "device_queued": -1, "device_end": -1, "host_queued_end": 1585661439.222938}, "device": "gpu", "nd_range": {"device_start": 1585661371.8962064, "device_end": 1585661371.9038348}, "cmdq": 3, "read": {"device_start": -1, "device_end": -1}}, "softmax23": {"write": {"device_start": -1, "host_queued_start": 1585661439.270301, "device_queued": -1, "device_end": -1, "host_queued_end": 1585661439.282012}, "device": "cpu", "nd_range": {"device_start": 2329213.9110118723, "device_end": 2329213.911253077}, "cmdq": 0, "read": {"device_start": -1, "device_end": -1}}, "empty62": {"write": {"device_start": 1585661371.7417219, "host_queued_start": 1585661439.006518, "device_queued": 1585661371.7413914, "device_end": 1585661371.741922, "host_queued_end": 1585661439.222938}, "device": "gpu", "nd_range": {"device_start": 1585661371.7419302, "device_end": 1585661371.7419357}, "cmdq": 3, "read": {"device_start": -1, "device_end": -1}}, "FFC_sans_bias10": {"write": {"device_start": -1, "host_queued_start": 1585661439.252232, "device_queued": -1, "device_end": -1, "host_queued_end": 1585661439.282012}, "device": "cpu", "nd_range": {"device_start": 2329213.6158345733, "device_end": 2329213.651700071}, "cmdq": 0, "read": {"device_start": -1, "device_end": -1}}, "FFC_sans_bias13": {"write": {"device_start": -1, "host_queued_start": 1585661439.268127, "device_queued": -1, "device_end": -1, "host_queued_end": 1585661439.282012}, "device": "cpu", "nd_range": {"device_start": 2329213.8384900712, "device_end": 2329213.873642324}, "cmdq": 0, "read": {"device_start": -1, "device_end": -1}}, "FFC_sans_bias15": {"write": {"device_start": -1, "host_queued_start": 1585661439.271486, "device_queued": -1, "device_end": -1, "host_queued_end": 1585661439.282012}, "device": "cpu", "nd_range": {"device_start": 2329213.9472568543, "device_end": 2329213.98261289}, "cmdq": 0, "read": {"device_start": -1, "device_end": -1}}, "FFC_sans_bias16": {"write": {"device_start": -1, "host_queued_start": 1585661439.278789, "device_queued": -1, "device_end": -1, "host_queued_end": 1585661439.282012}, "device": "cpu", "nd_range": {"device_start": 2329214.0579041, "device_end": 2329214.09835245}, "cmdq": 0, "read": {"device_start": -1, "device_end": -1}}, "FFC_sans_bias19": {"write": {"device_start": -1, "host_queued_start": 1585661439.262017, "device_queued": -1, "device_end": -1, "host_queued_end": 1585661439.282012}, "device": "cpu", "nd_range": {"device_start": 2329213.72792995, "device_end": 2329213.764012374}, "cmdq": 0, "read": {"device_start": -1, "device_end": -1}}, "FFC_sans_bias18": {"write": {"device_start": -1, "host_queued_start": 1585661439.258773, "device_queued": -1, "device_end": -1, "host_queued_end": 1585661439.282012}, "device": "cpu", "nd_range": {"device_start": 2329213.6871607034, "device_end": 2329213.727920025}, "cmdq": 0, "read": {"device_start": -1, "device_end": -1}}, "FFC_sans_bias99": {"write": {"device_start": 1585661371.827074, "host_queued_start": 1585661439.11798, "device_queued": 1585661371.7513123, "device_end": 1585661371.8271708, "host_queued_end": 1585661439.222938}, "device": "gpu", "nd_range": {"device_start": 1585661371.8271773, "device_end": 1585661371.8422103}, "cmdq": 1, "read": {"device_start": -1, "device_end": -1}}, "FFC_sans_bias91": {"write": {"device_start": 1585661371.8193424, "host_queued_start": 1585661439.111207, "device_queued": 1585661371.7505934, "device_end": 1585661371.8194401, "host_queued_end": 1585661439.222938}, "device": "gpu", "nd_range": {"device_start": 1585661371.8194466, "device_end": 1585661371.834431}, "cmdq": 3, "read": {"device_start": -1, "device_end": -1}}, "FFC_sans_bias90": {"write": {"device_start": 1585661371.8155024, "host_queued_start": 1585661439.107861, "device_queued": 1585661371.7504766, "device_end": 1585661371.8156033, "host_queued_end": 1585661439.222938}, "device": "gpu", "nd_range": {"device_start": 1585661371.8156092, "device_end": 1585661371.830684}, "cmdq": 2, "read": {"device_start": -1, "device_end": -1}}, "coalesced_transpose12": {"write": {"device_start": -1, "host_queued_start": 1585661439.266189, "device_queued": -1, "device_end": -1, "host_queued_end": 1585661439.282012}, "device": "cpu", "nd_range": {"device_start": 2329213.800011075, "device_end": 2329213.800400441}, "cmdq": 0, "read": {"device_start": -1, "device_end": -1}}, "FFC_sans_bias94": {"write": {"device_start": -1, "host_queued_start": 1585661439.172216, "device_queued": -1, "device_end": -1, "host_queued_end": 1585661439.222938}, "device": "gpu", "nd_range": {"device_start": 1585661371.9079952, "device_end": 1585661371.919546}, "cmdq": 0, "read": {"device_start": -1, "device_end": -1}}, "FFC_sans_bias97": {"write": {"device_start": 1585661372.017403, "host_queued_start": 1585661439.207125, "device_queued": 1585661371.7645774, "device_end": 1585661372.017501, "host_queued_end": 1585661439.222938}, "device": "gpu", "nd_range": {"device_start": 1585661372.017526, "device_end": 1585661372.0309396}, "cmdq": 3, "read": {"device_start": 1585661372.0309446, "device_end": 1585661372.0310338}}, "FFC_sans_bias96": {"write": {"device_start": -1, "host_queued_start": 1585661439.179901, "device_queued": -1, "device_end": -1, "host_queued_end": 1585661439.222938}, "device": "gpu", "nd_range": {"device_start": 1585661371.9560425, "device_end": 1585661371.9674897}, "cmdq": 2, "read": {"device_start": -1, "device_end": -1}}, "FFC_sans_bias124": {"write": {"device_start": 1585661372.010337, "host_queued_start": 1585661439.216489, "device_queued": 1585661371.7659018, "device_end": 1585661372.01043, "host_queued_end": 1585661439.222938}, "device": "gpu", "nd_range": {"device_start": 1585661372.0104547, "device_end": 1585661372.0238607}, "cmdq": 2, "read": {"device_start": 1585661372.02387, "device_end": 1585661372.0239618}}, "FFC_sans_bias126": {"write": {"device_start": 1585661371.8655903, "host_queued_start": 1585661439.15186, "device_queued": 1585661371.7537518, "device_end": 1585661371.8656876, "host_queued_end": 1585661439.222938}, "device": "gpu", "nd_range": {"device_start": 1585661371.8656945, "device_end": 1585661371.880687}, "cmdq": 3, "read": {"device_start": -1, "device_end": -1}}, "softmax32": {"write": {"device_start": -1, "host_queued_start": 1585661439.174119, "device_queued": -1, "device_end": -1, "host_queued_end": 1585661439.222938}, "device": "gpu", "nd_range": {"device_start": 1585661371.931105, "device_end": 1585661371.9445236}, "cmdq": 2, "read": {"device_start": -1, "device_end": -1}}, "coalesced_transpose84": {"write": {"device_start": -1, "host_queued_start": 1585661439.167639, "device_queued": -1, "device_end": -1, "host_queued_end": 1585661439.222938}, "device": "gpu", "nd_range": {"device_start": 1585661371.8959837, "device_end": 1585661371.8960483}, "cmdq": 2, "read": {"device_start": -1, "device_end": -1}}, "FFC_sans_bias121": {"write": {"device_start": -1, "host_queued_start": 1585661439.173199, "device_queued": -1, "device_end": -1, "host_queued_end": 1585661439.222938}, "device": "gpu", "nd_range": {"device_start": 1585661371.9388185, "device_end": 1585661371.9464874}, "cmdq": 3, "read": {"device_start": -1, "device_end": -1}}, "empty98": {"write": {"device_start": 1585661371.7429552, "host_queued_start": 1585661439.01851, "device_queued": 1585661371.7426062, "device_end": 1585661371.743232, "host_queued_end": 1585661439.222938}, "device": "gpu", "nd_range": {"device_start": 1585661371.7432382, "device_end": 1585661371.7432427}, "cmdq": 3, "read": {"device_start": -1, "device_end": -1}}, "empty107": {"write": {"device_start": 1585661371.7432544, "host_queued_start": 1585661439.02163, "device_queued": 1585661371.7429318, "device_end": 1585661371.7434294, "host_queued_end": 1585661439.222938}, "device": "gpu", "nd_range": {"device_start": 1585661371.7434397, "device_end": 1585661371.7434435}, "cmdq": 0, "read": {"device_start": -1, "device_end": -1}}, "empty17": {"write": {"device_start": -1, "host_queued_start": 1585661439.231814, "device_queued": -1, "device_end": -1, "host_queued_end": 1585661439.282012}, "device": "cpu", "nd_range": {"device_start": 2329213.471643359, "device_end": 2329213.471644745}, "cmdq": 0, "read": {"device_start": -1, "device_end": -1}}, "FFC_sans_bias87": {"write": {"device_start": -1, "host_queued_start": 1585661439.17957, "device_queued": -1, "device_end": -1, "host_queued_end": 1585661439.222938}, "device": "gpu", "nd_range": {"device_start": 1585661371.978095, "device_end": 1585661371.9922075}, "cmdq": 1, "read": {"device_start": -1, "device_end": -1}}, "FFC_sans_bias85": {"write": {"device_start": -1, "host_queued_start": 1585661439.171805, "device_queued": -1, "device_end": -1, "host_queued_end": 1585661439.222938}, "device": "gpu", "nd_range": {"device_start": 1585661371.9234283, "device_end": 1585661371.9387941}, "cmdq": 3, "read": {"device_start": -1, "device_end": -1}}, "FFC_sans_bias82": {"write": {"device_start": 1585661371.811942, "host_queued_start": 1585661439.101083, "device_queued": 1585661371.750131, "device_end": 1585661371.8121407, "host_queued_end": 1585661439.222938}, "device": "gpu", "nd_range": {"device_start": 1585661371.8121507, "device_end": 1585661371.8229282}, "cmdq": 0, "read": {"device_start": -1, "device_end": -1}}, "FFC_sans_bias83": {"write": {"device_start": 1585661371.8122609, "host_queued_start": 1585661439.104494, "device_queued": 1585661371.7503626, "device_end": 1585661371.8123593, "host_queued_end": 1585661439.222938}, "device": "gpu", "nd_range": {"device_start": 1585661371.8123682, "device_end": 1585661371.8268125}, "cmdq": 1, "read": {"device_start": -1, "device_end": -1}}, "FFC_sans_bias81": {"write": {"device_start": 1585661371.8116462, "host_queued_start": 1585661439.097657, "device_queued": 1585661371.749521, "device_end": 1585661371.8119364, "host_queued_end": 1585661439.222938}, "device": "gpu", "nd_range": {"device_start": 1585661371.8119411, "device_end": 1585661371.8190734}, "cmdq": 3, "read": {"device_start": -1, "device_end": -1}}, "FFC_sans_bias88": {"write": {"device_start": 1585661371.9997666, "host_queued_start": 1585661439.203962, "device_queued": 1585661371.7644322, "device_end": 1585661371.9998612, "host_queued_end": 1585661439.222938}, "device": "gpu", "nd_range": {"device_start": 1585661371.9998903, "device_end": 1585661372.009784}, "cmdq": 2, "read": {"device_start": 1585661372.0097966, "device_end": 1585661372.0098915}}, "coalesced_transpose30": {"write": {"device_start": -1, "host_queued_start": 1585661439.165742, "device_queued": -1, "device_end": -1, "host_queued_end": 1585661439.222938}, "device": "gpu", "nd_range": {"device_start": 1585661371.8845625, "device_end": 1585661371.8958943}, "cmdq": 0, "read": {"device_start": -1, "device_end": -1}}, "FFC_sans_bias128": {"write": {"device_start": 1585661371.8617234, "host_queued_start": 1585661439.148458, "device_queued": 1585661371.7534835, "device_end": 1585661371.861822, "host_queued_end": 1585661439.222938}, "device": "gpu", "nd_range": {"device_start": 1585661371.8618262, "device_end": 1585661371.8768184}, "cmdq": 2, "read": {"device_start": -1, "device_end": -1}}, "coalesced_transpose39": {"write": {"device_start": -1, "host_queued_start": 1585661439.166066, "device_queued": -1, "device_end": -1, "host_queued_end": 1585661439.222938}, "device": "gpu", "nd_range": {"device_start": 1585661371.8884482, "device_end": 1585661371.8959403}, "cmdq": 1, "read": {"device_start": -1, "device_end": -1}}, "FFC_sans_bias79": {"write": {"device_start": 1585661372.0138593, "host_queued_start": 1585661439.200811, "device_queued": 1585661371.7642982, "device_end": 1585661372.0139515, "host_queued_end": 1585661439.222938}, "device": "gpu", "nd_range": {"device_start": 1585661372.0139763, "device_end": 1585661372.0274012}, "cmdq": 1, "read": {"device_start": 1585661372.0274098, "device_end": 1585661372.0275028}}, "FFC_sans_bias78": {"write": {"device_start": -1, "host_queued_start": 1585661439.179236, "device_queued": -1, "device_end": -1, "host_queued_end": 1585661439.222938}, "device": "gpu", "nd_range": {"device_start": 1585661371.9640067, "device_end": 1585661371.9745734}, "cmdq": 0, "read": {"device_start": -1, "device_end": -1}}, "FFC_sans_bias73": {"write": {"device_start": 1585661371.7967176, "host_queued_start": 1585661439.090907, "device_queued": 1585661371.749284, "device_end": 1585661371.796824, "host_queued_end": 1585661439.222938}, "device": "gpu", "nd_range": {"device_start": 1585661371.7968295, "device_end": 1585661371.8113885}, "cmdq": 1, "read": {"device_start": -1, "device_end": -1}}, "FFC_sans_bias72": {"write": {"device_start": 1585661371.792492, "host_queued_start": 1585661439.087537, "device_queued": 1585661371.7490332, "device_end": 1585661371.7925975, "host_queued_end": 1585661439.222938}, "device": "gpu", "nd_range": {"device_start": 1585661371.7926042, "device_end": 1585661371.807509}, "cmdq": 0, "read": {"device_start": -1, "device_end": -1}}, "FFC_sans_bias70": {"write": {"device_start": 1585661371.9963238, "host_queued_start": 1585661439.197645, "device_queued": 1585661371.7640333, "device_end": 1585661371.9964209, "host_queued_end": 1585661439.222938}, "device": "gpu", "nd_range": {"device_start": 1585661371.99645, "device_end": 1585661372.0062594}, "cmdq": 0, "read": {"device_start": 1585661372.006273, "device_end": 1585661372.0063694}}, "FFC_sans_bias76": {"write": {"device_start": -1, "host_queued_start": 1585661439.171477, "device_queued": -1, "device_end": -1, "host_queued_end": 1585661439.222938}, "device": "gpu", "nd_range": {"device_start": 1585661371.9041405, "device_end": 1585661371.9157043}, "cmdq": 2, "read": {"device_start": -1, "device_end": -1}}, "FFC_sans_bias74": {"write": {"device_start": 1585661371.8010423, "host_queued_start": 1585661439.094269, "device_queued": 1585661371.749409, "device_end": 1585661371.801151, "host_queued_end": 1585661439.222938}, "device": "gpu", "nd_range": {"device_start": 1585661371.8011563, "device_end": 1585661371.815225}, "cmdq": 2, "read": {"device_start": -1, "device_end": -1}}, "coalesced_transpose102": {"write": {"device_start": -1, "host_queued_start": 1585661439.168259, "device_queued": -1, "device_end": -1, "host_queued_end": 1585661439.222938}, "device": "gpu", "nd_range": {"device_start": 1585661371.8960228, "device_end": 1585661371.8960795}, "cmdq": 0, "read": {"device_start": -1, "device_end": -1}}, "coalesced_transpose3": {"write": {"device_start": -1, "host_queued_start": 1585661439.265612, "device_queued": -1, "device_end": -1, "host_queued_end": 1585661439.282012}, "device": "cpu", "nd_range": {"device_start": 2329213.7994000143, "device_end": 2329213.799823124}, "cmdq": 0, "read": {"device_start": -1, "device_end": -1}}, "FFC_sans_bias127": {"write": {"device_start": 1585661371.8695045, "host_queued_start": 1585661439.155244, "device_queued": 1585661371.7543964, "device_end": 1585661371.8696084, "host_queued_end": 1585661439.222938}, "device": "gpu", "nd_range": {"device_start": 1585661371.8696144, "device_end": 1585661371.8845606}, "cmdq": 0, "read": {"device_start": -1, "device_end": -1}}, "empty89": {"write": {"device_start": 1585661371.7426505, "host_queued_start": 1585661439.015568, "device_queued": 1585661371.7423437, "device_end": 1585661371.7429142, "host_queued_end": 1585661439.222938}, "device": "gpu", "nd_range": {"device_start": 1585661371.7429178, "device_end": 1585661371.7429228}, "cmdq": 2, "read": {"device_start": -1, "device_end": -1}}, "FFC_sans_bias123": {"write": {"device_start": -1, "host_queued_start": 1585661439.180917, "device_queued": -1, "device_end": -1, "host_queued_end": 1585661439.222938}, "device": "gpu", "nd_range": {"device_start": 1585661371.992229, "device_end": 1585661372.0027354}, "cmdq": 1, "read": {"device_start": -1, "device_end": -1}}, "empty80": {"write": {"device_start": 1585661371.7423482, "host_queued_start": 1585661439.012611, "device_queued": 1585661371.741965, "device_end": 1585661371.742589, "host_queued_end": 1585661439.222938}, "device": "gpu", "nd_range": {"device_start": 1585661371.7426412, "device_end": 1585661371.7426503}, "cmdq": 1, "read": {"device_start": -1, "device_end": -1}}, "empty116": {"write": {"device_start": 1585661371.743572, "host_queued_start": 1585661439.024631, "device_queued": 1585661371.7432485, "device_end": 1585661371.743849, "host_queued_end": 1585661439.222938}, "device": "gpu", "nd_range": {"device_start": 1585661371.7439148, "device_end": 1585661371.7439249}, "cmdq": 1, "read": {"device_start": -1, "device_end": -1}}, "softmax104": {"write": {"device_start": -1, "host_queued_start": 1585661439.176207, "device_queued": -1, "device_end": -1, "host_queued_end": 1585661439.222938}, "device": "gpu", "nd_range": {"device_start": 1585661371.9471803, "device_end": 1585661371.947673}, "cmdq": 2, "read": {"device_start": -1, "device_end": -1}}, "coalesced_transpose21": {"write": {"device_start": -1, "host_queued_start": 1585661439.266775, "device_queued": -1, "device_end": -1, "host_queued_end": 1585661439.282012}, "device": "cpu", "nd_range": {"device_start": 2329213.800540584, "device_end": 2329213.8008934474}, "cmdq": 0, "read": {"device_start": -1, "device_end": -1}}, "softmax14": {"write": {"device_start": -1, "host_queued_start": 1585661439.269784, "device_queued": -1, "device_end": -1, "host_queued_end": 1585661439.282012}, "device": "cpu", "nd_range": {"device_start": 2329213.9107094943, "device_end": 2329213.911003644}, "cmdq": 0, "read": {"device_start": -1, "device_end": -1}}, "FFC_sans_bias69": {"write": {"device_start": -1, "host_queued_start": 1585661439.178899, "device_queued": -1, "device_end": -1, "host_queued_end": 1585661439.222938}, "device": "gpu", "nd_range": {"device_start": 1585661371.9520924, "device_end": 1585661371.959957}, "cmdq": 3, "read": {"device_start": -1, "device_end": -1}}, "FFC_sans_bias92": {"write": {"device_start": 1585661371.823184, "host_queued_start": 1585661439.114581, "device_queued": 1585661371.7510624, "device_end": 1585661371.8232818, "host_queued_end": 1585661439.222938}, "device": "gpu", "nd_range": {"device_start": 1585661371.8232875, "device_end": 1585661371.838323}, "cmdq": 0, "read": {"device_start": -1, "device_end": -1}}, "FFC_sans_bias60": {"write": {"device_start": -1, "host_queued_start": 1585661439.178551, "device_queued": -1, "device_end": -1, "host_queued_end": 1585661439.222938}, "device": "gpu", "nd_range": {"device_start": 1585661371.9483037, "device_end": 1585661371.9560204}, "cmdq": 2, "read": {"device_start": -1, "device_end": -1}}, "FFC_sans_bias61": {"write": {"device_start": 1585661372.0033228, "host_queued_start": 1585661439.194529, "device_queued": 1585661371.7634027, "device_end": 1585661372.0034206, "host_queued_end": 1585661439.222938}, "device": "gpu", "nd_range": {"device_start": 1585661372.0034454, "device_end": 1585661372.016838}, "cmdq": 3, "read": {"device_start": 1585661372.0168402, "device_end": 1585661372.0169427}}, "FFC_sans_bias63": {"write": {"device_start": 1585661371.7886686, "host_queued_start": 1585661439.084162, "device_queued": 1585661371.7485518, "device_end": 1585661371.788795, "host_queued_end": 1585661439.222938}, "device": "gpu", "nd_range": {"device_start": 1585661371.7887988, "device_end": 1585661371.8036711}, "cmdq": 3, "read": {"device_start": -1, "device_end": -1}}, "FFC_sans_bias64": {"write": {"device_start": 1585661371.7809184, "host_queued_start": 1585661439.077147, "device_queued": 1585661371.7482924, "device_end": 1585661371.7810235, "host_queued_end": 1585661439.222938}, "device": "gpu", "nd_range": {"device_start": 1585661371.7810397, "device_end": 1585661371.7959442}, "cmdq": 1, "read": {"device_start": -1, "device_end": -1}}, "FFC_sans_bias65": {"write": {"device_start": 1585661371.7848308, "host_queued_start": 1585661439.080745, "device_queued": 1585661371.7484233, "device_end": 1585661371.784938, "host_queued_end": 1585661439.222938}, "device": "gpu", "nd_range": {"device_start": 1585661371.7849443, "device_end": 1585661371.7998083}, "cmdq": 2, "read": {"device_start": -1, "device_end": -1}}, "FFC_sans_bias67": {"write": {"device_start": -1, "host_queued_start": 1585661439.171156, "device_queued": -1, "device_end": -1, "host_queued_end": 1585661439.222938}, "device": "gpu", "nd_range": {"device_start": 1585661371.9001863, "device_end": 1585661371.9117768}, "cmdq": 1, "read": {"device_start": -1, "device_end": -1}}, "coalesced_transpose111": {"write": {"device_start": -1, "host_queued_start": 1585661439.168576, "device_queued": -1, "device_end": -1, "host_queued_end": 1585661439.222938}, "device": "gpu", "nd_range": {"device_start": 1585661371.8960302, "device_end": 1585661371.8961117}, "cmdq": 1, "read": {"device_start": -1, "device_end": -1}}, "FFC_sans_bias136": {"write": {"device_start": 1585661371.8733964, "host_queued_start": 1585661439.158622, "device_queued": 1585661371.754673, "device_end": 1585661371.8734977, "host_queued_end": 1585661439.222938}, "device": "gpu", "nd_range": {"device_start": 1585661371.873507, "device_end": 1585661371.888446}, "cmdq": 1, "read": {"device_start": -1, "device_end": -1}}, "FFC_sans_bias135": {"write": {"device_start": 1585661371.8809536, "host_queued_start": 1585661439.165384, "device_queued": 1585661371.754965, "device_end": 1585661371.8810596, "host_queued_end": 1585661439.222938}, "device": "gpu", "nd_range": {"device_start": 1585661371.8810647, "device_end": 1585661371.8961248}, "cmdq": 3, "read": {"device_start": -1, "device_end": -1}}, "FFC_sans_bias133": {"write": {"device_start": 1585661372.0314648, "host_queued_start": 1585661439.219689, "device_queued": 1585661371.7660697, "device_end": 1585661372.0315557, "host_queued_end": 1585661439.222938}, "device": "gpu", "nd_range": {"device_start": 1585661372.0315764, "device_end": 1585661372.0414138}, "cmdq": 3, "read": {"device_start": 1585661372.041419, "device_end": 1585661372.041504}}, "FFC_sans_bias132": {"write": {"device_start": -1, "host_queued_start": 1585661439.181242, "device_queued": -1, "device_end": -1, "host_queued_end": 1585661439.222938}, "device": "gpu", "nd_range": {"device_start": 1585661371.967511, "device_end": 1585661371.9816444}, "cmdq": 2, "read": {"device_start": -1, "device_end": -1}}, "softmax68": {"write": {"device_start": -1, "host_queued_start": 1585661439.175161, "device_queued": -1, "device_end": -1, "host_queued_end": 1585661439.222938}, "device": "gpu", "nd_range": {"device_start": 1585661371.9445484, "device_end": 1585661371.9471571}, "cmdq": 2, "read": {"device_start": -1, "device_end": -1}}, "softmax131": {"write": {"device_start": -1, "host_queued_start": 1585661439.176977, "device_queued": -1, "device_end": -1, "host_queued_end": 1585661439.222938}, "device": "gpu", "nd_range": {"device_start": 1585661371.9539335, "device_end": 1585661371.964803}, "cmdq": 1, "read": {"device_start": -1, "device_end": -1}}, "empty125": {"write": {"device_start": 1585661371.7439446, "host_queued_start": 1585661439.027577, "device_queued": 1585661371.7434614, "device_end": 1585661371.7442834, "host_queued_end": 1585661439.222938}, "device": "gpu", "nd_range": {"device_start": 1585661371.7442958, "device_end": 1585661371.7443006}, "cmdq": 2, "read": {"device_start": -1, "device_end": -1}}, "FFC_sans_bias139": {"write": {"device_start": -1, "host_queued_start": 1585661439.173852, "device_queued": -1, "device_end": -1, "host_queued_end": 1585661439.222938}, "device": "gpu", "nd_range": {"device_start": 1585661371.9272666, "device_end": 1585661371.9426217}, "cmdq": 1, "read": {"device_start": -1, "device_end": -1}}, "empty35": {"write": {"device_start": 1585661371.7406564, "host_queued_start": 1585661438.995412, "device_queued": 1585661371.7403135, "device_end": 1585661371.7407548, "host_queued_end": 1585661439.222938}, "device": "gpu", "nd_range": {"device_start": 1585661371.7408078, "device_end": 1585661371.740813}, "cmdq": 0, "read": {"device_start": -1, "device_end": -1}}, "softmax86": {"write": {"device_start": -1, "host_queued_start": 1585661439.175679, "device_queued": -1, "device_end": -1, "host_queued_end": 1585661439.222938}, "device": "gpu", "nd_range": {"device_start": 1585661371.9445186, "device_end": 1585661371.9481175}, "cmdq": 0, "read": {"device_start": -1, "device_end": -1}}, "FFC_sans_bias55": {"write": {"device_start": 1585661371.7770367, "host_queued_start": 1585661439.073758, "device_queued": 1585661371.7480457, "device_end": 1585661371.77714, "host_queued_end": 1585661439.222938}, "device": "gpu", "nd_range": {"device_start": 1585661371.7771587, "device_end": 1585661371.7921028}, "cmdq": 0, "read": {"device_start": -1, "device_end": -1}}, "FFC_sans_bias54": {"write": {"device_start": 1585661371.7731671, "host_queued_start": 1585661439.070404, "device_queued": 1585661371.7475708, "device_end": 1585661371.7732732, "host_queued_end": 1585661439.222938}, "device": "gpu", "nd_range": {"device_start": 1585661371.773282, "device_end": 1585661371.7882001}, "cmdq": 3, "read": {"device_start": -1, "device_end": -1}}, "FFC_sans_bias56": {"write": {"device_start": 1585661371.7693603, "host_queued_start": 1585661439.067052, "device_queued": 1585661371.747441, "device_end": 1585661371.7694666, "host_queued_end": 1585661439.222938}, "device": "gpu", "nd_range": {"device_start": 1585661371.769483, "device_end": 1585661371.7843635}, "cmdq": 2, "read": {"device_start": -1, "device_end": -1}}, "FFC_sans_bias51": {"write": {"device_start": -1, "host_queued_start": 1585661439.178209, "device_queued": -1, "device_end": -1, "host_queued_end": 1585661439.222938}, "device": "gpu", "nd_range": {"device_start": 1585661371.964825, "device_end": 1585661371.9780736}, "cmdq": 1, "read": {"device_start": -1, "device_end": -1}}, "FFC_sans_bias52": {"write": {"device_start": 1585661371.9892905, "host_queued_start": 1585661439.191433, "device_queued": 1585661371.763252, "device_end": 1585661371.9893868, "host_queued_end": 1585661439.222938}, "device": "gpu", "nd_range": {"device_start": 1585661371.9894083, "device_end": 1585661371.9991698}, "cmdq": 2, "read": {"device_start": 1585661371.9991755, "device_end": 1585661371.999274}}, "FFC_sans_bias58": {"write": {"device_start": -1, "host_queued_start": 1585661439.170828, "device_queued": -1, "device_end": -1, "host_queued_end": 1585661439.222938}, "device": "gpu", "nd_range": {"device_start": 1585661371.8962333, "device_end": 1585661371.9079702}, "cmdq": 0, "read": {"device_start": -1, "device_end": -1}}, "FFC_sans_bias108": {"write": {"device_start": 1585661371.8385859, "host_queued_start": 1585661439.128147, "device_queued": 1585661371.7521098, "device_end": 1585661371.8386838, "host_queued_end": 1585661439.222938}, "device": "gpu", "nd_range": {"device_start": 1585661371.838692, "device_end": 1585661371.853772}, "cmdq": 0, "read": {"device_start": -1, "device_end": -1}}, "FFC_sans_bias109": {"write": {"device_start": 1585661371.842467, "host_queued_start": 1585661439.131494, "device_queued": 1585661371.7523625, "device_end": 1585661371.8425648, "host_queued_end": 1585661439.222938}, "device": "gpu", "nd_range": {"device_start": 1585661371.842576, "device_end": 1585661371.8576322}, "cmdq": 1, "read": {"device_start": -1, "device_end": -1}}, "coalesced_transpose129": {"write": {"device_start": -1, "host_queued_start": 1585661439.169199, "device_queued": -1, "device_end": -1, "host_queued_end": 1585661439.222938}, "device": "gpu", "nd_range": {"device_start": 1585661371.9038596, "device_end": 1585661371.9115174}, "cmdq": 3, "read": {"device_start": -1, "device_end": -1}}, "FFC_sans_bias103": {"write": {"device_start": -1, "host_queued_start": 1585661439.172548, "device_queued": -1, "device_end": -1, "host_queued_end": 1585661439.222938}, "device": "gpu", "nd_range": {"device_start": 1585661371.9118009, "device_end": 1585661371.927245}, "cmdq": 1, "read": {"device_start": -1, "device_end": -1}}, "FFC_sans_bias100": {"write": {"device_start": 1585661371.8309414, "host_queued_start": 1585661439.121389, "device_queued": 1585661371.7514932, "device_end": 1585661371.8310397, "host_queued_end": 1585661439.222938}, "device": "gpu", "nd_range": {"device_start": 1585661371.831044, "device_end": 1585661371.8460498}, "cmdq": 2, "read": {"device_start": -1, "device_end": -1}}, "FFC_sans_bias101": {"write": {"device_start": 1585661371.8347187, "host_queued_start": 1585661439.12478, "device_queued": 1585661371.7516327, "device_end": 1585661371.8348176, "host_queued_end": 1585661439.222938}, "device": "gpu", "nd_range": {"device_start": 1585661371.8348293, "device_end": 1585661371.8498962}, "cmdq": 3, "read": {"device_start": -1, "device_end": -1}}, "FFC_sans_bias106": {"write": {"device_start": 1585661372.006821, "host_queued_start": 1585661439.210251, "device_queued": 1585661371.7652955, "device_end": 1585661372.0069156, "host_queued_end": 1585661439.222938}, "device": "gpu", "nd_range": {"device_start": 1585661372.0069385, "device_end": 1585661372.020373}, "cmdq": 0, "read": {"device_start": 1585661372.020383, "device_end": 1585661372.0204737}}, "softmax122": {"write": {"device_start": -1, "host_queued_start": 1585661439.176722, "device_queued": -1, "device_end": -1, "host_queued_end": 1585661439.222938}, "device": "gpu", "nd_range": {"device_start": 1585661371.9481409, "device_end": 1585661371.9538586}, "cmdq": 0, "read": {"device_start": -1, "device_end": -1}}, "FFC_sans_bias105": {"write": {"device_start": -1, "host_queued_start": 1585661439.180228, "device_queued": -1, "device_end": -1, "host_queued_end": 1585661439.222938}, "device": "gpu", "nd_range": {"device_start": 1585661371.9599786, "device_end": 1585661371.9710696}, "cmdq": 3, "read": {"device_start": -1, "device_end": -1}}, "softmax95": {"write": {"device_start": -1, "host_queued_start": 1585661439.17595, "device_queued": -1, "device_end": -1, "host_queued_end": 1585661439.222938}, "device": "gpu", "nd_range": {"device_start": 1585661371.9481678, "device_end": 1585661371.9539104}, "cmdq": 1, "read": {"device_start": -1, "device_end": -1}}, "coalesced_transpose57": {"write": {"device_start": -1, "host_queued_start": 1585661439.166698, "device_queued": -1, "device_end": -1, "host_queued_end": 1585661439.222938}, "device": "gpu", "nd_range": {"device_start": 1585661371.8961332, "device_end": 1585661371.896205}, "cmdq": 3, "read": {"device_start": -1, "device_end": -1}}, "empty26": {"write": {"device_start": -1, "host_queued_start": 1585661439.23459, "device_queued": -1, "device_end": -1, "host_queued_end": 1585661439.282012}, "device": "cpu", "nd_range": {"device_start": 2329213.471654498, "device_end": 2329213.471655404}, "cmdq": 0, "read": {"device_start": -1, "device_end": -1}}, "softmax113": {"write": {"device_start": -1, "host_queued_start": 1585661439.176464, "device_queued": -1, "device_end": -1, "host_queued_end": 1585661439.222938}, "device": "gpu", "nd_range": {"device_start": 1585661371.9475524, "device_end": 1585661371.9480577}, "cmdq": 3, "read": {"device_start": -1, "device_end": -1}}, "FFC_sans_bias11": {"write": {"device_start": -1, "host_queued_start": 1585661439.255557, "device_queued": -1, "device_end": -1, "host_queued_end": 1585661439.282012}, "device": "cpu", "nd_range": {"device_start": 2329213.651719248, "device_end": 2329213.687146916}, "cmdq": 0, "read": {"device_start": -1, "device_end": -1}}, "FFC_sans_bias42": {"write": {"device_start": -1, "host_queued_start": 1585661439.177882, "device_queued": -1, "device_end": -1, "host_queued_end": 1585661439.222938}, "device": "gpu", "nd_range": {"device_start": 1585661371.9538815, "device_end": 1585661371.9639854}, "cmdq": 0, "read": {"device_start": -1, "device_end": -1}}, "FFC_sans_bias43": {"write": {"device_start": 1585661372.0029871, "host_queued_start": 1585661439.188334, "device_queued": 1585661371.763112, "device_end": 1585661372.0030823, "host_queued_end": 1585661439.222938}, "device": "gpu", "nd_range": {"device_start": 1585661372.0031073, "device_end": 1585661372.0133119}, "cmdq": 1, "read": {"device_start": 1585661372.0133183, "device_end": 1585661372.0134113}}, "FFC_sans_bias40": {"write": {"device_start": -1, "host_queued_start": 1585661439.170169, "device_queued": -1, "device_end": -1, "host_queued_end": 1585661439.222938}, "device": "gpu", "nd_range": {"device_start": 1585661371.8961997, "device_end": 1585661371.9041162}, "cmdq": 2, "read": {"device_start": -1, "device_end": -1}}, "FFC_sans_bias46": {"write": {"device_start": 1585661371.7616105, "host_queued_start": 1585661439.060272, "device_queued": 1585661371.747035, "device_end": 1585661371.7617197, "host_queued_end": 1585661439.222938}, "device": "gpu", "nd_range": {"device_start": 1585661371.761724, "device_end": 1585661371.7766297}, "cmdq": 0, "read": {"device_start": -1, "device_end": -1}}, "FFC_sans_bias47": {"write": {"device_start": 1585661371.7654393, "host_queued_start": 1585661439.063682, "device_queued": 1585661371.7472813, "device_end": 1585661371.7655442, "host_queued_end": 1585661439.222938}, "device": "gpu", "nd_range": {"device_start": 1585661371.7655492, "device_end": 1585661371.7804992}, "cmdq": 1, "read": {"device_start": -1, "device_end": -1}}, "FFC_sans_bias45": {"write": {"device_start": 1585661371.7579446, "host_queued_start": 1585661439.056848, "device_queued": 1585661371.7465904, "device_end": 1585661371.7580664, "host_queued_end": 1585661439.222938}, "device": "gpu", "nd_range": {"device_start": 1585661371.758074, "device_end": 1585661371.7727778}, "cmdq": 3, "read": {"device_start": -1, "device_end": -1}}, "FFC_sans_bias49": {"write": {"device_start": -1, "host_queued_start": 1585661439.170496, "device_queued": -1, "device_end": -1, "host_queued_end": 1585661439.222938}, "device": "gpu", "nd_range": {"device_start": 1585661371.9115431, "device_end": 1585661371.9234033}, "cmdq": 3, "read": {"device_start": -1, "device_end": -1}}, "softmax77": {"write": {"device_start": -1, "host_queued_start": 1585661439.175422, "device_queued": -1, "device_end": -1, "host_queued_end": 1585661439.222938}, "device": "gpu", "nd_range": {"device_start": 1585661371.9470363, "device_end": 1585661371.9475286}, "cmdq": 3, "read": {"device_start": -1, "device_end": -1}}, "empty134": {"write": {"device_start": 1585661371.744372, "host_queued_start": 1585661439.030287, "device_queued": 1585661371.743872, "device_end": 1585661371.744698, "host_queued_end": 1585661439.222938}, "device": "gpu", "nd_range": {"device_start": 1585661371.744711, "device_end": 1585661371.7447221}, "cmdq": 3, "read": {"device_start": -1, "device_end": -1}}, "coalesced_transpose138": {"write": {"device_start": -1, "host_queued_start": 1585661439.16951, "device_queued": -1, "device_end": -1, "host_queued_end": 1585661439.222938}, "device": "gpu", "nd_range": {"device_start": 1585661371.8961058, "device_end": 1585661371.8961391}, "cmdq": 0, "read": {"device_start": -1, "device_end": -1}}, "FFC_sans_bias119": {"write": {"device_start": 1585661371.8578987, "host_queued_start": 1585661439.145069, "device_queued": 1585661371.7533505, "device_end": 1585661371.8579965, "host_queued_end": 1585661439.222938}, "device": "gpu", "nd_range": {"device_start": 1585661371.8580055, "device_end": 1585661371.8730664}, "cmdq": 1, "read": {"device_start": -1, "device_end": -1}}, "FFC_sans_bias118": {"write": {"device_start": 1585661371.8540232, "host_queued_start": 1585661439.141693, "device_queued": 1585661371.7530968, "device_end": 1585661371.8541186, "host_queued_end": 1585661439.222938}, "device": "gpu", "nd_range": {"device_start": 1585661371.8541236, "device_end": 1585661371.8691976}, "cmdq": 0, "read": {"device_start": -1, "device_end": -1}}, "empty143": {"write": {"device_start": 1585661371.744703, "host_queued_start": 1585661439.032973, "device_queued": 1585661371.7443082, "device_end": 1585661371.74494, "host_queued_end": 1585661439.222938}, "device": "gpu", "nd_range": {"device_start": 1585661371.74495, "device_end": 1585661371.7449543}, "cmdq": 0, "read": {"device_start": -1, "device_end": -1}}, "FFC_sans_bias115": {"write": {"device_start": 1585661372.027933, "host_queued_start": 1585661439.213373, "device_queued": 1585661371.765733, "device_end": 1585661372.028026, "host_queued_end": 1585661439.222938}, "device": "gpu", "nd_range": {"device_start": 1585661372.0280495, "device_end": 1585661372.0379026}, "cmdq": 1, "read": {"device_start": 1585661372.0379074, "device_end": 1585661372.0379958}}, "FFC_sans_bias114": {"write": {"device_start": -1, "host_queued_start": 1585661439.180554, "device_queued": -1, "device_end": -1, "host_queued_end": 1585661439.222938}, "device": "gpu", "nd_range": {"device_start": 1585661371.9745948, "device_end": 1585661371.988634}, "cmdq": 0, "read": {"device_start": -1, "device_end": -1}}, "FFC_sans_bias117": {"write": {"device_start": 1585661371.850153, "host_queued_start": 1585661439.138254, "device_queued": 1585661371.7526262, "device_end": 1585661371.850251, "host_queued_end": 1585661439.222938}, "device": "gpu", "nd_range": {"device_start": 1585661371.850257, "device_end": 1585661371.86534}, "cmdq": 3, "read": {"device_start": -1, "device_end": -1}}, "softmax5": {"write": {"device_start": -1, "host_queued_start": 1585661439.26927, "device_queued": -1, "device_end": -1, "host_queued_end": 1585661439.282012}, "device": "cpu", "nd_range": {"device_start": 2329213.910330092, "device_end": 2329213.9107010444}, "cmdq": 0, "read": {"device_start": -1, "device_end": -1}}, "FFC_sans_bias110": {"write": {"device_start": 1585661371.84631, "host_queued_start": 1585661439.13488, "device_queued": 1585661371.7524958, "device_end": 1585661371.8464088, "host_queued_end": 1585661439.222938}, "device": "gpu", "nd_range": {"device_start": 1585661371.8464205, "device_end": 1585661371.8614702}, "cmdq": 2, "read": {"device_start": -1, "device_end": -1}}, "FFC_sans_bias112": {"write": {"device_start": -1, "host_queued_start": 1585661439.172875, "device_queued": -1, "device_end": -1, "host_queued_end": 1585661439.222938}, "device": "gpu", "nd_range": {"device_start": 1585661371.9157279, "device_end": 1585661371.9310813}, "cmdq": 2, "read": {"device_start": -1, "device_end": -1}}, "empty53": {"write": {"device_start": 1585661371.7414029, "host_queued_start": 1585661439.002221, "device_queued": 1585661371.740957, "device_end": 1585661371.7417161, "host_queued_end": 1585661439.222938}, "device": "gpu", "nd_range": {"device_start": 1585661371.7417219, "device_end": 1585661371.7417288}, "cmdq": 2, "read": {"device_start": -1, "device_end": -1}}, "coalesced_transpose48": {"write": {"device_start": -1, "host_queued_start": 1585661439.166376, "device_queued": -1, "device_end": -1, "host_queued_end": 1585661439.222938}, "device": "gpu", "nd_range": {"device_start": 1585661371.892291, "device_end": 1585661371.89597}, "cmdq": 2, "read": {"device_start": -1, "device_end": -1}}}