{"FFC_sans_bias4": {"write": {"device_start": -1, "host_queued_start": 1585661117.634761, "device_queued": -1, "device_end": -1, "host_queued_end": 1585661117.659768}, "device": "cpu", "nd_range": {"device_start": 2328892.3911647033, "device_end": 2328892.467749326}, "cmdq": 1, "read": {"device_start": -1, "device_end": -1}}, "FFC_sans_bias7": {"write": {"device_start": -1, "host_queued_start": 1585661117.646983, "device_queued": -1, "device_end": -1, "host_queued_end": 1585661117.659768}, "device": "cpu", "nd_range": {"device_start": 2328892.686723884, "device_end": 2328892.757769845}, "cmdq": 0, "read": {"device_start": -1, "device_end": -1}}, "FFC_sans_bias6": {"write": {"device_start": -1, "host_queued_start": 1585661117.640963, "device_queued": -1, "device_end": -1, "host_queued_end": 1585661117.659768}, "device": "cpu", "nd_range": {"device_start": 2328892.575027897, "device_end": 2328892.6514832773}, "cmdq": 1, "read": {"device_start": -1, "device_end": -1}}, "FFC_sans_bias1": {"write": {"device_start": -1, "host_queued_start": 1585661117.588982, "device_queued": -1, "device_end": -1, "host_queued_end": 1585661117.659768}, "device": "cpu", "nd_range": {"device_start": 2328891.849426528, "device_end": 2328891.9281743933}, "cmdq": 0, "read": {"device_start": -1, "device_end": -1}}, "FFC_sans_bias0": {"write": {"device_start": -1, "host_queued_start": 1585661117.585434, "device_queued": -1, "device_end": -1, "host_queued_end": 1585661117.659768}, "device": "cpu", "nd_range": {"device_start": 2328891.849419719, "device_end": 2328891.911930574}, "cmdq": 1, "read": {"device_start": -1, "device_end": -1}}, "FFC_sans_bias2": {"write": {"device_start": -1, "host_queued_start": 1585661117.592245, "device_queued": -1, "device_end": -1, "host_queued_end": 1585661117.659768}, "device": "cpu", "nd_range": {"device_start": 2328891.914075796, "device_end": 2328891.9703546152}, "cmdq": 1, "read": {"device_start": -1, "device_end": -1}}, "coalesced_transpose120": {"write": {"device_start": -1, "host_queued_start": 1585661117.519154, "device_queued": -1, "device_end": -1, "host_queued_end": 1585661117.565}, "device": "gpu", "nd_range": {"device_start": 1585661050.205711, "device_end": 1585661050.2089968}, "cmdq": 1, "read": {"device_start": -1, "device_end": -1}}, "FFC_sans_bias9": {"write": {"device_start": -1, "host_queued_start": 1585661117.595513, "device_queued": -1, "device_end": -1, "host_queued_end": 1585661117.659768}, "device": "cpu", "nd_range": {"device_start": 2328891.9283916703, "device_end": 2328892.0002121683}, "cmdq": 0, "read": {"device_start": -1, "device_end": -1}}, "empty71": {"write": {"device_start": 1585661050.0919123, "host_queued_start": 1585661117.385676, "device_queued": 1585661050.0914302, "device_end": 1585661050.0921688, "host_queued_end": 1585661117.565}, "device": "gpu", "nd_range": {"device_start": 1585661050.0921779, "device_end": 1585661050.0921826}, "cmdq": 2, "read": {"device_start": -1, "device_end": -1}}, "softmax41": {"write": {"device_start": -1, "host_queued_start": 1585661117.640379, "device_queued": -1, "device_end": -1, "host_queued_end": 1585661117.659768}, "device": "cpu", "nd_range": {"device_start": 2328892.565888183, "device_end": 2328892.566480591}, "cmdq": 0, "read": {"device_start": -1, "device_end": -1}}, "FFC_sans_bias37": {"write": {"device_start": -1, "host_queued_start": 1585661117.627949, "device_queued": -1, "device_end": -1, "host_queued_end": 1585661117.659768}, "device": "cpu", "nd_range": {"device_start": 2328892.318769148, "device_end": 2328892.372828924}, "cmdq": 0, "read": {"device_start": -1, "device_end": -1}}, "FFC_sans_bias36": {"write": {"device_start": -1, "host_queued_start": 1585661117.624738, "device_queued": -1, "device_end": -1, "host_queued_end": 1585661117.659768}, "device": "cpu", "nd_range": {"device_start": 2328892.2485378543, "device_end": 2328892.326461357}, "cmdq": 1, "read": {"device_start": -1, "device_end": -1}}, "FFC_sans_bias34": {"write": {"device_start": -1, "host_queued_start": 1585661117.656545, "device_queued": -1, "device_end": -1, "host_queued_end": 1585661117.659768}, "device": "cpu", "nd_range": {"device_start": 2328892.8627867633, "device_end": 2328892.918390756}, "cmdq": 1, "read": {"device_start": -1, "device_end": -1}}, "FFC_sans_bias33": {"write": {"device_start": -1, "host_queued_start": 1585661117.642972, "device_queued": -1, "device_end": -1, "host_queued_end": 1585661117.659768}, "device": "cpu", "nd_range": {"device_start": 2328892.62053738, "device_end": 2328892.686518122}, "cmdq": 0, "read": {"device_start": -1, "device_end": -1}}, "FFC_sans_bias31": {"write": {"device_start": -1, "host_queued_start": 1585661117.636799, "device_queued": -1, "device_end": -1, "host_queued_end": 1585661117.659768}, "device": "cpu", "nd_range": {"device_start": 2328892.4597412692, "device_end": 2328892.506561541}, "cmdq": 0, "read": {"device_start": -1, "device_end": -1}}, "FFC_sans_bias38": {"write": {"device_start": -1, "host_queued_start": 1585661117.631181, "device_queued": -1, "device_end": -1, "host_queued_end": 1585661117.659768}, "device": "cpu", "nd_range": {"device_start": 2328892.326473126, "device_end": 2328892.3895604643}, "cmdq": 1, "read": {"device_start": -1, "device_end": -1}}, "coalesced_transpose75": {"write": {"device_start": -1, "host_queued_start": 1585661117.517606, "device_queued": -1, "device_end": -1, "host_queued_end": 1585661117.565}, "device": "gpu", "nd_range": {"device_start": 1585661050.1990628, "device_end": 1585661050.2023346}, "cmdq": 2, "read": {"device_start": -1, "device_end": -1}}, "softmax140": {"write": {"device_start": -1, "host_queued_start": 1585661117.526205, "device_queued": -1, "device_end": -1, "host_queued_end": 1585661117.565}, "device": "gpu", "nd_range": {"device_start": 1585661050.239838, "device_end": 1585661050.2402518}, "cmdq": 1, "read": {"device_start": -1, "device_end": -1}}, "empty44": {"write": {"device_start": -1, "host_queued_start": 1585661117.582264, "device_queued": -1, "device_end": -1, "host_queued_end": 1585661117.659768}, "device": "cpu", "nd_range": {"device_start": 2328891.8494206243, "device_end": 2328891.849421291}, "cmdq": 0, "read": {"device_start": -1, "device_end": -1}}, "FFC_sans_bias137": {"write": {"device_start": 1585661050.1924691, "host_queued_start": 1585661117.512954, "device_queued": 1585661050.1029217, "device_end": 1585661050.1925638, "host_queued_end": 1585661117.565}, "device": "gpu", "nd_range": {"device_start": 1585661050.1925704, "device_end": 1585661050.1992927}, "cmdq": 0, "read": {"device_start": -1, "device_end": -1}}, "empty8": {"write": {"device_start": -1, "host_queued_start": 1585661117.569999, "device_queued": -1, "device_end": -1, "host_queued_end": 1585661117.659768}, "device": "cpu", "nd_range": {"device_start": 2328891.8493778952, "device_end": 2328891.8493910553}, "cmdq": 0, "read": {"device_start": -1, "device_end": -1}}, "softmax50": {"write": {"device_start": -1, "host_queued_start": 1585661117.523593, "device_queued": -1, "device_end": -1, "host_queued_end": 1585661117.565}, "device": "gpu", "nd_range": {"device_start": 1585661050.2287087, "device_end": 1585661050.2367184}, "cmdq": 0, "read": {"device_start": -1, "device_end": -1}}, "softmax59": {"write": {"device_start": -1, "host_queued_start": 1585661117.523851, "device_queued": -1, "device_end": -1, "host_queued_end": 1585661117.565}, "device": "gpu", "nd_range": {"device_start": 1585661050.23854, "device_end": 1585661050.238957}, "cmdq": 1, "read": {"device_start": -1, "device_end": -1}}, "FFC_sans_bias142": {"write": {"device_start": 1585661050.2994475, "host_queued_start": 1585661117.564872, "device_queued": 1585661050.1122878, "device_end": 1585661050.2995431, "host_queued_end": 1585661117.565}, "device": "gpu", "nd_range": {"device_start": 1585661050.2995608, "device_end": 1585661050.3086011}, "cmdq": 2, "read": {"device_start": 1585661050.308609, "device_end": 1585661050.308695}}, "FFC_sans_bias141": {"write": {"device_start": -1, "host_queued_start": 1585661117.529772, "device_queued": -1, "device_end": -1, "host_queued_end": 1585661117.565}, "device": "gpu", "nd_range": {"device_start": 1585661050.272912, "device_end": 1585661050.2794223}, "cmdq": 0, "read": {"device_start": -1, "device_end": -1}}, "FFC_sans_bias24": {"write": {"device_start": -1, "host_queued_start": 1585661117.64238, "device_queued": -1, "device_end": -1, "host_queued_end": 1585661117.659768}, "device": "cpu", "nd_range": {"device_start": 2328892.651697292, "device_end": 2328892.723313847}, "cmdq": 1, "read": {"device_start": -1, "device_end": -1}}, "FFC_sans_bias25": {"write": {"device_start": -1, "host_queued_start": 1585661117.653351, "device_queued": -1, "device_end": -1, "host_queued_end": 1585661117.659768}, "device": "cpu", "nd_range": {"device_start": 2328892.7577803973, "device_end": 2328892.8225012342}, "cmdq": 0, "read": {"device_start": -1, "device_end": -1}}, "FFC_sans_bias27": {"write": {"device_start": -1, "host_queued_start": 1585661117.615023, "device_queued": -1, "device_end": -1, "host_queued_end": 1585661117.659768}, "device": "cpu", "nd_range": {"device_start": 2328892.1441511572, "device_end": 2328892.248516065}, "cmdq": 0, "read": {"device_start": -1, "device_end": -1}}, "FFC_sans_bias20": {"write": {"device_start": -1, "host_queued_start": 1585661117.611779, "device_queued": -1, "device_end": -1, "host_queued_end": 1585661117.659768}, "device": "cpu", "nd_range": {"device_start": 2328892.119453433, "device_end": 2328892.1752642053}, "cmdq": 1, "read": {"device_start": -1, "device_end": -1}}, "FFC_sans_bias22": {"write": {"device_start": -1, "host_queued_start": 1585661117.636203, "device_queued": -1, "device_end": -1, "host_queued_end": 1585661117.659768}, "device": "cpu", "nd_range": {"device_start": 2328892.467764561, "device_end": 2328892.530934898}, "cmdq": 1, "read": {"device_start": -1, "device_end": -1}}, "FFC_sans_bias130": {"write": {"device_start": -1, "host_queued_start": 1585661117.523015, "device_queued": -1, "device_end": -1, "host_queued_end": 1585661117.565}, "device": "gpu", "nd_range": {"device_start": 1585661050.235194, "device_end": 1585661050.2385213}, "cmdq": 1, "read": {"device_start": -1, "device_end": -1}}, "FFC_sans_bias28": {"write": {"device_start": -1, "host_queued_start": 1585661117.618235, "device_queued": -1, "device_end": -1, "host_queued_end": 1585661117.659768}, "device": "cpu", "nd_range": {"device_start": 2328892.175501102, "device_end": 2328892.24851932}, "cmdq": 1, "read": {"device_start": -1, "device_end": -1}}, "FFC_sans_bias29": {"write": {"device_start": -1, "host_queued_start": 1585661117.621501, "device_queued": -1, "device_end": -1, "host_queued_end": 1585661117.659768}, "device": "cpu", "nd_range": {"device_start": 2328892.248900799, "device_end": 2328892.318556079}, "cmdq": 0, "read": {"device_start": -1, "device_end": -1}}, "coalesced_transpose66": {"write": {"device_start": -1, "host_queued_start": 1585661117.517296, "device_queued": -1, "device_end": -1, "host_queued_end": 1585661117.565}, "device": "gpu", "nd_range": {"device_start": 1585661050.202484, "device_end": 1585661050.2025204}, "cmdq": 1, "read": {"device_start": -1, "device_end": -1}}, "coalesced_transpose93": {"write": {"device_start": -1, "host_queued_start": 1585661117.518221, "device_queued": -1, "device_end": -1, "host_queued_end": 1585661117.565}, "device": "gpu", "nd_range": {"device_start": 1585661050.2025301, "device_end": 1585661050.2056954}, "cmdq": 1, "read": {"device_start": -1, "device_end": -1}}, "softmax23": {"write": {"device_start": -1, "host_queued_start": 1585661117.639345, "device_queued": -1, "device_end": -1, "host_queued_end": 1585661117.659768}, "device": "cpu", "nd_range": {"device_start": 2328892.5309578823, "device_end": 2328892.538974633}, "cmdq": 0, "read": {"device_start": -1, "device_end": -1}}, "empty62": {"write": {"device_start": 1585661050.0915518, "host_queued_start": 1585661117.383036, "device_queued": 1585661050.0912533, "device_end": 1585661050.0918207, "host_queued_end": 1585661117.565}, "device": "gpu", "nd_range": {"device_start": 1585661050.0918334, "device_end": 1585661050.091843}, "cmdq": 1, "read": {"device_start": -1, "device_end": -1}}, "FFC_sans_bias10": {"write": {"device_start": -1, "host_queued_start": 1585661117.598906, "device_queued": -1, "device_end": -1, "host_queued_end": 1585661117.659768}, "device": "cpu", "nd_range": {"device_start": 2328891.970373061, "device_end": 2328892.0628250013}, "cmdq": 1, "read": {"device_start": -1, "device_end": -1}}, "FFC_sans_bias13": {"write": {"device_start": -1, "host_queued_start": 1585661117.635558, "device_queued": -1, "device_end": -1, "host_queued_end": 1585661117.659768}, "device": "cpu", "nd_range": {"device_start": 2328892.390168927, "device_end": 2328892.459705496}, "cmdq": 0, "read": {"device_start": -1, "device_end": -1}}, "FFC_sans_bias15": {"write": {"device_start": -1, "host_queued_start": 1585661117.641559, "device_queued": -1, "device_end": -1, "host_queued_end": 1585661117.659768}, "device": "cpu", "nd_range": {"device_start": 2328892.566754851, "device_end": 2328892.620327346}, "cmdq": 0, "read": {"device_start": -1, "device_end": -1}}, "FFC_sans_bias16": {"write": {"device_start": -1, "host_queued_start": 1585661117.650101, "device_queued": -1, "device_end": -1, "host_queued_end": 1585661117.659768}, "device": "cpu", "nd_range": {"device_start": 2328892.7942139483, "device_end": 2328892.862778073}, "cmdq": 1, "read": {"device_start": -1, "device_end": -1}}, "FFC_sans_bias19": {"write": {"device_start": -1, "host_queued_start": 1585661117.608529, "device_queued": -1, "device_end": -1, "host_queued_end": 1585661117.659768}, "device": "cpu", "nd_range": {"device_start": 2328892.070869251, "device_end": 2328892.1439502523}, "cmdq": 0, "read": {"device_start": -1, "device_end": -1}}, "FFC_sans_bias18": {"write": {"device_start": -1, "host_queued_start": 1585661117.605316, "device_queued": -1, "device_end": -1, "host_queued_end": 1585661117.659768}, "device": "cpu", "nd_range": {"device_start": 2328892.0628399663, "device_end": 2328892.119437337}, "cmdq": 1, "read": {"device_start": -1, "device_end": -1}}, "FFC_sans_bias99": {"write": {"device_start": 1585661050.1476302, "host_queued_start": 1585661117.469903, "device_queued": 1585661050.099477, "device_end": 1585661050.147732, "host_queued_end": 1585661117.565}, "device": "gpu", "nd_range": {"device_start": 1585661050.147748, "device_end": 1585661050.1570065}, "cmdq": 2, "read": {"device_start": -1, "device_end": -1}}, "FFC_sans_bias91": {"write": {"device_start": 1585661050.1411057, "host_queued_start": 1585661117.463294, "device_queued": 1585661050.0991075, "device_end": 1585661050.1412077, "host_queued_end": 1585661117.565}, "device": "gpu", "nd_range": {"device_start": 1585661050.1412117, "device_end": 1585661050.1504798}, "cmdq": 0, "read": {"device_start": -1, "device_end": -1}}, "FFC_sans_bias90": {"write": {"device_start": 1585661050.1378853, "host_queued_start": 1585661117.459996, "device_queued": 1585661050.0985916, "device_end": 1585661050.1379867, "host_queued_end": 1585661117.565}, "device": "gpu", "nd_range": {"device_start": 1585661050.1379938, "device_end": 1585661050.1472242}, "cmdq": 2, "read": {"device_start": -1, "device_end": -1}}, "coalesced_transpose12": {"write": {"device_start": -1, "host_queued_start": 1585661117.632335, "device_queued": -1, "device_end": -1, "host_queued_end": 1585661117.659768}, "device": "cpu", "nd_range": {"device_start": 2328892.389724445, "device_end": 2328892.390023048}, "cmdq": 1, "read": {"device_start": -1, "device_end": -1}}, "FFC_sans_bias94": {"write": {"device_start": -1, "host_queued_start": 1585661117.521722, "device_queued": -1, "device_end": -1, "host_queued_end": 1585661117.565}, "device": "gpu", "nd_range": {"device_start": 1585661050.2092328, "device_end": 1585661050.2189848}, "cmdq": 0, "read": {"device_start": -1, "device_end": -1}}, "FFC_sans_bias97": {"write": {"device_start": 1585661050.2864761, "host_queued_start": 1585661117.549382, "device_queued": 1585661050.1108277, "device_end": 1585661050.286569, "host_queued_end": 1585661117.565}, "device": "gpu", "nd_range": {"device_start": 1585661050.2865894, "device_end": 1585661050.2956443}, "cmdq": 0, "read": {"device_start": 1585661050.295653, "device_end": 1585661050.2957492}}, "FFC_sans_bias96": {"write": {"device_start": -1, "host_queued_start": 1585661117.528152, "device_queued": -1, "device_end": -1, "host_queued_end": 1585661117.565}, "device": "gpu", "nd_range": {"device_start": 1585661050.2436714, "device_end": 1585661050.2502608}, "cmdq": 1, "read": {"device_start": -1, "device_end": -1}}, "FFC_sans_bias124": {"write": {"device_start": 1585661050.2961957, "host_queued_start": 1585661117.558698, "device_queued": 1585661050.111961, "device_end": 1585661050.2962906, "host_queued_end": 1585661117.565}, "device": "gpu", "nd_range": {"device_start": 1585661050.2963088, "device_end": 1585661050.3053553}, "cmdq": 0, "read": {"device_start": 1585661050.3053615, "device_end": 1585661050.3054485}}, "FFC_sans_bias126": {"write": {"device_start": 1585661050.1801484, "host_queued_start": 1585661117.502987, "device_queued": 1585661050.102203, "device_end": 1585661050.1802523, "host_queued_end": 1585661117.565}, "device": "gpu", "nd_range": {"device_start": 1585661050.1802588, "device_end": 1585661050.1895437}, "cmdq": 0, "read": {"device_start": -1, "device_end": -1}}, "softmax32": {"write": {"device_start": -1, "host_queued_start": 1585661117.639863, "device_queued": -1, "device_end": -1, "host_queued_end": 1585661117.659768}, "device": "cpu", "nd_range": {"device_start": 2328892.566769494, "device_end": 2328892.574878749}, "cmdq": 1, "read": {"device_start": -1, "device_end": -1}}, "coalesced_transpose84": {"write": {"device_start": -1, "host_queued_start": 1585661117.517912, "device_queued": -1, "device_end": -1, "host_queued_end": 1585661117.565}, "device": "gpu", "nd_range": {"device_start": 1585661050.2023702, "device_end": 1585661050.2024188}, "cmdq": 0, "read": {"device_start": -1, "device_end": -1}}, "FFC_sans_bias121": {"write": {"device_start": -1, "host_queued_start": 1585661117.522689, "device_queued": -1, "device_end": -1, "host_queued_end": 1585661117.565}, "device": "gpu", "nd_range": {"device_start": 1585661050.2190063, "device_end": 1585661050.2286894}, "cmdq": 0, "read": {"device_start": -1, "device_end": -1}}, "empty98": {"write": {"device_start": 1585661050.0928602, "host_queued_start": 1585661117.393605, "device_queued": 1585661050.0925376, "device_end": 1585661050.093117, "host_queued_end": 1585661117.565}, "device": "gpu", "nd_range": {"device_start": 1585661050.0931282, "device_end": 1585661050.0931327}, "cmdq": 2, "read": {"device_start": -1, "device_end": -1}}, "empty107": {"write": {"device_start": 1585661050.0931687, "host_queued_start": 1585661117.396216, "device_queued": 1585661050.0928512, "device_end": 1585661050.0934389, "host_queued_end": 1585661117.565}, "device": "gpu", "nd_range": {"device_start": 1585661050.0934505, "device_end": 1585661050.0934541}, "cmdq": 0, "read": {"device_start": -1, "device_end": -1}}, "empty17": {"write": {"device_start": -1, "host_queued_start": 1585661117.573492, "device_queued": -1, "device_end": -1, "host_queued_end": 1585661117.659768}, "device": "cpu", "nd_range": {"device_start": 2328891.849377859, "device_end": 2328891.849391065}, "cmdq": 1, "read": {"device_start": -1, "device_end": -1}}, "FFC_sans_bias87": {"write": {"device_start": -1, "host_queued_start": 1585661117.527825, "device_queued": -1, "device_end": -1, "host_queued_end": 1585661117.565}, "device": "gpu", "nd_range": {"device_start": 1585661050.2534108, "device_end": 1585661050.2631376}, "cmdq": 0, "read": {"device_start": -1, "device_end": -1}}, "FFC_sans_bias85": {"write": {"device_start": -1, "host_queued_start": 1585661117.521407, "device_queued": -1, "device_end": -1, "host_queued_end": 1585661117.565}, "device": "gpu", "nd_range": {"device_start": 1585661050.2059035, "device_end": 1585661050.2124686}, "cmdq": 2, "read": {"device_start": -1, "device_end": -1}}, "FFC_sans_bias82": {"write": {"device_start": 1585661050.131374, "host_queued_start": 1585661117.453176, "device_queued": 1585661050.0981653, "device_end": 1585661050.1314776, "host_queued_end": 1585661117.565}, "device": "gpu", "nd_range": {"device_start": 1585661050.131482, "device_end": 1585661050.1406977}, "cmdq": 0, "read": {"device_start": -1, "device_end": -1}}, "FFC_sans_bias83": {"write": {"device_start": 1585661050.134609, "host_queued_start": 1585661117.456536, "device_queued": 1585661050.09844, "device_end": 1585661050.1347084, "host_queued_end": 1585661117.565}, "device": "gpu", "nd_range": {"device_start": 1585661050.1347148, "device_end": 1585661050.143993}, "cmdq": 1, "read": {"device_start": -1, "device_end": -1}}, "FFC_sans_bias81": {"write": {"device_start": 1585661050.128092, "host_queued_start": 1585661117.449835, "device_queued": 1585661050.097802, "device_end": 1585661050.1281927, "host_queued_end": 1585661117.565}, "device": "gpu", "nd_range": {"device_start": 1585661050.1281984, "device_end": 1585661050.137479}, "cmdq": 2, "read": {"device_start": -1, "device_end": -1}}, "FFC_sans_bias88": {"write": {"device_start": 1585661050.2832816, "host_queued_start": 1585661117.546332, "device_queued": 1585661050.110255, "device_end": 1585661050.2833784, "host_queued_end": 1585661117.565}, "device": "gpu", "nd_range": {"device_start": 1585661050.2833993, "device_end": 1585661050.2891712}, "cmdq": 2, "read": {"device_start": 1585661050.2891786, "device_end": 1585661050.289279}}, "coalesced_transpose30": {"write": {"device_start": -1, "host_queued_start": 1585661117.633559, "device_queued": -1, "device_end": -1, "host_queued_end": 1585661117.659768}, "device": "cpu", "nd_range": {"device_start": 2328892.390184523, "device_end": 2328892.3910309193}, "cmdq": 1, "read": {"device_start": -1, "device_end": -1}}, "FFC_sans_bias128": {"write": {"device_start": 1585661050.1769543, "host_queued_start": 1585661117.499684, "device_queued": 1585661050.101654, "device_end": 1585661050.177058, "host_queued_end": 1585661117.565}, "device": "gpu", "nd_range": {"device_start": 1585661050.1770656, "device_end": 1585661050.1862686}, "cmdq": 2, "read": {"device_start": -1, "device_end": -1}}, "coalesced_transpose39": {"write": {"device_start": -1, "host_queued_start": 1585661117.634148, "device_queued": -1, "device_end": -1, "host_queued_end": 1585661117.659768}, "device": "cpu", "nd_range": {"device_start": 2328892.374986383, "device_end": 2328892.375826464}, "cmdq": 0, "read": {"device_start": -1, "device_end": -1}}, "FFC_sans_bias79": {"write": {"device_start": 1585661050.28363, "host_queued_start": 1585661117.543017, "device_queued": 1585661050.1104307, "device_end": 1585661050.2837367, "host_queued_end": 1585661117.565}, "device": "gpu", "nd_range": {"device_start": 1585661050.2837577, "device_end": 1585661050.292394}, "cmdq": 1, "read": {"device_start": 1585661050.2924037, "device_end": 1585661050.2925005}}, "FFC_sans_bias78": {"write": {"device_start": -1, "host_queued_start": 1585661117.527504, "device_queued": -1, "device_end": -1, "host_queued_end": 1585661117.565}, "device": "gpu", "nd_range": {"device_start": 1585661050.246994, "device_end": 1585661050.256678}, "cmdq": 2, "read": {"device_start": -1, "device_end": -1}}, "FFC_sans_bias73": {"write": {"device_start": 1585661050.121629, "host_queued_start": 1585661117.443253, "device_queued": 1585661050.0974402, "device_end": 1585661050.1217306, "host_queued_end": 1585661117.565}, "device": "gpu", "nd_range": {"device_start": 1585661050.1217372, "device_end": 1585661050.1309652}, "cmdq": 0, "read": {"device_start": -1, "device_end": -1}}, "FFC_sans_bias72": {"write": {"device_start": 1585661050.1183264, "host_queued_start": 1585661117.439959, "device_queued": 1585661050.097103, "device_end": 1585661050.118439, "host_queued_end": 1585661117.565}, "device": "gpu", "nd_range": {"device_start": 1585661050.1184454, "device_end": 1585661050.1276705}, "cmdq": 2, "read": {"device_start": -1, "device_end": -1}}, "FFC_sans_bias70": {"write": {"device_start": 1585661050.2796814, "host_queued_start": 1585661117.539708, "device_queued": 1585661050.1099458, "device_end": 1585661050.2797768, "host_queued_end": 1585661117.565}, "device": "gpu", "nd_range": {"device_start": 1585661050.279799, "device_end": 1585661050.2859008}, "cmdq": 0, "read": {"device_start": 1585661050.2859092, "device_end": 1585661050.2860065}}, "FFC_sans_bias76": {"write": {"device_start": -1, "host_queued_start": 1585661117.521078, "device_queued": -1, "device_end": -1, "host_queued_end": 1585661117.565}, "device": "gpu", "nd_range": {"device_start": 1585661050.2157357, "device_end": 1585661050.2254531}, "cmdq": 1, "read": {"device_start": -1, "device_end": -1}}, "FFC_sans_bias74": {"write": {"device_start": 1585661050.1248262, "host_queued_start": 1585661117.446549, "device_queued": 1585661050.0976758, "device_end": 1585661050.1249287, "host_queued_end": 1585661117.565}, "device": "gpu", "nd_range": {"device_start": 1585661050.1249363, "device_end": 1585661050.1341965}, "cmdq": 1, "read": {"device_start": -1, "device_end": -1}}, "coalesced_transpose102": {"write": {"device_start": -1, "host_queued_start": 1585661117.518533, "device_queued": -1, "device_end": -1, "host_queued_end": 1585661117.565}, "device": "gpu", "nd_range": {"device_start": 1585661050.2023475, "device_end": 1585661050.2023938}, "cmdq": 2, "read": {"device_start": -1, "device_end": -1}}, "coalesced_transpose3": {"write": {"device_start": -1, "host_queued_start": 1585661117.631543, "device_queued": -1, "device_end": -1, "host_queued_end": 1585661117.659768}, "device": "cpu", "nd_range": {"device_start": 2328892.37301276, "device_end": 2328892.373857671}, "cmdq": 0, "read": {"device_start": -1, "device_end": -1}}, "FFC_sans_bias127": {"write": {"device_start": 1585661050.1834126, "host_queued_start": 1585661117.506278, "device_queued": 1585661050.1024418, "device_end": 1585661050.1835158, "host_queued_end": 1585661117.565}, "device": "gpu", "nd_range": {"device_start": 1585661050.1835194, "device_end": 1585661050.192793}, "cmdq": 1, "read": {"device_start": -1, "device_end": -1}}, "empty89": {"write": {"device_start": 1585661050.092551, "host_queued_start": 1585661117.390981, "device_queued": 1585661050.0921936, "device_end": 1585661050.0928326, "host_queued_end": 1585661117.565}, "device": "gpu", "nd_range": {"device_start": 1585661050.0928473, "device_end": 1585661050.092852}, "cmdq": 1, "read": {"device_start": -1, "device_end": -1}}, "FFC_sans_bias123": {"write": {"device_start": -1, "host_queued_start": 1585661117.529117, "device_queued": -1, "device_end": -1, "host_queued_end": 1585661117.565}, "device": "gpu", "nd_range": {"device_start": 1585661050.2502782, "device_end": 1585661050.2599642}, "cmdq": 1, "read": {"device_start": -1, "device_end": -1}}, "empty80": {"write": {"device_start": 1585661050.0922422, "host_queued_start": 1585661117.388373, "device_queued": 1585661050.0918596, "device_end": 1585661050.092518, "host_queued_end": 1585661117.565}, "device": "gpu", "nd_range": {"device_start": 1585661050.0925276, "device_end": 1585661050.092532}, "cmdq": 0, "read": {"device_start": -1, "device_end": -1}}, "empty116": {"write": {"device_start": 1585661050.0934665, "host_queued_start": 1585661117.398806, "device_queued": 1585661050.0931349, "device_end": 1585661050.0937326, "host_queued_end": 1585661117.565}, "device": "gpu", "nd_range": {"device_start": 1585661050.0937464, "device_end": 1585661050.0937505}, "cmdq": 1, "read": {"device_start": -1, "device_end": -1}}, "softmax104": {"write": {"device_start": -1, "host_queued_start": 1585661117.525114, "device_queued": -1, "device_end": -1, "host_queued_end": 1585661117.565}, "device": "gpu", "nd_range": {"device_start": 1585661050.2398925, "device_end": 1585661050.2403474}, "cmdq": 0, "read": {"device_start": -1, "device_end": -1}}, "coalesced_transpose21": {"write": {"device_start": -1, "host_queued_start": 1585661117.632958, "device_queued": -1, "device_end": -1, "host_queued_end": 1585661117.659768}, "device": "cpu", "nd_range": {"device_start": 2328892.3740082043, "device_end": 2328892.374847912}, "cmdq": 0, "read": {"device_start": -1, "device_end": -1}}, "softmax14": {"write": {"device_start": -1, "host_queued_start": 1585661117.638773, "device_queued": -1, "device_end": -1, "host_queued_end": 1585661117.659768}, "device": "cpu", "nd_range": {"device_start": 2328892.565891764, "device_end": 2328892.5664800974}, "cmdq": 1, "read": {"device_start": -1, "device_end": -1}}, "FFC_sans_bias69": {"write": {"device_start": -1, "host_queued_start": 1585661117.527178, "device_queued": -1, "device_end": -1, "host_queued_end": 1585661117.565}, "device": "gpu", "nd_range": {"device_start": 1585661050.24027, "device_end": 1585661050.2436533}, "cmdq": 1, "read": {"device_start": -1, "device_end": -1}}, "FFC_sans_bias92": {"write": {"device_start": 1585661050.1443968, "host_queued_start": 1585661117.466593, "device_queued": 1585661050.0993495, "device_end": 1585661050.1444986, "host_queued_end": 1585661117.565}, "device": "gpu", "nd_range": {"device_start": 1585661050.1445043, "device_end": 1585661050.1537256}, "cmdq": 1, "read": {"device_start": -1, "device_end": -1}}, "FFC_sans_bias60": {"write": {"device_start": -1, "host_queued_start": 1585661117.526855, "device_queued": -1, "device_end": -1, "host_queued_end": 1585661117.565}, "device": "gpu", "nd_range": {"device_start": 1585661050.244433, "device_end": 1585661050.253393}, "cmdq": 0, "read": {"device_start": -1, "device_end": -1}}, "FFC_sans_bias61": {"write": {"device_start": 1585661050.2764366, "host_queued_start": 1585661117.536376, "device_queued": 1585661050.109416, "device_end": 1585661050.2765334, "host_queued_end": 1585661117.565}, "device": "gpu", "nd_range": {"device_start": 1585661050.276553, "device_end": 1585661050.282651}, "cmdq": 2, "read": {"device_start": 1585661050.2826617, "device_end": 1585661050.2827644}}, "FFC_sans_bias63": {"write": {"device_start": 1585661050.1150932, "host_queued_start": 1585661117.436643, "device_queued": 1585661050.0969796, "device_end": 1585661050.1151953, "host_queued_end": 1585661117.565}, "device": "gpu", "nd_range": {"device_start": 1585661050.1152012, "device_end": 1585661050.124437}, "cmdq": 1, "read": {"device_start": -1, "device_end": -1}}, "FFC_sans_bias64": {"write": {"device_start": 1585661050.1085331, "host_queued_start": 1585661117.429983, "device_queued": 1585661050.0964084, "device_end": 1585661050.1086326, "host_queued_end": 1585661117.565}, "device": "gpu", "nd_range": {"device_start": 1585661050.1086373, "device_end": 1585661050.117927}, "cmdq": 2, "read": {"device_start": -1, "device_end": -1}}, "FFC_sans_bias65": {"write": {"device_start": 1585661050.1118221, "host_queued_start": 1585661117.433336, "device_queued": 1585661050.0967443, "device_end": 1585661050.1119359, "host_queued_end": 1585661117.565}, "device": "gpu", "nd_range": {"device_start": 1585661050.1119416, "device_end": 1585661050.1212244}, "cmdq": 0, "read": {"device_start": -1, "device_end": -1}}, "FFC_sans_bias67": {"write": {"device_start": -1, "host_queued_start": 1585661117.520752, "device_queued": -1, "device_end": -1, "host_queued_end": 1585661117.565}, "device": "gpu", "nd_range": {"device_start": 1585661050.2025545, "device_end": 1585661050.2092135}, "cmdq": 0, "read": {"device_start": -1, "device_end": -1}}, "coalesced_transpose111": {"write": {"device_start": -1, "host_queued_start": 1585661117.518847, "device_queued": -1, "device_end": -1, "host_queued_end": 1585661117.565}, "device": "gpu", "nd_range": {"device_start": 1585661050.2024198, "device_end": 1585661050.202456}, "cmdq": 0, "read": {"device_start": -1, "device_end": -1}}, "FFC_sans_bias136": {"write": {"device_start": 1585661050.1921418, "host_queued_start": 1585661117.509606, "device_queued": 1585661050.1025736, "device_end": 1585661050.1924074, "host_queued_end": 1585661117.565}, "device": "gpu", "nd_range": {"device_start": 1585661050.192422, "device_end": 1585661050.1960409}, "cmdq": 2, "read": {"device_start": -1, "device_end": -1}}, "FFC_sans_bias135": {"write": {"device_start": 1585661050.1960912, "host_queued_start": 1585661117.516296, "device_queued": 1585661050.1031613, "device_end": 1585661050.1961906, "host_queued_end": 1585661117.565}, "device": "gpu", "nd_range": {"device_start": 1585661050.1961975, "device_end": 1585661050.2024791}, "cmdq": 1, "read": {"device_start": -1, "device_end": -1}}, "FFC_sans_bias133": {"write": {"device_start": 1585661050.302697, "host_queued_start": 1585661117.561757, "device_queued": 1585661050.1124635, "device_end": 1585661050.3027918, "host_queued_end": 1585661117.565}, "device": "gpu", "nd_range": {"device_start": 1585661050.3028102, "device_end": 1585661050.311839}, "cmdq": 1, "read": {"device_start": 1585661050.3118448, "device_end": 1585661050.3119297}}, "FFC_sans_bias132": {"write": {"device_start": -1, "host_queued_start": 1585661117.529448, "device_queued": -1, "device_end": -1, "host_queued_end": 1585661117.565}, "device": "gpu", "nd_range": {"device_start": 1585661050.2664428, "device_end": 1585661050.276162}, "cmdq": 2, "read": {"device_start": -1, "device_end": -1}}, "softmax68": {"write": {"device_start": -1, "host_queued_start": 1585661117.524112, "device_queued": -1, "device_end": -1, "host_queued_end": 1585661117.565}, "device": "gpu", "nd_range": {"device_start": 1585661050.2319386, "device_end": 1585661050.236741}, "cmdq": 2, "read": {"device_start": -1, "device_end": -1}}, "softmax131": {"write": {"device_start": -1, "host_queued_start": 1585661117.525953, "device_queued": -1, "device_end": -1, "host_queued_end": 1585661117.565}, "device": "gpu", "nd_range": {"device_start": 1585661050.2403665, "device_end": 1585661050.2444148}, "cmdq": 0, "read": {"device_start": -1, "device_end": -1}}, "empty125": {"write": {"device_start": 1585661050.09377, "host_queued_start": 1585661117.401381, "device_queued": 1585661050.0934594, "device_end": 1585661050.0940876, "host_queued_end": 1585661117.565}, "device": "gpu", "nd_range": {"device_start": 1585661050.0940979, "device_end": 1585661050.0941186}, "cmdq": 2, "read": {"device_start": -1, "device_end": -1}}, "FFC_sans_bias139": {"write": {"device_start": -1, "host_queued_start": 1585661117.523336, "device_queued": -1, "device_end": -1, "host_queued_end": 1585661117.565}, "device": "gpu", "nd_range": {"device_start": 1585661050.2221766, "device_end": 1585661050.23192}, "cmdq": 2, "read": {"device_start": -1, "device_end": -1}}, "empty35": {"write": {"device_start": -1, "host_queued_start": 1585661117.57956, "device_queued": -1, "device_end": -1, "host_queued_end": 1585661117.659768}, "device": "cpu", "nd_range": {"device_start": 2328891.849412177, "device_end": 2328891.8494134783}, "cmdq": 1, "read": {"device_start": -1, "device_end": -1}}, "softmax86": {"write": {"device_start": -1, "host_queued_start": 1585661117.524609, "device_queued": -1, "device_end": -1, "host_queued_end": 1585661117.565}, "device": "gpu", "nd_range": {"device_start": 1585661050.2389753, "device_end": 1585661050.2393866}, "cmdq": 1, "read": {"device_start": -1, "device_end": -1}}, "FFC_sans_bias55": {"write": {"device_start": 1585661050.1053214, "host_queued_start": 1585661117.426688, "device_queued": 1585661050.0962822, "device_end": 1585661050.1054218, "host_queued_end": 1585661117.565}, "device": "gpu", "nd_range": {"device_start": 1585661050.1054258, "device_end": 1585661050.1147027}, "cmdq": 1, "read": {"device_start": -1, "device_end": -1}}, "FFC_sans_bias54": {"write": {"device_start": 1585661050.1020625, "host_queued_start": 1585661117.423399, "device_queued": 1585661050.0960479, "device_end": 1585661050.1021657, "host_queued_end": 1585661117.565}, "device": "gpu", "nd_range": {"device_start": 1585661050.1021695, "device_end": 1585661050.1114347}, "cmdq": 0, "read": {"device_start": -1, "device_end": -1}}, "FFC_sans_bias56": {"write": {"device_start": 1585661050.0987558, "host_queued_start": 1585661117.420017, "device_queued": 1585661050.0955591, "device_end": 1585661050.0988688, "host_queued_end": 1585661117.565}, "device": "gpu", "nd_range": {"device_start": 1585661050.098872, "device_end": 1585661050.1081553}, "cmdq": 2, "read": {"device_start": -1, "device_end": -1}}, "FFC_sans_bias51": {"write": {"device_start": -1, "host_queued_start": 1585661117.526525, "device_queued": -1, "device_end": -1, "host_queued_end": 1585661117.565}, "device": "gpu", "nd_range": {"device_start": 1585661050.2404013, "device_end": 1585661050.246976}, "cmdq": 2, "read": {"device_start": -1, "device_end": -1}}, "FFC_sans_bias52": {"write": {"device_start": 1585661050.2602499, "host_queued_start": 1585661117.533027, "device_queued": 1585661050.1095588, "device_end": 1585661050.2603478, "host_queued_end": 1585661117.565}, "device": "gpu", "nd_range": {"device_start": 1585661050.260368, "device_end": 1585661050.269644}, "cmdq": 1, "read": {"device_start": 1585661050.269646, "device_end": 1585661050.2697444}}, "FFC_sans_bias58": {"write": {"device_start": -1, "host_queued_start": 1585661117.52042, "device_queued": -1, "device_end": -1, "host_queued_end": 1585661117.565}, "device": "gpu", "nd_range": {"device_start": 1585661050.2025108, "device_end": 1585661050.2058842}, "cmdq": 2, "read": {"device_start": -1, "device_end": -1}}, "FFC_sans_bias108": {"write": {"device_start": 1585661050.1574576, "host_queued_start": 1585661117.479835, "device_queued": 1585661050.1002233, "device_end": 1585661050.1575596, "host_queued_end": 1585661117.565}, "device": "gpu", "nd_range": {"device_start": 1585661050.1575675, "device_end": 1585661050.166758}, "cmdq": 2, "read": {"device_start": -1, "device_end": -1}}, "FFC_sans_bias109": {"write": {"device_start": 1585661050.1607141, "host_queued_start": 1585661117.483113, "device_queued": 1585661050.100568, "device_end": 1585661050.1608157, "host_queued_end": 1585661117.565}, "device": "gpu", "nd_range": {"device_start": 1585661050.160824, "device_end": 1585661050.170016}, "cmdq": 0, "read": {"device_start": -1, "device_end": -1}}, "coalesced_transpose129": {"write": {"device_start": -1, "host_queued_start": 1585661117.519456, "device_queued": -1, "device_end": -1, "host_queued_end": 1585661117.565}, "device": "gpu", "nd_range": {"device_start": 1585661050.2024133, "device_end": 1585661050.202446}, "cmdq": 2, "read": {"device_start": -1, "device_end": -1}}, "FFC_sans_bias103": {"write": {"device_start": -1, "host_queued_start": 1585661117.522041, "device_queued": -1, "device_end": -1, "host_queued_end": 1585661117.565}, "device": "gpu", "nd_range": {"device_start": 1585661050.2254717, "device_end": 1585661050.2351754}, "cmdq": 1, "read": {"device_start": -1, "device_end": -1}}, "FFC_sans_bias100": {"write": {"device_start": 1585661050.1508734, "host_queued_start": 1585661117.473227, "device_queued": 1585661050.0998356, "device_end": 1585661050.1509752, "host_queued_end": 1585661117.565}, "device": "gpu", "nd_range": {"device_start": 1585661050.1509798, "device_end": 1585661050.1602538}, "cmdq": 0, "read": {"device_start": -1, "device_end": -1}}, "FFC_sans_bias101": {"write": {"device_start": 1585661050.1541355, "host_queued_start": 1585661117.47654, "device_queued": 1585661050.100095, "device_end": 1585661050.154237, "host_queued_end": 1585661117.565}, "device": "gpu", "nd_range": {"device_start": 1585661050.1542432, "device_end": 1585661050.163515}, "cmdq": 1, "read": {"device_start": -1, "device_end": -1}}, "FFC_sans_bias106": {"write": {"device_start": 1585661050.2929509, "host_queued_start": 1585661117.552463, "device_queued": 1585661050.111324, "device_end": 1585661050.2930448, "host_queued_end": 1585661117.565}, "device": "gpu", "nd_range": {"device_start": 1585661050.2930632, "device_end": 1585661050.302154}, "cmdq": 1, "read": {"device_start": 1585661050.302157, "device_end": 1585661050.3022482}}, "softmax122": {"write": {"device_start": -1, "host_queued_start": 1585661117.5257, "device_queued": -1, "device_end": -1, "host_queued_end": 1585661117.565}, "device": "gpu", "nd_range": {"device_start": 1585661050.2399163, "device_end": 1585661050.2403817}, "cmdq": 2, "read": {"device_start": -1, "device_end": -1}}, "FFC_sans_bias105": {"write": {"device_start": -1, "host_queued_start": 1585661117.528472, "device_queued": -1, "device_end": -1, "host_queued_end": 1585661117.565}, "device": "gpu", "nd_range": {"device_start": 1585661050.2566957, "device_end": 1585661050.266425}, "cmdq": 2, "read": {"device_start": -1, "device_end": -1}}, "softmax95": {"write": {"device_start": -1, "host_queued_start": 1585661117.524861, "device_queued": -1, "device_end": -1, "host_queued_end": 1585661117.565}, "device": "gpu", "nd_range": {"device_start": 1585661050.2367594, "device_end": 1585661050.2398973}, "cmdq": 2, "read": {"device_start": -1, "device_end": -1}}, "coalesced_transpose57": {"write": {"device_start": -1, "host_queued_start": 1585661117.516987, "device_queued": -1, "device_end": -1, "host_queued_end": 1585661117.565}, "device": "gpu", "nd_range": {"device_start": 1585661050.1992984, "device_end": 1585661050.2023692}, "cmdq": 0, "read": {"device_start": -1, "device_end": -1}}, "empty26": {"write": {"device_start": -1, "host_queued_start": 1585661117.576627, "device_queued": -1, "device_end": -1, "host_queued_end": 1585661117.659768}, "device": "cpu", "nd_range": {"device_start": 2328891.849413888, "device_end": 2328891.849414754}, "cmdq": 0, "read": {"device_start": -1, "device_end": -1}}, "softmax113": {"write": {"device_start": -1, "host_queued_start": 1585661117.525443, "device_queued": -1, "device_end": -1, "host_queued_end": 1585661117.565}, "device": "gpu", "nd_range": {"device_start": 1585661050.2394056, "device_end": 1585661050.2398179}, "cmdq": 1, "read": {"device_start": -1, "device_end": -1}}, "FFC_sans_bias11": {"write": {"device_start": -1, "host_queued_start": 1585661117.602121, "device_queued": -1, "device_end": -1, "host_queued_end": 1585661117.659768}, "device": "cpu", "nd_range": {"device_start": 2328892.000417318, "device_end": 2328892.070700617}, "cmdq": 0, "read": {"device_start": -1, "device_end": -1}}, "FFC_sans_bias42": {"write": {"device_start": -1, "host_queued_start": 1585661117.643563, "device_queued": -1, "device_end": -1, "host_queued_end": 1585661117.659768}, "device": "cpu", "nd_range": {"device_start": 2328892.723509327, "device_end": 2328892.794001344}, "cmdq": 1, "read": {"device_start": -1, "device_end": -1}}, "FFC_sans_bias43": {"write": {"device_start": -1, "host_queued_start": 1585661117.659708, "device_queued": -1, "device_end": -1, "host_queued_end": 1585661117.659768}, "device": "cpu", "nd_range": {"device_start": 2328892.82250847, "device_end": 2328892.8909689193}, "cmdq": 0, "read": {"device_start": -1, "device_end": -1}}, "FFC_sans_bias40": {"write": {"device_start": -1, "host_queued_start": 1585661117.637517, "device_queued": -1, "device_end": -1, "host_queued_end": 1585661117.659768}, "device": "cpu", "nd_range": {"device_start": 2328892.530965973, "device_end": 2328892.56586856}, "cmdq": 1, "read": {"device_start": -1, "device_end": -1}}, "FFC_sans_bias46": {"write": {"device_start": 1585661050.0953116, "host_queued_start": 1585661117.413365, "device_queued": 1585661050.095049, "device_end": 1585661050.0954108, "host_queued_end": 1585661117.565}, "device": "gpu", "nd_range": {"device_start": 1585661050.0954142, "device_end": 1585661050.1016898}, "cmdq": 0, "read": {"device_start": -1, "device_end": -1}}, "FFC_sans_bias47": {"write": {"device_start": 1585661050.0957067, "host_queued_start": 1585661117.41669, "device_queued": 1585661050.0954204, "device_end": 1585661050.0958025, "host_queued_end": 1585661117.565}, "device": "gpu", "nd_range": {"device_start": 1585661050.0958216, "device_end": 1585661050.1049716}, "cmdq": 1, "read": {"device_start": -1, "device_end": -1}}, "FFC_sans_bias45": {"write": {"device_start": 1585661050.0949144, "host_queued_start": 1585661117.40985, "device_queued": 1585661050.094464, "device_end": 1585661050.095016, "host_queued_end": 1585661117.565}, "device": "gpu", "nd_range": {"device_start": 1585661050.0950258, "device_end": 1585661050.0983932}, "cmdq": 2, "read": {"device_start": -1, "device_end": -1}}, "FFC_sans_bias49": {"write": {"device_start": -1, "host_queued_start": 1585661117.520083, "device_queued": -1, "device_end": -1, "host_queued_end": 1585661117.565}, "device": "gpu", "nd_range": {"device_start": 1585661050.2090178, "device_end": 1585661050.2157164}, "cmdq": 1, "read": {"device_start": -1, "device_end": -1}}, "softmax77": {"write": {"device_start": -1, "host_queued_start": 1585661117.524362, "device_queued": -1, "device_end": -1, "host_queued_end": 1585661117.565}, "device": "gpu", "nd_range": {"device_start": 1585661050.2367375, "device_end": 1585661050.2398744}, "cmdq": 0, "read": {"device_start": -1, "device_end": -1}}, "empty134": {"write": {"device_start": 1585661050.0940976, "host_queued_start": 1585661117.403989, "device_queued": 1585661050.0937498, "device_end": 1585661050.0944424, "host_queued_end": 1585661117.565}, "device": "gpu", "nd_range": {"device_start": 1585661050.0944524, "device_end": 1585661050.0944564}, "cmdq": 0, "read": {"device_start": -1, "device_end": -1}}, "coalesced_transpose138": {"write": {"device_start": -1, "host_queued_start": 1585661117.51976, "device_queued": -1, "device_end": -1, "host_queued_end": 1585661117.565}, "device": "gpu", "nd_range": {"device_start": 1585661050.2024755, "device_end": 1585661050.2025146}, "cmdq": 0, "read": {"device_start": -1, "device_end": -1}}, "FFC_sans_bias119": {"write": {"device_start": 1585661050.1736846, "host_queued_start": 1585661117.496413, "device_queued": 1585661050.1015239, "device_end": 1585661050.1737866, "host_queued_end": 1585661117.565}, "device": "gpu", "nd_range": {"device_start": 1585661050.173792, "device_end": 1585661050.1830015}, "cmdq": 1, "read": {"device_start": -1, "device_end": -1}}, "FFC_sans_bias118": {"write": {"device_start": 1585661050.1704288, "host_queued_start": 1585661117.493073, "device_queued": 1585661050.1012802, "device_end": 1585661050.170532, "host_queued_end": 1585661117.565}, "device": "gpu", "nd_range": {"device_start": 1585661050.1705356, "device_end": 1585661050.179754}, "cmdq": 0, "read": {"device_start": -1, "device_end": -1}}, "empty143": {"write": {"device_start": 1585661050.0945497, "host_queued_start": 1585661117.406997, "device_queued": 1585661050.0941088, "device_end": 1585661050.0948663, "host_queued_end": 1585661117.565}, "device": "gpu", "nd_range": {"device_start": 1585661050.0948756, "device_end": 1585661050.0948794}, "cmdq": 1, "read": {"device_start": -1, "device_end": -1}}, "FFC_sans_bias115": {"write": {"device_start": 1585661050.2897408, "host_queued_start": 1585661117.555621, "device_queued": 1585661050.1111486, "device_end": 1585661050.2898352, "host_queued_end": 1585661117.565}, "device": "gpu", "nd_range": {"device_start": 1585661050.2898543, "device_end": 1585661050.2988913}, "cmdq": 2, "read": {"device_start": 1585661050.298897, "device_end": 1585661050.2989962}}, "FFC_sans_bias114": {"write": {"device_start": -1, "host_queued_start": 1585661117.528789, "device_queued": -1, "device_end": -1, "host_queued_end": 1585661117.565}, "device": "gpu", "nd_range": {"device_start": 1585661050.2631552, "device_end": 1585661050.272895}, "cmdq": 0, "read": {"device_start": -1, "device_end": -1}}, "FFC_sans_bias117": {"write": {"device_start": 1585661050.1672332, "host_queued_start": 1585661117.489744, "device_queued": 1585661050.100933, "device_end": 1585661050.1673555, "host_queued_end": 1585661117.565}, "device": "gpu", "nd_range": {"device_start": 1585661050.1673605, "device_end": 1585661050.1765373}, "cmdq": 2, "read": {"device_start": -1, "device_end": -1}}, "softmax5": {"write": {"device_start": -1, "host_queued_start": 1585661117.638056, "device_queued": -1, "device_end": -1, "host_queued_end": 1585661117.659768}, "device": "cpu", "nd_range": {"device_start": 2328892.506577305, "device_end": 2328892.507339164}, "cmdq": 0, "read": {"device_start": -1, "device_end": -1}}, "FFC_sans_bias110": {"write": {"device_start": 1585661050.1640162, "host_queued_start": 1585661117.486398, "device_queued": 1585661050.100803, "device_end": 1585661050.1641247, "host_queued_end": 1585661117.565}, "device": "gpu", "nd_range": {"device_start": 1585661050.1641307, "device_end": 1585661050.1732686}, "cmdq": 1, "read": {"device_start": -1, "device_end": -1}}, "FFC_sans_bias112": {"write": {"device_start": -1, "host_queued_start": 1585661117.52236, "device_queued": -1, "device_end": -1, "host_queued_end": 1585661117.565}, "device": "gpu", "nd_range": {"device_start": 1585661050.2124877, "device_end": 1585661050.222158}, "cmdq": 2, "read": {"device_start": -1, "device_end": -1}}, "empty53": {"write": {"device_start": 1585661050.0911388, "host_queued_start": 1585661117.379615, "device_queued": 1585661050.0908012, "device_end": 1585661050.0912378, "host_queued_end": 1585661117.565}, "device": "gpu", "nd_range": {"device_start": 1585661050.0912406, "device_end": 1585661050.0912452}, "cmdq": 0, "read": {"device_start": -1, "device_end": -1}}, "coalesced_transpose48": {"write": {"device_start": -1, "host_queued_start": 1585661117.516673, "device_queued": -1, "device_end": -1, "host_queued_end": 1585661117.565}, "device": "gpu", "nd_range": {"device_start": 1585661050.196046, "device_end": 1585661050.1990557}, "cmdq": 2, "read": {"device_start": -1, "device_end": -1}}}