{"FFC_sans_bias4": {"write": {"device_start": -1, "host_queued_start": 1585660859.17697, "device_queued": -1, "device_end": -1, "host_queued_end": 1585660859.186672}, "device": "cpu", "nd_range": {"device_start": 2328633.623883948, "device_end": 2328633.675667907}, "cmdq": 2, "read": {"device_start": -1, "device_end": -1}}, "FFC_sans_bias7": {"write": {"device_start": -1, "host_queued_start": 1585660859.183505, "device_queued": -1, "device_end": -1, "host_queued_end": 1585660859.186672}, "device": "cpu", "nd_range": {"device_start": 2328633.7371827653, "device_end": 2328633.8015164873}, "cmdq": 0, "read": {"device_start": -1, "device_end": -1}}, "FFC_sans_bias6": {"write": {"device_start": -1, "host_queued_start": 1585660859.179507, "device_queued": -1, "device_end": -1, "host_queued_end": 1585660859.186672}, "device": "cpu", "nd_range": {"device_start": 2328633.676564436, "device_end": 2328633.737156621}, "cmdq": 2, "read": {"device_start": -1, "device_end": -1}}, "FFC_sans_bias1": {"write": {"device_start": -1, "host_queued_start": 1585660859.161028, "device_queued": -1, "device_end": -1, "host_queued_end": 1585660859.186672}, "device": "cpu", "nd_range": {"device_start": 2328633.37669012, "device_end": 2328633.500151839}, "cmdq": 3, "read": {"device_start": -1, "device_end": -1}}, "FFC_sans_bias0": {"write": {"device_start": -1, "host_queued_start": 1585660859.157462, "device_queued": -1, "device_end": -1, "host_queued_end": 1585660859.186672}, "device": "cpu", "nd_range": {"device_start": 2328633.3763199244, "device_end": 2328633.500861595}, "cmdq": 2, "read": {"device_start": -1, "device_end": -1}}, "FFC_sans_bias2": {"write": {"device_start": -1, "host_queued_start": 1585660859.164529, "device_queued": -1, "device_end": -1, "host_queued_end": 1585660859.186672}, "device": "cpu", "nd_range": {"device_start": 2328633.3763100724, "device_end": 2328633.610022439}, "cmdq": 0, "read": {"device_start": -1, "device_end": -1}}, "coalesced_transpose120": {"write": {"device_start": -1, "host_queued_start": 1585660859.084504, "device_queued": -1, "device_end": -1, "host_queued_end": 1585660859.145728}, "device": "gpu", "nd_range": {"device_start": 1585660791.8319771, "device_end": 1585660791.8320005}, "cmdq": 1, "read": {"device_start": -1, "device_end": -1}}, "FFC_sans_bias9": {"write": {"device_start": -1, "host_queued_start": 1585660859.167885, "device_queued": -1, "device_end": -1, "host_queued_end": 1585660859.186672}, "device": "cpu", "nd_range": {"device_start": 2328633.376311, "device_end": 2328633.5176994363}, "cmdq": 1, "read": {"device_start": -1, "device_end": -1}}, "empty71": {"write": {"device_start": 1585660791.680453, "host_queued_start": 1585660858.913776, "device_queued": 1585660791.680111, "device_end": 1585660791.680739, "host_queued_end": 1585660859.145728}, "device": "gpu", "nd_range": {"device_start": 1585660791.6807425, "device_end": 1585660791.6807482}, "cmdq": 1, "read": {"device_start": -1, "device_end": -1}}, "softmax41": {"write": {"device_start": -1, "host_queued_start": 1585660859.090569, "device_queued": -1, "device_end": -1, "host_queued_end": 1585660859.145728}, "device": "gpu", "nd_range": {"device_start": 1585660791.8719633, "device_end": 1585660791.875043}, "cmdq": 0, "read": {"device_start": -1, "device_end": -1}}, "FFC_sans_bias37": {"write": {"device_start": 1585660791.7036746, "host_queued_start": 1585660858.960665, "device_queued": 1585660791.6851325, "device_end": 1585660791.7037773, "host_queued_end": 1585660859.145728}, "device": "gpu", "nd_range": {"device_start": 1585660791.7037823, "device_end": 1585660791.7097645}, "cmdq": 1, "read": {"device_start": -1, "device_end": -1}}, "FFC_sans_bias36": {"write": {"device_start": 1585660791.7003758, "host_queued_start": 1585660858.957353, "device_queued": 1585660791.6849113, "device_end": 1585660791.7004728, "host_queued_end": 1585660859.145728}, "device": "gpu", "nd_range": {"device_start": 1585660791.7004788, "device_end": 1585660791.7065084}, "cmdq": 0, "read": {"device_start": -1, "device_end": -1}}, "FFC_sans_bias34": {"write": {"device_start": 1585660791.9231498, "host_queued_start": 1585660859.107905, "device_queued": 1585660791.701595, "device_end": 1585660791.923245, "host_queued_end": 1585660859.145728}, "device": "gpu", "nd_range": {"device_start": 1585660791.9232483, "device_end": 1585660791.92941}, "cmdq": 1, "read": {"device_start": 1585660791.929414, "device_end": 1585660791.929516}}, "FFC_sans_bias33": {"write": {"device_start": -1, "host_queued_start": 1585660859.0943, "device_queued": -1, "device_end": -1, "host_queued_end": 1585660859.145728}, "device": "gpu", "nd_range": {"device_start": 1585660791.877715, "device_end": 1585660791.883876}, "cmdq": 1, "read": {"device_start": -1, "device_end": -1}}, "FFC_sans_bias31": {"write": {"device_start": -1, "host_queued_start": 1585660859.085781, "device_queued": -1, "device_end": -1, "host_queued_end": 1585660859.145728}, "device": "gpu", "nd_range": {"device_start": 1585660791.8351774, "device_end": 1585660791.8386986}, "cmdq": 1, "read": {"device_start": -1, "device_end": -1}}, "FFC_sans_bias38": {"write": {"device_start": 1585660791.7068603, "host_queued_start": 1585660858.964047, "device_queued": 1585660791.6853456, "device_end": 1585660791.7069669, "host_queued_end": 1585660859.145728}, "device": "gpu", "nd_range": {"device_start": 1585660791.7069733, "device_end": 1585660791.7130506}, "cmdq": 0, "read": {"device_start": -1, "device_end": -1}}, "coalesced_transpose75": {"write": {"device_start": -1, "host_queued_start": 1585660859.08293, "device_queued": -1, "device_end": -1, "host_queued_end": 1585660859.145728}, "device": "gpu", "nd_range": {"device_start": 1585660791.8284764, "device_end": 1585660791.8285065}, "cmdq": 0, "read": {"device_start": -1, "device_end": -1}}, "softmax140": {"write": {"device_start": -1, "host_queued_start": 1585660859.093387, "device_queued": -1, "device_end": -1, "host_queued_end": 1585660859.145728}, "device": "gpu", "nd_range": {"device_start": 1585660791.8770556, "device_end": 1585660791.8777127}, "cmdq": 1, "read": {"device_start": -1, "device_end": -1}}, "empty44": {"write": {"device_start": 1585660791.6794972, "host_queued_start": 1585660858.905947, "device_queued": 1585660791.6790843, "device_end": 1585660791.6797473, "host_queued_end": 1585660859.145728}, "device": "gpu", "nd_range": {"device_start": 1585660791.679761, "device_end": 1585660791.679768}, "cmdq": 0, "read": {"device_start": -1, "device_end": -1}}, "FFC_sans_bias137": {"write": {"device_start": 1585660791.8191204, "host_queued_start": 1585660859.077245, "device_queued": 1585660791.6934614, "device_end": 1585660791.819228, "host_queued_end": 1585660859.145728}, "device": "gpu", "nd_range": {"device_start": 1585660791.8192327, "device_end": 1585660791.8253334}, "cmdq": 0, "read": {"device_start": -1, "device_end": -1}}, "empty8": {"write": {"device_start": -1, "host_queued_start": 1585660859.151043, "device_queued": -1, "device_end": -1, "host_queued_end": 1585660859.186672}, "device": "cpu", "nd_range": {"device_start": 2328633.3762702933, "device_end": 2328633.376282759}, "cmdq": 0, "read": {"device_start": -1, "device_end": -1}}, "softmax50": {"write": {"device_start": -1, "host_queued_start": 1585660859.090832, "device_queued": -1, "device_end": -1, "host_queued_end": 1585660859.145728}, "device": "gpu", "nd_range": {"device_start": 1585660791.8749309, "device_end": 1585660791.8753552}, "cmdq": 1, "read": {"device_start": -1, "device_end": -1}}, "softmax59": {"write": {"device_start": -1, "host_queued_start": 1585660859.091083, "device_queued": -1, "device_end": -1, "host_queued_end": 1585660859.145728}, "device": "gpu", "nd_range": {"device_start": 1585660791.8750439, "device_end": 1585660791.875471}, "cmdq": 0, "read": {"device_start": -1, "device_end": -1}}, "FFC_sans_bias142": {"write": {"device_start": 1585660791.9624538, "host_queued_start": 1585660859.145615, "device_queued": 1585660791.7054808, "device_end": 1585660791.962544, "host_queued_end": 1585660859.145728}, "device": "gpu", "nd_range": {"device_start": 1585660791.962547, "device_end": 1585660791.9683564}, "cmdq": 1, "read": {"device_start": 1585660791.9683619, "device_end": 1585660791.9684498}}, "FFC_sans_bias141": {"write": {"device_start": -1, "host_queued_start": 1585660859.101465, "device_queued": -1, "device_end": -1, "host_queued_end": 1585660859.145728}, "device": "gpu", "nd_range": {"device_start": 1585660791.9164047, "device_end": 1585660791.9228568}, "cmdq": 1, "read": {"device_start": -1, "device_end": -1}}, "FFC_sans_bias24": {"write": {"device_start": -1, "host_queued_start": 1585660859.09371, "device_queued": -1, "device_end": -1, "host_queued_end": 1585660859.145728}, "device": "gpu", "nd_range": {"device_start": 1585660791.8771791, "device_end": 1585660791.8805509}, "cmdq": 0, "read": {"device_start": -1, "device_end": -1}}, "FFC_sans_bias25": {"write": {"device_start": 1585660791.9200385, "host_queued_start": 1585660859.104782, "device_queued": 1585660791.7013314, "device_end": 1585660791.9201598, "host_queued_end": 1585660859.145728}, "device": "gpu", "nd_range": {"device_start": 1585660791.9201663, "device_end": 1585660791.9261465}, "cmdq": 0, "read": {"device_start": 1585660791.926153, "device_end": 1585660791.9262507}}, "FFC_sans_bias27": {"write": {"device_start": 1585660791.6906629, "host_queued_start": 1585660858.947408, "device_queued": 1585660791.6842244, "device_end": 1585660791.6907663, "host_queued_end": 1585660859.145728}, "device": "gpu", "nd_range": {"device_start": 1585660791.6907709, "device_end": 1585660791.6966906}, "cmdq": 1, "read": {"device_start": -1, "device_end": -1}}, "FFC_sans_bias20": {"write": {"device_start": 1585660791.6872652, "host_queued_start": 1585660858.944086, "device_queued": 1585660791.6839979, "device_end": 1585660791.6873631, "host_queued_end": 1585660859.145728}, "device": "gpu", "nd_range": {"device_start": 1585660791.6873677, "device_end": 1585660791.6935546}, "cmdq": 0, "read": {"device_start": -1, "device_end": -1}}, "FFC_sans_bias22": {"write": {"device_start": -1, "host_queued_start": 1585660859.085456, "device_queued": -1, "device_end": -1, "host_queued_end": 1585660859.145728}, "device": "gpu", "nd_range": {"device_start": 1585660791.8286183, "device_end": 1585660791.8319807}, "cmdq": 0, "read": {"device_start": -1, "device_end": -1}}, "FFC_sans_bias130": {"write": {"device_start": -1, "host_queued_start": 1585660859.089466, "device_queued": -1, "device_end": -1, "host_queued_end": 1585660859.145728}, "device": "gpu", "nd_range": {"device_start": 1585660791.8614686, "device_end": 1585660791.8679986}, "cmdq": 0, "read": {"device_start": -1, "device_end": -1}}, "FFC_sans_bias28": {"write": {"device_start": 1585660791.6939325, "host_queued_start": 1585660858.950708, "device_queued": 1585660791.6844513, "device_end": 1585660791.694031, "host_queued_end": 1585660859.145728}, "device": "gpu", "nd_range": {"device_start": 1585660791.694036, "device_end": 1585660791.6999662}, "cmdq": 0, "read": {"device_start": -1, "device_end": -1}}, "FFC_sans_bias29": {"write": {"device_start": 1585660791.6970694, "host_queued_start": 1585660858.95405, "device_queued": 1585660791.6846817, "device_end": 1585660791.6971729, "host_queued_end": 1585660859.145728}, "device": "gpu", "nd_range": {"device_start": 1585660791.6971784, "device_end": 1585660791.7032616}, "cmdq": 1, "read": {"device_start": -1, "device_end": -1}}, "coalesced_transpose66": {"write": {"device_start": -1, "host_queued_start": 1585660859.082618, "device_queued": -1, "device_end": -1, "host_queued_end": 1585660859.145728}, "device": "gpu", "nd_range": {"device_start": 1585660791.831815, "device_end": 1585660791.8318563}, "cmdq": 1, "read": {"device_start": -1, "device_end": -1}}, "coalesced_transpose93": {"write": {"device_start": -1, "host_queued_start": 1585660859.083557, "device_queued": -1, "device_end": -1, "host_queued_end": 1585660859.145728}, "device": "gpu", "nd_range": {"device_start": 1585660791.8285227, "device_end": 1585660791.8285456}, "cmdq": 0, "read": {"device_start": -1, "device_end": -1}}, "softmax23": {"write": {"device_start": -1, "host_queued_start": 1585660859.090054, "device_queued": -1, "device_end": -1, "host_queued_end": 1585660859.145728}, "device": "gpu", "nd_range": {"device_start": 1585660791.868001, "device_end": 1585660791.8719604}, "cmdq": 0, "read": {"device_start": -1, "device_end": -1}}, "empty62": {"write": {"device_start": 1585660791.6801372, "host_queued_start": 1585660858.911196, "device_queued": 1585660791.6797783, "device_end": 1585660791.6803777, "host_queued_end": 1585660859.145728}, "device": "gpu", "nd_range": {"device_start": 1585660791.6803923, "device_end": 1585660791.6803963}, "cmdq": 0, "read": {"device_start": -1, "device_end": -1}}, "FFC_sans_bias10": {"write": {"device_start": -1, "host_queued_start": 1585660859.17181, "device_queued": -1, "device_end": -1, "host_queued_end": 1585660859.186672}, "device": "cpu", "nd_range": {"device_start": 2328633.50088995, "device_end": 2328633.5772275263}, "cmdq": 2, "read": {"device_start": -1, "device_end": -1}}, "FFC_sans_bias13": {"write": {"device_start": -1, "host_queued_start": 1585660859.177571, "device_queued": -1, "device_end": -1, "host_queued_end": 1585660859.186672}, "device": "cpu", "nd_range": {"device_start": 2328633.5928100552, "device_end": 2328633.6498025144}, "cmdq": 3, "read": {"device_start": -1, "device_end": -1}}, "FFC_sans_bias15": {"write": {"device_start": -1, "host_queued_start": 1585660859.180111, "device_queued": -1, "device_end": -1, "host_queued_end": 1585660859.186672}, "device": "cpu", "nd_range": {"device_start": 2328633.651782322, "device_end": 2328633.743684917}, "cmdq": 3, "read": {"device_start": -1, "device_end": -1}}, "FFC_sans_bias16": {"write": {"device_start": -1, "host_queued_start": 1585660859.186617, "device_queued": -1, "device_end": -1, "host_queued_end": 1585660859.186672}, "device": "cpu", "nd_range": {"device_start": 2328633.743700508, "device_end": 2328633.8090428263}, "cmdq": 1, "read": {"device_start": -1, "device_end": -1}}, "FFC_sans_bias19": {"write": {"device_start": 1585660791.6838872, "host_queued_start": 1585660858.940774, "device_queued": 1585660791.6836298, "device_end": 1585660791.6839874, "host_queued_end": 1585660859.145728}, "device": "gpu", "nd_range": {"device_start": 1585660791.6839912, "device_end": 1585660791.690258}, "cmdq": 1, "read": {"device_start": -1, "device_end": -1}}, "FFC_sans_bias18": {"write": {"device_start": 1585660791.6834576, "host_queued_start": 1585660858.93746, "device_queued": 1585660791.6831443, "device_end": 1585660791.6835594, "host_queued_end": 1585660859.145728}, "device": "gpu", "nd_range": {"device_start": 1585660791.683565, "device_end": 1585660791.6869352}, "cmdq": 0, "read": {"device_start": -1, "device_end": -1}}, "FFC_sans_bias99": {"write": {"device_start": 1585660791.7767687, "host_queued_start": 1585660859.033147, "device_queued": 1585660791.6900275, "device_end": 1585660791.7768705, "host_queued_end": 1585660859.145728}, "device": "gpu", "nd_range": {"device_start": 1585660791.7768772, "device_end": 1585660791.7829638}, "cmdq": 1, "read": {"device_start": -1, "device_end": -1}}, "FFC_sans_bias91": {"write": {"device_start": 1585660791.7705276, "host_queued_start": 1585660859.026091, "device_queued": 1585660791.6895227, "device_end": 1585660791.7706401, "host_queued_end": 1585660859.145728}, "device": "gpu", "nd_range": {"device_start": 1585660791.770646, "device_end": 1585660791.7764742}, "cmdq": 1, "read": {"device_start": -1, "device_end": -1}}, "FFC_sans_bias90": {"write": {"device_start": 1585660791.7669694, "host_queued_start": 1585660859.021881, "device_queued": 1585660791.6892805, "device_end": 1585660791.7670672, "host_queued_end": 1585660859.145728}, "device": "gpu", "nd_range": {"device_start": 1585660791.7670717, "device_end": 1585660791.7732422}, "cmdq": 0, "read": {"device_start": -1, "device_end": -1}}, "coalesced_transpose12": {"write": {"device_start": -1, "host_queued_start": 1585660859.176381, "device_queued": -1, "device_end": -1, "host_queued_end": 1585660859.186672}, "device": "cpu", "nd_range": {"device_start": 2328633.577296277, "device_end": 2328633.5782968854}, "cmdq": 1, "read": {"device_start": -1, "device_end": -1}}, "FFC_sans_bias94": {"write": {"device_start": -1, "host_queued_start": 1585660859.08815, "device_queued": -1, "device_end": -1, "host_queued_end": 1585660859.145728}, "device": "gpu", "nd_range": {"device_start": 1585660791.8484526, "device_end": 1585660791.854988}, "cmdq": 0, "read": {"device_start": -1, "device_end": -1}}, "FFC_sans_bias97": {"write": {"device_start": 1585660791.946227, "host_queued_start": 1585660859.129858, "device_queued": 1585660791.7039888, "device_end": 1585660791.94632, "host_queued_end": 1585660859.145728}, "device": "gpu", "nd_range": {"device_start": 1585660791.9463224, "device_end": 1585660791.952154}, "cmdq": 0, "read": {"device_start": 1585660791.952164, "device_end": 1585660791.9522579}}, "FFC_sans_bias96": {"write": {"device_start": -1, "host_queued_start": 1585660859.098483, "device_queued": -1, "device_end": -1, "host_queued_end": 1585660859.145728}, "device": "gpu", "nd_range": {"device_start": 1585660791.900133, "device_end": 1585660791.9066508}, "cmdq": 0, "read": {"device_start": -1, "device_end": -1}}, "FFC_sans_bias124": {"write": {"device_start": 1585660791.9559727, "host_queued_start": 1585660859.139361, "device_queued": 1585660791.704873, "device_end": 1585660791.9560652, "host_queued_end": 1585660859.145728}, "device": "gpu", "nd_range": {"device_start": 1585660791.956068, "device_end": 1585660791.9619045}, "cmdq": 1, "read": {"device_start": 1585660791.9619105, "device_end": 1585660791.9619992}}, "FFC_sans_bias126": {"write": {"device_start": 1585660791.8093355, "host_queued_start": 1585660859.06713, "device_queued": 1585660791.692706, "device_end": 1585660791.8094387, "host_queued_end": 1585660859.145728}, "device": "gpu", "nd_range": {"device_start": 1585660791.8094435, "device_end": 1585660791.815593}, "cmdq": 1, "read": {"device_start": -1, "device_end": -1}}, "softmax32": {"write": {"device_start": -1, "host_queued_start": 1585660859.090312, "device_queued": -1, "device_end": -1, "host_queued_end": 1585660859.145728}, "device": "gpu", "nd_range": {"device_start": 1585660791.8745089, "device_end": 1585660791.8749297}, "cmdq": 1, "read": {"device_start": -1, "device_end": -1}}, "coalesced_transpose84": {"write": {"device_start": -1, "host_queued_start": 1585660859.083246, "device_queued": -1, "device_end": -1, "host_queued_end": 1585660859.145728}, "device": "gpu", "nd_range": {"device_start": 1585660791.8318696, "device_end": 1585660791.8319106}, "cmdq": 1, "read": {"device_start": -1, "device_end": -1}}, "FFC_sans_bias121": {"write": {"device_start": -1, "host_queued_start": 1585660859.089143, "device_queued": -1, "device_end": -1, "host_queued_end": 1585660859.145728}, "device": "gpu", "nd_range": {"device_start": 1585660791.864743, "device_end": 1585660791.8711514}, "cmdq": 1, "read": {"device_start": -1, "device_end": -1}}, "empty98": {"write": {"device_start": 1585660791.6813598, "host_queued_start": 1585660858.921652, "device_queued": 1585660791.6810162, "device_end": 1585660791.681544, "host_queued_end": 1585660859.145728}, "device": "gpu", "nd_range": {"device_start": 1585660791.6815548, "device_end": 1585660791.6815586}, "cmdq": 0, "read": {"device_start": -1, "device_end": -1}}, "empty107": {"write": {"device_start": 1585660791.6816757, "host_queued_start": 1585660858.924271, "device_queued": 1585660791.6813612, "device_end": 1585660791.682014, "host_queued_end": 1585660859.145728}, "device": "gpu", "nd_range": {"device_start": 1585660791.6820242, "device_end": 1585660791.682029}, "cmdq": 1, "read": {"device_start": -1, "device_end": -1}}, "empty17": {"write": {"device_start": -1, "host_queued_start": 1585660859.154321, "device_queued": -1, "device_end": -1, "host_queued_end": 1585660859.186672}, "device": "cpu", "nd_range": {"device_start": 2328633.376274586, "device_end": 2328633.376282746}, "cmdq": 1, "read": {"device_start": -1, "device_end": -1}}, "FFC_sans_bias87": {"write": {"device_start": -1, "host_queued_start": 1585660859.097895, "device_queued": -1, "device_end": -1, "host_queued_end": 1585660859.145728}, "device": "gpu", "nd_range": {"device_start": 1585660791.896897, "device_end": 1585660791.9033875}, "cmdq": 1, "read": {"device_start": -1, "device_end": -1}}, "FFC_sans_bias85": {"write": {"device_start": -1, "host_queued_start": 1585660859.087824, "device_queued": -1, "device_end": -1, "host_queued_end": 1585660859.145728}, "device": "gpu", "nd_range": {"device_start": 1585660791.8517172, "device_end": 1585660791.8582292}, "cmdq": 1, "read": {"device_start": -1, "device_end": -1}}, "FFC_sans_bias82": {"write": {"device_start": 1585660791.7604887, "host_queued_start": 1585660859.013592, "device_queued": 1585660791.6888013, "device_end": 1585660791.7605886, "host_queued_end": 1585660859.145728}, "device": "gpu", "nd_range": {"device_start": 1585660791.7605977, "device_end": 1585660791.766687}, "cmdq": 0, "read": {"device_start": -1, "device_end": -1}}, "FFC_sans_bias83": {"write": {"device_start": 1585660791.7636921, "host_queued_start": 1585660859.017402, "device_queued": 1585660791.6890407, "device_end": 1585660791.7637901, "host_queued_end": 1585660859.145728}, "device": "gpu", "nd_range": {"device_start": 1585660791.7637951, "device_end": 1585660791.7699566}, "cmdq": 1, "read": {"device_start": -1, "device_end": -1}}, "FFC_sans_bias81": {"write": {"device_start": 1585660791.7571948, "host_queued_start": 1585660859.009727, "device_queued": 1585660791.6885648, "device_end": 1585660791.7572992, "host_queued_end": 1585660859.145728}, "device": "gpu", "nd_range": {"device_start": 1585660791.7573059, "device_end": 1585660791.7633996}, "cmdq": 1, "read": {"device_start": -1, "device_end": -1}}, "FFC_sans_bias88": {"write": {"device_start": 1585660791.9429576, "host_queued_start": 1585660859.126718, "device_queued": 1585660791.7034903, "device_end": 1585660791.943051, "host_queued_end": 1585660859.145728}, "device": "gpu", "nd_range": {"device_start": 1585660791.9430544, "device_end": 1585660791.948879}, "cmdq": 1, "read": {"device_start": 1585660791.9488888, "device_end": 1585660791.9489846}}, "coalesced_transpose30": {"write": {"device_start": -1, "host_queued_start": 1585660859.081351, "device_queued": -1, "device_end": -1, "host_queued_end": 1585660859.145728}, "device": "gpu", "nd_range": {"device_start": 1585660791.8286126, "device_end": 1585660791.8286357}, "cmdq": 1, "read": {"device_start": -1, "device_end": -1}}, "FFC_sans_bias128": {"write": {"device_start": 1585660791.806098, "host_queued_start": 1585660859.063748, "device_queued": 1585660791.6924603, "device_end": 1585660791.8062024, "host_queued_end": 1585660859.145728}, "device": "gpu", "nd_range": {"device_start": 1585660791.8062072, "device_end": 1585660791.812336}, "cmdq": 0, "read": {"device_start": -1, "device_end": -1}}, "coalesced_transpose39": {"write": {"device_start": -1, "host_queued_start": 1585660859.081667, "device_queued": -1, "device_end": -1, "host_queued_end": 1585660859.145728}, "device": "gpu", "nd_range": {"device_start": 1585660791.82839, "device_end": 1585660791.828429}, "cmdq": 0, "read": {"device_start": -1, "device_end": -1}}, "FFC_sans_bias79": {"write": {"device_start": 1585660791.9397523, "host_queued_start": 1585660859.123569, "device_queued": 1585660791.7030602, "device_end": 1585660791.939846, "host_queued_end": 1585660859.145728}, "device": "gpu", "nd_range": {"device_start": 1585660791.9398487, "device_end": 1585660791.945658}, "cmdq": 0, "read": {"device_start": 1585660791.9456627, "device_end": 1585660791.9457614}}, "FFC_sans_bias78": {"write": {"device_start": -1, "host_queued_start": 1585660859.097304, "device_queued": -1, "device_end": -1, "host_queued_end": 1585660859.145728}, "device": "gpu", "nd_range": {"device_start": 1585660791.893604, "device_end": 1585660791.9001312}, "cmdq": 0, "read": {"device_start": -1, "device_end": -1}}, "FFC_sans_bias73": {"write": {"device_start": 1585660791.750709, "host_queued_start": 1585660859.000568, "device_queued": 1585660791.6880999, "device_end": 1585660791.7508116, "host_queued_end": 1585660859.145728}, "device": "gpu", "nd_range": {"device_start": 1585660791.7508175, "device_end": 1585660791.75689}, "cmdq": 1, "read": {"device_start": -1, "device_end": -1}}, "FFC_sans_bias72": {"write": {"device_start": 1585660791.7474208, "host_queued_start": 1585660858.997248, "device_queued": 1585660791.687865, "device_end": 1585660791.7475245, "host_queued_end": 1585660859.145728}, "device": "gpu", "nd_range": {"device_start": 1585660791.7475293, "device_end": 1585660791.7536278}, "cmdq": 0, "read": {"device_start": -1, "device_end": -1}}, "FFC_sans_bias70": {"write": {"device_start": 1585660791.9365506, "host_queued_start": 1585660859.120439, "device_queued": 1585660791.7027414, "device_end": 1585660791.936652, "host_queued_end": 1585660859.145728}, "device": "gpu", "nd_range": {"device_start": 1585660791.9366574, "device_end": 1585660791.9423969}, "cmdq": 1, "read": {"device_start": 1585660791.942402, "device_end": 1585660791.9424968}}, "FFC_sans_bias76": {"write": {"device_start": -1, "host_queued_start": 1585660859.08749, "device_queued": -1, "device_end": -1, "host_queued_end": 1585660859.145728}, "device": "gpu", "nd_range": {"device_start": 1585660791.8419218, "device_end": 1585660791.8484504}, "cmdq": 0, "read": {"device_start": -1, "device_end": -1}}, "FFC_sans_bias74": {"write": {"device_start": 1585660791.7539072, "host_queued_start": 1585660859.005643, "device_queued": 1585660791.6883335, "device_end": 1585660791.7540064, "host_queued_end": 1585660859.145728}, "device": "gpu", "nd_range": {"device_start": 1585660791.7540112, "device_end": 1585660791.7601743}, "cmdq": 0, "read": {"device_start": -1, "device_end": -1}}, "coalesced_transpose102": {"write": {"device_start": -1, "host_queued_start": 1585660859.083877, "device_queued": -1, "device_end": -1, "host_queued_end": 1585660859.145728}, "device": "gpu", "nd_range": {"device_start": 1585660791.8319283, "device_end": 1585660791.831956}, "cmdq": 1, "read": {"device_start": -1, "device_end": -1}}, "coalesced_transpose3": {"write": {"device_start": -1, "host_queued_start": 1585660859.175799, "device_queued": -1, "device_end": -1, "host_queued_end": 1585660859.186672}, "device": "cpu", "nd_range": {"device_start": 2328633.615052959, "device_end": 2328633.615881632}, "cmdq": 0, "read": {"device_start": -1, "device_end": -1}}, "FFC_sans_bias127": {"write": {"device_start": 1585660791.812634, "host_queued_start": 1585660859.070505, "device_queued": 1585660791.6929424, "device_end": 1585660791.8127341, "host_queued_end": 1585660859.145728}, "device": "gpu", "nd_range": {"device_start": 1585660791.8127387, "device_end": 1585660791.818843}, "cmdq": 0, "read": {"device_start": -1, "device_end": -1}}, "empty89": {"write": {"device_start": 1585660791.6810653, "host_queued_start": 1585660858.919061, "device_queued": 1585660791.6807587, "device_end": 1585660791.6813457, "host_queued_end": 1585660859.145728}, "device": "gpu", "nd_range": {"device_start": 1585660791.681349, "device_end": 1585660791.6813548}, "cmdq": 1, "read": {"device_start": -1, "device_end": -1}}, "FFC_sans_bias123": {"write": {"device_start": -1, "host_queued_start": 1585660859.100305, "device_queued": -1, "device_end": -1, "host_queued_end": 1585660859.145728}, "device": "gpu", "nd_range": {"device_start": 1585660791.9098337, "device_end": 1585660791.9164038}, "cmdq": 1, "read": {"device_start": -1, "device_end": -1}}, "empty80": {"write": {"device_start": 1585660791.6807535, "host_queued_start": 1585660858.916404, "device_queued": 1585660791.680399, "device_end": 1585660791.6809921, "host_queued_end": 1585660859.145728}, "device": "gpu", "nd_range": {"device_start": 1585660791.681, "device_end": 1585660791.6810038}, "cmdq": 0, "read": {"device_start": -1, "device_end": -1}}, "empty116": {"write": {"device_start": 1585660791.6821096, "host_queued_start": 1585660858.926864, "device_queued": 1585660791.6815915, "device_end": 1585660791.6824448, "host_queued_end": 1585660859.145728}, "device": "gpu", "nd_range": {"device_start": 1585660791.6824577, "device_end": 1585660791.6824622}, "cmdq": 0, "read": {"device_start": -1, "device_end": -1}}, "softmax104": {"write": {"device_start": -1, "host_queued_start": 1585660859.092367, "device_queued": -1, "device_end": -1, "host_queued_end": 1585660859.145728}, "device": "gpu", "nd_range": {"device_start": 1585660791.8762038, "device_end": 1585660791.876626}, "cmdq": 1, "read": {"device_start": -1, "device_end": -1}}, "coalesced_transpose21": {"write": {"device_start": -1, "host_queued_start": 1585660859.081022, "device_queued": -1, "device_end": -1, "host_queued_end": 1585660859.145728}, "device": "gpu", "nd_range": {"device_start": 1585660791.8253365, "device_end": 1585660791.8283854}, "cmdq": 0, "read": {"device_start": -1, "device_end": -1}}, "softmax14": {"write": {"device_start": -1, "host_queued_start": 1585660859.178885, "device_queued": -1, "device_end": -1, "host_queued_end": 1585660859.186672}, "device": "cpu", "nd_range": {"device_start": 2328633.651059917, "device_end": 2328633.651768395}, "cmdq": 1, "read": {"device_start": -1, "device_end": -1}}, "FFC_sans_bias69": {"write": {"device_start": -1, "host_queued_start": 1585660859.096702, "device_queued": -1, "device_end": -1, "host_queued_end": 1585660859.145728}, "device": "gpu", "nd_range": {"device_start": 1585660791.89032, "device_end": 1585660791.896896}, "cmdq": 1, "read": {"device_start": -1, "device_end": -1}}, "FFC_sans_bias92": {"write": {"device_start": 1585660791.7735329, "host_queued_start": 1585660859.029766, "device_queued": 1585660791.6897895, "device_end": 1585660791.7736363, "host_queued_end": 1585660859.145728}, "device": "gpu", "nd_range": {"device_start": 1585660791.7736404, "device_end": 1585660791.7797165}, "cmdq": 0, "read": {"device_start": -1, "device_end": -1}}, "FFC_sans_bias60": {"write": {"device_start": -1, "host_queued_start": 1585660859.096113, "device_queued": -1, "device_end": -1, "host_queued_end": 1585660859.145728}, "device": "gpu", "nd_range": {"device_start": 1585660791.887155, "device_end": 1585660791.8936021}, "cmdq": 0, "read": {"device_start": -1, "device_end": -1}}, "FFC_sans_bias61": {"write": {"device_start": 1585660791.933303, "host_queued_start": 1585660859.117292, "device_queued": 1585660791.7024648, "device_end": 1585660791.9333994, "host_queued_end": 1585660859.145728}, "device": "gpu", "nd_range": {"device_start": 1585660791.9334033, "device_end": 1585660791.9391837}, "cmdq": 0, "read": {"device_start": 1585660791.9391875, "device_end": 1585660791.9392831}}, "FFC_sans_bias63": {"write": {"device_start": 1585660791.744098, "host_queued_start": 1585660858.993935, "device_queued": 1585660791.6876276, "device_end": 1585660791.7441971, "host_queued_end": 1585660859.145728}, "device": "gpu", "nd_range": {"device_start": 1585660791.7442007, "device_end": 1585660791.7503827}, "cmdq": 1, "read": {"device_start": -1, "device_end": -1}}, "FFC_sans_bias64": {"write": {"device_start": 1585660791.737683, "host_queued_start": 1585660858.987356, "device_queued": 1585660791.6870303, "device_end": 1585660791.7377813, "host_queued_end": 1585660859.145728}, "device": "gpu", "nd_range": {"device_start": 1585660791.737787, "device_end": 1585660791.7438104}, "cmdq": 1, "read": {"device_start": -1, "device_end": -1}}, "FFC_sans_bias65": {"write": {"device_start": 1585660791.7409854, "host_queued_start": 1585660858.990658, "device_queued": 1585660791.6874013, "device_end": 1585660791.7410886, "host_queued_end": 1585660859.145728}, "device": "gpu", "nd_range": {"device_start": 1585660791.741092, "device_end": 1585660791.7471163}, "cmdq": 0, "read": {"device_start": -1, "device_end": -1}}, "FFC_sans_bias67": {"write": {"device_start": -1, "host_queued_start": 1585660859.087165, "device_queued": -1, "device_end": -1, "host_queued_end": 1585660859.145728}, "device": "gpu", "nd_range": {"device_start": 1585660791.8452215, "device_end": 1585660791.8517144}, "cmdq": 1, "read": {"device_start": -1, "device_end": -1}}, "coalesced_transpose111": {"write": {"device_start": -1, "host_queued_start": 1585660859.08419, "device_queued": -1, "device_end": -1, "host_queued_end": 1585660859.145728}, "device": "gpu", "nd_range": {"device_start": 1585660791.828565, "device_end": 1585660791.8285863}, "cmdq": 0, "read": {"device_start": -1, "device_end": -1}}, "FFC_sans_bias136": {"write": {"device_start": 1585660791.8158798, "host_queued_start": 1585660859.073873, "device_queued": 1585660791.693184, "device_end": 1585660791.8159738, "host_queued_end": 1585660859.145728}, "device": "gpu", "nd_range": {"device_start": 1585660791.8159804, "device_end": 1585660791.8220923}, "cmdq": 1, "read": {"device_start": -1, "device_end": -1}}, "FFC_sans_bias135": {"write": {"device_start": 1585660791.822397, "host_queued_start": 1585660859.08067, "device_queued": 1585660791.693803, "device_end": 1585660791.8224983, "host_queued_end": 1585660859.145728}, "device": "gpu", "nd_range": {"device_start": 1585660791.8225043, "device_end": 1585660791.828611}, "cmdq": 1, "read": {"device_start": -1, "device_end": -1}}, "FFC_sans_bias133": {"write": {"device_start": 1585660791.9592783, "host_queued_start": 1585660859.142472, "device_queued": 1585660791.705213, "device_end": 1585660791.9593718, "host_queued_end": 1585660859.145728}, "device": "gpu", "nd_range": {"device_start": 1585660791.959375, "device_end": 1585660791.9651463}, "cmdq": 0, "read": {"device_start": 1585660791.9651499, "device_end": 1585660791.9652352}}, "FFC_sans_bias132": {"write": {"device_start": -1, "host_queued_start": 1585660859.100885, "device_queued": -1, "device_end": -1, "host_queued_end": 1585660859.145728}, "device": "gpu", "nd_range": {"device_start": 1585660791.913108, "device_end": 1585660791.9196951}, "cmdq": 0, "read": {"device_start": -1, "device_end": -1}}, "softmax68": {"write": {"device_start": -1, "host_queued_start": 1585660859.091352, "device_queued": -1, "device_end": -1, "host_queued_end": 1585660859.145728}, "device": "gpu", "nd_range": {"device_start": 1585660791.875357, "device_end": 1585660791.8757808}, "cmdq": 1, "read": {"device_start": -1, "device_end": -1}}, "softmax131": {"write": {"device_start": -1, "host_queued_start": 1585660859.093136, "device_queued": -1, "device_end": -1, "host_queued_end": 1585660859.145728}, "device": "gpu", "nd_range": {"device_start": 1585660791.8767533, "device_end": 1585660791.8771777}, "cmdq": 0, "read": {"device_start": -1, "device_end": -1}}, "empty125": {"write": {"device_start": 1585660791.682501, "host_queued_start": 1585660858.929473, "device_queued": 1585660791.6820374, "device_end": 1585660791.6827366, "host_queued_end": 1585660859.145728}, "device": "gpu", "nd_range": {"device_start": 1585660791.682747, "device_end": 1585660791.6827517}, "cmdq": 1, "read": {"device_start": -1, "device_end": -1}}, "FFC_sans_bias139": {"write": {"device_start": -1, "host_queued_start": 1585660859.089795, "device_queued": -1, "device_end": -1, "host_queued_end": 1585660859.145728}, "device": "gpu", "nd_range": {"device_start": 1585660791.8711536, "device_end": 1585660791.8745062}, "cmdq": 1, "read": {"device_start": -1, "device_end": -1}}, "empty35": {"write": {"device_start": 1585660791.6791718, "host_queued_start": 1585660858.903037, "device_queued": 1585660791.6788752, "device_end": 1585660791.679444, "host_queued_end": 1585660859.145728}, "device": "gpu", "nd_range": {"device_start": 1585660791.6794553, "device_end": 1585660791.6794596}, "cmdq": 1, "read": {"device_start": -1, "device_end": -1}}, "softmax86": {"write": {"device_start": -1, "host_queued_start": 1585660859.091864, "device_queued": -1, "device_end": -1, "host_queued_end": 1585660859.145728}, "device": "gpu", "nd_range": {"device_start": 1585660791.8757825, "device_end": 1585660791.876202}, "cmdq": 1, "read": {"device_start": -1, "device_end": -1}}, "FFC_sans_bias55": {"write": {"device_start": 1585660791.734352, "host_queued_start": 1585660858.984041, "device_queued": 1585660791.686744, "device_end": 1585660791.734454, "host_queued_end": 1585660859.145728}, "device": "gpu", "nd_range": {"device_start": 1585660791.7344594, "device_end": 1585660791.7406912}, "cmdq": 0, "read": {"device_start": -1, "device_end": -1}}, "FFC_sans_bias54": {"write": {"device_start": 1585660791.7307427, "host_queued_start": 1585660858.980719, "device_queued": 1585660791.6864808, "device_end": 1585660791.7308478, "host_queued_end": 1585660859.145728}, "device": "gpu", "nd_range": {"device_start": 1585660791.730853, "device_end": 1585660791.7373974}, "cmdq": 1, "read": {"device_start": -1, "device_end": -1}}, "FFC_sans_bias56": {"write": {"device_start": 1585660791.7303934, "host_queued_start": 1585660858.977233, "device_queued": 1585660791.6862488, "device_end": 1585660791.7306666, "host_queued_end": 1585660859.145728}, "device": "gpu", "nd_range": {"device_start": 1585660791.730685, "device_end": 1585660791.7340457}, "cmdq": 0, "read": {"device_start": -1, "device_end": -1}}, "FFC_sans_bias51": {"write": {"device_start": -1, "host_queued_start": 1585660859.095527, "device_queued": -1, "device_end": -1, "host_queued_end": 1585660859.145728}, "device": "gpu", "nd_range": {"device_start": 1585660791.8838778, "device_end": 1585660791.8903184}, "cmdq": 1, "read": {"device_start": -1, "device_end": -1}}, "FFC_sans_bias52": {"write": {"device_start": 1585660791.9300287, "host_queued_start": 1585660859.114175, "device_queued": 1585660791.7021568, "device_end": 1585660791.9301233, "host_queued_end": 1585660859.145728}, "device": "gpu", "nd_range": {"device_start": 1585660791.9301274, "device_end": 1585660791.9359093}, "cmdq": 1, "read": {"device_start": 1585660791.9359133, "device_end": 1585660791.9360209}}, "FFC_sans_bias58": {"write": {"device_start": -1, "host_queued_start": 1585660859.086837, "device_queued": -1, "device_end": -1, "host_queued_end": 1585660859.145728}, "device": "gpu", "nd_range": {"device_start": 1585660791.8353615, "device_end": 1585660791.8419209}, "cmdq": 0, "read": {"device_start": -1, "device_end": -1}}, "FFC_sans_bias108": {"write": {"device_start": 1585660791.7865243, "host_queued_start": 1585660859.043366, "device_queued": 1585660791.6910415, "device_end": 1585660791.7866235, "host_queued_end": 1585660859.145728}, "device": "gpu", "nd_range": {"device_start": 1585660791.7866287, "device_end": 1585660791.7927504}, "cmdq": 0, "read": {"device_start": -1, "device_end": -1}}, "FFC_sans_bias109": {"write": {"device_start": 1585660791.7903576, "host_queued_start": 1585660859.046747, "device_queued": 1585660791.6912882, "device_end": 1585660791.7904615, "host_queued_end": 1585660859.145728}, "device": "gpu", "nd_range": {"device_start": 1585660791.7904673, "device_end": 1585660791.7960258}, "cmdq": 1, "read": {"device_start": -1, "device_end": -1}}, "coalesced_transpose129": {"write": {"device_start": -1, "host_queued_start": 1585660859.084813, "device_queued": -1, "device_end": -1, "host_queued_end": 1585660859.145728}, "device": "gpu", "nd_range": {"device_start": 1585660791.8285887, "device_end": 1585660791.8286161}, "cmdq": 0, "read": {"device_start": -1, "device_end": -1}}, "FFC_sans_bias103": {"write": {"device_start": -1, "host_queued_start": 1585660859.088474, "device_queued": -1, "device_end": -1, "host_queued_end": 1585660859.145728}, "device": "gpu", "nd_range": {"device_start": 1585660791.858232, "device_end": 1585660791.8647401}, "cmdq": 1, "read": {"device_start": -1, "device_end": -1}}, "FFC_sans_bias100": {"write": {"device_start": 1585660791.7800019, "host_queued_start": 1585660859.036505, "device_queued": 1585660791.6903098, "device_end": 1585660791.7801027, "host_queued_end": 1585660859.145728}, "device": "gpu", "nd_range": {"device_start": 1585660791.7801068, "device_end": 1585660791.7862456}, "cmdq": 0, "read": {"device_start": -1, "device_end": -1}}, "FFC_sans_bias101": {"write": {"device_start": 1585660791.7832487, "host_queued_start": 1585660859.039929, "device_queued": 1585660791.6908047, "device_end": 1585660791.7833471, "host_queued_end": 1585660859.145728}, "device": "gpu", "nd_range": {"device_start": 1585660791.783351, "device_end": 1585660791.7894561}, "cmdq": 1, "read": {"device_start": -1, "device_end": -1}}, "FFC_sans_bias106": {"write": {"device_start": 1585660791.949444, "host_queued_start": 1585660859.133092, "device_queued": 1585660791.704269, "device_end": 1585660791.9495368, "host_queued_end": 1585660859.145728}, "device": "gpu", "nd_range": {"device_start": 1585660791.9495397, "device_end": 1585660791.9554117}, "cmdq": 1, "read": {"device_start": 1585660791.955421, "device_end": 1585660791.9555132}}, "softmax122": {"write": {"device_start": -1, "host_queued_start": 1585660859.092881, "device_queued": -1, "device_end": -1, "host_queued_end": 1585660859.145728}, "device": "gpu", "nd_range": {"device_start": 1585660791.8766284, "device_end": 1585660791.8770537}, "cmdq": 1, "read": {"device_start": -1, "device_end": -1}}, "FFC_sans_bias105": {"write": {"device_start": -1, "host_queued_start": 1585660859.099102, "device_queued": -1, "device_end": -1, "host_queued_end": 1585660859.145728}, "device": "gpu", "nd_range": {"device_start": 1585660791.903389, "device_end": 1585660791.9098322}, "cmdq": 1, "read": {"device_start": -1, "device_end": -1}}, "softmax95": {"write": {"device_start": -1, "host_queued_start": 1585660859.092114, "device_queued": -1, "device_end": -1, "host_queued_end": 1585660859.145728}, "device": "gpu", "nd_range": {"device_start": 1585660791.8759017, "device_end": 1585660791.876322}, "cmdq": 0, "read": {"device_start": -1, "device_end": -1}}, "coalesced_transpose57": {"write": {"device_start": -1, "host_queued_start": 1585660859.082298, "device_queued": -1, "device_end": -1, "host_queued_end": 1585660859.145728}, "device": "gpu", "nd_range": {"device_start": 1585660791.828431, "device_end": 1585660791.8284643}, "cmdq": 0, "read": {"device_start": -1, "device_end": -1}}, "empty26": {"write": {"device_start": 1585660791.6787617, "host_queued_start": 1585660858.899696, "device_queued": 1585660791.6783805, "device_end": 1585660791.6788604, "host_queued_end": 1585660859.145728}, "device": "gpu", "nd_range": {"device_start": 1585660791.6788993, "device_end": 1585660791.6789036}, "cmdq": 0, "read": {"device_start": -1, "device_end": -1}}, "softmax113": {"write": {"device_start": -1, "host_queued_start": 1585660859.092623, "device_queued": -1, "device_end": -1, "host_queued_end": 1585660859.145728}, "device": "gpu", "nd_range": {"device_start": 1585660791.876324, "device_end": 1585660791.8767514}, "cmdq": 0, "read": {"device_start": -1, "device_end": -1}}, "FFC_sans_bias11": {"write": {"device_start": -1, "host_queued_start": 1585660859.175437, "device_queued": -1, "device_end": -1, "host_queued_end": 1585660859.186672}, "device": "cpu", "nd_range": {"device_start": 2328633.5003712024, "device_end": 2328633.592789961}, "cmdq": 3, "read": {"device_start": -1, "device_end": -1}}, "FFC_sans_bias42": {"write": {"device_start": -1, "host_queued_start": 1585660859.094938, "device_queued": -1, "device_end": -1, "host_queued_end": 1585660859.145728}, "device": "gpu", "nd_range": {"device_start": 1585660791.8805525, "device_end": 1585660791.8871536}, "cmdq": 0, "read": {"device_start": -1, "device_end": -1}}, "FFC_sans_bias43": {"write": {"device_start": 1585660791.926777, "host_queued_start": 1585660859.111058, "device_queued": 1585660791.701901, "device_end": 1585660791.9268694, "host_queued_end": 1585660859.145728}, "device": "gpu", "nd_range": {"device_start": 1585660791.9268727, "device_end": 1585660791.9326973}, "cmdq": 0, "read": {"device_start": 1585660791.9327052, "device_end": 1585660791.9328017}}, "FFC_sans_bias40": {"write": {"device_start": -1, "host_queued_start": 1585660859.086171, "device_queued": -1, "device_end": -1, "host_queued_end": 1585660859.145728}, "device": "gpu", "nd_range": {"device_start": 1585660791.8319829, "device_end": 1585660791.8353586}, "cmdq": 0, "read": {"device_start": -1, "device_end": -1}}, "FFC_sans_bias46": {"write": {"device_start": 1585660791.7134476, "host_queued_start": 1585660858.970648, "device_queued": 1585660791.6857922, "device_end": 1585660791.71355, "host_queued_end": 1585660859.145728}, "device": "gpu", "nd_range": {"device_start": 1585660791.713555, "device_end": 1585660791.719568}, "cmdq": 0, "read": {"device_start": -1, "device_end": -1}}, "FFC_sans_bias47": {"write": {"device_start": 1585660791.7167032, "host_queued_start": 1585660858.973953, "device_queued": 1585660791.6860285, "device_end": 1585660791.7168043, "host_queued_end": 1585660859.145728}, "device": "gpu", "nd_range": {"device_start": 1585660791.71681, "device_end": 1585660791.7227945}, "cmdq": 1, "read": {"device_start": -1, "device_end": -1}}, "FFC_sans_bias45": {"write": {"device_start": 1585660791.7107084, "host_queued_start": 1585660858.967355, "device_queued": 1585660791.6855617, "device_end": 1585660791.7108188, "host_queued_end": 1585660859.145728}, "device": "gpu", "nd_range": {"device_start": 1585660791.7108238, "device_end": 1585660791.7162905}, "cmdq": 1, "read": {"device_start": -1, "device_end": -1}}, "FFC_sans_bias49": {"write": {"device_start": -1, "host_queued_start": 1585660859.086503, "device_queued": -1, "device_end": -1, "host_queued_end": 1585660859.145728}, "device": "gpu", "nd_range": {"device_start": 1585660791.8387012, "device_end": 1585660791.8452194}, "cmdq": 1, "read": {"device_start": -1, "device_end": -1}}, "softmax77": {"write": {"device_start": -1, "host_queued_start": 1585660859.091609, "device_queued": -1, "device_end": -1, "host_queued_end": 1585660859.145728}, "device": "gpu", "nd_range": {"device_start": 1585660791.875474, "device_end": 1585660791.8758998}, "cmdq": 0, "read": {"device_start": -1, "device_end": -1}}, "empty134": {"write": {"device_start": 1585660791.6828365, "host_queued_start": 1585660858.932082, "device_queued": 1585660791.68247, "device_end": 1585660791.6831262, "host_queued_end": 1585660859.145728}, "device": "gpu", "nd_range": {"device_start": 1585660791.6831403, "device_end": 1585660791.683144}, "cmdq": 0, "read": {"device_start": -1, "device_end": -1}}, "coalesced_transpose138": {"write": {"device_start": -1, "host_queued_start": 1585660859.085129, "device_queued": -1, "device_end": -1, "host_queued_end": 1585660859.145728}, "device": "gpu", "nd_range": {"device_start": 1585660791.8320026, "device_end": 1585660791.835175}, "cmdq": 1, "read": {"device_start": -1, "device_end": -1}}, "FFC_sans_bias119": {"write": {"device_start": 1585660791.802858, "host_queued_start": 1585660859.060322, "device_queued": 1585660791.6922295, "device_end": 1585660791.8029652, "host_queued_end": 1585660859.145728}, "device": "gpu", "nd_range": {"device_start": 1585660791.8029716, "device_end": 1585660791.809046}, "cmdq": 1, "read": {"device_start": -1, "device_end": -1}}, "FFC_sans_bias118": {"write": {"device_start": 1585660791.7995946, "host_queued_start": 1585660859.056875, "device_queued": 1585660791.692004, "device_end": 1585660791.7996957, "host_queued_end": 1585660859.145728}, "device": "gpu", "nd_range": {"device_start": 1585660791.7997015, "device_end": 1585660791.8057969}, "cmdq": 0, "read": {"device_start": -1, "device_end": -1}}, "empty143": {"write": {"device_start": 1585660791.6831465, "host_queued_start": 1585660858.934672, "device_queued": 1585660791.6827552, "device_end": 1585660791.683447, "host_queued_end": 1585660859.145728}, "device": "gpu", "nd_range": {"device_start": 1585660791.6834579, "device_end": 1585660791.6834652}, "cmdq": 1, "read": {"device_start": -1, "device_end": -1}}, "FFC_sans_bias115": {"write": {"device_start": 1585660791.9527156, "host_queued_start": 1585660859.136213, "device_queued": 1585660791.7046056, "device_end": 1585660791.9528198, "host_queued_end": 1585660859.145728}, "device": "gpu", "nd_range": {"device_start": 1585660791.9528224, "device_end": 1585660791.9586654}, "cmdq": 0, "read": {"device_start": 1585660791.9586747, "device_end": 1585660791.958776}}, "FFC_sans_bias114": {"write": {"device_start": -1, "host_queued_start": 1585660859.099712, "device_queued": -1, "device_end": -1, "host_queued_end": 1585660859.145728}, "device": "gpu", "nd_range": {"device_start": 1585660791.906652, "device_end": 1585660791.9131067}, "cmdq": 0, "read": {"device_start": -1, "device_end": -1}}, "FFC_sans_bias117": {"write": {"device_start": 1585660791.796828, "host_queued_start": 1585660859.053516, "device_queued": 1585660791.6917675, "device_end": 1585660791.7969232, "host_queued_end": 1585660859.145728}, "device": "gpu", "nd_range": {"device_start": 1585660791.7969282, "device_end": 1585660791.8025515}, "cmdq": 1, "read": {"device_start": -1, "device_end": -1}}, "softmax5": {"write": {"device_start": -1, "host_queued_start": 1585660859.17812, "device_queued": -1, "device_end": -1, "host_queued_end": 1585660859.186672}, "device": "cpu", "nd_range": {"device_start": 2328633.675854618, "device_end": 2328633.67655425}, "cmdq": 0, "read": {"device_start": -1, "device_end": -1}}, "FFC_sans_bias110": {"write": {"device_start": 1585660791.7930589, "host_queued_start": 1585660859.050139, "device_queued": 1585660791.6915264, "device_end": 1585660791.793159, "host_queued_end": 1585660859.145728}, "device": "gpu", "nd_range": {"device_start": 1585660791.793165, "device_end": 1585660791.799313}, "cmdq": 0, "read": {"device_start": -1, "device_end": -1}}, "FFC_sans_bias112": {"write": {"device_start": -1, "host_queued_start": 1585660859.088815, "device_queued": -1, "device_end": -1, "host_queued_end": 1585660859.145728}, "device": "gpu", "nd_range": {"device_start": 1585660791.8549902, "device_end": 1585660791.8614664}, "cmdq": 0, "read": {"device_start": -1, "device_end": -1}}, "empty53": {"write": {"device_start": 1585660791.6798232, "host_queued_start": 1585660858.908577, "device_queued": 1585660791.6794689, "device_end": 1585660791.6800897, "host_queued_end": 1585660859.145728}, "device": "gpu", "nd_range": {"device_start": 1585660791.6800978, "device_end": 1585660791.6801026}, "cmdq": 1, "read": {"device_start": -1, "device_end": -1}}, "coalesced_transpose48": {"write": {"device_start": -1, "host_queued_start": 1585660859.081984, "device_queued": -1, "device_end": -1, "host_queued_end": 1585660859.145728}, "device": "gpu", "nd_range": {"device_start": 1585660791.8286433, "device_end": 1585660791.8318117}, "cmdq": 1, "read": {"device_start": -1, "device_end": -1}}}