{"FFC_sans_bias4": {"write": {"device_start": -1, "host_queued_start": 1585661486.958206, "device_queued": -1, "device_end": -1, "host_queued_end": 1585661487.028553}, "device": "cpu", "nd_range": {"device_start": 2329262.842277294, "device_end": 2329262.883834668}, "cmdq": 0, "read": {"device_start": -1, "device_end": -1}}, "FFC_sans_bias7": {"write": {"device_start": -1, "host_queued_start": 1585661486.984862, "device_queued": -1, "device_end": -1, "host_queued_end": 1585661487.028553}, "device": "cpu", "nd_range": {"device_start": 2329263.9567528623, "device_end": 2329264.0004149023}, "cmdq": 0, "read": {"device_start": -1, "device_end": -1}}, "FFC_sans_bias6": {"write": {"device_start": -1, "host_queued_start": 1585661486.973864, "device_queued": -1, "device_end": -1, "host_queued_end": 1585661487.028553}, "device": "cpu", "nd_range": {"device_start": 2329263.40323985, "device_end": 2329263.445063158}, "cmdq": 0, "read": {"device_start": -1, "device_end": -1}}, "FFC_sans_bias1": {"write": {"device_start": -1, "host_queued_start": 1585661486.818564, "device_queued": -1, "device_end": -1, "host_queued_end": 1585661487.028553}, "device": "cpu", "nd_range": {"device_start": 2329261.257080908, "device_end": 2329261.292264771}, "cmdq": 0, "read": {"device_start": -1, "device_end": -1}}, "FFC_sans_bias0": {"write": {"device_start": -1, "host_queued_start": 1585661486.814847, "device_queued": -1, "device_end": -1, "host_queued_end": 1585661487.028553}, "device": "cpu", "nd_range": {"device_start": 2329261.2182514044, "device_end": 2329261.257059407}, "cmdq": 0, "read": {"device_start": -1, "device_end": -1}}, "FFC_sans_bias2": {"write": {"device_start": -1, "host_queued_start": 1585661486.822222, "device_queued": -1, "device_end": -1, "host_queued_end": 1585661487.028553}, "device": "cpu", "nd_range": {"device_start": 2329261.2922937, "device_end": 2329261.328354089}, "cmdq": 0, "read": {"device_start": -1, "device_end": -1}}, "coalesced_transpose120": {"write": {"device_start": -1, "host_queued_start": 1585661486.75941, "device_queued": -1, "device_end": -1, "host_queued_end": 1585661486.773732}, "device": "gpu", "nd_range": {"device_start": 1585661419.314596, "device_end": 1585661419.3258898}, "cmdq": 0, "read": {"device_start": -1, "device_end": -1}}, "FFC_sans_bias9": {"write": {"device_start": -1, "host_queued_start": 1585661486.825962, "device_queued": -1, "device_end": -1, "host_queued_end": 1585661487.028553}, "device": "cpu", "nd_range": {"device_start": 2329261.3283763463, "device_end": 2329261.3642328293}, "cmdq": 0, "read": {"device_start": -1, "device_end": -1}}, "empty71": {"write": {"device_start": -1, "host_queued_start": 1585661486.79811, "device_queued": -1, "device_end": -1, "host_queued_end": 1585661487.028553}, "device": "cpu", "nd_range": {"device_start": 2329261.218220862, "device_end": 2329261.218221501}, "cmdq": 0, "read": {"device_start": -1, "device_end": -1}}, "softmax41": {"write": {"device_start": -1, "host_queued_start": 1585661486.968622, "device_queued": -1, "device_end": -1, "host_queued_end": 1585661487.028553}, "device": "cpu", "nd_range": {"device_start": 2329263.399330945, "device_end": 2329263.399668067}, "cmdq": 0, "read": {"device_start": -1, "device_end": -1}}, "FFC_sans_bias37": {"write": {"device_start": -1, "host_queued_start": 1585661486.862295, "device_queued": -1, "device_end": -1, "host_queued_end": 1585661487.028553}, "device": "cpu", "nd_range": {"device_start": 2329261.728893673, "device_end": 2329261.7726747883}, "cmdq": 0, "read": {"device_start": -1, "device_end": -1}}, "FFC_sans_bias36": {"write": {"device_start": -1, "host_queued_start": 1585661486.858884, "device_queued": -1, "device_end": -1, "host_queued_end": 1585661487.028553}, "device": "cpu", "nd_range": {"device_start": 2329261.686847838, "device_end": 2329261.7288849363}, "cmdq": 0, "read": {"device_start": -1, "device_end": -1}}, "FFC_sans_bias34": {"write": {"device_start": -1, "host_queued_start": 1585661486.994355, "device_queued": -1, "device_end": -1, "host_queued_end": 1585661487.028553}, "device": "cpu", "nd_range": {"device_start": 2329264.0850328933, "device_end": 2329264.126560069}, "cmdq": 0, "read": {"device_start": -1, "device_end": -1}}, "FFC_sans_bias33": {"write": {"device_start": -1, "host_queued_start": 1585661486.975678, "device_queued": -1, "device_end": -1, "host_queued_end": 1585661487.028553}, "device": "cpu", "nd_range": {"device_start": 2329263.53612026, "device_end": 2329263.5780011583}, "cmdq": 0, "read": {"device_start": -1, "device_end": -1}}, "FFC_sans_bias31": {"write": {"device_start": -1, "host_queued_start": 1585661486.96014, "device_queued": -1, "device_end": -1, "host_queued_end": 1585661487.028553}, "device": "cpu", "nd_range": {"device_start": 2329262.9677831, "device_end": 2329263.0097002583}, "cmdq": 0, "read": {"device_start": -1, "device_end": -1}}, "FFC_sans_bias38": {"write": {"device_start": -1, "host_queued_start": 1585661486.865801, "device_queued": -1, "device_end": -1, "host_queued_end": 1585661487.028553}, "device": "cpu", "nd_range": {"device_start": 2329261.77288956, "device_end": 2329261.8149414132}, "cmdq": 0, "read": {"device_start": -1, "device_end": -1}}, "coalesced_transpose75": {"write": {"device_start": -1, "host_queued_start": 1585661486.955191, "device_queued": -1, "device_end": -1, "host_queued_end": 1585661487.028553}, "device": "cpu", "nd_range": {"device_start": 2329262.839529353, "device_end": 2329262.839962209}, "cmdq": 0, "read": {"device_start": -1, "device_end": -1}}, "softmax140": {"write": {"device_start": -1, "host_queued_start": 1585661486.761886, "device_queued": -1, "device_end": -1, "host_queued_end": 1585661486.773732}, "device": "gpu", "nd_range": {"device_start": 1585661419.3378716, "device_end": 1585661419.3383646}, "cmdq": 0, "read": {"device_start": -1, "device_end": -1}}, "empty44": {"write": {"device_start": -1, "host_queued_start": 1585661486.789643, "device_queued": -1, "device_end": -1, "host_queued_end": 1585661487.028553}, "device": "cpu", "nd_range": {"device_start": 2329261.218203952, "device_end": 2329261.218204589}, "cmdq": 0, "read": {"device_start": -1, "device_end": -1}}, "FFC_sans_bias137": {"write": {"device_start": 1585661419.3071637, "host_queued_start": 1585661486.755509, "device_queued": 1585661419.2928395, "device_end": 1585661419.3072667, "host_queued_end": 1585661486.773732}, "device": "gpu", "nd_range": {"device_start": 1585661419.3072717, "device_end": 1585661419.3222992}, "cmdq": 2, "read": {"device_start": -1, "device_end": -1}}, "empty8": {"write": {"device_start": -1, "host_queued_start": 1585661486.778037, "device_queued": -1, "device_end": -1, "host_queued_end": 1585661487.028553}, "device": "cpu", "nd_range": {"device_start": 2329261.218159556, "device_end": 2329261.218169065}, "cmdq": 0, "read": {"device_start": -1, "device_end": -1}}, "softmax50": {"write": {"device_start": -1, "host_queued_start": 1585661486.969185, "device_queued": -1, "device_end": -1, "host_queued_end": 1585661487.028553}, "device": "cpu", "nd_range": {"device_start": 2329263.3998011514, "device_end": 2329263.400151585}, "cmdq": 0, "read": {"device_start": -1, "device_end": -1}}, "softmax59": {"write": {"device_start": -1, "host_queued_start": 1585661486.969734, "device_queued": -1, "device_end": -1, "host_queued_end": 1585661487.028553}, "device": "cpu", "nd_range": {"device_start": 2329263.400284793, "device_end": 2329263.400619618}, "cmdq": 0, "read": {"device_start": -1, "device_end": -1}}, "FFC_sans_bias142": {"write": {"device_start": 1585661419.3517058, "host_queued_start": 1585661486.773479, "device_queued": 1585661419.2953224, "device_end": 1585661419.3518074, "host_queued_end": 1585661486.773732}, "device": "gpu", "nd_range": {"device_start": 1585661419.3518136, "device_end": 1585661419.3627603}, "cmdq": 2, "read": {"device_start": 1585661419.362764, "device_end": 1585661419.3628533}}, "FFC_sans_bias141": {"write": {"device_start": -1, "host_queued_start": 1585661486.762917, "device_queued": -1, "device_end": -1, "host_queued_end": 1585661486.773732}, "device": "gpu", "nd_range": {"device_start": 1585661419.339539, "device_end": 1585661419.3435266}, "cmdq": 3, "read": {"device_start": -1, "device_end": -1}}, "FFC_sans_bias24": {"write": {"device_start": -1, "host_queued_start": 1585661486.975086, "device_queued": -1, "device_end": -1, "host_queued_end": 1585661487.028553}, "device": "cpu", "nd_range": {"device_start": 2329263.487196303, "device_end": 2329263.536098489}, "cmdq": 0, "read": {"device_start": -1, "device_end": -1}}, "FFC_sans_bias25": {"write": {"device_start": -1, "host_queued_start": 1585661486.991127, "device_queued": -1, "device_end": -1, "host_queued_end": 1585661487.028553}, "device": "cpu", "nd_range": {"device_start": 2329264.042313095, "device_end": 2329264.085016249}, "cmdq": 0, "read": {"device_start": -1, "device_end": -1}}, "FFC_sans_bias27": {"write": {"device_start": -1, "host_queued_start": 1585661486.848343, "device_queued": -1, "device_end": -1, "host_queued_end": 1585661487.028553}, "device": "cpu", "nd_range": {"device_start": 2329261.561875043, "device_end": 2329261.603323971}, "cmdq": 0, "read": {"device_start": -1, "device_end": -1}}, "FFC_sans_bias20": {"write": {"device_start": -1, "host_queued_start": 1585661486.844656, "device_queued": -1, "device_end": -1, "host_queued_end": 1585661487.028553}, "device": "cpu", "nd_range": {"device_start": 2329261.5202699853, "device_end": 2329261.561861806}, "cmdq": 0, "read": {"device_start": -1, "device_end": -1}}, "FFC_sans_bias22": {"write": {"device_start": -1, "host_queued_start": 1585661486.959498, "device_queued": -1, "device_end": -1, "host_queued_end": 1585661487.028553}, "device": "cpu", "nd_range": {"device_start": 2329262.925608059, "device_end": 2329262.9677681522}, "cmdq": 0, "read": {"device_start": -1, "device_end": -1}}, "FFC_sans_bias130": {"write": {"device_start": -1, "host_queued_start": 1585661486.76082, "device_queued": -1, "device_end": -1, "host_queued_end": 1585661486.773732}, "device": "gpu", "nd_range": {"device_start": 1585661419.3260906, "device_end": 1585661419.3340235}, "cmdq": 0, "read": {"device_start": -1, "device_end": -1}}, "FFC_sans_bias28": {"write": {"device_start": -1, "host_queued_start": 1585661486.851857, "device_queued": -1, "device_end": -1, "host_queued_end": 1585661487.028553}, "device": "cpu", "nd_range": {"device_start": 2329261.603345341, "device_end": 2329261.645230573}, "cmdq": 0, "read": {"device_start": -1, "device_end": -1}}, "FFC_sans_bias29": {"write": {"device_start": -1, "host_queued_start": 1585661486.855381, "device_queued": -1, "device_end": -1, "host_queued_end": 1585661487.028553}, "device": "cpu", "nd_range": {"device_start": 2329261.645249446, "device_end": 2329261.6868270324}, "cmdq": 0, "read": {"device_start": -1, "device_end": -1}}, "coalesced_transpose66": {"write": {"device_start": -1, "host_queued_start": 1585661486.954546, "device_queued": -1, "device_end": -1, "host_queued_end": 1585661487.028553}, "device": "cpu", "nd_range": {"device_start": 2329262.8389727813, "device_end": 2329262.8393977303}, "cmdq": 0, "read": {"device_start": -1, "device_end": -1}}, "coalesced_transpose93": {"write": {"device_start": -1, "host_queued_start": 1585661486.956385, "device_queued": -1, "device_end": -1, "host_queued_end": 1585661487.028553}, "device": "cpu", "nd_range": {"device_start": 2329262.8406561334, "device_end": 2329262.84107664}, "cmdq": 0, "read": {"device_start": -1, "device_end": -1}}, "softmax23": {"write": {"device_start": -1, "host_queued_start": 1585661486.967539, "device_queued": -1, "device_end": -1, "host_queued_end": 1585661487.028553}, "device": "cpu", "nd_range": {"device_start": 2329263.3983991053, "device_end": 2329263.398738344}, "cmdq": 0, "read": {"device_start": -1, "device_end": -1}}, "empty62": {"write": {"device_start": -1, "host_queued_start": 1585661486.795289, "device_queued": -1, "device_end": -1, "host_queued_end": 1585661487.028553}, "device": "cpu", "nd_range": {"device_start": 2329261.2182140863, "device_end": 2329261.2182146753}, "cmdq": 0, "read": {"device_start": -1, "device_end": -1}}, "FFC_sans_bias10": {"write": {"device_start": -1, "host_queued_start": 1585661486.829728, "device_queued": -1, "device_end": -1, "host_queued_end": 1585661487.028553}, "device": "cpu", "nd_range": {"device_start": 2329261.3642547093, "device_end": 2329261.399896122}, "cmdq": 0, "read": {"device_start": -1, "device_end": -1}}, "FFC_sans_bias13": {"write": {"device_start": -1, "host_queued_start": 1585661486.958837, "device_queued": -1, "device_end": -1, "host_queued_end": 1585661487.028553}, "device": "cpu", "nd_range": {"device_start": 2329262.8838480893, "device_end": 2329262.9255957343}, "cmdq": 0, "read": {"device_start": -1, "device_end": -1}}, "FFC_sans_bias15": {"write": {"device_start": -1, "host_queued_start": 1585661486.974469, "device_queued": -1, "device_end": -1, "host_queued_end": 1585661487.028553}, "device": "cpu", "nd_range": {"device_start": 2329263.445082211, "device_end": 2329263.487183271}, "cmdq": 0, "read": {"device_start": -1, "device_end": -1}}, "FFC_sans_bias16": {"write": {"device_start": -1, "host_queued_start": 1585661486.988, "device_queued": -1, "device_end": -1, "host_queued_end": 1585661487.028553}, "device": "cpu", "nd_range": {"device_start": 2329264.0004272163, "device_end": 2329264.0423008883}, "cmdq": 0, "read": {"device_start": -1, "device_end": -1}}, "FFC_sans_bias19": {"write": {"device_start": -1, "host_queued_start": 1585661486.840857, "device_queued": -1, "device_end": -1, "host_queued_end": 1585661487.028553}, "device": "cpu", "nd_range": {"device_start": 2329261.478228367, "device_end": 2329261.520251063}, "cmdq": 0, "read": {"device_start": -1, "device_end": -1}}, "FFC_sans_bias18": {"write": {"device_start": -1, "host_queued_start": 1585661486.83718, "device_queued": -1, "device_end": -1, "host_queued_end": 1585661487.028553}, "device": "cpu", "nd_range": {"device_start": 2329261.4360422273, "device_end": 2329261.478207317}, "cmdq": 0, "read": {"device_start": -1, "device_end": -1}}, "FFC_sans_bias99": {"write": {"device_start": -1, "host_queued_start": 1585661486.932745, "device_queued": -1, "device_end": -1, "host_queued_end": 1585661487.028553}, "device": "cpu", "nd_range": {"device_start": 2329262.579857801, "device_end": 2329262.621838069}, "cmdq": 0, "read": {"device_start": -1, "device_end": -1}}, "FFC_sans_bias91": {"write": {"device_start": -1, "host_queued_start": 1585661486.92569, "device_queued": -1, "device_end": -1, "host_queued_end": 1585661487.028553}, "device": "cpu", "nd_range": {"device_start": 2329262.495892599, "device_end": 2329262.5378687712}, "cmdq": 0, "read": {"device_start": -1, "device_end": -1}}, "FFC_sans_bias90": {"write": {"device_start": -1, "host_queued_start": 1585661486.922271, "device_queued": -1, "device_end": -1, "host_queued_end": 1585661487.028553}, "device": "cpu", "nd_range": {"device_start": 2329262.4544157283, "device_end": 2329262.495872479}, "cmdq": 0, "read": {"device_start": -1, "device_end": -1}}, "coalesced_transpose12": {"write": {"device_start": -1, "host_queued_start": 1585661486.95085, "device_queued": -1, "device_end": -1, "host_queued_end": 1585661487.028553}, "device": "cpu", "nd_range": {"device_start": 2329262.834766449, "device_end": 2329262.835190305}, "cmdq": 0, "read": {"device_start": -1, "device_end": -1}}, "FFC_sans_bias94": {"write": {"device_start": -1, "host_queued_start": 1585661486.964549, "device_queued": -1, "device_end": -1, "host_queued_end": 1585661487.028553}, "device": "cpu", "nd_range": {"device_start": 2329263.272032246, "device_end": 2329263.3135806373}, "cmdq": 0, "read": {"device_start": -1, "device_end": -1}}, "FFC_sans_bias97": {"write": {"device_start": -1, "host_queued_start": 1585661487.021155, "device_queued": -1, "device_end": -1, "host_queued_end": 1585661487.028553}, "device": "cpu", "nd_range": {"device_start": 2329264.388952822, "device_end": 2329264.430492407}, "cmdq": 0, "read": {"device_start": -1, "device_end": -1}}, "FFC_sans_bias96": {"write": {"device_start": -1, "host_queued_start": 1585661486.980147, "device_queued": -1, "device_end": -1, "host_queued_end": 1585661487.028553}, "device": "cpu", "nd_range": {"device_start": 2329263.8279528683, "device_end": 2329263.869923872}, "cmdq": 0, "read": {"device_start": -1, "device_end": -1}}, "FFC_sans_bias124": {"write": {"device_start": 1585661419.338719, "host_queued_start": 1585661486.766387, "device_queued": 1585661419.2948968, "device_end": 1585661419.3388214, "host_queued_end": 1585661486.773732}, "device": "gpu", "nd_range": {"device_start": 1585661419.3474874, "device_end": 1585661419.3550515}, "cmdq": 0, "read": {"device_start": 1585661419.3550565, "device_end": 1585661419.35515}}, "FFC_sans_bias126": {"write": {"device_start": 1585661419.2956173, "host_queued_start": 1585661486.7449, "device_queued": 1585661419.2918296, "device_end": 1585661419.29572, "host_queued_end": 1585661486.773732}, "device": "gpu", "nd_range": {"device_start": 1585661419.2957258, "device_end": 1585661419.3106968}, "cmdq": 3, "read": {"device_start": -1, "device_end": -1}}, "softmax32": {"write": {"device_start": -1, "host_queued_start": 1585661486.968078, "device_queued": -1, "device_end": -1, "host_queued_end": 1585661487.028553}, "device": "cpu", "nd_range": {"device_start": 2329263.398871406, "device_end": 2329263.399199245}, "cmdq": 0, "read": {"device_start": -1, "device_end": -1}}, "coalesced_transpose84": {"write": {"device_start": -1, "host_queued_start": 1585661486.955783, "device_queued": -1, "device_end": -1, "host_queued_end": 1585661487.028553}, "device": "cpu", "nd_range": {"device_start": 2329262.8401083583, "device_end": 2329262.840526394}, "cmdq": 0, "read": {"device_start": -1, "device_end": -1}}, "FFC_sans_bias121": {"write": {"device_start": -1, "host_queued_start": 1585661486.760426, "device_queued": -1, "device_end": -1, "host_queued_end": 1585661486.773732}, "device": "gpu", "nd_range": {"device_start": 1585661419.3260808, "device_end": 1585661419.3300683}, "cmdq": 3, "read": {"device_start": -1, "device_end": -1}}, "empty98": {"write": {"device_start": -1, "host_queued_start": 1585661486.806396, "device_queued": -1, "device_end": -1, "host_queued_end": 1585661487.028553}, "device": "cpu", "nd_range": {"device_start": 2329261.218236437, "device_end": 2329261.218237081}, "cmdq": 0, "read": {"device_start": -1, "device_end": -1}}, "empty107": {"write": {"device_start": -1, "host_queued_start": 1585661486.809129, "device_queued": -1, "device_end": -1, "host_queued_end": 1585661487.028553}, "device": "cpu", "nd_range": {"device_start": 2329261.2182417284, "device_end": 2329261.218242261}, "cmdq": 0, "read": {"device_start": -1, "device_end": -1}}, "empty17": {"write": {"device_start": -1, "host_queued_start": 1585661486.781134, "device_queued": -1, "device_end": -1, "host_queued_end": 1585661487.028553}, "device": "cpu", "nd_range": {"device_start": 2329261.218185708, "device_end": 2329261.218186955}, "cmdq": 0, "read": {"device_start": -1, "device_end": -1}}, "FFC_sans_bias87": {"write": {"device_start": -1, "host_queued_start": 1585661486.979531, "device_queued": -1, "device_end": -1, "host_queued_end": 1585661487.028553}, "device": "cpu", "nd_range": {"device_start": 2329263.786616668, "device_end": 2329263.827931392}, "cmdq": 0, "read": {"device_start": -1, "device_end": -1}}, "FFC_sans_bias85": {"write": {"device_start": -1, "host_queued_start": 1585661486.96396, "device_queued": -1, "device_end": -1, "host_queued_end": 1585661487.028553}, "device": "cpu", "nd_range": {"device_start": 2329263.229838156, "device_end": 2329263.272021463}, "cmdq": 0, "read": {"device_start": -1, "device_end": -1}}, "FFC_sans_bias82": {"write": {"device_start": -1, "host_queued_start": 1585661486.91512, "device_queued": -1, "device_end": -1, "host_queued_end": 1585661487.028553}, "device": "cpu", "nd_range": {"device_start": 2329262.369990054, "device_end": 2329262.41232899}, "cmdq": 0, "read": {"device_start": -1, "device_end": -1}}, "FFC_sans_bias83": {"write": {"device_start": -1, "host_queued_start": 1585661486.918674, "device_queued": -1, "device_end": -1, "host_queued_end": 1585661487.028553}, "device": "cpu", "nd_range": {"device_start": 2329262.412349699, "device_end": 2329262.454399099}, "cmdq": 0, "read": {"device_start": -1, "device_end": -1}}, "FFC_sans_bias81": {"write": {"device_start": -1, "host_queued_start": 1585661486.911658, "device_queued": -1, "device_end": -1, "host_queued_end": 1585661487.028553}, "device": "cpu", "nd_range": {"device_start": 2329262.327919038, "device_end": 2329262.369977551}, "cmdq": 0, "read": {"device_start": -1, "device_end": -1}}, "FFC_sans_bias88": {"write": {"device_start": -1, "host_queued_start": 1585661487.017303, "device_queued": -1, "device_end": -1, "host_queued_end": 1585661487.028553}, "device": "cpu", "nd_range": {"device_start": 2329264.3473527823, "device_end": 2329264.3889372023}, "cmdq": 0, "read": {"device_start": -1, "device_end": -1}}, "coalesced_transpose30": {"write": {"device_start": -1, "host_queued_start": 1585661486.952121, "device_queued": -1, "device_end": -1, "host_queued_end": 1585661487.028553}, "device": "cpu", "nd_range": {"device_start": 2329262.8366393424, "device_end": 2329262.8370601144}, "cmdq": 0, "read": {"device_start": -1, "device_end": -1}}, "FFC_sans_bias128": {"write": {"device_start": 1585661419.2921631, "host_queued_start": 1585661486.741409, "device_queued": 1585661419.2917023, "device_end": 1585661419.2922583, "host_queued_end": 1585661486.773732}, "device": "gpu", "nd_range": {"device_start": 1585661419.2922773, "device_end": 1585661419.3067977}, "cmdq": 2, "read": {"device_start": -1, "device_end": -1}}, "coalesced_transpose39": {"write": {"device_start": -1, "host_queued_start": 1585661486.952707, "device_queued": -1, "device_end": -1, "host_queued_end": 1585661487.028553}, "device": "cpu", "nd_range": {"device_start": 2329262.837209496, "device_end": 2329262.837660577}, "cmdq": 0, "read": {"device_start": -1, "device_end": -1}}, "FFC_sans_bias79": {"write": {"device_start": -1, "host_queued_start": 1585661487.013432, "device_queued": -1, "device_end": -1, "host_queued_end": 1585661487.028553}, "device": "cpu", "nd_range": {"device_start": 2329264.30586786, "device_end": 2329264.347344838}, "cmdq": 0, "read": {"device_start": -1, "device_end": -1}}, "FFC_sans_bias78": {"write": {"device_start": -1, "host_queued_start": 1585661486.978931, "device_queued": -1, "device_end": -1, "host_queued_end": 1585661487.028553}, "device": "cpu", "nd_range": {"device_start": 2329263.7450325303, "device_end": 2329263.7866025893}, "cmdq": 0, "read": {"device_start": -1, "device_end": -1}}, "FFC_sans_bias73": {"write": {"device_start": -1, "host_queued_start": 1585661486.904587, "device_queued": -1, "device_end": -1, "host_queued_end": 1585661487.028553}, "device": "cpu", "nd_range": {"device_start": 2329262.24498658, "device_end": 2329262.286258723}, "cmdq": 0, "read": {"device_start": -1, "device_end": -1}}, "FFC_sans_bias72": {"write": {"device_start": -1, "host_queued_start": 1585661486.901105, "device_queued": -1, "device_end": -1, "host_queued_end": 1585661487.028553}, "device": "cpu", "nd_range": {"device_start": 2329262.1946208673, "device_end": 2329262.244959867}, "cmdq": 0, "read": {"device_start": -1, "device_end": -1}}, "FFC_sans_bias70": {"write": {"device_start": -1, "host_queued_start": 1585661487.009694, "device_queued": -1, "device_end": -1, "host_queued_end": 1585661487.028553}, "device": "cpu", "nd_range": {"device_start": 2329264.2642560974, "device_end": 2329264.3058591303}, "cmdq": 0, "read": {"device_start": -1, "device_end": -1}}, "FFC_sans_bias76": {"write": {"device_start": -1, "host_queued_start": 1585661486.963369, "device_queued": -1, "device_end": -1, "host_queued_end": 1585661487.028553}, "device": "cpu", "nd_range": {"device_start": 2329263.178097453, "device_end": 2329263.2298179353}, "cmdq": 0, "read": {"device_start": -1, "device_end": -1}}, "FFC_sans_bias74": {"write": {"device_start": -1, "host_queued_start": 1585661486.908143, "device_queued": -1, "device_end": -1, "host_queued_end": 1585661487.028553}, "device": "cpu", "nd_range": {"device_start": 2329262.2862825054, "device_end": 2329262.3279067893}, "cmdq": 0, "read": {"device_start": -1, "device_end": -1}}, "coalesced_transpose102": {"write": {"device_start": -1, "host_queued_start": 1585661486.956966, "device_queued": -1, "device_end": -1, "host_queued_end": 1585661487.028553}, "device": "cpu", "nd_range": {"device_start": 2329262.841209467, "device_end": 2329262.841639862}, "cmdq": 0, "read": {"device_start": -1, "device_end": -1}}, "coalesced_transpose3": {"write": {"device_start": -1, "host_queued_start": 1585661486.950214, "device_queued": -1, "device_end": -1, "host_queued_end": 1585661487.028553}, "device": "cpu", "nd_range": {"device_start": 2329262.834098067, "device_end": 2329262.834590204}, "cmdq": 0, "read": {"device_start": -1, "device_end": -1}}, "FFC_sans_bias127": {"write": {"device_start": 1585661419.2995336, "host_queued_start": 1585661486.7485, "device_queued": 1585661419.2924764, "device_end": 1585661419.2996368, "host_queued_end": 1585661486.773732}, "device": "gpu", "nd_range": {"device_start": 1585661419.2996438, "device_end": 1585661419.3145947}, "cmdq": 0, "read": {"device_start": -1, "device_end": -1}}, "empty89": {"write": {"device_start": -1, "host_queued_start": 1585661486.80363, "device_queued": -1, "device_end": -1, "host_queued_end": 1585661487.028553}, "device": "cpu", "nd_range": {"device_start": 2329261.2182310303, "device_end": 2329261.218231738}, "cmdq": 0, "read": {"device_start": -1, "device_end": -1}}, "FFC_sans_bias123": {"write": {"device_start": -1, "host_queued_start": 1585661486.762199, "device_queued": -1, "device_end": -1, "host_queued_end": 1585661486.773732}, "device": "gpu", "nd_range": {"device_start": 1585661419.3395483, "device_end": 1585661419.347472}, "cmdq": 1, "read": {"device_start": -1, "device_end": -1}}, "empty80": {"write": {"device_start": -1, "host_queued_start": 1585661486.80083, "device_queued": -1, "device_end": -1, "host_queued_end": 1585661487.028553}, "device": "cpu", "nd_range": {"device_start": 2329261.218225909, "device_end": 2329261.218226685}, "cmdq": 0, "read": {"device_start": -1, "device_end": -1}}, "empty116": {"write": {"device_start": -1, "host_queued_start": 1585661486.81186, "device_queued": -1, "device_end": -1, "host_queued_end": 1585661487.028553}, "device": "cpu", "nd_range": {"device_start": 2329261.2182464763, "device_end": 2329261.218247021}, "cmdq": 0, "read": {"device_start": -1, "device_end": -1}}, "softmax104": {"write": {"device_start": -1, "host_queued_start": 1585661486.972587, "device_queued": -1, "device_end": -1, "host_queued_end": 1585661487.028553}, "device": "cpu", "nd_range": {"device_start": 2329263.402432866, "device_end": 2329263.4028959963}, "cmdq": 0, "read": {"device_start": -1, "device_end": -1}}, "coalesced_transpose21": {"write": {"device_start": -1, "host_queued_start": 1585661486.951443, "device_queued": -1, "device_end": -1, "host_queued_end": 1585661487.028553}, "device": "cpu", "nd_range": {"device_start": 2329262.835348459, "device_end": 2329262.836480853}, "cmdq": 0, "read": {"device_start": -1, "device_end": -1}}, "softmax14": {"write": {"device_start": -1, "host_queued_start": 1585661486.966903, "device_queued": -1, "device_end": -1, "host_queued_end": 1585661487.028553}, "device": "cpu", "nd_range": {"device_start": 2329263.39791073, "device_end": 2329263.398257108}, "cmdq": 0, "read": {"device_start": -1, "device_end": -1}}, "FFC_sans_bias69": {"write": {"device_start": -1, "host_queued_start": 1585661486.978228, "device_queued": -1, "device_end": -1, "host_queued_end": 1585661487.028553}, "device": "cpu", "nd_range": {"device_start": 2329263.703605343, "device_end": 2329263.745015868}, "cmdq": 0, "read": {"device_start": -1, "device_end": -1}}, "FFC_sans_bias92": {"write": {"device_start": -1, "host_queued_start": 1585661486.929258, "device_queued": -1, "device_end": -1, "host_queued_end": 1585661487.028553}, "device": "cpu", "nd_range": {"device_start": 2329262.5378861693, "device_end": 2329262.579839987}, "cmdq": 0, "read": {"device_start": -1, "device_end": -1}}, "FFC_sans_bias60": {"write": {"device_start": -1, "host_queued_start": 1585661486.977574, "device_queued": -1, "device_end": -1, "host_queued_end": 1585661487.028553}, "device": "cpu", "nd_range": {"device_start": 2329263.661737705, "device_end": 2329263.703586001}, "cmdq": 0, "read": {"device_start": -1, "device_end": -1}}, "FFC_sans_bias61": {"write": {"device_start": -1, "host_queued_start": 1585661487.005829, "device_queued": -1, "device_end": -1, "host_queued_end": 1585661487.028553}, "device": "cpu", "nd_range": {"device_start": 2329264.218339365, "device_end": 2329264.264247048}, "cmdq": 0, "read": {"device_start": -1, "device_end": -1}}, "FFC_sans_bias63": {"write": {"device_start": -1, "host_queued_start": 1585661486.89749, "device_queued": -1, "device_end": -1, "host_queued_end": 1585661487.028553}, "device": "cpu", "nd_range": {"device_start": 2329262.1507281642, "device_end": 2329262.194113222}, "cmdq": 0, "read": {"device_start": -1, "device_end": -1}}, "FFC_sans_bias64": {"write": {"device_start": -1, "host_queued_start": 1585661486.890494, "device_queued": -1, "device_end": -1, "host_queued_end": 1585661487.028553}, "device": "cpu", "nd_range": {"device_start": 2329262.0674959, "device_end": 2329262.109074478}, "cmdq": 0, "read": {"device_start": -1, "device_end": -1}}, "FFC_sans_bias65": {"write": {"device_start": -1, "host_queued_start": 1585661486.894028, "device_queued": -1, "device_end": -1, "host_queued_end": 1585661487.028553}, "device": "cpu", "nd_range": {"device_start": 2329262.109086018, "device_end": 2329262.150718072}, "cmdq": 0, "read": {"device_start": -1, "device_end": -1}}, "FFC_sans_bias67": {"write": {"device_start": -1, "host_queued_start": 1585661486.962682, "device_queued": -1, "device_end": -1, "host_queued_end": 1585661487.028553}, "device": "cpu", "nd_range": {"device_start": 2329263.135568324, "device_end": 2329263.17807715}, "cmdq": 0, "read": {"device_start": -1, "device_end": -1}}, "coalesced_transpose111": {"write": {"device_start": -1, "host_queued_start": 1585661486.957617, "device_queued": -1, "device_end": -1, "host_queued_end": 1585661487.028553}, "device": "cpu", "nd_range": {"device_start": 2329262.841758293, "device_end": 2329262.8421619623}, "cmdq": 0, "read": {"device_start": -1, "device_end": -1}}, "FFC_sans_bias136": {"write": {"device_start": 1585661419.3034632, "host_queued_start": 1585661486.751998, "device_queued": 1585661419.2927122, "device_end": 1585661419.3035634, "host_queued_end": 1585661486.773732}, "device": "gpu", "nd_range": {"device_start": 1585661419.3035793, "device_end": 1585661419.3184378}, "cmdq": 1, "read": {"device_start": -1, "device_end": -1}}, "FFC_sans_bias135": {"write": {"device_start": 1585661419.3110495, "host_queued_start": 1585661486.759059, "device_queued": 1585661419.2929754, "device_end": 1585661419.31115, "host_queued_end": 1585661486.773732}, "device": "gpu", "nd_range": {"device_start": 1585661419.3111565, "device_end": 1585661419.3260732}, "cmdq": 3, "read": {"device_start": -1, "device_end": -1}}, "FFC_sans_bias133": {"write": {"device_start": 1585661419.3478303, "host_queued_start": 1585661486.769981, "device_queued": 1585661419.295161, "device_end": 1585661419.3479369, "host_queued_end": 1585661486.773732}, "device": "gpu", "nd_range": {"device_start": 1585661419.351387, "device_end": 1585661419.358982}, "cmdq": 1, "read": {"device_start": 1585661419.3589897, "device_end": 1585661419.3590813}}, "FFC_sans_bias132": {"write": {"device_start": -1, "host_queued_start": 1585661486.762561, "device_queued": -1, "device_end": -1, "host_queued_end": 1585661486.773732}, "device": "gpu", "nd_range": {"device_start": 1585661419.3395538, "device_end": 1585661419.3513694}, "cmdq": 2, "read": {"device_start": -1, "device_end": -1}}, "softmax68": {"write": {"device_start": -1, "host_queued_start": 1585661486.970293, "device_queued": -1, "device_end": -1, "host_queued_end": 1585661487.028553}, "device": "cpu", "nd_range": {"device_start": 2329263.4007512, "device_end": 2329263.401102017}, "cmdq": 0, "read": {"device_start": -1, "device_end": -1}}, "softmax131": {"write": {"device_start": -1, "host_queued_start": 1585661486.76164, "device_queued": -1, "device_end": -1, "host_queued_end": 1585661486.773732}, "device": "gpu", "nd_range": {"device_start": 1585661419.3340347, "device_end": 1585661419.339533}, "cmdq": 3, "read": {"device_start": -1, "device_end": -1}}, "empty125": {"write": {"device_start": 1585661419.290129, "host_queued_start": 1585661486.721184, "device_queued": 1585661419.289776, "device_end": 1585661419.2903576, "host_queued_end": 1585661486.773732}, "device": "gpu", "nd_range": {"device_start": 1585661419.290361, "device_end": 1585661419.2903674}, "cmdq": 0, "read": {"device_start": -1, "device_end": -1}}, "FFC_sans_bias139": {"write": {"device_start": -1, "host_queued_start": 1585661486.761141, "device_queued": -1, "device_end": -1, "host_queued_end": 1585661486.773732}, "device": "gpu", "nd_range": {"device_start": 1585661419.3261056, "device_end": 1585661419.3378618}, "cmdq": 1, "read": {"device_start": -1, "device_end": -1}}, "empty35": {"write": {"device_start": -1, "host_queued_start": 1585661486.786829, "device_queued": -1, "device_end": -1, "host_queued_end": 1585661487.028553}, "device": "cpu", "nd_range": {"device_start": 2329261.218198684, "device_end": 2329261.218199321}, "cmdq": 0, "read": {"device_start": -1, "device_end": -1}}, "softmax86": {"write": {"device_start": -1, "host_queued_start": 1585661486.97146, "device_queued": -1, "device_end": -1, "host_queued_end": 1585661487.028553}, "device": "cpu", "nd_range": {"device_start": 2329263.401640281, "device_end": 2329263.4020343632}, "cmdq": 0, "read": {"device_start": -1, "device_end": -1}}, "FFC_sans_bias55": {"write": {"device_start": -1, "host_queued_start": 1585661486.886986, "device_queued": -1, "device_end": -1, "host_queued_end": 1585661487.028553}, "device": "cpu", "nd_range": {"device_start": 2329262.025641321, "device_end": 2329262.0674834503}, "cmdq": 0, "read": {"device_start": -1, "device_end": -1}}, "FFC_sans_bias54": {"write": {"device_start": -1, "host_queued_start": 1585661486.883481, "device_queued": -1, "device_end": -1, "host_queued_end": 1585661487.028553}, "device": "cpu", "nd_range": {"device_start": 2329261.9834518693, "device_end": 2329262.025624528}, "cmdq": 0, "read": {"device_start": -1, "device_end": -1}}, "FFC_sans_bias56": {"write": {"device_start": -1, "host_queued_start": 1585661486.879986, "device_queued": -1, "device_end": -1, "host_queued_end": 1585661487.028553}, "device": "cpu", "nd_range": {"device_start": 2329261.9415775663, "device_end": 2329261.98342989}, "cmdq": 0, "read": {"device_start": -1, "device_end": -1}}, "FFC_sans_bias51": {"write": {"device_start": -1, "host_queued_start": 1585661486.976953, "device_queued": -1, "device_end": -1, "host_queued_end": 1585661487.028553}, "device": "cpu", "nd_range": {"device_start": 2329263.619712777, "device_end": 2329263.661715935}, "cmdq": 0, "read": {"device_start": -1, "device_end": -1}}, "FFC_sans_bias52": {"write": {"device_start": -1, "host_queued_start": 1585661487.000885, "device_queued": -1, "device_end": -1, "host_queued_end": 1585661487.028553}, "device": "cpu", "nd_range": {"device_start": 2329264.169664632, "device_end": 2329264.218310928}, "cmdq": 0, "read": {"device_start": -1, "device_end": -1}}, "FFC_sans_bias58": {"write": {"device_start": -1, "host_queued_start": 1585661486.961962, "device_queued": -1, "device_end": -1, "host_queued_end": 1585661487.028553}, "device": "cpu", "nd_range": {"device_start": 2329263.094048549, "device_end": 2329263.135546105}, "cmdq": 0, "read": {"device_start": -1, "device_end": -1}}, "FFC_sans_bias108": {"write": {"device_start": -1, "host_queued_start": 1585661486.943335, "device_queued": -1, "device_end": -1, "host_queued_end": 1585661487.028553}, "device": "cpu", "nd_range": {"device_start": 2329262.7055440033, "device_end": 2329262.74714002}, "cmdq": 0, "read": {"device_start": -1, "device_end": -1}}, "FFC_sans_bias109": {"write": {"device_start": -1, "host_queued_start": 1585661486.946563, "device_queued": -1, "device_end": -1, "host_queued_end": 1585661487.028553}, "device": "cpu", "nd_range": {"device_start": 2329262.74715017, "device_end": 2329262.789730524}, "cmdq": 0, "read": {"device_start": -1, "device_end": -1}}, "coalesced_transpose129": {"write": {"device_start": -1, "host_queued_start": 1585661486.759723, "device_queued": -1, "device_end": -1, "host_queued_end": 1585661486.773732}, "device": "gpu", "nd_range": {"device_start": 1585661419.3184433, "device_end": 1585661419.3259351}, "cmdq": 1, "read": {"device_start": -1, "device_end": -1}}, "FFC_sans_bias103": {"write": {"device_start": -1, "host_queued_start": 1585661486.965173, "device_queued": -1, "device_end": -1, "host_queued_end": 1585661487.028553}, "device": "cpu", "nd_range": {"device_start": 2329263.3135996643, "device_end": 2329263.355607204}, "cmdq": 0, "read": {"device_start": -1, "device_end": -1}}, "FFC_sans_bias100": {"write": {"device_start": -1, "host_queued_start": 1585661486.936327, "device_queued": -1, "device_end": -1, "host_queued_end": 1585661487.028553}, "device": "cpu", "nd_range": {"device_start": 2329262.621856519, "device_end": 2329262.6638852214}, "cmdq": 0, "read": {"device_start": -1, "device_end": -1}}, "FFC_sans_bias101": {"write": {"device_start": -1, "host_queued_start": 1585661486.939826, "device_queued": -1, "device_end": -1, "host_queued_end": 1585661487.028553}, "device": "cpu", "nd_range": {"device_start": 2329262.663907883, "device_end": 2329262.705534535}, "cmdq": 0, "read": {"device_start": -1, "device_end": -1}}, "FFC_sans_bias106": {"write": {"device_start": -1, "host_queued_start": 1585661487.024836, "device_queued": -1, "device_end": -1, "host_queued_end": 1585661487.028553}, "device": "cpu", "nd_range": {"device_start": 2329264.4305005153, "device_end": 2329264.472748001}, "cmdq": 0, "read": {"device_start": -1, "device_end": -1}}, "softmax122": {"write": {"device_start": -1, "host_queued_start": 1585661486.761394, "device_queued": -1, "device_end": -1, "host_queued_end": 1585661486.773732}, "device": "gpu", "nd_range": {"device_start": 1585661419.3300776, "device_end": 1585661419.3395288}, "cmdq": 2, "read": {"device_start": -1, "device_end": -1}}, "FFC_sans_bias105": {"write": {"device_start": -1, "host_queued_start": 1585661486.98085, "device_queued": -1, "device_end": -1, "host_queued_end": 1585661487.028553}, "device": "cpu", "nd_range": {"device_start": 2329263.869944457, "device_end": 2329263.9116893252}, "cmdq": 0, "read": {"device_start": -1, "device_end": -1}}, "softmax95": {"write": {"device_start": -1, "host_queued_start": 1585661486.971985, "device_queued": -1, "device_end": -1, "host_queued_end": 1585661487.028553}, "device": "cpu", "nd_range": {"device_start": 2329263.4020411903, "device_end": 2329263.402426761}, "cmdq": 0, "read": {"device_start": -1, "device_end": -1}}, "coalesced_transpose57": {"write": {"device_start": -1, "host_queued_start": 1585661486.953909, "device_queued": -1, "device_end": -1, "host_queued_end": 1585661487.028553}, "device": "cpu", "nd_range": {"device_start": 2329262.838415727, "device_end": 2329262.838838639}, "cmdq": 0, "read": {"device_start": -1, "device_end": -1}}, "empty26": {"write": {"device_start": -1, "host_queued_start": 1585661486.783998, "device_queued": -1, "device_end": -1, "host_queued_end": 1585661487.028553}, "device": "cpu", "nd_range": {"device_start": 2329261.2181921992, "device_end": 2329261.218192875}, "cmdq": 0, "read": {"device_start": -1, "device_end": -1}}, "softmax113": {"write": {"device_start": -1, "host_queued_start": 1585661486.973111, "device_queued": -1, "device_end": -1, "host_queued_end": 1585661487.028553}, "device": "cpu", "nd_range": {"device_start": 2329263.4029021603, "device_end": 2329263.403233989}, "cmdq": 0, "read": {"device_start": -1, "device_end": -1}}, "FFC_sans_bias11": {"write": {"device_start": -1, "host_queued_start": 1585661486.833419, "device_queued": -1, "device_end": -1, "host_queued_end": 1585661487.028553}, "device": "cpu", "nd_range": {"device_start": 2329261.399916313, "device_end": 2329261.436016345}, "cmdq": 0, "read": {"device_start": -1, "device_end": -1}}, "FFC_sans_bias42": {"write": {"device_start": -1, "host_queued_start": 1585661486.976356, "device_queued": -1, "device_end": -1, "host_queued_end": 1585661487.028553}, "device": "cpu", "nd_range": {"device_start": 2329263.578027088, "device_end": 2329263.6196974153}, "cmdq": 0, "read": {"device_start": -1, "device_end": -1}}, "FFC_sans_bias43": {"write": {"device_start": -1, "host_queued_start": 1585661486.997591, "device_queued": -1, "device_end": -1, "host_queued_end": 1585661487.028553}, "device": "cpu", "nd_range": {"device_start": 2329264.12657027, "device_end": 2329264.169646738}, "cmdq": 0, "read": {"device_start": -1, "device_end": -1}}, "FFC_sans_bias40": {"write": {"device_start": -1, "host_queued_start": 1585661486.960771, "device_queued": -1, "device_end": -1, "host_queued_end": 1585661487.028553}, "device": "cpu", "nd_range": {"device_start": 2329263.009716685, "device_end": 2329263.051839379}, "cmdq": 0, "read": {"device_start": -1, "device_end": -1}}, "FFC_sans_bias46": {"write": {"device_start": -1, "host_queued_start": 1585661486.872915, "device_queued": -1, "device_end": -1, "host_queued_end": 1585661487.028553}, "device": "cpu", "nd_range": {"device_start": 2329261.8574250094, "device_end": 2329261.899517089}, "cmdq": 0, "read": {"device_start": -1, "device_end": -1}}, "FFC_sans_bias47": {"write": {"device_start": -1, "host_queued_start": 1585661486.876486, "device_queued": -1, "device_end": -1, "host_queued_end": 1585661487.028553}, "device": "cpu", "nd_range": {"device_start": 2329261.8997215834, "device_end": 2329261.941561466}, "cmdq": 0, "read": {"device_start": -1, "device_end": -1}}, "FFC_sans_bias45": {"write": {"device_start": -1, "host_queued_start": 1585661486.869446, "device_queued": -1, "device_end": -1, "host_queued_end": 1585661487.028553}, "device": "cpu", "nd_range": {"device_start": 2329261.8149651843, "device_end": 2329261.857401812}, "cmdq": 0, "read": {"device_start": -1, "device_end": -1}}, "FFC_sans_bias49": {"write": {"device_start": -1, "host_queued_start": 1585661486.961365, "device_queued": -1, "device_end": -1, "host_queued_end": 1585661487.028553}, "device": "cpu", "nd_range": {"device_start": 2329263.0520302253, "device_end": 2329263.094026878}, "cmdq": 0, "read": {"device_start": -1, "device_end": -1}}, "softmax77": {"write": {"device_start": -1, "host_queued_start": 1585661486.970936, "device_queued": -1, "device_end": -1, "host_queued_end": 1585661487.028553}, "device": "cpu", "nd_range": {"device_start": 2329263.401260985, "device_end": 2329263.401633447}, "cmdq": 0, "read": {"device_start": -1, "device_end": -1}}, "empty134": {"write": {"device_start": 1585661419.290481, "host_queued_start": 1585661486.724816, "device_queued": 1585661419.2900002, "device_end": 1585661419.2907662, "host_queued_end": 1585661486.773732}, "device": "gpu", "nd_range": {"device_start": 1585661419.2908206, "device_end": 1585661419.2908719}, "cmdq": 1, "read": {"device_start": -1, "device_end": -1}}, "coalesced_transpose138": {"write": {"device_start": -1, "host_queued_start": 1585661486.760111, "device_queued": -1, "device_end": -1, "host_queued_end": 1585661486.773732}, "device": "gpu", "nd_range": {"device_start": 1585661419.3223062, "device_end": 1585661419.3259788}, "cmdq": 2, "read": {"device_start": -1, "device_end": -1}}, "FFC_sans_bias119": {"write": {"device_start": 1585661419.2918384, "host_queued_start": 1585661486.737813, "device_queued": 1585661419.2915344, "device_end": 1585661419.2921028, "host_queued_end": 1585661486.773732}, "device": "gpu", "nd_range": {"device_start": 1585661419.2921264, "device_end": 1585661419.3031337}, "cmdq": 1, "read": {"device_start": -1, "device_end": -1}}, "FFC_sans_bias118": {"write": {"device_start": 1585661419.2915285, "host_queued_start": 1585661486.734265, "device_queued": 1585661419.2912793, "device_end": 1585661419.2916849, "host_queued_end": 1585661486.773732}, "device": "gpu", "nd_range": {"device_start": 1585661419.2916892, "device_end": 1585661419.2991865}, "cmdq": 0, "read": {"device_start": -1, "device_end": -1}}, "empty143": {"write": {"device_start": 1585661419.2908065, "host_queued_start": 1585661486.727602, "device_queued": 1585661419.2903717, "device_end": 1585661419.2911103, "host_queued_end": 1585661486.773732}, "device": "gpu", "nd_range": {"device_start": 1585661419.2911134, "device_end": 1585661419.2911181}, "cmdq": 2, "read": {"device_start": -1, "device_end": -1}}, "FFC_sans_bias115": {"write": {"device_start": -1, "host_queued_start": 1585661487.028479, "device_queued": -1, "device_end": -1, "host_queued_end": 1585661487.028553}, "device": "cpu", "nd_range": {"device_start": 2329264.472755139, "device_end": 2329264.515684917}, "cmdq": 0, "read": {"device_start": -1, "device_end": -1}}, "FFC_sans_bias114": {"write": {"device_start": -1, "host_queued_start": 1585661486.98148, "device_queued": -1, "device_end": -1, "host_queued_end": 1585661487.028553}, "device": "cpu", "nd_range": {"device_start": 2329263.9117011493, "device_end": 2329263.956726394}, "cmdq": 0, "read": {"device_start": -1, "device_end": -1}}, "FFC_sans_bias117": {"write": {"device_start": 1585661419.2911644, "host_queued_start": 1585661486.730594, "device_queued": 1585661419.290778, "device_end": 1585661419.29127, "host_queued_end": 1585661486.773732}, "device": "gpu", "nd_range": {"device_start": 1585661419.2912736, "device_end": 1585661419.2952669}, "cmdq": 3, "read": {"device_start": -1, "device_end": -1}}, "softmax5": {"write": {"device_start": -1, "host_queued_start": 1585661486.966346, "device_queued": -1, "device_end": -1, "host_queued_end": 1585661487.028553}, "device": "cpu", "nd_range": {"device_start": 2329263.397354662, "device_end": 2329263.397752858}, "cmdq": 0, "read": {"device_start": -1, "device_end": -1}}, "FFC_sans_bias110": {"write": {"device_start": -1, "host_queued_start": 1585661486.949849, "device_queued": -1, "device_end": -1, "host_queued_end": 1585661487.028553}, "device": "cpu", "nd_range": {"device_start": 2329262.789746683, "device_end": 2329262.8340757093}, "cmdq": 0, "read": {"device_start": -1, "device_end": -1}}, "FFC_sans_bias112": {"write": {"device_start": -1, "host_queued_start": 1585661486.96581, "device_queued": -1, "device_end": -1, "host_queued_end": 1585661487.028553}, "device": "cpu", "nd_range": {"device_start": 2329263.355626488, "device_end": 2329263.397335194}, "cmdq": 0, "read": {"device_start": -1, "device_end": -1}}, "empty53": {"write": {"device_start": -1, "host_queued_start": 1585661486.792544, "device_queued": -1, "device_end": -1, "host_queued_end": 1585661487.028553}, "device": "cpu", "nd_range": {"device_start": 2329261.2182089523, "device_end": 2329261.218209707}, "cmdq": 0, "read": {"device_start": -1, "device_end": -1}}, "coalesced_transpose48": {"write": {"device_start": -1, "host_queued_start": 1585661486.953286, "device_queued": -1, "device_end": -1, "host_queued_end": 1585661487.028553}, "device": "cpu", "nd_range": {"device_start": 2329262.8378041033, "device_end": 2329262.838275218}, "cmdq": 0, "read": {"device_start": -1, "device_end": -1}}}