{"FFC_sans_bias4": {"write": {"device_start": -1, "host_queued_start": 1585662100.538135, "device_queued": -1, "device_end": -1, "host_queued_end": 1585662100.543215}, "device": "cpu", "nd_range": {"device_start": 2329874.8466775613, "device_end": 2329874.882349812}, "cmdq": 1, "read": {"device_start": -1, "device_end": -1}}, "FFC_sans_bias7": {"write": {"device_start": -1, "host_queued_start": 1585662100.543052, "device_queued": -1, "device_end": -1, "host_queued_end": 1585662100.543215}, "device": "cpu", "nd_range": {"device_start": 2329874.919406615, "device_end": 2329874.955745979}, "cmdq": 0, "read": {"device_start": -1, "device_end": -1}}, "FFC_sans_bias6": {"write": {"device_start": -1, "host_queued_start": 1585662100.53934, "device_queued": -1, "device_end": -1, "host_queued_end": 1585662100.543215}, "device": "cpu", "nd_range": {"device_start": 2329874.882900927, "device_end": 2329874.919359006}, "cmdq": 3, "read": {"device_start": -1, "device_end": -1}}, "FFC_sans_bias1": {"write": {"device_start": -1, "host_queued_start": 1585662100.533065, "device_queued": -1, "device_end": -1, "host_queued_end": 1585662100.543215}, "device": "cpu", "nd_range": {"device_start": 2329874.732920124, "device_end": 2329874.828776386}, "cmdq": 2, "read": {"device_start": -1, "device_end": -1}}, "FFC_sans_bias0": {"write": {"device_start": -1, "host_queued_start": 1585662100.52954, "device_queued": -1, "device_end": -1, "host_queued_end": 1585662100.543215}, "device": "cpu", "nd_range": {"device_start": 2329874.73291805, "device_end": 2329874.8466311563}, "cmdq": 1, "read": {"device_start": -1, "device_end": -1}}, "FFC_sans_bias2": {"write": {"device_start": -1, "host_queued_start": 1585662100.537023, "device_queued": -1, "device_end": -1, "host_queued_end": 1585662100.543215}, "device": "cpu", "nd_range": {"device_start": 2329874.732931227, "device_end": 2329874.7950910414}, "cmdq": 3, "read": {"device_start": -1, "device_end": -1}}, "coalesced_transpose120": {"write": {"device_start": -1, "host_queued_start": 1585662100.449394, "device_queued": -1, "device_end": -1, "host_queued_end": 1585662100.520052}, "device": "gpu", "nd_range": {"device_start": 1585662033.1723392, "device_end": 1585662033.1724045}, "cmdq": 2, "read": {"device_start": -1, "device_end": -1}}, "FFC_sans_bias9": {"write": {"device_start": 1585662033.0256457, "host_queued_start": 1585662100.288569, "device_queued": 1585662033.0253222, "device_end": 1585662033.0257611, "host_queued_end": 1585662100.520052}, "device": "gpu", "nd_range": {"device_start": 1585662033.025771, "device_end": 1585662033.0291378}, "cmdq": 0, "read": {"device_start": -1, "device_end": -1}}, "empty71": {"write": {"device_start": 1585662033.0225034, "host_queued_start": 1585662100.263313, "device_queued": 1585662033.0220897, "device_end": 1585662033.0227284, "host_queued_end": 1585662100.520052}, "device": "gpu", "nd_range": {"device_start": 1585662033.0231736, "device_end": 1585662033.023234}, "cmdq": 1, "read": {"device_start": -1, "device_end": -1}}, "softmax41": {"write": {"device_start": -1, "host_queued_start": 1585662100.456236, "device_queued": -1, "device_end": -1, "host_queued_end": 1585662100.520052}, "device": "gpu", "nd_range": {"device_start": 1585662033.214868, "device_end": 1585662033.2197173}, "cmdq": 3, "read": {"device_start": -1, "device_end": -1}}, "FFC_sans_bias37": {"write": {"device_start": 1585662033.0503166, "host_queued_start": 1585662100.324404, "device_queued": 1585662033.0287578, "device_end": 1585662033.0505989, "host_queued_end": 1585662100.520052}, "device": "gpu", "nd_range": {"device_start": 1585662033.0506167, "device_end": 1585662033.061677}, "cmdq": 0, "read": {"device_start": -1, "device_end": -1}}, "FFC_sans_bias36": {"write": {"device_start": 1585662033.042581, "host_queued_start": 1585662100.320661, "device_queued": 1585662033.0281708, "device_end": 1585662033.042693, "host_queued_end": 1585662100.520052}, "device": "gpu", "nd_range": {"device_start": 1585662033.0427082, "device_end": 1585662033.0584161}, "cmdq": 4, "read": {"device_start": -1, "device_end": -1}}, "FFC_sans_bias34": {"write": {"device_start": 1585662033.2721202, "host_queued_start": 1585662100.4804, "device_queued": 1585662033.070146, "device_end": 1585662033.2722225, "host_queued_end": 1585662100.520052}, "device": "gpu", "nd_range": {"device_start": 1585662033.2722273, "device_end": 1585662033.2848296}, "cmdq": 2, "read": {"device_start": 1585662033.2848415, "device_end": 1585662033.2849486}}, "FFC_sans_bias33": {"write": {"device_start": -1, "host_queued_start": 1585662100.46245, "device_queued": -1, "device_end": -1, "host_queued_end": 1585662100.520052}, "device": "gpu", "nd_range": {"device_start": 1585662033.2277448, "device_end": 1585662033.2425482}, "cmdq": 2, "read": {"device_start": -1, "device_end": -1}}, "FFC_sans_bias31": {"write": {"device_start": -1, "host_queued_start": 1585662100.451098, "device_queued": -1, "device_end": -1, "host_queued_end": 1585662100.520052}, "device": "gpu", "nd_range": {"device_start": 1585662033.172406, "device_end": 1585662033.1824312}, "cmdq": 2, "read": {"device_start": -1, "device_end": -1}}, "FFC_sans_bias38": {"write": {"device_start": 1585662033.0506306, "host_queued_start": 1585662100.327802, "device_queued": 1585662033.0290072, "device_end": 1585662033.0507321, "host_queued_end": 1585662100.520052}, "device": "gpu", "nd_range": {"device_start": 1585662033.0507407, "device_end": 1585662033.0649428}, "cmdq": 1, "read": {"device_start": -1, "device_end": -1}}, "coalesced_transpose75": {"write": {"device_start": -1, "host_queued_start": 1585662100.447644, "device_queued": -1, "device_end": -1, "host_queued_end": 1585662100.520052}, "device": "gpu", "nd_range": {"device_start": 1585662033.172251, "device_end": 1585662033.1723382}, "cmdq": 2, "read": {"device_start": -1, "device_end": -1}}, "softmax140": {"write": {"device_start": -1, "host_queued_start": 1585662100.460581, "device_queued": -1, "device_end": -1, "host_queued_end": 1585662100.520052}, "device": "gpu", "nd_range": {"device_start": 1585662033.2223814, "device_end": 1585662033.2227972}, "cmdq": 4, "read": {"device_start": -1, "device_end": -1}}, "empty44": {"write": {"device_start": 1585662033.0215063, "host_queued_start": 1585662100.254436, "device_queued": 1585662033.0211713, "device_end": 1585662033.0217888, "host_queued_end": 1585662100.520052}, "device": "gpu", "nd_range": {"device_start": 1585662033.021794, "device_end": 1585662033.0217981}, "cmdq": 3, "read": {"device_start": -1, "device_end": -1}}, "FFC_sans_bias137": {"write": {"device_start": 1585662033.1531663, "host_queued_start": 1585662100.441404, "device_queued": 1585662033.0372262, "device_end": 1585662033.1532652, "host_queued_end": 1585662100.520052}, "device": "gpu", "nd_range": {"device_start": 1585662033.1532726, "device_end": 1585662033.1691256}, "cmdq": 3, "read": {"device_start": -1, "device_end": -1}}, "empty8": {"write": {"device_start": -1, "host_queued_start": 1585662100.525775, "device_queued": -1, "device_end": -1, "host_queued_end": 1585662100.543215}, "device": "cpu", "nd_range": {"device_start": 2329874.732891995, "device_end": 2329874.732905956}, "cmdq": 0, "read": {"device_start": -1, "device_end": -1}}, "softmax50": {"write": {"device_start": -1, "host_queued_start": 1585662100.456506, "device_queued": -1, "device_end": -1, "host_queued_end": 1585662100.520052}, "device": "gpu", "nd_range": {"device_start": 1585662033.221538, "device_end": 1585662033.221958}, "cmdq": 4, "read": {"device_start": -1, "device_end": -1}}, "softmax59": {"write": {"device_start": -1, "host_queued_start": 1585662100.456842, "device_queued": -1, "device_end": -1, "host_queued_end": 1585662100.520052}, "device": "gpu", "nd_range": {"device_start": 1585662033.216449, "device_end": 1585662033.219728}, "cmdq": 0, "read": {"device_start": -1, "device_end": -1}}, "FFC_sans_bias142": {"write": {"device_start": 1585662033.3048856, "host_queued_start": 1585662100.519916, "device_queued": 1585662033.0733018, "device_end": 1585662033.3049824, "host_queued_end": 1585662100.520052}, "device": "gpu", "nd_range": {"device_start": 1585662033.304989, "device_end": 1585662033.3204923}, "cmdq": 4, "read": {"device_start": 1585662033.320502, "device_end": 1585662033.3205872}}, "FFC_sans_bias141": {"write": {"device_start": -1, "host_queued_start": 1585662100.470094, "device_queued": -1, "device_end": -1, "host_queued_end": 1585662100.520052}, "device": "gpu", "nd_range": {"device_start": 1585662033.235981, "device_end": 1585662033.2522724}, "cmdq": 4, "read": {"device_start": -1, "device_end": -1}}, "FFC_sans_bias24": {"write": {"device_start": -1, "host_queued_start": 1585662100.461833, "device_queued": -1, "device_end": -1, "host_queued_end": 1585662100.520052}, "device": "gpu", "nd_range": {"device_start": 1585662033.223063, "device_end": 1585662033.232838}, "cmdq": 1, "read": {"device_start": -1, "device_end": -1}}, "FFC_sans_bias25": {"write": {"device_start": 1585662033.265607, "host_queued_start": 1585662100.477048, "device_queued": 1585662033.0700169, "device_end": 1585662033.2657027, "host_queued_end": 1585662100.520052}, "device": "gpu", "nd_range": {"device_start": 1585662033.2657118, "device_end": 1585662033.2783377}, "cmdq": 1, "read": {"device_start": 1585662033.2783425, "device_end": 1585662033.278436}}, "FFC_sans_bias27": {"write": {"device_start": 1585662033.0328925, "host_queued_start": 1585662100.30994, "device_queued": 1585662033.0277295, "device_end": 1585662033.032983, "host_queued_end": 1585662100.520052}, "device": "gpu", "nd_range": {"device_start": 1585662033.0329883, "device_end": 1585662033.0486743}, "cmdq": 1, "read": {"device_start": -1, "device_end": -1}}, "FFC_sans_bias20": {"write": {"device_start": 1585662033.029446, "host_queued_start": 1585662100.306364, "device_queued": 1585662033.0274978, "device_end": 1585662033.0295427, "host_queued_end": 1585662100.520052}, "device": "gpu", "nd_range": {"device_start": 1585662033.0295534, "device_end": 1585662033.0454495}, "cmdq": 0, "read": {"device_start": -1, "device_end": -1}}, "FFC_sans_bias22": {"write": {"device_start": -1, "host_queued_start": 1585662100.450776, "device_queued": -1, "device_end": -1, "host_queued_end": 1585662100.520052}, "device": "gpu", "nd_range": {"device_start": 1585662033.1723993, "device_end": 1585662033.1791139}, "cmdq": 1, "read": {"device_start": -1, "device_end": -1}}, "FFC_sans_bias130": {"write": {"device_start": -1, "host_queued_start": 1585662100.454894, "device_queued": -1, "device_end": -1, "host_queued_end": 1585662100.520052}, "device": "gpu", "nd_range": {"device_start": 1585662033.1986096, "device_end": 1585662033.2148666}, "cmdq": 3, "read": {"device_start": -1, "device_end": -1}}, "FFC_sans_bias28": {"write": {"device_start": 1585662033.0361977, "host_queued_start": 1585662100.313572, "device_queued": 1585662033.0279129, "device_end": 1585662033.0362947, "host_queued_end": 1585662100.520052}, "device": "gpu", "nd_range": {"device_start": 1585662033.036298, "device_end": 1585662033.051913}, "cmdq": 2, "read": {"device_start": -1, "device_end": -1}}, "FFC_sans_bias29": {"write": {"device_start": 1585662033.039272, "host_queued_start": 1585662100.317047, "device_queued": 1585662033.0280488, "device_end": 1585662033.0393705, "host_queued_end": 1585662100.520052}, "device": "gpu", "nd_range": {"device_start": 1585662033.0393758, "device_end": 1585662033.0551658}, "cmdq": 3, "read": {"device_start": -1, "device_end": -1}}, "coalesced_transpose66": {"write": {"device_start": -1, "host_queued_start": 1585662100.447311, "device_queued": -1, "device_end": -1, "host_queued_end": 1585662100.520052}, "device": "gpu", "nd_range": {"device_start": 1585662033.172245, "device_end": 1585662033.1723127}, "cmdq": 1, "read": {"device_start": -1, "device_end": -1}}, "coalesced_transpose93": {"write": {"device_start": -1, "host_queued_start": 1585662100.44832, "device_queued": -1, "device_end": -1, "host_queued_end": 1585662100.520052}, "device": "gpu", "nd_range": {"device_start": 1585662033.1724312, "device_end": 1585662033.1853106}, "cmdq": 4, "read": {"device_start": -1, "device_end": -1}}, "softmax23": {"write": {"device_start": -1, "host_queued_start": 1585662100.455731, "device_queued": -1, "device_end": -1, "host_queued_end": 1585662100.520052}, "device": "gpu", "nd_range": {"device_start": 1585662033.2051604, "device_end": 1585662033.216452}, "cmdq": 1, "read": {"device_start": -1, "device_end": -1}}, "empty62": {"write": {"device_start": 1585662033.0221705, "host_queued_start": 1585662100.260521, "device_queued": 1585662033.0218086, "device_end": 1585662033.0224965, "host_queued_end": 1585662100.520052}, "device": "gpu", "nd_range": {"device_start": 1585662033.0225072, "device_end": 1585662033.0225177}, "cmdq": 0, "read": {"device_start": -1, "device_end": -1}}, "FFC_sans_bias10": {"write": {"device_start": 1585662033.0260625, "host_queued_start": 1585662100.292113, "device_queued": 1585662033.0257962, "device_end": 1585662033.02634, "host_queued_end": 1585662100.520052}, "device": "gpu", "nd_range": {"device_start": 1585662033.026948, "device_end": 1585662033.0324636}, "cmdq": 1, "read": {"device_start": -1, "device_end": -1}}, "FFC_sans_bias13": {"write": {"device_start": -1, "host_queued_start": 1585662100.450431, "device_queued": -1, "device_end": -1, "host_queued_end": 1585662100.520052}, "device": "gpu", "nd_range": {"device_start": 1585662033.1723921, "device_end": 1585662033.1757727}, "cmdq": 0, "read": {"device_start": -1, "device_end": -1}}, "FFC_sans_bias15": {"write": {"device_start": -1, "host_queued_start": 1585662100.461198, "device_queued": -1, "device_end": -1, "host_queued_end": 1585662100.520052}, "device": "gpu", "nd_range": {"device_start": 1585662033.2230585, "device_end": 1585662033.2295265}, "cmdq": 0, "read": {"device_start": -1, "device_end": -1}}, "FFC_sans_bias16": {"write": {"device_start": 1585662033.2623286, "host_queued_start": 1585662100.473649, "device_queued": 1585662033.0697417, "device_end": 1585662033.2624216, "host_queued_end": 1585662100.520052}, "device": "gpu", "nd_range": {"device_start": 1585662033.2624302, "device_end": 1585662033.275075}, "cmdq": 0, "read": {"device_start": 1585662033.2750764, "device_end": 1585662033.275205}}, "FFC_sans_bias19": {"write": {"device_start": 1585662033.02704, "host_queued_start": 1585662100.302772, "device_queued": 1585662033.026699, "device_end": 1585662033.0271494, "host_queued_end": 1585662100.520052}, "device": "gpu", "nd_range": {"device_start": 1585662033.0274029, "device_end": 1585662033.0421658}, "cmdq": 4, "read": {"device_start": -1, "device_end": -1}}, "FFC_sans_bias18": {"write": {"device_start": 1585662033.0266879, "host_queued_start": 1585662100.299371, "device_queued": 1585662033.0263553, "device_end": 1585662033.026909, "host_queued_end": 1585662100.520052}, "device": "gpu", "nd_range": {"device_start": 1585662033.0272818, "device_end": 1585662033.038872}, "cmdq": 3, "read": {"device_start": -1, "device_end": -1}}, "FFC_sans_bias99": {"write": {"device_start": 1585662033.1107895, "host_queued_start": 1585662100.395191, "device_queued": 1585662033.0340822, "device_end": 1585662033.110883, "host_queued_end": 1585662100.520052}, "device": "gpu", "nd_range": {"device_start": 1585662033.1108925, "device_end": 1585662033.1267908}, "cmdq": 0, "read": {"device_start": -1, "device_end": -1}}, "FFC_sans_bias91": {"write": {"device_start": 1585662033.1042645, "host_queued_start": 1585662100.388056, "device_queued": 1585662033.0333648, "device_end": 1585662033.1043637, "host_queued_end": 1585662100.520052}, "device": "gpu", "nd_range": {"device_start": 1585662033.1043673, "device_end": 1585662033.120291}, "cmdq": 3, "read": {"device_start": -1, "device_end": -1}}, "FFC_sans_bias90": {"write": {"device_start": 1585662033.1010745, "host_queued_start": 1585662100.384623, "device_queued": 1585662033.0332468, "device_end": 1585662033.101174, "host_queued_end": 1585662100.520052}, "device": "gpu", "nd_range": {"device_start": 1585662033.1011786, "device_end": 1585662033.1170168}, "cmdq": 2, "read": {"device_start": -1, "device_end": -1}}, "coalesced_transpose12": {"write": {"device_start": -1, "host_queued_start": 1585662100.445308, "device_queued": -1, "device_end": -1, "host_queued_end": 1585662100.520052}, "device": "gpu", "nd_range": {"device_start": 1585662033.1593614, "device_end": 1585662033.1721756}, "cmdq": 0, "read": {"device_start": -1, "device_end": -1}}, "FFC_sans_bias94": {"write": {"device_start": -1, "host_queued_start": 1585662100.453555, "device_queued": -1, "device_end": -1, "host_queued_end": 1585662100.520052}, "device": "gpu", "nd_range": {"device_start": 1585662033.2083645, "device_end": 1585662033.2181234}, "cmdq": 4, "read": {"device_start": -1, "device_end": -1}}, "FFC_sans_bias97": {"write": {"device_start": 1585662033.2886815, "host_queued_start": 1585662100.503475, "device_queued": 1585662033.0719104, "device_end": 1585662033.28878, "host_queued_end": 1585662100.520052}, "device": "gpu", "nd_range": {"device_start": 1585662033.2887857, "device_end": 1585662033.3043306}, "cmdq": 4, "read": {"device_start": 1585662033.3043373, "device_end": 1585662033.304425}}, "FFC_sans_bias96": {"write": {"device_start": -1, "host_queued_start": 1585662100.466928, "device_queued": -1, "device_end": -1, "host_queued_end": 1585662100.520052}, "device": "gpu", "nd_range": {"device_start": 1585662033.2261715, "device_end": 1585662033.235979}, "cmdq": 4, "read": {"device_start": -1, "device_end": -1}}, "FFC_sans_bias124": {"write": {"device_start": 1585662033.3016582, "host_queued_start": 1585662100.51335, "device_queued": 1585662033.0730402, "device_end": 1585662033.3017612, "host_queued_end": 1585662100.520052}, "device": "gpu", "nd_range": {"device_start": 1585662033.301767, "device_end": 1585662033.3172646}, "cmdq": 2, "read": {"device_start": 1585662033.3172667, "device_end": 1585662033.3173594}}, "FFC_sans_bias126": {"write": {"device_start": 1585662033.1433294, "host_queued_start": 1585662100.430696, "device_queued": 1585662033.0367248, "device_end": 1585662033.1434262, "host_queued_end": 1585662100.520052}, "device": "gpu", "nd_range": {"device_start": 1585662033.1434348, "device_end": 1585662033.1593592}, "cmdq": 0, "read": {"device_start": -1, "device_end": -1}}, "softmax32": {"write": {"device_start": -1, "host_queued_start": 1585662100.455981, "device_queued": -1, "device_end": -1, "host_queued_end": 1585662100.520052}, "device": "gpu", "nd_range": {"device_start": 1585662033.2116048, "device_end": 1585662033.2197232}, "cmdq": 2, "read": {"device_start": -1, "device_end": -1}}, "coalesced_transpose84": {"write": {"device_start": -1, "host_queued_start": 1585662100.44799, "device_queued": -1, "device_end": -1, "host_queued_end": 1585662100.520052}, "device": "gpu", "nd_range": {"device_start": 1585662033.1722817, "device_end": 1585662033.1723442}, "cmdq": 3, "read": {"device_start": -1, "device_end": -1}}, "FFC_sans_bias121": {"write": {"device_start": -1, "host_queued_start": 1585662100.454532, "device_queued": -1, "device_end": -1, "host_queued_end": 1585662100.520052}, "device": "gpu", "nd_range": {"device_start": 1585662033.195348, "device_end": 1585662033.2116027}, "cmdq": 2, "read": {"device_start": -1, "device_end": -1}}, "empty98": {"write": {"device_start": 1585662033.0234704, "host_queued_start": 1585662100.271725, "device_queued": 1585662033.0231206, "device_end": 1585662033.023779, "host_queued_end": 1585662100.520052}, "device": "gpu", "nd_range": {"device_start": 1585662033.023783, "device_end": 1585662033.0237892}, "cmdq": 4, "read": {"device_start": -1, "device_end": -1}}, "empty107": {"write": {"device_start": 1585662033.0238695, "host_queued_start": 1585662100.274597, "device_queued": 1585662033.0234673, "device_end": 1585662033.02421, "host_queued_end": 1585662100.520052}, "device": "gpu", "nd_range": {"device_start": 1585662033.0242202, "device_end": 1585662033.0242243}, "cmdq": 0, "read": {"device_start": -1, "device_end": -1}}, "empty17": {"write": {"device_start": 1585662033.0204055, "host_queued_start": 1585662100.245156, "device_queued": 1585662033.020061, "device_end": 1585662033.0205128, "host_queued_end": 1585662100.520052}, "device": "gpu", "nd_range": {"device_start": 1585662033.0205507, "device_end": 1585662033.0205548}, "cmdq": 0, "read": {"device_start": -1, "device_end": -1}}, "FFC_sans_bias87": {"write": {"device_start": -1, "host_queued_start": 1585662100.466277, "device_queued": -1, "device_end": -1, "host_queued_end": 1585662100.520052}, "device": "gpu", "nd_range": {"device_start": 1585662033.23927, "device_end": 1585662033.2555456}, "cmdq": 3, "read": {"device_start": -1, "device_end": -1}}, "FFC_sans_bias85": {"write": {"device_start": -1, "host_queued_start": 1585662100.453215, "device_queued": -1, "device_end": -1, "host_queued_end": 1585662100.520052}, "device": "gpu", "nd_range": {"device_start": 1585662033.1855092, "device_end": 1585662033.1986082}, "cmdq": 3, "read": {"device_start": -1, "device_end": -1}}, "FFC_sans_bias82": {"write": {"device_start": 1585662033.094565, "host_queued_start": 1585662100.377424, "device_queued": 1585662033.0327272, "device_end": 1585662033.094659, "host_queued_end": 1585662100.520052}, "device": "gpu", "nd_range": {"device_start": 1585662033.094668, "device_end": 1585662033.1105201}, "cmdq": 0, "read": {"device_start": -1, "device_end": -1}}, "FFC_sans_bias83": {"write": {"device_start": 1585662033.0978603, "host_queued_start": 1585662100.380957, "device_queued": 1585662033.0331318, "device_end": 1585662033.0979643, "host_queued_end": 1585662100.520052}, "device": "gpu", "nd_range": {"device_start": 1585662033.0979688, "device_end": 1585662033.1137877}, "cmdq": 1, "read": {"device_start": -1, "device_end": -1}}, "FFC_sans_bias81": {"write": {"device_start": 1585662033.0912693, "host_queued_start": 1585662100.373838, "device_queued": 1585662033.0319843, "device_end": 1585662033.0913684, "host_queued_end": 1585662100.520052}, "device": "gpu", "nd_range": {"device_start": 1585662033.0913794, "device_end": 1585662033.107268}, "cmdq": 4, "read": {"device_start": -1, "device_end": -1}}, "FFC_sans_bias88": {"write": {"device_start": 1585662033.2821703, "host_queued_start": 1585662100.500085, "device_queued": 1585662033.0717223, "device_end": 1585662033.282269, "host_queued_end": 1585662100.520052}, "device": "gpu", "nd_range": {"device_start": 1585662033.2822733, "device_end": 1585662033.2978027}, "cmdq": 3, "read": {"device_start": 1585662033.2978094, "device_end": 1585662033.297899}}, "coalesced_transpose30": {"write": {"device_start": -1, "host_queued_start": 1585662100.445951, "device_queued": -1, "device_end": -1, "host_queued_end": 1585662100.520052}, "device": "gpu", "nd_range": {"device_start": 1585662033.1658733, "device_end": 1585662033.17225}, "cmdq": 2, "read": {"device_start": -1, "device_end": -1}}, "FFC_sans_bias128": {"write": {"device_start": 1585662033.1401021, "host_queued_start": 1585662100.427223, "device_queued": 1585662033.0360131, "device_end": 1585662033.140199, "host_queued_end": 1585662100.520052}, "device": "gpu", "nd_range": {"device_start": 1585662033.1402106, "device_end": 1585662033.1561465}, "cmdq": 4, "read": {"device_start": -1, "device_end": -1}}, "coalesced_transpose39": {"write": {"device_start": -1, "host_queued_start": 1585662100.446326, "device_queued": -1, "device_end": -1, "host_queued_end": 1585662100.520052}, "device": "gpu", "nd_range": {"device_start": 1585662033.1691318, "device_end": 1585662033.1722682}, "cmdq": 3, "read": {"device_start": -1, "device_end": -1}}, "FFC_sans_bias79": {"write": {"device_start": 1585662033.2854621, "host_queued_start": 1585662100.496742, "device_queued": 1585662033.0715642, "device_end": 1585662033.2855597, "host_queued_end": 1585662100.520052}, "device": "gpu", "nd_range": {"device_start": 1585662033.2855654, "device_end": 1585662033.301094}, "cmdq": 2, "read": {"device_start": 1585662033.301103, "device_end": 1585662033.3011923}}, "FFC_sans_bias78": {"write": {"device_start": -1, "host_queued_start": 1585662100.465701, "device_queued": -1, "device_end": -1, "host_queued_end": 1585662100.520052}, "device": "gpu", "nd_range": {"device_start": 1585662033.2425494, "device_end": 1585662033.258798}, "cmdq": 2, "read": {"device_start": -1, "device_end": -1}}, "FFC_sans_bias73": {"write": {"device_start": 1585662033.0847745, "host_queued_start": 1585662100.366889, "device_queued": 1585662033.0317423, "device_end": 1585662033.0848746, "host_queued_end": 1585662100.520052}, "device": "gpu", "nd_range": {"device_start": 1585662033.0848844, "device_end": 1585662033.1007922}, "cmdq": 2, "read": {"device_start": -1, "device_end": -1}}, "FFC_sans_bias72": {"write": {"device_start": 1585662033.0815294, "host_queued_start": 1585662100.363323, "device_queued": 1585662033.031625, "device_end": 1585662033.0816243, "host_queued_end": 1585662100.520052}, "device": "gpu", "nd_range": {"device_start": 1585662033.0816336, "device_end": 1585662033.097566}, "cmdq": 1, "read": {"device_start": -1, "device_end": -1}}, "FFC_sans_bias70": {"write": {"device_start": 1585662033.2789276, "host_queued_start": 1585662100.493394, "device_queued": 1585662033.0713925, "device_end": 1585662033.2790248, "host_queued_end": 1585662100.520052}, "device": "gpu", "nd_range": {"device_start": 1585662033.2790325, "device_end": 1585662033.2945428}, "cmdq": 1, "read": {"device_start": 1585662033.2945542, "device_end": 1585662033.294644}}, "FFC_sans_bias76": {"write": {"device_start": -1, "host_queued_start": 1585662100.452803, "device_queued": -1, "device_end": -1, "host_queued_end": 1585662100.520052}, "device": "gpu", "nd_range": {"device_start": 1585662033.1824324, "device_end": 1585662033.1953468}, "cmdq": 2, "read": {"device_start": -1, "device_end": -1}}, "FFC_sans_bias74": {"write": {"device_start": 1585662033.0879812, "host_queued_start": 1585662100.370391, "device_queued": 1585662033.0318606, "device_end": 1585662033.0880778, "host_queued_end": 1585662100.520052}, "device": "gpu", "nd_range": {"device_start": 1585662033.088089, "device_end": 1585662033.1039836}, "cmdq": 3, "read": {"device_start": -1, "device_end": -1}}, "coalesced_transpose102": {"write": {"device_start": -1, "host_queued_start": 1585662100.448755, "device_queued": -1, "device_end": -1, "host_queued_end": 1585662100.520052}, "device": "gpu", "nd_range": {"device_start": 1585662033.172309, "device_end": 1585662033.1723907}, "cmdq": 0, "read": {"device_start": -1, "device_end": -1}}, "coalesced_transpose3": {"write": {"device_start": -1, "host_queued_start": 1585662100.537507, "device_queued": -1, "device_end": -1, "host_queued_end": 1585662100.543215}, "device": "cpu", "nd_range": {"device_start": 2329874.837537054, "device_end": 2329874.8384356033}, "cmdq": 0, "read": {"device_start": -1, "device_end": -1}}, "FFC_sans_bias127": {"write": {"device_start": 1585662033.146605, "host_queued_start": 1585662100.434296, "device_queued": 1585662033.0369792, "device_end": 1585662033.146698, "host_queued_end": 1585662100.520052}, "device": "gpu", "nd_range": {"device_start": 1585662033.1467028, "device_end": 1585662033.1626139}, "cmdq": 1, "read": {"device_start": -1, "device_end": -1}}, "empty89": {"write": {"device_start": 1585662033.0231512, "host_queued_start": 1585662100.268856, "device_queued": 1585662033.0227485, "device_end": 1585662033.023442, "host_queued_end": 1585662100.520052}, "device": "gpu", "nd_range": {"device_start": 1585662033.0234551, "device_end": 1585662033.023459}, "cmdq": 3, "read": {"device_start": -1, "device_end": -1}}, "FFC_sans_bias123": {"write": {"device_start": -1, "host_queued_start": 1585662100.468773, "device_queued": -1, "device_end": -1, "host_queued_end": 1585662100.520052}, "device": "gpu", "nd_range": {"device_start": 1585662033.2587998, "device_end": 1585662033.2718053}, "cmdq": 2, "read": {"device_start": -1, "device_end": -1}}, "empty80": {"write": {"device_start": 1585662033.0228505, "host_queued_start": 1585662100.266051, "device_queued": 1585662033.0225163, "device_end": 1585662033.023102, "host_queued_end": 1585662100.520052}, "device": "gpu", "nd_range": {"device_start": 1585662033.0232055, "device_end": 1585662033.0232577}, "cmdq": 2, "read": {"device_start": -1, "device_end": -1}}, "empty116": {"write": {"device_start": 1585662033.0243227, "host_queued_start": 1585662100.277282, "device_queued": 1585662033.0237987, "device_end": 1585662033.0246155, "host_queued_end": 1585662100.520052}, "device": "gpu", "nd_range": {"device_start": 1585662033.024995, "device_end": 1585662033.0250545}, "cmdq": 1, "read": {"device_start": -1, "device_end": -1}}, "softmax104": {"write": {"device_start": -1, "host_queued_start": 1585662100.458384, "device_queued": -1, "device_end": -1, "host_queued_end": 1585662100.520052}, "device": "gpu", "nd_range": {"device_start": 1585662033.219729, "device_end": 1585662033.2230575}, "cmdq": 0, "read": {"device_start": -1, "device_end": -1}}, "coalesced_transpose21": {"write": {"device_start": -1, "host_queued_start": 1585662100.445641, "device_queued": -1, "device_end": -1, "host_queued_end": 1585662100.520052}, "device": "gpu", "nd_range": {"device_start": 1585662033.1626165, "device_end": 1585662033.1722343}, "cmdq": 1, "read": {"device_start": -1, "device_end": -1}}, "softmax14": {"write": {"device_start": -1, "host_queued_start": 1585662100.455479, "device_queued": -1, "device_end": -1, "host_queued_end": 1585662100.520052}, "device": "gpu", "nd_range": {"device_start": 1585662033.2018661, "device_end": 1585662033.2164478}, "cmdq": 0, "read": {"device_start": -1, "device_end": -1}}, "FFC_sans_bias69": {"write": {"device_start": -1, "host_queued_start": 1585662100.465013, "device_queued": -1, "device_end": -1, "host_queued_end": 1585662100.520052}, "device": "gpu", "nd_range": {"device_start": 1585662033.232839, "device_end": 1585662033.2490296}, "cmdq": 1, "read": {"device_start": -1, "device_end": -1}}, "FFC_sans_bias92": {"write": {"device_start": 1585662033.1075685, "host_queued_start": 1585662100.391545, "device_queued": 1585662033.0334797, "device_end": 1585662033.1076672, "host_queued_end": 1585662100.520052}, "device": "gpu", "nd_range": {"device_start": 1585662033.1076736, "device_end": 1585662033.1235323}, "cmdq": 4, "read": {"device_start": -1, "device_end": -1}}, "FFC_sans_bias60": {"write": {"device_start": -1, "host_queued_start": 1585662100.464335, "device_queued": -1, "device_end": -1, "host_queued_end": 1585662100.520052}, "device": "gpu", "nd_range": {"device_start": 1585662033.2295277, "device_end": 1585662033.2457745}, "cmdq": 0, "read": {"device_start": -1, "device_end": -1}}, "FFC_sans_bias61": {"write": {"device_start": 1585662033.2757242, "host_queued_start": 1585662100.490189, "device_queued": 1585662033.0711262, "device_end": 1585662033.2758224, "host_queued_end": 1585662100.520052}, "device": "gpu", "nd_range": {"device_start": 1585662033.2758267, "device_end": 1585662033.2913456}, "cmdq": 0, "read": {"device_start": 1585662033.29136, "device_end": 1585662033.2914505}}, "FFC_sans_bias63": {"write": {"device_start": 1585662033.0782528, "host_queued_start": 1585662100.359734, "device_queued": 1585662033.0313847, "device_end": 1585662033.0783484, "host_queued_end": 1585662100.520052}, "device": "gpu", "nd_range": {"device_start": 1585662033.078356, "device_end": 1585662033.094289}, "cmdq": 0, "read": {"device_start": -1, "device_end": -1}}, "FFC_sans_bias64": {"write": {"device_start": 1585662033.071726, "host_queued_start": 1585662100.352451, "device_queued": 1585662033.0307062, "device_end": 1585662033.0718246, "host_queued_end": 1585662100.520052}, "device": "gpu", "nd_range": {"device_start": 1585662033.071832, "device_end": 1585662033.0877087}, "cmdq": 3, "read": {"device_start": -1, "device_end": -1}}, "FFC_sans_bias65": {"write": {"device_start": 1585662033.0750194, "host_queued_start": 1585662100.356137, "device_queued": 1585662033.0308194, "device_end": 1585662033.0751276, "host_queued_end": 1585662100.520052}, "device": "gpu", "nd_range": {"device_start": 1585662033.0751379, "device_end": 1585662033.090993}, "cmdq": 4, "read": {"device_start": -1, "device_end": -1}}, "FFC_sans_bias67": {"write": {"device_start": -1, "host_queued_start": 1585662100.452479, "device_queued": -1, "device_end": -1, "host_queued_end": 1585662100.520052}, "device": "gpu", "nd_range": {"device_start": 1585662033.1791148, "device_end": 1585662033.1921003}, "cmdq": 1, "read": {"device_start": -1, "device_end": -1}}, "coalesced_transpose111": {"write": {"device_start": -1, "host_queued_start": 1585662100.449086, "device_queued": -1, "device_end": -1, "host_queued_end": 1585662100.520052}, "device": "gpu", "nd_range": {"device_start": 1585662033.1723335, "device_end": 1585662033.172398}, "cmdq": 1, "read": {"device_start": -1, "device_end": -1}}, "FFC_sans_bias136": {"write": {"device_start": 1585662033.1499047, "host_queued_start": 1585662100.437861, "device_queued": 1585662033.0371084, "device_end": 1585662033.1500084, "host_queued_end": 1585662100.520052}, "device": "gpu", "nd_range": {"device_start": 1585662033.150015, "device_end": 1585662033.165871}, "cmdq": 2, "read": {"device_start": -1, "device_end": -1}}, "FFC_sans_bias135": {"write": {"device_start": 1585662033.1564734, "host_queued_start": 1585662100.444957, "device_queued": 1585662033.0373516, "device_end": 1585662033.1565795, "host_queued_end": 1585662100.520052}, "device": "gpu", "nd_range": {"device_start": 1585662033.1565957, "device_end": 1585662033.172378}, "cmdq": 4, "read": {"device_start": -1, "device_end": -1}}, "FFC_sans_bias133": {"write": {"device_start": 1585662033.2983851, "host_queued_start": 1585662100.51673, "device_queued": 1585662033.0731716, "device_end": 1585662033.298496, "host_queued_end": 1585662100.520052}, "device": "gpu", "nd_range": {"device_start": 1585662033.2985008, "device_end": 1585662033.3140507}, "cmdq": 3, "read": {"device_start": 1585662033.3140576, "device_end": 1585662033.3141444}}, "FFC_sans_bias132": {"write": {"device_start": -1, "host_queued_start": 1585662100.469448, "device_queued": -1, "device_end": -1, "host_queued_end": 1585662100.520052}, "device": "gpu", "nd_range": {"device_start": 1585662033.2555468, "device_end": 1585662033.268567}, "cmdq": 3, "read": {"device_start": -1, "device_end": -1}}, "softmax68": {"write": {"device_start": -1, "host_queued_start": 1585662100.457095, "device_queued": -1, "device_end": -1, "host_queued_end": 1585662100.520052}, "device": "gpu", "nd_range": {"device_start": 1585662033.2164536, "device_end": 1585662033.2197323}, "cmdq": 1, "read": {"device_start": -1, "device_end": -1}}, "softmax131": {"write": {"device_start": -1, "host_queued_start": 1585662100.460025, "device_queued": -1, "device_end": -1, "host_queued_end": 1585662100.520052}, "device": "gpu", "nd_range": {"device_start": 1585662033.2230473, "device_end": 1585662033.2277167}, "cmdq": 3, "read": {"device_start": -1, "device_end": -1}}, "empty125": {"write": {"device_start": 1585662033.0246627, "host_queued_start": 1585662100.280017, "device_queued": 1585662033.0242333, "device_end": 1585662033.0249317, "host_queued_end": 1585662100.520052}, "device": "gpu", "nd_range": {"device_start": 1585662033.025031, "device_end": 1585662033.0250857}, "cmdq": 2, "read": {"device_start": -1, "device_end": -1}}, "FFC_sans_bias139": {"write": {"device_start": -1, "host_queued_start": 1585662100.455223, "device_queued": -1, "device_end": -1, "host_queued_end": 1585662100.520052}, "device": "gpu", "nd_range": {"device_start": 1585662033.2181246, "device_end": 1585662033.2215364}, "cmdq": 4, "read": {"device_start": -1, "device_end": -1}}, "empty35": {"write": {"device_start": 1585662033.0211828, "host_queued_start": 1585662100.251648, "device_queued": 1585662033.0207336, "device_end": 1585662033.0214293, "host_queued_end": 1585662100.520052}, "device": "gpu", "nd_range": {"device_start": 1585662033.0215433, "device_end": 1585662033.0215814}, "cmdq": 2, "read": {"device_start": -1, "device_end": -1}}, "softmax86": {"write": {"device_start": -1, "host_queued_start": 1585662100.457627, "device_queued": -1, "device_end": -1, "host_queued_end": 1585662100.520052}, "device": "gpu", "nd_range": {"device_start": 1585662033.2197192, "device_end": 1585662033.2230463}, "cmdq": 3, "read": {"device_start": -1, "device_end": -1}}, "FFC_sans_bias55": {"write": {"device_start": 1585662033.0684698, "host_queued_start": 1585662100.348843, "device_queued": 1585662033.0305927, "device_end": 1585662033.0685627, "host_queued_end": 1585662100.520052}, "device": "gpu", "nd_range": {"device_start": 1585662033.0685747, "device_end": 1585662033.0844955}, "cmdq": 2, "read": {"device_start": -1, "device_end": -1}}, "FFC_sans_bias54": {"write": {"device_start": 1585662033.0652032, "host_queued_start": 1585662100.345188, "device_queued": 1585662033.0304737, "device_end": 1585662033.065297, "host_queued_end": 1585662100.520052}, "device": "gpu", "nd_range": {"device_start": 1585662033.0653052, "device_end": 1585662033.081257}, "cmdq": 1, "read": {"device_start": -1, "device_end": -1}}, "FFC_sans_bias56": {"write": {"device_start": 1585662033.0619438, "host_queued_start": 1585662100.341769, "device_queued": 1585662033.0301769, "device_end": 1585662033.0620425, "host_queued_end": 1585662100.520052}, "device": "gpu", "nd_range": {"device_start": 1585662033.0620525, "device_end": 1585662033.077966}, "cmdq": 0, "read": {"device_start": -1, "device_end": -1}}, "FFC_sans_bias51": {"write": {"device_start": -1, "host_queued_start": 1585662100.463719, "device_queued": -1, "device_end": -1, "host_queued_end": 1585662100.520052}, "device": "gpu", "nd_range": {"device_start": 1585662033.2227983, "device_end": 1585662033.22617}, "cmdq": 4, "read": {"device_start": -1, "device_end": -1}}, "FFC_sans_bias52": {"write": {"device_start": 1585662033.2725275, "host_queued_start": 1585662100.48694, "device_queued": 1585662033.0704, "device_end": 1585662033.2726269, "host_queued_end": 1585662100.520052}, "device": "gpu", "nd_range": {"device_start": 1585662033.2726357, "device_end": 1585662033.288077}, "cmdq": 4, "read": {"device_start": 1585662033.2880876, "device_end": 1585662033.2882056}}, "FFC_sans_bias58": {"write": {"device_start": -1, "host_queued_start": 1585662100.452158, "device_queued": -1, "device_end": -1, "host_queued_end": 1585662100.520052}, "device": "gpu", "nd_range": {"device_start": 1585662033.1757746, "device_end": 1585662033.1888542}, "cmdq": 0, "read": {"device_start": -1, "device_end": -1}}, "FFC_sans_bias108": {"write": {"device_start": 1585662033.1205564, "host_queued_start": 1585662100.405841, "device_queued": 1585662033.03462, "device_end": 1585662033.1206534, "host_queued_end": 1585662100.520052}, "device": "gpu", "nd_range": {"device_start": 1585662033.1206603, "device_end": 1585662033.1365519}, "cmdq": 3, "read": {"device_start": -1, "device_end": -1}}, "FFC_sans_bias109": {"write": {"device_start": 1585662033.1238074, "host_queued_start": 1585662100.40945, "device_queued": 1585662033.034742, "device_end": 1585662033.1239045, "host_queued_end": 1585662100.520052}, "device": "gpu", "nd_range": {"device_start": 1585662033.1239133, "device_end": 1585662033.1398306}, "cmdq": 4, "read": {"device_start": -1, "device_end": -1}}, "coalesced_transpose129": {"write": {"device_start": -1, "host_queued_start": 1585662100.449696, "device_queued": -1, "device_end": -1, "host_queued_end": 1585662100.520052}, "device": "gpu", "nd_range": {"device_start": 1585662033.1723726, "device_end": 1585662033.17241}, "cmdq": 3, "read": {"device_start": -1, "device_end": -1}}, "FFC_sans_bias103": {"write": {"device_start": -1, "host_queued_start": 1585662100.45387, "device_queued": -1, "device_end": -1, "host_queued_end": 1585662100.520052}, "device": "gpu", "nd_range": {"device_start": 1585662033.1888554, "device_end": 1585662033.201865}, "cmdq": 0, "read": {"device_start": -1, "device_end": -1}}, "FFC_sans_bias100": {"write": {"device_start": 1585662033.1140733, "host_queued_start": 1585662100.39882, "device_queued": 1585662033.0343194, "device_end": 1585662033.114167, "host_queued_end": 1585662100.520052}, "device": "gpu", "nd_range": {"device_start": 1585662033.1141772, "device_end": 1585662033.1300595}, "cmdq": 1, "read": {"device_start": -1, "device_end": -1}}, "FFC_sans_bias101": {"write": {"device_start": 1585662033.117293, "host_queued_start": 1585662100.402224, "device_queued": 1585662033.034483, "device_end": 1585662033.1173925, "host_queued_end": 1585662100.520052}, "device": "gpu", "nd_range": {"device_start": 1585662033.1174016, "device_end": 1585662033.1333072}, "cmdq": 2, "read": {"device_start": -1, "device_end": -1}}, "FFC_sans_bias106": {"write": {"device_start": 1585662033.2918944, "host_queued_start": 1585662100.506697, "device_queued": 1585662033.0726442, "device_end": 1585662033.2919917, "host_queued_end": 1585662100.520052}, "device": "gpu", "nd_range": {"device_start": 1585662033.2920005, "device_end": 1585662033.3075507}, "cmdq": 0, "read": {"device_start": 1585662033.3075614, "device_end": 1585662033.3076482}}, "softmax122": {"write": {"device_start": -1, "host_queued_start": 1585662100.459515, "device_queued": -1, "device_end": -1, "host_queued_end": 1585662100.520052}, "device": "gpu", "nd_range": {"device_start": 1585662033.2230525, "device_end": 1585662033.2277431}, "cmdq": 2, "read": {"device_start": -1, "device_end": -1}}, "FFC_sans_bias105": {"write": {"device_start": -1, "host_queued_start": 1585662100.467609, "device_queued": -1, "device_end": -1, "host_queued_end": 1585662100.520052}, "device": "gpu", "nd_range": {"device_start": 1585662033.2457755, "device_end": 1585662033.2620595}, "cmdq": 0, "read": {"device_start": -1, "device_end": -1}}, "softmax95": {"write": {"device_start": -1, "host_queued_start": 1585662100.457875, "device_queued": -1, "device_end": -1, "host_queued_end": 1585662100.520052}, "device": "gpu", "nd_range": {"device_start": 1585662033.2219594, "device_end": 1585662033.2223802}, "cmdq": 4, "read": {"device_start": -1, "device_end": -1}}, "coalesced_transpose57": {"write": {"device_start": -1, "host_queued_start": 1585662100.44699, "device_queued": -1, "device_end": -1, "host_queued_end": 1585662100.520052}, "device": "gpu", "nd_range": {"device_start": 1585662033.1721873, "device_end": 1585662033.1722882}, "cmdq": 0, "read": {"device_start": -1, "device_end": -1}}, "empty26": {"write": {"device_start": 1585662033.0208688, "host_queued_start": 1585662100.248863, "device_queued": 1585662033.0205364, "device_end": 1585662033.0211515, "host_queued_end": 1585662100.520052}, "device": "gpu", "nd_range": {"device_start": 1585662033.0214992, "device_end": 1585662033.0215147}, "cmdq": 1, "read": {"device_start": -1, "device_end": -1}}, "softmax113": {"write": {"device_start": -1, "host_queued_start": 1585662100.459011, "device_queued": -1, "device_end": -1, "host_queued_end": 1585662100.520052}, "device": "gpu", "nd_range": {"device_start": 1585662033.2197337, "device_end": 1585662033.2230618}, "cmdq": 1, "read": {"device_start": -1, "device_end": -1}}, "FFC_sans_bias11": {"write": {"device_start": 1585662033.0263734, "host_queued_start": 1585662100.295774, "device_queued": 1585662033.0259345, "device_end": 1585662033.0266833, "host_queued_end": 1585662100.520052}, "device": "gpu", "nd_range": {"device_start": 1585662033.0271778, "device_end": 1585662033.03577}, "cmdq": 2, "read": {"device_start": -1, "device_end": -1}}, "FFC_sans_bias42": {"write": {"device_start": -1, "host_queued_start": 1585662100.463072, "device_queued": -1, "device_end": -1, "host_queued_end": 1585662100.520052}, "device": "gpu", "nd_range": {"device_start": 1585662033.2277184, "device_end": 1585662033.239269}, "cmdq": 3, "read": {"device_start": -1, "device_end": -1}}, "FFC_sans_bias43": {"write": {"device_start": 1585662033.26885, "host_queued_start": 1585662100.483699, "device_queued": 1585662033.0702693, "device_end": 1585662033.268949, "host_queued_end": 1585662100.520052}, "device": "gpu", "nd_range": {"device_start": 1585662033.2689602, "device_end": 1585662033.2815783}, "cmdq": 3, "read": {"device_start": 1585662033.2815876, "device_end": 1585662033.2816813}}, "FFC_sans_bias40": {"write": {"device_start": -1, "host_queued_start": 1585662100.45142, "device_queued": -1, "device_end": -1, "host_queued_end": 1585662100.520052}, "device": "gpu", "nd_range": {"device_start": 1585662033.172411, "device_end": 1585662033.1855075}, "cmdq": 3, "read": {"device_start": -1, "device_end": -1}}, "FFC_sans_bias46": {"write": {"device_start": 1585662033.0554395, "host_queued_start": 1585662100.334706, "device_queued": 1585662033.0293133, "device_end": 1585662033.0555406, "host_queued_end": 1585662100.520052}, "device": "gpu", "nd_range": {"device_start": 1585662033.0555491, "device_end": 1585662033.071451}, "cmdq": 3, "read": {"device_start": -1, "device_end": -1}}, "FFC_sans_bias47": {"write": {"device_start": 1585662033.0586896, "host_queued_start": 1585662100.338295, "device_queued": 1585662033.0295596, "device_end": 1585662033.0587842, "host_queued_end": 1585662100.520052}, "device": "gpu", "nd_range": {"device_start": 1585662033.0587893, "device_end": 1585662033.0747073}, "cmdq": 4, "read": {"device_start": -1, "device_end": -1}}, "FFC_sans_bias45": {"write": {"device_start": 1585662033.0521753, "host_queued_start": 1585662100.331234, "device_queued": 1585662033.029164, "device_end": 1585662033.0522795, "host_queued_end": 1585662100.520052}, "device": "gpu", "nd_range": {"device_start": 1585662033.052285, "device_end": 1585662033.0681965}, "cmdq": 2, "read": {"device_start": -1, "device_end": -1}}, "FFC_sans_bias49": {"write": {"device_start": -1, "host_queued_start": 1585662100.45184, "device_queued": -1, "device_end": -1, "host_queued_end": 1585662100.520052}, "device": "gpu", "nd_range": {"device_start": 1585662033.1951542, "device_end": 1585662033.208363}, "cmdq": 4, "read": {"device_start": -1, "device_end": -1}}, "softmax77": {"write": {"device_start": -1, "host_queued_start": 1585662100.457348, "device_queued": -1, "device_end": -1, "host_queued_end": 1585662100.520052}, "device": "gpu", "nd_range": {"device_start": 1585662033.2197244, "device_end": 1585662033.2230508}, "cmdq": 2, "read": {"device_start": -1, "device_end": -1}}, "empty134": {"write": {"device_start": 1585662033.0249953, "host_queued_start": 1585662100.282823, "device_queued": 1585662033.0246334, "device_end": 1585662033.025308, "host_queued_end": 1585662100.520052}, "device": "gpu", "nd_range": {"device_start": 1585662033.0253124, "device_end": 1585662033.0253205}, "cmdq": 3, "read": {"device_start": -1, "device_end": -1}}, "coalesced_transpose138": {"write": {"device_start": -1, "host_queued_start": 1585662100.45004, "device_queued": -1, "device_end": -1, "host_queued_end": 1585662100.520052}, "device": "gpu", "nd_range": {"device_start": 1585662033.1853378, "device_end": 1585662033.1951528}, "cmdq": 4, "read": {"device_start": -1, "device_end": -1}}, "FFC_sans_bias119": {"write": {"device_start": 1585662033.1368227, "host_queued_start": 1585662100.42371, "device_queued": 1585662033.0358562, "device_end": 1585662033.136918, "host_queued_end": 1585662100.520052}, "device": "gpu", "nd_range": {"device_start": 1585662033.1369255, "device_end": 1585662033.1528454}, "cmdq": 3, "read": {"device_start": -1, "device_end": -1}}, "FFC_sans_bias118": {"write": {"device_start": 1585662033.1335769, "host_queued_start": 1585662100.42001, "device_queued": 1585662033.0357018, "device_end": 1585662033.1336765, "host_queued_end": 1585662100.520052}, "device": "gpu", "nd_range": {"device_start": 1585662033.133684, "device_end": 1585662033.149605}, "cmdq": 2, "read": {"device_start": -1, "device_end": -1}}, "empty143": {"write": {"device_start": 1585662033.0253124, "host_queued_start": 1585662100.285609, "device_queued": 1585662033.0249577, "device_end": 1585662033.0255795, "host_queued_end": 1585662100.520052}, "device": "gpu", "nd_range": {"device_start": 1585662033.0255907, "device_end": 1585662033.0255947}, "cmdq": 4, "read": {"device_start": -1, "device_end": -1}}, "FFC_sans_bias115": {"write": {"device_start": 1585662033.2951, "host_queued_start": 1585662100.509985, "device_queued": 1585662033.0729077, "device_end": 1585662033.2951956, "host_queued_end": 1585662100.520052}, "device": "gpu", "nd_range": {"device_start": 1585662033.2951982, "device_end": 1585662033.3108082}, "cmdq": 1, "read": {"device_start": 1585662033.3108118, "device_end": 1585662033.3108985}}, "FFC_sans_bias114": {"write": {"device_start": -1, "host_queued_start": 1585662100.468205, "device_queued": -1, "device_end": -1, "host_queued_end": 1585662100.520052}, "device": "gpu", "nd_range": {"device_start": 1585662033.2490308, "device_end": 1585662033.265317}, "cmdq": 1, "read": {"device_start": -1, "device_end": -1}}, "FFC_sans_bias117": {"write": {"device_start": 1585662033.1303437, "host_queued_start": 1585662100.416476, "device_queued": 1585662033.0355775, "device_end": 1585662033.1304395, "host_queued_end": 1585662100.520052}, "device": "gpu", "nd_range": {"device_start": 1585662033.1304483, "device_end": 1585662033.14635}, "cmdq": 1, "read": {"device_start": -1, "device_end": -1}}, "softmax5": {"write": {"device_start": -1, "host_queued_start": 1585662100.538741, "device_queued": -1, "device_end": -1, "host_queued_end": 1585662100.543215}, "device": "cpu", "nd_range": {"device_start": 2329874.8823976703, "device_end": 2329874.882747379}, "cmdq": 2, "read": {"device_start": -1, "device_end": -1}}, "FFC_sans_bias110": {"write": {"device_start": 1585662033.127055, "host_queued_start": 1585662100.413036, "device_queued": 1585662033.0353303, "device_end": 1585662033.1271489, "host_queued_end": 1585662100.520052}, "device": "gpu", "nd_range": {"device_start": 1585662033.127156, "device_end": 1585662033.1430662}, "cmdq": 0, "read": {"device_start": -1, "device_end": -1}}, "FFC_sans_bias112": {"write": {"device_start": -1, "host_queued_start": 1585662100.4542, "device_queued": -1, "device_end": -1, "host_queued_end": 1585662100.520052}, "device": "gpu", "nd_range": {"device_start": 1585662033.192102, "device_end": 1585662033.205159}, "cmdq": 1, "read": {"device_start": -1, "device_end": -1}}, "empty53": {"write": {"device_start": 1585662033.0218241, "host_queued_start": 1585662100.257645, "device_queued": 1585662033.0214505, "device_end": 1585662033.0220473, "host_queued_end": 1585662100.520052}, "device": "gpu", "nd_range": {"device_start": 1585662033.022056, "device_end": 1585662033.0220602}, "cmdq": 4, "read": {"device_start": -1, "device_end": -1}}, "coalesced_transpose48": {"write": {"device_start": -1, "host_queued_start": 1585662100.446675, "device_queued": -1, "device_end": -1, "host_queued_end": 1585662100.520052}, "device": "gpu", "nd_range": {"device_start": 1585662033.1723852, "device_end": 1585662033.172415}, "cmdq": 4, "read": {"device_start": -1, "device_end": -1}}}