{"FFC_sans_bias4": {"write": {"device_start": -1, "host_queued_start": 1585660301.323097, "device_queued": -1, "device_end": -1, "host_queued_end": 1585660301.358076}, "device": "cpu", "nd_range": {"device_start": 2328076.327629285, "device_end": 2328076.398724821}, "cmdq": 1, "read": {"device_start": -1, "device_end": -1}}, "FFC_sans_bias7": {"write": {"device_start": -1, "host_queued_start": 1585660301.338909, "device_queued": -1, "device_end": -1, "host_queued_end": 1585660301.358076}, "device": "cpu", "nd_range": {"device_start": 2328076.767181149, "device_end": 2328076.8430424803}, "cmdq": 0, "read": {"device_start": -1, "device_end": -1}}, "FFC_sans_bias6": {"write": {"device_start": -1, "host_queued_start": 1585660301.331704, "device_queued": -1, "device_end": -1, "host_queued_end": 1585660301.358076}, "device": "cpu", "nd_range": {"device_start": 2328076.589090664, "device_end": 2328076.66780075}, "cmdq": 1, "read": {"device_start": -1, "device_end": -1}}, "FFC_sans_bias1": {"write": {"device_start": -1, "host_queued_start": 1585660301.253333, "device_queued": -1, "device_end": -1, "host_queued_end": 1585660301.358076}, "device": "cpu", "nd_range": {"device_start": 2328075.5477470444, "device_end": 2328075.628916915}, "cmdq": 0, "read": {"device_start": -1, "device_end": -1}}, "FFC_sans_bias0": {"write": {"device_start": -1, "host_queued_start": 1585660301.249462, "device_queued": -1, "device_end": -1, "host_queued_end": 1585660301.358076}, "device": "cpu", "nd_range": {"device_start": 2328075.547740485, "device_end": 2328075.6010892363}, "cmdq": 1, "read": {"device_start": -1, "device_end": -1}}, "FFC_sans_bias2": {"write": {"device_start": -1, "host_queued_start": 1585660301.256843, "device_queued": -1, "device_end": -1, "host_queued_end": 1585660301.358076}, "device": "cpu", "nd_range": {"device_start": 2328075.602895231, "device_end": 2328075.680339248}, "cmdq": 1, "read": {"device_start": -1, "device_end": -1}}, "coalesced_transpose120": {"write": {"device_start": -1, "host_queued_start": 1585660301.182236, "device_queued": -1, "device_end": -1, "host_queued_end": 1585660301.223282}, "device": "gpu", "nd_range": {"device_start": 1585660233.8771, "device_end": 1585660233.8771183}, "cmdq": 0, "read": {"device_start": -1, "device_end": -1}}, "FFC_sans_bias9": {"write": {"device_start": -1, "host_queued_start": 1585660301.2602, "device_queued": -1, "device_end": -1, "host_queued_end": 1585660301.358076}, "device": "cpu", "nd_range": {"device_start": 2328075.629153092, "device_end": 2328075.6984977704}, "cmdq": 0, "read": {"device_start": -1, "device_end": -1}}, "empty71": {"write": {"device_start": 1585660233.7709608, "host_queued_start": 1585660301.062365, "device_queued": 1585660233.7706316, "device_end": 1585660233.7710702, "host_queued_end": 1585660301.223282}, "device": "gpu", "nd_range": {"device_start": 1585660233.7710748, "device_end": 1585660233.771079}, "cmdq": 0, "read": {"device_start": -1, "device_end": -1}}, "softmax41": {"write": {"device_start": -1, "host_queued_start": 1585660301.329914, "device_queued": -1, "device_end": -1, "host_queued_end": 1585660301.358076}, "device": "cpu", "nd_range": {"device_start": 2328076.536170244, "device_end": 2328076.536910578}, "cmdq": 0, "read": {"device_start": -1, "device_end": -1}}, "FFC_sans_bias37": {"write": {"device_start": -1, "host_queued_start": 1585660301.294343, "device_queued": -1, "device_end": -1, "host_queued_end": 1585660301.358076}, "device": "cpu", "nd_range": {"device_start": 2328075.9675137983, "device_end": 2328076.0332055544}, "cmdq": 0, "read": {"device_start": -1, "device_end": -1}}, "FFC_sans_bias36": {"write": {"device_start": -1, "host_queued_start": 1585660301.290993, "device_queued": -1, "device_end": -1, "host_queued_end": 1585660301.358076}, "device": "cpu", "nd_range": {"device_start": 2328076.000103497, "device_end": 2328076.066668673}, "cmdq": 1, "read": {"device_start": -1, "device_end": -1}}, "FFC_sans_bias34": {"write": {"device_start": -1, "host_queued_start": 1585660301.348383, "device_queued": -1, "device_end": -1, "host_queued_end": 1585660301.358076}, "device": "cpu", "nd_range": {"device_start": 2328076.957397759, "device_end": 2328077.0263451682}, "cmdq": 1, "read": {"device_start": -1, "device_end": -1}}, "FFC_sans_bias33": {"write": {"device_start": -1, "host_queued_start": 1585660301.333586, "device_queued": -1, "device_end": -1, "host_queued_end": 1585660301.358076}, "device": "cpu", "nd_range": {"device_start": 2328076.6185147623, "device_end": 2328076.6905715424}, "cmdq": 0, "read": {"device_start": -1, "device_end": -1}}, "FFC_sans_bias31": {"write": {"device_start": -1, "host_queued_start": 1585660301.325036, "device_queued": -1, "device_end": -1, "host_queued_end": 1585660301.358076}, "device": "cpu", "nd_range": {"device_start": 2328076.3731474523, "device_end": 2328076.4492480503}, "cmdq": 0, "read": {"device_start": -1, "device_end": -1}}, "FFC_sans_bias38": {"write": {"device_start": -1, "host_queued_start": 1585660301.297756, "device_queued": -1, "device_end": -1, "host_queued_end": 1585660301.358076}, "device": "cpu", "nd_range": {"device_start": 2328076.066681423, "device_end": 2328076.1322328113}, "cmdq": 1, "read": {"device_start": -1, "device_end": -1}}, "coalesced_transpose75": {"write": {"device_start": -1, "host_queued_start": 1585660301.1806, "device_queued": -1, "device_end": -1, "host_queued_end": 1585660301.223282}, "device": "gpu", "nd_range": {"device_start": 1585660233.877003, "device_end": 1585660233.877021}, "cmdq": 0, "read": {"device_start": -1, "device_end": -1}}, "softmax140": {"write": {"device_start": -1, "host_queued_start": 1585660301.188452, "device_queued": -1, "device_end": -1, "host_queued_end": 1585660301.223282}, "device": "gpu", "nd_range": {"device_start": 1585660233.9107378, "device_end": 1585660233.9111571}, "cmdq": 0, "read": {"device_start": -1, "device_end": -1}}, "empty44": {"write": {"device_start": -1, "host_queued_start": 1585660301.24072, "device_queued": -1, "device_end": -1, "host_queued_end": 1585660301.358076}, "device": "cpu", "nd_range": {"device_start": 2328075.5477342294, "device_end": 2328075.547734836}, "cmdq": 0, "read": {"device_start": -1, "device_end": -1}}, "FFC_sans_bias137": {"write": {"device_start": 1585660233.8696759, "host_queued_start": 1585660301.176404, "device_queued": 1585660233.7794726, "device_end": 1585660233.8697753, "host_queued_end": 1585660301.223282}, "device": "gpu", "nd_range": {"device_start": 1585660233.8697815, "device_end": 1585660233.873151}, "cmdq": 0, "read": {"device_start": -1, "device_end": -1}}, "empty8": {"write": {"device_start": -1, "host_queued_start": 1585660301.228442, "device_queued": -1, "device_end": -1, "host_queued_end": 1585660301.358076}, "device": "cpu", "nd_range": {"device_start": 2328075.5476976084, "device_end": 2328075.547708368}, "cmdq": 0, "read": {"device_start": -1, "device_end": -1}}, "softmax50": {"write": {"device_start": -1, "host_queued_start": 1585660301.33049, "device_queued": -1, "device_end": -1, "host_queued_end": 1585660301.358076}, "device": "cpu", "nd_range": {"device_start": 2328076.5883615203, "device_end": 2328076.5890820674}, "cmdq": 1, "read": {"device_start": -1, "device_end": -1}}, "softmax59": {"write": {"device_start": -1, "host_queued_start": 1585660301.331042, "device_queued": -1, "device_end": -1, "host_queued_end": 1585660301.358076}, "device": "cpu", "nd_range": {"device_start": 2328076.5718747713, "device_end": 2328076.572698999}, "cmdq": 0, "read": {"device_start": -1, "device_end": -1}}, "FFC_sans_bias142": {"write": {"device_start": 1585660233.973007, "host_queued_start": 1585660301.223166, "device_queued": 1585660233.7865546, "device_end": 1585660233.973097, "host_queued_end": 1585660301.223282}, "device": "gpu", "nd_range": {"device_start": 1585660233.9730997, "device_end": 1585660233.97641}, "cmdq": 0, "read": {"device_start": 1585660233.9764166, "device_end": 1585660233.9765036}}, "FFC_sans_bias141": {"write": {"device_start": -1, "host_queued_start": 1585660301.191631, "device_queued": -1, "device_end": -1, "host_queued_end": 1585660301.223282}, "device": "gpu", "nd_range": {"device_start": 1585660233.9378717, "device_end": 1585660233.9412134}, "cmdq": 0, "read": {"device_start": -1, "device_end": -1}}, "FFC_sans_bias24": {"write": {"device_start": -1, "host_queued_start": 1585660301.332912, "device_queued": -1, "device_end": -1, "host_queued_end": 1585660301.358076}, "device": "cpu", "nd_range": {"device_start": 2328076.667818832, "device_end": 2328076.730641535}, "cmdq": 1, "read": {"device_start": -1, "device_end": -1}}, "FFC_sans_bias25": {"write": {"device_start": -1, "host_queued_start": 1585660301.345214, "device_queued": -1, "device_end": -1, "host_queued_end": 1585660301.358076}, "device": "cpu", "nd_range": {"device_start": 2328076.8430563523, "device_end": 2328076.9007344223}, "cmdq": 0, "read": {"device_start": -1, "device_end": -1}}, "FFC_sans_bias27": {"write": {"device_start": -1, "host_queued_start": 1585660301.280818, "device_queued": -1, "device_end": -1, "host_queued_end": 1585660301.358076}, "device": "cpu", "nd_range": {"device_start": 2328075.834852639, "device_end": 2328075.9039344033}, "cmdq": 0, "read": {"device_start": -1, "device_end": -1}}, "FFC_sans_bias20": {"write": {"device_start": -1, "host_queued_start": 1585660301.277589, "device_queued": -1, "device_end": -1, "host_queued_end": 1585660301.358076}, "device": "cpu", "nd_range": {"device_start": 2328075.8349585943, "device_end": 2328075.906973386}, "cmdq": 1, "read": {"device_start": -1, "device_end": -1}}, "FFC_sans_bias22": {"write": {"device_start": -1, "host_queued_start": 1585660301.324363, "device_queued": -1, "device_end": -1, "host_queued_end": 1585660301.358076}, "device": "cpu", "nd_range": {"device_start": 2328076.398738007, "device_end": 2328076.4830704303}, "cmdq": 1, "read": {"device_start": -1, "device_end": -1}}, "FFC_sans_bias130": {"write": {"device_start": -1, "host_queued_start": 1585660301.185651, "device_queued": -1, "device_end": -1, "host_queued_end": 1585660301.223282}, "device": "gpu", "nd_range": {"device_start": 1585660233.90065, "device_end": 1585660233.9040139}, "cmdq": 0, "read": {"device_start": -1, "device_end": -1}}, "FFC_sans_bias28": {"write": {"device_start": -1, "host_queued_start": 1585660301.284274, "device_queued": -1, "device_end": -1, "host_queued_end": 1585660301.358076}, "device": "cpu", "nd_range": {"device_start": 2328075.906985314, "device_end": 2328076.0000903783}, "cmdq": 1, "read": {"device_start": -1, "device_end": -1}}, "FFC_sans_bias29": {"write": {"device_start": -1, "host_queued_start": 1585660301.287554, "device_queued": -1, "device_end": -1, "host_queued_end": 1585660301.358076}, "device": "cpu", "nd_range": {"device_start": 2328075.903954644, "device_end": 2328075.967231634}, "cmdq": 0, "read": {"device_start": -1, "device_end": -1}}, "coalesced_transpose66": {"write": {"device_start": -1, "host_queued_start": 1585660301.180284, "device_queued": -1, "device_end": -1, "host_queued_end": 1585660301.223282}, "device": "gpu", "nd_range": {"device_start": 1585660233.876983, "device_end": 1585660233.8770018}, "cmdq": 0, "read": {"device_start": -1, "device_end": -1}}, "coalesced_transpose93": {"write": {"device_start": -1, "host_queued_start": 1585660301.181297, "device_queued": -1, "device_end": -1, "host_queued_end": 1585660301.223282}, "device": "gpu", "nd_range": {"device_start": 1585660233.8770425, "device_end": 1585660233.8770604}, "cmdq": 0, "read": {"device_start": -1, "device_end": -1}}, "softmax23": {"write": {"device_start": -1, "host_queued_start": 1585660301.328844, "device_queued": -1, "device_end": -1, "host_queued_end": 1585660301.358076}, "device": "cpu", "nd_range": {"device_start": 2328076.511059522, "device_end": 2328076.511861109}, "cmdq": 0, "read": {"device_start": -1, "device_end": -1}}, "empty62": {"write": {"device_start": -1, "host_queued_start": 1585660301.246493, "device_queued": -1, "device_end": -1, "host_queued_end": 1585660301.358076}, "device": "cpu", "nd_range": {"device_start": 2328075.547740179, "device_end": 2328075.547740758}, "cmdq": 0, "read": {"device_start": -1, "device_end": -1}}, "FFC_sans_bias10": {"write": {"device_start": -1, "host_queued_start": 1585660301.26365, "device_queued": -1, "device_end": -1, "host_queued_end": 1585660301.358076}, "device": "cpu", "nd_range": {"device_start": 2328075.680358528, "device_end": 2328075.743012965}, "cmdq": 1, "read": {"device_start": -1, "device_end": -1}}, "FFC_sans_bias13": {"write": {"device_start": -1, "host_queued_start": 1585660301.323769, "device_queued": -1, "device_end": -1, "host_queued_end": 1585660301.358076}, "device": "cpu", "nd_range": {"device_start": 2328076.318460706, "device_end": 2328076.3731144113}, "cmdq": 0, "read": {"device_start": -1, "device_end": -1}}, "FFC_sans_bias15": {"write": {"device_start": -1, "host_queued_start": 1585660301.332305, "device_queued": -1, "device_end": -1, "host_queued_end": 1585660301.358076}, "device": "cpu", "nd_range": {"device_start": 2328076.572724629, "device_end": 2328076.618494401}, "cmdq": 0, "read": {"device_start": -1, "device_end": -1}}, "FFC_sans_bias16": {"write": {"device_start": -1, "host_queued_start": 1585660301.342067, "device_queued": -1, "device_end": -1, "host_queued_end": 1585660301.358076}, "device": "cpu", "nd_range": {"device_start": 2328076.892313042, "device_end": 2328076.9573906553}, "cmdq": 1, "read": {"device_start": -1, "device_end": -1}}, "FFC_sans_bias19": {"write": {"device_start": -1, "host_queued_start": 1585660301.273951, "device_queued": -1, "device_end": -1, "host_queued_end": 1585660301.358076}, "device": "cpu", "nd_range": {"device_start": 2328075.7798043992, "device_end": 2328075.8348253393}, "cmdq": 0, "read": {"device_start": -1, "device_end": -1}}, "FFC_sans_bias18": {"write": {"device_start": -1, "host_queued_start": 1585660301.270535, "device_queued": -1, "device_end": -1, "host_queued_end": 1585660301.358076}, "device": "cpu", "nd_range": {"device_start": 2328075.743027306, "device_end": 2328075.834943783}, "cmdq": 1, "read": {"device_start": -1, "device_end": -1}}, "FFC_sans_bias99": {"write": {"device_start": 1585660233.8201668, "host_queued_start": 1585660301.130417, "device_queued": 1585660233.776206, "device_end": 1585660233.8202753, "host_queued_end": 1585660301.223282}, "device": "gpu", "nd_range": {"device_start": 1585660233.8202794, "device_end": 1585660233.8236318}, "cmdq": 0, "read": {"device_start": -1, "device_end": -1}}, "FFC_sans_bias91": {"write": {"device_start": 1585660233.8125238, "host_queued_start": 1585660301.123549, "device_queued": 1585660233.7757478, "device_end": 1585660233.81262, "host_queued_end": 1585660301.223282}, "device": "gpu", "nd_range": {"device_start": 1585660233.8126228, "device_end": 1585660233.8159716}, "cmdq": 0, "read": {"device_start": -1, "device_end": -1}}, "FFC_sans_bias90": {"write": {"device_start": 1585660233.8087597, "host_queued_start": 1585660301.120118, "device_queued": 1585660233.7755206, "device_end": 1585660233.8088553, "host_queued_end": 1585660301.223282}, "device": "gpu", "nd_range": {"device_start": 1585660233.808858, "device_end": 1585660233.812191}, "cmdq": 0, "read": {"device_start": -1, "device_end": -1}}, "coalesced_transpose12": {"write": {"device_start": -1, "host_queued_start": 1585660301.319189, "device_queued": -1, "device_end": -1, "host_queued_end": 1585660301.358076}, "device": "cpu", "nd_range": {"device_start": 2328076.3176869513, "device_end": 2328076.318452817}, "cmdq": 1, "read": {"device_start": -1, "device_end": -1}}, "FFC_sans_bias94": {"write": {"device_start": -1, "host_queued_start": 1585660301.184278, "device_queued": -1, "device_end": -1, "host_queued_end": 1585660301.223282}, "device": "gpu", "nd_range": {"device_start": 1585660233.8872147, "device_end": 1585660233.8905804}, "cmdq": 0, "read": {"device_start": -1, "device_end": -1}}, "FFC_sans_bias97": {"write": {"device_start": 1585660233.95331, "host_queued_start": 1585660301.205756, "device_queued": 1585660233.7849944, "device_end": 1585660233.953404, "host_queued_end": 1585660301.223282}, "device": "gpu", "nd_range": {"device_start": 1585660233.9534125, "device_end": 1585660233.9567282}, "cmdq": 0, "read": {"device_start": 1585660233.9567301, "device_end": 1585660233.956819}}, "FFC_sans_bias96": {"write": {"device_start": -1, "host_queued_start": 1585660301.189855, "device_queued": -1, "device_end": -1, "host_queued_end": 1585660301.223282}, "device": "gpu", "nd_range": {"device_start": 1585660233.921189, "device_end": 1585660233.9245217}, "cmdq": 0, "read": {"device_start": -1, "device_end": -1}}, "FFC_sans_bias124": {"write": {"device_start": 1585660233.9651568, "host_queued_start": 1585660301.216344, "device_queued": 1585660233.7858536, "device_end": 1585660233.965248, "host_queued_end": 1585660301.223282}, "device": "gpu", "nd_range": {"device_start": 1585660233.9652572, "device_end": 1585660233.9685848}, "cmdq": 0, "read": {"device_start": 1585660233.9685912, "device_end": 1585660233.9686809}}, "FFC_sans_bias126": {"write": {"device_start": 1585660233.858222, "host_queued_start": 1585660301.165661, "device_queued": 1585660233.778766, "device_end": 1585660233.8583279, "host_queued_end": 1585660301.223282}, "device": "gpu", "nd_range": {"device_start": 1585660233.8583372, "device_end": 1585660233.861689}, "cmdq": 0, "read": {"device_start": -1, "device_end": -1}}, "softmax32": {"write": {"device_start": -1, "host_queued_start": 1585660301.329391, "device_queued": -1, "device_end": -1, "host_queued_end": 1585660301.358076}, "device": "cpu", "nd_range": {"device_start": 2328076.572402759, "device_end": 2328076.588352668}, "cmdq": 1, "read": {"device_start": -1, "device_end": -1}}, "coalesced_transpose84": {"write": {"device_start": -1, "host_queued_start": 1585660301.18099, "device_queued": -1, "device_end": -1, "host_queued_end": 1585660301.223282}, "device": "gpu", "nd_range": {"device_start": 1585660233.877022, "device_end": 1585660233.8770404}, "cmdq": 0, "read": {"device_start": -1, "device_end": -1}}, "FFC_sans_bias121": {"write": {"device_start": -1, "host_queued_start": 1585660301.185321, "device_queued": -1, "device_end": -1, "host_queued_end": 1585660301.223282}, "device": "gpu", "nd_range": {"device_start": 1585660233.897296, "device_end": 1585660233.9006493}, "cmdq": 0, "read": {"device_start": -1, "device_end": -1}}, "empty98": {"write": {"device_start": 1585660233.7723484, "host_queued_start": 1585660301.071837, "device_queued": 1585660233.771423, "device_end": 1585660233.7724495, "host_queued_end": 1585660301.223282}, "device": "gpu", "nd_range": {"device_start": 1585660233.7724564, "device_end": 1585660233.7724595}, "cmdq": 0, "read": {"device_start": -1, "device_end": -1}}, "empty107": {"write": {"device_start": 1585660233.7727385, "host_queued_start": 1585660301.074541, "device_queued": 1585660233.771642, "device_end": 1585660233.7728314, "host_queued_end": 1585660301.223282}, "device": "gpu", "nd_range": {"device_start": 1585660233.7728336, "device_end": 1585660233.7728372}, "cmdq": 0, "read": {"device_start": -1, "device_end": -1}}, "empty17": {"write": {"device_start": -1, "host_queued_start": 1585660301.231668, "device_queued": -1, "device_end": -1, "host_queued_end": 1585660301.358076}, "device": "cpu", "nd_range": {"device_start": 2328075.547698478, "device_end": 2328075.547708399}, "cmdq": 1, "read": {"device_start": -1, "device_end": -1}}, "FFC_sans_bias87": {"write": {"device_start": -1, "host_queued_start": 1585660301.189535, "device_queued": -1, "device_end": -1, "host_queued_end": 1585660301.223282}, "device": "gpu", "nd_range": {"device_start": 1585660233.9178486, "device_end": 1585660233.9211879}, "cmdq": 0, "read": {"device_start": -1, "device_end": -1}}, "FFC_sans_bias85": {"write": {"device_start": -1, "host_queued_start": 1585660301.183955, "device_queued": -1, "device_end": -1, "host_queued_end": 1585660301.223282}, "device": "gpu", "nd_range": {"device_start": 1585660233.8838677, "device_end": 1585660233.8872132}, "cmdq": 0, "read": {"device_start": -1, "device_end": -1}}, "FFC_sans_bias82": {"write": {"device_start": 1585660233.801181, "host_queued_start": 1585660301.113088, "device_queued": 1585660233.7750459, "device_end": 1585660233.8012748, "host_queued_end": 1585660301.223282}, "device": "gpu", "nd_range": {"device_start": 1585660233.801281, "device_end": 1585660233.8046417}, "cmdq": 0, "read": {"device_start": -1, "device_end": -1}}, "FFC_sans_bias83": {"write": {"device_start": 1585660233.8049688, "host_queued_start": 1585660301.116642, "device_queued": 1585660233.775275, "device_end": 1585660233.805063, "host_queued_end": 1585660301.223282}, "device": "gpu", "nd_range": {"device_start": 1585660233.8050659, "device_end": 1585660233.8084338}, "cmdq": 0, "read": {"device_start": -1, "device_end": -1}}, "FFC_sans_bias81": {"write": {"device_start": 1585660233.7974393, "host_queued_start": 1585660301.109614, "device_queued": 1585660233.774809, "device_end": 1585660233.7975323, "host_queued_end": 1585660301.223282}, "device": "gpu", "nd_range": {"device_start": 1585660233.7975364, "device_end": 1585660233.8008842}, "cmdq": 0, "read": {"device_start": -1, "device_end": -1}}, "FFC_sans_bias88": {"write": {"device_start": 1585660233.9493952, "host_queued_start": 1585660301.202176, "device_queued": 1585660233.7847135, "device_end": 1585660233.9494858, "host_queued_end": 1585660301.223282}, "device": "gpu", "nd_range": {"device_start": 1585660233.9494915, "device_end": 1585660233.9528024}, "cmdq": 0, "read": {"device_start": 1585660233.9528093, "device_end": 1585660233.9528956}}, "coalesced_transpose30": {"write": {"device_start": -1, "host_queued_start": 1585660301.320445, "device_queued": -1, "device_end": -1, "host_queued_end": 1585660301.358076}, "device": "cpu", "nd_range": {"device_start": 2328076.318462556, "device_end": 2328076.326682765}, "cmdq": 1, "read": {"device_start": -1, "device_end": -1}}, "FFC_sans_bias128": {"write": {"device_start": 1585660233.8544168, "host_queued_start": 1585660301.162161, "device_queued": 1585660233.7784402, "device_end": 1585660233.8545227, "host_queued_end": 1585660301.223282}, "device": "gpu", "nd_range": {"device_start": 1585660233.854529, "device_end": 1585660233.8578794}, "cmdq": 0, "read": {"device_start": -1, "device_end": -1}}, "coalesced_transpose39": {"write": {"device_start": -1, "host_queued_start": 1585660301.321042, "device_queued": -1, "device_end": -1, "host_queued_end": 1585660301.358076}, "device": "cpu", "nd_range": {"device_start": 2328076.2595050503, "device_end": 2328076.2605319843}, "cmdq": 0, "read": {"device_start": -1, "device_end": -1}}, "FFC_sans_bias79": {"write": {"device_start": 1585660233.9454496, "host_queued_start": 1585660301.198671, "device_queued": 1585660233.7844205, "device_end": 1585660233.9455416, "host_queued_end": 1585660301.223282}, "device": "gpu", "nd_range": {"device_start": 1585660233.9455462, "device_end": 1585660233.9488635}, "cmdq": 0, "read": {"device_start": 1585660233.948872, "device_end": 1585660233.9489596}}, "FFC_sans_bias78": {"write": {"device_start": -1, "host_queued_start": 1585660301.189135, "device_queued": -1, "device_end": -1, "host_queued_end": 1585660301.223282}, "device": "gpu", "nd_range": {"device_start": 1585660233.9145122, "device_end": 1585660233.9178476}, "cmdq": 0, "read": {"device_start": -1, "device_end": -1}}, "FFC_sans_bias73": {"write": {"device_start": 1585660233.7899272, "host_queued_start": 1585660301.102661, "device_queued": 1585660233.7741766, "device_end": 1585660233.7900245, "host_queued_end": 1585660301.223282}, "device": "gpu", "nd_range": {"device_start": 1585660233.7900283, "device_end": 1585660233.793385}, "cmdq": 0, "read": {"device_start": -1, "device_end": -1}}, "FFC_sans_bias72": {"write": {"device_start": 1585660233.7861364, "host_queued_start": 1585660301.099116, "device_queued": 1585660233.7737796, "device_end": 1585660233.7862482, "host_queued_end": 1585660301.223282}, "device": "gpu", "nd_range": {"device_start": 1585660233.7862575, "device_end": 1585660233.7896223}, "cmdq": 0, "read": {"device_start": -1, "device_end": -1}}, "FFC_sans_bias70": {"write": {"device_start": 1585660233.9414864, "host_queued_start": 1585660301.195044, "device_queued": 1585660233.7840874, "device_end": 1585660233.941575, "host_queued_end": 1585660301.223282}, "device": "gpu", "nd_range": {"device_start": 1585660233.9415812, "device_end": 1585660233.9448998}, "cmdq": 0, "read": {"device_start": 1585660233.9449067, "device_end": 1585660233.9449959}}, "FFC_sans_bias76": {"write": {"device_start": -1, "host_queued_start": 1585660301.183628, "device_queued": -1, "device_end": -1, "host_queued_end": 1585660301.223282}, "device": "gpu", "nd_range": {"device_start": 1585660233.880528, "device_end": 1585660233.8838668}, "cmdq": 0, "read": {"device_start": -1, "device_end": -1}}, "FFC_sans_bias74": {"write": {"device_start": 1585660233.7936864, "host_queued_start": 1585660301.106114, "device_queued": 1585660233.7745178, "device_end": 1585660233.7937791, "host_queued_end": 1585660301.223282}, "device": "gpu", "nd_range": {"device_start": 1585660233.793785, "device_end": 1585660233.797126}, "cmdq": 0, "read": {"device_start": -1, "device_end": -1}}, "coalesced_transpose102": {"write": {"device_start": -1, "host_queued_start": 1585660301.181612, "device_queued": -1, "device_end": -1, "host_queued_end": 1585660301.223282}, "device": "gpu", "nd_range": {"device_start": 1585660233.8770614, "device_end": 1585660233.8770792}, "cmdq": 0, "read": {"device_start": -1, "device_end": -1}}, "coalesced_transpose3": {"write": {"device_start": -1, "host_queued_start": 1585660301.318431, "device_queued": -1, "device_end": -1, "host_queued_end": 1585660301.358076}, "device": "cpu", "nd_range": {"device_start": 2328076.257374403, "device_end": 2328076.258376101}, "cmdq": 0, "read": {"device_start": -1, "device_end": -1}}, "FFC_sans_bias127": {"write": {"device_start": 1585660233.8620424, "host_queued_start": 1585660301.169216, "device_queued": 1585660233.7789984, "device_end": 1585660233.862135, "host_queued_end": 1585660301.223282}, "device": "gpu", "nd_range": {"device_start": 1585660233.8621385, "device_end": 1585660233.8654864}, "cmdq": 0, "read": {"device_start": -1, "device_end": -1}}, "empty89": {"write": {"device_start": 1585660233.7719386, "host_queued_start": 1585660301.069035, "device_queued": 1585660233.7712407, "device_end": 1585660233.7720318, "host_queued_end": 1585660301.223282}, "device": "gpu", "nd_range": {"device_start": 1585660233.772046, "device_end": 1585660233.7720494}, "cmdq": 0, "read": {"device_start": -1, "device_end": -1}}, "FFC_sans_bias123": {"write": {"device_start": -1, "host_queued_start": 1585660301.190903, "device_queued": -1, "device_end": -1, "host_queued_end": 1585660301.223282}, "device": "gpu", "nd_range": {"device_start": 1585660233.9311879, "device_end": 1585660233.9345298}, "cmdq": 0, "read": {"device_start": -1, "device_end": -1}}, "empty80": {"write": {"device_start": 1585660233.7715373, "host_queued_start": 1585660301.065886, "device_queued": 1585660233.771005, "device_end": 1585660233.7716317, "host_queued_end": 1585660301.223282}, "device": "gpu", "nd_range": {"device_start": 1585660233.77164, "device_end": 1585660233.7716434}, "cmdq": 0, "read": {"device_start": -1, "device_end": -1}}, "empty116": {"write": {"device_start": 1585660233.7731214, "host_queued_start": 1585660301.077339, "device_queued": 1585660233.7718222, "device_end": 1585660233.7732136, "host_queued_end": 1585660301.223282}, "device": "gpu", "nd_range": {"device_start": 1585660233.7732203, "device_end": 1585660233.7732232}, "cmdq": 0, "read": {"device_start": -1, "device_end": -1}}, "softmax104": {"write": {"device_start": -1, "host_queued_start": 1585660301.187393, "device_queued": -1, "device_end": -1, "host_queued_end": 1585660301.223282}, "device": "gpu", "nd_range": {"device_start": 1585660233.9090505, "device_end": 1585660233.9094725}, "cmdq": 0, "read": {"device_start": -1, "device_end": -1}}, "coalesced_transpose21": {"write": {"device_start": -1, "host_queued_start": 1585660301.319769, "device_queued": -1, "device_end": -1, "host_queued_end": 1585660301.358076}, "device": "cpu", "nd_range": {"device_start": 2328076.258393809, "device_end": 2328076.259332089}, "cmdq": 0, "read": {"device_start": -1, "device_end": -1}}, "softmax14": {"write": {"device_start": -1, "host_queued_start": 1585660301.328261, "device_queued": -1, "device_end": -1, "host_queued_end": 1585660301.358076}, "device": "cpu", "nd_range": {"device_start": 2328076.571879112, "device_end": 2328076.57238747}, "cmdq": 1, "read": {"device_start": -1, "device_end": -1}}, "FFC_sans_bias69": {"write": {"device_start": -1, "host_queued_start": 1585660301.188777, "device_queued": -1, "device_end": -1, "host_queued_end": 1585660301.223282}, "device": "gpu", "nd_range": {"device_start": 1585660233.911158, "device_end": 1585660233.9145112}, "cmdq": 0, "read": {"device_start": -1, "device_end": -1}}, "FFC_sans_bias92": {"write": {"device_start": 1585660233.8163188, "host_queued_start": 1585660301.126991, "device_queued": 1585660233.7759778, "device_end": 1585660233.8164153, "host_queued_end": 1585660301.223282}, "device": "gpu", "nd_range": {"device_start": 1585660233.8164182, "device_end": 1585660233.8197923}, "cmdq": 0, "read": {"device_start": -1, "device_end": -1}}, "FFC_sans_bias60": {"write": {"device_start": -1, "host_queued_start": 1585660301.335474, "device_queued": -1, "device_end": -1, "host_queued_end": 1585660301.358076}, "device": "cpu", "nd_range": {"device_start": 2328076.805902549, "device_end": 2328076.8923002523}, "cmdq": 1, "read": {"device_start": -1, "device_end": -1}}, "FFC_sans_bias61": {"write": {"device_start": -1, "host_queued_start": 1585660301.35802, "device_queued": -1, "device_end": -1, "host_queued_end": 1585660301.358076}, "device": "cpu", "nd_range": {"device_start": 2328076.979037961, "device_end": 2328077.066404704}, "cmdq": 0, "read": {"device_start": -1, "device_end": -1}}, "FFC_sans_bias63": {"write": {"device_start": 1585660233.7823317, "host_queued_start": 1585660301.095677, "device_queued": 1585660233.773391, "device_end": 1585660233.782426, "host_queued_end": 1585660301.223282}, "device": "gpu", "nd_range": {"device_start": 1585660233.7824292, "device_end": 1585660233.7857738}, "cmdq": 0, "read": {"device_start": -1, "device_end": -1}}, "FFC_sans_bias64": {"write": {"device_start": 1585660233.7748225, "host_queued_start": 1585660301.088464, "device_queued": 1585660233.7726352, "device_end": 1585660233.7749321, "host_queued_end": 1585660301.223282}, "device": "gpu", "nd_range": {"device_start": 1585660233.7749407, "device_end": 1585660233.7782714}, "cmdq": 0, "read": {"device_start": -1, "device_end": -1}}, "FFC_sans_bias65": {"write": {"device_start": 1585660233.7785804, "host_queued_start": 1585660301.092027, "device_queued": 1585660233.7729974, "device_end": 1585660233.77868, "host_queued_end": 1585660301.223282}, "device": "gpu", "nd_range": {"device_start": 1585660233.7786863, "device_end": 1585660233.7820053}, "cmdq": 0, "read": {"device_start": -1, "device_end": -1}}, "FFC_sans_bias67": {"write": {"device_start": -1, "host_queued_start": 1585660301.183292, "device_queued": -1, "device_end": -1, "host_queued_end": 1585660301.223282}, "device": "gpu", "nd_range": {"device_start": 1585660233.877158, "device_end": 1585660233.880527}, "cmdq": 0, "read": {"device_start": -1, "device_end": -1}}, "coalesced_transpose111": {"write": {"device_start": -1, "host_queued_start": 1585660301.18192, "device_queued": -1, "device_end": -1, "host_queued_end": 1585660301.223282}, "device": "gpu", "nd_range": {"device_start": 1585660233.8770802, "device_end": 1585660233.8770986}, "cmdq": 0, "read": {"device_start": -1, "device_end": -1}}, "FFC_sans_bias136": {"write": {"device_start": 1585660233.8658395, "host_queued_start": 1585660301.172797, "device_queued": 1585660233.7792373, "device_end": 1585660233.8659363, "host_queued_end": 1585660301.223282}, "device": "gpu", "nd_range": {"device_start": 1585660233.8659394, "device_end": 1585660233.8692746}, "cmdq": 0, "read": {"device_start": -1, "device_end": -1}}, "FFC_sans_bias135": {"write": {"device_start": 1585660233.8735154, "host_queued_start": 1585660301.17986, "device_queued": 1585660233.7797337, "device_end": 1585660233.8736255, "host_queued_end": 1585660301.223282}, "device": "gpu", "nd_range": {"device_start": 1585660233.8736286, "device_end": 1585660233.876982}, "cmdq": 0, "read": {"device_start": -1, "device_end": -1}}, "FFC_sans_bias133": {"write": {"device_start": 1585660233.9690833, "host_queued_start": 1585660301.219757, "device_queued": 1585660233.7862659, "device_end": 1585660233.969175, "host_queued_end": 1585660301.223282}, "device": "gpu", "nd_range": {"device_start": 1585660233.969181, "device_end": 1585660233.972499}, "cmdq": 0, "read": {"device_start": 1585660233.972507, "device_end": 1585660233.9725952}}, "FFC_sans_bias132": {"write": {"device_start": -1, "host_queued_start": 1585660301.191265, "device_queued": -1, "device_end": -1, "host_queued_end": 1585660301.223282}, "device": "gpu", "nd_range": {"device_start": 1585660233.934531, "device_end": 1585660233.93787}, "cmdq": 0, "read": {"device_start": -1, "device_end": -1}}, "softmax68": {"write": {"device_start": -1, "host_queued_start": 1585660301.18625, "device_queued": -1, "device_end": -1, "host_queued_end": 1585660301.223282}, "device": "gpu", "nd_range": {"device_start": 1585660233.9073617, "device_end": 1585660233.907786}, "cmdq": 0, "read": {"device_start": -1, "device_end": -1}}, "softmax131": {"write": {"device_start": -1, "host_queued_start": 1585660301.18818, "device_queued": -1, "device_end": -1, "host_queued_end": 1585660301.223282}, "device": "gpu", "nd_range": {"device_start": 1585660233.9103155, "device_end": 1585660233.9107366}, "cmdq": 0, "read": {"device_start": -1, "device_end": -1}}, "empty125": {"write": {"device_start": 1585660233.7735114, "host_queued_start": 1585660301.080028, "device_queued": 1585660233.7720523, "device_end": 1585660233.773604, "host_queued_end": 1585660301.223282}, "device": "gpu", "nd_range": {"device_start": 1585660233.773619, "device_end": 1585660233.773622}, "cmdq": 0, "read": {"device_start": -1, "device_end": -1}}, "FFC_sans_bias139": {"write": {"device_start": -1, "host_queued_start": 1585660301.18597, "device_queued": -1, "device_end": -1, "host_queued_end": 1585660301.223282}, "device": "gpu", "nd_range": {"device_start": 1585660233.904015, "device_end": 1585660233.9073606}, "cmdq": 0, "read": {"device_start": -1, "device_end": -1}}, "empty35": {"write": {"device_start": -1, "host_queued_start": 1585660301.237611, "device_queued": -1, "device_end": -1, "host_queued_end": 1585660301.358076}, "device": "cpu", "nd_range": {"device_start": 2328075.547726499, "device_end": 2328075.547727607}, "cmdq": 1, "read": {"device_start": -1, "device_end": -1}}, "softmax86": {"write": {"device_start": -1, "host_queued_start": 1585660301.186863, "device_queued": -1, "device_end": -1, "host_queued_end": 1585660301.223282}, "device": "gpu", "nd_range": {"device_start": 1585660233.9082084, "device_end": 1585660233.9086285}, "cmdq": 0, "read": {"device_start": -1, "device_end": -1}}, "FFC_sans_bias55": {"write": {"device_start": -1, "host_queued_start": 1585660301.318062, "device_queued": -1, "device_end": -1, "host_queued_end": 1585660301.358076}, "device": "cpu", "nd_range": {"device_start": 2328076.282735158, "device_end": 2328076.317658578}, "cmdq": 1, "read": {"device_start": -1, "device_end": -1}}, "FFC_sans_bias54": {"write": {"device_start": -1, "host_queued_start": 1585660301.31473, "device_queued": -1, "device_end": -1, "host_queued_end": 1585660301.358076}, "device": "cpu", "nd_range": {"device_start": 2328076.175099241, "device_end": 2328076.257352596}, "cmdq": 0, "read": {"device_start": -1, "device_end": -1}}, "FFC_sans_bias56": {"write": {"device_start": -1, "host_queued_start": 1585660301.311436, "device_queued": -1, "device_end": -1, "host_queued_end": 1585660301.358076}, "device": "cpu", "nd_range": {"device_start": 2328076.206806415, "device_end": 2328076.2827238883}, "cmdq": 1, "read": {"device_start": -1, "device_end": -1}}, "FFC_sans_bias51": {"write": {"device_start": -1, "host_queued_start": 1585660301.334849, "device_queued": -1, "device_end": -1, "host_queued_end": 1585660301.358076}, "device": "cpu", "nd_range": {"device_start": 2328076.690591458, "device_end": 2328076.7671578373}, "cmdq": 0, "read": {"device_start": -1, "device_end": -1}}, "FFC_sans_bias52": {"write": {"device_start": -1, "host_queued_start": 1585660301.354955, "device_queued": -1, "device_end": -1, "host_queued_end": 1585660301.358076}, "device": "cpu", "nd_range": {"device_start": 2328077.026353024, "device_end": 2328077.073987505}, "cmdq": 1, "read": {"device_start": -1, "device_end": -1}}, "FFC_sans_bias58": {"write": {"device_start": -1, "host_queued_start": 1585660301.327218, "device_queued": -1, "device_end": -1, "host_queued_end": 1585660301.358076}, "device": "cpu", "nd_range": {"device_start": 2328076.536184589, "device_end": 2328076.5718572903}, "cmdq": 1, "read": {"device_start": -1, "device_end": -1}}, "FFC_sans_bias108": {"write": {"device_start": 1585660233.8316214, "host_queued_start": 1585660301.140749, "device_queued": 1585660233.7768955, "device_end": 1585660233.8317196, "host_queued_end": 1585660301.223282}, "device": "gpu", "nd_range": {"device_start": 1585660233.8317313, "device_end": 1585660233.835084}, "cmdq": 0, "read": {"device_start": -1, "device_end": -1}}, "FFC_sans_bias109": {"write": {"device_start": 1585660233.8354175, "host_queued_start": 1585660301.144316, "device_queued": 1585660233.777131, "device_end": 1585660233.8355124, "host_queued_end": 1585660301.223282}, "device": "gpu", "nd_range": {"device_start": 1585660233.8355153, "device_end": 1585660233.838862}, "cmdq": 0, "read": {"device_start": -1, "device_end": -1}}, "coalesced_transpose129": {"write": {"device_start": -1, "host_queued_start": 1585660301.182547, "device_queued": -1, "device_end": -1, "host_queued_end": 1585660301.223282}, "device": "gpu", "nd_range": {"device_start": 1585660233.8771193, "device_end": 1585660233.8771372}, "cmdq": 0, "read": {"device_start": -1, "device_end": -1}}, "FFC_sans_bias103": {"write": {"device_start": -1, "host_queued_start": 1585660301.184624, "device_queued": -1, "device_end": -1, "host_queued_end": 1585660301.223282}, "device": "gpu", "nd_range": {"device_start": 1585660233.8905814, "device_end": 1585660233.8939393}, "cmdq": 0, "read": {"device_start": -1, "device_end": -1}}, "FFC_sans_bias100": {"write": {"device_start": 1585660233.8240101, "host_queued_start": 1585660301.133839, "device_queued": 1585660233.7764406, "device_end": 1585660233.8241081, "host_queued_end": 1585660301.223282}, "device": "gpu", "nd_range": {"device_start": 1585660233.8241107, "device_end": 1585660233.8274715}, "cmdq": 0, "read": {"device_start": -1, "device_end": -1}}, "FFC_sans_bias101": {"write": {"device_start": 1585660233.8278265, "host_queued_start": 1585660301.137266, "device_queued": 1585660233.7766693, "device_end": 1585660233.827939, "host_queued_end": 1585660301.223282}, "device": "gpu", "nd_range": {"device_start": 1585660233.827942, "device_end": 1585660233.8312864}, "cmdq": 0, "read": {"device_start": -1, "device_end": -1}}, "FFC_sans_bias106": {"write": {"device_start": 1585660233.9572399, "host_queued_start": 1585660301.209289, "device_queued": 1585660233.7852652, "device_end": 1585660233.9573402, "host_queued_end": 1585660301.223282}, "device": "gpu", "nd_range": {"device_start": 1585660233.9573467, "device_end": 1585660233.960669}, "cmdq": 0, "read": {"device_start": 1585660233.9606726, "device_end": 1585660233.960774}}, "softmax122": {"write": {"device_start": -1, "host_queued_start": 1585660301.187912, "device_queued": -1, "device_end": -1, "host_queued_end": 1585660301.223282}, "device": "gpu", "nd_range": {"device_start": 1585660233.9098954, "device_end": 1585660233.9103143}, "cmdq": 0, "read": {"device_start": -1, "device_end": -1}}, "FFC_sans_bias105": {"write": {"device_start": -1, "host_queued_start": 1585660301.19018, "device_queued": -1, "device_end": -1, "host_queued_end": 1585660301.223282}, "device": "gpu", "nd_range": {"device_start": 1585660233.9245226, "device_end": 1585660233.9278586}, "cmdq": 0, "read": {"device_start": -1, "device_end": -1}}, "softmax95": {"write": {"device_start": -1, "host_queued_start": 1585660301.187123, "device_queued": -1, "device_end": -1, "host_queued_end": 1585660301.223282}, "device": "gpu", "nd_range": {"device_start": 1585660233.9086297, "device_end": 1585660233.9090495}, "cmdq": 0, "read": {"device_start": -1, "device_end": -1}}, "coalesced_transpose57": {"write": {"device_start": -1, "host_queued_start": 1585660301.322255, "device_queued": -1, "device_end": -1, "host_queued_end": 1585660301.358076}, "device": "cpu", "nd_range": {"device_start": 2328076.317678674, "device_end": 2328076.318185259}, "cmdq": 0, "read": {"device_start": -1, "device_end": -1}}, "empty26": {"write": {"device_start": -1, "host_queued_start": 1585660301.234756, "device_queued": -1, "device_end": -1, "host_queued_end": 1585660301.358076}, "device": "cpu", "nd_range": {"device_start": 2328075.5477272794, "device_end": 2328075.547728259}, "cmdq": 0, "read": {"device_start": -1, "device_end": -1}}, "softmax113": {"write": {"device_start": -1, "host_queued_start": 1585660301.187652, "device_queued": -1, "device_end": -1, "host_queued_end": 1585660301.223282}, "device": "gpu", "nd_range": {"device_start": 1585660233.9094734, "device_end": 1585660233.9098938}, "cmdq": 0, "read": {"device_start": -1, "device_end": -1}}, "FFC_sans_bias11": {"write": {"device_start": -1, "host_queued_start": 1585660301.267068, "device_queued": -1, "device_end": -1, "host_queued_end": 1585660301.358076}, "device": "cpu", "nd_range": {"device_start": 2328075.69851522, "device_end": 2328075.77977941}, "cmdq": 0, "read": {"device_start": -1, "device_end": -1}}, "FFC_sans_bias42": {"write": {"device_start": -1, "host_queued_start": 1585660301.334208, "device_queued": -1, "device_end": -1, "host_queued_end": 1585660301.358076}, "device": "cpu", "nd_range": {"device_start": 2328076.730653942, "device_end": 2328076.805889546}, "cmdq": 1, "read": {"device_start": -1, "device_end": -1}}, "FFC_sans_bias43": {"write": {"device_start": -1, "host_queued_start": 1585660301.351744, "device_queued": -1, "device_end": -1, "host_queued_end": 1585660301.358076}, "device": "cpu", "nd_range": {"device_start": 2328076.9007458, "device_end": 2328076.979020269}, "cmdq": 0, "read": {"device_start": -1, "device_end": -1}}, "FFC_sans_bias40": {"write": {"device_start": -1, "host_queued_start": 1585660301.325744, "device_queued": -1, "device_end": -1, "host_queued_end": 1585660301.358076}, "device": "cpu", "nd_range": {"device_start": 2328076.483083439, "device_end": 2328076.536146872}, "cmdq": 1, "read": {"device_start": -1, "device_end": -1}}, "FFC_sans_bias46": {"write": {"device_start": -1, "host_queued_start": 1585660301.304501, "device_queued": -1, "device_end": -1, "host_queued_end": 1585660301.358076}, "device": "cpu", "nd_range": {"device_start": 2328076.132245738, "device_end": 2328076.2065712363}, "cmdq": 1, "read": {"device_start": -1, "device_end": -1}}, "FFC_sans_bias47": {"write": {"device_start": -1, "host_queued_start": 1585660301.308071, "device_queued": -1, "device_end": -1, "host_queued_end": 1585660301.358076}, "device": "cpu", "nd_range": {"device_start": 2328076.115492309, "device_end": 2328076.1750779552}, "cmdq": 0, "read": {"device_start": -1, "device_end": -1}}, "FFC_sans_bias45": {"write": {"device_start": -1, "host_queued_start": 1585660301.301128, "device_queued": -1, "device_end": -1, "host_queued_end": 1585660301.358076}, "device": "cpu", "nd_range": {"device_start": 2328076.0332254553, "device_end": 2328076.1154727694}, "cmdq": 0, "read": {"device_start": -1, "device_end": -1}}, "FFC_sans_bias49": {"write": {"device_start": -1, "host_queued_start": 1585660301.326524, "device_queued": -1, "device_end": -1, "host_queued_end": 1585660301.358076}, "device": "cpu", "nd_range": {"device_start": 2328076.4492747933, "device_end": 2328076.5102739003}, "cmdq": 0, "read": {"device_start": -1, "device_end": -1}}, "softmax77": {"write": {"device_start": -1, "host_queued_start": 1585660301.186552, "device_queued": -1, "device_end": -1, "host_queued_end": 1585660301.223282}, "device": "gpu", "nd_range": {"device_start": 1585660233.9077868, "device_end": 1585660233.9082072}, "cmdq": 0, "read": {"device_start": -1, "device_end": -1}}, "empty134": {"write": {"device_start": 1585660233.7738843, "host_queued_start": 1585660301.082863, "device_queued": 1585660233.7722325, "device_end": 1585660233.7739787, "host_queued_end": 1585660301.223282}, "device": "gpu", "nd_range": {"device_start": 1585660233.7739882, "device_end": 1585660233.7739916}, "cmdq": 0, "read": {"device_start": -1, "device_end": -1}}, "coalesced_transpose138": {"write": {"device_start": -1, "host_queued_start": 1585660301.18289, "device_queued": -1, "device_end": -1, "host_queued_end": 1585660301.223282}, "device": "gpu", "nd_range": {"device_start": 1585660233.8771384, "device_end": 1585660233.877157}, "cmdq": 0, "read": {"device_start": -1, "device_end": -1}}, "FFC_sans_bias119": {"write": {"device_start": 1585660233.85054, "host_queued_start": 1585660301.158668, "device_queued": 1585660233.7781422, "device_end": 1585660233.8506372, "host_queued_end": 1585660301.223282}, "device": "gpu", "nd_range": {"device_start": 1585660233.8506403, "device_end": 1585660233.85399}, "cmdq": 0, "read": {"device_start": -1, "device_end": -1}}, "FFC_sans_bias118": {"write": {"device_start": 1585660233.8467808, "host_queued_start": 1585660301.155112, "device_queued": 1585660233.7778924, "device_end": 1585660233.8468766, "host_queued_end": 1585660301.223282}, "device": "gpu", "nd_range": {"device_start": 1585660233.8468826, "device_end": 1585660233.850211}, "cmdq": 0, "read": {"device_start": -1, "device_end": -1}}, "empty143": {"write": {"device_start": 1585660233.7743685, "host_queued_start": 1585660301.085538, "device_queued": 1585660233.7724593, "device_end": 1585660233.7744977, "host_queued_end": 1585660301.223282}, "device": "gpu", "nd_range": {"device_start": 1585660233.7745001, "device_end": 1585660233.7745042}, "cmdq": 0, "read": {"device_start": -1, "device_end": -1}}, "FFC_sans_bias115": {"write": {"device_start": 1585660233.9612226, "host_queued_start": 1585660301.212831, "device_queued": 1585660233.7855682, "device_end": 1585660233.9613242, "host_queued_end": 1585660301.223282}, "device": "gpu", "nd_range": {"device_start": 1585660233.961333, "device_end": 1585660233.9646473}, "cmdq": 0, "read": {"device_start": 1585660233.9646509, "device_end": 1585660233.9647384}}, "FFC_sans_bias114": {"write": {"device_start": -1, "host_queued_start": 1585660301.19054, "device_queued": -1, "device_end": -1, "host_queued_end": 1585660301.223282}, "device": "gpu", "nd_range": {"device_start": 1585660233.9278595, "device_end": 1585660233.9311867}, "cmdq": 0, "read": {"device_start": -1, "device_end": -1}}, "FFC_sans_bias117": {"write": {"device_start": 1585660233.8429961, "host_queued_start": 1585660301.151596, "device_queued": 1585660233.777645, "device_end": 1585660233.8430955, "host_queued_end": 1585660301.223282}, "device": "gpu", "nd_range": {"device_start": 1585660233.8431032, "device_end": 1585660233.8464346}, "cmdq": 0, "read": {"device_start": -1, "device_end": -1}}, "softmax5": {"write": {"device_start": -1, "host_queued_start": 1585660301.327739, "device_queued": -1, "device_end": -1, "host_queued_end": 1585660301.358076}, "device": "cpu", "nd_range": {"device_start": 2328076.5102936192, "device_end": 2328076.511050261}, "cmdq": 0, "read": {"device_start": -1, "device_end": -1}}, "FFC_sans_bias110": {"write": {"device_start": 1585660233.8392053, "host_queued_start": 1585660301.147844, "device_queued": 1585660233.7773798, "device_end": 1585660233.8393047, "host_queued_end": 1585660301.223282}, "device": "gpu", "nd_range": {"device_start": 1585660233.839308, "device_end": 1585660233.842663}, "cmdq": 0, "read": {"device_start": -1, "device_end": -1}}, "FFC_sans_bias112": {"write": {"device_start": -1, "host_queued_start": 1585660301.185004, "device_queued": -1, "device_end": -1, "host_queued_end": 1585660301.223282}, "device": "gpu", "nd_range": {"device_start": 1585660233.8939402, "device_end": 1585660233.897295}, "cmdq": 0, "read": {"device_start": -1, "device_end": -1}}, "empty53": {"write": {"device_start": -1, "host_queued_start": 1585660301.243649, "device_queued": -1, "device_end": -1, "host_queued_end": 1585660301.358076}, "device": "cpu", "nd_range": {"device_start": 2328075.5477334, "device_end": 2328075.5477340803}, "cmdq": 1, "read": {"device_start": -1, "device_end": -1}}, "coalesced_transpose48": {"write": {"device_start": -1, "host_queued_start": 1585660301.321654, "device_queued": -1, "device_end": -1, "host_queued_end": 1585660301.358076}, "device": "cpu", "nd_range": {"device_start": 2328076.326691484, "device_end": 2328076.3276210884}, "cmdq": 1, "read": {"device_start": -1, "device_end": -1}}}