{"FFC_sans_bias4": {"write": {"device_start": -1, "host_queued_start": 1585660774.175971, "device_queued": -1, "device_end": -1, "host_queued_end": 1585660774.180661}, "device": "cpu", "nd_range": {"device_start": 2328548.476739388, "device_end": 2328548.5145794554}, "cmdq": 2, "read": {"device_start": -1, "device_end": -1}}, "FFC_sans_bias7": {"write": {"device_start": -1, "host_queued_start": 1585660774.180602, "device_queued": -1, "device_end": -1, "host_queued_end": 1585660774.180661}, "device": "cpu", "nd_range": {"device_start": 2328548.549151589, "device_end": 2328548.59379841}, "cmdq": 2, "read": {"device_start": -1, "device_end": -1}}, "FFC_sans_bias6": {"write": {"device_start": -1, "host_queued_start": 1585660774.177116, "device_queued": -1, "device_end": -1, "host_queued_end": 1585660774.180661}, "device": "cpu", "nd_range": {"device_start": 2328548.514948633, "device_end": 2328548.5491291103}, "cmdq": 1, "read": {"device_start": -1, "device_end": -1}}, "FFC_sans_bias1": {"write": {"device_start": -1, "host_queued_start": 1585660774.171105, "device_queued": -1, "device_end": -1, "host_queued_end": 1585660774.180661}, "device": "cpu", "nd_range": {"device_start": 2328548.370292244, "device_end": 2328548.474545882}, "cmdq": 2, "read": {"device_start": -1, "device_end": -1}}, "FFC_sans_bias0": {"write": {"device_start": -1, "host_queued_start": 1585660774.167552, "device_queued": -1, "device_end": -1, "host_queued_end": 1585660774.180661}, "device": "cpu", "nd_range": {"device_start": 2328548.3702867813, "device_end": 2328548.437148944}, "cmdq": 1, "read": {"device_start": -1, "device_end": -1}}, "FFC_sans_bias2": {"write": {"device_start": -1, "host_queued_start": 1585660774.174644, "device_queued": -1, "device_end": -1, "host_queued_end": 1585660774.180661}, "device": "cpu", "nd_range": {"device_start": 2328548.3702973863, "device_end": 2328548.4875800214}, "cmdq": 0, "read": {"device_start": -1, "device_end": -1}}, "coalesced_transpose120": {"write": {"device_start": -1, "host_queued_start": 1585660774.090339, "device_queued": -1, "device_end": -1, "host_queued_end": 1585660774.158624}, "device": "gpu", "nd_range": {"device_start": 1585660706.8525584, "device_end": 1585660706.8525898}, "cmdq": 0, "read": {"device_start": -1, "device_end": -1}}, "FFC_sans_bias9": {"write": {"device_start": 1585660706.69894, "host_queued_start": 1585660773.932461, "device_queued": 1585660706.6985981, "device_end": 1585660706.6990418, "host_queued_end": 1585660774.158624}, "device": "gpu", "nd_range": {"device_start": 1585660706.6990504, "device_end": 1585660706.702406}, "cmdq": 1, "read": {"device_start": -1, "device_end": -1}}, "empty71": {"write": {"device_start": 1585660706.6958573, "host_queued_start": 1585660773.908254, "device_queued": 1585660706.695522, "device_end": 1585660706.696131, "host_queued_end": 1585660774.158624}, "device": "gpu", "nd_range": {"device_start": 1585660706.6961453, "device_end": 1585660706.6961493}, "cmdq": 0, "read": {"device_start": -1, "device_end": -1}}, "softmax41": {"write": {"device_start": -1, "host_queued_start": 1585660774.097763, "device_queued": -1, "device_end": -1, "host_queued_end": 1585660774.158624}, "device": "gpu", "nd_range": {"device_start": 1585660706.9023669, "device_end": 1585660706.9027886}, "cmdq": 1, "read": {"device_start": -1, "device_end": -1}}, "FFC_sans_bias37": {"write": {"device_start": 1585660706.735762, "host_queued_start": 1585660773.965857, "device_queued": 1585660706.7011797, "device_end": 1585660706.7358563, "host_queued_end": 1585660774.158624}, "device": "gpu", "nd_range": {"device_start": 1585660706.7358599, "device_end": 1585660706.7418978}, "cmdq": 1, "read": {"device_start": -1, "device_end": -1}}, "FFC_sans_bias36": {"write": {"device_start": 1585660706.732498, "host_queued_start": 1585660773.962523, "device_queued": 1585660706.7010524, "device_end": 1585660706.7325952, "host_queued_end": 1585660774.158624}, "device": "gpu", "nd_range": {"device_start": 1585660706.7326, "device_end": 1585660706.7386017}, "cmdq": 0, "read": {"device_start": -1, "device_end": -1}}, "FFC_sans_bias34": {"write": {"device_start": 1585660706.954346, "host_queued_start": 1585660774.12179, "device_queued": 1585660706.7391822, "device_end": 1585660706.9544485, "host_queued_end": 1585660774.158624}, "device": "gpu", "nd_range": {"device_start": 1585660706.9544783, "device_end": 1585660706.9601426}, "cmdq": 0, "read": {"device_start": 1585660706.96015, "device_end": 1585660706.9602487}}, "FFC_sans_bias33": {"write": {"device_start": -1, "host_queued_start": 1585660774.105257, "device_queued": -1, "device_end": -1, "host_queued_end": 1585660774.158624}, "device": "gpu", "nd_range": {"device_start": 1585660706.9114542, "device_end": 1585660706.9178245}, "cmdq": 1, "read": {"device_start": -1, "device_end": -1}}, "FFC_sans_bias31": {"write": {"device_start": -1, "host_queued_start": 1585660774.091984, "device_queued": -1, "device_end": -1, "host_queued_end": 1585660774.158624}, "device": "gpu", "nd_range": {"device_start": 1585660706.8627405, "device_end": 1585660706.8691409}, "cmdq": 1, "read": {"device_start": -1, "device_end": -1}}, "FFC_sans_bias38": {"write": {"device_start": 1585660706.7389092, "host_queued_start": 1585660773.969197, "device_queued": 1585660706.7015274, "device_end": 1585660706.7390063, "host_queued_end": 1585660774.158624}, "device": "gpu", "nd_range": {"device_start": 1585660706.7390113, "device_end": 1585660706.7451744}, "cmdq": 0, "read": {"device_start": -1, "device_end": -1}}, "coalesced_transpose75": {"write": {"device_start": -1, "host_queued_start": 1585660774.08867, "device_queued": -1, "device_end": -1, "host_queued_end": 1585660774.158624}, "device": "gpu", "nd_range": {"device_start": 1585660706.852667, "device_end": 1585660706.8558445}, "cmdq": 1, "read": {"device_start": -1, "device_end": -1}}, "softmax140": {"write": {"device_start": -1, "host_queued_start": 1585660774.103473, "device_queued": -1, "device_end": -1, "host_queued_end": 1585660774.158624}, "device": "gpu", "nd_range": {"device_start": 1585660706.9042737, "device_end": 1585660706.9046974}, "cmdq": 0, "read": {"device_start": -1, "device_end": -1}}, "empty44": {"write": {"device_start": 1585660706.6949296, "host_queued_start": 1585660773.900401, "device_queued": 1585660706.6945448, "device_end": 1585660706.6952152, "host_queued_end": 1585660774.158624}, "device": "gpu", "nd_range": {"device_start": 1585660706.695225, "device_end": 1585660706.6952293}, "cmdq": 1, "read": {"device_start": -1, "device_end": -1}}, "FFC_sans_bias137": {"write": {"device_start": 1585660706.8431547, "host_queued_start": 1585660774.082674, "device_queued": 1585660706.7098668, "device_end": 1585660706.8432498, "host_queued_end": 1585660774.158624}, "device": "gpu", "nd_range": {"device_start": 1585660706.8432539, "device_end": 1585660706.8493834}, "cmdq": 0, "read": {"device_start": -1, "device_end": -1}}, "empty8": {"write": {"device_start": -1, "host_queued_start": 1585660774.163916, "device_queued": -1, "device_end": -1, "host_queued_end": 1585660774.180661}, "device": "cpu", "nd_range": {"device_start": 2328548.3702585273, "device_end": 2328548.3702732404}, "cmdq": 0, "read": {"device_start": -1, "device_end": -1}}, "softmax50": {"write": {"device_start": -1, "host_queued_start": 1585660774.098275, "device_queued": -1, "device_end": -1, "host_queued_end": 1585660774.158624}, "device": "gpu", "nd_range": {"device_start": 1585660706.8993044, "device_end": 1585660706.9024642}, "cmdq": 0, "read": {"device_start": -1, "device_end": -1}}, "softmax59": {"write": {"device_start": -1, "host_queued_start": 1585660774.09879, "device_queued": -1, "device_end": -1, "host_queued_end": 1585660774.158624}, "device": "gpu", "nd_range": {"device_start": 1585660706.902816, "device_end": 1585660706.9032364}, "cmdq": 1, "read": {"device_start": -1, "device_end": -1}}, "FFC_sans_bias142": {"write": {"device_start": 1585660706.9931939, "host_queued_start": 1585660774.158502, "device_queued": 1585660706.7425914, "device_end": 1585660706.993291, "host_queued_end": 1585660774.158624}, "device": "gpu", "nd_range": {"device_start": 1585660706.9933128, "device_end": 1585660706.9991333}, "cmdq": 0, "read": {"device_start": 1585660707.0026658, "device_end": 1585660707.0027606}}, "FFC_sans_bias141": {"write": {"device_start": -1, "host_queued_start": 1585660774.112242, "device_queued": -1, "device_end": -1, "host_queued_end": 1585660774.158624}, "device": "gpu", "nd_range": {"device_start": 1585660706.9504092, "device_end": 1585660706.9569333}, "cmdq": 1, "read": {"device_start": -1, "device_end": -1}}, "FFC_sans_bias24": {"write": {"device_start": -1, "host_queued_start": 1585660774.104673, "device_queued": -1, "device_end": -1, "host_queued_end": 1585660774.158624}, "device": "gpu", "nd_range": {"device_start": 1585660706.904721, "device_end": 1585660706.9080951}, "cmdq": 0, "read": {"device_start": -1, "device_end": -1}}, "FFC_sans_bias25": {"write": {"device_start": 1585660706.957246, "host_queued_start": 1585660774.118758, "device_queued": 1585660706.738647, "device_end": 1585660706.957352, "host_queued_end": 1585660774.158624}, "device": "gpu", "nd_range": {"device_start": 1585660706.9573822, "device_end": 1585660706.9634285}, "cmdq": 1, "read": {"device_start": 1585660706.963433, "device_end": 1585660706.9635322}}, "FFC_sans_bias27": {"write": {"device_start": 1585660706.7251775, "host_queued_start": 1585660773.952565, "device_queued": 1585660706.7002382, "device_end": 1585660706.725492, "host_queued_end": 1585660774.158624}, "device": "gpu", "nd_range": {"device_start": 1585660706.7254977, "device_end": 1585660706.7288685}, "cmdq": 1, "read": {"device_start": -1, "device_end": -1}}, "FFC_sans_bias20": {"write": {"device_start": 1585660706.7125704, "host_queued_start": 1585660773.949237, "device_queued": 1585660706.7001138, "device_end": 1585660706.7126741, "host_queued_end": 1585660774.158624}, "device": "gpu", "nd_range": {"device_start": 1585660706.7126791, "device_end": 1585660706.7186894}, "cmdq": 0, "read": {"device_start": -1, "device_end": -1}}, "FFC_sans_bias22": {"write": {"device_start": -1, "host_queued_start": 1585660774.09165, "device_queued": -1, "device_end": -1, "host_queued_end": 1585660774.158624}, "device": "gpu", "nd_range": {"device_start": 1585660706.8526602, "device_end": 1585660706.8559883}, "cmdq": 0, "read": {"device_start": -1, "device_end": -1}}, "FFC_sans_bias130": {"write": {"device_start": -1, "host_queued_start": 1585660774.095643, "device_queued": -1, "device_end": -1, "host_queued_end": 1585660774.158624}, "device": "gpu", "nd_range": {"device_start": 1585660706.8854647, "device_end": 1585660706.8919683}, "cmdq": 0, "read": {"device_start": -1, "device_end": -1}}, "FFC_sans_bias28": {"write": {"device_start": 1585660706.7254949, "host_queued_start": 1585660773.955883, "device_queued": 1585660706.7005699, "device_end": 1585660706.725601, "host_queued_end": 1585660774.158624}, "device": "gpu", "nd_range": {"device_start": 1585660706.7256057, "device_end": 1585660706.7321975}, "cmdq": 0, "read": {"device_start": -1, "device_end": -1}}, "FFC_sans_bias29": {"write": {"device_start": 1585660706.7291703, "host_queued_start": 1585660773.959234, "device_queued": 1585660706.700695, "device_end": 1585660706.7292657, "host_queued_end": 1585660774.158624}, "device": "gpu", "nd_range": {"device_start": 1585660706.7292686, "device_end": 1585660706.7354672}, "cmdq": 1, "read": {"device_start": -1, "device_end": -1}}, "coalesced_transpose66": {"write": {"device_start": -1, "host_queued_start": 1585660774.08835, "device_queued": -1, "device_end": -1, "host_queued_end": 1585660774.158624}, "device": "gpu", "nd_range": {"device_start": 1585660706.8524783, "device_end": 1585660706.852504}, "cmdq": 0, "read": {"device_start": -1, "device_end": -1}}, "coalesced_transpose93": {"write": {"device_start": -1, "host_queued_start": 1585660774.089298, "device_queued": -1, "device_end": -1, "host_queued_end": 1585660774.158624}, "device": "gpu", "nd_range": {"device_start": 1585660706.8558466, "device_end": 1585660706.855888}, "cmdq": 1, "read": {"device_start": -1, "device_end": -1}}, "softmax23": {"write": {"device_start": -1, "host_queued_start": 1585660774.09676, "device_queued": -1, "device_end": -1, "host_queued_end": 1585660774.158624}, "device": "gpu", "nd_range": {"device_start": 1585660706.9019234, "device_end": 1585660706.902342}, "cmdq": 1, "read": {"device_start": -1, "device_end": -1}}, "empty62": {"write": {"device_start": 1585660706.6955585, "host_queued_start": 1585660773.905635, "device_queued": 1585660706.6952355, "device_end": 1585660706.6958256, "host_queued_end": 1585660774.158624}, "device": "gpu", "nd_range": {"device_start": 1585660706.6958342, "device_end": 1585660706.6958377}, "cmdq": 1, "read": {"device_start": -1, "device_end": -1}}, "FFC_sans_bias10": {"write": {"device_start": 1585660706.6993358, "host_queued_start": 1585660773.93594, "device_queued": 1585660706.6990805, "device_end": 1585660706.699432, "host_queued_end": 1585660774.158624}, "device": "gpu", "nd_range": {"device_start": 1585660706.6994488, "device_end": 1585660706.70572}, "cmdq": 0, "read": {"device_start": -1, "device_end": -1}}, "FFC_sans_bias13": {"write": {"device_start": -1, "host_queued_start": 1585660774.09132, "device_queued": -1, "device_end": -1, "host_queued_end": 1585660774.158624}, "device": "gpu", "nd_range": {"device_start": 1585660706.8560429, "device_end": 1585660706.8627133}, "cmdq": 1, "read": {"device_start": -1, "device_end": -1}}, "FFC_sans_bias15": {"write": {"device_start": -1, "host_queued_start": 1585660774.104072, "device_queued": -1, "device_end": -1, "host_queued_end": 1585660774.158624}, "device": "gpu", "nd_range": {"device_start": 1585660706.9052587, "device_end": 1585660706.911431}, "cmdq": 1, "read": {"device_start": -1, "device_end": -1}}, "FFC_sans_bias16": {"write": {"device_start": 1585660706.9474845, "host_queued_start": 1585660774.115618, "device_queued": 1585660706.738512, "device_end": 1585660706.947587, "host_queued_end": 1585660774.158624}, "device": "gpu", "nd_range": {"device_start": 1585660706.947618, "device_end": 1585660706.9536529}, "cmdq": 0, "read": {"device_start": 1585660706.9536564, "device_end": 1585660706.9537537}}, "FFC_sans_bias19": {"write": {"device_start": 1585660706.7094622, "host_queued_start": 1585660773.945897, "device_queued": 1585660706.69978, "device_end": 1585660706.7095613, "host_queued_end": 1585660774.158624}, "device": "gpu", "nd_range": {"device_start": 1585660706.7095654, "device_end": 1585660706.7154305}, "cmdq": 1, "read": {"device_start": -1, "device_end": -1}}, "FFC_sans_bias18": {"write": {"device_start": 1585660706.7060845, "host_queued_start": 1585660773.942543, "device_queued": 1585660706.6996531, "device_end": 1585660706.7061784, "host_queued_end": 1585660774.158624}, "device": "gpu", "nd_range": {"device_start": 1585660706.7061827, "device_end": 1585660706.7121387}, "cmdq": 0, "read": {"device_start": -1, "device_end": -1}}, "FFC_sans_bias99": {"write": {"device_start": 1585660706.800794, "host_queued_start": 1585660774.038496, "device_queued": 1585660706.7063642, "device_end": 1585660706.8008945, "host_queued_end": 1585660774.158624}, "device": "gpu", "nd_range": {"device_start": 1585660706.8008983, "device_end": 1585660706.8069973}, "cmdq": 1, "read": {"device_start": -1, "device_end": -1}}, "FFC_sans_bias91": {"write": {"device_start": 1585660706.7942846, "host_queued_start": 1585660774.031492, "device_queued": 1585660706.705764, "device_end": 1585660706.7943857, "host_queued_end": 1585660774.158624}, "device": "gpu", "nd_range": {"device_start": 1585660706.79439, "device_end": 1585660706.800502}, "cmdq": 1, "read": {"device_start": -1, "device_end": -1}}, "FFC_sans_bias90": {"write": {"device_start": 1585660706.791016, "host_queued_start": 1585660774.027934, "device_queued": 1585660706.7056286, "device_end": 1585660706.7911117, "host_queued_end": 1585660774.158624}, "device": "gpu", "nd_range": {"device_start": 1585660706.7911174, "device_end": 1585660706.7972991}, "cmdq": 0, "read": {"device_start": -1, "device_end": -1}}, "coalesced_transpose12": {"write": {"device_start": -1, "host_queued_start": 1585660774.086433, "device_queued": -1, "device_end": -1, "host_queued_end": 1585660774.158624}, "device": "gpu", "nd_range": {"device_start": 1585660706.8493853, "device_end": 1585660706.8523903}, "cmdq": 0, "read": {"device_start": -1, "device_end": -1}}, "FFC_sans_bias94": {"write": {"device_start": -1, "host_queued_start": 1585660774.094292, "device_queued": -1, "device_end": -1, "host_queued_end": 1585660774.158624}, "device": "gpu", "nd_range": {"device_start": 1585660706.8724399, "device_end": 1585660706.878956}, "cmdq": 0, "read": {"device_start": -1, "device_end": -1}}, "FFC_sans_bias97": {"write": {"device_start": 1585660706.9834924, "host_queued_start": 1585660774.143236, "device_queued": 1585660706.7409322, "device_end": 1585660706.9835925, "host_queued_end": 1585660774.158624}, "device": "gpu", "nd_range": {"device_start": 1585660706.9836228, "device_end": 1585660706.9894073}, "cmdq": 1, "read": {"device_start": 1585660706.9894097, "device_end": 1585660706.9895036}}, "FFC_sans_bias96": {"write": {"device_start": -1, "host_queued_start": 1585660774.109349, "device_queued": -1, "device_end": -1, "host_queued_end": 1585660774.158624}, "device": "gpu", "nd_range": {"device_start": 1585660706.9275975, "device_end": 1585660706.9341388}, "cmdq": 0, "read": {"device_start": -1, "device_end": -1}}, "FFC_sans_bias124": {"write": {"device_start": 1585660706.9867408, "host_queued_start": 1585660774.152406, "device_queued": 1585660706.7418892, "device_end": 1585660706.986839, "host_queued_end": 1585660774.158624}, "device": "gpu", "nd_range": {"device_start": 1585660706.986869, "device_end": 1585660706.9926472}, "cmdq": 0, "read": {"device_start": 1585660706.9926515, "device_end": 1585660706.992743}}, "FFC_sans_bias126": {"write": {"device_start": 1585660706.833363, "host_queued_start": 1585660774.072494, "device_queued": 1585660706.708783, "device_end": 1585660706.8334563, "host_queued_end": 1585660774.158624}, "device": "gpu", "nd_range": {"device_start": 1585660706.8334608, "device_end": 1585660706.839564}, "cmdq": 1, "read": {"device_start": -1, "device_end": -1}}, "softmax32": {"write": {"device_start": -1, "host_queued_start": 1585660774.097263, "device_queued": -1, "device_end": -1, "host_queued_end": 1585660774.158624}, "device": "gpu", "nd_range": {"device_start": 1585660706.8959415, "device_end": 1585660706.8992786}, "cmdq": 0, "read": {"device_start": -1, "device_end": -1}}, "coalesced_transpose84": {"write": {"device_start": -1, "host_queued_start": 1585660774.088984, "device_queued": -1, "device_end": -1, "host_queued_end": 1585660774.158624}, "device": "gpu", "nd_range": {"device_start": 1585660706.8525057, "device_end": 1585660706.8525298}, "cmdq": 0, "read": {"device_start": -1, "device_end": -1}}, "FFC_sans_bias121": {"write": {"device_start": -1, "host_queued_start": 1585660774.095309, "device_queued": -1, "device_end": -1, "host_queued_end": 1585660774.158624}, "device": "gpu", "nd_range": {"device_start": 1585660706.8952067, "device_end": 1585660706.8985462}, "cmdq": 1, "read": {"device_start": -1, "device_end": -1}}, "empty98": {"write": {"device_start": 1585660706.6967666, "host_queued_start": 1585660773.916114, "device_queued": 1585660706.6964417, "device_end": 1585660706.6970582, "host_queued_end": 1585660774.158624}, "device": "gpu", "nd_range": {"device_start": 1585660706.697066, "device_end": 1585660706.6970701}, "cmdq": 1, "read": {"device_start": -1, "device_end": -1}}, "empty107": {"write": {"device_start": 1585660706.6972322, "host_queued_start": 1585660773.919146, "device_queued": 1585660706.6967592, "device_end": 1585660706.6975367, "host_queued_end": 1585660774.158624}, "device": "gpu", "nd_range": {"device_start": 1585660706.6975415, "device_end": 1585660706.6975474}, "cmdq": 0, "read": {"device_start": -1, "device_end": -1}}, "empty17": {"write": {"device_start": 1585660706.6938653, "host_queued_start": 1585660773.891683, "device_queued": 1585660706.6935253, "device_end": 1585660706.6939664, "host_queued_end": 1585660774.158624}, "device": "gpu", "nd_range": {"device_start": 1585660706.694054, "device_end": 1585660706.6940627}, "cmdq": 0, "read": {"device_start": -1, "device_end": -1}}, "FFC_sans_bias87": {"write": {"device_start": -1, "host_queued_start": 1585660774.108783, "device_queued": -1, "device_end": -1, "host_queued_end": 1585660774.158624}, "device": "gpu", "nd_range": {"device_start": 1585660706.9308894, "device_end": 1585660706.9374042}, "cmdq": 1, "read": {"device_start": -1, "device_end": -1}}, "FFC_sans_bias85": {"write": {"device_start": -1, "host_queued_start": 1585660774.093967, "device_queued": -1, "device_end": -1, "host_queued_end": 1585660774.158624}, "device": "gpu", "nd_range": {"device_start": 1585660706.882218, "device_end": 1585660706.8886955}, "cmdq": 1, "read": {"device_start": -1, "device_end": -1}}, "FFC_sans_bias82": {"write": {"device_start": 1585660706.7845366, "host_queued_start": 1585660774.019845, "device_queued": 1585660706.7051423, "device_end": 1585660706.7846363, "host_queued_end": 1585660774.158624}, "device": "gpu", "nd_range": {"device_start": 1585660706.7846408, "device_end": 1585660706.7907348}, "cmdq": 0, "read": {"device_start": -1, "device_end": -1}}, "FFC_sans_bias83": {"write": {"device_start": 1585660706.7877526, "host_queued_start": 1585660774.024152, "device_queued": 1585660706.7052758, "device_end": 1585660706.7878485, "host_queued_end": 1585660774.158624}, "device": "gpu", "nd_range": {"device_start": 1585660706.7878525, "device_end": 1585660706.794001}, "cmdq": 1, "read": {"device_start": -1, "device_end": -1}}, "FFC_sans_bias81": {"write": {"device_start": 1585660706.7812436, "host_queued_start": 1585660774.015756, "device_queued": 1585660706.7047582, "device_end": 1585660706.781345, "host_queued_end": 1585660774.158624}, "device": "gpu", "nd_range": {"device_start": 1585660706.781352, "device_end": 1585660706.787473}, "cmdq": 1, "read": {"device_start": -1, "device_end": -1}}, "FFC_sans_bias88": {"write": {"device_start": 1585660706.9737687, "host_queued_start": 1585660774.140165, "device_queued": 1585660706.7407992, "device_end": 1585660706.9738693, "host_queued_end": 1585660774.158624}, "device": "gpu", "nd_range": {"device_start": 1585660706.9738986, "device_end": 1585660706.9796567}, "cmdq": 0, "read": {"device_start": 1585660706.9796612, "device_end": 1585660706.9797597}}, "coalesced_transpose30": {"write": {"device_start": -1, "host_queued_start": 1585660774.087075, "device_queued": -1, "device_end": -1, "host_queued_end": 1585660774.158624}, "device": "gpu", "nd_range": {"device_start": 1585660706.8523922, "device_end": 1585660706.8524342}, "cmdq": 0, "read": {"device_start": -1, "device_end": -1}}, "FFC_sans_bias128": {"write": {"device_start": 1585660706.830111, "host_queued_start": 1585660774.069103, "device_queued": 1585660706.7086556, "device_end": 1585660706.830205, "host_queued_end": 1585660774.158624}, "device": "gpu", "nd_range": {"device_start": 1585660706.830211, "device_end": 1585660706.8363156}, "cmdq": 0, "read": {"device_start": -1, "device_end": -1}}, "coalesced_transpose39": {"write": {"device_start": -1, "host_queued_start": 1585660774.087393, "device_queued": -1, "device_end": -1, "host_queued_end": 1585660774.158624}, "device": "gpu", "nd_range": {"device_start": 1585660706.8525765, "device_end": 1585660706.8526201}, "cmdq": 1, "read": {"device_start": -1, "device_end": -1}}, "FFC_sans_bias79": {"write": {"device_start": 1585660706.977025, "host_queued_start": 1585660774.137091, "device_queued": 1585660706.740384, "device_end": 1585660706.9771245, "host_queued_end": 1585660774.158624}, "device": "gpu", "nd_range": {"device_start": 1585660706.9771547, "device_end": 1585660706.982904}, "cmdq": 1, "read": {"device_start": 1585660706.982912, "device_end": 1585660706.983008}}, "FFC_sans_bias78": {"write": {"device_start": -1, "host_queued_start": 1585660774.108192, "device_queued": -1, "device_end": -1, "host_queued_end": 1585660774.158624}, "device": "gpu", "nd_range": {"device_start": 1585660706.9211721, "device_end": 1585660706.9275742}, "cmdq": 0, "read": {"device_start": -1, "device_end": -1}}, "FFC_sans_bias73": {"write": {"device_start": 1585660706.774739, "host_queued_start": 1585660774.00801, "device_queued": 1585660706.7042851, "device_end": 1585660706.7748322, "host_queued_end": 1585660774.158624}, "device": "gpu", "nd_range": {"device_start": 1585660706.7748396, "device_end": 1585660706.7809653}, "cmdq": 1, "read": {"device_start": -1, "device_end": -1}}, "FFC_sans_bias72": {"write": {"device_start": 1585660706.77151, "host_queued_start": 1585660774.003406, "device_queued": 1585660706.7041547, "device_end": 1585660706.7716038, "host_queued_end": 1585660774.158624}, "device": "gpu", "nd_range": {"device_start": 1585660706.77161, "device_end": 1585660706.7777233}, "cmdq": 0, "read": {"device_start": -1, "device_end": -1}}, "FFC_sans_bias70": {"write": {"device_start": 1585660706.9672744, "host_queued_start": 1585660774.134041, "device_queued": 1585660706.7402577, "device_end": 1585660706.9673736, "host_queued_end": 1585660774.158624}, "device": "gpu", "nd_range": {"device_start": 1585660706.9674037, "device_end": 1585660706.973158}, "cmdq": 0, "read": {"device_start": 1585660706.973162, "device_end": 1585660706.9732587}}, "FFC_sans_bias76": {"write": {"device_start": -1, "host_queued_start": 1585660774.093635, "device_queued": -1, "device_end": -1, "host_queued_end": 1585660774.158624}, "device": "gpu", "nd_range": {"device_start": 1585660706.8659747, "device_end": 1585660706.8724144}, "cmdq": 0, "read": {"device_start": -1, "device_end": -1}}, "FFC_sans_bias74": {"write": {"device_start": 1585660706.7779949, "host_queued_start": 1585660774.01194, "device_queued": 1585660706.7046373, "device_end": 1585660706.77809, "host_queued_end": 1585660774.158624}, "device": "gpu", "nd_range": {"device_start": 1585660706.778095, "device_end": 1585660706.78423}, "cmdq": 0, "read": {"device_start": -1, "device_end": -1}}, "coalesced_transpose102": {"write": {"device_start": -1, "host_queued_start": 1585660774.089618, "device_queued": -1, "device_end": -1, "host_queued_end": 1585660774.158624}, "device": "gpu", "nd_range": {"device_start": 1585660706.8525324, "device_end": 1585660706.8525577}, "cmdq": 0, "read": {"device_start": -1, "device_end": -1}}, "coalesced_transpose3": {"write": {"device_start": -1, "host_queued_start": 1585660774.175287, "device_queued": -1, "device_end": -1, "host_queued_end": 1585660774.180661}, "device": "cpu", "nd_range": {"device_start": 2328548.475734869, "device_end": 2328548.4765762473}, "cmdq": 1, "read": {"device_start": -1, "device_end": -1}}, "FFC_sans_bias127": {"write": {"device_start": 1585660706.8365858, "host_queued_start": 1585660774.075868, "device_queued": 1585660706.7092552, "device_end": 1585660706.8366816, "host_queued_end": 1585660774.158624}, "device": "gpu", "nd_range": {"device_start": 1585660706.8366866, "device_end": 1585660706.8428464}, "cmdq": 0, "read": {"device_start": -1, "device_end": -1}}, "empty89": {"write": {"device_start": 1585660706.696457, "host_queued_start": 1585660773.913467, "device_queued": 1585660706.6961539, "device_end": 1585660706.6967406, "host_queued_end": 1585660774.158624}, "device": "gpu", "nd_range": {"device_start": 1585660706.6967518, "device_end": 1585660706.6967556}, "cmdq": 0, "read": {"device_start": -1, "device_end": -1}}, "FFC_sans_bias123": {"write": {"device_start": -1, "host_queued_start": 1585660774.111074, "device_queued": -1, "device_end": -1, "host_queued_end": 1585660774.158624}, "device": "gpu", "nd_range": {"device_start": 1585660706.9439433, "device_end": 1585660706.9503872}, "cmdq": 1, "read": {"device_start": -1, "device_end": -1}}, "empty80": {"write": {"device_start": 1585660706.69616, "host_queued_start": 1585660773.910885, "device_queued": 1585660706.695845, "device_end": 1585660706.6964214, "host_queued_end": 1585660774.158624}, "device": "gpu", "nd_range": {"device_start": 1585660706.696432, "device_end": 1585660706.6964364}, "cmdq": 1, "read": {"device_start": -1, "device_end": -1}}, "empty116": {"write": {"device_start": 1585660706.6976297, "host_queued_start": 1585660773.921769, "device_queued": 1585660706.69708, "device_end": 1585660706.6978905, "host_queued_end": 1585660774.158624}, "device": "gpu", "nd_range": {"device_start": 1585660706.6978931, "device_end": 1585660706.697899}, "cmdq": 1, "read": {"device_start": -1, "device_end": -1}}, "softmax104": {"write": {"device_start": -1, "host_queued_start": 1585660774.101382, "device_queued": -1, "device_end": -1, "host_queued_end": 1585660774.158624}, "device": "gpu", "nd_range": {"device_start": 1585660706.9033859, "device_end": 1585660706.9038074}, "cmdq": 0, "read": {"device_start": -1, "device_end": -1}}, "coalesced_transpose21": {"write": {"device_start": -1, "host_queued_start": 1585660774.086761, "device_queued": -1, "device_end": -1, "host_queued_end": 1585660774.158624}, "device": "gpu", "nd_range": {"device_start": 1585660706.852552, "device_end": 1585660706.8525753}, "cmdq": 1, "read": {"device_start": -1, "device_end": -1}}, "softmax14": {"write": {"device_start": -1, "host_queued_start": 1585660774.09624, "device_queued": -1, "device_end": -1, "host_queued_end": 1585660774.158624}, "device": "gpu", "nd_range": {"device_start": 1585660706.8919923, "device_end": 1585660706.8959155}, "cmdq": 0, "read": {"device_start": -1, "device_end": -1}}, "FFC_sans_bias69": {"write": {"device_start": -1, "host_queued_start": 1585660774.107597, "device_queued": -1, "device_end": -1, "host_queued_end": 1585660774.158624}, "device": "gpu", "nd_range": {"device_start": 1585660706.9244323, "device_end": 1585660706.9308662}, "cmdq": 1, "read": {"device_start": -1, "device_end": -1}}, "FFC_sans_bias92": {"write": {"device_start": 1585660706.797583, "host_queued_start": 1585660774.035064, "device_queued": 1585660706.7062333, "device_end": 1585660706.7976797, "host_queued_end": 1585660774.158624}, "device": "gpu", "nd_range": {"device_start": 1585660706.7976837, "device_end": 1585660706.8037534}, "cmdq": 0, "read": {"device_start": -1, "device_end": -1}}, "FFC_sans_bias60": {"write": {"device_start": -1, "host_queued_start": 1585660774.107017, "device_queued": -1, "device_end": -1, "host_queued_end": 1585660774.158624}, "device": "gpu", "nd_range": {"device_start": 1585660706.9147115, "device_end": 1585660706.9211485}, "cmdq": 0, "read": {"device_start": -1, "device_end": -1}}, "FFC_sans_bias61": {"write": {"device_start": 1585660706.970528, "host_queued_start": 1585660774.130989, "device_queued": 1585660706.7398477, "device_end": 1585660706.9706268, "host_queued_end": 1585660774.158624}, "device": "gpu", "nd_range": {"device_start": 1585660706.9706564, "device_end": 1585660706.9764163}, "cmdq": 1, "read": {"device_start": 1585660706.9764187, "device_end": 1585660706.9765174}}, "FFC_sans_bias63": {"write": {"device_start": 1585660706.768206, "host_queued_start": 1585660773.999268, "device_queued": 1585660706.7038186, "device_end": 1585660706.7683032, "host_queued_end": 1585660774.158624}, "device": "gpu", "nd_range": {"device_start": 1585660706.7683084, "device_end": 1585660706.7744634}, "cmdq": 1, "read": {"device_start": -1, "device_end": -1}}, "FFC_sans_bias64": {"write": {"device_start": 1585660706.7617025, "host_queued_start": 1585660773.992649, "device_queued": 1585660706.7033534, "device_end": 1585660706.7618024, "host_queued_end": 1585660774.158624}, "device": "gpu", "nd_range": {"device_start": 1585660706.7618074, "device_end": 1585660706.7679195}, "cmdq": 1, "read": {"device_start": -1, "device_end": -1}}, "FFC_sans_bias65": {"write": {"device_start": 1585660706.7649708, "host_queued_start": 1585660773.995973, "device_queued": 1585660706.703689, "device_end": 1585660706.7650685, "host_queued_end": 1585660774.158624}, "device": "gpu", "nd_range": {"device_start": 1585660706.765074, "device_end": 1585660706.7712271}, "cmdq": 0, "read": {"device_start": -1, "device_end": -1}}, "FFC_sans_bias67": {"write": {"device_start": -1, "host_queued_start": 1585660774.093302, "device_queued": -1, "device_end": -1, "host_queued_end": 1585660774.158624}, "device": "gpu", "nd_range": {"device_start": 1585660706.8757267, "device_end": 1585660706.8821929}, "cmdq": 1, "read": {"device_start": -1, "device_end": -1}}, "coalesced_transpose111": {"write": {"device_start": -1, "host_queued_start": 1585660774.089931, "device_queued": -1, "device_end": -1, "host_queued_end": 1585660774.158624}, "device": "gpu", "nd_range": {"device_start": 1585660706.8558903, "device_end": 1585660706.855935}, "cmdq": 1, "read": {"device_start": -1, "device_end": -1}}, "FFC_sans_bias136": {"write": {"device_start": 1585660706.839849, "host_queued_start": 1585660774.07926, "device_queued": 1585660706.7094257, "device_end": 1585660706.8399463, "host_queued_end": 1585660774.158624}, "device": "gpu", "nd_range": {"device_start": 1585660706.8399525, "device_end": 1585660706.8461282}, "cmdq": 1, "read": {"device_start": -1, "device_end": -1}}, "FFC_sans_bias135": {"write": {"device_start": 1585660706.846404, "host_queued_start": 1585660774.086081, "device_queued": 1585660706.710004, "device_end": 1585660706.8465006, "host_queued_end": 1585660774.158624}, "device": "gpu", "nd_range": {"device_start": 1585660706.846509, "device_end": 1585660706.852551}, "cmdq": 1, "read": {"device_start": -1, "device_end": -1}}, "FFC_sans_bias133": {"write": {"device_start": 1585660706.996385, "host_queued_start": 1585660774.155442, "device_queued": 1585660706.7420464, "device_end": 1585660706.9964836, "host_queued_end": 1585660774.158624}, "device": "gpu", "nd_range": {"device_start": 1585660706.9965057, "device_end": 1585660707.0023525}, "cmdq": 1, "read": {"device_start": 1585660707.0023553, "device_end": 1585660707.0024407}}, "FFC_sans_bias132": {"write": {"device_start": -1, "host_queued_start": 1585660774.111653, "device_queued": -1, "device_end": -1, "host_queued_end": 1585660774.158624}, "device": "gpu", "nd_range": {"device_start": 1585660706.9406784, "device_end": 1585660706.9471397}, "cmdq": 0, "read": {"device_start": -1, "device_end": -1}}, "softmax68": {"write": {"device_start": -1, "host_queued_start": 1585660774.099292, "device_queued": -1, "device_end": -1, "host_queued_end": 1585660774.158624}, "device": "gpu", "nd_range": {"device_start": 1585660706.902489, "device_end": 1585660706.902915}, "cmdq": 0, "read": {"device_start": -1, "device_end": -1}}, "softmax131": {"write": {"device_start": -1, "host_queued_start": 1585660774.102938, "device_queued": -1, "device_end": -1, "host_queued_end": 1585660774.158624}, "device": "gpu", "nd_range": {"device_start": 1585660706.9045868, "device_end": 1585660706.905235}, "cmdq": 1, "read": {"device_start": -1, "device_end": -1}}, "empty125": {"write": {"device_start": 1585660706.697933, "host_queued_start": 1585660773.924412, "device_queued": 1585660706.6975596, "device_end": 1585660706.698237, "host_queued_end": 1585660774.158624}, "device": "gpu", "nd_range": {"device_start": 1585660706.69825, "device_end": 1585660706.6982546}, "cmdq": 0, "read": {"device_start": -1, "device_end": -1}}, "FFC_sans_bias139": {"write": {"device_start": -1, "host_queued_start": 1585660774.095972, "device_queued": -1, "device_end": -1, "host_queued_end": 1585660774.158624}, "device": "gpu", "nd_range": {"device_start": 1585660706.898571, "device_end": 1585660706.9018986}, "cmdq": 1, "read": {"device_start": -1, "device_end": -1}}, "empty35": {"write": {"device_start": 1585660706.6946034, "host_queued_start": 1585660773.897751, "device_queued": 1585660706.694234, "device_end": 1585660706.69486, "host_queued_end": 1585660774.158624}, "device": "gpu", "nd_range": {"device_start": 1585660706.6948726, "device_end": 1585660706.6948764}, "cmdq": 0, "read": {"device_start": -1, "device_end": -1}}, "softmax86": {"write": {"device_start": -1, "host_queued_start": 1585660774.10031, "device_queued": -1, "device_end": -1, "host_queued_end": 1585660774.158624}, "device": "gpu", "nd_range": {"device_start": 1585660706.9029384, "device_end": 1585660706.9033616}, "cmdq": 0, "read": {"device_start": -1, "device_end": -1}}, "FFC_sans_bias55": {"write": {"device_start": 1585660706.7584813, "host_queued_start": 1585660773.989316, "device_queued": 1585660706.7032397, "device_end": 1585660706.7585795, "host_queued_end": 1585660774.158624}, "device": "gpu", "nd_range": {"device_start": 1585660706.7585843, "device_end": 1585660706.7646792}, "cmdq": 0, "read": {"device_start": -1, "device_end": -1}}, "FFC_sans_bias54": {"write": {"device_start": 1585660706.7552142, "host_queued_start": 1585660773.985997, "device_queued": 1585660706.702891, "device_end": 1585660706.7553108, "host_queued_end": 1585660774.158624}, "device": "gpu", "nd_range": {"device_start": 1585660706.7553165, "device_end": 1585660706.7614148}, "cmdq": 1, "read": {"device_start": -1, "device_end": -1}}, "FFC_sans_bias56": {"write": {"device_start": 1585660706.7519536, "host_queued_start": 1585660773.982686, "device_queued": 1585660706.7026427, "device_end": 1585660706.752054, "host_queued_end": 1585660774.158624}, "device": "gpu", "nd_range": {"device_start": 1585660706.7520583, "device_end": 1585660706.758193}, "cmdq": 0, "read": {"device_start": -1, "device_end": -1}}, "FFC_sans_bias51": {"write": {"device_start": -1, "host_queued_start": 1585660774.106429, "device_queued": -1, "device_end": -1, "host_queued_end": 1585660774.158624}, "device": "gpu", "nd_range": {"device_start": 1585660706.9178486, "device_end": 1585660706.9244087}, "cmdq": 1, "read": {"device_start": -1, "device_end": -1}}, "FFC_sans_bias52": {"write": {"device_start": 1585660706.960797, "host_queued_start": 1585660774.127919, "device_queued": 1585660706.739721, "device_end": 1585660706.9608994, "host_queued_end": 1585660774.158624}, "device": "gpu", "nd_range": {"device_start": 1585660706.9609299, "device_end": 1585660706.9666622}, "cmdq": 0, "read": {"device_start": 1585660706.9666648, "device_end": 1585660706.9667606}}, "FFC_sans_bias58": {"write": {"device_start": -1, "host_queued_start": 1585660774.092976, "device_queued": -1, "device_end": -1, "host_queued_end": 1585660774.158624}, "device": "gpu", "nd_range": {"device_start": 1585660706.8593967, "device_end": 1585660706.8659487}, "cmdq": 0, "read": {"device_start": -1, "device_end": -1}}, "FFC_sans_bias108": {"write": {"device_start": 1585660706.8105526, "host_queued_start": 1585660774.048715, "device_queued": 1585660706.707191, "device_end": 1585660706.8106534, "host_queued_end": 1585660774.158624}, "device": "gpu", "nd_range": {"device_start": 1585660706.810659, "device_end": 1585660706.8167827}, "cmdq": 0, "read": {"device_start": -1, "device_end": -1}}, "FFC_sans_bias109": {"write": {"device_start": 1585660706.8138454, "host_queued_start": 1585660774.052112, "device_queued": 1585660706.7073207, "device_end": 1585660706.813943, "host_queued_end": 1585660774.158624}, "device": "gpu", "nd_range": {"device_start": 1585660706.8139493, "device_end": 1585660706.8200305}, "cmdq": 1, "read": {"device_start": -1, "device_end": -1}}, "coalesced_transpose129": {"write": {"device_start": -1, "host_queued_start": 1585660774.090665, "device_queued": -1, "device_end": -1, "host_queued_end": 1585660774.158624}, "device": "gpu", "nd_range": {"device_start": 1585660706.8559604, "device_end": 1585660706.8560164}, "cmdq": 1, "read": {"device_start": -1, "device_end": -1}}, "FFC_sans_bias103": {"write": {"device_start": -1, "host_queued_start": 1585660774.094631, "device_queued": -1, "device_end": -1, "host_queued_end": 1585660774.158624}, "device": "gpu", "nd_range": {"device_start": 1585660706.8887203, "device_end": 1585660706.8951814}, "cmdq": 1, "read": {"device_start": -1, "device_end": -1}}, "FFC_sans_bias100": {"write": {"device_start": 1585660706.804033, "host_queued_start": 1585660774.04185, "device_queued": 1585660706.706716, "device_end": 1585660706.8041291, "host_queued_end": 1585660774.158624}, "device": "gpu", "nd_range": {"device_start": 1585660706.8041337, "device_end": 1585660706.810268}, "cmdq": 0, "read": {"device_start": -1, "device_end": -1}}, "FFC_sans_bias101": {"write": {"device_start": 1585660706.8072815, "host_queued_start": 1585660774.045258, "device_queued": 1585660706.7068455, "device_end": 1585660706.8073766, "host_queued_end": 1585660774.158624}, "device": "gpu", "nd_range": {"device_start": 1585660706.807382, "device_end": 1585660706.813549}, "cmdq": 1, "read": {"device_start": -1, "device_end": -1}}, "FFC_sans_bias106": {"write": {"device_start": 1585660706.9802487, "host_queued_start": 1585660774.146311, "device_queued": 1585660706.7413464, "device_end": 1585660706.980348, "host_queued_end": 1585660774.158624}, "device": "gpu", "nd_range": {"device_start": 1585660706.9803765, "device_end": 1585660706.9861655}, "cmdq": 0, "read": {"device_start": 1585660706.9861767, "device_end": 1585660706.9862723}}, "softmax122": {"write": {"device_start": -1, "host_queued_start": 1585660774.10242, "device_queued": -1, "device_end": -1, "host_queued_end": 1585660774.158624}, "device": "gpu", "nd_range": {"device_start": 1585660706.9038315, "device_end": 1585660706.9042504}, "cmdq": 0, "read": {"device_start": -1, "device_end": -1}}, "FFC_sans_bias105": {"write": {"device_start": -1, "host_queued_start": 1585660774.109916, "device_queued": -1, "device_end": -1, "host_queued_end": 1585660774.158624}, "device": "gpu", "nd_range": {"device_start": 1585660706.9374273, "device_end": 1585660706.9439204}, "cmdq": 1, "read": {"device_start": -1, "device_end": -1}}, "softmax95": {"write": {"device_start": -1, "host_queued_start": 1585660774.100863, "device_queued": -1, "device_end": -1, "host_queued_end": 1585660774.158624}, "device": "gpu", "nd_range": {"device_start": 1585660706.9037054, "device_end": 1585660706.904121}, "cmdq": 1, "read": {"device_start": -1, "device_end": -1}}, "coalesced_transpose57": {"write": {"device_start": -1, "host_queued_start": 1585660774.088027, "device_queued": -1, "device_end": -1, "host_queued_end": 1585660774.158624}, "device": "gpu", "nd_range": {"device_start": 1585660706.85263, "device_end": 1585660706.8526654}, "cmdq": 1, "read": {"device_start": -1, "device_end": -1}}, "empty26": {"write": {"device_start": 1585660706.6942768, "host_queued_start": 1585660773.895109, "device_queued": 1585660706.693982, "device_end": 1585660706.6945224, "host_queued_end": 1585660774.158624}, "device": "gpu", "nd_range": {"device_start": 1585660706.6945338, "device_end": 1585660706.6945374}, "cmdq": 1, "read": {"device_start": -1, "device_end": -1}}, "softmax113": {"write": {"device_start": -1, "host_queued_start": 1585660774.101896, "device_queued": -1, "device_end": -1, "host_queued_end": 1585660774.158624}, "device": "gpu", "nd_range": {"device_start": 1585660706.9041443, "device_end": 1585660706.9045603}, "cmdq": 1, "read": {"device_start": -1, "device_end": -1}}, "FFC_sans_bias11": {"write": {"device_start": 1585660706.7027736, "host_queued_start": 1585660773.939255, "device_queued": 1585660706.6992192, "device_end": 1585660706.702868, "host_queued_end": 1585660774.158624}, "device": "gpu", "nd_range": {"device_start": 1585660706.7028716, "device_end": 1585660706.7090213}, "cmdq": 1, "read": {"device_start": -1, "device_end": -1}}, "FFC_sans_bias42": {"write": {"device_start": -1, "host_queued_start": 1585660774.105842, "device_queued": -1, "device_end": -1, "host_queued_end": 1585660774.158624}, "device": "gpu", "nd_range": {"device_start": 1585660706.908117, "device_end": 1585660706.9146879}, "cmdq": 0, "read": {"device_start": -1, "device_end": -1}}, "FFC_sans_bias43": {"write": {"device_start": 1585660706.9640982, "host_queued_start": 1585660774.124882, "device_queued": 1585660706.739312, "device_end": 1585660706.9641998, "host_queued_end": 1585660774.158624}, "device": "gpu", "nd_range": {"device_start": 1585660706.964231, "device_end": 1585660706.969899}, "cmdq": 1, "read": {"device_start": 1585660706.9699116, "device_end": 1585660706.97001}}, "FFC_sans_bias40": {"write": {"device_start": -1, "host_queued_start": 1585660774.092315, "device_queued": -1, "device_end": -1, "host_queued_end": 1585660774.158624}, "device": "gpu", "nd_range": {"device_start": 1585660706.856013, "device_end": 1585660706.859372}, "cmdq": 0, "read": {"device_start": -1, "device_end": -1}}, "FFC_sans_bias46": {"write": {"device_start": 1585660706.7454727, "host_queued_start": 1585660773.975992, "device_queued": 1585660706.702019, "device_end": 1585660706.7455697, "host_queued_end": 1585660774.158624}, "device": "gpu", "nd_range": {"device_start": 1585660706.7455757, "device_end": 1585660706.751675}, "cmdq": 0, "read": {"device_start": -1, "device_end": -1}}, "FFC_sans_bias47": {"write": {"device_start": 1585660706.7487364, "host_queued_start": 1585660773.979318, "device_queued": 1585660706.7021503, "device_end": 1585660706.7488348, "host_queued_end": 1585660774.158624}, "device": "gpu", "nd_range": {"device_start": 1585660706.7488396, "device_end": 1585660706.754934}, "cmdq": 1, "read": {"device_start": -1, "device_end": -1}}, "FFC_sans_bias45": {"write": {"device_start": 1585660706.742183, "host_queued_start": 1585660773.972671, "device_queued": 1585660706.7016523, "device_end": 1585660706.7422798, "host_queued_end": 1585660774.158624}, "device": "gpu", "nd_range": {"device_start": 1585660706.7422838, "device_end": 1585660706.748422}, "cmdq": 1, "read": {"device_start": -1, "device_end": -1}}, "FFC_sans_bias49": {"write": {"device_start": -1, "host_queued_start": 1585660774.092642, "device_queued": -1, "device_end": -1, "host_queued_end": 1585660774.158624}, "device": "gpu", "nd_range": {"device_start": 1585660706.8691676, "device_end": 1585660706.8757014}, "cmdq": 1, "read": {"device_start": -1, "device_end": -1}}, "softmax77": {"write": {"device_start": -1, "host_queued_start": 1585660774.099801, "device_queued": -1, "device_end": -1, "host_queued_end": 1585660774.158624}, "device": "gpu", "nd_range": {"device_start": 1585660706.90326, "device_end": 1585660706.903682}, "cmdq": 1, "read": {"device_start": -1, "device_end": -1}}, "empty134": {"write": {"device_start": 1585660706.6982563, "host_queued_start": 1585660773.927053, "device_queued": 1585660706.6979089, "device_end": 1585660706.69858, "host_queued_end": 1585660774.158624}, "device": "gpu", "nd_range": {"device_start": 1585660706.6985886, "device_end": 1585660706.6985924}, "cmdq": 1, "read": {"device_start": -1, "device_end": -1}}, "coalesced_transpose138": {"write": {"device_start": -1, "host_queued_start": 1585660774.090985, "device_queued": -1, "device_end": -1, "host_queued_end": 1585660774.158624}, "device": "gpu", "nd_range": {"device_start": 1585660706.8526144, "device_end": 1585660706.8526351}, "cmdq": 0, "read": {"device_start": -1, "device_end": -1}}, "FFC_sans_bias119": {"write": {"device_start": 1585660706.8268402, "host_queued_start": 1585660774.065703, "device_queued": 1585660706.7082717, "device_end": 1585660706.8269382, "host_queued_end": 1585660774.158624}, "device": "gpu", "nd_range": {"device_start": 1585660706.826944, "device_end": 1585660706.8330855}, "cmdq": 1, "read": {"device_start": -1, "device_end": -1}}, "FFC_sans_bias118": {"write": {"device_start": 1585660706.8236217, "host_queued_start": 1585660774.062272, "device_queued": 1585660706.7081468, "device_end": 1585660706.8237197, "host_queued_end": 1585660774.158624}, "device": "gpu", "nd_range": {"device_start": 1585660706.8237247, "device_end": 1585660706.829836}, "cmdq": 0, "read": {"device_start": -1, "device_end": -1}}, "empty143": {"write": {"device_start": 1585660706.6986156, "host_queued_start": 1585660773.929655, "device_queued": 1585660706.698255, "device_end": 1585660706.698903, "host_queued_end": 1585660774.158624}, "device": "gpu", "nd_range": {"device_start": 1585660706.6989064, "device_end": 1585660706.6989121}, "cmdq": 0, "read": {"device_start": -1, "device_end": -1}}, "FFC_sans_bias115": {"write": {"device_start": 1585660706.989969, "host_queued_start": 1585660774.149377, "device_queued": 1585660706.7414768, "device_end": 1585660706.9900672, "host_queued_end": 1585660774.158624}, "device": "gpu", "nd_range": {"device_start": 1585660706.990097, "device_end": 1585660706.9958427}, "cmdq": 1, "read": {"device_start": 1585660706.9958463, "device_end": 1585660706.9959362}}, "FFC_sans_bias114": {"write": {"device_start": -1, "host_queued_start": 1585660774.110487, "device_queued": -1, "device_end": -1, "host_queued_end": 1585660774.158624}, "device": "gpu", "nd_range": {"device_start": 1585660706.9341633, "device_end": 1585660706.9406557}, "cmdq": 0, "read": {"device_start": -1, "device_end": -1}}, "FFC_sans_bias117": {"write": {"device_start": 1585660706.820313, "host_queued_start": 1585660774.0589, "device_queued": 1585660706.707798, "device_end": 1585660706.8204088, "host_queued_end": 1585660774.158624}, "device": "gpu", "nd_range": {"device_start": 1585660706.8204136, "device_end": 1585660706.8265488}, "cmdq": 1, "read": {"device_start": -1, "device_end": -1}}, "softmax5": {"write": {"device_start": -1, "host_queued_start": 1585660774.176515, "device_queued": -1, "device_end": -1, "host_queued_end": 1585660774.180661}, "device": "cpu", "nd_range": {"device_start": 2328548.5146064754, "device_end": 2328548.5149246203}, "cmdq": 0, "read": {"device_start": -1, "device_end": -1}}, "FFC_sans_bias110": {"write": {"device_start": 1585660706.8170848, "host_queued_start": 1585660774.055516, "device_queued": 1585660706.7076726, "device_end": 1585660706.8171809, "host_queued_end": 1585660774.158624}, "device": "gpu", "nd_range": {"device_start": 1585660706.8171873, "device_end": 1585660706.8233159}, "cmdq": 0, "read": {"device_start": -1, "device_end": -1}}, "FFC_sans_bias112": {"write": {"device_start": -1, "host_queued_start": 1585660774.094964, "device_queued": -1, "device_end": -1, "host_queued_end": 1585660774.158624}, "device": "gpu", "nd_range": {"device_start": 1585660706.878981, "device_end": 1585660706.8854399}, "cmdq": 0, "read": {"device_start": -1, "device_end": -1}}, "empty53": {"write": {"device_start": 1585660706.6952405, "host_queued_start": 1585660773.903018, "device_queued": 1585660706.69488, "device_end": 1585660706.6954997, "host_queued_end": 1585660774.158624}, "device": "gpu", "nd_range": {"device_start": 1585660706.6955118, "device_end": 1585660706.6955173}, "cmdq": 0, "read": {"device_start": -1, "device_end": -1}}, "coalesced_transpose48": {"write": {"device_start": -1, "host_queued_start": 1585660774.087709, "device_queued": -1, "device_end": -1, "host_queued_end": 1585660774.158624}, "device": "gpu", "nd_range": {"device_start": 1585660706.8524365, "device_end": 1585660706.8524663}, "cmdq": 0, "read": {"device_start": -1, "device_end": -1}}}