{"FFC_sans_bias4": {"write": {"device_start": -1, "host_queued_start": 1585660921.715563, "device_queued": -1, "device_end": -1, "host_queued_end": 1585660921.78642}, "device": "cpu", "nd_range": {"device_start": 2328697.831682598, "device_end": 2328697.9547062363}, "cmdq": 3, "read": {"device_start": -1, "device_end": -1}}, "FFC_sans_bias7": {"write": {"device_start": -1, "host_queued_start": 1585660921.744425, "device_queued": -1, "device_end": -1, "host_queued_end": 1585660921.78642}, "device": "cpu", "nd_range": {"device_start": 2328699.2057084274, "device_end": 2328699.328411965}, "cmdq": 0, "read": {"device_start": -1, "device_end": -1}}, "FFC_sans_bias6": {"write": {"device_start": -1, "host_queued_start": 1585660921.732601, "device_queued": -1, "device_end": -1, "host_queued_end": 1585660921.78642}, "device": "cpu", "nd_range": {"device_start": 2328698.489553317, "device_end": 2328698.6117972992}, "cmdq": 1, "read": {"device_start": -1, "device_end": -1}}, "FFC_sans_bias1": {"write": {"device_start": -1, "host_queued_start": 1585660921.565456, "device_queued": -1, "device_end": -1, "host_queued_end": 1585660921.78642}, "device": "cpu", "nd_range": {"device_start": 2328695.976139688, "device_end": 2328696.0991780013}, "cmdq": 0, "read": {"device_start": -1, "device_end": -1}}, "FFC_sans_bias0": {"write": {"device_start": -1, "host_queued_start": 1585660921.562126, "device_queued": -1, "device_end": -1, "host_queued_end": 1585660921.78642}, "device": "cpu", "nd_range": {"device_start": 2328696.2222119803, "device_end": 2328696.344617928}, "cmdq": 3, "read": {"device_start": -1, "device_end": -1}}, "FFC_sans_bias2": {"write": {"device_start": -1, "host_queued_start": 1585660921.568791, "device_queued": -1, "device_end": -1, "host_queued_end": 1585660921.78642}, "device": "cpu", "nd_range": {"device_start": 2328695.976142136, "device_end": 2328696.0983520374}, "cmdq": 1, "read": {"device_start": -1, "device_end": -1}}, "coalesced_transpose120": {"write": {"device_start": -1, "host_queued_start": 1585660921.714381, "device_queued": -1, "device_end": -1, "host_queued_end": 1585660921.78642}, "device": "cpu", "nd_range": {"device_start": 2328698.011040797, "device_end": 2328698.011896194}, "cmdq": 1, "read": {"device_start": -1, "device_end": -1}}, "FFC_sans_bias9": {"write": {"device_start": -1, "host_queued_start": 1585660921.572164, "device_queued": -1, "device_end": -1, "host_queued_end": 1585660921.78642}, "device": "cpu", "nd_range": {"device_start": 2328695.976185635, "device_end": 2328696.0989393033}, "cmdq": 2, "read": {"device_start": -1, "device_end": -1}}, "empty71": {"write": {"device_start": -1, "host_queued_start": 1585660921.540928, "device_queued": -1, "device_end": -1, "host_queued_end": 1585660921.78642}, "device": "cpu", "nd_range": {"device_start": 2328696.222198383, "device_end": 2328696.2221991722}, "cmdq": 3, "read": {"device_start": -1, "device_end": -1}}, "softmax41": {"write": {"device_start": -1, "host_queued_start": 1585660921.726755, "device_queued": -1, "device_end": -1, "host_queued_end": 1585660921.78642}, "device": "cpu", "nd_range": {"device_start": 2328698.371179723, "device_end": 2328698.3719033543}, "cmdq": 2, "read": {"device_start": -1, "device_end": -1}}, "FFC_sans_bias37": {"write": {"device_start": -1, "host_queued_start": 1585660921.605488, "device_queued": -1, "device_end": -1, "host_queued_end": 1585660921.78642}, "device": "cpu", "nd_range": {"device_start": 2328696.3450085414, "device_end": 2328696.467088867}, "cmdq": 0, "read": {"device_start": -1, "device_end": -1}}, "FFC_sans_bias36": {"write": {"device_start": -1, "host_queued_start": 1585660921.602185, "device_queued": -1, "device_end": -1, "host_queued_end": 1585660921.78642}, "device": "cpu", "nd_range": {"device_start": 2328696.589110974, "device_end": 2328696.711147955}, "cmdq": 3, "read": {"device_start": -1, "device_end": -1}}, "FFC_sans_bias34": {"write": {"device_start": -1, "host_queued_start": 1585660921.753371, "device_queued": -1, "device_end": -1, "host_queued_end": 1585660921.78642}, "device": "cpu", "nd_range": {"device_start": 2328699.352948508, "device_end": 2328699.475048391}, "cmdq": 3, "read": {"device_start": -1, "device_end": -1}}, "FFC_sans_bias33": {"write": {"device_start": -1, "host_queued_start": 1585660921.734404, "device_queued": -1, "device_end": -1, "host_queued_end": 1585660921.78642}, "device": "cpu", "nd_range": {"device_start": 2328698.836718528, "device_end": 2328698.959014647}, "cmdq": 0, "read": {"device_start": -1, "device_end": -1}}, "FFC_sans_bias31": {"write": {"device_start": -1, "host_queued_start": 1585660921.717392, "device_queued": -1, "device_end": -1, "host_queued_end": 1585660921.78642}, "device": "cpu", "nd_range": {"device_start": 2328697.573291241, "device_end": 2328697.645621796}, "cmdq": 2, "read": {"device_start": -1, "device_end": -1}}, "FFC_sans_bias38": {"write": {"device_start": -1, "host_queued_start": 1585660921.608845, "device_queued": -1, "device_end": -1, "host_queued_end": 1585660921.78642}, "device": "cpu", "nd_range": {"device_start": 2328697.4204234253, "device_end": 2328697.508381431}, "cmdq": 1, "read": {"device_start": -1, "device_end": -1}}, "coalesced_transpose75": {"write": {"device_start": -1, "host_queued_start": 1585660921.712216, "device_queued": -1, "device_end": -1, "host_queued_end": 1585660921.78642}, "device": "cpu", "nd_range": {"device_start": 2328697.3269456923, "device_end": 2328697.32819357}, "cmdq": 0, "read": {"device_start": -1, "device_end": -1}}, "softmax140": {"write": {"device_start": -1, "host_queued_start": 1585660921.514684, "device_queued": -1, "device_end": -1, "host_queued_end": 1585660921.518419}, "device": "gpu", "nd_range": {"device_start": 1585660854.0636697, "device_end": 1585660854.0641215}, "cmdq": 0, "read": {"device_start": -1, "device_end": -1}}, "empty44": {"write": {"device_start": -1, "host_queued_start": 1585660921.532829, "device_queued": -1, "device_end": -1, "host_queued_end": 1585660921.78642}, "device": "cpu", "nd_range": {"device_start": 2328695.9761186503, "device_end": 2328695.976120014}, "cmdq": 0, "read": {"device_start": -1, "device_end": -1}}, "FFC_sans_bias137": {"write": {"device_start": 1585660854.0504115, "host_queued_start": 1585660921.510402, "device_queued": 1585660854.0499928, "device_end": 1585660854.050508, "host_queued_end": 1585660921.518419}, "device": "gpu", "nd_range": {"device_start": 1585660854.0505183, "device_end": 1585660854.0570905}, "cmdq": 0, "read": {"device_start": -1, "device_end": -1}}, "empty8": {"write": {"device_start": -1, "host_queued_start": 1585660921.522127, "device_queued": -1, "device_end": -1, "host_queued_end": 1585660921.78642}, "device": "cpu", "nd_range": {"device_start": 2328695.976088263, "device_end": 2328695.976094883}, "cmdq": 0, "read": {"device_start": -1, "device_end": -1}}, "softmax50": {"write": {"device_start": -1, "host_queued_start": 1585660921.727284, "device_queued": -1, "device_end": -1, "host_queued_end": 1585660921.78642}, "device": "cpu", "nd_range": {"device_start": 2328698.369687636, "device_end": 2328698.3704111283}, "cmdq": 3, "read": {"device_start": -1, "device_end": -1}}, "softmax59": {"write": {"device_start": -1, "host_queued_start": 1585660921.727811, "device_queued": -1, "device_end": -1, "host_queued_end": 1585660921.78642}, "device": "cpu", "nd_range": {"device_start": 2328698.463994469, "device_end": 2328698.4647268453}, "cmdq": 0, "read": {"device_start": -1, "device_end": -1}}, "FFC_sans_bias142": {"write": {"device_start": 1585660854.0644474, "host_queued_start": 1585660921.518294, "device_queued": 1585660854.051182, "device_end": 1585660854.0645463, "host_queued_end": 1585660921.518419}, "device": "gpu", "nd_range": {"device_start": 1585660854.0674639, "device_end": 1585660854.0707815}, "cmdq": 0, "read": {"device_start": 1585660854.070786, "device_end": 1585660854.0708847}}, "FFC_sans_bias141": {"write": {"device_start": -1, "host_queued_start": 1585660921.515, "device_queued": -1, "device_end": -1, "host_queued_end": 1585660921.518419}, "device": "gpu", "nd_range": {"device_start": 1585660854.064124, "device_end": 1585660854.067461}, "cmdq": 1, "read": {"device_start": -1, "device_end": -1}}, "FFC_sans_bias24": {"write": {"device_start": -1, "host_queued_start": 1585660921.733803, "device_queued": -1, "device_end": -1, "host_queued_end": 1585660921.78642}, "device": "cpu", "nd_range": {"device_start": 2328698.4666249533, "device_end": 2328698.5900007742}, "cmdq": 3, "read": {"device_start": -1, "device_end": -1}}, "FFC_sans_bias25": {"write": {"device_start": -1, "host_queued_start": 1585660921.750381, "device_queued": -1, "device_end": -1, "host_queued_end": 1585660921.78642}, "device": "cpu", "nd_range": {"device_start": 2328698.862932625, "device_end": 2328698.985248423}, "cmdq": 2, "read": {"device_start": -1, "device_end": -1}}, "FFC_sans_bias27": {"write": {"device_start": -1, "host_queued_start": 1585660921.59218, "device_queued": -1, "device_end": -1, "host_queued_end": 1585660921.78642}, "device": "cpu", "nd_range": {"device_start": 2328696.223293959, "device_end": 2328696.344995038}, "cmdq": 0, "read": {"device_start": -1, "device_end": -1}}, "FFC_sans_bias20": {"write": {"device_start": -1, "host_queued_start": 1585660921.588851, "device_queued": -1, "device_end": -1, "host_queued_end": 1585660921.78642}, "device": "cpu", "nd_range": {"device_start": 2328696.4670091853, "device_end": 2328696.589093189}, "cmdq": 3, "read": {"device_start": -1, "device_end": -1}}, "FFC_sans_bias22": {"write": {"device_start": -1, "host_queued_start": 1585660921.716784, "device_queued": -1, "device_end": -1, "host_queued_end": 1585660921.78642}, "device": "cpu", "nd_range": {"device_start": 2328698.0119036334, "device_end": 2328698.118457892}, "cmdq": 1, "read": {"device_start": -1, "device_end": -1}}, "FFC_sans_bias130": {"write": {"device_start": -1, "host_queued_start": 1585660921.724103, "device_queued": -1, "device_end": -1, "host_queued_end": 1585660921.78642}, "device": "cpu", "nd_range": {"device_start": 2328698.364831609, "device_end": 2328698.487374519}, "cmdq": 1, "read": {"device_start": -1, "device_end": -1}}, "FFC_sans_bias28": {"write": {"device_start": -1, "host_queued_start": 1585660921.595506, "device_queued": -1, "device_end": -1, "host_queued_end": 1585660921.78642}, "device": "cpu", "nd_range": {"device_start": 2328697.329203832, "device_end": 2328697.4204106242}, "cmdq": 1, "read": {"device_start": -1, "device_end": -1}}, "FFC_sans_bias29": {"write": {"device_start": -1, "host_queued_start": 1585660921.598881, "device_queued": -1, "device_end": -1, "host_queued_end": 1585660921.78642}, "device": "cpu", "nd_range": {"device_start": 2328696.234596943, "device_end": 2328696.3566429922}, "cmdq": 2, "read": {"device_start": -1, "device_end": -1}}, "coalesced_transpose66": {"write": {"device_start": -1, "host_queued_start": 1585660921.711884, "device_queued": -1, "device_end": -1, "host_queued_end": 1585660921.78642}, "device": "cpu", "nd_range": {"device_start": 2328697.556098148, "device_end": 2328697.5572039443}, "cmdq": 3, "read": {"device_start": -1, "device_end": -1}}, "coalesced_transpose93": {"write": {"device_start": -1, "host_queued_start": 1585660921.712884, "device_queued": -1, "device_end": -1, "host_queued_end": 1585660921.78642}, "device": "cpu", "nd_range": {"device_start": 2328697.343696311, "device_end": 2328697.3448917284}, "cmdq": 2, "read": {"device_start": -1, "device_end": -1}}, "softmax23": {"write": {"device_start": -1, "host_queued_start": 1585660921.725694, "device_queued": -1, "device_end": -1, "host_queued_end": 1585660921.78642}, "device": "cpu", "nd_range": {"device_start": 2328698.463093488, "device_end": 2328698.463826899}, "cmdq": 0, "read": {"device_start": -1, "device_end": -1}}, "empty62": {"write": {"device_start": -1, "host_queued_start": 1585660921.538117, "device_queued": -1, "device_end": -1, "host_queued_end": 1585660921.78642}, "device": "cpu", "nd_range": {"device_start": 2328695.9761645943, "device_end": 2328695.976165702}, "cmdq": 2, "read": {"device_start": -1, "device_end": -1}}, "FFC_sans_bias10": {"write": {"device_start": -1, "host_queued_start": 1585660921.575485, "device_queued": -1, "device_end": -1, "host_queued_end": 1585660921.78642}, "device": "cpu", "nd_range": {"device_start": 2328696.344640295, "device_end": 2328696.4669904853}, "cmdq": 3, "read": {"device_start": -1, "device_end": -1}}, "FFC_sans_bias13": {"write": {"device_start": -1, "host_queued_start": 1585660921.716165, "device_queued": -1, "device_end": -1, "host_queued_end": 1585660921.78642}, "device": "cpu", "nd_range": {"device_start": 2328698.011708916, "device_end": 2328698.091802177}, "cmdq": 0, "read": {"device_start": -1, "device_end": -1}}, "FFC_sans_bias15": {"write": {"device_start": -1, "host_queued_start": 1585660921.733198, "device_queued": -1, "device_end": -1, "host_queued_end": 1585660921.78642}, "device": "cpu", "nd_range": {"device_start": 2328698.373419297, "device_end": 2328698.496245381}, "cmdq": 2, "read": {"device_start": -1, "device_end": -1}}, "FFC_sans_bias16": {"write": {"device_start": -1, "host_queued_start": 1585660921.747404, "device_queued": -1, "device_end": -1, "host_queued_end": 1585660921.78642}, "device": "cpu", "nd_range": {"device_start": 2328698.978249465, "device_end": 2328699.100796055}, "cmdq": 1, "read": {"device_start": -1, "device_end": -1}}, "FFC_sans_bias19": {"write": {"device_start": -1, "host_queued_start": 1585660921.585482, "device_queued": -1, "device_end": -1, "host_queued_end": 1585660921.78642}, "device": "cpu", "nd_range": {"device_start": 2328696.099084848, "device_end": 2328696.2344111702}, "cmdq": 2, "read": {"device_start": -1, "device_end": -1}}, "FFC_sans_bias18": {"write": {"device_start": -1, "host_queued_start": 1585660921.582175, "device_queued": -1, "device_end": -1, "host_queued_end": 1585660921.78642}, "device": "cpu", "nd_range": {"device_start": 2328696.0985802934, "device_end": 2328696.222148422}, "cmdq": 1, "read": {"device_start": -1, "device_end": -1}}, "FFC_sans_bias99": {"write": {"device_start": -1, "host_queued_start": 1585660921.672471, "device_queued": -1, "device_end": -1, "host_queued_end": 1585660921.78642}, "device": "cpu", "nd_range": {"device_start": 2328696.956352889, "device_end": 2328697.078032296}, "cmdq": 0, "read": {"device_start": -1, "device_end": -1}}, "FFC_sans_bias91": {"write": {"device_start": -1, "host_queued_start": 1585660921.66578, "device_queued": -1, "device_end": -1, "host_queued_end": 1585660921.78642}, "device": "cpu", "nd_range": {"device_start": 2328696.847955305, "device_end": 2328696.9703843873}, "cmdq": 2, "read": {"device_start": -1, "device_end": -1}}, "FFC_sans_bias90": {"write": {"device_start": -1, "host_queued_start": 1585660921.66243, "device_queued": -1, "device_end": -1, "host_queued_end": 1585660921.78642}, "device": "cpu", "nd_range": {"device_start": 2328697.741854847, "device_end": 2328697.782617818}, "cmdq": 1, "read": {"device_start": -1, "device_end": -1}}, "coalesced_transpose12": {"write": {"device_start": -1, "host_queued_start": 1585660921.709861, "device_queued": -1, "device_end": -1, "host_queued_end": 1585660921.78642}, "device": "cpu", "nd_range": {"device_start": 2328698.007675028, "device_end": 2328698.008804343}, "cmdq": 1, "read": {"device_start": -1, "device_end": -1}}, "FFC_sans_bias94": {"write": {"device_start": -1, "host_queued_start": 1585660921.721703, "device_queued": -1, "device_end": -1, "host_queued_end": 1585660921.78642}, "device": "cpu", "nd_range": {"device_start": 2328698.2424981003, "device_end": 2328698.364810135}, "cmdq": 1, "read": {"device_start": -1, "device_end": -1}}, "FFC_sans_bias97": {"write": {"device_start": -1, "host_queued_start": 1585660921.774364, "device_queued": -1, "device_end": -1, "host_queued_end": 1585660921.78642}, "device": "cpu", "nd_range": {"device_start": 2328699.107772253, "device_end": 2328699.230744262}, "cmdq": 2, "read": {"device_start": -1, "device_end": -1}}, "FFC_sans_bias96": {"write": {"device_start": -1, "host_queued_start": 1585660921.738673, "device_queued": -1, "device_end": -1, "host_queued_end": 1585660921.78642}, "device": "cpu", "nd_range": {"device_start": 2328698.712932206, "device_end": 2328698.835635291}, "cmdq": 3, "read": {"device_start": -1, "device_end": -1}}, "FFC_sans_bias124": {"write": {"device_start": -1, "host_queued_start": 1585660921.783399, "device_queued": -1, "device_end": -1, "host_queued_end": 1585660921.78642}, "device": "cpu", "nd_range": {"device_start": 2328699.34663628, "device_end": 2328699.4687706}, "cmdq": 1, "read": {"device_start": -1, "device_end": -1}}, "FFC_sans_bias126": {"write": {"device_start": -1, "host_queued_start": 1585660921.705867, "device_queued": -1, "device_end": -1, "host_queued_end": 1585660921.78642}, "device": "cpu", "nd_range": {"device_start": 2328697.21673271, "device_end": 2328697.3408434084}, "cmdq": 2, "read": {"device_start": -1, "device_end": -1}}, "softmax32": {"write": {"device_start": -1, "host_queued_start": 1585660921.726217, "device_queued": -1, "device_end": -1, "host_queued_end": 1585660921.78642}, "device": "cpu", "nd_range": {"device_start": 2328698.487390284, "device_end": 2328698.488104367}, "cmdq": 1, "read": {"device_start": -1, "device_end": -1}}, "coalesced_transpose84": {"write": {"device_start": -1, "host_queued_start": 1585660921.712548, "device_queued": -1, "device_end": -1, "host_queued_end": 1585660921.78642}, "device": "cpu", "nd_range": {"device_start": 2328698.00992959, "device_end": 2328698.0110320803}, "cmdq": 1, "read": {"device_start": -1, "device_end": -1}}, "FFC_sans_bias121": {"write": {"device_start": -1, "host_queued_start": 1585660921.723511, "device_queued": -1, "device_end": -1, "host_queued_end": 1585660921.78642}, "device": "cpu", "nd_range": {"device_start": 2328698.338923382, "device_end": 2328698.462854464}, "cmdq": 0, "read": {"device_start": -1, "device_end": -1}}, "empty98": {"write": {"device_start": -1, "host_queued_start": 1585660921.548782, "device_queued": -1, "device_end": -1, "host_queued_end": 1585660921.78642}, "device": "cpu", "nd_range": {"device_start": 2328695.9761721143, "device_end": 2328695.976173118}, "cmdq": 2, "read": {"device_start": -1, "device_end": -1}}, "empty107": {"write": {"device_start": -1, "host_queued_start": 1585660921.551378, "device_queued": -1, "device_end": -1, "host_queued_end": 1585660921.78642}, "device": "cpu", "nd_range": {"device_start": 2328696.2222054973, "device_end": 2328696.222206117}, "cmdq": 3, "read": {"device_start": -1, "device_end": -1}}, "empty17": {"write": {"device_start": -1, "host_queued_start": 1585660921.524899, "device_queued": -1, "device_end": -1, "host_queued_end": 1585660921.78642}, "device": "cpu", "nd_range": {"device_start": 2328695.9760795874, "device_end": 2328695.9760936233}, "cmdq": 1, "read": {"device_start": -1, "device_end": -1}}, "FFC_sans_bias87": {"write": {"device_start": -1, "host_queued_start": 1585660921.738019, "device_queued": -1, "device_end": -1, "host_queued_end": 1585660921.78642}, "device": "cpu", "nd_range": {"device_start": 2328698.61845279, "device_end": 2328698.740810872}, "cmdq": 2, "read": {"device_start": -1, "device_end": -1}}, "FFC_sans_bias85": {"write": {"device_start": -1, "host_queued_start": 1585660921.72108, "device_queued": -1, "device_end": -1, "host_queued_end": 1585660921.78642}, "device": "cpu", "nd_range": {"device_start": 2328698.216062167, "device_end": 2328698.3386898213}, "cmdq": 0, "read": {"device_start": -1, "device_end": -1}}, "FFC_sans_bias82": {"write": {"device_start": -1, "host_queued_start": 1585660921.655761, "device_queued": -1, "device_end": -1, "host_queued_end": 1585660921.78642}, "device": "cpu", "nd_range": {"device_start": 2328697.078741638, "device_end": 2328697.201801739}, "cmdq": 3, "read": {"device_start": -1, "device_end": -1}}, "FFC_sans_bias83": {"write": {"device_start": -1, "host_queued_start": 1585660921.659103, "device_queued": -1, "device_end": -1, "host_queued_end": 1585660921.78642}, "device": "cpu", "nd_range": {"device_start": 2328696.834106923, "device_end": 2328696.956344541}, "cmdq": 0, "read": {"device_start": -1, "device_end": -1}}, "FFC_sans_bias81": {"write": {"device_start": -1, "host_queued_start": 1585660921.652416, "device_queued": -1, "device_end": -1, "host_queued_end": 1585660921.78642}, "device": "cpu", "nd_range": {"device_start": 2328696.725077052, "device_end": 2328696.847758903}, "cmdq": 2, "read": {"device_start": -1, "device_end": -1}}, "FFC_sans_bias88": {"write": {"device_start": -1, "host_queued_start": 1585660921.77139, "device_queued": -1, "device_end": -1, "host_queued_end": 1585660921.78642}, "device": "cpu", "nd_range": {"device_start": 2328699.2239294983, "device_end": 2328699.3466293653}, "cmdq": 1, "read": {"device_start": -1, "device_end": -1}}, "coalesced_transpose30": {"write": {"device_start": -1, "host_queued_start": 1585660921.710533, "device_queued": -1, "device_end": -1, "host_queued_end": 1585660921.78642}, "device": "cpu", "nd_range": {"device_start": 2328697.5549610113, "device_end": 2328697.556086368}, "cmdq": 3, "read": {"device_start": -1, "device_end": -1}}, "FFC_sans_bias128": {"write": {"device_start": -1, "host_queued_start": 1585660921.702567, "device_queued": -1, "device_end": -1, "host_queued_end": 1585660921.78642}, "device": "cpu", "nd_range": {"device_start": 2328697.942371304, "device_end": 2328698.0076619913}, "cmdq": 1, "read": {"device_start": -1, "device_end": -1}}, "coalesced_transpose39": {"write": {"device_start": -1, "host_queued_start": 1585660921.710875, "device_queued": -1, "device_end": -1, "host_queued_end": 1585660921.78642}, "device": "cpu", "nd_range": {"device_start": 2328697.325715715, "device_end": 2328697.326933787}, "cmdq": 0, "read": {"device_start": -1, "device_end": -1}}, "FFC_sans_bias79": {"write": {"device_start": -1, "host_queued_start": 1585660921.768376, "device_queued": -1, "device_end": -1, "host_queued_end": 1585660921.78642}, "device": "cpu", "nd_range": {"device_start": 2328699.450948844, "device_end": 2328699.5424030144}, "cmdq": 0, "read": {"device_start": -1, "device_end": -1}}, "FFC_sans_bias78": {"write": {"device_start": -1, "host_queued_start": 1585660921.737422, "device_queued": -1, "device_end": -1, "host_queued_end": 1585660921.78642}, "device": "cpu", "nd_range": {"device_start": 2328698.734035871, "device_end": 2328698.856172913}, "cmdq": 1, "read": {"device_start": -1, "device_end": -1}}, "FFC_sans_bias73": {"write": {"device_start": -1, "host_queued_start": 1585660921.645737, "device_queued": -1, "device_end": -1, "host_queued_end": 1585660921.78642}, "device": "cpu", "nd_range": {"device_start": 2328696.711477138, "device_end": 2328696.834095769}, "cmdq": 0, "read": {"device_start": -1, "device_end": -1}}, "FFC_sans_bias72": {"write": {"device_start": -1, "host_queued_start": 1585660921.642378, "device_queued": -1, "device_end": -1, "host_queued_end": 1585660921.78642}, "device": "cpu", "nd_range": {"device_start": 2328696.956323184, "device_end": 2328697.078730917}, "cmdq": 3, "read": {"device_start": -1, "device_end": -1}}, "FFC_sans_bias70": {"write": {"device_start": -1, "host_queued_start": 1585660921.765398, "device_queued": -1, "device_end": -1, "host_queued_end": 1585660921.78642}, "device": "cpu", "nd_range": {"device_start": 2328699.488006305, "device_end": 2328699.6241487702}, "cmdq": 3, "read": {"device_start": -1, "device_end": -1}}, "FFC_sans_bias76": {"write": {"device_start": -1, "host_queued_start": 1585660921.720396, "device_queued": -1, "device_end": -1, "host_queued_end": 1585660921.78642}, "device": "cpu", "nd_range": {"device_start": 2328698.122326711, "device_end": 2328698.246171107}, "cmdq": 3, "read": {"device_start": -1, "device_end": -1}}, "FFC_sans_bias74": {"write": {"device_start": -1, "host_queued_start": 1585660921.649089, "device_queued": -1, "device_end": -1, "host_queued_end": 1585660921.78642}, "device": "cpu", "nd_range": {"device_start": 2328697.673100303, "device_end": 2328697.741835664}, "cmdq": 1, "read": {"device_start": -1, "device_end": -1}}, "coalesced_transpose102": {"write": {"device_start": -1, "host_queued_start": 1585660921.713219, "device_queued": -1, "device_end": -1, "host_queued_end": 1585660921.78642}, "device": "cpu", "nd_range": {"device_start": 2328697.823348831, "device_end": 2328697.831667243}, "cmdq": 3, "read": {"device_start": -1, "device_end": -1}}, "coalesced_transpose3": {"write": {"device_start": -1, "host_queued_start": 1585660921.709522, "device_queued": -1, "device_end": -1, "host_queued_end": 1585660921.78642}, "device": "cpu", "nd_range": {"device_start": 2328697.324213569, "device_end": 2328697.325436219}, "cmdq": 0, "read": {"device_start": -1, "device_end": -1}}, "FFC_sans_bias127": {"write": {"device_start": -1, "host_queued_start": 1585660921.709147, "device_queued": -1, "device_end": -1, "host_queued_end": 1585660921.78642}, "device": "cpu", "nd_range": {"device_start": 2328697.478306402, "device_end": 2328697.554934252}, "cmdq": 3, "read": {"device_start": -1, "device_end": -1}}, "empty89": {"write": {"device_start": -1, "host_queued_start": 1585660921.546168, "device_queued": -1, "device_end": -1, "host_queued_end": 1585660921.78642}, "device": "cpu", "nd_range": {"device_start": 2328695.976128785, "device_end": 2328695.976129459}, "cmdq": 1, "read": {"device_start": -1, "device_end": -1}}, "FFC_sans_bias123": {"write": {"device_start": -1, "host_queued_start": 1585660921.740519, "device_queued": -1, "device_end": -1, "host_queued_end": 1585660921.78642}, "device": "cpu", "nd_range": {"device_start": 2328698.740824014, "device_end": 2328698.862916389}, "cmdq": 2, "read": {"device_start": -1, "device_end": -1}}, "empty80": {"write": {"device_start": -1, "host_queued_start": 1585660921.543557, "device_queued": -1, "device_end": -1, "host_queued_end": 1585660921.78642}, "device": "cpu", "nd_range": {"device_start": 2328695.976127244, "device_end": 2328695.97612812}, "cmdq": 0, "read": {"device_start": -1, "device_end": -1}}, "empty116": {"write": {"device_start": -1, "host_queued_start": 1585660921.554008, "device_queued": -1, "device_end": -1, "host_queued_end": 1585660921.78642}, "device": "cpu", "nd_range": {"device_start": 2328695.9761335743, "device_end": 2328695.9761343063}, "cmdq": 0, "read": {"device_start": -1, "device_end": -1}}, "softmax104": {"write": {"device_start": -1, "host_queued_start": 1585660921.730429, "device_queued": -1, "device_end": -1, "host_queued_end": 1585660921.78642}, "device": "cpu", "nd_range": {"device_start": 2328698.488836377, "device_end": 2328698.489546535}, "cmdq": 1, "read": {"device_start": -1, "device_end": -1}}, "coalesced_transpose21": {"write": {"device_start": -1, "host_queued_start": 1585660921.710197, "device_queued": -1, "device_end": -1, "host_queued_end": 1585660921.78642}, "device": "cpu", "nd_range": {"device_start": 2328697.341022029, "device_end": 2328697.3422008133}, "cmdq": 2, "read": {"device_start": -1, "device_end": -1}}, "softmax14": {"write": {"device_start": -1, "host_queued_start": 1585660921.725163, "device_queued": -1, "device_end": -1, "host_queued_end": 1585660921.78642}, "device": "cpu", "nd_range": {"device_start": 2328698.368940045, "device_end": 2328698.3696770184}, "cmdq": 3, "read": {"device_start": -1, "device_end": -1}}, "FFC_sans_bias69": {"write": {"device_start": -1, "host_queued_start": 1585660921.736815, "device_queued": -1, "device_end": -1, "host_queued_end": 1585660921.78642}, "device": "cpu", "nd_range": {"device_start": 2328698.959234759, "device_end": 2328699.082003787}, "cmdq": 0, "read": {"device_start": -1, "device_end": -1}}, "FFC_sans_bias92": {"write": {"device_start": -1, "host_queued_start": 1585660921.66912, "device_queued": -1, "device_end": -1, "host_queued_end": 1585660921.78642}, "device": "cpu", "nd_range": {"device_start": 2328697.201818527, "device_end": 2328697.3253648863}, "cmdq": 3, "read": {"device_start": -1, "device_end": -1}}, "FFC_sans_bias60": {"write": {"device_start": -1, "host_queued_start": 1585660921.736198, "device_queued": -1, "device_end": -1, "host_queued_end": 1585660921.78642}, "device": "cpu", "nd_range": {"device_start": 2328698.590212799, "device_end": 2328698.712714155}, "cmdq": 3, "read": {"device_start": -1, "device_end": -1}}, "FFC_sans_bias61": {"write": {"device_start": -1, "host_queued_start": 1585660921.762417, "device_queued": -1, "device_end": -1, "host_queued_end": 1585660921.78642}, "device": "cpu", "nd_range": {"device_start": 2328698.985256108, "device_end": 2328699.107765872}, "cmdq": 2, "read": {"device_start": -1, "device_end": -1}}, "FFC_sans_bias63": {"write": {"device_start": -1, "host_queued_start": 1585660921.639068, "device_queued": -1, "device_end": -1, "host_queued_end": 1585660921.78642}, "device": "cpu", "nd_range": {"device_start": 2328696.60239335, "device_end": 2328696.7248959104}, "cmdq": 2, "read": {"device_start": -1, "device_end": -1}}, "FFC_sans_bias64": {"write": {"device_start": -1, "host_queued_start": 1585660921.632323, "device_queued": -1, "device_end": -1, "host_queued_end": 1585660921.78642}, "device": "cpu", "nd_range": {"device_start": 2328696.589146372, "device_end": 2328696.7114644893}, "cmdq": 0, "read": {"device_start": -1, "device_end": -1}}, "FFC_sans_bias65": {"write": {"device_start": -1, "host_queued_start": 1585660921.635702, "device_queued": -1, "device_end": -1, "host_queued_end": 1585660921.78642}, "device": "cpu", "nd_range": {"device_start": 2328697.581511483, "device_end": 2328697.673081478}, "cmdq": 1, "read": {"device_start": -1, "device_end": -1}}, "FFC_sans_bias67": {"write": {"device_start": -1, "host_queued_start": 1585660921.719797, "device_queued": -1, "device_end": -1, "host_queued_end": 1585660921.78642}, "device": "cpu", "nd_range": {"device_start": 2328697.645638117, "device_end": 2328697.7220189823}, "cmdq": 2, "read": {"device_start": -1, "device_end": -1}}, "coalesced_transpose111": {"write": {"device_start": -1, "host_queued_start": 1585660921.7138, "device_queued": -1, "device_end": -1, "host_queued_end": 1585660921.78642}, "device": "cpu", "nd_range": {"device_start": 2328697.3282032344, "device_end": 2328697.3291936363}, "cmdq": 0, "read": {"device_start": -1, "device_end": -1}}, "FFC_sans_bias136": {"write": {"device_start": 1585660854.0500822, "host_queued_start": 1585660921.507049, "device_queued": 1585660854.0495653, "device_end": 1585660854.0503576, "host_queued_end": 1585660921.518419}, "device": "gpu", "nd_range": {"device_start": 1585660854.0503685, "device_end": 1585660854.0537422}, "cmdq": 1, "read": {"device_start": -1, "device_end": -1}}, "FFC_sans_bias135": {"write": {"device_start": 1585660854.0540512, "host_queued_start": 1585660921.513738, "device_queued": 1585660854.050524, "device_end": 1585660854.0541506, "host_queued_end": 1585660921.518419}, "device": "gpu", "nd_range": {"device_start": 1585660854.0541532, "device_end": 1585660854.0602794}, "cmdq": 1, "read": {"device_start": -1, "device_end": -1}}, "FFC_sans_bias133": {"write": {"device_start": -1, "host_queued_start": 1585660921.786366, "device_queued": -1, "device_end": -1, "host_queued_end": 1585660921.78642}, "device": "cpu", "nd_range": {"device_start": 2328699.468778083, "device_end": 2328699.590829721}, "cmdq": 2, "read": {"device_start": -1, "device_end": -1}}, "FFC_sans_bias132": {"write": {"device_start": -1, "host_queued_start": 1585660921.741146, "device_queued": -1, "device_end": -1, "host_queued_end": 1585660921.78642}, "device": "cpu", "nd_range": {"device_start": 2328699.230752381, "device_end": 2328699.352930129}, "cmdq": 3, "read": {"device_start": -1, "device_end": -1}}, "softmax68": {"write": {"device_start": -1, "host_queued_start": 1585660921.728336, "device_queued": -1, "device_end": -1, "host_queued_end": 1585660921.78642}, "device": "cpu", "nd_range": {"device_start": 2328698.4881147253, "device_end": 2328698.488829994}, "cmdq": 1, "read": {"device_start": -1, "device_end": -1}}, "softmax131": {"write": {"device_start": -1, "host_queued_start": 1585660921.731998, "device_queued": -1, "device_end": -1, "host_queued_end": 1585660921.78642}, "device": "cpu", "nd_range": {"device_start": 2328698.835853098, "device_end": 2328698.8365654913}, "cmdq": 0, "read": {"device_start": -1, "device_end": -1}}, "empty125": {"write": {"device_start": -1, "host_queued_start": 1585660921.556617, "device_queued": -1, "device_end": -1, "host_queued_end": 1585660921.78642}, "device": "cpu", "nd_range": {"device_start": 2328695.976135048, "device_end": 2328695.9761356823}, "cmdq": 1, "read": {"device_start": -1, "device_end": -1}}, "FFC_sans_bias139": {"write": {"device_start": -1, "host_queued_start": 1585660921.514401, "device_queued": -1, "device_end": -1, "host_queued_end": 1585660921.518419}, "device": "gpu", "nd_range": {"device_start": 1585660854.0602813, "device_end": 1585660854.0636663}, "cmdq": 1, "read": {"device_start": -1, "device_end": -1}}, "empty35": {"write": {"device_start": -1, "host_queued_start": 1585660921.530176, "device_queued": -1, "device_end": -1, "host_queued_end": 1585660921.78642}, "device": "cpu", "nd_range": {"device_start": 2328696.222170546, "device_end": 2328696.222176594}, "cmdq": 3, "read": {"device_start": -1, "device_end": -1}}, "softmax86": {"write": {"device_start": -1, "host_queued_start": 1585660921.729387, "device_queued": -1, "device_end": -1, "host_queued_end": 1585660921.78642}, "device": "cpu", "nd_range": {"device_start": 2328698.370424807, "device_end": 2328698.3711698013}, "cmdq": 3, "read": {"device_start": -1, "device_end": -1}}, "FFC_sans_bias55": {"write": {"device_start": -1, "host_queued_start": 1585660921.628978, "device_queued": -1, "device_end": -1, "host_queued_end": 1585660921.78642}, "device": "cpu", "nd_range": {"device_start": 2328696.833635128, "device_end": 2328696.956303391}, "cmdq": 3, "read": {"device_start": -1, "device_end": -1}}, "FFC_sans_bias54": {"write": {"device_start": -1, "host_queued_start": 1585660921.625641, "device_queued": -1, "device_end": -1, "host_queued_end": 1585660921.78642}, "device": "cpu", "nd_range": {"device_start": 2328696.479471518, "device_end": 2328696.602208816}, "cmdq": 2, "read": {"device_start": -1, "device_end": -1}}, "FFC_sans_bias56": {"write": {"device_start": -1, "host_queued_start": 1585660921.622249, "device_queued": -1, "device_end": -1, "host_queued_end": 1585660921.78642}, "device": "cpu", "nd_range": {"device_start": 2328697.5083931573, "device_end": 2328697.581502046}, "cmdq": 1, "read": {"device_start": -1, "device_end": -1}}, "FFC_sans_bias51": {"write": {"device_start": -1, "host_queued_start": 1585660921.735605, "device_queued": -1, "device_end": -1, "host_queued_end": 1585660921.78642}, "device": "cpu", "nd_range": {"device_start": 2328698.49625519, "device_end": 2328698.6184405033}, "cmdq": 2, "read": {"device_start": -1, "device_end": -1}}, "FFC_sans_bias52": {"write": {"device_start": -1, "host_queued_start": 1585660921.759438, "device_queued": -1, "device_end": -1, "host_queued_end": 1585660921.78642}, "device": "cpu", "nd_range": {"device_start": 2328699.1008035243, "device_end": 2328699.223921995}, "cmdq": 1, "read": {"device_start": -1, "device_end": -1}}, "FFC_sans_bias58": {"write": {"device_start": -1, "host_queued_start": 1585660921.719194, "device_queued": -1, "device_end": -1, "host_queued_end": 1585660921.78642}, "device": "cpu", "nd_range": {"device_start": 2328698.118477403, "device_end": 2328698.242482066}, "cmdq": 1, "read": {"device_start": -1, "device_end": -1}}, "FFC_sans_bias108": {"write": {"device_start": -1, "host_queued_start": 1585660921.682608, "device_queued": -1, "device_end": -1, "host_queued_end": 1585660921.78642}, "device": "cpu", "nd_range": {"device_start": 2328697.325377216, "device_end": 2328697.4095848333}, "cmdq": 3, "read": {"device_start": -1, "device_end": -1}}, "FFC_sans_bias109": {"write": {"device_start": -1, "host_queued_start": 1585660921.685915, "device_queued": -1, "device_end": -1, "host_queued_end": 1585660921.78642}, "device": "cpu", "nd_range": {"device_start": 2328697.078047051, "device_end": 2328697.200845356}, "cmdq": 0, "read": {"device_start": -1, "device_end": -1}}, "coalesced_transpose129": {"write": {"device_start": -1, "host_queued_start": 1585660921.714966, "device_queued": -1, "device_end": -1, "host_queued_end": 1585660921.78642}, "device": "cpu", "nd_range": {"device_start": 2328697.572427859, "device_end": 2328697.573277851}, "cmdq": 2, "read": {"device_start": -1, "device_end": -1}}, "FFC_sans_bias103": {"write": {"device_start": -1, "host_queued_start": 1585660921.7223, "device_queued": -1, "device_end": -1, "host_queued_end": 1585660921.78642}, "device": "cpu", "nd_range": {"device_start": 2328697.854698085, "device_end": 2328697.9387973524}, "cmdq": 2, "read": {"device_start": -1, "device_end": -1}}, "FFC_sans_bias100": {"write": {"device_start": -1, "host_queued_start": 1585660921.675791, "device_queued": -1, "device_end": -1, "host_queued_end": 1585660921.78642}, "device": "cpu", "nd_range": {"device_start": 2328697.782636683, "device_end": 2328697.823324636}, "cmdq": 1, "read": {"device_start": -1, "device_end": -1}}, "FFC_sans_bias101": {"write": {"device_start": -1, "host_queued_start": 1585660921.679262, "device_queued": -1, "device_end": -1, "host_queued_end": 1585660921.78642}, "device": "cpu", "nd_range": {"device_start": 2328696.97057265, "device_end": 2328697.092512472}, "cmdq": 2, "read": {"device_start": -1, "device_end": -1}}, "FFC_sans_bias106": {"write": {"device_start": -1, "host_queued_start": 1585660921.777414, "device_queued": -1, "device_end": -1, "host_queued_end": 1585660921.78642}, "device": "cpu", "nd_range": {"device_start": 2328699.624165437, "device_end": 2328699.6683974583}, "cmdq": 3, "read": {"device_start": -1, "device_end": -1}}, "softmax122": {"write": {"device_start": -1, "host_queued_start": 1585660921.73148, "device_queued": -1, "device_end": -1, "host_queued_end": 1585660921.78642}, "device": "cpu", "nd_range": {"device_start": 2328698.4657521374, "device_end": 2328698.4664765703}, "cmdq": 3, "read": {"device_start": -1, "device_end": -1}}, "FFC_sans_bias105": {"write": {"device_start": -1, "host_queued_start": 1585660921.739268, "device_queued": -1, "device_end": -1, "host_queued_end": 1585660921.78642}, "device": "cpu", "nd_range": {"device_start": 2328699.082239308, "device_end": 2328699.2054457134}, "cmdq": 0, "read": {"device_start": -1, "device_end": -1}}, "softmax95": {"write": {"device_start": -1, "host_queued_start": 1585660921.729912, "device_queued": -1, "device_end": -1, "host_queued_end": 1585660921.78642}, "device": "cpu", "nd_range": {"device_start": 2328698.464879324, "device_end": 2328698.465603053}, "cmdq": 0, "read": {"device_start": -1, "device_end": -1}}, "coalesced_transpose57": {"write": {"device_start": -1, "host_queued_start": 1585660921.711549, "device_queued": -1, "device_end": -1, "host_queued_end": 1585660921.78642}, "device": "cpu", "nd_range": {"device_start": 2328697.3423517523, "device_end": 2328697.343551116}, "cmdq": 2, "read": {"device_start": -1, "device_end": -1}}, "empty26": {"write": {"device_start": -1, "host_queued_start": 1585660921.527561, "device_queued": -1, "device_end": -1, "host_queued_end": 1585660921.78642}, "device": "cpu", "nd_range": {"device_start": 2328695.9761407133, "device_end": 2328695.9761453373}, "cmdq": 2, "read": {"device_start": -1, "device_end": -1}}, "softmax113": {"write": {"device_start": -1, "host_queued_start": 1585660921.730964, "device_queued": -1, "device_end": -1, "host_queued_end": 1585660921.78642}, "device": "cpu", "nd_range": {"device_start": 2328698.372671043, "device_end": 2328698.373410384}, "cmdq": 2, "read": {"device_start": -1, "device_end": -1}}, "FFC_sans_bias11": {"write": {"device_start": -1, "host_queued_start": 1585660921.578876, "device_queued": -1, "device_end": -1, "host_queued_end": 1585660921.78642}, "device": "cpu", "nd_range": {"device_start": 2328696.099304467, "device_end": 2328696.223282635}, "cmdq": 0, "read": {"device_start": -1, "device_end": -1}}, "FFC_sans_bias42": {"write": {"device_start": -1, "host_queued_start": 1585660921.735011, "device_queued": -1, "device_end": -1, "host_queued_end": 1585660921.78642}, "device": "cpu", "nd_range": {"device_start": 2328698.611824023, "device_end": 2328698.734018831}, "cmdq": 1, "read": {"device_start": -1, "device_end": -1}}, "FFC_sans_bias43": {"write": {"device_start": -1, "host_queued_start": 1585660921.756413, "device_queued": -1, "device_end": -1, "host_queued_end": 1585660921.78642}, "device": "cpu", "nd_range": {"device_start": 2328699.328604124, "device_end": 2328699.4509333232}, "cmdq": 0, "read": {"device_start": -1, "device_end": -1}}, "FFC_sans_bias40": {"write": {"device_start": -1, "host_queued_start": 1585660921.71799, "device_queued": -1, "device_end": -1, "host_queued_end": 1585660921.78642}, "device": "cpu", "nd_range": {"device_start": 2328697.954739218, "device_end": 2328698.122313442}, "cmdq": 3, "read": {"device_start": -1, "device_end": -1}}, "FFC_sans_bias46": {"write": {"device_start": -1, "host_queued_start": 1585660921.61551, "device_queued": -1, "device_end": -1, "host_queued_end": 1585660921.78642}, "device": "cpu", "nd_range": {"device_start": 2328696.711164079, "device_end": 2328696.833603952}, "cmdq": 3, "read": {"device_start": -1, "device_end": -1}}, "FFC_sans_bias47": {"write": {"device_start": -1, "host_queued_start": 1585660921.61889, "device_queued": -1, "device_end": -1, "host_queued_end": 1585660921.78642}, "device": "cpu", "nd_range": {"device_start": 2328696.4670968223, "device_end": 2328696.589138656}, "cmdq": 0, "read": {"device_start": -1, "device_end": -1}}, "FFC_sans_bias45": {"write": {"device_start": -1, "host_queued_start": 1585660921.612177, "device_queued": -1, "device_end": -1, "host_queued_end": 1585660921.78642}, "device": "cpu", "nd_range": {"device_start": 2328696.356830412, "device_end": 2328696.4792968472}, "cmdq": 2, "read": {"device_start": -1, "device_end": -1}}, "FFC_sans_bias49": {"write": {"device_start": -1, "host_queued_start": 1585660921.718593, "device_queued": -1, "device_end": -1, "host_queued_end": 1585660921.78642}, "device": "cpu", "nd_range": {"device_start": 2328698.092026803, "device_end": 2328698.215691808}, "cmdq": 0, "read": {"device_start": -1, "device_end": -1}}, "softmax77": {"write": {"device_start": -1, "host_queued_start": 1585660921.728862, "device_queued": -1, "device_end": -1, "host_queued_end": 1585660921.78642}, "device": "cpu", "nd_range": {"device_start": 2328698.37191298, "device_end": 2328698.372661651}, "cmdq": 2, "read": {"device_start": -1, "device_end": -1}}, "empty134": {"write": {"device_start": -1, "host_queued_start": 1585660921.559236, "device_queued": -1, "device_end": -1, "host_queued_end": 1585660921.78642}, "device": "cpu", "nd_range": {"device_start": 2328695.9761793553, "device_end": 2328695.9761799183}, "cmdq": 2, "read": {"device_start": -1, "device_end": -1}}, "coalesced_transpose138": {"write": {"device_start": -1, "host_queued_start": 1585660921.514084, "device_queued": -1, "device_end": -1, "host_queued_end": 1585660921.518419}, "device": "gpu", "nd_range": {"device_start": 1585660854.0570917, "device_end": 1585660854.060161}, "cmdq": 0, "read": {"device_start": -1, "device_end": -1}}, "FFC_sans_bias119": {"write": {"device_start": -1, "host_queued_start": 1585660921.699273, "device_queued": -1, "device_end": -1, "host_queued_end": 1585660921.78642}, "device": "cpu", "nd_range": {"device_start": 2328697.2008716813, "device_end": 2328697.324190609}, "cmdq": 0, "read": {"device_start": -1, "device_end": -1}}, "FFC_sans_bias118": {"write": {"device_start": -1, "host_queued_start": 1585660921.69589, "device_queued": -1, "device_end": -1, "host_queued_end": 1585660921.78642}, "device": "cpu", "nd_range": {"device_start": 2328697.409600562, "device_end": 2328697.478291356}, "cmdq": 3, "read": {"device_start": -1, "device_end": -1}}, "empty143": {"write": {"device_start": 1585660854.0497258, "host_queued_start": 1585660921.503503, "device_queued": 1585660854.0493708, "device_end": 1585660854.0499794, "host_queued_end": 1585660921.518419}, "device": "gpu", "nd_range": {"device_start": 1585660854.0499842, "device_end": 1585660854.049991}, "cmdq": 0, "read": {"device_start": -1, "device_end": -1}}, "FFC_sans_bias115": {"write": {"device_start": -1, "host_queued_start": 1585660921.780404, "device_queued": -1, "device_end": -1, "host_queued_end": 1585660921.78642}, "device": "cpu", "nd_range": {"device_start": 2328699.542418358, "device_end": 2328699.6500487532}, "cmdq": 0, "read": {"device_start": -1, "device_end": -1}}, "FFC_sans_bias114": {"write": {"device_start": -1, "host_queued_start": 1585660921.739864, "device_queued": -1, "device_end": -1, "host_queued_end": 1585660921.78642}, "device": "cpu", "nd_range": {"device_start": 2328698.856185251, "device_end": 2328698.978236924}, "cmdq": 1, "read": {"device_start": -1, "device_end": -1}}, "FFC_sans_bias117": {"write": {"device_start": -1, "host_queued_start": 1585660921.69261, "device_queued": -1, "device_end": -1, "host_queued_end": 1585660921.78642}, "device": "cpu", "nd_range": {"device_start": 2328697.092700032, "device_end": 2328697.2165065473}, "cmdq": 2, "read": {"device_start": -1, "device_end": -1}}, "softmax5": {"write": {"device_start": -1, "host_queued_start": 1585660921.724632, "device_queued": -1, "device_end": -1, "host_queued_end": 1585660921.78642}, "device": "cpu", "nd_range": {"device_start": 2328697.9549208563, "device_end": 2328697.955645046}, "cmdq": 2, "read": {"device_start": -1, "device_end": -1}}, "FFC_sans_bias110": {"write": {"device_start": -1, "host_queued_start": 1585660921.689309, "device_queued": -1, "device_end": -1, "host_queued_end": 1585660921.78642}, "device": "cpu", "nd_range": {"device_start": 2328697.823348545, "device_end": 2328697.9423604864}, "cmdq": 1, "read": {"device_start": -1, "device_end": -1}}, "FFC_sans_bias112": {"write": {"device_start": -1, "host_queued_start": 1585660921.722907, "device_queued": -1, "device_end": -1, "host_queued_end": 1585660921.78642}, "device": "cpu", "nd_range": {"device_start": 2328698.246183684, "device_end": 2328698.3689278034}, "cmdq": 3, "read": {"device_start": -1, "device_end": -1}}, "empty53": {"write": {"device_start": -1, "host_queued_start": 1585660921.535485, "device_queued": -1, "device_end": -1, "host_queued_end": 1585660921.78642}, "device": "cpu", "nd_range": {"device_start": 2328695.9761205222, "device_end": 2328695.9761216124}, "cmdq": 1, "read": {"device_start": -1, "device_end": -1}}, "coalesced_transpose48": {"write": {"device_start": -1, "host_queued_start": 1585660921.711213, "device_queued": -1, "device_end": -1, "host_queued_end": 1585660921.78642}, "device": "cpu", "nd_range": {"device_start": 2328698.008819883, "device_end": 2328698.009920727}, "cmdq": 1, "read": {"device_start": -1, "device_end": -1}}}