{"FFC_sans_bias4": {"write": {"device_start": -1, "host_queued_start": 1585660883.144342, "device_queued": -1, "device_end": -1, "host_queued_end": 1585660883.183728}, "device": "cpu", "nd_range": {"device_start": 2328658.180905625, "device_end": 2328658.2931886013}, "cmdq": 0, "read": {"device_start": -1, "device_end": -1}}, "FFC_sans_bias7": {"write": {"device_start": -1, "host_queued_start": 1585660883.160904, "device_queued": -1, "device_end": -1, "host_queued_end": 1585660883.183728}, "device": "cpu", "nd_range": {"device_start": 2328658.688019716, "device_end": 2328658.850197638}, "cmdq": 0, "read": {"device_start": -1, "device_end": -1}}, "FFC_sans_bias6": {"write": {"device_start": -1, "host_queued_start": 1585660883.153456, "device_queued": -1, "device_end": -1, "host_queued_end": 1585660883.183728}, "device": "cpu", "nd_range": {"device_start": 2328658.409054466, "device_end": 2328658.540320821}, "cmdq": 0, "read": {"device_start": -1, "device_end": -1}}, "FFC_sans_bias1": {"write": {"device_start": -1, "host_queued_start": 1585660883.065288, "device_queued": -1, "device_end": -1, "host_queued_end": 1585660883.183728}, "device": "cpu", "nd_range": {"device_start": 2328657.373391089, "device_end": 2328657.604994879}, "cmdq": 1, "read": {"device_start": -1, "device_end": -1}}, "FFC_sans_bias0": {"write": {"device_start": -1, "host_queued_start": 1585660883.061739, "device_queued": -1, "device_end": -1, "host_queued_end": 1585660883.183728}, "device": "cpu", "nd_range": {"device_start": 2328657.3733907193, "device_end": 2328657.502020537}, "cmdq": 0, "read": {"device_start": -1, "device_end": -1}}, "FFC_sans_bias2": {"write": {"device_start": -1, "host_queued_start": 1585660883.068796, "device_queued": -1, "device_end": -1, "host_queued_end": 1585660883.183728}, "device": "cpu", "nd_range": {"device_start": 2328657.3734218003, "device_end": 2328657.4978705524}, "cmdq": 2, "read": {"device_start": -1, "device_end": -1}}, "coalesced_transpose120": {"write": {"device_start": -1, "host_queued_start": 1585660882.992784, "device_queued": -1, "device_end": -1, "host_queued_end": 1585660883.033266}, "device": "gpu", "nd_range": {"device_start": 1585660815.649978, "device_end": 1585660815.6500256}, "cmdq": 1, "read": {"device_start": -1, "device_end": -1}}, "FFC_sans_bias9": {"write": {"device_start": -1, "host_queued_start": 1585660883.072277, "device_queued": -1, "device_end": -1, "host_queued_end": 1585660883.183728}, "device": "cpu", "nd_range": {"device_start": 2328657.3741763653, "device_end": 2328657.496363276}, "cmdq": 3, "read": {"device_start": -1, "device_end": -1}}, "empty71": {"write": {"device_start": -1, "host_queued_start": 1585660883.058834, "device_queued": -1, "device_end": -1, "host_queued_end": 1585660883.183728}, "device": "cpu", "nd_range": {"device_start": 2328657.374069353, "device_end": 2328657.374071369}, "cmdq": 3, "read": {"device_start": -1, "device_end": -1}}, "softmax41": {"write": {"device_start": -1, "host_queued_start": 1585660883.151207, "device_queued": -1, "device_end": -1, "host_queued_end": 1585660883.183728}, "device": "cpu", "nd_range": {"device_start": 2328658.4081690214, "device_end": 2328658.4089027434}, "cmdq": 0, "read": {"device_start": -1, "device_end": -1}}, "FFC_sans_bias37": {"write": {"device_start": -1, "host_queued_start": 1585660883.107923, "device_queued": -1, "device_end": -1, "host_queued_end": 1585660883.183728}, "device": "cpu", "nd_range": {"device_start": 2328658.1028260533, "device_end": 2328658.167773928}, "cmdq": 1, "read": {"device_start": -1, "device_end": -1}}, "FFC_sans_bias36": {"write": {"device_start": -1, "host_queued_start": 1585660883.10449, "device_queued": -1, "device_end": -1, "host_queued_end": 1585660883.183728}, "device": "cpu", "nd_range": {"device_start": 2328657.762437737, "device_end": 2328657.893230087}, "cmdq": 0, "read": {"device_start": -1, "device_end": -1}}, "FFC_sans_bias34": {"write": {"device_start": -1, "host_queued_start": 1585660883.17029, "device_queued": -1, "device_end": -1, "host_queued_end": 1585660883.183728}, "device": "cpu", "nd_range": {"device_start": 2328659.030556119, "device_end": 2328659.099146213}, "cmdq": 3, "read": {"device_start": -1, "device_end": -1}}, "FFC_sans_bias33": {"write": {"device_start": -1, "host_queued_start": 1585660883.155254, "device_queued": -1, "device_end": -1, "host_queued_end": 1585660883.183728}, "device": "cpu", "nd_range": {"device_start": 2328658.7855736483, "device_end": 2328658.908247957}, "cmdq": 3, "read": {"device_start": -1, "device_end": -1}}, "FFC_sans_bias31": {"write": {"device_start": -1, "host_queued_start": 1585660883.146151, "device_queued": -1, "device_end": -1, "host_queued_end": 1585660883.183728}, "device": "cpu", "nd_range": {"device_start": 2328658.4589042393, "device_end": 2328658.660786277}, "cmdq": 3, "read": {"device_start": -1, "device_end": -1}}, "FFC_sans_bias38": {"write": {"device_start": -1, "host_queued_start": 1585660883.111383, "device_queued": -1, "device_end": -1, "host_queued_end": 1585660883.183728}, "device": "cpu", "nd_range": {"device_start": 2328657.743481981, "device_end": 2328657.866461912}, "cmdq": 2, "read": {"device_start": -1, "device_end": -1}}, "coalesced_transpose75": {"write": {"device_start": -1, "host_queued_start": 1585660882.991215, "device_queued": -1, "device_end": -1, "host_queued_end": 1585660883.033266}, "device": "gpu", "nd_range": {"device_start": 1585660815.6435344, "device_end": 1585660815.646609}, "cmdq": 0, "read": {"device_start": -1, "device_end": -1}}, "softmax140": {"write": {"device_start": -1, "host_queued_start": 1585660882.998114, "device_queued": -1, "device_end": -1, "host_queued_end": 1585660883.033266}, "device": "gpu", "nd_range": {"device_start": 1585660815.6743019, "device_end": 1585660815.6749377}, "cmdq": 1, "read": {"device_start": -1, "device_end": -1}}, "empty44": {"write": {"device_start": -1, "host_queued_start": 1585660883.050705, "device_queued": -1, "device_end": -1, "host_queued_end": 1585660883.183728}, "device": "cpu", "nd_range": {"device_start": 2328657.373383636, "device_end": 2328657.3733849213}, "cmdq": 0, "read": {"device_start": -1, "device_end": -1}}, "FFC_sans_bias137": {"write": {"device_start": 1585660815.6374204, "host_queued_start": 1585660882.987579, "device_queued": 1585660815.5736194, "device_end": 1585660815.6375225, "host_queued_end": 1585660883.033266}, "device": "gpu", "nd_range": {"device_start": 1585660815.6375299, "device_end": 1585660815.6435313}, "cmdq": 0, "read": {"device_start": -1, "device_end": -1}}, "empty8": {"write": {"device_start": -1, "host_queued_start": 1585660883.037874, "device_queued": -1, "device_end": -1, "host_queued_end": 1585660883.183728}, "device": "cpu", "nd_range": {"device_start": 2328657.373350244, "device_end": 2328657.373361323}, "cmdq": 0, "read": {"device_start": -1, "device_end": -1}}, "softmax50": {"write": {"device_start": -1, "host_queued_start": 1585660883.151742, "device_queued": -1, "device_end": -1, "host_queued_end": 1585660883.183728}, "device": "cpu", "nd_range": {"device_start": 2328658.6045275102, "device_end": 2328658.605256548}, "cmdq": 1, "read": {"device_start": -1, "device_end": -1}}, "softmax59": {"write": {"device_start": -1, "host_queued_start": 1585660883.152273, "device_queued": -1, "device_end": -1, "host_queued_end": 1585660883.183728}, "device": "cpu", "nd_range": {"device_start": 2328658.33474997, "device_end": 2328658.335490126}, "cmdq": 2, "read": {"device_start": -1, "device_end": -1}}, "FFC_sans_bias142": {"write": {"device_start": 1585660815.7233555, "host_queued_start": 1585660883.033138, "device_queued": 1585660815.5804372, "device_end": 1585660815.723464, "host_queued_end": 1585660883.033266}, "device": "gpu", "nd_range": {"device_start": 1585660815.7234664, "device_end": 1585660815.7299464}, "cmdq": 1, "read": {"device_start": 1585660815.72995, "device_end": 1585660815.7300563}}, "FFC_sans_bias141": {"write": {"device_start": -1, "host_queued_start": 1585660883.000711, "device_queued": -1, "device_end": -1, "host_queued_end": 1585660883.033266}, "device": "gpu", "nd_range": {"device_start": 1585660815.694194, "device_end": 1585660815.7006698}, "cmdq": 1, "read": {"device_start": -1, "device_end": -1}}, "FFC_sans_bias24": {"write": {"device_start": -1, "host_queued_start": 1585660883.154658, "device_queued": -1, "device_end": -1, "host_queued_end": 1585660883.183728}, "device": "cpu", "nd_range": {"device_start": 2328658.335498526, "device_end": 2328658.4652702883}, "cmdq": 2, "read": {"device_start": -1, "device_end": -1}}, "FFC_sans_bias25": {"write": {"device_start": -1, "host_queued_start": 1585660883.167109, "device_queued": -1, "device_end": -1, "host_queued_end": 1585660883.183728}, "device": "cpu", "nd_range": {"device_start": 2328658.5884680543, "device_end": 2328658.8266083812}, "cmdq": 2, "read": {"device_start": -1, "device_end": -1}}, "FFC_sans_bias27": {"write": {"device_start": -1, "host_queued_start": 1585660883.093957, "device_queued": -1, "device_end": -1, "host_queued_end": 1585660883.183728}, "device": "cpu", "nd_range": {"device_start": 2328657.847231224, "device_end": 2328658.102805099}, "cmdq": 1, "read": {"device_start": -1, "device_end": -1}}, "FFC_sans_bias20": {"write": {"device_start": -1, "host_queued_start": 1585660883.090466, "device_queued": -1, "device_end": -1, "host_queued_end": 1585660883.183728}, "device": "cpu", "nd_range": {"device_start": 2328657.632183901, "device_end": 2328657.7624152843}, "cmdq": 0, "read": {"device_start": -1, "device_end": -1}}, "FFC_sans_bias22": {"write": {"device_start": -1, "host_queued_start": 1585660883.145556, "device_queued": -1, "device_end": -1, "host_queued_end": 1585660883.183728}, "device": "cpu", "nd_range": {"device_start": 2328658.147077021, "device_end": 2328658.232288442}, "cmdq": 2, "read": {"device_start": -1, "device_end": -1}}, "FFC_sans_bias130": {"write": {"device_start": -1, "host_queued_start": 1585660882.995722, "device_queued": -1, "device_end": -1, "host_queued_end": 1585660883.033266}, "device": "gpu", "nd_range": {"device_start": 1585660815.6600897, "device_end": 1585660815.6665025}, "cmdq": 0, "read": {"device_start": -1, "device_end": -1}}, "FFC_sans_bias28": {"write": {"device_start": -1, "host_queued_start": 1585660883.097501, "device_queued": -1, "device_end": -1, "host_queued_end": 1585660883.183728}, "device": "cpu", "nd_range": {"device_start": 2328657.620953753, "device_end": 2328657.7434669523}, "cmdq": 2, "read": {"device_start": -1, "device_end": -1}}, "FFC_sans_bias29": {"write": {"device_start": -1, "host_queued_start": 1585660883.101022, "device_queued": -1, "device_end": -1, "host_queued_end": 1585660883.183728}, "device": "cpu", "nd_range": {"device_start": 2328657.618635456, "device_end": 2328657.7405242193}, "cmdq": 3, "read": {"device_start": -1, "device_end": -1}}, "coalesced_transpose66": {"write": {"device_start": -1, "host_queued_start": 1585660883.143742, "device_queued": -1, "device_end": -1, "host_queued_end": 1585660883.183728}, "device": "cpu", "nd_range": {"device_start": 2328658.457954814, "device_end": 2328658.458884844}, "cmdq": 3, "read": {"device_start": -1, "device_end": -1}}, "coalesced_transpose93": {"write": {"device_start": -1, "host_queued_start": 1585660882.991849, "device_queued": -1, "device_end": -1, "host_queued_end": 1585660883.033266}, "device": "gpu", "nd_range": {"device_start": 1585660815.6466146, "device_end": 1585660815.6466525}, "cmdq": 0, "read": {"device_start": -1, "device_end": -1}}, "softmax23": {"write": {"device_start": -1, "host_queued_start": 1585660883.150136, "device_queued": -1, "device_end": -1, "host_queued_end": 1585660883.183728}, "device": "cpu", "nd_range": {"device_start": 2328658.333991468, "device_end": 2328658.334741212}, "cmdq": 2, "read": {"device_start": -1, "device_end": -1}}, "empty62": {"write": {"device_start": -1, "host_queued_start": 1585660883.05613, "device_queued": -1, "device_end": -1, "host_queued_end": 1585660883.183728}, "device": "cpu", "nd_range": {"device_start": 2328657.3734116033, "device_end": 2328657.373412848}, "cmdq": 2, "read": {"device_start": -1, "device_end": -1}}, "FFC_sans_bias10": {"write": {"device_start": -1, "host_queued_start": 1585660883.075788, "device_queued": -1, "device_end": -1, "host_queued_end": 1585660883.183728}, "device": "cpu", "nd_range": {"device_start": 2328657.5021828613, "device_end": 2328657.6319797453}, "cmdq": 0, "read": {"device_start": -1, "device_end": -1}}, "FFC_sans_bias13": {"write": {"device_start": -1, "host_queued_start": 1585660883.144939, "device_queued": -1, "device_end": -1, "host_queued_end": 1585660883.183728}, "device": "cpu", "nd_range": {"device_start": 2328658.3959255773, "device_end": 2328658.4802516634}, "cmdq": 1, "read": {"device_start": -1, "device_end": -1}}, "FFC_sans_bias15": {"write": {"device_start": -1, "host_queued_start": 1585660883.154056, "device_queued": -1, "device_end": -1, "host_queued_end": 1585660883.183728}, "device": "cpu", "nd_range": {"device_start": 2328658.605265938, "device_end": 2328658.728394161}, "cmdq": 1, "read": {"device_start": -1, "device_end": -1}}, "FFC_sans_bias16": {"write": {"device_start": -1, "host_queued_start": 1585660883.163918, "device_queued": -1, "device_end": -1, "host_queued_end": 1585660883.183728}, "device": "cpu", "nd_range": {"device_start": 2328658.935593727, "device_end": 2328659.052848739}, "cmdq": 1, "read": {"device_start": -1, "device_end": -1}}, "FFC_sans_bias19": {"write": {"device_start": -1, "host_queued_start": 1585660883.086884, "device_queued": -1, "device_end": -1, "host_queued_end": 1585660883.183728}, "device": "cpu", "nd_range": {"device_start": 2328657.496593905, "device_end": 2328657.618616045}, "cmdq": 3, "read": {"device_start": -1, "device_end": -1}}, "FFC_sans_bias18": {"write": {"device_start": -1, "host_queued_start": 1585660883.082919, "device_queued": -1, "device_end": -1, "host_queued_end": 1585660883.183728}, "device": "cpu", "nd_range": {"device_start": 2328657.498023027, "device_end": 2328657.620936486}, "cmdq": 2, "read": {"device_start": -1, "device_end": -1}}, "FFC_sans_bias99": {"write": {"device_start": 1585660815.5950053, "host_queued_start": 1585660882.94431, "device_queued": 1585660815.5704188, "device_end": 1585660815.5951064, "host_queued_end": 1585660883.033266}, "device": "gpu", "nd_range": {"device_start": 1585660815.5951123, "device_end": 1585660815.6011176}, "cmdq": 1, "read": {"device_start": -1, "device_end": -1}}, "FFC_sans_bias91": {"write": {"device_start": 1585660815.5884204, "host_queued_start": 1585660882.937652, "device_queued": 1585660815.5699544, "device_end": 1585660815.5885215, "host_queued_end": 1585660883.033266}, "device": "gpu", "nd_range": {"device_start": 1585660815.588527, "device_end": 1585660815.5945933}, "cmdq": 1, "read": {"device_start": -1, "device_end": -1}}, "FFC_sans_bias90": {"write": {"device_start": 1585660815.5851402, "host_queued_start": 1585660882.934362, "device_queued": 1585660815.5697293, "device_end": 1585660815.58524, "host_queued_end": 1585660883.033266}, "device": "gpu", "nd_range": {"device_start": 1585660815.5852451, "device_end": 1585660815.591307}, "cmdq": 0, "read": {"device_start": -1, "device_end": -1}}, "coalesced_transpose12": {"write": {"device_start": -1, "host_queued_start": 1585660883.140046, "device_queued": -1, "device_end": -1, "host_queued_end": 1585660883.183728}, "device": "cpu", "nd_range": {"device_start": 2328658.394010316, "device_end": 2328658.394969038}, "cmdq": 1, "read": {"device_start": -1, "device_end": -1}}, "FFC_sans_bias94": {"write": {"device_start": -1, "host_queued_start": 1585660882.994424, "device_queued": -1, "device_end": -1, "host_queued_end": 1585660883.033266}, "device": "gpu", "nd_range": {"device_start": 1585660815.6500561, "device_end": 1585660815.6534326}, "cmdq": 0, "read": {"device_start": -1, "device_end": -1}}, "FFC_sans_bias97": {"write": {"device_start": 1585660815.7049048, "host_queued_start": 1585660883.014126, "device_queued": 1585660815.5790477, "device_end": 1585660815.7050095, "host_queued_end": 1585660883.033266}, "device": "gpu", "nd_range": {"device_start": 1585660815.7050123, "device_end": 1585660815.710439}, "cmdq": 0, "read": {"device_start": 1585660815.7104416, "device_end": 1585660815.7105381}}, "FFC_sans_bias96": {"write": {"device_start": -1, "host_queued_start": 1585660882.999093, "device_queued": -1, "device_end": -1, "host_queued_end": 1585660883.033266}, "device": "gpu", "nd_range": {"device_start": 1585660815.677843, "device_end": 1585660815.6844666}, "cmdq": 0, "read": {"device_start": -1, "device_end": -1}}, "FFC_sans_bias124": {"write": {"device_start": 1585660815.7144425, "host_queued_start": 1585660883.026195, "device_queued": 1585660815.5798712, "device_end": 1585660815.7145407, "host_queued_end": 1585660883.033266}, "device": "gpu", "nd_range": {"device_start": 1585660815.7145452, "device_end": 1585660815.7201462}, "cmdq": 1, "read": {"device_start": 1585660815.7201548, "device_end": 1585660815.7202551}}, "FFC_sans_bias126": {"write": {"device_start": 1585660815.6276965, "host_queued_start": 1585660882.977617, "device_queued": 1585660815.572901, "device_end": 1585660815.6277983, "host_queued_end": 1585660883.033266}, "device": "gpu", "nd_range": {"device_start": 1585660815.627804, "device_end": 1585660815.6337554}, "cmdq": 1, "read": {"device_start": -1, "device_end": -1}}, "softmax32": {"write": {"device_start": -1, "host_queued_start": 1585660883.150673, "device_queued": -1, "device_end": -1, "host_queued_end": 1585660883.183728}, "device": "cpu", "nd_range": {"device_start": 2328658.784108647, "device_end": 2328658.7848529643}, "cmdq": 3, "read": {"device_start": -1, "device_end": -1}}, "coalesced_transpose84": {"write": {"device_start": -1, "host_queued_start": 1585660882.991539, "device_queued": -1, "device_end": -1, "host_queued_end": 1585660883.033266}, "device": "gpu", "nd_range": {"device_start": 1585660815.6468153, "device_end": 1585660815.6498947}, "cmdq": 1, "read": {"device_start": -1, "device_end": -1}}, "FFC_sans_bias121": {"write": {"device_start": -1, "host_queued_start": 1585660882.995397, "device_queued": -1, "device_end": -1, "host_queued_end": 1585660883.033266}, "device": "gpu", "nd_range": {"device_start": 1585660815.6631985, "device_end": 1585660815.6696987}, "cmdq": 1, "read": {"device_start": -1, "device_end": -1}}, "empty98": {"write": {"device_start": 1585660815.566352, "host_queued_start": 1585660882.898125, "device_queued": 1585660815.5659087, "device_end": 1585660815.5665822, "host_queued_end": 1585660883.033266}, "device": "gpu", "nd_range": {"device_start": 1585660815.5665941, "device_end": 1585660815.5665996}, "cmdq": 0, "read": {"device_start": -1, "device_end": -1}}, "empty107": {"write": {"device_start": 1585660815.5666828, "host_queued_start": 1585660882.900739, "device_queued": 1585660815.5662918, "device_end": 1585660815.5669599, "host_queued_end": 1585660883.033266}, "device": "gpu", "nd_range": {"device_start": 1585660815.5669632, "device_end": 1585660815.566971}, "cmdq": 1, "read": {"device_start": -1, "device_end": -1}}, "empty17": {"write": {"device_start": -1, "host_queued_start": 1585660883.041103, "device_queued": -1, "device_end": -1, "host_queued_end": 1585660883.183728}, "device": "cpu", "nd_range": {"device_start": 2328657.373350161, "device_end": 2328657.373361331}, "cmdq": 1, "read": {"device_start": -1, "device_end": -1}}, "FFC_sans_bias87": {"write": {"device_start": -1, "host_queued_start": 1585660882.998765, "device_queued": -1, "device_end": -1, "host_queued_end": 1585660883.033266}, "device": "gpu", "nd_range": {"device_start": 1585660815.674939, "device_end": 1585660815.6811714}, "cmdq": 1, "read": {"device_start": -1, "device_end": -1}}, "FFC_sans_bias85": {"write": {"device_start": -1, "host_queued_start": 1585660882.994098, "device_queued": -1, "device_end": -1, "host_queued_end": 1585660883.033266}, "device": "gpu", "nd_range": {"device_start": 1585660815.6500614, "device_end": 1585660815.6567724}, "cmdq": 1, "read": {"device_start": -1, "device_end": -1}}, "FFC_sans_bias82": {"write": {"device_start": 1585660815.5787199, "host_queued_start": 1585660882.927718, "device_queued": 1585660815.5692434, "device_end": 1585660815.5788238, "host_queued_end": 1585660883.033266}, "device": "gpu", "nd_range": {"device_start": 1585660815.5788274, "device_end": 1585660815.5847402}, "cmdq": 0, "read": {"device_start": -1, "device_end": -1}}, "FFC_sans_bias83": {"write": {"device_start": 1585660815.5818334, "host_queued_start": 1585660882.931043, "device_queued": 1585660815.5694892, "device_end": 1585660815.581938, "host_queued_end": 1585660883.033266}, "device": "gpu", "nd_range": {"device_start": 1585660815.581943, "device_end": 1585660815.5880337}, "cmdq": 1, "read": {"device_start": -1, "device_end": -1}}, "FFC_sans_bias81": {"write": {"device_start": 1585660815.5754337, "host_queued_start": 1585660882.924366, "device_queued": 1585660815.5690107, "device_end": 1585660815.5755339, "host_queued_end": 1585660883.033266}, "device": "gpu", "nd_range": {"device_start": 1585660815.5755389, "device_end": 1585660815.5814395}, "cmdq": 1, "read": {"device_start": -1, "device_end": -1}}, "FFC_sans_bias88": {"write": {"device_start": 1585660815.7010548, "host_queued_start": 1585660883.010143, "device_queued": 1585660815.578559, "device_end": 1585660815.7011683, "host_queued_end": 1585660883.033266}, "device": "gpu", "nd_range": {"device_start": 1585660815.7011728, "device_end": 1585660815.707192}, "cmdq": 1, "read": {"device_start": 1585660815.7071946, "device_end": 1585660815.7072947}}, "coalesced_transpose30": {"write": {"device_start": -1, "host_queued_start": 1585660883.141228, "device_queued": -1, "device_end": -1, "host_queued_end": 1585660883.183728}, "device": "cpu", "nd_range": {"device_start": 2328658.107128985, "device_end": 2328658.108100084}, "cmdq": 3, "read": {"device_start": -1, "device_end": -1}}, "FFC_sans_bias128": {"write": {"device_start": 1585660815.624382, "host_queued_start": 1585660882.974298, "device_queued": 1585660815.5726519, "device_end": 1585660815.6244845, "host_queued_end": 1585660883.033266}, "device": "gpu", "nd_range": {"device_start": 1585660815.624488, "device_end": 1585660815.6305268}, "cmdq": 0, "read": {"device_start": -1, "device_end": -1}}, "coalesced_transpose39": {"write": {"device_start": -1, "host_queued_start": 1585660883.141826, "device_queued": -1, "device_end": -1, "host_queued_end": 1585660883.183728}, "device": "cpu", "nd_range": {"device_start": 2328658.179827387, "device_end": 2328658.1807016623}, "cmdq": 0, "read": {"device_start": -1, "device_end": -1}}, "FFC_sans_bias79": {"write": {"device_start": 1585660815.6978292, "host_queued_start": 1585660883.005806, "device_queued": 1585660815.5781407, "device_end": 1585660815.6979353, "host_queued_end": 1585660883.033266}, "device": "gpu", "nd_range": {"device_start": 1585660815.6979392, "device_end": 1585660815.7039816}, "cmdq": 0, "read": {"device_start": 1585660815.703989, "device_end": 1585660815.7040884}}, "FFC_sans_bias78": {"write": {"device_start": -1, "host_queued_start": 1585660882.998437, "device_queued": -1, "device_end": -1, "host_queued_end": 1585660883.033266}, "device": "gpu", "nd_range": {"device_start": 1585660815.6744568, "device_end": 1585660815.6778417}, "cmdq": 0, "read": {"device_start": -1, "device_end": -1}}, "FFC_sans_bias73": {"write": {"device_start": 1585660815.568641, "host_queued_start": 1585660882.917658, "device_queued": 1585660815.5683436, "device_end": 1585660815.5687563, "host_queued_end": 1585660883.033266}, "device": "gpu", "nd_range": {"device_start": 1585660815.56876, "device_end": 1585660815.575017}, "cmdq": 1, "read": {"device_start": -1, "device_end": -1}}, "FFC_sans_bias72": {"write": {"device_start": 1585660815.5682096, "host_queued_start": 1585660882.914341, "device_queued": 1585660815.5678887, "device_end": 1585660815.5683055, "host_queued_end": 1585660883.033266}, "device": "gpu", "nd_range": {"device_start": 1585660815.5683148, "device_end": 1585660815.571689}, "cmdq": 0, "read": {"device_start": -1, "device_end": -1}}, "FFC_sans_bias70": {"write": {"device_start": -1, "host_queued_start": 1585660883.183668, "device_queued": -1, "device_end": -1, "host_queued_end": 1585660883.183728}, "device": "cpu", "nd_range": {"device_start": 2328659.1219507833, "device_end": 2328659.1687807743}, "cmdq": 3, "read": {"device_start": -1, "device_end": -1}}, "FFC_sans_bias76": {"write": {"device_start": -1, "host_queued_start": 1585660882.993755, "device_queued": -1, "device_end": -1, "host_queued_end": 1585660883.033266}, "device": "gpu", "nd_range": {"device_start": 1585660815.6467202, "device_end": 1585660815.6500542}, "cmdq": 0, "read": {"device_start": -1, "device_end": -1}}, "FFC_sans_bias74": {"write": {"device_start": 1585660815.5721393, "host_queued_start": 1585660882.920976, "device_queued": 1585660815.5687673, "device_end": 1585660815.5722408, "host_queued_end": 1585660883.033266}, "device": "gpu", "nd_range": {"device_start": 1585660815.5722444, "device_end": 1585660815.5783067}, "cmdq": 0, "read": {"device_start": -1, "device_end": -1}}, "coalesced_transpose102": {"write": {"device_start": -1, "host_queued_start": 1585660882.992162, "device_queued": -1, "device_end": -1, "host_queued_end": 1585660883.033266}, "device": "gpu", "nd_range": {"device_start": 1585660815.6499023, "device_end": 1585660815.649967}, "cmdq": 1, "read": {"device_start": -1, "device_end": -1}}, "coalesced_transpose3": {"write": {"device_start": -1, "host_queued_start": 1585660883.139449, "device_queued": -1, "device_end": -1, "host_queued_end": 1585660883.183728}, "device": "cpu", "nd_range": {"device_start": 2328658.145745144, "device_end": 2328658.146641503}, "cmdq": 0, "read": {"device_start": -1, "device_end": -1}}, "FFC_sans_bias127": {"write": {"device_start": 1585660815.6309385, "host_queued_start": 1585660882.980908, "device_queued": 1585660815.573138, "device_end": 1585660815.6310408, "host_queued_end": 1585660883.033266}, "device": "gpu", "nd_range": {"device_start": 1585660815.631046, "device_end": 1585660815.6370032}, "cmdq": 0, "read": {"device_start": -1, "device_end": -1}}, "empty89": {"write": {"device_start": 1585660815.5660207, "host_queued_start": 1585660882.895493, "device_queued": 1585660815.5656307, "device_end": 1585660815.566271, "host_queued_end": 1585660883.033266}, "device": "gpu", "nd_range": {"device_start": 1585660815.566274, "device_end": 1585660815.5662804}, "cmdq": 1, "read": {"device_start": -1, "device_end": -1}}, "FFC_sans_bias123": {"write": {"device_start": -1, "host_queued_start": 1585660883.000065, "device_queued": -1, "device_end": -1, "host_queued_end": 1585660883.033266}, "device": "gpu", "nd_range": {"device_start": 1585660815.6876032, "device_end": 1585660815.6941926}, "cmdq": 1, "read": {"device_start": -1, "device_end": -1}}, "empty80": {"write": {"device_start": 1585660815.5656552, "host_queued_start": 1585660882.892025, "device_queued": 1585660815.565307, "device_end": 1585660815.5658395, "host_queued_end": 1585660883.033266}, "device": "gpu", "nd_range": {"device_start": 1585660815.565883, "device_end": 1585660815.5658896}, "cmdq": 0, "read": {"device_start": -1, "device_end": -1}}, "empty116": {"write": {"device_start": 1585660815.566991, "host_queued_start": 1585660882.903697, "device_queued": 1585660815.566604, "device_end": 1585660815.5672462, "host_queued_end": 1585660883.033266}, "device": "gpu", "nd_range": {"device_start": 1585660815.5672514, "device_end": 1585660815.5672565}, "cmdq": 0, "read": {"device_start": -1, "device_end": -1}}, "softmax104": {"write": {"device_start": -1, "host_queued_start": 1585660882.997086, "device_queued": -1, "device_end": -1, "host_queued_end": 1585660883.033266}, "device": "gpu", "nd_range": {"device_start": 1585660815.6734598, "device_end": 1585660815.6738737}, "cmdq": 1, "read": {"device_start": -1, "device_end": -1}}, "coalesced_transpose21": {"write": {"device_start": -1, "host_queued_start": 1585660883.140635, "device_queued": -1, "device_end": -1, "host_queued_end": 1585660883.183728}, "device": "cpu", "nd_range": {"device_start": 2328658.116786723, "device_end": 2328658.117647557}, "cmdq": 2, "read": {"device_start": -1, "device_end": -1}}, "softmax14": {"write": {"device_start": -1, "host_queued_start": 1585660883.149603, "device_queued": -1, "device_end": -1, "host_queued_end": 1585660883.183728}, "device": "cpu", "nd_range": {"device_start": 2328658.603750029, "device_end": 2328658.604513713}, "cmdq": 1, "read": {"device_start": -1, "device_end": -1}}, "FFC_sans_bias69": {"write": {"device_start": -1, "host_queued_start": 1585660883.157632, "device_queued": -1, "device_end": -1, "host_queued_end": 1585660883.183728}, "device": "cpu", "nd_range": {"device_start": 2328658.908269936, "device_end": 2328659.030534701}, "cmdq": 3, "read": {"device_start": -1, "device_end": -1}}, "FFC_sans_bias92": {"write": {"device_start": 1585660815.5916889, "host_queued_start": 1585660882.940966, "device_queued": 1585660815.570193, "device_end": 1585660815.591789, "host_queued_end": 1585660883.033266}, "device": "gpu", "nd_range": {"device_start": 1585660815.5918016, "device_end": 1585660815.5978422}, "cmdq": 0, "read": {"device_start": -1, "device_end": -1}}, "FFC_sans_bias60": {"write": {"device_start": -1, "host_queued_start": 1585660883.157037, "device_queued": -1, "device_end": -1, "host_queued_end": 1585660883.183728}, "device": "cpu", "nd_range": {"device_start": 2328658.4652848924, "device_end": 2328658.588451493}, "cmdq": 2, "read": {"device_start": -1, "device_end": -1}}, "FFC_sans_bias61": {"write": {"device_start": -1, "host_queued_start": 1585660883.1804, "device_queued": -1, "device_end": -1, "host_queued_end": 1585660883.183728}, "device": "cpu", "nd_range": {"device_start": 2328658.826622311, "device_end": 2328659.06891581}, "cmdq": 2, "read": {"device_start": -1, "device_end": -1}}, "FFC_sans_bias63": {"write": {"device_start": -1, "host_queued_start": 1585660883.139088, "device_queued": -1, "device_end": -1, "host_queued_end": 1585660883.183728}, "device": "cpu", "nd_range": {"device_start": 2328657.9846305083, "device_end": 2328658.107114151}, "cmdq": 3, "read": {"device_start": -1, "device_end": -1}}, "FFC_sans_bias64": {"write": {"device_start": -1, "host_queued_start": 1585660883.132935, "device_queued": -1, "device_end": -1, "host_queued_end": 1585660883.183728}, "device": "cpu", "nd_range": {"device_start": 2328658.2943084813, "device_end": 2328658.393991222}, "cmdq": 1, "read": {"device_start": -1, "device_end": -1}}, "FFC_sans_bias65": {"write": {"device_start": -1, "host_queued_start": 1585660883.136015, "device_queued": -1, "device_end": -1, "host_queued_end": 1585660883.183728}, "device": "cpu", "nd_range": {"device_start": 2328657.988441896, "device_end": 2328658.116769647}, "cmdq": 2, "read": {"device_start": -1, "device_end": -1}}, "FFC_sans_bias67": {"write": {"device_start": -1, "host_queued_start": 1585660883.148529, "device_queued": -1, "device_end": -1, "host_queued_end": 1585660883.183728}, "device": "cpu", "nd_range": {"device_start": 2328658.661018058, "device_end": 2328658.7840897143}, "cmdq": 3, "read": {"device_start": -1, "device_end": -1}}, "coalesced_transpose111": {"write": {"device_start": -1, "host_queued_start": 1585660882.99247, "device_queued": -1, "device_end": -1, "host_queued_end": 1585660883.033266}, "device": "gpu", "nd_range": {"device_start": 1585660815.6466615, "device_end": 1585660815.6466906}, "cmdq": 0, "read": {"device_start": -1, "device_end": -1}}, "FFC_sans_bias136": {"write": {"device_start": 1585660815.6341665, "host_queued_start": 1585660882.984281, "device_queued": 1585660815.5733786, "device_end": 1585660815.6342692, "host_queued_end": 1585660883.033266}, "device": "gpu", "nd_range": {"device_start": 1585660815.6342745, "device_end": 1585660815.6402786}, "cmdq": 1, "read": {"device_start": -1, "device_end": -1}}, "FFC_sans_bias135": {"write": {"device_start": 1585660815.6406906, "host_queued_start": 1585660882.990868, "device_queued": 1585660815.5738642, "device_end": 1585660815.6407967, "host_queued_end": 1585660883.033266}, "device": "gpu", "nd_range": {"device_start": 1585660815.6408014, "device_end": 1585660815.6468103}, "cmdq": 1, "read": {"device_start": -1, "device_end": -1}}, "FFC_sans_bias133": {"write": {"device_start": 1585660815.72305, "host_queued_start": 1585660883.029757, "device_queued": 1585660815.5801878, "device_end": 1585660815.7233455, "host_queued_end": 1585660883.033266}, "device": "gpu", "nd_range": {"device_start": 1585660815.7233505, "device_end": 1585660815.72671}, "cmdq": 0, "read": {"device_start": 1585660815.7267196, "device_end": 1585660815.726814}}, "FFC_sans_bias132": {"write": {"device_start": -1, "host_queued_start": 1585660883.000386, "device_queued": -1, "device_end": -1, "host_queued_end": 1585660883.033266}, "device": "gpu", "nd_range": {"device_start": 1585660815.6909137, "device_end": 1585660815.6974192}, "cmdq": 0, "read": {"device_start": -1, "device_end": -1}}, "softmax68": {"write": {"device_start": -1, "host_queued_start": 1585660883.152858, "device_queued": -1, "device_end": -1, "host_queued_end": 1585660883.183728}, "device": "cpu", "nd_range": {"device_start": 2328658.7848615563, "device_end": 2328658.78556527}, "cmdq": 3, "read": {"device_start": -1, "device_end": -1}}, "softmax131": {"write": {"device_start": -1, "host_queued_start": 1585660882.997859, "device_queued": -1, "device_end": -1, "host_queued_end": 1585660883.033266}, "device": "gpu", "nd_range": {"device_start": 1585660815.674035, "device_end": 1585660815.6744556}, "cmdq": 0, "read": {"device_start": -1, "device_end": -1}}, "empty125": {"write": {"device_start": 1585660815.5673053, "host_queued_start": 1585660882.90629, "device_queued": 1585660815.5669825, "device_end": 1585660815.567558, "host_queued_end": 1585660883.033266}, "device": "gpu", "nd_range": {"device_start": 1585660815.5675616, "device_end": 1585660815.567568}, "cmdq": 1, "read": {"device_start": -1, "device_end": -1}}, "FFC_sans_bias139": {"write": {"device_start": -1, "host_queued_start": 1585660882.996063, "device_queued": -1, "device_end": -1, "host_queued_end": 1585660883.033266}, "device": "gpu", "nd_range": {"device_start": 1585660815.6697001, "device_end": 1585660815.6730366}, "cmdq": 1, "read": {"device_start": -1, "device_end": -1}}, "empty35": {"write": {"device_start": -1, "host_queued_start": 1585660883.047421, "device_queued": -1, "device_end": -1, "host_queued_end": 1585660883.183728}, "device": "cpu", "nd_range": {"device_start": 2328657.3739465834, "device_end": 2328657.373950425}, "cmdq": 3, "read": {"device_start": -1, "device_end": -1}}, "softmax86": {"write": {"device_start": -1, "host_queued_start": 1585660882.996586, "device_queued": -1, "device_end": -1, "host_queued_end": 1585660883.033266}, "device": "gpu", "nd_range": {"device_start": 1585660815.6730392, "device_end": 1585660815.6734576}, "cmdq": 1, "read": {"device_start": -1, "device_end": -1}}, "FFC_sans_bias55": {"write": {"device_start": -1, "host_queued_start": 1585660883.129827, "device_queued": -1, "device_end": -1, "host_queued_end": 1585660883.183728}, "device": "cpu", "nd_range": {"device_start": 2328658.025152779, "device_end": 2328658.145541359}, "cmdq": 0, "read": {"device_start": -1, "device_end": -1}}, "FFC_sans_bias54": {"write": {"device_start": -1, "host_queued_start": 1585660883.12673, "device_queued": -1, "device_end": -1, "host_queued_end": 1585660883.183728}, "device": "cpu", "nd_range": {"device_start": 2328657.8627192043, "device_end": 2328657.984612956}, "cmdq": 3, "read": {"device_start": -1, "device_end": -1}}, "FFC_sans_bias56": {"write": {"device_start": -1, "host_queued_start": 1585660883.123668, "device_queued": -1, "device_end": -1, "host_queued_end": 1585660883.183728}, "device": "cpu", "nd_range": {"device_start": 2328657.8664797703, "device_end": 2328657.9884233703}, "cmdq": 2, "read": {"device_start": -1, "device_end": -1}}, "FFC_sans_bias51": {"write": {"device_start": -1, "host_queued_start": 1585660883.156443, "device_queued": -1, "device_end": -1, "host_queued_end": 1585660883.183728}, "device": "cpu", "nd_range": {"device_start": 2328658.728642823, "device_end": 2328658.935577236}, "cmdq": 1, "read": {"device_start": -1, "device_end": -1}}, "FFC_sans_bias52": {"write": {"device_start": -1, "host_queued_start": 1585660883.177169, "device_queued": -1, "device_end": -1, "host_queued_end": 1585660883.183728}, "device": "cpu", "nd_range": {"device_start": 2328659.0528561743, "device_end": 2328659.1403109613}, "cmdq": 1, "read": {"device_start": -1, "device_end": -1}}, "FFC_sans_bias58": {"write": {"device_start": -1, "host_queued_start": 1585660883.147939, "device_queued": -1, "device_end": -1, "host_queued_end": 1585660883.183728}, "device": "cpu", "nd_range": {"device_start": 2328658.232303644, "device_end": 2328658.333976909}, "cmdq": 2, "read": {"device_start": -1, "device_end": -1}}, "FFC_sans_bias108": {"write": {"device_start": 1585660815.6047926, "host_queued_start": 1585660882.954233, "device_queued": 1585660815.5710797, "device_end": 1585660815.6048956, "host_queued_end": 1585660883.033266}, "device": "gpu", "nd_range": {"device_start": 1585660815.6049001, "device_end": 1585660815.610927}, "cmdq": 0, "read": {"device_start": -1, "device_end": -1}}, "FFC_sans_bias109": {"write": {"device_start": 1585660815.6080503, "host_queued_start": 1585660882.95753, "device_queued": 1585660815.5713117, "device_end": 1585660815.6081543, "host_queued_end": 1585660883.033266}, "device": "gpu", "nd_range": {"device_start": 1585660815.608159, "device_end": 1585660815.6142104}, "cmdq": 1, "read": {"device_start": -1, "device_end": -1}}, "coalesced_transpose129": {"write": {"device_start": -1, "host_queued_start": 1585660882.993096, "device_queued": -1, "device_end": -1, "host_queued_end": 1585660883.033266}, "device": "gpu", "nd_range": {"device_start": 1585660815.6466928, "device_end": 1585660815.6467187}, "cmdq": 0, "read": {"device_start": -1, "device_end": -1}}, "FFC_sans_bias103": {"write": {"device_start": -1, "host_queued_start": 1585660882.994751, "device_queued": -1, "device_end": -1, "host_queued_end": 1585660883.033266}, "device": "gpu", "nd_range": {"device_start": 1585660815.6567745, "device_end": 1585660815.6631968}, "cmdq": 1, "read": {"device_start": -1, "device_end": -1}}, "FFC_sans_bias100": {"write": {"device_start": 1585660815.5982783, "host_queued_start": 1585660882.947639, "device_queued": 1585660815.5706334, "device_end": 1585660815.5983796, "host_queued_end": 1585660883.033266}, "device": "gpu", "nd_range": {"device_start": 1585660815.5983849, "device_end": 1585660815.6043692}, "cmdq": 0, "read": {"device_start": -1, "device_end": -1}}, "FFC_sans_bias101": {"write": {"device_start": 1585660815.6015317, "host_queued_start": 1585660882.950939, "device_queued": 1585660815.5708537, "device_end": 1585660815.6016343, "host_queued_end": 1585660883.033266}, "device": "gpu", "nd_range": {"device_start": 1585660815.6016414, "device_end": 1585660815.607634}, "cmdq": 1, "read": {"device_start": -1, "device_end": -1}}, "FFC_sans_bias106": {"write": {"device_start": 1585660815.7079463, "host_queued_start": 1585660883.018, "device_queued": 1585660815.5793068, "device_end": 1585660815.7080612, "host_queued_end": 1585660883.033266}, "device": "gpu", "nd_range": {"device_start": 1585660815.7080667, "device_end": 1585660815.7137117}, "cmdq": 1, "read": {"device_start": 1585660815.713721, "device_end": 1585660815.7138193}}, "softmax122": {"write": {"device_start": -1, "host_queued_start": 1585660882.997606, "device_queued": -1, "device_end": -1, "host_queued_end": 1585660883.033266}, "device": "gpu", "nd_range": {"device_start": 1585660815.673875, "device_end": 1585660815.6742997}, "cmdq": 1, "read": {"device_start": -1, "device_end": -1}}, "FFC_sans_bias105": {"write": {"device_start": -1, "host_queued_start": 1585660882.999424, "device_queued": -1, "device_end": -1, "host_queued_end": 1585660883.033266}, "device": "gpu", "nd_range": {"device_start": 1585660815.6811724, "device_end": 1585660815.6876016}, "cmdq": 1, "read": {"device_start": -1, "device_end": -1}}, "softmax95": {"write": {"device_start": -1, "host_queued_start": 1585660882.996838, "device_queued": -1, "device_end": -1, "host_queued_end": 1585660883.033266}, "device": "gpu", "nd_range": {"device_start": 1585660815.6704931, "device_end": 1585660815.6736052}, "cmdq": 0, "read": {"device_start": -1, "device_end": -1}}, "coalesced_transpose57": {"write": {"device_start": -1, "host_queued_start": 1585660883.143154, "device_queued": -1, "device_end": -1, "host_queued_end": 1585660883.183728}, "device": "cpu", "nd_range": {"device_start": 2328658.1462027063, "device_end": 2328658.147066891}, "cmdq": 2, "read": {"device_start": -1, "device_end": -1}}, "empty26": {"write": {"device_start": -1, "host_queued_start": 1585660883.044255, "device_queued": -1, "device_end": -1, "host_queued_end": 1585660883.183728}, "device": "cpu", "nd_range": {"device_start": 2328657.3733893293, "device_end": 2328657.373393712}, "cmdq": 2, "read": {"device_start": -1, "device_end": -1}}, "softmax113": {"write": {"device_start": -1, "host_queued_start": 1585660882.997345, "device_queued": -1, "device_end": -1, "host_queued_end": 1585660883.033266}, "device": "gpu", "nd_range": {"device_start": 1585660815.6736069, "device_end": 1585660815.6740332}, "cmdq": 0, "read": {"device_start": -1, "device_end": -1}}, "FFC_sans_bias11": {"write": {"device_start": -1, "host_queued_start": 1585660883.079314, "device_queued": -1, "device_end": -1, "host_queued_end": 1585660883.183728}, "device": "cpu", "nd_range": {"device_start": 2328657.605019138, "device_end": 2328657.847211099}, "cmdq": 1, "read": {"device_start": -1, "device_end": -1}}, "FFC_sans_bias42": {"write": {"device_start": -1, "host_queued_start": 1585660883.15585, "device_queued": -1, "device_end": -1, "host_queued_end": 1585660883.183728}, "device": "cpu", "nd_range": {"device_start": 2328658.5405686502, "device_end": 2328658.675166071}, "cmdq": 0, "read": {"device_start": -1, "device_end": -1}}, "FFC_sans_bias43": {"write": {"device_start": -1, "host_queued_start": 1585660883.173867, "device_queued": -1, "device_end": -1, "host_queued_end": 1585660883.183728}, "device": "cpu", "nd_range": {"device_start": 2328658.85021376, "device_end": 2328658.979669712}, "cmdq": 0, "read": {"device_start": -1, "device_end": -1}}, "FFC_sans_bias40": {"write": {"device_start": -1, "host_queued_start": 1585660883.146756, "device_queued": -1, "device_end": -1, "host_queued_end": 1585660883.183728}, "device": "cpu", "nd_range": {"device_start": 2328658.293425301, "device_end": 2328658.4070783174}, "cmdq": 0, "read": {"device_start": -1, "device_end": -1}}, "FFC_sans_bias46": {"write": {"device_start": -1, "host_queued_start": 1585660883.117487, "device_queued": -1, "device_end": -1, "host_queued_end": 1585660883.183728}, "device": "cpu", "nd_range": {"device_start": 2328657.8934717854, "device_end": 2328658.024907838}, "cmdq": 0, "read": {"device_start": -1, "device_end": -1}}, "FFC_sans_bias47": {"write": {"device_start": -1, "host_queued_start": 1585660883.120553, "device_queued": -1, "device_end": -1, "host_queued_end": 1585660883.183728}, "device": "cpu", "nd_range": {"device_start": 2328658.167795959, "device_end": 2328658.2942917934}, "cmdq": 1, "read": {"device_start": -1, "device_end": -1}}, "FFC_sans_bias45": {"write": {"device_start": -1, "host_queued_start": 1585660883.114426, "device_queued": -1, "device_end": -1, "host_queued_end": 1585660883.183728}, "device": "cpu", "nd_range": {"device_start": 2328657.7405424453, "device_end": 2328657.862701512}, "cmdq": 3, "read": {"device_start": -1, "device_end": -1}}, "FFC_sans_bias49": {"write": {"device_start": -1, "host_queued_start": 1585660883.147349, "device_queued": -1, "device_end": -1, "host_queued_end": 1585660883.183728}, "device": "cpu", "nd_range": {"device_start": 2328658.4802652583, "device_end": 2328658.6037306082}, "cmdq": 1, "read": {"device_start": -1, "device_end": -1}}, "softmax77": {"write": {"device_start": -1, "host_queued_start": 1585660882.996328, "device_queued": -1, "device_end": -1, "host_queued_end": 1585660883.033266}, "device": "gpu", "nd_range": {"device_start": 1585660815.6665041, "device_end": 1585660815.670491}, "cmdq": 0, "read": {"device_start": -1, "device_end": -1}}, "empty134": {"write": {"device_start": 1585660815.5676098, "host_queued_start": 1585660882.908934, "device_queued": 1585660815.5672693, "device_end": 1585660815.5678673, "host_queued_end": 1585660883.033266}, "device": "gpu", "nd_range": {"device_start": 1585660815.567878, "device_end": 1585660815.5678818}, "cmdq": 0, "read": {"device_start": -1, "device_end": -1}}, "coalesced_transpose138": {"write": {"device_start": -1, "host_queued_start": 1585660882.993417, "device_queued": -1, "device_end": -1, "host_queued_end": 1585660883.033266}, "device": "gpu", "nd_range": {"device_start": 1585660815.6500282, "device_end": 1585660815.6500587}, "cmdq": 1, "read": {"device_start": -1, "device_end": -1}}, "FFC_sans_bias119": {"write": {"device_start": 1585660815.6211119, "host_queued_start": 1585660882.97086, "device_queued": 1585660815.5724063, "device_end": 1585660815.621227, "host_queued_end": 1585660883.033266}, "device": "gpu", "nd_range": {"device_start": 1585660815.6212327, "device_end": 1585660815.6272836}, "cmdq": 1, "read": {"device_start": -1, "device_end": -1}}, "FFC_sans_bias118": {"write": {"device_start": 1585660815.617929, "host_queued_start": 1585660882.967557, "device_queued": 1585660815.5721076, "device_end": 1585660815.618035, "host_queued_end": 1585660883.033266}, "device": "gpu", "nd_range": {"device_start": 1585660815.6180391, "device_end": 1585660815.6239693}, "cmdq": 0, "read": {"device_start": -1, "device_end": -1}}, "empty143": {"write": {"device_start": 1585660815.567913, "host_queued_start": 1585660882.911549, "device_queued": 1585660815.567577, "device_end": 1585660815.5681639, "host_queued_end": 1585660883.033266}, "device": "gpu", "nd_range": {"device_start": 1585660815.5681727, "device_end": 1585660815.5681765}, "cmdq": 1, "read": {"device_start": -1, "device_end": -1}}, "FFC_sans_bias115": {"write": {"device_start": 1585660815.7111676, "host_queued_start": 1585660883.022233, "device_queued": 1585660815.5796242, "device_end": 1585660815.711266, "host_queued_end": 1585660883.033266}, "device": "gpu", "nd_range": {"device_start": 1585660815.711269, "device_end": 1585660815.7169683}, "cmdq": 0, "read": {"device_start": 1585660815.7169726, "device_end": 1585660815.7171009}}, "FFC_sans_bias114": {"write": {"device_start": -1, "host_queued_start": 1585660882.999746, "device_queued": -1, "device_end": -1, "host_queued_end": 1585660883.033266}, "device": "gpu", "nd_range": {"device_start": 1585660815.6844678, "device_end": 1585660815.6909122}, "cmdq": 0, "read": {"device_start": -1, "device_end": -1}}, "FFC_sans_bias117": {"write": {"device_start": 1585660815.6146412, "host_queued_start": 1585660882.964254, "device_queued": 1585660815.5718088, "device_end": 1585660815.614747, "host_queued_end": 1585660883.033266}, "device": "gpu", "nd_range": {"device_start": 1585660815.6147525, "device_end": 1585660815.6207068}, "cmdq": 1, "read": {"device_start": -1, "device_end": -1}}, "softmax5": {"write": {"device_start": -1, "host_queued_start": 1585660883.149066, "device_queued": -1, "device_end": -1, "host_queued_end": 1585660883.183728}, "device": "cpu", "nd_range": {"device_start": 2328658.4072681624, "device_end": 2328658.4079861073}, "cmdq": 0, "read": {"device_start": -1, "device_end": -1}}, "FFC_sans_bias110": {"write": {"device_start": 1585660815.6113436, "host_queued_start": 1585660882.960914, "device_queued": 1585660815.5715518, "device_end": 1585660815.6114466, "host_queued_end": 1585660883.033266}, "device": "gpu", "nd_range": {"device_start": 1585660815.6114523, "device_end": 1585660815.6174903}, "cmdq": 0, "read": {"device_start": -1, "device_end": -1}}, "FFC_sans_bias112": {"write": {"device_start": -1, "host_queued_start": 1585660882.995071, "device_queued": -1, "device_end": -1, "host_queued_end": 1585660883.033266}, "device": "gpu", "nd_range": {"device_start": 1585660815.6534345, "device_end": 1585660815.660088}, "cmdq": 0, "read": {"device_start": -1, "device_end": -1}}, "empty53": {"write": {"device_start": -1, "host_queued_start": 1585660883.053332, "device_queued": -1, "device_end": -1, "host_queued_end": 1585660883.183728}, "device": "cpu", "nd_range": {"device_start": 2328657.3733834913, "device_end": 2328657.373384479}, "cmdq": 1, "read": {"device_start": -1, "device_end": -1}}, "coalesced_transpose48": {"write": {"device_start": -1, "host_queued_start": 1585660883.142416, "device_queued": -1, "device_end": -1, "host_queued_end": 1585660883.183728}, "device": "cpu", "nd_range": {"device_start": 2328658.3949785423, "device_end": 2328658.395916662}, "cmdq": 1, "read": {"device_start": -1, "device_end": -1}}}