{"FFC_sans_bias4": {"write": {"device_start": -1, "host_queued_start": 1585661798.307183, "device_queued": -1, "device_end": -1, "host_queued_end": 1585661798.352856}, "device": "cpu", "nd_range": {"device_start": 2329573.844787709, "device_end": 2329574.0172709064}, "cmdq": 0, "read": {"device_start": -1, "device_end": -1}}, "FFC_sans_bias7": {"write": {"device_start": -1, "host_queued_start": 1585661798.327065, "device_queued": -1, "device_end": -1, "host_queued_end": 1585661798.352856}, "device": "cpu", "nd_range": {"device_start": 2329574.2511114343, "device_end": 2329574.373585978}, "cmdq": 2, "read": {"device_start": -1, "device_end": -1}}, "FFC_sans_bias6": {"write": {"device_start": -1, "host_queued_start": 1585661798.318474, "device_queued": -1, "device_end": -1, "host_queued_end": 1585661798.352856}, "device": "cpu", "nd_range": {"device_start": 2329574.069434698, "device_end": 2329574.2485878053}, "cmdq": 3, "read": {"device_start": -1, "device_end": -1}}, "FFC_sans_bias1": {"write": {"device_start": -1, "host_queued_start": 1585661798.212671, "device_queued": -1, "device_end": -1, "host_queued_end": 1585661798.352856}, "device": "cpu", "nd_range": {"device_start": 2329572.542522589, "device_end": 2329572.679514742}, "cmdq": 0, "read": {"device_start": -1, "device_end": -1}}, "FFC_sans_bias0": {"write": {"device_start": -1, "host_queued_start": 1585661798.208785, "device_queued": -1, "device_end": -1, "host_queued_end": 1585661798.352856}, "device": "cpu", "nd_range": {"device_start": 2329572.7871156433, "device_end": 2329572.910217475}, "cmdq": 4, "read": {"device_start": -1, "device_end": -1}}, "FFC_sans_bias2": {"write": {"device_start": -1, "host_queued_start": 1585661798.216369, "device_queued": -1, "device_end": -1, "host_queued_end": 1585661798.352856}, "device": "cpu", "nd_range": {"device_start": 2329572.542521365, "device_end": 2329572.665484258}, "cmdq": 1, "read": {"device_start": -1, "device_end": -1}}, "coalesced_transpose120": {"write": {"device_start": -1, "host_queued_start": 1585661798.144819, "device_queued": -1, "device_end": -1, "host_queued_end": 1585661798.176971}, "device": "gpu", "nd_range": {"device_start": 1585661730.7559245, "device_end": 1585661730.7560418}, "cmdq": 0, "read": {"device_start": -1, "device_end": -1}}, "FFC_sans_bias9": {"write": {"device_start": -1, "host_queued_start": 1585661798.220528, "device_queued": -1, "device_end": -1, "host_queued_end": 1585661798.352856}, "device": "cpu", "nd_range": {"device_start": 2329572.665563867, "device_end": 2329572.788671407}, "cmdq": 2, "read": {"device_start": -1, "device_end": -1}}, "empty71": {"write": {"device_start": -1, "host_queued_start": 1585661798.203084, "device_queued": -1, "device_end": -1, "host_queued_end": 1585661798.352856}, "device": "cpu", "nd_range": {"device_start": 2329572.665556741, "device_end": 2329572.665558016}, "cmdq": 2, "read": {"device_start": -1, "device_end": -1}}, "softmax41": {"write": {"device_start": -1, "host_queued_start": 1585661798.315566, "device_queued": -1, "device_end": -1, "host_queued_end": 1585661798.352856}, "device": "cpu", "nd_range": {"device_start": 2329574.0310428473, "device_end": 2329574.0317618083}, "cmdq": 3, "read": {"device_start": -1, "device_end": -1}}, "FFC_sans_bias37": {"write": {"device_start": -1, "host_queued_start": 1585661798.256659, "device_queued": -1, "device_end": -1, "host_queued_end": 1585661798.352856}, "device": "cpu", "nd_range": {"device_start": 2329572.911679842, "device_end": 2329573.034566839}, "cmdq": 2, "read": {"device_start": -1, "device_end": -1}}, "FFC_sans_bias36": {"write": {"device_start": -1, "host_queued_start": 1585661798.253371, "device_queued": -1, "device_end": -1, "host_queued_end": 1585661798.352856}, "device": "cpu", "nd_range": {"device_start": 2329573.493969447, "device_end": 2329573.634777793}, "cmdq": 1, "read": {"device_start": -1, "device_end": -1}}, "FFC_sans_bias34": {"write": {"device_start": -1, "host_queued_start": 1585661798.336689, "device_queued": -1, "device_end": -1, "host_queued_end": 1585661798.352856}, "device": "cpu", "nd_range": {"device_start": 2329574.5425541, "device_end": 2329574.6423651343}, "cmdq": 0, "read": {"device_start": -1, "device_end": -1}}, "FFC_sans_bias33": {"write": {"device_start": -1, "host_queued_start": 1585661798.320498, "device_queued": -1, "device_end": -1, "host_queued_end": 1585661798.352856}, "device": "cpu", "nd_range": {"device_start": 2329574.070990519, "device_end": 2329574.205602712}, "cmdq": 1, "read": {"device_start": -1, "device_end": -1}}, "FFC_sans_bias31": {"write": {"device_start": -1, "host_queued_start": 1585661798.309018, "device_queued": -1, "device_end": -1, "host_queued_end": 1585661798.352856}, "device": "cpu", "nd_range": {"device_start": 2329573.683033104, "device_end": 2329573.806011339}, "cmdq": 3, "read": {"device_start": -1, "device_end": -1}}, "FFC_sans_bias38": {"write": {"device_start": -1, "host_queued_start": 1585661798.259947, "device_queued": -1, "device_end": -1, "host_queued_end": 1585661798.352856}, "device": "cpu", "nd_range": {"device_start": 2329573.3111791713, "device_end": 2329573.4344876492}, "cmdq": 3, "read": {"device_start": -1, "device_end": -1}}, "coalesced_transpose75": {"write": {"device_start": -1, "host_queued_start": 1585661798.306541, "device_queued": -1, "device_end": -1, "host_queued_end": 1585661798.352856}, "device": "cpu", "nd_range": {"device_start": 2329573.525135918, "device_end": 2329573.5259832563}, "cmdq": 4, "read": {"device_start": -1, "device_end": -1}}, "softmax140": {"write": {"device_start": -1, "host_queued_start": 1585661798.149626, "device_queued": -1, "device_end": -1, "host_queued_end": 1585661798.176971}, "device": "gpu", "nd_range": {"device_start": 1585661730.7804275, "device_end": 1585661730.78116}, "cmdq": 0, "read": {"device_start": -1, "device_end": -1}}, "empty44": {"write": {"device_start": -1, "host_queued_start": 1585661798.194254, "device_queued": -1, "device_end": -1, "host_queued_end": 1585661798.352856}, "device": "cpu", "nd_range": {"device_start": 2329572.7871003742, "device_end": 2329572.7871040753}, "cmdq": 4, "read": {"device_start": -1, "device_end": -1}}, "FFC_sans_bias137": {"write": {"device_start": 1585661730.7402258, "host_queued_start": 1585661798.139439, "device_queued": 1585661730.6925786, "device_end": 1585661730.7403288, "host_queued_end": 1585661798.176971}, "device": "gpu", "nd_range": {"device_start": 1585661730.740344, "device_end": 1585661730.7529025}, "cmdq": 2, "read": {"device_start": -1, "device_end": -1}}, "empty8": {"write": {"device_start": -1, "host_queued_start": 1585661798.181873, "device_queued": -1, "device_end": -1, "host_queued_end": 1585661798.352856}, "device": "cpu", "nd_range": {"device_start": 2329572.542489219, "device_end": 2329572.542494894}, "cmdq": 0, "read": {"device_start": -1, "device_end": -1}}, "softmax50": {"write": {"device_start": -1, "host_queued_start": 1585661798.316263, "device_queued": -1, "device_end": -1, "host_queued_end": 1585661798.352856}, "device": "cpu", "nd_range": {"device_start": 2329574.2486041263, "device_end": 2329574.249312547}, "cmdq": 4, "read": {"device_start": -1, "device_end": -1}}, "softmax59": {"write": {"device_start": -1, "host_queued_start": 1585661798.316787, "device_queued": -1, "device_end": -1, "host_queued_end": 1585661798.352856}, "device": "cpu", "nd_range": {"device_start": 2329574.15434107, "device_end": 2329574.155051894}, "cmdq": 0, "read": {"device_start": -1, "device_end": -1}}, "FFC_sans_bias142": {"write": {"device_start": 1585661730.8173776, "host_queued_start": 1585661798.176861, "device_queued": 1585661730.6985872, "device_end": 1585661730.8174818, "host_queued_end": 1585661798.176971}, "device": "gpu", "nd_range": {"device_start": 1585661730.8174953, "device_end": 1585661730.8261423}, "cmdq": 2, "read": {"device_start": 1585661730.8261456, "device_end": 1585661730.8262737}}, "FFC_sans_bias141": {"write": {"device_start": -1, "host_queued_start": 1585661798.152021, "device_queued": -1, "device_end": -1, "host_queued_end": 1585661798.176971}, "device": "gpu", "nd_range": {"device_start": 1585661730.7838461, "device_end": 1585661730.7968922}, "cmdq": 3, "read": {"device_start": -1, "device_end": -1}}, "FFC_sans_bias24": {"write": {"device_start": -1, "host_queued_start": 1585661798.319907, "device_queued": -1, "device_end": -1, "host_queued_end": 1585661798.352856}, "device": "cpu", "nd_range": {"device_start": 2329574.155205035, "device_end": 2329574.4070187854}, "cmdq": 0, "read": {"device_start": -1, "device_end": -1}}, "FFC_sans_bias25": {"write": {"device_start": -1, "host_queued_start": 1585661798.333478, "device_queued": -1, "device_end": -1, "host_queued_end": 1585661798.352856}, "device": "cpu", "nd_range": {"device_start": 2329574.6319092633, "device_end": 2329574.756571364}, "cmdq": 4, "read": {"device_start": -1, "device_end": -1}}, "FFC_sans_bias27": {"write": {"device_start": -1, "host_queued_start": 1585661798.242728, "device_queued": -1, "device_end": -1, "host_queued_end": 1585661798.352856}, "device": "cpu", "nd_range": {"device_start": 2329572.6655290723, "device_end": 2329572.787086085}, "cmdq": 3, "read": {"device_start": -1, "device_end": -1}}, "FFC_sans_bias20": {"write": {"device_start": -1, "host_queued_start": 1585661798.239148, "device_queued": -1, "device_end": -1, "host_queued_end": 1585661798.352856}, "device": "cpu", "nd_range": {"device_start": 2329572.788684771, "device_end": 2329572.911515003}, "cmdq": 2, "read": {"device_start": -1, "device_end": -1}}, "FFC_sans_bias22": {"write": {"device_start": -1, "host_queued_start": 1585661798.308422, "device_queued": -1, "device_end": -1, "host_queued_end": 1585661798.352856}, "device": "cpu", "nd_range": {"device_start": 2329573.7025541733, "device_end": 2329573.825291567}, "cmdq": 2, "read": {"device_start": -1, "device_end": -1}}, "FFC_sans_bias130": {"write": {"device_start": -1, "host_queued_start": 1585661798.147488, "device_queued": -1, "device_end": -1, "host_queued_end": 1585661798.176971}, "device": "gpu", "nd_range": {"device_start": 1585661730.7595496, "device_end": 1585661730.7726188}, "cmdq": 0, "read": {"device_start": -1, "device_end": -1}}, "FFC_sans_bias28": {"write": {"device_start": -1, "host_queued_start": 1585661798.246219, "device_queued": -1, "device_end": -1, "host_queued_end": 1585661798.352856}, "device": "cpu", "nd_range": {"device_start": 2329573.032617129, "device_end": 2329573.1543741673}, "cmdq": 4, "read": {"device_start": -1, "device_end": -1}}, "FFC_sans_bias29": {"write": {"device_start": -1, "host_queued_start": 1585661798.249895, "device_queued": -1, "device_end": -1, "host_queued_end": 1585661798.352856}, "device": "cpu", "nd_range": {"device_start": 2329572.817507339, "device_end": 2329572.95175924}, "cmdq": 0, "read": {"device_start": -1, "device_end": -1}}, "coalesced_transpose66": {"write": {"device_start": -1, "host_queued_start": 1585661798.305808, "device_queued": -1, "device_end": -1, "host_queued_end": 1585661798.352856}, "device": "cpu", "nd_range": {"device_start": 2329573.682043122, "device_end": 2329573.6828991873}, "cmdq": 3, "read": {"device_start": -1, "device_end": -1}}, "coalesced_transpose93": {"write": {"device_start": -1, "host_queued_start": 1585661798.143831, "device_queued": -1, "device_end": -1, "host_queued_end": 1585661798.176971}, "device": "gpu", "nd_range": {"device_start": 1585661730.7496705, "device_end": 1585661730.7559824}, "cmdq": 1, "read": {"device_start": -1, "device_end": -1}}, "softmax23": {"write": {"device_start": -1, "host_queued_start": 1585661798.314438, "device_queued": -1, "device_end": -1, "host_queued_end": 1585661798.352856}, "device": "cpu", "nd_range": {"device_start": 2329574.069054717, "device_end": 2329574.0698296824}, "cmdq": 1, "read": {"device_start": -1, "device_end": -1}}, "empty62": {"write": {"device_start": -1, "host_queued_start": 1585661798.200249, "device_queued": -1, "device_end": -1, "host_queued_end": 1585661798.352856}, "device": "cpu", "nd_range": {"device_start": 2329572.542514468, "device_end": 2329572.5425153063}, "cmdq": 1, "read": {"device_start": -1, "device_end": -1}}, "FFC_sans_bias10": {"write": {"device_start": -1, "host_queued_start": 1585661798.224122, "device_queued": -1, "device_end": -1, "host_queued_end": 1585661798.352856}, "device": "cpu", "nd_range": {"device_start": 2329572.5425214493, "device_end": 2329572.6655137474}, "cmdq": 3, "read": {"device_start": -1, "device_end": -1}}, "FFC_sans_bias13": {"write": {"device_start": -1, "host_queued_start": 1585661798.307827, "device_queued": -1, "device_end": -1, "host_queued_end": 1585661798.352856}, "device": "cpu", "nd_range": {"device_start": 2329573.846284462, "device_end": 2329573.9708985463}, "cmdq": 1, "read": {"device_start": -1, "device_end": -1}}, "FFC_sans_bias15": {"write": {"device_start": -1, "host_queued_start": 1585661798.319292, "device_queued": -1, "device_end": -1, "host_queued_end": 1585661798.352856}, "device": "cpu", "nd_range": {"device_start": 2329574.2493274803, "device_end": 2329574.4852214754}, "cmdq": 4, "read": {"device_start": -1, "device_end": -1}}, "FFC_sans_bias16": {"write": {"device_start": -1, "host_queued_start": 1585661798.330236, "device_queued": -1, "device_end": -1, "host_queued_end": 1585661798.352856}, "device": "cpu", "nd_range": {"device_start": 2329574.50043569, "device_end": 2329574.623506849}, "cmdq": 3, "read": {"device_start": -1, "device_end": -1}}, "FFC_sans_bias19": {"write": {"device_start": -1, "host_queued_start": 1585661798.235295, "device_queued": -1, "device_end": -1, "host_queued_end": 1585661798.352856}, "device": "cpu", "nd_range": {"device_start": 2329573.357583377, "device_end": 2329573.493738425}, "cmdq": 1, "read": {"device_start": -1, "device_end": -1}}, "FFC_sans_bias18": {"write": {"device_start": -1, "host_queued_start": 1585661798.231518, "device_queued": -1, "device_end": -1, "host_queued_end": 1585661798.352856}, "device": "cpu", "nd_range": {"device_start": 2329572.67972321, "device_end": 2329572.8172911783}, "cmdq": 0, "read": {"device_start": -1, "device_end": -1}}, "FFC_sans_bias99": {"write": {"device_start": 1585661730.6978967, "host_queued_start": 1585661798.092823, "device_queued": 1585661730.689237, "device_end": 1585661730.6980097, "host_queued_end": 1585661798.176971}, "device": "gpu", "nd_range": {"device_start": 1585661730.6980164, "device_end": 1585661730.7105508}, "cmdq": 1, "read": {"device_start": -1, "device_end": -1}}, "FFC_sans_bias91": {"write": {"device_start": 1585661730.69132, "host_queued_start": 1585661798.085666, "device_queued": 1585661730.6882577, "device_end": 1585661730.6914208, "host_queued_end": 1585661798.176971}, "device": "gpu", "nd_range": {"device_start": 1585661730.6914246, "device_end": 1585661730.7040236}, "cmdq": 3, "read": {"device_start": -1, "device_end": -1}}, "FFC_sans_bias90": {"write": {"device_start": 1585661730.6886497, "host_queued_start": 1585661798.082224, "device_queued": 1585661730.6881235, "device_end": 1585661730.6887758, "host_queued_end": 1585661798.176971}, "device": "gpu", "nd_range": {"device_start": 1585661730.6888044, "device_end": 1585661730.7007182}, "cmdq": 2, "read": {"device_start": -1, "device_end": -1}}, "coalesced_transpose12": {"write": {"device_start": -1, "host_queued_start": 1585661798.301969, "device_queued": -1, "device_end": -1, "host_queued_end": 1585661798.352856}, "device": "cpu", "nd_range": {"device_start": 2329573.3100713682, "device_end": 2329573.3110065702}, "cmdq": 2, "read": {"device_start": -1, "device_end": -1}}, "FFC_sans_bias94": {"write": {"device_start": -1, "host_queued_start": 1585661798.146185, "device_queued": -1, "device_end": -1, "host_queued_end": 1585661798.176971}, "device": "gpu", "nd_range": {"device_start": 1585661730.7561674, "device_end": 1585661730.7595375}, "cmdq": 0, "read": {"device_start": -1, "device_end": -1}}, "FFC_sans_bias97": {"write": {"device_start": 1585661730.8005834, "host_queued_start": 1585661798.15919, "device_queued": 1585661730.6971831, "device_end": 1585661730.8007267, "host_queued_end": 1585661798.176971}, "device": "gpu", "nd_range": {"device_start": 1585661730.8007429, "device_end": 1585661730.8099313}, "cmdq": 1, "read": {"device_start": 1585661730.8099344, "device_end": 1585661730.810045}}, "FFC_sans_bias96": {"write": {"device_start": -1, "host_queued_start": 1585661798.150337, "device_queued": -1, "device_end": -1, "host_queued_end": 1585661798.176971}, "device": "gpu", "nd_range": {"device_start": 1585661730.7811897, "device_end": 1585661730.7936246}, "cmdq": 2, "read": {"device_start": -1, "device_end": -1}}, "FFC_sans_bias124": {"write": {"device_start": 1585661730.807478, "host_queued_start": 1585661798.1698, "device_queued": 1585661730.698217, "device_end": 1585661730.8075764, "host_queued_end": 1585661798.176971}, "device": "gpu", "nd_range": {"device_start": 1585661730.8075945, "device_end": 1585661730.8196867}, "cmdq": 0, "read": {"device_start": 1585661730.819693, "device_end": 1585661730.8197985}}, "FFC_sans_bias126": {"write": {"device_start": 1585661730.730517, "host_queued_start": 1585661798.128426, "device_queued": 1585661730.6917062, "device_end": 1585661730.730611, "host_queued_end": 1585661798.176971}, "device": "gpu", "nd_range": {"device_start": 1585661730.7306166, "device_end": 1585661730.7431316}, "cmdq": 3, "read": {"device_start": -1, "device_end": -1}}, "softmax32": {"write": {"device_start": -1, "host_queued_start": 1585661798.314983, "device_queued": -1, "device_end": -1, "host_queued_end": 1585661798.352856}, "device": "cpu", "nd_range": {"device_start": 2329573.948922065, "device_end": 2329573.949666879}, "cmdq": 2, "read": {"device_start": -1, "device_end": -1}}, "coalesced_transpose84": {"write": {"device_start": -1, "host_queued_start": 1585661798.143519, "device_queued": -1, "device_end": -1, "host_queued_end": 1585661798.176971}, "device": "gpu", "nd_range": {"device_start": 1585661730.7464018, "device_end": 1585661730.7559233}, "cmdq": 0, "read": {"device_start": -1, "device_end": -1}}, "FFC_sans_bias121": {"write": {"device_start": -1, "host_queued_start": 1585661798.147172, "device_queued": -1, "device_end": -1, "host_queued_end": 1585661798.176971}, "device": "gpu", "nd_range": {"device_start": 1585661730.7661314, "device_end": 1585661730.7790952}, "cmdq": 3, "read": {"device_start": -1, "device_end": -1}}, "empty98": {"write": {"device_start": 1585661730.6855855, "host_queued_start": 1585661798.054152, "device_queued": 1585661730.6851442, "device_end": 1585661730.6858716, "host_queued_end": 1585661798.176971}, "device": "gpu", "nd_range": {"device_start": 1585661730.6859512, "device_end": 1585661730.6859913}, "cmdq": 1, "read": {"device_start": -1, "device_end": -1}}, "empty107": {"write": {"device_start": 1585661730.685932, "host_queued_start": 1585661798.057418, "device_queued": 1585661730.685501, "device_end": 1585661730.68624, "host_queued_end": 1585661798.176971}, "device": "gpu", "nd_range": {"device_start": 1585661730.6862516, "device_end": 1585661730.6862555}, "cmdq": 2, "read": {"device_start": -1, "device_end": -1}}, "empty17": {"write": {"device_start": -1, "host_queued_start": 1585661798.185043, "device_queued": -1, "device_end": -1, "host_queued_end": 1585661798.352856}, "device": "cpu", "nd_range": {"device_start": 2329572.5424845642, "device_end": 2329572.542493029}, "cmdq": 1, "read": {"device_start": -1, "device_end": -1}}, "FFC_sans_bias87": {"write": {"device_start": -1, "host_queued_start": 1585661798.15002, "device_queued": -1, "device_end": -1, "host_queued_end": 1585661798.176971}, "device": "gpu", "nd_range": {"device_start": 1585661730.7804708, "device_end": 1585661730.7871308}, "cmdq": 1, "read": {"device_start": -1, "device_end": -1}}, "FFC_sans_bias85": {"write": {"device_start": -1, "host_queued_start": 1585661798.145868, "device_queued": -1, "device_end": -1, "host_queued_end": 1585661798.176971}, "device": "gpu", "nd_range": {"device_start": 1585661730.756201, "device_end": 1585661730.76612}, "cmdq": 3, "read": {"device_start": -1, "device_end": -1}}, "FFC_sans_bias82": {"write": {"device_start": 1585661730.6878839, "host_queued_start": 1585661798.075119, "device_queued": 1585661730.687627, "device_end": 1585661730.6879797, "host_queued_end": 1585661798.176971}, "device": "gpu", "nd_range": {"device_start": 1585661730.6879818, "device_end": 1585661730.694265}, "cmdq": 0, "read": {"device_start": -1, "device_end": -1}}, "FFC_sans_bias83": {"write": {"device_start": 1585661730.6882749, "host_queued_start": 1585661798.07881, "device_queued": 1585661730.6879892, "device_end": 1585661730.6885457, "host_queued_end": 1585661798.176971}, "device": "gpu", "nd_range": {"device_start": 1585661730.6885846, "device_end": 1585661730.6975465}, "cmdq": 1, "read": {"device_start": -1, "device_end": -1}}, "FFC_sans_bias81": {"write": {"device_start": 1585661730.687491, "host_queued_start": 1585661798.071517, "device_queued": 1585661730.6870413, "device_end": 1585661730.6875885, "host_queued_end": 1585661798.176971}, "device": "gpu", "nd_range": {"device_start": 1585661730.6875968, "device_end": 1585661730.690952}, "cmdq": 3, "read": {"device_start": -1, "device_end": -1}}, "FFC_sans_bias88": {"write": {"device_start": 1585661730.7908647, "host_queued_start": 1585661798.155567, "device_queued": 1585661730.6969109, "device_end": 1585661730.790968, "host_queued_end": 1585661798.176971}, "device": "gpu", "nd_range": {"device_start": 1585661730.7909918, "device_end": 1585661730.8034284}, "cmdq": 0, "read": {"device_start": 1585661730.8034334, "device_end": 1585661730.8035483}}, "coalesced_transpose30": {"write": {"device_start": -1, "host_queued_start": 1585661798.303389, "device_queued": -1, "device_end": -1, "host_queued_end": 1585661798.352856}, "device": "cpu", "nd_range": {"device_start": 2329573.524265915, "device_end": 2329573.525126851}, "cmdq": 4, "read": {"device_start": -1, "device_end": -1}}, "FFC_sans_bias128": {"write": {"device_start": 1585661730.7273352, "host_queued_start": 1585661798.124826, "device_queued": 1585661730.69158, "device_end": 1585661730.7274358, "host_queued_end": 1585661798.176971}, "device": "gpu", "nd_range": {"device_start": 1585661730.7274423, "device_end": 1585661730.7398422}, "cmdq": 2, "read": {"device_start": -1, "device_end": -1}}, "coalesced_transpose39": {"write": {"device_start": -1, "host_queued_start": 1585661798.303995, "device_queued": -1, "device_end": -1, "host_queued_end": 1585661798.352856}, "device": "cpu", "nd_range": {"device_start": 2329573.3566048373, "device_end": 2329573.357572629}, "cmdq": 0, "read": {"device_start": -1, "device_end": -1}}, "FFC_sans_bias79": {"write": {"device_start": -1, "host_queued_start": 1585661798.352802, "device_queued": -1, "device_end": -1, "host_queued_end": 1585661798.352856}, "device": "cpu", "nd_range": {"device_start": 2329574.6423733393, "device_end": 2329574.730686128}, "cmdq": 0, "read": {"device_start": -1, "device_end": -1}}, "FFC_sans_bias78": {"write": {"device_start": -1, "host_queued_start": 1585661798.323656, "device_queued": -1, "device_end": -1, "host_queued_end": 1585661798.352856}, "device": "cpu", "nd_range": {"device_start": 2329574.2056275723, "device_end": 2329574.3393779653}, "cmdq": 1, "read": {"device_start": -1, "device_end": -1}}, "FFC_sans_bias73": {"write": {"device_start": -1, "host_queued_start": 1585661798.297505, "device_queued": -1, "device_end": -1, "host_queued_end": 1585661798.352856}, "device": "cpu", "nd_range": {"device_start": 2329573.401691187, "device_end": 2329573.524253035}, "cmdq": 4, "read": {"device_start": -1, "device_end": -1}}, "FFC_sans_bias72": {"write": {"device_start": -1, "host_queued_start": 1585661798.294144, "device_queued": -1, "device_end": -1, "host_queued_end": 1585661798.352856}, "device": "cpu", "nd_range": {"device_start": 2329573.5577262593, "device_end": 2329573.6807699613}, "cmdq": 3, "read": {"device_start": -1, "device_end": -1}}, "FFC_sans_bias70": {"write": {"device_start": -1, "host_queued_start": 1585661798.349486, "device_queued": -1, "device_end": -1, "host_queued_end": 1585661798.352856}, "device": "cpu", "nd_range": {"device_start": 2329574.7565795663, "device_end": 2329574.792672752}, "cmdq": 4, "read": {"device_start": -1, "device_end": -1}}, "FFC_sans_bias76": {"write": {"device_start": -1, "host_queued_start": 1585661798.312739, "device_queued": -1, "device_end": -1, "host_queued_end": 1585661798.352856}, "device": "cpu", "nd_range": {"device_start": 2329573.8062413703, "device_end": 2329574.030856138}, "cmdq": 3, "read": {"device_start": -1, "device_end": -1}}, "FFC_sans_bias74": {"write": {"device_start": -1, "host_queued_start": 1585661798.300944, "device_queued": -1, "device_end": -1, "host_queued_end": 1585661798.352856}, "device": "cpu", "nd_range": {"device_start": 2329573.221255003, "device_end": 2329573.3565826663}, "cmdq": 0, "read": {"device_start": -1, "device_end": -1}}, "coalesced_transpose102": {"write": {"device_start": -1, "host_queued_start": 1585661798.144136, "device_queued": -1, "device_end": -1, "host_queued_end": 1585661798.176971}, "device": "gpu", "nd_range": {"device_start": 1585661730.7529042, "device_end": 1585661730.75601}, "cmdq": 2, "read": {"device_start": -1, "device_end": -1}}, "coalesced_transpose3": {"write": {"device_start": -1, "host_queued_start": 1585661798.301311, "device_queued": -1, "device_end": -1, "host_queued_end": 1585661798.352856}, "device": "cpu", "nd_range": {"device_start": 2329573.8436262663, "device_end": 2329573.8445864473}, "cmdq": 1, "read": {"device_start": -1, "device_end": -1}}, "FFC_sans_bias127": {"write": {"device_start": 1585661730.733746, "host_queued_start": 1585661798.131994, "device_queued": 1585661730.6921613, "device_end": 1585661730.7338421, "host_queued_end": 1585661798.176971}, "device": "gpu", "nd_range": {"device_start": 1585661730.7338486, "device_end": 1585661730.7463999}, "cmdq": 0, "read": {"device_start": -1, "device_end": -1}}, "empty89": {"write": {"device_start": 1585661730.6852343, "host_queued_start": 1585661798.050725, "device_queued": 1585661730.6848943, "device_end": 1585661730.6854901, "host_queued_end": 1585661798.176971}, "device": "gpu", "nd_range": {"device_start": 1585661730.6854959, "device_end": 1585661730.6855006}, "cmdq": 0, "read": {"device_start": -1, "device_end": -1}}, "FFC_sans_bias123": {"write": {"device_start": -1, "host_queued_start": 1585661798.151311, "device_queued": -1, "device_end": -1, "host_queued_end": 1585661798.176971}, "device": "gpu", "nd_range": {"device_start": 1585661730.787142, "device_end": 1585661730.8001792}, "cmdq": 1, "read": {"device_start": -1, "device_end": -1}}, "empty80": {"write": {"device_start": -1, "host_queued_start": 1585661798.205804, "device_queued": -1, "device_end": -1, "host_queued_end": 1585661798.352856}, "device": "cpu", "nd_range": {"device_start": 2329572.542514489, "device_end": 2329572.5425155163}, "cmdq": 3, "read": {"device_start": -1, "device_end": -1}}, "empty116": {"write": {"device_start": 1585661730.686258, "host_queued_start": 1585661798.060376, "device_queued": 1585661730.6858826, "device_end": 1585661730.686547, "host_queued_end": 1585661798.176971}, "device": "gpu", "nd_range": {"device_start": 1585661730.6865528, "device_end": 1585661730.6865573}, "cmdq": 3, "read": {"device_start": -1, "device_end": -1}}, "softmax104": {"write": {"device_start": -1, "host_queued_start": 1585661798.14863, "device_queued": -1, "device_end": -1, "host_queued_end": 1585661798.176971}, "device": "gpu", "nd_range": {"device_start": 1585661730.7726305, "device_end": 1585661730.7804167}, "cmdq": 0, "read": {"device_start": -1, "device_end": -1}}, "coalesced_transpose21": {"write": {"device_start": -1, "host_queued_start": 1585661798.302568, "device_queued": -1, "device_end": -1, "host_queued_end": 1585661798.352856}, "device": "cpu", "nd_range": {"device_start": 2329573.6809556424, "device_end": 2329573.6818805663}, "cmdq": 3, "read": {"device_start": -1, "device_end": -1}}, "softmax14": {"write": {"device_start": -1, "host_queued_start": 1585661798.313826, "device_queued": -1, "device_end": -1, "host_queued_end": 1585661798.352856}, "device": "cpu", "nd_range": {"device_start": 2329574.153442184, "device_end": 2329574.154166688}, "cmdq": 0, "read": {"device_start": -1, "device_end": -1}}, "FFC_sans_bias69": {"write": {"device_start": -1, "host_queued_start": 1585661798.322964, "device_queued": -1, "device_end": -1, "host_queued_end": 1585661798.352856}, "device": "cpu", "nd_range": {"device_start": 2329574.407035903, "device_end": 2329574.542529317}, "cmdq": 0, "read": {"device_start": -1, "device_end": -1}}, "FFC_sans_bias92": {"write": {"device_start": 1585661730.6947663, "host_queued_start": 1585661798.089197, "device_queued": 1585661730.6890068, "device_end": 1585661730.6948674, "host_queued_end": 1585661798.176971}, "device": "gpu", "nd_range": {"device_start": 1585661730.6948717, "device_end": 1585661730.707283}, "cmdq": 0, "read": {"device_start": -1, "device_end": -1}}, "FFC_sans_bias60": {"write": {"device_start": -1, "host_queued_start": 1585661798.322353, "device_queued": -1, "device_end": -1, "host_queued_end": 1585661798.352856}, "device": "cpu", "nd_range": {"device_start": 2329574.485246517, "device_end": 2329574.63188077}, "cmdq": 4, "read": {"device_start": -1, "device_end": -1}}, "FFC_sans_bias61": {"write": {"device_start": -1, "host_queued_start": 1585661798.346222, "device_queued": -1, "device_end": -1, "host_queued_end": 1585661798.352856}, "device": "cpu", "nd_range": {"device_start": 2329574.6392238713, "device_end": 2329574.758023524}, "cmdq": 3, "read": {"device_start": -1, "device_end": -1}}, "FFC_sans_bias63": {"write": {"device_start": -1, "host_queued_start": 1585661798.290275, "device_queued": -1, "device_end": -1, "host_queued_end": 1585661798.352856}, "device": "cpu", "nd_range": {"device_start": 2329573.157690702, "device_end": 2329573.3098500483}, "cmdq": 2, "read": {"device_start": -1, "device_end": -1}}, "FFC_sans_bias64": {"write": {"device_start": -1, "host_queued_start": 1585661798.283245, "device_queued": -1, "device_end": -1, "host_queued_end": 1585661798.352856}, "device": "cpu", "nd_range": {"device_start": 2329573.086600042, "device_end": 2329573.2212079843}, "cmdq": 0, "read": {"device_start": -1, "device_end": -1}}, "FFC_sans_bias65": {"write": {"device_start": -1, "host_queued_start": 1585661798.286808, "device_queued": -1, "device_end": -1, "host_queued_end": 1585661798.352856}, "device": "cpu", "nd_range": {"device_start": 2329573.709964686, "device_end": 2329573.843607239}, "cmdq": 1, "read": {"device_start": -1, "device_end": -1}}, "FFC_sans_bias67": {"write": {"device_start": -1, "host_queued_start": 1585661798.312041, "device_queued": -1, "device_end": -1, "host_queued_end": 1585661798.352856}, "device": "cpu", "nd_range": {"device_start": 2329573.825310461, "device_end": 2329573.948674277}, "cmdq": 2, "read": {"device_start": -1, "device_end": -1}}, "coalesced_transpose111": {"write": {"device_start": -1, "host_queued_start": 1585661798.144498, "device_queued": -1, "device_end": -1, "host_queued_end": 1585661798.176971}, "device": "gpu", "nd_range": {"device_start": 1585661730.756152, "device_end": 1585661730.7561877}, "cmdq": 3, "read": {"device_start": -1, "device_end": -1}}, "FFC_sans_bias136": {"write": {"device_start": 1585661730.7370226, "host_queued_start": 1585661798.135824, "device_queued": 1585661730.6924062, "device_end": 1585661730.737125, "host_queued_end": 1585661798.176971}, "device": "gpu", "nd_range": {"device_start": 1585661730.737137, "device_end": 1585661730.7496684}, "cmdq": 1, "read": {"device_start": -1, "device_end": -1}}, "FFC_sans_bias135": {"write": {"device_start": 1585661730.7435148, "host_queued_start": 1585661798.143121, "device_queued": 1585661730.6927233, "device_end": 1585661730.7436163, "host_queued_end": 1585661798.176971}, "device": "gpu", "nd_range": {"device_start": 1585661730.7436237, "device_end": 1585661730.7561429}, "cmdq": 3, "read": {"device_start": -1, "device_end": -1}}, "FFC_sans_bias133": {"write": {"device_start": 1585661730.8107133, "host_queued_start": 1585661798.173414, "device_queued": 1585661730.6984656, "device_end": 1585661730.8108196, "host_queued_end": 1585661798.176971}, "device": "gpu", "nd_range": {"device_start": 1585661730.810833, "device_end": 1585661730.822915}, "cmdq": 1, "read": {"device_start": 1585661730.8229175, "device_end": 1585661730.8230217}}, "FFC_sans_bias132": {"write": {"device_start": -1, "host_queued_start": 1585661798.15162, "device_queued": -1, "device_end": -1, "host_queued_end": 1585661798.176971}, "device": "gpu", "nd_range": {"device_start": 1585661730.7936356, "device_end": 1585661730.8066733}, "cmdq": 2, "read": {"device_start": -1, "device_end": -1}}, "softmax68": {"write": {"device_start": -1, "host_queued_start": 1585661798.317312, "device_queued": -1, "device_end": -1, "host_queued_end": 1585661798.352856}, "device": "cpu", "nd_range": {"device_start": 2329574.0699856, "device_end": 2329574.070830684}, "cmdq": 1, "read": {"device_start": -1, "device_end": -1}}, "softmax131": {"write": {"device_start": -1, "host_queued_start": 1585661798.149379, "device_queued": -1, "device_end": -1, "host_queued_end": 1585661798.176971}, "device": "gpu", "nd_range": {"device_start": 1585661730.7795327, "device_end": 1585661730.7799637}, "cmdq": 3, "read": {"device_start": -1, "device_end": -1}}, "empty125": {"write": {"device_start": 1585661730.6865652, "host_queued_start": 1585661798.063225, "device_queued": 1585661730.6862526, "device_end": 1585661730.6867876, "host_queued_end": 1585661798.176971}, "device": "gpu", "nd_range": {"device_start": 1585661730.686791, "device_end": 1585661730.686795}, "cmdq": 0, "read": {"device_start": -1, "device_end": -1}}, "FFC_sans_bias139": {"write": {"device_start": -1, "host_queued_start": 1585661798.147879, "device_queued": -1, "device_end": -1, "host_queued_end": 1585661798.176971}, "device": "gpu", "nd_range": {"device_start": 1585661730.762894, "device_end": 1585661730.7758467}, "cmdq": 1, "read": {"device_start": -1, "device_end": -1}}, "empty35": {"write": {"device_start": -1, "host_queued_start": 1585661798.191207, "device_queued": -1, "device_end": -1, "host_queued_end": 1585661798.352856}, "device": "cpu", "nd_range": {"device_start": 2329572.5424844073, "device_end": 2329572.542493049}, "cmdq": 3, "read": {"device_start": -1, "device_end": -1}}, "softmax86": {"write": {"device_start": -1, "host_queued_start": 1585661798.148138, "device_queued": -1, "device_end": -1, "host_queued_end": 1585661798.176971}, "device": "gpu", "nd_range": {"device_start": 1585661730.769313, "device_end": 1585661730.780432}, "cmdq": 2, "read": {"device_start": -1, "device_end": -1}}, "FFC_sans_bias55": {"write": {"device_start": -1, "host_queued_start": 1585661798.279797, "device_queued": -1, "device_end": -1, "host_queued_end": 1585661798.352856}, "device": "cpu", "nd_range": {"device_start": 2329573.278604867, "device_end": 2329573.401673674}, "cmdq": 4, "read": {"device_start": -1, "device_end": -1}}, "FFC_sans_bias54": {"write": {"device_start": -1, "host_queued_start": 1585661798.276604, "device_queued": -1, "device_end": -1, "host_queued_end": 1585661798.352856}, "device": "cpu", "nd_range": {"device_start": 2329573.434696144, "device_end": 2329573.557508858}, "cmdq": 3, "read": {"device_start": -1, "device_end": -1}}, "FFC_sans_bias56": {"write": {"device_start": -1, "host_queued_start": 1585661798.273222, "device_queued": -1, "device_end": -1, "host_queued_end": 1585661798.352856}, "device": "cpu", "nd_range": {"device_start": 2329573.034718918, "device_end": 2329573.157538014}, "cmdq": 2, "read": {"device_start": -1, "device_end": -1}}, "FFC_sans_bias51": {"write": {"device_start": -1, "host_queued_start": 1585661798.321756, "device_queued": -1, "device_end": -1, "host_queued_end": 1585661798.352856}, "device": "cpu", "nd_range": {"device_start": 2329574.3735991023, "device_end": 2329574.500232819}, "cmdq": 3, "read": {"device_start": -1, "device_end": -1}}, "FFC_sans_bias52": {"write": {"device_start": -1, "host_queued_start": 1585661798.34313, "device_queued": -1, "device_end": -1, "host_queued_end": 1585661798.352856}, "device": "cpu", "nd_range": {"device_start": 2329574.542136607, "device_end": 2329574.677229551}, "cmdq": 2, "read": {"device_start": -1, "device_end": -1}}, "FFC_sans_bias58": {"write": {"device_start": -1, "host_queued_start": 1585661798.311373, "device_queued": -1, "device_end": -1, "host_queued_end": 1585661798.352856}, "device": "cpu", "nd_range": {"device_start": 2329573.9711189643, "device_end": 2329574.068773685}, "cmdq": 1, "read": {"device_start": -1, "device_end": -1}}, "FFC_sans_bias108": {"write": {"device_start": 1585661730.7076511, "host_queued_start": 1585661798.103507, "device_queued": 1585661730.6900198, "device_end": 1585661730.7077513, "host_queued_end": 1585661798.176971}, "device": "gpu", "nd_range": {"device_start": 1585661730.7077591, "device_end": 1585661730.7203102}, "cmdq": 0, "read": {"device_start": -1, "device_end": -1}}, "FFC_sans_bias109": {"write": {"device_start": 1585661730.7109008, "host_queued_start": 1585661798.107066, "device_queued": 1585661730.6902726, "device_end": 1585661730.7109942, "host_queued_end": 1585661798.176971}, "device": "gpu", "nd_range": {"device_start": 1585661730.7110114, "device_end": 1585661730.7235913}, "cmdq": 1, "read": {"device_start": -1, "device_end": -1}}, "coalesced_transpose129": {"write": {"device_start": -1, "host_queued_start": 1585661798.145127, "device_queued": -1, "device_end": -1, "host_queued_end": 1585661798.176971}, "device": "gpu", "nd_range": {"device_start": 1585661730.7559948, "device_end": 1585661730.7560701}, "cmdq": 1, "read": {"device_start": -1, "device_end": -1}}, "FFC_sans_bias103": {"write": {"device_start": -1, "host_queued_start": 1585661798.146504, "device_queued": -1, "device_end": -1, "host_queued_end": 1585661798.176971}, "device": "gpu", "nd_range": {"device_start": 1585661730.7561831, "device_end": 1585661730.7628827}, "cmdq": 1, "read": {"device_start": -1, "device_end": -1}}, "FFC_sans_bias100": {"write": {"device_start": 1585661730.7010984, "host_queued_start": 1585661798.096408, "device_queued": 1585661730.689366, "device_end": 1585661730.70122, "host_queued_end": 1585661798.176971}, "device": "gpu", "nd_range": {"device_start": 1585661730.701229, "device_end": 1585661730.7137954}, "cmdq": 2, "read": {"device_start": -1, "device_end": -1}}, "FFC_sans_bias101": {"write": {"device_start": 1585661730.7044, "host_queued_start": 1585661798.099884, "device_queued": 1585661730.6895337, "device_end": 1585661730.7045271, "host_queued_end": 1585661798.176971}, "device": "gpu", "nd_range": {"device_start": 1585661730.704532, "device_end": 1585661730.7170718}, "cmdq": 3, "read": {"device_start": -1, "device_end": -1}}, "FFC_sans_bias106": {"write": {"device_start": 1585661730.8070524, "host_queued_start": 1585661798.162711, "device_queued": 1585661730.6973085, "device_end": 1585661730.807162, "host_queued_end": 1585661798.176971}, "device": "gpu", "nd_range": {"device_start": 1585661730.8071759, "device_end": 1585661730.816434}, "cmdq": 2, "read": {"device_start": 1585661730.816439, "device_end": 1585661730.8166099}}, "softmax122": {"write": {"device_start": -1, "host_queued_start": 1585661798.149119, "device_queued": -1, "device_end": -1, "host_queued_end": 1585661798.176971}, "device": "gpu", "nd_range": {"device_start": 1585661730.7804427, "device_end": 1585661730.7811782}, "cmdq": 2, "read": {"device_start": -1, "device_end": -1}}, "FFC_sans_bias105": {"write": {"device_start": -1, "host_queued_start": 1585661798.150681, "device_queued": -1, "device_end": -1, "host_queued_end": 1585661798.176971}, "device": "gpu", "nd_range": {"device_start": 1585661730.7804563, "device_end": 1585661730.783835}, "cmdq": 3, "read": {"device_start": -1, "device_end": -1}}, "softmax95": {"write": {"device_start": -1, "host_queued_start": 1585661798.148383, "device_queued": -1, "device_end": -1, "host_queued_end": 1585661798.176971}, "device": "gpu", "nd_range": {"device_start": 1585661730.7791061, "device_end": 1585661730.7795217}, "cmdq": 3, "read": {"device_start": -1, "device_end": -1}}, "coalesced_transpose57": {"write": {"device_start": -1, "host_queued_start": 1585661798.30523, "device_queued": -1, "device_end": -1, "host_queued_end": 1585661798.352856}, "device": "cpu", "nd_range": {"device_start": 2329573.648304483, "device_end": 2329573.6492245863}, "cmdq": 2, "read": {"device_start": -1, "device_end": -1}}, "empty26": {"write": {"device_start": -1, "host_queued_start": 1585661798.188214, "device_queued": -1, "device_end": -1, "host_queued_end": 1585661798.352856}, "device": "cpu", "nd_range": {"device_start": 2329572.665541197, "device_end": 2329572.6655457043}, "cmdq": 2, "read": {"device_start": -1, "device_end": -1}}, "softmax113": {"write": {"device_start": -1, "host_queued_start": 1585661798.148874, "device_queued": -1, "device_end": -1, "host_queued_end": 1585661798.176971}, "device": "gpu", "nd_range": {"device_start": 1585661730.7758582, "device_end": 1585661730.779623}, "cmdq": 1, "read": {"device_start": -1, "device_end": -1}}, "FFC_sans_bias11": {"write": {"device_start": -1, "host_queued_start": 1585661798.227965, "device_queued": -1, "device_end": -1, "host_queued_end": 1585661798.352856}, "device": "cpu", "nd_range": {"device_start": 2329572.9102355153, "device_end": 2329573.03259634}, "cmdq": 4, "read": {"device_start": -1, "device_end": -1}}, "FFC_sans_bias42": {"write": {"device_start": -1, "host_queued_start": 1585661798.321143, "device_queued": -1, "device_end": -1, "host_queued_end": 1585661798.352856}, "device": "cpu", "nd_range": {"device_start": 2329574.032817577, "device_end": 2329574.2509829183}, "cmdq": 2, "read": {"device_start": -1, "device_end": -1}}, "FFC_sans_bias43": {"write": {"device_start": -1, "host_queued_start": 1585661798.340042, "device_queued": -1, "device_end": -1, "host_queued_end": 1585661798.352856}, "device": "cpu", "nd_range": {"device_start": 2329574.33940157, "device_end": 2329574.4717002893}, "cmdq": 1, "read": {"device_start": -1, "device_end": -1}}, "FFC_sans_bias40": {"write": {"device_start": -1, "host_queued_start": 1585661798.309801, "device_queued": -1, "device_end": -1, "host_queued_end": 1585661798.352856}, "device": "cpu", "nd_range": {"device_start": 2329573.5259910473, "device_end": 2329573.648291448}, "cmdq": 4, "read": {"device_start": -1, "device_end": -1}}, "FFC_sans_bias46": {"write": {"device_start": -1, "host_queued_start": 1585661798.266478, "device_queued": -1, "device_end": -1, "host_queued_end": 1585661798.352856}, "device": "cpu", "nd_range": {"device_start": 2329572.951781441, "device_end": 2329573.0865750983}, "cmdq": 0, "read": {"device_start": -1, "device_end": -1}}, "FFC_sans_bias47": {"write": {"device_start": -1, "host_queued_start": 1585661798.269912, "device_queued": -1, "device_end": -1, "host_queued_end": 1585661798.352856}, "device": "cpu", "nd_range": {"device_start": 2329573.634799959, "device_end": 2329573.709947341}, "cmdq": 1, "read": {"device_start": -1, "device_end": -1}}, "FFC_sans_bias45": {"write": {"device_start": -1, "host_queued_start": 1585661798.263275, "device_queued": -1, "device_end": -1, "host_queued_end": 1585661798.352856}, "device": "cpu", "nd_range": {"device_start": 2329573.1543880953, "device_end": 2329573.278584009}, "cmdq": 4, "read": {"device_start": -1, "device_end": -1}}, "FFC_sans_bias49": {"write": {"device_start": -1, "host_queued_start": 1585661798.310736, "device_queued": -1, "device_end": -1, "host_queued_end": 1585661798.352856}, "device": "cpu", "nd_range": {"device_start": 2329574.03003532, "device_end": 2329574.1532002063}, "cmdq": 0, "read": {"device_start": -1, "device_end": -1}}, "softmax77": {"write": {"device_start": -1, "host_queued_start": 1585661798.317888, "device_queued": -1, "device_end": -1, "host_queued_end": 1585661798.352856}, "device": "cpu", "nd_range": {"device_start": 2329574.0319184894, "device_end": 2329574.0326665}, "cmdq": 2, "read": {"device_start": -1, "device_end": -1}}, "empty134": {"write": {"device_start": 1585661730.6868625, "host_queued_start": 1585661798.065912, "device_queued": 1585661730.6865628, "device_end": 1585661730.6870327, "host_queued_end": 1585661798.176971}, "device": "gpu", "nd_range": {"device_start": 1585661730.6870801, "device_end": 1585661730.6870878}, "cmdq": 1, "read": {"device_start": -1, "device_end": -1}}, "coalesced_transpose138": {"write": {"device_start": -1, "host_queued_start": 1585661798.145537, "device_queued": -1, "device_end": -1, "host_queued_end": 1585661798.176971}, "device": "gpu", "nd_range": {"device_start": 1585661730.7560236, "device_end": 1585661730.7560813}, "cmdq": 2, "read": {"device_start": -1, "device_end": -1}}, "FFC_sans_bias119": {"write": {"device_start": 1585661730.7240024, "host_queued_start": 1585661798.121358, "device_queued": 1585661730.6914418, "device_end": 1585661730.7241032, "host_queued_end": 1585661798.176971}, "device": "gpu", "nd_range": {"device_start": 1585661730.7241204, "device_end": 1585661730.736645}, "cmdq": 1, "read": {"device_start": -1, "device_end": -1}}, "FFC_sans_bias118": {"write": {"device_start": 1585661730.720682, "host_queued_start": 1585661798.117622, "device_queued": 1585661730.691009, "device_end": 1585661730.7207766, "host_queued_end": 1585661798.176971}, "device": "gpu", "nd_range": {"device_start": 1585661730.720786, "device_end": 1585661730.733374}, "cmdq": 0, "read": {"device_start": -1, "device_end": -1}}, "empty143": {"write": {"device_start": 1585661730.6872003, "host_queued_start": 1585661798.068622, "device_queued": 1585661730.6868, "device_end": 1585661730.687475, "host_queued_end": 1585661798.176971}, "device": "gpu", "nd_range": {"device_start": 1585661730.6874833, "device_end": 1585661730.6874871}, "cmdq": 2, "read": {"device_start": -1, "device_end": -1}}, "FFC_sans_bias115": {"write": {"device_start": 1585661730.8011441, "host_queued_start": 1585661798.166123, "device_queued": 1585661730.6974323, "device_end": 1585661730.801251, "host_queued_end": 1585661798.176971}, "device": "gpu", "nd_range": {"device_start": 1585661730.8012648, "device_end": 1585661730.8132088}, "cmdq": 3, "read": {"device_start": 1585661730.8132145, "device_end": 1585661730.8133225}}, "FFC_sans_bias114": {"write": {"device_start": -1, "host_queued_start": 1585661798.150994, "device_queued": -1, "device_end": -1, "host_queued_end": 1585661798.176971}, "device": "gpu", "nd_range": {"device_start": 1585661730.7811718, "device_end": 1585661730.7904298}, "cmdq": 0, "read": {"device_start": -1, "device_end": -1}}, "FFC_sans_bias117": {"write": {"device_start": 1585661730.7174313, "host_queued_start": 1585661798.113986, "device_queued": 1585661730.6905274, "device_end": 1585661730.7175314, "host_queued_end": 1585661798.176971}, "device": "gpu", "nd_range": {"device_start": 1585661730.717539, "device_end": 1585661730.73012}, "cmdq": 3, "read": {"device_start": -1, "device_end": -1}}, "softmax5": {"write": {"device_start": -1, "host_queued_start": 1585661798.313301, "device_queued": -1, "device_end": -1, "host_queued_end": 1585661798.352856}, "device": "cpu", "nd_range": {"device_start": 2329574.06847797, "device_end": 2329574.0692489403}, "cmdq": 4, "read": {"device_start": -1, "device_end": -1}}, "FFC_sans_bias110": {"write": {"device_start": 1585661730.714146, "host_queued_start": 1585661798.110558, "device_queued": 1585661730.690398, "device_end": 1585661730.7142422, "host_queued_end": 1585661798.176971}, "device": "gpu", "nd_range": {"device_start": 1585661730.7142472, "device_end": 1585661730.7268567}, "cmdq": 2, "read": {"device_start": -1, "device_end": -1}}, "FFC_sans_bias112": {"write": {"device_start": -1, "host_queued_start": 1585661798.146854, "device_queued": -1, "device_end": -1, "host_queued_end": 1585661798.176971}, "device": "gpu", "nd_range": {"device_start": 1585661730.7562175, "device_end": 1585661730.769301}, "cmdq": 2, "read": {"device_start": -1, "device_end": -1}}, "empty53": {"write": {"device_start": -1, "host_queued_start": 1585661798.197341, "device_queued": -1, "device_end": -1, "host_queued_end": 1585661798.352856}, "device": "cpu", "nd_range": {"device_start": 2329572.542514616, "device_end": 2329572.542515546}, "cmdq": 0, "read": {"device_start": -1, "device_end": -1}}, "coalesced_transpose48": {"write": {"device_start": -1, "host_queued_start": 1585661798.304572, "device_queued": -1, "device_end": -1, "host_queued_end": 1585661798.352856}, "device": "cpu", "nd_range": {"device_start": 2329573.8446112173, "device_end": 2329573.846270373}, "cmdq": 1, "read": {"device_start": -1, "device_end": -1}}}