{"FFC_sans_bias4": {"write": {"device_start": -1, "host_queued_start": 1585661666.041324, "device_queued": -1, "device_end": -1, "host_queued_end": 1585661666.11766}, "device": "cpu", "nd_range": {"device_start": 2329441.8566329023, "device_end": 2329441.9805920143}, "cmdq": 0, "read": {"device_start": -1, "device_end": -1}}, "FFC_sans_bias7": {"write": {"device_start": -1, "host_queued_start": 1585661666.070191, "device_queued": -1, "device_end": -1, "host_queued_end": 1585661666.11766}, "device": "cpu", "nd_range": {"device_start": 2329443.053766286, "device_end": 2329443.110063788}, "cmdq": 0, "read": {"device_start": -1, "device_end": -1}}, "FFC_sans_bias6": {"write": {"device_start": -1, "host_queued_start": 1585661666.057442, "device_queued": -1, "device_end": -1, "host_queued_end": 1585661666.11766}, "device": "cpu", "nd_range": {"device_start": 2329442.500170602, "device_end": 2329442.582455999}, "cmdq": 0, "read": {"device_start": -1, "device_end": -1}}, "FFC_sans_bias1": {"write": {"device_start": -1, "host_queued_start": 1585661665.877003, "device_queued": -1, "device_end": -1, "host_queued_end": 1585661666.11766}, "device": "cpu", "nd_range": {"device_start": 2329440.307357015, "device_end": 2329440.400536299}, "cmdq": 1, "read": {"device_start": -1, "device_end": -1}}, "FFC_sans_bias0": {"write": {"device_start": -1, "host_queued_start": 1585661665.873224, "device_queued": -1, "device_end": -1, "host_queued_end": 1585661666.11766}, "device": "cpu", "nd_range": {"device_start": 2329440.307358074, "device_end": 2329440.481670941}, "cmdq": 0, "read": {"device_start": -1, "device_end": -1}}, "FFC_sans_bias2": {"write": {"device_start": -1, "host_queued_start": 1585661665.880765, "device_queued": -1, "device_end": -1, "host_queued_end": 1585661666.11766}, "device": "cpu", "nd_range": {"device_start": 2329440.307361042, "device_end": 2329440.414813889}, "cmdq": 2, "read": {"device_start": -1, "device_end": -1}}, "coalesced_transpose120": {"write": {"device_start": -1, "host_queued_start": 1585661666.04063, "device_queued": -1, "device_end": -1, "host_queued_end": 1585661666.11766}, "device": "cpu", "nd_range": {"device_start": 2329441.988842987, "device_end": 2329441.9900486004}, "cmdq": 1, "read": {"device_start": -1, "device_end": -1}}, "FFC_sans_bias9": {"write": {"device_start": -1, "host_queued_start": 1585661665.884369, "device_queued": -1, "device_end": -1, "host_queued_end": 1585661666.11766}, "device": "cpu", "nd_range": {"device_start": 2329440.482876793, "device_end": 2329440.5890175314}, "cmdq": 0, "read": {"device_start": -1, "device_end": -1}}, "empty71": {"write": {"device_start": -1, "host_queued_start": 1585661665.850766, "device_queued": -1, "device_end": -1, "host_queued_end": 1585661666.11766}, "device": "cpu", "nd_range": {"device_start": 2329440.307340078, "device_end": 2329440.307340849}, "cmdq": 1, "read": {"device_start": -1, "device_end": -1}}, "softmax41": {"write": {"device_start": -1, "host_queued_start": 1585661666.051151, "device_queued": -1, "device_end": -1, "host_queued_end": 1585661666.11766}, "device": "cpu", "nd_range": {"device_start": 2329442.544846128, "device_end": 2329442.5455459263}, "cmdq": 1, "read": {"device_start": -1, "device_end": -1}}, "FFC_sans_bias37": {"write": {"device_start": -1, "host_queued_start": 1585661665.92032, "device_queued": -1, "device_end": -1, "host_queued_end": 1585661666.11766}, "device": "cpu", "nd_range": {"device_start": 2329440.711310908, "device_end": 2329440.814267464}, "cmdq": 1, "read": {"device_start": -1, "device_end": -1}}, "FFC_sans_bias36": {"write": {"device_start": -1, "host_queued_start": 1585661665.916692, "device_queued": -1, "device_end": -1, "host_queued_end": 1585661666.11766}, "device": "cpu", "nd_range": {"device_start": 2329440.779468915, "device_end": 2329440.903793023}, "cmdq": 0, "read": {"device_start": -1, "device_end": -1}}, "FFC_sans_bias34": {"write": {"device_start": -1, "host_queued_start": 1585661666.080708, "device_queued": -1, "device_end": -1, "host_queued_end": 1585661666.11766}, "device": "cpu", "nd_range": {"device_start": 2329443.110072411, "device_end": 2329443.2012803573}, "cmdq": 0, "read": {"device_start": -1, "device_end": -1}}, "FFC_sans_bias33": {"write": {"device_start": -1, "host_queued_start": 1585661666.059398, "device_queued": -1, "device_end": -1, "host_queued_end": 1585661666.11766}, "device": "cpu", "nd_range": {"device_start": 2329442.5824765284, "device_end": 2329442.748229463}, "cmdq": 0, "read": {"device_start": -1, "device_end": -1}}, "FFC_sans_bias31": {"write": {"device_start": -1, "host_queued_start": 1585661666.042468, "device_queued": -1, "device_end": -1, "host_queued_end": 1585661666.11766}, "device": "cpu", "nd_range": {"device_start": 2329441.9806132703, "device_end": 2329442.101358177}, "cmdq": 0, "read": {"device_start": -1, "device_end": -1}}, "FFC_sans_bias38": {"write": {"device_start": -1, "host_queued_start": 1585661665.923824, "device_queued": -1, "device_end": -1, "host_queued_end": 1585661666.11766}, "device": "cpu", "nd_range": {"device_start": 2329440.7299619983, "device_end": 2329440.82209328}, "cmdq": 2, "read": {"device_start": -1, "device_end": -1}}, "coalesced_transpose75": {"write": {"device_start": -1, "host_queued_start": 1585661666.038848, "device_queued": -1, "device_end": -1, "host_queued_end": 1585661666.11766}, "device": "cpu", "nd_range": {"device_start": 2329441.9248897163, "device_end": 2329441.926258229}, "cmdq": 2, "read": {"device_start": -1, "device_end": -1}}, "softmax140": {"write": {"device_start": -1, "host_queued_start": 1585661665.823015, "device_queued": -1, "device_end": -1, "host_queued_end": 1585661665.827156}, "device": "gpu", "nd_range": {"device_start": 1585661598.3530712, "device_end": 1585661598.353478}, "cmdq": 2, "read": {"device_start": -1, "device_end": -1}}, "empty44": {"write": {"device_start": -1, "host_queued_start": 1585661665.842485, "device_queued": -1, "device_end": -1, "host_queued_end": 1585661666.11766}, "device": "cpu", "nd_range": {"device_start": 2329440.307333467, "device_end": 2329440.307334876}, "cmdq": 1, "read": {"device_start": -1, "device_end": -1}}, "FFC_sans_bias137": {"write": {"device_start": 1585661598.3394878, "host_queued_start": 1585661665.818328, "device_queued": 1585661598.339028, "device_end": 1585661598.3397062, "host_queued_end": 1585661665.827156}, "device": "gpu", "nd_range": {"device_start": 1585661598.3399277, "device_end": 1585661598.3464878}, "cmdq": 2, "read": {"device_start": -1, "device_end": -1}}, "empty8": {"write": {"device_start": -1, "host_queued_start": 1585661665.831034, "device_queued": -1, "device_end": -1, "host_queued_end": 1585661666.11766}, "device": "cpu", "nd_range": {"device_start": 2329440.307304216, "device_end": 2329440.3073146893}, "cmdq": 0, "read": {"device_start": -1, "device_end": -1}}, "softmax50": {"write": {"device_start": -1, "host_queued_start": 1585661666.051676, "device_queued": -1, "device_end": -1, "host_queued_end": 1585661666.11766}, "device": "cpu", "nd_range": {"device_start": 2329442.431656958, "device_end": 2329442.432374388}, "cmdq": 2, "read": {"device_start": -1, "device_end": -1}}, "softmax59": {"write": {"device_start": -1, "host_queued_start": 1585661666.0522, "device_queued": -1, "device_end": -1, "host_queued_end": 1585661666.11766}, "device": "cpu", "nd_range": {"device_start": 2329442.497911179, "device_end": 2329442.498632472}, "cmdq": 0, "read": {"device_start": -1, "device_end": -1}}, "FFC_sans_bias142": {"write": {"device_start": 1585661598.3499103, "host_queued_start": 1585661665.827032, "device_queued": 1585661598.3405101, "device_end": 1585661598.3500164, "host_queued_end": 1585661665.827156}, "device": "gpu", "nd_range": {"device_start": 1585661598.3568125, "device_end": 1585661598.3601346}, "cmdq": 0, "read": {"device_start": 1585661598.3601387, "device_end": 1585661598.3602297}}, "FFC_sans_bias141": {"write": {"device_start": -1, "host_queued_start": 1585661665.823331, "device_queued": -1, "device_end": -1, "host_queued_end": 1585661665.827156}, "device": "gpu", "nd_range": {"device_start": 1585661598.3534818, "device_end": 1585661598.3568094}, "cmdq": 3, "read": {"device_start": -1, "device_end": -1}}, "FFC_sans_bias24": {"write": {"device_start": -1, "host_queued_start": 1585661666.058759, "device_queued": -1, "device_end": -1, "host_queued_end": 1585661666.11766}, "device": "cpu", "nd_range": {"device_start": 2329442.4354316, "device_end": 2329442.53266415}, "cmdq": 2, "read": {"device_start": -1, "device_end": -1}}, "FFC_sans_bias25": {"write": {"device_start": -1, "host_queued_start": 1585661666.077258, "device_queued": -1, "device_end": -1, "host_queued_end": 1585661666.11766}, "device": "cpu", "nd_range": {"device_start": 2329442.9244189262, "device_end": 2329442.993284101}, "cmdq": 2, "read": {"device_start": -1, "device_end": -1}}, "FFC_sans_bias27": {"write": {"device_start": -1, "host_queued_start": 1585661665.905941, "device_queued": -1, "device_end": -1, "host_queued_end": 1585661666.11766}, "device": "cpu", "nd_range": {"device_start": 2329440.661868838, "device_end": 2329440.7794476743}, "cmdq": 0, "read": {"device_start": -1, "device_end": -1}}, "FFC_sans_bias20": {"write": {"device_start": -1, "host_queued_start": 1585661665.902362, "device_queued": -1, "device_end": -1, "host_queued_end": 1585661666.11766}, "device": "cpu", "nd_range": {"device_start": 2329440.496405749, "device_end": 2329440.607793262}, "cmdq": 2, "read": {"device_start": -1, "device_end": -1}}, "FFC_sans_bias22": {"write": {"device_start": -1, "host_queued_start": 1585661666.042117, "device_queued": -1, "device_end": -1, "host_queued_end": 1585661666.11766}, "device": "cpu", "nd_range": {"device_start": 2329441.9292415404, "device_end": 2329442.02534442}, "cmdq": 2, "read": {"device_start": -1, "device_end": -1}}, "FFC_sans_bias130": {"write": {"device_start": -1, "host_queued_start": 1585661666.048357, "device_queued": -1, "device_end": -1, "host_queued_end": 1585661666.11766}, "device": "cpu", "nd_range": {"device_start": 2329442.346093812, "device_end": 2329442.43045275}, "cmdq": 2, "read": {"device_start": -1, "device_end": -1}}, "FFC_sans_bias28": {"write": {"device_start": -1, "host_queued_start": 1585661665.909506, "device_queued": -1, "device_end": -1, "host_queued_end": 1585661666.11766}, "device": "cpu", "nd_range": {"device_start": 2329440.5713085243, "device_end": 2329440.711292737}, "cmdq": 1, "read": {"device_start": -1, "device_end": -1}}, "FFC_sans_bias29": {"write": {"device_start": -1, "host_queued_start": 1585661665.913054, "device_queued": -1, "device_end": -1, "host_queued_end": 1585661666.11766}, "device": "cpu", "nd_range": {"device_start": 2329440.6080125673, "device_end": 2329440.729751603}, "cmdq": 2, "read": {"device_start": -1, "device_end": -1}}, "coalesced_transpose66": {"write": {"device_start": -1, "host_queued_start": 1585661666.038483, "device_queued": -1, "device_end": -1, "host_queued_end": 1585661666.11766}, "device": "cpu", "nd_range": {"device_start": 2329441.986419736, "device_end": 2329441.987618714}, "cmdq": 1, "read": {"device_start": -1, "device_end": -1}}, "coalesced_transpose93": {"write": {"device_start": -1, "host_queued_start": 1585661666.039587, "device_queued": -1, "device_end": -1, "host_queued_end": 1585661666.11766}, "device": "cpu", "nd_range": {"device_start": 2329441.9876280953, "device_end": 2329441.988833573}, "cmdq": 1, "read": {"device_start": -1, "device_end": -1}}, "softmax23": {"write": {"device_start": -1, "host_queued_start": 1585661666.050001, "device_queued": -1, "device_end": -1, "host_queued_end": 1585661666.11766}, "device": "cpu", "nd_range": {"device_start": 2329442.4306821423, "device_end": 2329442.4314809563}, "cmdq": 2, "read": {"device_start": -1, "device_end": -1}}, "empty62": {"write": {"device_start": -1, "host_queued_start": 1585661665.847913, "device_queued": -1, "device_end": -1, "host_queued_end": 1585661666.11766}, "device": "cpu", "nd_range": {"device_start": 2329440.307341978, "device_end": 2329440.3073428674}, "cmdq": 0, "read": {"device_start": -1, "device_end": -1}}, "FFC_sans_bias10": {"write": {"device_start": -1, "host_queued_start": 1585661665.888074, "device_queued": -1, "device_end": -1, "host_queued_end": 1585661666.11766}, "device": "cpu", "nd_range": {"device_start": 2329440.400554362, "device_end": 2329440.4664864843}, "cmdq": 1, "read": {"device_start": -1, "device_end": -1}}, "FFC_sans_bias13": {"write": {"device_start": -1, "host_queued_start": 1585661666.041683, "device_queued": -1, "device_end": -1, "host_queued_end": 1585661666.11766}, "device": "cpu", "nd_range": {"device_start": 2329441.9900570232, "device_end": 2329442.090134722}, "cmdq": 1, "read": {"device_start": -1, "device_end": -1}}, "FFC_sans_bias15": {"write": {"device_start": -1, "host_queued_start": 1585661666.058095, "device_queued": -1, "device_end": -1, "host_queued_end": 1585661666.11766}, "device": "cpu", "nd_range": {"device_start": 2329442.547779478, "device_end": 2329442.64809361}, "cmdq": 1, "read": {"device_start": -1, "device_end": -1}}, "FFC_sans_bias16": {"write": {"device_start": -1, "host_queued_start": 1585661666.073674, "device_queued": -1, "device_end": -1, "host_queued_end": 1585661666.11766}, "device": "cpu", "nd_range": {"device_start": 2329443.18664259, "device_end": 2329443.254719268}, "cmdq": 1, "read": {"device_start": -1, "device_end": -1}}, "FFC_sans_bias19": {"write": {"device_start": -1, "host_queued_start": 1585661665.898719, "device_queued": -1, "device_end": -1, "host_queued_end": 1585661666.11766}, "device": "cpu", "nd_range": {"device_start": 2329440.466505798, "device_end": 2329440.5712886113}, "cmdq": 1, "read": {"device_start": -1, "device_end": -1}}, "FFC_sans_bias18": {"write": {"device_start": -1, "host_queued_start": 1585661665.895244, "device_queued": -1, "device_end": -1, "host_queued_end": 1585661666.11766}, "device": "cpu", "nd_range": {"device_start": 2329440.5892474772, "device_end": 2329440.661649619}, "cmdq": 0, "read": {"device_start": -1, "device_end": -1}}, "FFC_sans_bias99": {"write": {"device_start": -1, "host_queued_start": 1585661665.991929, "device_queued": -1, "device_end": -1, "host_queued_end": 1585661666.11766}, "device": "cpu", "nd_range": {"device_start": 2329441.4836846744, "device_end": 2329441.573533383}, "cmdq": 0, "read": {"device_start": -1, "device_end": -1}}, "FFC_sans_bias91": {"write": {"device_start": -1, "host_queued_start": 1585661665.984699, "device_queued": -1, "device_end": -1, "host_queued_end": 1585661666.11766}, "device": "cpu", "nd_range": {"device_start": 2329441.388254141, "device_end": 2329441.50337528}, "cmdq": 1, "read": {"device_start": -1, "device_end": -1}}, "FFC_sans_bias90": {"write": {"device_start": -1, "host_queued_start": 1585661665.981178, "device_queued": -1, "device_end": -1, "host_queued_end": 1585661666.11766}, "device": "cpu", "nd_range": {"device_start": 2329441.3886646843, "device_end": 2329441.4836668624}, "cmdq": 0, "read": {"device_start": -1, "device_end": -1}}, "coalesced_transpose12": {"write": {"device_start": -1, "host_queued_start": 1585661666.036408, "device_queued": -1, "device_end": -1, "host_queued_end": 1585661666.11766}, "device": "cpu", "nd_range": {"device_start": 2329441.98396423, "device_end": 2329441.9851785554}, "cmdq": 1, "read": {"device_start": -1, "device_end": -1}}, "FFC_sans_bias94": {"write": {"device_start": -1, "host_queued_start": 1585661666.045722, "device_queued": -1, "device_end": -1, "host_queued_end": 1585661666.11766}, "device": "cpu", "nd_range": {"device_start": 2329442.28896733, "device_end": 2329442.409360434}, "cmdq": 1, "read": {"device_start": -1, "device_end": -1}}, "FFC_sans_bias97": {"write": {"device_start": -1, "host_queued_start": 1585661666.104718, "device_queued": -1, "device_end": -1, "host_queued_end": 1585661666.11766}, "device": "cpu", "nd_range": {"device_start": 2329443.4391901023, "device_end": 2329443.5376490583}, "cmdq": 1, "read": {"device_start": -1, "device_end": -1}}, "FFC_sans_bias96": {"write": {"device_start": -1, "host_queued_start": 1585661666.063978, "device_queued": -1, "device_end": -1, "host_queued_end": 1585661666.11766}, "device": "cpu", "nd_range": {"device_start": 2329442.889639072, "device_end": 2329443.063012875}, "cmdq": 1, "read": {"device_start": -1, "device_end": -1}}, "FFC_sans_bias124": {"write": {"device_start": -1, "host_queued_start": 1585661666.114332, "device_queued": -1, "device_end": -1, "host_queued_end": 1585661666.11766}, "device": "cpu", "nd_range": {"device_start": 2329443.5376586793, "device_end": 2329443.5990635823}, "cmdq": 1, "read": {"device_start": -1, "device_end": -1}}, "FFC_sans_bias126": {"write": {"device_start": -1, "host_queued_start": 1585661666.032132, "device_queued": -1, "device_end": -1, "host_queued_end": 1585661666.11766}, "device": "cpu", "nd_range": {"device_start": 2329441.88909218, "device_end": 2329441.983948504}, "cmdq": 1, "read": {"device_start": -1, "device_end": -1}}, "softmax32": {"write": {"device_start": -1, "host_queued_start": 1585661666.050618, "device_queued": -1, "device_end": -1, "host_queued_end": 1585661666.11766}, "device": "cpu", "nd_range": {"device_start": 2329442.4971706313, "device_end": 2329442.497904009}, "cmdq": 0, "read": {"device_start": -1, "device_end": -1}}, "coalesced_transpose84": {"write": {"device_start": -1, "host_queued_start": 1585661666.039184, "device_queued": -1, "device_end": -1, "host_queued_end": 1585661666.11766}, "device": "cpu", "nd_range": {"device_start": 2329441.85416411, "device_end": 2329441.8549759183}, "cmdq": 0, "read": {"device_start": -1, "device_end": -1}}, "FFC_sans_bias121": {"write": {"device_start": -1, "host_queued_start": 1585661666.047733, "device_queued": -1, "device_end": -1, "host_queued_end": 1585661666.11766}, "device": "cpu", "nd_range": {"device_start": 2329442.409379572, "device_end": 2329442.544094555}, "cmdq": 1, "read": {"device_start": -1, "device_end": -1}}, "empty98": {"write": {"device_start": -1, "host_queued_start": 1585661665.859053, "device_queued": -1, "device_end": -1, "host_queued_end": 1585661666.11766}, "device": "cpu", "nd_range": {"device_start": 2329440.307346368, "device_end": 2329440.30734707}, "cmdq": 1, "read": {"device_start": -1, "device_end": -1}}, "empty107": {"write": {"device_start": -1, "host_queued_start": 1585661665.861826, "device_queued": -1, "device_end": -1, "host_queued_end": 1585661666.11766}, "device": "cpu", "nd_range": {"device_start": 2329440.30734913, "device_end": 2329440.307349936}, "cmdq": 2, "read": {"device_start": -1, "device_end": -1}}, "empty17": {"write": {"device_start": -1, "host_queued_start": 1585661665.833814, "device_queued": -1, "device_end": -1, "host_queued_end": 1585661666.11766}, "device": "cpu", "nd_range": {"device_start": 2329440.307304198, "device_end": 2329440.307314672}, "cmdq": 1, "read": {"device_start": -1, "device_end": -1}}, "FFC_sans_bias87": {"write": {"device_start": -1, "host_queued_start": 1585661666.06332, "device_queued": -1, "device_end": -1, "host_queued_end": 1585661666.11766}, "device": "cpu", "nd_range": {"device_start": 2329442.8675432364, "device_end": 2329442.9256352303}, "cmdq": 0, "read": {"device_start": -1, "device_end": -1}}, "FFC_sans_bias85": {"write": {"device_start": -1, "host_queued_start": 1585661666.045078, "device_queued": -1, "device_end": -1, "host_queued_end": 1585661666.11766}, "device": "cpu", "nd_range": {"device_start": 2329442.2323100413, "device_end": 2329442.341212319}, "cmdq": 0, "read": {"device_start": -1, "device_end": -1}}, "FFC_sans_bias82": {"write": {"device_start": -1, "host_queued_start": 1585661665.973909, "device_queued": -1, "device_end": -1, "host_queued_end": 1585661666.11766}, "device": "cpu", "nd_range": {"device_start": 2329441.208416987, "device_end": 2329441.388235752}, "cmdq": 1, "read": {"device_start": -1, "device_end": -1}}, "FFC_sans_bias83": {"write": {"device_start": -1, "host_queued_start": 1585661665.977548, "device_queued": -1, "device_end": -1, "host_queued_end": 1585661666.11766}, "device": "cpu", "nd_range": {"device_start": 2329441.275589994, "device_end": 2329441.3952408023}, "cmdq": 2, "read": {"device_start": -1, "device_end": -1}}, "FFC_sans_bias81": {"write": {"device_start": -1, "host_queued_start": 1585661665.970473, "device_queued": -1, "device_end": -1, "host_queued_end": 1585661666.11766}, "device": "cpu", "nd_range": {"device_start": 2329441.3277791743, "device_end": 2329441.388652061}, "cmdq": 0, "read": {"device_start": -1, "device_end": -1}}, "FFC_sans_bias88": {"write": {"device_start": -1, "host_queued_start": 1585661666.101555, "device_queued": -1, "device_end": -1, "host_queued_end": 1585661666.11766}, "device": "cpu", "nd_range": {"device_start": 2329443.3331025853, "device_end": 2329443.416484766}, "cmdq": 0, "read": {"device_start": -1, "device_end": -1}}, "coalesced_transpose30": {"write": {"device_start": -1, "host_queued_start": 1585661666.03713, "device_queued": -1, "device_end": -1, "host_queued_end": 1585661666.11766}, "device": "cpu", "nd_range": {"device_start": 2329441.851914435, "device_end": 2329441.8530321843}, "cmdq": 0, "read": {"device_start": -1, "device_end": -1}}, "FFC_sans_bias128": {"write": {"device_start": -1, "host_queued_start": 1585661666.028476, "device_queued": -1, "device_end": -1, "host_queued_end": 1585661666.11766}, "device": "cpu", "nd_range": {"device_start": 2329441.777923411, "device_end": 2329441.850760337}, "cmdq": 0, "read": {"device_start": -1, "device_end": -1}}, "coalesced_transpose39": {"write": {"device_start": -1, "host_queued_start": 1585661666.037469, "device_queued": -1, "device_end": -1, "host_queued_end": 1585661666.11766}, "device": "cpu", "nd_range": {"device_start": 2329441.98519142, "device_end": 2329441.986408409}, "cmdq": 1, "read": {"device_start": -1, "device_end": -1}}, "FFC_sans_bias79": {"write": {"device_start": -1, "host_queued_start": 1585661666.097969, "device_queued": -1, "device_end": -1, "host_queued_end": 1585661666.11766}, "device": "cpu", "nd_range": {"device_start": 2329443.0976811023, "device_end": 2329443.269577615}, "cmdq": 2, "read": {"device_start": -1, "device_end": -1}}, "FFC_sans_bias78": {"write": {"device_start": -1, "host_queued_start": 1585661666.062631, "device_queued": -1, "device_end": -1, "host_queued_end": 1585661666.11766}, "device": "cpu", "nd_range": {"device_start": 2329442.6262053363, "device_end": 2329442.701031813}, "cmdq": 2, "read": {"device_start": -1, "device_end": -1}}, "FFC_sans_bias73": {"write": {"device_start": -1, "host_queued_start": 1585661665.963192, "device_queued": -1, "device_end": -1, "host_queued_end": 1585661666.11766}, "device": "cpu", "nd_range": {"device_start": 2329441.0948788733, "device_end": 2329441.2083916133}, "cmdq": 1, "read": {"device_start": -1, "device_end": -1}}, "FFC_sans_bias72": {"write": {"device_start": -1, "host_queued_start": 1585661665.959648, "device_queued": -1, "device_end": -1, "host_queued_end": 1585661666.11766}, "device": "cpu", "nd_range": {"device_start": 2329441.264160316, "device_end": 2329441.327761149}, "cmdq": 0, "read": {"device_start": -1, "device_end": -1}}, "FFC_sans_bias70": {"write": {"device_start": -1, "host_queued_start": 1585661666.094431, "device_queued": -1, "device_end": -1, "host_queued_end": 1585661666.11766}, "device": "cpu", "nd_range": {"device_start": 2329443.3471381404, "device_end": 2329443.4391809613}, "cmdq": 1, "read": {"device_start": -1, "device_end": -1}}, "FFC_sans_bias76": {"write": {"device_start": -1, "host_queued_start": 1585661666.044396, "device_queued": -1, "device_end": -1, "host_queued_end": 1585661666.11766}, "device": "cpu", "nd_range": {"device_start": 2329442.178777684, "device_end": 2329442.275622116}, "cmdq": 2, "read": {"device_start": -1, "device_end": -1}}, "FFC_sans_bias74": {"write": {"device_start": -1, "host_queued_start": 1585661665.96684, "device_queued": -1, "device_end": -1, "host_queued_end": 1585661666.11766}, "device": "cpu", "nd_range": {"device_start": 2329441.140079671, "device_end": 2329441.2753631193}, "cmdq": 2, "read": {"device_start": -1, "device_end": -1}}, "coalesced_transpose102": {"write": {"device_start": -1, "host_queued_start": 1585661666.039946, "device_queued": -1, "device_end": -1, "host_queued_end": 1585661666.11766}, "device": "cpu", "nd_range": {"device_start": 2329441.926426738, "device_end": 2329441.927662101}, "cmdq": 2, "read": {"device_start": -1, "device_end": -1}}, "coalesced_transpose3": {"write": {"device_start": -1, "host_queued_start": 1585661666.036058, "device_queued": -1, "device_end": -1, "host_queued_end": 1585661666.11766}, "device": "cpu", "nd_range": {"device_start": 2329441.8507803963, "device_end": 2329441.851903556}, "cmdq": 0, "read": {"device_start": -1, "device_end": -1}}, "FFC_sans_bias127": {"write": {"device_start": -1, "host_queued_start": 1585661666.035671, "device_queued": -1, "device_end": -1, "host_queued_end": 1585661666.11766}, "device": "cpu", "nd_range": {"device_start": 2329441.800845506, "device_end": 2329441.92184341}, "cmdq": 2, "read": {"device_start": -1, "device_end": -1}}, "empty89": {"write": {"device_start": -1, "host_queued_start": 1585661665.85635, "device_queued": -1, "device_end": -1, "host_queued_end": 1585661666.11766}, "device": "cpu", "nd_range": {"device_start": 2329440.307347381, "device_end": 2329440.307348196}, "cmdq": 0, "read": {"device_start": -1, "device_end": -1}}, "FFC_sans_bias123": {"write": {"device_start": -1, "host_queued_start": 1585661666.065976, "device_queued": -1, "device_end": -1, "host_queued_end": 1585661666.11766}, "device": "cpu", "nd_range": {"device_start": 2329443.063028613, "device_end": 2329443.1866249363}, "cmdq": 1, "read": {"device_start": -1, "device_end": -1}}, "empty80": {"write": {"device_start": -1, "host_queued_start": 1585661665.853522, "device_queued": -1, "device_end": -1, "host_queued_end": 1585661666.11766}, "device": "cpu", "nd_range": {"device_start": 2329440.307342934, "device_end": 2329440.30734388}, "cmdq": 2, "read": {"device_start": -1, "device_end": -1}}, "empty116": {"write": {"device_start": -1, "host_queued_start": 1585661665.864676, "device_queued": -1, "device_end": -1, "host_queued_end": 1585661666.11766}, "device": "cpu", "nd_range": {"device_start": 2329440.3073524763, "device_end": 2329440.307353129}, "cmdq": 0, "read": {"device_start": -1, "device_end": -1}}, "softmax104": {"write": {"device_start": -1, "host_queued_start": 1585661666.055016, "device_queued": -1, "device_end": -1, "host_queued_end": 1585661666.11766}, "device": "cpu", "nd_range": {"device_start": 2329442.433594033, "device_end": 2329442.434362912}, "cmdq": 2, "read": {"device_start": -1, "device_end": -1}}, "coalesced_transpose21": {"write": {"device_start": -1, "host_queued_start": 1585661666.036794, "device_queued": -1, "device_end": -1, "host_queued_end": 1585661666.11766}, "device": "cpu", "nd_range": {"device_start": 2329441.922077565, "device_end": 2329441.9232518533}, "cmdq": 2, "read": {"device_start": -1, "device_end": -1}}, "softmax14": {"write": {"device_start": -1, "host_queued_start": 1585661666.049476, "device_queued": -1, "device_end": -1, "host_queued_end": 1585661666.11766}, "device": "cpu", "nd_range": {"device_start": 2329442.544109853, "device_end": 2329442.5448349332}, "cmdq": 1, "read": {"device_start": -1, "device_end": -1}}, "FFC_sans_bias69": {"write": {"device_start": -1, "host_queued_start": 1585661666.06199, "device_queued": -1, "device_end": -1, "host_queued_end": 1585661666.11766}, "device": "cpu", "nd_range": {"device_start": 2329442.771593606, "device_end": 2329442.88962211}, "cmdq": 1, "read": {"device_start": -1, "device_end": -1}}, "FFC_sans_bias92": {"write": {"device_start": -1, "host_queued_start": 1585661665.988293, "device_queued": -1, "device_end": -1, "host_queued_end": 1585661666.11766}, "device": "cpu", "nd_range": {"device_start": 2329441.395415234, "device_end": 2329441.511470211}, "cmdq": 2, "read": {"device_start": -1, "device_end": -1}}, "FFC_sans_bias60": {"write": {"device_start": -1, "host_queued_start": 1585661666.061323, "device_queued": -1, "device_end": -1, "host_queued_end": 1585661666.11766}, "device": "cpu", "nd_range": {"device_start": 2329442.74825004, "device_end": 2329442.867525548}, "cmdq": 0, "read": {"device_start": -1, "device_end": -1}}, "FFC_sans_bias61": {"write": {"device_start": -1, "host_queued_start": 1585661666.090965, "device_queued": -1, "device_end": -1, "host_queued_end": 1585661666.11766}, "device": "cpu", "nd_range": {"device_start": 2329443.201307993, "device_end": 2329443.3330912213}, "cmdq": 0, "read": {"device_start": -1, "device_end": -1}}, "FFC_sans_bias63": {"write": {"device_start": -1, "host_queued_start": 1585661665.956002, "device_queued": -1, "device_end": -1, "host_queued_end": 1585661666.11766}, "device": "cpu", "nd_range": {"device_start": 2329441.0363290464, "device_end": 2329441.1398415943}, "cmdq": 2, "read": {"device_start": -1, "device_end": -1}}, "FFC_sans_bias64": {"write": {"device_start": -1, "host_queued_start": 1585661665.948901, "device_queued": -1, "device_end": -1, "host_queued_end": 1585661666.11766}, "device": "cpu", "nd_range": {"device_start": 2329441.155481399, "device_end": 2329441.264138378}, "cmdq": 0, "read": {"device_start": -1, "device_end": -1}}, "FFC_sans_bias65": {"write": {"device_start": -1, "host_queued_start": 1585661665.952322, "device_queued": -1, "device_end": -1, "host_queued_end": 1585661666.11766}, "device": "cpu", "nd_range": {"device_start": 2329441.003672507, "device_end": 2329441.094863921}, "cmdq": 1, "read": {"device_start": -1, "device_end": -1}}, "FFC_sans_bias67": {"write": {"device_start": -1, "host_queued_start": 1585661666.043914, "device_queued": -1, "device_end": -1, "host_queued_end": 1585661666.11766}, "device": "cpu", "nd_range": {"device_start": 2329442.1553656673, "device_end": 2329442.288950411}, "cmdq": 1, "read": {"device_start": -1, "device_end": -1}}, "coalesced_transpose111": {"write": {"device_start": -1, "host_queued_start": 1585661666.040286, "device_queued": -1, "device_end": -1, "host_queued_end": 1585661666.11766}, "device": "cpu", "nd_range": {"device_start": 2329441.854986151, "device_end": 2329441.856622265}, "cmdq": 0, "read": {"device_start": -1, "device_end": -1}}, "FFC_sans_bias136": {"write": {"device_start": 1585661598.3391366, "host_queued_start": 1585661665.814536, "device_queued": 1585661598.3387823, "device_end": 1585661598.3393402, "host_queued_end": 1585661665.827156}, "device": "gpu", "nd_range": {"device_start": 1585661598.3397396, "device_end": 1585661598.343148}, "cmdq": 1, "read": {"device_start": -1, "device_end": -1}}, "FFC_sans_bias135": {"write": {"device_start": 1585661598.339808, "host_queued_start": 1585661665.821946, "device_queued": 1585661598.3393672, "device_end": 1585661598.3399029, "host_queued_end": 1585661665.827156}, "device": "gpu", "nd_range": {"device_start": 1585661598.3400345, "device_end": 1585661598.3497121}, "cmdq": 3, "read": {"device_start": -1, "device_end": -1}}, "FFC_sans_bias133": {"write": {"device_start": -1, "host_queued_start": 1585661666.117603, "device_queued": -1, "device_end": -1, "host_queued_end": 1585661666.11766}, "device": "cpu", "nd_range": {"device_start": 2329443.474053855, "device_end": 2329443.591796257}, "cmdq": 2, "read": {"device_start": -1, "device_end": -1}}, "FFC_sans_bias132": {"write": {"device_start": -1, "host_queued_start": 1585661666.066611, "device_queued": -1, "device_end": -1, "host_queued_end": 1585661666.11766}, "device": "cpu", "nd_range": {"device_start": 2329442.786178899, "device_end": 2329442.924192881}, "cmdq": 2, "read": {"device_start": -1, "device_end": -1}}, "softmax68": {"write": {"device_start": -1, "host_queued_start": 1585661666.052721, "device_queued": -1, "device_end": -1, "host_queued_end": 1585661666.11766}, "device": "cpu", "nd_range": {"device_start": 2329442.545553817, "device_end": 2329442.546262855}, "cmdq": 1, "read": {"device_start": -1, "device_end": -1}}, "softmax131": {"write": {"device_start": -1, "host_queued_start": 1585661666.05677, "device_queued": -1, "device_end": -1, "host_queued_end": 1585661666.11766}, "device": "cpu", "nd_range": {"device_start": 2329442.434519201, "device_end": 2329442.435275778}, "cmdq": 2, "read": {"device_start": -1, "device_end": -1}}, "empty125": {"write": {"device_start": -1, "host_queued_start": 1585661665.867475, "device_queued": -1, "device_end": -1, "host_queued_end": 1585661666.11766}, "device": "cpu", "nd_range": {"device_start": 2329440.307351495, "device_end": 2329440.307352133}, "cmdq": 1, "read": {"device_start": -1, "device_end": -1}}, "FFC_sans_bias139": {"write": {"device_start": -1, "host_queued_start": 1585661665.822749, "device_queued": -1, "device_end": -1, "host_queued_end": 1585661665.827156}, "device": "gpu", "nd_range": {"device_start": 1585661598.3497186, "device_end": 1585661598.3530648}, "cmdq": 1, "read": {"device_start": -1, "device_end": -1}}, "empty35": {"write": {"device_start": -1, "host_queued_start": 1585661665.839629, "device_queued": -1, "device_end": -1, "host_queued_end": 1585661666.11766}, "device": "cpu", "nd_range": {"device_start": 2329440.307335744, "device_end": 2329440.3073368194}, "cmdq": 0, "read": {"device_start": -1, "device_end": -1}}, "softmax86": {"write": {"device_start": -1, "host_queued_start": 1585661666.053901, "device_queued": -1, "device_end": -1, "host_queued_end": 1585661666.11766}, "device": "cpu", "nd_range": {"device_start": 2329442.498640402, "device_end": 2329442.4993946804}, "cmdq": 0, "read": {"device_start": -1, "device_end": -1}}, "FFC_sans_bias55": {"write": {"device_start": -1, "host_queued_start": 1585661665.945442, "device_queued": -1, "device_end": -1, "host_queued_end": 1585661666.11766}, "device": "cpu", "nd_range": {"device_start": 2329440.93170389, "device_end": 2329441.036035714}, "cmdq": 2, "read": {"device_start": -1, "device_end": -1}}, "FFC_sans_bias54": {"write": {"device_start": -1, "host_queued_start": 1585661665.941792, "device_queued": -1, "device_end": -1, "host_queued_end": 1585661666.11766}, "device": "cpu", "nd_range": {"device_start": 2329440.910877292, "device_end": 2329441.003653304}, "cmdq": 1, "read": {"device_start": -1, "device_end": -1}}, "FFC_sans_bias56": {"write": {"device_start": -1, "host_queued_start": 1585661665.938182, "device_queued": -1, "device_end": -1, "host_queued_end": 1585661666.11766}, "device": "cpu", "nd_range": {"device_start": 2329441.013702352, "device_end": 2329441.155464543}, "cmdq": 0, "read": {"device_start": -1, "device_end": -1}}, "FFC_sans_bias51": {"write": {"device_start": -1, "host_queued_start": 1585661666.060723, "device_queued": -1, "device_end": -1, "host_queued_end": 1585661666.11766}, "device": "cpu", "nd_range": {"device_start": 2329442.532916381, "device_end": 2329442.625968023}, "cmdq": 2, "read": {"device_start": -1, "device_end": -1}}, "FFC_sans_bias52": {"write": {"device_start": -1, "host_queued_start": 1585661666.087453, "device_queued": -1, "device_end": -1, "host_queued_end": 1585661666.11766}, "device": "cpu", "nd_range": {"device_start": 2329442.9932996933, "device_end": 2329443.0976610202}, "cmdq": 2, "read": {"device_start": -1, "device_end": -1}}, "FFC_sans_bias58": {"write": {"device_start": -1, "host_queued_start": 1585661666.04356, "device_queued": -1, "device_end": -1, "host_queued_end": 1585661666.11766}, "device": "cpu", "nd_range": {"device_start": 2329442.101375989, "device_end": 2329442.232292065}, "cmdq": 0, "read": {"device_start": -1, "device_end": -1}}, "FFC_sans_bias108": {"write": {"device_start": -1, "host_queued_start": 1585661666.003684, "device_queued": -1, "device_end": -1, "host_queued_end": 1585661666.11766}, "device": "cpu", "nd_range": {"device_start": 2329441.5735519053, "device_end": 2329441.6546722753}, "cmdq": 0, "read": {"device_start": -1, "device_end": -1}}, "FFC_sans_bias109": {"write": {"device_start": -1, "host_queued_start": 1585661666.00829, "device_queued": -1, "device_end": -1, "host_queued_end": 1585661666.11766}, "device": "cpu", "nd_range": {"device_start": 2329441.610826416, "device_end": 2329441.7534033}, "cmdq": 1, "read": {"device_start": -1, "device_end": -1}}, "coalesced_transpose129": {"write": {"device_start": -1, "host_queued_start": 1585661666.040968, "device_queued": -1, "device_end": -1, "host_queued_end": 1585661666.11766}, "device": "cpu", "nd_range": {"device_start": 2329441.92781178, "device_end": 2329441.9290827713}, "cmdq": 2, "read": {"device_start": -1, "device_end": -1}}, "FFC_sans_bias103": {"write": {"device_start": -1, "host_queued_start": 1585661666.046382, "device_queued": -1, "device_end": -1, "host_queued_end": 1585661666.11766}, "device": "cpu", "nd_range": {"device_start": 2329442.275645392, "device_end": 2329442.345870932}, "cmdq": 2, "read": {"device_start": -1, "device_end": -1}}, "FFC_sans_bias100": {"write": {"device_start": -1, "host_queued_start": 1585661665.995594, "device_queued": -1, "device_end": -1, "host_queued_end": 1585661666.11766}, "device": "cpu", "nd_range": {"device_start": 2329441.50339262, "device_end": 2329441.610810743}, "cmdq": 1, "read": {"device_start": -1, "device_end": -1}}, "FFC_sans_bias101": {"write": {"device_start": -1, "host_queued_start": 1585661665.999123, "device_queued": -1, "device_end": -1, "host_queued_end": 1585661666.11766}, "device": "cpu", "nd_range": {"device_start": 2329441.511721814, "device_end": 2329441.6499471744}, "cmdq": 2, "read": {"device_start": -1, "device_end": -1}}, "FFC_sans_bias106": {"write": {"device_start": -1, "host_queued_start": 1585661666.107823, "device_queued": -1, "device_end": -1, "host_queued_end": 1585661666.11766}, "device": "cpu", "nd_range": {"device_start": 2329443.269592973, "device_end": 2329443.473977588}, "cmdq": 2, "read": {"device_start": -1, "device_end": -1}}, "softmax122": {"write": {"device_start": -1, "host_queued_start": 1585661666.056241, "device_queued": -1, "device_end": -1, "host_queued_end": 1585661666.11766}, "device": "cpu", "nd_range": {"device_start": 2329442.54702237, "device_end": 2329442.5477702674}, "cmdq": 1, "read": {"device_start": -1, "device_end": -1}}, "FFC_sans_bias105": {"write": {"device_start": -1, "host_queued_start": 1585661666.064595, "device_queued": -1, "device_end": -1, "host_queued_end": 1585661666.11766}, "device": "cpu", "nd_range": {"device_start": 2329442.701314602, "device_end": 2329442.785950155}, "cmdq": 2, "read": {"device_start": -1, "device_end": -1}}, "softmax95": {"write": {"device_start": -1, "host_queued_start": 1585661666.054451, "device_queued": -1, "device_end": -1, "host_queued_end": 1585661666.11766}, "device": "cpu", "nd_range": {"device_start": 2329442.5462708413, "device_end": 2329442.5470118113}, "cmdq": 1, "read": {"device_start": -1, "device_end": -1}}, "coalesced_transpose57": {"write": {"device_start": -1, "host_queued_start": 1585661666.038149, "device_queued": -1, "device_end": -1, "host_queued_end": 1585661666.11766}, "device": "cpu", "nd_range": {"device_start": 2329441.853044858, "device_end": 2329441.854154794}, "cmdq": 0, "read": {"device_start": -1, "device_end": -1}}, "empty26": {"write": {"device_start": -1, "host_queued_start": 1585661665.836627, "device_queued": -1, "device_end": -1, "host_queued_end": 1585661666.11766}, "device": "cpu", "nd_range": {"device_start": 2329440.307316801, "device_end": 2329440.307320801}, "cmdq": 2, "read": {"device_start": -1, "device_end": -1}}, "softmax113": {"write": {"device_start": -1, "host_queued_start": 1585661666.05567, "device_queued": -1, "device_end": -1, "host_queued_end": 1585661666.11766}, "device": "cpu", "nd_range": {"device_start": 2329442.4994024783, "device_end": 2329442.500159052}, "cmdq": 0, "read": {"device_start": -1, "device_end": -1}}, "FFC_sans_bias11": {"write": {"device_start": -1, "host_queued_start": 1585661665.891663, "device_queued": -1, "device_end": -1, "host_queued_end": 1585661666.11766}, "device": "cpu", "nd_range": {"device_start": 2329440.414831345, "device_end": 2329440.496382206}, "cmdq": 2, "read": {"device_start": -1, "device_end": -1}}, "FFC_sans_bias42": {"write": {"device_start": -1, "host_queued_start": 1585661666.060041, "device_queued": -1, "device_end": -1, "host_queued_end": 1585661666.11766}, "device": "cpu", "nd_range": {"device_start": 2329442.648108709, "device_end": 2329442.7715784493}, "cmdq": 1, "read": {"device_start": -1, "device_end": -1}}, "FFC_sans_bias43": {"write": {"device_start": -1, "host_queued_start": 1585661666.084204, "device_queued": -1, "device_end": -1, "host_queued_end": 1585661666.11766}, "device": "cpu", "nd_range": {"device_start": 2329443.25473493, "device_end": 2329443.347128809}, "cmdq": 1, "read": {"device_start": -1, "device_end": -1}}, "FFC_sans_bias40": {"write": {"device_start": -1, "host_queued_start": 1585661666.042848, "device_queued": -1, "device_end": -1, "host_queued_end": 1585661666.11766}, "device": "cpu", "nd_range": {"device_start": 2329442.090148662, "device_end": 2329442.15534817}, "cmdq": 1, "read": {"device_start": -1, "device_end": -1}}, "FFC_sans_bias46": {"write": {"device_start": -1, "host_queued_start": 1585661665.931016, "device_queued": -1, "device_end": -1, "host_queued_end": 1585661666.11766}, "device": "cpu", "nd_range": {"device_start": 2329440.8142826143, "device_end": 2329440.910862661}, "cmdq": 1, "read": {"device_start": -1, "device_end": -1}}, "FFC_sans_bias47": {"write": {"device_start": -1, "host_queued_start": 1585661665.934659, "device_queued": -1, "device_end": -1, "host_queued_end": 1585661666.11766}, "device": "cpu", "nd_range": {"device_start": 2329440.822266934, "device_end": 2329440.9314845214}, "cmdq": 2, "read": {"device_start": -1, "device_end": -1}}, "FFC_sans_bias45": {"write": {"device_start": -1, "host_queued_start": 1585661665.927462, "device_queued": -1, "device_end": -1, "host_queued_end": 1585661666.11766}, "device": "cpu", "nd_range": {"device_start": 2329440.903813147, "device_end": 2329441.0136851463}, "cmdq": 0, "read": {"device_start": -1, "device_end": -1}}, "FFC_sans_bias49": {"write": {"device_start": -1, "host_queued_start": 1585661666.043204, "device_queued": -1, "device_end": -1, "host_queued_end": 1585661666.11766}, "device": "cpu", "nd_range": {"device_start": 2329442.025577338, "device_end": 2329442.178546525}, "cmdq": 2, "read": {"device_start": -1, "device_end": -1}}, "softmax77": {"write": {"device_start": -1, "host_queued_start": 1585661666.053351, "device_queued": -1, "device_end": -1, "host_queued_end": 1585661666.11766}, "device": "cpu", "nd_range": {"device_start": 2329442.4325248953, "device_end": 2329442.433434852}, "cmdq": 2, "read": {"device_start": -1, "device_end": -1}}, "empty134": {"write": {"device_start": -1, "host_queued_start": 1585661665.870182, "device_queued": -1, "device_end": -1, "host_queued_end": 1585661666.11766}, "device": "cpu", "nd_range": {"device_start": 2329440.307354807, "device_end": 2329440.307355776}, "cmdq": 2, "read": {"device_start": -1, "device_end": -1}}, "coalesced_transpose138": {"write": {"device_start": -1, "host_queued_start": 1585661665.822385, "device_queued": -1, "device_end": -1, "host_queued_end": 1585661665.827156}, "device": "gpu", "nd_range": {"device_start": 1585661598.343151, "device_end": 1585661598.3496122}, "cmdq": 0, "read": {"device_start": -1, "device_end": -1}}, "FFC_sans_bias119": {"write": {"device_start": -1, "host_queued_start": 1585661666.024384, "device_queued": -1, "device_end": -1, "host_queued_end": 1585661666.11766}, "device": "cpu", "nd_range": {"device_start": 2329441.7147446102, "device_end": 2329441.8006296824}, "cmdq": 2, "read": {"device_start": -1, "device_end": -1}}, "FFC_sans_bias118": {"write": {"device_start": -1, "host_queued_start": 1585661666.020063, "device_queued": -1, "device_end": -1, "host_queued_end": 1585661666.11766}, "device": "cpu", "nd_range": {"device_start": 2329441.753421173, "device_end": 2329441.888867346}, "cmdq": 1, "read": {"device_start": -1, "device_end": -1}}, "empty143": {"write": {"device_start": 1585661598.3388042, "host_queued_start": 1585661665.810554, "device_queued": 1585661598.3385017, "device_end": 1585661598.3389971, "host_queued_end": 1585661665.827156}, "device": "gpu", "nd_range": {"device_start": 1585661598.339005, "device_end": 1585661598.3390095}, "cmdq": 0, "read": {"device_start": -1, "device_end": -1}}, "FFC_sans_bias115": {"write": {"device_start": -1, "host_queued_start": 1585661666.111083, "device_queued": -1, "device_end": -1, "host_queued_end": 1585661666.11766}, "device": "cpu", "nd_range": {"device_start": 2329443.41649497, "device_end": 2329443.5517629064}, "cmdq": 0, "read": {"device_start": -1, "device_end": -1}}, "FFC_sans_bias114": {"write": {"device_start": -1, "host_queued_start": 1585661666.065203, "device_queued": -1, "device_end": -1, "host_queued_end": 1585661666.11766}, "device": "cpu", "nd_range": {"device_start": 2329442.925646305, "device_end": 2329443.053747769}, "cmdq": 0, "read": {"device_start": -1, "device_end": -1}}, "FFC_sans_bias117": {"write": {"device_start": -1, "host_queued_start": 1585661666.016165, "device_queued": -1, "device_end": -1, "host_queued_end": 1585661666.11766}, "device": "cpu", "nd_range": {"device_start": 2329441.656120841, "device_end": 2329441.77771823}, "cmdq": 0, "read": {"device_start": -1, "device_end": -1}}, "softmax5": {"write": {"device_start": -1, "host_queued_start": 1585661666.048894, "device_queued": -1, "device_end": -1, "host_queued_end": 1585661666.11766}, "device": "cpu", "nd_range": {"device_start": 2329442.4964335463, "device_end": 2329442.497161717}, "cmdq": 0, "read": {"device_start": -1, "device_end": -1}}, "FFC_sans_bias110": {"write": {"device_start": -1, "host_queued_start": 1585661666.012312, "device_queued": -1, "device_end": -1, "host_queued_end": 1585661666.11766}, "device": "cpu", "nd_range": {"device_start": 2329441.650343739, "device_end": 2329441.714722155}, "cmdq": 2, "read": {"device_start": -1, "device_end": -1}}, "FFC_sans_bias112": {"write": {"device_start": -1, "host_queued_start": 1585661666.047064, "device_queued": -1, "device_end": -1, "host_queued_end": 1585661666.11766}, "device": "cpu", "nd_range": {"device_start": 2329442.341242006, "device_end": 2329442.4964136323}, "cmdq": 0, "read": {"device_start": -1, "device_end": -1}}, "empty53": {"write": {"device_start": -1, "host_queued_start": 1585661665.845197, "device_queued": -1, "device_end": -1, "host_queued_end": 1585661666.11766}, "device": "cpu", "nd_range": {"device_start": 2329440.307336774, "device_end": 2329440.307337922}, "cmdq": 2, "read": {"device_start": -1, "device_end": -1}}, "coalesced_transpose48": {"write": {"device_start": -1, "host_queued_start": 1585661666.03781, "device_queued": -1, "device_end": -1, "host_queued_end": 1585661666.11766}, "device": "cpu", "nd_range": {"device_start": 2329441.9234234123, "device_end": 2329441.9247207693}, "cmdq": 2, "read": {"device_start": -1, "device_end": -1}}}