{"FFC_sans_bias4": {"write": {"device_start": -1, "host_queued_start": 1585660440.972076, "device_queued": -1, "device_end": -1, "host_queued_end": 1585660441.055371}, "device": "gpu", "nd_range": {"device_start": 1585660373.8040867, "device_end": 1585660373.8077042}, "cmdq": 0, "read": {"device_start": -1, "device_end": -1}}, "FFC_sans_bias7": {"write": {"device_start": 1585660373.9242587, "host_queued_start": 1585660441.003989, "device_queued": 1585660373.62279, "device_end": 1585660373.9243507, "host_queued_end": 1585660441.055371}, "device": "gpu", "nd_range": {"device_start": 1585660373.9243574, "device_end": 1585660373.9276803}, "cmdq": 0, "read": {"device_start": 1585660373.927689, "device_end": 1585660373.9277747}}, "FFC_sans_bias6": {"write": {"device_start": -1, "host_queued_start": 1585660440.98999, "device_queued": -1, "device_end": -1, "host_queued_end": 1585660441.055371}, "device": "gpu", "nd_range": {"device_start": 1585660373.8697598, "device_end": 1585660373.873409}, "cmdq": 0, "read": {"device_start": -1, "device_end": -1}}, "FFC_sans_bias1": {"write": {"device_start": 1585660373.6091995, "host_queued_start": 1585660440.804102, "device_queued": 1585660373.602642, "device_end": 1585660373.6092916, "host_queued_end": 1585660441.055371}, "device": "gpu", "nd_range": {"device_start": 1585660373.6093013, "device_end": 1585660373.6132295}, "cmdq": 0, "read": {"device_start": -1, "device_end": -1}}, "FFC_sans_bias0": {"write": {"device_start": 1585660373.604869, "host_queued_start": 1585660440.800677, "device_queued": 1585660373.6023338, "device_end": 1585660373.6049557, "host_queued_end": 1585660441.055371}, "device": "gpu", "nd_range": {"device_start": 1585660373.6049647, "device_end": 1585660373.6089017}, "cmdq": 0, "read": {"device_start": -1, "device_end": -1}}, "FFC_sans_bias2": {"write": {"device_start": 1585660373.613537, "host_queued_start": 1585660440.807583, "device_queued": 1585660373.6029458, "device_end": 1585660373.6136239, "host_queued_end": 1585660441.055371}, "device": "gpu", "nd_range": {"device_start": 1585660373.6136308, "device_end": 1585660373.6175718}, "cmdq": 0, "read": {"device_start": -1, "device_end": -1}}, "coalesced_transpose120": {"write": {"device_start": -1, "host_queued_start": 1585660440.970328, "device_queued": -1, "device_end": -1, "host_queued_end": 1585660441.055371}, "device": "gpu", "nd_range": {"device_start": 1585660373.8040264, "device_end": 1585660373.8040454}, "cmdq": 0, "read": {"device_start": -1, "device_end": -1}}, "FFC_sans_bias9": {"write": {"device_start": 1585660373.61788, "host_queued_start": 1585660440.810961, "device_queued": 1585660373.6032667, "device_end": 1585660373.6179912, "host_queued_end": 1585660441.055371}, "device": "gpu", "nd_range": {"device_start": 1585660373.6179981, "device_end": 1585660373.621942}, "cmdq": 0, "read": {"device_start": -1, "device_end": -1}}, "empty71": {"write": {"device_start": 1585660373.6020637, "host_queued_start": 1585660440.776197, "device_queued": 1585660373.600782, "device_end": 1585660373.602156, "host_queued_end": 1585660441.055371}, "device": "gpu", "nd_range": {"device_start": 1585660373.6021585, "device_end": 1585660373.6021626}, "cmdq": 0, "read": {"device_start": -1, "device_end": -1}}, "softmax41": {"write": {"device_start": -1, "host_queued_start": 1585660440.98367, "device_queued": -1, "device_end": -1, "host_queued_end": 1585660441.055371}, "device": "gpu", "nd_range": {"device_start": 1585660373.8641834, "device_end": 1585660373.864642}, "cmdq": 0, "read": {"device_start": -1, "device_end": -1}}, "FFC_sans_bias37": {"write": {"device_start": 1585660373.6613088, "host_queued_start": 1585660440.845247, "device_queued": 1585660373.6060405, "device_end": 1585660373.6614084, "host_queued_end": 1585660441.055371}, "device": "gpu", "nd_range": {"device_start": 1585660373.6614113, "device_end": 1585660373.665388}, "cmdq": 0, "read": {"device_start": -1, "device_end": -1}}, "FFC_sans_bias36": {"write": {"device_start": 1585660373.656968, "host_queued_start": 1585660440.841703, "device_queued": 1585660373.605749, "device_end": 1585660373.6570625, "host_queued_end": 1585660441.055371}, "device": "gpu", "nd_range": {"device_start": 1585660373.657071, "device_end": 1585660373.6610494}, "cmdq": 0, "read": {"device_start": -1, "device_end": -1}}, "FFC_sans_bias34": {"write": {"device_start": 1585660373.9360518, "host_queued_start": 1585660441.015283, "device_queued": 1585660373.6236496, "device_end": 1585660373.936144, "host_queued_end": 1585660441.055371}, "device": "gpu", "nd_range": {"device_start": 1585660373.9361467, "device_end": 1585660373.9394677}, "cmdq": 0, "read": {"device_start": 1585660373.9394696, "device_end": 1585660373.939555}}, "FFC_sans_bias33": {"write": {"device_start": -1, "host_queued_start": 1585660440.991792, "device_queued": -1, "device_end": -1, "host_queued_end": 1585660441.055371}, "device": "gpu", "nd_range": {"device_start": 1585660373.8805215, "device_end": 1585660373.8838596}, "cmdq": 0, "read": {"device_start": -1, "device_end": -1}}, "FFC_sans_bias31": {"write": {"device_start": -1, "host_queued_start": 1585660440.973857, "device_queued": -1, "device_end": -1, "host_queued_end": 1585660441.055371}, "device": "gpu", "nd_range": {"device_start": 1585660373.814972, "device_end": 1585660373.818615}, "cmdq": 0, "read": {"device_start": -1, "device_end": -1}}, "FFC_sans_bias38": {"write": {"device_start": 1585660373.6656127, "host_queued_start": 1585660440.848762, "device_queued": 1585660373.60629, "device_end": 1585660373.6657138, "host_queued_end": 1585660441.055371}, "device": "gpu", "nd_range": {"device_start": 1585660373.665722, "device_end": 1585660373.6696765}, "cmdq": 0, "read": {"device_start": -1, "device_end": -1}}, "coalesced_transpose75": {"write": {"device_start": -1, "host_queued_start": 1585660440.967334, "device_queued": -1, "device_end": -1, "host_queued_end": 1585660441.055371}, "device": "gpu", "nd_range": {"device_start": 1585660373.8039281, "device_end": 1585660373.8039463}, "cmdq": 0, "read": {"device_start": -1, "device_end": -1}}, "softmax140": {"write": {"device_start": -1, "host_queued_start": 1585660440.989418, "device_queued": -1, "device_end": -1, "host_queued_end": 1585660441.055371}, "device": "gpu", "nd_range": {"device_start": 1585660373.8693001, "device_end": 1585660373.8697588}, "cmdq": 0, "read": {"device_start": -1, "device_end": -1}}, "empty44": {"write": {"device_start": 1585660373.6010258, "host_queued_start": 1585660440.767809, "device_queued": 1585660373.600206, "device_end": 1585660373.60112, "host_queued_end": 1585660441.055371}, "device": "gpu", "nd_range": {"device_start": 1585660373.6011257, "device_end": 1585660373.6011295}, "cmdq": 0, "read": {"device_start": -1, "device_end": -1}}, "FFC_sans_bias137": {"write": {"device_start": 1585660373.7960467, "host_queued_start": 1585660440.959345, "device_queued": 1585660373.6144288, "device_end": 1585660373.7961404, "host_queued_end": 1585660441.055371}, "device": "gpu", "nd_range": {"device_start": 1585660373.7961469, "device_end": 1585660373.7997901}, "cmdq": 0, "read": {"device_start": -1, "device_end": -1}}, "empty8": {"write": {"device_start": 1585660373.5994017, "host_queued_start": 1585660440.756169, "device_queued": 1585660373.5990622, "device_end": 1585660373.599512, "host_queued_end": 1585660441.055371}, "device": "gpu", "nd_range": {"device_start": 1585660373.5995636, "device_end": 1585660373.5995684}, "cmdq": 0, "read": {"device_start": -1, "device_end": -1}}, "softmax50": {"write": {"device_start": -1, "host_queued_start": 1585660440.984175, "device_queued": -1, "device_end": -1, "host_queued_end": 1585660441.055371}, "device": "gpu", "nd_range": {"device_start": 1585660373.8646429, "device_end": 1585660373.8651128}, "cmdq": 0, "read": {"device_start": -1, "device_end": -1}}, "softmax59": {"write": {"device_start": -1, "host_queued_start": 1585660440.984664, "device_queued": -1, "device_end": -1, "host_queued_end": 1585660441.055371}, "device": "gpu", "nd_range": {"device_start": 1585660373.8651137, "device_end": 1585660373.8655844}, "cmdq": 0, "read": {"device_start": -1, "device_end": -1}}, "FFC_sans_bias142": {"write": {"device_start": 1585660373.9832237, "host_queued_start": 1585660441.055238, "device_queued": 1585660373.6615107, "device_end": 1585660373.9833162, "host_queued_end": 1585660441.055371}, "device": "gpu", "nd_range": {"device_start": 1585660373.9833186, "device_end": 1585660373.986652}, "cmdq": 0, "read": {"device_start": 1585660373.9866555, "device_end": 1585660373.9867404}}, "FFC_sans_bias141": {"write": {"device_start": -1, "host_queued_start": 1585660440.999033, "device_queued": -1, "device_end": -1, "host_queued_end": 1585660441.055371}, "device": "gpu", "nd_range": {"device_start": 1585660373.9206927, "device_end": 1585660373.924033}, "cmdq": 0, "read": {"device_start": -1, "device_end": -1}}, "FFC_sans_bias24": {"write": {"device_start": -1, "host_queued_start": 1585660440.991213, "device_queued": -1, "device_end": -1, "host_queued_end": 1585660441.055371}, "device": "gpu", "nd_range": {"device_start": 1585660373.877174, "device_end": 1585660373.8805203}, "cmdq": 0, "read": {"device_start": -1, "device_end": -1}}, "FFC_sans_bias25": {"write": {"device_start": 1585660373.9321349, "host_queued_start": 1585660441.011579, "device_queued": 1585660373.6233687, "device_end": 1585660373.932227, "host_queued_end": 1585660441.055371}, "device": "gpu", "nd_range": {"device_start": 1585660373.9322293, "device_end": 1585660373.9355414}, "cmdq": 0, "read": {"device_start": 1585660373.9355435, "device_end": 1585660373.935629}}, "FFC_sans_bias27": {"write": {"device_start": 1585660373.643954, "host_queued_start": 1585660440.831467, "device_queued": 1585660373.6050737, "device_end": 1585660373.6440525, "host_queued_end": 1585660441.055371}, "device": "gpu", "nd_range": {"device_start": 1585660373.6440573, "device_end": 1585660373.6480427}, "cmdq": 0, "read": {"device_start": -1, "device_end": -1}}, "FFC_sans_bias20": {"write": {"device_start": 1585660373.6396148, "host_queued_start": 1585660440.828084, "device_queued": 1585660373.6048214, "device_end": 1585660373.6397226, "host_queued_end": 1585660441.055371}, "device": "gpu", "nd_range": {"device_start": 1585660373.639726, "device_end": 1585660373.6436841}, "cmdq": 0, "read": {"device_start": -1, "device_end": -1}}, "FFC_sans_bias22": {"write": {"device_start": -1, "host_queued_start": 1585660440.973272, "device_queued": -1, "device_end": -1, "host_queued_end": 1585660441.055371}, "device": "gpu", "nd_range": {"device_start": 1585660373.8113337, "device_end": 1585660373.8149703}, "cmdq": 0, "read": {"device_start": -1, "device_end": -1}}, "FFC_sans_bias130": {"write": {"device_start": -1, "host_queued_start": 1585660440.980393, "device_queued": -1, "device_end": -1, "host_queued_end": 1585660441.055371}, "device": "gpu", "nd_range": {"device_start": 1585660373.855033, "device_end": 1585660373.8586788}, "cmdq": 0, "read": {"device_start": -1, "device_end": -1}}, "FFC_sans_bias28": {"write": {"device_start": 1585660373.6483061, "host_queued_start": 1585660440.834888, "device_queued": 1585660373.6052957, "device_end": 1585660373.6484072, "host_queued_end": 1585660441.055371}, "device": "gpu", "nd_range": {"device_start": 1585660373.6484144, "device_end": 1585660373.6523485}, "cmdq": 0, "read": {"device_start": -1, "device_end": -1}}, "FFC_sans_bias29": {"write": {"device_start": 1585660373.6526406, "host_queued_start": 1585660440.838306, "device_queued": 1585660373.6055079, "device_end": 1585660373.6527474, "host_queued_end": 1585660441.055371}, "device": "gpu", "nd_range": {"device_start": 1585660373.652752, "device_end": 1585660373.6567216}, "cmdq": 0, "read": {"device_start": -1, "device_end": -1}}, "coalesced_transpose66": {"write": {"device_start": -1, "host_queued_start": 1585660440.966711, "device_queued": -1, "device_end": -1, "host_queued_end": 1585660441.055371}, "device": "gpu", "nd_range": {"device_start": 1585660373.8039088, "device_end": 1585660373.8039272}, "cmdq": 0, "read": {"device_start": -1, "device_end": -1}}, "coalesced_transpose93": {"write": {"device_start": -1, "host_queued_start": 1585660440.968567, "device_queued": -1, "device_end": -1, "host_queued_end": 1585660441.055371}, "device": "gpu", "nd_range": {"device_start": 1585660373.803967, "device_end": 1585660373.8039854}, "cmdq": 0, "read": {"device_start": -1, "device_end": -1}}, "softmax23": {"write": {"device_start": -1, "host_queued_start": 1585660440.982603, "device_queued": -1, "device_end": -1, "host_queued_end": 1585660441.055371}, "device": "gpu", "nd_range": {"device_start": 1585660373.863265, "device_end": 1585660373.8637228}, "cmdq": 0, "read": {"device_start": -1, "device_end": -1}}, "empty62": {"write": {"device_start": 1585660373.6017303, "host_queued_start": 1585660440.773179, "device_queued": 1585660373.6005588, "device_end": 1585660373.6018243, "host_queued_end": 1585660441.055371}, "device": "gpu", "nd_range": {"device_start": 1585660373.6018274, "device_end": 1585660373.6018314}, "cmdq": 0, "read": {"device_start": -1, "device_end": -1}}, "FFC_sans_bias10": {"write": {"device_start": 1585660373.6222258, "host_queued_start": 1585660440.814376, "device_queued": 1585660373.6036365, "device_end": 1585660373.6223187, "host_queued_end": 1585660441.055371}, "device": "gpu", "nd_range": {"device_start": 1585660373.6223288, "device_end": 1585660373.6263185}, "cmdq": 0, "read": {"device_start": -1, "device_end": -1}}, "FFC_sans_bias13": {"write": {"device_start": -1, "host_queued_start": 1585660440.972683, "device_queued": -1, "device_end": -1, "host_queued_end": 1585660441.055371}, "device": "gpu", "nd_range": {"device_start": 1585660373.8077052, "device_end": 1585660373.8113325}, "cmdq": 0, "read": {"device_start": -1, "device_end": -1}}, "FFC_sans_bias15": {"write": {"device_start": -1, "host_queued_start": 1585660440.990637, "device_queued": -1, "device_end": -1, "host_queued_end": 1585660441.055371}, "device": "gpu", "nd_range": {"device_start": 1585660373.8734107, "device_end": 1585660373.877173}, "cmdq": 0, "read": {"device_start": -1, "device_end": -1}}, "FFC_sans_bias16": {"write": {"device_start": 1585660373.9282017, "host_queued_start": 1585660441.00806, "device_queued": 1585660373.6230805, "device_end": 1585660373.928294, "host_queued_end": 1585660441.055371}, "device": "gpu", "nd_range": {"device_start": 1585660373.9282978, "device_end": 1585660373.931615}, "cmdq": 0, "read": {"device_start": 1585660373.9316218, "device_end": 1585660373.931707}}, "FFC_sans_bias19": {"write": {"device_start": 1585660373.6352634, "host_queued_start": 1585660440.824653, "device_queued": 1585660373.604513, "device_end": 1585660373.635364, "host_queued_end": 1585660441.055371}, "device": "gpu", "nd_range": {"device_start": 1585660373.635367, "device_end": 1585660373.6393342}, "cmdq": 0, "read": {"device_start": -1, "device_end": -1}}, "FFC_sans_bias18": {"write": {"device_start": 1585660373.6309154, "host_queued_start": 1585660440.821236, "device_queued": 1585660373.6042213, "device_end": 1585660373.6310182, "host_queued_end": 1585660441.055371}, "device": "gpu", "nd_range": {"device_start": 1585660373.6310213, "device_end": 1585660373.6349885}, "cmdq": 0, "read": {"device_start": -1, "device_end": -1}}, "FFC_sans_bias99": {"write": {"device_start": 1585660373.7445662, "host_queued_start": 1585660440.914399, "device_queued": 1585660373.611058, "device_end": 1585660373.744659, "host_queued_end": 1585660441.055371}, "device": "gpu", "nd_range": {"device_start": 1585660373.744665, "device_end": 1585660373.7482984}, "cmdq": 0, "read": {"device_start": -1, "device_end": -1}}, "FFC_sans_bias91": {"write": {"device_start": 1585660373.7366219, "host_queued_start": 1585660440.907426, "device_queued": 1585660373.610574, "device_end": 1585660373.7367218, "host_queued_end": 1585660441.055371}, "device": "gpu", "nd_range": {"device_start": 1585660373.7367282, "device_end": 1585660373.7403607}, "cmdq": 0, "read": {"device_start": -1, "device_end": -1}}, "FFC_sans_bias90": {"write": {"device_start": 1585660373.7326632, "host_queued_start": 1585660440.903993, "device_queued": 1585660373.6103315, "device_end": 1585660373.7327619, "host_queued_end": 1585660441.055371}, "device": "gpu", "nd_range": {"device_start": 1585660373.7327645, "device_end": 1585660373.7363992}, "cmdq": 0, "read": {"device_start": -1, "device_end": -1}}, "coalesced_transpose12": {"write": {"device_start": -1, "host_queued_start": 1585660440.963475, "device_queued": -1, "device_end": -1, "host_queued_end": 1585660441.055371}, "device": "gpu", "nd_range": {"device_start": 1585660373.803789, "device_end": 1585660373.8038077}, "cmdq": 0, "read": {"device_start": -1, "device_end": -1}}, "FFC_sans_bias94": {"write": {"device_start": -1, "host_queued_start": 1585660440.977989, "device_queued": -1, "device_end": -1, "host_queued_end": 1585660441.055371}, "device": "gpu", "nd_range": {"device_start": 1585660373.840445, "device_end": 1585660373.8440955}, "cmdq": 0, "read": {"device_start": -1, "device_end": -1}}, "FFC_sans_bias97": {"write": {"device_start": 1585660373.9635692, "host_queued_start": 1585660441.039239, "device_queued": 1585660373.6256773, "device_end": 1585660373.963662, "host_queued_end": 1585660441.055371}, "device": "gpu", "nd_range": {"device_start": 1585660373.9636645, "device_end": 1585660373.9669864}, "cmdq": 0, "read": {"device_start": 1585660373.9669907, "device_end": 1585660373.9670758}}, "FFC_sans_bias96": {"write": {"device_start": -1, "host_queued_start": 1585660440.995976, "device_queued": -1, "device_end": -1, "host_queued_end": 1585660441.055371}, "device": "gpu", "nd_range": {"device_start": 1585660373.9039466, "device_end": 1585660373.9072902}, "cmdq": 0, "read": {"device_start": -1, "device_end": -1}}, "FFC_sans_bias124": {"write": {"device_start": 1585660373.9753804, "host_queued_start": 1585660441.04882, "device_queued": 1585660373.6442084, "device_end": 1585660373.9754727, "host_queued_end": 1585660441.055371}, "device": "gpu", "nd_range": {"device_start": 1585660373.9754753, "device_end": 1585660373.978793}, "cmdq": 0, "read": {"device_start": 1585660373.9787965, "device_end": 1585660373.9788816}}, "FFC_sans_bias126": {"write": {"device_start": 1585660373.7841744, "host_queued_start": 1585660440.94903, "device_queued": 1585660373.6136343, "device_end": 1585660373.7842712, "host_queued_end": 1585660441.055371}, "device": "gpu", "nd_range": {"device_start": 1585660373.7842743, "device_end": 1585660373.7879071}, "cmdq": 0, "read": {"device_start": -1, "device_end": -1}}, "softmax32": {"write": {"device_start": -1, "host_queued_start": 1585660440.983158, "device_queued": -1, "device_end": -1, "host_queued_end": 1585660441.055371}, "device": "gpu", "nd_range": {"device_start": 1585660373.863724, "device_end": 1585660373.8641822}, "cmdq": 0, "read": {"device_start": -1, "device_end": -1}}, "coalesced_transpose84": {"write": {"device_start": -1, "host_queued_start": 1585660440.967904, "device_queued": -1, "device_end": -1, "host_queued_end": 1585660441.055371}, "device": "gpu", "nd_range": {"device_start": 1585660373.8039474, "device_end": 1585660373.803966}, "cmdq": 0, "read": {"device_start": -1, "device_end": -1}}, "FFC_sans_bias121": {"write": {"device_start": -1, "host_queued_start": 1585660440.979804, "device_queued": -1, "device_end": -1, "host_queued_end": 1585660441.055371}, "device": "gpu", "nd_range": {"device_start": 1585660373.8513887, "device_end": 1585660373.855032}, "cmdq": 0, "read": {"device_start": -1, "device_end": -1}}, "empty98": {"write": {"device_start": 1585660373.602992, "host_queued_start": 1585660440.784228, "device_queued": 1585660373.6013024, "device_end": 1585660373.6030884, "host_queued_end": 1585660441.055371}, "device": "gpu", "nd_range": {"device_start": 1585660373.603097, "device_end": 1585660373.6031005}, "cmdq": 0, "read": {"device_start": -1, "device_end": -1}}, "empty107": {"write": {"device_start": 1585660373.603378, "host_queued_start": 1585660440.786914, "device_queued": 1585660373.6015034, "device_end": 1585660373.6034648, "host_queued_end": 1585660441.055371}, "device": "gpu", "nd_range": {"device_start": 1585660373.6034737, "device_end": 1585660373.6034772}, "cmdq": 0, "read": {"device_start": -1, "device_end": -1}}, "empty17": {"write": {"device_start": 1585660373.5999029, "host_queued_start": 1585660440.759718, "device_queued": 1585660373.5995262, "device_end": 1585660373.5999954, "host_queued_end": 1585660441.055371}, "device": "gpu", "nd_range": {"device_start": 1585660373.6000035, "device_end": 1585660373.6000073}, "cmdq": 0, "read": {"device_start": -1, "device_end": -1}}, "FFC_sans_bias87": {"write": {"device_start": -1, "host_queued_start": 1585660440.995401, "device_queued": -1, "device_end": -1, "host_queued_end": 1585660441.055371}, "device": "gpu", "nd_range": {"device_start": 1585660373.9006028, "device_end": 1585660373.9039457}, "cmdq": 0, "read": {"device_start": -1, "device_end": -1}}, "FFC_sans_bias85": {"write": {"device_start": -1, "host_queued_start": 1585660440.977426, "device_queued": -1, "device_end": -1, "host_queued_end": 1585660441.055371}, "device": "gpu", "nd_range": {"device_start": 1585660373.836801, "device_end": 1585660373.840444}, "cmdq": 0, "read": {"device_start": -1, "device_end": -1}}, "FFC_sans_bias82": {"write": {"device_start": 1585660373.7246914, "host_queued_start": 1585660440.897021, "device_queued": 1585660373.6098442, "device_end": 1585660373.7247837, "host_queued_end": 1585660441.055371}, "device": "gpu", "nd_range": {"device_start": 1585660373.72479, "device_end": 1585660373.7284362}, "cmdq": 0, "read": {"device_start": -1, "device_end": -1}}, "FFC_sans_bias83": {"write": {"device_start": 1585660373.7286777, "host_queued_start": 1585660440.900556, "device_queued": 1585660373.6100895, "device_end": 1585660373.7287698, "host_queued_end": 1585660441.055371}, "device": "gpu", "nd_range": {"device_start": 1585660373.7287745, "device_end": 1585660373.7324271}, "cmdq": 0, "read": {"device_start": -1, "device_end": -1}}, "FFC_sans_bias81": {"write": {"device_start": 1585660373.720703, "host_queued_start": 1585660440.893594, "device_queued": 1585660373.6095903, "device_end": 1585660373.7207942, "host_queued_end": 1585660441.055371}, "device": "gpu", "nd_range": {"device_start": 1585660373.7208009, "device_end": 1585660373.7244449}, "cmdq": 0, "read": {"device_start": -1, "device_end": -1}}, "FFC_sans_bias88": {"write": {"device_start": 1585660373.959628, "host_queued_start": 1585660441.036122, "device_queued": 1585660373.6253896, "device_end": 1585660373.959721, "host_queued_end": 1585660441.055371}, "device": "gpu", "nd_range": {"device_start": 1585660373.9597235, "device_end": 1585660373.9630604}, "cmdq": 0, "read": {"device_start": 1585660373.9630687, "device_end": 1585660373.963154}}, "coalesced_transpose30": {"write": {"device_start": -1, "host_queued_start": 1585660440.964372, "device_queued": -1, "device_end": -1, "host_queued_end": 1585660441.055371}, "device": "gpu", "nd_range": {"device_start": 1585660373.8038287, "device_end": 1585660373.8038473}, "cmdq": 0, "read": {"device_start": -1, "device_end": -1}}, "FFC_sans_bias128": {"write": {"device_start": 1585660373.780212, "host_queued_start": 1585660440.945566, "device_queued": 1585660373.6132772, "device_end": 1585660373.780305, "host_queued_end": 1585660441.055371}, "device": "gpu", "nd_range": {"device_start": 1585660373.7803082, "device_end": 1585660373.7839375}, "cmdq": 0, "read": {"device_start": -1, "device_end": -1}}, "coalesced_transpose39": {"write": {"device_start": -1, "host_queued_start": 1585660440.964993, "device_queued": -1, "device_end": -1, "host_queued_end": 1585660441.055371}, "device": "gpu", "nd_range": {"device_start": 1585660373.8038483, "device_end": 1585660373.8038676}, "cmdq": 0, "read": {"device_start": -1, "device_end": -1}}, "FFC_sans_bias79": {"write": {"device_start": 1585660373.9557083, "host_queued_start": 1585660441.032941, "device_queued": 1585660373.6250956, "device_end": 1585660373.9558012, "host_queued_end": 1585660441.055371}, "device": "gpu", "nd_range": {"device_start": 1585660373.9558036, "device_end": 1585660373.9591246}, "cmdq": 0, "read": {"device_start": 1585660373.9591274, "device_end": 1585660373.9592125}}, "FFC_sans_bias78": {"write": {"device_start": -1, "host_queued_start": 1585660440.994747, "device_queued": -1, "device_end": -1, "host_queued_end": 1585660441.055371}, "device": "gpu", "nd_range": {"device_start": 1585660373.8972583, "device_end": 1585660373.9006016}, "cmdq": 0, "read": {"device_start": -1, "device_end": -1}}, "FFC_sans_bias73": {"write": {"device_start": 1585660373.712771, "host_queued_start": 1585660440.886653, "device_queued": 1585660373.6088452, "device_end": 1585660373.7128637, "host_queued_end": 1585660441.055371}, "device": "gpu", "nd_range": {"device_start": 1585660373.7128696, "device_end": 1585660373.716504}, "cmdq": 0, "read": {"device_start": -1, "device_end": -1}}, "FFC_sans_bias72": {"write": {"device_start": 1585660373.7087526, "host_queued_start": 1585660440.883275, "device_queued": 1585660373.6085525, "device_end": 1585660373.7088451, "host_queued_end": 1585660441.055371}, "device": "gpu", "nd_range": {"device_start": 1585660373.7088478, "device_end": 1585660373.7124872}, "cmdq": 0, "read": {"device_start": -1, "device_end": -1}}, "FFC_sans_bias70": {"write": {"device_start": 1585660373.9517813, "host_queued_start": 1585660441.029752, "device_queued": 1585660373.6248128, "device_end": 1585660373.9518733, "host_queued_end": 1585660441.055371}, "device": "gpu", "nd_range": {"device_start": 1585660373.9518816, "device_end": 1585660373.9551966}, "cmdq": 0, "read": {"device_start": 1585660373.9552045, "device_end": 1585660373.9552896}}, "FFC_sans_bias76": {"write": {"device_start": -1, "host_queued_start": 1585660440.976858, "device_queued": -1, "device_end": -1, "host_queued_end": 1585660441.055371}, "device": "gpu", "nd_range": {"device_start": 1585660373.8331866, "device_end": 1585660373.8368}, "cmdq": 0, "read": {"device_start": -1, "device_end": -1}}, "FFC_sans_bias74": {"write": {"device_start": 1585660373.7167265, "host_queued_start": 1585660440.890105, "device_queued": 1585660373.6093054, "device_end": 1585660373.7168183, "host_queued_end": 1585660441.055371}, "device": "gpu", "nd_range": {"device_start": 1585660373.7168267, "device_end": 1585660373.7204804}, "cmdq": 0, "read": {"device_start": -1, "device_end": -1}}, "coalesced_transpose102": {"write": {"device_start": -1, "host_queued_start": 1585660440.969142, "device_queued": -1, "device_end": -1, "host_queued_end": 1585660441.055371}, "device": "gpu", "nd_range": {"device_start": 1585660373.8039863, "device_end": 1585660373.8040047}, "cmdq": 0, "read": {"device_start": -1, "device_end": -1}}, "coalesced_transpose3": {"write": {"device_start": -1, "host_queued_start": 1585660440.963155, "device_queued": -1, "device_end": -1, "host_queued_end": 1585660441.055371}, "device": "gpu", "nd_range": {"device_start": 1585660373.8037696, "device_end": 1585660373.803788}, "cmdq": 0, "read": {"device_start": -1, "device_end": -1}}, "FFC_sans_bias127": {"write": {"device_start": 1585660373.788129, "host_queued_start": 1585660440.95243, "device_queued": 1585660373.613922, "device_end": 1585660373.7882216, "host_queued_end": 1585660441.055371}, "device": "gpu", "nd_range": {"device_start": 1585660373.788228, "device_end": 1585660373.791847}, "cmdq": 0, "read": {"device_start": -1, "device_end": -1}}, "empty89": {"write": {"device_start": 1585660373.602698, "host_queued_start": 1585660440.781549, "device_queued": 1585660373.6011302, "device_end": 1585660373.6027842, "host_queued_end": 1585660441.055371}, "device": "gpu", "nd_range": {"device_start": 1585660373.6027865, "device_end": 1585660373.602791}, "cmdq": 0, "read": {"device_start": -1, "device_end": -1}}, "FFC_sans_bias123": {"write": {"device_start": -1, "host_queued_start": 1585660440.99787, "device_queued": -1, "device_end": -1, "host_queued_end": 1585660441.055371}, "device": "gpu", "nd_range": {"device_start": 1585660373.9139857, "device_end": 1585660373.917337}, "cmdq": 0, "read": {"device_start": -1, "device_end": -1}}, "empty80": {"write": {"device_start": 1585660373.6023889, "host_queued_start": 1585660440.778821, "device_queued": 1585660373.6009462, "device_end": 1585660373.6024761, "host_queued_end": 1585660441.055371}, "device": "gpu", "nd_range": {"device_start": 1585660373.6024792, "device_end": 1585660373.6024833}, "cmdq": 0, "read": {"device_start": -1, "device_end": -1}}, "empty116": {"write": {"device_start": 1585660373.603674, "host_queued_start": 1585660440.789648, "device_queued": 1585660373.601649, "device_end": 1585660373.6037612, "host_queued_end": 1585660441.055371}, "device": "gpu", "nd_range": {"device_start": 1585660373.6037717, "device_end": 1585660373.6037755}, "cmdq": 0, "read": {"device_start": -1, "device_end": -1}}, "softmax104": {"write": {"device_start": -1, "host_queued_start": 1585660440.98726, "device_queued": -1, "device_end": -1, "host_queued_end": 1585660441.055371}, "device": "gpu", "nd_range": {"device_start": 1585660373.8674414, "device_end": 1585660373.8679166}, "cmdq": 0, "read": {"device_start": -1, "device_end": -1}}, "coalesced_transpose21": {"write": {"device_start": -1, "host_queued_start": 1585660440.963794, "device_queued": -1, "device_end": -1, "host_queued_end": 1585660441.055371}, "device": "gpu", "nd_range": {"device_start": 1585660373.8038094, "device_end": 1585660373.8038278}, "cmdq": 0, "read": {"device_start": -1, "device_end": -1}}, "softmax14": {"write": {"device_start": -1, "host_queued_start": 1585660440.98205, "device_queued": -1, "device_end": -1, "host_queued_end": 1585660441.055371}, "device": "gpu", "nd_range": {"device_start": 1585660373.862806, "device_end": 1585660373.863264}, "cmdq": 0, "read": {"device_start": -1, "device_end": -1}}, "FFC_sans_bias69": {"write": {"device_start": -1, "host_queued_start": 1585660440.994171, "device_queued": -1, "device_end": -1, "host_queued_end": 1585660441.055371}, "device": "gpu", "nd_range": {"device_start": 1585660373.8939202, "device_end": 1585660373.8972573}, "cmdq": 0, "read": {"device_start": -1, "device_end": -1}}, "FFC_sans_bias92": {"write": {"device_start": 1585660373.7405849, "host_queued_start": 1585660440.910951, "device_queued": 1585660373.6108167, "device_end": 1585660373.7406769, "host_queued_end": 1585660441.055371}, "device": "gpu", "nd_range": {"device_start": 1585660373.740686, "device_end": 1585660373.7443407}, "cmdq": 0, "read": {"device_start": -1, "device_end": -1}}, "FFC_sans_bias60": {"write": {"device_start": -1, "host_queued_start": 1585660440.993576, "device_queued": -1, "device_end": -1, "host_queued_end": 1585660441.055371}, "device": "gpu", "nd_range": {"device_start": 1585660373.8905597, "device_end": 1585660373.8939188}, "cmdq": 0, "read": {"device_start": -1, "device_end": -1}}, "FFC_sans_bias61": {"write": {"device_start": 1585660373.9478543, "host_queued_start": 1585660441.026496, "device_queued": 1585660373.624531, "device_end": 1585660373.9479458, "host_queued_end": 1585660441.055371}, "device": "gpu", "nd_range": {"device_start": 1585660373.9479525, "device_end": 1585660373.9512691}, "cmdq": 0, "read": {"device_start": 1585660373.9512753, "device_end": 1585660373.9513607}}, "FFC_sans_bias63": {"write": {"device_start": 1585660373.7042348, "host_queued_start": 1585660440.879771, "device_queued": 1585660373.6083224, "device_end": 1585660373.7043276, "host_queued_end": 1585660441.055371}, "device": "gpu", "nd_range": {"device_start": 1585660373.7043319, "device_end": 1585660373.7085257}, "cmdq": 0, "read": {"device_start": -1, "device_end": -1}}, "FFC_sans_bias64": {"write": {"device_start": 1585660373.6956344, "host_queued_start": 1585660440.872863, "device_queued": 1585660373.607857, "device_end": 1585660373.695727, "host_queued_end": 1585660441.055371}, "device": "gpu", "nd_range": {"device_start": 1585660373.6957324, "device_end": 1585660373.6996999}, "cmdq": 0, "read": {"device_start": -1, "device_end": -1}}, "FFC_sans_bias65": {"write": {"device_start": 1585660373.6999514, "host_queued_start": 1585660440.876324, "device_queued": 1585660373.6080873, "device_end": 1585660373.7000444, "host_queued_end": 1585660441.055371}, "device": "gpu", "nd_range": {"device_start": 1585660373.7000515, "device_end": 1585660373.7039995}, "cmdq": 0, "read": {"device_start": -1, "device_end": -1}}, "FFC_sans_bias67": {"write": {"device_start": -1, "host_queued_start": 1585660440.976222, "device_queued": -1, "device_end": -1, "host_queued_end": 1585660441.055371}, "device": "gpu", "nd_range": {"device_start": 1585660373.829537, "device_end": 1585660373.8331854}, "cmdq": 0, "read": {"device_start": -1, "device_end": -1}}, "coalesced_transpose111": {"write": {"device_start": -1, "host_queued_start": 1585660440.969762, "device_queued": -1, "device_end": -1, "host_queued_end": 1585660441.055371}, "device": "gpu", "nd_range": {"device_start": 1585660373.8040063, "device_end": 1585660373.8040254}, "cmdq": 0, "read": {"device_start": -1, "device_end": -1}}, "FFC_sans_bias136": {"write": {"device_start": 1585660373.792085, "host_queued_start": 1585660440.955875, "device_queued": 1585660373.6141875, "device_end": 1585660373.7921772, "host_queued_end": 1585660441.055371}, "device": "gpu", "nd_range": {"device_start": 1585660373.7921827, "device_end": 1585660373.7958238}, "cmdq": 0, "read": {"device_start": -1, "device_end": -1}}, "FFC_sans_bias135": {"write": {"device_start": 1585660373.8000286, "host_queued_start": 1585660440.962746, "device_queued": 1585660373.61467, "device_end": 1585660373.8001206, "host_queued_end": 1585660441.055371}, "device": "gpu", "nd_range": {"device_start": 1585660373.8001268, "device_end": 1585660373.8037686}, "cmdq": 0, "read": {"device_start": -1, "device_end": -1}}, "FFC_sans_bias133": {"write": {"device_start": 1585660373.9792917, "host_queued_start": 1585660441.05196, "device_queued": 1585660373.652852, "device_end": 1585660373.9793842, "host_queued_end": 1585660441.055371}, "device": "gpu", "nd_range": {"device_start": 1585660373.9793868, "device_end": 1585660373.9827049}, "cmdq": 0, "read": {"device_start": 1585660373.9827123, "device_end": 1585660373.9827974}}, "FFC_sans_bias132": {"write": {"device_start": -1, "host_queued_start": 1585660440.998449, "device_queued": -1, "device_end": -1, "host_queued_end": 1585660441.055371}, "device": "gpu", "nd_range": {"device_start": 1585660373.917338, "device_end": 1585660373.9206915}, "cmdq": 0, "read": {"device_start": -1, "device_end": -1}}, "softmax68": {"write": {"device_start": -1, "host_queued_start": 1585660440.985162, "device_queued": -1, "device_end": -1, "host_queued_end": 1585660441.055371}, "device": "gpu", "nd_range": {"device_start": 1585660373.8655856, "device_end": 1585660373.8660548}, "cmdq": 0, "read": {"device_start": -1, "device_end": -1}}, "softmax131": {"write": {"device_start": -1, "host_queued_start": 1585660440.988903, "device_queued": -1, "device_end": -1, "host_queued_end": 1585660441.055371}, "device": "gpu", "nd_range": {"device_start": 1585660373.8688393, "device_end": 1585660373.8692987}, "cmdq": 0, "read": {"device_start": -1, "device_end": -1}}, "empty125": {"write": {"device_start": 1585660373.60398, "host_queued_start": 1585660440.792344, "device_queued": 1585660373.6018636, "device_end": 1585660373.6040668, "host_queued_end": 1585660441.055371}, "device": "gpu", "nd_range": {"device_start": 1585660373.6040738, "device_end": 1585660373.6040773}, "cmdq": 0, "read": {"device_start": -1, "device_end": -1}}, "FFC_sans_bias139": {"write": {"device_start": -1, "host_queued_start": 1585660440.981016, "device_queued": -1, "device_end": -1, "host_queued_end": 1585660441.055371}, "device": "gpu", "nd_range": {"device_start": 1585660373.85868, "device_end": 1585660373.86232}, "cmdq": 0, "read": {"device_start": -1, "device_end": -1}}, "empty35": {"write": {"device_start": 1585660373.600647, "host_queued_start": 1585660440.76511, "device_queued": 1585660373.6000063, "device_end": 1585660373.6007426, "host_queued_end": 1585660441.055371}, "device": "gpu", "nd_range": {"device_start": 1585660373.600745, "device_end": 1585660373.6007493}, "cmdq": 0, "read": {"device_start": -1, "device_end": -1}}, "softmax86": {"write": {"device_start": -1, "host_queued_start": 1585660440.986255, "device_queued": -1, "device_end": -1, "host_queued_end": 1585660441.055371}, "device": "gpu", "nd_range": {"device_start": 1585660373.8665156, "device_end": 1585660373.8669765}, "cmdq": 0, "read": {"device_start": -1, "device_end": -1}}, "FFC_sans_bias55": {"write": {"device_start": 1585660373.6913333, "host_queued_start": 1585660440.869371, "device_queued": 1585660373.6076357, "device_end": 1585660373.691427, "host_queued_end": 1585660441.055371}, "device": "gpu", "nd_range": {"device_start": 1585660373.6914294, "device_end": 1585660373.6954074}, "cmdq": 0, "read": {"device_start": -1, "device_end": -1}}, "FFC_sans_bias54": {"write": {"device_start": 1585660373.6870246, "host_queued_start": 1585660440.865923, "device_queued": 1585660373.6074197, "device_end": 1585660373.687117, "host_queued_end": 1585660441.055371}, "device": "gpu", "nd_range": {"device_start": 1585660373.6871226, "device_end": 1585660373.691109}, "cmdq": 0, "read": {"device_start": -1, "device_end": -1}}, "FFC_sans_bias56": {"write": {"device_start": 1585660373.6827524, "host_queued_start": 1585660440.862423, "device_queued": 1585660373.607202, "device_end": 1585660373.6828458, "host_queued_end": 1585660441.055371}, "device": "gpu", "nd_range": {"device_start": 1585660373.6828485, "device_end": 1585660373.6867993}, "cmdq": 0, "read": {"device_start": -1, "device_end": -1}}, "FFC_sans_bias51": {"write": {"device_start": -1, "host_queued_start": 1585660440.993004, "device_queued": -1, "device_end": -1, "host_queued_end": 1585660441.055371}, "device": "gpu", "nd_range": {"device_start": 1585660373.8872101, "device_end": 1585660373.8905585}, "cmdq": 0, "read": {"device_start": -1, "device_end": -1}}, "FFC_sans_bias52": {"write": {"device_start": 1585660373.943918, "host_queued_start": 1585660441.0228, "device_queued": 1585660373.6242454, "device_end": 1585660373.94401, "host_queued_end": 1585660441.055371}, "device": "gpu", "nd_range": {"device_start": 1585660373.9440124, "device_end": 1585660373.9473207}, "cmdq": 0, "read": {"device_start": 1585660373.9473248, "device_end": 1585660373.94741}}, "FFC_sans_bias58": {"write": {"device_start": -1, "host_queued_start": 1585660440.975638, "device_queued": -1, "device_end": -1, "host_queued_end": 1585660441.055371}, "device": "gpu", "nd_range": {"device_start": 1585660373.8258936, "device_end": 1585660373.829536}, "cmdq": 0, "read": {"device_start": -1, "device_end": -1}}, "FFC_sans_bias108": {"write": {"device_start": 1585660373.7564445, "host_queued_start": 1585660440.924844, "device_queued": 1585660373.6117818, "device_end": 1585660373.756537, "host_queued_end": 1585660441.055371}, "device": "gpu", "nd_range": {"device_start": 1585660373.7565396, "device_end": 1585660373.7601898}, "cmdq": 0, "read": {"device_start": -1, "device_end": -1}}, "FFC_sans_bias109": {"write": {"device_start": 1585660373.7604146, "host_queued_start": 1585660440.928274, "device_queued": 1585660373.6120465, "device_end": 1585660373.7605064, "host_queued_end": 1585660441.055371}, "device": "gpu", "nd_range": {"device_start": 1585660373.7605133, "device_end": 1585660373.764132}, "cmdq": 0, "read": {"device_start": -1, "device_end": -1}}, "coalesced_transpose129": {"write": {"device_start": -1, "host_queued_start": 1585660440.970899, "device_queued": -1, "device_end": -1, "host_queued_end": 1585660441.055371}, "device": "gpu", "nd_range": {"device_start": 1585660373.804047, "device_end": 1585660373.8040657}, "cmdq": 0, "read": {"device_start": -1, "device_end": -1}}, "FFC_sans_bias103": {"write": {"device_start": -1, "host_queued_start": 1585660440.978581, "device_queued": -1, "device_end": -1, "host_queued_end": 1585660441.055371}, "device": "gpu", "nd_range": {"device_start": 1585660373.8440967, "device_end": 1585660373.8477473}, "cmdq": 0, "read": {"device_start": -1, "device_end": -1}}, "FFC_sans_bias100": {"write": {"device_start": 1585660373.748525, "host_queued_start": 1585660440.9179, "device_queued": 1585660373.6112964, "device_end": 1585660373.7486184, "host_queued_end": 1585660441.055371}, "device": "gpu", "nd_range": {"device_start": 1585660373.748621, "device_end": 1585660373.7522492}, "cmdq": 0, "read": {"device_start": -1, "device_end": -1}}, "FFC_sans_bias101": {"write": {"device_start": 1585660373.7524734, "host_queued_start": 1585660440.921339, "device_queued": 1585660373.6115386, "device_end": 1585660373.7525659, "host_queued_end": 1585660441.055371}, "device": "gpu", "nd_range": {"device_start": 1585660373.7525723, "device_end": 1585660373.7562206}, "cmdq": 0, "read": {"device_start": -1, "device_end": -1}}, "FFC_sans_bias106": {"write": {"device_start": 1585660373.967495, "host_queued_start": 1585660441.042447, "device_queued": 1585660373.626819, "device_end": 1585660373.9675872, "host_queued_end": 1585660441.055371}, "device": "gpu", "nd_range": {"device_start": 1585660373.967594, "device_end": 1585660373.9709058}, "cmdq": 0, "read": {"device_start": 1585660373.9709084, "device_end": 1585660373.9709942}}, "softmax122": {"write": {"device_start": -1, "host_queued_start": 1585660440.988394, "device_queued": -1, "device_end": -1, "host_queued_end": 1585660441.055371}, "device": "gpu", "nd_range": {"device_start": 1585660373.8683798, "device_end": 1585660373.8688383}, "cmdq": 0, "read": {"device_start": -1, "device_end": -1}}, "FFC_sans_bias105": {"write": {"device_start": -1, "host_queued_start": 1585660440.996639, "device_queued": -1, "device_end": -1, "host_queued_end": 1585660441.055371}, "device": "gpu", "nd_range": {"device_start": 1585660373.9072914, "device_end": 1585660373.9106388}, "cmdq": 0, "read": {"device_start": -1, "device_end": -1}}, "softmax95": {"write": {"device_start": -1, "host_queued_start": 1585660440.98676, "device_queued": -1, "device_end": -1, "host_queued_end": 1585660441.055371}, "device": "gpu", "nd_range": {"device_start": 1585660373.866978, "device_end": 1585660373.8674405}, "cmdq": 0, "read": {"device_start": -1, "device_end": -1}}, "coalesced_transpose57": {"write": {"device_start": -1, "host_queued_start": 1585660440.96613, "device_queued": -1, "device_end": -1, "host_queued_end": 1585660441.055371}, "device": "gpu", "nd_range": {"device_start": 1585660373.8038883, "device_end": 1585660373.8039074}, "cmdq": 0, "read": {"device_start": -1, "device_end": -1}}, "empty26": {"write": {"device_start": 1585660373.6002727, "host_queued_start": 1585660440.762403, "device_queued": 1585660373.5997949, "device_end": 1585660373.6003666, "host_queued_end": 1585660441.055371}, "device": "gpu", "nd_range": {"device_start": 1585660373.600377, "device_end": 1585660373.6003811}, "cmdq": 0, "read": {"device_start": -1, "device_end": -1}}, "softmax113": {"write": {"device_start": -1, "host_queued_start": 1585660440.987845, "device_queued": -1, "device_end": -1, "host_queued_end": 1585660441.055371}, "device": "gpu", "nd_range": {"device_start": 1585660373.8679178, "device_end": 1585660373.8683784}, "cmdq": 0, "read": {"device_start": -1, "device_end": -1}}, "FFC_sans_bias11": {"write": {"device_start": 1585660373.62659, "host_queued_start": 1585660440.817833, "device_queued": 1585660373.6039176, "device_end": 1585660373.6266901, "host_queued_end": 1585660441.055371}, "device": "gpu", "nd_range": {"device_start": 1585660373.6266963, "device_end": 1585660373.6306524}, "cmdq": 0, "read": {"device_start": -1, "device_end": -1}}, "FFC_sans_bias42": {"write": {"device_start": -1, "host_queued_start": 1585660440.992367, "device_queued": -1, "device_end": -1, "host_queued_end": 1585660441.055371}, "device": "gpu", "nd_range": {"device_start": 1585660373.8838606, "device_end": 1585660373.8872092}, "cmdq": 0, "read": {"device_start": -1, "device_end": -1}}, "FFC_sans_bias43": {"write": {"device_start": 1585660373.9399981, "host_queued_start": 1585660441.019101, "device_queued": 1585660373.6239126, "device_end": 1585660373.9400904, "host_queued_end": 1585660441.055371}, "device": "gpu", "nd_range": {"device_start": 1585660373.9400973, "device_end": 1585660373.943408}, "cmdq": 0, "read": {"device_start": 1585660373.94341, "device_end": 1585660373.9434955}}, "FFC_sans_bias40": {"write": {"device_start": -1, "host_queued_start": 1585660440.974496, "device_queued": -1, "device_end": -1, "host_queued_end": 1585660441.055371}, "device": "gpu", "nd_range": {"device_start": 1585660373.818616, "device_end": 1585660373.8222384}, "cmdq": 0, "read": {"device_start": -1, "device_end": -1}}, "FFC_sans_bias46": {"write": {"device_start": 1585660373.6741896, "host_queued_start": 1585660440.85558, "device_queued": 1585660373.606748, "device_end": 1585660373.6742885, "host_queued_end": 1585660441.055371}, "device": "gpu", "nd_range": {"device_start": 1585660373.6742914, "device_end": 1585660373.6782455}, "cmdq": 0, "read": {"device_start": -1, "device_end": -1}}, "FFC_sans_bias47": {"write": {"device_start": 1585660373.678468, "host_queued_start": 1585660440.858995, "device_queued": 1585660373.6069791, "device_end": 1585660373.67856, "host_queued_end": 1585660441.055371}, "device": "gpu", "nd_range": {"device_start": 1585660373.678565, "device_end": 1585660373.6825294}, "cmdq": 0, "read": {"device_start": -1, "device_end": -1}}, "FFC_sans_bias45": {"write": {"device_start": 1585660373.669902, "host_queued_start": 1585660440.852145, "device_queued": 1585660373.606519, "device_end": 1585660373.670002, "host_queued_end": 1585660441.055371}, "device": "gpu", "nd_range": {"device_start": 1585660373.6700048, "device_end": 1585660373.6739545}, "cmdq": 0, "read": {"device_start": -1, "device_end": -1}}, "FFC_sans_bias49": {"write": {"device_start": -1, "host_queued_start": 1585660440.975073, "device_queued": -1, "device_end": -1, "host_queued_end": 1585660441.055371}, "device": "gpu", "nd_range": {"device_start": 1585660373.8222404, "device_end": 1585660373.8258853}, "cmdq": 0, "read": {"device_start": -1, "device_end": -1}}, "softmax77": {"write": {"device_start": -1, "host_queued_start": 1585660440.985747, "device_queued": -1, "device_end": -1, "host_queued_end": 1585660441.055371}, "device": "gpu", "nd_range": {"device_start": 1585660373.8660557, "device_end": 1585660373.8665144}, "cmdq": 0, "read": {"device_start": -1, "device_end": -1}}, "empty134": {"write": {"device_start": 1585660373.60427, "host_queued_start": 1585660440.79506, "device_queued": 1585660373.6020088, "device_end": 1585660373.6043572, "host_queued_end": 1585660441.055371}, "device": "gpu", "nd_range": {"device_start": 1585660373.6043625, "device_end": 1585660373.604366}, "cmdq": 0, "read": {"device_start": -1, "device_end": -1}}, "coalesced_transpose138": {"write": {"device_start": -1, "host_queued_start": 1585660440.971466, "device_queued": -1, "device_end": -1, "host_queued_end": 1585660441.055371}, "device": "gpu", "nd_range": {"device_start": 1585660373.8040667, "device_end": 1585660373.8040853}, "cmdq": 0, "read": {"device_start": -1, "device_end": -1}}, "FFC_sans_bias119": {"write": {"device_start": 1585660373.7762446, "host_queued_start": 1585660440.942166, "device_queued": 1585660373.6130235, "device_end": 1585660373.7763355, "host_queued_end": 1585660441.055371}, "device": "gpu", "nd_range": {"device_start": 1585660373.7763386, "device_end": 1585660373.779986}, "cmdq": 0, "read": {"device_start": -1, "device_end": -1}}, "FFC_sans_bias118": {"write": {"device_start": 1585660373.7722745, "host_queued_start": 1585660440.938664, "device_queued": 1585660373.612779, "device_end": 1585660373.772367, "host_queued_end": 1585660441.055371}, "device": "gpu", "nd_range": {"device_start": 1585660373.7723696, "device_end": 1585660373.7760134}, "cmdq": 0, "read": {"device_start": -1, "device_end": -1}}, "empty143": {"write": {"device_start": 1585660373.6045752, "host_queued_start": 1585660440.797753, "device_queued": 1585660373.602192, "device_end": 1585660373.6046624, "host_queued_end": 1585660441.055371}, "device": "gpu", "nd_range": {"device_start": 1585660373.604669, "device_end": 1585660373.6046727}, "cmdq": 0, "read": {"device_start": -1, "device_end": -1}}, "FFC_sans_bias115": {"write": {"device_start": 1585660373.971417, "host_queued_start": 1585660441.045607, "device_queued": 1585660373.635508, "device_end": 1585660373.9715087, "host_queued_end": 1585660441.055371}, "device": "gpu", "nd_range": {"device_start": 1585660373.9715157, "device_end": 1585660373.9748497}, "cmdq": 0, "read": {"device_start": 1585660373.974859, "device_end": 1585660373.9749444}}, "FFC_sans_bias114": {"write": {"device_start": -1, "host_queued_start": 1585660440.997219, "device_queued": -1, "device_end": -1, "host_queued_end": 1585660441.055371}, "device": "gpu", "nd_range": {"device_start": 1585660373.9106398, "device_end": 1585660373.9139845}, "cmdq": 0, "read": {"device_start": -1, "device_end": -1}}, "FFC_sans_bias117": {"write": {"device_start": 1585660373.7683249, "host_queued_start": 1585660440.93526, "device_queued": 1585660373.612533, "device_end": 1585660373.768424, "host_queued_end": 1585660441.055371}, "device": "gpu", "nd_range": {"device_start": 1585660373.7684271, "device_end": 1585660373.7720532}, "cmdq": 0, "read": {"device_start": -1, "device_end": -1}}, "softmax5": {"write": {"device_start": -1, "host_queued_start": 1585660440.981536, "device_queued": -1, "device_end": -1, "host_queued_end": 1585660441.055371}, "device": "gpu", "nd_range": {"device_start": 1585660373.8623211, "device_end": 1585660373.8628051}, "cmdq": 0, "read": {"device_start": -1, "device_end": -1}}, "FFC_sans_bias110": {"write": {"device_start": 1585660373.7643528, "host_queued_start": 1585660440.931742, "device_queued": 1585660373.6122892, "device_end": 1585660373.7644458, "host_queued_end": 1585660441.055371}, "device": "gpu", "nd_range": {"device_start": 1585660373.7644536, "device_end": 1585660373.7680929}, "cmdq": 0, "read": {"device_start": -1, "device_end": -1}}, "FFC_sans_bias112": {"write": {"device_start": -1, "host_queued_start": 1585660440.979221, "device_queued": -1, "device_end": -1, "host_queued_end": 1585660441.055371}, "device": "gpu", "nd_range": {"device_start": 1585660373.8477485, "device_end": 1585660373.8513877}, "cmdq": 0, "read": {"device_start": -1, "device_end": -1}}, "empty53": {"write": {"device_start": 1585660373.601373, "host_queued_start": 1585660440.77051, "device_queued": 1585660373.600379, "device_end": 1585660373.6014664, "host_queued_end": 1585660441.055371}, "device": "gpu", "nd_range": {"device_start": 1585660373.601473, "device_end": 1585660373.6014767}, "cmdq": 0, "read": {"device_start": -1, "device_end": -1}}, "coalesced_transpose48": {"write": {"device_start": -1, "host_queued_start": 1585660440.96556, "device_queued": -1, "device_end": -1, "host_queued_end": 1585660441.055371}, "device": "gpu", "nd_range": {"device_start": 1585660373.8038688, "device_end": 1585660373.8038871}, "cmdq": 0, "read": {"device_start": -1, "device_end": -1}}}