{"FFC_sans_bias4": {"write": {"device_start": -1, "host_queued_start": 1585660956.616119, "device_queued": -1, "device_end": -1, "host_queued_end": 1585660956.64552}, "device": "cpu", "nd_range": {"device_start": 2328731.4573427453, "device_end": 2328731.608740299}, "cmdq": 0, "read": {"device_start": -1, "device_end": -1}}, "FFC_sans_bias7": {"write": {"device_start": -1, "host_queued_start": 1585660956.630466, "device_queued": -1, "device_end": -1, "host_queued_end": 1585660956.64552}, "device": "cpu", "nd_range": {"device_start": 2328731.908399905, "device_end": 2328732.031002732}, "cmdq": 3, "read": {"device_start": -1, "device_end": -1}}, "FFC_sans_bias6": {"write": {"device_start": -1, "host_queued_start": 1585660956.623781, "device_queued": -1, "device_end": -1, "host_queued_end": 1585660956.64552}, "device": "cpu", "nd_range": {"device_start": 2328731.677585197, "device_end": 2328731.7541683232}, "cmdq": 2, "read": {"device_start": -1, "device_end": -1}}, "FFC_sans_bias1": {"write": {"device_start": -1, "host_queued_start": 1585660956.55996, "device_queued": -1, "device_end": -1, "host_queued_end": 1585660956.64552}, "device": "cpu", "nd_range": {"device_start": 2328730.835220437, "device_end": 2328730.96524837}, "cmdq": 2, "read": {"device_start": -1, "device_end": -1}}, "FFC_sans_bias0": {"write": {"device_start": -1, "host_queued_start": 1585660956.556509, "device_queued": -1, "device_end": -1, "host_queued_end": 1585660956.64552}, "device": "cpu", "nd_range": {"device_start": 2328730.835183403, "device_end": 2328730.9640328772}, "cmdq": 1, "read": {"device_start": -1, "device_end": -1}}, "FFC_sans_bias2": {"write": {"device_start": -1, "host_queued_start": 1585660956.563214, "device_queued": -1, "device_end": -1, "host_queued_end": 1585660956.64552}, "device": "cpu", "nd_range": {"device_start": 2328730.8359818943, "device_end": 2328730.9593006773}, "cmdq": 3, "read": {"device_start": -1, "device_end": -1}}, "coalesced_transpose120": {"write": {"device_start": -1, "host_queued_start": 1585660956.490302, "device_queued": -1, "device_end": -1, "host_queued_end": 1585660956.533309}, "device": "gpu", "nd_range": {"device_start": 1585660889.168528, "device_end": 1585660889.1685545}, "cmdq": 1, "read": {"device_start": -1, "device_end": -1}}, "FFC_sans_bias9": {"write": {"device_start": -1, "host_queued_start": 1585660956.566435, "device_queued": -1, "device_end": -1, "host_queued_end": 1585660956.64552}, "device": "cpu", "nd_range": {"device_start": 2328731.082243822, "device_end": 2328731.207588171}, "cmdq": 4, "read": {"device_start": -1, "device_end": -1}}, "empty71": {"write": {"device_start": 1585660889.0641296, "host_queued_start": 1585660956.367458, "device_queued": 1585660889.063772, "device_end": 1585660889.0643709, "host_queued_end": 1585660956.533309}, "device": "gpu", "nd_range": {"device_start": 1585660889.064374, "device_end": 1585660889.0643814}, "cmdq": 1, "read": {"device_start": -1, "device_end": -1}}, "softmax41": {"write": {"device_start": -1, "host_queued_start": 1585660956.622425, "device_queued": -1, "device_end": -1, "host_queued_end": 1585660956.64552}, "device": "cpu", "nd_range": {"device_start": 2328731.706514494, "device_end": 2328731.707215247}, "cmdq": 0, "read": {"device_start": -1, "device_end": -1}}, "FFC_sans_bias37": {"write": {"device_start": -1, "host_queued_start": 1585660956.598996, "device_queued": -1, "device_end": -1, "host_queued_end": 1585660956.64552}, "device": "cpu", "nd_range": {"device_start": 2328731.330132443, "device_end": 2328731.455413633}, "cmdq": 4, "read": {"device_start": -1, "device_end": -1}}, "FFC_sans_bias36": {"write": {"device_start": -1, "host_queued_start": 1585660956.59573, "device_queued": -1, "device_end": -1, "host_queued_end": 1585660956.64552}, "device": "cpu", "nd_range": {"device_start": 2328731.359082125, "device_end": 2328731.4465359882}, "cmdq": 3, "read": {"device_start": -1, "device_end": -1}}, "FFC_sans_bias34": {"write": {"device_start": -1, "host_queued_start": 1585660956.639466, "device_queued": -1, "device_end": -1, "host_queued_end": 1585660956.64552}, "device": "cpu", "nd_range": {"device_start": 2328732.0311253993, "device_end": 2328732.151591177}, "cmdq": 1, "read": {"device_start": -1, "device_end": -1}}, "FFC_sans_bias33": {"write": {"device_start": -1, "host_queued_start": 1585660956.625574, "device_queued": -1, "device_end": -1, "host_queued_end": 1585660956.64552}, "device": "cpu", "nd_range": {"device_start": 2328731.873847804, "device_end": 2328731.996076221}, "cmdq": 0, "read": {"device_start": -1, "device_end": -1}}, "FFC_sans_bias31": {"write": {"device_start": -1, "host_queued_start": 1585660956.618185, "device_queued": -1, "device_end": -1, "host_queued_end": 1585660956.64552}, "device": "cpu", "nd_range": {"device_start": 2328731.517444115, "device_end": 2328731.712556961}, "cmdq": 3, "read": {"device_start": -1, "device_end": -1}}, "FFC_sans_bias38": {"write": {"device_start": -1, "host_queued_start": 1585660956.602246, "device_queued": -1, "device_end": -1, "host_queued_end": 1585660956.64552}, "device": "cpu", "nd_range": {"device_start": 2328731.249402548, "device_end": 2328731.371772724}, "cmdq": 0, "read": {"device_start": -1, "device_end": -1}}, "coalesced_transpose75": {"write": {"device_start": -1, "host_queued_start": 1585660956.488733, "device_queued": -1, "device_end": -1, "host_queued_end": 1585660956.533309}, "device": "gpu", "nd_range": {"device_start": 1585660889.1650743, "device_end": 1585660889.165115}, "cmdq": 0, "read": {"device_start": -1, "device_end": -1}}, "softmax140": {"write": {"device_start": -1, "host_queued_start": 1585660956.496734, "device_queued": -1, "device_end": -1, "host_queued_end": 1585660956.533309}, "device": "gpu", "nd_range": {"device_start": 1585660889.199778, "device_end": 1585660889.2004185}, "cmdq": 1, "read": {"device_start": -1, "device_end": -1}}, "empty44": {"write": {"device_start": -1, "host_queued_start": 1585660956.550617, "device_queued": -1, "device_end": -1, "host_queued_end": 1585660956.64552}, "device": "cpu", "nd_range": {"device_start": 2328731.082224458, "device_end": 2328731.082229263}, "cmdq": 4, "read": {"device_start": -1, "device_end": -1}}, "FFC_sans_bias137": {"write": {"device_start": 1585660889.15595, "host_queued_start": 1585660956.484478, "device_queued": 1585660889.073823, "device_end": 1585660889.1560733, "host_queued_end": 1585660956.533309}, "device": "gpu", "nd_range": {"device_start": 1585660889.156078, "device_end": 1585660889.1620417}, "cmdq": 0, "read": {"device_start": -1, "device_end": -1}}, "empty8": {"write": {"device_start": -1, "host_queued_start": 1585660956.53826, "device_queued": -1, "device_end": -1, "host_queued_end": 1585660956.64552}, "device": "cpu", "nd_range": {"device_start": 2328730.835141822, "device_end": 2328730.8351564812}, "cmdq": 0, "read": {"device_start": -1, "device_end": -1}}, "softmax50": {"write": {"device_start": -1, "host_queued_start": 1585660956.623112, "device_queued": -1, "device_end": -1, "host_queued_end": 1585660956.64552}, "device": "cpu", "nd_range": {"device_start": 2328731.709310503, "device_end": 2328731.710008982}, "cmdq": 1, "read": {"device_start": -1, "device_end": -1}}, "softmax59": {"write": {"device_start": -1, "host_queued_start": 1585660956.494412, "device_queued": -1, "device_end": -1, "host_queued_end": 1585660956.533309}, "device": "gpu", "nd_range": {"device_start": 1585660889.1915796, "device_end": 1585660889.195504}, "cmdq": 0, "read": {"device_start": -1, "device_end": -1}}, "FFC_sans_bias142": {"write": {"device_start": 1585660889.2591977, "host_queued_start": 1585660956.533195, "device_queued": 1585660889.082092, "device_end": 1585660889.2592971, "host_queued_end": 1585660956.533309}, "device": "gpu", "nd_range": {"device_start": 1585660889.2593, "device_end": 1585660889.2651145}, "cmdq": 1, "read": {"device_start": 1585660889.2651176, "device_end": 1585660889.2652063}}, "FFC_sans_bias141": {"write": {"device_start": -1, "host_queued_start": 1585660956.500033, "device_queued": -1, "device_end": -1, "host_queued_end": 1585660956.533309}, "device": "gpu", "nd_range": {"device_start": 1585660889.2261636, "device_end": 1585660889.23266}, "cmdq": 1, "read": {"device_start": -1, "device_end": -1}}, "FFC_sans_bias24": {"write": {"device_start": -1, "host_queued_start": 1585660956.624976, "device_queued": -1, "device_end": -1, "host_queued_end": 1585660956.64552}, "device": "cpu", "nd_range": {"device_start": 2328731.751453301, "device_end": 2328731.873830012}, "cmdq": 4, "read": {"device_start": -1, "device_end": -1}}, "FFC_sans_bias25": {"write": {"device_start": -1, "host_queued_start": 1585660956.636406, "device_queued": -1, "device_end": -1, "host_queued_end": 1585660956.64552}, "device": "cpu", "nd_range": {"device_start": 2328731.996095202, "device_end": 2328732.118368092}, "cmdq": 0, "read": {"device_start": -1, "device_end": -1}}, "FFC_sans_bias27": {"write": {"device_start": -1, "host_queued_start": 1585660956.585955, "device_queued": -1, "device_end": -1, "host_queued_end": 1585660956.64552}, "device": "cpu", "nd_range": {"device_start": 2328731.073987021, "device_end": 2328731.2493774532}, "cmdq": 0, "read": {"device_start": -1, "device_end": -1}}, "FFC_sans_bias20": {"write": {"device_start": -1, "host_queued_start": 1585660956.58272, "device_queued": -1, "device_end": -1, "host_queued_end": 1585660956.64552}, "device": "cpu", "nd_range": {"device_start": 2328731.207617685, "device_end": 2328731.330112468}, "cmdq": 4, "read": {"device_start": -1, "device_end": -1}}, "FFC_sans_bias22": {"write": {"device_start": -1, "host_queued_start": 1585660956.617585, "device_queued": -1, "device_end": -1, "host_queued_end": 1585660956.64552}, "device": "cpu", "nd_range": {"device_start": 2328731.513129185, "device_end": 2328731.585738062}, "cmdq": 2, "read": {"device_start": -1, "device_end": -1}}, "FFC_sans_bias130": {"write": {"device_start": -1, "host_queued_start": 1585660956.493833, "device_queued": -1, "device_end": -1, "host_queued_end": 1585660956.533309}, "device": "gpu", "nd_range": {"device_start": 1585660889.1850252, "device_end": 1585660889.1915772}, "cmdq": 0, "read": {"device_start": -1, "device_end": -1}}, "FFC_sans_bias28": {"write": {"device_start": -1, "host_queued_start": 1585660956.589197, "device_queued": -1, "device_end": -1, "host_queued_end": 1585660956.64552}, "device": "cpu", "nd_range": {"device_start": 2328731.087741053, "device_end": 2328731.298419746}, "cmdq": 1, "read": {"device_start": -1, "device_end": -1}}, "FFC_sans_bias29": {"write": {"device_start": -1, "host_queued_start": 1585660956.592432, "device_queued": -1, "device_end": -1, "host_queued_end": 1585660956.64552}, "device": "cpu", "nd_range": {"device_start": 2328731.09649035, "device_end": 2328731.227086985}, "cmdq": 2, "read": {"device_start": -1, "device_end": -1}}, "coalesced_transpose66": {"write": {"device_start": -1, "host_queued_start": 1585660956.488425, "device_queued": -1, "device_end": -1, "host_queued_end": 1585660956.533309}, "device": "gpu", "nd_range": {"device_start": 1585660889.1652641, "device_end": 1585660889.168409}, "cmdq": 1, "read": {"device_start": -1, "device_end": -1}}, "coalesced_transpose93": {"write": {"device_start": -1, "host_queued_start": 1585660956.489375, "device_queued": -1, "device_end": -1, "host_queued_end": 1585660956.533309}, "device": "gpu", "nd_range": {"device_start": 1585660889.1651235, "device_end": 1585660889.1651497}, "cmdq": 0, "read": {"device_start": -1, "device_end": -1}}, "softmax23": {"write": {"device_start": -1, "host_queued_start": 1585660956.621378, "device_queued": -1, "device_end": -1, "host_queued_end": 1585660956.64552}, "device": "cpu", "nd_range": {"device_start": 2328731.720036466, "device_end": 2328731.7207437553}, "cmdq": 3, "read": {"device_start": -1, "device_end": -1}}, "empty62": {"write": {"device_start": 1585660889.0637393, "host_queued_start": 1585660956.364134, "device_queued": 1585660889.0633955, "device_end": 1585660889.0639231, "host_queued_end": 1585660956.533309}, "device": "gpu", "nd_range": {"device_start": 1585660889.0639265, "device_end": 1585660889.0639327}, "cmdq": 0, "read": {"device_start": -1, "device_end": -1}}, "FFC_sans_bias10": {"write": {"device_start": -1, "host_queued_start": 1585660956.569708, "device_queued": -1, "device_end": -1, "host_queued_end": 1585660956.64552}, "device": "cpu", "nd_range": {"device_start": 2328730.835192563, "device_end": 2328731.0739667243}, "cmdq": 0, "read": {"device_start": -1, "device_end": -1}}, "FFC_sans_bias13": {"write": {"device_start": -1, "host_queued_start": 1585660956.616988, "device_queued": -1, "device_end": -1, "host_queued_end": 1585660956.64552}, "device": "cpu", "nd_range": {"device_start": 2328731.461198268, "device_end": 2328731.6746459072}, "cmdq": 1, "read": {"device_start": -1, "device_end": -1}}, "FFC_sans_bias15": {"write": {"device_start": -1, "host_queued_start": 1585660956.624377, "device_queued": -1, "device_end": -1, "host_queued_end": 1585660956.64552}, "device": "cpu", "nd_range": {"device_start": 2328731.7224703943, "device_end": 2328731.9081850173}, "cmdq": 3, "read": {"device_start": -1, "device_end": -1}}, "FFC_sans_bias16": {"write": {"device_start": -1, "host_queued_start": 1585660956.633437, "device_queued": -1, "device_end": -1, "host_queued_end": 1585660956.64552}, "device": "cpu", "nd_range": {"device_start": 2328731.99927289, "device_end": 2328732.121749332}, "cmdq": 4, "read": {"device_start": -1, "device_end": -1}}, "FFC_sans_bias19": {"write": {"device_start": -1, "host_queued_start": 1585660956.5795, "device_queued": -1, "device_end": -1, "host_queued_end": 1585660956.64552}, "device": "cpu", "nd_range": {"device_start": 2328730.959326488, "device_end": 2328731.0822103363}, "cmdq": 3, "read": {"device_start": -1, "device_end": -1}}, "FFC_sans_bias18": {"write": {"device_start": -1, "host_queued_start": 1585660956.576253, "device_queued": -1, "device_end": -1, "host_queued_end": 1585660956.64552}, "device": "cpu", "nd_range": {"device_start": 2328730.965265346, "device_end": 2328731.096285391}, "cmdq": 2, "read": {"device_start": -1, "device_end": -1}}, "FFC_sans_bias99": {"write": {"device_start": 1585660889.1135774, "host_queued_start": 1585660956.441305, "device_queued": 1585660889.0705664, "device_end": 1585660889.1136816, "host_queued_end": 1585660956.533309}, "device": "gpu", "nd_range": {"device_start": 1585660889.1136854, "device_end": 1585660889.1195238}, "cmdq": 1, "read": {"device_start": -1, "device_end": -1}}, "FFC_sans_bias91": {"write": {"device_start": 1585660889.1068966, "host_queued_start": 1585660956.434675, "device_queued": 1585660889.0700748, "device_end": 1585660889.1070004, "host_queued_end": 1585660956.533309}, "device": "gpu", "nd_range": {"device_start": 1585660889.1070063, "device_end": 1585660889.1129527}, "cmdq": 1, "read": {"device_start": -1, "device_end": -1}}, "FFC_sans_bias90": {"write": {"device_start": 1585660889.1036139, "host_queued_start": 1585660956.431395, "device_queued": 1585660889.0698338, "device_end": 1585660889.1037183, "host_queued_end": 1585660956.533309}, "device": "gpu", "nd_range": {"device_start": 1585660889.1037223, "device_end": 1585660889.1097038}, "cmdq": 0, "read": {"device_start": -1, "device_end": -1}}, "coalesced_transpose12": {"write": {"device_start": -1, "host_queued_start": 1585660956.612942, "device_queued": -1, "device_end": -1, "host_queued_end": 1585660956.64552}, "device": "cpu", "nd_range": {"device_start": 2328731.371788137, "device_end": 2328731.37269049}, "cmdq": 0, "read": {"device_start": -1, "device_end": -1}}, "FFC_sans_bias94": {"write": {"device_start": -1, "host_queued_start": 1585660956.492539, "device_queued": -1, "device_end": -1, "host_queued_end": 1585660956.533309}, "device": "gpu", "nd_range": {"device_start": 1585660889.1719463, "device_end": 1585660889.178579}, "cmdq": 0, "read": {"device_start": -1, "device_end": -1}}, "FFC_sans_bias97": {"write": {"device_start": 1585660889.2430263, "host_queued_start": 1585660956.516547, "device_queued": 1585660889.0805614, "device_end": 1585660889.2431233, "host_queued_end": 1585660956.533309}, "device": "gpu", "nd_range": {"device_start": 1585660889.2431266, "device_end": 1585660889.248876}, "cmdq": 0, "read": {"device_start": 1585660889.248882, "device_end": 1585660889.248979}}, "FFC_sans_bias96": {"write": {"device_start": -1, "host_queued_start": 1585660956.498425, "device_queued": -1, "device_end": -1, "host_queued_end": 1585660956.533309}, "device": "gpu", "nd_range": {"device_start": 1585660889.2099292, "device_end": 1585660889.216399}, "cmdq": 0, "read": {"device_start": -1, "device_end": -1}}, "FFC_sans_bias124": {"write": {"device_start": 1585660889.2527192, "host_queued_start": 1585660956.526562, "device_queued": 1585660889.0815358, "device_end": 1585660889.2528117, "host_queued_end": 1585660956.533309}, "device": "gpu", "nd_range": {"device_start": 1585660889.2528152, "device_end": 1585660889.2586298}, "cmdq": 1, "read": {"device_start": 1585660889.2586365, "device_end": 1585660889.2587302}}, "FFC_sans_bias126": {"write": {"device_start": 1585660889.1461704, "host_queued_start": 1585660956.474521, "device_queued": 1585660889.0730853, "device_end": 1585660889.1462793, "host_queued_end": 1585660956.533309}, "device": "gpu", "nd_range": {"device_start": 1585660889.146284, "device_end": 1585660889.1521888}, "cmdq": 1, "read": {"device_start": -1, "device_end": -1}}, "softmax32": {"write": {"device_start": -1, "host_queued_start": 1585660956.621905, "device_queued": -1, "device_end": -1, "host_queued_end": 1585660956.64552}, "device": "cpu", "nd_range": {"device_start": 2328731.750519262, "device_end": 2328731.75122293}, "cmdq": 4, "read": {"device_start": -1, "device_end": -1}}, "coalesced_transpose84": {"write": {"device_start": -1, "host_queued_start": 1585660956.489044, "device_queued": -1, "device_end": -1, "host_queued_end": 1585660956.533309}, "device": "gpu", "nd_range": {"device_start": 1585660889.1684158, "device_end": 1585660889.1684577}, "cmdq": 1, "read": {"device_start": -1, "device_end": -1}}, "FFC_sans_bias121": {"write": {"device_start": -1, "host_queued_start": 1585660956.493507, "device_queued": -1, "device_end": -1, "host_queued_end": 1585660956.533309}, "device": "gpu", "nd_range": {"device_start": 1585660889.1883202, "device_end": 1585660889.194753}, "cmdq": 1, "read": {"device_start": -1, "device_end": -1}}, "empty98": {"write": {"device_start": 1585660889.0651126, "host_queued_start": 1585660956.375656, "device_queued": 1585660889.0648026, "device_end": 1585660889.06539, "host_queued_end": 1585660956.533309}, "device": "gpu", "nd_range": {"device_start": 1585660889.065403, "device_end": 1585660889.0654078}, "cmdq": 0, "read": {"device_start": -1, "device_end": -1}}, "empty107": {"write": {"device_start": 1585660889.0654175, "host_queued_start": 1585660956.378234, "device_queued": 1585660889.0650399, "device_end": 1585660889.0656753, "host_queued_end": 1585660956.533309}, "device": "gpu", "nd_range": {"device_start": 1585660889.0656857, "device_end": 1585660889.0656905}, "cmdq": 1, "read": {"device_start": -1, "device_end": -1}}, "empty17": {"write": {"device_start": -1, "host_queued_start": 1585660956.541484, "device_queued": -1, "device_end": -1, "host_queued_end": 1585660956.64552}, "device": "cpu", "nd_range": {"device_start": 2328730.835147851, "device_end": 2328730.8351566372}, "cmdq": 1, "read": {"device_start": -1, "device_end": -1}}, "FFC_sans_bias87": {"write": {"device_start": -1, "host_queued_start": 1585660956.498018, "device_queued": -1, "device_end": -1, "host_queued_end": 1585660956.533309}, "device": "gpu", "nd_range": {"device_start": 1585660889.206608, "device_end": 1585660889.213098}, "cmdq": 1, "read": {"device_start": -1, "device_end": -1}}, "FFC_sans_bias85": {"write": {"device_start": -1, "host_queued_start": 1585660956.492218, "device_queued": -1, "device_end": -1, "host_queued_end": 1585660956.533309}, "device": "gpu", "nd_range": {"device_start": 1585660889.1753042, "device_end": 1585660889.1817226}, "cmdq": 1, "read": {"device_start": -1, "device_end": -1}}, "FFC_sans_bias82": {"write": {"device_start": 1585660889.0970535, "host_queued_start": 1585660956.424731, "device_queued": 1585660889.0693996, "device_end": 1585660889.0971565, "host_queued_end": 1585660956.533309}, "device": "gpu", "nd_range": {"device_start": 1585660889.0971625, "device_end": 1585660889.1031969}, "cmdq": 0, "read": {"device_start": -1, "device_end": -1}}, "FFC_sans_bias83": {"write": {"device_start": 1585660889.10033, "host_queued_start": 1585660956.428094, "device_queued": 1585660889.069615, "device_end": 1585660889.1004324, "host_queued_end": 1585660956.533309}, "device": "gpu", "nd_range": {"device_start": 1585660889.1004374, "device_end": 1585660889.1064792}, "cmdq": 1, "read": {"device_start": -1, "device_end": -1}}, "FFC_sans_bias81": {"write": {"device_start": 1585660889.0937948, "host_queued_start": 1585660956.421319, "device_queued": 1585660889.0691776, "device_end": 1585660889.0938993, "host_queued_end": 1585660956.533309}, "device": "gpu", "nd_range": {"device_start": 1585660889.0939045, "device_end": 1585660889.0998995}, "cmdq": 1, "read": {"device_start": -1, "device_end": -1}}, "FFC_sans_bias88": {"write": {"device_start": 1585660889.239839, "host_queued_start": 1585660956.513246, "device_queued": 1585660889.0801582, "device_end": 1585660889.2399406, "host_queued_end": 1585660956.533309}, "device": "gpu", "nd_range": {"device_start": 1585660889.2399452, "device_end": 1585660889.2456872}, "cmdq": 1, "read": {"device_start": 1585660889.2456894, "device_end": 1585660889.24579}}, "coalesced_transpose30": {"write": {"device_start": -1, "host_queued_start": 1585660956.614351, "device_queued": -1, "device_end": -1, "host_queued_end": 1585660956.64552}, "device": "cpu", "nd_range": {"device_start": 2328731.358087136, "device_end": 2328731.358923283}, "cmdq": 2, "read": {"device_start": -1, "device_end": -1}}, "FFC_sans_bias128": {"write": {"device_start": 1585660889.1428916, "host_queued_start": 1585660956.471236, "device_queued": 1585660889.072854, "device_end": 1585660889.1430135, "host_queued_end": 1585660956.533309}, "device": "gpu", "nd_range": {"device_start": 1585660889.14302, "device_end": 1585660889.1489196}, "cmdq": 0, "read": {"device_start": -1, "device_end": -1}}, "coalesced_transpose39": {"write": {"device_start": -1, "host_queued_start": 1585660956.614936, "device_queued": -1, "device_end": -1, "host_queued_end": 1585660956.64552}, "device": "cpu", "nd_range": {"device_start": 2328731.516454868, "device_end": 2328731.517295094}, "cmdq": 3, "read": {"device_start": -1, "device_end": -1}}, "FFC_sans_bias79": {"write": {"device_start": 1585660889.236529, "host_queued_start": 1585660956.509958, "device_queued": 1585660889.0798995, "device_end": 1585660889.2366285, "host_queued_end": 1585660956.533309}, "device": "gpu", "nd_range": {"device_start": 1585660889.2366316, "device_end": 1585660889.2424173}, "cmdq": 0, "read": {"device_start": 1585660889.242425, "device_end": 1585660889.242529}}, "FFC_sans_bias78": {"write": {"device_start": -1, "host_queued_start": 1585660956.497691, "device_queued": -1, "device_end": -1, "host_queued_end": 1585660956.533309}, "device": "gpu", "nd_range": {"device_start": 1585660889.2032874, "device_end": 1585660889.209928}, "cmdq": 0, "read": {"device_start": -1, "device_end": -1}}, "FFC_sans_bias73": {"write": {"device_start": 1585660889.087267, "host_queued_start": 1585660956.414723, "device_queued": 1585660889.0687351, "device_end": 1585660889.0873685, "host_queued_end": 1585660956.533309}, "device": "gpu", "nd_range": {"device_start": 1585660889.0873735, "device_end": 1585660889.0933938}, "cmdq": 1, "read": {"device_start": -1, "device_end": -1}}, "FFC_sans_bias72": {"write": {"device_start": 1585660889.0839474, "host_queued_start": 1585660956.411438, "device_queued": 1585660889.0685074, "device_end": 1585660889.0840485, "host_queued_end": 1585660956.533309}, "device": "gpu", "nd_range": {"device_start": 1585660889.084055, "device_end": 1585660889.0901177}, "cmdq": 0, "read": {"device_start": -1, "device_end": -1}}, "FFC_sans_bias70": {"write": {"device_start": 1585660889.232934, "host_queued_start": 1585660956.506673, "device_queued": 1585660889.079586, "device_end": 1585660889.2330287, "host_queued_end": 1585660956.533309}, "device": "gpu", "nd_range": {"device_start": 1585660889.2330315, "device_end": 1585660889.2391758}, "cmdq": 1, "read": {"device_start": 1585660889.2391791, "device_end": 1585660889.239287}}, "FFC_sans_bias76": {"write": {"device_start": -1, "host_queued_start": 1585660956.491895, "device_queued": -1, "device_end": -1, "host_queued_end": 1585660956.533309}, "device": "gpu", "nd_range": {"device_start": 1585660889.1685646, "device_end": 1585660889.1719437}, "cmdq": 0, "read": {"device_start": -1, "device_end": -1}}, "FFC_sans_bias74": {"write": {"device_start": 1585660889.0905337, "host_queued_start": 1585660956.418009, "device_queued": 1585660889.0689592, "device_end": 1585660889.0906367, "host_queued_end": 1585660956.533309}, "device": "gpu", "nd_range": {"device_start": 1585660889.090641, "device_end": 1585660889.096634}, "cmdq": 0, "read": {"device_start": -1, "device_end": -1}}, "coalesced_transpose102": {"write": {"device_start": -1, "host_queued_start": 1585660956.489689, "device_queued": -1, "device_end": -1, "host_queued_end": 1585660956.533309}, "device": "gpu", "nd_range": {"device_start": 1585660889.1684697, "device_end": 1585660889.1685126}, "cmdq": 1, "read": {"device_start": -1, "device_end": -1}}, "coalesced_transpose3": {"write": {"device_start": -1, "host_queued_start": 1585660956.612348, "device_queued": -1, "device_end": -1, "host_queued_end": 1585660956.64552}, "device": "cpu", "nd_range": {"device_start": 2328731.455429303, "device_end": 2328731.456389779}, "cmdq": 4, "read": {"device_start": -1, "device_end": -1}}, "FFC_sans_bias127": {"write": {"device_start": 1585660889.1493733, "host_queued_start": 1585660956.477818, "device_queued": 1585660889.073336, "device_end": 1585660889.1494937, "host_queued_end": 1585660956.533309}, "device": "gpu", "nd_range": {"device_start": 1585660889.1494997, "device_end": 1585660889.155493}, "cmdq": 0, "read": {"device_start": -1, "device_end": -1}}, "empty89": {"write": {"device_start": 1585660889.064784, "host_queued_start": 1585660956.37304, "device_queued": 1585660889.0643942, "device_end": 1585660889.064969, "host_queued_end": 1585660956.533309}, "device": "gpu", "nd_range": {"device_start": 1585660889.0649734, "device_end": 1585660889.0649788}, "cmdq": 1, "read": {"device_start": -1, "device_end": -1}}, "FFC_sans_bias123": {"write": {"device_start": -1, "host_queued_start": 1585660956.499394, "device_queued": -1, "device_end": -1, "host_queued_end": 1585660956.533309}, "device": "gpu", "nd_range": {"device_start": 1585660889.2196257, "device_end": 1585660889.226162}, "cmdq": 1, "read": {"device_start": -1, "device_end": -1}}, "empty80": {"write": {"device_start": 1585660889.064472, "host_queued_start": 1585660956.370387, "device_queued": 1585660889.0640435, "device_end": 1585660889.0647779, "host_queued_end": 1585660956.533309}, "device": "gpu", "nd_range": {"device_start": 1585660889.064784, "device_end": 1585660889.0647912}, "cmdq": 0, "read": {"device_start": -1, "device_end": -1}}, "empty116": {"write": {"device_start": 1585660889.0657265, "host_queued_start": 1585660956.380877, "device_queued": 1585660889.0654104, "device_end": 1585660889.0659938, "host_queued_end": 1585660956.533309}, "device": "gpu", "nd_range": {"device_start": 1585660889.066003, "device_end": 1585660889.0660083}, "cmdq": 0, "read": {"device_start": -1, "device_end": -1}}, "softmax104": {"write": {"device_start": -1, "host_queued_start": 1585660956.495713, "device_queued": -1, "device_end": -1, "host_queued_end": 1585660956.533309}, "device": "gpu", "nd_range": {"device_start": 1585660889.1989393, "device_end": 1585660889.1993575}, "cmdq": 1, "read": {"device_start": -1, "device_end": -1}}, "coalesced_transpose21": {"write": {"device_start": -1, "host_queued_start": 1585660956.613769, "device_queued": -1, "device_end": -1, "host_queued_end": 1585660956.64552}, "device": "cpu", "nd_range": {"device_start": 2328731.460240026, "device_end": 2328731.461183351}, "cmdq": 1, "read": {"device_start": -1, "device_end": -1}}, "softmax14": {"write": {"device_start": -1, "host_queued_start": 1585660956.620858, "device_queued": -1, "device_end": -1, "host_queued_end": 1585660956.64552}, "device": "cpu", "nd_range": {"device_start": 2328731.6767174443, "device_end": 2328731.67741848}, "cmdq": 2, "read": {"device_start": -1, "device_end": -1}}, "FFC_sans_bias69": {"write": {"device_start": -1, "host_queued_start": 1585660956.49737, "device_queued": -1, "device_end": -1, "host_queued_end": 1585660956.533309}, "device": "gpu", "nd_range": {"device_start": 1585660889.2004197, "device_end": 1585660889.2066064}, "cmdq": 1, "read": {"device_start": -1, "device_end": -1}}, "FFC_sans_bias92": {"write": {"device_start": 1585660889.110127, "host_queued_start": 1585660956.437984, "device_queued": 1585660889.0703082, "device_end": 1585660889.1102295, "host_queued_end": 1585660956.533309}, "device": "gpu", "nd_range": {"device_start": 1585660889.1102362, "device_end": 1585660889.1162446}, "cmdq": 0, "read": {"device_start": -1, "device_end": -1}}, "FFC_sans_bias60": {"write": {"device_start": -1, "host_queued_start": 1585660956.497051, "device_queued": -1, "device_end": -1, "host_queued_end": 1585660956.533309}, "device": "gpu", "nd_range": {"device_start": 1585660889.1999207, "device_end": 1585660889.2032862}, "cmdq": 0, "read": {"device_start": -1, "device_end": -1}}, "FFC_sans_bias61": {"write": {"device_start": 1585660889.2297208, "host_queued_start": 1585660956.503305, "device_queued": 1585660889.0793405, "device_end": 1585660889.229821, "host_queued_end": 1585660956.533309}, "device": "gpu", "nd_range": {"device_start": 1585660889.2298262, "device_end": 1585660889.2358887}, "cmdq": 0, "read": {"device_start": 1585660889.235895, "device_end": 1585660889.2360024}}, "FFC_sans_bias63": {"write": {"device_start": 1585660889.0807087, "host_queued_start": 1585660956.408124, "device_queued": 1585660889.0682774, "device_end": 1585660889.0808098, "host_queued_end": 1585660956.533309}, "device": "gpu", "nd_range": {"device_start": 1585660889.0808144, "device_end": 1585660889.0868618}, "cmdq": 1, "read": {"device_start": -1, "device_end": -1}}, "FFC_sans_bias64": {"write": {"device_start": 1585660889.0741806, "host_queued_start": 1585660956.401427, "device_queued": 1585660889.0677857, "device_end": 1585660889.0742824, "host_queued_end": 1585660956.533309}, "device": "gpu", "nd_range": {"device_start": 1585660889.0742867, "device_end": 1585660889.0802646}, "cmdq": 1, "read": {"device_start": -1, "device_end": -1}}, "FFC_sans_bias65": {"write": {"device_start": 1585660889.0774534, "host_queued_start": 1585660956.404805, "device_queued": 1585660889.0680313, "device_end": 1585660889.077555, "host_queued_end": 1585660956.533309}, "device": "gpu", "nd_range": {"device_start": 1585660889.07756, "device_end": 1585660889.0835636}, "cmdq": 0, "read": {"device_start": -1, "device_end": -1}}, "FFC_sans_bias67": {"write": {"device_start": -1, "host_queued_start": 1585660956.491571, "device_queued": -1, "device_end": -1, "host_queued_end": 1585660956.533309}, "device": "gpu", "nd_range": {"device_start": 1585660889.168583, "device_end": 1585660889.1753018}, "cmdq": 1, "read": {"device_start": -1, "device_end": -1}}, "coalesced_transpose111": {"write": {"device_start": -1, "host_queued_start": 1585660956.489996, "device_queued": -1, "device_end": -1, "host_queued_end": 1585660956.533309}, "device": "gpu", "nd_range": {"device_start": 1585660889.1651623, "device_end": 1585660889.1651845}, "cmdq": 0, "read": {"device_start": -1, "device_end": -1}}, "FFC_sans_bias136": {"write": {"device_start": 1585660889.152638, "host_queued_start": 1585660956.481132, "device_queued": 1585660889.0735786, "device_end": 1585660889.1527436, "host_queued_end": 1585660956.533309}, "device": "gpu", "nd_range": {"device_start": 1585660889.152748, "device_end": 1585660889.1587548}, "cmdq": 1, "read": {"device_start": -1, "device_end": -1}}, "FFC_sans_bias135": {"write": {"device_start": 1585660889.1591737, "host_queued_start": 1585660956.487755, "device_queued": 1585660889.0741465, "device_end": 1585660889.1592827, "host_queued_end": 1585660956.533309}, "device": "gpu", "nd_range": {"device_start": 1585660889.1592894, "device_end": 1585660889.1652617}, "cmdq": 1, "read": {"device_start": -1, "device_end": -1}}, "FFC_sans_bias133": {"write": {"device_start": 1585660889.2559738, "host_queued_start": 1585660956.529892, "device_queued": 1585660889.0818384, "device_end": 1585660889.2560828, "host_queued_end": 1585660956.533309}, "device": "gpu", "nd_range": {"device_start": 1585660889.2560852, "device_end": 1585660889.261918}, "cmdq": 0, "read": {"device_start": 1585660889.2619197, "device_end": 1585660889.2620153}}, "FFC_sans_bias132": {"write": {"device_start": -1, "host_queued_start": 1585660956.499712, "device_queued": -1, "device_end": -1, "host_queued_end": 1585660956.533309}, "device": "gpu", "nd_range": {"device_start": 1585660889.222887, "device_end": 1585660889.2294137}, "cmdq": 0, "read": {"device_start": -1, "device_end": -1}}, "softmax68": {"write": {"device_start": -1, "host_queued_start": 1585660956.49467, "device_queued": -1, "device_end": -1, "host_queued_end": 1585660956.533309}, "device": "gpu", "nd_range": {"device_start": 1585660889.198098, "device_end": 1585660889.1985173}, "cmdq": 1, "read": {"device_start": -1, "device_end": -1}}, "softmax131": {"write": {"device_start": -1, "host_queued_start": 1585660956.496477, "device_queued": -1, "device_end": -1, "host_queued_end": 1585660956.533309}, "device": "gpu", "nd_range": {"device_start": 1585660889.199501, "device_end": 1585660889.199919}, "cmdq": 0, "read": {"device_start": -1, "device_end": -1}}, "empty125": {"write": {"device_start": 1585660889.0660257, "host_queued_start": 1585660956.383511, "device_queued": 1585660889.0656953, "device_end": 1585660889.0663095, "host_queued_end": 1585660956.533309}, "device": "gpu", "nd_range": {"device_start": 1585660889.066321, "device_end": 1585660889.0663245}, "cmdq": 1, "read": {"device_start": -1, "device_end": -1}}, "FFC_sans_bias139": {"write": {"device_start": -1, "host_queued_start": 1585660956.494152, "device_queued": -1, "device_end": -1, "host_queued_end": 1585660956.533309}, "device": "gpu", "nd_range": {"device_start": 1585660889.1947546, "device_end": 1585660889.198096}, "cmdq": 1, "read": {"device_start": -1, "device_end": -1}}, "empty35": {"write": {"device_start": -1, "host_queued_start": 1585660956.547547, "device_queued": -1, "device_end": -1, "host_queued_end": 1585660956.64552}, "device": "cpu", "nd_range": {"device_start": 2328730.835968687, "device_end": 2328730.835972601}, "cmdq": 3, "read": {"device_start": -1, "device_end": -1}}, "softmax86": {"write": {"device_start": -1, "host_queued_start": 1585660956.495204, "device_queued": -1, "device_end": -1, "host_queued_end": 1585660956.533309}, "device": "gpu", "nd_range": {"device_start": 1585660889.1985192, "device_end": 1585660889.1989377}, "cmdq": 1, "read": {"device_start": -1, "device_end": -1}}, "FFC_sans_bias55": {"write": {"device_start": 1585660889.0708961, "host_queued_start": 1585660956.398102, "device_queued": 1585660889.067553, "device_end": 1585660889.0709984, "host_queued_end": 1585660956.533309}, "device": "gpu", "nd_range": {"device_start": 1585660889.0710027, "device_end": 1585660889.077041}, "cmdq": 0, "read": {"device_start": -1, "device_end": -1}}, "FFC_sans_bias54": {"write": {"device_start": 1585660889.067437, "host_queued_start": 1585660956.394829, "device_queued": 1585660889.0671487, "device_end": 1585660889.0675426, "host_queued_end": 1585660956.533309}, "device": "gpu", "nd_range": {"device_start": 1585660889.067546, "device_end": 1585660889.0738182}, "cmdq": 1, "read": {"device_start": -1, "device_end": -1}}, "FFC_sans_bias56": {"write": {"device_start": 1585660889.067003, "host_queued_start": 1585660956.391495, "device_queued": 1585660889.0666225, "device_end": 1585660889.0671175, "host_queued_end": 1585660956.533309}, "device": "gpu", "nd_range": {"device_start": 1585660889.067121, "device_end": 1585660889.0704825}, "cmdq": 0, "read": {"device_start": -1, "device_end": -1}}, "FFC_sans_bias51": {"write": {"device_start": -1, "host_queued_start": 1585660956.627004, "device_queued": -1, "device_end": -1, "host_queued_end": 1585660956.64552}, "device": "cpu", "nd_range": {"device_start": 2328731.754324131, "device_end": 2328731.876895944}, "cmdq": 2, "read": {"device_start": -1, "device_end": -1}}, "FFC_sans_bias52": {"write": {"device_start": -1, "host_queued_start": 1585660956.645463, "device_queued": -1, "device_end": -1, "host_queued_end": 1585660956.64552}, "device": "cpu", "nd_range": {"device_start": 2328732.031023921, "device_end": 2328732.1503993543}, "cmdq": 3, "read": {"device_start": -1, "device_end": -1}}, "FFC_sans_bias58": {"write": {"device_start": -1, "host_queued_start": 1585660956.491247, "device_queued": -1, "device_end": -1, "host_queued_end": 1585660956.533309}, "device": "gpu", "nd_range": {"device_start": 1585660889.1652112, "device_end": 1585660889.1685605}, "cmdq": 0, "read": {"device_start": -1, "device_end": -1}}, "FFC_sans_bias108": {"write": {"device_start": 1585660889.1232352, "host_queued_start": 1585660956.45141, "device_queued": 1585660889.071425, "device_end": 1585660889.1233401, "host_queued_end": 1585660956.533309}, "device": "gpu", "nd_range": {"device_start": 1585660889.1233447, "device_end": 1585660889.1293256}, "cmdq": 0, "read": {"device_start": -1, "device_end": -1}}, "FFC_sans_bias109": {"write": {"device_start": 1585660889.126477, "host_queued_start": 1585660956.454695, "device_queued": 1585660889.0716603, "device_end": 1585660889.1265802, "host_queued_end": 1585660956.533309}, "device": "gpu", "nd_range": {"device_start": 1585660889.1265852, "device_end": 1585660889.1325788}, "cmdq": 1, "read": {"device_start": -1, "device_end": -1}}, "coalesced_transpose129": {"write": {"device_start": -1, "host_queued_start": 1585660956.490619, "device_queued": -1, "device_end": -1, "host_queued_end": 1585660956.533309}, "device": "gpu", "nd_range": {"device_start": 1585660889.165187, "device_end": 1585660889.1652093}, "cmdq": 0, "read": {"device_start": -1, "device_end": -1}}, "FFC_sans_bias103": {"write": {"device_start": -1, "host_queued_start": 1585660956.492862, "device_queued": -1, "device_end": -1, "host_queued_end": 1585660956.533309}, "device": "gpu", "nd_range": {"device_start": 1585660889.1817248, "device_end": 1585660889.188318}, "cmdq": 1, "read": {"device_start": -1, "device_end": -1}}, "FFC_sans_bias100": {"write": {"device_start": 1585660889.116667, "host_queued_start": 1585660956.444825, "device_queued": 1585660889.0708866, "device_end": 1585660889.1167686, "host_queued_end": 1585660956.533309}, "device": "gpu", "nd_range": {"device_start": 1585660889.116774, "device_end": 1585660889.1228218}, "cmdq": 0, "read": {"device_start": -1, "device_end": -1}}, "FFC_sans_bias101": {"write": {"device_start": 1585660889.1199517, "host_queued_start": 1585660956.448127, "device_queued": 1585660889.0711925, "device_end": 1585660889.1200554, "host_queued_end": 1585660956.533309}, "device": "gpu", "nd_range": {"device_start": 1585660889.1200607, "device_end": 1585660889.1260533}, "cmdq": 1, "read": {"device_start": -1, "device_end": -1}}, "FFC_sans_bias106": {"write": {"device_start": 1585660889.2462835, "host_queued_start": 1585660956.519896, "device_queued": 1585660889.080976, "device_end": 1585660889.2463796, "host_queued_end": 1585660956.533309}, "device": "gpu", "nd_range": {"device_start": 1585660889.246383, "device_end": 1585660889.252163}, "cmdq": 1, "read": {"device_start": 1585660889.2521677, "device_end": 1585660889.2522664}}, "softmax122": {"write": {"device_start": -1, "host_queued_start": 1585660956.496228, "device_queued": -1, "device_end": -1, "host_queued_end": 1585660956.533309}, "device": "gpu", "nd_range": {"device_start": 1585660889.1993587, "device_end": 1585660889.1997762}, "cmdq": 1, "read": {"device_start": -1, "device_end": -1}}, "FFC_sans_bias105": {"write": {"device_start": -1, "host_queued_start": 1585660956.498755, "device_queued": -1, "device_end": -1, "host_queued_end": 1585660956.533309}, "device": "gpu", "nd_range": {"device_start": 1585660889.2130995, "device_end": 1585660889.2196238}, "cmdq": 1, "read": {"device_start": -1, "device_end": -1}}, "softmax95": {"write": {"device_start": -1, "host_queued_start": 1585660956.495456, "device_queued": -1, "device_end": -1, "host_queued_end": 1585660956.533309}, "device": "gpu", "nd_range": {"device_start": 1585660889.1986544, "device_end": 1585660889.199076}, "cmdq": 0, "read": {"device_start": -1, "device_end": -1}}, "coalesced_transpose57": {"write": {"device_start": -1, "host_queued_start": 1585660956.488108, "device_queued": -1, "device_end": -1, "host_queued_end": 1585660956.533309}, "device": "gpu", "nd_range": {"device_start": 1585660889.1620438, "device_end": 1585660889.1650689}, "cmdq": 0, "read": {"device_start": -1, "device_end": -1}}, "empty26": {"write": {"device_start": -1, "host_queued_start": 1585660956.544675, "device_queued": -1, "device_end": -1, "host_queued_end": 1585660956.64552}, "device": "cpu", "nd_range": {"device_start": 2328730.835196463, "device_end": 2328730.8352017202}, "cmdq": 2, "read": {"device_start": -1, "device_end": -1}}, "softmax113": {"write": {"device_start": -1, "host_queued_start": 1585660956.495971, "device_queued": -1, "device_end": -1, "host_queued_end": 1585660956.533309}, "device": "gpu", "nd_range": {"device_start": 1585660889.1990783, "device_end": 1585660889.1994996}, "cmdq": 0, "read": {"device_start": -1, "device_end": -1}}, "FFC_sans_bias11": {"write": {"device_start": -1, "host_queued_start": 1585660956.572988, "device_queued": -1, "device_end": -1, "host_queued_end": 1585660956.64552}, "device": "cpu", "nd_range": {"device_start": 2328730.9642220014, "device_end": 2328731.087724048}, "cmdq": 1, "read": {"device_start": -1, "device_end": -1}}, "FFC_sans_bias42": {"write": {"device_start": -1, "host_queued_start": 1585660956.626232, "device_queued": -1, "device_end": -1, "host_queued_end": 1585660956.64552}, "device": "cpu", "nd_range": {"device_start": 2328731.710177767, "device_end": 2328731.83257455}, "cmdq": 1, "read": {"device_start": -1, "device_end": -1}}, "FFC_sans_bias43": {"write": {"device_start": -1, "host_queued_start": 1585660956.642425, "device_queued": -1, "device_end": -1, "host_queued_end": 1585660956.64552}, "device": "cpu", "nd_range": {"device_start": 2328731.876911837, "device_end": 2328731.9992665714}, "cmdq": 2, "read": {"device_start": -1, "device_end": -1}}, "FFC_sans_bias40": {"write": {"device_start": -1, "host_queued_start": 1585660956.618918, "device_queued": -1, "device_end": -1, "host_queued_end": 1585660956.64552}, "device": "cpu", "nd_range": {"device_start": 2328731.6051337672, "device_end": 2328731.681624561}, "cmdq": 4, "read": {"device_start": -1, "device_end": -1}}, "FFC_sans_bias46": {"write": {"device_start": -1, "host_queued_start": 1585660956.60876, "device_queued": -1, "device_end": -1, "host_queued_end": 1585660956.64552}, "device": "cpu", "nd_range": {"device_start": 2328731.22748852, "device_end": 2328731.357859382}, "cmdq": 2, "read": {"device_start": -1, "device_end": -1}}, "FFC_sans_bias47": {"write": {"device_start": -1, "host_queued_start": 1585660956.611984, "device_queued": -1, "device_end": -1, "host_queued_end": 1585660956.64552}, "device": "cpu", "nd_range": {"device_start": 2328731.4467786313, "device_end": 2328731.516236513}, "cmdq": 3, "read": {"device_start": -1, "device_end": -1}}, "FFC_sans_bias45": {"write": {"device_start": -1, "host_queued_start": 1585660956.605526, "device_queued": -1, "device_end": -1, "host_queued_end": 1585660956.64552}, "device": "cpu", "nd_range": {"device_start": 2328731.298442456, "device_end": 2328731.4602299933}, "cmdq": 1, "read": {"device_start": -1, "device_end": -1}}, "FFC_sans_bias49": {"write": {"device_start": -1, "host_queued_start": 1585660956.619555, "device_queued": -1, "device_end": -1, "host_queued_end": 1585660956.64552}, "device": "cpu", "nd_range": {"device_start": 2328731.608966337, "device_end": 2328731.706294421}, "cmdq": 0, "read": {"device_start": -1, "device_end": -1}}, "softmax77": {"write": {"device_start": -1, "host_queued_start": 1585660956.49494, "device_queued": -1, "device_end": -1, "host_queued_end": 1585660956.533309}, "device": "gpu", "nd_range": {"device_start": 1585660889.1955059, "device_end": 1585660889.1986527}, "cmdq": 0, "read": {"device_start": -1, "device_end": -1}}, "empty134": {"write": {"device_start": 1585660889.066329, "host_queued_start": 1585660956.386109, "device_queued": 1585660889.0660174, "device_end": 1585660889.066598, "host_queued_end": 1585660956.533309}, "device": "gpu", "nd_range": {"device_start": 1585660889.0666032, "device_end": 1585660889.0666087}, "cmdq": 0, "read": {"device_start": -1, "device_end": -1}}, "coalesced_transpose138": {"write": {"device_start": -1, "host_queued_start": 1585660956.490925, "device_queued": -1, "device_end": -1, "host_queued_end": 1585660956.533309}, "device": "gpu", "nd_range": {"device_start": 1585660889.1685572, "device_end": 1585660889.16858}, "cmdq": 1, "read": {"device_start": -1, "device_end": -1}}, "FFC_sans_bias119": {"write": {"device_start": 1585660889.1395342, "host_queued_start": 1585660956.467952, "device_queued": 1585660889.0726173, "device_end": 1585660889.1396403, "host_queued_end": 1585660956.533309}, "device": "gpu", "nd_range": {"device_start": 1585660889.1396456, "device_end": 1585660889.145667}, "cmdq": 1, "read": {"device_start": -1, "device_end": -1}}, "FFC_sans_bias118": {"write": {"device_start": 1585660889.136284, "host_queued_start": 1585660956.464664, "device_queued": 1585660889.0723774, "device_end": 1585660889.1363888, "host_queued_end": 1585660956.533309}, "device": "gpu", "nd_range": {"device_start": 1585660889.1363945, "device_end": 1585660889.1424062}, "cmdq": 0, "read": {"device_start": -1, "device_end": -1}}, "empty143": {"write": {"device_start": 1585660889.0666487, "host_queued_start": 1585660956.388708, "device_queued": 1585660889.0663245, "device_end": 1585660889.0669644, "host_queued_end": 1585660956.533309}, "device": "gpu", "nd_range": {"device_start": 1585660889.0669749, "device_end": 1585660889.0669787}, "cmdq": 1, "read": {"device_start": -1, "device_end": -1}}, "FFC_sans_bias115": {"write": {"device_start": 1585660889.249441, "host_queued_start": 1585660956.523237, "device_queued": 1585660889.081283, "device_end": 1585660889.2495358, "host_queued_end": 1585660956.533309}, "device": "gpu", "nd_range": {"device_start": 1585660889.249539, "device_end": 1585660889.2554047}, "cmdq": 0, "read": {"device_start": 1585660889.2554152, "device_end": 1585660889.2555132}}, "FFC_sans_bias114": {"write": {"device_start": -1, "host_queued_start": 1585660956.499077, "device_queued": -1, "device_end": -1, "host_queued_end": 1585660956.533309}, "device": "gpu", "nd_range": {"device_start": 1585660889.2164001, "device_end": 1585660889.2228854}, "cmdq": 0, "read": {"device_start": -1, "device_end": -1}}, "FFC_sans_bias117": {"write": {"device_start": 1585660889.1330228, "host_queued_start": 1585660956.461329, "device_queued": 1585660889.0721407, "device_end": 1585660889.1331263, "host_queued_end": 1585660956.533309}, "device": "gpu", "nd_range": {"device_start": 1585660889.1331325, "device_end": 1585660889.1391146}, "cmdq": 1, "read": {"device_start": -1, "device_end": -1}}, "softmax5": {"write": {"device_start": -1, "host_queued_start": 1585660956.620281, "device_queued": -1, "device_end": -1, "host_queued_end": 1585660956.64552}, "device": "cpu", "nd_range": {"device_start": 2328731.674879284, "device_end": 2328731.675591762}, "cmdq": 1, "read": {"device_start": -1, "device_end": -1}}, "FFC_sans_bias110": {"write": {"device_start": 1585660889.129745, "host_queued_start": 1585660956.458, "device_queued": 1585660889.0718963, "device_end": 1585660889.1298509, "host_queued_end": 1585660956.533309}, "device": "gpu", "nd_range": {"device_start": 1585660889.1298563, "device_end": 1585660889.1358643}, "cmdq": 0, "read": {"device_start": -1, "device_end": -1}}, "FFC_sans_bias112": {"write": {"device_start": -1, "host_queued_start": 1585660956.493182, "device_queued": -1, "device_end": -1, "host_queued_end": 1585660956.533309}, "device": "gpu", "nd_range": {"device_start": 1585660889.1785808, "device_end": 1585660889.185023}, "cmdq": 0, "read": {"device_start": -1, "device_end": -1}}, "empty53": {"write": {"device_start": -1, "host_queued_start": 1585660956.553604, "device_queued": -1, "device_end": -1, "host_queued_end": 1585660956.64552}, "device": "cpu", "nd_range": {"device_start": 2328730.835183768, "device_end": 2328730.835185382}, "cmdq": 0, "read": {"device_start": -1, "device_end": -1}}, "coalesced_transpose48": {"write": {"device_start": -1, "host_queued_start": 1585660956.615515, "device_queued": -1, "device_end": -1, "host_queued_end": 1585660956.64552}, "device": "cpu", "nd_range": {"device_start": 2328731.4564021863, "device_end": 2328731.457333459}, "cmdq": 4, "read": {"device_start": -1, "device_end": -1}}}