{"FFC_sans_bias4": {"write": {"device_start": -1, "host_queued_start": 1585661027.19673, "device_queued": -1, "device_end": -1, "host_queued_end": 1585661027.212133}, "device": "cpu", "nd_range": {"device_start": 2328801.745451284, "device_end": 2328801.783118098}, "cmdq": 0, "read": {"device_start": -1, "device_end": -1}}, "FFC_sans_bias7": {"write": {"device_start": -1, "host_queued_start": 1585661027.205494, "device_queued": -1, "device_end": -1, "host_queued_end": 1585661027.212133}, "device": "cpu", "nd_range": {"device_start": 2328801.957941207, "device_end": 2328801.9923068}, "cmdq": 0, "read": {"device_start": -1, "device_end": -1}}, "FFC_sans_bias6": {"write": {"device_start": -1, "host_queued_start": 1585661027.20046, "device_queued": -1, "device_end": -1, "host_queued_end": 1585661027.212133}, "device": "cpu", "nd_range": {"device_start": 2328801.8547214232, "device_end": 2328801.889917538}, "cmdq": 0, "read": {"device_start": -1, "device_end": -1}}, "FFC_sans_bias1": {"write": {"device_start": -1, "host_queued_start": 1585661027.171063, "device_queued": -1, "device_end": -1, "host_queued_end": 1585661027.212133}, "device": "cpu", "nd_range": {"device_start": 2328801.435652683, "device_end": 2328801.47716386}, "cmdq": 0, "read": {"device_start": -1, "device_end": -1}}, "FFC_sans_bias0": {"write": {"device_start": -1, "host_queued_start": 1585661027.167658, "device_queued": -1, "device_end": -1, "host_queued_end": 1585661027.212133}, "device": "cpu", "nd_range": {"device_start": 2328801.401779491, "device_end": 2328801.435623209}, "cmdq": 0, "read": {"device_start": -1, "device_end": -1}}, "FFC_sans_bias2": {"write": {"device_start": -1, "host_queued_start": 1585661027.174442, "device_queued": -1, "device_end": -1, "host_queued_end": 1585661027.212133}, "device": "cpu", "nd_range": {"device_start": 2328801.477400814, "device_end": 2328801.512678704}, "cmdq": 0, "read": {"device_start": -1, "device_end": -1}}, "coalesced_transpose120": {"write": {"device_start": -1, "host_queued_start": 1585661027.093433, "device_queued": -1, "device_end": -1, "host_queued_end": 1585661027.153143}, "device": "gpu", "nd_range": {"device_start": 1585660959.8133605, "device_end": 1585660959.8134005}, "cmdq": 2, "read": {"device_start": -1, "device_end": -1}}, "FFC_sans_bias9": {"write": {"device_start": -1, "host_queued_start": 1585661027.177994, "device_queued": -1, "device_end": -1, "host_queued_end": 1585661027.212133}, "device": "cpu", "nd_range": {"device_start": 2328801.512701901, "device_end": 2328801.5485124183}, "cmdq": 0, "read": {"device_start": -1, "device_end": -1}}, "empty71": {"write": {"device_start": 1585660959.6830742, "host_queued_start": 1585661026.932019, "device_queued": 1585660959.6827488, "device_end": 1585660959.6833835, "host_queued_end": 1585661027.153143}, "device": "gpu", "nd_range": {"device_start": 1585660959.6833868, "device_end": 1585660959.6833956}, "cmdq": 1, "read": {"device_start": -1, "device_end": -1}}, "softmax41": {"write": {"device_start": -1, "host_queued_start": 1585661027.099063, "device_queued": -1, "device_end": -1, "host_queued_end": 1585661027.153143}, "device": "gpu", "nd_range": {"device_start": 1585660959.846161, "device_end": 1585660959.8534505}, "cmdq": 1, "read": {"device_start": -1, "device_end": -1}}, "FFC_sans_bias37": {"write": {"device_start": 1585660959.6934252, "host_queued_start": 1585661026.969291, "device_queued": 1585660959.6871307, "device_end": 1585660959.6935217, "host_queued_end": 1585661027.153143}, "device": "gpu", "nd_range": {"device_start": 1585660959.693527, "device_end": 1585660959.7027779}, "cmdq": 2, "read": {"device_start": -1, "device_end": -1}}, "FFC_sans_bias36": {"write": {"device_start": 1585660959.6900704, "host_queued_start": 1585661026.965966, "device_queued": 1585660959.687006, "device_end": 1585660959.6901634, "host_queued_end": 1585661027.153143}, "device": "gpu", "nd_range": {"device_start": 1585660959.6901665, "device_end": 1585660959.6994724}, "cmdq": 1, "read": {"device_start": -1, "device_end": -1}}, "FFC_sans_bias34": {"write": {"device_start": 1585660959.904057, "host_queued_start": 1585661027.115224, "device_queued": 1585660959.7030227, "device_end": 1585660959.904152, "host_queued_end": 1585661027.153143}, "device": "gpu", "nd_range": {"device_start": 1585660959.9041736, "device_end": 1585660959.913471}, "cmdq": 2, "read": {"device_start": 1585660959.9134743, "device_end": 1585660959.9135737}}, "FFC_sans_bias33": {"write": {"device_start": -1, "host_queued_start": 1585661027.104684, "device_queued": -1, "device_end": -1, "host_queued_end": 1585661027.153143}, "device": "gpu", "nd_range": {"device_start": 1585660959.858126, "device_end": 1585660959.8647676}, "cmdq": 1, "read": {"device_start": -1, "device_end": -1}}, "FFC_sans_bias31": {"write": {"device_start": -1, "host_queued_start": 1585661027.094412, "device_queued": -1, "device_end": -1, "host_queued_end": 1585661027.153143}, "device": "gpu", "nd_range": {"device_start": 1585660959.8134255, "device_end": 1585660959.8167913}, "cmdq": 2, "read": {"device_start": -1, "device_end": -1}}, "FFC_sans_bias38": {"write": {"device_start": 1585660959.696758, "host_queued_start": 1585661026.972641, "device_queued": 1585660959.68747, "device_end": 1585660959.6968582, "host_queued_end": 1585661027.153143}, "device": "gpu", "nd_range": {"device_start": 1585660959.6968634, "device_end": 1585660959.7060535}, "cmdq": 0, "read": {"device_start": -1, "device_end": -1}}, "coalesced_transpose75": {"write": {"device_start": -1, "host_queued_start": 1585661027.09183, "device_queued": -1, "device_end": -1, "host_queued_end": 1585661027.153143}, "device": "gpu", "nd_range": {"device_start": 1585660959.8134408, "device_end": 1585660959.8166108}, "cmdq": 0, "read": {"device_start": -1, "device_end": -1}}, "softmax140": {"write": {"device_start": -1, "host_queued_start": 1585661027.104087, "device_queued": -1, "device_end": -1, "host_queued_end": 1585661027.153143}, "device": "gpu", "nd_range": {"device_start": 1585660959.8576434, "device_end": 1585660959.8580675}, "cmdq": 0, "read": {"device_start": -1, "device_end": -1}}, "empty44": {"write": {"device_start": 1585660959.68209, "host_queued_start": 1585661026.924103, "device_queued": 1585660959.6817963, "device_end": 1585660959.6822999, "host_queued_end": 1585661027.153143}, "device": "gpu", "nd_range": {"device_start": 1585660959.6823077, "device_end": 1585660959.6823115}, "cmdq": 1, "read": {"device_start": -1, "device_end": -1}}, "FFC_sans_bias137": {"write": {"device_start": 1585660959.8006673, "host_queued_start": 1585661027.086453, "device_queued": 1585660959.69555, "device_end": 1585660959.8007612, "host_queued_end": 1585661027.153143}, "device": "gpu", "nd_range": {"device_start": 1585660959.8007672, "device_end": 1585660959.8101745}, "cmdq": 2, "read": {"device_start": -1, "device_end": -1}}, "empty8": {"write": {"device_start": -1, "host_queued_start": 1585661027.158303, "device_queued": -1, "device_end": -1, "host_queued_end": 1585661027.212133}, "device": "cpu", "nd_range": {"device_start": 2328801.4017322483, "device_end": 2328801.4017452053}, "cmdq": 0, "read": {"device_start": -1, "device_end": -1}}, "softmax50": {"write": {"device_start": -1, "host_queued_start": 1585661027.099329, "device_queued": -1, "device_end": -1, "host_queued_end": 1585661027.153143}, "device": "gpu", "nd_range": {"device_start": 1585660959.8526707, "device_end": 1585660959.8572326}, "cmdq": 2, "read": {"device_start": -1, "device_end": -1}}, "softmax59": {"write": {"device_start": -1, "host_queued_start": 1585661027.099587, "device_queued": -1, "device_end": -1, "host_queued_end": 1585661027.153143}, "device": "gpu", "nd_range": {"device_start": 1585660959.8563347, "device_end": 1585660959.8567457}, "cmdq": 0, "read": {"device_start": -1, "device_end": -1}}, "FFC_sans_bias142": {"write": {"device_start": 1585660959.9376595, "host_queued_start": 1585661027.153024, "device_queued": 1585660959.707093, "device_end": 1585660959.937753, "host_queued_end": 1585661027.153143}, "device": "gpu", "nd_range": {"device_start": 1585660959.9377732, "device_end": 1585660959.943633}, "cmdq": 2, "read": {"device_start": 1585660959.9436352, "device_end": 1585660959.9437215}}, "FFC_sans_bias141": {"write": {"device_start": -1, "host_queued_start": 1585661027.111903, "device_queued": -1, "device_end": -1, "host_queued_end": 1585661027.153143}, "device": "gpu", "nd_range": {"device_start": 1585660959.890765, "device_end": 1585660959.900531}, "cmdq": 1, "read": {"device_start": -1, "device_end": -1}}, "FFC_sans_bias24": {"write": {"device_start": -1, "host_queued_start": 1585661027.201869, "device_queued": -1, "device_end": -1, "host_queued_end": 1585661027.212133}, "device": "cpu", "nd_range": {"device_start": 2328801.9238552353, "device_end": 2328801.9579319223}, "cmdq": 0, "read": {"device_start": -1, "device_end": -1}}, "FFC_sans_bias25": {"write": {"device_start": -1, "host_queued_start": 1585661027.212067, "device_queued": -1, "device_end": -1, "host_queued_end": 1585661027.212133}, "device": "cpu", "nd_range": {"device_start": 2328802.028862772, "device_end": 2328802.064148664}, "cmdq": 0, "read": {"device_start": -1, "device_end": -1}}, "FFC_sans_bias27": {"write": {"device_start": 1585660959.6860683, "host_queued_start": 1585661026.955982, "device_queued": 1585660959.6857452, "device_end": 1585660959.6863225, "host_queued_end": 1585661027.153143}, "device": "gpu", "nd_range": {"device_start": 1585660959.6863735, "device_end": 1585660959.689747}, "cmdq": 1, "read": {"device_start": -1, "device_end": -1}}, "FFC_sans_bias20": {"write": {"device_start": -1, "host_queued_start": 1585661027.194337, "device_queued": -1, "device_end": -1, "host_queued_end": 1585661027.212133}, "device": "cpu", "nd_range": {"device_start": 2328801.705247338, "device_end": 2328801.7443972393}, "cmdq": 0, "read": {"device_start": -1, "device_end": -1}}, "FFC_sans_bias22": {"write": {"device_start": -1, "host_queued_start": 1585661027.198093, "device_queued": -1, "device_end": -1, "host_queued_end": 1585661027.212133}, "device": "cpu", "nd_range": {"device_start": 2328801.8176352, "device_end": 2328801.8537045103}, "cmdq": 0, "read": {"device_start": -1, "device_end": -1}}, "FFC_sans_bias130": {"write": {"device_start": -1, "host_queued_start": 1585661027.098187, "device_queued": -1, "device_end": -1, "host_queued_end": 1585661027.153143}, "device": "gpu", "nd_range": {"device_start": 1585660959.8363726, "device_end": 1585660959.8461392}, "cmdq": 1, "read": {"device_start": -1, "device_end": -1}}, "FFC_sans_bias28": {"write": {"device_start": 1585660959.6864126, "host_queued_start": 1585661026.959323, "device_queued": 1585660959.6860259, "device_end": 1585660959.686515, "host_queued_end": 1585661027.153143}, "device": "gpu", "nd_range": {"device_start": 1585660959.6865404, "device_end": 1585660959.6930692}, "cmdq": 2, "read": {"device_start": -1, "device_end": -1}}, "FFC_sans_bias29": {"write": {"device_start": 1585660959.6868975, "host_queued_start": 1585661026.962647, "device_queued": 1585660959.6866379, "device_end": 1585660959.6869965, "host_queued_end": 1585661027.153143}, "device": "gpu", "nd_range": {"device_start": 1585660959.6869993, "device_end": 1585660959.6963773}, "cmdq": 0, "read": {"device_start": -1, "device_end": -1}}, "coalesced_transpose66": {"write": {"device_start": -1, "host_queued_start": 1585661027.091509, "device_queued": -1, "device_end": -1, "host_queued_end": 1585661027.153143}, "device": "gpu", "nd_range": {"device_start": 1585660959.813269, "device_end": 1585660959.8133223}, "cmdq": 2, "read": {"device_start": -1, "device_end": -1}}, "coalesced_transpose93": {"write": {"device_start": -1, "host_queued_start": 1585661027.092474, "device_queued": -1, "device_end": -1, "host_queued_end": 1585661027.153143}, "device": "gpu", "nd_range": {"device_start": 1585660959.8133237, "device_end": 1585660959.8133593}, "cmdq": 2, "read": {"device_start": -1, "device_end": -1}}, "softmax23": {"write": {"device_start": -1, "host_queued_start": 1585661027.199872, "device_queued": -1, "device_end": -1, "host_queued_end": 1585661027.212133}, "device": "cpu", "nd_range": {"device_start": 2328801.854439158, "device_end": 2328801.8547160584}, "cmdq": 0, "read": {"device_start": -1, "device_end": -1}}, "empty62": {"write": {"device_start": 1585660959.6827586, "host_queued_start": 1585661026.929421, "device_queued": 1585660959.6823237, "device_end": 1585660959.683041, "host_queued_end": 1585661027.153143}, "device": "gpu", "nd_range": {"device_start": 1585660959.6830502, "device_end": 1585660959.6830537}, "cmdq": 0, "read": {"device_start": -1, "device_end": -1}}, "FFC_sans_bias10": {"write": {"device_start": -1, "host_queued_start": 1585661027.181399, "device_queued": -1, "device_end": -1, "host_queued_end": 1585661027.212133}, "device": "cpu", "nd_range": {"device_start": 2328801.54852521, "device_end": 2328801.585741737}, "cmdq": 0, "read": {"device_start": -1, "device_end": -1}}, "FFC_sans_bias13": {"write": {"device_start": -1, "host_queued_start": 1585661027.197328, "device_queued": -1, "device_end": -1, "host_queued_end": 1585661027.212133}, "device": "cpu", "nd_range": {"device_start": 2328801.7831362044, "device_end": 2328801.8176260693}, "cmdq": 0, "read": {"device_start": -1, "device_end": -1}}, "FFC_sans_bias15": {"write": {"device_start": -1, "host_queued_start": 1585661027.201054, "device_queued": -1, "device_end": -1, "host_queued_end": 1585661027.212133}, "device": "cpu", "nd_range": {"device_start": 2328801.8899248443, "device_end": 2328801.923837764}, "cmdq": 0, "read": {"device_start": -1, "device_end": -1}}, "FFC_sans_bias16": {"write": {"device_start": -1, "host_queued_start": 1585661027.208757, "device_queued": -1, "device_end": -1, "host_queued_end": 1585661027.212133}, "device": "cpu", "nd_range": {"device_start": 2328801.992312538, "device_end": 2328802.028857626}, "cmdq": 0, "read": {"device_start": -1, "device_end": -1}}, "FFC_sans_bias19": {"write": {"device_start": -1, "host_queued_start": 1585661027.191129, "device_queued": -1, "device_end": -1, "host_queued_end": 1585661027.212133}, "device": "cpu", "nd_range": {"device_start": 2328801.664101644, "device_end": 2328801.705229199}, "cmdq": 0, "read": {"device_start": -1, "device_end": -1}}, "FFC_sans_bias18": {"write": {"device_start": -1, "host_queued_start": 1585661027.187903, "device_queued": -1, "device_end": -1, "host_queued_end": 1585661027.212133}, "device": "cpu", "nd_range": {"device_start": 2328801.6271013683, "device_end": 2328801.664080743}, "cmdq": 0, "read": {"device_start": -1, "device_end": -1}}, "FFC_sans_bias99": {"write": {"device_start": 1585660959.7584157, "host_queued_start": 1585661027.042077, "device_queued": 1585660959.6922376, "device_end": 1585660959.7585125, "host_queued_end": 1585661027.153143}, "device": "gpu", "nd_range": {"device_start": 1585660959.7585175, "device_end": 1585660959.7678554}, "cmdq": 1, "read": {"device_start": -1, "device_end": -1}}, "FFC_sans_bias91": {"write": {"device_start": 1585660959.7544608, "host_queued_start": 1585661027.035281, "device_queued": 1585660959.6915433, "device_end": 1585660959.7545605, "host_queued_end": 1585661027.153143}, "device": "gpu", "nd_range": {"device_start": 1585660959.754568, "device_end": 1585660959.7613835}, "cmdq": 2, "read": {"device_start": -1, "device_end": -1}}, "FFC_sans_bias90": {"write": {"device_start": 1585660959.750475, "host_queued_start": 1585661027.031862, "device_queued": 1585660959.691415, "device_end": 1585660959.75057, "host_queued_end": 1585661027.153143}, "device": "gpu", "nd_range": {"device_start": 1585660959.7505755, "device_end": 1585660959.7581477}, "cmdq": 1, "read": {"device_start": -1, "device_end": -1}}, "coalesced_transpose12": {"write": {"device_start": -1, "host_queued_start": 1585661027.195548, "device_queued": -1, "device_end": -1, "host_queued_end": 1585661027.212133}, "device": "cpu", "nd_range": {"device_start": 2328801.744804042, "device_end": 2328801.745134788}, "cmdq": 0, "read": {"device_start": -1, "device_end": -1}}, "FFC_sans_bias94": {"write": {"device_start": -1, "host_queued_start": 1585661027.096813, "device_queued": -1, "device_end": -1, "host_queued_end": 1585661027.153143}, "device": "gpu", "nd_range": {"device_start": 1585660959.8396645, "device_end": 1585660959.8494341}, "cmdq": 0, "read": {"device_start": -1, "device_end": -1}}, "FFC_sans_bias97": {"write": {"device_start": 1585660959.915655, "host_queued_start": 1585661027.137281, "device_queued": 1585660959.7053652, "device_end": 1585660959.9157472, "host_queued_end": 1585661027.153143}, "device": "gpu", "nd_range": {"device_start": 1585660959.9157693, "device_end": 1585660959.9242604}, "cmdq": 0, "read": {"device_start": 1585660959.9242668, "device_end": 1585660959.9243762}}, "FFC_sans_bias96": {"write": {"device_start": -1, "host_queued_start": 1585661027.10891, "device_queued": -1, "device_end": -1, "host_queued_end": 1585661027.153143}, "device": "gpu", "nd_range": {"device_start": 1585660959.8842857, "device_end": 1585660959.894011}, "cmdq": 2, "read": {"device_start": -1, "device_end": -1}}, "FFC_sans_bias124": {"write": {"device_start": 1585660959.9248614, "host_queued_start": 1585661027.146721, "device_queued": 1585660959.706437, "device_end": 1585660959.924958, "host_queued_end": 1585661027.153143}, "device": "gpu", "nd_range": {"device_start": 1585660959.924979, "device_end": 1585660959.9339104}, "cmdq": 0, "read": {"device_start": 1585660959.9339123, "device_end": 1585660959.9340003}}, "FFC_sans_bias126": {"write": {"device_start": 1585660959.7909157, "host_queued_start": 1585661027.076207, "device_queued": 1585660959.6948185, "device_end": 1585660959.7910104, "host_queued_end": 1585661027.153143}, "device": "gpu", "nd_range": {"device_start": 1585660959.791017, "device_end": 1585660959.8004105}, "cmdq": 2, "read": {"device_start": -1, "device_end": -1}}, "softmax32": {"write": {"device_start": -1, "host_queued_start": 1585661027.098804, "device_queued": -1, "device_end": -1, "host_queued_end": 1585661027.153143}, "device": "gpu", "nd_range": {"device_start": 1585660959.8558981, "device_end": 1585660959.8563118}, "cmdq": 0, "read": {"device_start": -1, "device_end": -1}}, "coalesced_transpose84": {"write": {"device_start": -1, "host_queued_start": 1585661027.092155, "device_queued": -1, "device_end": -1, "host_queued_end": 1585661027.153143}, "device": "gpu", "nd_range": {"device_start": 1585660959.8132956, "device_end": 1585660959.813337}, "cmdq": 1, "read": {"device_start": -1, "device_end": -1}}, "FFC_sans_bias121": {"write": {"device_start": -1, "host_queued_start": 1585661027.097858, "device_queued": -1, "device_end": -1, "host_queued_end": 1585661027.153143}, "device": "gpu", "nd_range": {"device_start": 1585660959.849458, "device_end": 1585660959.8558762}, "cmdq": 0, "read": {"device_start": -1, "device_end": -1}}, "empty98": {"write": {"device_start": 1585660959.683993, "host_queued_start": 1585661026.939857, "device_queued": 1585660959.6836243, "device_end": 1585660959.684258, "host_queued_end": 1585661027.153143}, "device": "gpu", "nd_range": {"device_start": 1585660959.6842635, "device_end": 1585660959.6842697}, "cmdq": 1, "read": {"device_start": -1, "device_end": -1}}, "empty107": {"write": {"device_start": 1585660959.6842945, "host_queued_start": 1585661026.942777, "device_queued": 1585660959.6839762, "device_end": 1585660959.6845305, "host_queued_end": 1585661027.153143}, "device": "gpu", "nd_range": {"device_start": 1585660959.684536, "device_end": 1585660959.6845438}, "cmdq": 2, "read": {"device_start": -1, "device_end": -1}}, "empty17": {"write": {"device_start": -1, "host_queued_start": 1585661027.161635, "device_queued": -1, "device_end": -1, "host_queued_end": 1585661027.212133}, "device": "cpu", "nd_range": {"device_start": 2328801.4017678592, "device_end": 2328801.4017687542}, "cmdq": 0, "read": {"device_start": -1, "device_end": -1}}, "FFC_sans_bias87": {"write": {"device_start": -1, "host_queued_start": 1585661027.108308, "device_queued": -1, "device_end": -1, "host_queued_end": 1585661027.153143}, "device": "gpu", "nd_range": {"device_start": 1585660959.8712416, "device_end": 1585660959.8810205}, "cmdq": 1, "read": {"device_start": -1, "device_end": -1}}, "FFC_sans_bias85": {"write": {"device_start": -1, "host_queued_start": 1585661027.096421, "device_queued": -1, "device_end": -1, "host_queued_end": 1585661027.153143}, "device": "gpu", "nd_range": {"device_start": 1585660959.823389, "device_end": 1585660959.8331501}, "cmdq": 2, "read": {"device_start": -1, "device_end": -1}}, "FFC_sans_bias82": {"write": {"device_start": 1585660959.746529, "host_queued_start": 1585661027.024885, "device_queued": 1585660959.6908238, "device_end": 1585660959.7468164, "host_queued_end": 1585661027.153143}, "device": "gpu", "nd_range": {"device_start": 1585660959.7468426, "device_end": 1585660959.7515762}, "cmdq": 2, "read": {"device_start": -1, "device_end": -1}}, "FFC_sans_bias83": {"write": {"device_start": 1585660959.7468605, "host_queued_start": 1585661027.028464, "device_queued": 1585660959.6911716, "device_end": 1585660959.746954, "host_queued_end": 1585661027.153143}, "device": "gpu", "nd_range": {"device_start": 1585660959.7469592, "device_end": 1585660959.7548203}, "cmdq": 0, "read": {"device_start": -1, "device_end": -1}}, "FFC_sans_bias81": {"write": {"device_start": 1585660959.7390518, "host_queued_start": 1585661027.020972, "device_queued": 1585660959.6906943, "device_end": 1585660959.739208, "host_queued_end": 1585661027.153143}, "device": "gpu", "nd_range": {"device_start": 1585660959.7392168, "device_end": 1585660959.748396}, "cmdq": 1, "read": {"device_start": -1, "device_end": -1}}, "FFC_sans_bias88": {"write": {"device_start": 1585660959.9181979, "host_queued_start": 1585661027.134118, "device_queued": 1585660959.705008, "device_end": 1585660959.9182916, "host_queued_end": 1585661027.153143}, "device": "gpu", "nd_range": {"device_start": 1585660959.918316, "device_end": 1585660959.9273713}, "cmdq": 2, "read": {"device_start": 1585660959.927378, "device_end": 1585660959.9274719}}, "coalesced_transpose30": {"write": {"device_start": -1, "host_queued_start": 1585661027.090208, "device_queued": -1, "device_end": -1, "host_queued_end": 1585661027.153143}, "device": "gpu", "nd_range": {"device_start": 1585660959.8069382, "device_end": 1585660959.813218}, "cmdq": 1, "read": {"device_start": -1, "device_end": -1}}, "FFC_sans_bias128": {"write": {"device_start": 1585660959.7876887, "host_queued_start": 1585661027.072837, "device_queued": 1585660959.6946843, "device_end": 1585660959.7877824, "host_queued_end": 1585661027.153143}, "device": "gpu", "nd_range": {"device_start": 1585660959.7877872, "device_end": 1585660959.797182}, "cmdq": 1, "read": {"device_start": -1, "device_end": -1}}, "coalesced_transpose39": {"write": {"device_start": -1, "host_queued_start": 1585661027.090533, "device_queued": -1, "device_end": -1, "host_queued_end": 1585661027.153143}, "device": "gpu", "nd_range": {"device_start": 1585660959.810176, "device_end": 1585660959.8132603}, "cmdq": 2, "read": {"device_start": -1, "device_end": -1}}, "FFC_sans_bias79": {"write": {"device_start": 1585660959.9153116, "host_queued_start": 1585661027.130997, "device_queued": 1585660959.704605, "device_end": 1585660959.9154084, "host_queued_end": 1585661027.153143}, "device": "gpu", "nd_range": {"device_start": 1585660959.9154289, "device_end": 1585660959.9209611}, "cmdq": 1, "read": {"device_start": 1585660959.920967, "device_end": 1585660959.921062}}, "FFC_sans_bias78": {"write": {"device_start": -1, "host_queued_start": 1585661027.107722, "device_queued": -1, "device_end": -1, "host_queued_end": 1585661027.153143}, "device": "gpu", "nd_range": {"device_start": 1585660959.8614764, "device_end": 1585660959.8680294}, "cmdq": 0, "read": {"device_start": -1, "device_end": -1}}, "FFC_sans_bias73": {"write": {"device_start": 1585660959.732514, "host_queued_start": 1585661027.012563, "device_queued": 1585660959.690078, "device_end": 1585660959.7326324, "host_queued_end": 1585661027.153143}, "device": "gpu", "nd_range": {"device_start": 1585660959.73264, "device_end": 1585660959.741846}, "cmdq": 2, "read": {"device_start": -1, "device_end": -1}}, "FFC_sans_bias72": {"write": {"device_start": 1585660959.7293208, "host_queued_start": 1585661027.008646, "device_queued": 1585660959.689922, "device_end": 1585660959.7294283, "host_queued_end": 1585661027.153143}, "device": "gpu", "nd_range": {"device_start": 1585660959.7294338, "device_end": 1585660959.7386215}, "cmdq": 1, "read": {"device_start": -1, "device_end": -1}}, "FFC_sans_bias70": {"write": {"device_start": 1585660959.901138, "host_queued_start": 1585661027.12786, "device_queued": 1585660959.7044408, "device_end": 1585660959.9012303, "host_queued_end": 1585661027.153143}, "device": "gpu", "nd_range": {"device_start": 1585660959.9012532, "device_end": 1585660959.910276}, "cmdq": 0, "read": {"device_start": 1585660959.9102833, "device_end": 1585660959.9103808}}, "FFC_sans_bias76": {"write": {"device_start": -1, "host_queued_start": 1585661027.096086, "device_queued": -1, "device_end": -1, "host_queued_end": 1585661027.153143}, "device": "gpu", "nd_range": {"device_start": 1585660959.8201356, "device_end": 1585660959.826627}, "cmdq": 1, "read": {"device_start": -1, "device_end": -1}}, "FFC_sans_bias74": {"write": {"device_start": 1585660959.735755, "host_queued_start": 1585661027.016463, "device_queued": 1585660959.6904516, "device_end": 1585660959.7358782, "host_queued_end": 1585661027.153143}, "device": "gpu", "nd_range": {"device_start": 1585660959.7358856, "device_end": 1585660959.745132}, "cmdq": 0, "read": {"device_start": -1, "device_end": -1}}, "coalesced_transpose102": {"write": {"device_start": -1, "host_queued_start": 1585661027.092795, "device_queued": -1, "device_end": -1, "host_queued_end": 1585661027.153143}, "device": "gpu", "nd_range": {"device_start": 1585660959.8166268, "device_end": 1585660959.819915}, "cmdq": 0, "read": {"device_start": -1, "device_end": -1}}, "coalesced_transpose3": {"write": {"device_start": -1, "host_queued_start": 1585661027.194731, "device_queued": -1, "device_end": -1, "host_queued_end": 1585661027.212133}, "device": "cpu", "nd_range": {"device_start": 2328801.7444048882, "device_end": 2328801.744796133}, "cmdq": 0, "read": {"device_start": -1, "device_end": -1}}, "FFC_sans_bias127": {"write": {"device_start": 1585660959.7941775, "host_queued_start": 1585661027.079625, "device_queued": 1585660959.6951723, "device_end": 1585660959.7942724, "host_queued_end": 1585661027.153143}, "device": "gpu", "nd_range": {"device_start": 1585660959.7942793, "device_end": 1585660959.8036745}, "cmdq": 0, "read": {"device_start": -1, "device_end": -1}}, "empty89": {"write": {"device_start": 1585660959.683699, "host_queued_start": 1585661026.937232, "device_queued": 1585660959.6834083, "device_end": 1585660959.6839547, "host_queued_end": 1585661027.153143}, "device": "gpu", "nd_range": {"device_start": 1585660959.6839597, "device_end": 1585660959.683965}, "cmdq": 0, "read": {"device_start": -1, "device_end": -1}}, "FFC_sans_bias123": {"write": {"device_start": -1, "host_queued_start": 1585661027.11072, "device_queued": -1, "device_end": -1, "host_queued_end": 1585661027.153143}, "device": "gpu", "nd_range": {"device_start": 1585660959.8940313, "device_end": 1585660959.903794}, "cmdq": 2, "read": {"device_start": -1, "device_end": -1}}, "empty80": {"write": {"device_start": 1585660959.6833882, "host_queued_start": 1585661026.934626, "device_queued": 1585660959.6830611, "device_end": 1585660959.6835682, "host_queued_end": 1585661027.153143}, "device": "gpu", "nd_range": {"device_start": 1585660959.6835768, "device_end": 1585660959.6835814}, "cmdq": 2, "read": {"device_start": -1, "device_end": -1}}, "empty116": {"write": {"device_start": 1585660959.6846678, "host_queued_start": 1585661026.945373, "device_queued": 1585660959.6842763, "device_end": 1585660959.6850207, "host_queued_end": 1585661027.153143}, "device": "gpu", "nd_range": {"device_start": 1585660959.6850295, "device_end": 1585660959.6850333}, "cmdq": 0, "read": {"device_start": -1, "device_end": -1}}, "softmax104": {"write": {"device_start": -1, "host_queued_start": 1585661027.101951, "device_queued": -1, "device_end": -1, "host_queued_end": 1585661027.153143}, "device": "gpu", "nd_range": {"device_start": 1585660959.8576987, "device_end": 1585660959.8581462}, "cmdq": 2, "read": {"device_start": -1, "device_end": -1}}, "coalesced_transpose21": {"write": {"device_start": -1, "host_queued_start": 1585661027.196132, "device_queued": -1, "device_end": -1, "host_queued_end": 1585661027.212133}, "device": "cpu", "nd_range": {"device_start": 2328801.745141604, "device_end": 2328801.745445067}, "cmdq": 0, "read": {"device_start": -1, "device_end": -1}}, "softmax14": {"write": {"device_start": -1, "host_queued_start": 1585661027.199342, "device_queued": -1, "device_end": -1, "host_queued_end": 1585661027.212133}, "device": "cpu", "nd_range": {"device_start": 2328801.854110462, "device_end": 2328801.854432627}, "cmdq": 0, "read": {"device_start": -1, "device_end": -1}}, "FFC_sans_bias69": {"write": {"device_start": -1, "host_queued_start": 1585661027.107108, "device_queued": -1, "device_end": -1, "host_queued_end": 1585661027.153143}, "device": "gpu", "nd_range": {"device_start": 1585660959.8745363, "device_end": 1585660959.8842642}, "cmdq": 2, "read": {"device_start": -1, "device_end": -1}}, "FFC_sans_bias92": {"write": {"device_start": 1585660959.7550848, "host_queued_start": 1585661027.038708, "device_queued": 1585660959.6919026, "device_end": 1585660959.755177, "host_queued_end": 1585661027.153143}, "device": "gpu", "nd_range": {"device_start": 1585660959.7551854, "device_end": 1585660959.7646043}, "cmdq": 0, "read": {"device_start": -1, "device_end": -1}}, "FFC_sans_bias60": {"write": {"device_start": -1, "host_queued_start": 1585661027.106483, "device_queued": -1, "device_end": -1, "host_queued_end": 1585661027.153143}, "device": "gpu", "nd_range": {"device_start": 1585660959.8647888, "device_end": 1585660959.871221}, "cmdq": 1, "read": {"device_start": -1, "device_end": -1}}, "FFC_sans_bias61": {"write": {"device_start": 1585660959.9141219, "host_queued_start": 1585661027.124722, "device_queued": 1585660959.7041438, "device_end": 1585660959.914246, "host_queued_end": 1585661027.153143}, "device": "gpu", "nd_range": {"device_start": 1585660959.914269, "device_end": 1585660959.9176297}, "cmdq": 2, "read": {"device_start": 1585660959.9176362, "device_end": 1585660959.9177337}}, "FFC_sans_bias63": {"write": {"device_start": 1585660959.7260296, "host_queued_start": 1585661027.004386, "device_queued": 1585660959.6896114, "device_end": 1585660959.7261543, "host_queued_end": 1585661027.153143}, "device": "gpu", "nd_range": {"device_start": 1585660959.726162, "device_end": 1585660959.735332}, "cmdq": 0, "read": {"device_start": -1, "device_end": -1}}, "FFC_sans_bias64": {"write": {"device_start": 1585660959.7194495, "host_queued_start": 1585661026.995928, "device_queued": 1585660959.6891284, "device_end": 1585660959.719552, "host_queued_end": 1585661027.153143}, "device": "gpu", "nd_range": {"device_start": 1585660959.7195582, "device_end": 1585660959.728861}, "cmdq": 1, "read": {"device_start": -1, "device_end": -1}}, "FFC_sans_bias65": {"write": {"device_start": 1585660959.7227356, "host_queued_start": 1585661026.999439, "device_queued": 1585660959.6892548, "device_end": 1585660959.7228494, "host_queued_end": 1585661027.153143}, "device": "gpu", "nd_range": {"device_start": 1585660959.7228534, "device_end": 1585660959.7320695}, "cmdq": 2, "read": {"device_start": -1, "device_end": -1}}, "FFC_sans_bias67": {"write": {"device_start": -1, "host_queued_start": 1585661027.095754, "device_queued": -1, "device_end": -1, "host_queued_end": 1585661027.153143}, "device": "gpu", "nd_range": {"device_start": 1585660959.829971, "device_end": 1585660959.8396423}, "cmdq": 0, "read": {"device_start": -1, "device_end": -1}}, "coalesced_transpose111": {"write": {"device_start": -1, "host_queued_start": 1585661027.093113, "device_queued": -1, "device_end": -1, "host_queued_end": 1585661027.153143}, "device": "gpu", "nd_range": {"device_start": 1585660959.8133538, "device_end": 1585660959.813376}, "cmdq": 1, "read": {"device_start": -1, "device_end": -1}}, "FFC_sans_bias136": {"write": {"device_start": 1585660959.7974417, "host_queued_start": 1585661027.083028, "device_queued": 1585660959.6954253, "device_end": 1585660959.7975368, "host_queued_end": 1585661027.153143}, "device": "gpu", "nd_range": {"device_start": 1585660959.797543, "device_end": 1585660959.8069363}, "cmdq": 1, "read": {"device_start": -1, "device_end": -1}}, "FFC_sans_bias135": {"write": {"device_start": 1585660959.80393, "host_queued_start": 1585661027.089845, "device_queued": 1585660959.6959167, "device_end": 1585660959.804025, "host_queued_end": 1585661027.153143}, "device": "gpu", "nd_range": {"device_start": 1585660959.804031, "device_end": 1585660959.8133883}, "cmdq": 0, "read": {"device_start": -1, "device_end": -1}}, "FFC_sans_bias133": {"write": {"device_start": 1585660959.9311996, "host_queued_start": 1585661027.149854, "device_queued": 1585660959.7066913, "device_end": 1585660959.9312913, "host_queued_end": 1585661027.153143}, "device": "gpu", "nd_range": {"device_start": 1585660959.931311, "device_end": 1585660959.9404118}, "cmdq": 1, "read": {"device_start": 1585660959.9404218, "device_end": 1585660959.9405098}}, "FFC_sans_bias132": {"write": {"device_start": -1, "host_queued_start": 1585661027.111311, "device_queued": -1, "device_end": -1, "host_queued_end": 1585661027.153143}, "device": "gpu", "nd_range": {"device_start": 1585660959.8777876, "device_end": 1585660959.8875225}, "cmdq": 0, "read": {"device_start": -1, "device_end": -1}}, "softmax68": {"write": {"device_start": -1, "host_queued_start": 1585661027.099848, "device_queued": -1, "device_end": -1, "host_queued_end": 1585661027.153143}, "device": "gpu", "nd_range": {"device_start": 1585660959.8534732, "device_end": 1585660959.857206}, "cmdq": 1, "read": {"device_start": -1, "device_end": -1}}, "softmax131": {"write": {"device_start": -1, "host_queued_start": 1585661027.103555, "device_queued": -1, "device_end": -1, "host_queued_end": 1585661027.153143}, "device": "gpu", "nd_range": {"device_start": 1585660959.8581684, "device_end": 1585660959.865546}, "cmdq": 2, "read": {"device_start": -1, "device_end": -1}}, "empty125": {"write": {"device_start": 1585660959.685098, "host_queued_start": 1585661026.947969, "device_queued": 1585660959.6845517, "device_end": 1585660959.685414, "host_queued_end": 1585661027.153143}, "device": "gpu", "nd_range": {"device_start": 1585660959.6854267, "device_end": 1585660959.6854317}, "cmdq": 1, "read": {"device_start": -1, "device_end": -1}}, "FFC_sans_bias139": {"write": {"device_start": -1, "host_queued_start": 1585661027.098524, "device_queued": -1, "device_end": -1, "host_queued_end": 1585661027.153143}, "device": "gpu", "nd_range": {"device_start": 1585660959.842894, "device_end": 1585660959.8526483}, "cmdq": 2, "read": {"device_start": -1, "device_end": -1}}, "empty35": {"write": {"device_start": 1585660959.6816807, "host_queued_start": 1585661026.920664, "device_queued": 1585660959.6813476, "device_end": 1585660959.681782, "host_queued_end": 1585661027.153143}, "device": "gpu", "nd_range": {"device_start": 1585660959.6818202, "device_end": 1585660959.6818252}, "cmdq": 0, "read": {"device_start": -1, "device_end": -1}}, "softmax86": {"write": {"device_start": -1, "host_queued_start": 1585661027.100891, "device_queued": -1, "device_end": -1, "host_queued_end": 1585661027.153143}, "device": "gpu", "nd_range": {"device_start": 1585660959.8567677, "device_end": 1585660959.857181}, "cmdq": 0, "read": {"device_start": -1, "device_end": -1}}, "FFC_sans_bias55": {"write": {"device_start": 1585660959.716238, "host_queued_start": 1585661026.992604, "device_queued": 1585660959.6888916, "device_end": 1585660959.7163374, "host_queued_end": 1585661027.153143}, "device": "gpu", "nd_range": {"device_start": 1585660959.716342, "device_end": 1585660959.7255776}, "cmdq": 0, "read": {"device_start": -1, "device_end": -1}}, "FFC_sans_bias54": {"write": {"device_start": 1585660959.7129288, "host_queued_start": 1585661026.98929, "device_queued": 1585660959.6885378, "device_end": 1585660959.7130253, "host_queued_end": 1585661027.153143}, "device": "gpu", "nd_range": {"device_start": 1585660959.7130308, "device_end": 1585660959.7223008}, "cmdq": 2, "read": {"device_start": -1, "device_end": -1}}, "FFC_sans_bias56": {"write": {"device_start": 1585660959.7096825, "host_queued_start": 1585661026.985974, "device_queued": 1585660959.6884108, "device_end": 1585660959.709783, "host_queued_end": 1585661027.153143}, "device": "gpu", "nd_range": {"device_start": 1585660959.7097886, "device_end": 1585660959.719052}, "cmdq": 1, "read": {"device_start": -1, "device_end": -1}}, "FFC_sans_bias51": {"write": {"device_start": -1, "host_queued_start": 1585661027.105888, "device_queued": -1, "device_end": -1, "host_queued_end": 1585661027.153143}, "device": "gpu", "nd_range": {"device_start": 1585660959.8580885, "device_end": 1585660959.8614533}, "cmdq": 0, "read": {"device_start": -1, "device_end": -1}}, "FFC_sans_bias52": {"write": {"device_start": 1585660959.9007955, "host_queued_start": 1585661027.121594, "device_queued": 1585660959.7037618, "device_end": 1585660959.9008896, "host_queued_end": 1585661027.153143}, "device": "gpu", "nd_range": {"device_start": 1585660959.900911, "device_end": 1585660959.9070513}, "cmdq": 1, "read": {"device_start": 1585660959.9138286, "device_end": 1585660959.9141002}}, "FFC_sans_bias58": {"write": {"device_start": -1, "host_queued_start": 1585661027.095421, "device_queued": -1, "device_end": -1, "host_queued_end": 1585661027.153143}, "device": "gpu", "nd_range": {"device_start": 1585660959.8168144, "device_end": 1585660959.8233662}, "cmdq": 2, "read": {"device_start": -1, "device_end": -1}}, "FFC_sans_bias108": {"write": {"device_start": 1585660959.7681122, "host_queued_start": 1585661027.052316, "device_queued": 1585660959.6929777, "device_end": 1585660959.7682061, "host_queued_end": 1585661027.153143}, "device": "gpu", "nd_range": {"device_start": 1585660959.768212, "device_end": 1585660959.777663}, "cmdq": 1, "read": {"device_start": -1, "device_end": -1}}, "FFC_sans_bias109": {"write": {"device_start": 1585660959.771393, "host_queued_start": 1585661027.055721, "device_queued": 1585660959.6931226, "device_end": 1585660959.7714875, "host_queued_end": 1585661027.153143}, "device": "gpu", "nd_range": {"device_start": 1585660959.7714925, "device_end": 1585660959.7808762}, "cmdq": 2, "read": {"device_start": -1, "device_end": -1}}, "coalesced_transpose129": {"write": {"device_start": -1, "host_queued_start": 1585661027.093754, "device_queued": -1, "device_end": -1, "host_queued_end": 1585661027.153143}, "device": "gpu", "nd_range": {"device_start": 1585660959.8199182, "device_end": 1585660959.8231764}, "cmdq": 0, "read": {"device_start": -1, "device_end": -1}}, "FFC_sans_bias103": {"write": {"device_start": -1, "host_queued_start": 1585661027.097169, "device_queued": -1, "device_end": -1, "host_queued_end": 1585661027.153143}, "device": "gpu", "nd_range": {"device_start": 1585660959.8266497, "device_end": 1585660959.8363495}, "cmdq": 1, "read": {"device_start": -1, "device_end": -1}}, "FFC_sans_bias100": {"write": {"device_start": 1585660959.7616398, "host_queued_start": 1585661027.04547, "device_queued": 1585660959.69239, "device_end": 1585660959.7617333, "host_queued_end": 1585661027.153143}, "device": "gpu", "nd_range": {"device_start": 1585660959.761741, "device_end": 1585660959.7711344}, "cmdq": 2, "read": {"device_start": -1, "device_end": -1}}, "FFC_sans_bias101": {"write": {"device_start": 1585660959.7653809, "host_queued_start": 1585661027.04888, "device_queued": 1585660959.6927412, "device_end": 1585660959.7654765, "host_queued_end": 1585661027.153143}, "device": "gpu", "nd_range": {"device_start": 1585660959.7654808, "device_end": 1585660959.774404}, "cmdq": 0, "read": {"device_start": -1, "device_end": -1}}, "FFC_sans_bias106": {"write": {"device_start": 1585660959.9215043, "host_queued_start": 1585661027.14045, "device_queued": 1585660959.7055495, "device_end": 1585660959.9215975, "host_queued_end": 1585661027.153143}, "device": "gpu", "nd_range": {"device_start": 1585660959.9216206, "device_end": 1585660959.930674}, "cmdq": 1, "read": {"device_start": 1585660959.9306831, "device_end": 1585660959.930775}}, "softmax122": {"write": {"device_start": -1, "host_queued_start": 1585661027.103013, "device_queued": -1, "device_end": -1, "host_queued_end": 1585661027.153143}, "device": "gpu", "nd_range": {"device_start": 1585660959.8576732, "device_end": 1585660959.8581042}, "cmdq": 1, "read": {"device_start": -1, "device_end": -1}}, "FFC_sans_bias105": {"write": {"device_start": -1, "host_queued_start": 1585661027.109499, "device_queued": -1, "device_end": -1, "host_queued_end": 1585661027.153143}, "device": "gpu", "nd_range": {"device_start": 1585660959.8680503, "device_end": 1585660959.8777666}, "cmdq": 0, "read": {"device_start": -1, "device_end": -1}}, "softmax95": {"write": {"device_start": -1, "host_queued_start": 1585661027.101421, "device_queued": -1, "device_end": -1, "host_queued_end": 1585661027.153143}, "device": "gpu", "nd_range": {"device_start": 1585660959.857227, "device_end": 1585660959.8576512}, "cmdq": 1, "read": {"device_start": -1, "device_end": -1}}, "coalesced_transpose57": {"write": {"device_start": -1, "host_queued_start": 1585661027.091187, "device_queued": -1, "device_end": -1, "host_queued_end": 1585661027.153143}, "device": "gpu", "nd_range": {"device_start": 1585660959.813227, "device_end": 1585660959.8132846}, "cmdq": 1, "read": {"device_start": -1, "device_end": -1}}, "empty26": {"write": {"device_start": -1, "host_queued_start": 1585661027.164528, "device_queued": -1, "device_end": -1, "host_queued_end": 1585661027.212133}, "device": "cpu", "nd_range": {"device_start": 2328801.401773894, "device_end": 2328801.401774636}, "cmdq": 0, "read": {"device_start": -1, "device_end": -1}}, "softmax113": {"write": {"device_start": -1, "host_queued_start": 1585661027.102475, "device_queued": -1, "device_end": -1, "host_queued_end": 1585661027.153143}, "device": "gpu", "nd_range": {"device_start": 1585660959.857203, "device_end": 1585660959.8576214}, "cmdq": 0, "read": {"device_start": -1, "device_end": -1}}, "FFC_sans_bias11": {"write": {"device_start": -1, "host_queued_start": 1585661027.184686, "device_queued": -1, "device_end": -1, "host_queued_end": 1585661027.212133}, "device": "cpu", "nd_range": {"device_start": 2328801.5857544113, "device_end": 2328801.6270780093}, "cmdq": 0, "read": {"device_start": -1, "device_end": -1}}, "FFC_sans_bias42": {"write": {"device_start": -1, "host_queued_start": 1585661027.105293, "device_queued": -1, "device_end": -1, "host_queued_end": 1585661027.153143}, "device": "gpu", "nd_range": {"device_start": 1585660959.8655677, "device_end": 1585660959.8745153}, "cmdq": 2, "read": {"device_start": -1, "device_end": -1}}, "FFC_sans_bias43": {"write": {"device_start": 1585660959.8878286, "host_queued_start": 1585661027.118397, "device_queued": 1585660959.7036023, "device_end": 1585660959.887925, "host_queued_end": 1585661027.153143}, "device": "gpu", "nd_range": {"device_start": 1585660959.887948, "device_end": 1585660959.897278}, "cmdq": 0, "read": {"device_start": 1585660959.8972812, "device_end": 1585660959.8973775}}, "FFC_sans_bias40": {"write": {"device_start": -1, "host_queued_start": 1585661027.094755, "device_queued": -1, "device_end": -1, "host_queued_end": 1585661027.153143}, "device": "gpu", "nd_range": {"device_start": 1585660959.8231993, "device_end": 1585660959.8299491}, "cmdq": 0, "read": {"device_start": -1, "device_end": -1}}, "FFC_sans_bias46": {"write": {"device_start": 1585660959.7032027, "host_queued_start": 1585661026.979302, "device_queued": 1585660959.6878319, "device_end": 1585660959.7033036, "host_queued_end": 1585661027.153143}, "device": "gpu", "nd_range": {"device_start": 1585660959.7033098, "device_end": 1585660959.7125278}, "cmdq": 2, "read": {"device_start": -1, "device_end": -1}}, "FFC_sans_bias47": {"write": {"device_start": 1585660959.70643, "host_queued_start": 1585661026.982626, "device_queued": 1585660959.688174, "device_end": 1585660959.706537, "host_queued_end": 1585661027.153143}, "device": "gpu", "nd_range": {"device_start": 1585660959.706547, "device_end": 1585660959.7158074}, "cmdq": 0, "read": {"device_start": -1, "device_end": -1}}, "FFC_sans_bias45": {"write": {"device_start": 1585660959.699865, "host_queued_start": 1585661026.975967, "device_queued": 1585660959.6877053, "device_end": 1585660959.6999679, "host_queued_end": 1585661027.153143}, "device": "gpu", "nd_range": {"device_start": 1585660959.6999722, "device_end": 1585660959.7092853}, "cmdq": 1, "read": {"device_start": -1, "device_end": -1}}, "FFC_sans_bias49": {"write": {"device_start": -1, "host_queued_start": 1585661027.095086, "device_queued": -1, "device_end": -1, "host_queued_end": 1585661027.153143}, "device": "gpu", "nd_range": {"device_start": 1585660959.813469, "device_end": 1585660959.820113}, "cmdq": 1, "read": {"device_start": -1, "device_end": -1}}, "softmax77": {"write": {"device_start": -1, "host_queued_start": 1585661027.100369, "device_queued": -1, "device_end": -1, "host_queued_end": 1585661027.153143}, "device": "gpu", "nd_range": {"device_start": 1585660959.857253, "device_end": 1585660959.8576787}, "cmdq": 2, "read": {"device_start": -1, "device_end": -1}}, "empty134": {"write": {"device_start": 1585660959.6854467, "host_queued_start": 1585661026.950554, "device_queued": 1585660959.6850436, "device_end": 1585660959.6857288, "host_queued_end": 1585661027.153143}, "device": "gpu", "nd_range": {"device_start": 1585660959.685739, "device_end": 1585660959.6857448}, "cmdq": 2, "read": {"device_start": -1, "device_end": -1}}, "coalesced_transpose138": {"write": {"device_start": -1, "host_queued_start": 1585661027.09408, "device_queued": -1, "device_end": -1, "host_queued_end": 1585661027.153143}, "device": "gpu", "nd_range": {"device_start": 1585660959.813377, "device_end": 1585660959.8134465}, "cmdq": 1, "read": {"device_start": -1, "device_end": -1}}, "FFC_sans_bias119": {"write": {"device_start": 1585660959.784436, "host_queued_start": 1585661027.06943, "device_queued": 1585660959.69443, "device_end": 1585660959.7845318, "host_queued_end": 1585661027.153143}, "device": "gpu", "nd_range": {"device_start": 1585660959.7845397, "device_end": 1585660959.7939122}, "cmdq": 0, "read": {"device_start": -1, "device_end": -1}}, "FFC_sans_bias118": {"write": {"device_start": 1585660959.7812283, "host_queued_start": 1585661027.066002, "device_queued": 1585660959.6940641, "device_end": 1585660959.781322, "host_queued_end": 1585661027.153143}, "device": "gpu", "nd_range": {"device_start": 1585660959.7813263, "device_end": 1585660959.7906568}, "cmdq": 2, "read": {"device_start": -1, "device_end": -1}}, "empty143": {"write": {"device_start": 1585660959.6857548, "host_queued_start": 1585661026.953176, "device_queued": 1585660959.6854336, "device_end": 1585660959.6860085, "host_queued_end": 1585661027.153143}, "device": "gpu", "nd_range": {"device_start": 1585660959.6860113, "device_end": 1585660959.686016}, "cmdq": 0, "read": {"device_start": -1, "device_end": -1}}, "FFC_sans_bias115": {"write": {"device_start": 1585660959.9279234, "host_queued_start": 1585661027.143578, "device_queued": 1585660959.7059689, "device_end": 1585660959.9280162, "host_queued_end": 1585661027.153143}, "device": "gpu", "nd_range": {"device_start": 1585660959.9280396, "device_end": 1585660959.9371388}, "cmdq": 2, "read": {"device_start": 1585660959.9371433, "device_end": 1585660959.9372346}}, "FFC_sans_bias114": {"write": {"device_start": -1, "host_queued_start": 1585661027.110082, "device_queued": -1, "device_end": -1, "host_queued_end": 1585661027.153143}, "device": "gpu", "nd_range": {"device_start": 1585660959.8810415, "device_end": 1585660959.8907442}, "cmdq": 1, "read": {"device_start": -1, "device_end": -1}}, "FFC_sans_bias117": {"write": {"device_start": 1585660959.7779424, "host_queued_start": 1585661027.062581, "device_queued": 1585660959.6939337, "device_end": 1585660959.7780373, "host_queued_end": 1585661027.153143}, "device": "gpu", "nd_range": {"device_start": 1585660959.7780433, "device_end": 1585660959.7874174}, "cmdq": 1, "read": {"device_start": -1, "device_end": -1}}, "softmax5": {"write": {"device_start": -1, "host_queued_start": 1585661027.198821, "device_queued": -1, "device_end": -1, "host_queued_end": 1585661027.212133}, "device": "cpu", "nd_range": {"device_start": 2328801.853725459, "device_end": 2328801.854102274}, "cmdq": 0, "read": {"device_start": -1, "device_end": -1}}, "FFC_sans_bias110": {"write": {"device_start": 1585660959.7746894, "host_queued_start": 1585661027.059176, "device_queued": 1585660959.693687, "device_end": 1585660959.7747853, "host_queued_end": 1585661027.153143}, "device": "gpu", "nd_range": {"device_start": 1585660959.77479, "device_end": 1585660959.7841582}, "cmdq": 0, "read": {"device_start": -1, "device_end": -1}}, "FFC_sans_bias112": {"write": {"device_start": -1, "host_queued_start": 1585661027.097524, "device_queued": -1, "device_end": -1, "host_queued_end": 1585661027.153143}, "device": "gpu", "nd_range": {"device_start": 1585660959.8331718, "device_end": 1585660959.8428717}, "cmdq": 2, "read": {"device_start": -1, "device_end": -1}}, "empty53": {"write": {"device_start": 1585660959.6824448, "host_queued_start": 1585661026.926795, "device_queued": 1585660959.681974, "device_end": 1585660959.6827283, "host_queued_end": 1585661027.153143}, "device": "gpu", "nd_range": {"device_start": 1585660959.6827326, "device_end": 1585660959.6827395}, "cmdq": 2, "read": {"device_start": -1, "device_end": -1}}, "coalesced_transpose48": {"write": {"device_start": -1, "host_queued_start": 1585661027.090866, "device_queued": -1, "device_end": -1, "host_queued_end": 1585661027.153143}, "device": "gpu", "nd_range": {"device_start": 1585660959.8133934, "device_end": 1585660959.813431}, "cmdq": 0, "read": {"device_start": -1, "device_end": -1}}}