{"FFC_sans_bias4": {"write": {"device_start": -1, "host_queued_start": 1585661208.663573, "device_queued": -1, "device_end": -1, "host_queued_end": 1585661208.697113}, "device": "cpu", "nd_range": {"device_start": 2328983.625229537, "device_end": 2328983.7308872864}, "cmdq": 2, "read": {"device_start": -1, "device_end": -1}}, "FFC_sans_bias7": {"write": {"device_start": -1, "host_queued_start": 1585661208.678969, "device_queued": -1, "device_end": -1, "host_queued_end": 1585661208.697113}, "device": "cpu", "nd_range": {"device_start": 2328984.155066192, "device_end": 2328984.320320983}, "cmdq": 2, "read": {"device_start": -1, "device_end": -1}}, "FFC_sans_bias6": {"write": {"device_start": -1, "host_queued_start": 1585661208.67199, "device_queued": -1, "device_end": -1, "host_queued_end": 1585661208.697113}, "device": "cpu", "nd_range": {"device_start": 2328983.874362306, "device_end": 2328983.977225686}, "cmdq": 1, "read": {"device_start": -1, "device_end": -1}}, "FFC_sans_bias1": {"write": {"device_start": -1, "host_queued_start": 1585661208.596502, "device_queued": -1, "device_end": -1, "host_queued_end": 1585661208.697113}, "device": "cpu", "nd_range": {"device_start": 2328982.887542338, "device_end": 2328982.9872962562}, "cmdq": 2, "read": {"device_start": -1, "device_end": -1}}, "FFC_sans_bias0": {"write": {"device_start": -1, "host_queued_start": 1585661208.59286, "device_queued": -1, "device_end": -1, "host_queued_end": 1585661208.697113}, "device": "cpu", "nd_range": {"device_start": 2328982.886781446, "device_end": 2328982.995877784}, "cmdq": 1, "read": {"device_start": -1, "device_end": -1}}, "FFC_sans_bias2": {"write": {"device_start": -1, "host_queued_start": 1585661208.600006, "device_queued": -1, "device_end": -1, "host_queued_end": 1585661208.697113}, "device": "cpu", "nd_range": {"device_start": 2328982.8867872823, "device_end": 2328982.9929928863}, "cmdq": 0, "read": {"device_start": -1, "device_end": -1}}, "coalesced_transpose120": {"write": {"device_start": -1, "host_queued_start": 1585661208.528904, "device_queued": -1, "device_end": -1, "host_queued_end": 1585661208.567585}, "device": "gpu", "nd_range": {"device_start": 1585661141.1977844, "device_end": 1585661141.1978197}, "cmdq": 0, "read": {"device_start": -1, "device_end": -1}}, "FFC_sans_bias9": {"write": {"device_start": -1, "host_queued_start": 1585661208.603634, "device_queued": -1, "device_end": -1, "host_queued_end": 1585661208.697113}, "device": "cpu", "nd_range": {"device_start": 2328982.996062084, "device_end": 2328983.113950598}, "cmdq": 1, "read": {"device_start": -1, "device_end": -1}}, "empty71": {"write": {"device_start": 1585661141.0913315, "host_queued_start": 1585661208.415543, "device_queued": 1585661141.0909832, "device_end": 1585661141.0915635, "host_queued_end": 1585661208.567585}, "device": "gpu", "nd_range": {"device_start": 1585661141.0915723, "device_end": 1585661141.0915775}, "cmdq": 0, "read": {"device_start": -1, "device_end": -1}}, "softmax41": {"write": {"device_start": -1, "host_queued_start": 1585661208.670303, "device_queued": -1, "device_end": -1, "host_queued_end": 1585661208.697113}, "device": "cpu", "nd_range": {"device_start": 2328983.8736014143, "device_end": 2328983.874200853}, "cmdq": 1, "read": {"device_start": -1, "device_end": -1}}, "FFC_sans_bias37": {"write": {"device_start": -1, "host_queued_start": 1585661208.636405, "device_queued": -1, "device_end": -1, "host_queued_end": 1585661208.697113}, "device": "cpu", "nd_range": {"device_start": 2328983.3654114143, "device_end": 2328983.477777242}, "cmdq": 2, "read": {"device_start": -1, "device_end": -1}}, "FFC_sans_bias36": {"write": {"device_start": -1, "host_queued_start": 1585661208.633223, "device_queued": -1, "device_end": -1, "host_queued_end": 1585661208.697113}, "device": "cpu", "nd_range": {"device_start": 2328983.2687399504, "device_end": 2328983.337143788}, "cmdq": 1, "read": {"device_start": -1, "device_end": -1}}, "FFC_sans_bias34": {"write": {"device_start": -1, "host_queued_start": 1585661208.688016, "device_queued": -1, "device_end": -1, "host_queued_end": 1585661208.697113}, "device": "cpu", "nd_range": {"device_start": 2328984.320332536, "device_end": 2328984.434337743}, "cmdq": 2, "read": {"device_start": -1, "device_end": -1}}, "FFC_sans_bias33": {"write": {"device_start": -1, "host_queued_start": 1585661208.673854, "device_queued": -1, "device_end": -1, "host_queued_end": 1585661208.697113}, "device": "cpu", "nd_range": {"device_start": 2328983.977435965, "device_end": 2328984.1411877424}, "cmdq": 1, "read": {"device_start": -1, "device_end": -1}}, "FFC_sans_bias31": {"write": {"device_start": -1, "host_queued_start": 1585661208.665703, "device_queued": -1, "device_end": -1, "host_queued_end": 1585661208.697113}, "device": "cpu", "nd_range": {"device_start": 2328983.730904369, "device_end": 2328983.873450227}, "cmdq": 2, "read": {"device_start": -1, "device_end": -1}}, "FFC_sans_bias38": {"write": {"device_start": -1, "host_queued_start": 1585661208.639606, "device_queued": -1, "device_end": -1, "host_queued_end": 1585661208.697113}, "device": "cpu", "nd_range": {"device_start": 2328983.39778852, "device_end": 2328983.507215151}, "cmdq": 0, "read": {"device_start": -1, "device_end": -1}}, "coalesced_transpose75": {"write": {"device_start": -1, "host_queued_start": 1585661208.527388, "device_queued": -1, "device_end": -1, "host_queued_end": 1585661208.567585}, "device": "gpu", "nd_range": {"device_start": 1585661141.194415, "device_end": 1585661141.1977496}, "cmdq": 1, "read": {"device_start": -1, "device_end": -1}}, "softmax140": {"write": {"device_start": -1, "host_queued_start": 1585661208.534725, "device_queued": -1, "device_end": -1, "host_queued_end": 1585661208.567585}, "device": "gpu", "nd_range": {"device_start": 1585661141.2308545, "device_end": 1585661141.2313094}, "cmdq": 2, "read": {"device_start": -1, "device_end": -1}}, "empty44": {"write": {"device_start": -1, "host_queued_start": 1585661208.58433, "device_queued": -1, "device_end": -1, "host_queued_end": 1585661208.697113}, "device": "cpu", "nd_range": {"device_start": 2328982.886773039, "device_end": 2328982.8867741683}, "cmdq": 1, "read": {"device_start": -1, "device_end": -1}}, "FFC_sans_bias137": {"write": {"device_start": 1585661141.1837177, "host_queued_start": 1585661208.523425, "device_queued": 1585661141.1006265, "device_end": 1585661141.1838307, "host_queued_end": 1585661208.567585}, "device": "gpu", "nd_range": {"device_start": 1585661141.1838362, "device_end": 1585661141.1944134}, "cmdq": 1, "read": {"device_start": -1, "device_end": -1}}, "empty8": {"write": {"device_start": -1, "host_queued_start": 1585661208.572542, "device_queued": -1, "device_end": -1, "host_queued_end": 1585661208.697113}, "device": "cpu", "nd_range": {"device_start": 2328982.88673212, "device_end": 2328982.886745722}, "cmdq": 0, "read": {"device_start": -1, "device_end": -1}}, "softmax50": {"write": {"device_start": -1, "host_queued_start": 1585661208.670864, "device_queued": -1, "device_end": -1, "host_queued_end": 1585661208.697113}, "device": "cpu", "nd_range": {"device_start": 2328983.940886817, "device_end": 2328983.9416092783}, "cmdq": 2, "read": {"device_start": -1, "device_end": -1}}, "softmax59": {"write": {"device_start": -1, "host_queued_start": 1585661208.671394, "device_queued": -1, "device_end": -1, "host_queued_end": 1585661208.697113}, "device": "cpu", "nd_range": {"device_start": 2328983.952144681, "device_end": 2328983.9528602483}, "cmdq": 0, "read": {"device_start": -1, "device_end": -1}}, "FFC_sans_bias142": {"write": {"device_start": 1585661141.2778635, "host_queued_start": 1585661208.567469, "device_queued": 1585661141.1078975, "device_end": 1585661141.27796, "host_queued_end": 1585661208.567585}, "device": "gpu", "nd_range": {"device_start": 1585661141.2779648, "device_end": 1585661141.2879286}, "cmdq": 2, "read": {"device_start": 1585661141.2879343, "device_end": 1585661141.288022}}, "FFC_sans_bias141": {"write": {"device_start": -1, "host_queued_start": 1585661208.537585, "device_queued": -1, "device_end": -1, "host_queued_end": 1585661208.567585}, "device": "gpu", "nd_range": {"device_start": 1585661141.2421327, "device_end": 1585661141.2526495}, "cmdq": 2, "read": {"device_start": -1, "device_end": -1}}, "FFC_sans_bias24": {"write": {"device_start": -1, "host_queued_start": 1585661208.673232, "device_queued": -1, "device_end": -1, "host_queued_end": 1585661208.697113}, "device": "cpu", "nd_range": {"device_start": 2328983.952877331, "device_end": 2328984.0829983093}, "cmdq": 0, "read": {"device_start": -1, "device_end": -1}}, "FFC_sans_bias25": {"write": {"device_start": -1, "host_queued_start": 1585661208.685, "device_queued": -1, "device_end": -1, "host_queued_end": 1585661208.697113}, "device": "cpu", "nd_range": {"device_start": 2328984.219271895, "device_end": 2328984.3352746964}, "cmdq": 1, "read": {"device_start": -1, "device_end": -1}}, "FFC_sans_bias27": {"write": {"device_start": -1, "host_queued_start": 1585661208.623488, "device_queued": -1, "device_end": -1, "host_queued_end": 1585661208.697113}, "device": "cpu", "nd_range": {"device_start": 2328983.17646268, "device_end": 2328983.268569388}, "cmdq": 1, "read": {"device_start": -1, "device_end": -1}}, "FFC_sans_bias20": {"write": {"device_start": -1, "host_queued_start": 1585661208.620253, "device_queued": -1, "device_end": -1, "host_queued_end": 1585661208.697113}, "device": "cpu", "nd_range": {"device_start": 2328983.1296177004, "device_end": 2328983.268054861}, "cmdq": 0, "read": {"device_start": -1, "device_end": -1}}, "FFC_sans_bias22": {"write": {"device_start": -1, "host_queued_start": 1585661208.664947, "device_queued": -1, "device_end": -1, "host_queued_end": 1585661208.697113}, "device": "cpu", "nd_range": {"device_start": 2328983.660518928, "device_end": 2328983.793044373}, "cmdq": 1, "read": {"device_start": -1, "device_end": -1}}, "FFC_sans_bias130": {"write": {"device_start": -1, "host_queued_start": 1585661208.532128, "device_queued": -1, "device_end": -1, "host_queued_end": 1585661208.567585}, "device": "gpu", "nd_range": {"device_start": 1585661141.2121634, "device_end": 1585661141.2227917}, "cmdq": 1, "read": {"device_start": -1, "device_end": -1}}, "FFC_sans_bias28": {"write": {"device_start": -1, "host_queued_start": 1585661208.626697, "device_queued": -1, "device_end": -1, "host_queued_end": 1585661208.697113}, "device": "cpu", "nd_range": {"device_start": 2328983.1863251543, "device_end": 2328983.365386887}, "cmdq": 2, "read": {"device_start": -1, "device_end": -1}}, "FFC_sans_bias29": {"write": {"device_start": -1, "host_queued_start": 1585661208.630095, "device_queued": -1, "device_end": -1, "host_queued_end": 1585661208.697113}, "device": "cpu", "nd_range": {"device_start": 2328983.2682959293, "device_end": 2328983.397571769}, "cmdq": 0, "read": {"device_start": -1, "device_end": -1}}, "coalesced_transpose66": {"write": {"device_start": -1, "host_queued_start": 1585661208.527081, "device_queued": -1, "device_end": -1, "host_queued_end": 1585661208.567585}, "device": "gpu", "nd_range": {"device_start": 1585661141.1908453, "device_end": 1585661141.1977072}, "cmdq": 0, "read": {"device_start": -1, "device_end": -1}}, "coalesced_transpose93": {"write": {"device_start": -1, "host_queued_start": 1585661208.527995, "device_queued": -1, "device_end": -1, "host_queued_end": 1585661208.567585}, "device": "gpu", "nd_range": {"device_start": 1585661141.197715, "device_end": 1585661141.1977713}, "cmdq": 0, "read": {"device_start": -1, "device_end": -1}}, "softmax23": {"write": {"device_start": -1, "host_queued_start": 1585661208.669196, "device_queued": -1, "device_end": -1, "host_queued_end": 1585661208.697113}, "device": "cpu", "nd_range": {"device_start": 2328983.9401403633, "device_end": 2328983.940873052}, "cmdq": 2, "read": {"device_start": -1, "device_end": -1}}, "empty62": {"write": {"device_start": -1, "host_queued_start": 1585661208.589994, "device_queued": -1, "device_end": -1, "host_queued_end": 1585661208.697113}, "device": "cpu", "nd_range": {"device_start": 2328982.8867805093, "device_end": 2328982.886781202}, "cmdq": 0, "read": {"device_start": -1, "device_end": -1}}, "FFC_sans_bias10": {"write": {"device_start": -1, "host_queued_start": 1585661208.607346, "device_queued": -1, "device_end": -1, "host_queued_end": 1585661208.697113}, "device": "cpu", "nd_range": {"device_start": 2328982.987536799, "device_end": 2328983.060216363}, "cmdq": 2, "read": {"device_start": -1, "device_end": -1}}, "FFC_sans_bias13": {"write": {"device_start": -1, "host_queued_start": 1585661208.664182, "device_queued": -1, "device_end": -1, "host_queued_end": 1585661208.697113}, "device": "cpu", "nd_range": {"device_start": 2328983.6540736863, "device_end": 2328983.746482266}, "cmdq": 0, "read": {"device_start": -1, "device_end": -1}}, "FFC_sans_bias15": {"write": {"device_start": -1, "host_queued_start": 1585661208.672623, "device_queued": -1, "device_end": -1, "host_queued_end": 1585661208.697113}, "device": "cpu", "nd_range": {"device_start": 2328983.941617934, "device_end": 2328984.0774059882}, "cmdq": 2, "read": {"device_start": -1, "device_end": -1}}, "FFC_sans_bias16": {"write": {"device_start": -1, "host_queued_start": 1585661208.681946, "device_queued": -1, "device_end": -1, "host_queued_end": 1585661208.697113}, "device": "cpu", "nd_range": {"device_start": 2328984.1695341393, "device_end": 2328984.292683149}, "cmdq": 0, "read": {"device_start": -1, "device_end": -1}}, "FFC_sans_bias19": {"write": {"device_start": -1, "host_queued_start": 1585661208.617054, "device_queued": -1, "device_end": -1, "host_queued_end": 1585661208.697113}, "device": "cpu", "nd_range": {"device_start": 2328983.06044992, "device_end": 2328983.1861269353}, "cmdq": 2, "read": {"device_start": -1, "device_end": -1}}, "FFC_sans_bias18": {"write": {"device_start": -1, "host_queued_start": 1585661208.613893, "device_queued": -1, "device_end": -1, "host_queued_end": 1585661208.697113}, "device": "cpu", "nd_range": {"device_start": 2328983.114191677, "device_end": 2328983.176241558}, "cmdq": 1, "read": {"device_start": -1, "device_end": -1}}, "FFC_sans_bias99": {"write": {"device_start": 1585661141.1334293, "host_queued_start": 1585661208.480232, "device_queued": 1585661141.097211, "device_end": 1585661141.1335368, "host_queued_end": 1585661208.567585}, "device": "gpu", "nd_range": {"device_start": 1585661141.1335416, "device_end": 1585661141.1446476}, "cmdq": 0, "read": {"device_start": -1, "device_end": -1}}, "FFC_sans_bias91": {"write": {"device_start": 1585661141.1257658, "host_queued_start": 1585661208.473609, "device_queued": 1585661141.096737, "device_end": 1585661141.1259542, "host_queued_end": 1585661208.567585}, "device": "gpu", "nd_range": {"device_start": 1585661141.1259685, "device_end": 1585661141.1369145}, "cmdq": 1, "read": {"device_start": -1, "device_end": -1}}, "FFC_sans_bias90": {"write": {"device_start": 1585661141.1218417, "host_queued_start": 1585661208.470241, "device_queued": 1585661141.0965033, "device_end": 1585661141.1219437, "host_queued_end": 1585661208.567585}, "device": "gpu", "nd_range": {"device_start": 1585661141.1219487, "device_end": 1585661141.13305}, "cmdq": 0, "read": {"device_start": -1, "device_end": -1}}, "coalesced_transpose12": {"write": {"device_start": -1, "host_queued_start": 1585661208.659752, "device_queued": -1, "device_end": -1, "host_queued_end": 1585661208.697113}, "device": "cpu", "nd_range": {"device_start": 2328983.6194688473, "device_end": 2328983.6233545244}, "cmdq": 2, "read": {"device_start": -1, "device_end": -1}}, "FFC_sans_bias94": {"write": {"device_start": -1, "host_queued_start": 1585661208.530825, "device_queued": -1, "device_end": -1, "host_queued_end": 1585661208.567585}, "device": "gpu", "nd_range": {"device_start": 1585661141.2014744, "device_end": 1585661141.2085738}, "cmdq": 0, "read": {"device_start": -1, "device_end": -1}}, "FFC_sans_bias97": {"write": {"device_start": 1585661141.263854, "host_queued_start": 1585661208.550843, "device_queued": 1585661141.106598, "device_end": 1585661141.2639477, "host_queued_end": 1585661208.567585}, "device": "gpu", "nd_range": {"device_start": 1585661141.2639506, "device_end": 1585661141.273854}, "cmdq": 0, "read": {"device_start": 1585661141.27386, "device_end": 1585661141.273953}}, "FFC_sans_bias96": {"write": {"device_start": -1, "host_queued_start": 1585661208.535992, "device_queued": -1, "device_end": -1, "host_queued_end": 1585661208.567585}, "device": "gpu", "nd_range": {"device_start": 1585661141.238556, "device_end": 1585661141.245567}, "cmdq": 0, "read": {"device_start": -1, "device_end": -1}}, "FFC_sans_bias124": {"write": {"device_start": 1585661141.2743979, "host_queued_start": 1585661208.560834, "device_queued": 1585661141.1074955, "device_end": 1585661141.2744963, "host_queued_end": 1585661208.567585}, "device": "gpu", "nd_range": {"device_start": 1585661141.2745023, "device_end": 1585661141.2844186}, "cmdq": 0, "read": {"device_start": 1585661141.2844226, "device_end": 1585661141.284512}}, "FFC_sans_bias126": {"write": {"device_start": 1585661141.1720486, "host_queued_start": 1585661208.513494, "device_queued": 1585661141.0998917, "device_end": 1585661141.1721559, "host_queued_end": 1585661208.567585}, "device": "gpu", "nd_range": {"device_start": 1585661141.172165, "device_end": 1585661141.1832569}, "cmdq": 1, "read": {"device_start": -1, "device_end": -1}}, "softmax32": {"write": {"device_start": -1, "host_queued_start": 1585661208.669724, "device_queued": -1, "device_end": -1, "host_queued_end": 1585661208.697113}, "device": "cpu", "nd_range": {"device_start": 2328983.874011862, "device_end": 2328983.87480005}, "cmdq": 0, "read": {"device_start": -1, "device_end": -1}}, "coalesced_transpose84": {"write": {"device_start": -1, "host_queued_start": 1585661208.527693, "device_queued": -1, "device_end": -1, "host_queued_end": 1585661208.567585}, "device": "gpu", "nd_range": {"device_start": 1585661141.197892, "device_end": 1585661141.2048728}, "cmdq": 2, "read": {"device_start": -1, "device_end": -1}}, "FFC_sans_bias121": {"write": {"device_start": -1, "host_queued_start": 1585661208.531798, "device_queued": -1, "device_end": -1, "host_queued_end": 1585661208.567585}, "device": "gpu", "nd_range": {"device_start": 1585661141.2085755, "device_end": 1585661141.215682}, "cmdq": 0, "read": {"device_start": -1, "device_end": -1}}, "empty98": {"write": {"device_start": 1585661141.0923343, "host_queued_start": 1585661208.42417, "device_queued": 1585661141.0919895, "device_end": 1585661141.0925968, "host_queued_end": 1585661208.567585}, "device": "gpu", "nd_range": {"device_start": 1585661141.0926075, "device_end": 1585661141.0926118}, "cmdq": 0, "read": {"device_start": -1, "device_end": -1}}, "empty107": {"write": {"device_start": 1585661141.0926363, "host_queued_start": 1585661208.427099, "device_queued": 1585661141.092324, "device_end": 1585661141.092906, "host_queued_end": 1585661208.567585}, "device": "gpu", "nd_range": {"device_start": 1585661141.0929103, "device_end": 1585661141.0929163}, "cmdq": 1, "read": {"device_start": -1, "device_end": -1}}, "empty17": {"write": {"device_start": -1, "host_queued_start": 1585661208.57582, "device_queued": -1, "device_end": -1, "host_queued_end": 1585661208.697113}, "device": "cpu", "nd_range": {"device_start": 2328982.886732193, "device_end": 2328982.886745716}, "cmdq": 1, "read": {"device_start": -1, "device_end": -1}}, "FFC_sans_bias87": {"write": {"device_start": -1, "host_queued_start": 1585661208.535673, "device_queued": -1, "device_end": -1, "host_queued_end": 1585661208.567585}, "device": "gpu", "nd_range": {"device_start": 1585661141.2313104, "device_end": 1585661141.2349522}, "cmdq": 2, "read": {"device_start": -1, "device_end": -1}}, "FFC_sans_bias85": {"write": {"device_start": -1, "host_queued_start": 1585661208.530498, "device_queued": -1, "device_end": -1, "host_queued_end": 1585661208.567585}, "device": "gpu", "nd_range": {"device_start": 1585661141.2119453, "device_end": 1585661141.219238}, "cmdq": 2, "read": {"device_start": -1, "device_end": -1}}, "FFC_sans_bias82": {"write": {"device_start": 1585661141.1140385, "host_queued_start": 1585661208.463578, "device_queued": 1585661141.0960262, "device_end": 1585661141.1141396, "host_queued_end": 1585661208.567585}, "device": "gpu", "nd_range": {"device_start": 1585661141.1141453, "device_end": 1585661141.1253486}, "cmdq": 1, "read": {"device_start": -1, "device_end": -1}}, "FFC_sans_bias83": {"write": {"device_start": 1585661141.1179788, "host_queued_start": 1585661208.466939, "device_queued": 1585661141.0961564, "device_end": 1585661141.1180842, "host_queued_end": 1585661208.567585}, "device": "gpu", "nd_range": {"device_start": 1585661141.1180897, "device_end": 1585661141.1291323}, "cmdq": 2, "read": {"device_start": -1, "device_end": -1}}, "FFC_sans_bias81": {"write": {"device_start": 1585661141.110165, "host_queued_start": 1585661208.460288, "device_queued": 1585661141.0957856, "device_end": 1585661141.1102698, "host_queued_end": 1585661208.567585}, "device": "gpu", "nd_range": {"device_start": 1585661141.1102796, "device_end": 1585661141.121478}, "cmdq": 0, "read": {"device_start": -1, "device_end": -1}}, "FFC_sans_bias88": {"write": {"device_start": 1585661141.2569945, "host_queued_start": 1585661208.54752, "device_queued": 1585661141.1059866, "device_end": 1585661141.2570899, "host_queued_end": 1585661208.567585}, "device": "gpu", "nd_range": {"device_start": 1585661141.2570968, "device_end": 1585661141.266759}, "cmdq": 2, "read": {"device_start": 1585661141.2667692, "device_end": 1585661141.2668662}}, "coalesced_transpose30": {"write": {"device_start": -1, "host_queued_start": 1585661208.661144, "device_queued": -1, "device_end": -1, "host_queued_end": 1585661208.697113}, "device": "cpu", "nd_range": {"device_start": 2328983.508609348, "device_end": 2328983.5095316023}, "cmdq": 1, "read": {"device_start": -1, "device_end": -1}}, "FFC_sans_bias128": {"write": {"device_start": 1585661141.1681693, "host_queued_start": 1585661208.510158, "device_queued": 1585661141.0996466, "device_end": 1585661141.1682725, "host_queued_end": 1585661208.567585}, "device": "gpu", "nd_range": {"device_start": 1585661141.1682773, "device_end": 1585661141.17939}, "cmdq": 0, "read": {"device_start": -1, "device_end": -1}}, "coalesced_transpose39": {"write": {"device_start": -1, "host_queued_start": 1585661208.661755, "device_queued": -1, "device_end": -1, "host_queued_end": 1585661208.697113}, "device": "cpu", "nd_range": {"device_start": 2328983.623364997, "device_end": 2328983.625220951}, "cmdq": 2, "read": {"device_start": -1, "device_end": -1}}, "FFC_sans_bias79": {"write": {"device_start": 1585661141.270565, "host_queued_start": 1585661208.544117, "device_queued": 1585661141.1058512, "device_end": 1585661141.2706633, "host_queued_end": 1585661208.567585}, "device": "gpu", "nd_range": {"device_start": 1585661141.2706676, "device_end": 1585661141.2808723}, "cmdq": 1, "read": {"device_start": 1585661141.2808752, "device_end": 1585661141.280969}}, "FFC_sans_bias78": {"write": {"device_start": -1, "host_queued_start": 1585661208.535354, "device_queued": -1, "device_end": -1, "host_queued_end": 1585661208.567585}, "device": "gpu", "nd_range": {"device_start": 1585661141.2393725, "device_end": 1585661141.2491298}, "cmdq": 1, "read": {"device_start": -1, "device_end": -1}}, "FFC_sans_bias73": {"write": {"device_start": 1585661141.1025088, "host_queued_start": 1585661208.453656, "device_queued": 1585661141.0952773, "device_end": 1585661141.1026125, "host_queued_end": 1585661208.567585}, "device": "gpu", "nd_range": {"device_start": 1585661141.1026163, "device_end": 1585661141.1137156}, "cmdq": 1, "read": {"device_start": -1, "device_end": -1}}, "FFC_sans_bias72": {"write": {"device_start": 1585661141.0985277, "host_queued_start": 1585661208.450268, "device_queued": 1585661141.0950427, "device_end": 1585661141.0986288, "host_queued_end": 1585661208.567585}, "device": "gpu", "nd_range": {"device_start": 1585661141.098635, "device_end": 1585661141.109813}, "cmdq": 0, "read": {"device_start": -1, "device_end": -1}}, "FFC_sans_bias70": {"write": {"device_start": 1585661141.2566266, "host_queued_start": 1585661208.540825, "device_queued": 1585661141.1055984, "device_end": 1585661141.256725, "host_queued_end": 1585661208.567585}, "device": "gpu", "nd_range": {"device_start": 1585661141.2567325, "device_end": 1585661141.2632694}, "cmdq": 0, "read": {"device_start": 1585661141.2632716, "device_end": 1585661141.2633672}}, "FFC_sans_bias76": {"write": {"device_start": -1, "host_queued_start": 1585661208.530179, "device_queued": -1, "device_end": -1, "host_queued_end": 1585661208.567585}, "device": "gpu", "nd_range": {"device_start": 1585661141.1978476, "device_end": 1585661141.2050533}, "cmdq": 1, "read": {"device_start": -1, "device_end": -1}}, "FFC_sans_bias74": {"write": {"device_start": 1585661141.1064575, "host_queued_start": 1585661208.456978, "device_queued": 1585661141.0954018, "device_end": 1585661141.1065598, "host_queued_end": 1585661208.567585}, "device": "gpu", "nd_range": {"device_start": 1585661141.1065645, "device_end": 1585661141.117625}, "cmdq": 2, "read": {"device_start": -1, "device_end": -1}}, "coalesced_transpose102": {"write": {"device_start": -1, "host_queued_start": 1585661208.528297, "device_queued": -1, "device_end": -1, "host_queued_end": 1585661208.567585}, "device": "gpu", "nd_range": {"device_start": 1585661141.1977506, "device_end": 1585661141.197799}, "cmdq": 1, "read": {"device_start": -1, "device_end": -1}}, "coalesced_transpose3": {"write": {"device_start": -1, "host_queued_start": 1585661208.659164, "device_queued": -1, "device_end": -1, "host_queued_end": 1585661208.697113}, "device": "cpu", "nd_range": {"device_start": 2328983.507354388, "device_end": 2328983.5084648794}, "cmdq": 1, "read": {"device_start": -1, "device_end": -1}}, "FFC_sans_bias127": {"write": {"device_start": 1585661141.175936, "host_queued_start": 1585661208.516799, "device_queued": 1585661141.1000204, "device_end": 1585661141.1760414, "host_queued_end": 1585661208.567585}, "device": "gpu", "nd_range": {"device_start": 1585661141.176048, "device_end": 1585661141.1873176}, "cmdq": 2, "read": {"device_start": -1, "device_end": -1}}, "empty89": {"write": {"device_start": 1585661141.0920184, "host_queued_start": 1585661208.421534, "device_queued": 1585661141.0915756, "device_end": 1585661141.0923119, "host_queued_end": 1585661208.567585}, "device": "gpu", "nd_range": {"device_start": 1585661141.0923207, "device_end": 1585661141.0923254}, "cmdq": 2, "read": {"device_start": -1, "device_end": -1}}, "FFC_sans_bias123": {"write": {"device_start": -1, "host_queued_start": 1585661208.53695, "device_queued": -1, "device_end": -1, "host_queued_end": 1585661208.567585}, "device": "gpu", "nd_range": {"device_start": 1585661141.245568, "device_end": 1585661141.2561755}, "cmdq": 0, "read": {"device_start": -1, "device_end": -1}}, "empty80": {"write": {"device_start": 1585661141.091687, "host_queued_start": 1585661208.418917, "device_queued": 1585661141.0912495, "device_end": 1585661141.0919771, "host_queued_end": 1585661208.567585}, "device": "gpu", "nd_range": {"device_start": 1585661141.0919888, "device_end": 1585661141.0919933}, "cmdq": 1, "read": {"device_start": -1, "device_end": -1}}, "empty116": {"write": {"device_start": 1585661141.0929358, "host_queued_start": 1585661208.429696, "device_queued": 1585661141.0926075, "device_end": 1585661141.0932002, "host_queued_end": 1585661208.567585}, "device": "gpu", "nd_range": {"device_start": 1585661141.093204, "device_end": 1585661141.0932112}, "cmdq": 2, "read": {"device_start": -1, "device_end": -1}}, "softmax104": {"write": {"device_start": -1, "host_queued_start": 1585661208.533735, "device_queued": -1, "device_end": -1, "host_queued_end": 1585661208.567585}, "device": "gpu", "nd_range": {"device_start": 1585661141.228003, "device_end": 1585661141.231422}, "cmdq": 1, "read": {"device_start": -1, "device_end": -1}}, "coalesced_transpose21": {"write": {"device_start": -1, "host_queued_start": 1585661208.660332, "device_queued": -1, "device_end": -1, "host_queued_end": 1585661208.697113}, "device": "cpu", "nd_range": {"device_start": 2328983.651924789, "device_end": 2328983.652858918}, "cmdq": 0, "read": {"device_start": -1, "device_end": -1}}, "softmax14": {"write": {"device_start": -1, "host_queued_start": 1585661208.668597, "device_queued": -1, "device_end": -1, "host_queued_end": 1585661208.697113}, "device": "cpu", "nd_range": {"device_start": 2328983.8730548252, "device_end": 2328983.873585977}, "cmdq": 1, "read": {"device_start": -1, "device_end": -1}}, "FFC_sans_bias69": {"write": {"device_start": -1, "host_queued_start": 1585661208.535037, "device_queued": -1, "device_end": -1, "host_queued_end": 1585661208.567585}, "device": "gpu", "nd_range": {"device_start": 1585661141.231419, "device_end": 1585661141.238555}, "cmdq": 0, "read": {"device_start": -1, "device_end": -1}}, "FFC_sans_bias92": {"write": {"device_start": 1585661141.1296287, "host_queued_start": 1585661208.476936, "device_queued": 1585661141.0968637, "device_end": 1585661141.1298306, "host_queued_end": 1585661208.567585}, "device": "gpu", "nd_range": {"device_start": 1585661141.129841, "device_end": 1585661141.1408157}, "cmdq": 2, "read": {"device_start": -1, "device_end": -1}}, "FFC_sans_bias60": {"write": {"device_start": -1, "host_queued_start": 1585661208.675678, "device_queued": -1, "device_end": -1, "host_queued_end": 1585661208.697113}, "device": "cpu", "nd_range": {"device_start": 2328984.141399294, "device_end": 2328984.219046016}, "cmdq": 1, "read": {"device_start": -1, "device_end": -1}}, "FFC_sans_bias61": {"write": {"device_start": -1, "host_queued_start": 1585661208.697059, "device_queued": -1, "device_end": -1, "host_queued_end": 1585661208.697113}, "device": "cpu", "nd_range": {"device_start": 2328984.4343449343, "device_end": 2328984.4776352663}, "cmdq": 2, "read": {"device_start": -1, "device_end": -1}}, "FFC_sans_bias63": {"write": {"device_start": 1585661141.0949192, "host_queued_start": 1585661208.446975, "device_queued": 1585661141.094412, "device_end": 1585661141.0950334, "host_queued_end": 1585661208.567585}, "device": "gpu", "nd_range": {"device_start": 1585661141.0950391, "device_end": 1585661141.1061144}, "cmdq": 2, "read": {"device_start": -1, "device_end": -1}}, "FFC_sans_bias64": {"write": {"device_start": 1585661141.0941446, "host_queued_start": 1585661208.440379, "device_queued": 1585661141.093834, "device_end": 1585661141.09424, "host_queued_end": 1585661208.567585}, "device": "gpu", "nd_range": {"device_start": 1585661141.0942426, "device_end": 1585661141.0982304}, "cmdq": 0, "read": {"device_start": -1, "device_end": -1}}, "FFC_sans_bias65": {"write": {"device_start": 1585661141.094574, "host_queued_start": 1585661208.44369, "device_queued": 1585661141.0942783, "device_end": 1585661141.0948727, "host_queued_end": 1585661208.567585}, "device": "gpu", "nd_range": {"device_start": 1585661141.094877, "device_end": 1585661141.1021702}, "cmdq": 1, "read": {"device_start": -1, "device_end": -1}}, "FFC_sans_bias67": {"write": {"device_start": -1, "host_queued_start": 1585661208.529843, "device_queued": -1, "device_end": -1, "host_queued_end": 1585661208.567585}, "device": "gpu", "nd_range": {"device_start": 1585661141.1978211, "device_end": 1585661141.2014723}, "cmdq": 0, "read": {"device_start": -1, "device_end": -1}}, "coalesced_transpose111": {"write": {"device_start": -1, "host_queued_start": 1585661208.528601, "device_queued": -1, "device_end": -1, "host_queued_end": 1585661208.567585}, "device": "gpu", "nd_range": {"device_start": 1585661141.204887, "device_end": 1585661141.208425}, "cmdq": 2, "read": {"device_start": -1, "device_end": -1}}, "FFC_sans_bias136": {"write": {"device_start": 1585661141.1797578, "host_queued_start": 1585661208.520093, "device_queued": 1585661141.1003788, "device_end": 1585661141.1798656, "host_queued_end": 1585661208.567585}, "device": "gpu", "nd_range": {"device_start": 1585661141.1798697, "device_end": 1585661141.1908436}, "cmdq": 0, "read": {"device_start": -1, "device_end": -1}}, "FFC_sans_bias135": {"write": {"device_start": 1585661141.1877234, "host_queued_start": 1585661208.526743, "device_queued": 1585661141.1007597, "device_end": 1585661141.1878269, "host_queued_end": 1585661208.567585}, "device": "gpu", "nd_range": {"device_start": 1585661141.187831, "device_end": 1585661141.1978855}, "cmdq": 2, "read": {"device_start": -1, "device_end": -1}}, "FFC_sans_bias133": {"write": {"device_start": 1585661141.2919269, "host_queued_start": 1585661208.564126, "device_queued": 1585661141.1077569, "device_end": 1585661141.2920215, "host_queued_end": 1585661208.567585}, "device": "gpu", "nd_range": {"device_start": 1585661141.2920303, "device_end": 1585661141.295639}, "cmdq": 1, "read": {"device_start": 1585661141.295643, "device_end": 1585661141.2957308}}, "FFC_sans_bias132": {"write": {"device_start": -1, "host_queued_start": 1585661208.537266, "device_queued": -1, "device_end": -1, "host_queued_end": 1585661208.567585}, "device": "gpu", "nd_range": {"device_start": 1585661141.2597134, "device_end": 1585661141.2703328}, "cmdq": 1, "read": {"device_start": -1, "device_end": -1}}, "softmax68": {"write": {"device_start": -1, "host_queued_start": 1585661208.53271, "device_queued": -1, "device_end": -1, "host_queued_end": 1585661208.567585}, "device": "gpu", "nd_range": {"device_start": 1585661141.2156837, "device_end": 1585661141.2236357}, "cmdq": 0, "read": {"device_start": -1, "device_end": -1}}, "softmax131": {"write": {"device_start": -1, "host_queued_start": 1585661208.53447, "device_queued": -1, "device_end": -1, "host_queued_end": 1585661208.567585}, "device": "gpu", "nd_range": {"device_start": 1585661141.2314234, "device_end": 1585661141.2393708}, "cmdq": 1, "read": {"device_start": -1, "device_end": -1}}, "empty125": {"write": {"device_start": 1585661141.0932322, "host_queued_start": 1585661208.432342, "device_queued": 1585661141.0929198, "device_end": 1585661141.0934489, "host_queued_end": 1585661208.567585}, "device": "gpu", "nd_range": {"device_start": 1585661141.093452, "device_end": 1585661141.0934565}, "cmdq": 0, "read": {"device_start": -1, "device_end": -1}}, "FFC_sans_bias139": {"write": {"device_start": -1, "host_queued_start": 1585661208.532454, "device_queued": -1, "device_end": -1, "host_queued_end": 1585661208.567585}, "device": "gpu", "nd_range": {"device_start": 1585661141.2263024, "device_end": 1585661141.2299404}, "cmdq": 2, "read": {"device_start": -1, "device_end": -1}}, "empty35": {"write": {"device_start": -1, "host_queued_start": 1585661208.581476, "device_queued": -1, "device_end": -1, "host_queued_end": 1585661208.697113}, "device": "cpu", "nd_range": {"device_start": 2328982.8867725483, "device_end": 2328982.886773834}, "cmdq": 0, "read": {"device_start": -1, "device_end": -1}}, "softmax86": {"write": {"device_start": -1, "host_queued_start": 1585661208.533218, "device_queued": -1, "device_end": -1, "host_queued_end": 1585661208.567585}, "device": "gpu", "nd_range": {"device_start": 1585661141.2299418, "device_end": 1585661141.2303956}, "cmdq": 2, "read": {"device_start": -1, "device_end": -1}}, "FFC_sans_bias55": {"write": {"device_start": -1, "host_queued_start": 1585661208.658794, "device_queued": -1, "device_end": -1, "host_queued_end": 1585661208.697113}, "device": "cpu", "nd_range": {"device_start": 2328983.601496086, "device_end": 2328983.6517263753}, "cmdq": 0, "read": {"device_start": -1, "device_end": -1}}, "FFC_sans_bias54": {"write": {"device_start": -1, "host_queued_start": 1585661208.655584, "device_queued": -1, "device_end": -1, "host_queued_end": 1585661208.697113}, "device": "cpu", "nd_range": {"device_start": 2328983.546668394, "device_end": 2328983.619454197}, "cmdq": 2, "read": {"device_start": -1, "device_end": -1}}, "FFC_sans_bias56": {"write": {"device_start": -1, "host_queued_start": 1585661208.652362, "device_queued": -1, "device_end": -1, "host_queued_end": 1585661208.697113}, "device": "cpu", "nd_range": {"device_start": 2328983.4158277093, "device_end": 2328983.5073286653}, "cmdq": 1, "read": {"device_start": -1, "device_end": -1}}, "FFC_sans_bias51": {"write": {"device_start": -1, "host_queued_start": 1585661208.675085, "device_queued": -1, "device_end": -1, "host_queued_end": 1585661208.697113}, "device": "cpu", "nd_range": {"device_start": 2328984.083012, "device_end": 2328984.169520719}, "cmdq": 0, "read": {"device_start": -1, "device_end": -1}}, "FFC_sans_bias52": {"write": {"device_start": -1, "host_queued_start": 1585661208.694072, "device_queued": -1, "device_end": -1, "host_queued_end": 1585661208.697113}, "device": "cpu", "nd_range": {"device_start": 2328984.335281731, "device_end": 2328984.428269098}, "cmdq": 1, "read": {"device_start": -1, "device_end": -1}}, "FFC_sans_bias58": {"write": {"device_start": -1, "host_queued_start": 1585661208.667533, "device_queued": -1, "device_end": -1, "host_queued_end": 1585661208.697113}, "device": "cpu", "nd_range": {"device_start": 2328983.8736887723, "device_end": 2328983.9401166653}, "cmdq": 2, "read": {"device_start": -1, "device_end": -1}}, "FFC_sans_bias108": {"write": {"device_start": 1585661141.1450143, "host_queued_start": 1585661208.490111, "device_queued": 1585661141.0979636, "device_end": 1585661141.1451213, "host_queued_end": 1585661208.567585}, "device": "gpu", "nd_range": {"device_start": 1585661141.145128, "device_end": 1585661141.156241}, "cmdq": 0, "read": {"device_start": -1, "device_end": -1}}, "FFC_sans_bias109": {"write": {"device_start": 1585661141.1488864, "host_queued_start": 1585661208.493463, "device_queued": 1585661141.0982115, "device_end": 1585661141.1489923, "host_queued_end": 1585661208.567585}, "device": "gpu", "nd_range": {"device_start": 1585661141.1490004, "device_end": 1585661141.160093}, "cmdq": 1, "read": {"device_start": -1, "device_end": -1}}, "coalesced_transpose129": {"write": {"device_start": -1, "host_queued_start": 1585661208.529213, "device_queued": -1, "device_end": -1, "host_queued_end": 1585661208.567585}, "device": "gpu", "nd_range": {"device_start": 1585661141.1978142, "device_end": 1585661141.1978462}, "cmdq": 1, "read": {"device_start": -1, "device_end": -1}}, "FFC_sans_bias103": {"write": {"device_start": -1, "host_queued_start": 1585661208.531145, "device_queued": -1, "device_end": -1, "host_queued_end": 1585661208.567585}, "device": "gpu", "nd_range": {"device_start": 1585661141.2050548, "device_end": 1585661141.2121625}, "cmdq": 1, "read": {"device_start": -1, "device_end": -1}}, "FFC_sans_bias100": {"write": {"device_start": 1585661141.13728, "host_queued_start": 1585661208.483521, "device_queued": 1585661141.0974834, "device_end": 1585661141.137387, "host_queued_end": 1585661208.567585}, "device": "gpu", "nd_range": {"device_start": 1585661141.137392, "device_end": 1585661141.148505}, "cmdq": 1, "read": {"device_start": -1, "device_end": -1}}, "FFC_sans_bias101": {"write": {"device_start": 1585661141.1411843, "host_queued_start": 1585661208.486809, "device_queued": 1585661141.0976148, "device_end": 1585661141.1412895, "host_queued_end": 1585661208.567585}, "device": "gpu", "nd_range": {"device_start": 1585661141.1412938, "device_end": 1585661141.152352}, "cmdq": 2, "read": {"device_start": -1, "device_end": -1}}, "FFC_sans_bias106": {"write": {"device_start": 1585661141.2814064, "host_queued_start": 1585661208.554195, "device_queued": 1585661141.1068633, "device_end": 1585661141.2815037, "host_queued_end": 1585661208.567585}, "device": "gpu", "nd_range": {"device_start": 1585661141.2815075, "device_end": 1585661141.2914088}, "cmdq": 1, "read": {"device_start": 1585661141.2914178, "device_end": 1585661141.2915065}}, "softmax122": {"write": {"device_start": -1, "host_queued_start": 1585661208.534228, "device_queued": -1, "device_end": -1, "host_queued_end": 1585661208.567585}, "device": "gpu", "nd_range": {"device_start": 1585661141.228018, "device_end": 1585661141.231418}, "cmdq": 0, "read": {"device_start": -1, "device_end": -1}}, "FFC_sans_bias105": {"write": {"device_start": -1, "host_queued_start": 1585661208.536311, "device_queued": -1, "device_end": -1, "host_queued_end": 1585661208.567585}, "device": "gpu", "nd_range": {"device_start": 1585661141.249131, "device_end": 1585661141.259712}, "cmdq": 1, "read": {"device_start": -1, "device_end": -1}}, "softmax95": {"write": {"device_start": -1, "host_queued_start": 1585661208.533476, "device_queued": -1, "device_end": -1, "host_queued_end": 1585661208.567585}, "device": "gpu", "nd_range": {"device_start": 1585661141.2236369, "device_end": 1585661141.228017}, "cmdq": 0, "read": {"device_start": -1, "device_end": -1}}, "coalesced_transpose57": {"write": {"device_start": -1, "host_queued_start": 1585661208.662965, "device_queued": -1, "device_end": -1, "host_queued_end": 1585661208.697113}, "device": "cpu", "nd_range": {"device_start": 2328983.659582414, "device_end": 2328983.66050391}, "cmdq": 1, "read": {"device_start": -1, "device_end": -1}}, "empty26": {"write": {"device_start": -1, "host_queued_start": 1585661208.57873, "device_queued": -1, "device_end": -1, "host_queued_end": 1585661208.697113}, "device": "cpu", "nd_range": {"device_start": 2328982.886788256, "device_end": 2328982.886793387}, "cmdq": 2, "read": {"device_start": -1, "device_end": -1}}, "softmax113": {"write": {"device_start": -1, "host_queued_start": 1585661208.533979, "device_queued": -1, "device_end": -1, "host_queued_end": 1585661208.567585}, "device": "gpu", "nd_range": {"device_start": 1585661141.2303967, "device_end": 1585661141.2308533}, "cmdq": 2, "read": {"device_start": -1, "device_end": -1}}, "FFC_sans_bias11": {"write": {"device_start": -1, "host_queued_start": 1585661208.610668, "device_queued": -1, "device_end": -1, "host_queued_end": 1585661208.697113}, "device": "cpu", "nd_range": {"device_start": 2328982.998919935, "device_end": 2328983.128159809}, "cmdq": 0, "read": {"device_start": -1, "device_end": -1}}, "FFC_sans_bias42": {"write": {"device_start": -1, "host_queued_start": 1585661208.674445, "device_queued": -1, "device_end": -1, "host_queued_end": 1585661208.697113}, "device": "cpu", "nd_range": {"device_start": 2328984.077426941, "device_end": 2328984.1550516533}, "cmdq": 2, "read": {"device_start": -1, "device_end": -1}}, "FFC_sans_bias43": {"write": {"device_start": -1, "host_queued_start": 1585661208.691042, "device_queued": -1, "device_end": -1, "host_queued_end": 1585661208.697113}, "device": "cpu", "nd_range": {"device_start": 2328984.2926909314, "device_end": 2328984.368936411}, "cmdq": 0, "read": {"device_start": -1, "device_end": -1}}, "FFC_sans_bias40": {"write": {"device_start": -1, "host_queued_start": 1585661208.666334, "device_queued": -1, "device_end": -1, "host_queued_end": 1585661208.697113}, "device": "cpu", "nd_range": {"device_start": 2328983.746499984, "device_end": 2328983.807743545}, "cmdq": 0, "read": {"device_start": -1, "device_end": -1}}, "FFC_sans_bias46": {"write": {"device_start": -1, "host_queued_start": 1585661208.645997, "device_queued": -1, "device_end": -1, "host_queued_end": 1585661208.697113}, "device": "cpu", "nd_range": {"device_start": 2328983.477795925, "device_end": 2328983.546466487}, "cmdq": 2, "read": {"device_start": -1, "device_end": -1}}, "FFC_sans_bias47": {"write": {"device_start": -1, "host_queued_start": 1585661208.649251, "device_queued": -1, "device_end": -1, "host_queued_end": 1585661208.697113}, "device": "cpu", "nd_range": {"device_start": 2328983.5116622923, "device_end": 2328983.596811177}, "cmdq": 0, "read": {"device_start": -1, "device_end": -1}}, "FFC_sans_bias45": {"write": {"device_start": -1, "host_queued_start": 1585661208.642808, "device_queued": -1, "device_end": -1, "host_queued_end": 1585661208.697113}, "device": "cpu", "nd_range": {"device_start": 2328983.337175306, "device_end": 2328983.415808362}, "cmdq": 1, "read": {"device_start": -1, "device_end": -1}}, "FFC_sans_bias49": {"write": {"device_start": -1, "host_queued_start": 1585661208.666937, "device_queued": -1, "device_end": -1, "host_queued_end": 1585661208.697113}, "device": "cpu", "nd_range": {"device_start": 2328983.793295328, "device_end": 2328983.8730241093}, "cmdq": 1, "read": {"device_start": -1, "device_end": -1}}, "softmax77": {"write": {"device_start": -1, "host_queued_start": 1585661208.532968, "device_queued": -1, "device_end": -1, "host_queued_end": 1585661208.567585}, "device": "gpu", "nd_range": {"device_start": 1585661141.2227933, "device_end": 1585661141.2280018}, "cmdq": 1, "read": {"device_start": -1, "device_end": -1}}, "empty134": {"write": {"device_start": 1585661141.0935657, "host_queued_start": 1585661208.43498, "device_queued": 1585661141.093214, "device_end": 1585661141.0938203, "host_queued_end": 1585661208.567585}, "device": "gpu", "nd_range": {"device_start": 1585661141.0938337, "device_end": 1585661141.0938382}, "cmdq": 1, "read": {"device_start": -1, "device_end": -1}}, "coalesced_transpose138": {"write": {"device_start": -1, "host_queued_start": 1585661208.52952, "device_queued": -1, "device_end": -1, "host_queued_end": 1585661208.567585}, "device": "gpu", "nd_range": {"device_start": 1585661141.2084413, "device_end": 1585661141.211944}, "cmdq": 2, "read": {"device_start": -1, "device_end": -1}}, "FFC_sans_bias119": {"write": {"device_start": 1585661141.1643343, "host_queued_start": 1585661208.506854, "device_queued": 1585661141.099291, "device_end": 1585661141.1644413, "host_queued_end": 1585661208.567585}, "device": "gpu", "nd_range": {"device_start": 1585661141.1644495, "device_end": 1585661141.1755714}, "cmdq": 2, "read": {"device_start": -1, "device_end": -1}}, "FFC_sans_bias118": {"write": {"device_start": 1585661141.160465, "host_queued_start": 1585661208.503548, "device_queued": 1585661141.099162, "device_end": 1585661141.1605704, "host_queued_end": 1585661208.567585}, "device": "gpu", "nd_range": {"device_start": 1585661141.1605763, "device_end": 1585661141.1716707}, "cmdq": 1, "read": {"device_start": -1, "device_end": -1}}, "empty143": {"write": {"device_start": 1585661141.093854, "host_queued_start": 1585661208.437556, "device_queued": 1585661141.0934741, "device_end": 1585661141.0941398, "host_queued_end": 1585661208.567585}, "device": "gpu", "nd_range": {"device_start": 1585661141.094152, "device_end": 1585661141.094163}, "cmdq": 2, "read": {"device_start": -1, "device_end": -1}}, "FFC_sans_bias115": {"write": {"device_start": 1585661141.267318, "host_queued_start": 1585661208.557519, "device_queued": 1585661141.107011, "device_end": 1585661141.267414, "host_queued_end": 1585661208.567585}, "device": "gpu", "nd_range": {"device_start": 1585661141.2674196, "device_end": 1585661141.2773192}, "cmdq": 2, "read": {"device_start": 1585661141.2773287, "device_end": 1585661141.2774293}}, "FFC_sans_bias114": {"write": {"device_start": -1, "host_queued_start": 1585661208.536628, "device_queued": -1, "device_end": -1, "host_queued_end": 1585661208.567585}, "device": "gpu", "nd_range": {"device_start": 1585661141.2349534, "device_end": 1585661141.2421312}, "cmdq": 2, "read": {"device_start": -1, "device_end": -1}}, "FFC_sans_bias117": {"write": {"device_start": 1585661141.1566148, "host_queued_start": 1585661208.500258, "device_queued": 1585661141.0989199, "device_end": 1585661141.1567194, "host_queued_end": 1585661208.567585}, "device": "gpu", "nd_range": {"device_start": 1585661141.1567237, "device_end": 1585661141.1677952}, "cmdq": 0, "read": {"device_start": -1, "device_end": -1}}, "softmax5": {"write": {"device_start": -1, "host_queued_start": 1585661208.668069, "device_queued": -1, "device_end": -1, "host_queued_end": 1585661208.697113}, "device": "cpu", "nd_range": {"device_start": 2328983.807761413, "device_end": 2328983.8085081703}, "cmdq": 0, "read": {"device_start": -1, "device_end": -1}}, "FFC_sans_bias110": {"write": {"device_start": 1585661141.152733, "host_queued_start": 1585661208.496933, "device_queued": 1585661141.0983984, "device_end": 1585661141.1528409, "host_queued_end": 1585661208.567585}, "device": "gpu", "nd_range": {"device_start": 1585661141.152845, "device_end": 1585661141.1639595}, "cmdq": 2, "read": {"device_start": -1, "device_end": -1}}, "FFC_sans_bias112": {"write": {"device_start": -1, "host_queued_start": 1585661208.53147, "device_queued": -1, "device_end": -1, "host_queued_end": 1585661208.567585}, "device": "gpu", "nd_range": {"device_start": 1585661141.2192395, "device_end": 1585661141.2263012}, "cmdq": 2, "read": {"device_start": -1, "device_end": -1}}, "empty53": {"write": {"device_start": -1, "host_queued_start": 1585661208.587277, "device_queued": -1, "device_end": -1, "host_queued_end": 1585661208.697113}, "device": "cpu", "nd_range": {"device_start": 2328982.886814068, "device_end": 2328982.88681577}, "cmdq": 2, "read": {"device_start": -1, "device_end": -1}}, "coalesced_transpose48": {"write": {"device_start": -1, "host_queued_start": 1585661208.662336, "device_queued": -1, "device_end": -1, "host_queued_end": 1585661208.697113}, "device": "cpu", "nd_range": {"device_start": 2328983.6530157044, "device_end": 2328983.653925003}, "cmdq": 0, "read": {"device_start": -1, "device_end": -1}}}