{"FFC_sans_bias4": {"write": {"device_start": -1, "host_queued_start": 1585662070.222781, "device_queued": -1, "device_end": -1, "host_queued_end": 1585662070.286411}, "device": "cpu", "nd_range": {"device_start": 2329845.9777371143, "device_end": 2329846.045601002}, "cmdq": 2, "read": {"device_start": -1, "device_end": -1}}, "FFC_sans_bias7": {"write": {"device_start": -1, "host_queued_start": 1585662070.249156, "device_queued": -1, "device_end": -1, "host_queued_end": 1585662070.286411}, "device": "cpu", "nd_range": {"device_start": 2329847.119959777, "device_end": 2329847.266899234}, "cmdq": 2, "read": {"device_start": -1, "device_end": -1}}, "FFC_sans_bias6": {"write": {"device_start": -1, "host_queued_start": 1585662070.238106, "device_queued": -1, "device_end": -1, "host_queued_end": 1585662070.286411}, "device": "cpu", "nd_range": {"device_start": 2329846.6248730393, "device_end": 2329846.764189902}, "cmdq": 1, "read": {"device_start": -1, "device_end": -1}}, "FFC_sans_bias1": {"write": {"device_start": -1, "host_queued_start": 1585662070.08817, "device_queued": -1, "device_end": -1, "host_queued_end": 1585662070.286411}, "device": "cpu", "nd_range": {"device_start": 2329844.476118238, "device_end": 2329844.5960989944}, "cmdq": 2, "read": {"device_start": -1, "device_end": -1}}, "FFC_sans_bias0": {"write": {"device_start": -1, "host_queued_start": 1585662070.084171, "device_queued": -1, "device_end": -1, "host_queued_end": 1585662070.286411}, "device": "cpu", "nd_range": {"device_start": 2329844.476100623, "device_end": 2329844.608159269}, "cmdq": 1, "read": {"device_start": -1, "device_end": -1}}, "FFC_sans_bias2": {"write": {"device_start": -1, "host_queued_start": 1585662070.091814, "device_queued": -1, "device_end": -1, "host_queued_end": 1585662070.286411}, "device": "cpu", "nd_range": {"device_start": 2329844.47610758, "device_end": 2329844.611090334}, "cmdq": 0, "read": {"device_start": -1, "device_end": -1}}, "coalesced_transpose120": {"write": {"device_start": -1, "host_queued_start": 1585662070.030081, "device_queued": -1, "device_end": -1, "host_queued_end": 1585662070.043985}, "device": "gpu", "nd_range": {"device_start": 1585662002.562771, "device_end": 1585662002.5755982}, "cmdq": 2, "read": {"device_start": -1, "device_end": -1}}, "FFC_sans_bias9": {"write": {"device_start": -1, "host_queued_start": 1585662070.095228, "device_queued": -1, "device_end": -1, "host_queued_end": 1585662070.286411}, "device": "cpu", "nd_range": {"device_start": 2329844.608179151, "device_end": 2329844.7287092633}, "cmdq": 1, "read": {"device_start": -1, "device_end": -1}}, "empty71": {"write": {"device_start": -1, "host_queued_start": 1585662070.067912, "device_queued": -1, "device_end": -1, "host_queued_end": 1585662070.286411}, "device": "cpu", "nd_range": {"device_start": 2329844.4760884703, "device_end": 2329844.476089163}, "cmdq": 1, "read": {"device_start": -1, "device_end": -1}}, "softmax41": {"write": {"device_start": -1, "host_queued_start": 1585662070.233097, "device_queued": -1, "device_end": -1, "host_queued_end": 1585662070.286411}, "device": "cpu", "nd_range": {"device_start": 2329846.582575743, "device_end": 2329846.583363464}, "cmdq": 1, "read": {"device_start": -1, "device_end": -1}}, "FFC_sans_bias37": {"write": {"device_start": -1, "host_queued_start": 1585662070.129782, "device_queued": -1, "device_end": -1, "host_queued_end": 1585662070.286411}, "device": "cpu", "nd_range": {"device_start": 2329844.908087856, "device_end": 2329845.0213252744}, "cmdq": 2, "read": {"device_start": -1, "device_end": -1}}, "FFC_sans_bias36": {"write": {"device_start": -1, "host_queued_start": 1585662070.126363, "device_queued": -1, "device_end": -1, "host_queued_end": 1585662070.286411}, "device": "cpu", "nd_range": {"device_start": 2329845.0336618833, "device_end": 2329845.1597306463}, "cmdq": 1, "read": {"device_start": -1, "device_end": -1}}, "FFC_sans_bias34": {"write": {"device_start": -1, "host_queued_start": 1585662070.258424, "device_queued": -1, "device_end": -1, "host_queued_end": 1585662070.286411}, "device": "cpu", "nd_range": {"device_start": 2329847.276071094, "device_end": 2329847.430273684}, "cmdq": 2, "read": {"device_start": -1, "device_end": -1}}, "FFC_sans_bias33": {"write": {"device_start": -1, "host_queued_start": 1585662070.239987, "device_queued": -1, "device_end": -1, "host_queued_end": 1585662070.286411}, "device": "cpu", "nd_range": {"device_start": 2329846.7644332303, "device_end": 2329846.904291904}, "cmdq": 1, "read": {"device_start": -1, "device_end": -1}}, "FFC_sans_bias31": {"write": {"device_start": -1, "host_queued_start": 1585662070.224688, "device_queued": -1, "device_end": -1, "host_queued_end": 1585662070.286411}, "device": "cpu", "nd_range": {"device_start": 2329846.047058482, "device_end": 2329846.101740686}, "cmdq": 2, "read": {"device_start": -1, "device_end": -1}}, "FFC_sans_bias38": {"write": {"device_start": -1, "host_queued_start": 1585662070.133269, "device_queued": -1, "device_end": -1, "host_queued_end": 1585662070.286411}, "device": "cpu", "nd_range": {"device_start": 2329845.0000234363, "device_end": 2329845.174548361}, "cmdq": 0, "read": {"device_start": -1, "device_end": -1}}, "coalesced_transpose75": {"write": {"device_start": -1, "host_queued_start": 1585662070.219764, "device_queued": -1, "device_end": -1, "host_queued_end": 1585662070.286411}, "device": "cpu", "nd_range": {"device_start": 2329846.161496975, "device_end": 2329846.162432203}, "cmdq": 0, "read": {"device_start": -1, "device_end": -1}}, "softmax140": {"write": {"device_start": -1, "host_queued_start": 1585662070.032506, "device_queued": -1, "device_end": -1, "host_queued_end": 1585662070.043985}, "device": "gpu", "nd_range": {"device_start": 1585662002.582379, "device_end": 1585662002.586961}, "cmdq": 0, "read": {"device_start": -1, "device_end": -1}}, "empty44": {"write": {"device_start": -1, "host_queued_start": 1585662070.059892, "device_queued": -1, "device_end": -1, "host_queued_end": 1585662070.286411}, "device": "cpu", "nd_range": {"device_start": 2329844.476081919, "device_end": 2329844.476083031}, "cmdq": 1, "read": {"device_start": -1, "device_end": -1}}, "FFC_sans_bias137": {"write": {"device_start": 1585662002.5566943, "host_queued_start": 1585662070.026257, "device_queued": 1585662002.5482771, "device_end": 1585662002.5567973, "host_queued_end": 1585662070.043985}, "device": "gpu", "nd_range": {"device_start": 1585662002.5568004, "device_end": 1585662002.5725439}, "cmdq": 0, "read": {"device_start": -1, "device_end": -1}}, "empty8": {"write": {"device_start": -1, "host_queued_start": 1585662070.048113, "device_queued": -1, "device_end": -1, "host_queued_end": 1585662070.286411}, "device": "cpu", "nd_range": {"device_start": 2329844.476052084, "device_end": 2329844.476062043}, "cmdq": 0, "read": {"device_start": -1, "device_end": -1}}, "softmax50": {"write": {"device_start": -1, "host_queued_start": 1585662070.233635, "device_queued": -1, "device_end": -1, "host_queued_end": 1585662070.286411}, "device": "cpu", "nd_range": {"device_start": 2329846.503598331, "device_end": 2329846.504533981}, "cmdq": 2, "read": {"device_start": -1, "device_end": -1}}, "softmax59": {"write": {"device_start": -1, "host_queued_start": 1585662070.234173, "device_queued": -1, "device_end": -1, "host_queued_end": 1585662070.286411}, "device": "cpu", "nd_range": {"device_start": 2329846.59608449, "device_end": 2329846.59686419}, "cmdq": 0, "read": {"device_start": -1, "device_end": -1}}, "FFC_sans_bias142": {"write": {"device_start": 1585662002.5907078, "host_queued_start": 1585662070.043861, "device_queued": 1585662002.5508394, "device_end": 1585662002.5908072, "host_queued_end": 1585662070.043985}, "device": "gpu", "nd_range": {"device_start": 1585662002.5970044, "device_end": 1585662002.6033926}, "cmdq": 1, "read": {"device_start": 1585662002.6033952, "device_end": 1585662002.6034865}}, "FFC_sans_bias141": {"write": {"device_start": -1, "host_queued_start": 1585662070.033493, "device_queued": -1, "device_end": -1, "host_queued_end": 1585662070.043985}, "device": "gpu", "nd_range": {"device_start": 1585662002.587772, "device_end": 1585662002.5969985}, "cmdq": 3, "read": {"device_start": -1, "device_end": -1}}, "FFC_sans_bias24": {"write": {"device_start": -1, "host_queued_start": 1585662070.239321, "device_queued": -1, "device_end": -1, "host_queued_end": 1585662070.286411}, "device": "cpu", "nd_range": {"device_start": 2329846.598472828, "device_end": 2329846.7308048173}, "cmdq": 0, "read": {"device_start": -1, "device_end": -1}}, "FFC_sans_bias25": {"write": {"device_start": -1, "host_queued_start": 1585662070.255284, "device_queued": -1, "device_end": -1, "host_queued_end": 1585662070.286411}, "device": "cpu", "nd_range": {"device_start": 2329847.325111925, "device_end": 2329847.463073544}, "cmdq": 1, "read": {"device_start": -1, "device_end": -1}}, "FFC_sans_bias27": {"write": {"device_start": -1, "host_queued_start": 1585662070.116104, "device_queued": -1, "device_end": -1, "host_queued_end": 1585662070.286411}, "device": "cpu", "nd_range": {"device_start": 2329844.929168477, "device_end": 2329845.033444146}, "cmdq": 1, "read": {"device_start": -1, "device_end": -1}}, "FFC_sans_bias20": {"write": {"device_start": -1, "host_queued_start": 1585662070.11267, "device_queued": -1, "device_end": -1, "host_queued_end": 1585662070.286411}, "device": "cpu", "nd_range": {"device_start": 2329844.727457202, "device_end": 2329844.843013186}, "cmdq": 0, "read": {"device_start": -1, "device_end": -1}}, "FFC_sans_bias22": {"write": {"device_start": -1, "host_queued_start": 1585662070.224023, "device_queued": -1, "device_end": -1, "host_queued_end": 1585662070.286411}, "device": "cpu", "nd_range": {"device_start": 2329846.16052602, "device_end": 2329846.286994543}, "cmdq": 1, "read": {"device_start": -1, "device_end": -1}}, "FFC_sans_bias130": {"write": {"device_start": -1, "host_queued_start": 1585662070.031368, "device_queued": -1, "device_end": -1, "host_queued_end": 1585662070.043985}, "device": "gpu", "nd_range": {"device_start": 1585662002.5758233, "device_end": 1585662002.5855565}, "cmdq": 1, "read": {"device_start": -1, "device_end": -1}}, "FFC_sans_bias28": {"write": {"device_start": -1, "host_queued_start": 1585662070.119513, "device_queued": -1, "device_end": -1, "host_queued_end": 1585662070.286411}, "device": "cpu", "nd_range": {"device_start": 2329844.8196311253, "device_end": 2329844.9080701224}, "cmdq": 2, "read": {"device_start": -1, "device_end": -1}}, "FFC_sans_bias29": {"write": {"device_start": -1, "host_queued_start": 1585662070.12296, "device_queued": -1, "device_end": -1, "host_queued_end": 1585662070.286411}, "device": "cpu", "nd_range": {"device_start": 2329844.843230965, "device_end": 2329844.996501239}, "cmdq": 0, "read": {"device_start": -1, "device_end": -1}}, "coalesced_transpose66": {"write": {"device_start": -1, "host_queued_start": 1585662070.219171, "device_queued": -1, "device_end": -1, "host_queued_end": 1585662070.286411}, "device": "cpu", "nd_range": {"device_start": 2329845.962048023, "device_end": 2329845.9630522523}, "cmdq": 2, "read": {"device_start": -1, "device_end": -1}}, "coalesced_transpose93": {"write": {"device_start": -1, "host_queued_start": 1585662070.22093, "device_queued": -1, "device_end": -1, "host_queued_end": 1585662070.286411}, "device": "cpu", "nd_range": {"device_start": 2329845.963204338, "device_end": 2329845.964227848}, "cmdq": 2, "read": {"device_start": -1, "device_end": -1}}, "softmax23": {"write": {"device_start": -1, "host_queued_start": 1585662070.23196, "device_queued": -1, "device_end": -1, "host_queued_end": 1585662070.286411}, "device": "cpu", "nd_range": {"device_start": 2329846.50270497, "device_end": 2329846.5035831723}, "cmdq": 2, "read": {"device_start": -1, "device_end": -1}}, "empty62": {"write": {"device_start": -1, "host_queued_start": 1585662070.065301, "device_queued": -1, "device_end": -1, "host_queued_end": 1585662070.286411}, "device": "cpu", "nd_range": {"device_start": 2329844.4760892102, "device_end": 2329844.4760899013}, "cmdq": 0, "read": {"device_start": -1, "device_end": -1}}, "FFC_sans_bias10": {"write": {"device_start": -1, "host_queued_start": 1585662070.09865, "device_queued": -1, "device_end": -1, "host_queued_end": 1585662070.286411}, "device": "cpu", "nd_range": {"device_start": 2329844.596119481, "device_end": 2329844.723089088}, "cmdq": 2, "read": {"device_start": -1, "device_end": -1}}, "FFC_sans_bias13": {"write": {"device_start": -1, "host_queued_start": 1585662070.223387, "device_queued": -1, "device_end": -1, "host_queued_end": 1585662070.286411}, "device": "cpu", "nd_range": {"device_start": 2329846.1654429743, "device_end": 2329846.269974852}, "cmdq": 0, "read": {"device_start": -1, "device_end": -1}}, "FFC_sans_bias15": {"write": {"device_start": -1, "host_queued_start": 1585662070.238717, "device_queued": -1, "device_end": -1, "host_queued_end": 1585662070.286411}, "device": "cpu", "nd_range": {"device_start": 2329846.584019393, "device_end": 2329846.6838062652}, "cmdq": 2, "read": {"device_start": -1, "device_end": -1}}, "FFC_sans_bias16": {"write": {"device_start": -1, "host_queued_start": 1585662070.252232, "device_queued": -1, "device_end": -1, "host_queued_end": 1585662070.286411}, "device": "cpu", "nd_range": {"device_start": 2329847.1289045922, "device_end": 2329847.291140901}, "cmdq": 0, "read": {"device_start": -1, "device_end": -1}}, "FFC_sans_bias19": {"write": {"device_start": -1, "host_queued_start": 1585662070.109165, "device_queued": -1, "device_end": -1, "host_queued_end": 1585662070.286411}, "device": "cpu", "nd_range": {"device_start": 2329844.723109696, "device_end": 2329844.819605303}, "cmdq": 2, "read": {"device_start": -1, "device_end": -1}}, "FFC_sans_bias18": {"write": {"device_start": -1, "host_queued_start": 1585662070.105636, "device_queued": -1, "device_end": -1, "host_queued_end": 1585662070.286411}, "device": "cpu", "nd_range": {"device_start": 2329844.728718564, "device_end": 2329844.92914501}, "cmdq": 1, "read": {"device_start": -1, "device_end": -1}}, "FFC_sans_bias99": {"write": {"device_start": -1, "host_queued_start": 1585662070.198459, "device_queued": -1, "device_end": -1, "host_queued_end": 1585662070.286411}, "device": "cpu", "nd_range": {"device_start": 2329845.8268492483, "device_end": 2329845.88987723}, "cmdq": 1, "read": {"device_start": -1, "device_end": -1}}, "FFC_sans_bias91": {"write": {"device_start": -1, "host_queued_start": 1585662070.191895, "device_queued": -1, "device_end": -1, "host_queued_end": 1585662070.286411}, "device": "cpu", "nd_range": {"device_start": 2329845.570942327, "device_end": 2329845.729118835}, "cmdq": 2, "read": {"device_start": -1, "device_end": -1}}, "FFC_sans_bias90": {"write": {"device_start": -1, "host_queued_start": 1585662070.188422, "device_queued": -1, "device_end": -1, "host_queued_end": 1585662070.286411}, "device": "cpu", "nd_range": {"device_start": 2329845.718655875, "device_end": 2329845.826819355}, "cmdq": 1, "read": {"device_start": -1, "device_end": -1}}, "coalesced_transpose12": {"write": {"device_start": -1, "host_queued_start": 1585662070.215532, "device_queued": -1, "device_end": -1, "host_queued_end": 1585662070.286411}, "device": "cpu", "nd_range": {"device_start": 2329845.959671675, "device_end": 2329845.960700788}, "cmdq": 2, "read": {"device_start": -1, "device_end": -1}}, "FFC_sans_bias94": {"write": {"device_start": -1, "host_queued_start": 1585662070.229074, "device_queued": -1, "device_end": -1, "host_queued_end": 1585662070.286411}, "device": "cpu", "nd_range": {"device_start": 2329846.437281237, "device_end": 2329846.594138048}, "cmdq": 0, "read": {"device_start": -1, "device_end": -1}}, "FFC_sans_bias97": {"write": {"device_start": -1, "host_queued_start": 1585662070.280075, "device_queued": -1, "device_end": -1, "host_queued_end": 1585662070.286411}, "device": "cpu", "nd_range": {"device_start": 2329847.5134995603, "device_end": 2329847.620774837}, "cmdq": 0, "read": {"device_start": -1, "device_end": -1}}, "FFC_sans_bias96": {"write": {"device_start": -1, "host_queued_start": 1585662070.244458, "device_queued": -1, "device_end": -1, "host_queued_end": 1585662070.286411}, "device": "cpu", "nd_range": {"device_start": 2329846.9742696723, "device_end": 2329847.119939763}, "cmdq": 2, "read": {"device_start": -1, "device_end": -1}}, "FFC_sans_bias124": {"write": {"device_start": 1585662002.5881016, "host_queued_start": 1585662070.036836, "device_queued": 1585662002.550188, "device_end": 1585662002.5882034, "host_queued_end": 1585662070.043985}, "device": "gpu", "nd_range": {"device_start": 1585662002.5970104, "device_end": 1585662002.606648}, "cmdq": 4, "read": {"device_start": 1585662002.6066566, "device_end": 1585662002.6067464}}, "FFC_sans_bias126": {"write": {"device_start": 1585662002.547587, "host_queued_start": 1585662070.014398, "device_queued": 1585662002.54719, "device_end": 1585662002.5476985, "host_queued_end": 1585662070.043985}, "device": "gpu", "nd_range": {"device_start": 1585662002.5479732, "device_end": 1585662002.5627692}, "cmdq": 2, "read": {"device_start": -1, "device_end": -1}}, "softmax32": {"write": {"device_start": -1, "host_queued_start": 1585662070.232499, "device_queued": -1, "device_end": -1, "host_queued_end": 1585662070.286411}, "device": "cpu", "nd_range": {"device_start": 2329846.595132465, "device_end": 2329846.5959245483}, "cmdq": 0, "read": {"device_start": -1, "device_end": -1}}, "coalesced_transpose84": {"write": {"device_start": -1, "host_queued_start": 1585662070.220347, "device_queued": -1, "device_end": -1, "host_queued_end": 1585662070.286411}, "device": "cpu", "nd_range": {"device_start": 2329845.97528616, "device_end": 2329845.976489248}, "cmdq": 1, "read": {"device_start": -1, "device_end": -1}}, "FFC_sans_bias121": {"write": {"device_start": -1, "host_queued_start": 1585662070.031045, "device_queued": -1, "device_end": -1, "host_queued_end": 1585662070.043985}, "device": "gpu", "nd_range": {"device_start": 1585662002.5756092, "device_end": 1585662002.5790627}, "cmdq": 0, "read": {"device_start": -1, "device_end": -1}}, "empty98": {"write": {"device_start": -1, "host_queued_start": 1585662070.07588, "device_queued": -1, "device_end": -1, "host_queued_end": 1585662070.286411}, "device": "cpu", "nd_range": {"device_start": 2329844.476094442, "device_end": 2329844.4760951083}, "cmdq": 1, "read": {"device_start": -1, "device_end": -1}}, "empty107": {"write": {"device_start": -1, "host_queued_start": 1585662070.078554, "device_queued": -1, "device_end": -1, "host_queued_end": 1585662070.286411}, "device": "cpu", "nd_range": {"device_start": 2329844.476111601, "device_end": 2329844.476112498}, "cmdq": 2, "read": {"device_start": -1, "device_end": -1}}, "empty17": {"write": {"device_start": -1, "host_queued_start": 1585662070.051077, "device_queued": -1, "device_end": -1, "host_queued_end": 1585662070.286411}, "device": "cpu", "nd_range": {"device_start": 2329844.476051954, "device_end": 2329844.476062076}, "cmdq": 1, "read": {"device_start": -1, "device_end": -1}}, "FFC_sans_bias87": {"write": {"device_start": -1, "host_queued_start": 1585662070.24379, "device_queued": -1, "device_end": -1, "host_queued_end": 1585662070.286411}, "device": "cpu", "nd_range": {"device_start": 2329847.0462316093, "device_end": 2329847.186677087}, "cmdq": 1, "read": {"device_start": -1, "device_end": -1}}, "FFC_sans_bias85": {"write": {"device_start": -1, "host_queued_start": 1585662070.22847, "device_queued": -1, "device_end": -1, "host_queued_end": 1585662070.286411}, "device": "cpu", "nd_range": {"device_start": 2329846.208108296, "device_end": 2329846.355540466}, "cmdq": 2, "read": {"device_start": -1, "device_end": -1}}, "FFC_sans_bias82": {"write": {"device_start": -1, "host_queued_start": 1585662070.181486, "device_queued": -1, "device_end": -1, "host_queued_end": 1585662070.286411}, "device": "cpu", "nd_range": {"device_start": 2329845.497542071, "device_end": 2329845.5709206033}, "cmdq": 2, "read": {"device_start": -1, "device_end": -1}}, "FFC_sans_bias83": {"write": {"device_start": -1, "host_queued_start": 1585662070.185003, "device_queued": -1, "device_end": -1, "host_queued_end": 1585662070.286411}, "device": "cpu", "nd_range": {"device_start": 2329845.694752885, "device_end": 2329845.783887507}, "cmdq": 0, "read": {"device_start": -1, "device_end": -1}}, "FFC_sans_bias81": {"write": {"device_start": -1, "host_queued_start": 1585662070.178019, "device_queued": -1, "device_end": -1, "host_queued_end": 1585662070.286411}, "device": "cpu", "nd_range": {"device_start": 2329845.615288935, "device_end": 2329845.7186353253}, "cmdq": 1, "read": {"device_start": -1, "device_end": -1}}, "FFC_sans_bias88": {"write": {"device_start": -1, "host_queued_start": 1585662070.276981, "device_queued": -1, "device_end": -1, "host_queued_end": 1585662070.286411}, "device": "cpu", "nd_range": {"device_start": 2329847.513740073, "device_end": 2329847.6507354514}, "cmdq": 2, "read": {"device_start": -1, "device_end": -1}}, "coalesced_transpose30": {"write": {"device_start": -1, "host_queued_start": 1585662070.216767, "device_queued": -1, "device_end": -1, "host_queued_end": 1585662070.286411}, "device": "cpu", "nd_range": {"device_start": 2329845.97261874, "device_end": 2329845.9737152993}, "cmdq": 1, "read": {"device_start": -1, "device_end": -1}}, "FFC_sans_bias128": {"write": {"device_start": 1585662002.5472846, "host_queued_start": 1585662070.010406, "device_queued": 1585662002.5470166, "device_end": 1585662002.5475533, "host_queued_end": 1585662070.043985}, "device": "gpu", "nd_range": {"device_start": 1585662002.5478592, "device_end": 1585662002.5594864}, "cmdq": 1, "read": {"device_start": -1, "device_end": -1}}, "coalesced_transpose39": {"write": {"device_start": -1, "host_queued_start": 1585662070.217352, "device_queued": -1, "device_end": -1, "host_queued_end": 1585662070.286411}, "device": "cpu", "nd_range": {"device_start": 2329845.96088274, "device_end": 2329845.9618887734}, "cmdq": 2, "read": {"device_start": -1, "device_end": -1}}, "FFC_sans_bias79": {"write": {"device_start": -1, "host_queued_start": 1585662070.273906, "device_queued": -1, "device_end": -1, "host_queued_end": 1585662070.286411}, "device": "cpu", "nd_range": {"device_start": 2329847.598759089, "device_end": 2329847.6626052014}, "cmdq": 1, "read": {"device_start": -1, "device_end": -1}}, "FFC_sans_bias78": {"write": {"device_start": -1, "host_queued_start": 1585662070.243176, "device_queued": -1, "device_end": -1, "host_queued_end": 1585662070.286411}, "device": "cpu", "nd_range": {"device_start": 2329846.863149972, "device_end": 2329846.995796921}, "cmdq": 0, "read": {"device_start": -1, "device_end": -1}}, "FFC_sans_bias73": {"write": {"device_start": -1, "host_queued_start": 1585662070.171175, "device_queued": -1, "device_end": -1, "host_queued_end": 1585662070.286411}, "device": "cpu", "nd_range": {"device_start": 2329845.409306668, "device_end": 2329845.497311098}, "cmdq": 2, "read": {"device_start": -1, "device_end": -1}}, "FFC_sans_bias72": {"write": {"device_start": -1, "host_queued_start": 1585662070.167757, "device_queued": -1, "device_end": -1, "host_queued_end": 1585662070.286411}, "device": "cpu", "nd_range": {"device_start": 2329845.520526968, "device_end": 2329845.6152654923}, "cmdq": 1, "read": {"device_start": -1, "device_end": -1}}, "FFC_sans_bias70": {"write": {"device_start": -1, "host_queued_start": 1585662070.270858, "device_queued": -1, "device_end": -1, "host_queued_end": 1585662070.286411}, "device": "cpu", "nd_range": {"device_start": 2329847.394696923, "device_end": 2329847.5134905083}, "cmdq": 0, "read": {"device_start": -1, "device_end": -1}}, "FFC_sans_bias76": {"write": {"device_start": -1, "host_queued_start": 1585662070.227869, "device_queued": -1, "device_end": -1, "host_queued_end": 1585662070.286411}, "device": "cpu", "nd_range": {"device_start": 2329846.4346433333, "device_end": 2329846.523404051}, "cmdq": 1, "read": {"device_start": -1, "device_end": -1}}, "FFC_sans_bias74": {"write": {"device_start": -1, "host_queued_start": 1585662070.174612, "device_queued": -1, "device_end": -1, "host_queued_end": 1585662070.286411}, "device": "cpu", "nd_range": {"device_start": 2329845.617592969, "device_end": 2329845.694524004}, "cmdq": 0, "read": {"device_start": -1, "device_end": -1}}, "coalesced_transpose102": {"write": {"device_start": -1, "host_queued_start": 1585662070.22155, "device_queued": -1, "device_end": -1, "host_queued_end": 1585662070.286411}, "device": "cpu", "nd_range": {"device_start": 2329846.1624443512, "device_end": 2329846.1633746773}, "cmdq": 0, "read": {"device_start": -1, "device_end": -1}}, "coalesced_transpose3": {"write": {"device_start": -1, "host_queued_start": 1585662070.21494, "device_queued": -1, "device_end": -1, "host_queued_end": 1585662070.286411}, "device": "cpu", "nd_range": {"device_start": 2329845.971268203, "device_end": 2329845.9724478694}, "cmdq": 1, "read": {"device_start": -1, "device_end": -1}}, "FFC_sans_bias127": {"write": {"device_start": 1585662002.5500696, "host_queued_start": 1585662070.01853, "device_queued": 1585662002.5475698, "device_end": 1585662002.5501668, "host_queued_end": 1585662070.043985}, "device": "gpu", "nd_range": {"device_start": 1585662002.5501702, "device_end": 1585662002.5660594}, "cmdq": 3, "read": {"device_start": -1, "device_end": -1}}, "empty89": {"write": {"device_start": -1, "host_queued_start": 1585662070.07322, "device_queued": -1, "device_end": -1, "host_queued_end": 1585662070.286411}, "device": "cpu", "nd_range": {"device_start": 2329844.476095777, "device_end": 2329844.47609646}, "cmdq": 0, "read": {"device_start": -1, "device_end": -1}}, "FFC_sans_bias123": {"write": {"device_start": -1, "host_queued_start": 1585662070.032835, "device_queued": -1, "device_end": -1, "host_queued_end": 1585662070.043985}, "device": "gpu", "nd_range": {"device_start": 1585662002.5869882, "device_end": 1585662002.5903747}, "cmdq": 1, "read": {"device_start": -1, "device_end": -1}}, "empty80": {"write": {"device_start": -1, "host_queued_start": 1585662070.070556, "device_queued": -1, "device_end": -1, "host_queued_end": 1585662070.286411}, "device": "cpu", "nd_range": {"device_start": 2329844.4761046213, "device_end": 2329844.476105343}, "cmdq": 2, "read": {"device_start": -1, "device_end": -1}}, "empty116": {"write": {"device_start": -1, "host_queued_start": 1585662070.081273, "device_queued": -1, "device_end": -1, "host_queued_end": 1585662070.286411}, "device": "cpu", "nd_range": {"device_start": 2329844.476100969, "device_end": 2329844.476101709}, "cmdq": 0, "read": {"device_start": -1, "device_end": -1}}, "softmax104": {"write": {"device_start": -1, "host_queued_start": 1585662070.236895, "device_queued": -1, "device_end": -1, "host_queued_end": 1585662070.286411}, "device": "cpu", "nd_range": {"device_start": 2329846.583084769, "device_end": 2329846.583992816}, "cmdq": 2, "read": {"device_start": -1, "device_end": -1}}, "coalesced_transpose21": {"write": {"device_start": -1, "host_queued_start": 1585662070.216122, "device_queued": -1, "device_end": -1, "host_queued_end": 1585662070.286411}, "device": "cpu", "nd_range": {"device_start": 2329846.1532735704, "device_end": 2329846.154221166}, "cmdq": 0, "read": {"device_start": -1, "device_end": -1}}, "softmax14": {"write": {"device_start": -1, "host_queued_start": 1585662070.231428, "device_queued": -1, "device_end": -1, "host_queued_end": 1585662070.286411}, "device": "cpu", "nd_range": {"device_start": 2329846.5817775433, "device_end": 2329846.5825648573}, "cmdq": 1, "read": {"device_start": -1, "device_end": -1}}, "FFC_sans_bias69": {"write": {"device_start": -1, "host_queued_start": 1585662070.242553, "device_queued": -1, "device_end": -1, "host_queued_end": 1585662070.286411}, "device": "cpu", "nd_range": {"device_start": 2329846.82856128, "device_end": 2329846.9742484554}, "cmdq": 2, "read": {"device_start": -1, "device_end": -1}}, "FFC_sans_bias92": {"write": {"device_start": -1, "host_queued_start": 1585662070.195333, "device_queued": -1, "device_end": -1, "host_queued_end": 1585662070.286411}, "device": "cpu", "nd_range": {"device_start": 2329845.784099927, "device_end": 2329845.948205242}, "cmdq": 0, "read": {"device_start": -1, "device_end": -1}}, "FFC_sans_bias60": {"write": {"device_start": -1, "host_queued_start": 1585662070.241942, "device_queued": -1, "device_end": -1, "host_queued_end": 1585662070.286411}, "device": "cpu", "nd_range": {"device_start": 2329846.904314793, "device_end": 2329847.0459899344}, "cmdq": 1, "read": {"device_start": -1, "device_end": -1}}, "FFC_sans_bias61": {"write": {"device_start": -1, "host_queued_start": 1585662070.267795, "device_queued": -1, "device_end": -1, "host_queued_end": 1585662070.286411}, "device": "cpu", "nd_range": {"device_start": 2329847.4302947624, "device_end": 2329847.513731967}, "cmdq": 2, "read": {"device_start": -1, "device_end": -1}}, "FFC_sans_bias63": {"write": {"device_start": -1, "host_queued_start": 1585662070.164307, "device_queued": -1, "device_end": -1, "host_queued_end": 1585662070.286411}, "device": "cpu", "nd_range": {"device_start": 2329845.4292138834, "device_end": 2329845.6174218333}, "cmdq": 0, "read": {"device_start": -1, "device_end": -1}}, "FFC_sans_bias64": {"write": {"device_start": -1, "host_queued_start": 1585662070.157357, "device_queued": -1, "device_end": -1, "host_queued_end": 1585662070.286411}, "device": "cpu", "nd_range": {"device_start": 2329845.409693115, "device_end": 2329845.520504806}, "cmdq": 1, "read": {"device_start": -1, "device_end": -1}}, "FFC_sans_bias65": {"write": {"device_start": -1, "host_queued_start": 1585662070.160759, "device_queued": -1, "device_end": -1, "host_queued_end": 1585662070.286411}, "device": "cpu", "nd_range": {"device_start": 2329845.25218965, "device_end": 2329845.4092761213}, "cmdq": 2, "read": {"device_start": -1, "device_end": -1}}, "FFC_sans_bias67": {"write": {"device_start": -1, "host_queued_start": 1585662070.227263, "device_queued": -1, "device_end": -1, "host_queued_end": 1585662070.286411}, "device": "cpu", "nd_range": {"device_start": 2329846.337334622, "device_end": 2329846.437087263}, "cmdq": 0, "read": {"device_start": -1, "device_end": -1}}, "coalesced_transpose111": {"write": {"device_start": -1, "host_queued_start": 1585662070.222166, "device_queued": -1, "device_end": -1, "host_queued_end": 1585662070.286411}, "device": "cpu", "nd_range": {"device_start": 2329845.976505984, "device_end": 2329845.9775779713}, "cmdq": 1, "read": {"device_start": -1, "device_end": -1}}, "FFC_sans_bias136": {"write": {"device_start": 1585662002.553395, "host_queued_start": 1585662070.022523, "device_queued": 1585662002.5477111, "device_end": 1585662002.5534976, "host_queued_end": 1585662070.043985}, "device": "gpu", "nd_range": {"device_start": 1585662002.553512, "device_end": 1585662002.5692923}, "cmdq": 4, "read": {"device_start": -1, "device_end": -1}}, "FFC_sans_bias135": {"write": {"device_start": 1585662002.5598488, "host_queued_start": 1585662070.029728, "device_queued": 1585662002.5485349, "device_end": 1585662002.55995, "host_queued_end": 1585662070.043985}, "device": "gpu", "nd_range": {"device_start": 1585662002.5599532, "device_end": 1585662002.575815}, "cmdq": 1, "read": {"device_start": -1, "device_end": -1}}, "FFC_sans_bias133": {"write": {"device_start": 1585662002.5873718, "host_queued_start": 1585662070.040221, "device_queued": 1585662002.5504203, "device_end": 1585662002.587482, "host_queued_end": 1585662070.043985}, "device": "gpu", "nd_range": {"device_start": 1585662002.5937169, "device_end": 1585662002.6000988}, "cmdq": 0, "read": {"device_start": 1585662002.6070793, "device_end": 1585662002.6071756}}, "FFC_sans_bias132": {"write": {"device_start": -1, "host_queued_start": 1585662070.03317, "device_queued": -1, "device_end": -1, "host_queued_end": 1585662070.043985}, "device": "gpu", "nd_range": {"device_start": 1585662002.5877607, "device_end": 1585662002.593709}, "cmdq": 2, "read": {"device_start": -1, "device_end": -1}}, "softmax68": {"write": {"device_start": -1, "host_queued_start": 1585662070.234716, "device_queued": -1, "device_end": -1, "host_queued_end": 1585662070.286411}, "device": "cpu", "nd_range": {"device_start": 2329846.58353616, "device_end": 2329846.584484875}, "cmdq": 1, "read": {"device_start": -1, "device_end": -1}}, "softmax131": {"write": {"device_start": -1, "host_queued_start": 1585662070.032202, "device_queued": -1, "device_end": -1, "host_queued_end": 1585662070.043985}, "device": "gpu", "nd_range": {"device_start": 1585662002.5869823, "device_end": 1585662002.5877538}, "cmdq": 4, "read": {"device_start": -1, "device_end": -1}}, "empty125": {"write": {"device_start": 1585662002.545007, "host_queued_start": 1585662069.988338, "device_queued": 1585662002.5446882, "device_end": 1585662002.5451958, "host_queued_end": 1585662070.043985}, "device": "gpu", "nd_range": {"device_start": 1585662002.5452404, "device_end": 1585662002.545246}, "cmdq": 0, "read": {"device_start": -1, "device_end": -1}}, "FFC_sans_bias139": {"write": {"device_start": -1, "host_queued_start": 1585662070.031693, "device_queued": -1, "device_end": -1, "host_queued_end": 1585662070.043985}, "device": "gpu", "nd_range": {"device_start": 1585662002.5756507, "device_end": 1585662002.582371}, "cmdq": 2, "read": {"device_start": -1, "device_end": -1}}, "empty35": {"write": {"device_start": -1, "host_queued_start": 1585662070.056927, "device_queued": -1, "device_end": -1, "host_queued_end": 1585662070.286411}, "device": "cpu", "nd_range": {"device_start": 2329844.476082814, "device_end": 2329844.476083705}, "cmdq": 0, "read": {"device_start": -1, "device_end": -1}}, "softmax86": {"write": {"device_start": -1, "host_queued_start": 1585662070.235837, "device_queued": -1, "device_end": -1, "host_queued_end": 1585662070.286411}, "device": "cpu", "nd_range": {"device_start": 2329846.596873364, "device_end": 2329846.5976544963}, "cmdq": 0, "read": {"device_start": -1, "device_end": -1}}, "FFC_sans_bias55": {"write": {"device_start": -1, "host_queued_start": 1585662070.153933, "device_queued": -1, "device_end": -1, "host_queued_end": 1585662070.286411}, "device": "cpu", "nd_range": {"device_start": 2329845.2973200073, "device_end": 2329845.429011621}, "cmdq": 0, "read": {"device_start": -1, "device_end": -1}}, "FFC_sans_bias54": {"write": {"device_start": -1, "host_queued_start": 1585662070.15052, "device_queued": -1, "device_end": -1, "host_queued_end": 1585662070.286411}, "device": "cpu", "nd_range": {"device_start": 2329845.134284308, "device_end": 2329845.252167177}, "cmdq": 2, "read": {"device_start": -1, "device_end": -1}}, "FFC_sans_bias56": {"write": {"device_start": -1, "host_queued_start": 1585662070.147032, "device_queued": -1, "device_end": -1, "host_queued_end": 1585662070.286411}, "device": "cpu", "nd_range": {"device_start": 2329845.281642542, "device_end": 2329845.4092761283}, "cmdq": 1, "read": {"device_start": -1, "device_end": -1}}, "FFC_sans_bias51": {"write": {"device_start": -1, "host_queued_start": 1585662070.241211, "device_queued": -1, "device_end": -1, "host_queued_end": 1585662070.286411}, "device": "cpu", "nd_range": {"device_start": 2329846.730827806, "device_end": 2329846.8629198503}, "cmdq": 0, "read": {"device_start": -1, "device_end": -1}}, "FFC_sans_bias52": {"write": {"device_start": -1, "host_queued_start": 1585662070.264718, "device_queued": -1, "device_end": -1, "host_queued_end": 1585662070.286411}, "device": "cpu", "nd_range": {"device_start": 2329847.463091724, "device_end": 2329847.598744018}, "cmdq": 1, "read": {"device_start": -1, "device_end": -1}}, "FFC_sans_bias58": {"write": {"device_start": -1, "host_queued_start": 1585662070.226499, "device_queued": -1, "device_end": -1, "host_queued_end": 1585662070.286411}, "device": "cpu", "nd_range": {"device_start": 2329846.101761152, "device_end": 2329846.2078676634}, "cmdq": 2, "read": {"device_start": -1, "device_end": -1}}, "FFC_sans_bias108": {"write": {"device_start": -1, "host_queued_start": 1585662070.208057, "device_queued": -1, "device_end": -1, "host_queued_end": 1585662070.286411}, "device": "cpu", "nd_range": {"device_start": 2329845.890116233, "device_end": 2329845.97107991}, "cmdq": 1, "read": {"device_start": -1, "device_end": -1}}, "FFC_sans_bias109": {"write": {"device_start": -1, "host_queued_start": 1585662070.211236, "device_queued": -1, "device_end": -1, "host_queued_end": 1585662070.286411}, "device": "cpu", "nd_range": {"device_start": 2329845.855892478, "device_end": 2329845.959453719}, "cmdq": 2, "read": {"device_start": -1, "device_end": -1}}, "coalesced_transpose129": {"write": {"device_start": -1, "host_queued_start": 1585662070.030396, "device_queued": -1, "device_end": -1, "host_queued_end": 1585662070.043985}, "device": "gpu", "nd_range": {"device_start": 1585662002.5660603, "device_end": 1585662002.5756254}, "cmdq": 3, "read": {"device_start": -1, "device_end": -1}}, "FFC_sans_bias103": {"write": {"device_start": -1, "host_queued_start": 1585662070.229679, "device_queued": -1, "device_end": -1, "host_queued_end": 1585662070.286411}, "device": "cpu", "nd_range": {"device_start": 2329846.523613045, "device_end": 2329846.581550836}, "cmdq": 1, "read": {"device_start": -1, "device_end": -1}}, "FFC_sans_bias100": {"write": {"device_start": -1, "host_queued_start": 1585662070.201593, "device_queued": -1, "device_end": -1, "host_queued_end": 1585662070.286411}, "device": "cpu", "nd_range": {"device_start": 2329845.729143221, "device_end": 2329845.855662105}, "cmdq": 2, "read": {"device_start": -1, "device_end": -1}}, "FFC_sans_bias101": {"write": {"device_start": -1, "host_queued_start": 1585662070.204869, "device_queued": -1, "device_end": -1, "host_queued_end": 1585662070.286411}, "device": "cpu", "nd_range": {"device_start": 2329845.953646325, "device_end": 2329846.0654548174}, "cmdq": 0, "read": {"device_start": -1, "device_end": -1}}, "FFC_sans_bias106": {"write": {"device_start": -1, "host_queued_start": 1585662070.283242, "device_queued": -1, "device_end": -1, "host_queued_end": 1585662070.286411}, "device": "cpu", "nd_range": {"device_start": 2329847.6626172713, "device_end": 2329847.7377896043}, "cmdq": 1, "read": {"device_start": -1, "device_end": -1}}, "softmax122": {"write": {"device_start": -1, "host_queued_start": 1585662070.03195, "device_queued": -1, "device_end": -1, "host_queued_end": 1585662070.043985}, "device": "gpu", "nd_range": {"device_start": 1585662002.5790737, "device_end": 1585662002.5869663}, "cmdq": 3, "read": {"device_start": -1, "device_end": -1}}, "FFC_sans_bias105": {"write": {"device_start": -1, "host_queued_start": 1585662070.245059, "device_queued": -1, "device_end": -1, "host_queued_end": 1585662070.286411}, "device": "cpu", "nd_range": {"device_start": 2329846.995819264, "device_end": 2329847.128720884}, "cmdq": 0, "read": {"device_start": -1, "device_end": -1}}, "softmax95": {"write": {"device_start": -1, "host_queued_start": 1585662070.236367, "device_queued": -1, "device_end": -1, "host_queued_end": 1585662070.286411}, "device": "cpu", "nd_range": {"device_start": 2329846.623886237, "device_end": 2329846.624650623}, "cmdq": 1, "read": {"device_start": -1, "device_end": -1}}, "coalesced_transpose57": {"write": {"device_start": -1, "host_queued_start": 1585662070.218518, "device_queued": -1, "device_end": -1, "host_queued_end": 1585662070.286411}, "device": "cpu", "nd_range": {"device_start": 2329845.9738793303, "device_end": 2329845.975123715}, "cmdq": 1, "read": {"device_start": -1, "device_end": -1}}, "empty26": {"write": {"device_start": -1, "host_queued_start": 1585662070.05392, "device_queued": -1, "device_end": -1, "host_queued_end": 1585662070.286411}, "device": "cpu", "nd_range": {"device_start": 2329844.476076565, "device_end": 2329844.47608145}, "cmdq": 2, "read": {"device_start": -1, "device_end": -1}}, "softmax113": {"write": {"device_start": -1, "host_queued_start": 1585662070.237494, "device_queued": -1, "device_end": -1, "host_queued_end": 1585662070.286411}, "device": "cpu", "nd_range": {"device_start": 2329846.597662059, "device_end": 2329846.598464732}, "cmdq": 0, "read": {"device_start": -1, "device_end": -1}}, "FFC_sans_bias11": {"write": {"device_start": -1, "host_queued_start": 1585662070.10206, "device_queued": -1, "device_end": -1, "host_queued_end": 1585662070.286411}, "device": "cpu", "nd_range": {"device_start": 2329844.611222235, "device_end": 2329844.727309963}, "cmdq": 0, "read": {"device_start": -1, "device_end": -1}}, "FFC_sans_bias42": {"write": {"device_start": -1, "host_queued_start": 1585662070.240597, "device_queued": -1, "device_end": -1, "host_queued_end": 1585662070.286411}, "device": "cpu", "nd_range": {"device_start": 2329846.683869805, "device_end": 2329846.8285391573}, "cmdq": 2, "read": {"device_start": -1, "device_end": -1}}, "FFC_sans_bias43": {"write": {"device_start": -1, "host_queued_start": 1585662070.261533, "device_queued": -1, "device_end": -1, "host_queued_end": 1585662070.286411}, "device": "cpu", "nd_range": {"device_start": 2329847.2911571483, "device_end": 2329847.394681597}, "cmdq": 0, "read": {"device_start": -1, "device_end": -1}}, "FFC_sans_bias40": {"write": {"device_start": -1, "host_queued_start": 1585662070.225294, "device_queued": -1, "device_end": -1, "host_queued_end": 1585662070.286411}, "device": "cpu", "nd_range": {"device_start": 2329846.270233157, "device_end": 2329846.337108862}, "cmdq": 0, "read": {"device_start": -1, "device_end": -1}}, "FFC_sans_bias46": {"write": {"device_start": -1, "host_queued_start": 1585662070.140148, "device_queued": -1, "device_end": -1, "host_queued_end": 1585662070.286411}, "device": "cpu", "nd_range": {"device_start": 2329845.021551766, "device_end": 2329845.13404659}, "cmdq": 2, "read": {"device_start": -1, "device_end": -1}}, "FFC_sans_bias47": {"write": {"device_start": -1, "host_queued_start": 1585662070.143576, "device_queued": -1, "device_end": -1, "host_queued_end": 1585662070.286411}, "device": "cpu", "nd_range": {"device_start": 2329845.1747424123, "device_end": 2329845.2971060043}, "cmdq": 0, "read": {"device_start": -1, "device_end": -1}}, "FFC_sans_bias45": {"write": {"device_start": -1, "host_queued_start": 1585662070.136684, "device_queued": -1, "device_end": -1, "host_queued_end": 1585662070.286411}, "device": "cpu", "nd_range": {"device_start": 2329845.159750491, "device_end": 2329845.281621906}, "cmdq": 1, "read": {"device_start": -1, "device_end": -1}}, "FFC_sans_bias49": {"write": {"device_start": -1, "host_queued_start": 1585662070.225898, "device_queued": -1, "device_end": -1, "host_queued_end": 1585662070.286411}, "device": "cpu", "nd_range": {"device_start": 2329846.287017667, "device_end": 2329846.4299052902}, "cmdq": 1, "read": {"device_start": -1, "device_end": -1}}, "softmax77": {"write": {"device_start": -1, "host_queued_start": 1585662070.235311, "device_queued": -1, "device_end": -1, "host_queued_end": 1585662070.286411}, "device": "cpu", "nd_range": {"device_start": 2329846.531868121, "device_end": 2329846.5326537513}, "cmdq": 2, "read": {"device_start": -1, "device_end": -1}}, "empty134": {"write": {"device_start": 1585662002.5453548, "host_queued_start": 1585662069.991828, "device_queued": 1585662002.5450099, "device_end": 1585662002.545602, "host_queued_end": 1585662070.043985}, "device": "gpu", "nd_range": {"device_start": 1585662002.5460896, "device_end": 1585662002.5461593}, "cmdq": 1, "read": {"device_start": -1, "device_end": -1}}, "coalesced_transpose138": {"write": {"device_start": -1, "host_queued_start": 1585662070.030714, "device_queued": -1, "device_end": -1, "host_queued_end": 1585662070.043985}, "device": "gpu", "nd_range": {"device_start": 1585662002.5692933, "device_end": 1585662002.5756426}, "cmdq": 4, "read": {"device_start": -1, "device_end": -1}}, "FFC_sans_bias119": {"write": {"device_start": 1585662002.5468948, "host_queued_start": 1585662070.006459, "device_queued": 1585662002.5465894, "device_end": 1585662002.5470066, "host_queued_end": 1585662070.043985}, "device": "gpu", "nd_range": {"device_start": 1585662002.5470097, "device_end": 1585662002.5563364}, "cmdq": 0, "read": {"device_start": -1, "device_end": -1}}, "FFC_sans_bias118": {"write": {"device_start": 1585662002.5463412, "host_queued_start": 1585662070.001255, "device_queued": 1585662002.5460207, "device_end": 1585662002.546437, "host_queued_end": 1585662070.043985}, "device": "gpu", "nd_range": {"device_start": 1585662002.5464945, "device_end": 1585662002.5530648}, "cmdq": 4, "read": {"device_start": -1, "device_end": -1}}, "empty143": {"write": {"device_start": 1585662002.5456958, "host_queued_start": 1585662069.994516, "device_queued": 1585662002.5452428, "device_end": 1585662002.5459876, "host_queued_end": 1585662070.043985}, "device": "gpu", "nd_range": {"device_start": 1585662002.5461266, "device_end": 1585662002.5461736}, "cmdq": 2, "read": {"device_start": -1, "device_end": -1}}, "FFC_sans_bias115": {"write": {"device_start": -1, "host_queued_start": 1585662070.286354, "device_queued": -1, "device_end": -1, "host_queued_end": 1585662070.286411}, "device": "cpu", "nd_range": {"device_start": 2329847.6507466803, "device_end": 2329847.71069964}, "cmdq": 2, "read": {"device_start": -1, "device_end": -1}}, "FFC_sans_bias114": {"write": {"device_start": -1, "host_queued_start": 1585662070.245659, "device_queued": -1, "device_end": -1, "host_queued_end": 1585662070.286411}, "device": "cpu", "nd_range": {"device_start": 2329847.186699932, "device_end": 2329847.3250891743}, "cmdq": 1, "read": {"device_start": -1, "device_end": -1}}, "FFC_sans_bias117": {"write": {"device_start": 1585662002.5460274, "host_queued_start": 1585662069.997433, "device_queued": 1585662002.545623, "device_end": 1585662002.5463104, "host_queued_end": 1585662070.043985}, "device": "gpu", "nd_range": {"device_start": 1585662002.546347, "device_end": 1585662002.5497215}, "cmdq": 3, "read": {"device_start": -1, "device_end": -1}}, "softmax5": {"write": {"device_start": -1, "host_queued_start": 1585662070.23089, "device_queued": -1, "device_end": -1, "host_queued_end": 1585662070.286411}, "device": "cpu", "nd_range": {"device_start": 2329846.594160173, "device_end": 2329846.5949448124}, "cmdq": 0, "read": {"device_start": -1, "device_end": -1}}, "FFC_sans_bias110": {"write": {"device_start": -1, "host_queued_start": 1585662070.214557, "device_queued": -1, "device_end": -1, "host_queued_end": 1585662070.286411}, "device": "cpu", "nd_range": {"device_start": 2329846.065470919, "device_end": 2329846.150283094}, "cmdq": 0, "read": {"device_start": -1, "device_end": -1}}, "FFC_sans_bias112": {"write": {"device_start": -1, "host_queued_start": 1585662070.230347, "device_queued": -1, "device_end": -1, "host_queued_end": 1585662070.286411}, "device": "cpu", "nd_range": {"device_start": 2329846.3557638302, "device_end": 2329846.502682356}, "cmdq": 2, "read": {"device_start": -1, "device_end": -1}}, "empty53": {"write": {"device_start": -1, "host_queued_start": 1585662070.062562, "device_queued": -1, "device_end": -1, "host_queued_end": 1585662070.286411}, "device": "cpu", "nd_range": {"device_start": 2329844.476097519, "device_end": 2329844.4760985593}, "cmdq": 2, "read": {"device_start": -1, "device_end": -1}}, "coalesced_transpose48": {"write": {"device_start": -1, "host_queued_start": 1585662070.217939, "device_queued": -1, "device_end": -1, "host_queued_end": 1585662070.286411}, "device": "cpu", "nd_range": {"device_start": 2329846.1553730653, "device_end": 2329846.1583427372}, "cmdq": 0, "read": {"device_start": -1, "device_end": -1}}}