{"FFC_sans_bias4": {"write": {"device_start": -1, "host_queued_start": 1585661422.672326, "device_queued": -1, "device_end": -1, "host_queued_end": 1585661422.747944}, "device": "cpu", "nd_range": {"device_start": 2329198.4821874173, "device_end": 2329198.56792635}, "cmdq": 0, "read": {"device_start": -1, "device_end": -1}}, "FFC_sans_bias7": {"write": {"device_start": -1, "host_queued_start": 1585661422.702898, "device_queued": -1, "device_end": -1, "host_queued_end": 1585661422.747944}, "device": "cpu", "nd_range": {"device_start": 2329200.181065501, "device_end": 2329200.2618238083}, "cmdq": 3, "read": {"device_start": -1, "device_end": -1}}, "FFC_sans_bias6": {"write": {"device_start": -1, "host_queued_start": 1585661422.690492, "device_queued": -1, "device_end": -1, "host_queued_end": 1585661422.747944}, "device": "cpu", "nd_range": {"device_start": 2329199.3916905723, "device_end": 2329199.495604272}, "cmdq": 2, "read": {"device_start": -1, "device_end": -1}}, "FFC_sans_bias1": {"write": {"device_start": -1, "host_queued_start": 1585661422.510286, "device_queued": -1, "device_end": -1, "host_queued_end": 1585661422.747944}, "device": "cpu", "nd_range": {"device_start": 2329196.937711851, "device_end": 2329197.0862338464}, "cmdq": 2, "read": {"device_start": -1, "device_end": -1}}, "FFC_sans_bias0": {"write": {"device_start": -1, "host_queued_start": 1585661422.50696, "device_queued": -1, "device_end": -1, "host_queued_end": 1585661422.747944}, "device": "cpu", "nd_range": {"device_start": 2329196.93769333, "device_end": 2329197.060803553}, "cmdq": 1, "read": {"device_start": -1, "device_end": -1}}, "FFC_sans_bias2": {"write": {"device_start": -1, "host_queued_start": 1585661422.513646, "device_queued": -1, "device_end": -1, "host_queued_end": 1585661422.747944}, "device": "cpu", "nd_range": {"device_start": 2329196.9377257223, "device_end": 2329197.1291614333}, "cmdq": 3, "read": {"device_start": -1, "device_end": -1}}, "coalesced_transpose120": {"write": {"device_start": -1, "host_queued_start": 1585661422.670576, "device_queued": -1, "device_end": -1, "host_queued_end": 1585661422.747944}, "device": "cpu", "nd_range": {"device_start": 2329198.829181375, "device_end": 2329198.83006346}, "cmdq": 2, "read": {"device_start": -1, "device_end": -1}}, "FFC_sans_bias9": {"write": {"device_start": -1, "host_queued_start": 1585661422.517002, "device_queued": -1, "device_end": -1, "host_queued_end": 1585661422.747944}, "device": "cpu", "nd_range": {"device_start": 2329197.061033295, "device_end": 2329197.1839387333}, "cmdq": 4, "read": {"device_start": -1, "device_end": -1}}, "empty71": {"write": {"device_start": -1, "host_queued_start": 1585661422.483075, "device_queued": -1, "device_end": -1, "host_queued_end": 1585661422.747944}, "device": "cpu", "nd_range": {"device_start": 2329196.9376694104, "device_end": 2329196.937670518}, "cmdq": 2, "read": {"device_start": -1, "device_end": -1}}, "softmax41": {"write": {"device_start": -1, "host_queued_start": 1585661422.684118, "device_queued": -1, "device_end": -1, "host_queued_end": 1585661422.747944}, "device": "cpu", "nd_range": {"device_start": 2329199.168223687, "device_end": 2329199.168977742}, "cmdq": 0, "read": {"device_start": -1, "device_end": -1}}, "FFC_sans_bias37": {"write": {"device_start": -1, "host_queued_start": 1585661422.550623, "device_queued": -1, "device_end": -1, "host_queued_end": 1585661422.747944}, "device": "cpu", "nd_range": {"device_start": 2329197.308511616, "device_end": 2329197.431927908}, "cmdq": 4, "read": {"device_start": -1, "device_end": -1}}, "FFC_sans_bias36": {"write": {"device_start": -1, "host_queued_start": 1585661422.547236, "device_queued": -1, "device_end": -1, "host_queued_end": 1585661422.747944}, "device": "cpu", "nd_range": {"device_start": 2329197.3900693073, "device_end": 2329197.633346702}, "cmdq": 3, "read": {"device_start": -1, "device_end": -1}}, "FFC_sans_bias34": {"write": {"device_start": -1, "host_queued_start": 1585661422.711814, "device_queued": -1, "device_end": -1, "host_queued_end": 1585661422.747944}, "device": "cpu", "nd_range": {"device_start": 2329199.6313269744, "device_end": 2329199.758937496}, "cmdq": 1, "read": {"device_start": -1, "device_end": -1}}, "FFC_sans_bias33": {"write": {"device_start": -1, "host_queued_start": 1585661422.692287, "device_queued": -1, "device_end": -1, "host_queued_end": 1585661422.747944}, "device": "cpu", "nd_range": {"device_start": 2329199.32910355, "device_end": 2329199.4296409884}, "cmdq": 0, "read": {"device_start": -1, "device_end": -1}}, "FFC_sans_bias31": {"write": {"device_start": -1, "host_queued_start": 1585661422.674137, "device_queued": -1, "device_end": -1, "host_queued_end": 1585661422.747944}, "device": "cpu", "nd_range": {"device_start": 2329198.563929663, "device_end": 2329198.687658513}, "cmdq": 3, "read": {"device_start": -1, "device_end": -1}}, "FFC_sans_bias38": {"write": {"device_start": -1, "host_queued_start": 1585661422.553937, "device_queued": -1, "device_end": -1, "host_queued_end": 1585661422.747944}, "device": "cpu", "nd_range": {"device_start": 2329197.184813961, "device_end": 2329197.338933057}, "cmdq": 0, "read": {"device_start": -1, "device_end": -1}}, "coalesced_transpose75": {"write": {"device_start": -1, "host_queued_start": 1585661422.667611, "device_queued": -1, "device_end": -1, "host_queued_end": 1585661422.747944}, "device": "cpu", "nd_range": {"device_start": 2329198.614478258, "device_end": 2329198.62698263}, "cmdq": 2, "read": {"device_start": -1, "device_end": -1}}, "softmax140": {"write": {"device_start": -1, "host_queued_start": 1585661422.689901, "device_queued": -1, "device_end": -1, "host_queued_end": 1585661422.747944}, "device": "cpu", "nd_range": {"device_start": 2329199.243081552, "device_end": 2329199.2438317803}, "cmdq": 1, "read": {"device_start": -1, "device_end": -1}}, "empty44": {"write": {"device_start": -1, "host_queued_start": 1585661422.475208, "device_queued": -1, "device_end": -1, "host_queued_end": 1585661422.747944}, "device": "cpu", "nd_range": {"device_start": 2329196.9376835884, "device_end": 2329196.937684256}, "cmdq": 4, "read": {"device_start": -1, "device_end": -1}}, "FFC_sans_bias137": {"write": {"device_start": -1, "host_queued_start": 1585661422.661021, "device_queued": -1, "device_end": -1, "host_queued_end": 1585661422.747944}, "device": "cpu", "nd_range": {"device_start": 2329198.175978364, "device_end": 2329198.291733723}, "cmdq": 2, "read": {"device_start": -1, "device_end": -1}}, "empty8": {"write": {"device_start": -1, "host_queued_start": 1585661422.46384, "device_queued": -1, "device_end": -1, "host_queued_end": 1585661422.747944}, "device": "cpu", "nd_range": {"device_start": 2329196.937633086, "device_end": 2329196.937644998}, "cmdq": 0, "read": {"device_start": -1, "device_end": -1}}, "softmax50": {"write": {"device_start": -1, "host_queued_start": 1585661422.684639, "device_queued": -1, "device_end": -1, "host_queued_end": 1585661422.747944}, "device": "cpu", "nd_range": {"device_start": 2329199.241527523, "device_end": 2329199.242299246}, "cmdq": 1, "read": {"device_start": -1, "device_end": -1}}, "softmax59": {"write": {"device_start": -1, "host_queued_start": 1585661422.685156, "device_queued": -1, "device_end": -1, "host_queued_end": 1585661422.747944}, "device": "cpu", "nd_range": {"device_start": 2329199.389915579, "device_end": 2329199.3906602263}, "cmdq": 2, "read": {"device_start": -1, "device_end": -1}}, "FFC_sans_bias142": {"write": {"device_start": -1, "host_queued_start": 1585661422.747889, "device_queued": -1, "device_end": -1, "host_queued_end": 1585661422.747944}, "device": "cpu", "nd_range": {"device_start": 2329200.433516201, "device_end": 2329200.499413373}, "cmdq": 3, "read": {"device_start": -1, "device_end": -1}}, "FFC_sans_bias141": {"write": {"device_start": -1, "host_queued_start": 1585661422.699639, "device_queued": -1, "device_end": -1, "host_queued_end": 1585661422.747944}, "device": "cpu", "nd_range": {"device_start": 2329199.692402032, "device_end": 2329199.820334408}, "cmdq": 2, "read": {"device_start": -1, "device_end": -1}}, "FFC_sans_bias24": {"write": {"device_start": -1, "host_queued_start": 1585661422.691696, "device_queued": -1, "device_end": -1, "host_queued_end": 1585661422.747944}, "device": "cpu", "nd_range": {"device_start": 2329199.2639261293, "device_end": 2329199.4510418633}, "cmdq": 4, "read": {"device_start": -1, "device_end": -1}}, "FFC_sans_bias25": {"write": {"device_start": -1, "host_queued_start": 1585661422.708833, "device_queued": -1, "device_end": -1, "host_queued_end": 1585661422.747944}, "device": "cpu", "nd_range": {"device_start": 2329199.711832813, "device_end": 2329199.854424082}, "cmdq": 0, "read": {"device_start": -1, "device_end": -1}}, "FFC_sans_bias27": {"write": {"device_start": -1, "host_queued_start": 1585661422.537219, "device_queued": -1, "device_end": -1, "host_queued_end": 1585661422.747944}, "device": "cpu", "nd_range": {"device_start": 2329197.0617751763, "device_end": 2329197.184802764}, "cmdq": 0, "read": {"device_start": -1, "device_end": -1}}, "FFC_sans_bias20": {"write": {"device_start": -1, "host_queued_start": 1585661422.533861, "device_queued": -1, "device_end": -1, "host_queued_end": 1585661422.747944}, "device": "cpu", "nd_range": {"device_start": 2329197.1841627723, "device_end": 2329197.308290164}, "cmdq": 4, "read": {"device_start": -1, "device_end": -1}}, "FFC_sans_bias22": {"write": {"device_start": -1, "host_queued_start": 1585661422.673525, "device_queued": -1, "device_end": -1, "host_queued_end": 1585661422.747944}, "device": "cpu", "nd_range": {"device_start": 2329198.910005657, "device_end": 2329199.0056821643}, "cmdq": 2, "read": {"device_start": -1, "device_end": -1}}, "FFC_sans_bias130": {"write": {"device_start": -1, "host_queued_start": 1585661422.6808, "device_queued": -1, "device_end": -1, "host_queued_end": 1585661422.747944}, "device": "cpu", "nd_range": {"device_start": 2329199.155717894, "device_end": 2329199.2610479454}, "cmdq": 4, "read": {"device_start": -1, "device_end": -1}}, "FFC_sans_bias28": {"write": {"device_start": -1, "host_queued_start": 1585661422.540555, "device_queued": -1, "device_end": -1, "host_queued_end": 1585661422.747944}, "device": "cpu", "nd_range": {"device_start": 2329198.2139565973, "device_end": 2329198.324756251}, "cmdq": 1, "read": {"device_start": -1, "device_end": -1}}, "FFC_sans_bias29": {"write": {"device_start": -1, "host_queued_start": 1585661422.543909, "device_queued": -1, "device_end": -1, "host_queued_end": 1585661422.747944}, "device": "cpu", "nd_range": {"device_start": 2329197.210405651, "device_end": 2329197.333380678}, "cmdq": 2, "read": {"device_start": -1, "device_end": -1}}, "coalesced_transpose66": {"write": {"device_start": -1, "host_queued_start": 1585661422.667031, "device_queued": -1, "device_end": -1, "host_queued_end": 1585661422.747944}, "device": "cpu", "nd_range": {"device_start": 2329198.886022301, "device_end": 2329198.887268245}, "cmdq": 1, "read": {"device_start": -1, "device_end": -1}}, "coalesced_transpose93": {"write": {"device_start": -1, "host_queued_start": 1585661422.668792, "device_queued": -1, "device_end": -1, "host_queued_end": 1585661422.747944}, "device": "cpu", "nd_range": {"device_start": 2329198.277257014, "device_end": 2329198.2781708143}, "cmdq": 4, "read": {"device_start": -1, "device_end": -1}}, "softmax23": {"write": {"device_start": -1, "host_queued_start": 1585661422.683076, "device_queued": -1, "device_end": -1, "host_queued_end": 1585661422.747944}, "device": "cpu", "nd_range": {"device_start": 2329199.170020073, "device_end": 2329199.170766756}, "cmdq": 3, "read": {"device_start": -1, "device_end": -1}}, "empty62": {"write": {"device_start": -1, "host_queued_start": 1585661422.480423, "device_queued": -1, "device_end": -1, "host_queued_end": 1585661422.747944}, "device": "cpu", "nd_range": {"device_start": 2329196.937682786, "device_end": 2329196.937683438}, "cmdq": 1, "read": {"device_start": -1, "device_end": -1}}, "FFC_sans_bias10": {"write": {"device_start": -1, "host_queued_start": 1585661422.520314, "device_queued": -1, "device_end": -1, "host_queued_end": 1585661422.747944}, "device": "cpu", "nd_range": {"device_start": 2329196.9388935543, "device_end": 2329197.0616088803}, "cmdq": 0, "read": {"device_start": -1, "device_end": -1}}, "FFC_sans_bias13": {"write": {"device_start": -1, "host_queued_start": 1585661422.672919, "device_queued": -1, "device_end": -1, "host_queued_end": 1585661422.747944}, "device": "cpu", "nd_range": {"device_start": 2329198.88829672, "device_end": 2329199.0136403684}, "cmdq": 1, "read": {"device_start": -1, "device_end": -1}}, "FFC_sans_bias15": {"write": {"device_start": -1, "host_queued_start": 1585661422.6911, "device_queued": -1, "device_end": -1, "host_queued_end": 1585661422.747944}, "device": "cpu", "nd_range": {"device_start": 2329199.8477205033, "device_end": 2329199.9749297462}, "cmdq": 3, "read": {"device_start": -1, "device_end": -1}}, "FFC_sans_bias16": {"write": {"device_start": -1, "host_queued_start": 1585661422.705859, "device_queued": -1, "device_end": -1, "host_queued_end": 1585661422.747944}, "device": "cpu", "nd_range": {"device_start": 2329200.209190987, "device_end": 2329200.316831654}, "cmdq": 4, "read": {"device_start": -1, "device_end": -1}}, "FFC_sans_bias19": {"write": {"device_start": -1, "host_queued_start": 1585661422.530347, "device_queued": -1, "device_end": -1, "host_queued_end": 1585661422.747944}, "device": "cpu", "nd_range": {"device_start": 2329197.129186909, "device_end": 2329197.390043335}, "cmdq": 3, "read": {"device_start": -1, "device_end": -1}}, "FFC_sans_bias18": {"write": {"device_start": -1, "host_queued_start": 1585661422.527026, "device_queued": -1, "device_end": -1, "host_queued_end": 1585661422.747944}, "device": "cpu", "nd_range": {"device_start": 2329197.0864758743, "device_end": 2329197.210379091}, "cmdq": 2, "read": {"device_start": -1, "device_end": -1}}, "FFC_sans_bias99": {"write": {"device_start": -1, "host_queued_start": 1585661422.617411, "device_queued": -1, "device_end": -1, "host_queued_end": 1585661422.747944}, "device": "cpu", "nd_range": {"device_start": 2329197.9002950913, "device_end": 2329198.023410955}, "cmdq": 4, "read": {"device_start": -1, "device_end": -1}}, "FFC_sans_bias91": {"write": {"device_start": -1, "host_queued_start": 1585661422.610665, "device_queued": -1, "device_end": -1, "host_queued_end": 1585661422.747944}, "device": "cpu", "nd_range": {"device_start": 2329197.7012258642, "device_end": 2329197.832598076}, "cmdq": 2, "read": {"device_start": -1, "device_end": -1}}, "FFC_sans_bias90": {"write": {"device_start": -1, "host_queued_start": 1585661422.607351, "device_queued": -1, "device_end": -1, "host_queued_end": 1585661422.747944}, "device": "cpu", "nd_range": {"device_start": 2329198.584103687, "device_end": 2329198.7240374153}, "cmdq": 1, "read": {"device_start": -1, "device_end": -1}}, "coalesced_transpose12": {"write": {"device_start": -1, "host_queued_start": 1585661422.665015, "device_queued": -1, "device_end": -1, "host_queued_end": 1585661422.747944}, "device": "cpu", "nd_range": {"device_start": 2329198.0750302053, "device_end": 2329198.076183352}, "cmdq": 0, "read": {"device_start": -1, "device_end": -1}}, "FFC_sans_bias94": {"write": {"device_start": -1, "host_queued_start": 1585661422.678327, "device_queued": -1, "device_end": -1, "host_queued_end": 1585661422.747944}, "device": "cpu", "nd_range": {"device_start": 2329198.656260415, "device_end": 2329198.744704516}, "cmdq": 0, "read": {"device_start": -1, "device_end": -1}}, "FFC_sans_bias97": {"write": {"device_start": -1, "host_queued_start": 1585661422.732858, "device_queued": -1, "device_end": -1, "host_queued_end": 1585661422.747944}, "device": "cpu", "nd_range": {"device_start": 2329200.3592103743, "device_end": 2329200.4335102714}, "cmdq": 3, "read": {"device_start": -1, "device_end": -1}}, "FFC_sans_bias96": {"write": {"device_start": -1, "host_queued_start": 1585661422.696507, "device_queued": -1, "device_end": -1, "host_queued_end": 1585661422.747944}, "device": "cpu", "nd_range": {"device_start": 2329199.6240919163, "device_end": 2329199.6921747923}, "cmdq": 2, "read": {"device_start": -1, "device_end": -1}}, "FFC_sans_bias124": {"write": {"device_start": -1, "host_queued_start": 1585661422.741892, "device_queued": -1, "device_end": -1, "host_queued_end": 1585661422.747944}, "device": "cpu", "nd_range": {"device_start": 2329199.854741522, "device_end": 2329199.982521119}, "cmdq": 1, "read": {"device_start": -1, "device_end": -1}}, "FFC_sans_bias126": {"write": {"device_start": -1, "host_queued_start": 1585661422.650973, "device_queued": -1, "device_end": -1, "host_queued_end": 1585661422.747944}, "device": "cpu", "nd_range": {"device_start": 2329198.147208481, "device_end": 2329198.274385351}, "cmdq": 4, "read": {"device_start": -1, "device_end": -1}}, "softmax32": {"write": {"device_start": -1, "host_queued_start": 1585661422.683596, "device_queued": -1, "device_end": -1, "host_queued_end": 1585661422.747944}, "device": "cpu", "nd_range": {"device_start": 2329199.261257037, "device_end": 2329199.2620011712}, "cmdq": 4, "read": {"device_start": -1, "device_end": -1}}, "coalesced_transpose84": {"write": {"device_start": -1, "host_queued_start": 1585661422.668199, "device_queued": -1, "device_end": -1, "host_queued_end": 1585661422.747944}, "device": "cpu", "nd_range": {"device_start": 2329198.560865045, "device_end": 2329198.561840162}, "cmdq": 3, "read": {"device_start": -1, "device_end": -1}}, "FFC_sans_bias121": {"write": {"device_start": -1, "host_queued_start": 1585661422.680209, "device_queued": -1, "device_end": -1, "host_queued_end": 1585661422.747944}, "device": "cpu", "nd_range": {"device_start": 2329198.830079502, "device_end": 2329198.9754075673}, "cmdq": 3, "read": {"device_start": -1, "device_end": -1}}, "empty98": {"write": {"device_start": -1, "host_queued_start": 1585661422.490841, "device_queued": -1, "device_end": -1, "host_queued_end": 1585661422.747944}, "device": "cpu", "nd_range": {"device_start": 2329196.937677281, "device_end": 2329196.937677937}, "cmdq": 0, "read": {"device_start": -1, "device_end": -1}}, "empty107": {"write": {"device_start": -1, "host_queued_start": 1585661422.493427, "device_queued": -1, "device_end": -1, "host_queued_end": 1585661422.747944}, "device": "cpu", "nd_range": {"device_start": 2329196.9376873663, "device_end": 2329196.937688228}, "cmdq": 1, "read": {"device_start": -1, "device_end": -1}}, "empty17": {"write": {"device_start": -1, "host_queued_start": 1585661422.467211, "device_queued": -1, "device_end": -1, "host_queued_end": 1585661422.747944}, "device": "cpu", "nd_range": {"device_start": 2329196.937677143, "device_end": 2329196.9376780624}, "cmdq": 1, "read": {"device_start": -1, "device_end": -1}}, "FFC_sans_bias87": {"write": {"device_start": -1, "host_queued_start": 1585661422.695899, "device_queued": -1, "device_end": -1, "host_queued_end": 1585661422.747944}, "device": "cpu", "nd_range": {"device_start": 2329199.332121171, "device_end": 2329199.503466255}, "cmdq": 1, "read": {"device_start": -1, "device_end": -1}}, "FFC_sans_bias85": {"write": {"device_start": -1, "host_queued_start": 1585661422.677729, "device_queued": -1, "device_end": -1, "host_queued_end": 1585661422.747944}, "device": "cpu", "nd_range": {"device_start": 2329199.027282723, "device_end": 2329199.155472219}, "cmdq": 4, "read": {"device_start": -1, "device_end": -1}}, "FFC_sans_bias82": {"write": {"device_start": -1, "host_queued_start": 1585661422.60067, "device_queued": -1, "device_end": -1, "host_queued_end": 1585661422.747944}, "device": "cpu", "nd_range": {"device_start": 2329197.7468547923, "device_end": 2329197.900105892}, "cmdq": 4, "read": {"device_start": -1, "device_end": -1}}, "FFC_sans_bias83": {"write": {"device_start": -1, "host_queued_start": 1585661422.604018, "device_queued": -1, "device_end": -1, "host_queued_end": 1585661422.747944}, "device": "cpu", "nd_range": {"device_start": 2329197.58348912, "device_end": 2329197.706611174}, "cmdq": 0, "read": {"device_start": -1, "device_end": -1}}, "FFC_sans_bias81": {"write": {"device_start": -1, "host_queued_start": 1585661422.597339, "device_queued": -1, "device_end": -1, "host_queued_end": 1585661422.747944}, "device": "cpu", "nd_range": {"device_start": 2329197.893088784, "device_end": 2329198.022543574}, "cmdq": 3, "read": {"device_start": -1, "device_end": -1}}, "FFC_sans_bias88": {"write": {"device_start": -1, "host_queued_start": 1585661422.729866, "device_queued": -1, "device_end": -1, "host_queued_end": 1585661422.747944}, "device": "cpu", "nd_range": {"device_start": 2329200.062144934, "device_end": 2329200.1409978643}, "cmdq": 2, "read": {"device_start": -1, "device_end": -1}}, "coalesced_transpose30": {"write": {"device_start": -1, "host_queued_start": 1585661422.665681, "device_queued": -1, "device_end": -1, "host_queued_end": 1585661422.747944}, "device": "cpu", "nd_range": {"device_start": 2329198.3258282733, "device_end": 2329198.326971992}, "cmdq": 2, "read": {"device_start": -1, "device_end": -1}}, "FFC_sans_bias128": {"write": {"device_start": -1, "host_queued_start": 1585661422.647562, "device_queued": -1, "device_end": -1, "host_queued_end": 1585661422.747944}, "device": "cpu", "nd_range": {"device_start": 2329198.371802586, "device_end": 2329198.438179322}, "cmdq": 3, "read": {"device_start": -1, "device_end": -1}}, "coalesced_transpose39": {"write": {"device_start": -1, "host_queued_start": 1585661422.666016, "device_queued": -1, "device_end": -1, "host_queued_end": 1585661422.747944}, "device": "cpu", "nd_range": {"device_start": 2329198.559435158, "device_end": 2329198.560683803}, "cmdq": 3, "read": {"device_start": -1, "device_end": -1}}, "FFC_sans_bias79": {"write": {"device_start": -1, "host_queued_start": 1585661422.726897, "device_queued": -1, "device_end": -1, "host_queued_end": 1585661422.747944}, "device": "cpu", "nd_range": {"device_start": 2329199.758958512, "device_end": 2329199.854732952}, "cmdq": 1, "read": {"device_start": -1, "device_end": -1}}, "FFC_sans_bias78": {"write": {"device_start": -1, "host_queued_start": 1585661422.695295, "device_queued": -1, "device_end": -1, "host_queued_end": 1585661422.747944}, "device": "cpu", "nd_range": {"device_start": 2329199.4296735344, "device_end": 2329199.5654529673}, "cmdq": 0, "read": {"device_start": -1, "device_end": -1}}, "FFC_sans_bias73": {"write": {"device_start": -1, "host_queued_start": 1585661422.590631, "device_queued": -1, "device_end": -1, "host_queued_end": 1585661422.747944}, "device": "cpu", "nd_range": {"device_start": 2329198.4715178143, "device_end": 2329198.5838862653}, "cmdq": 1, "read": {"device_start": -1, "device_end": -1}}, "FFC_sans_bias72": {"write": {"device_start": -1, "host_queued_start": 1585661422.587313, "device_queued": -1, "device_end": -1, "host_queued_end": 1585661422.747944}, "device": "cpu", "nd_range": {"device_start": 2329197.461303273, "device_end": 2329197.583477824}, "cmdq": 0, "read": {"device_start": -1, "device_end": -1}}, "FFC_sans_bias70": {"write": {"device_start": -1, "host_queued_start": 1585661422.723882, "device_queued": -1, "device_end": -1, "host_queued_end": 1585661422.747944}, "device": "cpu", "nd_range": {"device_start": 2329199.854433293, "device_end": 2329199.987070604}, "cmdq": 0, "read": {"device_start": -1, "device_end": -1}}, "FFC_sans_bias76": {"write": {"device_start": -1, "host_queued_start": 1585661422.677132, "device_queued": -1, "device_end": -1, "host_queued_end": 1585661422.747944}, "device": "cpu", "nd_range": {"device_start": 2329198.68788542, "device_end": 2329198.789026021}, "cmdq": 3, "read": {"device_start": -1, "device_end": -1}}, "FFC_sans_bias74": {"write": {"device_start": -1, "host_queued_start": 1585661422.593982, "device_queued": -1, "device_end": -1, "host_queued_end": 1585661422.747944}, "device": "cpu", "nd_range": {"device_start": 2329197.5782597964, "device_end": 2329197.7009761883}, "cmdq": 2, "read": {"device_start": -1, "device_end": -1}}, "coalesced_transpose102": {"write": {"device_start": -1, "host_queued_start": 1585661422.669385, "device_queued": -1, "device_end": -1, "host_queued_end": 1585661422.747944}, "device": "cpu", "nd_range": {"device_start": 2329198.481035694, "device_end": 2329198.482022024}, "cmdq": 0, "read": {"device_start": -1, "device_end": -1}}, "coalesced_transpose3": {"write": {"device_start": -1, "host_queued_start": 1585661422.664673, "device_queued": -1, "device_end": -1, "host_queued_end": 1585661422.747944}, "device": "cpu", "nd_range": {"device_start": 2329198.27461835, "device_end": 2329198.275768484}, "cmdq": 4, "read": {"device_start": -1, "device_end": -1}}, "FFC_sans_bias127": {"write": {"device_start": -1, "host_queued_start": 1585661422.654334, "device_queued": -1, "device_end": -1, "host_queued_end": 1585661422.747944}, "device": "cpu", "nd_range": {"device_start": 2329197.9530576323, "device_end": 2329198.075012205}, "cmdq": 0, "read": {"device_start": -1, "device_end": -1}}, "empty89": {"write": {"device_start": -1, "host_queued_start": 1585661422.488252, "device_queued": -1, "device_end": -1, "host_queued_end": 1585661422.747944}, "device": "cpu", "nd_range": {"device_start": 2329196.937689288, "device_end": 2329196.937690277}, "cmdq": 4, "read": {"device_start": -1, "device_end": -1}}, "FFC_sans_bias123": {"write": {"device_start": -1, "host_queued_start": 1585661422.698351, "device_queued": -1, "device_end": -1, "host_queued_end": 1585661422.747944}, "device": "cpu", "nd_range": {"device_start": 2329199.5654782923, "device_end": 2329199.71181078}, "cmdq": 0, "read": {"device_start": -1, "device_end": -1}}, "empty80": {"write": {"device_start": -1, "host_queued_start": 1585661422.485662, "device_queued": -1, "device_end": -1, "host_queued_end": 1585661422.747944}, "device": "cpu", "nd_range": {"device_start": 2329196.937710192, "device_end": 2329196.937711845}, "cmdq": 3, "read": {"device_start": -1, "device_end": -1}}, "empty116": {"write": {"device_start": -1, "host_queued_start": 1585661422.496038, "device_queued": -1, "device_end": -1, "host_queued_end": 1585661422.747944}, "device": "cpu", "nd_range": {"device_start": 2329196.937705608, "device_end": 2329196.937706449}, "cmdq": 2, "read": {"device_start": -1, "device_end": -1}}, "softmax104": {"write": {"device_start": -1, "host_queued_start": 1585661422.687797, "device_queued": -1, "device_end": -1, "host_queued_end": 1585661422.747944}, "device": "cpu", "nd_range": {"device_start": 2329199.390810048, "device_end": 2329199.391556118}, "cmdq": 2, "read": {"device_start": -1, "device_end": -1}}, "coalesced_transpose21": {"write": {"device_start": -1, "host_queued_start": 1585661422.665348, "device_queued": -1, "device_end": -1, "host_queued_end": 1585661422.747944}, "device": "cpu", "nd_range": {"device_start": 2329198.8847567253, "device_end": 2329198.886007098}, "cmdq": 1, "read": {"device_start": -1, "device_end": -1}}, "softmax14": {"write": {"device_start": -1, "host_queued_start": 1585661422.682505, "device_queued": -1, "device_end": -1, "host_queued_end": 1585661422.747944}, "device": "cpu", "nd_range": {"device_start": 2329199.389017581, "device_end": 2329199.389752205}, "cmdq": 2, "read": {"device_start": -1, "device_end": -1}}, "FFC_sans_bias69": {"write": {"device_start": -1, "host_queued_start": 1585661422.694698, "device_queued": -1, "device_end": -1, "host_queued_end": 1585661422.747944}, "device": "cpu", "nd_range": {"device_start": 2329199.451069305, "device_end": 2329199.833835451}, "cmdq": 4, "read": {"device_start": -1, "device_end": -1}}, "FFC_sans_bias92": {"write": {"device_start": -1, "host_queued_start": 1585661422.61403, "device_queued": -1, "device_end": -1, "host_queued_end": 1585661422.747944}, "device": "cpu", "nd_range": {"device_start": 2329198.022566122, "device_end": 2329198.2841913993}, "cmdq": 3, "read": {"device_start": -1, "device_end": -1}}, "FFC_sans_bias60": {"write": {"device_start": -1, "host_queued_start": 1585661422.694078, "device_queued": -1, "device_end": -1, "host_queued_end": 1585661422.747944}, "device": "cpu", "nd_range": {"device_start": 2329199.974950714, "device_end": 2329200.054714064}, "cmdq": 3, "read": {"device_start": -1, "device_end": -1}}, "FFC_sans_bias61": {"write": {"device_start": -1, "host_queued_start": 1585661422.720893, "device_queued": -1, "device_end": -1, "host_queued_end": 1585661422.747944}, "device": "cpu", "nd_range": {"device_start": 2329200.317041134, "device_end": 2329200.4180197814}, "cmdq": 4, "read": {"device_start": -1, "device_end": -1}}, "FFC_sans_bias63": {"write": {"device_start": -1, "host_queued_start": 1585661422.583998, "device_queued": -1, "device_end": -1, "host_queued_end": 1585661422.747944}, "device": "cpu", "nd_range": {"device_start": 2329197.5553577864, "device_end": 2329197.738803132}, "cmdq": 4, "read": {"device_start": -1, "device_end": -1}}, "FFC_sans_bias64": {"write": {"device_start": -1, "host_queued_start": 1585661422.577296, "device_queued": -1, "device_end": -1, "host_queued_end": 1585661422.747944}, "device": "cpu", "nd_range": {"device_start": 2329197.455906929, "device_end": 2329197.578243515}, "cmdq": 2, "read": {"device_start": -1, "device_end": -1}}, "FFC_sans_bias65": {"write": {"device_start": -1, "host_queued_start": 1585661422.580641, "device_queued": -1, "device_end": -1, "host_queued_end": 1585661422.747944}, "device": "cpu", "nd_range": {"device_start": 2329197.7646774813, "device_end": 2329197.893065756}, "cmdq": 3, "read": {"device_start": -1, "device_end": -1}}, "FFC_sans_bias67": {"write": {"device_start": -1, "host_queued_start": 1585661422.676534, "device_queued": -1, "device_end": -1, "host_queued_end": 1585661422.747944}, "device": "cpu", "nd_range": {"device_start": 2329199.00590278, "device_end": 2329199.213056301}, "cmdq": 2, "read": {"device_start": -1, "device_end": -1}}, "coalesced_transpose111": {"write": {"device_start": -1, "host_queued_start": 1585661422.669978, "device_queued": -1, "device_end": -1, "host_queued_end": 1585661422.747944}, "device": "cpu", "nd_range": {"device_start": 2329198.8872792283, "device_end": 2329198.888286665}, "cmdq": 1, "read": {"device_start": -1, "device_end": -1}}, "FFC_sans_bias136": {"write": {"device_start": -1, "host_queued_start": 1585661422.657676, "device_queued": -1, "device_end": -1, "host_queued_end": 1585661422.747944}, "device": "cpu", "nd_range": {"device_start": 2329198.829163227, "device_end": 2329198.88474032}, "cmdq": 1, "read": {"device_start": -1, "device_end": -1}}, "FFC_sans_bias135": {"write": {"device_start": -1, "host_queued_start": 1585661422.664313, "device_queued": -1, "device_end": -1, "host_queued_end": 1585661422.747944}, "device": "cpu", "nd_range": {"device_start": 2329198.438404369, "device_end": 2329198.5591959283}, "cmdq": 3, "read": {"device_start": -1, "device_end": -1}}, "FFC_sans_bias133": {"write": {"device_start": -1, "host_queued_start": 1585661422.744893, "device_queued": -1, "device_end": -1, "host_queued_end": 1585661422.747944}, "device": "cpu", "nd_range": {"device_start": 2329200.141008391, "device_end": 2329200.2070985474}, "cmdq": 2, "read": {"device_start": -1, "device_end": -1}}, "FFC_sans_bias132": {"write": {"device_start": -1, "host_queued_start": 1585661422.698956, "device_queued": -1, "device_end": -1, "host_queued_end": 1585661422.747944}, "device": "cpu", "nd_range": {"device_start": 2329199.5034866063, "device_end": 2329199.6313137193}, "cmdq": 1, "read": {"device_start": -1, "device_end": -1}}, "softmax68": {"write": {"device_start": -1, "host_queued_start": 1585661422.685674, "device_queued": -1, "device_end": -1, "host_queued_end": 1585661422.747944}, "device": "cpu", "nd_range": {"device_start": 2329199.2388941613, "device_end": 2329199.2396328193}, "cmdq": 3, "read": {"device_start": -1, "device_end": -1}}, "softmax131": {"write": {"device_start": -1, "host_queued_start": 1585661422.689375, "device_queued": -1, "device_end": -1, "host_queued_end": 1585661422.747944}, "device": "cpu", "nd_range": {"device_start": 2329199.328105358, "device_end": 2329199.328855019}, "cmdq": 0, "read": {"device_start": -1, "device_end": -1}}, "empty125": {"write": {"device_start": -1, "host_queued_start": 1585661422.49863, "device_queued": -1, "device_end": -1, "host_queued_end": 1585661422.747944}, "device": "cpu", "nd_range": {"device_start": 2329196.9377192743, "device_end": 2329196.93771992}, "cmdq": 3, "read": {"device_start": -1, "device_end": -1}}, "FFC_sans_bias139": {"write": {"device_start": -1, "host_queued_start": 1585661422.681435, "device_queued": -1, "device_end": -1, "host_queued_end": 1585661422.747944}, "device": "cpu", "nd_range": {"device_start": 2329199.021375156, "device_end": 2329199.167991933}, "cmdq": 0, "read": {"device_start": -1, "device_end": -1}}, "empty35": {"write": {"device_start": -1, "host_queued_start": 1585661422.472512, "device_queued": -1, "device_end": -1, "host_queued_end": 1585661422.747944}, "device": "cpu", "nd_range": {"device_start": 2329196.9376893123, "device_end": 2329196.9376938343}, "cmdq": 3, "read": {"device_start": -1, "device_end": -1}}, "softmax86": {"write": {"device_start": -1, "host_queued_start": 1585661422.686737, "device_queued": -1, "device_end": -1, "host_queued_end": 1585661422.747944}, "device": "cpu", "nd_range": {"device_start": 2329199.169140057, "device_end": 2329199.169875977}, "cmdq": 0, "read": {"device_start": -1, "device_end": -1}}, "FFC_sans_bias55": {"write": {"device_start": -1, "host_queued_start": 1585661422.573928, "device_queued": -1, "device_end": -1, "host_queued_end": 1585661422.747944}, "device": "cpu", "nd_range": {"device_start": 2329198.398243774, "device_end": 2329198.4712962443}, "cmdq": 1, "read": {"device_start": -1, "device_end": -1}}, "FFC_sans_bias54": {"write": {"device_start": -1, "host_queued_start": 1585661422.570604, "device_queued": -1, "device_end": -1, "host_queued_end": 1585661422.747944}, "device": "cpu", "nd_range": {"device_start": 2329197.338952862, "device_end": 2329197.461288236}, "cmdq": 0, "read": {"device_start": -1, "device_end": -1}}, "FFC_sans_bias56": {"write": {"device_start": -1, "host_queued_start": 1585661422.567294, "device_queued": -1, "device_end": -1, "host_queued_end": 1585661422.747944}, "device": "cpu", "nd_range": {"device_start": 2329197.432152628, "device_end": 2329197.555140389}, "cmdq": 4, "read": {"device_start": -1, "device_end": -1}}, "FFC_sans_bias51": {"write": {"device_start": -1, "host_queued_start": 1585661422.693473, "device_queued": -1, "device_end": -1, "host_queued_end": 1585661422.747944}, "device": "cpu", "nd_range": {"device_start": 2329199.495831094, "device_end": 2329199.623834154}, "cmdq": 2, "read": {"device_start": -1, "device_end": -1}}, "FFC_sans_bias52": {"write": {"device_start": -1, "host_queued_start": 1585661422.717908, "device_queued": -1, "device_end": -1, "host_queued_end": 1585661422.747944}, "device": "cpu", "nd_range": {"device_start": 2329200.2618378503, "device_end": 2329200.359197406}, "cmdq": 3, "read": {"device_start": -1, "device_end": -1}}, "FFC_sans_bias58": {"write": {"device_start": -1, "host_queued_start": 1585661422.675939, "device_queued": -1, "device_end": -1, "host_queued_end": 1585661422.747944}, "device": "cpu", "nd_range": {"device_start": 2329199.01365217, "device_end": 2329199.1332322313}, "cmdq": 1, "read": {"device_start": -1, "device_end": -1}}, "FFC_sans_bias108": {"write": {"device_start": -1, "host_queued_start": 1585661422.627411, "device_queued": -1, "device_end": -1, "host_queued_end": 1585661422.747944}, "device": "cpu", "nd_range": {"device_start": 2329197.8326133853, "device_end": 2329198.053165861}, "cmdq": 2, "read": {"device_start": -1, "device_end": -1}}, "FFC_sans_bias109": {"write": {"device_start": -1, "host_queued_start": 1585661422.630721, "device_queued": -1, "device_end": -1, "host_queued_end": 1585661422.747944}, "device": "cpu", "nd_range": {"device_start": 2329198.2842058903, "device_end": 2329198.371784729}, "cmdq": 3, "read": {"device_start": -1, "device_end": -1}}, "coalesced_transpose129": {"write": {"device_start": -1, "host_queued_start": 1585661422.671153, "device_queued": -1, "device_end": -1, "host_queued_end": 1585661422.747944}, "device": "cpu", "nd_range": {"device_start": 2329198.561999496, "device_end": 2329198.562996598}, "cmdq": 3, "read": {"device_start": -1, "device_end": -1}}, "FFC_sans_bias103": {"write": {"device_start": -1, "host_queued_start": 1585661422.678933, "device_queued": -1, "device_end": -1, "host_queued_end": 1585661422.747944}, "device": "cpu", "nd_range": {"device_start": 2329199.1334676803, "device_end": 2329199.240755549}, "cmdq": 1, "read": {"device_start": -1, "device_end": -1}}, "FFC_sans_bias100": {"write": {"device_start": -1, "host_queued_start": 1585661422.620748, "device_queued": -1, "device_end": -1, "host_queued_end": 1585661422.747944}, "device": "cpu", "nd_range": {"device_start": 2329197.706828968, "device_end": 2329197.8304399312}, "cmdq": 0, "read": {"device_start": -1, "device_end": -1}}, "FFC_sans_bias101": {"write": {"device_start": -1, "host_queued_start": 1585661422.624082, "device_queued": -1, "device_end": -1, "host_queued_end": 1585661422.747944}, "device": "cpu", "nd_range": {"device_start": 2329198.724054999, "device_end": 2329198.791509762}, "cmdq": 1, "read": {"device_start": -1, "device_end": -1}}, "FFC_sans_bias106": {"write": {"device_start": -1, "host_queued_start": 1585661422.735893, "device_queued": -1, "device_end": -1, "host_queued_end": 1585661422.747944}, "device": "cpu", "nd_range": {"device_start": 2329200.418037952, "device_end": 2329200.487207878}, "cmdq": 4, "read": {"device_start": -1, "device_end": -1}}, "softmax122": {"write": {"device_start": -1, "host_queued_start": 1585661422.688849, "device_queued": -1, "device_end": -1, "host_queued_end": 1585661422.747944}, "device": "cpu", "nd_range": {"device_start": 2329199.2630445673, "device_end": 2329199.263789122}, "cmdq": 4, "read": {"device_start": -1, "device_end": -1}}, "FFC_sans_bias105": {"write": {"device_start": -1, "host_queued_start": 1585661422.697106, "device_queued": -1, "device_end": -1, "host_queued_end": 1585661422.747944}, "device": "cpu", "nd_range": {"device_start": 2329200.054731244, "device_end": 2329200.181051622}, "cmdq": 3, "read": {"device_start": -1, "device_end": -1}}, "softmax95": {"write": {"device_start": -1, "host_queued_start": 1585661422.687266, "device_queued": -1, "device_end": -1, "host_queued_end": 1585661422.747944}, "device": "cpu", "nd_range": {"device_start": 2329199.242307494, "device_end": 2329199.243073361}, "cmdq": 1, "read": {"device_start": -1, "device_end": -1}}, "coalesced_transpose57": {"write": {"device_start": -1, "host_queued_start": 1585661422.666696, "device_queued": -1, "device_end": -1, "host_queued_end": 1585661422.747944}, "device": "cpu", "nd_range": {"device_start": 2329198.479612957, "device_end": 2329198.480824759}, "cmdq": 0, "read": {"device_start": -1, "device_end": -1}}, "empty26": {"write": {"device_start": -1, "host_queued_start": 1585661422.469852, "device_queued": -1, "device_end": -1, "host_queued_end": 1585661422.747944}, "device": "cpu", "nd_range": {"device_start": 2329196.937641532, "device_end": 2329196.937646987}, "cmdq": 2, "read": {"device_start": -1, "device_end": -1}}, "softmax113": {"write": {"device_start": -1, "host_queued_start": 1585661422.688322, "device_queued": -1, "device_end": -1, "host_queued_end": 1585661422.747944}, "device": "cpu", "nd_range": {"device_start": 2329199.8469290123, "device_end": 2329199.847697332}, "cmdq": 3, "read": {"device_start": -1, "device_end": -1}}, "FFC_sans_bias11": {"write": {"device_start": -1, "host_queued_start": 1585661422.523674, "device_queued": -1, "device_end": -1, "host_queued_end": 1585661422.747944}, "device": "cpu", "nd_range": {"device_start": 2329198.076196249, "device_end": 2329198.213931145}, "cmdq": 1, "read": {"device_start": -1, "device_end": -1}}, "FFC_sans_bias42": {"write": {"device_start": -1, "host_queued_start": 1585661422.69288, "device_queued": -1, "device_end": -1, "host_queued_end": 1585661422.747944}, "device": "cpu", "nd_range": {"device_start": 2329199.243839813, "device_end": 2329199.331930771}, "cmdq": 1, "read": {"device_start": -1, "device_end": -1}}, "FFC_sans_bias43": {"write": {"device_start": -1, "host_queued_start": 1585661422.714864, "device_queued": -1, "device_end": -1, "host_queued_end": 1585661422.747944}, "device": "cpu", "nd_range": {"device_start": 2329199.8205899713, "device_end": 2329200.062134831}, "cmdq": 2, "read": {"device_start": -1, "device_end": -1}}, "FFC_sans_bias40": {"write": {"device_start": -1, "host_queued_start": 1585661422.674751, "device_queued": -1, "device_end": -1, "host_queued_end": 1585661422.747944}, "device": "cpu", "nd_range": {"device_start": 2329198.893966137, "device_end": 2329199.027257138}, "cmdq": 4, "read": {"device_start": -1, "device_end": -1}}, "FFC_sans_bias46": {"write": {"device_start": -1, "host_queued_start": 1585661422.560611, "device_queued": -1, "device_end": -1, "host_queued_end": 1585661422.747944}, "device": "cpu", "nd_range": {"device_start": 2329197.333399365, "device_end": 2329197.455888572}, "cmdq": 2, "read": {"device_start": -1, "device_end": -1}}, "FFC_sans_bias47": {"write": {"device_start": -1, "host_queued_start": 1585661422.563959, "device_queued": -1, "device_end": -1, "host_queued_end": 1585661422.747944}, "device": "cpu", "nd_range": {"device_start": 2329197.633576701, "device_end": 2329197.764446629}, "cmdq": 3, "read": {"device_start": -1, "device_end": -1}}, "FFC_sans_bias45": {"write": {"device_start": -1, "host_queued_start": 1585661422.557278, "device_queued": -1, "device_end": -1, "host_queued_end": 1585661422.747944}, "device": "cpu", "nd_range": {"device_start": 2329198.324782546, "device_end": 2329198.398033948}, "cmdq": 1, "read": {"device_start": -1, "device_end": -1}}, "FFC_sans_bias49": {"write": {"device_start": -1, "host_queued_start": 1585661422.675345, "device_queued": -1, "device_end": -1, "host_queued_end": 1585661422.747944}, "device": "cpu", "nd_range": {"device_start": 2329198.5681039, "device_end": 2329198.656031345}, "cmdq": 0, "read": {"device_start": -1, "device_end": -1}}, "softmax77": {"write": {"device_start": -1, "host_queued_start": 1585661422.686191, "device_queued": -1, "device_end": -1, "host_queued_end": 1585661422.747944}, "device": "cpu", "nd_range": {"device_start": 2329199.262168556, "device_end": 2329199.2629055893}, "cmdq": 4, "read": {"device_start": -1, "device_end": -1}}, "empty134": {"write": {"device_start": -1, "host_queued_start": 1585661422.501544, "device_queued": -1, "device_end": -1, "host_queued_end": 1585661422.747944}, "device": "cpu", "nd_range": {"device_start": 2329196.937694916, "device_end": 2329196.9376955163}, "cmdq": 4, "read": {"device_start": -1, "device_end": -1}}, "coalesced_transpose138": {"write": {"device_start": -1, "host_queued_start": 1585661422.671733, "device_queued": -1, "device_end": -1, "host_queued_end": 1585661422.747944}, "device": "cpu", "nd_range": {"device_start": 2329198.8929716153, "device_end": 2329198.893943992}, "cmdq": 4, "read": {"device_start": -1, "device_end": -1}}, "FFC_sans_bias119": {"write": {"device_start": -1, "host_queued_start": 1585661422.64414, "device_queued": -1, "device_end": -1, "host_queued_end": 1585661422.747944}, "device": "cpu", "nd_range": {"device_start": 2329198.053185771, "device_end": 2329198.175954048}, "cmdq": 2, "read": {"device_start": -1, "device_end": -1}}, "FFC_sans_bias118": {"write": {"device_start": -1, "host_queued_start": 1585661422.6408, "device_queued": -1, "device_end": -1, "host_queued_end": 1585661422.747944}, "device": "cpu", "nd_range": {"device_start": 2329198.791519082, "device_end": 2329198.82914884}, "cmdq": 1, "read": {"device_start": -1, "device_end": -1}}, "empty143": {"write": {"device_start": -1, "host_queued_start": 1585661422.504152, "device_queued": -1, "device_end": -1, "host_queued_end": 1585661422.747944}, "device": "cpu", "nd_range": {"device_start": 2329196.9377002832, "device_end": 2329196.937700977}, "cmdq": 0, "read": {"device_start": -1, "device_end": -1}}, "FFC_sans_bias115": {"write": {"device_start": -1, "host_queued_start": 1585661422.738886, "device_queued": -1, "device_end": -1, "host_queued_end": 1585661422.747944}, "device": "cpu", "nd_range": {"device_start": 2329200.25752882, "device_end": 2329200.3497369452}, "cmdq": 0, "read": {"device_start": -1, "device_end": -1}}, "FFC_sans_bias114": {"write": {"device_start": -1, "host_queued_start": 1585661422.697759, "device_queued": -1, "device_end": -1, "host_queued_end": 1585661422.747944}, "device": "cpu", "nd_range": {"device_start": 2329199.98707778, "device_end": 2329200.209146227}, "cmdq": 4, "read": {"device_start": -1, "device_end": -1}}, "FFC_sans_bias117": {"write": {"device_start": -1, "host_queued_start": 1585661422.637445, "device_queued": -1, "device_end": -1, "host_queued_end": 1585661422.747944}, "device": "cpu", "nd_range": {"device_start": 2329197.830464579, "device_end": 2329197.953040745}, "cmdq": 0, "read": {"device_start": -1, "device_end": -1}}, "softmax5": {"write": {"device_start": -1, "host_queued_start": 1585661422.681967, "device_queued": -1, "device_end": -1, "host_queued_end": 1585661422.747944}, "device": "cpu", "nd_range": {"device_start": 2329199.240772872, "device_end": 2329199.2415187513}, "cmdq": 1, "read": {"device_start": -1, "device_end": -1}}, "FFC_sans_bias110": {"write": {"device_start": -1, "host_queued_start": 1585661422.634085, "device_queued": -1, "device_end": -1, "host_queued_end": 1585661422.747944}, "device": "cpu", "nd_range": {"device_start": 2329198.023542401, "device_end": 2329198.146989928}, "cmdq": 4, "read": {"device_start": -1, "device_end": -1}}, "FFC_sans_bias112": {"write": {"device_start": -1, "host_queued_start": 1585661422.679611, "device_queued": -1, "device_end": -1, "host_queued_end": 1585661422.747944}, "device": "cpu", "nd_range": {"device_start": 2329199.2195250043, "device_end": 2329199.388788259}, "cmdq": 2, "read": {"device_start": -1, "device_end": -1}}, "empty53": {"write": {"device_start": -1, "host_queued_start": 1585661422.477818, "device_queued": -1, "device_end": -1, "host_queued_end": 1585661422.747944}, "device": "cpu", "nd_range": {"device_start": 2329196.9376692562, "device_end": 2329196.937670457}, "cmdq": 0, "read": {"device_start": -1, "device_end": -1}}, "coalesced_transpose48": {"write": {"device_start": -1, "host_queued_start": 1585661422.666349, "device_queued": -1, "device_end": -1, "host_queued_end": 1585661422.747944}, "device": "cpu", "nd_range": {"device_start": 2329198.275949289, "device_end": 2329198.277101405}, "cmdq": 4, "read": {"device_start": -1, "device_end": -1}}}