{"FFC_sans_bias4": {"write": {"device_start": -1, "host_queued_start": 1585660481.697294, "device_queued": -1, "device_end": -1, "host_queued_end": 1585660481.744305}, "device": "cpu", "nd_range": {"device_start": 2328257.035565035, "device_end": 2328257.159322158}, "cmdq": 2, "read": {"device_start": -1, "device_end": -1}}, "FFC_sans_bias7": {"write": {"device_start": -1, "host_queued_start": 1585660481.717423, "device_queued": -1, "device_end": -1, "host_queued_end": 1585660481.744305}, "device": "cpu", "nd_range": {"device_start": 2328257.644627232, "device_end": 2328257.70880878}, "cmdq": 0, "read": {"device_start": -1, "device_end": -1}}, "FFC_sans_bias6": {"write": {"device_start": -1, "host_queued_start": 1585660481.708733, "device_queued": -1, "device_end": -1, "host_queued_end": 1585660481.744305}, "device": "cpu", "nd_range": {"device_start": 2328257.460125943, "device_end": 2328257.629458017}, "cmdq": 2, "read": {"device_start": -1, "device_end": -1}}, "FFC_sans_bias1": {"write": {"device_start": -1, "host_queued_start": 1585660481.59614, "device_queued": -1, "device_end": -1, "host_queued_end": 1585660481.744305}, "device": "cpu", "nd_range": {"device_start": 2328255.934825396, "device_end": 2328256.0642469563}, "cmdq": 3, "read": {"device_start": -1, "device_end": -1}}, "FFC_sans_bias0": {"write": {"device_start": -1, "host_queued_start": 1585660481.592532, "device_queued": -1, "device_end": -1, "host_queued_end": 1585660481.744305}, "device": "cpu", "nd_range": {"device_start": 2328255.934000202, "device_end": 2328256.057560582}, "cmdq": 2, "read": {"device_start": -1, "device_end": -1}}, "FFC_sans_bias2": {"write": {"device_start": -1, "host_queued_start": 1585660481.599801, "device_queued": -1, "device_end": -1, "host_queued_end": 1585660481.744305}, "device": "cpu", "nd_range": {"device_start": 2328255.93396507, "device_end": 2328256.1678630733}, "cmdq": 0, "read": {"device_start": -1, "device_end": -1}}, "coalesced_transpose120": {"write": {"device_start": -1, "host_queued_start": 1585660481.534402, "device_queued": -1, "device_end": -1, "host_queued_end": 1585660481.560422}, "device": "gpu", "nd_range": {"device_start": 1585660414.1733148, "device_end": 1585660414.1733336}, "cmdq": 0, "read": {"device_start": -1, "device_end": -1}}, "FFC_sans_bias9": {"write": {"device_start": -1, "host_queued_start": 1585660481.603391, "device_queued": -1, "device_end": -1, "host_queued_end": 1585660481.744305}, "device": "cpu", "nd_range": {"device_start": 2328255.9349752543, "device_end": 2328256.058609947}, "cmdq": 1, "read": {"device_start": -1, "device_end": -1}}, "empty71": {"write": {"device_start": -1, "host_queued_start": 1585660481.584381, "device_queued": -1, "device_end": -1, "host_queued_end": 1585660481.744305}, "device": "cpu", "nd_range": {"device_start": 2328255.934819083, "device_end": 2328255.934820177}, "cmdq": 3, "read": {"device_start": -1, "device_end": -1}}, "softmax41": {"write": {"device_start": -1, "host_queued_start": 1585660481.705514, "device_queued": -1, "device_end": -1, "host_queued_end": 1585660481.744305}, "device": "cpu", "nd_range": {"device_start": 2328257.344274437, "device_end": 2328257.345002626}, "cmdq": 0, "read": {"device_start": -1, "device_end": -1}}, "FFC_sans_bias37": {"write": {"device_start": -1, "host_queued_start": 1585660481.6384, "device_queued": -1, "device_end": -1, "host_queued_end": 1585660481.744305}, "device": "cpu", "nd_range": {"device_start": 2328256.324560198, "device_end": 2328256.453144148}, "cmdq": 3, "read": {"device_start": -1, "device_end": -1}}, "FFC_sans_bias36": {"write": {"device_start": -1, "host_queued_start": 1585660481.635035, "device_queued": -1, "device_end": -1, "host_queued_end": 1585660481.744305}, "device": "cpu", "nd_range": {"device_start": 2328256.409971334, "device_end": 2328256.594650666}, "cmdq": 2, "read": {"device_start": -1, "device_end": -1}}, "FFC_sans_bias34": {"write": {"device_start": -1, "host_queued_start": 1585660481.726377, "device_queued": -1, "device_end": -1, "host_queued_end": 1585660481.744305}, "device": "cpu", "nd_range": {"device_start": 2328257.721860125, "device_end": 2328257.8205214622}, "cmdq": 3, "read": {"device_start": -1, "device_end": -1}}, "FFC_sans_bias33": {"write": {"device_start": -1, "host_queued_start": 1585660481.710564, "device_queued": -1, "device_end": -1, "host_queued_end": 1585660481.744305}, "device": "cpu", "nd_range": {"device_start": 2328257.381383568, "device_end": 2328257.56956534}, "cmdq": 1, "read": {"device_start": -1, "device_end": -1}}, "FFC_sans_bias31": {"write": {"device_start": -1, "host_queued_start": 1585660481.699252, "device_queued": -1, "device_end": -1, "host_queued_end": 1585660481.744305}, "device": "cpu", "nd_range": {"device_start": 2328257.039170103, "device_end": 2328257.1626787903}, "cmdq": 1, "read": {"device_start": -1, "device_end": -1}}, "FFC_sans_bias38": {"write": {"device_start": -1, "host_queued_start": 1585660481.641737, "device_queued": -1, "device_end": -1, "host_queued_end": 1585660481.744305}, "device": "cpu", "nd_range": {"device_start": 2328256.427396741, "device_end": 2328256.5503436862}, "cmdq": 0, "read": {"device_start": -1, "device_end": -1}}, "coalesced_transpose75": {"write": {"device_start": -1, "host_queued_start": 1585660481.696117, "device_queued": -1, "device_end": -1, "host_queued_end": 1585660481.744305}, "device": "cpu", "nd_range": {"device_start": 2328256.949330111, "device_end": 2328256.950253914}, "cmdq": 0, "read": {"device_start": -1, "device_end": -1}}, "softmax140": {"write": {"device_start": -1, "host_queued_start": 1585660481.538455, "device_queued": -1, "device_end": -1, "host_queued_end": 1585660481.560422}, "device": "gpu", "nd_range": {"device_start": 1585660414.1955662, "device_end": 1585660414.1959875}, "cmdq": 0, "read": {"device_start": -1, "device_end": -1}}, "empty44": {"write": {"device_start": -1, "host_queued_start": 1585660481.576234, "device_queued": -1, "device_end": -1, "host_queued_end": 1585660481.744305}, "device": "cpu", "nd_range": {"device_start": 2328255.93395079, "device_end": 2328255.933952656}, "cmdq": 0, "read": {"device_start": -1, "device_end": -1}}, "FFC_sans_bias137": {"write": {"device_start": 1585660414.1659575, "host_queued_start": 1585660481.5297, "device_queued": 1585660414.108696, "device_end": 1585660414.1660688, "host_queued_end": 1585660481.560422}, "device": "gpu", "nd_range": {"device_start": 1585660414.1660714, "device_end": 1585660414.169424}, "cmdq": 0, "read": {"device_start": -1, "device_end": -1}}, "empty8": {"write": {"device_start": -1, "host_queued_start": 1585660481.564705, "device_queued": -1, "device_end": -1, "host_queued_end": 1585660481.744305}, "device": "cpu", "nd_range": {"device_start": 2328255.933918863, "device_end": 2328255.933928741}, "cmdq": 0, "read": {"device_start": -1, "device_end": -1}}, "softmax50": {"write": {"device_start": -1, "host_queued_start": 1585660481.70604, "device_queued": -1, "device_end": -1, "host_queued_end": 1585660481.744305}, "device": "cpu", "nd_range": {"device_start": 2328257.316775013, "device_end": 2328257.317503619}, "cmdq": 1, "read": {"device_start": -1, "device_end": -1}}, "softmax59": {"write": {"device_start": -1, "host_queued_start": 1585660481.706567, "device_queued": -1, "device_end": -1, "host_queued_end": 1585660481.744305}, "device": "cpu", "nd_range": {"device_start": 2328257.381797608, "device_end": 2328257.459960612}, "cmdq": 2, "read": {"device_start": -1, "device_end": -1}}, "FFC_sans_bias142": {"write": {"device_start": 1585660414.2372544, "host_queued_start": 1585660481.560298, "device_queued": 1585660414.1133146, "device_end": 1585660414.2373652, "host_queued_end": 1585660481.560422}, "device": "gpu", "nd_range": {"device_start": 1585660414.2373707, "device_end": 1585660414.240679}, "cmdq": 0, "read": {"device_start": 1585660414.2406814, "device_end": 1585660414.2407925}}, "FFC_sans_bias141": {"write": {"device_start": -1, "host_queued_start": 1585660481.540362, "device_queued": -1, "device_end": -1, "host_queued_end": 1585660481.560422}, "device": "gpu", "nd_range": {"device_start": 1585660414.21275, "device_end": 1585660414.2160938}, "cmdq": 0, "read": {"device_start": -1, "device_end": -1}}, "FFC_sans_bias24": {"write": {"device_start": -1, "host_queued_start": 1585660481.709974, "device_queued": -1, "device_end": -1, "host_queued_end": 1585660481.744305}, "device": "cpu", "nd_range": {"device_start": 2328257.3822296, "device_end": 2328257.45950819}, "cmdq": 0, "read": {"device_start": -1, "device_end": -1}}, "FFC_sans_bias25": {"write": {"device_start": -1, "host_queued_start": 1585660481.723366, "device_queued": -1, "device_end": -1, "host_queued_end": 1585660481.744305}, "device": "cpu", "nd_range": {"device_start": 2328257.914470041, "device_end": 2328258.021676992}, "cmdq": 2, "read": {"device_start": -1, "device_end": -1}}, "FFC_sans_bias27": {"write": {"device_start": -1, "host_queued_start": 1585660481.624645, "device_queued": -1, "device_end": -1, "host_queued_end": 1585660481.744305}, "device": "cpu", "nd_range": {"device_start": 2328256.195874839, "device_end": 2328256.324356811}, "cmdq": 3, "read": {"device_start": -1, "device_end": -1}}, "FFC_sans_bias20": {"write": {"device_start": -1, "host_queued_start": 1585660481.621128, "device_queued": -1, "device_end": -1, "host_queued_end": 1585660481.744305}, "device": "cpu", "nd_range": {"device_start": 2328256.18110474, "device_end": 2328256.409947772}, "cmdq": 2, "read": {"device_start": -1, "device_end": -1}}, "FFC_sans_bias22": {"write": {"device_start": -1, "host_queued_start": 1585660481.69849, "device_queued": -1, "device_end": -1, "host_queued_end": 1585660481.744305}, "device": "cpu", "nd_range": {"device_start": 2328257.036241921, "device_end": 2328257.160252007}, "cmdq": 0, "read": {"device_start": -1, "device_end": -1}}, "FFC_sans_bias130": {"write": {"device_start": -1, "host_queued_start": 1585660481.536631, "device_queued": -1, "device_end": -1, "host_queued_end": 1585660481.560422}, "device": "gpu", "nd_range": {"device_start": 1585660414.1867542, "device_end": 1585660414.1901007}, "cmdq": 0, "read": {"device_start": -1, "device_end": -1}}, "FFC_sans_bias28": {"write": {"device_start": -1, "host_queued_start": 1585660481.628264, "device_queued": -1, "device_end": -1, "host_queued_end": 1585660481.744305}, "device": "cpu", "nd_range": {"device_start": 2328256.3043935914, "device_end": 2328256.4273782563}, "cmdq": 0, "read": {"device_start": -1, "device_end": -1}}, "FFC_sans_bias29": {"write": {"device_start": -1, "host_queued_start": 1585660481.631593, "device_queued": -1, "device_end": -1, "host_queued_end": 1585660481.744305}, "device": "cpu", "nd_range": {"device_start": 2328256.181948785, "device_end": 2328256.3353759223}, "cmdq": 1, "read": {"device_start": -1, "device_end": -1}}, "coalesced_transpose66": {"write": {"device_start": -1, "host_queued_start": 1585660481.695539, "device_queued": -1, "device_end": -1, "host_queued_end": 1585660481.744305}, "device": "cpu", "nd_range": {"device_start": 2328256.9883109303, "device_end": 2328256.9891520143}, "cmdq": 3, "read": {"device_start": -1, "device_end": -1}}, "coalesced_transpose93": {"write": {"device_start": -1, "host_queued_start": 1585660481.533329, "device_queued": -1, "device_end": -1, "host_queued_end": 1585660481.560422}, "device": "gpu", "nd_range": {"device_start": 1585660414.173257, "device_end": 1585660414.1732755}, "cmdq": 0, "read": {"device_start": -1, "device_end": -1}}, "softmax23": {"write": {"device_start": -1, "host_queued_start": 1585660481.70445, "device_queued": -1, "device_end": -1, "host_queued_end": 1585660481.744305}, "device": "cpu", "nd_range": {"device_start": 2328257.3806955013, "device_end": 2328257.381779068}, "cmdq": 2, "read": {"device_start": -1, "device_end": -1}}, "empty62": {"write": {"device_start": -1, "host_queued_start": 1585660481.581669, "device_queued": -1, "device_end": -1, "host_queued_end": 1585660481.744305}, "device": "cpu", "nd_range": {"device_start": 2328255.9339913363, "device_end": 2328255.9339924604}, "cmdq": 2, "read": {"device_start": -1, "device_end": -1}}, "FFC_sans_bias10": {"write": {"device_start": -1, "host_queued_start": 1585660481.60699, "device_queued": -1, "device_end": -1, "host_queued_end": 1585660481.744305}, "device": "cpu", "nd_range": {"device_start": 2328256.0575880213, "device_end": 2328256.1810822003}, "cmdq": 2, "read": {"device_start": -1, "device_end": -1}}, "FFC_sans_bias13": {"write": {"device_start": -1, "host_queued_start": 1585660481.697894, "device_queued": -1, "device_end": -1, "host_queued_end": 1585660481.744305}, "device": "cpu", "nd_range": {"device_start": 2328256.9901604992, "device_end": 2328257.1189152063}, "cmdq": 3, "read": {"device_start": -1, "device_end": -1}}, "FFC_sans_bias15": {"write": {"device_start": -1, "host_queued_start": 1585660481.70933, "device_queued": -1, "device_end": -1, "host_queued_end": 1585660481.744305}, "device": "cpu", "nd_range": {"device_start": 2328257.382301854, "device_end": 2328257.5102463313}, "cmdq": 3, "read": {"device_start": -1, "device_end": -1}}, "FFC_sans_bias16": {"write": {"device_start": -1, "host_queued_start": 1585660481.720389, "device_queued": -1, "device_end": -1, "host_queued_end": 1585660481.744305}, "device": "cpu", "nd_range": {"device_start": 2328257.711655355, "device_end": 2328257.832313625}, "cmdq": 1, "read": {"device_start": -1, "device_end": -1}}, "FFC_sans_bias19": {"write": {"device_start": -1, "host_queued_start": 1585660481.617617, "device_queued": -1, "device_end": -1, "host_queued_end": 1585660481.744305}, "device": "cpu", "nd_range": {"device_start": 2328256.0587969213, "device_end": 2328256.181933735}, "cmdq": 1, "read": {"device_start": -1, "device_end": -1}}, "FFC_sans_bias18": {"write": {"device_start": -1, "host_queued_start": 1585660481.614157, "device_queued": -1, "device_end": -1, "host_queued_end": 1585660481.744305}, "device": "cpu", "nd_range": {"device_start": 2328256.1678872593, "device_end": 2328256.304370981}, "cmdq": 0, "read": {"device_start": -1, "device_end": -1}}, "FFC_sans_bias99": {"write": {"device_start": 1585660414.1169662, "host_queued_start": 1585660481.486557, "device_queued": 1585660414.105625, "device_end": 1585660414.1170616, "host_queued_end": 1585660481.560422}, "device": "gpu", "nd_range": {"device_start": 1585660414.1170654, "device_end": 1585660414.1204112}, "cmdq": 0, "read": {"device_start": -1, "device_end": -1}}, "FFC_sans_bias91": {"write": {"device_start": 1585660414.1094818, "host_queued_start": 1585660481.479802, "device_queued": 1585660414.104858, "device_end": 1585660414.1095803, "host_queued_end": 1585660481.560422}, "device": "gpu", "nd_range": {"device_start": 1585660414.1095898, "device_end": 1585660414.112914}, "cmdq": 0, "read": {"device_start": -1, "device_end": -1}}, "FFC_sans_bias90": {"write": {"device_start": 1585660414.1057413, "host_queued_start": 1585660481.476491, "device_queued": 1585660414.104448, "device_end": 1585660414.1058338, "host_queued_end": 1585660481.560422}, "device": "gpu", "nd_range": {"device_start": 1585660414.1058364, "device_end": 1585660414.1091833}, "cmdq": 0, "read": {"device_start": -1, "device_end": -1}}, "coalesced_transpose12": {"write": {"device_start": -1, "host_queued_start": 1585660481.691806, "device_queued": -1, "device_end": -1, "host_queued_end": 1585660481.744305}, "device": "cpu", "nd_range": {"device_start": 2328256.9093322423, "device_end": 2328256.910306192}, "cmdq": 1, "read": {"device_start": -1, "device_end": -1}}, "FFC_sans_bias94": {"write": {"device_start": -1, "host_queued_start": 1585660481.53535, "device_queued": -1, "device_end": -1, "host_queued_end": 1585660481.560422}, "device": "gpu", "nd_range": {"device_start": 1585660414.1733735, "device_end": 1585660414.1767166}, "cmdq": 0, "read": {"device_start": -1, "device_end": -1}}, "FFC_sans_bias97": {"write": {"device_start": 1585660414.2164652, "host_queued_start": 1585660481.543609, "device_queued": 1585660414.1118515, "device_end": 1585660414.216563, "host_queued_end": 1585660481.560422}, "device": "gpu", "nd_range": {"device_start": 1585660414.2165747, "device_end": 1585660414.2198992}, "cmdq": 0, "read": {"device_start": 1585660414.219908, "device_end": 1585660414.2199996}}, "FFC_sans_bias96": {"write": {"device_start": -1, "host_queued_start": 1585660481.538773, "device_queued": -1, "device_end": -1, "host_queued_end": 1585660481.560422}, "device": "gpu", "nd_range": {"device_start": 1585660414.1959887, "device_end": 1585660414.1993504}, "cmdq": 0, "read": {"device_start": -1, "device_end": -1}}, "FFC_sans_bias124": {"write": {"device_start": 1585660414.2288408, "host_queued_start": 1585660481.55369, "device_queued": 1585660414.112656, "device_end": 1585660414.2289937, "host_queued_end": 1585660481.560422}, "device": "gpu", "nd_range": {"device_start": 1585660414.2289996, "device_end": 1585660414.2323163}, "cmdq": 0, "read": {"device_start": 1585660414.2323256, "device_end": 1585660414.2324207}}, "FFC_sans_bias126": {"write": {"device_start": 1585660414.154626, "host_queued_start": 1585660481.519687, "device_queued": 1585660414.1079888, "device_end": 1585660414.15472, "host_queued_end": 1585660481.560422}, "device": "gpu", "nd_range": {"device_start": 1585660414.154723, "device_end": 1585660414.1580713}, "cmdq": 0, "read": {"device_start": -1, "device_end": -1}}, "softmax32": {"write": {"device_start": -1, "host_queued_start": 1585660481.704986, "device_queued": -1, "device_end": -1, "host_queued_end": 1585660481.744305}, "device": "cpu", "nd_range": {"device_start": 2328257.3801814783, "device_end": 2328257.381323018}, "cmdq": 3, "read": {"device_start": -1, "device_end": -1}}, "coalesced_transpose84": {"write": {"device_start": -1, "host_queued_start": 1585660481.696696, "device_queued": -1, "device_end": -1, "host_queued_end": 1585660481.744305}, "device": "cpu", "nd_range": {"device_start": 2328257.038093077, "device_end": 2328257.038952473}, "cmdq": 1, "read": {"device_start": -1, "device_end": -1}}, "FFC_sans_bias121": {"write": {"device_start": -1, "host_queued_start": 1585660481.536312, "device_queued": -1, "device_end": -1, "host_queued_end": 1585660481.560422}, "device": "gpu", "nd_range": {"device_start": 1585660414.1834018, "device_end": 1585660414.1867528}, "cmdq": 0, "read": {"device_start": -1, "device_end": -1}}, "empty98": {"write": {"device_start": 1585660414.103339, "host_queued_start": 1585660481.459536, "device_queued": 1585660414.1030042, "device_end": 1585660414.103436, "host_queued_end": 1585660481.560422}, "device": "gpu", "nd_range": {"device_start": 1585660414.1034389, "device_end": 1585660414.1034436}, "cmdq": 0, "read": {"device_start": -1, "device_end": -1}}, "empty107": {"write": {"device_start": 1585660414.1037455, "host_queued_start": 1585660481.462946, "device_queued": 1585660414.103451, "device_end": 1585660414.1038408, "host_queued_end": 1585660481.560422}, "device": "gpu", "nd_range": {"device_start": 1585660414.1038437, "device_end": 1585660414.103847}, "cmdq": 0, "read": {"device_start": -1, "device_end": -1}}, "empty17": {"write": {"device_start": -1, "host_queued_start": 1585660481.567853, "device_queued": -1, "device_end": -1, "host_queued_end": 1585660481.744305}, "device": "cpu", "nd_range": {"device_start": 2328255.934642359, "device_end": 2328255.9346471312}, "cmdq": 1, "read": {"device_start": -1, "device_end": -1}}, "FFC_sans_bias87": {"write": {"device_start": -1, "host_queued_start": 1585660481.714139, "device_queued": -1, "device_end": -1, "host_queued_end": 1585660481.744305}, "device": "cpu", "nd_range": {"device_start": 2328257.587799584, "device_end": 2328257.721642903}, "cmdq": 3, "read": {"device_start": -1, "device_end": -1}}, "FFC_sans_bias85": {"write": {"device_start": -1, "host_queued_start": 1585660481.70288, "device_queued": -1, "device_end": -1, "host_queued_end": 1585660481.744305}, "device": "cpu", "nd_range": {"device_start": 2328257.289571965, "device_end": 2328257.379963322}, "cmdq": 3, "read": {"device_start": -1, "device_end": -1}}, "FFC_sans_bias82": {"write": {"device_start": -1, "host_queued_start": 1585660481.687428, "device_queued": -1, "device_end": -1, "host_queued_end": 1585660481.744305}, "device": "cpu", "nd_range": {"device_start": 2328256.966358852, "device_end": 2328257.033343016}, "cmdq": 2, "read": {"device_start": -1, "device_end": -1}}, "FFC_sans_bias83": {"write": {"device_start": -1, "host_queued_start": 1585660481.690542, "device_queued": -1, "device_end": -1, "host_queued_end": 1585660481.744305}, "device": "cpu", "nd_range": {"device_start": 2328256.899954312, "device_end": 2328256.984541361}, "cmdq": 3, "read": {"device_start": -1, "device_end": -1}}, "FFC_sans_bias81": {"write": {"device_start": -1, "host_queued_start": 1585660481.683953, "device_queued": -1, "device_end": -1, "host_queued_end": 1585660481.744305}, "device": "cpu", "nd_range": {"device_start": 2328256.753950737, "device_end": 2328256.909315324}, "cmdq": 1, "read": {"device_start": -1, "device_end": -1}}, "FFC_sans_bias88": {"write": {"device_start": -1, "host_queued_start": 1585660481.744252, "device_queued": -1, "device_end": -1, "host_queued_end": 1585660481.744305}, "device": "cpu", "nd_range": {"device_start": 2328258.0216863733, "device_end": 2328258.103907998}, "cmdq": 1, "read": {"device_start": -1, "device_end": -1}}, "coalesced_transpose30": {"write": {"device_start": -1, "host_queued_start": 1585660481.692965, "device_queued": -1, "device_end": -1, "host_queued_end": 1585660481.744305}, "device": "cpu", "nd_range": {"device_start": 2328256.9845585073, "device_end": 2328256.9854234103}, "cmdq": 3, "read": {"device_start": -1, "device_end": -1}}, "FFC_sans_bias128": {"write": {"device_start": 1585660414.1508617, "host_queued_start": 1585660481.5164, "device_queued": 1585660414.1077657, "device_end": 1585660414.1509562, "host_queued_end": 1585660481.560422}, "device": "gpu", "nd_range": {"device_start": 1585660414.1509585, "device_end": 1585660414.1543095}, "cmdq": 0, "read": {"device_start": -1, "device_end": -1}}, "coalesced_transpose39": {"write": {"device_start": -1, "host_queued_start": 1585660481.693539, "device_queued": -1, "device_end": -1, "host_queued_end": 1585660481.744305}, "device": "cpu", "nd_range": {"device_start": 2328256.9482256803, "device_end": 2328256.949173997}, "cmdq": 0, "read": {"device_start": -1, "device_end": -1}}, "FFC_sans_bias79": {"write": {"device_start": -1, "host_queued_start": 1585660481.741294, "device_queued": -1, "device_end": -1, "host_queued_end": 1585660481.744305}, "device": "cpu", "nd_range": {"device_start": 2328257.919903619, "device_end": 2328258.013814471}, "cmdq": 0, "read": {"device_start": -1, "device_end": -1}}, "FFC_sans_bias78": {"write": {"device_start": -1, "host_queued_start": 1585660481.71354, "device_queued": -1, "device_end": -1, "host_queued_end": 1585660481.744305}, "device": "cpu", "nd_range": {"device_start": 2328257.78737107, "device_end": 2328257.9142407053}, "cmdq": 2, "read": {"device_start": -1, "device_end": -1}}, "FFC_sans_bias73": {"write": {"device_start": -1, "host_queued_start": 1585660481.677339, "device_queued": -1, "device_end": -1, "host_queued_end": 1585660481.744305}, "device": "cpu", "nd_range": {"device_start": 2328256.769687702, "device_end": 2328256.899712467}, "cmdq": 3, "read": {"device_start": -1, "device_end": -1}}, "FFC_sans_bias72": {"write": {"device_start": -1, "host_queued_start": 1585660481.674107, "device_queued": -1, "device_end": -1, "host_queued_end": 1585660481.744305}, "device": "cpu", "nd_range": {"device_start": 2328256.841479748, "device_end": 2328256.966167266}, "cmdq": 2, "read": {"device_start": -1, "device_end": -1}}, "FFC_sans_bias70": {"write": {"device_start": -1, "host_queued_start": 1585660481.738295, "device_queued": -1, "device_end": -1, "host_queued_end": 1585660481.744305}, "device": "cpu", "nd_range": {"device_start": 2328257.820535885, "device_end": 2328257.950419479}, "cmdq": 3, "read": {"device_start": -1, "device_end": -1}}, "FFC_sans_bias76": {"write": {"device_start": -1, "host_queued_start": 1585660481.702288, "device_queued": -1, "device_end": -1, "host_queued_end": 1585660481.744305}, "device": "cpu", "nd_range": {"device_start": 2328257.285922566, "device_end": 2328257.380667371}, "cmdq": 2, "read": {"device_start": -1, "device_end": -1}}, "FFC_sans_bias74": {"write": {"device_start": -1, "host_queued_start": 1585660481.680635, "device_queued": -1, "device_end": -1, "host_queued_end": 1585660481.744305}, "device": "cpu", "nd_range": {"device_start": 2328256.7976378594, "device_end": 2328256.946880342}, "cmdq": 0, "read": {"device_start": -1, "device_end": -1}}, "coalesced_transpose102": {"write": {"device_start": -1, "host_queued_start": 1585660481.53364, "device_queued": -1, "device_end": -1, "host_queued_end": 1585660481.560422}, "device": "gpu", "nd_range": {"device_start": 1585660414.1732764, "device_end": 1585660414.173295}, "cmdq": 0, "read": {"device_start": -1, "device_end": -1}}, "coalesced_transpose3": {"write": {"device_start": -1, "host_queued_start": 1585660481.691208, "device_queued": -1, "device_end": -1, "host_queued_end": 1585660481.744305}, "device": "cpu", "nd_range": {"device_start": 2328256.947109194, "device_end": 2328256.948060296}, "cmdq": 0, "read": {"device_start": -1, "device_end": -1}}, "FFC_sans_bias127": {"write": {"device_start": 1585660414.158382, "host_queued_start": 1585660481.523024, "device_queued": 1585660414.1082103, "device_end": 1585660414.1584778, "host_queued_end": 1585660481.560422}, "device": "gpu", "nd_range": {"device_start": 1585660414.1584804, "device_end": 1585660414.161834}, "cmdq": 0, "read": {"device_start": -1, "device_end": -1}}, "empty89": {"write": {"device_start": -1, "host_queued_start": 1585660481.58965, "device_queued": -1, "device_end": -1, "host_queued_end": 1585660481.744305}, "device": "cpu", "nd_range": {"device_start": 2328255.93485645, "device_end": 2328255.9348582}, "cmdq": 1, "read": {"device_start": -1, "device_end": -1}}, "FFC_sans_bias123": {"write": {"device_start": -1, "host_queued_start": 1585660481.539723, "device_queued": -1, "device_end": -1, "host_queued_end": 1585660481.560422}, "device": "gpu", "nd_range": {"device_start": 1585660414.2060597, "device_end": 1585660414.209413}, "cmdq": 0, "read": {"device_start": -1, "device_end": -1}}, "empty80": {"write": {"device_start": -1, "host_queued_start": 1585660481.587059, "device_queued": -1, "device_end": -1, "host_queued_end": 1585660481.744305}, "device": "cpu", "nd_range": {"device_start": 2328255.9339587484, "device_end": 2328255.933959666}, "cmdq": 0, "read": {"device_start": -1, "device_end": -1}}, "empty116": {"write": {"device_start": 1585660414.1041663, "host_queued_start": 1585660481.465577, "device_queued": 1585660414.1036658, "device_end": 1585660414.1042616, "host_queued_end": 1585660481.560422}, "device": "gpu", "nd_range": {"device_start": 1585660414.1042702, "device_end": 1585660414.1042736}, "cmdq": 0, "read": {"device_start": -1, "device_end": -1}}, "softmax104": {"write": {"device_start": -1, "host_queued_start": 1585660481.537455, "device_queued": -1, "device_end": -1, "host_queued_end": 1585660481.560422}, "device": "gpu", "nd_range": {"device_start": 1585660414.19388, "device_end": 1585660414.1943007}, "cmdq": 0, "read": {"device_start": -1, "device_end": -1}}, "coalesced_transpose21": {"write": {"device_start": -1, "host_queued_start": 1585660481.692387, "device_queued": -1, "device_end": -1, "host_queued_end": 1585660481.744305}, "device": "cpu", "nd_range": {"device_start": 2328257.033554192, "device_end": 2328257.0344097}, "cmdq": 2, "read": {"device_start": -1, "device_end": -1}}, "softmax14": {"write": {"device_start": -1, "host_queued_start": 1585660481.703921, "device_queued": -1, "device_end": -1, "host_queued_end": 1585660481.744305}, "device": "cpu", "nd_range": {"device_start": 2328257.316013617, "device_end": 2328257.316763405}, "cmdq": 1, "read": {"device_start": -1, "device_end": -1}}, "FFC_sans_bias69": {"write": {"device_start": -1, "host_queued_start": 1585660481.712947, "device_queued": -1, "device_end": -1, "host_queued_end": 1585660481.744305}, "device": "cpu", "nd_range": {"device_start": 2328257.569780277, "device_end": 2328257.711432029}, "cmdq": 1, "read": {"device_start": -1, "device_end": -1}}, "FFC_sans_bias92": {"write": {"device_start": 1585660414.113208, "host_queued_start": 1585660481.483182, "device_queued": 1585660414.1052423, "device_end": 1585660414.113305, "host_queued_end": 1585660481.560422}, "device": "gpu", "nd_range": {"device_start": 1585660414.1133113, "device_end": 1585660414.1166646}, "cmdq": 0, "read": {"device_start": -1, "device_end": -1}}, "FFC_sans_bias60": {"write": {"device_start": -1, "host_queued_start": 1585660481.712363, "device_queued": -1, "device_end": -1, "host_queued_end": 1585660481.744305}, "device": "cpu", "nd_range": {"device_start": 2328257.475390083, "device_end": 2328257.559963107}, "cmdq": 0, "read": {"device_start": -1, "device_end": -1}}, "FFC_sans_bias61": {"write": {"device_start": -1, "host_queued_start": 1585660481.735329, "device_queued": -1, "device_end": -1, "host_queued_end": 1585660481.744305}, "device": "cpu", "nd_range": {"device_start": 2328258.021691523, "device_end": 2328258.104405779}, "cmdq": 2, "read": {"device_start": -1, "device_end": -1}}, "FFC_sans_bias63": {"write": {"device_start": -1, "host_queued_start": 1585660481.671048, "device_queued": -1, "device_end": -1, "host_queued_end": 1585660481.744305}, "device": "cpu", "nd_range": {"device_start": 2328256.581559856, "device_end": 2328256.753928786}, "cmdq": 1, "read": {"device_start": -1, "device_end": -1}}, "FFC_sans_bias64": {"write": {"device_start": -1, "host_queued_start": 1585660481.664949, "device_queued": -1, "device_end": -1, "host_queued_end": 1585660481.744305}, "device": "cpu", "nd_range": {"device_start": 2328256.6327270013, "device_end": 2328256.7696618023}, "cmdq": 3, "read": {"device_start": -1, "device_end": -1}}, "FFC_sans_bias65": {"write": {"device_start": -1, "host_queued_start": 1585660481.668005, "device_queued": -1, "device_end": -1, "host_queued_end": 1585660481.744305}, "device": "cpu", "nd_range": {"device_start": 2328256.673983451, "device_end": 2328256.797617942}, "cmdq": 0, "read": {"device_start": -1, "device_end": -1}}, "FFC_sans_bias67": {"write": {"device_start": -1, "host_queued_start": 1585660481.701698, "device_queued": -1, "device_end": -1, "host_queued_end": 1585660481.744305}, "device": "cpu", "nd_range": {"device_start": 2328257.162858299, "device_end": 2328257.315982886}, "cmdq": 1, "read": {"device_start": -1, "device_end": -1}}, "coalesced_transpose111": {"write": {"device_start": -1, "host_queued_start": 1585660481.533948, "device_queued": -1, "device_end": -1, "host_queued_end": 1585660481.560422}, "device": "gpu", "nd_range": {"device_start": 1585660414.173296, "device_end": 1585660414.1733139}, "cmdq": 0, "read": {"device_start": -1, "device_end": -1}}, "FFC_sans_bias136": {"write": {"device_start": 1585660414.1621687, "host_queued_start": 1585660481.526381, "device_queued": 1585660414.1084461, "device_end": 1585660414.1622643, "host_queued_end": 1585660481.560422}, "device": "gpu", "nd_range": {"device_start": 1585660414.1622672, "device_end": 1585660414.16561}, "cmdq": 0, "read": {"device_start": -1, "device_end": -1}}, "FFC_sans_bias135": {"write": {"device_start": 1585660414.1697955, "host_queued_start": 1585660481.532982, "device_queued": 1585660414.1089149, "device_end": 1585660414.1699011, "host_queued_end": 1585660481.560422}, "device": "gpu", "nd_range": {"device_start": 1585660414.1699169, "device_end": 1585660414.173256}, "cmdq": 0, "read": {"device_start": -1, "device_end": -1}}, "FFC_sans_bias133": {"write": {"device_start": 1585660414.2330556, "host_queued_start": 1585660481.557, "device_queued": 1585660414.1129327, "device_end": 1585660414.2331498, "host_queued_end": 1585660481.560422}, "device": "gpu", "nd_range": {"device_start": 1585660414.2331643, "device_end": 1585660414.2364814}, "cmdq": 0, "read": {"device_start": 1585660414.236488, "device_end": 1585660414.2365954}}, "FFC_sans_bias132": {"write": {"device_start": -1, "host_queued_start": 1585660481.540039, "device_queued": -1, "device_end": -1, "host_queued_end": 1585660481.560422}, "device": "gpu", "nd_range": {"device_start": 1585660414.209414, "device_end": 1585660414.2127485}, "cmdq": 0, "read": {"device_start": -1, "device_end": -1}}, "softmax68": {"write": {"device_start": -1, "host_queued_start": 1585660481.707098, "device_queued": -1, "device_end": -1, "host_queued_end": 1585660481.744305}, "device": "cpu", "nd_range": {"device_start": 2328257.38135469, "device_end": 2328257.38229034}, "cmdq": 3, "read": {"device_start": -1, "device_end": -1}}, "softmax131": {"write": {"device_start": -1, "host_queued_start": 1585660481.538206, "device_queued": -1, "device_end": -1, "host_queued_end": 1585660481.560422}, "device": "gpu", "nd_range": {"device_start": 1585660414.1951454, "device_end": 1585660414.1955652}, "cmdq": 0, "read": {"device_start": -1, "device_end": -1}}, "empty125": {"write": {"device_start": 1585660414.1045575, "host_queued_start": 1585660481.468211, "device_queued": 1585660414.1038845, "device_end": 1585660414.1046617, "host_queued_end": 1585660481.560422}, "device": "gpu", "nd_range": {"device_start": 1585660414.1046731, "device_end": 1585660414.1046765}, "cmdq": 0, "read": {"device_start": -1, "device_end": -1}}, "FFC_sans_bias139": {"write": {"device_start": -1, "host_queued_start": 1585660481.536948, "device_queued": -1, "device_end": -1, "host_queued_end": 1585660481.560422}, "device": "gpu", "nd_range": {"device_start": 1585660414.1901016, "device_end": 1585660414.1934507}, "cmdq": 0, "read": {"device_start": -1, "device_end": -1}}, "empty35": {"write": {"device_start": -1, "host_queued_start": 1585660481.573464, "device_queued": -1, "device_end": -1, "host_queued_end": 1585660481.744305}, "device": "cpu", "nd_range": {"device_start": 2328255.934799768, "device_end": 2328255.934804316}, "cmdq": 3, "read": {"device_start": -1, "device_end": -1}}, "softmax86": {"write": {"device_start": -1, "host_queued_start": 1585660481.708142, "device_queued": -1, "device_end": -1, "host_queued_end": 1585660481.744305}, "device": "cpu", "nd_range": {"device_start": 2328257.380398807, "device_end": 2328257.3811165723}, "cmdq": 1, "read": {"device_start": -1, "device_end": -1}}, "FFC_sans_bias55": {"write": {"device_start": -1, "host_queued_start": 1585660481.661629, "device_queued": -1, "device_end": -1, "host_queued_end": 1585660481.744305}, "device": "cpu", "nd_range": {"device_start": 2328256.717814804, "device_end": 2328256.8414551863}, "cmdq": 2, "read": {"device_start": -1, "device_end": -1}}, "FFC_sans_bias54": {"write": {"device_start": -1, "host_queued_start": 1585660481.658313, "device_queued": -1, "device_end": -1, "host_queued_end": 1585660481.744305}, "device": "cpu", "nd_range": {"device_start": 2328256.4584187, "device_end": 2328256.581334378}, "cmdq": 1, "read": {"device_start": -1, "device_end": -1}}, "FFC_sans_bias56": {"write": {"device_start": -1, "host_queued_start": 1585660481.654979, "device_queued": -1, "device_end": -1, "host_queued_end": 1585660481.744305}, "device": "cpu", "nd_range": {"device_start": 2328256.5505846404, "device_end": 2328256.673965229}, "cmdq": 0, "read": {"device_start": -1, "device_end": -1}}, "FFC_sans_bias51": {"write": {"device_start": -1, "host_queued_start": 1585660481.711774, "device_queued": -1, "device_end": -1, "host_queued_end": 1585660481.744305}, "device": "cpu", "nd_range": {"device_start": 2328257.510483193, "device_end": 2328257.587577227}, "cmdq": 3, "read": {"device_start": -1, "device_end": -1}}, "FFC_sans_bias52": {"write": {"device_start": -1, "host_queued_start": 1585660481.732328, "device_queued": -1, "device_end": -1, "host_queued_end": 1585660481.744305}, "device": "cpu", "nd_range": {"device_start": 2328257.832328753, "device_end": 2328258.0216769404}, "cmdq": 1, "read": {"device_start": -1, "device_end": -1}}, "FFC_sans_bias58": {"write": {"device_start": -1, "host_queued_start": 1585660481.701026, "device_queued": -1, "device_end": -1, "host_queued_end": 1585660481.744305}, "device": "cpu", "nd_range": {"device_start": 2328257.16043423, "device_end": 2328257.3434903002}, "cmdq": 0, "read": {"device_start": -1, "device_end": -1}}, "FFC_sans_bias108": {"write": {"device_start": 1585660414.1282845, "host_queued_start": 1585660481.496496, "device_queued": 1585660414.106419, "device_end": 1585660414.1283782, "host_queued_end": 1585660481.560422}, "device": "gpu", "nd_range": {"device_start": 1585660414.1283808, "device_end": 1585660414.1317272}, "cmdq": 0, "read": {"device_start": -1, "device_end": -1}}, "FFC_sans_bias109": {"write": {"device_start": 1585660414.1320271, "host_queued_start": 1585660481.499779, "device_queued": 1585660414.1066504, "device_end": 1585660414.1321194, "host_queued_end": 1585660481.560422}, "device": "gpu", "nd_range": {"device_start": 1585660414.132126, "device_end": 1585660414.135482}, "cmdq": 0, "read": {"device_start": -1, "device_end": -1}}, "coalesced_transpose129": {"write": {"device_start": -1, "host_queued_start": 1585660481.534719, "device_queued": -1, "device_end": -1, "host_queued_end": 1585660481.560422}, "device": "gpu", "nd_range": {"device_start": 1585660414.1733353, "device_end": 1585660414.173353}, "cmdq": 0, "read": {"device_start": -1, "device_end": -1}}, "FFC_sans_bias103": {"write": {"device_start": -1, "host_queued_start": 1585660481.535674, "device_queued": -1, "device_end": -1, "host_queued_end": 1585660481.560422}, "device": "gpu", "nd_range": {"device_start": 1585660414.1767178, "device_end": 1585660414.180058}, "cmdq": 0, "read": {"device_start": -1, "device_end": -1}}, "FFC_sans_bias100": {"write": {"device_start": 1585660414.1207776, "host_queued_start": 1585660481.489874, "device_queued": 1585660414.1059475, "device_end": 1585660414.120879, "host_queued_end": 1585660481.560422}, "device": "gpu", "nd_range": {"device_start": 1585660414.1208847, "device_end": 1585660414.124242}, "cmdq": 0, "read": {"device_start": -1, "device_end": -1}}, "FFC_sans_bias101": {"write": {"device_start": 1585660414.1245458, "host_queued_start": 1585660481.493202, "device_queued": 1585660414.1061893, "device_end": 1585660414.1246479, "host_queued_end": 1585660481.560422}, "device": "gpu", "nd_range": {"device_start": 1585660414.124651, "device_end": 1585660414.1279864}, "cmdq": 0, "read": {"device_start": -1, "device_end": -1}}, "FFC_sans_bias106": {"write": {"device_start": 1585660414.2205887, "host_queued_start": 1585660481.547029, "device_queued": 1585660414.1121202, "device_end": 1585660414.220697, "host_queued_end": 1585660481.560422}, "device": "gpu", "nd_range": {"device_start": 1585660414.220705, "device_end": 1585660414.2240362}, "cmdq": 0, "read": {"device_start": 1585660414.2240381, "device_end": 1585660414.2241414}}, "softmax122": {"write": {"device_start": -1, "host_queued_start": 1585660481.537955, "device_queued": -1, "device_end": -1, "host_queued_end": 1585660481.560422}, "device": "gpu", "nd_range": {"device_start": 1585660414.194723, "device_end": 1585660414.1951442}, "cmdq": 0, "read": {"device_start": -1, "device_end": -1}}, "FFC_sans_bias105": {"write": {"device_start": -1, "host_queued_start": 1585660481.539092, "device_queued": -1, "device_end": -1, "host_queued_end": 1585660481.560422}, "device": "gpu", "nd_range": {"device_start": 1585660414.1993513, "device_end": 1585660414.2027092}, "cmdq": 0, "read": {"device_start": -1, "device_end": -1}}, "softmax95": {"write": {"device_start": -1, "host_queued_start": 1585660481.537199, "device_queued": -1, "device_end": -1, "host_queued_end": 1585660481.560422}, "device": "gpu", "nd_range": {"device_start": 1585660414.1934516, "device_end": 1585660414.1938791}, "cmdq": 0, "read": {"device_start": -1, "device_end": -1}}, "coalesced_transpose57": {"write": {"device_start": -1, "host_queued_start": 1585660481.694798, "device_queued": -1, "device_end": -1, "host_queued_end": 1585660481.744305}, "device": "cpu", "nd_range": {"device_start": 2328257.034572917, "device_end": 2328257.03542946}, "cmdq": 2, "read": {"device_start": -1, "device_end": -1}}, "empty26": {"write": {"device_start": -1, "host_queued_start": 1585660481.570665, "device_queued": -1, "device_end": -1, "host_queued_end": 1585660481.744305}, "device": "cpu", "nd_range": {"device_start": 2328255.9339680863, "device_end": 2328255.93397314}, "cmdq": 2, "read": {"device_start": -1, "device_end": -1}}, "softmax113": {"write": {"device_start": -1, "host_queued_start": 1585660481.537707, "device_queued": -1, "device_end": -1, "host_queued_end": 1585660481.560422}, "device": "gpu", "nd_range": {"device_start": 1585660414.1943018, "device_end": 1585660414.194722}, "cmdq": 0, "read": {"device_start": -1, "device_end": -1}}, "FFC_sans_bias11": {"write": {"device_start": -1, "host_queued_start": 1585660481.610547, "device_queued": -1, "device_end": -1, "host_queued_end": 1585660481.744305}, "device": "cpu", "nd_range": {"device_start": 2328256.064421824, "device_end": 2328256.195521404}, "cmdq": 3, "read": {"device_start": -1, "device_end": -1}}, "FFC_sans_bias42": {"write": {"device_start": -1, "host_queued_start": 1585660481.711164, "device_queued": -1, "device_end": -1, "host_queued_end": 1585660481.744305}, "device": "cpu", "nd_range": {"device_start": 2328257.631813126, "device_end": 2328257.781655272}, "cmdq": 2, "read": {"device_start": -1, "device_end": -1}}, "FFC_sans_bias43": {"write": {"device_start": -1, "host_queued_start": 1585660481.729348, "device_queued": -1, "device_end": -1, "host_queued_end": 1585660481.744305}, "device": "cpu", "nd_range": {"device_start": 2328257.796935574, "device_end": 2328257.9198947963}, "cmdq": 0, "read": {"device_start": -1, "device_end": -1}}, "FFC_sans_bias40": {"write": {"device_start": -1, "host_queued_start": 1585660481.69985, "device_queued": -1, "device_end": -1, "host_queued_end": 1585660481.744305}, "device": "cpu", "nd_range": {"device_start": 2328257.159546444, "device_end": 2328257.2858965783}, "cmdq": 2, "read": {"device_start": -1, "device_end": -1}}, "FFC_sans_bias46": {"write": {"device_start": -1, "host_queued_start": 1585660481.648362, "device_queued": -1, "device_end": -1, "host_queued_end": 1585660481.744305}, "device": "cpu", "nd_range": {"device_start": 2328256.594873817, "device_end": 2328256.71778404}, "cmdq": 2, "read": {"device_start": -1, "device_end": -1}}, "FFC_sans_bias47": {"write": {"device_start": -1, "host_queued_start": 1585660481.651647, "device_queued": -1, "device_end": -1, "host_queued_end": 1585660481.744305}, "device": "cpu", "nd_range": {"device_start": 2328256.4533671, "device_end": 2328256.6262303563}, "cmdq": 3, "read": {"device_start": -1, "device_end": -1}}, "FFC_sans_bias45": {"write": {"device_start": -1, "host_queued_start": 1585660481.645085, "device_queued": -1, "device_end": -1, "host_queued_end": 1585660481.744305}, "device": "cpu", "nd_range": {"device_start": 2328256.335397791, "device_end": 2328256.458218425}, "cmdq": 1, "read": {"device_start": -1, "device_end": -1}}, "FFC_sans_bias49": {"write": {"device_start": -1, "host_queued_start": 1585660481.700439, "device_queued": -1, "device_end": -1, "host_queued_end": 1585660481.744305}, "device": "cpu", "nd_range": {"device_start": 2328257.122178928, "device_end": 2328257.289395228}, "cmdq": 3, "read": {"device_start": -1, "device_end": -1}}, "softmax77": {"write": {"device_start": -1, "host_queued_start": 1585660481.70762, "device_queued": -1, "device_end": -1, "host_queued_end": 1585660481.744305}, "device": "cpu", "nd_range": {"device_start": 2328257.381012178, "device_end": 2328257.381383154}, "cmdq": 0, "read": {"device_start": -1, "device_end": -1}}, "empty134": {"write": {"device_start": 1585660414.1049726, "host_queued_start": 1585660481.471104, "device_queued": 1585660414.104072, "device_end": 1585660414.1050656, "host_queued_end": 1585660481.560422}, "device": "gpu", "nd_range": {"device_start": 1585660414.1050682, "device_end": 1585660414.1050723}, "cmdq": 0, "read": {"device_start": -1, "device_end": -1}}, "coalesced_transpose138": {"write": {"device_start": -1, "host_queued_start": 1585660481.53503, "device_queued": -1, "device_end": -1, "host_queued_end": 1585660481.560422}, "device": "gpu", "nd_range": {"device_start": 1585660414.1733541, "device_end": 1585660414.1733725}, "cmdq": 0, "read": {"device_start": -1, "device_end": -1}}, "FFC_sans_bias119": {"write": {"device_start": 1585660414.1470923, "host_queued_start": 1585660481.513086, "device_queued": 1585660414.107545, "device_end": 1585660414.1471891, "host_queued_end": 1585660481.560422}, "device": "gpu", "nd_range": {"device_start": 1585660414.1471965, "device_end": 1585660414.1505394}, "cmdq": 0, "read": {"device_start": -1, "device_end": -1}}, "FFC_sans_bias118": {"write": {"device_start": 1585660414.1433413, "host_queued_start": 1585660481.509769, "device_queued": 1585660414.1073024, "device_end": 1585660414.1434367, "host_queued_end": 1585660481.560422}, "device": "gpu", "nd_range": {"device_start": 1585660414.143439, "device_end": 1585660414.1467965}, "cmdq": 0, "read": {"device_start": -1, "device_end": -1}}, "empty143": {"write": {"device_start": 1585660414.1053638, "host_queued_start": 1585660481.473678, "device_queued": 1585660414.1042743, "device_end": 1585660414.1054556, "host_queued_end": 1585660481.560422}, "device": "gpu", "nd_range": {"device_start": 1585660414.105471, "device_end": 1585660414.1054742}, "cmdq": 0, "read": {"device_start": -1, "device_end": -1}}, "FFC_sans_bias115": {"write": {"device_start": 1585660414.2247245, "host_queued_start": 1585660481.550383, "device_queued": 1585660414.1123874, "device_end": 1585660414.2248192, "host_queued_end": 1585660481.560422}, "device": "gpu", "nd_range": {"device_start": 1585660414.2248218, "device_end": 1585660414.2281423}, "cmdq": 0, "read": {"device_start": 1585660414.2281497, "device_end": 1585660414.22824}}, "FFC_sans_bias114": {"write": {"device_start": -1, "host_queued_start": 1585660481.539408, "device_queued": -1, "device_end": -1, "host_queued_end": 1585660481.560422}, "device": "gpu", "nd_range": {"device_start": 1585660414.2027102, "device_end": 1585660414.2060585}, "cmdq": 0, "read": {"device_start": -1, "device_end": -1}}, "FFC_sans_bias117": {"write": {"device_start": 1585660414.139571, "host_queued_start": 1585660481.506462, "device_queued": 1585660414.107085, "device_end": 1585660414.139665, "host_queued_end": 1585660481.560422}, "device": "gpu", "nd_range": {"device_start": 1585660414.1396718, "device_end": 1585660414.1430192}, "cmdq": 0, "read": {"device_start": -1, "device_end": -1}}, "softmax5": {"write": {"device_start": -1, "host_queued_start": 1585660481.703404, "device_queued": -1, "device_end": -1, "host_queued_end": 1585660481.744305}, "device": "cpu", "nd_range": {"device_start": 2328257.343509661, "device_end": 2328257.344260128}, "cmdq": 0, "read": {"device_start": -1, "device_end": -1}}, "FFC_sans_bias110": {"write": {"device_start": 1585660414.1357975, "host_queued_start": 1585660481.503116, "device_queued": 1585660414.1068723, "device_end": 1585660414.1358922, "host_queued_end": 1585660481.560422}, "device": "gpu", "nd_range": {"device_start": 1585660414.1358948, "device_end": 1585660414.1392488}, "cmdq": 0, "read": {"device_start": -1, "device_end": -1}}, "FFC_sans_bias112": {"write": {"device_start": -1, "host_queued_start": 1585660481.535991, "device_queued": -1, "device_end": -1, "host_queued_end": 1585660481.560422}, "device": "gpu", "nd_range": {"device_start": 1585660414.180059, "device_end": 1585660414.1834009}, "cmdq": 0, "read": {"device_start": -1, "device_end": -1}}, "empty53": {"write": {"device_start": -1, "host_queued_start": 1585660481.57903, "device_queued": -1, "device_end": -1, "host_queued_end": 1585660481.744305}, "device": "cpu", "nd_range": {"device_start": 2328255.934754395, "device_end": 2328255.9347564373}, "cmdq": 1, "read": {"device_start": -1, "device_end": -1}}, "coalesced_transpose48": {"write": {"device_start": -1, "host_queued_start": 1585660481.694117, "device_queued": -1, "device_end": -1, "host_queued_end": 1585660481.744305}, "device": "cpu", "nd_range": {"device_start": 2328256.910318172, "device_end": 2328256.91127929}, "cmdq": 1, "read": {"device_start": -1, "device_end": -1}}}