{"FFC_sans_bias4": {"write": {"device_start": -1, "host_queued_start": 1585660965.552684, "device_queued": -1, "device_end": -1, "host_queued_end": 1585660965.590974}, "device": "cpu", "nd_range": {"device_start": 2328740.698115682, "device_end": 2328740.768139194}, "cmdq": 0, "read": {"device_start": -1, "device_end": -1}}, "FFC_sans_bias7": {"write": {"device_start": -1, "host_queued_start": 1585660965.569025, "device_queued": -1, "device_end": -1, "host_queued_end": 1585660965.590974}, "device": "cpu", "nd_range": {"device_start": 2328741.303965736, "device_end": 2328741.4262727173}, "cmdq": 4, "read": {"device_start": -1, "device_end": -1}}, "FFC_sans_bias6": {"write": {"device_start": -1, "host_queued_start": 1585660965.561656, "device_queued": -1, "device_end": -1, "host_queued_end": 1585660965.590974}, "device": "cpu", "nd_range": {"device_start": 2328741.0531304143, "device_end": 2328741.3010016363}, "cmdq": 1, "read": {"device_start": -1, "device_end": -1}}, "FFC_sans_bias1": {"write": {"device_start": -1, "host_queued_start": 1585660965.473411, "device_queued": -1, "device_end": -1, "host_queued_end": 1585660965.590974}, "device": "cpu", "nd_range": {"device_start": 2328739.7816494172, "device_end": 2328739.904143184}, "cmdq": 4, "read": {"device_start": -1, "device_end": -1}}, "FFC_sans_bias0": {"write": {"device_start": -1, "host_queued_start": 1585660965.469886, "device_queued": -1, "device_end": -1, "host_queued_end": 1585660965.590974}, "device": "cpu", "nd_range": {"device_start": 2328740.300838013, "device_end": 2328740.4332560953}, "cmdq": 3, "read": {"device_start": -1, "device_end": -1}}, "FFC_sans_bias2": {"write": {"device_start": -1, "host_queued_start": 1585660965.476956, "device_queued": -1, "device_end": -1, "host_queued_end": 1585660965.590974}, "device": "cpu", "nd_range": {"device_start": 2328739.7806648333, "device_end": 2328739.906716701}, "cmdq": 0, "read": {"device_start": -1, "device_end": -1}}, "coalesced_transpose120": {"write": {"device_start": -1, "host_queued_start": 1585660965.407512, "device_queued": -1, "device_end": -1, "host_queued_end": 1585660965.441683}, "device": "gpu", "nd_range": {"device_start": 1585660898.0565603, "device_end": 1585660898.0566127}, "cmdq": 1, "read": {"device_start": -1, "device_end": -1}}, "FFC_sans_bias9": {"write": {"device_start": -1, "host_queued_start": 1585660965.480464, "device_queued": -1, "device_end": -1, "host_queued_end": 1585660965.590974}, "device": "cpu", "nd_range": {"device_start": 2328739.78063684, "device_end": 2328740.0113778412}, "cmdq": 1, "read": {"device_start": -1, "device_end": -1}}, "empty71": {"write": {"device_start": -1, "host_queued_start": 1585660965.466989, "device_queued": -1, "device_end": -1, "host_queued_end": 1585660965.590974}, "device": "cpu", "nd_range": {"device_start": 2328739.780636868, "device_end": 2328739.780637552}, "cmdq": 2, "read": {"device_start": -1, "device_end": -1}}, "softmax41": {"write": {"device_start": -1, "host_queued_start": 1585660965.55944, "device_queued": -1, "device_end": -1, "host_queued_end": 1585660965.590974}, "device": "cpu", "nd_range": {"device_start": 2328740.690324469, "device_end": 2328740.691048527}, "cmdq": 2, "read": {"device_start": -1, "device_end": -1}}, "FFC_sans_bias37": {"write": {"device_start": -1, "host_queued_start": 1585660965.516087, "device_queued": -1, "device_end": -1, "host_queued_end": 1585660965.590974}, "device": "cpu", "nd_range": {"device_start": 2328740.263911122, "device_end": 2328740.400852954}, "cmdq": 1, "read": {"device_start": -1, "device_end": -1}}, "FFC_sans_bias36": {"write": {"device_start": -1, "host_queued_start": 1585660965.512616, "device_queued": -1, "device_end": -1, "host_queued_end": 1585660965.590974}, "device": "cpu", "nd_range": {"device_start": 2328740.029847275, "device_end": 2328740.152911288}, "cmdq": 0, "read": {"device_start": -1, "device_end": -1}}, "FFC_sans_bias34": {"write": {"device_start": -1, "host_queued_start": 1585660965.578115, "device_queued": -1, "device_end": -1, "host_queued_end": 1585660965.590974}, "device": "cpu", "nd_range": {"device_start": 2328741.3134407303, "device_end": 2328741.4582469473}, "cmdq": 2, "read": {"device_start": -1, "device_end": -1}}, "FFC_sans_bias33": {"write": {"device_start": -1, "host_queued_start": 1585660965.563435, "device_queued": -1, "device_end": -1, "host_queued_end": 1585660965.590974}, "device": "cpu", "nd_range": {"device_start": 2328741.073463392, "device_end": 2328741.165344026}, "cmdq": 4, "read": {"device_start": -1, "device_end": -1}}, "FFC_sans_bias31": {"write": {"device_start": -1, "host_queued_start": 1585660965.554464, "device_queued": -1, "device_end": -1, "host_queued_end": 1585660965.590974}, "device": "cpu", "nd_range": {"device_start": 2328740.804567017, "device_end": 2328740.9126925883}, "cmdq": 3, "read": {"device_start": -1, "device_end": -1}}, "FFC_sans_bias38": {"write": {"device_start": -1, "host_queued_start": 1585660965.519566, "device_queued": -1, "device_end": -1, "host_queued_end": 1585660965.590974}, "device": "cpu", "nd_range": {"device_start": 2328740.0401096093, "device_end": 2328740.1695349403}, "cmdq": 2, "read": {"device_start": -1, "device_end": -1}}, "coalesced_transpose75": {"write": {"device_start": -1, "host_queued_start": 1585660965.405974, "device_queued": -1, "device_end": -1, "host_queued_end": 1585660965.441683}, "device": "gpu", "nd_range": {"device_start": 1585660898.0501986, "device_end": 1585660898.0532117}, "cmdq": 0, "read": {"device_start": -1, "device_end": -1}}, "softmax140": {"write": {"device_start": -1, "host_queued_start": 1585660965.412669, "device_queued": -1, "device_end": -1, "host_queued_end": 1585660965.441683}, "device": "gpu", "nd_range": {"device_start": 1585660898.0808642, "device_end": 1585660898.081279}, "cmdq": 1, "read": {"device_start": -1, "device_end": -1}}, "empty44": {"write": {"device_start": -1, "host_queued_start": 1585660965.458709, "device_queued": -1, "device_end": -1, "host_queued_end": 1585660965.590974}, "device": "cpu", "nd_range": {"device_start": 2328739.78153624, "device_end": 2328739.781541565}, "cmdq": 4, "read": {"device_start": -1, "device_end": -1}}, "FFC_sans_bias137": {"write": {"device_start": 1585660898.0440488, "host_queued_start": 1585660965.402274, "device_queued": 1585660897.9799557, "device_end": 1585660898.044151, "host_queued_end": 1585660965.441683}, "device": "gpu", "nd_range": {"device_start": 1585660898.044157, "device_end": 1585660898.0501966}, "cmdq": 0, "read": {"device_start": -1, "device_end": -1}}, "empty8": {"write": {"device_start": -1, "host_queued_start": 1585660965.446271, "device_queued": -1, "device_end": -1, "host_queued_end": 1585660965.590974}, "device": "cpu", "nd_range": {"device_start": 2328739.78063082, "device_end": 2328739.7806352014}, "cmdq": 0, "read": {"device_start": -1, "device_end": -1}}, "softmax50": {"write": {"device_start": -1, "host_queued_start": 1585660965.559966, "device_queued": -1, "device_end": -1, "host_queued_end": 1585660965.590974}, "device": "cpu", "nd_range": {"device_start": 2328740.913741011, "device_end": 2328740.915404033}, "cmdq": 3, "read": {"device_start": -1, "device_end": -1}}, "softmax59": {"write": {"device_start": -1, "host_queued_start": 1585660965.560546, "device_queued": -1, "device_end": -1, "host_queued_end": 1585660965.590974}, "device": "cpu", "nd_range": {"device_start": 2328741.072750713, "device_end": 2328741.0734533593}, "cmdq": 4, "read": {"device_start": -1, "device_end": -1}}, "FFC_sans_bias142": {"write": {"device_start": 1585660898.1252768, "host_queued_start": 1585660965.441573, "device_queued": 1585660897.9861772, "device_end": 1585660898.1253915, "host_queued_end": 1585660965.441683}, "device": "gpu", "nd_range": {"device_start": 1585660898.125394, "device_end": 1585660898.1319525}, "cmdq": 1, "read": {"device_start": 1585660898.1319566, "device_end": 1585660898.1321716}}, "FFC_sans_bias141": {"write": {"device_start": -1, "host_queued_start": 1585660965.415182, "device_queued": -1, "device_end": -1, "host_queued_end": 1585660965.441683}, "device": "gpu", "nd_range": {"device_start": 1585660898.0977097, "device_end": 1585660898.104246}, "cmdq": 1, "read": {"device_start": -1, "device_end": -1}}, "FFC_sans_bias24": {"write": {"device_start": -1, "host_queued_start": 1585660965.562842, "device_queued": -1, "device_end": -1, "host_queued_end": 1585660965.590974}, "device": "cpu", "nd_range": {"device_start": 2328740.9155306183, "device_end": 2328741.0378914103}, "cmdq": 3, "read": {"device_start": -1, "device_end": -1}}, "FFC_sans_bias25": {"write": {"device_start": -1, "host_queued_start": 1585660965.574987, "device_queued": -1, "device_end": -1, "host_queued_end": 1585660965.590974}, "device": "cpu", "nd_range": {"device_start": 2328741.4297035993, "device_end": 2328741.553552696}, "cmdq": 1, "read": {"device_start": -1, "device_end": -1}}, "FFC_sans_bias27": {"write": {"device_start": -1, "host_queued_start": 1585660965.502001, "device_queued": -1, "device_end": -1, "host_queued_end": 1585660965.590974}, "device": "cpu", "nd_range": {"device_start": 2328739.9100771924, "device_end": 2328740.039876744}, "cmdq": 2, "read": {"device_start": -1, "device_end": -1}}, "FFC_sans_bias20": {"write": {"device_start": -1, "host_queued_start": 1585660965.498025, "device_queued": -1, "device_end": -1, "host_queued_end": 1585660965.590974}, "device": "cpu", "nd_range": {"device_start": 2328740.011403886, "device_end": 2328740.263891229}, "cmdq": 1, "read": {"device_start": -1, "device_end": -1}}, "FFC_sans_bias22": {"write": {"device_start": -1, "host_queued_start": 1585660965.553873, "device_queued": -1, "device_end": -1, "host_queued_end": 1585660965.590974}, "device": "cpu", "nd_range": {"device_start": 2328740.427893164, "device_end": 2328740.575415702}, "cmdq": 2, "read": {"device_start": -1, "device_end": -1}}, "FFC_sans_bias130": {"write": {"device_start": -1, "host_queued_start": 1585660965.41035, "device_queued": -1, "device_end": -1, "host_queued_end": 1585660965.441683}, "device": "gpu", "nd_range": {"device_start": 1585660898.069797, "device_end": 1585660898.0763857}, "cmdq": 0, "read": {"device_start": -1, "device_end": -1}}, "FFC_sans_bias28": {"write": {"device_start": -1, "host_queued_start": 1585660965.505625, "device_queued": -1, "device_end": -1, "host_queued_end": 1585660965.590974}, "device": "cpu", "nd_range": {"device_start": 2328740.54689125, "device_end": 2328740.6767688054}, "cmdq": 3, "read": {"device_start": -1, "device_end": -1}}, "FFC_sans_bias29": {"write": {"device_start": -1, "host_queued_start": 1585660965.509107, "device_queued": -1, "device_end": -1, "host_queued_end": 1585660965.590974}, "device": "cpu", "nd_range": {"device_start": 2328740.026938956, "device_end": 2328740.1497378983}, "cmdq": 4, "read": {"device_start": -1, "device_end": -1}}, "coalesced_transpose66": {"write": {"device_start": -1, "host_queued_start": 1585660965.552088, "device_queued": -1, "device_end": -1, "host_queued_end": 1585660965.590974}, "device": "cpu", "nd_range": {"device_start": 2328740.4259658083, "device_end": 2328740.4269192293}, "cmdq": 4, "read": {"device_start": -1, "device_end": -1}}, "coalesced_transpose93": {"write": {"device_start": -1, "host_queued_start": 1585660965.406591, "device_queued": -1, "device_end": -1, "host_queued_end": 1585660965.441683}, "device": "gpu", "nd_range": {"device_start": 1585660898.0532181, "device_end": 1585660898.0532506}, "cmdq": 0, "read": {"device_start": -1, "device_end": -1}}, "softmax23": {"write": {"device_start": -1, "host_queued_start": 1585660965.558389, "device_queued": -1, "device_end": -1, "host_queued_end": 1585660965.590974}, "device": "cpu", "nd_range": {"device_start": 2328740.8773061233, "device_end": 2328740.8780289763}, "cmdq": 0, "read": {"device_start": -1, "device_end": -1}}, "empty62": {"write": {"device_start": -1, "host_queued_start": 1585660965.464254, "device_queued": -1, "device_end": -1, "host_queued_end": 1585660965.590974}, "device": "cpu", "nd_range": {"device_start": 2328739.780630132, "device_end": 2328739.780631173}, "cmdq": 1, "read": {"device_start": -1, "device_end": -1}}, "FFC_sans_bias10": {"write": {"device_start": -1, "host_queued_start": 1585660965.483947, "device_queued": -1, "device_end": -1, "host_queued_end": 1585660965.590974}, "device": "cpu", "nd_range": {"device_start": 2328739.7806438752, "device_end": 2328739.9098900324}, "cmdq": 2, "read": {"device_start": -1, "device_end": -1}}, "FFC_sans_bias13": {"write": {"device_start": -1, "host_queued_start": 1585660965.553279, "device_queued": -1, "device_end": -1, "host_queued_end": 1585660965.590974}, "device": "cpu", "nd_range": {"device_start": 2328740.823861474, "device_end": 2328740.891618127}, "cmdq": 1, "read": {"device_start": -1, "device_end": -1}}, "FFC_sans_bias15": {"write": {"device_start": -1, "host_queued_start": 1585660965.562245, "device_queued": -1, "device_end": -1, "host_queued_end": 1585660965.590974}, "device": "cpu", "nd_range": {"device_start": 2328740.950781734, "device_end": 2328741.072736726}, "cmdq": 2, "read": {"device_start": -1, "device_end": -1}}, "FFC_sans_bias16": {"write": {"device_start": -1, "host_queued_start": 1585660965.572007, "device_queued": -1, "device_end": -1, "host_queued_end": 1585660965.590974}, "device": "cpu", "nd_range": {"device_start": 2328741.165355131, "device_end": 2328741.288712222}, "cmdq": 0, "read": {"device_start": -1, "device_end": -1}}, "FFC_sans_bias19": {"write": {"device_start": -1, "host_queued_start": 1585660965.494487, "device_queued": -1, "device_end": -1, "host_queued_end": 1585660965.590974}, "device": "cpu", "nd_range": {"device_start": 2328739.906904626, "device_end": 2328740.029831444}, "cmdq": 0, "read": {"device_start": -1, "device_end": -1}}, "FFC_sans_bias18": {"write": {"device_start": -1, "host_queued_start": 1585660965.490986, "device_queued": -1, "device_end": -1, "host_queued_end": 1585660965.590974}, "device": "cpu", "nd_range": {"device_start": 2328739.904367019, "device_end": 2328740.026920328}, "cmdq": 4, "read": {"device_start": -1, "device_end": -1}}, "FFC_sans_bias99": {"write": {"device_start": 1585660898.0015783, "host_queued_start": 1585660965.359164, "device_queued": 1585660897.976625, "device_end": 1585660898.0016818, "host_queued_end": 1585660965.441683}, "device": "gpu", "nd_range": {"device_start": 1585660898.001686, "device_end": 1585660898.007682}, "cmdq": 1, "read": {"device_start": -1, "device_end": -1}}, "FFC_sans_bias91": {"write": {"device_start": 1585660897.9949787, "host_queued_start": 1585660965.352568, "device_queued": 1585660897.9761746, "device_end": 1585660897.995081, "host_queued_end": 1585660965.441683}, "device": "gpu", "nd_range": {"device_start": 1585660897.9950864, "device_end": 1585660898.001169}, "cmdq": 1, "read": {"device_start": -1, "device_end": -1}}, "FFC_sans_bias90": {"write": {"device_start": 1585660897.9916794, "host_queued_start": 1585660965.349258, "device_queued": 1585660897.9760487, "device_end": 1585660897.9917748, "host_queued_end": 1585660965.441683}, "device": "gpu", "nd_range": {"device_start": 1585660897.9917793, "device_end": 1585660897.997859}, "cmdq": 0, "read": {"device_start": -1, "device_end": -1}}, "coalesced_transpose12": {"write": {"device_start": -1, "host_queued_start": 1585660965.548446, "device_queued": -1, "device_end": -1, "host_queued_end": 1585660965.590974}, "device": "cpu", "nd_range": {"device_start": 2328740.802427857, "device_end": 2328740.80336066}, "cmdq": 3, "read": {"device_start": -1, "device_end": -1}}, "FFC_sans_bias94": {"write": {"device_start": -1, "host_queued_start": 1585660965.409079, "device_queued": -1, "device_end": -1, "host_queued_end": 1585660965.441683}, "device": "gpu", "nd_range": {"device_start": 1585660898.0566509, "device_end": 1585660898.0633438}, "cmdq": 0, "read": {"device_start": -1, "device_end": -1}}, "FFC_sans_bias97": {"write": {"device_start": 1585660898.1147738, "host_queued_start": 1585660965.425071, "device_queued": 1585660897.9847353, "device_end": 1585660898.1148722, "host_queued_end": 1585660965.441683}, "device": "gpu", "nd_range": {"device_start": 1585660898.1148765, "device_end": 1585660898.1205099}, "cmdq": 0, "read": {"device_start": 1585660898.1205149, "device_end": 1585660898.1207323}}, "FFC_sans_bias96": {"write": {"device_start": -1, "host_queued_start": 1585660965.413605, "device_queued": -1, "device_end": -1, "host_queued_end": 1585660965.441683}, "device": "gpu", "nd_range": {"device_start": 1585660898.0879807, "device_end": 1585660898.0944386}, "cmdq": 0, "read": {"device_start": -1, "device_end": -1}}, "FFC_sans_bias124": {"write": {"device_start": 1585660898.1179888, "host_queued_start": 1585660965.434979, "device_queued": 1585660897.9856427, "device_end": 1585660898.1180878, "host_queued_end": 1585660965.441683}, "device": "gpu", "nd_range": {"device_start": 1585660898.1180918, "device_end": 1585660898.123721}, "cmdq": 1, "read": {"device_start": 1585660898.1237245, "device_end": 1585660898.1238317}}, "FFC_sans_bias126": {"write": {"device_start": 1585660898.0342636, "host_queued_start": 1585660965.392338, "device_queued": 1585660897.9791296, "device_end": 1585660898.034381, "host_queued_end": 1585660965.441683}, "device": "gpu", "nd_range": {"device_start": 1585660898.034387, "device_end": 1585660898.0403287}, "cmdq": 1, "read": {"device_start": -1, "device_end": -1}}, "softmax32": {"write": {"device_start": -1, "host_queued_start": 1585660965.558912, "device_queued": -1, "device_end": -1, "host_queued_end": 1585660965.590974}, "device": "cpu", "nd_range": {"device_start": 2328741.0524177053, "device_end": 2328741.0531217023}, "cmdq": 1, "read": {"device_start": -1, "device_end": -1}}, "coalesced_transpose84": {"write": {"device_start": -1, "host_queued_start": 1585660965.406284, "device_queued": -1, "device_end": -1, "host_queued_end": 1585660965.441683}, "device": "gpu", "nd_range": {"device_start": 1585660898.053459, "device_end": 1585660898.0564883}, "cmdq": 1, "read": {"device_start": -1, "device_end": -1}}, "FFC_sans_bias121": {"write": {"device_start": -1, "host_queued_start": 1585660965.410028, "device_queued": -1, "device_end": -1, "host_queued_end": 1585660965.441683}, "device": "gpu", "nd_range": {"device_start": 1585660898.066632, "device_end": 1585660898.0730848}, "cmdq": 1, "read": {"device_start": -1, "device_end": -1}}, "empty98": {"write": {"device_start": 1585660897.9726317, "host_queued_start": 1585660965.313464, "device_queued": 1585660897.9722412, "device_end": 1585660897.9729307, "host_queued_end": 1585660965.441683}, "device": "gpu", "nd_range": {"device_start": 1585660897.972944, "device_end": 1585660897.972948}, "cmdq": 0, "read": {"device_start": -1, "device_end": -1}}, "empty107": {"write": {"device_start": 1585660897.9729497, "host_queued_start": 1585660965.31608, "device_queued": 1585660897.9725769, "device_end": 1585660897.9731429, "host_queued_end": 1585660965.441683}, "device": "gpu", "nd_range": {"device_start": 1585660897.9731464, "device_end": 1585660897.9731503}, "cmdq": 1, "read": {"device_start": -1, "device_end": -1}}, "empty17": {"write": {"device_start": -1, "host_queued_start": 1585660965.449584, "device_queued": -1, "device_end": -1, "host_queued_end": 1585660965.590974}, "device": "cpu", "nd_range": {"device_start": 2328739.7805991974, "device_end": 2328739.780609638}, "cmdq": 1, "read": {"device_start": -1, "device_end": -1}}, "FFC_sans_bias87": {"write": {"device_start": -1, "host_queued_start": 1585660965.413286, "device_queued": -1, "device_end": -1, "host_queued_end": 1585660965.441683}, "device": "gpu", "nd_range": {"device_start": 1585660898.0812812, "device_end": 1585660898.0846572}, "cmdq": 1, "read": {"device_start": -1, "device_end": -1}}, "FFC_sans_bias85": {"write": {"device_start": -1, "host_queued_start": 1585660965.408762, "device_queued": -1, "device_end": -1, "host_queued_end": 1585660965.441683}, "device": "gpu", "nd_range": {"device_start": 1585660898.0566466, "device_end": 1585660898.0600178}, "cmdq": 1, "read": {"device_start": -1, "device_end": -1}}, "FFC_sans_bias82": {"write": {"device_start": 1585660897.98521, "host_queued_start": 1585660965.342543, "device_queued": 1585660897.9755626, "device_end": 1585660897.9853115, "host_queued_end": 1585660965.441683}, "device": "gpu", "nd_range": {"device_start": 1585660897.9853168, "device_end": 1585660897.9912941}, "cmdq": 0, "read": {"device_start": -1, "device_end": -1}}, "FFC_sans_bias83": {"write": {"device_start": 1585660897.9884083, "host_queued_start": 1585660965.345935, "device_queued": 1585660897.9756885, "device_end": 1585660897.9885118, "host_queued_end": 1585660965.441683}, "device": "gpu", "nd_range": {"device_start": 1585660897.988516, "device_end": 1585660897.9945965}, "cmdq": 1, "read": {"device_start": -1, "device_end": -1}}, "FFC_sans_bias81": {"write": {"device_start": 1585660897.981926, "host_queued_start": 1585660965.339245, "device_queued": 1585660897.9752283, "device_end": 1585660897.9820273, "host_queued_end": 1585660965.441683}, "device": "gpu", "nd_range": {"device_start": 1585660897.9820309, "device_end": 1585660897.988003}, "cmdq": 1, "read": {"device_start": -1, "device_end": -1}}, "FFC_sans_bias88": {"write": {"device_start": 1585660898.104701, "host_queued_start": 1585660965.421727, "device_queued": 1585660897.984328, "device_end": 1585660898.104809, "host_queued_end": 1585660965.441683}, "device": "gpu", "nd_range": {"device_start": 1585660898.1048124, "device_end": 1585660898.1107583}, "cmdq": 1, "read": {"device_start": 1585660898.1107612, "device_end": 1585660898.1108608}}, "coalesced_transpose30": {"write": {"device_start": -1, "host_queued_start": 1585660965.549599, "device_queued": -1, "device_end": -1, "host_queued_end": 1585660965.590974}, "device": "cpu", "nd_range": {"device_start": 2328740.682980826, "device_end": 2328740.698104153}, "cmdq": 0, "read": {"device_start": -1, "device_end": -1}}, "FFC_sans_bias128": {"write": {"device_start": 1585660898.0309334, "host_queued_start": 1585660965.389064, "device_queued": 1585660897.979002, "device_end": 1585660898.0310369, "host_queued_end": 1585660965.441683}, "device": "gpu", "nd_range": {"device_start": 1585660898.031042, "device_end": 1585660898.0370622}, "cmdq": 0, "read": {"device_start": -1, "device_end": -1}}, "coalesced_transpose39": {"write": {"device_start": -1, "host_queued_start": 1585660965.550178, "device_queued": -1, "device_end": -1, "host_queued_end": 1585660965.590974}, "device": "cpu", "nd_range": {"device_start": 2328740.582570488, "device_end": 2328740.5834406763}, "cmdq": 1, "read": {"device_start": -1, "device_end": -1}}, "FFC_sans_bias79": {"write": {"device_start": 1585660898.1078932, "host_queued_start": 1585660965.418408, "device_queued": 1585660897.9841938, "device_end": 1585660898.1079955, "host_queued_end": 1585660965.441683}, "device": "gpu", "nd_range": {"device_start": 1585660898.1079988, "device_end": 1585660898.114017}, "cmdq": 0, "read": {"device_start": 1585660898.1140187, "device_end": 1585660898.1141171}}, "FFC_sans_bias78": {"write": {"device_start": -1, "host_queued_start": 1585660965.412976, "device_queued": -1, "device_end": -1, "host_queued_end": 1585660965.441683}, "device": "gpu", "nd_range": {"device_start": 1585660898.0815606, "device_end": 1585660898.0879786}, "cmdq": 0, "read": {"device_start": -1, "device_end": -1}}, "FFC_sans_bias73": {"write": {"device_start": 1585660897.9748576, "host_queued_start": 1585660965.332696, "device_queued": 1585660897.974504, "device_end": 1585660897.9749763, "host_queued_end": 1585660965.441683}, "device": "gpu", "nd_range": {"device_start": 1585660897.9749968, "device_end": 1585660897.981526}, "cmdq": 1, "read": {"device_start": -1, "device_end": -1}}, "FFC_sans_bias72": {"write": {"device_start": 1585660897.9745135, "host_queued_start": 1585660965.329601, "device_queued": 1585660897.9742088, "device_end": 1585660897.9748025, "host_queued_end": 1585660965.441683}, "device": "gpu", "nd_range": {"device_start": 1585660897.9748402, "device_end": 1585660897.9781985}, "cmdq": 0, "read": {"device_start": -1, "device_end": -1}}, "FFC_sans_bias70": {"write": {"device_start": -1, "host_queued_start": 1585660965.590913, "device_queued": -1, "device_end": -1, "host_queued_end": 1585660965.590974}, "device": "cpu", "nd_range": {"device_start": 2328741.553562755, "device_end": 2328741.596091613}, "cmdq": 1, "read": {"device_start": -1, "device_end": -1}}, "FFC_sans_bias76": {"write": {"device_start": -1, "host_queued_start": 1585660965.40845, "device_queued": -1, "device_end": -1, "host_queued_end": 1585660965.441683}, "device": "gpu", "nd_range": {"device_start": 1585660898.053316, "device_end": 1585660898.0566492}, "cmdq": 0, "read": {"device_start": -1, "device_end": -1}}, "FFC_sans_bias74": {"write": {"device_start": 1585660897.9786181, "host_queued_start": 1585660965.335976, "device_queued": 1585660897.9750977, "device_end": 1585660897.9787188, "host_queued_end": 1585660965.441683}, "device": "gpu", "nd_range": {"device_start": 1585660897.9787226, "device_end": 1585660897.9847667}, "cmdq": 0, "read": {"device_start": -1, "device_end": -1}}, "coalesced_transpose102": {"write": {"device_start": -1, "host_queued_start": 1585660965.406897, "device_queued": -1, "device_end": -1, "host_queued_end": 1585660965.441683}, "device": "gpu", "nd_range": {"device_start": 1585660898.0564961, "device_end": 1585660898.0565479}, "cmdq": 1, "read": {"device_start": -1, "device_end": -1}}, "coalesced_transpose3": {"write": {"device_start": -1, "host_queued_start": 1585660965.547846, "device_queued": -1, "device_end": -1, "host_queued_end": 1585660965.590974}, "device": "cpu", "nd_range": {"device_start": 2328740.299772208, "device_end": 2328740.300663041}, "cmdq": 2, "read": {"device_start": -1, "device_end": -1}}, "FFC_sans_bias127": {"write": {"device_start": 1585660898.0374842, "host_queued_start": 1585660965.395621, "device_queued": 1585660897.9794667, "device_end": 1585660898.0375857, "host_queued_end": 1585660965.441683}, "device": "gpu", "nd_range": {"device_start": 1585660898.037591, "device_end": 1585660898.0436184}, "cmdq": 0, "read": {"device_start": -1, "device_end": -1}}, "empty89": {"write": {"device_start": 1585660897.972296, "host_queued_start": 1585660965.310848, "device_queued": 1585660897.9719098, "device_end": 1585660897.9725513, "host_queued_end": 1585660965.441683}, "device": "gpu", "nd_range": {"device_start": 1585660897.9725544, "device_end": 1585660897.9725595}, "cmdq": 1, "read": {"device_start": -1, "device_end": -1}}, "FFC_sans_bias123": {"write": {"device_start": -1, "host_queued_start": 1585660965.414545, "device_queued": -1, "device_end": -1, "host_queued_end": 1585660965.441683}, "device": "gpu", "nd_range": {"device_start": 1585660898.0912778, "device_end": 1585660898.0977087}, "cmdq": 1, "read": {"device_start": -1, "device_end": -1}}, "empty80": {"write": {"device_start": 1585660897.9719346, "host_queued_start": 1585660965.3075, "device_queued": 1585660897.9715633, "device_end": 1585660897.9721637, "host_queued_end": 1585660965.441683}, "device": "gpu", "nd_range": {"device_start": 1585660897.9721696, "device_end": 1585660897.9721746}, "cmdq": 0, "read": {"device_start": -1, "device_end": -1}}, "empty116": {"write": {"device_start": 1585660897.97328, "host_queued_start": 1585660965.318684, "device_queued": 1585660897.9729552, "device_end": 1585660897.9735682, "host_queued_end": 1585660965.441683}, "device": "gpu", "nd_range": {"device_start": 1585660897.9735806, "device_end": 1585660897.9735842}, "cmdq": 0, "read": {"device_start": -1, "device_end": -1}}, "softmax104": {"write": {"device_start": -1, "host_queued_start": 1585660965.411686, "device_queued": -1, "device_end": -1, "host_queued_end": 1585660965.441683}, "device": "gpu", "nd_range": {"device_start": 1585660898.0800092, "device_end": 1585660898.0804346}, "cmdq": 1, "read": {"device_start": -1, "device_end": -1}}, "coalesced_transpose21": {"write": {"device_start": -1, "host_queued_start": 1585660965.549025, "device_queued": -1, "device_end": -1, "host_queued_end": 1585660965.590974}, "device": "cpu", "nd_range": {"device_start": 2328740.424975293, "device_end": 2328740.425954815}, "cmdq": 4, "read": {"device_start": -1, "device_end": -1}}, "softmax14": {"write": {"device_start": -1, "host_queued_start": 1585660965.557871, "device_queued": -1, "device_end": -1, "host_queued_end": 1585660965.590974}, "device": "cpu", "nd_range": {"device_start": 2328740.950050041, "device_end": 2328740.9507580893}, "cmdq": 4, "read": {"device_start": -1, "device_end": -1}}, "FFC_sans_bias69": {"write": {"device_start": -1, "host_queued_start": 1585660965.565788, "device_queued": -1, "device_end": -1, "host_queued_end": 1585660965.590974}, "device": "cpu", "nd_range": {"device_start": 2328741.038113722, "device_end": 2328741.153474456}, "cmdq": 3, "read": {"device_start": -1, "device_end": -1}}, "FFC_sans_bias92": {"write": {"device_start": 1585660897.9982355, "host_queued_start": 1585660965.355857, "device_queued": 1585660897.9765003, "device_end": 1585660897.9983358, "host_queued_end": 1585660965.441683}, "device": "gpu", "nd_range": {"device_start": 1585660897.9983408, "device_end": 1585660898.004375}, "cmdq": 0, "read": {"device_start": -1, "device_end": -1}}, "FFC_sans_bias60": {"write": {"device_start": -1, "host_queued_start": 1585660965.565207, "device_queued": -1, "device_end": -1, "host_queued_end": 1585660965.590974}, "device": "cpu", "nd_range": {"device_start": 2328741.15221477, "device_end": 2328741.313426929}, "cmdq": 2, "read": {"device_start": -1, "device_end": -1}}, "FFC_sans_bias61": {"write": {"device_start": -1, "host_queued_start": 1585660965.58771, "device_queued": -1, "device_end": -1, "host_queued_end": 1585660965.590974}, "device": "cpu", "nd_range": {"device_start": 2328741.3848755173, "device_end": 2328741.515606834}, "cmdq": 0, "read": {"device_start": -1, "device_end": -1}}, "FFC_sans_bias63": {"write": {"device_start": -1, "host_queued_start": 1585660965.547482, "device_queued": -1, "device_end": -1, "host_queued_end": 1585660965.590974}, "device": "cpu", "nd_range": {"device_start": 2328740.5249344273, "device_end": 2328740.5824065274}, "cmdq": 1, "read": {"device_start": -1, "device_end": -1}}, "FFC_sans_bias64": {"write": {"device_start": -1, "host_queued_start": 1585660965.541317, "device_queued": -1, "device_end": -1, "host_queued_end": 1585660965.590974}, "device": "cpu", "nd_range": {"device_start": 2328740.3021111423, "device_end": 2328740.4249610524}, "cmdq": 4, "read": {"device_start": -1, "device_end": -1}}, "FFC_sans_bias65": {"write": {"device_start": -1, "host_queued_start": 1585660965.544383, "device_queued": -1, "device_end": -1, "host_queued_end": 1585660965.590974}, "device": "cpu", "nd_range": {"device_start": 2328740.2771514542, "device_end": 2328740.482791516}, "cmdq": 0, "read": {"device_start": -1, "device_end": -1}}, "FFC_sans_bias67": {"write": {"device_start": -1, "host_queued_start": 1585660965.556824, "device_queued": -1, "device_end": -1, "host_queued_end": 1585660965.590974}, "device": "cpu", "nd_range": {"device_start": 2328740.57563679, "device_end": 2328740.6903067073}, "cmdq": 2, "read": {"device_start": -1, "device_end": -1}}, "coalesced_transpose111": {"write": {"device_start": -1, "host_queued_start": 1585660965.407203, "device_queued": -1, "device_end": -1, "host_queued_end": 1585660965.441683}, "device": "gpu", "nd_range": {"device_start": 1585660898.0532598, "device_end": 1585660898.0532901}, "cmdq": 0, "read": {"device_start": -1, "device_end": -1}}, "FFC_sans_bias136": {"write": {"device_start": 1585660898.0407488, "host_queued_start": 1585660965.398976, "device_queued": 1585660897.9795902, "device_end": 1585660898.0408506, "host_queued_end": 1585660965.441683}, "device": "gpu", "nd_range": {"device_start": 1585660898.0408554, "device_end": 1585660898.0468974}, "cmdq": 1, "read": {"device_start": -1, "device_end": -1}}, "FFC_sans_bias135": {"write": {"device_start": 1585660898.047314, "host_queued_start": 1585660965.405626, "device_queued": 1585660897.9800844, "device_end": 1585660898.0474162, "host_queued_end": 1585660965.441683}, "device": "gpu", "nd_range": {"device_start": 1585660898.0474212, "device_end": 1585660898.0534544}, "cmdq": 1, "read": {"device_start": -1, "device_end": -1}}, "FFC_sans_bias133": {"write": {"device_start": 1585660898.1323712, "host_queued_start": 1585660965.43827, "device_queued": 1585660897.9860444, "device_end": 1585660898.132657, "host_queued_end": 1585660965.441683}, "device": "gpu", "nd_range": {"device_start": 1585660898.132664, "device_end": 1585660898.135987}, "cmdq": 0, "read": {"device_start": 1585660898.1359906, "device_end": 1585660898.1360867}}, "FFC_sans_bias132": {"write": {"device_start": -1, "host_queued_start": 1585660965.414867, "device_queued": -1, "device_end": -1, "host_queued_end": 1585660965.441683}, "device": "gpu", "nd_range": {"device_start": 1585660898.1009996, "device_end": 1585660898.1074996}, "cmdq": 0, "read": {"device_start": -1, "device_end": -1}}, "softmax68": {"write": {"device_start": -1, "host_queued_start": 1585660965.561069, "device_queued": -1, "device_end": -1, "host_queued_end": 1585660965.590974}, "device": "cpu", "nd_range": {"device_start": 2328740.878038764, "device_end": 2328740.878741851}, "cmdq": 0, "read": {"device_start": -1, "device_end": -1}}, "softmax131": {"write": {"device_start": -1, "host_queued_start": 1585660965.412422, "device_queued": -1, "device_end": -1, "host_queued_end": 1585660965.441683}, "device": "gpu", "nd_range": {"device_start": 1585660898.08101, "device_end": 1585660898.0815597}, "cmdq": 0, "read": {"device_start": -1, "device_end": -1}}, "empty125": {"write": {"device_start": 1585660897.9735868, "host_queued_start": 1585660965.321258, "device_queued": 1585660897.9731743, "device_end": 1585660897.9737904, "host_queued_end": 1585660965.441683}, "device": "gpu", "nd_range": {"device_start": 1585660897.973794, "device_end": 1585660897.973798}, "cmdq": 1, "read": {"device_start": -1, "device_end": -1}}, "FFC_sans_bias139": {"write": {"device_start": -1, "host_queued_start": 1585660965.41069, "device_queued": -1, "device_end": -1, "host_queued_end": 1585660965.441683}, "device": "gpu", "nd_range": {"device_start": 1585660898.0730863, "device_end": 1585660898.079589}, "cmdq": 1, "read": {"device_start": -1, "device_end": -1}}, "empty35": {"write": {"device_start": -1, "host_queued_start": 1585660965.455605, "device_queued": -1, "device_end": -1, "host_queued_end": 1585660965.590974}, "device": "cpu", "nd_range": {"device_start": 2328739.780599281, "device_end": 2328739.780609602}, "cmdq": 3, "read": {"device_start": -1, "device_end": -1}}, "softmax86": {"write": {"device_start": -1, "host_queued_start": 1585660965.411196, "device_queued": -1, "device_end": -1, "host_queued_end": 1585660965.441683}, "device": "gpu", "nd_range": {"device_start": 1585660898.079591, "device_end": 1585660898.0800076}, "cmdq": 1, "read": {"device_start": -1, "device_end": -1}}, "FFC_sans_bias55": {"write": {"device_start": -1, "host_queued_start": 1585660965.53825, "device_queued": -1, "device_end": -1, "host_queued_end": 1585660965.590974}, "device": "cpu", "nd_range": {"device_start": 2328740.730768715, "device_end": 2328740.802211645}, "cmdq": 3, "read": {"device_start": -1, "device_end": -1}}, "FFC_sans_bias54": {"write": {"device_start": -1, "host_queued_start": 1585660965.535189, "device_queued": -1, "device_end": -1, "host_queued_end": 1585660965.590974}, "device": "cpu", "nd_range": {"device_start": 2328740.169744105, "device_end": 2328740.299552503}, "cmdq": 2, "read": {"device_start": -1, "device_end": -1}}, "FFC_sans_bias56": {"write": {"device_start": -1, "host_queued_start": 1585660965.532127, "device_queued": -1, "device_end": -1, "host_queued_end": 1585660965.590974}, "device": "cpu", "nd_range": {"device_start": 2328740.400870042, "device_end": 2328740.5246950933}, "cmdq": 1, "read": {"device_start": -1, "device_end": -1}}, "FFC_sans_bias51": {"write": {"device_start": -1, "host_queued_start": 1585660965.564625, "device_queued": -1, "device_end": -1, "host_queued_end": 1585660965.590974}, "device": "cpu", "nd_range": {"device_start": 2328741.301018035, "device_end": 2328741.429476006}, "cmdq": 1, "read": {"device_start": -1, "device_end": -1}}, "FFC_sans_bias52": {"write": {"device_start": -1, "host_queued_start": 1585660965.584479, "device_queued": -1, "device_end": -1, "host_queued_end": 1585660965.590974}, "device": "cpu", "nd_range": {"device_start": 2328741.457809093, "device_end": 2328741.539794999}, "cmdq": 4, "read": {"device_start": -1, "device_end": -1}}, "FFC_sans_bias58": {"write": {"device_start": -1, "host_queued_start": 1585660965.556237, "device_queued": -1, "device_end": -1, "host_queued_end": 1585660965.590974}, "device": "cpu", "nd_range": {"device_start": 2328740.8916394073, "device_end": 2328741.052394031}, "cmdq": 1, "read": {"device_start": -1, "device_end": -1}}, "FFC_sans_bias108": {"write": {"device_start": 1585660898.0113308, "host_queued_start": 1585660965.369109, "device_queued": 1585660897.977405, "device_end": 1585660898.0114353, "host_queued_end": 1585660965.441683}, "device": "gpu", "nd_range": {"device_start": 1585660898.0114398, "device_end": 1585660898.017456}, "cmdq": 0, "read": {"device_start": -1, "device_end": -1}}, "FFC_sans_bias109": {"write": {"device_start": 1585660898.014877, "host_queued_start": 1585660965.372397, "device_queued": 1585660897.9775295, "device_end": 1585660898.014984, "host_queued_end": 1585660965.441683}, "device": "gpu", "nd_range": {"device_start": 1585660898.0149891, "device_end": 1585660898.0207572}, "cmdq": 1, "read": {"device_start": -1, "device_end": -1}}, "coalesced_transpose129": {"write": {"device_start": -1, "host_queued_start": 1585660965.407812, "device_queued": -1, "device_end": -1, "host_queued_end": 1585660965.441683}, "device": "gpu", "nd_range": {"device_start": 1585660898.0532916, "device_end": 1585660898.0533142}, "cmdq": 0, "read": {"device_start": -1, "device_end": -1}}, "FFC_sans_bias103": {"write": {"device_start": -1, "host_queued_start": 1585660965.409395, "device_queued": -1, "device_end": -1, "host_queued_end": 1585660965.441683}, "device": "gpu", "nd_range": {"device_start": 1585660898.0600193, "device_end": 1585660898.0666294}, "cmdq": 1, "read": {"device_start": -1, "device_end": -1}}, "FFC_sans_bias100": {"write": {"device_start": 1585660898.0047905, "host_queued_start": 1585660965.362448, "device_queued": 1585660897.976954, "device_end": 1585660898.0048935, "host_queued_end": 1585660965.441683}, "device": "gpu", "nd_range": {"device_start": 1585660898.004899, "device_end": 1585660898.0109236}, "cmdq": 0, "read": {"device_start": -1, "device_end": -1}}, "FFC_sans_bias101": {"write": {"device_start": 1585660898.0080988, "host_queued_start": 1585660965.365801, "device_queued": 1585660897.977078, "device_end": 1585660898.0082023, "host_queued_end": 1585660965.441683}, "device": "gpu", "nd_range": {"device_start": 1585660898.0082076, "device_end": 1585660898.014187}, "cmdq": 1, "read": {"device_start": -1, "device_end": -1}}, "FFC_sans_bias106": {"write": {"device_start": 1585660898.111555, "host_queued_start": 1585660965.428394, "device_queued": 1585660897.98494, "device_end": 1585660898.1116529, "host_queued_end": 1585660965.441683}, "device": "gpu", "nd_range": {"device_start": 1585660898.1116557, "device_end": 1585660898.117249}, "cmdq": 1, "read": {"device_start": 1585660898.1172514, "device_end": 1585660898.1173482}}, "softmax122": {"write": {"device_start": -1, "host_queued_start": 1585660965.412176, "device_queued": -1, "device_end": -1, "host_queued_end": 1585660965.441683}, "device": "gpu", "nd_range": {"device_start": 1585660898.0804362, "device_end": 1585660898.0808625}, "cmdq": 1, "read": {"device_start": -1, "device_end": -1}}, "FFC_sans_bias105": {"write": {"device_start": -1, "host_queued_start": 1585660965.413918, "device_queued": -1, "device_end": -1, "host_queued_end": 1585660965.441683}, "device": "gpu", "nd_range": {"device_start": 1585660898.0846584, "device_end": 1585660898.091277}, "cmdq": 1, "read": {"device_start": -1, "device_end": -1}}, "softmax95": {"write": {"device_start": -1, "host_queued_start": 1585660965.411441, "device_queued": -1, "device_end": -1, "host_queued_end": 1585660965.441683}, "device": "gpu", "nd_range": {"device_start": 1585660898.0801508, "device_end": 1585660898.0805798}, "cmdq": 0, "read": {"device_start": -1, "device_end": -1}}, "coalesced_transpose57": {"write": {"device_start": -1, "host_queued_start": 1585660965.551506, "device_queued": -1, "device_end": -1, "host_queued_end": 1585660965.590974}, "device": "cpu", "nd_range": {"device_start": 2328740.8035260243, "device_end": 2328740.804422217}, "cmdq": 3, "read": {"device_start": -1, "device_end": -1}}, "empty26": {"write": {"device_start": -1, "host_queued_start": 1585660965.452633, "device_queued": -1, "device_end": -1, "host_queued_end": 1585660965.590974}, "device": "cpu", "nd_range": {"device_start": 2328739.780628952, "device_end": 2328739.780629958}, "cmdq": 2, "read": {"device_start": -1, "device_end": -1}}, "softmax113": {"write": {"device_start": -1, "host_queued_start": 1585660965.411936, "device_queued": -1, "device_end": -1, "host_queued_end": 1585660965.441683}, "device": "gpu", "nd_range": {"device_start": 1585660898.0805812, "device_end": 1585660898.0810084}, "cmdq": 0, "read": {"device_start": -1, "device_end": -1}}, "FFC_sans_bias11": {"write": {"device_start": -1, "host_queued_start": 1585660965.48748, "device_queued": -1, "device_end": -1, "host_queued_end": 1585660965.590974}, "device": "cpu", "nd_range": {"device_start": 2328740.4334301823, "device_end": 2328740.545198954}, "cmdq": 3, "read": {"device_start": -1, "device_end": -1}}, "FFC_sans_bias42": {"write": {"device_start": -1, "host_queued_start": 1585660965.564026, "device_queued": -1, "device_end": -1, "host_queued_end": 1585660965.590974}, "device": "cpu", "nd_range": {"device_start": 2328740.8787501752, "device_end": 2328740.9518076694}, "cmdq": 0, "read": {"device_start": -1, "device_end": -1}}, "FFC_sans_bias43": {"write": {"device_start": -1, "host_queued_start": 1585660965.581244, "device_queued": -1, "device_end": -1, "host_queued_end": 1585660965.590974}, "device": "cpu", "nd_range": {"device_start": 2328741.153708559, "device_end": 2328741.284084834}, "cmdq": 3, "read": {"device_start": -1, "device_end": -1}}, "FFC_sans_bias40": {"write": {"device_start": -1, "host_queued_start": 1585660965.55506, "device_queued": -1, "device_end": -1, "host_queued_end": 1585660965.590974}, "device": "cpu", "nd_range": {"device_start": 2328740.583601489, "device_end": 2328740.6754810843}, "cmdq": 4, "read": {"device_start": -1, "device_end": -1}}, "FFC_sans_bias46": {"write": {"device_start": -1, "host_queued_start": 1585660965.525915, "device_queued": -1, "device_end": -1, "host_queued_end": 1585660965.590974}, "device": "cpu", "nd_range": {"device_start": 2328740.149763061, "device_end": 2328740.302090466}, "cmdq": 4, "read": {"device_start": -1, "device_end": -1}}, "FFC_sans_bias47": {"write": {"device_start": -1, "host_queued_start": 1585660965.529003, "device_queued": -1, "device_end": -1, "host_queued_end": 1585660965.590974}, "device": "cpu", "nd_range": {"device_start": 2328740.152922466, "device_end": 2328740.277130758}, "cmdq": 0, "read": {"device_start": -1, "device_end": -1}}, "FFC_sans_bias45": {"write": {"device_start": -1, "host_queued_start": 1585660965.522853, "device_queued": -1, "device_end": -1, "host_queued_end": 1585660965.590974}, "device": "cpu", "nd_range": {"device_start": 2328740.676947393, "device_end": 2328740.73057992}, "cmdq": 3, "read": {"device_start": -1, "device_end": -1}}, "FFC_sans_bias49": {"write": {"device_start": -1, "host_queued_start": 1585660965.555651, "device_queued": -1, "device_end": -1, "host_queued_end": 1585660965.590974}, "device": "cpu", "nd_range": {"device_start": 2328740.7681526733, "device_end": 2328740.877289745}, "cmdq": 0, "read": {"device_start": -1, "device_end": -1}}, "softmax77": {"write": {"device_start": -1, "host_queued_start": 1585660965.410947, "device_queued": -1, "device_end": -1, "host_queued_end": 1585660965.441683}, "device": "gpu", "nd_range": {"device_start": 1585660898.0763898, "device_end": 1585660898.0801492}, "cmdq": 0, "read": {"device_start": -1, "device_end": -1}}, "empty134": {"write": {"device_start": 1585660897.973914, "host_queued_start": 1585660965.323866, "device_queued": 1585660897.973585, "device_end": 1585660897.9741874, "host_queued_end": 1585660965.441683}, "device": "gpu", "nd_range": {"device_start": 1585660897.9742007, "device_end": 1585660897.974205}, "cmdq": 0, "read": {"device_start": -1, "device_end": -1}}, "coalesced_transpose138": {"write": {"device_start": -1, "host_queued_start": 1585660965.408111, "device_queued": -1, "device_end": -1, "host_queued_end": 1585660965.441683}, "device": "gpu", "nd_range": {"device_start": 1585660898.0566142, "device_end": 1585660898.056644}, "cmdq": 1, "read": {"device_start": -1, "device_end": -1}}, "FFC_sans_bias119": {"write": {"device_start": 1585660898.0276859, "host_queued_start": 1585660965.385622, "device_queued": 1585660897.9785964, "device_end": 1585660898.027795, "host_queued_end": 1585660965.441683}, "device": "gpu", "nd_range": {"device_start": 1585660898.0278006, "device_end": 1585660898.0338438}, "cmdq": 1, "read": {"device_start": -1, "device_end": -1}}, "FFC_sans_bias118": {"write": {"device_start": 1585660898.0244005, "host_queued_start": 1585660965.382259, "device_queued": 1585660897.9784262, "device_end": 1585660898.0245059, "host_queued_end": 1585660965.441683}, "device": "gpu", "nd_range": {"device_start": 1585660898.0245109, "device_end": 1585660898.0305107}, "cmdq": 0, "read": {"device_start": -1, "device_end": -1}}, "empty143": {"write": {"device_start": 1585660897.9742148, "host_queued_start": 1585660965.326483, "device_queued": 1585660897.9738119, "device_end": 1585660897.9744825, "host_queued_end": 1585660965.441683}, "device": "gpu", "nd_range": {"device_start": 1585660897.9744892, "device_end": 1585660897.974494}, "cmdq": 1, "read": {"device_start": -1, "device_end": -1}}, "FFC_sans_bias115": {"write": {"device_start": 1585660898.1249428, "host_queued_start": 1585660965.431709, "device_queued": 1585660897.9855108, "device_end": 1585660898.1252742, "host_queued_end": 1585660965.441683}, "device": "gpu", "nd_range": {"device_start": 1585660898.1252873, "device_end": 1585660898.1286547}, "cmdq": 0, "read": {"device_start": 1585660898.1286576, "device_end": 1585660898.1287603}}, "FFC_sans_bias114": {"write": {"device_start": -1, "host_queued_start": 1585660965.414229, "device_queued": -1, "device_end": -1, "host_queued_end": 1585660965.441683}, "device": "gpu", "nd_range": {"device_start": 1585660898.0944397, "device_end": 1585660898.1009977}, "cmdq": 0, "read": {"device_start": -1, "device_end": -1}}, "FFC_sans_bias117": {"write": {"device_start": 1585660898.0211775, "host_queued_start": 1585660965.378974, "device_queued": 1585660897.9780154, "device_end": 1585660898.021279, "host_queued_end": 1585660965.441683}, "device": "gpu", "nd_range": {"device_start": 1585660898.0212865, "device_end": 1585660898.0272202}, "cmdq": 1, "read": {"device_start": -1, "device_end": -1}}, "softmax5": {"write": {"device_start": -1, "host_queued_start": 1585660965.557357, "device_queued": -1, "device_end": -1, "host_queued_end": 1585660965.590974}, "device": "cpu", "nd_range": {"device_start": 2328740.9128983133, "device_end": 2328740.9136010553}, "cmdq": 3, "read": {"device_start": -1, "device_end": -1}}, "FFC_sans_bias110": {"write": {"device_start": 1585660898.017869, "host_queued_start": 1585660965.375669, "device_queued": 1585660897.9778888, "device_end": 1585660898.017971, "host_queued_end": 1585660965.441683}, "device": "gpu", "nd_range": {"device_start": 1585660898.0179765, "device_end": 1585660898.023995}, "cmdq": 0, "read": {"device_start": -1, "device_end": -1}}, "FFC_sans_bias112": {"write": {"device_start": -1, "host_queued_start": 1585660965.409709, "device_queued": -1, "device_end": -1, "host_queued_end": 1585660965.441683}, "device": "gpu", "nd_range": {"device_start": 1585660898.063346, "device_end": 1585660898.0697944}, "cmdq": 0, "read": {"device_start": -1, "device_end": -1}}, "empty53": {"write": {"device_start": -1, "host_queued_start": 1585660965.461565, "device_queued": -1, "device_end": -1, "host_queued_end": 1585660965.590974}, "device": "cpu", "nd_range": {"device_start": 2328739.7806555224, "device_end": 2328739.780656884}, "cmdq": 0, "read": {"device_start": -1, "device_end": -1}}, "coalesced_transpose48": {"write": {"device_start": -1, "host_queued_start": 1585660965.550864, "device_queued": -1, "device_end": -1, "host_queued_end": 1585660965.590974}, "device": "cpu", "nd_range": {"device_start": 2328740.4269298944, "device_end": 2328740.4278809084}, "cmdq": 2, "read": {"device_start": -1, "device_end": -1}}}