{"FFC_sans_bias4": {"write": {"device_start": -1, "host_queued_start": 1585660403.657178, "device_queued": -1, "device_end": -1, "host_queued_end": 1585660403.710666}, "device": "cpu", "nd_range": {"device_start": 2328179.130746353, "device_end": 2328179.223867558}, "cmdq": 1, "read": {"device_start": -1, "device_end": -1}}, "FFC_sans_bias7": {"write": {"device_start": -1, "host_queued_start": 1585660403.679388, "device_queued": -1, "device_end": -1, "host_queued_end": 1585660403.710666}, "device": "cpu", "nd_range": {"device_start": 2328180.008168621, "device_end": 2328180.132312654}, "cmdq": 1, "read": {"device_start": -1, "device_end": -1}}, "FFC_sans_bias6": {"write": {"device_start": -1, "host_queued_start": 1585660403.669904, "device_queued": -1, "device_end": -1, "host_queued_end": 1585660403.710666}, "device": "cpu", "nd_range": {"device_start": 2328179.637358499, "device_end": 2328179.761394761}, "cmdq": 2, "read": {"device_start": -1, "device_end": -1}}, "FFC_sans_bias1": {"write": {"device_start": -1, "host_queued_start": 1585660403.541844, "device_queued": -1, "device_end": -1, "host_queued_end": 1585660403.710666}, "device": "cpu", "nd_range": {"device_start": 2328177.900339522, "device_end": 2328178.0377903134}, "cmdq": 0, "read": {"device_start": -1, "device_end": -1}}, "FFC_sans_bias0": {"write": {"device_start": -1, "host_queued_start": 1585660403.538232, "device_queued": -1, "device_end": -1, "host_queued_end": 1585660403.710666}, "device": "cpu", "nd_range": {"device_start": 2328177.900341223, "device_end": 2328177.969635147}, "cmdq": 2, "read": {"device_start": -1, "device_end": -1}}, "FFC_sans_bias2": {"write": {"device_start": -1, "host_queued_start": 1585660403.545345, "device_queued": -1, "device_end": -1, "host_queued_end": 1585660403.710666}, "device": "cpu", "nd_range": {"device_start": 2328177.900336905, "device_end": 2328177.9964582073}, "cmdq": 1, "read": {"device_start": -1, "device_end": -1}}, "coalesced_transpose120": {"write": {"device_start": -1, "host_queued_start": 1585660403.4801, "device_queued": -1, "device_end": -1, "host_queued_end": 1585660403.502641}, "device": "gpu", "nd_range": {"device_start": 1585660336.1054144, "device_end": 1585660336.105433}, "cmdq": 0, "read": {"device_start": -1, "device_end": -1}}, "FFC_sans_bias9": {"write": {"device_start": -1, "host_queued_start": 1585660403.548901, "device_queued": -1, "device_end": -1, "host_queued_end": 1585660403.710666}, "device": "cpu", "nd_range": {"device_start": 2328177.9927281463, "device_end": 2328178.077517272}, "cmdq": 2, "read": {"device_start": -1, "device_end": -1}}, "empty71": {"write": {"device_start": -1, "host_queued_start": 1585660403.526942, "device_queued": -1, "device_end": -1, "host_queued_end": 1585660403.710666}, "device": "cpu", "nd_range": {"device_start": 2328177.9003257332, "device_end": 2328177.9003263903}, "cmdq": 1, "read": {"device_start": -1, "device_end": -1}}, "softmax41": {"write": {"device_start": -1, "host_queued_start": 1585660403.666094, "device_queued": -1, "device_end": -1, "host_queued_end": 1585660403.710666}, "device": "cpu", "nd_range": {"device_start": 2328179.575329549, "device_end": 2328179.5760450903}, "cmdq": 1, "read": {"device_start": -1, "device_end": -1}}, "FFC_sans_bias37": {"write": {"device_start": -1, "host_queued_start": 1585660403.583847, "device_queued": -1, "device_end": -1, "host_queued_end": 1585660403.710666}, "device": "cpu", "nd_range": {"device_start": 2328178.3429543963, "device_end": 2328178.4546260564}, "cmdq": 0, "read": {"device_start": -1, "device_end": -1}}, "FFC_sans_bias36": {"write": {"device_start": -1, "host_queued_start": 1585660403.580426, "device_queued": -1, "device_end": -1, "host_queued_end": 1585660403.710666}, "device": "cpu", "nd_range": {"device_start": 2328178.298630954, "device_end": 2328178.399252896}, "cmdq": 2, "read": {"device_start": -1, "device_end": -1}}, "FFC_sans_bias34": {"write": {"device_start": -1, "host_queued_start": 1585660403.688724, "device_queued": -1, "device_end": -1, "host_queued_end": 1585660403.710666}, "device": "cpu", "nd_range": {"device_start": 2328180.132428149, "device_end": 2328180.259105775}, "cmdq": 1, "read": {"device_start": -1, "device_end": -1}}, "FFC_sans_bias33": {"write": {"device_start": -1, "host_queued_start": 1585660403.671667, "device_queued": -1, "device_end": -1, "host_queued_end": 1585660403.710666}, "device": "cpu", "nd_range": {"device_start": 2328179.761660592, "device_end": 2328179.888586596}, "cmdq": 2, "read": {"device_start": -1, "device_end": -1}}, "FFC_sans_bias31": {"write": {"device_start": -1, "host_queued_start": 1585660403.659045, "device_queued": -1, "device_end": -1, "host_queued_end": 1585660403.710666}, "device": "cpu", "nd_range": {"device_start": 2328179.22391438, "device_end": 2328179.3466639}, "cmdq": 1, "read": {"device_start": -1, "device_end": -1}}, "FFC_sans_bias38": {"write": {"device_start": -1, "host_queued_start": 1585660403.587375, "device_queued": -1, "device_end": -1, "host_queued_end": 1585660403.710666}, "device": "cpu", "nd_range": {"device_start": 2328178.408267118, "device_end": 2328178.550129714}, "cmdq": 1, "read": {"device_start": -1, "device_end": -1}}, "coalesced_transpose75": {"write": {"device_start": -1, "host_queued_start": 1585660403.655365, "device_queued": -1, "device_end": -1, "host_queued_end": 1585660403.710666}, "device": "cpu", "nd_range": {"device_start": 2328179.1297445083, "device_end": 2328179.1306140344}, "cmdq": 1, "read": {"device_start": -1, "device_end": -1}}, "softmax140": {"write": {"device_start": -1, "host_queued_start": 1585660403.483747, "device_queued": -1, "device_end": -1, "host_queued_end": 1585660403.502641}, "device": "gpu", "nd_range": {"device_start": 1585660336.1239665, "device_end": 1585660336.1243887}, "cmdq": 0, "read": {"device_start": -1, "device_end": -1}}, "empty44": {"write": {"device_start": -1, "host_queued_start": 1585660403.518469, "device_queued": -1, "device_end": -1, "host_queued_end": 1585660403.710666}, "device": "cpu", "nd_range": {"device_start": 2328177.900319099, "device_end": 2328177.900320126}, "cmdq": 1, "read": {"device_start": -1, "device_end": -1}}, "FFC_sans_bias137": {"write": {"device_start": 1585660336.0981011, "host_queued_start": 1585660403.47564, "device_queued": 1585660336.051944, "device_end": 1585660336.0981963, "host_queued_end": 1585660403.502641}, "device": "gpu", "nd_range": {"device_start": 1585660336.0981998, "device_end": 1585660336.1015718}, "cmdq": 0, "read": {"device_start": -1, "device_end": -1}}, "empty8": {"write": {"device_start": -1, "host_queued_start": 1585660403.506756, "device_queued": -1, "device_end": -1, "host_queued_end": 1585660403.710666}, "device": "cpu", "nd_range": {"device_start": 2328177.900288796, "device_end": 2328177.900299428}, "cmdq": 0, "read": {"device_start": -1, "device_end": -1}}, "softmax50": {"write": {"device_start": -1, "host_queued_start": 1585660403.666627, "device_queued": -1, "device_end": -1, "host_queued_end": 1585660403.710666}, "device": "cpu", "nd_range": {"device_start": 2328179.6356311413, "device_end": 2328179.636358764}, "cmdq": 2, "read": {"device_start": -1, "device_end": -1}}, "softmax59": {"write": {"device_start": -1, "host_queued_start": 1585660403.667151, "device_queued": -1, "device_end": -1, "host_queued_end": 1585660403.710666}, "device": "cpu", "nd_range": {"device_start": 2328179.543394411, "device_end": 2328179.54411423}, "cmdq": 0, "read": {"device_start": -1, "device_end": -1}}, "FFC_sans_bias142": {"write": {"device_start": 1585660336.157934, "host_queued_start": 1585660403.502517, "device_queued": 1585660336.0558333, "device_end": 1585660336.1580272, "host_queued_end": 1585660403.502641}, "device": "gpu", "nd_range": {"device_start": 1585660336.1580303, "device_end": 1585660336.1613538}, "cmdq": 0, "read": {"device_start": 1585660336.161356, "device_end": 1585660336.1614442}}, "FFC_sans_bias141": {"write": {"device_start": -1, "host_queued_start": 1585660403.485403, "device_queued": -1, "device_end": -1, "host_queued_end": 1585660403.502641}, "device": "gpu", "nd_range": {"device_start": 1585660336.137761, "device_end": 1585660336.1411011}, "cmdq": 0, "read": {"device_start": -1, "device_end": -1}}, "FFC_sans_bias24": {"write": {"device_start": -1, "host_queued_start": 1585660403.671082, "device_queued": -1, "device_end": -1, "host_queued_end": 1585660403.710666}, "device": "cpu", "nd_range": {"device_start": 2328179.69577307, "device_end": 2328179.762936808}, "cmdq": 1, "read": {"device_start": -1, "device_end": -1}}, "FFC_sans_bias25": {"write": {"device_start": -1, "host_queued_start": 1585660403.685578, "device_queued": -1, "device_end": -1, "host_queued_end": 1585660403.710666}, "device": "cpu", "nd_range": {"device_start": 2328180.063742312, "device_end": 2328180.187790914}, "cmdq": 0, "read": {"device_start": -1, "device_end": -1}}, "FFC_sans_bias27": {"write": {"device_start": -1, "host_queued_start": 1585660403.57008, "device_queued": -1, "device_end": -1, "host_queued_end": 1585660403.710666}, "device": "cpu", "nd_range": {"device_start": 2328178.1704031182, "device_end": 2328178.298604818}, "cmdq": 2, "read": {"device_start": -1, "device_end": -1}}, "FFC_sans_bias20": {"write": {"device_start": -1, "host_queued_start": 1585660403.566612, "device_queued": -1, "device_end": -1, "host_queued_end": 1585660403.710666}, "device": "cpu", "nd_range": {"device_start": 2328178.1284587733, "device_end": 2328178.253173362}, "cmdq": 1, "read": {"device_start": -1, "device_end": -1}}, "FFC_sans_bias22": {"write": {"device_start": -1, "host_queued_start": 1585660403.658379, "device_queued": -1, "device_end": -1, "host_queued_end": 1585660403.710666}, "device": "cpu", "nd_range": {"device_start": 2328179.173685051, "device_end": 2328179.2975708772}, "cmdq": 0, "read": {"device_start": -1, "device_end": -1}}, "FFC_sans_bias130": {"write": {"device_start": -1, "host_queued_start": 1585660403.482116, "device_queued": -1, "device_end": -1, "host_queued_end": 1585660403.502641}, "device": "gpu", "nd_range": {"device_start": 1585660336.115549, "device_end": 1585660336.1188984}, "cmdq": 0, "read": {"device_start": -1, "device_end": -1}}, "FFC_sans_bias28": {"write": {"device_start": -1, "host_queued_start": 1585660403.573594, "device_queued": -1, "device_end": -1, "host_queued_end": 1585660403.710666}, "device": "cpu", "nd_range": {"device_start": 2328178.247328572, "device_end": 2328178.342714177}, "cmdq": 0, "read": {"device_start": -1, "device_end": -1}}, "FFC_sans_bias29": {"write": {"device_start": -1, "host_queued_start": 1585660403.577016, "device_queued": -1, "device_end": -1, "host_queued_end": 1585660403.710666}, "device": "cpu", "nd_range": {"device_start": 2328178.253359966, "device_end": 2328178.408064179}, "cmdq": 1, "read": {"device_start": -1, "device_end": -1}}, "coalesced_transpose66": {"write": {"device_start": -1, "host_queued_start": 1585660403.654776, "device_queued": -1, "device_end": -1, "host_queued_end": 1585660403.710666}, "device": "cpu", "nd_range": {"device_start": 2328179.171932795, "device_end": 2328179.172823565}, "cmdq": 0, "read": {"device_start": -1, "device_end": -1}}, "coalesced_transpose93": {"write": {"device_start": -1, "host_queued_start": 1585660403.656587, "device_queued": -1, "device_end": -1, "host_queued_end": 1585660403.710666}, "device": "cpu", "nd_range": {"device_start": 2328179.172832781, "device_end": 2328179.173673786}, "cmdq": 0, "read": {"device_start": -1, "device_end": -1}}, "softmax23": {"write": {"device_start": -1, "host_queued_start": 1585660403.664945, "device_queued": -1, "device_end": -1, "host_queued_end": 1585660403.710666}, "device": "cpu", "nd_range": {"device_start": 2328179.6347203082, "device_end": 2328179.635461938}, "cmdq": 2, "read": {"device_start": -1, "device_end": -1}}, "empty62": {"write": {"device_start": -1, "host_queued_start": 1585660403.524145, "device_queued": -1, "device_end": -1, "host_queued_end": 1585660403.710666}, "device": "cpu", "nd_range": {"device_start": 2328177.900327762, "device_end": 2328177.900328486}, "cmdq": 0, "read": {"device_start": -1, "device_end": -1}}, "FFC_sans_bias10": {"write": {"device_start": -1, "host_queued_start": 1585660403.552488, "device_queued": -1, "device_end": -1, "host_queued_end": 1585660403.710666}, "device": "cpu", "nd_range": {"device_start": 2328178.037811647, "device_end": 2328178.162944897}, "cmdq": 0, "read": {"device_start": -1, "device_end": -1}}, "FFC_sans_bias13": {"write": {"device_start": -1, "host_queued_start": 1585660403.657768, "device_queued": -1, "device_end": -1, "host_queued_end": 1585660403.710666}, "device": "cpu", "nd_range": {"device_start": 2328179.2017817483, "device_end": 2328179.329573799}, "cmdq": 2, "read": {"device_start": -1, "device_end": -1}}, "FFC_sans_bias15": {"write": {"device_start": -1, "host_queued_start": 1585660403.67049, "device_queued": -1, "device_end": -1, "host_queued_end": 1585660403.710666}, "device": "cpu", "nd_range": {"device_start": 2328179.577494812, "device_end": 2328179.6960923723}, "cmdq": 0, "read": {"device_start": -1, "device_end": -1}}, "FFC_sans_bias16": {"write": {"device_start": -1, "host_queued_start": 1585660403.682442, "device_queued": -1, "device_end": -1, "host_queued_end": 1585660403.710666}, "device": "cpu", "nd_range": {"device_start": 2328180.144177501, "device_end": 2328180.272908071}, "cmdq": 2, "read": {"device_start": -1, "device_end": -1}}, "FFC_sans_bias19": {"write": {"device_start": -1, "host_queued_start": 1585660403.563061, "device_queued": -1, "device_end": -1, "host_queued_end": 1585660403.710666}, "device": "cpu", "nd_range": {"device_start": 2328178.162960199, "device_end": 2328178.24730181}, "cmdq": 0, "read": {"device_start": -1, "device_end": -1}}, "FFC_sans_bias18": {"write": {"device_start": -1, "host_queued_start": 1585660403.559517, "device_queued": -1, "device_end": -1, "host_queued_end": 1585660403.710666}, "device": "cpu", "nd_range": {"device_start": 2328178.077736798, "device_end": 2328178.170386015}, "cmdq": 2, "read": {"device_start": -1, "device_end": -1}}, "FFC_sans_bias99": {"write": {"device_start": 1585660336.0495894, "host_queued_start": 1585660403.430945, "device_queued": 1585660336.0485735, "device_end": 1585660336.049682, "host_queued_end": 1585660403.502641}, "device": "gpu", "nd_range": {"device_start": 1585660336.049692, "device_end": 1585660336.0530226}, "cmdq": 0, "read": {"device_start": -1, "device_end": -1}}, "FFC_sans_bias91": {"write": {"device_start": -1, "host_queued_start": 1585660403.647133, "device_queued": -1, "device_end": -1, "host_queued_end": 1585660403.710666}, "device": "cpu", "nd_range": {"device_start": 2328179.098009814, "device_end": 2328179.170164028}, "cmdq": 0, "read": {"device_start": -1, "device_end": -1}}, "FFC_sans_bias90": {"write": {"device_start": -1, "host_queued_start": 1585660403.643742, "device_queued": -1, "device_end": -1, "host_queued_end": 1585660403.710666}, "device": "cpu", "nd_range": {"device_start": 2328178.970388111, "device_end": 2328179.075482313}, "cmdq": 2, "read": {"device_start": -1, "device_end": -1}}, "coalesced_transpose12": {"write": {"device_start": -1, "host_queued_start": 1585660403.651252, "device_queued": -1, "device_end": -1, "host_queued_end": 1585660403.710666}, "device": "cpu", "nd_range": {"device_start": 2328179.1701762713, "device_end": 2328179.1710380632}, "cmdq": 0, "read": {"device_start": -1, "device_end": -1}}, "FFC_sans_bias94": {"write": {"device_start": -1, "host_queued_start": 1585660403.663351, "device_queued": -1, "device_end": -1, "host_queued_end": 1585660403.710666}, "device": "cpu", "nd_range": {"device_start": 2328179.570096711, "device_end": 2328179.634439141}, "cmdq": 2, "read": {"device_start": -1, "device_end": -1}}, "FFC_sans_bias97": {"write": {"device_start": -1, "host_queued_start": 1585660403.710609, "device_queued": -1, "device_end": -1, "host_queued_end": 1585660403.710666}, "device": "cpu", "nd_range": {"device_start": 2328180.487808851, "device_end": 2328180.530110664}, "cmdq": 2, "read": {"device_start": -1, "device_end": -1}}, "FFC_sans_bias96": {"write": {"device_start": -1, "host_queued_start": 1585660403.676039, "device_queued": -1, "device_end": -1, "host_queued_end": 1585660403.710666}, "device": "cpu", "nd_range": {"device_start": 2328179.941549959, "device_end": 2328180.0637235283}, "cmdq": 0, "read": {"device_start": -1, "device_end": -1}}, "FFC_sans_bias124": {"write": {"device_start": 1585660336.1497438, "host_queued_start": 1585660403.495612, "device_queued": 1585660336.0552633, "device_end": 1585660336.1498384, "host_queued_end": 1585660403.502641}, "device": "gpu", "nd_range": {"device_start": 1585660336.1498444, "device_end": 1585660336.1531625}, "cmdq": 0, "read": {"device_start": 1585660336.1531703, "device_end": 1585660336.1532643}}, "FFC_sans_bias126": {"write": {"device_start": 1585660336.086878, "host_queued_start": 1585660403.465195, "device_queued": 1585660336.0512912, "device_end": 1585660336.086971, "host_queued_end": 1585660403.502641}, "device": "gpu", "nd_range": {"device_start": 1585660336.086974, "device_end": 1585660336.0903347}, "cmdq": 0, "read": {"device_start": -1, "device_end": -1}}, "softmax32": {"write": {"device_start": -1, "host_queued_start": 1585660403.665541, "device_queued": -1, "device_end": -1, "host_queued_end": 1585660403.710666}, "device": "cpu", "nd_range": {"device_start": 2328179.542681205, "device_end": 2328179.543383593}, "cmdq": 0, "read": {"device_start": -1, "device_end": -1}}, "coalesced_transpose84": {"write": {"device_start": -1, "host_queued_start": 1585660403.656012, "device_queued": -1, "device_end": -1, "host_queued_end": 1585660403.710666}, "device": "cpu", "nd_range": {"device_start": 2328179.109881794, "device_end": 2328179.110776817}, "cmdq": 2, "read": {"device_start": -1, "device_end": -1}}, "FFC_sans_bias121": {"write": {"device_start": -1, "host_queued_start": 1585660403.481645, "device_queued": -1, "device_end": -1, "host_queued_end": 1585660403.502641}, "device": "gpu", "nd_range": {"device_start": 1585660336.1121926, "device_end": 1585660336.115548}, "cmdq": 0, "read": {"device_start": -1, "device_end": -1}}, "empty98": {"write": {"device_start": -1, "host_queued_start": 1585660403.535296, "device_queued": -1, "device_end": -1, "host_queued_end": 1585660403.710666}, "device": "cpu", "nd_range": {"device_start": 2328177.900331107, "device_end": 2328177.9003316853}, "cmdq": 1, "read": {"device_start": -1, "device_end": -1}}, "empty107": {"write": {"device_start": 1585660336.0476046, "host_queued_start": 1585660403.416185, "device_queued": 1585660336.0472782, "device_end": 1585660336.0477087, "host_queued_end": 1585660403.502641}, "device": "gpu", "nd_range": {"device_start": 1585660336.0477135, "device_end": 1585660336.0477178}, "cmdq": 0, "read": {"device_start": -1, "device_end": -1}}, "empty17": {"write": {"device_start": -1, "host_queued_start": 1585660403.509815, "device_queued": -1, "device_end": -1, "host_queued_end": 1585660403.710666}, "device": "cpu", "nd_range": {"device_start": 2328177.900288904, "device_end": 2328177.900299389}, "cmdq": 1, "read": {"device_start": -1, "device_end": -1}}, "FFC_sans_bias87": {"write": {"device_start": -1, "host_queued_start": 1585660403.675443, "device_queued": -1, "device_end": -1, "host_queued_end": 1585660403.710666}, "device": "cpu", "nd_range": {"device_start": 2328180.015102534, "device_end": 2328180.143946711}, "cmdq": 2, "read": {"device_start": -1, "device_end": -1}}, "FFC_sans_bias85": {"write": {"device_start": -1, "host_queued_start": 1585660403.662762, "device_queued": -1, "device_end": -1, "host_queued_end": 1585660403.710666}, "device": "cpu", "nd_range": {"device_start": 2328179.4689801834, "device_end": 2328179.574575527}, "cmdq": 1, "read": {"device_start": -1, "device_end": -1}}, "FFC_sans_bias82": {"write": {"device_start": -1, "host_queued_start": 1585660403.636938, "device_queued": -1, "device_end": -1, "host_queued_end": 1585660403.710666}, "device": "cpu", "nd_range": {"device_start": 2328179.01402712, "device_end": 2328179.097987681}, "cmdq": 0, "read": {"device_start": -1, "device_end": -1}}, "FFC_sans_bias83": {"write": {"device_start": -1, "host_queued_start": 1585660403.640352, "device_queued": -1, "device_end": -1, "host_queued_end": 1585660403.710666}, "device": "cpu", "nd_range": {"device_start": 2328178.9410993382, "device_end": 2328179.0357401213}, "cmdq": 1, "read": {"device_start": -1, "device_end": -1}}, "FFC_sans_bias81": {"write": {"device_start": -1, "host_queued_start": 1585660403.633567, "device_queued": -1, "device_end": -1, "host_queued_end": 1585660403.710666}, "device": "cpu", "nd_range": {"device_start": 2328178.848572386, "device_end": 2328178.970153226}, "cmdq": 2, "read": {"device_start": -1, "device_end": -1}}, "FFC_sans_bias88": {"write": {"device_start": -1, "host_queued_start": 1585660403.707492, "device_queued": -1, "device_end": -1, "host_queued_end": 1585660403.710666}, "device": "cpu", "nd_range": {"device_start": 2328180.381760112, "device_end": 2328180.4428407843}, "cmdq": 1, "read": {"device_start": -1, "device_end": -1}}, "coalesced_transpose30": {"write": {"device_start": -1, "host_queued_start": 1585660403.652452, "device_queued": -1, "device_end": -1, "host_queued_end": 1585660403.710666}, "device": "cpu", "nd_range": {"device_start": 2328179.07683082, "device_end": 2328179.0776977013}, "cmdq": 2, "read": {"device_start": -1, "device_end": -1}}, "FFC_sans_bias128": {"write": {"device_start": 1585660336.0831327, "host_queued_start": 1585660403.461765, "device_queued": 1585660336.0510793, "device_end": 1585660336.0832276, "host_queued_end": 1585660403.502641}, "device": "gpu", "nd_range": {"device_start": 1585660336.0832303, "device_end": 1585660336.086593}, "cmdq": 0, "read": {"device_start": -1, "device_end": -1}}, "coalesced_transpose39": {"write": {"device_start": -1, "host_queued_start": 1585660403.653055, "device_queued": -1, "device_end": -1, "host_queued_end": 1585660403.710666}, "device": "cpu", "nd_range": {"device_start": 2328179.171051721, "device_end": 2328179.1719257124}, "cmdq": 0, "read": {"device_start": -1, "device_end": -1}}, "FFC_sans_bias79": {"write": {"device_start": -1, "host_queued_start": 1585660403.70444, "device_queued": -1, "device_end": -1, "host_queued_end": 1585660403.710666}, "device": "cpu", "nd_range": {"device_start": 2328180.303487402, "device_end": 2328180.45482446}, "cmdq": 0, "read": {"device_start": -1, "device_end": -1}}, "FFC_sans_bias78": {"write": {"device_start": -1, "host_queued_start": 1585660403.674811, "device_queued": -1, "device_end": -1, "host_queued_end": 1585660403.710666}, "device": "cpu", "nd_range": {"device_start": 2328179.8856363352, "device_end": 2328180.008153072}, "cmdq": 1, "read": {"device_start": -1, "device_end": -1}}, "FFC_sans_bias73": {"write": {"device_start": -1, "host_queued_start": 1585660403.626724, "device_queued": -1, "device_end": -1, "host_queued_end": 1585660403.710666}, "device": "cpu", "nd_range": {"device_start": 2328178.8758761063, "device_end": 2328179.013794537}, "cmdq": 0, "read": {"device_start": -1, "device_end": -1}}, "FFC_sans_bias72": {"write": {"device_start": -1, "host_queued_start": 1585660403.623285, "device_queued": -1, "device_end": -1, "host_queued_end": 1585660403.710666}, "device": "cpu", "nd_range": {"device_start": 2328178.752517972, "device_end": 2328178.848552721}, "cmdq": 2, "read": {"device_start": -1, "device_end": -1}}, "FFC_sans_bias70": {"write": {"device_start": -1, "host_queued_start": 1585660403.701343, "device_queued": -1, "device_end": -1, "host_queued_end": 1585660403.710666}, "device": "cpu", "nd_range": {"device_start": 2328180.443502259, "device_end": 2328180.487798212}, "cmdq": 2, "read": {"device_start": -1, "device_end": -1}}, "FFC_sans_bias76": {"write": {"device_start": -1, "host_queued_start": 1585660403.662147, "device_queued": -1, "device_end": -1, "host_queued_end": 1585660403.710666}, "device": "cpu", "nd_range": {"device_start": 2328179.420016257, "device_end": 2328179.541732944}, "cmdq": 0, "read": {"device_start": -1, "device_end": -1}}, "FFC_sans_bias74": {"write": {"device_start": -1, "host_queued_start": 1585660403.630183, "device_queued": -1, "device_end": -1, "host_queued_end": 1585660403.710666}, "device": "cpu", "nd_range": {"device_start": 2328178.856357627, "device_end": 2328178.940867784}, "cmdq": 1, "read": {"device_start": -1, "device_end": -1}}, "coalesced_transpose102": {"write": {"device_start": -1, "host_queued_start": 1585660403.479434, "device_queued": -1, "device_end": -1, "host_queued_end": 1585660403.502641}, "device": "gpu", "nd_range": {"device_start": 1585660336.1053722, "device_end": 1585660336.1053913}, "cmdq": 0, "read": {"device_start": -1, "device_end": -1}}, "coalesced_transpose3": {"write": {"device_start": -1, "host_queued_start": 1585660403.650668, "device_queued": -1, "device_end": -1, "host_queued_end": 1585660403.710666}, "device": "cpu", "nd_range": {"device_start": 2328179.0756940553, "device_end": 2328179.076658824}, "cmdq": 2, "read": {"device_start": -1, "device_end": -1}}, "FFC_sans_bias127": {"write": {"device_start": 1585660336.0906217, "host_queued_start": 1585660403.468689, "device_queued": 1585660336.0515168, "device_end": 1585660336.0907185, "host_queued_end": 1585660403.502641}, "device": "gpu", "nd_range": {"device_start": 1585660336.0907214, "device_end": 1585660336.0940776}, "cmdq": 0, "read": {"device_start": -1, "device_end": -1}}, "empty89": {"write": {"device_start": -1, "host_queued_start": 1585660403.532472, "device_queued": -1, "device_end": -1, "host_queued_end": 1585660403.710666}, "device": "cpu", "nd_range": {"device_start": 2328177.900333568, "device_end": 2328177.900334204}, "cmdq": 0, "read": {"device_start": -1, "device_end": -1}}, "FFC_sans_bias123": {"write": {"device_start": -1, "host_queued_start": 1585660403.484753, "device_queued": -1, "device_end": -1, "host_queued_end": 1585660403.502641}, "device": "gpu", "nd_range": {"device_start": 1585660336.1310809, "device_end": 1585660336.1344159}, "cmdq": 0, "read": {"device_start": -1, "device_end": -1}}, "empty80": {"write": {"device_start": -1, "host_queued_start": 1585660403.529722, "device_queued": -1, "device_end": -1, "host_queued_end": 1585660403.710666}, "device": "cpu", "nd_range": {"device_start": 2328177.900334657, "device_end": 2328177.900335342}, "cmdq": 2, "read": {"device_start": -1, "device_end": -1}}, "empty116": {"write": {"device_start": 1585660336.0480387, "host_queued_start": 1585660403.419705, "device_queued": 1585660336.0475976, "device_end": 1585660336.0481348, "host_queued_end": 1585660403.502641}, "device": "gpu", "nd_range": {"device_start": 1585660336.0481448, "device_end": 1585660336.048148}, "cmdq": 0, "read": {"device_start": -1, "device_end": -1}}, "softmax104": {"write": {"device_start": -1, "host_queued_start": 1585660403.482767, "device_queued": -1, "device_end": -1, "host_queued_end": 1585660403.502641}, "device": "gpu", "nd_range": {"device_start": 1585660336.1222496, "device_end": 1585660336.1226728}, "cmdq": 0, "read": {"device_start": -1, "device_end": -1}}, "coalesced_transpose21": {"write": {"device_start": -1, "host_queued_start": 1585660403.651825, "device_queued": -1, "device_end": -1, "host_queued_end": 1585660403.710666}, "device": "cpu", "nd_range": {"device_start": 2328179.127731732, "device_end": 2328179.128592335}, "cmdq": 1, "read": {"device_start": -1, "device_end": -1}}, "softmax14": {"write": {"device_start": -1, "host_queued_start": 1585660403.664399, "device_queued": -1, "device_end": -1, "host_queued_end": 1585660403.710666}, "device": "cpu", "nd_range": {"device_start": 2328179.574593813, "device_end": 2328179.57532089}, "cmdq": 1, "read": {"device_start": -1, "device_end": -1}}, "FFC_sans_bias69": {"write": {"device_start": -1, "host_queued_start": 1585660403.674159, "device_queued": -1, "device_end": -1, "host_queued_end": 1585660403.710666}, "device": "cpu", "nd_range": {"device_start": 2328179.818713231, "device_end": 2328179.941524643}, "cmdq": 0, "read": {"device_start": -1, "device_end": -1}}, "FFC_sans_bias92": {"write": {"device_start": -1, "host_queued_start": 1585660403.650307, "device_queued": -1, "device_end": -1, "host_queued_end": 1585660403.710666}, "device": "cpu", "nd_range": {"device_start": 2328179.0362496283, "device_end": 2328179.127573876}, "cmdq": 1, "read": {"device_start": -1, "device_end": -1}}, "FFC_sans_bias60": {"write": {"device_start": -1, "host_queued_start": 1585660403.673564, "device_queued": -1, "device_end": -1, "host_queued_end": 1585660403.710666}, "device": "cpu", "nd_range": {"device_start": 2328179.888773358, "device_end": 2328180.014898349}, "cmdq": 2, "read": {"device_start": -1, "device_end": -1}}, "FFC_sans_bias61": {"write": {"device_start": -1, "host_queued_start": 1585660403.698212, "device_queued": -1, "device_end": -1, "host_queued_end": 1585660403.710666}, "device": "cpu", "nd_range": {"device_start": 2328180.259122165, "device_end": 2328180.381752734}, "cmdq": 1, "read": {"device_start": -1, "device_end": -1}}, "FFC_sans_bias63": {"write": {"device_start": -1, "host_queued_start": 1585660403.619739, "device_queued": -1, "device_end": -1, "host_queued_end": 1585660403.710666}, "device": "cpu", "nd_range": {"device_start": 2328178.753588507, "device_end": 2328178.856150363}, "cmdq": 1, "read": {"device_start": -1, "device_end": -1}}, "FFC_sans_bias64": {"write": {"device_start": -1, "host_queued_start": 1585660403.612835, "device_queued": -1, "device_end": -1, "host_queued_end": 1585660403.710666}, "device": "cpu", "nd_range": {"device_start": 2328178.628184903, "device_end": 2328178.752496311}, "cmdq": 2, "read": {"device_start": -1, "device_end": -1}}, "FFC_sans_bias65": {"write": {"device_start": -1, "host_queued_start": 1585660403.616292, "device_queued": -1, "device_end": -1, "host_queued_end": 1585660403.710666}, "device": "cpu", "nd_range": {"device_start": 2328178.760663532, "device_end": 2328178.875859356}, "cmdq": 0, "read": {"device_start": -1, "device_end": -1}}, "FFC_sans_bias67": {"write": {"device_start": -1, "host_queued_start": 1585660403.661404, "device_queued": -1, "device_end": -1, "host_queued_end": 1585660403.710666}, "device": "cpu", "nd_range": {"device_start": 2328179.455806095, "device_end": 2328179.569896257}, "cmdq": 2, "read": {"device_start": -1, "device_end": -1}}, "coalesced_transpose111": {"write": {"device_start": -1, "host_queued_start": 1585660403.479765, "device_queued": -1, "device_end": -1, "host_queued_end": 1585660403.502641}, "device": "gpu", "nd_range": {"device_start": 1585660336.1053922, "device_end": 1585660336.1054134}, "cmdq": 0, "read": {"device_start": -1, "device_end": -1}}, "FFC_sans_bias136": {"write": {"device_start": 1585660336.0943687, "host_queued_start": 1585660403.472105, "device_queued": 1585660336.0517309, "device_end": 1585660336.0944657, "host_queued_end": 1585660403.502641}, "device": "gpu", "nd_range": {"device_start": 1585660336.094473, "device_end": 1585660336.0978198}, "cmdq": 0, "read": {"device_start": -1, "device_end": -1}}, "FFC_sans_bias135": {"write": {"device_start": 1585660336.1019053, "host_queued_start": 1585660403.479067, "device_queued": 1585660336.0521684, "device_end": 1585660336.1020153, "host_queued_end": 1585660403.502641}, "device": "gpu", "nd_range": {"device_start": 1585660336.1020236, "device_end": 1585660336.105371}, "cmdq": 0, "read": {"device_start": -1, "device_end": -1}}, "FFC_sans_bias133": {"write": {"device_start": 1585660336.1538215, "host_queued_start": 1585660403.499086, "device_queued": 1585660336.0555384, "device_end": 1585660336.1539185, "host_queued_end": 1585660403.502641}, "device": "gpu", "nd_range": {"device_start": 1585660336.153927, "device_end": 1585660336.1572552}, "cmdq": 0, "read": {"device_start": 1585660336.1572602, "device_end": 1585660336.1573648}}, "FFC_sans_bias132": {"write": {"device_start": -1, "host_queued_start": 1585660403.485086, "device_queued": -1, "device_end": -1, "host_queued_end": 1585660403.502641}, "device": "gpu", "nd_range": {"device_start": 1585660336.134417, "device_end": 1585660336.1377602}, "cmdq": 0, "read": {"device_start": -1, "device_end": -1}}, "softmax68": {"write": {"device_start": -1, "host_queued_start": 1585660403.667674, "device_queued": -1, "device_end": -1, "host_queued_end": 1585660403.710666}, "device": "cpu", "nd_range": {"device_start": 2328179.576053575, "device_end": 2328179.576767775}, "cmdq": 1, "read": {"device_start": -1, "device_end": -1}}, "softmax131": {"write": {"device_start": -1, "host_queued_start": 1585660403.483499, "device_queued": -1, "device_end": -1, "host_queued_end": 1585660403.502641}, "device": "gpu", "nd_range": {"device_start": 1585660336.1235447, "device_end": 1585660336.1239655}, "cmdq": 0, "read": {"device_start": -1, "device_end": -1}}, "empty125": {"write": {"device_start": 1585660336.048431, "host_queued_start": 1585660403.422742, "device_queued": 1585660336.0478861, "device_end": 1585660336.0485258, "host_queued_end": 1585660403.502641}, "device": "gpu", "nd_range": {"device_start": 1585660336.0485318, "device_end": 1585660336.0485349}, "cmdq": 0, "read": {"device_start": -1, "device_end": -1}}, "FFC_sans_bias139": {"write": {"device_start": -1, "host_queued_start": 1585660403.482509, "device_queued": -1, "device_end": -1, "host_queued_end": 1585660403.502641}, "device": "gpu", "nd_range": {"device_start": 1585660336.1188993, "device_end": 1585660336.1222486}, "cmdq": 0, "read": {"device_start": -1, "device_end": -1}}, "empty35": {"write": {"device_start": -1, "host_queued_start": 1585660403.515753, "device_queued": -1, "device_end": -1, "host_queued_end": 1585660403.710666}, "device": "cpu", "nd_range": {"device_start": 2328177.900320692, "device_end": 2328177.900321743}, "cmdq": 0, "read": {"device_start": -1, "device_end": -1}}, "softmax86": {"write": {"device_start": -1, "host_queued_start": 1585660403.668756, "device_queued": -1, "device_end": -1, "host_queued_end": 1585660403.710666}, "device": "cpu", "nd_range": {"device_start": 2328179.5767764472, "device_end": 2328179.5774868024}, "cmdq": 0, "read": {"device_start": -1, "device_end": -1}}, "FFC_sans_bias55": {"write": {"device_start": -1, "host_queued_start": 1585660403.609271, "device_queued": -1, "device_end": -1, "host_queued_end": 1585660403.710666}, "device": "cpu", "nd_range": {"device_start": 2328178.634969667, "device_end": 2328178.753421044}, "cmdq": 1, "read": {"device_start": -1, "device_end": -1}}, "FFC_sans_bias54": {"write": {"device_start": -1, "host_queued_start": 1585660403.605688, "device_queued": -1, "device_end": -1, "host_queued_end": 1585660403.710666}, "device": "cpu", "nd_range": {"device_start": 2328178.63086662, "device_end": 2328178.760652515}, "cmdq": 0, "read": {"device_start": -1, "device_end": -1}}, "FFC_sans_bias56": {"write": {"device_start": -1, "host_queued_start": 1585660403.601934, "device_queued": -1, "device_end": -1, "host_queued_end": 1585660403.710666}, "device": "cpu", "nd_range": {"device_start": 2328178.502122139, "device_end": 2328178.62816365}, "cmdq": 2, "read": {"device_start": -1, "device_end": -1}}, "FFC_sans_bias51": {"write": {"device_start": -1, "host_queued_start": 1585660403.672949, "device_queued": -1, "device_end": -1, "host_queued_end": 1585660403.710666}, "device": "cpu", "nd_range": {"device_start": 2328179.7629513512, "device_end": 2328179.885615872}, "cmdq": 1, "read": {"device_start": -1, "device_end": -1}}, "FFC_sans_bias52": {"write": {"device_start": -1, "host_queued_start": 1585660403.695075, "device_queued": -1, "device_end": -1, "host_queued_end": 1585660403.710666}, "device": "cpu", "nd_range": {"device_start": 2328180.1877992763, "device_end": 2328180.303480008}, "cmdq": 0, "read": {"device_start": -1, "device_end": -1}}, "FFC_sans_bias58": {"write": {"device_start": -1, "host_queued_start": 1585660403.660816, "device_queued": -1, "device_end": -1, "host_queued_end": 1585660403.710666}, "device": "cpu", "nd_range": {"device_start": 2328179.346679828, "device_end": 2328179.468964411}, "cmdq": 1, "read": {"device_start": -1, "device_end": -1}}, "FFC_sans_bias108": {"write": {"device_start": 1585660336.06076, "host_queued_start": 1585660403.441263, "device_queued": 1585660336.0497196, "device_end": 1585660336.060854, "host_queued_end": 1585660403.502641}, "device": "gpu", "nd_range": {"device_start": 1585660336.060858, "device_end": 1585660336.0642047}, "cmdq": 0, "read": {"device_start": -1, "device_end": -1}}, "FFC_sans_bias109": {"write": {"device_start": 1585660336.0644965, "host_queued_start": 1585660403.444659, "device_queued": 1585660336.0499344, "device_end": 1585660336.0645878, "host_queued_end": 1585660403.502641}, "device": "gpu", "nd_range": {"device_start": 1585660336.0645943, "device_end": 1585660336.0679436}, "cmdq": 0, "read": {"device_start": -1, "device_end": -1}}, "coalesced_transpose129": {"write": {"device_start": -1, "host_queued_start": 1585660403.480407, "device_queued": -1, "device_end": -1, "host_queued_end": 1585660403.502641}, "device": "gpu", "nd_range": {"device_start": 1585660336.105434, "device_end": 1585660336.1054533}, "cmdq": 0, "read": {"device_start": -1, "device_end": -1}}, "FFC_sans_bias103": {"write": {"device_start": -1, "host_queued_start": 1585660403.481014, "device_queued": -1, "device_end": -1, "host_queued_end": 1585660403.502641}, "device": "gpu", "nd_range": {"device_start": 1585660336.1054752, "device_end": 1585660336.108831}, "cmdq": 0, "read": {"device_start": -1, "device_end": -1}}, "FFC_sans_bias100": {"write": {"device_start": 1585660336.053296, "host_queued_start": 1585660403.434367, "device_queued": 1585660336.048972, "device_end": 1585660336.0533957, "host_queued_end": 1585660403.502641}, "device": "gpu", "nd_range": {"device_start": 1585660336.053399, "device_end": 1585660336.0567353}, "cmdq": 0, "read": {"device_start": -1, "device_end": -1}}, "FFC_sans_bias101": {"write": {"device_start": 1585660336.0570233, "host_queued_start": 1585660403.437853, "device_queued": 1585660336.049317, "device_end": 1585660336.0571191, "host_queued_end": 1585660403.502641}, "device": "gpu", "nd_range": {"device_start": 1585660336.057122, "device_end": 1585660336.0604918}, "cmdq": 0, "read": {"device_start": -1, "device_end": -1}}, "FFC_sans_bias106": {"write": {"device_start": 1585660336.1414707, "host_queued_start": 1585660403.488787, "device_queued": 1585660336.0547304, "device_end": 1585660336.141595, "host_queued_end": 1585660403.502641}, "device": "gpu", "nd_range": {"device_start": 1585660336.1415975, "device_end": 1585660336.1449068}, "cmdq": 0, "read": {"device_start": 1585660336.1449091, "device_end": 1585660336.145031}}, "softmax122": {"write": {"device_start": -1, "host_queued_start": 1585660403.48325, "device_queued": -1, "device_end": -1, "host_queued_end": 1585660403.502641}, "device": "gpu", "nd_range": {"device_start": 1585660336.123114, "device_end": 1585660336.1235435}, "cmdq": 0, "read": {"device_start": -1, "device_end": -1}}, "FFC_sans_bias105": {"write": {"device_start": -1, "host_queued_start": 1585660403.484058, "device_queued": -1, "device_end": -1, "host_queued_end": 1585660403.502641}, "device": "gpu", "nd_range": {"device_start": 1585660336.1243896, "device_end": 1585660336.1277246}, "cmdq": 0, "read": {"device_start": -1, "device_end": -1}}, "softmax95": {"write": {"device_start": -1, "host_queued_start": 1585660403.669315, "device_queued": -1, "device_end": -1, "host_queued_end": 1585660403.710666}, "device": "cpu", "nd_range": {"device_start": 2328179.6950539523, "device_end": 2328179.6957563013}, "cmdq": 1, "read": {"device_start": -1, "device_end": -1}}, "coalesced_transpose57": {"write": {"device_start": -1, "host_queued_start": 1585660403.654199, "device_queued": -1, "device_end": -1, "host_queued_end": 1585660403.710666}, "device": "cpu", "nd_range": {"device_start": 2328179.0778424772, "device_end": 2328179.0787160234}, "cmdq": 2, "read": {"device_start": -1, "device_end": -1}}, "empty26": {"write": {"device_start": -1, "host_queued_start": 1585660403.51287, "device_queued": -1, "device_end": -1, "host_queued_end": 1585660403.710666}, "device": "cpu", "nd_range": {"device_start": 2328177.9003082183, "device_end": 2328177.900312216}, "cmdq": 2, "read": {"device_start": -1, "device_end": -1}}, "softmax113": {"write": {"device_start": -1, "host_queued_start": 1585660403.483009, "device_queued": -1, "device_end": -1, "host_queued_end": 1585660403.502641}, "device": "gpu", "nd_range": {"device_start": 1585660336.122674, "device_end": 1585660336.1231132}, "cmdq": 0, "read": {"device_start": -1, "device_end": -1}}, "FFC_sans_bias11": {"write": {"device_start": -1, "host_queued_start": 1585660403.556009, "device_queued": -1, "device_end": -1, "host_queued_end": 1585660403.710666}, "device": "cpu", "nd_range": {"device_start": 2328177.996671908, "device_end": 2328178.128239323}, "cmdq": 1, "read": {"device_start": -1, "device_end": -1}}, "FFC_sans_bias42": {"write": {"device_start": -1, "host_queued_start": 1585660403.672366, "device_queued": -1, "device_end": -1, "host_queued_end": 1585660403.710666}, "device": "cpu", "nd_range": {"device_start": 2328179.6961004473, "device_end": 2328179.8186953883}, "cmdq": 0, "read": {"device_start": -1, "device_end": -1}}, "FFC_sans_bias43": {"write": {"device_start": -1, "host_queued_start": 1585660403.691926, "device_queued": -1, "device_end": -1, "host_queued_end": 1585660403.710666}, "device": "cpu", "nd_range": {"device_start": 2328180.283317654, "device_end": 2328180.4434905113}, "cmdq": 2, "read": {"device_start": -1, "device_end": -1}}, "FFC_sans_bias40": {"write": {"device_start": -1, "host_queued_start": 1585660403.659637, "device_queued": -1, "device_end": -1, "host_queued_end": 1585660403.710666}, "device": "cpu", "nd_range": {"device_start": 2328179.329795776, "device_end": 2328179.455572681}, "cmdq": 2, "read": {"device_start": -1, "device_end": -1}}, "FFC_sans_bias46": {"write": {"device_start": -1, "host_queued_start": 1585660403.59424, "device_queued": -1, "device_end": -1, "host_queued_end": 1585660403.710666}, "device": "cpu", "nd_range": {"device_start": 2328178.454646145, "device_end": 2328178.630853598}, "cmdq": 0, "read": {"device_start": -1, "device_end": -1}}, "FFC_sans_bias47": {"write": {"device_start": -1, "host_queued_start": 1585660403.598099, "device_queued": -1, "device_end": -1, "host_queued_end": 1585660403.710666}, "device": "cpu", "nd_range": {"device_start": 2328178.550365181, "device_end": 2328178.634805426}, "cmdq": 1, "read": {"device_start": -1, "device_end": -1}}, "FFC_sans_bias45": {"write": {"device_start": -1, "host_queued_start": 1585660403.590846, "device_queued": -1, "device_end": -1, "host_queued_end": 1585660403.710666}, "device": "cpu", "nd_range": {"device_start": 2328178.39948801, "device_end": 2328178.5018917723}, "cmdq": 2, "read": {"device_start": -1, "device_end": -1}}, "FFC_sans_bias49": {"write": {"device_start": -1, "host_queued_start": 1585660403.660227, "device_queued": -1, "device_end": -1, "host_queued_end": 1585660403.710666}, "device": "cpu", "nd_range": {"device_start": 2328179.297587791, "device_end": 2328179.419996275}, "cmdq": 0, "read": {"device_start": -1, "device_end": -1}}, "softmax77": {"write": {"device_start": -1, "host_queued_start": 1585660403.668193, "device_queued": -1, "device_end": -1, "host_queued_end": 1585660403.710666}, "device": "cpu", "nd_range": {"device_start": 2328179.6365015, "device_end": 2328179.637219582}, "cmdq": 2, "read": {"device_start": -1, "device_end": -1}}, "empty134": {"write": {"device_start": 1585660336.0488138, "host_queued_start": 1585660403.425357, "device_queued": 1585660336.048146, "device_end": 1585660336.0489137, "host_queued_end": 1585660403.502641}, "device": "gpu", "nd_range": {"device_start": 1585660336.048922, "device_end": 1585660336.0489318}, "cmdq": 0, "read": {"device_start": -1, "device_end": -1}}, "coalesced_transpose138": {"write": {"device_start": -1, "host_queued_start": 1585660403.480704, "device_queued": -1, "device_end": -1, "host_queued_end": 1585660403.502641}, "device": "gpu", "nd_range": {"device_start": 1585660336.1054542, "device_end": 1585660336.1054742}, "cmdq": 0, "read": {"device_start": -1, "device_end": -1}}, "FFC_sans_bias119": {"write": {"device_start": 1585660336.079411, "host_queued_start": 1585660403.458386, "device_queued": 1585660336.0508418, "device_end": 1585660336.0795057, "host_queued_end": 1585660403.502641}, "device": "gpu", "nd_range": {"device_start": 1585660336.079508, "device_end": 1585660336.0828505}, "cmdq": 0, "read": {"device_start": -1, "device_end": -1}}, "FFC_sans_bias118": {"write": {"device_start": 1585660336.0756705, "host_queued_start": 1585660403.454991, "device_queued": 1585660336.0506, "device_end": 1585660336.075762, "host_queued_end": 1585660403.502641}, "device": "gpu", "nd_range": {"device_start": 1585660336.0757651, "device_end": 1585660336.0791142}, "cmdq": 0, "read": {"device_start": -1, "device_end": -1}}, "empty143": {"write": {"device_start": 1585660336.0492127, "host_queued_start": 1585660403.428048, "device_queued": 1585660336.0483606, "device_end": 1585660336.0493073, "host_queued_end": 1585660403.502641}, "device": "gpu", "nd_range": {"device_start": 1585660336.0493124, "device_end": 1585660336.0493157}, "cmdq": 0, "read": {"device_start": -1, "device_end": -1}}, "FFC_sans_bias115": {"write": {"device_start": 1585660336.1456356, "host_queued_start": 1585660403.492213, "device_queued": 1585660336.054999, "device_end": 1585660336.145743, "host_queued_end": 1585660403.502641}, "device": "gpu", "nd_range": {"device_start": 1585660336.1457455, "device_end": 1585660336.1490805}, "cmdq": 0, "read": {"device_start": 1585660336.1490855, "device_end": 1585660336.1491864}}, "FFC_sans_bias114": {"write": {"device_start": -1, "host_queued_start": 1585660403.484379, "device_queued": -1, "device_end": -1, "host_queued_end": 1585660403.502641}, "device": "gpu", "nd_range": {"device_start": 1585660336.1277256, "device_end": 1585660336.1310797}, "cmdq": 0, "read": {"device_start": -1, "device_end": -1}}, "FFC_sans_bias117": {"write": {"device_start": 1585660336.0719624, "host_queued_start": 1585660403.451582, "device_queued": 1585660336.0503807, "device_end": 1585660336.0720549, "host_queued_end": 1585660403.502641}, "device": "gpu", "nd_range": {"device_start": 1585660336.0720582, "device_end": 1585660336.0754013}, "cmdq": 0, "read": {"device_start": -1, "device_end": -1}}, "softmax5": {"write": {"device_start": -1, "host_queued_start": 1585660403.663877, "device_queued": -1, "device_end": -1, "host_queued_end": 1585660403.710666}, "device": "cpu", "nd_range": {"device_start": 2328179.541746315, "device_end": 2328179.5424727662}, "cmdq": 0, "read": {"device_start": -1, "device_end": -1}}, "FFC_sans_bias110": {"write": {"device_start": 1585660336.068242, "host_queued_start": 1585660403.448197, "device_queued": 1585660336.0501544, "device_end": 1585660336.0683374, "host_queued_end": 1585660403.502641}, "device": "gpu", "nd_range": {"device_start": 1585660336.0683408, "device_end": 1585660336.0716894}, "cmdq": 0, "read": {"device_start": -1, "device_end": -1}}, "FFC_sans_bias112": {"write": {"device_start": -1, "host_queued_start": 1585660403.481328, "device_queued": -1, "device_end": -1, "host_queued_end": 1585660403.502641}, "device": "gpu", "nd_range": {"device_start": 1585660336.1088321, "device_end": 1585660336.1121917}, "cmdq": 0, "read": {"device_start": -1, "device_end": -1}}, "empty53": {"write": {"device_start": -1, "host_queued_start": 1585660403.521228, "device_queued": -1, "device_end": -1, "host_queued_end": 1585660403.710666}, "device": "cpu", "nd_range": {"device_start": 2328177.900328882, "device_end": 2328177.900329856}, "cmdq": 2, "read": {"device_start": -1, "device_end": -1}}, "coalesced_transpose48": {"write": {"device_start": -1, "host_queued_start": 1585660403.653627, "device_queued": -1, "device_end": -1, "host_queued_end": 1585660403.710666}, "device": "cpu", "nd_range": {"device_start": 2328179.1287451293, "device_end": 2328179.1296146153}, "cmdq": 1, "read": {"device_start": -1, "device_end": -1}}}