{"FFC_sans_bias4": {"write": {"device_start": -1, "host_queued_start": 1585660688.50745, "device_queued": -1, "device_end": -1, "host_queued_end": 1585660688.580181}, "device": "gpu", "nd_range": {"device_start": 1585660621.286894, "device_end": 1585660621.2904263}, "cmdq": 0, "read": {"device_start": -1, "device_end": -1}}, "FFC_sans_bias7": {"write": {"device_start": 1585660621.3949833, "host_queued_start": 1585660688.534394, "device_queued": 1585660621.1423967, "device_end": 1585660621.3950841, "host_queued_end": 1585660688.580181}, "device": "gpu", "nd_range": {"device_start": 1585660621.395089, "device_end": 1585660621.4011807}, "cmdq": 0, "read": {"device_start": 1585660621.401183, "device_end": 1585660621.4012802}}, "FFC_sans_bias6": {"write": {"device_start": -1, "host_queued_start": 1585660688.5224, "device_queued": -1, "device_end": -1, "host_queued_end": 1585660688.580181}, "device": "gpu", "nd_range": {"device_start": 1585660621.3451366, "device_end": 1585660621.3486845}, "cmdq": 0, "read": {"device_start": -1, "device_end": -1}}, "FFC_sans_bias1": {"write": {"device_start": 1585660621.1228, "host_queued_start": 1585660688.349765, "device_queued": 1585660621.1225765, "device_end": 1585660621.1228962, "host_queued_end": 1585660688.580181}, "device": "gpu", "nd_range": {"device_start": 1585660621.1228988, "device_end": 1585660621.1295924}, "cmdq": 1, "read": {"device_start": -1, "device_end": -1}}, "FFC_sans_bias0": {"write": {"device_start": 1585660621.1224718, "host_queued_start": 1585660688.346408, "device_queued": 1585660621.1221967, "device_end": 1585660621.1225634, "host_queued_end": 1585660688.580181}, "device": "gpu", "nd_range": {"device_start": 1585660621.122567, "device_end": 1585660621.1260974}, "cmdq": 0, "read": {"device_start": -1, "device_end": -1}}, "FFC_sans_bias2": {"write": {"device_start": 1585660621.126471, "host_queued_start": 1585660688.353055, "device_queued": 1585660621.1229053, "device_end": 1585660621.1265624, "host_queued_end": 1585660688.580181}, "device": "gpu", "nd_range": {"device_start": 1585660621.1265676, "device_end": 1585660621.1330123}, "cmdq": 0, "read": {"device_start": -1, "device_end": -1}}, "coalesced_transpose120": {"write": {"device_start": -1, "host_queued_start": 1585660688.506514, "device_queued": -1, "device_end": -1, "host_queued_end": 1585660688.580181}, "device": "gpu", "nd_range": {"device_start": 1585660621.2904222, "device_end": 1585660621.2904463}, "cmdq": 1, "read": {"device_start": -1, "device_end": -1}}, "FFC_sans_bias9": {"write": {"device_start": 1585660621.1299698, "host_queued_start": 1585660688.356362, "device_queued": 1585660621.1231391, "device_end": 1585660621.1300757, "host_queued_end": 1585660688.580181}, "device": "gpu", "nd_range": {"device_start": 1585660621.1300807, "device_end": 1585660621.136316}, "cmdq": 1, "read": {"device_start": -1, "device_end": -1}}, "empty71": {"write": {"device_start": 1585660621.11994, "host_queued_start": 1585660688.322791, "device_queued": 1585660621.1196053, "device_end": 1585660621.1201937, "host_queued_end": 1585660688.580181}, "device": "gpu", "nd_range": {"device_start": 1585660621.1201982, "device_end": 1585660621.1202028}, "cmdq": 1, "read": {"device_start": -1, "device_end": -1}}, "softmax41": {"write": {"device_start": -1, "host_queued_start": 1585660688.516288, "device_queued": -1, "device_end": -1, "host_queued_end": 1585660688.580181}, "device": "gpu", "nd_range": {"device_start": 1585660621.3424826, "device_end": 1585660621.342919}, "cmdq": 0, "read": {"device_start": -1, "device_end": -1}}, "FFC_sans_bias37": {"write": {"device_start": 1585660621.1640806, "host_queued_start": 1585660688.389635, "device_queued": 1585660621.1254325, "device_end": 1585660621.1641872, "host_queued_end": 1585660688.580181}, "device": "gpu", "nd_range": {"device_start": 1585660621.1641927, "device_end": 1585660621.1705613}, "cmdq": 1, "read": {"device_start": -1, "device_end": -1}}, "FFC_sans_bias36": {"write": {"device_start": 1585660621.1606367, "host_queued_start": 1585660688.386145, "device_queued": 1585660621.1252003, "device_end": 1585660621.1607423, "host_queued_end": 1585660688.580181}, "device": "gpu", "nd_range": {"device_start": 1585660621.1607468, "device_end": 1585660621.1671286}, "cmdq": 0, "read": {"device_start": -1, "device_end": -1}}, "FFC_sans_bias34": {"write": {"device_start": 1585660621.405093, "host_queued_start": 1585660688.543468, "device_queued": 1585660621.143264, "device_end": 1585660621.4051921, "host_queued_end": 1585660688.580181}, "device": "gpu", "nd_range": {"device_start": 1585660621.4051967, "device_end": 1585660621.4109173}, "cmdq": 1, "read": {"device_start": 1585660621.4109206, "device_end": 1585660621.4110167}}, "FFC_sans_bias33": {"write": {"device_start": -1, "host_queued_start": 1585660688.524101, "device_queued": -1, "device_end": -1, "host_queued_end": 1585660688.580181}, "device": "gpu", "nd_range": {"device_start": 1585660621.3524628, "device_end": 1585660621.3588607}, "cmdq": 1, "read": {"device_start": -1, "device_end": -1}}, "FFC_sans_bias31": {"write": {"device_start": -1, "host_queued_start": 1585660688.508412, "device_queued": -1, "device_end": -1, "host_queued_end": 1585660688.580181}, "device": "gpu", "nd_range": {"device_start": 1585660621.2974572, "device_end": 1585660621.3043568}, "cmdq": 1, "read": {"device_start": -1, "device_end": -1}}, "FFC_sans_bias38": {"write": {"device_start": 1585660621.1674485, "host_queued_start": 1585660688.392925, "device_queued": 1585660621.1256766, "device_end": 1585660621.167554, "host_queued_end": 1585660688.580181}, "device": "gpu", "nd_range": {"device_start": 1585660621.1675599, "device_end": 1585660621.173997}, "cmdq": 0, "read": {"device_start": -1, "device_end": -1}}, "coalesced_transpose75": {"write": {"device_start": -1, "host_queued_start": 1585660688.504875, "device_queued": -1, "device_end": -1, "host_queued_end": 1585660688.580181}, "device": "gpu", "nd_range": {"device_start": 1585660621.2867515, "device_end": 1585660621.2867787}, "cmdq": 0, "read": {"device_start": -1, "device_end": -1}}, "softmax140": {"write": {"device_start": -1, "host_queued_start": 1585660688.521837, "device_queued": -1, "device_end": -1, "host_queued_end": 1585660688.580181}, "device": "gpu", "nd_range": {"device_start": 1585660621.344985, "device_end": 1585660621.345662}, "cmdq": 1, "read": {"device_start": -1, "device_end": -1}}, "empty44": {"write": {"device_start": 1585660621.1190333, "host_queued_start": 1585660688.314992, "device_queued": 1585660621.1186438, "device_end": 1585660621.1192353, "host_queued_end": 1585660688.580181}, "device": "gpu", "nd_range": {"device_start": 1585660621.1192482, "device_end": 1585660621.1192522}, "cmdq": 0, "read": {"device_start": -1, "device_end": -1}}, "FFC_sans_bias137": {"write": {"device_start": 1585660621.2768986, "host_queued_start": 1585660688.498807, "device_queued": 1585660621.1339467, "device_end": 1585660621.2770007, "host_queued_end": 1585660688.580181}, "device": "gpu", "nd_range": {"device_start": 1585660621.277007, "device_end": 1585660621.2834373}, "cmdq": 0, "read": {"device_start": -1, "device_end": -1}}, "empty8": {"write": {"device_start": 1585660621.1176877, "host_queued_start": 1585660688.303424, "device_queued": 1585660621.1173127, "device_end": 1585660621.1177816, "host_queued_end": 1585660688.580181}, "device": "gpu", "nd_range": {"device_start": 1585660621.117789, "device_end": 1585660621.1177936}, "cmdq": 0, "read": {"device_start": -1, "device_end": -1}}, "softmax50": {"write": {"device_start": -1, "host_queued_start": 1585660688.516781, "device_queued": -1, "device_end": -1, "host_queued_end": 1585660688.580181}, "device": "gpu", "nd_range": {"device_start": 1585660621.342774, "device_end": 1585660621.3432133}, "cmdq": 1, "read": {"device_start": -1, "device_end": -1}}, "softmax59": {"write": {"device_start": -1, "host_queued_start": 1585660688.517289, "device_queued": -1, "device_end": -1, "host_queued_end": 1585660688.580181}, "device": "gpu", "nd_range": {"device_start": 1585660621.3429213, "device_end": 1585660621.3433647}, "cmdq": 0, "read": {"device_start": -1, "device_end": -1}}, "FFC_sans_bias142": {"write": {"device_start": 1585660621.443953, "host_queued_start": 1585660688.580067, "device_queued": 1585660621.1610343, "device_end": 1585660621.4440496, "host_queued_end": 1585660688.580181}, "device": "gpu", "nd_range": {"device_start": 1585660621.4440532, "device_end": 1585660621.4498215}, "cmdq": 1, "read": {"device_start": 1585660621.4498267, "device_end": 1585660621.4499118}}, "FFC_sans_bias141": {"write": {"device_start": -1, "host_queued_start": 1585660688.531147, "device_queued": -1, "device_end": -1, "host_queued_end": 1585660688.580181}, "device": "gpu", "nd_range": {"device_start": 1585660621.3914049, "device_end": 1585660621.3979423}, "cmdq": 1, "read": {"device_start": -1, "device_end": -1}}, "FFC_sans_bias24": {"write": {"device_start": -1, "host_queued_start": 1585660688.523536, "device_queued": -1, "device_end": -1, "host_queued_end": 1585660688.580181}, "device": "gpu", "nd_range": {"device_start": 1585660621.348687, "device_end": 1585660621.35575}, "cmdq": 0, "read": {"device_start": -1, "device_end": -1}}, "FFC_sans_bias25": {"write": {"device_start": 1585660621.401815, "host_queued_start": 1585660688.540439, "device_queued": 1585660621.1429849, "device_end": 1585660621.4019148, "host_queued_end": 1585660688.580181}, "device": "gpu", "nd_range": {"device_start": 1585660621.4019184, "device_end": 1585660621.4076967}, "cmdq": 0, "read": {"device_start": 1585660621.4077065, "device_end": 1585660621.407802}}, "FFC_sans_bias27": {"write": {"device_start": 1585660621.15041, "host_queued_start": 1585660688.376239, "device_queued": 1585660621.1245136, "device_end": 1585660621.1505122, "host_queued_end": 1585660688.580181}, "device": "gpu", "nd_range": {"device_start": 1585660621.150519, "device_end": 1585660621.156881}, "cmdq": 1, "read": {"device_start": -1, "device_end": -1}}, "FFC_sans_bias20": {"write": {"device_start": 1585660621.1469421, "host_queued_start": 1585660688.372941, "device_queued": 1585660621.124297, "device_end": 1585660621.1470442, "host_queued_end": 1585660688.580181}, "device": "gpu", "nd_range": {"device_start": 1585660621.1470501, "device_end": 1585660621.1534967}, "cmdq": 0, "read": {"device_start": -1, "device_end": -1}}, "FFC_sans_bias22": {"write": {"device_start": -1, "host_queued_start": 1585660688.508089, "device_queued": -1, "device_end": -1, "host_queued_end": 1585660688.580181}, "device": "gpu", "nd_range": {"device_start": 1585660621.290429, "device_end": 1585660621.2939732}, "cmdq": 0, "read": {"device_start": -1, "device_end": -1}}, "FFC_sans_bias130": {"write": {"device_start": -1, "host_queued_start": 1585660688.513193, "device_queued": -1, "device_end": -1, "host_queued_end": 1585660688.580181}, "device": "gpu", "nd_range": {"device_start": 1585660621.3282, "device_end": 1585660621.3350077}, "cmdq": 0, "read": {"device_start": -1, "device_end": -1}}, "FFC_sans_bias28": {"write": {"device_start": 1585660621.1538365, "host_queued_start": 1585660688.37955, "device_queued": 1585660621.1247468, "device_end": 1585660621.1539388, "host_queued_end": 1585660688.580181}, "device": "gpu", "nd_range": {"device_start": 1585660621.1539452, "device_end": 1585660621.1603143}, "cmdq": 0, "read": {"device_start": -1, "device_end": -1}}, "FFC_sans_bias29": {"write": {"device_start": 1585660621.1572084, "host_queued_start": 1585660688.382873, "device_queued": 1585660621.124976, "device_end": 1585660621.1573167, "host_queued_end": 1585660688.580181}, "device": "gpu", "nd_range": {"device_start": 1585660621.1573205, "device_end": 1585660621.1637619}, "cmdq": 1, "read": {"device_start": -1, "device_end": -1}}, "coalesced_transpose66": {"write": {"device_start": -1, "host_queued_start": 1585660688.50457, "device_queued": -1, "device_end": -1, "host_queued_end": 1585660688.580181}, "device": "gpu", "nd_range": {"device_start": 1585660621.2902486, "device_end": 1585660621.2902908}, "cmdq": 1, "read": {"device_start": -1, "device_end": -1}}, "coalesced_transpose93": {"write": {"device_start": -1, "host_queued_start": 1585660688.505584, "device_queued": -1, "device_end": -1, "host_queued_end": 1585660688.580181}, "device": "gpu", "nd_range": {"device_start": 1585660621.286798, "device_end": 1585660621.2868204}, "cmdq": 0, "read": {"device_start": -1, "device_end": -1}}, "softmax23": {"write": {"device_start": -1, "host_queued_start": 1585660688.515296, "device_queued": -1, "device_end": -1, "host_queued_end": 1585660688.580181}, "device": "gpu", "nd_range": {"device_start": 1585660621.339193, "device_end": 1585660621.3424802}, "cmdq": 0, "read": {"device_start": -1, "device_end": -1}}, "empty62": {"write": {"device_start": 1585660621.119656, "host_queued_start": 1585660688.320176, "device_queued": 1585660621.1192477, "device_end": 1585660621.1199162, "host_queued_end": 1585660688.580181}, "device": "gpu", "nd_range": {"device_start": 1585660621.1199298, "device_end": 1585660621.1199338}, "cmdq": 0, "read": {"device_start": -1, "device_end": -1}}, "FFC_sans_bias10": {"write": {"device_start": 1585660621.1333468, "host_queued_start": 1585660688.359646, "device_queued": 1585660621.123384, "device_end": 1585660621.133441, "host_queued_end": 1585660688.580181}, "device": "gpu", "nd_range": {"device_start": 1585660621.133445, "device_end": 1585660621.1398063}, "cmdq": 0, "read": {"device_start": -1, "device_end": -1}}, "FFC_sans_bias13": {"write": {"device_start": -1, "host_queued_start": 1585660688.507769, "device_queued": -1, "device_end": -1, "host_queued_end": 1585660688.580181}, "device": "gpu", "nd_range": {"device_start": 1585660621.293781, "device_end": 1585660621.2974553}, "cmdq": 1, "read": {"device_start": -1, "device_end": -1}}, "FFC_sans_bias15": {"write": {"device_start": -1, "host_queued_start": 1585660688.522975, "device_queued": -1, "device_end": -1, "host_queued_end": 1585660688.580181}, "device": "gpu", "nd_range": {"device_start": 1585660621.3456643, "device_end": 1585660621.3524613}, "cmdq": 1, "read": {"device_start": -1, "device_end": -1}}, "FFC_sans_bias16": {"write": {"device_start": 1585660621.398238, "host_queued_start": 1585660688.537421, "device_queued": 1585660621.142654, "device_end": 1585660621.398336, "host_queued_end": 1585660688.580181}, "device": "gpu", "nd_range": {"device_start": 1585660621.398339, "device_end": 1585660621.4044561}, "cmdq": 1, "read": {"device_start": 1585660621.4044602, "device_end": 1585660621.404557}}, "FFC_sans_bias19": {"write": {"device_start": 1585660621.1435587, "host_queued_start": 1585660688.369634, "device_queued": 1585660621.1240733, "device_end": 1585660621.143659, "host_queued_end": 1585660688.580181}, "device": "gpu", "nd_range": {"device_start": 1585660621.143664, "device_end": 1585660621.1500793}, "cmdq": 1, "read": {"device_start": -1, "device_end": -1}}, "FFC_sans_bias18": {"write": {"device_start": 1585660621.1401317, "host_queued_start": 1585660688.366319, "device_queued": 1585660621.1238456, "device_end": 1585660621.1402302, "host_queued_end": 1585660688.580181}, "device": "gpu", "nd_range": {"device_start": 1585660621.140236, "device_end": 1585660621.1466122}, "cmdq": 0, "read": {"device_start": -1, "device_end": -1}}, "FFC_sans_bias99": {"write": {"device_start": 1585660621.232423, "host_queued_start": 1585660688.455776, "device_queued": 1585660621.130633, "device_end": 1585660621.232523, "host_queued_end": 1585660688.580181}, "device": "gpu", "nd_range": {"device_start": 1585660621.2325275, "device_end": 1585660621.2390063}, "cmdq": 1, "read": {"device_start": -1, "device_end": -1}}, "FFC_sans_bias91": {"write": {"device_start": 1585660621.2256312, "host_queued_start": 1585660688.449135, "device_queued": 1585660621.1300888, "device_end": 1585660621.2257292, "host_queued_end": 1585660688.580181}, "device": "gpu", "nd_range": {"device_start": 1585660621.2257354, "device_end": 1585660621.2321117}, "cmdq": 1, "read": {"device_start": -1, "device_end": -1}}, "FFC_sans_bias90": {"write": {"device_start": 1585660621.222208, "host_queued_start": 1585660688.445831, "device_queued": 1585660621.129759, "device_end": 1585660621.2223072, "host_queued_end": 1585660688.580181}, "device": "gpu", "nd_range": {"device_start": 1585660621.2223108, "device_end": 1585660621.2287264}, "cmdq": 0, "read": {"device_start": -1, "device_end": -1}}, "coalesced_transpose12": {"write": {"device_start": -1, "host_queued_start": 1585660688.502721, "device_queued": -1, "device_end": -1, "host_queued_end": 1585660688.580181}, "device": "gpu", "nd_range": {"device_start": 1585660621.2868483, "device_end": 1585660621.2868812}, "cmdq": 1, "read": {"device_start": -1, "device_end": -1}}, "FFC_sans_bias94": {"write": {"device_start": -1, "host_queued_start": 1585660688.51094, "device_queued": -1, "device_end": -1, "host_queued_end": 1585660688.580181}, "device": "gpu", "nd_range": {"device_start": 1585660621.314517, "device_end": 1585660621.3213468}, "cmdq": 0, "read": {"device_start": -1, "device_end": -1}}, "FFC_sans_bias97": {"write": {"device_start": 1585660621.4277756, "host_queued_start": 1585660688.564846, "device_queued": 1585660621.1454906, "device_end": 1585660621.427873, "host_queued_end": 1585660688.580181}, "device": "gpu", "nd_range": {"device_start": 1585660621.4278758, "device_end": 1585660621.433648}, "cmdq": 0, "read": {"device_start": 1585660621.4336512, "device_end": 1585660621.433744}}, "FFC_sans_bias96": {"write": {"device_start": -1, "host_queued_start": 1585660688.528125, "device_queued": -1, "device_end": -1, "host_queued_end": 1585660688.580181}, "device": "gpu", "nd_range": {"device_start": 1585660621.3751507, "device_end": 1585660621.38167}, "cmdq": 0, "read": {"device_start": -1, "device_end": -1}}, "FFC_sans_bias124": {"write": {"device_start": 1585660621.4374971, "host_queued_start": 1585660688.574021, "device_queued": 1585660621.1472557, "device_end": 1585660621.4375935, "host_queued_end": 1585660688.580181}, "device": "gpu", "nd_range": {"device_start": 1585660621.4375958, "device_end": 1585660621.443389}, "cmdq": 1, "read": {"device_start": 1585660621.4433935, "device_end": 1585660621.4434814}}, "FFC_sans_bias126": {"write": {"device_start": 1585660621.266681, "host_queued_start": 1585660688.488917, "device_queued": 1585660621.1330876, "device_end": 1585660621.2667823, "host_queued_end": 1585660688.580181}, "device": "gpu", "nd_range": {"device_start": 1585660621.2667875, "device_end": 1585660621.2732255}, "cmdq": 1, "read": {"device_start": -1, "device_end": -1}}, "softmax32": {"write": {"device_start": -1, "host_queued_start": 1585660688.515795, "device_queued": -1, "device_end": -1, "host_queued_end": 1585660688.580181}, "device": "gpu", "nd_range": {"device_start": 1585660621.342336, "device_end": 1585660621.3427713}, "cmdq": 1, "read": {"device_start": -1, "device_end": -1}}, "coalesced_transpose84": {"write": {"device_start": -1, "host_queued_start": 1585660688.505184, "device_queued": -1, "device_end": -1, "host_queued_end": 1585660688.580181}, "device": "gpu", "nd_range": {"device_start": 1585660621.290308, "device_end": 1585660621.2903516}, "cmdq": 1, "read": {"device_start": -1, "device_end": -1}}, "FFC_sans_bias121": {"write": {"device_start": -1, "host_queued_start": 1585660688.512628, "device_queued": -1, "device_end": -1, "host_queued_end": 1585660688.580181}, "device": "gpu", "nd_range": {"device_start": 1585660621.331586, "device_end": 1585660621.3383915}, "cmdq": 1, "read": {"device_start": -1, "device_end": -1}}, "empty98": {"write": {"device_start": 1585660621.1208026, "host_queued_start": 1585660688.330644, "device_queued": 1585660621.1204865, "device_end": 1585660621.12107, "host_queued_end": 1585660688.580181}, "device": "gpu", "nd_range": {"device_start": 1585660621.121073, "device_end": 1585660621.121079}, "cmdq": 0, "read": {"device_start": -1, "device_end": -1}}, "empty107": {"write": {"device_start": 1585660621.1210833, "host_queued_start": 1585660688.333255, "device_queued": 1585660621.120784, "device_end": 1585660621.121307, "host_queued_end": 1585660688.580181}, "device": "gpu", "nd_range": {"device_start": 1585660621.1213186, "device_end": 1585660621.121323}, "cmdq": 1, "read": {"device_start": -1, "device_end": -1}}, "empty17": {"write": {"device_start": 1585660621.1180823, "host_queued_start": 1585660688.306811, "device_queued": 1585660621.117803, "device_end": 1585660621.1183295, "host_queued_end": 1585660688.580181}, "device": "gpu", "nd_range": {"device_start": 1585660621.1183355, "device_end": 1585660621.11834}, "cmdq": 1, "read": {"device_start": -1, "device_end": -1}}, "FFC_sans_bias87": {"write": {"device_start": -1, "host_queued_start": 1585660688.527537, "device_queued": -1, "device_end": -1, "host_queued_end": 1585660688.580181}, "device": "gpu", "nd_range": {"device_start": 1585660621.3719354, "device_end": 1585660621.3783915}, "cmdq": 1, "read": {"device_start": -1, "device_end": -1}}, "FFC_sans_bias85": {"write": {"device_start": -1, "host_queued_start": 1585660688.510375, "device_queued": -1, "device_end": -1, "host_queued_end": 1585660688.580181}, "device": "gpu", "nd_range": {"device_start": 1585660621.3179293, "device_end": 1585660621.3247852}, "cmdq": 1, "read": {"device_start": -1, "device_end": -1}}, "FFC_sans_bias82": {"write": {"device_start": 1585660621.2153947, "host_queued_start": 1585660688.439257, "device_queued": 1585660621.1292026, "device_end": 1585660621.2154949, "host_queued_end": 1585660688.580181}, "device": "gpu", "nd_range": {"device_start": 1585660621.2154987, "device_end": 1585660621.2218935}, "cmdq": 0, "read": {"device_start": -1, "device_end": -1}}, "FFC_sans_bias83": {"write": {"device_start": 1585660621.2187812, "host_queued_start": 1585660688.442559, "device_queued": 1585660621.129441, "device_end": 1585660621.2188816, "host_queued_end": 1585660688.580181}, "device": "gpu", "nd_range": {"device_start": 1585660621.2188873, "device_end": 1585660621.225345}, "cmdq": 1, "read": {"device_start": -1, "device_end": -1}}, "FFC_sans_bias81": {"write": {"device_start": 1585660621.2119384, "host_queued_start": 1585660688.435961, "device_queued": 1585660621.1289747, "device_end": 1585660621.2120419, "host_queued_end": 1585660688.580181}, "device": "gpu", "nd_range": {"device_start": 1585660621.2120476, "device_end": 1585660621.2184696}, "cmdq": 1, "read": {"device_start": -1, "device_end": -1}}, "FFC_sans_bias88": {"write": {"device_start": 1585660621.4245312, "host_queued_start": 1585660688.56181, "device_queued": 1585660621.1451526, "device_end": 1585660621.424629, "host_queued_end": 1585660688.580181}, "device": "gpu", "nd_range": {"device_start": 1585660621.424632, "device_end": 1585660621.4304194}, "cmdq": 1, "read": {"device_start": 1585660621.4304264, "device_end": 1585660621.4305196}}, "coalesced_transpose30": {"write": {"device_start": -1, "host_queued_start": 1585660688.503338, "device_queued": -1, "device_end": -1, "host_queued_end": 1585660688.580181}, "device": "gpu", "nd_range": {"device_start": 1585660621.2868867, "device_end": 1585660621.2869103}, "cmdq": 1, "read": {"device_start": -1, "device_end": -1}}, "FFC_sans_bias128": {"write": {"device_start": 1585660621.26326, "host_queued_start": 1585660688.485572, "device_queued": 1585660621.1328204, "device_end": 1585660621.263361, "host_queued_end": 1585660688.580181}, "device": "gpu", "nd_range": {"device_start": 1585660621.2633653, "device_end": 1585660621.269807}, "cmdq": 0, "read": {"device_start": -1, "device_end": -1}}, "coalesced_transpose39": {"write": {"device_start": -1, "host_queued_start": 1585660688.503645, "device_queued": -1, "device_end": -1, "host_queued_end": 1585660688.580181}, "device": "gpu", "nd_range": {"device_start": 1585660621.2866607, "device_end": 1585660621.2866988}, "cmdq": 0, "read": {"device_start": -1, "device_end": -1}}, "FFC_sans_bias79": {"write": {"device_start": 1585660621.4212852, "host_queued_start": 1585660688.558795, "device_queued": 1585660621.1448798, "device_end": 1585660621.4213848, "host_queued_end": 1585660688.580181}, "device": "gpu", "nd_range": {"device_start": 1585660621.4213877, "device_end": 1585660621.4271693}, "cmdq": 0, "read": {"device_start": 1585660621.4271724, "device_end": 1585660621.4272668}}, "FFC_sans_bias78": {"write": {"device_start": -1, "host_queued_start": 1585660688.526968, "device_queued": -1, "device_end": -1, "host_queued_end": 1585660688.580181}, "device": "gpu", "nd_range": {"device_start": 1585660621.3686507, "device_end": 1585660621.3751493}, "cmdq": 0, "read": {"device_start": -1, "device_end": -1}}, "FFC_sans_bias73": {"write": {"device_start": 1585660621.2051144, "host_queued_start": 1585660688.429291, "device_queued": 1585660621.1285288, "device_end": 1585660621.2052145, "host_queued_end": 1585660688.580181}, "device": "gpu", "nd_range": {"device_start": 1585660621.205219, "device_end": 1585660621.211629}, "cmdq": 1, "read": {"device_start": -1, "device_end": -1}}, "FFC_sans_bias72": {"write": {"device_start": 1585660621.2016788, "host_queued_start": 1585660688.425989, "device_queued": 1585660621.1282978, "device_end": 1585660621.2017798, "host_queued_end": 1585660688.580181}, "device": "gpu", "nd_range": {"device_start": 1585660621.201784, "device_end": 1585660621.208225}, "cmdq": 0, "read": {"device_start": -1, "device_end": -1}}, "FFC_sans_bias70": {"write": {"device_start": 1585660621.4180665, "host_queued_start": 1585660688.555749, "device_queued": 1585660621.14455, "device_end": 1585660621.418164, "host_queued_end": 1585660688.580181}, "device": "gpu", "nd_range": {"device_start": 1585660621.418167, "device_end": 1585660621.4239125}, "cmdq": 1, "read": {"device_start": 1585660621.4239223, "device_end": 1585660621.424017}}, "FFC_sans_bias76": {"write": {"device_start": -1, "host_queued_start": 1585660688.510049, "device_queued": -1, "device_end": -1, "host_queued_end": 1585660688.580181}, "device": "gpu", "nd_range": {"device_start": 1585660621.3077037, "device_end": 1585660621.3145156}, "cmdq": 0, "read": {"device_start": -1, "device_end": -1}}, "FFC_sans_bias74": {"write": {"device_start": 1585660621.2085435, "host_queued_start": 1585660688.432657, "device_queued": 1585660621.1287522, "device_end": 1585660621.2086444, "host_queued_end": 1585660688.580181}, "device": "gpu", "nd_range": {"device_start": 1585660621.2086482, "device_end": 1585660621.215079}, "cmdq": 0, "read": {"device_start": -1, "device_end": -1}}, "coalesced_transpose102": {"write": {"device_start": -1, "host_queued_start": 1585660688.50589, "device_queued": -1, "device_end": -1, "host_queued_end": 1585660688.580181}, "device": "gpu", "nd_range": {"device_start": 1585660621.2903707, "device_end": 1585660621.2903972}, "cmdq": 1, "read": {"device_start": -1, "device_end": -1}}, "coalesced_transpose3": {"write": {"device_start": -1, "host_queued_start": 1585660688.502399, "device_queued": -1, "device_end": -1, "host_queued_end": 1585660688.580181}, "device": "gpu", "nd_range": {"device_start": 1585660621.2834399, "device_end": 1585660621.286604}, "cmdq": 0, "read": {"device_start": -1, "device_end": -1}}, "FFC_sans_bias127": {"write": {"device_start": 1585660621.2701035, "host_queued_start": 1585660688.492244, "device_queued": 1585660621.1334631, "device_end": 1585660621.270207, "host_queued_end": 1585660688.580181}, "device": "gpu", "nd_range": {"device_start": 1585660621.270211, "device_end": 1585660621.2765853}, "cmdq": 0, "read": {"device_start": -1, "device_end": -1}}, "empty89": {"write": {"device_start": 1585660621.1205204, "host_queued_start": 1585660688.327993, "device_queued": 1585660621.1202056, "device_end": 1585660621.1207712, "host_queued_end": 1585660688.580181}, "device": "gpu", "nd_range": {"device_start": 1585660621.1207745, "device_end": 1585660621.1207793}, "cmdq": 1, "read": {"device_start": -1, "device_end": -1}}, "FFC_sans_bias123": {"write": {"device_start": -1, "host_queued_start": 1585660688.529991, "device_queued": -1, "device_end": -1, "host_queued_end": 1585660688.580181}, "device": "gpu", "nd_range": {"device_start": 1585660621.3849363, "device_end": 1585660621.3914037}, "cmdq": 1, "read": {"device_start": -1, "device_end": -1}}, "empty80": {"write": {"device_start": 1585660621.120229, "host_queued_start": 1585660688.32537, "device_queued": 1585660621.119929, "device_end": 1585660621.120475, "host_queued_end": 1585660688.580181}, "device": "gpu", "nd_range": {"device_start": 1585660621.1204863, "device_end": 1585660621.1204913}, "cmdq": 0, "read": {"device_start": -1, "device_end": -1}}, "empty116": {"write": {"device_start": 1585660621.1213746, "host_queued_start": 1585660688.335843, "device_queued": 1585660621.1210809, "device_end": 1585660621.121637, "host_queued_end": 1585660688.580181}, "device": "gpu", "nd_range": {"device_start": 1585660621.1216538, "device_end": 1585660621.1216702}, "cmdq": 0, "read": {"device_start": -1, "device_end": -1}}, "softmax104": {"write": {"device_start": -1, "host_queued_start": 1585660688.519814, "device_queued": -1, "device_end": -1, "host_queued_end": 1585660688.580181}, "device": "gpu", "nd_range": {"device_start": 1585660621.3440988, "device_end": 1585660621.34454}, "cmdq": 1, "read": {"device_start": -1, "device_end": -1}}, "coalesced_transpose21": {"write": {"device_start": -1, "host_queued_start": 1585660688.503026, "device_queued": -1, "device_end": -1, "host_queued_end": 1585660688.580181}, "device": "gpu", "nd_range": {"device_start": 1585660621.2866094, "device_end": 1585660621.2866523}, "cmdq": 0, "read": {"device_start": -1, "device_end": -1}}, "softmax14": {"write": {"device_start": -1, "host_queued_start": 1585660688.514762, "device_queued": -1, "device_end": -1, "host_queued_end": 1585660688.580181}, "device": "gpu", "nd_range": {"device_start": 1585660621.3419008, "device_end": 1585660621.3423338}, "cmdq": 1, "read": {"device_start": -1, "device_end": -1}}, "FFC_sans_bias69": {"write": {"device_start": -1, "host_queued_start": 1585660688.526373, "device_queued": -1, "device_end": -1, "host_queued_end": 1585660688.580181}, "device": "gpu", "nd_range": {"device_start": 1585660621.3654263, "device_end": 1585660621.3719335}, "cmdq": 1, "read": {"device_start": -1, "device_end": -1}}, "FFC_sans_bias92": {"write": {"device_start": 1585660621.229039, "host_queued_start": 1585660688.45247, "device_queued": 1585660621.130368, "device_end": 1585660621.2291396, "host_queued_end": 1585660688.580181}, "device": "gpu", "nd_range": {"device_start": 1585660621.2291455, "device_end": 1585660621.2355807}, "cmdq": 0, "read": {"device_start": -1, "device_end": -1}}, "FFC_sans_bias60": {"write": {"device_start": -1, "host_queued_start": 1585660688.525792, "device_queued": -1, "device_end": -1, "host_queued_end": 1585660688.580181}, "device": "gpu", "nd_range": {"device_start": 1585660621.3621638, "device_end": 1585660621.3686488}, "cmdq": 0, "read": {"device_start": -1, "device_end": -1}}, "FFC_sans_bias61": {"write": {"device_start": 1585660621.4148014, "host_queued_start": 1585660688.552695, "device_queued": 1585660621.144287, "device_end": 1585660621.4149008, "host_queued_end": 1585660688.580181}, "device": "gpu", "nd_range": {"device_start": 1585660621.4149055, "device_end": 1585660621.4206696}, "cmdq": 0, "read": {"device_start": 1585660621.4206762, "device_end": 1585660621.4207728}}, "FFC_sans_bias63": {"write": {"device_start": 1585660621.1982741, "host_queued_start": 1585660688.422709, "device_queued": 1585660621.1280653, "device_end": 1585660621.1983743, "host_queued_end": 1585660688.580181}, "device": "gpu", "nd_range": {"device_start": 1585660621.1983793, "device_end": 1585660621.2048051}, "cmdq": 1, "read": {"device_start": -1, "device_end": -1}}, "FFC_sans_bias64": {"write": {"device_start": 1585660621.1913927, "host_queued_start": 1585660688.416098, "device_queued": 1585660621.1275904, "device_end": 1585660621.1914947, "host_queued_end": 1585660688.580181}, "device": "gpu", "nd_range": {"device_start": 1585660621.1915, "device_end": 1585660621.1979628}, "cmdq": 1, "read": {"device_start": -1, "device_end": -1}}, "FFC_sans_bias65": {"write": {"device_start": 1585660621.1948373, "host_queued_start": 1585660688.419417, "device_queued": 1585660621.1278286, "device_end": 1585660621.1949492, "host_queued_end": 1585660688.580181}, "device": "gpu", "nd_range": {"device_start": 1585660621.1949544, "device_end": 1585660621.2013621}, "cmdq": 0, "read": {"device_start": -1, "device_end": -1}}, "FFC_sans_bias67": {"write": {"device_start": -1, "host_queued_start": 1585660688.509726, "device_queued": -1, "device_end": -1, "host_queued_end": 1585660688.580181}, "device": "gpu", "nd_range": {"device_start": 1585660621.311106, "device_end": 1585660621.3179271}, "cmdq": 1, "read": {"device_start": -1, "device_end": -1}}, "coalesced_transpose111": {"write": {"device_start": -1, "host_queued_start": 1585660688.506198, "device_queued": -1, "device_end": -1, "host_queued_end": 1585660688.580181}, "device": "gpu", "nd_range": {"device_start": 1585660621.2868419, "device_end": 1585660621.2868662}, "cmdq": 0, "read": {"device_start": -1, "device_end": -1}}, "FFC_sans_bias136": {"write": {"device_start": 1585660621.2735384, "host_queued_start": 1585660688.495532, "device_queued": 1585660621.1337054, "device_end": 1585660621.273639, "host_queued_end": 1585660688.580181}, "device": "gpu", "nd_range": {"device_start": 1585660621.2736442, "device_end": 1585660621.2800303}, "cmdq": 1, "read": {"device_start": -1, "device_end": -1}}, "FFC_sans_bias135": {"write": {"device_start": 1585660621.2803392, "host_queued_start": 1585660688.502056, "device_queued": 1585660621.1341896, "device_end": 1585660621.2804415, "host_queued_end": 1585660688.580181}, "device": "gpu", "nd_range": {"device_start": 1585660621.2804465, "device_end": 1585660621.2868474}, "cmdq": 1, "read": {"device_start": -1, "device_end": -1}}, "FFC_sans_bias133": {"write": {"device_start": 1585660621.4407258, "host_queued_start": 1585660688.577042, "device_queued": 1585660621.1574, "device_end": 1585660621.4408228, "host_queued_end": 1585660688.580181}, "device": "gpu", "nd_range": {"device_start": 1585660621.4408257, "device_end": 1585660621.4466498}, "cmdq": 0, "read": {"device_start": 1585660621.4466524, "device_end": 1585660621.4467375}}, "FFC_sans_bias132": {"write": {"device_start": -1, "host_queued_start": 1585660688.530575, "device_queued": -1, "device_end": -1, "host_queued_end": 1585660688.580181}, "device": "gpu", "nd_range": {"device_start": 1585660621.3881702, "device_end": 1585660621.3946853}, "cmdq": 0, "read": {"device_start": -1, "device_end": -1}}, "softmax68": {"write": {"device_start": -1, "host_queued_start": 1585660688.517789, "device_queued": -1, "device_end": -1, "host_queued_end": 1585660688.580181}, "device": "gpu", "nd_range": {"device_start": 1585660621.3432157, "device_end": 1585660621.3436558}, "cmdq": 1, "read": {"device_start": -1, "device_end": -1}}, "softmax131": {"write": {"device_start": -1, "host_queued_start": 1585660688.521331, "device_queued": -1, "device_end": -1, "host_queued_end": 1585660688.580181}, "device": "gpu", "nd_range": {"device_start": 1585660621.344692, "device_end": 1585660621.345135}, "cmdq": 0, "read": {"device_start": -1, "device_end": -1}}, "empty125": {"write": {"device_start": 1585660621.1216433, "host_queued_start": 1585660688.338425, "device_queued": 1585660621.1213186, "device_end": 1585660621.1218102, "host_queued_end": 1585660688.580181}, "device": "gpu", "nd_range": {"device_start": 1585660621.1218157, "device_end": 1585660621.121821}, "cmdq": 1, "read": {"device_start": -1, "device_end": -1}}, "FFC_sans_bias139": {"write": {"device_start": -1, "host_queued_start": 1585660688.513756, "device_queued": -1, "device_end": -1, "host_queued_end": 1585660688.580181}, "device": "gpu", "nd_range": {"device_start": 1585660621.3383942, "device_end": 1585660621.3418984}, "cmdq": 1, "read": {"device_start": -1, "device_end": -1}}, "empty35": {"write": {"device_start": 1585660621.1187232, "host_queued_start": 1585660688.312365, "device_queued": 1585660621.118344, "device_end": 1585660621.118964, "host_queued_end": 1585660688.580181}, "device": "gpu", "nd_range": {"device_start": 1585660621.118967, "device_end": 1585660621.1189725}, "cmdq": 1, "read": {"device_start": -1, "device_end": -1}}, "softmax86": {"write": {"device_start": -1, "host_queued_start": 1585660688.518803, "device_queued": -1, "device_end": -1, "host_queued_end": 1585660688.580181}, "device": "gpu", "nd_range": {"device_start": 1585660621.3436575, "device_end": 1585660621.344097}, "cmdq": 1, "read": {"device_start": -1, "device_end": -1}}, "FFC_sans_bias55": {"write": {"device_start": 1585660621.1879835, "host_queued_start": 1585660688.412774, "device_queued": 1585660621.1273563, "device_end": 1585660621.1880827, "host_queued_end": 1585660688.580181}, "device": "gpu", "nd_range": {"device_start": 1585660621.1880875, "device_end": 1585660621.1945245}, "cmdq": 0, "read": {"device_start": -1, "device_end": -1}}, "FFC_sans_bias54": {"write": {"device_start": 1585660621.1845398, "host_queued_start": 1585660688.409471, "device_queued": 1585660621.1270962, "device_end": 1585660621.1846392, "host_queued_end": 1585660688.580181}, "device": "gpu", "nd_range": {"device_start": 1585660621.1846437, "device_end": 1585660621.191077}, "cmdq": 1, "read": {"device_start": -1, "device_end": -1}}, "FFC_sans_bias56": {"write": {"device_start": 1585660621.1811576, "host_queued_start": 1585660688.406152, "device_queued": 1585660621.1268582, "device_end": 1585660621.1812582, "host_queued_end": 1585660688.580181}, "device": "gpu", "nd_range": {"device_start": 1585660621.1812618, "device_end": 1585660621.1876628}, "cmdq": 0, "read": {"device_start": -1, "device_end": -1}}, "FFC_sans_bias51": {"write": {"device_start": -1, "host_queued_start": 1585660688.525232, "device_queued": -1, "device_end": -1, "host_queued_end": 1585660688.580181}, "device": "gpu", "nd_range": {"device_start": 1585660621.3588629, "device_end": 1585660621.3654244}, "cmdq": 1, "read": {"device_start": -1, "device_end": -1}}, "FFC_sans_bias52": {"write": {"device_start": 1585660621.411544, "host_queued_start": 1585660688.549648, "device_queued": 1585660621.1439538, "device_end": 1585660621.411644, "host_queued_end": 1585660688.580181}, "device": "gpu", "nd_range": {"device_start": 1585660621.4116468, "device_end": 1585660621.417438}, "cmdq": 1, "read": {"device_start": 1585660621.4174428, "device_end": 1585660621.4175384}}, "FFC_sans_bias58": {"write": {"device_start": -1, "host_queued_start": 1585660688.509398, "device_queued": -1, "device_end": -1, "host_queued_end": 1585660688.580181}, "device": "gpu", "nd_range": {"device_start": 1585660621.3008914, "device_end": 1585660621.307702}, "cmdq": 0, "read": {"device_start": -1, "device_end": -1}}, "FFC_sans_bias108": {"write": {"device_start": 1585660621.2426908, "host_queued_start": 1585660688.465742, "device_queued": 1585660621.13137, "device_end": 1585660621.2427907, "host_queued_end": 1585660688.580181}, "device": "gpu", "nd_range": {"device_start": 1585660621.2427957, "device_end": 1585660621.2492673}, "cmdq": 0, "read": {"device_start": -1, "device_end": -1}}, "FFC_sans_bias109": {"write": {"device_start": 1585660621.2461236, "host_queued_start": 1585660688.46907, "device_queued": 1585660621.1316094, "device_end": 1585660621.2462227, "host_queued_end": 1585660688.580181}, "device": "gpu", "nd_range": {"device_start": 1585660621.2462292, "device_end": 1585660621.2526815}, "cmdq": 1, "read": {"device_start": -1, "device_end": -1}}, "coalesced_transpose129": {"write": {"device_start": -1, "host_queued_start": 1585660688.506828, "device_queued": -1, "device_end": -1, "host_queued_end": 1585660688.580181}, "device": "gpu", "nd_range": {"device_start": 1585660621.2868674, "device_end": 1585660621.2868931}, "cmdq": 0, "read": {"device_start": -1, "device_end": -1}}, "FFC_sans_bias103": {"write": {"device_start": -1, "host_queued_start": 1585660688.511506, "device_queued": -1, "device_end": -1, "host_queued_end": 1585660688.580181}, "device": "gpu", "nd_range": {"device_start": 1585660621.3247879, "device_end": 1585660621.3315835}, "cmdq": 1, "read": {"device_start": -1, "device_end": -1}}, "FFC_sans_bias100": {"write": {"device_start": 1585660621.2358925, "host_queued_start": 1585660688.459092, "device_queued": 1585660621.1308775, "device_end": 1585660621.235993, "host_queued_end": 1585660688.580181}, "device": "gpu", "nd_range": {"device_start": 1585660621.2359967, "device_end": 1585660621.242372}, "cmdq": 0, "read": {"device_start": -1, "device_end": -1}}, "FFC_sans_bias101": {"write": {"device_start": 1585660621.2393289, "host_queued_start": 1585660688.462369, "device_queued": 1585660621.1311123, "device_end": 1585660621.239429, "host_queued_end": 1585660688.580181}, "device": "gpu", "nd_range": {"device_start": 1585660621.239434, "device_end": 1585660621.245832}, "cmdq": 1, "read": {"device_start": -1, "device_end": -1}}, "FFC_sans_bias106": {"write": {"device_start": 1585660621.4310224, "host_queued_start": 1585660688.567928, "device_queued": 1585660621.1457598, "device_end": 1585660621.4311194, "host_queued_end": 1585660688.580181}, "device": "gpu", "nd_range": {"device_start": 1585660621.4311235, "device_end": 1585660621.4369104}, "cmdq": 1, "read": {"device_start": 1585660621.4369137, "device_end": 1585660621.4370055}}, "softmax122": {"write": {"device_start": -1, "host_queued_start": 1585660688.520829, "device_queued": -1, "device_end": -1, "host_queued_end": 1585660688.580181}, "device": "gpu", "nd_range": {"device_start": 1585660621.3445427, "device_end": 1585660621.3449826}, "cmdq": 1, "read": {"device_start": -1, "device_end": -1}}, "FFC_sans_bias105": {"write": {"device_start": -1, "host_queued_start": 1585660688.528806, "device_queued": -1, "device_end": -1, "host_queued_end": 1585660688.580181}, "device": "gpu", "nd_range": {"device_start": 1585660621.3783934, "device_end": 1585660621.3849347}, "cmdq": 1, "read": {"device_start": -1, "device_end": -1}}, "softmax95": {"write": {"device_start": -1, "host_queued_start": 1585660688.5193, "device_queued": -1, "device_end": -1, "host_queued_end": 1585660688.580181}, "device": "gpu", "nd_range": {"device_start": 1585660621.3438087, "device_end": 1585660621.3442485}, "cmdq": 0, "read": {"device_start": -1, "device_end": -1}}, "coalesced_transpose57": {"write": {"device_start": -1, "host_queued_start": 1585660688.504264, "device_queued": -1, "device_end": -1, "host_queued_end": 1585660688.580181}, "device": "gpu", "nd_range": {"device_start": 1585660621.2867014, "device_end": 1585660621.286736}, "cmdq": 0, "read": {"device_start": -1, "device_end": -1}}, "empty26": {"write": {"device_start": 1585660621.1183987, "host_queued_start": 1585660688.309451, "device_queued": 1585660621.1179912, "device_end": 1585660621.1186297, "host_queued_end": 1585660688.580181}, "device": "gpu", "nd_range": {"device_start": 1585660621.1186419, "device_end": 1585660621.1186469}, "cmdq": 0, "read": {"device_start": -1, "device_end": -1}}, "softmax113": {"write": {"device_start": -1, "host_queued_start": 1585660688.520314, "device_queued": -1, "device_end": -1, "host_queued_end": 1585660688.580181}, "device": "gpu", "nd_range": {"device_start": 1585660621.3442504, "device_end": 1585660621.3446903}, "cmdq": 0, "read": {"device_start": -1, "device_end": -1}}, "FFC_sans_bias11": {"write": {"device_start": 1585660621.1366298, "host_queued_start": 1585660688.362988, "device_queued": 1585660621.1236122, "device_end": 1585660621.136727, "host_queued_end": 1585660688.580181}, "device": "gpu", "nd_range": {"device_start": 1585660621.1367311, "device_end": 1585660621.1432085}, "cmdq": 1, "read": {"device_start": -1, "device_end": -1}}, "FFC_sans_bias42": {"write": {"device_start": -1, "host_queued_start": 1585660688.524665, "device_queued": -1, "device_end": -1, "host_queued_end": 1585660688.580181}, "device": "gpu", "nd_range": {"device_start": 1585660621.3557515, "device_end": 1585660621.3621628}, "cmdq": 0, "read": {"device_start": -1, "device_end": -1}}, "FFC_sans_bias43": {"write": {"device_start": 1585660621.4083352, "host_queued_start": 1585660688.546532, "device_queued": 1585660621.1436822, "device_end": 1585660621.4084349, "host_queued_end": 1585660688.580181}, "device": "gpu", "nd_range": {"device_start": 1585660621.4084382, "device_end": 1585660621.4141772}, "cmdq": 0, "read": {"device_start": 1585660621.4141803, "device_end": 1585660621.4142761}}, "FFC_sans_bias40": {"write": {"device_start": -1, "host_queued_start": 1585660688.508727, "device_queued": -1, "device_end": -1, "host_queued_end": 1585660688.580181}, "device": "gpu", "nd_range": {"device_start": 1585660621.2939756, "device_end": 1585660621.30089}, "cmdq": 0, "read": {"device_start": -1, "device_end": -1}}, "FFC_sans_bias46": {"write": {"device_start": 1585660621.1743171, "host_queued_start": 1585660688.39959, "device_queued": 1585660621.126184, "device_end": 1585660621.1744194, "host_queued_end": 1585660688.580181}, "device": "gpu", "nd_range": {"device_start": 1585660621.1744235, "device_end": 1585660621.180843}, "cmdq": 0, "read": {"device_start": -1, "device_end": -1}}, "FFC_sans_bias47": {"write": {"device_start": 1585660621.1777306, "host_queued_start": 1585660688.402906, "device_queued": 1585660621.1265857, "device_end": 1585660621.1778288, "host_queued_end": 1585660688.580181}, "device": "gpu", "nd_range": {"device_start": 1585660621.177833, "device_end": 1585660621.1842241}, "cmdq": 1, "read": {"device_start": -1, "device_end": -1}}, "FFC_sans_bias45": {"write": {"device_start": 1585660621.170872, "host_queued_start": 1585660688.396231, "device_queued": 1585660621.1259131, "device_end": 1585660621.170979, "host_queued_end": 1585660688.580181}, "device": "gpu", "nd_range": {"device_start": 1585660621.1709845, "device_end": 1585660621.1774163}, "cmdq": 1, "read": {"device_start": -1, "device_end": -1}}, "FFC_sans_bias49": {"write": {"device_start": -1, "host_queued_start": 1585660688.509067, "device_queued": -1, "device_end": -1, "host_queued_end": 1585660688.580181}, "device": "gpu", "nd_range": {"device_start": 1585660621.3043587, "device_end": 1585660621.3111036}, "cmdq": 1, "read": {"device_start": -1, "device_end": -1}}, "softmax77": {"write": {"device_start": -1, "host_queued_start": 1585660688.518285, "device_queued": -1, "device_end": -1, "host_queued_end": 1585660688.580181}, "device": "gpu", "nd_range": {"device_start": 1585660621.343367, "device_end": 1585660621.3438065}, "cmdq": 0, "read": {"device_start": -1, "device_end": -1}}, "empty134": {"write": {"device_start": 1585660621.1219387, "host_queued_start": 1585660688.34102, "device_queued": 1585660621.1216476, "device_end": 1585660621.1221843, "host_queued_end": 1585660688.580181}, "device": "gpu", "nd_range": {"device_start": 1585660621.1221879, "device_end": 1585660621.1221952}, "cmdq": 0, "read": {"device_start": -1, "device_end": -1}}, "coalesced_transpose138": {"write": {"device_start": -1, "host_queued_start": 1585660688.507131, "device_queued": -1, "device_end": -1, "host_queued_end": 1585660688.580181}, "device": "gpu", "nd_range": {"device_start": 1585660621.2904482, "device_end": 1585660621.2937782}, "cmdq": 1, "read": {"device_start": -1, "device_end": -1}}, "FFC_sans_bias119": {"write": {"device_start": 1585660621.2598279, "host_queued_start": 1585660688.482267, "device_queued": 1585660621.1325786, "device_end": 1585660621.2599277, "host_queued_end": 1585660688.580181}, "device": "gpu", "nd_range": {"device_start": 1585660621.2599337, "device_end": 1585660621.2663674}, "cmdq": 1, "read": {"device_start": -1, "device_end": -1}}, "FFC_sans_bias118": {"write": {"device_start": 1585660621.2564259, "host_queued_start": 1585660688.478987, "device_queued": 1585660621.1323383, "device_end": 1585660621.2565277, "host_queued_end": 1585660688.580181}, "device": "gpu", "nd_range": {"device_start": 1585660621.256533, "device_end": 1585660621.2629414}, "cmdq": 0, "read": {"device_start": -1, "device_end": -1}}, "empty143": {"write": {"device_start": 1585660621.1221993, "host_queued_start": 1585660688.343614, "device_queued": 1585660621.1218276, "device_end": 1585660621.1224263, "host_queued_end": 1585660688.580181}, "device": "gpu", "nd_range": {"device_start": 1585660621.122437, "device_end": 1585660621.1224408}, "cmdq": 1, "read": {"device_start": -1, "device_end": -1}}, "FFC_sans_bias115": {"write": {"device_start": 1585660621.4342358, "host_queued_start": 1585660688.570986, "device_queued": 1585660621.1461031, "device_end": 1585660621.4343326, "host_queued_end": 1585660688.580181}, "device": "gpu", "nd_range": {"device_start": 1585660621.4343367, "device_end": 1585660621.4401567}, "cmdq": 0, "read": {"device_start": 1585660621.440164, "device_end": 1585660621.440254}}, "FFC_sans_bias114": {"write": {"device_start": -1, "host_queued_start": 1585660688.529412, "device_queued": -1, "device_end": -1, "host_queued_end": 1585660688.580181}, "device": "gpu", "nd_range": {"device_start": 1585660621.3816714, "device_end": 1585660621.3881693}, "cmdq": 0, "read": {"device_start": -1, "device_end": -1}}, "FFC_sans_bias117": {"write": {"device_start": 1585660621.2530034, "host_queued_start": 1585660688.475714, "device_queued": 1585660621.1320932, "device_end": 1585660621.2531042, "host_queued_end": 1585660688.580181}, "device": "gpu", "nd_range": {"device_start": 1585660621.2531087, "device_end": 1585660621.2595203}, "cmdq": 1, "read": {"device_start": -1, "device_end": -1}}, "softmax5": {"write": {"device_start": -1, "host_queued_start": 1585660688.514257, "device_queued": -1, "device_end": -1, "host_queued_end": 1585660688.580181}, "device": "gpu", "nd_range": {"device_start": 1585660621.33501, "device_end": 1585660621.3391912}, "cmdq": 0, "read": {"device_start": -1, "device_end": -1}}, "FFC_sans_bias110": {"write": {"device_start": 1585660621.249578, "host_queued_start": 1585660688.472419, "device_queued": 1585660621.1318514, "device_end": 1585660621.249681, "host_queued_end": 1585660688.580181}, "device": "gpu", "nd_range": {"device_start": 1585660621.2496855, "device_end": 1585660621.2561138}, "cmdq": 0, "read": {"device_start": -1, "device_end": -1}}, "FFC_sans_bias112": {"write": {"device_start": -1, "host_queued_start": 1585660688.512063, "device_queued": -1, "device_end": -1, "host_queued_end": 1585660688.580181}, "device": "gpu", "nd_range": {"device_start": 1585660621.321349, "device_end": 1585660621.3281968}, "cmdq": 0, "read": {"device_start": -1, "device_end": -1}}, "empty53": {"write": {"device_start": 1585660621.1193576, "host_queued_start": 1585660688.317563, "device_queued": 1585660621.1189766, "device_end": 1585660621.119594, "host_queued_end": 1585660688.580181}, "device": "gpu", "nd_range": {"device_start": 1585660621.1196024, "device_end": 1585660621.1196067}, "cmdq": 1, "read": {"device_start": -1, "device_end": -1}}, "coalesced_transpose48": {"write": {"device_start": -1, "host_queued_start": 1585660688.503954, "device_queued": -1, "device_end": -1, "host_queued_end": 1585660688.580181}, "device": "gpu", "nd_range": {"device_start": 1585660621.2869208, "device_end": 1585660621.2902467}, "cmdq": 1, "read": {"device_start": -1, "device_end": -1}}}