{"FFC_sans_bias4": {"write": {"device_start": -1, "host_queued_start": 1585660739.807998, "device_queued": -1, "device_end": -1, "host_queued_end": 1585660739.864583}, "device": "cpu", "nd_range": {"device_start": 2328515.3480552323, "device_end": 2328515.457639668}, "cmdq": 0, "read": {"device_start": -1, "device_end": -1}}, "FFC_sans_bias7": {"write": {"device_start": -1, "host_queued_start": 1585660739.83147, "device_queued": -1, "device_end": -1, "host_queued_end": 1585660739.864583}, "device": "cpu", "nd_range": {"device_start": 2328516.288042096, "device_end": 2328516.362319944}, "cmdq": 0, "read": {"device_start": -1, "device_end": -1}}, "FFC_sans_bias6": {"write": {"device_start": -1, "host_queued_start": 1585660739.821612, "device_queued": -1, "device_end": -1, "host_queued_end": 1585660739.864583}, "device": "cpu", "nd_range": {"device_start": 2328515.826319628, "device_end": 2328515.898712453}, "cmdq": 0, "read": {"device_start": -1, "device_end": -1}}, "FFC_sans_bias1": {"write": {"device_start": -1, "host_queued_start": 1585660739.687707, "device_queued": -1, "device_end": -1, "host_queued_end": 1585660739.864583}, "device": "cpu", "nd_range": {"device_start": 2328514.054284412, "device_end": 2328514.117986923}, "cmdq": 1, "read": {"device_start": -1, "device_end": -1}}, "FFC_sans_bias0": {"write": {"device_start": -1, "host_queued_start": 1585660739.684352, "device_queued": -1, "device_end": -1, "host_queued_end": 1585660739.864583}, "device": "cpu", "nd_range": {"device_start": 2328514.054285185, "device_end": 2328514.142779121}, "cmdq": 0, "read": {"device_start": -1, "device_end": -1}}, "FFC_sans_bias2": {"write": {"device_start": -1, "host_queued_start": 1585660739.691068, "device_queued": -1, "device_end": -1, "host_queued_end": 1585660739.864583}, "device": "cpu", "nd_range": {"device_start": 2328514.152865176, "device_end": 2328514.2145402473}, "cmdq": 0, "read": {"device_start": -1, "device_end": -1}}, "coalesced_transpose120": {"write": {"device_start": -1, "host_queued_start": 1585660739.628436, "device_queued": -1, "device_end": -1, "host_queued_end": 1585660739.64613}, "device": "gpu", "nd_range": {"device_start": 1585660672.2229662, "device_end": 1585660672.2260675}, "cmdq": 1, "read": {"device_start": -1, "device_end": -1}}, "FFC_sans_bias9": {"write": {"device_start": -1, "host_queued_start": 1585660739.694385, "device_queued": -1, "device_end": -1, "host_queued_end": 1585660739.864583}, "device": "cpu", "nd_range": {"device_start": 2328514.118013253, "device_end": 2328514.170307115}, "cmdq": 1, "read": {"device_start": -1, "device_end": -1}}, "empty71": {"write": {"device_start": -1, "host_queued_start": 1585660739.670159, "device_queued": -1, "device_end": -1, "host_queued_end": 1585660739.864583}, "device": "cpu", "nd_range": {"device_start": 2328514.0542678563, "device_end": 2328514.054268807}, "cmdq": 1, "read": {"device_start": -1, "device_end": -1}}, "softmax41": {"write": {"device_start": -1, "host_queued_start": 1585660739.817288, "device_queued": -1, "device_end": -1, "host_queued_end": 1585660739.864583}, "device": "cpu", "nd_range": {"device_start": 2328515.823018459, "device_end": 2328515.8237246573}, "cmdq": 0, "read": {"device_start": -1, "device_end": -1}}, "FFC_sans_bias37": {"write": {"device_start": -1, "host_queued_start": 1585660739.729231, "device_queued": -1, "device_end": -1, "host_queued_end": 1585660739.864583}, "device": "cpu", "nd_range": {"device_start": 2328514.444783553, "device_end": 2328514.5104314922}, "cmdq": 1, "read": {"device_start": -1, "device_end": -1}}, "FFC_sans_bias36": {"write": {"device_start": -1, "host_queued_start": 1585660739.725776, "device_queued": -1, "device_end": -1, "host_queued_end": 1585660739.864583}, "device": "cpu", "nd_range": {"device_start": 2328514.543942098, "device_end": 2328514.6212838073}, "cmdq": 0, "read": {"device_start": -1, "device_end": -1}}, "FFC_sans_bias34": {"write": {"device_start": -1, "host_queued_start": 1585660739.8404, "device_queued": -1, "device_end": -1, "host_queued_end": 1585660739.864583}, "device": "cpu", "nd_range": {"device_start": 2328516.302286406, "device_end": 2328516.378590589}, "cmdq": 1, "read": {"device_start": -1, "device_end": -1}}, "FFC_sans_bias33": {"write": {"device_start": -1, "host_queued_start": 1585660739.823408, "device_queued": -1, "device_end": -1, "host_queued_end": 1585660739.864583}, "device": "cpu", "nd_range": {"device_start": 2328515.8651169273, "device_end": 2328515.934808147}, "cmdq": 1, "read": {"device_start": -1, "device_end": -1}}, "FFC_sans_bias31": {"write": {"device_start": -1, "host_queued_start": 1585660739.809814, "device_queued": -1, "device_end": -1, "host_queued_end": 1585660739.864583}, "device": "cpu", "nd_range": {"device_start": 2328515.4007050293, "device_end": 2328515.475343548}, "cmdq": 1, "read": {"device_start": -1, "device_end": -1}}, "FFC_sans_bias38": {"write": {"device_start": -1, "host_queued_start": 1585660739.732562, "device_queued": -1, "device_end": -1, "host_queued_end": 1585660739.864583}, "device": "cpu", "nd_range": {"device_start": 2328514.621298091, "device_end": 2328514.683549866}, "cmdq": 0, "read": {"device_start": -1, "device_end": -1}}, "coalesced_transpose75": {"write": {"device_start": -1, "host_queued_start": 1585660739.805651, "device_queued": -1, "device_end": -1, "host_queued_end": 1585660739.864583}, "device": "cpu", "nd_range": {"device_start": 2328515.342870954, "device_end": 2328515.3437908413}, "cmdq": 0, "read": {"device_start": -1, "device_end": -1}}, "softmax140": {"write": {"device_start": -1, "host_queued_start": 1585660739.631335, "device_queued": -1, "device_end": -1, "host_queued_end": 1585660739.64613}, "device": "gpu", "nd_range": {"device_start": 1585660672.2364147, "device_end": 1585660672.2368367}, "cmdq": 1, "read": {"device_start": -1, "device_end": -1}}, "empty44": {"write": {"device_start": -1, "host_queued_start": 1585660739.662013, "device_queued": -1, "device_end": -1, "host_queued_end": 1585660739.864583}, "device": "cpu", "nd_range": {"device_start": 2328514.054262515, "device_end": 2328514.054263291}, "cmdq": 0, "read": {"device_start": -1, "device_end": -1}}, "FFC_sans_bias137": {"write": {"device_start": 1585660672.2136042, "host_queued_start": 1585660739.624437, "device_queued": 1585660672.185773, "device_end": 1585660672.2137094, "host_queued_end": 1585660739.64613}, "device": "gpu", "nd_range": {"device_start": 1585660672.2137136, "device_end": 1585660672.2196915}, "cmdq": 0, "read": {"device_start": -1, "device_end": -1}}, "empty8": {"write": {"device_start": -1, "host_queued_start": 1585660739.650228, "device_queued": -1, "device_end": -1, "host_queued_end": 1585660739.864583}, "device": "cpu", "nd_range": {"device_start": 2328514.0542183192, "device_end": 2328514.054230253}, "cmdq": 0, "read": {"device_start": -1, "device_end": -1}}, "softmax50": {"write": {"device_start": -1, "host_queued_start": 1585660739.81782, "device_queued": -1, "device_end": -1, "host_queued_end": 1585660739.864583}, "device": "cpu", "nd_range": {"device_start": 2328515.7926427783, "device_end": 2328515.793352662}, "cmdq": 1, "read": {"device_start": -1, "device_end": -1}}, "softmax59": {"write": {"device_start": -1, "host_queued_start": 1585660739.81837, "device_queued": -1, "device_end": -1, "host_queued_end": 1585660739.864583}, "device": "cpu", "nd_range": {"device_start": 2328515.823843662, "device_end": 2328515.824558908}, "cmdq": 0, "read": {"device_start": -1, "device_end": -1}}, "FFC_sans_bias142": {"write": {"device_start": 1585660672.2539866, "host_queued_start": 1585660739.646018, "device_queued": 1585660672.1889167, "device_end": 1585660672.254084, "host_queued_end": 1585660739.64613}, "device": "gpu", "nd_range": {"device_start": 1585660672.2540872, "device_end": 1585660672.2597454}, "cmdq": 1, "read": {"device_start": 1585660672.259748, "device_end": 1585660672.2598376}}, "FFC_sans_bias141": {"write": {"device_start": -1, "host_queued_start": 1585660739.632746, "device_queued": -1, "device_end": -1, "host_queued_end": 1585660739.64613}, "device": "gpu", "nd_range": {"device_start": 1585660672.2402003, "device_end": 1585660672.246804}, "cmdq": 1, "read": {"device_start": -1, "device_end": -1}}, "FFC_sans_bias24": {"write": {"device_start": -1, "host_queued_start": 1585660739.822817, "device_queued": -1, "device_end": -1, "host_queued_end": 1585660739.864583}, "device": "cpu", "nd_range": {"device_start": 2328515.898727994, "device_end": 2328515.968716773}, "cmdq": 0, "read": {"device_start": -1, "device_end": -1}}, "FFC_sans_bias25": {"write": {"device_start": -1, "host_queued_start": 1585660739.837413, "device_queued": -1, "device_end": -1, "host_queued_end": 1585660739.864583}, "device": "cpu", "nd_range": {"device_start": 2328516.362328379, "device_end": 2328516.4795612893}, "cmdq": 0, "read": {"device_start": -1, "device_end": -1}}, "FFC_sans_bias27": {"write": {"device_start": -1, "host_queued_start": 1585660739.714695, "device_queued": -1, "device_end": -1, "host_queued_end": 1585660739.864583}, "device": "cpu", "nd_range": {"device_start": 2328514.319306326, "device_end": 2328514.38130379}, "cmdq": 1, "read": {"device_start": -1, "device_end": -1}}, "FFC_sans_bias20": {"write": {"device_start": -1, "host_queued_start": 1585660739.711228, "device_queued": -1, "device_end": -1, "host_queued_end": 1585660739.864583}, "device": "cpu", "nd_range": {"device_start": 2328514.3821298024, "device_end": 2328514.466639479}, "cmdq": 0, "read": {"device_start": -1, "device_end": -1}}, "FFC_sans_bias22": {"write": {"device_start": -1, "host_queued_start": 1585660739.809215, "device_queued": -1, "device_end": -1, "host_queued_end": 1585660739.864583}, "device": "cpu", "nd_range": {"device_start": 2328515.4576547514, "device_end": 2328515.5257526883}, "cmdq": 0, "read": {"device_start": -1, "device_end": -1}}, "FFC_sans_bias130": {"write": {"device_start": -1, "host_queued_start": 1585660739.630022, "device_queued": -1, "device_end": -1, "host_queued_end": 1585660739.64613}, "device": "gpu", "nd_range": {"device_start": 1585660672.22616, "device_end": 1585660672.2327907}, "cmdq": 0, "read": {"device_start": -1, "device_end": -1}}, "FFC_sans_bias28": {"write": {"device_start": -1, "host_queued_start": 1585660739.718281, "device_queued": -1, "device_end": -1, "host_queued_end": 1585660739.864583}, "device": "cpu", "nd_range": {"device_start": 2328514.466652755, "device_end": 2328514.5439263033}, "cmdq": 0, "read": {"device_start": -1, "device_end": -1}}, "FFC_sans_bias29": {"write": {"device_start": -1, "host_queued_start": 1585660739.722338, "device_queued": -1, "device_end": -1, "host_queued_end": 1585660739.864583}, "device": "cpu", "nd_range": {"device_start": 2328514.3813238423, "device_end": 2328514.4447652283}, "cmdq": 1, "read": {"device_start": -1, "device_end": -1}}, "coalesced_transpose66": {"write": {"device_start": -1, "host_queued_start": 1585660739.805076, "device_queued": -1, "device_end": -1, "host_queued_end": 1585660739.864583}, "device": "cpu", "nd_range": {"device_start": 2328515.309219446, "device_end": 2328515.310095617}, "cmdq": 1, "read": {"device_start": -1, "device_end": -1}}, "coalesced_transpose93": {"write": {"device_start": -1, "host_queued_start": 1585660739.806812, "device_queued": -1, "device_end": -1, "host_queued_end": 1585660739.864583}, "device": "cpu", "nd_range": {"device_start": 2328515.343797267, "device_end": 2328515.3480470963}, "cmdq": 0, "read": {"device_start": -1, "device_end": -1}}, "softmax23": {"write": {"device_start": -1, "host_queued_start": 1585660739.816244, "device_queued": -1, "device_end": -1, "host_queued_end": 1585660739.864583}, "device": "cpu", "nd_range": {"device_start": 2328515.8221943313, "device_end": 2328515.8228931213}, "cmdq": 0, "read": {"device_start": -1, "device_end": -1}}, "empty62": {"write": {"device_start": -1, "host_queued_start": 1585660739.667454, "device_queued": -1, "device_end": -1, "host_queued_end": 1585660739.864583}, "device": "cpu", "nd_range": {"device_start": 2328514.054268293, "device_end": 2328514.05426908}, "cmdq": 0, "read": {"device_start": -1, "device_end": -1}}, "FFC_sans_bias10": {"write": {"device_start": -1, "host_queued_start": 1585660739.697747, "device_queued": -1, "device_end": -1, "host_queued_end": 1585660739.864583}, "device": "cpu", "nd_range": {"device_start": 2328514.214577842, "device_end": 2328514.28971314}, "cmdq": 0, "read": {"device_start": -1, "device_end": -1}}, "FFC_sans_bias13": {"write": {"device_start": -1, "host_queued_start": 1585660739.808615, "device_queued": -1, "device_end": -1, "host_queued_end": 1585660739.864583}, "device": "cpu", "nd_range": {"device_start": 2328515.3386832583, "device_end": 2328515.400495143}, "cmdq": 1, "read": {"device_start": -1, "device_end": -1}}, "FFC_sans_bias15": {"write": {"device_start": -1, "host_queued_start": 1585660739.8222, "device_queued": -1, "device_end": -1, "host_queued_end": 1585660739.864583}, "device": "cpu", "nd_range": {"device_start": 2328515.798716001, "device_end": 2328515.864905217}, "cmdq": 1, "read": {"device_start": -1, "device_end": -1}}, "FFC_sans_bias16": {"write": {"device_start": -1, "host_queued_start": 1585660739.834412, "device_queued": -1, "device_end": -1, "host_queued_end": 1585660739.864583}, "device": "cpu", "nd_range": {"device_start": 2328516.224030068, "device_end": 2328516.302273224}, "cmdq": 1, "read": {"device_start": -1, "device_end": -1}}, "FFC_sans_bias19": {"write": {"device_start": -1, "host_queued_start": 1585660739.707898, "device_queued": -1, "device_end": -1, "host_queued_end": 1585660739.864583}, "device": "cpu", "nd_range": {"device_start": 2328514.2630685573, "device_end": 2328514.319289841}, "cmdq": 1, "read": {"device_start": -1, "device_end": -1}}, "FFC_sans_bias18": {"write": {"device_start": -1, "host_queued_start": 1585660739.704531, "device_queued": -1, "device_end": -1, "host_queued_end": 1585660739.864583}, "device": "cpu", "nd_range": {"device_start": 2328514.2897298504, "device_end": 2328514.3821187373}, "cmdq": 0, "read": {"device_start": -1, "device_end": -1}}, "FFC_sans_bias99": {"write": {"device_start": -1, "host_queued_start": 1585660739.794461, "device_queued": -1, "device_end": -1, "host_queued_end": 1585660739.864583}, "device": "cpu", "nd_range": {"device_start": 2328515.133800928, "device_end": 2328515.251476245}, "cmdq": 1, "read": {"device_start": -1, "device_end": -1}}, "FFC_sans_bias91": {"write": {"device_start": -1, "host_queued_start": 1585660739.788368, "device_queued": -1, "device_end": -1, "host_queued_end": 1585660739.864583}, "device": "cpu", "nd_range": {"device_start": 2328515.063093685, "device_end": 2328515.1337771732}, "cmdq": 1, "read": {"device_start": -1, "device_end": -1}}, "FFC_sans_bias90": {"write": {"device_start": -1, "host_queued_start": 1585660739.785311, "device_queued": -1, "device_end": -1, "host_queued_end": 1585660739.864583}, "device": "cpu", "nd_range": {"device_start": 2328515.1646177783, "device_end": 2328515.226118835}, "cmdq": 0, "read": {"device_start": -1, "device_end": -1}}, "coalesced_transpose12": {"write": {"device_start": -1, "host_queued_start": 1585660739.801584, "device_queued": -1, "device_end": -1, "host_queued_end": 1585660739.864583}, "device": "cpu", "nd_range": {"device_start": 2328515.305962238, "device_end": 2328515.306928106}, "cmdq": 1, "read": {"device_start": -1, "device_end": -1}}, "FFC_sans_bias94": {"write": {"device_start": -1, "host_queued_start": 1585660739.814072, "device_queued": -1, "device_end": -1, "host_queued_end": 1585660739.864583}, "device": "cpu", "nd_range": {"device_start": 2328515.7543748533, "device_end": 2328515.821149317}, "cmdq": 0, "read": {"device_start": -1, "device_end": -1}}, "FFC_sans_bias97": {"write": {"device_start": -1, "host_queued_start": 1585660739.861459, "device_queued": -1, "device_end": -1, "host_queued_end": 1585660739.864583}, "device": "cpu", "nd_range": {"device_start": 2328516.707746027, "device_end": 2328516.74967035}, "cmdq": 0, "read": {"device_start": -1, "device_end": -1}}, "FFC_sans_bias96": {"write": {"device_start": -1, "host_queued_start": 1585660739.827614, "device_queued": -1, "device_end": -1, "host_queued_end": 1585660739.864583}, "device": "cpu", "nd_range": {"device_start": 2328516.191561608, "device_end": 2328516.288023279}, "cmdq": 0, "read": {"device_start": -1, "device_end": -1}}, "FFC_sans_bias124": {"write": {"device_start": 1585660672.2471955, "host_queued_start": 1585660739.639328, "device_queued": 1585660672.1883614, "device_end": 1585660672.2472973, "host_queued_end": 1585660739.64613}, "device": "gpu", "nd_range": {"device_start": 1585660672.2473025, "device_end": 1585660672.2532337}, "cmdq": 1, "read": {"device_start": 1585660672.2532425, "device_end": 1585660672.2533438}}, "FFC_sans_bias126": {"write": {"device_start": 1585660672.2038054, "host_queued_start": 1585660739.614364, "device_queued": 1585660672.1851006, "device_end": 1585660672.2039063, "host_queued_end": 1585660739.64613}, "device": "gpu", "nd_range": {"device_start": 1585660672.2039099, "device_end": 1585660672.2099144}, "cmdq": 1, "read": {"device_start": -1, "device_end": -1}}, "softmax32": {"write": {"device_start": -1, "host_queued_start": 1585660739.81677, "device_queued": -1, "device_end": -1, "host_queued_end": 1585660739.864583}, "device": "cpu", "nd_range": {"device_start": 2328515.791082519, "device_end": 2328515.79179223}, "cmdq": 1, "read": {"device_start": -1, "device_end": -1}}, "coalesced_transpose84": {"write": {"device_start": -1, "host_queued_start": 1585660739.806226, "device_queued": -1, "device_end": -1, "host_queued_end": 1585660739.864583}, "device": "cpu", "nd_range": {"device_start": 2328515.3101045573, "device_end": 2328515.31098154}, "cmdq": 1, "read": {"device_start": -1, "device_end": -1}}, "FFC_sans_bias121": {"write": {"device_start": -1, "host_queued_start": 1585660739.629703, "device_queued": -1, "device_end": -1, "host_queued_end": 1585660739.64613}, "device": "gpu", "nd_range": {"device_start": 1585660672.2261105, "device_end": 1585660672.22948}, "cmdq": 1, "read": {"device_start": -1, "device_end": -1}}, "empty98": {"write": {"device_start": -1, "host_queued_start": 1585660739.678689, "device_queued": -1, "device_end": -1, "host_queued_end": 1585660739.864583}, "device": "cpu", "nd_range": {"device_start": 2328514.0542796613, "device_end": 2328514.054280418}, "cmdq": 0, "read": {"device_start": -1, "device_end": -1}}, "empty107": {"write": {"device_start": -1, "host_queued_start": 1585660739.681336, "device_queued": -1, "device_end": -1, "host_queued_end": 1585660739.864583}, "device": "cpu", "nd_range": {"device_start": 2328514.054279121, "device_end": 2328514.054279744}, "cmdq": 1, "read": {"device_start": -1, "device_end": -1}}, "empty17": {"write": {"device_start": -1, "host_queued_start": 1585660739.653155, "device_queued": -1, "device_end": -1, "host_queued_end": 1585660739.864583}, "device": "cpu", "nd_range": {"device_start": 2328514.054219027, "device_end": 2328514.054230325}, "cmdq": 1, "read": {"device_start": -1, "device_end": -1}}, "FFC_sans_bias87": {"write": {"device_start": -1, "host_queued_start": 1585660739.827018, "device_queued": -1, "device_end": -1, "host_queued_end": 1585660739.864583}, "device": "cpu", "nd_range": {"device_start": 2328516.0788151613, "device_end": 2328516.13868923}, "cmdq": 1, "read": {"device_start": -1, "device_end": -1}}, "FFC_sans_bias85": {"write": {"device_start": -1, "host_queued_start": 1585660739.813479, "device_queued": -1, "device_end": -1, "host_queued_end": 1585660739.864583}, "device": "cpu", "nd_range": {"device_start": 2328515.63557538, "device_end": 2328515.7140528043}, "cmdq": 1, "read": {"device_start": -1, "device_end": -1}}, "FFC_sans_bias82": {"write": {"device_start": -1, "host_queued_start": 1585660739.77918, "device_queued": -1, "device_end": -1, "host_queued_end": 1585660739.864583}, "device": "cpu", "nd_range": {"device_start": 2328515.108496296, "device_end": 2328515.1646018582}, "cmdq": 0, "read": {"device_start": -1, "device_end": -1}}, "FFC_sans_bias83": {"write": {"device_start": -1, "host_queued_start": 1585660739.782255, "device_queued": -1, "device_end": -1, "host_queued_end": 1585660739.864583}, "device": "cpu", "nd_range": {"device_start": 2328514.993603468, "device_end": 2328515.0630772053}, "cmdq": 1, "read": {"device_start": -1, "device_end": -1}}, "FFC_sans_bias81": {"write": {"device_start": -1, "host_queued_start": 1585660739.776077, "device_queued": -1, "device_end": -1, "host_queued_end": 1585660739.864583}, "device": "cpu", "nd_range": {"device_start": 2328514.925018358, "device_end": 2328514.993587668}, "cmdq": 1, "read": {"device_start": -1, "device_end": -1}}, "FFC_sans_bias88": {"write": {"device_start": -1, "host_queued_start": 1585660739.858477, "device_queued": -1, "device_end": -1, "host_queued_end": 1585660739.864583}, "device": "cpu", "nd_range": {"device_start": 2328516.514390083, "device_end": 2328516.5928412774}, "cmdq": 1, "read": {"device_start": -1, "device_end": -1}}, "coalesced_transpose30": {"write": {"device_start": -1, "host_queued_start": 1585660739.802764, "device_queued": -1, "device_end": -1, "host_queued_end": 1585660739.864583}, "device": "cpu", "nd_range": {"device_start": 2328515.3069388564, "device_end": 2328515.308309862}, "cmdq": 1, "read": {"device_start": -1, "device_end": -1}}, "FFC_sans_bias128": {"write": {"device_start": 1585660672.200488, "host_queued_start": 1585660739.61108, "device_queued": 1585660672.1848814, "device_end": 1585660672.2005875, "host_queued_end": 1585660739.64613}, "device": "gpu", "nd_range": {"device_start": 1585660672.2005932, "device_end": 1585660672.206692}, "cmdq": 0, "read": {"device_start": -1, "device_end": -1}}, "coalesced_transpose39": {"write": {"device_start": -1, "host_queued_start": 1585660739.803347, "device_queued": -1, "device_end": -1, "host_queued_end": 1585660739.864583}, "device": "cpu", "nd_range": {"device_start": 2328515.3409619182, "device_end": 2328515.34190305}, "cmdq": 0, "read": {"device_start": -1, "device_end": -1}}, "FFC_sans_bias79": {"write": {"device_start": -1, "host_queued_start": 1585660739.855473, "device_queued": -1, "device_end": -1, "host_queued_end": 1585660739.864583}, "device": "cpu", "nd_range": {"device_start": 2328516.664278429, "device_end": 2328516.707733464}, "cmdq": 0, "read": {"device_start": -1, "device_end": -1}}, "FFC_sans_bias78": {"write": {"device_start": -1, "host_queued_start": 1585660739.826416, "device_queued": -1, "device_end": -1, "host_queued_end": 1585660739.864583}, "device": "cpu", "nd_range": {"device_start": 2328516.1296905424, "device_end": 2328516.191538961}, "cmdq": 0, "read": {"device_start": -1, "device_end": -1}}, "FFC_sans_bias73": {"write": {"device_start": -1, "host_queued_start": 1585660739.769388, "device_queued": -1, "device_end": -1, "host_queued_end": 1585660739.864583}, "device": "cpu", "nd_range": {"device_start": 2328514.861999255, "device_end": 2328514.925000456}, "cmdq": 1, "read": {"device_start": -1, "device_end": -1}}, "FFC_sans_bias72": {"write": {"device_start": -1, "host_queued_start": 1585660739.766086, "device_queued": -1, "device_end": -1, "host_queued_end": 1585660739.864583}, "device": "cpu", "nd_range": {"device_start": 2328514.960771381, "device_end": 2328515.0246996894}, "cmdq": 0, "read": {"device_start": -1, "device_end": -1}}, "FFC_sans_bias70": {"write": {"device_start": -1, "host_queued_start": 1585660739.852471, "device_queued": -1, "device_end": -1, "host_queued_end": 1585660739.864583}, "device": "cpu", "nd_range": {"device_start": 2328516.4523965013, "device_end": 2328516.514379605}, "cmdq": 1, "read": {"device_start": -1, "device_end": -1}}, "FFC_sans_bias76": {"write": {"device_start": -1, "host_queued_start": 1585660739.812798, "device_queued": -1, "device_end": -1, "host_queued_end": 1585660739.864583}, "device": "cpu", "nd_range": {"device_start": 2328515.690347899, "device_end": 2328515.754152491}, "cmdq": 0, "read": {"device_start": -1, "device_end": -1}}, "FFC_sans_bias74": {"write": {"device_start": -1, "host_queued_start": 1585660739.772707, "device_queued": -1, "device_end": -1, "host_queued_end": 1585660739.864583}, "device": "cpu", "nd_range": {"device_start": 2328515.024712544, "device_end": 2328515.10848217}, "cmdq": 0, "read": {"device_start": -1, "device_end": -1}}, "coalesced_transpose102": {"write": {"device_start": -1, "host_queued_start": 1585660739.807386, "device_queued": -1, "device_end": -1, "host_queued_end": 1585660739.864583}, "device": "cpu", "nd_range": {"device_start": 2328515.337842837, "device_end": 2328515.3385159993}, "cmdq": 1, "read": {"device_start": -1, "device_end": -1}}, "coalesced_transpose3": {"write": {"device_start": -1, "host_queued_start": 1585660739.800993, "device_queued": -1, "device_end": -1, "host_queued_end": 1585660739.864583}, "device": "cpu", "nd_range": {"device_start": 2328515.337832284, "device_end": 2328515.340028183}, "cmdq": 0, "read": {"device_start": -1, "device_end": -1}}, "FFC_sans_bias127": {"write": {"device_start": 1585660672.2070532, "host_queued_start": 1585660739.617699, "device_queued": 1585660672.1853216, "device_end": 1585660672.2071538, "host_queued_end": 1585660739.64613}, "device": "gpu", "nd_range": {"device_start": 1585660672.2071579, "device_end": 1585660672.213191}, "cmdq": 0, "read": {"device_start": -1, "device_end": -1}}, "empty89": {"write": {"device_start": -1, "host_queued_start": 1585660739.675714, "device_queued": -1, "device_end": -1, "host_queued_end": 1585660739.864583}, "device": "cpu", "nd_range": {"device_start": 2328514.054274001, "device_end": 2328514.054274681}, "cmdq": 1, "read": {"device_start": -1, "device_end": -1}}, "FFC_sans_bias123": {"write": {"device_start": -1, "host_queued_start": 1585660739.632111, "device_queued": -1, "device_end": -1, "host_queued_end": 1585660739.64613}, "device": "gpu", "nd_range": {"device_start": 1585660672.2368376, "device_end": 1585660672.2401993}, "cmdq": 1, "read": {"device_start": -1, "device_end": -1}}, "empty80": {"write": {"device_start": -1, "host_queued_start": 1585660739.67292, "device_queued": -1, "device_end": -1, "host_queued_end": 1585660739.864583}, "device": "cpu", "nd_range": {"device_start": 2328514.054274098, "device_end": 2328514.054274816}, "cmdq": 0, "read": {"device_start": -1, "device_end": -1}}, "empty116": {"write": {"device_start": 1585660672.182247, "host_queued_start": 1585660739.579598, "device_queued": 1585660672.181908, "device_end": 1585660672.1824856, "host_queued_end": 1585660739.64613}, "device": "gpu", "nd_range": {"device_start": 1585660672.1824968, "device_end": 1585660672.182504}, "cmdq": 0, "read": {"device_start": -1, "device_end": -1}}, "softmax104": {"write": {"device_start": -1, "host_queued_start": 1585660739.821002, "device_queued": -1, "device_end": -1, "host_queued_end": 1585660739.864583}, "device": "cpu", "nd_range": {"device_start": 2328515.797186557, "device_end": 2328515.797885441}, "cmdq": 1, "read": {"device_start": -1, "device_end": -1}}, "coalesced_transpose21": {"write": {"device_start": -1, "host_queued_start": 1585660739.802168, "device_queued": -1, "device_end": -1, "host_queued_end": 1585660739.864583}, "device": "cpu", "nd_range": {"device_start": 2328515.340038408, "device_end": 2328515.340955114}, "cmdq": 0, "read": {"device_start": -1, "device_end": -1}}, "softmax14": {"write": {"device_start": -1, "host_queued_start": 1585660739.815726, "device_queued": -1, "device_end": -1, "host_queued_end": 1585660739.864583}, "device": "cpu", "nd_range": {"device_start": 2328515.7894888353, "device_end": 2328515.790204009}, "cmdq": 1, "read": {"device_start": -1, "device_end": -1}}, "FFC_sans_bias69": {"write": {"device_start": -1, "host_queued_start": 1585660739.825828, "device_queued": -1, "device_end": -1, "host_queued_end": 1585660739.864583}, "device": "cpu", "nd_range": {"device_start": 2328516.0055555743, "device_end": 2328516.078608552}, "cmdq": 1, "read": {"device_start": -1, "device_end": -1}}, "FFC_sans_bias92": {"write": {"device_start": -1, "host_queued_start": 1585660739.791419, "device_queued": -1, "device_end": -1, "host_queued_end": 1585660739.864583}, "device": "cpu", "nd_range": {"device_start": 2328515.226162111, "device_end": 2328515.2753187274}, "cmdq": 0, "read": {"device_start": -1, "device_end": -1}}, "FFC_sans_bias60": {"write": {"device_start": -1, "host_queued_start": 1585660739.825241, "device_queued": -1, "device_end": -1, "host_queued_end": 1585660739.864583}, "device": "cpu", "nd_range": {"device_start": 2328516.035383669, "device_end": 2328516.129677045}, "cmdq": 0, "read": {"device_start": -1, "device_end": -1}}, "FFC_sans_bias61": {"write": {"device_start": -1, "host_queued_start": 1585660739.849448, "device_queued": -1, "device_end": -1, "host_queued_end": 1585660739.864583}, "device": "cpu", "nd_range": {"device_start": 2328516.572287613, "device_end": 2328516.664270726}, "cmdq": 0, "read": {"device_start": -1, "device_end": -1}}, "FFC_sans_bias63": {"write": {"device_start": -1, "host_queued_start": 1585660739.762792, "device_queued": -1, "device_end": -1, "host_queued_end": 1585660739.864583}, "device": "cpu", "nd_range": {"device_start": 2328514.780181794, "device_end": 2328514.8619783893}, "cmdq": 1, "read": {"device_start": -1, "device_end": -1}}, "FFC_sans_bias64": {"write": {"device_start": -1, "host_queued_start": 1585660739.756074, "device_queued": -1, "device_end": -1, "host_queued_end": 1585660739.864583}, "device": "cpu", "nd_range": {"device_start": 2328514.7116220864, "device_end": 2328514.780163356}, "cmdq": 1, "read": {"device_start": -1, "device_end": -1}}, "FFC_sans_bias65": {"write": {"device_start": -1, "host_queued_start": 1585660739.759463, "device_queued": -1, "device_end": -1, "host_queued_end": 1585660739.864583}, "device": "cpu", "nd_range": {"device_start": 2328514.89403215, "device_end": 2328514.960757574}, "cmdq": 0, "read": {"device_start": -1, "device_end": -1}}, "FFC_sans_bias67": {"write": {"device_start": -1, "host_queued_start": 1585660739.812202, "device_queued": -1, "device_end": -1, "host_queued_end": 1585660739.864583}, "device": "cpu", "nd_range": {"device_start": 2328515.5704258312, "device_end": 2328515.6353890253}, "cmdq": 1, "read": {"device_start": -1, "device_end": -1}}, "coalesced_transpose111": {"write": {"device_start": -1, "host_queued_start": 1585660739.628115, "device_queued": -1, "device_end": -1, "host_queued_end": 1585660739.64613}, "device": "gpu", "nd_range": {"device_start": 1585660672.2196932, "device_end": 1585660672.2227688}, "cmdq": 0, "read": {"device_start": -1, "device_end": -1}}, "FFC_sans_bias136": {"write": {"device_start": 1585660672.2102776, "host_queued_start": 1585660739.621104, "device_queued": 1585660672.1855423, "device_end": 1585660672.2103784, "host_queued_end": 1585660739.64613}, "device": "gpu", "nd_range": {"device_start": 1585660672.2103815, "device_end": 1585660672.2164748}, "cmdq": 1, "read": {"device_start": -1, "device_end": -1}}, "FFC_sans_bias135": {"write": {"device_start": 1585660672.216886, "host_queued_start": 1585660739.627767, "device_queued": 1585660672.186005, "device_end": 1585660672.216988, "host_queued_end": 1585660739.64613}, "device": "gpu", "nd_range": {"device_start": 1585660672.2169933, "device_end": 1585660672.2229624}, "cmdq": 1, "read": {"device_start": -1, "device_end": -1}}, "FFC_sans_bias133": {"write": {"device_start": 1585660672.257268, "host_queued_start": 1585660739.642692, "device_queued": 1585660672.1886773, "device_end": 1585660672.2573674, "host_queued_end": 1585660739.64613}, "device": "gpu", "nd_range": {"device_start": 1585660672.2573714, "device_end": 1585660672.2629359}, "cmdq": 0, "read": {"device_start": 1585660672.262939, "device_end": 1585660672.2630296}}, "FFC_sans_bias132": {"write": {"device_start": -1, "host_queued_start": 1585660739.63243, "device_queued": -1, "device_end": -1, "host_queued_end": 1585660739.64613}, "device": "gpu", "nd_range": {"device_start": 1585660672.2435153, "device_end": 1585660672.2499566}, "cmdq": 0, "read": {"device_start": -1, "device_end": -1}}, "softmax68": {"write": {"device_start": -1, "host_queued_start": 1585660739.8189, "device_queued": -1, "device_end": -1, "host_queued_end": 1585660739.864583}, "device": "cpu", "nd_range": {"device_start": 2328515.793360275, "device_end": 2328515.79406605}, "cmdq": 1, "read": {"device_start": -1, "device_end": -1}}, "softmax131": {"write": {"device_start": -1, "host_queued_start": 1585660739.631087, "device_queued": -1, "device_end": -1, "host_queued_end": 1585660739.64613}, "device": "gpu", "nd_range": {"device_start": 1585660672.2365863, "device_end": 1585660672.2371457}, "cmdq": 0, "read": {"device_start": -1, "device_end": -1}}, "empty125": {"write": {"device_start": 1585660672.182642, "host_queued_start": 1585660739.582997, "device_queued": 1585660672.1821382, "device_end": 1585660672.18294, "host_queued_end": 1585660739.64613}, "device": "gpu", "nd_range": {"device_start": 1585660672.1829433, "device_end": 1585660672.182951}, "cmdq": 1, "read": {"device_start": -1, "device_end": -1}}, "FFC_sans_bias139": {"write": {"device_start": -1, "host_queued_start": 1585660739.630339, "device_queued": -1, "device_end": -1, "host_queued_end": 1585660739.64613}, "device": "gpu", "nd_range": {"device_start": 1585660672.229481, "device_end": 1585660672.2360015}, "cmdq": 1, "read": {"device_start": -1, "device_end": -1}}, "empty35": {"write": {"device_start": -1, "host_queued_start": 1585660739.659178, "device_queued": -1, "device_end": -1, "host_queued_end": 1585660739.864583}, "device": "cpu", "nd_range": {"device_start": 2328514.0542542473, "device_end": 2328514.0542552923}, "cmdq": 1, "read": {"device_start": -1, "device_end": -1}}, "softmax86": {"write": {"device_start": -1, "host_queued_start": 1585660739.819954, "device_queued": -1, "device_end": -1, "host_queued_end": 1585660739.864583}, "device": "cpu", "nd_range": {"device_start": 2328515.79562814, "device_end": 2328515.7963405713}, "cmdq": 1, "read": {"device_start": -1, "device_end": -1}}, "FFC_sans_bias55": {"write": {"device_start": -1, "host_queued_start": 1585660739.752606, "device_queued": -1, "device_end": -1, "host_queued_end": 1585660739.864583}, "device": "cpu", "nd_range": {"device_start": 2328514.809959325, "device_end": 2328514.894016758}, "cmdq": 0, "read": {"device_start": -1, "device_end": -1}}, "FFC_sans_bias54": {"write": {"device_start": -1, "host_queued_start": 1585660739.749291, "device_queued": -1, "device_end": -1, "host_queued_end": 1585660739.864583}, "device": "cpu", "nd_range": {"device_start": 2328514.638823667, "device_end": 2328514.7113799523}, "cmdq": 1, "read": {"device_start": -1, "device_end": -1}}, "FFC_sans_bias56": {"write": {"device_start": -1, "host_queued_start": 1585660739.745957, "device_queued": -1, "device_end": -1, "host_queued_end": 1585660739.864583}, "device": "cpu", "nd_range": {"device_start": 2328514.7508371063, "device_end": 2328514.8099468383}, "cmdq": 0, "read": {"device_start": -1, "device_end": -1}}, "FFC_sans_bias51": {"write": {"device_start": -1, "host_queued_start": 1585660739.824591, "device_queued": -1, "device_end": -1, "host_queued_end": 1585660739.864583}, "device": "cpu", "nd_range": {"device_start": 2328515.935008495, "device_end": 2328516.0053558503}, "cmdq": 1, "read": {"device_start": -1, "device_end": -1}}, "FFC_sans_bias52": {"write": {"device_start": -1, "host_queued_start": 1585660739.846407, "device_queued": -1, "device_end": -1, "host_queued_end": 1585660739.864583}, "device": "cpu", "nd_range": {"device_start": 2328516.37861036, "device_end": 2328516.4523847373}, "cmdq": 1, "read": {"device_start": -1, "device_end": -1}}, "FFC_sans_bias58": {"write": {"device_start": -1, "host_queued_start": 1585660739.81161, "device_queued": -1, "device_end": -1, "host_queued_end": 1585660739.864583}, "device": "cpu", "nd_range": {"device_start": 2328515.6234137192, "device_end": 2328515.690332461}, "cmdq": 0, "read": {"device_start": -1, "device_end": -1}}, "FFC_sans_bias108": {"write": {"device_start": 1585660672.1835897, "host_queued_start": 1585660739.591037, "device_queued": 1585660672.1832805, "device_end": 1585660672.1836839, "host_queued_end": 1585660739.64613}, "device": "gpu", "nd_range": {"device_start": 1585660672.183687, "device_end": 1585660672.1870565}, "cmdq": 0, "read": {"device_start": -1, "device_end": -1}}, "FFC_sans_bias109": {"write": {"device_start": 1585660672.1839545, "host_queued_start": 1585660739.594314, "device_queued": 1585660672.1837099, "device_end": 1585660672.1840625, "host_queued_end": 1585660739.64613}, "device": "gpu", "nd_range": {"device_start": 1585660672.184065, "device_end": 1585660672.190396}, "cmdq": 1, "read": {"device_start": -1, "device_end": -1}}, "coalesced_transpose129": {"write": {"device_start": -1, "host_queued_start": 1585660739.628751, "device_queued": -1, "device_end": -1, "host_queued_end": 1585660739.64613}, "device": "gpu", "nd_range": {"device_start": 1585660672.22277, "device_end": 1585660672.2227979}, "cmdq": 0, "read": {"device_start": -1, "device_end": -1}}, "FFC_sans_bias103": {"write": {"device_start": -1, "host_queued_start": 1585660739.814671, "device_queued": -1, "device_end": -1, "host_queued_end": 1585660739.864583}, "device": "cpu", "nd_range": {"device_start": 2328515.714255318, "device_end": 2328515.788587879}, "cmdq": 1, "read": {"device_start": -1, "device_end": -1}}, "FFC_sans_bias100": {"write": {"device_start": -1, "host_queued_start": 1585660739.797552, "device_queued": -1, "device_end": -1, "host_queued_end": 1585660739.864583}, "device": "cpu", "nd_range": {"device_start": 2328515.275332043, "device_end": 2328515.3378013}, "cmdq": 0, "read": {"device_start": -1, "device_end": -1}}, "FFC_sans_bias101": {"write": {"device_start": -1, "host_queued_start": 1585660739.800635, "device_queued": -1, "device_end": -1, "host_queued_end": 1585660739.864583}, "device": "cpu", "nd_range": {"device_start": 2328515.2514966354, "device_end": 2328515.3059454593}, "cmdq": 1, "read": {"device_start": -1, "device_end": -1}}, "FFC_sans_bias106": {"write": {"device_start": -1, "host_queued_start": 1585660739.864529, "device_queued": -1, "device_end": -1, "host_queued_end": 1585660739.864583}, "device": "cpu", "nd_range": {"device_start": 2328516.5928504313, "device_end": 2328516.661427123}, "cmdq": 1, "read": {"device_start": -1, "device_end": -1}}, "softmax122": {"write": {"device_start": -1, "host_queued_start": 1585660739.630841, "device_queued": -1, "device_end": -1, "host_queued_end": 1585660739.64613}, "device": "gpu", "nd_range": {"device_start": 1585660672.2360024, "device_end": 1585660672.2364128}, "cmdq": 1, "read": {"device_start": -1, "device_end": -1}}, "FFC_sans_bias105": {"write": {"device_start": -1, "host_queued_start": 1585660739.828211, "device_queued": -1, "device_end": -1, "host_queued_end": 1585660739.864583}, "device": "cpu", "nd_range": {"device_start": 2328516.1388444994, "device_end": 2328516.2166005922}, "cmdq": 1, "read": {"device_start": -1, "device_end": -1}}, "softmax95": {"write": {"device_start": -1, "host_queued_start": 1585660739.820478, "device_queued": -1, "device_end": -1, "host_queued_end": 1585660739.864583}, "device": "cpu", "nd_range": {"device_start": 2328515.8255014974, "device_end": 2328515.8262067703}, "cmdq": 0, "read": {"device_start": -1, "device_end": -1}}, "coalesced_transpose57": {"write": {"device_start": -1, "host_queued_start": 1585660739.804501, "device_queued": -1, "device_end": -1, "host_queued_end": 1585660739.864583}, "device": "cpu", "nd_range": {"device_start": 2328515.341910352, "device_end": 2328515.342863386}, "cmdq": 0, "read": {"device_start": -1, "device_end": -1}}, "empty26": {"write": {"device_start": -1, "host_queued_start": 1585660739.656178, "device_queued": -1, "device_end": -1, "host_queued_end": 1585660739.864583}, "device": "cpu", "nd_range": {"device_start": 2328514.0542551163, "device_end": 2328514.054256543}, "cmdq": 0, "read": {"device_start": -1, "device_end": -1}}, "softmax113": {"write": {"device_start": -1, "host_queued_start": 1585660739.630596, "device_queued": -1, "device_end": -1, "host_queued_end": 1585660739.64613}, "device": "gpu", "nd_range": {"device_start": 1585660672.232792, "device_end": 1585660672.2365851}, "cmdq": 0, "read": {"device_start": -1, "device_end": -1}}, "FFC_sans_bias11": {"write": {"device_start": -1, "host_queued_start": 1585660739.701155, "device_queued": -1, "device_end": -1, "host_queued_end": 1585660739.864583}, "device": "cpu", "nd_range": {"device_start": 2328514.170323785, "device_end": 2328514.2630438753}, "cmdq": 1, "read": {"device_start": -1, "device_end": -1}}, "FFC_sans_bias42": {"write": {"device_start": -1, "host_queued_start": 1585660739.824, "device_queued": -1, "device_end": -1, "host_queued_end": 1585660739.864583}, "device": "cpu", "nd_range": {"device_start": 2328515.968729875, "device_end": 2328516.035364507}, "cmdq": 0, "read": {"device_start": -1, "device_end": -1}}, "FFC_sans_bias43": {"write": {"device_start": -1, "host_queued_start": 1585660739.843422, "device_queued": -1, "device_end": -1, "host_queued_end": 1585660739.864583}, "device": "cpu", "nd_range": {"device_start": 2328516.4795725243, "device_end": 2328516.5722783753}, "cmdq": 0, "read": {"device_start": -1, "device_end": -1}}, "FFC_sans_bias40": {"write": {"device_start": -1, "host_queued_start": 1585660739.81041, "device_queued": -1, "device_end": -1, "host_queued_end": 1585660739.864583}, "device": "cpu", "nd_range": {"device_start": 2328515.525770904, "device_end": 2328515.623401139}, "cmdq": 0, "read": {"device_start": -1, "device_end": -1}}, "FFC_sans_bias46": {"write": {"device_start": -1, "host_queued_start": 1585660739.739263, "device_queued": -1, "device_end": -1, "host_queued_end": 1585660739.864583}, "device": "cpu", "nd_range": {"device_start": 2328514.683779937, "device_end": 2328514.750819642}, "cmdq": 0, "read": {"device_start": -1, "device_end": -1}}, "FFC_sans_bias47": {"write": {"device_start": -1, "host_queued_start": 1585660739.742647, "device_queued": -1, "device_end": -1, "host_queued_end": 1585660739.864583}, "device": "cpu", "nd_range": {"device_start": 2328514.57450036, "device_end": 2328514.638800351}, "cmdq": 1, "read": {"device_start": -1, "device_end": -1}}, "FFC_sans_bias45": {"write": {"device_start": -1, "host_queued_start": 1585660739.735887, "device_queued": -1, "device_end": -1, "host_queued_end": 1585660739.864583}, "device": "cpu", "nd_range": {"device_start": 2328514.510450007, "device_end": 2328514.574484668}, "cmdq": 1, "read": {"device_start": -1, "device_end": -1}}, "FFC_sans_bias49": {"write": {"device_start": -1, "host_queued_start": 1585660739.811013, "device_queued": -1, "device_end": -1, "host_queued_end": 1585660739.864583}, "device": "cpu", "nd_range": {"device_start": 2328515.475551703, "device_end": 2328515.570206181}, "cmdq": 1, "read": {"device_start": -1, "device_end": -1}}, "softmax77": {"write": {"device_start": -1, "host_queued_start": 1585660739.819428, "device_queued": -1, "device_end": -1, "host_queued_end": 1585660739.864583}, "device": "cpu", "nd_range": {"device_start": 2328515.8246823023, "device_end": 2328515.825386849}, "cmdq": 0, "read": {"device_start": -1, "device_end": -1}}, "empty134": {"write": {"device_start": 1585660672.1829693, "host_queued_start": 1585660739.585624, "device_queued": 1585660672.1824973, "device_end": 1585660672.1832662, "host_queued_end": 1585660739.64613}, "device": "gpu", "nd_range": {"device_start": 1585660672.183273, "device_end": 1585660672.183277}, "cmdq": 0, "read": {"device_start": -1, "device_end": -1}}, "coalesced_transpose138": {"write": {"device_start": -1, "host_queued_start": 1585660739.629057, "device_queued": -1, "device_end": -1, "host_queued_end": 1585660739.64613}, "device": "gpu", "nd_range": {"device_start": 1585660672.2260687, "device_end": 1585660672.2261093}, "cmdq": 1, "read": {"device_start": -1, "device_end": -1}}, "FFC_sans_bias119": {"write": {"device_start": 1585660672.1972053, "host_queued_start": 1585660739.607742, "device_queued": 1585660672.1846616, "device_end": 1585660672.19731, "host_queued_end": 1585660739.64613}, "device": "gpu", "nd_range": {"device_start": 1585660672.1973162, "device_end": 1585660672.2034304}, "cmdq": 1, "read": {"device_start": -1, "device_end": -1}}, "FFC_sans_bias118": {"write": {"device_start": 1585660672.1941385, "host_queued_start": 1585660739.604361, "device_queued": 1585660672.1844332, "device_end": 1585660672.194241, "host_queued_end": 1585660739.64613}, "device": "gpu", "nd_range": {"device_start": 1585660672.194247, "device_end": 1585660672.2001178}, "cmdq": 0, "read": {"device_start": -1, "device_end": -1}}, "empty143": {"write": {"device_start": 1585660672.1832895, "host_queued_start": 1585660739.588239, "device_queued": 1585660672.1829531, "device_end": 1585660672.1835735, "host_queued_end": 1585660739.64613}, "device": "gpu", "nd_range": {"device_start": 1585660672.1835823, "device_end": 1585660672.1835861}, "cmdq": 1, "read": {"device_start": -1, "device_end": -1}}, "FFC_sans_bias115": {"write": {"device_start": 1585660672.2503164, "host_queued_start": 1585660739.635976, "device_queued": 1585660672.1881278, "device_end": 1585660672.250417, "host_queued_end": 1585660739.64613}, "device": "gpu", "nd_range": {"device_start": 1585660672.2504203, "device_end": 1585660672.2565248}, "cmdq": 0, "read": {"device_start": 1585660672.2565284, "device_end": 1585660672.2566376}}, "FFC_sans_bias114": {"write": {"device_start": -1, "host_queued_start": 1585660739.631793, "device_queued": -1, "device_end": -1, "host_queued_end": 1585660739.64613}, "device": "gpu", "nd_range": {"device_start": 1585660672.2371473, "device_end": 1585660672.2435143}, "cmdq": 0, "read": {"device_start": -1, "device_end": -1}}, "FFC_sans_bias117": {"write": {"device_start": 1585660672.1907678, "host_queued_start": 1585660739.601021, "device_queued": 1585660672.184207, "device_end": 1585660672.1908753, "host_queued_end": 1585660739.64613}, "device": "gpu", "nd_range": {"device_start": 1585660672.1908808, "device_end": 1585660672.1968112}, "cmdq": 1, "read": {"device_start": -1, "device_end": -1}}, "softmax5": {"write": {"device_start": -1, "host_queued_start": 1585660739.8152, "device_queued": -1, "device_end": -1, "host_queued_end": 1585660739.864583}, "device": "cpu", "nd_range": {"device_start": 2328515.821347176, "device_end": 2328515.822053397}, "cmdq": 0, "read": {"device_start": -1, "device_end": -1}}, "FFC_sans_bias110": {"write": {"device_start": 1585660672.187424, "host_queued_start": 1585660739.597669, "device_queued": 1585660672.1839614, "device_end": 1585660672.187525, "host_queued_end": 1585660739.64613}, "device": "gpu", "nd_range": {"device_start": 1585660672.1875303, "device_end": 1585660672.1937103}, "cmdq": 0, "read": {"device_start": -1, "device_end": -1}}, "FFC_sans_bias112": {"write": {"device_start": -1, "host_queued_start": 1585660739.629374, "device_queued": -1, "device_end": -1, "host_queued_end": 1585660739.64613}, "device": "gpu", "nd_range": {"device_start": 1585660672.222799, "device_end": 1585660672.2261586}, "cmdq": 0, "read": {"device_start": -1, "device_end": -1}}, "empty53": {"write": {"device_start": -1, "host_queued_start": 1585660739.664726, "device_queued": -1, "device_end": -1, "host_queued_end": 1585660739.864583}, "device": "cpu", "nd_range": {"device_start": 2328514.054261736, "device_end": 2328514.054262705}, "cmdq": 1, "read": {"device_start": -1, "device_end": -1}}, "coalesced_transpose48": {"write": {"device_start": -1, "host_queued_start": 1585660739.803923, "device_queued": -1, "device_end": -1, "host_queued_end": 1585660739.864583}, "device": "cpu", "nd_range": {"device_start": 2328515.308320003, "device_end": 2328515.3092113864}, "cmdq": 1, "read": {"device_start": -1, "device_end": -1}}}