{"FFC_sans_bias4": {"write": {"device_start": -1, "host_queued_start": 1585661742.743122, "device_queued": -1, "device_end": -1, "host_queued_end": 1585661742.811816}, "device": "cpu", "nd_range": {"device_start": 2329518.4687279672, "device_end": 2329518.588233657}, "cmdq": 2, "read": {"device_start": -1, "device_end": -1}}, "FFC_sans_bias7": {"write": {"device_start": -1, "host_queued_start": 1585661742.77123, "device_queued": -1, "device_end": -1, "host_queued_end": 1585661742.811816}, "device": "cpu", "nd_range": {"device_start": 2329519.313999807, "device_end": 2329519.4437751663}, "cmdq": 0, "read": {"device_start": -1, "device_end": -1}}, "FFC_sans_bias6": {"write": {"device_start": -1, "host_queued_start": 1585661742.759634, "device_queued": -1, "device_end": -1, "host_queued_end": 1585661742.811816}, "device": "cpu", "nd_range": {"device_start": 2329518.99282666, "device_end": 2329519.108697785}, "cmdq": 2, "read": {"device_start": -1, "device_end": -1}}, "FFC_sans_bias1": {"write": {"device_start": -1, "host_queued_start": 1585661742.596083, "device_queued": -1, "device_end": -1, "host_queued_end": 1585661742.811816}, "device": "cpu", "nd_range": {"device_start": 2329517.001516519, "device_end": 2329517.21705202}, "cmdq": 3, "read": {"device_start": -1, "device_end": -1}}, "FFC_sans_bias0": {"write": {"device_start": -1, "host_queued_start": 1585661742.592676, "device_queued": -1, "device_end": -1, "host_queued_end": 1585661742.811816}, "device": "cpu", "nd_range": {"device_start": 2329517.0014980254, "device_end": 2329517.127069658}, "cmdq": 2, "read": {"device_start": -1, "device_end": -1}}, "FFC_sans_bias2": {"write": {"device_start": -1, "host_queued_start": 1585661742.599612, "device_queued": -1, "device_end": -1, "host_queued_end": 1585661742.811816}, "device": "cpu", "nd_range": {"device_start": 2329517.001497994, "device_end": 2329517.1306913784}, "cmdq": 0, "read": {"device_start": -1, "device_end": -1}}, "coalesced_transpose120": {"write": {"device_start": -1, "host_queued_start": 1585661742.742442, "device_queued": -1, "device_end": -1, "host_queued_end": 1585661742.811816}, "device": "cpu", "nd_range": {"device_start": 2329518.532170582, "device_end": 2329518.5330588813}, "cmdq": 1, "read": {"device_start": -1, "device_end": -1}}, "FFC_sans_bias9": {"write": {"device_start": -1, "host_queued_start": 1585661742.603036, "device_queued": -1, "device_end": -1, "host_queued_end": 1585661742.811816}, "device": "cpu", "nd_range": {"device_start": 2329517.0021268832, "device_end": 2329517.1252437243}, "cmdq": 1, "read": {"device_start": -1, "device_end": -1}}, "empty71": {"write": {"device_start": -1, "host_queued_start": 1585661742.572693, "device_queued": -1, "device_end": -1, "host_queued_end": 1585661742.811816}, "device": "cpu", "nd_range": {"device_start": 2329517.001502865, "device_end": 2329517.001503669}, "cmdq": 3, "read": {"device_start": -1, "device_end": -1}}, "softmax41": {"write": {"device_start": -1, "host_queued_start": 1585661742.754055, "device_queued": -1, "device_end": -1, "host_queued_end": 1585661742.811816}, "device": "cpu", "nd_range": {"device_start": 2329518.9215344023, "device_end": 2329518.9223070443}, "cmdq": 0, "read": {"device_start": -1, "device_end": -1}}, "FFC_sans_bias37": {"write": {"device_start": -1, "host_queued_start": 1585661742.637452, "device_queued": -1, "device_end": -1, "host_queued_end": 1585661742.811816}, "device": "cpu", "nd_range": {"device_start": 2329517.462691987, "device_end": 2329517.584793074}, "cmdq": 3, "read": {"device_start": -1, "device_end": -1}}, "FFC_sans_bias36": {"write": {"device_start": -1, "host_queued_start": 1585661742.63403, "device_queued": -1, "device_end": -1, "host_queued_end": 1585661742.811816}, "device": "cpu", "nd_range": {"device_start": 2329517.3794916263, "device_end": 2329517.504184316}, "cmdq": 2, "read": {"device_start": -1, "device_end": -1}}, "FFC_sans_bias34": {"write": {"device_start": -1, "host_queued_start": 1585661742.780571, "device_queued": -1, "device_end": -1, "host_queued_end": 1585661742.811816}, "device": "cpu", "nd_range": {"device_start": 2329519.688859986, "device_end": 2329519.81674556}, "cmdq": 3, "read": {"device_start": -1, "device_end": -1}}, "FFC_sans_bias33": {"write": {"device_start": -1, "host_queued_start": 1585661742.761542, "device_queued": -1, "device_end": -1, "host_queued_end": 1585661742.811816}, "device": "cpu", "nd_range": {"device_start": 2329519.179275838, "device_end": 2329519.312109276}, "cmdq": 1, "read": {"device_start": -1, "device_end": -1}}, "FFC_sans_bias31": {"write": {"device_start": -1, "host_queued_start": 1585661742.745012, "device_queued": -1, "device_end": -1, "host_queued_end": 1585661742.811816}, "device": "cpu", "nd_range": {"device_start": 2329518.7131923144, "device_end": 2329518.815537717}, "cmdq": 1, "read": {"device_start": -1, "device_end": -1}}, "FFC_sans_bias38": {"write": {"device_start": -1, "host_queued_start": 1585661742.640894, "device_queued": -1, "device_end": -1, "host_queued_end": 1585661742.811816}, "device": "cpu", "nd_range": {"device_start": 2329517.423881244, "device_end": 2329517.5541341132}, "cmdq": 0, "read": {"device_start": -1, "device_end": -1}}, "coalesced_transpose75": {"write": {"device_start": -1, "host_queued_start": 1585661742.739408, "device_queued": -1, "device_end": -1, "host_queued_end": 1585661742.811816}, "device": "cpu", "nd_range": {"device_start": 2329518.467685998, "device_end": 2329518.468574204}, "cmdq": 0, "read": {"device_start": -1, "device_end": -1}}, "softmax140": {"write": {"device_start": -1, "host_queued_start": 1585661742.541891, "device_queued": -1, "device_end": -1, "host_queued_end": 1585661742.549368}, "device": "gpu", "nd_range": {"device_start": 1585661675.0864446, "device_end": 1585661675.0868742}, "cmdq": 1, "read": {"device_start": -1, "device_end": -1}}, "empty44": {"write": {"device_start": -1, "host_queued_start": 1585661742.564694, "device_queued": -1, "device_end": -1, "host_queued_end": 1585661742.811816}, "device": "cpu", "nd_range": {"device_start": 2329517.0014768713, "device_end": 2329517.001478077}, "cmdq": 0, "read": {"device_start": -1, "device_end": -1}}, "FFC_sans_bias137": {"write": {"device_start": 1585661675.0637846, "host_queued_start": 1585661742.5366, "device_queued": 1585661675.0606425, "device_end": 1585661675.0638845, "host_queued_end": 1585661742.549368}, "device": "gpu", "nd_range": {"device_start": 1585661675.0638895, "device_end": 1585661675.0765424}, "cmdq": 2, "read": {"device_start": -1, "device_end": -1}}, "empty8": {"write": {"device_start": -1, "host_queued_start": 1585661742.553369, "device_queued": -1, "device_end": -1, "host_queued_end": 1585661742.811816}, "device": "cpu", "nd_range": {"device_start": 2329517.001448634, "device_end": 2329517.001457759}, "cmdq": 0, "read": {"device_start": -1, "device_end": -1}}, "softmax50": {"write": {"device_start": -1, "host_queued_start": 1585661742.754667, "device_queued": -1, "device_end": -1, "host_queued_end": 1585661742.811816}, "device": "cpu", "nd_range": {"device_start": 2329519.106617391, "device_end": 2329519.1073886603}, "cmdq": 1, "read": {"device_start": -1, "device_end": -1}}, "softmax59": {"write": {"device_start": -1, "host_queued_start": 1585661742.755194, "device_queued": -1, "device_end": -1, "host_queued_end": 1585661742.811816}, "device": "cpu", "nd_range": {"device_start": 2329518.990857431, "device_end": 2329518.991659835}, "cmdq": 2, "read": {"device_start": -1, "device_end": -1}}, "FFC_sans_bias142": {"write": {"device_start": 1585661675.0876355, "host_queued_start": 1585661742.549255, "device_queued": 1585661675.0624495, "device_end": 1585661675.0877564, "host_queued_end": 1585661742.549368}, "device": "gpu", "nd_range": {"device_start": 1585661675.0935647, "device_end": 1585661675.0999177}, "cmdq": 1, "read": {"device_start": 1585661675.0999253, "device_end": 1585661675.100012}}, "FFC_sans_bias141": {"write": {"device_start": -1, "host_queued_start": 1585661742.542529, "device_queued": -1, "device_end": -1, "host_queued_end": 1585661742.549368}, "device": "gpu", "nd_range": {"device_start": 1585661675.0868797, "device_end": 1585661675.0935612}, "cmdq": 3, "read": {"device_start": -1, "device_end": -1}}, "FFC_sans_bias24": {"write": {"device_start": -1, "host_queued_start": 1585661742.760936, "device_queued": -1, "device_end": -1, "host_queued_end": 1585661742.811816}, "device": "cpu", "nd_range": {"device_start": 2329518.998248896, "device_end": 2329519.063895576}, "cmdq": 0, "read": {"device_start": -1, "device_end": -1}}, "FFC_sans_bias25": {"write": {"device_start": -1, "host_queued_start": 1585661742.777466, "device_queued": -1, "device_end": -1, "host_queued_end": 1585661742.811816}, "device": "cpu", "nd_range": {"device_start": 2329519.695282081, "device_end": 2329519.8298842344}, "cmdq": 2, "read": {"device_start": -1, "device_end": -1}}, "FFC_sans_bias27": {"write": {"device_start": -1, "host_queued_start": 1585661742.623686, "device_queued": -1, "device_end": -1, "host_queued_end": 1585661742.811816}, "device": "cpu", "nd_range": {"device_start": 2329517.340283474, "device_end": 2329517.462678209}, "cmdq": 3, "read": {"device_start": -1, "device_end": -1}}, "FFC_sans_bias20": {"write": {"device_start": -1, "host_queued_start": 1585661742.620204, "device_queued": -1, "device_end": -1, "host_queued_end": 1585661742.811816}, "device": "cpu", "nd_range": {"device_start": 2329517.254596296, "device_end": 2329517.379472252}, "cmdq": 2, "read": {"device_start": -1, "device_end": -1}}, "FFC_sans_bias22": {"write": {"device_start": -1, "host_queued_start": 1585661742.744331, "device_queued": -1, "device_end": -1, "host_queued_end": 1585661742.811816}, "device": "cpu", "nd_range": {"device_start": 2329518.518929325, "device_end": 2329518.5940114222}, "cmdq": 0, "read": {"device_start": -1, "device_end": -1}}, "FFC_sans_bias130": {"write": {"device_start": -1, "host_queued_start": 1585661742.540989, "device_queued": -1, "device_end": -1, "host_queued_end": 1585661742.549368}, "device": "gpu", "nd_range": {"device_start": 1585661675.079782, "device_end": 1585661675.0864317}, "cmdq": 2, "read": {"device_start": -1, "device_end": -1}}, "FFC_sans_bias28": {"write": {"device_start": -1, "host_queued_start": 1585661742.627163, "device_queued": -1, "device_end": -1, "host_queued_end": 1585661742.811816}, "device": "cpu", "nd_range": {"device_start": 2329517.292125562, "device_end": 2329517.4238572833}, "cmdq": 0, "read": {"device_start": -1, "device_end": -1}}, "FFC_sans_bias29": {"write": {"device_start": -1, "host_queued_start": 1585661742.630617, "device_queued": -1, "device_end": -1, "host_queued_end": 1585661742.811816}, "device": "cpu", "nd_range": {"device_start": 2329517.2947728713, "device_end": 2329517.538594142}, "cmdq": 1, "read": {"device_start": -1, "device_end": -1}}, "coalesced_transpose66": {"write": {"device_start": -1, "host_queued_start": 1585661742.738833, "device_queued": -1, "device_end": -1, "host_queued_end": 1585661742.811816}, "device": "cpu", "nd_range": {"device_start": 2329518.651223884, "device_end": 2329518.652195272}, "cmdq": 3, "read": {"device_start": -1, "device_end": -1}}, "coalesced_transpose93": {"write": {"device_start": -1, "host_queued_start": 1585661742.740634, "device_queued": -1, "device_end": -1, "host_queued_end": 1585661742.811816}, "device": "cpu", "nd_range": {"device_start": 2329518.44054405, "device_end": 2329518.4414517963}, "cmdq": 2, "read": {"device_start": -1, "device_end": -1}}, "softmax23": {"write": {"device_start": -1, "host_queued_start": 1585661742.752995, "device_queued": -1, "device_end": -1, "host_queued_end": 1585661742.811816}, "device": "cpu", "nd_range": {"device_start": 2329518.989912069, "device_end": 2329518.990680269}, "cmdq": 2, "read": {"device_start": -1, "device_end": -1}}, "empty62": {"write": {"device_start": -1, "host_queued_start": 1585661742.570091, "device_queued": -1, "device_end": -1, "host_queued_end": 1585661742.811816}, "device": "cpu", "nd_range": {"device_start": 2329517.001485965, "device_end": 2329517.001487235}, "cmdq": 2, "read": {"device_start": -1, "device_end": -1}}, "FFC_sans_bias10": {"write": {"device_start": -1, "host_queued_start": 1585661742.606453, "device_queued": -1, "device_end": -1, "host_queued_end": 1585661742.811816}, "device": "cpu", "nd_range": {"device_start": 2329517.127248886, "device_end": 2329517.2545730863}, "cmdq": 2, "read": {"device_start": -1, "device_end": -1}}, "FFC_sans_bias13": {"write": {"device_start": -1, "host_queued_start": 1585661742.743729, "device_queued": -1, "device_end": -1, "host_queued_end": 1585661742.811816}, "device": "cpu", "nd_range": {"device_start": 2329518.653445811, "device_end": 2329518.7535092863}, "cmdq": 3, "read": {"device_start": -1, "device_end": -1}}, "FFC_sans_bias15": {"write": {"device_start": -1, "host_queued_start": 1585661742.760323, "device_queued": -1, "device_end": -1, "host_queued_end": 1585661742.811816}, "device": "cpu", "nd_range": {"device_start": 2329519.170162784, "device_end": 2329519.2992785783}, "cmdq": 3, "read": {"device_start": -1, "device_end": -1}}, "FFC_sans_bias16": {"write": {"device_start": -1, "host_queued_start": 1585661742.774294, "device_queued": -1, "device_end": -1, "host_queued_end": 1585661742.811816}, "device": "cpu", "nd_range": {"device_start": 2329519.5473496583, "device_end": 2329519.679644255}, "cmdq": 1, "read": {"device_start": -1, "device_end": -1}}, "FFC_sans_bias19": {"write": {"device_start": -1, "host_queued_start": 1585661742.616758, "device_queued": -1, "device_end": -1, "host_queued_end": 1585661742.811816}, "device": "cpu", "nd_range": {"device_start": 2329517.125492675, "device_end": 2329517.29475425}, "cmdq": 1, "read": {"device_start": -1, "device_end": -1}}, "FFC_sans_bias18": {"write": {"device_start": -1, "host_queued_start": 1585661742.613333, "device_queued": -1, "device_end": -1, "host_queued_end": 1585661742.811816}, "device": "cpu", "nd_range": {"device_start": 2329517.1308728494, "device_end": 2329517.2918950743}, "cmdq": 0, "read": {"device_start": -1, "device_end": -1}}, "FFC_sans_bias99": {"write": {"device_start": -1, "host_queued_start": 1585661742.706509, "device_queued": -1, "device_end": -1, "host_queued_end": 1585661742.811816}, "device": "cpu", "nd_range": {"device_start": 2329518.22966774, "device_end": 2329518.353075771}, "cmdq": 3, "read": {"device_start": -1, "device_end": -1}}, "FFC_sans_bias91": {"write": {"device_start": -1, "host_queued_start": 1585661742.699601, "device_queued": -1, "device_end": -1, "host_queued_end": 1585661742.811816}, "device": "cpu", "nd_range": {"device_start": 2329518.1309779463, "device_end": 2329518.259452584}, "cmdq": 1, "read": {"device_start": -1, "device_end": -1}}, "FFC_sans_bias90": {"write": {"device_start": -1, "host_queued_start": 1585661742.696173, "device_queued": -1, "device_end": -1, "host_queued_end": 1585661742.811816}, "device": "cpu", "nd_range": {"device_start": 2329518.017553023, "device_end": 2329518.1478231703}, "cmdq": 0, "read": {"device_start": -1, "device_end": -1}}, "coalesced_transpose12": {"write": {"device_start": -1, "host_queued_start": 1585661742.735171, "device_queued": -1, "device_end": -1, "host_queued_end": 1585661742.811816}, "device": "cpu", "nd_range": {"device_start": 2329518.528779521, "device_end": 2329518.529740558}, "cmdq": 1, "read": {"device_start": -1, "device_end": -1}}, "FFC_sans_bias94": {"write": {"device_start": -1, "host_queued_start": 1585661742.749435, "device_queued": -1, "device_end": -1, "host_queued_end": 1585661742.811816}, "device": "cpu", "nd_range": {"device_start": 2329518.717093793, "device_end": 2329518.9207226443}, "cmdq": 0, "read": {"device_start": -1, "device_end": -1}}, "FFC_sans_bias97": {"write": {"device_start": -1, "host_queued_start": 1585661742.802351, "device_queued": -1, "device_end": -1, "host_queued_end": 1585661742.811816}, "device": "cpu", "nd_range": {"device_start": 2329520.04388146, "device_end": 2329520.1011600243}, "cmdq": 2, "read": {"device_start": -1, "device_end": -1}}, "FFC_sans_bias96": {"write": {"device_start": -1, "host_queued_start": 1585661742.765946, "device_queued": -1, "device_end": -1, "host_queued_end": 1585661742.811816}, "device": "cpu", "nd_range": {"device_start": 2329519.1850012713, "device_end": 2329519.31398777}, "cmdq": 0, "read": {"device_start": -1, "device_end": -1}}, "FFC_sans_bias124": {"write": {"device_start": -1, "host_queued_start": 1585661742.81176, "device_queued": -1, "device_end": -1, "host_queued_end": 1585661742.811816}, "device": "cpu", "nd_range": {"device_start": 2329519.943581385, "device_end": 2329520.066810287}, "cmdq": 1, "read": {"device_start": -1, "device_end": -1}}, "FFC_sans_bias126": {"write": {"device_start": 1585661675.060102, "host_queued_start": 1585661742.526174, "device_queued": 1585661675.0592713, "device_end": 1585661675.0603726, "host_queued_end": 1585661742.549368}, "device": "gpu", "nd_range": {"device_start": 1585661675.0603757, "device_end": 1585661675.0667844}, "cmdq": 3, "read": {"device_start": -1, "device_end": -1}}, "softmax32": {"write": {"device_start": -1, "host_queued_start": 1585661742.753528, "device_queued": -1, "device_end": -1, "host_queued_end": 1585661742.811816}, "device": "cpu", "nd_range": {"device_start": 2329519.158801395, "device_end": 2329519.15956737}, "cmdq": 3, "read": {"device_start": -1, "device_end": -1}}, "coalesced_transpose84": {"write": {"device_start": -1, "host_queued_start": 1585661742.740055, "device_queued": -1, "device_end": -1, "host_queued_end": 1585661742.811816}, "device": "cpu", "nd_range": {"device_start": 2329518.5309814443, "device_end": 2329518.5319834473}, "cmdq": 1, "read": {"device_start": -1, "device_end": -1}}, "FFC_sans_bias121": {"write": {"device_start": -1, "host_queued_start": 1585661742.751321, "device_queued": -1, "device_end": -1, "host_queued_end": 1585661742.811816}, "device": "cpu", "nd_range": {"device_start": 2329518.997781929, "device_end": 2329519.1587818023}, "cmdq": 3, "read": {"device_start": -1, "device_end": -1}}, "empty98": {"write": {"device_start": -1, "host_queued_start": 1585661742.581552, "device_queued": -1, "device_end": -1, "host_queued_end": 1585661742.811816}, "device": "cpu", "nd_range": {"device_start": 2329517.001492637, "device_end": 2329517.0014933823}, "cmdq": 2, "read": {"device_start": -1, "device_end": -1}}, "empty107": {"write": {"device_start": -1, "host_queued_start": 1585661742.584231, "device_queued": -1, "device_end": -1, "host_queued_end": 1585661742.811816}, "device": "cpu", "nd_range": {"device_start": 2329517.00151003, "device_end": 2329517.0015107472}, "cmdq": 3, "read": {"device_start": -1, "device_end": -1}}, "empty17": {"write": {"device_start": -1, "host_queued_start": 1585661742.556373, "device_queued": -1, "device_end": -1, "host_queued_end": 1585661742.811816}, "device": "cpu", "nd_range": {"device_start": 2329517.001455925, "device_end": 2329517.001461146}, "cmdq": 1, "read": {"device_start": -1, "device_end": -1}}, "FFC_sans_bias87": {"write": {"device_start": -1, "host_queued_start": 1585661742.765351, "device_queued": -1, "device_end": -1, "host_queued_end": 1585661742.811816}, "device": "cpu", "nd_range": {"device_start": 2329519.427871094, "device_end": 2329519.560419509}, "cmdq": 3, "read": {"device_start": -1, "device_end": -1}}, "FFC_sans_bias85": {"write": {"device_start": -1, "host_queued_start": 1585661742.748842, "device_queued": -1, "device_end": -1, "host_queued_end": 1585661742.811816}, "device": "cpu", "nd_range": {"device_start": 2329518.836299872, "device_end": 2329518.997767326}, "cmdq": 3, "read": {"device_start": -1, "device_end": -1}}, "FFC_sans_bias82": {"write": {"device_start": -1, "host_queued_start": 1585661742.689138, "device_queued": -1, "device_end": -1, "host_queued_end": 1585661742.811816}, "device": "cpu", "nd_range": {"device_start": 2329517.8775246274, "device_end": 2329518.001327127}, "cmdq": 2, "read": {"device_start": -1, "device_end": -1}}, "FFC_sans_bias83": {"write": {"device_start": -1, "host_queued_start": 1585661742.692735, "device_queued": -1, "device_end": -1, "host_queued_end": 1585661742.811816}, "device": "cpu", "nd_range": {"device_start": 2329518.0473944442, "device_end": 2329518.2296511363}, "cmdq": 3, "read": {"device_start": -1, "device_end": -1}}, "FFC_sans_bias81": {"write": {"device_start": -1, "host_queued_start": 1585661742.685723, "device_queued": -1, "device_end": -1, "host_queued_end": 1585661742.811816}, "device": "cpu", "nd_range": {"device_start": 2329518.0041282913, "device_end": 2329518.1309599923}, "cmdq": 1, "read": {"device_start": -1, "device_end": -1}}, "FFC_sans_bias88": {"write": {"device_start": -1, "host_queued_start": 1585661742.799249, "device_queued": -1, "device_end": -1, "host_queued_end": 1585661742.811816}, "device": "cpu", "nd_range": {"device_start": 2329519.8114657584, "device_end": 2329519.943559086}, "cmdq": 1, "read": {"device_start": -1, "device_end": -1}}, "coalesced_transpose30": {"write": {"device_start": -1, "host_queued_start": 1585661742.736432, "device_queued": -1, "device_end": -1, "host_queued_end": 1585661742.811816}, "device": "cpu", "nd_range": {"device_start": 2329518.6500553633, "device_end": 2329518.651052242}, "cmdq": 3, "read": {"device_start": -1, "device_end": -1}}, "FFC_sans_bias128": {"write": {"device_start": 1585661675.059786, "host_queued_start": 1585661742.523042, "device_queued": 1585661675.0590289, "device_end": 1585661675.0600796, "host_queued_end": 1585661742.549368}, "device": "gpu", "nd_range": {"device_start": 1585661675.060084, "device_end": 1585661675.0634542}, "cmdq": 2, "read": {"device_start": -1, "device_end": -1}}, "coalesced_transpose39": {"write": {"device_start": -1, "host_queued_start": 1585661742.737018, "device_queued": -1, "device_end": -1, "host_queued_end": 1585661742.811816}, "device": "cpu", "nd_range": {"device_start": 2329518.466680517, "device_end": 2329518.467545128}, "cmdq": 0, "read": {"device_start": -1, "device_end": -1}}, "FFC_sans_bias79": {"write": {"device_start": -1, "host_queued_start": 1585661742.796163, "device_queued": -1, "device_end": -1, "host_queued_end": 1585661742.811816}, "device": "cpu", "nd_range": {"device_start": 2329519.7060946333, "device_end": 2329519.920529047}, "cmdq": 0, "read": {"device_start": -1, "device_end": -1}}, "FFC_sans_bias78": {"write": {"device_start": -1, "host_queued_start": 1585661742.764711, "device_queued": -1, "device_end": -1, "host_queued_end": 1585661742.811816}, "device": "cpu", "nd_range": {"device_start": 2329519.423629199, "device_end": 2329519.55949736}, "cmdq": 2, "read": {"device_start": -1, "device_end": -1}}, "FFC_sans_bias73": {"write": {"device_start": -1, "host_queued_start": 1585661742.678786, "device_queued": -1, "device_end": -1, "host_queued_end": 1585661742.811816}, "device": "cpu", "nd_range": {"device_start": 2329517.830775827, "device_end": 2329518.047373226}, "cmdq": 3, "read": {"device_start": -1, "device_end": -1}}, "FFC_sans_bias72": {"write": {"device_start": -1, "host_queued_start": 1585661742.675337, "device_queued": -1, "device_end": -1, "host_queued_end": 1585661742.811816}, "device": "cpu", "nd_range": {"device_start": 2329517.7543846113, "device_end": 2329517.877506507}, "cmdq": 2, "read": {"device_start": -1, "device_end": -1}}, "FFC_sans_bias70": {"write": {"device_start": -1, "host_queued_start": 1585661742.793006, "device_queued": -1, "device_end": -1, "host_queued_end": 1585661742.811816}, "device": "cpu", "nd_range": {"device_start": 2329519.8167529753, "device_end": 2329519.944811629}, "cmdq": 3, "read": {"device_start": -1, "device_end": -1}}, "FFC_sans_bias76": {"write": {"device_start": -1, "host_queued_start": 1585661742.748248, "device_queued": -1, "device_end": -1, "host_queued_end": 1585661742.811816}, "device": "cpu", "nd_range": {"device_start": 2329518.647825087, "device_end": 2329518.9122372502}, "cmdq": 2, "read": {"device_start": -1, "device_end": -1}}, "FFC_sans_bias74": {"write": {"device_start": -1, "host_queued_start": 1585661742.68229, "device_queued": -1, "device_end": -1, "host_queued_end": 1585661742.811816}, "device": "cpu", "nd_range": {"device_start": 2329517.8872613083, "device_end": 2329518.017333914}, "cmdq": 0, "read": {"device_start": -1, "device_end": -1}}, "coalesced_transpose102": {"write": {"device_start": -1, "host_queued_start": 1585661742.741286, "device_queued": -1, "device_end": -1, "host_queued_end": 1585661742.811816}, "device": "cpu", "nd_range": {"device_start": 2329518.652348929, "device_end": 2329518.653295555}, "cmdq": 3, "read": {"device_start": -1, "device_end": -1}}, "coalesced_transpose3": {"write": {"device_start": -1, "host_queued_start": 1585661742.734585, "device_queued": -1, "device_end": -1, "host_queued_end": 1585661742.811816}, "device": "cpu", "nd_range": {"device_start": 2329518.4656401593, "device_end": 2329518.466505898}, "cmdq": 0, "read": {"device_start": -1, "device_end": -1}}, "FFC_sans_bias127": {"write": {"device_start": 1585661675.060409, "host_queued_start": 1585661742.529654, "device_queued": 1585661675.060093, "device_end": 1585661675.0605052, "host_queued_end": 1585661742.549368}, "device": "gpu", "nd_range": {"device_start": 1585661675.0605083, "device_end": 1585661675.0700932}, "cmdq": 0, "read": {"device_start": -1, "device_end": -1}}, "empty89": {"write": {"device_start": -1, "host_queued_start": 1585661742.578784, "device_queued": -1, "device_end": -1, "host_queued_end": 1585661742.811816}, "device": "cpu", "nd_range": {"device_start": 2329517.0014847913, "device_end": 2329517.001485499}, "cmdq": 1, "read": {"device_start": -1, "device_end": -1}}, "FFC_sans_bias123": {"write": {"device_start": -1, "host_queued_start": 1585661742.767812, "device_queued": -1, "device_end": -1, "host_queued_end": 1585661742.811816}, "device": "cpu", "nd_range": {"device_start": 2329519.560430151, "device_end": 2329519.688845726}, "cmdq": 3, "read": {"device_start": -1, "device_end": -1}}, "empty80": {"write": {"device_start": -1, "host_queued_start": 1585661742.575605, "device_queued": -1, "device_end": -1, "host_queued_end": 1585661742.811816}, "device": "cpu", "nd_range": {"device_start": 2329517.001483873, "device_end": 2329517.001484711}, "cmdq": 0, "read": {"device_start": -1, "device_end": -1}}, "empty116": {"write": {"device_start": -1, "host_queued_start": 1585661742.586933, "device_queued": -1, "device_end": -1, "host_queued_end": 1585661742.811816}, "device": "cpu", "nd_range": {"device_start": 2329517.001489919, "device_end": 2329517.001490535}, "cmdq": 0, "read": {"device_start": -1, "device_end": -1}}, "softmax104": {"write": {"device_start": -1, "host_queued_start": 1585661742.757902, "device_queued": -1, "device_end": -1, "host_queued_end": 1585661742.811816}, "device": "cpu", "nd_range": {"device_start": 2329519.169398576, "device_end": 2329519.1701524863}, "cmdq": 3, "read": {"device_start": -1, "device_end": -1}}, "coalesced_transpose21": {"write": {"device_start": -1, "host_queued_start": 1585661742.735753, "device_queued": -1, "device_end": -1, "host_queued_end": 1585661742.811816}, "device": "cpu", "nd_range": {"device_start": 2329518.438794731, "device_end": 2329518.439655106}, "cmdq": 2, "read": {"device_start": -1, "device_end": -1}}, "softmax14": {"write": {"device_start": -1, "host_queued_start": 1585661742.752462, "device_queued": -1, "device_end": -1, "host_queued_end": 1585661742.811816}, "device": "cpu", "nd_range": {"device_start": 2329519.105760379, "device_end": 2329519.106604027}, "cmdq": 1, "read": {"device_start": -1, "device_end": -1}}, "FFC_sans_bias69": {"write": {"device_start": -1, "host_queued_start": 1585661742.764017, "device_queued": -1, "device_end": -1, "host_queued_end": 1585661742.811816}, "device": "cpu", "nd_range": {"device_start": 2329519.312140345, "device_end": 2329519.415483895}, "cmdq": 1, "read": {"device_start": -1, "device_end": -1}}, "FFC_sans_bias92": {"write": {"device_start": -1, "host_queued_start": 1585661742.703112, "device_queued": -1, "device_end": -1, "host_queued_end": 1585661742.811816}, "device": "cpu", "nd_range": {"device_start": 2329518.0013459483, "device_end": 2329518.124389632}, "cmdq": 2, "read": {"device_start": -1, "device_end": -1}}, "FFC_sans_bias60": {"write": {"device_start": -1, "host_queued_start": 1585661742.763425, "device_queued": -1, "device_end": -1, "host_queued_end": 1585661742.811816}, "device": "cpu", "nd_range": {"device_start": 2329519.063911679, "device_end": 2329519.184984283}, "cmdq": 0, "read": {"device_start": -1, "device_end": -1}}, "FFC_sans_bias61": {"write": {"device_start": -1, "host_queued_start": 1585661742.789908, "device_queued": -1, "device_end": -1, "host_queued_end": 1585661742.811816}, "device": "cpu", "nd_range": {"device_start": 2329519.829898106, "device_end": 2329520.043866028}, "cmdq": 2, "read": {"device_start": -1, "device_end": -1}}, "FFC_sans_bias63": {"write": {"device_start": -1, "host_queued_start": 1585661742.671824, "device_queued": -1, "device_end": -1, "host_queued_end": 1585661742.811816}, "device": "cpu", "nd_range": {"device_start": 2329517.878036749, "device_end": 2329518.004113695}, "cmdq": 1, "read": {"device_start": -1, "device_end": -1}}, "FFC_sans_bias64": {"write": {"device_start": -1, "host_queued_start": 1585661742.665002, "device_queued": -1, "device_end": -1, "host_queued_end": 1585661742.811816}, "device": "cpu", "nd_range": {"device_start": 2329517.707578056, "device_end": 2329517.830539646}, "cmdq": 3, "read": {"device_start": -1, "device_end": -1}}, "FFC_sans_bias65": {"write": {"device_start": -1, "host_queued_start": 1585661742.668416, "device_queued": -1, "device_end": -1, "host_queued_end": 1585661742.811816}, "device": "cpu", "nd_range": {"device_start": 2329517.684501705, "device_end": 2329517.887049558}, "cmdq": 0, "read": {"device_start": -1, "device_end": -1}}, "FFC_sans_bias67": {"write": {"device_start": -1, "host_queued_start": 1585661742.747482, "device_queued": -1, "device_end": -1, "host_queued_end": 1585661742.811816}, "device": "cpu", "nd_range": {"device_start": 2329518.81556509, "device_end": 2329518.8955259603}, "cmdq": 1, "read": {"device_start": -1, "device_end": -1}}, "coalesced_transpose111": {"write": {"device_start": -1, "host_queued_start": 1585661742.741862, "device_queued": -1, "device_end": -1, "host_queued_end": 1585661742.811816}, "device": "cpu", "nd_range": {"device_start": 2329518.5178335123, "device_end": 2329518.5187086524}, "cmdq": 0, "read": {"device_start": -1, "device_end": -1}}, "FFC_sans_bias136": {"write": {"device_start": 1585661675.0607574, "host_queued_start": 1585661742.533085, "device_queued": 1585661675.0605142, "device_end": 1585661675.0608509, "host_queued_end": 1585661742.549368}, "device": "gpu", "nd_range": {"device_start": 1585661675.0609956, "device_end": 1585661675.0732164}, "cmdq": 1, "read": {"device_start": -1, "device_end": -1}}, "FFC_sans_bias135": {"write": {"device_start": 1585661675.0671039, "host_queued_start": 1585661742.540012, "device_queued": 1585661675.0608606, "device_end": 1585661675.0672097, "host_queued_end": 1585661742.549368}, "device": "gpu", "nd_range": {"device_start": 1585661675.067212, "device_end": 1585661675.0797698}, "cmdq": 3, "read": {"device_start": -1, "device_end": -1}}, "FFC_sans_bias133": {"write": {"device_start": 1585661675.0872536, "host_queued_start": 1585661742.545862, "device_queued": 1585661675.0621953, "device_end": 1585661675.0875316, "host_queued_end": 1585661742.549368}, "device": "gpu", "nd_range": {"device_start": 1585661675.0902357, "device_end": 1585661675.096854}, "cmdq": 0, "read": {"device_start": 1585661675.096861, "device_end": 1585661675.0969472}}, "FFC_sans_bias132": {"write": {"device_start": -1, "host_queued_start": 1585661742.542213, "device_queued": -1, "device_end": -1, "host_queued_end": 1585661742.549368}, "device": "gpu", "nd_range": {"device_start": 1585661675.0868611, "device_end": 1585661675.0902288}, "cmdq": 2, "read": {"device_start": -1, "device_end": -1}}, "softmax68": {"write": {"device_start": -1, "host_queued_start": 1585661742.755722, "device_queued": -1, "device_end": -1, "host_queued_end": 1585661742.811816}, "device": "cpu", "nd_range": {"device_start": 2329519.1595774563, "device_end": 2329519.169381977}, "cmdq": 3, "read": {"device_start": -1, "device_end": -1}}, "softmax131": {"write": {"device_start": -1, "host_queued_start": 1585661742.54156, "device_queued": -1, "device_end": -1, "host_queued_end": 1585661742.549368}, "device": "gpu", "nd_range": {"device_start": 1585661675.086439, "device_end": 1585661675.086856}, "cmdq": 0, "read": {"device_start": -1, "device_end": -1}}, "empty125": {"write": {"device_start": -1, "host_queued_start": 1585661742.589697, "device_queued": -1, "device_end": -1, "host_queued_end": 1585661742.811816}, "device": "cpu", "nd_range": {"device_start": 2329517.0014902554, "device_end": 2329517.00149089}, "cmdq": 1, "read": {"device_start": -1, "device_end": -1}}, "FFC_sans_bias139": {"write": {"device_start": -1, "host_queued_start": 1585661742.541304, "device_queued": -1, "device_end": -1, "host_queued_end": 1585661742.549368}, "device": "gpu", "nd_range": {"device_start": 1585661675.079774, "device_end": 1585661675.083133}, "cmdq": 3, "read": {"device_start": -1, "device_end": -1}}, "empty35": {"write": {"device_start": -1, "host_queued_start": 1585661742.561947, "device_queued": -1, "device_end": -1, "host_queued_end": 1585661742.811816}, "device": "cpu", "nd_range": {"device_start": 2329517.0014961073, "device_end": 2329517.001496763}, "cmdq": 3, "read": {"device_start": -1, "device_end": -1}}, "softmax86": {"write": {"device_start": -1, "host_queued_start": 1585661742.756853, "device_queued": -1, "device_end": -1, "host_queued_end": 1585661742.811816}, "device": "cpu", "nd_range": {"device_start": 2329519.10739773, "device_end": 2329519.1081731482}, "cmdq": 1, "read": {"device_start": -1, "device_end": -1}}, "FFC_sans_bias55": {"write": {"device_start": -1, "host_queued_start": 1585661742.661572, "device_queued": -1, "device_end": -1, "host_queued_end": 1585661742.811816}, "device": "cpu", "nd_range": {"device_start": 2329517.629440295, "device_end": 2329517.754203652}, "cmdq": 2, "read": {"device_start": -1, "device_end": -1}}, "FFC_sans_bias54": {"write": {"device_start": -1, "host_queued_start": 1585661742.658122, "device_queued": -1, "device_end": -1, "host_queued_end": 1585661742.811816}, "device": "cpu", "nd_range": {"device_start": 2329517.751504429, "device_end": 2329517.87802296}, "cmdq": 1, "read": {"device_start": -1, "device_end": -1}}, "FFC_sans_bias56": {"write": {"device_start": -1, "host_queued_start": 1585661742.654636, "device_queued": -1, "device_end": -1, "host_queued_end": 1585661742.811816}, "device": "cpu", "nd_range": {"device_start": 2329517.554163691, "device_end": 2329517.6842636634}, "cmdq": 0, "read": {"device_start": -1, "device_end": -1}}, "FFC_sans_bias51": {"write": {"device_start": -1, "host_queued_start": 1585661742.76282, "device_queued": -1, "device_end": -1, "host_queued_end": 1585661742.811816}, "device": "cpu", "nd_range": {"device_start": 2329519.299294262, "device_end": 2329519.427859416}, "cmdq": 3, "read": {"device_start": -1, "device_end": -1}}, "FFC_sans_bias52": {"write": {"device_start": -1, "host_queued_start": 1585661742.786798, "device_queued": -1, "device_end": -1, "host_queued_end": 1585661742.811816}, "device": "cpu", "nd_range": {"device_start": 2329519.679658453, "device_end": 2329519.8114513033}, "cmdq": 1, "read": {"device_start": -1, "device_end": -1}}, "FFC_sans_bias58": {"write": {"device_start": -1, "host_queued_start": 1585661742.746871, "device_queued": -1, "device_end": -1, "host_queued_end": 1585661742.811816}, "device": "cpu", "nd_range": {"device_start": 2329518.5942137684, "device_end": 2329518.7149111573}, "cmdq": 0, "read": {"device_start": -1, "device_end": -1}}, "FFC_sans_bias108": {"write": {"device_start": -1, "host_queued_start": 1585661742.716938, "device_queued": -1, "device_end": -1, "host_queued_end": 1585661742.811816}, "device": "cpu", "nd_range": {"device_start": 2329518.124405263, "device_end": 2329518.2786372784}, "cmdq": 2, "read": {"device_start": -1, "device_end": -1}}, "FFC_sans_bias109": {"write": {"device_start": -1, "host_queued_start": 1585661742.720359, "device_queued": -1, "device_end": -1, "host_queued_end": 1585661742.811816}, "device": "cpu", "nd_range": {"device_start": 2329518.353096691, "device_end": 2329518.497365698}, "cmdq": 3, "read": {"device_start": -1, "device_end": -1}}, "coalesced_transpose129": {"write": {"device_start": -1, "host_queued_start": 1585661742.540358, "device_queued": -1, "device_end": -1, "host_queued_end": 1585661742.549368}, "device": "gpu", "nd_range": {"device_start": 1585661675.070094, "device_end": 1585661675.0795867}, "cmdq": 0, "read": {"device_start": -1, "device_end": -1}}, "FFC_sans_bias103": {"write": {"device_start": -1, "host_queued_start": 1585661742.750024, "device_queued": -1, "device_end": -1, "host_queued_end": 1585661742.811816}, "device": "cpu", "nd_range": {"device_start": 2329518.8956101174, "device_end": 2329519.1057362813}, "cmdq": 1, "read": {"device_start": -1, "device_end": -1}}, "FFC_sans_bias100": {"write": {"device_start": -1, "host_queued_start": 1585661742.709949, "device_queued": -1, "device_end": -1, "host_queued_end": 1585661742.811816}, "device": "cpu", "nd_range": {"device_start": 2329518.148056332, "device_end": 2329518.336221332}, "cmdq": 0, "read": {"device_start": -1, "device_end": -1}}, "FFC_sans_bias101": {"write": {"device_start": -1, "host_queued_start": 1585661742.713446, "device_queued": -1, "device_end": -1, "host_queued_end": 1585661742.811816}, "device": "cpu", "nd_range": {"device_start": 2329518.259766193, "device_end": 2329518.387074755}, "cmdq": 1, "read": {"device_start": -1, "device_end": -1}}, "FFC_sans_bias106": {"write": {"device_start": -1, "host_queued_start": 1585661742.805487, "device_queued": -1, "device_end": -1, "host_queued_end": 1585661742.811816}, "device": "cpu", "nd_range": {"device_start": 2329519.9448216823, "device_end": 2329520.073215165}, "cmdq": 3, "read": {"device_start": -1, "device_end": -1}}, "softmax122": {"write": {"device_start": -1, "host_queued_start": 1585661742.759028, "device_queued": -1, "device_end": -1, "host_queued_end": 1585661742.811816}, "device": "cpu", "nd_range": {"device_start": 2329519.178484775, "device_end": 2329519.1792544243}, "cmdq": 1, "read": {"device_start": -1, "device_end": -1}}, "FFC_sans_bias105": {"write": {"device_start": -1, "host_queued_start": 1585661742.766533, "device_queued": -1, "device_end": -1, "host_queued_end": 1585661742.811816}, "device": "cpu", "nd_range": {"device_start": 2329519.415507811, "device_end": 2329519.5473266654}, "cmdq": 1, "read": {"device_start": -1, "device_end": -1}}, "softmax95": {"write": {"device_start": -1, "host_queued_start": 1585661742.757382, "device_queued": -1, "device_end": -1, "host_queued_end": 1585661742.811816}, "device": "cpu", "nd_range": {"device_start": 2329518.99185816, "device_end": 2329518.992669219}, "cmdq": 2, "read": {"device_start": -1, "device_end": -1}}, "coalesced_transpose57": {"write": {"device_start": -1, "host_queued_start": 1585661742.738255, "device_queued": -1, "device_end": -1, "host_queued_end": 1585661742.811816}, "device": "cpu", "nd_range": {"device_start": 2329518.4396699383, "device_end": 2329518.440533985}, "cmdq": 2, "read": {"device_start": -1, "device_end": -1}}, "empty26": {"write": {"device_start": -1, "host_queued_start": 1585661742.559205, "device_queued": -1, "device_end": -1, "host_queued_end": 1585661742.811816}, "device": "cpu", "nd_range": {"device_start": 2329517.001465904, "device_end": 2329517.0014703083}, "cmdq": 2, "read": {"device_start": -1, "device_end": -1}}, "softmax113": {"write": {"device_start": -1, "host_queued_start": 1585661742.758502, "device_queued": -1, "device_end": -1, "host_queued_end": 1585661742.811816}, "device": "cpu", "nd_range": {"device_start": 2329518.9974347493, "device_end": 2329518.9982383354}, "cmdq": 0, "read": {"device_start": -1, "device_end": -1}}, "FFC_sans_bias11": {"write": {"device_start": -1, "host_queued_start": 1585661742.609863, "device_queued": -1, "device_end": -1, "host_queued_end": 1585661742.811816}, "device": "cpu", "nd_range": {"device_start": 2329517.2170785964, "device_end": 2329517.3402683623}, "cmdq": 3, "read": {"device_start": -1, "device_end": -1}}, "FFC_sans_bias42": {"write": {"device_start": -1, "host_queued_start": 1585661742.762142, "device_queued": -1, "device_end": -1, "host_queued_end": 1585661742.811816}, "device": "cpu", "nd_range": {"device_start": 2329519.1087137014, "device_end": 2329519.423419069}, "cmdq": 2, "read": {"device_start": -1, "device_end": -1}}, "FFC_sans_bias43": {"write": {"device_start": -1, "host_queued_start": 1585661742.783683, "device_queued": -1, "device_end": -1, "host_queued_end": 1585661742.811816}, "device": "cpu", "nd_range": {"device_start": 2329519.443788153, "device_end": 2329519.7060846332}, "cmdq": 0, "read": {"device_start": -1, "device_end": -1}}, "FFC_sans_bias40": {"write": {"device_start": -1, "host_queued_start": 1585661742.745608, "device_queued": -1, "device_end": -1, "host_queued_end": 1585661742.811816}, "device": "cpu", "nd_range": {"device_start": 2329518.5904626613, "device_end": 2329518.644616134}, "cmdq": 2, "read": {"device_start": -1, "device_end": -1}}, "FFC_sans_bias46": {"write": {"device_start": -1, "host_queued_start": 1585661742.647818, "device_queued": -1, "device_end": -1, "host_queued_end": 1585661742.811816}, "device": "cpu", "nd_range": {"device_start": 2329517.504215665, "device_end": 2329517.6294159424}, "cmdq": 2, "read": {"device_start": -1, "device_end": -1}}, "FFC_sans_bias47": {"write": {"device_start": -1, "host_queued_start": 1585661742.651229, "device_queued": -1, "device_end": -1, "host_queued_end": 1585661742.811816}, "device": "cpu", "nd_range": {"device_start": 2329517.584811016, "device_end": 2329517.707563153}, "cmdq": 3, "read": {"device_start": -1, "device_end": -1}}, "FFC_sans_bias45": {"write": {"device_start": -1, "host_queued_start": 1585661742.64438, "device_queued": -1, "device_end": -1, "host_queued_end": 1585661742.811816}, "device": "cpu", "nd_range": {"device_start": 2329517.5386125753, "device_end": 2329517.751269111}, "cmdq": 1, "read": {"device_start": -1, "device_end": -1}}, "FFC_sans_bias49": {"write": {"device_start": -1, "host_queued_start": 1585661742.746202, "device_queued": -1, "device_end": -1, "host_queued_end": 1585661742.811816}, "device": "cpu", "nd_range": {"device_start": 2329518.753527632, "device_end": 2329518.836285377}, "cmdq": 3, "read": {"device_start": -1, "device_end": -1}}, "softmax77": {"write": {"device_start": -1, "host_queued_start": 1585661742.756329, "device_queued": -1, "device_end": -1, "host_queued_end": 1585661742.811816}, "device": "cpu", "nd_range": {"device_start": 2329518.9223198583, "device_end": 2329518.92308038}, "cmdq": 0, "read": {"device_start": -1, "device_end": -1}}, "empty134": {"write": {"device_start": 1585661675.0590212, "host_queued_start": 1585661742.51628, "device_queued": 1585661675.0586853, "device_end": 1585661675.0592592, "host_queued_end": 1585661742.549368}, "device": "gpu", "nd_range": {"device_start": 1585661675.0592628, "device_end": 1585661675.0592675}, "cmdq": 0, "read": {"device_start": -1, "device_end": -1}}, "coalesced_transpose138": {"write": {"device_start": -1, "host_queued_start": 1585661742.540673, "device_queued": -1, "device_end": -1, "host_queued_end": 1585661742.549368}, "device": "gpu", "nd_range": {"device_start": 1585661675.0732174, "device_end": 1585661675.0796206}, "cmdq": 1, "read": {"device_start": -1, "device_end": -1}}, "FFC_sans_bias119": {"write": {"device_start": -1, "host_queued_start": 1585661742.734214, "device_queued": -1, "device_end": -1, "host_queued_end": 1585661742.811816}, "device": "cpu", "nd_range": {"device_start": 2329518.497588055, "device_end": 2329518.649859238}, "cmdq": 3, "read": {"device_start": -1, "device_end": -1}}, "FFC_sans_bias118": {"write": {"device_start": -1, "host_queued_start": 1585661742.730771, "device_queued": -1, "device_end": -1, "host_queued_end": 1585661742.811816}, "device": "cpu", "nd_range": {"device_start": 2329518.2788732303, "device_end": 2329518.438774221}, "cmdq": 2, "read": {"device_start": -1, "device_end": -1}}, "empty143": {"write": {"device_start": 1585661675.0594356, "host_queued_start": 1585661742.519797, "device_queued": 1585661675.058897, "device_end": 1585661675.0597248, "host_queued_end": 1585661742.549368}, "device": "gpu", "nd_range": {"device_start": 1585661675.0597348, "device_end": 1585661675.0597382}, "cmdq": 1, "read": {"device_start": -1, "device_end": -1}}, "FFC_sans_bias115": {"write": {"device_start": -1, "host_queued_start": 1585661742.808662, "device_queued": -1, "device_end": -1, "host_queued_end": 1585661742.811816}, "device": "cpu", "nd_range": {"device_start": 2329519.920547687, "device_end": 2329520.048849098}, "cmdq": 0, "read": {"device_start": -1, "device_end": -1}}, "FFC_sans_bias114": {"write": {"device_start": -1, "host_queued_start": 1585661742.7672, "device_queued": -1, "device_end": -1, "host_queued_end": 1585661742.811816}, "device": "cpu", "nd_range": {"device_start": 2329519.559724329, "device_end": 2329519.695067674}, "cmdq": 2, "read": {"device_start": -1, "device_end": -1}}, "FFC_sans_bias117": {"write": {"device_start": -1, "host_queued_start": 1585661742.72728, "device_queued": -1, "device_end": -1, "host_queued_end": 1585661742.811816}, "device": "cpu", "nd_range": {"device_start": 2329518.387097406, "device_end": 2329518.528759077}, "cmdq": 1, "read": {"device_start": -1, "device_end": -1}}, "softmax5": {"write": {"device_start": -1, "host_queued_start": 1585661742.751852, "device_queued": -1, "device_end": -1, "host_queued_end": 1585661742.811816}, "device": "cpu", "nd_range": {"device_start": 2329518.920739919, "device_end": 2329518.9215231733}, "cmdq": 0, "read": {"device_start": -1, "device_end": -1}}, "FFC_sans_bias110": {"write": {"device_start": -1, "host_queued_start": 1585661742.723778, "device_queued": -1, "device_end": -1, "host_queued_end": 1585661742.811816}, "device": "cpu", "nd_range": {"device_start": 2329518.3364662384, "device_end": 2329518.4654312492}, "cmdq": 0, "read": {"device_start": -1, "device_end": -1}}, "FFC_sans_bias112": {"write": {"device_start": -1, "host_queued_start": 1585661742.750722, "device_queued": -1, "device_end": -1, "host_queued_end": 1585661742.811816}, "device": "cpu", "nd_range": {"device_start": 2329518.9124640203, "device_end": 2329518.98966499}, "cmdq": 2, "read": {"device_start": -1, "device_end": -1}}, "empty53": {"write": {"device_start": -1, "host_queued_start": 1585661742.567389, "device_queued": -1, "device_end": -1, "host_queued_end": 1585661742.811816}, "device": "cpu", "nd_range": {"device_start": 2329517.001478429, "device_end": 2329517.0014795773}, "cmdq": 1, "read": {"device_start": -1, "device_end": -1}}, "coalesced_transpose48": {"write": {"device_start": -1, "host_queued_start": 1585661742.737598, "device_queued": -1, "device_end": -1, "host_queued_end": 1585661742.811816}, "device": "cpu", "nd_range": {"device_start": 2329518.5299292463, "device_end": 2329518.530819877}, "cmdq": 1, "read": {"device_start": -1, "device_end": -1}}}