{"FFC_sans_bias4": {"write": {"device_start": -1, "host_queued_start": 1585660631.744615, "device_queued": -1, "device_end": -1, "host_queued_end": 1585660631.777579}, "device": "cpu", "nd_range": {"device_start": 2328406.737283754, "device_end": 2328406.773743704}, "cmdq": 0, "read": {"device_start": -1, "device_end": -1}}, "FFC_sans_bias7": {"write": {"device_start": -1, "host_queued_start": 1585660631.759501, "device_queued": -1, "device_end": -1, "host_queued_end": 1585660631.777579}, "device": "cpu", "nd_range": {"device_start": 2328407.251047595, "device_end": 2328407.2889916752}, "cmdq": 0, "read": {"device_start": -1, "device_end": -1}}, "FFC_sans_bias6": {"write": {"device_start": -1, "host_queued_start": 1585660631.752603, "device_queued": -1, "device_end": -1, "host_queued_end": 1585660631.777579}, "device": "cpu", "nd_range": {"device_start": 2328406.9929291913, "device_end": 2328407.0289086043}, "cmdq": 0, "read": {"device_start": -1, "device_end": -1}}, "FFC_sans_bias1": {"write": {"device_start": -1, "host_queued_start": 1585660631.675986, "device_queued": -1, "device_end": -1, "host_queued_end": 1585660631.777579}, "device": "cpu", "nd_range": {"device_start": 2328406.0048954072, "device_end": 2328406.041127548}, "cmdq": 0, "read": {"device_start": -1, "device_end": -1}}, "FFC_sans_bias0": {"write": {"device_start": -1, "host_queued_start": 1585660631.672348, "device_queued": -1, "device_end": -1, "host_queued_end": 1585660631.777579}, "device": "cpu", "nd_range": {"device_start": 2328405.9672560412, "device_end": 2328406.004864828}, "cmdq": 0, "read": {"device_start": -1, "device_end": -1}}, "FFC_sans_bias2": {"write": {"device_start": -1, "host_queued_start": 1585660631.679711, "device_queued": -1, "device_end": -1, "host_queued_end": 1585660631.777579}, "device": "cpu", "nd_range": {"device_start": 2328406.0411527674, "device_end": 2328406.076978677}, "cmdq": 0, "read": {"device_start": -1, "device_end": -1}}, "coalesced_transpose120": {"write": {"device_start": -1, "host_queued_start": 1585660631.608668, "device_queued": -1, "device_end": -1, "host_queued_end": 1585660631.647328}, "device": "gpu", "nd_range": {"device_start": 1585660564.2774324, "device_end": 1585660564.2774608}, "cmdq": 0, "read": {"device_start": -1, "device_end": -1}}, "FFC_sans_bias9": {"write": {"device_start": -1, "host_queued_start": 1585660631.683371, "device_queued": -1, "device_end": -1, "host_queued_end": 1585660631.777579}, "device": "cpu", "nd_range": {"device_start": 2328406.076989111, "device_end": 2328406.1129847043}, "cmdq": 0, "read": {"device_start": -1, "device_end": -1}}, "empty71": {"write": {"device_start": 1585660564.186259, "host_queued_start": 1585660631.495475, "device_queued": 1585660564.185929, "device_end": 1585660564.1863692, "host_queued_end": 1585660631.647328}, "device": "gpu", "nd_range": {"device_start": 1585660564.1863747, "device_end": 1585660564.18638}, "cmdq": 0, "read": {"device_start": -1, "device_end": -1}}, "softmax41": {"write": {"device_start": -1, "host_queued_start": 1585660631.750934, "device_queued": -1, "device_end": -1, "host_queued_end": 1585660631.777579}, "device": "cpu", "nd_range": {"device_start": 2328406.9915548214, "device_end": 2328406.991888191}, "cmdq": 0, "read": {"device_start": -1, "device_end": -1}}, "FFC_sans_bias37": {"write": {"device_start": -1, "host_queued_start": 1585660631.71765, "device_queued": -1, "device_end": -1, "host_queued_end": 1585660631.777579}, "device": "cpu", "nd_range": {"device_start": 2328406.445901676, "device_end": 2328406.482213416}, "cmdq": 0, "read": {"device_start": -1, "device_end": -1}}, "FFC_sans_bias36": {"write": {"device_start": -1, "host_queued_start": 1585660631.714355, "device_queued": -1, "device_end": -1, "host_queued_end": 1585660631.777579}, "device": "cpu", "nd_range": {"device_start": 2328406.411062511, "device_end": 2328406.445890782}, "cmdq": 0, "read": {"device_start": -1, "device_end": -1}}, "FFC_sans_bias34": {"write": {"device_start": -1, "host_queued_start": 1585660631.768543, "device_queued": -1, "device_end": -1, "host_queued_end": 1585660631.777579}, "device": "cpu", "nd_range": {"device_start": 2328407.360766877, "device_end": 2328407.3960437924}, "cmdq": 0, "read": {"device_start": -1, "device_end": -1}}, "FFC_sans_bias33": {"write": {"device_start": -1, "host_queued_start": 1585660631.754402, "device_queued": -1, "device_end": -1, "host_queued_end": 1585660631.777579}, "device": "cpu", "nd_range": {"device_start": 2328407.1000808342, "device_end": 2328407.136055419}, "cmdq": 0, "read": {"device_start": -1, "device_end": -1}}, "FFC_sans_bias31": {"write": {"device_start": -1, "host_queued_start": 1585660631.746403, "device_queued": -1, "device_end": -1, "host_queued_end": 1585660631.777579}, "device": "cpu", "nd_range": {"device_start": 2328406.8424720922, "device_end": 2328406.8768853783}, "cmdq": 0, "read": {"device_start": -1, "device_end": -1}}, "FFC_sans_bias38": {"write": {"device_start": -1, "host_queued_start": 1585660631.721001, "device_queued": -1, "device_end": -1, "host_queued_end": 1585660631.777579}, "device": "cpu", "nd_range": {"device_start": 2328406.4822346102, "device_end": 2328406.518220217}, "cmdq": 0, "read": {"device_start": -1, "device_end": -1}}, "coalesced_transpose75": {"write": {"device_start": -1, "host_queued_start": 1585660631.607089, "device_queued": -1, "device_end": -1, "host_queued_end": 1585660631.647328}, "device": "gpu", "nd_range": {"device_start": 1585660564.2774913, "device_end": 1585660564.2775137}, "cmdq": 1, "read": {"device_start": -1, "device_end": -1}}, "softmax140": {"write": {"device_start": -1, "host_queued_start": 1585660631.614387, "device_queued": -1, "device_end": -1, "host_queued_end": 1585660631.647328}, "device": "gpu", "nd_range": {"device_start": 1585660564.3086307, "device_end": 1585660564.309152}, "cmdq": 0, "read": {"device_start": -1, "device_end": -1}}, "empty44": {"write": {"device_start": -1, "host_queued_start": 1585660631.663925, "device_queued": -1, "device_end": -1, "host_queued_end": 1585660631.777579}, "device": "cpu", "nd_range": {"device_start": 2328405.9672382693, "device_end": 2328405.9672390223}, "cmdq": 0, "read": {"device_start": -1, "device_end": -1}}, "FFC_sans_bias137": {"write": {"device_start": 1585660564.268151, "host_queued_start": 1585660631.603149, "device_queued": 1585660564.1952772, "device_end": 1585660564.2682517, "host_queued_end": 1585660631.647328}, "device": "gpu", "nd_range": {"device_start": 1585660564.2682586, "device_end": 1585660564.2742991}, "cmdq": 0, "read": {"device_start": -1, "device_end": -1}}, "empty8": {"write": {"device_start": -1, "host_queued_start": 1585660631.652036, "device_queued": -1, "device_end": -1, "host_queued_end": 1585660631.777579}, "device": "cpu", "nd_range": {"device_start": 2328405.967179728, "device_end": 2328405.9671938}, "cmdq": 0, "read": {"device_start": -1, "device_end": -1}}, "softmax50": {"write": {"device_start": -1, "host_queued_start": 1585660631.751504, "device_queued": -1, "device_end": -1, "host_queued_end": 1585660631.777579}, "device": "cpu", "nd_range": {"device_start": 2328406.992044812, "device_end": 2328406.992375533}, "cmdq": 0, "read": {"device_start": -1, "device_end": -1}}, "softmax59": {"write": {"device_start": -1, "host_queued_start": 1585660631.752019, "device_queued": -1, "device_end": -1, "host_queued_end": 1585660631.777579}, "device": "cpu", "nd_range": {"device_start": 2328406.992517061, "device_end": 2328406.992795046}, "cmdq": 0, "read": {"device_start": -1, "device_end": -1}}, "FFC_sans_bias142": {"write": {"device_start": 1585660564.3616343, "host_queued_start": 1585660631.647204, "device_queued": 1585660564.2030518, "device_end": 1585660564.3617272, "host_queued_end": 1585660631.647328}, "device": "gpu", "nd_range": {"device_start": 1585660564.361742, "device_end": 1585660564.3676212}, "cmdq": 0, "read": {"device_start": 1585660564.3676302, "device_end": 1585660564.3677156}}, "FFC_sans_bias141": {"write": {"device_start": -1, "host_queued_start": 1585660631.617245, "device_queued": -1, "device_end": -1, "host_queued_end": 1585660631.647328}, "device": "gpu", "nd_range": {"device_start": 1585660564.3318694, "device_end": 1585660564.3383784}, "cmdq": 1, "read": {"device_start": -1, "device_end": -1}}, "FFC_sans_bias24": {"write": {"device_start": -1, "host_queued_start": 1585660631.753804, "device_queued": -1, "device_end": -1, "host_queued_end": 1585660631.777579}, "device": "cpu", "nd_range": {"device_start": 2328407.0641950853, "device_end": 2328407.1000704113}, "cmdq": 0, "read": {"device_start": -1, "device_end": -1}}, "FFC_sans_bias25": {"write": {"device_start": -1, "host_queued_start": 1585660631.76548, "device_queued": -1, "device_end": -1, "host_queued_end": 1585660631.777579}, "device": "cpu", "nd_range": {"device_start": 2328407.325177169, "device_end": 2328407.3607612452}, "cmdq": 0, "read": {"device_start": -1, "device_end": -1}}, "FFC_sans_bias27": {"write": {"device_start": -1, "host_queued_start": 1585660631.703837, "device_queued": -1, "device_end": -1, "host_queued_end": 1585660631.777579}, "device": "cpu", "nd_range": {"device_start": 2328406.300155627, "device_end": 2328406.335406442}, "cmdq": 0, "read": {"device_start": -1, "device_end": -1}}, "FFC_sans_bias20": {"write": {"device_start": -1, "host_queued_start": 1585660631.70047, "device_queued": -1, "device_end": -1, "host_queued_end": 1585660631.777579}, "device": "cpu", "nd_range": {"device_start": 2328406.265738681, "device_end": 2328406.300144582}, "cmdq": 0, "read": {"device_start": -1, "device_end": -1}}, "FFC_sans_bias22": {"write": {"device_start": -1, "host_queued_start": 1585660631.745809, "device_queued": -1, "device_end": -1, "host_queued_end": 1585660631.777579}, "device": "cpu", "nd_range": {"device_start": 2328406.808132371, "device_end": 2328406.8424634533}, "cmdq": 0, "read": {"device_start": -1, "device_end": -1}}, "FFC_sans_bias130": {"write": {"device_start": -1, "host_queued_start": 1585660631.611843, "device_queued": -1, "device_end": -1, "host_queued_end": 1585660631.647328}, "device": "gpu", "nd_range": {"device_start": 1585660564.2940683, "device_end": 1585660564.3005936}, "cmdq": 0, "read": {"device_start": -1, "device_end": -1}}, "FFC_sans_bias28": {"write": {"device_start": -1, "host_queued_start": 1585660631.707487, "device_queued": -1, "device_end": -1, "host_queued_end": 1585660631.777579}, "device": "cpu", "nd_range": {"device_start": 2328406.3354177494, "device_end": 2328406.3719273573}, "cmdq": 0, "read": {"device_start": -1, "device_end": -1}}, "FFC_sans_bias29": {"write": {"device_start": -1, "host_queued_start": 1585660631.711038, "device_queued": -1, "device_end": -1, "host_queued_end": 1585660631.777579}, "device": "cpu", "nd_range": {"device_start": 2328406.371937388, "device_end": 2328406.4110440933}, "cmdq": 0, "read": {"device_start": -1, "device_end": -1}}, "coalesced_transpose66": {"write": {"device_start": -1, "host_queued_start": 1585660631.60678, "device_queued": -1, "device_end": -1, "host_queued_end": 1585660631.647328}, "device": "gpu", "nd_range": {"device_start": 1585660564.274302, "device_end": 1585660564.2773488}, "cmdq": 0, "read": {"device_start": -1, "device_end": -1}}, "coalesced_transpose93": {"write": {"device_start": -1, "host_queued_start": 1585660631.607708, "device_queued": -1, "device_end": -1, "host_queued_end": 1585660631.647328}, "device": "gpu", "nd_range": {"device_start": 1585660564.2775161, "device_end": 1585660564.2775414}, "cmdq": 1, "read": {"device_start": -1, "device_end": -1}}, "softmax23": {"write": {"device_start": -1, "host_queued_start": 1585660631.74989, "device_queued": -1, "device_end": -1, "host_queued_end": 1585660631.777579}, "device": "cpu", "nd_range": {"device_start": 2328406.9906177213, "device_end": 2328406.9909355952}, "cmdq": 0, "read": {"device_start": -1, "device_end": -1}}, "empty62": {"write": {"device_start": -1, "host_queued_start": 1585660631.669456, "device_queued": -1, "device_end": -1, "host_queued_end": 1585660631.777579}, "device": "cpu", "nd_range": {"device_start": 2328405.967248827, "device_end": 2328405.9672494354}, "cmdq": 0, "read": {"device_start": -1, "device_end": -1}}, "FFC_sans_bias10": {"write": {"device_start": -1, "host_queued_start": 1585660631.686841, "device_queued": -1, "device_end": -1, "host_queued_end": 1585660631.777579}, "device": "cpu", "nd_range": {"device_start": 2328406.113004417, "device_end": 2328406.146378798}, "cmdq": 0, "read": {"device_start": -1, "device_end": -1}}, "FFC_sans_bias13": {"write": {"device_start": -1, "host_queued_start": 1585660631.745212, "device_queued": -1, "device_end": -1, "host_queued_end": 1585660631.777579}, "device": "cpu", "nd_range": {"device_start": 2328406.7737515843, "device_end": 2328406.80812268}, "cmdq": 0, "read": {"device_start": -1, "device_end": -1}}, "FFC_sans_bias15": {"write": {"device_start": -1, "host_queued_start": 1585660631.753196, "device_queued": -1, "device_end": -1, "host_queued_end": 1585660631.777579}, "device": "cpu", "nd_range": {"device_start": 2328407.0289181704, "device_end": 2328407.064185737}, "cmdq": 0, "read": {"device_start": -1, "device_end": -1}}, "FFC_sans_bias16": {"write": {"device_start": -1, "host_queued_start": 1585660631.762496, "device_queued": -1, "device_end": -1, "host_queued_end": 1585660631.777579}, "device": "cpu", "nd_range": {"device_start": 2328407.28899947, "device_end": 2328407.325171202}, "cmdq": 0, "read": {"device_start": -1, "device_end": -1}}, "FFC_sans_bias19": {"write": {"device_start": -1, "host_queued_start": 1585660631.697023, "device_queued": -1, "device_end": -1, "host_queued_end": 1585660631.777579}, "device": "cpu", "nd_range": {"device_start": 2328406.227891926, "device_end": 2328406.2657193523}, "cmdq": 0, "read": {"device_start": -1, "device_end": -1}}, "FFC_sans_bias18": {"write": {"device_start": -1, "host_queued_start": 1585660631.693749, "device_queued": -1, "device_end": -1, "host_queued_end": 1585660631.777579}, "device": "cpu", "nd_range": {"device_start": 2328406.1818503113, "device_end": 2328406.2278602803}, "cmdq": 0, "read": {"device_start": -1, "device_end": -1}}, "FFC_sans_bias99": {"write": {"device_start": 1585660564.2256706, "host_queued_start": 1585660631.560039, "device_queued": 1585660564.192017, "device_end": 1585660564.2257726, "host_queued_end": 1585660631.647328}, "device": "gpu", "nd_range": {"device_start": 1585660564.225779, "device_end": 1585660564.231813}, "cmdq": 1, "read": {"device_start": -1, "device_end": -1}}, "FFC_sans_bias91": {"write": {"device_start": 1585660564.219163, "host_queued_start": 1585660631.553391, "device_queued": 1585660564.1915836, "device_end": 1585660564.2192652, "host_queued_end": 1585660631.647328}, "device": "gpu", "nd_range": {"device_start": 1585660564.2192702, "device_end": 1585660564.225269}, "cmdq": 1, "read": {"device_start": -1, "device_end": -1}}, "FFC_sans_bias90": {"write": {"device_start": 1585660564.2158902, "host_queued_start": 1585660631.550097, "device_queued": 1585660564.191359, "device_end": 1585660564.2159903, "host_queued_end": 1585660631.647328}, "device": "gpu", "nd_range": {"device_start": 1585660564.215996, "device_end": 1585660564.2220058}, "cmdq": 0, "read": {"device_start": -1, "device_end": -1}}, "coalesced_transpose12": {"write": {"device_start": -1, "host_queued_start": 1585660631.741146, "device_queued": -1, "device_end": -1, "host_queued_end": 1585660631.777579}, "device": "cpu", "nd_range": {"device_start": 2328406.73482328, "device_end": 2328406.735252866}, "cmdq": 0, "read": {"device_start": -1, "device_end": -1}}, "FFC_sans_bias94": {"write": {"device_start": -1, "host_queued_start": 1585660631.610567, "device_queued": -1, "device_end": -1, "host_queued_end": 1585660631.647328}, "device": "gpu", "nd_range": {"device_start": 1585660564.2809274, "device_end": 1585660564.2875803}, "cmdq": 0, "read": {"device_start": -1, "device_end": -1}}, "FFC_sans_bias97": {"write": {"device_start": 1585660564.345475, "host_queued_start": 1585660631.630538, "device_queued": 1585660564.2013123, "device_end": 1585660564.3455687, "host_queued_end": 1585660631.647328}, "device": "gpu", "nd_range": {"device_start": 1585660564.345585, "device_end": 1585660564.3513694}, "cmdq": 1, "read": {"device_start": 1585660564.3513794, "device_end": 1585660564.351474}}, "FFC_sans_bias96": {"write": {"device_start": -1, "host_queued_start": 1585660631.615657, "device_queued": -1, "device_end": -1, "host_queued_end": 1585660631.647328}, "device": "gpu", "nd_range": {"device_start": 1585660564.3156404, "device_end": 1585660564.3220646}, "cmdq": 0, "read": {"device_start": -1, "device_end": -1}}, "FFC_sans_bias124": {"write": {"device_start": 1585660564.3552594, "host_queued_start": 1585660631.640557, "device_queued": 1585660564.2022219, "device_end": 1585660564.3553555, "host_queued_end": 1585660631.647328}, "device": "gpu", "nd_range": {"device_start": 1585660564.3553715, "device_end": 1585660564.361108}, "cmdq": 0, "read": {"device_start": 1585660564.3611102, "device_end": 1585660564.3611994}}, "FFC_sans_bias126": {"write": {"device_start": 1585660564.258412, "host_queued_start": 1585660631.593227, "device_queued": 1585660564.1945734, "device_end": 1585660564.2585166, "host_queued_end": 1585660631.647328}, "device": "gpu", "nd_range": {"device_start": 1585660564.2585232, "device_end": 1585660564.2644825}, "cmdq": 1, "read": {"device_start": -1, "device_end": -1}}, "softmax32": {"write": {"device_start": -1, "host_queued_start": 1585660631.750407, "device_queued": -1, "device_end": -1, "host_queued_end": 1585660631.777579}, "device": "cpu", "nd_range": {"device_start": 2328406.99108975, "device_end": 2328406.991420266}, "cmdq": 0, "read": {"device_start": -1, "device_end": -1}}, "coalesced_transpose84": {"write": {"device_start": -1, "host_queued_start": 1585660631.607403, "device_queued": -1, "device_end": -1, "host_queued_end": 1585660631.647328}, "device": "gpu", "nd_range": {"device_start": 1585660564.277351, "device_end": 1585660564.2773983}, "cmdq": 0, "read": {"device_start": -1, "device_end": -1}}, "FFC_sans_bias121": {"write": {"device_start": -1, "host_queued_start": 1585660631.611522, "device_queued": -1, "device_end": -1, "host_queued_end": 1585660631.647328}, "device": "gpu", "nd_range": {"device_start": 1585660564.29734, "device_end": 1585660564.303822}, "cmdq": 1, "read": {"device_start": -1, "device_end": -1}}, "empty98": {"write": {"device_start": 1585660564.1872914, "host_queued_start": 1585660631.504463, "device_queued": 1585660564.1869555, "device_end": 1585660564.1875532, "host_queued_end": 1585660631.647328}, "device": "gpu", "nd_range": {"device_start": 1585660564.1875565, "device_end": 1585660564.1875637}, "cmdq": 1, "read": {"device_start": -1, "device_end": -1}}, "empty107": {"write": {"device_start": 1585660564.1876056, "host_queued_start": 1585660631.507087, "device_queued": 1585660564.1872823, "device_end": 1585660564.1878695, "host_queued_end": 1585660631.647328}, "device": "gpu", "nd_range": {"device_start": 1585660564.1878731, "device_end": 1585660564.1878805}, "cmdq": 0, "read": {"device_start": -1, "device_end": -1}}, "empty17": {"write": {"device_start": -1, "host_queued_start": 1585660631.655196, "device_queued": -1, "device_end": -1, "host_queued_end": 1585660631.777579}, "device": "cpu", "nd_range": {"device_start": 2328405.967218712, "device_end": 2328405.967220643}, "cmdq": 0, "read": {"device_start": -1, "device_end": -1}}, "FFC_sans_bias87": {"write": {"device_start": -1, "host_queued_start": 1585660631.615341, "device_queued": -1, "device_end": -1, "host_queued_end": 1585660631.647328}, "device": "gpu", "nd_range": {"device_start": 1585660564.312316, "device_end": 1585660564.3188763}, "cmdq": 1, "read": {"device_start": -1, "device_end": -1}}, "FFC_sans_bias85": {"write": {"device_start": -1, "host_queued_start": 1585660631.610249, "device_queued": -1, "device_end": -1, "host_queued_end": 1585660631.647328}, "device": "gpu", "nd_range": {"device_start": 1585660564.2842474, "device_end": 1585660564.2908843}, "cmdq": 1, "read": {"device_start": -1, "device_end": -1}}, "FFC_sans_bias82": {"write": {"device_start": 1585660564.2093632, "host_queued_start": 1585660631.543495, "device_queued": 1585660564.190919, "device_end": 1585660564.2094638, "host_queued_end": 1585660631.647328}, "device": "gpu", "nd_range": {"device_start": 1585660564.2094686, "device_end": 1585660564.2154956}, "cmdq": 0, "read": {"device_start": -1, "device_end": -1}}, "FFC_sans_bias83": {"write": {"device_start": 1585660564.2126787, "host_queued_start": 1585660631.546782, "device_queued": 1585660564.1911411, "device_end": 1585660564.2127824, "host_queued_end": 1585660631.647328}, "device": "gpu", "nd_range": {"device_start": 1585660564.2127874, "device_end": 1585660564.2187645}, "cmdq": 1, "read": {"device_start": -1, "device_end": -1}}, "FFC_sans_bias81": {"write": {"device_start": 1585660564.2060344, "host_queued_start": 1585660631.540217, "device_queued": 1585660564.1906931, "device_end": 1585660564.2061355, "host_queued_end": 1585660631.647328}, "device": "gpu", "nd_range": {"device_start": 1585660564.206141, "device_end": 1585660564.2122707}, "cmdq": 1, "read": {"device_start": -1, "device_end": -1}}, "FFC_sans_bias88": {"write": {"device_start": 1585660564.342282, "host_queued_start": 1585660631.627127, "device_queued": 1585660564.2010608, "device_end": 1585660564.3423767, "host_queued_end": 1585660631.647328}, "device": "gpu", "nd_range": {"device_start": 1585660564.3423936, "device_end": 1585660564.3481457}, "cmdq": 0, "read": {"device_start": 1585660564.348153, "device_end": 1585660564.3482497}}, "coalesced_transpose30": {"write": {"device_start": -1, "host_queued_start": 1585660631.742287, "device_queued": -1, "device_end": -1, "host_queued_end": 1585660631.777579}, "device": "cpu", "nd_range": {"device_start": 2328406.735830991, "device_end": 2328406.736204666}, "cmdq": 0, "read": {"device_start": -1, "device_end": -1}}, "FFC_sans_bias128": {"write": {"device_start": 1585660564.2551074, "host_queued_start": 1585660631.589915, "device_queued": 1585660564.194338, "device_end": 1585660564.2552347, "host_queued_end": 1585660631.647328}, "device": "gpu", "nd_range": {"device_start": 1585660564.2552412, "device_end": 1585660564.2612264}, "cmdq": 0, "read": {"device_start": -1, "device_end": -1}}, "coalesced_transpose39": {"write": {"device_start": -1, "host_queued_start": 1585660631.742873, "device_queued": -1, "device_end": -1, "host_queued_end": 1585660631.777579}, "device": "cpu", "nd_range": {"device_start": 2328406.7362115053, "device_end": 2328406.7365664854}, "cmdq": 0, "read": {"device_start": -1, "device_end": -1}}, "FFC_sans_bias79": {"write": {"device_start": 1585660564.3386528, "host_queued_start": 1585660631.623833, "device_queued": 1585660564.2007577, "device_end": 1585660564.338748, "host_queued_end": 1585660631.647328}, "device": "gpu", "nd_range": {"device_start": 1585660564.338765, "device_end": 1585660564.3448815}, "cmdq": 1, "read": {"device_start": 1585660564.3448873, "device_end": 1585660564.3449833}}, "FFC_sans_bias78": {"write": {"device_start": -1, "host_queued_start": 1585660631.615022, "device_queued": -1, "device_end": -1, "host_queued_end": 1585660631.647328}, "device": "gpu", "nd_range": {"device_start": 1585660564.3091671, "device_end": 1585660564.3156254}, "cmdq": 0, "read": {"device_start": -1, "device_end": -1}}, "FFC_sans_bias73": {"write": {"device_start": 1585660564.1995447, "host_queued_start": 1585660631.533565, "device_queued": 1585660564.190211, "device_end": 1585660564.1996472, "host_queued_end": 1585660631.647328}, "device": "gpu", "nd_range": {"device_start": 1585660564.1996512, "device_end": 1585660564.2056978}, "cmdq": 1, "read": {"device_start": -1, "device_end": -1}}, "FFC_sans_bias72": {"write": {"device_start": 1585660564.1963353, "host_queued_start": 1585660631.530223, "device_queued": 1585660564.1899745, "device_end": 1585660564.196444, "host_queued_end": 1585660631.647328}, "device": "gpu", "nd_range": {"device_start": 1585660564.1964488, "device_end": 1585660564.2023988}, "cmdq": 0, "read": {"device_start": -1, "device_end": -1}}, "FFC_sans_bias70": {"write": {"device_start": 1585660564.335479, "host_queued_start": 1585660631.620506, "device_queued": 1585660564.2005053, "device_end": 1585660564.3355744, "host_queued_end": 1585660631.647328}, "device": "gpu", "nd_range": {"device_start": 1585660564.3355913, "device_end": 1585660564.3416533}, "cmdq": 0, "read": {"device_start": 1585660564.3416634, "device_end": 1585660564.3417616}}, "FFC_sans_bias76": {"write": {"device_start": -1, "host_queued_start": 1585660631.609931, "device_queued": -1, "device_end": -1, "host_queued_end": 1585660631.647328}, "device": "gpu", "nd_range": {"device_start": 1585660564.2775362, "device_end": 1585660564.2809112}, "cmdq": 0, "read": {"device_start": -1, "device_end": -1}}, "FFC_sans_bias74": {"write": {"device_start": 1585660564.2027771, "host_queued_start": 1585660631.536882, "device_queued": 1585660564.190463, "device_end": 1585660564.2028763, "host_queued_end": 1585660631.647328}, "device": "gpu", "nd_range": {"device_start": 1585660564.2028809, "device_end": 1585660564.2090023}, "cmdq": 0, "read": {"device_start": -1, "device_end": -1}}, "coalesced_transpose102": {"write": {"device_start": -1, "host_queued_start": 1585660631.608049, "device_queued": -1, "device_end": -1, "host_queued_end": 1585660631.647328}, "device": "gpu", "nd_range": {"device_start": 1585660564.2774012, "device_end": 1585660564.27743}, "cmdq": 0, "read": {"device_start": -1, "device_end": -1}}, "coalesced_transpose3": {"write": {"device_start": -1, "host_queued_start": 1585660631.740566, "device_queued": -1, "device_end": -1, "host_queued_end": 1585660631.777579}, "device": "cpu", "nd_range": {"device_start": 2328406.734150101, "device_end": 2328406.734633033}, "cmdq": 0, "read": {"device_start": -1, "device_end": -1}}, "FFC_sans_bias127": {"write": {"device_start": 1585660564.2616398, "host_queued_start": 1585660631.596494, "device_queued": 1585660564.1948085, "device_end": 1585660564.2617455, "host_queued_end": 1585660631.647328}, "device": "gpu", "nd_range": {"device_start": 1585660564.2617497, "device_end": 1585660564.267738}, "cmdq": 0, "read": {"device_start": -1, "device_end": -1}}, "empty89": {"write": {"device_start": 1585660564.1869638, "host_queued_start": 1585660631.501835, "device_queued": 1585660564.1865597, "device_end": 1585660564.187258, "host_queued_end": 1585660631.647328}, "device": "gpu", "nd_range": {"device_start": 1585660564.187269, "device_end": 1585660564.1872735}, "cmdq": 0, "read": {"device_start": -1, "device_end": -1}}, "FFC_sans_bias123": {"write": {"device_start": -1, "host_queued_start": 1585660631.616606, "device_queued": -1, "device_end": -1, "host_queued_end": 1585660631.647328}, "device": "gpu", "nd_range": {"device_start": 1585660564.325343, "device_end": 1585660564.3318546}, "cmdq": 1, "read": {"device_start": -1, "device_end": -1}}, "empty80": {"write": {"device_start": 1585660564.1866367, "host_queued_start": 1585660631.498858, "device_queued": 1585660564.1862938, "device_end": 1585660564.1869335, "host_queued_end": 1585660631.647328}, "device": "gpu", "nd_range": {"device_start": 1585660564.18694, "device_end": 1585660564.186945}, "cmdq": 1, "read": {"device_start": -1, "device_end": -1}}, "empty116": {"write": {"device_start": 1585660564.1879146, "host_queued_start": 1585660631.50966, "device_queued": 1585660564.1875753, "device_end": 1585660564.1881983, "host_queued_end": 1585660631.647328}, "device": "gpu", "nd_range": {"device_start": 1585660564.1882045, "device_end": 1585660564.1882093}, "cmdq": 1, "read": {"device_start": -1, "device_end": -1}}, "softmax104": {"write": {"device_start": -1, "host_queued_start": 1585660631.613403, "device_queued": -1, "device_end": -1, "host_queued_end": 1585660631.647328}, "device": "gpu", "nd_range": {"device_start": 1585660564.307755, "device_end": 1585660564.3081758}, "cmdq": 0, "read": {"device_start": -1, "device_end": -1}}, "coalesced_transpose21": {"write": {"device_start": -1, "host_queued_start": 1585660631.741717, "device_queued": -1, "device_end": -1, "host_queued_end": 1585660631.777579}, "device": "cpu", "nd_range": {"device_start": 2328406.7354166913, "device_end": 2328406.735820341}, "cmdq": 0, "read": {"device_start": -1, "device_end": -1}}, "softmax14": {"write": {"device_start": -1, "host_queued_start": 1585660631.749374, "device_queued": -1, "device_end": -1, "host_queued_end": 1585660631.777579}, "device": "cpu", "nd_range": {"device_start": 2328406.99012651, "device_end": 2328406.9904632024}, "cmdq": 0, "read": {"device_start": -1, "device_end": -1}}, "FFC_sans_bias69": {"write": {"device_start": -1, "host_queued_start": 1585660631.614706, "device_queued": -1, "device_end": -1, "host_queued_end": 1585660631.647328}, "device": "gpu", "nd_range": {"device_start": 1585660564.308926, "device_end": 1585660564.3123012}, "cmdq": 1, "read": {"device_start": -1, "device_end": -1}}, "FFC_sans_bias92": {"write": {"device_start": 1585660564.2223964, "host_queued_start": 1585660631.556708, "device_queued": 1585660564.191797, "device_end": 1585660564.2224958, "host_queued_end": 1585660631.647328}, "device": "gpu", "nd_range": {"device_start": 1585660564.222501, "device_end": 1585660564.228531}, "cmdq": 0, "read": {"device_start": -1, "device_end": -1}}, "FFC_sans_bias60": {"write": {"device_start": -1, "host_queued_start": 1585660631.756195, "device_queued": -1, "device_end": -1, "host_queued_end": 1585660631.777579}, "device": "cpu", "nd_range": {"device_start": 2328407.212233684, "device_end": 2328407.251017306}, "cmdq": 0, "read": {"device_start": -1, "device_end": -1}}, "FFC_sans_bias61": {"write": {"device_start": -1, "host_queued_start": 1585660631.777525, "device_queued": -1, "device_end": -1, "host_queued_end": 1585660631.777579}, "device": "cpu", "nd_range": {"device_start": 2328407.471874766, "device_end": 2328407.507024434}, "cmdq": 0, "read": {"device_start": -1, "device_end": -1}}, "FFC_sans_bias63": {"write": {"device_start": 1585660564.1929939, "host_queued_start": 1585660631.526937, "device_queued": 1585660564.189736, "device_end": 1585660564.1930993, "host_queued_end": 1585660631.647328}, "device": "gpu", "nd_range": {"device_start": 1585660564.1931028, "device_end": 1585660564.1991882}, "cmdq": 1, "read": {"device_start": -1, "device_end": -1}}, "FFC_sans_bias64": {"write": {"device_start": 1585660564.1891491, "host_queued_start": 1585660631.520343, "device_queued": 1585660564.1887572, "device_end": 1585660564.1892657, "host_queued_end": 1585660631.647328}, "device": "gpu", "nd_range": {"device_start": 1585660564.1892765, "device_end": 1585660564.1926477}, "cmdq": 1, "read": {"device_start": -1, "device_end": -1}}, "FFC_sans_bias65": {"write": {"device_start": 1585660564.1896143, "host_queued_start": 1585660631.523647, "device_queued": 1585660564.1893125, "device_end": 1585660564.1897256, "host_queued_end": 1585660631.647328}, "device": "gpu", "nd_range": {"device_start": 1585660564.1897292, "device_end": 1585660564.1959753}, "cmdq": 0, "read": {"device_start": -1, "device_end": -1}}, "FFC_sans_bias67": {"write": {"device_start": -1, "host_queued_start": 1585660631.609593, "device_queued": -1, "device_end": -1, "host_queued_end": 1585660631.647328}, "device": "gpu", "nd_range": {"device_start": 1585660564.2808163, "device_end": 1585660564.2842302}, "cmdq": 1, "read": {"device_start": -1, "device_end": -1}}, "coalesced_transpose111": {"write": {"device_start": -1, "host_queued_start": 1585660631.60836, "device_queued": -1, "device_end": -1, "host_queued_end": 1585660631.647328}, "device": "gpu", "nd_range": {"device_start": 1585660564.277543, "device_end": 1585660564.2807424}, "cmdq": 1, "read": {"device_start": -1, "device_end": -1}}, "FFC_sans_bias136": {"write": {"device_start": 1585660564.2649124, "host_queued_start": 1585660631.599844, "device_queued": 1585660564.1950426, "device_end": 1585660564.2650151, "host_queued_end": 1585660631.647328}, "device": "gpu", "nd_range": {"device_start": 1585660564.2650206, "device_end": 1585660564.2710218}, "cmdq": 1, "read": {"device_start": -1, "device_end": -1}}, "FFC_sans_bias135": {"write": {"device_start": 1585660564.2714317, "host_queued_start": 1585660631.606438, "device_queued": 1585660564.195512, "device_end": 1585660564.2715356, "host_queued_end": 1585660631.647328}, "device": "gpu", "nd_range": {"device_start": 1585660564.2715423, "device_end": 1585660564.2774904}, "cmdq": 1, "read": {"device_start": -1, "device_end": -1}}, "FFC_sans_bias133": {"write": {"device_start": 1585660564.3584423, "host_queued_start": 1585660631.64385, "device_queued": 1585660564.202624, "device_end": 1585660564.3585362, "host_queued_end": 1585660631.647328}, "device": "gpu", "nd_range": {"device_start": 1585660564.3585515, "device_end": 1585660564.3643777}, "cmdq": 1, "read": {"device_start": 1585660564.3643827, "device_end": 1585660564.3644729}}, "FFC_sans_bias132": {"write": {"device_start": -1, "host_queued_start": 1585660631.616923, "device_queued": -1, "device_end": -1, "host_queued_end": 1585660631.647328}, "device": "gpu", "nd_range": {"device_start": 1585660564.3286266, "device_end": 1585660564.3351343}, "cmdq": 0, "read": {"device_start": -1, "device_end": -1}}, "softmax68": {"write": {"device_start": -1, "host_queued_start": 1585660631.612416, "device_queued": -1, "device_end": -1, "host_queued_end": 1585660631.647328}, "device": "gpu", "nd_range": {"device_start": 1585660564.30061, "device_end": 1585660564.3045692}, "cmdq": 0, "read": {"device_start": -1, "device_end": -1}}, "softmax131": {"write": {"device_start": -1, "host_queued_start": 1585660631.614146, "device_queued": -1, "device_end": -1, "host_queued_end": 1585660631.647328}, "device": "gpu", "nd_range": {"device_start": 1585660564.3084898, "device_end": 1585660564.3089106}, "cmdq": 1, "read": {"device_start": -1, "device_end": -1}}, "empty125": {"write": {"device_start": 1585660564.1882212, "host_queued_start": 1585660631.512283, "device_queued": 1585660564.1878903, "device_end": 1585660564.1884818, "host_queued_end": 1585660631.647328}, "device": "gpu", "nd_range": {"device_start": 1585660564.1884933, "device_end": 1585660564.1884975}, "cmdq": 0, "read": {"device_start": -1, "device_end": -1}}, "FFC_sans_bias139": {"write": {"device_start": -1, "host_queued_start": 1585660631.61216, "device_queued": -1, "device_end": -1, "host_queued_end": 1585660631.647328}, "device": "gpu", "nd_range": {"device_start": 1585660564.3038375, "device_end": 1585660564.307171}, "cmdq": 1, "read": {"device_start": -1, "device_end": -1}}, "empty35": {"write": {"device_start": -1, "host_queued_start": 1585660631.661025, "device_queued": -1, "device_end": -1, "host_queued_end": 1585660631.777579}, "device": "cpu", "nd_range": {"device_start": 2328405.9672332304, "device_end": 2328405.9672339903}, "cmdq": 0, "read": {"device_start": -1, "device_end": -1}}, "softmax86": {"write": {"device_start": -1, "host_queued_start": 1585660631.612913, "device_queued": -1, "device_end": -1, "host_queued_end": 1585660631.647328}, "device": "gpu", "nd_range": {"device_start": 1585660564.3045847, "device_end": 1585660564.3077397}, "cmdq": 0, "read": {"device_start": -1, "device_end": -1}}, "FFC_sans_bias55": {"write": {"device_start": -1, "host_queued_start": 1585660631.740201, "device_queued": -1, "device_end": -1, "host_queued_end": 1585660631.777579}, "device": "cpu", "nd_range": {"device_start": 2328406.6987722693, "device_end": 2328406.734127502}, "cmdq": 0, "read": {"device_start": -1, "device_end": -1}}, "FFC_sans_bias54": {"write": {"device_start": -1, "host_queued_start": 1585660631.737101, "device_queued": -1, "device_end": -1, "host_queued_end": 1585660631.777579}, "device": "cpu", "nd_range": {"device_start": 2328406.6635278473, "device_end": 2328406.6987545104}, "cmdq": 0, "read": {"device_start": -1, "device_end": -1}}, "FFC_sans_bias56": {"write": {"device_start": -1, "host_queued_start": 1585660631.734032, "device_queued": -1, "device_end": -1, "host_queued_end": 1585660631.777579}, "device": "cpu", "nd_range": {"device_start": 2328406.627403654, "device_end": 2328406.6635046164}, "cmdq": 0, "read": {"device_start": -1, "device_end": -1}}, "FFC_sans_bias51": {"write": {"device_start": -1, "host_queued_start": 1585660631.755603, "device_queued": -1, "device_end": -1, "host_queued_end": 1585660631.777579}, "device": "cpu", "nd_range": {"device_start": 2328407.170520227, "device_end": 2328407.2122007343}, "cmdq": 0, "read": {"device_start": -1, "device_end": -1}}, "FFC_sans_bias52": {"write": {"device_start": -1, "host_queued_start": 1585660631.774527, "device_queued": -1, "device_end": -1, "host_queued_end": 1585660631.777579}, "device": "cpu", "nd_range": {"device_start": 2328407.433011547, "device_end": 2328407.4718691413}, "cmdq": 0, "read": {"device_start": -1, "device_end": -1}}, "FFC_sans_bias58": {"write": {"device_start": -1, "host_queued_start": 1585660631.748333, "device_queued": -1, "device_end": -1, "host_queued_end": 1585660631.777579}, "device": "cpu", "nd_range": {"device_start": 2328406.954132915, "device_end": 2328406.989560613}, "cmdq": 0, "read": {"device_start": -1, "device_end": -1}}, "FFC_sans_bias108": {"write": {"device_start": 1585660564.2355163, "host_queued_start": 1585660631.569944, "device_queued": 1585660564.1928236, "device_end": 1585660564.2356133, "host_queued_end": 1585660631.647328}, "device": "gpu", "nd_range": {"device_start": 1585660564.2356179, "device_end": 1585660564.24162}, "cmdq": 0, "read": {"device_start": -1, "device_end": -1}}, "FFC_sans_bias109": {"write": {"device_start": 1585660564.2391124, "host_queued_start": 1585660631.573248, "device_queued": 1585660564.193148, "device_end": 1585660564.2392154, "host_queued_end": 1585660631.647328}, "device": "gpu", "nd_range": {"device_start": 1585660564.2392206, "device_end": 1585660564.2449086}, "cmdq": 1, "read": {"device_start": -1, "device_end": -1}}, "coalesced_transpose129": {"write": {"device_start": -1, "host_queued_start": 1585660631.60897, "device_queued": -1, "device_end": -1, "host_queued_end": 1585660631.647328}, "device": "gpu", "nd_range": {"device_start": 1585660564.2807574, "device_end": 1585660564.2808006}, "cmdq": 1, "read": {"device_start": -1, "device_end": -1}}, "FFC_sans_bias103": {"write": {"device_start": -1, "host_queued_start": 1585660631.610891, "device_queued": -1, "device_end": -1, "host_queued_end": 1585660631.647328}, "device": "gpu", "nd_range": {"device_start": 1585660564.290901, "device_end": 1585660564.2973242}, "cmdq": 1, "read": {"device_start": -1, "device_end": -1}}, "FFC_sans_bias100": {"write": {"device_start": 1585660564.2289577, "host_queued_start": 1585660631.56332, "device_queued": 1585660564.1922584, "device_end": 1585660564.2290602, "host_queued_end": 1585660631.647328}, "device": "gpu", "nd_range": {"device_start": 1585660564.229065, "device_end": 1585660564.235083}, "cmdq": 0, "read": {"device_start": -1, "device_end": -1}}, "FFC_sans_bias101": {"write": {"device_start": 1585660564.232254, "host_queued_start": 1585660631.566655, "device_queued": 1585660564.1924896, "device_end": 1585660564.2323575, "host_queued_end": 1585660631.647328}, "device": "gpu", "nd_range": {"device_start": 1585660564.2323616, "device_end": 1585660564.2383726}, "cmdq": 1, "read": {"device_start": -1, "device_end": -1}}, "FFC_sans_bias106": {"write": {"device_start": 1585660564.3487246, "host_queued_start": 1585660631.633911, "device_queued": 1585660564.20163, "device_end": 1585660564.3488157, "host_queued_end": 1585660631.647328}, "device": "gpu", "nd_range": {"device_start": 1585660564.3488324, "device_end": 1585660564.3546605}, "cmdq": 0, "read": {"device_start": 1585660564.354664, "device_end": 1585660564.3547666}}, "softmax122": {"write": {"device_start": -1, "host_queued_start": 1585660631.613899, "device_queued": -1, "device_end": -1, "host_queued_end": 1585660631.647328}, "device": "gpu", "nd_range": {"device_start": 1585660564.3081913, "device_end": 1585660564.3086147}, "cmdq": 0, "read": {"device_start": -1, "device_end": -1}}, "FFC_sans_bias105": {"write": {"device_start": -1, "host_queued_start": 1585660631.615976, "device_queued": -1, "device_end": -1, "host_queued_end": 1585660631.647328}, "device": "gpu", "nd_range": {"device_start": 1585660564.3188906, "device_end": 1585660564.3253295}, "cmdq": 1, "read": {"device_start": -1, "device_end": -1}}, "softmax95": {"write": {"device_start": -1, "host_queued_start": 1585660631.61316, "device_queued": -1, "device_end": -1, "host_queued_end": 1585660631.647328}, "device": "gpu", "nd_range": {"device_start": 1585660564.3076212, "device_end": 1585660564.3080373}, "cmdq": 1, "read": {"device_start": -1, "device_end": -1}}, "coalesced_transpose57": {"write": {"device_start": -1, "host_queued_start": 1585660631.744015, "device_queued": -1, "device_end": -1, "host_queued_end": 1585660631.777579}, "device": "cpu", "nd_range": {"device_start": 2328406.736936041, "device_end": 2328406.7372777574}, "cmdq": 0, "read": {"device_start": -1, "device_end": -1}}, "empty26": {"write": {"device_start": -1, "host_queued_start": 1585660631.658206, "device_queued": -1, "device_end": -1, "host_queued_end": 1585660631.777579}, "device": "cpu", "nd_range": {"device_start": 2328405.9672270003, "device_end": 2328405.9672281463}, "cmdq": 0, "read": {"device_start": -1, "device_end": -1}}, "softmax113": {"write": {"device_start": -1, "host_queued_start": 1585660631.613655, "device_queued": -1, "device_end": -1, "host_queued_end": 1585660631.647328}, "device": "gpu", "nd_range": {"device_start": 1585660564.3080525, "device_end": 1585660564.3084745}, "cmdq": 1, "read": {"device_start": -1, "device_end": -1}}, "FFC_sans_bias11": {"write": {"device_start": -1, "host_queued_start": 1585660631.690272, "device_queued": -1, "device_end": -1, "host_queued_end": 1585660631.777579}, "device": "cpu", "nd_range": {"device_start": 2328406.1464006123, "device_end": 2328406.181839187}, "cmdq": 0, "read": {"device_start": -1, "device_end": -1}}, "FFC_sans_bias42": {"write": {"device_start": -1, "host_queued_start": 1585660631.755005, "device_queued": -1, "device_end": -1, "host_queued_end": 1585660631.777579}, "device": "cpu", "nd_range": {"device_start": 2328407.136063822, "device_end": 2328407.170499879}, "cmdq": 0, "read": {"device_start": -1, "device_end": -1}}, "FFC_sans_bias43": {"write": {"device_start": -1, "host_queued_start": 1585660631.771534, "device_queued": -1, "device_end": -1, "host_queued_end": 1585660631.777579}, "device": "cpu", "nd_range": {"device_start": 2328407.396049382, "device_end": 2328407.433006397}, "cmdq": 0, "read": {"device_start": -1, "device_end": -1}}, "FFC_sans_bias40": {"write": {"device_start": -1, "host_queued_start": 1585660631.747123, "device_queued": -1, "device_end": -1, "host_queued_end": 1585660631.777579}, "device": "cpu", "nd_range": {"device_start": 2328406.876903313, "device_end": 2328406.9153917083}, "cmdq": 0, "read": {"device_start": -1, "device_end": -1}}, "FFC_sans_bias46": {"write": {"device_start": -1, "host_queued_start": 1585660631.727522, "device_queued": -1, "device_end": -1, "host_queued_end": 1585660631.777579}, "device": "cpu", "nd_range": {"device_start": 2328406.558469829, "device_end": 2328406.594035832}, "cmdq": 0, "read": {"device_start": -1, "device_end": -1}}, "FFC_sans_bias47": {"write": {"device_start": -1, "host_queued_start": 1585660631.730778, "device_queued": -1, "device_end": -1, "host_queued_end": 1585660631.777579}, "device": "cpu", "nd_range": {"device_start": 2328406.59404353, "device_end": 2328406.627396122}, "cmdq": 0, "read": {"device_start": -1, "device_end": -1}}, "FFC_sans_bias45": {"write": {"device_start": -1, "host_queued_start": 1585660631.724241, "device_queued": -1, "device_end": -1, "host_queued_end": 1585660631.777579}, "device": "cpu", "nd_range": {"device_start": 2328406.518234643, "device_end": 2328406.5584514383}, "cmdq": 0, "read": {"device_start": -1, "device_end": -1}}, "FFC_sans_bias49": {"write": {"device_start": -1, "host_queued_start": 1585660631.747736, "device_queued": -1, "device_end": -1, "host_queued_end": 1585660631.777579}, "device": "cpu", "nd_range": {"device_start": 2328406.9154002, "device_end": 2328406.954120036}, "cmdq": 0, "read": {"device_start": -1, "device_end": -1}}, "softmax77": {"write": {"device_start": -1, "host_queued_start": 1585660631.612667, "device_queued": -1, "device_end": -1, "host_queued_end": 1585660631.647328}, "device": "gpu", "nd_range": {"device_start": 1585660564.3071868, "device_end": 1585660564.3076055}, "cmdq": 1, "read": {"device_start": -1, "device_end": -1}}, "empty134": {"write": {"device_start": 1585660564.1885204, "host_queued_start": 1585660631.514904, "device_queued": 1585660564.1882179, "device_end": 1585660564.188718, "host_queued_end": 1585660631.647328}, "device": "gpu", "nd_range": {"device_start": 1585660564.188727, "device_end": 1585660564.1887307}, "cmdq": 1, "read": {"device_start": -1, "device_end": -1}}, "coalesced_transpose138": {"write": {"device_start": -1, "host_queued_start": 1585660631.609273, "device_queued": -1, "device_end": -1, "host_queued_end": 1585660631.647328}, "device": "gpu", "nd_range": {"device_start": 1585660564.2774763, "device_end": 1585660564.2774973}, "cmdq": 0, "read": {"device_start": -1, "device_end": -1}}, "FFC_sans_bias119": {"write": {"device_start": 1585660564.2518208, "host_queued_start": 1585660631.586618, "device_queued": 1585660564.1941025, "device_end": 1585660564.2519622, "host_queued_end": 1585660631.647328}, "device": "gpu", "nd_range": {"device_start": 1585660564.2519686, "device_end": 1585660564.2579956}, "cmdq": 1, "read": {"device_start": -1, "device_end": -1}}, "FFC_sans_bias118": {"write": {"device_start": 1585660564.2486992, "host_queued_start": 1585660631.583315, "device_queued": 1585660564.1938698, "device_end": 1585660564.2488122, "host_queued_end": 1585660631.647328}, "device": "gpu", "nd_range": {"device_start": 1585660564.2488194, "device_end": 1585660564.2546983}, "cmdq": 0, "read": {"device_start": -1, "device_end": -1}}, "empty143": {"write": {"device_start": 1585660564.1888525, "host_queued_start": 1585660631.517482, "device_queued": 1585660564.1885023, "device_end": 1585660564.1891396, "host_queued_end": 1585660631.647328}, "device": "gpu", "nd_range": {"device_start": 1585660564.1891496, "device_end": 1585660564.18916}, "cmdq": 0, "read": {"device_start": -1, "device_end": -1}}, "FFC_sans_bias115": {"write": {"device_start": 1585660564.3519955, "host_queued_start": 1585660631.637217, "device_queued": 1585660564.2018843, "device_end": 1585660564.352095, "host_queued_end": 1585660631.647328}, "device": "gpu", "nd_range": {"device_start": 1585660564.352119, "device_end": 1585660564.3579092}, "cmdq": 1, "read": {"device_start": 1585660564.3579206, "device_end": 1585660564.3580115}}, "FFC_sans_bias114": {"write": {"device_start": -1, "host_queued_start": 1585660631.616288, "device_queued": -1, "device_end": -1, "host_queued_end": 1585660631.647328}, "device": "gpu", "nd_range": {"device_start": 1585660564.3220787, "device_end": 1585660564.3286126}, "cmdq": 0, "read": {"device_start": -1, "device_end": -1}}, "FFC_sans_bias117": {"write": {"device_start": 1585660564.2453303, "host_queued_start": 1585660631.580037, "device_queued": 1585660564.193637, "device_end": 1585660564.245434, "host_queued_end": 1585660631.647328}, "device": "gpu", "nd_range": {"device_start": 1585660564.2454393, "device_end": 1585660564.2514133}, "cmdq": 1, "read": {"device_start": -1, "device_end": -1}}, "softmax5": {"write": {"device_start": -1, "host_queued_start": 1585660631.748853, "device_queued": -1, "device_end": -1, "host_queued_end": 1585660631.777579}, "device": "cpu", "nd_range": {"device_start": 2328406.989569289, "device_end": 2328406.989954445}, "cmdq": 0, "read": {"device_start": -1, "device_end": -1}}, "FFC_sans_bias110": {"write": {"device_start": 1585660564.2420297, "host_queued_start": 1585660631.576545, "device_queued": 1585660564.1934006, "device_end": 1585660564.2421374, "host_queued_end": 1585660631.647328}, "device": "gpu", "nd_range": {"device_start": 1585660564.242141, "device_end": 1585660564.2481794}, "cmdq": 0, "read": {"device_start": -1, "device_end": -1}}, "FFC_sans_bias112": {"write": {"device_start": -1, "host_queued_start": 1585660631.611208, "device_queued": -1, "device_end": -1, "host_queued_end": 1585660631.647328}, "device": "gpu", "nd_range": {"device_start": 1585660564.287597, "device_end": 1585660564.294053}, "cmdq": 0, "read": {"device_start": -1, "device_end": -1}}, "empty53": {"write": {"device_start": -1, "host_queued_start": 1585660631.666751, "device_queued": -1, "device_end": -1, "host_queued_end": 1585660631.777579}, "device": "cpu", "nd_range": {"device_start": 2328405.96724327, "device_end": 2328405.967243942}, "cmdq": 0, "read": {"device_start": -1, "device_end": -1}}, "coalesced_transpose48": {"write": {"device_start": -1, "host_queued_start": 1585660631.743444, "device_queued": -1, "device_end": -1, "host_queued_end": 1585660631.777579}, "device": "cpu", "nd_range": {"device_start": 2328406.7365719033, "device_end": 2328406.736929539}, "cmdq": 0, "read": {"device_start": -1, "device_end": -1}}}