{"FFC_sans_bias4": {"write": {"device_start": -1, "host_queued_start": 1585660503.677296, "device_queued": -1, "device_end": -1, "host_queued_end": 1585660503.743173}, "device": "cpu", "nd_range": {"device_start": 2328279.461798748, "device_end": 2328279.584074284}, "cmdq": 2, "read": {"device_start": -1, "device_end": -1}}, "FFC_sans_bias7": {"write": {"device_start": -1, "host_queued_start": 1585660503.704147, "device_queued": -1, "device_end": -1, "host_queued_end": 1585660503.743173}, "device": "cpu", "nd_range": {"device_start": 2328280.321225344, "device_end": 2328280.444436563}, "cmdq": 0, "read": {"device_start": -1, "device_end": -1}}, "FFC_sans_bias6": {"write": {"device_start": -1, "host_queued_start": 1585660503.693107, "device_queued": -1, "device_end": -1, "host_queued_end": 1585660503.743173}, "device": "cpu", "nd_range": {"device_start": 2328279.971844877, "device_end": 2328280.096219569}, "cmdq": 2, "read": {"device_start": -1, "device_end": -1}}, "FFC_sans_bias1": {"write": {"device_start": -1, "host_queued_start": 1585660503.536655, "device_queued": -1, "device_end": -1, "host_queued_end": 1585660503.743173}, "device": "cpu", "nd_range": {"device_start": 2328277.932889076, "device_end": 2328278.0632361663}, "cmdq": 3, "read": {"device_start": -1, "device_end": -1}}, "FFC_sans_bias0": {"write": {"device_start": -1, "host_queued_start": 1585660503.533189, "device_queued": -1, "device_end": -1, "host_queued_end": 1585660503.743173}, "device": "cpu", "nd_range": {"device_start": 2328277.932889181, "device_end": 2328278.1681307293}, "cmdq": 2, "read": {"device_start": -1, "device_end": -1}}, "FFC_sans_bias2": {"write": {"device_start": -1, "host_queued_start": 1585660503.540114, "device_queued": -1, "device_end": -1, "host_queued_end": 1585660503.743173}, "device": "cpu", "nd_range": {"device_start": 2328277.932874549, "device_end": 2328278.055793382}, "cmdq": 0, "read": {"device_start": -1, "device_end": -1}}, "coalesced_transpose120": {"write": {"device_start": -1, "host_queued_start": 1585660503.676696, "device_queued": -1, "device_end": -1, "host_queued_end": 1585660503.743173}, "device": "cpu", "nd_range": {"device_start": 2328279.459743324, "device_end": 2328279.460636212}, "cmdq": 1, "read": {"device_start": -1, "device_end": -1}}, "FFC_sans_bias9": {"write": {"device_start": -1, "host_queued_start": 1585660503.543414, "device_queued": -1, "device_end": -1, "host_queued_end": 1585660503.743173}, "device": "cpu", "nd_range": {"device_start": 2328277.934271243, "device_end": 2328278.05671841}, "cmdq": 1, "read": {"device_start": -1, "device_end": -1}}, "empty71": {"write": {"device_start": -1, "host_queued_start": 1585660503.514344, "device_queued": -1, "device_end": -1, "host_queued_end": 1585660503.743173}, "device": "cpu", "nd_range": {"device_start": 2328277.932876706, "device_end": 2328277.9328773473}, "cmdq": 3, "read": {"device_start": -1, "device_end": -1}}, "softmax41": {"write": {"device_start": -1, "host_queued_start": 1585660503.687799, "device_queued": -1, "device_end": -1, "host_queued_end": 1585660503.743173}, "device": "cpu", "nd_range": {"device_start": 2328279.8984592953, "device_end": 2328279.899156208}, "cmdq": 0, "read": {"device_start": -1, "device_end": -1}}, "FFC_sans_bias37": {"write": {"device_start": -1, "host_queued_start": 1585660503.576746, "device_queued": -1, "device_end": -1, "host_queued_end": 1585660503.743173}, "device": "cpu", "nd_range": {"device_start": 2328278.32607686, "device_end": 2328278.466890702}, "cmdq": 3, "read": {"device_start": -1, "device_end": -1}}, "FFC_sans_bias36": {"write": {"device_start": -1, "host_queued_start": 1585660503.573422, "device_queued": -1, "device_end": -1, "host_queued_end": 1585660503.743173}, "device": "cpu", "nd_range": {"device_start": 2328278.553468938, "device_end": 2328278.676320827}, "cmdq": 2, "read": {"device_start": -1, "device_end": -1}}, "FFC_sans_bias34": {"write": {"device_start": -1, "host_queued_start": 1585660503.713277, "device_queued": -1, "device_end": -1, "host_queued_end": 1585660503.743173}, "device": "cpu", "nd_range": {"device_start": 2328280.869290914, "device_end": 2328280.97946147}, "cmdq": 3, "read": {"device_start": -1, "device_end": -1}}, "FFC_sans_bias33": {"write": {"device_start": -1, "host_queued_start": 1585660503.694935, "device_queued": -1, "device_end": -1, "host_queued_end": 1585660503.743173}, "device": "cpu", "nd_range": {"device_start": 2328280.205611057, "device_end": 2328280.474578924}, "cmdq": 1, "read": {"device_start": -1, "device_end": -1}}, "FFC_sans_bias31": {"write": {"device_start": -1, "host_queued_start": 1585660503.679104, "device_queued": -1, "device_end": -1, "host_queued_end": 1585660503.743173}, "device": "cpu", "nd_range": {"device_start": 2328279.529599659, "device_end": 2328279.759048831}, "cmdq": 1, "read": {"device_start": -1, "device_end": -1}}, "FFC_sans_bias38": {"write": {"device_start": -1, "host_queued_start": 1585660503.580072, "device_queued": -1, "device_end": -1, "host_queued_end": 1585660503.743173}, "device": "cpu", "nd_range": {"device_start": 2328278.303114741, "device_end": 2328278.426458218}, "cmdq": 0, "read": {"device_start": -1, "device_end": -1}}, "coalesced_transpose75": {"write": {"device_start": -1, "host_queued_start": 1585660503.673795, "device_queued": -1, "device_end": -1, "host_queued_end": 1585660503.743173}, "device": "cpu", "nd_range": {"device_start": 2328279.317647066, "device_end": 2328279.318530313}, "cmdq": 0, "read": {"device_start": -1, "device_end": -1}}, "softmax140": {"write": {"device_start": -1, "host_queued_start": 1585660503.484026, "device_queued": -1, "device_end": -1, "host_queued_end": 1585660503.491364}, "device": "gpu", "nd_range": {"device_start": 1585660436.0639646, "device_end": 1585660436.064385}, "cmdq": 0, "read": {"device_start": -1, "device_end": -1}}, "empty44": {"write": {"device_start": -1, "host_queued_start": 1585660503.506257, "device_queued": -1, "device_end": -1, "host_queued_end": 1585660503.743173}, "device": "cpu", "nd_range": {"device_start": 2328277.932851523, "device_end": 2328277.932852621}, "cmdq": 0, "read": {"device_start": -1, "device_end": -1}}, "FFC_sans_bias137": {"write": {"device_start": 1585660436.0495944, "host_queued_start": 1585660503.478969, "device_queued": 1585660436.0348754, "device_end": 1585660436.0496874, "host_queued_end": 1585660503.491364}, "device": "gpu", "nd_range": {"device_start": 1585660436.049694, "device_end": 1585660436.053031}, "cmdq": 0, "read": {"device_start": -1, "device_end": -1}}, "empty8": {"write": {"device_start": -1, "host_queued_start": 1585660503.495216, "device_queued": -1, "device_end": -1, "host_queued_end": 1585660503.743173}, "device": "cpu", "nd_range": {"device_start": 2328277.9328172742, "device_end": 2328277.9328265702}, "cmdq": 0, "read": {"device_start": -1, "device_end": -1}}, "softmax50": {"write": {"device_start": -1, "host_queued_start": 1585660503.68832, "device_queued": -1, "device_end": -1, "host_queued_end": 1585660503.743173}, "device": "cpu", "nd_range": {"device_start": 2328280.189687599, "device_end": 2328280.190426963}, "cmdq": 1, "read": {"device_start": -1, "device_end": -1}}, "softmax59": {"write": {"device_start": -1, "host_queued_start": 1585660503.688854, "device_queued": -1, "device_end": -1, "host_queued_end": 1585660503.743173}, "device": "cpu", "nd_range": {"device_start": 2328279.9703734843, "device_end": 2328279.971103}, "cmdq": 2, "read": {"device_start": -1, "device_end": -1}}, "FFC_sans_bias142": {"write": {"device_start": 1585660436.0755575, "host_queued_start": 1585660503.491258, "device_queued": 1585660436.0364003, "device_end": 1585660436.0756514, "host_queued_end": 1585660503.491364}, "device": "gpu", "nd_range": {"device_start": 1585660436.075654, "device_end": 1585660436.0789742}, "cmdq": 0, "read": {"device_start": 1585660436.0789804, "device_end": 1585660436.0790687}}, "FFC_sans_bias141": {"write": {"device_start": -1, "host_queued_start": 1585660503.484644, "device_queued": -1, "device_end": -1, "host_queued_end": 1585660503.491364}, "device": "gpu", "nd_range": {"device_start": 1585660436.067745, "device_end": 1585660436.07108}, "cmdq": 0, "read": {"device_start": -1, "device_end": -1}}, "FFC_sans_bias24": {"write": {"device_start": -1, "host_queued_start": 1585660503.694311, "device_queued": -1, "device_end": -1, "host_queued_end": 1585660503.743173}, "device": "cpu", "nd_range": {"device_start": 2328279.998308457, "device_end": 2328280.0871823863}, "cmdq": 0, "read": {"device_start": -1, "device_end": -1}}, "FFC_sans_bias25": {"write": {"device_start": -1, "host_queued_start": 1585660503.710285, "device_queued": -1, "device_end": -1, "host_queued_end": 1585660503.743173}, "device": "cpu", "nd_range": {"device_start": 2328280.4643924343, "device_end": 2328280.586710837}, "cmdq": 2, "read": {"device_start": -1, "device_end": -1}}, "FFC_sans_bias27": {"write": {"device_start": -1, "host_queued_start": 1585660503.563361, "device_queued": -1, "device_end": -1, "host_queued_end": 1585660503.743173}, "device": "cpu", "nd_range": {"device_start": 2328278.193124299, "device_end": 2328278.325844544}, "cmdq": 3, "read": {"device_start": -1, "device_end": -1}}, "FFC_sans_bias20": {"write": {"device_start": -1, "host_queued_start": 1585660503.560065, "device_queued": -1, "device_end": -1, "host_queued_end": 1585660503.743173}, "device": "cpu", "nd_range": {"device_start": 2328278.4144267943, "device_end": 2328278.553280374}, "cmdq": 2, "read": {"device_start": -1, "device_end": -1}}, "FFC_sans_bias22": {"write": {"device_start": -1, "host_queued_start": 1585660503.678497, "device_queued": -1, "device_end": -1, "host_queued_end": 1585660503.743173}, "device": "cpu", "nd_range": {"device_start": 2328279.460804659, "device_end": 2328279.618529107}, "cmdq": 0, "read": {"device_start": -1, "device_end": -1}}, "FFC_sans_bias130": {"write": {"device_start": -1, "host_queued_start": 1585660503.483225, "device_queued": -1, "device_end": -1, "host_queued_end": 1585660503.491364}, "device": "gpu", "nd_range": {"device_start": 1585660436.056859, "device_end": 1585660436.0602}, "cmdq": 0, "read": {"device_start": -1, "device_end": -1}}, "FFC_sans_bias28": {"write": {"device_start": -1, "host_queued_start": 1585660503.566661, "device_queued": -1, "device_end": -1, "host_queued_end": 1585660503.743173}, "device": "cpu", "nd_range": {"device_start": 2328278.1788819563, "device_end": 2328278.303096319}, "cmdq": 0, "read": {"device_start": -1, "device_end": -1}}, "FFC_sans_bias29": {"write": {"device_start": -1, "host_queued_start": 1585660503.570056, "device_queued": -1, "device_end": -1, "host_queued_end": 1585660503.743173}, "device": "cpu", "nd_range": {"device_start": 2328278.179002201, "device_end": 2328278.331294212}, "cmdq": 1, "read": {"device_start": -1, "device_end": -1}}, "coalesced_transpose66": {"write": {"device_start": -1, "host_queued_start": 1585660503.673223, "device_queued": -1, "device_end": -1, "host_queued_end": 1585660503.743173}, "device": "cpu", "nd_range": {"device_start": 2328279.5266170544, "device_end": 2328279.527494629}, "cmdq": 3, "read": {"device_start": -1, "device_end": -1}}, "coalesced_transpose93": {"write": {"device_start": -1, "host_queued_start": 1585660503.674958, "device_queued": -1, "device_end": -1, "host_queued_end": 1585660503.743173}, "device": "cpu", "nd_range": {"device_start": 2328279.460909578, "device_end": 2328279.461787636}, "cmdq": 2, "read": {"device_start": -1, "device_end": -1}}, "softmax23": {"write": {"device_start": -1, "host_queued_start": 1585660503.686751, "device_queued": -1, "device_end": -1, "host_queued_end": 1585660503.743173}, "device": "cpu", "nd_range": {"device_start": 2328279.9696145942, "device_end": 2328279.9703634423}, "cmdq": 2, "read": {"device_start": -1, "device_end": -1}}, "empty62": {"write": {"device_start": -1, "host_queued_start": 1585660503.511643, "device_queued": -1, "device_end": -1, "host_queued_end": 1585660503.743173}, "device": "cpu", "nd_range": {"device_start": 2328277.932877406, "device_end": 2328277.9328781413}, "cmdq": 2, "read": {"device_start": -1, "device_end": -1}}, "FFC_sans_bias10": {"write": {"device_start": -1, "host_queued_start": 1585660503.546708, "device_queued": -1, "device_end": -1, "host_queued_end": 1585660503.743173}, "device": "cpu", "nd_range": {"device_start": 2328278.168165875, "device_end": 2328278.414406583}, "cmdq": 2, "read": {"device_start": -1, "device_end": -1}}, "FFC_sans_bias13": {"write": {"device_start": -1, "host_queued_start": 1585660503.677896, "device_queued": -1, "device_end": -1, "host_queued_end": 1585660503.743173}, "device": "cpu", "nd_range": {"device_start": 2328279.5284225, "device_end": 2328279.657961078}, "cmdq": 3, "read": {"device_start": -1, "device_end": -1}}, "FFC_sans_bias15": {"write": {"device_start": -1, "host_queued_start": 1585660503.693706, "device_queued": -1, "device_end": -1, "host_queued_end": 1585660503.743173}, "device": "cpu", "nd_range": {"device_start": 2328280.1961867693, "device_end": 2328280.458648009}, "cmdq": 3, "read": {"device_start": -1, "device_end": -1}}, "FFC_sans_bias16": {"write": {"device_start": -1, "host_queued_start": 1585660503.70714, "device_queued": -1, "device_end": -1, "host_queued_end": 1585660503.743173}, "device": "cpu", "nd_range": {"device_start": 2328280.895862114, "device_end": 2328280.9784380114}, "cmdq": 1, "read": {"device_start": -1, "device_end": -1}}, "FFC_sans_bias19": {"write": {"device_start": -1, "host_queued_start": 1585660503.556734, "device_queued": -1, "device_end": -1, "host_queued_end": 1585660503.743173}, "device": "cpu", "nd_range": {"device_start": 2328278.056746181, "device_end": 2328278.178990827}, "cmdq": 1, "read": {"device_start": -1, "device_end": -1}}, "FFC_sans_bias18": {"write": {"device_start": -1, "host_queued_start": 1585660503.553403, "device_queued": -1, "device_end": -1, "host_queued_end": 1585660503.743173}, "device": "cpu", "nd_range": {"device_start": 2328278.055827287, "device_end": 2328278.178868284}, "cmdq": 0, "read": {"device_start": -1, "device_end": -1}}, "FFC_sans_bias99": {"write": {"device_start": -1, "host_queued_start": 1585660503.64356, "device_queued": -1, "device_end": -1, "host_queued_end": 1585660503.743173}, "device": "cpu", "nd_range": {"device_start": 2328279.1453163354, "device_end": 2328279.2935605464}, "cmdq": 3, "read": {"device_start": -1, "device_end": -1}}, "FFC_sans_bias91": {"write": {"device_start": -1, "host_queued_start": 1585660503.636861, "device_queued": -1, "device_end": -1, "host_queued_end": 1585660503.743173}, "device": "cpu", "nd_range": {"device_start": 2328278.8225956163, "device_end": 2328278.944845497}, "cmdq": 1, "read": {"device_start": -1, "device_end": -1}}, "FFC_sans_bias90": {"write": {"device_start": -1, "host_queued_start": 1585660503.633597, "device_queued": -1, "device_end": -1, "host_queued_end": 1585660503.743173}, "device": "cpu", "nd_range": {"device_start": 2328278.80667456, "device_end": 2328279.0543831494}, "cmdq": 0, "read": {"device_start": -1, "device_end": -1}}, "coalesced_transpose12": {"write": {"device_start": -1, "host_queued_start": 1585660503.670746, "device_queued": -1, "device_end": -1, "host_queued_end": 1585660503.743173}, "device": "cpu", "nd_range": {"device_start": 2328279.255749452, "device_end": 2328279.264041144}, "cmdq": 1, "read": {"device_start": -1, "device_end": -1}}, "FFC_sans_bias94": {"write": {"device_start": -1, "host_queued_start": 1585660503.683349, "device_queued": -1, "device_end": -1, "host_queued_end": 1585660503.743173}, "device": "cpu", "nd_range": {"device_start": 2328279.7443381753, "device_end": 2328279.897372379}, "cmdq": 0, "read": {"device_start": -1, "device_end": -1}}, "FFC_sans_bias97": {"write": {"device_start": -1, "host_queued_start": 1585660503.734184, "device_queued": -1, "device_end": -1, "host_queued_end": 1585660503.743173}, "device": "cpu", "nd_range": {"device_start": 2328280.708739703, "device_end": 2328280.831112657}, "cmdq": 2, "read": {"device_start": -1, "device_end": -1}}, "FFC_sans_bias96": {"write": {"device_start": -1, "host_queued_start": 1585660503.699144, "device_queued": -1, "device_end": -1, "host_queued_end": 1585660503.743173}, "device": "cpu", "nd_range": {"device_start": 2328280.197024351, "device_end": 2328280.3209929704}, "cmdq": 0, "read": {"device_start": -1, "device_end": -1}}, "FFC_sans_bias124": {"write": {"device_start": -1, "host_queued_start": 1585660503.743121, "device_queued": -1, "device_end": -1, "host_queued_end": 1585660503.743173}, "device": "cpu", "nd_range": {"device_start": 2328281.109295202, "device_end": 2328281.1853341144}, "cmdq": 1, "read": {"device_start": -1, "device_end": -1}}, "FFC_sans_bias126": {"write": {"device_start": 1585660436.0382626, "host_queued_start": 1585660503.468933, "device_queued": 1585660436.034066, "device_end": 1585660436.0383582, "host_queued_end": 1585660503.491364}, "device": "gpu", "nd_range": {"device_start": 1585660436.038365, "device_end": 1585660436.0417235}, "cmdq": 0, "read": {"device_start": -1, "device_end": -1}}, "softmax32": {"write": {"device_start": -1, "host_queued_start": 1585660503.687277, "device_queued": -1, "device_end": -1, "host_queued_end": 1585660503.743173}, "device": "cpu", "nd_range": {"device_start": 2328280.031868062, "device_end": 2328280.032584885}, "cmdq": 3, "read": {"device_start": -1, "device_end": -1}}, "coalesced_transpose84": {"write": {"device_start": -1, "host_queued_start": 1585660503.67437, "device_queued": -1, "device_end": -1, "host_queued_end": 1585660503.743173}, "device": "cpu", "nd_range": {"device_start": 2328279.273167512, "device_end": 2328279.274027551}, "cmdq": 1, "read": {"device_start": -1, "device_end": -1}}, "FFC_sans_bias121": {"write": {"device_start": -1, "host_queued_start": 1585660503.685134, "device_queued": -1, "device_end": -1, "host_queued_end": 1585660503.743173}, "device": "cpu", "nd_range": {"device_start": 2328279.904649829, "device_end": 2328280.031846735}, "cmdq": 3, "read": {"device_start": -1, "device_end": -1}}, "empty98": {"write": {"device_start": -1, "host_queued_start": 1585660503.522314, "device_queued": -1, "device_end": -1, "host_queued_end": 1585660503.743173}, "device": "cpu", "nd_range": {"device_start": 2328277.932883059, "device_end": 2328277.932883738}, "cmdq": 2, "read": {"device_start": -1, "device_end": -1}}, "empty107": {"write": {"device_start": -1, "host_queued_start": 1585660503.524905, "device_queued": -1, "device_end": -1, "host_queued_end": 1585660503.743173}, "device": "cpu", "nd_range": {"device_start": 2328277.9328827853, "device_end": 2328277.932883364}, "cmdq": 3, "read": {"device_start": -1, "device_end": -1}}, "empty17": {"write": {"device_start": -1, "host_queued_start": 1585660503.497986, "device_queued": -1, "device_end": -1, "host_queued_end": 1585660503.743173}, "device": "cpu", "nd_range": {"device_start": 2328277.932814291, "device_end": 2328277.93282654}, "cmdq": 1, "read": {"device_start": -1, "device_end": -1}}, "FFC_sans_bias87": {"write": {"device_start": -1, "host_queued_start": 1585660503.698546, "device_queued": -1, "device_end": -1, "host_queued_end": 1585660503.743173}, "device": "cpu", "nd_range": {"device_start": 2328280.632494638, "device_end": 2328280.761795905}, "cmdq": 3, "read": {"device_start": -1, "device_end": -1}}, "FFC_sans_bias85": {"write": {"device_start": -1, "host_queued_start": 1585660503.682759, "device_queued": -1, "device_end": -1, "host_queued_end": 1585660503.743173}, "device": "cpu", "nd_range": {"device_start": 2328279.782627597, "device_end": 2328279.904469197}, "cmdq": 3, "read": {"device_start": -1, "device_end": -1}}, "FFC_sans_bias82": {"write": {"device_start": -1, "host_queued_start": 1585660503.626848, "device_queued": -1, "device_end": -1, "host_queued_end": 1585660503.743173}, "device": "cpu", "nd_range": {"device_start": 2328279.043351464, "device_end": 2328279.182200449}, "cmdq": 2, "read": {"device_start": -1, "device_end": -1}}, "FFC_sans_bias83": {"write": {"device_start": -1, "host_queued_start": 1585660503.630219, "device_queued": -1, "device_end": -1, "host_queued_end": 1585660503.743173}, "device": "cpu", "nd_range": {"device_start": 2328279.012975521, "device_end": 2328279.145087494}, "cmdq": 3, "read": {"device_start": -1, "device_end": -1}}, "FFC_sans_bias81": {"write": {"device_start": -1, "host_queued_start": 1585660503.623529, "device_queued": -1, "device_end": -1, "host_queued_end": 1585660503.743173}, "device": "cpu", "nd_range": {"device_start": 2328278.7000264092, "device_end": 2328278.8225705554}, "cmdq": 1, "read": {"device_start": -1, "device_end": -1}}, "FFC_sans_bias88": {"write": {"device_start": -1, "host_queued_start": 1585660503.731208, "device_queued": -1, "device_end": -1, "host_queued_end": 1585660503.743173}, "device": "cpu", "nd_range": {"device_start": 2328281.044627325, "device_end": 2328281.1092869462}, "cmdq": 1, "read": {"device_start": -1, "device_end": -1}}, "coalesced_transpose30": {"write": {"device_start": -1, "host_queued_start": 1585660503.671422, "device_queued": -1, "device_end": -1, "host_queued_end": 1585660503.743173}, "device": "cpu", "nd_range": {"device_start": 2328279.525329336, "device_end": 2328279.5264418423}, "cmdq": 3, "read": {"device_start": -1, "device_end": -1}}, "FFC_sans_bias128": {"write": {"device_start": 1585660436.034531, "host_queued_start": 1585660503.465871, "device_queued": 1585660436.0338018, "device_end": 1585660436.0346243, "host_queued_end": 1585660503.491364}, "device": "gpu", "nd_range": {"device_start": 1585660436.0346286, "device_end": 1585660436.0379574}, "cmdq": 0, "read": {"device_start": -1, "device_end": -1}}, "coalesced_transpose39": {"write": {"device_start": -1, "host_queued_start": 1585660503.671748, "device_queued": -1, "device_end": -1, "host_queued_end": 1585660503.743173}, "device": "cpu", "nd_range": {"device_start": 2328279.31636926, "device_end": 2328279.317491476}, "cmdq": 0, "read": {"device_start": -1, "device_end": -1}}, "FFC_sans_bias79": {"write": {"device_start": -1, "host_queued_start": 1585660503.728163, "device_queued": -1, "device_end": -1, "host_queued_end": 1585660503.743173}, "device": "cpu", "nd_range": {"device_start": 2328280.567608016, "device_end": 2328280.802126266}, "cmdq": 0, "read": {"device_start": -1, "device_end": -1}}, "FFC_sans_bias78": {"write": {"device_start": -1, "host_queued_start": 1585660503.697901, "device_queued": -1, "device_end": -1, "host_queued_end": 1585660503.743173}, "device": "cpu", "nd_range": {"device_start": 2328280.21849896, "device_end": 2328280.3417756883}, "cmdq": 2, "read": {"device_start": -1, "device_end": -1}}, "FFC_sans_bias73": {"write": {"device_start": -1, "host_queued_start": 1585660503.616803, "device_queued": -1, "device_end": -1, "host_queued_end": 1585660503.743173}, "device": "cpu", "nd_range": {"device_start": 2328278.8822999303, "device_end": 2328279.0127278944}, "cmdq": 3, "read": {"device_start": -1, "device_end": -1}}, "FFC_sans_bias72": {"write": {"device_start": -1, "host_queued_start": 1585660503.613511, "device_queued": -1, "device_end": -1, "host_queued_end": 1585660503.743173}, "device": "cpu", "nd_range": {"device_start": 2328278.920567954, "device_end": 2328279.043334565}, "cmdq": 2, "read": {"device_start": -1, "device_end": -1}}, "FFC_sans_bias70": {"write": {"device_start": -1, "host_queued_start": 1585660503.72518, "device_queued": -1, "device_end": -1, "host_queued_end": 1585660503.743173}, "device": "cpu", "nd_range": {"device_start": 2328280.979469371, "device_end": 2328281.09639145}, "cmdq": 3, "read": {"device_start": -1, "device_end": -1}}, "FFC_sans_bias76": {"write": {"device_start": -1, "host_queued_start": 1585660503.682064, "device_queued": -1, "device_end": -1, "host_queued_end": 1585660503.743173}, "device": "cpu", "nd_range": {"device_start": 2328279.7342699263, "device_end": 2328279.904698363}, "cmdq": 2, "read": {"device_start": -1, "device_end": -1}}, "FFC_sans_bias74": {"write": {"device_start": -1, "host_queued_start": 1585660503.620126, "device_queued": -1, "device_end": -1, "host_queued_end": 1585660503.743173}, "device": "cpu", "nd_range": {"device_start": 2328278.6726941043, "device_end": 2328278.806648739}, "cmdq": 0, "read": {"device_start": -1, "device_end": -1}}, "coalesced_transpose102": {"write": {"device_start": -1, "host_queued_start": 1585660503.675537, "device_queued": -1, "device_end": -1, "host_queued_end": 1585660503.743173}, "device": "cpu", "nd_range": {"device_start": 2328279.527510928, "device_end": 2328279.5284117}, "cmdq": 3, "read": {"device_start": -1, "device_end": -1}}, "coalesced_transpose3": {"write": {"device_start": -1, "host_queued_start": 1585660503.670397, "device_queued": -1, "device_end": -1, "host_queued_end": 1585660503.743173}, "device": "cpu", "nd_range": {"device_start": 2328279.3078207923, "device_end": 2328279.316215163}, "cmdq": 0, "read": {"device_start": -1, "device_end": -1}}, "FFC_sans_bias127": {"write": {"device_start": 1585660436.0420504, "host_queued_start": 1585660503.472311, "device_queued": 1585660436.0343797, "device_end": 1585660436.0421503, "host_queued_end": 1585660503.491364}, "device": "gpu", "nd_range": {"device_start": 1585660436.042157, "device_end": 1585660436.0455139}, "cmdq": 0, "read": {"device_start": -1, "device_end": -1}}, "empty89": {"write": {"device_start": -1, "host_queued_start": 1585660503.519711, "device_queued": -1, "device_end": -1, "host_queued_end": 1585660503.743173}, "device": "cpu", "nd_range": {"device_start": 2328277.9328589723, "device_end": 2328277.932859964}, "cmdq": 1, "read": {"device_start": -1, "device_end": -1}}, "FFC_sans_bias123": {"write": {"device_start": -1, "host_queued_start": 1585660503.700924, "device_queued": -1, "device_end": -1, "host_queued_end": 1585660503.743173}, "device": "cpu", "nd_range": {"device_start": 2328280.762046785, "device_end": 2328280.869265277}, "cmdq": 3, "read": {"device_start": -1, "device_end": -1}}, "empty80": {"write": {"device_start": -1, "host_queued_start": 1585660503.516965, "device_queued": -1, "device_end": -1, "host_queued_end": 1585660503.743173}, "device": "cpu", "nd_range": {"device_start": 2328277.932858906, "device_end": 2328277.932859632}, "cmdq": 0, "read": {"device_start": -1, "device_end": -1}}, "empty116": {"write": {"device_start": -1, "host_queued_start": 1585660503.527507, "device_queued": -1, "device_end": -1, "host_queued_end": 1585660503.743173}, "device": "cpu", "nd_range": {"device_start": 2328277.93286512, "device_end": 2328277.932865714}, "cmdq": 0, "read": {"device_start": -1, "device_end": -1}}, "softmax104": {"write": {"device_start": -1, "host_queued_start": 1585660503.691482, "device_queued": -1, "device_end": -1, "host_queued_end": 1585660503.743173}, "device": "cpu", "nd_range": {"device_start": 2328280.195226935, "device_end": 2328280.196144136}, "cmdq": 3, "read": {"device_start": -1, "device_end": -1}}, "coalesced_transpose21": {"write": {"device_start": -1, "host_queued_start": 1585660503.671082, "device_queued": -1, "device_end": -1, "host_queued_end": 1585660503.743173}, "device": "cpu", "nd_range": {"device_start": 2328279.458717861, "device_end": 2328279.4598195553}, "cmdq": 2, "read": {"device_start": -1, "device_end": -1}}, "softmax14": {"write": {"device_start": -1, "host_queued_start": 1585660503.686215, "device_queued": -1, "device_end": -1, "host_queued_end": 1585660503.743173}, "device": "cpu", "nd_range": {"device_start": 2328280.188944561, "device_end": 2328280.18967833}, "cmdq": 1, "read": {"device_start": -1, "device_end": -1}}, "FFC_sans_bias69": {"write": {"device_start": -1, "host_queued_start": 1585660503.697313, "device_queued": -1, "device_end": -1, "host_queued_end": 1585660503.743173}, "device": "cpu", "nd_range": {"device_start": 2328280.474597108, "device_end": 2328280.726218544}, "cmdq": 1, "read": {"device_start": -1, "device_end": -1}}, "FFC_sans_bias92": {"write": {"device_start": -1, "host_queued_start": 1585660503.640195, "device_queued": -1, "device_end": -1, "host_queued_end": 1585660503.743173}, "device": "cpu", "nd_range": {"device_start": 2328279.1822232422, "device_end": 2328279.308362672}, "cmdq": 2, "read": {"device_start": -1, "device_end": -1}}, "FFC_sans_bias60": {"write": {"device_start": -1, "host_queued_start": 1585660503.696727, "device_queued": -1, "device_end": -1, "host_queued_end": 1585660503.743173}, "device": "cpu", "nd_range": {"device_start": 2328280.087394583, "device_end": 2328280.196750793}, "cmdq": 0, "read": {"device_start": -1, "device_end": -1}}, "FFC_sans_bias61": {"write": {"device_start": -1, "host_queued_start": 1585660503.722223, "device_queued": -1, "device_end": -1, "host_queued_end": 1585660503.743173}, "device": "cpu", "nd_range": {"device_start": 2328280.586719238, "device_end": 2328280.70872516}, "cmdq": 2, "read": {"device_start": -1, "device_end": -1}}, "FFC_sans_bias63": {"write": {"device_start": -1, "host_queued_start": 1585660503.610186, "device_queued": -1, "device_end": -1, "host_queued_end": 1585660503.743173}, "device": "cpu", "nd_range": {"device_start": 2328278.576822904, "device_end": 2328278.699782607}, "cmdq": 1, "read": {"device_start": -1, "device_end": -1}}, "FFC_sans_bias64": {"write": {"device_start": -1, "host_queued_start": 1585660503.603425, "device_queued": -1, "device_end": -1, "host_queued_end": 1585660503.743173}, "device": "cpu", "nd_range": {"device_start": 2328278.731618701, "device_end": 2328278.88207641}, "cmdq": 3, "read": {"device_start": -1, "device_end": -1}}, "FFC_sans_bias65": {"write": {"device_start": -1, "host_queued_start": 1585660503.606824, "device_queued": -1, "device_end": -1, "host_queued_end": 1585660503.743173}, "device": "cpu", "nd_range": {"device_start": 2328278.5493176254, "device_end": 2328278.672440178}, "cmdq": 0, "read": {"device_start": -1, "device_end": -1}}, "FFC_sans_bias67": {"write": {"device_start": -1, "host_queued_start": 1585660503.681473, "device_queued": -1, "device_end": -1, "host_queued_end": 1585660503.743173}, "device": "cpu", "nd_range": {"device_start": 2328279.759263245, "device_end": 2328280.001749635}, "cmdq": 1, "read": {"device_start": -1, "device_end": -1}}, "coalesced_transpose111": {"write": {"device_start": -1, "host_queued_start": 1585660503.676118, "device_queued": -1, "device_end": -1, "host_queued_end": 1585660503.743173}, "device": "cpu", "nd_range": {"device_start": 2328279.420691655, "device_end": 2328279.421542352}, "cmdq": 0, "read": {"device_start": -1, "device_end": -1}}, "FFC_sans_bias136": {"write": {"device_start": 1585660436.0458176, "host_queued_start": 1585660503.475632, "device_queued": 1585660436.0346441, "device_end": 1585660436.0459118, "host_queued_end": 1585660503.491364}, "device": "gpu", "nd_range": {"device_start": 1585660436.0459185, "device_end": 1585660436.0492945}, "cmdq": 0, "read": {"device_start": -1, "device_end": -1}}, "FFC_sans_bias135": {"write": {"device_start": 1585660436.0533748, "host_queued_start": 1585660503.482236, "device_queued": 1585660436.035094, "device_end": 1585660436.0534685, "host_queued_end": 1585660503.491364}, "device": "gpu", "nd_range": {"device_start": 1585660436.0534747, "device_end": 1585660436.0568204}, "cmdq": 0, "read": {"device_start": -1, "device_end": -1}}, "FFC_sans_bias133": {"write": {"device_start": 1585660436.0714555, "host_queued_start": 1585660503.487888, "device_queued": 1585660436.036144, "device_end": 1585660436.0715609, "host_queued_end": 1585660503.491364}, "device": "gpu", "nd_range": {"device_start": 1585660436.0715632, "device_end": 1585660436.074887}, "cmdq": 0, "read": {"device_start": 1585660436.0748885, "device_end": 1585660436.0749786}}, "FFC_sans_bias132": {"write": {"device_start": -1, "host_queued_start": 1585660503.484336, "device_queued": -1, "device_end": -1, "host_queued_end": 1585660503.491364}, "device": "gpu", "nd_range": {"device_start": 1585660436.064386, "device_end": 1585660436.0677438}, "cmdq": 0, "read": {"device_start": -1, "device_end": -1}}, "softmax68": {"write": {"device_start": -1, "host_queued_start": 1585660503.689384, "device_queued": -1, "device_end": -1, "host_queued_end": 1585660503.743173}, "device": "cpu", "nd_range": {"device_start": 2328280.032592743, "device_end": 2328280.033290029}, "cmdq": 3, "read": {"device_start": -1, "device_end": -1}}, "softmax131": {"write": {"device_start": -1, "host_queued_start": 1585660503.483782, "device_queued": -1, "device_end": -1, "host_queued_end": 1585660503.491364}, "device": "gpu", "nd_range": {"device_start": 1585660436.06353, "device_end": 1585660436.0639627}, "cmdq": 0, "read": {"device_start": -1, "device_end": -1}}, "empty125": {"write": {"device_start": -1, "host_queued_start": 1585660503.530397, "device_queued": -1, "device_end": -1, "host_queued_end": 1585660503.743173}, "device": "cpu", "nd_range": {"device_start": 2328277.932865775, "device_end": 2328277.932866556}, "cmdq": 1, "read": {"device_start": -1, "device_end": -1}}, "FFC_sans_bias139": {"write": {"device_start": -1, "host_queued_start": 1585660503.483536, "device_queued": -1, "device_end": -1, "host_queued_end": 1585660503.491364}, "device": "gpu", "nd_range": {"device_start": 1585660436.0602012, "device_end": 1585660436.063529}, "cmdq": 0, "read": {"device_start": -1, "device_end": -1}}, "empty35": {"write": {"device_start": -1, "host_queued_start": 1585660503.503546, "device_queued": -1, "device_end": -1, "host_queued_end": 1585660503.743173}, "device": "cpu", "nd_range": {"device_start": 2328277.932871161, "device_end": 2328277.932871796}, "cmdq": 3, "read": {"device_start": -1, "device_end": -1}}, "softmax86": {"write": {"device_start": -1, "host_queued_start": 1585660503.690431, "device_queued": -1, "device_end": -1, "host_queued_end": 1585660503.743173}, "device": "cpu", "nd_range": {"device_start": 2328280.190437395, "device_end": 2328280.19122974}, "cmdq": 1, "read": {"device_start": -1, "device_end": -1}}, "FFC_sans_bias55": {"write": {"device_start": -1, "host_queued_start": 1585660503.600111, "device_queued": -1, "device_end": -1, "host_queued_end": 1585660503.743173}, "device": "cpu", "nd_range": {"device_start": 2328278.798461405, "device_end": 2328278.920552134}, "cmdq": 2, "read": {"device_start": -1, "device_end": -1}}, "FFC_sans_bias54": {"write": {"device_start": -1, "host_queued_start": 1585660503.596806, "device_queued": -1, "device_end": -1, "host_queued_end": 1585660503.743173}, "device": "cpu", "nd_range": {"device_start": 2328278.454175903, "device_end": 2328278.576588124}, "cmdq": 1, "read": {"device_start": -1, "device_end": -1}}, "FFC_sans_bias56": {"write": {"device_start": -1, "host_queued_start": 1585660503.593423, "device_queued": -1, "device_end": -1, "host_queued_end": 1585660503.743173}, "device": "cpu", "nd_range": {"device_start": 2328278.4264749703, "device_end": 2328278.549063396}, "cmdq": 0, "read": {"device_start": -1, "device_end": -1}}, "FFC_sans_bias51": {"write": {"device_start": -1, "host_queued_start": 1585660503.696135, "device_queued": -1, "device_end": -1, "host_queued_end": 1585660503.743173}, "device": "cpu", "nd_range": {"device_start": 2328280.458669913, "device_end": 2328280.632256388}, "cmdq": 3, "read": {"device_start": -1, "device_end": -1}}, "FFC_sans_bias52": {"write": {"device_start": -1, "host_queued_start": 1585660503.71927, "device_queued": -1, "device_end": -1, "host_queued_end": 1585660503.743173}, "device": "cpu", "nd_range": {"device_start": 2328280.978448993, "device_end": 2328281.0446158242}, "cmdq": 1, "read": {"device_start": -1, "device_end": -1}}, "FFC_sans_bias58": {"write": {"device_start": -1, "host_queued_start": 1585660503.680881, "device_queued": -1, "device_end": -1, "host_queued_end": 1585660503.743173}, "device": "cpu", "nd_range": {"device_start": 2328279.6187519683, "device_end": 2328279.744135595}, "cmdq": 0, "read": {"device_start": -1, "device_end": -1}}, "FFC_sans_bias108": {"write": {"device_start": -1, "host_queued_start": 1585660503.653512, "device_queued": -1, "device_end": -1, "host_queued_end": 1585660503.743173}, "device": "cpu", "nd_range": {"device_start": 2328279.308525205, "device_end": 2328279.39012645}, "cmdq": 2, "read": {"device_start": -1, "device_end": -1}}, "FFC_sans_bias109": {"write": {"device_start": -1, "host_queued_start": 1585660503.656774, "device_queued": -1, "device_end": -1, "host_queued_end": 1585660503.743173}, "device": "cpu", "nd_range": {"device_start": 2328279.293754469, "device_end": 2328279.3991756514}, "cmdq": 3, "read": {"device_start": -1, "device_end": -1}}, "coalesced_transpose129": {"write": {"device_start": -1, "host_queued_start": 1585660503.482599, "device_queued": -1, "device_end": -1, "host_queued_end": 1585660503.491364}, "device": "gpu", "nd_range": {"device_start": 1585660436.0568213, "device_end": 1585660436.0568385}, "cmdq": 0, "read": {"device_start": -1, "device_end": -1}}, "FFC_sans_bias103": {"write": {"device_start": -1, "host_queued_start": 1585660503.683937, "device_queued": -1, "device_end": -1, "host_queued_end": 1585660503.743173}, "device": "cpu", "nd_range": {"device_start": 2328280.0017672502, "device_end": 2328280.1889207712}, "cmdq": 1, "read": {"device_start": -1, "device_end": -1}}, "FFC_sans_bias100": {"write": {"device_start": -1, "host_queued_start": 1585660503.646886, "device_queued": -1, "device_end": -1, "host_queued_end": 1585660503.743173}, "device": "cpu", "nd_range": {"device_start": 2328279.054401934, "device_end": 2328279.20460559}, "cmdq": 0, "read": {"device_start": -1, "device_end": -1}}, "FFC_sans_bias101": {"write": {"device_start": -1, "host_queued_start": 1585660503.650232, "device_queued": -1, "device_end": -1, "host_queued_end": 1585660503.743173}, "device": "cpu", "nd_range": {"device_start": 2328278.94486103, "device_end": 2328279.067354823}, "cmdq": 1, "read": {"device_start": -1, "device_end": -1}}, "FFC_sans_bias106": {"write": {"device_start": -1, "host_queued_start": 1585660503.737156, "device_queued": -1, "device_end": -1, "host_queued_end": 1585660503.743173}, "device": "cpu", "nd_range": {"device_start": 2328281.0964004453, "device_end": 2328281.1734283012}, "cmdq": 3, "read": {"device_start": -1, "device_end": -1}}, "softmax122": {"write": {"device_start": -1, "host_queued_start": 1585660503.692511, "device_queued": -1, "device_end": -1, "host_queued_end": 1585660503.743173}, "device": "cpu", "nd_range": {"device_start": 2328280.191250698, "device_end": 2328280.2055734983}, "cmdq": 1, "read": {"device_start": -1, "device_end": -1}}, "FFC_sans_bias105": {"write": {"device_start": -1, "host_queued_start": 1585660503.699734, "device_queued": -1, "device_end": -1, "host_queued_end": 1585660503.743173}, "device": "cpu", "nd_range": {"device_start": 2328280.7264394243, "device_end": 2328280.89583515}, "cmdq": 1, "read": {"device_start": -1, "device_end": -1}}, "softmax95": {"write": {"device_start": -1, "host_queued_start": 1585660503.69096, "device_queued": -1, "device_end": -1, "host_queued_end": 1585660503.743173}, "device": "cpu", "nd_range": {"device_start": 2328279.971116315, "device_end": 2328279.971835915}, "cmdq": 2, "read": {"device_start": -1, "device_end": -1}}, "coalesced_transpose57": {"write": {"device_start": -1, "host_queued_start": 1585660503.672647, "device_queued": -1, "device_end": -1, "host_queued_end": 1585660503.743173}, "device": "cpu", "nd_range": {"device_start": 2328279.4599903594, "device_end": 2328279.4608993}, "cmdq": 2, "read": {"device_start": -1, "device_end": -1}}, "empty26": {"write": {"device_start": -1, "host_queued_start": 1585660503.500884, "device_queued": -1, "device_end": -1, "host_queued_end": 1585660503.743173}, "device": "cpu", "nd_range": {"device_start": 2328277.932871737, "device_end": 2328277.932872753}, "cmdq": 2, "read": {"device_start": -1, "device_end": -1}}, "softmax113": {"write": {"device_start": -1, "host_queued_start": 1585660503.691995, "device_queued": -1, "device_end": -1, "host_queued_end": 1585660503.743173}, "device": "cpu", "nd_range": {"device_start": 2328279.9973571263, "device_end": 2328279.9980796813}, "cmdq": 0, "read": {"device_start": -1, "device_end": -1}}, "FFC_sans_bias11": {"write": {"device_start": -1, "host_queued_start": 1585660503.550081, "device_queued": -1, "device_end": -1, "host_queued_end": 1585660503.743173}, "device": "cpu", "nd_range": {"device_start": 2328278.063431546, "device_end": 2328278.192742519}, "cmdq": 3, "read": {"device_start": -1, "device_end": -1}}, "FFC_sans_bias42": {"write": {"device_start": -1, "host_queued_start": 1585660503.695542, "device_queued": -1, "device_end": -1, "host_queued_end": 1585660503.743173}, "device": "cpu", "nd_range": {"device_start": 2328280.096233298, "device_end": 2328280.2184560173}, "cmdq": 2, "read": {"device_start": -1, "device_end": -1}}, "FFC_sans_bias43": {"write": {"device_start": -1, "host_queued_start": 1585660503.716262, "device_queued": -1, "device_end": -1, "host_queued_end": 1585660503.743173}, "device": "cpu", "nd_range": {"device_start": 2328280.4444584902, "device_end": 2328280.567592475}, "cmdq": 0, "read": {"device_start": -1, "device_end": -1}}, "FFC_sans_bias40": {"write": {"device_start": -1, "host_queued_start": 1585660503.679705, "device_queued": -1, "device_end": -1, "host_queued_end": 1585660503.743173}, "device": "cpu", "nd_range": {"device_start": 2328279.584095083, "device_end": 2328279.7340244823}, "cmdq": 2, "read": {"device_start": -1, "device_end": -1}}, "FFC_sans_bias46": {"write": {"device_start": -1, "host_queued_start": 1585660503.586709, "device_queued": -1, "device_end": -1, "host_queued_end": 1585660503.743173}, "device": "cpu", "nd_range": {"device_start": 2328278.676514977, "device_end": 2328278.7984423833}, "cmdq": 2, "read": {"device_start": -1, "device_end": -1}}, "FFC_sans_bias47": {"write": {"device_start": -1, "host_queued_start": 1585660503.590098, "device_queued": -1, "device_end": -1, "host_queued_end": 1585660503.743173}, "device": "cpu", "nd_range": {"device_start": 2328278.467204277, "device_end": 2328278.726979977}, "cmdq": 3, "read": {"device_start": -1, "device_end": -1}}, "FFC_sans_bias45": {"write": {"device_start": -1, "host_queued_start": 1585660503.583377, "device_queued": -1, "device_end": -1, "host_queued_end": 1585660503.743173}, "device": "cpu", "nd_range": {"device_start": 2328278.331314668, "device_end": 2328278.4539428973}, "cmdq": 1, "read": {"device_start": -1, "device_end": -1}}, "FFC_sans_bias49": {"write": {"device_start": -1, "host_queued_start": 1585660503.68029, "device_queued": -1, "device_end": -1, "host_queued_end": 1585660503.743173}, "device": "cpu", "nd_range": {"device_start": 2328279.6579845203, "device_end": 2328279.7823897903}, "cmdq": 3, "read": {"device_start": -1, "device_end": -1}}, "softmax77": {"write": {"device_start": -1, "host_queued_start": 1585660503.689909, "device_queued": -1, "device_end": -1, "host_queued_end": 1585660503.743173}, "device": "cpu", "nd_range": {"device_start": 2328279.9080222594, "device_end": 2328279.908719939}, "cmdq": 0, "read": {"device_start": -1, "device_end": -1}}, "empty134": {"write": {"device_start": 1585660436.0336957, "host_queued_start": 1585660503.4594, "device_queued": 1585660436.0333374, "device_end": 1585660436.033791, "host_queued_end": 1585660503.491364}, "device": "gpu", "nd_range": {"device_start": 1585660436.0337937, "device_end": 1585660436.0337982}, "cmdq": 0, "read": {"device_start": -1, "device_end": -1}}, "coalesced_transpose138": {"write": {"device_start": -1, "host_queued_start": 1585660503.482912, "device_queued": -1, "device_end": -1, "host_queued_end": 1585660503.491364}, "device": "gpu", "nd_range": {"device_start": 1585660436.0568395, "device_end": 1585660436.056858}, "cmdq": 0, "read": {"device_start": -1, "device_end": -1}}, "FFC_sans_bias119": {"write": {"device_start": -1, "host_queued_start": 1585660503.670042, "device_queued": -1, "device_end": -1, "host_queued_end": 1585660503.743173}, "device": "cpu", "nd_range": {"device_start": 2328279.3993458613, "device_end": 2328279.5251092953}, "cmdq": 3, "read": {"device_start": -1, "device_end": -1}}, "FFC_sans_bias118": {"write": {"device_start": -1, "host_queued_start": 1585660503.666729, "device_queued": -1, "device_end": -1, "host_queued_end": 1585660503.743173}, "device": "cpu", "nd_range": {"device_start": 2328279.390317745, "device_end": 2328279.458533339}, "cmdq": 2, "read": {"device_start": -1, "device_end": -1}}, "empty143": {"write": {"device_start": 1585660436.0341125, "host_queued_start": 1585660503.462811, "device_queued": 1585660436.0335734, "device_end": 1585660436.0342078, "host_queued_end": 1585660503.491364}, "device": "gpu", "nd_range": {"device_start": 1585660436.0342174, "device_end": 1585660436.0342207}, "cmdq": 0, "read": {"device_start": -1, "device_end": -1}}, "FFC_sans_bias115": {"write": {"device_start": -1, "host_queued_start": 1585660503.740173, "device_queued": -1, "device_end": -1, "host_queued_end": 1585660503.743173}, "device": "cpu", "nd_range": {"device_start": 2328280.8021380403, "device_end": 2328280.9300305103}, "cmdq": 0, "read": {"device_start": -1, "device_end": -1}}, "FFC_sans_bias114": {"write": {"device_start": -1, "host_queued_start": 1585660503.700326, "device_queued": -1, "device_end": -1, "host_queued_end": 1585660503.743173}, "device": "cpu", "nd_range": {"device_start": 2328280.341790121, "device_end": 2328280.464381794}, "cmdq": 2, "read": {"device_start": -1, "device_end": -1}}, "FFC_sans_bias117": {"write": {"device_start": -1, "host_queued_start": 1585660503.663432, "device_queued": -1, "device_end": -1, "host_queued_end": 1585660503.743173}, "device": "cpu", "nd_range": {"device_start": 2328279.067368926, "device_end": 2328279.2557226093}, "cmdq": 1, "read": {"device_start": -1, "device_end": -1}}, "softmax5": {"write": {"device_start": -1, "host_queued_start": 1585660503.685691, "device_queued": -1, "device_end": -1, "host_queued_end": 1585660503.743173}, "device": "cpu", "nd_range": {"device_start": 2328279.897600801, "device_end": 2328279.89831529}, "cmdq": 0, "read": {"device_start": -1, "device_end": -1}}, "FFC_sans_bias110": {"write": {"device_start": -1, "host_queued_start": 1585660503.660116, "device_queued": -1, "device_end": -1, "host_queued_end": 1585660503.743173}, "device": "cpu", "nd_range": {"device_start": 2328279.204635567, "device_end": 2328279.307635224}, "cmdq": 0, "read": {"device_start": -1, "device_end": -1}}, "FFC_sans_bias112": {"write": {"device_start": -1, "host_queued_start": 1585660503.684533, "device_queued": -1, "device_end": -1, "host_queued_end": 1585660503.743173}, "device": "cpu", "nd_range": {"device_start": 2328279.9048319682, "device_end": 2328279.96959188}, "cmdq": 2, "read": {"device_start": -1, "device_end": -1}}, "empty53": {"write": {"device_start": -1, "host_queued_start": 1585660503.508974, "device_queued": -1, "device_end": -1, "host_queued_end": 1585660503.743173}, "device": "cpu", "nd_range": {"device_start": 2328277.932851213, "device_end": 2328277.932852407}, "cmdq": 1, "read": {"device_start": -1, "device_end": -1}}, "coalesced_transpose48": {"write": {"device_start": -1, "host_queued_start": 1585660503.672071, "device_queued": -1, "device_end": -1, "host_queued_end": 1585660503.743173}, "device": "cpu", "nd_range": {"device_start": 2328279.264058037, "device_end": 2328279.272957193}, "cmdq": 1, "read": {"device_start": -1, "device_end": -1}}}