{"FFC_sans_bias4": {"write": {"device_start": -1, "host_queued_start": 1585660364.296279, "device_queued": -1, "device_end": -1, "host_queued_end": 1585660364.306129}, "device": "cpu", "nd_range": {"device_start": 2328138.7116132923, "device_end": 2328138.768246023}, "cmdq": 1, "read": {"device_start": -1, "device_end": -1}}, "FFC_sans_bias7": {"write": {"device_start": -1, "host_queued_start": 1585660364.302908, "device_queued": -1, "device_end": -1, "host_queued_end": 1585660364.306129}, "device": "cpu", "nd_range": {"device_start": 2328138.848626301, "device_end": 2328138.9059554473}, "cmdq": 1, "read": {"device_start": -1, "device_end": -1}}, "FFC_sans_bias6": {"write": {"device_start": -1, "host_queued_start": 1585660364.298671, "device_queued": -1, "device_end": -1, "host_queued_end": 1585660364.306129}, "device": "cpu", "nd_range": {"device_start": 2328138.7872946863, "device_end": 2328138.848396105}, "cmdq": 2, "read": {"device_start": -1, "device_end": -1}}, "FFC_sans_bias1": {"write": {"device_start": -1, "host_queued_start": 1585660364.280363, "device_queued": -1, "device_end": -1, "host_queued_end": 1585660364.306129}, "device": "cpu", "nd_range": {"device_start": 2328138.495835549, "device_end": 2328138.631137559}, "cmdq": 0, "read": {"device_start": -1, "device_end": -1}}, "FFC_sans_bias0": {"write": {"device_start": -1, "host_queued_start": 1585660364.276767, "device_queued": -1, "device_end": -1, "host_queued_end": 1585660364.306129}, "device": "cpu", "nd_range": {"device_start": 2328138.495828314, "device_end": 2328138.6230456904}, "cmdq": 2, "read": {"device_start": -1, "device_end": -1}}, "FFC_sans_bias2": {"write": {"device_start": -1, "host_queued_start": 1585660364.283766, "device_queued": -1, "device_end": -1, "host_queued_end": 1585660364.306129}, "device": "cpu", "nd_range": {"device_start": 2328138.4958302453, "device_end": 2328138.560091754}, "cmdq": 1, "read": {"device_start": -1, "device_end": -1}}, "coalesced_transpose120": {"write": {"device_start": -1, "host_queued_start": 1585660364.199368, "device_queued": -1, "device_end": -1, "host_queued_end": 1585660364.265074}, "device": "gpu", "nd_range": {"device_start": 1585660296.973513, "device_end": 1585660296.9735308}, "cmdq": 0, "read": {"device_start": -1, "device_end": -1}}, "FFC_sans_bias9": {"write": {"device_start": -1, "host_queued_start": 1585660364.287449, "device_queued": -1, "device_end": -1, "host_queued_end": 1585660364.306129}, "device": "cpu", "nd_range": {"device_start": 2328138.6311401613, "device_end": 2328138.70993351}, "cmdq": 2, "read": {"device_start": -1, "device_end": -1}}, "empty71": {"write": {"device_start": 1585660296.8132586, "host_queued_start": 1585660364.0245, "device_queued": 1585660296.812199, "device_end": 1585660296.8133657, "host_queued_end": 1585660364.265074}, "device": "gpu", "nd_range": {"device_start": 1585660296.8133738, "device_end": 1585660296.8133771}, "cmdq": 0, "read": {"device_start": -1, "device_end": -1}}, "softmax41": {"write": {"device_start": -1, "host_queued_start": 1585660364.205793, "device_queued": -1, "device_end": -1, "host_queued_end": 1585660364.265074}, "device": "gpu", "nd_range": {"device_start": 1585660297.0212183, "device_end": 1585660297.0216396}, "cmdq": 0, "read": {"device_start": -1, "device_end": -1}}, "FFC_sans_bias37": {"write": {"device_start": 1585660296.8435986, "host_queued_start": 1585660364.07491, "device_queued": 1585660296.816571, "device_end": 1585660296.843692, "host_queued_end": 1585660364.265074}, "device": "gpu", "nd_range": {"device_start": 1585660296.843695, "device_end": 1585660296.847049}, "cmdq": 0, "read": {"device_start": -1, "device_end": -1}}, "FFC_sans_bias36": {"write": {"device_start": 1585660296.8397639, "host_queued_start": 1585660364.071408, "device_queued": 1585660296.8162878, "device_end": 1585660296.8398657, "host_queued_end": 1585660364.265074}, "device": "gpu", "nd_range": {"device_start": 1585660296.839869, "device_end": 1585660296.843228}, "cmdq": 0, "read": {"device_start": -1, "device_end": -1}}, "FFC_sans_bias34": {"write": {"device_start": 1585660297.077228, "host_queued_start": 1585660364.225366, "device_queued": 1585660296.8328319, "device_end": 1585660297.0773165, "host_queued_end": 1585660364.265074}, "device": "gpu", "nd_range": {"device_start": 1585660297.077322, "device_end": 1585660297.0806422}, "cmdq": 0, "read": {"device_start": 1585660297.080648, "device_end": 1585660297.080733}}, "FFC_sans_bias33": {"write": {"device_start": -1, "host_queued_start": 1585660364.21128, "device_queued": -1, "device_end": -1, "host_queued_end": 1585660364.265074}, "device": "gpu", "nd_range": {"device_start": 1585660297.0296104, "device_end": 1585660297.032948}, "cmdq": 0, "read": {"device_start": -1, "device_end": -1}}, "FFC_sans_bias31": {"write": {"device_start": -1, "host_queued_start": 1585660364.200708, "device_queued": -1, "device_end": -1, "host_queued_end": 1585660364.265074}, "device": "gpu", "nd_range": {"device_start": 1585660296.9769034, "device_end": 1585660296.9802384}, "cmdq": 0, "read": {"device_start": -1, "device_end": -1}}, "FFC_sans_bias38": {"write": {"device_start": 1585660296.8474224, "host_queued_start": 1585660364.078636, "device_queued": 1585660296.8168478, "device_end": 1585660296.8475277, "host_queued_end": 1585660364.265074}, "device": "gpu", "nd_range": {"device_start": 1585660296.8475337, "device_end": 1585660296.8509076}, "cmdq": 0, "read": {"device_start": -1, "device_end": -1}}, "coalesced_transpose75": {"write": {"device_start": -1, "host_queued_start": 1585660364.197714, "device_queued": -1, "device_end": -1, "host_queued_end": 1585660364.265074}, "device": "gpu", "nd_range": {"device_start": 1585660296.9734156, "device_end": 1585660296.9734335}, "cmdq": 0, "read": {"device_start": -1, "device_end": -1}}, "softmax140": {"write": {"device_start": -1, "host_queued_start": 1585660364.210042, "device_queued": -1, "device_end": -1, "host_queued_end": 1585660364.265074}, "device": "gpu", "nd_range": {"device_start": 1585660297.0258586, "device_end": 1585660297.0262787}, "cmdq": 0, "read": {"device_start": -1, "device_end": -1}}, "empty44": {"write": {"device_start": 1585660296.812083, "host_queued_start": 1585660364.014522, "device_queued": 1585660296.8114665, "device_end": 1585660296.8121755, "host_queued_end": 1585660364.265074}, "device": "gpu", "nd_range": {"device_start": 1585660296.812183, "device_end": 1585660296.812193}, "cmdq": 0, "read": {"device_start": -1, "device_end": -1}}, "FFC_sans_bias137": {"write": {"device_start": 1585660296.9661756, "host_queued_start": 1585660364.192008, "device_queued": 1585660296.8248634, "device_end": 1585660296.9662654, "host_queued_end": 1585660364.265074}, "device": "gpu", "nd_range": {"device_start": 1585660296.9662714, "device_end": 1585660296.9696066}, "cmdq": 0, "read": {"device_start": -1, "device_end": -1}}, "empty8": {"write": {"device_start": -1, "host_queued_start": 1585660364.270046, "device_queued": -1, "device_end": -1, "host_queued_end": 1585660364.306129}, "device": "cpu", "nd_range": {"device_start": 2328138.495798917, "device_end": 2328138.495818266}, "cmdq": 0, "read": {"device_start": -1, "device_end": -1}}, "softmax50": {"write": {"device_start": -1, "host_queued_start": 1585660364.206041, "device_queued": -1, "device_end": -1, "host_queued_end": 1585660364.265074}, "device": "gpu", "nd_range": {"device_start": 1585660297.0216405, "device_end": 1585660297.0220618}, "cmdq": 0, "read": {"device_start": -1, "device_end": -1}}, "softmax59": {"write": {"device_start": -1, "host_queued_start": 1585660364.206386, "device_queued": -1, "device_end": -1, "host_queued_end": 1585660364.265074}, "device": "gpu", "nd_range": {"device_start": 1585660297.022063, "device_end": 1585660297.0224853}, "cmdq": 0, "read": {"device_start": -1, "device_end": -1}}, "FFC_sans_bias142": {"write": {"device_start": 1585660297.1244485, "host_queued_start": 1585660364.264949, "device_queued": 1585660296.8365245, "device_end": 1585660297.124545, "host_queued_end": 1585660364.265074}, "device": "gpu", "nd_range": {"device_start": 1585660297.1245482, "device_end": 1585660297.127875}, "cmdq": 0, "read": {"device_start": 1585660297.1278832, "device_end": 1585660297.1279712}}, "FFC_sans_bias141": {"write": {"device_start": -1, "host_queued_start": 1585660364.218643, "device_queued": -1, "device_end": -1, "host_queued_end": 1585660364.265074}, "device": "gpu", "nd_range": {"device_start": 1585660297.0696967, "device_end": 1585660297.0730405}, "cmdq": 0, "read": {"device_start": -1, "device_end": -1}}, "FFC_sans_bias24": {"write": {"device_start": -1, "host_queued_start": 1585660364.210675, "device_queued": -1, "device_end": -1, "host_queued_end": 1585660364.265074}, "device": "gpu", "nd_range": {"device_start": 1585660297.0262797, "device_end": 1585660297.029609}, "cmdq": 0, "read": {"device_start": -1, "device_end": -1}}, "FFC_sans_bias25": {"write": {"device_start": 1585660297.0732994, "host_queued_start": 1585660364.222191, "device_queued": 1585660296.8325667, "device_end": 1585660297.0733883, "host_queued_end": 1585660364.265074}, "device": "gpu", "nd_range": {"device_start": 1585660297.073395, "device_end": 1585660297.076709}, "cmdq": 0, "read": {"device_start": 1585660297.0767124, "device_end": 1585660297.0768023}}, "FFC_sans_bias27": {"write": {"device_start": 1585660296.8281353, "host_queued_start": 1585660364.060919, "device_queued": 1585660296.8151314, "device_end": 1585660296.8282301, "host_queued_end": 1585660364.265074}, "device": "gpu", "nd_range": {"device_start": 1585660296.8282392, "device_end": 1585660296.8315642}, "cmdq": 0, "read": {"device_start": -1, "device_end": -1}}, "FFC_sans_bias20": {"write": {"device_start": 1585660296.824394, "host_queued_start": 1585660364.057193, "device_queued": 1585660296.814769, "device_end": 1585660296.8244832, "host_queued_end": 1585660364.265074}, "device": "gpu", "nd_range": {"device_start": 1585660296.8244872, "device_end": 1585660296.8278093}, "cmdq": 0, "read": {"device_start": -1, "device_end": -1}}, "FFC_sans_bias22": {"write": {"device_start": -1, "host_queued_start": 1585660364.200337, "device_queued": -1, "device_end": -1, "host_queued_end": 1585660364.265074}, "device": "gpu", "nd_range": {"device_start": 1585660296.97357, "device_end": 1585660296.9769022}, "cmdq": 0, "read": {"device_start": -1, "device_end": -1}}, "FFC_sans_bias130": {"write": {"device_start": -1, "host_queued_start": 1585660364.204636, "device_queued": -1, "device_end": -1, "host_queued_end": 1585660364.265074}, "device": "gpu", "nd_range": {"device_start": 1585660297.0136664, "device_end": 1585660297.0170252}, "cmdq": 0, "read": {"device_start": -1, "device_end": -1}}, "FFC_sans_bias28": {"write": {"device_start": 1585660296.8320012, "host_queued_start": 1585660364.064409, "device_queued": 1585660296.8155313, "device_end": 1585660296.8321474, "host_queued_end": 1585660364.265074}, "device": "gpu", "nd_range": {"device_start": 1585660296.8321512, "device_end": 1585660296.8355186}, "cmdq": 0, "read": {"device_start": -1, "device_end": -1}}, "FFC_sans_bias29": {"write": {"device_start": 1585660296.8359268, "host_queued_start": 1585660364.067899, "device_queued": 1585660296.8159, "device_end": 1585660296.8360815, "host_queued_end": 1585660364.265074}, "device": "gpu", "nd_range": {"device_start": 1585660296.8360918, "device_end": 1585660296.8394253}, "cmdq": 0, "read": {"device_start": -1, "device_end": -1}}, "coalesced_transpose66": {"write": {"device_start": -1, "host_queued_start": 1585660364.197405, "device_queued": -1, "device_end": -1, "host_queued_end": 1585660364.265074}, "device": "gpu", "nd_range": {"device_start": 1585660296.9733956, "device_end": 1585660296.9734144}, "cmdq": 0, "read": {"device_start": -1, "device_end": -1}}, "coalesced_transpose93": {"write": {"device_start": -1, "host_queued_start": 1585660364.198401, "device_queued": -1, "device_end": -1, "host_queued_end": 1585660364.265074}, "device": "gpu", "nd_range": {"device_start": 1585660296.9734547, "device_end": 1585660296.9734726}, "cmdq": 0, "read": {"device_start": -1, "device_end": -1}}, "softmax23": {"write": {"device_start": -1, "host_queued_start": 1585660364.205282, "device_queued": -1, "device_end": -1, "host_queued_end": 1585660364.265074}, "device": "gpu", "nd_range": {"device_start": 1585660297.0203745, "device_end": 1585660297.0207968}, "cmdq": 0, "read": {"device_start": -1, "device_end": -1}}, "empty62": {"write": {"device_start": 1585660296.8128304, "host_queued_start": 1585660364.021399, "device_queued": 1585660296.8119457, "device_end": 1585660296.8129246, "host_queued_end": 1585660364.265074}, "device": "gpu", "nd_range": {"device_start": 1585660296.81294, "device_end": 1585660296.8129432}, "cmdq": 0, "read": {"device_start": -1, "device_end": -1}}, "FFC_sans_bias10": {"write": {"device_start": -1, "host_queued_start": 1585660364.291328, "device_queued": -1, "device_end": -1, "host_queued_end": 1585660364.306129}, "device": "cpu", "nd_range": {"device_start": 2328138.633829384, "device_end": 2328138.730123612}, "cmdq": 0, "read": {"device_start": -1, "device_end": -1}}, "FFC_sans_bias13": {"write": {"device_start": -1, "host_queued_start": 1585660364.296863, "device_queued": -1, "device_end": -1, "host_queued_end": 1585660364.306129}, "device": "cpu", "nd_range": {"device_start": 2328138.743427404, "device_end": 2328138.7872628532}, "cmdq": 2, "read": {"device_start": -1, "device_end": -1}}, "FFC_sans_bias15": {"write": {"device_start": -1, "host_queued_start": 1585660364.299262, "device_queued": -1, "device_end": -1, "host_queued_end": 1585660364.306129}, "device": "cpu", "nd_range": {"device_start": 2328138.803342016, "device_end": 2328138.880883677}, "cmdq": 0, "read": {"device_start": -1, "device_end": -1}}, "FFC_sans_bias16": {"write": {"device_start": -1, "host_queued_start": 1585660364.306009, "device_queued": -1, "device_end": -1, "host_queued_end": 1585660364.306129}, "device": "cpu", "nd_range": {"device_start": 2328138.881107257, "device_end": 2328138.9352093632}, "cmdq": 2, "read": {"device_start": -1, "device_end": -1}}, "FFC_sans_bias19": {"write": {"device_start": 1585660296.8206754, "host_queued_start": 1585660364.053485, "device_queued": 1585660296.814341, "device_end": 1585660296.8207753, "host_queued_end": 1585660364.265074}, "device": "gpu", "nd_range": {"device_start": 1585660296.8207803, "device_end": 1585660296.8241057}, "cmdq": 0, "read": {"device_start": -1, "device_end": -1}}, "FFC_sans_bias18": {"write": {"device_start": 1585660296.8169703, "host_queued_start": 1585660364.049991, "device_queued": 1585660296.8139358, "device_end": 1585660296.817069, "host_queued_end": 1585660364.265074}, "device": "gpu", "nd_range": {"device_start": 1585660296.8170846, "device_end": 1585660296.820402}, "cmdq": 0, "read": {"device_start": -1, "device_end": -1}}, "FFC_sans_bias99": {"write": {"device_start": 1585660296.9184582, "host_queued_start": 1585660364.145898, "device_queued": 1585660296.8216317, "device_end": 1585660296.9185529, "host_queued_end": 1585660364.265074}, "device": "gpu", "nd_range": {"device_start": 1585660296.9185612, "device_end": 1585660296.9218857}, "cmdq": 0, "read": {"device_start": -1, "device_end": -1}}, "FFC_sans_bias91": {"write": {"device_start": 1585660296.9111254, "host_queued_start": 1585660364.13886, "device_queued": 1585660296.8211603, "device_end": 1585660296.9112136, "host_queued_end": 1585660364.265074}, "device": "gpu", "nd_range": {"device_start": 1585660296.911216, "device_end": 1585660296.914548}, "cmdq": 0, "read": {"device_start": -1, "device_end": -1}}, "FFC_sans_bias90": {"write": {"device_start": 1585660296.90748, "host_queued_start": 1585660364.135312, "device_queued": 1585660296.8209352, "device_end": 1585660296.9075718, "host_queued_end": 1585660364.265074}, "device": "gpu", "nd_range": {"device_start": 1585660296.9075778, "device_end": 1585660296.9109082}, "cmdq": 0, "read": {"device_start": -1, "device_end": -1}}, "coalesced_transpose12": {"write": {"device_start": -1, "host_queued_start": 1585660364.295691, "device_queued": -1, "device_end": -1, "host_queued_end": 1585660364.306129}, "device": "cpu", "nd_range": {"device_start": 2328138.7301436523, "device_end": 2328138.73100295}, "cmdq": 0, "read": {"device_start": -1, "device_end": -1}}, "FFC_sans_bias94": {"write": {"device_start": -1, "host_queued_start": 1585660364.203265, "device_queued": -1, "device_end": -1, "host_queued_end": 1585660364.265074}, "device": "gpu", "nd_range": {"device_start": 1585660297.0002944, "device_end": 1585660297.003646}, "cmdq": 0, "read": {"device_start": -1, "device_end": -1}}, "FFC_sans_bias97": {"write": {"device_start": 1585660297.1047509, "host_queued_start": 1585660364.248458, "device_queued": 1585660296.834856, "device_end": 1585660297.1048398, "host_queued_end": 1585660364.265074}, "device": "gpu", "nd_range": {"device_start": 1585660297.1048481, "device_end": 1585660297.1081622}, "cmdq": 0, "read": {"device_start": 1585660297.108166, "device_end": 1585660297.108253}}, "FFC_sans_bias96": {"write": {"device_start": -1, "host_queued_start": 1585660364.21557, "device_queued": -1, "device_end": -1, "host_queued_end": 1585660364.265074}, "device": "gpu", "nd_range": {"device_start": 1585660297.0529532, "device_end": 1585660297.0563095}, "cmdq": 0, "read": {"device_start": -1, "device_end": -1}}, "FFC_sans_bias124": {"write": {"device_start": 1585660297.1165624, "host_queued_start": 1585660364.258314, "device_queued": 1585660296.8359208, "device_end": 1585660297.116651, "host_queued_end": 1585660364.265074}, "device": "gpu", "nd_range": {"device_start": 1585660297.116657, "device_end": 1585660297.119966}, "cmdq": 0, "read": {"device_start": 1585660297.1199749, "device_end": 1585660297.120069}}, "FFC_sans_bias126": {"write": {"device_start": 1585660296.955181, "host_queued_start": 1585660364.181454, "device_queued": 1585660296.8240998, "device_end": 1585660296.9552703, "host_queued_end": 1585660364.265074}, "device": "gpu", "nd_range": {"device_start": 1585660296.955273, "device_end": 1585660296.9586315}, "cmdq": 0, "read": {"device_start": -1, "device_end": -1}}, "softmax32": {"write": {"device_start": -1, "host_queued_start": 1585660364.205541, "device_queued": -1, "device_end": -1, "host_queued_end": 1585660364.265074}, "device": "gpu", "nd_range": {"device_start": 1585660297.0207977, "device_end": 1585660297.0212173}, "cmdq": 0, "read": {"device_start": -1, "device_end": -1}}, "coalesced_transpose84": {"write": {"device_start": -1, "host_queued_start": 1585660364.198021, "device_queued": -1, "device_end": -1, "host_queued_end": 1585660364.265074}, "device": "gpu", "nd_range": {"device_start": 1585660296.9734347, "device_end": 1585660296.9734535}, "cmdq": 0, "read": {"device_start": -1, "device_end": -1}}, "FFC_sans_bias121": {"write": {"device_start": -1, "host_queued_start": 1585660364.204317, "device_queued": -1, "device_end": -1, "host_queued_end": 1585660364.265074}, "device": "gpu", "nd_range": {"device_start": 1585660297.0103226, "device_end": 1585660297.0136652}, "cmdq": 0, "read": {"device_start": -1, "device_end": -1}}, "empty98": {"write": {"device_start": 1585660296.814601, "host_queued_start": 1585660364.032999, "device_queued": 1585660296.8127341, "device_end": 1585660296.8147488, "host_queued_end": 1585660364.265074}, "device": "gpu", "nd_range": {"device_start": 1585660296.8147633, "device_end": 1585660296.8147666}, "cmdq": 0, "read": {"device_start": -1, "device_end": -1}}, "empty107": {"write": {"device_start": 1585660296.815027, "host_queued_start": 1585660364.035819, "device_queued": 1585660296.812945, "device_end": 1585660296.8151228, "host_queued_end": 1585660364.265074}, "device": "gpu", "nd_range": {"device_start": 1585660296.815131, "device_end": 1585660296.8151343}, "cmdq": 0, "read": {"device_start": -1, "device_end": -1}}, "empty17": {"write": {"device_start": -1, "host_queued_start": 1585660364.273531, "device_queued": -1, "device_end": -1, "host_queued_end": 1585660364.306129}, "device": "cpu", "nd_range": {"device_start": 2328138.495799037, "device_end": 2328138.495808444}, "cmdq": 1, "read": {"device_start": -1, "device_end": -1}}, "FFC_sans_bias87": {"write": {"device_start": -1, "host_queued_start": 1585660364.215005, "device_queued": -1, "device_end": -1, "host_queued_end": 1585660364.265074}, "device": "gpu", "nd_range": {"device_start": 1585660297.0496135, "device_end": 1585660297.052952}, "cmdq": 0, "read": {"device_start": -1, "device_end": -1}}, "FFC_sans_bias85": {"write": {"device_start": -1, "host_queued_start": 1585660364.202945, "device_queued": -1, "device_end": -1, "host_queued_end": 1585660364.265074}, "device": "gpu", "nd_range": {"device_start": 1585660296.9969373, "device_end": 1585660297.0002935}, "cmdq": 0, "read": {"device_start": -1, "device_end": -1}}, "FFC_sans_bias82": {"write": {"device_start": 1585660296.9001513, "host_queued_start": 1585660364.128342, "device_queued": 1585660296.820424, "device_end": 1585660296.9002433, "host_queued_end": 1585660364.265074}, "device": "gpu", "nd_range": {"device_start": 1585660296.900249, "device_end": 1585660296.9035943}, "cmdq": 0, "read": {"device_start": -1, "device_end": -1}}, "FFC_sans_bias83": {"write": {"device_start": 1585660296.9038231, "host_queued_start": 1585660364.131789, "device_queued": 1585660296.820682, "device_end": 1585660296.903911, "host_queued_end": 1585660364.265074}, "device": "gpu", "nd_range": {"device_start": 1585660296.9039137, "device_end": 1585660296.9072592}, "cmdq": 0, "read": {"device_start": -1, "device_end": -1}}, "FFC_sans_bias81": {"write": {"device_start": 1585660296.896481, "host_queued_start": 1585660364.124758, "device_queued": 1585660296.8201845, "device_end": 1585660296.8965743, "host_queued_end": 1585660364.265074}, "device": "gpu", "nd_range": {"device_start": 1585660296.8965774, "device_end": 1585660296.8999193}, "cmdq": 0, "read": {"device_start": -1, "device_end": -1}}, "FFC_sans_bias88": {"write": {"device_start": 1585660297.1008308, "host_queued_start": 1585660364.245155, "device_queued": 1585660296.8345785, "device_end": 1585660297.100923, "host_queued_end": 1585660364.265074}, "device": "gpu", "nd_range": {"device_start": 1585660297.1009283, "device_end": 1585660297.1042385}, "cmdq": 0, "read": {"device_start": 1585660297.1042461, "device_end": 1585660297.104332}}, "coalesced_transpose30": {"write": {"device_start": -1, "host_queued_start": 1585660364.196175, "device_queued": -1, "device_end": -1, "host_queued_end": 1585660364.265074}, "device": "gpu", "nd_range": {"device_start": 1585660296.973317, "device_end": 1585660296.9733357}, "cmdq": 0, "read": {"device_start": -1, "device_end": -1}}, "FFC_sans_bias128": {"write": {"device_start": 1585660296.95151, "host_queued_start": 1585660364.177947, "device_queued": 1585660296.8238783, "device_end": 1585660296.951607, "host_queued_end": 1585660364.265074}, "device": "gpu", "nd_range": {"device_start": 1585660296.9516094, "device_end": 1585660296.9549553}, "cmdq": 0, "read": {"device_start": -1, "device_end": -1}}, "coalesced_transpose39": {"write": {"device_start": -1, "host_queued_start": 1585660364.196485, "device_queued": -1, "device_end": -1, "host_queued_end": 1585660364.265074}, "device": "gpu", "nd_range": {"device_start": 1585660296.9733367, "device_end": 1585660296.9733558}, "cmdq": 0, "read": {"device_start": -1, "device_end": -1}}, "FFC_sans_bias79": {"write": {"device_start": 1585660297.0968928, "host_queued_start": 1585660364.241917, "device_queued": 1585660296.8342943, "device_end": 1585660297.096981, "host_queued_end": 1585660364.265074}, "device": "gpu", "nd_range": {"device_start": 1585660297.096987, "device_end": 1585660297.1002994}, "cmdq": 0, "read": {"device_start": 1585660297.1003048, "device_end": 1585660297.1003952}}, "FFC_sans_bias78": {"write": {"device_start": -1, "host_queued_start": 1585660364.214398, "device_queued": -1, "device_end": -1, "host_queued_end": 1585660364.265074}, "device": "gpu", "nd_range": {"device_start": 1585660297.0462794, "device_end": 1585660297.0496123}, "cmdq": 0, "read": {"device_start": -1, "device_end": -1}}, "FFC_sans_bias73": {"write": {"device_start": 1585660296.889154, "host_queued_start": 1585660364.117621, "device_queued": 1585660296.8196979, "device_end": 1585660296.889244, "host_queued_end": 1585660364.265074}, "device": "gpu", "nd_range": {"device_start": 1585660296.8892522, "device_end": 1585660296.8925943}, "cmdq": 0, "read": {"device_start": -1, "device_end": -1}}, "FFC_sans_bias72": {"write": {"device_start": 1585660296.88551, "host_queued_start": 1585660364.114129, "device_queued": 1585660296.8194792, "device_end": 1585660296.8856022, "host_queued_end": 1585660364.265074}, "device": "gpu", "nd_range": {"device_start": 1585660296.8856049, "device_end": 1585660296.8889363}, "cmdq": 0, "read": {"device_start": -1, "device_end": -1}}, "FFC_sans_bias70": {"write": {"device_start": 1585660297.0929596, "host_queued_start": 1585660364.238539, "device_queued": 1585660296.834007, "device_end": 1585660297.0930479, "host_queued_end": 1585660364.265074}, "device": "gpu", "nd_range": {"device_start": 1585660297.0930557, "device_end": 1585660297.0963926}, "cmdq": 0, "read": {"device_start": 1585660297.096398, "device_end": 1585660297.096483}}, "FFC_sans_bias76": {"write": {"device_start": -1, "host_queued_start": 1585660364.202575, "device_queued": -1, "device_end": -1, "host_queued_end": 1585660364.265074}, "device": "gpu", "nd_range": {"device_start": 1585660296.9936035, "device_end": 1585660296.9969366}, "cmdq": 0, "read": {"device_start": -1, "device_end": -1}}, "FFC_sans_bias74": {"write": {"device_start": 1585660296.8928173, "host_queued_start": 1585660364.121155, "device_queued": 1585660296.8199553, "device_end": 1585660296.8929055, "host_queued_end": 1585660364.265074}, "device": "gpu", "nd_range": {"device_start": 1585660296.892912, "device_end": 1585660296.8962488}, "cmdq": 0, "read": {"device_start": -1, "device_end": -1}}, "coalesced_transpose102": {"write": {"device_start": -1, "host_queued_start": 1585660364.198753, "device_queued": -1, "device_end": -1, "host_queued_end": 1585660364.265074}, "device": "gpu", "nd_range": {"device_start": 1585660296.9734735, "device_end": 1585660296.973492}, "cmdq": 0, "read": {"device_start": -1, "device_end": -1}}, "coalesced_transpose3": {"write": {"device_start": -1, "host_queued_start": 1585660364.295112, "device_queued": -1, "device_end": -1, "host_queued_end": 1585660364.306129}, "device": "cpu", "nd_range": {"device_start": 2328138.710146301, "device_end": 2328138.711597307}, "cmdq": 2, "read": {"device_start": -1, "device_end": -1}}, "FFC_sans_bias127": {"write": {"device_start": 1585660296.9588633, "host_queued_start": 1585660364.184911, "device_queued": 1585660296.8243833, "device_end": 1585660296.9589534, "host_queued_end": 1585660364.265074}, "device": "gpu", "nd_range": {"device_start": 1585660296.9589589, "device_end": 1585660296.9623063}, "cmdq": 0, "read": {"device_start": -1, "device_end": -1}}, "empty89": {"write": {"device_start": 1585660296.814041, "host_queued_start": 1585660364.030152, "device_queued": 1585660296.8125708, "device_end": 1585660296.8141472, "host_queued_end": 1585660364.265074}, "device": "gpu", "nd_range": {"device_start": 1585660296.8141572, "device_end": 1585660296.8141606}, "cmdq": 0, "read": {"device_start": -1, "device_end": -1}}, "FFC_sans_bias123": {"write": {"device_start": -1, "host_queued_start": 1585660364.217415, "device_queued": -1, "device_end": -1, "host_queued_end": 1585660364.265074}, "device": "gpu", "nd_range": {"device_start": 1585660297.0630014, "device_end": 1585660297.066347}, "cmdq": 0, "read": {"device_start": -1, "device_end": -1}}, "empty80": {"write": {"device_start": 1585660296.8136683, "host_queued_start": 1585660364.027388, "device_queued": 1585660296.8123755, "device_end": 1585660296.8137605, "host_queued_end": 1585660364.265074}, "device": "gpu", "nd_range": {"device_start": 1585660296.813776, "device_end": 1585660296.813779}, "cmdq": 0, "read": {"device_start": -1, "device_end": -1}}, "empty116": {"write": {"device_start": 1585660296.8154192, "host_queued_start": 1585660364.038498, "device_queued": 1585660296.8131275, "device_end": 1585660296.8155198, "host_queued_end": 1585660364.265074}, "device": "gpu", "nd_range": {"device_start": 1585660296.8155262, "device_end": 1585660296.8155293}, "cmdq": 0, "read": {"device_start": -1, "device_end": -1}}, "softmax104": {"write": {"device_start": -1, "host_queued_start": 1585660364.207955, "device_queued": -1, "device_end": -1, "host_queued_end": 1585660364.265074}, "device": "gpu", "nd_range": {"device_start": 1585660297.0241716, "device_end": 1585660297.0245917}, "cmdq": 0, "read": {"device_start": -1, "device_end": -1}}, "coalesced_transpose21": {"write": {"device_start": -1, "host_queued_start": 1585660364.195841, "device_queued": -1, "device_end": -1, "host_queued_end": 1585660364.265074}, "device": "gpu", "nd_range": {"device_start": 1585660296.9732969, "device_end": 1585660296.973316}, "cmdq": 0, "read": {"device_start": -1, "device_end": -1}}, "softmax14": {"write": {"device_start": -1, "host_queued_start": 1585660364.297897, "device_queued": -1, "device_end": -1, "host_queued_end": 1585660364.306129}, "device": "cpu", "nd_range": {"device_start": 2328138.787299821, "device_end": 2328138.7956151953}, "cmdq": 1, "read": {"device_start": -1, "device_end": -1}}, "FFC_sans_bias69": {"write": {"device_start": -1, "host_queued_start": 1585660364.213742, "device_queued": -1, "device_end": -1, "host_queued_end": 1585660364.265074}, "device": "gpu", "nd_range": {"device_start": 1585660297.0429509, "device_end": 1585660297.0462785}, "cmdq": 0, "read": {"device_start": -1, "device_end": -1}}, "FFC_sans_bias92": {"write": {"device_start": 1585660296.9147758, "host_queued_start": 1585660364.142453, "device_queued": 1585660296.8213978, "device_end": 1585660296.9148715, "host_queued_end": 1585660364.265074}, "device": "gpu", "nd_range": {"device_start": 1585660296.9148757, "device_end": 1585660296.9182153}, "cmdq": 0, "read": {"device_start": -1, "device_end": -1}}, "FFC_sans_bias60": {"write": {"device_start": -1, "host_queued_start": 1585660364.213164, "device_queued": -1, "device_end": -1, "host_queued_end": 1585660364.265074}, "device": "gpu", "nd_range": {"device_start": 1585660297.0396245, "device_end": 1585660297.0429497}, "cmdq": 0, "read": {"device_start": -1, "device_end": -1}}, "FFC_sans_bias61": {"write": {"device_start": 1585660297.089036, "host_queued_start": 1585660364.235378, "device_queued": 1585660296.8337128, "device_end": 1585660297.0891254, "host_queued_end": 1585660364.265074}, "device": "gpu", "nd_range": {"device_start": 1585660297.0891309, "device_end": 1585660297.0924406}, "cmdq": 0, "read": {"device_start": 1585660297.0924487, "device_end": 1585660297.092537}}, "FFC_sans_bias63": {"write": {"device_start": 1585660296.8818276, "host_queued_start": 1585660364.110527, "device_queued": 1585660296.8191907, "device_end": 1585660296.8819208, "host_queued_end": 1585660364.265074}, "device": "gpu", "nd_range": {"device_start": 1585660296.8819265, "device_end": 1585660296.8852835}, "cmdq": 0, "read": {"device_start": -1, "device_end": -1}}, "FFC_sans_bias64": {"write": {"device_start": 1585660296.8745162, "host_queued_start": 1585660364.103555, "device_queued": 1585660296.818696, "device_end": 1585660296.8746033, "host_queued_end": 1585660364.265074}, "device": "gpu", "nd_range": {"device_start": 1585660296.874606, "device_end": 1585660296.8779511}, "cmdq": 0, "read": {"device_start": -1, "device_end": -1}}, "FFC_sans_bias65": {"write": {"device_start": 1585660296.8781679, "host_queued_start": 1585660364.107005, "device_queued": 1585660296.818932, "device_end": 1585660296.8782566, "host_queued_end": 1585660364.265074}, "device": "gpu", "nd_range": {"device_start": 1585660296.8782625, "device_end": 1585660296.881602}, "cmdq": 0, "read": {"device_start": -1, "device_end": -1}}, "FFC_sans_bias67": {"write": {"device_start": -1, "host_queued_start": 1585660364.202218, "device_queued": -1, "device_end": -1, "host_queued_end": 1585660364.265074}, "device": "gpu", "nd_range": {"device_start": 1585660296.9902782, "device_end": 1585660296.9936025}, "cmdq": 0, "read": {"device_start": -1, "device_end": -1}}, "coalesced_transpose111": {"write": {"device_start": -1, "host_queued_start": 1585660364.199063, "device_queued": -1, "device_end": -1, "host_queued_end": 1585660364.265074}, "device": "gpu", "nd_range": {"device_start": 1585660296.9734929, "device_end": 1585660296.9735117}, "cmdq": 0, "read": {"device_start": -1, "device_end": -1}}, "FFC_sans_bias136": {"write": {"device_start": 1585660296.9625251, "host_queued_start": 1585660364.188437, "device_queued": 1585660296.8246386, "device_end": 1585660296.9626157, "host_queued_end": 1585660364.265074}, "device": "gpu", "nd_range": {"device_start": 1585660296.962618, "device_end": 1585660296.9659455}, "cmdq": 0, "read": {"device_start": -1, "device_end": -1}}, "FFC_sans_bias135": {"write": {"device_start": 1585660296.9698384, "host_queued_start": 1585660364.195425, "device_queued": 1585660296.8251126, "device_end": 1585660296.9699292, "host_queued_end": 1585660364.265074}, "device": "gpu", "nd_range": {"device_start": 1585660296.969932, "device_end": 1585660296.9732957}, "cmdq": 0, "read": {"device_start": -1, "device_end": -1}}, "FFC_sans_bias133": {"write": {"device_start": 1585660297.1204774, "host_queued_start": 1585660364.261694, "device_queued": 1585660296.8362553, "device_end": 1585660297.1205657, "host_queued_end": 1585660364.265074}, "device": "gpu", "nd_range": {"device_start": 1585660297.120571, "device_end": 1585660297.1238785}, "cmdq": 0, "read": {"device_start": 1585660297.1238804, "device_end": 1585660297.1239717}}, "FFC_sans_bias132": {"write": {"device_start": -1, "host_queued_start": 1585660364.218023, "device_queued": -1, "device_end": -1, "host_queued_end": 1585660364.265074}, "device": "gpu", "nd_range": {"device_start": 1585660297.0663478, "device_end": 1585660297.0696955}, "cmdq": 0, "read": {"device_start": -1, "device_end": -1}}, "softmax68": {"write": {"device_start": -1, "host_queued_start": 1585660364.206707, "device_queued": -1, "device_end": -1, "host_queued_end": 1585660364.265074}, "device": "gpu", "nd_range": {"device_start": 1585660297.0224864, "device_end": 1585660297.0229065}, "cmdq": 0, "read": {"device_start": -1, "device_end": -1}}, "softmax131": {"write": {"device_start": -1, "host_queued_start": 1585660364.209512, "device_queued": -1, "device_end": -1, "host_queued_end": 1585660364.265074}, "device": "gpu", "nd_range": {"device_start": 1585660297.0254354, "device_end": 1585660297.0258565}, "cmdq": 0, "read": {"device_start": -1, "device_end": -1}}, "empty125": {"write": {"device_start": 1585660296.815793, "host_queued_start": 1585660364.041219, "device_queued": 1585660296.8133743, "device_end": 1585660296.8158908, "host_queued_end": 1585660364.265074}, "device": "gpu", "nd_range": {"device_start": 1585660296.815894, "device_end": 1585660296.8158975}, "cmdq": 0, "read": {"device_start": -1, "device_end": -1}}, "FFC_sans_bias139": {"write": {"device_start": -1, "host_queued_start": 1585660364.204964, "device_queued": -1, "device_end": -1, "host_queued_end": 1585660364.265074}, "device": "gpu", "nd_range": {"device_start": 1585660297.017027, "device_end": 1585660297.0203736}, "cmdq": 0, "read": {"device_start": -1, "device_end": -1}}, "empty35": {"write": {"device_start": 1585660296.811656, "host_queued_start": 1585660364.010747, "device_queued": 1585660296.8111959, "device_end": 1585660296.8117647, "host_queued_end": 1585660364.265074}, "device": "gpu", "nd_range": {"device_start": 1585660296.8117702, "device_end": 1585660296.8117733}, "cmdq": 0, "read": {"device_start": -1, "device_end": -1}}, "softmax86": {"write": {"device_start": -1, "host_queued_start": 1585660364.207207, "device_queued": -1, "device_end": -1, "host_queued_end": 1585660364.265074}, "device": "gpu", "nd_range": {"device_start": 1585660297.0233295, "device_end": 1585660297.0237498}, "cmdq": 0, "read": {"device_start": -1, "device_end": -1}}, "FFC_sans_bias55": {"write": {"device_start": 1585660296.8708606, "host_queued_start": 1585660364.099966, "device_queued": 1585660296.8184695, "device_end": 1585660296.8709533, "host_queued_end": 1585660364.265074}, "device": "gpu", "nd_range": {"device_start": 1585660296.8709583, "device_end": 1585660296.874289}, "cmdq": 0, "read": {"device_start": -1, "device_end": -1}}, "FFC_sans_bias54": {"write": {"device_start": 1585660296.8671722, "host_queued_start": 1585660364.09639, "device_queued": 1585660296.8182166, "device_end": 1585660296.8672643, "host_queued_end": 1585660364.265074}, "device": "gpu", "nd_range": {"device_start": 1585660296.86727, "device_end": 1585660296.8706284}, "cmdq": 0, "read": {"device_start": -1, "device_end": -1}}, "FFC_sans_bias56": {"write": {"device_start": 1585660296.8634992, "host_queued_start": 1585660364.092672, "device_queued": 1585660296.817911, "device_end": 1585660296.863589, "host_queued_end": 1585660364.265074}, "device": "gpu", "nd_range": {"device_start": 1585660296.8635948, "device_end": 1585660296.8669403}, "cmdq": 0, "read": {"device_start": -1, "device_end": -1}}, "FFC_sans_bias51": {"write": {"device_start": -1, "host_queued_start": 1585660364.21259, "device_queued": -1, "device_end": -1, "host_queued_end": 1585660364.265074}, "device": "gpu", "nd_range": {"device_start": 1585660297.0362794, "device_end": 1585660297.0396233}, "cmdq": 0, "read": {"device_start": -1, "device_end": -1}}, "FFC_sans_bias52": {"write": {"device_start": 1585660297.0850482, "host_queued_start": 1585660364.232065, "device_queued": 1585660296.8334255, "device_end": 1585660297.0851362, "host_queued_end": 1585660364.265074}, "device": "gpu", "nd_range": {"device_start": 1585660297.0851424, "device_end": 1585660297.0884774}, "cmdq": 0, "read": {"device_start": 1585660297.0884848, "device_end": 1585660297.0885696}}, "FFC_sans_bias58": {"write": {"device_start": -1, "host_queued_start": 1585660364.201855, "device_queued": -1, "device_end": -1, "host_queued_end": 1585660364.265074}, "device": "gpu", "nd_range": {"device_start": 1585660296.9869297, "device_end": 1585660296.9902773}, "cmdq": 0, "read": {"device_start": -1, "device_end": -1}}, "FFC_sans_bias108": {"write": {"device_start": 1585660296.9294662, "host_queued_start": 1585660364.156607, "device_queued": 1585660296.8223615, "device_end": 1585660296.9295566, "host_queued_end": 1585660364.265074}, "device": "gpu", "nd_range": {"device_start": 1585660296.9295619, "device_end": 1585660296.932894}, "cmdq": 0, "read": {"device_start": -1, "device_end": -1}}, "FFC_sans_bias109": {"write": {"device_start": 1585660296.933122, "host_queued_start": 1585660364.160146, "device_queued": 1585660296.8226807, "device_end": 1585660296.933219, "host_queued_end": 1585660364.265074}, "device": "gpu", "nd_range": {"device_start": 1585660296.9332218, "device_end": 1585660296.9365456}, "cmdq": 0, "read": {"device_start": -1, "device_end": -1}}, "coalesced_transpose129": {"write": {"device_start": -1, "host_queued_start": 1585660364.199676, "device_queued": -1, "device_end": -1, "host_queued_end": 1585660364.265074}, "device": "gpu", "nd_range": {"device_start": 1585660296.9735317, "device_end": 1585660296.9735496}, "cmdq": 0, "read": {"device_start": -1, "device_end": -1}}, "FFC_sans_bias103": {"write": {"device_start": -1, "host_queued_start": 1585660364.203645, "device_queued": -1, "device_end": -1, "host_queued_end": 1585660364.265074}, "device": "gpu", "nd_range": {"device_start": 1585660297.0036469, "device_end": 1585660297.0069737}, "cmdq": 0, "read": {"device_start": -1, "device_end": -1}}, "FFC_sans_bias100": {"write": {"device_start": 1585660296.92212, "host_queued_start": 1585660364.149474, "device_queued": 1585660296.8218653, "device_end": 1585660296.9222171, "host_queued_end": 1585660364.265074}, "device": "gpu", "nd_range": {"device_start": 1585660296.9222202, "device_end": 1585660296.9255657}, "cmdq": 0, "read": {"device_start": -1, "device_end": -1}}, "FFC_sans_bias101": {"write": {"device_start": 1585660296.9257994, "host_queued_start": 1585660364.15306, "device_queued": 1585660296.8221285, "device_end": 1585660296.9258919, "host_queued_end": 1585660364.265074}, "device": "gpu", "nd_range": {"device_start": 1585660296.9258945, "device_end": 1585660296.9292314}, "cmdq": 0, "read": {"device_start": -1, "device_end": -1}}, "FFC_sans_bias106": {"write": {"device_start": 1585660297.1086943, "host_queued_start": 1585660364.251659, "device_queued": 1585660296.8351152, "device_end": 1585660297.1087973, "host_queued_end": 1585660364.265074}, "device": "gpu", "nd_range": {"device_start": 1585660297.108803, "device_end": 1585660297.1121337}, "cmdq": 0, "read": {"device_start": 1585660297.112137, "device_end": 1585660297.1122222}}, "softmax122": {"write": {"device_start": -1, "host_queued_start": 1585660364.208947, "device_queued": -1, "device_end": -1, "host_queued_end": 1585660364.265074}, "device": "gpu", "nd_range": {"device_start": 1585660297.0250142, "device_end": 1585660297.0254345}, "cmdq": 0, "read": {"device_start": -1, "device_end": -1}}, "FFC_sans_bias105": {"write": {"device_start": -1, "host_queued_start": 1585660364.216134, "device_queued": -1, "device_end": -1, "host_queued_end": 1585660364.265074}, "device": "gpu", "nd_range": {"device_start": 1585660297.0563104, "device_end": 1585660297.0596538}, "cmdq": 0, "read": {"device_start": -1, "device_end": -1}}, "softmax95": {"write": {"device_start": -1, "host_queued_start": 1585660364.207453, "device_queued": -1, "device_end": -1, "host_queued_end": 1585660364.265074}, "device": "gpu", "nd_range": {"device_start": 1585660297.0237508, "device_end": 1585660297.0241706}, "cmdq": 0, "read": {"device_start": -1, "device_end": -1}}, "coalesced_transpose57": {"write": {"device_start": -1, "host_queued_start": 1585660364.197097, "device_queued": -1, "device_end": -1, "host_queued_end": 1585660364.265074}, "device": "gpu", "nd_range": {"device_start": 1585660296.973376, "device_end": 1585660296.9733946}, "cmdq": 0, "read": {"device_start": -1, "device_end": -1}}, "empty26": {"write": {"device_start": 1585660296.811167, "host_queued_start": 1585660364.006537, "device_queued": 1585660296.8107874, "device_end": 1585660296.8112817, "host_queued_end": 1585660364.265074}, "device": "gpu", "nd_range": {"device_start": 1585660296.8113213, "device_end": 1585660296.8113256}, "cmdq": 0, "read": {"device_start": -1, "device_end": -1}}, "softmax113": {"write": {"device_start": -1, "host_queued_start": 1585660364.208443, "device_queued": -1, "device_end": -1, "host_queued_end": 1585660364.265074}, "device": "gpu", "nd_range": {"device_start": 1585660297.0245926, "device_end": 1585660297.0250125}, "cmdq": 0, "read": {"device_start": -1, "device_end": -1}}, "FFC_sans_bias11": {"write": {"device_start": -1, "host_queued_start": 1585660364.294636, "device_queued": -1, "device_end": -1, "host_queued_end": 1585660364.306129}, "device": "cpu", "nd_range": {"device_start": 2328138.560112343, "device_end": 2328138.65428557}, "cmdq": 1, "read": {"device_start": -1, "device_end": -1}}, "FFC_sans_bias42": {"write": {"device_start": -1, "host_queued_start": 1585660364.211989, "device_queued": -1, "device_end": -1, "host_queued_end": 1585660364.265074}, "device": "gpu", "nd_range": {"device_start": 1585660297.0329492, "device_end": 1585660297.0362785}, "cmdq": 0, "read": {"device_start": -1, "device_end": -1}}, "FFC_sans_bias43": {"write": {"device_start": 1585660297.0811417, "host_queued_start": 1585660364.228732, "device_queued": 1585660296.8331344, "device_end": 1585660297.0812292, "host_queued_end": 1585660364.265074}, "device": "gpu", "nd_range": {"device_start": 1585660297.081236, "device_end": 1585660297.0845497}, "cmdq": 0, "read": {"device_start": 1585660297.0845535, "device_end": 1585660297.084639}}, "FFC_sans_bias40": {"write": {"device_start": -1, "host_queued_start": 1585660364.201071, "device_queued": -1, "device_end": -1, "host_queued_end": 1585660364.265074}, "device": "gpu", "nd_range": {"device_start": 1585660296.9802394, "device_end": 1585660296.9835877}, "cmdq": 0, "read": {"device_start": -1, "device_end": -1}}, "FFC_sans_bias46": {"write": {"device_start": 1585660296.8561068, "host_queued_start": 1585660364.085623, "device_queued": 1585660296.81745, "device_end": 1585660296.8562014, "host_queued_end": 1585660364.265074}, "device": "gpu", "nd_range": {"device_start": 1585660296.856204, "device_end": 1585660296.8595438}, "cmdq": 0, "read": {"device_start": -1, "device_end": -1}}, "FFC_sans_bias47": {"write": {"device_start": 1585660296.8598096, "host_queued_start": 1585660364.0892, "device_queued": 1585660296.8176851, "device_end": 1585660296.8599164, "host_queued_end": 1585660364.265074}, "device": "gpu", "nd_range": {"device_start": 1585660296.8599188, "device_end": 1585660296.8632615}, "cmdq": 0, "read": {"device_start": -1, "device_end": -1}}, "FFC_sans_bias45": {"write": {"device_start": 1585660296.8512418, "host_queued_start": 1585660364.082104, "device_queued": 1585660296.817226, "device_end": 1585660296.8513587, "host_queued_end": 1585660364.265074}, "device": "gpu", "nd_range": {"device_start": 1585660296.8513672, "device_end": 1585660296.8546996}, "cmdq": 0, "read": {"device_start": -1, "device_end": -1}}, "FFC_sans_bias49": {"write": {"device_start": -1, "host_queued_start": 1585660364.201496, "device_queued": -1, "device_end": -1, "host_queued_end": 1585660364.265074}, "device": "gpu", "nd_range": {"device_start": 1585660296.9835887, "device_end": 1585660296.9869277}, "cmdq": 0, "read": {"device_start": -1, "device_end": -1}}, "softmax77": {"write": {"device_start": -1, "host_queued_start": 1585660364.206955, "device_queued": -1, "device_end": -1, "host_queued_end": 1585660364.265074}, "device": "gpu", "nd_range": {"device_start": 1585660297.0229075, "device_end": 1585660297.0233283}, "cmdq": 0, "read": {"device_start": -1, "device_end": -1}}, "empty134": {"write": {"device_start": 1585660296.816171, "host_queued_start": 1585660364.044069, "device_queued": 1585660296.8135352, "device_end": 1585660296.816268, "host_queued_end": 1585660364.265074}, "device": "gpu", "nd_range": {"device_start": 1585660296.816275, "device_end": 1585660296.8162844}, "cmdq": 0, "read": {"device_start": -1, "device_end": -1}}, "coalesced_transpose138": {"write": {"device_start": -1, "host_queued_start": 1585660364.199984, "device_queued": -1, "device_end": -1, "host_queued_end": 1585660364.265074}, "device": "gpu", "nd_range": {"device_start": 1585660296.9735508, "device_end": 1585660296.9735692}, "cmdq": 0, "read": {"device_start": -1, "device_end": -1}}, "FFC_sans_bias119": {"write": {"device_start": 1585660296.9478214, "host_queued_start": 1585660364.174386, "device_queued": 1585660296.8236268, "device_end": 1585660296.9479241, "host_queued_end": 1585660364.265074}, "device": "gpu", "nd_range": {"device_start": 1585660296.9479287, "device_end": 1585660296.9512777}, "cmdq": 0, "read": {"device_start": -1, "device_end": -1}}, "FFC_sans_bias118": {"write": {"device_start": 1585660296.9441304, "host_queued_start": 1585660364.170861, "device_queued": 1585660296.8234038, "device_end": 1585660296.9442265, "host_queued_end": 1585660364.265074}, "device": "gpu", "nd_range": {"device_start": 1585660296.9442317, "device_end": 1585660296.9475787}, "cmdq": 0, "read": {"device_start": -1, "device_end": -1}}, "empty143": {"write": {"device_start": 1585660296.8165638, "host_queued_start": 1585660364.046887, "device_queued": 1585660296.8137808, "device_end": 1585660296.8166816, "host_queued_end": 1585660364.265074}, "device": "gpu", "nd_range": {"device_start": 1585660296.8166864, "device_end": 1585660296.8166897}, "cmdq": 0, "read": {"device_start": -1, "device_end": -1}}, "FFC_sans_bias115": {"write": {"device_start": 1585660297.112648, "host_queued_start": 1585660364.255023, "device_queued": 1585660296.8354454, "device_end": 1585660297.1127374, "host_queued_end": 1585660364.265074}, "device": "gpu", "nd_range": {"device_start": 1585660297.1127434, "device_end": 1585660297.116047}, "cmdq": 0, "read": {"device_start": 1585660297.1160529, "device_end": 1585660297.116138}}, "FFC_sans_bias114": {"write": {"device_start": -1, "host_queued_start": 1585660364.216792, "device_queued": -1, "device_end": -1, "host_queued_end": 1585660364.265074}, "device": "gpu", "nd_range": {"device_start": 1585660297.0596547, "device_end": 1585660297.0630002}, "cmdq": 0, "read": {"device_start": -1, "device_end": -1}}, "FFC_sans_bias117": {"write": {"device_start": 1585660296.9404578, "host_queued_start": 1585660364.167282, "device_queued": 1585660296.8231568, "device_end": 1585660296.940549, "host_queued_end": 1585660364.265074}, "device": "gpu", "nd_range": {"device_start": 1585660296.9405546, "device_end": 1585660296.9439027}, "cmdq": 0, "read": {"device_start": -1, "device_end": -1}}, "softmax5": {"write": {"device_start": -1, "host_queued_start": 1585660364.29738, "device_queued": -1, "device_end": -1, "host_queued_end": 1585660364.306129}, "device": "cpu", "nd_range": {"device_start": 2328138.774730618, "device_end": 2328138.7754373653}, "cmdq": 0, "read": {"device_start": -1, "device_end": -1}}, "FFC_sans_bias110": {"write": {"device_start": 1585660296.936773, "host_queued_start": 1585660364.163748, "device_queued": 1585660296.8229234, "device_end": 1585660296.9368694, "host_queued_end": 1585660364.265074}, "device": "gpu", "nd_range": {"device_start": 1585660296.9368753, "device_end": 1585660296.94022}, "cmdq": 0, "read": {"device_start": -1, "device_end": -1}}, "FFC_sans_bias112": {"write": {"device_start": -1, "host_queued_start": 1585660364.203993, "device_queued": -1, "device_end": -1, "host_queued_end": 1585660364.265074}, "device": "gpu", "nd_range": {"device_start": 1585660297.0069754, "device_end": 1585660297.0103216}, "cmdq": 0, "read": {"device_start": -1, "device_end": -1}}, "empty53": {"write": {"device_start": 1585660296.812468, "host_queued_start": 1585660364.017747, "device_queued": 1585660296.811656, "device_end": 1585660296.8125615, "host_queued_end": 1585660364.265074}, "device": "gpu", "nd_range": {"device_start": 1585660296.812571, "device_end": 1585660296.8125744}, "cmdq": 0, "read": {"device_start": -1, "device_end": -1}}, "coalesced_transpose48": {"write": {"device_start": -1, "host_queued_start": 1585660364.196796, "device_queued": -1, "device_end": -1, "host_queued_end": 1585660364.265074}, "device": "gpu", "nd_range": {"device_start": 1585660296.9733572, "device_end": 1585660296.973375}, "cmdq": 0, "read": {"device_start": -1, "device_end": -1}}}