{"FFC_sans_bias4": {"write": {"device_start": -1, "host_queued_start": 1585660458.721632, "device_queued": -1, "device_end": -1, "host_queued_end": 1585660458.74658}, "device": "cpu", "nd_range": {"device_start": 2328233.552024037, "device_end": 2328233.6523942742}, "cmdq": 1, "read": {"device_start": -1, "device_end": -1}}, "FFC_sans_bias7": {"write": {"device_start": -1, "host_queued_start": 1585660458.733754, "device_queued": -1, "device_end": -1, "host_queued_end": 1585660458.74658}, "device": "cpu", "nd_range": {"device_start": 2328233.7775941533, "device_end": 2328234.016469458}, "cmdq": 0, "read": {"device_start": -1, "device_end": -1}}, "FFC_sans_bias6": {"write": {"device_start": -1, "host_queued_start": 1585660458.727676, "device_queued": -1, "device_end": -1, "host_queued_end": 1585660458.74658}, "device": "cpu", "nd_range": {"device_start": 2328233.71586808, "device_end": 2328233.777574906}, "cmdq": 3, "read": {"device_start": -1, "device_end": -1}}, "FFC_sans_bias1": {"write": {"device_start": -1, "host_queued_start": 1585660458.675556, "device_queued": -1, "device_end": -1, "host_queued_end": 1585660458.74658}, "device": "cpu", "nd_range": {"device_start": 2328232.9369509583, "device_end": 2328233.0592866153}, "cmdq": 2, "read": {"device_start": -1, "device_end": -1}}, "FFC_sans_bias0": {"write": {"device_start": -1, "host_queued_start": 1585660458.671833, "device_queued": -1, "device_end": -1, "host_queued_end": 1585660458.74658}, "device": "cpu", "nd_range": {"device_start": 2328232.936257676, "device_end": 2328233.074166615}, "cmdq": 1, "read": {"device_start": -1, "device_end": -1}}, "FFC_sans_bias2": {"write": {"device_start": -1, "host_queued_start": 1585660458.678674, "device_queued": -1, "device_end": -1, "host_queued_end": 1585660458.74658}, "device": "cpu", "nd_range": {"device_start": 2328232.936272487, "device_end": 2328233.059865178}, "cmdq": 3, "read": {"device_start": -1, "device_end": -1}}, "coalesced_transpose120": {"write": {"device_start": -1, "host_queued_start": 1585660458.602714, "device_queued": -1, "device_end": -1, "host_queued_end": 1585660458.650948}, "device": "gpu", "nd_range": {"device_start": 1585660391.3310027, "device_end": 1585660391.3310206}, "cmdq": 0, "read": {"device_start": -1, "device_end": -1}}, "FFC_sans_bias9": {"write": {"device_start": -1, "host_queued_start": 1585660458.681975, "device_queued": -1, "device_end": -1, "host_queued_end": 1585660458.74658}, "device": "cpu", "nd_range": {"device_start": 2328232.936263067, "device_end": 2328233.183010905}, "cmdq": 0, "read": {"device_start": -1, "device_end": -1}}, "empty71": {"write": {"device_start": 1585660391.1953108, "host_queued_start": 1585660458.466853, "device_queued": 1585660391.1947954, "device_end": 1585660391.195405, "host_queued_end": 1585660458.650948}, "device": "gpu", "nd_range": {"device_start": 1585660391.1954129, "device_end": 1585660391.1954162}, "cmdq": 0, "read": {"device_start": -1, "device_end": -1}}, "softmax41": {"write": {"device_start": -1, "host_queued_start": 1585660458.727096, "device_queued": -1, "device_end": -1, "host_queued_end": 1585660458.74658}, "device": "cpu", "nd_range": {"device_start": 2328233.7780981623, "device_end": 2328233.778886088}, "cmdq": 2, "read": {"device_start": -1, "device_end": -1}}, "FFC_sans_bias37": {"write": {"device_start": -1, "host_queued_start": 1585660458.714797, "device_queued": -1, "device_end": -1, "host_queued_end": 1585660458.74658}, "device": "cpu", "nd_range": {"device_start": 2328233.30616794, "device_end": 2328233.428758187}, "cmdq": 2, "read": {"device_start": -1, "device_end": -1}}, "FFC_sans_bias36": {"write": {"device_start": -1, "host_queued_start": 1585660458.711564, "device_queued": -1, "device_end": -1, "host_queued_end": 1585660458.74658}, "device": "cpu", "nd_range": {"device_start": 2328233.369105028, "device_end": 2328233.486642647}, "cmdq": 1, "read": {"device_start": -1, "device_end": -1}}, "FFC_sans_bias34": {"write": {"device_start": -1, "host_queued_start": 1585660458.743366, "device_queued": -1, "device_end": -1, "host_queued_end": 1585660458.74658}, "device": "cpu", "nd_range": {"device_start": 2328234.0270627993, "device_end": 2328234.108040273}, "cmdq": 3, "read": {"device_start": -1, "device_end": -1}}, "FFC_sans_bias33": {"write": {"device_start": -1, "host_queued_start": 1585660458.729652, "device_queued": -1, "device_end": -1, "host_queued_end": 1585660458.74658}, "device": "cpu", "nd_range": {"device_start": 2328233.778900916, "device_end": 2328233.904752241}, "cmdq": 2, "read": {"device_start": -1, "device_end": -1}}, "FFC_sans_bias31": {"write": {"device_start": -1, "host_queued_start": 1585660458.723478, "device_queued": -1, "device_end": -1, "host_queued_end": 1585660458.74658}, "device": "cpu", "nd_range": {"device_start": 2328233.55290459, "device_end": 2328233.653169412}, "cmdq": 0, "read": {"device_start": -1, "device_end": -1}}, "FFC_sans_bias38": {"write": {"device_start": -1, "host_queued_start": 1585660458.718145, "device_queued": -1, "device_end": -1, "host_queued_end": 1585660458.74658}, "device": "cpu", "nd_range": {"device_start": 2328233.30868216, "device_end": 2328233.475729144}, "cmdq": 3, "read": {"device_start": -1, "device_end": -1}}, "coalesced_transpose75": {"write": {"device_start": -1, "host_queued_start": 1585660458.601182, "device_queued": -1, "device_end": -1, "host_queued_end": 1585660458.650948}, "device": "gpu", "nd_range": {"device_start": 1585660391.330905, "device_end": 1585660391.330923}, "cmdq": 0, "read": {"device_start": -1, "device_end": -1}}, "softmax140": {"write": {"device_start": -1, "host_queued_start": 1585660458.609869, "device_queued": -1, "device_end": -1, "host_queued_end": 1585660458.650948}, "device": "gpu", "nd_range": {"device_start": 1585660391.3720906, "device_end": 1585660391.3725133}, "cmdq": 0, "read": {"device_start": -1, "device_end": -1}}, "empty44": {"write": {"device_start": -1, "host_queued_start": 1585660458.668295, "device_queued": -1, "device_end": -1, "host_queued_end": 1585660458.74658}, "device": "cpu", "nd_range": {"device_start": 2328232.936256049, "device_end": 2328232.936257149}, "cmdq": 0, "read": {"device_start": -1, "device_end": -1}}, "FFC_sans_bias137": {"write": {"device_start": 1585660391.323724, "host_queued_start": 1585660458.596457, "device_queued": 1585660391.2049344, "device_end": 1585660391.323821, "host_queued_end": 1585660458.650948}, "device": "gpu", "nd_range": {"device_start": 1585660391.3238277, "device_end": 1585660391.3271806}, "cmdq": 0, "read": {"device_start": -1, "device_end": -1}}, "empty8": {"write": {"device_start": -1, "host_queued_start": 1585660458.655907, "device_queued": -1, "device_end": -1, "host_queued_end": 1585660458.74658}, "device": "cpu", "nd_range": {"device_start": 2328232.936226629, "device_end": 2328232.936236247}, "cmdq": 0, "read": {"device_start": -1, "device_end": -1}}, "softmax50": {"write": {"device_start": -1, "host_queued_start": 1585660458.607224, "device_queued": -1, "device_end": -1, "host_queued_end": 1585660458.650948}, "device": "gpu", "nd_range": {"device_start": 1585660391.3678732, "device_end": 1585660391.3682947}, "cmdq": 0, "read": {"device_start": -1, "device_end": -1}}, "softmax59": {"write": {"device_start": -1, "host_queued_start": 1585660458.607476, "device_queued": -1, "device_end": -1, "host_queued_end": 1585660458.650948}, "device": "gpu", "nd_range": {"device_start": 1585660391.3682957, "device_end": 1585660391.3687158}, "cmdq": 0, "read": {"device_start": -1, "device_end": -1}}, "FFC_sans_bias142": {"write": {"device_start": 1585660391.4494512, "host_queued_start": 1585660458.650779, "device_queued": 1585660391.2139063, "device_end": 1585660391.4495418, "host_queued_end": 1585660458.650948}, "device": "gpu", "nd_range": {"device_start": 1585660391.4495454, "device_end": 1585660391.452864}, "cmdq": 0, "read": {"device_start": 1585660391.452871, "device_end": 1585660391.4529638}}, "FFC_sans_bias141": {"write": {"device_start": -1, "host_queued_start": 1585660458.61345, "device_queued": -1, "device_end": -1, "host_queued_end": 1585660458.650948}, "device": "gpu", "nd_range": {"device_start": 1585660391.4059117, "device_end": 1585660391.4092524}, "cmdq": 0, "read": {"device_start": -1, "device_end": -1}}, "FFC_sans_bias24": {"write": {"device_start": -1, "host_queued_start": 1585660458.728945, "device_queued": -1, "device_end": -1, "host_queued_end": 1585660458.74658}, "device": "cpu", "nd_range": {"device_start": 2328233.778579037, "device_end": 2328233.9021926164}, "cmdq": 1, "read": {"device_start": -1, "device_end": -1}}, "FFC_sans_bias25": {"write": {"device_start": -1, "host_queued_start": 1585660458.740147, "device_queued": -1, "device_end": -1, "host_queued_end": 1585660458.74658}, "device": "cpu", "nd_range": {"device_start": 2328233.9047672004, "device_end": 2328234.023869173}, "cmdq": 2, "read": {"device_start": -1, "device_end": -1}}, "FFC_sans_bias27": {"write": {"device_start": -1, "host_queued_start": 1585660458.701716, "device_queued": -1, "device_end": -1, "host_queued_end": 1585660458.74658}, "device": "cpu", "nd_range": {"device_start": 2328233.1829877594, "device_end": 2328233.306151751}, "cmdq": 2, "read": {"device_start": -1, "device_end": -1}}, "FFC_sans_bias20": {"write": {"device_start": -1, "host_queued_start": 1585660458.698553, "device_queued": -1, "device_end": -1, "host_queued_end": 1585660458.74658}, "device": "cpu", "nd_range": {"device_start": 2328233.2394192084, "device_end": 2328233.3688694444}, "cmdq": 1, "read": {"device_start": -1, "device_end": -1}}, "FFC_sans_bias22": {"write": {"device_start": -1, "host_queued_start": 1585660458.722886, "device_queued": -1, "device_end": -1, "host_queued_end": 1585660458.74658}, "device": "cpu", "nd_range": {"device_start": 2328233.476619156, "device_end": 2328233.554496088}, "cmdq": 3, "read": {"device_start": -1, "device_end": -1}}, "FFC_sans_bias130": {"write": {"device_start": -1, "host_queued_start": 1585660458.606646, "device_queued": -1, "device_end": -1, "host_queued_end": 1585660458.650948}, "device": "gpu", "nd_range": {"device_start": 1585660391.3611917, "device_end": 1585660391.3645213}, "cmdq": 0, "read": {"device_start": -1, "device_end": -1}}, "FFC_sans_bias28": {"write": {"device_start": -1, "host_queued_start": 1585660458.70504, "device_queued": -1, "device_end": -1, "host_queued_end": 1585660458.74658}, "device": "cpu", "nd_range": {"device_start": 2328233.185357957, "device_end": 2328233.3086647773}, "cmdq": 3, "read": {"device_start": -1, "device_end": -1}}, "FFC_sans_bias29": {"write": {"device_start": -1, "host_queued_start": 1585660458.708254, "device_queued": -1, "device_end": -1, "host_queued_end": 1585660458.74658}, "device": "cpu", "nd_range": {"device_start": 2328233.4074628423, "device_end": 2328233.550844065}, "cmdq": 0, "read": {"device_start": -1, "device_end": -1}}, "coalesced_transpose66": {"write": {"device_start": -1, "host_queued_start": 1585660458.600844, "device_queued": -1, "device_end": -1, "host_queued_end": 1585660458.650948}, "device": "gpu", "nd_range": {"device_start": 1585660391.3308856, "device_end": 1585660391.330904}, "cmdq": 0, "read": {"device_start": -1, "device_end": -1}}, "coalesced_transpose93": {"write": {"device_start": -1, "host_queued_start": 1585660458.601791, "device_queued": -1, "device_end": -1, "host_queued_end": 1585660458.650948}, "device": "gpu", "nd_range": {"device_start": 1585660391.3309438, "device_end": 1585660391.330962}, "cmdq": 0, "read": {"device_start": -1, "device_end": -1}}, "softmax23": {"write": {"device_start": -1, "host_queued_start": 1585660458.726005, "device_queued": -1, "device_end": -1, "host_queued_end": 1585660458.74658}, "device": "cpu", "nd_range": {"device_start": 2328233.653186168, "device_end": 2328233.654017109}, "cmdq": 0, "read": {"device_start": -1, "device_end": -1}}, "empty62": {"write": {"device_start": 1585660391.1948962, "host_queued_start": 1585660458.463863, "device_queued": 1585660391.1945848, "device_end": 1585660391.1950026, "host_queued_end": 1585660458.650948}, "device": "gpu", "nd_range": {"device_start": 1585660391.1950047, "device_end": 1585660391.195008}, "cmdq": 0, "read": {"device_start": -1, "device_end": -1}}, "FFC_sans_bias10": {"write": {"device_start": -1, "host_queued_start": 1585660458.685218, "device_queued": -1, "device_end": -1, "host_queued_end": 1585660458.74658}, "device": "cpu", "nd_range": {"device_start": 2328233.0743945553, "device_end": 2328233.239176011}, "cmdq": 1, "read": {"device_start": -1, "device_end": -1}}, "FFC_sans_bias13": {"write": {"device_start": -1, "host_queued_start": 1585660458.722288, "device_queued": -1, "device_end": -1, "host_queued_end": 1585660458.74658}, "device": "cpu", "nd_range": {"device_start": 2328233.487513863, "device_end": 2328233.6103848782}, "cmdq": 2, "read": {"device_start": -1, "device_end": -1}}, "FFC_sans_bias15": {"write": {"device_start": -1, "host_queued_start": 1585660458.728265, "device_queued": -1, "device_end": -1, "host_queued_end": 1585660458.74658}, "device": "cpu", "nd_range": {"device_start": 2328233.654029693, "device_end": 2328233.746205706}, "cmdq": 0, "read": {"device_start": -1, "device_end": -1}}, "FFC_sans_bias16": {"write": {"device_start": -1, "host_queued_start": 1585660458.737045, "device_queued": -1, "device_end": -1, "host_queued_end": 1585660458.74658}, "device": "cpu", "nd_range": {"device_start": 2328233.902432859, "device_end": 2328234.036005751}, "cmdq": 1, "read": {"device_start": -1, "device_end": -1}}, "FFC_sans_bias19": {"write": {"device_start": -1, "host_queued_start": 1585660458.695046, "device_queued": -1, "device_end": -1, "host_queued_end": 1585660458.74658}, "device": "cpu", "nd_range": {"device_start": 2328233.1830298253, "device_end": 2328233.407437453}, "cmdq": 0, "read": {"device_start": -1, "device_end": -1}}, "FFC_sans_bias18": {"write": {"device_start": -1, "host_queued_start": 1585660458.691767, "device_queued": -1, "device_end": -1, "host_queued_end": 1585660458.74658}, "device": "cpu", "nd_range": {"device_start": 2328233.059900232, "device_end": 2328233.185341972}, "cmdq": 3, "read": {"device_start": -1, "device_end": -1}}, "FFC_sans_bias99": {"write": {"device_start": 1585660391.2679515, "host_queued_start": 1585660458.552318, "device_queued": 1585660391.201638, "device_end": 1585660391.2680483, "host_queued_end": 1585660458.650948}, "device": "gpu", "nd_range": {"device_start": 1585660391.2680507, "device_end": 1585660391.2714226}, "cmdq": 0, "read": {"device_start": -1, "device_end": -1}}, "FFC_sans_bias91": {"write": {"device_start": 1585660391.2599008, "host_queued_start": 1585660458.545586, "device_queued": 1585660391.2011516, "device_end": 1585660391.26001, "host_queued_end": 1585660458.650948}, "device": "gpu", "nd_range": {"device_start": 1585660391.2600129, "device_end": 1585660391.2633665}, "cmdq": 0, "read": {"device_start": -1, "device_end": -1}}, "FFC_sans_bias90": {"write": {"device_start": 1585660391.2560873, "host_queued_start": 1585660458.542057, "device_queued": 1585660391.2009017, "device_end": 1585660391.256182, "host_queued_end": 1585660458.650948}, "device": "gpu", "nd_range": {"device_start": 1585660391.2561853, "device_end": 1585660391.2595515}, "cmdq": 0, "read": {"device_start": -1, "device_end": -1}}, "coalesced_transpose12": {"write": {"device_start": -1, "host_queued_start": 1585660458.719095, "device_queued": -1, "device_end": -1, "host_queued_end": 1585660458.74658}, "device": "cpu", "nd_range": {"device_start": 2328233.486829977, "device_end": 2328233.48735941}, "cmdq": 1, "read": {"device_start": -1, "device_end": -1}}, "FFC_sans_bias94": {"write": {"device_start": -1, "host_queued_start": 1585660458.605306, "device_queued": -1, "device_end": -1, "host_queued_end": 1585660458.650948}, "device": "gpu", "nd_range": {"device_start": 1585660391.3477829, "device_end": 1585660391.3511322}, "cmdq": 0, "read": {"device_start": -1, "device_end": -1}}, "FFC_sans_bias97": {"write": {"device_start": 1585660391.4296365, "host_queued_start": 1585660458.633843, "device_queued": 1585660391.212438, "device_end": 1585660391.4297318, "host_queued_end": 1585660458.650948}, "device": "gpu", "nd_range": {"device_start": 1585660391.42974, "device_end": 1585660391.433064}, "cmdq": 0, "read": {"device_start": 1585660391.433066, "device_end": 1585660391.4331615}}, "FFC_sans_bias96": {"write": {"device_start": -1, "host_queued_start": 1585660458.611861, "device_queued": -1, "device_end": -1, "host_queued_end": 1585660458.650948}, "device": "gpu", "nd_range": {"device_start": 1585660391.3891928, "device_end": 1585660391.3925474}, "cmdq": 0, "read": {"device_start": -1, "device_end": -1}}, "FFC_sans_bias124": {"write": {"device_start": 1585660391.441564, "host_queued_start": 1585660458.644005, "device_queued": 1585660391.2133565, "device_end": 1585660391.441655, "host_queued_end": 1585660458.650948}, "device": "gpu", "nd_range": {"device_start": 1585660391.4416573, "device_end": 1585660391.4449844}, "cmdq": 0, "read": {"device_start": 1585660391.4449904, "device_end": 1585660391.4450788}}, "FFC_sans_bias126": {"write": {"device_start": 1585660391.31213, "host_queued_start": 1585660458.586259, "device_queued": 1585660391.2042046, "device_end": 1585660391.3122227, "host_queued_end": 1585660458.650948}, "device": "gpu", "nd_range": {"device_start": 1585660391.3122258, "device_end": 1585660391.3155608}, "cmdq": 0, "read": {"device_start": -1, "device_end": -1}}, "softmax32": {"write": {"device_start": -1, "host_queued_start": 1585660458.726584, "device_queued": -1, "device_end": -1, "host_queued_end": 1585660458.74658}, "device": "cpu", "nd_range": {"device_start": 2328233.777599195, "device_end": 2328233.7783912444}, "cmdq": 1, "read": {"device_start": -1, "device_end": -1}}, "coalesced_transpose84": {"write": {"device_start": -1, "host_queued_start": 1585660458.601489, "device_queued": -1, "device_end": -1, "host_queued_end": 1585660458.650948}, "device": "gpu", "nd_range": {"device_start": 1585660391.330925, "device_end": 1585660391.3309429}, "cmdq": 0, "read": {"device_start": -1, "device_end": -1}}, "FFC_sans_bias121": {"write": {"device_start": -1, "host_queued_start": 1585660458.606319, "device_queued": -1, "device_end": -1, "host_queued_end": 1585660458.650948}, "device": "gpu", "nd_range": {"device_start": 1585660391.357833, "device_end": 1585660391.3611908}, "cmdq": 0, "read": {"device_start": -1, "device_end": -1}}, "empty98": {"write": {"device_start": 1585660391.196432, "host_queued_start": 1585660458.474855, "device_queued": 1585660391.1954162, "device_end": 1585660391.1965213, "host_queued_end": 1585660458.650948}, "device": "gpu", "nd_range": {"device_start": 1585660391.196537, "device_end": 1585660391.19654}, "cmdq": 0, "read": {"device_start": -1, "device_end": -1}}, "empty107": {"write": {"device_start": 1585660391.197057, "host_queued_start": 1585660458.477514, "device_queued": 1585660391.1955795, "device_end": 1585660391.1971517, "host_queued_end": 1585660458.650948}, "device": "gpu", "nd_range": {"device_start": 1585660391.1971576, "device_end": 1585660391.1971607}, "cmdq": 0, "read": {"device_start": -1, "device_end": -1}}, "empty17": {"write": {"device_start": -1, "host_queued_start": 1585660458.659276, "device_queued": -1, "device_end": -1, "host_queued_end": 1585660458.74658}, "device": "cpu", "nd_range": {"device_start": 2328232.93623175, "device_end": 2328232.936237202}, "cmdq": 1, "read": {"device_start": -1, "device_end": -1}}, "FFC_sans_bias87": {"write": {"device_start": -1, "host_queued_start": 1585660458.611496, "device_queued": -1, "device_end": -1, "host_queued_end": 1585660458.650948}, "device": "gpu", "nd_range": {"device_start": 1585660391.3858418, "device_end": 1585660391.3891919}, "cmdq": 0, "read": {"device_start": -1, "device_end": -1}}, "FFC_sans_bias85": {"write": {"device_start": -1, "host_queued_start": 1585660458.604985, "device_queued": -1, "device_end": -1, "host_queued_end": 1585660458.650948}, "device": "gpu", "nd_range": {"device_start": 1585660391.3444223, "device_end": 1585660391.347782}, "cmdq": 0, "read": {"device_start": -1, "device_end": -1}}, "FFC_sans_bias82": {"write": {"device_start": 1585660391.2484934, "host_queued_start": 1585660458.535213, "device_queued": 1585660391.2004025, "device_end": 1585660391.2485888, "host_queued_end": 1585660458.650948}, "device": "gpu", "nd_range": {"device_start": 1585660391.2485917, "device_end": 1585660391.251958}, "cmdq": 0, "read": {"device_start": -1, "device_end": -1}}, "FFC_sans_bias83": {"write": {"device_start": 1585660391.2522964, "host_queued_start": 1585660458.538584, "device_queued": 1585660391.2006142, "device_end": 1585660391.2523932, "host_queued_end": 1585660458.650948}, "device": "gpu", "nd_range": {"device_start": 1585660391.2524004, "device_end": 1585660391.2557507}, "cmdq": 0, "read": {"device_start": -1, "device_end": -1}}, "FFC_sans_bias81": {"write": {"device_start": 1585660391.2446883, "host_queued_start": 1585660458.531841, "device_queued": 1585660391.2001808, "device_end": 1585660391.2448, "host_queued_end": 1585660458.650948}, "device": "gpu", "nd_range": {"device_start": 1585660391.2448027, "device_end": 1585660391.248159}, "cmdq": 0, "read": {"device_start": -1, "device_end": -1}}, "FFC_sans_bias88": {"write": {"device_start": 1585660391.4256604, "host_queued_start": 1585660458.630394, "device_queued": 1585660391.212161, "device_end": 1585660391.4257557, "host_queued_end": 1585660458.650948}, "device": "gpu", "nd_range": {"device_start": 1585660391.4257636, "device_end": 1585660391.4290838}, "cmdq": 0, "read": {"device_start": 1585660391.4290895, "device_end": 1585660391.429185}}, "coalesced_transpose30": {"write": {"device_start": -1, "host_queued_start": 1585660458.720312, "device_queued": -1, "device_end": -1, "host_queued_end": 1585660458.74658}, "device": "cpu", "nd_range": {"device_start": 2328233.475750402, "device_end": 2328233.4766065013}, "cmdq": 3, "read": {"device_start": -1, "device_end": -1}}, "FFC_sans_bias128": {"write": {"device_start": 1585660391.3084774, "host_queued_start": 1585660458.582895, "device_queued": 1585660391.2039685, "device_end": 1585660391.30857, "host_queued_end": 1585660458.650948}, "device": "gpu", "nd_range": {"device_start": 1585660391.3085725, "device_end": 1585660391.3119056}, "cmdq": 0, "read": {"device_start": -1, "device_end": -1}}, "coalesced_transpose39": {"write": {"device_start": -1, "host_queued_start": 1585660458.720898, "device_queued": -1, "device_end": -1, "host_queued_end": 1585660458.74658}, "device": "cpu", "nd_range": {"device_start": 2328233.551835272, "device_end": 2328233.552891847}, "cmdq": 0, "read": {"device_start": -1, "device_end": -1}}, "FFC_sans_bias79": {"write": {"device_start": 1585660391.4216983, "host_queued_start": 1585660458.627012, "device_queued": 1585660391.211883, "device_end": 1585660391.421797, "host_queued_end": 1585660458.650948}, "device": "gpu", "nd_range": {"device_start": 1585660391.4218028, "device_end": 1585660391.4251215}, "cmdq": 0, "read": {"device_start": 1585660391.4251287, "device_end": 1585660391.425227}}, "FFC_sans_bias78": {"write": {"device_start": -1, "host_queued_start": 1585660458.611168, "device_queued": -1, "device_end": -1, "host_queued_end": 1585660458.650948}, "device": "gpu", "nd_range": {"device_start": 1585660391.3825073, "device_end": 1585660391.3858404}, "cmdq": 0, "read": {"device_start": -1, "device_end": -1}}, "FFC_sans_bias73": {"write": {"device_start": 1585660391.2369816, "host_queued_start": 1585660458.525019, "device_queued": 1585660391.1997175, "device_end": 1585660391.237079, "host_queued_end": 1585660458.650948}, "device": "gpu", "nd_range": {"device_start": 1585660391.2370856, "device_end": 1585660391.2404375}, "cmdq": 0, "read": {"device_start": -1, "device_end": -1}}, "FFC_sans_bias72": {"write": {"device_start": 1585660391.233169, "host_queued_start": 1585660458.521636, "device_queued": 1585660391.1994936, "device_end": 1585660391.233269, "host_queued_end": 1585660458.650948}, "device": "gpu", "nd_range": {"device_start": 1585660391.2332747, "device_end": 1585660391.236644}, "cmdq": 0, "read": {"device_start": -1, "device_end": -1}}, "FFC_sans_bias70": {"write": {"device_start": 1585660391.4177098, "host_queued_start": 1585660458.623623, "device_queued": 1585660391.2116058, "device_end": 1585660391.4178045, "host_queued_end": 1585660458.650948}, "device": "gpu", "nd_range": {"device_start": 1585660391.4178133, "device_end": 1585660391.4211254}, "cmdq": 0, "read": {"device_start": 1585660391.4211311, "device_end": 1585660391.4212296}}, "FFC_sans_bias76": {"write": {"device_start": -1, "host_queued_start": 1585660458.604665, "device_queued": -1, "device_end": -1, "host_queued_end": 1585660458.650948}, "device": "gpu", "nd_range": {"device_start": 1585660391.341081, "device_end": 1585660391.3444211}, "cmdq": 0, "read": {"device_start": -1, "device_end": -1}}, "FFC_sans_bias74": {"write": {"device_start": 1585660391.2408483, "host_queued_start": 1585660458.528413, "device_queued": 1585660391.1999464, "device_end": 1585660391.240949, "host_queued_end": 1585660458.650948}, "device": "gpu", "nd_range": {"device_start": 1585660391.2409515, "device_end": 1585660391.244304}, "cmdq": 0, "read": {"device_start": -1, "device_end": -1}}, "coalesced_transpose102": {"write": {"device_start": -1, "host_queued_start": 1585660458.602097, "device_queued": -1, "device_end": -1, "host_queued_end": 1585660458.650948}, "device": "gpu", "nd_range": {"device_start": 1585660391.3309631, "device_end": 1585660391.3309813}, "cmdq": 0, "read": {"device_start": -1, "device_end": -1}}, "coalesced_transpose3": {"write": {"device_start": -1, "host_queued_start": 1585660458.718514, "device_queued": -1, "device_end": -1, "host_queued_end": 1585660458.74658}, "device": "cpu", "nd_range": {"device_start": 2328233.550863576, "device_end": 2328233.551815749}, "cmdq": 0, "read": {"device_start": -1, "device_end": -1}}, "FFC_sans_bias127": {"write": {"device_start": 1585660391.3157907, "host_queued_start": 1585660458.58966, "device_queued": 1585660391.2044425, "device_end": 1585660391.3158796, "host_queued_end": 1585660458.650948}, "device": "gpu", "nd_range": {"device_start": 1585660391.3158858, "device_end": 1585660391.3192434}, "cmdq": 0, "read": {"device_start": -1, "device_end": -1}}, "empty89": {"write": {"device_start": 1585660391.1960728, "host_queued_start": 1585660458.472173, "device_queued": 1585660391.1952062, "device_end": 1585660391.1961648, "host_queued_end": 1585660458.650948}, "device": "gpu", "nd_range": {"device_start": 1585660391.1961675, "device_end": 1585660391.1961715}, "cmdq": 0, "read": {"device_start": -1, "device_end": -1}}, "FFC_sans_bias123": {"write": {"device_start": -1, "host_queued_start": 1585660458.61281, "device_queued": -1, "device_end": -1, "host_queued_end": 1585660458.650948}, "device": "gpu", "nd_range": {"device_start": 1585660391.3992321, "device_end": 1585660391.402576}, "cmdq": 0, "read": {"device_start": -1, "device_end": -1}}, "empty80": {"write": {"device_start": 1585660391.1956983, "host_queued_start": 1585660458.469513, "device_queued": 1585660391.1950247, "device_end": 1585660391.1957912, "host_queued_end": 1585660458.650948}, "device": "gpu", "nd_range": {"device_start": 1585660391.1958055, "device_end": 1585660391.1958086}, "cmdq": 0, "read": {"device_start": -1, "device_end": -1}}, "empty116": {"write": {"device_start": 1585660391.1975052, "host_queued_start": 1585660458.480225, "device_queued": 1585660391.195811, "device_end": 1585660391.197622, "host_queued_end": 1585660458.650948}, "device": "gpu", "nd_range": {"device_start": 1585660391.1976264, "device_end": 1585660391.1976302}, "cmdq": 0, "read": {"device_start": -1, "device_end": -1}}, "softmax104": {"write": {"device_start": -1, "host_queued_start": 1585660458.608746, "device_queued": -1, "device_end": -1, "host_queued_end": 1585660458.650948}, "device": "gpu", "nd_range": {"device_start": 1585660391.370402, "device_end": 1585660391.3708224}, "cmdq": 0, "read": {"device_start": -1, "device_end": -1}}, "coalesced_transpose21": {"write": {"device_start": -1, "host_queued_start": 1585660458.719735, "device_queued": -1, "device_end": -1, "host_queued_end": 1585660458.74658}, "device": "cpu", "nd_range": {"device_start": 2328233.428772982, "device_end": 2328233.4296376603}, "cmdq": 2, "read": {"device_start": -1, "device_end": -1}}, "softmax14": {"write": {"device_start": -1, "host_queued_start": 1585660458.725456, "device_queued": -1, "device_end": -1, "host_queued_end": 1585660458.74658}, "device": "cpu", "nd_range": {"device_start": 2328233.610415922, "device_end": 2328233.6111600692}, "cmdq": 3, "read": {"device_start": -1, "device_end": -1}}, "FFC_sans_bias69": {"write": {"device_start": -1, "host_queued_start": 1585660458.610845, "device_queued": -1, "device_end": -1, "host_queued_end": 1585660458.650948}, "device": "gpu", "nd_range": {"device_start": 1585660391.3791778, "device_end": 1585660391.3825064}, "cmdq": 0, "read": {"device_start": -1, "device_end": -1}}, "FFC_sans_bias92": {"write": {"device_start": 1585660391.2641146, "host_queued_start": 1585660458.548965, "device_queued": 1585660391.2014067, "device_end": 1585660391.2642071, "host_queued_end": 1585660458.650948}, "device": "gpu", "nd_range": {"device_start": 1585660391.26421, "device_end": 1585660391.267556}, "cmdq": 0, "read": {"device_start": -1, "device_end": -1}}, "FFC_sans_bias60": {"write": {"device_start": -1, "host_queued_start": 1585660458.610503, "device_queued": -1, "device_end": -1, "host_queued_end": 1585660458.650948}, "device": "gpu", "nd_range": {"device_start": 1585660391.3758469, "device_end": 1585660391.3791769}, "cmdq": 0, "read": {"device_start": -1, "device_end": -1}}, "FFC_sans_bias61": {"write": {"device_start": 1585660391.4137297, "host_queued_start": 1585660458.620188, "device_queued": 1585660391.211325, "device_end": 1585660391.4138439, "host_queued_end": 1585660458.650948}, "device": "gpu", "nd_range": {"device_start": 1585660391.4138525, "device_end": 1585660391.4171665}, "cmdq": 0, "read": {"device_start": 1585660391.4171703, "device_end": 1585660391.4172742}}, "FFC_sans_bias63": {"write": {"device_start": 1585660391.2293968, "host_queued_start": 1585660458.518155, "device_queued": 1585660391.1992557, "device_end": 1585660391.2294893, "host_queued_end": 1585660458.650948}, "device": "gpu", "nd_range": {"device_start": 1585660391.2294967, "device_end": 1585660391.2328413}, "cmdq": 0, "read": {"device_start": -1, "device_end": -1}}, "FFC_sans_bias64": {"write": {"device_start": 1585660391.221792, "host_queued_start": 1585660458.511445, "device_queued": 1585660391.1984742, "device_end": 1585660391.2218895, "host_queued_end": 1585660458.650948}, "device": "gpu", "nd_range": {"device_start": 1585660391.221892, "device_end": 1585660391.2252374}, "cmdq": 0, "read": {"device_start": -1, "device_end": -1}}, "FFC_sans_bias65": {"write": {"device_start": 1585660391.2255948, "host_queued_start": 1585660458.514812, "device_queued": 1585660391.1988425, "device_end": 1585660391.2256908, "host_queued_end": 1585660458.650948}, "device": "gpu", "nd_range": {"device_start": 1585660391.2256932, "device_end": 1585660391.22906}, "cmdq": 0, "read": {"device_start": -1, "device_end": -1}}, "FFC_sans_bias67": {"write": {"device_start": -1, "host_queued_start": 1585660458.604347, "device_queued": -1, "device_end": -1, "host_queued_end": 1585660458.650948}, "device": "gpu", "nd_range": {"device_start": 1585660391.3377311, "device_end": 1585660391.34108}, "cmdq": 0, "read": {"device_start": -1, "device_end": -1}}, "coalesced_transpose111": {"write": {"device_start": -1, "host_queued_start": 1585660458.602402, "device_queued": -1, "device_end": -1, "host_queued_end": 1585660458.650948}, "device": "gpu", "nd_range": {"device_start": 1585660391.3309827, "device_end": 1585660391.3310018}, "cmdq": 0, "read": {"device_start": -1, "device_end": -1}}, "FFC_sans_bias136": {"write": {"device_start": 1585660391.319469, "host_queued_start": 1585660458.593086, "device_queued": 1585660391.204696, "device_end": 1585660391.3195615, "host_queued_end": 1585660458.650948}, "device": "gpu", "nd_range": {"device_start": 1585660391.3195686, "device_end": 1585660391.3229098}, "cmdq": 0, "read": {"device_start": -1, "device_end": -1}}, "FFC_sans_bias135": {"write": {"device_start": 1585660391.3273957, "host_queued_start": 1585660458.599823, "device_queued": 1585660391.205193, "device_end": 1585660391.3274853, "host_queued_end": 1585660458.650948}, "device": "gpu", "nd_range": {"device_start": 1585660391.3274925, "device_end": 1585660391.3308458}, "cmdq": 0, "read": {"device_start": -1, "device_end": -1}}, "FFC_sans_bias133": {"write": {"device_start": 1585660391.4455159, "host_queued_start": 1585660458.647442, "device_queued": 1585660391.2136176, "device_end": 1585660391.4456067, "host_queued_end": 1585660458.650948}, "device": "gpu", "nd_range": {"device_start": 1585660391.4456098, "device_end": 1585660391.4489255}, "cmdq": 0, "read": {"device_start": 1585660391.4489276, "device_end": 1585660391.4490228}}, "FFC_sans_bias132": {"write": {"device_start": -1, "host_queued_start": 1585660458.613134, "device_queued": -1, "device_end": -1, "host_queued_end": 1585660458.650948}, "device": "gpu", "nd_range": {"device_start": 1585660391.4025772, "device_end": 1585660391.4059103}, "cmdq": 0, "read": {"device_start": -1, "device_end": -1}}, "softmax68": {"write": {"device_start": -1, "host_queued_start": 1585660458.607725, "device_queued": -1, "device_end": -1, "host_queued_end": 1585660458.650948}, "device": "gpu", "nd_range": {"device_start": 1585660391.368717, "device_end": 1585660391.3691373}, "cmdq": 0, "read": {"device_start": -1, "device_end": -1}}, "softmax131": {"write": {"device_start": -1, "host_queued_start": 1585660458.609614, "device_queued": -1, "device_end": -1, "host_queued_end": 1585660458.650948}, "device": "gpu", "nd_range": {"device_start": 1585660391.3716676, "device_end": 1585660391.3720894}, "cmdq": 0, "read": {"device_start": -1, "device_end": -1}}, "empty125": {"write": {"device_start": 1585660391.1979651, "host_queued_start": 1585660458.48289, "device_queued": 1585660391.195976, "device_end": 1585660391.198077, "host_queued_end": 1585660458.650948}, "device": "gpu", "nd_range": {"device_start": 1585660391.1980875, "device_end": 1585660391.1980908}, "cmdq": 0, "read": {"device_start": -1, "device_end": -1}}, "FFC_sans_bias139": {"write": {"device_start": -1, "host_queued_start": 1585660458.606966, "device_queued": -1, "device_end": -1, "host_queued_end": 1585660458.650948}, "device": "gpu", "nd_range": {"device_start": 1585660391.3645225, "device_end": 1585660391.367872}, "cmdq": 0, "read": {"device_start": -1, "device_end": -1}}, "empty35": {"write": {"device_start": -1, "host_queued_start": 1585660458.665177, "device_queued": -1, "device_end": -1, "host_queued_end": 1585660458.74658}, "device": "cpu", "nd_range": {"device_start": 2328232.936249099, "device_end": 2328232.936254119}, "cmdq": 3, "read": {"device_start": -1, "device_end": -1}}, "softmax86": {"write": {"device_start": -1, "host_queued_start": 1585660458.608223, "device_queued": -1, "device_end": -1, "host_queued_end": 1585660458.650948}, "device": "gpu", "nd_range": {"device_start": 1585660391.3695593, "device_end": 1585660391.3699794}, "cmdq": 0, "read": {"device_start": -1, "device_end": -1}}, "FFC_sans_bias55": {"write": {"device_start": 1585660391.2179658, "host_queued_start": 1585660458.507986, "device_queued": 1585660391.1980863, "device_end": 1585660391.218065, "host_queued_end": 1585660458.650948}, "device": "gpu", "nd_range": {"device_start": 1585660391.2180712, "device_end": 1585660391.2214255}, "cmdq": 0, "read": {"device_start": -1, "device_end": -1}}, "FFC_sans_bias54": {"write": {"device_start": 1585660391.2141864, "host_queued_start": 1585660458.504615, "device_queued": 1585660391.1976423, "device_end": 1585660391.2142825, "host_queued_end": 1585660458.650948}, "device": "gpu", "nd_range": {"device_start": 1585660391.2142851, "device_end": 1585660391.2176273}, "cmdq": 0, "read": {"device_start": -1, "device_end": -1}}, "FFC_sans_bias56": {"write": {"device_start": 1585660391.2103639, "host_queued_start": 1585660458.501227, "device_queued": 1585660391.1973412, "device_end": 1585660391.210467, "host_queued_end": 1585660458.650948}, "device": "gpu", "nd_range": {"device_start": 1585660391.2104697, "device_end": 1585660391.2138276}, "cmdq": 0, "read": {"device_start": -1, "device_end": -1}}, "FFC_sans_bias51": {"write": {"device_start": -1, "host_queued_start": 1585660458.610184, "device_queued": -1, "device_end": -1, "host_queued_end": 1585660458.650948}, "device": "gpu", "nd_range": {"device_start": 1585660391.3725145, "device_end": 1585660391.3758454}, "cmdq": 0, "read": {"device_start": -1, "device_end": -1}}, "FFC_sans_bias52": {"write": {"device_start": 1585660391.4094918, "host_queued_start": 1585660458.616745, "device_queued": 1585660391.2110329, "device_end": 1585660391.4095855, "host_queued_end": 1585660458.650948}, "device": "gpu", "nd_range": {"device_start": 1585660391.4095879, "device_end": 1585660391.4129045}, "cmdq": 0, "read": {"device_start": 1585660391.412913, "device_end": 1585660391.4130118}}, "FFC_sans_bias58": {"write": {"device_start": -1, "host_queued_start": 1585660458.604031, "device_queued": -1, "device_end": -1, "host_queued_end": 1585660458.650948}, "device": "gpu", "nd_range": {"device_start": 1585660391.3344045, "device_end": 1585660391.3377302}, "cmdq": 0, "read": {"device_start": -1, "device_end": -1}}, "FFC_sans_bias108": {"write": {"device_start": 1585660391.2794623, "host_queued_start": 1585660458.562534, "device_queued": 1585660391.2023594, "device_end": 1585660391.2795622, "host_queued_end": 1585660458.650948}, "device": "gpu", "nd_range": {"device_start": 1585660391.2795682, "device_end": 1585660391.282937}, "cmdq": 0, "read": {"device_start": -1, "device_end": -1}}, "FFC_sans_bias109": {"write": {"device_start": 1585660391.2839239, "host_queued_start": 1585660458.565967, "device_queued": 1585660391.2026007, "device_end": 1585660391.2840214, "host_queued_end": 1585660458.650948}, "device": "gpu", "nd_range": {"device_start": 1585660391.2840266, "device_end": 1585660391.2873864}, "cmdq": 0, "read": {"device_start": -1, "device_end": -1}}, "coalesced_transpose129": {"write": {"device_start": -1, "host_queued_start": 1585660458.60302, "device_queued": -1, "device_end": -1, "host_queued_end": 1585660458.650948}, "device": "gpu", "nd_range": {"device_start": 1585660391.3310218, "device_end": 1585660391.3310404}, "cmdq": 0, "read": {"device_start": -1, "device_end": -1}}, "FFC_sans_bias103": {"write": {"device_start": -1, "host_queued_start": 1585660458.605625, "device_queued": -1, "device_end": -1, "host_queued_end": 1585660458.650948}, "device": "gpu", "nd_range": {"device_start": 1585660391.3511333, "device_end": 1585660391.3544793}, "cmdq": 0, "read": {"device_start": -1, "device_end": -1}}, "FFC_sans_bias100": {"write": {"device_start": 1585660391.2717884, "host_queued_start": 1585660458.555783, "device_queued": 1585660391.2018752, "device_end": 1585660391.2718987, "host_queued_end": 1585660458.650948}, "device": "gpu", "nd_range": {"device_start": 1585660391.2719047, "device_end": 1585660391.2752733}, "cmdq": 0, "read": {"device_start": -1, "device_end": -1}}, "FFC_sans_bias101": {"write": {"device_start": 1585660391.2756386, "host_queued_start": 1585660458.559154, "device_queued": 1585660391.2021277, "device_end": 1585660391.2757463, "host_queued_end": 1585660458.650948}, "device": "gpu", "nd_range": {"device_start": 1585660391.275749, "device_end": 1585660391.2791083}, "cmdq": 0, "read": {"device_start": -1, "device_end": -1}}, "FFC_sans_bias106": {"write": {"device_start": 1585660391.4336011, "host_queued_start": 1585660458.637204, "device_queued": 1585660391.2127151, "device_end": 1585660391.4336948, "host_queued_end": 1585660458.650948}, "device": "gpu", "nd_range": {"device_start": 1585660391.4337037, "device_end": 1585660391.43703}, "cmdq": 0, "read": {"device_start": 1585660391.437038, "device_end": 1585660391.4371364}}, "softmax122": {"write": {"device_start": -1, "host_queued_start": 1585660458.609356, "device_queued": -1, "device_end": -1, "host_queued_end": 1585660458.650948}, "device": "gpu", "nd_range": {"device_start": 1585660391.3712459, "device_end": 1585660391.371666}, "cmdq": 0, "read": {"device_start": -1, "device_end": -1}}, "FFC_sans_bias105": {"write": {"device_start": -1, "host_queued_start": 1585660458.612171, "device_queued": -1, "device_end": -1, "host_queued_end": 1585660458.650948}, "device": "gpu", "nd_range": {"device_start": 1585660391.3925495, "device_end": 1585660391.395883}, "cmdq": 0, "read": {"device_start": -1, "device_end": -1}}, "softmax95": {"write": {"device_start": -1, "host_queued_start": 1585660458.60848, "device_queued": -1, "device_end": -1, "host_queued_end": 1585660458.650948}, "device": "gpu", "nd_range": {"device_start": 1585660391.3699808, "device_end": 1585660391.3704011}, "cmdq": 0, "read": {"device_start": -1, "device_end": -1}}, "coalesced_transpose57": {"write": {"device_start": -1, "host_queued_start": 1585660458.60052, "device_queued": -1, "device_end": -1, "host_queued_end": 1585660458.650948}, "device": "gpu", "nd_range": {"device_start": 1585660391.3308663, "device_end": 1585660391.3308847}, "cmdq": 0, "read": {"device_start": -1, "device_end": -1}}, "empty26": {"write": {"device_start": -1, "host_queued_start": 1585660458.662249, "device_queued": -1, "device_end": -1, "host_queued_end": 1585660458.74658}, "device": "cpu", "nd_range": {"device_start": 2328232.93683802, "device_end": 2328232.936842145}, "cmdq": 2, "read": {"device_start": -1, "device_end": -1}}, "softmax113": {"write": {"device_start": -1, "host_queued_start": 1585660458.609029, "device_queued": -1, "device_end": -1, "host_queued_end": 1585660458.650948}, "device": "gpu", "nd_range": {"device_start": 1585660391.370824, "device_end": 1585660391.371245}, "cmdq": 0, "read": {"device_start": -1, "device_end": -1}}, "FFC_sans_bias11": {"write": {"device_start": -1, "host_queued_start": 1585660458.688495, "device_queued": -1, "device_end": -1, "host_queued_end": 1585660458.74658}, "device": "cpu", "nd_range": {"device_start": 2328233.0593111264, "device_end": 2328233.1829707883}, "cmdq": 2, "read": {"device_start": -1, "device_end": -1}}, "FFC_sans_bias42": {"write": {"device_start": -1, "host_queued_start": 1585660458.730246, "device_queued": -1, "device_end": -1, "host_queued_end": 1585660458.74658}, "device": "cpu", "nd_range": {"device_start": 2328233.7880059863, "device_end": 2328234.027039792}, "cmdq": 3, "read": {"device_start": -1, "device_end": -1}}, "FFC_sans_bias43": {"write": {"device_start": -1, "host_queued_start": 1585660458.746507, "device_queued": -1, "device_end": -1, "host_queued_end": 1585660458.74658}, "device": "cpu", "nd_range": {"device_start": 2328234.0270594163, "device_end": 2328234.109481856}, "cmdq": 0, "read": {"device_start": -1, "device_end": -1}}, "FFC_sans_bias40": {"write": {"device_start": -1, "host_queued_start": 1585660458.724252, "device_queued": -1, "device_end": -1, "host_queued_end": 1585660458.74658}, "device": "cpu", "nd_range": {"device_start": 2328233.6531230384, "device_end": 2328233.777575464}, "cmdq": 1, "read": {"device_start": -1, "device_end": -1}}, "FFC_sans_bias46": {"write": {"device_start": 1585660391.2028663, "host_queued_start": 1585660458.494439, "device_queued": 1585660391.196765, "device_end": 1585660391.202957, "host_queued_end": 1585660458.650948}, "device": "gpu", "nd_range": {"device_start": 1585660391.202962, "device_end": 1585660391.2062778}, "cmdq": 0, "read": {"device_start": -1, "device_end": -1}}, "FFC_sans_bias47": {"write": {"device_start": 1585660391.2065809, "host_queued_start": 1585660458.497796, "device_queued": 1585660391.1970036, "device_end": 1585660391.2066746, "host_queued_end": 1585660458.650948}, "device": "gpu", "nd_range": {"device_start": 1585660391.2066898, "device_end": 1585660391.2100127}, "cmdq": 0, "read": {"device_start": -1, "device_end": -1}}, "FFC_sans_bias45": {"write": {"device_start": 1585660391.1991377, "host_queued_start": 1585660458.491076, "device_queued": 1585660391.1965415, "device_end": 1585660391.199236, "host_queued_end": 1585660458.650948}, "device": "gpu", "nd_range": {"device_start": 1585660391.1992497, "device_end": 1585660391.2025652}, "cmdq": 0, "read": {"device_start": -1, "device_end": -1}}, "FFC_sans_bias49": {"write": {"device_start": -1, "host_queued_start": 1585660458.603708, "device_queued": -1, "device_end": -1, "host_queued_end": 1585660458.650948}, "device": "gpu", "nd_range": {"device_start": 1585660391.3310614, "device_end": 1585660391.3344035}, "cmdq": 0, "read": {"device_start": -1, "device_end": -1}}, "softmax77": {"write": {"device_start": -1, "host_queued_start": 1585660458.607973, "device_queued": -1, "device_end": -1, "host_queued_end": 1585660458.650948}, "device": "gpu", "nd_range": {"device_start": 1585660391.3691385, "device_end": 1585660391.3695583}, "cmdq": 0, "read": {"device_start": -1, "device_end": -1}}, "empty134": {"write": {"device_start": 1585660391.1983595, "host_queued_start": 1585660458.485546, "device_queued": 1585660391.196174, "device_end": 1585660391.1984546, "host_queued_end": 1585660458.650948}, "device": "gpu", "nd_range": {"device_start": 1585660391.198469, "device_end": 1585660391.198472}, "cmdq": 0, "read": {"device_start": -1, "device_end": -1}}, "coalesced_transpose138": {"write": {"device_start": -1, "host_queued_start": 1585660458.603336, "device_queued": -1, "device_end": -1, "host_queued_end": 1585660458.650948}, "device": "gpu", "nd_range": {"device_start": 1585660391.3310416, "device_end": 1585660391.3310604}, "cmdq": 0, "read": {"device_start": -1, "device_end": -1}}, "FFC_sans_bias119": {"write": {"device_start": 1585660391.304804, "host_queued_start": 1585660458.579477, "device_queued": 1585660391.2037334, "device_end": 1585660391.304896, "host_queued_end": 1585660458.650948}, "device": "gpu", "nd_range": {"device_start": 1585660391.304903, "device_end": 1585660391.308243}, "cmdq": 0, "read": {"device_start": -1, "device_end": -1}}, "FFC_sans_bias118": {"write": {"device_start": 1585660391.3011167, "host_queued_start": 1585660458.57604, "device_queued": 1585660391.203487, "device_end": 1585660391.3012204, "host_queued_end": 1585660458.650948}, "device": "gpu", "nd_range": {"device_start": 1585660391.301227, "device_end": 1585660391.304575}, "cmdq": 0, "read": {"device_start": -1, "device_end": -1}}, "empty143": {"write": {"device_start": 1585660391.1987352, "host_queued_start": 1585660458.488216, "device_queued": 1585660391.1963446, "device_end": 1585660391.198833, "host_queued_end": 1585660458.650948}, "device": "gpu", "nd_range": {"device_start": 1585660391.198841, "device_end": 1585660391.1988444}, "cmdq": 0, "read": {"device_start": -1, "device_end": -1}}, "FFC_sans_bias115": {"write": {"device_start": 1585660391.4375887, "host_queued_start": 1585660458.640588, "device_queued": 1585660391.2130566, "device_end": 1585660391.4376853, "host_queued_end": 1585660458.650948}, "device": "gpu", "nd_range": {"device_start": 1585660391.4376912, "device_end": 1585660391.4410093}, "cmdq": 0, "read": {"device_start": 1585660391.4410172, "device_end": 1585660391.441111}}, "FFC_sans_bias114": {"write": {"device_start": -1, "host_queued_start": 1585660458.612491, "device_queued": -1, "device_end": -1, "host_queued_end": 1585660458.650948}, "device": "gpu", "nd_range": {"device_start": 1585660391.3958843, "device_end": 1585660391.399231}, "cmdq": 0, "read": {"device_start": -1, "device_end": -1}}, "FFC_sans_bias117": {"write": {"device_start": 1585660391.2974026, "host_queued_start": 1585660458.572697, "device_queued": 1585660391.2032342, "device_end": 1585660391.2974987, "host_queued_end": 1585660458.650948}, "device": "gpu", "nd_range": {"device_start": 1585660391.2975018, "device_end": 1585660391.3008654}, "cmdq": 0, "read": {"device_start": -1, "device_end": -1}}, "softmax5": {"write": {"device_start": -1, "host_queued_start": 1585660458.724778, "device_queued": -1, "device_end": -1, "host_queued_end": 1585660458.74658}, "device": "cpu", "nd_range": {"device_start": 2328233.65289527, "device_end": 2328233.684716768}, "cmdq": 2, "read": {"device_start": -1, "device_end": -1}}, "FFC_sans_bias110": {"write": {"device_start": 1585660391.28773, "host_queued_start": 1585660458.569341, "device_queued": 1585660391.2029662, "device_end": 1585660391.287825, "host_queued_end": 1585660458.650948}, "device": "gpu", "nd_range": {"device_start": 1585660391.2878308, "device_end": 1585660391.2911797}, "cmdq": 0, "read": {"device_start": -1, "device_end": -1}}, "FFC_sans_bias112": {"write": {"device_start": -1, "host_queued_start": 1585660458.605945, "device_queued": -1, "device_end": -1, "host_queued_end": 1585660458.650948}, "device": "gpu", "nd_range": {"device_start": 1585660391.354481, "device_end": 1585660391.3578317}, "cmdq": 0, "read": {"device_start": -1, "device_end": -1}}, "empty53": {"write": {"device_start": 1585660391.1944742, "host_queued_start": 1585660458.460351, "device_queued": 1585660391.1941426, "device_end": 1585660391.194569, "host_queued_end": 1585660458.650948}, "device": "gpu", "nd_range": {"device_start": 1585660391.194572, "device_end": 1585660391.1945767}, "cmdq": 0, "read": {"device_start": -1, "device_end": -1}}, "coalesced_transpose48": {"write": {"device_start": -1, "host_queued_start": 1585660458.600192, "device_queued": -1, "device_end": -1, "host_queued_end": 1585660458.650948}, "device": "gpu", "nd_range": {"device_start": 1585660391.3308468, "device_end": 1585660391.3308651}, "cmdq": 0, "read": {"device_start": -1, "device_end": -1}}}