{"FFC_sans_bias4": {"write": {"device_start": -1, "host_queued_start": 1585660204.764653, "device_queued": -1, "device_end": -1, "host_queued_end": 1585660204.784514}, "device": "cpu", "nd_range": {"device_start": 2327979.476801534, "device_end": 2327979.519222881}, "cmdq": 0, "read": {"device_start": -1, "device_end": -1}}, "FFC_sans_bias7": {"write": {"device_start": -1, "host_queued_start": 1585660204.774802, "device_queued": -1, "device_end": -1, "host_queued_end": 1585660204.784514}, "device": "cpu", "nd_range": {"device_start": 2327979.8165821843, "device_end": 2327979.862258498}, "cmdq": 0, "read": {"device_start": -1, "device_end": -1}}, "FFC_sans_bias6": {"write": {"device_start": -1, "host_queued_start": 1585660204.76952, "device_queued": -1, "device_end": -1, "host_queued_end": 1585660204.784514}, "device": "cpu", "nd_range": {"device_start": 2327979.648234807, "device_end": 2327979.69089095}, "cmdq": 0, "read": {"device_start": -1, "device_end": -1}}, "FFC_sans_bias1": {"write": {"device_start": -1, "host_queued_start": 1585660204.72653, "device_queued": -1, "device_end": -1, "host_queued_end": 1585660204.784514}, "device": "cpu", "nd_range": {"device_start": 2327979.008420002, "device_end": 2327979.042740588}, "cmdq": 0, "read": {"device_start": -1, "device_end": -1}}, "FFC_sans_bias0": {"write": {"device_start": -1, "host_queued_start": 1585660204.722472, "device_queued": -1, "device_end": -1, "host_queued_end": 1585660204.784514}, "device": "cpu", "nd_range": {"device_start": 2327978.974159946, "device_end": 2327979.008401894}, "cmdq": 0, "read": {"device_start": -1, "device_end": -1}}, "FFC_sans_bias2": {"write": {"device_start": -1, "host_queued_start": 1585660204.730335, "device_queued": -1, "device_end": -1, "host_queued_end": 1585660204.784514}, "device": "cpu", "nd_range": {"device_start": 2327979.0427686283, "device_end": 2327979.0800236873}, "cmdq": 0, "read": {"device_start": -1, "device_end": -1}}, "coalesced_transpose120": {"write": {"device_start": -1, "host_queued_start": 1585660204.654197, "device_queued": -1, "device_end": -1, "host_queued_end": 1585660204.705692}, "device": "gpu", "nd_range": {"device_start": 1585660137.3987265, "device_end": 1585660137.398744}, "cmdq": 0, "read": {"device_start": -1, "device_end": -1}}, "FFC_sans_bias9": {"write": {"device_start": -1, "host_queued_start": 1585660204.733823, "device_queued": -1, "device_end": -1, "host_queued_end": 1585660204.784514}, "device": "cpu", "nd_range": {"device_start": 2327979.080041009, "device_end": 2327979.1220515002}, "cmdq": 0, "read": {"device_start": -1, "device_end": -1}}, "empty71": {"write": {"device_start": 1585660137.2570982, "host_queued_start": 1585660204.505406, "device_queued": 1585660137.2564456, "device_end": 1585660137.257186, "host_queued_end": 1585660204.705692}, "device": "gpu", "nd_range": {"device_start": 1585660137.2572017, "device_end": 1585660137.2572048}, "cmdq": 0, "read": {"device_start": -1, "device_end": -1}}, "softmax41": {"write": {"device_start": -1, "host_queued_start": 1585660204.65924, "device_queued": -1, "device_end": -1, "host_queued_end": 1585660204.705692}, "device": "gpu", "nd_range": {"device_start": 1585660137.438993, "device_end": 1585660137.4394147}, "cmdq": 0, "read": {"device_start": -1, "device_end": -1}}, "FFC_sans_bias37": {"write": {"device_start": 1585660137.264428, "host_queued_start": 1585660204.533869, "device_queued": 1585660137.258388, "device_end": 1585660137.2645183, "host_queued_end": 1585660204.705692}, "device": "gpu", "nd_range": {"device_start": 1585660137.2645335, "device_end": 1585660137.2678814}, "cmdq": 0, "read": {"device_start": -1, "device_end": -1}}, "FFC_sans_bias36": {"write": {"device_start": 1585660137.260674, "host_queued_start": 1585660204.530294, "device_queued": 1585660137.2580578, "device_end": 1585660137.2607715, "host_queued_end": 1585660204.705692}, "device": "gpu", "nd_range": {"device_start": 1585660137.2607808, "device_end": 1585660137.2641127}, "cmdq": 0, "read": {"device_start": -1, "device_end": -1}}, "FFC_sans_bias34": {"write": {"device_start": -1, "host_queued_start": 1585660204.784454, "device_queued": -1, "device_end": -1, "host_queued_end": 1585660204.784514}, "device": "cpu", "nd_range": {"device_start": 2327979.945713507, "device_end": 2327979.988056117}, "cmdq": 0, "read": {"device_start": -1, "device_end": -1}}, "FFC_sans_bias33": {"write": {"device_start": -1, "host_queued_start": 1585660204.771377, "device_queued": -1, "device_end": -1, "host_queued_end": 1585660204.784514}, "device": "cpu", "nd_range": {"device_start": 2327979.774899727, "device_end": 2327979.816568639}, "cmdq": 0, "read": {"device_start": -1, "device_end": -1}}, "FFC_sans_bias31": {"write": {"device_start": -1, "host_queued_start": 1585660204.766512, "device_queued": -1, "device_end": -1, "host_queued_end": 1585660204.784514}, "device": "cpu", "nd_range": {"device_start": 2327979.6042395583, "device_end": 2327979.6468238463}, "cmdq": 0, "read": {"device_start": -1, "device_end": -1}}, "FFC_sans_bias38": {"write": {"device_start": 1585660137.2681777, "host_queued_start": 1585660204.537494, "device_queued": 1585660137.2587347, "device_end": 1585660137.2682734, "host_queued_end": 1585660204.705692}, "device": "gpu", "nd_range": {"device_start": 1585660137.268278, "device_end": 1585660137.271608}, "cmdq": 0, "read": {"device_start": -1, "device_end": -1}}, "coalesced_transpose75": {"write": {"device_start": -1, "host_queued_start": 1585660204.652632, "device_queued": -1, "device_end": -1, "host_queued_end": 1585660204.705692}, "device": "gpu", "nd_range": {"device_start": 1585660137.3986285, "device_end": 1585660137.3986468}, "cmdq": 0, "read": {"device_start": -1, "device_end": -1}}, "softmax140": {"write": {"device_start": -1, "host_queued_start": 1585660204.662282, "device_queued": -1, "device_end": -1, "host_queued_end": 1585660204.705692}, "device": "gpu", "nd_range": {"device_start": 1585660137.4436386, "device_end": 1585660137.4440591}, "cmdq": 0, "read": {"device_start": -1, "device_end": -1}}, "empty44": {"write": {"device_start": 1585660137.2559288, "host_queued_start": 1585660204.496505, "device_queued": 1585660137.2555895, "device_end": 1585660137.2560267, "host_queued_end": 1585660204.705692}, "device": "gpu", "nd_range": {"device_start": 1585660137.2560298, "device_end": 1585660137.2560341}, "cmdq": 0, "read": {"device_start": -1, "device_end": -1}}, "FFC_sans_bias137": {"write": {"device_start": 1585660137.391495, "host_queued_start": 1585660204.64753, "device_queued": 1585660137.2669272, "device_end": 1585660137.391581, "host_queued_end": 1585660204.705692}, "device": "gpu", "nd_range": {"device_start": 1585660137.391584, "device_end": 1585660137.3949146}, "cmdq": 0, "read": {"device_start": -1, "device_end": -1}}, "empty8": {"write": {"device_start": -1, "host_queued_start": 1585660204.710413, "device_queued": -1, "device_end": -1, "host_queued_end": 1585660204.784514}, "device": "cpu", "nd_range": {"device_start": 2327978.974114852, "device_end": 2327978.974125266}, "cmdq": 0, "read": {"device_start": -1, "device_end": -1}}, "softmax50": {"write": {"device_start": -1, "host_queued_start": 1585660204.659522, "device_queued": -1, "device_end": -1, "host_queued_end": 1585660204.705692}, "device": "gpu", "nd_range": {"device_start": 1585660137.439416, "device_end": 1585660137.4398367}, "cmdq": 0, "read": {"device_start": -1, "device_end": -1}}, "softmax59": {"write": {"device_start": -1, "host_queued_start": 1585660204.659877, "device_queued": -1, "device_end": -1, "host_queued_end": 1585660204.705692}, "device": "gpu", "nd_range": {"device_start": 1585660137.4398377, "device_end": 1585660137.4402635}, "cmdq": 0, "read": {"device_start": -1, "device_end": -1}}, "FFC_sans_bias142": {"write": {"device_start": 1585660137.5275722, "host_queued_start": 1585660204.705574, "device_queued": 1585660137.2765498, "device_end": 1585660137.5276632, "host_queued_end": 1585660204.705692}, "device": "gpu", "nd_range": {"device_start": 1585660137.5276656, "device_end": 1585660137.53098}, "cmdq": 0, "read": {"device_start": 1585660137.5309827, "device_end": 1585660137.5310688}}, "FFC_sans_bias141": {"write": {"device_start": -1, "host_queued_start": 1585660204.666306, "device_queued": -1, "device_end": -1, "host_queued_end": 1585660204.705692}, "device": "gpu", "nd_range": {"device_start": 1585660137.4808316, "device_end": 1585660137.4841828}, "cmdq": 0, "read": {"device_start": -1, "device_end": -1}}, "FFC_sans_bias24": {"write": {"device_start": -1, "host_queued_start": 1585660204.77078, "device_queued": -1, "device_end": -1, "host_queued_end": 1585660204.784514}, "device": "cpu", "nd_range": {"device_start": 2327979.733204105, "device_end": 2327979.7748866454}, "cmdq": 0, "read": {"device_start": -1, "device_end": -1}}, "FFC_sans_bias25": {"write": {"device_start": -1, "host_queued_start": 1585660204.781216, "device_queued": -1, "device_end": -1, "host_queued_end": 1585660204.784514}, "device": "cpu", "nd_range": {"device_start": 2327979.9036857802, "device_end": 2327979.9456953593}, "cmdq": 0, "read": {"device_start": -1, "device_end": -1}}, "FFC_sans_bias27": {"write": {"device_start": -1, "host_queued_start": 1585660204.755062, "device_queued": -1, "device_end": -1, "host_queued_end": 1585660204.784514}, "device": "cpu", "nd_range": {"device_start": 2327979.3476520153, "device_end": 2327979.3904330623}, "cmdq": 0, "read": {"device_start": -1, "device_end": -1}}, "FFC_sans_bias20": {"write": {"device_start": -1, "host_queued_start": 1585660204.751475, "device_queued": -1, "device_end": -1, "host_queued_end": 1585660204.784514}, "device": "cpu", "nd_range": {"device_start": 2327979.305090065, "device_end": 2327979.3476288123}, "cmdq": 0, "read": {"device_start": -1, "device_end": -1}}, "FFC_sans_bias22": {"write": {"device_start": -1, "host_queued_start": 1585660204.765926, "device_queued": -1, "device_end": -1, "host_queued_end": 1585660204.784514}, "device": "cpu", "nd_range": {"device_start": 2327979.561827235, "device_end": 2327979.6042271773}, "cmdq": 0, "read": {"device_start": -1, "device_end": -1}}, "FFC_sans_bias130": {"write": {"device_start": -1, "host_queued_start": 1585660204.65865, "device_queued": -1, "device_end": -1, "host_queued_end": 1585660204.705692}, "device": "gpu", "nd_range": {"device_start": 1585660137.4322724, "device_end": 1585660137.435637}, "cmdq": 0, "read": {"device_start": -1, "device_end": -1}}, "FFC_sans_bias28": {"write": {"device_start": -1, "host_queued_start": 1585660204.758413, "device_queued": -1, "device_end": -1, "host_queued_end": 1585660204.784514}, "device": "cpu", "nd_range": {"device_start": 2327979.3904569433, "device_end": 2327979.4320252673}, "cmdq": 0, "read": {"device_start": -1, "device_end": -1}}, "FFC_sans_bias29": {"write": {"device_start": -1, "host_queued_start": 1585660204.761744, "device_queued": -1, "device_end": -1, "host_queued_end": 1585660204.784514}, "device": "cpu", "nd_range": {"device_start": 2327979.4320590673, "device_end": 2327979.4746603384}, "cmdq": 0, "read": {"device_start": -1, "device_end": -1}}, "coalesced_transpose66": {"write": {"device_start": -1, "host_queued_start": 1585660204.652323, "device_queued": -1, "device_end": -1, "host_queued_end": 1585660204.705692}, "device": "gpu", "nd_range": {"device_start": 1585660137.3986092, "device_end": 1585660137.3986275}, "cmdq": 0, "read": {"device_start": -1, "device_end": -1}}, "coalesced_transpose93": {"write": {"device_start": -1, "host_queued_start": 1585660204.65326, "device_queued": -1, "device_end": -1, "host_queued_end": 1585660204.705692}, "device": "gpu", "nd_range": {"device_start": 1585660137.3986676, "device_end": 1585660137.3986857}, "cmdq": 0, "read": {"device_start": -1, "device_end": -1}}, "softmax23": {"write": {"device_start": -1, "host_queued_start": 1585660204.768371, "device_queued": -1, "device_end": -1, "host_queued_end": 1585660204.784514}, "device": "cpu", "nd_range": {"device_start": 2327979.6475444473, "device_end": 2327979.6478627333}, "cmdq": 0, "read": {"device_start": -1, "device_end": -1}}, "empty62": {"write": {"device_start": 1585660137.256707, "host_queued_start": 1585660204.50278, "device_queued": 1585660137.256246, "device_end": 1585660137.2568078, "host_queued_end": 1585660204.705692}, "device": "gpu", "nd_range": {"device_start": 1585660137.2568128, "device_end": 1585660137.2568164}, "cmdq": 0, "read": {"device_start": -1, "device_end": -1}}, "FFC_sans_bias10": {"write": {"device_start": -1, "host_queued_start": 1585660204.737414, "device_queued": -1, "device_end": -1, "host_queued_end": 1585660204.784514}, "device": "cpu", "nd_range": {"device_start": 2327979.122067201, "device_end": 2327979.165946092}, "cmdq": 0, "read": {"device_start": -1, "device_end": -1}}, "FFC_sans_bias13": {"write": {"device_start": -1, "host_queued_start": 1585660204.765254, "device_queued": -1, "device_end": -1, "host_queued_end": 1585660204.784514}, "device": "cpu", "nd_range": {"device_start": 2327979.519232944, "device_end": 2327979.561807381}, "cmdq": 0, "read": {"device_start": -1, "device_end": -1}}, "FFC_sans_bias15": {"write": {"device_start": -1, "host_queued_start": 1585660204.770106, "device_queued": -1, "device_end": -1, "host_queued_end": 1585660204.784514}, "device": "cpu", "nd_range": {"device_start": 2327979.6909129363, "device_end": 2327979.733180628}, "cmdq": 0, "read": {"device_start": -1, "device_end": -1}}, "FFC_sans_bias16": {"write": {"device_start": -1, "host_queued_start": 1585660204.778064, "device_queued": -1, "device_end": -1, "host_queued_end": 1585660204.784514}, "device": "cpu", "nd_range": {"device_start": 2327979.862270649, "device_end": 2327979.903674176}, "cmdq": 0, "read": {"device_start": -1, "device_end": -1}}, "FFC_sans_bias19": {"write": {"device_start": -1, "host_queued_start": 1585660204.748041, "device_queued": -1, "device_end": -1, "host_queued_end": 1585660204.784514}, "device": "cpu", "nd_range": {"device_start": 2327979.263192059, "device_end": 2327979.305075385}, "cmdq": 0, "read": {"device_start": -1, "device_end": -1}}, "FFC_sans_bias18": {"write": {"device_start": -1, "host_queued_start": 1585660204.744501, "device_queued": -1, "device_end": -1, "host_queued_end": 1585660204.784514}, "device": "cpu", "nd_range": {"device_start": 2327979.216231148, "device_end": 2327979.263157132}, "cmdq": 0, "read": {"device_start": -1, "device_end": -1}}, "FFC_sans_bias99": {"write": {"device_start": 1585660137.3439271, "host_queued_start": 1585660204.602777, "device_queued": 1585660137.2637126, "device_end": 1585660137.3440168, "host_queued_end": 1585660204.705692}, "device": "gpu", "nd_range": {"device_start": 1585660137.3440218, "device_end": 1585660137.3473654}, "cmdq": 0, "read": {"device_start": -1, "device_end": -1}}, "FFC_sans_bias91": {"write": {"device_start": 1585660137.3328044, "host_queued_start": 1585660204.595858, "device_queued": 1585660137.263256, "device_end": 1585660137.332903, "host_queued_end": 1585660204.705692}, "device": "gpu", "nd_range": {"device_start": 1585660137.332906, "device_end": 1585660137.3362548}, "cmdq": 0, "read": {"device_start": -1, "device_end": -1}}, "FFC_sans_bias90": {"write": {"device_start": 1585660137.3290074, "host_queued_start": 1585660204.59243, "device_queued": 1585660137.2630057, "device_end": 1585660137.329106, "host_queued_end": 1585660204.705692}, "device": "gpu", "nd_range": {"device_start": 1585660137.3291125, "device_end": 1585660137.3324647}, "cmdq": 0, "read": {"device_start": -1, "device_end": -1}}, "coalesced_transpose12": {"write": {"device_start": -1, "host_queued_start": 1585660204.762696, "device_queued": -1, "device_end": -1, "host_queued_end": 1585660204.784514}, "device": "cpu", "nd_range": {"device_start": 2327979.4751576884, "device_end": 2327979.475608996}, "cmdq": 0, "read": {"device_start": -1, "device_end": -1}}, "FFC_sans_bias94": {"write": {"device_start": -1, "host_queued_start": 1585660204.65722, "device_queued": -1, "device_end": -1, "host_queued_end": 1585660204.705692}, "device": "gpu", "nd_range": {"device_start": 1585660137.4188662, "device_end": 1585660137.4222112}, "cmdq": 0, "read": {"device_start": -1, "device_end": -1}}, "FFC_sans_bias97": {"write": {"device_start": 1585660137.5079877, "host_queued_start": 1585660204.68961, "device_queued": 1585660137.2749007, "device_end": 1585660137.5080738, "host_queued_end": 1585660204.705692}, "device": "gpu", "nd_range": {"device_start": 1585660137.50808, "device_end": 1585660137.5114098}, "cmdq": 0, "read": {"device_start": 1585660137.511414, "device_end": 1585660137.5114994}}, "FFC_sans_bias96": {"write": {"device_start": -1, "host_queued_start": 1585660204.664662, "device_queued": -1, "device_end": -1, "host_queued_end": 1585660204.705692}, "device": "gpu", "nd_range": {"device_start": 1585660137.464151, "device_end": 1585660137.4674935}, "cmdq": 0, "read": {"device_start": -1, "device_end": -1}}, "FFC_sans_bias124": {"write": {"device_start": 1585660137.519726, "host_queued_start": 1585660204.699174, "device_queued": 1585660137.2759724, "device_end": 1585660137.5198123, "host_queued_end": 1585660204.705692}, "device": "gpu", "nd_range": {"device_start": 1585660137.519821, "device_end": 1585660137.5231326}, "cmdq": 0, "read": {"device_start": 1585660137.5231392, "device_end": 1585660137.5232246}}, "FFC_sans_bias126": {"write": {"device_start": 1585660137.3805358, "host_queued_start": 1585660204.637172, "device_queued": 1585660137.2661629, "device_end": 1585660137.380624, "host_queued_end": 1585660204.705692}, "device": "gpu", "nd_range": {"device_start": 1585660137.38063, "device_end": 1585660137.3839808}, "cmdq": 0, "read": {"device_start": -1, "device_end": -1}}, "softmax32": {"write": {"device_start": -1, "host_queued_start": 1585660204.768933, "device_queued": -1, "device_end": -1, "host_queued_end": 1585660204.784514}, "device": "cpu", "nd_range": {"device_start": 2327979.6478685522, "device_end": 2327979.6482287482}, "cmdq": 0, "read": {"device_start": -1, "device_end": -1}}, "coalesced_transpose84": {"write": {"device_start": -1, "host_queued_start": 1585660204.652949, "device_queued": -1, "device_end": -1, "host_queued_end": 1585660204.705692}, "device": "gpu", "nd_range": {"device_start": 1585660137.398648, "device_end": 1585660137.3986666}, "cmdq": 0, "read": {"device_start": -1, "device_end": -1}}, "FFC_sans_bias121": {"write": {"device_start": -1, "host_queued_start": 1585660204.65831, "device_queued": -1, "device_end": -1, "host_queued_end": 1585660204.705692}, "device": "gpu", "nd_range": {"device_start": 1585660137.4289272, "device_end": 1585660137.4322715}, "cmdq": 0, "read": {"device_start": -1, "device_end": -1}}, "empty98": {"write": {"device_start": 1585660137.2581334, "host_queued_start": 1585660204.513462, "device_queued": 1585660137.257007, "device_end": 1585660137.2582214, "host_queued_end": 1585660204.705692}, "device": "gpu", "nd_range": {"device_start": 1585660137.2582262, "device_end": 1585660137.2582295}, "cmdq": 0, "read": {"device_start": -1, "device_end": -1}}, "empty107": {"write": {"device_start": 1585660137.2584927, "host_queued_start": 1585660204.51612, "device_queued": 1585660137.257207, "device_end": 1585660137.2585793, "host_queued_end": 1585660204.705692}, "device": "gpu", "nd_range": {"device_start": 1585660137.2585819, "device_end": 1585660137.2585855}, "cmdq": 0, "read": {"device_start": -1, "device_end": -1}}, "empty17": {"write": {"device_start": -1, "host_queued_start": 1585660204.713773, "device_queued": -1, "device_end": -1, "host_queued_end": 1585660204.784514}, "device": "cpu", "nd_range": {"device_start": 2327978.9741422012, "device_end": 2327978.974143315}, "cmdq": 0, "read": {"device_start": -1, "device_end": -1}}, "FFC_sans_bias87": {"write": {"device_start": -1, "host_queued_start": 1585660204.66433, "device_queued": -1, "device_end": -1, "host_queued_end": 1585660204.705692}, "device": "gpu", "nd_range": {"device_start": 1585660137.4608102, "device_end": 1585660137.4641492}, "cmdq": 0, "read": {"device_start": -1, "device_end": -1}}, "FFC_sans_bias85": {"write": {"device_start": -1, "host_queued_start": 1585660204.656887, "device_queued": -1, "device_end": -1, "host_queued_end": 1585660204.705692}, "device": "gpu", "nd_range": {"device_start": 1585660137.4155443, "device_end": 1585660137.4188652}, "cmdq": 0, "read": {"device_start": -1, "device_end": -1}}, "FFC_sans_bias82": {"write": {"device_start": 1585660137.321431, "host_queued_start": 1585660204.585602, "device_queued": 1585660137.2625427, "device_end": 1585660137.3215294, "host_queued_end": 1585660204.705692}, "device": "gpu", "nd_range": {"device_start": 1585660137.321532, "device_end": 1585660137.3248675}, "cmdq": 0, "read": {"device_start": -1, "device_end": -1}}, "FFC_sans_bias83": {"write": {"device_start": 1585660137.3252044, "host_queued_start": 1585660204.589012, "device_queued": 1585660137.2627728, "device_end": 1585660137.3253012, "host_queued_end": 1585660204.705692}, "device": "gpu", "nd_range": {"device_start": 1585660137.3253071, "device_end": 1585660137.3286536}, "cmdq": 0, "read": {"device_start": -1, "device_end": -1}}, "FFC_sans_bias81": {"write": {"device_start": 1585660137.3176124, "host_queued_start": 1585660204.582219, "device_queued": 1585660137.2623153, "device_end": 1585660137.3177092, "host_queued_end": 1585660204.705692}, "device": "gpu", "nd_range": {"device_start": 1585660137.317724, "device_end": 1585660137.3210847}, "cmdq": 0, "read": {"device_start": -1, "device_end": -1}}, "FFC_sans_bias88": {"write": {"device_start": 1585660137.504071, "host_queued_start": 1585660204.686489, "device_queued": 1585660137.2746267, "device_end": 1585660137.5041583, "host_queued_end": 1585660204.705692}, "device": "gpu", "nd_range": {"device_start": 1585660137.5041635, "device_end": 1585660137.5074828}, "cmdq": 0, "read": {"device_start": 1585660137.5074892, "device_end": 1585660137.5075743}}, "coalesced_transpose30": {"write": {"device_start": -1, "host_queued_start": 1585660204.763919, "device_queued": -1, "device_end": -1, "host_queued_end": 1585660204.784514}, "device": "cpu", "nd_range": {"device_start": 2327979.47638403, "device_end": 2327979.4767941614}, "cmdq": 0, "read": {"device_start": -1, "device_end": -1}}, "FFC_sans_bias128": {"write": {"device_start": 1585660137.3768816, "host_queued_start": 1585660204.633707, "device_queued": 1585660137.2659235, "device_end": 1585660137.3769743, "host_queued_end": 1585660204.705692}, "device": "gpu", "nd_range": {"device_start": 1585660137.3769786, "device_end": 1585660137.3803277}, "cmdq": 0, "read": {"device_start": -1, "device_end": -1}}, "coalesced_transpose39": {"write": {"device_start": -1, "host_queued_start": 1585660204.651298, "device_queued": -1, "device_end": -1, "host_queued_end": 1585660204.705692}, "device": "gpu", "nd_range": {"device_start": 1585660137.3985496, "device_end": 1585660137.398569}, "cmdq": 0, "read": {"device_start": -1, "device_end": -1}}, "FFC_sans_bias79": {"write": {"device_start": 1585660137.5001593, "host_queued_start": 1585660204.683287, "device_queued": 1585660137.2743783, "device_end": 1585660137.5002465, "host_queued_end": 1585660204.705692}, "device": "gpu", "nd_range": {"device_start": 1585660137.5002534, "device_end": 1585660137.5035768}, "cmdq": 0, "read": {"device_start": 1585660137.5035794, "device_end": 1585660137.503665}}, "FFC_sans_bias78": {"write": {"device_start": -1, "host_queued_start": 1585660204.664, "device_queued": -1, "device_end": -1, "host_queued_end": 1585660204.705692}, "device": "gpu", "nd_range": {"device_start": 1585660137.457463, "device_end": 1585660137.460809}, "cmdq": 0, "read": {"device_start": -1, "device_end": -1}}, "FFC_sans_bias73": {"write": {"device_start": 1585660137.3098228, "host_queued_start": 1585660204.575216, "device_queued": 1585660137.261834, "device_end": 1585660137.3099277, "host_queued_end": 1585660204.705692}, "device": "gpu", "nd_range": {"device_start": 1585660137.309932, "device_end": 1585660137.3133073}, "cmdq": 0, "read": {"device_start": -1, "device_end": -1}}, "FFC_sans_bias72": {"write": {"device_start": 1585660137.3060248, "host_queued_start": 1585660204.571822, "device_queued": 1585660137.2615812, "device_end": 1585660137.3061182, "host_queued_end": 1585660204.705692}, "device": "gpu", "nd_range": {"device_start": 1585660137.3061213, "device_end": 1585660137.3094733}, "cmdq": 0, "read": {"device_start": -1, "device_end": -1}}, "FFC_sans_bias70": {"write": {"device_start": 1585660137.4962487, "host_queued_start": 1585660204.680117, "device_queued": 1585660137.2741199, "device_end": 1585660137.496335, "host_queued_end": 1585660204.705692}, "device": "gpu", "nd_range": {"device_start": 1585660137.496342, "device_end": 1585660137.4996536}, "cmdq": 0, "read": {"device_start": 1585660137.4996595, "device_end": 1585660137.4997463}}, "FFC_sans_bias76": {"write": {"device_start": -1, "host_queued_start": 1585660204.656552, "device_queued": -1, "device_end": -1, "host_queued_end": 1585660204.705692}, "device": "gpu", "nd_range": {"device_start": 1585660137.412193, "device_end": 1585660137.4155428}, "cmdq": 0, "read": {"device_start": -1, "device_end": -1}}, "FFC_sans_bias74": {"write": {"device_start": 1585660137.3136814, "host_queued_start": 1585660204.578668, "device_queued": 1585660137.2620828, "device_end": 1585660137.313791, "host_queued_end": 1585660204.705692}, "device": "gpu", "nd_range": {"device_start": 1585660137.3137975, "device_end": 1585660137.3171575}, "cmdq": 0, "read": {"device_start": -1, "device_end": -1}}, "coalesced_transpose102": {"write": {"device_start": -1, "host_queued_start": 1585660204.653567, "device_queued": -1, "device_end": -1, "host_queued_end": 1585660204.705692}, "device": "gpu", "nd_range": {"device_start": 1585660137.3986871, "device_end": 1585660137.3987055}, "cmdq": 0, "read": {"device_start": -1, "device_end": -1}}, "coalesced_transpose3": {"write": {"device_start": -1, "host_queued_start": 1585660204.762103, "device_queued": -1, "device_end": -1, "host_queued_end": 1585660204.784514}, "device": "cpu", "nd_range": {"device_start": 2327979.4746872294, "device_end": 2327979.475146106}, "cmdq": 0, "read": {"device_start": -1, "device_end": -1}}, "FFC_sans_bias127": {"write": {"device_start": 1585660137.384197, "host_queued_start": 1585660204.640588, "device_queued": 1585660137.2664034, "device_end": 1585660137.384283, "host_queued_end": 1585660204.705692}, "device": "gpu", "nd_range": {"device_start": 1585660137.3842857, "device_end": 1585660137.3876238}, "cmdq": 0, "read": {"device_start": -1, "device_end": -1}}, "empty89": {"write": {"device_start": 1585660137.2577934, "host_queued_start": 1585660204.510789, "device_queued": 1585660137.2568324, "device_end": 1585660137.2578807, "host_queued_end": 1585660204.705692}, "device": "gpu", "nd_range": {"device_start": 1585660137.257888, "device_end": 1585660137.257898}, "cmdq": 0, "read": {"device_start": -1, "device_end": -1}}, "FFC_sans_bias123": {"write": {"device_start": -1, "host_queued_start": 1585660204.665652, "device_queued": -1, "device_end": -1, "host_queued_end": 1585660204.705692}, "device": "gpu", "nd_range": {"device_start": 1585660137.474168, "device_end": 1585660137.4774995}, "cmdq": 0, "read": {"device_start": -1, "device_end": -1}}, "empty80": {"write": {"device_start": 1585660137.2574525, "host_queued_start": 1585660204.508094, "device_queued": 1585660137.256635, "device_end": 1585660137.2575395, "host_queued_end": 1585660204.705692}, "device": "gpu", "nd_range": {"device_start": 1585660137.2575462, "device_end": 1585660137.257549}, "cmdq": 0, "read": {"device_start": -1, "device_end": -1}}, "empty116": {"write": {"device_start": 1585660137.2588818, "host_queued_start": 1585660204.518861, "device_queued": 1585660137.2573667, "device_end": 1585660137.2590604, "host_queued_end": 1585660204.705692}, "device": "gpu", "nd_range": {"device_start": 1585660137.2590694, "device_end": 1585660137.259073}, "cmdq": 0, "read": {"device_start": -1, "device_end": -1}}, "softmax104": {"write": {"device_start": -1, "host_queued_start": 1585660204.66124, "device_queued": -1, "device_end": -1, "host_queued_end": 1585660204.705692}, "device": "gpu", "nd_range": {"device_start": 1585660137.4419515, "device_end": 1585660137.4423711}, "cmdq": 0, "read": {"device_start": -1, "device_end": -1}}, "coalesced_transpose21": {"write": {"device_start": -1, "host_queued_start": 1585660204.763327, "device_queued": -1, "device_end": -1, "host_queued_end": 1585660204.784514}, "device": "cpu", "nd_range": {"device_start": 2327979.475616646, "device_end": 2327979.4763764273}, "cmdq": 0, "read": {"device_start": -1, "device_end": -1}}, "softmax14": {"write": {"device_start": -1, "host_queued_start": 1585660204.767679, "device_queued": -1, "device_end": -1, "host_queued_end": 1585660204.784514}, "device": "cpu", "nd_range": {"device_start": 2327979.647218468, "device_end": 2327979.6475361413}, "cmdq": 0, "read": {"device_start": -1, "device_end": -1}}, "FFC_sans_bias69": {"write": {"device_start": -1, "host_queued_start": 1585660204.663646, "device_queued": -1, "device_end": -1, "host_queued_end": 1585660204.705692}, "device": "gpu", "nd_range": {"device_start": 1585660137.454101, "device_end": 1585660137.457462}, "cmdq": 0, "read": {"device_start": -1, "device_end": -1}}, "FFC_sans_bias92": {"write": {"device_start": 1585660137.3402243, "host_queued_start": 1585660204.59939, "device_queued": 1585660137.2634866, "device_end": 1585660137.3403125, "host_queued_end": 1585660204.705692}, "device": "gpu", "nd_range": {"device_start": 1585660137.3403194, "device_end": 1585660137.3436654}, "cmdq": 0, "read": {"device_start": -1, "device_end": -1}}, "FFC_sans_bias60": {"write": {"device_start": -1, "host_queued_start": 1585660204.663272, "device_queued": -1, "device_end": -1, "host_queued_end": 1585660204.705692}, "device": "gpu", "nd_range": {"device_start": 1585660137.4507658, "device_end": 1585660137.4541001}, "cmdq": 0, "read": {"device_start": -1, "device_end": -1}}, "FFC_sans_bias61": {"write": {"device_start": 1585660137.4923306, "host_queued_start": 1585660204.67663, "device_queued": 1585660137.2738369, "device_end": 1585660137.4924192, "host_queued_end": 1585660204.705692}, "device": "gpu", "nd_range": {"device_start": 1585660137.492423, "device_end": 1585660137.4957485}, "cmdq": 0, "read": {"device_start": 1585660137.495757, "device_end": 1585660137.4958427}}, "FFC_sans_bias63": {"write": {"device_start": 1585660137.302242, "host_queued_start": 1585660204.568388, "device_queued": 1585660137.2613425, "device_end": 1585660137.3023376, "host_queued_end": 1585660204.705692}, "device": "gpu", "nd_range": {"device_start": 1585660137.302344, "device_end": 1585660137.3056948}, "cmdq": 0, "read": {"device_start": -1, "device_end": -1}}, "FFC_sans_bias64": {"write": {"device_start": 1585660137.29459, "host_queued_start": 1585660204.561601, "device_queued": 1585660137.2608848, "device_end": 1585660137.2946851, "host_queued_end": 1585660204.705692}, "device": "gpu", "nd_range": {"device_start": 1585660137.294689, "device_end": 1585660137.29807}, "cmdq": 0, "read": {"device_start": -1, "device_end": -1}}, "FFC_sans_bias65": {"write": {"device_start": 1585660137.2984278, "host_queued_start": 1585660204.565001, "device_queued": 1585660137.2611156, "device_end": 1585660137.29854, "host_queued_end": 1585660204.705692}, "device": "gpu", "nd_range": {"device_start": 1585660137.2985427, "device_end": 1585660137.3019156}, "cmdq": 0, "read": {"device_start": -1, "device_end": -1}}, "FFC_sans_bias67": {"write": {"device_start": -1, "host_queued_start": 1585660204.656216, "device_queued": -1, "device_end": -1, "host_queued_end": 1585660204.705692}, "device": "gpu", "nd_range": {"device_start": 1585660137.408842, "device_end": 1585660137.4121919}, "cmdq": 0, "read": {"device_start": -1, "device_end": -1}}, "coalesced_transpose111": {"write": {"device_start": -1, "host_queued_start": 1585660204.653882, "device_queued": -1, "device_end": -1, "host_queued_end": 1585660204.705692}, "device": "gpu", "nd_range": {"device_start": 1585660137.3987072, "device_end": 1585660137.3987255}, "cmdq": 0, "read": {"device_start": -1, "device_end": -1}}, "FFC_sans_bias136": {"write": {"device_start": 1585660137.387833, "host_queued_start": 1585660204.643981, "device_queued": 1585660137.266653, "device_end": 1585660137.3879244, "host_queued_end": 1585660204.705692}, "device": "gpu", "nd_range": {"device_start": 1585660137.38793, "device_end": 1585660137.3912818}, "cmdq": 0, "read": {"device_start": -1, "device_end": -1}}, "FFC_sans_bias135": {"write": {"device_start": 1585660137.3951283, "host_queued_start": 1585660204.650943, "device_queued": 1585660137.2671645, "device_end": 1585660137.3952167, "host_queued_end": 1585660204.705692}, "device": "gpu", "nd_range": {"device_start": 1585660137.395219, "device_end": 1585660137.3985486}, "cmdq": 0, "read": {"device_start": -1, "device_end": -1}}, "FFC_sans_bias133": {"write": {"device_start": 1585660137.5236263, "host_queued_start": 1585660204.702417, "device_queued": 1585660137.2762623, "device_end": 1585660137.523712, "host_queued_end": 1585660204.705692}, "device": "gpu", "nd_range": {"device_start": 1585660137.5237205, "device_end": 1585660137.5270424}, "cmdq": 0, "read": {"device_start": 1585660137.5270476, "device_end": 1585660137.527144}}, "FFC_sans_bias132": {"write": {"device_start": -1, "host_queued_start": 1585660204.665979, "device_queued": -1, "device_end": -1, "host_queued_end": 1585660204.705692}, "device": "gpu", "nd_range": {"device_start": 1585660137.4775002, "device_end": 1585660137.4808307}, "cmdq": 0, "read": {"device_start": -1, "device_end": -1}}, "softmax68": {"write": {"device_start": -1, "host_queued_start": 1585660204.66014, "device_queued": -1, "device_end": -1, "host_queued_end": 1585660204.705692}, "device": "gpu", "nd_range": {"device_start": 1585660137.4402645, "device_end": 1585660137.4406848}, "cmdq": 0, "read": {"device_start": -1, "device_end": -1}}, "softmax131": {"write": {"device_start": -1, "host_queued_start": 1585660204.662018, "device_queued": -1, "device_end": -1, "host_queued_end": 1585660204.705692}, "device": "gpu", "nd_range": {"device_start": 1585660137.4432168, "device_end": 1585660137.4436374}, "cmdq": 0, "read": {"device_start": -1, "device_end": -1}}, "empty125": {"write": {"device_start": 1585660137.2594352, "host_queued_start": 1585660204.521524, "device_queued": 1585660137.2575488, "device_end": 1585660137.2595356, "host_queued_end": 1585660204.705692}, "device": "gpu", "nd_range": {"device_start": 1585660137.2595448, "device_end": 1585660137.259548}, "cmdq": 0, "read": {"device_start": -1, "device_end": -1}}, "FFC_sans_bias139": {"write": {"device_start": -1, "host_queued_start": 1585660204.658978, "device_queued": -1, "device_end": -1, "host_queued_end": 1585660204.705692}, "device": "gpu", "nd_range": {"device_start": 1585660137.4356387, "device_end": 1585660137.438992}, "cmdq": 0, "read": {"device_start": -1, "device_end": -1}}, "empty35": {"write": {"device_start": -1, "host_queued_start": 1585660204.719488, "device_queued": -1, "device_end": -1, "host_queued_end": 1585660204.784514}, "device": "cpu", "nd_range": {"device_start": 2327978.974153846, "device_end": 2327978.974154675}, "cmdq": 0, "read": {"device_start": -1, "device_end": -1}}, "softmax86": {"write": {"device_start": -1, "host_queued_start": 1585660204.660698, "device_queued": -1, "device_end": -1, "host_queued_end": 1585660204.705692}, "device": "gpu", "nd_range": {"device_start": 1585660137.4411073, "device_end": 1585660137.441529}, "cmdq": 0, "read": {"device_start": -1, "device_end": -1}}, "FFC_sans_bias55": {"write": {"device_start": 1585660137.2908225, "host_queued_start": 1585660204.558132, "device_queued": 1585660137.260636, "device_end": 1585660137.2909174, "host_queued_end": 1585660204.705692}, "device": "gpu", "nd_range": {"device_start": 1585660137.2909203, "device_end": 1585660137.2942657}, "cmdq": 0, "read": {"device_start": -1, "device_end": -1}}, "FFC_sans_bias54": {"write": {"device_start": 1585660137.287042, "host_queued_start": 1585660204.554699, "device_queued": 1585660137.2603054, "device_end": 1585660137.2871382, "host_queued_end": 1585660204.705692}, "device": "gpu", "nd_range": {"device_start": 1585660137.2871408, "device_end": 1585660137.290508}, "cmdq": 0, "read": {"device_start": -1, "device_end": -1}}, "FFC_sans_bias56": {"write": {"device_start": 1585660137.283251, "host_queued_start": 1585660204.551297, "device_queued": 1585660137.260018, "device_end": 1585660137.283354, "host_queued_end": 1585660204.705692}, "device": "gpu", "nd_range": {"device_start": 1585660137.2833564, "device_end": 1585660137.2867231}, "cmdq": 0, "read": {"device_start": -1, "device_end": -1}}, "FFC_sans_bias51": {"write": {"device_start": -1, "host_queued_start": 1585660204.662932, "device_queued": -1, "device_end": -1, "host_queued_end": 1585660204.705692}, "device": "gpu", "nd_range": {"device_start": 1585660137.4474227, "device_end": 1585660137.450765}, "cmdq": 0, "read": {"device_start": -1, "device_end": -1}}, "FFC_sans_bias52": {"write": {"device_start": 1585660137.4883795, "host_queued_start": 1585660204.673203, "device_queued": 1585660137.2735612, "device_end": 1585660137.4884655, "host_queued_end": 1585660204.705692}, "device": "gpu", "nd_range": {"device_start": 1585660137.4884744, "device_end": 1585660137.491815}, "cmdq": 0, "read": {"device_start": 1585660137.4918168, "device_end": 1585660137.4919124}}, "FFC_sans_bias58": {"write": {"device_start": -1, "host_queued_start": 1585660204.655891, "device_queued": -1, "device_end": -1, "host_queued_end": 1585660204.705692}, "device": "gpu", "nd_range": {"device_start": 1585660137.4054816, "device_end": 1585660137.408841}, "cmdq": 0, "read": {"device_start": -1, "device_end": -1}}, "FFC_sans_bias108": {"write": {"device_start": 1585660137.3549445, "host_queued_start": 1585660204.612975, "device_queued": 1585660137.264541, "device_end": 1585660137.3550322, "host_queued_end": 1585660204.705692}, "device": "gpu", "nd_range": {"device_start": 1585660137.3550382, "device_end": 1585660137.3583896}, "cmdq": 0, "read": {"device_start": -1, "device_end": -1}}, "FFC_sans_bias109": {"write": {"device_start": 1585660137.358606, "host_queued_start": 1585660204.616438, "device_queued": 1585660137.2647681, "device_end": 1585660137.3586931, "host_queued_end": 1585660204.705692}, "device": "gpu", "nd_range": {"device_start": 1585660137.3586955, "device_end": 1585660137.3620477}, "cmdq": 0, "read": {"device_start": -1, "device_end": -1}}, "coalesced_transpose129": {"write": {"device_start": -1, "host_queued_start": 1585660204.654507, "device_queued": -1, "device_end": -1, "host_queued_end": 1585660204.705692}, "device": "gpu", "nd_range": {"device_start": 1585660137.3987453, "device_end": 1585660137.3987637}, "cmdq": 0, "read": {"device_start": -1, "device_end": -1}}, "FFC_sans_bias103": {"write": {"device_start": -1, "host_queued_start": 1585660204.65757, "device_queued": -1, "device_end": -1, "host_queued_end": 1585660204.705692}, "device": "gpu", "nd_range": {"device_start": 1585660137.4222121, "device_end": 1585660137.425573}, "cmdq": 0, "read": {"device_start": -1, "device_end": -1}}, "FFC_sans_bias100": {"write": {"device_start": 1585660137.3475993, "host_queued_start": 1585660204.60615, "device_queued": 1585660137.2639713, "device_end": 1585660137.3476872, "host_queued_end": 1585660204.705692}, "device": "gpu", "nd_range": {"device_start": 1585660137.347694, "device_end": 1585660137.3510528}, "cmdq": 0, "read": {"device_start": -1, "device_end": -1}}, "FFC_sans_bias101": {"write": {"device_start": 1585660137.3512836, "host_queued_start": 1585660204.609555, "device_queued": 1585660137.2642422, "device_end": 1585660137.3513732, "host_queued_end": 1585660204.705692}, "device": "gpu", "nd_range": {"device_start": 1585660137.3513796, "device_end": 1585660137.3547206}, "cmdq": 0, "read": {"device_start": -1, "device_end": -1}}, "FFC_sans_bias106": {"write": {"device_start": 1585660137.5119076, "host_queued_start": 1585660204.69279, "device_queued": 1585660137.2752075, "device_end": 1585660137.511993, "host_queued_end": 1585660204.705692}, "device": "gpu", "nd_range": {"device_start": 1585660137.5120018, "device_end": 1585660137.5153227}, "cmdq": 0, "read": {"device_start": 1585660137.515328, "device_end": 1585660137.5154133}}, "softmax122": {"write": {"device_start": -1, "host_queued_start": 1585660204.661751, "device_queued": -1, "device_end": -1, "host_queued_end": 1585660204.705692}, "device": "gpu", "nd_range": {"device_start": 1585660137.442796, "device_end": 1585660137.4432156}, "cmdq": 0, "read": {"device_start": -1, "device_end": -1}}, "FFC_sans_bias105": {"write": {"device_start": -1, "host_queued_start": 1585660204.664992, "device_queued": -1, "device_end": -1, "host_queued_end": 1585660204.705692}, "device": "gpu", "nd_range": {"device_start": 1585660137.4674945, "device_end": 1585660137.470832}, "cmdq": 0, "read": {"device_start": -1, "device_end": -1}}, "softmax95": {"write": {"device_start": -1, "host_queued_start": 1585660204.660981, "device_queued": -1, "device_end": -1, "host_queued_end": 1585660204.705692}, "device": "gpu", "nd_range": {"device_start": 1585660137.44153, "device_end": 1585660137.4419506}, "cmdq": 0, "read": {"device_start": -1, "device_end": -1}}, "coalesced_transpose57": {"write": {"device_start": -1, "host_queued_start": 1585660204.651932, "device_queued": -1, "device_end": -1, "host_queued_end": 1585660204.705692}, "device": "gpu", "nd_range": {"device_start": 1585660137.3985898, "device_end": 1585660137.398608}, "cmdq": 0, "read": {"device_start": -1, "device_end": -1}}, "empty26": {"write": {"device_start": -1, "host_queued_start": 1585660204.716659, "device_queued": -1, "device_end": -1, "host_queued_end": 1585660204.784514}, "device": "cpu", "nd_range": {"device_start": 2327978.974148362, "device_end": 2327978.9741491103}, "cmdq": 0, "read": {"device_start": -1, "device_end": -1}}, "softmax113": {"write": {"device_start": -1, "host_queued_start": 1585660204.661499, "device_queued": -1, "device_end": -1, "host_queued_end": 1585660204.705692}, "device": "gpu", "nd_range": {"device_start": 1585660137.442372, "device_end": 1585660137.4427948}, "cmdq": 0, "read": {"device_start": -1, "device_end": -1}}, "FFC_sans_bias11": {"write": {"device_start": -1, "host_queued_start": 1585660204.741011, "device_queued": -1, "device_end": -1, "host_queued_end": 1585660204.784514}, "device": "cpu", "nd_range": {"device_start": 2327979.16598307, "device_end": 2327979.2161838743}, "cmdq": 0, "read": {"device_start": -1, "device_end": -1}}, "FFC_sans_bias42": {"write": {"device_start": -1, "host_queued_start": 1585660204.662608, "device_queued": -1, "device_end": -1, "host_queued_end": 1585660204.705692}, "device": "gpu", "nd_range": {"device_start": 1585660137.4440603, "device_end": 1585660137.447421}, "cmdq": 0, "read": {"device_start": -1, "device_end": -1}}, "FFC_sans_bias43": {"write": {"device_start": 1585660137.4844425, "host_queued_start": 1585660204.669797, "device_queued": 1585660137.273274, "device_end": 1585660137.4845347, "host_queued_end": 1585660204.705692}, "device": "gpu", "nd_range": {"device_start": 1585660137.4845383, "device_end": 1585660137.4878526}, "cmdq": 0, "read": {"device_start": 1585660137.4878554, "device_end": 1585660137.487948}}, "FFC_sans_bias40": {"write": {"device_start": -1, "host_queued_start": 1585660204.65523, "device_queued": -1, "device_end": -1, "host_queued_end": 1585660204.705692}, "device": "gpu", "nd_range": {"device_start": 1585660137.3987842, "device_end": 1585660137.4021409}, "cmdq": 0, "read": {"device_start": -1, "device_end": -1}}, "FFC_sans_bias46": {"write": {"device_start": 1585660137.275697, "host_queued_start": 1585660204.544444, "device_queued": 1585660137.2594125, "device_end": 1585660137.2757933, "host_queued_end": 1585660204.705692}, "device": "gpu", "nd_range": {"device_start": 1585660137.2757995, "device_end": 1585660137.2791748}, "cmdq": 0, "read": {"device_start": -1, "device_end": -1}}, "FFC_sans_bias47": {"write": {"device_start": 1585660137.2794962, "host_queued_start": 1585660204.5479, "device_queued": 1585660137.259702, "device_end": 1585660137.2795916, "host_queued_end": 1585660204.705692}, "device": "gpu", "nd_range": {"device_start": 1585660137.2795944, "device_end": 1585660137.2829387}, "cmdq": 0, "read": {"device_start": -1, "device_end": -1}}, "FFC_sans_bias45": {"write": {"device_start": 1585660137.2719562, "host_queued_start": 1585660204.541065, "device_queued": 1585660137.2590747, "device_end": 1585660137.272065, "host_queued_end": 1585660204.705692}, "device": "gpu", "nd_range": {"device_start": 1585660137.2720704, "device_end": 1585660137.2754145}, "cmdq": 0, "read": {"device_start": -1, "device_end": -1}}, "FFC_sans_bias49": {"write": {"device_start": -1, "host_queued_start": 1585660204.655563, "device_queued": -1, "device_end": -1, "host_queued_end": 1585660204.705692}, "device": "gpu", "nd_range": {"device_start": 1585660137.402142, "device_end": 1585660137.4054806}, "cmdq": 0, "read": {"device_start": -1, "device_end": -1}}, "softmax77": {"write": {"device_start": -1, "host_queued_start": 1585660204.660393, "device_queued": -1, "device_end": -1, "host_queued_end": 1585660204.705692}, "device": "gpu", "nd_range": {"device_start": 1585660137.440686, "device_end": 1585660137.441106}, "cmdq": 0, "read": {"device_start": -1, "device_end": -1}}, "empty134": {"write": {"device_start": 1585660137.2598453, "host_queued_start": 1585660204.524654, "device_queued": 1585660137.257722, "device_end": 1585660137.2599537, "host_queued_end": 1585660204.705692}, "device": "gpu", "nd_range": {"device_start": 1585660137.2599576, "device_end": 1585660137.259967}, "cmdq": 0, "read": {"device_start": -1, "device_end": -1}}, "coalesced_transpose138": {"write": {"device_start": -1, "host_queued_start": 1585660204.654838, "device_queued": -1, "device_end": -1, "host_queued_end": 1585660204.705692}, "device": "gpu", "nd_range": {"device_start": 1585660137.3987648, "device_end": 1585660137.398783}, "cmdq": 0, "read": {"device_start": -1, "device_end": -1}}, "FFC_sans_bias119": {"write": {"device_start": 1585660137.3732462, "host_queued_start": 1585660204.630273, "device_queued": 1585660137.2657008, "device_end": 1585660137.3733342, "host_queued_end": 1585660204.705692}, "device": "gpu", "nd_range": {"device_start": 1585660137.37334, "device_end": 1585660137.3766665}, "cmdq": 0, "read": {"device_start": -1, "device_end": -1}}, "FFC_sans_bias118": {"write": {"device_start": 1585660137.369573, "host_queued_start": 1585660204.626865, "device_queued": 1585660137.2654588, "device_end": 1585660137.3696618, "host_queued_end": 1585660204.705692}, "device": "gpu", "nd_range": {"device_start": 1585660137.3696647, "device_end": 1585660137.373022}, "cmdq": 0, "read": {"device_start": -1, "device_end": -1}}, "empty143": {"write": {"device_start": 1585660137.2602975, "host_queued_start": 1585660204.52739, "device_queued": 1585660137.2579007, "device_end": 1585660137.2604084, "host_queued_end": 1585660204.705692}, "device": "gpu", "nd_range": {"device_start": 1585660137.2604108, "device_end": 1585660137.260414}, "cmdq": 0, "read": {"device_start": -1, "device_end": -1}}, "FFC_sans_bias115": {"write": {"device_start": 1585660137.5158136, "host_queued_start": 1585660204.69601, "device_queued": 1585660137.2755551, "device_end": 1585660137.515902, "host_queued_end": 1585660204.705692}, "device": "gpu", "nd_range": {"device_start": 1585660137.5159085, "device_end": 1585660137.519239}, "cmdq": 0, "read": {"device_start": 1585660137.5192425, "device_end": 1585660137.5193305}}, "FFC_sans_bias114": {"write": {"device_start": -1, "host_queued_start": 1585660204.665322, "device_queued": -1, "device_end": -1, "host_queued_end": 1585660204.705692}, "device": "gpu", "nd_range": {"device_start": 1585660137.4708333, "device_end": 1585660137.474167}, "cmdq": 0, "read": {"device_start": -1, "device_end": -1}}, "FFC_sans_bias117": {"write": {"device_start": 1585660137.3659196, "host_queued_start": 1585660204.623368, "device_queued": 1585660137.2652247, "device_end": 1585660137.3660083, "host_queued_end": 1585660204.705692}, "device": "gpu", "nd_range": {"device_start": 1585660137.3660104, "device_end": 1585660137.369343}, "cmdq": 0, "read": {"device_start": -1, "device_end": -1}}, "softmax5": {"write": {"device_start": -1, "host_queued_start": 1585660204.767164, "device_queued": -1, "device_end": -1, "host_queued_end": 1585660204.784514}, "device": "cpu", "nd_range": {"device_start": 2327979.646851249, "device_end": 2327979.647210435}, "cmdq": 0, "read": {"device_start": -1, "device_end": -1}}, "FFC_sans_bias110": {"write": {"device_start": 1585660137.3622608, "host_queued_start": 1585660204.619893, "device_queued": 1585660137.2649927, "device_end": 1585660137.362347, "host_queued_end": 1585660204.705692}, "device": "gpu", "nd_range": {"device_start": 1585660137.3623538, "device_end": 1585660137.3657074}, "cmdq": 0, "read": {"device_start": -1, "device_end": -1}}, "FFC_sans_bias112": {"write": {"device_start": -1, "host_queued_start": 1585660204.657954, "device_queued": -1, "device_end": -1, "host_queued_end": 1585660204.705692}, "device": "gpu", "nd_range": {"device_start": 1585660137.4255743, "device_end": 1585660137.4289258}, "cmdq": 0, "read": {"device_start": -1, "device_end": -1}}, "empty53": {"write": {"device_start": 1585660137.2563148, "host_queued_start": 1585660204.500091, "device_queued": 1585660137.2560408, "device_end": 1585660137.2564049, "host_queued_end": 1585660204.705692}, "device": "gpu", "nd_range": {"device_start": 1585660137.2564135, "device_end": 1585660137.2564166}, "cmdq": 0, "read": {"device_start": -1, "device_end": -1}}, "coalesced_transpose48": {"write": {"device_start": -1, "host_queued_start": 1585660204.651617, "device_queued": -1, "device_end": -1, "host_queued_end": 1585660204.705692}, "device": "gpu", "nd_range": {"device_start": 1585660137.39857, "device_end": 1585660137.3985887}, "cmdq": 0, "read": {"device_start": -1, "device_end": -1}}}