{"FFC_sans_bias4": {"write": {"device_start": -1, "host_queued_start": 1585662082.910963, "device_queued": -1, "device_end": -1, "host_queued_end": 1585662082.984957}, "device": "cpu", "nd_range": {"device_start": 2329859.0639313483, "device_end": 2329859.184865334}, "cmdq": 0, "read": {"device_start": -1, "device_end": -1}}, "FFC_sans_bias7": {"write": {"device_start": -1, "host_queued_start": 1585662082.93996, "device_queued": -1, "device_end": -1, "host_queued_end": 1585662082.984957}, "device": "cpu", "nd_range": {"device_start": 2329860.415643313, "device_end": 2329860.48768887}, "cmdq": 0, "read": {"device_start": -1, "device_end": -1}}, "FFC_sans_bias6": {"write": {"device_start": -1, "host_queued_start": 1585662082.928092, "device_queued": -1, "device_end": -1, "host_queued_end": 1585662082.984957}, "device": "cpu", "nd_range": {"device_start": 2329859.659317059, "device_end": 2329859.8386334423}, "cmdq": 0, "read": {"device_start": -1, "device_end": -1}}, "FFC_sans_bias1": {"write": {"device_start": -1, "host_queued_start": 1585662082.756875, "device_queued": -1, "device_end": -1, "host_queued_end": 1585662082.984957}, "device": "cpu", "nd_range": {"device_start": 2329857.1746816942, "device_end": 2329857.2986571454}, "cmdq": 1, "read": {"device_start": -1, "device_end": -1}}, "FFC_sans_bias0": {"write": {"device_start": -1, "host_queued_start": 1585662082.753446, "device_queued": -1, "device_end": -1, "host_queued_end": 1585662082.984957}, "device": "cpu", "nd_range": {"device_start": 2329857.1746825064, "device_end": 2329857.317406511}, "cmdq": 0, "read": {"device_start": -1, "device_end": -1}}, "FFC_sans_bias2": {"write": {"device_start": -1, "host_queued_start": 1585662082.760342, "device_queued": -1, "device_end": -1, "host_queued_end": 1585662082.984957}, "device": "cpu", "nd_range": {"device_start": 2329857.174683502, "device_end": 2329857.2424177313}, "cmdq": 2, "read": {"device_start": -1, "device_end": -1}}, "coalesced_transpose120": {"write": {"device_start": -1, "host_queued_start": 1585662082.91002, "device_queued": -1, "device_end": -1, "host_queued_end": 1585662082.984957}, "device": "cpu", "nd_range": {"device_start": 2329859.057881868, "device_end": 2329859.060887731}, "cmdq": 1, "read": {"device_start": -1, "device_end": -1}}, "FFC_sans_bias9": {"write": {"device_start": -1, "host_queued_start": 1585662082.763789, "device_queued": -1, "device_end": -1, "host_queued_end": 1585662082.984957}, "device": "cpu", "nd_range": {"device_start": 2329857.317430239, "device_end": 2329857.429691128}, "cmdq": 0, "read": {"device_start": -1, "device_end": -1}}, "empty71": {"write": {"device_start": -1, "host_queued_start": 1585662082.73145, "device_queued": -1, "device_end": -1, "host_queued_end": 1585662082.984957}, "device": "cpu", "nd_range": {"device_start": 2329857.1746653663, "device_end": 2329857.1746660094}, "cmdq": 1, "read": {"device_start": -1, "device_end": -1}}, "softmax41": {"write": {"device_start": -1, "host_queued_start": 1585662082.922072, "device_queued": -1, "device_end": -1, "host_queued_end": 1585662082.984957}, "device": "cpu", "nd_range": {"device_start": 2329859.765989569, "device_end": 2329859.766875769}, "cmdq": 1, "read": {"device_start": -1, "device_end": -1}}, "FFC_sans_bias37": {"write": {"device_start": -1, "host_queued_start": 1585662082.798356, "device_queued": -1, "device_end": -1, "host_queued_end": 1585662082.984957}, "device": "cpu", "nd_range": {"device_start": 2329857.580976778, "device_end": 2329857.684488378}, "cmdq": 1, "read": {"device_start": -1, "device_end": -1}}, "FFC_sans_bias36": {"write": {"device_start": -1, "host_queued_start": 1585662082.794926, "device_queued": -1, "device_end": -1, "host_queued_end": 1585662082.984957}, "device": "cpu", "nd_range": {"device_start": 2329857.659428112, "device_end": 2329857.7856961694}, "cmdq": 0, "read": {"device_start": -1, "device_end": -1}}, "FFC_sans_bias34": {"write": {"device_start": -1, "host_queued_start": 1585662082.949341, "device_queued": -1, "device_end": -1, "host_queued_end": 1585662082.984957}, "device": "cpu", "nd_range": {"device_start": 2329860.487696757, "device_end": 2329860.639987252}, "cmdq": 0, "read": {"device_start": -1, "device_end": -1}}, "FFC_sans_bias33": {"write": {"device_start": -1, "host_queued_start": 1585662082.929873, "device_queued": -1, "device_end": -1, "host_queued_end": 1585662082.984957}, "device": "cpu", "nd_range": {"device_start": 2329859.838649208, "device_end": 2329859.960427383}, "cmdq": 0, "read": {"device_start": -1, "device_end": -1}}, "FFC_sans_bias31": {"write": {"device_start": -1, "host_queued_start": 1585662082.912751, "device_queued": -1, "device_end": -1, "host_queued_end": 1585662082.984957}, "device": "cpu", "nd_range": {"device_start": 2329859.184879317, "device_end": 2329859.3318771613}, "cmdq": 0, "read": {"device_start": -1, "device_end": -1}}, "FFC_sans_bias38": {"write": {"device_start": -1, "host_queued_start": 1585662082.801788, "device_queued": -1, "device_end": -1, "host_queued_end": 1585662082.984957}, "device": "cpu", "nd_range": {"device_start": 2329857.5858259723, "device_end": 2329857.718554993}, "cmdq": 2, "read": {"device_start": -1, "device_end": -1}}, "coalesced_transpose75": {"write": {"device_start": -1, "host_queued_start": 1585662082.908389, "device_queued": -1, "device_end": -1, "host_queued_end": 1585662082.984957}, "device": "cpu", "nd_range": {"device_start": 2329859.1578034763, "device_end": 2329859.159340098}, "cmdq": 2, "read": {"device_start": -1, "device_end": -1}}, "softmax140": {"write": {"device_start": -1, "host_queued_start": 1585662082.704321, "device_queued": -1, "device_end": -1, "host_queued_end": 1585662082.708225}, "device": "gpu", "nd_range": {"device_start": 1585662015.2228298, "device_end": 1585662015.2232382}, "cmdq": 1, "read": {"device_start": -1, "device_end": -1}}, "empty44": {"write": {"device_start": -1, "host_queued_start": 1585662082.723277, "device_queued": -1, "device_end": -1, "host_queued_end": 1585662082.984957}, "device": "cpu", "nd_range": {"device_start": 2329857.1746594543, "device_end": 2329857.1746603004}, "cmdq": 1, "read": {"device_start": -1, "device_end": -1}}, "FFC_sans_bias137": {"write": {"device_start": 1585662015.2096415, "host_queued_start": 1585662082.699826, "device_queued": 1585662015.208882, "device_end": 1585662015.2098897, "host_queued_end": 1585662082.708225}, "device": "gpu", "nd_range": {"device_start": 1585662015.2098932, "device_end": 1585662015.2162642}, "cmdq": 2, "read": {"device_start": -1, "device_end": -1}}, "empty8": {"write": {"device_start": -1, "host_queued_start": 1585662082.712056, "device_queued": -1, "device_end": -1, "host_queued_end": 1585662082.984957}, "device": "cpu", "nd_range": {"device_start": 2329857.17462862, "device_end": 2329857.174638229}, "cmdq": 0, "read": {"device_start": -1, "device_end": -1}}, "softmax50": {"write": {"device_start": -1, "host_queued_start": 1585662082.922621, "device_queued": -1, "device_end": -1, "host_queued_end": 1585662082.984957}, "device": "cpu", "nd_range": {"device_start": 2329859.844992124, "device_end": 2329859.845921808}, "cmdq": 2, "read": {"device_start": -1, "device_end": -1}}, "softmax59": {"write": {"device_start": -1, "host_queued_start": 1585662082.923146, "device_queued": -1, "device_end": -1, "host_queued_end": 1585662082.984957}, "device": "cpu", "nd_range": {"device_start": 2329859.6565347114, "device_end": 2329859.657465287}, "cmdq": 0, "read": {"device_start": -1, "device_end": -1}}, "FFC_sans_bias142": {"write": {"device_start": 1585662015.2198696, "host_queued_start": 1585662082.708098, "device_queued": 1585662015.2102985, "device_end": 1585662015.219969, "host_queued_end": 1585662082.708225}, "device": "gpu", "nd_range": {"device_start": 1585662015.2265859, "device_end": 1585662015.2299085}, "cmdq": 3, "read": {"device_start": 1585662015.2299109, "device_end": 1585662015.2299972}}, "FFC_sans_bias141": {"write": {"device_start": -1, "host_queued_start": 1585662082.704635, "device_queued": -1, "device_end": -1, "host_queued_end": 1585662082.708225}, "device": "gpu", "nd_range": {"device_start": 1585662015.2232444, "device_end": 1585662015.2265823}, "cmdq": 2, "read": {"device_start": -1, "device_end": -1}}, "FFC_sans_bias24": {"write": {"device_start": -1, "host_queued_start": 1585662082.929277, "device_queued": -1, "device_end": -1, "host_queued_end": 1585662082.984957}, "device": "cpu", "nd_range": {"device_start": 2329859.849523602, "device_end": 2329860.018962833}, "cmdq": 2, "read": {"device_start": -1, "device_end": -1}}, "FFC_sans_bias25": {"write": {"device_start": -1, "host_queued_start": 1585662082.946206, "device_queued": -1, "device_end": -1, "host_queued_end": 1585662082.984957}, "device": "cpu", "nd_range": {"device_start": 2329860.565578903, "device_end": 2329860.660964731}, "cmdq": 2, "read": {"device_start": -1, "device_end": -1}}, "FFC_sans_bias27": {"write": {"device_start": -1, "host_queued_start": 1585662082.784565, "device_queued": -1, "device_end": -1, "host_queued_end": 1585662082.984957}, "device": "cpu", "nd_range": {"device_start": 2329857.542904836, "device_end": 2329857.6594133093}, "cmdq": 0, "read": {"device_start": -1, "device_end": -1}}, "FFC_sans_bias20": {"write": {"device_start": -1, "host_queued_start": 1585662082.781089, "device_queued": -1, "device_end": -1, "host_queued_end": 1585662082.984957}, "device": "cpu", "nd_range": {"device_start": 2329857.37484883, "device_end": 2329857.5157032083}, "cmdq": 2, "read": {"device_start": -1, "device_end": -1}}, "FFC_sans_bias22": {"write": {"device_start": -1, "host_queued_start": 1585662082.912139, "device_queued": -1, "device_end": -1, "host_queued_end": 1585662082.984957}, "device": "cpu", "nd_range": {"device_start": 2329859.163009747, "device_end": 2329859.2632990032}, "cmdq": 2, "read": {"device_start": -1, "device_end": -1}}, "FFC_sans_bias130": {"write": {"device_start": -1, "host_queued_start": 1585662082.919412, "device_queued": -1, "device_end": -1, "host_queued_end": 1585662082.984957}, "device": "cpu", "nd_range": {"device_start": 2329859.693527055, "device_end": 2329859.843582443}, "cmdq": 2, "read": {"device_start": -1, "device_end": -1}}, "FFC_sans_bias28": {"write": {"device_start": -1, "host_queued_start": 1585662082.788024, "device_queued": -1, "device_end": -1, "host_queued_end": 1585662082.984957}, "device": "cpu", "nd_range": {"device_start": 2329857.492205039, "device_end": 2329857.580748516}, "cmdq": 1, "read": {"device_start": -1, "device_end": -1}}, "FFC_sans_bias29": {"write": {"device_start": -1, "host_queued_start": 1585662082.791507, "device_queued": -1, "device_end": -1, "host_queued_end": 1585662082.984957}, "device": "cpu", "nd_range": {"device_start": 2329857.515722596, "device_end": 2329857.585811911}, "cmdq": 2, "read": {"device_start": -1, "device_end": -1}}, "coalesced_transpose66": {"write": {"device_start": -1, "host_queued_start": 1585662082.908071, "device_queued": -1, "device_end": -1, "host_queued_end": 1585662082.984957}, "device": "cpu", "nd_range": {"device_start": 2329859.051836334, "device_end": 2329859.054792655}, "cmdq": 1, "read": {"device_start": -1, "device_end": -1}}, "coalesced_transpose93": {"write": {"device_start": -1, "host_queued_start": 1585662082.909043, "device_queued": -1, "device_end": -1, "host_queued_end": 1585662082.984957}, "device": "cpu", "nd_range": {"device_start": 2329859.0548040783, "device_end": 2329859.057871216}, "cmdq": 1, "read": {"device_start": -1, "device_end": -1}}, "softmax23": {"write": {"device_start": -1, "host_queued_start": 1585662082.921039, "device_queued": -1, "device_end": -1, "host_queued_end": 1585662082.984957}, "device": "cpu", "nd_range": {"device_start": 2329859.843797606, "device_end": 2329859.844710666}, "cmdq": 2, "read": {"device_start": -1, "device_end": -1}}, "empty62": {"write": {"device_start": -1, "host_queued_start": 1585662082.728681, "device_queued": -1, "device_end": -1, "host_queued_end": 1585662082.984957}, "device": "cpu", "nd_range": {"device_start": 2329857.1746658743, "device_end": 2329857.174666622}, "cmdq": 0, "read": {"device_start": -1, "device_end": -1}}, "FFC_sans_bias10": {"write": {"device_start": -1, "host_queued_start": 1585662082.767271, "device_queued": -1, "device_end": -1, "host_queued_end": 1585662082.984957}, "device": "cpu", "nd_range": {"device_start": 2329857.298884952, "device_end": 2329857.370874642}, "cmdq": 1, "read": {"device_start": -1, "device_end": -1}}, "FFC_sans_bias13": {"write": {"device_start": -1, "host_queued_start": 1585662082.911551, "device_queued": -1, "device_end": -1, "host_queued_end": 1585662082.984957}, "device": "cpu", "nd_range": {"device_start": 2329859.060897563, "device_end": 2329859.156256924}, "cmdq": 1, "read": {"device_start": -1, "device_end": -1}}, "FFC_sans_bias15": {"write": {"device_start": -1, "host_queued_start": 1585662082.928682, "device_queued": -1, "device_end": -1, "host_queued_end": 1585662082.984957}, "device": "cpu", "nd_range": {"device_start": 2329859.769763503, "device_end": 2329859.942724888}, "cmdq": 1, "read": {"device_start": -1, "device_end": -1}}, "FFC_sans_bias16": {"write": {"device_start": -1, "host_queued_start": 1585662082.943051, "device_queued": -1, "device_end": -1, "host_queued_end": 1585662082.984957}, "device": "cpu", "nd_range": {"device_start": 2329860.598012242, "device_end": 2329860.8295001793}, "cmdq": 1, "read": {"device_start": -1, "device_end": -1}}, "FFC_sans_bias19": {"write": {"device_start": -1, "host_queued_start": 1585662082.777616, "device_queued": -1, "device_end": -1, "host_queued_end": 1585662082.984957}, "device": "cpu", "nd_range": {"device_start": 2329857.37111316, "device_end": 2329857.491974063}, "cmdq": 1, "read": {"device_start": -1, "device_end": -1}}, "FFC_sans_bias18": {"write": {"device_start": -1, "host_queued_start": 1585662082.774204, "device_queued": -1, "device_end": -1, "host_queued_end": 1585662082.984957}, "device": "cpu", "nd_range": {"device_start": 2329857.429713962, "device_end": 2329857.5428908393}, "cmdq": 0, "read": {"device_start": -1, "device_end": -1}}, "FFC_sans_bias99": {"write": {"device_start": -1, "host_queued_start": 1585662082.867391, "device_queued": -1, "device_end": -1, "host_queued_end": 1585662082.984957}, "device": "cpu", "nd_range": {"device_start": 2329858.5246897424, "device_end": 2329858.6582787842}, "cmdq": 0, "read": {"device_start": -1, "device_end": -1}}, "FFC_sans_bias91": {"write": {"device_start": -1, "host_queued_start": 1585662082.860455, "device_queued": -1, "device_end": -1, "host_queued_end": 1585662082.984957}, "device": "cpu", "nd_range": {"device_start": 2329858.325524411, "device_end": 2329858.523964607}, "cmdq": 1, "read": {"device_start": -1, "device_end": -1}}, "FFC_sans_bias90": {"write": {"device_start": -1, "host_queued_start": 1585662082.85701, "device_queued": -1, "device_end": -1, "host_queued_end": 1585662082.984957}, "device": "cpu", "nd_range": {"device_start": 2329858.450492666, "device_end": 2329858.52468056}, "cmdq": 0, "read": {"device_start": -1, "device_end": -1}}, "coalesced_transpose12": {"write": {"device_start": -1, "host_queued_start": 1585662082.906113, "device_queued": -1, "device_end": -1, "host_queued_end": 1585662082.984957}, "device": "cpu", "nd_range": {"device_start": 2329859.047224687, "device_end": 2329859.048679614}, "cmdq": 1, "read": {"device_start": -1, "device_end": -1}}, "FFC_sans_bias94": {"write": {"device_start": -1, "host_queued_start": 1585662082.917024, "device_queued": -1, "device_end": -1, "host_queued_end": 1585662082.984957}, "device": "cpu", "nd_range": {"device_start": 2329859.5241148253, "device_end": 2329859.678482335}, "cmdq": 1, "read": {"device_start": -1, "device_end": -1}}, "FFC_sans_bias97": {"write": {"device_start": -1, "host_queued_start": 1585662082.97195, "device_queued": -1, "device_end": -1, "host_queued_end": 1585662082.984957}, "device": "cpu", "nd_range": {"device_start": 2329861.043105958, "device_end": 2329861.1369710593}, "cmdq": 1, "read": {"device_start": -1, "device_end": -1}}, "FFC_sans_bias96": {"write": {"device_start": -1, "host_queued_start": 1585662082.934166, "device_queued": -1, "device_end": -1, "host_queued_end": 1585662082.984957}, "device": "cpu", "nd_range": {"device_start": 2329860.262043038, "device_end": 2329860.4741927753}, "cmdq": 1, "read": {"device_start": -1, "device_end": -1}}, "FFC_sans_bias124": {"write": {"device_start": -1, "host_queued_start": 1585662082.981634, "device_queued": -1, "device_end": -1, "host_queued_end": 1585662082.984957}, "device": "cpu", "nd_range": {"device_start": 2329861.1369793783, "device_end": 2329861.1895869533}, "cmdq": 1, "read": {"device_start": -1, "device_end": -1}}, "FFC_sans_bias126": {"write": {"device_start": -1, "host_queued_start": 1585662082.901947, "device_queued": -1, "device_end": -1, "host_queued_end": 1585662082.984957}, "device": "cpu", "nd_range": {"device_start": 2329858.853409314, "device_end": 2329859.0458739083}, "cmdq": 1, "read": {"device_start": -1, "device_end": -1}}, "softmax32": {"write": {"device_start": -1, "host_queued_start": 1585662082.921555, "device_queued": -1, "device_end": -1, "host_queued_end": 1585662082.984957}, "device": "cpu", "nd_range": {"device_start": 2329859.6556056864, "device_end": 2329859.656525786}, "cmdq": 0, "read": {"device_start": -1, "device_end": -1}}, "coalesced_transpose84": {"write": {"device_start": -1, "host_queued_start": 1585662082.908717, "device_queued": -1, "device_end": -1, "host_queued_end": 1585662082.984957}, "device": "cpu", "nd_range": {"device_start": 2329859.060936271, "device_end": 2329859.0624190303}, "cmdq": 0, "read": {"device_start": -1, "device_end": -1}}, "FFC_sans_bias121": {"write": {"device_start": -1, "host_queued_start": 1585662082.918825, "device_queued": -1, "device_end": -1, "host_queued_end": 1585662082.984957}, "device": "cpu", "nd_range": {"device_start": 2329859.678503651, "device_end": 2329859.7650952484}, "cmdq": 1, "read": {"device_start": -1, "device_end": -1}}, "empty98": {"write": {"device_start": -1, "host_queued_start": 1585662082.739566, "device_queued": -1, "device_end": -1, "host_queued_end": 1585662082.984957}, "device": "cpu", "nd_range": {"device_start": 2329857.1746710762, "device_end": 2329857.17467168}, "cmdq": 1, "read": {"device_start": -1, "device_end": -1}}, "empty107": {"write": {"device_start": -1, "host_queued_start": 1585662082.742318, "device_queued": -1, "device_end": -1, "host_queued_end": 1585662082.984957}, "device": "cpu", "nd_range": {"device_start": 2329857.174671064, "device_end": 2329857.17467171}, "cmdq": 2, "read": {"device_start": -1, "device_end": -1}}, "empty17": {"write": {"device_start": -1, "host_queued_start": 1585662082.714888, "device_queued": -1, "device_end": -1, "host_queued_end": 1585662082.984957}, "device": "cpu", "nd_range": {"device_start": 2329857.174638091, "device_end": 2329857.1746431333}, "cmdq": 1, "read": {"device_start": -1, "device_end": -1}}, "FFC_sans_bias87": {"write": {"device_start": -1, "host_queued_start": 1585662082.933446, "device_queued": -1, "device_end": -1, "host_queued_end": 1585662082.984957}, "device": "cpu", "nd_range": {"device_start": 2329860.121258819, "device_end": 2329860.264050504}, "cmdq": 0, "read": {"device_start": -1, "device_end": -1}}, "FFC_sans_bias85": {"write": {"device_start": -1, "host_queued_start": 1585662082.91643, "device_queued": -1, "device_end": -1, "host_queued_end": 1585662082.984957}, "device": "cpu", "nd_range": {"device_start": 2329859.418393781, "device_end": 2329859.523008772}, "cmdq": 0, "read": {"device_start": -1, "device_end": -1}}, "FFC_sans_bias82": {"write": {"device_start": -1, "host_queued_start": 1585662082.850144, "device_queued": -1, "device_end": -1, "host_queued_end": 1585662082.984957}, "device": "cpu", "nd_range": {"device_start": 2329858.156812443, "device_end": 2329858.3253178033}, "cmdq": 1, "read": {"device_start": -1, "device_end": -1}}, "FFC_sans_bias83": {"write": {"device_start": -1, "host_queued_start": 1585662082.853617, "device_queued": -1, "device_end": -1, "host_queued_end": 1585662082.984957}, "device": "cpu", "nd_range": {"device_start": 2329858.241763766, "device_end": 2329858.363428539}, "cmdq": 2, "read": {"device_start": -1, "device_end": -1}}, "FFC_sans_bias81": {"write": {"device_start": -1, "host_queued_start": 1585662082.846749, "device_queued": -1, "device_end": -1, "host_queued_end": 1585662082.984957}, "device": "cpu", "nd_range": {"device_start": 2329858.322138483, "device_end": 2329858.450469151}, "cmdq": 0, "read": {"device_start": -1, "device_end": -1}}, "FFC_sans_bias88": {"write": {"device_start": -1, "host_queued_start": 1585662082.968622, "device_queued": -1, "device_end": -1, "host_queued_end": 1585662082.984957}, "device": "cpu", "nd_range": {"device_start": 2329860.74185389, "device_end": 2329860.92630635}, "cmdq": 0, "read": {"device_start": -1, "device_end": -1}}, "coalesced_transpose30": {"write": {"device_start": -1, "host_queued_start": 1585662082.906775, "device_queued": -1, "device_end": -1, "host_queued_end": 1585662082.984957}, "device": "cpu", "nd_range": {"device_start": 2329859.0551428623, "device_end": 2329859.05805502}, "cmdq": 0, "read": {"device_start": -1, "device_end": -1}}, "FFC_sans_bias128": {"write": {"device_start": -1, "host_queued_start": 1585662082.898479, "device_queued": -1, "device_end": -1, "host_queued_end": 1585662082.984957}, "device": "cpu", "nd_range": {"device_start": 2329858.970377629, "device_end": 2329859.052307465}, "cmdq": 0, "read": {"device_start": -1, "device_end": -1}}, "coalesced_transpose39": {"write": {"device_start": -1, "host_queued_start": 1585662082.907104, "device_queued": -1, "device_end": -1, "host_queued_end": 1585662082.984957}, "device": "cpu", "nd_range": {"device_start": 2329859.0486962963, "device_end": 2329859.051826227}, "cmdq": 1, "read": {"device_start": -1, "device_end": -1}}, "FFC_sans_bias79": {"write": {"device_start": -1, "host_queued_start": 1585662082.965369, "device_queued": -1, "device_end": -1, "host_queued_end": 1585662082.984957}, "device": "cpu", "nd_range": {"device_start": 2329860.769740817, "device_end": 2329860.878904838}, "cmdq": 2, "read": {"device_start": -1, "device_end": -1}}, "FFC_sans_bias78": {"write": {"device_start": -1, "host_queued_start": 1585662082.932855, "device_queued": -1, "device_end": -1, "host_queued_end": 1585662082.984957}, "device": "cpu", "nd_range": {"device_start": 2329860.1523333522, "device_end": 2329860.324027827}, "cmdq": 2, "read": {"device_start": -1, "device_end": -1}}, "FFC_sans_bias73": {"write": {"device_start": -1, "host_queued_start": 1585662082.839834, "device_queued": -1, "device_end": -1, "host_queued_end": 1585662082.984957}, "device": "cpu", "nd_range": {"device_start": 2329858.066111954, "device_end": 2329858.15643604}, "cmdq": 1, "read": {"device_start": -1, "device_end": -1}}, "FFC_sans_bias72": {"write": {"device_start": -1, "host_queued_start": 1585662082.836433, "device_queued": -1, "device_end": -1, "host_queued_end": 1585662082.984957}, "device": "cpu", "nd_range": {"device_start": 2329858.156501289, "device_end": 2329858.322113867}, "cmdq": 0, "read": {"device_start": -1, "device_end": -1}}, "FFC_sans_bias70": {"write": {"device_start": -1, "host_queued_start": 1585662082.962117, "device_queued": -1, "device_end": -1, "host_queued_end": 1585662082.984957}, "device": "cpu", "nd_range": {"device_start": 2329860.9158097003, "device_end": 2329861.0430964413}, "cmdq": 1, "read": {"device_start": -1, "device_end": -1}}, "FFC_sans_bias76": {"write": {"device_start": -1, "host_queued_start": 1585662082.915837, "device_queued": -1, "device_end": -1, "host_queued_end": 1585662082.984957}, "device": "cpu", "nd_range": {"device_start": 2329859.447444708, "device_end": 2329859.567520899}, "cmdq": 2, "read": {"device_start": -1, "device_end": -1}}, "FFC_sans_bias74": {"write": {"device_start": -1, "host_queued_start": 1585662082.843294, "device_queued": -1, "device_end": -1, "host_queued_end": 1585662082.984957}, "device": "cpu", "nd_range": {"device_start": 2329858.124244986, "device_end": 2329858.241741952}, "cmdq": 2, "read": {"device_start": -1, "device_end": -1}}, "coalesced_transpose102": {"write": {"device_start": -1, "host_queued_start": 1585662082.909372, "device_queued": -1, "device_end": -1, "host_queued_end": 1585662082.984957}, "device": "cpu", "nd_range": {"device_start": 2329859.1595235243, "device_end": 2329859.161075441}, "cmdq": 2, "read": {"device_start": -1, "device_end": -1}}, "coalesced_transpose3": {"write": {"device_start": -1, "host_queued_start": 1585662082.905755, "device_queued": -1, "device_end": -1, "host_queued_end": 1585662082.984957}, "device": "cpu", "nd_range": {"device_start": 2329859.052317182, "device_end": 2329859.054805071}, "cmdq": 0, "read": {"device_start": -1, "device_end": -1}}, "FFC_sans_bias127": {"write": {"device_start": -1, "host_queued_start": 1585662082.905348, "device_queued": -1, "device_end": -1, "host_queued_end": 1585662082.984957}, "device": "cpu", "nd_range": {"device_start": 2329858.977239061, "device_end": 2329859.152822007}, "cmdq": 2, "read": {"device_start": -1, "device_end": -1}}, "empty89": {"write": {"device_start": -1, "host_queued_start": 1585662082.736888, "device_queued": -1, "device_end": -1, "host_queued_end": 1585662082.984957}, "device": "cpu", "nd_range": {"device_start": 2329857.174671172, "device_end": 2329857.174671738}, "cmdq": 0, "read": {"device_start": -1, "device_end": -1}}, "FFC_sans_bias123": {"write": {"device_start": -1, "host_queued_start": 1585662082.936048, "device_queued": -1, "device_end": -1, "host_queued_end": 1585662082.984957}, "device": "cpu", "nd_range": {"device_start": 2329860.474217403, "device_end": 2329860.597993214}, "cmdq": 1, "read": {"device_start": -1, "device_end": -1}}, "empty80": {"write": {"device_start": -1, "host_queued_start": 1585662082.734189, "device_queued": -1, "device_end": -1, "host_queued_end": 1585662082.984957}, "device": "cpu", "nd_range": {"device_start": 2329857.1746657332, "device_end": 2329857.174666327}, "cmdq": 2, "read": {"device_start": -1, "device_end": -1}}, "empty116": {"write": {"device_start": -1, "host_queued_start": 1585662082.745, "device_queued": -1, "device_end": -1, "host_queued_end": 1585662082.984957}, "device": "cpu", "nd_range": {"device_start": 2329857.1746773613, "device_end": 2329857.174677953}, "cmdq": 0, "read": {"device_start": -1, "device_end": -1}}, "softmax104": {"write": {"device_start": -1, "host_queued_start": 1585662082.92583, "device_queued": -1, "device_end": -1, "host_queued_end": 1585662082.984957}, "device": "cpu", "nd_range": {"device_start": 2329859.847013791, "device_end": 2329859.848028163}, "cmdq": 2, "read": {"device_start": -1, "device_end": -1}}, "coalesced_transpose21": {"write": {"device_start": -1, "host_queued_start": 1585662082.906442, "device_queued": -1, "device_end": -1, "host_queued_end": 1585662082.984957}, "device": "cpu", "nd_range": {"device_start": 2329859.153291215, "device_end": 2329859.155647843}, "cmdq": 2, "read": {"device_start": -1, "device_end": -1}}, "softmax14": {"write": {"device_start": -1, "host_queued_start": 1585662082.920519, "device_queued": -1, "device_end": -1, "host_queued_end": 1585662082.984957}, "device": "cpu", "nd_range": {"device_start": 2329859.7651113193, "device_end": 2329859.7659799294}, "cmdq": 1, "read": {"device_start": -1, "device_end": -1}}, "FFC_sans_bias69": {"write": {"device_start": -1, "host_queued_start": 1585662082.932263, "device_queued": -1, "device_end": -1, "host_queued_end": 1585662082.984957}, "device": "cpu", "nd_range": {"device_start": 2329860.101778881, "device_end": 2329860.2620235793}, "cmdq": 1, "read": {"device_start": -1, "device_end": -1}}, "FFC_sans_bias92": {"write": {"device_start": -1, "host_queued_start": 1585662082.863883, "device_queued": -1, "device_end": -1, "host_queued_end": 1585662082.984957}, "device": "cpu", "nd_range": {"device_start": 2329858.363704406, "device_end": 2329858.5417080713}, "cmdq": 2, "read": {"device_start": -1, "device_end": -1}}, "FFC_sans_bias60": {"write": {"device_start": -1, "host_queued_start": 1585662082.931667, "device_queued": -1, "device_end": -1, "host_queued_end": 1585662082.984957}, "device": "cpu", "nd_range": {"device_start": 2329859.960441552, "device_end": 2329860.121242235}, "cmdq": 0, "read": {"device_start": -1, "device_end": -1}}, "FFC_sans_bias61": {"write": {"device_start": -1, "host_queued_start": 1585662082.958884, "device_queued": -1, "device_end": -1, "host_queued_end": 1585662082.984957}, "device": "cpu", "nd_range": {"device_start": 2329860.64000819, "device_end": 2329860.7418437903}, "cmdq": 0, "read": {"device_start": -1, "device_end": -1}}, "FFC_sans_bias63": {"write": {"device_start": -1, "host_queued_start": 1585662082.832956, "device_queued": -1, "device_end": -1, "host_queued_end": 1585662082.984957}, "device": "cpu", "nd_range": {"device_start": 2329857.919949898, "device_end": 2329858.124222633}, "cmdq": 2, "read": {"device_start": -1, "device_end": -1}}, "FFC_sans_bias64": {"write": {"device_start": -1, "host_queued_start": 1585662082.826043, "device_queued": -1, "device_end": -1, "host_queued_end": 1585662082.984957}, "device": "cpu", "nd_range": {"device_start": 2329857.999443707, "device_end": 2329858.1564893513}, "cmdq": 0, "read": {"device_start": -1, "device_end": -1}}, "FFC_sans_bias65": {"write": {"device_start": -1, "host_queued_start": 1585662082.829545, "device_queued": -1, "device_end": -1, "host_queued_end": 1585662082.984957}, "device": "cpu", "nd_range": {"device_start": 2329857.959871501, "device_end": 2329858.06586383}, "cmdq": 1, "read": {"device_start": -1, "device_end": -1}}, "FFC_sans_bias67": {"write": {"device_start": -1, "host_queued_start": 1585662082.915157, "device_queued": -1, "device_end": -1, "host_queued_end": 1585662082.984957}, "device": "cpu", "nd_range": {"device_start": 2329859.346326258, "device_end": 2329859.524098108}, "cmdq": 1, "read": {"device_start": -1, "device_end": -1}}, "coalesced_transpose111": {"write": {"device_start": -1, "host_queued_start": 1585662082.909693, "device_queued": -1, "device_end": -1, "host_queued_end": 1585662082.984957}, "device": "cpu", "nd_range": {"device_start": 2329859.06242833, "device_end": 2329859.063922583}, "cmdq": 0, "read": {"device_start": -1, "device_end": -1}}, "FFC_sans_bias136": {"write": {"device_start": 1585662015.209277, "host_queued_start": 1585662082.696319, "device_queued": 1585662015.2087548, "device_end": 1585662015.2095265, "host_queued_end": 1585662082.708225}, "device": "gpu", "nd_range": {"device_start": 1585662015.2095437, "device_end": 1585662015.2129235}, "cmdq": 1, "read": {"device_start": -1, "device_end": -1}}, "FFC_sans_bias135": {"write": {"device_start": 1585662015.2099717, "host_queued_start": 1585662082.703302, "device_queued": 1585662015.2091308, "device_end": 1585662015.2100716, "host_queued_end": 1585662082.708225}, "device": "gpu", "nd_range": {"device_start": 1585662015.2100742, "device_end": 1585662015.2194786}, "cmdq": 3, "read": {"device_start": -1, "device_end": -1}}, "FFC_sans_bias133": {"write": {"device_start": -1, "host_queued_start": 1585662082.984901, "device_queued": -1, "device_end": -1, "host_queued_end": 1585662082.984957}, "device": "cpu", "nd_range": {"device_start": 2329861.0411025384, "device_end": 2329861.124459383}, "cmdq": 2, "read": {"device_start": -1, "device_end": -1}}, "FFC_sans_bias132": {"write": {"device_start": -1, "host_queued_start": 1585662082.93664, "device_queued": -1, "device_end": -1, "host_queued_end": 1585662082.984957}, "device": "cpu", "nd_range": {"device_start": 2329860.4162355573, "device_end": 2329860.565323904}, "cmdq": 2, "read": {"device_start": -1, "device_end": -1}}, "softmax68": {"write": {"device_start": -1, "host_queued_start": 1585662082.923671, "device_queued": -1, "device_end": -1, "host_queued_end": 1585662082.984957}, "device": "cpu", "nd_range": {"device_start": 2329859.766884218, "device_end": 2329859.767776418}, "cmdq": 1, "read": {"device_start": -1, "device_end": -1}}, "softmax131": {"write": {"device_start": -1, "host_queued_start": 1585662082.927499, "device_queued": -1, "device_end": -1, "host_queued_end": 1585662082.984957}, "device": "cpu", "nd_range": {"device_start": 2329859.848212047, "device_end": 2329859.849126324}, "cmdq": 2, "read": {"device_start": -1, "device_end": -1}}, "empty125": {"write": {"device_start": -1, "host_queued_start": 1585662082.747724, "device_queued": -1, "device_end": -1, "host_queued_end": 1585662082.984957}, "device": "cpu", "nd_range": {"device_start": 2329857.174677206, "device_end": 2329857.174677717}, "cmdq": 1, "read": {"device_start": -1, "device_end": -1}}, "FFC_sans_bias139": {"write": {"device_start": -1, "host_queued_start": 1585662082.704059, "device_queued": -1, "device_end": -1, "host_queued_end": 1585662082.708225}, "device": "gpu", "nd_range": {"device_start": 1585662015.219485, "device_end": 1585662015.2228227}, "cmdq": 0, "read": {"device_start": -1, "device_end": -1}}, "empty35": {"write": {"device_start": -1, "host_queued_start": 1585662082.72054, "device_queued": -1, "device_end": -1, "host_queued_end": 1585662082.984957}, "device": "cpu", "nd_range": {"device_start": 2329857.174659693, "device_end": 2329857.1746607623}, "cmdq": 0, "read": {"device_start": -1, "device_end": -1}}, "softmax86": {"write": {"device_start": -1, "host_queued_start": 1585662082.924734, "device_queued": -1, "device_end": -1, "host_queued_end": 1585662082.984957}, "device": "cpu", "nd_range": {"device_start": 2329859.657475299, "device_end": 2329859.658389788}, "cmdq": 0, "read": {"device_start": -1, "device_end": -1}}, "FFC_sans_bias55": {"write": {"device_start": -1, "host_queued_start": 1585662082.822552, "device_queued": -1, "device_end": -1, "host_queued_end": 1585662082.984957}, "device": "cpu", "nd_range": {"device_start": 2329857.7871860634, "device_end": 2329857.919927245}, "cmdq": 2, "read": {"device_start": -1, "device_end": -1}}, "FFC_sans_bias54": {"write": {"device_start": -1, "host_queued_start": 1585662082.819079, "device_queued": -1, "device_end": -1, "host_queued_end": 1585662082.984957}, "device": "cpu", "nd_range": {"device_start": 2329857.816110241, "device_end": 2329857.959613181}, "cmdq": 1, "read": {"device_start": -1, "device_end": -1}}, "FFC_sans_bias56": {"write": {"device_start": -1, "host_queued_start": 1585662082.815651, "device_queued": -1, "device_end": -1, "host_queued_end": 1585662082.984957}, "device": "cpu", "nd_range": {"device_start": 2329857.883756557, "device_end": 2329857.999429272}, "cmdq": 0, "read": {"device_start": -1, "device_end": -1}}, "FFC_sans_bias51": {"write": {"device_start": -1, "host_queued_start": 1585662082.931065, "device_queued": -1, "device_end": -1, "host_queued_end": 1585662082.984957}, "device": "cpu", "nd_range": {"device_start": 2329860.0192925013, "device_end": 2329860.1520731864}, "cmdq": 2, "read": {"device_start": -1, "device_end": -1}}, "FFC_sans_bias52": {"write": {"device_start": -1, "host_queued_start": 1585662082.955691, "device_queued": -1, "device_end": -1, "host_queued_end": 1585662082.984957}, "device": "cpu", "nd_range": {"device_start": 2329860.660981194, "device_end": 2329860.769718259}, "cmdq": 2, "read": {"device_start": -1, "device_end": -1}}, "FFC_sans_bias58": {"write": {"device_start": -1, "host_queued_start": 1585662082.91456, "device_queued": -1, "device_end": -1, "host_queued_end": 1585662082.984957}, "device": "cpu", "nd_range": {"device_start": 2329859.331900758, "device_end": 2329859.418378849}, "cmdq": 0, "read": {"device_start": -1, "device_end": -1}}, "FFC_sans_bias108": {"write": {"device_start": -1, "host_queued_start": 1585662082.877859, "device_queued": -1, "device_end": -1, "host_queued_end": 1585662082.984957}, "device": "cpu", "nd_range": {"device_start": 2329858.658294076, "device_end": 2329858.7968217}, "cmdq": 0, "read": {"device_start": -1, "device_end": -1}}, "FFC_sans_bias109": {"write": {"device_start": -1, "host_queued_start": 1585662082.881309, "device_queued": -1, "device_end": -1, "host_queued_end": 1585662082.984957}, "device": "cpu", "nd_range": {"device_start": 2329858.6224274533, "device_end": 2329858.7483623764}, "cmdq": 1, "read": {"device_start": -1, "device_end": -1}}, "coalesced_transpose129": {"write": {"device_start": -1, "host_queued_start": 1585662082.910341, "device_queued": -1, "device_end": -1, "host_queued_end": 1585662082.984957}, "device": "cpu", "nd_range": {"device_start": 2329859.161323177, "device_end": 2329859.16283456}, "cmdq": 2, "read": {"device_start": -1, "device_end": -1}}, "FFC_sans_bias103": {"write": {"device_start": -1, "host_queued_start": 1585662082.917626, "device_queued": -1, "device_end": -1, "host_queued_end": 1585662082.984957}, "device": "cpu", "nd_range": {"device_start": 2329859.5677882424, "device_end": 2329859.693278166}, "cmdq": 2, "read": {"device_start": -1, "device_end": -1}}, "FFC_sans_bias100": {"write": {"device_start": -1, "host_queued_start": 1585662082.870903, "device_queued": -1, "device_end": -1, "host_queued_end": 1585662082.984957}, "device": "cpu", "nd_range": {"device_start": 2329858.523990007, "device_end": 2329858.622162159}, "cmdq": 1, "read": {"device_start": -1, "device_end": -1}}, "FFC_sans_bias101": {"write": {"device_start": -1, "host_queued_start": 1585662082.874444, "device_queued": -1, "device_end": -1, "host_queued_end": 1585662082.984957}, "device": "cpu", "nd_range": {"device_start": 2329858.541930592, "device_end": 2329858.7214883734}, "cmdq": 2, "read": {"device_start": -1, "device_end": -1}}, "FFC_sans_bias106": {"write": {"device_start": -1, "host_queued_start": 1585662082.975132, "device_queued": -1, "device_end": -1, "host_queued_end": 1585662082.984957}, "device": "cpu", "nd_range": {"device_start": 2329860.8789219484, "device_end": 2329861.041085753}, "cmdq": 2, "read": {"device_start": -1, "device_end": -1}}, "softmax122": {"write": {"device_start": -1, "host_queued_start": 1585662082.926964, "device_queued": -1, "device_end": -1, "host_queued_end": 1585662082.984957}, "device": "cpu", "nd_range": {"device_start": 2329859.7686967943, "device_end": 2329859.769587057}, "cmdq": 1, "read": {"device_start": -1, "device_end": -1}}, "FFC_sans_bias105": {"write": {"device_start": -1, "host_queued_start": 1585662082.934766, "device_queued": -1, "device_end": -1, "host_queued_end": 1585662082.984957}, "device": "cpu", "nd_range": {"device_start": 2329860.324359041, "device_end": 2329860.416019446}, "cmdq": 2, "read": {"device_start": -1, "device_end": -1}}, "softmax95": {"write": {"device_start": -1, "host_queued_start": 1585662082.925272, "device_queued": -1, "device_end": -1, "host_queued_end": 1585662082.984957}, "device": "cpu", "nd_range": {"device_start": 2329859.767783884, "device_end": 2329859.7686847714}, "cmdq": 1, "read": {"device_start": -1, "device_end": -1}}, "coalesced_transpose57": {"write": {"device_start": -1, "host_queued_start": 1585662082.90775, "device_queued": -1, "device_end": -1, "host_queued_end": 1585662082.984957}, "device": "cpu", "nd_range": {"device_start": 2329859.058089326, "device_end": 2329859.060922123}, "cmdq": 0, "read": {"device_start": -1, "device_end": -1}}, "empty26": {"write": {"device_start": -1, "host_queued_start": 1585662082.717597, "device_queued": -1, "device_end": -1, "host_queued_end": 1585662082.984957}, "device": "cpu", "nd_range": {"device_start": 2329857.174628783, "device_end": 2329857.174638185}, "cmdq": 2, "read": {"device_start": -1, "device_end": -1}}, "softmax113": {"write": {"device_start": -1, "host_queued_start": 1585662082.926372, "device_queued": -1, "device_end": -1, "host_queued_end": 1585662082.984957}, "device": "cpu", "nd_range": {"device_start": 2329859.658400258, "device_end": 2329859.6593050594}, "cmdq": 0, "read": {"device_start": -1, "device_end": -1}}, "FFC_sans_bias11": {"write": {"device_start": -1, "host_queued_start": 1585662082.770736, "device_queued": -1, "device_end": -1, "host_queued_end": 1585662082.984957}, "device": "cpu", "nd_range": {"device_start": 2329857.242440423, "device_end": 2329857.3748281403}, "cmdq": 2, "read": {"device_start": -1, "device_end": -1}}, "FFC_sans_bias42": {"write": {"device_start": -1, "host_queued_start": 1585662082.930466, "device_queued": -1, "device_end": -1, "host_queued_end": 1585662082.984957}, "device": "cpu", "nd_range": {"device_start": 2329859.9427479883, "device_end": 2329860.101758861}, "cmdq": 1, "read": {"device_start": -1, "device_end": -1}}, "FFC_sans_bias43": {"write": {"device_start": -1, "host_queued_start": 1585662082.952548, "device_queued": -1, "device_end": -1, "host_queued_end": 1585662082.984957}, "device": "cpu", "nd_range": {"device_start": 2329860.829520386, "device_end": 2329860.915802331}, "cmdq": 1, "read": {"device_start": -1, "device_end": -1}}, "FFC_sans_bias40": {"write": {"device_start": -1, "host_queued_start": 1585662082.91335, "device_queued": -1, "device_end": -1, "host_queued_end": 1585662082.984957}, "device": "cpu", "nd_range": {"device_start": 2329859.156266599, "device_end": 2329859.346308317}, "cmdq": 1, "read": {"device_start": -1, "device_end": -1}}, "FFC_sans_bias46": {"write": {"device_start": -1, "host_queued_start": 1585662082.808736, "device_queued": -1, "device_end": -1, "host_queued_end": 1585662082.984957}, "device": "cpu", "nd_range": {"device_start": 2329857.68471162, "device_end": 2329857.815889289}, "cmdq": 1, "read": {"device_start": -1, "device_end": -1}}, "FFC_sans_bias47": {"write": {"device_start": -1, "host_queued_start": 1585662082.812195, "device_queued": -1, "device_end": -1, "host_queued_end": 1585662082.984957}, "device": "cpu", "nd_range": {"device_start": 2329857.71857571, "device_end": 2329857.7871673154}, "cmdq": 2, "read": {"device_start": -1, "device_end": -1}}, "FFC_sans_bias45": {"write": {"device_start": -1, "host_queued_start": 1585662082.805288, "device_queued": -1, "device_end": -1, "host_queued_end": 1585662082.984957}, "device": "cpu", "nd_range": {"device_start": 2329857.785710805, "device_end": 2329857.883742013}, "cmdq": 0, "read": {"device_start": -1, "device_end": -1}}, "FFC_sans_bias49": {"write": {"device_start": -1, "host_queued_start": 1585662082.91396, "device_queued": -1, "device_end": -1, "host_queued_end": 1585662082.984957}, "device": "cpu", "nd_range": {"device_start": 2329859.263568389, "device_end": 2329859.4471824593}, "cmdq": 2, "read": {"device_start": -1, "device_end": -1}}, "softmax77": {"write": {"device_start": -1, "host_queued_start": 1585662082.924194, "device_queued": -1, "device_end": -1, "host_queued_end": 1585662082.984957}, "device": "cpu", "nd_range": {"device_start": 2329859.84610417, "device_end": 2329859.84700339}, "cmdq": 2, "read": {"device_start": -1, "device_end": -1}}, "empty134": {"write": {"device_start": -1, "host_queued_start": 1585662082.750408, "device_queued": -1, "device_end": -1, "host_queued_end": 1585662082.984957}, "device": "cpu", "nd_range": {"device_start": 2329857.174677704, "device_end": 2329857.174678352}, "cmdq": 2, "read": {"device_start": -1, "device_end": -1}}, "coalesced_transpose138": {"write": {"device_start": -1, "host_queued_start": 1585662082.703693, "device_queued": -1, "device_end": -1, "host_queued_end": 1585662082.708225}, "device": "gpu", "nd_range": {"device_start": 1585662015.2129266, "device_end": 1585662015.2193496}, "cmdq": 4, "read": {"device_start": -1, "device_end": -1}}, "FFC_sans_bias119": {"write": {"device_start": -1, "host_queued_start": 1585662082.89506, "device_queued": -1, "device_end": -1, "host_queued_end": 1585662082.984957}, "device": "cpu", "nd_range": {"device_start": 2329858.85311353, "device_end": 2329858.977018556}, "cmdq": 2, "read": {"device_start": -1, "device_end": -1}}, "FFC_sans_bias118": {"write": {"device_start": -1, "host_queued_start": 1585662082.891605, "device_queued": -1, "device_end": -1, "host_queued_end": 1585662082.984957}, "device": "cpu", "nd_range": {"device_start": 2329858.7483927472, "device_end": 2329858.8533970113}, "cmdq": 1, "read": {"device_start": -1, "device_end": -1}}, "empty143": {"write": {"device_start": 1585662015.2088895, "host_queued_start": 1585662082.692647, "device_queued": 1585662015.208557, "device_end": 1585662015.2091088, "host_queued_end": 1585662082.708225}, "device": "gpu", "nd_range": {"device_start": 1585662015.2091117, "device_end": 1585662015.2091162}, "cmdq": 0, "read": {"device_start": -1, "device_end": -1}}, "FFC_sans_bias115": {"write": {"device_start": -1, "host_queued_start": 1585662082.978297, "device_queued": -1, "device_end": -1, "host_queued_end": 1585662082.984957}, "device": "cpu", "nd_range": {"device_start": 2329860.926313931, "device_end": 2329861.0515086004}, "cmdq": 0, "read": {"device_start": -1, "device_end": -1}}, "FFC_sans_bias114": {"write": {"device_start": -1, "host_queued_start": 1585662082.935366, "device_queued": -1, "device_end": -1, "host_queued_end": 1585662082.984957}, "device": "cpu", "nd_range": {"device_start": 2329860.264068011, "device_end": 2329860.415626753}, "cmdq": 0, "read": {"device_start": -1, "device_end": -1}}, "FFC_sans_bias117": {"write": {"device_start": -1, "host_queued_start": 1585662082.888225, "device_queued": -1, "device_end": -1, "host_queued_end": 1585662082.984957}, "device": "cpu", "nd_range": {"device_start": 2329858.796834933, "device_end": 2329858.9703634833}, "cmdq": 0, "read": {"device_start": -1, "device_end": -1}}, "softmax5": {"write": {"device_start": -1, "host_queued_start": 1585662082.919994, "device_queued": -1, "device_end": -1, "host_queued_end": 1585662082.984957}, "device": "cpu", "nd_range": {"device_start": 2329859.654663649, "device_end": 2329859.65559385}, "cmdq": 0, "read": {"device_start": -1, "device_end": -1}}, "FFC_sans_bias110": {"write": {"device_start": -1, "host_queued_start": 1585662082.884748, "device_queued": -1, "device_end": -1, "host_queued_end": 1585662082.984957}, "device": "cpu", "nd_range": {"device_start": 2329858.721746736, "device_end": 2329858.853088598}, "cmdq": 2, "read": {"device_start": -1, "device_end": -1}}, "FFC_sans_bias112": {"write": {"device_start": -1, "host_queued_start": 1585662082.918225, "device_queued": -1, "device_end": -1, "host_queued_end": 1585662082.984957}, "device": "cpu", "nd_range": {"device_start": 2329859.523033102, "device_end": 2329859.654649497}, "cmdq": 0, "read": {"device_start": -1, "device_end": -1}}, "empty53": {"write": {"device_start": -1, "host_queued_start": 1585662082.725985, "device_queued": -1, "device_end": -1, "host_queued_end": 1585662082.984957}, "device": "cpu", "nd_range": {"device_start": 2329857.174659425, "device_end": 2329857.174660338}, "cmdq": 2, "read": {"device_start": -1, "device_end": -1}}, "coalesced_transpose48": {"write": {"device_start": -1, "host_queued_start": 1585662082.907428, "device_queued": -1, "device_end": -1, "host_queued_end": 1585662082.984957}, "device": "cpu", "nd_range": {"device_start": 2329859.155878223, "device_end": 2329859.157622346}, "cmdq": 2, "read": {"device_start": -1, "device_end": -1}}}