{"FFC_sans_bias4": {"write": {"device_start": -1, "host_queued_start": 1585660619.358112, "device_queued": -1, "device_end": -1, "host_queued_end": 1585660619.377948}, "device": "cpu", "nd_range": {"device_start": 2328394.0051916693, "device_end": 2328394.040387841}, "cmdq": 0, "read": {"device_start": -1, "device_end": -1}}, "FFC_sans_bias7": {"write": {"device_start": -1, "host_queued_start": 1585660619.368409, "device_queued": -1, "device_end": -1, "host_queued_end": 1585660619.377948}, "device": "cpu", "nd_range": {"device_start": 2328394.302620133, "device_end": 2328394.338188353}, "cmdq": 0, "read": {"device_start": -1, "device_end": -1}}, "FFC_sans_bias6": {"write": {"device_start": -1, "host_queued_start": 1585660619.363213, "device_queued": -1, "device_end": -1, "host_queued_end": 1585660619.377948}, "device": "cpu", "nd_range": {"device_start": 2328394.148369565, "device_end": 2328394.183519639}, "cmdq": 0, "read": {"device_start": -1, "device_end": -1}}, "FFC_sans_bias1": {"write": {"device_start": -1, "host_queued_start": 1585660619.32225, "device_queued": -1, "device_end": -1, "host_queued_end": 1585660619.377948}, "device": "cpu", "nd_range": {"device_start": 2328393.6052353433, "device_end": 2328393.6404570714}, "cmdq": 0, "read": {"device_start": -1, "device_end": -1}}, "FFC_sans_bias0": {"write": {"device_start": -1, "host_queued_start": 1585660619.318866, "device_queued": -1, "device_end": -1, "host_queued_end": 1585660619.377948}, "device": "cpu", "nd_range": {"device_start": 2328393.567610078, "device_end": 2328393.6052045533}, "cmdq": 0, "read": {"device_start": -1, "device_end": -1}}, "FFC_sans_bias2": {"write": {"device_start": -1, "host_queued_start": 1585660619.325837, "device_queued": -1, "device_end": -1, "host_queued_end": 1585660619.377948}, "device": "cpu", "nd_range": {"device_start": 2328393.6404788094, "device_end": 2328393.675787229}, "cmdq": 0, "read": {"device_start": -1, "device_end": -1}}, "coalesced_transpose120": {"write": {"device_start": -1, "host_queued_start": 1585660619.251539, "device_queued": -1, "device_end": -1, "host_queued_end": 1585660619.301698}, "device": "gpu", "nd_range": {"device_start": 1585660551.9754338, "device_end": 1585660551.9754581}, "cmdq": 1, "read": {"device_start": -1, "device_end": -1}}, "FFC_sans_bias9": {"write": {"device_start": -1, "host_queued_start": 1585660619.32914, "device_queued": -1, "device_end": -1, "host_queued_end": 1585660619.377948}, "device": "cpu", "nd_range": {"device_start": 2328393.675798526, "device_end": 2328393.712187699}, "cmdq": 0, "read": {"device_start": -1, "device_end": -1}}, "empty71": {"write": {"device_start": 1585660551.8421037, "host_queued_start": 1585660619.108663, "device_queued": 1585660551.841774, "device_end": 1585660551.8423624, "host_queued_end": 1585660619.301698}, "device": "gpu", "nd_range": {"device_start": 1585660551.8423731, "device_end": 1585660551.8423793}, "cmdq": 1, "read": {"device_start": -1, "device_end": -1}}, "softmax41": {"write": {"device_start": -1, "host_queued_start": 1585660619.256223, "device_queued": -1, "device_end": -1, "host_queued_end": 1585660619.301698}, "device": "gpu", "nd_range": {"device_start": 1585660552.0049522, "device_end": 1585660552.0088956}, "cmdq": 0, "read": {"device_start": -1, "device_end": -1}}, "FFC_sans_bias37": {"write": {"device_start": 1585660551.8454845, "host_queued_start": 1585660619.135576, "device_queued": 1585660551.8452175, "device_end": 1585660551.8455923, "host_queued_end": 1585660619.301698}, "device": "gpu", "nd_range": {"device_start": 1585660551.8455968, "device_end": 1585660551.8519096}, "cmdq": 1, "read": {"device_start": -1, "device_end": -1}}, "FFC_sans_bias36": {"write": {"device_start": 1585660551.8451097, "host_queued_start": 1585660619.132263, "device_queued": 1585660551.844786, "device_end": 1585660551.845208, "host_queued_end": 1585660619.301698}, "device": "gpu", "nd_range": {"device_start": 1585660551.8452168, "device_end": 1585660551.84859}, "cmdq": 0, "read": {"device_start": -1, "device_end": -1}}, "FFC_sans_bias34": {"write": {"device_start": -1, "host_queued_start": 1585660619.377891, "device_queued": -1, "device_end": -1, "host_queued_end": 1585660619.377948}, "device": "cpu", "nd_range": {"device_start": 2328394.409016061, "device_end": 2328394.444756741}, "cmdq": 0, "read": {"device_start": -1, "device_end": -1}}, "FFC_sans_bias33": {"write": {"device_start": -1, "host_queued_start": 1585660619.364988, "device_queued": -1, "device_end": -1, "host_queued_end": 1585660619.377948}, "device": "cpu", "nd_range": {"device_start": 2328394.264951258, "device_end": 2328394.302600961}, "cmdq": 0, "read": {"device_start": -1, "device_end": -1}}, "FFC_sans_bias31": {"write": {"device_start": -1, "host_queued_start": 1585660619.360096, "device_queued": -1, "device_end": -1, "host_queued_end": 1585660619.377948}, "device": "cpu", "nd_range": {"device_start": 2328394.111640185, "device_end": 2328394.146472178}, "cmdq": 0, "read": {"device_start": -1, "device_end": -1}}, "FFC_sans_bias38": {"write": {"device_start": 1585660551.8488836, "host_queued_start": 1585660619.138954, "device_queued": 1585660551.8456016, "device_end": 1585660551.848991, "host_queued_end": 1585660619.301698}, "device": "gpu", "nd_range": {"device_start": 1585660551.8489947, "device_end": 1585660551.855245}, "cmdq": 0, "read": {"device_start": -1, "device_end": -1}}, "coalesced_transpose75": {"write": {"device_start": -1, "host_queued_start": 1585660619.249967, "device_queued": -1, "device_end": -1, "host_queued_end": 1585660619.301698}, "device": "gpu", "nd_range": {"device_start": 1585660551.971953, "device_end": 1585660551.9719863}, "cmdq": 0, "read": {"device_start": -1, "device_end": -1}}, "softmax140": {"write": {"device_start": -1, "host_queued_start": 1585660619.259087, "device_queued": -1, "device_end": -1, "host_queued_end": 1585660619.301698}, "device": "gpu", "nd_range": {"device_start": 1585660552.013606, "device_end": 1585660552.014247}, "cmdq": 1, "read": {"device_start": -1, "device_end": -1}}, "empty44": {"write": {"device_start": 1585660551.8410342, "host_queued_start": 1585660619.09967, "device_queued": 1585660551.8406682, "device_end": 1585660551.8411336, "host_queued_end": 1585660619.301698}, "device": "gpu", "nd_range": {"device_start": 1585660551.8411434, "device_end": 1585660551.8411474}, "cmdq": 0, "read": {"device_start": -1, "device_end": -1}}, "FFC_sans_bias137": {"write": {"device_start": 1585660551.9626253, "host_queued_start": 1585660619.245068, "device_queued": 1585660551.8534842, "device_end": 1585660551.9627194, "host_queued_end": 1585660619.301698}, "device": "gpu", "nd_range": {"device_start": 1585660551.9627254, "device_end": 1585660551.9688609}, "cmdq": 0, "read": {"device_start": -1, "device_end": -1}}, "empty8": {"write": {"device_start": -1, "host_queued_start": 1585660619.306817, "device_queued": -1, "device_end": -1, "host_queued_end": 1585660619.377948}, "device": "cpu", "nd_range": {"device_start": 2328393.5675556413, "device_end": 2328393.5675683683}, "cmdq": 0, "read": {"device_start": -1, "device_end": -1}}, "softmax50": {"write": {"device_start": -1, "host_queued_start": 1585660619.256477, "device_queued": -1, "device_end": -1, "host_queued_end": 1585660619.301698}, "device": "gpu", "nd_range": {"device_start": 1585660552.011521, "device_end": 1585660552.0119336}, "cmdq": 1, "read": {"device_start": -1, "device_end": -1}}, "softmax59": {"write": {"device_start": -1, "host_queued_start": 1585660619.256822, "device_queued": -1, "device_end": -1, "host_queued_end": 1585660619.301698}, "device": "gpu", "nd_range": {"device_start": 1585660552.0088975, "device_end": 1585660552.012066}, "cmdq": 0, "read": {"device_start": -1, "device_end": -1}}, "FFC_sans_bias142": {"write": {"device_start": 1585660552.0859673, "host_queued_start": 1585660619.301582, "device_queued": 1585660551.8632963, "device_end": 1585660552.086062, "host_queued_end": 1585660619.301698}, "device": "gpu", "nd_range": {"device_start": 1585660552.0860653, "device_end": 1585660552.0919154}, "cmdq": 1, "read": {"device_start": 1585660552.0919228, "device_end": 1585660552.0920086}}, "FFC_sans_bias141": {"write": {"device_start": -1, "host_queued_start": 1585660619.264428, "device_queued": -1, "device_end": -1, "host_queued_end": 1585660619.301698}, "device": "gpu", "nd_range": {"device_start": 1585660552.046459, "device_end": 1585660552.052957}, "cmdq": 1, "read": {"device_start": -1, "device_end": -1}}, "FFC_sans_bias24": {"write": {"device_start": -1, "host_queued_start": 1585660619.364398, "device_queued": -1, "device_end": -1, "host_queued_end": 1585660619.377948}, "device": "cpu", "nd_range": {"device_start": 2328394.227754409, "device_end": 2328394.264924896}, "cmdq": 0, "read": {"device_start": -1, "device_end": -1}}, "FFC_sans_bias25": {"write": {"device_start": -1, "host_queued_start": 1585660619.374708, "device_queued": -1, "device_end": -1, "host_queued_end": 1585660619.377948}, "device": "cpu", "nd_range": {"device_start": 2328394.373776801, "device_end": 2328394.409011209}, "cmdq": 0, "read": {"device_start": -1, "device_end": -1}}, "FFC_sans_bias27": {"write": {"device_start": -1, "host_queued_start": 1585660619.348609, "device_queued": -1, "device_end": -1, "host_queued_end": 1585660619.377948}, "device": "cpu", "nd_range": {"device_start": 2328393.895076286, "device_end": 2328393.931669467}, "cmdq": 0, "read": {"device_start": -1, "device_end": -1}}, "FFC_sans_bias20": {"write": {"device_start": -1, "host_queued_start": 1585660619.345352, "device_queued": -1, "device_end": -1, "host_queued_end": 1585660619.377948}, "device": "cpu", "nd_range": {"device_start": 2328393.859531072, "device_end": 2328393.895053146}, "cmdq": 0, "read": {"device_start": -1, "device_end": -1}}, "FFC_sans_bias22": {"write": {"device_start": -1, "host_queued_start": 1585660619.359374, "device_queued": -1, "device_end": -1, "host_queued_end": 1585660619.377948}, "device": "cpu", "nd_range": {"device_start": 2328394.0768143013, "device_end": 2328394.111619315}, "cmdq": 0, "read": {"device_start": -1, "device_end": -1}}, "FFC_sans_bias130": {"write": {"device_start": -1, "host_queued_start": 1585660619.255653, "device_queued": -1, "device_end": -1, "host_queued_end": 1585660619.301698}, "device": "gpu", "nd_range": {"device_start": 1585660551.998409, "device_end": 1585660552.004951}, "cmdq": 0, "read": {"device_start": -1, "device_end": -1}}, "FFC_sans_bias28": {"write": {"device_start": -1, "host_queued_start": 1585660619.35189, "device_queued": -1, "device_end": -1, "host_queued_end": 1585660619.377948}, "device": "cpu", "nd_range": {"device_start": 2328393.931688139, "device_end": 2328393.966922473}, "cmdq": 0, "read": {"device_start": -1, "device_end": -1}}, "FFC_sans_bias29": {"write": {"device_start": -1, "host_queued_start": 1585660619.355127, "device_queued": -1, "device_end": -1, "host_queued_end": 1585660619.377948}, "device": "cpu", "nd_range": {"device_start": 2328393.966932787, "device_end": 2328394.003188534}, "cmdq": 0, "read": {"device_start": -1, "device_end": -1}}, "coalesced_transpose66": {"write": {"device_start": -1, "host_queued_start": 1585660619.249654, "device_queued": -1, "device_end": -1, "host_queued_end": 1585660619.301698}, "device": "gpu", "nd_range": {"device_start": 1585660551.9752798, "device_end": 1585660551.9753218}, "cmdq": 1, "read": {"device_start": -1, "device_end": -1}}, "coalesced_transpose93": {"write": {"device_start": -1, "host_queued_start": 1585660619.250609, "device_queued": -1, "device_end": -1, "host_queued_end": 1585660619.301698}, "device": "gpu", "nd_range": {"device_start": 1585660551.9719985, "device_end": 1585660551.972024}, "cmdq": 0, "read": {"device_start": -1, "device_end": -1}}, "softmax23": {"write": {"device_start": -1, "host_queued_start": 1585660619.361787, "device_queued": -1, "device_end": -1, "host_queued_end": 1585660619.377948}, "device": "cpu", "nd_range": {"device_start": 2328394.147517837, "device_end": 2328394.147836984}, "cmdq": 0, "read": {"device_start": -1, "device_end": -1}}, "empty62": {"write": {"device_start": 1585660551.8417735, "host_queued_start": 1585660619.106035, "device_queued": 1585660551.8413663, "device_end": 1585660551.8420227, "host_queued_end": 1585660619.301698}, "device": "gpu", "nd_range": {"device_start": 1585660551.8420336, "device_end": 1585660551.842038}, "cmdq": 0, "read": {"device_start": -1, "device_end": -1}}, "FFC_sans_bias10": {"write": {"device_start": -1, "host_queued_start": 1585660619.332383, "device_queued": -1, "device_end": -1, "host_queued_end": 1585660619.377948}, "device": "cpu", "nd_range": {"device_start": 2328393.7122040302, "device_end": 2328393.750242356}, "cmdq": 0, "read": {"device_start": -1, "device_end": -1}}, "FFC_sans_bias13": {"write": {"device_start": -1, "host_queued_start": 1585660619.358705, "device_queued": -1, "device_end": -1, "host_queued_end": 1585660619.377948}, "device": "cpu", "nd_range": {"device_start": 2328394.0403961022, "device_end": 2328394.0767929633}, "cmdq": 0, "read": {"device_start": -1, "device_end": -1}}, "FFC_sans_bias15": {"write": {"device_start": -1, "host_queued_start": 1585660619.363806, "device_queued": -1, "device_end": -1, "host_queued_end": 1585660619.377948}, "device": "cpu", "nd_range": {"device_start": 2328394.18352823, "device_end": 2328394.227447029}, "cmdq": 0, "read": {"device_start": -1, "device_end": -1}}, "FFC_sans_bias16": {"write": {"device_start": -1, "host_queued_start": 1585660619.371553, "device_queued": -1, "device_end": -1, "host_queued_end": 1585660619.377948}, "device": "cpu", "nd_range": {"device_start": 2328394.3381949794, "device_end": 2328394.3737704963}, "cmdq": 0, "read": {"device_start": -1, "device_end": -1}}, "FFC_sans_bias19": {"write": {"device_start": -1, "host_queued_start": 1585660619.34213, "device_queued": -1, "device_end": -1, "host_queued_end": 1585660619.377948}, "device": "cpu", "nd_range": {"device_start": 2328393.8235128094, "device_end": 2328393.8595115864}, "cmdq": 0, "read": {"device_start": -1, "device_end": -1}}, "FFC_sans_bias18": {"write": {"device_start": -1, "host_queued_start": 1585660619.338902, "device_queued": -1, "device_end": -1, "host_queued_end": 1585660619.377948}, "device": "cpu", "nd_range": {"device_start": 2328393.78524181, "device_end": 2328393.823497589}, "cmdq": 0, "read": {"device_start": -1, "device_end": -1}}, "FFC_sans_bias99": {"write": {"device_start": 1585660551.91098, "host_queued_start": 1585660619.202064, "device_queued": 1585660551.8501568, "device_end": 1585660551.9110856, "host_queued_end": 1585660619.301698}, "device": "gpu", "nd_range": {"device_start": 1585660551.9110897, "device_end": 1585660551.917112}, "cmdq": 1, "read": {"device_start": -1, "device_end": -1}}, "FFC_sans_bias91": {"write": {"device_start": 1585660551.9044356, "host_queued_start": 1585660619.19544, "device_queued": 1585660551.8497112, "device_end": 1585660551.9045403, "host_queued_end": 1585660619.301698}, "device": "gpu", "nd_range": {"device_start": 1585660551.9045475, "device_end": 1585660551.9105897}, "cmdq": 1, "read": {"device_start": -1, "device_end": -1}}, "FFC_sans_bias90": {"write": {"device_start": 1585660551.9013133, "host_queued_start": 1585660619.192141, "device_queued": 1585660551.8494842, "device_end": 1585660551.9014194, "host_queued_end": 1585660619.301698}, "device": "gpu", "nd_range": {"device_start": 1585660551.9014237, "device_end": 1585660551.9073327}, "cmdq": 0, "read": {"device_start": -1, "device_end": -1}}, "coalesced_transpose12": {"write": {"device_start": -1, "host_queued_start": 1585660619.356242, "device_queued": -1, "device_end": -1, "host_queued_end": 1585660619.377948}, "device": "cpu", "nd_range": {"device_start": 2328394.003674658, "device_end": 2328394.004094106}, "cmdq": 0, "read": {"device_start": -1, "device_end": -1}}, "FFC_sans_bias94": {"write": {"device_start": -1, "host_queued_start": 1585660619.254379, "device_queued": -1, "device_end": -1, "host_queued_end": 1585660619.301698}, "device": "gpu", "nd_range": {"device_start": 1585660551.9853728, "device_end": 1585660551.991887}, "cmdq": 0, "read": {"device_start": -1, "device_end": -1}}, "FFC_sans_bias97": {"write": {"device_start": 1585660552.0698192, "host_queued_start": 1585660619.28621, "device_queued": 1585660551.861757, "device_end": 1585660552.0699198, "host_queued_end": 1585660619.301698}, "device": "gpu", "nd_range": {"device_start": 1585660552.0699227, "device_end": 1585660552.0757422}, "cmdq": 0, "read": {"device_start": 1585660552.0757484, "device_end": 1585660552.0758421}}, "FFC_sans_bias96": {"write": {"device_start": -1, "host_queued_start": 1585660619.261559, "device_queued": -1, "device_end": -1, "host_queued_end": 1585660619.301698}, "device": "gpu", "nd_range": {"device_start": 1585660552.0301833, "device_end": 1585660552.0367355}, "cmdq": 0, "read": {"device_start": -1, "device_end": -1}}, "FFC_sans_bias124": {"write": {"device_start": 1585660552.0795283, "host_queued_start": 1585660619.295402, "device_queued": 1585660551.862725, "device_end": 1585660552.0796235, "host_queued_end": 1585660619.301698}, "device": "gpu", "nd_range": {"device_start": 1585660552.0796282, "device_end": 1585660552.0854487}, "cmdq": 1, "read": {"device_start": 1585660552.0854518, "device_end": 1585660552.0855396}}, "FFC_sans_bias126": {"write": {"device_start": 1585660551.9528575, "host_queued_start": 1585660619.235124, "device_queued": 1585660551.8527372, "device_end": 1585660551.952967, "host_queued_end": 1585660619.301698}, "device": "gpu", "nd_range": {"device_start": 1585660551.9529715, "device_end": 1585660551.9590666}, "cmdq": 1, "read": {"device_start": -1, "device_end": -1}}, "softmax32": {"write": {"device_start": -1, "host_queued_start": 1585660619.362304, "device_queued": -1, "device_end": -1, "host_queued_end": 1585660619.377948}, "device": "cpu", "nd_range": {"device_start": 2328394.14795556, "device_end": 2328394.148255675}, "cmdq": 0, "read": {"device_start": -1, "device_end": -1}}, "coalesced_transpose84": {"write": {"device_start": -1, "host_queued_start": 1585660619.250292, "device_queued": -1, "device_end": -1, "host_queued_end": 1585660619.301698}, "device": "gpu", "nd_range": {"device_start": 1585660551.975331, "device_end": 1585660551.9753735}, "cmdq": 1, "read": {"device_start": -1, "device_end": -1}}, "FFC_sans_bias121": {"write": {"device_start": -1, "host_queued_start": 1585660619.255334, "device_queued": -1, "device_end": -1, "host_queued_end": 1585660619.301698}, "device": "gpu", "nd_range": {"device_start": 1585660552.0016804, "device_end": 1585660552.008177}, "cmdq": 1, "read": {"device_start": -1, "device_end": -1}}, "empty98": {"write": {"device_start": 1585660551.8430324, "host_queued_start": 1585660619.116469, "device_queued": 1585660551.8426993, "device_end": 1585660551.84331, "host_queued_end": 1585660619.301698}, "device": "gpu", "nd_range": {"device_start": 1585660551.8433208, "device_end": 1585660551.843326}, "cmdq": 0, "read": {"device_start": -1, "device_end": -1}}, "empty107": {"write": {"device_start": 1585660551.8433363, "host_queued_start": 1585660619.1191, "device_queued": 1585660551.8430147, "device_end": 1585660551.8436122, "host_queued_end": 1585660619.301698}, "device": "gpu", "nd_range": {"device_start": 1585660551.8436182, "device_end": 1585660551.8436224}, "cmdq": 1, "read": {"device_start": -1, "device_end": -1}}, "empty17": {"write": {"device_start": -1, "host_queued_start": 1585660619.309963, "device_queued": -1, "device_end": -1, "host_queued_end": 1585660619.377948}, "device": "cpu", "nd_range": {"device_start": 2328393.567592013, "device_end": 2328393.567593298}, "cmdq": 0, "read": {"device_start": -1, "device_end": -1}}, "FFC_sans_bias87": {"write": {"device_start": -1, "host_queued_start": 1585660619.260995, "device_queued": -1, "device_end": -1, "host_queued_end": 1585660619.301698}, "device": "gpu", "nd_range": {"device_start": 1585660552.0268798, "device_end": 1585660552.0334737}, "cmdq": 1, "read": {"device_start": -1, "device_end": -1}}, "FFC_sans_bias85": {"write": {"device_start": -1, "host_queued_start": 1585660619.254063, "device_queued": -1, "device_end": -1, "host_queued_end": 1585660619.301698}, "device": "gpu", "nd_range": {"device_start": 1585660551.9886794, "device_end": 1585660551.995165}, "cmdq": 1, "read": {"device_start": -1, "device_end": -1}}, "FFC_sans_bias82": {"write": {"device_start": 1585660551.8946526, "host_queued_start": 1585660619.185487, "device_queued": 1585660551.8490124, "device_end": 1585660551.894766, "host_queued_end": 1585660619.301698}, "device": "gpu", "nd_range": {"device_start": 1585660551.8947763, "device_end": 1585660551.9008234}, "cmdq": 0, "read": {"device_start": -1, "device_end": -1}}, "FFC_sans_bias83": {"write": {"device_start": 1585660551.8979452, "host_queued_start": 1585660619.188806, "device_queued": 1585660551.84925, "device_end": 1585660551.8980718, "host_queued_end": 1585660619.301698}, "device": "gpu", "nd_range": {"device_start": 1585660551.898078, "device_end": 1585660551.9040487}, "cmdq": 1, "read": {"device_start": -1, "device_end": -1}}, "FFC_sans_bias81": {"write": {"device_start": 1585660551.8913746, "host_queued_start": 1585660619.182159, "device_queued": 1585660551.848572, "device_end": 1585660551.8914785, "host_queued_end": 1585660619.301698}, "device": "gpu", "nd_range": {"device_start": 1585660551.8914847, "device_end": 1585660551.897532}, "cmdq": 1, "read": {"device_start": -1, "device_end": -1}}, "FFC_sans_bias88": {"write": {"device_start": 1585660552.0665615, "host_queued_start": 1585660619.28315, "device_queued": 1585660551.8614042, "device_end": 1585660552.066654, "host_queued_end": 1585660619.301698}, "device": "gpu", "nd_range": {"device_start": 1585660552.0666568, "device_end": 1585660552.0724359}, "cmdq": 1, "read": {"device_start": 1585660552.072439, "device_end": 1585660552.0725324}}, "coalesced_transpose30": {"write": {"device_start": -1, "host_queued_start": 1585660619.35752, "device_queued": -1, "device_end": -1, "host_queued_end": 1585660619.377948}, "device": "cpu", "nd_range": {"device_start": 2328394.004786827, "device_end": 2328394.005184328}, "cmdq": 0, "read": {"device_start": -1, "device_end": -1}}, "FFC_sans_bias128": {"write": {"device_start": 1585660551.9496307, "host_queued_start": 1585660619.23182, "device_queued": 1585660551.8524973, "device_end": 1585660551.9497266, "host_queued_end": 1585660619.301698}, "device": "gpu", "nd_range": {"device_start": 1585660551.9497304, "device_end": 1585660551.9558046}, "cmdq": 0, "read": {"device_start": -1, "device_end": -1}}, "coalesced_transpose39": {"write": {"device_start": -1, "host_queued_start": 1585660619.248731, "device_queued": -1, "device_end": -1, "host_queued_end": 1585660619.301698}, "device": "gpu", "nd_range": {"device_start": 1585660551.9688623, "device_end": 1585660551.9718928}, "cmdq": 0, "read": {"device_start": -1, "device_end": -1}}, "FFC_sans_bias79": {"write": {"device_start": 1585660552.063306, "host_queued_start": 1585660619.2801, "device_queued": 1585660551.8611495, "device_end": 1585660552.0634015, "host_queued_end": 1585660619.301698}, "device": "gpu", "nd_range": {"device_start": 1585660552.0634065, "device_end": 1585660552.0692325}, "cmdq": 0, "read": {"device_start": 1585660552.069241, "device_end": 1585660552.0693352}}, "FFC_sans_bias78": {"write": {"device_start": -1, "host_queued_start": 1585660619.260678, "device_queued": -1, "device_end": -1, "host_queued_end": 1585660619.301698}, "device": "gpu", "nd_range": {"device_start": 1585660552.0237427, "device_end": 1585660552.0301812}, "cmdq": 0, "read": {"device_start": -1, "device_end": -1}}, "FFC_sans_bias73": {"write": {"device_start": 1585660551.8848674, "host_queued_start": 1585660619.175341, "device_queued": 1585660551.8480868, "device_end": 1585660551.8849747, "host_queued_end": 1585660619.301698}, "device": "gpu", "nd_range": {"device_start": 1585660551.8849785, "device_end": 1585660551.8909924}, "cmdq": 1, "read": {"device_start": -1, "device_end": -1}}, "FFC_sans_bias72": {"write": {"device_start": 1585660551.8816085, "host_queued_start": 1585660619.172043, "device_queued": 1585660551.8478558, "device_end": 1585660551.8817132, "host_queued_end": 1585660619.301698}, "device": "gpu", "nd_range": {"device_start": 1585660551.8817184, "device_end": 1585660551.8877182}, "cmdq": 0, "read": {"device_start": -1, "device_end": -1}}, "FFC_sans_bias70": {"write": {"device_start": 1585660552.060035, "host_queued_start": 1585660619.276996, "device_queued": 1585660551.8608346, "device_end": 1585660552.0601287, "host_queued_end": 1585660619.301698}, "device": "gpu", "nd_range": {"device_start": 1585660552.060134, "device_end": 1585660552.065981}, "cmdq": 1, "read": {"device_start": 1585660552.0659888, "device_end": 1585660552.066087}}, "FFC_sans_bias76": {"write": {"device_start": -1, "host_queued_start": 1585660619.253741, "device_queued": -1, "device_end": -1, "host_queued_end": 1585660619.301698}, "device": "gpu", "nd_range": {"device_start": 1585660551.9788177, "device_end": 1585660551.9853702}, "cmdq": 0, "read": {"device_start": -1, "device_end": -1}}, "FFC_sans_bias74": {"write": {"device_start": 1585660551.888104, "host_queued_start": 1585660619.178716, "device_queued": 1585660551.8483176, "device_end": 1585660551.8882113, "host_queued_end": 1585660619.301698}, "device": "gpu", "nd_range": {"device_start": 1585660551.8882163, "device_end": 1585660551.8942423}, "cmdq": 0, "read": {"device_start": -1, "device_end": -1}}, "coalesced_transpose102": {"write": {"device_start": -1, "host_queued_start": 1585660619.250923, "device_queued": -1, "device_end": -1, "host_queued_end": 1585660619.301698}, "device": "gpu", "nd_range": {"device_start": 1585660551.9753883, "device_end": 1585660551.975416}, "cmdq": 1, "read": {"device_start": -1, "device_end": -1}}, "coalesced_transpose3": {"write": {"device_start": -1, "host_queued_start": 1585660619.355481, "device_queued": -1, "device_end": -1, "host_queued_end": 1585660619.377948}, "device": "cpu", "nd_range": {"device_start": 2328394.003206972, "device_end": 2328394.003665958}, "cmdq": 0, "read": {"device_start": -1, "device_end": -1}}, "FFC_sans_bias127": {"write": {"device_start": 1585660551.9560912, "host_queued_start": 1585660619.238472, "device_queued": 1585660551.8530014, "device_end": 1585660551.95619, "host_queued_end": 1585660619.301698}, "device": "gpu", "nd_range": {"device_start": 1585660551.956195, "device_end": 1585660551.962338}, "cmdq": 0, "read": {"device_start": -1, "device_end": -1}}, "empty89": {"write": {"device_start": 1585660551.8427262, "host_queued_start": 1585660619.113841, "device_queued": 1585660551.8423815, "device_end": 1585660551.8429954, "host_queued_end": 1585660619.301698}, "device": "gpu", "nd_range": {"device_start": 1585660551.843005, "device_end": 1585660551.8430095}, "cmdq": 1, "read": {"device_start": -1, "device_end": -1}}, "FFC_sans_bias123": {"write": {"device_start": -1, "host_queued_start": 1585660619.263285, "device_queued": -1, "device_end": -1, "host_queued_end": 1585660619.301698}, "device": "gpu", "nd_range": {"device_start": 1585660552.0399203, "device_end": 1585660552.0464573}, "cmdq": 1, "read": {"device_start": -1, "device_end": -1}}, "empty80": {"write": {"device_start": 1585660551.8424172, "host_queued_start": 1585660619.111264, "device_queued": 1585660551.8420477, "device_end": 1585660551.8426795, "host_queued_end": 1585660619.301698}, "device": "gpu", "nd_range": {"device_start": 1585660551.8426902, "device_end": 1585660551.842694}, "cmdq": 0, "read": {"device_start": -1, "device_end": -1}}, "empty116": {"write": {"device_start": 1585660551.843635, "host_queued_start": 1585660619.121687, "device_queued": 1585660551.8433323, "device_end": 1585660551.8439035, "host_queued_end": 1585660619.301698}, "device": "gpu", "nd_range": {"device_start": 1585660551.8439164, "device_end": 1585660551.8439214}, "cmdq": 0, "read": {"device_start": -1, "device_end": -1}}, "softmax104": {"write": {"device_start": -1, "host_queued_start": 1585660619.258092, "device_queued": -1, "device_end": -1, "host_queued_end": 1585660619.301698}, "device": "gpu", "nd_range": {"device_start": 1585660552.0127728, "device_end": 1585660552.0131876}, "cmdq": 1, "read": {"device_start": -1, "device_end": -1}}, "coalesced_transpose21": {"write": {"device_start": -1, "host_queued_start": 1585660619.356936, "device_queued": -1, "device_end": -1, "host_queued_end": 1585660619.377948}, "device": "cpu", "nd_range": {"device_start": 2328394.0042664832, "device_end": 2328394.004655025}, "cmdq": 0, "read": {"device_start": -1, "device_end": -1}}, "softmax14": {"write": {"device_start": -1, "host_queued_start": 1585660619.361271, "device_queued": -1, "device_end": -1, "host_queued_end": 1585660619.377948}, "device": "cpu", "nd_range": {"device_start": 2328394.147062209, "device_end": 2328394.147386453}, "cmdq": 0, "read": {"device_start": -1, "device_end": -1}}, "FFC_sans_bias69": {"write": {"device_start": -1, "host_queued_start": 1585660619.260358, "device_queued": -1, "device_end": -1, "host_queued_end": 1585660619.301698}, "device": "gpu", "nd_range": {"device_start": 1585660552.0204434, "device_end": 1585660552.0268786}, "cmdq": 1, "read": {"device_start": -1, "device_end": -1}}, "FFC_sans_bias92": {"write": {"device_start": 1585660551.9077265, "host_queued_start": 1585660619.198786, "device_queued": 1585660551.8499298, "device_end": 1585660551.9078295, "host_queued_end": 1585660619.301698}, "device": "gpu", "nd_range": {"device_start": 1585660551.9078348, "device_end": 1585660551.9138477}, "cmdq": 0, "read": {"device_start": -1, "device_end": -1}}, "FFC_sans_bias60": {"write": {"device_start": -1, "host_queued_start": 1585660619.260037, "device_queued": -1, "device_end": -1, "host_queued_end": 1585660619.301698}, "device": "gpu", "nd_range": {"device_start": 1585660552.0171115, "device_end": 1585660552.0237408}, "cmdq": 0, "read": {"device_start": -1, "device_end": -1}}, "FFC_sans_bias61": {"write": {"device_start": 1585660552.0568292, "host_queued_start": 1585660619.273892, "device_queued": 1585660551.860558, "device_end": 1585660552.0569303, "host_queued_end": 1585660619.301698}, "device": "gpu", "nd_range": {"device_start": 1585660552.056935, "device_end": 1585660552.062693}, "cmdq": 0, "read": {"device_start": 1585660552.062703, "device_end": 1585660552.0627992}}, "FFC_sans_bias63": {"write": {"device_start": 1585660551.878337, "host_queued_start": 1585660619.168733, "device_queued": 1585660551.8476248, "device_end": 1585660551.878443, "host_queued_end": 1585660619.301698}, "device": "gpu", "nd_range": {"device_start": 1585660551.8784492, "device_end": 1585660551.8844821}, "cmdq": 1, "read": {"device_start": -1, "device_end": -1}}, "FFC_sans_bias64": {"write": {"device_start": 1585660551.8717947, "host_queued_start": 1585660619.162167, "device_queued": 1585660551.8471885, "device_end": 1585660551.8719003, "host_queued_end": 1585660619.301698}, "device": "gpu", "nd_range": {"device_start": 1585660551.871907, "device_end": 1585660551.8779476}, "cmdq": 1, "read": {"device_start": -1, "device_end": -1}}, "FFC_sans_bias65": {"write": {"device_start": 1585660551.8751101, "host_queued_start": 1585660619.165454, "device_queued": 1585660551.8474102, "device_end": 1585660551.8752232, "host_queued_end": 1585660619.301698}, "device": "gpu", "nd_range": {"device_start": 1585660551.8752277, "device_end": 1585660551.881206}, "cmdq": 0, "read": {"device_start": -1, "device_end": -1}}, "FFC_sans_bias67": {"write": {"device_start": -1, "host_queued_start": 1585660619.253426, "device_queued": -1, "device_end": -1, "host_queued_end": 1585660619.301698}, "device": "gpu", "nd_range": {"device_start": 1585660551.9821656, "device_end": 1585660551.9886773}, "cmdq": 1, "read": {"device_start": -1, "device_end": -1}}, "coalesced_transpose111": {"write": {"device_start": -1, "host_queued_start": 1585660619.251231, "device_queued": -1, "device_end": -1, "host_queued_end": 1585660619.301698}, "device": "gpu", "nd_range": {"device_start": 1585660551.9720387, "device_end": 1585660551.9720623}, "cmdq": 0, "read": {"device_start": -1, "device_end": -1}}, "FFC_sans_bias136": {"write": {"device_start": 1585660551.9593415, "host_queued_start": 1585660619.241756, "device_queued": 1585660551.8532426, "device_end": 1585660551.9594371, "host_queued_end": 1585660619.301698}, "device": "gpu", "nd_range": {"device_start": 1585660551.9594426, "device_end": 1585660551.9656363}, "cmdq": 1, "read": {"device_start": -1, "device_end": -1}}, "FFC_sans_bias135": {"write": {"device_start": 1585660551.9659004, "host_queued_start": 1585660619.248392, "device_queued": 1585660551.8537278, "device_end": 1585660551.9659944, "host_queued_end": 1585660619.301698}, "device": "gpu", "nd_range": {"device_start": 1585660551.966, "device_end": 1585660551.972115}, "cmdq": 1, "read": {"device_start": -1, "device_end": -1}}, "FFC_sans_bias133": {"write": {"device_start": 1585660552.0827484, "host_queued_start": 1585660619.298513, "device_queued": 1585660551.8630464, "device_end": 1585660552.0828404, "host_queued_end": 1585660619.301698}, "device": "gpu", "nd_range": {"device_start": 1585660552.0828438, "device_end": 1585660552.0887241}, "cmdq": 0, "read": {"device_start": 1585660552.0887332, "device_end": 1585660552.0888202}}, "FFC_sans_bias132": {"write": {"device_start": -1, "host_queued_start": 1585660619.263857, "device_queued": -1, "device_end": -1, "host_queued_end": 1585660619.301698}, "device": "gpu", "nd_range": {"device_start": 1585660552.0432165, "device_end": 1585660552.0497155}, "cmdq": 0, "read": {"device_start": -1, "device_end": -1}}, "softmax68": {"write": {"device_start": -1, "host_queued_start": 1585660619.257083, "device_queued": -1, "device_end": -1, "host_queued_end": 1585660619.301698}, "device": "gpu", "nd_range": {"device_start": 1585660552.0119352, "device_end": 1585660552.0123518}, "cmdq": 1, "read": {"device_start": -1, "device_end": -1}}, "softmax131": {"write": {"device_start": -1, "host_queued_start": 1585660619.258838, "device_queued": -1, "device_end": -1, "host_queued_end": 1585660619.301698}, "device": "gpu", "nd_range": {"device_start": 1585660552.0133286, "device_end": 1585660552.0137446}, "cmdq": 0, "read": {"device_start": -1, "device_end": -1}}, "empty125": {"write": {"device_start": 1585660551.8440065, "host_queued_start": 1585660619.124303, "device_queued": 1585660551.8436306, "device_end": 1585660551.8443608, "host_queued_end": 1585660619.301698}, "device": "gpu", "nd_range": {"device_start": 1585660551.8443646, "device_end": 1585660551.8443696}, "cmdq": 1, "read": {"device_start": -1, "device_end": -1}}, "FFC_sans_bias139": {"write": {"device_start": -1, "host_queued_start": 1585660619.255971, "device_queued": -1, "device_end": -1, "host_queued_end": 1585660619.301698}, "device": "gpu", "nd_range": {"device_start": 1585660552.00818, "device_end": 1585660552.0115194}, "cmdq": 1, "read": {"device_start": -1, "device_end": -1}}, "empty35": {"write": {"device_start": -1, "host_queued_start": 1585660619.315834, "device_queued": -1, "device_end": -1, "host_queued_end": 1585660619.377948}, "device": "cpu", "nd_range": {"device_start": 2328393.567604137, "device_end": 2328393.5676052542}, "cmdq": 0, "read": {"device_start": -1, "device_end": -1}}, "softmax86": {"write": {"device_start": -1, "host_queued_start": 1585660619.257596, "device_queued": -1, "device_end": -1, "host_queued_end": 1585660619.301698}, "device": "gpu", "nd_range": {"device_start": 1585660552.0123537, "device_end": 1585660552.012771}, "cmdq": 1, "read": {"device_start": -1, "device_end": -1}}, "FFC_sans_bias55": {"write": {"device_start": 1585660551.868531, "host_queued_start": 1585660619.158864, "device_queued": 1585660551.8469706, "device_end": 1585660551.868634, "host_queued_end": 1585660619.301698}, "device": "gpu", "nd_range": {"device_start": 1585660551.8686383, "device_end": 1585660551.8747153}, "cmdq": 0, "read": {"device_start": -1, "device_end": -1}}, "FFC_sans_bias54": {"write": {"device_start": 1585660551.8653297, "host_queued_start": 1585660619.15549, "device_queued": 1585660551.846751, "device_end": 1585660551.8654306, "host_queued_end": 1585660619.301698}, "device": "gpu", "nd_range": {"device_start": 1585660551.8654351, "device_end": 1585660551.8714154}, "cmdq": 1, "read": {"device_start": -1, "device_end": -1}}, "FFC_sans_bias56": {"write": {"device_start": 1585660551.8620288, "host_queued_start": 1585660619.152184, "device_queued": 1585660551.8465219, "device_end": 1585660551.862131, "host_queued_end": 1585660619.301698}, "device": "gpu", "nd_range": {"device_start": 1585660551.8621352, "device_end": 1585660551.8681338}, "cmdq": 0, "read": {"device_start": -1, "device_end": -1}}, "FFC_sans_bias51": {"write": {"device_start": -1, "host_queued_start": 1585660619.259712, "device_queued": -1, "device_end": -1, "host_queued_end": 1585660619.301698}, "device": "gpu", "nd_range": {"device_start": 1585660552.0142486, "device_end": 1585660552.0204422}, "cmdq": 1, "read": {"device_start": -1, "device_end": -1}}, "FFC_sans_bias52": {"write": {"device_start": 1585660552.053223, "host_queued_start": 1585660619.270756, "device_queued": 1585660551.860249, "device_end": 1585660552.053317, "host_queued_end": 1585660619.301698}, "device": "gpu", "nd_range": {"device_start": 1585660552.0533216, "device_end": 1585660552.0594492}, "cmdq": 1, "read": {"device_start": 1585660552.0594516, "device_end": 1585660552.059547}}, "FFC_sans_bias58": {"write": {"device_start": -1, "host_queued_start": 1585660619.253108, "device_queued": -1, "device_end": -1, "host_queued_end": 1585660619.301698}, "device": "gpu", "nd_range": {"device_start": 1585660551.9754407, "device_end": 1585660551.9788158}, "cmdq": 0, "read": {"device_start": -1, "device_end": -1}}, "FFC_sans_bias108": {"write": {"device_start": 1585660551.9295805, "host_queued_start": 1585660619.211982, "device_queued": 1585660551.8508584, "device_end": 1585660551.9296794, "host_queued_end": 1585660619.301698}, "device": "gpu", "nd_range": {"device_start": 1585660551.929685, "device_end": 1585660551.9363031}, "cmdq": 0, "read": {"device_start": -1, "device_end": -1}}, "FFC_sans_bias109": {"write": {"device_start": 1585660551.9332592, "host_queued_start": 1585660619.21529, "device_queued": 1585660551.8510935, "device_end": 1585660551.933353, "host_queued_end": 1585660619.301698}, "device": "gpu", "nd_range": {"device_start": 1585660551.9333572, "device_end": 1585660551.9396036}, "cmdq": 1, "read": {"device_start": -1, "device_end": -1}}, "coalesced_transpose129": {"write": {"device_start": -1, "host_queued_start": 1585660619.251841, "device_queued": -1, "device_end": -1, "host_queued_end": 1585660619.301698}, "device": "gpu", "nd_range": {"device_start": 1585660551.972065, "device_end": 1585660551.9720886}, "cmdq": 0, "read": {"device_start": -1, "device_end": -1}}, "FFC_sans_bias103": {"write": {"device_start": -1, "host_queued_start": 1585660619.254706, "device_queued": -1, "device_end": -1, "host_queued_end": 1585660619.301698}, "device": "gpu", "nd_range": {"device_start": 1585660551.995167, "device_end": 1585660552.0016778}, "cmdq": 1, "read": {"device_start": -1, "device_end": -1}}, "FFC_sans_bias100": {"write": {"device_start": 1585660551.9142354, "host_queued_start": 1585660619.205349, "device_queued": 1585660551.8503919, "device_end": 1585660551.9143417, "host_queued_end": 1585660619.301698}, "device": "gpu", "nd_range": {"device_start": 1585660551.9143474, "device_end": 1585660551.9203494}, "cmdq": 0, "read": {"device_start": -1, "device_end": -1}}, "FFC_sans_bias101": {"write": {"device_start": 1585660551.929268, "host_queued_start": 1585660619.208672, "device_queued": 1585660551.8506267, "device_end": 1585660551.9295745, "host_queued_end": 1585660619.301698}, "device": "gpu", "nd_range": {"device_start": 1585660551.9295828, "device_end": 1585660551.9329581}, "cmdq": 1, "read": {"device_start": -1, "device_end": -1}}, "FFC_sans_bias106": {"write": {"device_start": 1585660552.0729995, "host_queued_start": 1585660619.289264, "device_queued": 1585660551.8621457, "device_end": 1585660552.0730932, "host_queued_end": 1585660619.301698}, "device": "gpu", "nd_range": {"device_start": 1585660552.0730963, "device_end": 1585660552.0789514}, "cmdq": 1, "read": {"device_start": 1585660552.0789626, "device_end": 1585660552.079059}}, "softmax122": {"write": {"device_start": -1, "host_queued_start": 1585660619.258591, "device_queued": -1, "device_end": -1, "host_queued_end": 1585660619.301698}, "device": "gpu", "nd_range": {"device_start": 1585660552.0131896, "device_end": 1585660552.0136042}, "cmdq": 1, "read": {"device_start": -1, "device_end": -1}}, "FFC_sans_bias105": {"write": {"device_start": -1, "host_queued_start": 1585660619.262127, "device_queued": -1, "device_end": -1, "host_queued_end": 1585660619.301698}, "device": "gpu", "nd_range": {"device_start": 1585660552.033475, "device_end": 1585660552.0399191}, "cmdq": 1, "read": {"device_start": -1, "device_end": -1}}, "softmax95": {"write": {"device_start": -1, "host_queued_start": 1585660619.257843, "device_queued": -1, "device_end": -1, "host_queued_end": 1585660619.301698}, "device": "gpu", "nd_range": {"device_start": 1585660552.0124888, "device_end": 1585660552.0129058}, "cmdq": 0, "read": {"device_start": -1, "device_end": -1}}, "coalesced_transpose57": {"write": {"device_start": -1, "host_queued_start": 1585660619.249353, "device_queued": -1, "device_end": -1, "host_queued_end": 1585660619.301698}, "device": "gpu", "nd_range": {"device_start": 1585660551.9718957, "device_end": 1585660551.971944}, "cmdq": 0, "read": {"device_start": -1, "device_end": -1}}, "empty26": {"write": {"device_start": -1, "host_queued_start": 1585660619.312897, "device_queued": -1, "device_end": -1, "host_queued_end": 1585660619.377948}, "device": "cpu", "nd_range": {"device_start": 2328393.567598495, "device_end": 2328393.567599397}, "cmdq": 0, "read": {"device_start": -1, "device_end": -1}}, "softmax113": {"write": {"device_start": -1, "host_queued_start": 1585660619.258339, "device_queued": -1, "device_end": -1, "host_queued_end": 1585660619.301698}, "device": "gpu", "nd_range": {"device_start": 1585660552.0129073, "device_end": 1585660552.0133264}, "cmdq": 0, "read": {"device_start": -1, "device_end": -1}}, "FFC_sans_bias11": {"write": {"device_start": -1, "host_queued_start": 1585660619.335619, "device_queued": -1, "device_end": -1, "host_queued_end": 1585660619.377948}, "device": "cpu", "nd_range": {"device_start": 2328393.75047726, "device_end": 2328393.785232101}, "cmdq": 0, "read": {"device_start": -1, "device_end": -1}}, "FFC_sans_bias42": {"write": {"device_start": -1, "host_queued_start": 1585660619.259398, "device_queued": -1, "device_end": -1, "host_queued_end": 1585660619.301698}, "device": "gpu", "nd_range": {"device_start": 1585660552.013746, "device_end": 1585660552.0171103}, "cmdq": 0, "read": {"device_start": -1, "device_end": -1}}, "FFC_sans_bias43": {"write": {"device_start": 1585660552.0500166, "host_queued_start": 1585660619.267687, "device_queued": 1585660551.8599818, "device_end": 1585660552.0501134, "host_queued_end": 1585660619.301698}, "device": "gpu", "nd_range": {"device_start": 1585660552.0501163, "device_end": 1585660552.0562158}, "cmdq": 0, "read": {"device_start": 1585660552.0562181, "device_end": 1585660552.0563138}}, "FFC_sans_bias40": {"write": {"device_start": -1, "host_queued_start": 1585660619.252467, "device_queued": -1, "device_end": -1, "host_queued_end": 1585660619.301698}, "device": "gpu", "nd_range": {"device_start": 1585660551.9720898, "device_end": 1585660551.9754393}, "cmdq": 0, "read": {"device_start": -1, "device_end": -1}}, "FFC_sans_bias46": {"write": {"device_start": 1585660551.8556123, "host_queued_start": 1585660619.145541, "device_queued": 1585660551.8460658, "device_end": 1585660551.8557117, "host_queued_end": 1585660619.301698}, "device": "gpu", "nd_range": {"device_start": 1585660551.8557203, "device_end": 1585660551.8616455}, "cmdq": 0, "read": {"device_start": -1, "device_end": -1}}, "FFC_sans_bias47": {"write": {"device_start": 1585660551.8587017, "host_queued_start": 1585660619.148854, "device_queued": 1585660551.8462937, "device_end": 1585660551.8588066, "host_queued_end": 1585660619.301698}, "device": "gpu", "nd_range": {"device_start": 1585660551.8588123, "device_end": 1585660551.8649182}, "cmdq": 1, "read": {"device_start": -1, "device_end": -1}}, "FFC_sans_bias45": {"write": {"device_start": 1585660551.8522596, "host_queued_start": 1585660619.142257, "device_queued": 1585660551.8458364, "device_end": 1585660551.852358, "host_queued_end": 1585660619.301698}, "device": "gpu", "nd_range": {"device_start": 1585660551.852362, "device_end": 1585660551.8583164}, "cmdq": 1, "read": {"device_start": -1, "device_end": -1}}, "FFC_sans_bias49": {"write": {"device_start": -1, "host_queued_start": 1585660619.252785, "device_queued": -1, "device_end": -1, "host_queued_end": 1585660619.301698}, "device": "gpu", "nd_range": {"device_start": 1585660551.978634, "device_end": 1585660551.982163}, "cmdq": 1, "read": {"device_start": -1, "device_end": -1}}, "softmax77": {"write": {"device_start": -1, "host_queued_start": 1585660619.257355, "device_queued": -1, "device_end": -1, "host_queued_end": 1585660619.301698}, "device": "gpu", "nd_range": {"device_start": 1585660552.0120678, "device_end": 1585660552.012487}, "cmdq": 0, "read": {"device_start": -1, "device_end": -1}}, "empty134": {"write": {"device_start": 1585660551.844438, "host_queued_start": 1585660619.126894, "device_queued": 1585660551.8439271, "device_end": 1585660551.844765, "host_queued_end": 1585660619.301698}, "device": "gpu", "nd_range": {"device_start": 1585660551.8447685, "device_end": 1585660551.8447812}, "cmdq": 0, "read": {"device_start": -1, "device_end": -1}}, "coalesced_transpose138": {"write": {"device_start": -1, "host_queued_start": 1585660619.252148, "device_queued": -1, "device_end": -1, "host_queued_end": 1585660619.301698}, "device": "gpu", "nd_range": {"device_start": 1585660551.9754603, "device_end": 1585660551.978632}, "cmdq": 1, "read": {"device_start": -1, "device_end": -1}}, "FFC_sans_bias119": {"write": {"device_start": 1585660551.9463155, "host_queued_start": 1585660619.228519, "device_queued": 1585660551.8521602, "device_end": 1585660551.946412, "host_queued_end": 1585660619.301698}, "device": "gpu", "nd_range": {"device_start": 1585660551.94642, "device_end": 1585660551.952563}, "cmdq": 1, "read": {"device_start": -1, "device_end": -1}}, "FFC_sans_bias118": {"write": {"device_start": 1585660551.9430058, "host_queued_start": 1585660619.225209, "device_queued": 1585660551.851825, "device_end": 1585660551.943103, "host_queued_end": 1585660619.301698}, "device": "gpu", "nd_range": {"device_start": 1585660551.9431078, "device_end": 1585660551.9493515}, "cmdq": 0, "read": {"device_start": -1, "device_end": -1}}, "empty143": {"write": {"device_start": 1585660551.84477, "host_queued_start": 1585660619.129476, "device_queued": 1585660551.844385, "device_end": 1585660551.8449688, "host_queued_end": 1585660619.301698}, "device": "gpu", "nd_range": {"device_start": 1585660551.8449786, "device_end": 1585660551.8449821}, "cmdq": 1, "read": {"device_start": -1, "device_end": -1}}, "FFC_sans_bias115": {"write": {"device_start": 1585660552.076285, "host_queued_start": 1585660619.292332, "device_queued": 1585660551.8624692, "device_end": 1585660552.076377, "host_queued_end": 1585660619.301698}, "device": "gpu", "nd_range": {"device_start": 1585660552.0763812, "device_end": 1585660552.0822172}, "cmdq": 0, "read": {"device_start": 1585660552.0822203, "device_end": 1585660552.0823107}}, "FFC_sans_bias114": {"write": {"device_start": -1, "host_queued_start": 1585660619.262712, "device_queued": -1, "device_end": -1, "host_queued_end": 1585660619.301698}, "device": "gpu", "nd_range": {"device_start": 1585660552.0367372, "device_end": 1585660552.0432143}, "cmdq": 0, "read": {"device_start": -1, "device_end": -1}}, "FFC_sans_bias117": {"write": {"device_start": 1585660551.9398851, "host_queued_start": 1585660619.221912, "device_queued": 1585660551.8515863, "device_end": 1585660551.9399807, "host_queued_end": 1585660619.301698}, "device": "gpu", "nd_range": {"device_start": 1585660551.9399867, "device_end": 1585660551.946047}, "cmdq": 1, "read": {"device_start": -1, "device_end": -1}}, "softmax5": {"write": {"device_start": -1, "host_queued_start": 1585660619.36075, "device_queued": -1, "device_end": -1, "host_queued_end": 1585660619.377948}, "device": "cpu", "nd_range": {"device_start": 2328394.1464909543, "device_end": 2328394.146899852}, "cmdq": 0, "read": {"device_start": -1, "device_end": -1}}, "FFC_sans_bias110": {"write": {"device_start": 1585660551.9365942, "host_queued_start": 1585660619.21863, "device_queued": 1585660551.851331, "device_end": 1585660551.9366887, "host_queued_end": 1585660619.301698}, "device": "gpu", "nd_range": {"device_start": 1585660551.9366937, "device_end": 1585660551.9427238}, "cmdq": 0, "read": {"device_start": -1, "device_end": -1}}, "FFC_sans_bias112": {"write": {"device_start": -1, "host_queued_start": 1585660619.255019, "device_queued": -1, "device_end": -1, "host_queued_end": 1585660619.301698}, "device": "gpu", "nd_range": {"device_start": 1585660551.9918895, "device_end": 1585660551.9984074}, "cmdq": 0, "read": {"device_start": -1, "device_end": -1}}, "empty53": {"write": {"device_start": 1585660551.841443, "host_queued_start": 1585660619.10309, "device_queued": 1585660551.841148, "device_end": 1585660551.8417587, "host_queued_end": 1585660619.301698}, "device": "gpu", "nd_range": {"device_start": 1585660551.841762, "device_end": 1585660551.8417666}, "cmdq": 1, "read": {"device_start": -1, "device_end": -1}}, "coalesced_transpose48": {"write": {"device_start": -1, "host_queued_start": 1585660619.249046, "device_queued": -1, "device_end": -1, "host_queued_end": 1585660619.301698}, "device": "gpu", "nd_range": {"device_start": 1585660551.9721184, "device_end": 1585660551.9752772}, "cmdq": 1, "read": {"device_start": -1, "device_end": -1}}}