{"FFC_sans_bias4": {"write": {"device_start": -1, "host_queued_start": 1585660344.434422, "device_queued": -1, "device_end": -1, "host_queued_end": 1585660344.507508}, "device": "cpu", "nd_range": {"device_start": 2328120.329572767, "device_end": 2328120.392777589}, "cmdq": 1, "read": {"device_start": -1, "device_end": -1}}, "FFC_sans_bias7": {"write": {"device_start": -1, "host_queued_start": 1585660344.464081, "device_queued": -1, "device_end": -1, "host_queued_end": 1585660344.507508}, "device": "cpu", "nd_range": {"device_start": 2328121.49621037, "device_end": 2328121.573197905}, "cmdq": 0, "read": {"device_start": -1, "device_end": -1}}, "FFC_sans_bias6": {"write": {"device_start": -1, "host_queued_start": 1585660344.451812, "device_queued": -1, "device_end": -1, "host_queued_end": 1585660344.507508}, "device": "cpu", "nd_range": {"device_start": 2328120.901429289, "device_end": 2328120.96100799}, "cmdq": 1, "read": {"device_start": -1, "device_end": -1}}, "FFC_sans_bias1": {"write": {"device_start": -1, "host_queued_start": 1585660344.280131, "device_queued": -1, "device_end": -1, "host_queued_end": 1585660344.507508}, "device": "cpu", "nd_range": {"device_start": 2328118.697223882, "device_end": 2328118.7777647893}, "cmdq": 0, "read": {"device_start": -1, "device_end": -1}}, "FFC_sans_bias0": {"write": {"device_start": -1, "host_queued_start": 1585660344.276436, "device_queued": -1, "device_end": -1, "host_queued_end": 1585660344.507508}, "device": "cpu", "nd_range": {"device_start": 2328118.6972135673, "device_end": 2328118.75749969}, "cmdq": 1, "read": {"device_start": -1, "device_end": -1}}, "FFC_sans_bias2": {"write": {"device_start": -1, "host_queued_start": 1585660344.283704, "device_queued": -1, "device_end": -1, "host_queued_end": 1585660344.507508}, "device": "cpu", "nd_range": {"device_start": 2328118.757713029, "device_end": 2328118.822973609}, "cmdq": 1, "read": {"device_start": -1, "device_end": -1}}, "coalesced_transpose120": {"write": {"device_start": -1, "host_queued_start": 1585660344.433245, "device_queued": -1, "device_end": -1, "host_queued_end": 1585660344.507508}, "device": "cpu", "nd_range": {"device_start": 2328120.314116038, "device_end": 2328120.3149978}, "cmdq": 1, "read": {"device_start": -1, "device_end": -1}}, "FFC_sans_bias9": {"write": {"device_start": -1, "host_queued_start": 1585660344.287241, "device_queued": -1, "device_end": -1, "host_queued_end": 1585660344.507508}, "device": "cpu", "nd_range": {"device_start": 2328118.77778236, "device_end": 2328118.890325204}, "cmdq": 0, "read": {"device_start": -1, "device_end": -1}}, "empty71": {"write": {"device_start": -1, "host_queued_start": 1585660344.254974, "device_queued": -1, "device_end": -1, "host_queued_end": 1585660344.507508}, "device": "cpu", "nd_range": {"device_start": 2328118.697191745, "device_end": 2328118.697192461}, "cmdq": 1, "read": {"device_start": -1, "device_end": -1}}, "softmax41": {"write": {"device_start": -1, "host_queued_start": 1585660344.445834, "device_queued": -1, "device_end": -1, "host_queued_end": 1585660344.507508}, "device": "cpu", "nd_range": {"device_start": 2328120.909286505, "device_end": 2328120.9099960993}, "cmdq": 0, "read": {"device_start": -1, "device_end": -1}}, "FFC_sans_bias37": {"write": {"device_start": -1, "host_queued_start": 1585660344.322237, "device_queued": -1, "device_end": -1, "host_queued_end": 1585660344.507508}, "device": "cpu", "nd_range": {"device_start": 2328119.1764383693, "device_end": 2328119.2560941493}, "cmdq": 0, "read": {"device_start": -1, "device_end": -1}}, "FFC_sans_bias36": {"write": {"device_start": -1, "host_queued_start": 1585660344.318733, "device_queued": -1, "device_end": -1, "host_queued_end": 1585660344.507508}, "device": "cpu", "nd_range": {"device_start": 2328119.056988154, "device_end": 2328119.1318267263}, "cmdq": 1, "read": {"device_start": -1, "device_end": -1}}, "FFC_sans_bias34": {"write": {"device_start": -1, "host_queued_start": 1585660344.473457, "device_queued": -1, "device_end": -1, "host_queued_end": 1585660344.507508}, "device": "cpu", "nd_range": {"device_start": 2328121.639410164, "device_end": 2328121.7440041043}, "cmdq": 1, "read": {"device_start": -1, "device_end": -1}}, "FFC_sans_bias33": {"write": {"device_start": -1, "host_queued_start": 1585660344.453678, "device_queued": -1, "device_end": -1, "host_queued_end": 1585660344.507508}, "device": "cpu", "nd_range": {"device_start": 2328121.024205793, "device_end": 2328121.092615487}, "cmdq": 0, "read": {"device_start": -1, "device_end": -1}}, "FFC_sans_bias31": {"write": {"device_start": -1, "host_queued_start": 1585660344.436274, "device_queued": -1, "device_end": -1, "host_queued_end": 1585660344.507508}, "device": "cpu", "nd_range": {"device_start": 2328120.4341137423, "device_end": 2328120.519812352}, "cmdq": 0, "read": {"device_start": -1, "device_end": -1}}, "FFC_sans_bias38": {"write": {"device_start": -1, "host_queued_start": 1585660344.325669, "device_queued": -1, "device_end": -1, "host_queued_end": 1585660344.507508}, "device": "cpu", "nd_range": {"device_start": 2328119.132047988, "device_end": 2328119.2137990473}, "cmdq": 1, "read": {"device_start": -1, "device_end": -1}}, "coalesced_transpose75": {"write": {"device_start": -1, "host_queued_start": 1585660344.431248, "device_queued": -1, "device_end": -1, "host_queued_end": 1585660344.507508}, "device": "cpu", "nd_range": {"device_start": 2328120.332922085, "device_end": 2328120.3340217234}, "cmdq": 0, "read": {"device_start": -1, "device_end": -1}}, "softmax140": {"write": {"device_start": -1, "host_queued_start": 1585660344.228252, "device_queued": -1, "device_end": -1, "host_queued_end": 1585660344.232057}, "device": "gpu", "nd_range": {"device_start": 1585660276.793343, "device_end": 1585660276.7937639}, "cmdq": 0, "read": {"device_start": -1, "device_end": -1}}, "empty44": {"write": {"device_start": -1, "host_queued_start": 1585660344.246861, "device_queued": -1, "device_end": -1, "host_queued_end": 1585660344.507508}, "device": "cpu", "nd_range": {"device_start": 2328118.6971846772, "device_end": 2328118.6971854013}, "cmdq": 0, "read": {"device_start": -1, "device_end": -1}}, "FFC_sans_bias137": {"write": {"device_start": 1585660276.7827475, "host_queued_start": 1585660344.223898, "device_queued": 1585660276.7788851, "device_end": 1585660276.782857, "host_queued_end": 1585660344.232057}, "device": "gpu", "nd_range": {"device_start": 1585660276.7828598, "device_end": 1585660276.7862396}, "cmdq": 0, "read": {"device_start": -1, "device_end": -1}}, "empty8": {"write": {"device_start": -1, "host_queued_start": 1585660344.235683, "device_queued": -1, "device_end": -1, "host_queued_end": 1585660344.507508}, "device": "cpu", "nd_range": {"device_start": 2328118.69714736, "device_end": 2328118.6971584084}, "cmdq": 0, "read": {"device_start": -1, "device_end": -1}}, "softmax50": {"write": {"device_start": -1, "host_queued_start": 1585660344.446361, "device_queued": -1, "device_end": -1, "host_queued_end": 1585660344.507508}, "device": "cpu", "nd_range": {"device_start": 2328120.8728895723, "device_end": 2328120.873602812}, "cmdq": 1, "read": {"device_start": -1, "device_end": -1}}, "softmax59": {"write": {"device_start": -1, "host_queued_start": 1585660344.446955, "device_queued": -1, "device_end": -1, "host_queued_end": 1585660344.507508}, "device": "cpu", "nd_range": {"device_start": 2328120.910009908, "device_end": 2328120.910719172}, "cmdq": 0, "read": {"device_start": -1, "device_end": -1}}, "FFC_sans_bias142": {"write": {"device_start": 1585660276.7974336, "host_queued_start": 1585660344.231937, "device_queued": 1585660276.7798648, "device_end": 1585660276.7975323, "host_queued_end": 1585660344.232057}, "device": "gpu", "nd_range": {"device_start": 1585660276.7975347, "device_end": 1585660276.800866}, "cmdq": 0, "read": {"device_start": 1585660276.800867, "device_end": 1585660276.8009524}}, "FFC_sans_bias141": {"write": {"device_start": -1, "host_queued_start": 1585660344.228605, "device_queued": -1, "device_end": -1, "host_queued_end": 1585660344.232057}, "device": "gpu", "nd_range": {"device_start": 1585660276.793765, "device_end": 1585660276.7971146}, "cmdq": 0, "read": {"device_start": -1, "device_end": -1}}, "FFC_sans_bias24": {"write": {"device_start": -1, "host_queued_start": 1585660344.453019, "device_queued": -1, "device_end": -1, "host_queued_end": 1585660344.507508}, "device": "cpu", "nd_range": {"device_start": 2328120.961025346, "device_end": 2328121.029994544}, "cmdq": 1, "read": {"device_start": -1, "device_end": -1}}, "FFC_sans_bias25": {"write": {"device_start": -1, "host_queued_start": 1585660344.470323, "device_queued": -1, "device_end": -1, "host_queued_end": 1585660344.507508}, "device": "cpu", "nd_range": {"device_start": 2328121.57320809, "device_end": 2328121.6526482143}, "cmdq": 0, "read": {"device_start": -1, "device_end": -1}}, "FFC_sans_bias27": {"write": {"device_start": -1, "host_queued_start": 1585660344.308526, "device_queued": -1, "device_end": -1, "host_queued_end": 1585660344.507508}, "device": "cpu", "nd_range": {"device_start": 2328119.032095781, "device_end": 2328119.099675408}, "cmdq": 0, "read": {"device_start": -1, "device_end": -1}}, "FFC_sans_bias20": {"write": {"device_start": -1, "host_queued_start": 1585660344.304991, "device_queued": -1, "device_end": -1, "host_queued_end": 1585660344.507508}, "device": "cpu", "nd_range": {"device_start": 2328118.920906374, "device_end": 2328118.9912352273}, "cmdq": 1, "read": {"device_start": -1, "device_end": -1}}, "FFC_sans_bias22": {"write": {"device_start": -1, "host_queued_start": 1585660344.435673, "device_queued": -1, "device_end": -1, "host_queued_end": 1585660344.507508}, "device": "cpu", "nd_range": {"device_start": 2328120.3930054433, "device_end": 2328120.473760093}, "cmdq": 1, "read": {"device_start": -1, "device_end": -1}}, "FFC_sans_bias130": {"write": {"device_start": -1, "host_queued_start": 1585660344.443126, "device_queued": -1, "device_end": -1, "host_queued_end": 1585660344.507508}, "device": "cpu", "nd_range": {"device_start": 2328120.8122077333, "device_end": 2328120.871414775}, "cmdq": 1, "read": {"device_start": -1, "device_end": -1}}, "FFC_sans_bias28": {"write": {"device_start": -1, "host_queued_start": 1585660344.311901, "device_queued": -1, "device_end": -1, "host_queued_end": 1585660344.507508}, "device": "cpu", "nd_range": {"device_start": 2328118.99143674, "device_end": 2328119.056718621}, "cmdq": 1, "read": {"device_start": -1, "device_end": -1}}, "FFC_sans_bias29": {"write": {"device_start": -1, "host_queued_start": 1585660344.315323, "device_queued": -1, "device_end": -1, "host_queued_end": 1585660344.507508}, "device": "cpu", "nd_range": {"device_start": 2328119.099689862, "device_end": 2328119.176423734}, "cmdq": 0, "read": {"device_start": -1, "device_end": -1}}, "coalesced_transpose66": {"write": {"device_start": -1, "host_queued_start": 1585660344.430913, "device_queued": -1, "device_end": -1, "host_queued_end": 1585660344.507508}, "device": "cpu", "nd_range": {"device_start": 2328120.310425478, "device_end": 2328120.311521252}, "cmdq": 1, "read": {"device_start": -1, "device_end": -1}}, "coalesced_transpose93": {"write": {"device_start": -1, "host_queued_start": 1585660344.431919, "device_queued": -1, "device_end": -1, "host_queued_end": 1585660344.507508}, "device": "cpu", "nd_range": {"device_start": 2328120.334032569, "device_end": 2328120.335127323}, "cmdq": 0, "read": {"device_start": -1, "device_end": -1}}, "softmax23": {"write": {"device_start": -1, "host_queued_start": 1585660344.444775, "device_queued": -1, "device_end": -1, "host_queued_end": 1585660344.507508}, "device": "cpu", "nd_range": {"device_start": 2328120.9011203283, "device_end": 2328120.909279655}, "cmdq": 0, "read": {"device_start": -1, "device_end": -1}}, "empty62": {"write": {"device_start": -1, "host_queued_start": 1585660344.252299, "device_queued": -1, "device_end": -1, "host_queued_end": 1585660344.507508}, "device": "cpu", "nd_range": {"device_start": 2328118.697190694, "device_end": 2328118.6971915304}, "cmdq": 0, "read": {"device_start": -1, "device_end": -1}}, "FFC_sans_bias10": {"write": {"device_start": -1, "host_queued_start": 1585660344.290843, "device_queued": -1, "device_end": -1, "host_queued_end": 1585660344.507508}, "device": "cpu", "nd_range": {"device_start": 2328118.82319235, "device_end": 2328118.872666888}, "cmdq": 1, "read": {"device_start": -1, "device_end": -1}}, "FFC_sans_bias13": {"write": {"device_start": -1, "host_queued_start": 1585660344.43504, "device_queued": -1, "device_end": -1, "host_queued_end": 1585660344.507508}, "device": "cpu", "nd_range": {"device_start": 2328120.3446767223, "device_end": 2328120.4339100514}, "cmdq": 0, "read": {"device_start": -1, "device_end": -1}}, "FFC_sans_bias15": {"write": {"device_start": -1, "host_queued_start": 1585660344.452413, "device_queued": -1, "device_end": -1, "host_queued_end": 1585660344.507508}, "device": "cpu", "nd_range": {"device_start": 2328120.9135890664, "device_end": 2328121.024192421}, "cmdq": 0, "read": {"device_start": -1, "device_end": -1}}, "FFC_sans_bias16": {"write": {"device_start": -1, "host_queued_start": 1585660344.467209, "device_queued": -1, "device_end": -1, "host_queued_end": 1585660344.507508}, "device": "cpu", "nd_range": {"device_start": 2328121.557698255, "device_end": 2328121.638555158}, "cmdq": 1, "read": {"device_start": -1, "device_end": -1}}, "FFC_sans_bias19": {"write": {"device_start": -1, "host_queued_start": 1585660344.301437, "device_queued": -1, "device_end": -1, "host_queued_end": 1585660344.507508}, "device": "cpu", "nd_range": {"device_start": 2328118.9678745023, "device_end": 2328119.032082012}, "cmdq": 0, "read": {"device_start": -1, "device_end": -1}}, "FFC_sans_bias18": {"write": {"device_start": -1, "host_queued_start": 1585660344.29789, "device_queued": -1, "device_end": -1, "host_queued_end": 1585660344.507508}, "device": "cpu", "nd_range": {"device_start": 2328118.872884496, "device_end": 2328118.920688272}, "cmdq": 1, "read": {"device_start": -1, "device_end": -1}}, "FFC_sans_bias99": {"write": {"device_start": -1, "host_queued_start": 1585660344.39062, "device_queued": -1, "device_end": -1, "host_queued_end": 1585660344.507508}, "device": "cpu", "nd_range": {"device_start": 2328119.8912730273, "device_end": 2328119.9668727303}, "cmdq": 0, "read": {"device_start": -1, "device_end": -1}}, "FFC_sans_bias91": {"write": {"device_start": -1, "host_queued_start": 1585660344.383763, "device_queued": -1, "device_end": -1, "host_queued_end": 1585660344.507508}, "device": "cpu", "nd_range": {"device_start": 2328119.8407213283, "device_end": 2328119.891256207}, "cmdq": 0, "read": {"device_start": -1, "device_end": -1}}, "FFC_sans_bias90": {"write": {"device_start": -1, "host_queued_start": 1585660344.380362, "device_queued": -1, "device_end": -1, "host_queued_end": 1585660344.507508}, "device": "cpu", "nd_range": {"device_start": 2328119.714100196, "device_end": 2328119.779192474}, "cmdq": 1, "read": {"device_start": -1, "device_end": -1}}, "coalesced_transpose12": {"write": {"device_start": -1, "host_queued_start": 1585660344.428837, "device_queued": -1, "device_end": -1, "host_queued_end": 1585660344.507508}, "device": "cpu", "nd_range": {"device_start": 2328120.304306686, "device_end": 2328120.306590318}, "cmdq": 1, "read": {"device_start": -1, "device_end": -1}}, "FFC_sans_bias94": {"write": {"device_start": -1, "host_queued_start": 1585660344.440615, "device_queued": -1, "device_end": -1, "host_queued_end": 1585660344.507508}, "device": "cpu", "nd_range": {"device_start": 2328120.702985282, "device_end": 2328120.755641186}, "cmdq": 1, "read": {"device_start": -1, "device_end": -1}}, "FFC_sans_bias97": {"write": {"device_start": -1, "host_queued_start": 1585660344.495077, "device_queued": -1, "device_end": -1, "host_queued_end": 1585660344.507508}, "device": "cpu", "nd_range": {"device_start": 2328121.906517148, "device_end": 2328121.980251695}, "cmdq": 0, "read": {"device_start": -1, "device_end": -1}}, "FFC_sans_bias96": {"write": {"device_start": -1, "host_queued_start": 1585660344.457916, "device_queued": -1, "device_end": -1, "host_queued_end": 1585660344.507508}, "device": "cpu", "nd_range": {"device_start": 2328121.282798989, "device_end": 2328121.400509206}, "cmdq": 1, "read": {"device_start": -1, "device_end": -1}}, "FFC_sans_bias124": {"write": {"device_start": -1, "host_queued_start": 1585660344.504388, "device_queued": -1, "device_end": -1, "host_queued_end": 1585660344.507508}, "device": "cpu", "nd_range": {"device_start": 2328122.01989013, "device_end": 2328122.088127669}, "cmdq": 1, "read": {"device_start": -1, "device_end": -1}}, "FFC_sans_bias126": {"write": {"device_start": -1, "host_queued_start": 1585660344.424768, "device_queued": -1, "device_end": -1, "host_queued_end": 1585660344.507508}, "device": "cpu", "nd_range": {"device_start": 2328120.265893009, "device_end": 2328120.328919329}, "cmdq": 0, "read": {"device_start": -1, "device_end": -1}}, "softmax32": {"write": {"device_start": -1, "host_queued_start": 1585660344.445303, "device_queued": -1, "device_end": -1, "host_queued_end": 1585660344.507508}, "device": "cpu", "nd_range": {"device_start": 2328120.87217641, "device_end": 2328120.872882415}, "cmdq": 1, "read": {"device_start": -1, "device_end": -1}}, "coalesced_transpose84": {"write": {"device_start": -1, "host_queued_start": 1585660344.431585, "device_queued": -1, "device_end": -1, "host_queued_end": 1585660344.507508}, "device": "cpu", "nd_range": {"device_start": 2328120.311654251, "device_end": 2328120.312759433}, "cmdq": 1, "read": {"device_start": -1, "device_end": -1}}, "FFC_sans_bias121": {"write": {"device_start": -1, "host_queued_start": 1585660344.44248, "device_queued": -1, "device_end": -1, "host_queued_end": 1585660344.507508}, "device": "cpu", "nd_range": {"device_start": 2328120.8412319743, "device_end": 2328120.9006192363}, "cmdq": 0, "read": {"device_start": -1, "device_end": -1}}, "empty98": {"write": {"device_start": -1, "host_queued_start": 1585660344.263031, "device_queued": -1, "device_end": -1, "host_queued_end": 1585660344.507508}, "device": "cpu", "nd_range": {"device_start": 2328118.6972031603, "device_end": 2328118.6972038}, "cmdq": 0, "read": {"device_start": -1, "device_end": -1}}, "empty107": {"write": {"device_start": -1, "host_queued_start": 1585660344.265682, "device_queued": -1, "device_end": -1, "host_queued_end": 1585660344.507508}, "device": "cpu", "nd_range": {"device_start": 2328118.697203581, "device_end": 2328118.697204153}, "cmdq": 1, "read": {"device_start": -1, "device_end": -1}}, "empty17": {"write": {"device_start": -1, "host_queued_start": 1585660344.238504, "device_queued": -1, "device_end": -1, "host_queued_end": 1585660344.507508}, "device": "cpu", "nd_range": {"device_start": 2328118.69714951, "device_end": 2328118.697158364}, "cmdq": 1, "read": {"device_start": -1, "device_end": -1}}, "FFC_sans_bias87": {"write": {"device_start": -1, "host_queued_start": 1585660344.45732, "device_queued": -1, "device_end": -1, "host_queued_end": 1585660344.507508}, "device": "cpu", "nd_range": {"device_start": 2328121.271412427, "device_end": 2328121.336272541}, "cmdq": 0, "read": {"device_start": -1, "device_end": -1}}, "FFC_sans_bias85": {"write": {"device_start": -1, "host_queued_start": 1585660344.43996, "device_queued": -1, "device_end": -1, "host_queued_end": 1585660344.507508}, "device": "cpu", "nd_range": {"device_start": 2328120.6661705333, "device_end": 2328120.765019221}, "cmdq": 0, "read": {"device_start": -1, "device_end": -1}}, "FFC_sans_bias82": {"write": {"device_start": -1, "host_queued_start": 1585660344.373409, "device_queued": -1, "device_end": -1, "host_queued_end": 1585660344.507508}, "device": "cpu", "nd_range": {"device_start": 2328119.642498106, "device_end": 2328119.7140817363}, "cmdq": 1, "read": {"device_start": -1, "device_end": -1}}, "FFC_sans_bias83": {"write": {"device_start": -1, "host_queued_start": 1585660344.376884, "device_queued": -1, "device_end": -1, "host_queued_end": 1585660344.507508}, "device": "cpu", "nd_range": {"device_start": 2328119.755378034, "device_end": 2328119.840697904}, "cmdq": 0, "read": {"device_start": -1, "device_end": -1}}, "FFC_sans_bias81": {"write": {"device_start": -1, "host_queued_start": 1585660344.370023, "device_queued": -1, "device_end": -1, "host_queued_end": 1585660344.507508}, "device": "cpu", "nd_range": {"device_start": 2328119.6945777694, "device_end": 2328119.755364154}, "cmdq": 0, "read": {"device_start": -1, "device_end": -1}}, "FFC_sans_bias88": {"write": {"device_start": -1, "host_queued_start": 1585660344.492017, "device_queued": -1, "device_end": -1, "host_queued_end": 1585660344.507508}, "device": "cpu", "nd_range": {"device_start": 2328121.898824523, "device_end": 2328121.961371962}, "cmdq": 1, "read": {"device_start": -1, "device_end": -1}}, "coalesced_transpose30": {"write": {"device_start": -1, "host_queued_start": 1585660344.429567, "device_queued": -1, "device_end": -1, "host_queued_end": 1585660344.507508}, "device": "cpu", "nd_range": {"device_start": 2328120.306766468, "device_end": 2328120.307962003}, "cmdq": 1, "read": {"device_start": -1, "device_end": -1}}, "FFC_sans_bias128": {"write": {"device_start": -1, "host_queued_start": 1585660344.4214, "device_queued": -1, "device_end": -1, "host_queued_end": 1585660344.507508}, "device": "cpu", "nd_range": {"device_start": 2328120.1638539974, "device_end": 2328120.2364915824}, "cmdq": 1, "read": {"device_start": -1, "device_end": -1}}, "coalesced_transpose39": {"write": {"device_start": -1, "host_queued_start": 1585660344.429901, "device_queued": -1, "device_end": -1, "host_queued_end": 1585660344.507508}, "device": "cpu", "nd_range": {"device_start": 2328120.330683622, "device_end": 2328120.33178286}, "cmdq": 0, "read": {"device_start": -1, "device_end": -1}}, "FFC_sans_bias79": {"write": {"device_start": -1, "host_queued_start": 1585660344.488951, "device_queued": -1, "device_end": -1, "host_queued_end": 1585660344.507508}, "device": "cpu", "nd_range": {"device_start": 2328121.7935566343, "device_end": 2328121.906512206}, "cmdq": 0, "read": {"device_start": -1, "device_end": -1}}, "FFC_sans_bias78": {"write": {"device_start": -1, "host_queued_start": 1585660344.45673, "device_queued": -1, "device_end": -1, "host_queued_end": 1585660344.507508}, "device": "cpu", "nd_range": {"device_start": 2328121.206836686, "device_end": 2328121.2827848634}, "cmdq": 1, "read": {"device_start": -1, "device_end": -1}}, "FFC_sans_bias73": {"write": {"device_start": -1, "host_queued_start": 1585660344.363207, "device_queued": -1, "device_end": -1, "host_queued_end": 1585660344.507508}, "device": "cpu", "nd_range": {"device_start": 2328119.627911353, "device_end": 2328119.6945623723}, "cmdq": 0, "read": {"device_start": -1, "device_end": -1}}, "FFC_sans_bias72": {"write": {"device_start": -1, "host_queued_start": 1585660344.359786, "device_queued": -1, "device_end": -1, "host_queued_end": 1585660344.507508}, "device": "cpu", "nd_range": {"device_start": 2328119.504333326, "device_end": 2328119.5704928823}, "cmdq": 1, "read": {"device_start": -1, "device_end": -1}}, "FFC_sans_bias70": {"write": {"device_start": -1, "host_queued_start": 1585660344.485875, "device_queued": -1, "device_end": -1, "host_queued_end": 1585660344.507508}, "device": "cpu", "nd_range": {"device_start": 2328121.84500778, "device_end": 2328121.898815059}, "cmdq": 1, "read": {"device_start": -1, "device_end": -1}}, "FFC_sans_bias76": {"write": {"device_start": -1, "host_queued_start": 1585660344.439352, "device_queued": -1, "device_end": -1, "host_queued_end": 1585660344.507508}, "device": "cpu", "nd_range": {"device_start": 2328120.631681165, "device_end": 2328120.702965949}, "cmdq": 1, "read": {"device_start": -1, "device_end": -1}}, "FFC_sans_bias74": {"write": {"device_start": -1, "host_queued_start": 1585660344.366628, "device_queued": -1, "device_end": -1, "host_queued_end": 1585660344.507508}, "device": "cpu", "nd_range": {"device_start": 2328119.570700304, "device_end": 2328119.6424805303}, "cmdq": 1, "read": {"device_start": -1, "device_end": -1}}, "coalesced_transpose102": {"write": {"device_start": -1, "host_queued_start": 1585660344.432322, "device_queued": -1, "device_end": -1, "host_queued_end": 1585660344.507508}, "device": "cpu", "nd_range": {"device_start": 2328120.312890917, "device_end": 2328120.313979172}, "cmdq": 1, "read": {"device_start": -1, "device_end": -1}}, "coalesced_transpose3": {"write": {"device_start": -1, "host_queued_start": 1585660344.428497, "device_queued": -1, "device_end": -1, "host_queued_end": 1585660344.507508}, "device": "cpu", "nd_range": {"device_start": 2328120.328933929, "device_end": 2328120.329563098}, "cmdq": 0, "read": {"device_start": -1, "device_end": -1}}, "FFC_sans_bias127": {"write": {"device_start": -1, "host_queued_start": 1585660344.428129, "device_queued": -1, "device_end": -1, "host_queued_end": 1585660344.507508}, "device": "cpu", "nd_range": {"device_start": 2328120.2367191203, "device_end": 2328120.304091242}, "cmdq": 1, "read": {"device_start": -1, "device_end": -1}}, "empty89": {"write": {"device_start": -1, "host_queued_start": 1585660344.260371, "device_queued": -1, "device_end": -1, "host_queued_end": 1585660344.507508}, "device": "cpu", "nd_range": {"device_start": 2328118.697198408, "device_end": 2328118.697199029}, "cmdq": 1, "read": {"device_start": -1, "device_end": -1}}, "FFC_sans_bias123": {"write": {"device_start": -1, "host_queued_start": 1585660344.459831, "device_queued": -1, "device_end": -1, "host_queued_end": 1585660344.507508}, "device": "cpu", "nd_range": {"device_start": 2328121.4047056613, "device_end": 2328121.496199132}, "cmdq": 0, "read": {"device_start": -1, "device_end": -1}}, "empty80": {"write": {"device_start": -1, "host_queued_start": 1585660344.25769, "device_queued": -1, "device_end": -1, "host_queued_end": 1585660344.507508}, "device": "cpu", "nd_range": {"device_start": 2328118.6971975043, "device_end": 2328118.697198206}, "cmdq": 0, "read": {"device_start": -1, "device_end": -1}}, "empty116": {"write": {"device_start": -1, "host_queued_start": 1585660344.268298, "device_queued": -1, "device_end": -1, "host_queued_end": 1585660344.507508}, "device": "cpu", "nd_range": {"device_start": 2328118.6972093172, "device_end": 2328118.6972100213}, "cmdq": 0, "read": {"device_start": -1, "device_end": -1}}, "softmax104": {"write": {"device_start": -1, "host_queued_start": 1585660344.449564, "device_queued": -1, "device_end": -1, "host_queued_end": 1585660344.507508}, "device": "cpu", "nd_range": {"device_start": 2328120.879474921, "device_end": 2328120.880182891}, "cmdq": 1, "read": {"device_start": -1, "device_end": -1}}, "coalesced_transpose21": {"write": {"device_start": -1, "host_queued_start": 1585660344.429231, "device_queued": -1, "device_end": -1, "host_queued_end": 1585660344.507508}, "device": "cpu", "nd_range": {"device_start": 2328120.3295776513, "device_end": 2328120.330675465}, "cmdq": 0, "read": {"device_start": -1, "device_end": -1}}, "softmax14": {"write": {"device_start": -1, "host_queued_start": 1585660344.444246, "device_queued": -1, "device_end": -1, "host_queued_end": 1585660344.507508}, "device": "cpu", "nd_range": {"device_start": 2328120.871434124, "device_end": 2328120.8721670383}, "cmdq": 1, "read": {"device_start": -1, "device_end": -1}}, "FFC_sans_bias69": {"write": {"device_start": -1, "host_queued_start": 1585660344.456077, "device_queued": -1, "device_end": -1, "host_queued_end": 1585660344.507508}, "device": "cpu", "nd_range": {"device_start": 2328121.1679658783, "device_end": 2328121.2713984973}, "cmdq": 0, "read": {"device_start": -1, "device_end": -1}}, "FFC_sans_bias92": {"write": {"device_start": -1, "host_queued_start": 1585660344.38722, "device_queued": -1, "device_end": -1, "host_queued_end": 1585660344.507508}, "device": "cpu", "nd_range": {"device_start": 2328119.779217442, "device_end": 2328119.857512765}, "cmdq": 1, "read": {"device_start": -1, "device_end": -1}}, "FFC_sans_bias60": {"write": {"device_start": -1, "host_queued_start": 1585660344.455484, "device_queued": -1, "device_end": -1, "host_queued_end": 1585660344.507508}, "device": "cpu", "nd_range": {"device_start": 2328121.125489836, "device_end": 2328121.20679557}, "cmdq": 1, "read": {"device_start": -1, "device_end": -1}}, "FFC_sans_bias61": {"write": {"device_start": -1, "host_queued_start": 1585660344.482755, "device_queued": -1, "device_end": -1, "host_queued_end": 1585660344.507508}, "device": "cpu", "nd_range": {"device_start": 2328121.73267867, "device_end": 2328121.793549662}, "cmdq": 0, "read": {"device_start": -1, "device_end": -1}}, "FFC_sans_bias63": {"write": {"device_start": -1, "host_queued_start": 1585660344.356335, "device_queued": -1, "device_end": -1, "host_queued_end": 1585660344.507508}, "device": "cpu", "nd_range": {"device_start": 2328119.5417697243, "device_end": 2328119.627891565}, "cmdq": 0, "read": {"device_start": -1, "device_end": -1}}, "FFC_sans_bias64": {"write": {"device_start": -1, "host_queued_start": 1585660344.349541, "device_queued": -1, "device_end": -1, "host_queued_end": 1585660344.507508}, "device": "cpu", "nd_range": {"device_start": 2328119.4722782914, "device_end": 2328119.541564991}, "cmdq": 0, "read": {"device_start": -1, "device_end": -1}}, "FFC_sans_bias65": {"write": {"device_start": -1, "host_queued_start": 1585660344.352927, "device_queued": -1, "device_end": -1, "host_queued_end": 1585660344.507508}, "device": "cpu", "nd_range": {"device_start": 2328119.427301133, "device_end": 2328119.5041250302}, "cmdq": 1, "read": {"device_start": -1, "device_end": -1}}, "FFC_sans_bias67": {"write": {"device_start": -1, "host_queued_start": 1585660344.438732, "device_queued": -1, "device_end": -1, "host_queued_end": 1585660344.507508}, "device": "cpu", "nd_range": {"device_start": 2328120.59398397, "device_end": 2328120.6661494123}, "cmdq": 0, "read": {"device_start": -1, "device_end": -1}}, "coalesced_transpose111": {"write": {"device_start": -1, "host_queued_start": 1585660344.432658, "device_queued": -1, "device_end": -1, "host_queued_end": 1585660344.507508}, "device": "cpu", "nd_range": {"device_start": 2328120.335134813, "device_end": 2328120.3434633873}, "cmdq": 0, "read": {"device_start": -1, "device_end": -1}}, "FFC_sans_bias136": {"write": {"device_start": 1585660276.77902, "host_queued_start": 1585660344.220476, "device_queued": 1585660276.7785263, "device_end": 1585660276.7791135, "host_queued_end": 1585660344.232057}, "device": "gpu", "nd_range": {"device_start": 1585660276.779116, "device_end": 1585660276.7824452}, "cmdq": 0, "read": {"device_start": -1, "device_end": -1}}, "FFC_sans_bias135": {"write": {"device_start": 1585660276.7865415, "host_queued_start": 1585660344.227301, "device_queued": 1585660276.779231, "device_end": 1585660276.7866397, "host_queued_end": 1585660344.232057}, "device": "gpu", "nd_range": {"device_start": 1585660276.7866447, "device_end": 1585660276.789988}, "cmdq": 0, "read": {"device_start": -1, "device_end": -1}}, "FFC_sans_bias133": {"write": {"device_start": -1, "host_queued_start": 1585660344.507452, "device_queued": -1, "device_end": -1, "host_queued_end": 1585660344.507508}, "device": "cpu", "nd_range": {"device_start": 2328122.0881350134, "device_end": 2328122.129931767}, "cmdq": 0, "read": {"device_start": -1, "device_end": -1}}, "FFC_sans_bias132": {"write": {"device_start": -1, "host_queued_start": 1585660344.460451, "device_queued": -1, "device_end": -1, "host_queued_end": 1585660344.507508}, "device": "cpu", "nd_range": {"device_start": 2328121.465258431, "device_end": 2328121.55767861}, "cmdq": 1, "read": {"device_start": -1, "device_end": -1}}, "softmax68": {"write": {"device_start": -1, "host_queued_start": 1585660344.447475, "device_queued": -1, "device_end": -1, "host_queued_end": 1585660344.507508}, "device": "cpu", "nd_range": {"device_start": 2328120.873609365, "device_end": 2328120.87431585}, "cmdq": 1, "read": {"device_start": -1, "device_end": -1}}, "softmax131": {"write": {"device_start": -1, "host_queued_start": 1585660344.45121, "device_queued": -1, "device_end": -1, "host_queued_end": 1585660344.507508}, "device": "cpu", "nd_range": {"device_start": 2328120.912871871, "device_end": 2328120.91358282}, "cmdq": 0, "read": {"device_start": -1, "device_end": -1}}, "empty125": {"write": {"device_start": -1, "host_queued_start": 1585660344.270943, "device_queued": -1, "device_end": -1, "host_queued_end": 1585660344.507508}, "device": "cpu", "nd_range": {"device_start": 2328118.6972082322, "device_end": 2328118.697208799}, "cmdq": 1, "read": {"device_start": -1, "device_end": -1}}, "FFC_sans_bias139": {"write": {"device_start": -1, "host_queued_start": 1585660344.227967, "device_queued": -1, "device_end": -1, "host_queued_end": 1585660344.232057}, "device": "gpu", "nd_range": {"device_start": 1585660276.790009, "device_end": 1585660276.793342}, "cmdq": 0, "read": {"device_start": -1, "device_end": -1}}, "empty35": {"write": {"device_start": -1, "host_queued_start": 1585660344.244177, "device_queued": -1, "device_end": -1, "host_queued_end": 1585660344.507508}, "device": "cpu", "nd_range": {"device_start": 2328118.697178366, "device_end": 2328118.6971792444}, "cmdq": 1, "read": {"device_start": -1, "device_end": -1}}, "softmax86": {"write": {"device_start": -1, "host_queued_start": 1585660344.448522, "device_queued": -1, "device_end": -1, "host_queued_end": 1585660344.507508}, "device": "cpu", "nd_range": {"device_start": 2328120.874322398, "device_end": 2328120.8794657593}, "cmdq": 1, "read": {"device_start": -1, "device_end": -1}}, "FFC_sans_bias55": {"write": {"device_start": -1, "host_queued_start": 1585660344.346141, "device_queued": -1, "device_end": -1, "host_queued_end": 1585660344.507508}, "device": "cpu", "nd_range": {"device_start": 2328119.362625556, "device_end": 2328119.4271059074}, "cmdq": 1, "read": {"device_start": -1, "device_end": -1}}, "FFC_sans_bias54": {"write": {"device_start": -1, "host_queued_start": 1585660344.342737, "device_queued": -1, "device_end": -1, "host_queued_end": 1585660344.507508}, "device": "cpu", "nd_range": {"device_start": 2328119.3981599943, "device_end": 2328119.472058333}, "cmdq": 0, "read": {"device_start": -1, "device_end": -1}}, "FFC_sans_bias56": {"write": {"device_start": -1, "host_queued_start": 1585660344.339292, "device_queued": -1, "device_end": -1, "host_queued_end": 1585660344.507508}, "device": "cpu", "nd_range": {"device_start": 2328119.2832449973, "device_end": 2328119.362419416}, "cmdq": 1, "read": {"device_start": -1, "device_end": -1}}, "FFC_sans_bias51": {"write": {"device_start": -1, "host_queued_start": 1585660344.454887, "device_queued": -1, "device_end": -1, "host_queued_end": 1585660344.507508}, "device": "cpu", "nd_range": {"device_start": 2328121.092633807, "device_end": 2328121.167953658}, "cmdq": 0, "read": {"device_start": -1, "device_end": -1}}, "FFC_sans_bias52": {"write": {"device_start": -1, "host_queued_start": 1585660344.479685, "device_queued": -1, "device_end": -1, "host_queued_end": 1585660344.507508}, "device": "cpu", "nd_range": {"device_start": 2328121.744015313, "device_end": 2328121.844982351}, "cmdq": 1, "read": {"device_start": -1, "device_end": -1}}, "FFC_sans_bias58": {"write": {"device_start": -1, "host_queued_start": 1585660344.43813, "device_queued": -1, "device_end": -1, "host_queued_end": 1585660344.507508}, "device": "cpu", "nd_range": {"device_start": 2328120.557777427, "device_end": 2328120.631661319}, "cmdq": 1, "read": {"device_start": -1, "device_end": -1}}, "FFC_sans_bias108": {"write": {"device_start": -1, "host_queued_start": 1585660344.400975, "device_queued": -1, "device_end": -1, "host_queued_end": 1585660344.507508}, "device": "cpu", "nd_range": {"device_start": 2328119.930699076, "device_end": 2328120.0181872593}, "cmdq": 1, "read": {"device_start": -1, "device_end": -1}}, "FFC_sans_bias109": {"write": {"device_start": -1, "host_queued_start": 1585660344.404369, "device_queued": -1, "device_end": -1, "host_queued_end": 1585660344.507508}, "device": "cpu", "nd_range": {"device_start": 2328120.035770072, "device_end": 2328120.115284578}, "cmdq": 0, "read": {"device_start": -1, "device_end": -1}}, "coalesced_transpose129": {"write": {"device_start": -1, "host_queued_start": 1585660344.433824, "device_queued": -1, "device_end": -1, "host_queued_end": 1585660344.507508}, "device": "cpu", "nd_range": {"device_start": 2328120.343628784, "device_end": 2328120.3445366314}, "cmdq": 0, "read": {"device_start": -1, "device_end": -1}}, "FFC_sans_bias103": {"write": {"device_start": -1, "host_queued_start": 1585660344.441277, "device_queued": -1, "device_end": -1, "host_queued_end": 1585660344.507508}, "device": "cpu", "nd_range": {"device_start": 2328120.7650320143, "device_end": 2328120.841218646}, "cmdq": 0, "read": {"device_start": -1, "device_end": -1}}, "FFC_sans_bias100": {"write": {"device_start": -1, "host_queued_start": 1585660344.394035, "device_queued": -1, "device_end": -1, "host_queued_end": 1585660344.507508}, "device": "cpu", "nd_range": {"device_start": 2328119.8575326963, "device_end": 2328119.9304780583}, "cmdq": 1, "read": {"device_start": -1, "device_end": -1}}, "FFC_sans_bias101": {"write": {"device_start": -1, "host_queued_start": 1585660344.397453, "device_queued": -1, "device_end": -1, "host_queued_end": 1585660344.507508}, "device": "cpu", "nd_range": {"device_start": 2328119.967142114, "device_end": 2328120.0355718653}, "cmdq": 0, "read": {"device_start": -1, "device_end": -1}}, "FFC_sans_bias106": {"write": {"device_start": -1, "host_queued_start": 1585660344.498202, "device_queued": -1, "device_end": -1, "host_queued_end": 1585660344.507508}, "device": "cpu", "nd_range": {"device_start": 2328121.9613876203, "device_end": 2328122.0198833994}, "cmdq": 1, "read": {"device_start": -1, "device_end": -1}}, "softmax122": {"write": {"device_start": -1, "host_queued_start": 1585660344.450681, "device_queued": -1, "device_end": -1, "host_queued_end": 1585660344.507508}, "device": "cpu", "nd_range": {"device_start": 2328120.900638992, "device_end": 2328120.9014142803}, "cmdq": 1, "read": {"device_start": -1, "device_end": -1}}, "FFC_sans_bias105": {"write": {"device_start": -1, "host_queued_start": 1585660344.458565, "device_queued": -1, "device_end": -1, "host_queued_end": 1585660344.507508}, "device": "cpu", "nd_range": {"device_start": 2328121.3362860503, "device_end": 2328121.404696934}, "cmdq": 0, "read": {"device_start": -1, "device_end": -1}}, "softmax95": {"write": {"device_start": -1, "host_queued_start": 1585660344.449042, "device_queued": -1, "device_end": -1, "host_queued_end": 1585660344.507508}, "device": "cpu", "nd_range": {"device_start": 2328120.911437367, "device_end": 2328120.912155977}, "cmdq": 0, "read": {"device_start": -1, "device_end": -1}}, "coalesced_transpose57": {"write": {"device_start": -1, "host_queued_start": 1585660344.430576, "device_queued": -1, "device_end": -1, "host_queued_end": 1585660344.507508}, "device": "cpu", "nd_range": {"device_start": 2328120.3317919793, "device_end": 2328120.3329136143}, "cmdq": 0, "read": {"device_start": -1, "device_end": -1}}, "empty26": {"write": {"device_start": -1, "host_queued_start": 1585660344.241449, "device_queued": -1, "device_end": -1, "host_queued_end": 1585660344.507508}, "device": "cpu", "nd_range": {"device_start": 2328118.69717848, "device_end": 2328118.6971795294}, "cmdq": 0, "read": {"device_start": -1, "device_end": -1}}, "softmax113": {"write": {"device_start": -1, "host_queued_start": 1585660344.45015, "device_queued": -1, "device_end": -1, "host_queued_end": 1585660344.507508}, "device": "cpu", "nd_range": {"device_start": 2328120.912162368, "device_end": 2328120.912865574}, "cmdq": 0, "read": {"device_start": -1, "device_end": -1}}, "FFC_sans_bias11": {"write": {"device_start": -1, "host_queued_start": 1585660344.294373, "device_queued": -1, "device_end": -1, "host_queued_end": 1585660344.507508}, "device": "cpu", "nd_range": {"device_start": 2328118.8903384954, "device_end": 2328118.967860762}, "cmdq": 0, "read": {"device_start": -1, "device_end": -1}}, "FFC_sans_bias42": {"write": {"device_start": -1, "host_queued_start": 1585660344.454272, "device_queued": -1, "device_end": -1, "host_queued_end": 1585660344.507508}, "device": "cpu", "nd_range": {"device_start": 2328121.030007033, "device_end": 2328121.125473272}, "cmdq": 1, "read": {"device_start": -1, "device_end": -1}}, "FFC_sans_bias43": {"write": {"device_start": -1, "host_queued_start": 1585660344.476544, "device_queued": -1, "device_end": -1, "host_queued_end": 1585660344.507508}, "device": "cpu", "nd_range": {"device_start": 2328121.652659627, "device_end": 2328121.7326714033}, "cmdq": 0, "read": {"device_start": -1, "device_end": -1}}, "FFC_sans_bias40": {"write": {"device_start": -1, "host_queued_start": 1585660344.436876, "device_queued": -1, "device_end": -1, "host_queued_end": 1585660344.507508}, "device": "cpu", "nd_range": {"device_start": 2328120.473971854, "device_end": 2328120.557573195}, "cmdq": 1, "read": {"device_start": -1, "device_end": -1}}, "FFC_sans_bias46": {"write": {"device_start": -1, "host_queued_start": 1585660344.33246, "device_queued": -1, "device_end": -1, "host_queued_end": 1585660344.507508}, "device": "cpu", "nd_range": {"device_start": 2328119.214084601, "device_end": 2328119.28303162}, "cmdq": 1, "read": {"device_start": -1, "device_end": -1}}, "FFC_sans_bias47": {"write": {"device_start": -1, "host_queued_start": 1585660344.335864, "device_queued": -1, "device_end": -1, "host_queued_end": 1585660344.507508}, "device": "cpu", "nd_range": {"device_start": 2328119.328990579, "device_end": 2328119.398145798}, "cmdq": 0, "read": {"device_start": -1, "device_end": -1}}, "FFC_sans_bias45": {"write": {"device_start": -1, "host_queued_start": 1585660344.329072, "device_queued": -1, "device_end": -1, "host_queued_end": 1585660344.507508}, "device": "cpu", "nd_range": {"device_start": 2328119.2561097164, "device_end": 2328119.328969257}, "cmdq": 0, "read": {"device_start": -1, "device_end": -1}}, "FFC_sans_bias49": {"write": {"device_start": -1, "host_queued_start": 1585660344.437476, "device_queued": -1, "device_end": -1, "host_queued_end": 1585660344.507508}, "device": "cpu", "nd_range": {"device_start": 2328120.520027169, "device_end": 2328120.593967005}, "cmdq": 0, "read": {"device_start": -1, "device_end": -1}}, "softmax77": {"write": {"device_start": -1, "host_queued_start": 1585660344.448, "device_queued": -1, "device_end": -1, "host_queued_end": 1585660344.507508}, "device": "cpu", "nd_range": {"device_start": 2328120.9107258893, "device_end": 2328120.911430837}, "cmdq": 0, "read": {"device_start": -1, "device_end": -1}}, "empty134": {"write": {"device_start": -1, "host_queued_start": 1585660344.273588, "device_queued": -1, "device_end": -1, "host_queued_end": 1585660344.507508}, "device": "cpu", "nd_range": {"device_start": 2328118.6972143194, "device_end": 2328118.697214945}, "cmdq": 0, "read": {"device_start": -1, "device_end": -1}}, "coalesced_transpose138": {"write": {"device_start": -1, "host_queued_start": 1585660344.227647, "device_queued": -1, "device_end": -1, "host_queued_end": 1585660344.232057}, "device": "gpu", "nd_range": {"device_start": 1585660276.78999, "device_end": 1585660276.7900078}, "cmdq": 0, "read": {"device_start": -1, "device_end": -1}}, "FFC_sans_bias119": {"write": {"device_start": -1, "host_queued_start": 1585660344.418031, "device_queued": -1, "device_end": -1, "host_queued_end": 1585660344.507508}, "device": "cpu", "nd_range": {"device_start": 2328120.180053606, "device_end": 2328120.265654323}, "cmdq": 0, "read": {"device_start": -1, "device_end": -1}}, "FFC_sans_bias118": {"write": {"device_start": -1, "host_queued_start": 1585660344.414651, "device_queued": -1, "device_end": -1, "host_queued_end": 1585660344.507508}, "device": "cpu", "nd_range": {"device_start": 2328120.0779376053, "device_end": 2328120.163649871}, "cmdq": 1, "read": {"device_start": -1, "device_end": -1}}, "empty143": {"write": {"device_start": 1585660276.7785614, "host_queued_start": 1585660344.216672, "device_queued": 1585660276.7782326, "device_end": 1585660276.7786605, "host_queued_end": 1585660344.232057}, "device": "gpu", "nd_range": {"device_start": 1585660276.7786632, "device_end": 1585660276.7786674}, "cmdq": 0, "read": {"device_start": -1, "device_end": -1}}, "FFC_sans_bias115": {"write": {"device_start": -1, "host_queued_start": 1585660344.501321, "device_queued": -1, "device_end": -1, "host_queued_end": 1585660344.507508}, "device": "cpu", "nd_range": {"device_start": 2328121.9802572043, "device_end": 2328122.08812726}, "cmdq": 0, "read": {"device_start": -1, "device_end": -1}}, "FFC_sans_bias114": {"write": {"device_start": -1, "host_queued_start": 1585660344.459207, "device_queued": -1, "device_end": -1, "host_queued_end": 1585660344.507508}, "device": "cpu", "nd_range": {"device_start": 2328121.400529566, "device_end": 2328121.4652334424}, "cmdq": 1, "read": {"device_start": -1, "device_end": -1}}, "FFC_sans_bias117": {"write": {"device_start": -1, "host_queued_start": 1585660344.411235, "device_queued": -1, "device_end": -1, "host_queued_end": 1585660344.507508}, "device": "cpu", "nd_range": {"device_start": 2328120.1155026844, "device_end": 2328120.1798306643}, "cmdq": 0, "read": {"device_start": -1, "device_end": -1}}, "softmax5": {"write": {"device_start": -1, "host_queued_start": 1585660344.44367, "device_queued": -1, "device_end": -1, "host_queued_end": 1585660344.507508}, "device": "cpu", "nd_range": {"device_start": 2328120.9006336173, "device_end": 2328120.901106719}, "cmdq": 0, "read": {"device_start": -1, "device_end": -1}}, "FFC_sans_bias110": {"write": {"device_start": -1, "host_queued_start": 1585660344.40779, "device_queued": -1, "device_end": -1, "host_queued_end": 1585660344.507508}, "device": "cpu", "nd_range": {"device_start": 2328120.018402411, "device_end": 2328120.077727495}, "cmdq": 1, "read": {"device_start": -1, "device_end": -1}}, "FFC_sans_bias112": {"write": {"device_start": -1, "host_queued_start": 1585660344.441877, "device_queued": -1, "device_end": -1, "host_queued_end": 1585660344.507508}, "device": "cpu", "nd_range": {"device_start": 2328120.755658015, "device_end": 2328120.8121824833}, "cmdq": 1, "read": {"device_start": -1, "device_end": -1}}, "empty53": {"write": {"device_start": -1, "host_queued_start": 1585660344.249517, "device_queued": -1, "device_end": -1, "host_queued_end": 1585660344.507508}, "device": "cpu", "nd_range": {"device_start": 2328118.697184577, "device_end": 2328118.697185301}, "cmdq": 1, "read": {"device_start": -1, "device_end": -1}}, "coalesced_transpose48": {"write": {"device_start": -1, "host_queued_start": 1585660344.430237, "device_queued": -1, "device_end": -1, "host_queued_end": 1585660344.507508}, "device": "cpu", "nd_range": {"device_start": 2328120.3081274093, "device_end": 2328120.310266775}, "cmdq": 1, "read": {"device_start": -1, "device_end": -1}}}