{"FFC_sans_bias4": {"write": {"device_start": -1, "host_queued_start": 1585661970.890806, "device_queued": -1, "device_end": -1, "host_queued_end": 1585661970.940261}, "device": "cpu", "nd_range": {"device_start": 2329746.216439844, "device_end": 2329746.290934962}, "cmdq": 0, "read": {"device_start": -1, "device_end": -1}}, "FFC_sans_bias7": {"write": {"device_start": -1, "host_queued_start": 1585661970.912012, "device_queued": -1, "device_end": -1, "host_queued_end": 1585661970.940261}, "device": "cpu", "nd_range": {"device_start": 2329747.002629852, "device_end": 2329747.0835361592}, "cmdq": 0, "read": {"device_start": -1, "device_end": -1}}, "FFC_sans_bias6": {"write": {"device_start": -1, "host_queued_start": 1585661970.902551, "device_queued": -1, "device_end": -1, "host_queued_end": 1585661970.940261}, "device": "cpu", "nd_range": {"device_start": 2329746.565062433, "device_end": 2329746.6487318273}, "cmdq": 0, "read": {"device_start": -1, "device_end": -1}}, "FFC_sans_bias1": {"write": {"device_start": -1, "host_queued_start": 1585661970.787678, "device_queued": -1, "device_end": -1, "host_queued_end": 1585661970.940261}, "device": "cpu", "nd_range": {"device_start": 2329745.1299351812, "device_end": 2329745.180687502}, "cmdq": 1, "read": {"device_start": -1, "device_end": -1}}, "FFC_sans_bias0": {"write": {"device_start": -1, "host_queued_start": 1585661970.784127, "device_queued": -1, "device_end": -1, "host_queued_end": 1585661970.940261}, "device": "cpu", "nd_range": {"device_start": 2329745.129947184, "device_end": 2329745.224577507}, "cmdq": 0, "read": {"device_start": -1, "device_end": -1}}, "FFC_sans_bias2": {"write": {"device_start": -1, "host_queued_start": 1585661970.791328, "device_queued": -1, "device_end": -1, "host_queued_end": 1585661970.940261}, "device": "cpu", "nd_range": {"device_start": 2329745.229735629, "device_end": 2329745.2997856033}, "cmdq": 0, "read": {"device_start": -1, "device_end": -1}}, "coalesced_transpose120": {"write": {"device_start": -1, "host_queued_start": 1585661970.721383, "device_queued": -1, "device_end": -1, "host_queued_end": 1585661970.749392}, "device": "gpu", "nd_range": {"device_start": 1585661903.3116393, "device_end": 1585661903.3147664}, "cmdq": 2, "read": {"device_start": -1, "device_end": -1}}, "FFC_sans_bias9": {"write": {"device_start": -1, "host_queued_start": 1585661970.794983, "device_queued": -1, "device_end": -1, "host_queued_end": 1585661970.940261}, "device": "cpu", "nd_range": {"device_start": 2329745.180892337, "device_end": 2329745.2566796304}, "cmdq": 1, "read": {"device_start": -1, "device_end": -1}}, "empty71": {"write": {"device_start": -1, "host_queued_start": 1585661970.775399, "device_queued": -1, "device_end": -1, "host_queued_end": 1585661970.940261}, "device": "cpu", "nd_range": {"device_start": 2329745.129924037, "device_end": 2329745.1299247453}, "cmdq": 1, "read": {"device_start": -1, "device_end": -1}}, "softmax41": {"write": {"device_start": -1, "host_queued_start": 1585661970.899288, "device_queued": -1, "device_end": -1, "host_queued_end": 1585661970.940261}, "device": "cpu", "nd_range": {"device_start": 2329746.562649346, "device_end": 2329746.563565189}, "cmdq": 0, "read": {"device_start": -1, "device_end": -1}}, "FFC_sans_bias37": {"write": {"device_start": -1, "host_queued_start": 1585661970.830214, "device_queued": -1, "device_end": -1, "host_queued_end": 1585661970.940261}, "device": "cpu", "nd_range": {"device_start": 2329745.539725344, "device_end": 2329745.6218785113}, "cmdq": 1, "read": {"device_start": -1, "device_end": -1}}, "FFC_sans_bias36": {"write": {"device_start": -1, "host_queued_start": 1585661970.826783, "device_queued": -1, "device_end": -1, "host_queued_end": 1585661970.940261}, "device": "cpu", "nd_range": {"device_start": 2329745.5872281203, "device_end": 2329745.647658403}, "cmdq": 0, "read": {"device_start": -1, "device_end": -1}}, "FFC_sans_bias34": {"write": {"device_start": -1, "host_queued_start": 1585661970.921202, "device_queued": -1, "device_end": -1, "host_queued_end": 1585661970.940261}, "device": "cpu", "nd_range": {"device_start": 2329747.10834515, "device_end": 2329747.1992855603}, "cmdq": 1, "read": {"device_start": -1, "device_end": -1}}, "FFC_sans_bias33": {"write": {"device_start": -1, "host_queued_start": 1585661970.904477, "device_queued": -1, "device_end": -1, "host_queued_end": 1585661970.940261}, "device": "cpu", "nd_range": {"device_start": 2329746.699576279, "device_end": 2329746.7851821054}, "cmdq": 1, "read": {"device_start": -1, "device_end": -1}}, "FFC_sans_bias31": {"write": {"device_start": -1, "host_queued_start": 1585661970.892647, "device_queued": -1, "device_end": -1, "host_queued_end": 1585661970.940261}, "device": "cpu", "nd_range": {"device_start": 2329746.3037989694, "device_end": 2329746.3946252563}, "cmdq": 1, "read": {"device_start": -1, "device_end": -1}}, "FFC_sans_bias38": {"write": {"device_start": -1, "host_queued_start": 1585661970.833762, "device_queued": -1, "device_end": -1, "host_queued_end": 1585661970.940261}, "device": "cpu", "nd_range": {"device_start": 2329745.647677482, "device_end": 2329745.7078807023}, "cmdq": 0, "read": {"device_start": -1, "device_end": -1}}, "coalesced_transpose75": {"write": {"device_start": -1, "host_queued_start": 1585661970.889548, "device_queued": -1, "device_end": -1, "host_queued_end": 1585661970.940261}, "device": "cpu", "nd_range": {"device_start": 2329746.215683512, "device_end": 2329746.216429126}, "cmdq": 0, "read": {"device_start": -1, "device_end": -1}}, "softmax140": {"write": {"device_start": -1, "host_queued_start": 1585661970.725681, "device_queued": -1, "device_end": -1, "host_queued_end": 1585661970.749392}, "device": "gpu", "nd_range": {"device_start": 1585661903.335839, "device_end": 1585661903.3399508}, "cmdq": 1, "read": {"device_start": -1, "device_end": -1}}, "empty44": {"write": {"device_start": -1, "host_queued_start": 1585661970.766878, "device_queued": -1, "device_end": -1, "host_queued_end": 1585661970.940261}, "device": "cpu", "nd_range": {"device_start": 2329745.12991803, "device_end": 2329745.129918722}, "cmdq": 0, "read": {"device_start": -1, "device_end": -1}}, "FFC_sans_bias137": {"write": {"device_start": 1585661903.2956746, "host_queued_start": 1585661970.71652, "device_queued": 1585661903.2599263, "device_end": 1585661903.2957718, "host_queued_end": 1585661970.749392}, "device": "gpu", "nd_range": {"device_start": 1585661903.2957866, "device_end": 1585661903.3116293}, "cmdq": 2, "read": {"device_start": -1, "device_end": -1}}, "empty8": {"write": {"device_start": -1, "host_queued_start": 1585661970.754148, "device_queued": -1, "device_end": -1, "host_queued_end": 1585661970.940261}, "device": "cpu", "nd_range": {"device_start": 2329745.129882834, "device_end": 2329745.129892066}, "cmdq": 0, "read": {"device_start": -1, "device_end": -1}}, "softmax50": {"write": {"device_start": -1, "host_queued_start": 1585661970.899815, "device_queued": -1, "device_end": -1, "host_queued_end": 1585661970.940261}, "device": "cpu", "nd_range": {"device_start": 2329746.61607594, "device_end": 2329746.616776123}, "cmdq": 1, "read": {"device_start": -1, "device_end": -1}}, "softmax59": {"write": {"device_start": -1, "host_queued_start": 1585661970.900339, "device_queued": -1, "device_end": -1, "host_queued_end": 1585661970.940261}, "device": "cpu", "nd_range": {"device_start": 2329746.5635738983, "device_end": 2329746.564317514}, "cmdq": 0, "read": {"device_start": -1, "device_end": -1}}, "FFC_sans_bias142": {"write": {"device_start": 1585661903.3594935, "host_queued_start": 1585661970.749272, "device_queued": 1585661903.2651496, "device_end": 1585661903.3595905, "host_queued_end": 1585661970.749392}, "device": "gpu", "nd_range": {"device_start": 1585661903.3596053, "device_end": 1585661903.3750386}, "cmdq": 3, "read": {"device_start": 1585661903.3750458, "device_end": 1585661903.3751352}}, "FFC_sans_bias141": {"write": {"device_start": -1, "host_queued_start": 1585661970.727769, "device_queued": -1, "device_end": -1, "host_queued_end": 1585661970.749392}, "device": "gpu", "nd_range": {"device_start": 1585661903.3489804, "device_end": 1585661903.3555257}, "cmdq": 2, "read": {"device_start": -1, "device_end": -1}}, "FFC_sans_bias24": {"write": {"device_start": -1, "host_queued_start": 1585661970.903879, "device_queued": -1, "device_end": -1, "host_queued_end": 1585661970.940261}, "device": "cpu", "nd_range": {"device_start": 2329746.648932722, "device_end": 2329746.733665813}, "cmdq": 0, "read": {"device_start": -1, "device_end": -1}}, "FFC_sans_bias25": {"write": {"device_start": -1, "host_queued_start": 1585661970.918113, "device_queued": -1, "device_end": -1, "host_queued_end": 1585661970.940261}, "device": "cpu", "nd_range": {"device_start": 2329747.083549165, "device_end": 2329747.143699191}, "cmdq": 0, "read": {"device_start": -1, "device_end": -1}}, "FFC_sans_bias27": {"write": {"device_start": -1, "host_queued_start": 1585661970.816115, "device_queued": -1, "device_end": -1, "host_queued_end": 1585661970.940261}, "device": "cpu", "nd_range": {"device_start": 2329745.39850724, "device_end": 2329745.4658353874}, "cmdq": 1, "read": {"device_start": -1, "device_end": -1}}, "FFC_sans_bias20": {"write": {"device_start": -1, "host_queued_start": 1585661970.812631, "device_queued": -1, "device_end": -1, "host_queued_end": 1585661970.940261}, "device": "cpu", "nd_range": {"device_start": 2329745.441849653, "device_end": 2329745.523055504}, "cmdq": 0, "read": {"device_start": -1, "device_end": -1}}, "FFC_sans_bias22": {"write": {"device_start": -1, "host_queued_start": 1585661970.892054, "device_queued": -1, "device_end": -1, "host_queued_end": 1585661970.940261}, "device": "cpu", "nd_range": {"device_start": 2329746.2909565764, "device_end": 2329746.339746151}, "cmdq": 0, "read": {"device_start": -1, "device_end": -1}}, "FFC_sans_bias130": {"write": {"device_start": -1, "host_queued_start": 1585661970.723698, "device_queued": -1, "device_end": -1, "host_queued_end": 1585661970.749392}, "device": "gpu", "nd_range": {"device_start": 1585661903.3179848, "device_end": 1585661903.331215}, "cmdq": 4, "read": {"device_start": -1, "device_end": -1}}, "FFC_sans_bias28": {"write": {"device_start": -1, "host_queued_start": 1585661970.819675, "device_queued": -1, "device_end": -1, "host_queued_end": 1585661970.940261}, "device": "cpu", "nd_range": {"device_start": 2329745.5230770423, "device_end": 2329745.58720713}, "cmdq": 0, "read": {"device_start": -1, "device_end": -1}}, "FFC_sans_bias29": {"write": {"device_start": -1, "host_queued_start": 1585661970.823259, "device_queued": -1, "device_end": -1, "host_queued_end": 1585661970.940261}, "device": "cpu", "nd_range": {"device_start": 2329745.4660480283, "device_end": 2329745.53970805}, "cmdq": 1, "read": {"device_start": -1, "device_end": -1}}, "coalesced_transpose66": {"write": {"device_start": -1, "host_queued_start": 1585661970.888969, "device_queued": -1, "device_end": -1, "host_queued_end": 1585661970.940261}, "device": "cpu", "nd_range": {"device_start": 2329746.2228977024, "device_end": 2329746.2241964634}, "cmdq": 1, "read": {"device_start": -1, "device_end": -1}}, "coalesced_transpose93": {"write": {"device_start": -1, "host_queued_start": 1585661970.72028, "device_queued": -1, "device_end": -1, "host_queued_end": 1585661970.749392}, "device": "gpu", "nd_range": {"device_start": 1585661903.3018608, "device_end": 1585661903.3146765}, "cmdq": 4, "read": {"device_start": -1, "device_end": -1}}, "softmax23": {"write": {"device_start": -1, "host_queued_start": 1585661970.898144, "device_queued": -1, "device_end": -1, "host_queued_end": 1585661970.940261}, "device": "cpu", "nd_range": {"device_start": 2329746.561937536, "device_end": 2329746.5626429743}, "cmdq": 0, "read": {"device_start": -1, "device_end": -1}}, "empty62": {"write": {"device_start": -1, "host_queued_start": 1585661970.772506, "device_queued": -1, "device_end": -1, "host_queued_end": 1585661970.940261}, "device": "cpu", "nd_range": {"device_start": 2329745.129923523, "device_end": 2329745.129924157}, "cmdq": 0, "read": {"device_start": -1, "device_end": -1}}, "FFC_sans_bias10": {"write": {"device_start": -1, "host_queued_start": 1585661970.798678, "device_queued": -1, "device_end": -1, "host_queued_end": 1585661970.940261}, "device": "cpu", "nd_range": {"device_start": 2329745.299814045, "device_end": 2329745.3699382143}, "cmdq": 0, "read": {"device_start": -1, "device_end": -1}}, "FFC_sans_bias13": {"write": {"device_start": -1, "host_queued_start": 1585661970.8914, "device_queued": -1, "device_end": -1, "host_queued_end": 1585661970.940261}, "device": "cpu", "nd_range": {"device_start": 2329746.2254660344, "device_end": 2329746.3035861934}, "cmdq": 1, "read": {"device_start": -1, "device_end": -1}}, "FFC_sans_bias15": {"write": {"device_start": -1, "host_queued_start": 1585661970.903172, "device_queued": -1, "device_end": -1, "host_queued_end": 1585661970.940261}, "device": "cpu", "nd_range": {"device_start": 2329746.6193871303, "device_end": 2329746.699358441}, "cmdq": 1, "read": {"device_start": -1, "device_end": -1}}, "FFC_sans_bias16": {"write": {"device_start": -1, "host_queued_start": 1585661970.915074, "device_queued": -1, "device_end": -1, "host_queued_end": 1585661970.940261}, "device": "cpu", "nd_range": {"device_start": 2329747.002152679, "device_end": 2329747.108336449}, "cmdq": 1, "read": {"device_start": -1, "device_end": -1}}, "FFC_sans_bias19": {"write": {"device_start": -1, "host_queued_start": 1585661970.809152, "device_queued": -1, "device_end": -1, "host_queued_end": 1585661970.940261}, "device": "cpu", "nd_range": {"device_start": 2329745.33313679, "device_end": 2329745.398302296}, "cmdq": 1, "read": {"device_start": -1, "device_end": -1}}, "FFC_sans_bias18": {"write": {"device_start": -1, "host_queued_start": 1585661970.80555, "device_queued": -1, "device_end": -1, "host_queued_end": 1585661970.940261}, "device": "cpu", "nd_range": {"device_start": 2329745.369959859, "device_end": 2329745.441627684}, "cmdq": 0, "read": {"device_start": -1, "device_end": -1}}, "FFC_sans_bias99": {"write": {"device_start": 1585661903.2561078, "host_queued_start": 1585661970.670481, "device_queued": 1585661903.2557504, "device_end": 1585661903.256225, "host_queued_end": 1585661970.749392}, "device": "gpu", "nd_range": {"device_start": 1585661903.256486, "device_end": 1585661903.2692053}, "cmdq": 4, "read": {"device_start": -1, "device_end": -1}}, "FFC_sans_bias91": {"write": {"device_start": 1585661903.2554786, "host_queued_start": 1585661970.663261, "device_queued": 1585661903.2551455, "device_end": 1585661903.2557347, "host_queued_end": 1585661970.749392}, "device": "gpu", "nd_range": {"device_start": 1585661903.2562628, "device_end": 1585661903.2628071}, "cmdq": 2, "read": {"device_start": -1, "device_end": -1}}, "FFC_sans_bias90": {"write": {"device_start": 1585661903.2551634, "host_queued_start": 1585661970.659652, "device_queued": 1585661903.2547994, "device_end": 1585661903.255413, "host_queued_end": 1585661970.749392}, "device": "gpu", "nd_range": {"device_start": 1585661903.256089, "device_end": 1585661903.259465}, "cmdq": 1, "read": {"device_start": -1, "device_end": -1}}, "coalesced_transpose12": {"write": {"device_start": -1, "host_queued_start": 1585661970.885235, "device_queued": -1, "device_end": -1, "host_queued_end": 1585661970.940261}, "device": "cpu", "nd_range": {"device_start": 2329746.21884495, "device_end": 2329746.2201946033}, "cmdq": 1, "read": {"device_start": -1, "device_end": -1}}, "FFC_sans_bias94": {"write": {"device_start": -1, "host_queued_start": 1585661970.722362, "device_queued": -1, "device_end": -1, "host_queued_end": 1585661970.749392}, "device": "gpu", "nd_range": {"device_start": 1585661903.3147235, "device_end": 1585661903.3181348}, "cmdq": 0, "read": {"device_start": -1, "device_end": -1}}, "FFC_sans_bias97": {"write": {"device_start": 1585661903.346213, "host_queued_start": 1585661970.731336, "device_queued": 1585661903.2637057, "device_end": 1585661903.3463132, "host_queued_end": 1585661970.749392}, "device": "gpu", "nd_range": {"device_start": 1585661903.34899, "device_end": 1585661903.358793}, "cmdq": 3, "read": {"device_start": 1585661903.3588004, "device_end": 1585661903.3588932}}, "FFC_sans_bias96": {"write": {"device_start": -1, "host_queued_start": 1585661970.726019, "device_queued": -1, "device_end": -1, "host_queued_end": 1585661970.749392}, "device": "gpu", "nd_range": {"device_start": 1585661903.33585, "device_end": 1585661903.342529}, "cmdq": 2, "read": {"device_start": -1, "device_end": -1}}, "FFC_sans_bias124": {"write": {"device_start": 1585661903.352591, "host_queued_start": 1585661970.742013, "device_queued": 1585661903.2646074, "device_end": 1585661903.3526886, "host_queued_end": 1585661970.749392}, "device": "gpu", "nd_range": {"device_start": 1585661903.3526986, "device_end": 1585661903.3685267}, "cmdq": 1, "read": {"device_start": 1585661903.3685303, "device_end": 1585661903.3686209}}, "FFC_sans_bias126": {"write": {"device_start": 1585661903.2858822, "host_queued_start": 1585661970.705869, "device_queued": 1585661903.2586002, "device_end": 1585661903.285977, "host_queued_end": 1585661970.749392}, "device": "gpu", "nd_range": {"device_start": 1585661903.285981, "device_end": 1585661903.3018591}, "cmdq": 4, "read": {"device_start": -1, "device_end": -1}}, "softmax32": {"write": {"device_start": -1, "host_queued_start": 1585661970.89872, "device_queued": -1, "device_end": -1, "host_queued_end": 1585661970.940261}, "device": "cpu", "nd_range": {"device_start": 2329746.615249354, "device_end": 2329746.6159481034}, "cmdq": 1, "read": {"device_start": -1, "device_end": -1}}, "coalesced_transpose84": {"write": {"device_start": -1, "host_queued_start": 1585661970.890183, "device_queued": -1, "device_end": -1, "host_queued_end": 1585661970.940261}, "device": "cpu", "nd_range": {"device_start": 2329746.2243615873, "device_end": 2329746.225289942}, "cmdq": 1, "read": {"device_start": -1, "device_end": -1}}, "FFC_sans_bias121": {"write": {"device_start": -1, "host_queued_start": 1585661970.723373, "device_queued": -1, "device_end": -1, "host_queued_end": 1585661970.749392}, "device": "gpu", "nd_range": {"device_start": 1585661903.317975, "device_end": 1585661903.3279536}, "cmdq": 3, "read": {"device_start": -1, "device_end": -1}}, "empty98": {"write": {"device_start": 1585661903.2531843, "host_queued_start": 1585661970.641193, "device_queued": 1585661903.2528262, "device_end": 1585661903.253377, "host_queued_end": 1585661970.749392}, "device": "gpu", "nd_range": {"device_start": 1585661903.253391, "device_end": 1585661903.2533956}, "cmdq": 0, "read": {"device_start": -1, "device_end": -1}}, "empty107": {"write": {"device_start": 1585661903.2535594, "host_queued_start": 1585661970.644677, "device_queued": 1585661903.2531972, "device_end": 1585661903.2538233, "host_queued_end": 1585661970.749392}, "device": "gpu", "nd_range": {"device_start": 1585661903.2542207, "device_end": 1585661903.2542844}, "cmdq": 1, "read": {"device_start": -1, "device_end": -1}}, "empty17": {"write": {"device_start": -1, "host_queued_start": 1585661970.757544, "device_queued": -1, "device_end": -1, "host_queued_end": 1585661970.940261}, "device": "cpu", "nd_range": {"device_start": 2329745.1298906323, "device_end": 2329745.129897294}, "cmdq": 1, "read": {"device_start": -1, "device_end": -1}}, "FFC_sans_bias87": {"write": {"device_start": -1, "host_queued_start": 1585661970.908326, "device_queued": -1, "device_end": -1, "host_queued_end": 1585661970.940261}, "device": "cpu", "nd_range": {"device_start": 2329746.92969173, "device_end": 2329747.002132885}, "cmdq": 1, "read": {"device_start": -1, "device_end": -1}}, "FFC_sans_bias85": {"write": {"device_start": -1, "host_queued_start": 1585661970.896427, "device_queued": -1, "device_end": -1, "host_queued_end": 1585661970.940261}, "device": "cpu", "nd_range": {"device_start": 2329746.52523645, "device_end": 2329746.614188799}, "cmdq": 1, "read": {"device_start": -1, "device_end": -1}}, "FFC_sans_bias82": {"write": {"device_start": -1, "host_queued_start": 1585661970.881016, "device_queued": -1, "device_end": -1, "host_queued_end": 1585661970.940261}, "device": "cpu", "nd_range": {"device_start": 2329746.147564873, "device_end": 2329746.209587812}, "cmdq": 0, "read": {"device_start": -1, "device_end": -1}}, "FFC_sans_bias83": {"write": {"device_start": -1, "host_queued_start": 1585661970.884203, "device_queued": -1, "device_end": -1, "host_queued_end": 1585661970.940261}, "device": "cpu", "nd_range": {"device_start": 2329746.122329466, "device_end": 2329746.218831793}, "cmdq": 1, "read": {"device_start": -1, "device_end": -1}}, "FFC_sans_bias81": {"write": {"device_start": -1, "host_queued_start": 1585661970.877865, "device_queued": -1, "device_end": -1, "host_queued_end": 1585661970.940261}, "device": "cpu", "nd_range": {"device_start": 2329746.050923407, "device_end": 2329746.1223143563}, "cmdq": 1, "read": {"device_start": -1, "device_end": -1}}, "FFC_sans_bias88": {"write": {"device_start": -1, "host_queued_start": 1585661970.940205, "device_queued": -1, "device_end": -1, "host_queued_end": 1585661970.940261}, "device": "cpu", "nd_range": {"device_start": 2329747.347067704, "device_end": 2329747.405484545}, "cmdq": 1, "read": {"device_start": -1, "device_end": -1}}, "coalesced_transpose30": {"write": {"device_start": -1, "host_queued_start": 1585661970.886492, "device_queued": -1, "device_end": -1, "host_queued_end": 1585661970.940261}, "device": "cpu", "nd_range": {"device_start": 2329746.220218455, "device_end": 2329746.221575777}, "cmdq": 1, "read": {"device_start": -1, "device_end": -1}}, "FFC_sans_bias128": {"write": {"device_start": 1585661903.2826135, "host_queued_start": 1585661970.702373, "device_queued": 1585661903.2584748, "device_end": 1585661903.2827146, "host_queued_end": 1585661970.749392}, "device": "gpu", "nd_range": {"device_start": 1585661903.282722, "device_end": 1585661903.2986095}, "cmdq": 3, "read": {"device_start": -1, "device_end": -1}}, "coalesced_transpose39": {"write": {"device_start": -1, "host_queued_start": 1585661970.887144, "device_queued": -1, "device_end": -1, "host_queued_end": 1585661970.940261}, "device": "cpu", "nd_range": {"device_start": 2329746.214760555, "device_end": 2329746.215213858}, "cmdq": 0, "read": {"device_start": -1, "device_end": -1}}, "FFC_sans_bias79": {"write": {"device_start": -1, "host_queued_start": 1585661970.937046, "device_queued": -1, "device_end": -1, "host_queued_end": 1585661970.940261}, "device": "cpu", "nd_range": {"device_start": 2329747.313354879, "device_end": 2329747.390136309}, "cmdq": 0, "read": {"device_start": -1, "device_end": -1}}, "FFC_sans_bias78": {"write": {"device_start": -1, "host_queued_start": 1585661970.907699, "device_queued": -1, "device_end": -1, "host_queued_end": 1585661970.940261}, "device": "cpu", "nd_range": {"device_start": 2329746.896945497, "device_end": 2329747.002617767}, "cmdq": 0, "read": {"device_start": -1, "device_end": -1}}, "FFC_sans_bias73": {"write": {"device_start": -1, "host_queued_start": 1585661970.871351, "device_queued": -1, "device_end": -1, "host_queued_end": 1585661970.940261}, "device": "cpu", "nd_range": {"device_start": 2329745.983705984, "device_end": 2329746.050907738}, "cmdq": 1, "read": {"device_start": -1, "device_end": -1}}, "FFC_sans_bias72": {"write": {"device_start": -1, "host_queued_start": 1585661970.867955, "device_queued": -1, "device_end": -1, "host_queued_end": 1585661970.940261}, "device": "cpu", "nd_range": {"device_start": 2329745.9962293343, "device_end": 2329746.0744030843}, "cmdq": 0, "read": {"device_start": -1, "device_end": -1}}, "FFC_sans_bias70": {"write": {"device_start": -1, "host_queued_start": 1585661970.93384, "device_queued": -1, "device_end": -1, "host_queued_end": 1585661970.940261}, "device": "cpu", "nd_range": {"device_start": 2329747.273204383, "device_end": 2329747.347058528}, "cmdq": 1, "read": {"device_start": -1, "device_end": -1}}, "FFC_sans_bias76": {"write": {"device_start": -1, "host_queued_start": 1585661970.89583, "device_queued": -1, "device_end": -1, "host_queued_end": 1585661970.940261}, "device": "cpu", "nd_range": {"device_start": 2329746.491864576, "device_end": 2329746.561092167}, "cmdq": 0, "read": {"device_start": -1, "device_end": -1}}, "FFC_sans_bias74": {"write": {"device_start": -1, "host_queued_start": 1585661970.874685, "device_queued": -1, "device_end": -1, "host_queued_end": 1585661970.940261}, "device": "cpu", "nd_range": {"device_start": 2329746.0744207003, "device_end": 2329746.1475476352}, "cmdq": 0, "read": {"device_start": -1, "device_end": -1}}, "coalesced_transpose102": {"write": {"device_start": -1, "host_queued_start": 1585661970.720753, "device_queued": -1, "device_end": -1, "host_queued_end": 1585661970.749392}, "device": "gpu", "nd_range": {"device_start": 1585661903.3051107, "device_end": 1585661903.3147116}, "cmdq": 0, "read": {"device_start": -1, "device_end": -1}}, "coalesced_transpose3": {"write": {"device_start": -1, "host_queued_start": 1585661970.884625, "device_queued": -1, "device_end": -1, "host_queued_end": 1585661970.940261}, "device": "cpu", "nd_range": {"device_start": 2329746.209614846, "device_end": 2329746.214245237}, "cmdq": 0, "read": {"device_start": -1, "device_end": -1}}, "FFC_sans_bias127": {"write": {"device_start": 1585661903.2892108, "host_queued_start": 1585661970.709357, "device_queued": 1585661903.2592578, "device_end": 1585661903.289306, "host_queued_end": 1585661970.749392}, "device": "gpu", "nd_range": {"device_start": 1585661903.2893133, "device_end": 1585661903.305109}, "cmdq": 0, "read": {"device_start": -1, "device_end": -1}}, "empty89": {"write": {"device_start": -1, "host_queued_start": 1585661970.781104, "device_queued": -1, "device_end": -1, "host_queued_end": 1585661970.940261}, "device": "cpu", "nd_range": {"device_start": 2329745.129929433, "device_end": 2329745.1299301013}, "cmdq": 1, "read": {"device_start": -1, "device_end": -1}}, "FFC_sans_bias123": {"write": {"device_start": -1, "host_queued_start": 1585661970.7271, "device_queued": -1, "device_end": -1, "host_queued_end": 1585661970.749392}, "device": "gpu", "nd_range": {"device_start": 1585661903.3358254, "device_end": 1585661903.3391953}, "cmdq": 0, "read": {"device_start": -1, "device_end": -1}}, "empty80": {"write": {"device_start": -1, "host_queued_start": 1585661970.778221, "device_queued": -1, "device_end": -1, "host_queued_end": 1585661970.940261}, "device": "cpu", "nd_range": {"device_start": 2329745.129929243, "device_end": 2329745.129930037}, "cmdq": 0, "read": {"device_start": -1, "device_end": -1}}, "empty116": {"write": {"device_start": 1585661903.253882, "host_queued_start": 1585661970.647954, "device_queued": 1585661903.253474, "device_end": 1585661903.25414, "host_queued_end": 1585661970.749392}, "device": "gpu", "nd_range": {"device_start": 1585661903.2542648, "device_end": 1585661903.2543006}, "cmdq": 2, "read": {"device_start": -1, "device_end": -1}}, "softmax104": {"write": {"device_start": -1, "host_queued_start": 1585661970.724578, "device_queued": -1, "device_end": -1, "host_queued_end": 1585661970.749392}, "device": "gpu", "nd_range": {"device_start": 1585661903.3312442, "device_end": 1585661903.3354023}, "cmdq": 2, "read": {"device_start": -1, "device_end": -1}}, "coalesced_transpose21": {"write": {"device_start": -1, "host_queued_start": 1585661970.885833, "device_queued": -1, "device_end": -1, "host_queued_end": 1585661970.940261}, "device": "cpu", "nd_range": {"device_start": 2329746.214260669, "device_end": 2329746.2147479733}, "cmdq": 0, "read": {"device_start": -1, "device_end": -1}}, "softmax14": {"write": {"device_start": -1, "host_queued_start": 1585661970.897554, "device_queued": -1, "device_end": -1, "host_queued_end": 1585661970.940261}, "device": "cpu", "nd_range": {"device_start": 2329746.6144075813, "device_end": 2329746.615108118}, "cmdq": 1, "read": {"device_start": -1, "device_end": -1}}, "FFC_sans_bias69": {"write": {"device_start": -1, "host_queued_start": 1585661970.907089, "device_queued": -1, "device_end": -1, "host_queued_end": 1585661970.940261}, "device": "cpu", "nd_range": {"device_start": 2329746.860888585, "device_end": 2329746.9296753923}, "cmdq": 1, "read": {"device_start": -1, "device_end": -1}}, "FFC_sans_bias92": {"write": {"device_start": 1585661903.2557712, "host_queued_start": 1585661970.66691, "device_queued": 1585661903.2554333, "device_end": 1585661903.256051, "host_queued_end": 1585661970.749392}, "device": "gpu", "nd_range": {"device_start": 1585661903.2563756, "device_end": 1585661903.266081}, "cmdq": 3, "read": {"device_start": -1, "device_end": -1}}, "FFC_sans_bias60": {"write": {"device_start": -1, "host_queued_start": 1585661970.90641, "device_queued": -1, "device_end": -1, "host_queued_end": 1585661970.940261}, "device": "cpu", "nd_range": {"device_start": 2329746.8260529763, "device_end": 2329746.8969256463}, "cmdq": 0, "read": {"device_start": -1, "device_end": -1}}, "FFC_sans_bias61": {"write": {"device_start": -1, "host_queued_start": 1585661970.930686, "device_queued": -1, "device_end": -1, "host_queued_end": 1585661970.940261}, "device": "cpu", "nd_range": {"device_start": 2329747.250562351, "device_end": 2329747.313333822}, "cmdq": 0, "read": {"device_start": -1, "device_end": -1}}, "FFC_sans_bias63": {"write": {"device_start": -1, "host_queued_start": 1585661970.864652, "device_queued": -1, "device_end": -1, "host_queued_end": 1585661970.940261}, "device": "cpu", "nd_range": {"device_start": 2329745.8954282664, "device_end": 2329745.9836879834}, "cmdq": 1, "read": {"device_start": -1, "device_end": -1}}, "FFC_sans_bias64": {"write": {"device_start": -1, "host_queued_start": 1585661970.857913, "device_queued": -1, "device_end": -1, "host_queued_end": 1585661970.940261}, "device": "cpu", "nd_range": {"device_start": 2329745.8230368523, "device_end": 2329745.895412736}, "cmdq": 1, "read": {"device_start": -1, "device_end": -1}}, "FFC_sans_bias65": {"write": {"device_start": -1, "host_queued_start": 1585661970.861271, "device_queued": -1, "device_end": -1, "host_queued_end": 1585661970.940261}, "device": "cpu", "nd_range": {"device_start": 2329745.937304634, "device_end": 2329745.996204934}, "cmdq": 0, "read": {"device_start": -1, "device_end": -1}}, "FFC_sans_bias67": {"write": {"device_start": -1, "host_queued_start": 1585661970.895229, "device_queued": -1, "device_end": -1, "host_queued_end": 1585661970.940261}, "device": "cpu", "nd_range": {"device_start": 2329746.4477119613, "device_end": 2329746.5252109123}, "cmdq": 1, "read": {"device_start": -1, "device_end": -1}}, "coalesced_transpose111": {"write": {"device_start": -1, "host_queued_start": 1585661970.721071, "device_queued": -1, "device_end": -1, "host_queued_end": 1585661970.749392}, "device": "gpu", "nd_range": {"device_start": 1585661903.3083704, "device_end": 1585661903.3147447}, "cmdq": 1, "read": {"device_start": -1, "device_end": -1}}, "FFC_sans_bias136": {"write": {"device_start": 1585661903.2924402, "host_queued_start": 1585661970.712906, "device_queued": 1585661903.2596865, "device_end": 1585661903.2925353, "host_queued_end": 1585661970.749392}, "device": "gpu", "nd_range": {"device_start": 1585661903.2925408, "device_end": 1585661903.3083642}, "cmdq": 1, "read": {"device_start": -1, "device_end": -1}}, "FFC_sans_bias135": {"write": {"device_start": 1585661903.298973, "host_queued_start": 1585661970.719927, "device_queued": 1585661903.260075, "device_end": 1585661903.2990758, "host_queued_end": 1585661970.749392}, "device": "gpu", "nd_range": {"device_start": 1585661903.299092, "device_end": 1585661903.3148332}, "cmdq": 3, "read": {"device_start": -1, "device_end": -1}}, "FFC_sans_bias133": {"write": {"device_start": 1585661903.355871, "host_queued_start": 1585661970.745625, "device_queued": 1585661903.2647421, "device_end": 1585661903.3559697, "host_queued_end": 1585661970.749392}, "device": "gpu", "nd_range": {"device_start": 1585661903.3559911, "device_end": 1585661903.3718014}, "cmdq": 2, "read": {"device_start": 1585661903.371808, "device_end": 1585661903.371898}}, "FFC_sans_bias132": {"write": {"device_start": -1, "host_queued_start": 1585661970.727425, "device_queued": -1, "device_end": -1, "host_queued_end": 1585661970.749392}, "device": "gpu", "nd_range": {"device_start": 1585661903.33996, "device_end": 1585661903.3522525}, "cmdq": 1, "read": {"device_start": -1, "device_end": -1}}, "softmax68": {"write": {"device_start": -1, "host_queued_start": 1585661970.90086, "device_queued": -1, "device_end": -1, "host_queued_end": 1585661970.940261}, "device": "cpu", "nd_range": {"device_start": 2329746.616892267, "device_end": 2329746.618436125}, "cmdq": 1, "read": {"device_start": -1, "device_end": -1}}, "softmax131": {"write": {"device_start": -1, "host_queued_start": 1585661970.725405, "device_queued": -1, "device_end": -1, "host_queued_end": 1585661970.749392}, "device": "gpu", "nd_range": {"device_start": 1585661903.3344934, "device_end": 1585661903.3349137}, "cmdq": 0, "read": {"device_start": -1, "device_end": -1}}, "empty125": {"write": {"device_start": 1585661903.2542005, "host_queued_start": 1585661970.650815, "device_queued": 1585661903.2538493, "device_end": 1585661903.2544606, "host_queued_end": 1585661970.749392}, "device": "gpu", "nd_range": {"device_start": 1585661903.2544644, "device_end": 1585661903.2544687}, "cmdq": 3, "read": {"device_start": -1, "device_end": -1}}, "FFC_sans_bias139": {"write": {"device_start": -1, "host_queued_start": 1585661970.724018, "device_queued": -1, "device_end": -1, "host_queued_end": 1585661970.749392}, "device": "gpu", "nd_range": {"device_start": 1585661903.318145, "device_end": 1585661903.3344772}, "cmdq": 0, "read": {"device_start": -1, "device_end": -1}}, "empty35": {"write": {"device_start": -1, "host_queued_start": 1585661970.763881, "device_queued": -1, "device_end": -1, "host_queued_end": 1585661970.940261}, "device": "cpu", "nd_range": {"device_start": 2329745.129910435, "device_end": 2329745.129911479}, "cmdq": 1, "read": {"device_start": -1, "device_end": -1}}, "softmax86": {"write": {"device_start": -1, "host_queued_start": 1585661970.90196, "device_queued": -1, "device_end": -1, "host_queued_end": 1585661970.940261}, "device": "cpu", "nd_range": {"device_start": 2329746.618563767, "device_end": 2329746.6192660523}, "cmdq": 1, "read": {"device_start": -1, "device_end": -1}}, "FFC_sans_bias55": {"write": {"device_start": -1, "host_queued_start": 1585661970.854437, "device_queued": -1, "device_end": -1, "host_queued_end": 1585661970.940261}, "device": "cpu", "nd_range": {"device_start": 2329745.873486399, "device_end": 2329745.937285305}, "cmdq": 0, "read": {"device_start": -1, "device_end": -1}}, "FFC_sans_bias54": {"write": {"device_start": -1, "host_queued_start": 1585661970.851132, "device_queued": -1, "device_end": -1, "host_queued_end": 1585661970.940261}, "device": "cpu", "nd_range": {"device_start": 2329745.770056332, "device_end": 2329745.823014812}, "cmdq": 1, "read": {"device_start": -1, "device_end": -1}}, "FFC_sans_bias56": {"write": {"device_start": -1, "host_queued_start": 1585661970.847705, "device_queued": -1, "device_end": -1, "host_queued_end": 1585661970.940261}, "device": "cpu", "nd_range": {"device_start": 2329745.7953333682, "device_end": 2329745.873461028}, "cmdq": 0, "read": {"device_start": -1, "device_end": -1}}, "FFC_sans_bias51": {"write": {"device_start": -1, "host_queued_start": 1585661970.905785, "device_queued": -1, "device_end": -1, "host_queued_end": 1585661970.940261}, "device": "cpu", "nd_range": {"device_start": 2329746.785408207, "device_end": 2329746.8608704624}, "cmdq": 1, "read": {"device_start": -1, "device_end": -1}}, "FFC_sans_bias52": {"write": {"device_start": -1, "host_queued_start": 1585661970.927484, "device_queued": -1, "device_end": -1, "host_queued_end": 1585661970.940261}, "device": "cpu", "nd_range": {"device_start": 2329747.1993158134, "device_end": 2329747.273195412}, "cmdq": 1, "read": {"device_start": -1, "device_end": -1}}, "FFC_sans_bias58": {"write": {"device_start": -1, "host_queued_start": 1585661970.894616, "device_queued": -1, "device_end": -1, "host_queued_end": 1585661970.940261}, "device": "cpu", "nd_range": {"device_start": 2329746.427729951, "device_end": 2329746.491837767}, "cmdq": 0, "read": {"device_start": -1, "device_end": -1}}, "FFC_sans_bias108": {"write": {"device_start": 1585661903.263232, "host_queued_start": 1585661970.681216, "device_queued": 1585661903.2571402, "device_end": 1585661903.2633386, "host_queued_end": 1585661970.749392}, "device": "gpu", "nd_range": {"device_start": 1585661903.2633457, "device_end": 1585661903.2790287}, "cmdq": 2, "read": {"device_start": -1, "device_end": -1}}, "FFC_sans_bias109": {"write": {"device_start": 1585661903.2664456, "host_queued_start": 1585661970.684723, "device_queued": 1585661903.2572718, "device_end": 1585661903.2665489, "host_queued_end": 1585661970.749392}, "device": "gpu", "nd_range": {"device_start": 1585661903.266564, "device_end": 1585661903.2822514}, "cmdq": 3, "read": {"device_start": -1, "device_end": -1}}, "coalesced_transpose129": {"write": {"device_start": -1, "host_queued_start": 1585661970.721686, "device_queued": -1, "device_end": -1, "host_queued_end": 1585661970.749392}, "device": "gpu", "nd_range": {"device_start": 1585661903.3148444, "device_end": 1585661903.3179626}, "cmdq": 3, "read": {"device_start": -1, "device_end": -1}}, "FFC_sans_bias103": {"write": {"device_start": -1, "host_queued_start": 1585661970.722728, "device_queued": -1, "device_end": -1, "host_queued_end": 1585661970.749392}, "device": "gpu", "nd_range": {"device_start": 1585661903.3148596, "device_end": 1585661903.321451}, "cmdq": 1, "read": {"device_start": -1, "device_end": -1}}, "FFC_sans_bias100": {"write": {"device_start": 1585661903.2568395, "host_queued_start": 1585661970.674124, "device_queued": 1585661903.256581, "device_end": 1585661903.2569392, "host_queued_end": 1585661970.749392}, "device": "gpu", "nd_range": {"device_start": 1585661903.2569463, "device_end": 1585661903.272507}, "cmdq": 0, "read": {"device_start": -1, "device_end": -1}}, "FFC_sans_bias101": {"write": {"device_start": 1585661903.2598083, "host_queued_start": 1585661970.677716, "device_queued": 1585661903.2569494, "device_end": 1585661903.259912, "host_queued_end": 1585661970.749392}, "device": "gpu", "nd_range": {"device_start": 1585661903.2599175, "device_end": 1585661903.2757678}, "cmdq": 1, "read": {"device_start": -1, "device_end": -1}}, "FFC_sans_bias106": {"write": {"device_start": 1585661903.3493145, "host_queued_start": 1585661970.734893, "device_queued": 1585661903.263547, "device_end": 1585661903.3494155, "host_queued_end": 1585661970.749392}, "device": "gpu", "nd_range": {"device_start": 1585661903.3494356, "device_end": 1585661903.3620129}, "cmdq": 4, "read": {"device_start": 1585661903.36202, "device_end": 1585661903.3621116}}, "softmax122": {"write": {"device_start": -1, "host_queued_start": 1585661970.725144, "device_queued": -1, "device_end": -1, "host_queued_end": 1585661970.749392}, "device": "gpu", "nd_range": {"device_start": 1585661903.331226, "device_end": 1585661903.335815}, "cmdq": 4, "read": {"device_start": -1, "device_end": -1}}, "FFC_sans_bias105": {"write": {"device_start": -1, "host_queued_start": 1585661970.726372, "device_queued": -1, "device_end": -1, "host_queued_end": 1585661970.749392}, "device": "gpu", "nd_range": {"device_start": 1585661903.3358598, "device_end": 1585661903.3458307}, "cmdq": 3, "read": {"device_start": -1, "device_end": -1}}, "softmax95": {"write": {"device_start": -1, "host_queued_start": 1585661970.72428, "device_queued": -1, "device_end": -1, "host_queued_end": 1585661970.749392}, "device": "gpu", "nd_range": {"device_start": 1585661903.3214612, "device_end": 1585661903.3358283}, "cmdq": 1, "read": {"device_start": -1, "device_end": -1}}, "coalesced_transpose57": {"write": {"device_start": -1, "host_queued_start": 1585661970.888371, "device_queued": -1, "device_end": -1, "host_queued_end": 1585661970.940261}, "device": "cpu", "nd_range": {"device_start": 2329746.2152207363, "device_end": 2329746.215675922}, "cmdq": 0, "read": {"device_start": -1, "device_end": -1}}, "empty26": {"write": {"device_start": -1, "host_queued_start": 1585661970.760717, "device_queued": -1, "device_end": -1, "host_queued_end": 1585661970.940261}, "device": "cpu", "nd_range": {"device_start": 2329745.129911072, "device_end": 2329745.1299124244}, "cmdq": 0, "read": {"device_start": -1, "device_end": -1}}, "softmax113": {"write": {"device_start": -1, "host_queued_start": 1585661970.724863, "device_queued": -1, "device_end": -1, "host_queued_end": 1585661970.749392}, "device": "gpu", "nd_range": {"device_start": 1585661903.3312545, "device_end": 1585661903.3354053}, "cmdq": 3, "read": {"device_start": -1, "device_end": -1}}, "FFC_sans_bias11": {"write": {"device_start": -1, "host_queued_start": 1585661970.802108, "device_queued": -1, "device_end": -1, "host_queued_end": 1585661970.940261}, "device": "cpu", "nd_range": {"device_start": 2329745.25690846, "device_end": 2329745.333113267}, "cmdq": 1, "read": {"device_start": -1, "device_end": -1}}, "FFC_sans_bias42": {"write": {"device_start": -1, "host_queued_start": 1585661970.905077, "device_queued": -1, "device_end": -1, "host_queued_end": 1585661970.940261}, "device": "cpu", "nd_range": {"device_start": 2329746.733888513, "device_end": 2329746.825759264}, "cmdq": 0, "read": {"device_start": -1, "device_end": -1}}, "FFC_sans_bias43": {"write": {"device_start": -1, "host_queued_start": 1585661970.924336, "device_queued": -1, "device_end": -1, "host_queued_end": 1585661970.940261}, "device": "cpu", "nd_range": {"device_start": 2329747.143720324, "device_end": 2329747.2505470794}, "cmdq": 0, "read": {"device_start": -1, "device_end": -1}}, "FFC_sans_bias40": {"write": {"device_start": -1, "host_queued_start": 1585661970.893244, "device_queued": -1, "device_end": -1, "host_queued_end": 1585661970.940261}, "device": "cpu", "nd_range": {"device_start": 2329746.3399956813, "device_end": 2329746.4275022293}, "cmdq": 0, "read": {"device_start": -1, "device_end": -1}}, "FFC_sans_bias46": {"write": {"device_start": -1, "host_queued_start": 1585661970.840763, "device_queued": -1, "device_end": -1, "host_queued_end": 1585661970.940261}, "device": "cpu", "nd_range": {"device_start": 2329745.7079051123, "device_end": 2329745.795313775}, "cmdq": 0, "read": {"device_start": -1, "device_end": -1}}, "FFC_sans_bias47": {"write": {"device_start": -1, "host_queued_start": 1585661970.844227, "device_queued": -1, "device_end": -1, "host_queued_end": 1585661970.940261}, "device": "cpu", "nd_range": {"device_start": 2329745.707905052, "device_end": 2329745.770038445}, "cmdq": 1, "read": {"device_start": -1, "device_end": -1}}, "FFC_sans_bias45": {"write": {"device_start": -1, "host_queued_start": 1585661970.837305, "device_queued": -1, "device_end": -1, "host_queued_end": 1585661970.940261}, "device": "cpu", "nd_range": {"device_start": 2329745.621897924, "device_end": 2329745.707880638}, "cmdq": 1, "read": {"device_start": -1, "device_end": -1}}, "FFC_sans_bias49": {"write": {"device_start": -1, "host_queued_start": 1585661970.893902, "device_queued": -1, "device_end": -1, "host_queued_end": 1585661970.940261}, "device": "cpu", "nd_range": {"device_start": 2329746.394853081, "device_end": 2329746.447507636}, "cmdq": 1, "read": {"device_start": -1, "device_end": -1}}, "softmax77": {"write": {"device_start": -1, "host_queued_start": 1585661970.90144, "device_queued": -1, "device_end": -1, "host_queued_end": 1585661970.940261}, "device": "cpu", "nd_range": {"device_start": 2329746.5643235873, "device_end": 2329746.565051945}, "cmdq": 0, "read": {"device_start": -1, "device_end": -1}}, "empty134": {"write": {"device_start": 1585661903.2545228, "host_queued_start": 1585661970.653674, "device_queued": 1585661903.2541666, "device_end": 1585661903.254778, "host_queued_end": 1585661970.749392}, "device": "gpu", "nd_range": {"device_start": 1585661903.2547812, "device_end": 1585661903.2547865}, "cmdq": 4, "read": {"device_start": -1, "device_end": -1}}, "coalesced_transpose138": {"write": {"device_start": -1, "host_queued_start": 1585661970.721993, "device_queued": -1, "device_end": -1, "host_queued_end": 1585661970.749392}, "device": "gpu", "nd_range": {"device_start": 1585661903.3146887, "device_end": 1585661903.3147724}, "cmdq": 4, "read": {"device_start": -1, "device_end": -1}}, "FFC_sans_bias119": {"write": {"device_start": 1585661903.2793672, "host_queued_start": 1585661970.698855, "device_queued": 1585661903.2583487, "device_end": 1585661903.2794666, "host_queued_end": 1585661970.749392}, "device": "gpu", "nd_range": {"device_start": 1585661903.2794821, "device_end": 1585661903.295308}, "cmdq": 2, "read": {"device_start": -1, "device_end": -1}}, "FFC_sans_bias118": {"write": {"device_start": 1585661903.2761145, "host_queued_start": 1585661970.695284, "device_queued": 1585661903.25822, "device_end": 1585661903.2762146, "host_queued_end": 1585661970.749392}, "device": "gpu", "nd_range": {"device_start": 1585661903.2762213, "device_end": 1585661903.292074}, "cmdq": 1, "read": {"device_start": -1, "device_end": -1}}, "empty143": {"write": {"device_start": 1585661903.2548459, "host_queued_start": 1585661970.656573, "device_queued": 1585661903.2545114, "device_end": 1585661903.2551248, "host_queued_end": 1585661970.749392}, "device": "gpu", "nd_range": {"device_start": 1585661903.2551339, "device_end": 1585661903.255138}, "cmdq": 0, "read": {"device_start": -1, "device_end": -1}}, "FFC_sans_bias115": {"write": {"device_start": 1585661903.3497381, "host_queued_start": 1585661970.738466, "device_queued": 1585661903.2642982, "device_end": 1585661903.3498354, "host_queued_end": 1585661970.749392}, "device": "gpu", "nd_range": {"device_start": 1585661903.3498528, "device_end": 1585661903.365273}, "cmdq": 0, "read": {"device_start": 1585661903.3652852, "device_end": 1585661903.365395}}, "FFC_sans_bias114": {"write": {"device_start": -1, "host_queued_start": 1585661970.726744, "device_queued": -1, "device_end": -1, "host_queued_end": 1585661970.749392}, "device": "gpu", "nd_range": {"device_start": 1585661903.3358712, "device_end": 1585661903.3489602}, "cmdq": 4, "read": {"device_start": -1, "device_end": -1}}, "FFC_sans_bias117": {"write": {"device_start": 1585661903.2728553, "host_queued_start": 1585661970.691814, "device_queued": 1585661903.257978, "device_end": 1585661903.272957, "host_queued_end": 1585661970.749392}, "device": "gpu", "nd_range": {"device_start": 1585661903.2729626, "device_end": 1585661903.2888398}, "cmdq": 0, "read": {"device_start": -1, "device_end": -1}}, "softmax5": {"write": {"device_start": -1, "host_queued_start": 1585661970.897024, "device_queued": -1, "device_end": -1, "host_queued_end": 1585661970.940261}, "device": "cpu", "nd_range": {"device_start": 2329746.5611101664, "device_end": 2329746.5619252063}, "cmdq": 0, "read": {"device_start": -1, "device_end": -1}}, "FFC_sans_bias110": {"write": {"device_start": 1585661903.269569, "host_queued_start": 1585661970.6883, "device_queued": 1585661903.2574017, "device_end": 1585661903.2696698, "host_queued_end": 1585661970.749392}, "device": "gpu", "nd_range": {"device_start": 1585661903.2696865, "device_end": 1585661903.2855399}, "cmdq": 4, "read": {"device_start": -1, "device_end": -1}}, "FFC_sans_bias112": {"write": {"device_start": -1, "host_queued_start": 1585661970.723051, "device_queued": -1, "device_end": -1, "host_queued_end": 1585661970.749392}, "device": "gpu", "nd_range": {"device_start": 1585661903.3148732, "device_end": 1585661903.324762}, "cmdq": 2, "read": {"device_start": -1, "device_end": -1}}, "empty53": {"write": {"device_start": -1, "host_queued_start": 1585661970.76967, "device_queued": -1, "device_end": -1, "host_queued_end": 1585661970.940261}, "device": "cpu", "nd_range": {"device_start": 2329745.129917604, "device_end": 2329745.1299184943}, "cmdq": 1, "read": {"device_start": -1, "device_end": -1}}, "coalesced_transpose48": {"write": {"device_start": -1, "host_queued_start": 1585661970.887775, "device_queued": -1, "device_end": -1, "host_queued_end": 1585661970.940261}, "device": "cpu", "nd_range": {"device_start": 2329746.221596069, "device_end": 2329746.2228890522}, "cmdq": 1, "read": {"device_start": -1, "device_end": -1}}}