{"FFC_sans_bias4": {"write": {"device_start": -1, "host_queued_start": 1585662133.063668, "device_queued": -1, "device_end": -1, "host_queued_end": 1585662133.114041}, "device": "cpu", "nd_range": {"device_start": 2329908.423107521, "device_end": 2329908.527807935}, "cmdq": 1, "read": {"device_start": -1, "device_end": -1}}, "FFC_sans_bias7": {"write": {"device_start": -1, "host_queued_start": 1585662133.084455, "device_queued": -1, "device_end": -1, "host_queued_end": 1585662133.114041}, "device": "cpu", "nd_range": {"device_start": 2329908.739393468, "device_end": 2329908.862605657}, "cmdq": 0, "read": {"device_start": -1, "device_end": -1}}, "FFC_sans_bias6": {"write": {"device_start": -1, "host_queued_start": 1585662133.074896, "device_queued": -1, "device_end": -1, "host_queued_end": 1585662133.114041}, "device": "cpu", "nd_range": {"device_start": 2329908.614106379, "device_end": 2329908.73852066}, "cmdq": 3, "read": {"device_start": -1, "device_end": -1}}, "FFC_sans_bias1": {"write": {"device_start": -1, "host_queued_start": 1585662132.96805, "device_queued": -1, "device_end": -1, "host_queued_end": 1585662133.114041}, "device": "cpu", "nd_range": {"device_start": 2329907.3037098963, "device_end": 2329907.434371815}, "cmdq": 2, "read": {"device_start": -1, "device_end": -1}}, "FFC_sans_bias0": {"write": {"device_start": -1, "host_queued_start": 1585662132.964454, "device_queued": -1, "device_end": -1, "host_queued_end": 1585662133.114041}, "device": "cpu", "nd_range": {"device_start": 2329907.303698826, "device_end": 2329907.5410696412}, "cmdq": 1, "read": {"device_start": -1, "device_end": -1}}, "FFC_sans_bias2": {"write": {"device_start": -1, "host_queued_start": 1585662132.971549, "device_queued": -1, "device_end": -1, "host_queued_end": 1585662133.114041}, "device": "cpu", "nd_range": {"device_start": 2329907.3047445184, "device_end": 2329907.4272126}, "cmdq": 3, "read": {"device_start": -1, "device_end": -1}}, "coalesced_transpose120": {"write": {"device_start": -1, "host_queued_start": 1585662132.900116, "device_queued": -1, "device_end": -1, "host_queued_end": 1585662132.932181}, "device": "gpu", "nd_range": {"device_start": 1585662065.503274, "device_end": 1585662065.5102863}, "cmdq": 2, "read": {"device_start": -1, "device_end": -1}}, "FFC_sans_bias9": {"write": {"device_start": -1, "host_queued_start": 1585662132.975027, "device_queued": -1, "device_end": -1, "host_queued_end": 1585662133.114041}, "device": "cpu", "nd_range": {"device_start": 2329907.30370627, "device_end": 2329907.436799692}, "cmdq": 0, "read": {"device_start": -1, "device_end": -1}}, "empty71": {"write": {"device_start": -1, "host_queued_start": 1585662132.958701, "device_queued": -1, "device_end": -1, "host_queued_end": 1585662133.114041}, "device": "cpu", "nd_range": {"device_start": 2329907.304624595, "device_end": 2329907.304626585}, "cmdq": 3, "read": {"device_start": -1, "device_end": -1}}, "softmax41": {"write": {"device_start": -1, "host_queued_start": 1585662133.071901, "device_queued": -1, "device_end": -1, "host_queued_end": 1585662133.114041}, "device": "cpu", "nd_range": {"device_start": 2329908.7041844483, "device_end": 2329908.7050485}, "cmdq": 2, "read": {"device_start": -1, "device_end": -1}}, "FFC_sans_bias37": {"write": {"device_start": -1, "host_queued_start": 1585662133.012886, "device_queued": -1, "device_end": -1, "host_queued_end": 1585662133.114041}, "device": "cpu", "nd_range": {"device_start": 2329907.698395967, "device_end": 2329907.8290713043}, "cmdq": 2, "read": {"device_start": -1, "device_end": -1}}, "FFC_sans_bias36": {"write": {"device_start": -1, "host_queued_start": 1585662133.009394, "device_queued": -1, "device_end": -1, "host_queued_end": 1585662133.114041}, "device": "cpu", "nd_range": {"device_start": 2329907.946327525, "device_end": 2329908.0693151443}, "cmdq": 1, "read": {"device_start": -1, "device_end": -1}}, "FFC_sans_bias34": {"write": {"device_start": -1, "host_queued_start": 1585662133.096385, "device_queued": -1, "device_end": -1, "host_queued_end": 1585662133.114041}, "device": "cpu", "nd_range": {"device_start": 2329908.990971846, "device_end": 2329909.136704312}, "cmdq": 3, "read": {"device_start": -1, "device_end": -1}}, "FFC_sans_bias33": {"write": {"device_start": -1, "host_queued_start": 1585662133.076895, "device_queued": -1, "device_end": -1, "host_queued_end": 1585662133.114041}, "device": "cpu", "nd_range": {"device_start": 2329908.8085045153, "device_end": 2329908.9443213753}, "cmdq": 2, "read": {"device_start": -1, "device_end": -1}}, "FFC_sans_bias31": {"write": {"device_start": -1, "host_queued_start": 1585662133.065567, "device_queued": -1, "device_end": -1, "host_queued_end": 1585662133.114041}, "device": "cpu", "nd_range": {"device_start": 2329908.2467329022, "device_end": 2329908.3118511313}, "cmdq": 0, "read": {"device_start": -1, "device_end": -1}}, "FFC_sans_bias38": {"write": {"device_start": -1, "host_queued_start": 1585662133.016432, "device_queued": -1, "device_end": -1, "host_queued_end": 1585662133.114041}, "device": "cpu", "nd_range": {"device_start": 2329907.6737693003, "device_end": 2329907.7960437303}, "cmdq": 3, "read": {"device_start": -1, "device_end": -1}}, "coalesced_transpose75": {"write": {"device_start": -1, "host_queued_start": 1585662133.062829, "device_queued": -1, "device_end": -1, "host_queued_end": 1585662133.114041}, "device": "cpu", "nd_range": {"device_start": 2329908.245808159, "device_end": 2329908.246724658}, "cmdq": 0, "read": {"device_start": -1, "device_end": -1}}, "softmax140": {"write": {"device_start": -1, "host_queued_start": 1585662132.904925, "device_queued": -1, "device_end": -1, "host_queued_end": 1585662132.932181}, "device": "gpu", "nd_range": {"device_start": 1585662065.5294223, "device_end": 1585662065.5407293}, "cmdq": 3, "read": {"device_start": -1, "device_end": -1}}, "empty44": {"write": {"device_start": -1, "host_queued_start": 1585662132.949833, "device_queued": -1, "device_end": -1, "host_queued_end": 1585662133.114041}, "device": "cpu", "nd_range": {"device_start": 2329907.30369156, "device_end": 2329907.303692702}, "cmdq": 0, "read": {"device_start": -1, "device_end": -1}}, "FFC_sans_bias137": {"write": {"device_start": 1585662065.4838302, "host_queued_start": 1585662132.894803, "device_queued": 1585662065.4389927, "device_end": 1585662065.48393, "host_queued_end": 1585662132.932181}, "device": "gpu", "nd_range": {"device_start": 1585662065.4839458, "device_end": 1585662065.4997616}, "cmdq": 1, "read": {"device_start": -1, "device_end": -1}}, "empty8": {"write": {"device_start": -1, "host_queued_start": 1585662132.937114, "device_queued": -1, "device_end": -1, "host_queued_end": 1585662133.114041}, "device": "cpu", "nd_range": {"device_start": 2329907.303660987, "device_end": 2329907.3036704543}, "cmdq": 0, "read": {"device_start": -1, "device_end": -1}}, "softmax50": {"write": {"device_start": -1, "host_queued_start": 1585662133.072439, "device_queued": -1, "device_end": -1, "host_queued_end": 1585662133.114041}, "device": "cpu", "nd_range": {"device_start": 2329908.613377178, "device_end": 2329908.614095217}, "cmdq": 3, "read": {"device_start": -1, "device_end": -1}}, "softmax59": {"write": {"device_start": -1, "host_queued_start": 1585662133.072996, "device_queued": -1, "device_end": -1, "host_queued_end": 1585662133.114041}, "device": "cpu", "nd_range": {"device_start": 2329908.4659919334, "device_end": 2329908.466719922}, "cmdq": 0, "read": {"device_start": -1, "device_end": -1}}, "FFC_sans_bias142": {"write": {"device_start": 1585662065.5686836, "host_queued_start": 1585662132.932065, "device_queued": 1585662065.4450498, "device_end": 1585662065.5687773, "host_queued_end": 1585662132.932181}, "device": "gpu", "nd_range": {"device_start": 1585662065.5690238, "device_end": 1585662065.5783248}, "cmdq": 2, "read": {"device_start": 1585662065.5783331, "device_end": 1585662065.578486}}, "FFC_sans_bias141": {"write": {"device_start": -1, "host_queued_start": 1585662132.907317, "device_queued": -1, "device_end": -1, "host_queued_end": 1585662132.932181}, "device": "gpu", "nd_range": {"device_start": 1585662065.5407646, "device_end": 1585662065.554141}, "cmdq": 0, "read": {"device_start": -1, "device_end": -1}}, "FFC_sans_bias24": {"write": {"device_start": -1, "host_queued_start": 1585662133.076175, "device_queued": -1, "device_end": -1, "host_queued_end": 1585662133.114041}, "device": "cpu", "nd_range": {"device_start": 2329908.742628754, "device_end": 2329908.8659677943}, "cmdq": 1, "read": {"device_start": -1, "device_end": -1}}, "FFC_sans_bias25": {"write": {"device_start": -1, "host_queued_start": 1585662133.09229, "device_queued": -1, "device_end": -1, "host_queued_end": 1585662133.114041}, "device": "cpu", "nd_range": {"device_start": 2329909.0802801293, "device_end": 2329909.207888271}, "cmdq": 2, "read": {"device_start": -1, "device_end": -1}}, "FFC_sans_bias27": {"write": {"device_start": -1, "host_queued_start": 1585662132.996514, "device_queued": -1, "device_end": -1, "host_queued_end": 1585662133.114041}, "device": "cpu", "nd_range": {"device_start": 2329907.567301638, "device_end": 2329907.6983756484}, "cmdq": 2, "read": {"device_start": -1, "device_end": -1}}, "FFC_sans_bias20": {"write": {"device_start": -1, "host_queued_start": 1585662132.993065, "device_queued": -1, "device_end": -1, "host_queued_end": 1585662133.114041}, "device": "cpu", "nd_range": {"device_start": 2329907.7862017984, "device_end": 2329907.9460885813}, "cmdq": 1, "read": {"device_start": -1, "device_end": -1}}, "FFC_sans_bias22": {"write": {"device_start": -1, "host_queued_start": 1585662133.064902, "device_queued": -1, "device_end": -1, "host_queued_end": 1585662133.114041}, "device": "cpu", "nd_range": {"device_start": 2329908.249112855, "device_end": 2329908.4009522}, "cmdq": 3, "read": {"device_start": -1, "device_end": -1}}, "FFC_sans_bias130": {"write": {"device_start": -1, "host_queued_start": 1585662132.902759, "device_queued": -1, "device_end": -1, "host_queued_end": 1585662132.932181}, "device": "gpu", "nd_range": {"device_start": 1585662065.5071013, "device_end": 1585662065.5173612}, "cmdq": 0, "read": {"device_start": -1, "device_end": -1}}, "FFC_sans_bias28": {"write": {"device_start": -1, "host_queued_start": 1585662133.000087, "device_queued": -1, "device_end": -1, "host_queued_end": 1585662133.114041}, "device": "cpu", "nd_range": {"device_start": 2329907.5508003533, "device_end": 2329907.673749744}, "cmdq": 3, "read": {"device_start": -1, "device_end": -1}}, "FFC_sans_bias29": {"write": {"device_start": -1, "host_queued_start": 1585662133.005365, "device_queued": -1, "device_end": -1, "host_queued_end": 1585662133.114041}, "device": "cpu", "nd_range": {"device_start": 2329907.571924767, "device_end": 2329907.704656021}, "cmdq": 0, "read": {"device_start": -1, "device_end": -1}}, "coalesced_transpose66": {"write": {"device_start": -1, "host_queued_start": 1585662133.06214, "device_queued": -1, "device_end": -1, "host_queued_end": 1585662133.114041}, "device": "cpu", "nd_range": {"device_start": 2329908.205273981, "device_end": 2329908.206313826}, "cmdq": 3, "read": {"device_start": -1, "device_end": -1}}, "coalesced_transpose93": {"write": {"device_start": -1, "host_queued_start": 1585662132.899115, "device_queued": -1, "device_end": -1, "host_queued_end": 1585662132.932181}, "device": "gpu", "nd_range": {"device_start": 1585662065.4932685, "device_end": 1585662065.5031688}, "cmdq": 4, "read": {"device_start": -1, "device_end": -1}}, "softmax23": {"write": {"device_start": -1, "host_queued_start": 1585662133.070781, "device_queued": -1, "device_end": -1, "host_queued_end": 1585662133.114041}, "device": "cpu", "nd_range": {"device_start": 2329908.402745168, "device_end": 2329908.403622392}, "cmdq": 0, "read": {"device_start": -1, "device_end": -1}}, "empty62": {"write": {"device_start": -1, "host_queued_start": 1585662132.955643, "device_queued": -1, "device_end": -1, "host_queued_end": 1585662133.114041}, "device": "cpu", "nd_range": {"device_start": 2329907.303702036, "device_end": 2329907.303703313}, "cmdq": 2, "read": {"device_start": -1, "device_end": -1}}, "FFC_sans_bias10": {"write": {"device_start": -1, "host_queued_start": 1585662132.978542, "device_queued": -1, "device_end": -1, "host_queued_end": 1585662133.114041}, "device": "cpu", "nd_range": {"device_start": 2329907.541095659, "device_end": 2329907.786184518}, "cmdq": 1, "read": {"device_start": -1, "device_end": -1}}, "FFC_sans_bias13": {"write": {"device_start": -1, "host_queued_start": 1585662133.064293, "device_queued": -1, "device_end": -1, "host_queued_end": 1585662133.114041}, "device": "cpu", "nd_range": {"device_start": 2329908.427606267, "device_end": 2329908.519162322}, "cmdq": 2, "read": {"device_start": -1, "device_end": -1}}, "FFC_sans_bias15": {"write": {"device_start": -1, "host_queued_start": 1585662133.075508, "device_queued": -1, "device_end": -1, "host_queued_end": 1585662133.114041}, "device": "cpu", "nd_range": {"device_start": 2329908.521468568, "device_end": 2329908.5961887953}, "cmdq": 0, "read": {"device_start": -1, "device_end": -1}}, "FFC_sans_bias16": {"write": {"device_start": -1, "host_queued_start": 1585662133.088387, "device_queued": -1, "device_end": -1, "host_queued_end": 1585662133.114041}, "device": "cpu", "nd_range": {"device_start": 2329909.045481169, "device_end": 2329909.164993469}, "cmdq": 1, "read": {"device_start": -1, "device_end": -1}}, "FFC_sans_bias19": {"write": {"device_start": -1, "host_queued_start": 1585662132.989669, "device_queued": -1, "device_end": -1, "host_queued_end": 1585662133.114041}, "device": "cpu", "nd_range": {"device_start": 2329907.436819403, "device_end": 2329907.5717357383}, "cmdq": 0, "read": {"device_start": -1, "device_end": -1}}, "FFC_sans_bias18": {"write": {"device_start": -1, "host_queued_start": 1585662132.986175, "device_queued": -1, "device_end": -1, "host_queued_end": 1585662133.114041}, "device": "cpu", "nd_range": {"device_start": 2329907.427436302, "device_end": 2329907.550772334}, "cmdq": 3, "read": {"device_start": -1, "device_end": -1}}, "FFC_sans_bias99": {"write": {"device_start": 1585662065.441508, "host_queued_start": 1585662132.849982, "device_queued": 1585662065.4354863, "device_end": 1585662065.4416103, "host_queued_end": 1585662132.932181}, "device": "gpu", "nd_range": {"device_start": 1585662065.441614, "device_end": 1585662065.4573927}, "cmdq": 3, "read": {"device_start": -1, "device_end": -1}}, "FFC_sans_bias91": {"write": {"device_start": 1585662065.4353747, "host_queued_start": 1585662132.842871, "device_queued": 1585662065.4350498, "device_end": 1585662065.4354768, "host_queued_end": 1585662132.932181}, "device": "gpu", "nd_range": {"device_start": 1585662065.4357731, "device_end": 1585662065.4508412}, "cmdq": 1, "read": {"device_start": -1, "device_end": -1}}, "FFC_sans_bias90": {"write": {"device_start": 1585662065.435059, "host_queued_start": 1585662132.839376, "device_queued": 1585662065.4347756, "device_end": 1585662065.4353478, "host_queued_end": 1585662132.932181}, "device": "gpu", "nd_range": {"device_start": 1585662065.4353542, "device_end": 1585662065.4475498}, "cmdq": 0, "read": {"device_start": -1, "device_end": -1}}, "coalesced_transpose12": {"write": {"device_start": -1, "host_queued_start": 1585662133.05848, "device_queued": -1, "device_end": -1, "host_queued_end": 1585662133.114041}, "device": "cpu", "nd_range": {"device_start": 2329908.4211672023, "device_end": 2329908.4221135923}, "cmdq": 1, "read": {"device_start": -1, "device_end": -1}}, "FFC_sans_bias94": {"write": {"device_start": -1, "host_queued_start": 1585662132.901435, "device_queued": -1, "device_end": -1, "host_queued_end": 1585662132.932181}, "device": "gpu", "nd_range": {"device_start": 1585662065.503243, "device_end": 1585662065.510577}, "cmdq": 1, "read": {"device_start": -1, "device_end": -1}}, "FFC_sans_bias97": {"write": {"device_start": 1585662065.552154, "host_queued_start": 1585662132.914424, "device_queued": 1585662065.4436502, "device_end": 1585662065.5522923, "host_queued_end": 1585662132.932181}, "device": "gpu", "nd_range": {"device_start": 1585662065.5523076, "device_end": 1585662065.567941}, "cmdq": 2, "read": {"device_start": 1585662065.5679474, "device_end": 1585662065.5680406}}, "FFC_sans_bias96": {"write": {"device_start": -1, "host_queued_start": 1585662132.905552, "device_queued": -1, "device_end": -1, "host_queued_end": 1585662132.932181}, "device": "gpu", "nd_range": {"device_start": 1585662065.529397, "device_end": 1585662065.5364711}, "cmdq": 0, "read": {"device_start": -1, "device_end": -1}}, "FFC_sans_bias124": {"write": {"device_start": 1585662065.5544603, "host_queued_start": 1585662132.924985, "device_queued": 1585662065.4443204, "device_end": 1585662065.5545638, "host_queued_end": 1585662132.932181}, "device": "gpu", "nd_range": {"device_start": 1585662065.5548918, "device_end": 1585662065.5714295}, "cmdq": 0, "read": {"device_start": 1585662065.5714352, "device_end": 1585662065.571526}}, "FFC_sans_bias126": {"write": {"device_start": 1585662065.4740584, "host_queued_start": 1585662132.884396, "device_queued": 1585662065.437975, "device_end": 1585662065.4741578, "host_queued_end": 1585662132.932181}, "device": "gpu", "nd_range": {"device_start": 1585662065.474174, "device_end": 1585662065.4899826}, "cmdq": 3, "read": {"device_start": -1, "device_end": -1}}, "softmax32": {"write": {"device_start": -1, "host_queued_start": 1585662133.071354, "device_queued": -1, "device_end": -1, "host_queued_end": 1585662133.114041}, "device": "cpu", "nd_range": {"device_start": 2329908.741114953, "device_end": 2329908.741867232}, "cmdq": 1, "read": {"device_start": -1, "device_end": -1}}, "coalesced_transpose84": {"write": {"device_start": -1, "host_queued_start": 1585662132.898786, "device_queued": -1, "device_end": -1, "host_queued_end": 1585662132.932181}, "device": "gpu", "nd_range": {"device_start": 1585662065.4899836, "device_end": 1585662065.5031257}, "cmdq": 3, "read": {"device_start": -1, "device_end": -1}}, "FFC_sans_bias121": {"write": {"device_start": -1, "host_queued_start": 1585662132.90238, "device_queued": -1, "device_end": -1, "host_queued_end": 1585662132.932181}, "device": "gpu", "nd_range": {"device_start": 1585662065.5103185, "device_end": 1585662065.5244677}, "cmdq": 4, "read": {"device_start": -1, "device_end": -1}}, "empty98": {"write": {"device_start": 1585662065.4319453, "host_queued_start": 1585662132.811876, "device_queued": 1585662065.4315095, "device_end": 1585662065.4322398, "host_queued_end": 1585662132.932181}, "device": "gpu", "nd_range": {"device_start": 1585662065.4326105, "device_end": 1585662065.4326265}, "cmdq": 1, "read": {"device_start": -1, "device_end": -1}}, "empty107": {"write": {"device_start": 1585662065.4322686, "host_queued_start": 1585662132.814724, "device_queued": 1585662065.4318385, "device_end": 1585662065.4325516, "host_queued_end": 1585662132.932181}, "device": "gpu", "nd_range": {"device_start": 1585662065.432639, "device_end": 1585662065.4326491}, "cmdq": 2, "read": {"device_start": -1, "device_end": -1}}, "empty17": {"write": {"device_start": -1, "host_queued_start": 1585662132.940222, "device_queued": -1, "device_end": -1, "host_queued_end": 1585662133.114041}, "device": "cpu", "nd_range": {"device_start": 2329907.30366097, "device_end": 2329907.3036705013}, "cmdq": 1, "read": {"device_start": -1, "device_end": -1}}, "FFC_sans_bias87": {"write": {"device_start": -1, "host_queued_start": 1585662132.905242, "device_queued": -1, "device_end": -1, "host_queued_end": 1585662132.932181}, "device": "gpu", "nd_range": {"device_start": 1585662065.5293844, "device_end": 1585662065.5331933}, "cmdq": 4, "read": {"device_start": -1, "device_end": -1}}, "FFC_sans_bias85": {"write": {"device_start": -1, "host_queued_start": 1585662132.901119, "device_queued": -1, "device_end": -1, "host_queued_end": 1585662132.932181}, "device": "gpu", "nd_range": {"device_start": 1585662065.5032194, "device_end": 1585662065.50709}, "cmdq": 0, "read": {"device_start": -1, "device_end": -1}}, "FFC_sans_bias82": {"write": {"device_start": 1585662065.4341388, "host_queued_start": 1585662132.832295, "device_queued": 1585662065.4338336, "device_end": 1585662065.4344132, "host_queued_end": 1585662132.932181}, "device": "gpu", "nd_range": {"device_start": 1585662065.4345772, "device_end": 1585662065.441128}, "cmdq": 3, "read": {"device_start": -1, "device_end": -1}}, "FFC_sans_bias83": {"write": {"device_start": 1585662065.4344416, "host_queued_start": 1585662132.835962, "device_queued": 1585662065.4341128, "device_end": 1585662065.4345605, "host_queued_end": 1585662132.932181}, "device": "gpu", "nd_range": {"device_start": 1585662065.4346821, "device_end": 1585662065.444426}, "cmdq": 4, "read": {"device_start": -1, "device_end": -1}}, "FFC_sans_bias81": {"write": {"device_start": 1585662065.4338448, "host_queued_start": 1585662132.8288, "device_queued": 1585662065.4335213, "device_end": 1585662065.4341018, "host_queued_end": 1585662132.932181}, "device": "gpu", "nd_range": {"device_start": 1585662065.4344394, "device_end": 1585662065.437795}, "cmdq": 2, "read": {"device_start": -1, "device_end": -1}}, "FFC_sans_bias88": {"write": {"device_start": 1585662065.548208, "host_queued_start": 1585662132.910932, "device_queued": 1585662065.4435036, "device_end": 1585662065.5483065, "host_queued_end": 1585662132.932181}, "device": "gpu", "nd_range": {"device_start": 1585662065.5483208, "device_end": 1585662065.5577137}, "cmdq": 1, "read": {"device_start": 1585662065.5614388, "device_end": 1585662065.5615416}}, "coalesced_transpose30": {"write": {"device_start": -1, "host_queued_start": 1585662133.059726, "device_queued": -1, "device_end": -1, "host_queued_end": 1585662133.114041}, "device": "cpu", "nd_range": {"device_start": 2329908.20399683, "device_end": 2329908.205100413}, "cmdq": 3, "read": {"device_start": -1, "device_end": -1}}, "FFC_sans_bias128": {"write": {"device_start": 1585662065.4708285, "host_queued_start": 1585662132.881035, "device_queued": 1585662065.4378326, "device_end": 1585662065.4709296, "host_queued_end": 1585662132.932181}, "device": "gpu", "nd_range": {"device_start": 1585662065.4709373, "device_end": 1585662065.4867148}, "cmdq": 2, "read": {"device_start": -1, "device_end": -1}}, "coalesced_transpose39": {"write": {"device_start": -1, "host_queued_start": 1585662133.060347, "device_queued": -1, "device_end": -1, "host_queued_end": 1585662133.114041}, "device": "cpu", "nd_range": {"device_start": 2329908.241239522, "device_end": 2329908.243794841}, "cmdq": 0, "read": {"device_start": -1, "device_end": -1}}, "FFC_sans_bias79": {"write": {"device_start": -1, "host_queued_start": 1585662133.113988, "device_queued": -1, "device_end": -1, "host_queued_end": 1585662133.114041}, "device": "cpu", "nd_range": {"device_start": 2329909.005596566, "device_end": 2329909.128100865}, "cmdq": 0, "read": {"device_start": -1, "device_end": -1}}, "FFC_sans_bias78": {"write": {"device_start": -1, "host_queued_start": 1585662133.080215, "device_queued": -1, "device_end": -1, "host_queued_end": 1585662133.114041}, "device": "cpu", "nd_range": {"device_start": 2329908.8605318153, "device_end": 2329908.990953016}, "cmdq": 3, "read": {"device_start": -1, "device_end": -1}}, "FFC_sans_bias73": {"write": {"device_start": -1, "host_queued_start": 1585662133.054153, "device_queued": -1, "device_end": -1, "host_queued_end": 1585662133.114041}, "device": "cpu", "nd_range": {"device_start": 2329908.094029595, "device_end": 2329908.2448170623}, "cmdq": 2, "read": {"device_start": -1, "device_end": -1}}, "FFC_sans_bias72": {"write": {"device_start": -1, "host_queued_start": 1585662133.050452, "device_queued": -1, "device_end": -1, "host_queued_end": 1585662133.114041}, "device": "cpu", "nd_range": {"device_start": 2329908.328225321, "device_end": 2329908.421154968}, "cmdq": 1, "read": {"device_start": -1, "device_end": -1}}, "FFC_sans_bias70": {"write": {"device_start": -1, "host_queued_start": 1585662133.110724, "device_queued": -1, "device_end": -1, "host_queued_end": 1585662133.114041}, "device": "cpu", "nd_range": {"device_start": 2329909.136715794, "device_end": 2329909.273990423}, "cmdq": 3, "read": {"device_start": -1, "device_end": -1}}, "FFC_sans_bias76": {"write": {"device_start": -1, "host_queued_start": 1585662133.068899, "device_queued": -1, "device_end": -1, "host_queued_end": 1585662133.114041}, "device": "cpu", "nd_range": {"device_start": 2329908.6466101822, "device_end": 2329908.7411007}, "cmdq": 1, "read": {"device_start": -1, "device_end": -1}}, "FFC_sans_bias74": {"write": {"device_start": -1, "host_queued_start": 1585662133.057508, "device_queued": -1, "device_end": -1, "host_queued_end": 1585662133.114041}, "device": "cpu", "nd_range": {"device_start": 2329908.079307816, "device_end": 2329908.203611562}, "cmdq": 3, "read": {"device_start": -1, "device_end": -1}}, "coalesced_transpose102": {"write": {"device_start": -1, "host_queued_start": 1585662132.899504, "device_queued": -1, "device_end": -1, "host_queued_end": 1585662132.932181}, "device": "gpu", "nd_range": {"device_start": 1585662065.4965248, "device_end": 1585662065.5031981}, "cmdq": 0, "read": {"device_start": -1, "device_end": -1}}, "coalesced_transpose3": {"write": {"device_start": -1, "host_queued_start": 1585662133.057886, "device_queued": -1, "device_end": -1, "host_queued_end": 1585662133.114041}, "device": "cpu", "nd_range": {"device_start": 2329908.240025695, "device_end": 2329908.241048608}, "cmdq": 0, "read": {"device_start": -1, "device_end": -1}}, "FFC_sans_bias127": {"write": {"device_start": 1585662065.4773912, "host_queued_start": 1585662132.887705, "device_queued": 1585662065.438126, "device_end": 1585662065.4774947, "host_queued_end": 1585662132.932181}, "device": "gpu", "nd_range": {"device_start": 1585662065.4775016, "device_end": 1585662065.493264}, "cmdq": 4, "read": {"device_start": -1, "device_end": -1}}, "empty89": {"write": {"device_start": 1585662065.431588, "host_queued_start": 1585662132.808288, "device_queued": 1585662065.4312372, "device_end": 1585662065.4318268, "host_queued_end": 1585662132.932181}, "device": "gpu", "nd_range": {"device_start": 1585662065.4318373, "device_end": 1585662065.4318419}, "cmdq": 0, "read": {"device_start": -1, "device_end": -1}}, "FFC_sans_bias123": {"write": {"device_start": -1, "host_queued_start": 1585662132.906601, "device_queued": -1, "device_end": -1, "host_queued_end": 1585662132.932181}, "device": "gpu", "nd_range": {"device_start": 1585662065.5407412, "device_end": 1585662065.54707}, "cmdq": 3, "read": {"device_start": -1, "device_end": -1}}, "empty80": {"write": {"device_start": -1, "host_queued_start": 1585662132.961489, "device_queued": -1, "device_end": -1, "host_queued_end": 1585662133.114041}, "device": "cpu", "nd_range": {"device_start": 2329907.3036993253, "device_end": 2329907.3037000992}, "cmdq": 0, "read": {"device_start": -1, "device_end": -1}}, "empty116": {"write": {"device_start": 1585662065.4325829, "host_queued_start": 1585662132.817614, "device_queued": 1585662065.4322515, "device_end": 1585662065.432737, "host_queued_end": 1585662132.932181}, "device": "gpu", "nd_range": {"device_start": 1585662065.4327428, "device_end": 1585662065.4327471}, "cmdq": 3, "read": {"device_start": -1, "device_end": -1}}, "softmax104": {"write": {"device_start": -1, "host_queued_start": 1585662132.903838, "device_queued": -1, "device_end": -1, "host_queued_end": 1585662132.932181}, "device": "gpu", "nd_range": {"device_start": 1585662065.5244794, "device_end": 1585662065.5293725}, "cmdq": 4, "read": {"device_start": -1, "device_end": -1}}, "coalesced_transpose21": {"write": {"device_start": -1, "host_queued_start": 1585662133.059136, "device_queued": -1, "device_end": -1, "host_queued_end": 1585662133.114041}, "device": "cpu", "nd_range": {"device_start": 2329908.2448336543, "device_end": 2329908.2457973333}, "cmdq": 2, "read": {"device_start": -1, "device_end": -1}}, "softmax14": {"write": {"device_start": -1, "host_queued_start": 1585662133.070213, "device_queued": -1, "device_end": -1, "host_queued_end": 1585662133.114041}, "device": "cpu", "nd_range": {"device_start": 2329908.520604722, "device_end": 2329908.521448105}, "cmdq": 3, "read": {"device_start": -1, "device_end": -1}}, "FFC_sans_bias69": {"write": {"device_start": -1, "host_queued_start": 1585662133.079467, "device_queued": -1, "device_end": -1, "host_queued_end": 1585662133.114041}, "device": "cpu", "nd_range": {"device_start": 2329908.9445558502, "device_end": 2329909.07941774}, "cmdq": 2, "read": {"device_start": -1, "device_end": -1}}, "FFC_sans_bias92": {"write": {"device_start": 1585662065.4381402, "host_queued_start": 1585662132.846472, "device_queued": 1585662065.4353604, "device_end": 1585662065.4382474, "host_queued_end": 1585662132.932181}, "device": "gpu", "nd_range": {"device_start": 1585662065.4382532, "device_end": 1585662065.4541154}, "cmdq": 2, "read": {"device_start": -1, "device_end": -1}}, "FFC_sans_bias60": {"write": {"device_start": -1, "host_queued_start": 1585662133.078829, "device_queued": -1, "device_end": -1, "host_queued_end": 1585662133.114041}, "device": "cpu", "nd_range": {"device_start": 2329908.8659793623, "device_end": 2329909.045459091}, "cmdq": 1, "read": {"device_start": -1, "device_end": -1}}, "FFC_sans_bias61": {"write": {"device_start": -1, "host_queued_start": 1585662133.107202, "device_queued": -1, "device_end": -1, "host_queued_end": 1585662133.114041}, "device": "cpu", "nd_range": {"device_start": 2329909.207919234, "device_end": 2329909.2834112383}, "cmdq": 2, "read": {"device_start": -1, "device_end": -1}}, "FFC_sans_bias63": {"write": {"device_start": -1, "host_queued_start": 1585662133.047014, "device_queued": -1, "device_end": -1, "host_queued_end": 1585662133.114041}, "device": "cpu", "nd_range": {"device_start": 2329908.0058299783, "device_end": 2329908.23913901}, "cmdq": 0, "read": {"device_start": -1, "device_end": -1}}, "FFC_sans_bias64": {"write": {"device_start": -1, "host_queued_start": 1585662133.040214, "device_queued": -1, "device_end": -1, "host_queued_end": 1585662133.114041}, "device": "cpu", "nd_range": {"device_start": 2329907.9619552963, "device_end": 2329908.093808492}, "cmdq": 2, "read": {"device_start": -1, "device_end": -1}}, "FFC_sans_bias65": {"write": {"device_start": -1, "host_queued_start": 1585662133.043633, "device_queued": -1, "device_end": -1, "host_queued_end": 1585662133.114041}, "device": "cpu", "nd_range": {"device_start": 2329907.9559576353, "device_end": 2329908.079100245}, "cmdq": 3, "read": {"device_start": -1, "device_end": -1}}, "FFC_sans_bias67": {"write": {"device_start": -1, "host_queued_start": 1585662133.068292, "device_queued": -1, "device_end": -1, "host_queued_end": 1585662133.114041}, "device": "cpu", "nd_range": {"device_start": 2329908.311867081, "device_end": 2329908.388771907}, "cmdq": 0, "read": {"device_start": -1, "device_end": -1}}, "coalesced_transpose111": {"write": {"device_start": -1, "host_queued_start": 1585662132.899809, "device_queued": -1, "device_end": -1, "host_queued_end": 1585662132.932181}, "device": "gpu", "nd_range": {"device_start": 1585662065.499771, "device_end": 1585662065.5032227}, "cmdq": 1, "read": {"device_start": -1, "device_end": -1}}, "FFC_sans_bias136": {"write": {"device_start": 1585662065.4806085, "host_queued_start": 1585662132.891284, "device_queued": 1585662065.4387343, "device_end": 1585662065.480714, "host_queued_end": 1585662132.932181}, "device": "gpu", "nd_range": {"device_start": 1585662065.4807286, "device_end": 1585662065.4965196}, "cmdq": 0, "read": {"device_start": -1, "device_end": -1}}, "FFC_sans_bias135": {"write": {"device_start": 1585662065.4870813, "host_queued_start": 1585662132.89836, "device_queued": 1585662065.4391232, "device_end": 1585662065.4871826, "host_queued_end": 1585662132.932181}, "device": "gpu", "nd_range": {"device_start": 1585662065.487189, "device_end": 1585662065.5032651}, "cmdq": 2, "read": {"device_start": -1, "device_end": -1}}, "FFC_sans_bias133": {"write": {"device_start": 1585662065.5621488, "host_queued_start": 1585662132.928407, "device_queued": 1585662065.444903, "device_end": 1585662065.562248, "host_queued_end": 1585662132.932181}, "device": "gpu", "nd_range": {"device_start": 1585662065.5622604, "device_end": 1585662065.5750012}, "cmdq": 1, "read": {"device_start": 1585662065.5750086, "device_end": 1585662065.575113}}, "FFC_sans_bias132": {"write": {"device_start": -1, "host_queued_start": 1585662132.906936, "device_queued": -1, "device_end": -1, "host_queued_end": 1585662132.932181}, "device": "gpu", "nd_range": {"device_start": 1585662065.5407524, "device_end": 1585662065.5506392}, "cmdq": 4, "read": {"device_start": -1, "device_end": -1}}, "softmax68": {"write": {"device_start": -1, "host_queued_start": 1585662133.07367, "device_queued": -1, "device_end": -1, "host_queued_end": 1585662133.114041}, "device": "cpu", "nd_range": {"device_start": 2329908.741876964, "device_end": 2329908.742618786}, "cmdq": 1, "read": {"device_start": -1, "device_end": -1}}, "softmax131": {"write": {"device_start": -1, "host_queued_start": 1585662132.904674, "device_queued": -1, "device_end": -1, "host_queued_end": 1585662132.932181}, "device": "gpu", "nd_range": {"device_start": 1585662065.529365, "device_end": 1585662065.53009}, "cmdq": 2, "read": {"device_start": -1, "device_end": -1}}, "empty125": {"write": {"device_start": 1585662065.4329488, "host_queued_start": 1585662132.820352, "device_queued": 1585662065.432566, "device_end": 1585662065.43316, "host_queued_end": 1585662132.932181}, "device": "gpu", "nd_range": {"device_start": 1585662065.433163, "device_end": 1585662065.4331686}, "cmdq": 4, "read": {"device_start": -1, "device_end": -1}}, "FFC_sans_bias139": {"write": {"device_start": -1, "host_queued_start": 1585662132.90308, "device_queued": -1, "device_end": -1, "host_queued_end": 1585662132.932181}, "device": "gpu", "nd_range": {"device_start": 1585662065.5105884, "device_end": 1585662065.527953}, "cmdq": 1, "read": {"device_start": -1, "device_end": -1}}, "empty35": {"write": {"device_start": -1, "host_queued_start": 1585662132.946702, "device_queued": -1, "device_end": -1, "host_queued_end": 1585662133.114041}, "device": "cpu", "nd_range": {"device_start": 2329907.3045095573, "device_end": 2329907.3045136123}, "cmdq": 3, "read": {"device_start": -1, "device_end": -1}}, "softmax86": {"write": {"device_start": -1, "host_queued_start": 1585662132.903332, "device_queued": -1, "device_end": -1, "host_queued_end": 1585662132.932181}, "device": "gpu", "nd_range": {"device_start": 1585662065.520901, "device_end": 1585662065.529353}, "cmdq": 2, "read": {"device_start": -1, "device_end": -1}}, "FFC_sans_bias55": {"write": {"device_start": -1, "host_queued_start": 1585662133.036954, "device_queued": -1, "device_end": -1, "host_queued_end": 1585662133.114041}, "device": "cpu", "nd_range": {"device_start": 2329908.192899898, "device_end": 2329908.328204002}, "cmdq": 1, "read": {"device_start": -1, "device_end": -1}}, "FFC_sans_bias54": {"write": {"device_start": -1, "host_queued_start": 1585662133.033681, "device_queued": -1, "device_end": -1, "host_queued_end": 1585662133.114041}, "device": "cpu", "nd_range": {"device_start": 2329907.837103654, "device_end": 2329908.0049769063}, "cmdq": 0, "read": {"device_start": -1, "device_end": -1}}, "FFC_sans_bias56": {"write": {"device_start": -1, "host_queued_start": 1585662133.030434, "device_queued": -1, "device_end": -1, "host_queued_end": 1585662133.114041}, "device": "cpu", "nd_range": {"device_start": 2329907.796058563, "device_end": 2329907.955745508}, "cmdq": 3, "read": {"device_start": -1, "device_end": -1}}, "FFC_sans_bias51": {"write": {"device_start": -1, "host_queued_start": 1585662133.07817, "device_queued": -1, "device_end": -1, "host_queued_end": 1585662133.114041}, "device": "cpu", "nd_range": {"device_start": 2329908.631063572, "device_end": 2329908.7090635593}, "cmdq": 0, "read": {"device_start": -1, "device_end": -1}}, "FFC_sans_bias52": {"write": {"device_start": -1, "host_queued_start": 1585662133.103902, "device_queued": -1, "device_end": -1, "host_queued_end": 1585662133.114041}, "device": "cpu", "nd_range": {"device_start": 2329909.1650016312, "device_end": 2329909.281134737}, "cmdq": 1, "read": {"device_start": -1, "device_end": -1}}, "FFC_sans_bias58": {"write": {"device_start": -1, "host_queued_start": 1585662133.067624, "device_queued": -1, "device_end": -1, "host_queued_end": 1585662133.114041}, "device": "cpu", "nd_range": {"device_start": 2329908.401145522, "device_end": 2329908.4656987083}, "cmdq": 3, "read": {"device_start": -1, "device_end": -1}}, "FFC_sans_bias108": {"write": {"device_start": 1585662065.451228, "host_queued_start": 1585662132.86054, "device_queued": 1585662065.4364443, "device_end": 1585662065.4513285, "host_queued_end": 1585662132.932181}, "device": "gpu", "nd_range": {"device_start": 1585662065.4513361, "device_end": 1585662065.4672124}, "cmdq": 1, "read": {"device_start": -1, "device_end": -1}}, "FFC_sans_bias109": {"write": {"device_start": 1585662065.4545207, "host_queued_start": 1585662132.863922, "device_queued": 1585662065.4365742, "device_end": 1585662065.454623, "host_queued_end": 1585662132.932181}, "device": "gpu", "nd_range": {"device_start": 1585662065.4546313, "device_end": 1585662065.4704597}, "cmdq": 2, "read": {"device_start": -1, "device_end": -1}}, "coalesced_transpose129": {"write": {"device_start": -1, "host_queued_start": 1585662132.900423, "device_queued": -1, "device_end": -1, "host_queued_end": 1585662132.932181}, "device": "gpu", "nd_range": {"device_start": 1585662065.5031443, "device_end": 1585662065.5032516}, "cmdq": 3, "read": {"device_start": -1, "device_end": -1}}, "FFC_sans_bias103": {"write": {"device_start": -1, "host_queued_start": 1585662132.901749, "device_queued": -1, "device_end": -1, "host_queued_end": 1585662132.932181}, "device": "gpu", "nd_range": {"device_start": 1585662065.5103002, "device_end": 1585662065.5208883}, "cmdq": 2, "read": {"device_start": -1, "device_end": -1}}, "FFC_sans_bias100": {"write": {"device_start": 1585662065.444776, "host_queued_start": 1585662132.85341, "device_queued": 1585662065.435653, "device_end": 1585662065.4448814, "host_queued_end": 1585662132.932181}, "device": "gpu", "nd_range": {"device_start": 1585662065.4448972, "device_end": 1585662065.4606297}, "cmdq": 4, "read": {"device_start": -1, "device_end": -1}}, "FFC_sans_bias101": {"write": {"device_start": 1585662065.447921, "host_queued_start": 1585662132.857031, "device_queued": 1585662065.4362013, "device_end": 1585662065.4480274, "host_queued_end": 1585662132.932181}, "device": "gpu", "nd_range": {"device_start": 1585662065.4480333, "device_end": 1585662065.4639113}, "cmdq": 0, "read": {"device_start": -1, "device_end": -1}}, "FFC_sans_bias106": {"write": {"device_start": 1585662065.5477703, "host_queued_start": 1585662132.91785, "device_queued": 1585662065.4432237, "device_end": 1585662065.5478747, "host_queued_end": 1585662132.932181}, "device": "gpu", "nd_range": {"device_start": 1585662065.550658, "device_end": 1585662065.5608757}, "cmdq": 3, "read": {"device_start": 1585662065.5608785, "device_end": 1585662065.5609987}}, "softmax122": {"write": {"device_start": -1, "host_queued_start": 1585662132.904408, "device_queued": -1, "device_end": -1, "host_queued_end": 1585662132.932181}, "device": "gpu", "nd_range": {"device_start": 1585662065.527964, "device_end": 1585662065.5293486}, "cmdq": 1, "read": {"device_start": -1, "device_end": -1}}, "FFC_sans_bias105": {"write": {"device_start": -1, "host_queued_start": 1585662132.905952, "device_queued": -1, "device_end": -1, "host_queued_end": 1585662132.932181}, "device": "gpu", "nd_range": {"device_start": 1585662065.52941, "device_end": 1585662065.5399833}, "cmdq": 1, "read": {"device_start": -1, "device_end": -1}}, "softmax95": {"write": {"device_start": -1, "host_queued_start": 1585662132.903585, "device_queued": -1, "device_end": -1, "host_queued_end": 1585662132.932181}, "device": "gpu", "nd_range": {"device_start": 1585662065.524493, "device_end": 1585662065.5293682}, "cmdq": 3, "read": {"device_start": -1, "device_end": -1}}, "coalesced_transpose57": {"write": {"device_start": -1, "host_queued_start": 1585662133.061549, "device_queued": -1, "device_end": -1, "host_queued_end": 1585662133.114041}, "device": "cpu", "nd_range": {"device_start": 2329908.385118282, "device_end": 2329908.386055524}, "cmdq": 2, "read": {"device_start": -1, "device_end": -1}}, "empty26": {"write": {"device_start": -1, "host_queued_start": 1585662132.943384, "device_queued": -1, "device_end": -1, "host_queued_end": 1585662133.114041}, "device": "cpu", "nd_range": {"device_start": 2329907.30368111, "device_end": 2329907.303686034}, "cmdq": 2, "read": {"device_start": -1, "device_end": -1}}, "softmax113": {"write": {"device_start": -1, "host_queued_start": 1585662132.904082, "device_queued": -1, "device_end": -1, "host_queued_end": 1585662132.932181}, "device": "gpu", "nd_range": {"device_start": 1585662065.5173728, "device_end": 1585662065.529345}, "cmdq": 0, "read": {"device_start": -1, "device_end": -1}}, "FFC_sans_bias11": {"write": {"device_start": -1, "host_queued_start": 1585662132.982691, "device_queued": -1, "device_end": -1, "host_queued_end": 1585662133.114041}, "device": "cpu", "nd_range": {"device_start": 2329907.4346019994, "device_end": 2329907.5672797053}, "cmdq": 2, "read": {"device_start": -1, "device_end": -1}}, "FFC_sans_bias42": {"write": {"device_start": -1, "host_queued_start": 1585662133.077537, "device_queued": -1, "device_end": -1, "host_queued_end": 1585662133.114041}, "device": "cpu", "nd_range": {"device_start": 2329908.73854277, "device_end": 2329908.860513489}, "cmdq": 3, "read": {"device_start": -1, "device_end": -1}}, "FFC_sans_bias43": {"write": {"device_start": -1, "host_queued_start": 1585662133.100402, "device_queued": -1, "device_end": -1, "host_queued_end": 1585662133.114041}, "device": "cpu", "nd_range": {"device_start": 2329908.862619615, "device_end": 2329909.005587041}, "cmdq": 0, "read": {"device_start": -1, "device_end": -1}}, "FFC_sans_bias40": {"write": {"device_start": -1, "host_queued_start": 1585662133.066273, "device_queued": -1, "device_end": -1, "host_queued_end": 1585662133.114041}, "device": "cpu", "nd_range": {"device_start": 2329908.527818995, "device_end": 2329908.646586759}, "cmdq": 1, "read": {"device_start": -1, "device_end": -1}}, "FFC_sans_bias46": {"write": {"device_start": -1, "host_queued_start": 1585662133.023626, "device_queued": -1, "device_end": -1, "host_queued_end": 1585662133.114041}, "device": "cpu", "nd_range": {"device_start": 2329908.0695475233, "device_end": 2329908.1925223162}, "cmdq": 1, "read": {"device_start": -1, "device_end": -1}}, "FFC_sans_bias47": {"write": {"device_start": -1, "host_queued_start": 1585662133.027237, "device_queued": -1, "device_end": -1, "host_queued_end": 1585662133.114041}, "device": "cpu", "nd_range": {"device_start": 2329907.8290948872, "device_end": 2329907.9617581503}, "cmdq": 2, "read": {"device_start": -1, "device_end": -1}}, "FFC_sans_bias45": {"write": {"device_start": -1, "host_queued_start": 1585662133.02006, "device_queued": -1, "device_end": -1, "host_queued_end": 1585662133.114041}, "device": "cpu", "nd_range": {"device_start": 2329907.7048688, "device_end": 2329907.8368933843}, "cmdq": 0, "read": {"device_start": -1, "device_end": -1}}, "FFC_sans_bias49": {"write": {"device_start": -1, "host_queued_start": 1585662133.067014, "device_queued": -1, "device_end": -1, "host_queued_end": 1585662133.114041}, "device": "cpu", "nd_range": {"device_start": 2329908.519191189, "device_end": 2329908.612607244}, "cmdq": 2, "read": {"device_start": -1, "device_end": -1}}, "softmax77": {"write": {"device_start": -1, "host_queued_start": 1585662133.074255, "device_queued": -1, "device_end": -1, "host_queued_end": 1585662133.114041}, "device": "cpu", "nd_range": {"device_start": 2329908.807408023, "device_end": 2329908.8081930093}, "cmdq": 2, "read": {"device_start": -1, "device_end": -1}}, "empty134": {"write": {"device_start": 1585662065.4332602, "host_queued_start": 1585662132.82317, "device_queued": 1585662065.432804, "device_end": 1585662065.43351, "host_queued_end": 1585662132.932181}, "device": "gpu", "nd_range": {"device_start": 1585662065.4335191, "device_end": 1585662065.4335234}, "cmdq": 0, "read": {"device_start": -1, "device_end": -1}}, "coalesced_transpose138": {"write": {"device_start": -1, "host_queued_start": 1585662132.900727, "device_queued": -1, "device_end": -1, "host_queued_end": 1585662132.932181}, "device": "gpu", "nd_range": {"device_start": 1585662065.5031893, "device_end": 1585662065.503285}, "cmdq": 4, "read": {"device_start": -1, "device_end": -1}}, "FFC_sans_bias119": {"write": {"device_start": 1585662065.4675827, "host_queued_start": 1585662132.877669, "device_queued": 1585662065.4376717, "device_end": 1585662065.4676826, "host_queued_end": 1585662132.932181}, "device": "gpu", "nd_range": {"device_start": 1585662065.4676979, "device_end": 1585662065.4834633}, "cmdq": 1, "read": {"device_start": -1, "device_end": -1}}, "FFC_sans_bias118": {"write": {"device_start": 1585662065.4642644, "host_queued_start": 1585662132.874334, "device_queued": 1585662065.437414, "device_end": 1585662065.4643652, "host_queued_end": 1585662132.932181}, "device": "gpu", "nd_range": {"device_start": 1585662065.4643707, "device_end": 1585662065.480209}, "cmdq": 0, "read": {"device_start": -1, "device_end": -1}}, "empty143": {"write": {"device_start": 1585662065.4335597, "host_queued_start": 1585662132.825837, "device_queued": 1585662065.4331725, "device_end": 1585662065.4338205, "host_queued_end": 1585662132.932181}, "device": "gpu", "nd_range": {"device_start": 1585662065.4341564, "device_end": 1585662065.4341795}, "cmdq": 1, "read": {"device_start": -1, "device_end": -1}}, "FFC_sans_bias115": {"write": {"device_start": 1585662065.5516455, "host_queued_start": 1585662132.921441, "device_queued": 1585662065.4433658, "device_end": 1585662065.551744, "host_queued_end": 1585662132.932181}, "device": "gpu", "nd_range": {"device_start": 1585662065.5520694, "device_end": 1585662065.5643795}, "cmdq": 4, "read": {"device_start": 1585662065.5643818, "device_end": 1585662065.564501}}, "FFC_sans_bias114": {"write": {"device_start": -1, "host_queued_start": 1585662132.906265, "device_queued": -1, "device_end": -1, "host_queued_end": 1585662132.932181}, "device": "gpu", "nd_range": {"device_start": 1585662065.5301015, "device_end": 1585662065.5435627}, "cmdq": 2, "read": {"device_start": -1, "device_end": -1}}, "FFC_sans_bias117": {"write": {"device_start": 1585662065.4609702, "host_queued_start": 1585662132.870995, "device_queued": 1585662065.4368262, "device_end": 1585662065.46107, "host_queued_end": 1585662132.932181}, "device": "gpu", "nd_range": {"device_start": 1585662065.461077, "device_end": 1585662065.4769616}, "cmdq": 4, "read": {"device_start": -1, "device_end": -1}}, "softmax5": {"write": {"device_start": -1, "host_queued_start": 1585662133.069443, "device_queued": -1, "device_end": -1, "host_queued_end": 1585662133.114041}, "device": "cpu", "nd_range": {"device_start": 2329908.6126253353, "device_end": 2329908.613369008}, "cmdq": 2, "read": {"device_start": -1, "device_end": -1}}, "FFC_sans_bias110": {"write": {"device_start": 1585662065.4577262, "host_queued_start": 1585662132.867347, "device_queued": 1585662065.4367, "device_end": 1585662065.457827, "host_queued_end": 1585662132.932181}, "device": "gpu", "nd_range": {"device_start": 1585662065.4578323, "device_end": 1585662065.4736757}, "cmdq": 3, "read": {"device_start": -1, "device_end": -1}}, "FFC_sans_bias112": {"write": {"device_start": -1, "host_queued_start": 1585662132.902064, "device_queued": -1, "device_end": -1, "host_queued_end": 1585662132.932181}, "device": "gpu", "nd_range": {"device_start": 1585662065.5033135, "device_end": 1585662065.5141938}, "cmdq": 3, "read": {"device_start": -1, "device_end": -1}}, "empty53": {"write": {"device_start": -1, "host_queued_start": 1585662132.952857, "device_queued": -1, "device_end": -1, "host_queued_end": 1585662133.114041}, "device": "cpu", "nd_range": {"device_start": 2329907.30369132, "device_end": 2329907.30369256}, "cmdq": 1, "read": {"device_start": -1, "device_end": -1}}, "coalesced_transpose48": {"write": {"device_start": -1, "host_queued_start": 1585662133.06095, "device_queued": -1, "device_end": -1, "host_queued_end": 1585662133.114041}, "device": "cpu", "nd_range": {"device_start": 2329908.4221253223, "device_end": 2329908.423097746}, "cmdq": 1, "read": {"device_start": -1, "device_end": -1}}}