{"FFC_sans_bias4": {"write": {"device_start": -1, "host_queued_start": 1585661544.213305, "device_queued": -1, "device_end": -1, "host_queued_end": 1585661544.254675}, "device": "cpu", "nd_range": {"device_start": 2329319.2203712664, "device_end": 2329319.281187056}, "cmdq": 0, "read": {"device_start": -1, "device_end": -1}}, "FFC_sans_bias7": {"write": {"device_start": -1, "host_queued_start": 1585661544.231396, "device_queued": -1, "device_end": -1, "host_queued_end": 1585661544.254675}, "device": "cpu", "nd_range": {"device_start": 2329319.819820819, "device_end": 2329319.910698433}, "cmdq": 0, "read": {"device_start": -1, "device_end": -1}}, "FFC_sans_bias6": {"write": {"device_start": -1, "host_queued_start": 1585661544.223075, "device_queued": -1, "device_end": -1, "host_queued_end": 1585661544.254675}, "device": "cpu", "nd_range": {"device_start": 2329319.510108792, "device_end": 2329319.5812118733}, "cmdq": 0, "read": {"device_start": -1, "device_end": -1}}, "FFC_sans_bias1": {"write": {"device_start": -1, "host_queued_start": 1585661544.131066, "device_queued": -1, "device_end": -1, "host_queued_end": 1585661544.254675}, "device": "cpu", "nd_range": {"device_start": 2329318.444433176, "device_end": 2329318.5437408322}, "cmdq": 1, "read": {"device_start": -1, "device_end": -1}}, "FFC_sans_bias0": {"write": {"device_start": -1, "host_queued_start": 1585661544.127113, "device_queued": -1, "device_end": -1, "host_queued_end": 1585661544.254675}, "device": "cpu", "nd_range": {"device_start": 2329318.444396295, "device_end": 2329318.498236793}, "cmdq": 0, "read": {"device_start": -1, "device_end": -1}}, "FFC_sans_bias2": {"write": {"device_start": -1, "host_queued_start": 1585661544.13497, "device_queued": -1, "device_end": -1, "host_queued_end": 1585661544.254675}, "device": "cpu", "nd_range": {"device_start": 2329318.5023140213, "device_end": 2329318.5557450363}, "cmdq": 0, "read": {"device_start": -1, "device_end": -1}}, "coalesced_transpose120": {"write": {"device_start": -1, "host_queued_start": 1585661544.060555, "device_queued": -1, "device_end": -1, "host_queued_end": 1585661544.097336}, "device": "gpu", "nd_range": {"device_start": 1585661476.6933568, "device_end": 1585661476.6934059}, "cmdq": 1, "read": {"device_start": -1, "device_end": -1}}, "FFC_sans_bias9": {"write": {"device_start": -1, "host_queued_start": 1585661544.138539, "device_queued": -1, "device_end": -1, "host_queued_end": 1585661544.254675}, "device": "cpu", "nd_range": {"device_start": 2329318.54422164, "device_end": 2329318.625015752}, "cmdq": 1, "read": {"device_start": -1, "device_end": -1}}, "empty71": {"write": {"device_start": -1, "host_queued_start": 1585661544.12407, "device_queued": -1, "device_end": -1, "host_queued_end": 1585661544.254675}, "device": "cpu", "nd_range": {"device_start": 2329318.444425715, "device_end": 2329318.444426751}, "cmdq": 1, "read": {"device_start": -1, "device_end": -1}}, "softmax41": {"write": {"device_start": -1, "host_queued_start": 1585661544.220623, "device_queued": -1, "device_end": -1, "host_queued_end": 1585661544.254675}, "device": "cpu", "nd_range": {"device_start": 2329319.5084078643, "device_end": 2329319.509135134}, "cmdq": 0, "read": {"device_start": -1, "device_end": -1}}, "FFC_sans_bias37": {"write": {"device_start": -1, "host_queued_start": 1585661544.174735, "device_queued": -1, "device_end": -1, "host_queued_end": 1585661544.254675}, "device": "cpu", "nd_range": {"device_start": 2329318.9663288994, "device_end": 2329319.02785794}, "cmdq": 1, "read": {"device_start": -1, "device_end": -1}}, "FFC_sans_bias36": {"write": {"device_start": -1, "host_queued_start": 1585661544.171401, "device_queued": -1, "device_end": -1, "host_queued_end": 1585661544.254675}, "device": "cpu", "nd_range": {"device_start": 2329318.8317595082, "device_end": 2329318.876025612}, "cmdq": 0, "read": {"device_start": -1, "device_end": -1}}, "FFC_sans_bias34": {"write": {"device_start": -1, "host_queued_start": 1585661544.241397, "device_queued": -1, "device_end": -1, "host_queued_end": 1585661544.254675}, "device": "cpu", "nd_range": {"device_start": 2329320.007069235, "device_end": 2329320.068056817}, "cmdq": 1, "read": {"device_start": -1, "device_end": -1}}, "FFC_sans_bias33": {"write": {"device_start": -1, "host_queued_start": 1585661544.224919, "device_queued": -1, "device_end": -1, "host_queued_end": 1585661544.254675}, "device": "cpu", "nd_range": {"device_start": 2329319.76730766, "device_end": 2329319.819456276}, "cmdq": 1, "read": {"device_start": -1, "device_end": -1}}, "FFC_sans_bias31": {"write": {"device_start": -1, "host_queued_start": 1585661544.215202, "device_queued": -1, "device_end": -1, "host_queued_end": 1585661544.254675}, "device": "cpu", "nd_range": {"device_start": 2329319.4751007273, "device_end": 2329319.545474877}, "cmdq": 1, "read": {"device_start": -1, "device_end": -1}}, "FFC_sans_bias38": {"write": {"device_start": -1, "host_queued_start": 1585661544.177951, "device_queued": -1, "device_end": -1, "host_queued_end": 1585661544.254675}, "device": "cpu", "nd_range": {"device_start": 2329318.876232306, "device_end": 2329318.9241455193}, "cmdq": 0, "read": {"device_start": -1, "device_end": -1}}, "coalesced_transpose75": {"write": {"device_start": -1, "host_queued_start": 1585661544.058827, "device_queued": -1, "device_end": -1, "host_queued_end": 1585661544.097336}, "device": "gpu", "nd_range": {"device_start": 1585661476.6837687, "device_end": 1585661476.6933146}, "cmdq": 0, "read": {"device_start": -1, "device_end": -1}}, "softmax140": {"write": {"device_start": -1, "host_queued_start": 1585661544.066202, "device_queued": -1, "device_end": -1, "host_queued_end": 1585661544.097336}, "device": "gpu", "nd_range": {"device_start": 1585661476.72381, "device_end": 1585661476.7272713}, "cmdq": 3, "read": {"device_start": -1, "device_end": -1}}, "empty44": {"write": {"device_start": -1, "host_queued_start": 1585661544.115078, "device_queued": -1, "device_end": -1, "host_queued_end": 1585661544.254675}, "device": "cpu", "nd_range": {"device_start": 2329318.4443817292, "device_end": 2329318.444382673}, "cmdq": 0, "read": {"device_start": -1, "device_end": -1}}, "FFC_sans_bias137": {"write": {"device_start": 1585661476.677557, "host_queued_start": 1585661544.055032, "device_queued": 1585661476.6210217, "device_end": 1585661476.6776567, "host_queued_end": 1585661544.097336}, "device": "gpu", "nd_range": {"device_start": 1585661476.6776628, "device_end": 1585661476.6902466}, "cmdq": 2, "read": {"device_start": -1, "device_end": -1}}, "empty8": {"write": {"device_start": -1, "host_queued_start": 1585661544.102479, "device_queued": -1, "device_end": -1, "host_queued_end": 1585661544.254675}, "device": "cpu", "nd_range": {"device_start": 2329318.4443258513, "device_end": 2329318.444340683}, "cmdq": 0, "read": {"device_start": -1, "device_end": -1}}, "softmax50": {"write": {"device_start": -1, "host_queued_start": 1585661544.221192, "device_queued": -1, "device_end": -1, "host_queued_end": 1585661544.254675}, "device": "cpu", "nd_range": {"device_start": 2329319.692239725, "device_end": 2329319.6929648183}, "cmdq": 1, "read": {"device_start": -1, "device_end": -1}}, "softmax59": {"write": {"device_start": -1, "host_queued_start": 1585661544.221734, "device_queued": -1, "device_end": -1, "host_queued_end": 1585661544.254675}, "device": "cpu", "nd_range": {"device_start": 2329319.509263853, "device_end": 2329319.509971566}, "cmdq": 0, "read": {"device_start": -1, "device_end": -1}}, "FFC_sans_bias142": {"write": {"device_start": 1585661476.7629356, "host_queued_start": 1585661544.097224, "device_queued": 1585661476.6277025, "device_end": 1585661476.7630336, "host_queued_end": 1585661544.097336}, "device": "gpu", "nd_range": {"device_start": 1585661476.763037, "device_end": 1585661476.7719822}, "cmdq": 3, "read": {"device_start": 1585661476.7719884, "device_end": 1585661476.7720737}}, "FFC_sans_bias141": {"write": {"device_start": -1, "host_queued_start": 1585661544.06888, "device_queued": -1, "device_end": -1, "host_queued_end": 1585661544.097336}, "device": "gpu", "nd_range": {"device_start": 1585661476.7395391, "device_end": 1585661476.7492967}, "cmdq": 3, "read": {"device_start": -1, "device_end": -1}}, "FFC_sans_bias24": {"write": {"device_start": -1, "host_queued_start": 1585661544.224326, "device_queued": -1, "device_end": -1, "host_queued_end": 1585661544.254675}, "device": "cpu", "nd_range": {"device_start": 2329319.5814247793, "device_end": 2329319.657252232}, "cmdq": 0, "read": {"device_start": -1, "device_end": -1}}, "FFC_sans_bias25": {"write": {"device_start": -1, "host_queued_start": 1585661544.237917, "device_queued": -1, "device_end": -1, "host_queued_end": 1585661544.254675}, "device": "cpu", "nd_range": {"device_start": 2329319.9107170603, "device_end": 2329319.9793834663}, "cmdq": 0, "read": {"device_start": -1, "device_end": -1}}, "FFC_sans_bias27": {"write": {"device_start": -1, "host_queued_start": 1585661544.161304, "device_queued": -1, "device_end": -1, "host_queued_end": 1585661544.254675}, "device": "cpu", "nd_range": {"device_start": 2329318.769839726, "device_end": 2329318.893394778}, "cmdq": 1, "read": {"device_start": -1, "device_end": -1}}, "FFC_sans_bias20": {"write": {"device_start": -1, "host_queued_start": 1585661544.157451, "device_queued": -1, "device_end": -1, "host_queued_end": 1585661544.254675}, "device": "cpu", "nd_range": {"device_start": 2329318.691113161, "device_end": 2329318.7694547283}, "cmdq": 0, "read": {"device_start": -1, "device_end": -1}}, "FFC_sans_bias22": {"write": {"device_start": -1, "host_queued_start": 1585661544.214585, "device_queued": -1, "device_end": -1, "host_queued_end": 1585661544.254675}, "device": "cpu", "nd_range": {"device_start": 2329319.281389833, "device_end": 2329319.3670069263}, "cmdq": 0, "read": {"device_start": -1, "device_end": -1}}, "FFC_sans_bias130": {"write": {"device_start": -1, "host_queued_start": 1585661544.063594, "device_queued": -1, "device_end": -1, "host_queued_end": 1585661544.097336}, "device": "gpu", "nd_range": {"device_start": 1585661476.703375, "device_end": 1585661476.7132099}, "cmdq": 2, "read": {"device_start": -1, "device_end": -1}}, "FFC_sans_bias28": {"write": {"device_start": -1, "host_queued_start": 1585661544.164697, "device_queued": -1, "device_end": -1, "host_queued_end": 1585661544.254675}, "device": "cpu", "nd_range": {"device_start": 2329318.7696775934, "device_end": 2329318.831532839}, "cmdq": 0, "read": {"device_start": -1, "device_end": -1}}, "FFC_sans_bias29": {"write": {"device_start": -1, "host_queued_start": 1585661544.168055, "device_queued": -1, "device_end": -1, "host_queued_end": 1585661544.254675}, "device": "cpu", "nd_range": {"device_start": 2329318.8934081444, "device_end": 2329318.966310629}, "cmdq": 1, "read": {"device_start": -1, "device_end": -1}}, "coalesced_transpose66": {"write": {"device_start": -1, "host_queued_start": 1585661544.212601, "device_queued": -1, "device_end": -1, "host_queued_end": 1585661544.254675}, "device": "cpu", "nd_range": {"device_start": 2329319.4070204403, "device_end": 2329319.407937194}, "cmdq": 1, "read": {"device_start": -1, "device_end": -1}}, "coalesced_transpose93": {"write": {"device_start": -1, "host_queued_start": 1585661544.059556, "device_queued": -1, "device_end": -1, "host_queued_end": 1585661544.097336}, "device": "gpu", "nd_range": {"device_start": 1585661476.6902518, "device_end": 1585661476.6933677}, "cmdq": 2, "read": {"device_start": -1, "device_end": -1}}, "softmax23": {"write": {"device_start": -1, "host_queued_start": 1585661544.219501, "device_queued": -1, "device_end": -1, "host_queued_end": 1585661544.254675}, "device": "cpu", "nd_range": {"device_start": 2329319.5075312173, "device_end": 2329319.508272531}, "cmdq": 0, "read": {"device_start": -1, "device_end": -1}}, "empty62": {"write": {"device_start": -1, "host_queued_start": 1585661544.1213, "device_queued": -1, "device_end": -1, "host_queued_end": 1585661544.254675}, "device": "cpu", "nd_range": {"device_start": 2329318.444389039, "device_end": 2329318.444389935}, "cmdq": 0, "read": {"device_start": -1, "device_end": -1}}, "FFC_sans_bias10": {"write": {"device_start": -1, "host_queued_start": 1585661544.142275, "device_queued": -1, "device_end": -1, "host_queued_end": 1585661544.254675}, "device": "cpu", "nd_range": {"device_start": 2329318.555760047, "device_end": 2329318.633291895}, "cmdq": 0, "read": {"device_start": -1, "device_end": -1}}, "FFC_sans_bias13": {"write": {"device_start": -1, "host_queued_start": 1585661544.213896, "device_queued": -1, "device_end": -1, "host_queued_end": 1585661544.254675}, "device": "cpu", "nd_range": {"device_start": 2329319.4079449843, "device_end": 2329319.4750856804}, "cmdq": 1, "read": {"device_start": -1, "device_end": -1}}, "FFC_sans_bias15": {"write": {"device_start": -1, "host_queued_start": 1585661544.223723, "device_queued": -1, "device_end": -1, "host_queued_end": 1585661544.254675}, "device": "cpu", "nd_range": {"device_start": 2329319.693713408, "device_end": 2329319.76729016}, "cmdq": 1, "read": {"device_start": -1, "device_end": -1}}, "FFC_sans_bias16": {"write": {"device_start": -1, "host_queued_start": 1585661544.234716, "device_queued": -1, "device_end": -1, "host_queued_end": 1585661544.254675}, "device": "cpu", "nd_range": {"device_start": 2329319.934465013, "device_end": 2329320.00705663}, "cmdq": 1, "read": {"device_start": -1, "device_end": -1}}, "FFC_sans_bias19": {"write": {"device_start": -1, "host_queued_start": 1585661544.153338, "device_queued": -1, "device_end": -1, "host_queued_end": 1585661544.254675}, "device": "cpu", "nd_range": {"device_start": 2329318.705439715, "device_end": 2329318.769824468}, "cmdq": 1, "read": {"device_start": -1, "device_end": -1}}, "FFC_sans_bias18": {"write": {"device_start": -1, "host_queued_start": 1585661544.149713, "device_queued": -1, "device_end": -1, "host_queued_end": 1585661544.254675}, "device": "cpu", "nd_range": {"device_start": 2329318.6334479223, "device_end": 2329318.690904355}, "cmdq": 0, "read": {"device_start": -1, "device_end": -1}}, "FFC_sans_bias99": {"write": {"device_start": 1585661476.6352167, "host_queued_start": 1585661544.005093, "device_queued": 1585661476.6177087, "device_end": 1585661476.6353147, "host_queued_end": 1585661544.097336}, "device": "gpu", "nd_range": {"device_start": 1585661476.6353228, "device_end": 1585661476.6478634}, "cmdq": 1, "read": {"device_start": -1, "device_end": -1}}, "FFC_sans_bias91": {"write": {"device_start": 1585661476.6285765, "host_queued_start": 1585661543.996329, "device_queued": 1585661476.6169553, "device_end": 1585661476.628692, "host_queued_end": 1585661544.097336}, "device": "gpu", "nd_range": {"device_start": 1585661476.628696, "device_end": 1585661476.6413822}, "cmdq": 3, "read": {"device_start": -1, "device_end": -1}}, "FFC_sans_bias90": {"write": {"device_start": 1585661476.6254969, "host_queued_start": 1585661543.992863, "device_queued": 1585661476.6168296, "device_end": 1585661476.6256042, "host_queued_end": 1585661544.097336}, "device": "gpu", "nd_range": {"device_start": 1585661476.62561, "device_end": 1585661476.6380918}, "cmdq": 2, "read": {"device_start": -1, "device_end": -1}}, "coalesced_transpose12": {"write": {"device_start": -1, "host_queued_start": 1585661544.208778, "device_queued": -1, "device_end": -1, "host_queued_end": 1585661544.254675}, "device": "cpu", "nd_range": {"device_start": 2329319.404176035, "device_end": 2329319.405145237}, "cmdq": 1, "read": {"device_start": -1, "device_end": -1}}, "FFC_sans_bias94": {"write": {"device_start": -1, "host_queued_start": 1585661544.062211, "device_queued": -1, "device_end": -1, "host_queued_end": 1585661544.097336}, "device": "gpu", "nd_range": {"device_start": 1585661476.6934288, "device_end": 1585661476.7033734}, "cmdq": 2, "read": {"device_start": -1, "device_end": -1}}, "FFC_sans_bias97": {"write": {"device_start": 1585661476.7463696, "host_queued_start": 1585661544.079462, "device_queued": 1585661476.6264133, "device_end": 1585661476.7464774, "host_queued_end": 1585661544.097336}, "device": "gpu", "nd_range": {"device_start": 1585661476.7464828, "device_end": 1585661476.7557971}, "cmdq": 2, "read": {"device_start": 1585661476.7558017, "device_end": 1585661476.755902}}, "FFC_sans_bias96": {"write": {"device_start": -1, "host_queued_start": 1585661544.067189, "device_queued": -1, "device_end": -1, "host_queued_end": 1585661544.097336}, "device": "gpu", "nd_range": {"device_start": 1585661476.724646, "device_end": 1585661476.733057}, "cmdq": 2, "read": {"device_start": -1, "device_end": -1}}, "FFC_sans_bias124": {"write": {"device_start": 1585661476.7532315, "host_queued_start": 1585661544.090013, "device_queued": 1585661476.6274524, "device_end": 1585661476.7533298, "host_queued_end": 1585661544.097336}, "device": "gpu", "nd_range": {"device_start": 1585661476.7533336, "device_end": 1585661476.7655125}, "cmdq": 1, "read": {"device_start": 1585661476.7655237, "device_end": 1585661476.765614}}, "FFC_sans_bias126": {"write": {"device_start": 1585661476.6678061, "host_queued_start": 1585661544.04418, "device_queued": 1585661476.620123, "device_end": 1585661476.6679068, "host_queued_end": 1585661544.097336}, "device": "gpu", "nd_range": {"device_start": 1585661476.6679146, "device_end": 1585661476.6804945}, "cmdq": 3, "read": {"device_start": -1, "device_end": -1}}, "softmax32": {"write": {"device_start": -1, "host_queued_start": 1585661544.220017, "device_queued": -1, "device_end": -1, "host_queued_end": 1585661544.254675}, "device": "cpu", "nd_range": {"device_start": 2329319.691488548, "device_end": 2329319.692232782}, "cmdq": 1, "read": {"device_start": -1, "device_end": -1}}, "coalesced_transpose84": {"write": {"device_start": -1, "host_queued_start": 1585661544.059176, "device_queued": -1, "device_end": -1, "host_queued_end": 1585661544.097336}, "device": "gpu", "nd_range": {"device_start": 1585661476.6869884, "device_end": 1585661476.6933463}, "cmdq": 1, "read": {"device_start": -1, "device_end": -1}}, "FFC_sans_bias121": {"write": {"device_start": -1, "host_queued_start": 1585661544.063259, "device_queued": -1, "device_end": -1, "host_queued_end": 1585661544.097336}, "device": "gpu", "nd_range": {"device_start": 1585661476.7001166, "device_end": 1585661476.7098808}, "cmdq": 1, "read": {"device_start": -1, "device_end": -1}}, "empty98": {"write": {"device_start": 1585661476.6131134, "host_queued_start": 1585661543.954776, "device_queued": 1585661476.6126826, "device_end": 1585661476.6133635, "host_queued_end": 1585661544.097336}, "device": "gpu", "nd_range": {"device_start": 1585661476.6133745, "device_end": 1585661476.6133788}, "cmdq": 2, "read": {"device_start": -1, "device_end": -1}}, "empty107": {"write": {"device_start": 1585661476.613446, "host_queued_start": 1585661543.957623, "device_queued": 1585661476.61302, "device_end": 1585661476.6137388, "host_queued_end": 1585661544.097336}, "device": "gpu", "nd_range": {"device_start": 1585661476.6137507, "device_end": 1585661476.613754}, "cmdq": 3, "read": {"device_start": -1, "device_end": -1}}, "empty17": {"write": {"device_start": -1, "host_queued_start": 1585661544.105586, "device_queued": -1, "device_end": -1, "host_queued_end": 1585661544.254675}, "device": "cpu", "nd_range": {"device_start": 2329318.444325785, "device_end": 2329318.444340115}, "cmdq": 1, "read": {"device_start": -1, "device_end": -1}}, "FFC_sans_bias87": {"write": {"device_start": -1, "host_queued_start": 1585661544.066867, "device_queued": -1, "device_end": -1, "host_queued_end": 1585661544.097336}, "device": "gpu", "nd_range": {"device_start": 1585661476.724642, "device_end": 1585661476.7297761}, "cmdq": 1, "read": {"device_start": -1, "device_end": -1}}, "FFC_sans_bias85": {"write": {"device_start": -1, "host_queued_start": 1585661544.061896, "device_queued": -1, "device_end": -1, "host_queued_end": 1585661544.097336}, "device": "gpu", "nd_range": {"device_start": 1585661476.6934068, "device_end": 1585661476.7001154}, "cmdq": 1, "read": {"device_start": -1, "device_end": -1}}, "FFC_sans_bias82": {"write": {"device_start": 1585661476.618766, "host_queued_start": 1585661543.985854, "device_queued": 1585661476.616427, "device_end": 1585661476.6188586, "host_queued_end": 1585661544.097336}, "device": "gpu", "nd_range": {"device_start": 1585661476.6188653, "device_end": 1585661476.631538}, "cmdq": 0, "read": {"device_start": -1, "device_end": -1}}, "FFC_sans_bias83": {"write": {"device_start": 1585661476.6221316, "host_queued_start": 1585661543.989366, "device_queued": 1585661476.6166852, "device_end": 1585661476.6222312, "host_queued_end": 1585661544.097336}, "device": "gpu", "nd_range": {"device_start": 1585661476.6222377, "device_end": 1585661476.6348197}, "cmdq": 1, "read": {"device_start": -1, "device_end": -1}}, "FFC_sans_bias81": {"write": {"device_start": 1585661476.616203, "host_queued_start": 1585661543.982248, "device_queued": 1585661476.6154568, "device_end": 1585661476.6163082, "host_queued_end": 1585661544.097336}, "device": "gpu", "nd_range": {"device_start": 1585661476.6163282, "device_end": 1585661476.6282341}, "cmdq": 3, "read": {"device_start": -1, "device_end": -1}}, "FFC_sans_bias88": {"write": {"device_start": 1585661476.7431614, "host_queued_start": 1585661544.075853, "device_queued": 1585661476.626279, "device_end": 1585661476.743265, "host_queued_end": 1585661544.097336}, "device": "gpu", "nd_range": {"device_start": 1585661476.7432718, "device_end": 1585661476.752528}, "cmdq": 1, "read": {"device_start": 1585661476.7525337, "device_end": 1585661476.752647}}, "coalesced_transpose30": {"write": {"device_start": -1, "host_queued_start": 1585661544.210048, "device_queued": -1, "device_end": -1, "host_queued_end": 1585661544.254675}, "device": "cpu", "nd_range": {"device_start": 2329319.4051540024, "device_end": 2329319.4060790082}, "cmdq": 1, "read": {"device_start": -1, "device_end": -1}}, "FFC_sans_bias128": {"write": {"device_start": 1585661476.664593, "host_queued_start": 1585661544.040599, "device_queued": 1585661476.6199577, "device_end": 1585661476.6647065, "host_queued_end": 1585661544.097336}, "device": "gpu", "nd_range": {"device_start": 1585661476.664713, "device_end": 1585661476.677213}, "cmdq": 2, "read": {"device_start": -1, "device_end": -1}}, "coalesced_transpose39": {"write": {"device_start": -1, "host_queued_start": 1585661544.210662, "device_queued": -1, "device_end": -1, "host_queued_end": 1585661544.254675}, "device": "cpu", "nd_range": {"device_start": 2329319.218162748, "device_end": 2329319.2190999663}, "cmdq": 0, "read": {"device_start": -1, "device_end": -1}}, "FFC_sans_bias79": {"write": {"device_start": 1585661476.726785, "host_queued_start": 1585661544.072235, "device_queued": 1585661476.6260276, "device_end": 1585661476.7268991, "host_queued_end": 1585661544.097336}, "device": "gpu", "nd_range": {"device_start": 1585661476.7269037, "device_end": 1585661476.7363522}, "cmdq": 0, "read": {"device_start": 1585661476.7363641, "device_end": 1585661476.7364757}}, "FFC_sans_bias78": {"write": {"device_start": -1, "host_queued_start": 1585661544.066522, "device_queued": -1, "device_end": -1, "host_queued_end": 1585661544.097336}, "device": "gpu", "nd_range": {"device_start": 1585661476.7171788, "device_end": 1585661476.7230167}, "cmdq": 0, "read": {"device_start": -1, "device_end": -1}}, "FFC_sans_bias73": {"write": {"device_start": 1585661476.615484, "host_queued_start": 1585661543.975251, "device_queued": 1585661476.6151228, "device_end": 1585661476.6157584, "host_queued_end": 1585661544.097336}, "device": "gpu", "nd_range": {"device_start": 1585661476.6158419, "device_end": 1585661476.6218085}, "cmdq": 1, "read": {"device_start": -1, "device_end": -1}}, "FFC_sans_bias72": {"write": {"device_start": 1585661476.615, "host_queued_start": 1585661543.97206, "device_queued": 1585661476.6146982, "device_end": 1585661476.6151125, "host_queued_end": 1585661544.097336}, "device": "gpu", "nd_range": {"device_start": 1585661476.6151226, "device_end": 1585661476.6184907}, "cmdq": 0, "read": {"device_start": -1, "device_end": -1}}, "FFC_sans_bias70": {"write": {"device_start": -1, "host_queued_start": 1585661544.254594, "device_queued": -1, "device_end": -1, "host_queued_end": 1585661544.254675}, "device": "cpu", "nd_range": {"device_start": 2329320.129136587, "device_end": 2329320.1841711393}, "cmdq": 1, "read": {"device_start": -1, "device_end": -1}}, "FFC_sans_bias76": {"write": {"device_start": -1, "host_queued_start": 1585661544.061556, "device_queued": -1, "device_end": -1, "host_queued_end": 1585661544.097336}, "device": "gpu", "nd_range": {"device_start": 1585661476.6933868, "device_end": 1585661476.696781}, "cmdq": 0, "read": {"device_start": -1, "device_end": -1}}, "FFC_sans_bias74": {"write": {"device_start": 1585661476.6158442, "host_queued_start": 1585661543.978686, "device_queued": 1585661476.615296, "device_end": 1585661476.616067, "host_queued_end": 1585661544.097336}, "device": "gpu", "nd_range": {"device_start": 1585661476.616103, "device_end": 1585661476.6251197}, "cmdq": 2, "read": {"device_start": -1, "device_end": -1}}, "coalesced_transpose102": {"write": {"device_start": -1, "host_queued_start": 1585661544.059878, "device_queued": -1, "device_end": -1, "host_queued_end": 1585661544.097336}, "device": "gpu", "nd_range": {"device_start": 1585661476.6934621, "device_end": 1585661476.7031865}, "cmdq": 3, "read": {"device_start": -1, "device_end": -1}}, "coalesced_transpose3": {"write": {"device_start": -1, "host_queued_start": 1585661544.20814, "device_queued": -1, "device_end": -1, "host_queued_end": 1585661544.254675}, "device": "cpu", "nd_range": {"device_start": 2329319.215928784, "device_end": 2329319.216849165}, "cmdq": 0, "read": {"device_start": -1, "device_end": -1}}, "FFC_sans_bias127": {"write": {"device_start": 1585661476.671059, "host_queued_start": 1585661544.047797, "device_queued": 1585661476.620606, "device_end": 1585661476.6711721, "host_queued_end": 1585661544.097336}, "device": "gpu", "nd_range": {"device_start": 1585661476.6711762, "device_end": 1585661476.683767}, "cmdq": 0, "read": {"device_start": -1, "device_end": -1}}, "empty89": {"write": {"device_start": 1585661476.612772, "host_queued_start": 1585661543.95199, "device_queued": 1585661476.6124613, "device_end": 1585661476.6129997, "host_queued_end": 1585661544.097336}, "device": "gpu", "nd_range": {"device_start": 1585661476.613064, "device_end": 1585661476.613076}, "cmdq": 1, "read": {"device_start": -1, "device_end": -1}}, "FFC_sans_bias123": {"write": {"device_start": -1, "host_queued_start": 1585661544.068151, "device_queued": -1, "device_end": -1, "host_queued_end": 1585661544.097336}, "device": "gpu", "nd_range": {"device_start": 1585661476.7297773, "device_end": 1585661476.7427928}, "cmdq": 1, "read": {"device_start": -1, "device_end": -1}}, "empty80": {"write": {"device_start": 1585661476.6123555, "host_queued_start": 1585661543.948383, "device_queued": 1585661476.6120372, "device_end": 1585661476.6124468, "host_queued_end": 1585661544.097336}, "device": "gpu", "nd_range": {"device_start": 1585661476.6124856, "device_end": 1585661476.6124904}, "cmdq": 0, "read": {"device_start": -1, "device_end": -1}}, "empty116": {"write": {"device_start": 1585661476.6137578, "host_queued_start": 1585661543.960489, "device_queued": 1585661476.6133857, "device_end": 1585661476.6138976, "host_queued_end": 1585661544.097336}, "device": "gpu", "nd_range": {"device_start": 1585661476.6139126, "device_end": 1585661476.6139157}, "cmdq": 0, "read": {"device_start": -1, "device_end": -1}}, "softmax104": {"write": {"device_start": -1, "host_queued_start": 1585661544.065011, "device_queued": -1, "device_end": -1, "host_queued_end": 1585661544.097336}, "device": "gpu", "nd_range": {"device_start": 1585661476.7197442, "device_end": 1585661476.7238088}, "cmdq": 3, "read": {"device_start": -1, "device_end": -1}}, "coalesced_transpose21": {"write": {"device_start": -1, "host_queued_start": 1585661544.209383, "device_queued": -1, "device_end": -1, "host_queued_end": 1585661544.254675}, "device": "cpu", "nd_range": {"device_start": 2329319.217036581, "device_end": 2329319.2179955193}, "cmdq": 0, "read": {"device_start": -1, "device_end": -1}}, "softmax14": {"write": {"device_start": -1, "host_queued_start": 1585661544.218895, "device_queued": -1, "device_end": -1, "host_queued_end": 1585661544.254675}, "device": "cpu", "nd_range": {"device_start": 2329319.690744012, "device_end": 2329319.6914800443}, "cmdq": 1, "read": {"device_start": -1, "device_end": -1}}, "FFC_sans_bias69": {"write": {"device_start": -1, "host_queued_start": 1585661544.227456, "device_queued": -1, "device_end": -1, "host_queued_end": 1585661544.254675}, "device": "cpu", "nd_range": {"device_start": 2329319.881825956, "device_end": 2329319.9342533443}, "cmdq": 1, "read": {"device_start": -1, "device_end": -1}}, "FFC_sans_bias92": {"write": {"device_start": 1585661476.6319022, "host_queued_start": 1585661543.999947, "device_queued": 1585661476.6174474, "device_end": 1585661476.6320136, "host_queued_end": 1585661544.097336}, "device": "gpu", "nd_range": {"device_start": 1585661476.6320195, "device_end": 1585661476.644614}, "cmdq": 0, "read": {"device_start": -1, "device_end": -1}}, "FFC_sans_bias60": {"write": {"device_start": -1, "host_queued_start": 1585661544.226861, "device_queued": -1, "device_end": -1, "host_queued_end": 1585661544.254675}, "device": "cpu", "nd_range": {"device_start": 2329319.728288163, "device_end": 2329319.819693181}, "cmdq": 0, "read": {"device_start": -1, "device_end": -1}}, "FFC_sans_bias61": {"write": {"device_start": -1, "host_queued_start": 1585661544.251258, "device_queued": -1, "device_end": -1, "host_queued_end": 1585661544.254675}, "device": "cpu", "nd_range": {"device_start": 2329320.075319283, "device_end": 2329320.171090133}, "cmdq": 0, "read": {"device_start": -1, "device_end": -1}}, "FFC_sans_bias63": {"write": {"device_start": -1, "host_queued_start": 1585661544.207732, "device_queued": -1, "device_end": -1, "host_queued_end": 1585661544.254675}, "device": "cpu", "nd_range": {"device_start": 2329319.3298230683, "device_end": 2329319.4041630873}, "cmdq": 1, "read": {"device_start": -1, "device_end": -1}}, "FFC_sans_bias64": {"write": {"device_start": -1, "host_queued_start": 1585661544.20107, "device_queued": -1, "device_end": -1, "host_queued_end": 1585661544.254675}, "device": "cpu", "nd_range": {"device_start": 2329319.267490264, "device_end": 2329319.329802346}, "cmdq": 1, "read": {"device_start": -1, "device_end": -1}}, "FFC_sans_bias65": {"write": {"device_start": -1, "host_queued_start": 1585661544.20436, "device_queued": -1, "device_end": -1, "host_queued_end": 1585661544.254675}, "device": "cpu", "nd_range": {"device_start": 2329319.1460867734, "device_end": 2329319.215695364}, "cmdq": 0, "read": {"device_start": -1, "device_end": -1}}, "FFC_sans_bias67": {"write": {"device_start": -1, "host_queued_start": 1585661544.217753, "device_queued": -1, "device_end": -1, "host_queued_end": 1585661544.254675}, "device": "cpu", "nd_range": {"device_start": 2329319.619021397, "device_end": 2329319.690729461}, "cmdq": 1, "read": {"device_start": -1, "device_end": -1}}, "coalesced_transpose111": {"write": {"device_start": -1, "host_queued_start": 1585661544.060228, "device_queued": -1, "device_end": -1, "host_queued_end": 1585661544.097336}, "device": "gpu", "nd_range": {"device_start": 1585661476.6933243, "device_end": 1585661476.6933856}, "cmdq": 0, "read": {"device_start": -1, "device_end": -1}}, "FFC_sans_bias136": {"write": {"device_start": 1585661476.674318, "host_queued_start": 1585661544.051493, "device_queued": 1585661476.6208727, "device_end": 1585661476.6744165, "host_queued_end": 1585661544.097336}, "device": "gpu", "nd_range": {"device_start": 1585661476.6744266, "device_end": 1585661476.6869843}, "cmdq": 1, "read": {"device_start": -1, "device_end": -1}}, "FFC_sans_bias135": {"write": {"device_start": 1585661476.680858, "host_queued_start": 1585661544.058445, "device_queued": 1585661476.6211715, "device_end": 1585661476.6809587, "host_queued_end": 1585661544.097336}, "device": "gpu", "nd_range": {"device_start": 1585661476.6809654, "device_end": 1585661476.6934545}, "cmdq": 3, "read": {"device_start": -1, "device_end": -1}}, "FFC_sans_bias133": {"write": {"device_start": 1585661476.7564952, "host_queued_start": 1585661544.093784, "device_queued": 1585661476.627574, "device_end": 1585661476.7565937, "host_queued_end": 1585661544.097336}, "device": "gpu", "nd_range": {"device_start": 1585661476.756598, "device_end": 1585661476.7687879}, "cmdq": 2, "read": {"device_start": 1585661476.7687907, "device_end": 1585661476.768965}}, "FFC_sans_bias132": {"write": {"device_start": -1, "host_queued_start": 1585661544.068562, "device_queued": -1, "device_end": -1, "host_queued_end": 1585661544.097336}, "device": "gpu", "nd_range": {"device_start": 1585661476.7330582, "device_end": 1585661476.7460444}, "cmdq": 2, "read": {"device_start": -1, "device_end": -1}}, "softmax68": {"write": {"device_start": -1, "host_queued_start": 1585661544.222303, "device_queued": -1, "device_end": -1, "host_queued_end": 1585661544.254675}, "device": "cpu", "nd_range": {"device_start": 2329319.6929724324, "device_end": 2329319.693705672}, "cmdq": 1, "read": {"device_start": -1, "device_end": -1}}, "softmax131": {"write": {"device_start": -1, "host_queued_start": 1585661544.065953, "device_queued": -1, "device_end": -1, "host_queued_end": 1585661544.097336}, "device": "gpu", "nd_range": {"device_start": 1585661476.7180119, "device_end": 1585661476.724645}, "cmdq": 2, "read": {"device_start": -1, "device_end": -1}}, "empty125": {"write": {"device_start": 1585661476.6140995, "host_queued_start": 1585661543.96321, "device_queued": 1585661476.613755, "device_end": 1585661476.614363, "host_queued_end": 1585661544.097336}, "device": "gpu", "nd_range": {"device_start": 1585661476.6144376, "device_end": 1585661476.6144729}, "cmdq": 1, "read": {"device_start": -1, "device_end": -1}}, "FFC_sans_bias139": {"write": {"device_start": -1, "host_queued_start": 1585661544.063913, "device_queued": -1, "device_end": -1, "host_queued_end": 1585661544.097336}, "device": "gpu", "nd_range": {"device_start": 1585661476.7163525, "device_end": 1585661476.719743}, "cmdq": 3, "read": {"device_start": -1, "device_end": -1}}, "empty35": {"write": {"device_start": -1, "host_queued_start": 1585661544.111812, "device_queued": -1, "device_end": -1, "host_queued_end": 1585661544.254675}, "device": "cpu", "nd_range": {"device_start": 2329318.444371351, "device_end": 2329318.4443730363}, "cmdq": 1, "read": {"device_start": -1, "device_end": -1}}, "softmax86": {"write": {"device_start": -1, "host_queued_start": 1585661544.064523, "device_queued": -1, "device_end": -1, "host_queued_end": 1585661544.097336}, "device": "gpu", "nd_range": {"device_start": 1585661476.709882, "device_end": 1585661476.7180333}, "cmdq": 1, "read": {"device_start": -1, "device_end": -1}}, "FFC_sans_bias55": {"write": {"device_start": -1, "host_queued_start": 1585661544.197687, "device_queued": -1, "device_end": -1, "host_queued_end": 1585661544.254675}, "device": "cpu", "nd_range": {"device_start": 2329319.0756611032, "device_end": 2329319.145851471}, "cmdq": 0, "read": {"device_start": -1, "device_end": -1}}, "FFC_sans_bias54": {"write": {"device_start": -1, "host_queued_start": 1585661544.194393, "device_queued": -1, "device_end": -1, "host_queued_end": 1585661544.254675}, "device": "cpu", "nd_range": {"device_start": 2329319.174355294, "device_end": 2329319.267475747}, "cmdq": 1, "read": {"device_start": -1, "device_end": -1}}, "FFC_sans_bias56": {"write": {"device_start": -1, "host_queued_start": 1585661544.191033, "device_queued": -1, "device_end": -1, "host_queued_end": 1585661544.254675}, "device": "cpu", "nd_range": {"device_start": 2329319.0153702362, "device_end": 2329319.075445469}, "cmdq": 0, "read": {"device_start": -1, "device_end": -1}}, "FFC_sans_bias51": {"write": {"device_start": -1, "host_queued_start": 1585661544.226236, "device_queued": -1, "device_end": -1, "host_queued_end": 1585661544.254675}, "device": "cpu", "nd_range": {"device_start": 2329319.819468134, "device_end": 2329319.88155491}, "cmdq": 1, "read": {"device_start": -1, "device_end": -1}}, "FFC_sans_bias52": {"write": {"device_start": -1, "host_queued_start": 1585661544.248033, "device_queued": -1, "device_end": -1, "host_queued_end": 1585661544.254675}, "device": "cpu", "nd_range": {"device_start": 2329320.068067958, "device_end": 2329320.1291202144}, "cmdq": 1, "read": {"device_start": -1, "device_end": -1}}, "FFC_sans_bias58": {"write": {"device_start": -1, "host_queued_start": 1585661544.217134, "device_queued": -1, "device_end": -1, "host_queued_end": 1585661544.254675}, "device": "cpu", "nd_range": {"device_start": 2329319.428491097, "device_end": 2329319.506423191}, "cmdq": 0, "read": {"device_start": -1, "device_end": -1}}, "FFC_sans_bias108": {"write": {"device_start": 1585661476.6449783, "host_queued_start": 1585661544.017276, "device_queued": 1585661476.6184704, "device_end": 1585661476.6450803, "host_queued_end": 1585661544.097336}, "device": "gpu", "nd_range": {"device_start": 1585661476.6450887, "device_end": 1585661476.6576505}, "cmdq": 0, "read": {"device_start": -1, "device_end": -1}}, "FFC_sans_bias109": {"write": {"device_start": 1585661476.6482666, "host_queued_start": 1585661544.021488, "device_queued": 1585661476.618887, "device_end": 1585661476.6483734, "host_queued_end": 1585661544.097336}, "device": "gpu", "nd_range": {"device_start": 1585661476.6483827, "device_end": 1585661476.6609173}, "cmdq": 1, "read": {"device_start": -1, "device_end": -1}}, "coalesced_transpose129": {"write": {"device_start": -1, "host_queued_start": 1585661544.060888, "device_queued": -1, "device_end": -1, "host_queued_end": 1585661544.097336}, "device": "gpu", "nd_range": {"device_start": 1585661476.6933806, "device_end": 1585661476.6934278}, "cmdq": 2, "read": {"device_start": -1, "device_end": -1}}, "FFC_sans_bias103": {"write": {"device_start": -1, "host_queued_start": 1585661544.062522, "device_queued": -1, "device_end": -1, "host_queued_end": 1585661544.097336}, "device": "gpu", "nd_range": {"device_start": 1585661476.709661, "device_end": 1585661476.716351}, "cmdq": 3, "read": {"device_start": -1, "device_end": -1}}, "FFC_sans_bias100": {"write": {"device_start": 1585661476.638442, "host_queued_start": 1585661544.009434, "device_queued": 1585661476.6178353, "device_end": 1585661476.6385415, "host_queued_end": 1585661544.097336}, "device": "gpu", "nd_range": {"device_start": 1585661476.6385496, "device_end": 1585661476.6511245}, "cmdq": 2, "read": {"device_start": -1, "device_end": -1}}, "FFC_sans_bias101": {"write": {"device_start": 1585661476.6417615, "host_queued_start": 1585661544.013331, "device_queued": 1585661476.61796, "device_end": 1585661476.641872, "host_queued_end": 1585661544.097336}, "device": "gpu", "nd_range": {"device_start": 1585661476.6418808, "device_end": 1585661476.6543887}, "cmdq": 3, "read": {"device_start": -1, "device_end": -1}}, "FFC_sans_bias106": {"write": {"device_start": 1585661476.7496269, "host_queued_start": 1585661544.082903, "device_queued": 1585661476.6265445, "device_end": 1585661476.7497287, "host_queued_end": 1585661544.097336}, "device": "gpu", "nd_range": {"device_start": 1585661476.749736, "device_end": 1585661476.762281}, "cmdq": 3, "read": {"device_start": 1585661476.7622843, "device_end": 1585661476.7623773}}, "softmax122": {"write": {"device_start": -1, "host_queued_start": 1585661544.065662, "device_queued": -1, "device_end": -1, "host_queued_end": 1585661544.097336}, "device": "gpu", "nd_range": {"device_start": 1585661476.7180345, "device_end": 1585661476.7246356}, "cmdq": 1, "read": {"device_start": -1, "device_end": -1}}, "FFC_sans_bias105": {"write": {"device_start": -1, "host_queued_start": 1585661544.067506, "device_queued": -1, "device_end": -1, "host_queued_end": 1585661544.097336}, "device": "gpu", "nd_range": {"device_start": 1585661476.7272723, "device_end": 1585661476.7395377}, "cmdq": 3, "read": {"device_start": -1, "device_end": -1}}, "softmax95": {"write": {"device_start": -1, "host_queued_start": 1585661544.064768, "device_queued": -1, "device_end": -1, "host_queued_end": 1585661544.097336}, "device": "gpu", "nd_range": {"device_start": 1585661476.713211, "device_end": 1585661476.7180104}, "cmdq": 2, "read": {"device_start": -1, "device_end": -1}}, "coalesced_transpose57": {"write": {"device_start": -1, "host_queued_start": 1585661544.211922, "device_queued": -1, "device_end": -1, "host_queued_end": 1585661544.254675}, "device": "cpu", "nd_range": {"device_start": 2329319.219261949, "device_end": 2329319.2202212033}, "cmdq": 0, "read": {"device_start": -1, "device_end": -1}}, "empty26": {"write": {"device_start": -1, "host_queued_start": 1585661544.108769, "device_queued": -1, "device_end": -1, "host_queued_end": 1585661544.254675}, "device": "cpu", "nd_range": {"device_start": 2329318.444371207, "device_end": 2329318.444372889}, "cmdq": 0, "read": {"device_start": -1, "device_end": -1}}, "softmax113": {"write": {"device_start": -1, "host_queued_start": 1585661544.065349, "device_queued": -1, "device_end": -1, "host_queued_end": 1585661544.097336}, "device": "gpu", "nd_range": {"device_start": 1585661476.7139723, "device_end": 1585661476.7171776}, "cmdq": 0, "read": {"device_start": -1, "device_end": -1}}, "FFC_sans_bias11": {"write": {"device_start": -1, "host_queued_start": 1585661544.145992, "device_queued": -1, "device_end": -1, "host_queued_end": 1585661544.254675}, "device": "cpu", "nd_range": {"device_start": 2329318.625033221, "device_end": 2329318.705425073}, "cmdq": 1, "read": {"device_start": -1, "device_end": -1}}, "FFC_sans_bias42": {"write": {"device_start": -1, "host_queued_start": 1585661544.225512, "device_queued": -1, "device_end": -1, "host_queued_end": 1585661544.254675}, "device": "cpu", "nd_range": {"device_start": 2329319.65745747, "device_end": 2329319.728094196}, "cmdq": 0, "read": {"device_start": -1, "device_end": -1}}, "FFC_sans_bias43": {"write": {"device_start": -1, "host_queued_start": 1585661544.244767, "device_queued": -1, "device_end": -1, "host_queued_end": 1585661544.254675}, "device": "cpu", "nd_range": {"device_start": 2329319.9793930333, "device_end": 2329320.075303649}, "cmdq": 0, "read": {"device_start": -1, "device_end": -1}}, "FFC_sans_bias40": {"write": {"device_start": -1, "host_queued_start": 1585661544.215793, "device_queued": -1, "device_end": -1, "host_queued_end": 1585661544.254675}, "device": "cpu", "nd_range": {"device_start": 2329319.367233694, "device_end": 2329319.42829576}, "cmdq": 0, "read": {"device_start": -1, "device_end": -1}}, "FFC_sans_bias46": {"write": {"device_start": -1, "host_queued_start": 1585661544.184593, "device_queued": -1, "device_end": -1, "host_queued_end": 1585661544.254675}, "device": "cpu", "nd_range": {"device_start": 2329318.9243497383, "device_end": 2329319.0151412683}, "cmdq": 0, "read": {"device_start": -1, "device_end": -1}}, "FFC_sans_bias47": {"write": {"device_start": -1, "host_queued_start": 1585661544.187859, "device_queued": -1, "device_end": -1, "host_queued_end": 1585661544.254675}, "device": "cpu", "nd_range": {"device_start": 2329319.0964383413, "device_end": 2329319.174342881}, "cmdq": 1, "read": {"device_start": -1, "device_end": -1}}, "FFC_sans_bias45": {"write": {"device_start": -1, "host_queued_start": 1585661544.181273, "device_queued": -1, "device_end": -1, "host_queued_end": 1585661544.254675}, "device": "cpu", "nd_range": {"device_start": 2329319.0278696134, "device_end": 2329319.096423951}, "cmdq": 1, "read": {"device_start": -1, "device_end": -1}}, "FFC_sans_bias49": {"write": {"device_start": -1, "host_queued_start": 1585661544.216483, "device_queued": -1, "device_end": -1, "host_queued_end": 1585661544.254675}, "device": "cpu", "nd_range": {"device_start": 2329319.5454928433, "device_end": 2329319.619008696}, "cmdq": 1, "read": {"device_start": -1, "device_end": -1}}, "softmax77": {"write": {"device_start": -1, "host_queued_start": 1585661544.064252, "device_queued": -1, "device_end": -1, "host_queued_end": 1585661544.097336}, "device": "gpu", "nd_range": {"device_start": 1585661476.7065718, "device_end": 1585661476.713971}, "cmdq": 0, "read": {"device_start": -1, "device_end": -1}}, "empty134": {"write": {"device_start": 1585661476.6143937, "host_queued_start": 1585661543.965887, "device_queued": 1585661476.6139717, "device_end": 1585661476.6146812, "host_queued_end": 1585661544.097336}, "device": "gpu", "nd_range": {"device_start": 1585661476.6146884, "device_end": 1585661476.6146939}, "cmdq": 2, "read": {"device_start": -1, "device_end": -1}}, "coalesced_transpose138": {"write": {"device_start": -1, "host_queued_start": 1585661544.061215, "device_queued": -1, "device_end": -1, "host_queued_end": 1585661544.097336}, "device": "gpu", "nd_range": {"device_start": 1585661476.7032008, "device_end": 1585661476.70966}, "cmdq": 3, "read": {"device_start": -1, "device_end": -1}}, "FFC_sans_bias119": {"write": {"device_start": 1585661476.661272, "host_queued_start": 1585661544.036996, "device_queued": 1585661476.6198156, "device_end": 1585661476.6613865, "host_queued_end": 1585661544.097336}, "device": "gpu", "nd_range": {"device_start": 1585661476.6613898, "device_end": 1585661476.6739497}, "cmdq": 1, "read": {"device_start": -1, "device_end": -1}}, "FFC_sans_bias118": {"write": {"device_start": 1585661476.6580112, "host_queued_start": 1585661544.033402, "device_queued": 1585661476.6195638, "device_end": 1585661476.658112, "host_queued_end": 1585661544.097336}, "device": "gpu", "nd_range": {"device_start": 1585661476.6581173, "device_end": 1585661476.6706865}, "cmdq": 0, "read": {"device_start": -1, "device_end": -1}}, "empty143": {"write": {"device_start": 1585661476.6146958, "host_queued_start": 1585661543.968655, "device_queued": 1585661476.6143832, "device_end": 1585661476.6149209, "host_queued_end": 1585661544.097336}, "device": "gpu", "nd_range": {"device_start": 1585661476.6149313, "device_end": 1585661476.6149352}, "cmdq": 3, "read": {"device_start": -1, "device_end": -1}}, "FFC_sans_bias115": {"write": {"device_start": 1585661476.7467883, "host_queued_start": 1585661544.08631, "device_queued": 1585661476.6272042, "device_end": 1585661476.7468872, "host_queued_end": 1585661544.097336}, "device": "gpu", "nd_range": {"device_start": 1585661476.7468946, "device_end": 1585661476.7590377}, "cmdq": 0, "read": {"device_start": 1585661476.7590427, "device_end": 1585661476.7591677}}, "FFC_sans_bias114": {"write": {"device_start": -1, "host_queued_start": 1585661544.067825, "device_queued": -1, "device_end": -1, "host_queued_end": 1585661544.097336}, "device": "gpu", "nd_range": {"device_start": 1585661476.723018, "device_end": 1585661476.7264218}, "cmdq": 0, "read": {"device_start": -1, "device_end": -1}}, "FFC_sans_bias117": {"write": {"device_start": 1585661476.654733, "host_queued_start": 1585661544.02976, "device_queued": 1585661476.6191223, "device_end": 1585661476.654834, "host_queued_end": 1585661544.097336}, "device": "gpu", "nd_range": {"device_start": 1585661476.6548424, "device_end": 1585661476.6674235}, "cmdq": 3, "read": {"device_start": -1, "device_end": -1}}, "softmax5": {"write": {"device_start": -1, "host_queued_start": 1585661544.218338, "device_queued": -1, "device_end": -1, "host_queued_end": 1585661544.254675}, "device": "cpu", "nd_range": {"device_start": 2329319.5066376063, "device_end": 2329319.507384314}, "cmdq": 0, "read": {"device_start": -1, "device_end": -1}}, "FFC_sans_bias110": {"write": {"device_start": 1585661476.6514676, "host_queued_start": 1585661544.02592, "device_queued": 1585661476.619012, "device_end": 1585661476.6515698, "host_queued_end": 1585661544.097336}, "device": "gpu", "nd_range": {"device_start": 1585661476.6515791, "device_end": 1585661476.6641881}, "cmdq": 2, "read": {"device_start": -1, "device_end": -1}}, "FFC_sans_bias112": {"write": {"device_start": -1, "host_queued_start": 1585661544.062945, "device_queued": -1, "device_end": -1, "host_queued_end": 1585661544.097336}, "device": "gpu", "nd_range": {"device_start": 1585661476.6967819, "device_end": 1585661476.70657}, "cmdq": 0, "read": {"device_start": -1, "device_end": -1}}, "empty53": {"write": {"device_start": -1, "host_queued_start": 1585661544.11819, "device_queued": -1, "device_end": -1, "host_queued_end": 1585661544.254675}, "device": "cpu", "nd_range": {"device_start": 2329318.444384344, "device_end": 2329318.4443856613}, "cmdq": 1, "read": {"device_start": -1, "device_end": -1}}, "coalesced_transpose48": {"write": {"device_start": -1, "host_queued_start": 1585661544.211234, "device_queued": -1, "device_end": -1, "host_queued_end": 1585661544.254675}, "device": "cpu", "nd_range": {"device_start": 2329319.406086481, "device_end": 2329319.407013166}, "cmdq": 1, "read": {"device_start": -1, "device_end": -1}}}