{"FFC_sans_bias4": {"write": {"device_start": -1, "host_queued_start": 1585661748.82017, "device_queued": -1, "device_end": -1, "host_queued_end": 1585661748.895174}, "device": "cpu", "nd_range": {"device_start": 2329524.78674744, "device_end": 2329524.9471142283}, "cmdq": 3, "read": {"device_start": -1, "device_end": -1}}, "FFC_sans_bias7": {"write": {"device_start": -1, "host_queued_start": 1585661748.850592, "device_queued": -1, "device_end": -1, "host_queued_end": 1585661748.895174}, "device": "cpu", "nd_range": {"device_start": 2329525.6938269343, "device_end": 2329525.822480676}, "cmdq": 0, "read": {"device_start": -1, "device_end": -1}}, "FFC_sans_bias6": {"write": {"device_start": -1, "host_queued_start": 1585661748.838041, "device_queued": -1, "device_end": -1, "host_queued_end": 1585661748.895174}, "device": "cpu", "nd_range": {"device_start": 2329525.23813968, "device_end": 2329525.37531278}, "cmdq": 1, "read": {"device_start": -1, "device_end": -1}}, "FFC_sans_bias1": {"write": {"device_start": -1, "host_queued_start": 1585661748.659811, "device_queued": -1, "device_end": -1, "host_queued_end": 1585661748.895174}, "device": "cpu", "nd_range": {"device_start": 2329523.0848637633, "device_end": 2329523.290176074}, "cmdq": 0, "read": {"device_start": -1, "device_end": -1}}, "FFC_sans_bias0": {"write": {"device_start": -1, "host_queued_start": 1585661748.656318, "device_queued": -1, "device_end": -1, "host_queued_end": 1585661748.895174}, "device": "cpu", "nd_range": {"device_start": 2329523.084881688, "device_end": 2329523.209695069}, "cmdq": 3, "read": {"device_start": -1, "device_end": -1}}, "FFC_sans_bias2": {"write": {"device_start": -1, "host_queued_start": 1585661748.663413, "device_queued": -1, "device_end": -1, "host_queued_end": 1585661748.895174}, "device": "cpu", "nd_range": {"device_start": 2329523.086395392, "device_end": 2329523.2147164503}, "cmdq": 1, "read": {"device_start": -1, "device_end": -1}}, "coalesced_transpose120": {"write": {"device_start": -1, "host_queued_start": 1585661748.818978, "device_queued": -1, "device_end": -1, "host_queued_end": 1585661748.895174}, "device": "cpu", "nd_range": {"device_start": 2329524.6852162313, "device_end": 2329524.6860776814}, "cmdq": 1, "read": {"device_start": -1, "device_end": -1}}, "FFC_sans_bias9": {"write": {"device_start": -1, "host_queued_start": 1585661748.666908, "device_queued": -1, "device_end": -1, "host_queued_end": 1585661748.895174}, "device": "cpu", "nd_range": {"device_start": 2329523.084873035, "device_end": 2329523.250814115}, "cmdq": 2, "read": {"device_start": -1, "device_end": -1}}, "empty71": {"write": {"device_start": -1, "host_queued_start": 1585661748.634052, "device_queued": -1, "device_end": -1, "host_queued_end": 1585661748.895174}, "device": "cpu", "nd_range": {"device_start": 2329523.084868202, "device_end": 2329523.084868948}, "cmdq": 3, "read": {"device_start": -1, "device_end": -1}}, "softmax41": {"write": {"device_start": -1, "host_queued_start": 1585661748.831829, "device_queued": -1, "device_end": -1, "host_queued_end": 1585661748.895174}, "device": "cpu", "nd_range": {"device_start": 2329525.1970494343, "device_end": 2329525.1979985693}, "cmdq": 2, "read": {"device_start": -1, "device_end": -1}}, "FFC_sans_bias37": {"write": {"device_start": -1, "host_queued_start": 1585661748.70204, "device_queued": -1, "device_end": -1, "host_queued_end": 1585661748.895174}, "device": "cpu", "nd_range": {"device_start": 2329523.5346752293, "device_end": 2329523.6571746944}, "cmdq": 0, "read": {"device_start": -1, "device_end": -1}}, "FFC_sans_bias36": {"write": {"device_start": -1, "host_queued_start": 1585661748.698544, "device_queued": -1, "device_end": -1, "host_queued_end": 1585661748.895174}, "device": "cpu", "nd_range": {"device_start": 2329523.5610660603, "device_end": 2329523.805880111}, "cmdq": 3, "read": {"device_start": -1, "device_end": -1}}, "FFC_sans_bias34": {"write": {"device_start": -1, "host_queued_start": 1585661748.86023, "device_queued": -1, "device_end": -1, "host_queued_end": 1585661748.895174}, "device": "cpu", "nd_range": {"device_start": 2329525.8411439573, "device_end": 2329526.0301606273}, "cmdq": 3, "read": {"device_start": -1, "device_end": -1}}, "FFC_sans_bias33": {"write": {"device_start": -1, "host_queued_start": 1585661748.839942, "device_queued": -1, "device_end": -1, "host_queued_end": 1585661748.895174}, "device": "cpu", "nd_range": {"device_start": 2329525.295216523, "device_end": 2329525.359428823}, "cmdq": 0, "read": {"device_start": -1, "device_end": -1}}, "FFC_sans_bias31": {"write": {"device_start": -1, "host_queued_start": 1585661748.822128, "device_queued": -1, "device_end": -1, "host_queued_end": 1585661748.895174}, "device": "cpu", "nd_range": {"device_start": 2329524.815897082, "device_end": 2329524.9396720203}, "cmdq": 2, "read": {"device_start": -1, "device_end": -1}}, "FFC_sans_bias38": {"write": {"device_start": -1, "host_queued_start": 1585661748.705555, "device_queued": -1, "device_end": -1, "host_queued_end": 1585661748.895174}, "device": "cpu", "nd_range": {"device_start": 2329523.4708388853, "device_end": 2329523.598272288}, "cmdq": 1, "read": {"device_start": -1, "device_end": -1}}, "coalesced_transpose75": {"write": {"device_start": -1, "host_queued_start": 1585661748.815941, "device_queued": -1, "device_end": -1, "host_queued_end": 1585661748.895174}, "device": "cpu", "nd_range": {"device_start": 2329524.6975189922, "device_end": 2329524.69838357}, "cmdq": 0, "read": {"device_start": -1, "device_end": -1}}, "softmax140": {"write": {"device_start": -1, "host_queued_start": 1585661748.606561, "device_queued": -1, "device_end": -1, "host_queued_end": 1585661748.610525}, "device": "gpu", "nd_range": {"device_start": 1585661681.1343527, "device_end": 1585661681.1347597}, "cmdq": 2, "read": {"device_start": -1, "device_end": -1}}, "empty44": {"write": {"device_start": -1, "host_queued_start": 1585661748.625762, "device_queued": -1, "device_end": -1, "host_queued_end": 1585661748.895174}, "device": "cpu", "nd_range": {"device_start": 2329523.084845643, "device_end": 2329523.084846728}, "cmdq": 0, "read": {"device_start": -1, "device_end": -1}}, "FFC_sans_bias137": {"write": {"device_start": 1585661681.1207006, "host_queued_start": 1585661748.602098, "device_queued": 1585661681.1202402, "device_end": 1585661681.1209495, "host_queued_end": 1585661748.610525}, "device": "gpu", "nd_range": {"device_start": 1585661681.1211743, "device_end": 1585661681.127718}, "cmdq": 2, "read": {"device_start": -1, "device_end": -1}}, "empty8": {"write": {"device_start": -1, "host_queued_start": 1585661748.614392, "device_queued": -1, "device_end": -1, "host_queued_end": 1585661748.895174}, "device": "cpu", "nd_range": {"device_start": 2329523.084817994, "device_end": 2329523.084826529}, "cmdq": 0, "read": {"device_start": -1, "device_end": -1}}, "softmax50": {"write": {"device_start": -1, "host_queued_start": 1585661748.832409, "device_queued": -1, "device_end": -1, "host_queued_end": 1585661748.895174}, "device": "cpu", "nd_range": {"device_start": 2329525.3138869773, "device_end": 2329525.3146053134}, "cmdq": 3, "read": {"device_start": -1, "device_end": -1}}, "softmax59": {"write": {"device_start": -1, "host_queued_start": 1585661748.832957, "device_queued": -1, "device_end": -1, "host_queued_end": 1585661748.895174}, "device": "cpu", "nd_range": {"device_start": 2329525.286028691, "device_end": 2329525.2867518403}, "cmdq": 0, "read": {"device_start": -1, "device_end": -1}}, "FFC_sans_bias142": {"write": {"device_start": 1585661681.1311562, "host_queued_start": 1585661748.610401, "device_queued": 1585661681.121691, "device_end": 1585661681.1312764, "host_queued_end": 1585661748.610525}, "device": "gpu", "nd_range": {"device_start": 1585661681.1380932, "device_end": 1585661681.1414084}, "cmdq": 0, "read": {"device_start": 1585661681.1414158, "device_end": 1585661681.1415098}}, "FFC_sans_bias141": {"write": {"device_start": -1, "host_queued_start": 1585661748.606983, "device_queued": -1, "device_end": -1, "host_queued_end": 1585661748.610525}, "device": "gpu", "nd_range": {"device_start": 1585661681.1347692, "device_end": 1585661681.1380901}, "cmdq": 3, "read": {"device_start": -1, "device_end": -1}}, "FFC_sans_bias24": {"write": {"device_start": -1, "host_queued_start": 1585661748.839332, "device_queued": -1, "device_end": -1, "host_queued_end": 1585661748.895174}, "device": "cpu", "nd_range": {"device_start": 2329525.316492888, "device_end": 2329525.440282002}, "cmdq": 3, "read": {"device_start": -1, "device_end": -1}}, "FFC_sans_bias25": {"write": {"device_start": -1, "host_queued_start": 1585661748.857064, "device_queued": -1, "device_end": -1, "host_queued_end": 1585661748.895174}, "device": "cpu", "nd_range": {"device_start": 2329525.880067265, "device_end": 2329526.012609466}, "cmdq": 2, "read": {"device_start": -1, "device_end": -1}}, "FFC_sans_bias27": {"write": {"device_start": -1, "host_queued_start": 1585661748.687987, "device_queued": -1, "device_end": -1, "host_queued_end": 1585661748.895174}, "device": "cpu", "nd_range": {"device_start": 2329523.412811925, "device_end": 2329523.53465633}, "cmdq": 0, "read": {"device_start": -1, "device_end": -1}}, "FFC_sans_bias20": {"write": {"device_start": -1, "host_queued_start": 1585661748.684479, "device_queued": -1, "device_end": -1, "host_queued_end": 1585661748.895174}, "device": "cpu", "nd_range": {"device_start": 2329523.33388194, "device_end": 2329523.561049473}, "cmdq": 3, "read": {"device_start": -1, "device_end": -1}}, "FFC_sans_bias22": {"write": {"device_start": -1, "host_queued_start": 1585661748.821461, "device_queued": -1, "device_end": -1, "host_queued_end": 1585661748.895174}, "device": "cpu", "nd_range": {"device_start": 2329524.686094668, "device_end": 2329524.787540146}, "cmdq": 1, "read": {"device_start": -1, "device_end": -1}}, "FFC_sans_bias130": {"write": {"device_start": -1, "host_queued_start": 1585661748.829115, "device_queued": -1, "device_end": -1, "host_queued_end": 1585661748.895174}, "device": "cpu", "nd_range": {"device_start": 2329525.0733765364, "device_end": 2329525.23588057}, "cmdq": 1, "read": {"device_start": -1, "device_end": -1}}, "FFC_sans_bias28": {"write": {"device_start": -1, "host_queued_start": 1585661748.69148, "device_queued": -1, "device_end": -1, "host_queued_end": 1585661748.895174}, "device": "cpu", "nd_range": {"device_start": 2329523.343961244, "device_end": 2329523.47076341}, "cmdq": 1, "read": {"device_start": -1, "device_end": -1}}, "FFC_sans_bias29": {"write": {"device_start": -1, "host_queued_start": 1585661748.69506, "device_queued": -1, "device_end": -1, "host_queued_end": 1585661748.895174}, "device": "cpu", "nd_range": {"device_start": 2329523.419321596, "device_end": 2329523.5476760613}, "cmdq": 2, "read": {"device_start": -1, "device_end": -1}}, "coalesced_transpose66": {"write": {"device_start": -1, "host_queued_start": 1585661748.81528, "device_queued": -1, "device_end": -1, "host_queued_end": 1585661748.895174}, "device": "cpu", "nd_range": {"device_start": 2329524.784589657, "device_end": 2329524.7855319083}, "cmdq": 3, "read": {"device_start": -1, "device_end": -1}}, "coalesced_transpose93": {"write": {"device_start": -1, "host_queued_start": 1585661748.817146, "device_queued": -1, "device_end": -1, "host_queued_end": 1585661748.895174}, "device": "cpu", "nd_range": {"device_start": 2329524.6368752033, "device_end": 2329524.638749279}, "cmdq": 2, "read": {"device_start": -1, "device_end": -1}}, "softmax23": {"write": {"device_start": -1, "host_queued_start": 1585661748.83076, "device_queued": -1, "device_end": -1, "host_queued_end": 1585661748.895174}, "device": "cpu", "nd_range": {"device_start": 2329525.285276663, "device_end": 2329525.286017985}, "cmdq": 0, "read": {"device_start": -1, "device_end": -1}}, "empty62": {"write": {"device_start": -1, "host_queued_start": 1585661748.631372, "device_queued": -1, "device_end": -1, "host_queued_end": 1585661748.895174}, "device": "cpu", "nd_range": {"device_start": 2329523.0848543732, "device_end": 2329523.08485533}, "cmdq": 2, "read": {"device_start": -1, "device_end": -1}}, "FFC_sans_bias10": {"write": {"device_start": -1, "host_queued_start": 1585661748.670383, "device_queued": -1, "device_end": -1, "host_queued_end": 1585661748.895174}, "device": "cpu", "nd_range": {"device_start": 2329523.2097288673, "device_end": 2329523.333661802}, "cmdq": 3, "read": {"device_start": -1, "device_end": -1}}, "FFC_sans_bias13": {"write": {"device_start": -1, "host_queued_start": 1585661748.820859, "device_queued": -1, "device_end": -1, "host_queued_end": 1585661748.895174}, "device": "cpu", "nd_range": {"device_start": 2329524.699270566, "device_end": 2329524.818180586}, "cmdq": 0, "read": {"device_start": -1, "device_end": -1}}, "FFC_sans_bias15": {"write": {"device_start": -1, "host_queued_start": 1585661748.83865, "device_queued": -1, "device_end": -1, "host_queued_end": 1585661748.895174}, "device": "cpu", "nd_range": {"device_start": 2329525.357909807, "device_end": 2329525.4848112334}, "cmdq": 2, "read": {"device_start": -1, "device_end": -1}}, "FFC_sans_bias16": {"write": {"device_start": -1, "host_queued_start": 1585661748.853883, "device_queued": -1, "device_end": -1, "host_queued_end": 1585661748.895174}, "device": "cpu", "nd_range": {"device_start": 2329525.943018944, "device_end": 2329526.077001368}, "cmdq": 1, "read": {"device_start": -1, "device_end": -1}}, "FFC_sans_bias19": {"write": {"device_start": -1, "host_queued_start": 1585661748.680974, "device_queued": -1, "device_end": -1, "host_queued_end": 1585661748.895174}, "device": "cpu", "nd_range": {"device_start": 2329523.251056809, "device_end": 2329523.419123434}, "cmdq": 2, "read": {"device_start": -1, "device_end": -1}}, "FFC_sans_bias18": {"write": {"device_start": -1, "host_queued_start": 1585661748.677421, "device_queued": -1, "device_end": -1, "host_queued_end": 1585661748.895174}, "device": "cpu", "nd_range": {"device_start": 2329523.2147693504, "device_end": 2329523.343744039}, "cmdq": 1, "read": {"device_start": -1, "device_end": -1}}, "FFC_sans_bias99": {"write": {"device_start": -1, "host_queued_start": 1585661748.772218, "device_queued": -1, "device_end": -1, "host_queued_end": 1585661748.895174}, "device": "cpu", "nd_range": {"device_start": 2329524.387032673, "device_end": 2329524.509988016}, "cmdq": 0, "read": {"device_start": -1, "device_end": -1}}, "FFC_sans_bias91": {"write": {"device_start": -1, "host_queued_start": 1585661748.765167, "device_queued": -1, "device_end": -1, "host_queued_end": 1585661748.895174}, "device": "cpu", "nd_range": {"device_start": 2329524.0692235273, "device_end": 2329524.212950828}, "cmdq": 2, "read": {"device_start": -1, "device_end": -1}}, "FFC_sans_bias90": {"write": {"device_start": -1, "host_queued_start": 1585661748.761702, "device_queued": -1, "device_end": -1, "host_queued_end": 1585661748.895174}, "device": "cpu", "nd_range": {"device_start": 2329523.982453585, "device_end": 2329524.109966154}, "cmdq": 1, "read": {"device_start": -1, "device_end": -1}}, "coalesced_transpose12": {"write": {"device_start": -1, "host_queued_start": 1585661748.811575, "device_queued": -1, "device_end": -1, "host_queued_end": 1585661748.895174}, "device": "cpu", "nd_range": {"device_start": 2329524.493046367, "device_end": 2329524.4939945303}, "cmdq": 1, "read": {"device_start": -1, "device_end": -1}}, "FFC_sans_bias94": {"write": {"device_start": -1, "host_queued_start": 1585661748.826553, "device_queued": -1, "device_end": -1, "host_queued_end": 1585661748.895174}, "device": "cpu", "nd_range": {"device_start": 2329524.92771665, "device_end": 2329525.073363341}, "cmdq": 1, "read": {"device_start": -1, "device_end": -1}}, "FFC_sans_bias97": {"write": {"device_start": -1, "host_queued_start": 1585661748.882385, "device_queued": -1, "device_end": -1, "host_queued_end": 1585661748.895174}, "device": "cpu", "nd_range": {"device_start": 2329526.145356773, "device_end": 2329526.27991499}, "cmdq": 2, "read": {"device_start": -1, "device_end": -1}}, "FFC_sans_bias96": {"write": {"device_start": -1, "host_queued_start": 1585661748.844439, "device_queued": -1, "device_end": -1, "host_queued_end": 1585661748.895174}, "device": "cpu", "nd_range": {"device_start": 2329525.5820062063, "device_end": 2329525.7119900184}, "cmdq": 3, "read": {"device_start": -1, "device_end": -1}}, "FFC_sans_bias124": {"write": {"device_start": -1, "host_queued_start": 1585661748.891968, "device_queued": -1, "device_end": -1, "host_queued_end": 1585661748.895174}, "device": "cpu", "nd_range": {"device_start": 2329526.367152863, "device_end": 2329526.4034922193}, "cmdq": 1, "read": {"device_start": -1, "device_end": -1}}, "FFC_sans_bias126": {"write": {"device_start": -1, "host_queued_start": 1585661748.807335, "device_queued": -1, "device_end": -1, "host_queued_end": 1585661748.895174}, "device": "cpu", "nd_range": {"device_start": 2329524.5307315714, "device_end": 2329524.63440706}, "cmdq": 2, "read": {"device_start": -1, "device_end": -1}}, "softmax32": {"write": {"device_start": -1, "host_queued_start": 1585661748.831302, "device_queued": -1, "device_end": -1, "host_queued_end": 1585661748.895174}, "device": "cpu", "nd_range": {"device_start": 2329525.235910653, "device_end": 2329525.236639981}, "cmdq": 1, "read": {"device_start": -1, "device_end": -1}}, "coalesced_transpose84": {"write": {"device_start": -1, "host_queued_start": 1585661748.816517, "device_queued": -1, "device_end": -1, "host_queued_end": 1585661748.895174}, "device": "cpu", "nd_range": {"device_start": 2329524.495353022, "device_end": 2329524.4963459442}, "cmdq": 1, "read": {"device_start": -1, "device_end": -1}}, "FFC_sans_bias121": {"write": {"device_start": -1, "host_queued_start": 1585661748.828427, "device_queued": -1, "device_end": -1, "host_queued_end": 1585661748.895174}, "device": "cpu", "nd_range": {"device_start": 2329525.1589531023, "device_end": 2329525.2852611863}, "cmdq": 0, "read": {"device_start": -1, "device_end": -1}}, "empty98": {"write": {"device_start": -1, "host_queued_start": 1585661748.642236, "device_queued": -1, "device_end": -1, "host_queued_end": 1585661748.895174}, "device": "cpu", "nd_range": {"device_start": 2329523.084861285, "device_end": 2329523.0848618774}, "cmdq": 2, "read": {"device_start": -1, "device_end": -1}}, "empty107": {"write": {"device_start": -1, "host_queued_start": 1585661748.64498, "device_queued": -1, "device_end": -1, "host_queued_end": 1585661748.895174}, "device": "cpu", "nd_range": {"device_start": 2329523.084874766, "device_end": 2329523.08487561}, "cmdq": 3, "read": {"device_start": -1, "device_end": -1}}, "empty17": {"write": {"device_start": -1, "host_queued_start": 1585661748.617186, "device_queued": -1, "device_end": -1, "host_queued_end": 1585661748.895174}, "device": "cpu", "nd_range": {"device_start": 2329523.0848178742, "device_end": 2329523.0848265593}, "cmdq": 1, "read": {"device_start": -1, "device_end": -1}}, "FFC_sans_bias87": {"write": {"device_start": -1, "host_queued_start": 1585661748.843712, "device_queued": -1, "device_end": -1, "host_queued_end": 1585661748.895174}, "device": "cpu", "nd_range": {"device_start": 2329525.614021778, "device_end": 2329525.747163978}, "cmdq": 2, "read": {"device_start": -1, "device_end": -1}}, "FFC_sans_bias85": {"write": {"device_start": -1, "host_queued_start": 1585661748.825964, "device_queued": -1, "device_end": -1, "host_queued_end": 1585661748.895174}, "device": "cpu", "nd_range": {"device_start": 2329524.936851567, "device_end": 2329525.1589257843}, "cmdq": 0, "read": {"device_start": -1, "device_end": -1}}, "FFC_sans_bias82": {"write": {"device_start": -1, "host_queued_start": 1585661748.754692, "device_queued": -1, "device_end": -1, "host_queued_end": 1585661748.895174}, "device": "cpu", "nd_range": {"device_start": 2329524.1762612932, "device_end": 2329524.300764819}, "cmdq": 3, "read": {"device_start": -1, "device_end": -1}}, "FFC_sans_bias83": {"write": {"device_start": -1, "host_queued_start": 1585661748.758195, "device_queued": -1, "device_end": -1, "host_queued_end": 1585661748.895174}, "device": "cpu", "nd_range": {"device_start": 2329524.247381598, "device_end": 2329524.386801787}, "cmdq": 0, "read": {"device_start": -1, "device_end": -1}}, "FFC_sans_bias81": {"write": {"device_start": -1, "host_queued_start": 1585661748.751135, "device_queued": -1, "device_end": -1, "host_queued_end": 1585661748.895174}, "device": "cpu", "nd_range": {"device_start": 2329523.940928014, "device_end": 2329524.069204505}, "cmdq": 2, "read": {"device_start": -1, "device_end": -1}}, "FFC_sans_bias88": {"write": {"device_start": -1, "host_queued_start": 1585661748.879232, "device_queued": -1, "device_end": -1, "host_queued_end": 1585661748.895174}, "device": "cpu", "nd_range": {"device_start": 2329526.2455903892, "device_end": 2329526.3671421153}, "cmdq": 1, "read": {"device_start": -1, "device_end": -1}}, "coalesced_transpose30": {"write": {"device_start": -1, "host_queued_start": 1585661748.812841, "device_queued": -1, "device_end": -1, "host_queued_end": 1585661748.895174}, "device": "cpu", "nd_range": {"device_start": 2329524.78321659, "device_end": 2329524.7844558433}, "cmdq": 3, "read": {"device_start": -1, "device_end": -1}}, "FFC_sans_bias128": {"write": {"device_start": -1, "host_queued_start": 1585661748.803847, "device_queued": -1, "device_end": -1, "host_queued_end": 1585661748.895174}, "device": "cpu", "nd_range": {"device_start": 2329524.365827272, "device_end": 2329524.492823578}, "cmdq": 1, "read": {"device_start": -1, "device_end": -1}}, "coalesced_transpose39": {"write": {"device_start": -1, "host_queued_start": 1585661748.813426, "device_queued": -1, "device_end": -1, "host_queued_end": 1585661748.895174}, "device": "cpu", "nd_range": {"device_start": 2329524.696650593, "device_end": 2329524.697508836}, "cmdq": 0, "read": {"device_start": -1, "device_end": -1}}, "FFC_sans_bias79": {"write": {"device_start": -1, "host_queued_start": 1585661748.876029, "device_queued": -1, "device_end": -1, "host_queued_end": 1585661748.895174}, "device": "cpu", "nd_range": {"device_start": 2329525.9509433433, "device_end": 2329526.07913073}, "cmdq": 0, "read": {"device_start": -1, "device_end": -1}}, "FFC_sans_bias78": {"write": {"device_start": -1, "host_queued_start": 1585661748.843114, "device_queued": -1, "device_end": -1, "host_queued_end": 1585661748.895174}, "device": "cpu", "nd_range": {"device_start": 2329525.504663532, "device_end": 2329525.70557746}, "cmdq": 1, "read": {"device_start": -1, "device_end": -1}}, "FFC_sans_bias73": {"write": {"device_start": -1, "host_queued_start": 1585661748.744141, "device_queued": -1, "device_end": -1, "host_queued_end": 1585661748.895174}, "device": "cpu", "nd_range": {"device_start": 2329523.99172845, "device_end": 2329524.247359842}, "cmdq": 0, "read": {"device_start": -1, "device_end": -1}}, "FFC_sans_bias72": {"write": {"device_start": -1, "host_queued_start": 1585661748.740706, "device_queued": -1, "device_end": -1, "host_queued_end": 1585661748.895174}, "device": "cpu", "nd_range": {"device_start": 2329524.052777824, "device_end": 2329524.176039956}, "cmdq": 3, "read": {"device_start": -1, "device_end": -1}}, "FFC_sans_bias70": {"write": {"device_start": -1, "host_queued_start": 1585661748.872954, "device_queued": -1, "device_end": -1, "host_queued_end": 1585661748.895174}, "device": "cpu", "nd_range": {"device_start": 2329526.0301752333, "device_end": 2329526.1995992423}, "cmdq": 3, "read": {"device_start": -1, "device_end": -1}}, "FFC_sans_bias76": {"write": {"device_start": -1, "host_queued_start": 1585661748.825288, "device_queued": -1, "device_end": -1, "host_queued_end": 1585661748.895174}, "device": "cpu", "nd_range": {"device_start": 2329525.072311052, "device_end": 2329525.198371326}, "cmdq": 3, "read": {"device_start": -1, "device_end": -1}}, "FFC_sans_bias74": {"write": {"device_start": -1, "host_queued_start": 1585661748.747637, "device_queued": -1, "device_end": -1, "host_queued_end": 1585661748.895174}, "device": "cpu", "nd_range": {"device_start": 2329523.854609244, "device_end": 2329523.982433724}, "cmdq": 1, "read": {"device_start": -1, "device_end": -1}}, "coalesced_transpose102": {"write": {"device_start": -1, "host_queued_start": 1585661748.817742, "device_queued": -1, "device_end": -1, "host_queued_end": 1585661748.895174}, "device": "cpu", "nd_range": {"device_start": 2329524.785667748, "device_end": 2329524.7866163943}, "cmdq": 3, "read": {"device_start": -1, "device_end": -1}}, "coalesced_transpose3": {"write": {"device_start": -1, "host_queued_start": 1585661748.810977, "device_queued": -1, "device_end": -1, "host_queued_end": 1585661748.895174}, "device": "cpu", "nd_range": {"device_start": 2329524.695764869, "device_end": 2329524.6966405152}, "cmdq": 0, "read": {"device_start": -1, "device_end": -1}}, "FFC_sans_bias127": {"write": {"device_start": -1, "host_queued_start": 1585661748.810604, "device_queued": -1, "device_end": -1, "host_queued_end": 1585661748.895174}, "device": "cpu", "nd_range": {"device_start": 2329524.6825770764, "device_end": 2329524.782994078}, "cmdq": 3, "read": {"device_start": -1, "device_end": -1}}, "empty89": {"write": {"device_start": -1, "host_queued_start": 1585661748.639528, "device_queued": -1, "device_end": -1, "host_queued_end": 1585661748.895174}, "device": "cpu", "nd_range": {"device_start": 2329523.084852191, "device_end": 2329523.084852967}, "cmdq": 1, "read": {"device_start": -1, "device_end": -1}}, "FFC_sans_bias123": {"write": {"device_start": -1, "host_queued_start": 1585661748.846382, "device_queued": -1, "device_end": -1, "host_queued_end": 1585661748.895174}, "device": "cpu", "nd_range": {"device_start": 2329525.747186589, "device_end": 2329525.880046702}, "cmdq": 2, "read": {"device_start": -1, "device_end": -1}}, "empty80": {"write": {"device_start": -1, "host_queued_start": 1585661748.636817, "device_queued": -1, "device_end": -1, "host_queued_end": 1585661748.895174}, "device": "cpu", "nd_range": {"device_start": 2329523.084851869, "device_end": 2329523.084852478}, "cmdq": 0, "read": {"device_start": -1, "device_end": -1}}, "empty116": {"write": {"device_start": -1, "host_queued_start": 1585661748.647713, "device_queued": -1, "device_end": -1, "host_queued_end": 1585661748.895174}, "device": "cpu", "nd_range": {"device_start": 2329523.0848567183, "device_end": 2329523.084857244}, "cmdq": 0, "read": {"device_start": -1, "device_end": -1}}, "softmax104": {"write": {"device_start": -1, "host_queued_start": 1585661748.835769, "device_queued": -1, "device_end": -1, "host_queued_end": 1585661748.895174}, "device": "cpu", "nd_range": {"device_start": 2329525.237401083, "device_end": 2329525.23813105}, "cmdq": 1, "read": {"device_start": -1, "device_end": -1}}, "coalesced_transpose21": {"write": {"device_start": -1, "host_queued_start": 1585661748.812251, "device_queued": -1, "device_end": -1, "host_queued_end": 1585661748.895174}, "device": "cpu", "nd_range": {"device_start": 2329524.6346320133, "device_end": 2329524.63557537}, "cmdq": 2, "read": {"device_start": -1, "device_end": -1}}, "softmax14": {"write": {"device_start": -1, "host_queued_start": 1585661748.830158, "device_queued": -1, "device_end": -1, "host_queued_end": 1585661748.895174}, "device": "cpu", "nd_range": {"device_start": 2329525.312979522, "device_end": 2329525.313720509}, "cmdq": 3, "read": {"device_start": -1, "device_end": -1}}, "FFC_sans_bias69": {"write": {"device_start": -1, "host_queued_start": 1585661748.842512, "device_queued": -1, "device_end": -1, "host_queued_end": 1585661748.895174}, "device": "cpu", "nd_range": {"device_start": 2329525.3594409074, "device_end": 2329525.565232687}, "cmdq": 0, "read": {"device_start": -1, "device_end": -1}}, "FFC_sans_bias92": {"write": {"device_start": -1, "host_queued_start": 1585661748.7687, "device_queued": -1, "device_end": -1, "host_queued_end": 1585661748.895174}, "device": "cpu", "nd_range": {"device_start": 2329524.300989416, "device_end": 2329524.478819672}, "cmdq": 3, "read": {"device_start": -1, "device_end": -1}}, "FFC_sans_bias60": {"write": {"device_start": -1, "host_queued_start": 1585661748.841832, "device_queued": -1, "device_end": -1, "host_queued_end": 1585661748.895174}, "device": "cpu", "nd_range": {"device_start": 2329525.440511358, "device_end": 2329525.581787136}, "cmdq": 3, "read": {"device_start": -1, "device_end": -1}}, "FFC_sans_bias61": {"write": {"device_start": -1, "host_queued_start": 1585661748.869791, "device_queued": -1, "device_end": -1, "host_queued_end": 1585661748.895174}, "device": "cpu", "nd_range": {"device_start": 2329526.0126244454, "device_end": 2329526.1453420813}, "cmdq": 2, "read": {"device_start": -1, "device_end": -1}}, "FFC_sans_bias63": {"write": {"device_start": -1, "host_queued_start": 1585661748.737165, "device_queued": -1, "device_end": -1, "host_queued_end": 1585661748.895174}, "device": "cpu", "nd_range": {"device_start": 2329523.809324337, "device_end": 2329523.9409070984}, "cmdq": 2, "read": {"device_start": -1, "device_end": -1}}, "FFC_sans_bias64": {"write": {"device_start": -1, "host_queued_start": 1585661748.730157, "device_queued": -1, "device_end": -1, "host_queued_end": 1585661748.895174}, "device": "cpu", "nd_range": {"device_start": 2329523.7803371013, "device_end": 2329523.9917090773}, "cmdq": 0, "read": {"device_start": -1, "device_end": -1}}, "FFC_sans_bias65": {"write": {"device_start": -1, "host_queued_start": 1585661748.733661, "device_queued": -1, "device_end": -1, "host_queued_end": 1585661748.895174}, "device": "cpu", "nd_range": {"device_start": 2329523.726738361, "device_end": 2329523.854586385}, "cmdq": 1, "read": {"device_start": -1, "device_end": -1}}, "FFC_sans_bias67": {"write": {"device_start": -1, "host_queued_start": 1585661748.824606, "device_queued": -1, "device_end": -1, "host_queued_end": 1585661748.895174}, "device": "cpu", "nd_range": {"device_start": 2329524.939692954, "device_end": 2329525.067514099}, "cmdq": 2, "read": {"device_start": -1, "device_end": -1}}, "coalesced_transpose111": {"write": {"device_start": -1, "host_queued_start": 1585661748.818311, "device_queued": -1, "device_end": -1, "host_queued_end": 1585661748.895174}, "device": "cpu", "nd_range": {"device_start": 2329524.698393214, "device_end": 2329524.699263073}, "cmdq": 0, "read": {"device_start": -1, "device_end": -1}}, "FFC_sans_bias136": {"write": {"device_start": 1585661681.1203616, "host_queued_start": 1585661748.598533, "device_queued": 1585661681.1199758, "device_end": 1585661681.120623, "host_queued_end": 1585661748.610525}, "device": "gpu", "nd_range": {"device_start": 1585661681.120987, "device_end": 1585661681.1243682}, "cmdq": 1, "read": {"device_start": -1, "device_end": -1}}, "FFC_sans_bias135": {"write": {"device_start": 1585661681.1210227, "host_queued_start": 1585661748.605611, "device_queued": 1585661681.1206436, "device_end": 1585661681.1211238, "host_queued_end": 1585661748.610525}, "device": "gpu", "nd_range": {"device_start": 1585661681.1212888, "device_end": 1585661681.1309896}, "cmdq": 3, "read": {"device_start": -1, "device_end": -1}}, "FFC_sans_bias133": {"write": {"device_start": -1, "host_queued_start": 1585661748.895118, "device_queued": -1, "device_end": -1, "host_queued_end": 1585661748.895174}, "device": "cpu", "nd_range": {"device_start": 2329526.279930727, "device_end": 2329526.3582196133}, "cmdq": 2, "read": {"device_start": -1, "device_end": -1}}, "FFC_sans_bias132": {"write": {"device_start": -1, "host_queued_start": 1585661748.846979, "device_queued": -1, "device_end": -1, "host_queued_end": 1585661748.895174}, "device": "cpu", "nd_range": {"device_start": 2329525.712187097, "device_end": 2329525.840916348}, "cmdq": 3, "read": {"device_start": -1, "device_end": -1}}, "softmax68": {"write": {"device_start": -1, "host_queued_start": 1585661748.833486, "device_queued": -1, "device_end": -1, "host_queued_end": 1585661748.895174}, "device": "cpu", "nd_range": {"device_start": 2329525.236650737, "device_end": 2329525.237392533}, "cmdq": 1, "read": {"device_start": -1, "device_end": -1}}, "softmax131": {"write": {"device_start": -1, "host_queued_start": 1585661748.837436, "device_queued": -1, "device_end": -1, "host_queued_end": 1585661748.895174}, "device": "cpu", "nd_range": {"device_start": 2329525.2875198233, "device_end": 2329525.2952065133}, "cmdq": 0, "read": {"device_start": -1, "device_end": -1}}, "empty125": {"write": {"device_start": -1, "host_queued_start": 1585661748.650417, "device_queued": -1, "device_end": -1, "host_queued_end": 1585661748.895174}, "device": "cpu", "nd_range": {"device_start": 2329523.084858166, "device_end": 2329523.084858872}, "cmdq": 1, "read": {"device_start": -1, "device_end": -1}}, "FFC_sans_bias139": {"write": {"device_start": -1, "host_queued_start": 1585661748.606309, "device_queued": -1, "device_end": -1, "host_queued_end": 1585661748.610525}, "device": "gpu", "nd_range": {"device_start": 1585661681.130995, "device_end": 1585661681.1343465}, "cmdq": 1, "read": {"device_start": -1, "device_end": -1}}, "empty35": {"write": {"device_start": -1, "host_queued_start": 1585661748.623043, "device_queued": -1, "device_end": -1, "host_queued_end": 1585661748.895174}, "device": "cpu", "nd_range": {"device_start": 2329523.084861853, "device_end": 2329523.0848625293}, "cmdq": 3, "read": {"device_start": -1, "device_end": -1}}, "softmax86": {"write": {"device_start": -1, "host_queued_start": 1585661748.834635, "device_queued": -1, "device_end": -1, "host_queued_end": 1585661748.895174}, "device": "cpu", "nd_range": {"device_start": 2329525.314756621, "device_end": 2329525.3154762243}, "cmdq": 3, "read": {"device_start": -1, "device_end": -1}}, "FFC_sans_bias55": {"write": {"device_start": -1, "host_queued_start": 1585661748.72665, "device_queued": -1, "device_end": -1, "host_queued_end": 1585661748.895174}, "device": "cpu", "nd_range": {"device_start": 2329523.929074914, "device_end": 2329524.0525701824}, "cmdq": 3, "read": {"device_start": -1, "device_end": -1}}, "FFC_sans_bias54": {"write": {"device_start": -1, "host_queued_start": 1585661748.7231, "device_queued": -1, "device_end": -1, "host_queued_end": 1585661748.895174}, "device": "cpu", "nd_range": {"device_start": 2329523.6792621803, "device_end": 2329523.809306101}, "cmdq": 2, "read": {"device_start": -1, "device_end": -1}}, "FFC_sans_bias56": {"write": {"device_start": -1, "host_queued_start": 1585661748.719603, "device_queued": -1, "device_end": -1, "host_queued_end": 1585661748.895174}, "device": "cpu", "nd_range": {"device_start": 2329523.5982939512, "device_end": 2329523.726710863}, "cmdq": 1, "read": {"device_start": -1, "device_end": -1}}, "FFC_sans_bias51": {"write": {"device_start": -1, "host_queued_start": 1585661748.841229, "device_queued": -1, "device_end": -1, "host_queued_end": 1585661748.895174}, "device": "cpu", "nd_range": {"device_start": 2329525.484834845, "device_end": 2329525.6139999}, "cmdq": 2, "read": {"device_start": -1, "device_end": -1}}, "FFC_sans_bias52": {"write": {"device_start": -1, "host_queued_start": 1585661748.866562, "device_queued": -1, "device_end": -1, "host_queued_end": 1585661748.895174}, "device": "cpu", "nd_range": {"device_start": 2329526.077015973, "device_end": 2329526.245574774}, "cmdq": 1, "read": {"device_start": -1, "device_end": -1}}, "FFC_sans_bias58": {"write": {"device_start": -1, "host_queued_start": 1585661748.824012, "device_queued": -1, "device_end": -1, "host_queued_end": 1585661748.895174}, "device": "cpu", "nd_range": {"device_start": 2329524.787551953, "device_end": 2329524.927692926}, "cmdq": 1, "read": {"device_start": -1, "device_end": -1}}, "FFC_sans_bias108": {"write": {"device_start": -1, "host_queued_start": 1585661748.782828, "device_queued": -1, "device_end": -1, "host_queued_end": 1585661748.895174}, "device": "cpu", "nd_range": {"device_start": 2329524.480468227, "device_end": 2329524.578753096}, "cmdq": 3, "read": {"device_start": -1, "device_end": -1}}, "FFC_sans_bias109": {"write": {"device_start": -1, "host_queued_start": 1585661748.786295, "device_queued": -1, "device_end": -1, "host_queued_end": 1585661748.895174}, "device": "cpu", "nd_range": {"device_start": 2329524.510187147, "device_end": 2329524.6177460263}, "cmdq": 0, "read": {"device_start": -1, "device_end": -1}}, "coalesced_transpose129": {"write": {"device_start": -1, "host_queued_start": 1585661748.819564, "device_queued": -1, "device_end": -1, "host_queued_end": 1585661748.895174}, "device": "cpu", "nd_range": {"device_start": 2329524.783216619, "device_end": 2329524.784267113}, "cmdq": 2, "read": {"device_start": -1, "device_end": -1}}, "FFC_sans_bias103": {"write": {"device_start": -1, "host_queued_start": 1585661748.827157, "device_queued": -1, "device_end": -1, "host_queued_end": 1585661748.895174}, "device": "cpu", "nd_range": {"device_start": 2329525.067536551, "device_end": 2329525.1961244703}, "cmdq": 2, "read": {"device_start": -1, "device_end": -1}}, "FFC_sans_bias100": {"write": {"device_start": -1, "host_queued_start": 1585661748.775823, "device_queued": -1, "device_end": -1, "host_queued_end": 1585661748.895174}, "device": "cpu", "nd_range": {"device_start": 2329524.109987528, "device_end": 2329524.238578436}, "cmdq": 1, "read": {"device_start": -1, "device_end": -1}}, "FFC_sans_bias101": {"write": {"device_start": -1, "host_queued_start": 1585661748.779345, "device_queued": -1, "device_end": -1, "host_queued_end": 1585661748.895174}, "device": "cpu", "nd_range": {"device_start": 2329524.212972336, "device_end": 2329524.3991073263}, "cmdq": 2, "read": {"device_start": -1, "device_end": -1}}, "FFC_sans_bias106": {"write": {"device_start": -1, "host_queued_start": 1585661748.885592, "device_queued": -1, "device_end": -1, "host_queued_end": 1585661748.895174}, "device": "cpu", "nd_range": {"device_start": 2329526.199620124, "device_end": 2329526.32827062}, "cmdq": 3, "read": {"device_start": -1, "device_end": -1}}, "softmax122": {"write": {"device_start": -1, "host_queued_start": 1585661748.836829, "device_queued": -1, "device_end": -1, "host_queued_end": 1585661748.895174}, "device": "cpu", "nd_range": {"device_start": 2329525.3156157914, "device_end": 2329525.316353396}, "cmdq": 3, "read": {"device_start": -1, "device_end": -1}}, "FFC_sans_bias105": {"write": {"device_start": -1, "host_queued_start": 1585661748.845038, "device_queued": -1, "device_end": -1, "host_queued_end": 1585661748.895174}, "device": "cpu", "nd_range": {"device_start": 2329525.565259322, "device_end": 2329525.693812665}, "cmdq": 0, "read": {"device_start": -1, "device_end": -1}}, "softmax95": {"write": {"device_start": -1, "host_queued_start": 1585661748.835164, "device_queued": -1, "device_end": -1, "host_queued_end": 1585661748.895174}, "device": "cpu", "nd_range": {"device_start": 2329525.286761058, "device_end": 2329525.2875105874}, "cmdq": 0, "read": {"device_start": -1, "device_end": -1}}, "coalesced_transpose57": {"write": {"device_start": -1, "host_queued_start": 1585661748.814689, "device_queued": -1, "device_end": -1, "host_queued_end": 1585661748.895174}, "device": "cpu", "nd_range": {"device_start": 2329524.6357545312, "device_end": 2329524.6367200413}, "cmdq": 2, "read": {"device_start": -1, "device_end": -1}}, "empty26": {"write": {"device_start": -1, "host_queued_start": 1585661748.620036, "device_queued": -1, "device_end": -1, "host_queued_end": 1585661748.895174}, "device": "cpu", "nd_range": {"device_start": 2329523.084834351, "device_end": 2329523.084838447}, "cmdq": 2, "read": {"device_start": -1, "device_end": -1}}, "softmax113": {"write": {"device_start": -1, "host_queued_start": 1585661748.836301, "device_queued": -1, "device_end": -1, "host_queued_end": 1585661748.895174}, "device": "cpu", "nd_range": {"device_start": 2329525.3571336414, "device_end": 2329525.3578815763}, "cmdq": 2, "read": {"device_start": -1, "device_end": -1}}, "FFC_sans_bias11": {"write": {"device_start": -1, "host_queued_start": 1585661748.673878, "device_queued": -1, "device_end": -1, "host_queued_end": 1585661748.895174}, "device": "cpu", "nd_range": {"device_start": 2329523.290409102, "device_end": 2329523.41279259}, "cmdq": 0, "read": {"device_start": -1, "device_end": -1}}, "FFC_sans_bias42": {"write": {"device_start": -1, "host_queued_start": 1585661748.840614, "device_queued": -1, "device_end": -1, "host_queued_end": 1585661748.895174}, "device": "cpu", "nd_range": {"device_start": 2329525.375335663, "device_end": 2329525.504643139}, "cmdq": 1, "read": {"device_start": -1, "device_end": -1}}, "FFC_sans_bias43": {"write": {"device_start": -1, "host_queued_start": 1585661748.863409, "device_queued": -1, "device_end": -1, "host_queued_end": 1585661748.895174}, "device": "cpu", "nd_range": {"device_start": 2329525.822493106, "device_end": 2329525.950933877}, "cmdq": 0, "read": {"device_start": -1, "device_end": -1}}, "FFC_sans_bias40": {"write": {"device_start": -1, "host_queued_start": 1585661748.822739, "device_queued": -1, "device_end": -1, "host_queued_end": 1585661748.895174}, "device": "cpu", "nd_range": {"device_start": 2329524.947313533, "device_end": 2329525.072128123}, "cmdq": 3, "read": {"device_start": -1, "device_end": -1}}, "FFC_sans_bias46": {"write": {"device_start": -1, "host_queued_start": 1585661748.712585, "device_queued": -1, "device_end": -1, "host_queued_end": 1585661748.895174}, "device": "cpu", "nd_range": {"device_start": 2329523.805895699, "device_end": 2329523.9290530123}, "cmdq": 3, "read": {"device_start": -1, "device_end": -1}}, "FFC_sans_bias47": {"write": {"device_start": -1, "host_queued_start": 1585661748.7161, "device_queued": -1, "device_end": -1, "host_queued_end": 1585661748.895174}, "device": "cpu", "nd_range": {"device_start": 2329523.657201974, "device_end": 2329523.7803187193}, "cmdq": 0, "read": {"device_start": -1, "device_end": -1}}, "FFC_sans_bias45": {"write": {"device_start": -1, "host_queued_start": 1585661748.709103, "device_queued": -1, "device_end": -1, "host_queued_end": 1585661748.895174}, "device": "cpu", "nd_range": {"device_start": 2329523.547887158, "device_end": 2329523.6790102213}, "cmdq": 2, "read": {"device_start": -1, "device_end": -1}}, "FFC_sans_bias49": {"write": {"device_start": -1, "host_queued_start": 1585661748.823334, "device_queued": -1, "device_end": -1, "host_queued_end": 1585661748.895174}, "device": "cpu", "nd_range": {"device_start": 2329524.8181983433, "device_end": 2329524.936836216}, "cmdq": 0, "read": {"device_start": -1, "device_end": -1}}, "softmax77": {"write": {"device_start": -1, "host_queued_start": 1585661748.834041, "device_queued": -1, "device_end": -1, "host_queued_end": 1585661748.895174}, "device": "cpu", "nd_range": {"device_start": 2329525.2619280634, "device_end": 2329525.262733222}, "cmdq": 2, "read": {"device_start": -1, "device_end": -1}}, "empty134": {"write": {"device_start": -1, "host_queued_start": 1585661748.653197, "device_queued": -1, "device_end": -1, "host_queued_end": 1585661748.895174}, "device": "cpu", "nd_range": {"device_start": 2329523.084866656, "device_end": 2329523.0848672963}, "cmdq": 2, "read": {"device_start": -1, "device_end": -1}}, "coalesced_transpose138": {"write": {"device_start": -1, "host_queued_start": 1585661748.60599, "device_queued": -1, "device_end": -1, "host_queued_end": 1585661748.610525}, "device": "gpu", "nd_range": {"device_start": 1585661681.124372, "device_end": 1585661681.1308227}, "cmdq": 0, "read": {"device_start": -1, "device_end": -1}}, "FFC_sans_bias119": {"write": {"device_start": -1, "host_queued_start": 1585661748.800368, "device_queued": -1, "device_end": -1, "host_queued_end": 1585661748.895174}, "device": "cpu", "nd_range": {"device_start": 2329524.617972903, "device_end": 2329524.695744045}, "cmdq": 0, "read": {"device_start": -1, "device_end": -1}}, "FFC_sans_bias118": {"write": {"device_start": -1, "host_queued_start": 1585661748.796861, "device_queued": -1, "device_end": -1, "host_queued_end": 1585661748.895174}, "device": "cpu", "nd_range": {"device_start": 2329524.581293731, "device_end": 2329524.6823837804}, "cmdq": 3, "read": {"device_start": -1, "device_end": -1}}, "empty143": {"write": {"device_start": 1585661681.1200147, "host_queued_start": 1585661748.594804, "device_queued": 1585661681.1196895, "device_end": 1585661681.1202183, "host_queued_end": 1585661748.610525}, "device": "gpu", "nd_range": {"device_start": 1585661681.1202269, "device_end": 1585661681.1202316}, "cmdq": 0, "read": {"device_start": -1, "device_end": -1}}, "FFC_sans_bias115": {"write": {"device_start": -1, "host_queued_start": 1585661748.888808, "device_queued": -1, "device_end": -1, "host_queued_end": 1585661748.895174}, "device": "cpu", "nd_range": {"device_start": 2329526.0791362263, "device_end": 2329526.304311846}, "cmdq": 0, "read": {"device_start": -1, "device_end": -1}}, "FFC_sans_bias114": {"write": {"device_start": -1, "host_queued_start": 1585661748.845699, "device_queued": -1, "device_end": -1, "host_queued_end": 1585661748.895174}, "device": "cpu", "nd_range": {"device_start": 2329525.705599641, "device_end": 2329525.942782327}, "cmdq": 1, "read": {"device_start": -1, "device_end": -1}}, "FFC_sans_bias117": {"write": {"device_start": -1, "host_queued_start": 1585661748.793375, "device_queued": -1, "device_end": -1, "host_queued_end": 1585661748.895174}, "device": "cpu", "nd_range": {"device_start": 2329524.3993480112, "device_end": 2329524.530506413}, "cmdq": 2, "read": {"device_start": -1, "device_end": -1}}, "softmax5": {"write": {"device_start": -1, "host_queued_start": 1585661748.829636, "device_queued": -1, "device_end": -1, "host_queued_end": 1585661748.895174}, "device": "cpu", "nd_range": {"device_start": 2329525.196171414, "device_end": 2329525.197038548}, "cmdq": 2, "read": {"device_start": -1, "device_end": -1}}, "FFC_sans_bias110": {"write": {"device_start": -1, "host_queued_start": 1585661748.789853, "device_queued": -1, "device_end": -1, "host_queued_end": 1585661748.895174}, "device": "cpu", "nd_range": {"device_start": 2329524.238599107, "device_end": 2329524.365804883}, "cmdq": 1, "read": {"device_start": -1, "device_end": -1}}, "FFC_sans_bias112": {"write": {"device_start": -1, "host_queued_start": 1585661748.82783, "device_queued": -1, "device_end": -1, "host_queued_end": 1585661748.895174}, "device": "cpu", "nd_range": {"device_start": 2329525.198559281, "device_end": 2329525.312767752}, "cmdq": 3, "read": {"device_start": -1, "device_end": -1}}, "empty53": {"write": {"device_start": -1, "host_queued_start": 1585661748.628596, "device_queued": -1, "device_end": -1, "host_queued_end": 1585661748.895174}, "device": "cpu", "nd_range": {"device_start": 2329523.0848456733, "device_end": 2329523.084846918}, "cmdq": 1, "read": {"device_start": -1, "device_end": -1}}, "coalesced_transpose48": {"write": {"device_start": -1, "host_queued_start": 1585661748.814083, "device_queued": -1, "device_end": -1, "host_queued_end": 1585661748.895174}, "device": "cpu", "nd_range": {"device_start": 2329524.4941656883, "device_end": 2329524.495186612}, "cmdq": 1, "read": {"device_start": -1, "device_end": -1}}}