{"FFC_sans_bias4": {"write": {"device_start": -1, "host_queued_start": 1585660592.079915, "device_queued": -1, "device_end": -1, "host_queued_end": 1585660592.150721}, "device": "cpu", "nd_range": {"device_start": 2328368.8720195033, "device_end": 2328369.1075953003}, "cmdq": 0, "read": {"device_start": -1, "device_end": -1}}, "FFC_sans_bias7": {"write": {"device_start": -1, "host_queued_start": 1585660592.108726, "device_queued": -1, "device_end": -1, "host_queued_end": 1585660592.150721}, "device": "cpu", "nd_range": {"device_start": 2328369.785978392, "device_end": 2328369.844941869}, "cmdq": 0, "read": {"device_start": -1, "device_end": -1}}, "FFC_sans_bias6": {"write": {"device_start": -1, "host_queued_start": 1585660592.096921, "device_queued": -1, "device_end": -1, "host_queued_end": 1585660592.150721}, "device": "cpu", "nd_range": {"device_start": 2328369.4342132113, "device_end": 2328369.547550287}, "cmdq": 0, "read": {"device_start": -1, "device_end": -1}}, "FFC_sans_bias1": {"write": {"device_start": -1, "host_queued_start": 1585660591.921893, "device_queued": -1, "device_end": -1, "host_queued_end": 1585660592.150721}, "device": "cpu", "nd_range": {"device_start": 2328366.342429407, "device_end": 2328366.4653215283}, "cmdq": 1, "read": {"device_start": -1, "device_end": -1}}, "FFC_sans_bias0": {"write": {"device_start": -1, "host_queued_start": 1585660591.918376, "device_queued": -1, "device_end": -1, "host_queued_end": 1585660592.150721}, "device": "cpu", "nd_range": {"device_start": 2328366.3404262513, "device_end": 2328366.586844718}, "cmdq": 0, "read": {"device_start": -1, "device_end": -1}}, "FFC_sans_bias2": {"write": {"device_start": -1, "host_queued_start": 1585660591.925404, "device_queued": -1, "device_end": -1, "host_queued_end": 1585660592.150721}, "device": "cpu", "nd_range": {"device_start": 2328366.340443553, "device_end": 2328366.463684569}, "cmdq": 2, "read": {"device_start": -1, "device_end": -1}}, "coalesced_transpose120": {"write": {"device_start": -1, "host_queued_start": 1585660592.078744, "device_queued": -1, "device_end": -1, "host_queued_end": 1585660592.150721}, "device": "cpu", "nd_range": {"device_start": 2328368.866106879, "device_end": 2328368.867045279}, "cmdq": 3, "read": {"device_start": -1, "device_end": -1}}, "FFC_sans_bias9": {"write": {"device_start": -1, "host_queued_start": 1585660591.928882, "device_queued": -1, "device_end": -1, "host_queued_end": 1585660592.150721}, "device": "cpu", "nd_range": {"device_start": 2328366.3404679243, "device_end": 2328366.464718473}, "cmdq": 3, "read": {"device_start": -1, "device_end": -1}}, "empty71": {"write": {"device_start": -1, "host_queued_start": 1585660591.897174, "device_queued": -1, "device_end": -1, "host_queued_end": 1585660592.150721}, "device": "cpu", "nd_range": {"device_start": 2328366.340432031, "device_end": 2328366.340432748}, "cmdq": 2, "read": {"device_start": -1, "device_end": -1}}, "softmax41": {"write": {"device_start": -1, "host_queued_start": 1585660592.091021, "device_queued": -1, "device_end": -1, "host_queued_end": 1585660592.150721}, "device": "cpu", "nd_range": {"device_start": 2328368.4051265693, "device_end": 2328368.405847071}, "cmdq": 4, "read": {"device_start": -1, "device_end": -1}}, "FFC_sans_bias37": {"write": {"device_start": -1, "host_queued_start": 1585660591.963312, "device_queued": -1, "device_end": -1, "host_queued_end": 1585660592.150721}, "device": "cpu", "nd_range": {"device_start": 2328366.587933253, "device_end": 2328366.7119615884}, "cmdq": 3, "read": {"device_start": -1, "device_end": -1}}, "FFC_sans_bias36": {"write": {"device_start": -1, "host_queued_start": 1585660591.95999, "device_queued": -1, "device_end": -1, "host_queued_end": 1585660592.150721}, "device": "cpu", "nd_range": {"device_start": 2328366.5910103903, "device_end": 2328366.7592960973}, "cmdq": 2, "read": {"device_start": -1, "device_end": -1}}, "FFC_sans_bias34": {"write": {"device_start": -1, "host_queued_start": 1585660592.117663, "device_queued": -1, "device_end": -1, "host_queued_end": 1585660592.150721}, "device": "cpu", "nd_range": {"device_start": 2328369.647107411, "device_end": 2328369.751280553}, "cmdq": 3, "read": {"device_start": -1, "device_end": -1}}, "FFC_sans_bias33": {"write": {"device_start": -1, "host_queued_start": 1585660592.098709, "device_queued": -1, "device_end": -1, "host_queued_end": 1585660592.150721}, "device": "cpu", "nd_range": {"device_start": 2328369.234793635, "device_end": 2328369.36824259}, "cmdq": 3, "read": {"device_start": -1, "device_end": -1}}, "FFC_sans_bias31": {"write": {"device_start": -1, "host_queued_start": 1585660592.081701, "device_queued": -1, "device_end": -1, "host_queued_end": 1585660592.150721}, "device": "cpu", "nd_range": {"device_start": 2328368.8672164353, "device_end": 2328368.996201227}, "cmdq": 3, "read": {"device_start": -1, "device_end": -1}}, "FFC_sans_bias38": {"write": {"device_start": -1, "host_queued_start": 1585660591.966826, "device_queued": -1, "device_end": -1, "host_queued_end": 1585660592.150721}, "device": "cpu", "nd_range": {"device_start": 2328366.925316764, "device_end": 2328367.0477242223}, "cmdq": 4, "read": {"device_start": -1, "device_end": -1}}, "coalesced_transpose75": {"write": {"device_start": -1, "host_queued_start": 1585660592.07582, "device_queued": -1, "device_end": -1, "host_queued_end": 1585660592.150721}, "device": "cpu", "nd_range": {"device_start": 2328368.823279965, "device_end": 2328368.82427615}, "cmdq": 3, "read": {"device_start": -1, "device_end": -1}}, "softmax140": {"write": {"device_start": -1, "host_queued_start": 1585660591.870787, "device_queued": -1, "device_end": -1, "host_queued_end": 1585660591.874487}, "device": "gpu", "nd_range": {"device_start": 1585660524.429278, "device_end": 1585660524.4297018}, "cmdq": 0, "read": {"device_start": -1, "device_end": -1}}, "empty44": {"write": {"device_start": -1, "host_queued_start": 1585660591.889082, "device_queued": -1, "device_end": -1, "host_queued_end": 1585660592.150721}, "device": "cpu", "nd_range": {"device_start": 2328366.5870830803, "device_end": 2328366.5870889244}, "cmdq": 4, "read": {"device_start": -1, "device_end": -1}}, "FFC_sans_bias137": {"write": {"device_start": 1585660524.4186633, "host_queued_start": 1585660591.866444, "device_queued": 1585660524.4147415, "device_end": 1585660524.4187577, "host_queued_end": 1585660591.874487}, "device": "gpu", "nd_range": {"device_start": 1585660524.4187605, "device_end": 1585660524.4221056}, "cmdq": 0, "read": {"device_start": -1, "device_end": -1}}, "empty8": {"write": {"device_start": -1, "host_queued_start": 1585660591.878097, "device_queued": -1, "device_end": -1, "host_queued_end": 1585660592.150721}, "device": "cpu", "nd_range": {"device_start": 2328366.340376106, "device_end": 2328366.3403852424}, "cmdq": 0, "read": {"device_start": -1, "device_end": -1}}, "softmax50": {"write": {"device_start": -1, "host_queued_start": 1585660592.091538, "device_queued": -1, "device_end": -1, "host_queued_end": 1585660592.150721}, "device": "cpu", "nd_range": {"device_start": 2328369.43242446, "device_end": 2328369.433163317}, "cmdq": 0, "read": {"device_start": -1, "device_end": -1}}, "softmax59": {"write": {"device_start": -1, "host_queued_start": 1585660592.092071, "device_queued": -1, "device_end": -1, "host_queued_end": 1585660592.150721}, "device": "cpu", "nd_range": {"device_start": 2328369.040960472, "device_end": 2328369.04169587}, "cmdq": 1, "read": {"device_start": -1, "device_end": -1}}, "FFC_sans_bias142": {"write": {"device_start": 1585660524.4333925, "host_queued_start": 1585660591.874359, "device_queued": 1585660524.415633, "device_end": 1585660524.4334931, "host_queued_end": 1585660591.874487}, "device": "gpu", "nd_range": {"device_start": 1585660524.4334958, "device_end": 1585660524.4368157}, "cmdq": 0, "read": {"device_start": 1585660524.4368188, "device_end": 1585660524.4369037}}, "FFC_sans_bias141": {"write": {"device_start": -1, "host_queued_start": 1585660591.871103, "device_queued": -1, "device_end": -1, "host_queued_end": 1585660591.874487}, "device": "gpu", "nd_range": {"device_start": 1585660524.4297028, "device_end": 1585660524.433042}, "cmdq": 0, "read": {"device_start": -1, "device_end": -1}}, "FFC_sans_bias24": {"write": {"device_start": -1, "host_queued_start": 1585660592.098108, "device_queued": -1, "device_end": -1, "host_queued_end": 1585660592.150721}, "device": "cpu", "nd_range": {"device_start": 2328367.969171454, "device_end": 2328368.099967578}, "cmdq": 2, "read": {"device_start": -1, "device_end": -1}}, "FFC_sans_bias25": {"write": {"device_start": -1, "host_queued_start": 1585660592.114697, "device_queued": -1, "device_end": -1, "host_queued_end": 1585660592.150721}, "device": "cpu", "nd_range": {"device_start": 2328368.432288405, "device_end": 2328368.562736576}, "cmdq": 2, "read": {"device_start": -1, "device_end": -1}}, "FFC_sans_bias27": {"write": {"device_start": -1, "host_queued_start": 1585660591.949724, "device_queued": -1, "device_end": -1, "host_queued_end": 1585660592.150721}, "device": "cpu", "nd_range": {"device_start": 2328366.710466954, "device_end": 2328366.925301453}, "cmdq": 4, "read": {"device_start": -1, "device_end": -1}}, "FFC_sans_bias20": {"write": {"device_start": -1, "host_queued_start": 1585660591.946275, "device_queued": -1, "device_end": -1, "host_queued_end": 1585660592.150721}, "device": "cpu", "nd_range": {"device_start": 2328366.464731818, "device_end": 2328366.587784056}, "cmdq": 3, "read": {"device_start": -1, "device_end": -1}}, "FFC_sans_bias22": {"write": {"device_start": -1, "host_queued_start": 1585660592.081104, "device_queued": -1, "device_end": -1, "host_queued_end": 1585660592.150721}, "device": "cpu", "nd_range": {"device_start": 2328367.577031143, "device_end": 2328367.706058733}, "cmdq": 2, "read": {"device_start": -1, "device_end": -1}}, "FFC_sans_bias130": {"write": {"device_start": -1, "host_queued_start": 1585660592.088398, "device_queued": -1, "device_end": -1, "host_queued_end": 1585660592.150721}, "device": "cpu", "nd_range": {"device_start": 2328368.28210682, "device_end": 2328368.404894095}, "cmdq": 4, "read": {"device_start": -1, "device_end": -1}}, "FFC_sans_bias28": {"write": {"device_start": -1, "host_queued_start": 1585660591.953233, "device_queued": -1, "device_end": -1, "host_queued_end": 1585660592.150721}, "device": "cpu", "nd_range": {"device_start": 2328367.845863842, "device_end": 2328367.97065863}, "cmdq": 0, "read": {"device_start": -1, "device_end": -1}}, "FFC_sans_bias29": {"write": {"device_start": -1, "host_queued_start": 1585660591.956685, "device_queued": -1, "device_end": -1, "host_queued_end": 1585660592.150721}, "device": "cpu", "nd_range": {"device_start": 2328366.5882368223, "device_end": 2328366.760932437}, "cmdq": 1, "read": {"device_start": -1, "device_end": -1}}, "coalesced_transpose66": {"write": {"device_start": -1, "host_queued_start": 1585660592.075241, "device_queued": -1, "device_end": -1, "host_queued_end": 1585660592.150721}, "device": "cpu", "nd_range": {"device_start": 2328367.574817255, "device_end": 2328367.5760499733}, "cmdq": 2, "read": {"device_start": -1, "device_end": -1}}, "coalesced_transpose93": {"write": {"device_start": -1, "host_queued_start": 1585660592.076977, "device_queued": -1, "device_end": -1, "host_queued_end": 1585660592.150721}, "device": "cpu", "nd_range": {"device_start": 2328368.8614322743, "device_end": 2328368.862374661}, "cmdq": 0, "read": {"device_start": -1, "device_end": -1}}, "softmax23": {"write": {"device_start": -1, "host_queued_start": 1585660592.089973, "device_queued": -1, "device_end": -1, "host_queued_end": 1585660592.150721}, "device": "cpu", "nd_range": {"device_start": 2328367.966434374, "device_end": 2328367.967188708}, "cmdq": 2, "read": {"device_start": -1, "device_end": -1}}, "empty62": {"write": {"device_start": -1, "host_queued_start": 1585660591.894553, "device_queued": -1, "device_end": -1, "host_queued_end": 1585660592.150721}, "device": "cpu", "nd_range": {"device_start": 2328366.3404114624, "device_end": 2328366.340412756}, "cmdq": 1, "read": {"device_start": -1, "device_end": -1}}, "FFC_sans_bias10": {"write": {"device_start": -1, "host_queued_start": 1585660591.932351, "device_queued": -1, "device_end": -1, "host_queued_end": 1585660592.150721}, "device": "cpu", "nd_range": {"device_start": 2328366.587445211, "device_end": 2328366.710446421}, "cmdq": 4, "read": {"device_start": -1, "device_end": -1}}, "FFC_sans_bias13": {"write": {"device_start": -1, "host_queued_start": 1585660592.080508, "device_queued": -1, "device_end": -1, "host_queued_end": 1585660592.150721}, "device": "cpu", "nd_range": {"device_start": 2328368.290585223, "device_end": 2328368.531100158}, "cmdq": 1, "read": {"device_start": -1, "device_end": -1}}, "FFC_sans_bias15": {"write": {"device_start": -1, "host_queued_start": 1585660592.097519, "device_queued": -1, "device_end": -1, "host_queued_end": 1585660592.150721}, "device": "cpu", "nd_range": {"device_start": 2328369.042735992, "device_end": 2328369.233173013}, "cmdq": 1, "read": {"device_start": -1, "device_end": -1}}, "FFC_sans_bias16": {"write": {"device_start": -1, "host_queued_start": 1585660592.111684, "device_queued": -1, "device_end": -1, "host_queued_end": 1585660592.150721}, "device": "cpu", "nd_range": {"device_start": 2328369.430983324, "device_end": 2328369.532939313}, "cmdq": 1, "read": {"device_start": -1, "device_end": -1}}, "FFC_sans_bias19": {"write": {"device_start": -1, "host_queued_start": 1585660591.942791, "device_queued": -1, "device_end": -1, "host_queued_end": 1585660592.150721}, "device": "cpu", "nd_range": {"device_start": 2328366.4639370902, "device_end": 2328366.586716912}, "cmdq": 2, "read": {"device_start": -1, "device_end": -1}}, "FFC_sans_bias18": {"write": {"device_start": -1, "host_queued_start": 1585660591.939318, "device_queued": -1, "device_end": -1, "host_queued_end": 1585660592.150721}, "device": "cpu", "nd_range": {"device_start": 2328366.4655021103, "device_end": 2328366.588102795}, "cmdq": 1, "read": {"device_start": -1, "device_end": -1}}, "FFC_sans_bias99": {"write": {"device_start": -1, "host_queued_start": 1585660592.035839, "device_queued": -1, "device_end": -1, "host_queued_end": 1585660592.150721}, "device": "cpu", "nd_range": {"device_start": 2328367.261636565, "device_end": 2328367.473599782}, "cmdq": 3, "read": {"device_start": -1, "device_end": -1}}, "FFC_sans_bias91": {"write": {"device_start": -1, "host_queued_start": 1585660592.028994, "device_queued": -1, "device_end": -1, "host_queued_end": 1585660592.150721}, "device": "cpu", "nd_range": {"device_start": 2328367.499298321, "device_end": 2328367.7419553683}, "cmdq": 1, "read": {"device_start": -1, "device_end": -1}}, "FFC_sans_bias90": {"write": {"device_start": -1, "host_queued_start": 1585660592.025487, "device_queued": -1, "device_end": -1, "host_queued_end": 1585660592.150721}, "device": "cpu", "nd_range": {"device_start": 2328368.4752586293, "device_end": 2328368.599010263}, "cmdq": 0, "read": {"device_start": -1, "device_end": -1}}, "coalesced_transpose12": {"write": {"device_start": -1, "host_queued_start": 1585660592.073221, "device_queued": -1, "device_end": -1, "host_queued_end": 1585660592.150721}, "device": "cpu", "nd_range": {"device_start": 2328368.280553658, "device_end": 2328368.283355846}, "cmdq": 1, "read": {"device_start": -1, "device_end": -1}}, "FFC_sans_bias94": {"write": {"device_start": -1, "host_queued_start": 1585660592.085997, "device_queued": -1, "device_end": -1, "host_queued_end": 1585660592.150721}, "device": "cpu", "nd_range": {"device_start": 2328369.2568186, "device_end": 2328369.431363806}, "cmdq": 0, "read": {"device_start": -1, "device_end": -1}}, "FFC_sans_bias97": {"write": {"device_start": -1, "host_queued_start": 1585660592.138741, "device_queued": -1, "device_end": -1, "host_queued_end": 1585660592.150721}, "device": "cpu", "nd_range": {"device_start": 2328369.917835865, "device_end": 2328369.9594266233}, "cmdq": 0, "read": {"device_start": -1, "device_end": -1}}, "FFC_sans_bias96": {"write": {"device_start": -1, "host_queued_start": 1585660592.102932, "device_queued": -1, "device_end": -1, "host_queued_end": 1585660592.150721}, "device": "cpu", "nd_range": {"device_start": 2328369.663435711, "device_end": 2328369.785759476}, "cmdq": 0, "read": {"device_start": -1, "device_end": -1}}, "FFC_sans_bias124": {"write": {"device_start": -1, "host_queued_start": 1585660592.147679, "device_queued": -1, "device_end": -1, "host_queued_end": 1585660592.150721}, "device": "cpu", "nd_range": {"device_start": 2328369.822469096, "device_end": 2328369.891463344}, "cmdq": 3, "read": {"device_start": -1, "device_end": -1}}, "FFC_sans_bias126": {"write": {"device_start": -1, "host_queued_start": 1585660592.069161, "device_queued": -1, "device_end": -1, "host_queued_end": 1585660592.150721}, "device": "cpu", "nd_range": {"device_start": 2328367.598004402, "device_end": 2328367.721112037}, "cmdq": 3, "read": {"device_start": -1, "device_end": -1}}, "softmax32": {"write": {"device_start": -1, "host_queued_start": 1585660592.090492, "device_queued": -1, "device_end": -1, "host_queued_end": 1585660592.150721}, "device": "cpu", "nd_range": {"device_start": 2328369.2325681793, "device_end": 2328369.2332996973}, "cmdq": 3, "read": {"device_start": -1, "device_end": -1}}, "coalesced_transpose84": {"write": {"device_start": -1, "host_queued_start": 1585660592.076399, "device_queued": -1, "device_end": -1, "host_queued_end": 1585660592.150721}, "device": "cpu", "nd_range": {"device_start": 2328368.0168942753, "device_end": 2328368.017836158}, "cmdq": 4, "read": {"device_start": -1, "device_end": -1}}, "FFC_sans_bias121": {"write": {"device_start": -1, "host_queued_start": 1585660592.087803, "device_queued": -1, "device_end": -1, "host_queued_end": 1585660592.150721}, "device": "cpu", "nd_range": {"device_start": 2328369.1263143383, "device_end": 2328369.232543664}, "cmdq": 3, "read": {"device_start": -1, "device_end": -1}}, "empty98": {"write": {"device_start": -1, "host_queued_start": 1585660591.905066, "device_queued": -1, "device_end": -1, "host_queued_end": 1585660592.150721}, "device": "cpu", "nd_range": {"device_start": 2328366.340419554, "device_end": 2328366.340420261}, "cmdq": 0, "read": {"device_start": -1, "device_end": -1}}, "empty107": {"write": {"device_start": -1, "host_queued_start": 1585660591.907658, "device_queued": -1, "device_end": -1, "host_queued_end": 1585660592.150721}, "device": "cpu", "nd_range": {"device_start": 2328366.340419279, "device_end": 2328366.340419896}, "cmdq": 1, "read": {"device_start": -1, "device_end": -1}}, "empty17": {"write": {"device_start": -1, "host_queued_start": 1585660591.880898, "device_queued": -1, "device_end": -1, "host_queued_end": 1585660592.150721}, "device": "cpu", "nd_range": {"device_start": 2328366.340372934, "device_end": 2328366.340385136}, "cmdq": 1, "read": {"device_start": -1, "device_end": -1}}, "FFC_sans_bias87": {"write": {"device_start": -1, "host_queued_start": 1585660592.102273, "device_queued": -1, "device_end": -1, "host_queued_end": 1585660592.150721}, "device": "cpu", "nd_range": {"device_start": 2328368.5308692763, "device_end": 2328368.65325811}, "cmdq": 4, "read": {"device_start": -1, "device_end": -1}}, "FFC_sans_bias85": {"write": {"device_start": -1, "host_queued_start": 1585660592.085394, "device_queued": -1, "device_end": -1, "host_queued_end": 1585660592.150721}, "device": "cpu", "nd_range": {"device_start": 2328368.141247321, "device_end": 2328368.282097631}, "cmdq": 4, "read": {"device_start": -1, "device_end": -1}}, "FFC_sans_bias82": {"write": {"device_start": -1, "host_queued_start": 1585660592.017204, "device_queued": -1, "device_end": -1, "host_queued_end": 1585660592.150721}, "device": "cpu", "nd_range": {"device_start": 2328367.0055790152, "device_end": 2328367.261419442}, "cmdq": 3, "read": {"device_start": -1, "device_end": -1}}, "FFC_sans_bias83": {"write": {"device_start": -1, "host_queued_start": 1585660592.021525, "device_queued": -1, "device_end": -1, "host_queued_end": 1585660592.150721}, "device": "cpu", "nd_range": {"device_start": 2328367.293616353, "device_end": 2328367.4161172262}, "cmdq": 4, "read": {"device_start": -1, "device_end": -1}}, "FFC_sans_bias81": {"write": {"device_start": -1, "host_queued_start": 1585660592.013298, "device_queued": -1, "device_end": -1, "host_queued_end": 1585660592.150721}, "device": "cpu", "nd_range": {"device_start": 2328367.021050082, "device_end": 2328367.1504702764}, "cmdq": 2, "read": {"device_start": -1, "device_end": -1}}, "FFC_sans_bias88": {"write": {"device_start": -1, "host_queued_start": 1585660592.135691, "device_queued": -1, "device_end": -1, "host_queued_end": 1585660592.150721}, "device": "cpu", "nd_range": {"device_start": 2328368.892120387, "device_end": 2328369.014572029}, "cmdq": 4, "read": {"device_start": -1, "device_end": -1}}, "coalesced_transpose30": {"write": {"device_start": -1, "host_queued_start": 1585660592.07389, "device_queued": -1, "device_end": -1, "host_queued_end": 1585660592.150721}, "device": "cpu", "nd_range": {"device_start": 2328368.821447806, "device_end": 2328368.8232607082}, "cmdq": 3, "read": {"device_start": -1, "device_end": -1}}, "FFC_sans_bias128": {"write": {"device_start": -1, "host_queued_start": 1585660592.065862, "device_queued": -1, "device_end": -1, "host_queued_end": 1585660592.150721}, "device": "cpu", "nd_range": {"device_start": 2328367.4428364714, "device_end": 2328367.573561578}, "cmdq": 2, "read": {"device_start": -1, "device_end": -1}}, "coalesced_transpose39": {"write": {"device_start": -1, "host_queued_start": 1585660592.074229, "device_queued": -1, "device_end": -1, "host_queued_end": 1585660592.150721}, "device": "cpu", "nd_range": {"device_start": 2328368.015674313, "device_end": 2328368.0168833183}, "cmdq": 4, "read": {"device_start": -1, "device_end": -1}}, "FFC_sans_bias79": {"write": {"device_start": -1, "host_queued_start": 1585660592.132698, "device_queued": -1, "device_end": -1, "host_queued_end": 1585660592.150721}, "device": "cpu", "nd_range": {"device_start": 2328369.751292651, "device_end": 2328369.822458453}, "cmdq": 3, "read": {"device_start": -1, "device_end": -1}}, "FFC_sans_bias78": {"write": {"device_start": -1, "host_queued_start": 1585660592.101674, "device_queued": -1, "device_end": -1, "host_queued_end": 1585660592.150721}, "device": "cpu", "nd_range": {"device_start": 2328369.368259949, "device_end": 2328369.534099238}, "cmdq": 3, "read": {"device_start": -1, "device_end": -1}}, "FFC_sans_bias73": {"write": {"device_start": -1, "host_queued_start": 1585660592.005035, "device_queued": -1, "device_end": -1, "host_queued_end": 1585660592.150721}, "device": "cpu", "nd_range": {"device_start": 2328368.255520442, "device_end": 2328368.475016295}, "cmdq": 0, "read": {"device_start": -1, "device_end": -1}}, "FFC_sans_bias72": {"write": {"device_start": -1, "host_queued_start": 1585660592.000356, "device_queued": -1, "device_end": -1, "host_queued_end": 1585660592.150721}, "device": "cpu", "nd_range": {"device_start": 2328367.169845131, "device_end": 2328367.293593246}, "cmdq": 4, "read": {"device_start": -1, "device_end": -1}}, "FFC_sans_bias70": {"write": {"device_start": -1, "host_queued_start": 1585660592.12965, "device_queued": -1, "device_end": -1, "host_queued_end": 1585660592.150721}, "device": "cpu", "nd_range": {"device_start": 2328368.56275143, "device_end": 2328368.692465659}, "cmdq": 2, "read": {"device_start": -1, "device_end": -1}}, "FFC_sans_bias76": {"write": {"device_start": -1, "host_queued_start": 1585660592.084706, "device_queued": -1, "device_end": -1, "host_queued_end": 1585660592.150721}, "device": "cpu", "nd_range": {"device_start": 2328368.996444153, "device_end": 2328369.126284671}, "cmdq": 3, "read": {"device_start": -1, "device_end": -1}}, "FFC_sans_bias74": {"write": {"device_start": -1, "host_queued_start": 1585660592.009286, "device_queued": -1, "device_end": -1, "host_queued_end": 1585660592.150721}, "device": "cpu", "nd_range": {"device_start": 2328367.249645234, "device_end": 2328367.499281206}, "cmdq": 1, "read": {"device_start": -1, "device_end": -1}}, "coalesced_transpose102": {"write": {"device_start": -1, "host_queued_start": 1585660592.077557, "device_queued": -1, "device_end": -1, "host_queued_end": 1585660592.150721}, "device": "cpu", "nd_range": {"device_start": 2328368.2894426403, "device_end": 2328368.2904261933}, "cmdq": 1, "read": {"device_start": -1, "device_end": -1}}, "coalesced_transpose3": {"write": {"device_start": -1, "host_queued_start": 1585660592.072886, "device_queued": -1, "device_end": -1, "host_queued_end": 1585660592.150721}, "device": "cpu", "nd_range": {"device_start": 2328368.8587670242, "device_end": 2328368.8599530333}, "cmdq": 0, "read": {"device_start": -1, "device_end": -1}}, "FFC_sans_bias127": {"write": {"device_start": -1, "host_queued_start": 1585660592.072504, "device_queued": -1, "device_end": -1, "host_queued_end": 1585660592.150721}, "device": "cpu", "nd_range": {"device_start": 2328367.828878616, "device_end": 2328368.0156576093}, "cmdq": 4, "read": {"device_start": -1, "device_end": -1}}, "empty89": {"write": {"device_start": -1, "host_queued_start": 1585660591.902429, "device_queued": -1, "device_end": -1, "host_queued_end": 1585660592.150721}, "device": "cpu", "nd_range": {"device_start": 2328366.5872182893, "device_end": 2328366.587220352}, "cmdq": 4, "read": {"device_start": -1, "device_end": -1}}, "FFC_sans_bias123": {"write": {"device_start": -1, "host_queued_start": 1585660592.104832, "device_queued": -1, "device_end": -1, "host_queued_end": 1585660592.150721}, "device": "cpu", "nd_range": {"device_start": 2328369.5341157303, "device_end": 2328369.6470836382}, "cmdq": 3, "read": {"device_start": -1, "device_end": -1}}, "empty80": {"write": {"device_start": -1, "host_queued_start": 1585660591.899838, "device_queued": -1, "device_end": -1, "host_queued_end": 1585660592.150721}, "device": "cpu", "nd_range": {"device_start": 2328366.340451944, "device_end": 2328366.340452867}, "cmdq": 3, "read": {"device_start": -1, "device_end": -1}}, "empty116": {"write": {"device_start": -1, "host_queued_start": 1585660591.910245, "device_queued": -1, "device_end": -1, "host_queued_end": 1585660592.150721}, "device": "cpu", "nd_range": {"device_start": 2328366.340437912, "device_end": 2328366.340438507}, "cmdq": 2, "read": {"device_start": -1, "device_end": -1}}, "softmax104": {"write": {"device_start": -1, "host_queued_start": 1585660592.094739, "device_queued": -1, "device_end": -1, "host_queued_end": 1585660592.150721}, "device": "cpu", "nd_range": {"device_start": 2328369.0418613884, "device_end": 2328369.0425810074}, "cmdq": 1, "read": {"device_start": -1, "device_end": -1}}, "coalesced_transpose21": {"write": {"device_start": -1, "host_queued_start": 1585660592.073556, "device_queued": -1, "device_end": -1, "host_queued_end": 1585660592.150721}, "device": "cpu", "nd_range": {"device_start": 2328367.573585552, "device_end": 2328367.57480548}, "cmdq": 2, "read": {"device_start": -1, "device_end": -1}}, "softmax14": {"write": {"device_start": -1, "host_queued_start": 1585660592.08945, "device_queued": -1, "device_end": -1, "host_queued_end": 1585660592.150721}, "device": "cpu", "nd_range": {"device_start": 2328369.040051793, "device_end": 2328369.040789369}, "cmdq": 1, "read": {"device_start": -1, "device_end": -1}}, "FFC_sans_bias69": {"write": {"device_start": -1, "host_queued_start": 1585660592.101079, "device_queued": -1, "device_end": -1, "host_queued_end": 1585660592.150721}, "device": "cpu", "nd_range": {"device_start": 2328368.100213158, "device_end": 2328368.303094345}, "cmdq": 2, "read": {"device_start": -1, "device_end": -1}}, "FFC_sans_bias92": {"write": {"device_start": -1, "host_queued_start": 1585660592.032395, "device_queued": -1, "device_end": -1, "host_queued_end": 1585660592.150721}, "device": "cpu", "nd_range": {"device_start": 2328367.150719426, "device_end": 2328367.312934049}, "cmdq": 2, "read": {"device_start": -1, "device_end": -1}}, "FFC_sans_bias60": {"write": {"device_start": -1, "host_queued_start": 1585660592.100485, "device_queued": -1, "device_end": -1, "host_queued_end": 1585660592.150721}, "device": "cpu", "nd_range": {"device_start": 2328369.233185927, "device_end": 2328369.356793311}, "cmdq": 1, "read": {"device_start": -1, "device_end": -1}}, "FFC_sans_bias61": {"write": {"device_start": -1, "host_queued_start": 1585660592.126658, "device_queued": -1, "device_end": -1, "host_queued_end": 1585660592.150721}, "device": "cpu", "nd_range": {"device_start": 2328369.532949484, "device_end": 2328369.6466428563}, "cmdq": 1, "read": {"device_start": -1, "device_end": -1}}, "FFC_sans_bias63": {"write": {"device_start": -1, "host_queued_start": 1585660591.996981, "device_queued": -1, "device_end": -1, "host_queued_end": 1585660592.150721}, "device": "cpu", "nd_range": {"device_start": 2328366.834699471, "device_end": 2328367.0055664834}, "cmdq": 3, "read": {"device_start": -1, "device_end": -1}}, "FFC_sans_bias64": {"write": {"device_start": -1, "host_queued_start": 1585660591.99027, "device_queued": -1, "device_end": -1, "host_queued_end": 1585660592.150721}, "device": "cpu", "nd_range": {"device_start": 2328366.995168044, "device_end": 2328367.249622486}, "cmdq": 1, "read": {"device_start": -1, "device_end": -1}}, "FFC_sans_bias65": {"write": {"device_start": -1, "host_queued_start": 1585660591.993636, "device_queued": -1, "device_end": -1, "host_queued_end": 1585660592.150721}, "device": "cpu", "nd_range": {"device_start": 2328366.891190304, "device_end": 2328367.02084325}, "cmdq": 2, "read": {"device_start": -1, "device_end": -1}}, "FFC_sans_bias67": {"write": {"device_start": -1, "host_queued_start": 1585660592.084105, "device_queued": -1, "device_end": -1, "host_queued_end": 1585660592.150721}, "device": "cpu", "nd_range": {"device_start": 2328367.7060840223, "device_end": 2328367.83542391}, "cmdq": 2, "read": {"device_start": -1, "device_end": -1}}, "coalesced_transpose111": {"write": {"device_start": -1, "host_queued_start": 1585660592.078136, "device_queued": -1, "device_end": -1, "host_queued_end": 1585660592.150721}, "device": "cpu", "nd_range": {"device_start": 2328367.5760594714, "device_end": 2328367.577022543}, "cmdq": 2, "read": {"device_start": -1, "device_end": -1}}, "FFC_sans_bias136": {"write": {"device_start": 1585660524.4149127, "host_queued_start": 1585660591.863141, "device_queued": 1585660524.414377, "device_end": 1585660524.4150066, "host_queued_end": 1585660591.874487}, "device": "gpu", "nd_range": {"device_start": 1585660524.415009, "device_end": 1585660524.4183538}, "cmdq": 0, "read": {"device_start": -1, "device_end": -1}}, "FFC_sans_bias135": {"write": {"device_start": 1585660524.4224389, "host_queued_start": 1585660591.869811, "device_queued": 1585660524.4150152, "device_end": 1585660524.4225385, "host_queued_end": 1585660591.874487}, "device": "gpu", "nd_range": {"device_start": 1585660524.4225411, "device_end": 1585660524.4258952}, "cmdq": 0, "read": {"device_start": -1, "device_end": -1}}, "FFC_sans_bias133": {"write": {"device_start": -1, "host_queued_start": 1585660592.150668, "device_queued": -1, "device_end": -1, "host_queued_end": 1585660592.150721}, "device": "cpu", "nd_range": {"device_start": 2328369.014580828, "device_end": 2328369.1375188953}, "cmdq": 4, "read": {"device_start": -1, "device_end": -1}}, "FFC_sans_bias132": {"write": {"device_start": -1, "host_queued_start": 1585660592.105464, "device_queued": -1, "device_end": -1, "host_queued_end": 1585660592.150721}, "device": "cpu", "nd_range": {"device_start": 2328368.653273663, "device_end": 2328368.7882141}, "cmdq": 4, "read": {"device_start": -1, "device_end": -1}}, "softmax68": {"write": {"device_start": -1, "host_queued_start": 1585660592.092618, "device_queued": -1, "device_end": -1, "host_queued_end": 1585660592.150721}, "device": "cpu", "nd_range": {"device_start": 2328367.967202415, "device_end": 2328367.9684140813}, "cmdq": 2, "read": {"device_start": -1, "device_end": -1}}, "softmax131": {"write": {"device_start": -1, "host_queued_start": 1585660592.09633, "device_queued": -1, "device_end": -1, "host_queued_end": 1585660592.150721}, "device": "cpu", "nd_range": {"device_start": 2328368.4068923783, "device_end": 2328368.4076202093}, "cmdq": 4, "read": {"device_start": -1, "device_end": -1}}, "empty125": {"write": {"device_start": -1, "host_queued_start": 1585660591.912873, "device_queued": -1, "device_end": -1, "host_queued_end": 1585660592.150721}, "device": "cpu", "nd_range": {"device_start": 2328366.34046084, "device_end": 2328366.340461511}, "cmdq": 3, "read": {"device_start": -1, "device_end": -1}}, "FFC_sans_bias139": {"write": {"device_start": -1, "host_queued_start": 1585660591.870493, "device_queued": -1, "device_end": -1, "host_queued_end": 1585660591.874487}, "device": "gpu", "nd_range": {"device_start": 1585660524.425914, "device_end": 1585660524.4292765}, "cmdq": 0, "read": {"device_start": -1, "device_end": -1}}, "empty35": {"write": {"device_start": -1, "host_queued_start": 1585660591.886458, "device_queued": -1, "device_end": -1, "host_queued_end": 1585660592.150721}, "device": "cpu", "nd_range": {"device_start": 2328366.3404300474, "device_end": 2328366.340434246}, "cmdq": 3, "read": {"device_start": -1, "device_end": -1}}, "softmax86": {"write": {"device_start": -1, "host_queued_start": 1585660592.093671, "device_queued": -1, "device_end": -1, "host_queued_end": 1585660592.150721}, "device": "cpu", "nd_range": {"device_start": 2328368.4060140643, "device_end": 2328368.4067361034}, "cmdq": 4, "read": {"device_start": -1, "device_end": -1}}, "FFC_sans_bias55": {"write": {"device_start": -1, "host_queued_start": 1585660591.986947, "device_queued": -1, "device_end": -1, "host_queued_end": 1585660592.150721}, "device": "cpu", "nd_range": {"device_start": 2328368.1312655644, "device_end": 2328368.255494464}, "cmdq": 0, "read": {"device_start": -1, "device_end": -1}}, "FFC_sans_bias54": {"write": {"device_start": -1, "host_queued_start": 1585660591.983632, "device_queued": -1, "device_end": -1, "host_queued_end": 1585660592.150721}, "device": "cpu", "nd_range": {"device_start": 2328367.047738629, "device_end": 2328367.169830659}, "cmdq": 4, "read": {"device_start": -1, "device_end": -1}}, "FFC_sans_bias56": {"write": {"device_start": -1, "host_queued_start": 1585660591.980277, "device_queued": -1, "device_end": -1, "host_queued_end": 1585660592.150721}, "device": "cpu", "nd_range": {"device_start": 2328366.7119781054, "device_end": 2328366.834673033}, "cmdq": 3, "read": {"device_start": -1, "device_end": -1}}, "FFC_sans_bias51": {"write": {"device_start": -1, "host_queued_start": 1585660592.099897, "device_queued": -1, "device_end": -1, "host_queued_end": 1585660592.150721}, "device": "cpu", "nd_range": {"device_start": 2328369.547765335, "device_end": 2328369.663233859}, "cmdq": 0, "read": {"device_start": -1, "device_end": -1}}, "FFC_sans_bias52": {"write": {"device_start": -1, "host_queued_start": 1585660592.12367, "device_queued": -1, "device_end": -1, "host_queued_end": 1585660592.150721}, "device": "cpu", "nd_range": {"device_start": 2328369.844952425, "device_end": 2328369.917820178}, "cmdq": 0, "read": {"device_start": -1, "device_end": -1}}, "FFC_sans_bias58": {"write": {"device_start": -1, "host_queued_start": 1585660592.083498, "device_queued": -1, "device_end": -1, "host_queued_end": 1585660592.150721}, "device": "cpu", "nd_range": {"device_start": 2328368.531112893, "device_end": 2328368.778305776}, "cmdq": 1, "read": {"device_start": -1, "device_end": -1}}, "FFC_sans_bias108": {"write": {"device_start": -1, "host_queued_start": 1585660592.045965, "device_queued": -1, "device_end": -1, "host_queued_end": 1585660592.150721}, "device": "cpu", "nd_range": {"device_start": 2328367.7419736283, "device_end": 2328367.987127033}, "cmdq": 1, "read": {"device_start": -1, "device_end": -1}}, "FFC_sans_bias109": {"write": {"device_start": -1, "host_queued_start": 1585660592.049282, "device_queued": -1, "device_end": -1, "host_queued_end": 1585660592.150721}, "device": "cpu", "nd_range": {"device_start": 2328367.3131600493, "device_end": 2328367.4428127883}, "cmdq": 2, "read": {"device_start": -1, "device_end": -1}}, "coalesced_transpose129": {"write": {"device_start": -1, "host_queued_start": 1585660592.07932, "device_queued": -1, "device_end": -1, "host_queued_end": 1585660592.150721}, "device": "cpu", "nd_range": {"device_start": 2328368.0178444213, "device_end": 2328368.0188033613}, "cmdq": 4, "read": {"device_start": -1, "device_end": -1}}, "FFC_sans_bias103": {"write": {"device_start": -1, "host_queued_start": 1585660592.086605, "device_queued": -1, "device_end": -1, "host_queued_end": 1585660592.150721}, "device": "cpu", "nd_range": {"device_start": 2328368.778326063, "device_end": 2328369.039808744}, "cmdq": 1, "read": {"device_start": -1, "device_end": -1}}, "FFC_sans_bias100": {"write": {"device_start": -1, "host_queued_start": 1585660592.039199, "device_queued": -1, "device_end": -1, "host_queued_end": 1585660592.150721}, "device": "cpu", "nd_range": {"device_start": 2328367.416132622, "device_end": 2328367.586753127}, "cmdq": 4, "read": {"device_start": -1, "device_end": -1}}, "FFC_sans_bias101": {"write": {"device_start": -1, "host_queued_start": 1585660592.042657, "device_queued": -1, "device_end": -1, "host_queued_end": 1585660592.150721}, "device": "cpu", "nd_range": {"device_start": 2328368.599035757, "device_end": 2328368.722924741}, "cmdq": 0, "read": {"device_start": -1, "device_end": -1}}, "FFC_sans_bias106": {"write": {"device_start": -1, "host_queued_start": 1585660592.141702, "device_queued": -1, "device_end": -1, "host_queued_end": 1585660592.150721}, "device": "cpu", "nd_range": {"device_start": 2328369.646654446, "device_end": 2328369.731214918}, "cmdq": 1, "read": {"device_start": -1, "device_end": -1}}, "softmax122": {"write": {"device_start": -1, "host_queued_start": 1585660592.095807, "device_queued": -1, "device_end": -1, "host_queued_end": 1585660592.150721}, "device": "cpu", "nd_range": {"device_start": 2328369.234071818, "device_end": 2328369.2347876923}, "cmdq": 3, "read": {"device_start": -1, "device_end": -1}}, "FFC_sans_bias105": {"write": {"device_start": -1, "host_queued_start": 1585660592.103533, "device_queued": -1, "device_end": -1, "host_queued_end": 1585660592.150721}, "device": "cpu", "nd_range": {"device_start": 2328369.356811956, "device_end": 2328369.4309677863}, "cmdq": 1, "read": {"device_start": -1, "device_end": -1}}, "softmax95": {"write": {"device_start": -1, "host_queued_start": 1585660592.094203, "device_queued": -1, "device_end": -1, "host_queued_end": 1585660592.150721}, "device": "cpu", "nd_range": {"device_start": 2328369.4333094163, "device_end": 2328369.434066583}, "cmdq": 0, "read": {"device_start": -1, "device_end": -1}}, "coalesced_transpose57": {"write": {"device_start": -1, "host_queued_start": 1585660592.074905, "device_queued": -1, "device_end": -1, "host_queued_end": 1585660592.150721}, "device": "cpu", "nd_range": {"device_start": 2328368.2880292833, "device_end": 2328368.2892638803}, "cmdq": 1, "read": {"device_start": -1, "device_end": -1}}, "empty26": {"write": {"device_start": -1, "host_queued_start": 1585660591.883813, "device_queued": -1, "device_end": -1, "host_queued_end": 1585660592.150721}, "device": "cpu", "nd_range": {"device_start": 2328366.340425075, "device_end": 2328366.340425917}, "cmdq": 2, "read": {"device_start": -1, "device_end": -1}}, "softmax113": {"write": {"device_start": -1, "host_queued_start": 1585660592.095276, "device_queued": -1, "device_end": -1, "host_queued_end": 1585660592.150721}, "device": "cpu", "nd_range": {"device_start": 2328367.968424107, "device_end": 2328367.969162845}, "cmdq": 2, "read": {"device_start": -1, "device_end": -1}}, "FFC_sans_bias11": {"write": {"device_start": -1, "host_queued_start": 1585660591.935824, "device_queued": -1, "device_end": -1, "host_queued_end": 1585660592.150721}, "device": "cpu", "nd_range": {"device_start": 2328367.7213254333, "device_end": 2328367.845843985}, "cmdq": 0, "read": {"device_start": -1, "device_end": -1}}, "FFC_sans_bias42": {"write": {"device_start": -1, "host_queued_start": 1585660592.099306, "device_queued": -1, "device_end": -1, "host_queued_end": 1585660592.150721}, "device": "cpu", "nd_range": {"device_start": 2328368.407766709, "device_end": 2328368.530842888}, "cmdq": 4, "read": {"device_start": -1, "device_end": -1}}, "FFC_sans_bias43": {"write": {"device_start": -1, "host_queued_start": 1585660592.120678, "device_queued": -1, "device_end": -1, "host_queued_end": 1585660592.150721}, "device": "cpu", "nd_range": {"device_start": 2328368.788225728, "device_end": 2328368.892110892}, "cmdq": 4, "read": {"device_start": -1, "device_end": -1}}, "FFC_sans_bias40": {"write": {"device_start": -1, "host_queued_start": 1585660592.082288, "device_queued": -1, "device_end": -1, "host_queued_end": 1585660592.150721}, "device": "cpu", "nd_range": {"device_start": 2328368.018817508, "device_end": 2328368.141231962}, "cmdq": 4, "read": {"device_start": -1, "device_end": -1}}, "FFC_sans_bias46": {"write": {"device_start": -1, "host_queued_start": 1585660591.973531, "device_queued": -1, "device_end": -1, "host_queued_end": 1585660592.150721}, "device": "cpu", "nd_range": {"device_start": 2328366.760942912, "device_end": 2328366.995143853}, "cmdq": 1, "read": {"device_start": -1, "device_end": -1}}, "FFC_sans_bias47": {"write": {"device_start": -1, "host_queued_start": 1585660591.976914, "device_queued": -1, "device_end": -1, "host_queued_end": 1585660592.150721}, "device": "cpu", "nd_range": {"device_start": 2328366.7595221084, "device_end": 2328366.890968386}, "cmdq": 2, "read": {"device_start": -1, "device_end": -1}}, "FFC_sans_bias45": {"write": {"device_start": -1, "host_queued_start": 1585660591.970156, "device_queued": -1, "device_end": -1, "host_queued_end": 1585660592.150721}, "device": "cpu", "nd_range": {"device_start": 2328367.9706809702, "device_end": 2328368.1312404573}, "cmdq": 0, "read": {"device_start": -1, "device_end": -1}}, "FFC_sans_bias49": {"write": {"device_start": -1, "host_queued_start": 1585660592.082893, "device_queued": -1, "device_end": -1, "host_queued_end": 1585660592.150721}, "device": "cpu", "nd_range": {"device_start": 2328369.107822849, "device_end": 2328369.256617097}, "cmdq": 0, "read": {"device_start": -1, "device_end": -1}}, "softmax77": {"write": {"device_start": -1, "host_queued_start": 1585660592.09315, "device_queued": -1, "device_end": -1, "host_queued_end": 1585660592.150721}, "device": "cpu", "nd_range": {"device_start": 2328369.233306079, "device_end": 2328369.234065385}, "cmdq": 3, "read": {"device_start": -1, "device_end": -1}}, "empty134": {"write": {"device_start": -1, "host_queued_start": 1585660591.91547, "device_queued": -1, "device_end": -1, "host_queued_end": 1585660592.150721}, "device": "cpu", "nd_range": {"device_start": 2328366.5873337244, "device_end": 2328366.587335688}, "cmdq": 4, "read": {"device_start": -1, "device_end": -1}}, "coalesced_transpose138": {"write": {"device_start": -1, "host_queued_start": 1585660591.870176, "device_queued": -1, "device_end": -1, "host_queued_end": 1585660591.874487}, "device": "gpu", "nd_range": {"device_start": 1585660524.4258964, "device_end": 1585660524.4259129}, "cmdq": 0, "read": {"device_start": -1, "device_end": -1}}, "FFC_sans_bias119": {"write": {"device_start": -1, "host_queued_start": 1585660592.062582, "device_queued": -1, "device_end": -1, "host_queued_end": 1585660592.150721}, "device": "cpu", "nd_range": {"device_start": 2328367.9871503944, "device_end": 2328368.280537622}, "cmdq": 1, "read": {"device_start": -1, "device_end": -1}}, "FFC_sans_bias118": {"write": {"device_start": -1, "host_queued_start": 1585660592.05927, "device_queued": -1, "device_end": -1, "host_queued_end": 1585660592.150721}, "device": "cpu", "nd_range": {"device_start": 2328368.7231951794, "device_end": 2328368.8585435073}, "cmdq": 0, "read": {"device_start": -1, "device_end": -1}}, "empty143": {"write": {"device_start": 1585660524.4144676, "host_queued_start": 1585660591.859511, "device_queued": 1585660524.4141293, "device_end": 1585660524.4145653, "host_queued_end": 1585660591.874487}, "device": "gpu", "nd_range": {"device_start": 1585660524.414574, "device_end": 1585660524.4145782}, "cmdq": 0, "read": {"device_start": -1, "device_end": -1}}, "FFC_sans_bias115": {"write": {"device_start": -1, "host_queued_start": 1585660592.144687, "device_queued": -1, "device_end": -1, "host_queued_end": 1585660592.150721}, "device": "cpu", "nd_range": {"device_start": 2328368.692482333, "device_end": 2328368.8214364913}, "cmdq": 2, "read": {"device_start": -1, "device_end": -1}}, "FFC_sans_bias114": {"write": {"device_start": -1, "host_queued_start": 1585660592.104154, "device_queued": -1, "device_end": -1, "host_queued_end": 1585660592.150721}, "device": "cpu", "nd_range": {"device_start": 2328368.303120804, "device_end": 2328368.4320455003}, "cmdq": 2, "read": {"device_start": -1, "device_end": -1}}, "FFC_sans_bias117": {"write": {"device_start": -1, "host_queued_start": 1585660592.055948, "device_queued": -1, "device_end": -1, "host_queued_end": 1585660592.150721}, "device": "cpu", "nd_range": {"device_start": 2328367.5867647463, "device_end": 2328367.828862816}, "cmdq": 4, "read": {"device_start": -1, "device_end": -1}}, "softmax5": {"write": {"device_start": -1, "host_queued_start": 1585660592.088929, "device_queued": -1, "device_end": -1, "host_queued_end": 1585660592.150721}, "device": "cpu", "nd_range": {"device_start": 2328369.431520529, "device_end": 2328369.432270213}, "cmdq": 0, "read": {"device_start": -1, "device_end": -1}}, "FFC_sans_bias110": {"write": {"device_start": -1, "host_queued_start": 1585660592.052608, "device_queued": -1, "device_end": -1, "host_queued_end": 1585660592.150721}, "device": "cpu", "nd_range": {"device_start": 2328367.47382063, "device_end": 2328367.597807975}, "cmdq": 3, "read": {"device_start": -1, "device_end": -1}}, "FFC_sans_bias112": {"write": {"device_start": -1, "host_queued_start": 1585660592.0872, "device_queued": -1, "device_end": -1, "host_queued_end": 1585660592.150721}, "device": "cpu", "nd_range": {"device_start": 2328367.8354384433, "device_end": 2328367.966410185}, "cmdq": 2, "read": {"device_start": -1, "device_end": -1}}, "empty53": {"write": {"device_start": -1, "host_queued_start": 1585660591.891734, "device_queued": -1, "device_end": -1, "host_queued_end": 1585660592.150721}, "device": "cpu", "nd_range": {"device_start": 2328366.3404120794, "device_end": 2328366.340413383}, "cmdq": 0, "read": {"device_start": -1, "device_end": -1}}, "coalesced_transpose48": {"write": {"device_start": -1, "host_queued_start": 1585660592.074564, "device_queued": -1, "device_end": -1, "host_queued_end": 1585660592.150721}, "device": "cpu", "nd_range": {"device_start": 2328368.860123104, "device_end": 2328368.861284261}, "cmdq": 0, "read": {"device_start": -1, "device_end": -1}}}