{"FFC_sans_bias4": {"write": {"device_start": -1, "host_queued_start": 1585660770.75617, "device_queued": -1, "device_end": -1, "host_queued_end": 1585660770.828949}, "device": "gpu", "nd_range": {"device_start": 1585660703.5534213, "device_end": 1585660703.5573633}, "cmdq": 0, "read": {"device_start": -1, "device_end": -1}}, "FFC_sans_bias7": {"write": {"device_start": 1585660703.6810174, "host_queued_start": 1585660770.7828, "device_queued": 1585660703.3889825, "device_end": 1585660703.6811168, "host_queued_end": 1585660770.828949}, "device": "gpu", "nd_range": {"device_start": 1585660703.6811218, "device_end": 1585660703.687808}, "cmdq": 0, "read": {"device_start": 1585660703.6878147, "device_end": 1585660703.6879108}}, "FFC_sans_bias6": {"write": {"device_start": -1, "host_queued_start": 1585660770.770793, "device_queued": -1, "device_end": -1, "host_queued_end": 1585660770.828949}, "device": "gpu", "nd_range": {"device_start": 1585660703.62223, "device_end": 1585660703.6264422}, "cmdq": 0, "read": {"device_start": -1, "device_end": -1}}, "FFC_sans_bias1": {"write": {"device_start": 1585660703.369478, "host_queued_start": 1585660770.598014, "device_queued": 1585660703.3692462, "device_end": 1585660703.3695745, "host_queued_end": 1585660770.828949}, "device": "gpu", "nd_range": {"device_start": 1585660703.369578, "device_end": 1585660703.3771653}, "cmdq": 1, "read": {"device_start": -1, "device_end": -1}}, "FFC_sans_bias0": {"write": {"device_start": 1585660703.369139, "host_queued_start": 1585660770.594691, "device_queued": 1585660703.3688405, "device_end": 1585660703.3692322, "host_queued_end": 1585660770.828949}, "device": "gpu", "nd_range": {"device_start": 1585660703.3692353, "device_end": 1585660703.3732169}, "cmdq": 0, "read": {"device_start": -1, "device_end": -1}}, "FFC_sans_bias2": {"write": {"device_start": 1585660703.3735185, "host_queued_start": 1585660770.601357, "device_queued": 1585660703.3695843, "device_end": 1585660703.373619, "host_queued_end": 1585660770.828949}, "device": "gpu", "nd_range": {"device_start": 1585660703.373623, "device_end": 1585660703.381049}, "cmdq": 0, "read": {"device_start": -1, "device_end": -1}}, "coalesced_transpose120": {"write": {"device_start": -1, "host_queued_start": 1585660770.755223, "device_queued": -1, "device_end": -1, "host_queued_end": 1585660770.828949}, "device": "gpu", "nd_range": {"device_start": 1585660703.5573595, "device_end": 1585660703.5573845}, "cmdq": 1, "read": {"device_start": -1, "device_end": -1}}, "FFC_sans_bias9": {"write": {"device_start": 1585660703.377523, "host_queued_start": 1585660770.6047, "device_queued": 1585660703.369812, "device_end": 1585660703.377636, "host_queued_end": 1585660770.828949}, "device": "gpu", "nd_range": {"device_start": 1585660703.3776426, "device_end": 1585660703.3847528}, "cmdq": 1, "read": {"device_start": -1, "device_end": -1}}, "empty71": {"write": {"device_start": 1585660703.366561, "host_queued_start": 1585660770.570745, "device_queued": 1585660703.3662353, "device_end": 1585660703.366809, "host_queued_end": 1585660770.828949}, "device": "gpu", "nd_range": {"device_start": 1585660703.3668146, "device_end": 1585660703.3668203}, "cmdq": 1, "read": {"device_start": -1, "device_end": -1}}, "softmax41": {"write": {"device_start": -1, "host_queued_start": 1585660770.764613, "device_queued": -1, "device_end": -1, "host_queued_end": 1585660770.828949}, "device": "gpu", "nd_range": {"device_start": 1585660703.619323, "device_end": 1585660703.6197827}, "cmdq": 0, "read": {"device_start": -1, "device_end": -1}}, "FFC_sans_bias37": {"write": {"device_start": 1585660703.4160156, "host_queued_start": 1585660770.638079, "device_queued": 1585660703.3720949, "device_end": 1585660703.4161267, "host_queued_end": 1585660770.828949}, "device": "gpu", "nd_range": {"device_start": 1585660703.4161313, "device_end": 1585660703.4234064}, "cmdq": 1, "read": {"device_start": -1, "device_end": -1}}, "FFC_sans_bias36": {"write": {"device_start": 1585660703.4121718, "host_queued_start": 1585660770.634639, "device_queued": 1585660703.3718636, "device_end": 1585660703.412275, "host_queued_end": 1585660770.828949}, "device": "gpu", "nd_range": {"device_start": 1585660703.4122815, "device_end": 1585660703.4195473}, "cmdq": 0, "read": {"device_start": -1, "device_end": -1}}, "FFC_sans_bias34": {"write": {"device_start": 1585660703.6989589, "host_queued_start": 1585660770.791933, "device_queued": 1585660703.389858, "device_end": 1585660703.699054, "host_queued_end": 1585660770.828949}, "device": "gpu", "nd_range": {"device_start": 1585660703.699128, "device_end": 1585660703.7051141}, "cmdq": 1, "read": {"device_start": 1585660703.7051244, "device_end": 1585660703.7052202}}, "FFC_sans_bias33": {"write": {"device_start": -1, "host_queued_start": 1585660770.772506, "device_queued": -1, "device_end": -1, "host_queued_end": 1585660770.828949}, "device": "gpu", "nd_range": {"device_start": 1585660703.6351788, "device_end": 1585660703.6438541}, "cmdq": 1, "read": {"device_start": -1, "device_end": -1}}, "FFC_sans_bias31": {"write": {"device_start": -1, "host_queued_start": 1585660770.757145, "device_queued": -1, "device_end": -1, "host_queued_end": 1585660770.828949}, "device": "gpu", "nd_range": {"device_start": 1585660703.565786, "device_end": 1585660703.573853}, "cmdq": 1, "read": {"device_start": -1, "device_end": -1}}, "FFC_sans_bias38": {"write": {"device_start": 1585660703.4198606, "host_queued_start": 1585660770.641379, "device_queued": 1585660703.3723383, "device_end": 1585660703.419972, "host_queued_end": 1585660770.828949}, "device": "gpu", "nd_range": {"device_start": 1585660703.4199762, "device_end": 1585660703.4273167}, "cmdq": 0, "read": {"device_start": -1, "device_end": -1}}, "coalesced_transpose75": {"write": {"device_start": -1, "host_queued_start": 1585660770.753562, "device_queued": -1, "device_end": -1, "host_queued_end": 1585660770.828949}, "device": "gpu", "nd_range": {"device_start": 1585660703.5532758, "device_end": 1585660703.553299}, "cmdq": 0, "read": {"device_start": -1, "device_end": -1}}, "softmax140": {"write": {"device_start": -1, "host_queued_start": 1585660770.770211, "device_queued": -1, "device_end": -1, "host_queued_end": 1585660770.828949}, "device": "gpu", "nd_range": {"device_start": 1585660703.6267595, "device_end": 1585660703.6309545}, "cmdq": 1, "read": {"device_start": -1, "device_end": -1}}, "empty44": {"write": {"device_start": 1585660703.3656743, "host_queued_start": 1585660770.562885, "device_queued": 1585660703.3653407, "device_end": 1585660703.3659518, "host_queued_end": 1585660770.828949}, "device": "gpu", "nd_range": {"device_start": 1585660703.365957, "device_end": 1585660703.3659616}, "cmdq": 0, "read": {"device_start": -1, "device_end": -1}}, "FFC_sans_bias137": {"write": {"device_start": 1585660703.5410407, "host_queued_start": 1585660770.747469, "device_queued": 1585660703.3804054, "device_end": 1585660703.5411475, "host_queued_end": 1585660770.828949}, "device": "gpu", "nd_range": {"device_start": 1585660703.541152, "device_end": 1585660703.5491538}, "cmdq": 0, "read": {"device_start": -1, "device_end": -1}}, "empty8": {"write": {"device_start": 1585660703.3642945, "host_queued_start": 1585660770.551593, "device_queued": 1585660703.3639193, "device_end": 1585660703.3643882, "host_queued_end": 1585660770.828949}, "device": "gpu", "nd_range": {"device_start": 1585660703.3643935, "device_end": 1585660703.3643985}, "cmdq": 0, "read": {"device_start": -1, "device_end": -1}}, "softmax50": {"write": {"device_start": -1, "host_queued_start": 1585660770.765108, "device_queued": -1, "device_end": -1, "host_queued_end": 1585660770.828949}, "device": "gpu", "nd_range": {"device_start": 1585660703.6203227, "device_end": 1585660703.6207786}, "cmdq": 1, "read": {"device_start": -1, "device_end": -1}}, "softmax59": {"write": {"device_start": -1, "host_queued_start": 1585660770.765608, "device_queued": -1, "device_end": -1, "host_queued_end": 1585660770.828949}, "device": "gpu", "nd_range": {"device_start": 1585660703.6197848, "device_end": 1585660703.6203153}, "cmdq": 0, "read": {"device_start": -1, "device_end": -1}}, "FFC_sans_bias142": {"write": {"device_start": 1585660703.7406325, "host_queued_start": 1585660770.828828, "device_queued": 1585660703.4125726, "device_end": 1585660703.740761, "host_queued_end": 1585660770.828949}, "device": "gpu", "nd_range": {"device_start": 1585660703.7407992, "device_end": 1585660703.7442923}, "cmdq": 1, "read": {"device_start": 1585660703.7443004, "device_end": 1585660703.7444139}}, "FFC_sans_bias141": {"write": {"device_start": -1, "host_queued_start": 1585660770.779566, "device_queued": -1, "device_end": -1, "host_queued_end": 1585660770.828949}, "device": "gpu", "nd_range": {"device_start": 1585660703.684245, "device_end": 1585660703.6913214}, "cmdq": 1, "read": {"device_start": -1, "device_end": -1}}, "FFC_sans_bias24": {"write": {"device_start": -1, "host_queued_start": 1585660770.771939, "device_queued": -1, "device_end": -1, "host_queued_end": 1585660770.828949}, "device": "gpu", "nd_range": {"device_start": 1585660703.6264446, "device_end": 1585660703.6309593}, "cmdq": 0, "read": {"device_start": -1, "device_end": -1}}, "FFC_sans_bias25": {"write": {"device_start": 1585660703.6884232, "host_queued_start": 1585660770.788872, "device_queued": 1585660703.3895946, "device_end": 1585660703.6885216, "host_queued_end": 1585660770.828949}, "device": "gpu", "nd_range": {"device_start": 1585660703.6885247, "device_end": 1585660703.6948864}, "cmdq": 0, "read": {"device_start": 1585660703.6948915, "device_end": 1585660703.6949873}}, "FFC_sans_bias27": {"write": {"device_start": 1585660703.4005692, "host_queued_start": 1585660770.624651, "device_queued": 1585660703.3711834, "device_end": 1585660703.4006724, "host_queued_end": 1585660770.828949}, "device": "gpu", "nd_range": {"device_start": 1585660703.400679, "device_end": 1585660703.4079723}, "cmdq": 1, "read": {"device_start": -1, "device_end": -1}}, "FFC_sans_bias20": {"write": {"device_start": 1585660703.3966963, "host_queued_start": 1585660770.621304, "device_queued": 1585660703.370962, "device_end": 1585660703.396805, "host_queued_end": 1585660770.828949}, "device": "gpu", "nd_range": {"device_start": 1585660703.3968093, "device_end": 1585660703.4041224}, "cmdq": 0, "read": {"device_start": -1, "device_end": -1}}, "FFC_sans_bias22": {"write": {"device_start": -1, "host_queued_start": 1585660770.756819, "device_queued": -1, "device_end": -1, "host_queued_end": 1585660770.828949}, "device": "gpu", "nd_range": {"device_start": 1585660703.5573657, "device_end": 1585660703.5618887}, "cmdq": 0, "read": {"device_start": -1, "device_end": -1}}, "FFC_sans_bias130": {"write": {"device_start": -1, "host_queued_start": 1585660770.761456, "device_queued": -1, "device_end": -1, "host_queued_end": 1585660770.828949}, "device": "gpu", "nd_range": {"device_start": 1585660703.6024888, "device_end": 1585660703.6108348}, "cmdq": 0, "read": {"device_start": -1, "device_end": -1}}, "FFC_sans_bias28": {"write": {"device_start": 1585660703.4044366, "host_queued_start": 1585660770.627963, "device_queued": 1585660703.371415, "device_end": 1585660703.404548, "host_queued_end": 1585660770.828949}, "device": "gpu", "nd_range": {"device_start": 1585660703.4045522, "device_end": 1585660703.4118392}, "cmdq": 0, "read": {"device_start": -1, "device_end": -1}}, "FFC_sans_bias29": {"write": {"device_start": 1585660703.4082975, "host_queued_start": 1585660770.631297, "device_queued": 1585660703.3716402, "device_end": 1585660703.4084055, "host_queued_end": 1585660770.828949}, "device": "gpu", "nd_range": {"device_start": 1585660703.4084122, "device_end": 1585660703.4156957}, "cmdq": 1, "read": {"device_start": -1, "device_end": -1}}, "coalesced_transpose66": {"write": {"device_start": -1, "host_queued_start": 1585660770.753251, "device_queued": -1, "device_end": -1, "host_queued_end": 1585660770.828949}, "device": "gpu", "nd_range": {"device_start": 1585660703.5571787, "device_end": 1585660703.557222}, "cmdq": 1, "read": {"device_start": -1, "device_end": -1}}, "coalesced_transpose93": {"write": {"device_start": -1, "host_queued_start": 1585660770.754276, "device_queued": -1, "device_end": -1, "host_queued_end": 1585660770.828949}, "device": "gpu", "nd_range": {"device_start": 1585660703.5533183, "device_end": 1585660703.5533428}, "cmdq": 0, "read": {"device_start": -1, "device_end": -1}}, "softmax23": {"write": {"device_start": -1, "host_queued_start": 1585660770.76362, "device_queued": -1, "device_end": -1, "host_queued_end": 1585660770.828949}, "device": "gpu", "nd_range": {"device_start": 1585660703.6153612, "device_end": 1585660703.6193206}, "cmdq": 0, "read": {"device_start": -1, "device_end": -1}}, "empty62": {"write": {"device_start": 1585660703.3662722, "host_queued_start": 1585660770.568129, "device_queued": 1585660703.3659716, "device_end": 1585660703.3665316, "host_queued_end": 1585660770.828949}, "device": "gpu", "nd_range": {"device_start": 1585660703.3665454, "device_end": 1585660703.36655}, "cmdq": 0, "read": {"device_start": -1, "device_end": -1}}, "FFC_sans_bias10": {"write": {"device_start": 1585660703.3813672, "host_queued_start": 1585660770.608011, "device_queued": 1585660703.3700407, "device_end": 1585660703.3814683, "host_queued_end": 1585660770.828949}, "device": "gpu", "nd_range": {"device_start": 1585660703.3814735, "device_end": 1585660703.3886502}, "cmdq": 0, "read": {"device_start": -1, "device_end": -1}}, "FFC_sans_bias13": {"write": {"device_start": -1, "host_queued_start": 1585660770.756499, "device_queued": -1, "device_end": -1, "host_queued_end": 1585660770.828949}, "device": "gpu", "nd_range": {"device_start": 1585660703.561436, "device_end": 1585660703.5657837}, "cmdq": 1, "read": {"device_start": -1, "device_end": -1}}, "FFC_sans_bias15": {"write": {"device_start": -1, "host_queued_start": 1585660770.771364, "device_queued": -1, "device_end": -1, "host_queued_end": 1585660770.828949}, "device": "gpu", "nd_range": {"device_start": 1585660703.6309557, "device_end": 1585660703.6351771}, "cmdq": 1, "read": {"device_start": -1, "device_end": -1}}, "FFC_sans_bias16": {"write": {"device_start": 1585660703.6915963, "host_queued_start": 1585660770.785844, "device_queued": 1585660703.389282, "device_end": 1585660703.691695, "host_queued_end": 1585660770.828949}, "device": "gpu", "nd_range": {"device_start": 1585660703.6920629, "device_end": 1585660703.6983683}, "cmdq": 1, "read": {"device_start": 1585660703.6983714, "device_end": 1585660703.6984682}}, "FFC_sans_bias19": {"write": {"device_start": 1585660703.3928778, "host_queued_start": 1585660770.617944, "device_queued": 1585660703.370735, "device_end": 1585660703.392975, "host_queued_end": 1585660770.828949}, "device": "gpu", "nd_range": {"device_start": 1585660703.3929815, "device_end": 1585660703.4002514}, "cmdq": 1, "read": {"device_start": -1, "device_end": -1}}, "FFC_sans_bias18": {"write": {"device_start": 1585660703.3889737, "host_queued_start": 1585660770.614672, "device_queued": 1585660703.3705056, "device_end": 1585660703.3890762, "host_queued_end": 1585660770.828949}, "device": "gpu", "nd_range": {"device_start": 1585660703.3890817, "device_end": 1585660703.3963706}, "cmdq": 0, "read": {"device_start": -1, "device_end": -1}}, "FFC_sans_bias99": {"write": {"device_start": 1585660703.493241, "host_queued_start": 1585660770.704502, "device_queued": 1585660703.3769732, "device_end": 1585660703.4933436, "host_queued_end": 1585660770.828949}, "device": "gpu", "nd_range": {"device_start": 1585660703.4933498, "device_end": 1585660703.500604}, "cmdq": 1, "read": {"device_start": -1, "device_end": -1}}, "FFC_sans_bias91": {"write": {"device_start": 1585660703.4854975, "host_queued_start": 1585660770.697783, "device_queued": 1585660703.376485, "device_end": 1585660703.4856012, "host_queued_end": 1585660770.828949}, "device": "gpu", "nd_range": {"device_start": 1585660703.4856062, "device_end": 1585660703.4929268}, "cmdq": 1, "read": {"device_start": -1, "device_end": -1}}, "FFC_sans_bias90": {"write": {"device_start": 1585660703.481583, "host_queued_start": 1585660770.694453, "device_queued": 1585660703.3762438, "device_end": 1585660703.4816847, "host_queued_end": 1585660770.828949}, "device": "gpu", "nd_range": {"device_start": 1585660703.4816916, "device_end": 1585660703.4890723}, "cmdq": 0, "read": {"device_start": -1, "device_end": -1}}, "coalesced_transpose12": {"write": {"device_start": -1, "host_queued_start": 1585660770.751381, "device_queued": -1, "device_end": -1, "host_queued_end": 1585660770.828949}, "device": "gpu", "nd_range": {"device_start": 1585660703.553374, "device_end": 1585660703.553404}, "cmdq": 1, "read": {"device_start": -1, "device_end": -1}}, "FFC_sans_bias94": {"write": {"device_start": -1, "host_queued_start": 1585660770.759428, "device_queued": -1, "device_end": -1, "host_queued_end": 1585660770.828949}, "device": "gpu", "nd_range": {"device_start": 1585660703.5862565, "device_end": 1585660703.5945773}, "cmdq": 0, "read": {"device_start": -1, "device_end": -1}}, "FFC_sans_bias97": {"write": {"device_start": 1585660703.7162077, "host_queued_start": 1585660770.813498, "device_queued": 1585660703.3919775, "device_end": 1585660703.716306, "host_queued_end": 1585660770.828949}, "device": "gpu", "nd_range": {"device_start": 1585660703.7163086, "device_end": 1585660703.7226973}, "cmdq": 0, "read": {"device_start": 1585660703.722706, "device_end": 1585660703.7228}}, "FFC_sans_bias96": {"write": {"device_start": -1, "host_queued_start": 1585660770.776549, "device_queued": -1, "device_end": -1, "host_queued_end": 1585660770.828949}, "device": "gpu", "nd_range": {"device_start": 1585660703.6562831, "device_end": 1585660703.6648047}, "cmdq": 0, "read": {"device_start": -1, "device_end": -1}}, "FFC_sans_bias124": {"write": {"device_start": 1585660703.7335708, "host_queued_start": 1585660770.822659, "device_queued": 1585660703.3970187, "device_end": 1585660703.7336679, "host_queued_end": 1585660770.828949}, "device": "gpu", "nd_range": {"device_start": 1585660703.73367, "device_end": 1585660703.739917}, "cmdq": 1, "read": {"device_start": 1585660703.7399237, "device_end": 1585660703.7400372}}, "FFC_sans_bias126": {"write": {"device_start": 1585660703.5301855, "host_queued_start": 1585660770.737583, "device_queued": 1585660703.379665, "device_end": 1585660703.5302851, "host_queued_end": 1585660770.828949}, "device": "gpu", "nd_range": {"device_start": 1585660703.5302894, "device_end": 1585660703.5373876}, "cmdq": 1, "read": {"device_start": -1, "device_end": -1}}, "softmax32": {"write": {"device_start": -1, "host_queued_start": 1585660770.764121, "device_queued": -1, "device_end": -1, "host_queued_end": 1585660770.828949}, "device": "gpu", "nd_range": {"device_start": 1585660703.6196227, "device_end": 1585660703.6203218}, "cmdq": 1, "read": {"device_start": -1, "device_end": -1}}, "coalesced_transpose84": {"write": {"device_start": -1, "host_queued_start": 1585660770.753933, "device_queued": -1, "device_end": -1, "host_queued_end": 1585660770.828949}, "device": "gpu", "nd_range": {"device_start": 1585660703.5572405, "device_end": 1585660703.5572846}, "cmdq": 1, "read": {"device_start": -1, "device_end": -1}}, "FFC_sans_bias121": {"write": {"device_start": -1, "host_queued_start": 1585660770.760891, "device_queued": -1, "device_end": -1, "host_queued_end": 1585660770.828949}, "device": "gpu", "nd_range": {"device_start": 1585660703.6065474, "device_end": 1585660703.6148965}, "cmdq": 1, "read": {"device_start": -1, "device_end": -1}}, "empty98": {"write": {"device_start": 1585660703.367431, "host_queued_start": 1585660770.57885, "device_queued": 1585660703.3671176, "device_end": 1585660703.3676455, "host_queued_end": 1585660770.828949}, "device": "gpu", "nd_range": {"device_start": 1585660703.367658, "device_end": 1585660703.3676643}, "cmdq": 0, "read": {"device_start": -1, "device_end": -1}}, "empty107": {"write": {"device_start": 1585660703.3677287, "host_queued_start": 1585660770.581447, "device_queued": 1585660703.3674123, "device_end": 1585660703.3679965, "host_queued_end": 1585660770.828949}, "device": "gpu", "nd_range": {"device_start": 1585660703.3679996, "device_end": 1585660703.368009}, "cmdq": 1, "read": {"device_start": -1, "device_end": -1}}, "empty17": {"write": {"device_start": 1585660703.364727, "host_queued_start": 1585660770.555015, "device_queued": 1585660703.3644483, "device_end": 1585660703.364969, "host_queued_end": 1585660770.828949}, "device": "gpu", "nd_range": {"device_start": 1585660703.3649762, "device_end": 1585660703.3649867}, "cmdq": 1, "read": {"device_start": -1, "device_end": -1}}, "FFC_sans_bias87": {"write": {"device_start": -1, "host_queued_start": 1585660770.775982, "device_queued": -1, "device_end": -1, "host_queued_end": 1585660770.828949}, "device": "gpu", "nd_range": {"device_start": 1585660703.6601796, "device_end": 1585660703.6690257}, "cmdq": 1, "read": {"device_start": -1, "device_end": -1}}, "FFC_sans_bias85": {"write": {"device_start": -1, "host_queued_start": 1585660770.759102, "device_queued": -1, "device_end": -1, "host_queued_end": 1585660770.828949}, "device": "gpu", "nd_range": {"device_start": 1585660703.5902982, "device_end": 1585660703.5987997}, "cmdq": 1, "read": {"device_start": -1, "device_end": -1}}, "FFC_sans_bias82": {"write": {"device_start": 1585660703.473943, "host_queued_start": 1585660770.687866, "device_queued": 1585660703.3757677, "device_end": 1585660703.4740458, "host_queued_end": 1585660770.828949}, "device": "gpu", "nd_range": {"device_start": 1585660703.4740496, "device_end": 1585660703.481267}, "cmdq": 0, "read": {"device_start": -1, "device_end": -1}}, "FFC_sans_bias83": {"write": {"device_start": 1585660703.4778025, "host_queued_start": 1585660770.691179, "device_queued": 1585660703.3760002, "device_end": 1585660703.4779146, "host_queued_end": 1585660770.828949}, "device": "gpu", "nd_range": {"device_start": 1585660703.4779203, "device_end": 1585660703.4851823}, "cmdq": 1, "read": {"device_start": -1, "device_end": -1}}, "FFC_sans_bias81": {"write": {"device_start": 1585660703.4700737, "host_queued_start": 1585660770.684525, "device_queued": 1585660703.3755443, "device_end": 1585660703.4701777, "host_queued_end": 1585660770.828949}, "device": "gpu", "nd_range": {"device_start": 1585660703.4701822, "device_end": 1585660703.477485}, "cmdq": 1, "read": {"device_start": -1, "device_end": -1}}, "FFC_sans_bias88": {"write": {"device_start": 1585660703.7198331, "host_queued_start": 1585660770.810413, "device_queued": 1585660703.39165, "device_end": 1585660703.7199323, "host_queued_end": 1585660770.828949}, "device": "gpu", "nd_range": {"device_start": 1585660703.7199357, "device_end": 1585660703.725968}, "cmdq": 1, "read": {"device_start": 1585660703.7259724, "device_end": 1585660703.7260644}}, "coalesced_transpose30": {"write": {"device_start": -1, "host_queued_start": 1585660770.752003, "device_queued": -1, "device_end": -1, "host_queued_end": 1585660770.828949}, "device": "gpu", "nd_range": {"device_start": 1585660703.5534096, "device_end": 1585660703.553437}, "cmdq": 1, "read": {"device_start": -1, "device_end": -1}}, "FFC_sans_bias128": {"write": {"device_start": 1585660703.5267055, "host_queued_start": 1585660770.734302, "device_queued": 1585660703.3794165, "device_end": 1585660703.5268056, "host_queued_end": 1585660770.828949}, "device": "gpu", "nd_range": {"device_start": 1585660703.5268104, "device_end": 1585660703.5334067}, "cmdq": 0, "read": {"device_start": -1, "device_end": -1}}, "coalesced_transpose39": {"write": {"device_start": -1, "host_queued_start": 1585660770.752318, "device_queued": -1, "device_end": -1, "host_queued_end": 1585660770.828949}, "device": "gpu", "nd_range": {"device_start": 1585660703.5532093, "device_end": 1585660703.5532346}, "cmdq": 0, "read": {"device_start": -1, "device_end": -1}}, "FFC_sans_bias79": {"write": {"device_start": 1585660703.709174, "host_queued_start": 1585660770.807376, "device_queued": 1585660703.3913863, "device_end": 1585660703.7092733, "host_queued_end": 1585660770.828949}, "device": "gpu", "nd_range": {"device_start": 1585660703.7092764, "device_end": 1585660703.7156553}, "cmdq": 0, "read": {"device_start": 1585660703.7156577, "device_end": 1585660703.715751}}, "FFC_sans_bias78": {"write": {"device_start": -1, "host_queued_start": 1585660770.775408, "device_queued": -1, "device_end": -1, "host_queued_end": 1585660770.828949}, "device": "gpu", "nd_range": {"device_start": 1585660703.647718, "device_end": 1585660703.6562817}, "cmdq": 0, "read": {"device_start": -1, "device_end": -1}}, "FFC_sans_bias73": {"write": {"device_start": 1585660703.4623387, "host_queued_start": 1585660770.67783, "device_queued": 1585660703.3750846, "device_end": 1585660703.4624403, "host_queued_end": 1585660770.828949}, "device": "gpu", "nd_range": {"device_start": 1585660703.4624448, "device_end": 1585660703.469759}, "cmdq": 1, "read": {"device_start": -1, "device_end": -1}}, "FFC_sans_bias72": {"write": {"device_start": 1585660703.4584675, "host_queued_start": 1585660770.674536, "device_queued": 1585660703.3748453, "device_end": 1585660703.4585733, "host_queued_end": 1585660770.828949}, "device": "gpu", "nd_range": {"device_start": 1585660703.4585783, "device_end": 1585660703.4658892}, "cmdq": 0, "read": {"device_start": -1, "device_end": -1}}, "FFC_sans_bias70": {"write": {"device_start": 1585660703.7127707, "host_queued_start": 1585660770.804289, "device_queued": 1585660703.3910558, "device_end": 1585660703.7128706, "host_queued_end": 1585660770.828949}, "device": "gpu", "nd_range": {"device_start": 1585660703.7128742, "device_end": 1585660703.7192385}, "cmdq": 1, "read": {"device_start": 1585660703.7192457, "device_end": 1585660703.7193408}}, "FFC_sans_bias76": {"write": {"device_start": -1, "host_queued_start": 1585660770.75878, "device_queued": -1, "device_end": -1, "host_queued_end": 1585660770.828949}, "device": "gpu", "nd_range": {"device_start": 1585660703.5781672, "device_end": 1585660703.5862548}, "cmdq": 0, "read": {"device_start": -1, "device_end": -1}}, "FFC_sans_bias74": {"write": {"device_start": 1585660703.4662027, "host_queued_start": 1585660770.681172, "device_queued": 1585660703.3753178, "device_end": 1585660703.4663064, "host_queued_end": 1585660770.828949}, "device": "gpu", "nd_range": {"device_start": 1585660703.4663115, "device_end": 1585660703.473627}, "cmdq": 0, "read": {"device_start": -1, "device_end": -1}}, "coalesced_transpose102": {"write": {"device_start": -1, "host_queued_start": 1585660770.754593, "device_queued": -1, "device_end": -1, "host_queued_end": 1585660770.828949}, "device": "gpu", "nd_range": {"device_start": 1585660703.5573053, "device_end": 1585660703.557333}, "cmdq": 1, "read": {"device_start": -1, "device_end": -1}}, "coalesced_transpose3": {"write": {"device_start": -1, "host_queued_start": 1585660770.751069, "device_queued": -1, "device_end": -1, "host_queued_end": 1585660770.828949}, "device": "gpu", "nd_range": {"device_start": 1585660703.5491562, "device_end": 1585660703.5531716}, "cmdq": 0, "read": {"device_start": -1, "device_end": -1}}, "FFC_sans_bias127": {"write": {"device_start": 1585660703.5337167, "host_queued_start": 1585660770.740874, "device_queued": 1585660703.3799114, "device_end": 1585660703.533816, "host_queued_end": 1585660770.828949}, "device": "gpu", "nd_range": {"device_start": 1585660703.5338209, "device_end": 1585660703.5407221}, "cmdq": 0, "read": {"device_start": -1, "device_end": -1}}, "empty89": {"write": {"device_start": 1585660703.3671288, "host_queued_start": 1585660770.575944, "device_queued": 1585660703.366826, "device_end": 1585660703.3673959, "host_queued_end": 1585660770.828949}, "device": "gpu", "nd_range": {"device_start": 1585660703.3674014, "device_end": 1585660703.3674057}, "cmdq": 1, "read": {"device_start": -1, "device_end": -1}}, "FFC_sans_bias123": {"write": {"device_start": -1, "host_queued_start": 1585660770.778398, "device_queued": -1, "device_end": -1, "host_queued_end": 1585660770.828949}, "device": "gpu", "nd_range": {"device_start": 1585660703.677441, "device_end": 1585660703.6842432}, "cmdq": 1, "read": {"device_start": -1, "device_end": -1}}, "empty80": {"write": {"device_start": 1585660703.366847, "host_queued_start": 1585660770.573331, "device_queued": 1585660703.3665514, "device_end": 1585660703.3671029, "host_queued_end": 1585660770.828949}, "device": "gpu", "nd_range": {"device_start": 1585660703.367114, "device_end": 1585660703.367121}, "cmdq": 0, "read": {"device_start": -1, "device_end": -1}}, "empty116": {"write": {"device_start": 1585660703.368002, "host_queued_start": 1585660770.584095, "device_queued": 1585660703.3676684, "device_end": 1585660703.368225, "host_queued_end": 1585660770.828949}, "device": "gpu", "nd_range": {"device_start": 1585660703.3682296, "device_end": 1585660703.3682344}, "cmdq": 0, "read": {"device_start": -1, "device_end": -1}}, "softmax104": {"write": {"device_start": -1, "host_queued_start": 1585660770.768187, "device_queued": -1, "device_end": -1, "host_queued_end": 1585660770.828949}, "device": "gpu", "nd_range": {"device_start": 1585660703.6217782, "device_end": 1585660703.6222336}, "cmdq": 1, "read": {"device_start": -1, "device_end": -1}}, "coalesced_transpose21": {"write": {"device_start": -1, "host_queued_start": 1585660770.751695, "device_queued": -1, "device_end": -1, "host_queued_end": 1585660770.828949}, "device": "gpu", "nd_range": {"device_start": 1585660703.553177, "device_end": 1585660703.5532}, "cmdq": 0, "read": {"device_start": -1, "device_end": -1}}, "softmax14": {"write": {"device_start": -1, "host_queued_start": 1585660770.763069, "device_queued": -1, "device_end": -1, "host_queued_end": 1585660770.828949}, "device": "gpu", "nd_range": {"device_start": 1585660703.6191597, "device_end": 1585660703.619621}, "cmdq": 1, "read": {"device_start": -1, "device_end": -1}}, "FFC_sans_bias69": {"write": {"device_start": -1, "host_queued_start": 1585660770.774824, "device_queued": -1, "device_end": -1, "host_queued_end": 1585660770.828949}, "device": "gpu", "nd_range": {"device_start": 1585660703.651923, "device_end": 1585660703.660178}, "cmdq": 1, "read": {"device_start": -1, "device_end": -1}}, "FFC_sans_bias92": {"write": {"device_start": 1585660703.4893816, "host_queued_start": 1585660770.701174, "device_queued": 1585660703.3767226, "device_end": 1585660703.4894855, "host_queued_end": 1585660770.828949}, "device": "gpu", "nd_range": {"device_start": 1585660703.4894924, "device_end": 1585660703.4967332}, "cmdq": 0, "read": {"device_start": -1, "device_end": -1}}, "FFC_sans_bias60": {"write": {"device_start": -1, "host_queued_start": 1585660770.774242, "device_queued": -1, "device_end": -1, "host_queued_end": 1585660770.828949}, "device": "gpu", "nd_range": {"device_start": 1585660703.6394007, "device_end": 1585660703.6477168}, "cmdq": 0, "read": {"device_start": -1, "device_end": -1}}, "FFC_sans_bias61": {"write": {"device_start": 1585660703.7021163, "host_queued_start": 1585660770.801168, "device_queued": 1585660703.3907893, "device_end": 1585660703.7022147, "host_queued_end": 1585660770.828949}, "device": "gpu", "nd_range": {"device_start": 1585660703.7022176, "device_end": 1585660703.7086093}, "cmdq": 0, "read": {"device_start": 1585660703.7086146, "device_end": 1585660703.708707}}, "FFC_sans_bias63": {"write": {"device_start": 1585660703.4546013, "host_queued_start": 1585660770.671262, "device_queued": 1585660703.3746085, "device_end": 1585660703.4547038, "host_queued_end": 1585660770.828949}, "device": "gpu", "nd_range": {"device_start": 1585660703.4547098, "device_end": 1585660703.4620202}, "cmdq": 1, "read": {"device_start": -1, "device_end": -1}}, "FFC_sans_bias64": {"write": {"device_start": 1585660703.446881, "host_queued_start": 1585660770.664614, "device_queued": 1585660703.3741305, "device_end": 1585660703.446984, "host_queued_end": 1585660770.828949}, "device": "gpu", "nd_range": {"device_start": 1585660703.4469879, "device_end": 1585660703.4542918}, "cmdq": 1, "read": {"device_start": -1, "device_end": -1}}, "FFC_sans_bias65": {"write": {"device_start": 1585660703.450747, "host_queued_start": 1585660770.667972, "device_queued": 1585660703.3743725, "device_end": 1585660703.4508483, "host_queued_end": 1585660770.828949}, "device": "gpu", "nd_range": {"device_start": 1585660703.450853, "device_end": 1585660703.458151}, "cmdq": 0, "read": {"device_start": -1, "device_end": -1}}, "FFC_sans_bias67": {"write": {"device_start": -1, "host_queued_start": 1585660770.758446, "device_queued": -1, "device_end": -1, "host_queued_end": 1585660770.828949}, "device": "gpu", "nd_range": {"device_start": 1585660703.582549, "device_end": 1585660703.5902956}, "cmdq": 1, "read": {"device_start": -1, "device_end": -1}}, "coalesced_transpose111": {"write": {"device_start": -1, "host_queued_start": 1585660770.754912, "device_queued": -1, "device_end": -1, "host_queued_end": 1585660770.828949}, "device": "gpu", "nd_range": {"device_start": 1585660703.5533657, "device_end": 1585660703.5533926}, "cmdq": 0, "read": {"device_start": -1, "device_end": -1}}, "FFC_sans_bias136": {"write": {"device_start": 1585660703.537788, "host_queued_start": 1585660770.744195, "device_queued": 1585660703.3801587, "device_end": 1585660703.5378964, "host_queued_end": 1585660770.828949}, "device": "gpu", "nd_range": {"device_start": 1585660703.537902, "device_end": 1585660703.5449405}, "cmdq": 1, "read": {"device_start": -1, "device_end": -1}}, "FFC_sans_bias135": {"write": {"device_start": 1585660703.5452406, "host_queued_start": 1585660770.750724, "device_queued": 1585660703.3806527, "device_end": 1585660703.5453424, "host_queued_end": 1585660770.828949}, "device": "gpu", "nd_range": {"device_start": 1585660703.5453484, "device_end": 1585660703.5533695}, "cmdq": 1, "read": {"device_start": -1, "device_end": -1}}, "FFC_sans_bias133": {"write": {"device_start": 1585660703.730007, "host_queued_start": 1585660770.825749, "device_queued": 1585660703.4085605, "device_end": 1585660703.7301018, "host_queued_end": 1585660770.828949}, "device": "gpu", "nd_range": {"device_start": 1585660703.7302027, "device_end": 1585660703.736518}, "cmdq": 0, "read": {"device_start": 1585660703.7365212, "device_end": 1585660703.7366073}}, "FFC_sans_bias132": {"write": {"device_start": -1, "host_queued_start": 1585660770.778981, "device_queued": -1, "device_end": -1, "host_queued_end": 1585660770.828949}, "device": "gpu", "nd_range": {"device_start": 1585660703.6728785, "device_end": 1585660703.6807277}, "cmdq": 0, "read": {"device_start": -1, "device_end": -1}}, "softmax68": {"write": {"device_start": -1, "host_queued_start": 1585660770.766111, "device_queued": -1, "device_end": -1, "host_queued_end": 1585660770.828949}, "device": "gpu", "nd_range": {"device_start": 1585660703.6207812, "device_end": 1585660703.6212318}, "cmdq": 1, "read": {"device_start": -1, "device_end": -1}}, "softmax131": {"write": {"device_start": -1, "host_queued_start": 1585660770.769696, "device_queued": -1, "device_end": -1, "host_queued_end": 1585660770.828949}, "device": "gpu", "nd_range": {"device_start": 1585660703.6217723, "device_end": 1585660703.6222286}, "cmdq": 0, "read": {"device_start": -1, "device_end": -1}}, "empty125": {"write": {"device_start": 1585660703.368286, "host_queued_start": 1585660770.586692, "device_queued": 1585660703.3680131, "device_end": 1585660703.3685474, "host_queued_end": 1585660770.828949}, "device": "gpu", "nd_range": {"device_start": 1585660703.3685536, "device_end": 1585660703.3685586}, "cmdq": 1, "read": {"device_start": -1, "device_end": -1}}, "FFC_sans_bias139": {"write": {"device_start": -1, "host_queued_start": 1585660770.762027, "device_queued": -1, "device_end": -1, "host_queued_end": 1585660770.828949}, "device": "gpu", "nd_range": {"device_start": 1585660703.6148984, "device_end": 1585660703.619157}, "cmdq": 1, "read": {"device_start": -1, "device_end": -1}}, "empty35": {"write": {"device_start": 1585660703.3653724, "host_queued_start": 1585660770.560263, "device_queued": 1585660703.3650002, "device_end": 1585660703.3656232, "host_queued_end": 1585660770.828949}, "device": "gpu", "nd_range": {"device_start": 1585660703.3656347, "device_end": 1585660703.365639}, "cmdq": 1, "read": {"device_start": -1, "device_end": -1}}, "softmax86": {"write": {"device_start": -1, "host_queued_start": 1585660770.767171, "device_queued": -1, "device_end": -1, "host_queued_end": 1585660770.828949}, "device": "gpu", "nd_range": {"device_start": 1585660703.6212344, "device_end": 1585660703.6217773}, "cmdq": 1, "read": {"device_start": -1, "device_end": -1}}, "FFC_sans_bias55": {"write": {"device_start": 1585660703.443003, "host_queued_start": 1585660770.661251, "device_queued": 1585660703.3738918, "device_end": 1585660703.4431055, "host_queued_end": 1585660770.828949}, "device": "gpu", "nd_range": {"device_start": 1585660703.4431124, "device_end": 1585660703.450432}, "cmdq": 0, "read": {"device_start": -1, "device_end": -1}}, "FFC_sans_bias54": {"write": {"device_start": 1585660703.4391325, "host_queued_start": 1585660770.657909, "device_queued": 1585660703.3736408, "device_end": 1585660703.4392354, "host_queued_end": 1585660770.828949}, "device": "gpu", "nd_range": {"device_start": 1585660703.4392416, "device_end": 1585660703.4465642}, "cmdq": 1, "read": {"device_start": -1, "device_end": -1}}, "FFC_sans_bias56": {"write": {"device_start": 1585660703.435265, "host_queued_start": 1585660770.65464, "device_queued": 1585660703.373343, "device_end": 1585660703.435373, "host_queued_end": 1585660770.828949}, "device": "gpu", "nd_range": {"device_start": 1585660703.4353766, "device_end": 1585660703.4426887}, "cmdq": 0, "read": {"device_start": -1, "device_end": -1}}, "FFC_sans_bias51": {"write": {"device_start": -1, "host_queued_start": 1585660770.773664, "device_queued": -1, "device_end": -1, "host_queued_end": 1585660770.828949}, "device": "gpu", "nd_range": {"device_start": 1585660703.643856, "device_end": 1585660703.651922}, "cmdq": 1, "read": {"device_start": -1, "device_end": -1}}, "FFC_sans_bias52": {"write": {"device_start": 1585660703.7057216, "host_queued_start": 1585660770.798046, "device_queued": 1585660703.390454, "device_end": 1585660703.7058196, "host_queued_end": 1585660770.828949}, "device": "gpu", "nd_range": {"device_start": 1585660703.7061913, "device_end": 1585660703.712174}, "cmdq": 1, "read": {"device_start": 1585660703.7121801, "device_end": 1585660703.7122755}}, "FFC_sans_bias58": {"write": {"device_start": -1, "host_queued_start": 1585660770.758118, "device_queued": -1, "device_end": -1, "host_queued_end": 1585660770.828949}, "device": "gpu", "nd_range": {"device_start": 1585660703.5698042, "device_end": 1585660703.5781653}, "cmdq": 0, "read": {"device_start": -1, "device_end": -1}}, "FFC_sans_bias108": {"write": {"device_start": 1585660703.504801, "host_queued_start": 1585660770.714388, "device_queued": 1585660703.3779159, "device_end": 1585660703.5049028, "host_queued_end": 1585660770.828949}, "device": "gpu", "nd_range": {"device_start": 1585660703.5049083, "device_end": 1585660703.512251}, "cmdq": 0, "read": {"device_start": -1, "device_end": -1}}, "FFC_sans_bias109": {"write": {"device_start": 1585660703.5097597, "host_queued_start": 1585660770.717703, "device_queued": 1585660703.3781843, "device_end": 1585660703.5098608, "host_queued_end": 1585660770.828949}, "device": "gpu", "nd_range": {"device_start": 1585660703.5098653, "device_end": 1585660703.5157409}, "cmdq": 1, "read": {"device_start": -1, "device_end": -1}}, "coalesced_transpose129": {"write": {"device_start": -1, "host_queued_start": 1585660770.755529, "device_queued": -1, "device_end": -1, "host_queued_end": 1585660770.828949}, "device": "gpu", "nd_range": {"device_start": 1585660703.5533943, "device_end": 1585660703.55342}, "cmdq": 0, "read": {"device_start": -1, "device_end": -1}}, "FFC_sans_bias103": {"write": {"device_start": -1, "host_queued_start": 1585660770.759747, "device_queued": -1, "device_end": -1, "host_queued_end": 1585660770.828949}, "device": "gpu", "nd_range": {"device_start": 1585660703.5988023, "device_end": 1585660703.6065447}, "cmdq": 1, "read": {"device_start": -1, "device_end": -1}}, "FFC_sans_bias100": {"write": {"device_start": 1585660703.4970448, "host_queued_start": 1585660770.707803, "device_queued": 1585660703.3772957, "device_end": 1585660703.497148, "host_queued_end": 1585660770.828949}, "device": "gpu", "nd_range": {"device_start": 1585660703.4971526, "device_end": 1585660703.5044897}, "cmdq": 0, "read": {"device_start": -1, "device_end": -1}}, "FFC_sans_bias101": {"write": {"device_start": 1585660703.5009096, "host_queued_start": 1585660770.711115, "device_queued": 1585660703.3776581, "device_end": 1585660703.5010135, "host_queued_end": 1585660770.828949}, "device": "gpu", "nd_range": {"device_start": 1585660703.5010197, "device_end": 1585660703.5084047}, "cmdq": 1, "read": {"device_start": -1, "device_end": -1}}, "FFC_sans_bias106": {"write": {"device_start": 1585660703.7265334, "host_queued_start": 1585660770.816535, "device_queued": 1585660703.3922312, "device_end": 1585660703.7266316, "host_queued_end": 1585660770.828949}, "device": "gpu", "nd_range": {"device_start": 1585660703.7266355, "device_end": 1585660703.733024}, "cmdq": 1, "read": {"device_start": 1585660703.7330258, "device_end": 1585660703.733116}}, "softmax122": {"write": {"device_start": -1, "host_queued_start": 1585660770.769183, "device_queued": -1, "device_end": -1, "host_queued_end": 1585660770.828949}, "device": "gpu", "nd_range": {"device_start": 1585660703.622236, "device_end": 1585660703.626758}, "cmdq": 1, "read": {"device_start": -1, "device_end": -1}}, "FFC_sans_bias105": {"write": {"device_start": -1, "host_queued_start": 1585660770.777226, "device_queued": -1, "device_end": -1, "host_queued_end": 1585660770.828949}, "device": "gpu", "nd_range": {"device_start": 1585660703.6690269, "device_end": 1585660703.6774397}, "cmdq": 1, "read": {"device_start": -1, "device_end": -1}}, "softmax95": {"write": {"device_start": -1, "host_queued_start": 1585660770.767688, "device_queued": -1, "device_end": -1, "host_queued_end": 1585660770.828949}, "device": "gpu", "nd_range": {"device_start": 1585660703.6207752, "device_end": 1585660703.6212263}, "cmdq": 0, "read": {"device_start": -1, "device_end": -1}}, "coalesced_transpose57": {"write": {"device_start": -1, "host_queued_start": 1585660770.752942, "device_queued": -1, "device_end": -1, "host_queued_end": 1585660770.828949}, "device": "gpu", "nd_range": {"device_start": 1585660703.5532372, "device_end": 1585660703.553259}, "cmdq": 0, "read": {"device_start": -1, "device_end": -1}}, "empty26": {"write": {"device_start": 1585660703.3650665, "host_queued_start": 1585660770.557638, "device_queued": 1585660703.364664, "device_end": 1585660703.365316, "host_queued_end": 1585660770.828949}, "device": "gpu", "nd_range": {"device_start": 1585660703.3653283, "device_end": 1585660703.3653336}, "cmdq": 0, "read": {"device_start": -1, "device_end": -1}}, "softmax113": {"write": {"device_start": -1, "host_queued_start": 1585660770.768685, "device_queued": -1, "device_end": -1, "host_queued_end": 1585660770.828949}, "device": "gpu", "nd_range": {"device_start": 1585660703.6212282, "device_end": 1585660703.621771}, "cmdq": 0, "read": {"device_start": -1, "device_end": -1}}, "FFC_sans_bias11": {"write": {"device_start": 1585660703.3850842, "host_queued_start": 1585660770.611362, "device_queued": 1585660703.370272, "device_end": 1585660703.3851855, "host_queued_end": 1585660770.828949}, "device": "gpu", "nd_range": {"device_start": 1585660703.3851898, "device_end": 1585660703.3925643}, "cmdq": 1, "read": {"device_start": -1, "device_end": -1}}, "FFC_sans_bias42": {"write": {"device_start": -1, "host_queued_start": 1585660770.773081, "device_queued": -1, "device_end": -1, "host_queued_end": 1585660770.828949}, "device": "gpu", "nd_range": {"device_start": 1585660703.6309614, "device_end": 1585660703.6393986}, "cmdq": 0, "read": {"device_start": -1, "device_end": -1}}, "FFC_sans_bias43": {"write": {"device_start": 1585660703.6954834, "host_queued_start": 1585660770.794969, "device_queued": 1585660703.3901901, "device_end": 1585660703.695581, "host_queued_end": 1585660770.828949}, "device": "gpu", "nd_range": {"device_start": 1585660703.6955848, "device_end": 1585660703.7015488}, "cmdq": 0, "read": {"device_start": 1585660703.7015545, "device_end": 1585660703.7016468}}, "FFC_sans_bias40": {"write": {"device_start": -1, "host_queued_start": 1585660770.757464, "device_queued": -1, "device_end": -1, "host_queued_end": 1585660770.828949}, "device": "gpu", "nd_range": {"device_start": 1585660703.5618913, "device_end": 1585660703.5698018}, "cmdq": 0, "read": {"device_start": -1, "device_end": -1}}, "FFC_sans_bias46": {"write": {"device_start": 1585660703.4276268, "host_queued_start": 1585660770.648015, "device_queued": 1585660703.3728015, "device_end": 1585660703.4277296, "host_queued_end": 1585660770.828949}, "device": "gpu", "nd_range": {"device_start": 1585660703.427734, "device_end": 1585660703.4349737}, "cmdq": 0, "read": {"device_start": -1, "device_end": -1}}, "FFC_sans_bias47": {"write": {"device_start": 1585660703.4314585, "host_queued_start": 1585660770.651337, "device_queued": 1585660703.3730621, "device_end": 1585660703.4315612, "host_queued_end": 1585660770.828949}, "device": "gpu", "nd_range": {"device_start": 1585660703.4315665, "device_end": 1585660703.438813}, "cmdq": 1, "read": {"device_start": -1, "device_end": -1}}, "FFC_sans_bias45": {"write": {"device_start": 1585660703.4237232, "host_queued_start": 1585660770.644713, "device_queued": 1585660703.37257, "device_end": 1585660703.4238336, "host_queued_end": 1585660770.828949}, "device": "gpu", "nd_range": {"device_start": 1585660703.4238396, "device_end": 1585660703.4311435}, "cmdq": 1, "read": {"device_start": -1, "device_end": -1}}, "FFC_sans_bias49": {"write": {"device_start": -1, "host_queued_start": 1585660770.757788, "device_queued": -1, "device_end": -1, "host_queued_end": 1585660770.828949}, "device": "gpu", "nd_range": {"device_start": 1585660703.5738554, "device_end": 1585660703.5825481}, "cmdq": 1, "read": {"device_start": -1, "device_end": -1}}, "softmax77": {"write": {"device_start": -1, "host_queued_start": 1585660770.766645, "device_queued": -1, "device_end": -1, "host_queued_end": 1585660770.828949}, "device": "gpu", "nd_range": {"device_start": 1585660703.6203163, "device_end": 1585660703.6207733}, "cmdq": 0, "read": {"device_start": -1, "device_end": -1}}, "empty134": {"write": {"device_start": 1585660703.3685696, "host_queued_start": 1585660770.589289, "device_queued": 1585660703.368239, "device_end": 1585660703.3688252, "host_queued_end": 1585660770.828949}, "device": "gpu", "nd_range": {"device_start": 1585660703.368836, "device_end": 1585660703.3688426}, "cmdq": 0, "read": {"device_start": -1, "device_end": -1}}, "coalesced_transpose138": {"write": {"device_start": -1, "host_queued_start": 1585660770.755844, "device_queued": -1, "device_end": -1, "host_queued_end": 1585660770.828949}, "device": "gpu", "nd_range": {"device_start": 1585660703.557386, "device_end": 1585660703.5614338}, "cmdq": 1, "read": {"device_start": -1, "device_end": -1}}, "FFC_sans_bias119": {"write": {"device_start": 1585660703.523153, "host_queued_start": 1585660770.730963, "device_queued": 1585660703.3791738, "device_end": 1585660703.5232549, "host_queued_end": 1585660770.828949}, "device": "gpu", "nd_range": {"device_start": 1585660703.5232615, "device_end": 1585660703.529872}, "cmdq": 1, "read": {"device_start": -1, "device_end": -1}}, "FFC_sans_bias118": {"write": {"device_start": 1585660703.5196095, "host_queued_start": 1585660770.727652, "device_queued": 1585660703.3789303, "device_end": 1585660703.519708, "host_queued_end": 1585660770.828949}, "device": "gpu", "nd_range": {"device_start": 1585660703.5197144, "device_end": 1585660703.5263934}, "cmdq": 0, "read": {"device_start": -1, "device_end": -1}}, "empty143": {"write": {"device_start": 1585660703.368844, "host_queued_start": 1585660770.591885, "device_queued": 1585660703.3685646, "device_end": 1585660703.369039, "host_queued_end": 1585660770.828949}, "device": "gpu", "nd_range": {"device_start": 1585660703.369046, "device_end": 1585660703.3690498}, "cmdq": 1, "read": {"device_start": -1, "device_end": -1}}, "FFC_sans_bias115": {"write": {"device_start": 1585660703.7232401, "host_queued_start": 1585660770.819583, "device_queued": 1585660703.3930154, "device_end": 1585660703.7233372, "host_queued_end": 1585660770.828949}, "device": "gpu", "nd_range": {"device_start": 1585660703.7233403, "device_end": 1585660703.7294695}, "cmdq": 0, "read": {"device_start": 1585660703.72948, "device_end": 1585660703.7295704}}, "FFC_sans_bias114": {"write": {"device_start": -1, "host_queued_start": 1585660770.77781, "device_queued": -1, "device_end": -1, "host_queued_end": 1585660770.828949}, "device": "gpu", "nd_range": {"device_start": 1585660703.6648057, "device_end": 1585660703.672877}, "cmdq": 0, "read": {"device_start": -1, "device_end": -1}}, "FFC_sans_bias117": {"write": {"device_start": 1585660703.516054, "host_queued_start": 1585660770.724374, "device_queued": 1585660703.3786845, "device_end": 1585660703.5161555, "host_queued_end": 1585660770.828949}, "device": "gpu", "nd_range": {"device_start": 1585660703.5161624, "device_end": 1585660703.5228395}, "cmdq": 1, "read": {"device_start": -1, "device_end": -1}}, "softmax5": {"write": {"device_start": -1, "host_queued_start": 1585660770.762546, "device_queued": -1, "device_end": -1, "host_queued_end": 1585660770.828949}, "device": "gpu", "nd_range": {"device_start": 1585660703.610836, "device_end": 1585660703.6153595}, "cmdq": 0, "read": {"device_start": -1, "device_end": -1}}, "FFC_sans_bias110": {"write": {"device_start": 1585660703.5125663, "host_queued_start": 1585660770.72102, "device_queued": 1585660703.3784373, "device_end": 1585660703.5126653, "host_queued_end": 1585660770.828949}, "device": "gpu", "nd_range": {"device_start": 1585660703.5126696, "device_end": 1585660703.519291}, "cmdq": 0, "read": {"device_start": -1, "device_end": -1}}, "FFC_sans_bias112": {"write": {"device_start": -1, "host_queued_start": 1585660770.760316, "device_queued": -1, "device_end": -1, "host_queued_end": 1585660770.828949}, "device": "gpu", "nd_range": {"device_start": 1585660703.5945783, "device_end": 1585660703.6024866}, "cmdq": 0, "read": {"device_start": -1, "device_end": -1}}, "empty53": {"write": {"device_start": 1585660703.365975, "host_queued_start": 1585660770.565491, "device_queued": 1585660703.3656445, "device_end": 1585660703.366217, "host_queued_end": 1585660770.828949}, "device": "gpu", "nd_range": {"device_start": 1585660703.366228, "device_end": 1585660703.3662336}, "cmdq": 1, "read": {"device_start": -1, "device_end": -1}}, "coalesced_transpose48": {"write": {"device_start": -1, "host_queued_start": 1585660770.752633, "device_queued": -1, "device_end": -1, "host_queued_end": 1585660770.828949}, "device": "gpu", "nd_range": {"device_start": 1585660703.553448, "device_end": 1585660703.5571764}, "cmdq": 1, "read": {"device_start": -1, "device_end": -1}}}