{"FFC_sans_bias4": {"write": {"device_start": -1, "host_queued_start": 1585660764.035373, "device_queued": -1, "device_end": -1, "host_queued_end": 1585660764.110465}, "device": "cpu", "nd_range": {"device_start": 2328540.236287469, "device_end": 2328540.3340946003}, "cmdq": 0, "read": {"device_start": -1, "device_end": -1}}, "FFC_sans_bias7": {"write": {"device_start": -1, "host_queued_start": 1585660764.065682, "device_queued": -1, "device_end": -1, "host_queued_end": 1585660764.110465}, "device": "cpu", "nd_range": {"device_start": 2328541.6106073163, "device_end": 2328541.691451548}, "cmdq": 0, "read": {"device_start": -1, "device_end": -1}}, "FFC_sans_bias6": {"write": {"device_start": -1, "host_queued_start": 1585660764.053412, "device_queued": -1, "device_end": -1, "host_queued_end": 1585660764.110465}, "device": "cpu", "nd_range": {"device_start": 2328540.949408416, "device_end": 2328541.0429346003}, "cmdq": 0, "read": {"device_start": -1, "device_end": -1}}, "FFC_sans_bias1": {"write": {"device_start": -1, "host_queued_start": 1585660763.869477, "device_queued": -1, "device_end": -1, "host_queued_end": 1585660764.110465}, "device": "cpu", "nd_range": {"device_start": 2328538.30022785, "device_end": 2328538.348114356}, "cmdq": 1, "read": {"device_start": -1, "device_end": -1}}, "FFC_sans_bias0": {"write": {"device_start": -1, "host_queued_start": 1585660763.866168, "device_queued": -1, "device_end": -1, "host_queued_end": 1585660764.110465}, "device": "cpu", "nd_range": {"device_start": 2328538.3002269333, "device_end": 2328538.3958685263}, "cmdq": 0, "read": {"device_start": -1, "device_end": -1}}, "FFC_sans_bias2": {"write": {"device_start": -1, "host_queued_start": 1585660763.872832, "device_queued": -1, "device_end": -1, "host_queued_end": 1585660764.110465}, "device": "cpu", "nd_range": {"device_start": 2328538.399444783, "device_end": 2328538.4814241603}, "cmdq": 0, "read": {"device_start": -1, "device_end": -1}}, "coalesced_transpose120": {"write": {"device_start": -1, "host_queued_start": 1585660764.033572, "device_queued": -1, "device_end": -1, "host_queued_end": 1585660764.110465}, "device": "cpu", "nd_range": {"device_start": 2328540.096419354, "device_end": 2328540.096847265}, "cmdq": 1, "read": {"device_start": -1, "device_end": -1}}, "FFC_sans_bias9": {"write": {"device_start": -1, "host_queued_start": 1585660763.876161, "device_queued": -1, "device_end": -1, "host_queued_end": 1585660764.110465}, "device": "cpu", "nd_range": {"device_start": 2328538.348294307, "device_end": 2328538.411254146}, "cmdq": 1, "read": {"device_start": -1, "device_end": -1}}, "empty71": {"write": {"device_start": -1, "host_queued_start": 1585660763.842344, "device_queued": -1, "device_end": -1, "host_queued_end": 1585660764.110465}, "device": "cpu", "nd_range": {"device_start": 2328538.3002009164, "device_end": 2328538.300201478}, "cmdq": 1, "read": {"device_start": -1, "device_end": -1}}, "softmax41": {"write": {"device_start": -1, "host_queued_start": 1585660764.047095, "device_queued": -1, "device_end": -1, "host_queued_end": 1585660764.110465}, "device": "cpu", "nd_range": {"device_start": 2328540.921804867, "device_end": 2328540.922816308}, "cmdq": 0, "read": {"device_start": -1, "device_end": -1}}, "FFC_sans_bias37": {"write": {"device_start": -1, "host_queued_start": 1585660763.909626, "device_queued": -1, "device_end": -1, "host_queued_end": 1585660764.110465}, "device": "cpu", "nd_range": {"device_start": 2328538.661718483, "device_end": 2328538.738340806}, "cmdq": 1, "read": {"device_start": -1, "device_end": -1}}, "FFC_sans_bias36": {"write": {"device_start": -1, "host_queued_start": 1585660763.906283, "device_queued": -1, "device_end": -1, "host_queued_end": 1585660764.110465}, "device": "cpu", "nd_range": {"device_start": 2328538.769231588, "device_end": 2328538.835962357}, "cmdq": 0, "read": {"device_start": -1, "device_end": -1}}, "FFC_sans_bias34": {"write": {"device_start": -1, "host_queued_start": 1585660764.074624, "device_queued": -1, "device_end": -1, "host_queued_end": 1585660764.110465}, "device": "cpu", "nd_range": {"device_start": 2328541.4254737482, "device_end": 2328541.4942612243}, "cmdq": 1, "read": {"device_start": -1, "device_end": -1}}, "FFC_sans_bias33": {"write": {"device_start": -1, "host_queued_start": 1585660764.055198, "device_queued": -1, "device_end": -1, "host_queued_end": 1585660764.110465}, "device": "cpu", "nd_range": {"device_start": 2328540.786543481, "device_end": 2328540.8554329663}, "cmdq": 1, "read": {"device_start": -1, "device_end": -1}}, "FFC_sans_bias31": {"write": {"device_start": -1, "host_queued_start": 1585660764.037192, "device_queued": -1, "device_end": -1, "host_queued_end": 1585660764.110465}, "device": "cpu", "nd_range": {"device_start": 2328540.179688463, "device_end": 2328540.236272919}, "cmdq": 1, "read": {"device_start": -1, "device_end": -1}}, "FFC_sans_bias38": {"write": {"device_start": -1, "host_queued_start": 1585660763.912945, "device_queued": -1, "device_end": -1, "host_queued_end": 1585660764.110465}, "device": "cpu", "nd_range": {"device_start": 2328538.836164793, "device_end": 2328538.9032085342}, "cmdq": 0, "read": {"device_start": -1, "device_end": -1}}, "coalesced_transpose75": {"write": {"device_start": -1, "host_queued_start": 1585660764.030892, "device_queued": -1, "device_end": -1, "host_queued_end": 1585660764.110465}, "device": "cpu", "nd_range": {"device_start": 2328540.2320099873, "device_end": 2328540.23318771}, "cmdq": 0, "read": {"device_start": -1, "device_end": -1}}, "softmax140": {"write": {"device_start": -1, "host_queued_start": 1585660764.052821, "device_queued": -1, "device_end": -1, "host_queued_end": 1585660764.110465}, "device": "cpu", "nd_range": {"device_start": 2328540.719486621, "device_end": 2328540.7202338492}, "cmdq": 1, "read": {"device_start": -1, "device_end": -1}}, "empty44": {"write": {"device_start": -1, "host_queued_start": 1585660763.834482, "device_queued": -1, "device_end": -1, "host_queued_end": 1585660764.110465}, "device": "cpu", "nd_range": {"device_start": 2328538.3001953703, "device_end": 2328538.3001960684}, "cmdq": 0, "read": {"device_start": -1, "device_end": -1}}, "FFC_sans_bias137": {"write": {"device_start": -1, "host_queued_start": 1585660764.024042, "device_queued": -1, "device_end": -1, "host_queued_end": 1585660764.110465}, "device": "cpu", "nd_range": {"device_start": 2328540.108481919, "device_end": 2328540.189344618}, "cmdq": 0, "read": {"device_start": -1, "device_end": -1}}, "empty8": {"write": {"device_start": -1, "host_queued_start": 1585660763.823292, "device_queued": -1, "device_end": -1, "host_queued_end": 1585660764.110465}, "device": "cpu", "nd_range": {"device_start": 2328538.300159226, "device_end": 2328538.300165522}, "cmdq": 0, "read": {"device_start": -1, "device_end": -1}}, "softmax50": {"write": {"device_start": -1, "host_queued_start": 1585660764.047614, "device_queued": -1, "device_end": -1, "host_queued_end": 1585660764.110465}, "device": "cpu", "nd_range": {"device_start": 2328540.715929797, "device_end": 2328540.716639657}, "cmdq": 1, "read": {"device_start": -1, "device_end": -1}}, "softmax59": {"write": {"device_start": -1, "host_queued_start": 1585660764.048132, "device_queued": -1, "device_end": -1, "host_queued_end": 1585660764.110465}, "device": "cpu", "nd_range": {"device_start": 2328540.9229659582, "device_end": 2328540.923287297}, "cmdq": 0, "read": {"device_start": -1, "device_end": -1}}, "FFC_sans_bias142": {"write": {"device_start": -1, "host_queued_start": 1585660764.110413, "device_queued": -1, "device_end": -1, "host_queued_end": 1585660764.110465}, "device": "cpu", "nd_range": {"device_start": 2328541.8582806173, "device_end": 2328541.935454912}, "cmdq": 1, "read": {"device_start": -1, "device_end": -1}}, "FFC_sans_bias141": {"write": {"device_start": -1, "host_queued_start": 1585660764.062371, "device_queued": -1, "device_end": -1, "host_queued_end": 1585660764.110465}, "device": "cpu", "nd_range": {"device_start": 2328541.268866187, "device_end": 2328541.352799858}, "cmdq": 1, "read": {"device_start": -1, "device_end": -1}}, "FFC_sans_bias24": {"write": {"device_start": -1, "host_queued_start": 1585660764.054605, "device_queued": -1, "device_end": -1, "host_queued_end": 1585660764.110465}, "device": "cpu", "nd_range": {"device_start": 2328541.0431471174, "device_end": 2328541.106275503}, "cmdq": 0, "read": {"device_start": -1, "device_end": -1}}, "FFC_sans_bias25": {"write": {"device_start": -1, "host_queued_start": 1585660764.071631, "device_queued": -1, "device_end": -1, "host_queued_end": 1585660764.110465}, "device": "cpu", "nd_range": {"device_start": 2328541.691460106, "device_end": 2328541.757799724}, "cmdq": 0, "read": {"device_start": -1, "device_end": -1}}, "FFC_sans_bias27": {"write": {"device_start": -1, "host_queued_start": 1585660763.896089, "device_queued": -1, "device_end": -1, "host_queued_end": 1585660764.110465}, "device": "cpu", "nd_range": {"device_start": 2328538.526778606, "device_end": 2328538.5932181953}, "cmdq": 1, "read": {"device_start": -1, "device_end": -1}}, "FFC_sans_bias20": {"write": {"device_start": -1, "host_queued_start": 1585660763.892792, "device_queued": -1, "device_end": -1, "host_queued_end": 1585660764.110465}, "device": "cpu", "nd_range": {"device_start": 2328538.633577513, "device_end": 2328538.6997095593}, "cmdq": 0, "read": {"device_start": -1, "device_end": -1}}, "FFC_sans_bias22": {"write": {"device_start": -1, "host_queued_start": 1585660764.036582, "device_queued": -1, "device_end": -1, "host_queued_end": 1585660764.110465}, "device": "cpu", "nd_range": {"device_start": 2328540.334107715, "device_end": 2328540.4360542763}, "cmdq": 0, "read": {"device_start": -1, "device_end": -1}}, "FFC_sans_bias130": {"write": {"device_start": -1, "host_queued_start": 1585660764.04389, "device_queued": -1, "device_end": -1, "host_queued_end": 1585660764.110465}, "device": "cpu", "nd_range": {"device_start": 2328540.8201019, "device_end": 2328540.915084137}, "cmdq": 0, "read": {"device_start": -1, "device_end": -1}}, "FFC_sans_bias28": {"write": {"device_start": -1, "host_queued_start": 1585660763.899537, "device_queued": -1, "device_end": -1, "host_queued_end": 1585660764.110465}, "device": "cpu", "nd_range": {"device_start": 2328538.699919769, "device_end": 2328538.769020994}, "cmdq": 0, "read": {"device_start": -1, "device_end": -1}}, "FFC_sans_bias29": {"write": {"device_start": -1, "host_queued_start": 1585660763.90293, "device_queued": -1, "device_end": -1, "host_queued_end": 1585660764.110465}, "device": "cpu", "nd_range": {"device_start": 2328538.593230599, "device_end": 2328538.661520191}, "cmdq": 1, "read": {"device_start": -1, "device_end": -1}}, "coalesced_transpose66": {"write": {"device_start": -1, "host_queued_start": 1585660764.030537, "device_queued": -1, "device_end": -1, "host_queued_end": 1585660764.110465}, "device": "cpu", "nd_range": {"device_start": 2328540.094940179, "device_end": 2328540.095473355}, "cmdq": 1, "read": {"device_start": -1, "device_end": -1}}, "coalesced_transpose93": {"write": {"device_start": -1, "host_queued_start": 1585660764.031814, "device_queued": -1, "device_end": -1, "host_queued_end": 1585660764.110465}, "device": "cpu", "nd_range": {"device_start": 2328540.233398235, "device_end": 2328540.234112694}, "cmdq": 0, "read": {"device_start": -1, "device_end": -1}}, "softmax23": {"write": {"device_start": -1, "host_queued_start": 1585660764.046043, "device_queued": -1, "device_end": -1, "host_queued_end": 1585660764.110465}, "device": "cpu", "nd_range": {"device_start": 2328540.920925008, "device_end": 2328540.921655463}, "cmdq": 0, "read": {"device_start": -1, "device_end": -1}}, "empty62": {"write": {"device_start": -1, "host_queued_start": 1585660763.839739, "device_queued": -1, "device_end": -1, "host_queued_end": 1585660764.110465}, "device": "cpu", "nd_range": {"device_start": 2328538.300200393, "device_end": 2328538.3002010323}, "cmdq": 0, "read": {"device_start": -1, "device_end": -1}}, "FFC_sans_bias10": {"write": {"device_start": -1, "host_queued_start": 1585660763.87946, "device_queued": -1, "device_end": -1, "host_queued_end": 1585660764.110465}, "device": "cpu", "nd_range": {"device_start": 2328538.4814562863, "device_end": 2328538.55982106}, "cmdq": 0, "read": {"device_start": -1, "device_end": -1}}, "FFC_sans_bias13": {"write": {"device_start": -1, "host_queued_start": 1585660764.03598, "device_queued": -1, "device_end": -1, "host_queued_end": 1585660764.110465}, "device": "cpu", "nd_range": {"device_start": 2328540.097256515, "device_end": 2328540.179675978}, "cmdq": 1, "read": {"device_start": -1, "device_end": -1}}, "FFC_sans_bias15": {"write": {"device_start": -1, "host_queued_start": 1585660764.054005, "device_queued": -1, "device_end": -1, "host_queued_end": 1585660764.110465}, "device": "cpu", "nd_range": {"device_start": 2328540.7202451862, "device_end": 2328540.7865300463}, "cmdq": 1, "read": {"device_start": -1, "device_end": -1}}, "FFC_sans_bias16": {"write": {"device_start": -1, "host_queued_start": 1585660764.068643, "device_queued": -1, "device_end": -1, "host_queued_end": 1585660764.110465}, "device": "cpu", "nd_range": {"device_start": 2328541.3528121803, "device_end": 2328541.425466895}, "cmdq": 1, "read": {"device_start": -1, "device_end": -1}}, "FFC_sans_bias19": {"write": {"device_start": -1, "host_queued_start": 1585660763.889458, "device_queued": -1, "device_end": -1, "host_queued_end": 1585660764.110465}, "device": "cpu", "nd_range": {"device_start": 2328538.472439701, "device_end": 2328538.526763441}, "cmdq": 1, "read": {"device_start": -1, "device_end": -1}}, "FFC_sans_bias18": {"write": {"device_start": -1, "host_queued_start": 1585660763.886139, "device_queued": -1, "device_end": -1, "host_queued_end": 1585660764.110465}, "device": "cpu", "nd_range": {"device_start": 2328538.559836992, "device_end": 2328538.63337071}, "cmdq": 0, "read": {"device_start": -1, "device_end": -1}}, "FFC_sans_bias99": {"write": {"device_start": -1, "host_queued_start": 1585660763.976086, "device_queued": -1, "device_end": -1, "host_queued_end": 1585660764.110465}, "device": "cpu", "nd_range": {"device_start": 2328539.4724280713, "device_end": 2328539.5447462103}, "cmdq": 1, "read": {"device_start": -1, "device_end": -1}}, "FFC_sans_bias91": {"write": {"device_start": -1, "host_queued_start": 1585660763.969401, "device_queued": -1, "device_end": -1, "host_queued_end": 1585660764.110465}, "device": "cpu", "nd_range": {"device_start": 2328539.375531822, "device_end": 2328539.472414454}, "cmdq": 1, "read": {"device_start": -1, "device_end": -1}}, "FFC_sans_bias90": {"write": {"device_start": -1, "host_queued_start": 1585660763.966117, "device_queued": -1, "device_end": -1, "host_queued_end": 1585660764.110465}, "device": "cpu", "nd_range": {"device_start": 2328539.423284218, "device_end": 2328539.509537769}, "cmdq": 0, "read": {"device_start": -1, "device_end": -1}}, "coalesced_transpose12": {"write": {"device_start": -1, "host_queued_start": 1585660764.028509, "device_queued": -1, "device_end": -1, "host_queued_end": 1585660764.110465}, "device": "cpu", "nd_range": {"device_start": 2328540.0843841364, "device_end": 2328540.085479463}, "cmdq": 1, "read": {"device_start": -1, "device_end": -1}}, "FFC_sans_bias94": {"write": {"device_start": -1, "host_queued_start": 1585660764.041431, "device_queued": -1, "device_end": -1, "host_queued_end": 1585660764.110465}, "device": "cpu", "nd_range": {"device_start": 2328540.674588283, "device_end": 2328540.753073221}, "cmdq": 0, "read": {"device_start": -1, "device_end": -1}}, "FFC_sans_bias97": {"write": {"device_start": -1, "host_queued_start": 1585660764.095497, "device_queued": -1, "device_end": -1, "host_queued_end": 1585660764.110465}, "device": "cpu", "nd_range": {"device_start": 2328541.9497141293, "device_end": 2328541.984872591}, "cmdq": 0, "read": {"device_start": -1, "device_end": -1}}, "FFC_sans_bias96": {"write": {"device_start": -1, "host_queued_start": 1585660764.059328, "device_queued": -1, "device_end": -1, "host_queued_end": 1585660764.110465}, "device": "cpu", "nd_range": {"device_start": 2328541.3640258103, "device_end": 2328541.445922418}, "cmdq": 0, "read": {"device_start": -1, "device_end": -1}}, "FFC_sans_bias124": {"write": {"device_start": -1, "host_queued_start": 1585660764.104406, "device_queued": -1, "device_end": -1, "host_queued_end": 1585660764.110465}, "device": "cpu", "nd_range": {"device_start": 2328541.796250014, "device_end": 2328541.858270599}, "cmdq": 1, "read": {"device_start": -1, "device_end": -1}}, "FFC_sans_bias126": {"write": {"device_start": -1, "host_queued_start": 1585660764.012148, "device_queued": -1, "device_end": -1, "host_queued_end": 1585660764.110465}, "device": "cpu", "nd_range": {"device_start": 2328539.847953012, "device_end": 2328539.920424337}, "cmdq": 1, "read": {"device_start": -1, "device_end": -1}}, "softmax32": {"write": {"device_start": -1, "host_queued_start": 1585660764.046564, "device_queued": -1, "device_end": -1, "host_queued_end": 1585660764.110465}, "device": "cpu", "nd_range": {"device_start": 2328540.7152197324, "device_end": 2328540.715922967}, "cmdq": 1, "read": {"device_start": -1, "device_end": -1}}, "coalesced_transpose84": {"write": {"device_start": -1, "host_queued_start": 1585660764.031233, "device_queued": -1, "device_end": -1, "host_queued_end": 1585660764.110465}, "device": "cpu", "nd_range": {"device_start": 2328540.0954809873, "device_end": 2328540.095992281}, "cmdq": 1, "read": {"device_start": -1, "device_end": -1}}, "FFC_sans_bias121": {"write": {"device_start": -1, "host_queued_start": 1585660764.043296, "device_queued": -1, "device_end": -1, "host_queued_end": 1585660764.110465}, "device": "cpu", "nd_range": {"device_start": 2328540.548900553, "device_end": 2328540.622565267}, "cmdq": 1, "read": {"device_start": -1, "device_end": -1}}, "empty98": {"write": {"device_start": -1, "host_queued_start": 1585660763.850134, "device_queued": -1, "device_end": -1, "host_queued_end": 1585660764.110465}, "device": "cpu", "nd_range": {"device_start": 2328538.300210347, "device_end": 2328538.300210832}, "cmdq": 0, "read": {"device_start": -1, "device_end": -1}}, "empty107": {"write": {"device_start": -1, "host_queued_start": 1585660763.852993, "device_queued": -1, "device_end": -1, "host_queued_end": 1585660764.110465}, "device": "cpu", "nd_range": {"device_start": 2328538.3002113244, "device_end": 2328538.3002118953}, "cmdq": 1, "read": {"device_start": -1, "device_end": -1}}, "empty17": {"write": {"device_start": -1, "host_queued_start": 1585660763.826636, "device_queued": -1, "device_end": -1, "host_queued_end": 1585660764.110465}, "device": "cpu", "nd_range": {"device_start": 2328538.300151256, "device_end": 2328538.300165515}, "cmdq": 1, "read": {"device_start": -1, "device_end": -1}}, "FFC_sans_bias87": {"write": {"device_start": -1, "host_queued_start": 1585660764.058733, "device_queued": -1, "device_end": -1, "host_queued_end": 1585660764.110465}, "device": "cpu", "nd_range": {"device_start": 2328540.9837417, "device_end": 2328541.062954774}, "cmdq": 1, "read": {"device_start": -1, "device_end": -1}}, "FFC_sans_bias85": {"write": {"device_start": -1, "host_queued_start": 1585660764.04084, "device_queued": -1, "device_end": -1, "host_queued_end": 1585660764.110465}, "device": "cpu", "nd_range": {"device_start": 2328540.379996763, "device_end": 2328540.4502992183}, "cmdq": 1, "read": {"device_start": -1, "device_end": -1}}, "FFC_sans_bias82": {"write": {"device_start": -1, "host_queued_start": 1585660763.959421, "device_queued": -1, "device_end": -1, "host_queued_end": 1585660764.110465}, "device": "cpu", "nd_range": {"device_start": 2328539.3612959473, "device_end": 2328539.4232696653}, "cmdq": 0, "read": {"device_start": -1, "device_end": -1}}, "FFC_sans_bias83": {"write": {"device_start": -1, "host_queued_start": 1585660763.96281, "device_queued": -1, "device_end": -1, "host_queued_end": 1585660764.110465}, "device": "cpu", "nd_range": {"device_start": 2328539.29514931, "device_end": 2328539.3755186154}, "cmdq": 1, "read": {"device_start": -1, "device_end": -1}}, "FFC_sans_bias81": {"write": {"device_start": -1, "host_queued_start": 1585660763.956093, "device_queued": -1, "device_end": -1, "host_queued_end": 1585660764.110465}, "device": "cpu", "nd_range": {"device_start": 2328539.190583241, "device_end": 2328539.295130468}, "cmdq": 1, "read": {"device_start": -1, "device_end": -1}}, "FFC_sans_bias88": {"write": {"device_start": -1, "host_queued_start": 1585660764.092529, "device_queued": -1, "device_end": -1, "host_queued_end": 1585660764.110465}, "device": "cpu", "nd_range": {"device_start": 2328541.628815051, "device_end": 2328541.697012986}, "cmdq": 1, "read": {"device_start": -1, "device_end": -1}}, "coalesced_transpose30": {"write": {"device_start": -1, "host_queued_start": 1585660764.029184, "device_queued": -1, "device_end": -1, "host_queued_end": 1585660764.110465}, "device": "cpu", "nd_range": {"device_start": 2328540.085489499, "device_end": 2328540.086573348}, "cmdq": 1, "read": {"device_start": -1, "device_end": -1}}, "FFC_sans_bias128": {"write": {"device_start": -1, "host_queued_start": 1585660764.008225, "device_queued": -1, "device_end": -1, "host_queued_end": 1585660764.110465}, "device": "cpu", "nd_range": {"device_start": 2328539.93931968, "device_end": 2328540.025536132}, "cmdq": 0, "read": {"device_start": -1, "device_end": -1}}, "coalesced_transpose39": {"write": {"device_start": -1, "host_queued_start": 1585660764.029521, "device_queued": -1, "device_end": -1, "host_queued_end": 1585660764.110465}, "device": "cpu", "nd_range": {"device_start": 2328540.215203442, "device_end": 2328540.216401712}, "cmdq": 0, "read": {"device_start": -1, "device_end": -1}}, "FFC_sans_bias79": {"write": {"device_start": -1, "host_queued_start": 1585660764.089543, "device_queued": -1, "device_end": -1, "host_queued_end": 1585660764.110465}, "device": "cpu", "nd_range": {"device_start": 2328541.880467046, "device_end": 2328541.949708792}, "cmdq": 0, "read": {"device_start": -1, "device_end": -1}}, "FFC_sans_bias78": {"write": {"device_start": -1, "host_queued_start": 1585660764.058136, "device_queued": -1, "device_end": -1, "host_queued_end": 1585660764.110465}, "device": "cpu", "nd_range": {"device_start": 2328541.280014954, "device_end": 2328541.3640057053}, "cmdq": 0, "read": {"device_start": -1, "device_end": -1}}, "FFC_sans_bias73": {"write": {"device_start": -1, "host_queued_start": 1585660763.949484, "device_queued": -1, "device_end": -1, "host_queued_end": 1585660764.110465}, "device": "cpu", "nd_range": {"device_start": 2328539.107295534, "device_end": 2328539.190574196}, "cmdq": 1, "read": {"device_start": -1, "device_end": -1}}, "FFC_sans_bias72": {"write": {"device_start": -1, "host_queued_start": 1585660763.946184, "device_queued": -1, "device_end": -1, "host_queued_end": 1585660764.110465}, "device": "cpu", "nd_range": {"device_start": 2328539.1901080413, "device_end": 2328539.269002643}, "cmdq": 0, "read": {"device_start": -1, "device_end": -1}}, "FFC_sans_bias70": {"write": {"device_start": -1, "host_queued_start": 1585660764.086556, "device_queued": -1, "device_end": -1, "host_queued_end": 1585660764.110465}, "device": "cpu", "nd_range": {"device_start": 2328541.562984513, "device_end": 2328541.6288084933}, "cmdq": 1, "read": {"device_start": -1, "device_end": -1}}, "FFC_sans_bias76": {"write": {"device_start": -1, "host_queued_start": 1585660764.040256, "device_queued": -1, "device_end": -1, "host_queued_end": 1585660764.110465}, "device": "cpu", "nd_range": {"device_start": 2328540.5800357712, "device_end": 2328540.674565441}, "cmdq": 0, "read": {"device_start": -1, "device_end": -1}}, "FFC_sans_bias74": {"write": {"device_start": -1, "host_queued_start": 1585660763.952797, "device_queued": -1, "device_end": -1, "host_queued_end": 1585660764.110465}, "device": "cpu", "nd_range": {"device_start": 2328539.269019409, "device_end": 2328539.361279998}, "cmdq": 0, "read": {"device_start": -1, "device_end": -1}}, "coalesced_transpose102": {"write": {"device_start": -1, "host_queued_start": 1585660764.032396, "device_queued": -1, "device_end": -1, "host_queued_end": 1585660764.110465}, "device": "cpu", "nd_range": {"device_start": 2328540.095998989, "device_end": 2328540.0964133632}, "cmdq": 1, "read": {"device_start": -1, "device_end": -1}}, "coalesced_transpose3": {"write": {"device_start": -1, "host_queued_start": 1585660764.028164, "device_queued": -1, "device_end": -1, "host_queued_end": 1585660764.110465}, "device": "cpu", "nd_range": {"device_start": 2328540.189359732, "device_end": 2328540.207600263}, "cmdq": 0, "read": {"device_start": -1, "device_end": -1}}, "FFC_sans_bias127": {"write": {"device_start": -1, "host_queued_start": 1585660764.015995, "device_queued": -1, "device_end": -1, "host_queued_end": 1585660764.110465}, "device": "cpu", "nd_range": {"device_start": 2328540.025550417, "device_end": 2328540.1083163703}, "cmdq": 0, "read": {"device_start": -1, "device_end": -1}}, "empty89": {"write": {"device_start": -1, "host_queued_start": 1585660763.847559, "device_queued": -1, "device_end": -1, "host_queued_end": 1585660764.110465}, "device": "cpu", "nd_range": {"device_start": 2328538.300206052, "device_end": 2328538.300206583}, "cmdq": 1, "read": {"device_start": -1, "device_end": -1}}, "FFC_sans_bias123": {"write": {"device_start": -1, "host_queued_start": 1585660764.061159, "device_queued": -1, "device_end": -1, "host_queued_end": 1585660764.110465}, "device": "cpu", "nd_range": {"device_start": 2328541.160377018, "device_end": 2328541.2688452573}, "cmdq": 1, "read": {"device_start": -1, "device_end": -1}}, "empty80": {"write": {"device_start": -1, "host_queued_start": 1585660763.844979, "device_queued": -1, "device_end": -1, "host_queued_end": 1585660764.110465}, "device": "cpu", "nd_range": {"device_start": 2328538.300205252, "device_end": 2328538.30020593}, "cmdq": 0, "read": {"device_start": -1, "device_end": -1}}, "empty116": {"write": {"device_start": -1, "host_queued_start": 1585660763.855593, "device_queued": -1, "device_end": -1, "host_queued_end": 1585660764.110465}, "device": "cpu", "nd_range": {"device_start": 2328538.300215375, "device_end": 2328538.300215951}, "cmdq": 0, "read": {"device_start": -1, "device_end": -1}}, "softmax104": {"write": {"device_start": -1, "host_queued_start": 1585660764.050722, "device_queued": -1, "device_end": -1, "host_queued_end": 1585660764.110465}, "device": "cpu", "nd_range": {"device_start": 2328540.718061734, "device_end": 2328540.7187679834}, "cmdq": 1, "read": {"device_start": -1, "device_end": -1}}, "coalesced_transpose21": {"write": {"device_start": -1, "host_queued_start": 1585660764.028849, "device_queued": -1, "device_end": -1, "host_queued_end": 1585660764.110465}, "device": "cpu", "nd_range": {"device_start": 2328540.211999346, "device_end": 2328540.213164145}, "cmdq": 0, "read": {"device_start": -1, "device_end": -1}}, "softmax14": {"write": {"device_start": -1, "host_queued_start": 1585660764.045524, "device_queued": -1, "device_end": -1, "host_queued_end": 1585660764.110465}, "device": "cpu", "nd_range": {"device_start": 2328540.7144833533, "device_end": 2328540.7152085393}, "cmdq": 1, "read": {"device_start": -1, "device_end": -1}}, "FFC_sans_bias69": {"write": {"device_start": -1, "host_queued_start": 1585660764.057546, "device_queued": -1, "device_end": -1, "host_queued_end": 1585660764.110465}, "device": "cpu", "nd_range": {"device_start": 2328540.9251613053, "device_end": 2328540.983539942}, "cmdq": 1, "read": {"device_start": -1, "device_end": -1}}, "FFC_sans_bias92": {"write": {"device_start": -1, "host_queued_start": 1585660763.972724, "device_queued": -1, "device_end": -1, "host_queued_end": 1585660764.110465}, "device": "cpu", "nd_range": {"device_start": 2328539.5095514823, "device_end": 2328539.5874218773}, "cmdq": 0, "read": {"device_start": -1, "device_end": -1}}, "FFC_sans_bias60": {"write": {"device_start": -1, "host_queued_start": 1585660764.056956, "device_queued": -1, "device_end": -1, "host_queued_end": 1585660764.110465}, "device": "cpu", "nd_range": {"device_start": 2328541.188715408, "device_end": 2328541.280004552}, "cmdq": 0, "read": {"device_start": -1, "device_end": -1}}, "FFC_sans_bias61": {"write": {"device_start": -1, "host_queued_start": 1585660764.083585, "device_queued": -1, "device_end": -1, "host_queued_end": 1585660764.110465}, "device": "cpu", "nd_range": {"device_start": 2328541.8042683844, "device_end": 2328541.880460116}, "cmdq": 0, "read": {"device_start": -1, "device_end": -1}}, "FFC_sans_bias63": {"write": {"device_start": -1, "host_queued_start": 1585660763.942878, "device_queued": -1, "device_end": -1, "host_queued_end": 1585660764.110465}, "device": "cpu", "nd_range": {"device_start": 2328539.017956172, "device_end": 2328539.107271835}, "cmdq": 1, "read": {"device_start": -1, "device_end": -1}}, "FFC_sans_bias64": {"write": {"device_start": -1, "host_queued_start": 1585660763.936156, "device_queued": -1, "device_end": -1, "host_queued_end": 1585660764.110465}, "device": "cpu", "nd_range": {"device_start": 2328538.950830671, "device_end": 2328539.0177424103}, "cmdq": 1, "read": {"device_start": -1, "device_end": -1}}, "FFC_sans_bias65": {"write": {"device_start": -1, "host_queued_start": 1585660763.939519, "device_queued": -1, "device_end": -1, "host_queued_end": 1585660764.110465}, "device": "cpu", "nd_range": {"device_start": 2328539.107296489, "device_end": 2328539.1900905613}, "cmdq": 0, "read": {"device_start": -1, "device_end": -1}}, "FFC_sans_bias67": {"write": {"device_start": -1, "host_queued_start": 1585660764.039646, "device_queued": -1, "device_end": -1, "host_queued_end": 1585660764.110465}, "device": "cpu", "nd_range": {"device_start": 2328540.305455476, "device_end": 2328540.3799827243}, "cmdq": 1, "read": {"device_start": -1, "device_end": -1}}, "coalesced_transpose111": {"write": {"device_start": -1, "host_queued_start": 1585660764.032983, "device_queued": -1, "device_end": -1, "host_queued_end": 1585660764.110465}, "device": "cpu", "nd_range": {"device_start": 2328540.234284869, "device_end": 2328540.234910815}, "cmdq": 0, "read": {"device_start": -1, "device_end": -1}}, "FFC_sans_bias136": {"write": {"device_start": -1, "host_queued_start": 1585660764.020131, "device_queued": -1, "device_end": -1, "host_queued_end": 1585660764.110465}, "device": "cpu", "nd_range": {"device_start": 2328539.920633207, "device_end": 2328539.9944265103}, "cmdq": 1, "read": {"device_start": -1, "device_end": -1}}, "FFC_sans_bias135": {"write": {"device_start": -1, "host_queued_start": 1585660764.027781, "device_queued": -1, "device_end": -1, "host_queued_end": 1585660764.110465}, "device": "cpu", "nd_range": {"device_start": 2328539.9944407213, "device_end": 2328540.084371012}, "cmdq": 1, "read": {"device_start": -1, "device_end": -1}}, "FFC_sans_bias133": {"write": {"device_start": -1, "host_queued_start": 1585660764.107452, "device_queued": -1, "device_end": -1, "host_queued_end": 1585660764.110465}, "device": "cpu", "nd_range": {"device_start": 2328542.018733933, "device_end": 2328542.0544659803}, "cmdq": 0, "read": {"device_start": -1, "device_end": -1}}, "FFC_sans_bias132": {"write": {"device_start": -1, "host_queued_start": 1585660764.061763, "device_queued": -1, "device_end": -1, "host_queued_end": 1585660764.110465}, "device": "cpu", "nd_range": {"device_start": 2328541.534208801, "device_end": 2328541.6105933962}, "cmdq": 0, "read": {"device_start": -1, "device_end": -1}}, "softmax68": {"write": {"device_start": -1, "host_queued_start": 1585660764.048643, "device_queued": -1, "device_end": -1, "host_queued_end": 1585660764.110465}, "device": "cpu", "nd_range": {"device_start": 2328540.716645664, "device_end": 2328540.717351205}, "cmdq": 1, "read": {"device_start": -1, "device_end": -1}}, "softmax131": {"write": {"device_start": -1, "host_queued_start": 1585660764.052297, "device_queued": -1, "device_end": -1, "host_queued_end": 1585660764.110465}, "device": "cpu", "nd_range": {"device_start": 2328540.925161145, "device_end": 2328540.949252759}, "cmdq": 0, "read": {"device_start": -1, "device_end": -1}}, "empty125": {"write": {"device_start": -1, "host_queued_start": 1585660763.858167, "device_queued": -1, "device_end": -1, "host_queued_end": 1585660764.110465}, "device": "cpu", "nd_range": {"device_start": 2328538.3002162343, "device_end": 2328538.300216821}, "cmdq": 1, "read": {"device_start": -1, "device_end": -1}}, "FFC_sans_bias139": {"write": {"device_start": -1, "host_queued_start": 1585660764.04448, "device_queued": -1, "device_end": -1, "host_queued_end": 1585660764.110465}, "device": "cpu", "nd_range": {"device_start": 2328540.6225775094, "device_end": 2328540.714470648}, "cmdq": 1, "read": {"device_start": -1, "device_end": -1}}, "empty35": {"write": {"device_start": -1, "host_queued_start": 1585660763.8319, "device_queued": -1, "device_end": -1, "host_queued_end": 1585660764.110465}, "device": "cpu", "nd_range": {"device_start": 2328538.3001882792, "device_end": 2328538.300189375}, "cmdq": 1, "read": {"device_start": -1, "device_end": -1}}, "softmax86": {"write": {"device_start": -1, "host_queued_start": 1585660764.049673, "device_queued": -1, "device_end": -1, "host_queued_end": 1585660764.110465}, "device": "cpu", "nd_range": {"device_start": 2328540.717356755, "device_end": 2328540.718056395}, "cmdq": 1, "read": {"device_start": -1, "device_end": -1}}, "FFC_sans_bias55": {"write": {"device_start": -1, "host_queued_start": 1585660763.932851, "device_queued": -1, "device_end": -1, "host_queued_end": 1585660764.110465}, "device": "cpu", "nd_range": {"device_start": 2328539.043967204, "device_end": 2328539.107271842}, "cmdq": 0, "read": {"device_start": -1, "device_end": -1}}, "FFC_sans_bias54": {"write": {"device_start": -1, "host_queued_start": 1585660763.929552, "device_queued": -1, "device_end": -1, "host_queued_end": 1585660764.110465}, "device": "cpu", "nd_range": {"device_start": 2328538.877910627, "device_end": 2328538.950607466}, "cmdq": 1, "read": {"device_start": -1, "device_end": -1}}, "FFC_sans_bias56": {"write": {"device_start": -1, "host_queued_start": 1585660763.926244, "device_queued": -1, "device_end": -1, "host_queued_end": 1585660764.110465}, "device": "cpu", "nd_range": {"device_start": 2328538.9805403952, "device_end": 2328539.043768182}, "cmdq": 0, "read": {"device_start": -1, "device_end": -1}}, "FFC_sans_bias51": {"write": {"device_start": -1, "host_queued_start": 1585660764.056369, "device_queued": -1, "device_end": -1, "host_queued_end": 1585660764.110465}, "device": "cpu", "nd_range": {"device_start": 2328540.855448454, "device_end": 2328540.9251534413}, "cmdq": 1, "read": {"device_start": -1, "device_end": -1}}, "FFC_sans_bias52": {"write": {"device_start": -1, "host_queued_start": 1585660764.080576, "device_queued": -1, "device_end": -1, "host_queued_end": 1585660764.110465}, "device": "cpu", "nd_range": {"device_start": 2328541.494268183, "device_end": 2328541.5629782043}, "cmdq": 1, "read": {"device_start": -1, "device_end": -1}}, "FFC_sans_bias58": {"write": {"device_start": -1, "host_queued_start": 1585660764.039022, "device_queued": -1, "device_end": -1, "host_queued_end": 1585660764.110465}, "device": "cpu", "nd_range": {"device_start": 2328540.5139660942, "device_end": 2328540.5800243802}, "cmdq": 0, "read": {"device_start": -1, "device_end": -1}}, "FFC_sans_bias108": {"write": {"device_start": -1, "host_queued_start": 1585660763.986086, "device_queued": -1, "device_end": -1, "host_queued_end": 1585660764.110465}, "device": "cpu", "nd_range": {"device_start": 2328539.685131451, "device_end": 2328539.7708587293}, "cmdq": 0, "read": {"device_start": -1, "device_end": -1}}, "FFC_sans_bias109": {"write": {"device_start": -1, "host_queued_start": 1585660763.989388, "device_queued": -1, "device_end": -1, "host_queued_end": 1585660764.110465}, "device": "cpu", "nd_range": {"device_start": 2328539.620913114, "device_end": 2328539.699442381}, "cmdq": 1, "read": {"device_start": -1, "device_end": -1}}, "coalesced_transpose129": {"write": {"device_start": -1, "host_queued_start": 1585660764.034166, "device_queued": -1, "device_end": -1, "host_queued_end": 1585660764.110465}, "device": "cpu", "nd_range": {"device_start": 2328540.235073786, "device_end": 2328540.2356299544}, "cmdq": 0, "read": {"device_start": -1, "device_end": -1}}, "FFC_sans_bias103": {"write": {"device_start": -1, "host_queued_start": 1585660764.04201, "device_queued": -1, "device_end": -1, "host_queued_end": 1585660764.110465}, "device": "cpu", "nd_range": {"device_start": 2328540.4503106102, "device_end": 2328540.54888912}, "cmdq": 1, "read": {"device_start": -1, "device_end": -1}}, "FFC_sans_bias100": {"write": {"device_start": -1, "host_queued_start": 1585660763.979415, "device_queued": -1, "device_end": -1, "host_queued_end": 1585660764.110465}, "device": "cpu", "nd_range": {"device_start": 2328539.587434655, "device_end": 2328539.6851171143}, "cmdq": 0, "read": {"device_start": -1, "device_end": -1}}, "FFC_sans_bias101": {"write": {"device_start": -1, "host_queued_start": 1585660763.982794, "device_queued": -1, "device_end": -1, "host_queued_end": 1585660764.110465}, "device": "cpu", "nd_range": {"device_start": 2328539.5447584162, "device_end": 2328539.6209014873}, "cmdq": 1, "read": {"device_start": -1, "device_end": -1}}, "FFC_sans_bias106": {"write": {"device_start": -1, "host_queued_start": 1585660764.098449, "device_queued": -1, "device_end": -1, "host_queued_end": 1585660764.110465}, "device": "cpu", "nd_range": {"device_start": 2328541.697018191, "device_end": 2328541.796237694}, "cmdq": 1, "read": {"device_start": -1, "device_end": -1}}, "softmax122": {"write": {"device_start": -1, "host_queued_start": 1585660764.051777, "device_queued": -1, "device_end": -1, "host_queued_end": 1585660764.110465}, "device": "cpu", "nd_range": {"device_start": 2328540.718773657, "device_end": 2328540.719480467}, "cmdq": 1, "read": {"device_start": -1, "device_end": -1}}, "FFC_sans_bias105": {"write": {"device_start": -1, "host_queued_start": 1585660764.059918, "device_queued": -1, "device_end": -1, "host_queued_end": 1585660764.110465}, "device": "cpu", "nd_range": {"device_start": 2328541.063153013, "device_end": 2328541.160362631}, "cmdq": 1, "read": {"device_start": -1, "device_end": -1}}, "softmax95": {"write": {"device_start": -1, "host_queued_start": 1585660764.050193, "device_queued": -1, "device_end": -1, "host_queued_end": 1585660764.110465}, "device": "cpu", "nd_range": {"device_start": 2328540.923883358, "device_end": 2328540.9242066513}, "cmdq": 0, "read": {"device_start": -1, "device_end": -1}}, "coalesced_transpose57": {"write": {"device_start": -1, "host_queued_start": 1585660764.030196, "device_queued": -1, "device_end": -1, "host_queued_end": 1585660764.110465}, "device": "cpu", "nd_range": {"device_start": 2328540.220356487, "device_end": 2328540.221522971}, "cmdq": 0, "read": {"device_start": -1, "device_end": -1}}, "empty26": {"write": {"device_start": -1, "host_queued_start": 1585660763.829263, "device_queued": -1, "device_end": -1, "host_queued_end": 1585660764.110465}, "device": "cpu", "nd_range": {"device_start": 2328538.300188334, "device_end": 2328538.3001895053}, "cmdq": 0, "read": {"device_start": -1, "device_end": -1}}, "softmax113": {"write": {"device_start": -1, "host_queued_start": 1585660764.051252, "device_queued": -1, "device_end": -1, "host_queued_end": 1585660764.110465}, "device": "cpu", "nd_range": {"device_start": 2328540.924338478, "device_end": 2328540.924665269}, "cmdq": 0, "read": {"device_start": -1, "device_end": -1}}, "FFC_sans_bias11": {"write": {"device_start": -1, "host_queued_start": 1585660763.882818, "device_queued": -1, "device_end": -1, "host_queued_end": 1585660764.110465}, "device": "cpu", "nd_range": {"device_start": 2328538.4114413653, "device_end": 2328538.4724248783}, "cmdq": 1, "read": {"device_start": -1, "device_end": -1}}, "FFC_sans_bias42": {"write": {"device_start": -1, "host_queued_start": 1585660764.055784, "device_queued": -1, "device_end": -1, "host_queued_end": 1585660764.110465}, "device": "cpu", "nd_range": {"device_start": 2328541.10629848, "device_end": 2328541.188701441}, "cmdq": 0, "read": {"device_start": -1, "device_end": -1}}, "FFC_sans_bias43": {"write": {"device_start": -1, "host_queued_start": 1585660764.077607, "device_queued": -1, "device_end": -1, "host_queued_end": 1585660764.110465}, "device": "cpu", "nd_range": {"device_start": 2328541.757807473, "device_end": 2328541.8042624043}, "cmdq": 0, "read": {"device_start": -1, "device_end": -1}}, "FFC_sans_bias40": {"write": {"device_start": -1, "host_queued_start": 1585660764.037799, "device_queued": -1, "device_end": -1, "host_queued_end": 1585660764.110465}, "device": "cpu", "nd_range": {"device_start": 2328540.4360668734, "device_end": 2328540.513945688}, "cmdq": 0, "read": {"device_start": -1, "device_end": -1}}, "FFC_sans_bias46": {"write": {"device_start": -1, "host_queued_start": 1585660763.919526, "device_queued": -1, "device_end": -1, "host_queued_end": 1585660764.110465}, "device": "cpu", "nd_range": {"device_start": 2328538.9034186383, "device_end": 2328538.980332482}, "cmdq": 0, "read": {"device_start": -1, "device_end": -1}}, "FFC_sans_bias47": {"write": {"device_start": -1, "host_queued_start": 1585660763.922934, "device_queued": -1, "device_end": -1, "host_queued_end": 1585660764.110465}, "device": "cpu", "nd_range": {"device_start": 2328538.820197702, "device_end": 2328538.877690012}, "cmdq": 1, "read": {"device_start": -1, "device_end": -1}}, "FFC_sans_bias45": {"write": {"device_start": -1, "host_queued_start": 1585660763.916232, "device_queued": -1, "device_end": -1, "host_queued_end": 1585660764.110465}, "device": "cpu", "nd_range": {"device_start": 2328538.738365576, "device_end": 2328538.820180416}, "cmdq": 1, "read": {"device_start": -1, "device_end": -1}}, "FFC_sans_bias49": {"write": {"device_start": -1, "host_queued_start": 1585660764.038402, "device_queued": -1, "device_end": -1, "host_queued_end": 1585660764.110465}, "device": "cpu", "nd_range": {"device_start": 2328540.236439071, "device_end": 2328540.305254477}, "cmdq": 1, "read": {"device_start": -1, "device_end": -1}}, "softmax77": {"write": {"device_start": -1, "host_queued_start": 1585660764.049162, "device_queued": -1, "device_end": -1, "host_queued_end": 1585660764.110465}, "device": "cpu", "nd_range": {"device_start": 2328540.923426376, "device_end": 2328540.923741729}, "cmdq": 0, "read": {"device_start": -1, "device_end": -1}}, "empty134": {"write": {"device_start": -1, "host_queued_start": 1585660763.860752, "device_queued": -1, "device_end": -1, "host_queued_end": 1585660764.110465}, "device": "cpu", "nd_range": {"device_start": 2328538.300221452, "device_end": 2328538.300222104}, "cmdq": 0, "read": {"device_start": -1, "device_end": -1}}, "coalesced_transpose138": {"write": {"device_start": -1, "host_queued_start": 1585660764.034764, "device_queued": -1, "device_end": -1, "host_queued_end": 1585660764.110465}, "device": "cpu", "nd_range": {"device_start": 2328540.0968529573, "device_end": 2328540.097250626}, "cmdq": 1, "read": {"device_start": -1, "device_end": -1}}, "FFC_sans_bias119": {"write": {"device_start": -1, "host_queued_start": 1585660764.003878, "device_queued": -1, "device_end": -1, "host_queued_end": 1585660764.110465}, "device": "cpu", "nd_range": {"device_start": 2328539.779454574, "device_end": 2328539.847763055}, "cmdq": 1, "read": {"device_start": -1, "device_end": -1}}, "FFC_sans_bias118": {"write": {"device_start": -1, "host_queued_start": 1585660763.999344, "device_queued": -1, "device_end": -1, "host_queued_end": 1585660764.110465}, "device": "cpu", "nd_range": {"device_start": 2328539.829761691, "device_end": 2328539.939304353}, "cmdq": 0, "read": {"device_start": -1, "device_end": -1}}, "empty143": {"write": {"device_start": -1, "host_queued_start": 1585660763.863368, "device_queued": -1, "device_end": -1, "host_queued_end": 1585660764.110465}, "device": "cpu", "nd_range": {"device_start": 2328538.300222483, "device_end": 2328538.300223417}, "cmdq": 1, "read": {"device_start": -1, "device_end": -1}}, "FFC_sans_bias115": {"write": {"device_start": -1, "host_queued_start": 1585660764.101409, "device_queued": -1, "device_end": -1, "host_queued_end": 1585660764.110465}, "device": "cpu", "nd_range": {"device_start": 2328541.9848776613, "device_end": 2328542.018729113}, "cmdq": 0, "read": {"device_start": -1, "device_end": -1}}, "FFC_sans_bias114": {"write": {"device_start": -1, "host_queued_start": 1585660764.060509, "device_queued": -1, "device_end": -1, "host_queued_end": 1585660764.110465}, "device": "cpu", "nd_range": {"device_start": 2328541.4459384033, "device_end": 2328541.534192583}, "cmdq": 0, "read": {"device_start": -1, "device_end": -1}}, "FFC_sans_bias117": {"write": {"device_start": -1, "host_queued_start": 1585660763.996025, "device_queued": -1, "device_end": -1, "host_queued_end": 1585660764.110465}, "device": "cpu", "nd_range": {"device_start": 2328539.699453481, "device_end": 2328539.779442823}, "cmdq": 1, "read": {"device_start": -1, "device_end": -1}}, "softmax5": {"write": {"device_start": -1, "host_queued_start": 1585660764.045007, "device_queued": -1, "device_end": -1, "host_queued_end": 1585660764.110465}, "device": "cpu", "nd_range": {"device_start": 2328540.9200184853, "device_end": 2328540.9207440233}, "cmdq": 0, "read": {"device_start": -1, "device_end": -1}}, "FFC_sans_bias110": {"write": {"device_start": -1, "host_queued_start": 1585660763.992696, "device_queued": -1, "device_end": -1, "host_queued_end": 1585660764.110465}, "device": "cpu", "nd_range": {"device_start": 2328539.770879507, "device_end": 2328539.829746556}, "cmdq": 0, "read": {"device_start": -1, "device_end": -1}}, "FFC_sans_bias112": {"write": {"device_start": -1, "host_queued_start": 1585660764.042646, "device_queued": -1, "device_end": -1, "host_queued_end": 1585660764.110465}, "device": "cpu", "nd_range": {"device_start": 2328540.7530888193, "device_end": 2328540.82008878}, "cmdq": 0, "read": {"device_start": -1, "device_end": -1}}, "empty53": {"write": {"device_start": -1, "host_queued_start": 1585660763.837088, "device_queued": -1, "device_end": -1, "host_queued_end": 1585660764.110465}, "device": "cpu", "nd_range": {"device_start": 2328538.300195701, "device_end": 2328538.300196371}, "cmdq": 1, "read": {"device_start": -1, "device_end": -1}}, "coalesced_transpose48": {"write": {"device_start": -1, "host_queued_start": 1585660764.029856, "device_queued": -1, "device_end": -1, "host_queued_end": 1585660764.110465}, "device": "cpu", "nd_range": {"device_start": 2328540.086581821, "device_end": 2328540.094930035}, "cmdq": 1, "read": {"device_start": -1, "device_end": -1}}}