{"FFC_sans_bias4": {"write": {"device_start": -1, "host_queued_start": 1585661856.276692, "device_queued": -1, "device_end": -1, "host_queued_end": 1585661856.292124}, "device": "cpu", "nd_range": {"device_start": 2329630.8130571824, "device_end": 2329630.8485289114}, "cmdq": 0, "read": {"device_start": -1, "device_end": -1}}, "FFC_sans_bias7": {"write": {"device_start": -1, "host_queued_start": 1585661856.285351, "device_queued": -1, "device_end": -1, "host_queued_end": 1585661856.292124}, "device": "cpu", "nd_range": {"device_start": 2329631.031156746, "device_end": 2329631.066355279}, "cmdq": 0, "read": {"device_start": -1, "device_end": -1}}, "FFC_sans_bias6": {"write": {"device_start": -1, "host_queued_start": 1585661856.280679, "device_queued": -1, "device_end": -1, "host_queued_end": 1585661856.292124}, "device": "cpu", "nd_range": {"device_start": 2329630.9218235454, "device_end": 2329630.95762729}, "cmdq": 0, "read": {"device_start": -1, "device_end": -1}}, "FFC_sans_bias1": {"write": {"device_start": -1, "host_queued_start": 1585661856.246963, "device_queued": -1, "device_end": -1, "host_queued_end": 1585661856.292124}, "device": "cpu", "nd_range": {"device_start": 2329630.516141655, "device_end": 2329630.5582957263}, "cmdq": 0, "read": {"device_start": -1, "device_end": -1}}, "FFC_sans_bias0": {"write": {"device_start": -1, "host_queued_start": 1585661856.243234, "device_queued": -1, "device_end": -1, "host_queued_end": 1585661856.292124}, "device": "cpu", "nd_range": {"device_start": 2329630.4817683003, "device_end": 2329630.516111663}, "cmdq": 0, "read": {"device_start": -1, "device_end": -1}}, "FFC_sans_bias2": {"write": {"device_start": -1, "host_queued_start": 1585661856.251282, "device_queued": -1, "device_end": -1, "host_queued_end": 1585661856.292124}, "device": "cpu", "nd_range": {"device_start": 2329630.558328806, "device_end": 2329630.593514244}, "cmdq": 0, "read": {"device_start": -1, "device_end": -1}}, "coalesced_transpose120": {"write": {"device_start": -1, "host_queued_start": 1585661856.168395, "device_queued": -1, "device_end": -1, "host_queued_end": 1585661856.228212}, "device": "gpu", "nd_range": {"device_start": 1585661788.8665798, "device_end": 1585661788.86665}, "cmdq": 2, "read": {"device_start": -1, "device_end": -1}}, "FFC_sans_bias9": {"write": {"device_start": -1, "host_queued_start": 1585661856.255317, "device_queued": -1, "device_end": -1, "host_queued_end": 1585661856.292124}, "device": "cpu", "nd_range": {"device_start": 2329630.593525243, "device_end": 2329630.629858431}, "cmdq": 0, "read": {"device_start": -1, "device_end": -1}}, "empty71": {"write": {"device_start": 1585661788.7363603, "host_queued_start": 1585661856.000623, "device_queued": 1585661788.7360246, "device_end": 1585661788.7365003, "host_queued_end": 1585661856.228212}, "device": "gpu", "nd_range": {"device_start": 1585661788.7365112, "device_end": 1585661788.736516}, "cmdq": 4, "read": {"device_start": -1, "device_end": -1}}, "softmax41": {"write": {"device_start": -1, "host_queued_start": 1585661856.174165, "device_queued": -1, "device_end": -1, "host_queued_end": 1585661856.228212}, "device": "gpu", "nd_range": {"device_start": 1585661788.8993335, "device_end": 1585661788.9074175}, "cmdq": 4, "read": {"device_start": -1, "device_end": -1}}, "FFC_sans_bias37": {"write": {"device_start": 1585661788.7410226, "host_queued_start": 1585661856.044565, "device_queued": 1585661788.740612, "device_end": 1585661788.741122, "host_queued_end": 1585661856.228212}, "device": "gpu", "nd_range": {"device_start": 1585661788.7413843, "device_end": 1585661788.7561471}, "cmdq": 2, "read": {"device_start": -1, "device_end": -1}}, "FFC_sans_bias36": {"write": {"device_start": 1585661788.7407115, "host_queued_start": 1585661856.040994, "device_queued": 1585661788.7404778, "device_end": 1585661788.7409902, "host_queued_end": 1585661856.228212}, "device": "gpu", "nd_range": {"device_start": 1585661788.7412772, "device_end": 1585661788.752866}, "cmdq": 1, "read": {"device_start": -1, "device_end": -1}}, "FFC_sans_bias34": {"write": {"device_start": 1585661788.9530187, "host_queued_start": 1585661856.188707, "device_queued": 1585661788.7573323, "device_end": 1585661788.9531186, "host_queued_end": 1585661856.228212}, "device": "gpu", "nd_range": {"device_start": 1585661788.9532123, "device_end": 1585661788.962494}, "cmdq": 4, "read": {"device_start": 1585661788.9625032, "device_end": 1585661788.9625967}}, "FFC_sans_bias33": {"write": {"device_start": -1, "host_queued_start": 1585661856.177781, "device_queued": -1, "device_end": -1, "host_queued_end": 1585661856.228212}, "device": "gpu", "nd_range": {"device_start": 1585661788.9102008, "device_end": 1585661788.9138176}, "cmdq": 1, "read": {"device_start": -1, "device_end": -1}}, "FFC_sans_bias31": {"write": {"device_start": -1, "host_queued_start": 1585661856.169372, "device_queued": -1, "device_end": -1, "host_queued_end": 1585661856.228212}, "device": "gpu", "nd_range": {"device_start": 1585661788.8666418, "device_end": 1585661788.8700101}, "cmdq": 0, "read": {"device_start": -1, "device_end": -1}}, "FFC_sans_bias38": {"write": {"device_start": 1585661788.7434244, "host_queued_start": 1585661856.048284, "device_queued": 1585661788.7410061, "device_end": 1585661788.7435253, "host_queued_end": 1585661856.228212}, "device": "gpu", "nd_range": {"device_start": 1585661788.7435317, "device_end": 1585661788.7594514}, "cmdq": 3, "read": {"device_start": -1, "device_end": -1}}, "coalesced_transpose75": {"write": {"device_start": -1, "host_queued_start": 1585661856.166843, "device_queued": -1, "device_end": -1, "host_queued_end": 1585661856.228212}, "device": "gpu", "nd_range": {"device_start": 1585661788.8664713, "device_end": 1585661788.8665614}, "cmdq": 2, "read": {"device_start": -1, "device_end": -1}}, "softmax140": {"write": {"device_start": -1, "host_queued_start": 1585661856.177157, "device_queued": -1, "device_end": -1, "host_queued_end": 1585661856.228212}, "device": "gpu", "nd_range": {"device_start": 1585661788.9123197, "device_end": 1585661788.9210122}, "cmdq": 0, "read": {"device_start": -1, "device_end": -1}}, "empty44": {"write": {"device_start": 1585661788.7353961, "host_queued_start": 1585661855.99182, "device_queued": 1585661788.7351182, "device_end": 1585661788.7356591, "host_queued_end": 1585661856.228212}, "device": "gpu", "nd_range": {"device_start": 1585661788.736087, "device_end": 1585661788.7361517}, "cmdq": 1, "read": {"device_start": -1, "device_end": -1}}, "FFC_sans_bias137": {"write": {"device_start": 1585661788.8474345, "host_queued_start": 1585661856.161101, "device_queued": 1585661788.7495496, "device_end": 1585661788.84753, "host_queued_end": 1585661856.228212}, "device": "gpu", "nd_range": {"device_start": 1585661788.8475385, "device_end": 1585661788.8634102}, "cmdq": 0, "read": {"device_start": -1, "device_end": -1}}, "empty8": {"write": {"device_start": -1, "host_queued_start": 1585661856.233528, "device_queued": -1, "device_end": -1, "host_queued_end": 1585661856.292124}, "device": "cpu", "nd_range": {"device_start": 2329630.481728631, "device_end": 2329630.4817386}, "cmdq": 0, "read": {"device_start": -1, "device_end": -1}}, "softmax50": {"write": {"device_start": -1, "host_queued_start": 1585661856.174441, "device_queued": -1, "device_end": -1, "host_queued_end": 1585661856.228212}, "device": "gpu", "nd_range": {"device_start": 1585661788.896062, "device_end": 1585661788.907345}, "cmdq": 0, "read": {"device_start": -1, "device_end": -1}}, "softmax59": {"write": {"device_start": -1, "host_queued_start": 1585661856.17474, "device_queued": -1, "device_end": -1, "host_queued_end": 1585661856.228212}, "device": "gpu", "nd_range": {"device_start": 1585661788.9093394, "device_end": 1585661788.9097486}, "cmdq": 1, "read": {"device_start": -1, "device_end": -1}}, "FFC_sans_bias142": {"write": {"device_start": 1585661788.9824505, "host_queued_start": 1585661856.228103, "device_queued": 1585661788.761848, "device_end": 1585661788.9825437, "host_queued_end": 1585661856.228212}, "device": "gpu", "nd_range": {"device_start": 1585661788.9825666, "device_end": 1585661788.9948328}, "cmdq": 1, "read": {"device_start": 1585661788.9948394, "device_end": 1585661788.9949257}}, "FFC_sans_bias141": {"write": {"device_start": -1, "host_queued_start": 1585661856.185272, "device_queued": -1, "device_end": -1, "host_queued_end": 1585661856.228212}, "device": "gpu", "nd_range": {"device_start": 1585661788.9300463, "device_end": 1585661788.9462402}, "cmdq": 3, "read": {"device_start": -1, "device_end": -1}}, "FFC_sans_bias24": {"write": {"device_start": -1, "host_queued_start": 1585661856.281859, "device_queued": -1, "device_end": -1, "host_queued_end": 1585661856.292124}, "device": "cpu", "nd_range": {"device_start": 2329630.9930361924, "device_end": 2329631.03114686}, "cmdq": 0, "read": {"device_start": -1, "device_end": -1}}, "FFC_sans_bias25": {"write": {"device_start": -1, "host_queued_start": 1585661856.292056, "device_queued": -1, "device_end": -1, "host_queued_end": 1585661856.292124}, "device": "cpu", "nd_range": {"device_start": 2329631.108369879, "device_end": 2329631.150515534}, "cmdq": 0, "read": {"device_start": -1, "device_end": -1}}, "FFC_sans_bias27": {"write": {"device_start": 1585661788.7394724, "host_queued_start": 1585661856.029707, "device_queued": 1585661788.7391214, "device_end": 1585661788.7397366, "host_queued_end": 1585661856.228212}, "device": "gpu", "nd_range": {"device_start": 1585661788.7397661, "device_end": 1585661788.7431297}, "cmdq": 3, "read": {"device_start": -1, "device_end": -1}}, "FFC_sans_bias20": {"write": {"device_start": -1, "host_queued_start": 1585661856.274267, "device_queued": -1, "device_end": -1, "host_queued_end": 1585661856.292124}, "device": "cpu", "nd_range": {"device_start": 2329630.7758442503, "device_end": 2329630.8119337363}, "cmdq": 0, "read": {"device_start": -1, "device_end": -1}}, "FFC_sans_bias22": {"write": {"device_start": -1, "host_queued_start": 1585661856.278075, "device_queued": -1, "device_end": -1, "host_queued_end": 1585661856.292124}, "device": "cpu", "nd_range": {"device_start": 2329630.8849329352, "device_end": 2329630.920728101}, "cmdq": 0, "read": {"device_start": -1, "device_end": -1}}, "FFC_sans_bias130": {"write": {"device_start": -1, "host_queued_start": 1585661856.173274, "device_queued": -1, "device_end": -1, "host_queued_end": 1585661856.228212}, "device": "gpu", "nd_range": {"device_start": 1585661788.90579, "device_end": 1585661788.9093177}, "cmdq": 1, "read": {"device_start": -1, "device_end": -1}}, "FFC_sans_bias28": {"write": {"device_start": 1585661788.7397895, "host_queued_start": 1585661856.033514, "device_queued": 1585661788.739436, "device_end": 1585661788.7399063, "host_queued_end": 1585661856.228212}, "device": "gpu", "nd_range": {"device_start": 1585661788.739941, "device_end": 1585661788.7464592}, "cmdq": 4, "read": {"device_start": -1, "device_end": -1}}, "FFC_sans_bias29": {"write": {"device_start": 1585661788.7403576, "host_queued_start": 1585661856.037256, "device_queued": 1585661788.7400923, "device_end": 1585661788.7404675, "host_queued_end": 1585661856.228212}, "device": "gpu", "nd_range": {"device_start": 1585661788.7404702, "device_end": 1585661788.7497675}, "cmdq": 0, "read": {"device_start": -1, "device_end": -1}}, "coalesced_transpose66": {"write": {"device_start": -1, "host_queued_start": 1585661856.166449, "device_queued": -1, "device_end": -1, "host_queued_end": 1585661856.228212}, "device": "gpu", "nd_range": {"device_start": 1585661788.8666947, "device_end": 1585661788.87311}, "cmdq": 1, "read": {"device_start": -1, "device_end": -1}}, "coalesced_transpose93": {"write": {"device_start": -1, "host_queued_start": 1585661856.167452, "device_queued": -1, "device_end": -1, "host_queued_end": 1585661856.228212}, "device": "gpu", "nd_range": {"device_start": 1585661788.866533, "device_end": 1585661788.8665905}, "cmdq": 4, "read": {"device_start": -1, "device_end": -1}}, "softmax23": {"write": {"device_start": -1, "host_queued_start": 1585661856.280044, "device_queued": -1, "device_end": -1, "host_queued_end": 1585661856.292124}, "device": "cpu", "nd_range": {"device_start": 2329630.9215039583, "device_end": 2329630.9218164673}, "cmdq": 0, "read": {"device_start": -1, "device_end": -1}}, "empty62": {"write": {"device_start": 1585661788.7360387, "host_queued_start": 1585661855.997753, "device_queued": 1585661788.7356837, "device_end": 1585661788.7363079, "host_queued_end": 1585661856.228212}, "device": "gpu", "nd_range": {"device_start": 1585661788.7363186, "device_end": 1585661788.7363226}, "cmdq": 3, "read": {"device_start": -1, "device_end": -1}}, "FFC_sans_bias10": {"write": {"device_start": -1, "host_queued_start": 1585661856.259249, "device_queued": -1, "device_end": -1, "host_queued_end": 1585661856.292124}, "device": "cpu", "nd_range": {"device_start": 2329630.629872581, "device_end": 2329630.6677571964}, "cmdq": 0, "read": {"device_start": -1, "device_end": -1}}, "FFC_sans_bias13": {"write": {"device_start": -1, "host_queued_start": 1585661856.277419, "device_queued": -1, "device_end": -1, "host_queued_end": 1585661856.292124}, "device": "cpu", "nd_range": {"device_start": 2329630.848538358, "device_end": 2329630.884913968}, "cmdq": 0, "read": {"device_start": -1, "device_end": -1}}, "FFC_sans_bias15": {"write": {"device_start": -1, "host_queued_start": 1585661856.281275, "device_queued": -1, "device_end": -1, "host_queued_end": 1585661856.292124}, "device": "cpu", "nd_range": {"device_start": 2329630.957639588, "device_end": 2329630.993016844}, "cmdq": 0, "read": {"device_start": -1, "device_end": -1}}, "FFC_sans_bias16": {"write": {"device_start": -1, "host_queued_start": 1585661856.288644, "device_queued": -1, "device_end": -1, "host_queued_end": 1585661856.292124}, "device": "cpu", "nd_range": {"device_start": 2329631.066368022, "device_end": 2329631.108348307}, "cmdq": 0, "read": {"device_start": -1, "device_end": -1}}, "FFC_sans_bias19": {"write": {"device_start": -1, "host_queued_start": 1585661856.27076, "device_queued": -1, "device_end": -1, "host_queued_end": 1585661856.292124}, "device": "cpu", "nd_range": {"device_start": 2329630.739637408, "device_end": 2329630.775831859}, "cmdq": 0, "read": {"device_start": -1, "device_end": -1}}, "FFC_sans_bias18": {"write": {"device_start": -1, "host_queued_start": 1585661856.266706, "device_queued": -1, "device_end": -1, "host_queued_end": 1585661856.292124}, "device": "cpu", "nd_range": {"device_start": 2329630.7038543383, "device_end": 2329630.7396087693}, "cmdq": 0, "read": {"device_start": -1, "device_end": -1}}, "FFC_sans_bias99": {"write": {"device_start": 1585661788.8052435, "host_queued_start": 1585661856.115609, "device_queued": 1585661788.7460911, "device_end": 1585661788.8053405, "host_queued_end": 1585661856.228212}, "device": "gpu", "nd_range": {"device_start": 1585661788.8053489, "device_end": 1585661788.8212085}, "cmdq": 2, "read": {"device_start": -1, "device_end": -1}}, "FFC_sans_bias91": {"write": {"device_start": 1585661788.8006973, "host_queued_start": 1585661856.1085, "device_queued": 1585661788.7456882, "device_end": 1585661788.8008106, "host_queued_end": 1585661856.228212}, "device": "gpu", "nd_range": {"device_start": 1585661788.8008246, "device_end": 1585661788.814706}, "cmdq": 0, "read": {"device_start": -1, "device_end": -1}}, "FFC_sans_bias90": {"write": {"device_start": 1585661788.7955947, "host_queued_start": 1585661856.104997, "device_queued": 1585661788.7450466, "device_end": 1585661788.79569, "host_queued_end": 1585661856.228212}, "device": "gpu", "nd_range": {"device_start": 1585661788.7956955, "device_end": 1585661788.8114324}, "cmdq": 4, "read": {"device_start": -1, "device_end": -1}}, "coalesced_transpose12": {"write": {"device_start": -1, "host_queued_start": 1585661856.275305, "device_queued": -1, "device_end": -1, "host_queued_end": 1585661856.292124}, "device": "cpu", "nd_range": {"device_start": 2329630.8123566783, "device_end": 2329630.8127137152}, "cmdq": 0, "read": {"device_start": -1, "device_end": -1}}, "FFC_sans_bias94": {"write": {"device_start": -1, "host_queued_start": 1585661856.171899, "device_queued": -1, "device_end": -1, "host_queued_end": 1585661856.228212}, "device": "gpu", "nd_range": {"device_start": 1585661788.8733323, "device_end": 1585661788.88632}, "cmdq": 2, "read": {"device_start": -1, "device_end": -1}}, "FFC_sans_bias97": {"write": {"device_start": 1585661788.9663208, "host_queued_start": 1585661856.211775, "device_queued": 1585661788.7603538, "device_end": 1585661788.966414, "host_queued_end": 1585661856.228212}, "device": "gpu", "nd_range": {"device_start": 1585661788.9664385, "device_end": 1585661788.9819407}, "cmdq": 1, "read": {"device_start": 1585661788.9819453, "device_end": 1585661788.9820337}}, "FFC_sans_bias96": {"write": {"device_start": -1, "host_queued_start": 1585661856.182121, "device_queued": -1, "device_end": -1, "host_queued_end": 1585661856.228212}, "device": "gpu", "nd_range": {"device_start": 1585661788.9203005, "device_end": 1585661788.9300256}, "cmdq": 3, "read": {"device_start": -1, "device_end": -1}}, "FFC_sans_bias124": {"write": {"device_start": 1585661788.9760008, "host_queued_start": 1585661856.221554, "device_queued": 1585661788.7608895, "device_end": 1585661788.9760935, "host_queued_end": 1585661856.228212}, "device": "gpu", "nd_range": {"device_start": 1585661788.9761128, "device_end": 1585661788.9916918}, "cmdq": 4, "read": {"device_start": 1585661788.991698, "device_end": 1585661788.9917855}}, "FFC_sans_bias126": {"write": {"device_start": 1585661788.837692, "host_queued_start": 1585661856.15043, "device_queued": 1585661788.7487056, "device_end": 1585661788.8377888, "host_queued_end": 1585661856.228212}, "device": "gpu", "nd_range": {"device_start": 1585661788.837797, "device_end": 1585661788.8537114}, "cmdq": 2, "read": {"device_start": -1, "device_end": -1}}, "softmax32": {"write": {"device_start": -1, "host_queued_start": 1585661856.173891, "device_queued": -1, "device_end": -1, "host_queued_end": 1585661856.228212}, "device": "gpu", "nd_range": {"device_start": 1585661788.8895743, "device_end": 1585661788.9032896}, "cmdq": 3, "read": {"device_start": -1, "device_end": -1}}, "coalesced_transpose84": {"write": {"device_start": -1, "host_queued_start": 1585661856.167148, "device_queued": -1, "device_end": -1, "host_queued_end": 1585661856.228212}, "device": "gpu", "nd_range": {"device_start": 1585661788.8665006, "device_end": 1585661788.866585}, "cmdq": 3, "read": {"device_start": -1, "device_end": -1}}, "FFC_sans_bias121": {"write": {"device_start": -1, "host_queued_start": 1585661856.172946, "device_queued": -1, "device_end": -1, "host_queued_end": 1585661856.228212}, "device": "gpu", "nd_range": {"device_start": 1585661788.879833, "device_end": 1585661788.8960402}, "cmdq": 0, "read": {"device_start": -1, "device_end": -1}}, "empty98": {"write": {"device_start": 1585661788.7373815, "host_queued_start": 1585661856.010994, "device_queued": 1585661788.7369673, "device_end": 1585661788.737583, "host_queued_end": 1585661856.228212}, "device": "gpu", "nd_range": {"device_start": 1585661788.7376626, "device_end": 1585661788.7376668}, "cmdq": 2, "read": {"device_start": -1, "device_end": -1}}, "empty107": {"write": {"device_start": 1585661788.7376876, "host_queued_start": 1585661856.014161, "device_queued": 1585661788.7373211, "device_end": 1585661788.7379236, "host_queued_end": 1585661856.228212}, "device": "gpu", "nd_range": {"device_start": 1585661788.7379274, "device_end": 1585661788.7379348}, "cmdq": 3, "read": {"device_start": -1, "device_end": -1}}, "empty17": {"write": {"device_start": -1, "host_queued_start": 1585661856.237111, "device_queued": -1, "device_end": -1, "host_queued_end": 1585661856.292124}, "device": "cpu", "nd_range": {"device_start": 2329630.4817562643, "device_end": 2329630.4817572413}, "cmdq": 0, "read": {"device_start": -1, "device_end": -1}}, "FFC_sans_bias87": {"write": {"device_start": -1, "host_queued_start": 1585661856.181508, "device_queued": -1, "device_end": -1, "host_queued_end": 1585661856.228212}, "device": "gpu", "nd_range": {"device_start": 1585661788.9170518, "device_end": 1585661788.9268088}, "cmdq": 2, "read": {"device_start": -1, "device_end": -1}}, "FFC_sans_bias85": {"write": {"device_start": -1, "host_queued_start": 1585661856.171411, "device_queued": -1, "device_end": -1, "host_queued_end": 1585661856.228212}, "device": "gpu", "nd_range": {"device_start": 1585661788.8928442, "device_end": 1585661788.905769}, "cmdq": 1, "read": {"device_start": -1, "device_end": -1}}, "FFC_sans_bias82": {"write": {"device_start": 1585661788.789034, "host_queued_start": 1585661856.097919, "device_queued": 1585661788.7447875, "device_end": 1585661788.78913, "host_queued_end": 1585661856.228212}, "device": "gpu", "nd_range": {"device_start": 1585661788.7891376, "device_end": 1585661788.8049634}, "cmdq": 2, "read": {"device_start": -1, "device_end": -1}}, "FFC_sans_bias83": {"write": {"device_start": 1585661788.7922907, "host_queued_start": 1585661856.101572, "device_queued": 1585661788.7449179, "device_end": 1585661788.7923932, "host_queued_end": 1585661856.228212}, "device": "gpu", "nd_range": {"device_start": 1585661788.7924027, "device_end": 1585661788.8081949}, "cmdq": 3, "read": {"device_start": -1, "device_end": -1}}, "FFC_sans_bias81": {"write": {"device_start": 1585661788.7858016, "host_queued_start": 1585661856.094335, "device_queued": 1585661788.7446573, "device_end": 1585661788.7858977, "host_queued_end": 1585661856.228212}, "device": "gpu", "nd_range": {"device_start": 1585661788.7859054, "device_end": 1585661788.8016932}, "cmdq": 1, "read": {"device_start": -1, "device_end": -1}}, "FFC_sans_bias88": {"write": {"device_start": 1585661788.956574, "host_queued_start": 1585661856.20838, "device_queued": 1585661788.7596223, "device_end": 1585661788.9566712, "host_queued_end": 1585661856.228212}, "device": "gpu", "nd_range": {"device_start": 1585661788.9566936, "device_end": 1585661788.9722087}, "cmdq": 0, "read": {"device_start": 1585661788.9722183, "device_end": 1585661788.9723105}}, "coalesced_transpose30": {"write": {"device_start": -1, "host_queued_start": 1585661856.165132, "device_queued": -1, "device_end": -1, "host_queued_end": 1585661856.228212}, "device": "gpu", "nd_range": {"device_start": 1585661788.8537138, "device_end": 1585661788.8664625}, "cmdq": 2, "read": {"device_start": -1, "device_end": -1}}, "FFC_sans_bias128": {"write": {"device_start": 1585661788.834465, "host_queued_start": 1585661856.14692, "device_queued": 1585661788.7485812, "device_end": 1585661788.834564, "host_queued_end": 1585661856.228212}, "device": "gpu", "nd_range": {"device_start": 1585661788.8345764, "device_end": 1585661788.8504481}, "cmdq": 1, "read": {"device_start": -1, "device_end": -1}}, "coalesced_transpose39": {"write": {"device_start": -1, "host_queued_start": 1585661856.16545, "device_queued": -1, "device_end": -1, "host_queued_end": 1585661856.228212}, "device": "gpu", "nd_range": {"device_start": 1585661788.8569443, "device_end": 1585661788.8664892}, "cmdq": 3, "read": {"device_start": -1, "device_end": -1}}, "FFC_sans_bias79": {"write": {"device_start": 1585661788.9631355, "host_queued_start": 1585661856.205025, "device_queued": 1585661788.7590442, "device_end": 1585661788.9634008, "host_queued_end": 1585661856.228212}, "device": "gpu", "nd_range": {"device_start": 1585661788.9634275, "device_end": 1585661788.975475}, "cmdq": 4, "read": {"device_start": 1585661788.9754798, "device_end": 1585661788.9755692}}, "FFC_sans_bias78": {"write": {"device_start": -1, "host_queued_start": 1585661856.18089, "device_queued": -1, "device_end": -1, "host_queued_end": 1585661856.228212}, "device": "gpu", "nd_range": {"device_start": 1585661788.9138377, "device_end": 1585661788.9235513}, "cmdq": 1, "read": {"device_start": -1, "device_end": -1}}, "FFC_sans_bias73": {"write": {"device_start": 1585661788.7792785, "host_queued_start": 1585661856.087367, "device_queued": 1585661788.7438061, "device_end": 1585661788.7793803, "host_queued_end": 1585661856.228212}, "device": "gpu", "nd_range": {"device_start": 1585661788.779391, "device_end": 1585661788.7951968}, "cmdq": 4, "read": {"device_start": -1, "device_end": -1}}, "FFC_sans_bias72": {"write": {"device_start": 1585661788.776125, "host_queued_start": 1585661856.083889, "device_queued": 1585661788.7436748, "device_end": 1585661788.7762496, "host_queued_end": 1585661856.228212}, "device": "gpu", "nd_range": {"device_start": 1585661788.7762544, "device_end": 1585661788.7919219}, "cmdq": 3, "read": {"device_start": -1, "device_end": -1}}, "FFC_sans_bias70": {"write": {"device_start": 1585661788.953415, "host_queued_start": 1585661856.201758, "device_queued": 1585661788.7583044, "device_end": 1585661788.9535086, "host_queued_end": 1585661856.228212}, "device": "gpu", "nd_range": {"device_start": 1585661788.9535332, "device_end": 1585661788.968942}, "cmdq": 3, "read": {"device_start": 1585661788.9689488, "device_end": 1585661788.9690428}}, "FFC_sans_bias76": {"write": {"device_start": -1, "host_queued_start": 1585661856.171083, "device_queued": -1, "device_end": -1, "host_queued_end": 1585661856.228212}, "device": "gpu", "nd_range": {"device_start": 1585661788.8700442, "device_end": 1585661788.8798122}, "cmdq": 0, "read": {"device_start": -1, "device_end": -1}}, "FFC_sans_bias74": {"write": {"device_start": 1585661788.7826142, "host_queued_start": 1585661856.090877, "device_queued": 1585661788.7444003, "device_end": 1585661788.7827213, "host_queued_end": 1585661856.228212}, "device": "gpu", "nd_range": {"device_start": 1585661788.782726, "device_end": 1585661788.7984312}, "cmdq": 0, "read": {"device_start": -1, "device_end": -1}}, "coalesced_transpose102": {"write": {"device_start": -1, "host_queued_start": 1585661856.16776, "device_queued": -1, "device_end": -1, "host_queued_end": 1585661856.228212}, "device": "gpu", "nd_range": {"device_start": 1585661788.8665528, "device_end": 1585661788.8666174}, "cmdq": 0, "read": {"device_start": -1, "device_end": -1}}, "coalesced_transpose3": {"write": {"device_start": -1, "host_queued_start": 1585661856.274681, "device_queued": -1, "device_end": -1, "host_queued_end": 1585661856.292124}, "device": "cpu", "nd_range": {"device_start": 2329630.811945302, "device_end": 2329630.8123478503}, "cmdq": 0, "read": {"device_start": -1, "device_end": -1}}, "FFC_sans_bias127": {"write": {"device_start": 1585661788.840996, "host_queued_start": 1585661856.154001, "device_queued": 1585661788.7488225, "device_end": 1585661788.8410912, "host_queued_end": 1585661856.228212}, "device": "gpu", "nd_range": {"device_start": 1585661788.8411012, "device_end": 1585661788.8569415}, "cmdq": 3, "read": {"device_start": -1, "device_end": -1}}, "empty89": {"write": {"device_start": 1585661788.7370744, "host_queued_start": 1585661856.007739, "device_queued": 1585661788.7366424, "device_end": 1585661788.7373078, "host_queued_end": 1585661856.228212}, "device": "gpu", "nd_range": {"device_start": 1585661788.7376397, "device_end": 1585661788.7376509}, "cmdq": 1, "read": {"device_start": -1, "device_end": -1}}, "FFC_sans_bias123": {"write": {"device_start": -1, "host_queued_start": 1585661856.184088, "device_queued": -1, "device_end": -1, "host_queued_end": 1585661856.228212}, "device": "gpu", "nd_range": {"device_start": 1585661788.923571, "device_end": 1585661788.9397829}, "cmdq": 1, "read": {"device_start": -1, "device_end": -1}}, "empty80": {"write": {"device_start": 1585661788.736749, "host_queued_start": 1585661856.004286, "device_queued": 1585661788.7363565, "device_end": 1585661788.7369492, "host_queued_end": 1585661856.228212}, "device": "gpu", "nd_range": {"device_start": 1585661788.7369592, "device_end": 1585661788.7369633}, "cmdq": 0, "read": {"device_start": -1, "device_end": -1}}, "empty116": {"write": {"device_start": 1585661788.7380574, "host_queued_start": 1585661856.01717, "device_queued": 1585661788.7375987, "device_end": 1585661788.7384126, "host_queued_end": 1585661856.228212}, "device": "gpu", "nd_range": {"device_start": 1585661788.7384167, "device_end": 1585661788.7384229}, "cmdq": 4, "read": {"device_start": -1, "device_end": -1}}, "softmax104": {"write": {"device_start": -1, "host_queued_start": 1585661856.17614, "device_queued": -1, "device_end": -1, "host_queued_end": 1585661856.228212}, "device": "gpu", "nd_range": {"device_start": 1585661788.9097695, "device_end": 1585661788.9101784}, "cmdq": 1, "read": {"device_start": -1, "device_end": -1}}, "coalesced_transpose21": {"write": {"device_start": -1, "host_queued_start": 1585661856.275938, "device_queued": -1, "device_end": -1, "host_queued_end": 1585661856.292124}, "device": "cpu", "nd_range": {"device_start": 2329630.812719658, "device_end": 2329630.8130511004}, "cmdq": 0, "read": {"device_start": -1, "device_end": -1}}, "softmax14": {"write": {"device_start": -1, "host_queued_start": 1585661856.279318, "device_queued": -1, "device_end": -1, "host_queued_end": 1585661856.292124}, "device": "cpu", "nd_range": {"device_start": 2329630.9211523533, "device_end": 2329630.921496787}, "cmdq": 0, "read": {"device_start": -1, "device_end": -1}}, "FFC_sans_bias69": {"write": {"device_start": -1, "host_queued_start": 1585661856.180271, "device_queued": -1, "device_end": -1, "host_queued_end": 1585661856.228212}, "device": "gpu", "nd_range": {"device_start": 1585661788.9210324, "device_end": 1585661788.9332747}, "cmdq": 0, "read": {"device_start": -1, "device_end": -1}}, "FFC_sans_bias92": {"write": {"device_start": 1585661788.8046856, "host_queued_start": 1585661856.112097, "device_queued": 1585661788.7459426, "device_end": 1585661788.8047802, "host_queued_end": 1585661856.228212}, "device": "gpu", "nd_range": {"device_start": 1585661788.804793, "device_end": 1585661788.8179774}, "cmdq": 1, "read": {"device_start": -1, "device_end": -1}}, "FFC_sans_bias60": {"write": {"device_start": -1, "host_queued_start": 1585661856.179602, "device_queued": -1, "device_end": -1, "host_queued_end": 1585661856.228212}, "device": "gpu", "nd_range": {"device_start": 1585661788.9210618, "device_end": 1585661788.936549}, "cmdq": 4, "read": {"device_start": -1, "device_end": -1}}, "FFC_sans_bias61": {"write": {"device_start": 1585661788.9501388, "host_queued_start": 1585661856.198568, "device_queued": 1585661788.7581623, "device_end": 1585661788.9502356, "host_queued_end": 1585661856.228212}, "device": "gpu", "nd_range": {"device_start": 1585661788.9502652, "device_end": 1585661788.9592319}, "cmdq": 2, "read": {"device_start": 1585661788.962841, "device_end": 1585661788.963103}}, "FFC_sans_bias63": {"write": {"device_start": 1585661788.772805, "host_queued_start": 1585661856.080373, "device_queued": 1585661788.7435563, "device_end": 1585661788.772906, "host_queued_end": 1585661856.228212}, "device": "gpu", "nd_range": {"device_start": 1585661788.7729185, "device_end": 1585661788.788653}, "cmdq": 2, "read": {"device_start": -1, "device_end": -1}}, "FFC_sans_bias64": {"write": {"device_start": 1585661788.7662718, "host_queued_start": 1585661856.073032, "device_queued": 1585661788.7430801, "device_end": 1585661788.7663841, "host_queued_end": 1585661856.228212}, "device": "gpu", "nd_range": {"device_start": 1585661788.7663946, "device_end": 1585661788.7821717}, "cmdq": 0, "read": {"device_start": -1, "device_end": -1}}, "FFC_sans_bias65": {"write": {"device_start": 1585661788.7695243, "host_queued_start": 1585661856.076807, "device_queued": 1585661788.7434134, "device_end": 1585661788.769624, "host_queued_end": 1585661856.228212}, "device": "gpu", "nd_range": {"device_start": 1585661788.7696297, "device_end": 1585661788.7853935}, "cmdq": 1, "read": {"device_start": -1, "device_end": -1}}, "FFC_sans_bias67": {"write": {"device_start": -1, "host_queued_start": 1585661856.170757, "device_queued": -1, "device_end": -1, "host_queued_end": 1585661856.228212}, "device": "gpu", "nd_range": {"device_start": 1585661788.8731437, "device_end": 1585661788.8830898}, "cmdq": 4, "read": {"device_start": -1, "device_end": -1}}, "coalesced_transpose111": {"write": {"device_start": -1, "host_queued_start": 1585661856.168062, "device_queued": -1, "device_end": -1, "host_queued_end": 1585661856.228212}, "device": "gpu", "nd_range": {"device_start": 1585661788.8731115, "device_end": 1585661788.879609}, "cmdq": 1, "read": {"device_start": -1, "device_end": -1}}, "FFC_sans_bias136": {"write": {"device_start": 1585661788.8442202, "host_queued_start": 1585661856.157616, "device_queued": 1585661788.748939, "device_end": 1585661788.8443167, "host_queued_end": 1585661856.228212}, "device": "gpu", "nd_range": {"device_start": 1585661788.844322, "device_end": 1585661788.8601801}, "cmdq": 4, "read": {"device_start": -1, "device_end": -1}}, "FFC_sans_bias135": {"write": {"device_start": 1585661788.850703, "host_queued_start": 1585661856.164765, "device_queued": 1585661788.7498107, "device_end": 1585661788.8507988, "host_queued_end": 1585661856.228212}, "device": "gpu", "nd_range": {"device_start": 1585661788.8508112, "device_end": 1585661788.866688}, "cmdq": 1, "read": {"device_start": -1, "device_end": -1}}, "FFC_sans_bias133": {"write": {"device_start": 1585661788.9727404, "host_queued_start": 1585661856.224905, "device_queued": 1585661788.7615364, "device_end": 1585661788.9728348, "host_queued_end": 1585661856.228212}, "device": "gpu", "nd_range": {"device_start": 1585661788.9728582, "device_end": 1585661788.9884253}, "cmdq": 0, "read": {"device_start": 1585661788.9920013, "device_end": 1585661788.99209}}, "FFC_sans_bias132": {"write": {"device_start": -1, "host_queued_start": 1585661856.184693, "device_queued": -1, "device_end": -1, "host_queued_end": 1585661856.228212}, "device": "gpu", "nd_range": {"device_start": 1585661788.9268293, "device_end": 1585661788.9430375}, "cmdq": 2, "read": {"device_start": -1, "device_end": -1}}, "softmax68": {"write": {"device_start": -1, "host_queued_start": 1585661856.174987, "device_queued": -1, "device_end": -1, "host_queued_end": 1585661856.228212}, "device": "gpu", "nd_range": {"device_start": 1585661788.902579, "device_end": 1585661788.90737}, "cmdq": 2, "read": {"device_start": -1, "device_end": -1}}, "softmax131": {"write": {"device_start": -1, "host_queued_start": 1585661856.176887, "device_queued": -1, "device_end": -1, "host_queued_end": 1585661856.228212}, "device": "gpu", "nd_range": {"device_start": 1585661788.9122958, "device_end": 1585661788.9210408}, "cmdq": 4, "read": {"device_start": -1, "device_end": -1}}, "empty125": {"write": {"device_start": 1585661788.738506, "host_queued_start": 1585661856.020328, "device_queued": 1585661788.7379448, "device_end": 1585661788.7388074, "host_queued_end": 1585661856.228212}, "device": "gpu", "nd_range": {"device_start": 1585661788.7388186, "device_end": 1585661788.7388225}, "cmdq": 0, "read": {"device_start": -1, "device_end": -1}}, "FFC_sans_bias139": {"write": {"device_start": -1, "host_queued_start": 1585661856.173626, "device_queued": -1, "device_end": -1, "host_queued_end": 1585661856.228212}, "device": "gpu", "nd_range": {"device_start": 1585661788.8863418, "device_end": 1585661788.9025588}, "cmdq": 2, "read": {"device_start": -1, "device_end": -1}}, "empty35": {"write": {"device_start": 1585661788.7350035, "host_queued_start": 1585661855.988262, "device_queued": 1585661788.7346735, "device_end": 1585661788.7351038, "host_queued_end": 1585661856.228212}, "device": "gpu", "nd_range": {"device_start": 1585661788.7351425, "device_end": 1585661788.7351468}, "cmdq": 0, "read": {"device_start": -1, "device_end": -1}}, "softmax86": {"write": {"device_start": -1, "host_queued_start": 1585661856.175564, "device_queued": -1, "device_end": -1, "host_queued_end": 1585661856.228212}, "device": "gpu", "nd_range": {"device_start": 1585661788.9074376, "device_end": 1585661788.9122756}, "cmdq": 4, "read": {"device_start": -1, "device_end": -1}}, "FFC_sans_bias55": {"write": {"device_start": 1585661788.763103, "host_queued_start": 1585661856.069379, "device_queued": 1585661788.7423975, "device_end": 1585661788.763213, "host_queued_end": 1585661856.228212}, "device": "gpu", "nd_range": {"device_start": 1585661788.763223, "device_end": 1585661788.778913}, "cmdq": 4, "read": {"device_start": -1, "device_end": -1}}, "FFC_sans_bias54": {"write": {"device_start": 1585661788.7597868, "host_queued_start": 1585661856.065967, "device_queued": 1585661788.7422464, "device_end": 1585661788.7598896, "host_queued_end": 1585661856.228212}, "device": "gpu", "nd_range": {"device_start": 1585661788.7598932, "device_end": 1585661788.7756464}, "cmdq": 3, "read": {"device_start": -1, "device_end": -1}}, "FFC_sans_bias56": {"write": {"device_start": 1585661788.756623, "host_queued_start": 1585661856.062435, "device_queued": 1585661788.7421196, "device_end": 1585661788.7567668, "host_queued_end": 1585661856.228212}, "device": "gpu", "nd_range": {"device_start": 1585661788.756771, "device_end": 1585661788.7724328}, "cmdq": 2, "read": {"device_start": -1, "device_end": -1}}, "FFC_sans_bias51": {"write": {"device_start": -1, "host_queued_start": 1585661856.179012, "device_queued": -1, "device_end": -1, "host_queued_end": 1585661856.228212}, "device": "gpu", "nd_range": {"device_start": 1585661788.9122717, "device_end": 1585661788.9202785}, "cmdq": 3, "read": {"device_start": -1, "device_end": -1}}, "FFC_sans_bias52": {"write": {"device_start": 1585661788.9531212, "host_queued_start": 1585661856.19541, "device_queued": 1585661788.758646, "device_end": 1585661788.9533067, "host_queued_end": 1585661856.228212}, "device": "gpu", "nd_range": {"device_start": 1585661788.953337, "device_end": 1585661788.9657674}, "cmdq": 1, "read": {"device_start": 1585661788.9657755, "device_end": 1585661788.965878}}, "FFC_sans_bias58": {"write": {"device_start": -1, "host_queued_start": 1585661856.170402, "device_queued": -1, "device_end": -1, "host_queued_end": 1585661856.228212}, "device": "gpu", "nd_range": {"device_start": 1585661788.8667228, "device_end": 1585661788.8765495}, "cmdq": 3, "read": {"device_start": -1, "device_end": -1}}, "FFC_sans_bias108": {"write": {"device_start": 1585661788.8149755, "host_queued_start": 1585661856.126027, "device_queued": 1585661788.7471018, "device_end": 1585661788.8150702, "host_queued_end": 1585661856.228212}, "device": "gpu", "nd_range": {"device_start": 1585661788.8150797, "device_end": 1585661788.8309739}, "cmdq": 0, "read": {"device_start": -1, "device_end": -1}}, "FFC_sans_bias109": {"write": {"device_start": 1585661788.8182392, "host_queued_start": 1585661856.129444, "device_queued": 1585661788.7473383, "device_end": 1585661788.8183355, "host_queued_end": 1585661856.228212}, "device": "gpu", "nd_range": {"device_start": 1585661788.8183446, "device_end": 1585661788.8341959}, "cmdq": 1, "read": {"device_start": -1, "device_end": -1}}, "coalesced_transpose129": {"write": {"device_start": -1, "host_queued_start": 1585661856.168746, "device_queued": -1, "device_end": -1, "host_queued_end": 1585661856.228212}, "device": "gpu", "nd_range": {"device_start": 1585661788.866586, "device_end": 1585661788.8666766}, "cmdq": 3, "read": {"device_start": -1, "device_end": -1}}, "FFC_sans_bias103": {"write": {"device_start": -1, "host_queued_start": 1585661856.172259, "device_queued": -1, "device_end": -1, "host_queued_end": 1585661856.228212}, "device": "gpu", "nd_range": {"device_start": 1585661788.8765712, "device_end": 1585661788.8895535}, "cmdq": 3, "read": {"device_start": -1, "device_end": -1}}, "FFC_sans_bias100": {"write": {"device_start": 1585661788.8085008, "host_queued_start": 1585661856.119096, "device_queued": 1585661788.746222, "device_end": 1585661788.8086028, "host_queued_end": 1585661856.228212}, "device": "gpu", "nd_range": {"device_start": 1585661788.8086119, "device_end": 1585661788.8244193}, "cmdq": 3, "read": {"device_start": -1, "device_end": -1}}, "FFC_sans_bias101": {"write": {"device_start": 1585661788.8116977, "host_queued_start": 1585661856.122667, "device_queued": 1585661788.7463527, "device_end": 1585661788.8117933, "host_queued_end": 1585661856.228212}, "device": "gpu", "nd_range": {"device_start": 1585661788.811805, "device_end": 1585661788.8277082}, "cmdq": 4, "read": {"device_start": -1, "device_end": -1}}, "FFC_sans_bias106": {"write": {"device_start": 1585661788.963618, "host_queued_start": 1585661856.214948, "device_queued": 1585661788.7599046, "device_end": 1585661788.9637146, "host_queued_end": 1585661856.228212}, "device": "gpu", "nd_range": {"device_start": 1585661788.963738, "device_end": 1585661788.9787314}, "cmdq": 2, "read": {"device_start": 1585661788.9787374, "device_end": 1585661788.9788249}}, "softmax122": {"write": {"device_start": -1, "host_queued_start": 1585661856.176639, "device_queued": -1, "device_end": -1, "host_queued_end": 1585661856.228212}, "device": "gpu", "nd_range": {"device_start": 1585661788.907414, "device_end": 1585661788.9122515}, "cmdq": 3, "read": {"device_start": -1, "device_end": -1}}, "FFC_sans_bias105": {"write": {"device_start": -1, "host_queued_start": 1585661856.182761, "device_queued": -1, "device_end": -1, "host_queued_end": 1585661856.228212}, "device": "gpu", "nd_range": {"device_start": 1585661788.9365685, "device_end": 1585661788.9527411}, "cmdq": 4, "read": {"device_start": -1, "device_end": -1}}, "softmax95": {"write": {"device_start": -1, "host_queued_start": 1585661856.175872, "device_queued": -1, "device_end": -1, "host_queued_end": 1585661856.228212}, "device": "gpu", "nd_range": {"device_start": 1585661788.9073658, "device_end": 1585661788.9122996}, "cmdq": 0, "read": {"device_start": -1, "device_end": -1}}, "coalesced_transpose57": {"write": {"device_start": -1, "host_queued_start": 1585661856.166128, "device_queued": -1, "device_end": -1, "host_queued_end": 1585661856.228212}, "device": "gpu", "nd_range": {"device_start": 1585661788.8634174, "device_end": 1585661788.8665385}, "cmdq": 0, "read": {"device_start": -1, "device_end": -1}}, "empty26": {"write": {"device_start": -1, "host_queued_start": 1585661856.240131, "device_queued": -1, "device_end": -1, "host_queued_end": 1585661856.292124}, "device": "cpu", "nd_range": {"device_start": 2329630.481763184, "device_end": 2329630.4817639394}, "cmdq": 0, "read": {"device_start": -1, "device_end": -1}}, "softmax113": {"write": {"device_start": -1, "host_queued_start": 1585661856.176388, "device_queued": -1, "device_end": -1, "host_queued_end": 1585661856.228212}, "device": "gpu", "nd_range": {"device_start": 1585661788.90739, "device_end": 1585661788.9122272}, "cmdq": 2, "read": {"device_start": -1, "device_end": -1}}, "FFC_sans_bias11": {"write": {"device_start": -1, "host_queued_start": 1585661856.262941, "device_queued": -1, "device_end": -1, "host_queued_end": 1585661856.292124}, "device": "cpu", "nd_range": {"device_start": 2329630.6677715983, "device_end": 2329630.703832256}, "cmdq": 0, "read": {"device_start": -1, "device_end": -1}}, "FFC_sans_bias42": {"write": {"device_start": -1, "host_queued_start": 1585661856.17835, "device_queued": -1, "device_end": -1, "host_queued_end": 1585661856.228212}, "device": "gpu", "nd_range": {"device_start": 1585661788.912248, "device_end": 1585661788.9170306}, "cmdq": 2, "read": {"device_start": -1, "device_end": -1}}, "FFC_sans_bias43": {"write": {"device_start": 1585661788.949777, "host_queued_start": 1585661856.192022, "device_queued": 1585661788.757984, "device_end": 1585661788.9498727, "host_queued_end": 1585661856.228212}, "device": "gpu", "nd_range": {"device_start": 1585661788.9499004, "device_end": 1585661788.9559805}, "cmdq": 0, "read": {"device_start": 1585661788.9559834, "device_end": 1585661788.9560876}}, "FFC_sans_bias40": {"write": {"device_start": -1, "host_queued_start": 1585661856.169691, "device_queued": -1, "device_end": -1, "host_queued_end": 1585661856.228212}, "device": "gpu", "nd_range": {"device_start": 1585661788.879633, "device_end": 1585661788.892822}, "cmdq": 1, "read": {"device_start": -1, "device_end": -1}}, "FFC_sans_bias46": {"write": {"device_start": 1585661788.751121, "host_queued_start": 1585661856.055324, "device_queued": 1585661788.7417495, "device_end": 1585661788.7512283, "host_queued_end": 1585661856.228212}, "device": "gpu", "nd_range": {"device_start": 1585661788.751235, "device_end": 1585661788.7659085}, "cmdq": 0, "read": {"device_start": -1, "device_end": -1}}, "FFC_sans_bias47": {"write": {"device_start": 1585661788.753224, "host_queued_start": 1585661856.058868, "device_queued": 1585661788.7419894, "device_end": 1585661788.7533271, "host_queued_end": 1585661856.228212}, "device": "gpu", "nd_range": {"device_start": 1585661788.7533424, "device_end": 1585661788.7691674}, "cmdq": 1, "read": {"device_start": -1, "device_end": -1}}, "FFC_sans_bias45": {"write": {"device_start": 1585661788.746767, "host_queued_start": 1585661856.05184, "device_queued": 1585661788.7411382, "device_end": 1585661788.7468598, "host_queued_end": 1585661856.228212}, "device": "gpu", "nd_range": {"device_start": 1585661788.746866, "device_end": 1585661788.7626688}, "cmdq": 4, "read": {"device_start": -1, "device_end": -1}}, "FFC_sans_bias49": {"write": {"device_start": -1, "host_queued_start": 1585661856.17001, "device_queued": -1, "device_end": -1, "host_queued_end": 1585661856.228212}, "device": "gpu", "nd_range": {"device_start": 1585661788.8666737, "device_end": 1585661788.8733108}, "cmdq": 2, "read": {"device_start": -1, "device_end": -1}}, "softmax77": {"write": {"device_start": -1, "host_queued_start": 1585661856.1753, "device_queued": -1, "device_end": -1, "host_queued_end": 1585661856.228212}, "device": "gpu", "nd_range": {"device_start": 1585661788.9033105, "device_end": 1585661788.9073935}, "cmdq": 3, "read": {"device_start": -1, "device_end": -1}}, "empty134": {"write": {"device_start": 1585661788.7388554, "host_queued_start": 1585661856.023593, "device_queued": 1585661788.7384377, "device_end": 1585661788.7391071, "host_queued_end": 1585661856.228212}, "device": "gpu", "nd_range": {"device_start": 1585661788.7394726, "device_end": 1585661788.7395487}, "cmdq": 1, "read": {"device_start": -1, "device_end": -1}}, "coalesced_transpose138": {"write": {"device_start": -1, "host_queued_start": 1585661856.169055, "device_queued": -1, "device_end": -1, "host_queued_end": 1585661856.228212}, "device": "gpu", "nd_range": {"device_start": 1585661788.8665917, "device_end": 1585661788.866681}, "cmdq": 4, "read": {"device_start": -1, "device_end": -1}}, "FFC_sans_bias119": {"write": {"device_start": 1585661788.8312447, "host_queued_start": 1585661856.143378, "device_queued": 1585661788.7483068, "device_end": 1585661788.8313386, "host_queued_end": 1585661856.228212}, "device": "gpu", "nd_range": {"device_start": 1585661788.8313425, "device_end": 1585661788.8471782}, "cmdq": 0, "read": {"device_start": -1, "device_end": -1}}, "FFC_sans_bias118": {"write": {"device_start": 1585661788.8279624, "host_queued_start": 1585661856.139793, "device_queued": 1585661788.747701, "device_end": 1585661788.828056, "host_queued_end": 1585661856.228212}, "device": "gpu", "nd_range": {"device_start": 1585661788.8280666, "device_end": 1585661788.8439612}, "cmdq": 4, "read": {"device_start": -1, "device_end": -1}}, "empty143": {"write": {"device_start": 1585661788.7391632, "host_queued_start": 1585661856.02668, "device_queued": 1585661788.7388275, "device_end": 1585661788.7394214, "host_queued_end": 1585661856.228212}, "device": "gpu", "nd_range": {"device_start": 1585661788.7395241, "device_end": 1585661788.7395618}, "cmdq": 2, "read": {"device_start": -1, "device_end": -1}}, "FFC_sans_bias115": {"write": {"device_start": 1585661788.9694738, "host_queued_start": 1585661856.218221, "device_queued": 1585661788.7600613, "device_end": 1585661788.9695673, "host_queued_end": 1585661856.228212}, "device": "gpu", "nd_range": {"device_start": 1585661788.9695919, "device_end": 1585661788.9851828}, "cmdq": 3, "read": {"device_start": 1585661788.985193, "device_end": 1585661788.98529}}, "FFC_sans_bias114": {"write": {"device_start": -1, "host_queued_start": 1585661856.183448, "device_queued": -1, "device_end": -1, "host_queued_end": 1585661856.228212}, "device": "gpu", "nd_range": {"device_start": 1585661788.933295, "device_end": 1585661788.949497}, "cmdq": 0, "read": {"device_start": -1, "device_end": -1}}, "FFC_sans_bias117": {"write": {"device_start": 1585661788.8246777, "host_queued_start": 1585661856.136359, "device_queued": 1585661788.747585, "device_end": 1585661788.8247747, "host_queued_end": 1585661856.228212}, "device": "gpu", "nd_range": {"device_start": 1585661788.824787, "device_end": 1585661788.8407288}, "cmdq": 3, "read": {"device_start": -1, "device_end": -1}}, "softmax5": {"write": {"device_start": -1, "host_queued_start": 1585661856.278657, "device_queued": -1, "device_end": -1, "host_queued_end": 1585661856.292124}, "device": "cpu", "nd_range": {"device_start": 2329630.920748325, "device_end": 2329630.921141637}, "cmdq": 0, "read": {"device_start": -1, "device_end": -1}}, "FFC_sans_bias110": {"write": {"device_start": 1585661788.8214755, "host_queued_start": 1585661856.132951, "device_queued": 1585661788.7474606, "device_end": 1585661788.82157, "host_queued_end": 1585661856.228212}, "device": "gpu", "nd_range": {"device_start": 1585661788.8215795, "device_end": 1585661788.8374288}, "cmdq": 2, "read": {"device_start": -1, "device_end": -1}}, "FFC_sans_bias112": {"write": {"device_start": -1, "host_queued_start": 1585661856.172603, "device_queued": -1, "device_end": -1, "host_queued_end": 1585661856.228212}, "device": "gpu", "nd_range": {"device_start": 1585661788.8831115, "device_end": 1585661788.8993118}, "cmdq": 4, "read": {"device_start": -1, "device_end": -1}}, "empty53": {"write": {"device_start": 1585661788.7357266, "host_queued_start": 1585661855.994931, "device_queued": 1585661788.7352984, "device_end": 1585661788.736, "host_queued_end": 1585661856.228212}, "device": "gpu", "nd_range": {"device_start": 1585661788.7361205, "device_end": 1585661788.736169}, "cmdq": 2, "read": {"device_start": -1, "device_end": -1}}, "coalesced_transpose48": {"write": {"device_start": -1, "host_queued_start": 1585661856.165752, "device_queued": -1, "device_end": -1, "host_queued_end": 1585661856.228212}, "device": "gpu", "nd_range": {"device_start": 1585661788.860185, "device_end": 1585661788.8665202}, "cmdq": 4, "read": {"device_start": -1, "device_end": -1}}}