{"FFC_sans_bias4": {"write": {"device_start": -1, "host_queued_start": 1585662030.527661, "device_queued": -1, "device_end": -1, "host_queued_end": 1585662030.553859}, "device": "cpu", "nd_range": {"device_start": 2329805.354031593, "device_end": 2329805.425752122}, "cmdq": 1, "read": {"device_start": -1, "device_end": -1}}, "FFC_sans_bias7": {"write": {"device_start": -1, "host_queued_start": 1585662030.540571, "device_queued": -1, "device_end": -1, "host_queued_end": 1585662030.553859}, "device": "cpu", "nd_range": {"device_start": 2329805.608976847, "device_end": 2329805.712061951}, "cmdq": 1, "read": {"device_start": -1, "device_end": -1}}, "FFC_sans_bias6": {"write": {"device_start": -1, "host_queued_start": 1585662030.534265, "device_queued": -1, "device_end": -1, "host_queued_end": 1585662030.553859}, "device": "cpu", "nd_range": {"device_start": 2329805.5100770714, "device_end": 2329805.60880409}, "cmdq": 2, "read": {"device_start": -1, "device_end": -1}}, "FFC_sans_bias1": {"write": {"device_start": -1, "host_queued_start": 1585662030.479316, "device_queued": -1, "device_end": -1, "host_queued_end": 1585662030.553859}, "device": "cpu", "nd_range": {"device_start": 2329804.743498629, "device_end": 2329804.843936298}, "cmdq": 0, "read": {"device_start": -1, "device_end": -1}}, "FFC_sans_bias0": {"write": {"device_start": -1, "host_queued_start": 1585662030.475608, "device_queued": -1, "device_end": -1, "host_queued_end": 1585662030.553859}, "device": "cpu", "nd_range": {"device_start": 2329804.743502249, "device_end": 2329804.864697338}, "cmdq": 2, "read": {"device_start": -1, "device_end": -1}}, "FFC_sans_bias2": {"write": {"device_start": -1, "host_queued_start": 1585662030.482807, "device_queued": -1, "device_end": -1, "host_queued_end": 1585662030.553859}, "device": "cpu", "nd_range": {"device_start": 2329804.743498688, "device_end": 2329804.837243602}, "cmdq": 1, "read": {"device_start": -1, "device_end": -1}}, "coalesced_transpose120": {"write": {"device_start": -1, "host_queued_start": 1585662030.40592, "device_queued": -1, "device_end": -1, "host_queued_end": 1585662030.454469}, "device": "gpu", "nd_range": {"device_start": 1585661963.0690613, "device_end": 1585661963.069128}, "cmdq": 2, "read": {"device_start": -1, "device_end": -1}}, "FFC_sans_bias9": {"write": {"device_start": -1, "host_queued_start": 1585662030.486134, "device_queued": -1, "device_end": -1, "host_queued_end": 1585662030.553859}, "device": "cpu", "nd_range": {"device_start": 2329804.8893108834, "device_end": 2329804.9675118653}, "cmdq": 2, "read": {"device_start": -1, "device_end": -1}}, "empty71": {"write": {"device_start": 1585661962.9573832, "host_queued_start": 1585662030.264061, "device_queued": 1585661962.9569542, "device_end": 1585661962.957615, "host_queued_end": 1585662030.454469}, "device": "gpu", "nd_range": {"device_start": 1585661962.9577281, "device_end": 1585661962.9577684}, "cmdq": 2, "read": {"device_start": -1, "device_end": -1}}, "softmax41": {"write": {"device_start": -1, "host_queued_start": 1585662030.533612, "device_queued": -1, "device_end": -1, "host_queued_end": 1585662030.553859}, "device": "cpu", "nd_range": {"device_start": 2329805.51775565, "device_end": 2329805.5185524323}, "cmdq": 1, "read": {"device_start": -1, "device_end": -1}}, "FFC_sans_bias37": {"write": {"device_start": -1, "host_queued_start": 1585662030.520697, "device_queued": -1, "device_end": -1, "host_queued_end": 1585662030.553859}, "device": "cpu", "nd_range": {"device_start": 2329805.23521068, "device_end": 2329805.30139537}, "cmdq": 0, "read": {"device_start": -1, "device_end": -1}}, "FFC_sans_bias36": {"write": {"device_start": -1, "host_queued_start": 1585662030.517257, "device_queued": -1, "device_end": -1, "host_queued_end": 1585662030.553859}, "device": "cpu", "nd_range": {"device_start": 2329805.2605548003, "device_end": 2329805.341676388}, "cmdq": 2, "read": {"device_start": -1, "device_end": -1}}, "FFC_sans_bias34": {"write": {"device_start": -1, "host_queued_start": 1585662030.550529, "device_queued": -1, "device_end": -1, "host_queued_end": 1585662030.553859}, "device": "cpu", "nd_range": {"device_start": 2329805.717745259, "device_end": 2329805.8376340154}, "cmdq": 1, "read": {"device_start": -1, "device_end": -1}}, "FFC_sans_bias33": {"write": {"device_start": -1, "host_queued_start": 1585662030.53635, "device_queued": -1, "device_end": -1, "host_queued_end": 1585662030.553859}, "device": "cpu", "nd_range": {"device_start": 2329805.6089800233, "device_end": 2329805.716838199}, "cmdq": 2, "read": {"device_start": -1, "device_end": -1}}, "FFC_sans_bias31": {"write": {"device_start": -1, "host_queued_start": 1585662030.53004, "device_queued": -1, "device_end": -1, "host_queued_end": 1585662030.553859}, "device": "cpu", "nd_range": {"device_start": 2329805.4259609943, "device_end": 2329805.494129361}, "cmdq": 1, "read": {"device_start": -1, "device_end": -1}}, "FFC_sans_bias38": {"write": {"device_start": -1, "host_queued_start": 1585662030.52404, "device_queued": -1, "device_end": -1, "host_queued_end": 1585662030.553859}, "device": "cpu", "nd_range": {"device_start": 2329805.10313173, "device_end": 2329805.228131908}, "cmdq": 1, "read": {"device_start": -1, "device_end": -1}}, "coalesced_transpose75": {"write": {"device_start": -1, "host_queued_start": 1585662030.404398, "device_queued": -1, "device_end": -1, "host_queued_end": 1585662030.454469}, "device": "gpu", "nd_range": {"device_start": 1585661963.0659308, "device_end": 1585661963.0690436}, "cmdq": 2, "read": {"device_start": -1, "device_end": -1}}, "softmax140": {"write": {"device_start": -1, "host_queued_start": 1585662030.413423, "device_queued": -1, "device_end": -1, "host_queued_end": 1585662030.454469}, "device": "gpu", "nd_range": {"device_start": 1585661963.106538, "device_end": 1585661963.1072793}, "cmdq": 1, "read": {"device_start": -1, "device_end": -1}}, "empty44": {"write": {"device_start": -1, "host_queued_start": 1585662030.472357, "device_queued": -1, "device_end": -1, "host_queued_end": 1585662030.553859}, "device": "cpu", "nd_range": {"device_start": 2329804.7434913, "device_end": 2329804.743492369}, "cmdq": 1, "read": {"device_start": -1, "device_end": -1}}, "FFC_sans_bias137": {"write": {"device_start": 1585661963.050076, "host_queued_start": 1585662030.399394, "device_queued": 1585661962.9692302, "device_end": 1585661963.050172, "host_queued_end": 1585662030.454469}, "device": "gpu", "nd_range": {"device_start": 1585661963.0501788, "device_end": 1585661963.0659237}, "cmdq": 2, "read": {"device_start": -1, "device_end": -1}}, "empty8": {"write": {"device_start": -1, "host_queued_start": 1585662030.459868, "device_queued": -1, "device_end": -1, "host_queued_end": 1585662030.553859}, "device": "cpu", "nd_range": {"device_start": 2329804.743460004, "device_end": 2329804.743471097}, "cmdq": 0, "read": {"device_start": -1, "device_end": -1}}, "softmax50": {"write": {"device_start": -1, "host_queued_start": 1585662030.410691, "device_queued": -1, "device_end": -1, "host_queued_end": 1585662030.454469}, "device": "gpu", "nd_range": {"device_start": 1585661963.0888586, "device_end": 1585661963.102653}, "cmdq": 1, "read": {"device_start": -1, "device_end": -1}}, "softmax59": {"write": {"device_start": -1, "host_queued_start": 1585662030.410965, "device_queued": -1, "device_end": -1, "host_queued_end": 1585662030.454469}, "device": "gpu", "nd_range": {"device_start": 1585661963.095392, "device_end": 1585661963.106455}, "cmdq": 2, "read": {"device_start": -1, "device_end": -1}}, "FFC_sans_bias142": {"write": {"device_start": 1585661963.165854, "host_queued_start": 1585662030.454353, "device_queued": 1585661962.9791062, "device_end": 1585661963.165948, "host_queued_end": 1585662030.454469}, "device": "gpu", "nd_range": {"device_start": 1585661963.165967, "device_end": 1585661963.1782703}, "cmdq": 3, "read": {"device_start": 1585661963.1782746, "device_end": 1585661963.178363}}, "FFC_sans_bias141": {"write": {"device_start": -1, "host_queued_start": 1585662030.41722, "device_queued": -1, "device_end": -1, "host_queued_end": 1585662030.454469}, "device": "gpu", "nd_range": {"device_start": 1585661963.1295643, "device_end": 1585661963.1458397}, "cmdq": 2, "read": {"device_start": -1, "device_end": -1}}, "FFC_sans_bias24": {"write": {"device_start": -1, "host_queued_start": 1585662030.535583, "device_queued": -1, "device_end": -1, "host_queued_end": 1585662030.553859}, "device": "cpu", "nd_range": {"device_start": 2329805.518755706, "device_end": 2329805.605376996}, "cmdq": 1, "read": {"device_start": -1, "device_end": -1}}, "FFC_sans_bias25": {"write": {"device_start": -1, "host_queued_start": 1585662030.547163, "device_queued": -1, "device_end": -1, "host_queued_end": 1585662030.553859}, "device": "cpu", "nd_range": {"device_start": 2329805.725749845, "device_end": 2329805.848325563}, "cmdq": 0, "read": {"device_start": -1, "device_end": -1}}, "FFC_sans_bias27": {"write": {"device_start": -1, "host_queued_start": 1585662030.507039, "device_queued": -1, "device_end": -1, "host_queued_end": 1585662030.553859}, "device": "cpu", "nd_range": {"device_start": 2329805.093916228, "device_end": 2329805.260536788}, "cmdq": 2, "read": {"device_start": -1, "device_end": -1}}, "FFC_sans_bias20": {"write": {"device_start": -1, "host_queued_start": 1585662030.503081, "device_queued": -1, "device_end": -1, "host_queued_end": 1585662030.553859}, "device": "cpu", "nd_range": {"device_start": 2329804.9029756933, "device_end": 2329805.023798929}, "cmdq": 1, "read": {"device_start": -1, "device_end": -1}}, "FFC_sans_bias22": {"write": {"device_start": -1, "host_queued_start": 1585662030.528933, "device_queued": -1, "device_end": -1, "host_queued_end": 1585662030.553859}, "device": "cpu", "nd_range": {"device_start": 2329805.303320629, "device_end": 2329805.367198111}, "cmdq": 0, "read": {"device_start": -1, "device_end": -1}}, "FFC_sans_bias130": {"write": {"device_start": -1, "host_queued_start": 1585662030.410047, "device_queued": -1, "device_end": -1, "host_queued_end": 1585662030.454469}, "device": "gpu", "nd_range": {"device_start": 1585661963.08239, "device_end": 1585661963.0986233}, "cmdq": 4, "read": {"device_start": -1, "device_end": -1}}, "FFC_sans_bias28": {"write": {"device_start": -1, "host_queued_start": 1585662030.510443, "device_queued": -1, "device_end": -1, "host_queued_end": 1585662030.553859}, "device": "cpu", "nd_range": {"device_start": 2329805.1108673434, "device_end": 2329805.235029865}, "cmdq": 0, "read": {"device_start": -1, "device_end": -1}}, "FFC_sans_bias29": {"write": {"device_start": -1, "host_queued_start": 1585662030.513841, "device_queued": -1, "device_end": -1, "host_queued_end": 1585662030.553859}, "device": "cpu", "nd_range": {"device_start": 2329805.023821011, "device_end": 2329805.1029249723}, "cmdq": 1, "read": {"device_start": -1, "device_end": -1}}, "coalesced_transpose66": {"write": {"device_start": -1, "host_queued_start": 1585662030.404017, "device_queued": -1, "device_end": -1, "host_queued_end": 1585662030.454469}, "device": "gpu", "nd_range": {"device_start": 1585661963.0626826, "device_end": 1585661963.0690248}, "cmdq": 1, "read": {"device_start": -1, "device_end": -1}}, "coalesced_transpose93": {"write": {"device_start": -1, "host_queued_start": 1585662030.405011, "device_queued": -1, "device_end": -1, "host_queued_end": 1585662030.454469}, "device": "gpu", "nd_range": {"device_start": 1585661963.0689387, "device_end": 1585661963.0690699}, "cmdq": 4, "read": {"device_start": -1, "device_end": -1}}, "softmax23": {"write": {"device_start": -1, "host_queued_start": 1585662030.532452, "device_queued": -1, "device_end": -1, "host_queued_end": 1585662030.553859}, "device": "cpu", "nd_range": {"device_start": 2329805.5092058, "device_end": 2329805.509927107}, "cmdq": 2, "read": {"device_start": -1, "device_end": -1}}, "empty62": {"write": {"device_start": 1585661962.9570632, "host_queued_start": 1585662030.261173, "device_queued": 1585661962.9567757, "device_end": 1585661962.9573026, "host_queued_end": 1585662030.454469}, "device": "gpu", "nd_range": {"device_start": 1585661962.957693, "device_end": 1585661962.957711}, "cmdq": 1, "read": {"device_start": -1, "device_end": -1}}, "FFC_sans_bias10": {"write": {"device_start": -1, "host_queued_start": 1585662030.489501, "device_queued": -1, "device_end": -1, "host_queued_end": 1585662030.553859}, "device": "cpu", "nd_range": {"device_start": 2329804.845220445, "device_end": 2329804.990717898}, "cmdq": 0, "read": {"device_start": -1, "device_end": -1}}, "FFC_sans_bias13": {"write": {"device_start": -1, "host_queued_start": 1585662030.528321, "device_queued": -1, "device_end": -1, "host_queued_end": 1585662030.553859}, "device": "cpu", "nd_range": {"device_start": 2329805.34343827, "device_end": 2329805.436387022}, "cmdq": 2, "read": {"device_start": -1, "device_end": -1}}, "FFC_sans_bias15": {"write": {"device_start": -1, "host_queued_start": 1585662030.534881, "device_queued": -1, "device_end": -1, "host_queued_end": 1585662030.553859}, "device": "cpu", "nd_range": {"device_start": 2329805.500545076, "device_end": 2329805.6157231443}, "cmdq": 0, "read": {"device_start": -1, "device_end": -1}}, "FFC_sans_bias16": {"write": {"device_start": -1, "host_queued_start": 1585662030.543832, "device_queued": -1, "device_end": -1, "host_queued_end": 1585662030.553859}, "device": "cpu", "nd_range": {"device_start": 2329805.716862341, "device_end": 2329805.812504651}, "cmdq": 2, "read": {"device_start": -1, "device_end": -1}}, "FFC_sans_bias19": {"write": {"device_start": -1, "host_queued_start": 1585662030.499538, "device_queued": -1, "device_end": -1, "host_queued_end": 1585662030.553859}, "device": "cpu", "nd_range": {"device_start": 2329804.9907403, "device_end": 2329805.11085018}, "cmdq": 0, "read": {"device_start": -1, "device_end": -1}}, "FFC_sans_bias18": {"write": {"device_start": -1, "host_queued_start": 1585662030.496166, "device_queued": -1, "device_end": -1, "host_queued_end": 1585662030.553859}, "device": "cpu", "nd_range": {"device_start": 2329804.9675432253, "device_end": 2329805.093897168}, "cmdq": 2, "read": {"device_start": -1, "device_end": -1}}, "FFC_sans_bias99": {"write": {"device_start": 1585661963.0077362, "host_queued_start": 1585662030.353535, "device_queued": 1585661962.9654217, "device_end": 1585661963.0078797, "host_queued_end": 1585662030.454469}, "device": "gpu", "nd_range": {"device_start": 1585661963.007887, "device_end": 1585661963.0235953}, "cmdq": 4, "read": {"device_start": -1, "device_end": -1}}, "FFC_sans_bias91": {"write": {"device_start": 1585661963.0011542, "host_queued_start": 1585662030.346457, "device_queued": 1585661962.9650376, "device_end": 1585661963.001257, "host_queued_end": 1585662030.454469}, "device": "gpu", "nd_range": {"device_start": 1585661963.0012724, "device_end": 1585661963.0170665}, "cmdq": 2, "read": {"device_start": -1, "device_end": -1}}, "FFC_sans_bias90": {"write": {"device_start": 1585661962.9978564, "host_queued_start": 1585662030.342858, "device_queued": 1585661962.964774, "device_end": 1585661962.9979587, "host_queued_end": 1585662030.454469}, "device": "gpu", "nd_range": {"device_start": 1585661962.9979727, "device_end": 1585661963.0138142}, "cmdq": 1, "read": {"device_start": -1, "device_end": -1}}, "coalesced_transpose12": {"write": {"device_start": -1, "host_queued_start": 1585662030.525049, "device_queued": -1, "device_end": -1, "host_queued_end": 1585662030.553859}, "device": "cpu", "nd_range": {"device_start": 2329805.3014191063, "device_end": 2329805.3022702523}, "cmdq": 0, "read": {"device_start": -1, "device_end": -1}}, "FFC_sans_bias94": {"write": {"device_start": -1, "host_queued_start": 1585662030.408649, "device_queued": -1, "device_end": -1, "host_queued_end": 1585662030.454469}, "device": "gpu", "nd_range": {"device_start": 1585661963.0725152, "device_end": 1585661963.0855665}, "cmdq": 0, "read": {"device_start": -1, "device_end": -1}}, "FFC_sans_bias97": {"write": {"device_start": 1585661963.1501744, "host_queued_start": 1585662030.43791, "device_queued": 1585661962.977556, "device_end": 1585661963.1502748, "host_queued_end": 1585662030.454469}, "device": "gpu", "nd_range": {"device_start": 1585661963.150294, "device_end": 1585661963.165312}, "cmdq": 3, "read": {"device_start": 1585661963.1653154, "device_end": 1585661963.165411}}, "FFC_sans_bias96": {"write": {"device_start": -1, "host_queued_start": 1585662030.415489, "device_queued": -1, "device_end": -1, "host_queued_end": 1585662030.454469}, "device": "gpu", "nd_range": {"device_start": 1585661963.113269, "device_end": 1585661963.129547}, "cmdq": 2, "read": {"device_start": -1, "device_end": -1}}, "FFC_sans_bias124": {"write": {"device_start": 1585661963.1561685, "host_queued_start": 1585662030.447693, "device_queued": 1585661962.9785597, "device_end": 1585661963.1562707, "host_queued_end": 1585662030.454469}, "device": "gpu", "nd_range": {"device_start": 1585661963.1562893, "device_end": 1585661963.1718485}, "cmdq": 1, "read": {"device_start": 1585661963.17186, "device_end": 1585661963.1719475}}, "FFC_sans_bias126": {"write": {"device_start": 1585661963.0402656, "host_queued_start": 1585662030.388702, "device_queued": 1585661962.9680235, "device_end": 1585661963.0403664, "host_queued_end": 1585662030.454469}, "device": "gpu", "nd_range": {"device_start": 1585661963.0403845, "device_end": 1585661963.0561485}, "cmdq": 4, "read": {"device_start": -1, "device_end": -1}}, "softmax32": {"write": {"device_start": -1, "host_queued_start": 1585662030.533067, "device_queued": -1, "device_end": -1, "host_queued_end": 1585662030.553859}, "device": "cpu", "nd_range": {"device_start": 2329805.499061137, "device_end": 2329805.5003870483}, "cmdq": 0, "read": {"device_start": -1, "device_end": -1}}, "coalesced_transpose84": {"write": {"device_start": -1, "host_queued_start": 1585662030.404706, "device_queued": -1, "device_end": -1, "host_queued_end": 1585662030.454469}, "device": "gpu", "nd_range": {"device_start": 1585661963.0691833, "device_end": 1585661963.0723226}, "cmdq": 3, "read": {"device_start": -1, "device_end": -1}}, "FFC_sans_bias121": {"write": {"device_start": -1, "host_queued_start": 1585662030.409691, "device_queued": -1, "device_end": -1, "host_queued_end": 1585662030.454469}, "device": "gpu", "nd_range": {"device_start": 1585661963.0921233, "device_end": 1585661963.105148}, "cmdq": 3, "read": {"device_start": -1, "device_end": -1}}, "empty98": {"write": {"device_start": 1585661962.9584079, "host_queued_start": 1585662030.272467, "device_queued": 1585661962.9580429, "device_end": 1585661962.9587011, "host_queued_end": 1585662030.454469}, "device": "gpu", "nd_range": {"device_start": 1585661962.958711, "device_end": 1585661962.9587152}, "cmdq": 0, "read": {"device_start": -1, "device_end": -1}}, "empty107": {"write": {"device_start": 1585661962.958726, "host_queued_start": 1585662030.275294, "device_queued": 1585661962.9583533, "device_end": 1585661962.9589822, "host_queued_end": 1585662030.454469}, "device": "gpu", "nd_range": {"device_start": 1585661962.9593267, "device_end": 1585661962.9593446}, "cmdq": 1, "read": {"device_start": -1, "device_end": -1}}, "empty17": {"write": {"device_start": -1, "host_queued_start": 1585662030.463391, "device_queued": -1, "device_end": -1, "host_queued_end": 1585662030.553859}, "device": "cpu", "nd_range": {"device_start": 2329804.743460034, "device_end": 2329804.7434710623}, "cmdq": 1, "read": {"device_start": -1, "device_end": -1}}, "FFC_sans_bias87": {"write": {"device_start": -1, "host_queued_start": 1585662030.415175, "device_queued": -1, "device_end": -1, "host_queued_end": 1585662030.454469}, "device": "gpu", "nd_range": {"device_start": 1585661963.1072974, "device_end": 1585661963.1230152}, "cmdq": 1, "read": {"device_start": -1, "device_end": -1}}, "FFC_sans_bias85": {"write": {"device_start": -1, "host_queued_start": 1585662030.408252, "device_queued": -1, "device_end": -1, "host_queued_end": 1585662030.454469}, "device": "gpu", "nd_range": {"device_start": 1585661963.072361, "device_end": 1585661963.082371}, "cmdq": 4, "read": {"device_start": -1, "device_end": -1}}, "FFC_sans_bias82": {"write": {"device_start": 1585661962.9913223, "host_queued_start": 1585662030.33571, "device_queued": 1585661962.9638686, "device_end": 1585661962.9914227, "host_queued_end": 1585662030.454469}, "device": "gpu", "nd_range": {"device_start": 1585661962.9914274, "device_end": 1585661963.007271}, "cmdq": 4, "read": {"device_start": -1, "device_end": -1}}, "FFC_sans_bias83": {"write": {"device_start": 1585661962.9946089, "host_queued_start": 1585662030.339442, "device_queued": 1585661962.9645042, "device_end": 1585661962.9947104, "host_queued_end": 1585662030.454469}, "device": "gpu", "nd_range": {"device_start": 1585661962.994715, "device_end": 1585661963.010549}, "cmdq": 0, "read": {"device_start": -1, "device_end": -1}}, "FFC_sans_bias81": {"write": {"device_start": 1585661962.988074, "host_queued_start": 1585662030.332133, "device_queued": 1585661962.9637108, "device_end": 1585661962.9881713, "host_queued_end": 1585662030.454469}, "device": "gpu", "nd_range": {"device_start": 1585661962.988177, "device_end": 1585661963.0040166}, "cmdq": 3, "read": {"device_start": -1, "device_end": -1}}, "FFC_sans_bias88": {"write": {"device_start": 1585661963.146102, "host_queued_start": 1585662030.434667, "device_queued": 1585661962.9769385, "device_end": 1585661963.1462011, "host_queued_end": 1585662030.454469}, "device": "gpu", "nd_range": {"device_start": 1585661963.1462202, "device_end": 1585661963.1588337}, "cmdq": 2, "read": {"device_start": 1585661963.1588407, "device_end": 1585661963.1589408}}, "coalesced_transpose30": {"write": {"device_start": -1, "host_queued_start": 1585662030.526461, "device_queued": -1, "device_end": -1, "host_queued_end": 1585662030.553859}, "device": "cpu", "nd_range": {"device_start": 2329805.3425728814, "device_end": 2329805.34342929}, "cmdq": 2, "read": {"device_start": -1, "device_end": -1}}, "FFC_sans_bias128": {"write": {"device_start": 1585661963.037048, "host_queued_start": 1585662030.385209, "device_queued": 1585661962.967889, "device_end": 1585661963.0371969, "host_queued_end": 1585662030.454469}, "device": "gpu", "nd_range": {"device_start": 1585661963.0372026, "device_end": 1585661963.0529034}, "cmdq": 3, "read": {"device_start": -1, "device_end": -1}}, "coalesced_transpose39": {"write": {"device_start": -1, "host_queued_start": 1585662030.527067, "device_queued": -1, "device_end": -1, "host_queued_end": 1585662030.553859}, "device": "cpu", "nd_range": {"device_start": 2329805.302281923, "device_end": 2329805.3033079263}, "cmdq": 0, "read": {"device_start": -1, "device_end": -1}}, "FFC_sans_bias79": {"write": {"device_start": 1585661963.1395464, "host_queued_start": 1585662030.431192, "device_queued": 1585661962.97678, "device_end": 1585661963.1396394, "host_queued_end": 1585662030.454469}, "device": "gpu", "nd_range": {"device_start": 1585661963.1396613, "device_end": 1585661963.1555603}, "cmdq": 1, "read": {"device_start": 1585661963.1555662, "device_end": 1585661963.155662}}, "FFC_sans_bias78": {"write": {"device_start": -1, "host_queued_start": 1585662030.414856, "device_queued": -1, "device_end": -1, "host_queued_end": 1585662030.454469}, "device": "gpu", "nd_range": {"device_start": 1585661963.1072667, "device_end": 1585661963.119815}, "cmdq": 0, "read": {"device_start": -1, "device_end": -1}}, "FFC_sans_bias73": {"write": {"device_start": 1585661962.9815958, "host_queued_start": 1585662030.325087, "device_queued": 1585661962.9634407, "device_end": 1585661962.9816916, "host_queued_end": 1585662030.454469}, "device": "gpu", "nd_range": {"device_start": 1585661962.9817011, "device_end": 1585661962.9974873}, "cmdq": 1, "read": {"device_start": -1, "device_end": -1}}, "FFC_sans_bias72": {"write": {"device_start": 1585661962.9782975, "host_queued_start": 1585662030.321522, "device_queued": 1585661962.9631803, "device_end": 1585661962.9783921, "host_queued_end": 1585662030.454469}, "device": "gpu", "nd_range": {"device_start": 1585661962.9783986, "device_end": 1585661962.9941998}, "cmdq": 0, "read": {"device_start": -1, "device_end": -1}}, "FFC_sans_bias70": {"write": {"device_start": 1585661963.1362782, "host_queued_start": 1585662030.427776, "device_queued": 1585661962.976442, "device_end": 1585661963.136375, "host_queued_end": 1585662030.454469}, "device": "gpu", "nd_range": {"device_start": 1585661963.1363971, "device_end": 1585661963.1523058}, "cmdq": 0, "read": {"device_start": 1585661963.1523173, "device_end": 1585661963.1524215}}, "FFC_sans_bias76": {"write": {"device_start": -1, "host_queued_start": 1585662030.40793, "device_queued": -1, "device_end": -1, "host_queued_end": 1585662030.454469}, "device": "gpu", "nd_range": {"device_start": 1585661963.0789008, "device_end": 1585661963.0921042}, "cmdq": 3, "read": {"device_start": -1, "device_end": -1}}, "FFC_sans_bias74": {"write": {"device_start": 1585661962.9847898, "host_queued_start": 1585662030.328661, "device_queued": 1585661962.9635856, "device_end": 1585661962.9848855, "host_queued_end": 1585662030.454469}, "device": "gpu", "nd_range": {"device_start": 1585661962.984894, "device_end": 1585661963.0007424}, "cmdq": 2, "read": {"device_start": -1, "device_end": -1}}, "coalesced_transpose102": {"write": {"device_start": -1, "host_queued_start": 1585662030.405311, "device_queued": -1, "device_end": -1, "host_queued_end": 1585662030.454469}, "device": "gpu", "nd_range": {"device_start": 1585661963.0689867, "device_end": 1585661963.069095}, "cmdq": 0, "read": {"device_start": -1, "device_end": -1}}, "coalesced_transpose3": {"write": {"device_start": -1, "host_queued_start": 1585662030.524412, "device_queued": -1, "device_end": -1, "host_queued_end": 1585662030.553859}, "device": "cpu", "nd_range": {"device_start": 2329805.3416916854, "device_end": 2329805.342556293}, "cmdq": 2, "read": {"device_start": -1, "device_end": -1}}, "FFC_sans_bias127": {"write": {"device_start": 1585661963.0434928, "host_queued_start": 1585662030.392276, "device_queued": 1585661962.9688365, "device_end": 1585661963.0435877, "host_queued_end": 1585662030.454469}, "device": "gpu", "nd_range": {"device_start": 1585661963.0435984, "device_end": 1585661963.059412}, "cmdq": 0, "read": {"device_start": -1, "device_end": -1}}, "empty89": {"write": {"device_start": 1585661962.9580429, "host_queued_start": 1585662030.269661, "device_queued": 1585661962.9576364, "device_end": 1585661962.958333, "host_queued_end": 1585662030.454469}, "device": "gpu", "nd_range": {"device_start": 1585661962.95834, "device_end": 1585661962.9583437}, "cmdq": 4, "read": {"device_start": -1, "device_end": -1}}, "FFC_sans_bias123": {"write": {"device_start": -1, "host_queued_start": 1585662030.416478, "device_queued": -1, "device_end": -1, "host_queued_end": 1585662030.454469}, "device": "gpu", "nd_range": {"device_start": 1585661963.1198325, "device_end": 1585661963.1360202}, "cmdq": 0, "read": {"device_start": -1, "device_end": -1}}, "empty80": {"write": {"device_start": 1585661962.9577208, "host_queued_start": 1585662030.266879, "device_queued": 1585661962.9573247, "device_end": 1585661962.9580235, "host_queued_end": 1585662030.454469}, "device": "gpu", "nd_range": {"device_start": 1585661962.9580367, "device_end": 1585661962.9580407}, "cmdq": 3, "read": {"device_start": -1, "device_end": -1}}, "empty116": {"write": {"device_start": 1585661962.9590344, "host_queued_start": 1585662030.278086, "device_queued": 1585661962.9587216, "device_end": 1585661962.9592702, "host_queued_end": 1585662030.454469}, "device": "gpu", "nd_range": {"device_start": 1585661962.9593613, "device_end": 1585661962.9593997}, "cmdq": 2, "read": {"device_start": -1, "device_end": -1}}, "softmax104": {"write": {"device_start": -1, "host_queued_start": 1585662030.412409, "device_queued": -1, "device_end": -1, "host_queued_end": 1585662030.454469}, "device": "gpu", "nd_range": {"device_start": 1585661963.106473, "device_end": 1585661963.1071649}, "cmdq": 2, "read": {"device_start": -1, "device_end": -1}}, "coalesced_transpose21": {"write": {"device_start": -1, "host_queued_start": 1585662030.525632, "device_queued": -1, "device_end": -1, "host_queued_end": 1585662030.553859}, "device": "cpu", "nd_range": {"device_start": 2329805.240018725, "device_end": 2329805.2409202834}, "cmdq": 1, "read": {"device_start": -1, "device_end": -1}}, "softmax14": {"write": {"device_start": -1, "host_queued_start": 1585662030.531828, "device_queued": -1, "device_end": -1, "host_queued_end": 1585662030.553859}, "device": "cpu", "nd_range": {"device_start": 2329805.494348802, "device_end": 2329805.495087307}, "cmdq": 1, "read": {"device_start": -1, "device_end": -1}}, "FFC_sans_bias69": {"write": {"device_start": -1, "host_queued_start": 1585662030.414499, "device_queued": -1, "device_end": -1, "host_queued_end": 1585662030.454469}, "device": "gpu", "nd_range": {"device_start": 1585661963.107232, "device_end": 1585661963.1165538}, "cmdq": 4, "read": {"device_start": -1, "device_end": -1}}, "FFC_sans_bias92": {"write": {"device_start": 1585661963.004414, "host_queued_start": 1585662030.350017, "device_queued": 1585661962.965275, "device_end": 1585661963.0045195, "host_queued_end": 1585662030.454469}, "device": "gpu", "nd_range": {"device_start": 1585661963.0045366, "device_end": 1585661963.0203142}, "cmdq": 3, "read": {"device_start": -1, "device_end": -1}}, "FFC_sans_bias60": {"write": {"device_start": -1, "host_queued_start": 1585662030.414125, "device_queued": -1, "device_end": -1, "host_queued_end": 1585662030.454469}, "device": "gpu", "nd_range": {"device_start": 1585661963.1065578, "device_end": 1585661963.1099613}, "cmdq": 3, "read": {"device_start": -1, "device_end": -1}}, "FFC_sans_bias61": {"write": {"device_start": 1585661963.1330538, "host_queued_start": 1585662030.424199, "device_queued": 1585661962.9755526, "device_end": 1585661963.1331487, "host_queued_end": 1585662030.454469}, "device": "gpu", "nd_range": {"device_start": 1585661963.1331718, "device_end": 1585661963.1490567}, "cmdq": 4, "read": {"device_start": 1585661963.149063, "device_end": 1585661963.1491861}}, "FFC_sans_bias63": {"write": {"device_start": 1585661962.9750125, "host_queued_start": 1585662030.317932, "device_queued": 1585661962.962547, "device_end": 1585661962.9751115, "host_queued_end": 1585662030.454469}, "device": "gpu", "nd_range": {"device_start": 1585661962.975119, "device_end": 1585661962.990954}, "cmdq": 4, "read": {"device_start": -1, "device_end": -1}}, "FFC_sans_bias64": {"write": {"device_start": 1585661962.9686546, "host_queued_start": 1585662030.311016, "device_queued": 1585661962.9622974, "device_end": 1585661962.9687634, "host_queued_end": 1585662030.454469}, "device": "gpu", "nd_range": {"device_start": 1585661962.9687696, "device_end": 1585661962.9844263}, "cmdq": 2, "read": {"device_start": -1, "device_end": -1}}, "FFC_sans_bias65": {"write": {"device_start": 1585661962.9718292, "host_queued_start": 1585662030.31453, "device_queued": 1585661962.9624197, "device_end": 1585661962.9719298, "host_queued_end": 1585662030.454469}, "device": "gpu", "nd_range": {"device_start": 1585661962.9719365, "device_end": 1585661962.987684}, "cmdq": 3, "read": {"device_start": -1, "device_end": -1}}, "FFC_sans_bias67": {"write": {"device_start": -1, "host_queued_start": 1585662030.407606, "device_queued": -1, "device_end": -1, "host_queued_end": 1585662030.454469}, "device": "gpu", "nd_range": {"device_start": 1585661963.0692315, "device_end": 1585661963.0791233}, "cmdq": 2, "read": {"device_start": -1, "device_end": -1}}, "coalesced_transpose111": {"write": {"device_start": -1, "host_queued_start": 1585662030.405615, "device_queued": -1, "device_end": -1, "host_queued_end": 1585662030.454469}, "device": "gpu", "nd_range": {"device_start": 1585661963.0690389, "device_end": 1585661963.0691226}, "cmdq": 1, "read": {"device_start": -1, "device_end": -1}}, "FFC_sans_bias136": {"write": {"device_start": 1585661963.0467448, "host_queued_start": 1585662030.39572, "device_queued": 1585661962.969099, "device_end": 1585661963.0468583, "host_queued_end": 1585662030.454469}, "device": "gpu", "nd_range": {"device_start": 1585661963.0468633, "device_end": 1585661963.0626783}, "cmdq": 1, "read": {"device_start": -1, "device_end": -1}}, "FFC_sans_bias135": {"write": {"device_start": 1585661963.0533175, "host_queued_start": 1585662030.403025, "device_queued": 1585661962.969364, "device_end": 1585661963.053431, "host_queued_end": 1585662030.454469}, "device": "gpu", "nd_range": {"device_start": 1585661963.0534425, "device_end": 1585661963.0691755}, "cmdq": 3, "read": {"device_start": -1, "device_end": -1}}, "FFC_sans_bias133": {"write": {"device_start": 1585661963.1594038, "host_queued_start": 1585662030.451061, "device_queued": 1585661962.9786887, "device_end": 1585661963.159501, "host_queued_end": 1585662030.454469}, "device": "gpu", "nd_range": {"device_start": 1585661963.1595223, "device_end": 1585661963.1750536}, "cmdq": 2, "read": {"device_start": 1585661963.175056, "device_end": 1585661963.1751487}}, "FFC_sans_bias132": {"write": {"device_start": -1, "host_queued_start": 1585662030.416813, "device_queued": -1, "device_end": -1, "host_queued_end": 1585662030.454469}, "device": "gpu", "nd_range": {"device_start": 1585661963.1230333, "device_end": 1585661963.1392944}, "cmdq": 1, "read": {"device_start": -1, "device_end": -1}}, "softmax68": {"write": {"device_start": -1, "host_queued_start": 1585662030.411222, "device_queued": -1, "device_end": -1, "host_queued_end": 1585662030.454469}, "device": "gpu", "nd_range": {"device_start": 1585661963.1051664, "device_end": 1585661963.1055894}, "cmdq": 3, "read": {"device_start": -1, "device_end": -1}}, "softmax131": {"write": {"device_start": -1, "host_queued_start": 1585662030.413166, "device_queued": -1, "device_end": -1, "host_queued_end": 1585662030.454469}, "device": "gpu", "nd_range": {"device_start": 1585661963.1065176, "device_end": 1585661963.107248}, "cmdq": 0, "read": {"device_start": -1, "device_end": -1}}, "empty125": {"write": {"device_start": 1585661962.9593298, "host_queued_start": 1585662030.281112, "device_queued": 1585661962.9590037, "device_end": 1585661962.9596062, "host_queued_end": 1585662030.454469}, "device": "gpu", "nd_range": {"device_start": 1585661962.9596198, "device_end": 1585661962.9596243}, "cmdq": 3, "read": {"device_start": -1, "device_end": -1}}, "FFC_sans_bias139": {"write": {"device_start": -1, "host_queued_start": 1585662030.410387, "device_queued": -1, "device_end": -1, "host_queued_end": 1585662030.454469}, "device": "gpu", "nd_range": {"device_start": 1585661963.0855854, "device_end": 1585661963.1018624}, "cmdq": 0, "read": {"device_start": -1, "device_end": -1}}, "empty35": {"write": {"device_start": -1, "host_queued_start": 1585662030.46951, "device_queued": -1, "device_end": -1, "host_queued_end": 1585662030.553859}, "device": "cpu", "nd_range": {"device_start": 2329804.743491346, "device_end": 2329804.7434925353}, "cmdq": 0, "read": {"device_start": -1, "device_end": -1}}, "softmax86": {"write": {"device_start": -1, "host_queued_start": 1585662030.411734, "device_queued": -1, "device_end": -1, "host_queued_end": 1585662030.454469}, "device": "gpu", "nd_range": {"device_start": 1585661963.1018803, "device_end": 1585661963.106499}, "cmdq": 0, "read": {"device_start": -1, "device_end": -1}}, "FFC_sans_bias55": {"write": {"device_start": 1585661962.9651635, "host_queued_start": 1585662030.307398, "device_queued": 1585661962.9621766, "device_end": 1585661962.9652567, "host_queued_end": 1585662030.454469}, "device": "gpu", "nd_range": {"device_start": 1585661962.9652646, "device_end": 1585661962.9811876}, "cmdq": 1, "read": {"device_start": -1, "device_end": -1}}, "FFC_sans_bias54": {"write": {"device_start": 1585661962.9621685, "host_queued_start": 1585662030.303974, "device_queued": 1585661962.9619074, "device_end": 1585661962.9622703, "host_queued_end": 1585662030.454469}, "device": "gpu", "nd_range": {"device_start": 1585661962.9622736, "device_end": 1585661962.9779072}, "cmdq": 0, "read": {"device_start": -1, "device_end": -1}}, "FFC_sans_bias56": {"write": {"device_start": 1585661962.9614735, "host_queued_start": 1585662030.300371, "device_queued": 1585661962.9610753, "device_end": 1585661962.9615757, "host_queued_end": 1585662030.454469}, "device": "gpu", "nd_range": {"device_start": 1585661962.9618142, "device_end": 1585661962.9745927}, "cmdq": 4, "read": {"device_start": -1, "device_end": -1}}, "FFC_sans_bias51": {"write": {"device_start": -1, "host_queued_start": 1585662030.413804, "device_queued": -1, "device_end": -1, "host_queued_end": 1585662030.454469}, "device": "gpu", "nd_range": {"device_start": 1585661963.107183, "device_end": 1585661963.1132514}, "cmdq": 2, "read": {"device_start": -1, "device_end": -1}}, "FFC_sans_bias52": {"write": {"device_start": 1585661963.1266012, "host_queued_start": 1585662030.420579, "device_queued": 1585661962.975697, "device_end": 1585661963.1267014, "host_queued_end": 1585662030.454469}, "device": "gpu", "nd_range": {"device_start": 1585661963.1267257, "device_end": 1585661963.142558}, "cmdq": 3, "read": {"device_start": 1585661963.1425695, "device_end": 1585661963.142669}}, "FFC_sans_bias58": {"write": {"device_start": -1, "host_queued_start": 1585662030.407284, "device_queued": -1, "device_end": -1, "host_queued_end": 1585662030.454469}, "device": "gpu", "nd_range": {"device_start": 1585661963.0692084, "device_end": 1585661963.0758111}, "cmdq": 1, "read": {"device_start": -1, "device_end": -1}}, "FFC_sans_bias108": {"write": {"device_start": 1585661963.017454, "host_queued_start": 1585662030.364111, "device_queued": 1585661962.9664361, "device_end": 1585661963.0175567, "host_queued_end": 1585662030.454469}, "device": "gpu", "nd_range": {"device_start": 1585661963.0175614, "device_end": 1585661963.0333533}, "cmdq": 2, "read": {"device_start": -1, "device_end": -1}}, "FFC_sans_bias109": {"write": {"device_start": 1585661963.020681, "host_queued_start": 1585662030.367593, "device_queued": 1585661962.9665675, "device_end": 1585661963.0207806, "host_queued_end": 1585662030.454469}, "device": "gpu", "nd_range": {"device_start": 1585661963.0207965, "device_end": 1585661963.036631}, "cmdq": 3, "read": {"device_start": -1, "device_end": -1}}, "coalesced_transpose129": {"write": {"device_start": -1, "host_queued_start": 1585662030.406227, "device_queued": -1, "device_end": -1, "host_queued_end": 1585662030.454469}, "device": "gpu", "nd_range": {"device_start": 1585661963.0723405, "device_end": 1585661963.07888}, "cmdq": 3, "read": {"device_start": -1, "device_end": -1}}, "FFC_sans_bias103": {"write": {"device_start": -1, "host_queued_start": 1585662030.409009, "device_queued": -1, "device_end": -1, "host_queued_end": 1585662030.454469}, "device": "gpu", "nd_range": {"device_start": 1585661963.0758293, "device_end": 1585661963.0888374}, "cmdq": 1, "read": {"device_start": -1, "device_end": -1}}, "FFC_sans_bias100": {"write": {"device_start": 1585661963.0109344, "host_queued_start": 1585662030.357059, "device_queued": 1585661962.9660494, "device_end": 1585661963.0110364, "host_queued_end": 1585662030.454469}, "device": "gpu", "nd_range": {"device_start": 1585661963.0110524, "device_end": 1585661963.0268614}, "cmdq": 0, "read": {"device_start": -1, "device_end": -1}}, "FFC_sans_bias101": {"write": {"device_start": 1585661963.0141985, "host_queued_start": 1585662030.360612, "device_queued": 1585661962.9663012, "device_end": 1585661963.0143008, "host_queued_end": 1585662030.454469}, "device": "gpu", "nd_range": {"device_start": 1585661963.014317, "device_end": 1585661963.030109}, "cmdq": 1, "read": {"device_start": -1, "device_end": -1}}, "FFC_sans_bias106": {"write": {"device_start": 1585661963.1498287, "host_queued_start": 1585662030.441238, "device_queued": 1585661962.9771013, "device_end": 1585661963.1499283, "host_queued_end": 1585662030.454469}, "device": "gpu", "nd_range": {"device_start": 1585661963.1499503, "device_end": 1585661963.162064}, "cmdq": 4, "read": {"device_start": 1585661963.1620662, "device_end": 1585661963.1621659}}, "softmax122": {"write": {"device_start": -1, "host_queued_start": 1585662030.41292, "device_queued": -1, "device_end": -1, "host_queued_end": 1585662030.454469}, "device": "gpu", "nd_range": {"device_start": 1585661963.1064963, "device_end": 1585661963.1072133}, "cmdq": 4, "read": {"device_start": -1, "device_end": -1}}, "FFC_sans_bias105": {"write": {"device_start": -1, "host_queued_start": 1585662030.415812, "device_queued": -1, "device_end": -1, "host_queued_end": 1585662030.454469}, "device": "gpu", "nd_range": {"device_start": 1585661963.1099796, "device_end": 1585661963.126301}, "cmdq": 3, "read": {"device_start": -1, "device_end": -1}}, "softmax95": {"write": {"device_start": -1, "host_queued_start": 1585662030.412042, "device_queued": -1, "device_end": -1, "host_queued_end": 1585662030.454469}, "device": "gpu", "nd_range": {"device_start": 1585661963.1026707, "device_end": 1585661963.10652}, "cmdq": 1, "read": {"device_start": -1, "device_end": -1}}, "coalesced_transpose57": {"write": {"device_start": -1, "host_queued_start": 1585662030.403705, "device_queued": -1, "device_end": -1, "host_queued_end": 1585662030.454469}, "device": "gpu", "nd_range": {"device_start": 1585661963.0594158, "device_end": 1585661963.068985}, "cmdq": 0, "read": {"device_start": -1, "device_end": -1}}, "empty26": {"write": {"device_start": -1, "host_queued_start": 1585662030.46648, "device_queued": -1, "device_end": -1, "host_queued_end": 1585662030.553859}, "device": "cpu", "nd_range": {"device_start": 2329804.7434815182, "device_end": 2329804.743486769}, "cmdq": 2, "read": {"device_start": -1, "device_end": -1}}, "softmax113": {"write": {"device_start": -1, "host_queued_start": 1585662030.412661, "device_queued": -1, "device_end": -1, "host_queued_end": 1585662030.454469}, "device": "gpu", "nd_range": {"device_start": 1585661963.1056085, "device_end": 1585661963.1060266}, "cmdq": 3, "read": {"device_start": -1, "device_end": -1}}, "FFC_sans_bias11": {"write": {"device_start": -1, "host_queued_start": 1585662030.492825, "device_queued": -1, "device_end": -1, "host_queued_end": 1585662030.553859}, "device": "cpu", "nd_range": {"device_start": 2329804.83811559, "device_end": 2329804.9027624913}, "cmdq": 1, "read": {"device_start": -1, "device_end": -1}}, "FFC_sans_bias42": {"write": {"device_start": -1, "host_queued_start": 1585662030.536965, "device_queued": -1, "device_end": -1, "host_queued_end": 1585662030.553859}, "device": "cpu", "nd_range": {"device_start": 2329805.61604397, "device_end": 2329805.725568381}, "cmdq": 0, "read": {"device_start": -1, "device_end": -1}}, "FFC_sans_bias43": {"write": {"device_start": -1, "host_queued_start": 1585662030.5538, "device_queued": -1, "device_end": -1, "host_queued_end": 1585662030.553859}, "device": "cpu", "nd_range": {"device_start": 2329805.8125142963, "device_end": 2329805.8632549653}, "cmdq": 2, "read": {"device_start": -1, "device_end": -1}}, "FFC_sans_bias40": {"write": {"device_start": -1, "host_queued_start": 1585662030.530688, "device_queued": -1, "device_end": -1, "host_queued_end": 1585662030.553859}, "device": "cpu", "nd_range": {"device_start": 2329805.436398404, "device_end": 2329805.509022648}, "cmdq": 2, "read": {"device_start": -1, "device_end": -1}}, "FFC_sans_bias46": {"write": {"device_start": 1585661962.9608295, "host_queued_start": 1585662030.293126, "device_queued": 1585661962.960449, "device_end": 1585661962.9610634, "host_queued_end": 1585662030.454469}, "device": "gpu", "nd_range": {"device_start": 1585661962.9616072, "device_end": 1585661962.9681883}, "cmdq": 2, "read": {"device_start": -1, "device_end": -1}}, "FFC_sans_bias47": {"write": {"device_start": 1585661962.9611602, "host_queued_start": 1585662030.296784, "device_queued": 1585661962.9608111, "device_end": 1585661962.96144, "host_queued_end": 1585662030.454469}, "device": "gpu", "nd_range": {"device_start": 1585661962.9617164, "device_end": 1585661962.9714663}, "cmdq": 3, "read": {"device_start": -1, "device_end": -1}}, "FFC_sans_bias45": {"write": {"device_start": 1585661962.9605002, "host_queued_start": 1585662030.289717, "device_queued": 1585661962.9599679, "device_end": 1585661962.9608, "host_queued_end": 1585662030.454469}, "device": "gpu", "nd_range": {"device_start": 1585661962.9614685, "device_end": 1585661962.9648416}, "cmdq": 1, "read": {"device_start": -1, "device_end": -1}}, "FFC_sans_bias49": {"write": {"device_start": -1, "host_queued_start": 1585662030.406962, "device_queued": -1, "device_end": -1, "host_queued_end": 1585662030.454469}, "device": "gpu", "nd_range": {"device_start": 1585661963.0691185, "device_end": 1585661963.072497}, "cmdq": 0, "read": {"device_start": -1, "device_end": -1}}, "softmax77": {"write": {"device_start": -1, "host_queued_start": 1585662030.411477, "device_queued": -1, "device_end": -1, "host_queued_end": 1585662030.454469}, "device": "gpu", "nd_range": {"device_start": 1585661963.0986419, "device_end": 1585661963.1064782}, "cmdq": 4, "read": {"device_start": -1, "device_end": -1}}, "empty134": {"write": {"device_start": 1585661962.9596424, "host_queued_start": 1585662030.283905, "device_queued": 1585661962.9592896, "device_end": 1585661962.959943, "host_queued_end": 1585662030.454469}, "device": "gpu", "nd_range": {"device_start": 1585661962.9599526, "device_end": 1585661962.9599566}, "cmdq": 4, "read": {"device_start": -1, "device_end": -1}}, "coalesced_transpose138": {"write": {"device_start": -1, "host_queued_start": 1585662030.406557, "device_queued": -1, "device_end": -1, "host_queued_end": 1585662030.454469}, "device": "gpu", "nd_range": {"device_start": 1585661963.069092, "device_end": 1585661963.069135}, "cmdq": 4, "read": {"device_start": -1, "device_end": -1}}, "FFC_sans_bias119": {"write": {"device_start": 1585661963.0337622, "host_queued_start": 1585662030.381621, "device_queued": 1585661962.9677262, "device_end": 1585661963.0338652, "host_queued_end": 1585662030.454469}, "device": "gpu", "nd_range": {"device_start": 1585661963.0338712, "device_end": 1585661963.0496824}, "cmdq": 2, "read": {"device_start": -1, "device_end": -1}}, "FFC_sans_bias118": {"write": {"device_start": 1585661963.030516, "host_queued_start": 1585662030.378138, "device_queued": 1585661962.9675984, "device_end": 1585661963.030627, "host_queued_end": 1585662030.454469}, "device": "gpu", "nd_range": {"device_start": 1585661963.0306404, "device_end": 1585661963.046385}, "cmdq": 1, "read": {"device_start": -1, "device_end": -1}}, "empty143": {"write": {"device_start": 1585661962.9600987, "host_queued_start": 1585662030.286689, "device_queued": 1585661962.9596272, "device_end": 1585661962.9604347, "host_queued_end": 1585662030.454469}, "device": "gpu", "nd_range": {"device_start": 1585661962.960445, "device_end": 1585661962.9604492}, "cmdq": 0, "read": {"device_start": -1, "device_end": -1}}, "FFC_sans_bias115": {"write": {"device_start": 1585661963.1528926, "host_queued_start": 1585662030.444444, "device_queued": 1585661962.9781027, "device_end": 1585661963.1529932, "host_queued_end": 1585662030.454469}, "device": "gpu", "nd_range": {"device_start": 1585661963.1530118, "device_end": 1585661963.1685605}, "cmdq": 0, "read": {"device_start": 1585661963.168567, "device_end": 1585661963.1686587}}, "FFC_sans_bias114": {"write": {"device_start": -1, "host_queued_start": 1585662030.416147, "device_queued": -1, "device_end": -1, "host_queued_end": 1585662030.454469}, "device": "gpu", "nd_range": {"device_start": 1585661963.1165717, "device_end": 1585661963.1327817}, "cmdq": 4, "read": {"device_start": -1, "device_end": -1}}, "FFC_sans_bias117": {"write": {"device_start": 1585661963.0273137, "host_queued_start": 1585662030.374673, "device_queued": 1585661962.9672918, "device_end": 1585661963.027433, "host_queued_end": 1585662030.454469}, "device": "gpu", "nd_range": {"device_start": 1585661963.0274398, "device_end": 1585661963.0431182}, "cmdq": 0, "read": {"device_start": -1, "device_end": -1}}, "softmax5": {"write": {"device_start": -1, "host_queued_start": 1585662030.531297, "device_queued": -1, "device_end": -1, "host_queued_end": 1585662030.553859}, "device": "cpu", "nd_range": {"device_start": 2329805.4265294643, "device_end": 2329805.427243805}, "cmdq": 0, "read": {"device_start": -1, "device_end": -1}}, "FFC_sans_bias110": {"write": {"device_start": 1585661963.0239918, "host_queued_start": 1585662030.371113, "device_queued": 1585661962.9666994, "device_end": 1585661963.0240958, "host_queued_end": 1585662030.454469}, "device": "gpu", "nd_range": {"device_start": 1585661963.024103, "device_end": 1585661963.0398777}, "cmdq": 4, "read": {"device_start": -1, "device_end": -1}}, "FFC_sans_bias112": {"write": {"device_start": -1, "host_queued_start": 1585662030.409358, "device_queued": -1, "device_end": -1, "host_queued_end": 1585662030.454469}, "device": "gpu", "nd_range": {"device_start": 1585661963.079141, "device_end": 1585661963.0953727}, "cmdq": 2, "read": {"device_start": -1, "device_end": -1}}, "empty53": {"write": {"device_start": 1585661962.9566658, "host_queued_start": 1585662030.257563, "device_queued": 1585661962.9563336, "device_end": 1585661962.9567616, "host_queued_end": 1585662030.454469}, "device": "gpu", "nd_range": {"device_start": 1585661962.956771, "device_end": 1585661962.9567752}, "cmdq": 0, "read": {"device_start": -1, "device_end": -1}}, "coalesced_transpose48": {"write": {"device_start": -1, "host_queued_start": 1585662030.403397, "device_queued": -1, "device_end": -1, "host_queued_end": 1585662030.454469}, "device": "gpu", "nd_range": {"device_start": 1585661963.0561497, "device_end": 1585661963.0689275}, "cmdq": 4, "read": {"device_start": -1, "device_end": -1}}}