{"FFC_sans_bias4": {"write": {"device_start": -1, "host_queued_start": 1585660516.564908, "device_queued": -1, "device_end": -1, "host_queued_end": 1585660516.640578}, "device": "cpu", "nd_range": {"device_start": 2328292.420454006, "device_end": 2328292.544188491}, "cmdq": 0, "read": {"device_start": -1, "device_end": -1}}, "FFC_sans_bias7": {"write": {"device_start": -1, "host_queued_start": 1585660516.595613, "device_queued": -1, "device_end": -1, "host_queued_end": 1585660516.640578}, "device": "cpu", "nd_range": {"device_start": 2328293.647149673, "device_end": 2328293.770273757}, "cmdq": 0, "read": {"device_start": -1, "device_end": -1}}, "FFC_sans_bias6": {"write": {"device_start": -1, "host_queued_start": 1585660516.583133, "device_queued": -1, "device_end": -1, "host_queued_end": 1585660516.640578}, "device": "cpu", "nd_range": {"device_start": 2328292.969160918, "device_end": 2328293.174190625}, "cmdq": 0, "read": {"device_start": -1, "device_end": -1}}, "FFC_sans_bias1": {"write": {"device_start": -1, "host_queued_start": 1585660516.402046, "device_queued": -1, "device_end": -1, "host_queued_end": 1585660516.640578}, "device": "cpu", "nd_range": {"device_start": 2328290.832051258, "device_end": 2328290.954668459}, "cmdq": 1, "read": {"device_start": -1, "device_end": -1}}, "FFC_sans_bias0": {"write": {"device_start": -1, "host_queued_start": 1585660516.398718, "device_queued": -1, "device_end": -1, "host_queued_end": 1585660516.640578}, "device": "cpu", "nd_range": {"device_start": 2328290.8303709524, "device_end": 2328290.954199672}, "cmdq": 0, "read": {"device_start": -1, "device_end": -1}}, "FFC_sans_bias2": {"write": {"device_start": -1, "host_queued_start": 1585660516.405402, "device_queued": -1, "device_end": -1, "host_queued_end": 1585660516.640578}, "device": "cpu", "nd_range": {"device_start": 2328290.8303533914, "device_end": 2328290.9602546333}, "cmdq": 2, "read": {"device_start": -1, "device_end": -1}}, "coalesced_transpose120": {"write": {"device_start": -1, "host_queued_start": 1585660516.563142, "device_queued": -1, "device_end": -1, "host_queued_end": 1585660516.640578}, "device": "cpu", "nd_range": {"device_start": 2328292.5240998473, "device_end": 2328292.5249916334}, "cmdq": 1, "read": {"device_start": -1, "device_end": -1}}, "FFC_sans_bias9": {"write": {"device_start": -1, "host_queued_start": 1585660516.408726, "device_queued": -1, "device_end": -1, "host_queued_end": 1585660516.640578}, "device": "cpu", "nd_range": {"device_start": 2328290.8304536873, "device_end": 2328291.0589285493}, "cmdq": 3, "read": {"device_start": -1, "device_end": -1}}, "empty71": {"write": {"device_start": -1, "host_queued_start": 1585660516.375077, "device_queued": -1, "device_end": -1, "host_queued_end": 1585660516.640578}, "device": "cpu", "nd_range": {"device_start": 2328290.8303275784, "device_end": 2328290.83032855}, "cmdq": 3, "read": {"device_start": -1, "device_end": -1}}, "softmax41": {"write": {"device_start": -1, "host_queued_start": 1585660516.57671, "device_queued": -1, "device_end": -1, "host_queued_end": 1585660516.640578}, "device": "cpu", "nd_range": {"device_start": 2328292.966498497, "device_end": 2328292.967241765}, "cmdq": 0, "read": {"device_start": -1, "device_end": -1}}, "FFC_sans_bias37": {"write": {"device_start": -1, "host_queued_start": 1585660516.442371, "device_queued": -1, "device_end": -1, "host_queued_end": 1585660516.640578}, "device": "cpu", "nd_range": {"device_start": 2328291.308735086, "device_end": 2328291.431152075}, "cmdq": 1, "read": {"device_start": -1, "device_end": -1}}, "FFC_sans_bias36": {"write": {"device_start": -1, "host_queued_start": 1585660516.43905, "device_queued": -1, "device_end": -1, "host_queued_end": 1585660516.640578}, "device": "cpu", "nd_range": {"device_start": 2328291.20310983, "device_end": 2328291.327139385}, "cmdq": 0, "read": {"device_start": -1, "device_end": -1}}, "FFC_sans_bias34": {"write": {"device_start": -1, "host_queued_start": 1585660516.604586, "device_queued": -1, "device_end": -1, "host_queued_end": 1585660516.640578}, "device": "cpu", "nd_range": {"device_start": 2328293.858321094, "device_end": 2328294.067244208}, "cmdq": 3, "read": {"device_start": -1, "device_end": -1}}, "FFC_sans_bias33": {"write": {"device_start": -1, "host_queued_start": 1585660516.584926, "device_queued": -1, "device_end": -1, "host_queued_end": 1585660516.640578}, "device": "cpu", "nd_range": {"device_start": 2328293.2499913173, "device_end": 2328293.3729765452}, "cmdq": 3, "read": {"device_start": -1, "device_end": -1}}, "FFC_sans_bias31": {"write": {"device_start": -1, "host_queued_start": 1585660516.566714, "device_queued": -1, "device_end": -1, "host_queued_end": 1585660516.640578}, "device": "cpu", "nd_range": {"device_start": 2328292.674109476, "device_end": 2328292.797164992}, "cmdq": 3, "read": {"device_start": -1, "device_end": -1}}, "FFC_sans_bias38": {"write": {"device_start": -1, "host_queued_start": 1585660516.445711, "device_queued": -1, "device_end": -1, "host_queued_end": 1585660516.640578}, "device": "cpu", "nd_range": {"device_start": 2328291.255943519, "device_end": 2328291.412126812}, "cmdq": 2, "read": {"device_start": -1, "device_end": -1}}, "coalesced_transpose75": {"write": {"device_start": -1, "host_queued_start": 1585660516.560201, "device_queued": -1, "device_end": -1, "host_queued_end": 1585660516.640578}, "device": "cpu", "nd_range": {"device_start": 2328292.4183845622, "device_end": 2328292.4192426}, "cmdq": 0, "read": {"device_start": -1, "device_end": -1}}, "softmax140": {"write": {"device_start": -1, "host_queued_start": 1585660516.582531, "device_queued": -1, "device_end": -1, "host_queued_end": 1585660516.640578}, "device": "cpu", "nd_range": {"device_start": 2328293.249118031, "device_end": 2328293.249843684}, "cmdq": 3, "read": {"device_start": -1, "device_end": -1}}, "empty44": {"write": {"device_start": -1, "host_queued_start": 1585660516.367249, "device_queued": -1, "device_end": -1, "host_queued_end": 1585660516.640578}, "device": "cpu", "nd_range": {"device_start": 2328290.8303304412, "device_end": 2328290.8303317144}, "cmdq": 0, "read": {"device_start": -1, "device_end": -1}}, "FFC_sans_bias137": {"write": {"device_start": -1, "host_queued_start": 1585660516.552823, "device_queued": -1, "device_end": -1, "host_queued_end": 1585660516.640578}, "device": "cpu", "nd_range": {"device_start": 2328292.404030846, "device_end": 2328292.632959157}, "cmdq": 2, "read": {"device_start": -1, "device_end": -1}}, "empty8": {"write": {"device_start": -1, "host_queued_start": 1585660516.355526, "device_queued": -1, "device_end": -1, "host_queued_end": 1585660516.640578}, "device": "cpu", "nd_range": {"device_start": 2328290.8303201813, "device_end": 2328290.830320963}, "cmdq": 0, "read": {"device_start": -1, "device_end": -1}}, "softmax50": {"write": {"device_start": -1, "host_queued_start": 1585660516.577231, "device_queued": -1, "device_end": -1, "host_queued_end": 1585660516.640578}, "device": "cpu", "nd_range": {"device_start": 2328293.0876049562, "device_end": 2328293.088357328}, "cmdq": 1, "read": {"device_start": -1, "device_end": -1}}, "softmax59": {"write": {"device_start": -1, "host_queued_start": 1585660516.577758, "device_queued": -1, "device_end": -1, "host_queued_end": 1585660516.640578}, "device": "cpu", "nd_range": {"device_start": 2328293.1570653464, "device_end": 2328293.157795228}, "cmdq": 2, "read": {"device_start": -1, "device_end": -1}}, "FFC_sans_bias142": {"write": {"device_start": -1, "host_queued_start": 1585660516.640523, "device_queued": -1, "device_end": -1, "host_queued_end": 1585660516.640578}, "device": "cpu", "nd_range": {"device_start": 2328294.253698213, "device_end": 2328294.291328453}, "cmdq": 3, "read": {"device_start": -1, "device_end": -1}}, "FFC_sans_bias141": {"write": {"device_start": -1, "host_queued_start": 1585660516.592343, "device_queued": -1, "device_end": -1, "host_queued_end": 1585660516.640578}, "device": "cpu", "nd_range": {"device_start": 2328293.617986408, "device_end": 2328293.858299285}, "cmdq": 3, "read": {"device_start": -1, "device_end": -1}}, "FFC_sans_bias24": {"write": {"device_start": -1, "host_queued_start": 1585660516.584328, "device_queued": -1, "device_end": -1, "host_queued_end": 1585660516.640578}, "device": "cpu", "nd_range": {"device_start": 2328293.160122491, "device_end": 2328293.321417802}, "cmdq": 2, "read": {"device_start": -1, "device_end": -1}}, "FFC_sans_bias25": {"write": {"device_start": -1, "host_queued_start": 1585660516.601588, "device_queued": -1, "device_end": -1, "host_queued_end": 1585660516.640578}, "device": "cpu", "nd_range": {"device_start": 2328293.791690838, "device_end": 2328293.920852425}, "cmdq": 2, "read": {"device_start": -1, "device_end": -1}}, "FFC_sans_bias27": {"write": {"device_start": -1, "host_queued_start": 1585660516.428984, "device_queued": -1, "device_end": -1, "host_queued_end": 1585660516.640578}, "device": "cpu", "nd_range": {"device_start": 2328291.078387376, "device_end": 2328291.3087109444}, "cmdq": 1, "read": {"device_start": -1, "device_end": -1}}, "FFC_sans_bias20": {"write": {"device_start": -1, "host_queued_start": 1585660516.425506, "device_queued": -1, "device_end": -1, "host_queued_end": 1585660516.640578}, "device": "cpu", "nd_range": {"device_start": 2328291.0779661373, "device_end": 2328291.202774359}, "cmdq": 0, "read": {"device_start": -1, "device_end": -1}}, "FFC_sans_bias22": {"write": {"device_start": -1, "host_queued_start": 1585660516.566105, "device_queued": -1, "device_end": -1, "host_queued_end": 1585660516.640578}, "device": "cpu", "nd_range": {"device_start": 2328292.6367988163, "device_end": 2328292.766607861}, "cmdq": 2, "read": {"device_start": -1, "device_end": -1}}, "FFC_sans_bias130": {"write": {"device_start": -1, "host_queued_start": 1585660516.573467, "device_queued": -1, "device_end": -1, "host_queued_end": 1585660516.640578}, "device": "cpu", "nd_range": {"device_start": 2328293.0274865893, "device_end": 2328293.155908234}, "cmdq": 2, "read": {"device_start": -1, "device_end": -1}}, "FFC_sans_bias28": {"write": {"device_start": -1, "host_queued_start": 1585660516.432325, "device_queued": -1, "device_end": -1, "host_queued_end": 1585660516.640578}, "device": "cpu", "nd_range": {"device_start": 2328291.092054542, "device_end": 2328291.255916356}, "cmdq": 2, "read": {"device_start": -1, "device_end": -1}}, "FFC_sans_bias29": {"write": {"device_start": -1, "host_queued_start": 1585660516.435712, "device_queued": -1, "device_end": -1, "host_queued_end": 1585660516.640578}, "device": "cpu", "nd_range": {"device_start": 2328291.191310239, "device_end": 2328291.3152262243}, "cmdq": 3, "read": {"device_start": -1, "device_end": -1}}, "coalesced_transpose66": {"write": {"device_start": -1, "host_queued_start": 1585660516.559612, "device_queued": -1, "device_end": -1, "host_queued_end": 1585660516.640578}, "device": "cpu", "nd_range": {"device_start": 2328292.671491186, "device_end": 2328292.6723513124}, "cmdq": 3, "read": {"device_start": -1, "device_end": -1}}, "coalesced_transpose93": {"write": {"device_start": -1, "host_queued_start": 1585660516.561379, "device_queued": -1, "device_end": -1, "host_queued_end": 1585660516.640578}, "device": "cpu", "nd_range": {"device_start": 2328292.635002205, "device_end": 2328292.6358943232}, "cmdq": 2, "read": {"device_start": -1, "device_end": -1}}, "softmax23": {"write": {"device_start": -1, "host_queued_start": 1585660516.575652, "device_queued": -1, "device_end": -1, "host_queued_end": 1585660516.640578}, "device": "cpu", "nd_range": {"device_start": 2328293.156155514, "device_end": 2328293.156884585}, "cmdq": 2, "read": {"device_start": -1, "device_end": -1}}, "empty62": {"write": {"device_start": -1, "host_queued_start": 1585660516.372457, "device_queued": -1, "device_end": -1, "host_queued_end": 1585660516.640578}, "device": "cpu", "nd_range": {"device_start": 2328290.8303015633, "device_end": 2328290.830302827}, "cmdq": 2, "read": {"device_start": -1, "device_end": -1}}, "FFC_sans_bias10": {"write": {"device_start": -1, "host_queued_start": 1585660516.412061, "device_queued": -1, "device_end": -1, "host_queued_end": 1585660516.640578}, "device": "cpu", "nd_range": {"device_start": 2328290.954438824, "device_end": 2328291.077735003}, "cmdq": 0, "read": {"device_start": -1, "device_end": -1}}, "FFC_sans_bias13": {"write": {"device_start": -1, "host_queued_start": 1585660516.565509, "device_queued": -1, "device_end": -1, "host_queued_end": 1585660516.640578}, "device": "cpu", "nd_range": {"device_start": 2328292.5250048502, "device_end": 2328292.680548722}, "cmdq": 1, "read": {"device_start": -1, "device_end": -1}}, "FFC_sans_bias15": {"write": {"device_start": -1, "host_queued_start": 1585660516.583729, "device_queued": -1, "device_end": -1, "host_queued_end": 1585660516.640578}, "device": "cpu", "nd_range": {"device_start": 2328293.090311705, "device_end": 2328293.215737456}, "cmdq": 1, "read": {"device_start": -1, "device_end": -1}}, "FFC_sans_bias16": {"write": {"device_start": -1, "host_queued_start": 1585660516.598625, "device_queued": -1, "device_end": -1, "host_queued_end": 1585660516.640578}, "device": "cpu", "nd_range": {"device_start": 2328293.6259910073, "device_end": 2328293.748905038}, "cmdq": 1, "read": {"device_start": -1, "device_end": -1}}, "FFC_sans_bias19": {"write": {"device_start": -1, "host_queued_start": 1585660516.422096, "device_queued": -1, "device_end": -1, "host_queued_end": 1585660516.640578}, "device": "cpu", "nd_range": {"device_start": 2328291.058952085, "device_end": 2328291.191268667}, "cmdq": 3, "read": {"device_start": -1, "device_end": -1}}, "FFC_sans_bias18": {"write": {"device_start": -1, "host_queued_start": 1585660516.418775, "device_queued": -1, "device_end": -1, "host_queued_end": 1585660516.640578}, "device": "cpu", "nd_range": {"device_start": 2328290.960455045, "device_end": 2328291.0920358053}, "cmdq": 2, "read": {"device_start": -1, "device_end": -1}}, "FFC_sans_bias99": {"write": {"device_start": -1, "host_queued_start": 1585660516.509295, "device_queued": -1, "device_end": -1, "host_queued_end": 1585660516.640578}, "device": "cpu", "nd_range": {"device_start": 2328292.0280603142, "device_end": 2328292.150393701}, "cmdq": 1, "read": {"device_start": -1, "device_end": -1}}, "FFC_sans_bias91": {"write": {"device_start": -1, "host_queued_start": 1585660516.502608, "device_queued": -1, "device_end": -1, "host_queued_end": 1585660516.640578}, "device": "cpu", "nd_range": {"device_start": 2328291.907022308, "device_end": 2328292.133210362}, "cmdq": 3, "read": {"device_start": -1, "device_end": -1}}, "FFC_sans_bias90": {"write": {"device_start": -1, "host_queued_start": 1585660516.499291, "device_queued": -1, "device_end": -1, "host_queued_end": 1585660516.640578}, "device": "cpu", "nd_range": {"device_start": 2328291.809881817, "device_end": 2328291.937963393}, "cmdq": 2, "read": {"device_start": -1, "device_end": -1}}, "coalesced_transpose12": {"write": {"device_start": -1, "host_queued_start": 1585660516.55681, "device_queued": -1, "device_end": -1, "host_queued_end": 1585660516.640578}, "device": "cpu", "nd_range": {"device_start": 2328292.5212018173, "device_end": 2328292.522306612}, "cmdq": 1, "read": {"device_start": -1, "device_end": -1}}, "FFC_sans_bias94": {"write": {"device_start": -1, "host_queued_start": 1585660516.570938, "device_queued": -1, "device_end": -1, "host_queued_end": 1585660516.640578}, "device": "cpu", "nd_range": {"device_start": 2328292.897198434, "device_end": 2328293.027240255}, "cmdq": 2, "read": {"device_start": -1, "device_end": -1}}, "FFC_sans_bias97": {"write": {"device_start": -1, "host_queued_start": 1585660516.625549, "device_queued": -1, "device_end": -1, "host_queued_end": 1585660516.640578}, "device": "cpu", "nd_range": {"device_start": 2328294.0508578303, "device_end": 2328294.160807675}, "cmdq": 2, "read": {"device_start": -1, "device_end": -1}}, "FFC_sans_bias96": {"write": {"device_start": -1, "host_queued_start": 1585660516.58918, "device_queued": -1, "device_end": -1, "host_queued_end": 1585660516.640578}, "device": "cpu", "nd_range": {"device_start": 2328293.4534571753, "device_end": 2328293.661481638}, "cmdq": 2, "read": {"device_start": -1, "device_end": -1}}, "FFC_sans_bias124": {"write": {"device_start": -1, "host_queued_start": 1585660516.634594, "device_queued": -1, "device_end": -1, "host_queued_end": 1585660516.640578}, "device": "cpu", "nd_range": {"device_start": 2328293.995001558, "device_end": 2328294.118721895}, "cmdq": 1, "read": {"device_start": -1, "device_end": -1}}, "FFC_sans_bias126": {"write": {"device_start": -1, "host_queued_start": 1585660516.542829, "device_queued": -1, "device_end": -1, "host_queued_end": 1585660516.640578}, "device": "cpu", "nd_range": {"device_start": 2328292.4253054103, "device_end": 2328292.547702445}, "cmdq": 3, "read": {"device_start": -1, "device_end": -1}}, "softmax32": {"write": {"device_start": -1, "host_queued_start": 1585660516.576172, "device_queued": -1, "device_end": -1, "host_queued_end": 1585660516.640578}, "device": "cpu", "nd_range": {"device_start": 2328293.246415553, "device_end": 2328293.247149547}, "cmdq": 3, "read": {"device_start": -1, "device_end": -1}}, "coalesced_transpose84": {"write": {"device_start": -1, "host_queued_start": 1585660516.560789, "device_queued": -1, "device_end": -1, "host_queued_end": 1585660516.640578}, "device": "cpu", "nd_range": {"device_start": 2328292.523185103, "device_end": 2328292.5240912223}, "cmdq": 1, "read": {"device_start": -1, "device_end": -1}}, "FFC_sans_bias121": {"write": {"device_start": -1, "host_queued_start": 1585660516.572867, "device_queued": -1, "device_end": -1, "host_queued_end": 1585660516.640578}, "device": "cpu", "nd_range": {"device_start": 2328292.963293658, "device_end": 2328293.0864369343}, "cmdq": 1, "read": {"device_start": -1, "device_end": -1}}, "empty98": {"write": {"device_start": -1, "host_queued_start": 1585660516.382868, "device_queued": -1, "device_end": -1, "host_queued_end": 1585660516.640578}, "device": "cpu", "nd_range": {"device_start": 2328290.830309066, "device_end": 2328290.8303097}, "cmdq": 2, "read": {"device_start": -1, "device_end": -1}}, "empty107": {"write": {"device_start": -1, "host_queued_start": 1585660516.385457, "device_queued": -1, "device_end": -1, "host_queued_end": 1585660516.640578}, "device": "cpu", "nd_range": {"device_start": 2328290.8303335924, "device_end": 2328290.830334194}, "cmdq": 3, "read": {"device_start": -1, "device_end": -1}}, "empty17": {"write": {"device_start": -1, "host_queued_start": 1585660516.358958, "device_queued": -1, "device_end": -1, "host_queued_end": 1585660516.640578}, "device": "cpu", "nd_range": {"device_start": 2328290.8302667714, "device_end": 2328290.8302798104}, "cmdq": 1, "read": {"device_start": -1, "device_end": -1}}, "FFC_sans_bias87": {"write": {"device_start": -1, "host_queued_start": 1585660516.58858, "device_queued": -1, "device_end": -1, "host_queued_end": 1585660516.640578}, "device": "cpu", "nd_range": {"device_start": 2328293.340400237, "device_end": 2328293.50349747}, "cmdq": 1, "read": {"device_start": -1, "device_end": -1}}, "FFC_sans_bias85": {"write": {"device_start": -1, "host_queued_start": 1585660516.570325, "device_queued": -1, "device_end": -1, "host_queued_end": 1585660516.640578}, "device": "cpu", "nd_range": {"device_start": 2328292.840189427, "device_end": 2328292.963271458}, "cmdq": 1, "read": {"device_start": -1, "device_end": -1}}, "FFC_sans_bias82": {"write": {"device_start": -1, "host_queued_start": 1585660516.492591, "device_queued": -1, "device_end": -1, "host_queued_end": 1585660516.640578}, "device": "cpu", "nd_range": {"device_start": 2328291.7507385323, "device_end": 2328291.874663567}, "cmdq": 0, "read": {"device_start": -1, "device_end": -1}}, "FFC_sans_bias83": {"write": {"device_start": -1, "host_queued_start": 1585660516.495962, "device_queued": -1, "device_end": -1, "host_queued_end": 1585660516.640578}, "device": "cpu", "nd_range": {"device_start": 2328291.9049016903, "device_end": 2328292.028045801}, "cmdq": 1, "read": {"device_start": -1, "device_end": -1}}, "FFC_sans_bias81": {"write": {"device_start": -1, "host_queued_start": 1585660516.489206, "device_queued": -1, "device_end": -1, "host_queued_end": 1585660516.640578}, "device": "cpu", "nd_range": {"device_start": 2328291.683931053, "device_end": 2328291.906999898}, "cmdq": 3, "read": {"device_start": -1, "device_end": -1}}, "FFC_sans_bias88": {"write": {"device_start": -1, "host_queued_start": 1585660516.622522, "device_queued": -1, "device_end": -1, "host_queued_end": 1585660516.640578}, "device": "cpu", "nd_range": {"device_start": 2328293.8718963773, "device_end": 2328293.994993119}, "cmdq": 1, "read": {"device_start": -1, "device_end": -1}}, "coalesced_transpose30": {"write": {"device_start": -1, "host_queued_start": 1585660516.557491, "device_queued": -1, "device_end": -1, "host_queued_end": 1585660516.640578}, "device": "cpu", "nd_range": {"device_start": 2328292.670394348, "device_end": 2328292.6714810883}, "cmdq": 3, "read": {"device_start": -1, "device_end": -1}}, "FFC_sans_bias128": {"write": {"device_start": -1, "host_queued_start": 1585660516.539507, "device_queued": -1, "device_end": -1, "host_queued_end": 1585660516.640578}, "device": "cpu", "nd_range": {"device_start": 2328292.211813195, "device_end": 2328292.398970946}, "cmdq": 2, "read": {"device_start": -1, "device_end": -1}}, "coalesced_transpose39": {"write": {"device_start": -1, "host_queued_start": 1585660516.557828, "device_queued": -1, "device_end": -1, "host_queued_end": 1585660516.640578}, "device": "cpu", "nd_range": {"device_start": 2328292.4171314742, "device_end": 2328292.418229482}, "cmdq": 0, "read": {"device_start": -1, "device_end": -1}}, "FFC_sans_bias79": {"write": {"device_start": -1, "host_queued_start": 1585660516.619552, "device_queued": -1, "device_end": -1, "host_queued_end": 1585660516.640578}, "device": "cpu", "nd_range": {"device_start": 2328293.893924539, "device_end": 2328294.016931674}, "cmdq": 0, "read": {"device_start": -1, "device_end": -1}}, "FFC_sans_bias78": {"write": {"device_start": -1, "host_queued_start": 1585660516.587967, "device_queued": -1, "device_end": -1, "host_queued_end": 1585660516.640578}, "device": "cpu", "nd_range": {"device_start": 2328293.400227537, "device_end": 2328293.523481484}, "cmdq": 0, "read": {"device_start": -1, "device_end": -1}}, "FFC_sans_bias73": {"write": {"device_start": -1, "host_queued_start": 1585660516.482506, "device_queued": -1, "device_end": -1, "host_queued_end": 1585660516.640578}, "device": "cpu", "nd_range": {"device_start": 2328291.781742137, "device_end": 2328291.9048850103}, "cmdq": 1, "read": {"device_start": -1, "device_end": -1}}, "FFC_sans_bias72": {"write": {"device_start": -1, "host_queued_start": 1585660516.479208, "device_queued": -1, "device_end": -1, "host_queued_end": 1585660516.640578}, "device": "cpu", "nd_range": {"device_start": 2328291.626288257, "device_end": 2328291.750509688}, "cmdq": 0, "read": {"device_start": -1, "device_end": -1}}, "FFC_sans_bias70": {"write": {"device_start": -1, "host_queued_start": 1585660516.616582, "device_queued": -1, "device_end": -1, "host_queued_end": 1585660516.640578}, "device": "cpu", "nd_range": {"device_start": 2328294.0672558714, "device_end": 2328294.170701912}, "cmdq": 3, "read": {"device_start": -1, "device_end": -1}}, "FFC_sans_bias76": {"write": {"device_start": -1, "host_queued_start": 1585660516.569721, "device_queued": -1, "device_end": -1, "host_queued_end": 1585660516.640578}, "device": "cpu", "nd_range": {"device_start": 2328292.668103239, "device_end": 2328292.82599521}, "cmdq": 0, "read": {"device_start": -1, "device_end": -1}}, "FFC_sans_bias74": {"write": {"device_start": -1, "host_queued_start": 1585660516.485845, "device_queued": -1, "device_end": -1, "host_queued_end": 1585660516.640578}, "device": "cpu", "nd_range": {"device_start": 2328291.669936805, "device_end": 2328291.8098525982}, "cmdq": 2, "read": {"device_start": -1, "device_end": -1}}, "coalesced_transpose102": {"write": {"device_start": -1, "host_queued_start": 1585660516.561962, "device_queued": -1, "device_end": -1, "host_queued_end": 1585660516.640578}, "device": "cpu", "nd_range": {"device_start": 2328292.672362092, "device_end": 2328292.673221312}, "cmdq": 3, "read": {"device_start": -1, "device_end": -1}}, "coalesced_transpose3": {"write": {"device_start": -1, "host_queued_start": 1585660516.556464, "device_queued": -1, "device_end": -1, "host_queued_end": 1585660516.640578}, "device": "cpu", "nd_range": {"device_start": 2328292.415852406, "device_end": 2328292.4169675494}, "cmdq": 0, "read": {"device_start": -1, "device_end": -1}}, "FFC_sans_bias127": {"write": {"device_start": -1, "host_queued_start": 1585660516.546154, "device_queued": -1, "device_end": -1, "host_queued_end": 1585660516.640578}, "device": "cpu", "nd_range": {"device_start": 2328292.2923813784, "device_end": 2328292.415647799}, "cmdq": 0, "read": {"device_start": -1, "device_end": -1}}, "empty89": {"write": {"device_start": -1, "host_queued_start": 1585660516.380279, "device_queued": -1, "device_end": -1, "host_queued_end": 1585660516.640578}, "device": "cpu", "nd_range": {"device_start": 2328290.830308907, "device_end": 2328290.8303097263}, "cmdq": 1, "read": {"device_start": -1, "device_end": -1}}, "FFC_sans_bias123": {"write": {"device_start": -1, "host_queued_start": 1585660516.591043, "device_queued": -1, "device_end": -1, "host_queued_end": 1585660516.640578}, "device": "cpu", "nd_range": {"device_start": 2328293.5035150764, "device_end": 2328293.625973016}, "cmdq": 1, "read": {"device_start": -1, "device_end": -1}}, "empty80": {"write": {"device_start": -1, "host_queued_start": 1585660516.377667, "device_queued": -1, "device_end": -1, "host_queued_end": 1585660516.640578}, "device": "cpu", "nd_range": {"device_start": 2328290.830360059, "device_end": 2328290.830361022}, "cmdq": 0, "read": {"device_start": -1, "device_end": -1}}, "empty116": {"write": {"device_start": -1, "host_queued_start": 1585660516.38805, "device_queued": -1, "device_end": -1, "host_queued_end": 1585660516.640578}, "device": "cpu", "nd_range": {"device_start": 2328290.830365702, "device_end": 2328290.830366269}, "cmdq": 0, "read": {"device_start": -1, "device_end": -1}}, "softmax104": {"write": {"device_start": -1, "host_queued_start": 1585660516.580426, "device_queued": -1, "device_end": -1, "host_queued_end": 1585660516.640578}, "device": "cpu", "nd_range": {"device_start": 2328293.248246529, "device_end": 2328293.24896834}, "cmdq": 3, "read": {"device_start": -1, "device_end": -1}}, "coalesced_transpose21": {"write": {"device_start": -1, "host_queued_start": 1585660516.557147, "device_queued": -1, "device_end": -1, "host_queued_end": 1585660516.640578}, "device": "cpu", "nd_range": {"device_start": 2328292.632981087, "device_end": 2328292.634097901}, "cmdq": 2, "read": {"device_start": -1, "device_end": -1}}, "softmax14": {"write": {"device_start": -1, "host_queued_start": 1585660516.575128, "device_queued": -1, "device_end": -1, "host_queued_end": 1585660516.640578}, "device": "cpu", "nd_range": {"device_start": 2328293.086683905, "device_end": 2328293.0874306173}, "cmdq": 1, "read": {"device_start": -1, "device_end": -1}}, "FFC_sans_bias69": {"write": {"device_start": -1, "host_queued_start": 1585660516.587355, "device_queued": -1, "device_end": -1, "host_queued_end": 1585660516.640578}, "device": "cpu", "nd_range": {"device_start": 2328293.373217227, "device_end": 2328293.4958390184}, "cmdq": 3, "read": {"device_start": -1, "device_end": -1}}, "FFC_sans_bias92": {"write": {"device_start": -1, "host_queued_start": 1585660516.505941, "device_queued": -1, "device_end": -1, "host_queued_end": 1585660516.640578}, "device": "cpu", "nd_range": {"device_start": 2328291.874900496, "device_end": 2328291.998644515}, "cmdq": 0, "read": {"device_start": -1, "device_end": -1}}, "FFC_sans_bias60": {"write": {"device_start": -1, "host_queued_start": 1585660516.586754, "device_queued": -1, "device_end": -1, "host_queued_end": 1585660516.640578}, "device": "cpu", "nd_range": {"device_start": 2328293.3225290193, "device_end": 2328293.453433596}, "cmdq": 2, "read": {"device_start": -1, "device_end": -1}}, "FFC_sans_bias61": {"write": {"device_start": -1, "host_queued_start": 1585660516.61359, "device_queued": -1, "device_end": -1, "host_queued_end": 1585660516.640578}, "device": "cpu", "nd_range": {"device_start": 2328293.920865972, "device_end": 2328294.050845766}, "cmdq": 2, "read": {"device_start": -1, "device_end": -1}}, "FFC_sans_bias63": {"write": {"device_start": -1, "host_queued_start": 1585660516.47588, "device_queued": -1, "device_end": -1, "host_queued_end": 1585660516.640578}, "device": "cpu", "nd_range": {"device_start": 2328291.561102407, "device_end": 2328291.6839122353}, "cmdq": 3, "read": {"device_start": -1, "device_end": -1}}, "FFC_sans_bias64": {"write": {"device_start": -1, "host_queued_start": 1585660516.469159, "device_queued": -1, "device_end": -1, "host_queued_end": 1585660516.640578}, "device": "cpu", "nd_range": {"device_start": 2328291.6426489362, "device_end": 2328291.7817240003}, "cmdq": 1, "read": {"device_start": -1, "device_end": -1}}, "FFC_sans_bias65": {"write": {"device_start": -1, "host_queued_start": 1585660516.47251, "device_queued": -1, "device_end": -1, "host_queued_end": 1585660516.640578}, "device": "cpu", "nd_range": {"device_start": 2328291.540891652, "device_end": 2328291.669915712}, "cmdq": 2, "read": {"device_start": -1, "device_end": -1}}, "FFC_sans_bias67": {"write": {"device_start": -1, "host_queued_start": 1585660516.569113, "device_queued": -1, "device_end": -1, "host_queued_end": 1585660516.640578}, "device": "cpu", "nd_range": {"device_start": 2328292.79741603, "device_end": 2328292.981709273}, "cmdq": 3, "read": {"device_start": -1, "device_end": -1}}, "coalesced_transpose111": {"write": {"device_start": -1, "host_queued_start": 1585660516.562549, "device_queued": -1, "device_end": -1, "host_queued_end": 1585660516.640578}, "device": "cpu", "nd_range": {"device_start": 2328292.419381517, "device_end": 2328292.420290045}, "cmdq": 0, "read": {"device_start": -1, "device_end": -1}}, "FFC_sans_bias136": {"write": {"device_start": -1, "host_queued_start": 1585660516.549492, "device_queued": -1, "device_end": -1, "host_queued_end": 1585660516.640578}, "device": "cpu", "nd_range": {"device_start": 2328292.398678941, "device_end": 2328292.521180989}, "cmdq": 1, "read": {"device_start": -1, "device_end": -1}}, "FFC_sans_bias135": {"write": {"device_start": -1, "host_queued_start": 1585660516.556102, "device_queued": -1, "device_end": -1, "host_queued_end": 1585660516.640578}, "device": "cpu", "nd_range": {"device_start": 2328292.547717894, "device_end": 2328292.670382842}, "cmdq": 3, "read": {"device_start": -1, "device_end": -1}}, "FFC_sans_bias133": {"write": {"device_start": -1, "host_queued_start": 1585660516.637565, "device_queued": -1, "device_end": -1, "host_queued_end": 1585660516.640578}, "device": "cpu", "nd_range": {"device_start": 2328294.160819629, "device_end": 2328294.263586807}, "cmdq": 2, "read": {"device_start": -1, "device_end": -1}}, "FFC_sans_bias132": {"write": {"device_start": -1, "host_queued_start": 1585660516.59164, "device_queued": -1, "device_end": -1, "host_queued_end": 1585660516.640578}, "device": "cpu", "nd_range": {"device_start": 2328293.661501868, "device_end": 2328293.791657426}, "cmdq": 2, "read": {"device_start": -1, "device_end": -1}}, "softmax68": {"write": {"device_start": -1, "host_queued_start": 1585660516.578289, "device_queued": -1, "device_end": -1, "host_queued_end": 1585660516.640578}, "device": "cpu", "nd_range": {"device_start": 2328293.247336638, "device_end": 2328293.248079283}, "cmdq": 3, "read": {"device_start": -1, "device_end": -1}}, "softmax131": {"write": {"device_start": -1, "host_queued_start": 1585660516.582006, "device_queued": -1, "device_end": -1, "host_queued_end": 1585660516.640578}, "device": "cpu", "nd_range": {"device_start": 2328293.159208448, "device_end": 2328293.159950864}, "cmdq": 2, "read": {"device_start": -1, "device_end": -1}}, "empty125": {"write": {"device_start": -1, "host_queued_start": 1585660516.390646, "device_queued": -1, "device_end": -1, "host_queued_end": 1585660516.640578}, "device": "cpu", "nd_range": {"device_start": 2328290.830315667, "device_end": 2328290.830316496}, "cmdq": 1, "read": {"device_start": -1, "device_end": -1}}, "FFC_sans_bias139": {"write": {"device_start": -1, "host_queued_start": 1585660516.574067, "device_queued": -1, "device_end": -1, "host_queued_end": 1585660516.640578}, "device": "cpu", "nd_range": {"device_start": 2328293.1221793042, "device_end": 2328293.246173237}, "cmdq": 3, "read": {"device_start": -1, "device_end": -1}}, "empty35": {"write": {"device_start": -1, "host_queued_start": 1585660516.364592, "device_queued": -1, "device_end": -1, "host_queued_end": 1585660516.640578}, "device": "cpu", "nd_range": {"device_start": 2328290.830321807, "device_end": 2328290.8303225893}, "cmdq": 3, "read": {"device_start": -1, "device_end": -1}}, "softmax86": {"write": {"device_start": -1, "host_queued_start": 1585660516.579363, "device_queued": -1, "device_end": -1, "host_queued_end": 1585660516.640578}, "device": "cpu", "nd_range": {"device_start": 2328293.088516049, "device_end": 2328293.089269162}, "cmdq": 1, "read": {"device_start": -1, "device_end": -1}}, "FFC_sans_bias55": {"write": {"device_start": -1, "host_queued_start": 1585660516.465817, "device_queued": -1, "device_end": -1, "host_queued_end": 1585660516.640578}, "device": "cpu", "nd_range": {"device_start": 2328291.50295061, "device_end": 2328291.626050094}, "cmdq": 0, "read": {"device_start": -1, "device_end": -1}}, "FFC_sans_bias54": {"write": {"device_start": -1, "host_queued_start": 1585660516.462501, "device_queued": -1, "device_end": -1, "host_queued_end": 1585660516.640578}, "device": "cpu", "nd_range": {"device_start": 2328291.438398188, "device_end": 2328291.561082581}, "cmdq": 3, "read": {"device_start": -1, "device_end": -1}}, "FFC_sans_bias56": {"write": {"device_start": -1, "host_queued_start": 1585660516.459189, "device_queued": -1, "device_end": -1, "host_queued_end": 1585660516.640578}, "device": "cpu", "nd_range": {"device_start": 2328291.412376063, "device_end": 2328291.540867569}, "cmdq": 2, "read": {"device_start": -1, "device_end": -1}}, "FFC_sans_bias51": {"write": {"device_start": -1, "host_queued_start": 1585660516.586137, "device_queued": -1, "device_end": -1, "host_queued_end": 1585660516.640578}, "device": "cpu", "nd_range": {"device_start": 2328293.2160958312, "device_end": 2328293.340167102}, "cmdq": 1, "read": {"device_start": -1, "device_end": -1}}, "FFC_sans_bias52": {"write": {"device_start": -1, "host_queued_start": 1585660516.610555, "device_queued": -1, "device_end": -1, "host_queued_end": 1585660516.640578}, "device": "cpu", "nd_range": {"device_start": 2328293.748914636, "device_end": 2328293.8718869183}, "cmdq": 1, "read": {"device_start": -1, "device_end": -1}}, "FFC_sans_bias58": {"write": {"device_start": -1, "host_queued_start": 1585660516.568516, "device_queued": -1, "device_end": -1, "host_queued_end": 1585660516.640578}, "device": "cpu", "nd_range": {"device_start": 2328292.766858616, "device_end": 2328292.897174458}, "cmdq": 2, "read": {"device_start": -1, "device_end": -1}}, "FFC_sans_bias108": {"write": {"device_start": -1, "host_queued_start": 1585660516.519356, "device_queued": -1, "device_end": -1, "host_queued_end": 1585660516.640578}, "device": "cpu", "nd_range": {"device_start": 2328291.9988675453, "device_end": 2328292.123162848}, "cmdq": 0, "read": {"device_start": -1, "device_end": -1}}, "FFC_sans_bias109": {"write": {"device_start": -1, "host_queued_start": 1585660516.522675, "device_queued": -1, "device_end": -1, "host_queued_end": 1585660516.640578}, "device": "cpu", "nd_range": {"device_start": 2328292.150614427, "device_end": 2328292.2764565693}, "cmdq": 1, "read": {"device_start": -1, "device_end": -1}}, "coalesced_transpose129": {"write": {"device_start": -1, "host_queued_start": 1585660516.563723, "device_queued": -1, "device_end": -1, "host_queued_end": 1585660516.640578}, "device": "cpu", "nd_range": {"device_start": 2328292.635906294, "device_end": 2328292.636789775}, "cmdq": 2, "read": {"device_start": -1, "device_end": -1}}, "FFC_sans_bias103": {"write": {"device_start": -1, "host_queued_start": 1585660516.571536, "device_queued": -1, "device_end": -1, "host_queued_end": 1585660516.640578}, "device": "cpu", "nd_range": {"device_start": 2328292.9817288173, "device_end": 2328293.121931808}, "cmdq": 3, "read": {"device_start": -1, "device_end": -1}}, "FFC_sans_bias100": {"write": {"device_start": -1, "host_queued_start": 1585660516.512677, "device_queued": -1, "device_end": -1, "host_queued_end": 1585660516.640578}, "device": "cpu", "nd_range": {"device_start": 2328291.937985492, "device_end": 2328292.0671800664}, "cmdq": 2, "read": {"device_start": -1, "device_end": -1}}, "FFC_sans_bias101": {"write": {"device_start": -1, "host_queued_start": 1585660516.516032, "device_queued": -1, "device_end": -1, "host_queued_end": 1585660516.640578}, "device": "cpu", "nd_range": {"device_start": 2328292.1334238932, "device_end": 2328292.2957656584}, "cmdq": 3, "read": {"device_start": -1, "device_end": -1}}, "FFC_sans_bias106": {"write": {"device_start": -1, "host_queued_start": 1585660516.628564, "device_queued": -1, "device_end": -1, "host_queued_end": 1585660516.640578}, "device": "cpu", "nd_range": {"device_start": 2328294.170708834, "device_end": 2328294.2517859493}, "cmdq": 3, "read": {"device_start": -1, "device_end": -1}}, "softmax122": {"write": {"device_start": -1, "host_queued_start": 1585660516.581481, "device_queued": -1, "device_end": -1, "host_queued_end": 1585660516.640578}, "device": "cpu", "nd_range": {"device_start": 2328293.0894155353, "device_end": 2328293.09016253}, "cmdq": 1, "read": {"device_start": -1, "device_end": -1}}, "FFC_sans_bias105": {"write": {"device_start": -1, "host_queued_start": 1585660516.589782, "device_queued": -1, "device_end": -1, "host_queued_end": 1585660516.640578}, "device": "cpu", "nd_range": {"device_start": 2328293.4958613412, "device_end": 2328293.61796307}, "cmdq": 3, "read": {"device_start": -1, "device_end": -1}}, "softmax95": {"write": {"device_start": -1, "host_queued_start": 1585660516.579896, "device_queued": -1, "device_end": -1, "host_queued_end": 1585660516.640578}, "device": "cpu", "nd_range": {"device_start": 2328293.1579669593, "device_end": 2328293.159039948}, "cmdq": 2, "read": {"device_start": -1, "device_end": -1}}, "coalesced_transpose57": {"write": {"device_start": -1, "host_queued_start": 1585660516.559019, "device_queued": -1, "device_end": -1, "host_queued_end": 1585660516.640578}, "device": "cpu", "nd_range": {"device_start": 2328292.634111756, "device_end": 2328292.634993331}, "cmdq": 2, "read": {"device_start": -1, "device_end": -1}}, "empty26": {"write": {"device_start": -1, "host_queued_start": 1585660516.361909, "device_queued": -1, "device_end": -1, "host_queued_end": 1585660516.640578}, "device": "cpu", "nd_range": {"device_start": 2328290.8302747933, "device_end": 2328290.8302798043}, "cmdq": 2, "read": {"device_start": -1, "device_end": -1}}, "softmax113": {"write": {"device_start": -1, "host_queued_start": 1585660516.580952, "device_queued": -1, "device_end": -1, "host_queued_end": 1585660516.640578}, "device": "cpu", "nd_range": {"device_start": 2328292.968288959, "device_end": 2328292.969019745}, "cmdq": 0, "read": {"device_start": -1, "device_end": -1}}, "FFC_sans_bias11": {"write": {"device_start": -1, "host_queued_start": 1585660516.415435, "device_queued": -1, "device_end": -1, "host_queued_end": 1585660516.640578}, "device": "cpu", "nd_range": {"device_start": 2328290.9548678803, "device_end": 2328291.07837445}, "cmdq": 1, "read": {"device_start": -1, "device_end": -1}}, "FFC_sans_bias42": {"write": {"device_start": -1, "host_queued_start": 1585660516.585541, "device_queued": -1, "device_end": -1, "host_queued_end": 1585660516.640578}, "device": "cpu", "nd_range": {"device_start": 2328293.177593581, "device_end": 2328293.400005239}, "cmdq": 0, "read": {"device_start": -1, "device_end": -1}}, "FFC_sans_bias43": {"write": {"device_start": -1, "host_queued_start": 1585660516.607574, "device_queued": -1, "device_end": -1, "host_queued_end": 1585660516.640578}, "device": "cpu", "nd_range": {"device_start": 2328293.7702893903, "device_end": 2328293.8939091503}, "cmdq": 0, "read": {"device_start": -1, "device_end": -1}}, "FFC_sans_bias40": {"write": {"device_start": -1, "host_queued_start": 1585660516.567314, "device_queued": -1, "device_end": -1, "host_queued_end": 1585660516.640578}, "device": "cpu", "nd_range": {"device_start": 2328292.5443905313, "device_end": 2328292.667881886}, "cmdq": 0, "read": {"device_start": -1, "device_end": -1}}, "FFC_sans_bias46": {"write": {"device_start": -1, "host_queued_start": 1585660516.452417, "device_queued": -1, "device_end": -1, "host_queued_end": 1585660516.640578}, "device": "cpu", "nd_range": {"device_start": 2328291.327352861, "device_end": 2328291.502709297}, "cmdq": 0, "read": {"device_start": -1, "device_end": -1}}, "FFC_sans_bias47": {"write": {"device_start": -1, "host_queued_start": 1585660516.455788, "device_queued": -1, "device_end": -1, "host_queued_end": 1585660516.640578}, "device": "cpu", "nd_range": {"device_start": 2328291.431398481, "device_end": 2328291.6426267372}, "cmdq": 1, "read": {"device_start": -1, "device_end": -1}}, "FFC_sans_bias45": {"write": {"device_start": -1, "host_queued_start": 1585660516.449045, "device_queued": -1, "device_end": -1, "host_queued_end": 1585660516.640578}, "device": "cpu", "nd_range": {"device_start": 2328291.31524225, "device_end": 2328291.4381791754}, "cmdq": 3, "read": {"device_start": -1, "device_end": -1}}, "FFC_sans_bias49": {"write": {"device_start": -1, "host_queued_start": 1585660516.567911, "device_queued": -1, "device_end": -1, "host_queued_end": 1585660516.640578}, "device": "cpu", "nd_range": {"device_start": 2328292.6805646173, "device_end": 2328292.8399407463}, "cmdq": 1, "read": {"device_start": -1, "device_end": -1}}, "softmax77": {"write": {"device_start": -1, "host_queued_start": 1585660516.578833, "device_queued": -1, "device_end": -1, "host_queued_end": 1585660516.640578}, "device": "cpu", "nd_range": {"device_start": 2328292.967399462, "device_end": 2328292.968141918}, "cmdq": 0, "read": {"device_start": -1, "device_end": -1}}, "empty134": {"write": {"device_start": -1, "host_queued_start": 1585660516.393307, "device_queued": -1, "device_end": -1, "host_queued_end": 1585660516.640578}, "device": "cpu", "nd_range": {"device_start": 2328290.830314925, "device_end": 2328290.83031552}, "cmdq": 2, "read": {"device_start": -1, "device_end": -1}}, "coalesced_transpose138": {"write": {"device_start": -1, "host_queued_start": 1585660516.564307, "device_queued": -1, "device_end": -1, "host_queued_end": 1585660516.640578}, "device": "cpu", "nd_range": {"device_start": 2328292.6732277554, "device_end": 2328292.674102275}, "cmdq": 3, "read": {"device_start": -1, "device_end": -1}}, "FFC_sans_bias119": {"write": {"device_start": -1, "host_queued_start": 1585660516.53611, "device_queued": -1, "device_end": -1, "host_queued_end": 1585660516.640578}, "device": "cpu", "nd_range": {"device_start": 2328292.276480204, "device_end": 2328292.39866239}, "cmdq": 1, "read": {"device_start": -1, "device_end": -1}}, "FFC_sans_bias118": {"write": {"device_start": -1, "host_queued_start": 1585660516.532751, "device_queued": -1, "device_end": -1, "host_queued_end": 1585660516.640578}, "device": "cpu", "nd_range": {"device_start": 2328292.129545054, "device_end": 2328292.292176392}, "cmdq": 0, "read": {"device_start": -1, "device_end": -1}}, "empty143": {"write": {"device_start": -1, "host_queued_start": 1585660516.395907, "device_queued": -1, "device_end": -1, "host_queued_end": 1585660516.640578}, "device": "cpu", "nd_range": {"device_start": 2328290.830339528, "device_end": 2328290.830340105}, "cmdq": 3, "read": {"device_start": -1, "device_end": -1}}, "FFC_sans_bias115": {"write": {"device_start": -1, "host_queued_start": 1585660516.631546, "device_queued": -1, "device_end": -1, "host_queued_end": 1585660516.640578}, "device": "cpu", "nd_range": {"device_start": 2328294.016940495, "device_end": 2328294.198066169}, "cmdq": 0, "read": {"device_start": -1, "device_end": -1}}, "FFC_sans_bias114": {"write": {"device_start": -1, "host_queued_start": 1585660516.590384, "device_queued": -1, "device_end": -1, "host_queued_end": 1585660516.640578}, "device": "cpu", "nd_range": {"device_start": 2328293.5236962764, "device_end": 2328293.6469381694}, "cmdq": 0, "read": {"device_start": -1, "device_end": -1}}, "FFC_sans_bias117": {"write": {"device_start": -1, "host_queued_start": 1585660516.529397, "device_queued": -1, "device_end": -1, "host_queued_end": 1585660516.640578}, "device": "cpu", "nd_range": {"device_start": 2328292.295782032, "device_end": 2328292.4252929133}, "cmdq": 3, "read": {"device_start": -1, "device_end": -1}}, "softmax5": {"write": {"device_start": -1, "host_queued_start": 1585660516.574605, "device_queued": -1, "device_end": -1, "host_queued_end": 1585660516.640578}, "device": "cpu", "nd_range": {"device_start": 2328292.965585044, "device_end": 2328292.9663357274}, "cmdq": 0, "read": {"device_start": -1, "device_end": -1}}, "FFC_sans_bias110": {"write": {"device_start": -1, "host_queued_start": 1585660516.526068, "device_queued": -1, "device_end": -1, "host_queued_end": 1585660516.640578}, "device": "cpu", "nd_range": {"device_start": 2328292.067202608, "device_end": 2328292.2117881123}, "cmdq": 2, "read": {"device_start": -1, "device_end": -1}}, "FFC_sans_bias112": {"write": {"device_start": -1, "host_queued_start": 1585660516.572148, "device_queued": -1, "device_end": -1, "host_queued_end": 1585660516.640578}, "device": "cpu", "nd_range": {"device_start": 2328292.831256406, "device_end": 2328292.965410659}, "cmdq": 0, "read": {"device_start": -1, "device_end": -1}}, "empty53": {"write": {"device_start": -1, "host_queued_start": 1585660516.369831, "device_queued": -1, "device_end": -1, "host_queued_end": 1585660516.640578}, "device": "cpu", "nd_range": {"device_start": 2328290.830301693, "device_end": 2328290.8303029053}, "cmdq": 1, "read": {"device_start": -1, "device_end": -1}}, "coalesced_transpose48": {"write": {"device_start": -1, "host_queued_start": 1585660516.558407, "device_queued": -1, "device_end": -1, "host_queued_end": 1585660516.640578}, "device": "cpu", "nd_range": {"device_start": 2328292.522317763, "device_end": 2328292.523177862}, "cmdq": 1, "read": {"device_start": -1, "device_end": -1}}}