{"FFC_sans_bias4": {"write": {"device_start": -1, "host_queued_start": 1585661976.204341, "device_queued": -1, "device_end": -1, "host_queued_end": 1585661976.257982}, "device": "cpu", "nd_range": {"device_start": 2329751.743756617, "device_end": 2329751.835715618}, "cmdq": 1, "read": {"device_start": -1, "device_end": -1}}, "FFC_sans_bias7": {"write": {"device_start": -1, "host_queued_start": 1585661976.226886, "device_queued": -1, "device_end": -1, "host_queued_end": 1585661976.257982}, "device": "cpu", "nd_range": {"device_start": 2329752.6402200903, "device_end": 2329752.722884137}, "cmdq": 0, "read": {"device_start": -1, "device_end": -1}}, "FFC_sans_bias6": {"write": {"device_start": -1, "host_queued_start": 1585661976.217149, "device_queued": -1, "device_end": -1, "host_queued_end": 1585661976.257982}, "device": "cpu", "nd_range": {"device_start": 2329752.2183324792, "device_end": 2329752.2876992812}, "cmdq": 1, "read": {"device_start": -1, "device_end": -1}}, "FFC_sans_bias1": {"write": {"device_start": -1, "host_queued_start": 1585661976.089383, "device_queued": -1, "device_end": -1, "host_queued_end": 1585661976.257982}, "device": "cpu", "nd_range": {"device_start": 2329750.4481536453, "device_end": 2329750.5307165002}, "cmdq": 0, "read": {"device_start": -1, "device_end": -1}}, "FFC_sans_bias0": {"write": {"device_start": -1, "host_queued_start": 1585661976.085669, "device_queued": -1, "device_end": -1, "host_queued_end": 1585661976.257982}, "device": "cpu", "nd_range": {"device_start": 2329750.447663797, "device_end": 2329750.5042061494}, "cmdq": 1, "read": {"device_start": -1, "device_end": -1}}, "FFC_sans_bias2": {"write": {"device_start": -1, "host_queued_start": 1585661976.092869, "device_queued": -1, "device_end": -1, "host_queued_end": 1585661976.257982}, "device": "cpu", "nd_range": {"device_start": 2329750.504888685, "device_end": 2329750.586030338}, "cmdq": 1, "read": {"device_start": -1, "device_end": -1}}, "coalesced_transpose120": {"write": {"device_start": -1, "host_queued_start": 1585661976.026366, "device_queued": -1, "device_end": -1, "host_queued_end": 1585661976.049104}, "device": "gpu", "nd_range": {"device_start": 1585661908.5969985, "device_end": 1585661908.6033902}, "cmdq": 2, "read": {"device_start": -1, "device_end": -1}}, "FFC_sans_bias9": {"write": {"device_start": -1, "host_queued_start": 1585661976.096311, "device_queued": -1, "device_end": -1, "host_queued_end": 1585661976.257982}, "device": "cpu", "nd_range": {"device_start": 2329750.530911181, "device_end": 2329750.5903133024}, "cmdq": 0, "read": {"device_start": -1, "device_end": -1}}, "empty71": {"write": {"device_start": -1, "host_queued_start": 1585661976.074213, "device_queued": -1, "device_end": -1, "host_queued_end": 1585661976.257982}, "device": "cpu", "nd_range": {"device_start": 2329750.4476530394, "device_end": 2329750.447653694}, "cmdq": 1, "read": {"device_start": -1, "device_end": -1}}, "softmax41": {"write": {"device_start": -1, "host_queued_start": 1585661976.213293, "device_queued": -1, "device_end": -1, "host_queued_end": 1585661976.257982}, "device": "cpu", "nd_range": {"device_start": 2329752.1576200384, "device_end": 2329752.1583268023}, "cmdq": 0, "read": {"device_start": -1, "device_end": -1}}, "FFC_sans_bias37": {"write": {"device_start": -1, "host_queued_start": 1585661976.131752, "device_queued": -1, "device_end": -1, "host_queued_end": 1585661976.257982}, "device": "cpu", "nd_range": {"device_start": 2329750.845844781, "device_end": 2329750.921548055}, "cmdq": 0, "read": {"device_start": -1, "device_end": -1}}, "FFC_sans_bias36": {"write": {"device_start": -1, "host_queued_start": 1585661976.128168, "device_queued": -1, "device_end": -1, "host_queued_end": 1585661976.257982}, "device": "cpu", "nd_range": {"device_start": 2329750.9005387593, "device_end": 2329750.954317682}, "cmdq": 1, "read": {"device_start": -1, "device_end": -1}}, "FFC_sans_bias34": {"write": {"device_start": -1, "host_queued_start": 1585661976.236211, "device_queued": -1, "device_end": -1, "host_queued_end": 1585661976.257982}, "device": "cpu", "nd_range": {"device_start": 2329752.7228990253, "device_end": 2329752.792488031}, "cmdq": 1, "read": {"device_start": -1, "device_end": -1}}, "FFC_sans_bias33": {"write": {"device_start": -1, "host_queued_start": 1585661976.219071, "device_queued": -1, "device_end": -1, "host_queued_end": 1585661976.257982}, "device": "cpu", "nd_range": {"device_start": 2329752.321181396, "device_end": 2329752.408872464}, "cmdq": 0, "read": {"device_start": -1, "device_end": -1}}, "FFC_sans_bias31": {"write": {"device_start": -1, "host_queued_start": 1585661976.206205, "device_queued": -1, "device_end": -1, "host_queued_end": 1585661976.257982}, "device": "cpu", "nd_range": {"device_start": 2329751.8218942853, "device_end": 2329751.891120028}, "cmdq": 0, "read": {"device_start": -1, "device_end": -1}}, "FFC_sans_bias38": {"write": {"device_start": -1, "host_queued_start": 1585661976.135232, "device_queued": -1, "device_end": -1, "host_queued_end": 1585661976.257982}, "device": "cpu", "nd_range": {"device_start": 2329750.9543334073, "device_end": 2329751.025513955}, "cmdq": 1, "read": {"device_start": -1, "device_end": -1}}, "coalesced_transpose75": {"write": {"device_start": -1, "host_queued_start": 1585661976.202483, "device_queued": -1, "device_end": -1, "host_queued_end": 1585661976.257982}, "device": "cpu", "nd_range": {"device_start": 2329751.683991845, "device_end": 2329751.6878395122}, "cmdq": 0, "read": {"device_start": -1, "device_end": -1}}, "softmax140": {"write": {"device_start": -1, "host_queued_start": 1585661976.030184, "device_queued": -1, "device_end": -1, "host_queued_end": 1585661976.049104}, "device": "gpu", "nd_range": {"device_start": 1585661908.6198852, "device_end": 1585661908.6304748}, "cmdq": 4, "read": {"device_start": -1, "device_end": -1}}, "empty44": {"write": {"device_start": -1, "host_queued_start": 1585661976.065714, "device_queued": -1, "device_end": -1, "host_queued_end": 1585661976.257982}, "device": "cpu", "nd_range": {"device_start": 2329750.447648367, "device_end": 2329750.4476490472}, "cmdq": 0, "read": {"device_start": -1, "device_end": -1}}, "FFC_sans_bias137": {"write": {"device_start": 1585661908.5843081, "host_queued_start": 1585661976.021297, "device_queued": 1585661908.5580113, "device_end": 1585661908.584407, "host_queued_end": 1585661976.049104}, "device": "gpu", "nd_range": {"device_start": 1585661908.5844104, "device_end": 1585661908.600293}, "cmdq": 3, "read": {"device_start": -1, "device_end": -1}}, "empty8": {"write": {"device_start": -1, "host_queued_start": 1585661976.053639, "device_queued": -1, "device_end": -1, "host_queued_end": 1585661976.257982}, "device": "cpu", "nd_range": {"device_start": 2329750.4476134502, "device_end": 2329750.4476231392}, "cmdq": 0, "read": {"device_start": -1, "device_end": -1}}, "softmax50": {"write": {"device_start": -1, "host_queued_start": 1585661976.213823, "device_queued": -1, "device_end": -1, "host_queued_end": 1585661976.257982}, "device": "cpu", "nd_range": {"device_start": 2329752.215452187, "device_end": 2329752.216283304}, "cmdq": 1, "read": {"device_start": -1, "device_end": -1}}, "softmax59": {"write": {"device_start": -1, "host_queued_start": 1585661976.214352, "device_queued": -1, "device_end": -1, "host_queued_end": 1585661976.257982}, "device": "cpu", "nd_range": {"device_start": 2329752.15833307, "device_end": 2329752.159042799}, "cmdq": 0, "read": {"device_start": -1, "device_end": -1}}, "FFC_sans_bias142": {"write": {"device_start": 1585661908.6463752, "host_queued_start": 1585661976.04899, "device_queued": 1585661908.5624118, "device_end": 1585661908.6464741, "host_queued_end": 1585661976.049104}, "device": "gpu", "nd_range": {"device_start": 1585661908.6464777, "device_end": 1585661908.6524749}, "cmdq": 4, "read": {"device_start": 1585661908.6524813, "device_end": 1585661908.6525717}}, "FFC_sans_bias141": {"write": {"device_start": -1, "host_queued_start": 1585661976.03181, "device_queued": -1, "device_end": -1, "host_queued_end": 1585661976.049104}, "device": "gpu", "nd_range": {"device_start": 1585661908.6304767, "device_end": 1585661908.646033}, "cmdq": 4, "read": {"device_start": -1, "device_end": -1}}, "FFC_sans_bias24": {"write": {"device_start": -1, "host_queued_start": 1585661976.218337, "device_queued": -1, "device_end": -1, "host_queued_end": 1585661976.257982}, "device": "cpu", "nd_range": {"device_start": 2329752.287913017, "device_end": 2329752.360499646}, "cmdq": 1, "read": {"device_start": -1, "device_end": -1}}, "FFC_sans_bias25": {"write": {"device_start": -1, "host_queued_start": 1585661976.233017, "device_queued": -1, "device_end": -1, "host_queued_end": 1585661976.257982}, "device": "cpu", "nd_range": {"device_start": 2329752.722896051, "device_end": 2329752.848218895}, "cmdq": 0, "read": {"device_start": -1, "device_end": -1}}, "FFC_sans_bias27": {"write": {"device_start": -1, "host_queued_start": 1585661976.117162, "device_queued": -1, "device_end": -1, "host_queued_end": 1585661976.257982}, "device": "cpu", "nd_range": {"device_start": 2329750.71273709, "device_end": 2329750.785316045}, "cmdq": 0, "read": {"device_start": -1, "device_end": -1}}, "FFC_sans_bias20": {"write": {"device_start": -1, "host_queued_start": 1585661976.113736, "device_queued": -1, "device_end": -1, "host_queued_end": 1585661976.257982}, "device": "cpu", "nd_range": {"device_start": 2329750.7421720573, "device_end": 2329750.819801675}, "cmdq": 1, "read": {"device_start": -1, "device_end": -1}}, "FFC_sans_bias22": {"write": {"device_start": -1, "host_queued_start": 1585661976.20554, "device_queued": -1, "device_end": -1, "host_queued_end": 1585661976.257982}, "device": "cpu", "nd_range": {"device_start": 2329751.8359093782, "device_end": 2329751.9352906593}, "cmdq": 1, "read": {"device_start": -1, "device_end": -1}}, "FFC_sans_bias130": {"write": {"device_start": -1, "host_queued_start": 1585661976.02852, "device_queued": -1, "device_end": -1, "host_queued_end": 1585661976.049104}, "device": "gpu", "nd_range": {"device_start": 1585661908.6034138, "device_end": 1585661908.61655}, "cmdq": 3, "read": {"device_start": -1, "device_end": -1}}, "FFC_sans_bias28": {"write": {"device_start": -1, "host_queued_start": 1585661976.120667, "device_queued": -1, "device_end": -1, "host_queued_end": 1585661976.257982}, "device": "cpu", "nd_range": {"device_start": 2329750.8228367483, "device_end": 2329750.900520735}, "cmdq": 1, "read": {"device_start": -1, "device_end": -1}}, "FFC_sans_bias29": {"write": {"device_start": -1, "host_queued_start": 1585661976.124602, "device_queued": -1, "device_end": -1, "host_queued_end": 1585661976.257982}, "device": "cpu", "nd_range": {"device_start": 2329750.785331007, "device_end": 2329750.845830384}, "cmdq": 0, "read": {"device_start": -1, "device_end": -1}}, "coalesced_transpose66": {"write": {"device_start": -1, "host_queued_start": 1585661976.201908, "device_queued": -1, "device_end": -1, "host_queued_end": 1585661976.257982}, "device": "cpu", "nd_range": {"device_start": 2329751.741639269, "device_end": 2329751.742588011}, "cmdq": 1, "read": {"device_start": -1, "device_end": -1}}, "coalesced_transpose93": {"write": {"device_start": -1, "host_queued_start": 1585661976.203701, "device_queued": -1, "device_end": -1, "host_queued_end": 1585661976.257982}, "device": "cpu", "nd_range": {"device_start": 2329751.687850792, "device_end": 2329751.689815756}, "cmdq": 0, "read": {"device_start": -1, "device_end": -1}}, "softmax23": {"write": {"device_start": -1, "host_queued_start": 1585661976.212235, "device_queued": -1, "device_end": -1, "host_queued_end": 1585661976.257982}, "device": "cpu", "nd_range": {"device_start": 2329752.156909074, "device_end": 2329752.157611268}, "cmdq": 0, "read": {"device_start": -1, "device_end": -1}}, "empty62": {"write": {"device_start": -1, "host_queued_start": 1585661976.071391, "device_queued": -1, "device_end": -1, "host_queued_end": 1585661976.257982}, "device": "cpu", "nd_range": {"device_start": 2329750.4476539353, "device_end": 2329750.4476546613}, "cmdq": 0, "read": {"device_start": -1, "device_end": -1}}, "FFC_sans_bias10": {"write": {"device_start": -1, "host_queued_start": 1585661976.099785, "device_queued": -1, "device_end": -1, "host_queued_end": 1585661976.257982}, "device": "cpu", "nd_range": {"device_start": 2329750.5862494833, "device_end": 2329750.665443961}, "cmdq": 1, "read": {"device_start": -1, "device_end": -1}}, "FFC_sans_bias13": {"write": {"device_start": -1, "host_queued_start": 1585661976.204939, "device_queued": -1, "device_end": -1, "host_queued_end": 1585661976.257982}, "device": "cpu", "nd_range": {"device_start": 2329751.7394109704, "device_end": 2329751.821867966}, "cmdq": 0, "read": {"device_start": -1, "device_end": -1}}, "FFC_sans_bias15": {"write": {"device_start": -1, "host_queued_start": 1585661976.217745, "device_queued": -1, "device_end": -1, "host_queued_end": 1585661976.257982}, "device": "cpu", "nd_range": {"device_start": 2329752.2144459384, "device_end": 2329752.32115954}, "cmdq": 0, "read": {"device_start": -1, "device_end": -1}}, "FFC_sans_bias16": {"write": {"device_start": -1, "host_queued_start": 1585661976.229946, "device_queued": -1, "device_end": -1, "host_queued_end": 1585661976.257982}, "device": "cpu", "nd_range": {"device_start": 2329752.6526800343, "device_end": 2329752.722884131}, "cmdq": 1, "read": {"device_start": -1, "device_end": -1}}, "FFC_sans_bias19": {"write": {"device_start": -1, "host_queued_start": 1585661976.110209, "device_queued": -1, "device_end": -1, "host_queued_end": 1585661976.257982}, "device": "cpu", "nd_range": {"device_start": 2329750.6518393373, "device_end": 2329750.712722394}, "cmdq": 0, "read": {"device_start": -1, "device_end": -1}}, "FFC_sans_bias18": {"write": {"device_start": -1, "host_queued_start": 1585661976.106735, "device_queued": -1, "device_end": -1, "host_queued_end": 1585661976.257982}, "device": "cpu", "nd_range": {"device_start": 2329750.665620344, "device_end": 2329750.7419772083}, "cmdq": 1, "read": {"device_start": -1, "device_end": -1}}, "FFC_sans_bias99": {"write": {"device_start": 1585661908.5543761, "host_queued_start": 1585661975.972459, "device_queued": 1585661908.554107, "device_end": 1585661908.554469, "host_queued_end": 1585661976.049104}, "device": "gpu", "nd_range": {"device_start": 1585661908.5544722, "device_end": 1585661908.557832}, "cmdq": 0, "read": {"device_start": -1, "device_end": -1}}, "FFC_sans_bias91": {"write": {"device_start": -1, "host_queued_start": 1585661976.194061, "device_queued": -1, "device_end": -1, "host_queued_end": 1585661976.257982}, "device": "cpu", "nd_range": {"device_start": 2329751.582702239, "device_end": 2329751.679161479}, "cmdq": 0, "read": {"device_start": -1, "device_end": -1}}, "FFC_sans_bias90": {"write": {"device_start": -1, "host_queued_start": 1585661976.190814, "device_queued": -1, "device_end": -1, "host_queued_end": 1585661976.257982}, "device": "cpu", "nd_range": {"device_start": 2329751.636549108, "device_end": 2329751.695594395}, "cmdq": 1, "read": {"device_start": -1, "device_end": -1}}, "coalesced_transpose12": {"write": {"device_start": -1, "host_queued_start": 1585661976.198213, "device_queued": -1, "device_end": -1, "host_queued_end": 1585661976.257982}, "device": "cpu", "nd_range": {"device_start": 2329751.738830467, "device_end": 2329751.739255696}, "cmdq": 1, "read": {"device_start": -1, "device_end": -1}}, "FFC_sans_bias94": {"write": {"device_start": -1, "host_queued_start": 1585661976.210549, "device_queued": -1, "device_end": -1, "host_queued_end": 1585661976.257982}, "device": "cpu", "nd_range": {"device_start": 2329752.167312519, "device_end": 2329752.212960898}, "cmdq": 1, "read": {"device_start": -1, "device_end": -1}}, "FFC_sans_bias97": {"write": {"device_start": -1, "host_queued_start": 1585661976.257926, "device_queued": -1, "device_end": -1, "host_queued_end": 1585661976.257982}, "device": "cpu", "nd_range": {"device_start": 2329753.0612438372, "device_end": 2329753.103791534}, "cmdq": 0, "read": {"device_start": -1, "device_end": -1}}, "FFC_sans_bias96": {"write": {"device_start": -1, "host_queued_start": 1585661976.223407, "device_queued": -1, "device_end": -1, "host_queued_end": 1585661976.257982}, "device": "cpu", "nd_range": {"device_start": 2329752.5850056224, "device_end": 2329752.652499663}, "cmdq": 1, "read": {"device_start": -1, "device_end": -1}}, "FFC_sans_bias124": {"write": {"device_start": 1585661908.6268706, "host_queued_start": 1585661976.042048, "device_queued": 1585661908.562141, "device_end": 1585661908.6269743, "host_queued_end": 1585661976.049104}, "device": "gpu", "nd_range": {"device_start": 1585661908.6269896, "device_end": 1585661908.6394932}, "cmdq": 2, "read": {"device_start": 1585661908.6394956, "device_end": 1585661908.6395872}}, "FFC_sans_bias126": {"write": {"device_start": 1585661908.5745864, "host_queued_start": 1585661976.009305, "device_queued": 1585661908.557439, "device_end": 1585661908.5746865, "host_queued_end": 1585661976.049104}, "device": "gpu", "nd_range": {"device_start": 1585661908.5747032, "device_end": 1585661908.590521}, "cmdq": 0, "read": {"device_start": -1, "device_end": -1}}, "softmax32": {"write": {"device_start": -1, "host_queued_start": 1585661976.212763, "device_queued": -1, "device_end": -1, "host_queued_end": 1585661976.257982}, "device": "cpu", "nd_range": {"device_start": 2329752.214451705, "device_end": 2329752.215282699}, "cmdq": 1, "read": {"device_start": -1, "device_end": -1}}, "coalesced_transpose84": {"write": {"device_start": -1, "host_queued_start": 1585661976.203092, "device_queued": -1, "device_end": -1, "host_queued_end": 1585661976.257982}, "device": "cpu", "nd_range": {"device_start": 2329751.742721492, "device_end": 2329751.743629016}, "cmdq": 1, "read": {"device_start": -1, "device_end": -1}}, "FFC_sans_bias121": {"write": {"device_start": -1, "host_queued_start": 1585661976.028176, "device_queued": -1, "device_end": -1, "host_queued_end": 1585661976.049104}, "device": "gpu", "nd_range": {"device_start": 1585661908.6033914, "device_end": 1585661908.6134212}, "cmdq": 2, "read": {"device_start": -1, "device_end": -1}}, "empty98": {"write": {"device_start": -1, "host_queued_start": 1585661976.082562, "device_queued": -1, "device_end": -1, "host_queued_end": 1585661976.257982}, "device": "cpu", "nd_range": {"device_start": 2329750.447665694, "device_end": 2329750.447666365}, "cmdq": 0, "read": {"device_start": -1, "device_end": -1}}, "empty107": {"write": {"device_start": 1585661908.552624, "host_queued_start": 1585661975.957285, "device_queued": 1585661908.5522964, "device_end": 1585661908.5527933, "host_queued_end": 1585661976.049104}, "device": "gpu", "nd_range": {"device_start": 1585661908.552838, "device_end": 1585661908.5528429}, "cmdq": 0, "read": {"device_start": -1, "device_end": -1}}, "empty17": {"write": {"device_start": -1, "host_queued_start": 1585661976.056738, "device_queued": -1, "device_end": -1, "host_queued_end": 1585661976.257982}, "device": "cpu", "nd_range": {"device_start": 2329750.447613495, "device_end": 2329750.447623113}, "cmdq": 1, "read": {"device_start": -1, "device_end": -1}}, "FFC_sans_bias87": {"write": {"device_start": -1, "host_queued_start": 1585661976.222814, "device_queued": -1, "device_end": -1, "host_queued_end": 1585661976.257982}, "device": "cpu", "nd_range": {"device_start": 2329752.576491861, "device_end": 2329752.640204883}, "cmdq": 0, "read": {"device_start": -1, "device_end": -1}}, "FFC_sans_bias85": {"write": {"device_start": -1, "host_queued_start": 1585661976.209963, "device_queued": -1, "device_end": -1, "host_queued_end": 1585661976.257982}, "device": "cpu", "nd_range": {"device_start": 2329752.058252241, "device_end": 2329752.1465447443}, "cmdq": 0, "read": {"device_start": -1, "device_end": -1}}, "FFC_sans_bias82": {"write": {"device_start": -1, "host_queued_start": 1585661976.184288, "device_queued": -1, "device_end": -1, "host_queued_end": 1585661976.257982}, "device": "cpu", "nd_range": {"device_start": 2329751.563898378, "device_end": 2329751.63635175}, "cmdq": 1, "read": {"device_start": -1, "device_end": -1}}, "FFC_sans_bias83": {"write": {"device_start": -1, "host_queued_start": 1585661976.18761, "device_queued": -1, "device_end": -1, "host_queued_end": 1585661976.257982}, "device": "cpu", "nd_range": {"device_start": 2329751.4858081723, "device_end": 2329751.582685049}, "cmdq": 0, "read": {"device_start": -1, "device_end": -1}}, "FFC_sans_bias81": {"write": {"device_start": -1, "host_queued_start": 1585661976.181111, "device_queued": -1, "device_end": -1, "host_queued_end": 1585661976.257982}, "device": "cpu", "nd_range": {"device_start": 2329751.4185876753, "device_end": 2329751.485778241}, "cmdq": 0, "read": {"device_start": -1, "device_end": -1}}, "FFC_sans_bias88": {"write": {"device_start": -1, "host_queued_start": 1585661976.254881, "device_queued": -1, "device_end": -1, "host_queued_end": 1585661976.257982}, "device": "cpu", "nd_range": {"device_start": 2329752.960487802, "device_end": 2329753.0302814003}, "cmdq": 1, "read": {"device_start": -1, "device_end": -1}}, "coalesced_transpose30": {"write": {"device_start": -1, "host_queued_start": 1585661976.199527, "device_queued": -1, "device_end": -1, "host_queued_end": 1585661976.257982}, "device": "cpu", "nd_range": {"device_start": 2329751.739425736, "device_end": 2329751.740407031}, "cmdq": 1, "read": {"device_start": -1, "device_end": -1}}, "FFC_sans_bias128": {"write": {"device_start": 1585661908.5712733, "host_queued_start": 1585661976.005132, "device_queued": 1585661908.5568502, "device_end": 1585661908.5713754, "host_queued_end": 1585661976.049104}, "device": "gpu", "nd_range": {"device_start": 1585661908.5713785, "device_end": 1585661908.587257}, "cmdq": 4, "read": {"device_start": -1, "device_end": -1}}, "coalesced_transpose39": {"write": {"device_start": -1, "host_queued_start": 1585661976.200099, "device_queued": -1, "device_end": -1, "host_queued_end": 1585661976.257982}, "device": "cpu", "nd_range": {"device_start": 2329751.682103671, "device_end": 2329751.683047342}, "cmdq": 0, "read": {"device_start": -1, "device_end": -1}}, "FFC_sans_bias79": {"write": {"device_start": -1, "host_queued_start": 1585661976.25179, "device_queued": -1, "device_end": -1, "host_queued_end": 1585661976.257982}, "device": "cpu", "nd_range": {"device_start": 2329753.001768222, "device_end": 2329753.0612327}, "cmdq": 0, "read": {"device_start": -1, "device_end": -1}}, "FFC_sans_bias78": {"write": {"device_start": -1, "host_queued_start": 1585661976.222109, "device_queued": -1, "device_end": -1, "host_queued_end": 1585661976.257982}, "device": "cpu", "nd_range": {"device_start": 2329752.514498476, "device_end": 2329752.584989191}, "cmdq": 1, "read": {"device_start": -1, "device_end": -1}}, "FFC_sans_bias73": {"write": {"device_start": -1, "host_queued_start": 1585661976.174104, "device_queued": -1, "device_end": -1, "host_queued_end": 1585661976.257982}, "device": "cpu", "nd_range": {"device_start": 2329751.337359414, "device_end": 2329751.4183632634}, "cmdq": 0, "read": {"device_start": -1, "device_end": -1}}, "FFC_sans_bias72": {"write": {"device_start": -1, "host_queued_start": 1585661976.170631, "device_queued": -1, "device_end": -1, "host_queued_end": 1585661976.257982}, "device": "cpu", "nd_range": {"device_start": 2329751.372809384, "device_end": 2329751.485814988}, "cmdq": 1, "read": {"device_start": -1, "device_end": -1}}, "FFC_sans_bias70": {"write": {"device_start": -1, "host_queued_start": 1585661976.2486, "device_queued": -1, "device_end": -1, "host_queued_end": 1585661976.257982}, "device": "cpu", "nd_range": {"device_start": 2329752.861065877, "device_end": 2329752.960479023}, "cmdq": 1, "read": {"device_start": -1, "device_end": -1}}, "FFC_sans_bias76": {"write": {"device_start": -1, "host_queued_start": 1585661976.209369, "device_queued": -1, "device_end": -1, "host_queued_end": 1585661976.257982}, "device": "cpu", "nd_range": {"device_start": 2329752.095970435, "device_end": 2329752.167291168}, "cmdq": 1, "read": {"device_start": -1, "device_end": -1}}, "FFC_sans_bias74": {"write": {"device_start": -1, "host_queued_start": 1585661976.177634, "device_queued": -1, "device_end": -1, "host_queued_end": 1585661976.257982}, "device": "cpu", "nd_range": {"device_start": 2329751.485834874, "device_end": 2329751.563690579}, "cmdq": 1, "read": {"device_start": -1, "device_end": -1}}, "coalesced_transpose102": {"write": {"device_start": -1, "host_queued_start": 1585661976.025733, "device_queued": -1, "device_end": -1, "host_queued_end": 1585661976.049104}, "device": "gpu", "nd_range": {"device_start": 1585661908.5905232, "device_end": 1585661908.6033273}, "cmdq": 0, "read": {"device_start": -1, "device_end": -1}}, "coalesced_transpose3": {"write": {"device_start": -1, "host_queued_start": 1585661976.197564, "device_queued": -1, "device_end": -1, "host_queued_end": 1585661976.257982}, "device": "cpu", "nd_range": {"device_start": 2329751.67917551, "device_end": 2329751.681174628}, "cmdq": 0, "read": {"device_start": -1, "device_end": -1}}, "FFC_sans_bias127": {"write": {"device_start": 1585661908.5777972, "host_queued_start": 1585661976.013318, "device_queued": 1585661908.5576825, "device_end": 1585661908.5778966, "host_queued_end": 1585661976.049104}, "device": "gpu", "nd_range": {"device_start": 1585661908.5779133, "device_end": 1585661908.5937772}, "cmdq": 1, "read": {"device_start": -1, "device_end": -1}}, "empty89": {"write": {"device_start": -1, "host_queued_start": 1585661976.079802, "device_queued": -1, "device_end": -1, "host_queued_end": 1585661976.257982}, "device": "cpu", "nd_range": {"device_start": 2329750.447658354, "device_end": 2329750.447659043}, "cmdq": 1, "read": {"device_start": -1, "device_end": -1}}, "FFC_sans_bias123": {"write": {"device_start": -1, "host_queued_start": 1585661976.031171, "device_queued": -1, "device_end": -1, "host_queued_end": 1585661976.049104}, "device": "gpu", "nd_range": {"device_start": 1585661908.617886, "device_end": 1585661908.6264505}, "cmdq": 2, "read": {"device_start": -1, "device_end": -1}}, "empty80": {"write": {"device_start": -1, "host_queued_start": 1585661976.077047, "device_queued": -1, "device_end": -1, "host_queued_end": 1585661976.257982}, "device": "cpu", "nd_range": {"device_start": 2329750.44765998, "device_end": 2329750.4476605933}, "cmdq": 0, "read": {"device_start": -1, "device_end": -1}}, "empty116": {"write": {"device_start": 1585661908.5529723, "host_queued_start": 1585661975.960775, "device_queued": 1585661908.5526252, "device_end": 1585661908.5532053, "host_queued_end": 1585661976.049104}, "device": "gpu", "nd_range": {"device_start": 1585661908.5536957, "device_end": 1585661908.5537665}, "cmdq": 1, "read": {"device_start": -1, "device_end": -1}}, "softmax104": {"write": {"device_start": -1, "host_queued_start": 1585661976.029129, "device_queued": -1, "device_end": -1, "host_queued_end": 1585661976.049104}, "device": "gpu", "nd_range": {"device_start": 1585661908.606783, "device_end": 1585661908.6178792}, "cmdq": 0, "read": {"device_start": -1, "device_end": -1}}, "coalesced_transpose21": {"write": {"device_start": -1, "host_queued_start": 1585661976.198887, "device_queued": -1, "device_end": -1, "host_queued_end": 1585661976.257982}, "device": "cpu", "nd_range": {"device_start": 2329751.681186718, "device_end": 2329751.682094303}, "cmdq": 0, "read": {"device_start": -1, "device_end": -1}}, "softmax14": {"write": {"device_start": -1, "host_queued_start": 1585661976.211684, "device_queued": -1, "device_end": -1, "host_queued_end": 1585661976.257982}, "device": "cpu", "nd_range": {"device_start": 2329752.213246916, "device_end": 2329752.2143053343}, "cmdq": 1, "read": {"device_start": -1, "device_end": -1}}, "FFC_sans_bias69": {"write": {"device_start": -1, "host_queued_start": 1585661976.221511, "device_queued": -1, "device_end": -1, "host_queued_end": 1585661976.257982}, "device": "cpu", "nd_range": {"device_start": 2329752.485970003, "device_end": 2329752.576467807}, "cmdq": 0, "read": {"device_start": -1, "device_end": -1}}, "FFC_sans_bias92": {"write": {"device_start": -1, "host_queued_start": 1585661976.197207, "device_queued": -1, "device_end": -1, "host_queued_end": 1585661976.257982}, "device": "cpu", "nd_range": {"device_start": 2329751.695615795, "device_end": 2329751.738807523}, "cmdq": 1, "read": {"device_start": -1, "device_end": -1}}, "FFC_sans_bias60": {"write": {"device_start": -1, "host_queued_start": 1585661976.22089, "device_queued": -1, "device_end": -1, "host_queued_end": 1585661976.257982}, "device": "cpu", "nd_range": {"device_start": 2329752.449154017, "device_end": 2329752.514300817}, "cmdq": 1, "read": {"device_start": -1, "device_end": -1}}, "FFC_sans_bias61": {"write": {"device_start": -1, "host_queued_start": 1585661976.245441, "device_queued": -1, "device_end": -1, "host_queued_end": 1585661976.257982}, "device": "cpu", "nd_range": {"device_start": 2329752.908532822, "device_end": 2329753.001755423}, "cmdq": 0, "read": {"device_start": -1, "device_end": -1}}, "FFC_sans_bias63": {"write": {"device_start": -1, "host_queued_start": 1585661976.167075, "device_queued": -1, "device_end": -1, "host_queued_end": 1585661976.257982}, "device": "cpu", "nd_range": {"device_start": 2329751.244091947, "device_end": 2329751.337139468}, "cmdq": 0, "read": {"device_start": -1, "device_end": -1}}, "FFC_sans_bias64": {"write": {"device_start": -1, "host_queued_start": 1585661976.160139, "device_queued": -1, "device_end": -1, "host_queued_end": 1585661976.257982}, "device": "cpu", "nd_range": {"device_start": 2329751.170941885, "device_end": 2329751.24406855}, "cmdq": 0, "read": {"device_start": -1, "device_end": -1}}, "FFC_sans_bias65": {"write": {"device_start": -1, "host_queued_start": 1585661976.163667, "device_queued": -1, "device_end": -1, "host_queued_end": 1585661976.257982}, "device": "cpu", "nd_range": {"device_start": 2329751.2845466454, "device_end": 2329751.37259517}, "cmdq": 1, "read": {"device_start": -1, "device_end": -1}}, "FFC_sans_bias67": {"write": {"device_start": -1, "host_queued_start": 1585661976.208705, "device_queued": -1, "device_end": -1, "host_queued_end": 1585661976.257982}, "device": "cpu", "nd_range": {"device_start": 2329751.9880166072, "device_end": 2329752.058049966}, "cmdq": 0, "read": {"device_start": -1, "device_end": -1}}, "coalesced_transpose111": {"write": {"device_start": -1, "host_queued_start": 1585661976.026047, "device_queued": -1, "device_end": -1, "host_queued_end": 1585661976.049104}, "device": "gpu", "nd_range": {"device_start": 1585661908.5937805, "device_end": 1585661908.6033683}, "cmdq": 1, "read": {"device_start": -1, "device_end": -1}}, "FFC_sans_bias136": {"write": {"device_start": 1585661908.5810463, "host_queued_start": 1585661976.017214, "device_queued": 1585661908.5578122, "device_end": 1585661908.581147, "host_queued_end": 1585661976.049104}, "device": "gpu", "nd_range": {"device_start": 1585661908.5811508, "device_end": 1585661908.5969973}, "cmdq": 2, "read": {"device_start": -1, "device_end": -1}}, "FFC_sans_bias135": {"write": {"device_start": 1585661908.587612, "host_queued_start": 1585661976.025301, "device_queued": 1585661908.558227, "device_end": 1585661908.5877173, "host_queued_end": 1585661976.049104}, "device": "gpu", "nd_range": {"device_start": 1585661908.5877326, "device_end": 1585661908.6035268}, "cmdq": 4, "read": {"device_start": -1, "device_end": -1}}, "FFC_sans_bias133": {"write": {"device_start": 1585661908.6333425, "host_queued_start": 1585661976.045454, "device_queued": 1585661908.5622764, "device_end": 1585661908.6334422, "host_queued_end": 1585661976.049104}, "device": "gpu", "nd_range": {"device_start": 1585661908.633447, "device_end": 1585661908.6492703}, "cmdq": 3, "read": {"device_start": 1585661908.6492786, "device_end": 1585661908.649369}}, "FFC_sans_bias132": {"write": {"device_start": -1, "host_queued_start": 1585661976.031487, "device_queued": -1, "device_end": -1, "host_queued_end": 1585661976.049104}, "device": "gpu", "nd_range": {"device_start": 1585661908.6206536, "device_end": 1585661908.6329799}, "cmdq": 3, "read": {"device_start": -1, "device_end": -1}}, "softmax68": {"write": {"device_start": -1, "host_queued_start": 1585661976.214912, "device_queued": -1, "device_end": -1, "host_queued_end": 1585661976.257982}, "device": "cpu", "nd_range": {"device_start": 2329752.216443921, "device_end": 2329752.217236144}, "cmdq": 1, "read": {"device_start": -1, "device_end": -1}}, "softmax131": {"write": {"device_start": -1, "host_queued_start": 1585661976.029934, "device_queued": -1, "device_end": -1, "host_queued_end": 1585661976.049104}, "device": "gpu", "nd_range": {"device_start": 1585661908.616551, "device_end": 1585661908.6206527}, "cmdq": 3, "read": {"device_start": -1, "device_end": -1}}, "empty125": {"write": {"device_start": 1585661908.553326, "host_queued_start": 1585661975.963913, "device_queued": 1585661908.5528753, "device_end": 1585661908.5536056, "host_queued_end": 1585661976.049104}, "device": "gpu", "nd_range": {"device_start": 1585661908.5537364, "device_end": 1585661908.5537918}, "cmdq": 2, "read": {"device_start": -1, "device_end": -1}}, "FFC_sans_bias139": {"write": {"device_start": -1, "host_queued_start": 1585661976.02885, "device_queued": -1, "device_end": -1, "host_queued_end": 1585661976.049104}, "device": "gpu", "nd_range": {"device_start": 1585661908.6164079, "device_end": 1585661908.6198835}, "cmdq": 4, "read": {"device_start": -1, "device_end": -1}}, "empty35": {"write": {"device_start": -1, "host_queued_start": 1585661976.062765, "device_queued": -1, "device_end": -1, "host_queued_end": 1585661976.257982}, "device": "cpu", "nd_range": {"device_start": 2329750.447641639, "device_end": 2329750.447642561}, "cmdq": 1, "read": {"device_start": -1, "device_end": -1}}, "softmax86": {"write": {"device_start": -1, "host_queued_start": 1585661976.215969, "device_queued": -1, "device_end": -1, "host_queued_end": 1585661976.257982}, "device": "cpu", "nd_range": {"device_start": 2329752.217387466, "device_end": 2329752.218185559}, "cmdq": 1, "read": {"device_start": -1, "device_end": -1}}, "FFC_sans_bias55": {"write": {"device_start": -1, "host_queued_start": 1585661976.156734, "device_queued": -1, "device_end": -1, "host_queued_end": 1585661976.257982}, "device": "cpu", "nd_range": {"device_start": 2329751.2072049123, "device_end": 2329751.2845309894}, "cmdq": 1, "read": {"device_start": -1, "device_end": -1}}, "FFC_sans_bias54": {"write": {"device_start": -1, "host_queued_start": 1585661976.153212, "device_queued": -1, "device_end": -1, "host_queued_end": 1585661976.257982}, "device": "cpu", "nd_range": {"device_start": 2329751.085512754, "device_end": 2329751.170925654}, "cmdq": 0, "read": {"device_start": -1, "device_end": -1}}, "FFC_sans_bias56": {"write": {"device_start": -1, "host_queued_start": 1585661976.149647, "device_queued": -1, "device_end": -1, "host_queued_end": 1585661976.257982}, "device": "cpu", "nd_range": {"device_start": 2329751.113735082, "device_end": 2329751.205376372}, "cmdq": 1, "read": {"device_start": -1, "device_end": -1}}, "FFC_sans_bias51": {"write": {"device_start": -1, "host_queued_start": 1585661976.220286, "device_queued": -1, "device_end": -1, "host_queued_end": 1585661976.257982}, "device": "cpu", "nd_range": {"device_start": 2329752.409091941, "device_end": 2329752.48594746}, "cmdq": 0, "read": {"device_start": -1, "device_end": -1}}, "FFC_sans_bias52": {"write": {"device_start": -1, "host_queued_start": 1585661976.242336, "device_queued": -1, "device_end": -1, "host_queued_end": 1585661976.257982}, "device": "cpu", "nd_range": {"device_start": 2329752.792497565, "device_end": 2329752.8610579614}, "cmdq": 1, "read": {"device_start": -1, "device_end": -1}}, "FFC_sans_bias58": {"write": {"device_start": -1, "host_queued_start": 1585661976.20804, "device_queued": -1, "device_end": -1, "host_queued_end": 1585661976.257982}, "device": "cpu", "nd_range": {"device_start": 2329752.019643276, "device_end": 2329752.095774034}, "cmdq": 1, "read": {"device_start": -1, "device_end": -1}}, "FFC_sans_bias108": {"write": {"device_start": 1585661908.5553167, "host_queued_start": 1585661975.982803, "device_queued": 1585661908.5549748, "device_end": 1585661908.555614, "host_queued_end": 1585661976.049104}, "device": "gpu", "nd_range": {"device_start": 1585661908.5559232, "device_end": 1585661908.567596}, "cmdq": 3, "read": {"device_start": -1, "device_end": -1}}, "FFC_sans_bias109": {"write": {"device_start": 1585661908.5556786, "host_queued_start": 1585661975.986261, "device_queued": 1585661908.5552979, "device_end": 1585661908.5557947, "host_queued_end": 1585661976.049104}, "device": "gpu", "nd_range": {"device_start": 1585661908.556028, "device_end": 1585661908.5709069}, "cmdq": 4, "read": {"device_start": -1, "device_end": -1}}, "coalesced_transpose129": {"write": {"device_start": -1, "host_queued_start": 1585661976.026708, "device_queued": -1, "device_end": -1, "host_queued_end": 1585661976.049104}, "device": "gpu", "nd_range": {"device_start": 1585661908.6003027, "device_end": 1585661908.6034129}, "cmdq": 3, "read": {"device_start": -1, "device_end": -1}}, "FFC_sans_bias103": {"write": {"device_start": -1, "host_queued_start": 1585661976.02751, "device_queued": -1, "device_end": -1, "host_queued_end": 1585661976.049104}, "device": "gpu", "nd_range": {"device_start": 1585661908.6033285, "device_end": 1585661908.6067817}, "cmdq": 0, "read": {"device_start": -1, "device_end": -1}}, "FFC_sans_bias100": {"write": {"device_start": 1585661908.5547225, "host_queued_start": 1585661975.975868, "device_queued": 1585661908.5544815, "device_end": 1585661908.5549598, "host_queued_end": 1585661976.049104}, "device": "gpu", "nd_range": {"device_start": 1585661908.555644, "device_end": 1585661908.5611691}, "cmdq": 1, "read": {"device_start": -1, "device_end": -1}}, "FFC_sans_bias101": {"write": {"device_start": 1585661908.5550175, "host_queued_start": 1585661975.979382, "device_queued": 1585661908.554624, "device_end": 1585661908.5552807, "host_queued_end": 1585661976.049104}, "device": "gpu", "nd_range": {"device_start": 1585661908.5558157, "device_end": 1585661908.5644665}, "cmdq": 2, "read": {"device_start": -1, "device_end": -1}}, "FFC_sans_bias106": {"write": {"device_start": 1585661908.6235874, "host_queued_start": 1585661976.035268, "device_queued": 1585661908.5616467, "device_end": 1585661908.6236877, "host_queued_end": 1585661976.049104}, "device": "gpu", "nd_range": {"device_start": 1585661908.6237037, "device_end": 1585661908.6362245}, "cmdq": 0, "read": {"device_start": 1585661908.6362278, "device_end": 1585661908.63632}}, "softmax122": {"write": {"device_start": -1, "host_queued_start": 1585661976.029687, "device_queued": -1, "device_end": -1, "host_queued_end": 1585661976.049104}, "device": "gpu", "nd_range": {"device_start": 1585661908.6134222, "device_end": 1585661908.617885}, "cmdq": 2, "read": {"device_start": -1, "device_end": -1}}, "FFC_sans_bias105": {"write": {"device_start": -1, "host_queued_start": 1585661976.030498, "device_queued": -1, "device_end": -1, "host_queued_end": 1585661976.049104}, "device": "gpu", "nd_range": {"device_start": 1585661908.6178803, "device_end": 1585661908.623194}, "cmdq": 0, "read": {"device_start": -1, "device_end": -1}}, "softmax95": {"write": {"device_start": -1, "host_queued_start": 1585661976.216496, "device_queued": -1, "device_end": -1, "host_queued_end": 1585661976.257982}, "device": "cpu", "nd_range": {"device_start": 2329752.21324048, "device_end": 2329752.214076789}, "cmdq": 0, "read": {"device_start": -1, "device_end": -1}}, "coalesced_transpose57": {"write": {"device_start": -1, "host_queued_start": 1585661976.201258, "device_queued": -1, "device_end": -1, "host_queued_end": 1585661976.257982}, "device": "cpu", "nd_range": {"device_start": 2329751.6830575024, "device_end": 2329751.683979638}, "cmdq": 0, "read": {"device_start": -1, "device_end": -1}}, "empty26": {"write": {"device_start": -1, "host_queued_start": 1585661976.059699, "device_queued": -1, "device_end": -1, "host_queued_end": 1585661976.257982}, "device": "cpu", "nd_range": {"device_start": 2329750.447641659, "device_end": 2329750.4476428553}, "cmdq": 0, "read": {"device_start": -1, "device_end": -1}}, "softmax113": {"write": {"device_start": -1, "host_queued_start": 1585661976.02944, "device_queued": -1, "device_end": -1, "host_queued_end": 1585661976.049104}, "device": "gpu", "nd_range": {"device_start": 1585661908.6101046, "device_end": 1585661908.617892}, "cmdq": 1, "read": {"device_start": -1, "device_end": -1}}, "FFC_sans_bias11": {"write": {"device_start": -1, "host_queued_start": 1585661976.103302, "device_queued": -1, "device_end": -1, "host_queued_end": 1585661976.257982}, "device": "cpu", "nd_range": {"device_start": 2329750.590488639, "device_end": 2329750.6518209632}, "cmdq": 0, "read": {"device_start": -1, "device_end": -1}}, "FFC_sans_bias42": {"write": {"device_start": -1, "host_queued_start": 1585661976.219669, "device_queued": -1, "device_end": -1, "host_queued_end": 1585661976.257982}, "device": "cpu", "nd_range": {"device_start": 2329752.360707949, "device_end": 2329752.448946307}, "cmdq": 1, "read": {"device_start": -1, "device_end": -1}}, "FFC_sans_bias43": {"write": {"device_start": -1, "host_queued_start": 1585661976.239298, "device_queued": -1, "device_end": -1, "host_queued_end": 1585661976.257982}, "device": "cpu", "nd_range": {"device_start": 2329752.848232312, "device_end": 2329752.908522623}, "cmdq": 0, "read": {"device_start": -1, "device_end": -1}}, "FFC_sans_bias40": {"write": {"device_start": -1, "host_queued_start": 1585661976.206836, "device_queued": -1, "device_end": -1, "host_queued_end": 1585661976.257982}, "device": "cpu", "nd_range": {"device_start": 2329751.948016115, "device_end": 2329752.019430241}, "cmdq": 1, "read": {"device_start": -1, "device_end": -1}}, "FFC_sans_bias46": {"write": {"device_start": -1, "host_queued_start": 1585661976.142396, "device_queued": -1, "device_end": -1, "host_queued_end": 1585661976.257982}, "device": "cpu", "nd_range": {"device_start": 2329751.025525041, "device_end": 2329751.1137155583}, "cmdq": 1, "read": {"device_start": -1, "device_end": -1}}, "FFC_sans_bias47": {"write": {"device_start": -1, "host_queued_start": 1585661976.146108, "device_queued": -1, "device_end": -1, "host_queued_end": 1585661976.257982}, "device": "cpu", "nd_range": {"device_start": 2329751.017483096, "device_end": 2329751.08549183}, "cmdq": 0, "read": {"device_start": -1, "device_end": -1}}, "FFC_sans_bias45": {"write": {"device_start": -1, "host_queued_start": 1585661976.138819, "device_queued": -1, "device_end": -1, "host_queued_end": 1585661976.257982}, "device": "cpu", "nd_range": {"device_start": 2329750.921561352, "device_end": 2329751.0174604394}, "cmdq": 0, "read": {"device_start": -1, "device_end": -1}}, "FFC_sans_bias49": {"write": {"device_start": -1, "host_queued_start": 1585661976.207433, "device_queued": -1, "device_end": -1, "host_queued_end": 1585661976.257982}, "device": "cpu", "nd_range": {"device_start": 2329751.891335276, "device_end": 2329751.9695421793}, "cmdq": 0, "read": {"device_start": -1, "device_end": -1}}, "softmax77": {"write": {"device_start": -1, "host_queued_start": 1585661976.215441, "device_queued": -1, "device_end": -1, "host_queued_end": 1585661976.257982}, "device": "cpu", "nd_range": {"device_start": 2329752.167308283, "device_end": 2329752.168037565}, "cmdq": 0, "read": {"device_start": -1, "device_end": -1}}, "empty134": {"write": {"device_start": 1585661908.5536418, "host_queued_start": 1585661975.966679, "device_queued": 1585661908.553244, "device_end": 1585661908.553925, "host_queued_end": 1585661976.049104}, "device": "gpu", "nd_range": {"device_start": 1585661908.5539331, "device_end": 1585661908.5539384}, "cmdq": 3, "read": {"device_start": -1, "device_end": -1}}, "coalesced_transpose138": {"write": {"device_start": -1, "host_queued_start": 1585661976.02702, "device_queued": -1, "device_end": -1, "host_queued_end": 1585661976.049104}, "device": "gpu", "nd_range": {"device_start": 1585661908.6035383, "device_end": 1585661908.616407}, "cmdq": 4, "read": {"device_start": -1, "device_end": -1}}, "FFC_sans_bias119": {"write": {"device_start": 1585661908.5679584, "host_queued_start": 1585661976.000061, "device_queued": 1585661908.5567217, "device_end": 1585661908.568061, "host_queued_end": 1585661976.049104}, "device": "gpu", "nd_range": {"device_start": 1585661908.5680766, "device_end": 1585661908.583984}, "cmdq": 3, "read": {"device_start": -1, "device_end": -1}}, "FFC_sans_bias118": {"write": {"device_start": 1585661908.5648468, "host_queued_start": 1585661975.996582, "device_queued": 1585661908.5565953, "device_end": 1585661908.5649514, "host_queued_end": 1585661976.049104}, "device": "gpu", "nd_range": {"device_start": 1585661908.564959, "device_end": 1585661908.5807185}, "cmdq": 2, "read": {"device_start": -1, "device_end": -1}}, "empty143": {"write": {"device_start": 1585661908.5539808, "host_queued_start": 1585661975.969471, "device_queued": 1585661908.5536282, "device_end": 1585661908.5540884, "host_queued_end": 1585661976.049104}, "device": "gpu", "nd_range": {"device_start": 1585661908.5540907, "device_end": 1585661908.5540993}, "cmdq": 4, "read": {"device_start": -1, "device_end": -1}}, "FFC_sans_bias115": {"write": {"device_start": 1585661908.6300502, "host_queued_start": 1585661976.038685, "device_queued": 1585661908.561996, "device_end": 1585661908.6301599, "host_queued_end": 1585661976.049104}, "device": "gpu", "nd_range": {"device_start": 1585661908.6301632, "device_end": 1585661908.6427374}, "cmdq": 1, "read": {"device_start": 1585661908.6427426, "device_end": 1585661908.642838}}, "FFC_sans_bias114": {"write": {"device_start": -1, "host_queued_start": 1585661976.030849, "device_queued": -1, "device_end": -1, "host_queued_end": 1585661976.049104}, "device": "gpu", "nd_range": {"device_start": 1585661908.617893, "device_end": 1585661908.62971}, "cmdq": 1, "read": {"device_start": -1, "device_end": -1}}, "FFC_sans_bias117": {"write": {"device_start": 1585661908.561526, "host_queued_start": 1585661975.993194, "device_queued": 1585661908.5564444, "device_end": 1585661908.56162, "host_queued_end": 1585661976.049104}, "device": "gpu", "nd_range": {"device_start": 1585661908.5616233, "device_end": 1585661908.5774493}, "cmdq": 1, "read": {"device_start": -1, "device_end": -1}}, "softmax5": {"write": {"device_start": -1, "host_queued_start": 1585661976.211154, "device_queued": -1, "device_end": -1, "host_queued_end": 1585661976.257982}, "device": "cpu", "nd_range": {"device_start": 2329752.1560172313, "device_end": 2329752.156738677}, "cmdq": 0, "read": {"device_start": -1, "device_end": -1}}, "FFC_sans_bias110": {"write": {"device_start": 1585661908.5581093, "host_queued_start": 1585661975.989677, "device_queued": 1585661908.5561278, "device_end": 1585661908.558205, "host_queued_end": 1585661976.049104}, "device": "gpu", "nd_range": {"device_start": 1585661908.5582073, "device_end": 1585661908.5742428}, "cmdq": 0, "read": {"device_start": -1, "device_end": -1}}, "FFC_sans_bias112": {"write": {"device_start": -1, "host_queued_start": 1585661976.027846, "device_queued": -1, "device_end": -1, "host_queued_end": 1585661976.049104}, "device": "gpu", "nd_range": {"device_start": 1585661908.6033692, "device_end": 1585661908.6101036}, "cmdq": 1, "read": {"device_start": -1, "device_end": -1}}, "empty53": {"write": {"device_start": -1, "host_queued_start": 1585661976.068583, "device_queued": -1, "device_end": -1, "host_queued_end": 1585661976.257982}, "device": "cpu", "nd_range": {"device_start": 2329750.44764764, "device_end": 2329750.447648392}, "cmdq": 1, "read": {"device_start": -1, "device_end": -1}}, "coalesced_transpose48": {"write": {"device_start": -1, "host_queued_start": 1585661976.200678, "device_queued": -1, "device_end": -1, "host_queued_end": 1585661976.257982}, "device": "cpu", "nd_range": {"device_start": 2329751.740547974, "device_end": 2329751.741505226}, "cmdq": 1, "read": {"device_start": -1, "device_end": -1}}}