{"FFC_sans_bias4": {"write": {"device_start": -1, "host_queued_start": 1585662259.06761, "device_queued": -1, "device_end": -1, "host_queued_end": 1585662259.144814}, "device": "cpu", "nd_range": {"device_start": 2330035.008385636, "device_end": 2330035.144671202}, "cmdq": 0, "read": {"device_start": -1, "device_end": -1}}, "FFC_sans_bias7": {"write": {"device_start": -1, "host_queued_start": 1585662259.098778, "device_queued": -1, "device_end": -1, "host_queued_end": 1585662259.144814}, "device": "cpu", "nd_range": {"device_start": 2330036.9154254743, "device_end": 2330037.054524655}, "cmdq": 3, "read": {"device_start": -1, "device_end": -1}}, "FFC_sans_bias6": {"write": {"device_start": -1, "host_queued_start": 1585662259.086032, "device_queued": -1, "device_end": -1, "host_queued_end": 1585662259.144814}, "device": "cpu", "nd_range": {"device_start": 2330036.166828384, "device_end": 2330036.307495229}, "cmdq": 2, "read": {"device_start": -1, "device_end": -1}}, "FFC_sans_bias1": {"write": {"device_start": -1, "host_queued_start": 1585662258.898703, "device_queued": -1, "device_end": -1, "host_queued_end": 1585662259.144814}, "device": "cpu", "nd_range": {"device_start": 2330033.334545446, "device_end": 2330033.466477957}, "cmdq": 2, "read": {"device_start": -1, "device_end": -1}}, "FFC_sans_bias0": {"write": {"device_start": -1, "host_queued_start": 1585662258.895393, "device_queued": -1, "device_end": -1, "host_queued_end": 1585662259.144814}, "device": "cpu", "nd_range": {"device_start": 2330033.33459765, "device_end": 2330033.4642724483}, "cmdq": 1, "read": {"device_start": -1, "device_end": -1}}, "FFC_sans_bias2": {"write": {"device_start": -1, "host_queued_start": 1585662258.902054, "device_queued": -1, "device_end": -1, "host_queued_end": 1585662259.144814}, "device": "cpu", "nd_range": {"device_start": 2330033.334545885, "device_end": 2330033.576505511}, "cmdq": 3, "read": {"device_start": -1, "device_end": -1}}, "coalesced_transpose120": {"write": {"device_start": -1, "host_queued_start": 1585662259.065722, "device_queued": -1, "device_end": -1, "host_queued_end": 1585662259.144814}, "device": "cpu", "nd_range": {"device_start": 2330035.386256711, "device_end": 2330035.3872117964}, "cmdq": 2, "read": {"device_start": -1, "device_end": -1}}, "FFC_sans_bias9": {"write": {"device_start": -1, "host_queued_start": 1585662258.90539, "device_queued": -1, "device_end": -1, "host_queued_end": 1585662259.144814}, "device": "cpu", "nd_range": {"device_start": 2330033.3355780193, "device_end": 2330033.458354468}, "cmdq": 4, "read": {"device_start": -1, "device_end": -1}}, "empty71": {"write": {"device_start": -1, "host_queued_start": 1585662258.871408, "device_queued": -1, "device_end": -1, "host_queued_end": 1585662259.144814}, "device": "cpu", "nd_range": {"device_start": 2330033.3345327363, "device_end": 2330033.33453387}, "cmdq": 2, "read": {"device_start": -1, "device_end": -1}}, "softmax41": {"write": {"device_start": -1, "host_queued_start": 1585662259.079457, "device_queued": -1, "device_end": -1, "host_queued_end": 1585662259.144814}, "device": "cpu", "nd_range": {"device_start": 2330035.717055656, "device_end": 2330035.7178476583}, "cmdq": 0, "read": {"device_start": -1, "device_end": -1}}, "FFC_sans_bias37": {"write": {"device_start": -1, "host_queued_start": 1585662258.938987, "device_queued": -1, "device_end": -1, "host_queued_end": 1585662259.144814}, "device": "cpu", "nd_range": {"device_start": 2330033.58122699, "device_end": 2330033.704213851}, "cmdq": 4, "read": {"device_start": -1, "device_end": -1}}, "FFC_sans_bias36": {"write": {"device_start": -1, "host_queued_start": 1585662258.935636, "device_queued": -1, "device_end": -1, "host_queued_end": 1585662259.144814}, "device": "cpu", "nd_range": {"device_start": 2330033.776540474, "device_end": 2330033.923140224}, "cmdq": 3, "read": {"device_start": -1, "device_end": -1}}, "FFC_sans_bias34": {"write": {"device_start": -1, "host_queued_start": 1585662259.107883, "device_queued": -1, "device_end": -1, "host_queued_end": 1585662259.144814}, "device": "cpu", "nd_range": {"device_start": 2330036.813344145, "device_end": 2330036.981544895}, "cmdq": 1, "read": {"device_start": -1, "device_end": -1}}, "FFC_sans_bias33": {"write": {"device_start": -1, "host_queued_start": 1585662259.087896, "device_queued": -1, "device_end": -1, "host_queued_end": 1585662259.144814}, "device": "cpu", "nd_range": {"device_start": 2330035.956269606, "device_end": 2330036.141033198}, "cmdq": 0, "read": {"device_start": -1, "device_end": -1}}, "FFC_sans_bias31": {"write": {"device_start": -1, "host_queued_start": 1585662259.069411, "device_queued": -1, "device_end": -1, "host_queued_end": 1585662259.144814}, "device": "cpu", "nd_range": {"device_start": 2330035.054673072, "device_end": 2330035.145339908}, "cmdq": 3, "read": {"device_start": -1, "device_end": -1}}, "FFC_sans_bias38": {"write": {"device_start": -1, "host_queued_start": 1585662258.942332, "device_queued": -1, "device_end": -1, "host_queued_end": 1585662259.144814}, "device": "cpu", "nd_range": {"device_start": 2330033.723646869, "device_end": 2330033.86490575}, "cmdq": 0, "read": {"device_start": -1, "device_end": -1}}, "coalesced_transpose75": {"write": {"device_start": -1, "host_queued_start": 1585662259.062819, "device_queued": -1, "device_end": -1, "host_queued_end": 1585662259.144814}, "device": "cpu", "nd_range": {"device_start": 2330035.1183106652, "device_end": 2330035.12063768}, "cmdq": 2, "read": {"device_start": -1, "device_end": -1}}, "softmax140": {"write": {"device_start": -1, "host_queued_start": 1585662259.085427, "device_queued": -1, "device_end": -1, "host_queued_end": 1585662259.144814}, "device": "cpu", "nd_range": {"device_start": 2330035.991497354, "device_end": 2330035.992267901}, "cmdq": 1, "read": {"device_start": -1, "device_end": -1}}, "empty44": {"write": {"device_start": -1, "host_queued_start": 1585662258.863569, "device_queued": -1, "device_end": -1, "host_queued_end": 1585662259.144814}, "device": "cpu", "nd_range": {"device_start": 2330033.334554859, "device_end": 2330033.334555561}, "cmdq": 4, "read": {"device_start": -1, "device_end": -1}}, "FFC_sans_bias137": {"write": {"device_start": -1, "host_queued_start": 1585662259.05507, "device_queued": -1, "device_end": -1, "host_queued_end": 1585662259.144814}, "device": "cpu", "nd_range": {"device_start": 2330034.6369143752, "device_end": 2330034.7885768423}, "cmdq": 2, "read": {"device_start": -1, "device_end": -1}}, "empty8": {"write": {"device_start": -1, "host_queued_start": 1585662258.852285, "device_queued": -1, "device_end": -1, "host_queued_end": 1585662259.144814}, "device": "cpu", "nd_range": {"device_start": 2330033.3345160563, "device_end": 2330033.334519764}, "cmdq": 0, "read": {"device_start": -1, "device_end": -1}}, "softmax50": {"write": {"device_start": -1, "host_queued_start": 1585662259.079992, "device_queued": -1, "device_end": -1, "host_queued_end": 1585662259.144814}, "device": "cpu", "nd_range": {"device_start": 2330035.9890251933, "device_end": 2330035.989789166}, "cmdq": 1, "read": {"device_start": -1, "device_end": -1}}, "softmax59": {"write": {"device_start": -1, "host_queued_start": 1585662259.08052, "device_queued": -1, "device_end": -1, "host_queued_end": 1585662259.144814}, "device": "cpu", "nd_range": {"device_start": 2330035.8650461934, "device_end": 2330035.866294153}, "cmdq": 2, "read": {"device_start": -1, "device_end": -1}}, "FFC_sans_bias142": {"write": {"device_start": -1, "host_queued_start": 1585662259.144757, "device_queued": -1, "device_end": -1, "host_queued_end": 1585662259.144814}, "device": "cpu", "nd_range": {"device_start": 2330037.281311885, "device_end": 2330037.328593046}, "cmdq": 3, "read": {"device_start": -1, "device_end": -1}}, "FFC_sans_bias141": {"write": {"device_start": -1, "host_queued_start": 1585662259.095446, "device_queued": -1, "device_end": -1, "host_queued_end": 1585662259.144814}, "device": "cpu", "nd_range": {"device_start": 2330036.586779065, "device_end": 2330036.725034813}, "cmdq": 2, "read": {"device_start": -1, "device_end": -1}}, "FFC_sans_bias24": {"write": {"device_start": -1, "host_queued_start": 1585662259.087273, "device_queued": -1, "device_end": -1, "host_queued_end": 1585662259.144814}, "device": "cpu", "nd_range": {"device_start": 2330035.904851425, "device_end": 2330036.1115904963}, "cmdq": 4, "read": {"device_start": -1, "device_end": -1}}, "FFC_sans_bias25": {"write": {"device_start": -1, "host_queued_start": 1585662259.104846, "device_queued": -1, "device_end": -1, "host_queued_end": 1585662259.144814}, "device": "cpu", "nd_range": {"device_start": 2330036.441206642, "device_end": 2330036.574899456}, "cmdq": 0, "read": {"device_start": -1, "device_end": -1}}, "FFC_sans_bias27": {"write": {"device_start": -1, "host_queued_start": 1585662258.925615, "device_queued": -1, "device_end": -1, "host_queued_end": 1585662259.144814}, "device": "cpu", "nd_range": {"device_start": 2330033.5943439533, "device_end": 2330033.723409722}, "cmdq": 0, "read": {"device_start": -1, "device_end": -1}}, "FFC_sans_bias20": {"write": {"device_start": -1, "host_queued_start": 1585662258.922256, "device_queued": -1, "device_end": -1, "host_queued_end": 1585662259.144814}, "device": "cpu", "nd_range": {"device_start": 2330033.4585840073, "device_end": 2330033.581197075}, "cmdq": 4, "read": {"device_start": -1, "device_end": -1}}, "FFC_sans_bias22": {"write": {"device_start": -1, "host_queued_start": 1585662259.06881, "device_queued": -1, "device_end": -1, "host_queued_end": 1585662259.144814}, "device": "cpu", "nd_range": {"device_start": 2330035.4783211714, "device_end": 2330035.616404024}, "cmdq": 2, "read": {"device_start": -1, "device_end": -1}}, "FFC_sans_bias130": {"write": {"device_start": -1, "host_queued_start": 1585662259.076208, "device_queued": -1, "device_end": -1, "host_queued_end": 1585662259.144814}, "device": "cpu", "nd_range": {"device_start": 2330035.7545579174, "device_end": 2330035.890641281}, "cmdq": 4, "read": {"device_start": -1, "device_end": -1}}, "FFC_sans_bias28": {"write": {"device_start": -1, "host_queued_start": 1585662258.928963, "device_queued": -1, "device_end": -1, "host_queued_end": 1585662259.144814}, "device": "cpu", "nd_range": {"device_start": 2330034.7704029963, "device_end": 2330034.8321915683}, "cmdq": 1, "read": {"device_start": -1, "device_end": -1}}, "FFC_sans_bias29": {"write": {"device_start": -1, "host_queued_start": 1585662258.932297, "device_queued": -1, "device_end": -1, "host_queued_end": 1585662259.144814}, "device": "cpu", "nd_range": {"device_start": 2330033.5969672604, "device_end": 2330033.726471443}, "cmdq": 2, "read": {"device_start": -1, "device_end": -1}}, "coalesced_transpose66": {"write": {"device_start": -1, "host_queued_start": 1585662259.062231, "device_queued": -1, "device_end": -1, "host_queued_end": 1585662259.144814}, "device": "cpu", "nd_range": {"device_start": 2330035.4783229213, "device_end": 2330035.47928921}, "cmdq": 1, "read": {"device_start": -1, "device_end": -1}}, "coalesced_transpose93": {"write": {"device_start": -1, "host_queued_start": 1585662259.063976, "device_queued": -1, "device_end": -1, "host_queued_end": 1585662259.144814}, "device": "cpu", "nd_range": {"device_start": 2330034.651648215, "device_end": 2330034.652615387}, "cmdq": 4, "read": {"device_start": -1, "device_end": -1}}, "softmax23": {"write": {"device_start": -1, "host_queued_start": 1585662259.078393, "device_queued": -1, "device_end": -1, "host_queued_end": 1585662259.144814}, "device": "cpu", "nd_range": {"device_start": 2330035.717858109, "device_end": 2330035.7186235613}, "cmdq": 3, "read": {"device_start": -1, "device_end": -1}}, "empty62": {"write": {"device_start": -1, "host_queued_start": 1585662258.868792, "device_queued": -1, "device_end": -1, "host_queued_end": 1585662259.144814}, "device": "cpu", "nd_range": {"device_start": 2330033.334585757, "device_end": 2330033.3345873132}, "cmdq": 1, "read": {"device_start": -1, "device_end": -1}}, "FFC_sans_bias10": {"write": {"device_start": -1, "host_queued_start": 1585662258.908743, "device_queued": -1, "device_end": -1, "host_queued_end": 1585662259.144814}, "device": "cpu", "nd_range": {"device_start": 2330033.4648062764, "device_end": 2330033.5943195024}, "cmdq": 0, "read": {"device_start": -1, "device_end": -1}}, "FFC_sans_bias13": {"write": {"device_start": -1, "host_queued_start": 1585662259.068211, "device_queued": -1, "device_end": -1, "host_queued_end": 1585662259.144814}, "device": "cpu", "nd_range": {"device_start": 2330035.480273542, "device_end": 2330035.742103851}, "cmdq": 1, "read": {"device_start": -1, "device_end": -1}}, "FFC_sans_bias15": {"write": {"device_start": -1, "host_queued_start": 1585662259.086647, "device_queued": -1, "device_end": -1, "host_queued_end": 1585662259.144814}, "device": "cpu", "nd_range": {"device_start": 2330035.8855168694, "device_end": 2330036.027741476}, "cmdq": 3, "read": {"device_start": -1, "device_end": -1}}, "FFC_sans_bias16": {"write": {"device_start": -1, "host_queued_start": 1585662259.101752, "device_queued": -1, "device_end": -1, "host_queued_end": 1585662259.144814}, "device": "cpu", "nd_range": {"device_start": 2330036.426243238, "device_end": 2330036.566452334}, "cmdq": 4, "read": {"device_start": -1, "device_end": -1}}, "FFC_sans_bias19": {"write": {"device_start": -1, "host_queued_start": 1585662258.918751, "device_queued": -1, "device_end": -1, "host_queued_end": 1585662259.144814}, "device": "cpu", "nd_range": {"device_start": 2330033.576525207, "device_end": 2330033.7765215132}, "cmdq": 3, "read": {"device_start": -1, "device_end": -1}}, "FFC_sans_bias18": {"write": {"device_start": -1, "host_queued_start": 1585662258.915434, "device_queued": -1, "device_end": -1, "host_queued_end": 1585662259.144814}, "device": "cpu", "nd_range": {"device_start": 2330033.466667567, "device_end": 2330033.596781595}, "cmdq": 2, "read": {"device_start": -1, "device_end": -1}}, "FFC_sans_bias99": {"write": {"device_start": -1, "host_queued_start": 1585662259.008215, "device_queued": -1, "device_end": -1, "host_queued_end": 1585662259.144814}, "device": "cpu", "nd_range": {"device_start": 2330034.249916952, "device_end": 2330034.383270592}, "cmdq": 4, "read": {"device_start": -1, "device_end": -1}}, "FFC_sans_bias91": {"write": {"device_start": -1, "host_queued_start": 1585662258.999167, "device_queued": -1, "device_end": -1, "host_queued_end": 1585662259.144814}, "device": "cpu", "nd_range": {"device_start": 2330034.1804653, "device_end": 2330034.3553841324}, "cmdq": 2, "read": {"device_start": -1, "device_end": -1}}, "FFC_sans_bias90": {"write": {"device_start": -1, "host_queued_start": 1585662258.995833, "device_queued": -1, "device_end": -1, "host_queued_end": 1585662259.144814}, "device": "cpu", "nd_range": {"device_start": 2330035.08390581, "device_end": 2330035.245611649}, "cmdq": 1, "read": {"device_start": -1, "device_end": -1}}, "coalesced_transpose12": {"write": {"device_start": -1, "host_queued_start": 1585662259.059137, "device_queued": -1, "device_end": -1, "host_queued_end": 1585662259.144814}, "device": "cpu", "nd_range": {"device_start": 2330034.7146988483, "device_end": 2330034.7159121484}, "cmdq": 0, "read": {"device_start": -1, "device_end": -1}}, "FFC_sans_bias94": {"write": {"device_start": -1, "host_queued_start": 1585662259.073722, "device_queued": -1, "device_end": -1, "host_queued_end": 1585662259.144814}, "device": "cpu", "nd_range": {"device_start": 2330035.260446661, "device_end": 2330035.3457910703}, "cmdq": 0, "read": {"device_start": -1, "device_end": -1}}, "FFC_sans_bias97": {"write": {"device_start": -1, "host_queued_start": 1585662259.129569, "device_queued": -1, "device_end": -1, "host_queued_end": 1585662259.144814}, "device": "cpu", "nd_range": {"device_start": 2330037.179026973, "device_end": 2330037.281295873}, "cmdq": 3, "read": {"device_start": -1, "device_end": -1}}, "FFC_sans_bias96": {"write": {"device_start": -1, "host_queued_start": 1585662259.092231, "device_queued": -1, "device_end": -1, "host_queued_end": 1585662259.144814}, "device": "cpu", "nd_range": {"device_start": 2330036.447102718, "device_end": 2330036.5867585423}, "cmdq": 2, "read": {"device_start": -1, "device_end": -1}}, "FFC_sans_bias124": {"write": {"device_start": -1, "host_queued_start": 1585662259.13864, "device_queued": -1, "device_end": -1, "host_queued_end": 1585662259.144814}, "device": "cpu", "nd_range": {"device_start": 2330037.1790269753, "device_end": 2330037.2880937653}, "cmdq": 1, "read": {"device_start": -1, "device_end": -1}}, "FFC_sans_bias126": {"write": {"device_start": -1, "host_queued_start": 1585662259.044836, "device_queued": -1, "device_end": -1, "host_queued_end": 1585662259.144814}, "device": "cpu", "nd_range": {"device_start": 2330034.515794921, "device_end": 2330034.649426892}, "cmdq": 4, "read": {"device_start": -1, "device_end": -1}}, "softmax32": {"write": {"device_start": -1, "host_queued_start": 1585662259.078931, "device_queued": -1, "device_end": -1, "host_queued_end": 1585662259.144814}, "device": "cpu", "nd_range": {"device_start": 2330035.8908435423, "device_end": 2330035.891636971}, "cmdq": 4, "read": {"device_start": -1, "device_end": -1}}, "coalesced_transpose84": {"write": {"device_start": -1, "host_queued_start": 1585662259.063399, "device_queued": -1, "device_end": -1, "host_queued_end": 1585662259.144814}, "device": "cpu", "nd_range": {"device_start": 2330035.052253582, "device_end": 2330035.053306551}, "cmdq": 3, "read": {"device_start": -1, "device_end": -1}}, "FFC_sans_bias121": {"write": {"device_start": -1, "host_queued_start": 1585662259.075611, "device_queued": -1, "device_end": -1, "host_queued_end": 1585662259.144814}, "device": "cpu", "nd_range": {"device_start": 2330035.387275481, "device_end": 2330035.477693301}, "cmdq": 3, "read": {"device_start": -1, "device_end": -1}}, "empty98": {"write": {"device_start": -1, "host_queued_start": 1585662258.879196, "device_queued": -1, "device_end": -1, "host_queued_end": 1585662259.144814}, "device": "cpu", "nd_range": {"device_start": 2330033.334542536, "device_end": 2330033.334543215}, "cmdq": 0, "read": {"device_start": -1, "device_end": -1}}, "empty107": {"write": {"device_start": -1, "host_queued_start": 1585662258.881791, "device_queued": -1, "device_end": -1, "host_queued_end": 1585662259.144814}, "device": "cpu", "nd_range": {"device_start": 2330033.3345925934, "device_end": 2330033.3345932853}, "cmdq": 1, "read": {"device_start": -1, "device_end": -1}}, "empty17": {"write": {"device_start": -1, "host_queued_start": 1585662258.855641, "device_queued": -1, "device_end": -1, "host_queued_end": 1585662259.144814}, "device": "cpu", "nd_range": {"device_start": 2330033.334571353, "device_end": 2330033.334572399}, "cmdq": 1, "read": {"device_start": -1, "device_end": -1}}, "FFC_sans_bias87": {"write": {"device_start": -1, "host_queued_start": 1585662259.091635, "device_queued": -1, "device_end": -1, "host_queued_end": 1585662259.144814}, "device": "cpu", "nd_range": {"device_start": 2330036.255955214, "device_end": 2330036.52380977}, "cmdq": 1, "read": {"device_start": -1, "device_end": -1}}, "FFC_sans_bias85": {"write": {"device_start": -1, "host_queued_start": 1585662259.073053, "device_queued": -1, "device_end": -1, "host_queued_end": 1585662259.144814}, "device": "cpu", "nd_range": {"device_start": 2330035.620237315, "device_end": 2330035.754407173}, "cmdq": 4, "read": {"device_start": -1, "device_end": -1}}, "FFC_sans_bias82": {"write": {"device_start": -1, "host_queued_start": 1585662258.989098, "device_queued": -1, "device_end": -1, "host_queued_end": 1585662259.144814}, "device": "cpu", "nd_range": {"device_start": 2330034.114238995, "device_end": 2330034.249900339}, "cmdq": 4, "read": {"device_start": -1, "device_end": -1}}, "FFC_sans_bias83": {"write": {"device_start": -1, "host_queued_start": 1585662258.992432, "device_queued": -1, "device_end": -1, "host_queued_end": 1585662259.144814}, "device": "cpu", "nd_range": {"device_start": 2330034.149353492, "device_end": 2330034.2980500152}, "cmdq": 0, "read": {"device_start": -1, "device_end": -1}}, "FFC_sans_bias81": {"write": {"device_start": -1, "host_queued_start": 1585662258.985758, "device_queued": -1, "device_end": -1, "host_queued_end": 1585662259.144814}, "device": "cpu", "nd_range": {"device_start": 2330034.3336957, "device_end": 2330034.609094215}, "cmdq": 3, "read": {"device_start": -1, "device_end": -1}}, "FFC_sans_bias88": {"write": {"device_start": -1, "host_queued_start": 1585662259.126539, "device_queued": -1, "device_end": -1, "host_queued_end": 1585662259.144814}, "device": "cpu", "nd_range": {"device_start": 2330036.864117028, "device_end": 2330037.002484185}, "cmdq": 2, "read": {"device_start": -1, "device_end": -1}}, "coalesced_transpose30": {"write": {"device_start": -1, "host_queued_start": 1585662259.059896, "device_queued": -1, "device_end": -1, "host_queued_end": 1585662259.144814}, "device": "cpu", "nd_range": {"device_start": 2330034.8486982863, "device_end": 2330034.849886429}, "cmdq": 2, "read": {"device_start": -1, "device_end": -1}}, "FFC_sans_bias128": {"write": {"device_start": -1, "host_queued_start": 1585662259.041518, "device_queued": -1, "device_end": -1, "host_queued_end": 1585662259.144814}, "device": "cpu", "nd_range": {"device_start": 2330034.875746787, "device_end": 2330034.955392961}, "cmdq": 3, "read": {"device_start": -1, "device_end": -1}}, "coalesced_transpose39": {"write": {"device_start": -1, "host_queued_start": 1585662259.06049, "device_queued": -1, "device_end": -1, "host_queued_end": 1585662259.144814}, "device": "cpu", "nd_range": {"device_start": 2330035.051110236, "device_end": 2330035.052071148}, "cmdq": 3, "read": {"device_start": -1, "device_end": -1}}, "FFC_sans_bias79": {"write": {"device_start": -1, "host_queued_start": 1585662259.123377, "device_queued": -1, "device_end": -1, "host_queued_end": 1585662259.144814}, "device": "cpu", "nd_range": {"device_start": 2330036.9815564253, "device_end": 2330037.179017606}, "cmdq": 1, "read": {"device_start": -1, "device_end": -1}}, "FFC_sans_bias78": {"write": {"device_start": -1, "host_queued_start": 1585662259.091038, "device_queued": -1, "device_end": -1, "host_queued_end": 1585662259.144814}, "device": "cpu", "nd_range": {"device_start": 2330036.14105672, "device_end": 2330036.307288616}, "cmdq": 0, "read": {"device_start": -1, "device_end": -1}}, "FFC_sans_bias73": {"write": {"device_start": -1, "host_queued_start": 1585662258.979095, "device_queued": -1, "device_end": -1, "host_queued_end": 1585662259.144814}, "device": "cpu", "nd_range": {"device_start": 2330034.975680327, "device_end": 2330035.083678136}, "cmdq": 1, "read": {"device_start": -1, "device_end": -1}}, "FFC_sans_bias72": {"write": {"device_start": -1, "host_queued_start": 1585662258.975773, "device_queued": -1, "device_end": -1, "host_queued_end": 1585662259.144814}, "device": "cpu", "nd_range": {"device_start": 2330034.008492004, "device_end": 2330034.149332458}, "cmdq": 0, "read": {"device_start": -1, "device_end": -1}}, "FFC_sans_bias70": {"write": {"device_start": -1, "host_queued_start": 1585662259.120337, "device_queued": -1, "device_end": -1, "host_queued_end": 1585662259.144814}, "device": "cpu", "nd_range": {"device_start": 2330036.574910975, "device_end": 2330036.707592364}, "cmdq": 0, "read": {"device_start": -1, "device_end": -1}}, "FFC_sans_bias76": {"write": {"device_start": -1, "host_queued_start": 1585662259.072419, "device_queued": -1, "device_end": -1, "host_queued_end": 1585662259.144814}, "device": "cpu", "nd_range": {"device_start": 2330035.145533864, "device_end": 2330035.240739011}, "cmdq": 3, "read": {"device_start": -1, "device_end": -1}}, "FFC_sans_bias74": {"write": {"device_start": -1, "host_queued_start": 1585662258.982438, "device_queued": -1, "device_end": -1, "host_queued_end": 1585662259.144814}, "device": "cpu", "nd_range": {"device_start": 2330034.0395636032, "device_end": 2330034.1802334543}, "cmdq": 2, "read": {"device_start": -1, "device_end": -1}}, "coalesced_transpose102": {"write": {"device_start": -1, "host_queued_start": 1585662259.064552, "device_queued": -1, "device_end": -1, "host_queued_end": 1585662259.144814}, "device": "cpu", "nd_range": {"device_start": 2330035.007254995, "device_end": 2330035.008216435}, "cmdq": 0, "read": {"device_start": -1, "device_end": -1}}, "coalesced_transpose3": {"write": {"device_start": -1, "host_queued_start": 1585662259.058786, "device_queued": -1, "device_end": -1, "host_queued_end": 1585662259.144814}, "device": "cpu", "nd_range": {"device_start": 2330034.649440233, "device_end": 2330034.650655953}, "cmdq": 4, "read": {"device_start": -1, "device_end": -1}}, "FFC_sans_bias127": {"write": {"device_start": -1, "host_queued_start": 1585662259.048146, "device_queued": -1, "device_end": -1, "host_queued_end": 1585662259.144814}, "device": "cpu", "nd_range": {"device_start": 2330034.577536838, "device_end": 2330034.714673979}, "cmdq": 0, "read": {"device_start": -1, "device_end": -1}}, "empty89": {"write": {"device_start": -1, "host_queued_start": 1585662258.876607, "device_queued": -1, "device_end": -1, "host_queued_end": 1585662259.144814}, "device": "cpu", "nd_range": {"device_start": 2330033.3345609633, "device_end": 2330033.334561633}, "cmdq": 4, "read": {"device_start": -1, "device_end": -1}}, "FFC_sans_bias123": {"write": {"device_start": -1, "host_queued_start": 1585662259.094114, "device_queued": -1, "device_end": -1, "host_queued_end": 1585662259.144814}, "device": "cpu", "nd_range": {"device_start": 2330036.3073182753, "device_end": 2330036.4411843023}, "cmdq": 0, "read": {"device_start": -1, "device_end": -1}}, "empty80": {"write": {"device_start": -1, "host_queued_start": 1585662258.874014, "device_queued": -1, "device_end": -1, "host_queued_end": 1585662259.144814}, "device": "cpu", "nd_range": {"device_start": 2330033.3345327904, "device_end": 2330033.334534008}, "cmdq": 3, "read": {"device_start": -1, "device_end": -1}}, "empty116": {"write": {"device_start": -1, "host_queued_start": 1585662258.884384, "device_queued": -1, "device_end": -1, "host_queued_end": 1585662259.144814}, "device": "cpu", "nd_range": {"device_start": 2330033.33453912, "device_end": 2330033.3345398433}, "cmdq": 2, "read": {"device_start": -1, "device_end": -1}}, "softmax104": {"write": {"device_start": -1, "host_queued_start": 1585662259.083272, "device_queued": -1, "device_end": -1, "host_queued_end": 1585662259.144814}, "device": "cpu", "nd_range": {"device_start": 2330036.166028118, "device_end": 2330036.166810072}, "cmdq": 2, "read": {"device_start": -1, "device_end": -1}}, "coalesced_transpose21": {"write": {"device_start": -1, "host_queued_start": 1585662259.05954, "device_queued": -1, "device_end": -1, "host_queued_end": 1585662259.144814}, "device": "cpu", "nd_range": {"device_start": 2330035.476748185, "device_end": 2330035.478304468}, "cmdq": 1, "read": {"device_start": -1, "device_end": -1}}, "softmax14": {"write": {"device_start": -1, "host_queued_start": 1585662259.077869, "device_queued": -1, "device_end": -1, "host_queued_end": 1585662259.144814}, "device": "cpu", "nd_range": {"device_start": 2330035.864066504, "device_end": 2330035.864870617}, "cmdq": 2, "read": {"device_start": -1, "device_end": -1}}, "FFC_sans_bias69": {"write": {"device_start": -1, "host_queued_start": 1585662259.090435, "device_queued": -1, "device_end": -1, "host_queued_end": 1585662259.144814}, "device": "cpu", "nd_range": {"device_start": 2330036.1118221413, "device_end": 2330036.284990693}, "cmdq": 4, "read": {"device_start": -1, "device_end": -1}}, "FFC_sans_bias92": {"write": {"device_start": -1, "host_queued_start": 1585662259.003718, "device_queued": -1, "device_end": -1, "host_queued_end": 1585662259.144814}, "device": "cpu", "nd_range": {"device_start": 2330034.609112419, "device_end": 2330034.787380392}, "cmdq": 3, "read": {"device_start": -1, "device_end": -1}}, "FFC_sans_bias60": {"write": {"device_start": -1, "host_queued_start": 1585662259.089828, "device_queued": -1, "device_end": -1, "host_queued_end": 1585662259.144814}, "device": "cpu", "nd_range": {"device_start": 2330036.027968359, "device_end": 2330036.16600734}, "cmdq": 3, "read": {"device_start": -1, "device_end": -1}}, "FFC_sans_bias61": {"write": {"device_start": -1, "host_queued_start": 1585662259.11732, "device_queued": -1, "device_end": -1, "host_queued_end": 1585662259.144814}, "device": "cpu", "nd_range": {"device_start": 2330036.5664691622, "device_end": 2330036.747497635}, "cmdq": 4, "read": {"device_start": -1, "device_end": -1}}, "FFC_sans_bias63": {"write": {"device_start": -1, "host_queued_start": 1585662258.9724, "device_queued": -1, "device_end": -1, "host_queued_end": 1585662259.144814}, "device": "cpu", "nd_range": {"device_start": 2330033.883562291, "device_end": 2330034.1142216204}, "cmdq": 4, "read": {"device_start": -1, "device_end": -1}}, "FFC_sans_bias64": {"write": {"device_start": -1, "host_queued_start": 1585662258.965738, "device_queued": -1, "device_end": -1, "host_queued_end": 1585662259.144814}, "device": "cpu", "nd_range": {"device_start": 2330033.8985181144, "device_end": 2330034.039328994}, "cmdq": 2, "read": {"device_start": -1, "device_end": -1}}, "FFC_sans_bias65": {"write": {"device_start": -1, "host_queued_start": 1585662258.969062, "device_queued": -1, "device_end": -1, "host_queued_end": 1585662259.144814}, "device": "cpu", "nd_range": {"device_start": 2330034.0617808993, "device_end": 2330034.3336759163}, "cmdq": 3, "read": {"device_start": -1, "device_end": -1}}, "FFC_sans_bias67": {"write": {"device_start": -1, "host_queued_start": 1585662259.071823, "device_queued": -1, "device_end": -1, "host_queued_end": 1585662259.144814}, "device": "cpu", "nd_range": {"device_start": 2330035.616431089, "device_end": 2330035.744836363}, "cmdq": 2, "read": {"device_start": -1, "device_end": -1}}, "coalesced_transpose111": {"write": {"device_start": -1, "host_queued_start": 1585662259.06514, "device_queued": -1, "device_end": -1, "host_queued_end": 1585662259.144814}, "device": "cpu", "nd_range": {"device_start": 2330035.479297777, "device_end": 2330035.480264653}, "cmdq": 1, "read": {"device_start": -1, "device_end": -1}}, "FFC_sans_bias136": {"write": {"device_start": -1, "host_queued_start": 1585662259.051546, "device_queued": -1, "device_end": -1, "host_queued_end": 1585662259.144814}, "device": "cpu", "nd_range": {"device_start": 2330035.3862446393, "device_end": 2330035.4767252733}, "cmdq": 1, "read": {"device_start": -1, "device_end": -1}}, "FFC_sans_bias135": {"write": {"device_start": -1, "host_queued_start": 1585662259.058411, "device_queued": -1, "device_end": -1, "host_queued_end": 1585662259.144814}, "device": "cpu", "nd_range": {"device_start": 2330034.955623927, "device_end": 2330035.05080153}, "cmdq": 3, "read": {"device_start": -1, "device_end": -1}}, "FFC_sans_bias133": {"write": {"device_start": -1, "host_queued_start": 1585662259.141684, "device_queued": -1, "device_end": -1, "host_queued_end": 1585662259.144814}, "device": "cpu", "nd_range": {"device_start": 2330037.002499647, "device_end": 2330037.140126923}, "cmdq": 2, "read": {"device_start": -1, "device_end": -1}}, "FFC_sans_bias132": {"write": {"device_start": -1, "host_queued_start": 1585662259.094739, "device_queued": -1, "device_end": -1, "host_queued_end": 1585662259.144814}, "device": "cpu", "nd_range": {"device_start": 2330036.523829772, "device_end": 2330036.8133270103}, "cmdq": 1, "read": {"device_start": -1, "device_end": -1}}, "softmax68": {"write": {"device_start": -1, "host_queued_start": 1585662259.081133, "device_queued": -1, "device_end": -1, "host_queued_end": 1585662259.144814}, "device": "cpu", "nd_range": {"device_start": 2330035.748191546, "device_end": 2330035.748950098}, "cmdq": 3, "read": {"device_start": -1, "device_end": -1}}, "softmax131": {"write": {"device_start": -1, "host_queued_start": 1585662259.084893, "device_queued": -1, "device_end": -1, "host_queued_end": 1585662259.144814}, "device": "cpu", "nd_range": {"device_start": 2330035.9552151873, "device_end": 2330035.9560187203}, "cmdq": 0, "read": {"device_start": -1, "device_end": -1}}, "empty125": {"write": {"device_start": -1, "host_queued_start": 1585662258.887004, "device_queued": -1, "device_end": -1, "host_queued_end": 1585662259.144814}, "device": "cpu", "nd_range": {"device_start": 2330033.334539703, "device_end": 2330033.3345403243}, "cmdq": 3, "read": {"device_start": -1, "device_end": -1}}, "FFC_sans_bias139": {"write": {"device_start": -1, "host_queued_start": 1585662259.076808, "device_queued": -1, "device_end": -1, "host_queued_end": 1585662259.144814}, "device": "cpu", "nd_range": {"device_start": 2330035.4840107122, "device_end": 2330035.7170354333}, "cmdq": 0, "read": {"device_start": -1, "device_end": -1}}, "empty35": {"write": {"device_start": -1, "host_queued_start": 1585662258.860928, "device_queued": -1, "device_end": -1, "host_queued_end": 1585662259.144814}, "device": "cpu", "nd_range": {"device_start": 2330033.3345026323, "device_end": 2330033.334512431}, "cmdq": 3, "read": {"device_start": -1, "device_end": -1}}, "softmax86": {"write": {"device_start": -1, "host_queued_start": 1585662259.082201, "device_queued": -1, "device_end": -1, "host_queued_end": 1585662259.144814}, "device": "cpu", "nd_range": {"device_start": 2330035.814235447, "device_end": 2330035.815002115}, "cmdq": 0, "read": {"device_start": -1, "device_end": -1}}, "FFC_sans_bias55": {"write": {"device_start": -1, "host_queued_start": 1585662258.96239, "device_queued": -1, "device_end": -1, "host_queued_end": 1585662259.144814}, "device": "cpu", "nd_range": {"device_start": 2330034.898819596, "device_end": 2330034.975464779}, "cmdq": 1, "read": {"device_start": -1, "device_end": -1}}, "FFC_sans_bias54": {"write": {"device_start": -1, "host_queued_start": 1585662258.959058, "device_queued": -1, "device_end": -1, "host_queued_end": 1585662259.144814}, "device": "cpu", "nd_range": {"device_start": 2330033.8649379374, "device_end": 2330034.008469953}, "cmdq": 0, "read": {"device_start": -1, "device_end": -1}}, "FFC_sans_bias56": {"write": {"device_start": -1, "host_queued_start": 1585662258.955724, "device_queued": -1, "device_end": -1, "host_queued_end": 1585662259.144814}, "device": "cpu", "nd_range": {"device_start": 2330033.704232296, "device_end": 2330033.883544331}, "cmdq": 4, "read": {"device_start": -1, "device_end": -1}}, "FFC_sans_bias51": {"write": {"device_start": -1, "host_queued_start": 1585662259.089221, "device_queued": -1, "device_end": -1, "host_queued_end": 1585662259.144814}, "device": "cpu", "nd_range": {"device_start": 2330036.307508614, "device_end": 2330036.44708444}, "cmdq": 2, "read": {"device_start": -1, "device_end": -1}}, "FFC_sans_bias52": {"write": {"device_start": -1, "host_queued_start": 1585662259.114084, "device_queued": -1, "device_end": -1, "host_queued_end": 1585662259.144814}, "device": "cpu", "nd_range": {"device_start": 2330037.054546501, "device_end": 2330037.179018068}, "cmdq": 3, "read": {"device_start": -1, "device_end": -1}}, "FFC_sans_bias58": {"write": {"device_start": -1, "host_queued_start": 1585662259.07123, "device_queued": -1, "device_end": -1, "host_queued_end": 1585662259.144814}, "device": "cpu", "nd_range": {"device_start": 2330035.742122232, "device_end": 2330035.848339431}, "cmdq": 1, "read": {"device_start": -1, "device_end": -1}}, "FFC_sans_bias108": {"write": {"device_start": -1, "host_queued_start": 1585662259.020304, "device_queued": -1, "device_end": -1, "host_queued_end": 1585662259.144814}, "device": "cpu", "nd_range": {"device_start": 2330034.355636211, "device_end": 2330034.495249377}, "cmdq": 2, "read": {"device_start": -1, "device_end": -1}}, "FFC_sans_bias109": {"write": {"device_start": -1, "host_queued_start": 1585662259.024242, "device_queued": -1, "device_end": -1, "host_queued_end": 1585662259.144814}, "device": "cpu", "nd_range": {"device_start": 2330034.787631633, "device_end": 2330034.875725599}, "cmdq": 3, "read": {"device_start": -1, "device_end": -1}}, "coalesced_transpose129": {"write": {"device_start": -1, "host_queued_start": 1585662259.066303, "device_queued": -1, "device_end": -1, "host_queued_end": 1585662259.144814}, "device": "cpu", "nd_range": {"device_start": 2330035.053474631, "device_end": 2330035.054509905}, "cmdq": 3, "read": {"device_start": -1, "device_end": -1}}, "FFC_sans_bias103": {"write": {"device_start": -1, "host_queued_start": 1585662259.074345, "device_queued": -1, "device_end": -1, "host_queued_end": 1585662259.144814}, "device": "cpu", "nd_range": {"device_start": 2330035.848590163, "device_end": 2330035.975490692}, "cmdq": 1, "read": {"device_start": -1, "device_end": -1}}, "FFC_sans_bias100": {"write": {"device_start": -1, "host_queued_start": 1585662259.012141, "device_queued": -1, "device_end": -1, "host_queued_end": 1585662259.144814}, "device": "cpu", "nd_range": {"device_start": 2330034.298075017, "device_end": 2330034.438145197}, "cmdq": 0, "read": {"device_start": -1, "device_end": -1}}, "FFC_sans_bias101": {"write": {"device_start": -1, "host_queued_start": 1585662259.016122, "device_queued": -1, "device_end": -1, "host_queued_end": 1585662259.144814}, "device": "cpu", "nd_range": {"device_start": 2330035.245627643, "device_end": 2330035.319374131}, "cmdq": 1, "read": {"device_start": -1, "device_end": -1}}, "FFC_sans_bias106": {"write": {"device_start": -1, "host_queued_start": 1585662259.132576, "device_queued": -1, "device_end": -1, "host_queued_end": 1585662259.144814}, "device": "cpu", "nd_range": {"device_start": 2330036.9663620624, "device_end": 2330037.1420437493}, "cmdq": 4, "read": {"device_start": -1, "device_end": -1}}, "softmax122": {"write": {"device_start": -1, "host_queued_start": 1585662259.08435, "device_queued": -1, "device_end": -1, "host_queued_end": 1585662259.144814}, "device": "cpu", "nd_range": {"device_start": 2330035.903897398, "device_end": 2330035.904688384}, "cmdq": 4, "read": {"device_start": -1, "device_end": -1}}, "FFC_sans_bias105": {"write": {"device_start": -1, "host_queued_start": 1585662259.092849, "device_queued": -1, "device_end": -1, "host_queued_end": 1585662259.144814}, "device": "cpu", "nd_range": {"device_start": 2330036.747510318, "device_end": 2330036.915185432}, "cmdq": 3, "read": {"device_start": -1, "device_end": -1}}, "softmax95": {"write": {"device_start": -1, "host_queued_start": 1585662259.082734, "device_queued": -1, "device_end": -1, "host_queued_end": 1585662259.144814}, "device": "cpu", "nd_range": {"device_start": 2330035.990600204, "device_end": 2330035.991357825}, "cmdq": 1, "read": {"device_start": -1, "device_end": -1}}, "coalesced_transpose57": {"write": {"device_start": -1, "host_queued_start": 1585662259.061649, "device_queued": -1, "device_end": -1, "host_queued_end": 1585662259.144814}, "device": "cpu", "nd_range": {"device_start": 2330035.0060674073, "device_end": 2330035.007015277}, "cmdq": 0, "read": {"device_start": -1, "device_end": -1}}, "empty26": {"write": {"device_start": -1, "host_queued_start": 1585662258.858269, "device_queued": -1, "device_end": -1, "host_queued_end": 1585662259.144814}, "device": "cpu", "nd_range": {"device_start": 2330033.3345026453, "device_end": 2330033.334512411}, "cmdq": 2, "read": {"device_start": -1, "device_end": -1}}, "softmax113": {"write": {"device_start": -1, "host_queued_start": 1585662259.083808, "device_queued": -1, "device_end": -1, "host_queued_end": 1585662259.144814}, "device": "cpu", "nd_range": {"device_start": 2330035.884478181, "device_end": 2330035.885280086}, "cmdq": 3, "read": {"device_start": -1, "device_end": -1}}, "FFC_sans_bias11": {"write": {"device_start": -1, "host_queued_start": 1585662258.912075, "device_queued": -1, "device_end": -1, "host_queued_end": 1585662259.144814}, "device": "cpu", "nd_range": {"device_start": 2330034.6526268953, "device_end": 2330034.7703878772}, "cmdq": 1, "read": {"device_start": -1, "device_end": -1}}, "FFC_sans_bias42": {"write": {"device_start": -1, "host_queued_start": 1585662259.088603, "device_queued": -1, "device_end": -1, "host_queued_end": 1585662259.144814}, "device": "cpu", "nd_range": {"device_start": 2330036.002777608, "device_end": 2330036.25593385}, "cmdq": 1, "read": {"device_start": -1, "device_end": -1}}, "FFC_sans_bias43": {"write": {"device_start": -1, "host_queued_start": 1585662259.111043, "device_queued": -1, "device_end": -1, "host_queued_end": 1585662259.144814}, "device": "cpu", "nd_range": {"device_start": 2330036.725284615, "device_end": 2330036.8641019803}, "cmdq": 2, "read": {"device_start": -1, "device_end": -1}}, "FFC_sans_bias40": {"write": {"device_start": -1, "host_queued_start": 1585662259.070014, "device_queued": -1, "device_end": -1, "host_queued_end": 1585662259.144814}, "device": "cpu", "nd_range": {"device_start": 2330035.4786070962, "device_end": 2330035.620046697}, "cmdq": 4, "read": {"device_start": -1, "device_end": -1}}, "FFC_sans_bias46": {"write": {"device_start": -1, "host_queued_start": 1585662258.948975, "device_queued": -1, "device_end": -1, "host_queued_end": 1585662259.144814}, "device": "cpu", "nd_range": {"device_start": 2330033.7289550994, "device_end": 2330033.89829035}, "cmdq": 2, "read": {"device_start": -1, "device_end": -1}}, "FFC_sans_bias47": {"write": {"device_start": -1, "host_queued_start": 1585662258.952327, "device_queued": -1, "device_end": -1, "host_queued_end": 1585662259.144814}, "device": "cpu", "nd_range": {"device_start": 2330033.9231567914, "device_end": 2330034.061755487}, "cmdq": 3, "read": {"device_start": -1, "device_end": -1}}, "FFC_sans_bias45": {"write": {"device_start": -1, "host_queued_start": 1585662258.945656, "device_queued": -1, "device_end": -1, "host_queued_end": 1585662259.144814}, "device": "cpu", "nd_range": {"device_start": 2330034.832209959, "device_end": 2330034.8986080852}, "cmdq": 1, "read": {"device_start": -1, "device_end": -1}}, "FFC_sans_bias49": {"write": {"device_start": -1, "host_queued_start": 1585662259.070624, "device_queued": -1, "device_end": -1, "host_queued_end": 1585662259.144814}, "device": "cpu", "nd_range": {"device_start": 2330035.144906701, "device_end": 2330035.260429275}, "cmdq": 0, "read": {"device_start": -1, "device_end": -1}}, "softmax77": {"write": {"device_start": -1, "host_queued_start": 1585662259.081676, "device_queued": -1, "device_end": -1, "host_queued_end": 1585662259.144814}, "device": "cpu", "nd_range": {"device_start": 2330035.902916634, "device_end": 2330035.903688445}, "cmdq": 4, "read": {"device_start": -1, "device_end": -1}}, "empty134": {"write": {"device_start": -1, "host_queued_start": 1585662258.88992, "device_queued": -1, "device_end": -1, "host_queued_end": 1585662259.144814}, "device": "cpu", "nd_range": {"device_start": 2330033.334566255, "device_end": 2330033.334566766}, "cmdq": 4, "read": {"device_start": -1, "device_end": -1}}, "coalesced_transpose138": {"write": {"device_start": -1, "host_queued_start": 1585662259.067005, "device_queued": -1, "device_end": -1, "host_queued_end": 1585662259.144814}, "device": "cpu", "nd_range": {"device_start": 2330035.477342843, "device_end": 2330035.478273324}, "cmdq": 4, "read": {"device_start": -1, "device_end": -1}}, "FFC_sans_bias119": {"write": {"device_start": -1, "host_queued_start": 1585662259.038092, "device_queued": -1, "device_end": -1, "host_queued_end": 1585662259.144814}, "device": "cpu", "nd_range": {"device_start": 2330034.495270998, "device_end": 2330034.636694473}, "cmdq": 2, "read": {"device_start": -1, "device_end": -1}}, "FFC_sans_bias118": {"write": {"device_start": -1, "host_queued_start": 1585662259.034753, "device_queued": -1, "device_end": -1, "host_queued_end": 1585662259.144814}, "device": "cpu", "nd_range": {"device_start": 2330035.3195974333, "device_end": 2330035.3862249833}, "cmdq": 1, "read": {"device_start": -1, "device_end": -1}}, "empty143": {"write": {"device_start": -1, "host_queued_start": 1585662258.892538, "device_queued": -1, "device_end": -1, "host_queued_end": 1585662259.144814}, "device": "cpu", "nd_range": {"device_start": 2330033.334548798, "device_end": 2330033.334549615}, "cmdq": 0, "read": {"device_start": -1, "device_end": -1}}, "FFC_sans_bias115": {"write": {"device_start": -1, "host_queued_start": 1585662259.135655, "device_queued": -1, "device_end": -1, "host_queued_end": 1585662259.144814}, "device": "cpu", "nd_range": {"device_start": 2330036.707602764, "device_end": 2330036.868718747}, "cmdq": 0, "read": {"device_start": -1, "device_end": -1}}, "FFC_sans_bias114": {"write": {"device_start": -1, "host_queued_start": 1585662259.093523, "device_queued": -1, "device_end": -1, "host_queued_end": 1585662259.144814}, "device": "cpu", "nd_range": {"device_start": 2330036.2852576664, "device_end": 2330036.425678362}, "cmdq": 4, "read": {"device_start": -1, "device_end": -1}}, "FFC_sans_bias117": {"write": {"device_start": -1, "host_queued_start": 1585662259.031267, "device_queued": -1, "device_end": -1, "host_queued_end": 1585662259.144814}, "device": "cpu", "nd_range": {"device_start": 2330034.4383773482, "device_end": 2330034.577511901}, "cmdq": 0, "read": {"device_start": -1, "device_end": -1}}, "softmax5": {"write": {"device_start": -1, "host_queued_start": 1585662259.077344, "device_queued": -1, "device_end": -1, "host_queued_end": 1585662259.144814}, "device": "cpu", "nd_range": {"device_start": 2330035.988042289, "device_end": 2330035.988801837}, "cmdq": 1, "read": {"device_start": -1, "device_end": -1}}, "FFC_sans_bias110": {"write": {"device_start": -1, "host_queued_start": 1585662259.02788, "device_queued": -1, "device_end": -1, "host_queued_end": 1585662259.144814}, "device": "cpu", "nd_range": {"device_start": 2330034.383284192, "device_end": 2330034.5157795832}, "cmdq": 4, "read": {"device_start": -1, "device_end": -1}}, "FFC_sans_bias112": {"write": {"device_start": -1, "host_queued_start": 1585662259.074955, "device_queued": -1, "device_end": -1, "host_queued_end": 1585662259.144814}, "device": "cpu", "nd_range": {"device_start": 2330035.744868296, "device_end": 2330035.86381398}, "cmdq": 2, "read": {"device_start": -1, "device_end": -1}}, "empty53": {"write": {"device_start": -1, "host_queued_start": 1585662258.866184, "device_queued": -1, "device_end": -1, "host_queued_end": 1585662259.144814}, "device": "cpu", "nd_range": {"device_start": 2330033.334536078, "device_end": 2330033.334537045}, "cmdq": 0, "read": {"device_start": -1, "device_end": -1}}, "coalesced_transpose48": {"write": {"device_start": -1, "host_queued_start": 1585662259.061068, "device_queued": -1, "device_end": -1, "host_queued_end": 1585662259.144814}, "device": "cpu", "nd_range": {"device_start": 2330034.650670566, "device_end": 2330034.651637412}, "cmdq": 4, "read": {"device_start": -1, "device_end": -1}}}