{"FFC_sans_bias4": {"write": {"device_start": -1, "host_queued_start": 1585660745.463185, "device_queued": -1, "device_end": -1, "host_queued_end": 1585660745.52436}, "device": "cpu", "nd_range": {"device_start": 2328521.0985224703, "device_end": 2328521.175715222}, "cmdq": 1, "read": {"device_start": -1, "device_end": -1}}, "FFC_sans_bias7": {"write": {"device_start": -1, "host_queued_start": 1585660745.488263, "device_queued": -1, "device_end": -1, "host_queued_end": 1585660745.52436}, "device": "cpu", "nd_range": {"device_start": 2328522.096233768, "device_end": 2328522.1643578093}, "cmdq": 0, "read": {"device_start": -1, "device_end": -1}}, "FFC_sans_bias6": {"write": {"device_start": -1, "host_queued_start": 1585660745.477847, "device_queued": -1, "device_end": -1, "host_queued_end": 1585660745.52436}, "device": "cpu", "nd_range": {"device_start": 2328521.655868894, "device_end": 2328521.7256424814}, "cmdq": 1, "read": {"device_start": -1, "device_end": -1}}, "FFC_sans_bias1": {"write": {"device_start": -1, "host_queued_start": 1585660745.332048, "device_queued": -1, "device_end": -1, "host_queued_end": 1585660745.52436}, "device": "cpu", "nd_range": {"device_start": 2328519.7140825773, "device_end": 2328519.791205816}, "cmdq": 0, "read": {"device_start": -1, "device_end": -1}}, "FFC_sans_bias0": {"write": {"device_start": -1, "host_queued_start": 1585660745.328659, "device_queued": -1, "device_end": -1, "host_queued_end": 1585660745.52436}, "device": "cpu", "nd_range": {"device_start": 2328519.7140744803, "device_end": 2328519.782281414}, "cmdq": 1, "read": {"device_start": -1, "device_end": -1}}, "FFC_sans_bias2": {"write": {"device_start": -1, "host_queued_start": 1585660745.335399, "device_queued": -1, "device_end": -1, "host_queued_end": 1585660745.52436}, "device": "cpu", "nd_range": {"device_start": 2328519.782794332, "device_end": 2328519.834046863}, "cmdq": 1, "read": {"device_start": -1, "device_end": -1}}, "coalesced_transpose120": {"write": {"device_start": -1, "host_queued_start": 1585660745.275689, "device_queued": -1, "device_end": -1, "host_queued_end": 1585660745.288919}, "device": "gpu", "nd_range": {"device_start": 1585660677.8523881, "device_end": 1585660677.855466}, "cmdq": 0, "read": {"device_start": -1, "device_end": -1}}, "FFC_sans_bias9": {"write": {"device_start": -1, "host_queued_start": 1585660745.338984, "device_queued": -1, "device_end": -1, "host_queued_end": 1585660745.52436}, "device": "cpu", "nd_range": {"device_start": 2328519.791379955, "device_end": 2328519.875545938}, "cmdq": 0, "read": {"device_start": -1, "device_end": -1}}, "empty71": {"write": {"device_start": -1, "host_queued_start": 1585660745.312742, "device_queued": -1, "device_end": -1, "host_queued_end": 1585660745.52436}, "device": "cpu", "nd_range": {"device_start": 2328519.714057465, "device_end": 2328519.7140582902}, "cmdq": 1, "read": {"device_start": -1, "device_end": -1}}, "softmax41": {"write": {"device_start": -1, "host_queued_start": 1585660745.473073, "device_queued": -1, "device_end": -1, "host_queued_end": 1585660745.52436}, "device": "cpu", "nd_range": {"device_start": 2328521.6459964854, "device_end": 2328521.646717724}, "cmdq": 0, "read": {"device_start": -1, "device_end": -1}}, "FFC_sans_bias37": {"write": {"device_start": -1, "host_queued_start": 1585660745.372828, "device_queued": -1, "device_end": -1, "host_queued_end": 1585660745.52436}, "device": "cpu", "nd_range": {"device_start": 2328520.141594274, "device_end": 2328520.2067042002}, "cmdq": 0, "read": {"device_start": -1, "device_end": -1}}, "FFC_sans_bias36": {"write": {"device_start": -1, "host_queued_start": 1585660745.369499, "device_queued": -1, "device_end": -1, "host_queued_end": 1585660745.52436}, "device": "cpu", "nd_range": {"device_start": 2328520.1309529473, "device_end": 2328520.2195072053}, "cmdq": 1, "read": {"device_start": -1, "device_end": -1}}, "FFC_sans_bias34": {"write": {"device_start": -1, "host_queued_start": 1585660745.497312, "device_queued": -1, "device_end": -1, "host_queued_end": 1585660745.52436}, "device": "cpu", "nd_range": {"device_start": 2328522.206301296, "device_end": 2328522.288669453}, "cmdq": 1, "read": {"device_start": -1, "device_end": -1}}, "FFC_sans_bias33": {"write": {"device_start": -1, "host_queued_start": 1585660745.479651, "device_queued": -1, "device_end": -1, "host_queued_end": 1585660745.52436}, "device": "cpu", "nd_range": {"device_start": 2328521.7368005733, "device_end": 2328521.8288071332}, "cmdq": 0, "read": {"device_start": -1, "device_end": -1}}, "FFC_sans_bias31": {"write": {"device_start": -1, "host_queued_start": 1585660745.464996, "device_queued": -1, "device_end": -1, "host_queued_end": 1585660745.52436}, "device": "cpu", "nd_range": {"device_start": 2328521.203781933, "device_end": 2328521.291620288}, "cmdq": 0, "read": {"device_start": -1, "device_end": -1}}, "FFC_sans_bias38": {"write": {"device_start": -1, "host_queued_start": 1585660745.376178, "device_queued": -1, "device_end": -1, "host_queued_end": 1585660745.52436}, "device": "cpu", "nd_range": {"device_start": 2328520.2195222233, "device_end": 2328520.309546731}, "cmdq": 1, "read": {"device_start": -1, "device_end": -1}}, "coalesced_transpose75": {"write": {"device_start": -1, "host_queued_start": 1585660745.460265, "device_queued": -1, "device_end": -1, "host_queued_end": 1585660745.52436}, "device": "cpu", "nd_range": {"device_start": 2328521.101201775, "device_end": 2328521.102064751}, "cmdq": 0, "read": {"device_start": -1, "device_end": -1}}, "softmax140": {"write": {"device_start": -1, "host_queued_start": 1585660745.277991, "device_queued": -1, "device_end": -1, "host_queued_end": 1585660745.288919}, "device": "gpu", "nd_range": {"device_start": 1585660677.8661702, "device_end": 1585660677.8668923}, "cmdq": 0, "read": {"device_start": -1, "device_end": -1}}, "empty44": {"write": {"device_start": -1, "host_queued_start": 1585660745.304604, "device_queued": -1, "device_end": -1, "host_queued_end": 1585660745.52436}, "device": "cpu", "nd_range": {"device_start": 2328519.714051236, "device_end": 2328519.7140519354}, "cmdq": 0, "read": {"device_start": -1, "device_end": -1}}, "FFC_sans_bias137": {"write": {"device_start": 1585660677.8462422, "host_queued_start": 1585660745.272036, "device_queued": 1585660677.8276947, "device_end": 1585660677.8463428, "host_queued_end": 1585660745.288919}, "device": "gpu", "nd_range": {"device_start": 1585660677.846348, "device_end": 1585660677.852387}, "cmdq": 0, "read": {"device_start": -1, "device_end": -1}}, "empty8": {"write": {"device_start": -1, "host_queued_start": 1585660745.293074, "device_queued": -1, "device_end": -1, "host_queued_end": 1585660745.52436}, "device": "cpu", "nd_range": {"device_start": 2328519.7140061753, "device_end": 2328519.7140175393}, "cmdq": 0, "read": {"device_start": -1, "device_end": -1}}, "softmax50": {"write": {"device_start": -1, "host_queued_start": 1585660745.473595, "device_queued": -1, "device_end": -1, "host_queued_end": 1585660745.52436}, "device": "cpu", "nd_range": {"device_start": 2328521.654421592, "device_end": 2328521.654788374}, "cmdq": 1, "read": {"device_start": -1, "device_end": -1}}, "softmax59": {"write": {"device_start": -1, "host_queued_start": 1585660745.474113, "device_queued": -1, "device_end": -1, "host_queued_end": 1585660745.52436}, "device": "cpu", "nd_range": {"device_start": 2328521.646862401, "device_end": 2328521.6475836053}, "cmdq": 0, "read": {"device_start": -1, "device_end": -1}}, "FFC_sans_bias142": {"write": {"device_start": 1585660677.8800297, "host_queued_start": 1585660745.288797, "device_queued": 1585660677.8301792, "device_end": 1585660677.8801272, "host_queued_end": 1585660745.288919}, "device": "gpu", "nd_range": {"device_start": 1585660677.8801334, "device_end": 1585660677.885831}, "cmdq": 0, "read": {"device_start": 1585660677.8858383, "device_end": 1585660677.8859277}}, "FFC_sans_bias141": {"write": {"device_start": -1, "host_queued_start": 1585660745.278982, "device_queued": -1, "device_end": -1, "host_queued_end": 1585660745.288919}, "device": "gpu", "nd_range": {"device_start": 1585660677.86955, "device_end": 1585660677.8761544}, "cmdq": 1, "read": {"device_start": -1, "device_end": -1}}, "FFC_sans_bias24": {"write": {"device_start": -1, "host_queued_start": 1585660745.479062, "device_queued": -1, "device_end": -1, "host_queued_end": 1585660745.52436}, "device": "cpu", "nd_range": {"device_start": 2328521.725662475, "device_end": 2328521.7780753043}, "cmdq": 1, "read": {"device_start": -1, "device_end": -1}}, "FFC_sans_bias25": {"write": {"device_start": -1, "host_queued_start": 1585660745.494261, "device_queued": -1, "device_end": -1, "host_queued_end": 1585660745.52436}, "device": "cpu", "nd_range": {"device_start": 2328522.164365299, "device_end": 2328522.24312774}, "cmdq": 0, "read": {"device_start": -1, "device_end": -1}}, "FFC_sans_bias27": {"write": {"device_start": -1, "host_queued_start": 1585660745.359489, "device_queued": -1, "device_end": -1, "host_queued_end": 1585660745.52436}, "device": "cpu", "nd_range": {"device_start": 2328520.000860798, "device_end": 2328520.077182008}, "cmdq": 0, "read": {"device_start": -1, "device_end": -1}}, "FFC_sans_bias20": {"write": {"device_start": -1, "host_queued_start": 1585660745.356119, "device_queued": -1, "device_end": -1, "host_queued_end": 1585660745.52436}, "device": "cpu", "nd_range": {"device_start": 2328519.982569382, "device_end": 2328520.045114371}, "cmdq": 1, "read": {"device_start": -1, "device_end": -1}}, "FFC_sans_bias22": {"write": {"device_start": -1, "host_queued_start": 1585660745.464404, "device_queued": -1, "device_end": -1, "host_queued_end": 1585660745.52436}, "device": "cpu", "nd_range": {"device_start": 2328521.179566186, "device_end": 2328521.263900395}, "cmdq": 1, "read": {"device_start": -1, "device_end": -1}}, "FFC_sans_bias130": {"write": {"device_start": -1, "host_queued_start": 1585660745.276931, "device_queued": -1, "device_end": -1, "host_queued_end": 1585660745.288919}, "device": "gpu", "nd_range": {"device_start": 1585660677.8556874, "device_end": 1585660677.8623626}, "cmdq": 0, "read": {"device_start": -1, "device_end": -1}}, "FFC_sans_bias28": {"write": {"device_start": -1, "host_queued_start": 1585660745.362798, "device_queued": -1, "device_end": -1, "host_queued_end": 1585660745.52436}, "device": "cpu", "nd_range": {"device_start": 2328520.045130112, "device_end": 2328520.130939633}, "cmdq": 1, "read": {"device_start": -1, "device_end": -1}}, "FFC_sans_bias29": {"write": {"device_start": -1, "host_queued_start": 1585660745.366153, "device_queued": -1, "device_end": -1, "host_queued_end": 1585660745.52436}, "device": "cpu", "nd_range": {"device_start": 2328520.077359174, "device_end": 2328520.141422973}, "cmdq": 0, "read": {"device_start": -1, "device_end": -1}}, "coalesced_transpose66": {"write": {"device_start": -1, "host_queued_start": 1585660745.459684, "device_queued": -1, "device_end": -1, "host_queued_end": 1585660745.52436}, "device": "cpu", "nd_range": {"device_start": 2328521.0963143883, "device_end": 2328521.096716334}, "cmdq": 1, "read": {"device_start": -1, "device_end": -1}}, "coalesced_transpose93": {"write": {"device_start": -1, "host_queued_start": 1585660745.461422, "device_queued": -1, "device_end": -1, "host_queued_end": 1585660745.52436}, "device": "cpu", "nd_range": {"device_start": 2328521.102076745, "device_end": 2328521.102912423}, "cmdq": 0, "read": {"device_start": -1, "device_end": -1}}, "softmax23": {"write": {"device_start": -1, "host_queued_start": 1585660745.472031, "device_queued": -1, "device_end": -1, "host_queued_end": 1585660745.52436}, "device": "cpu", "nd_range": {"device_start": 2328521.645127403, "device_end": 2328521.645846546}, "cmdq": 0, "read": {"device_start": -1, "device_end": -1}}, "empty62": {"write": {"device_start": -1, "host_queued_start": 1585660745.310008, "device_queued": -1, "device_end": -1, "host_queued_end": 1585660745.52436}, "device": "cpu", "nd_range": {"device_start": 2328519.714057057, "device_end": 2328519.714057616}, "cmdq": 0, "read": {"device_start": -1, "device_end": -1}}, "FFC_sans_bias10": {"write": {"device_start": -1, "host_queued_start": 1585660745.342396, "device_queued": -1, "device_end": -1, "host_queued_end": 1585660745.52436}, "device": "cpu", "nd_range": {"device_start": 2328519.835722792, "device_end": 2328519.905878997}, "cmdq": 1, "read": {"device_start": -1, "device_end": -1}}, "FFC_sans_bias13": {"write": {"device_start": -1, "host_queued_start": 1585660745.463794, "device_queued": -1, "device_end": -1, "host_queued_end": 1585660745.52436}, "device": "cpu", "nd_range": {"device_start": 2328521.1037968593, "device_end": 2328521.2034467803}, "cmdq": 0, "read": {"device_start": -1, "device_end": -1}}, "FFC_sans_bias15": {"write": {"device_start": -1, "host_queued_start": 1585660745.478453, "device_queued": -1, "device_end": -1, "host_queued_end": 1585660745.52436}, "device": "cpu", "nd_range": {"device_start": 2328521.664777629, "device_end": 2328521.736779247}, "cmdq": 0, "read": {"device_start": -1, "device_end": -1}}, "FFC_sans_bias16": {"write": {"device_start": -1, "host_queued_start": 1585660745.491274, "device_queued": -1, "device_end": -1, "host_queued_end": 1585660745.52436}, "device": "cpu", "nd_range": {"device_start": 2328522.134694486, "device_end": 2328522.206284771}, "cmdq": 1, "read": {"device_start": -1, "device_end": -1}}, "FFC_sans_bias19": {"write": {"device_start": -1, "host_queued_start": 1585660745.35278, "device_queued": -1, "device_end": -1, "host_queued_end": 1585660745.52436}, "device": "cpu", "nd_range": {"device_start": 2328519.935146226, "device_end": 2328520.00068888}, "cmdq": 0, "read": {"device_start": -1, "device_end": -1}}, "FFC_sans_bias18": {"write": {"device_start": -1, "host_queued_start": 1585660745.349325, "device_queued": -1, "device_end": -1, "host_queued_end": 1585660745.52436}, "device": "cpu", "nd_range": {"device_start": 2328519.9058958013, "device_end": 2328519.982556321}, "cmdq": 1, "read": {"device_start": -1, "device_end": -1}}, "FFC_sans_bias99": {"write": {"device_start": -1, "host_queued_start": 1585660745.439637, "device_queued": -1, "device_end": -1, "host_queued_end": 1585660745.52436}, "device": "cpu", "nd_range": {"device_start": 2328520.900462666, "device_end": 2328520.9842716083}, "cmdq": 0, "read": {"device_start": -1, "device_end": -1}}, "FFC_sans_bias91": {"write": {"device_start": -1, "host_queued_start": 1585660745.433028, "device_queued": -1, "device_end": -1, "host_queued_end": 1585660745.52436}, "device": "cpu", "nd_range": {"device_start": 2328520.830438373, "device_end": 2328520.900271255}, "cmdq": 0, "read": {"device_start": -1, "device_end": -1}}, "FFC_sans_bias90": {"write": {"device_start": -1, "host_queued_start": 1585660745.429717, "device_queued": -1, "device_end": -1, "host_queued_end": 1585660745.52436}, "device": "cpu", "nd_range": {"device_start": 2328520.716519659, "device_end": 2328520.792929294}, "cmdq": 1, "read": {"device_start": -1, "device_end": -1}}, "coalesced_transpose12": {"write": {"device_start": -1, "host_queued_start": 1585660745.456169, "device_queued": -1, "device_end": -1, "host_queued_end": 1585660745.52436}, "device": "cpu", "nd_range": {"device_start": 2328521.0944083473, "device_end": 2328521.095361064}, "cmdq": 1, "read": {"device_start": -1, "device_end": -1}}, "FFC_sans_bias94": {"write": {"device_start": -1, "host_queued_start": 1585660745.469254, "device_queued": -1, "device_end": -1, "host_queued_end": 1585660745.52436}, "device": "cpu", "nd_range": {"device_start": 2328521.515529153, "device_end": 2328521.583156791}, "cmdq": 1, "read": {"device_start": -1, "device_end": -1}}, "FFC_sans_bias97": {"write": {"device_start": -1, "host_queued_start": 1585660745.518322, "device_queued": -1, "device_end": -1, "host_queued_end": 1585660745.52436}, "device": "cpu", "nd_range": {"device_start": 2328522.461318997, "device_end": 2328522.531676895}, "cmdq": 0, "read": {"device_start": -1, "device_end": -1}}, "FFC_sans_bias96": {"write": {"device_start": -1, "host_queued_start": 1585660745.483858, "device_queued": -1, "device_end": -1, "host_queued_end": 1585660745.52436}, "device": "cpu", "nd_range": {"device_start": 2328521.98991109, "device_end": 2328522.061027335}, "cmdq": 1, "read": {"device_start": -1, "device_end": -1}}, "FFC_sans_bias124": {"write": {"device_start": 1585660677.873267, "host_queued_start": 1585660745.282218, "device_queued": 1585660677.8294299, "device_end": 1585660677.8733923, "host_queued_end": 1585660745.288919}, "device": "gpu", "nd_range": {"device_start": 1585660677.8733995, "device_end": 1585660677.8793144}, "cmdq": 0, "read": {"device_start": 1585660677.8793178, "device_end": 1585660677.8794124}}, "FFC_sans_bias126": {"write": {"device_start": 1585660677.8365605, "host_queued_start": 1585660745.26205, "device_queued": 1585660677.8270094, "device_end": 1585660677.8366635, "host_queued_end": 1585660745.288919}, "device": "gpu", "nd_range": {"device_start": 1585660677.8366692, "device_end": 1585660677.842588}, "cmdq": 1, "read": {"device_start": -1, "device_end": -1}}, "softmax32": {"write": {"device_start": -1, "host_queued_start": 1585660745.472556, "device_queued": -1, "device_end": -1, "host_queued_end": 1585660745.52436}, "device": "cpu", "nd_range": {"device_start": 2328521.654042987, "device_end": 2328521.6544149183}, "cmdq": 1, "read": {"device_start": -1, "device_end": -1}}, "coalesced_transpose84": {"write": {"device_start": -1, "host_queued_start": 1585660745.460841, "device_queued": -1, "device_end": -1, "host_queued_end": 1585660745.52436}, "device": "cpu", "nd_range": {"device_start": 2328521.0967238704, "device_end": 2328521.097157515}, "cmdq": 1, "read": {"device_start": -1, "device_end": -1}}, "FFC_sans_bias121": {"write": {"device_start": -1, "host_queued_start": 1585660745.276611, "device_queued": -1, "device_end": -1, "host_queued_end": 1585660745.288919}, "device": "gpu", "nd_range": {"device_start": 1585660677.8556795, "device_end": 1585660677.8590438}, "cmdq": 1, "read": {"device_start": -1, "device_end": -1}}, "empty98": {"write": {"device_start": -1, "host_queued_start": 1585660745.320695, "device_queued": -1, "device_end": -1, "host_queued_end": 1585660745.52436}, "device": "cpu", "nd_range": {"device_start": 2328519.7140690843, "device_end": 2328519.7140696933}, "cmdq": 0, "read": {"device_start": -1, "device_end": -1}}, "empty107": {"write": {"device_start": -1, "host_queued_start": 1585660745.323294, "device_queued": -1, "device_end": -1, "host_queued_end": 1585660745.52436}, "device": "cpu", "nd_range": {"device_start": 2328519.714069356, "device_end": 2328519.7140698764}, "cmdq": 1, "read": {"device_start": -1, "device_end": -1}}, "empty17": {"write": {"device_start": -1, "host_queued_start": 1585660745.295987, "device_queued": -1, "device_end": -1, "host_queued_end": 1585660745.52436}, "device": "cpu", "nd_range": {"device_start": 2328519.714006055, "device_end": 2328519.7140173963}, "cmdq": 1, "read": {"device_start": -1, "device_end": -1}}, "FFC_sans_bias87": {"write": {"device_start": -1, "host_queued_start": 1585660745.483269, "device_queued": -1, "device_end": -1, "host_queued_end": 1585660745.52436}, "device": "cpu", "nd_range": {"device_start": 2328521.970882634, "device_end": 2328522.027118594}, "cmdq": 0, "read": {"device_start": -1, "device_end": -1}}, "FFC_sans_bias85": {"write": {"device_start": -1, "host_queued_start": 1585660745.468658, "device_queued": -1, "device_end": -1, "host_queued_end": 1585660745.52436}, "device": "cpu", "nd_range": {"device_start": 2328521.455388086, "device_end": 2328521.545542673}, "cmdq": 0, "read": {"device_start": -1, "device_end": -1}}, "FFC_sans_bias82": {"write": {"device_start": -1, "host_queued_start": 1585660745.423032, "device_queued": -1, "device_end": -1, "host_queued_end": 1585660745.52436}, "device": "cpu", "nd_range": {"device_start": 2328520.65561485, "device_end": 2328520.7165065203}, "cmdq": 1, "read": {"device_start": -1, "device_end": -1}}, "FFC_sans_bias83": {"write": {"device_start": -1, "host_queued_start": 1585660745.426369, "device_queued": -1, "device_end": -1, "host_queued_end": 1585660745.52436}, "device": "cpu", "nd_range": {"device_start": 2328520.762494212, "device_end": 2328520.8302399972}, "cmdq": 0, "read": {"device_start": -1, "device_end": -1}}, "FFC_sans_bias81": {"write": {"device_start": -1, "host_queued_start": 1585660745.419706, "device_queued": -1, "device_end": -1, "host_queued_end": 1585660745.52436}, "device": "cpu", "nd_range": {"device_start": 2328520.701162274, "device_end": 2328520.762296624}, "cmdq": 0, "read": {"device_start": -1, "device_end": -1}}, "FFC_sans_bias88": {"write": {"device_start": -1, "host_queued_start": 1585660745.515325, "device_queued": -1, "device_end": -1, "host_queued_end": 1585660745.52436}, "device": "cpu", "nd_range": {"device_start": 2328522.434810004, "device_end": 2328522.489350982}, "cmdq": 1, "read": {"device_start": -1, "device_end": -1}}, "coalesced_transpose30": {"write": {"device_start": -1, "host_queued_start": 1585660745.457319, "device_queued": -1, "device_end": -1, "host_queued_end": 1585660745.52436}, "device": "cpu", "nd_range": {"device_start": 2328521.095370232, "device_end": 2328521.0958825042}, "cmdq": 1, "read": {"device_start": -1, "device_end": -1}}, "FFC_sans_bias128": {"write": {"device_start": 1585660677.8332145, "host_queued_start": 1585660745.258757, "device_queued": 1585660677.8267817, "device_end": 1585660677.833314, "host_queued_end": 1585660745.288919}, "device": "gpu", "nd_range": {"device_start": 1585660677.8333192, "device_end": 1585660677.839289}, "cmdq": 0, "read": {"device_start": -1, "device_end": -1}}, "coalesced_transpose39": {"write": {"device_start": -1, "host_queued_start": 1585660745.457911, "device_queued": -1, "device_end": -1, "host_queued_end": 1585660745.52436}, "device": "cpu", "nd_range": {"device_start": 2328521.0994353304, "device_end": 2328521.100308616}, "cmdq": 0, "read": {"device_start": -1, "device_end": -1}}, "FFC_sans_bias79": {"write": {"device_start": -1, "host_queued_start": 1585660745.512331, "device_queued": -1, "device_end": -1, "host_queued_end": 1585660745.52436}, "device": "cpu", "nd_range": {"device_start": 2328522.400417746, "device_end": 2328522.4613124942}, "cmdq": 0, "read": {"device_start": -1, "device_end": -1}}, "FFC_sans_bias78": {"write": {"device_start": -1, "host_queued_start": 1585660745.482681, "device_queued": -1, "device_end": -1, "host_queued_end": 1585660745.52436}, "device": "cpu", "nd_range": {"device_start": 2328521.923553678, "device_end": 2328521.9898923393}, "cmdq": 1, "read": {"device_start": -1, "device_end": -1}}, "FFC_sans_bias73": {"write": {"device_start": -1, "host_queued_start": 1585660745.413026, "device_queued": -1, "device_end": -1, "host_queued_end": 1585660745.52436}, "device": "cpu", "nd_range": {"device_start": 2328520.624835168, "device_end": 2328520.694892431}, "cmdq": 0, "read": {"device_start": -1, "device_end": -1}}, "FFC_sans_bias72": {"write": {"device_start": -1, "host_queued_start": 1585660745.409706, "device_queued": -1, "device_end": -1, "host_queued_end": 1585660745.52436}, "device": "cpu", "nd_range": {"device_start": 2328520.5323600643, "device_end": 2328520.578962721}, "cmdq": 1, "read": {"device_start": -1, "device_end": -1}}, "FFC_sans_bias70": {"write": {"device_start": -1, "host_queued_start": 1585660745.509357, "device_queued": -1, "device_end": -1, "host_queued_end": 1585660745.52436}, "device": "cpu", "nd_range": {"device_start": 2328522.340835674, "device_end": 2328522.434798433}, "cmdq": 1, "read": {"device_start": -1, "device_end": -1}}, "FFC_sans_bias76": {"write": {"device_start": -1, "host_queued_start": 1585660745.468064, "device_queued": -1, "device_end": -1, "host_queued_end": 1585660745.52436}, "device": "cpu", "nd_range": {"device_start": 2328521.435150174, "device_end": 2328521.515507781}, "cmdq": 1, "read": {"device_start": -1, "device_end": -1}}, "FFC_sans_bias74": {"write": {"device_start": -1, "host_queued_start": 1585660745.416346, "device_queued": -1, "device_end": -1, "host_queued_end": 1585660745.52436}, "device": "cpu", "nd_range": {"device_start": 2328520.579150768, "device_end": 2328520.655414849}, "cmdq": 1, "read": {"device_start": -1, "device_end": -1}}, "coalesced_transpose102": {"write": {"device_start": -1, "host_queued_start": 1585660745.461994, "device_queued": -1, "device_end": -1, "host_queued_end": 1585660745.52436}, "device": "cpu", "nd_range": {"device_start": 2328521.0971637783, "device_end": 2328521.097593291}, "cmdq": 1, "read": {"device_start": -1, "device_end": -1}}, "coalesced_transpose3": {"write": {"device_start": -1, "host_queued_start": 1585660745.455588, "device_queued": -1, "device_end": -1, "host_queued_end": 1585660745.52436}, "device": "cpu", "nd_range": {"device_start": 2328521.0981210163, "device_end": 2328521.098508636}, "cmdq": 0, "read": {"device_start": -1, "device_end": -1}}, "FFC_sans_bias127": {"write": {"device_start": 1585660677.8396685, "host_queued_start": 1585660745.265396, "device_queued": 1585660677.8272402, "device_end": 1585660677.839769, "host_queued_end": 1585660745.288919}, "device": "gpu", "nd_range": {"device_start": 1585660677.8397732, "device_end": 1585660677.8458843}, "cmdq": 0, "read": {"device_start": -1, "device_end": -1}}, "empty89": {"write": {"device_start": -1, "host_queued_start": 1585660745.318069, "device_queued": -1, "device_end": -1, "host_queued_end": 1585660745.52436}, "device": "cpu", "nd_range": {"device_start": 2328519.714062855, "device_end": 2328519.714063407}, "cmdq": 1, "read": {"device_start": -1, "device_end": -1}}, "FFC_sans_bias123": {"write": {"device_start": -1, "host_queued_start": 1585660745.278304, "device_queued": -1, "device_end": -1, "host_queued_end": 1585660745.288919}, "device": "gpu", "nd_range": {"device_start": 1585660677.8661773, "device_end": 1585660677.8695443}, "cmdq": 1, "read": {"device_start": -1, "device_end": -1}}, "empty80": {"write": {"device_start": -1, "host_queued_start": 1585660745.31545, "device_queued": -1, "device_end": -1, "host_queued_end": 1585660745.52436}, "device": "cpu", "nd_range": {"device_start": 2328519.714062701, "device_end": 2328519.714063304}, "cmdq": 0, "read": {"device_start": -1, "device_end": -1}}, "empty116": {"write": {"device_start": -1, "host_queued_start": 1585660745.325878, "device_queued": -1, "device_end": -1, "host_queued_end": 1585660745.52436}, "device": "cpu", "nd_range": {"device_start": 2328519.714073867, "device_end": 2328519.7140746834}, "cmdq": 0, "read": {"device_start": -1, "device_end": -1}}, "softmax104": {"write": {"device_start": -1, "host_queued_start": 1585660745.476725, "device_queued": -1, "device_end": -1, "host_queued_end": 1585660745.52436}, "device": "cpu", "nd_range": {"device_start": 2328521.655492506, "device_end": 2328521.655859242}, "cmdq": 1, "read": {"device_start": -1, "device_end": -1}}, "coalesced_transpose21": {"write": {"device_start": -1, "host_queued_start": 1585660745.456744, "device_queued": -1, "device_end": -1, "host_queued_end": 1585660745.52436}, "device": "cpu", "nd_range": {"device_start": 2328521.098523749, "device_end": 2328521.0994221563}, "cmdq": 0, "read": {"device_start": -1, "device_end": -1}}, "softmax14": {"write": {"device_start": -1, "host_queued_start": 1585660745.471508, "device_queued": -1, "device_end": -1, "host_queued_end": 1585660745.52436}, "device": "cpu", "nd_range": {"device_start": 2328521.65367006, "device_end": 2328521.6540350663}, "cmdq": 1, "read": {"device_start": -1, "device_end": -1}}, "FFC_sans_bias69": {"write": {"device_start": -1, "host_queued_start": 1585660745.482028, "device_queued": -1, "device_end": -1, "host_queued_end": 1585660745.52436}, "device": "cpu", "nd_range": {"device_start": 2328521.881183168, "device_end": 2328521.9706567093}, "cmdq": 0, "read": {"device_start": -1, "device_end": -1}}, "FFC_sans_bias92": {"write": {"device_start": -1, "host_queued_start": 1585660745.436314, "device_queued": -1, "device_end": -1, "host_queued_end": 1585660745.52436}, "device": "cpu", "nd_range": {"device_start": 2328520.792949888, "device_end": 2328520.86347037}, "cmdq": 1, "read": {"device_start": -1, "device_end": -1}}, "FFC_sans_bias60": {"write": {"device_start": -1, "host_queued_start": 1585660745.481431, "device_queued": -1, "device_end": -1, "host_queued_end": 1585660745.52436}, "device": "cpu", "nd_range": {"device_start": 2328521.843142853, "device_end": 2328521.923313559}, "cmdq": 1, "read": {"device_start": -1, "device_end": -1}}, "FFC_sans_bias61": {"write": {"device_start": -1, "host_queued_start": 1585660745.506353, "device_queued": -1, "device_end": -1, "host_queued_end": 1585660745.52436}, "device": "cpu", "nd_range": {"device_start": 2328522.337516066, "device_end": 2328522.4004102163}, "cmdq": 0, "read": {"device_start": -1, "device_end": -1}}, "FFC_sans_bias63": {"write": {"device_start": -1, "host_queued_start": 1585660745.406345, "device_queued": -1, "device_end": -1, "host_queued_end": 1585660745.52436}, "device": "cpu", "nd_range": {"device_start": 2328520.548452969, "device_end": 2328520.618894129}, "cmdq": 0, "read": {"device_start": -1, "device_end": -1}}, "FFC_sans_bias64": {"write": {"device_start": -1, "host_queued_start": 1585660745.399608, "device_queued": -1, "device_end": -1, "host_queued_end": 1585660745.52436}, "device": "cpu", "nd_range": {"device_start": 2328520.445750325, "device_end": 2328520.547951498}, "cmdq": 0, "read": {"device_start": -1, "device_end": -1}}, "FFC_sans_bias65": {"write": {"device_start": -1, "host_queued_start": 1585660745.402931, "device_queued": -1, "device_end": -1, "host_queued_end": 1585660745.52436}, "device": "cpu", "nd_range": {"device_start": 2328520.4656110173, "device_end": 2328520.532159231}, "cmdq": 1, "read": {"device_start": -1, "device_end": -1}}, "FFC_sans_bias67": {"write": {"device_start": -1, "host_queued_start": 1585660745.467463, "device_queued": -1, "device_end": -1, "host_queued_end": 1585660745.52436}, "device": "cpu", "nd_range": {"device_start": 2328521.379868648, "device_end": 2328521.455196152}, "cmdq": 0, "read": {"device_start": -1, "device_end": -1}}, "coalesced_transpose111": {"write": {"device_start": -1, "host_queued_start": 1585660745.462587, "device_queued": -1, "device_end": -1, "host_queued_end": 1585660745.52436}, "device": "cpu", "nd_range": {"device_start": 2328521.1029240154, "device_end": 2328521.103764002}, "cmdq": 0, "read": {"device_start": -1, "device_end": -1}}, "FFC_sans_bias136": {"write": {"device_start": 1585660677.8429472, "host_queued_start": 1585660745.268713, "device_queued": 1585660677.8274672, "device_end": 1585660677.843049, "host_queued_end": 1585660745.288919}, "device": "gpu", "nd_range": {"device_start": 1585660677.8430538, "device_end": 1585660677.8491244}, "cmdq": 1, "read": {"device_start": -1, "device_end": -1}}, "FFC_sans_bias135": {"write": {"device_start": 1585660677.8494735, "host_queued_start": 1585660745.27534, "device_queued": 1585660677.827923, "device_end": 1585660677.8495727, "host_queued_end": 1585660745.288919}, "device": "gpu", "nd_range": {"device_start": 1585660677.8495774, "device_end": 1585660677.855651}, "cmdq": 1, "read": {"device_start": -1, "device_end": -1}}, "FFC_sans_bias133": {"write": {"device_start": 1585660677.8765066, "host_queued_start": 1585660745.285512, "device_queued": 1585660677.8298159, "device_end": 1585660677.8766057, "host_queued_end": 1585660745.288919}, "device": "gpu", "nd_range": {"device_start": 1585660677.8766115, "device_end": 1585660677.8825839}, "cmdq": 1, "read": {"device_start": 1585660677.8825855, "device_end": 1585660677.882676}}, "FFC_sans_bias132": {"write": {"device_start": -1, "host_queued_start": 1585660745.278664, "device_queued": -1, "device_end": -1, "host_queued_end": 1585660745.288919}, "device": "gpu", "nd_range": {"device_start": 1585660677.8668976, "device_end": 1585660677.8728726}, "cmdq": 0, "read": {"device_start": -1, "device_end": -1}}, "softmax68": {"write": {"device_start": -1, "host_queued_start": 1585660745.474645, "device_queued": -1, "device_end": -1, "host_queued_end": 1585660745.52436}, "device": "cpu", "nd_range": {"device_start": 2328521.6547953873, "device_end": 2328521.6551413443}, "cmdq": 1, "read": {"device_start": -1, "device_end": -1}}, "softmax131": {"write": {"device_start": -1, "host_queued_start": 1585660745.277744, "device_queued": -1, "device_end": -1, "host_queued_end": 1585660745.288919}, "device": "gpu", "nd_range": {"device_start": 1585660677.8656292, "device_end": 1585660677.8660383}, "cmdq": 1, "read": {"device_start": -1, "device_end": -1}}, "empty125": {"write": {"device_start": 1585660677.8250146, "host_queued_start": 1585660745.239563, "device_queued": 1585660677.8246903, "device_end": 1585660677.8252099, "host_queued_end": 1585660745.288919}, "device": "gpu", "nd_range": {"device_start": 1585660677.8252134, "device_end": 1585660677.8252196}, "cmdq": 0, "read": {"device_start": -1, "device_end": -1}}, "FFC_sans_bias139": {"write": {"device_start": -1, "host_queued_start": 1585660745.277248, "device_queued": -1, "device_end": -1, "host_queued_end": 1585660745.288919}, "device": "gpu", "nd_range": {"device_start": 1585660677.859049, "device_end": 1585660677.8656244}, "cmdq": 1, "read": {"device_start": -1, "device_end": -1}}, "empty35": {"write": {"device_start": -1, "host_queued_start": 1585660745.301747, "device_queued": -1, "device_end": -1, "host_queued_end": 1585660745.52436}, "device": "cpu", "nd_range": {"device_start": 2328519.714043181, "device_end": 2328519.7140447823}, "cmdq": 1, "read": {"device_start": -1, "device_end": -1}}, "softmax86": {"write": {"device_start": -1, "host_queued_start": 1585660745.475689, "device_queued": -1, "device_end": -1, "host_queued_end": 1585660745.52436}, "device": "cpu", "nd_range": {"device_start": 2328521.6551475963, "device_end": 2328521.655485557}, "cmdq": 1, "read": {"device_start": -1, "device_end": -1}}, "FFC_sans_bias55": {"write": {"device_start": -1, "host_queued_start": 1585660745.396218, "device_queued": -1, "device_end": -1, "host_queued_end": 1585660745.52436}, "device": "cpu", "nd_range": {"device_start": 2328520.4260797333, "device_end": 2328520.465424384}, "cmdq": 1, "read": {"device_start": -1, "device_end": -1}}, "FFC_sans_bias54": {"write": {"device_start": -1, "host_queued_start": 1585660745.392869, "device_queued": -1, "device_end": -1, "host_queued_end": 1585660745.52436}, "device": "cpu", "nd_range": {"device_start": 2328520.33863799, "device_end": 2328520.443276078}, "cmdq": 0, "read": {"device_start": -1, "device_end": -1}}, "FFC_sans_bias56": {"write": {"device_start": -1, "host_queued_start": 1585660745.389511, "device_queued": -1, "device_end": -1, "host_queued_end": 1585660745.52436}, "device": "cpu", "nd_range": {"device_start": 2328520.364078458, "device_end": 2328520.425872656}, "cmdq": 1, "read": {"device_start": -1, "device_end": -1}}, "FFC_sans_bias51": {"write": {"device_start": -1, "host_queued_start": 1585660745.480838, "device_queued": -1, "device_end": -1, "host_queued_end": 1585660745.52436}, "device": "cpu", "nd_range": {"device_start": 2328521.829036376, "device_end": 2328521.8809701973}, "cmdq": 0, "read": {"device_start": -1, "device_end": -1}}, "FFC_sans_bias52": {"write": {"device_start": -1, "host_queued_start": 1585660745.503366, "device_queued": -1, "device_end": -1, "host_queued_end": 1585660745.52436}, "device": "cpu", "nd_range": {"device_start": 2328522.2886846093, "device_end": 2328522.340823925}, "cmdq": 1, "read": {"device_start": -1, "device_end": -1}}, "FFC_sans_bias58": {"write": {"device_start": -1, "host_queued_start": 1585660745.466778, "device_queued": -1, "device_end": -1, "host_queued_end": 1585660745.52436}, "device": "cpu", "nd_range": {"device_start": 2328521.341046613, "device_end": 2328521.435129953}, "cmdq": 1, "read": {"device_start": -1, "device_end": -1}}, "FFC_sans_bias108": {"write": {"device_start": -1, "host_queued_start": 1585660745.449092, "device_queued": -1, "device_end": -1, "host_queued_end": 1585660745.52436}, "device": "cpu", "nd_range": {"device_start": 2328520.932205183, "device_end": 2328520.992110051}, "cmdq": 1, "read": {"device_start": -1, "device_end": -1}}, "FFC_sans_bias109": {"write": {"device_start": -1, "host_queued_start": 1585660745.452164, "device_queued": -1, "device_end": -1, "host_queued_end": 1585660745.52436}, "device": "cpu", "nd_range": {"device_start": 2328521.0382124223, "device_end": 2328521.0981093124}, "cmdq": 0, "read": {"device_start": -1, "device_end": -1}}, "coalesced_transpose129": {"write": {"device_start": -1, "host_queued_start": 1585660745.275991, "device_queued": -1, "device_end": -1, "host_queued_end": 1585660745.288919}, "device": "gpu", "nd_range": {"device_start": 1585660677.8556545, "device_end": 1585660677.8556743}, "cmdq": 1, "read": {"device_start": -1, "device_end": -1}}, "FFC_sans_bias103": {"write": {"device_start": -1, "host_queued_start": 1585660745.469849, "device_queued": -1, "device_end": -1, "host_queued_end": 1585660745.52436}, "device": "cpu", "nd_range": {"device_start": 2328521.545745608, "device_end": 2328521.6440170263}, "cmdq": 0, "read": {"device_start": -1, "device_end": -1}}, "FFC_sans_bias100": {"write": {"device_start": -1, "host_queued_start": 1585660745.442986, "device_queued": -1, "device_end": -1, "host_queued_end": 1585660745.52436}, "device": "cpu", "nd_range": {"device_start": 2328520.863483406, "device_end": 2328520.932193155}, "cmdq": 1, "read": {"device_start": -1, "device_end": -1}}, "FFC_sans_bias101": {"write": {"device_start": -1, "host_queued_start": 1585660745.446033, "device_queued": -1, "device_end": -1, "host_queued_end": 1585660745.52436}, "device": "cpu", "nd_range": {"device_start": 2328520.9844706194, "device_end": 2328521.0380055103}, "cmdq": 0, "read": {"device_start": -1, "device_end": -1}}, "FFC_sans_bias106": {"write": {"device_start": -1, "host_queued_start": 1585660745.521319, "device_queued": -1, "device_end": -1, "host_queued_end": 1585660745.52436}, "device": "cpu", "nd_range": {"device_start": 2328522.4893599832, "device_end": 2328522.588471747}, "cmdq": 1, "read": {"device_start": -1, "device_end": -1}}, "softmax122": {"write": {"device_start": -1, "host_queued_start": 1585660745.277502, "device_queued": -1, "device_end": -1, "host_queued_end": 1585660745.288919}, "device": "gpu", "nd_range": {"device_start": 1585660677.8623679, "device_end": 1585660677.8661654}, "cmdq": 0, "read": {"device_start": -1, "device_end": -1}}, "FFC_sans_bias105": {"write": {"device_start": -1, "host_queued_start": 1585660745.484443, "device_queued": -1, "device_end": -1, "host_queued_end": 1585660745.52436}, "device": "cpu", "nd_range": {"device_start": 2328522.027135117, "device_end": 2328522.096219373}, "cmdq": 0, "read": {"device_start": -1, "device_end": -1}}, "softmax95": {"write": {"device_start": -1, "host_queued_start": 1585660745.476205, "device_queued": -1, "device_end": -1, "host_queued_end": 1585660745.52436}, "device": "cpu", "nd_range": {"device_start": 2328521.648591731, "device_end": 2328521.649307071}, "cmdq": 0, "read": {"device_start": -1, "device_end": -1}}, "coalesced_transpose57": {"write": {"device_start": -1, "host_queued_start": 1585660745.459095, "device_queued": -1, "device_end": -1, "host_queued_end": 1585660745.52436}, "device": "cpu", "nd_range": {"device_start": 2328521.100320306, "device_end": 2328521.101189954}, "cmdq": 0, "read": {"device_start": -1, "device_end": -1}}, "empty26": {"write": {"device_start": -1, "host_queued_start": 1585660745.298834, "device_queued": -1, "device_end": -1, "host_queued_end": 1585660745.52436}, "device": "cpu", "nd_range": {"device_start": 2328519.714043662, "device_end": 2328519.714044677}, "cmdq": 0, "read": {"device_start": -1, "device_end": -1}}, "softmax113": {"write": {"device_start": -1, "host_queued_start": 1585660745.477256, "device_queued": -1, "device_end": -1, "host_queued_end": 1585660745.52436}, "device": "cpu", "nd_range": {"device_start": 2328521.653664173, "device_end": 2328521.664735618}, "cmdq": 0, "read": {"device_start": -1, "device_end": -1}}, "FFC_sans_bias11": {"write": {"device_start": -1, "host_queued_start": 1585660745.345886, "device_queued": -1, "device_end": -1, "host_queued_end": 1585660745.52436}, "device": "cpu", "nd_range": {"device_start": 2328519.875747322, "device_end": 2328519.934958247}, "cmdq": 0, "read": {"device_start": -1, "device_end": -1}}, "FFC_sans_bias42": {"write": {"device_start": -1, "host_queued_start": 1585660745.480248, "device_queued": -1, "device_end": -1, "host_queued_end": 1585660745.52436}, "device": "cpu", "nd_range": {"device_start": 2328521.778318601, "device_end": 2328521.8429327393}, "cmdq": 1, "read": {"device_start": -1, "device_end": -1}}, "FFC_sans_bias43": {"write": {"device_start": -1, "host_queued_start": 1585660745.500381, "device_queued": -1, "device_end": -1, "host_queued_end": 1585660745.52436}, "device": "cpu", "nd_range": {"device_start": 2328522.2431356013, "device_end": 2328522.337508465}, "cmdq": 0, "read": {"device_start": -1, "device_end": -1}}, "FFC_sans_bias40": {"write": {"device_start": -1, "host_queued_start": 1585660745.465587, "device_queued": -1, "device_end": -1, "host_queued_end": 1585660745.52436}, "device": "cpu", "nd_range": {"device_start": 2328521.263926993, "device_end": 2328521.341025841}, "cmdq": 1, "read": {"device_start": -1, "device_end": -1}}, "FFC_sans_bias46": {"write": {"device_start": -1, "host_queued_start": 1585660745.382834, "device_queued": -1, "device_end": -1, "host_queued_end": 1585660745.52436}, "device": "cpu", "nd_range": {"device_start": 2328520.309559666, "device_end": 2328520.363867051}, "cmdq": 1, "read": {"device_start": -1, "device_end": -1}}, "FFC_sans_bias47": {"write": {"device_start": -1, "host_queued_start": 1585660745.386168, "device_queued": -1, "device_end": -1, "host_queued_end": 1585660745.52436}, "device": "cpu", "nd_range": {"device_start": 2328520.2613276793, "device_end": 2328520.338461584}, "cmdq": 0, "read": {"device_start": -1, "device_end": -1}}, "FFC_sans_bias45": {"write": {"device_start": -1, "host_queued_start": 1585660745.37953, "device_queued": -1, "device_end": -1, "host_queued_end": 1585660745.52436}, "device": "cpu", "nd_range": {"device_start": 2328520.206973546, "device_end": 2328520.261120871}, "cmdq": 0, "read": {"device_start": -1, "device_end": -1}}, "FFC_sans_bias49": {"write": {"device_start": -1, "host_queued_start": 1585660745.466179, "device_queued": -1, "device_end": -1, "host_queued_end": 1585660745.52436}, "device": "cpu", "nd_range": {"device_start": 2328521.291815521, "device_end": 2328521.379665675}, "cmdq": 0, "read": {"device_start": -1, "device_end": -1}}, "softmax77": {"write": {"device_start": -1, "host_queued_start": 1585660745.475168, "device_queued": -1, "device_end": -1, "host_queued_end": 1585660745.52436}, "device": "cpu", "nd_range": {"device_start": 2328521.6477211593, "device_end": 2328521.648451767}, "cmdq": 0, "read": {"device_start": -1, "device_end": -1}}, "empty134": {"write": {"device_start": 1585660677.8253691, "host_queued_start": 1585660745.242961, "device_queued": 1585660677.8250024, "device_end": 1585660677.8256323, "host_queued_end": 1585660745.288919}, "device": "gpu", "nd_range": {"device_start": 1585660677.8256357, "device_end": 1585660677.82564}, "cmdq": 1, "read": {"device_start": -1, "device_end": -1}}, "coalesced_transpose138": {"write": {"device_start": -1, "host_queued_start": 1585660745.2763, "device_queued": -1, "device_end": -1, "host_queued_end": 1585660745.288919}, "device": "gpu", "nd_range": {"device_start": 1585660677.855471, "device_end": 1585660677.8555021}, "cmdq": 0, "read": {"device_start": -1, "device_end": -1}}, "FFC_sans_bias119": {"write": {"device_start": 1585660677.829896, "host_queued_start": 1585660745.255389, "device_queued": 1585660677.8265507, "device_end": 1585660677.8299973, "host_queued_end": 1585660745.288919}, "device": "gpu", "nd_range": {"device_start": 1585660677.830002, "device_end": 1585660677.8361657}, "cmdq": 1, "read": {"device_start": -1, "device_end": -1}}, "FFC_sans_bias118": {"write": {"device_start": 1585660677.8264463, "host_queued_start": 1585660745.252042, "device_queued": 1585660677.8261862, "device_end": 1585660677.8265405, "host_queued_end": 1585660745.288919}, "device": "gpu", "nd_range": {"device_start": 1585660677.8265426, "device_end": 1585660677.8328452}, "cmdq": 0, "read": {"device_start": -1, "device_end": -1}}, "empty143": {"write": {"device_start": 1585660677.8257256, "host_queued_start": 1585660745.245875, "device_queued": 1585660677.8252873, "device_end": 1585660677.825984, "host_queued_end": 1585660745.288919}, "device": "gpu", "nd_range": {"device_start": 1585660677.8259866, "device_end": 1585660677.8259907}, "cmdq": 0, "read": {"device_start": -1, "device_end": -1}}, "FFC_sans_bias115": {"write": {"device_start": -1, "host_queued_start": 1585660745.524305, "device_queued": -1, "device_end": -1, "host_queued_end": 1585660745.52436}, "device": "cpu", "nd_range": {"device_start": 2328522.531683968, "device_end": 2328522.5884712404}, "cmdq": 0, "read": {"device_start": -1, "device_end": -1}}, "FFC_sans_bias114": {"write": {"device_start": -1, "host_queued_start": 1585660745.485029, "device_queued": -1, "device_end": -1, "host_queued_end": 1585660745.52436}, "device": "cpu", "nd_range": {"device_start": 2328522.0610464043, "device_end": 2328522.1346665053}, "cmdq": 1, "read": {"device_start": -1, "device_end": -1}}, "FFC_sans_bias117": {"write": {"device_start": 1585660677.826051, "host_queued_start": 1585660745.248718, "device_queued": 1585660677.8256664, "device_end": 1585660677.826146, "host_queued_end": 1585660745.288919}, "device": "gpu", "nd_range": {"device_start": 1585660677.826156, "device_end": 1585660677.8295147}, "cmdq": 1, "read": {"device_start": -1, "device_end": -1}}, "softmax5": {"write": {"device_start": -1, "host_queued_start": 1585660745.470983, "device_queued": -1, "device_end": -1, "host_queued_end": 1585660745.52436}, "device": "cpu", "nd_range": {"device_start": 2328521.644230282, "device_end": 2328521.6449593944}, "cmdq": 0, "read": {"device_start": -1, "device_end": -1}}, "FFC_sans_bias110": {"write": {"device_start": -1, "host_queued_start": 1585660745.455228, "device_queued": -1, "device_end": -1, "host_queued_end": 1585660745.52436}, "device": "cpu", "nd_range": {"device_start": 2328520.992119425, "device_end": 2328521.094396172}, "cmdq": 1, "read": {"device_start": -1, "device_end": -1}}, "FFC_sans_bias112": {"write": {"device_start": -1, "host_queued_start": 1585660745.470447, "device_queued": -1, "device_end": -1, "host_queued_end": 1585660745.52436}, "device": "cpu", "nd_range": {"device_start": 2328521.583173567, "device_end": 2328521.6536402833}, "cmdq": 1, "read": {"device_start": -1, "device_end": -1}}, "empty53": {"write": {"device_start": -1, "host_queued_start": 1585660745.307321, "device_queued": -1, "device_end": -1, "host_queued_end": 1585660745.52436}, "device": "cpu", "nd_range": {"device_start": 2328519.7140507963, "device_end": 2328519.714051758}, "cmdq": 1, "read": {"device_start": -1, "device_end": -1}}, "coalesced_transpose48": {"write": {"device_start": -1, "host_queued_start": 1585660745.458511, "device_queued": -1, "device_end": -1, "host_queued_end": 1585660745.52436}, "device": "cpu", "nd_range": {"device_start": 2328521.0958897453, "device_end": 2328521.096305136}, "cmdq": 1, "read": {"device_start": -1, "device_end": -1}}}