{"FFC_sans_bias4": {"write": {"device_start": -1, "host_queued_start": 1585661614.308068, "device_queued": -1, "device_end": -1, "host_queued_end": 1585661614.334596}, "device": "cpu", "nd_range": {"device_start": 2329389.1578560243, "device_end": 2329389.2748170802}, "cmdq": 1, "read": {"device_start": -1, "device_end": -1}}, "FFC_sans_bias7": {"write": {"device_start": -1, "host_queued_start": 1585661614.320991, "device_queued": -1, "device_end": -1, "host_queued_end": 1585661614.334596}, "device": "cpu", "nd_range": {"device_start": 2329389.504930608, "device_end": 2329389.624145294}, "cmdq": 1, "read": {"device_start": -1, "device_end": -1}}, "FFC_sans_bias6": {"write": {"device_start": -1, "host_queued_start": 1585661614.314697, "device_queued": -1, "device_end": -1, "host_queued_end": 1585661614.334596}, "device": "cpu", "nd_range": {"device_start": 2329389.336752952, "device_end": 2329389.419003588}, "cmdq": 2, "read": {"device_start": -1, "device_end": -1}}, "FFC_sans_bias1": {"write": {"device_start": -1, "host_queued_start": 1585661614.258517, "device_queued": -1, "device_end": -1, "host_queued_end": 1585661614.334596}, "device": "cpu", "nd_range": {"device_start": 2329388.540324787, "device_end": 2329388.6604950894}, "cmdq": 0, "read": {"device_start": -1, "device_end": -1}}, "FFC_sans_bias0": {"write": {"device_start": -1, "host_queued_start": 1585661614.254873, "device_queued": -1, "device_end": -1, "host_queued_end": 1585661614.334596}, "device": "cpu", "nd_range": {"device_start": 2329388.524657039, "device_end": 2329388.587481345}, "cmdq": 2, "read": {"device_start": -1, "device_end": -1}}, "FFC_sans_bias2": {"write": {"device_start": -1, "host_queued_start": 1585661614.261959, "device_queued": -1, "device_end": -1, "host_queued_end": 1585661614.334596}, "device": "cpu", "nd_range": {"device_start": 2329388.55532668, "device_end": 2329388.650597325}, "cmdq": 1, "read": {"device_start": -1, "device_end": -1}}, "coalesced_transpose120": {"write": {"device_start": -1, "host_queued_start": 1585661614.181693, "device_queued": -1, "device_end": -1, "host_queued_end": 1585661614.232968}, "device": "gpu", "nd_range": {"device_start": 1585661546.857747, "device_end": 1585661546.8578181}, "cmdq": 0, "read": {"device_start": -1, "device_end": -1}}, "FFC_sans_bias9": {"write": {"device_start": -1, "host_queued_start": 1585661614.265626, "device_queued": -1, "device_end": -1, "host_queued_end": 1585661614.334596}, "device": "cpu", "nd_range": {"device_start": 2329388.6352249, "device_end": 2329388.7292019953}, "cmdq": 2, "read": {"device_start": -1, "device_end": -1}}, "empty71": {"write": {"device_start": 1585661546.746833, "host_queued_start": 1585661614.038544, "device_queued": 1585661546.7463722, "device_end": 1585661546.7471023, "host_queued_end": 1585661614.232968}, "device": "gpu", "nd_range": {"device_start": 1585661546.7471135, "device_end": 1585661546.747119}, "cmdq": 2, "read": {"device_start": -1, "device_end": -1}}, "softmax41": {"write": {"device_start": -1, "host_queued_start": 1585661614.31403, "device_queued": -1, "device_end": -1, "host_queued_end": 1585661614.334596}, "device": "cpu", "nd_range": {"device_start": 2329389.3804677674, "device_end": 2329389.3811893594}, "cmdq": 1, "read": {"device_start": -1, "device_end": -1}}, "FFC_sans_bias37": {"write": {"device_start": -1, "host_queued_start": 1585661614.300971, "device_queued": -1, "device_end": -1, "host_queued_end": 1585661614.334596}, "device": "cpu", "nd_range": {"device_start": 2329389.025558249, "device_end": 2329389.135068172}, "cmdq": 0, "read": {"device_start": -1, "device_end": -1}}, "FFC_sans_bias36": {"write": {"device_start": -1, "host_queued_start": 1585661614.29753, "device_queued": -1, "device_end": -1, "host_queued_end": 1585661614.334596}, "device": "cpu", "nd_range": {"device_start": 2329389.037413084, "device_end": 2329389.1484049303}, "cmdq": 2, "read": {"device_start": -1, "device_end": -1}}, "FFC_sans_bias34": {"write": {"device_start": -1, "host_queued_start": 1585661614.331307, "device_queued": -1, "device_end": -1, "host_queued_end": 1585661614.334596}, "device": "cpu", "nd_range": {"device_start": 2329389.624160494, "device_end": 2329389.7445518114}, "cmdq": 1, "read": {"device_start": -1, "device_end": -1}}, "FFC_sans_bias33": {"write": {"device_start": -1, "host_queued_start": 1585661614.316792, "device_queued": -1, "device_end": -1, "host_queued_end": 1585661614.334596}, "device": "cpu", "nd_range": {"device_start": 2329389.4192151353, "device_end": 2329389.583251045}, "cmdq": 2, "read": {"device_start": -1, "device_end": -1}}, "FFC_sans_bias31": {"write": {"device_start": -1, "host_queued_start": 1585661614.310167, "device_queued": -1, "device_end": -1, "host_queued_end": 1585661614.334596}, "device": "cpu", "nd_range": {"device_start": 2329389.27521306, "device_end": 2329389.379357802}, "cmdq": 1, "read": {"device_start": -1, "device_end": -1}}, "FFC_sans_bias38": {"write": {"device_start": -1, "host_queued_start": 1585661614.304497, "device_queued": -1, "device_end": -1, "host_queued_end": 1585661614.334596}, "device": "cpu", "nd_range": {"device_start": 2329388.952233047, "device_end": 2329389.1251468603}, "cmdq": 1, "read": {"device_start": -1, "device_end": -1}}, "coalesced_transpose75": {"write": {"device_start": -1, "host_queued_start": 1585661614.180006, "device_queued": -1, "device_end": -1, "host_queued_end": 1585661614.232968}, "device": "gpu", "nd_range": {"device_start": 1585661546.8578126, "device_end": 1585661546.8578753}, "cmdq": 3, "read": {"device_start": -1, "device_end": -1}}, "softmax140": {"write": {"device_start": -1, "host_queued_start": 1585661614.189304, "device_queued": -1, "device_end": -1, "host_queued_end": 1585661614.232968}, "device": "gpu", "nd_range": {"device_start": 1585661546.8953412, "device_end": 1585661546.9023864}, "cmdq": 0, "read": {"device_start": -1, "device_end": -1}}, "empty44": {"write": {"device_start": -1, "host_queued_start": 1585661614.251513, "device_queued": -1, "device_end": -1, "host_queued_end": 1585661614.334596}, "device": "cpu", "nd_range": {"device_start": 2329388.524573356, "device_end": 2329388.524574135}, "cmdq": 1, "read": {"device_start": -1, "device_end": -1}}, "FFC_sans_bias137": {"write": {"device_start": 1585661546.8418577, "host_queued_start": 1585661614.174986, "device_queued": 1585661546.7581491, "device_end": 1585661546.8419588, "host_queued_end": 1585661614.232968}, "device": "gpu", "nd_range": {"device_start": 1585661546.8419683, "device_end": 1585661546.8546124}, "cmdq": 2, "read": {"device_start": -1, "device_end": -1}}, "empty8": {"write": {"device_start": -1, "host_queued_start": 1585661614.238013, "device_queued": -1, "device_end": -1, "host_queued_end": 1585661614.334596}, "device": "cpu", "nd_range": {"device_start": 2329388.5242009424, "device_end": 2329388.524211824}, "cmdq": 0, "read": {"device_start": -1, "device_end": -1}}, "softmax50": {"write": {"device_start": -1, "host_queued_start": 1585661614.18644, "device_queued": -1, "device_end": -1, "host_queued_end": 1585661614.232968}, "device": "gpu", "nd_range": {"device_start": 1585661546.8808568, "device_end": 1585661546.8921776}, "cmdq": 2, "read": {"device_start": -1, "device_end": -1}}, "softmax59": {"write": {"device_start": -1, "host_queued_start": 1585661614.186727, "device_queued": -1, "device_end": -1, "host_queued_end": 1585661614.232968}, "device": "gpu", "nd_range": {"device_start": 1585661546.8938246, "device_end": 1585661546.8942502}, "cmdq": 3, "read": {"device_start": -1, "device_end": -1}}, "FFC_sans_bias142": {"write": {"device_start": 1585661546.9509873, "host_queued_start": 1585661614.232842, "device_queued": 1585661546.7675946, "device_end": 1585661546.9510808, "host_queued_end": 1585661614.232968}, "device": "gpu", "nd_range": {"device_start": 1585661546.9510972, "device_end": 1585661546.9634237}, "cmdq": 2, "read": {"device_start": 1585661546.9634295, "device_end": 1585661546.9635158}}, "FFC_sans_bias141": {"write": {"device_start": -1, "host_queued_start": 1585661614.1931, "device_queued": -1, "device_end": -1, "host_queued_end": 1585661614.232968}, "device": "gpu", "nd_range": {"device_start": 1585661546.911433, "device_end": 1585661546.9244256}, "cmdq": 3, "read": {"device_start": -1, "device_end": -1}}, "FFC_sans_bias24": {"write": {"device_start": -1, "host_queued_start": 1585661614.315963, "device_queued": -1, "device_end": -1, "host_queued_end": 1585661614.334596}, "device": "cpu", "nd_range": {"device_start": 2329389.381337665, "device_end": 2329389.504710377}, "cmdq": 1, "read": {"device_start": -1, "device_end": -1}}, "FFC_sans_bias25": {"write": {"device_start": -1, "host_queued_start": 1585661614.327806, "device_queued": -1, "device_end": -1, "host_queued_end": 1585661614.334596}, "device": "cpu", "nd_range": {"device_start": 2329389.6149093932, "device_end": 2329389.719897388}, "cmdq": 0, "read": {"device_start": -1, "device_end": -1}}, "FFC_sans_bias27": {"write": {"device_start": -1, "host_queued_start": 1585661614.286323, "device_queued": -1, "device_end": -1, "host_queued_end": 1585661614.334596}, "device": "cpu", "nd_range": {"device_start": 2329388.887738542, "device_end": 2329389.037398408}, "cmdq": 2, "read": {"device_start": -1, "device_end": -1}}, "FFC_sans_bias20": {"write": {"device_start": -1, "host_queued_start": 1585661614.282887, "device_queued": -1, "device_end": -1, "host_queued_end": 1585661614.334596}, "device": "cpu", "nd_range": {"device_start": 2329388.7729773982, "device_end": 2329388.852916085}, "cmdq": 1, "read": {"device_start": -1, "device_end": -1}}, "FFC_sans_bias22": {"write": {"device_start": -1, "host_queued_start": 1585661614.309246, "device_queued": -1, "device_end": -1, "host_queued_end": 1585661614.334596}, "device": "cpu", "nd_range": {"device_start": 2329389.136941954, "device_end": 2329389.278297287}, "cmdq": 0, "read": {"device_start": -1, "device_end": -1}}, "FFC_sans_bias130": {"write": {"device_start": -1, "host_queued_start": 1585661614.185855, "device_queued": -1, "device_end": -1, "host_queued_end": 1585661614.232968}, "device": "gpu", "nd_range": {"device_start": 1585661546.871039, "device_end": 1585661546.884079}, "cmdq": 0, "read": {"device_start": -1, "device_end": -1}}, "FFC_sans_bias28": {"write": {"device_start": -1, "host_queued_start": 1585661614.28982, "device_queued": -1, "device_end": -1, "host_queued_end": 1585661614.334596}, "device": "cpu", "nd_range": {"device_start": 2329388.949823736, "device_end": 2329389.025538455}, "cmdq": 0, "read": {"device_start": -1, "device_end": -1}}, "FFC_sans_bias29": {"write": {"device_start": -1, "host_queued_start": 1585661614.293609, "device_queued": -1, "device_end": -1, "host_queued_end": 1585661614.334596}, "device": "cpu", "nd_range": {"device_start": 2329388.852932923, "device_end": 2329388.952220573}, "cmdq": 1, "read": {"device_start": -1, "device_end": -1}}, "coalesced_transpose66": {"write": {"device_start": -1, "host_queued_start": 1585661614.179653, "device_queued": -1, "device_end": -1, "host_queued_end": 1585661614.232968}, "device": "gpu", "nd_range": {"device_start": 1585661546.8546195, "device_end": 1585661546.857717}, "cmdq": 2, "read": {"device_start": -1, "device_end": -1}}, "coalesced_transpose93": {"write": {"device_start": -1, "host_queued_start": 1585661614.180698, "device_queued": -1, "device_end": -1, "host_queued_end": 1585661614.232968}, "device": "gpu", "nd_range": {"device_start": 1585661546.8577025, "device_end": 1585661546.8577518}, "cmdq": 1, "read": {"device_start": -1, "device_end": -1}}, "softmax23": {"write": {"device_start": -1, "host_queued_start": 1585661614.312623, "device_queued": -1, "device_end": -1, "host_queued_end": 1585661614.334596}, "device": "cpu", "nd_range": {"device_start": 2329389.335854798, "device_end": 2329389.336585456}, "cmdq": 2, "read": {"device_start": -1, "device_end": -1}}, "empty62": {"write": {"device_start": 1585661546.7464797, "host_queued_start": 1585661614.035775, "device_queued": 1585661546.7461936, "device_end": 1585661546.74671, "host_queued_end": 1585661614.232968}, "device": "gpu", "nd_range": {"device_start": 1585661546.7468007, "device_end": 1585661546.7468123}, "cmdq": 1, "read": {"device_start": -1, "device_end": -1}}, "FFC_sans_bias10": {"write": {"device_start": -1, "host_queued_start": 1585661614.269032, "device_queued": -1, "device_end": -1, "host_queued_end": 1585661614.334596}, "device": "cpu", "nd_range": {"device_start": 2329388.6605116753, "device_end": 2329388.8012169204}, "cmdq": 0, "read": {"device_start": -1, "device_end": -1}}, "FFC_sans_bias13": {"write": {"device_start": -1, "host_queued_start": 1585661614.308659, "device_queued": -1, "device_end": -1, "host_queued_end": 1585661614.334596}, "device": "cpu", "nd_range": {"device_start": 2329389.150296382, "device_end": 2329389.2749205623}, "cmdq": 2, "read": {"device_start": -1, "device_end": -1}}, "FFC_sans_bias15": {"write": {"device_start": -1, "host_queued_start": 1585661614.315369, "device_queued": -1, "device_end": -1, "host_queued_end": 1585661614.334596}, "device": "cpu", "nd_range": {"device_start": 2329389.406187864, "device_end": 2329389.5209826804}, "cmdq": 0, "read": {"device_start": -1, "device_end": -1}}, "FFC_sans_bias16": {"write": {"device_start": -1, "host_queued_start": 1585661614.324336, "device_queued": -1, "device_end": -1, "host_queued_end": 1585661614.334596}, "device": "cpu", "nd_range": {"device_start": 2329389.583468606, "device_end": 2329389.696073918}, "cmdq": 2, "read": {"device_start": -1, "device_end": -1}}, "FFC_sans_bias19": {"write": {"device_start": -1, "host_queued_start": 1585661614.279463, "device_queued": -1, "device_end": -1, "host_queued_end": 1585661614.334596}, "device": "cpu", "nd_range": {"device_start": 2329388.801233082, "device_end": 2329388.949804619}, "cmdq": 0, "read": {"device_start": -1, "device_end": -1}}, "FFC_sans_bias18": {"write": {"device_start": -1, "host_queued_start": 1585661614.27599, "device_queued": -1, "device_end": -1, "host_queued_end": 1585661614.334596}, "device": "cpu", "nd_range": {"device_start": 2329388.7292187293, "device_end": 2329388.887723173}, "cmdq": 2, "read": {"device_start": -1, "device_end": -1}}, "FFC_sans_bias99": {"write": {"device_start": 1585661546.7994611, "host_queued_start": 1585661614.129001, "device_queued": 1585661546.754889, "device_end": 1585661546.799566, "host_queued_end": 1585661614.232968}, "device": "gpu", "nd_range": {"device_start": 1585661546.7995787, "device_end": 1585661546.8121336}, "cmdq": 1, "read": {"device_start": -1, "device_end": -1}}, "FFC_sans_bias91": {"write": {"device_start": 1585661546.7929552, "host_queued_start": 1585661614.121869, "device_queued": 1585661546.7541604, "device_end": 1585661546.7930574, "host_queued_end": 1585661614.232968}, "device": "gpu", "nd_range": {"device_start": 1585661546.7930663, "device_end": 1585661546.8055937}, "cmdq": 3, "read": {"device_start": -1, "device_end": -1}}, "FFC_sans_bias90": {"write": {"device_start": 1585661546.7896695, "host_queued_start": 1585661614.118434, "device_queued": 1585661546.7540505, "device_end": 1585661546.7897751, "host_queued_end": 1585661614.232968}, "device": "gpu", "nd_range": {"device_start": 1585661546.7897801, "device_end": 1585661546.8023376}, "cmdq": 2, "read": {"device_start": -1, "device_end": -1}}, "coalesced_transpose12": {"write": {"device_start": -1, "host_queued_start": 1585661614.305453, "device_queued": -1, "device_end": -1, "host_queued_end": 1585661614.334596}, "device": "cpu", "nd_range": {"device_start": 2329389.135080635, "device_end": 2329389.13601533}, "cmdq": 0, "read": {"device_start": -1, "device_end": -1}}, "FFC_sans_bias94": {"write": {"device_start": -1, "host_queued_start": 1585661614.184542, "device_queued": -1, "device_end": -1, "host_queued_end": 1585661614.232968}, "device": "gpu", "nd_range": {"device_start": 1585661546.8612251, "device_end": 1585661546.8710215}, "cmdq": 0, "read": {"device_start": -1, "device_end": -1}}, "FFC_sans_bias97": {"write": {"device_start": 1585661546.9412334, "host_queued_start": 1585661614.215033, "device_queued": 1585661546.7660606, "device_end": 1585661546.941325, "host_queued_end": 1585661614.232968}, "device": "gpu", "nd_range": {"device_start": 1585661546.9413428, "device_end": 1585661546.9536788}, "cmdq": 1, "read": {"device_start": 1585661546.9536843, "device_end": 1585661546.9537733}}, "FFC_sans_bias96": {"write": {"device_start": -1, "host_queued_start": 1585661614.19134, "device_queued": -1, "device_end": -1, "host_queued_end": 1585661614.232968}, "device": "gpu", "nd_range": {"device_start": 1585661546.8983138, "device_end": 1585661546.9049351}, "cmdq": 2, "read": {"device_start": -1, "device_end": -1}}, "FFC_sans_bias124": {"write": {"device_start": 1585661546.9477448, "host_queued_start": 1585661614.225746, "device_queued": 1585661546.7671452, "device_end": 1585661546.9478402, "host_queued_end": 1585661614.232968}, "device": "gpu", "nd_range": {"device_start": 1585661546.9478598, "device_end": 1585661546.960153}, "cmdq": 0, "read": {"device_start": 1585661546.9601624, "device_end": 1585661546.9602513}}, "FFC_sans_bias126": {"write": {"device_start": 1585661546.8321428, "host_queued_start": 1585661614.16427, "device_queued": 1585661546.7572849, "device_end": 1585661546.8322396, "host_queued_end": 1585661614.232968}, "device": "gpu", "nd_range": {"device_start": 1585661546.832248, "device_end": 1585661546.8447638}, "cmdq": 3, "read": {"device_start": -1, "device_end": -1}}, "softmax32": {"write": {"device_start": -1, "host_queued_start": 1585661614.313321, "device_queued": -1, "device_end": -1, "host_queued_end": 1585661614.334596}, "device": "cpu", "nd_range": {"device_start": 2329389.397823626, "device_end": 2329389.4061718313}, "cmdq": 0, "read": {"device_start": -1, "device_end": -1}}, "coalesced_transpose84": {"write": {"device_start": -1, "host_queued_start": 1585661614.180344, "device_queued": -1, "device_end": -1, "host_queued_end": 1585661614.232968}, "device": "gpu", "nd_range": {"device_start": 1585661546.8576663, "device_end": 1585661546.8577461}, "cmdq": 0, "read": {"device_start": -1, "device_end": -1}}, "FFC_sans_bias121": {"write": {"device_start": -1, "host_queued_start": 1585661614.185529, "device_queued": -1, "device_end": -1, "host_queued_end": 1585661614.232968}, "device": "gpu", "nd_range": {"device_start": 1585661546.8873317, "device_end": 1585661546.8938072}, "cmdq": 3, "read": {"device_start": -1, "device_end": -1}}, "empty98": {"write": {"device_start": 1585661546.7477975, "host_queued_start": 1585661614.047489, "device_queued": 1585661546.7474463, "device_end": 1585661546.7480521, "host_queued_end": 1585661614.232968}, "device": "gpu", "nd_range": {"device_start": 1585661546.7481053, "device_end": 1585661546.7481139}, "cmdq": 1, "read": {"device_start": -1, "device_end": -1}}, "empty107": {"write": {"device_start": 1585661546.7481155, "host_queued_start": 1585661614.050196, "device_queued": 1585661546.7477522, "device_end": 1585661546.748394, "host_queued_end": 1585661614.232968}, "device": "gpu", "nd_range": {"device_start": 1585661546.7484038, "device_end": 1585661546.7484078}, "cmdq": 2, "read": {"device_start": -1, "device_end": -1}}, "empty17": {"write": {"device_start": -1, "host_queued_start": 1585661614.241768, "device_queued": -1, "device_end": -1, "host_queued_end": 1585661614.334596}, "device": "cpu", "nd_range": {"device_start": 2329388.524291165, "device_end": 2329388.5242925393}, "cmdq": 1, "read": {"device_start": -1, "device_end": -1}}, "FFC_sans_bias87": {"write": {"device_start": -1, "host_queued_start": 1585661614.190954, "device_queued": -1, "device_end": -1, "host_queued_end": 1585661614.232968}, "device": "gpu", "nd_range": {"device_start": 1585661546.9081507, "device_end": 1585661546.9211555}, "cmdq": 1, "read": {"device_start": -1, "device_end": -1}}, "FFC_sans_bias85": {"write": {"device_start": -1, "host_queued_start": 1585661614.184137, "device_queued": -1, "device_end": -1, "host_queued_end": 1585661614.232968}, "device": "gpu", "nd_range": {"device_start": 1585661546.8743265, "device_end": 1585661546.8873127}, "cmdq": 3, "read": {"device_start": -1, "device_end": -1}}, "FFC_sans_bias82": {"write": {"device_start": 1585661546.7831345, "host_queued_start": 1585661614.111134, "device_queued": 1585661546.7536318, "device_end": 1585661546.7832363, "host_queued_end": 1585661614.232968}, "device": "gpu", "nd_range": {"device_start": 1585661546.7832465, "device_end": 1585661546.7958086}, "cmdq": 0, "read": {"device_start": -1, "device_end": -1}}, "FFC_sans_bias83": {"write": {"device_start": 1585661546.786409, "host_queued_start": 1585661614.114846, "device_queued": 1585661546.75394, "device_end": 1585661546.786516, "host_queued_end": 1585661614.232968}, "device": "gpu", "nd_range": {"device_start": 1585661546.7865233, "device_end": 1585661546.7990801}, "cmdq": 1, "read": {"device_start": -1, "device_end": -1}}, "FFC_sans_bias81": {"write": {"device_start": 1585661546.779885, "host_queued_start": 1585661614.107699, "device_queued": 1585661546.7530339, "device_end": 1585661546.7799857, "host_queued_end": 1585661614.232968}, "device": "gpu", "nd_range": {"device_start": 1585661546.77999, "device_end": 1585661546.7925398}, "cmdq": 3, "read": {"device_start": -1, "device_end": -1}}, "FFC_sans_bias88": {"write": {"device_start": 1585661546.9347897, "host_queued_start": 1585661614.211633, "device_queued": 1585661546.7658021, "device_end": 1585661546.9348886, "host_queued_end": 1585661614.232968}, "device": "gpu", "nd_range": {"device_start": 1585661546.934908, "device_end": 1585661546.9471836}, "cmdq": 0, "read": {"device_start": 1585661546.9471898, "device_end": 1585661546.9472969}}, "coalesced_transpose30": {"write": {"device_start": -1, "host_queued_start": 1585661614.306726, "device_queued": -1, "device_end": -1, "host_queued_end": 1585661614.334596}, "device": "cpu", "nd_range": {"device_start": 2329389.149363498, "device_end": 2329389.150287386}, "cmdq": 2, "read": {"device_start": -1, "device_end": -1}}, "FFC_sans_bias128": {"write": {"device_start": 1585661546.8289304, "host_queued_start": 1585661614.160857, "device_queued": 1585661546.7571542, "device_end": 1585661546.8290317, "host_queued_end": 1585661614.232968}, "device": "gpu", "nd_range": {"device_start": 1585661546.8290381, "device_end": 1585661546.841512}, "cmdq": 2, "read": {"device_start": -1, "device_end": -1}}, "coalesced_transpose39": {"write": {"device_start": -1, "host_queued_start": 1585661614.307453, "device_queued": -1, "device_end": -1, "host_queued_end": 1585661614.334596}, "device": "cpu", "nd_range": {"device_start": 2329389.13602602, "device_end": 2329389.1369321924}, "cmdq": 0, "read": {"device_start": -1, "device_end": -1}}, "FFC_sans_bias79": {"write": {"device_start": 1585661546.9315243, "host_queued_start": 1585661614.207807, "device_queued": 1585661546.7652454, "device_end": 1585661546.931616, "host_queued_end": 1585661614.232968}, "device": "gpu", "nd_range": {"device_start": 1585661546.9316344, "device_end": 1585661546.9439313}, "cmdq": 3, "read": {"device_start": 1585661546.9439363, "device_end": 1585661546.944029}}, "FFC_sans_bias78": {"write": {"device_start": -1, "host_queued_start": 1585661614.190627, "device_queued": -1, "device_end": -1, "host_queued_end": 1585661614.232968}, "device": "gpu", "nd_range": {"device_start": 1585661546.902405, "device_end": 1585661546.9146516}, "cmdq": 0, "read": {"device_start": -1, "device_end": -1}}, "FFC_sans_bias73": {"write": {"device_start": 1585661546.7732759, "host_queued_start": 1585661614.100464, "device_queued": 1585661546.752786, "device_end": 1585661546.7733772, "host_queued_end": 1585661614.232968}, "device": "gpu", "nd_range": {"device_start": 1585661546.773385, "device_end": 1585661546.7860312}, "cmdq": 1, "read": {"device_start": -1, "device_end": -1}}, "FFC_sans_bias72": {"write": {"device_start": 1585661546.770062, "host_queued_start": 1585661614.096879, "device_queued": 1585661546.7525508, "device_end": 1585661546.7702024, "host_queued_end": 1585661614.232968}, "device": "gpu", "nd_range": {"device_start": 1585661546.770208, "device_end": 1585661546.7827525}, "cmdq": 0, "read": {"device_start": -1, "device_end": -1}}, "FFC_sans_bias70": {"write": {"device_start": 1585661546.9283233, "host_queued_start": 1585661614.204086, "device_queued": 1585661546.7651262, "device_end": 1585661546.9284198, "host_queued_end": 1585661614.232968}, "device": "gpu", "nd_range": {"device_start": 1585661546.9284391, "device_end": 1585661546.9374309}, "cmdq": 2, "read": {"device_start": 1585661546.9374435, "device_end": 1585661546.937538}}, "FFC_sans_bias76": {"write": {"device_start": -1, "host_queued_start": 1585661614.183732, "device_queued": -1, "device_end": -1, "host_queued_end": 1585661614.232968}, "device": "gpu", "nd_range": {"device_start": 1585661546.8579142, "device_end": 1585661546.8678563}, "cmdq": 2, "read": {"device_start": -1, "device_end": -1}}, "FFC_sans_bias74": {"write": {"device_start": 1585661546.7766144, "host_queued_start": 1585661614.104152, "device_queued": 1585661546.7529151, "device_end": 1585661546.776722, "host_queued_end": 1585661614.232968}, "device": "gpu", "nd_range": {"device_start": 1585661546.7767339, "device_end": 1585661546.7892947}, "cmdq": 2, "read": {"device_start": -1, "device_end": -1}}, "coalesced_transpose102": {"write": {"device_start": -1, "host_queued_start": 1585661614.181006, "device_queued": -1, "device_end": -1, "host_queued_end": 1585661614.232968}, "device": "gpu", "nd_range": {"device_start": 1585661546.8577185, "device_end": 1585661546.857778}, "cmdq": 2, "read": {"device_start": -1, "device_end": -1}}, "coalesced_transpose3": {"write": {"device_start": -1, "host_queued_start": 1585661614.304857, "device_queued": -1, "device_end": -1, "host_queued_end": 1585661614.334596}, "device": "cpu", "nd_range": {"device_start": 2329389.148418143, "device_end": 2329389.149347125}, "cmdq": 2, "read": {"device_start": -1, "device_end": -1}}, "FFC_sans_bias127": {"write": {"device_start": 1585661546.8354065, "host_queued_start": 1585661614.16788, "device_queued": 1585661546.757769, "device_end": 1585661546.8355021, "host_queued_end": 1585661614.232968}, "device": "gpu", "nd_range": {"device_start": 1585661546.835511, "device_end": 1585661546.8480487}, "cmdq": 0, "read": {"device_start": -1, "device_end": -1}}, "empty89": {"write": {"device_start": 1585661546.7474732, "host_queued_start": 1585661614.044714, "device_queued": 1585661546.74713, "device_end": 1585661546.7477312, "host_queued_end": 1585661614.232968}, "device": "gpu", "nd_range": {"device_start": 1585661546.7477388, "device_end": 1585661546.747743}, "cmdq": 0, "read": {"device_start": -1, "device_end": -1}}, "FFC_sans_bias123": {"write": {"device_start": -1, "host_queued_start": 1585661614.192403, "device_queued": -1, "device_end": -1, "host_queued_end": 1585661614.232968}, "device": "gpu", "nd_range": {"device_start": 1585661546.9211743, "device_end": 1585661546.9309103}, "cmdq": 1, "read": {"device_start": -1, "device_end": -1}}, "empty80": {"write": {"device_start": 1585661546.7471545, "host_queued_start": 1585661614.041386, "device_queued": 1585661546.7467337, "device_end": 1585661546.7474272, "host_queued_end": 1585661614.232968}, "device": "gpu", "nd_range": {"device_start": 1585661546.7474334, "device_end": 1585661546.7474372}, "cmdq": 3, "read": {"device_start": -1, "device_end": -1}}, "empty116": {"write": {"device_start": 1585661546.7484179, "host_queued_start": 1585661614.053049, "device_queued": 1585661546.748069, "device_end": 1585661546.7486787, "host_queued_end": 1585661614.232968}, "device": "gpu", "nd_range": {"device_start": 1585661546.7486882, "device_end": 1585661546.7486925}, "cmdq": 3, "read": {"device_start": -1, "device_end": -1}}, "softmax104": {"write": {"device_start": -1, "host_queued_start": 1585661614.188107, "device_queued": -1, "device_end": -1, "host_queued_end": 1585661614.232968}, "device": "gpu", "nd_range": {"device_start": 1585661546.8921719, "device_end": 1585661546.895323}, "cmdq": 0, "read": {"device_start": -1, "device_end": -1}}, "coalesced_transpose21": {"write": {"device_start": -1, "host_queued_start": 1585661614.306041, "device_queued": -1, "device_end": -1, "host_queued_end": 1585661614.334596}, "device": "cpu", "nd_range": {"device_start": 2329389.1251676753, "device_end": 2329389.126094059}, "cmdq": 1, "read": {"device_start": -1, "device_end": -1}}, "softmax14": {"write": {"device_start": -1, "host_queued_start": 1585661614.312056, "device_queued": -1, "device_end": -1, "host_queued_end": 1585661614.334596}, "device": "cpu", "nd_range": {"device_start": 2329389.3795761704, "device_end": 2329389.38030169}, "cmdq": 1, "read": {"device_start": -1, "device_end": -1}}, "FFC_sans_bias69": {"write": {"device_start": -1, "host_queued_start": 1585661614.190276, "device_queued": -1, "device_end": -1, "host_queued_end": 1585661614.232968}, "device": "gpu", "nd_range": {"device_start": 1585661546.89532, "device_end": 1585661546.9016247}, "cmdq": 3, "read": {"device_start": -1, "device_end": -1}}, "FFC_sans_bias92": {"write": {"device_start": 1585661546.7961802, "host_queued_start": 1585661614.125394, "device_queued": 1585661546.754639, "device_end": 1585661546.7962813, "host_queued_end": 1585661614.232968}, "device": "gpu", "nd_range": {"device_start": 1585661546.7962892, "device_end": 1585661546.808862}, "cmdq": 0, "read": {"device_start": -1, "device_end": -1}}, "FFC_sans_bias60": {"write": {"device_start": -1, "host_queued_start": 1585661614.189946, "device_queued": -1, "device_end": -1, "host_queued_end": 1585661614.232968}, "device": "gpu", "nd_range": {"device_start": 1585661546.8949182, "device_end": 1585661546.8982966}, "cmdq": 2, "read": {"device_start": -1, "device_end": -1}}, "FFC_sans_bias61": {"write": {"device_start": 1585661546.9311779, "host_queued_start": 1585661614.200389, "device_queued": 1585661546.7650046, "device_end": 1585661546.9312704, "host_queued_end": 1585661614.232968}, "device": "gpu", "nd_range": {"device_start": 1585661546.9312906, "device_end": 1585661546.9406765}, "cmdq": 1, "read": {"device_start": 1585661546.9406784, "device_end": 1585661546.9407713}}, "FFC_sans_bias63": {"write": {"device_start": 1585661546.7667403, "host_queued_start": 1585661614.09339, "device_queued": 1585661546.7520828, "device_end": 1585661546.7668602, "host_queued_end": 1585661614.232968}, "device": "gpu", "nd_range": {"device_start": 1585661546.7668684, "device_end": 1585661546.7794893}, "cmdq": 3, "read": {"device_start": -1, "device_end": -1}}, "FFC_sans_bias64": {"write": {"device_start": 1585661546.7603736, "host_queued_start": 1585661614.086202, "device_queued": 1585661546.7517889, "device_end": 1585661546.7604733, "host_queued_end": 1585661614.232968}, "device": "gpu", "nd_range": {"device_start": 1585661546.7604802, "device_end": 1585661546.772928}, "cmdq": 1, "read": {"device_start": -1, "device_end": -1}}, "FFC_sans_bias65": {"write": {"device_start": 1585661546.7634897, "host_queued_start": 1585661614.089804, "device_queued": 1585661546.7519345, "device_end": 1585661546.7635896, "host_queued_end": 1585661614.232968}, "device": "gpu", "nd_range": {"device_start": 1585661546.763594, "device_end": 1585661546.776211}, "cmdq": 2, "read": {"device_start": -1, "device_end": -1}}, "FFC_sans_bias67": {"write": {"device_start": -1, "host_queued_start": 1585661614.183408, "device_queued": -1, "device_end": -1, "host_queued_end": 1585661614.232968}, "device": "gpu", "nd_range": {"device_start": 1585661546.8578646, "device_end": 1585661546.864529}, "cmdq": 1, "read": {"device_start": -1, "device_end": -1}}, "coalesced_transpose111": {"write": {"device_start": -1, "host_queued_start": 1585661614.181318, "device_queued": -1, "device_end": -1, "host_queued_end": 1585661614.232968}, "device": "gpu", "nd_range": {"device_start": 1585661546.8578913, "device_end": 1585661546.8643172}, "cmdq": 3, "read": {"device_start": -1, "device_end": -1}}, "FFC_sans_bias136": {"write": {"device_start": 1585661546.8386567, "host_queued_start": 1585661614.171534, "device_queued": 1585661546.758015, "device_end": 1585661546.8387568, "host_queued_end": 1585661614.232968}, "device": "gpu", "nd_range": {"device_start": 1585661546.838768, "device_end": 1585661546.8513267}, "cmdq": 1, "read": {"device_start": -1, "device_end": -1}}, "FFC_sans_bias135": {"write": {"device_start": 1585661546.8451834, "host_queued_start": 1585661614.178569, "device_queued": 1585661546.7582839, "device_end": 1585661546.845286, "host_queued_end": 1585661614.232968}, "device": "gpu", "nd_range": {"device_start": 1585661546.8452923, "device_end": 1585661546.8578043}, "cmdq": 3, "read": {"device_start": -1, "device_end": -1}}, "FFC_sans_bias133": {"write": {"device_start": 1585661546.9542086, "host_queued_start": 1585661614.229459, "device_queued": 1585661546.767428, "device_end": 1585661546.9543004, "host_queued_end": 1585661614.232968}, "device": "gpu", "nd_range": {"device_start": 1585661546.9543185, "device_end": 1585661546.9666326}, "cmdq": 1, "read": {"device_start": 1585661546.9666383, "device_end": 1585661546.9667242}}, "FFC_sans_bias132": {"write": {"device_start": -1, "host_queued_start": 1585661614.192757, "device_queued": -1, "device_end": -1, "host_queued_end": 1585661614.232968}, "device": "gpu", "nd_range": {"device_start": 1585661546.904952, "device_end": 1585661546.917899}, "cmdq": 2, "read": {"device_start": -1, "device_end": -1}}, "softmax68": {"write": {"device_start": -1, "host_queued_start": 1585661614.187065, "device_queued": -1, "device_end": -1, "host_queued_end": 1585661614.232968}, "device": "gpu", "nd_range": {"device_start": 1585661546.884098, "device_end": 1585661546.8921528}, "cmdq": 0, "read": {"device_start": -1, "device_end": -1}}, "softmax131": {"write": {"device_start": -1, "host_queued_start": 1585661614.188965, "device_queued": -1, "device_end": -1, "host_queued_end": 1585661614.232968}, "device": "gpu", "nd_range": {"device_start": 1585661546.8947153, "device_end": 1585661546.8953023}, "cmdq": 3, "read": {"device_start": -1, "device_end": -1}}, "empty125": {"write": {"device_start": 1585661546.748719, "host_queued_start": 1585661614.055902, "device_queued": 1585661546.748413, "device_end": 1585661546.7489798, "host_queued_end": 1585661614.232968}, "device": "gpu", "nd_range": {"device_start": 1585661546.7489882, "device_end": 1585661546.7489924}, "cmdq": 0, "read": {"device_start": -1, "device_end": -1}}, "FFC_sans_bias139": {"write": {"device_start": -1, "host_queued_start": 1585661614.186178, "device_queued": -1, "device_end": -1, "host_queued_end": 1585661614.232968}, "device": "gpu", "nd_range": {"device_start": 1585661546.8775725, "device_end": 1585661546.890585}, "cmdq": 1, "read": {"device_start": -1, "device_end": -1}}, "empty35": {"write": {"device_start": -1, "host_queued_start": 1585661614.248233, "device_queued": -1, "device_end": -1, "host_queued_end": 1585661614.334596}, "device": "cpu", "nd_range": {"device_start": 2329388.524489305, "device_end": 2329388.5244900864}, "cmdq": 0, "read": {"device_start": -1, "device_end": -1}}, "softmax86": {"write": {"device_start": -1, "host_queued_start": 1585661614.187602, "device_queued": -1, "device_end": -1, "host_queued_end": 1585661614.232968}, "device": "gpu", "nd_range": {"device_start": 1585661546.8921945, "device_end": 1585661546.8944592}, "cmdq": 2, "read": {"device_start": -1, "device_end": -1}}, "FFC_sans_bias55": {"write": {"device_start": 1585661546.7570386, "host_queued_start": 1585661614.082807, "device_queued": 1585661546.7515383, "device_end": 1585661546.757138, "host_queued_end": 1585661614.232968}, "device": "gpu", "nd_range": {"device_start": 1585661546.757142, "device_end": 1585661546.769708}, "cmdq": 0, "read": {"device_start": -1, "device_end": -1}}, "FFC_sans_bias54": {"write": {"device_start": 1585661546.753709, "host_queued_start": 1585661614.079224, "device_queued": 1585661546.7510135, "device_end": 1585661546.7538085, "host_queued_end": 1585661614.232968}, "device": "gpu", "nd_range": {"device_start": 1585661546.753813, "device_end": 1585661546.7664137}, "cmdq": 3, "read": {"device_start": -1, "device_end": -1}}, "FFC_sans_bias56": {"write": {"device_start": 1585661546.751085, "host_queued_start": 1585661614.075535, "device_queued": 1585661546.75062, "device_end": 1585661546.7511988, "host_queued_end": 1585661614.232968}, "device": "gpu", "nd_range": {"device_start": 1585661546.751321, "device_end": 1585661546.7631133}, "cmdq": 2, "read": {"device_start": -1, "device_end": -1}}, "FFC_sans_bias51": {"write": {"device_start": -1, "host_queued_start": 1585661614.189621, "device_queued": -1, "device_end": -1, "host_queued_end": 1585661614.232968}, "device": "gpu", "nd_range": {"device_start": 1585661546.8990717, "device_end": 1585661546.908133}, "cmdq": 1, "read": {"device_start": -1, "device_end": -1}}, "FFC_sans_bias52": {"write": {"device_start": 1585661546.9279613, "host_queued_start": 1585661614.19676, "device_queued": 1585661546.7647545, "device_end": 1585661546.9280567, "host_queued_end": 1585661614.232968}, "device": "gpu", "nd_range": {"device_start": 1585661546.928078, "device_end": 1585661546.9341843}, "cmdq": 0, "read": {"device_start": 1585661546.9341938, "device_end": 1585661546.9342935}}, "FFC_sans_bias58": {"write": {"device_start": -1, "host_queued_start": 1585661614.183067, "device_queued": -1, "device_end": -1, "host_queued_end": 1585661614.232968}, "device": "gpu", "nd_range": {"device_start": 1585661546.8578398, "device_end": 1585661546.8612065}, "cmdq": 0, "read": {"device_start": -1, "device_end": -1}}, "FFC_sans_bias108": {"write": {"device_start": 1585661546.809249, "host_queued_start": 1585661614.139587, "device_queued": 1585661546.755616, "device_end": 1585661546.8093715, "host_queued_end": 1585661614.232968}, "device": "gpu", "nd_range": {"device_start": 1585661546.809376, "device_end": 1585661546.821953}, "cmdq": 0, "read": {"device_start": -1, "device_end": -1}}, "FFC_sans_bias109": {"write": {"device_start": 1585661546.8125033, "host_queued_start": 1585661614.143175, "device_queued": 1585661546.7558732, "device_end": 1585661546.8126, "host_queued_end": 1585661614.232968}, "device": "gpu", "nd_range": {"device_start": 1585661546.8126123, "device_end": 1585661546.8251946}, "cmdq": 1, "read": {"device_start": -1, "device_end": -1}}, "coalesced_transpose129": {"write": {"device_start": -1, "host_queued_start": 1585661614.182017, "device_queued": -1, "device_end": -1, "host_queued_end": 1585661614.232968}, "device": "gpu", "nd_range": {"device_start": 1585661546.8577728, "device_end": 1585661546.8578446}, "cmdq": 1, "read": {"device_start": -1, "device_end": -1}}, "FFC_sans_bias103": {"write": {"device_start": -1, "host_queued_start": 1585661614.184871, "device_queued": -1, "device_end": -1, "host_queued_end": 1585661614.232968}, "device": "gpu", "nd_range": {"device_start": 1585661546.8645475, "device_end": 1585661546.8775542}, "cmdq": 1, "read": {"device_start": -1, "device_end": -1}}, "FFC_sans_bias100": {"write": {"device_start": 1585661546.8027048, "host_queued_start": 1585661614.13251, "device_queued": 1585661546.7550118, "device_end": 1585661546.8028235, "host_queued_end": 1585661614.232968}, "device": "gpu", "nd_range": {"device_start": 1585661546.8028278, "device_end": 1585661546.8154268}, "cmdq": 2, "read": {"device_start": -1, "device_end": -1}}, "FFC_sans_bias101": {"write": {"device_start": 1585661546.805972, "host_queued_start": 1585661614.13603, "device_queued": 1585661546.755123, "device_end": 1585661546.8060837, "host_queued_end": 1585661614.232968}, "device": "gpu", "nd_range": {"device_start": 1585661546.8060927, "device_end": 1585661546.818691}, "cmdq": 3, "read": {"device_start": -1, "device_end": -1}}, "FFC_sans_bias106": {"write": {"device_start": 1585661546.9380026, "host_queued_start": 1585661614.218676, "device_queued": 1585661546.7662585, "device_end": 1585661546.9380946, "host_queued_end": 1585661614.232968}, "device": "gpu", "nd_range": {"device_start": 1585661546.9381118, "device_end": 1585661546.9504423}, "cmdq": 2, "read": {"device_start": 1585661546.9504483, "device_end": 1585661546.9505396}}, "softmax122": {"write": {"device_start": -1, "host_queued_start": 1585661614.18871, "device_queued": -1, "device_end": -1, "host_queued_end": 1585661614.232968}, "device": "gpu", "nd_range": {"device_start": 1585661546.8944774, "device_end": 1585661546.8949003}, "cmdq": 2, "read": {"device_start": -1, "device_end": -1}}, "FFC_sans_bias105": {"write": {"device_start": -1, "host_queued_start": 1585661614.19169, "device_queued": -1, "device_end": -1, "host_queued_end": 1585661614.232968}, "device": "gpu", "nd_range": {"device_start": 1585661546.9016414, "device_end": 1585661546.9114146}, "cmdq": 3, "read": {"device_start": -1, "device_end": -1}}, "softmax95": {"write": {"device_start": -1, "host_queued_start": 1585661614.187856, "device_queued": -1, "device_end": -1, "host_queued_end": 1585661614.232968}, "device": "gpu", "nd_range": {"device_start": 1585661546.8942685, "device_end": 1585661546.8946962}, "cmdq": 3, "read": {"device_start": -1, "device_end": -1}}, "coalesced_transpose57": {"write": {"device_start": -1, "host_queued_start": 1585661614.179322, "device_queued": -1, "device_end": -1, "host_queued_end": 1585661614.232968}, "device": "gpu", "nd_range": {"device_start": 1585661546.851331, "device_end": 1585661546.8576915}, "cmdq": 1, "read": {"device_start": -1, "device_end": -1}}, "empty26": {"write": {"device_start": -1, "host_queued_start": 1585661614.245082, "device_queued": -1, "device_end": -1, "host_queued_end": 1585661614.334596}, "device": "cpu", "nd_range": {"device_start": 2329388.524396482, "device_end": 2329388.524398105}, "cmdq": 2, "read": {"device_start": -1, "device_end": -1}}, "softmax113": {"write": {"device_start": -1, "host_queued_start": 1585661614.188453, "device_queued": -1, "device_end": -1, "host_queued_end": 1585661614.232968}, "device": "gpu", "nd_range": {"device_start": 1585661546.895298, "device_end": 1585661546.8990521}, "cmdq": 1, "read": {"device_start": -1, "device_end": -1}}, "FFC_sans_bias11": {"write": {"device_start": -1, "host_queued_start": 1585661614.272504, "device_queued": -1, "device_end": -1, "host_queued_end": 1585661614.334596}, "device": "cpu", "nd_range": {"device_start": 2329388.650843637, "device_end": 2329388.772955019}, "cmdq": 1, "read": {"device_start": -1, "device_end": -1}}, "FFC_sans_bias42": {"write": {"device_start": -1, "host_queued_start": 1585661614.317523, "device_queued": -1, "device_end": -1, "host_queued_end": 1585661614.334596}, "device": "cpu", "nd_range": {"device_start": 2329389.5211980944, "device_end": 2329389.614691159}, "cmdq": 0, "read": {"device_start": -1, "device_end": -1}}, "FFC_sans_bias43": {"write": {"device_start": -1, "host_queued_start": 1585661614.334518, "device_queued": -1, "device_end": -1, "host_queued_end": 1585661614.334596}, "device": "cpu", "nd_range": {"device_start": 2329389.696086298, "device_end": 2329389.767968108}, "cmdq": 2, "read": {"device_start": -1, "device_end": -1}}, "FFC_sans_bias40": {"write": {"device_start": -1, "host_queued_start": 1585661614.310886, "device_queued": -1, "device_end": -1, "host_queued_end": 1585661614.334596}, "device": "cpu", "nd_range": {"device_start": 2329389.274938256, "device_end": 2329389.3356279633}, "cmdq": 2, "read": {"device_start": -1, "device_end": -1}}, "FFC_sans_bias46": {"write": {"device_start": 1585661546.750349, "host_queued_start": 1585661614.068227, "device_queued": 1585661546.7500489, "device_end": 1585661546.7504594, "host_queued_end": 1585661614.232968}, "device": "gpu", "nd_range": {"device_start": 1585661546.7504616, "device_end": 1585661546.7567031}, "cmdq": 0, "read": {"device_start": -1, "device_end": -1}}, "FFC_sans_bias47": {"write": {"device_start": 1585661546.7507408, "host_queued_start": 1585661614.072038, "device_queued": 1585661546.7504697, "device_end": 1585661546.7509935, "host_queued_end": 1585661614.232968}, "device": "gpu", "nd_range": {"device_start": 1585661546.751218, "device_end": 1585661546.7600133}, "cmdq": 1, "read": {"device_start": -1, "device_end": -1}}, "FFC_sans_bias45": {"write": {"device_start": 1585661546.7498791, "host_queued_start": 1585661614.064521, "device_queued": 1585661546.749489, "device_end": 1585661546.749997, "host_queued_end": 1585661614.232968}, "device": "gpu", "nd_range": {"device_start": 1585661546.7500045, "device_end": 1585661546.7533705}, "cmdq": 3, "read": {"device_start": -1, "device_end": -1}}, "FFC_sans_bias49": {"write": {"device_start": -1, "host_queued_start": 1585661614.182688, "device_queued": -1, "device_end": -1, "host_queued_end": 1585661614.232968}, "device": "gpu", "nd_range": {"device_start": 1585661546.864338, "device_end": 1585661546.8743076}, "cmdq": 3, "read": {"device_start": -1, "device_end": -1}}, "softmax77": {"write": {"device_start": -1, "host_queued_start": 1585661614.187334, "device_queued": -1, "device_end": -1, "host_queued_end": 1585661614.232968}, "device": "gpu", "nd_range": {"device_start": 1585661546.890602, "device_end": 1585661546.8952796}, "cmdq": 1, "read": {"device_start": -1, "device_end": -1}}, "empty134": {"write": {"device_start": 1585661546.7490728, "host_queued_start": 1585661614.058797, "device_queued": 1585661546.7486982, "device_end": 1585661546.74946, "host_queued_end": 1585661614.232968}, "device": "gpu", "nd_range": {"device_start": 1585661546.7495623, "device_end": 1585661546.7496126}, "cmdq": 1, "read": {"device_start": -1, "device_end": -1}}, "coalesced_transpose138": {"write": {"device_start": -1, "host_queued_start": 1585661614.182326, "device_queued": -1, "device_end": -1, "host_queued_end": 1585661614.232968}, "device": "gpu", "nd_range": {"device_start": 1585661546.8577993, "device_end": 1585661546.8578696}, "cmdq": 2, "read": {"device_start": -1, "device_end": -1}}, "FFC_sans_bias119": {"write": {"device_start": 1585661546.8256276, "host_queued_start": 1585661614.157334, "device_queued": 1585661546.7569768, "device_end": 1585661546.8257365, "host_queued_end": 1585661614.232968}, "device": "gpu", "nd_range": {"device_start": 1585661546.8257437, "device_end": 1585661546.8382752}, "cmdq": 1, "read": {"device_start": -1, "device_end": -1}}, "FFC_sans_bias118": {"write": {"device_start": 1585661546.8223772, "host_queued_start": 1585661614.153736, "device_queued": 1585661546.756632, "device_end": 1585661546.82248, "host_queued_end": 1585661614.232968}, "device": "gpu", "nd_range": {"device_start": 1585661546.8224862, "device_end": 1585661546.835042}, "cmdq": 0, "read": {"device_start": -1, "device_end": -1}}, "empty143": {"write": {"device_start": 1585661546.7495046, "host_queued_start": 1585661614.061484, "device_queued": 1585661546.7490034, "device_end": 1585661546.749857, "host_queued_end": 1585661614.232968}, "device": "gpu", "nd_range": {"device_start": 1585661546.7498603, "device_end": 1585661546.7498653}, "cmdq": 2, "read": {"device_start": -1, "device_end": -1}}, "FFC_sans_bias115": {"write": {"device_start": 1585661546.944466, "host_queued_start": 1585661614.222176, "device_queued": 1585661546.766386, "device_end": 1585661546.944559, "host_queued_end": 1585661614.232968}, "device": "gpu", "nd_range": {"device_start": 1585661546.9445772, "device_end": 1585661546.956895}, "cmdq": 3, "read": {"device_start": 1585661546.9569027, "device_end": 1585661546.956994}}, "FFC_sans_bias114": {"write": {"device_start": -1, "host_queued_start": 1585661614.192044, "device_queued": -1, "device_end": -1, "host_queued_end": 1585661614.232968}, "device": "gpu", "nd_range": {"device_start": 1585661546.914669, "device_end": 1585661546.9276855}, "cmdq": 0, "read": {"device_start": -1, "device_end": -1}}, "FFC_sans_bias117": {"write": {"device_start": 1585661546.819115, "host_queued_start": 1585661614.150159, "device_queued": 1585661546.7561507, "device_end": 1585661546.8192325, "host_queued_end": 1585661614.232968}, "device": "gpu", "nd_range": {"device_start": 1585661546.819241, "device_end": 1585661546.8317642}, "cmdq": 3, "read": {"device_start": -1, "device_end": -1}}, "softmax5": {"write": {"device_start": -1, "host_queued_start": 1585661614.311436, "device_queued": -1, "device_end": -1, "host_queued_end": 1585661614.334596}, "device": "cpu", "nd_range": {"device_start": 2329389.278310264, "device_end": 2329389.279063707}, "cmdq": 0, "read": {"device_start": -1, "device_end": -1}}, "FFC_sans_bias110": {"write": {"device_start": 1585661546.8158386, "host_queued_start": 1585661614.146693, "device_queued": 1585661546.7560196, "device_end": 1585661546.815934, "host_queued_end": 1585661614.232968}, "device": "gpu", "nd_range": {"device_start": 1585661546.8159456, "device_end": 1585661546.8284762}, "cmdq": 2, "read": {"device_start": -1, "device_end": -1}}, "FFC_sans_bias112": {"write": {"device_start": -1, "host_queued_start": 1585661614.185209, "device_queued": -1, "device_end": -1, "host_queued_end": 1585661614.232968}, "device": "gpu", "nd_range": {"device_start": 1585661546.8678753, "device_end": 1585661546.880838}, "cmdq": 2, "read": {"device_start": -1, "device_end": -1}}, "empty53": {"write": {"device_start": 1585661546.746081, "host_queued_start": 1585661614.032202, "device_queued": 1585661546.7457602, "device_end": 1585661546.746179, "host_queued_end": 1585661614.232968}, "device": "gpu", "nd_range": {"device_start": 1585661546.7461884, "device_end": 1585661546.746193}, "cmdq": 0, "read": {"device_start": -1, "device_end": -1}}, "coalesced_transpose48": {"write": {"device_start": -1, "host_queued_start": 1585661614.178967, "device_queued": -1, "device_end": -1, "host_queued_end": 1585661614.232968}, "device": "gpu", "nd_range": {"device_start": 1585661546.8480508, "device_end": 1585661546.857664}, "cmdq": 0, "read": {"device_start": -1, "device_end": -1}}}