{"FFC_sans_bias4": {"write": {"device_start": -1, "host_queued_start": 1585661140.468213, "device_queued": -1, "device_end": -1, "host_queued_end": 1585661140.51517}, "device": "cpu", "nd_range": {"device_start": 2328915.818304939, "device_end": 2328915.911827521}, "cmdq": 0, "read": {"device_start": -1, "device_end": -1}}, "FFC_sans_bias7": {"write": {"device_start": -1, "host_queued_start": 1585661140.488269, "device_queued": -1, "device_end": -1, "host_queued_end": 1585661140.51517}, "device": "cpu", "nd_range": {"device_start": 2328916.571119565, "device_end": 2328916.634915686}, "cmdq": 0, "read": {"device_start": -1, "device_end": -1}}, "FFC_sans_bias6": {"write": {"device_start": -1, "host_queued_start": 1585661140.47952, "device_queued": -1, "device_end": -1, "host_queued_end": 1585661140.51517}, "device": "cpu", "nd_range": {"device_start": 2328916.218677326, "device_end": 2328916.286097626}, "cmdq": 0, "read": {"device_start": -1, "device_end": -1}}, "FFC_sans_bias1": {"write": {"device_start": -1, "host_queued_start": 1585661140.369018, "device_queued": -1, "device_end": -1, "host_queued_end": 1585661140.51517}, "device": "cpu", "nd_range": {"device_start": 2328914.7048707483, "device_end": 2328914.7990289563}, "cmdq": 1, "read": {"device_start": -1, "device_end": -1}}, "FFC_sans_bias0": {"write": {"device_start": -1, "host_queued_start": 1585661140.365222, "device_queued": -1, "device_end": -1, "host_queued_end": 1585661140.51517}, "device": "cpu", "nd_range": {"device_start": 2328914.704867225, "device_end": 2328914.753066771}, "cmdq": 0, "read": {"device_start": -1, "device_end": -1}}, "FFC_sans_bias2": {"write": {"device_start": -1, "host_queued_start": 1585661140.372656, "device_queued": -1, "device_end": -1, "host_queued_end": 1585661140.51517}, "device": "cpu", "nd_range": {"device_start": 2328914.760870987, "device_end": 2328914.8173006573}, "cmdq": 0, "read": {"device_start": -1, "device_end": -1}}, "coalesced_transpose120": {"write": {"device_start": -1, "host_queued_start": 1585661140.306196, "device_queued": -1, "device_end": -1, "host_queued_end": 1585661140.332033}, "device": "gpu", "nd_range": {"device_start": 1585661072.9182742, "device_end": 1585661072.918336}, "cmdq": 0, "read": {"device_start": -1, "device_end": -1}}, "FFC_sans_bias9": {"write": {"device_start": -1, "host_queued_start": 1585661140.376167, "device_queued": -1, "device_end": -1, "host_queued_end": 1585661140.51517}, "device": "cpu", "nd_range": {"device_start": 2328914.7990504303, "device_end": 2328914.867449319}, "cmdq": 1, "read": {"device_start": -1, "device_end": -1}}, "empty71": {"write": {"device_start": -1, "host_queued_start": 1585661140.356689, "device_queued": -1, "device_end": -1, "host_queued_end": 1585661140.51517}, "device": "cpu", "nd_range": {"device_start": 2328914.7048588633, "device_end": 2328914.704859691}, "cmdq": 1, "read": {"device_start": -1, "device_end": -1}}, "softmax41": {"write": {"device_start": -1, "host_queued_start": 1585661140.476263, "device_queued": -1, "device_end": -1, "host_queued_end": 1585661140.51517}, "device": "cpu", "nd_range": {"device_start": 2328916.206062979, "device_end": 2328916.213381552}, "cmdq": 0, "read": {"device_start": -1, "device_end": -1}}, "FFC_sans_bias37": {"write": {"device_start": -1, "host_queued_start": 1585661140.410288, "device_queued": -1, "device_end": -1, "host_queued_end": 1585661140.51517}, "device": "cpu", "nd_range": {"device_start": 2328915.15291738, "device_end": 2328915.214496644}, "cmdq": 1, "read": {"device_start": -1, "device_end": -1}}, "FFC_sans_bias36": {"write": {"device_start": -1, "host_queued_start": 1585661140.406931, "device_queued": -1, "device_end": -1, "host_queued_end": 1585661140.51517}, "device": "cpu", "nd_range": {"device_start": 2328915.102893842, "device_end": 2328915.172214466}, "cmdq": 0, "read": {"device_start": -1, "device_end": -1}}, "FFC_sans_bias34": {"write": {"device_start": -1, "host_queued_start": 1585661140.497189, "device_queued": -1, "device_end": -1, "host_queued_end": 1585661140.51517}, "device": "cpu", "nd_range": {"device_start": 2328916.660539552, "device_end": 2328916.729319571}, "cmdq": 1, "read": {"device_start": -1, "device_end": -1}}, "FFC_sans_bias33": {"write": {"device_start": -1, "host_queued_start": 1585661140.481371, "device_queued": -1, "device_end": -1, "host_queued_end": 1585661140.51517}, "device": "cpu", "nd_range": {"device_start": 2328916.310573493, "device_end": 2328916.3830875573}, "cmdq": 1, "read": {"device_start": -1, "device_end": -1}}, "FFC_sans_bias31": {"write": {"device_start": -1, "host_queued_start": 1585661140.469998, "device_queued": -1, "device_end": -1, "host_queued_end": 1585661140.51517}, "device": "cpu", "nd_range": {"device_start": 2328915.955150281, "device_end": 2328916.0172510133}, "cmdq": 1, "read": {"device_start": -1, "device_end": -1}}, "FFC_sans_bias38": {"write": {"device_start": -1, "host_queued_start": 1585661140.413646, "device_queued": -1, "device_end": -1, "host_queued_end": 1585661140.51517}, "device": "cpu", "nd_range": {"device_start": 2328915.17351444, "device_end": 2328915.27277428}, "cmdq": 0, "read": {"device_start": -1, "device_end": -1}}, "coalesced_transpose75": {"write": {"device_start": -1, "host_queued_start": 1585661140.467039, "device_queued": -1, "device_end": -1, "host_queued_end": 1585661140.51517}, "device": "cpu", "nd_range": {"device_start": 2328915.817372159, "device_end": 2328915.818297687}, "cmdq": 0, "read": {"device_start": -1, "device_end": -1}}, "softmax140": {"write": {"device_start": -1, "host_queued_start": 1585661140.310198, "device_queued": -1, "device_end": -1, "host_queued_end": 1585661140.332033}, "device": "gpu", "nd_range": {"device_start": 1585661072.938546, "device_end": 1585661072.9389648}, "cmdq": 2, "read": {"device_start": -1, "device_end": -1}}, "empty44": {"write": {"device_start": -1, "host_queued_start": 1585661140.3486, "device_queued": -1, "device_end": -1, "host_queued_end": 1585661140.51517}, "device": "cpu", "nd_range": {"device_start": 2328914.704851344, "device_end": 2328914.704852026}, "cmdq": 0, "read": {"device_start": -1, "device_end": -1}}, "FFC_sans_bias137": {"write": {"device_start": 1585661072.9058485, "host_queued_start": 1585661140.301495, "device_queued": 1585661072.8637214, "device_end": 1585661072.9059606, "host_queued_end": 1585661140.332033}, "device": "gpu", "nd_range": {"device_start": 1585661072.9059644, "device_end": 1585661072.9152486}, "cmdq": 1, "read": {"device_start": -1, "device_end": -1}}, "empty8": {"write": {"device_start": -1, "host_queued_start": 1585661140.336363, "device_queued": -1, "device_end": -1, "host_queued_end": 1585661140.51517}, "device": "cpu", "nd_range": {"device_start": 2328914.7048132364, "device_end": 2328914.704821004}, "cmdq": 0, "read": {"device_start": -1, "device_end": -1}}, "softmax50": {"write": {"device_start": -1, "host_queued_start": 1585661140.476781, "device_queued": -1, "device_end": -1, "host_queued_end": 1585661140.51517}, "device": "cpu", "nd_range": {"device_start": 2328916.225912113, "device_end": 2328916.2266521123}, "cmdq": 1, "read": {"device_start": -1, "device_end": -1}}, "softmax59": {"write": {"device_start": -1, "host_queued_start": 1585661140.477327, "device_queued": -1, "device_end": -1, "host_queued_end": 1585661140.51517}, "device": "cpu", "nd_range": {"device_start": 2328916.213402409, "device_end": 2328916.214142293}, "cmdq": 0, "read": {"device_start": -1, "device_end": -1}}, "FFC_sans_bias142": {"write": {"device_start": 1585661072.9691253, "host_queued_start": 1585661140.331928, "device_queued": 1585661072.8683348, "device_end": 1585661072.969221, "host_queued_end": 1585661140.332033}, "device": "gpu", "nd_range": {"device_start": 1585661072.9692247, "device_end": 1585661072.9780865}, "cmdq": 2, "read": {"device_start": 1585661072.9780939, "device_end": 1585661072.9781835}}, "FFC_sans_bias141": {"write": {"device_start": -1, "host_queued_start": 1585661140.312088, "device_queued": -1, "device_end": -1, "host_queued_end": 1585661140.332033}, "device": "gpu", "nd_range": {"device_start": 1585661072.9423323, "device_end": 1585661072.952126}, "cmdq": 2, "read": {"device_start": -1, "device_end": -1}}, "FFC_sans_bias24": {"write": {"device_start": -1, "host_queued_start": 1585661140.480755, "device_queued": -1, "device_end": -1, "host_queued_end": 1585661140.51517}, "device": "cpu", "nd_range": {"device_start": 2328916.286118672, "device_end": 2328916.345004417}, "cmdq": 0, "read": {"device_start": -1, "device_end": -1}}, "FFC_sans_bias25": {"write": {"device_start": -1, "host_queued_start": 1585661140.49422, "device_queued": -1, "device_end": -1, "host_queued_end": 1585661140.51517}, "device": "cpu", "nd_range": {"device_start": 2328916.6349276863, "device_end": 2328916.700707441}, "cmdq": 0, "read": {"device_start": -1, "device_end": -1}}, "FFC_sans_bias27": {"write": {"device_start": -1, "host_queued_start": 1585661140.396808, "device_queued": -1, "device_end": -1, "host_queued_end": 1585661140.51517}, "device": "cpu", "nd_range": {"device_start": 2328915.009252626, "device_end": 2328915.075724712}, "cmdq": 1, "read": {"device_start": -1, "device_end": -1}}, "FFC_sans_bias20": {"write": {"device_start": -1, "host_queued_start": 1585661140.39347, "device_queued": -1, "device_end": -1, "host_queued_end": 1585661140.51517}, "device": "cpu", "nd_range": {"device_start": 2328914.960025167, "device_end": 2328915.030311856}, "cmdq": 0, "read": {"device_start": -1, "device_end": -1}}, "FFC_sans_bias22": {"write": {"device_start": -1, "host_queued_start": 1585661140.469405, "device_queued": -1, "device_end": -1, "host_queued_end": 1585661140.51517}, "device": "cpu", "nd_range": {"device_start": 2328915.9118421073, "device_end": 2328915.979550903}, "cmdq": 0, "read": {"device_start": -1, "device_end": -1}}, "FFC_sans_bias130": {"write": {"device_start": -1, "host_queued_start": 1585661140.308393, "device_queued": -1, "device_end": -1, "host_queued_end": 1585661140.332033}, "device": "gpu", "nd_range": {"device_start": 1585661072.9250634, "device_end": 1585661072.9315364}, "cmdq": 1, "read": {"device_start": -1, "device_end": -1}}, "FFC_sans_bias28": {"write": {"device_start": -1, "host_queued_start": 1585661140.400183, "device_queued": -1, "device_end": -1, "host_queued_end": 1585661140.51517}, "device": "cpu", "nd_range": {"device_start": 2328915.030510025, "device_end": 2328915.102689316}, "cmdq": 0, "read": {"device_start": -1, "device_end": -1}}, "FFC_sans_bias29": {"write": {"device_start": -1, "host_queued_start": 1585661140.4036, "device_queued": -1, "device_end": -1, "host_queued_end": 1585661140.51517}, "device": "cpu", "nd_range": {"device_start": 2328915.075737223, "device_end": 2328915.152904681}, "cmdq": 1, "read": {"device_start": -1, "device_end": -1}}, "coalesced_transpose66": {"write": {"device_start": -1, "host_queued_start": 1585661140.466458, "device_queued": -1, "device_end": -1, "host_queued_end": 1585661140.51517}, "device": "cpu", "nd_range": {"device_start": 2328915.876723491, "device_end": 2328915.877669562}, "cmdq": 1, "read": {"device_start": -1, "device_end": -1}}, "coalesced_transpose93": {"write": {"device_start": -1, "host_queued_start": 1585661140.305118, "device_queued": -1, "device_end": -1, "host_queued_end": 1585661140.332033}, "device": "gpu", "nd_range": {"device_start": 1585661072.911971, "device_end": 1585661072.918267}, "cmdq": 0, "read": {"device_start": -1, "device_end": -1}}, "softmax23": {"write": {"device_start": -1, "host_queued_start": 1585661140.475223, "device_queued": -1, "device_end": -1, "host_queued_end": 1585661140.51517}, "device": "cpu", "nd_range": {"device_start": 2328916.205334179, "device_end": 2328916.206054389}, "cmdq": 0, "read": {"device_start": -1, "device_end": -1}}, "empty62": {"write": {"device_start": -1, "host_queued_start": 1585661140.353974, "device_queued": -1, "device_end": -1, "host_queued_end": 1585661140.51517}, "device": "cpu", "nd_range": {"device_start": 2328914.704856743, "device_end": 2328914.704857409}, "cmdq": 0, "read": {"device_start": -1, "device_end": -1}}, "FFC_sans_bias10": {"write": {"device_start": -1, "host_queued_start": 1585661140.379727, "device_queued": -1, "device_end": -1, "host_queued_end": 1585661140.51517}, "device": "cpu", "nd_range": {"device_start": 2328914.8175052023, "device_end": 2328914.8899036692}, "cmdq": 0, "read": {"device_start": -1, "device_end": -1}}, "FFC_sans_bias13": {"write": {"device_start": -1, "host_queued_start": 1585661140.468809, "device_queued": -1, "device_end": -1, "host_queued_end": 1585661140.51517}, "device": "cpu", "nd_range": {"device_start": 2328915.8786063273, "device_end": 2328915.9551367112}, "cmdq": 1, "read": {"device_start": -1, "device_end": -1}}, "FFC_sans_bias15": {"write": {"device_start": -1, "host_queued_start": 1585661140.480115, "device_queued": -1, "device_end": -1, "host_queued_end": 1585661140.51517}, "device": "cpu", "nd_range": {"device_start": 2328916.228701816, "device_end": 2328916.310552359}, "cmdq": 1, "read": {"device_start": -1, "device_end": -1}}, "FFC_sans_bias16": {"write": {"device_start": -1, "host_queued_start": 1585661140.491237, "device_queued": -1, "device_end": -1, "host_queued_end": 1585661140.51517}, "device": "cpu", "nd_range": {"device_start": 2328916.590392168, "device_end": 2328916.660530447}, "cmdq": 1, "read": {"device_start": -1, "device_end": -1}}, "FFC_sans_bias19": {"write": {"device_start": -1, "host_queued_start": 1585661140.39011, "device_queued": -1, "device_end": -1, "host_queued_end": 1585661140.51517}, "device": "cpu", "nd_range": {"device_start": 2328914.941053356, "device_end": 2328915.009240175}, "cmdq": 1, "read": {"device_start": -1, "device_end": -1}}, "FFC_sans_bias18": {"write": {"device_start": -1, "host_queued_start": 1585661140.386775, "device_queued": -1, "device_end": -1, "host_queued_end": 1585661140.51517}, "device": "cpu", "nd_range": {"device_start": 2328914.8901068904, "device_end": 2328914.9598262203}, "cmdq": 0, "read": {"device_start": -1, "device_end": -1}}, "FFC_sans_bias99": {"write": {"device_start": 1585661072.863355, "host_queued_start": 1585661140.258499, "device_queued": 1585661072.860367, "device_end": 1585661072.8634543, "host_queued_end": 1585661140.332033}, "device": "gpu", "nd_range": {"device_start": 1585661072.8634574, "device_end": 1585661072.8727636}, "cmdq": 0, "read": {"device_start": -1, "device_end": -1}}, "FFC_sans_bias91": {"write": {"device_start": 1585661072.8598733, "host_queued_start": 1585661140.251821, "device_queued": 1585661072.8596394, "device_end": 1585661072.8601363, "host_queued_end": 1585661140.332033}, "device": "gpu", "nd_range": {"device_start": 1585661072.8601587, "device_end": 1585661072.8663218}, "cmdq": 1, "read": {"device_start": -1, "device_end": -1}}, "FFC_sans_bias90": {"write": {"device_start": 1585661072.8595362, "host_queued_start": 1585661140.248501, "device_queued": 1585661072.8592098, "device_end": 1585661072.8596299, "host_queued_end": 1585661140.332033}, "device": "gpu", "nd_range": {"device_start": 1585661072.8596327, "device_end": 1585661072.8629944}, "cmdq": 0, "read": {"device_start": -1, "device_end": -1}}, "coalesced_transpose12": {"write": {"device_start": -1, "host_queued_start": 1585661140.463004, "device_queued": -1, "device_end": -1, "host_queued_end": 1585661140.51517}, "device": "cpu", "nd_range": {"device_start": 2328915.873840453, "device_end": 2328915.874793897}, "cmdq": 1, "read": {"device_start": -1, "device_end": -1}}, "FFC_sans_bias94": {"write": {"device_start": -1, "host_queued_start": 1585661140.307123, "device_queued": -1, "device_end": -1, "host_queued_end": 1585661140.332033}, "device": "gpu", "nd_range": {"device_start": 1585661072.9183373, "device_end": 1585661072.9217246}, "cmdq": 0, "read": {"device_start": -1, "device_end": -1}}, "FFC_sans_bias97": {"write": {"device_start": 1585661072.9590368, "host_queued_start": 1585661140.315346, "device_queued": 1585661072.8671043, "device_end": 1585661072.959135, "host_queued_end": 1585661140.332033}, "device": "gpu", "nd_range": {"device_start": 1585661072.9591417, "device_end": 1585661072.9651825}, "cmdq": 0, "read": {"device_start": 1585661072.9651842, "device_end": 1585661072.9652789}}, "FFC_sans_bias96": {"write": {"device_start": -1, "host_queued_start": 1585661140.310506, "device_queued": -1, "device_end": -1, "host_queued_end": 1585661140.332033}, "device": "gpu", "nd_range": {"device_start": 1585661072.9395936, "device_end": 1585661072.9489615}, "cmdq": 0, "read": {"device_start": -1, "device_end": -1}}, "FFC_sans_bias124": {"write": {"device_start": 1585661072.9658766, "host_queued_start": 1585661140.325343, "device_queued": 1585661072.8679545, "device_end": 1585661072.9659748, "host_queued_end": 1585661140.332033}, "device": "gpu", "nd_range": {"device_start": 1585661072.9659793, "device_end": 1585661072.974907}, "cmdq": 0, "read": {"device_start": 1585661072.9749107, "device_end": 1585661072.9750009}}, "FFC_sans_bias126": {"write": {"device_start": 1585661072.8960428, "host_queued_start": 1585661140.291542, "device_queued": 1585661072.8627048, "device_end": 1585661072.8961427, "host_queued_end": 1585661140.332033}, "device": "gpu", "nd_range": {"device_start": 1585661072.8961496, "device_end": 1585661072.9054458}, "cmdq": 1, "read": {"device_start": -1, "device_end": -1}}, "softmax32": {"write": {"device_start": -1, "host_queued_start": 1585661140.475741, "device_queued": -1, "device_end": -1, "host_queued_end": 1585661140.51517}, "device": "cpu", "nd_range": {"device_start": 2328916.225011323, "device_end": 2328916.225770897}, "cmdq": 1, "read": {"device_start": -1, "device_end": -1}}, "coalesced_transpose84": {"write": {"device_start": -1, "host_queued_start": 1585661140.467613, "device_queued": -1, "device_end": -1, "host_queued_end": 1585661140.51517}, "device": "cpu", "nd_range": {"device_start": 2328915.8776776493, "device_end": 2328915.878596995}, "cmdq": 1, "read": {"device_start": -1, "device_end": -1}}, "FFC_sans_bias121": {"write": {"device_start": -1, "host_queued_start": 1585661140.308078, "device_queued": -1, "device_end": -1, "host_queued_end": 1585661140.332033}, "device": "gpu", "nd_range": {"device_start": 1585661072.9217257, "device_end": 1585661072.9282775}, "cmdq": 0, "read": {"device_start": -1, "device_end": -1}}, "empty98": {"write": {"device_start": 1585661072.8576124, "host_queued_start": 1585661140.231435, "device_queued": 1585661072.8572419, "device_end": 1585661072.8578405, "host_queued_end": 1585661140.332033}, "device": "gpu", "nd_range": {"device_start": 1585661072.8578432, "device_end": 1585661072.8578486}, "cmdq": 0, "read": {"device_start": -1, "device_end": -1}}, "empty107": {"write": {"device_start": 1585661072.8579688, "host_queued_start": 1585661140.234856, "device_queued": 1585661072.8575094, "device_end": 1585661072.8582795, "host_queued_end": 1585661140.332033}, "device": "gpu", "nd_range": {"device_start": 1585661072.8582902, "device_end": 1585661072.8582954}, "cmdq": 1, "read": {"device_start": -1, "device_end": -1}}, "empty17": {"write": {"device_start": -1, "host_queued_start": 1585661140.339462, "device_queued": -1, "device_end": -1, "host_queued_end": 1585661140.51517}, "device": "cpu", "nd_range": {"device_start": 2328914.7048071423, "device_end": 2328914.7048210273}, "cmdq": 1, "read": {"device_start": -1, "device_end": -1}}, "FFC_sans_bias87": {"write": {"device_start": -1, "host_queued_start": 1585661140.485037, "device_queued": -1, "device_end": -1, "host_queued_end": 1585661140.51517}, "device": "cpu", "nd_range": {"device_start": 2328916.508529905, "device_end": 2328916.5902044172}, "cmdq": 1, "read": {"device_start": -1, "device_end": -1}}, "FFC_sans_bias85": {"write": {"device_start": -1, "host_queued_start": 1585661140.473651, "device_queued": -1, "device_end": -1, "host_queued_end": 1585661140.51517}, "device": "cpu", "nd_range": {"device_start": 2328916.160721213, "device_end": 2328916.223927006}, "cmdq": 1, "read": {"device_start": -1, "device_end": -1}}, "FFC_sans_bias82": {"write": {"device_start": -1, "host_queued_start": 1585661140.458982, "device_queued": -1, "device_end": -1, "host_queued_end": 1585661140.51517}, "device": "cpu", "nd_range": {"device_start": 2328915.718220044, "device_end": 2328915.804625223}, "cmdq": 0, "read": {"device_start": -1, "device_end": -1}}, "FFC_sans_bias83": {"write": {"device_start": -1, "host_queued_start": 1585661140.462041, "device_queued": -1, "device_end": -1, "host_queued_end": 1585661140.51517}, "device": "cpu", "nd_range": {"device_start": 2328915.8060737583, "device_end": 2328915.873827489}, "cmdq": 1, "read": {"device_start": -1, "device_end": -1}}, "FFC_sans_bias81": {"write": {"device_start": -1, "host_queued_start": 1585661140.455877, "device_queued": -1, "device_end": -1, "host_queued_end": 1585661140.51517}, "device": "cpu", "nd_range": {"device_start": 2328915.744478757, "device_end": 2328915.806063719}, "cmdq": 1, "read": {"device_start": -1, "device_end": -1}}, "FFC_sans_bias88": {"write": {"device_start": -1, "host_queued_start": 1585661140.515111, "device_queued": -1, "device_end": -1, "host_queued_end": 1585661140.51517}, "device": "cpu", "nd_range": {"device_start": 2328916.8774965173, "device_end": 2328916.930873317}, "cmdq": 1, "read": {"device_start": -1, "device_end": -1}}, "coalesced_transpose30": {"write": {"device_start": -1, "host_queued_start": 1585661140.464162, "device_queued": -1, "device_end": -1, "host_queued_end": 1585661140.51517}, "device": "cpu", "nd_range": {"device_start": 2328915.874801936, "device_end": 2328915.875747669}, "cmdq": 1, "read": {"device_start": -1, "device_end": -1}}, "FFC_sans_bias128": {"write": {"device_start": 1585661072.8928313, "host_queued_start": 1585661140.288257, "device_queued": 1585661072.8624725, "device_end": 1585661072.8929558, "host_queued_end": 1585661140.332033}, "device": "gpu", "nd_range": {"device_start": 1585661072.892963, "device_end": 1585661072.9021864}, "cmdq": 0, "read": {"device_start": -1, "device_end": -1}}, "coalesced_transpose39": {"write": {"device_start": -1, "host_queued_start": 1585661140.464735, "device_queued": -1, "device_end": -1, "host_queued_end": 1585661140.51517}, "device": "cpu", "nd_range": {"device_start": 2328915.815457461, "device_end": 2328915.8164133583}, "cmdq": 0, "read": {"device_start": -1, "device_end": -1}}, "FFC_sans_bias79": {"write": {"device_start": -1, "host_queued_start": 1585661140.512049, "device_queued": -1, "device_end": -1, "host_queued_end": 1585661140.51517}, "device": "cpu", "nd_range": {"device_start": 2328916.83819044, "device_end": 2328916.898698929}, "cmdq": 0, "read": {"device_start": -1, "device_end": -1}}, "FFC_sans_bias78": {"write": {"device_start": -1, "host_queued_start": 1585661140.484445, "device_queued": -1, "device_end": -1, "host_queued_end": 1585661140.51517}, "device": "cpu", "nd_range": {"device_start": 2328916.507996321, "device_end": 2328916.570904659}, "cmdq": 0, "read": {"device_start": -1, "device_end": -1}}, "FFC_sans_bias73": {"write": {"device_start": -1, "host_queued_start": 1585661140.44956, "device_queued": -1, "device_end": -1, "host_queued_end": 1585661140.51517}, "device": "cpu", "nd_range": {"device_start": 2328915.615375364, "device_end": 2328915.744462227}, "cmdq": 1, "read": {"device_start": -1, "device_end": -1}}, "FFC_sans_bias72": {"write": {"device_start": -1, "host_queued_start": 1585661140.446379, "device_queued": -1, "device_end": -1, "host_queued_end": 1585661140.51517}, "device": "cpu", "nd_range": {"device_start": 2328915.5810534153, "device_end": 2328915.663193651}, "cmdq": 0, "read": {"device_start": -1, "device_end": -1}}, "FFC_sans_bias70": {"write": {"device_start": -1, "host_queued_start": 1585661140.509081, "device_queued": -1, "device_end": -1, "host_queued_end": 1585661140.51517}, "device": "cpu", "nd_range": {"device_start": 2328916.815311933, "device_end": 2328916.877488548}, "cmdq": 1, "read": {"device_start": -1, "device_end": -1}}, "FFC_sans_bias76": {"write": {"device_start": -1, "host_queued_start": 1585661140.473056, "device_queued": -1, "device_end": -1, "host_queued_end": 1585661140.51517}, "device": "cpu", "nd_range": {"device_start": 2328916.117228581, "device_end": 2328916.204555089}, "cmdq": 0, "read": {"device_start": -1, "device_end": -1}}, "FFC_sans_bias74": {"write": {"device_start": -1, "host_queued_start": 1585661140.452711, "device_queued": -1, "device_end": -1, "host_queued_end": 1585661140.51517}, "device": "cpu", "nd_range": {"device_start": 2328915.663423337, "device_end": 2328915.7180103622}, "cmdq": 0, "read": {"device_start": -1, "device_end": -1}}, "coalesced_transpose102": {"write": {"device_start": -1, "host_queued_start": 1585661140.305428, "device_queued": -1, "device_end": -1, "host_queued_end": 1585661140.332033}, "device": "gpu", "nd_range": {"device_start": 1585661072.9152508, "device_end": 1585661072.9183059}, "cmdq": 1, "read": {"device_start": -1, "device_end": -1}}, "coalesced_transpose3": {"write": {"device_start": -1, "host_queued_start": 1585661140.462402, "device_queued": -1, "device_end": -1, "host_queued_end": 1585661140.51517}, "device": "cpu", "nd_range": {"device_start": 2328915.8046429623, "device_end": 2328915.8056004522}, "cmdq": 0, "read": {"device_start": -1, "device_end": -1}}, "FFC_sans_bias127": {"write": {"device_start": 1585661072.899326, "host_queued_start": 1585661140.294852, "device_queued": 1585661072.8628328, "device_end": 1585661072.8994262, "host_queued_end": 1585661140.332033}, "device": "gpu", "nd_range": {"device_start": 1585661072.8994315, "device_end": 1585661072.9087129}, "cmdq": 2, "read": {"device_start": -1, "device_end": -1}}, "empty89": {"write": {"device_start": -1, "host_queued_start": 1585661140.36215, "device_queued": -1, "device_end": -1, "host_queued_end": 1585661140.51517}, "device": "cpu", "nd_range": {"device_start": 2328914.704864885, "device_end": 2328914.704865593}, "cmdq": 1, "read": {"device_start": -1, "device_end": -1}}, "FFC_sans_bias123": {"write": {"device_start": -1, "host_queued_start": 1585661140.31146, "device_queued": -1, "device_end": -1, "host_queued_end": 1585661140.332033}, "device": "gpu", "nd_range": {"device_start": 1585661072.9489625, "device_end": 1585661072.958667}, "cmdq": 0, "read": {"device_start": -1, "device_end": -1}}, "empty80": {"write": {"device_start": -1, "host_queued_start": 1585661140.359416, "device_queued": -1, "device_end": -1, "host_queued_end": 1585661140.51517}, "device": "cpu", "nd_range": {"device_start": 2328914.704861786, "device_end": 2328914.7048624293}, "cmdq": 0, "read": {"device_start": -1, "device_end": -1}}, "empty116": {"write": {"device_start": 1585661072.8583033, "host_queued_start": 1585661140.237831, "device_queued": 1585661072.8578532, "device_end": 1585661072.8585896, "host_queued_end": 1585661140.332033}, "device": "gpu", "nd_range": {"device_start": 1585661072.8585935, "device_end": 1585661072.8585987}, "cmdq": 2, "read": {"device_start": -1, "device_end": -1}}, "softmax104": {"write": {"device_start": -1, "host_queued_start": 1585661140.309213, "device_queued": -1, "device_end": -1, "host_queued_end": 1585661140.332033}, "device": "gpu", "nd_range": {"device_start": 1585661072.9315374, "device_end": 1585661072.9364135}, "cmdq": 1, "read": {"device_start": -1, "device_end": -1}}, "coalesced_transpose21": {"write": {"device_start": -1, "host_queued_start": 1585661140.463586, "device_queued": -1, "device_end": -1, "host_queued_end": 1585661140.51517}, "device": "cpu", "nd_range": {"device_start": 2328915.8056094283, "device_end": 2328915.815444619}, "cmdq": 0, "read": {"device_start": -1, "device_end": -1}}, "softmax14": {"write": {"device_start": -1, "host_queued_start": 1585661140.474706, "device_queued": -1, "device_end": -1, "host_queued_end": 1585661140.51517}, "device": "cpu", "nd_range": {"device_start": 2328916.2241134243, "device_end": 2328916.224849972}, "cmdq": 1, "read": {"device_start": -1, "device_end": -1}}, "FFC_sans_bias69": {"write": {"device_start": -1, "host_queued_start": 1585661140.483854, "device_queued": -1, "device_end": -1, "host_queued_end": 1585661140.51517}, "device": "cpu", "nd_range": {"device_start": 2328916.447693355, "device_end": 2328916.5083795562}, "cmdq": 1, "read": {"device_start": -1, "device_end": -1}}, "FFC_sans_bias92": {"write": {"device_start": 1585661072.8601627, "host_queued_start": 1585661140.255128, "device_queued": 1585661072.859765, "device_end": 1585661072.8602562, "host_queued_end": 1585661140.332033}, "device": "gpu", "nd_range": {"device_start": 1585661072.8602743, "device_end": 1585661072.8696396}, "cmdq": 2, "read": {"device_start": -1, "device_end": -1}}, "FFC_sans_bias60": {"write": {"device_start": -1, "host_queued_start": 1585661140.483195, "device_queued": -1, "device_end": -1, "host_queued_end": 1585661140.51517}, "device": "cpu", "nd_range": {"device_start": 2328916.417582238, "device_end": 2328916.5077742883}, "cmdq": 0, "read": {"device_start": -1, "device_end": -1}}, "FFC_sans_bias61": {"write": {"device_start": -1, "host_queued_start": 1585661140.506119, "device_queued": -1, "device_end": -1, "host_queued_end": 1585661140.51517}, "device": "cpu", "nd_range": {"device_start": 2328916.772367848, "device_end": 2328916.838180602}, "cmdq": 0, "read": {"device_start": -1, "device_end": -1}}, "FFC_sans_bias63": {"write": {"device_start": -1, "host_queued_start": 1585661140.443193, "device_queued": -1, "device_end": -1, "host_queued_end": 1585661140.51517}, "device": "cpu", "nd_range": {"device_start": 2328915.526452062, "device_end": 2328915.6151617193}, "cmdq": 1, "read": {"device_start": -1, "device_end": -1}}, "FFC_sans_bias64": {"write": {"device_start": -1, "host_queued_start": 1585661140.436695, "device_queued": -1, "device_end": -1, "host_queued_end": 1585661140.51517}, "device": "cpu", "nd_range": {"device_start": 2328915.455861655, "device_end": 2328915.526437884}, "cmdq": 1, "read": {"device_start": -1, "device_end": -1}}, "FFC_sans_bias65": {"write": {"device_start": -1, "host_queued_start": 1585661140.439955, "device_queued": -1, "device_end": -1, "host_queued_end": 1585661140.51517}, "device": "cpu", "nd_range": {"device_start": 2328915.5107372073, "device_end": 2328915.5808485104}, "cmdq": 0, "read": {"device_start": -1, "device_end": -1}}, "FFC_sans_bias67": {"write": {"device_start": -1, "host_queued_start": 1585661140.472458, "device_queued": -1, "device_end": -1, "host_queued_end": 1585661140.51517}, "device": "cpu", "nd_range": {"device_start": 2328916.08705816, "device_end": 2328916.160506248}, "cmdq": 1, "read": {"device_start": -1, "device_end": -1}}, "coalesced_transpose111": {"write": {"device_start": -1, "host_queued_start": 1585661140.305882, "device_queued": -1, "device_end": -1, "host_queued_end": 1585661140.332033}, "device": "gpu", "nd_range": {"device_start": 1585661072.9184926, "device_end": 1585661072.9248483}, "cmdq": 2, "read": {"device_start": -1, "device_end": -1}}, "FFC_sans_bias136": {"write": {"device_start": 1585661072.9025917, "host_queued_start": 1585661140.298186, "device_queued": 1585661072.863469, "device_end": 1585661072.9026947, "host_queued_end": 1585661140.332033}, "device": "gpu", "nd_range": {"device_start": 1585661072.9027011, "device_end": 1585661072.911969}, "cmdq": 0, "read": {"device_start": -1, "device_end": -1}}, "FFC_sans_bias135": {"write": {"device_start": 1585661072.9090943, "host_queued_start": 1585661140.30477, "device_queued": 1585661072.8638515, "device_end": 1585661072.909195, "host_queued_end": 1585661140.332033}, "device": "gpu", "nd_range": {"device_start": 1585661072.9092004, "device_end": 1585661072.9184852}, "cmdq": 2, "read": {"device_start": -1, "device_end": -1}}, "FFC_sans_bias133": {"write": {"device_start": 1585661072.9629538, "host_queued_start": 1585661140.328641, "device_queued": 1585661072.868202, "device_end": 1585661072.9630506, "host_queued_end": 1585661140.332033}, "device": "gpu", "nd_range": {"device_start": 1585661072.9630547, "device_end": 1585661072.9716647}, "cmdq": 1, "read": {"device_start": 1585661072.9716728, "device_end": 1585661072.971763}}, "FFC_sans_bias132": {"write": {"device_start": -1, "host_queued_start": 1585661140.311775, "device_queued": -1, "device_end": -1, "host_queued_end": 1585661140.332033}, "device": "gpu", "nd_range": {"device_start": 1585661072.9456518, "device_end": 1585661072.9553924}, "cmdq": 1, "read": {"device_start": -1, "device_end": -1}}, "softmax68": {"write": {"device_start": -1, "host_queued_start": 1585661140.477872, "device_queued": -1, "device_end": -1, "host_queued_end": 1585661140.51517}, "device": "cpu", "nd_range": {"device_start": 2328916.22677963, "device_end": 2328916.227531259}, "cmdq": 1, "read": {"device_start": -1, "device_end": -1}}, "softmax131": {"write": {"device_start": -1, "host_queued_start": 1585661140.309952, "device_queued": -1, "device_end": -1, "host_queued_end": 1585661140.332033}, "device": "gpu", "nd_range": {"device_start": 1585661072.9364147, "device_end": 1585661072.9395843}, "cmdq": 1, "read": {"device_start": -1, "device_end": -1}}, "empty125": {"write": {"device_start": 1585661072.8586185, "host_queued_start": 1585661140.240493, "device_queued": 1585661072.858292, "device_end": 1585661072.8588986, "host_queued_end": 1585661140.332033}, "device": "gpu", "nd_range": {"device_start": 1585661072.8589067, "device_end": 1585661072.8589106}, "cmdq": 0, "read": {"device_start": -1, "device_end": -1}}, "FFC_sans_bias139": {"write": {"device_start": -1, "host_queued_start": 1585661140.308707, "device_queued": -1, "device_end": -1, "host_queued_end": 1585661140.332033}, "device": "gpu", "nd_range": {"device_start": 1585661072.9347842, "device_end": 1585661072.9381204}, "cmdq": 2, "read": {"device_start": -1, "device_end": -1}}, "empty35": {"write": {"device_start": -1, "host_queued_start": 1585661140.345669, "device_queued": -1, "device_end": -1, "host_queued_end": 1585661140.51517}, "device": "cpu", "nd_range": {"device_start": 2328914.7048446722, "device_end": 2328914.7048460003}, "cmdq": 1, "read": {"device_start": -1, "device_end": -1}}, "softmax86": {"write": {"device_start": -1, "host_queued_start": 1585661140.478932, "device_queued": -1, "device_end": -1, "host_queued_end": 1585661140.51517}, "device": "cpu", "nd_range": {"device_start": 2328916.227683214, "device_end": 2328916.228527027}, "cmdq": 1, "read": {"device_start": -1, "device_end": -1}}, "FFC_sans_bias55": {"write": {"device_start": -1, "host_queued_start": 1585661140.433364, "device_queued": -1, "device_end": -1, "host_queued_end": 1585661140.51517}, "device": "cpu", "nd_range": {"device_start": 2328915.4098215033, "device_end": 2328915.510531464}, "cmdq": 0, "read": {"device_start": -1, "device_end": -1}}, "FFC_sans_bias54": {"write": {"device_start": -1, "host_queued_start": 1585661140.430115, "device_queued": -1, "device_end": -1, "host_queued_end": 1585661140.51517}, "device": "cpu", "nd_range": {"device_start": 2328915.370002745, "device_end": 2328915.455850332}, "cmdq": 1, "read": {"device_start": -1, "device_end": -1}}, "FFC_sans_bias56": {"write": {"device_start": -1, "host_queued_start": 1585661140.426984, "device_queued": -1, "device_end": -1, "host_queued_end": 1585661140.51517}, "device": "cpu", "nd_range": {"device_start": 2328915.32621331, "device_end": 2328915.409624347}, "cmdq": 0, "read": {"device_start": -1, "device_end": -1}}, "FFC_sans_bias51": {"write": {"device_start": -1, "host_queued_start": 1585661140.482565, "device_queued": -1, "device_end": -1, "host_queued_end": 1585661140.51517}, "device": "cpu", "nd_range": {"device_start": 2328916.383293285, "device_end": 2328916.447486238}, "cmdq": 1, "read": {"device_start": -1, "device_end": -1}}, "FFC_sans_bias52": {"write": {"device_start": -1, "host_queued_start": 1585661140.503171, "device_queued": -1, "device_end": -1, "host_queued_end": 1585661140.51517}, "device": "cpu", "nd_range": {"device_start": 2328916.7293264223, "device_end": 2328916.815299369}, "cmdq": 1, "read": {"device_start": -1, "device_end": -1}}, "FFC_sans_bias58": {"write": {"device_start": -1, "host_queued_start": 1585661140.471787, "device_queued": -1, "device_end": -1, "host_queued_end": 1585661140.51517}, "device": "cpu", "nd_range": {"device_start": 2328916.051973842, "device_end": 2328916.117016456}, "cmdq": 0, "read": {"device_start": -1, "device_end": -1}}, "FFC_sans_bias108": {"write": {"device_start": 1585661072.873154, "host_queued_start": 1585661140.268404, "device_queued": 1585661072.8610635, "device_end": 1585661072.8732529, "host_queued_end": 1585661140.332033}, "device": "gpu", "nd_range": {"device_start": 1585661072.8732598, "device_end": 1585661072.8825946}, "cmdq": 0, "read": {"device_start": -1, "device_end": -1}}, "FFC_sans_bias109": {"write": {"device_start": 1585661072.8764336, "host_queued_start": 1585661140.271709, "device_queued": 1585661072.8613105, "device_end": 1585661072.8765337, "host_queued_end": 1585661140.332033}, "device": "gpu", "nd_range": {"device_start": 1585661072.8765378, "device_end": 1585661072.8858705}, "cmdq": 1, "read": {"device_start": -1, "device_end": -1}}, "coalesced_transpose129": {"write": {"device_start": -1, "host_queued_start": 1585661140.306496, "device_queued": -1, "device_end": -1, "host_queued_end": 1585661140.332033}, "device": "gpu", "nd_range": {"device_start": 1585661072.9183161, "device_end": 1585661072.918365}, "cmdq": 1, "read": {"device_start": -1, "device_end": -1}}, "FFC_sans_bias103": {"write": {"device_start": -1, "host_queued_start": 1585661140.307443, "device_queued": -1, "device_end": -1, "host_queued_end": 1585661140.332033}, "device": "gpu", "nd_range": {"device_start": 1585661072.9183662, "device_end": 1585661072.9250615}, "cmdq": 1, "read": {"device_start": -1, "device_end": -1}}, "FFC_sans_bias100": {"write": {"device_start": 1585661072.8667219, "host_queued_start": 1585661140.261809, "device_queued": 1585661072.8605998, "device_end": 1585661072.866829, "host_queued_end": 1585661140.332033}, "device": "gpu", "nd_range": {"device_start": 1585661072.8668332, "device_end": 1585661072.8760836}, "cmdq": 1, "read": {"device_start": -1, "device_end": -1}}, "FFC_sans_bias101": {"write": {"device_start": 1585661072.8700447, "host_queued_start": 1585661140.265122, "device_queued": 1585661072.8607237, "device_end": 1585661072.870151, "host_queued_end": 1585661140.332033}, "device": "gpu", "nd_range": {"device_start": 1585661072.8701558, "device_end": 1585661072.8793838}, "cmdq": 2, "read": {"device_start": -1, "device_end": -1}}, "FFC_sans_bias106": {"write": {"device_start": 1585661072.9557745, "host_queued_start": 1585661140.318743, "device_queued": 1585661072.8674006, "device_end": 1585661072.9558778, "host_queued_end": 1585661140.332033}, "device": "gpu", "nd_range": {"device_start": 1585661072.9558847, "device_end": 1585661072.9619288}, "cmdq": 1, "read": {"device_start": 1585661072.9619305, "device_end": 1585661072.9620256}}, "softmax122": {"write": {"device_start": -1, "host_queued_start": 1585661140.309707, "device_queued": -1, "device_end": -1, "host_queued_end": 1585661140.332033}, "device": "gpu", "nd_range": {"device_start": 1585661072.9364357, "device_end": 1585661072.9395926}, "cmdq": 0, "read": {"device_start": -1, "device_end": -1}}, "FFC_sans_bias105": {"write": {"device_start": -1, "host_queued_start": 1585661140.310833, "device_queued": -1, "device_end": -1, "host_queued_end": 1585661140.332033}, "device": "gpu", "nd_range": {"device_start": 1585661072.9395857, "device_end": 1585661072.9456506}, "cmdq": 1, "read": {"device_start": -1, "device_end": -1}}, "softmax95": {"write": {"device_start": -1, "host_queued_start": 1585661140.30896, "device_queued": -1, "device_end": -1, "host_queued_end": 1585661140.332033}, "device": "gpu", "nd_range": {"device_start": 1585661072.9282792, "device_end": 1585661072.9364347}, "cmdq": 0, "read": {"device_start": -1, "device_end": -1}}, "coalesced_transpose57": {"write": {"device_start": -1, "host_queued_start": 1585661140.465882, "device_queued": -1, "device_end": -1, "host_queued_end": 1585661140.51517}, "device": "cpu", "nd_range": {"device_start": 2328915.81642034, "device_end": 2328915.8173646}, "cmdq": 0, "read": {"device_start": -1, "device_end": -1}}, "empty26": {"write": {"device_start": -1, "host_queued_start": 1585661140.342567, "device_queued": -1, "device_end": -1, "host_queued_end": 1585661140.51517}, "device": "cpu", "nd_range": {"device_start": 2328914.70484504, "device_end": 2328914.704846181}, "cmdq": 0, "read": {"device_start": -1, "device_end": -1}}, "softmax113": {"write": {"device_start": -1, "host_queued_start": 1585661140.309462, "device_queued": -1, "device_end": -1, "host_queued_end": 1585661140.332033}, "device": "gpu", "nd_range": {"device_start": 1585661072.9381213, "device_end": 1585661072.938545}, "cmdq": 2, "read": {"device_start": -1, "device_end": -1}}, "FFC_sans_bias11": {"write": {"device_start": -1, "host_queued_start": 1585661140.383276, "device_queued": -1, "device_end": -1, "host_queued_end": 1585661140.51517}, "device": "cpu", "nd_range": {"device_start": 2328914.867463514, "device_end": 2328914.9410328013}, "cmdq": 1, "read": {"device_start": -1, "device_end": -1}}, "FFC_sans_bias42": {"write": {"device_start": -1, "host_queued_start": 1585661140.481973, "device_queued": -1, "device_end": -1, "host_queued_end": 1585661140.51517}, "device": "cpu", "nd_range": {"device_start": 2328916.3450206714, "device_end": 2328916.417362119}, "cmdq": 0, "read": {"device_start": -1, "device_end": -1}}, "FFC_sans_bias43": {"write": {"device_start": -1, "host_queued_start": 1585661140.500189, "device_queued": -1, "device_end": -1, "host_queued_end": 1585661140.51517}, "device": "cpu", "nd_range": {"device_start": 2328916.700725657, "device_end": 2328916.772356924}, "cmdq": 0, "read": {"device_start": -1, "device_end": -1}}, "FFC_sans_bias40": {"write": {"device_start": -1, "host_queued_start": 1585661140.470602, "device_queued": -1, "device_end": -1, "host_queued_end": 1585661140.51517}, "device": "cpu", "nd_range": {"device_start": 2328915.9795680973, "device_end": 2328916.051755377}, "cmdq": 0, "read": {"device_start": -1, "device_end": -1}}, "FFC_sans_bias46": {"write": {"device_start": -1, "host_queued_start": 1585661140.420347, "device_queued": -1, "device_end": -1, "host_queued_end": 1585661140.51517}, "device": "cpu", "nd_range": {"device_start": 2328915.273021507, "device_end": 2328915.3260129644}, "cmdq": 0, "read": {"device_start": -1, "device_end": -1}}, "FFC_sans_bias47": {"write": {"device_start": -1, "host_queued_start": 1585661140.423669, "device_queued": -1, "device_end": -1, "host_queued_end": 1585661140.51517}, "device": "cpu", "nd_range": {"device_start": 2328915.3041387, "device_end": 2328915.369990602}, "cmdq": 1, "read": {"device_start": -1, "device_end": -1}}, "FFC_sans_bias45": {"write": {"device_start": -1, "host_queued_start": 1585661140.417028, "device_queued": -1, "device_end": -1, "host_queued_end": 1585661140.51517}, "device": "cpu", "nd_range": {"device_start": 2328915.2145125563, "device_end": 2328915.304127219}, "cmdq": 1, "read": {"device_start": -1, "device_end": -1}}, "FFC_sans_bias49": {"write": {"device_start": -1, "host_queued_start": 1585661140.471194, "device_queued": -1, "device_end": -1, "host_queued_end": 1585661140.51517}, "device": "cpu", "nd_range": {"device_start": 2328916.0174704273, "device_end": 2328916.086854109}, "cmdq": 1, "read": {"device_start": -1, "device_end": -1}}, "softmax77": {"write": {"device_start": -1, "host_queued_start": 1585661140.4784, "device_queued": -1, "device_end": -1, "host_queued_end": 1585661140.51517}, "device": "cpu", "nd_range": {"device_start": 2328916.214149916, "device_end": 2328916.218664063}, "cmdq": 0, "read": {"device_start": -1, "device_end": -1}}, "empty134": {"write": {"device_start": 1585661072.8589213, "host_queued_start": 1585661140.243104, "device_queued": 1585661072.8586018, "device_end": 1585661072.8591986, "host_queued_end": 1585661140.332033}, "device": "gpu", "nd_range": {"device_start": 1585661072.859207, "device_end": 1585661072.859212}, "cmdq": 1, "read": {"device_start": -1, "device_end": -1}}, "coalesced_transpose138": {"write": {"device_start": -1, "host_queued_start": 1585661140.306804, "device_queued": -1, "device_end": -1, "host_queued_end": 1585661140.332033}, "device": "gpu", "nd_range": {"device_start": 1585661072.9248588, "device_end": 1585661072.9281204}, "cmdq": 2, "read": {"device_start": -1, "device_end": -1}}, "FFC_sans_bias119": {"write": {"device_start": 1585661072.889527, "host_queued_start": 1585661140.284983, "device_queued": 1585661072.8621252, "device_end": 1585661072.889627, "host_queued_end": 1585661140.332033}, "device": "gpu", "nd_range": {"device_start": 1585661072.8896313, "device_end": 1585661072.8989086}, "cmdq": 2, "read": {"device_start": -1, "device_end": -1}}, "FFC_sans_bias118": {"write": {"device_start": 1585661072.8862183, "host_queued_start": 1585661140.28167, "device_queued": 1585661072.8619976, "device_end": 1585661072.8863177, "host_queued_end": 1585661140.332033}, "device": "gpu", "nd_range": {"device_start": 1585661072.8863225, "device_end": 1585661072.8956642}, "cmdq": 1, "read": {"device_start": -1, "device_end": -1}}, "empty143": {"write": {"device_start": 1585661072.85922, "host_queued_start": 1585661140.245669, "device_queued": 1585661072.8589087, "device_end": 1585661072.8594582, "host_queued_end": 1585661140.332033}, "device": "gpu", "nd_range": {"device_start": 1585661072.8594663, "device_end": 1585661072.8594708}, "cmdq": 2, "read": {"device_start": -1, "device_end": -1}}, "FFC_sans_bias115": {"write": {"device_start": 1585661072.9594886, "host_queued_start": 1585661140.322044, "device_queued": 1585661072.8675337, "device_end": 1585661072.959586, "host_queued_end": 1585661140.332033}, "device": "gpu", "nd_range": {"device_start": 1585661072.9595916, "device_end": 1585661072.9684289}, "cmdq": 2, "read": {"device_start": 1585661072.9684353, "device_end": 1585661072.9685273}}, "FFC_sans_bias114": {"write": {"device_start": -1, "host_queued_start": 1585661140.311149, "device_queued": -1, "device_end": -1, "host_queued_end": 1585661140.332033}, "device": "gpu", "nd_range": {"device_start": 1585661072.9389658, "device_end": 1585661072.9423313}, "cmdq": 2, "read": {"device_start": -1, "device_end": -1}}, "FFC_sans_bias117": {"write": {"device_start": 1585661072.882933, "host_queued_start": 1585661140.278334, "device_queued": 1585661072.861763, "device_end": 1585661072.8830345, "host_queued_end": 1585661140.332033}, "device": "gpu", "nd_range": {"device_start": 1585661072.8830402, "device_end": 1585661072.892414}, "cmdq": 0, "read": {"device_start": -1, "device_end": -1}}, "softmax5": {"write": {"device_start": -1, "host_queued_start": 1585661140.474176, "device_queued": -1, "device_end": -1, "host_queued_end": 1585661140.51517}, "device": "cpu", "nd_range": {"device_start": 2328916.2045804793, "device_end": 2328916.205324689}, "cmdq": 0, "read": {"device_start": -1, "device_end": -1}}, "FFC_sans_bias110": {"write": {"device_start": 1585661072.8797226, "host_queued_start": 1585661140.275001, "device_queued": 1585661072.8614342, "device_end": 1585661072.8798225, "host_queued_end": 1585661140.332033}, "device": "gpu", "nd_range": {"device_start": 1585661072.8798294, "device_end": 1585661072.8891397}, "cmdq": 2, "read": {"device_start": -1, "device_end": -1}}, "FFC_sans_bias112": {"write": {"device_start": -1, "host_queued_start": 1585661140.307759, "device_queued": -1, "device_end": -1, "host_queued_end": 1585661140.332033}, "device": "gpu", "nd_range": {"device_start": 1585661072.9281223, "device_end": 1585661072.934783}, "cmdq": 2, "read": {"device_start": -1, "device_end": -1}}, "empty53": {"write": {"device_start": -1, "host_queued_start": 1585661140.351279, "device_queued": -1, "device_end": -1, "host_queued_end": 1585661140.51517}, "device": "cpu", "nd_range": {"device_start": 2328914.704851612, "device_end": 2328914.7048525433}, "cmdq": 1, "read": {"device_start": -1, "device_end": -1}}, "coalesced_transpose48": {"write": {"device_start": -1, "host_queued_start": 1585661140.465308, "device_queued": -1, "device_end": -1, "host_queued_end": 1585661140.51517}, "device": "cpu", "nd_range": {"device_start": 2328915.8757550893, "device_end": 2328915.876711723}, "cmdq": 1, "read": {"device_start": -1, "device_end": -1}}}