{"FFC_sans_bias4": {"write": {"device_start": -1, "host_queued_start": 1585662154.702025, "device_queued": -1, "device_end": -1, "host_queued_end": 1585662154.767679}, "device": "cpu", "nd_range": {"device_start": 2329930.379537037, "device_end": 2329930.5143080093}, "cmdq": 1, "read": {"device_start": -1, "device_end": -1}}, "FFC_sans_bias7": {"write": {"device_start": -1, "host_queued_start": 1585662154.729028, "device_queued": -1, "device_end": -1, "host_queued_end": 1585662154.767679}, "device": "cpu", "nd_range": {"device_start": 2329931.5073282863, "device_end": 2329931.642338917}, "cmdq": 0, "read": {"device_start": -1, "device_end": -1}}, "FFC_sans_bias6": {"write": {"device_start": -1, "host_queued_start": 1585662154.717772, "device_queued": -1, "device_end": -1, "host_queued_end": 1585662154.767679}, "device": "cpu", "nd_range": {"device_start": 2329931.228032836, "device_end": 2329931.4453994413}, "cmdq": 3, "read": {"device_start": -1, "device_end": -1}}, "FFC_sans_bias1": {"write": {"device_start": -1, "host_queued_start": 1585662154.561148, "device_queued": -1, "device_end": -1, "host_queued_end": 1585662154.767679}, "device": "cpu", "nd_range": {"device_start": 2329928.957346503, "device_end": 2329929.0937740454}, "cmdq": 2, "read": {"device_start": -1, "device_end": -1}}, "FFC_sans_bias0": {"write": {"device_start": -1, "host_queued_start": 1585662154.557394, "device_queued": -1, "device_end": -1, "host_queued_end": 1585662154.767679}, "device": "cpu", "nd_range": {"device_start": 2329928.9573441073, "device_end": 2329929.186775486}, "cmdq": 1, "read": {"device_start": -1, "device_end": -1}}, "FFC_sans_bias2": {"write": {"device_start": -1, "host_queued_start": 1585662154.564898, "device_queued": -1, "device_end": -1, "host_queued_end": 1585662154.767679}, "device": "cpu", "nd_range": {"device_start": 2329928.958742829, "device_end": 2329929.081195056}, "cmdq": 3, "read": {"device_start": -1, "device_end": -1}}, "coalesced_transpose120": {"write": {"device_start": -1, "host_queued_start": 1585662154.501661, "device_queued": -1, "device_end": -1, "host_queued_end": 1585662154.51609}, "device": "gpu", "nd_range": {"device_start": 1585662087.0326595, "device_end": 1585662087.04546}, "cmdq": 2, "read": {"device_start": -1, "device_end": -1}}, "FFC_sans_bias9": {"write": {"device_start": -1, "host_queued_start": 1585662154.568573, "device_queued": -1, "device_end": -1, "host_queued_end": 1585662154.767679}, "device": "cpu", "nd_range": {"device_start": 2329928.957356178, "device_end": 2329929.081309421}, "cmdq": 0, "read": {"device_start": -1, "device_end": -1}}, "empty71": {"write": {"device_start": -1, "host_queued_start": 1585662154.540542, "device_queued": -1, "device_end": -1, "host_queued_end": 1585662154.767679}, "device": "cpu", "nd_range": {"device_start": 2329928.958529028, "device_end": 2329928.958531241}, "cmdq": 3, "read": {"device_start": -1, "device_end": -1}}, "softmax41": {"write": {"device_start": -1, "host_queued_start": 1585662154.712653, "device_queued": -1, "device_end": -1, "host_queued_end": 1585662154.767679}, "device": "cpu", "nd_range": {"device_start": 2329930.655843792, "device_end": 2329930.6566729043}, "cmdq": 2, "read": {"device_start": -1, "device_end": -1}}, "FFC_sans_bias37": {"write": {"device_start": -1, "host_queued_start": 1585662154.604904, "device_queued": -1, "device_end": -1, "host_queued_end": 1585662154.767679}, "device": "cpu", "nd_range": {"device_start": 2329929.40191878, "device_end": 2329929.5391537054}, "cmdq": 2, "read": {"device_start": -1, "device_end": -1}}, "FFC_sans_bias36": {"write": {"device_start": -1, "host_queued_start": 1585662154.601207, "device_queued": -1, "device_end": -1, "host_queued_end": 1585662154.767679}, "device": "cpu", "nd_range": {"device_start": 2329929.545866671, "device_end": 2329929.670182515}, "cmdq": 1, "read": {"device_start": -1, "device_end": -1}}, "FFC_sans_bias34": {"write": {"device_start": -1, "host_queued_start": 1585662154.738592, "device_queued": -1, "device_end": -1, "host_queued_end": 1585662154.767679}, "device": "cpu", "nd_range": {"device_start": 2329931.897901066, "device_end": 2329931.971701296}, "cmdq": 3, "read": {"device_start": -1, "device_end": -1}}, "FFC_sans_bias33": {"write": {"device_start": -1, "host_queued_start": 1585662154.719715, "device_queued": -1, "device_end": -1, "host_queued_end": 1585662154.767679}, "device": "cpu", "nd_range": {"device_start": 2329930.871931584, "device_end": 2329930.9513540464}, "cmdq": 2, "read": {"device_start": -1, "device_end": -1}}, "FFC_sans_bias31": {"write": {"device_start": -1, "host_queued_start": 1585662154.703977, "device_queued": -1, "device_end": -1, "host_queued_end": 1585662154.767679}, "device": "cpu", "nd_range": {"device_start": 2329930.678368148, "device_end": 2329930.7344282}, "cmdq": 0, "read": {"device_start": -1, "device_end": -1}}, "FFC_sans_bias38": {"write": {"device_start": -1, "host_queued_start": 1585662154.608501, "device_queued": -1, "device_end": -1, "host_queued_end": 1585662154.767679}, "device": "cpu", "nd_range": {"device_start": 2329929.327897124, "device_end": 2329929.4933261704}, "cmdq": 3, "read": {"device_start": -1, "device_end": -1}}, "coalesced_transpose75": {"write": {"device_start": -1, "host_queued_start": 1585662154.698958, "device_queued": -1, "device_end": -1, "host_queued_end": 1585662154.767679}, "device": "cpu", "nd_range": {"device_start": 2329930.1662887423, "device_end": 2329930.1671597944}, "cmdq": 0, "read": {"device_start": -1, "device_end": -1}}, "softmax140": {"write": {"device_start": -1, "host_queued_start": 1585662154.504087, "device_queued": -1, "device_end": -1, "host_queued_end": 1585662154.51609}, "device": "gpu", "nd_range": {"device_start": 1585662087.0522618, "device_end": 1585662087.0568721}, "cmdq": 0, "read": {"device_start": -1, "device_end": -1}}, "empty44": {"write": {"device_start": -1, "host_queued_start": 1585662154.532198, "device_queued": -1, "device_end": -1, "host_queued_end": 1585662154.767679}, "device": "cpu", "nd_range": {"device_start": 2329928.9573359103, "device_end": 2329928.957337256}, "cmdq": 0, "read": {"device_start": -1, "device_end": -1}}, "FFC_sans_bias137": {"write": {"device_start": 1585662087.0265434, "host_queued_start": 1585662154.497775, "device_queued": 1585662087.0180542, "device_end": 1585662087.0266452, "host_queued_end": 1585662154.51609}, "device": "gpu", "nd_range": {"device_start": 1585662087.0266478, "device_end": 1585662087.0423803}, "cmdq": 0, "read": {"device_start": -1, "device_end": -1}}, "empty8": {"write": {"device_start": -1, "host_queued_start": 1585662154.520253, "device_queued": -1, "device_end": -1, "host_queued_end": 1585662154.767679}, "device": "cpu", "nd_range": {"device_start": 2329928.9573024283, "device_end": 2329928.957312272}, "cmdq": 0, "read": {"device_start": -1, "device_end": -1}}, "softmax50": {"write": {"device_start": -1, "host_queued_start": 1585662154.713186, "device_queued": -1, "device_end": -1, "host_queued_end": 1585662154.767679}, "device": "cpu", "nd_range": {"device_start": 2329931.2168060783, "device_end": 2329931.217599541}, "cmdq": 3, "read": {"device_start": -1, "device_end": -1}}, "softmax59": {"write": {"device_start": -1, "host_queued_start": 1585662154.713717, "device_queued": -1, "device_end": -1, "host_queued_end": 1585662154.767679}, "device": "cpu", "nd_range": {"device_start": 2329931.0669919993, "device_end": 2329931.067742166}, "cmdq": 0, "read": {"device_start": -1, "device_end": -1}}, "FFC_sans_bias142": {"write": {"device_start": 1585662087.0606153, "host_queued_start": 1585662154.515969, "device_queued": 1585662087.0206695, "device_end": 1585662087.0607138, "host_queued_end": 1585662154.51609}, "device": "gpu", "nd_range": {"device_start": 1585662087.066851, "device_end": 1585662087.073284}, "cmdq": 1, "read": {"device_start": 1585662087.0732925, "device_end": 1585662087.0734024}}, "FFC_sans_bias141": {"write": {"device_start": -1, "host_queued_start": 1585662154.505137, "device_queued": -1, "device_end": -1, "host_queued_end": 1585662154.51609}, "device": "gpu", "nd_range": {"device_start": 1585662087.0576556, "device_end": 1585662087.0668447}, "cmdq": 3, "read": {"device_start": -1, "device_end": -1}}, "FFC_sans_bias24": {"write": {"device_start": -1, "host_queued_start": 1585662154.719064, "device_queued": -1, "device_end": -1, "host_queued_end": 1585662154.767679}, "device": "cpu", "nd_range": {"device_start": 2329930.9861950343, "device_end": 2329931.066971891}, "cmdq": 1, "read": {"device_start": -1, "device_end": -1}}, "FFC_sans_bias25": {"write": {"device_start": -1, "host_queued_start": 1585662154.735248, "device_queued": -1, "device_end": -1, "host_queued_end": 1585662154.767679}, "device": "cpu", "nd_range": {"device_start": 2329931.192813471, "device_end": 2329931.427165335}, "cmdq": 2, "read": {"device_start": -1, "device_end": -1}}, "FFC_sans_bias27": {"write": {"device_start": -1, "host_queued_start": 1585662154.590497, "device_queued": -1, "device_end": -1, "host_queued_end": 1585662154.767679}, "device": "cpu", "nd_range": {"device_start": 2329929.264322745, "device_end": 2329929.4016809063}, "cmdq": 2, "read": {"device_start": -1, "device_end": -1}}, "FFC_sans_bias20": {"write": {"device_start": -1, "host_queued_start": 1585662154.586844, "device_queued": -1, "device_end": -1, "host_queued_end": 1585662154.767679}, "device": "cpu", "nd_range": {"device_start": 2329929.422309177, "device_end": 2329929.545854431}, "cmdq": 1, "read": {"device_start": -1, "device_end": -1}}, "FFC_sans_bias22": {"write": {"device_start": -1, "host_queued_start": 1585662154.703335, "device_queued": -1, "device_end": -1, "host_queued_end": 1585662154.767679}, "device": "cpu", "nd_range": {"device_start": 2329930.673109495, "device_end": 2329930.8819477973}, "cmdq": 3, "read": {"device_start": -1, "device_end": -1}}, "FFC_sans_bias130": {"write": {"device_start": -1, "host_queued_start": 1585662154.503027, "device_queued": -1, "device_end": -1, "host_queued_end": 1585662154.51609}, "device": "gpu", "nd_range": {"device_start": 1585662087.0456583, "device_end": 1585662087.055493}, "cmdq": 1, "read": {"device_start": -1, "device_end": -1}}, "FFC_sans_bias28": {"write": {"device_start": -1, "host_queued_start": 1585662154.594072, "device_queued": -1, "device_end": -1, "host_queued_end": 1585662154.767679}, "device": "cpu", "nd_range": {"device_start": 2329929.204823451, "device_end": 2329929.3278819923}, "cmdq": 3, "read": {"device_start": -1, "device_end": -1}}, "FFC_sans_bias29": {"write": {"device_start": -1, "host_queued_start": 1585662154.597598, "device_queued": -1, "device_end": -1, "host_queued_end": 1585662154.767679}, "device": "cpu", "nd_range": {"device_start": 2329929.205059591, "device_end": 2329929.328220249}, "cmdq": 0, "read": {"device_start": -1, "device_end": -1}}, "coalesced_transpose66": {"write": {"device_start": -1, "host_queued_start": 1585662154.698247, "device_queued": -1, "device_end": -1, "host_queued_end": 1585662154.767679}, "device": "cpu", "nd_range": {"device_start": 2329930.671163035, "device_end": 2329930.672121088}, "cmdq": 3, "read": {"device_start": -1, "device_end": -1}}, "coalesced_transpose93": {"write": {"device_start": -1, "host_queued_start": 1585662154.70011, "device_queued": -1, "device_end": -1, "host_queued_end": 1585662154.767679}, "device": "cpu", "nd_range": {"device_start": 2329930.3432665393, "device_end": 2329930.344317147}, "cmdq": 2, "read": {"device_start": -1, "device_end": -1}}, "softmax23": {"write": {"device_start": -1, "host_queued_start": 1585662154.711494, "device_queued": -1, "device_end": -1, "host_queued_end": 1585662154.767679}, "device": "cpu", "nd_range": {"device_start": 2329930.9612512263, "device_end": 2329930.962005812}, "cmdq": 0, "read": {"device_start": -1, "device_end": -1}}, "empty62": {"write": {"device_start": -1, "host_queued_start": 1585662154.537658, "device_queued": -1, "device_end": -1, "host_queued_end": 1585662154.767679}, "device": "cpu", "nd_range": {"device_start": 2329928.9573348924, "device_end": 2329928.957336034}, "cmdq": 2, "read": {"device_start": -1, "device_end": -1}}, "FFC_sans_bias10": {"write": {"device_start": -1, "host_queued_start": 1585662154.572124, "device_queued": -1, "device_end": -1, "host_queued_end": 1585662154.767679}, "device": "cpu", "nd_range": {"device_start": 2329929.186800877, "device_end": 2329929.422291384}, "cmdq": 1, "read": {"device_start": -1, "device_end": -1}}, "FFC_sans_bias13": {"write": {"device_start": -1, "host_queued_start": 1585662154.702664, "device_queued": -1, "device_end": -1, "host_queued_end": 1585662154.767679}, "device": "cpu", "nd_range": {"device_start": 2329930.409937987, "device_end": 2329930.5066424473}, "cmdq": 2, "read": {"device_start": -1, "device_end": -1}}, "FFC_sans_bias15": {"write": {"device_start": -1, "host_queued_start": 1585662154.718399, "device_queued": -1, "device_end": -1, "host_queued_end": 1585662154.767679}, "device": "cpu", "nd_range": {"device_start": 2329931.241404626, "device_end": 2329931.3088903343}, "cmdq": 0, "read": {"device_start": -1, "device_end": -1}}, "FFC_sans_bias16": {"write": {"device_start": -1, "host_queued_start": 1585662154.732126, "device_queued": -1, "device_end": -1, "host_queued_end": 1585662154.767679}, "device": "cpu", "nd_range": {"device_start": 2329931.360878989, "device_end": 2329931.507111741}, "cmdq": 1, "read": {"device_start": -1, "device_end": -1}}, "FFC_sans_bias19": {"write": {"device_start": -1, "host_queued_start": 1585662154.583387, "device_queued": -1, "device_end": -1, "host_queued_end": 1585662154.767679}, "device": "cpu", "nd_range": {"device_start": 2329929.081323481, "device_end": 2329929.205049522}, "cmdq": 0, "read": {"device_start": -1, "device_end": -1}}, "FFC_sans_bias18": {"write": {"device_start": -1, "host_queued_start": 1585662154.579967, "device_queued": -1, "device_end": -1, "host_queued_end": 1585662154.767679}, "device": "cpu", "nd_range": {"device_start": 2329929.0812264113, "device_end": 2329929.2048080023}, "cmdq": 3, "read": {"device_start": -1, "device_end": -1}}, "FFC_sans_bias99": {"write": {"device_start": -1, "host_queued_start": 1585662154.67647, "device_queued": -1, "device_end": -1, "host_queued_end": 1585662154.767679}, "device": "cpu", "nd_range": {"device_start": 2329930.08382788, "device_end": 2329930.2179863593}, "cmdq": 2, "read": {"device_start": -1, "device_end": -1}}, "FFC_sans_bias91": {"write": {"device_start": -1, "host_queued_start": 1585662154.66935, "device_queued": -1, "device_end": -1, "host_queued_end": 1585662154.767679}, "device": "cpu", "nd_range": {"device_start": 2329929.916896956, "device_end": 2329930.040623418}, "cmdq": 0, "read": {"device_start": -1, "device_end": -1}}, "FFC_sans_bias90": {"write": {"device_start": -1, "host_queued_start": 1585662154.665743, "device_queued": -1, "device_end": -1, "host_queued_end": 1585662154.767679}, "device": "cpu", "nd_range": {"device_start": 2329930.243927951, "device_end": 2329930.3609073423}, "cmdq": 3, "read": {"device_start": -1, "device_end": -1}}, "coalesced_transpose12": {"write": {"device_start": -1, "host_queued_start": 1585662154.69461, "device_queued": -1, "device_end": -1, "host_queued_end": 1585662154.767679}, "device": "cpu", "nd_range": {"device_start": 2329930.376629022, "device_end": 2329930.377594522}, "cmdq": 1, "read": {"device_start": -1, "device_end": -1}}, "FFC_sans_bias94": {"write": {"device_start": -1, "host_queued_start": 1585662154.708584, "device_queued": -1, "device_end": -1, "host_queued_end": 1585662154.767679}, "device": "cpu", "nd_range": {"device_start": 2329931.02591639, "device_end": 2329931.215630921}, "cmdq": 3, "read": {"device_start": -1, "device_end": -1}}, "FFC_sans_bias97": {"write": {"device_start": -1, "host_queued_start": 1585662154.761154, "device_queued": -1, "device_end": -1, "host_queued_end": 1585662154.767679}, "device": "cpu", "nd_range": {"device_start": 2329931.630721819, "device_end": 2329931.7517414703}, "cmdq": 2, "read": {"device_start": -1, "device_end": -1}}, "FFC_sans_bias96": {"write": {"device_start": -1, "host_queued_start": 1585662154.724385, "device_queued": -1, "device_end": -1, "host_queued_end": 1585662154.767679}, "device": "cpu", "nd_range": {"device_start": 2329931.2473776382, "device_end": 2329931.3606585274}, "cmdq": 1, "read": {"device_start": -1, "device_end": -1}}, "FFC_sans_bias124": {"write": {"device_start": 1585662087.0579836, "host_queued_start": 1585662154.508561, "device_queued": 1585662087.0200243, "device_end": 1585662087.0580812, "host_queued_end": 1585662154.51609}, "device": "gpu", "nd_range": {"device_start": 1585662087.0668569, "device_end": 1585662087.0765507}, "cmdq": 4, "read": {"device_start": 1585662087.0765538, "device_end": 1585662087.0766547}}, "FFC_sans_bias126": {"write": {"device_start": 1585662087.017396, "host_queued_start": 1585662154.487066, "device_queued": 1585662087.0169933, "device_end": 1585662087.0174904, "host_queued_end": 1585662154.51609}, "device": "gpu", "nd_range": {"device_start": 1585662087.0177546, "device_end": 1585662087.0326576}, "cmdq": 2, "read": {"device_start": -1, "device_end": -1}}, "softmax32": {"write": {"device_start": -1, "host_queued_start": 1585662154.712024, "device_queued": -1, "device_end": -1, "host_queued_end": 1585662154.767679}, "device": "cpu", "nd_range": {"device_start": 2329930.8692771513, "device_end": 2329930.8700080523}, "cmdq": 1, "read": {"device_start": -1, "device_end": -1}}, "coalesced_transpose84": {"write": {"device_start": -1, "host_queued_start": 1585662154.699537, "device_queued": -1, "device_end": -1, "host_queued_end": 1585662154.767679}, "device": "cpu", "nd_range": {"device_start": 2329930.378574546, "device_end": 2329930.379528386}, "cmdq": 1, "read": {"device_start": -1, "device_end": -1}}, "FFC_sans_bias121": {"write": {"device_start": -1, "host_queued_start": 1585662154.502705, "device_queued": -1, "device_end": -1, "host_queued_end": 1585662154.51609}, "device": "gpu", "nd_range": {"device_start": 1585662087.04547, "device_end": 1585662087.0489244}, "cmdq": 0, "read": {"device_start": -1, "device_end": -1}}, "empty98": {"write": {"device_start": -1, "host_queued_start": 1585662154.548786, "device_queued": -1, "device_end": -1, "host_queued_end": 1585662154.767679}, "device": "cpu", "nd_range": {"device_start": 2329928.9573412472, "device_end": 2329928.957341967}, "cmdq": 2, "read": {"device_start": -1, "device_end": -1}}, "empty107": {"write": {"device_start": -1, "host_queued_start": 1585662154.551643, "device_queued": -1, "device_end": -1, "host_queued_end": 1585662154.767679}, "device": "cpu", "nd_range": {"device_start": 2329928.958640173, "device_end": 2329928.958642039}, "cmdq": 3, "read": {"device_start": -1, "device_end": -1}}, "empty17": {"write": {"device_start": -1, "host_queued_start": 1585662154.523372, "device_queued": -1, "device_end": -1, "host_queued_end": 1585662154.767679}, "device": "cpu", "nd_range": {"device_start": 2329928.9573024074, "device_end": 2329928.957312304}, "cmdq": 1, "read": {"device_start": -1, "device_end": -1}}, "FFC_sans_bias87": {"write": {"device_start": -1, "host_queued_start": 1585662154.723794, "device_queued": -1, "device_end": -1, "host_queued_end": 1585662154.767679}, "device": "cpu", "nd_range": {"device_start": 2329931.442402142, "device_end": 2329931.5073130974}, "cmdq": 0, "read": {"device_start": -1, "device_end": -1}}, "FFC_sans_bias85": {"write": {"device_start": -1, "host_queued_start": 1585662154.707888, "device_queued": -1, "device_end": -1, "host_queued_end": 1585662154.767679}, "device": "cpu", "nd_range": {"device_start": 2329930.574722722, "device_end": 2329930.655053766}, "cmdq": 2, "read": {"device_start": -1, "device_end": -1}}, "FFC_sans_bias82": {"write": {"device_start": -1, "host_queued_start": 1585662154.6587, "device_queued": -1, "device_end": -1, "host_queued_end": 1585662154.767679}, "device": "cpu", "nd_range": {"device_start": 2329930.0392286032, "device_end": 2329930.16176368}, "cmdq": 1, "read": {"device_start": -1, "device_end": -1}}, "FFC_sans_bias83": {"write": {"device_start": -1, "host_queued_start": 1585662154.662124, "device_queued": -1, "device_end": -1, "host_queued_end": 1585662154.767679}, "device": "cpu", "nd_range": {"device_start": 2329929.947610756, "device_end": 2329930.083583914}, "cmdq": 2, "read": {"device_start": -1, "device_end": -1}}, "FFC_sans_bias81": {"write": {"device_start": -1, "host_queued_start": 1585662154.655123, "device_queued": -1, "device_end": -1, "host_queued_end": 1585662154.767679}, "device": "cpu", "nd_range": {"device_start": 2329929.69953225, "device_end": 2329929.9168848502}, "cmdq": 0, "read": {"device_start": -1, "device_end": -1}}, "FFC_sans_bias88": {"write": {"device_start": -1, "host_queued_start": 1585662154.757894, "device_queued": -1, "device_end": -1, "host_queued_end": 1585662154.767679}, "device": "cpu", "nd_range": {"device_start": 2329931.630057039, "device_end": 2329931.752605435}, "cmdq": 1, "read": {"device_start": -1, "device_end": -1}}, "coalesced_transpose30": {"write": {"device_start": -1, "host_queued_start": 1585662154.695888, "device_queued": -1, "device_end": -1, "host_queued_end": 1585662154.767679}, "device": "cpu", "nd_range": {"device_start": 2329930.670199837, "device_end": 2329930.671150832}, "cmdq": 3, "read": {"device_start": -1, "device_end": -1}}, "FFC_sans_bias128": {"write": {"device_start": 1585662087.017102, "host_queued_start": 1585662154.483469, "device_queued": 1585662087.0168686, "device_end": 1585662087.0173712, "host_queued_end": 1585662154.51609}, "device": "gpu", "nd_range": {"device_start": 1585662087.0176475, "device_end": 1585662087.0293632}, "cmdq": 1, "read": {"device_start": -1, "device_end": -1}}, "coalesced_transpose39": {"write": {"device_start": -1, "host_queued_start": 1585662154.696514, "device_queued": -1, "device_end": -1, "host_queued_end": 1585662154.767679}, "device": "cpu", "nd_range": {"device_start": 2329930.165265148, "device_end": 2329930.166136805}, "cmdq": 0, "read": {"device_start": -1, "device_end": -1}}, "FFC_sans_bias79": {"write": {"device_start": -1, "host_queued_start": 1585662154.754718, "device_queued": -1, "device_end": -1, "host_queued_end": 1585662154.767679}, "device": "cpu", "nd_range": {"device_start": 2329931.813180915, "device_end": 2329931.8704145583}, "cmdq": 0, "read": {"device_start": -1, "device_end": -1}}, "FFC_sans_bias78": {"write": {"device_start": -1, "host_queued_start": 1585662154.723107, "device_queued": -1, "device_end": -1, "host_queued_end": 1585662154.767679}, "device": "cpu", "nd_range": {"device_start": 2329931.690435075, "device_end": 2329931.813165943}, "cmdq": 3, "read": {"device_start": -1, "device_end": -1}}, "FFC_sans_bias73": {"write": {"device_start": -1, "host_queued_start": 1585662154.647911, "device_queued": -1, "device_end": -1, "host_queued_end": 1585662154.767679}, "device": "cpu", "nd_range": {"device_start": 2329929.812015668, "device_end": 2329929.9473655364}, "cmdq": 2, "read": {"device_start": -1, "device_end": -1}}, "FFC_sans_bias72": {"write": {"device_start": -1, "host_queued_start": 1585662154.644481, "device_queued": -1, "device_end": -1, "host_queued_end": 1585662154.767679}, "device": "cpu", "nd_range": {"device_start": 2329929.915867894, "device_end": 2329930.039210816}, "cmdq": 1, "read": {"device_start": -1, "device_end": -1}}, "FFC_sans_bias70": {"write": {"device_start": -1, "host_queued_start": 1585662154.751573, "device_queued": -1, "device_end": -1, "host_queued_end": 1585662154.767679}, "device": "cpu", "nd_range": {"device_start": 2329931.9717184263, "device_end": 2329932.0157228503}, "cmdq": 3, "read": {"device_start": -1, "device_end": -1}}, "FFC_sans_bias76": {"write": {"device_start": -1, "host_queued_start": 1585662154.707281, "device_queued": -1, "device_end": -1, "host_queued_end": 1585662154.767679}, "device": "cpu", "nd_range": {"device_start": 2329930.6423889473, "device_end": 2329930.745831}, "cmdq": 1, "read": {"device_start": -1, "device_end": -1}}, "FFC_sans_bias74": {"write": {"device_start": -1, "host_queued_start": 1585662154.651504, "device_queued": -1, "device_end": -1, "host_queued_end": 1585662154.767679}, "device": "cpu", "nd_range": {"device_start": 2329929.987524052, "device_end": 2329930.24389923}, "cmdq": 3, "read": {"device_start": -1, "device_end": -1}}, "coalesced_transpose102": {"write": {"device_start": -1, "host_queued_start": 1585662154.700697, "device_queued": -1, "device_end": -1, "host_queued_end": 1585662154.767679}, "device": "cpu", "nd_range": {"device_start": 2329930.672130012, "device_end": 2329930.673100998}, "cmdq": 3, "read": {"device_start": -1, "device_end": -1}}, "coalesced_transpose3": {"write": {"device_start": -1, "host_queued_start": 1585662154.693999, "device_queued": -1, "device_end": -1, "host_queued_end": 1585662154.767679}, "device": "cpu", "nd_range": {"device_start": 2329930.164267971, "device_end": 2329930.165118073}, "cmdq": 0, "read": {"device_start": -1, "device_end": -1}}, "FFC_sans_bias127": {"write": {"device_start": 1585662087.0198886, "host_queued_start": 1585662154.490745, "device_queued": 1585662087.0173821, "device_end": 1585662087.0199888, "host_queued_end": 1585662154.51609}, "device": "gpu", "nd_range": {"device_start": 1585662087.0199919, "device_end": 1585662087.035869}, "cmdq": 3, "read": {"device_start": -1, "device_end": -1}}, "empty89": {"write": {"device_start": -1, "host_queued_start": 1585662154.546007, "device_queued": -1, "device_end": -1, "host_queued_end": 1585662154.767679}, "device": "cpu", "nd_range": {"device_start": 2329928.957338532, "device_end": 2329928.957339376}, "cmdq": 1, "read": {"device_start": -1, "device_end": -1}}, "FFC_sans_bias123": {"write": {"device_start": -1, "host_queued_start": 1585662154.504469, "device_queued": -1, "device_end": -1, "host_queued_end": 1585662154.51609}, "device": "gpu", "nd_range": {"device_start": 1585662087.0568774, "device_end": 1585662087.0602665}, "cmdq": 1, "read": {"device_start": -1, "device_end": -1}}, "empty80": {"write": {"device_start": -1, "host_queued_start": 1585662154.543319, "device_queued": -1, "device_end": -1, "host_queued_end": 1585662154.767679}, "device": "cpu", "nd_range": {"device_start": 2329928.9573427, "device_end": 2329928.957343501}, "cmdq": 0, "read": {"device_start": -1, "device_end": -1}}, "empty116": {"write": {"device_start": -1, "host_queued_start": 1585662154.554408, "device_queued": -1, "device_end": -1, "host_queued_end": 1585662154.767679}, "device": "cpu", "nd_range": {"device_start": 2329928.957348701, "device_end": 2329928.957349283}, "cmdq": 0, "read": {"device_start": -1, "device_end": -1}}, "softmax104": {"write": {"device_start": -1, "host_queued_start": 1585662154.716511, "device_queued": -1, "device_end": -1, "host_queued_end": 1585662154.767679}, "device": "cpu", "nd_range": {"device_start": 2329930.984214311, "device_end": 2329930.986174154}, "cmdq": 1, "read": {"device_start": -1, "device_end": -1}}, "coalesced_transpose21": {"write": {"device_start": -1, "host_queued_start": 1585662154.695238, "device_queued": -1, "device_end": -1, "host_queued_end": 1585662154.767679}, "device": "cpu", "nd_range": {"device_start": 2329930.3413016503, "device_end": 2329930.342284354}, "cmdq": 2, "read": {"device_start": -1, "device_end": -1}}, "softmax14": {"write": {"device_start": -1, "host_queued_start": 1585662154.710965, "device_queued": -1, "device_end": -1, "host_queued_end": 1585662154.767679}, "device": "cpu", "nd_range": {"device_start": 2329931.215873361, "device_end": 2329931.216642082}, "cmdq": 3, "read": {"device_start": -1, "device_end": -1}}, "FFC_sans_bias69": {"write": {"device_start": -1, "host_queued_start": 1585662154.72237, "device_queued": -1, "device_end": -1, "host_queued_end": 1585662154.767679}, "device": "cpu", "nd_range": {"device_start": 2329930.951579106, "device_end": 2329931.085383302}, "cmdq": 2, "read": {"device_start": -1, "device_end": -1}}, "FFC_sans_bias92": {"write": {"device_start": -1, "host_queued_start": 1585662154.672939, "device_queued": -1, "device_end": -1, "host_queued_end": 1585662154.767679}, "device": "cpu", "nd_range": {"device_start": 2329930.161778787, "device_end": 2329930.2632096503}, "cmdq": 1, "read": {"device_start": -1, "device_end": -1}}, "FFC_sans_bias60": {"write": {"device_start": -1, "host_queued_start": 1585662154.721676, "device_queued": -1, "device_end": -1, "host_queued_end": 1585662154.767679}, "device": "cpu", "nd_range": {"device_start": 2329931.0677560503, "device_end": 2329931.166873867}, "cmdq": 1, "read": {"device_start": -1, "device_end": -1}}, "FFC_sans_bias61": {"write": {"device_start": -1, "host_queued_start": 1585662154.748367, "device_queued": -1, "device_end": -1, "host_queued_end": 1585662154.767679}, "device": "cpu", "nd_range": {"device_start": 2329931.427180728, "device_end": 2329931.630715052}, "cmdq": 2, "read": {"device_start": -1, "device_end": -1}}, "FFC_sans_bias63": {"write": {"device_start": -1, "host_queued_start": 1585662154.640824, "device_queued": -1, "device_end": -1, "host_queued_end": 1585662154.767679}, "device": "cpu", "nd_range": {"device_start": 2329929.5759440362, "device_end": 2329929.699514727}, "cmdq": 0, "read": {"device_start": -1, "device_end": -1}}, "FFC_sans_bias64": {"write": {"device_start": -1, "host_queued_start": 1585662154.633616, "device_queued": -1, "device_end": -1, "host_queued_end": 1585662154.767679}, "device": "cpu", "nd_range": {"device_start": 2329929.677072029, "device_end": 2329929.8117865543}, "cmdq": 2, "read": {"device_start": -1, "device_end": -1}}, "FFC_sans_bias65": {"write": {"device_start": -1, "host_queued_start": 1585662154.637033, "device_queued": -1, "device_end": -1, "host_queued_end": 1585662154.767679}, "device": "cpu", "nd_range": {"device_start": 2329929.7502452172, "device_end": 2329929.9875044203}, "cmdq": 3, "read": {"device_start": -1, "device_end": -1}}, "FFC_sans_bias67": {"write": {"device_start": -1, "host_queued_start": 1585662154.706655, "device_queued": -1, "device_end": -1, "host_queued_end": 1585662154.767679}, "device": "cpu", "nd_range": {"device_start": 2329930.7344528884, "device_end": 2329930.837002263}, "cmdq": 0, "read": {"device_start": -1, "device_end": -1}}, "coalesced_transpose111": {"write": {"device_start": -1, "host_queued_start": 1585662154.701405, "device_queued": -1, "device_end": -1, "host_queued_end": 1585662154.767679}, "device": "cpu", "nd_range": {"device_start": 2329930.34432834, "device_end": 2329930.3456349703}, "cmdq": 0, "read": {"device_start": -1, "device_end": -1}}, "FFC_sans_bias136": {"write": {"device_start": 1585662087.0232563, "host_queued_start": 1585662154.494181, "device_queued": 1585662087.0175095, "device_end": 1585662087.0233622, "host_queued_end": 1585662154.51609}, "device": "gpu", "nd_range": {"device_start": 1585662087.0233734, "device_end": 1585662087.0391486}, "cmdq": 4, "read": {"device_start": -1, "device_end": -1}}, "FFC_sans_bias135": {"write": {"device_start": 1585662087.029692, "host_queued_start": 1585662154.501313, "device_queued": 1585662087.0182927, "device_end": 1585662087.0298076, "host_queued_end": 1585662154.51609}, "device": "gpu", "nd_range": {"device_start": 1585662087.029811, "device_end": 1585662087.0456498}, "cmdq": 1, "read": {"device_start": -1, "device_end": -1}}, "FFC_sans_bias133": {"write": {"device_start": 1585662087.0572302, "host_queued_start": 1585662154.512189, "device_queued": 1585662087.0202522, "device_end": 1585662087.0573306, "host_queued_end": 1585662154.51609}, "device": "gpu", "nd_range": {"device_start": 1585662087.063593, "device_end": 1585662087.0699983}, "cmdq": 0, "read": {"device_start": 1585662087.076957, "device_end": 1585662087.0770614}}, "FFC_sans_bias132": {"write": {"device_start": -1, "host_queued_start": 1585662154.504822, "device_queued": -1, "device_end": -1, "host_queued_end": 1585662154.51609}, "device": "gpu", "nd_range": {"device_start": 1585662087.0576506, "device_end": 1585662087.0635853}, "cmdq": 2, "read": {"device_start": -1, "device_end": -1}}, "softmax68": {"write": {"device_start": -1, "host_queued_start": 1585662154.714247, "device_queued": -1, "device_end": -1, "host_queued_end": 1585662154.767679}, "device": "cpu", "nd_range": {"device_start": 2329930.870176495, "device_end": 2329930.870896216}, "cmdq": 1, "read": {"device_start": -1, "device_end": -1}}, "softmax131": {"write": {"device_start": -1, "host_queued_start": 1585662154.503839, "device_queued": -1, "device_end": -1, "host_queued_end": 1585662154.51609}, "device": "gpu", "nd_range": {"device_start": 1585662087.0568697, "device_end": 1585662087.0576422}, "cmdq": 4, "read": {"device_start": -1, "device_end": -1}}, "empty125": {"write": {"device_start": 1585662087.014901, "host_queued_start": 1585662154.463148, "device_queued": 1585662087.0145721, "device_end": 1585662087.015121, "host_queued_end": 1585662154.51609}, "device": "gpu", "nd_range": {"device_start": 1585662087.0151317, "device_end": 1585662087.0151367}, "cmdq": 0, "read": {"device_start": -1, "device_end": -1}}, "FFC_sans_bias139": {"write": {"device_start": -1, "host_queued_start": 1585662154.503339, "device_queued": -1, "device_end": -1, "host_queued_end": 1585662154.51609}, "device": "gpu", "nd_range": {"device_start": 1585662087.0455487, "device_end": 1585662087.0522535}, "cmdq": 2, "read": {"device_start": -1, "device_end": -1}}, "empty35": {"write": {"device_start": -1, "host_queued_start": 1585662154.529251, "device_queued": -1, "device_end": -1, "host_queued_end": 1585662154.767679}, "device": "cpu", "nd_range": {"device_start": 2329928.9584007873, "device_end": 2329928.958407205}, "cmdq": 3, "read": {"device_start": -1, "device_end": -1}}, "softmax86": {"write": {"device_start": -1, "host_queued_start": 1585662154.715424, "device_queued": -1, "device_end": -1, "host_queued_end": 1585662154.767679}, "device": "cpu", "nd_range": {"device_start": 2329931.217745921, "device_end": 2329931.2185252854}, "cmdq": 3, "read": {"device_start": -1, "device_end": -1}}, "FFC_sans_bias55": {"write": {"device_start": -1, "host_queued_start": 1585662154.630089, "device_queued": -1, "device_end": -1, "host_queued_end": 1585662154.767679}, "device": "cpu", "nd_range": {"device_start": 2329929.793029901, "device_end": 2329929.91584911}, "cmdq": 1, "read": {"device_start": -1, "device_end": -1}}, "FFC_sans_bias54": {"write": {"device_start": -1, "host_queued_start": 1585662154.626477, "device_queued": -1, "device_end": -1, "host_queued_end": 1585662154.767679}, "device": "cpu", "nd_range": {"device_start": 2329929.452167808, "device_end": 2329929.575927072}, "cmdq": 0, "read": {"device_start": -1, "device_end": -1}}, "FFC_sans_bias56": {"write": {"device_start": -1, "host_queued_start": 1585662154.622858, "device_queued": -1, "device_end": -1, "host_queued_end": 1585662154.767679}, "device": "cpu", "nd_range": {"device_start": 2329929.493344768, "device_end": 2329929.75022612}, "cmdq": 3, "read": {"device_start": -1, "device_end": -1}}, "FFC_sans_bias51": {"write": {"device_start": -1, "host_queued_start": 1585662154.721021, "device_queued": -1, "device_end": -1, "host_queued_end": 1585662154.767679}, "device": "cpu", "nd_range": {"device_start": 2329931.3089198433, "device_end": 2329931.44237953}, "cmdq": 0, "read": {"device_start": -1, "device_end": -1}}, "FFC_sans_bias52": {"write": {"device_start": -1, "host_queued_start": 1585662154.745007, "device_queued": -1, "device_end": -1, "host_queued_end": 1585662154.767679}, "device": "cpu", "nd_range": {"device_start": 2329931.507126265, "device_end": 2329931.630041419}, "cmdq": 1, "read": {"device_start": -1, "device_end": -1}}, "FFC_sans_bias58": {"write": {"device_start": -1, "host_queued_start": 1585662154.706005, "device_queued": -1, "device_end": -1, "host_queued_end": 1585662154.767679}, "device": "cpu", "nd_range": {"device_start": 2329930.8821286713, "device_end": 2329931.025664995}, "cmdq": 3, "read": {"device_start": -1, "device_end": -1}}, "FFC_sans_bias108": {"write": {"device_start": -1, "host_queued_start": 1585662154.686966, "device_queued": -1, "device_end": -1, "host_queued_end": 1585662154.767679}, "device": "cpu", "nd_range": {"device_start": 2329930.263221057, "device_end": 2329930.37661872}, "cmdq": 1, "read": {"device_start": -1, "device_end": -1}}, "FFC_sans_bias109": {"write": {"device_start": -1, "host_queued_start": 1585662154.69023, "device_queued": -1, "device_end": -1, "host_queued_end": 1585662154.767679}, "device": "cpu", "nd_range": {"device_start": 2329930.2180127404, "device_end": 2329930.341275008}, "cmdq": 2, "read": {"device_start": -1, "device_end": -1}}, "coalesced_transpose129": {"write": {"device_start": -1, "host_queued_start": 1585662154.502052, "device_queued": -1, "device_end": -1, "host_queued_end": 1585662154.51609}, "device": "gpu", "nd_range": {"device_start": 1585662087.0358698, "device_end": 1585662087.0455153}, "cmdq": 3, "read": {"device_start": -1, "device_end": -1}}, "FFC_sans_bias103": {"write": {"device_start": -1, "host_queued_start": 1585662154.709177, "device_queued": -1, "device_end": -1, "host_queued_end": 1585662154.767679}, "device": "cpu", "nd_range": {"device_start": 2329930.837023811, "device_end": 2329930.961227639}, "cmdq": 0, "read": {"device_start": -1, "device_end": -1}}, "FFC_sans_bias100": {"write": {"device_start": -1, "host_queued_start": 1585662154.680085, "device_queued": -1, "device_end": -1, "host_queued_end": 1585662154.767679}, "device": "cpu", "nd_range": {"device_start": 2329930.360918823, "device_end": 2329930.450023672}, "cmdq": 3, "read": {"device_start": -1, "device_end": -1}}, "FFC_sans_bias101": {"write": {"device_start": -1, "host_queued_start": 1585662154.683737, "device_queued": -1, "device_end": -1, "host_queued_end": 1585662154.767679}, "device": "cpu", "nd_range": {"device_start": 2329930.040635873, "device_end": 2329930.1640802952}, "cmdq": 0, "read": {"device_start": -1, "device_end": -1}}, "FFC_sans_bias106": {"write": {"device_start": -1, "host_queued_start": 1585662154.764499, "device_queued": -1, "device_end": -1, "host_queued_end": 1585662154.767679}, "device": "cpu", "nd_range": {"device_start": 2329932.015734964, "device_end": 2329932.058823071}, "cmdq": 3, "read": {"device_start": -1, "device_end": -1}}, "softmax122": {"write": {"device_start": -1, "host_queued_start": 1585662154.50359, "device_queued": -1, "device_end": -1, "host_queued_end": 1585662154.51609}, "device": "gpu", "nd_range": {"device_start": 1585662087.0489378, "device_end": 1585662087.0568619}, "cmdq": 3, "read": {"device_start": -1, "device_end": -1}}, "FFC_sans_bias105": {"write": {"device_start": -1, "host_queued_start": 1585662154.724984, "device_queued": -1, "device_end": -1, "host_queued_end": 1585662154.767679}, "device": "cpu", "nd_range": {"device_start": 2329931.0855887453, "device_end": 2329931.192528632}, "cmdq": 2, "read": {"device_start": -1, "device_end": -1}}, "softmax95": {"write": {"device_start": -1, "host_queued_start": 1585662154.715986, "device_queued": -1, "device_end": -1, "host_queued_end": 1585662154.767679}, "device": "cpu", "nd_range": {"device_start": 2329931.239831982, "device_end": 2329931.241378969}, "cmdq": 0, "read": {"device_start": -1, "device_end": -1}}, "coalesced_transpose57": {"write": {"device_start": -1, "host_queued_start": 1585662154.697666, "device_queued": -1, "device_end": -1, "host_queued_end": 1585662154.767679}, "device": "cpu", "nd_range": {"device_start": 2329930.3423000663, "device_end": 2329930.343257272}, "cmdq": 2, "read": {"device_start": -1, "device_end": -1}}, "empty26": {"write": {"device_start": -1, "host_queued_start": 1585662154.526298, "device_queued": -1, "device_end": -1, "host_queued_end": 1585662154.767679}, "device": "cpu", "nd_range": {"device_start": 2329928.957307382, "device_end": 2329928.9573122873}, "cmdq": 2, "read": {"device_start": -1, "device_end": -1}}, "softmax113": {"write": {"device_start": -1, "host_queued_start": 1585662154.717113, "device_queued": -1, "device_end": -1, "host_queued_end": 1585662154.767679}, "device": "cpu", "nd_range": {"device_start": 2329930.871050964, "device_end": 2329930.871782261}, "cmdq": 2, "read": {"device_start": -1, "device_end": -1}}, "FFC_sans_bias11": {"write": {"device_start": -1, "host_queued_start": 1585662154.576086, "device_queued": -1, "device_end": -1, "host_queued_end": 1585662154.767679}, "device": "cpu", "nd_range": {"device_start": 2329929.093988582, "device_end": 2329929.2640990783}, "cmdq": 2, "read": {"device_start": -1, "device_end": -1}}, "FFC_sans_bias42": {"write": {"device_start": -1, "host_queued_start": 1585662154.720318, "device_queued": -1, "device_end": -1, "host_queued_end": 1585662154.767679}, "device": "cpu", "nd_range": {"device_start": 2329931.445414295, "device_end": 2329931.69041392}, "cmdq": 3, "read": {"device_start": -1, "device_end": -1}}, "FFC_sans_bias43": {"write": {"device_start": -1, "host_queued_start": 1585662154.741743, "device_queued": -1, "device_end": -1, "host_queued_end": 1585662154.767679}, "device": "cpu", "nd_range": {"device_start": 2329931.7107516034, "device_end": 2329931.813095704}, "cmdq": 0, "read": {"device_start": -1, "device_end": -1}}, "FFC_sans_bias40": {"write": {"device_start": -1, "host_queued_start": 1585662154.704624, "device_queued": -1, "device_end": -1, "host_queued_end": 1585662154.767679}, "device": "cpu", "nd_range": {"device_start": 2329930.5143198883, "device_end": 2329930.6423702124}, "cmdq": 1, "read": {"device_start": -1, "device_end": -1}}, "FFC_sans_bias46": {"write": {"device_start": -1, "host_queued_start": 1585662154.615685, "device_queued": -1, "device_end": -1, "host_queued_end": 1585662154.767679}, "device": "cpu", "nd_range": {"device_start": 2329929.6702086213, "device_end": 2329929.793009567}, "cmdq": 1, "read": {"device_start": -1, "device_end": -1}}, "FFC_sans_bias47": {"write": {"device_start": -1, "host_queued_start": 1585662154.619248, "device_queued": -1, "device_end": -1, "host_queued_end": 1585662154.767679}, "device": "cpu", "nd_range": {"device_start": 2329929.53939746, "device_end": 2329929.6768541443}, "cmdq": 2, "read": {"device_start": -1, "device_end": -1}}, "FFC_sans_bias45": {"write": {"device_start": -1, "host_queued_start": 1585662154.61213, "device_queued": -1, "device_end": -1, "host_queued_end": 1585662154.767679}, "device": "cpu", "nd_range": {"device_start": 2329929.3282339023, "device_end": 2329929.4521527733}, "cmdq": 0, "read": {"device_start": -1, "device_end": -1}}, "FFC_sans_bias49": {"write": {"device_start": -1, "host_queued_start": 1585662154.705275, "device_queued": -1, "device_end": -1, "host_queued_end": 1585662154.767679}, "device": "cpu", "nd_range": {"device_start": 2329930.5066667614, "device_end": 2329930.574699093}, "cmdq": 2, "read": {"device_start": -1, "device_end": -1}}, "softmax77": {"write": {"device_start": -1, "host_queued_start": 1585662154.714827, "device_queued": -1, "device_end": -1, "host_queued_end": 1585662154.767679}, "device": "cpu", "nd_range": {"device_start": 2329930.836233145, "device_end": 2329930.836961049}, "cmdq": 2, "read": {"device_start": -1, "device_end": -1}}, "empty134": {"write": {"device_start": 1585662087.01525, "host_queued_start": 1585662154.466832, "device_queued": 1585662087.0147896, "device_end": 1585662087.0155327, "host_queued_end": 1585662154.51609}, "device": "gpu", "nd_range": {"device_start": 1585662087.0158777, "device_end": 1585662087.0158906}, "cmdq": 1, "read": {"device_start": -1, "device_end": -1}}, "coalesced_transpose138": {"write": {"device_start": -1, "host_queued_start": 1585662154.502352, "device_queued": -1, "device_end": -1, "host_queued_end": 1585662154.51609}, "device": "gpu", "nd_range": {"device_start": 1585662087.0391498, "device_end": 1585662087.0455372}, "cmdq": 4, "read": {"device_start": -1, "device_end": -1}}, "FFC_sans_bias119": {"write": {"device_start": 1585662087.0167654, "host_queued_start": 1585662154.479997, "device_queued": 1585662087.01649, "device_end": 1585662087.0168593, "host_queued_end": 1585662154.51609}, "device": "gpu", "nd_range": {"device_start": 1585662087.0168617, "device_end": 1585662087.0262191}, "cmdq": 0, "read": {"device_start": -1, "device_end": -1}}, "FFC_sans_bias118": {"write": {"device_start": 1585662087.0162098, "host_queued_start": 1585662154.47636, "device_queued": 1585662087.0158398, "device_end": 1585662087.0163164, "host_queued_end": 1585662154.51609}, "device": "gpu", "nd_range": {"device_start": 1585662087.0163617, "device_end": 1585662087.0229285}, "cmdq": 4, "read": {"device_start": -1, "device_end": -1}}, "empty143": {"write": {"device_start": 1585662087.0155761, "host_queued_start": 1585662154.469637, "device_queued": 1585662087.0151334, "device_end": 1585662087.0158262, "host_queued_end": 1585662154.51609}, "device": "gpu", "nd_range": {"device_start": 1585662087.0159202, "device_end": 1585662087.0159411}, "cmdq": 2, "read": {"device_start": -1, "device_end": -1}}, "FFC_sans_bias115": {"write": {"device_start": -1, "host_queued_start": 1585662154.767621, "device_queued": -1, "device_end": -1, "host_queued_end": 1585662154.767679}, "device": "cpu", "nd_range": {"device_start": 2329931.8981024083, "device_end": 2329931.985674616}, "cmdq": 0, "read": {"device_start": -1, "device_end": -1}}, "FFC_sans_bias114": {"write": {"device_start": -1, "host_queued_start": 1585662154.725599, "device_queued": -1, "device_end": -1, "host_queued_end": 1585662154.767679}, "device": "cpu", "nd_range": {"device_start": 2329931.8160231314, "device_end": 2329931.897878056}, "cmdq": 3, "read": {"device_start": -1, "device_end": -1}}, "FFC_sans_bias117": {"write": {"device_start": 1585662087.0158908, "host_queued_start": 1585662154.472677, "device_queued": 1585662087.015545, "device_end": 1585662087.01619, "host_queued_end": 1585662154.51609}, "device": "gpu", "nd_range": {"device_start": 1585662087.0162158, "device_end": 1585662087.0195868}, "cmdq": 3, "read": {"device_start": -1, "device_end": -1}}, "softmax5": {"write": {"device_start": -1, "host_queued_start": 1585662154.710401, "device_queued": -1, "device_end": -1, "host_queued_end": 1585662154.767679}, "device": "cpu", "nd_range": {"device_start": 2329930.655075647, "device_end": 2329930.655833058}, "cmdq": 2, "read": {"device_start": -1, "device_end": -1}}, "FFC_sans_bias110": {"write": {"device_start": -1, "host_queued_start": 1585662154.693606, "device_queued": -1, "device_end": -1, "host_queued_end": 1585662154.767679}, "device": "cpu", "nd_range": {"device_start": 2329930.450041422, "device_end": 2329930.6701849094}, "cmdq": 3, "read": {"device_start": -1, "device_end": -1}}, "FFC_sans_bias112": {"write": {"device_start": -1, "host_queued_start": 1585662154.709871, "device_queued": -1, "device_end": -1, "host_queued_end": 1585662154.767679}, "device": "cpu", "nd_range": {"device_start": 2329930.7460531653, "device_end": 2329930.8690509913}, "cmdq": 1, "read": {"device_start": -1, "device_end": -1}}, "empty53": {"write": {"device_start": -1, "host_queued_start": 1585662154.534914, "device_queued": -1, "device_end": -1, "host_queued_end": 1585662154.767679}, "device": "cpu", "nd_range": {"device_start": 2329928.9573320593, "device_end": 2329928.9573332523}, "cmdq": 1, "read": {"device_start": -1, "device_end": -1}}, "coalesced_transpose48": {"write": {"device_start": -1, "host_queued_start": 1585662154.697094, "device_queued": -1, "device_end": -1, "host_queued_end": 1585662154.767679}, "device": "cpu", "nd_range": {"device_start": 2329930.377609746, "device_end": 2329930.378565268}, "cmdq": 1, "read": {"device_start": -1, "device_end": -1}}}