{"FFC_sans_bias4": {"write": {"device_start": -1, "host_queued_start": 1585660574.344309, "device_queued": -1, "device_end": -1, "host_queued_end": 1585660574.400915}, "device": "cpu", "nd_range": {"device_start": 2328349.6871888903, "device_end": 2328349.7792090653}, "cmdq": 0, "read": {"device_start": -1, "device_end": -1}}, "FFC_sans_bias7": {"write": {"device_start": -1, "host_queued_start": 1585660574.367849, "device_queued": -1, "device_end": -1, "host_queued_end": 1585660574.400915}, "device": "cpu", "nd_range": {"device_start": 2328350.850754214, "device_end": 2328351.0740418793}, "cmdq": 1, "read": {"device_start": -1, "device_end": -1}}, "FFC_sans_bias6": {"write": {"device_start": -1, "host_queued_start": 1585660574.357868, "device_queued": -1, "device_end": -1, "host_queued_end": 1585660574.400915}, "device": "cpu", "nd_range": {"device_start": 2328350.4682218772, "device_end": 2328350.671280609}, "cmdq": 4, "read": {"device_start": -1, "device_end": -1}}, "FFC_sans_bias1": {"write": {"device_start": -1, "host_queued_start": 1585660574.223712, "device_queued": -1, "device_end": -1, "host_queued_end": 1585660574.400915}, "device": "cpu", "nd_range": {"device_start": 2328348.5906126443, "device_end": 2328348.8231374403}, "cmdq": 3, "read": {"device_start": -1, "device_end": -1}}, "FFC_sans_bias0": {"write": {"device_start": -1, "host_queued_start": 1585660574.220074, "device_queued": -1, "device_end": -1, "host_queued_end": 1585660574.400915}, "device": "cpu", "nd_range": {"device_start": 2328348.5906115323, "device_end": 2328348.713877587}, "cmdq": 2, "read": {"device_start": -1, "device_end": -1}}, "FFC_sans_bias2": {"write": {"device_start": -1, "host_queued_start": 1585660574.227432, "device_queued": -1, "device_end": -1, "host_queued_end": 1585660574.400915}, "device": "cpu", "nd_range": {"device_start": 2328348.590629411, "device_end": 2328348.719871922}, "cmdq": 4, "read": {"device_start": -1, "device_end": -1}}, "coalesced_transpose120": {"write": {"device_start": -1, "host_queued_start": 1585660574.165075, "device_queued": -1, "device_end": -1, "host_queued_end": 1585660574.182788}, "device": "gpu", "nd_range": {"device_start": 1585660506.7697005, "device_end": 1585660506.7697191}, "cmdq": 0, "read": {"device_start": -1, "device_end": -1}}, "FFC_sans_bias9": {"write": {"device_start": -1, "host_queued_start": 1585660574.230927, "device_queued": -1, "device_end": -1, "host_queued_end": 1585660574.400915}, "device": "cpu", "nd_range": {"device_start": 2328348.5917170723, "device_end": 2328348.713671029}, "cmdq": 0, "read": {"device_start": -1, "device_end": -1}}, "empty71": {"write": {"device_start": -1, "host_queued_start": 1585660574.206402, "device_queued": -1, "device_end": -1, "host_queued_end": 1585660574.400915}, "device": "cpu", "nd_range": {"device_start": 2328348.590605964, "device_end": 2328348.590606572}, "cmdq": 2, "read": {"device_start": -1, "device_end": -1}}, "softmax41": {"write": {"device_start": -1, "host_queued_start": 1585660574.353608, "device_queued": -1, "device_end": -1, "host_queued_end": 1585660574.400915}, "device": "cpu", "nd_range": {"device_start": 2328350.337796207, "device_end": 2328350.3385120723}, "cmdq": 1, "read": {"device_start": -1, "device_end": -1}}, "FFC_sans_bias37": {"write": {"device_start": -1, "host_queued_start": 1585660574.264661, "device_queued": -1, "device_end": -1, "host_queued_end": 1585660574.400915}, "device": "cpu", "nd_range": {"device_start": 2328348.83593272, "device_end": 2328349.015618335}, "cmdq": 0, "read": {"device_start": -1, "device_end": -1}}, "FFC_sans_bias36": {"write": {"device_start": -1, "host_queued_start": 1585660574.261106, "device_queued": -1, "device_end": -1, "host_queued_end": 1585660574.400915}, "device": "cpu", "nd_range": {"device_start": 2328348.847679668, "device_end": 2328348.992394663}, "cmdq": 4, "read": {"device_start": -1, "device_end": -1}}, "FFC_sans_bias34": {"write": {"device_start": -1, "host_queued_start": 1585660574.37678, "device_queued": -1, "device_end": -1, "host_queued_end": 1585660574.400915}, "device": "cpu", "nd_range": {"device_start": 2328350.934886298, "device_end": 2328351.065688195}, "cmdq": 4, "read": {"device_start": -1, "device_end": -1}}, "FFC_sans_bias33": {"write": {"device_start": -1, "host_queued_start": 1585660574.359665, "device_queued": -1, "device_end": -1, "host_queued_end": 1585660574.400915}, "device": "cpu", "nd_range": {"device_start": 2328350.386996809, "device_end": 2328350.5507803783}, "cmdq": 2, "read": {"device_start": -1, "device_end": -1}}, "FFC_sans_bias31": {"write": {"device_start": -1, "host_queued_start": 1585660574.346138, "device_queued": -1, "device_end": -1, "host_queued_end": 1585660574.400915}, "device": "cpu", "nd_range": {"device_start": 2328349.717401979, "device_end": 2328349.811612614}, "cmdq": 3, "read": {"device_start": -1, "device_end": -1}}, "FFC_sans_bias38": {"write": {"device_start": -1, "host_queued_start": 1585660574.268258, "device_queued": -1, "device_end": -1, "host_queued_end": 1585660574.400915}, "device": "cpu", "nd_range": {"device_start": 2328348.960436039, "device_end": 2328349.0838264013}, "cmdq": 1, "read": {"device_start": -1, "device_end": -1}}, "coalesced_transpose75": {"write": {"device_start": -1, "host_queued_start": 1585660574.34195, "device_queued": -1, "device_end": -1, "host_queued_end": 1585660574.400915}, "device": "cpu", "nd_range": {"device_start": 2328349.95717812, "device_end": 2328349.958046392}, "cmdq": 1, "read": {"device_start": -1, "device_end": -1}}, "softmax140": {"write": {"device_start": -1, "host_queued_start": 1585660574.168018, "device_queued": -1, "device_end": -1, "host_queued_end": 1585660574.182788}, "device": "gpu", "nd_range": {"device_start": 1585660506.7844555, "device_end": 1585660506.7848802}, "cmdq": 0, "read": {"device_start": -1, "device_end": -1}}, "empty44": {"write": {"device_start": -1, "host_queued_start": 1585660574.198276, "device_queued": -1, "device_end": -1, "host_queued_end": 1585660574.400915}, "device": "cpu", "nd_range": {"device_start": 2328348.590601087, "device_end": 2328348.590605628}, "cmdq": 4, "read": {"device_start": -1, "device_end": -1}}, "FFC_sans_bias137": {"write": {"device_start": 1585660506.7623591, "host_queued_start": 1585660574.161012, "device_queued": 1585660506.726593, "device_end": 1585660506.7624693, "host_queued_end": 1585660574.182788}, "device": "gpu", "nd_range": {"device_start": 1585660506.7624757, "device_end": 1585660506.7658436}, "cmdq": 0, "read": {"device_start": -1, "device_end": -1}}, "empty8": {"write": {"device_start": -1, "host_queued_start": 1585660574.186807, "device_queued": -1, "device_end": -1, "host_queued_end": 1585660574.400915}, "device": "cpu", "nd_range": {"device_start": 2328348.5905504553, "device_end": 2328348.590560297}, "cmdq": 0, "read": {"device_start": -1, "device_end": -1}}, "softmax50": {"write": {"device_start": -1, "host_queued_start": 1585660574.354135, "device_queued": -1, "device_end": -1, "host_queued_end": 1585660574.400915}, "device": "cpu", "nd_range": {"device_start": 2328350.385626783, "device_end": 2328350.386331369}, "cmdq": 2, "read": {"device_start": -1, "device_end": -1}}, "softmax59": {"write": {"device_start": -1, "host_queued_start": 1585660574.354672, "device_queued": -1, "device_end": -1, "host_queued_end": 1585660574.400915}, "device": "cpu", "nd_range": {"device_start": 2328350.354315354, "device_end": 2328350.355020334}, "cmdq": 3, "read": {"device_start": -1, "device_end": -1}}, "FFC_sans_bias142": {"write": {"device_start": 1585660506.8110094, "host_queued_start": 1585660574.18267, "device_queued": 1585660506.7295797, "device_end": 1585660506.8111117, "host_queued_end": 1585660574.182788}, "device": "gpu", "nd_range": {"device_start": 1585660506.811118, "device_end": 1585660506.8144393}, "cmdq": 0, "read": {"device_start": 1585660506.814446, "device_end": 1585660506.8145492}}, "FFC_sans_bias141": {"write": {"device_start": -1, "host_queued_start": 1585660574.169448, "device_queued": -1, "device_end": -1, "host_queued_end": 1585660574.182788}, "device": "gpu", "nd_range": {"device_start": 1585660506.7949414, "device_end": 1585660506.798286}, "cmdq": 0, "read": {"device_start": -1, "device_end": -1}}, "FFC_sans_bias24": {"write": {"device_start": -1, "host_queued_start": 1585660574.359061, "device_queued": -1, "device_end": -1, "host_queued_end": 1585660574.400915}, "device": "cpu", "nd_range": {"device_start": 2328350.33924213, "device_end": 2328350.467468236}, "cmdq": 1, "read": {"device_start": -1, "device_end": -1}}, "FFC_sans_bias25": {"write": {"device_start": -1, "host_queued_start": 1585660574.37378, "device_queued": -1, "device_end": -1, "host_queued_end": 1585660574.400915}, "device": "cpu", "nd_range": {"device_start": 2328350.603613227, "device_end": 2328350.726910909}, "cmdq": 3, "read": {"device_start": -1, "device_end": -1}}, "FFC_sans_bias27": {"write": {"device_start": -1, "host_queued_start": 1585660574.250935, "device_queued": -1, "device_end": -1, "host_queued_end": 1585660574.400915}, "device": "cpu", "nd_range": {"device_start": 2328348.8370428463, "device_end": 2328348.960230885}, "cmdq": 1, "read": {"device_start": -1, "device_end": -1}}, "FFC_sans_bias20": {"write": {"device_start": -1, "host_queued_start": 1585660574.247591, "device_queued": -1, "device_end": -1, "host_queued_end": 1585660574.400915}, "device": "cpu", "nd_range": {"device_start": 2328348.713695675, "device_end": 2328348.835905351}, "cmdq": 0, "read": {"device_start": -1, "device_end": -1}}, "FFC_sans_bias22": {"write": {"device_start": -1, "host_queued_start": 1585660574.345541, "device_queued": -1, "device_end": -1, "host_queued_end": 1585660574.400915}, "device": "cpu", "nd_range": {"device_start": 2328350.139868314, "device_end": 2328350.252198488}, "cmdq": 2, "read": {"device_start": -1, "device_end": -1}}, "FFC_sans_bias130": {"write": {"device_start": -1, "host_queued_start": 1585660574.166685, "device_queued": -1, "device_end": -1, "host_queued_end": 1585660574.182788}, "device": "gpu", "nd_range": {"device_start": 1585660506.776461, "device_end": 1585660506.7798252}, "cmdq": 0, "read": {"device_start": -1, "device_end": -1}}, "FFC_sans_bias28": {"write": {"device_start": -1, "host_queued_start": 1585660574.254266, "device_queued": -1, "device_end": -1, "host_queued_end": 1585660574.400915}, "device": "cpu", "nd_range": {"device_start": 2328349.626081276, "device_end": 2328349.716021034}, "cmdq": 2, "read": {"device_start": -1, "device_end": -1}}, "FFC_sans_bias29": {"write": {"device_start": -1, "host_queued_start": 1585660574.257601, "device_queued": -1, "device_end": -1, "host_queued_end": 1585660574.400915}, "device": "cpu", "nd_range": {"device_start": 2328348.9535281593, "device_end": 2328349.076147954}, "cmdq": 3, "read": {"device_start": -1, "device_end": -1}}, "coalesced_transpose66": {"write": {"device_start": -1, "host_queued_start": 1585660574.341364, "device_queued": -1, "device_end": -1, "host_queued_end": 1585660574.400915}, "device": "cpu", "nd_range": {"device_start": 2328349.509508376, "device_end": 2328349.5104947872}, "cmdq": 0, "read": {"device_start": -1, "device_end": -1}}, "coalesced_transpose93": {"write": {"device_start": -1, "host_queued_start": 1585660574.343122, "device_queued": -1, "device_end": -1, "host_queued_end": 1585660574.400915}, "device": "cpu", "nd_range": {"device_start": 2328349.6872186842, "device_end": 2328349.690723215}, "cmdq": 3, "read": {"device_start": -1, "device_end": -1}}, "softmax23": {"write": {"device_start": -1, "host_queued_start": 1585660574.352552, "device_queued": -1, "device_end": -1, "host_queued_end": 1585660574.400915}, "device": "cpu", "nd_range": {"device_start": 2328350.314705912, "device_end": 2328350.315418431}, "cmdq": 4, "read": {"device_start": -1, "device_end": -1}}, "empty62": {"write": {"device_start": -1, "host_queued_start": 1585660574.203678, "device_queued": -1, "device_end": -1, "host_queued_end": 1585660574.400915}, "device": "cpu", "nd_range": {"device_start": 2328348.590585742, "device_end": 2328348.5905873124}, "cmdq": 1, "read": {"device_start": -1, "device_end": -1}}, "FFC_sans_bias10": {"write": {"device_start": -1, "host_queued_start": 1585660574.234232, "device_queued": -1, "device_end": -1, "host_queued_end": 1585660574.400915}, "device": "cpu", "nd_range": {"device_start": 2328348.714103109, "device_end": 2328348.83702585}, "cmdq": 1, "read": {"device_start": -1, "device_end": -1}}, "FFC_sans_bias13": {"write": {"device_start": -1, "host_queued_start": 1585660574.344921, "device_queued": -1, "device_end": -1, "host_queued_end": 1585660574.400915}, "device": "cpu", "nd_range": {"device_start": 2328349.958069837, "device_end": 2328350.077630375}, "cmdq": 1, "read": {"device_start": -1, "device_end": -1}}, "FFC_sans_bias15": {"write": {"device_start": -1, "host_queued_start": 1585660574.358455, "device_queued": -1, "device_end": -1, "host_queued_end": 1585660574.400915}, "device": "cpu", "nd_range": {"device_start": 2328350.118178784, "device_end": 2328350.3608133444}, "cmdq": 0, "read": {"device_start": -1, "device_end": -1}}, "FFC_sans_bias16": {"write": {"device_start": -1, "host_queued_start": 1585660574.370818, "device_queued": -1, "device_end": -1, "host_queued_end": 1585660574.400915}, "device": "cpu", "nd_range": {"device_start": 2328350.6741979374, "device_end": 2328350.7972889193}, "cmdq": 2, "read": {"device_start": -1, "device_end": -1}}, "FFC_sans_bias19": {"write": {"device_start": -1, "host_queued_start": 1585660574.244213, "device_queued": -1, "device_end": -1, "host_queued_end": 1585660574.400915}, "device": "cpu", "nd_range": {"device_start": 2328348.720052326, "device_end": 2328348.8476551333}, "cmdq": 4, "read": {"device_start": -1, "device_end": -1}}, "FFC_sans_bias18": {"write": {"device_start": -1, "host_queued_start": 1585660574.240888, "device_queued": -1, "device_end": -1, "host_queued_end": 1585660574.400915}, "device": "cpu", "nd_range": {"device_start": 2328348.823158965, "device_end": 2328348.9535092493}, "cmdq": 3, "read": {"device_start": -1, "device_end": -1}}, "FFC_sans_bias99": {"write": {"device_start": -1, "host_queued_start": 1585660574.330827, "device_queued": -1, "device_end": -1, "host_queued_end": 1585660574.400915}, "device": "cpu", "nd_range": {"device_start": 2328349.385218835, "device_end": 2328349.508485355}, "cmdq": 0, "read": {"device_start": -1, "device_end": -1}}, "FFC_sans_bias91": {"write": {"device_start": -1, "host_queued_start": 1585660574.324628, "device_queued": -1, "device_end": -1, "host_queued_end": 1585660574.400915}, "device": "cpu", "nd_range": {"device_start": 2328349.561755687, "device_end": 2328349.6853112043}, "cmdq": 3, "read": {"device_start": -1, "device_end": -1}}, "FFC_sans_bias90": {"write": {"device_start": -1, "host_queued_start": 1585660574.321543, "device_queued": -1, "device_end": -1, "host_queued_end": 1585660574.400915}, "device": "cpu", "nd_range": {"device_start": 2328349.957155027, "device_end": 2328350.025808441}, "cmdq": 2, "read": {"device_start": -1, "device_end": -1}}, "coalesced_transpose12": {"write": {"device_start": -1, "host_queued_start": 1585660574.337882, "device_queued": -1, "device_end": -1, "host_queued_end": 1585660574.400915}, "device": "cpu", "nd_range": {"device_start": 2328349.66051232, "device_end": 2328349.6614906304}, "cmdq": 4, "read": {"device_start": -1, "device_end": -1}}, "FFC_sans_bias94": {"write": {"device_start": -1, "host_queued_start": 1585660574.350351, "device_queued": -1, "device_end": -1, "host_queued_end": 1585660574.400915}, "device": "cpu", "nd_range": {"device_start": 2328349.863202232, "device_end": 2328349.932792804}, "cmdq": 0, "read": {"device_start": -1, "device_end": -1}}, "FFC_sans_bias97": {"write": {"device_start": -1, "host_queued_start": 1585660574.397823, "device_queued": -1, "device_end": -1, "host_queued_end": 1585660574.400915}, "device": "cpu", "nd_range": {"device_start": 2328351.138746059, "device_end": 2328351.173973762}, "cmdq": 1, "read": {"device_start": -1, "device_end": -1}}, "FFC_sans_bias96": {"write": {"device_start": -1, "host_queued_start": 1585660574.363959, "device_queued": -1, "device_end": -1, "host_queued_end": 1585660574.400915}, "device": "cpu", "nd_range": {"device_start": 2328350.803392835, "device_end": 2328350.9336090023}, "cmdq": 4, "read": {"device_start": -1, "device_end": -1}}, "FFC_sans_bias124": {"write": {"device_start": 1585660506.8027663, "host_queued_start": 1585660574.176051, "device_queued": 1585660506.7290294, "device_end": 1585660506.8028615, "host_queued_end": 1585660574.182788}, "device": "gpu", "nd_range": {"device_start": 1585660506.8028696, "device_end": 1585660506.806184}, "cmdq": 0, "read": {"device_start": 1585660506.8061905, "device_end": 1585660506.8062801}}, "FFC_sans_bias126": {"write": {"device_start": 1585660506.751108, "host_queued_start": 1585660574.151053, "device_queued": 1585660506.7258613, "device_end": 1585660506.7512095, "host_queued_end": 1585660574.182788}, "device": "gpu", "nd_range": {"device_start": 1585660506.7512126, "device_end": 1585660506.75454}, "cmdq": 0, "read": {"device_start": -1, "device_end": -1}}, "softmax32": {"write": {"device_start": -1, "host_queued_start": 1585660574.353082, "device_queued": -1, "device_end": -1, "host_queued_end": 1585660574.400915}, "device": "cpu", "nd_range": {"device_start": 2328349.932811229, "device_end": 2328349.93356557}, "cmdq": 0, "read": {"device_start": -1, "device_end": -1}}, "coalesced_transpose84": {"write": {"device_start": -1, "host_queued_start": 1585660574.342534, "device_queued": -1, "device_end": -1, "host_queued_end": 1585660574.400915}, "device": "cpu", "nd_range": {"device_start": 2328350.138937409, "device_end": 2328350.139859411}, "cmdq": 2, "read": {"device_start": -1, "device_end": -1}}, "FFC_sans_bias121": {"write": {"device_start": -1, "host_queued_start": 1585660574.166351, "device_queued": -1, "device_end": -1, "host_queued_end": 1585660574.182788}, "device": "gpu", "nd_range": {"device_start": 1585660506.773114, "device_end": 1585660506.77646}, "cmdq": 0, "read": {"device_start": -1, "device_end": -1}}, "empty98": {"write": {"device_start": -1, "host_queued_start": 1585660574.214518, "device_queued": -1, "device_end": -1, "host_queued_end": 1585660574.400915}, "device": "cpu", "nd_range": {"device_start": 2328348.590593152, "device_end": 2328348.5905939173}, "cmdq": 0, "read": {"device_start": -1, "device_end": -1}}, "empty107": {"write": {"device_start": -1, "host_queued_start": 1585660574.217215, "device_queued": -1, "device_end": -1, "host_queued_end": 1585660574.400915}, "device": "cpu", "nd_range": {"device_start": 2328348.590593696, "device_end": 2328348.590594335}, "cmdq": 1, "read": {"device_start": -1, "device_end": -1}}, "empty17": {"write": {"device_start": -1, "host_queued_start": 1585660574.189706, "device_queued": -1, "device_end": -1, "host_queued_end": 1585660574.400915}, "device": "cpu", "nd_range": {"device_start": 2328348.590550266, "device_end": 2328348.5905603273}, "cmdq": 1, "read": {"device_start": -1, "device_end": -1}}, "FFC_sans_bias87": {"write": {"device_start": -1, "host_queued_start": 1585660574.363347, "device_queued": -1, "device_end": -1, "host_queued_end": 1585660574.400915}, "device": "cpu", "nd_range": {"device_start": 2328350.4802376432, "device_end": 2328350.603375668}, "cmdq": 3, "read": {"device_start": -1, "device_end": -1}}, "FFC_sans_bias85": {"write": {"device_start": -1, "host_queued_start": 1585660574.349761, "device_queued": -1, "device_end": -1, "host_queued_end": 1585660574.400915}, "device": "cpu", "nd_range": {"device_start": 2328350.2452838253, "device_end": 2328350.314486773}, "cmdq": 4, "read": {"device_start": -1, "device_end": -1}}, "FFC_sans_bias82": {"write": {"device_start": -1, "host_queued_start": 1585660574.315425, "device_queued": -1, "device_end": -1, "host_queued_end": 1585660574.400915}, "device": "cpu", "nd_range": {"device_start": 2328349.2625369243, "device_end": 2328349.385199685}, "cmdq": 0, "read": {"device_start": -1, "device_end": -1}}, "FFC_sans_bias83": {"write": {"device_start": -1, "host_queued_start": 1585660574.318495, "device_queued": -1, "device_end": -1, "host_queued_end": 1585660574.400915}, "device": "cpu", "nd_range": {"device_start": 2328349.360078575, "device_end": 2328349.483549699}, "cmdq": 1, "read": {"device_start": -1, "device_end": -1}}, "FFC_sans_bias81": {"write": {"device_start": -1, "host_queued_start": 1585660574.312381, "device_queued": -1, "device_end": -1, "host_queued_end": 1585660574.400915}, "device": "cpu", "nd_range": {"device_start": 2328349.422424837, "device_end": 2328349.55319961}, "cmdq": 4, "read": {"device_start": -1, "device_end": -1}}, "FFC_sans_bias88": {"write": {"device_start": -1, "host_queued_start": 1585660574.394771, "device_queued": -1, "device_end": -1, "host_queued_end": 1585660574.400915}, "device": "cpu", "nd_range": {"device_start": 2328350.81229846, "device_end": 2328350.9354126733}, "cmdq": 0, "read": {"device_start": -1, "device_end": -1}}, "coalesced_transpose30": {"write": {"device_start": -1, "host_queued_start": 1585660574.339053, "device_queued": -1, "device_end": -1, "host_queued_end": 1585660574.400915}, "device": "cpu", "nd_range": {"device_start": 2328349.716298263, "device_end": 2328349.7172419513}, "cmdq": 1, "read": {"device_start": -1, "device_end": -1}}, "FFC_sans_bias128": {"write": {"device_start": 1585660506.747351, "host_queued_start": 1585660574.147731, "device_queued": 1585660506.7256365, "device_end": 1585660506.747444, "host_queued_end": 1585660574.182788}, "device": "gpu", "nd_range": {"device_start": 1585660506.747446, "device_end": 1585660506.7507796}, "cmdq": 0, "read": {"device_start": -1, "device_end": -1}}, "coalesced_transpose39": {"write": {"device_start": -1, "host_queued_start": 1585660574.339631, "device_queued": -1, "device_end": -1, "host_queued_end": 1585660574.400915}, "device": "cpu", "nd_range": {"device_start": 2328350.137957312, "device_end": 2328350.138924228}, "cmdq": 2, "read": {"device_start": -1, "device_end": -1}}, "FFC_sans_bias79": {"write": {"device_start": -1, "host_queued_start": 1585660574.391779, "device_queued": -1, "device_end": -1, "host_queued_end": 1585660574.400915}, "device": "cpu", "nd_range": {"device_start": 2328351.06570114, "device_end": 2328351.119135418}, "cmdq": 4, "read": {"device_start": -1, "device_end": -1}}, "FFC_sans_bias78": {"write": {"device_start": -1, "host_queued_start": 1585660574.362735, "device_queued": -1, "device_end": -1, "host_queued_end": 1585660574.400915}, "device": "cpu", "nd_range": {"device_start": 2328350.5507984203, "device_end": 2328350.674186185}, "cmdq": 2, "read": {"device_start": -1, "device_end": -1}}, "FFC_sans_bias73": {"write": {"device_start": -1, "host_queued_start": 1585660574.305725, "device_queued": -1, "device_end": -1, "host_queued_end": 1585660574.400915}, "device": "cpu", "nd_range": {"device_start": 2328349.888935739, "device_end": 2328349.957129699}, "cmdq": 2, "read": {"device_start": -1, "device_end": -1}}, "FFC_sans_bias72": {"write": {"device_start": -1, "host_queued_start": 1585660574.302338, "device_queued": -1, "device_end": -1, "host_queued_end": 1585660574.400915}, "device": "cpu", "nd_range": {"device_start": 2328349.2363338433, "device_end": 2328349.3598400434}, "cmdq": 1, "read": {"device_start": -1, "device_end": -1}}, "FFC_sans_bias70": {"write": {"device_start": -1, "host_queued_start": 1585660574.388818, "device_queued": -1, "device_end": -1, "host_queued_end": 1585660574.400915}, "device": "cpu", "nd_range": {"device_start": 2328350.9354196163, "device_end": 2328351.059322465}, "cmdq": 3, "read": {"device_start": -1, "device_end": -1}}, "FFC_sans_bias76": {"write": {"device_start": -1, "host_queued_start": 1585660574.349171, "device_queued": -1, "device_end": -1, "host_queued_end": 1585660574.400915}, "device": "cpu", "nd_range": {"device_start": 2328349.9878793573, "device_end": 2328350.088091405}, "cmdq": 3, "read": {"device_start": -1, "device_end": -1}}, "FFC_sans_bias74": {"write": {"device_start": -1, "host_queued_start": 1585660574.309077, "device_queued": -1, "device_end": -1, "host_queued_end": 1585660574.400915}, "device": "cpu", "nd_range": {"device_start": 2328349.3242624, "device_end": 2328349.5617412534}, "cmdq": 3, "read": {"device_start": -1, "device_end": -1}}, "coalesced_transpose102": {"write": {"device_start": -1, "host_queued_start": 1585660574.343709, "device_queued": -1, "device_end": -1, "host_queued_end": 1585660574.400915}, "device": "cpu", "nd_range": {"device_start": 2328349.8981933943, "device_end": 2328349.8990332973}, "cmdq": 4, "read": {"device_start": -1, "device_end": -1}}, "coalesced_transpose3": {"write": {"device_start": -1, "host_queued_start": 1585660574.337294, "device_queued": -1, "device_end": -1, "host_queued_end": 1585660574.400915}, "device": "cpu", "nd_range": {"device_start": 2328349.685324766, "device_end": 2328349.686252195}, "cmdq": 3, "read": {"device_start": -1, "device_end": -1}}, "FFC_sans_bias127": {"write": {"device_start": 1585660506.7548375, "host_queued_start": 1585660574.154355, "device_queued": 1585660506.7260895, "device_end": 1585660506.7549303, "host_queued_end": 1585660574.182788}, "device": "gpu", "nd_range": {"device_start": 1585660506.754933, "device_end": 1585660506.7582948}, "cmdq": 0, "read": {"device_start": -1, "device_end": -1}}, "empty89": {"write": {"device_start": -1, "host_queued_start": 1585660574.211926, "device_queued": -1, "device_end": -1, "host_queued_end": 1585660574.400915}, "device": "cpu", "nd_range": {"device_start": 2328348.59062199, "device_end": 2328348.590623115}, "cmdq": 4, "read": {"device_start": -1, "device_end": -1}}, "FFC_sans_bias123": {"write": {"device_start": -1, "host_queued_start": 1585660574.168805, "device_queued": -1, "device_end": -1, "host_queued_end": 1585660574.182788}, "device": "gpu", "nd_range": {"device_start": 1585660506.788239, "device_end": 1585660506.791585}, "cmdq": 0, "read": {"device_start": -1, "device_end": -1}}, "empty80": {"write": {"device_start": -1, "host_queued_start": 1585660574.20912, "device_queued": -1, "device_end": -1, "host_queued_end": 1585660574.400915}, "device": "cpu", "nd_range": {"device_start": 2328348.590606842, "device_end": 2328348.590607487}, "cmdq": 3, "read": {"device_start": -1, "device_end": -1}}, "empty116": {"write": {"device_start": 1585660506.7232726, "host_queued_start": 1585660574.115819, "device_queued": 1585660506.7229195, "device_end": 1585660506.7233706, "host_queued_end": 1585660574.182788}, "device": "gpu", "nd_range": {"device_start": 1585660506.7233796, "device_end": 1585660506.723384}, "cmdq": 0, "read": {"device_start": -1, "device_end": -1}}, "softmax104": {"write": {"device_start": -1, "host_queued_start": 1585660574.357279, "device_queued": -1, "device_end": -1, "host_queued_end": 1585660574.400915}, "device": "cpu", "nd_range": {"device_start": 2328350.355239075, "device_end": 2328350.355950537}, "cmdq": 3, "read": {"device_start": -1, "device_end": -1}}, "coalesced_transpose21": {"write": {"device_start": -1, "host_queued_start": 1585660574.338465, "device_queued": -1, "device_end": -1, "host_queued_end": 1585660574.400915}, "device": "cpu", "nd_range": {"device_start": 2328349.508502306, "device_end": 2328349.509494751}, "cmdq": 0, "read": {"device_start": -1, "device_end": -1}}, "softmax14": {"write": {"device_start": -1, "host_queued_start": 1585660574.352024, "device_queued": -1, "device_end": -1, "host_queued_end": 1585660574.400915}, "device": "cpu", "nd_range": {"device_start": 2328350.088300759, "device_end": 2328350.089040506}, "cmdq": 3, "read": {"device_start": -1, "device_end": -1}}, "FFC_sans_bias69": {"write": {"device_start": -1, "host_queued_start": 1585660574.362118, "device_queued": -1, "device_end": -1, "host_queued_end": 1585660574.400915}, "device": "cpu", "nd_range": {"device_start": 2328350.726924098, "device_end": 2328350.850518972}, "cmdq": 1, "read": {"device_start": -1, "device_end": -1}}, "FFC_sans_bias92": {"write": {"device_start": -1, "host_queued_start": 1585660574.327716, "device_queued": -1, "device_end": -1, "host_queued_end": 1585660574.400915}, "device": "cpu", "nd_range": {"device_start": 2328349.553219829, "device_end": 2328349.660491182}, "cmdq": 4, "read": {"device_start": -1, "device_end": -1}}, "FFC_sans_bias60": {"write": {"device_start": -1, "host_queued_start": 1585660574.36152, "device_queued": -1, "device_end": -1, "host_queued_end": 1585660574.400915}, "device": "cpu", "nd_range": {"device_start": 2328350.360830419, "device_end": 2328350.4836237333}, "cmdq": 0, "read": {"device_start": -1, "device_end": -1}}, "FFC_sans_bias61": {"write": {"device_start": -1, "host_queued_start": 1585660574.385814, "device_queued": -1, "device_end": -1, "host_queued_end": 1585660574.400915}, "device": "cpu", "nd_range": {"device_start": 2328350.7972991723, "device_end": 2328350.9455608763}, "cmdq": 2, "read": {"device_start": -1, "device_end": -1}}, "FFC_sans_bias63": {"write": {"device_start": -1, "host_queued_start": 1585660574.299019, "device_queued": -1, "device_end": -1, "host_queued_end": 1585660574.400915}, "device": "cpu", "nd_range": {"device_start": 2328349.138912897, "device_end": 2328349.262524494}, "cmdq": 0, "read": {"device_start": -1, "device_end": -1}}, "FFC_sans_bias64": {"write": {"device_start": -1, "host_queued_start": 1585660574.292357, "device_queued": -1, "device_end": -1, "host_queued_end": 1585660574.400915}, "device": "cpu", "nd_range": {"device_start": 2328349.2010340313, "device_end": 2328349.324246499}, "cmdq": 3, "read": {"device_start": -1, "device_end": -1}}, "FFC_sans_bias65": {"write": {"device_start": -1, "host_queued_start": 1585660574.295678, "device_queued": -1, "device_end": -1, "host_queued_end": 1585660574.400915}, "device": "cpu", "nd_range": {"device_start": 2328349.257813047, "device_end": 2328349.4223961113}, "cmdq": 4, "read": {"device_start": -1, "device_end": -1}}, "FFC_sans_bias67": {"write": {"device_start": -1, "host_queued_start": 1585660574.348523, "device_queued": -1, "device_end": -1, "host_queued_end": 1585660574.400915}, "device": "cpu", "nd_range": {"device_start": 2328350.2522091144, "device_end": 2328350.38488572}, "cmdq": 2, "read": {"device_start": -1, "device_end": -1}}, "coalesced_transpose111": {"write": {"device_start": -1, "host_queued_start": 1585660574.164753, "device_queued": -1, "device_end": -1, "host_queued_end": 1585660574.182788}, "device": "gpu", "nd_range": {"device_start": 1585660506.7696815, "device_end": 1585660506.7696993}, "cmdq": 0, "read": {"device_start": -1, "device_end": -1}}, "FFC_sans_bias136": {"write": {"device_start": 1585660506.7585843, "host_queued_start": 1585660574.157682, "device_queued": 1585660506.7263458, "device_end": 1585660506.7586792, "host_queued_end": 1585660574.182788}, "device": "gpu", "nd_range": {"device_start": 1585660506.7586818, "device_end": 1585660506.7620425}, "cmdq": 0, "read": {"device_start": -1, "device_end": -1}}, "FFC_sans_bias135": {"write": {"device_start": 1585660506.7661924, "host_queued_start": 1585660574.164394, "device_queued": 1585660506.7268176, "device_end": 1585660506.7663143, "host_queued_end": 1585660574.182788}, "device": "gpu", "nd_range": {"device_start": 1585660506.7663193, "device_end": 1585660506.7696803}, "cmdq": 0, "read": {"device_start": -1, "device_end": -1}}, "FFC_sans_bias133": {"write": {"device_start": 1585660506.806853, "host_queued_start": 1585660574.179371, "device_queued": 1585660506.7292974, "device_end": 1585660506.8069475, "host_queued_end": 1585660574.182788}, "device": "gpu", "nd_range": {"device_start": 1585660506.80695, "device_end": 1585660506.8102772}, "cmdq": 0, "read": {"device_start": 1585660506.8102865, "device_end": 1585660506.8103757}}, "FFC_sans_bias132": {"write": {"device_start": -1, "host_queued_start": 1585660574.169128, "device_queued": -1, "device_end": -1, "host_queued_end": 1585660574.182788}, "device": "gpu", "nd_range": {"device_start": 1585660506.791586, "device_end": 1585660506.7949405}, "cmdq": 0, "read": {"device_start": -1, "device_end": -1}}, "softmax68": {"write": {"device_start": -1, "host_queued_start": 1585660574.355197, "device_queued": -1, "device_end": -1, "host_queued_end": 1585660574.400915}, "device": "cpu", "nd_range": {"device_start": 2328350.467487583, "device_end": 2328350.468208748}, "cmdq": 4, "read": {"device_start": -1, "device_end": -1}}, "softmax131": {"write": {"device_start": -1, "host_queued_start": 1585660574.167767, "device_queued": -1, "device_end": -1, "host_queued_end": 1585660574.182788}, "device": "gpu", "nd_range": {"device_start": 1585660506.7840352, "device_end": 1585660506.7844546}, "cmdq": 0, "read": {"device_start": -1, "device_end": -1}}, "empty125": {"write": {"device_start": 1585660506.7237291, "host_queued_start": 1585660574.119244, "device_queued": 1585660506.7232127, "device_end": 1585660506.7238238, "host_queued_end": 1585660574.182788}, "device": "gpu", "nd_range": {"device_start": 1585660506.7238262, "device_end": 1585660506.7238302}, "cmdq": 0, "read": {"device_start": -1, "device_end": -1}}, "FFC_sans_bias139": {"write": {"device_start": -1, "host_queued_start": 1585660574.167007, "device_queued": -1, "device_end": -1, "host_queued_end": 1585660574.182788}, "device": "gpu", "nd_range": {"device_start": 1585660506.7798266, "device_end": 1585660506.783179}, "cmdq": 0, "read": {"device_start": -1, "device_end": -1}}, "empty35": {"write": {"device_start": -1, "host_queued_start": 1585660574.1955, "device_queued": -1, "device_end": -1, "host_queued_end": 1585660574.400915}, "device": "cpu", "nd_range": {"device_start": 2328348.5905999863, "device_end": 2328348.59060075}, "cmdq": 3, "read": {"device_start": -1, "device_end": -1}}, "softmax86": {"write": {"device_start": -1, "host_queued_start": 1585660574.356239, "device_queued": -1, "device_end": -1, "host_queued_end": 1585660574.400915}, "device": "cpu", "nd_range": {"device_start": 2328350.338521683, "device_end": 2328350.339228245}, "cmdq": 1, "read": {"device_start": -1, "device_end": -1}}, "FFC_sans_bias55": {"write": {"device_start": -1, "host_queued_start": 1585660574.28901, "device_queued": -1, "device_end": -1, "host_queued_end": 1585660574.400915}, "device": "cpu", "nd_range": {"device_start": 2328349.823611683, "device_end": 2328349.8889189763}, "cmdq": 2, "read": {"device_start": -1, "device_end": -1}}, "FFC_sans_bias54": {"write": {"device_start": -1, "host_queued_start": 1585660574.285589, "device_queued": -1, "device_end": -1, "host_queued_end": 1585660574.400915}, "device": "cpu", "nd_range": {"device_start": 2328349.0840458833, "device_end": 2328349.236097364}, "cmdq": 1, "read": {"device_start": -1, "device_end": -1}}, "FFC_sans_bias56": {"write": {"device_start": -1, "host_queued_start": 1585660574.282183, "device_queued": -1, "device_end": -1, "host_queued_end": 1585660574.400915}, "device": "cpu", "nd_range": {"device_start": 2328349.0156361223, "device_end": 2328349.138897057}, "cmdq": 0, "read": {"device_start": -1, "device_end": -1}}, "FFC_sans_bias51": {"write": {"device_start": -1, "host_queued_start": 1585660574.360923, "device_queued": -1, "device_end": -1, "host_queued_end": 1585660574.400915}, "device": "cpu", "nd_range": {"device_start": 2328350.67130348, "device_end": 2328350.8033754793}, "cmdq": 4, "read": {"device_start": -1, "device_end": -1}}, "FFC_sans_bias52": {"write": {"device_start": -1, "host_queued_start": 1585660574.382758, "device_queued": -1, "device_end": -1, "host_queued_end": 1585660574.400915}, "device": "cpu", "nd_range": {"device_start": 2328351.074052533, "device_end": 2328351.138740072}, "cmdq": 1, "read": {"device_start": -1, "device_end": -1}}, "FFC_sans_bias58": {"write": {"device_start": -1, "host_queued_start": 1585660574.347928, "device_queued": -1, "device_end": -1, "host_queued_end": 1585660574.400915}, "device": "cpu", "nd_range": {"device_start": 2328350.077651732, "device_end": 2328350.1526038093}, "cmdq": 1, "read": {"device_start": -1, "device_end": -1}}, "FFC_sans_bias108": {"write": {"device_start": 1585660506.7248456, "host_queued_start": 1585660574.127652, "device_queued": 1585660506.7238355, "device_end": 1585660506.7249386, "host_queued_end": 1585660574.182788}, "device": "gpu", "nd_range": {"device_start": 1585660506.724941, "device_end": 1585660506.728253}, "cmdq": 0, "read": {"device_start": -1, "device_end": -1}}, "FFC_sans_bias109": {"write": {"device_start": 1585660506.72855, "host_queued_start": 1585660574.131019, "device_queued": 1585660506.7242124, "device_end": 1585660506.7286468, "host_queued_end": 1585660574.182788}, "device": "gpu", "nd_range": {"device_start": 1585660506.7286532, "device_end": 1585660506.7319982}, "cmdq": 0, "read": {"device_start": -1, "device_end": -1}}, "coalesced_transpose129": {"write": {"device_start": -1, "host_queued_start": 1585660574.165386, "device_queued": -1, "device_end": -1, "host_queued_end": 1585660574.182788}, "device": "gpu", "nd_range": {"device_start": 1585660506.7697213, "device_end": 1585660506.7697396}, "cmdq": 0, "read": {"device_start": -1, "device_end": -1}}, "FFC_sans_bias103": {"write": {"device_start": -1, "host_queued_start": 1585660574.350952, "device_queued": -1, "device_end": -1, "host_queued_end": 1585660574.400915}, "device": "cpu", "nd_range": {"device_start": 2328350.152624329, "device_end": 2328350.3377763503}, "cmdq": 1, "read": {"device_start": -1, "device_end": -1}}, "FFC_sans_bias100": {"write": {"device_start": -1, "host_queued_start": 1585660574.333878, "device_queued": -1, "device_end": -1, "host_queued_end": 1585660574.400915}, "device": "cpu", "nd_range": {"device_start": 2328349.4837816213, "device_end": 2328349.608165971}, "cmdq": 1, "read": {"device_start": -1, "device_end": -1}}, "FFC_sans_bias101": {"write": {"device_start": -1, "host_queued_start": 1585660574.336936, "device_queued": -1, "device_end": -1, "host_queued_end": 1585660574.400915}, "device": "cpu", "nd_range": {"device_start": 2328350.0258233733, "device_end": 2328350.1379425693}, "cmdq": 2, "read": {"device_start": -1, "device_end": -1}}, "FFC_sans_bias106": {"write": {"device_start": -1, "host_queued_start": 1585660574.400862, "device_queued": -1, "device_end": -1, "host_queued_end": 1585660574.400915}, "device": "cpu", "nd_range": {"device_start": 2328350.9455699413, "device_end": 2328351.068590544}, "cmdq": 2, "read": {"device_start": -1, "device_end": -1}}, "softmax122": {"write": {"device_start": -1, "host_queued_start": 1585660574.167512, "device_queued": -1, "device_end": -1, "host_queued_end": 1585660574.182788}, "device": "gpu", "nd_range": {"device_start": 1585660506.7836044, "device_end": 1585660506.7840338}, "cmdq": 0, "read": {"device_start": -1, "device_end": -1}}, "FFC_sans_bias105": {"write": {"device_start": -1, "host_queued_start": 1585660574.364569, "device_queued": -1, "device_end": -1, "host_queued_end": 1585660574.400915}, "device": "cpu", "nd_range": {"device_start": 2328350.483638766, "device_end": 2328350.606687039}, "cmdq": 0, "read": {"device_start": -1, "device_end": -1}}, "softmax95": {"write": {"device_start": -1, "host_queued_start": 1585660574.356759, "device_queued": -1, "device_end": -1, "host_queued_end": 1585660574.400915}, "device": "cpu", "nd_range": {"device_start": 2328350.38633923, "device_end": 2328350.386985824}, "cmdq": 2, "read": {"device_start": -1, "device_end": -1}}, "coalesced_transpose57": {"write": {"device_start": -1, "host_queued_start": 1585660574.340785, "device_queued": -1, "device_end": -1, "host_queued_end": 1585660574.400915}, "device": "cpu", "nd_range": {"device_start": 2328349.897124818, "device_end": 2328349.8979921374}, "cmdq": 4, "read": {"device_start": -1, "device_end": -1}}, "empty26": {"write": {"device_start": -1, "host_queued_start": 1585660574.192558, "device_queued": -1, "device_end": -1, "host_queued_end": 1585660574.400915}, "device": "cpu", "nd_range": {"device_start": 2328348.590599292, "device_end": 2328348.590600049}, "cmdq": 2, "read": {"device_start": -1, "device_end": -1}}, "softmax113": {"write": {"device_start": -1, "host_queued_start": 1585660574.16726, "device_queued": -1, "device_end": -1, "host_queued_end": 1585660574.182788}, "device": "gpu", "nd_range": {"device_start": 1585660506.7831802, "device_end": 1585660506.7836032}, "cmdq": 0, "read": {"device_start": -1, "device_end": -1}}, "FFC_sans_bias11": {"write": {"device_start": -1, "host_queued_start": 1585660574.237574, "device_queued": -1, "device_end": -1, "host_queued_end": 1585660574.400915}, "device": "cpu", "nd_range": {"device_start": 2328349.510506104, "device_end": 2328349.6260659453}, "cmdq": 2, "read": {"device_start": -1, "device_end": -1}}, "FFC_sans_bias42": {"write": {"device_start": -1, "host_queued_start": 1585660574.360264, "device_queued": -1, "device_end": -1, "host_queued_end": 1585660574.400915}, "device": "cpu", "nd_range": {"device_start": 2328350.3561107, "device_end": 2328350.480033329}, "cmdq": 3, "read": {"device_start": -1, "device_end": -1}}, "FFC_sans_bias43": {"write": {"device_start": -1, "host_queued_start": 1585660574.379771, "device_queued": -1, "device_end": -1, "host_queued_end": 1585660574.400915}, "device": "cpu", "nd_range": {"device_start": 2328350.606699474, "device_end": 2328350.812287669}, "cmdq": 0, "read": {"device_start": -1, "device_end": -1}}, "FFC_sans_bias40": {"write": {"device_start": -1, "host_queued_start": 1585660574.346742, "device_queued": -1, "device_end": -1, "host_queued_end": 1585660574.400915}, "device": "cpu", "nd_range": {"device_start": 2328350.147503124, "device_end": 2328350.245052988}, "cmdq": 4, "read": {"device_start": -1, "device_end": -1}}, "FFC_sans_bias46": {"write": {"device_start": -1, "host_queued_start": 1585660574.275537, "device_queued": -1, "device_end": -1, "host_queued_end": 1585660574.400915}, "device": "cpu", "nd_range": {"device_start": 2328349.0761698233, "device_end": 2328349.2009998513}, "cmdq": 3, "read": {"device_start": -1, "device_end": -1}}, "FFC_sans_bias47": {"write": {"device_start": -1, "host_queued_start": 1585660574.278867, "device_queued": -1, "device_end": -1, "host_queued_end": 1585660574.400915}, "device": "cpu", "nd_range": {"device_start": 2328348.9924181593, "device_end": 2328349.2577935844}, "cmdq": 4, "read": {"device_start": -1, "device_end": -1}}, "FFC_sans_bias45": {"write": {"device_start": -1, "host_queued_start": 1585660574.271981, "device_queued": -1, "device_end": -1, "host_queued_end": 1585660574.400915}, "device": "cpu", "nd_range": {"device_start": 2328349.7160377284, "device_end": 2328349.823598834}, "cmdq": 2, "read": {"device_start": -1, "device_end": -1}}, "FFC_sans_bias49": {"write": {"device_start": -1, "host_queued_start": 1585660574.347333, "device_queued": -1, "device_end": -1, "host_queued_end": 1585660574.400915}, "device": "cpu", "nd_range": {"device_start": 2328349.7792312154, "device_end": 2328349.8631823133}, "cmdq": 0, "read": {"device_start": -1, "device_end": -1}}, "softmax77": {"write": {"device_start": -1, "host_queued_start": 1585660574.355718, "device_queued": -1, "device_end": -1, "host_queued_end": 1585660574.400915}, "device": "cpu", "nd_range": {"device_start": 2328350.117435011, "device_end": 2328350.118158929}, "cmdq": 0, "read": {"device_start": -1, "device_end": -1}}, "empty134": {"write": {"device_start": 1585660506.724106, "host_queued_start": 1585660574.122142, "device_queued": 1585660506.7234309, "device_end": 1585660506.724201, "host_queued_end": 1585660574.182788}, "device": "gpu", "nd_range": {"device_start": 1585660506.7242045, "device_end": 1585660506.724208}, "cmdq": 0, "read": {"device_start": -1, "device_end": -1}}, "coalesced_transpose138": {"write": {"device_start": -1, "host_queued_start": 1585660574.165692, "device_queued": -1, "device_end": -1, "host_queued_end": 1585660574.182788}, "device": "gpu", "nd_range": {"device_start": 1585660506.7697408, "device_end": 1585660506.76976}, "cmdq": 0, "read": {"device_start": -1, "device_end": -1}}, "FFC_sans_bias119": {"write": {"device_start": 1585660506.7435865, "host_queued_start": 1585660574.144357, "device_queued": 1585660506.7254128, "device_end": 1585660506.7436807, "host_queued_end": 1585660574.182788}, "device": "gpu", "nd_range": {"device_start": 1585660506.7436829, "device_end": 1585660506.747047}, "cmdq": 0, "read": {"device_start": -1, "device_end": -1}}, "FFC_sans_bias118": {"write": {"device_start": 1585660506.7398071, "host_queued_start": 1585660574.141026, "device_queued": 1585660506.7251906, "device_end": 1585660506.7399018, "host_queued_end": 1585660574.182788}, "device": "gpu", "nd_range": {"device_start": 1585660506.7399046, "device_end": 1585660506.7432528}, "cmdq": 0, "read": {"device_start": -1, "device_end": -1}}, "empty143": {"write": {"device_start": 1585660506.7244768, "host_queued_start": 1585660574.124827, "device_queued": 1585660506.7236133, "device_end": 1585660506.724574, "host_queued_end": 1585660574.182788}, "device": "gpu", "nd_range": {"device_start": 1585660506.7245765, "device_end": 1585660506.7245805}, "cmdq": 0, "read": {"device_start": -1, "device_end": -1}}, "FFC_sans_bias115": {"write": {"device_start": 1585660506.798644, "host_queued_start": 1585660574.172708, "device_queued": 1585660506.7287736, "device_end": 1585660506.798744, "host_queued_end": 1585660574.182788}, "device": "gpu", "nd_range": {"device_start": 1585660506.7987502, "device_end": 1585660506.8020778}, "cmdq": 0, "read": {"device_start": 1585660506.8020797, "device_end": 1585660506.802174}}, "FFC_sans_bias114": {"write": {"device_start": -1, "host_queued_start": 1585660574.168484, "device_queued": -1, "device_end": -1, "host_queued_end": 1585660574.182788}, "device": "gpu", "nd_range": {"device_start": 1585660506.7848814, "device_end": 1585660506.7882378}, "cmdq": 0, "read": {"device_start": -1, "device_end": -1}}, "FFC_sans_bias117": {"write": {"device_start": 1585660506.7360663, "host_queued_start": 1585660574.137682, "device_queued": 1585660506.724959, "device_end": 1585660506.7361605, "host_queued_end": 1585660574.182788}, "device": "gpu", "nd_range": {"device_start": 1585660506.7361672, "device_end": 1585660506.7395072}, "cmdq": 0, "read": {"device_start": -1, "device_end": -1}}, "softmax5": {"write": {"device_start": -1, "host_queued_start": 1585660574.351492, "device_queued": -1, "device_end": -1, "host_queued_end": 1585660574.400915}, "device": "cpu", "nd_range": {"device_start": 2328350.3849054663, "device_end": 2328350.3856163872}, "cmdq": 2, "read": {"device_start": -1, "device_end": -1}}, "FFC_sans_bias110": {"write": {"device_start": 1585660506.7323053, "host_queued_start": 1585660574.134349, "device_queued": 1585660506.7245853, "device_end": 1585660506.7324135, "host_queued_end": 1585660574.182788}, "device": "gpu", "nd_range": {"device_start": 1585660506.7324283, "device_end": 1585660506.7357788}, "cmdq": 0, "read": {"device_start": -1, "device_end": -1}}, "FFC_sans_bias112": {"write": {"device_start": -1, "host_queued_start": 1585660574.166014, "device_queued": -1, "device_end": -1, "host_queued_end": 1585660574.182788}, "device": "gpu", "nd_range": {"device_start": 1585660506.7697608, "device_end": 1585660506.773113}, "cmdq": 0, "read": {"device_start": -1, "device_end": -1}}, "empty53": {"write": {"device_start": -1, "host_queued_start": 1585660574.201048, "device_queued": -1, "device_end": -1, "host_queued_end": 1585660574.400915}, "device": "cpu", "nd_range": {"device_start": 2328348.590585758, "device_end": 2328348.5905866963}, "cmdq": 0, "read": {"device_start": -1, "device_end": -1}}, "coalesced_transpose48": {"write": {"device_start": -1, "host_queued_start": 1585660574.340205, "device_queued": -1, "device_end": -1, "host_queued_end": 1585660574.400915}, "device": "cpu", "nd_range": {"device_start": 2328349.686265015, "device_end": 2328349.6872082963}, "cmdq": 3, "read": {"device_start": -1, "device_end": -1}}}