{"FFC_sans_bias4": {"write": {"device_start": -1, "host_queued_start": 1585661372.442242, "device_queued": -1, "device_end": -1, "host_queued_end": 1585661372.475142}, "device": "cpu", "nd_range": {"device_start": 2329147.552131758, "device_end": 2329147.643903111}, "cmdq": 0, "read": {"device_start": -1, "device_end": -1}}, "FFC_sans_bias7": {"write": {"device_start": -1, "host_queued_start": 1585661372.45714, "device_queued": -1, "device_end": -1, "host_queued_end": 1585661372.475142}, "device": "cpu", "nd_range": {"device_start": 2329147.9214925733, "device_end": 2329147.990260365}, "cmdq": 1, "read": {"device_start": -1, "device_end": -1}}, "FFC_sans_bias6": {"write": {"device_start": -1, "host_queued_start": 1585661372.450227, "device_queued": -1, "device_end": -1, "host_queued_end": 1585661372.475142}, "device": "cpu", "nd_range": {"device_start": 2329147.698416143, "device_end": 2329147.816713707}, "cmdq": 4, "read": {"device_start": -1, "device_end": -1}}, "FFC_sans_bias1": {"write": {"device_start": -1, "host_queued_start": 1585661372.374307, "device_queued": -1, "device_end": -1, "host_queued_end": 1585661372.475142}, "device": "cpu", "nd_range": {"device_start": 2329146.6649572384, "device_end": 2329146.799675996}, "cmdq": 3, "read": {"device_start": -1, "device_end": -1}}, "FFC_sans_bias0": {"write": {"device_start": -1, "host_queued_start": 1585661372.370666, "device_queued": -1, "device_end": -1, "host_queued_end": 1585661372.475142}, "device": "cpu", "nd_range": {"device_start": 2329146.664818873, "device_end": 2329146.789038062}, "cmdq": 2, "read": {"device_start": -1, "device_end": -1}}, "FFC_sans_bias2": {"write": {"device_start": -1, "host_queued_start": 1585661372.377885, "device_queued": -1, "device_end": -1, "host_queued_end": 1585661372.475142}, "device": "cpu", "nd_range": {"device_start": 2329146.6656544693, "device_end": 2329146.788337835}, "cmdq": 4, "read": {"device_start": -1, "device_end": -1}}, "coalesced_transpose120": {"write": {"device_start": -1, "host_queued_start": 1585661372.306188, "device_queued": -1, "device_end": -1, "host_queued_end": 1585661372.344668}, "device": "gpu", "nd_range": {"device_start": 1585661304.955288, "device_end": 1585661304.9553175}, "cmdq": 0, "read": {"device_start": -1, "device_end": -1}}, "FFC_sans_bias9": {"write": {"device_start": -1, "host_queued_start": 1585661372.381364, "device_queued": -1, "device_end": -1, "host_queued_end": 1585661372.475142}, "device": "cpu", "nd_range": {"device_start": 2329147.1572806933, "device_end": 2329147.289122118}, "cmdq": 0, "read": {"device_start": -1, "device_end": -1}}, "empty71": {"write": {"device_start": 1585661304.8640828, "host_queued_start": 1585661372.193076, "device_queued": 1585661304.8637488, "device_end": 1585661304.8641806, "host_queued_end": 1585661372.344668}, "device": "gpu", "nd_range": {"device_start": 1585661304.86419, "device_end": 1585661304.8641944}, "cmdq": 0, "read": {"device_start": -1, "device_end": -1}}, "softmax41": {"write": {"device_start": -1, "host_queued_start": 1585661372.448624, "device_queued": -1, "device_end": -1, "host_queued_end": 1585661372.475142}, "device": "cpu", "nd_range": {"device_start": 2329147.625934705, "device_end": 2329147.626637808}, "cmdq": 1, "read": {"device_start": -1, "device_end": -1}}, "FFC_sans_bias37": {"write": {"device_start": -1, "host_queued_start": 1585661372.415487, "device_queued": -1, "device_end": -1, "host_queued_end": 1585661372.475142}, "device": "cpu", "nd_range": {"device_start": 2329147.407926552, "device_end": 2329147.492166054}, "cmdq": 0, "read": {"device_start": -1, "device_end": -1}}, "FFC_sans_bias36": {"write": {"device_start": -1, "host_queued_start": 1585661372.412245, "device_queued": -1, "device_end": -1, "host_queued_end": 1585661372.475142}, "device": "cpu", "nd_range": {"device_start": 2329146.911699233, "device_end": 2329147.0341233453}, "cmdq": 4, "read": {"device_start": -1, "device_end": -1}}, "FFC_sans_bias34": {"write": {"device_start": -1, "host_queued_start": 1585661372.466096, "device_queued": -1, "device_end": -1, "host_queued_end": 1585661372.475142}, "device": "cpu", "nd_range": {"device_start": 2329147.986804006, "device_end": 2329148.152767388}, "cmdq": 4, "read": {"device_start": -1, "device_end": -1}}, "FFC_sans_bias33": {"write": {"device_start": -1, "host_queued_start": 1585661372.452044, "device_queued": -1, "device_end": -1, "host_queued_end": 1585661372.475142}, "device": "cpu", "nd_range": {"device_start": 2329147.807555114, "device_end": 2329147.97124327}, "cmdq": 2, "read": {"device_start": -1, "device_end": -1}}, "FFC_sans_bias31": {"write": {"device_start": -1, "host_queued_start": 1585661372.444179, "device_queued": -1, "device_end": -1, "host_queued_end": 1585661372.475142}, "device": "cpu", "nd_range": {"device_start": 2329147.376877832, "device_end": 2329147.470678486}, "cmdq": 3, "read": {"device_start": -1, "device_end": -1}}, "FFC_sans_bias38": {"write": {"device_start": -1, "host_queued_start": 1585661372.418715, "device_queued": -1, "device_end": -1, "host_queued_end": 1585661372.475142}, "device": "cpu", "nd_range": {"device_start": 2329147.0214914973, "device_end": 2329147.143662131}, "cmdq": 1, "read": {"device_start": -1, "device_end": -1}}, "coalesced_transpose75": {"write": {"device_start": -1, "host_queued_start": 1585661372.304663, "device_queued": -1, "device_end": -1, "host_queued_end": 1585661372.344668}, "device": "gpu", "nd_range": {"device_start": 1585661304.9521604, "device_end": 1585661304.9552467}, "cmdq": 1, "read": {"device_start": -1, "device_end": -1}}, "softmax140": {"write": {"device_start": -1, "host_queued_start": 1585661372.31192, "device_queued": -1, "device_end": -1, "host_queued_end": 1585661372.344668}, "device": "gpu", "nd_range": {"device_start": 1585661304.9857273, "device_end": 1585661304.9861445}, "cmdq": 2, "read": {"device_start": -1, "device_end": -1}}, "empty44": {"write": {"device_start": -1, "host_queued_start": 1585661372.362309, "device_queued": -1, "device_end": -1, "host_queued_end": 1585661372.475142}, "device": "cpu", "nd_range": {"device_start": 2329146.665526934, "device_end": 2329146.665530764}, "cmdq": 4, "read": {"device_start": -1, "device_end": -1}}, "FFC_sans_bias137": {"write": {"device_start": 1585661304.9427671, "host_queued_start": 1585661372.300707, "device_queued": 1585661304.8734996, "device_end": 1585661304.9428694, "host_queued_end": 1585661372.344668}, "device": "gpu", "nd_range": {"device_start": 1585661304.9428728, "device_end": 1585661304.9521582}, "cmdq": 1, "read": {"device_start": -1, "device_end": -1}}, "empty8": {"write": {"device_start": -1, "host_queued_start": 1585661372.349635, "device_queued": -1, "device_end": -1, "host_queued_end": 1585661372.475142}, "device": "cpu", "nd_range": {"device_start": 2329146.664747544, "device_end": 2329146.6647614692}, "cmdq": 0, "read": {"device_start": -1, "device_end": -1}}, "softmax50": {"write": {"device_start": -1, "host_queued_start": 1585661372.449136, "device_queued": -1, "device_end": -1, "host_queued_end": 1585661372.475142}, "device": "cpu", "nd_range": {"device_start": 2329147.8065833934, "device_end": 2329147.807310992}, "cmdq": 2, "read": {"device_start": -1, "device_end": -1}}, "softmax59": {"write": {"device_start": -1, "host_queued_start": 1585661372.449648, "device_queued": -1, "device_end": -1, "host_queued_end": 1585661372.475142}, "device": "cpu", "nd_range": {"device_start": 2329147.4910268732, "device_end": 2329147.491726946}, "cmdq": 3, "read": {"device_start": -1, "device_end": -1}}, "FFC_sans_bias142": {"write": {"device_start": 1585661305.029137, "host_queued_start": 1585661372.344552, "device_queued": 1585661304.8808608, "device_end": 1585661305.0292351, "host_queued_end": 1585661372.344668}, "device": "gpu", "nd_range": {"device_start": 1585661305.0292385, "device_end": 1585661305.0383067}, "cmdq": 2, "read": {"device_start": 1585661305.0383124, "device_end": 1585661305.0384028}}, "FFC_sans_bias141": {"write": {"device_start": -1, "host_queued_start": 1585661372.31476, "device_queued": -1, "device_end": -1, "host_queued_end": 1585661372.344668}, "device": "gpu", "nd_range": {"device_start": 1585661304.9961576, "device_end": 1585661305.0058756}, "cmdq": 2, "read": {"device_start": -1, "device_end": -1}}, "FFC_sans_bias24": {"write": {"device_start": -1, "host_queued_start": 1585661372.451451, "device_queued": -1, "device_end": -1, "host_queued_end": 1585661372.475142}, "device": "cpu", "nd_range": {"device_start": 2329147.626647585, "device_end": 2329147.701237401}, "cmdq": 1, "read": {"device_start": -1, "device_end": -1}}, "FFC_sans_bias25": {"write": {"device_start": -1, "host_queued_start": 1585661372.463131, "device_queued": -1, "device_end": -1, "host_queued_end": 1585661372.475142}, "device": "cpu", "nd_range": {"device_start": 2329147.732686759, "device_end": 2329147.898630942}, "cmdq": 3, "read": {"device_start": -1, "device_end": -1}}, "FFC_sans_bias27": {"write": {"device_start": -1, "host_queued_start": 1585661372.402439, "device_queued": -1, "device_end": -1, "host_queued_end": 1585661372.475142}, "device": "cpu", "nd_range": {"device_start": 2329146.8993184813, "device_end": 2329147.021474555}, "cmdq": 1, "read": {"device_start": -1, "device_end": -1}}, "FFC_sans_bias20": {"write": {"device_start": -1, "host_queued_start": 1585661372.399183, "device_queued": -1, "device_end": -1, "host_queued_end": 1585661372.475142}, "device": "cpu", "nd_range": {"device_start": 2329147.2891403283, "device_end": 2329147.407909566}, "cmdq": 0, "read": {"device_start": -1, "device_end": -1}}, "FFC_sans_bias22": {"write": {"device_start": -1, "host_queued_start": 1585661372.443464, "device_queued": -1, "device_end": -1, "host_queued_end": 1585661372.475142}, "device": "cpu", "nd_range": {"device_start": 2329147.553876529, "device_end": 2329147.6181167914}, "cmdq": 2, "read": {"device_start": -1, "device_end": -1}}, "FFC_sans_bias130": {"write": {"device_start": -1, "host_queued_start": 1585661372.309391, "device_queued": -1, "device_end": -1, "host_queued_end": 1585661372.344668}, "device": "gpu", "nd_range": {"device_start": 1585661304.9685228, "device_end": 1585661304.9783885}, "cmdq": 1, "read": {"device_start": -1, "device_end": -1}}, "FFC_sans_bias28": {"write": {"device_start": -1, "host_queued_start": 1585661372.405705, "device_queued": -1, "device_end": -1, "host_queued_end": 1585661372.475142}, "device": "cpu", "nd_range": {"device_start": 2329146.912961061, "device_end": 2329147.035988442}, "cmdq": 2, "read": {"device_start": -1, "device_end": -1}}, "FFC_sans_bias29": {"write": {"device_start": -1, "host_queued_start": 1585661372.409032, "device_queued": -1, "device_end": -1, "host_queued_end": 1585661372.475142}, "device": "cpu", "nd_range": {"device_start": 2329146.947395084, "device_end": 2329147.211640376}, "cmdq": 3, "read": {"device_start": -1, "device_end": -1}}, "coalesced_transpose66": {"write": {"device_start": -1, "host_queued_start": 1585661372.304352, "device_queued": -1, "device_end": -1, "host_queued_end": 1585661372.344668}, "device": "gpu", "nd_range": {"device_start": 1585661304.9489045, "device_end": 1585661304.9552057}, "cmdq": 0, "read": {"device_start": -1, "device_end": -1}}, "coalesced_transpose93": {"write": {"device_start": -1, "host_queued_start": 1585661372.30527, "device_queued": -1, "device_end": -1, "host_queued_end": 1585661372.344668}, "device": "gpu", "nd_range": {"device_start": 1585661304.9552145, "device_end": 1585661304.9552753}, "cmdq": 0, "read": {"device_start": -1, "device_end": -1}}, "softmax23": {"write": {"device_start": -1, "host_queued_start": 1585661372.447537, "device_queued": -1, "device_end": -1, "host_queued_end": 1585661372.475142}, "device": "cpu", "nd_range": {"device_start": 2329147.625221148, "device_end": 2329147.625926434}, "cmdq": 4, "read": {"device_start": -1, "device_end": -1}}, "empty62": {"write": {"device_start": -1, "host_queued_start": 1585661372.367783, "device_queued": -1, "device_end": -1, "host_queued_end": 1585661372.475142}, "device": "cpu", "nd_range": {"device_start": 2329146.664802468, "device_end": 2329146.664803286}, "cmdq": 1, "read": {"device_start": -1, "device_end": -1}}, "FFC_sans_bias10": {"write": {"device_start": -1, "host_queued_start": 1585661372.385186, "device_queued": -1, "device_end": -1, "host_queued_end": 1585661372.475142}, "device": "cpu", "nd_range": {"device_start": 2329146.664808448, "device_end": 2329146.8992911833}, "cmdq": 1, "read": {"device_start": -1, "device_end": -1}}, "FFC_sans_bias13": {"write": {"device_start": -1, "host_queued_start": 1585661372.442843, "device_queued": -1, "device_end": -1, "host_queued_end": 1585661372.475142}, "device": "cpu", "nd_range": {"device_start": 2329147.268336969, "device_end": 2329147.360456781}, "cmdq": 1, "read": {"device_start": -1, "device_end": -1}}, "FFC_sans_bias15": {"write": {"device_start": -1, "host_queued_start": 1585661372.450856, "device_queued": -1, "device_end": -1, "host_queued_end": 1585661372.475142}, "device": "cpu", "nd_range": {"device_start": 2329147.778474463, "device_end": 2329147.889838795}, "cmdq": 0, "read": {"device_start": -1, "device_end": -1}}, "FFC_sans_bias16": {"write": {"device_start": -1, "host_queued_start": 1585661372.460134, "device_queued": -1, "device_end": -1, "host_queued_end": 1585661372.475142}, "device": "cpu", "nd_range": {"device_start": 2329147.971484404, "device_end": 2329148.100045572}, "cmdq": 2, "read": {"device_start": -1, "device_end": -1}}, "FFC_sans_bias19": {"write": {"device_start": -1, "host_queued_start": 1585661372.395917, "device_queued": -1, "device_end": -1, "host_queued_end": 1585661372.475142}, "device": "cpu", "nd_range": {"device_start": 2329146.788580955, "device_end": 2329146.911676776}, "cmdq": 4, "read": {"device_start": -1, "device_end": -1}}, "FFC_sans_bias18": {"write": {"device_start": -1, "host_queued_start": 1585661372.392431, "device_queued": -1, "device_end": -1, "host_queued_end": 1585661372.475142}, "device": "cpu", "nd_range": {"device_start": 2329146.79989505, "device_end": 2329146.94736986}, "cmdq": 3, "read": {"device_start": -1, "device_end": -1}}, "FFC_sans_bias99": {"write": {"device_start": 1585661304.9003327, "host_queued_start": 1585661372.257608, "device_queued": 1585661304.8702254, "device_end": 1585661304.9004364, "host_queued_end": 1585661372.344668}, "device": "gpu", "nd_range": {"device_start": 1585661304.9004421, "device_end": 1585661304.909716}, "cmdq": 0, "read": {"device_start": -1, "device_end": -1}}, "FFC_sans_bias91": {"write": {"device_start": 1585661304.8937955, "host_queued_start": 1585661372.250975, "device_queued": 1585661304.8697617, "device_end": 1585661304.893898, "host_queued_end": 1585661372.344668}, "device": "gpu", "nd_range": {"device_start": 1585661304.893903, "device_end": 1585661304.903166}, "cmdq": 1, "read": {"device_start": -1, "device_end": -1}}, "FFC_sans_bias90": {"write": {"device_start": 1585661304.8904912, "host_queued_start": 1585661372.247674, "device_queued": 1585661304.8695285, "device_end": 1585661304.8905902, "host_queued_end": 1585661372.344668}, "device": "gpu", "nd_range": {"device_start": 1585661304.890594, "device_end": 1585661304.8999166}, "cmdq": 0, "read": {"device_start": -1, "device_end": -1}}, "coalesced_transpose12": {"write": {"device_start": -1, "host_queued_start": 1585661372.438719, "device_queued": -1, "device_end": -1, "host_queued_end": 1585661372.475142}, "device": "cpu", "nd_range": {"device_start": 2329147.156412575, "device_end": 2329147.157269923}, "cmdq": 4, "read": {"device_start": -1, "device_end": -1}}, "FFC_sans_bias94": {"write": {"device_start": -1, "host_queued_start": 1585661372.308134, "device_queued": -1, "device_end": -1, "host_queued_end": 1585661372.344668}, "device": "gpu", "nd_range": {"device_start": 1585661304.9587033, "device_end": 1585661304.9653175}, "cmdq": 0, "read": {"device_start": -1, "device_end": -1}}, "FFC_sans_bias97": {"write": {"device_start": 1585661305.0162158, "host_queued_start": 1585661372.328031, "device_queued": 1585661304.8794281, "device_end": 1585661305.0163155, "host_queued_end": 1585661372.344668}, "device": "gpu", "nd_range": {"device_start": 1585661305.0163198, "device_end": 1585661305.0253744}, "cmdq": 0, "read": {"device_start": 1585661305.0253825, "device_end": 1585661305.0254807}}, "FFC_sans_bias96": {"write": {"device_start": -1, "host_queued_start": 1585661372.313187, "device_queued": -1, "device_end": -1, "host_queued_end": 1585661372.344668}, "device": "gpu", "nd_range": {"device_start": 1585661304.9928422, "device_end": 1585661304.9992745}, "cmdq": 0, "read": {"device_start": -1, "device_end": -1}}, "FFC_sans_bias124": {"write": {"device_start": 1585661305.0259414, "host_queued_start": 1585661372.337929, "device_queued": 1585661304.8802636, "device_end": 1585661305.0260332, "host_queued_end": 1585661372.344668}, "device": "gpu", "nd_range": {"device_start": 1585661305.0260398, "device_end": 1585661305.035071}, "cmdq": 0, "read": {"device_start": 1585661305.0350733, "device_end": 1585661305.0351782}}, "FFC_sans_bias126": {"write": {"device_start": 1585661304.9330122, "host_queued_start": 1585661372.290876, "device_queued": 1585661304.872751, "device_end": 1585661304.9331152, "host_queued_end": 1585661372.344668}, "device": "gpu", "nd_range": {"device_start": 1585661304.9331217, "device_end": 1585661304.9423683}, "cmdq": 1, "read": {"device_start": -1, "device_end": -1}}, "softmax32": {"write": {"device_start": -1, "host_queued_start": 1585661372.448104, "device_queued": -1, "device_end": -1, "host_queued_end": 1585661372.475142}, "device": "cpu", "nd_range": {"device_start": 2329147.777574396, "device_end": 2329147.778304337}, "cmdq": 0, "read": {"device_start": -1, "device_end": -1}}, "coalesced_transpose84": {"write": {"device_start": -1, "host_queued_start": 1585661372.30497, "device_queued": -1, "device_end": -1, "host_queued_end": 1585661372.344668}, "device": "gpu", "nd_range": {"device_start": 1585661304.9554243, "device_end": 1585661304.9618287}, "cmdq": 2, "read": {"device_start": -1, "device_end": -1}}, "FFC_sans_bias121": {"write": {"device_start": -1, "host_queued_start": 1585661372.309079, "device_queued": -1, "device_end": -1, "host_queued_end": 1585661372.344668}, "device": "gpu", "nd_range": {"device_start": 1585661304.9653192, "device_end": 1585661304.9718256}, "cmdq": 0, "read": {"device_start": -1, "device_end": -1}}, "empty98": {"write": {"device_start": 1585661304.865176, "host_queued_start": 1585661372.20201, "device_queued": 1585661304.8647788, "device_end": 1585661304.865446, "host_queued_end": 1585661372.344668}, "device": "gpu", "nd_range": {"device_start": 1585661304.8654556, "device_end": 1585661304.8654592}, "cmdq": 0, "read": {"device_start": -1, "device_end": -1}}, "empty107": {"write": {"device_start": 1585661304.86549, "host_queued_start": 1585661372.204642, "device_queued": 1585661304.8651166, "device_end": 1585661304.865826, "host_queued_end": 1585661372.344668}, "device": "gpu", "nd_range": {"device_start": 1585661304.8658397, "device_end": 1585661304.8658497}, "cmdq": 1, "read": {"device_start": -1, "device_end": -1}}, "empty17": {"write": {"device_start": -1, "host_queued_start": 1585661372.352835, "device_queued": -1, "device_end": -1, "host_queued_end": 1585661372.475142}, "device": "cpu", "nd_range": {"device_start": 2329146.664792797, "device_end": 2329146.664793832}, "cmdq": 1, "read": {"device_start": -1, "device_end": -1}}, "FFC_sans_bias87": {"write": {"device_start": -1, "host_queued_start": 1585661372.312871, "device_queued": -1, "device_end": -1, "host_queued_end": 1585661372.344668}, "device": "gpu", "nd_range": {"device_start": 1585661304.986146, "device_end": 1585661304.9895065}, "cmdq": 2, "read": {"device_start": -1, "device_end": -1}}, "FFC_sans_bias85": {"write": {"device_start": -1, "host_queued_start": 1585661372.30781, "device_queued": -1, "device_end": -1, "host_queued_end": 1585661372.344668}, "device": "gpu", "nd_range": {"device_start": 1585661304.9683895, "device_end": 1585661304.9751256}, "cmdq": 2, "read": {"device_start": -1, "device_end": -1}}, "FFC_sans_bias82": {"write": {"device_start": 1585661304.8839853, "host_queued_start": 1585661372.241013, "device_queued": 1585661304.8690467, "device_end": 1585661304.8840835, "host_queued_end": 1585661372.344668}, "device": "gpu", "nd_range": {"device_start": 1585661304.8840892, "device_end": 1585661304.8934073}, "cmdq": 1, "read": {"device_start": -1, "device_end": -1}}, "FFC_sans_bias83": {"write": {"device_start": 1585661304.8872733, "host_queued_start": 1585661372.244324, "device_queued": 1585661304.8691816, "device_end": 1585661304.8873732, "host_queued_end": 1585661372.344668}, "device": "gpu", "nd_range": {"device_start": 1585661304.8873801, "device_end": 1585661304.896661}, "cmdq": 2, "read": {"device_start": -1, "device_end": -1}}, "FFC_sans_bias81": {"write": {"device_start": 1585661304.8807006, "host_queued_start": 1585661372.237706, "device_queued": 1585661304.868813, "device_end": 1585661304.880805, "host_queued_end": 1585661372.344668}, "device": "gpu", "nd_range": {"device_start": 1585661304.8808122, "device_end": 1585661304.8901055}, "cmdq": 0, "read": {"device_start": -1, "device_end": -1}}, "FFC_sans_bias88": {"write": {"device_start": 1585661305.0097454, "host_queued_start": 1585661372.324671, "device_queued": 1585661304.878995, "device_end": 1585661305.0098429, "host_queued_end": 1585661372.344668}, "device": "gpu", "nd_range": {"device_start": 1585661305.0098495, "device_end": 1585661305.018853}, "cmdq": 2, "read": {"device_start": 1585661305.0188575, "device_end": 1585661305.0189624}}, "coalesced_transpose30": {"write": {"device_start": -1, "host_queued_start": 1585661372.439864, "device_queued": -1, "device_end": -1, "host_queued_end": 1585661372.475142}, "device": "cpu", "nd_range": {"device_start": 2329147.267342282, "device_end": 2329147.268326511}, "cmdq": 1, "read": {"device_start": -1, "device_end": -1}}, "FFC_sans_bias128": {"write": {"device_start": 1585661304.9297063, "host_queued_start": 1585661372.287565, "device_queued": 1585661304.8725076, "device_end": 1585661304.9298074, "host_queued_end": 1585661372.344668}, "device": "gpu", "nd_range": {"device_start": 1585661304.9298139, "device_end": 1585661304.9391122}, "cmdq": 0, "read": {"device_start": -1, "device_end": -1}}, "coalesced_transpose39": {"write": {"device_start": -1, "host_queued_start": 1585661372.440434, "device_queued": -1, "device_end": -1, "host_queued_end": 1585661372.475142}, "device": "cpu", "nd_range": {"device_start": 2329147.492193819, "device_end": 2329147.4931575963}, "cmdq": 2, "read": {"device_start": -1, "device_end": -1}}, "FFC_sans_bias79": {"write": {"device_start": 1585661305.022343, "host_queued_start": 1585661372.321285, "device_queued": 1585661304.8788607, "device_end": 1585661305.022436, "host_queued_end": 1585661372.344668}, "device": "gpu", "nd_range": {"device_start": 1585661305.022439, "device_end": 1585661305.0318358}, "cmdq": 1, "read": {"device_start": 1585661305.0318403, "device_end": 1585661305.0319407}}, "FFC_sans_bias78": {"write": {"device_start": -1, "host_queued_start": 1585661372.312552, "device_queued": -1, "device_end": -1, "host_queued_end": 1585661372.344668}, "device": "gpu", "nd_range": {"device_start": 1585661304.9936152, "device_end": 1585661305.0025954}, "cmdq": 1, "read": {"device_start": -1, "device_end": -1}}, "FFC_sans_bias73": {"write": {"device_start": 1585661304.8743026, "host_queued_start": 1585661372.231119, "device_queued": 1585661304.868353, "device_end": 1585661304.8744047, "host_queued_end": 1585661372.344668}, "device": "gpu", "nd_range": {"device_start": 1585661304.8744087, "device_end": 1585661304.8836238}, "cmdq": 1, "read": {"device_start": -1, "device_end": -1}}, "FFC_sans_bias72": {"write": {"device_start": 1585661304.8709087, "host_queued_start": 1585661372.227814, "device_queued": 1585661304.8680975, "device_end": 1585661304.8710117, "host_queued_end": 1585661372.344668}, "device": "gpu", "nd_range": {"device_start": 1585661304.8710158, "device_end": 1585661304.8803024}, "cmdq": 0, "read": {"device_start": -1, "device_end": -1}}, "FFC_sans_bias70": {"write": {"device_start": 1585661305.0093884, "host_queued_start": 1585661372.31799, "device_queued": 1585661304.878612, "device_end": 1585661305.0094836, "host_queued_end": 1585661372.344668}, "device": "gpu", "nd_range": {"device_start": 1585661305.009487, "device_end": 1585661305.0155902}, "cmdq": 0, "read": {"device_start": 1585661305.0156007, "device_end": 1585661305.015706}}, "FFC_sans_bias76": {"write": {"device_start": -1, "host_queued_start": 1585661372.307482, "device_queued": -1, "device_end": -1, "host_queued_end": 1585661372.344668}, "device": "gpu", "nd_range": {"device_start": 1585661304.9553409, "device_end": 1585661304.962053}, "cmdq": 1, "read": {"device_start": -1, "device_end": -1}}, "FFC_sans_bias74": {"write": {"device_start": 1585661304.8776336, "host_queued_start": 1585661372.234418, "device_queued": 1585661304.8684788, "device_end": 1585661304.8777418, "host_queued_end": 1585661372.344668}, "device": "gpu", "nd_range": {"device_start": 1585661304.8777473, "device_end": 1585661304.8869047}, "cmdq": 2, "read": {"device_start": -1, "device_end": -1}}, "coalesced_transpose102": {"write": {"device_start": -1, "host_queued_start": 1585661372.305569, "device_queued": -1, "device_end": -1, "host_queued_end": 1585661372.344668}, "device": "gpu", "nd_range": {"device_start": 1585661304.9552476, "device_end": 1585661304.9552975}, "cmdq": 1, "read": {"device_start": -1, "device_end": -1}}, "coalesced_transpose3": {"write": {"device_start": -1, "host_queued_start": 1585661372.438132, "device_queued": -1, "device_end": -1, "host_queued_end": 1585661372.475142}, "device": "cpu", "nd_range": {"device_start": 2329147.374479956, "device_end": 2329147.375430393}, "cmdq": 3, "read": {"device_start": -1, "device_end": -1}}, "FFC_sans_bias127": {"write": {"device_start": 1585661304.9362433, "host_queued_start": 1585661372.294141, "device_queued": 1585661304.8728795, "device_end": 1585661304.9363453, "host_queued_end": 1585661372.344668}, "device": "gpu", "nd_range": {"device_start": 1585661304.9363494, "device_end": 1585661304.9456592}, "cmdq": 2, "read": {"device_start": -1, "device_end": -1}}, "empty89": {"write": {"device_start": 1585661304.8648202, "host_queued_start": 1585661372.199387, "device_queued": 1585661304.864377, "device_end": 1585661304.8650827, "host_queued_end": 1585661372.344668}, "device": "gpu", "nd_range": {"device_start": 1585661304.8650866, "device_end": 1585661304.865094}, "cmdq": 2, "read": {"device_start": -1, "device_end": -1}}, "FFC_sans_bias123": {"write": {"device_start": -1, "host_queued_start": 1585661372.314131, "device_queued": -1, "device_end": -1, "host_queued_end": 1585661372.344668}, "device": "gpu", "nd_range": {"device_start": 1585661304.9992757, "device_end": 1585661305.0091045}, "cmdq": 0, "read": {"device_start": -1, "device_end": -1}}, "empty80": {"write": {"device_start": 1585661304.8644905, "host_queued_start": 1585661372.196421, "device_queued": 1585661304.864195, "device_end": 1585661304.8647532, "host_queued_end": 1585661372.344668}, "device": "gpu", "nd_range": {"device_start": 1585661304.8647575, "device_end": 1585661304.8647645}, "cmdq": 1, "read": {"device_start": -1, "device_end": -1}}, "empty116": {"write": {"device_start": 1585661304.8658543, "host_queued_start": 1585661372.207303, "device_queued": 1585661304.8654673, "device_end": 1585661304.8661103, "host_queued_end": 1585661372.344668}, "device": "gpu", "nd_range": {"device_start": 1585661304.8661172, "device_end": 1585661304.8661234}, "cmdq": 2, "read": {"device_start": -1, "device_end": -1}}, "softmax104": {"write": {"device_start": -1, "host_queued_start": 1585661372.31095, "device_queued": -1, "device_end": -1, "host_queued_end": 1585661372.344668}, "device": "gpu", "nd_range": {"device_start": 1585661304.9831445, "device_end": 1585661304.9862719}, "cmdq": 1, "read": {"device_start": -1, "device_end": -1}}, "coalesced_transpose21": {"write": {"device_start": -1, "host_queued_start": 1585661372.439291, "device_queued": -1, "device_end": -1, "host_queued_end": 1585661372.475142}, "device": "cpu", "nd_range": {"device_start": 2329147.55124899, "device_end": 2329147.552119084}, "cmdq": 0, "read": {"device_start": -1, "device_end": -1}}, "softmax14": {"write": {"device_start": -1, "host_queued_start": 1585661372.447023, "device_queued": -1, "device_end": -1, "host_queued_end": 1585661372.475142}, "device": "cpu", "nd_range": {"device_start": 2329147.470698282, "device_end": 2329147.471451438}, "cmdq": 3, "read": {"device_start": -1, "device_end": -1}}, "FFC_sans_bias69": {"write": {"device_start": -1, "host_queued_start": 1585661372.312233, "device_queued": -1, "device_end": -1, "host_queued_end": 1585661372.344668}, "device": "gpu", "nd_range": {"device_start": 1585661304.9862692, "device_end": 1585661304.9928408}, "cmdq": 0, "read": {"device_start": -1, "device_end": -1}}, "FFC_sans_bias92": {"write": {"device_start": 1585661304.8970408, "host_queued_start": 1585661372.254299, "device_queued": 1585661304.8698862, "device_end": 1585661304.8971407, "host_queued_end": 1585661372.344668}, "device": "gpu", "nd_range": {"device_start": 1585661304.8971457, "device_end": 1585661304.9064198}, "cmdq": 2, "read": {"device_start": -1, "device_end": -1}}, "FFC_sans_bias60": {"write": {"device_start": -1, "host_queued_start": 1585661372.453816, "device_queued": -1, "device_end": -1, "host_queued_end": 1585661372.475142}, "device": "cpu", "nd_range": {"device_start": 2329147.89006059, "device_end": 2329148.0047445693}, "cmdq": 0, "read": {"device_start": -1, "device_end": -1}}, "FFC_sans_bias61": {"write": {"device_start": -1, "host_queued_start": 1585661372.475088, "device_queued": -1, "device_end": -1, "host_queued_end": 1585661372.475142}, "device": "cpu", "nd_range": {"device_start": 2329148.1000599354, "device_end": 2329148.17128583}, "cmdq": 2, "read": {"device_start": -1, "device_end": -1}}, "FFC_sans_bias63": {"write": {"device_start": 1585661304.8678613, "host_queued_start": 1585661372.224488, "device_queued": 1585661304.8673985, "device_end": 1585661304.8679674, "host_queued_end": 1585661372.344668}, "device": "gpu", "nd_range": {"device_start": 1585661304.868, "device_end": 1585661304.8771946}, "cmdq": 2, "read": {"device_start": -1, "device_end": -1}}, "FFC_sans_bias64": {"write": {"device_start": 1585661304.867078, "host_queued_start": 1585661372.217908, "device_queued": 1585661304.866735, "device_end": 1585661304.8671975, "host_queued_end": 1585661372.344668}, "device": "gpu", "nd_range": {"device_start": 1585661304.8672016, "device_end": 1585661304.8705776}, "cmdq": 0, "read": {"device_start": -1, "device_end": -1}}, "FFC_sans_bias65": {"write": {"device_start": 1585661304.867539, "host_queued_start": 1585661372.221207, "device_queued": 1585661304.8672426, "device_end": 1585661304.8678255, "host_queued_end": 1585661372.344668}, "device": "gpu", "nd_range": {"device_start": 1585661304.8678565, "device_end": 1585661304.873904}, "cmdq": 1, "read": {"device_start": -1, "device_end": -1}}, "FFC_sans_bias67": {"write": {"device_start": -1, "host_queued_start": 1585661372.307158, "device_queued": -1, "device_end": -1, "host_queued_end": 1585661372.344668}, "device": "gpu", "nd_range": {"device_start": 1585661304.9553185, "device_end": 1585661304.9587014}, "cmdq": 0, "read": {"device_start": -1, "device_end": -1}}, "coalesced_transpose111": {"write": {"device_start": -1, "host_queued_start": 1585661372.305874, "device_queued": -1, "device_end": -1, "host_queued_end": 1585661372.344668}, "device": "gpu", "nd_range": {"device_start": 1585661304.9618404, "device_end": 1585661304.9651108}, "cmdq": 2, "read": {"device_start": -1, "device_end": -1}}, "FFC_sans_bias136": {"write": {"device_start": 1585661304.9395149, "host_queued_start": 1585661372.297417, "device_queued": 1585661304.873258, "device_end": 1585661304.9396183, "host_queued_end": 1585661372.344668}, "device": "gpu", "nd_range": {"device_start": 1585661304.9396248, "device_end": 1585661304.9489026}, "cmdq": 0, "read": {"device_start": -1, "device_end": -1}}, "FFC_sans_bias135": {"write": {"device_start": 1585661304.9460576, "host_queued_start": 1585661372.304009, "device_queued": 1585661304.8736312, "device_end": 1585661304.9461608, "host_queued_end": 1585661372.344668}, "device": "gpu", "nd_range": {"device_start": 1585661304.9461656, "device_end": 1585661304.9554179}, "cmdq": 2, "read": {"device_start": -1, "device_end": -1}}, "FFC_sans_bias133": {"write": {"device_start": 1585661305.0420806, "host_queued_start": 1585661372.341228, "device_queued": 1585661304.8806956, "device_end": 1585661305.0421717, "host_queued_end": 1585661372.344668}, "device": "gpu", "nd_range": {"device_start": 1585661305.0421762, "device_end": 1585661305.0454862}, "cmdq": 1, "read": {"device_start": 1585661305.045494, "device_end": 1585661305.0455883}}, "FFC_sans_bias132": {"write": {"device_start": -1, "host_queued_start": 1585661372.31444, "device_queued": -1, "device_end": -1, "host_queued_end": 1585661372.344668}, "device": "gpu", "nd_range": {"device_start": 1585661305.0123343, "device_end": 1585661305.022095}, "cmdq": 1, "read": {"device_start": -1, "device_end": -1}}, "softmax68": {"write": {"device_start": -1, "host_queued_start": 1585661372.309958, "device_queued": -1, "device_end": -1, "host_queued_end": 1585661372.344668}, "device": "gpu", "nd_range": {"device_start": 1585661304.9718268, "device_end": 1585661304.979172}, "cmdq": 0, "read": {"device_start": -1, "device_end": -1}}, "softmax131": {"write": {"device_start": -1, "host_queued_start": 1585661372.311678, "device_queued": -1, "device_end": -1, "host_queued_end": 1585661372.344668}, "device": "gpu", "nd_range": {"device_start": 1585661304.9862728, "device_end": 1585661304.9936142}, "cmdq": 1, "read": {"device_start": -1, "device_end": -1}}, "empty125": {"write": {"device_start": 1585661304.866157, "host_queued_start": 1585661372.209903, "device_queued": 1585661304.8658533, "device_end": 1585661304.8664105, "host_queued_end": 1585661372.344668}, "device": "gpu", "nd_range": {"device_start": 1585661304.8664162, "device_end": 1585661304.8664203}, "cmdq": 0, "read": {"device_start": -1, "device_end": -1}}, "FFC_sans_bias139": {"write": {"device_start": -1, "host_queued_start": 1585661372.309707, "device_queued": -1, "device_end": -1, "host_queued_end": 1585661372.344668}, "device": "gpu", "nd_range": {"device_start": 1585661304.9815447, "device_end": 1585661304.9848943}, "cmdq": 2, "read": {"device_start": -1, "device_end": -1}}, "empty35": {"write": {"device_start": -1, "host_queued_start": 1585661372.358948, "device_queued": -1, "device_end": -1, "host_queued_end": 1585661372.475142}, "device": "cpu", "nd_range": {"device_start": 2329146.664884355, "device_end": 2329146.66489002}, "cmdq": 3, "read": {"device_start": -1, "device_end": -1}}, "softmax86": {"write": {"device_start": -1, "host_queued_start": 1585661372.310449, "device_queued": -1, "device_end": -1, "host_queued_end": 1585661372.344668}, "device": "gpu", "nd_range": {"device_start": 1585661304.9848955, "device_end": 1585661304.9853103}, "cmdq": 2, "read": {"device_start": -1, "device_end": -1}}, "FFC_sans_bias55": {"write": {"device_start": -1, "host_queued_start": 1585661372.437768, "device_queued": -1, "device_end": -1, "host_queued_end": 1585661372.475142}, "device": "cpu", "nd_range": {"device_start": 2329147.159243346, "device_end": 2329147.311282542}, "cmdq": 2, "read": {"device_start": -1, "device_end": -1}}, "FFC_sans_bias54": {"write": {"device_start": -1, "host_queued_start": 1585661372.434733, "device_queued": -1, "device_end": -1, "host_queued_end": 1585661372.475142}, "device": "cpu", "nd_range": {"device_start": 2329147.1436852054, "device_end": 2329147.267323668}, "cmdq": 1, "read": {"device_start": -1, "device_end": -1}}, "FFC_sans_bias56": {"write": {"device_start": -1, "host_queued_start": 1585661372.431687, "device_queued": -1, "device_end": -1, "host_queued_end": 1585661372.475142}, "device": "cpu", "nd_range": {"device_start": 2329147.492191561, "device_end": 2329147.551236146}, "cmdq": 0, "read": {"device_start": -1, "device_end": -1}}, "FFC_sans_bias51": {"write": {"device_start": -1, "host_queued_start": 1585661372.453222, "device_queued": -1, "device_end": -1, "host_queued_end": 1585661372.475142}, "device": "cpu", "nd_range": {"device_start": 2329147.820639554, "device_end": 2329147.933821481}, "cmdq": 4, "read": {"device_start": -1, "device_end": -1}}, "FFC_sans_bias52": {"write": {"device_start": -1, "host_queued_start": 1585661372.472086, "device_queued": -1, "device_end": -1, "host_queued_end": 1585661372.475142}, "device": "cpu", "nd_range": {"device_start": 2329147.9902708153, "device_end": 2329148.1128841573}, "cmdq": 1, "read": {"device_start": -1, "device_end": -1}}, "FFC_sans_bias58": {"write": {"device_start": -1, "host_queued_start": 1585661372.44595, "device_queued": -1, "device_end": -1, "host_queued_end": 1585661372.475142}, "device": "cpu", "nd_range": {"device_start": 2329147.36047401, "device_end": 2329147.491010981}, "cmdq": 1, "read": {"device_start": -1, "device_end": -1}}, "FFC_sans_bias108": {"write": {"device_start": 1585661304.910112, "host_queued_start": 1585661372.267586, "device_queued": 1585661304.8710501, "device_end": 1585661304.9102132, "host_queued_end": 1585661372.344668}, "device": "gpu", "nd_range": {"device_start": 1585661304.9102175, "device_end": 1585661304.91953}, "cmdq": 0, "read": {"device_start": -1, "device_end": -1}}, "FFC_sans_bias109": {"write": {"device_start": 1585661304.9133992, "host_queued_start": 1585661372.270898, "device_queued": 1585661304.8712912, "device_end": 1585661304.9135025, "host_queued_end": 1585661372.344668}, "device": "gpu", "nd_range": {"device_start": 1585661304.9135082, "device_end": 1585661304.922792}, "cmdq": 1, "read": {"device_start": -1, "device_end": -1}}, "coalesced_transpose129": {"write": {"device_start": -1, "host_queued_start": 1585661372.306495, "device_queued": -1, "device_end": -1, "host_queued_end": 1585661372.344668}, "device": "gpu", "nd_range": {"device_start": 1585661304.9553118, "device_end": 1585661304.9553397}, "cmdq": 1, "read": {"device_start": -1, "device_end": -1}}, "FFC_sans_bias103": {"write": {"device_start": -1, "host_queued_start": 1585661372.308445, "device_queued": -1, "device_end": -1, "host_queued_end": 1585661372.344668}, "device": "gpu", "nd_range": {"device_start": 1585661304.962054, "device_end": 1585661304.9685206}, "cmdq": 1, "read": {"device_start": -1, "device_end": -1}}, "FFC_sans_bias100": {"write": {"device_start": 1585661304.9035766, "host_queued_start": 1585661372.260894, "device_queued": 1585661304.8704708, "device_end": 1585661304.903678, "host_queued_end": 1585661372.344668}, "device": "gpu", "nd_range": {"device_start": 1585661304.903682, "device_end": 1585661304.9129837}, "cmdq": 1, "read": {"device_start": -1, "device_end": -1}}, "FFC_sans_bias101": {"write": {"device_start": 1585661304.906857, "host_queued_start": 1585661372.264182, "device_queued": 1585661304.8706079, "device_end": 1585661304.906965, "host_queued_end": 1585661372.344668}, "device": "gpu", "nd_range": {"device_start": 1585661304.9069715, "device_end": 1585661304.9162638}, "cmdq": 2, "read": {"device_start": -1, "device_end": -1}}, "FFC_sans_bias106": {"write": {"device_start": 1585661305.0324054, "host_queued_start": 1585661372.331347, "device_queued": 1585661304.8796892, "device_end": 1585661305.032504, "host_queued_end": 1585661372.344668}, "device": "gpu", "nd_range": {"device_start": 1585661305.0325067, "device_end": 1585661305.0415745}, "cmdq": 1, "read": {"device_start": 1585661305.0415769, "device_end": 1585661305.041666}}, "softmax122": {"write": {"device_start": -1, "host_queued_start": 1585661372.31144, "device_queued": -1, "device_end": -1, "host_queued_end": 1585661372.344668}, "device": "gpu", "nd_range": {"device_start": 1585661304.9831548, "device_end": 1585661304.9862678}, "cmdq": 0, "read": {"device_start": -1, "device_end": -1}}, "FFC_sans_bias105": {"write": {"device_start": -1, "host_queued_start": 1585661372.3135, "device_queued": -1, "device_end": -1, "host_queued_end": 1585661372.344668}, "device": "gpu", "nd_range": {"device_start": 1585661305.0025966, "device_end": 1585661305.0123334}, "cmdq": 1, "read": {"device_start": -1, "device_end": -1}}, "softmax95": {"write": {"device_start": -1, "host_queued_start": 1585661372.310705, "device_queued": -1, "device_end": -1, "host_queued_end": 1585661372.344668}, "device": "gpu", "nd_range": {"device_start": 1585661304.9791732, "device_end": 1585661304.9831538}, "cmdq": 0, "read": {"device_start": -1, "device_end": -1}}, "coalesced_transpose57": {"write": {"device_start": -1, "host_queued_start": 1585661372.441614, "device_queued": -1, "device_end": -1, "host_queued_end": 1585661372.475142}, "device": "cpu", "nd_range": {"device_start": 2329147.311518405, "device_end": 2329147.312442447}, "cmdq": 4, "read": {"device_start": -1, "device_end": -1}}, "empty26": {"write": {"device_start": -1, "host_queued_start": 1585661372.35605, "device_queued": -1, "device_end": -1, "host_queued_end": 1585661372.475142}, "device": "cpu", "nd_range": {"device_start": 2329146.664796012, "device_end": 2329146.664800438}, "cmdq": 2, "read": {"device_start": -1, "device_end": -1}}, "softmax113": {"write": {"device_start": -1, "host_queued_start": 1585661372.311194, "device_queued": -1, "device_end": -1, "host_queued_end": 1585661372.344668}, "device": "gpu", "nd_range": {"device_start": 1585661304.9853115, "device_end": 1585661304.9857256}, "cmdq": 2, "read": {"device_start": -1, "device_end": -1}}, "FFC_sans_bias11": {"write": {"device_start": -1, "host_queued_start": 1585661372.388944, "device_queued": -1, "device_end": -1, "host_queued_end": 1585661372.475142}, "device": "cpu", "nd_range": {"device_start": 2329146.7892375593, "device_end": 2329146.9128014063}, "cmdq": 2, "read": {"device_start": -1, "device_end": -1}}, "FFC_sans_bias42": {"write": {"device_start": -1, "host_queued_start": 1585661372.452632, "device_queued": -1, "device_end": -1, "host_queued_end": 1585661372.475142}, "device": "cpu", "nd_range": {"device_start": 2329147.627174506, "device_end": 2329147.732452916}, "cmdq": 3, "read": {"device_start": -1, "device_end": -1}}, "FFC_sans_bias43": {"write": {"device_start": -1, "host_queued_start": 1585661372.469099, "device_queued": -1, "device_end": -1, "host_queued_end": 1585661372.475142}, "device": "cpu", "nd_range": {"device_start": 2329148.004973926, "device_end": 2329148.12749024}, "cmdq": 0, "read": {"device_start": -1, "device_end": -1}}, "FFC_sans_bias40": {"write": {"device_start": -1, "host_queued_start": 1585661372.44477, "device_queued": -1, "device_end": -1, "host_queued_end": 1585661372.475142}, "device": "cpu", "nd_range": {"device_start": 2329147.49316826, "device_end": 2329147.6252038083}, "cmdq": 4, "read": {"device_start": -1, "device_end": -1}}, "FFC_sans_bias46": {"write": {"device_start": -1, "host_queued_start": 1585661372.425275, "device_queued": -1, "device_end": -1, "host_queued_end": 1585661372.475142}, "device": "cpu", "nd_range": {"device_start": 2329147.211665496, "device_end": 2329147.374461132}, "cmdq": 3, "read": {"device_start": -1, "device_end": -1}}, "FFC_sans_bias47": {"write": {"device_start": -1, "host_queued_start": 1585661372.428603, "device_queued": -1, "device_end": -1, "host_queued_end": 1585661372.475142}, "device": "cpu", "nd_range": {"device_start": 2329147.0341466903, "device_end": 2329147.156398916}, "cmdq": 4, "read": {"device_start": -1, "device_end": -1}}, "FFC_sans_bias45": {"write": {"device_start": -1, "host_queued_start": 1585661372.42198, "device_queued": -1, "device_end": -1, "host_queued_end": 1585661372.475142}, "device": "cpu", "nd_range": {"device_start": 2329147.0361542483, "device_end": 2329147.1590926303}, "cmdq": 2, "read": {"device_start": -1, "device_end": -1}}, "FFC_sans_bias49": {"write": {"device_start": -1, "host_queued_start": 1585661372.445358, "device_queued": -1, "device_end": -1, "host_queued_end": 1585661372.475142}, "device": "cpu", "nd_range": {"device_start": 2329147.643920214, "device_end": 2329147.777336567}, "cmdq": 0, "read": {"device_start": -1, "device_end": -1}}, "softmax77": {"write": {"device_start": -1, "host_queued_start": 1585661372.310207, "device_queued": -1, "device_end": -1, "host_queued_end": 1585661372.344668}, "device": "gpu", "nd_range": {"device_start": 1585661304.9783897, "device_end": 1585661304.983143}, "cmdq": 1, "read": {"device_start": -1, "device_end": -1}}, "empty134": {"write": {"device_start": 1585661304.866461, "host_queued_start": 1585661372.212517, "device_queued": 1585661304.8661313, "device_end": 1585661304.866716, "host_queued_end": 1585661372.344668}, "device": "gpu", "nd_range": {"device_start": 1585661304.8667257, "device_end": 1585661304.8667312}, "cmdq": 1, "read": {"device_start": -1, "device_end": -1}}, "coalesced_transpose138": {"write": {"device_start": -1, "host_queued_start": 1585661372.306813, "device_queued": -1, "device_end": -1, "host_queued_end": 1585661372.344668}, "device": "gpu", "nd_range": {"device_start": 1585661304.965126, "device_end": 1585661304.9683886}, "cmdq": 2, "read": {"device_start": -1, "device_end": -1}}, "FFC_sans_bias119": {"write": {"device_start": 1585661304.9264512, "host_queued_start": 1585661372.284219, "device_queued": 1585661304.8721623, "device_end": 1585661304.9265485, "host_queued_end": 1585661372.344668}, "device": "gpu", "nd_range": {"device_start": 1585661304.9265666, "device_end": 1585661304.935842}, "cmdq": 2, "read": {"device_start": -1, "device_end": -1}}, "FFC_sans_bias118": {"write": {"device_start": 1585661304.9231966, "host_queued_start": 1585661372.280919, "device_queued": 1585661304.8720324, "device_end": 1585661304.9232986, "host_queued_end": 1585661372.344668}, "device": "gpu", "nd_range": {"device_start": 1585661304.923306, "device_end": 1585661304.9326026}, "cmdq": 1, "read": {"device_start": -1, "device_end": -1}}, "empty143": {"write": {"device_start": 1585661304.866764, "host_queued_start": 1585661372.215124, "device_queued": 1585661304.8664315, "device_end": 1585661304.8670726, "host_queued_end": 1585661372.344668}, "device": "gpu", "nd_range": {"device_start": 1585661304.8670857, "device_end": 1585661304.8670964}, "cmdq": 2, "read": {"device_start": -1, "device_end": -1}}, "FFC_sans_bias115": {"write": {"device_start": 1585661305.0194433, "host_queued_start": 1585661372.334659, "device_queued": 1585661304.8798275, "device_end": 1585661305.0195477, "host_queued_end": 1585661372.344668}, "device": "gpu", "nd_range": {"device_start": 1585661305.0195532, "device_end": 1585661305.028588}, "cmdq": 2, "read": {"device_start": 1585661305.0285966, "device_end": 1585661305.02869}}, "FFC_sans_bias114": {"write": {"device_start": -1, "host_queued_start": 1585661372.313816, "device_queued": -1, "device_end": -1, "host_queued_end": 1585661372.344668}, "device": "gpu", "nd_range": {"device_start": 1585661304.9895082, "device_end": 1585661304.996156}, "cmdq": 2, "read": {"device_start": -1, "device_end": -1}}, "FFC_sans_bias117": {"write": {"device_start": 1585661304.919931, "host_queued_start": 1585661372.277649, "device_queued": 1585661304.871788, "device_end": 1585661304.9200318, "host_queued_end": 1585661372.344668}, "device": "gpu", "nd_range": {"device_start": 1585661304.9200356, "device_end": 1585661304.9292982}, "cmdq": 0, "read": {"device_start": -1, "device_end": -1}}, "softmax5": {"write": {"device_start": -1, "host_queued_start": 1585661372.446474, "device_queued": -1, "device_end": -1, "host_queued_end": 1585661372.475142}, "device": "cpu", "nd_range": {"device_start": 2329147.697426593, "device_end": 2329147.698174911}, "cmdq": 2, "read": {"device_start": -1, "device_end": -1}}, "FFC_sans_bias110": {"write": {"device_start": 1585661304.9166732, "host_queued_start": 1585661372.27437, "device_queued": 1585661304.8714263, "device_end": 1585661304.9167726, "host_queued_end": 1585661372.344668}, "device": "gpu", "nd_range": {"device_start": 1585661304.916778, "device_end": 1585661304.9260545}, "cmdq": 2, "read": {"device_start": -1, "device_end": -1}}, "FFC_sans_bias112": {"write": {"device_start": -1, "host_queued_start": 1585661372.308758, "device_queued": -1, "device_end": -1, "host_queued_end": 1585661372.344668}, "device": "gpu", "nd_range": {"device_start": 1585661304.9751287, "device_end": 1585661304.9815433}, "cmdq": 2, "read": {"device_start": -1, "device_end": -1}}, "empty53": {"write": {"device_start": -1, "host_queued_start": 1585661372.36504, "device_queued": -1, "device_end": -1, "host_queued_end": 1585661372.475142}, "device": "cpu", "nd_range": {"device_start": 2329146.664785197, "device_end": 2329146.664787045}, "cmdq": 0, "read": {"device_start": -1, "device_end": -1}}, "coalesced_transpose48": {"write": {"device_start": -1, "host_queued_start": 1585661372.441003, "device_queued": -1, "device_end": -1, "host_queued_end": 1585661372.475142}, "device": "cpu", "nd_range": {"device_start": 2329147.375443752, "device_end": 2329147.3768613674}, "cmdq": 3, "read": {"device_start": -1, "device_end": -1}}}