{"FFC_sans_bias4": {"write": {"device_start": -1, "host_queued_start": 1585661868.243083, "device_queued": -1, "device_end": -1, "host_queued_end": 1585661868.2724}, "device": "cpu", "nd_range": {"device_start": 2329643.1156574474, "device_end": 2329643.1512889382}, "cmdq": 0, "read": {"device_start": -1, "device_end": -1}}, "FFC_sans_bias7": {"write": {"device_start": -1, "host_queued_start": 1585661868.256735, "device_queued": -1, "device_end": -1, "host_queued_end": 1585661868.2724}, "device": "cpu", "nd_range": {"device_start": 2329643.611752332, "device_end": 2329643.648907396}, "cmdq": 0, "read": {"device_start": -1, "device_end": -1}}, "FFC_sans_bias6": {"write": {"device_start": -1, "host_queued_start": 1585661868.250227, "device_queued": -1, "device_end": -1, "host_queued_end": 1585661868.2724}, "device": "cpu", "nd_range": {"device_start": 2329643.3715279023, "device_end": 2329643.4133746773}, "cmdq": 0, "read": {"device_start": -1, "device_end": -1}}, "FFC_sans_bias1": {"write": {"device_start": -1, "host_queued_start": 1585661868.185279, "device_queued": -1, "device_end": -1, "host_queued_end": 1585661868.2724}, "device": "cpu", "nd_range": {"device_start": 2329642.4963948564, "device_end": 2329642.533324528}, "cmdq": 0, "read": {"device_start": -1, "device_end": -1}}, "FFC_sans_bias0": {"write": {"device_start": -1, "host_queued_start": 1585661868.181679, "device_queued": -1, "device_end": -1, "host_queued_end": 1585661868.2724}, "device": "cpu", "nd_range": {"device_start": 2329642.462043684, "device_end": 2329642.496363713}, "cmdq": 0, "read": {"device_start": -1, "device_end": -1}}, "FFC_sans_bias2": {"write": {"device_start": -1, "host_queued_start": 1585661868.188674, "device_queued": -1, "device_end": -1, "host_queued_end": 1585661868.2724}, "device": "cpu", "nd_range": {"device_start": 2329642.533348586, "device_end": 2329642.5698098983}, "cmdq": 0, "read": {"device_start": -1, "device_end": -1}}, "coalesced_transpose120": {"write": {"device_start": -1, "host_queued_start": 1585661868.112959, "device_queued": -1, "device_end": -1, "host_queued_end": 1585661868.156985}, "device": "gpu", "nd_range": {"device_start": 1585661800.7646475, "device_end": 1585661800.764723}, "cmdq": 2, "read": {"device_start": -1, "device_end": -1}}, "FFC_sans_bias9": {"write": {"device_start": -1, "host_queued_start": 1585661868.192105, "device_queued": -1, "device_end": -1, "host_queued_end": 1585661868.2724}, "device": "cpu", "nd_range": {"device_start": 2329642.5698311413, "device_end": 2329642.606886649}, "cmdq": 0, "read": {"device_start": -1, "device_end": -1}}, "empty71": {"write": {"device_start": 1585661800.663767, "host_queued_start": 1585661867.979815, "device_queued": 1585661800.6634793, "device_end": 1585661800.6640036, "host_queued_end": 1585661868.156985}, "device": "gpu", "nd_range": {"device_start": 1585661800.6645305, "device_end": 1585661800.6646237}, "cmdq": 1, "read": {"device_start": -1, "device_end": -1}}, "softmax41": {"write": {"device_start": -1, "host_queued_start": 1585661868.249103, "device_queued": -1, "device_end": -1, "host_queued_end": 1585661868.2724}, "device": "cpu", "nd_range": {"device_start": 2329643.370795368, "device_end": 2329643.3711886653}, "cmdq": 0, "read": {"device_start": -1, "device_end": -1}}, "FFC_sans_bias37": {"write": {"device_start": -1, "host_queued_start": 1585661868.22564, "device_queued": -1, "device_end": -1, "host_queued_end": 1585661868.2724}, "device": "cpu", "nd_range": {"device_start": 2329642.935523482, "device_end": 2329642.972417449}, "cmdq": 0, "read": {"device_start": -1, "device_end": -1}}, "FFC_sans_bias36": {"write": {"device_start": -1, "host_queued_start": 1585661868.222332, "device_queued": -1, "device_end": -1, "host_queued_end": 1585661868.2724}, "device": "cpu", "nd_range": {"device_start": 2329642.900598398, "device_end": 2329642.9355105204}, "cmdq": 0, "read": {"device_start": -1, "device_end": -1}}, "FFC_sans_bias34": {"write": {"device_start": -1, "host_queued_start": 1585661868.2661, "device_queued": -1, "device_end": -1, "host_queued_end": 1585661868.2724}, "device": "cpu", "nd_range": {"device_start": 2329643.720484125, "device_end": 2329643.757253657}, "cmdq": 0, "read": {"device_start": -1, "device_end": -1}}, "FFC_sans_bias33": {"write": {"device_start": -1, "host_queued_start": 1585661868.252137, "device_queued": -1, "device_end": -1, "host_queued_end": 1585661868.2724}, "device": "cpu", "nd_range": {"device_start": 2329643.499264644, "device_end": 2329643.5403619823}, "cmdq": 0, "read": {"device_start": -1, "device_end": -1}}, "FFC_sans_bias31": {"write": {"device_start": -1, "host_queued_start": 1585661868.245138, "device_queued": -1, "device_end": -1, "host_queued_end": 1585661868.2724}, "device": "cpu", "nd_range": {"device_start": 2329643.241534606, "device_end": 2329643.283739535}, "cmdq": 0, "read": {"device_start": -1, "device_end": -1}}, "FFC_sans_bias38": {"write": {"device_start": -1, "host_queued_start": 1585661868.228905, "device_queued": -1, "device_end": -1, "host_queued_end": 1585661868.2724}, "device": "cpu", "nd_range": {"device_start": 2329642.972426473, "device_end": 2329643.006937052}, "cmdq": 0, "read": {"device_start": -1, "device_end": -1}}, "coalesced_transpose75": {"write": {"device_start": -1, "host_queued_start": 1585661868.111321, "device_queued": -1, "device_end": -1, "host_queued_end": 1585661868.156985}, "device": "gpu", "nd_range": {"device_start": 1585661800.7582905, "device_end": 1585661800.7646463}, "cmdq": 2, "read": {"device_start": -1, "device_end": -1}}, "softmax140": {"write": {"device_start": -1, "host_queued_start": 1585661868.119598, "device_queued": -1, "device_end": -1, "host_queued_end": 1585661868.156985}, "device": "gpu", "nd_range": {"device_start": 1585661800.8049924, "device_end": 1585661800.8179862}, "cmdq": 4, "read": {"device_start": -1, "device_end": -1}}, "empty44": {"write": {"device_start": -1, "host_queued_start": 1585661868.175119, "device_queued": -1, "device_end": -1, "host_queued_end": 1585661868.2724}, "device": "cpu", "nd_range": {"device_start": 2329642.462033286, "device_end": 2329642.462033877}, "cmdq": 0, "read": {"device_start": -1, "device_end": -1}}, "FFC_sans_bias137": {"write": {"device_start": 1585661800.745655, "host_queued_start": 1585661868.106857, "device_queued": 1585661800.6747134, "device_end": 1585661800.7457685, "host_queued_end": 1585661868.156985}, "device": "gpu", "nd_range": {"device_start": 1585661800.7457757, "device_end": 1585661800.761515}, "cmdq": 3, "read": {"device_start": -1, "device_end": -1}}, "empty8": {"write": {"device_start": -1, "host_queued_start": 1585661868.161993, "device_queued": -1, "device_end": -1, "host_queued_end": 1585661868.2724}, "device": "cpu", "nd_range": {"device_start": 2329642.4619846, "device_end": 2329642.461997605}, "cmdq": 0, "read": {"device_start": -1, "device_end": -1}}, "softmax50": {"write": {"device_start": -1, "host_queued_start": 1585661868.249628, "device_queued": -1, "device_end": -1, "host_queued_end": 1585661868.2724}, "device": "cpu", "nd_range": {"device_start": 2329643.371195284, "device_end": 2329643.371521188}, "cmdq": 0, "read": {"device_start": -1, "device_end": -1}}, "softmax59": {"write": {"device_start": -1, "host_queued_start": 1585661868.11722, "device_queued": -1, "device_end": -1, "host_queued_end": 1585661868.156985}, "device": "gpu", "nd_range": {"device_start": 1585661800.7811265, "device_end": 1585661800.7924767}, "cmdq": 0, "read": {"device_start": -1, "device_end": -1}}, "FFC_sans_bias142": {"write": {"device_start": 1585661800.850674, "host_queued_start": 1585661868.156853, "device_queued": 1585661800.6830816, "device_end": 1585661800.8507724, "host_queued_end": 1585661868.156985}, "device": "gpu", "nd_range": {"device_start": 1585661800.8507771, "device_end": 1585661800.8631182}, "cmdq": 4, "read": {"device_start": 1585661800.8631208, "device_end": 1585661800.8632069}}, "FFC_sans_bias141": {"write": {"device_start": -1, "host_queued_start": 1585661868.122927, "device_queued": -1, "device_end": -1, "host_queued_end": 1585661868.156985}, "device": "gpu", "nd_range": {"device_start": 1585661800.8334608, "device_end": 1585661800.8464155}, "cmdq": 4, "read": {"device_start": -1, "device_end": -1}}, "FFC_sans_bias24": {"write": {"device_start": -1, "host_queued_start": 1585661868.251538, "device_queued": -1, "device_end": -1, "host_queued_end": 1585661868.2724}, "device": "cpu", "nd_range": {"device_start": 2329643.456266018, "device_end": 2329643.499245588}, "cmdq": 0, "read": {"device_start": -1, "device_end": -1}}, "FFC_sans_bias25": {"write": {"device_start": -1, "host_queued_start": 1585661868.262961, "device_queued": -1, "device_end": -1, "host_queued_end": 1585661868.2724}, "device": "cpu", "nd_range": {"device_start": 2329643.684575715, "device_end": 2329643.720478475}, "cmdq": 0, "read": {"device_start": -1, "device_end": -1}}, "FFC_sans_bias27": {"write": {"device_start": -1, "host_queued_start": 1585661868.212307, "device_queued": -1, "device_end": -1, "host_queued_end": 1585661868.2724}, "device": "cpu", "nd_range": {"device_start": 2329642.791512615, "device_end": 2329642.828704256}, "cmdq": 0, "read": {"device_start": -1, "device_end": -1}}, "FFC_sans_bias20": {"write": {"device_start": -1, "host_queued_start": 1585661868.208889, "device_queued": -1, "device_end": -1, "host_queued_end": 1585661868.2724}, "device": "cpu", "nd_range": {"device_start": 2329642.755335419, "device_end": 2329642.791493439}, "cmdq": 0, "read": {"device_start": -1, "device_end": -1}}, "FFC_sans_bias22": {"write": {"device_start": -1, "host_queued_start": 1585661868.244482, "device_queued": -1, "device_end": -1, "host_queued_end": 1585661868.2724}, "device": "cpu", "nd_range": {"device_start": 2329643.188350237, "device_end": 2329643.241507191}, "cmdq": 0, "read": {"device_start": -1, "device_end": -1}}, "FFC_sans_bias130": {"write": {"device_start": -1, "host_queued_start": 1585661868.116645, "device_queued": -1, "device_end": -1, "host_queued_end": 1585661868.156985}, "device": "gpu", "nd_range": {"device_start": 1585661800.7778661, "device_end": 1585661800.7909155}, "cmdq": 3, "read": {"device_start": -1, "device_end": -1}}, "FFC_sans_bias28": {"write": {"device_start": -1, "host_queued_start": 1585661868.215713, "device_queued": -1, "device_end": -1, "host_queued_end": 1585661868.2724}, "device": "cpu", "nd_range": {"device_start": 2329642.828727092, "device_end": 2329642.8647637423}, "cmdq": 0, "read": {"device_start": -1, "device_end": -1}}, "FFC_sans_bias29": {"write": {"device_start": -1, "host_queued_start": 1585661868.219031, "device_queued": -1, "device_end": -1, "host_queued_end": 1585661868.2724}, "device": "cpu", "nd_range": {"device_start": 2329642.8647826123, "device_end": 2329642.900589006}, "cmdq": 0, "read": {"device_start": -1, "device_end": -1}}, "coalesced_transpose66": {"write": {"device_start": -1, "host_queued_start": 1585661868.111014, "device_queued": -1, "device_end": -1, "host_queued_end": 1585661868.156985}, "device": "gpu", "nd_range": {"device_start": 1585661800.7550123, "device_end": 1585661800.7646315}, "cmdq": 1, "read": {"device_start": -1, "device_end": -1}}, "coalesced_transpose93": {"write": {"device_start": -1, "host_queued_start": 1585661868.112036, "device_queued": -1, "device_end": -1, "host_queued_end": 1585661868.156985}, "device": "gpu", "nd_range": {"device_start": 1585661800.7648044, "device_end": 1585661800.7776995}, "cmdq": 4, "read": {"device_start": -1, "device_end": -1}}, "softmax23": {"write": {"device_start": -1, "host_queued_start": 1585661868.248065, "device_queued": -1, "device_end": -1, "host_queued_end": 1585661868.2724}, "device": "cpu", "nd_range": {"device_start": 2329643.370057904, "device_end": 2329643.37041909}, "cmdq": 0, "read": {"device_start": -1, "device_end": -1}}, "empty62": {"write": {"device_start": 1585661800.6633685, "host_queued_start": 1585661867.976291, "device_queued": 1585661800.6630385, "device_end": 1585661800.6634653, "host_queued_end": 1585661868.156985}, "device": "gpu", "nd_range": {"device_start": 1585661800.6635041, "device_end": 1585661800.6635087}, "cmdq": 0, "read": {"device_start": -1, "device_end": -1}}, "FFC_sans_bias10": {"write": {"device_start": -1, "host_queued_start": 1585661868.195471, "device_queued": -1, "device_end": -1, "host_queued_end": 1585661868.2724}, "device": "cpu", "nd_range": {"device_start": 2329642.606906774, "device_end": 2329642.6427920773}, "cmdq": 0, "read": {"device_start": -1, "device_end": -1}}, "FFC_sans_bias13": {"write": {"device_start": -1, "host_queued_start": 1585661868.243885, "device_queued": -1, "device_end": -1, "host_queued_end": 1585661868.2724}, "device": "cpu", "nd_range": {"device_start": 2329643.151299036, "device_end": 2329643.1883227723}, "cmdq": 0, "read": {"device_start": -1, "device_end": -1}}, "FFC_sans_bias15": {"write": {"device_start": -1, "host_queued_start": 1585661868.250868, "device_queued": -1, "device_end": -1, "host_queued_end": 1585661868.2724}, "device": "cpu", "nd_range": {"device_start": 2329643.4133960493, "device_end": 2329643.4562366153}, "cmdq": 0, "read": {"device_start": -1, "device_end": -1}}, "FFC_sans_bias16": {"write": {"device_start": -1, "host_queued_start": 1585661868.259807, "device_queued": -1, "device_end": -1, "host_queued_end": 1585661868.2724}, "device": "cpu", "nd_range": {"device_start": 2329643.648913384, "device_end": 2329643.684570082}, "cmdq": 0, "read": {"device_start": -1, "device_end": -1}}, "FFC_sans_bias19": {"write": {"device_start": -1, "host_queued_start": 1585661868.205515, "device_queued": -1, "device_end": -1, "host_queued_end": 1585661868.2724}, "device": "cpu", "nd_range": {"device_start": 2329642.7165005133, "device_end": 2329642.7553088833}, "cmdq": 0, "read": {"device_start": -1, "device_end": -1}}, "FFC_sans_bias18": {"write": {"device_start": -1, "host_queued_start": 1585661868.202191, "device_queued": -1, "device_end": -1, "host_queued_end": 1585661868.2724}, "device": "cpu", "nd_range": {"device_start": 2329642.681352116, "device_end": 2329642.716477044}, "cmdq": 0, "read": {"device_start": -1, "device_end": -1}}, "FFC_sans_bias99": {"write": {"device_start": 1585661800.7032452, "host_queued_start": 1585661868.062181, "device_queued": 1585661800.6714883, "device_end": 1585661800.7033458, "host_queued_end": 1585661868.156985}, "device": "gpu", "nd_range": {"device_start": 1585661800.703364, "device_end": 1585661800.7191453}, "cmdq": 0, "read": {"device_start": -1, "device_end": -1}}, "FFC_sans_bias91": {"write": {"device_start": 1585661800.6967454, "host_queued_start": 1585661868.055158, "device_queued": 1585661800.670533, "device_end": 1585661800.696854, "host_queued_end": 1585661868.156985}, "device": "gpu", "nd_range": {"device_start": 1585661800.6968586, "device_end": 1585661800.7126563}, "cmdq": 3, "read": {"device_start": -1, "device_end": -1}}, "FFC_sans_bias90": {"write": {"device_start": 1585661800.6934977, "host_queued_start": 1585661868.051762, "device_queued": 1585661800.6702693, "device_end": 1585661800.6936002, "host_queued_end": 1585661868.156985}, "device": "gpu", "nd_range": {"device_start": 1585661800.6936152, "device_end": 1585661800.7093637}, "cmdq": 2, "read": {"device_start": -1, "device_end": -1}}, "coalesced_transpose12": {"write": {"device_start": -1, "host_queued_start": 1585661868.239933, "device_queued": -1, "device_end": -1, "host_queued_end": 1585661868.2724}, "device": "cpu", "nd_range": {"device_start": 2329643.11366837, "device_end": 2329643.114021434}, "cmdq": 0, "read": {"device_start": -1, "device_end": -1}}, "FFC_sans_bias94": {"write": {"device_start": -1, "host_queued_start": 1585661868.115281, "device_queued": -1, "device_end": -1, "host_queued_end": 1585661868.156985}, "device": "gpu", "nd_range": {"device_start": 1585661800.7874627, "device_end": 1585661800.7941587}, "cmdq": 4, "read": {"device_start": -1, "device_end": -1}}, "FFC_sans_bias97": {"write": {"device_start": 1585661800.8466513, "host_queued_start": 1585661868.14016, "device_queued": 1585661800.681667, "device_end": 1585661800.8467422, "host_queued_end": 1585661868.156985}, "device": "gpu", "nd_range": {"device_start": 1585661800.8467567, "device_end": 1585661800.850109}, "cmdq": 4, "read": {"device_start": 1585661800.8501155, "device_end": 1585661800.850213}}, "FFC_sans_bias96": {"write": {"device_start": -1, "host_queued_start": 1585661868.121228, "device_queued": -1, "device_end": -1, "host_queued_end": 1585661868.156985}, "device": "gpu", "nd_range": {"device_start": 1585661800.8179872, "device_end": 1585661800.8334599}, "cmdq": 4, "read": {"device_start": -1, "device_end": -1}}, "FFC_sans_bias124": {"write": {"device_start": 1585661800.8473394, "host_queued_start": 1585661868.150552, "device_queued": 1585661800.6828034, "device_end": 1585661800.8474298, "host_queued_end": 1585661868.156985}, "device": "gpu", "nd_range": {"device_start": 1585661800.8474364, "device_end": 1585661800.8598616}, "cmdq": 2, "read": {"device_start": 1585661800.8598645, "device_end": 1585661800.8599539}}, "FFC_sans_bias126": {"write": {"device_start": 1585661800.7358375, "host_queued_start": 1585661868.096442, "device_queued": 1585661800.6741776, "device_end": 1585661800.735937, "host_queued_end": 1585661868.156985}, "device": "gpu", "nd_range": {"device_start": 1585661800.735942, "device_end": 1585661800.751767}, "cmdq": 0, "read": {"device_start": -1, "device_end": -1}}, "softmax32": {"write": {"device_start": -1, "host_queued_start": 1585661868.248584, "device_queued": -1, "device_end": -1, "host_queued_end": 1585661868.2724}, "device": "cpu", "nd_range": {"device_start": 2329643.370428841, "device_end": 2329643.3707887423}, "cmdq": 0, "read": {"device_start": -1, "device_end": -1}}, "coalesced_transpose84": {"write": {"device_start": -1, "host_queued_start": 1585661868.111649, "device_queued": -1, "device_end": -1, "host_queued_end": 1585661868.156985}, "device": "gpu", "nd_range": {"device_start": 1585661800.7615225, "device_end": 1585661800.7646646}, "cmdq": 3, "read": {"device_start": -1, "device_end": -1}}, "FFC_sans_bias121": {"write": {"device_start": -1, "host_queued_start": 1585661868.116256, "device_queued": -1, "device_end": -1, "host_queued_end": 1585661868.156985}, "device": "gpu", "nd_range": {"device_start": 1585661800.7746444, "device_end": 1585661800.7876318}, "cmdq": 2, "read": {"device_start": -1, "device_end": -1}}, "empty98": {"write": {"device_start": 1585661800.6648011, "host_queued_start": 1585661867.988509, "device_queued": 1585661800.6644423, "device_end": 1585661800.6649513, "host_queued_end": 1585661868.156985}, "device": "gpu", "nd_range": {"device_start": 1585661800.6649606, "device_end": 1585661800.6649647}, "cmdq": 4, "read": {"device_start": -1, "device_end": -1}}, "empty107": {"write": {"device_start": 1585661800.6651392, "host_queued_start": 1585661867.991303, "device_queued": 1585661800.66481, "device_end": 1585661800.6654088, "host_queued_end": 1585661868.156985}, "device": "gpu", "nd_range": {"device_start": 1585661800.6654184, "device_end": 1585661800.6654224}, "cmdq": 0, "read": {"device_start": -1, "device_end": -1}}, "empty17": {"write": {"device_start": -1, "host_queued_start": 1585661868.165749, "device_queued": -1, "device_end": -1, "host_queued_end": 1585661868.2724}, "device": "cpu", "nd_range": {"device_start": 2329642.462016397, "device_end": 2329642.4620173993}, "cmdq": 0, "read": {"device_start": -1, "device_end": -1}}, "FFC_sans_bias87": {"write": {"device_start": -1, "host_queued_start": 1585661868.120906, "device_queued": -1, "device_end": -1, "host_queued_end": 1585661868.156985}, "device": "gpu", "nd_range": {"device_start": 1585661800.802448, "device_end": 1585661800.8139746}, "cmdq": 3, "read": {"device_start": -1, "device_end": -1}}, "FFC_sans_bias85": {"write": {"device_start": -1, "host_queued_start": 1585661868.114968, "device_queued": -1, "device_end": -1, "host_queued_end": 1585661868.156985}, "device": "gpu", "nd_range": {"device_start": 1585661800.7647297, "device_end": 1585661800.7778647}, "cmdq": 3, "read": {"device_start": -1, "device_end": -1}}, "FFC_sans_bias82": {"write": {"device_start": 1585661800.6869771, "host_queued_start": 1585661868.044842, "device_queued": 1585661800.6698985, "device_end": 1585661800.687072, "host_queued_end": 1585661868.156985}, "device": "gpu", "nd_range": {"device_start": 1585661800.6870775, "device_end": 1585661800.7028604}, "cmdq": 0, "read": {"device_start": -1, "device_end": -1}}, "FFC_sans_bias83": {"write": {"device_start": 1585661800.6902986, "host_queued_start": 1585661868.048322, "device_queued": 1585661800.6701427, "device_end": 1585661800.6904223, "host_queued_end": 1585661868.156985}, "device": "gpu", "nd_range": {"device_start": 1585661800.690428, "device_end": 1585661800.70612}, "cmdq": 1, "read": {"device_start": -1, "device_end": -1}}, "FFC_sans_bias81": {"write": {"device_start": 1585661800.68372, "host_queued_start": 1585661868.041451, "device_queued": 1585661800.6692617, "device_end": 1585661800.6838202, "host_queued_end": 1585661868.156985}, "device": "gpu", "nd_range": {"device_start": 1585661800.6838267, "device_end": 1585661800.6996446}, "cmdq": 4, "read": {"device_start": -1, "device_end": -1}}, "FFC_sans_bias88": {"write": {"device_start": 1585661800.8271961, "host_queued_start": 1585661868.136626, "device_queued": 1585661800.681533, "device_end": 1585661800.8272882, "host_queued_end": 1585661868.156985}, "device": "gpu", "nd_range": {"device_start": 1585661800.8272927, "device_end": 1585661800.8399487}, "cmdq": 3, "read": {"device_start": 1585661800.8399546, "device_end": 1585661800.840046}}, "coalesced_transpose30": {"write": {"device_start": -1, "host_queued_start": 1585661868.24125, "device_queued": -1, "device_end": -1, "host_queued_end": 1585661868.2724}, "device": "cpu", "nd_range": {"device_start": 2329643.114506138, "device_end": 2329643.114872651}, "cmdq": 0, "read": {"device_start": -1, "device_end": -1}}, "FFC_sans_bias128": {"write": {"device_start": 1585661800.7325861, "host_queued_start": 1585661868.093036, "device_queued": 1585661800.673444, "device_end": 1585661800.732702, "host_queued_end": 1585661868.156985}, "device": "gpu", "nd_range": {"device_start": 1585661800.732708, "device_end": 1585661800.748487}, "cmdq": 4, "read": {"device_start": -1, "device_end": -1}}, "coalesced_transpose39": {"write": {"device_start": -1, "host_queued_start": 1585661868.241825, "device_queued": -1, "device_end": -1, "host_queued_end": 1585661868.2724}, "device": "cpu", "nd_range": {"device_start": 2329643.114879302, "device_end": 2329643.115256321}, "cmdq": 0, "read": {"device_start": -1, "device_end": -1}}, "FFC_sans_bias79": {"write": {"device_start": 1585661800.8239584, "host_queued_start": 1585661868.13321, "device_queued": 1585661800.6813984, "device_end": 1585661800.8240535, "host_queued_end": 1585661868.156985}, "device": "gpu", "nd_range": {"device_start": 1585661800.824057, "device_end": 1585661800.8366892}, "cmdq": 2, "read": {"device_start": 1585661800.8366916, "device_end": 1585661800.8367841}}, "FFC_sans_bias78": {"write": {"device_start": -1, "host_queued_start": 1585661868.120539, "device_queued": -1, "device_end": -1, "host_queued_end": 1585661868.156985}, "device": "gpu", "nd_range": {"device_start": 1585661800.8024435, "device_end": 1585661800.8106828}, "cmdq": 2, "read": {"device_start": -1, "device_end": -1}}, "FFC_sans_bias73": {"write": {"device_start": 1585661800.677292, "host_queued_start": 1585661868.034637, "device_queued": 1585661800.6690085, "device_end": 1585661800.6774077, "host_queued_end": 1585661868.156985}, "device": "gpu", "nd_range": {"device_start": 1585661800.6774127, "device_end": 1585661800.6931164}, "cmdq": 2, "read": {"device_start": -1, "device_end": -1}}, "FFC_sans_bias72": {"write": {"device_start": 1585661800.6740181, "host_queued_start": 1585661868.031208, "device_queued": 1585661800.6688838, "device_end": 1585661800.6741228, "host_queued_end": 1585661868.156985}, "device": "gpu", "nd_range": {"device_start": 1585661800.674129, "device_end": 1585661800.6898699}, "cmdq": 1, "read": {"device_start": -1, "device_end": -1}}, "FFC_sans_bias70": {"write": {"device_start": 1585661800.8077776, "host_queued_start": 1585661868.129714, "device_queued": 1585661800.68126, "device_end": 1585661800.807871, "host_queued_end": 1585661868.156985}, "device": "gpu", "nd_range": {"device_start": 1585661800.8078768, "device_end": 1585661800.820456}, "cmdq": 1, "read": {"device_start": 1585661800.8204596, "device_end": 1585661800.8205523}}, "FFC_sans_bias76": {"write": {"device_start": -1, "host_queued_start": 1585661868.114645, "device_queued": -1, "device_end": -1, "host_queued_end": 1585661868.156985}, "device": "gpu", "nd_range": {"device_start": 1585661800.764724, "device_end": 1585661800.7746425}, "cmdq": 2, "read": {"device_start": -1, "device_end": -1}}, "FFC_sans_bias74": {"write": {"device_start": 1585661800.6804652, "host_queued_start": 1585661868.038074, "device_queued": 1585661800.6691341, "device_end": 1585661800.680567, "host_queued_end": 1585661868.156985}, "device": "gpu", "nd_range": {"device_start": 1585661800.6805737, "device_end": 1585661800.6963744}, "cmdq": 3, "read": {"device_start": -1, "device_end": -1}}, "coalesced_transpose102": {"write": {"device_start": -1, "host_queued_start": 1585661868.112342, "device_queued": -1, "device_end": -1, "host_queued_end": 1585661868.156985}, "device": "gpu", "nd_range": {"device_start": 1585661800.7646031, "device_end": 1585661800.7646892}, "cmdq": 0, "read": {"device_start": -1, "device_end": -1}}, "coalesced_transpose3": {"write": {"device_start": -1, "host_queued_start": 1585661868.239224, "device_queued": -1, "device_end": -1, "host_queued_end": 1585661868.2724}, "device": "cpu", "nd_range": {"device_start": 2329643.1132799443, "device_end": 2329643.113659881}, "cmdq": 0, "read": {"device_start": -1, "device_end": -1}}, "FFC_sans_bias127": {"write": {"device_start": 1585661800.7391484, "host_queued_start": 1585661868.099895, "device_queued": 1585661800.674437, "device_end": 1585661800.7392485, "host_queued_end": 1585661868.156985}, "device": "gpu", "nd_range": {"device_start": 1585661800.7392647, "device_end": 1585661800.7550101}, "cmdq": 1, "read": {"device_start": -1, "device_end": -1}}, "empty89": {"write": {"device_start": 1585661800.6644428, "host_queued_start": 1585661867.98536, "device_queued": 1585661800.6640258, "device_end": 1585661800.6646888, "host_queued_end": 1585661868.156985}, "device": "gpu", "nd_range": {"device_start": 1585661800.6646938, "device_end": 1585661800.6646976}, "cmdq": 3, "read": {"device_start": -1, "device_end": -1}}, "FFC_sans_bias123": {"write": {"device_start": -1, "host_queued_start": 1585661868.122259, "device_queued": -1, "device_end": -1, "host_queued_end": 1585661868.156985}, "device": "gpu", "nd_range": {"device_start": 1585661800.810684, "device_end": 1585661800.8237123}, "cmdq": 2, "read": {"device_start": -1, "device_end": -1}}, "empty80": {"write": {"device_start": 1585661800.6641278, "host_queued_start": 1585661867.982602, "device_queued": 1585661800.6636586, "device_end": 1585661800.6644282, "host_queued_end": 1585661868.156985}, "device": "gpu", "nd_range": {"device_start": 1585661800.6645935, "device_end": 1585661800.6646712}, "cmdq": 2, "read": {"device_start": -1, "device_end": -1}}, "empty116": {"write": {"device_start": 1585661800.6654348, "host_queued_start": 1585661867.994017, "device_queued": 1585661800.665078, "device_end": 1585661800.665687, "host_queued_end": 1585661868.156985}, "device": "gpu", "nd_range": {"device_start": 1585661800.6660855, "device_end": 1585661800.6661527}, "cmdq": 1, "read": {"device_start": -1, "device_end": -1}}, "softmax104": {"write": {"device_start": -1, "host_queued_start": 1585661868.118481, "device_queued": -1, "device_end": -1, "host_queued_end": 1585661868.156985}, "device": "gpu", "nd_range": {"device_start": 1585661800.7924778, "device_end": 1585661800.7958212}, "cmdq": 0, "read": {"device_start": -1, "device_end": -1}}, "coalesced_transpose21": {"write": {"device_start": -1, "host_queued_start": 1585661868.240673, "device_queued": -1, "device_end": -1, "host_queued_end": 1585661868.2724}, "device": "cpu", "nd_range": {"device_start": 2329643.114178507, "device_end": 2329643.1144981273}, "cmdq": 0, "read": {"device_start": -1, "device_end": -1}}, "softmax14": {"write": {"device_start": -1, "host_queued_start": 1585661868.247507, "device_queued": -1, "device_end": -1, "host_queued_end": 1585661868.2724}, "device": "cpu", "nd_range": {"device_start": 2329643.369696098, "device_end": 2329643.3700504433}, "cmdq": 0, "read": {"device_start": -1, "device_end": -1}}, "FFC_sans_bias69": {"write": {"device_start": -1, "host_queued_start": 1585661868.120226, "device_queued": -1, "device_end": -1, "host_queued_end": 1585661868.156985}, "device": "gpu", "nd_range": {"device_start": 1585661800.795795, "device_end": 1585661800.8008986}, "cmdq": 1, "read": {"device_start": -1, "device_end": -1}}, "FFC_sans_bias92": {"write": {"device_start": 1585661800.7000315, "host_queued_start": 1585661868.058557, "device_queued": 1585661800.670869, "device_end": 1585661800.7001338, "host_queued_end": 1585661868.156985}, "device": "gpu", "nd_range": {"device_start": 1585661800.7001379, "device_end": 1585661800.7159061}, "cmdq": 4, "read": {"device_start": -1, "device_end": -1}}, "FFC_sans_bias60": {"write": {"device_start": -1, "host_queued_start": 1585661868.119908, "device_queued": -1, "device_end": -1, "host_queued_end": 1585661868.156985}, "device": "gpu", "nd_range": {"device_start": 1585661800.7958226, "device_end": 1585661800.8042421}, "cmdq": 0, "read": {"device_start": -1, "device_end": -1}}, "FFC_sans_bias61": {"write": {"device_start": 1585661800.8175004, "host_queued_start": 1585661868.126264, "device_queued": 1585661800.680905, "device_end": 1585661800.817592, "host_queued_end": 1585661868.156985}, "device": "gpu", "nd_range": {"device_start": 1585661800.8175976, "device_end": 1585661800.8302011}, "cmdq": 0, "read": {"device_start": 1585661800.8302069, "device_end": 1585661800.8302999}}, "FFC_sans_bias63": {"write": {"device_start": 1585661800.6706517, "host_queued_start": 1585661868.027658, "device_queued": 1585661800.6686525, "device_end": 1585661800.6707551, "host_queued_end": 1585661868.156985}, "device": "gpu", "nd_range": {"device_start": 1585661800.67076, "device_end": 1585661800.686605}, "cmdq": 0, "read": {"device_start": -1, "device_end": -1}}, "FFC_sans_bias64": {"write": {"device_start": 1585661800.6679027, "host_queued_start": 1585661868.019681, "device_queued": 1585661800.6675754, "device_end": 1585661800.6681259, "host_queued_end": 1585661868.156985}, "device": "gpu", "nd_range": {"device_start": 1585661800.6684563, "device_end": 1585661800.680076}, "cmdq": 3, "read": {"device_start": -1, "device_end": -1}}, "FFC_sans_bias65": {"write": {"device_start": 1585661800.6682377, "host_queued_start": 1585661868.023749, "device_queued": 1585661800.6679025, "device_end": 1585661800.6683366, "host_queued_end": 1585661868.156985}, "device": "gpu", "nd_range": {"device_start": 1585661800.6685586, "device_end": 1585661800.6833568}, "cmdq": 4, "read": {"device_start": -1, "device_end": -1}}, "FFC_sans_bias67": {"write": {"device_start": -1, "host_queued_start": 1585661868.114292, "device_queued": -1, "device_end": -1, "host_queued_end": 1585661868.156985}, "device": "gpu", "nd_range": {"device_start": 1585661800.7646954, "device_end": 1585661800.7713907}, "cmdq": 1, "read": {"device_start": -1, "device_end": -1}}, "coalesced_transpose111": {"write": {"device_start": -1, "host_queued_start": 1585661868.112655, "device_queued": -1, "device_end": -1, "host_queued_end": 1585661868.156985}, "device": "gpu", "nd_range": {"device_start": 1585661800.764643, "device_end": 1585661800.7646942}, "cmdq": 1, "read": {"device_start": -1, "device_end": -1}}, "FFC_sans_bias136": {"write": {"device_start": 1585661800.7424207, "host_queued_start": 1585661868.103342, "device_queued": 1585661800.6745834, "device_end": 1585661800.742528, "host_queued_end": 1585661868.156985}, "device": "gpu", "nd_range": {"device_start": 1585661800.7425346, "device_end": 1585661800.7582884}, "cmdq": 2, "read": {"device_start": -1, "device_end": -1}}, "FFC_sans_bias135": {"write": {"device_start": 1585661800.7489283, "host_queued_start": 1585661868.110304, "device_queued": 1585661800.6748438, "device_end": 1585661800.7490396, "host_queued_end": 1585661868.156985}, "device": "gpu", "nd_range": {"device_start": 1585661800.7490432, "device_end": 1585661800.7647965}, "cmdq": 4, "read": {"device_start": -1, "device_end": -1}}, "FFC_sans_bias133": {"write": {"device_start": 1585661800.846744, "host_queued_start": 1585661868.153629, "device_queued": 1585661800.6829412, "device_end": 1585661800.846973, "host_queued_end": 1585661868.156985}, "device": "gpu", "nd_range": {"device_start": 1585661800.8469765, "device_end": 1585661800.853454}, "cmdq": 3, "read": {"device_start": 1585661800.8534646, "device_end": 1585661800.8535526}}, "FFC_sans_bias132": {"write": {"device_start": -1, "host_queued_start": 1585661868.122594, "device_queued": -1, "device_end": -1, "host_queued_end": 1585661868.156985}, "device": "gpu", "nd_range": {"device_start": 1585661800.8139756, "device_end": 1585661800.8269577}, "cmdq": 3, "read": {"device_start": -1, "device_end": -1}}, "softmax68": {"write": {"device_start": -1, "host_queued_start": 1585661868.117473, "device_queued": -1, "device_end": -1, "host_queued_end": 1585661868.156985}, "device": "gpu", "nd_range": {"device_start": 1585661800.7844002, "device_end": 1585661800.7924876}, "cmdq": 1, "read": {"device_start": -1, "device_end": -1}}, "softmax131": {"write": {"device_start": -1, "host_queued_start": 1585661868.119352, "device_queued": -1, "device_end": -1, "host_queued_end": 1585661868.156985}, "device": "gpu", "nd_range": {"device_start": 1585661800.7957988, "device_end": 1585661800.8024461}, "cmdq": 3, "read": {"device_start": -1, "device_end": -1}}, "empty125": {"write": {"device_start": 1585661800.6657383, "host_queued_start": 1585661867.996753, "device_queued": 1585661800.665426, "device_end": 1585661800.6660159, "host_queued_end": 1585661868.156985}, "device": "gpu", "nd_range": {"device_start": 1585661800.6661212, "device_end": 1585661800.6661756}, "cmdq": 2, "read": {"device_start": -1, "device_end": -1}}, "FFC_sans_bias139": {"write": {"device_start": -1, "host_queued_start": 1585661868.116964, "device_queued": -1, "device_end": -1, "host_queued_end": 1585661868.156985}, "device": "gpu", "nd_range": {"device_start": 1585661800.7941597, "device_end": 1585661800.7976582}, "cmdq": 4, "read": {"device_start": -1, "device_end": -1}}, "empty35": {"write": {"device_start": -1, "host_queued_start": 1585661868.172049, "device_queued": -1, "device_end": -1, "host_queued_end": 1585661868.2724}, "device": "cpu", "nd_range": {"device_start": 2329642.462028198, "device_end": 2329642.462028838}, "cmdq": 0, "read": {"device_start": -1, "device_end": -1}}, "softmax86": {"write": {"device_start": -1, "host_queued_start": 1585661868.117976, "device_queued": -1, "device_end": -1, "host_queued_end": 1585661868.156985}, "device": "gpu", "nd_range": {"device_start": 1585661800.790917, "device_end": 1585661800.7957978}, "cmdq": 3, "read": {"device_start": -1, "device_end": -1}}, "FFC_sans_bias55": {"write": {"device_start": 1585661800.6675823, "host_queued_start": 1585661868.015677, "device_queued": 1585661800.6671126, "device_end": 1585661800.6678858, "host_queued_end": 1585661868.156985}, "device": "gpu", "nd_range": {"device_start": 1585661800.6683564, "device_end": 1585661800.676905}, "cmdq": 2, "read": {"device_start": -1, "device_end": -1}}, "FFC_sans_bias54": {"write": {"device_start": 1585661800.6672482, "host_queued_start": 1585661868.011654, "device_queued": 1585661800.6669662, "device_end": 1585661800.66756, "host_queued_end": 1585661868.156985}, "device": "gpu", "nd_range": {"device_start": 1585661800.6681542, "device_end": 1585661800.6736412}, "cmdq": 1, "read": {"device_start": -1, "device_end": -1}}, "FFC_sans_bias56": {"write": {"device_start": 1585661800.6668062, "host_queued_start": 1585661868.007292, "device_queued": 1585661800.6663709, "device_end": 1585661800.6669548, "host_queued_end": 1585661868.156985}, "device": "gpu", "nd_range": {"device_start": 1585661800.6669655, "device_end": 1585661800.6703303}, "cmdq": 0, "read": {"device_start": -1, "device_end": -1}}, "FFC_sans_bias51": {"write": {"device_start": -1, "host_queued_start": 1585661868.253333, "device_queued": -1, "device_end": -1, "host_queued_end": 1585661868.2724}, "device": "cpu", "nd_range": {"device_start": 2329643.5758341453, "device_end": 2329643.611733741}, "cmdq": 0, "read": {"device_start": -1, "device_end": -1}}, "FFC_sans_bias52": {"write": {"device_start": -1, "host_queued_start": 1585661868.272345, "device_queued": -1, "device_end": -1, "host_queued_end": 1585661868.2724}, "device": "cpu", "nd_range": {"device_start": 2329643.7932671392, "device_end": 2329643.8294823663}, "cmdq": 0, "read": {"device_start": -1, "device_end": -1}}, "FFC_sans_bias58": {"write": {"device_start": -1, "host_queued_start": 1585661868.113892, "device_queued": -1, "device_end": -1, "host_queued_end": 1585661868.156985}, "device": "gpu", "nd_range": {"device_start": 1585661800.7646902, "device_end": 1585661800.768084}, "cmdq": 0, "read": {"device_start": -1, "device_end": -1}}, "FFC_sans_bias108": {"write": {"device_start": 1585661800.7130594, "host_queued_start": 1585661868.072549, "device_queued": 1585661800.6720452, "device_end": 1585661800.713167, "host_queued_end": 1585661868.156985}, "device": "gpu", "nd_range": {"device_start": 1585661800.713171, "device_end": 1585661800.7289338}, "cmdq": 3, "read": {"device_start": -1, "device_end": -1}}, "FFC_sans_bias109": {"write": {"device_start": 1585661800.7163227, "host_queued_start": 1585661868.075957, "device_queued": 1585661800.6721983, "device_end": 1585661800.7164242, "host_queued_end": 1585661868.156985}, "device": "gpu", "nd_range": {"device_start": 1585661800.7164297, "device_end": 1585661800.7322042}, "cmdq": 4, "read": {"device_start": -1, "device_end": -1}}, "coalesced_transpose129": {"write": {"device_start": -1, "host_queued_start": 1585661868.113269, "device_queued": -1, "device_end": -1, "host_queued_end": 1585661868.156985}, "device": "gpu", "nd_range": {"device_start": 1585661800.7646828, "device_end": 1585661800.7647283}, "cmdq": 3, "read": {"device_start": -1, "device_end": -1}}, "FFC_sans_bias103": {"write": {"device_start": -1, "host_queued_start": 1585661868.1156, "device_queued": -1, "device_end": -1, "host_queued_end": 1585661868.156985}, "device": "gpu", "nd_range": {"device_start": 1585661800.768086, "device_end": 1585661800.7811244}, "cmdq": 0, "read": {"device_start": -1, "device_end": -1}}, "FFC_sans_bias100": {"write": {"device_start": 1585661800.7064986, "host_queued_start": 1585661868.065647, "device_queued": 1585661800.6717389, "device_end": 1585661800.7066, "host_queued_end": 1585661868.156985}, "device": "gpu", "nd_range": {"device_start": 1585661800.7066054, "device_end": 1585661800.7224185}, "cmdq": 1, "read": {"device_start": -1, "device_end": -1}}, "FFC_sans_bias101": {"write": {"device_start": 1585661800.709779, "host_queued_start": 1585661868.069136, "device_queued": 1585661800.6718712, "device_end": 1585661800.7098815, "host_queued_end": 1585661868.156985}, "device": "gpu", "nd_range": {"device_start": 1585661800.7098904, "device_end": 1585661800.7256694}, "cmdq": 2, "read": {"device_start": -1, "device_end": -1}}, "FFC_sans_bias106": {"write": {"device_start": 1585661800.8470254, "host_queued_start": 1585661868.143566, "device_queued": 1585661800.6824014, "device_end": 1585661800.8471165, "host_queued_end": 1585661868.156985}, "device": "gpu", "nd_range": {"device_start": 1585661800.8471243, "device_end": 1585661800.8567514}, "cmdq": 0, "read": {"device_start": 1585661800.856761, "device_end": 1585661800.8568482}}, "softmax122": {"write": {"device_start": -1, "host_queued_start": 1585661868.119021, "device_queued": -1, "device_end": -1, "host_queued_end": 1585661868.156985}, "device": "gpu", "nd_range": {"device_start": 1585661800.7958174, "device_end": 1585661800.8024426}, "cmdq": 2, "read": {"device_start": -1, "device_end": -1}}, "FFC_sans_bias105": {"write": {"device_start": -1, "host_queued_start": 1585661868.121547, "device_queued": -1, "device_end": -1, "host_queued_end": 1585661868.156985}, "device": "gpu", "nd_range": {"device_start": 1585661800.8042433, "device_end": 1585661800.8172202}, "cmdq": 0, "read": {"device_start": -1, "device_end": -1}}, "softmax95": {"write": {"device_start": -1, "host_queued_start": 1585661868.118228, "device_queued": -1, "device_end": -1, "host_queued_end": 1585661868.156985}, "device": "gpu", "nd_range": {"device_start": 1585661800.7976592, "device_end": 1585661800.8049912}, "cmdq": 4, "read": {"device_start": -1, "device_end": -1}}, "coalesced_transpose57": {"write": {"device_start": -1, "host_queued_start": 1585661868.110687, "device_queued": -1, "device_end": -1, "host_queued_end": 1585661868.156985}, "device": "gpu", "nd_range": {"device_start": 1585661800.7517686, "device_end": 1585661800.764592}, "cmdq": 0, "read": {"device_start": -1, "device_end": -1}}, "empty26": {"write": {"device_start": -1, "host_queued_start": 1585661868.168976, "device_queued": -1, "device_end": -1, "host_queued_end": 1585661868.2724}, "device": "cpu", "nd_range": {"device_start": 2329642.462022841, "device_end": 2329642.462023645}, "cmdq": 0, "read": {"device_start": -1, "device_end": -1}}, "softmax113": {"write": {"device_start": -1, "host_queued_start": 1585661868.118769, "device_queued": -1, "device_end": -1, "host_queued_end": 1585661868.156985}, "device": "gpu", "nd_range": {"device_start": 1585661800.792489, "device_end": 1585661800.7957935}, "cmdq": 1, "read": {"device_start": -1, "device_end": -1}}, "FFC_sans_bias11": {"write": {"device_start": -1, "host_queued_start": 1585661868.198845, "device_queued": -1, "device_end": -1, "host_queued_end": 1585661868.2724}, "device": "cpu", "nd_range": {"device_start": 2329642.642803071, "device_end": 2329642.68133316}, "cmdq": 0, "read": {"device_start": -1, "device_end": -1}}, "FFC_sans_bias42": {"write": {"device_start": -1, "host_queued_start": 1585661868.252735, "device_queued": -1, "device_end": -1, "host_queued_end": 1585661868.2724}, "device": "cpu", "nd_range": {"device_start": 2329643.540373017, "device_end": 2329643.575815658}, "cmdq": 0, "read": {"device_start": -1, "device_end": -1}}, "FFC_sans_bias43": {"write": {"device_start": -1, "host_queued_start": 1585661868.269194, "device_queued": -1, "device_end": -1, "host_queued_end": 1585661868.2724}, "device": "cpu", "nd_range": {"device_start": 2329643.757258763, "device_end": 2329643.793256243}, "cmdq": 0, "read": {"device_start": -1, "device_end": -1}}, "FFC_sans_bias40": {"write": {"device_start": -1, "host_queued_start": 1585661868.245724, "device_queued": -1, "device_end": -1, "host_queued_end": 1585661868.2724}, "device": "cpu", "nd_range": {"device_start": 2329643.283758745, "device_end": 2329643.326527432}, "cmdq": 0, "read": {"device_start": -1, "device_end": -1}}, "FFC_sans_bias46": {"write": {"device_start": -1, "host_queued_start": 1585661868.235559, "device_queued": -1, "device_end": -1, "host_queued_end": 1585661868.2724}, "device": "cpu", "nd_range": {"device_start": 2329643.042230611, "device_end": 2329643.077528358}, "cmdq": 0, "read": {"device_start": -1, "device_end": -1}}, "FFC_sans_bias47": {"write": {"device_start": -1, "host_queued_start": 1585661868.238848, "device_queued": -1, "device_end": -1, "host_queued_end": 1585661868.2724}, "device": "cpu", "nd_range": {"device_start": 2329643.077548595, "device_end": 2329643.11326181}, "cmdq": 0, "read": {"device_start": -1, "device_end": -1}}, "FFC_sans_bias45": {"write": {"device_start": -1, "host_queued_start": 1585661868.23227, "device_queued": -1, "device_end": -1, "host_queued_end": 1585661868.2724}, "device": "cpu", "nd_range": {"device_start": 2329643.006945689, "device_end": 2329643.042212785}, "cmdq": 0, "read": {"device_start": -1, "device_end": -1}}, "FFC_sans_bias49": {"write": {"device_start": -1, "host_queued_start": 1585661868.246407, "device_queued": -1, "device_end": -1, "host_queued_end": 1585661868.2724}, "device": "cpu", "nd_range": {"device_start": 2329643.3265475733, "device_end": 2329643.3692719983}, "cmdq": 0, "read": {"device_start": -1, "device_end": -1}}, "softmax77": {"write": {"device_start": -1, "host_queued_start": 1585661868.117728, "device_queued": -1, "device_end": -1, "host_queued_end": 1585661868.156985}, "device": "gpu", "nd_range": {"device_start": 1585661800.7876327, "device_end": 1585661800.795816}, "cmdq": 2, "read": {"device_start": -1, "device_end": -1}}, "empty134": {"write": {"device_start": 1585661800.666038, "host_queued_start": 1585661867.999487, "device_queued": 1585661800.6657076, "device_end": 1585661800.6663468, "host_queued_end": 1585661868.156985}, "device": "gpu", "nd_range": {"device_start": 1585661800.6663518, "device_end": 1585661800.666362}, "cmdq": 3, "read": {"device_start": -1, "device_end": -1}}, "coalesced_transpose138": {"write": {"device_start": -1, "host_queued_start": 1585661868.113575, "device_queued": -1, "device_end": -1, "host_queued_end": 1585661868.156985}, "device": "gpu", "nd_range": {"device_start": 1585661800.7777197, "device_end": 1585661800.7874615}, "cmdq": 4, "read": {"device_start": -1, "device_end": -1}}, "FFC_sans_bias119": {"write": {"device_start": 1585661800.7293622, "host_queued_start": 1585661868.089662, "device_queued": 1585661800.6733146, "device_end": 1585661800.729463, "host_queued_end": 1585661868.156985}, "device": "gpu", "nd_range": {"device_start": 1585661800.7294674, "device_end": 1585661800.7452533}, "cmdq": 3, "read": {"device_start": -1, "device_end": -1}}, "FFC_sans_bias118": {"write": {"device_start": 1585661800.7260742, "host_queued_start": 1585661868.086243, "device_queued": 1585661800.6731827, "device_end": 1585661800.7261946, "host_queued_end": 1585661868.156985}, "device": "gpu", "nd_range": {"device_start": 1585661800.726203, "device_end": 1585661800.7420006}, "cmdq": 2, "read": {"device_start": -1, "device_end": -1}}, "empty143": {"write": {"device_start": 1585661800.666356, "host_queued_start": 1585661868.002976, "device_queued": 1585661800.6660323, "device_end": 1585661800.6666977, "host_queued_end": 1585661868.156985}, "device": "gpu", "nd_range": {"device_start": 1585661800.6667092, "device_end": 1585661800.6667132}, "cmdq": 4, "read": {"device_start": -1, "device_end": -1}}, "FFC_sans_bias115": {"write": {"device_start": 1585661800.827518, "host_queued_start": 1585661868.147065, "device_queued": 1585661800.6826599, "device_end": 1585661800.8276083, "host_queued_end": 1585661868.156985}, "device": "gpu", "nd_range": {"device_start": 1585661800.8276114, "device_end": 1585661800.843206}, "cmdq": 1, "read": {"device_start": 1585661800.8432126, "device_end": 1585661800.843304}}, "FFC_sans_bias114": {"write": {"device_start": -1, "host_queued_start": 1585661868.121939, "device_queued": -1, "device_end": -1, "host_queued_end": 1585661868.156985}, "device": "gpu", "nd_range": {"device_start": 1585661800.8009, "device_end": 1585661800.8074756}, "cmdq": 1, "read": {"device_start": -1, "device_end": -1}}, "FFC_sans_bias117": {"write": {"device_start": 1585661800.7228005, "host_queued_start": 1585661868.082835, "device_queued": 1585661800.6730518, "device_end": 1585661800.7229016, "host_queued_end": 1585661868.156985}, "device": "gpu", "nd_range": {"device_start": 1585661800.7229075, "device_end": 1585661800.7387629}, "cmdq": 1, "read": {"device_start": -1, "device_end": -1}}, "softmax5": {"write": {"device_start": -1, "host_queued_start": 1585661868.246935, "device_queued": -1, "device_end": -1, "host_queued_end": 1585661868.2724}, "device": "cpu", "nd_range": {"device_start": 2329643.369291785, "device_end": 2329643.369687524}, "cmdq": 0, "read": {"device_start": -1, "device_end": -1}}, "FFC_sans_bias110": {"write": {"device_start": 1585661800.7195299, "host_queued_start": 1585661868.079347, "device_queued": 1585661800.6728, "device_end": 1585661800.7196295, "host_queued_end": 1585661868.156985}, "device": "gpu", "nd_range": {"device_start": 1585661800.7196355, "device_end": 1585661800.7354798}, "cmdq": 0, "read": {"device_start": -1, "device_end": -1}}, "FFC_sans_bias112": {"write": {"device_start": -1, "host_queued_start": 1585661868.115936, "device_queued": -1, "device_end": -1, "host_queued_end": 1585661868.156985}, "device": "gpu", "nd_range": {"device_start": 1585661800.771392, "device_end": 1585661800.7843993}, "cmdq": 1, "read": {"device_start": -1, "device_end": -1}}, "empty53": {"write": {"device_start": -1, "host_queued_start": 1585661868.178457, "device_queued": -1, "device_end": -1, "host_queued_end": 1585661868.2724}, "device": "cpu", "nd_range": {"device_start": 2329642.462038395, "device_end": 2329642.4620390274}, "cmdq": 0, "read": {"device_start": -1, "device_end": -1}}, "coalesced_transpose48": {"write": {"device_start": -1, "host_queued_start": 1585661868.242458, "device_queued": -1, "device_end": -1, "host_queued_end": 1585661868.2724}, "device": "cpu", "nd_range": {"device_start": 2329643.115262003, "device_end": 2329643.1156480443}, "cmdq": 0, "read": {"device_start": -1, "device_end": -1}}}