{"FFC_sans_bias4": {"write": {"device_start": -1, "host_queued_start": 1585662191.351682, "device_queued": -1, "device_end": -1, "host_queued_end": 1585662191.366842}, "device": "cpu", "nd_range": {"device_start": 2329965.813692482, "device_end": 2329965.927043869}, "cmdq": 0, "read": {"device_start": -1, "device_end": -1}}, "FFC_sans_bias7": {"write": {"device_start": -1, "host_queued_start": 1585662191.360142, "device_queued": -1, "device_end": -1, "host_queued_end": 1585662191.366842}, "device": "cpu", "nd_range": {"device_start": 2329966.1252405853, "device_end": 2329966.197255082}, "cmdq": 4, "read": {"device_start": -1, "device_end": -1}}, "FFC_sans_bias6": {"write": {"device_start": -1, "host_queued_start": 1585662191.35545, "device_queued": -1, "device_end": -1, "host_queued_end": 1585662191.366842}, "device": "cpu", "nd_range": {"device_start": 2329966.012508048, "device_end": 2329966.111488725}, "cmdq": 1, "read": {"device_start": -1, "device_end": -1}}, "FFC_sans_bias1": {"write": {"device_start": -1, "host_queued_start": 1585662191.323887, "device_queued": -1, "device_end": -1, "host_queued_end": 1585662191.366842}, "device": "cpu", "nd_range": {"device_start": 2329965.5570259783, "device_end": 2329965.6806383403}, "cmdq": 4, "read": {"device_start": -1, "device_end": -1}}, "FFC_sans_bias0": {"write": {"device_start": -1, "host_queued_start": 1585662191.320464, "device_queued": -1, "device_end": -1, "host_queued_end": 1585662191.366842}, "device": "cpu", "nd_range": {"device_start": 2329965.794372801, "device_end": 2329965.899348021}, "cmdq": 3, "read": {"device_start": -1, "device_end": -1}}, "FFC_sans_bias2": {"write": {"device_start": -1, "host_queued_start": 1585662191.327563, "device_queued": -1, "device_end": -1, "host_queued_end": 1585662191.366842}, "device": "cpu", "nd_range": {"device_start": 2329965.55662756, "device_end": 2329965.685582546}, "cmdq": 0, "read": {"device_start": -1, "device_end": -1}}, "coalesced_transpose120": {"write": {"device_start": -1, "host_queued_start": 1585662191.250869, "device_queued": -1, "device_end": -1, "host_queued_end": 1585662191.305407}, "device": "gpu", "nd_range": {"device_start": 1585662123.935239, "device_end": 1585662123.9352996}, "cmdq": 2, "read": {"device_start": -1, "device_end": -1}}, "FFC_sans_bias9": {"write": {"device_start": -1, "host_queued_start": 1585662191.331915, "device_queued": -1, "device_end": -1, "host_queued_end": 1585662191.366842}, "device": "cpu", "nd_range": {"device_start": 2329965.5566256363, "device_end": 2329965.690977503}, "cmdq": 1, "read": {"device_start": -1, "device_end": -1}}, "empty71": {"write": {"device_start": 1585662123.8048034, "host_queued_start": 1585662191.092811, "device_queued": 1585662123.8044126, "device_end": 1585662123.8050466, "host_queued_end": 1585662191.305407}, "device": "gpu", "nd_range": {"device_start": 1585662123.8050556, "device_end": 1585662123.8050601}, "cmdq": 4, "read": {"device_start": -1, "device_end": -1}}, "softmax41": {"write": {"device_start": -1, "host_queued_start": 1585662191.256407, "device_queued": -1, "device_end": -1, "host_queued_end": 1585662191.305407}, "device": "gpu", "nd_range": {"device_start": 1585662123.9647183, "device_end": 1585662123.9760094}, "cmdq": 4, "read": {"device_start": -1, "device_end": -1}}, "FFC_sans_bias37": {"write": {"device_start": 1585662123.80934, "host_queued_start": 1585662191.131196, "device_queued": 1585662123.8089142, "device_end": 1585662123.8094409, "host_queued_end": 1585662191.305407}, "device": "gpu", "nd_range": {"device_start": 1585662123.80973, "device_end": 1585662123.82455}, "cmdq": 2, "read": {"device_start": -1, "device_end": -1}}, "FFC_sans_bias36": {"write": {"device_start": 1585662123.8090346, "host_queued_start": 1585662191.127715, "device_queued": 1585662123.8087804, "device_end": 1585662123.8093328, "host_queued_end": 1585662191.305407}, "device": "gpu", "nd_range": {"device_start": 1585662123.8096228, "device_end": 1585662123.8212547}, "cmdq": 1, "read": {"device_start": -1, "device_end": -1}}, "FFC_sans_bias34": {"write": {"device_start": 1585662124.0117562, "host_queued_start": 1585662191.26695, "device_queued": 1585662123.8255482, "device_end": 1585662124.0118513, "host_queued_end": 1585662191.305407}, "device": "gpu", "nd_range": {"device_start": 1585662124.011878, "device_end": 1585662124.0244627}, "cmdq": 4, "read": {"device_start": 1585662124.0244687, "device_end": 1585662124.024574}}, "FFC_sans_bias33": {"write": {"device_start": -1, "host_queued_start": 1585662191.259625, "device_queued": -1, "device_end": -1, "host_queued_end": 1585662191.305407}, "device": "gpu", "nd_range": {"device_start": 1585662123.9787517, "device_end": 1585662123.9821208}, "cmdq": 1, "read": {"device_start": -1, "device_end": -1}}, "FFC_sans_bias31": {"write": {"device_start": -1, "host_queued_start": 1585662191.251818, "device_queued": -1, "device_end": -1, "host_queued_end": 1585662191.305407}, "device": "gpu", "nd_range": {"device_start": 1585662123.9352837, "device_end": 1585662123.9386356}, "cmdq": 0, "read": {"device_start": -1, "device_end": -1}}, "FFC_sans_bias38": {"write": {"device_start": 1585662123.8118773, "host_queued_start": 1585662191.134566, "device_queued": 1585662123.8093476, "device_end": 1585662123.8119738, "host_queued_end": 1585662191.305407}, "device": "gpu", "nd_range": {"device_start": 1585662123.8119764, "device_end": 1585662123.8278496}, "cmdq": 3, "read": {"device_start": -1, "device_end": -1}}, "coalesced_transpose75": {"write": {"device_start": -1, "host_queued_start": 1585662191.24927, "device_queued": -1, "device_end": -1, "host_queued_end": 1585662191.305407}, "device": "gpu", "nd_range": {"device_start": 1585662123.9350915, "device_end": 1585662123.9352171}, "cmdq": 2, "read": {"device_start": -1, "device_end": -1}}, "softmax140": {"write": {"device_start": -1, "host_queued_start": 1585662191.259311, "device_queued": -1, "device_end": -1, "host_queued_end": 1585662191.305407}, "device": "gpu", "nd_range": {"device_start": 1585662123.9794433, "device_end": 1585662123.9828937}, "cmdq": 0, "read": {"device_start": -1, "device_end": -1}}, "empty44": {"write": {"device_start": 1585662123.8038216, "host_queued_start": 1585662191.084642, "device_queued": 1585662123.803507, "device_end": 1585662123.8040578, "host_queued_end": 1585662191.305407}, "device": "gpu", "nd_range": {"device_start": 1585662123.8044612, "device_end": 1585662123.8044834}, "cmdq": 1, "read": {"device_start": -1, "device_end": -1}}, "FFC_sans_bias137": {"write": {"device_start": 1585662123.9160986, "host_queued_start": 1585662191.244022, "device_queued": 1585662123.817901, "device_end": 1585662123.9161954, "host_queued_end": 1585662191.305407}, "device": "gpu", "nd_range": {"device_start": 1585662123.9162073, "device_end": 1585662123.9320464}, "cmdq": 0, "read": {"device_start": -1, "device_end": -1}}, "empty8": {"write": {"device_start": -1, "host_queued_start": 1585662191.310801, "device_queued": -1, "device_end": -1, "host_queued_end": 1585662191.366842}, "device": "cpu", "nd_range": {"device_start": 2329965.5565938023, "device_end": 2329965.55660386}, "cmdq": 0, "read": {"device_start": -1, "device_end": -1}}, "softmax50": {"write": {"device_start": -1, "host_queued_start": 1585662191.256658, "device_queued": -1, "device_end": -1, "host_queued_end": 1585662191.305407}, "device": "gpu", "nd_range": {"device_start": 1585662123.9680047, "device_end": 1585662123.976034}, "cmdq": 0, "read": {"device_start": -1, "device_end": -1}}, "softmax59": {"write": {"device_start": -1, "host_queued_start": 1585662191.256967, "device_queued": -1, "device_end": -1, "host_queued_end": 1585662191.305407}, "device": "gpu", "nd_range": {"device_start": 1585662123.9778767, "device_end": 1585662123.9782941}, "cmdq": 1, "read": {"device_start": -1, "device_end": -1}}, "FFC_sans_bias142": {"write": {"device_start": 1585662124.050965, "host_queued_start": 1585662191.305263, "device_queued": 1585662123.8299952, "device_end": 1585662124.051064, "host_queued_end": 1585662191.305407}, "device": "gpu", "nd_range": {"device_start": 1585662124.0510852, "device_end": 1585662124.0634031}, "cmdq": 1, "read": {"device_start": 1585662124.063408, "device_end": 1585662124.0634997}}, "FFC_sans_bias141": {"write": {"device_start": -1, "host_queued_start": 1585662191.263629, "device_queued": -1, "device_end": -1, "host_queued_end": 1585662191.305407}, "device": "gpu", "nd_range": {"device_start": 1585662124.014771, "device_end": 1585662124.0277355}, "cmdq": 3, "read": {"device_start": -1, "device_end": -1}}, "FFC_sans_bias24": {"write": {"device_start": -1, "host_queued_start": 1585662191.356646, "device_queued": -1, "device_end": -1, "host_queued_end": 1585662191.366842}, "device": "cpu", "nd_range": {"device_start": 2329965.9667264363, "device_end": 2329966.084440596}, "cmdq": 3, "read": {"device_start": -1, "device_end": -1}}, "FFC_sans_bias25": {"write": {"device_start": -1, "host_queued_start": 1585662191.366707, "device_queued": -1, "device_end": -1, "host_queued_end": 1585662191.366842}, "device": "cpu", "nd_range": {"device_start": 2329966.1115049412, "device_end": 2329966.214227455}, "cmdq": 1, "read": {"device_start": -1, "device_end": -1}}, "FFC_sans_bias27": {"write": {"device_start": 1585662123.8078709, "host_queued_start": 1585662191.117517, "device_queued": 1585662123.8074384, "device_end": 1585662123.8081052, "host_queued_end": 1585662191.305407}, "device": "gpu", "nd_range": {"device_start": 1585662123.808137, "device_end": 1585662123.8115077}, "cmdq": 3, "read": {"device_start": -1, "device_end": -1}}, "FFC_sans_bias20": {"write": {"device_start": -1, "host_queued_start": 1585662191.349118, "device_queued": -1, "device_end": -1, "host_queued_end": 1585662191.366842}, "device": "cpu", "nd_range": {"device_start": 2329965.691169999, "device_end": 2329965.821025351}, "cmdq": 1, "read": {"device_start": -1, "device_end": -1}}, "FFC_sans_bias22": {"write": {"device_start": -1, "host_queued_start": 1585662191.352909, "device_queued": -1, "device_end": -1, "host_queued_end": 1585662191.366842}, "device": "cpu", "nd_range": {"device_start": 2329965.8211310543, "device_end": 2329965.925122906}, "cmdq": 2, "read": {"device_start": -1, "device_end": -1}}, "FFC_sans_bias130": {"write": {"device_start": -1, "host_queued_start": 1585662191.255579, "device_queued": -1, "device_end": -1, "host_queued_end": 1585662191.305407}, "device": "gpu", "nd_range": {"device_start": 1585662123.974443, "device_end": 1585662123.977855}, "cmdq": 1, "read": {"device_start": -1, "device_end": -1}}, "FFC_sans_bias28": {"write": {"device_start": 1585662123.8081913, "host_queued_start": 1585662191.120984, "device_queued": 1585662123.8077564, "device_end": 1585662123.8083017, "host_queued_end": 1585662191.305407}, "device": "gpu", "nd_range": {"device_start": 1585662123.8083186, "device_end": 1585662123.814811}, "cmdq": 4, "read": {"device_start": -1, "device_end": -1}}, "FFC_sans_bias29": {"write": {"device_start": 1585662123.8086705, "host_queued_start": 1585662191.124402, "device_queued": 1585662123.8084164, "device_end": 1585662123.8087707, "host_queued_end": 1585662191.305407}, "device": "gpu", "nd_range": {"device_start": 1585662123.8087761, "device_end": 1585662123.8180847}, "cmdq": 0, "read": {"device_start": -1, "device_end": -1}}, "coalesced_transpose66": {"write": {"device_start": -1, "host_queued_start": 1585662191.248964, "device_queued": -1, "device_end": -1, "host_queued_end": 1585662191.305407}, "device": "gpu", "nd_range": {"device_start": 1585662123.9352946, "device_end": 1585662123.9384713}, "cmdq": 1, "read": {"device_start": -1, "device_end": -1}}, "coalesced_transpose93": {"write": {"device_start": -1, "host_queued_start": 1585662191.24989, "device_queued": -1, "device_end": -1, "host_queued_end": 1585662191.305407}, "device": "gpu", "nd_range": {"device_start": 1585662123.9351676, "device_end": 1585662123.9352505}, "cmdq": 4, "read": {"device_start": -1, "device_end": -1}}, "softmax23": {"write": {"device_start": -1, "host_queued_start": 1585662191.354852, "device_queued": -1, "device_end": -1, "host_queued_end": 1585662191.366842}, "device": "cpu", "nd_range": {"device_start": 2329965.927207353, "device_end": 2329965.927948195}, "cmdq": 0, "read": {"device_start": -1, "device_end": -1}}, "empty62": {"write": {"device_start": 1585662123.8044672, "host_queued_start": 1585662191.090096, "device_queued": 1585662123.8040783, "device_end": 1585662123.8047972, "host_queued_end": 1585662191.305407}, "device": "gpu", "nd_range": {"device_start": 1585662123.804815, "device_end": 1585662123.804827}, "cmdq": 3, "read": {"device_start": -1, "device_end": -1}}, "FFC_sans_bias10": {"write": {"device_start": -1, "host_queued_start": 1585662191.335428, "device_queued": -1, "device_end": -1, "host_queued_end": 1585662191.366842}, "device": "cpu", "nd_range": {"device_start": 2329965.55662593, "device_end": 2329965.793397127}, "cmdq": 2, "read": {"device_start": -1, "device_end": -1}}, "FFC_sans_bias13": {"write": {"device_start": -1, "host_queued_start": 1585662191.352296, "device_queued": -1, "device_end": -1, "host_queued_end": 1585662191.366842}, "device": "cpu", "nd_range": {"device_start": 2329965.958351029, "device_end": 2329966.012487376}, "cmdq": 1, "read": {"device_start": -1, "device_end": -1}}, "FFC_sans_bias15": {"write": {"device_start": -1, "host_queued_start": 1585662191.356057, "device_queued": -1, "device_end": -1, "host_queued_end": 1585662191.366842}, "device": "cpu", "nd_range": {"device_start": 2329966.0215155142, "device_end": 2329966.095424559}, "cmdq": 2, "read": {"device_start": -1, "device_end": -1}}, "FFC_sans_bias16": {"write": {"device_start": -1, "host_queued_start": 1585662191.363439, "device_queued": -1, "device_end": -1, "host_queued_end": 1585662191.366842}, "device": "cpu", "nd_range": {"device_start": 2329966.097548991, "device_end": 2329966.206425499}, "cmdq": 0, "read": {"device_start": -1, "device_end": -1}}, "FFC_sans_bias19": {"write": {"device_start": -1, "host_queued_start": 1585662191.34581, "device_queued": -1, "device_end": -1, "host_queued_end": 1585662191.366842}, "device": "cpu", "nd_range": {"device_start": 2329965.68580727, "device_end": 2329965.813490013}, "cmdq": 0, "read": {"device_start": -1, "device_end": -1}}, "FFC_sans_bias18": {"write": {"device_start": -1, "host_queued_start": 1585662191.342489, "device_queued": -1, "device_end": -1, "host_queued_end": 1585662191.366842}, "device": "cpu", "nd_range": {"device_start": 2329965.680669058, "device_end": 2329965.804814714}, "cmdq": 4, "read": {"device_start": -1, "device_end": -1}}, "FFC_sans_bias99": {"write": {"device_start": 1585662123.8736866, "host_queued_start": 1585662191.199646, "device_queued": 1585662123.8143642, "device_end": 1585662123.8737953, "host_queued_end": 1585662191.305407}, "device": "gpu", "nd_range": {"device_start": 1585662123.8738072, "device_end": 1585662123.8898146}, "cmdq": 2, "read": {"device_start": -1, "device_end": -1}}, "FFC_sans_bias91": {"write": {"device_start": 1585662123.8721461, "host_queued_start": 1585662191.192834, "device_queued": 1585662123.8139648, "device_end": 1585662123.8724566, "host_queued_end": 1585662191.305407}, "device": "gpu", "nd_range": {"device_start": 1585662123.872466, "device_end": 1585662123.883157}, "cmdq": 0, "read": {"device_start": -1, "device_end": -1}}, "FFC_sans_bias90": {"write": {"device_start": 1585662123.8639963, "host_queued_start": 1585662191.189408, "device_queued": 1585662123.8133893, "device_end": 1585662123.8641121, "host_queued_end": 1585662191.305407}, "device": "gpu", "nd_range": {"device_start": 1585662123.8641224, "device_end": 1585662123.8798943}, "cmdq": 4, "read": {"device_start": -1, "device_end": -1}}, "coalesced_transpose12": {"write": {"device_start": -1, "host_queued_start": 1585662191.350115, "device_queued": -1, "device_end": -1, "host_queued_end": 1585662191.366842}, "device": "cpu", "nd_range": {"device_start": 2329965.957872766, "device_end": 2329965.958341312}, "cmdq": 3, "read": {"device_start": -1, "device_end": -1}}, "FFC_sans_bias94": {"write": {"device_start": -1, "host_queued_start": 1585662191.254235, "device_queued": -1, "device_end": -1, "host_queued_end": 1585662191.305407}, "device": "gpu", "nd_range": {"device_start": 1585662123.9419901, "device_end": 1585662123.9550185}, "cmdq": 2, "read": {"device_start": -1, "device_end": -1}}, "FFC_sans_bias97": {"write": {"device_start": 1585662124.0347974, "host_queued_start": 1585662191.289529, "device_queued": 1585662123.8287013, "device_end": 1585662124.0348945, "host_queued_end": 1585662191.305407}, "device": "gpu", "nd_range": {"device_start": 1585662124.0349135, "device_end": 1585662124.0504065}, "cmdq": 1, "read": {"device_start": 1585662124.0504107, "device_end": 1585662124.0505116}}, "FFC_sans_bias96": {"write": {"device_start": -1, "host_queued_start": 1585662191.261941, "device_queued": -1, "device_end": -1, "host_queued_end": 1585662191.305407}, "device": "gpu", "nd_range": {"device_start": 1585662123.9985228, "device_end": 1585662124.0147505}, "cmdq": 3, "read": {"device_start": -1, "device_end": -1}}, "FFC_sans_bias124": {"write": {"device_start": 1585662124.0444949, "host_queued_start": 1585662191.299002, "device_queued": 1585662123.8291407, "device_end": 1585662124.0445924, "host_queued_end": 1585662191.305407}, "device": "gpu", "nd_range": {"device_start": 1585662124.0446122, "device_end": 1585662124.0601943}, "cmdq": 4, "read": {"device_start": 1585662124.0601985, "device_end": 1585662124.0602996}}, "FFC_sans_bias126": {"write": {"device_start": 1585662123.906413, "host_queued_start": 1585662191.233688, "device_queued": 1585662123.817043, "device_end": 1585662123.9065094, "host_queued_end": 1585662191.305407}, "device": "gpu", "nd_range": {"device_start": 1585662123.906523, "device_end": 1585662123.9223228}, "cmdq": 2, "read": {"device_start": -1, "device_end": -1}}, "softmax32": {"write": {"device_start": -1, "host_queued_start": 1585662191.256155, "device_queued": -1, "device_end": -1, "host_queued_end": 1585662191.305407}, "device": "gpu", "nd_range": {"device_start": 1585662123.9614742, "device_end": 1585662123.9759843}, "cmdq": 3, "read": {"device_start": -1, "device_end": -1}}, "coalesced_transpose84": {"write": {"device_start": -1, "host_queued_start": 1585662191.249583, "device_queued": -1, "device_end": -1, "host_queued_end": 1585662191.305407}, "device": "gpu", "nd_range": {"device_start": 1585662123.935138, "device_end": 1585662123.935244}, "cmdq": 3, "read": {"device_start": -1, "device_end": -1}}, "FFC_sans_bias121": {"write": {"device_start": -1, "host_queued_start": 1585662191.255263, "device_queued": -1, "device_end": -1, "host_queued_end": 1585662191.305407}, "device": "gpu", "nd_range": {"device_start": 1585662123.951729, "device_end": 1585662123.967984}, "cmdq": 0, "read": {"device_start": -1, "device_end": -1}}, "empty98": {"write": {"device_start": 1585662123.8057325, "host_queued_start": 1585662191.100808, "device_queued": 1585662123.805397, "device_end": 1585662123.805984, "host_queued_end": 1585662191.305407}, "device": "gpu", "nd_range": {"device_start": 1585662123.8060858, "device_end": 1585662123.806133}, "cmdq": 2, "read": {"device_start": -1, "device_end": -1}}, "empty107": {"write": {"device_start": 1585662123.806031, "host_queued_start": 1585662191.103928, "device_queued": 1585662123.8057191, "device_end": 1585662123.8063335, "host_queued_end": 1585662191.305407}, "device": "gpu", "nd_range": {"device_start": 1585662123.8063533, "device_end": 1585662123.8063807}, "cmdq": 3, "read": {"device_start": -1, "device_end": -1}}, "empty17": {"write": {"device_start": -1, "host_queued_start": 1585662191.314146, "device_queued": -1, "device_end": -1, "host_queued_end": 1585662191.366842}, "device": "cpu", "nd_range": {"device_start": 2329965.556604333, "device_end": 2329965.5566087672}, "cmdq": 1, "read": {"device_start": -1, "device_end": -1}}, "FFC_sans_bias87": {"write": {"device_start": -1, "host_queued_start": 1585662191.261626, "device_queued": -1, "device_end": -1, "host_queued_end": 1585662191.305407}, "device": "gpu", "nd_range": {"device_start": 1585662123.985494, "device_end": 1585662124.0017655}, "cmdq": 2, "read": {"device_start": -1, "device_end": -1}}, "FFC_sans_bias85": {"write": {"device_start": -1, "host_queued_start": 1585662191.253907, "device_queued": -1, "device_end": -1, "host_queued_end": 1585662191.305407}, "device": "gpu", "nd_range": {"device_start": 1585662123.9582772, "device_end": 1585662123.974423}, "cmdq": 1, "read": {"device_start": -1, "device_end": -1}}, "FFC_sans_bias82": {"write": {"device_start": 1585662123.8574314, "host_queued_start": 1585662191.182644, "device_queued": 1585662123.813115, "device_end": 1585662123.857533, "host_queued_end": 1585662191.305407}, "device": "gpu", "nd_range": {"device_start": 1585662123.857544, "device_end": 1585662123.8733847}, "cmdq": 2, "read": {"device_start": -1, "device_end": -1}}, "FFC_sans_bias83": {"write": {"device_start": 1585662123.8606994, "host_queued_start": 1585662191.186046, "device_queued": 1585662123.8132608, "device_end": 1585662123.860802, "host_queued_end": 1585662191.305407}, "device": "gpu", "nd_range": {"device_start": 1585662123.8608074, "device_end": 1585662123.8766248}, "cmdq": 3, "read": {"device_start": -1, "device_end": -1}}, "FFC_sans_bias81": {"write": {"device_start": 1585662123.8541644, "host_queued_start": 1585662191.179173, "device_queued": 1585662123.8129542, "device_end": 1585662123.8542624, "host_queued_end": 1585662191.305407}, "device": "gpu", "nd_range": {"device_start": 1585662123.8542712, "device_end": 1585662123.8700953}, "cmdq": 1, "read": {"device_start": -1, "device_end": -1}}, "FFC_sans_bias88": {"write": {"device_start": 1585662124.021861, "host_queued_start": 1585662191.286385, "device_queued": 1585662123.8278193, "device_end": 1585662124.0219586, "host_queued_end": 1585662191.305407}, "device": "gpu", "nd_range": {"device_start": 1585662124.0219812, "device_end": 1585662124.0374582}, "cmdq": 0, "read": {"device_start": 1585662124.0410764, "device_end": 1585662124.041318}}, "coalesced_transpose30": {"write": {"device_start": -1, "host_queued_start": 1585662191.247726, "device_queued": -1, "device_end": -1, "host_queued_end": 1585662191.305407}, "device": "gpu", "nd_range": {"device_start": 1585662123.9223254, "device_end": 1585662123.9350836}, "cmdq": 2, "read": {"device_start": -1, "device_end": -1}}, "FFC_sans_bias128": {"write": {"device_start": 1585662123.9031062, "host_queued_start": 1585662191.230334, "device_queued": 1585662123.816907, "device_end": 1585662123.903203, "host_queued_end": 1585662191.305407}, "device": "gpu", "nd_range": {"device_start": 1585662123.9032152, "device_end": 1585662123.9190583}, "cmdq": 1, "read": {"device_start": -1, "device_end": -1}}, "coalesced_transpose39": {"write": {"device_start": -1, "host_queued_start": 1585662191.248046, "device_queued": -1, "device_end": -1, "host_queued_end": 1585662191.305407}, "device": "gpu", "nd_range": {"device_start": 1585662123.9255729, "device_end": 1585662123.9351268}, "cmdq": 3, "read": {"device_start": -1, "device_end": -1}}, "FFC_sans_bias79": {"write": {"device_start": 1585662124.0283675, "host_queued_start": 1585662191.283245, "device_queued": 1585662123.8272421, "device_end": 1585662124.0284636, "host_queued_end": 1585662191.305407}, "device": "gpu", "nd_range": {"device_start": 1585662124.0284877, "device_end": 1585662124.0439577}, "cmdq": 4, "read": {"device_start": 1585662124.0439606, "device_end": 1585662124.044057}}, "FFC_sans_bias78": {"write": {"device_start": -1, "host_queued_start": 1585662191.26129, "device_queued": -1, "device_end": -1, "host_queued_end": 1585662191.305407}, "device": "gpu", "nd_range": {"device_start": 1585662123.9821405, "device_end": 1585662123.9887846}, "cmdq": 1, "read": {"device_start": -1, "device_end": -1}}, "FFC_sans_bias73": {"write": {"device_start": 1585662123.8478155, "host_queued_start": 1585662191.172485, "device_queued": 1585662123.8121383, "device_end": 1585662123.8479154, "host_queued_end": 1585662191.305407}, "device": "gpu", "nd_range": {"device_start": 1585662123.847919, "device_end": 1585662123.8635724}, "cmdq": 4, "read": {"device_start": -1, "device_end": -1}}, "FFC_sans_bias72": {"write": {"device_start": 1585662123.8444746, "host_queued_start": 1585662191.169076, "device_queued": 1585662123.8119943, "device_end": 1585662123.84458, "host_queued_end": 1585662191.305407}, "device": "gpu", "nd_range": {"device_start": 1585662123.844588, "device_end": 1585662123.86033}, "cmdq": 3, "read": {"device_start": -1, "device_end": -1}}, "FFC_sans_bias70": {"write": {"device_start": 1585662124.0280037, "host_queued_start": 1585662191.280054, "device_queued": 1585662123.8265202, "device_end": 1585662124.0281034, "host_queued_end": 1585662191.305407}, "device": "gpu", "nd_range": {"device_start": 1585662124.0281298, "device_end": 1585662124.0406957}, "cmdq": 3, "read": {"device_start": 1585662124.0407016, "device_end": 1585662124.0408103}}, "FFC_sans_bias76": {"write": {"device_start": -1, "host_queued_start": 1585662191.253493, "device_queued": -1, "device_end": -1, "host_queued_end": 1585662191.305407}, "device": "gpu", "nd_range": {"device_start": 1585662123.9386585, "device_end": 1585662123.9517078}, "cmdq": 0, "read": {"device_start": -1, "device_end": -1}}, "FFC_sans_bias74": {"write": {"device_start": 1585662123.8510468, "host_queued_start": 1585662191.175797, "device_queued": 1585662123.8127067, "device_end": 1585662123.851147, "host_queued_end": 1585662191.305407}, "device": "gpu", "nd_range": {"device_start": 1585662123.8511577, "device_end": 1585662123.8668804}, "cmdq": 0, "read": {"device_start": -1, "device_end": -1}}, "coalesced_transpose102": {"write": {"device_start": -1, "host_queued_start": 1585662191.250253, "device_queued": -1, "device_end": -1, "host_queued_end": 1585662191.305407}, "device": "gpu", "nd_range": {"device_start": 1585662123.9352071, "device_end": 1585662123.9352548}, "cmdq": 0, "read": {"device_start": -1, "device_end": -1}}, "coalesced_transpose3": {"write": {"device_start": -1, "host_queued_start": 1585662191.349508, "device_queued": -1, "device_end": -1, "host_queued_end": 1585662191.366842}, "device": "cpu", "nd_range": {"device_start": 2329965.793422569, "device_end": 2329965.79435937}, "cmdq": 2, "read": {"device_start": -1, "device_end": -1}}, "FFC_sans_bias127": {"write": {"device_start": 1585662123.9095666, "host_queued_start": 1585662191.237169, "device_queued": 1585662123.8171775, "device_end": 1585662123.909663, "host_queued_end": 1585662191.305407}, "device": "gpu", "nd_range": {"device_start": 1585662123.9096673, "device_end": 1585662123.9255717}, "cmdq": 3, "read": {"device_start": -1, "device_end": -1}}, "empty89": {"write": {"device_start": 1585662123.805438, "host_queued_start": 1585662191.098134, "device_queued": 1585662123.8050842, "device_end": 1585662123.8056974, "host_queued_end": 1585662191.305407}, "device": "gpu", "nd_range": {"device_start": 1585662123.806052, "device_end": 1585662123.8061118}, "cmdq": 1, "read": {"device_start": -1, "device_end": -1}}, "FFC_sans_bias123": {"write": {"device_start": -1, "host_queued_start": 1585662191.262935, "device_queued": -1, "device_end": -1, "host_queued_end": 1585662191.305407}, "device": "gpu", "nd_range": {"device_start": 1585662123.9888065, "device_end": 1585662124.0049527}, "cmdq": 1, "read": {"device_start": -1, "device_end": -1}}, "empty80": {"write": {"device_start": 1585662123.8051338, "host_queued_start": 1585662191.095475, "device_queued": 1585662123.8048177, "device_end": 1585662123.805379, "host_queued_end": 1585662191.305407}, "device": "gpu", "nd_range": {"device_start": 1585662123.805388, "device_end": 1585662123.8053918}, "cmdq": 0, "read": {"device_start": -1, "device_end": -1}}, "empty116": {"write": {"device_start": 1585662123.8063385, "host_queued_start": 1585662191.106629, "device_queued": 1585662123.8059993, "device_end": 1585662123.806662, "host_queued_end": 1585662191.305407}, "device": "gpu", "nd_range": {"device_start": 1585662123.8066654, "device_end": 1585662123.8066733}, "cmdq": 4, "read": {"device_start": -1, "device_end": -1}}, "softmax104": {"write": {"device_start": -1, "host_queued_start": 1585662191.258228, "device_queued": -1, "device_end": -1, "host_queued_end": 1585662191.305407}, "device": "gpu", "nd_range": {"device_start": 1585662123.9783163, "device_end": 1585662123.9787312}, "cmdq": 1, "read": {"device_start": -1, "device_end": -1}}, "coalesced_transpose21": {"write": {"device_start": -1, "host_queued_start": 1585662191.351042, "device_queued": -1, "device_end": -1, "host_queued_end": 1585662191.366842}, "device": "cpu", "nd_range": {"device_start": 2329965.820189345, "device_end": 2329965.821117651}, "cmdq": 4, "read": {"device_start": -1, "device_end": -1}}, "softmax14": {"write": {"device_start": -1, "host_queued_start": 1585662191.354232, "device_queued": -1, "device_end": -1, "host_queued_end": 1585662191.366842}, "device": "cpu", "nd_range": {"device_start": 2329966.020764192, "device_end": 2329966.021492098}, "cmdq": 4, "read": {"device_start": -1, "device_end": -1}}, "FFC_sans_bias69": {"write": {"device_start": -1, "host_queued_start": 1585662191.260946, "device_queued": -1, "device_end": -1, "host_queued_end": 1585662191.305407}, "device": "gpu", "nd_range": {"device_start": 1585662123.982915, "device_end": 1585662123.992023}, "cmdq": 0, "read": {"device_start": -1, "device_end": -1}}, "FFC_sans_bias92": {"write": {"device_start": 1585662123.8724592, "host_queued_start": 1585662191.196222, "device_queued": 1585662123.8142142, "device_end": 1585662123.872574, "host_queued_end": 1585662191.305407}, "device": "gpu", "nd_range": {"device_start": 1585662123.8725784, "device_end": 1585662123.8864775}, "cmdq": 1, "read": {"device_start": -1, "device_end": -1}}, "FFC_sans_bias60": {"write": {"device_start": -1, "host_queued_start": 1585662191.260615, "device_queued": -1, "device_end": -1, "host_queued_end": 1585662191.305407}, "device": "gpu", "nd_range": {"device_start": 1585662123.983664, "device_end": 1585662123.9952476}, "cmdq": 4, "read": {"device_start": -1, "device_end": -1}}, "FFC_sans_bias61": {"write": {"device_start": 1585662124.0182219, "host_queued_start": 1585662191.276941, "device_queued": 1585662123.8263707, "device_end": 1585662124.0183191, "host_queued_end": 1585662191.305407}, "device": "gpu", "nd_range": {"device_start": 1585662124.0183413, "device_end": 1585662124.0309513}, "cmdq": 2, "read": {"device_start": 1585662124.0309567, "device_end": 1585662124.0310647}}, "FFC_sans_bias63": {"write": {"device_start": 1585662123.841178, "host_queued_start": 1585662191.165703, "device_queued": 1585662123.811749, "device_end": 1585662123.8412807, "host_queued_end": 1585662191.305407}, "device": "gpu", "nd_range": {"device_start": 1585662123.8412907, "device_end": 1585662123.857077}, "cmdq": 2, "read": {"device_start": -1, "device_end": -1}}, "FFC_sans_bias64": {"write": {"device_start": 1585662123.8346853, "host_queued_start": 1585662191.158782, "device_queued": 1585662123.8113194, "device_end": 1585662123.8347862, "host_queued_end": 1585662191.305407}, "device": "gpu", "nd_range": {"device_start": 1585662123.8347917, "device_end": 1585662123.8506217}, "cmdq": 0, "read": {"device_start": -1, "device_end": -1}}, "FFC_sans_bias65": {"write": {"device_start": 1585662123.837915, "host_queued_start": 1585662191.162247, "device_queued": 1585662123.8116055, "device_end": 1585662123.8380172, "host_queued_end": 1585662191.305407}, "device": "gpu", "nd_range": {"device_start": 1585662123.838025, "device_end": 1585662123.8538141}, "cmdq": 1, "read": {"device_start": -1, "device_end": -1}}, "FFC_sans_bias67": {"write": {"device_start": -1, "host_queued_start": 1585662191.253176, "device_queued": -1, "device_end": -1, "host_queued_end": 1585662191.305407}, "device": "gpu", "nd_range": {"device_start": 1585662123.9385035, "device_end": 1585662123.948427}, "cmdq": 4, "read": {"device_start": -1, "device_end": -1}}, "coalesced_transpose111": {"write": {"device_start": -1, "host_queued_start": 1585662191.250553, "device_queued": -1, "device_end": -1, "host_queued_end": 1585662191.305407}, "device": "gpu", "nd_range": {"device_start": 1585662123.9384723, "device_end": 1585662123.945026}, "cmdq": 1, "read": {"device_start": -1, "device_end": -1}}, "FFC_sans_bias136": {"write": {"device_start": 1585662123.9128215, "host_queued_start": 1585662191.240557, "device_queued": 1585662123.81731, "device_end": 1585662123.9129171, "host_queued_end": 1585662191.305407}, "device": "gpu", "nd_range": {"device_start": 1585662123.9129248, "device_end": 1585662123.9287949}, "cmdq": 4, "read": {"device_start": -1, "device_end": -1}}, "FFC_sans_bias135": {"write": {"device_start": 1585662123.9193466, "host_queued_start": 1585662191.24738, "device_queued": 1585662123.8182642, "device_end": 1585662123.9194446, "host_queued_end": 1585662191.305407}, "device": "gpu", "nd_range": {"device_start": 1585662123.9194524, "device_end": 1585662123.9352887}, "cmdq": 1, "read": {"device_start": -1, "device_end": -1}}, "FFC_sans_bias133": {"write": {"device_start": 1585662124.0418825, "host_queued_start": 1585662191.302157, "device_queued": 1585662123.829712, "device_end": 1585662124.0419788, "host_queued_end": 1585662191.305407}, "device": "gpu", "nd_range": {"device_start": 1585662124.0420022, "device_end": 1585662124.0569174}, "cmdq": 0, "read": {"device_start": 1585662124.0605464, "device_end": 1585662124.0606422}}, "FFC_sans_bias132": {"write": {"device_start": -1, "host_queued_start": 1585662191.263259, "device_queued": -1, "device_end": -1, "host_queued_end": 1585662191.305407}, "device": "gpu", "nd_range": {"device_start": 1585662124.0017858, "device_end": 1585662124.0179577}, "cmdq": 2, "read": {"device_start": -1, "device_end": -1}}, "softmax68": {"write": {"device_start": -1, "host_queued_start": 1585662191.257214, "device_queued": -1, "device_end": -1, "host_queued_end": 1585662191.305407}, "device": "gpu", "nd_range": {"device_start": 1585662123.9712412, "device_end": 1585662123.976059}, "cmdq": 2, "read": {"device_start": -1, "device_end": -1}}, "softmax131": {"write": {"device_start": -1, "host_queued_start": 1585662191.259012, "device_queued": -1, "device_end": -1, "host_queued_end": 1585662191.305407}, "device": "gpu", "nd_range": {"device_start": 1585662123.9793928, "device_end": 1585662123.9836428}, "cmdq": 4, "read": {"device_start": -1, "device_end": -1}}, "empty125": {"write": {"device_start": 1585662123.8068044, "host_queued_start": 1585662191.109295, "device_queued": 1585662123.8063524, "device_end": 1585662123.8071308, "host_queued_end": 1585662191.305407}, "device": "gpu", "nd_range": {"device_start": 1585662123.8071404, "device_end": 1585662123.8071444}, "cmdq": 0, "read": {"device_start": -1, "device_end": -1}}, "FFC_sans_bias139": {"write": {"device_start": -1, "host_queued_start": 1585662191.255898, "device_queued": -1, "device_end": -1, "host_queued_end": 1585662191.305407}, "device": "gpu", "nd_range": {"device_start": 1585662123.9550407, "device_end": 1585662123.9712212}, "cmdq": 2, "read": {"device_start": -1, "device_end": -1}}, "empty35": {"write": {"device_start": 1585662123.803395, "host_queued_start": 1585662191.081101, "device_queued": 1585662123.8030593, "device_end": 1585662123.8034925, "host_queued_end": 1585662191.305407}, "device": "gpu", "nd_range": {"device_start": 1585662123.8034952, "device_end": 1585662123.8035}, "cmdq": 0, "read": {"device_start": -1, "device_end": -1}}, "softmax86": {"write": {"device_start": -1, "host_queued_start": 1585662191.257713, "device_queued": -1, "device_end": -1, "host_queued_end": 1585662191.305407}, "device": "gpu", "nd_range": {"device_start": 1585662123.9760303, "device_end": 1585662123.9793706}, "cmdq": 4, "read": {"device_start": -1, "device_end": -1}}, "FFC_sans_bias55": {"write": {"device_start": 1585662123.831423, "host_queued_start": 1585662191.155251, "device_queued": 1585662123.8107183, "device_end": 1585662123.831524, "host_queued_end": 1585662191.305407}, "device": "gpu", "nd_range": {"device_start": 1585662123.8315327, "device_end": 1585662123.847335}, "cmdq": 4, "read": {"device_start": -1, "device_end": -1}}, "FFC_sans_bias54": {"write": {"device_start": 1585662123.8283613, "host_queued_start": 1585662191.151825, "device_queued": 1585662123.8105888, "device_end": 1585662123.8285148, "host_queued_end": 1585662191.305407}, "device": "gpu", "nd_range": {"device_start": 1585662123.828523, "device_end": 1585662123.844079}, "cmdq": 3, "read": {"device_start": -1, "device_end": -1}}, "FFC_sans_bias56": {"write": {"device_start": 1585662123.8249006, "host_queued_start": 1585662191.148405, "device_queued": 1585662123.8104014, "device_end": 1585662123.8249993, "host_queued_end": 1585662191.305407}, "device": "gpu", "nd_range": {"device_start": 1585662123.825007, "device_end": 1585662123.8408282}, "cmdq": 2, "read": {"device_start": -1, "device_end": -1}}, "FFC_sans_bias51": {"write": {"device_start": -1, "host_queued_start": 1585662191.260269, "device_queued": -1, "device_end": -1, "host_queued_end": 1585662191.305407}, "device": "gpu", "nd_range": {"device_start": 1585662123.9836955, "device_end": 1585662123.998502}, "cmdq": 3, "read": {"device_start": -1, "device_end": -1}}, "FFC_sans_bias52": {"write": {"device_start": 1585662124.0185857, "host_queued_start": 1585662191.273739, "device_queued": 1585662123.8268116, "device_end": 1585662124.0186832, "host_queued_end": 1585662191.305407}, "device": "gpu", "nd_range": {"device_start": 1585662124.0187035, "device_end": 1585662124.0342124}, "cmdq": 1, "read": {"device_start": 1585662124.03422, "device_end": 1585662124.034325}}, "FFC_sans_bias58": {"write": {"device_start": -1, "host_queued_start": 1585662191.252857, "device_queued": -1, "device_end": -1, "host_queued_end": 1585662191.305407}, "device": "gpu", "nd_range": {"device_start": 1585662123.935352, "device_end": 1585662123.9452636}, "cmdq": 3, "read": {"device_start": -1, "device_end": -1}}, "FFC_sans_bias108": {"write": {"device_start": 1585662123.8834329, "host_queued_start": 1585662191.209858, "device_queued": 1585662123.8153412, "device_end": 1585662123.8835306, "host_queued_end": 1585662191.305407}, "device": "gpu", "nd_range": {"device_start": 1585662123.8835413, "device_end": 1585662123.8995326}, "cmdq": 0, "read": {"device_start": -1, "device_end": -1}}, "FFC_sans_bias109": {"write": {"device_start": 1585662123.8867638, "host_queued_start": 1585662191.213238, "device_queued": 1585662123.8156233, "device_end": 1585662123.8868632, "host_queued_end": 1585662191.305407}, "device": "gpu", "nd_range": {"device_start": 1585662123.8868713, "device_end": 1585662123.902837}, "cmdq": 1, "read": {"device_start": -1, "device_end": -1}}, "coalesced_transpose129": {"write": {"device_start": -1, "host_queued_start": 1585662191.251176, "device_queued": -1, "device_end": -1, "host_queued_end": 1585662191.305407}, "device": "gpu", "nd_range": {"device_start": 1585662123.9352455, "device_end": 1585662123.935328}, "cmdq": 3, "read": {"device_start": -1, "device_end": -1}}, "FFC_sans_bias103": {"write": {"device_start": -1, "host_queued_start": 1585662191.254609, "device_queued": -1, "device_end": -1, "host_queued_end": 1585662191.305407}, "device": "gpu", "nd_range": {"device_start": 1585662123.945286, "device_end": 1585662123.9614522}, "cmdq": 3, "read": {"device_start": -1, "device_end": -1}}, "FFC_sans_bias100": {"write": {"device_start": 1585662123.8769183, "host_queued_start": 1585662191.20305, "device_queued": 1585662123.8144953, "device_end": 1585662123.8770187, "host_queued_end": 1585662191.305407}, "device": "gpu", "nd_range": {"device_start": 1585662123.8770263, "device_end": 1585662123.8931234}, "cmdq": 3, "read": {"device_start": -1, "device_end": -1}}, "FFC_sans_bias101": {"write": {"device_start": 1585662123.880169, "host_queued_start": 1585662191.20644, "device_queued": 1585662123.8146248, "device_end": 1585662123.8802655, "host_queued_end": 1585662191.305407}, "device": "gpu", "nd_range": {"device_start": 1585662123.8802707, "device_end": 1585662123.8962321}, "cmdq": 4, "read": {"device_start": -1, "device_end": -1}}, "FFC_sans_bias106": {"write": {"device_start": 1585662124.031526, "host_queued_start": 1585662191.292742, "device_queued": 1585662123.8281205, "device_end": 1585662124.0316274, "host_queued_end": 1585662191.305407}, "device": "gpu", "nd_range": {"device_start": 1585662124.0316515, "device_end": 1585662124.0472333}, "cmdq": 2, "read": {"device_start": 1585662124.047236, "device_end": 1585662124.0473363}}, "softmax122": {"write": {"device_start": -1, "host_queued_start": 1585662191.258749, "device_queued": -1, "device_end": -1, "host_queued_end": 1585662191.305407}, "device": "gpu", "nd_range": {"device_start": 1585662123.9794188, "device_end": 1585662123.9836743}, "cmdq": 3, "read": {"device_start": -1, "device_end": -1}}, "FFC_sans_bias105": {"write": {"device_start": -1, "host_queued_start": 1585662191.262259, "device_queued": -1, "device_end": -1, "host_queued_end": 1585662191.305407}, "device": "gpu", "nd_range": {"device_start": 1585662123.9952679, "device_end": 1585662124.011478}, "cmdq": 4, "read": {"device_start": -1, "device_end": -1}}, "softmax95": {"write": {"device_start": -1, "host_queued_start": 1585662191.257974, "device_queued": -1, "device_end": -1, "host_queued_end": 1585662191.305407}, "device": "gpu", "nd_range": {"device_start": 1585662123.9760547, "device_end": 1585662123.9794235}, "cmdq": 0, "read": {"device_start": -1, "device_end": -1}}, "coalesced_transpose57": {"write": {"device_start": -1, "host_queued_start": 1585662191.248652, "device_queued": -1, "device_end": -1, "host_queued_end": 1585662191.305407}, "device": "gpu", "nd_range": {"device_start": 1585662123.9320529, "device_end": 1585662123.9351912}, "cmdq": 0, "read": {"device_start": -1, "device_end": -1}}, "empty26": {"write": {"device_start": -1, "host_queued_start": 1585662191.317163, "device_queued": -1, "device_end": -1, "host_queued_end": 1585662191.366842}, "device": "cpu", "nd_range": {"device_start": 2329965.5565937744, "device_end": 2329965.556603896}, "cmdq": 2, "read": {"device_start": -1, "device_end": -1}}, "softmax113": {"write": {"device_start": -1, "host_queued_start": 1585662191.258478, "device_queued": -1, "device_end": -1, "host_queued_end": 1585662191.305407}, "device": "gpu", "nd_range": {"device_start": 1585662123.9760792, "device_end": 1585662123.9794476}, "cmdq": 2, "read": {"device_start": -1, "device_end": -1}}, "FFC_sans_bias11": {"write": {"device_start": -1, "host_queued_start": 1585662191.3391, "device_queued": -1, "device_end": -1, "host_queued_end": 1585662191.366842}, "device": "cpu", "nd_range": {"device_start": 2329965.90797383, "device_end": 2329965.957847734}, "cmdq": 3, "read": {"device_start": -1, "device_end": -1}}, "FFC_sans_bias42": {"write": {"device_start": -1, "host_queued_start": 1585662191.259944, "device_queued": -1, "device_end": -1, "host_queued_end": 1585662191.305407}, "device": "gpu", "nd_range": {"device_start": 1585662123.97947, "device_end": 1585662123.9854722}, "cmdq": 2, "read": {"device_start": -1, "device_end": -1}}, "FFC_sans_bias43": {"write": {"device_start": 1585662124.0084827, "host_queued_start": 1585662191.270346, "device_queued": 1585662123.8261905, "device_end": 1585662124.0085795, "host_queued_end": 1585662191.305407}, "device": "gpu", "nd_range": {"device_start": 1585662124.0086021, "device_end": 1585662124.0212343}, "cmdq": 0, "read": {"device_start": 1585662124.021246, "device_end": 1585662124.0213537}}, "FFC_sans_bias40": {"write": {"device_start": -1, "host_queued_start": 1585662191.25214, "device_queued": -1, "device_end": -1, "host_queued_end": 1585662191.305407}, "device": "gpu", "nd_range": {"device_start": 1585662123.9450502, "device_end": 1585662123.958254}, "cmdq": 1, "read": {"device_start": -1, "device_end": -1}}, "FFC_sans_bias46": {"write": {"device_start": 1585662123.8184488, "host_queued_start": 1585662191.141474, "device_queued": 1585662123.8100317, "device_end": 1585662123.8185468, "host_queued_end": 1585662191.305407}, "device": "gpu", "nd_range": {"device_start": 1585662123.8185556, "device_end": 1585662123.834338}, "cmdq": 0, "read": {"device_start": -1, "device_end": -1}}, "FFC_sans_bias47": {"write": {"device_start": 1585662123.8216336, "host_queued_start": 1585662191.144955, "device_queued": 1585662123.8102734, "device_end": 1585662123.8217356, "host_queued_end": 1585662191.305407}, "device": "gpu", "nd_range": {"device_start": 1585662123.8217425, "device_end": 1585662123.8375578}, "cmdq": 1, "read": {"device_start": -1, "device_end": -1}}, "FFC_sans_bias45": {"write": {"device_start": 1585662123.8151975, "host_queued_start": 1585662191.137991, "device_queued": 1585662123.8094873, "device_end": 1585662123.815298, "host_queued_end": 1585662191.305407}, "device": "gpu", "nd_range": {"device_start": 1585662123.8153021, "device_end": 1585662123.8310828}, "cmdq": 4, "read": {"device_start": -1, "device_end": -1}}, "FFC_sans_bias49": {"write": {"device_start": -1, "host_queued_start": 1585662191.252537, "device_queued": -1, "device_end": -1, "host_queued_end": 1585662191.305407}, "device": "gpu", "nd_range": {"device_start": 1585662123.935323, "device_end": 1585662123.941968}, "cmdq": 2, "read": {"device_start": -1, "device_end": -1}}, "softmax77": {"write": {"device_start": -1, "host_queued_start": 1585662191.257466, "device_queued": -1, "device_end": -1, "host_queued_end": 1585662191.305407}, "device": "gpu", "nd_range": {"device_start": 1585662123.9760053, "device_end": 1585662123.9793978}, "cmdq": 3, "read": {"device_start": -1, "device_end": -1}}, "empty134": {"write": {"device_start": 1585662123.8071704, "host_queued_start": 1585662191.111966, "device_queued": 1585662123.8066857, "device_end": 1585662123.8074198, "host_queued_end": 1585662191.305407}, "device": "gpu", "nd_range": {"device_start": 1585662123.8078, "device_end": 1585662123.8078144}, "cmdq": 1, "read": {"device_start": -1, "device_end": -1}}, "coalesced_transpose138": {"write": {"device_start": -1, "host_queued_start": 1585662191.251492, "device_queued": -1, "device_end": -1, "host_queued_end": 1585662191.305407}, "device": "gpu", "nd_range": {"device_start": 1585662123.9352512, "device_end": 1585662123.935356}, "cmdq": 4, "read": {"device_start": -1, "device_end": -1}}, "FFC_sans_bias119": {"write": {"device_start": 1585662123.8998158, "host_queued_start": 1585662191.22693, "device_queued": 1585662123.816653, "device_end": 1585662123.8999233, "host_queued_end": 1585662191.305407}, "device": "gpu", "nd_range": {"device_start": 1585662123.8999317, "device_end": 1585662123.9158087}, "cmdq": 0, "read": {"device_start": -1, "device_end": -1}}, "FFC_sans_bias118": {"write": {"device_start": 1585662123.8965087, "host_queued_start": 1585662191.223554, "device_queued": 1585662123.8160734, "device_end": 1585662123.896608, "host_queued_end": 1585662191.305407}, "device": "gpu", "nd_range": {"device_start": 1585662123.8966153, "device_end": 1585662123.9125423}, "cmdq": 4, "read": {"device_start": -1, "device_end": -1}}, "empty143": {"write": {"device_start": 1585662123.8074756, "host_queued_start": 1585662191.11461, "device_queued": 1585662123.8071487, "device_end": 1585662123.807616, "host_queued_end": 1585662191.305407}, "device": "gpu", "nd_range": {"device_start": 1585662123.8078372, "device_end": 1585662123.807843}, "cmdq": 2, "read": {"device_start": -1, "device_end": -1}}, "FFC_sans_bias115": {"write": {"device_start": 1585662124.0413854, "host_queued_start": 1585662191.295848, "device_queued": 1585662123.8283281, "device_end": 1585662124.0416598, "host_queued_end": 1585662191.305407}, "device": "gpu", "nd_range": {"device_start": 1585662124.0416842, "device_end": 1585662124.0536654}, "cmdq": 3, "read": {"device_start": 1585662124.0536735, "device_end": 1585662124.0537739}}, "FFC_sans_bias114": {"write": {"device_start": -1, "host_queued_start": 1585662191.262615, "device_queued": -1, "device_end": -1, "host_queued_end": 1585662191.305407}, "device": "gpu", "nd_range": {"device_start": 1585662123.992043, "device_end": 1585662124.0082128}, "cmdq": 0, "read": {"device_start": -1, "device_end": -1}}, "FFC_sans_bias117": {"write": {"device_start": 1585662123.8933902, "host_queued_start": 1585662191.220171, "device_queued": 1585662123.8159544, "device_end": 1585662123.8934867, "host_queued_end": 1585662191.305407}, "device": "gpu", "nd_range": {"device_start": 1585662123.8934984, "device_end": 1585662123.9092944}, "cmdq": 3, "read": {"device_start": -1, "device_end": -1}}, "softmax5": {"write": {"device_start": -1, "host_queued_start": 1585662191.353454, "device_queued": -1, "device_end": -1, "host_queued_end": 1585662191.366842}, "device": "cpu", "nd_range": {"device_start": 2329965.9583534063, "device_end": 2329965.9667125163}, "cmdq": 3, "read": {"device_start": -1, "device_end": -1}}, "FFC_sans_bias110": {"write": {"device_start": 1585662123.8900964, "host_queued_start": 1585662191.216701, "device_queued": 1585662123.8157563, "device_end": 1585662123.8901956, "host_queued_end": 1585662191.305407}, "device": "gpu", "nd_range": {"device_start": 1585662123.8902054, "device_end": 1585662123.9061053}, "cmdq": 2, "read": {"device_start": -1, "device_end": -1}}, "FFC_sans_bias112": {"write": {"device_start": -1, "host_queued_start": 1585662191.254946, "device_queued": -1, "device_end": -1, "host_queued_end": 1585662191.305407}, "device": "gpu", "nd_range": {"device_start": 1585662123.9484484, "device_end": 1585662123.9646976}, "cmdq": 4, "read": {"device_start": -1, "device_end": -1}}, "empty53": {"write": {"device_start": 1585662123.8041446, "host_queued_start": 1585662191.087394, "device_queued": 1585662123.80371, "device_end": 1585662123.804391, "host_queued_end": 1585662191.305407}, "device": "gpu", "nd_range": {"device_start": 1585662123.8045068, "device_end": 1585662123.8045423}, "cmdq": 2, "read": {"device_start": -1, "device_end": -1}}, "coalesced_transpose48": {"write": {"device_start": -1, "host_queued_start": 1585662191.248351, "device_queued": -1, "device_end": -1, "host_queued_end": 1585662191.305407}, "device": "gpu", "nd_range": {"device_start": 1585662123.9288006, "device_end": 1585662123.9351556}, "cmdq": 4, "read": {"device_start": -1, "device_end": -1}}}