{"FFC_sans_bias4": {"write": {"device_start": -1, "host_queued_start": 1585661321.551748, "device_queued": -1, "device_end": -1, "host_queued_end": 1585661321.613063}, "device": "cpu", "nd_range": {"device_start": 2329097.298775407, "device_end": 2329097.42607701}, "cmdq": 1, "read": {"device_start": -1, "device_end": -1}}, "FFC_sans_bias7": {"write": {"device_start": -1, "host_queued_start": 1585661321.577, "device_queued": -1, "device_end": -1, "host_queued_end": 1585661321.613063}, "device": "cpu", "nd_range": {"device_start": 2329097.963096818, "device_end": 2329098.136227717}, "cmdq": 0, "read": {"device_start": -1, "device_end": -1}}, "FFC_sans_bias6": {"write": {"device_start": -1, "host_queued_start": 1585661321.566558, "device_queued": -1, "device_end": -1, "host_queued_end": 1585661321.613063}, "device": "cpu", "nd_range": {"device_start": 2329097.6452842643, "device_end": 2329097.7000555904}, "cmdq": 3, "read": {"device_start": -1, "device_end": -1}}, "FFC_sans_bias1": {"write": {"device_start": -1, "host_queued_start": 1585661321.420163, "device_queued": -1, "device_end": -1, "host_queued_end": 1585661321.613063}, "device": "cpu", "nd_range": {"device_start": 2329095.803984409, "device_end": 2329095.9258852233}, "cmdq": 2, "read": {"device_start": -1, "device_end": -1}}, "FFC_sans_bias0": {"write": {"device_start": -1, "host_queued_start": 1585661321.416794, "device_queued": -1, "device_end": -1, "host_queued_end": 1585661321.613063}, "device": "cpu", "nd_range": {"device_start": 2329095.8027671473, "device_end": 2329095.9322567782}, "cmdq": 1, "read": {"device_start": -1, "device_end": -1}}, "FFC_sans_bias2": {"write": {"device_start": -1, "host_queued_start": 1585661321.423726, "device_queued": -1, "device_end": -1, "host_queued_end": 1585661321.613063}, "device": "cpu", "nd_range": {"device_start": 2329095.802778038, "device_end": 2329095.9259798033}, "cmdq": 3, "read": {"device_start": -1, "device_end": -1}}, "coalesced_transpose120": {"write": {"device_start": -1, "host_queued_start": 1585661321.363875, "device_queued": -1, "device_end": -1, "host_queued_end": 1585661321.377254}, "device": "gpu", "nd_range": {"device_start": 1585661253.9220698, "device_end": 1585661253.9284098}, "cmdq": 0, "read": {"device_start": -1, "device_end": -1}}, "FFC_sans_bias9": {"write": {"device_start": -1, "host_queued_start": 1585661321.427225, "device_queued": -1, "device_end": -1, "host_queued_end": 1585661321.613063}, "device": "cpu", "nd_range": {"device_start": 2329095.8027937072, "device_end": 2329096.0410074173}, "cmdq": 0, "read": {"device_start": -1, "device_end": -1}}, "empty71": {"write": {"device_start": -1, "host_queued_start": 1585661321.401024, "device_queued": -1, "device_end": -1, "host_queued_end": 1585661321.613063}, "device": "cpu", "nd_range": {"device_start": 2329095.802765474, "device_end": 2329095.8027661103}, "cmdq": 3, "read": {"device_start": -1, "device_end": -1}}, "softmax41": {"write": {"device_start": -1, "host_queued_start": 1585661321.561703, "device_queued": -1, "device_end": -1, "host_queued_end": 1585661321.613063}, "device": "cpu", "nd_range": {"device_start": 2329097.641855006, "device_end": 2329097.6425748323}, "cmdq": 2, "read": {"device_start": -1, "device_end": -1}}, "FFC_sans_bias37": {"write": {"device_start": -1, "host_queued_start": 1585661321.461122, "device_queued": -1, "device_end": -1, "host_queued_end": 1585661321.613063}, "device": "cpu", "nd_range": {"device_start": 2329096.1713593933, "device_end": 2329096.2957662563}, "cmdq": 2, "read": {"device_start": -1, "device_end": -1}}, "FFC_sans_bias36": {"write": {"device_start": -1, "host_queued_start": 1585661321.457783, "device_queued": -1, "device_end": -1, "host_queued_end": 1585661321.613063}, "device": "cpu", "nd_range": {"device_start": 2329096.2749017463, "device_end": 2329096.410109138}, "cmdq": 1, "read": {"device_start": -1, "device_end": -1}}, "FFC_sans_bias34": {"write": {"device_start": -1, "host_queued_start": 1585661321.586063, "device_queued": -1, "device_end": -1, "host_queued_end": 1585661321.613063}, "device": "cpu", "nd_range": {"device_start": 2329098.107357961, "device_end": 2329098.260640655}, "cmdq": 3, "read": {"device_start": -1, "device_end": -1}}, "FFC_sans_bias33": {"write": {"device_start": -1, "host_queued_start": 1585661321.568347, "device_queued": -1, "device_end": -1, "host_queued_end": 1585661321.613063}, "device": "cpu", "nd_range": {"device_start": 2329097.8084539413, "device_end": 2329097.928369557}, "cmdq": 2, "read": {"device_start": -1, "device_end": -1}}, "FFC_sans_bias31": {"write": {"device_start": -1, "host_queued_start": 1585661321.55353, "device_queued": -1, "device_end": -1, "host_queued_end": 1585661321.613063}, "device": "cpu", "nd_range": {"device_start": 2329097.1611081404, "device_end": 2329097.254891214}, "cmdq": 0, "read": {"device_start": -1, "device_end": -1}}, "FFC_sans_bias38": {"write": {"device_start": -1, "host_queued_start": 1585661321.464513, "device_queued": -1, "device_end": -1, "host_queued_end": 1585661321.613063}, "device": "cpu", "nd_range": {"device_start": 2329096.172783167, "device_end": 2329096.2976327944}, "cmdq": 3, "read": {"device_start": -1, "device_end": -1}}, "coalesced_transpose75": {"write": {"device_start": -1, "host_queued_start": 1585661321.54882, "device_queued": -1, "device_end": -1, "host_queued_end": 1585661321.613063}, "device": "cpu", "nd_range": {"device_start": 2329097.1310392492, "device_end": 2329097.131903474}, "cmdq": 0, "read": {"device_start": -1, "device_end": -1}}, "softmax140": {"write": {"device_start": -1, "host_queued_start": 1585661321.366193, "device_queued": -1, "device_end": -1, "host_queued_end": 1585661321.377254}, "device": "gpu", "nd_range": {"device_start": 1585661253.9384198, "device_end": 1585661253.9424596}, "cmdq": 2, "read": {"device_start": -1, "device_end": -1}}, "empty44": {"write": {"device_start": -1, "host_queued_start": 1585661321.392882, "device_queued": -1, "device_end": -1, "host_queued_end": 1585661321.613063}, "device": "cpu", "nd_range": {"device_start": 2329095.8027692963, "device_end": 2329095.8027708014}, "cmdq": 0, "read": {"device_start": -1, "device_end": -1}}, "FFC_sans_bias137": {"write": {"device_start": 1585661253.9159243, "host_queued_start": 1585661321.360141, "device_queued": 1585661253.9006853, "device_end": 1585661253.9160247, "host_queued_end": 1585661321.377254}, "device": "gpu", "nd_range": {"device_start": 1585661253.9160278, "device_end": 1585661253.92533}, "cmdq": 1, "read": {"device_start": -1, "device_end": -1}}, "empty8": {"write": {"device_start": -1, "host_queued_start": 1585661321.38133, "device_queued": -1, "device_end": -1, "host_queued_end": 1585661321.613063}, "device": "cpu", "nd_range": {"device_start": 2329095.802758464, "device_end": 2329095.802759245}, "cmdq": 0, "read": {"device_start": -1, "device_end": -1}}, "softmax50": {"write": {"device_start": -1, "host_queued_start": 1585661321.562223, "device_queued": -1, "device_end": -1, "host_queued_end": 1585661321.613063}, "device": "cpu", "nd_range": {"device_start": 2329097.5349957333, "device_end": 2329097.5357233263}, "cmdq": 3, "read": {"device_start": -1, "device_end": -1}}, "softmax59": {"write": {"device_start": -1, "host_queued_start": 1585661321.562777, "device_queued": -1, "device_end": -1, "host_queued_end": 1585661321.613063}, "device": "cpu", "nd_range": {"device_start": 2329097.578162039, "device_end": 2329097.57888743}, "cmdq": 0, "read": {"device_start": -1, "device_end": -1}}, "FFC_sans_bias142": {"write": {"device_start": 1585661253.9518135, "host_queued_start": 1585661321.376995, "device_queued": 1585661253.9029336, "device_end": 1585661253.9519126, "host_queued_end": 1585661321.377254}, "device": "gpu", "nd_range": {"device_start": 1585661253.951915, "device_end": 1585661253.957888}, "cmdq": 2, "read": {"device_start": 1585661253.957891, "device_end": 1585661253.9579809}}, "FFC_sans_bias141": {"write": {"device_start": -1, "host_queued_start": 1585661321.367162, "device_queued": -1, "device_end": -1, "host_queued_end": 1585661321.377254}, "device": "gpu", "nd_range": {"device_start": 1585661253.942461, "device_end": 1585661253.9514508}, "cmdq": 2, "read": {"device_start": -1, "device_end": -1}}, "FFC_sans_bias24": {"write": {"device_start": -1, "host_queued_start": 1585661321.567753, "device_queued": -1, "device_end": -1, "host_queued_end": 1585661321.613063}, "device": "cpu", "nd_range": {"device_start": 2329097.8031327673, "device_end": 2329097.918633933}, "cmdq": 1, "read": {"device_start": -1, "device_end": -1}}, "FFC_sans_bias25": {"write": {"device_start": -1, "host_queued_start": 1585661321.582981, "device_queued": -1, "device_end": -1, "host_queued_end": 1585661321.613063}, "device": "cpu", "nd_range": {"device_start": 2329098.262490847, "device_end": 2329098.4266031883}, "cmdq": 2, "read": {"device_start": -1, "device_end": -1}}, "FFC_sans_bias27": {"write": {"device_start": -1, "host_queued_start": 1585661321.447738, "device_queued": -1, "device_end": -1, "host_queued_end": 1585661321.613063}, "device": "cpu", "nd_range": {"device_start": 2329096.049020534, "device_end": 2329096.17133955}, "cmdq": 2, "read": {"device_start": -1, "device_end": -1}}, "FFC_sans_bias20": {"write": {"device_start": -1, "host_queued_start": 1585661321.44443, "device_queued": -1, "device_end": -1, "host_queued_end": 1585661321.613063}, "device": "cpu", "nd_range": {"device_start": 2329096.061284861, "device_end": 2329096.274876379}, "cmdq": 1, "read": {"device_start": -1, "device_end": -1}}, "FFC_sans_bias22": {"write": {"device_start": -1, "host_queued_start": 1585661321.552936, "device_queued": -1, "device_end": -1, "host_queued_end": 1585661321.613063}, "device": "cpu", "nd_range": {"device_start": 2329097.143520215, "device_end": 2329097.2567754453}, "cmdq": 3, "read": {"device_start": -1, "device_end": -1}}, "FFC_sans_bias130": {"write": {"device_start": -1, "host_queued_start": 1585661321.365127, "device_queued": -1, "device_end": -1, "host_queued_end": 1585661321.377254}, "device": "gpu", "nd_range": {"device_start": 1585661253.9284315, "device_end": 1585661253.9351113}, "cmdq": 1, "read": {"device_start": -1, "device_end": -1}}, "FFC_sans_bias28": {"write": {"device_start": -1, "host_queued_start": 1585661321.451056, "device_queued": -1, "device_end": -1, "host_queued_end": 1585661321.613063}, "device": "cpu", "nd_range": {"device_start": 2329096.049815642, "device_end": 2329096.1726365853}, "cmdq": 3, "read": {"device_start": -1, "device_end": -1}}, "FFC_sans_bias29": {"write": {"device_start": -1, "host_queued_start": 1585661321.454404, "device_queued": -1, "device_end": -1, "host_queued_end": 1585661321.613063}, "device": "cpu", "nd_range": {"device_start": 2329096.208385962, "device_end": 2329096.347381126}, "cmdq": 0, "read": {"device_start": -1, "device_end": -1}}, "coalesced_transpose66": {"write": {"device_start": -1, "host_queued_start": 1585661321.548237, "device_queued": -1, "device_end": -1, "host_queued_end": 1585661321.613063}, "device": "cpu", "nd_range": {"device_start": 2329097.0766227064, "device_end": 2329097.077469822}, "cmdq": 3, "read": {"device_start": -1, "device_end": -1}}, "coalesced_transpose93": {"write": {"device_start": -1, "host_queued_start": 1585661321.549978, "device_queued": -1, "device_end": -1, "host_queued_end": 1585661321.613063}, "device": "cpu", "nd_range": {"device_start": 2329097.136485897, "device_end": 2329097.137353999}, "cmdq": 2, "read": {"device_start": -1, "device_end": -1}}, "softmax23": {"write": {"device_start": -1, "host_queued_start": 1585661321.560657, "device_queued": -1, "device_end": -1, "host_queued_end": 1585661321.613063}, "device": "cpu", "nd_range": {"device_start": 2329097.57742383, "device_end": 2329097.578150744}, "cmdq": 0, "read": {"device_start": -1, "device_end": -1}}, "empty62": {"write": {"device_start": -1, "host_queued_start": 1585661321.398288, "device_queued": -1, "device_end": -1, "host_queued_end": 1585661321.613063}, "device": "cpu", "nd_range": {"device_start": 2329095.802745005, "device_end": 2329095.8027461083}, "cmdq": 2, "read": {"device_start": -1, "device_end": -1}}, "FFC_sans_bias10": {"write": {"device_start": -1, "host_queued_start": 1585661321.430707, "device_queued": -1, "device_end": -1, "host_queued_end": 1585661321.613063}, "device": "cpu", "nd_range": {"device_start": 2329095.9324663472, "device_end": 2329096.061265366}, "cmdq": 1, "read": {"device_start": -1, "device_end": -1}}, "FFC_sans_bias13": {"write": {"device_start": -1, "host_queued_start": 1585661321.552345, "device_queued": -1, "device_end": -1, "host_queued_end": 1585661321.613063}, "device": "cpu", "nd_range": {"device_start": 2329097.328618803, "device_end": 2329097.401546038}, "cmdq": 2, "read": {"device_start": -1, "device_end": -1}}, "FFC_sans_bias15": {"write": {"device_start": -1, "host_queued_start": 1585661321.56716, "device_queued": -1, "device_end": -1, "host_queued_end": 1585661321.613063}, "device": "cpu", "nd_range": {"device_start": 2329097.579646888, "device_end": 2329097.70610996}, "cmdq": 0, "read": {"device_start": -1, "device_end": -1}}, "FFC_sans_bias16": {"write": {"device_start": -1, "host_queued_start": 1585661321.58001, "device_queued": -1, "device_end": -1, "host_queued_end": 1585661321.613063}, "device": "cpu", "nd_range": {"device_start": 2329098.169007578, "device_end": 2329098.3005049573}, "cmdq": 1, "read": {"device_start": -1, "device_end": -1}}, "FFC_sans_bias19": {"write": {"device_start": -1, "host_queued_start": 1585661321.441072, "device_queued": -1, "device_end": -1, "host_queued_end": 1585661321.613063}, "device": "cpu", "nd_range": {"device_start": 2329096.0410327413, "device_end": 2329096.2083607083}, "cmdq": 0, "read": {"device_start": -1, "device_end": -1}}, "FFC_sans_bias18": {"write": {"device_start": -1, "host_queued_start": 1585661321.437648, "device_queued": -1, "device_end": -1, "host_queued_end": 1585661321.613063}, "device": "cpu", "nd_range": {"device_start": 2329095.926003129, "device_end": 2329096.049663967}, "cmdq": 3, "read": {"device_start": -1, "device_end": -1}}, "FFC_sans_bias99": {"write": {"device_start": -1, "host_queued_start": 1585661321.52793, "device_queued": -1, "device_end": -1, "host_queued_end": 1585661321.613063}, "device": "cpu", "nd_range": {"device_start": 2329096.892581146, "device_end": 2329097.0146404454}, "cmdq": 2, "read": {"device_start": -1, "device_end": -1}}, "FFC_sans_bias91": {"write": {"device_start": -1, "host_queued_start": 1585661321.521327, "device_queued": -1, "device_end": -1, "host_queued_end": 1585661321.613063}, "device": "cpu", "nd_range": {"device_start": 2329096.878946376, "device_end": 2329097.001725146}, "cmdq": 0, "read": {"device_start": -1, "device_end": -1}}, "FFC_sans_bias90": {"write": {"device_start": -1, "host_queued_start": 1585661321.51805, "device_queued": -1, "device_end": -1, "host_queued_end": 1585661321.613063}, "device": "cpu", "nd_range": {"device_start": 2329096.705375668, "device_end": 2329096.828538258}, "cmdq": 3, "read": {"device_start": -1, "device_end": -1}}, "coalesced_transpose12": {"write": {"device_start": -1, "host_queued_start": 1585661321.544736, "device_queued": -1, "device_end": -1, "host_queued_end": 1585661321.613063}, "device": "cpu", "nd_range": {"device_start": 2329097.29041644, "device_end": 2329097.291412651}, "cmdq": 1, "read": {"device_start": -1, "device_end": -1}}, "FFC_sans_bias94": {"write": {"device_start": -1, "host_queued_start": 1585661321.557851, "device_queued": -1, "device_end": -1, "host_queued_end": 1585661321.613063}, "device": "cpu", "nd_range": {"device_start": 2329097.3510564812, "device_end": 2329097.477628976}, "cmdq": 3, "read": {"device_start": -1, "device_end": -1}}, "FFC_sans_bias97": {"write": {"device_start": -1, "host_queued_start": 1585661321.607087, "device_queued": -1, "device_end": -1, "host_queued_end": 1585661321.613063}, "device": "cpu", "nd_range": {"device_start": 2329098.541532531, "device_end": 2329098.5886604222}, "cmdq": 2, "read": {"device_start": -1, "device_end": -1}}, "FFC_sans_bias96": {"write": {"device_start": -1, "host_queued_start": 1585661321.572561, "device_queued": -1, "device_end": -1, "host_queued_end": 1585661321.613063}, "device": "cpu", "nd_range": {"device_start": 2329098.038669263, "device_end": 2329098.168773212}, "cmdq": 1, "read": {"device_start": -1, "device_end": -1}}, "FFC_sans_bias124": {"write": {"device_start": 1585661253.9420767, "host_queued_start": 1585661321.370375, "device_queued": 1585661253.9024556, "device_end": 1585661253.9421816, "host_queued_end": 1585661321.377254}, "device": "gpu", "nd_range": {"device_start": 1585661253.9421859, "device_end": 1585661253.9482186}, "cmdq": 0, "read": {"device_start": 1585661253.9482207, "device_end": 1585661253.9483135}}, "FFC_sans_bias126": {"write": {"device_start": 1585661253.906144, "host_queued_start": 1585661321.350163, "device_queued": 1585661253.8999953, "device_end": 1585661253.9062455, "host_queued_end": 1585661321.377254}, "device": "gpu", "nd_range": {"device_start": 1585661253.9062502, "device_end": 1585661253.9155712}, "cmdq": 1, "read": {"device_start": -1, "device_end": -1}}, "softmax32": {"write": {"device_start": -1, "host_queued_start": 1585661321.56118, "device_queued": -1, "device_end": -1, "host_queued_end": 1585661321.613063}, "device": "cpu", "nd_range": {"device_start": 2329097.8009374454, "device_end": 2329097.801660457}, "cmdq": 1, "read": {"device_start": -1, "device_end": -1}}, "coalesced_transpose84": {"write": {"device_start": -1, "host_queued_start": 1585661321.5494, "device_queued": -1, "device_end": -1, "host_queued_end": 1585661321.613063}, "device": "cpu", "nd_range": {"device_start": 2329097.292412205, "device_end": 2329097.298757126}, "cmdq": 1, "read": {"device_start": -1, "device_end": -1}}, "FFC_sans_bias121": {"write": {"device_start": -1, "host_queued_start": 1585661321.364807, "device_queued": -1, "device_end": -1, "host_queued_end": 1585661321.377254}, "device": "gpu", "nd_range": {"device_start": 1585661253.9284105, "device_end": 1585661253.9317915}, "cmdq": 0, "read": {"device_start": -1, "device_end": -1}}, "empty98": {"write": {"device_start": -1, "host_queued_start": 1585661321.408816, "device_queued": -1, "device_end": -1, "host_queued_end": 1585661321.613063}, "device": "cpu", "nd_range": {"device_start": 2329095.802752437, "device_end": 2329095.802753181}, "cmdq": 2, "read": {"device_start": -1, "device_end": -1}}, "empty107": {"write": {"device_start": -1, "host_queued_start": 1585661321.411402, "device_queued": -1, "device_end": -1, "host_queued_end": 1585661321.613063}, "device": "cpu", "nd_range": {"device_start": 2329095.8027721443, "device_end": 2329095.8027728014}, "cmdq": 3, "read": {"device_start": -1, "device_end": -1}}, "empty17": {"write": {"device_start": -1, "host_queued_start": 1585661321.384196, "device_queued": -1, "device_end": -1, "host_queued_end": 1585661321.613063}, "device": "cpu", "nd_range": {"device_start": 2329095.8027062863, "device_end": 2329095.8027209253}, "cmdq": 1, "read": {"device_start": -1, "device_end": -1}}, "FFC_sans_bias87": {"write": {"device_start": -1, "host_queued_start": 1585661321.571962, "device_queued": -1, "device_end": -1, "host_queued_end": 1585661321.613063}, "device": "cpu", "nd_range": {"device_start": 2329097.847562014, "device_end": 2329097.9630802083}, "cmdq": 0, "read": {"device_start": -1, "device_end": -1}}, "FFC_sans_bias85": {"write": {"device_start": -1, "host_queued_start": 1585661321.557241, "device_queued": -1, "device_end": -1, "host_queued_end": 1585661321.613063}, "device": "cpu", "nd_range": {"device_start": 2329097.525185589, "device_end": 2329097.641102776}, "cmdq": 2, "read": {"device_start": -1, "device_end": -1}}, "FFC_sans_bias82": {"write": {"device_start": -1, "host_queued_start": 1585661321.511326, "device_queued": -1, "device_end": -1, "host_queued_end": 1585661321.613063}, "device": "cpu", "nd_range": {"device_start": 2329096.897032712, "device_end": 2329097.098378647}, "cmdq": 1, "read": {"device_start": -1, "device_end": -1}}, "FFC_sans_bias83": {"write": {"device_start": -1, "host_queued_start": 1585661321.514679, "device_queued": -1, "device_end": -1, "host_queued_end": 1585661321.613063}, "device": "cpu", "nd_range": {"device_start": 2329096.757583937, "device_end": 2329096.892564869}, "cmdq": 2, "read": {"device_start": -1, "device_end": -1}}, "FFC_sans_bias81": {"write": {"device_start": -1, "host_queued_start": 1585661321.507991, "device_queued": -1, "device_end": -1, "host_queued_end": 1585661321.613063}, "device": "cpu", "nd_range": {"device_start": 2329096.715351223, "device_end": 2329096.878917526}, "cmdq": 0, "read": {"device_start": -1, "device_end": -1}}, "FFC_sans_bias88": {"write": {"device_start": -1, "host_queued_start": 1585661321.604114, "device_queued": -1, "device_end": -1, "host_queued_end": 1585661321.613063}, "device": "cpu", "nd_range": {"device_start": 2329098.4287203643, "device_end": 2329098.55428077}, "cmdq": 1, "read": {"device_start": -1, "device_end": -1}}, "coalesced_transpose30": {"write": {"device_start": -1, "host_queued_start": 1585661321.545902, "device_queued": -1, "device_end": -1, "host_queued_end": 1585661321.613063}, "device": "cpu", "nd_range": {"device_start": 2329097.075601498, "device_end": 2329097.076463778}, "cmdq": 3, "read": {"device_start": -1, "device_end": -1}}, "FFC_sans_bias128": {"write": {"device_start": 1585661253.902811, "host_queued_start": 1585661321.346874, "device_queued": 1585661253.8997715, "device_end": 1585661253.9029121, "host_queued_end": 1585661321.377254}, "device": "gpu", "nd_range": {"device_start": 1585661253.9029167, "device_end": 1585661253.912252}, "cmdq": 0, "read": {"device_start": -1, "device_end": -1}}, "coalesced_transpose39": {"write": {"device_start": -1, "host_queued_start": 1585661321.546484, "device_queued": -1, "device_end": -1, "host_queued_end": 1585661321.613063}, "device": "cpu", "nd_range": {"device_start": 2329097.130172445, "device_end": 2329097.13103136}, "cmdq": 0, "read": {"device_start": -1, "device_end": -1}}, "FFC_sans_bias79": {"write": {"device_start": -1, "host_queued_start": 1585661321.601132, "device_queued": -1, "device_end": -1, "host_queued_end": 1585661321.613063}, "device": "cpu", "nd_range": {"device_start": 2329098.259855464, "device_end": 2329098.406311841}, "cmdq": 0, "read": {"device_start": -1, "device_end": -1}}, "FFC_sans_bias78": {"write": {"device_start": -1, "host_queued_start": 1585661321.571368, "device_queued": -1, "device_end": -1, "host_queued_end": 1585661321.613063}, "device": "cpu", "nd_range": {"device_start": 2329097.7842905293, "device_end": 2329097.984608462}, "cmdq": 3, "read": {"device_start": -1, "device_end": -1}}, "FFC_sans_bias73": {"write": {"device_start": -1, "host_queued_start": 1585661321.501351, "device_queued": -1, "device_end": -1, "host_queued_end": 1585661321.613063}, "device": "cpu", "nd_range": {"device_start": 2329096.5954538593, "device_end": 2329096.757570194}, "cmdq": 2, "read": {"device_start": -1, "device_end": -1}}, "FFC_sans_bias72": {"write": {"device_start": -1, "host_queued_start": 1585661321.498036, "device_queued": -1, "device_end": -1, "host_queued_end": 1585661321.613063}, "device": "cpu", "nd_range": {"device_start": 2329096.756941825, "device_end": 2329096.8970115674}, "cmdq": 1, "read": {"device_start": -1, "device_end": -1}}, "FFC_sans_bias70": {"write": {"device_start": -1, "host_queued_start": 1585661321.598083, "device_queued": -1, "device_end": -1, "host_queued_end": 1585661321.613063}, "device": "cpu", "nd_range": {"device_start": 2329098.2606504923, "device_end": 2329098.382860444}, "cmdq": 3, "read": {"device_start": -1, "device_end": -1}}, "FFC_sans_bias76": {"write": {"device_start": -1, "host_queued_start": 1585661321.55662, "device_queued": -1, "device_end": -1, "host_queued_end": 1585661321.613063}, "device": "cpu", "nd_range": {"device_start": 2329097.538417962, "device_end": 2329097.645302148}, "cmdq": 1, "read": {"device_start": -1, "device_end": -1}}, "FFC_sans_bias74": {"write": {"device_start": -1, "host_queued_start": 1585661321.504677, "device_queued": -1, "device_end": -1, "host_queued_end": 1585661321.613063}, "device": "cpu", "nd_range": {"device_start": 2329096.5822700853, "device_end": 2329096.705145434}, "cmdq": 3, "read": {"device_start": -1, "device_end": -1}}, "coalesced_transpose102": {"write": {"device_start": -1, "host_queued_start": 1585661321.550562, "device_queued": -1, "device_end": -1, "host_queued_end": 1585661321.613063}, "device": "cpu", "nd_range": {"device_start": 2329097.077605319, "device_end": 2329097.078462988}, "cmdq": 3, "read": {"device_start": -1, "device_end": -1}}, "coalesced_transpose3": {"write": {"device_start": -1, "host_queued_start": 1585661321.544153, "device_queued": -1, "device_end": -1, "host_queued_end": 1585661321.613063}, "device": "cpu", "nd_range": {"device_start": 2329097.129304061, "device_end": 2329097.130163072}, "cmdq": 0, "read": {"device_start": -1, "device_end": -1}}, "FFC_sans_bias127": {"write": {"device_start": 1585661253.9094577, "host_queued_start": 1585661321.353476, "device_queued": 1585661253.9001188, "device_end": 1585661253.9095614, "host_queued_end": 1585661321.377254}, "device": "gpu", "nd_range": {"device_start": 1585661253.909568, "device_end": 1585661253.9188473}, "cmdq": 2, "read": {"device_start": -1, "device_end": -1}}, "empty89": {"write": {"device_start": -1, "host_queued_start": 1585661321.406211, "device_queued": -1, "device_end": -1, "host_queued_end": 1585661321.613063}, "device": "cpu", "nd_range": {"device_start": 2329095.8027522992, "device_end": 2329095.802753323}, "cmdq": 1, "read": {"device_start": -1, "device_end": -1}}, "FFC_sans_bias123": {"write": {"device_start": -1, "host_queued_start": 1585661321.366515, "device_queued": -1, "device_end": -1, "host_queued_end": 1585661321.377254}, "device": "gpu", "nd_range": {"device_start": 1585661253.9359725, "device_end": 1585661253.941681}, "cmdq": 0, "read": {"device_start": -1, "device_end": -1}}, "empty80": {"write": {"device_start": -1, "host_queued_start": 1585661321.403627, "device_queued": -1, "device_end": -1, "host_queued_end": 1585661321.613063}, "device": "cpu", "nd_range": {"device_start": 2329095.8027777444, "device_end": 2329095.80277844}, "cmdq": 0, "read": {"device_start": -1, "device_end": -1}}, "empty116": {"write": {"device_start": -1, "host_queued_start": 1585661321.413996, "device_queued": -1, "device_end": -1, "host_queued_end": 1585661321.613063}, "device": "cpu", "nd_range": {"device_start": 2329095.802786814, "device_end": 2329095.802787694}, "cmdq": 0, "read": {"device_start": -1, "device_end": -1}}, "softmax104": {"write": {"device_start": -1, "host_queued_start": 1585661321.565443, "device_queued": -1, "device_end": -1, "host_queued_end": 1585661321.613063}, "device": "cpu", "nd_range": {"device_start": 2329097.802410603, "device_end": 2329097.803124171}, "cmdq": 1, "read": {"device_start": -1, "device_end": -1}}, "coalesced_transpose21": {"write": {"device_start": -1, "host_queued_start": 1585661321.545315, "device_queued": -1, "device_end": -1, "host_queued_end": 1585661321.613063}, "device": "cpu", "nd_range": {"device_start": 2329097.134732204, "device_end": 2329097.135602078}, "cmdq": 2, "read": {"device_start": -1, "device_end": -1}}, "softmax14": {"write": {"device_start": -1, "host_queued_start": 1585661321.560132, "device_queued": -1, "device_end": -1, "host_queued_end": 1585661321.613063}, "device": "cpu", "nd_range": {"device_start": 2329097.482771714, "device_end": 2329097.483508508}, "cmdq": 3, "read": {"device_start": -1, "device_end": -1}}, "FFC_sans_bias69": {"write": {"device_start": -1, "host_queued_start": 1585661321.570779, "device_queued": -1, "device_end": -1, "host_queued_end": 1585661321.613063}, "device": "cpu", "nd_range": {"device_start": 2329097.9285636833, "device_end": 2329098.0443150243}, "cmdq": 2, "read": {"device_start": -1, "device_end": -1}}, "FFC_sans_bias92": {"write": {"device_start": -1, "host_queued_start": 1585661321.524611, "device_queued": -1, "device_end": -1, "host_queued_end": 1585661321.613063}, "device": "cpu", "nd_range": {"device_start": 2329097.098398874, "device_end": 2329097.17017188}, "cmdq": 1, "read": {"device_start": -1, "device_end": -1}}, "FFC_sans_bias60": {"write": {"device_start": -1, "host_queued_start": 1585661321.57012, "device_queued": -1, "device_end": -1, "host_queued_end": 1585661321.613063}, "device": "cpu", "nd_range": {"device_start": 2329097.9186593792, "device_end": 2329098.038643721}, "cmdq": 1, "read": {"device_start": -1, "device_end": -1}}, "FFC_sans_bias61": {"write": {"device_start": -1, "host_queued_start": 1585661321.595036, "device_queued": -1, "device_end": -1, "host_queued_end": 1585661321.613063}, "device": "cpu", "nd_range": {"device_start": 2329098.426613918, "device_end": 2329098.541521463}, "cmdq": 2, "read": {"device_start": -1, "device_end": -1}}, "FFC_sans_bias63": {"write": {"device_start": -1, "host_queued_start": 1585661321.494658, "device_queued": -1, "device_end": -1, "host_queued_end": 1585661321.613063}, "device": "cpu", "nd_range": {"device_start": 2329096.593212203, "device_end": 2329096.715335011}, "cmdq": 0, "read": {"device_start": -1, "device_end": -1}}, "FFC_sans_bias64": {"write": {"device_start": -1, "host_queued_start": 1585661321.487876, "device_queued": -1, "device_end": -1, "host_queued_end": 1585661321.613063}, "device": "cpu", "nd_range": {"device_start": 2329096.4732695543, "device_end": 2329096.5954360804}, "cmdq": 2, "read": {"device_start": -1, "device_end": -1}}, "FFC_sans_bias65": {"write": {"device_start": -1, "host_queued_start": 1585661321.491215, "device_queued": -1, "device_end": -1, "host_queued_end": 1585661321.613063}, "device": "cpu", "nd_range": {"device_start": 2329096.430345004, "device_end": 2329096.582020632}, "cmdq": 3, "read": {"device_start": -1, "device_end": -1}}, "FFC_sans_bias67": {"write": {"device_start": -1, "host_queued_start": 1585661321.556014, "device_queued": -1, "device_end": -1, "host_queued_end": 1585661321.613063}, "device": "cpu", "nd_range": {"device_start": 2329097.25490842, "device_end": 2329097.485347051}, "cmdq": 0, "read": {"device_start": -1, "device_end": -1}}, "coalesced_transpose111": {"write": {"device_start": -1, "host_queued_start": 1585661321.551153, "device_queued": -1, "device_end": -1, "host_queued_end": 1585661321.613063}, "device": "cpu", "nd_range": {"device_start": 2329097.160249785, "device_end": 2329097.161091993}, "cmdq": 0, "read": {"device_start": -1, "device_end": -1}}, "FFC_sans_bias136": {"write": {"device_start": 1585661253.912629, "host_queued_start": 1585661321.356806, "device_queued": 1585661253.9004517, "device_end": 1585661253.912731, "host_queued_end": 1585661321.377254}, "device": "gpu", "nd_range": {"device_start": 1585661253.9127345, "device_end": 1585661253.9220688}, "cmdq": 0, "read": {"device_start": -1, "device_end": -1}}, "FFC_sans_bias135": {"write": {"device_start": 1585661253.9191988, "host_queued_start": 1585661321.363528, "device_queued": 1585661253.9008083, "device_end": 1585661253.9192986, "host_queued_end": 1585661321.377254}, "device": "gpu", "nd_range": {"device_start": 1585661253.919303, "device_end": 1585661253.9286137}, "cmdq": 2, "read": {"device_start": -1, "device_end": -1}}, "FFC_sans_bias133": {"write": {"device_start": 1585661253.945332, "host_queued_start": 1585661321.373678, "device_queued": 1585661253.9027941, "device_end": 1585661253.945433, "host_queued_end": 1585661321.377254}, "device": "gpu", "nd_range": {"device_start": 1585661253.945436, "device_end": 1585661253.9546375}, "cmdq": 1, "read": {"device_start": 1585661253.9546392, "device_end": 1585661253.954729}}, "FFC_sans_bias132": {"write": {"device_start": -1, "host_queued_start": 1585661321.366845, "device_queued": -1, "device_end": -1, "host_queued_end": 1585661321.377254}, "device": "gpu", "nd_range": {"device_start": 1585661253.9392037, "device_end": 1585661253.9449768}, "cmdq": 1, "read": {"device_start": -1, "device_end": -1}}, "softmax68": {"write": {"device_start": -1, "host_queued_start": 1585661321.563301, "device_queued": -1, "device_end": -1, "host_queued_end": 1585661321.613063}, "device": "cpu", "nd_range": {"device_start": 2329097.801675299, "device_end": 2329097.802400817}, "cmdq": 1, "read": {"device_start": -1, "device_end": -1}}, "softmax131": {"write": {"device_start": -1, "host_queued_start": 1585661321.365948, "device_queued": -1, "device_end": -1, "host_queued_end": 1585661321.377254}, "device": "gpu", "nd_range": {"device_start": 1585661253.9351122, "device_end": 1585661253.9392025}, "cmdq": 1, "read": {"device_start": -1, "device_end": -1}}, "empty125": {"write": {"device_start": 1585661253.8979855, "host_queued_start": 1585661321.327602, "device_queued": 1585661253.8976614, "device_end": 1585661253.8982122, "host_queued_end": 1585661321.377254}, "device": "gpu", "nd_range": {"device_start": 1585661253.8982563, "device_end": 1585661253.898264}, "cmdq": 0, "read": {"device_start": -1, "device_end": -1}}, "FFC_sans_bias139": {"write": {"device_start": -1, "host_queued_start": 1585661321.365445, "device_queued": -1, "device_end": -1, "host_queued_end": 1585661321.377254}, "device": "gpu", "nd_range": {"device_start": 1585661253.9348998, "device_end": 1585661253.9384189}, "cmdq": 2, "read": {"device_start": -1, "device_end": -1}}, "empty35": {"write": {"device_start": -1, "host_queued_start": 1585661321.389937, "device_queued": -1, "device_end": -1, "host_queued_end": 1585661321.613063}, "device": "cpu", "nd_range": {"device_start": 2329095.802758643, "device_end": 2329095.802759365}, "cmdq": 3, "read": {"device_start": -1, "device_end": -1}}, "softmax86": {"write": {"device_start": -1, "host_queued_start": 1585661321.564393, "device_queued": -1, "device_end": -1, "host_queued_end": 1585661321.613063}, "device": "cpu", "nd_range": {"device_start": 2329097.644551155, "device_end": 2329097.645274554}, "cmdq": 3, "read": {"device_start": -1, "device_end": -1}}, "FFC_sans_bias55": {"write": {"device_start": -1, "host_queued_start": 1585661321.484549, "device_queued": -1, "device_end": -1, "host_queued_end": 1585661321.613063}, "device": "cpu", "nd_range": {"device_start": 2329096.59227981, "device_end": 2329096.756917367}, "cmdq": 1, "read": {"device_start": -1, "device_end": -1}}, "FFC_sans_bias54": {"write": {"device_start": -1, "host_queued_start": 1585661321.481249, "device_queued": -1, "device_end": -1, "host_queued_end": 1585661321.613063}, "device": "cpu", "nd_range": {"device_start": 2329096.470388017, "device_end": 2329096.593199909}, "cmdq": 0, "read": {"device_start": -1, "device_end": -1}}, "FFC_sans_bias56": {"write": {"device_start": -1, "host_queued_start": 1585661321.477879, "device_queued": -1, "device_end": -1, "host_queued_end": 1585661321.613063}, "device": "cpu", "nd_range": {"device_start": 2329096.297759767, "device_end": 2329096.42856353}, "cmdq": 3, "read": {"device_start": -1, "device_end": -1}}, "FFC_sans_bias51": {"write": {"device_start": -1, "host_queued_start": 1585661321.569525, "device_queued": -1, "device_end": -1, "host_queued_end": 1585661321.613063}, "device": "cpu", "nd_range": {"device_start": 2329097.706132146, "device_end": 2329097.847541747}, "cmdq": 0, "read": {"device_start": -1, "device_end": -1}}, "FFC_sans_bias52": {"write": {"device_start": -1, "host_queued_start": 1585661321.59206, "device_queued": -1, "device_end": -1, "host_queued_end": 1585661321.613063}, "device": "cpu", "nd_range": {"device_start": 2329098.3005201113, "device_end": 2329098.428704989}, "cmdq": 1, "read": {"device_start": -1, "device_end": -1}}, "FFC_sans_bias58": {"write": {"device_start": -1, "host_queued_start": 1585661321.555414, "device_queued": -1, "device_end": -1, "host_queued_end": 1585661321.613063}, "device": "cpu", "nd_range": {"device_start": 2329097.256916691, "device_end": 2329097.345898781}, "cmdq": 3, "read": {"device_start": -1, "device_end": -1}}, "FFC_sans_bias108": {"write": {"device_start": -1, "host_queued_start": 1585661321.537674, "device_queued": -1, "device_end": -1, "host_queued_end": 1585661321.613063}, "device": "cpu", "nd_range": {"device_start": 2329097.170187036, "device_end": 2329097.290395651}, "cmdq": 1, "read": {"device_start": -1, "device_end": -1}}, "FFC_sans_bias109": {"write": {"device_start": -1, "host_queued_start": 1585661321.540719, "device_queued": -1, "device_end": -1, "host_queued_end": 1585661321.613063}, "device": "cpu", "nd_range": {"device_start": 2329097.014657246, "device_end": 2329097.134717348}, "cmdq": 2, "read": {"device_start": -1, "device_end": -1}}, "coalesced_transpose129": {"write": {"device_start": -1, "host_queued_start": 1585661321.364181, "device_queued": -1, "device_end": -1, "host_queued_end": 1585661321.377254}, "device": "gpu", "nd_range": {"device_start": 1585661253.9253354, "device_end": 1585661253.9284303}, "cmdq": 1, "read": {"device_start": -1, "device_end": -1}}, "FFC_sans_bias103": {"write": {"device_start": -1, "host_queued_start": 1585661321.558451, "device_queued": -1, "device_end": -1, "host_queued_end": 1585661321.613063}, "device": "cpu", "nd_range": {"device_start": 2329097.485531515, "device_end": 2329097.5774016413}, "cmdq": 0, "read": {"device_start": -1, "device_end": -1}}, "FFC_sans_bias100": {"write": {"device_start": -1, "host_queued_start": 1585661321.531262, "device_queued": -1, "device_end": -1, "host_queued_end": 1585661321.613063}, "device": "cpu", "nd_range": {"device_start": 2329096.8287516823, "device_end": 2329096.951986519}, "cmdq": 3, "read": {"device_start": -1, "device_end": -1}}, "FFC_sans_bias101": {"write": {"device_start": -1, "host_queued_start": 1585661321.534591, "device_queued": -1, "device_end": -1, "host_queued_end": 1585661321.613063}, "device": "cpu", "nd_range": {"device_start": 2329097.001746992, "device_end": 2329097.129287324}, "cmdq": 0, "read": {"device_start": -1, "device_end": -1}}, "FFC_sans_bias106": {"write": {"device_start": -1, "host_queued_start": 1585661321.610049, "device_queued": -1, "device_end": -1, "host_queued_end": 1585661321.613063}, "device": "cpu", "nd_range": {"device_start": 2329098.382869895, "device_end": 2329098.5052560363}, "cmdq": 3, "read": {"device_start": -1, "device_end": -1}}, "softmax122": {"write": {"device_start": -1, "host_queued_start": 1585661321.3657, "device_queued": -1, "device_end": -1, "host_queued_end": 1585661321.377254}, "device": "gpu", "nd_range": {"device_start": 1585661253.9317925, "device_end": 1585661253.9359715}, "cmdq": 0, "read": {"device_start": -1, "device_end": -1}}, "FFC_sans_bias105": {"write": {"device_start": -1, "host_queued_start": 1585661321.573155, "device_queued": -1, "device_end": -1, "host_queued_end": 1585661321.613063}, "device": "cpu", "nd_range": {"device_start": 2329098.0444847164, "device_end": 2329098.2605980122}, "cmdq": 2, "read": {"device_start": -1, "device_end": -1}}, "softmax95": {"write": {"device_start": -1, "host_queued_start": 1585661321.564917, "device_queued": -1, "device_end": -1, "host_queued_end": 1585661321.613063}, "device": "cpu", "nd_range": {"device_start": 2329097.5788968303, "device_end": 2329097.57963748}, "cmdq": 0, "read": {"device_start": -1, "device_end": -1}}, "coalesced_transpose57": {"write": {"device_start": -1, "host_queued_start": 1585661321.547655, "device_queued": -1, "device_end": -1, "host_queued_end": 1585661321.613063}, "device": "cpu", "nd_range": {"device_start": 2329097.135613758, "device_end": 2329097.136477364}, "cmdq": 2, "read": {"device_start": -1, "device_end": -1}}, "empty26": {"write": {"device_start": -1, "host_queued_start": 1585661321.386988, "device_queued": -1, "device_end": -1, "host_queued_end": 1585661321.613063}, "device": "cpu", "nd_range": {"device_start": 2329095.802714957, "device_end": 2329095.8027213523}, "cmdq": 2, "read": {"device_start": -1, "device_end": -1}}, "softmax113": {"write": {"device_start": -1, "host_queued_start": 1585661321.565965, "device_queued": -1, "device_end": -1, "host_queued_end": 1585661321.613063}, "device": "cpu", "nd_range": {"device_start": 2329097.807531137, "device_end": 2329097.808267236}, "cmdq": 2, "read": {"device_start": -1, "device_end": -1}}, "FFC_sans_bias11": {"write": {"device_start": -1, "host_queued_start": 1585661321.434163, "device_queued": -1, "device_end": -1, "host_queued_end": 1585661321.613063}, "device": "cpu", "nd_range": {"device_start": 2329095.9262745893, "device_end": 2329096.049003248}, "cmdq": 2, "read": {"device_start": -1, "device_end": -1}}, "FFC_sans_bias42": {"write": {"device_start": -1, "host_queued_start": 1585661321.568937, "device_queued": -1, "device_end": -1, "host_queued_end": 1585661321.613063}, "device": "cpu", "nd_range": {"device_start": 2329097.700069591, "device_end": 2329097.784272685}, "cmdq": 3, "read": {"device_start": -1, "device_end": -1}}, "FFC_sans_bias43": {"write": {"device_start": -1, "host_queued_start": 1585661321.589049, "device_queued": -1, "device_end": -1, "host_queued_end": 1585661321.613063}, "device": "cpu", "nd_range": {"device_start": 2329098.136241421, "device_end": 2329098.259845463}, "cmdq": 0, "read": {"device_start": -1, "device_end": -1}}, "FFC_sans_bias40": {"write": {"device_start": -1, "host_queued_start": 1585661321.55412, "device_queued": -1, "device_end": -1, "host_queued_end": 1585661321.613063}, "device": "cpu", "nd_range": {"device_start": 2329097.427813744, "device_end": 2329097.5382395713}, "cmdq": 1, "read": {"device_start": -1, "device_end": -1}}, "FFC_sans_bias46": {"write": {"device_start": -1, "host_queued_start": 1585661321.471134, "device_queued": -1, "device_end": -1, "host_queued_end": 1585661321.613063}, "device": "cpu", "nd_range": {"device_start": 2329096.4103536634, "device_end": 2329096.592261434}, "cmdq": 1, "read": {"device_start": -1, "device_end": -1}}, "FFC_sans_bias47": {"write": {"device_start": -1, "host_queued_start": 1585661321.474481, "device_queued": -1, "device_end": -1, "host_queued_end": 1585661321.613063}, "device": "cpu", "nd_range": {"device_start": 2329096.2957913573, "device_end": 2329096.4730696483}, "cmdq": 2, "read": {"device_start": -1, "device_end": -1}}, "FFC_sans_bias45": {"write": {"device_start": -1, "host_queued_start": 1585661321.467825, "device_queued": -1, "device_end": -1, "host_queued_end": 1585661321.613063}, "device": "cpu", "nd_range": {"device_start": 2329096.347404406, "device_end": 2329096.47014808}, "cmdq": 0, "read": {"device_start": -1, "device_end": -1}}, "FFC_sans_bias49": {"write": {"device_start": -1, "host_queued_start": 1585661321.554725, "device_queued": -1, "device_end": -1, "host_queued_end": 1585661321.613063}, "device": "cpu", "nd_range": {"device_start": 2329097.40179539, "device_end": 2329097.5249380614}, "cmdq": 2, "read": {"device_start": -1, "device_end": -1}}, "softmax77": {"write": {"device_start": -1, "host_queued_start": 1585661321.563844, "device_queued": -1, "device_end": -1, "host_queued_end": 1585661321.613063}, "device": "cpu", "nd_range": {"device_start": 2329097.6708160653, "device_end": 2329097.671522812}, "cmdq": 2, "read": {"device_start": -1, "device_end": -1}}, "empty134": {"write": {"device_start": 1585661253.898321, "host_queued_start": 1585661321.330981, "device_queued": 1585661253.8978837, "device_end": 1585661253.8985732, "host_queued_end": 1585661321.377254}, "device": "gpu", "nd_range": {"device_start": 1585661253.8985846, "device_end": 1585661253.89859}, "cmdq": 1, "read": {"device_start": -1, "device_end": -1}}, "coalesced_transpose138": {"write": {"device_start": -1, "host_queued_start": 1585661321.364486, "device_queued": -1, "device_end": -1, "host_queued_end": 1585661321.377254}, "device": "gpu", "nd_range": {"device_start": 1585661253.9286191, "device_end": 1585661253.9348989}, "cmdq": 2, "read": {"device_start": -1, "device_end": -1}}, "FFC_sans_bias119": {"write": {"device_start": 1585661253.8996682, "host_queued_start": 1585661321.343539, "device_queued": 1585661253.8992398, "device_end": 1585661253.8997624, "host_queued_end": 1585661321.377254}, "device": "gpu", "nd_range": {"device_start": 1585661253.8997645, "device_end": 1585661253.909069}, "cmdq": 2, "read": {"device_start": -1, "device_end": -1}}, "FFC_sans_bias118": {"write": {"device_start": 1585661253.8993638, "host_queued_start": 1585661321.340181, "device_queued": 1585661253.8991134, "device_end": 1585661253.8996172, "host_queued_end": 1585661321.377254}, "device": "gpu", "nd_range": {"device_start": 1585661253.8996215, "device_end": 1585661253.9057941}, "cmdq": 1, "read": {"device_start": -1, "device_end": -1}}, "empty143": {"write": {"device_start": 1585661253.89868, "host_queued_start": 1585661321.333906, "device_queued": 1585661253.898224, "device_end": 1585661253.898969, "host_queued_end": 1585661321.377254}, "device": "gpu", "nd_range": {"device_start": 1585661253.8989723, "device_end": 1585661253.8989768}, "cmdq": 2, "read": {"device_start": -1, "device_end": -1}}, "FFC_sans_bias115": {"write": {"device_start": -1, "host_queued_start": 1585661321.613007, "device_queued": -1, "device_end": -1, "host_queued_end": 1585661321.613063}, "device": "cpu", "nd_range": {"device_start": 2329098.406322264, "device_end": 2329098.5622632103}, "cmdq": 0, "read": {"device_start": -1, "device_end": -1}}, "FFC_sans_bias114": {"write": {"device_start": -1, "host_queued_start": 1585661321.573753, "device_queued": -1, "device_end": -1, "host_queued_end": 1585661321.613063}, "device": "cpu", "nd_range": {"device_start": 2329097.984631238, "device_end": 2329098.107133508}, "cmdq": 3, "read": {"device_start": -1, "device_end": -1}}, "FFC_sans_bias117": {"write": {"device_start": 1585661253.89901, "host_queued_start": 1585661321.336769, "device_queued": 1585661253.898586, "device_end": 1585661253.8991036, "host_queued_end": 1585661321.377254}, "device": "gpu", "nd_range": {"device_start": 1585661253.8991067, "device_end": 1585661253.9024675}, "cmdq": 0, "read": {"device_start": -1, "device_end": -1}}, "softmax5": {"write": {"device_start": -1, "host_queued_start": 1585661321.559609, "device_queued": -1, "device_end": -1, "host_queued_end": 1585661321.613063}, "device": "cpu", "nd_range": {"device_start": 2329097.641124797, "device_end": 2329097.641845174}, "cmdq": 2, "read": {"device_start": -1, "device_end": -1}}, "FFC_sans_bias110": {"write": {"device_start": -1, "host_queued_start": 1585661321.543795, "device_queued": -1, "device_end": -1, "host_queued_end": 1585661321.613063}, "device": "cpu", "nd_range": {"device_start": 2329096.9522102973, "device_end": 2329097.0753830243}, "cmdq": 3, "read": {"device_start": -1, "device_end": -1}}, "FFC_sans_bias112": {"write": {"device_start": -1, "host_queued_start": 1585661321.559077, "device_queued": -1, "device_end": -1, "host_queued_end": 1585661321.613063}, "device": "cpu", "nd_range": {"device_start": 2329097.64531689, "device_end": 2329097.80091477}, "cmdq": 1, "read": {"device_start": -1, "device_end": -1}}, "empty53": {"write": {"device_start": -1, "host_queued_start": 1585661321.395536, "device_queued": -1, "device_end": -1, "host_queued_end": 1585661321.613063}, "device": "cpu", "nd_range": {"device_start": 2329095.802744045, "device_end": 2329095.8027453274}, "cmdq": 1, "read": {"device_start": -1, "device_end": -1}}, "coalesced_transpose48": {"write": {"device_start": -1, "host_queued_start": 1585661321.547075, "device_queued": -1, "device_end": -1, "host_queued_end": 1585661321.613063}, "device": "cpu", "nd_range": {"device_start": 2329097.2914264, "device_end": 2329097.292400842}, "cmdq": 1, "read": {"device_start": -1, "device_end": -1}}}