{"FFC_sans_bias4": {"write": {"device_start": -1, "host_queued_start": 1585660892.900659, "device_queued": -1, "device_end": -1, "host_queued_end": 1585660892.94792}, "device": "cpu", "nd_range": {"device_start": 2328668.2403366943, "device_end": 2328668.363534418}, "cmdq": 2, "read": {"device_start": -1, "device_end": -1}}, "FFC_sans_bias7": {"write": {"device_start": -1, "host_queued_start": 1585660892.920826, "device_queued": -1, "device_end": -1, "host_queued_end": 1585660892.94792}, "device": "cpu", "nd_range": {"device_start": 2328668.979194454, "device_end": 2328669.10170437}, "cmdq": 0, "read": {"device_start": -1, "device_end": -1}}, "FFC_sans_bias6": {"write": {"device_start": -1, "host_queued_start": 1585660892.911997, "device_queued": -1, "device_end": -1, "host_queued_end": 1585660892.94792}, "device": "cpu", "nd_range": {"device_start": 2328668.588050092, "device_end": 2328668.711650536}, "cmdq": 2, "read": {"device_start": -1, "device_end": -1}}, "FFC_sans_bias1": {"write": {"device_start": -1, "host_queued_start": 1585660892.801499, "device_queued": -1, "device_end": -1, "host_queued_end": 1585660892.94792}, "device": "cpu", "nd_range": {"device_start": 2328667.137628503, "device_end": 2328667.290435771}, "cmdq": 3, "read": {"device_start": -1, "device_end": -1}}, "FFC_sans_bias0": {"write": {"device_start": -1, "host_queued_start": 1585660892.797821, "device_queued": -1, "device_end": -1, "host_queued_end": 1585660892.94792}, "device": "cpu", "nd_range": {"device_start": 2328667.139044199, "device_end": 2328667.3045165413}, "cmdq": 2, "read": {"device_start": -1, "device_end": -1}}, "FFC_sans_bias2": {"write": {"device_start": -1, "host_queued_start": 1585660892.805064, "device_queued": -1, "device_end": -1, "host_queued_end": 1585660892.94792}, "device": "cpu", "nd_range": {"device_start": 2328667.1376510463, "device_end": 2328667.29256221}, "cmdq": 0, "read": {"device_start": -1, "device_end": -1}}, "coalesced_transpose120": {"write": {"device_start": -1, "host_queued_start": 1585660892.738644, "device_queued": -1, "device_end": -1, "host_queued_end": 1585660892.764542}, "device": "gpu", "nd_range": {"device_start": 1585660825.360754, "device_end": 1585660825.3607993}, "cmdq": 1, "read": {"device_start": -1, "device_end": -1}}, "FFC_sans_bias9": {"write": {"device_start": -1, "host_queued_start": 1585660892.808573, "device_queued": -1, "device_end": -1, "host_queued_end": 1585660892.94792}, "device": "cpu", "nd_range": {"device_start": 2328667.1376278424, "device_end": 2328667.2688487563}, "cmdq": 1, "read": {"device_start": -1, "device_end": -1}}, "empty71": {"write": {"device_start": -1, "host_queued_start": 1585660892.789177, "device_queued": -1, "device_end": -1, "host_queued_end": 1585660892.94792}, "device": "cpu", "nd_range": {"device_start": 2328667.137600869, "device_end": 2328667.13760193}, "cmdq": 3, "read": {"device_start": -1, "device_end": -1}}, "softmax41": {"write": {"device_start": -1, "host_queued_start": 1585660892.908771, "device_queued": -1, "device_end": -1, "host_queued_end": 1585660892.94792}, "device": "cpu", "nd_range": {"device_start": 2328668.5331618222, "device_end": 2328668.5341538703}, "cmdq": 0, "read": {"device_start": -1, "device_end": -1}}, "FFC_sans_bias37": {"write": {"device_start": -1, "host_queued_start": 1585660892.842884, "device_queued": -1, "device_end": -1, "host_queued_end": 1585660892.94792}, "device": "cpu", "nd_range": {"device_start": 2328667.534682332, "device_end": 2328667.6562775173}, "cmdq": 3, "read": {"device_start": -1, "device_end": -1}}, "FFC_sans_bias36": {"write": {"device_start": -1, "host_queued_start": 1585660892.839546, "device_queued": -1, "device_end": -1, "host_queued_end": 1585660892.94792}, "device": "cpu", "nd_range": {"device_start": 2328667.714538524, "device_end": 2328667.837356252}, "cmdq": 2, "read": {"device_start": -1, "device_end": -1}}, "FFC_sans_bias34": {"write": {"device_start": -1, "host_queued_start": 1585660892.929808, "device_queued": -1, "device_end": -1, "host_queued_end": 1585660892.94792}, "device": "cpu", "nd_range": {"device_start": 2328668.99459091, "device_end": 2328669.117209455}, "cmdq": 3, "read": {"device_start": -1, "device_end": -1}}, "FFC_sans_bias33": {"write": {"device_start": -1, "host_queued_start": 1585660892.913869, "device_queued": -1, "device_end": -1, "host_queued_end": 1585660892.94792}, "device": "cpu", "nd_range": {"device_start": 2328668.5834715962, "device_end": 2328668.712301616}, "cmdq": 1, "read": {"device_start": -1, "device_end": -1}}, "FFC_sans_bias31": {"write": {"device_start": -1, "host_queued_start": 1585660892.902474, "device_queued": -1, "device_end": -1, "host_queued_end": 1585660892.94792}, "device": "cpu", "nd_range": {"device_start": 2328668.252899688, "device_end": 2328668.485388807}, "cmdq": 1, "read": {"device_start": -1, "device_end": -1}}, "FFC_sans_bias38": {"write": {"device_start": -1, "host_queued_start": 1585660892.846253, "device_queued": -1, "device_end": -1, "host_queued_end": 1585660892.94792}, "device": "cpu", "nd_range": {"device_start": 2328667.5385208214, "device_end": 2328667.6610028814}, "cmdq": 0, "read": {"device_start": -1, "device_end": -1}}, "coalesced_transpose75": {"write": {"device_start": -1, "host_queued_start": 1585660892.899494, "device_queued": -1, "device_end": -1, "host_queued_end": 1585660892.94792}, "device": "cpu", "nd_range": {"device_start": 2328668.133716452, "device_end": 2328668.134638187}, "cmdq": 0, "read": {"device_start": -1, "device_end": -1}}, "softmax140": {"write": {"device_start": -1, "host_queued_start": 1585660892.742661, "device_queued": -1, "device_end": -1, "host_queued_end": 1585660892.764542}, "device": "gpu", "nd_range": {"device_start": 1585660825.3780785, "device_end": 1585660825.3784916}, "cmdq": 1, "read": {"device_start": -1, "device_end": -1}}, "empty44": {"write": {"device_start": -1, "host_queued_start": 1585660892.780984, "device_queued": -1, "device_end": -1, "host_queued_end": 1585660892.94792}, "device": "cpu", "nd_range": {"device_start": 2328667.1376364413, "device_end": 2328667.137638164}, "cmdq": 0, "read": {"device_start": -1, "device_end": -1}}, "FFC_sans_bias137": {"write": {"device_start": 1585660825.3482604, "host_queued_start": 1585660892.733912, "device_queued": 1585660825.3025777, "device_end": 1585660825.348362, "host_queued_end": 1585660892.764542}, "device": "gpu", "nd_range": {"device_start": 1585660825.3483665, "device_end": 1585660825.354404}, "cmdq": 0, "read": {"device_start": -1, "device_end": -1}}, "empty8": {"write": {"device_start": -1, "host_queued_start": 1585660892.768759, "device_queued": -1, "device_end": -1, "host_queued_end": 1585660892.94792}, "device": "cpu", "nd_range": {"device_start": 2328667.137606786, "device_end": 2328667.1376108653}, "cmdq": 0, "read": {"device_start": -1, "device_end": -1}}, "softmax50": {"write": {"device_start": -1, "host_queued_start": 1585660892.909293, "device_queued": -1, "device_end": -1, "host_queued_end": 1585660892.94792}, "device": "cpu", "nd_range": {"device_start": 2328668.580971632, "device_end": 2328668.582442129}, "cmdq": 1, "read": {"device_start": -1, "device_end": -1}}, "softmax59": {"write": {"device_start": -1, "host_queued_start": 1585660892.909816, "device_queued": -1, "device_end": -1, "host_queued_end": 1585660892.94792}, "device": "cpu", "nd_range": {"device_start": 2328668.579606483, "device_end": 2328668.5878811693}, "cmdq": 2, "read": {"device_start": -1, "device_end": -1}}, "FFC_sans_bias142": {"write": {"device_start": 1585660825.4086232, "host_queued_start": 1585660892.764433, "device_queued": 1585660825.307332, "device_end": 1585660825.4087212, "host_queued_end": 1585660892.764542}, "device": "gpu", "nd_range": {"device_start": 1585660825.408724, "device_end": 1585660825.414436}, "cmdq": 1, "read": {"device_start": 1585660825.4144387, "device_end": 1585660825.4145286}}, "FFC_sans_bias141": {"write": {"device_start": -1, "host_queued_start": 1585660892.744577, "device_queued": -1, "device_end": -1, "host_queued_end": 1585660892.764542}, "device": "gpu", "nd_range": {"device_start": 1585660825.3884904, "device_end": 1585660825.39491}, "cmdq": 1, "read": {"device_start": -1, "device_end": -1}}, "FFC_sans_bias24": {"write": {"device_start": -1, "host_queued_start": 1585660892.913273, "device_queued": -1, "device_end": -1, "host_queued_end": 1585660892.94792}, "device": "cpu", "nd_range": {"device_start": 2328668.5796760083, "device_end": 2328668.855844736}, "cmdq": 0, "read": {"device_start": -1, "device_end": -1}}, "FFC_sans_bias25": {"write": {"device_start": -1, "host_queued_start": 1585660892.926834, "device_queued": -1, "device_end": -1, "host_queued_end": 1585660892.94792}, "device": "cpu", "nd_range": {"device_start": 2328669.031169717, "device_end": 2328669.154280938}, "cmdq": 2, "read": {"device_start": -1, "device_end": -1}}, "FFC_sans_bias27": {"write": {"device_start": -1, "host_queued_start": 1585660892.829375, "device_queued": -1, "device_end": -1, "host_queued_end": 1585660892.94792}, "device": "cpu", "nd_range": {"device_start": 2328667.412856928, "device_end": 2328667.534668796}, "cmdq": 3, "read": {"device_start": -1, "device_end": -1}}, "FFC_sans_bias20": {"write": {"device_start": -1, "host_queued_start": 1585660892.82603, "device_queued": -1, "device_end": -1, "host_queued_end": 1585660892.94792}, "device": "cpu", "nd_range": {"device_start": 2328667.550996258, "device_end": 2328667.7145210854}, "cmdq": 2, "read": {"device_start": -1, "device_end": -1}}, "FFC_sans_bias22": {"write": {"device_start": -1, "host_queued_start": 1585660892.901875, "device_queued": -1, "device_end": -1, "host_queued_end": 1585660892.94792}, "device": "cpu", "nd_range": {"device_start": 2328668.239950195, "device_end": 2328668.312728646}, "cmdq": 0, "read": {"device_start": -1, "device_end": -1}}, "FFC_sans_bias130": {"write": {"device_start": -1, "host_queued_start": 1585660892.740835, "device_queued": -1, "device_end": -1, "host_queued_end": 1585660892.764542}, "device": "gpu", "nd_range": {"device_start": 1585660825.3675487, "device_end": 1585660825.3739882}, "cmdq": 0, "read": {"device_start": -1, "device_end": -1}}, "FFC_sans_bias28": {"write": {"device_start": -1, "host_queued_start": 1585660892.832778, "device_queued": -1, "device_end": -1, "host_queued_end": 1585660892.94792}, "device": "cpu", "nd_range": {"device_start": 2328667.415783068, "device_end": 2328667.538363648}, "cmdq": 0, "read": {"device_start": -1, "device_end": -1}}, "FFC_sans_bias29": {"write": {"device_start": -1, "host_queued_start": 1585660892.836144, "device_queued": -1, "device_end": -1, "host_queued_end": 1585660892.94792}, "device": "cpu", "nd_range": {"device_start": 2328667.398295319, "device_end": 2328667.52916604}, "cmdq": 1, "read": {"device_start": -1, "device_end": -1}}, "coalesced_transpose66": {"write": {"device_start": -1, "host_queued_start": 1585660892.898922, "device_queued": -1, "device_end": -1, "host_queued_end": 1585660892.94792}, "device": "cpu", "nd_range": {"device_start": 2328668.1834220663, "device_end": 2328668.184278468}, "cmdq": 3, "read": {"device_start": -1, "device_end": -1}}, "coalesced_transpose93": {"write": {"device_start": -1, "host_queued_start": 1585660892.737583, "device_queued": -1, "device_end": -1, "host_queued_end": 1585660892.764542}, "device": "gpu", "nd_range": {"device_start": 1585660825.3544066, "device_end": 1585660825.357457}, "cmdq": 0, "read": {"device_start": -1, "device_end": -1}}, "softmax23": {"write": {"device_start": -1, "host_queued_start": 1585660892.907726, "device_queued": -1, "device_end": -1, "host_queued_end": 1585660892.94792}, "device": "cpu", "nd_range": {"device_start": 2328668.578650266, "device_end": 2328668.579373035}, "cmdq": 2, "read": {"device_start": -1, "device_end": -1}}, "empty62": {"write": {"device_start": -1, "host_queued_start": 1585660892.786461, "device_queued": -1, "device_end": -1, "host_queued_end": 1585660892.94792}, "device": "cpu", "nd_range": {"device_start": 2328667.13760202, "device_end": 2328667.137603299}, "cmdq": 2, "read": {"device_start": -1, "device_end": -1}}, "FFC_sans_bias10": {"write": {"device_start": -1, "host_queued_start": 1585660892.812123, "device_queued": -1, "device_end": -1, "host_queued_end": 1585660892.94792}, "device": "cpu", "nd_range": {"device_start": 2328667.304545225, "device_end": 2328667.5509770433}, "cmdq": 2, "read": {"device_start": -1, "device_end": -1}}, "FFC_sans_bias13": {"write": {"device_start": -1, "host_queued_start": 1585660892.901255, "device_queued": -1, "device_end": -1, "host_queued_end": 1585660892.94792}, "device": "cpu", "nd_range": {"device_start": 2328668.1842866694, "device_end": 2328668.359114542}, "cmdq": 3, "read": {"device_start": -1, "device_end": -1}}, "FFC_sans_bias15": {"write": {"device_start": -1, "host_queued_start": 1585660892.912626, "device_queued": -1, "device_end": -1, "host_queued_end": 1585660892.94792}, "device": "cpu", "nd_range": {"device_start": 2328668.5849397383, "device_end": 2328668.733391559}, "cmdq": 3, "read": {"device_start": -1, "device_end": -1}}, "FFC_sans_bias16": {"write": {"device_start": -1, "host_queued_start": 1585660892.923833, "device_queued": -1, "device_end": -1, "host_queued_end": 1585660892.94792}, "device": "cpu", "nd_range": {"device_start": 2328668.785298623, "device_end": 2328668.915744517}, "cmdq": 1, "read": {"device_start": -1, "device_end": -1}}, "FFC_sans_bias19": {"write": {"device_start": -1, "host_queued_start": 1585660892.822667, "device_queued": -1, "device_end": -1, "host_queued_end": 1585660892.94792}, "device": "cpu", "nd_range": {"device_start": 2328667.2690947084, "device_end": 2328667.398271367}, "cmdq": 1, "read": {"device_start": -1, "device_end": -1}}, "FFC_sans_bias18": {"write": {"device_start": -1, "host_queued_start": 1585660892.819178, "device_queued": -1, "device_end": -1, "host_queued_end": 1585660892.94792}, "device": "cpu", "nd_range": {"device_start": 2328667.292734187, "device_end": 2328667.415614866}, "cmdq": 0, "read": {"device_start": -1, "device_end": -1}}, "FFC_sans_bias99": {"write": {"device_start": 1585660825.3058643, "host_queued_start": 1585660892.690637, "device_queued": 1585660825.299387, "device_end": 1585660825.3059714, "host_queued_end": 1585660892.764542}, "device": "gpu", "nd_range": {"device_start": 1585660825.3059745, "device_end": 1585660825.3118718}, "cmdq": 1, "read": {"device_start": -1, "device_end": -1}}, "FFC_sans_bias91": {"write": {"device_start": 1585660825.2990463, "host_queued_start": 1585660892.684003, "device_queued": 1585660825.2987843, "device_end": 1585660825.2991414, "host_queued_end": 1585660892.764542}, "device": "gpu", "nd_range": {"device_start": 1585660825.2991445, "device_end": 1585660825.3054273}, "cmdq": 1, "read": {"device_start": -1, "device_end": -1}}, "FFC_sans_bias90": {"write": {"device_start": 1585660825.298631, "host_queued_start": 1585660892.680666, "device_queued": 1585660825.298303, "device_end": 1585660825.2987304, "host_queued_end": 1585660892.764542}, "device": "gpu", "nd_range": {"device_start": 1585660825.2987397, "device_end": 1585660825.302096}, "cmdq": 0, "read": {"device_start": -1, "device_end": -1}}, "coalesced_transpose12": {"write": {"device_start": -1, "host_queued_start": 1585660892.895438, "device_queued": -1, "device_end": -1, "host_queued_end": 1585660892.94792}, "device": "cpu", "nd_range": {"device_start": 2328668.106559627, "device_end": 2328668.1075653112}, "cmdq": 1, "read": {"device_start": -1, "device_end": -1}}, "FFC_sans_bias94": {"write": {"device_start": -1, "host_queued_start": 1585660892.739564, "device_queued": -1, "device_end": -1, "host_queued_end": 1585660892.764542}, "device": "gpu", "nd_range": {"device_start": 1585660825.3575299, "device_end": 1585660825.3608778}, "cmdq": 0, "read": {"device_start": -1, "device_end": -1}}, "FFC_sans_bias97": {"write": {"device_start": 1585660825.3985631, "host_queued_start": 1585660892.747817, "device_queued": 1585660825.305998, "device_end": 1585660825.398662, "host_queued_end": 1585660892.764542}, "device": "gpu", "nd_range": {"device_start": 1585660825.3986647, "device_end": 1585660825.4047084}, "cmdq": 0, "read": {"device_start": 1585660825.4047105, "device_end": 1585660825.4048078}}, "FFC_sans_bias96": {"write": {"device_start": -1, "host_queued_start": 1585660892.742976, "device_queued": -1, "device_end": -1, "host_queued_end": 1585660892.764542}, "device": "gpu", "nd_range": {"device_start": 1585660825.378731, "device_end": 1585660825.3851888}, "cmdq": 0, "read": {"device_start": -1, "device_end": -1}}, "FFC_sans_bias124": {"write": {"device_start": 1585660825.4021976, "host_queued_start": 1585660892.757814, "device_queued": 1585660825.3068044, "device_end": 1585660825.4022982, "host_queued_end": 1585660892.764542}, "device": "gpu", "nd_range": {"device_start": 1585660825.4023006, "device_end": 1585660825.4079187}, "cmdq": 1, "read": {"device_start": 1585660825.4079292, "device_end": 1585660825.408023}}, "FFC_sans_bias126": {"write": {"device_start": 1585660825.3384736, "host_queued_start": 1585660892.723892, "device_queued": 1585660825.301705, "device_end": 1585660825.3385763, "host_queued_end": 1585660892.764542}, "device": "gpu", "nd_range": {"device_start": 1585660825.338581, "device_end": 1585660825.3445835}, "cmdq": 1, "read": {"device_start": -1, "device_end": -1}}, "softmax32": {"write": {"device_start": -1, "host_queued_start": 1585660892.908245, "device_queued": -1, "device_end": -1, "host_queued_end": 1585660892.94792}, "device": "cpu", "nd_range": {"device_start": 2328668.533793311, "device_end": 2328668.5345465243}, "cmdq": 3, "read": {"device_start": -1, "device_end": -1}}, "coalesced_transpose84": {"write": {"device_start": -1, "host_queued_start": 1585660892.900065, "device_queued": -1, "device_end": -1, "host_queued_end": 1585660892.94792}, "device": "cpu", "nd_range": {"device_start": 2328668.252028183, "device_end": 2328668.252876696}, "cmdq": 1, "read": {"device_start": -1, "device_end": -1}}, "FFC_sans_bias121": {"write": {"device_start": -1, "host_queued_start": 1585660892.740521, "device_queued": -1, "device_end": -1, "host_queued_end": 1585660892.764542}, "device": "gpu", "nd_range": {"device_start": 1585660825.3642225, "device_end": 1585660825.3708153}, "cmdq": 1, "read": {"device_start": -1, "device_end": -1}}, "empty98": {"write": {"device_start": 1585660825.2966366, "host_queued_start": 1585660892.663636, "device_queued": 1585660825.2962842, "device_end": 1585660825.2968667, "host_queued_end": 1585660892.764542}, "device": "gpu", "nd_range": {"device_start": 1585660825.2968793, "device_end": 1585660825.296885}, "cmdq": 0, "read": {"device_start": -1, "device_end": -1}}, "empty107": {"write": {"device_start": 1585660825.2969964, "host_queued_start": 1585660892.667067, "device_queued": 1585660825.2965991, "device_end": 1585660825.297277, "host_queued_end": 1585660892.764542}, "device": "gpu", "nd_range": {"device_start": 1585660825.2972867, "device_end": 1585660825.2972913}, "cmdq": 1, "read": {"device_start": -1, "device_end": -1}}, "empty17": {"write": {"device_start": -1, "host_queued_start": 1585660892.771902, "device_queued": -1, "device_end": -1, "host_queued_end": 1585660892.94792}, "device": "cpu", "nd_range": {"device_start": 2328667.1376075563, "device_end": 2328667.137608364}, "cmdq": 1, "read": {"device_start": -1, "device_end": -1}}, "FFC_sans_bias87": {"write": {"device_start": -1, "host_queued_start": 1585660892.917567, "device_queued": -1, "device_end": -1, "host_queued_end": 1585660892.94792}, "device": "cpu", "nd_range": {"device_start": 2328668.8630719353, "device_end": 2328668.994382183}, "cmdq": 3, "read": {"device_start": -1, "device_end": -1}}, "FFC_sans_bias85": {"write": {"device_start": -1, "host_queued_start": 1585660892.906137, "device_queued": -1, "device_end": -1, "host_queued_end": 1585660892.94792}, "device": "cpu", "nd_range": {"device_start": 2328668.458960091, "device_end": 2328668.533773941}, "cmdq": 3, "read": {"device_start": -1, "device_end": -1}}, "FFC_sans_bias82": {"write": {"device_start": -1, "host_queued_start": 1585660892.891367, "device_queued": -1, "device_end": -1, "host_queued_end": 1585660892.94792}, "device": "cpu", "nd_range": {"device_start": 2328668.1773745473, "device_end": 2328668.2385615613}, "cmdq": 2, "read": {"device_start": -1, "device_end": -1}}, "FFC_sans_bias83": {"write": {"device_start": -1, "host_queued_start": 1585660892.894482, "device_queued": -1, "device_end": -1, "host_queued_end": 1585660892.94792}, "device": "cpu", "nd_range": {"device_start": 2328668.106409017, "device_end": 2328668.182538712}, "cmdq": 3, "read": {"device_start": -1, "device_end": -1}}, "FFC_sans_bias81": {"write": {"device_start": -1, "host_queued_start": 1585660892.888288, "device_queued": -1, "device_end": -1, "host_queued_end": 1585660892.94792}, "device": "cpu", "nd_range": {"device_start": 2328667.9762592562, "device_end": 2328668.106374512}, "cmdq": 1, "read": {"device_start": -1, "device_end": -1}}, "FFC_sans_bias88": {"write": {"device_start": -1, "host_queued_start": 1585660892.947867, "device_queued": -1, "device_end": -1, "host_queued_end": 1585660892.94792}, "device": "cpu", "nd_range": {"device_start": 2328669.052494912, "device_end": 2328669.279395141}, "cmdq": 1, "read": {"device_start": -1, "device_end": -1}}, "coalesced_transpose30": {"write": {"device_start": -1, "host_queued_start": 1585660892.896607, "device_queued": -1, "device_end": -1, "host_queued_end": 1585660892.94792}, "device": "cpu", "nd_range": {"device_start": 2328668.182550845, "device_end": 2328668.183413126}, "cmdq": 3, "read": {"device_start": -1, "device_end": -1}}, "FFC_sans_bias128": {"write": {"device_start": 1585660825.3351989, "host_queued_start": 1585660892.72061, "device_queued": 1585660825.301472, "device_end": 1585660825.3353007, "host_queued_end": 1585660892.764542}, "device": "gpu", "nd_range": {"device_start": 1585660825.3353083, "device_end": 1585660825.341314}, "cmdq": 0, "read": {"device_start": -1, "device_end": -1}}, "coalesced_transpose39": {"write": {"device_start": -1, "host_queued_start": 1585660892.897183, "device_queued": -1, "device_end": -1, "host_queued_end": 1585660892.94792}, "device": "cpu", "nd_range": {"device_start": 2328668.1326447544, "device_end": 2328668.133569073}, "cmdq": 0, "read": {"device_start": -1, "device_end": -1}}, "FFC_sans_bias79": {"write": {"device_start": -1, "host_queued_start": 1585660892.944875, "device_queued": -1, "device_end": -1, "host_queued_end": 1585660892.94792}, "device": "cpu", "nd_range": {"device_start": 2328669.26306694, "device_end": 2328669.3047489403}, "cmdq": 0, "read": {"device_start": -1, "device_end": -1}}, "FFC_sans_bias78": {"write": {"device_start": -1, "host_queued_start": 1585660892.916974, "device_queued": -1, "device_end": -1, "host_queued_end": 1585660892.94792}, "device": "cpu", "nd_range": {"device_start": 2328668.8349503903, "device_end": 2328669.031149078}, "cmdq": 2, "read": {"device_start": -1, "device_end": -1}}, "FFC_sans_bias73": {"write": {"device_start": -1, "host_queued_start": 1585660892.881966, "device_queued": -1, "device_end": -1, "host_queued_end": 1585660892.94792}, "device": "cpu", "nd_range": {"device_start": 2328667.982866085, "device_end": 2328668.1061787}, "cmdq": 3, "read": {"device_start": -1, "device_end": -1}}, "FFC_sans_bias72": {"write": {"device_start": -1, "host_queued_start": 1585660892.878721, "device_queued": -1, "device_end": -1, "host_queued_end": 1585660892.94792}, "device": "cpu", "nd_range": {"device_start": 2328668.0853808513, "device_end": 2328668.177347787}, "cmdq": 2, "read": {"device_start": -1, "device_end": -1}}, "FFC_sans_bias70": {"write": {"device_start": -1, "host_queued_start": 1585660892.94189, "device_queued": -1, "device_end": -1, "host_queued_end": 1585660892.94792}, "device": "cpu", "nd_range": {"device_start": 2328669.1172241364, "device_end": 2328669.240792526}, "cmdq": 3, "read": {"device_start": -1, "device_end": -1}}, "FFC_sans_bias76": {"write": {"device_start": -1, "host_queued_start": 1585660892.905537, "device_queued": -1, "device_end": -1, "host_queued_end": 1585660892.94792}, "device": "cpu", "nd_range": {"device_start": 2328668.4793806993, "device_end": 2328668.578422856}, "cmdq": 2, "read": {"device_start": -1, "device_end": -1}}, "FFC_sans_bias74": {"write": {"device_start": -1, "host_queued_start": 1585660892.885137, "device_queued": -1, "device_end": -1, "host_queued_end": 1585660892.94792}, "device": "cpu", "nd_range": {"device_start": 2328667.908023784, "device_end": 2328668.131330348}, "cmdq": 0, "read": {"device_start": -1, "device_end": -1}}, "coalesced_transpose102": {"write": {"device_start": -1, "host_queued_start": 1585660892.737897, "device_queued": -1, "device_end": -1, "host_queued_end": 1585660892.764542}, "device": "gpu", "nd_range": {"device_start": 1585660825.3576634, "device_end": 1585660825.360747}, "cmdq": 1, "read": {"device_start": -1, "device_end": -1}}, "coalesced_transpose3": {"write": {"device_start": -1, "host_queued_start": 1585660892.89485, "device_queued": -1, "device_end": -1, "host_queued_end": 1585660892.94792}, "device": "cpu", "nd_range": {"device_start": 2328668.131540955, "device_end": 2328668.132484998}, "cmdq": 0, "read": {"device_start": -1, "device_end": -1}}, "FFC_sans_bias127": {"write": {"device_start": 1585660825.3417199, "host_queued_start": 1585660892.72722, "device_queued": 1585660825.3019435, "device_end": 1585660825.3418374, "host_queued_end": 1585660892.764542}, "device": "gpu", "nd_range": {"device_start": 1585660825.3418415, "device_end": 1585660825.3478525}, "cmdq": 0, "read": {"device_start": -1, "device_end": -1}}, "empty89": {"write": {"device_start": -1, "host_queued_start": 1585660892.794737, "device_queued": -1, "device_end": -1, "host_queued_end": 1585660892.94792}, "device": "cpu", "nd_range": {"device_start": 2328667.137621753, "device_end": 2328667.137622397}, "cmdq": 1, "read": {"device_start": -1, "device_end": -1}}, "FFC_sans_bias123": {"write": {"device_start": -1, "host_queued_start": 1585660892.743939, "device_queued": -1, "device_end": -1, "host_queued_end": 1585660892.764542}, "device": "gpu", "nd_range": {"device_start": 1585660825.381878, "device_end": 1585660825.3884892}, "cmdq": 1, "read": {"device_start": -1, "device_end": -1}}, "empty80": {"write": {"device_start": -1, "host_queued_start": 1585660892.791912, "device_queued": -1, "device_end": -1, "host_queued_end": 1585660892.94792}, "device": "cpu", "nd_range": {"device_start": 2328667.137644466, "device_end": 2328667.137645281}, "cmdq": 0, "read": {"device_start": -1, "device_end": -1}}, "empty116": {"write": {"device_start": 1585660825.2973237, "host_queued_start": 1585660892.66999, "device_queued": 1585660825.29689, "device_end": 1585660825.297597, "host_queued_end": 1585660892.764542}, "device": "gpu", "nd_range": {"device_start": 1585660825.29761, "device_end": 1585660825.2976143}, "cmdq": 0, "read": {"device_start": -1, "device_end": -1}}, "softmax104": {"write": {"device_start": -1, "host_queued_start": 1585660892.741661, "device_queued": -1, "device_end": -1, "host_queued_end": 1585660892.764542}, "device": "gpu", "nd_range": {"device_start": 1585660825.3772435, "device_end": 1585660825.3776608}, "cmdq": 1, "read": {"device_start": -1, "device_end": -1}}, "coalesced_transpose21": {"write": {"device_start": -1, "host_queued_start": 1585660892.896022, "device_queued": -1, "device_end": -1, "host_queued_end": 1585660892.94792}, "device": "cpu", "nd_range": {"device_start": 2328668.23858171, "device_end": 2328668.2394492254}, "cmdq": 2, "read": {"device_start": -1, "device_end": -1}}, "softmax14": {"write": {"device_start": -1, "host_queued_start": 1585660892.9072, "device_queued": -1, "device_end": -1, "host_queued_end": 1585660892.94792}, "device": "cpu", "nd_range": {"device_start": 2328668.5800834433, "device_end": 2328668.5808243672}, "cmdq": 1, "read": {"device_start": -1, "device_end": -1}}, "FFC_sans_bias69": {"write": {"device_start": -1, "host_queued_start": 1585660892.916383, "device_queued": -1, "device_end": -1, "host_queued_end": 1585660892.94792}, "device": "cpu", "nd_range": {"device_start": 2328668.712484913, "device_end": 2328668.7850710102}, "cmdq": 1, "read": {"device_start": -1, "device_end": -1}}, "FFC_sans_bias92": {"write": {"device_start": 1585660825.3024523, "host_queued_start": 1585660892.687325, "device_queued": 1585660825.299152, "device_end": 1585660825.3025556, "host_queued_end": 1585660892.764542}, "device": "gpu", "nd_range": {"device_start": 1585660825.302558, "device_end": 1585660825.3086803}, "cmdq": 0, "read": {"device_start": -1, "device_end": -1}}, "FFC_sans_bias60": {"write": {"device_start": -1, "host_queued_start": 1585660892.915722, "device_queued": -1, "device_end": -1, "host_queued_end": 1585660892.94792}, "device": "cpu", "nd_range": {"device_start": 2328668.856094953, "device_end": 2328668.979175217}, "cmdq": 0, "read": {"device_start": -1, "device_end": -1}}, "FFC_sans_bias61": {"write": {"device_start": -1, "host_queued_start": 1585660892.938902, "device_queued": -1, "device_end": -1, "host_queued_end": 1585660892.94792}, "device": "cpu", "nd_range": {"device_start": 2328669.1542892703, "device_end": 2328669.274133352}, "cmdq": 2, "read": {"device_start": -1, "device_end": -1}}, "FFC_sans_bias63": {"write": {"device_start": -1, "host_queued_start": 1585660892.875479, "device_queued": -1, "device_end": -1, "host_queued_end": 1585660892.94792}, "device": "cpu", "nd_range": {"device_start": 2328667.847522361, "device_end": 2328667.976021081}, "cmdq": 1, "read": {"device_start": -1, "device_end": -1}}, "FFC_sans_bias64": {"write": {"device_start": -1, "host_queued_start": 1585660892.868778, "device_queued": -1, "device_end": -1, "host_queued_end": 1585660892.94792}, "device": "cpu", "nd_range": {"device_start": 2328667.811075128, "device_end": 2328667.982646007}, "cmdq": 3, "read": {"device_start": -1, "device_end": -1}}, "FFC_sans_bias65": {"write": {"device_start": -1, "host_queued_start": 1585660892.872138, "device_queued": -1, "device_end": -1, "host_queued_end": 1585660892.94792}, "device": "cpu", "nd_range": {"device_start": 2328667.784218553, "device_end": 2328667.907779383}, "cmdq": 0, "read": {"device_start": -1, "device_end": -1}}, "FFC_sans_bias67": {"write": {"device_start": -1, "host_queued_start": 1585660892.904937, "device_queued": -1, "device_end": -1, "host_queued_end": 1585660892.94792}, "device": "cpu", "nd_range": {"device_start": 2328668.485410829, "device_end": 2328668.579620607}, "cmdq": 1, "read": {"device_start": -1, "device_end": -1}}, "coalesced_transpose111": {"write": {"device_start": -1, "host_queued_start": 1585660892.738322, "device_queued": -1, "device_end": -1, "host_queued_end": 1585660892.764542}, "device": "gpu", "nd_range": {"device_start": 1585660825.3574622, "device_end": 1585660825.357498}, "cmdq": 0, "read": {"device_start": -1, "device_end": -1}}, "FFC_sans_bias136": {"write": {"device_start": 1585660825.3449929, "host_queued_start": 1585660892.73052, "device_queued": 1585660825.302258, "device_end": 1585660825.3450952, "host_queued_end": 1585660892.764542}, "device": "gpu", "nd_range": {"device_start": 1585660825.3451018, "device_end": 1585660825.3511412}, "cmdq": 1, "read": {"device_start": -1, "device_end": -1}}, "FFC_sans_bias135": {"write": {"device_start": 1585660825.3515592, "host_queued_start": 1585660892.73724, "device_queued": 1585660825.3028212, "device_end": 1585660825.351659, "host_queued_end": 1585660892.764542}, "device": "gpu", "nd_range": {"device_start": 1585660825.3516626, "device_end": 1585660825.3576598}, "cmdq": 1, "read": {"device_start": -1, "device_end": -1}}, "FFC_sans_bias133": {"write": {"device_start": 1585660825.4118834, "host_queued_start": 1585660892.761131, "device_queued": 1585660825.307092, "device_end": 1585660825.41198, "host_queued_end": 1585660892.764542}, "device": "gpu", "nd_range": {"device_start": 1585660825.4119837, "device_end": 1585660825.417683}, "cmdq": 0, "read": {"device_start": 1585660825.4176874, "device_end": 1585660825.4177802}}, "FFC_sans_bias132": {"write": {"device_start": -1, "host_queued_start": 1585660892.744258, "device_queued": -1, "device_end": -1, "host_queued_end": 1585660892.764542}, "device": "gpu", "nd_range": {"device_start": 1585660825.391637, "device_end": 1585660825.3981807}, "cmdq": 0, "read": {"device_start": -1, "device_end": -1}}, "softmax68": {"write": {"device_start": -1, "host_queued_start": 1585660892.910336, "device_queued": -1, "device_end": -1, "host_queued_end": 1585660892.94792}, "device": "cpu", "nd_range": {"device_start": 2328668.583219808, "device_end": 2328668.583966094}, "cmdq": 3, "read": {"device_start": -1, "device_end": -1}}, "softmax131": {"write": {"device_start": -1, "host_queued_start": 1585660892.742411, "device_queued": -1, "device_end": -1, "host_queued_end": 1585660892.764542}, "device": "gpu", "nd_range": {"device_start": 1585660825.3782089, "device_end": 1585660825.3787298}, "cmdq": 0, "read": {"device_start": -1, "device_end": -1}}, "empty125": {"write": {"device_start": 1585660825.2976637, "host_queued_start": 1585660892.672682, "device_queued": 1585660825.2973015, "device_end": 1585660825.2978704, "host_queued_end": 1585660892.764542}, "device": "gpu", "nd_range": {"device_start": 1585660825.2978745, "device_end": 1585660825.2978823}, "cmdq": 1, "read": {"device_start": -1, "device_end": -1}}, "FFC_sans_bias139": {"write": {"device_start": -1, "host_queued_start": 1585660892.741154, "device_queued": -1, "device_end": -1, "host_queued_end": 1585660892.764542}, "device": "gpu", "nd_range": {"device_start": 1585660825.370817, "device_end": 1585660825.3772423}, "cmdq": 1, "read": {"device_start": -1, "device_end": -1}}, "empty35": {"write": {"device_start": -1, "host_queued_start": 1585660892.778149, "device_queued": -1, "device_end": -1, "host_queued_end": 1585660892.94792}, "device": "cpu", "nd_range": {"device_start": 2328667.1375629962, "device_end": 2328667.137575636}, "cmdq": 3, "read": {"device_start": -1, "device_end": -1}}, "softmax86": {"write": {"device_start": -1, "host_queued_start": 1585660892.911386, "device_queued": -1, "device_end": -1, "host_queued_end": 1585660892.94792}, "device": "cpu", "nd_range": {"device_start": 2328668.5825895993, "device_end": 2328668.5833222223}, "cmdq": 1, "read": {"device_start": -1, "device_end": -1}}, "FFC_sans_bias55": {"write": {"device_start": -1, "host_queued_start": 1585660892.865487, "device_queued": -1, "device_end": -1, "host_queued_end": 1585660892.94792}, "device": "cpu", "nd_range": {"device_start": 2328667.961088683, "device_end": 2328668.0851390813}, "cmdq": 2, "read": {"device_start": -1, "device_end": -1}}, "FFC_sans_bias54": {"write": {"device_start": -1, "host_queued_start": 1585660892.862206, "device_queued": -1, "device_end": -1, "host_queued_end": 1585660892.94792}, "device": "cpu", "nd_range": {"device_start": 2328667.689743646, "device_end": 2328667.847500185}, "cmdq": 1, "read": {"device_start": -1, "device_end": -1}}, "FFC_sans_bias56": {"write": {"device_start": -1, "host_queued_start": 1585660892.859164, "device_queued": -1, "device_end": -1, "host_queued_end": 1585660892.94792}, "device": "cpu", "nd_range": {"device_start": 2328667.6611715932, "device_end": 2328667.7839927142}, "cmdq": 0, "read": {"device_start": -1, "device_end": -1}}, "FFC_sans_bias51": {"write": {"device_start": -1, "host_queued_start": 1585660892.915106, "device_queued": -1, "device_end": -1, "host_queued_end": 1585660892.94792}, "device": "cpu", "nd_range": {"device_start": 2328668.739901687, "device_end": 2328668.861247714}, "cmdq": 3, "read": {"device_start": -1, "device_end": -1}}, "FFC_sans_bias52": {"write": {"device_start": -1, "host_queued_start": 1585660892.935914, "device_queued": -1, "device_end": -1, "host_queued_end": 1585660892.94792}, "device": "cpu", "nd_range": {"device_start": 2328668.915759146, "device_end": 2328669.052480652}, "cmdq": 1, "read": {"device_start": -1, "device_end": -1}}, "FFC_sans_bias58": {"write": {"device_start": -1, "host_queued_start": 1585660892.90428, "device_queued": -1, "device_end": -1, "host_queued_end": 1585660892.94792}, "device": "cpu", "nd_range": {"device_start": 2328668.312962206, "device_end": 2328668.435800571}, "cmdq": 0, "read": {"device_start": -1, "device_end": -1}}, "FFC_sans_bias108": {"write": {"device_start": 1585660825.3155825, "host_queued_start": 1585660892.700675, "device_queued": 1585660825.3000946, "device_end": 1585660825.3156855, "host_queued_end": 1585660892.764542}, "device": "gpu", "nd_range": {"device_start": 1585660825.3156888, "device_end": 1585660825.3217292}, "cmdq": 0, "read": {"device_start": -1, "device_end": -1}}, "FFC_sans_bias109": {"write": {"device_start": 1585660825.3188753, "host_queued_start": 1585660892.703968, "device_queued": 1585660825.30031, "device_end": 1585660825.318977, "host_queued_end": 1585660892.764542}, "device": "gpu", "nd_range": {"device_start": 1585660825.3189833, "device_end": 1585660825.3250005}, "cmdq": 1, "read": {"device_start": -1, "device_end": -1}}, "coalesced_transpose129": {"write": {"device_start": -1, "host_queued_start": 1585660892.738948, "device_queued": -1, "device_end": -1, "host_queued_end": 1585660892.764542}, "device": "gpu", "nd_range": {"device_start": 1585660825.357499, "device_end": 1585660825.3575284}, "cmdq": 0, "read": {"device_start": -1, "device_end": -1}}, "FFC_sans_bias103": {"write": {"device_start": -1, "host_queued_start": 1585660892.739889, "device_queued": -1, "device_end": -1, "host_queued_end": 1585660892.764542}, "device": "gpu", "nd_range": {"device_start": 1585660825.3608418, "device_end": 1585660825.3642213}, "cmdq": 1, "read": {"device_start": -1, "device_end": -1}}, "FFC_sans_bias100": {"write": {"device_start": 1585660825.3090792, "host_queued_start": 1585660892.693989, "device_queued": 1585660825.2996225, "device_end": 1585660825.309183, "host_queued_end": 1585660892.764542}, "device": "gpu", "nd_range": {"device_start": 1585660825.3091867, "device_end": 1585660825.3152053}, "cmdq": 0, "read": {"device_start": -1, "device_end": -1}}, "FFC_sans_bias101": {"write": {"device_start": 1585660825.3122754, "host_queued_start": 1585660892.697309, "device_queued": 1585660825.299855, "device_end": 1585660825.312379, "host_queued_end": 1585660892.764542}, "device": "gpu", "nd_range": {"device_start": 1585660825.3123841, "device_end": 1585660825.318503}, "cmdq": 1, "read": {"device_start": -1, "device_end": -1}}, "FFC_sans_bias106": {"write": {"device_start": 1585660825.3953156, "host_queued_start": 1585660892.751152, "device_queued": 1585660825.30625, "device_end": 1585660825.3954203, "host_queued_end": 1585660892.764542}, "device": "gpu", "nd_range": {"device_start": 1585660825.395424, "device_end": 1585660825.4014442}, "cmdq": 1, "read": {"device_start": 1585660825.4014475, "device_end": 1585660825.4015453}}, "softmax122": {"write": {"device_start": -1, "host_queued_start": 1585660892.742162, "device_queued": -1, "device_end": -1, "host_queued_end": 1585660892.764542}, "device": "gpu", "nd_range": {"device_start": 1585660825.377662, "device_end": 1585660825.3780775}, "cmdq": 1, "read": {"device_start": -1, "device_end": -1}}, "FFC_sans_bias105": {"write": {"device_start": -1, "host_queued_start": 1585660892.743297, "device_queued": -1, "device_end": -1, "host_queued_end": 1585660892.764542}, "device": "gpu", "nd_range": {"device_start": 1585660825.378493, "device_end": 1585660825.381877}, "cmdq": 1, "read": {"device_start": -1, "device_end": -1}}, "softmax95": {"write": {"device_start": -1, "host_queued_start": 1585660892.74141, "device_queued": -1, "device_end": -1, "host_queued_end": 1585660892.764542}, "device": "gpu", "nd_range": {"device_start": 1585660825.3739896, "device_end": 1585660825.3777883}, "cmdq": 0, "read": {"device_start": -1, "device_end": -1}}, "coalesced_transpose57": {"write": {"device_start": -1, "host_queued_start": 1585660892.898341, "device_queued": -1, "device_end": -1, "host_queued_end": 1585660892.94792}, "device": "cpu", "nd_range": {"device_start": 2328668.2394611053, "device_end": 2328668.2403282654}, "cmdq": 2, "read": {"device_start": -1, "device_end": -1}}, "empty26": {"write": {"device_start": -1, "host_queued_start": 1585660892.774975, "device_queued": -1, "device_end": -1, "host_queued_end": 1585660892.94792}, "device": "cpu", "nd_range": {"device_start": 2328667.137562592, "device_end": 2328667.137575686}, "cmdq": 2, "read": {"device_start": -1, "device_end": -1}}, "softmax113": {"write": {"device_start": -1, "host_queued_start": 1585660892.741918, "device_queued": -1, "device_end": -1, "host_queued_end": 1585660892.764542}, "device": "gpu", "nd_range": {"device_start": 1585660825.3777895, "device_end": 1585660825.378208}, "cmdq": 0, "read": {"device_start": -1, "device_end": -1}}, "FFC_sans_bias11": {"write": {"device_start": -1, "host_queued_start": 1585660892.815672, "device_queued": -1, "device_end": -1, "host_queued_end": 1585660892.94792}, "device": "cpu", "nd_range": {"device_start": 2328667.2904601893, "device_end": 2328667.412842215}, "cmdq": 3, "read": {"device_start": -1, "device_end": -1}}, "FFC_sans_bias42": {"write": {"device_start": -1, "host_queued_start": 1585660892.914465, "device_queued": -1, "device_end": -1, "host_queued_end": 1585660892.94792}, "device": "cpu", "nd_range": {"device_start": 2328668.711881121, "device_end": 2328668.8347261692}, "cmdq": 2, "read": {"device_start": -1, "device_end": -1}}, "FFC_sans_bias43": {"write": {"device_start": -1, "host_queued_start": 1585660892.932843, "device_queued": -1, "device_end": -1, "host_queued_end": 1585660892.94792}, "device": "cpu", "nd_range": {"device_start": 2328669.101712466, "device_end": 2328669.2630510894}, "cmdq": 0, "read": {"device_start": -1, "device_end": -1}}, "FFC_sans_bias40": {"write": {"device_start": -1, "host_queued_start": 1585660892.903083, "device_queued": -1, "device_end": -1, "host_queued_end": 1585660892.94792}, "device": "cpu", "nd_range": {"device_start": 2328668.363546723, "device_end": 2328668.47936351}, "cmdq": 2, "read": {"device_start": -1, "device_end": -1}}, "FFC_sans_bias46": {"write": {"device_start": -1, "host_queued_start": 1585660892.853014, "device_queued": -1, "device_end": -1, "host_queued_end": 1585660892.94792}, "device": "cpu", "nd_range": {"device_start": 2328667.837371732, "device_end": 2328667.9608380063}, "cmdq": 2, "read": {"device_start": -1, "device_end": -1}}, "FFC_sans_bias47": {"write": {"device_start": -1, "host_queued_start": 1585660892.856089, "device_queued": -1, "device_end": -1, "host_queued_end": 1585660892.94792}, "device": "cpu", "nd_range": {"device_start": 2328667.656293969, "device_end": 2328667.8110594773}, "cmdq": 3, "read": {"device_start": -1, "device_end": -1}}, "FFC_sans_bias45": {"write": {"device_start": -1, "host_queued_start": 1585660892.849617, "device_queued": -1, "device_end": -1, "host_queued_end": 1585660892.94792}, "device": "cpu", "nd_range": {"device_start": 2328667.52919795, "device_end": 2328667.6897225464}, "cmdq": 1, "read": {"device_start": -1, "device_end": -1}}, "FFC_sans_bias49": {"write": {"device_start": -1, "host_queued_start": 1585660892.903675, "device_queued": -1, "device_end": -1, "host_queued_end": 1585660892.94792}, "device": "cpu", "nd_range": {"device_start": 2328668.3591400064, "device_end": 2328668.458943846}, "cmdq": 3, "read": {"device_start": -1, "device_end": -1}}, "softmax77": {"write": {"device_start": -1, "host_queued_start": 1585660892.910857, "device_queued": -1, "device_end": -1, "host_queued_end": 1585660892.94792}, "device": "cpu", "nd_range": {"device_start": 2328668.579149514, "device_end": 2328668.5796452323}, "cmdq": 0, "read": {"device_start": -1, "device_end": -1}}, "empty134": {"write": {"device_start": 1585660825.298002, "host_queued_start": 1585660892.675287, "device_queued": 1585660825.2976294, "device_end": 1585660825.2982807, "host_queued_end": 1585660892.764542}, "device": "gpu", "nd_range": {"device_start": 1585660825.2982852, "device_end": 1585660825.2982922}, "cmdq": 0, "read": {"device_start": -1, "device_end": -1}}, "coalesced_transpose138": {"write": {"device_start": -1, "host_queued_start": 1585660892.73925, "device_queued": -1, "device_end": -1, "host_queued_end": 1585660892.764542}, "device": "gpu", "nd_range": {"device_start": 1585660825.3608, "device_end": 1585660825.3608403}, "cmdq": 1, "read": {"device_start": -1, "device_end": -1}}, "FFC_sans_bias119": {"write": {"device_start": 1585660825.3319786, "host_queued_start": 1585660892.717294, "device_queued": 1585660825.3012455, "device_end": 1585660825.3320925, "host_queued_end": 1585660892.764542}, "device": "gpu", "nd_range": {"device_start": 1585660825.3320982, "device_end": 1585660825.338058}, "cmdq": 1, "read": {"device_start": -1, "device_end": -1}}, "FFC_sans_bias118": {"write": {"device_start": 1585660825.328671, "host_queued_start": 1585660892.713974, "device_queued": 1585660825.301015, "device_end": 1585660825.3287733, "host_queued_end": 1585660892.764542}, "device": "gpu", "nd_range": {"device_start": 1585660825.3287804, "device_end": 1585660825.334797}, "cmdq": 0, "read": {"device_start": -1, "device_end": -1}}, "empty143": {"write": {"device_start": 1585660825.298312, "host_queued_start": 1585660892.67786, "device_queued": 1585660825.297893, "device_end": 1585660825.2986085, "host_queued_end": 1585660892.764542}, "device": "gpu", "nd_range": {"device_start": 1585660825.2986116, "device_end": 1585660825.298617}, "cmdq": 1, "read": {"device_start": -1, "device_end": -1}}, "FFC_sans_bias115": {"write": {"device_start": 1585660825.4054303, "host_queued_start": 1585660892.754497, "device_queued": 1585660825.3065636, "device_end": 1585660825.405527, "host_queued_end": 1585660892.764542}, "device": "gpu", "nd_range": {"device_start": 1585660825.4055305, "device_end": 1585660825.4111855}, "cmdq": 0, "read": {"device_start": 1585660825.4111876, "device_end": 1585660825.4112797}}, "FFC_sans_bias114": {"write": {"device_start": -1, "host_queued_start": 1585660892.74362, "device_queued": -1, "device_end": -1, "host_queued_end": 1585660892.764542}, "device": "gpu", "nd_range": {"device_start": 1585660825.38519, "device_end": 1585660825.3916361}, "cmdq": 0, "read": {"device_start": -1, "device_end": -1}}, "FFC_sans_bias117": {"write": {"device_start": 1585660825.3253791, "host_queued_start": 1585660892.710613, "device_queued": 1585660825.3007684, "device_end": 1585660825.3254848, "host_queued_end": 1585660892.764542}, "device": "gpu", "nd_range": {"device_start": 1585660825.3254907, "device_end": 1585660825.33155}, "cmdq": 1, "read": {"device_start": -1, "device_end": -1}}, "softmax5": {"write": {"device_start": -1, "host_queued_start": 1585660892.906678, "device_queued": -1, "device_end": -1, "host_queued_end": 1585660892.94792}, "device": "cpu", "nd_range": {"device_start": 2328668.4360269443, "device_end": 2328668.436742513}, "cmdq": 0, "read": {"device_start": -1, "device_end": -1}}, "FFC_sans_bias110": {"write": {"device_start": 1585660825.322132, "host_queued_start": 1585660892.707265, "device_queued": 1585660825.30054, "device_end": 1585660825.322232, "host_queued_end": 1585660892.764542}, "device": "gpu", "nd_range": {"device_start": 1585660825.322236, "device_end": 1585660825.3282578}, "cmdq": 0, "read": {"device_start": -1, "device_end": -1}}, "FFC_sans_bias112": {"write": {"device_start": -1, "host_queued_start": 1585660892.740203, "device_queued": -1, "device_end": -1, "host_queued_end": 1585660892.764542}, "device": "gpu", "nd_range": {"device_start": 1585660825.3608792, "device_end": 1585660825.3675468}, "cmdq": 0, "read": {"device_start": -1, "device_end": -1}}, "empty53": {"write": {"device_start": -1, "host_queued_start": 1585660892.783766, "device_queued": -1, "device_end": -1, "host_queued_end": 1585660892.94792}, "device": "cpu", "nd_range": {"device_start": 2328667.137614834, "device_end": 2328667.1376155363}, "cmdq": 1, "read": {"device_start": -1, "device_end": -1}}, "coalesced_transpose48": {"write": {"device_start": -1, "host_queued_start": 1585660892.897763, "device_queued": -1, "device_end": -1, "host_queued_end": 1585660892.94792}, "device": "cpu", "nd_range": {"device_start": 2328668.107722566, "device_end": 2328668.108693563}, "cmdq": 1, "read": {"device_start": -1, "device_end": -1}}}