{"FFC_sans_bias4": {"write": {"device_start": -1, "host_queued_start": 1585660651.259844, "device_queued": -1, "device_end": -1, "host_queued_end": 1585660651.311546}, "device": "cpu", "nd_range": {"device_start": 2328426.87500145, "device_end": 2328426.916640024}, "cmdq": 0, "read": {"device_start": -1, "device_end": -1}}, "FFC_sans_bias7": {"write": {"device_start": -1, "host_queued_start": 1585660651.281613, "device_queued": -1, "device_end": -1, "host_queued_end": 1585660651.311546}, "device": "cpu", "nd_range": {"device_start": 2328427.6893480113, "device_end": 2328427.725527083}, "cmdq": 0, "read": {"device_start": -1, "device_end": -1}}, "FFC_sans_bias6": {"write": {"device_start": -1, "host_queued_start": 1585660651.272313, "device_queued": -1, "device_end": -1, "host_queued_end": 1585660651.311546}, "device": "cpu", "nd_range": {"device_start": 2328427.294645972, "device_end": 2328427.329730521}, "cmdq": 0, "read": {"device_start": -1, "device_end": -1}}, "FFC_sans_bias1": {"write": {"device_start": -1, "host_queued_start": 1585660651.15038, "device_queued": -1, "device_end": -1, "host_queued_end": 1585660651.311546}, "device": "cpu", "nd_range": {"device_start": 2328425.5398482974, "device_end": 2328425.574974263}, "cmdq": 0, "read": {"device_start": -1, "device_end": -1}}, "FFC_sans_bias0": {"write": {"device_start": -1, "host_queued_start": 1585660651.146308, "device_queued": -1, "device_end": -1, "host_queued_end": 1585660651.311546}, "device": "cpu", "nd_range": {"device_start": 2328425.501295344, "device_end": 2328425.539817473}, "cmdq": 0, "read": {"device_start": -1, "device_end": -1}}, "FFC_sans_bias2": {"write": {"device_start": -1, "host_queued_start": 1585660651.154195, "device_queued": -1, "device_end": -1, "host_queued_end": 1585660651.311546}, "device": "cpu", "nd_range": {"device_start": 2328425.5749910884, "device_end": 2328425.610323286}, "cmdq": 0, "read": {"device_start": -1, "device_end": -1}}, "coalesced_transpose120": {"write": {"device_start": -1, "host_queued_start": 1585660651.089159, "device_queued": -1, "device_end": -1, "host_queued_end": 1585660651.110936}, "device": "gpu", "nd_range": {"device_start": 1585660583.7000263, "device_end": 1585660583.700058}, "cmdq": 0, "read": {"device_start": -1, "device_end": -1}}, "FFC_sans_bias9": {"write": {"device_start": -1, "host_queued_start": 1585660651.157857, "device_queued": -1, "device_end": -1, "host_queued_end": 1585660651.311546}, "device": "cpu", "nd_range": {"device_start": 2328425.6103323014, "device_end": 2328425.645706626}, "cmdq": 0, "read": {"device_start": -1, "device_end": -1}}, "empty71": {"write": {"device_start": -1, "host_queued_start": 1585660651.13507, "device_queued": -1, "device_end": -1, "host_queued_end": 1585660651.311546}, "device": "cpu", "nd_range": {"device_start": 2328425.5012637773, "device_end": 2328425.5012645153}, "cmdq": 0, "read": {"device_start": -1, "device_end": -1}}, "softmax41": {"write": {"device_start": -1, "host_queued_start": 1585660651.26856, "device_queued": -1, "device_end": -1, "host_queued_end": 1585660651.311546}, "device": "cpu", "nd_range": {"device_start": 2328427.2923229802, "device_end": 2328427.292663934}, "cmdq": 0, "read": {"device_start": -1, "device_end": -1}}, "FFC_sans_bias37": {"write": {"device_start": -1, "host_queued_start": 1585660651.19149, "device_queued": -1, "device_end": -1, "host_queued_end": 1585660651.311546}, "device": "cpu", "nd_range": {"device_start": 2328426.016873638, "device_end": 2328426.059541788}, "cmdq": 0, "read": {"device_start": -1, "device_end": -1}}, "FFC_sans_bias36": {"write": {"device_start": -1, "host_queued_start": 1585660651.188148, "device_queued": -1, "device_end": -1, "host_queued_end": 1585660651.311546}, "device": "cpu", "nd_range": {"device_start": 2328425.9749391093, "device_end": 2328426.016857604}, "cmdq": 0, "read": {"device_start": -1, "device_end": -1}}, "FFC_sans_bias34": {"write": {"device_start": -1, "host_queued_start": 1585660651.290601, "device_queued": -1, "device_end": -1, "host_queued_end": 1585660651.311546}, "device": "cpu", "nd_range": {"device_start": 2328427.798940591, "device_end": 2328427.834219606}, "cmdq": 0, "read": {"device_start": -1, "device_end": -1}}, "FFC_sans_bias33": {"write": {"device_start": -1, "host_queued_start": 1585660651.274094, "device_queued": -1, "device_end": -1, "host_queued_end": 1585660651.311546}, "device": "cpu", "nd_range": {"device_start": 2328427.40091783, "device_end": 2328427.43413317}, "cmdq": 0, "read": {"device_start": -1, "device_end": -1}}, "FFC_sans_bias31": {"write": {"device_start": -1, "host_queued_start": 1585660651.26164, "device_queued": -1, "device_end": -1, "host_queued_end": 1585660651.311546}, "device": "cpu", "nd_range": {"device_start": 2328426.994951265, "device_end": 2328427.029317159}, "cmdq": 0, "read": {"device_start": -1, "device_end": -1}}, "FFC_sans_bias38": {"write": {"device_start": -1, "host_queued_start": 1585660651.195006, "device_queued": -1, "device_end": -1, "host_queued_end": 1585660651.311546}, "device": "cpu", "nd_range": {"device_start": 2328426.059567415, "device_end": 2328426.101498696}, "cmdq": 0, "read": {"device_start": -1, "device_end": -1}}, "coalesced_transpose75": {"write": {"device_start": -1, "host_queued_start": 1585660651.258092, "device_queued": -1, "device_end": -1, "host_queued_end": 1585660651.311546}, "device": "cpu", "nd_range": {"device_start": 2328426.873754066, "device_end": 2328426.8741465323}, "cmdq": 0, "read": {"device_start": -1, "device_end": -1}}, "softmax140": {"write": {"device_start": -1, "host_queued_start": 1585660651.09276, "device_queued": -1, "device_end": -1, "host_queued_end": 1585660651.110936}, "device": "gpu", "nd_range": {"device_start": 1585660583.717177, "device_end": 1585660583.7176774}, "cmdq": 0, "read": {"device_start": -1, "device_end": -1}}, "empty44": {"write": {"device_start": -1, "host_queued_start": 1585660651.126889, "device_queued": -1, "device_end": -1, "host_queued_end": 1585660651.311546}, "device": "cpu", "nd_range": {"device_start": 2328425.5012456863, "device_end": 2328425.501246295}, "cmdq": 0, "read": {"device_start": -1, "device_end": -1}}, "FFC_sans_bias137": {"write": {"device_start": 1585660583.6908317, "host_queued_start": 1585660651.084885, "device_queued": 1585660583.65414, "device_end": 1585660583.6909564, "host_queued_end": 1585660651.110936}, "device": "gpu", "nd_range": {"device_start": 1585660583.6909618, "device_end": 1585660583.6969483}, "cmdq": 0, "read": {"device_start": -1, "device_end": -1}}, "empty8": {"write": {"device_start": -1, "host_queued_start": 1585660651.115107, "device_queued": -1, "device_end": -1, "host_queued_end": 1585660651.311546}, "device": "cpu", "nd_range": {"device_start": 2328425.501194186, "device_end": 2328425.501207625}, "cmdq": 0, "read": {"device_start": -1, "device_end": -1}}, "softmax50": {"write": {"device_start": -1, "host_queued_start": 1585660651.269084, "device_queued": -1, "device_end": -1, "host_queued_end": 1585660651.311546}, "device": "cpu", "nd_range": {"device_start": 2328427.2926690113, "device_end": 2328427.292986092}, "cmdq": 0, "read": {"device_start": -1, "device_end": -1}}, "softmax59": {"write": {"device_start": -1, "host_queued_start": 1585660651.2696, "device_queued": -1, "device_end": -1, "host_queued_end": 1585660651.311546}, "device": "cpu", "nd_range": {"device_start": 2328427.292991452, "device_end": 2328427.2933197133}, "cmdq": 0, "read": {"device_start": -1, "device_end": -1}}, "FFC_sans_bias142": {"write": {"device_start": 1585660583.744348, "host_queued_start": 1585660651.110825, "device_queued": 1585660583.6583395, "device_end": 1585660583.7444453, "host_queued_end": 1585660651.110936}, "device": "gpu", "nd_range": {"device_start": 1585660583.744455, "device_end": 1585660583.7500734}, "cmdq": 0, "read": {"device_start": 1585660583.7500825, "device_end": 1585660583.7501798}}, "FFC_sans_bias141": {"write": {"device_start": -1, "host_queued_start": 1585660651.094337, "device_queued": -1, "device_end": -1, "host_queued_end": 1585660651.110936}, "device": "gpu", "nd_range": {"device_start": 1585660583.7274323, "device_end": 1585660583.7338963}, "cmdq": 1, "read": {"device_start": -1, "device_end": -1}}, "FFC_sans_bias24": {"write": {"device_start": -1, "host_queued_start": 1585660651.273495, "device_queued": -1, "device_end": -1, "host_queued_end": 1585660651.311546}, "device": "cpu", "nd_range": {"device_start": 2328427.365523809, "device_end": 2328427.400909307}, "cmdq": 0, "read": {"device_start": -1, "device_end": -1}}, "FFC_sans_bias25": {"write": {"device_start": -1, "host_queued_start": 1585660651.287615, "device_queued": -1, "device_end": -1, "host_queued_end": 1585660651.311546}, "device": "cpu", "nd_range": {"device_start": 2328427.76079735, "device_end": 2328427.7989354683}, "cmdq": 0, "read": {"device_start": -1, "device_end": -1}}, "FFC_sans_bias27": {"write": {"device_start": -1, "host_queued_start": 1585660651.178052, "device_queued": -1, "device_end": -1, "host_queued_end": 1585660651.311546}, "device": "cpu", "nd_range": {"device_start": 2328425.846162185, "device_end": 2328425.889432519}, "cmdq": 0, "read": {"device_start": -1, "device_end": -1}}, "FFC_sans_bias20": {"write": {"device_start": -1, "host_queued_start": 1585660651.174739, "device_queued": -1, "device_end": -1, "host_queued_end": 1585660651.311546}, "device": "cpu", "nd_range": {"device_start": 2328425.80428587, "device_end": 2328425.846137106}, "cmdq": 0, "read": {"device_start": -1, "device_end": -1}}, "FFC_sans_bias22": {"write": {"device_start": -1, "host_queued_start": 1585660651.261029, "device_queued": -1, "device_end": -1, "host_queued_end": 1585660651.311546}, "device": "cpu", "nd_range": {"device_start": 2328426.9581185593, "device_end": 2328426.9949283144}, "cmdq": 0, "read": {"device_start": -1, "device_end": -1}}, "FFC_sans_bias130": {"write": {"device_start": -1, "host_queued_start": 1585660651.091198, "device_queued": -1, "device_end": -1, "host_queued_end": 1585660651.110936}, "device": "gpu", "nd_range": {"device_start": 1585660583.7035778, "device_end": 1585660583.7101843}, "cmdq": 0, "read": {"device_start": -1, "device_end": -1}}, "FFC_sans_bias28": {"write": {"device_start": -1, "host_queued_start": 1585660651.181411, "device_queued": -1, "device_end": -1, "host_queued_end": 1585660651.311546}, "device": "cpu", "nd_range": {"device_start": 2328425.889638793, "device_end": 2328425.932799465}, "cmdq": 0, "read": {"device_start": -1, "device_end": -1}}, "FFC_sans_bias29": {"write": {"device_start": -1, "host_queued_start": 1585660651.184804, "device_queued": -1, "device_end": -1, "host_queued_end": 1585660651.311546}, "device": "cpu", "nd_range": {"device_start": 2328425.9328215593, "device_end": 2328425.974926628}, "cmdq": 0, "read": {"device_start": -1, "device_end": -1}}, "coalesced_transpose66": {"write": {"device_start": -1, "host_queued_start": 1585660651.25752, "device_queued": -1, "device_end": -1, "host_queued_end": 1585660651.311546}, "device": "cpu", "nd_range": {"device_start": 2328426.87331626, "device_end": 2328426.873748661}, "cmdq": 0, "read": {"device_start": -1, "device_end": -1}}, "coalesced_transpose93": {"write": {"device_start": -1, "host_queued_start": 1585660651.259251, "device_queued": -1, "device_end": -1, "host_queued_end": 1585660651.311546}, "device": "cpu", "nd_range": {"device_start": 2328426.874587993, "device_end": 2328426.87499577}, "cmdq": 0, "read": {"device_start": -1, "device_end": -1}}, "softmax23": {"write": {"device_start": -1, "host_queued_start": 1585660651.267525, "device_queued": -1, "device_end": -1, "host_queued_end": 1585660651.311546}, "device": "cpu", "nd_range": {"device_start": 2328427.2916143313, "device_end": 2328427.2919827322}, "cmdq": 0, "read": {"device_start": -1, "device_end": -1}}, "empty62": {"write": {"device_start": -1, "host_queued_start": 1585660651.132377, "device_queued": -1, "device_end": -1, "host_queued_end": 1585660651.311546}, "device": "cpu", "nd_range": {"device_start": 2328425.501255907, "device_end": 2328425.5012565022}, "cmdq": 0, "read": {"device_start": -1, "device_end": -1}}, "FFC_sans_bias10": {"write": {"device_start": -1, "host_queued_start": 1585660651.161325, "device_queued": -1, "device_end": -1, "host_queued_end": 1585660651.311546}, "device": "cpu", "nd_range": {"device_start": 2328425.645726166, "device_end": 2328425.687192946}, "cmdq": 0, "read": {"device_start": -1, "device_end": -1}}, "FFC_sans_bias13": {"write": {"device_start": -1, "host_queued_start": 1585660651.260437, "device_queued": -1, "device_end": -1, "host_queued_end": 1585660651.311546}, "device": "cpu", "nd_range": {"device_start": 2328426.916663851, "device_end": 2328426.958106119}, "cmdq": 0, "read": {"device_start": -1, "device_end": -1}}, "FFC_sans_bias15": {"write": {"device_start": -1, "host_queued_start": 1585660651.272903, "device_queued": -1, "device_end": -1, "host_queued_end": 1585660651.311546}, "device": "cpu", "nd_range": {"device_start": 2328427.32973829, "device_end": 2328427.3655060004}, "cmdq": 0, "read": {"device_start": -1, "device_end": -1}}, "FFC_sans_bias16": {"write": {"device_start": -1, "host_queued_start": 1585660651.284636, "device_queued": -1, "device_end": -1, "host_queued_end": 1585660651.311546}, "device": "cpu", "nd_range": {"device_start": 2328427.725533727, "device_end": 2328427.760791764}, "cmdq": 0, "read": {"device_start": -1, "device_end": -1}}, "FFC_sans_bias19": {"write": {"device_start": -1, "host_queued_start": 1585660651.17138, "device_queued": -1, "device_end": -1, "host_queued_end": 1585660651.311546}, "device": "cpu", "nd_range": {"device_start": 2328425.762667015, "device_end": 2328425.804276028}, "cmdq": 0, "read": {"device_start": -1, "device_end": -1}}, "FFC_sans_bias18": {"write": {"device_start": -1, "host_queued_start": 1585660651.168023, "device_queued": -1, "device_end": -1, "host_queued_end": 1585660651.311546}, "device": "cpu", "nd_range": {"device_start": 2328425.7205041233, "device_end": 2328425.7626430034}, "cmdq": 0, "read": {"device_start": -1, "device_end": -1}}, "FFC_sans_bias99": {"write": {"device_start": 1585660583.6510453, "host_queued_start": 1585660651.041778, "device_queued": 1585660583.6506789, "device_end": 1585660583.6511412, "host_queued_end": 1585660651.110936}, "device": "gpu", "nd_range": {"device_start": 1585660583.6511512, "device_end": 1585660583.6545086}, "cmdq": 1, "read": {"device_start": -1, "device_end": -1}}, "FFC_sans_bias91": {"write": {"device_start": -1, "host_queued_start": 1585660651.250035, "device_queued": -1, "device_end": -1, "host_queued_end": 1585660651.311546}, "device": "cpu", "nd_range": {"device_start": 2328426.7813704424, "device_end": 2328426.822819252}, "cmdq": 0, "read": {"device_start": -1, "device_end": -1}}, "FFC_sans_bias90": {"write": {"device_start": -1, "host_queued_start": 1585660651.24696, "device_queued": -1, "device_end": -1, "host_queued_end": 1585660651.311546}, "device": "cpu", "nd_range": {"device_start": 2328426.739621365, "device_end": 2328426.781336712}, "cmdq": 0, "read": {"device_start": -1, "device_end": -1}}, "coalesced_transpose12": {"write": {"device_start": -1, "host_queued_start": 1585660651.254036, "device_queued": -1, "device_end": -1, "host_queued_end": 1585660651.311546}, "device": "cpu", "nd_range": {"device_start": 2328426.8699849793, "device_end": 2328426.8703667633}, "cmdq": 0, "read": {"device_start": -1, "device_end": -1}}, "FFC_sans_bias94": {"write": {"device_start": -1, "host_queued_start": 1585660651.265957, "device_queued": -1, "device_end": -1, "host_queued_end": 1585660651.311546}, "device": "cpu", "nd_range": {"device_start": 2328427.252705139, "device_end": 2328427.290874862}, "cmdq": 0, "read": {"device_start": -1, "device_end": -1}}, "FFC_sans_bias97": {"write": {"device_start": -1, "host_queued_start": 1585660651.311493, "device_queued": -1, "device_end": -1, "host_queued_end": 1585660651.311546}, "device": "cpu", "nd_range": {"device_start": 2328428.052902638, "device_end": 2328428.087954279}, "cmdq": 0, "read": {"device_start": -1, "device_end": -1}}, "FFC_sans_bias96": {"write": {"device_start": -1, "host_queued_start": 1585660651.278302, "device_queued": -1, "device_end": -1, "host_queued_end": 1585660651.311546}, "device": "cpu", "nd_range": {"device_start": 2328427.654530301, "device_end": 2328427.6893277233}, "cmdq": 0, "read": {"device_start": -1, "device_end": -1}}, "FFC_sans_bias124": {"write": {"device_start": 1585660583.7379441, "host_queued_start": 1585660651.104221, "device_queued": 1585660583.6576648, "device_end": 1585660583.7380433, "host_queued_end": 1585660651.110936}, "device": "gpu", "nd_range": {"device_start": 1585660583.7380598, "device_end": 1585660583.743636}, "cmdq": 0, "read": {"device_start": 1585660583.743638, "device_end": 1585660583.7437317}}, "FFC_sans_bias126": {"write": {"device_start": 1585660583.6810107, "host_queued_start": 1585660651.074943, "device_queued": 1585660583.6534724, "device_end": 1585660583.681121, "host_queued_end": 1585660651.110936}, "device": "gpu", "nd_range": {"device_start": 1585660583.6811254, "device_end": 1585660583.6871567}, "cmdq": 1, "read": {"device_start": -1, "device_end": -1}}, "softmax32": {"write": {"device_start": -1, "host_queued_start": 1585660651.268045, "device_queued": -1, "device_end": -1, "host_queued_end": 1585660651.311546}, "device": "cpu", "nd_range": {"device_start": 2328427.291987815, "device_end": 2328427.2923166063}, "cmdq": 0, "read": {"device_start": -1, "device_end": -1}}, "coalesced_transpose84": {"write": {"device_start": -1, "host_queued_start": 1585660651.258678, "device_queued": -1, "device_end": -1, "host_queued_end": 1585660651.311546}, "device": "cpu", "nd_range": {"device_start": 2328426.874151734, "device_end": 2328426.874582141}, "cmdq": 0, "read": {"device_start": -1, "device_end": -1}}, "FFC_sans_bias121": {"write": {"device_start": -1, "host_queued_start": 1585660651.090874, "device_queued": -1, "device_end": -1, "host_queued_end": 1585660651.110936}, "device": "gpu", "nd_range": {"device_start": 1585660583.7069135, "device_end": 1585660583.713289}, "cmdq": 1, "read": {"device_start": -1, "device_end": -1}}, "empty98": {"write": {"device_start": -1, "host_queued_start": 1585660651.143411, "device_queued": -1, "device_end": -1, "host_queued_end": 1585660651.311546}, "device": "cpu", "nd_range": {"device_start": 2328425.50128122, "device_end": 2328425.501281953}, "cmdq": 0, "read": {"device_start": -1, "device_end": -1}}, "empty107": {"write": {"device_start": 1585660583.6493576, "host_queued_start": 1585660651.027274, "device_queued": 1585660583.6490195, "device_end": 1585660583.6495624, "host_queued_end": 1585660651.110936}, "device": "gpu", "nd_range": {"device_start": 1585660583.6496046, "device_end": 1585660583.6496108}, "cmdq": 0, "read": {"device_start": -1, "device_end": -1}}, "empty17": {"write": {"device_start": -1, "host_queued_start": 1585660651.118052, "device_queued": -1, "device_end": -1, "host_queued_end": 1585660651.311546}, "device": "cpu", "nd_range": {"device_start": 2328425.501229417, "device_end": 2328425.5012304722}, "cmdq": 0, "read": {"device_start": -1, "device_end": -1}}, "FFC_sans_bias87": {"write": {"device_start": -1, "host_queued_start": 1585660651.277714, "device_queued": -1, "device_end": -1, "host_queued_end": 1585660651.311546}, "device": "cpu", "nd_range": {"device_start": 2328427.619539589, "device_end": 2328427.654330191}, "cmdq": 0, "read": {"device_start": -1, "device_end": -1}}, "FFC_sans_bias85": {"write": {"device_start": -1, "host_queued_start": 1585660651.265358, "device_queued": -1, "device_end": -1, "host_queued_end": 1585660651.311546}, "device": "cpu", "nd_range": {"device_start": 2328427.214825211, "device_end": 2328427.2526850454}, "cmdq": 0, "read": {"device_start": -1, "device_end": -1}}, "FFC_sans_bias82": {"write": {"device_start": -1, "host_queued_start": 1585660651.240764, "device_queued": -1, "device_end": -1, "host_queued_end": 1585660651.311546}, "device": "cpu", "nd_range": {"device_start": 2328426.656512636, "device_end": 2328426.698163163}, "cmdq": 0, "read": {"device_start": -1, "device_end": -1}}, "FFC_sans_bias83": {"write": {"device_start": -1, "host_queued_start": 1585660651.243858, "device_queued": -1, "device_end": -1, "host_queued_end": 1585660651.311546}, "device": "cpu", "nd_range": {"device_start": 2328426.6981896022, "device_end": 2328426.739598568}, "cmdq": 0, "read": {"device_start": -1, "device_end": -1}}, "FFC_sans_bias81": {"write": {"device_start": -1, "host_queued_start": 1585660651.237722, "device_queued": -1, "device_end": -1, "host_queued_end": 1585660651.311546}, "device": "cpu", "nd_range": {"device_start": 2328426.6146142134, "device_end": 2328426.656497049}, "cmdq": 0, "read": {"device_start": -1, "device_end": -1}}, "FFC_sans_bias88": {"write": {"device_start": -1, "host_queued_start": 1585660651.308507, "device_queued": -1, "device_end": -1, "host_queued_end": 1585660651.311546}, "device": "cpu", "nd_range": {"device_start": 2328428.0161380353, "device_end": 2328428.052890934}, "cmdq": 0, "read": {"device_start": -1, "device_end": -1}}, "coalesced_transpose30": {"write": {"device_start": -1, "host_queued_start": 1585660651.255211, "device_queued": -1, "device_end": -1, "host_queued_end": 1585660651.311546}, "device": "cpu", "nd_range": {"device_start": 2328426.8707859092, "device_end": 2328426.871931984}, "cmdq": 0, "read": {"device_start": -1, "device_end": -1}}, "FFC_sans_bias128": {"write": {"device_start": 1585660583.6777558, "host_queued_start": 1585660651.071644, "device_queued": 1585660583.6532578, "device_end": 1585660583.6778634, "host_queued_end": 1585660651.110936}, "device": "gpu", "nd_range": {"device_start": 1585660583.6778674, "device_end": 1585660583.683889}, "cmdq": 0, "read": {"device_start": -1, "device_end": -1}}, "coalesced_transpose39": {"write": {"device_start": -1, "host_queued_start": 1585660651.255793, "device_queued": -1, "device_end": -1, "host_queued_end": 1585660651.311546}, "device": "cpu", "nd_range": {"device_start": 2328426.87193818, "device_end": 2328426.8723712303}, "cmdq": 0, "read": {"device_start": -1, "device_end": -1}}, "FFC_sans_bias79": {"write": {"device_start": -1, "host_queued_start": 1585660651.30551, "device_queued": -1, "device_end": -1, "host_queued_end": 1585660651.311546}, "device": "cpu", "nd_range": {"device_start": 2328427.978293466, "device_end": 2328428.016130764}, "cmdq": 0, "read": {"device_start": -1, "device_end": -1}}, "FFC_sans_bias78": {"write": {"device_start": -1, "host_queued_start": 1585660651.277112, "device_queued": -1, "device_end": -1, "host_queued_end": 1585660651.311546}, "device": "cpu", "nd_range": {"device_start": 2328427.5842437893, "device_end": 2328427.6195231043}, "cmdq": 0, "read": {"device_start": -1, "device_end": -1}}, "FFC_sans_bias73": {"write": {"device_start": -1, "host_queued_start": 1585660651.231593, "device_queued": -1, "device_end": -1, "host_queued_end": 1585660651.311546}, "device": "cpu", "nd_range": {"device_start": 2328426.529941297, "device_end": 2328426.571956382}, "cmdq": 0, "read": {"device_start": -1, "device_end": -1}}, "FFC_sans_bias72": {"write": {"device_start": -1, "host_queued_start": 1585660651.228525, "device_queued": -1, "device_end": -1, "host_queued_end": 1585660651.311546}, "device": "cpu", "nd_range": {"device_start": 2328426.487963343, "device_end": 2328426.529918815}, "cmdq": 0, "read": {"device_start": -1, "device_end": -1}}, "FFC_sans_bias70": {"write": {"device_start": -1, "host_queued_start": 1585660651.302537, "device_queued": -1, "device_end": -1, "host_queued_end": 1585660651.311546}, "device": "cpu", "nd_range": {"device_start": 2328427.941756335, "device_end": 2328427.978288505}, "cmdq": 0, "read": {"device_start": -1, "device_end": -1}}, "FFC_sans_bias76": {"write": {"device_start": -1, "host_queued_start": 1585660651.264664, "device_queued": -1, "device_end": -1, "host_queued_end": 1585660651.311546}, "device": "cpu", "nd_range": {"device_start": 2328427.1726982393, "device_end": 2328427.214809537}, "cmdq": 0, "read": {"device_start": -1, "device_end": -1}}, "FFC_sans_bias74": {"write": {"device_start": -1, "host_queued_start": 1585660651.234679, "device_queued": -1, "device_end": -1, "host_queued_end": 1585660651.311546}, "device": "cpu", "nd_range": {"device_start": 2328426.571981703, "device_end": 2328426.6145901224}, "cmdq": 0, "read": {"device_start": -1, "device_end": -1}}, "coalesced_transpose102": {"write": {"device_start": -1, "host_queued_start": 1585660651.088544, "device_queued": -1, "device_end": -1, "host_queued_end": 1585660651.110936}, "device": "gpu", "nd_range": {"device_start": 1585660583.6969502, "device_end": 1585660583.7000244}, "cmdq": 0, "read": {"device_start": -1, "device_end": -1}}, "coalesced_transpose3": {"write": {"device_start": -1, "host_queued_start": 1585660651.25345, "device_queued": -1, "device_end": -1, "host_queued_end": 1585660651.311546}, "device": "cpu", "nd_range": {"device_start": 2328426.869477982, "device_end": 2328426.869904898}, "cmdq": 0, "read": {"device_start": -1, "device_end": -1}}, "FFC_sans_bias127": {"write": {"device_start": 1585660583.6842613, "host_queued_start": 1585660651.078225, "device_queued": 1585660583.6536875, "device_end": 1585660583.6843646, "host_queued_end": 1585660651.110936}, "device": "gpu", "nd_range": {"device_start": 1585660583.6843712, "device_end": 1585660583.6904154}, "cmdq": 0, "read": {"device_start": -1, "device_end": -1}}, "empty89": {"write": {"device_start": -1, "host_queued_start": 1585660651.140618, "device_queued": -1, "device_end": -1, "host_queued_end": 1585660651.311546}, "device": "cpu", "nd_range": {"device_start": 2328425.501275273, "device_end": 2328425.501276051}, "cmdq": 0, "read": {"device_start": -1, "device_end": -1}}, "FFC_sans_bias123": {"write": {"device_start": -1, "host_queued_start": 1585660651.093704, "device_queued": -1, "device_end": -1, "host_queued_end": 1585660651.110936}, "device": "gpu", "nd_range": {"device_start": 1585660583.7208612, "device_end": 1585660583.727424}, "cmdq": 1, "read": {"device_start": -1, "device_end": -1}}, "empty80": {"write": {"device_start": -1, "host_queued_start": 1585660651.137761, "device_queued": -1, "device_end": -1, "host_queued_end": 1585660651.311546}, "device": "cpu", "nd_range": {"device_start": 2328425.5012692222, "device_end": 2328425.501270067}, "cmdq": 0, "read": {"device_start": -1, "device_end": -1}}, "empty116": {"write": {"device_start": 1585660583.6497135, "host_queued_start": 1585660651.030757, "device_queued": 1585660583.6493506, "device_end": 1585660583.6499705, "host_queued_end": 1585660651.110936}, "device": "gpu", "nd_range": {"device_start": 1585660583.6499805, "device_end": 1585660583.6499858}, "cmdq": 1, "read": {"device_start": -1, "device_end": -1}}, "softmax104": {"write": {"device_start": -1, "host_queued_start": 1585660651.09177, "device_queued": -1, "device_end": -1, "host_queued_end": 1585660651.110936}, "device": "gpu", "nd_range": {"device_start": 1585660583.7101927, "device_end": 1585660583.7140582}, "cmdq": 0, "read": {"device_start": -1, "device_end": -1}}, "coalesced_transpose21": {"write": {"device_start": -1, "host_queued_start": 1585660651.254628, "device_queued": -1, "device_end": -1, "host_queued_end": 1585660651.311546}, "device": "cpu", "nd_range": {"device_start": 2328426.870376292, "device_end": 2328426.87077728}, "cmdq": 0, "read": {"device_start": -1, "device_end": -1}}, "softmax14": {"write": {"device_start": -1, "host_queued_start": 1585660651.267009, "device_queued": -1, "device_end": -1, "host_queued_end": 1585660651.311546}, "device": "cpu", "nd_range": {"device_start": 2328427.2912687273, "device_end": 2328427.2916056863}, "cmdq": 0, "read": {"device_start": -1, "device_end": -1}}, "FFC_sans_bias69": {"write": {"device_start": -1, "host_queued_start": 1585660651.276524, "device_queued": -1, "device_end": -1, "host_queued_end": 1585660651.311546}, "device": "cpu", "nd_range": {"device_start": 2328427.5427789763, "device_end": 2328427.584226062}, "cmdq": 0, "read": {"device_start": -1, "device_end": -1}}, "FFC_sans_bias92": {"write": {"device_start": -1, "host_queued_start": 1585660651.253102, "device_queued": -1, "device_end": -1, "host_queued_end": 1585660651.311546}, "device": "cpu", "nd_range": {"device_start": 2328426.822838269, "device_end": 2328426.869454074}, "cmdq": 0, "read": {"device_start": -1, "device_end": -1}}, "FFC_sans_bias60": {"write": {"device_start": -1, "host_queued_start": 1585660651.275936, "device_queued": -1, "device_end": -1, "host_queued_end": 1585660651.311546}, "device": "cpu", "nd_range": {"device_start": 2328427.5074399863, "device_end": 2328427.542754596}, "cmdq": 0, "read": {"device_start": -1, "device_end": -1}}, "FFC_sans_bias61": {"write": {"device_start": -1, "host_queued_start": 1585660651.299532, "device_queued": -1, "device_end": -1, "host_queued_end": 1585660651.311546}, "device": "cpu", "nd_range": {"device_start": 2328427.905672897, "device_end": 2328427.941750808}, "cmdq": 0, "read": {"device_start": -1, "device_end": -1}}, "FFC_sans_bias63": {"write": {"device_start": -1, "host_queued_start": 1585660651.225448, "device_queued": -1, "device_end": -1, "host_queued_end": 1585660651.311546}, "device": "cpu", "nd_range": {"device_start": 2328426.4463035814, "device_end": 2328426.4879377782}, "cmdq": 0, "read": {"device_start": -1, "device_end": -1}}, "FFC_sans_bias64": {"write": {"device_start": -1, "host_queued_start": 1585660651.219293, "device_queued": -1, "device_end": -1, "host_queued_end": 1585660651.311546}, "device": "cpu", "nd_range": {"device_start": 2328426.3624279443, "device_end": 2328426.4044936583}, "cmdq": 0, "read": {"device_start": -1, "device_end": -1}}, "FFC_sans_bias65": {"write": {"device_start": -1, "host_queued_start": 1585660651.222378, "device_queued": -1, "device_end": -1, "host_queued_end": 1585660651.311546}, "device": "cpu", "nd_range": {"device_start": 2328426.40451489, "device_end": 2328426.4462881493}, "cmdq": 0, "read": {"device_start": -1, "device_end": -1}}, "FFC_sans_bias67": {"write": {"device_start": -1, "host_queued_start": 1585660651.264057, "device_queued": -1, "device_end": -1, "host_queued_end": 1585660651.311546}, "device": "cpu", "nd_range": {"device_start": 2328427.1379445223, "device_end": 2328427.172688763}, "cmdq": 0, "read": {"device_start": -1, "device_end": -1}}, "coalesced_transpose111": {"write": {"device_start": -1, "host_queued_start": 1585660651.088854, "device_queued": -1, "device_end": -1, "host_queued_end": 1585660651.110936}, "device": "gpu", "nd_range": {"device_start": 1585660583.7001646, "device_end": 1585660583.7001858}, "cmdq": 1, "read": {"device_start": -1, "device_end": -1}}, "FFC_sans_bias136": {"write": {"device_start": 1585660583.6876118, "host_queued_start": 1585660651.08157, "device_queued": 1585660583.6539094, "device_end": 1585660583.6877127, "host_queued_end": 1585660651.110936}, "device": "gpu", "nd_range": {"device_start": 1585660583.687716, "device_end": 1585660583.693671}, "cmdq": 1, "read": {"device_start": -1, "device_end": -1}}, "FFC_sans_bias135": {"write": {"device_start": 1585660583.69406, "host_queued_start": 1585660651.088183, "device_queued": 1585660583.6543717, "device_end": 1585660583.6941605, "host_queued_end": 1585660651.110936}, "device": "gpu", "nd_range": {"device_start": 1585660583.6941671, "device_end": 1585660583.7001634}, "cmdq": 1, "read": {"device_start": -1, "device_end": -1}}, "FFC_sans_bias133": {"write": {"device_start": 1585660583.7410936, "host_queued_start": 1585660651.107517, "device_queued": 1585660583.6579413, "device_end": 1585660583.7411911, "host_queued_end": 1585660651.110936}, "device": "gpu", "nd_range": {"device_start": 1585660583.741202, "device_end": 1585660583.7469275}, "cmdq": 1, "read": {"device_start": 1585660583.7469344, "device_end": 1585660583.7470243}}, "FFC_sans_bias132": {"write": {"device_start": -1, "host_queued_start": 1585660651.094025, "device_queued": -1, "device_end": -1, "host_queued_end": 1585660651.110936}, "device": "gpu", "nd_range": {"device_start": 1585660583.7241821, "device_end": 1585660583.7306468}, "cmdq": 0, "read": {"device_start": -1, "device_end": -1}}, "softmax68": {"write": {"device_start": -1, "host_queued_start": 1585660651.270122, "device_queued": -1, "device_end": -1, "host_queued_end": 1585660651.311546}, "device": "cpu", "nd_range": {"device_start": 2328427.2933249883, "device_end": 2328427.293653352}, "cmdq": 0, "read": {"device_start": -1, "device_end": -1}}, "softmax131": {"write": {"device_start": -1, "host_queued_start": 1585660651.09251, "device_queued": -1, "device_end": -1, "host_queued_end": 1585660651.110936}, "device": "gpu", "nd_range": {"device_start": 1585660583.7170663, "device_end": 1585660583.717479}, "cmdq": 1, "read": {"device_start": -1, "device_end": -1}}, "empty125": {"write": {"device_start": 1585660583.6500595, "host_queued_start": 1585660651.033756, "device_queued": 1585660583.6496437, "device_end": 1585660583.6502845, "host_queued_end": 1585660651.110936}, "device": "gpu", "nd_range": {"device_start": 1585660583.6502945, "device_end": 1585660583.650299}, "cmdq": 0, "read": {"device_start": -1, "device_end": -1}}, "FFC_sans_bias139": {"write": {"device_start": -1, "host_queued_start": 1585660651.091517, "device_queued": -1, "device_end": -1, "host_queued_end": 1585660651.110936}, "device": "gpu", "nd_range": {"device_start": 1585660583.7132976, "device_end": 1585660583.716633}, "cmdq": 1, "read": {"device_start": -1, "device_end": -1}}, "empty35": {"write": {"device_start": -1, "host_queued_start": 1585660651.124176, "device_queued": -1, "device_end": -1, "host_queued_end": 1585660651.311546}, "device": "cpu", "nd_range": {"device_start": 2328425.501240658, "device_end": 2328425.501241213}, "cmdq": 0, "read": {"device_start": -1, "device_end": -1}}, "softmax86": {"write": {"device_start": -1, "host_queued_start": 1585660651.271195, "device_queued": -1, "device_end": -1, "host_queued_end": 1585660651.311546}, "device": "cpu", "nd_range": {"device_start": 2328427.293992742, "device_end": 2328427.294308655}, "cmdq": 0, "read": {"device_start": -1, "device_end": -1}}, "FFC_sans_bias55": {"write": {"device_start": -1, "host_queued_start": 1585660651.215991, "device_queued": -1, "device_end": -1, "host_queued_end": 1585660651.311546}, "device": "cpu", "nd_range": {"device_start": 2328426.3209036253, "device_end": 2328426.362403695}, "cmdq": 0, "read": {"device_start": -1, "device_end": -1}}, "FFC_sans_bias54": {"write": {"device_start": -1, "host_queued_start": 1585660651.21254, "device_queued": -1, "device_end": -1, "host_queued_end": 1585660651.311546}, "device": "cpu", "nd_range": {"device_start": 2328426.2791672293, "device_end": 2328426.320881592}, "cmdq": 0, "read": {"device_start": -1, "device_end": -1}}, "FFC_sans_bias56": {"write": {"device_start": -1, "host_queued_start": 1585660651.209121, "device_queued": -1, "device_end": -1, "host_queued_end": 1585660651.311546}, "device": "cpu", "nd_range": {"device_start": 2328426.236100701, "device_end": 2328426.279143426}, "cmdq": 0, "read": {"device_start": -1, "device_end": -1}}, "FFC_sans_bias51": {"write": {"device_start": -1, "host_queued_start": 1585660651.275341, "device_queued": -1, "device_end": -1, "host_queued_end": 1585660651.311546}, "device": "cpu", "nd_range": {"device_start": 2328427.470352954, "device_end": 2328427.507431365}, "cmdq": 0, "read": {"device_start": -1, "device_end": -1}}, "FFC_sans_bias52": {"write": {"device_start": -1, "host_queued_start": 1585660651.296569, "device_queued": -1, "device_end": -1, "host_queued_end": 1585660651.311546}, "device": "cpu", "nd_range": {"device_start": 2328427.8704249463, "device_end": 2328427.905666742}, "cmdq": 0, "read": {"device_start": -1, "device_end": -1}}, "FFC_sans_bias58": {"write": {"device_start": -1, "host_queued_start": 1585660651.263466, "device_queued": -1, "device_end": -1, "host_queued_end": 1585660651.311546}, "device": "cpu", "nd_range": {"device_start": 2328427.102731919, "device_end": 2328427.137935596}, "cmdq": 0, "read": {"device_start": -1, "device_end": -1}}, "FFC_sans_bias108": {"write": {"device_start": 1585660583.6583269, "host_queued_start": 1585660651.051816, "device_queued": 1585660583.6518128, "device_end": 1585660583.658445, "host_queued_end": 1585660651.110936}, "device": "gpu", "nd_range": {"device_start": 1585660583.6584492, "device_end": 1585660583.6642888}, "cmdq": 0, "read": {"device_start": -1, "device_end": -1}}, "FFC_sans_bias109": {"write": {"device_start": 1585660583.6615822, "host_queued_start": 1585660651.055126, "device_queued": 1585660583.6520452, "device_end": 1585660583.6616845, "host_queued_end": 1585660651.110936}, "device": "gpu", "nd_range": {"device_start": 1585660583.6616898, "device_end": 1585660583.667579}, "cmdq": 1, "read": {"device_start": -1, "device_end": -1}}, "coalesced_transpose129": {"write": {"device_start": -1, "host_queued_start": 1585660651.089462, "device_queued": -1, "device_end": -1, "host_queued_end": 1585660651.110936}, "device": "gpu", "nd_range": {"device_start": 1585660583.7001936, "device_end": 1585660583.7002175}, "cmdq": 1, "read": {"device_start": -1, "device_end": -1}}, "FFC_sans_bias103": {"write": {"device_start": -1, "host_queued_start": 1585660651.090083, "device_queued": -1, "device_end": -1, "host_queued_end": 1585660651.110936}, "device": "gpu", "nd_range": {"device_start": 1585660583.7002273, "device_end": 1585660583.7069046}, "cmdq": 1, "read": {"device_start": -1, "device_end": -1}}, "FFC_sans_bias100": {"write": {"device_start": 1585660583.6514773, "host_queued_start": 1585660651.045112, "device_queued": 1585660583.6512265, "device_end": 1585660583.651573, "host_queued_end": 1585660651.110936}, "device": "gpu", "nd_range": {"device_start": 1585660583.6515763, "device_end": 1585660583.657851}, "cmdq": 0, "read": {"device_start": -1, "device_end": -1}}, "FFC_sans_bias101": {"write": {"device_start": 1585660583.6548746, "host_queued_start": 1585660651.048493, "device_queued": 1585660583.651583, "device_end": 1585660583.6549726, "host_queued_end": 1585660651.110936}, "device": "gpu", "nd_range": {"device_start": 1585660583.6549788, "device_end": 1585660583.6611798}, "cmdq": 1, "read": {"device_start": -1, "device_end": -1}}, "FFC_sans_bias106": {"write": {"device_start": 1585660583.7310634, "host_queued_start": 1585660651.09759, "device_queued": 1585660583.6571333, "device_end": 1585660583.7311652, "host_queued_end": 1585660651.110936}, "device": "gpu", "nd_range": {"device_start": 1585660583.731183, "device_end": 1585660583.737194}, "cmdq": 0, "read": {"device_start": 1585660583.7371972, "device_end": 1585660583.737294}}, "softmax122": {"write": {"device_start": -1, "host_queued_start": 1585660651.092263, "device_queued": -1, "device_end": -1, "host_queued_end": 1585660651.110936}, "device": "gpu", "nd_range": {"device_start": 1585660583.7140667, "device_end": 1585660583.7171679}, "cmdq": 0, "read": {"device_start": -1, "device_end": -1}}, "FFC_sans_bias105": {"write": {"device_start": -1, "host_queued_start": 1585660651.09307, "device_queued": -1, "device_end": -1, "host_queued_end": 1585660651.110936}, "device": "gpu", "nd_range": {"device_start": 1585660583.7174878, "device_end": 1585660583.7208529}, "cmdq": 1, "read": {"device_start": -1, "device_end": -1}}, "softmax95": {"write": {"device_start": -1, "host_queued_start": 1585660651.271718, "device_queued": -1, "device_end": -1, "host_queued_end": 1585660651.311546}, "device": "cpu", "nd_range": {"device_start": 2328427.294314132, "device_end": 2328427.294640936}, "cmdq": 0, "read": {"device_start": -1, "device_end": -1}}, "coalesced_transpose57": {"write": {"device_start": -1, "host_queued_start": 1585660651.256946, "device_queued": -1, "device_end": -1, "host_queued_end": 1585660651.311546}, "device": "cpu", "nd_range": {"device_start": 2328426.8728721393, "device_end": 2328426.873310686}, "cmdq": 0, "read": {"device_start": -1, "device_end": -1}}, "empty26": {"write": {"device_start": -1, "host_queued_start": 1585660651.121215, "device_queued": -1, "device_end": -1, "host_queued_end": 1585660651.311546}, "device": "cpu", "nd_range": {"device_start": 2328425.501235464, "device_end": 2328425.501236344}, "cmdq": 0, "read": {"device_start": -1, "device_end": -1}}, "softmax113": {"write": {"device_start": -1, "host_queued_start": 1585660651.092015, "device_queued": -1, "device_end": -1, "host_queued_end": 1585660651.110936}, "device": "gpu", "nd_range": {"device_start": 1585660583.7166424, "device_end": 1585660583.7170582}, "cmdq": 1, "read": {"device_start": -1, "device_end": -1}}, "FFC_sans_bias11": {"write": {"device_start": -1, "host_queued_start": 1585660651.164666, "device_queued": -1, "device_end": -1, "host_queued_end": 1585660651.311546}, "device": "cpu", "nd_range": {"device_start": 2328425.6872113533, "device_end": 2328425.7204875234}, "cmdq": 0, "read": {"device_start": -1, "device_end": -1}}, "FFC_sans_bias42": {"write": {"device_start": -1, "host_queued_start": 1585660651.274698, "device_queued": -1, "device_end": -1, "host_queued_end": 1585660651.311546}, "device": "cpu", "nd_range": {"device_start": 2328427.434151011, "device_end": 2328427.470330593}, "cmdq": 0, "read": {"device_start": -1, "device_end": -1}}, "FFC_sans_bias43": {"write": {"device_start": -1, "host_queued_start": 1585660651.293608, "device_queued": -1, "device_end": -1, "host_queued_end": 1585660651.311546}, "device": "cpu", "nd_range": {"device_start": 2328427.8342265054, "device_end": 2328427.87041888}, "cmdq": 0, "read": {"device_start": -1, "device_end": -1}}, "FFC_sans_bias40": {"write": {"device_start": -1, "host_queued_start": 1585660651.262254, "device_queued": -1, "device_end": -1, "host_queued_end": 1585660651.311546}, "device": "cpu", "nd_range": {"device_start": 2328427.0293348953, "device_end": 2328427.066108828}, "cmdq": 0, "read": {"device_start": -1, "device_end": -1}}, "FFC_sans_bias46": {"write": {"device_start": -1, "host_queued_start": 1585660651.202026, "device_queued": -1, "device_end": -1, "host_queued_end": 1585660651.311546}, "device": "cpu", "nd_range": {"device_start": 2328426.143429159, "device_end": 2328426.185122436}, "cmdq": 0, "read": {"device_start": -1, "device_end": -1}}, "FFC_sans_bias47": {"write": {"device_start": -1, "host_queued_start": 1585660651.205632, "device_queued": -1, "device_end": -1, "host_queued_end": 1585660651.311546}, "device": "cpu", "nd_range": {"device_start": 2328426.1851437413, "device_end": 2328426.23606987}, "cmdq": 0, "read": {"device_start": -1, "device_end": -1}}, "FFC_sans_bias45": {"write": {"device_start": -1, "host_queued_start": 1585660651.198461, "device_queued": -1, "device_end": -1, "host_queued_end": 1585660651.311546}, "device": "cpu", "nd_range": {"device_start": 2328426.101517457, "device_end": 2328426.143410901}, "cmdq": 0, "read": {"device_start": -1, "device_end": -1}}, "FFC_sans_bias49": {"write": {"device_start": -1, "host_queued_start": 1585660651.262875, "device_queued": -1, "device_end": -1, "host_queued_end": 1585660651.311546}, "device": "cpu", "nd_range": {"device_start": 2328427.0661166743, "device_end": 2328427.1027143584}, "cmdq": 0, "read": {"device_start": -1, "device_end": -1}}, "softmax77": {"write": {"device_start": -1, "host_queued_start": 1585660651.270654, "device_queued": -1, "device_end": -1, "host_queued_end": 1585660651.311546}, "device": "cpu", "nd_range": {"device_start": 2328427.293659685, "device_end": 2328427.293987487}, "cmdq": 0, "read": {"device_start": -1, "device_end": -1}}, "empty134": {"write": {"device_start": 1585660583.650386, "host_queued_start": 1585660651.036385, "device_queued": 1585660583.6499956, "device_end": 1585660583.650656, "host_queued_end": 1585660651.110936}, "device": "gpu", "nd_range": {"device_start": 1585660583.650666, "device_end": 1585660583.6506715}, "cmdq": 1, "read": {"device_start": -1, "device_end": -1}}, "coalesced_transpose138": {"write": {"device_start": -1, "host_queued_start": 1585660651.089767, "device_queued": -1, "device_end": -1, "host_queued_end": 1585660651.110936}, "device": "gpu", "nd_range": {"device_start": 1585660583.7000675, "device_end": 1585660583.700096}, "cmdq": 0, "read": {"device_start": -1, "device_end": -1}}, "FFC_sans_bias119": {"write": {"device_start": 1585660583.6744654, "host_queued_start": 1585660651.06829, "device_queued": 1585660583.65303, "device_end": 1585660583.6745677, "host_queued_end": 1585660651.110936}, "device": "gpu", "nd_range": {"device_start": 1585660583.6745744, "device_end": 1585660583.6806252}, "cmdq": 1, "read": {"device_start": -1, "device_end": -1}}, "FFC_sans_bias118": {"write": {"device_start": 1585660583.6712656, "host_queued_start": 1585660651.065015, "device_queued": 1585660583.6527824, "device_end": 1585660583.671366, "host_queued_end": 1585660651.110936}, "device": "gpu", "nd_range": {"device_start": 1585660583.6713715, "device_end": 1585660583.677346}, "cmdq": 0, "read": {"device_start": -1, "device_end": -1}}, "empty143": {"write": {"device_start": 1585660583.650729, "host_queued_start": 1585660651.038986, "device_queued": 1585660583.650306, "device_end": 1585660583.6510365, "host_queued_end": 1585660651.110936}, "device": "gpu", "nd_range": {"device_start": 1585660583.6510458, "device_end": 1585660583.6510541}, "cmdq": 0, "read": {"device_start": -1, "device_end": -1}}, "FFC_sans_bias115": {"write": {"device_start": 1585660583.7342627, "host_queued_start": 1585660651.100902, "device_queued": 1585660583.6573749, "device_end": 1585660583.7343636, "host_queued_end": 1585660651.110936}, "device": "gpu", "nd_range": {"device_start": 1585660583.7343812, "device_end": 1585660583.7403867}, "cmdq": 1, "read": {"device_start": 1585660583.7403936, "device_end": 1585660583.740489}}, "FFC_sans_bias114": {"write": {"device_start": -1, "host_queued_start": 1585660651.093384, "device_queued": -1, "device_end": -1, "host_queued_end": 1585660651.110936}, "device": "gpu", "nd_range": {"device_start": 1585660583.717686, "device_end": 1585660583.724174}, "cmdq": 0, "read": {"device_start": -1, "device_end": -1}}, "FFC_sans_bias117": {"write": {"device_start": 1585660583.6679518, "host_queued_start": 1585660651.061713, "device_queued": 1585660583.6525462, "device_end": 1585660583.6680532, "host_queued_end": 1585660651.110936}, "device": "gpu", "nd_range": {"device_start": 1585660583.6680596, "device_end": 1585660583.6740983}, "cmdq": 1, "read": {"device_start": -1, "device_end": -1}}, "softmax5": {"write": {"device_start": -1, "host_queued_start": 1585660651.266479, "device_queued": -1, "device_end": -1, "host_queued_end": 1585660651.311546}, "device": "cpu", "nd_range": {"device_start": 2328427.2908927873, "device_end": 2328427.2912606923}, "cmdq": 0, "read": {"device_start": -1, "device_end": -1}}, "FFC_sans_bias110": {"write": {"device_start": 1585660583.6647, "host_queued_start": 1585660651.058424, "device_queued": 1585660583.6523144, "device_end": 1585660583.664803, "host_queued_end": 1585660651.110936}, "device": "gpu", "nd_range": {"device_start": 1585660583.6648088, "device_end": 1585660583.6708934}, "cmdq": 0, "read": {"device_start": -1, "device_end": -1}}, "FFC_sans_bias112": {"write": {"device_start": -1, "host_queued_start": 1585660651.090407, "device_queued": -1, "device_end": -1, "host_queued_end": 1585660651.110936}, "device": "gpu", "nd_range": {"device_start": 1585660583.700205, "device_end": 1585660583.7035687}, "cmdq": 0, "read": {"device_start": -1, "device_end": -1}}, "empty53": {"write": {"device_start": -1, "host_queued_start": 1585660651.129683, "device_queued": -1, "device_end": -1, "host_queued_end": 1585660651.311546}, "device": "cpu", "nd_range": {"device_start": 2328425.501250614, "device_end": 2328425.501251304}, "cmdq": 0, "read": {"device_start": -1, "device_end": -1}}, "coalesced_transpose48": {"write": {"device_start": -1, "host_queued_start": 1585660651.256369, "device_queued": -1, "device_end": -1, "host_queued_end": 1585660651.311546}, "device": "cpu", "nd_range": {"device_start": 2328426.872377371, "device_end": 2328426.872865696}, "cmdq": 0, "read": {"device_start": -1, "device_end": -1}}}