{"FFC_sans_bias4": {"write": {"device_start": -1, "host_queued_start": 1585661539.519899, "device_queued": -1, "device_end": -1, "host_queued_end": 1585661539.555096}, "device": "cpu", "nd_range": {"device_start": 2329314.569741297, "device_end": 2329314.652092624}, "cmdq": 1, "read": {"device_start": -1, "device_end": -1}}, "FFC_sans_bias7": {"write": {"device_start": -1, "host_queued_start": 1585661539.535693, "device_queued": -1, "device_end": -1, "host_queued_end": 1585661539.555096}, "device": "cpu", "nd_range": {"device_start": 2329315.0686692633, "device_end": 2329315.145127846}, "cmdq": 0, "read": {"device_start": -1, "device_end": -1}}, "FFC_sans_bias6": {"write": {"device_start": -1, "host_queued_start": 1585661539.528461, "device_queued": -1, "device_end": -1, "host_queued_end": 1585661539.555096}, "device": "cpu", "nd_range": {"device_start": 2329314.841519107, "device_end": 2329314.92551494}, "cmdq": 1, "read": {"device_start": -1, "device_end": -1}}, "FFC_sans_bias1": {"write": {"device_start": -1, "host_queued_start": 1585661539.448011, "device_queued": -1, "device_end": -1, "host_queued_end": 1585661539.555096}, "device": "cpu", "nd_range": {"device_start": 2329313.7447673893, "device_end": 2329313.8260086672}, "cmdq": 0, "read": {"device_start": -1, "device_end": -1}}, "FFC_sans_bias0": {"write": {"device_start": -1, "host_queued_start": 1585661539.444026, "device_queued": -1, "device_end": -1, "host_queued_end": 1585661539.555096}, "device": "cpu", "nd_range": {"device_start": 2329313.7447602954, "device_end": 2329313.800217661}, "cmdq": 1, "read": {"device_start": -1, "device_end": -1}}, "FFC_sans_bias2": {"write": {"device_start": -1, "host_queued_start": 1585661539.451759, "device_queued": -1, "device_end": -1, "host_queued_end": 1585661539.555096}, "device": "cpu", "nd_range": {"device_start": 2329313.803267926, "device_end": 2329313.8920131563}, "cmdq": 1, "read": {"device_start": -1, "device_end": -1}}, "coalesced_transpose120": {"write": {"device_start": -1, "host_queued_start": 1585661539.375601, "device_queued": -1, "device_end": -1, "host_queued_end": 1585661539.4158}, "device": "gpu", "nd_range": {"device_start": 1585661472.0225685, "device_end": 1585661472.022618}, "cmdq": 2, "read": {"device_start": -1, "device_end": -1}}, "FFC_sans_bias9": {"write": {"device_start": -1, "host_queued_start": 1585661539.455425, "device_queued": -1, "device_end": -1, "host_queued_end": 1585661539.555096}, "device": "cpu", "nd_range": {"device_start": 2329313.8262216053, "device_end": 2329313.8920133123}, "cmdq": 0, "read": {"device_start": -1, "device_end": -1}}, "empty71": {"write": {"device_start": 1585661471.930941, "host_queued_start": 1585661539.255442, "device_queued": 1585661471.9305627, "device_end": 1585661471.9310398, "host_queued_end": 1585661539.4158}, "device": "gpu", "nd_range": {"device_start": 1585661471.9310427, "device_end": 1585661471.931047}, "cmdq": 0, "read": {"device_start": -1, "device_end": -1}}, "softmax41": {"write": {"device_start": -1, "host_queued_start": 1585661539.526739, "device_queued": -1, "device_end": -1, "host_queued_end": 1585661539.555096}, "device": "cpu", "nd_range": {"device_start": 2329314.793901631, "device_end": 2329314.794616964}, "cmdq": 0, "read": {"device_start": -1, "device_end": -1}}, "FFC_sans_bias37": {"write": {"device_start": -1, "host_queued_start": 1585661539.491652, "device_queued": -1, "device_end": -1, "host_queued_end": 1585661539.555096}, "device": "cpu", "nd_range": {"device_start": 2329314.2231978863, "device_end": 2329314.2753340383}, "cmdq": 0, "read": {"device_start": -1, "device_end": -1}}, "FFC_sans_bias36": {"write": {"device_start": -1, "host_queued_start": 1585661539.488292, "device_queued": -1, "device_end": -1, "host_queued_end": 1585661539.555096}, "device": "cpu", "nd_range": {"device_start": 2329314.169162632, "device_end": 2329314.232726904}, "cmdq": 1, "read": {"device_start": -1, "device_end": -1}}, "FFC_sans_bias34": {"write": {"device_start": -1, "host_queued_start": 1585661539.545463, "device_queued": -1, "device_end": -1, "host_queued_end": 1585661539.555096}, "device": "cpu", "nd_range": {"device_start": 2329315.274189543, "device_end": 2329315.3603333393}, "cmdq": 1, "read": {"device_start": -1, "device_end": -1}}, "FFC_sans_bias33": {"write": {"device_start": -1, "host_queued_start": 1585661539.530406, "device_queued": -1, "device_end": -1, "host_queued_end": 1585661539.555096}, "device": "cpu", "nd_range": {"device_start": 2329314.9073741543, "device_end": 2329314.9873697343}, "cmdq": 0, "read": {"device_start": -1, "device_end": -1}}, "FFC_sans_bias31": {"write": {"device_start": -1, "host_queued_start": 1585661539.521802, "device_queued": -1, "device_end": -1, "host_queued_end": 1585661539.555096}, "device": "cpu", "nd_range": {"device_start": 2329314.627155409, "device_end": 2329314.701607277}, "cmdq": 0, "read": {"device_start": -1, "device_end": -1}}, "FFC_sans_bias38": {"write": {"device_start": -1, "host_queued_start": 1585661539.495219, "device_queued": -1, "device_end": -1, "host_queued_end": 1585661539.555096}, "device": "cpu", "nd_range": {"device_start": 2329314.232958348, "device_end": 2329314.347853733}, "cmdq": 1, "read": {"device_start": -1, "device_end": -1}}, "coalesced_transpose75": {"write": {"device_start": -1, "host_queued_start": 1585661539.373994, "device_queued": -1, "device_end": -1, "host_queued_end": 1585661539.4158}, "device": "gpu", "nd_range": {"device_start": 1585661472.0161765, "device_end": 1585661472.022531}, "cmdq": 1, "read": {"device_start": -1, "device_end": -1}}, "softmax140": {"write": {"device_start": -1, "host_queued_start": 1585661539.38135, "device_queued": -1, "device_end": -1, "host_queued_end": 1585661539.4158}, "device": "gpu", "nd_range": {"device_start": 1585661472.0543427, "device_end": 1585661472.0643854}, "cmdq": 2, "read": {"device_start": -1, "device_end": -1}}, "empty44": {"write": {"device_start": -1, "host_queued_start": 1585661539.434516, "device_queued": -1, "device_end": -1, "host_queued_end": 1585661539.555096}, "device": "cpu", "nd_range": {"device_start": 2329313.7447545524, "device_end": 2329313.7447552043}, "cmdq": 0, "read": {"device_start": -1, "device_end": -1}}, "FFC_sans_bias137": {"write": {"device_start": 1585661472.0068123, "host_queued_start": 1585661539.369757, "device_queued": 1585661471.9405475, "device_end": 1585661472.006915, "host_queued_end": 1585661539.4158}, "device": "gpu", "nd_range": {"device_start": 1585661472.0069222, "device_end": 1585661472.0194356}, "cmdq": 2, "read": {"device_start": -1, "device_end": -1}}, "empty8": {"write": {"device_start": -1, "host_queued_start": 1585661539.421203, "device_queued": -1, "device_end": -1, "host_queued_end": 1585661539.555096}, "device": "cpu", "nd_range": {"device_start": 2329313.744723354, "device_end": 2329313.744728766}, "cmdq": 0, "read": {"device_start": -1, "device_end": -1}}, "softmax50": {"write": {"device_start": -1, "host_queued_start": 1585661539.527291, "device_queued": -1, "device_end": -1, "host_queued_end": 1585661539.555096}, "device": "cpu", "nd_range": {"device_start": 2329314.840656929, "device_end": 2329314.8413791573}, "cmdq": 1, "read": {"device_start": -1, "device_end": -1}}, "softmax59": {"write": {"device_start": -1, "host_queued_start": 1585661539.527839, "device_queued": -1, "device_end": -1, "host_queued_end": 1585661539.555096}, "device": "cpu", "nd_range": {"device_start": 2329314.8314803513, "device_end": 2329314.8321116953}, "cmdq": 0, "read": {"device_start": -1, "device_end": -1}}, "FFC_sans_bias142": {"write": {"device_start": 1585661472.103156, "host_queued_start": 1585661539.415684, "device_queued": 1585661471.9486456, "device_end": 1585661472.103247, "host_queued_end": 1585661539.4158}, "device": "gpu", "nd_range": {"device_start": 1585661472.1032612, "device_end": 1585661472.112363}, "cmdq": 0, "read": {"device_start": 1585661472.1123695, "device_end": 1585661472.112463}}, "FFC_sans_bias141": {"write": {"device_start": -1, "host_queued_start": 1585661539.384191, "device_queued": -1, "device_end": -1, "host_queued_end": 1585661539.4158}, "device": "gpu", "nd_range": {"device_start": 1585661472.0668457, "device_end": 1585661472.0798457}, "cmdq": 3, "read": {"device_start": -1, "device_end": -1}}, "FFC_sans_bias24": {"write": {"device_start": -1, "host_queued_start": 1585661539.529727, "device_queued": -1, "device_end": -1, "host_queued_end": 1585661539.555096}, "device": "cpu", "nd_range": {"device_start": 2329314.9257221413, "device_end": 2329315.010999173}, "cmdq": 1, "read": {"device_start": -1, "device_end": -1}}, "FFC_sans_bias25": {"write": {"device_start": -1, "host_queued_start": 1585661539.542156, "device_queued": -1, "device_end": -1, "host_queued_end": 1585661539.555096}, "device": "cpu", "nd_range": {"device_start": 2329315.1451396924, "device_end": 2329315.257164422}, "cmdq": 0, "read": {"device_start": -1, "device_end": -1}}, "FFC_sans_bias27": {"write": {"device_start": -1, "host_queued_start": 1585661539.477893, "device_queued": -1, "device_end": -1, "host_queued_end": 1585661539.555096}, "device": "cpu", "nd_range": {"device_start": 2329314.047377984, "device_end": 2329314.122981233}, "cmdq": 0, "read": {"device_start": -1, "device_end": -1}}, "FFC_sans_bias20": {"write": {"device_start": -1, "host_queued_start": 1585661539.474501, "device_queued": -1, "device_end": -1, "host_queued_end": 1585661539.555096}, "device": "cpu", "nd_range": {"device_start": 2329314.018174562, "device_end": 2329314.088980508}, "cmdq": 1, "read": {"device_start": -1, "device_end": -1}}, "FFC_sans_bias22": {"write": {"device_start": -1, "host_queued_start": 1585661539.521181, "device_queued": -1, "device_end": -1, "host_queued_end": 1585661539.555096}, "device": "cpu", "nd_range": {"device_start": 2329314.652109837, "device_end": 2329314.716932678}, "cmdq": 1, "read": {"device_start": -1, "device_end": -1}}, "FFC_sans_bias130": {"write": {"device_start": -1, "host_queued_start": 1585661539.378823, "device_queued": -1, "device_end": -1, "host_queued_end": 1585661539.4158}, "device": "gpu", "nd_range": {"device_start": 1585661472.0326974, "device_end": 1585661472.0456944}, "cmdq": 0, "read": {"device_start": -1, "device_end": -1}}, "FFC_sans_bias28": {"write": {"device_start": -1, "host_queued_start": 1585661539.481485, "device_queued": -1, "device_end": -1, "host_queued_end": 1585661539.555096}, "device": "cpu", "nd_range": {"device_start": 2329314.089000017, "device_end": 2329314.169144609}, "cmdq": 1, "read": {"device_start": -1, "device_end": -1}}, "FFC_sans_bias29": {"write": {"device_start": -1, "host_queued_start": 1585661539.484808, "device_queued": -1, "device_end": -1, "host_queued_end": 1585661539.555096}, "device": "cpu", "nd_range": {"device_start": 2329314.1231826483, "device_end": 2329314.207167706}, "cmdq": 0, "read": {"device_start": -1, "device_end": -1}}, "coalesced_transpose66": {"write": {"device_start": -1, "host_queued_start": 1585661539.373659, "device_queued": -1, "device_end": -1, "host_queued_end": 1585661539.4158}, "device": "gpu", "nd_range": {"device_start": 1585661472.0129275, "device_end": 1585661472.0224829}, "cmdq": 0, "read": {"device_start": -1, "device_end": -1}}, "coalesced_transpose93": {"write": {"device_start": -1, "host_queued_start": 1585661539.374642, "device_queued": -1, "device_end": -1, "host_queued_end": 1585661539.4158}, "device": "gpu", "nd_range": {"device_start": 1585661472.022703, "device_end": 1585661472.022748}, "cmdq": 3, "read": {"device_start": -1, "device_end": -1}}, "softmax23": {"write": {"device_start": -1, "host_queued_start": 1585661539.525574, "device_queued": -1, "device_end": -1, "host_queued_end": 1585661539.555096}, "device": "cpu", "nd_range": {"device_start": 2329314.787645019, "device_end": 2329314.788427202}, "cmdq": 0, "read": {"device_start": -1, "device_end": -1}}, "empty62": {"write": {"device_start": -1, "host_queued_start": 1585661539.440803, "device_queued": -1, "device_end": -1, "host_queued_end": 1585661539.555096}, "device": "cpu", "nd_range": {"device_start": 2329313.744760272, "device_end": 2329313.744760924}, "cmdq": 0, "read": {"device_start": -1, "device_end": -1}}, "FFC_sans_bias10": {"write": {"device_start": -1, "host_queued_start": 1585661539.459268, "device_queued": -1, "device_end": -1, "host_queued_end": 1585661539.555096}, "device": "cpu", "nd_range": {"device_start": 2329313.892030009, "device_end": 2329313.9564672913}, "cmdq": 1, "read": {"device_start": -1, "device_end": -1}}, "FFC_sans_bias13": {"write": {"device_start": -1, "host_queued_start": 1585661539.520528, "device_queued": -1, "device_end": -1, "host_queued_end": 1585661539.555096}, "device": "cpu", "nd_range": {"device_start": 2329314.560812245, "device_end": 2329314.627133361}, "cmdq": 0, "read": {"device_start": -1, "device_end": -1}}, "FFC_sans_bias15": {"write": {"device_start": -1, "host_queued_start": 1585661539.529081, "device_queued": -1, "device_end": -1, "host_queued_end": 1585661539.555096}, "device": "cpu", "nd_range": {"device_start": 2329314.83238866, "device_end": 2329314.90714443}, "cmdq": 0, "read": {"device_start": -1, "device_end": -1}}, "FFC_sans_bias16": {"write": {"device_start": -1, "host_queued_start": 1585661539.539034, "device_queued": -1, "device_end": -1, "host_queued_end": 1585661539.555096}, "device": "cpu", "nd_range": {"device_start": 2329315.1841434543, "device_end": 2329315.2741827993}, "cmdq": 1, "read": {"device_start": -1, "device_end": -1}}, "FFC_sans_bias19": {"write": {"device_start": -1, "host_queued_start": 1585661539.470885, "device_queued": -1, "device_end": -1, "host_queued_end": 1585661539.555096}, "device": "cpu", "nd_range": {"device_start": 2329313.9707963043, "device_end": 2329314.0471728453}, "cmdq": 0, "read": {"device_start": -1, "device_end": -1}}, "FFC_sans_bias18": {"write": {"device_start": -1, "host_queued_start": 1585661539.467205, "device_queued": -1, "device_end": -1, "host_queued_end": 1585661539.555096}, "device": "cpu", "nd_range": {"device_start": 2329313.956483147, "device_end": 2329314.018157827}, "cmdq": 1, "read": {"device_start": -1, "device_end": -1}}, "FFC_sans_bias99": {"write": {"device_start": 1585661471.9644096, "host_queued_start": 1585661539.324079, "device_queued": 1585661471.9372113, "device_end": 1585661471.964511, "host_queued_end": 1585661539.4158}, "device": "gpu", "nd_range": {"device_start": 1585661471.9645274, "device_end": 1585661471.9770286}, "cmdq": 1, "read": {"device_start": -1, "device_end": -1}}, "FFC_sans_bias91": {"write": {"device_start": 1585661471.9578607, "host_queued_start": 1585661539.317049, "device_queued": 1585661471.9364836, "device_end": 1585661471.957965, "host_queued_end": 1585661539.4158}, "device": "gpu", "nd_range": {"device_start": 1585661471.9579725, "device_end": 1585661471.9705613}, "cmdq": 3, "read": {"device_start": -1, "device_end": -1}}, "FFC_sans_bias90": {"write": {"device_start": 1585661471.954643, "host_queued_start": 1585661539.313465, "device_queued": 1585661471.9363587, "device_end": 1585661471.9547498, "host_queued_end": 1585661539.4158}, "device": "gpu", "nd_range": {"device_start": 1585661471.9547563, "device_end": 1585661471.9672716}, "cmdq": 2, "read": {"device_start": -1, "device_end": -1}}, "coalesced_transpose12": {"write": {"device_start": -1, "host_queued_start": 1585661539.516087, "device_queued": -1, "device_end": -1, "host_queued_end": 1585661539.555096}, "device": "cpu", "nd_range": {"device_start": 2329314.559743386, "device_end": 2329314.5604868983}, "cmdq": 1, "read": {"device_start": -1, "device_end": -1}}, "FFC_sans_bias94": {"write": {"device_start": -1, "host_queued_start": 1585661539.377503, "device_queued": -1, "device_end": -1, "host_queued_end": 1585661539.4158}, "device": "gpu", "nd_range": {"device_start": 1585661472.0227797, "device_end": 1585661472.0326824}, "cmdq": 0, "read": {"device_start": -1, "device_end": -1}}, "FFC_sans_bias97": {"write": {"device_start": 1585661472.080115, "host_queued_start": 1585661539.398196, "device_queued": 1585661471.946673, "device_end": 1585661472.0802102, "host_queued_end": 1585661539.4158}, "device": "gpu", "nd_range": {"device_start": 1585661472.0802271, "device_end": 1585661472.0928457}, "cmdq": 3, "read": {"device_start": 1585661472.0928524, "device_end": 1585661472.092944}}, "FFC_sans_bias96": {"write": {"device_start": -1, "host_queued_start": 1585661539.382611, "device_queued": -1, "device_end": -1, "host_queued_end": 1585661539.4158}, "device": "gpu", "nd_range": {"device_start": 1585661472.0643997, "device_end": 1585661472.0766366}, "cmdq": 2, "read": {"device_start": -1, "device_end": -1}}, "FFC_sans_bias124": {"write": {"device_start": 1585661472.099895, "host_queued_start": 1585661539.408626, "device_queued": 1585661471.9476771, "device_end": 1585661472.0999925, "host_queued_end": 1585661539.4158}, "device": "gpu", "nd_range": {"device_start": 1585661472.1000075, "device_end": 1585661472.1091008}, "cmdq": 2, "read": {"device_start": 1585661472.1091082, "device_end": 1585661472.1091936}}, "FFC_sans_bias126": {"write": {"device_start": 1585661471.9970708, "host_queued_start": 1585661539.359217, "device_queued": 1585661471.9397023, "device_end": 1585661471.9971728, "host_queued_end": 1585661539.4158}, "device": "gpu", "nd_range": {"device_start": 1585661471.997177, "device_end": 1585661472.0096917}, "cmdq": 3, "read": {"device_start": -1, "device_end": -1}}, "softmax32": {"write": {"device_start": -1, "host_queued_start": 1585661539.52612, "device_queued": -1, "device_end": -1, "host_queued_end": 1585661539.555096}, "device": "cpu", "nd_range": {"device_start": 2329314.8324061544, "device_end": 2329314.840509642}, "cmdq": 1, "read": {"device_start": -1, "device_end": -1}}, "coalesced_transpose84": {"write": {"device_start": -1, "host_queued_start": 1585661539.374318, "device_queued": -1, "device_end": -1, "host_queued_end": 1585661539.4158}, "device": "gpu", "nd_range": {"device_start": 1585661472.0194418, "device_end": 1585661472.0225563}, "cmdq": 2, "read": {"device_start": -1, "device_end": -1}}, "FFC_sans_bias121": {"write": {"device_start": -1, "host_queued_start": 1585661539.378498, "device_queued": -1, "device_end": -1, "host_queued_end": 1585661539.4158}, "device": "gpu", "nd_range": {"device_start": 1585661472.039246, "device_end": 1585661472.0521924}, "cmdq": 3, "read": {"device_start": -1, "device_end": -1}}, "empty98": {"write": {"device_start": 1585661471.9320033, "host_queued_start": 1585661539.265036, "device_queued": 1585661471.9316592, "device_end": 1585661471.9322543, "host_queued_end": 1585661539.4158}, "device": "gpu", "nd_range": {"device_start": 1585661471.9322627, "device_end": 1585661471.9322686}, "cmdq": 3, "read": {"device_start": -1, "device_end": -1}}, "empty107": {"write": {"device_start": 1585661471.9323373, "host_queued_start": 1585661539.267908, "device_queued": 1585661471.9319956, "device_end": 1585661471.9326205, "host_queued_end": 1585661539.4158}, "device": "gpu", "nd_range": {"device_start": 1585661471.9326298, "device_end": 1585661471.9326336}, "cmdq": 0, "read": {"device_start": -1, "device_end": -1}}, "empty17": {"write": {"device_start": -1, "host_queued_start": 1585661539.424705, "device_queued": -1, "device_end": -1, "host_queued_end": 1585661539.555096}, "device": "cpu", "nd_range": {"device_start": 2329313.744715933, "device_end": 2329313.7447289033}, "cmdq": 1, "read": {"device_start": -1, "device_end": -1}}, "FFC_sans_bias87": {"write": {"device_start": -1, "host_queued_start": 1585661539.382292, "device_queued": -1, "device_end": -1, "host_queued_end": 1585661539.4158}, "device": "gpu", "nd_range": {"device_start": 1585661472.0536382, "device_end": 1585661472.0603166}, "cmdq": 1, "read": {"device_start": -1, "device_end": -1}}, "FFC_sans_bias85": {"write": {"device_start": -1, "host_queued_start": 1585661539.37719, "device_queued": -1, "device_end": -1, "host_queued_end": 1585661539.4158}, "device": "gpu", "nd_range": {"device_start": 1585661472.0292265, "device_end": 1585661472.039224}, "cmdq": 3, "read": {"device_start": -1, "device_end": -1}}, "FFC_sans_bias82": {"write": {"device_start": 1585661471.948016, "host_queued_start": 1585661539.306427, "device_queued": 1585661471.9359844, "device_end": 1585661471.9481237, "host_queued_end": 1585661539.4158}, "device": "gpu", "nd_range": {"device_start": 1585661471.9481285, "device_end": 1585661471.9607637}, "cmdq": 0, "read": {"device_start": -1, "device_end": -1}}, "FFC_sans_bias83": {"write": {"device_start": 1585661471.951428, "host_queued_start": 1585661539.310043, "device_queued": 1585661471.9362264, "device_end": 1585661471.9515579, "host_queued_end": 1585661539.4158}, "device": "gpu", "nd_range": {"device_start": 1585661471.9515665, "device_end": 1585661471.9640334}, "cmdq": 1, "read": {"device_start": -1, "device_end": -1}}, "FFC_sans_bias81": {"write": {"device_start": 1585661471.9449317, "host_queued_start": 1585661539.30308, "device_queued": 1585661471.9355254, "device_end": 1585661471.9450467, "host_queued_end": 1585661539.4158}, "device": "gpu", "nd_range": {"device_start": 1585661471.9450536, "device_end": 1585661471.9574828}, "cmdq": 3, "read": {"device_start": -1, "device_end": -1}}, "FFC_sans_bias88": {"write": {"device_start": 1585661472.0866303, "host_queued_start": 1585661539.394578, "device_queued": 1585661471.9465325, "device_end": 1585661472.0867243, "host_queued_end": 1585661539.4158}, "device": "gpu", "nd_range": {"device_start": 1585661472.0867443, "device_end": 1585661472.0993445}, "cmdq": 2, "read": {"device_start": 1585661472.0993526, "device_end": 1585661472.0994442}}, "coalesced_transpose30": {"write": {"device_start": -1, "host_queued_start": 1585661539.517399, "device_queued": -1, "device_end": -1, "host_queued_end": 1585661539.555096}, "device": "cpu", "nd_range": {"device_start": 2329314.56050246, "device_end": 2329314.568776627}, "cmdq": 1, "read": {"device_start": -1, "device_end": -1}}, "FFC_sans_bias128": {"write": {"device_start": 1585661471.993795, "host_queued_start": 1585661539.355692, "device_queued": 1585661471.9395635, "device_end": 1585661471.9938998, "host_queued_end": 1585661539.4158}, "device": "gpu", "nd_range": {"device_start": 1585661471.9939072, "device_end": 1585661472.006425}, "cmdq": 2, "read": {"device_start": -1, "device_end": -1}}, "coalesced_transpose39": {"write": {"device_start": -1, "host_queued_start": 1585661539.51803, "device_queued": -1, "device_end": -1, "host_queued_end": 1585661539.555096}, "device": "cpu", "nd_range": {"device_start": 2329314.5153878573, "device_end": 2329314.5162506914}, "cmdq": 0, "read": {"device_start": -1, "device_end": -1}}, "FFC_sans_bias79": {"write": {"device_start": 1585661472.0730293, "host_queued_start": 1585661539.39103, "device_queued": 1585661471.9464107, "device_end": 1585661472.0731368, "host_queued_end": 1585661539.4158}, "device": "gpu", "nd_range": {"device_start": 1585661472.0731559, "device_end": 1585661472.0830963}, "cmdq": 1, "read": {"device_start": 1585661472.083108, "device_end": 1585661472.0832021}}, "FFC_sans_bias78": {"write": {"device_start": -1, "host_queued_start": 1585661539.381975, "device_queued": -1, "device_end": -1, "host_queued_end": 1585661539.4158}, "device": "gpu", "nd_range": {"device_start": 1585661472.0543225, "device_end": 1585661472.0635824}, "cmdq": 0, "read": {"device_start": -1, "device_end": -1}}, "FFC_sans_bias73": {"write": {"device_start": 1585661471.938265, "host_queued_start": 1585661539.296025, "device_queued": 1585661471.9352612, "device_end": 1585661471.9383748, "host_queued_end": 1585661539.4158}, "device": "gpu", "nd_range": {"device_start": 1585661471.9383776, "device_end": 1585661471.9509554}, "cmdq": 1, "read": {"device_start": -1, "device_end": -1}}, "FFC_sans_bias72": {"write": {"device_start": 1585661471.9351528, "host_queued_start": 1585661539.29244, "device_queued": 1585661471.9348953, "device_end": 1585661471.935251, "host_queued_end": 1585661539.4158}, "device": "gpu", "nd_range": {"device_start": 1585661471.9352567, "device_end": 1585661471.9476452}, "cmdq": 0, "read": {"device_start": -1, "device_end": -1}}, "FFC_sans_bias70": {"write": {"device_start": 1585661472.0769649, "host_queued_start": 1585661539.387464, "device_queued": 1585661471.9461555, "device_end": 1585661472.0770595, "host_queued_end": 1585661539.4158}, "device": "gpu", "nd_range": {"device_start": 1585661472.077076, "device_end": 1585661472.0896323}, "cmdq": 0, "read": {"device_start": 1585661472.0896366, "device_end": 1585661472.0897286}}, "FFC_sans_bias76": {"write": {"device_start": -1, "host_queued_start": 1585661539.376869, "device_queued": -1, "device_end": -1, "host_queued_end": 1585661539.4158}, "device": "gpu", "nd_range": {"device_start": 1585661472.0227442, "device_end": 1585661472.0294232}, "cmdq": 2, "read": {"device_start": -1, "device_end": -1}}, "FFC_sans_bias74": {"write": {"device_start": 1585661471.9415815, "host_queued_start": 1585661539.299524, "device_queued": 1585661471.9353878, "device_end": 1585661471.9416869, "host_queued_end": 1585661539.4158}, "device": "gpu", "nd_range": {"device_start": 1585661471.9416935, "device_end": 1585661471.9542484}, "cmdq": 2, "read": {"device_start": -1, "device_end": -1}}, "coalesced_transpose102": {"write": {"device_start": -1, "host_queued_start": 1585661539.37497, "device_queued": -1, "device_end": -1, "host_queued_end": 1585661539.4158}, "device": "gpu", "nd_range": {"device_start": 1585661472.0224922, "device_end": 1585661472.0225766}, "cmdq": 0, "read": {"device_start": -1, "device_end": -1}}, "coalesced_transpose3": {"write": {"device_start": -1, "host_queued_start": 1585661539.515342, "device_queued": -1, "device_end": -1, "host_queued_end": 1585661539.555096}, "device": "cpu", "nd_range": {"device_start": 2329314.5132152094, "device_end": 2329314.5141466483}, "cmdq": 0, "read": {"device_start": -1, "device_end": -1}}, "FFC_sans_bias127": {"write": {"device_start": 1585661472.0003426, "host_queued_start": 1585661539.362624, "device_queued": 1585661471.9401705, "device_end": 1585661472.0004508, "host_queued_end": 1585661539.4158}, "device": "gpu", "nd_range": {"device_start": 1585661472.0004582, "device_end": 1585661472.0129263}, "cmdq": 0, "read": {"device_start": -1, "device_end": -1}}, "empty89": {"write": {"device_start": 1585661471.9316735, "host_queued_start": 1585661539.262231, "device_queued": 1585661471.9312487, "device_end": 1585661471.9319682, "host_queued_end": 1585661539.4158}, "device": "gpu", "nd_range": {"device_start": 1585661471.9319718, "device_end": 1585661471.93198}, "cmdq": 2, "read": {"device_start": -1, "device_end": -1}}, "FFC_sans_bias123": {"write": {"device_start": -1, "host_queued_start": 1585661539.383564, "device_queued": -1, "device_end": -1, "host_queued_end": 1585661539.4158}, "device": "gpu", "nd_range": {"device_start": 1585661472.0603323, "device_end": 1585661472.0700786}, "cmdq": 1, "read": {"device_start": -1, "device_end": -1}}, "empty80": {"write": {"device_start": 1585661471.931348, "host_queued_start": 1585661539.259198, "device_queued": 1585661471.9310555, "device_end": 1585661471.9316344, "host_queued_end": 1585661539.4158}, "device": "gpu", "nd_range": {"device_start": 1585661471.93172, "device_end": 1585661471.9317758}, "cmdq": 1, "read": {"device_start": -1, "device_end": -1}}, "empty116": {"write": {"device_start": 1585661471.93265, "host_queued_start": 1585661539.270641, "device_queued": 1585661471.9322739, "device_end": 1585661471.9328725, "host_queued_end": 1585661539.4158}, "device": "gpu", "nd_range": {"device_start": 1585661471.9329317, "device_end": 1585661471.9329393}, "cmdq": 1, "read": {"device_start": -1, "device_end": -1}}, "softmax104": {"write": {"device_start": -1, "host_queued_start": 1585661539.380373, "device_queued": -1, "device_end": -1, "host_queued_end": 1585661539.4158}, "device": "gpu", "nd_range": {"device_start": 1585661472.053607, "device_end": 1585661472.0543277}, "cmdq": 2, "read": {"device_start": -1, "device_end": -1}}, "coalesced_transpose21": {"write": {"device_start": -1, "host_queued_start": 1585661539.516771, "device_queued": -1, "device_end": -1, "host_queued_end": 1585661539.555096}, "device": "cpu", "nd_range": {"device_start": 2329314.5143099623, "device_end": 2329314.5152401323}, "cmdq": 0, "read": {"device_start": -1, "device_end": -1}}, "softmax14": {"write": {"device_start": -1, "host_queued_start": 1585661539.525033, "device_queued": -1, "device_end": -1, "host_queued_end": 1585661539.555096}, "device": "cpu", "nd_range": {"device_start": 2329314.8314876333, "device_end": 2329314.832111759}, "cmdq": 1, "read": {"device_start": -1, "device_end": -1}}, "FFC_sans_bias69": {"write": {"device_start": -1, "host_queued_start": 1585661539.381661, "device_queued": -1, "device_end": -1, "host_queued_end": 1585661539.4158}, "device": "gpu", "nd_range": {"device_start": 1585661472.053622, "device_end": 1585661472.057006}, "cmdq": 3, "read": {"device_start": -1, "device_end": -1}}, "FFC_sans_bias92": {"write": {"device_start": 1585661471.9611316, "host_queued_start": 1585661539.320514, "device_queued": 1585661471.9369712, "device_end": 1585661471.9612336, "host_queued_end": 1585661539.4158}, "device": "gpu", "nd_range": {"device_start": 1585661471.961242, "device_end": 1585661471.9738193}, "cmdq": 0, "read": {"device_start": -1, "device_end": -1}}, "FFC_sans_bias60": {"write": {"device_start": -1, "host_queued_start": 1585661539.532354, "device_queued": -1, "device_end": -1, "host_queued_end": 1585661539.555096}, "device": "cpu", "nd_range": {"device_start": 2329315.126133088, "device_end": 2329315.184125677}, "cmdq": 1, "read": {"device_start": -1, "device_end": -1}}, "FFC_sans_bias61": {"write": {"device_start": -1, "host_queued_start": 1585661539.555042, "device_queued": -1, "device_end": -1, "host_queued_end": 1585661539.555096}, "device": "cpu", "nd_range": {"device_start": 2329315.3489831723, "device_end": 2329315.4165122663}, "cmdq": 0, "read": {"device_start": -1, "device_end": -1}}, "FFC_sans_bias63": {"write": {"device_start": 1585661471.9345424, "host_queued_start": 1585661539.289023, "device_queued": 1585661471.9341505, "device_end": 1585661471.9346535, "host_queued_end": 1585661539.4158}, "device": "gpu", "nd_range": {"device_start": 1585661471.9347975, "device_end": 1585661471.9445071}, "cmdq": 3, "read": {"device_start": -1, "device_end": -1}}, "FFC_sans_bias64": {"write": {"device_start": 1585661471.933872, "host_queued_start": 1585661539.28198, "device_queued": 1585661471.933564, "device_end": 1585661471.9341323, "host_queued_end": 1585661539.4158}, "device": "gpu", "nd_range": {"device_start": 1585661471.9345384, "device_end": 1585661471.9379053}, "cmdq": 1, "read": {"device_start": -1, "device_end": -1}}, "FFC_sans_bias65": {"write": {"device_start": 1585661471.9341927, "host_queued_start": 1585661539.28539, "device_queued": 1585661471.9338603, "device_end": 1585661471.9345014, "host_queued_end": 1585661539.4158}, "device": "gpu", "nd_range": {"device_start": 1585661471.9346912, "device_end": 1585661471.9412422}, "cmdq": 2, "read": {"device_start": -1, "device_end": -1}}, "FFC_sans_bias67": {"write": {"device_start": -1, "host_queued_start": 1585661539.376551, "device_queued": -1, "device_end": -1, "host_queued_end": 1585661539.4158}, "device": "gpu", "nd_range": {"device_start": 1585661472.0227258, "device_end": 1585661472.026081}, "cmdq": 1, "read": {"device_start": -1, "device_end": -1}}, "coalesced_transpose111": {"write": {"device_start": -1, "host_queued_start": 1585661539.375284, "device_queued": -1, "device_end": -1, "host_queued_end": 1585661539.4158}, "device": "gpu", "nd_range": {"device_start": 1585661472.022532, "device_end": 1585661472.0225985}, "cmdq": 1, "read": {"device_start": -1, "device_end": -1}}, "FFC_sans_bias136": {"write": {"device_start": 1585661472.0035372, "host_queued_start": 1585661539.366259, "device_queued": 1585661471.9404187, "device_end": 1585661472.0036395, "host_queued_end": 1585661539.4158}, "device": "gpu", "nd_range": {"device_start": 1585661472.0036569, "device_end": 1585661472.0161753}, "cmdq": 1, "read": {"device_start": -1, "device_end": -1}}, "FFC_sans_bias135": {"write": {"device_start": 1585661472.0100791, "host_queued_start": 1585661539.373305, "device_queued": 1585661471.9406784, "device_end": 1585661472.01018, "host_queued_end": 1585661539.4158}, "device": "gpu", "nd_range": {"device_start": 1585661472.0101888, "device_end": 1585661472.022702}, "cmdq": 3, "read": {"device_start": -1, "device_end": -1}}, "FFC_sans_bias133": {"write": {"device_start": 1585661472.09339, "host_queued_start": 1585661539.41225, "device_queued": 1585661471.9478467, "device_end": 1585661472.0934846, "host_queued_end": 1585661539.4158}, "device": "gpu", "nd_range": {"device_start": 1585661472.0935009, "device_end": 1585661472.1058688}, "cmdq": 3, "read": {"device_start": 1585661472.1058743, "device_end": 1585661472.1059663}}, "FFC_sans_bias132": {"write": {"device_start": -1, "host_queued_start": 1585661539.383879, "device_queued": -1, "device_end": -1, "host_queued_end": 1585661539.4158}, "device": "gpu", "nd_range": {"device_start": 1585661472.0766509, "device_end": 1585661472.0863845}, "cmdq": 2, "read": {"device_start": -1, "device_end": -1}}, "softmax68": {"write": {"device_start": -1, "host_queued_start": 1585661539.37939, "device_queued": -1, "device_end": -1, "host_queued_end": 1585661539.4158}, "device": "gpu", "nd_range": {"device_start": 1585661472.0424843, "device_end": 1585661472.0535908}, "cmdq": 2, "read": {"device_start": -1, "device_end": -1}}, "softmax131": {"write": {"device_start": -1, "host_queued_start": 1585661539.381102, "device_queued": -1, "device_end": -1, "host_queued_end": 1585661539.4158}, "device": "gpu", "nd_range": {"device_start": 1585661472.0528262, "device_end": 1585661472.0532444}, "cmdq": 1, "read": {"device_start": -1, "device_end": -1}}, "empty125": {"write": {"device_start": 1585661471.932983, "host_queued_start": 1585661539.273482, "device_queued": 1585661471.932639, "device_end": 1585661471.9332576, "host_queued_end": 1585661539.4158}, "device": "gpu", "nd_range": {"device_start": 1585661471.9332724, "device_end": 1585661471.9332762}, "cmdq": 2, "read": {"device_start": -1, "device_end": -1}}, "FFC_sans_bias139": {"write": {"device_start": -1, "host_queued_start": 1585661539.379142, "device_queued": -1, "device_end": -1, "host_queued_end": 1585661539.4158}, "device": "gpu", "nd_range": {"device_start": 1585661472.0359213, "device_end": 1585661472.0489855}, "cmdq": 1, "read": {"device_start": -1, "device_end": -1}}, "empty35": {"write": {"device_start": -1, "host_queued_start": 1585661539.431219, "device_queued": -1, "device_end": -1, "host_queued_end": 1585661539.555096}, "device": "cpu", "nd_range": {"device_start": 2329313.744746286, "device_end": 2329313.744747343}, "cmdq": 1, "read": {"device_start": -1, "device_end": -1}}, "softmax86": {"write": {"device_start": -1, "host_queued_start": 1585661539.379881, "device_queued": -1, "device_end": -1, "host_queued_end": 1585661539.4158}, "device": "gpu", "nd_range": {"device_start": 1585661472.0457103, "device_end": 1585661472.053569}, "cmdq": 0, "read": {"device_start": -1, "device_end": -1}}, "FFC_sans_bias55": {"write": {"device_start": -1, "host_queued_start": 1585661539.514959, "device_queued": -1, "device_end": -1, "host_queued_end": 1585661539.555096}, "device": "cpu", "nd_range": {"device_start": 2329314.51711184, "device_end": 2329314.559718129}, "cmdq": 1, "read": {"device_start": -1, "device_end": -1}}, "FFC_sans_bias54": {"write": {"device_start": -1, "host_queued_start": 1585661539.51185, "device_queued": -1, "device_end": -1, "host_queued_end": 1585661539.555096}, "device": "cpu", "nd_range": {"device_start": 2329314.436104666, "device_end": 2329314.5129943513}, "cmdq": 0, "read": {"device_start": -1, "device_end": -1}}, "FFC_sans_bias56": {"write": {"device_start": -1, "host_queued_start": 1585661539.508639, "device_queued": -1, "device_end": -1, "host_queued_end": 1585661539.555096}, "device": "cpu", "nd_range": {"device_start": 2329314.4163064193, "device_end": 2329314.517103781}, "cmdq": 1, "read": {"device_start": -1, "device_end": -1}}, "FFC_sans_bias51": {"write": {"device_start": -1, "host_queued_start": 1585661539.531717, "device_queued": -1, "device_end": -1, "host_queued_end": 1585661539.555096}, "device": "cpu", "nd_range": {"device_start": 2329314.9875995573, "device_end": 2329315.068438814}, "cmdq": 0, "read": {"device_start": -1, "device_end": -1}}, "FFC_sans_bias52": {"write": {"device_start": -1, "host_queued_start": 1585661539.551893, "device_queued": -1, "device_end": -1, "host_queued_end": 1585661539.555096}, "device": "cpu", "nd_range": {"device_start": 2329315.36033944, "device_end": 2329315.4297036272}, "cmdq": 1, "read": {"device_start": -1, "device_end": -1}}, "FFC_sans_bias58": {"write": {"device_start": -1, "host_queued_start": 1585661539.523941, "device_queued": -1, "device_end": -1, "host_queued_end": 1585661539.555096}, "device": "cpu", "nd_range": {"device_start": 2329314.788557655, "device_end": 2329314.831469673}, "cmdq": 1, "read": {"device_start": -1, "device_end": -1}}, "FFC_sans_bias108": {"write": {"device_start": 1585661471.9742074, "host_queued_start": 1585661539.334465, "device_queued": 1585661471.9380655, "device_end": 1585661471.9743083, "host_queued_end": 1585661539.4158}, "device": "gpu", "nd_range": {"device_start": 1585661471.9743164, "device_end": 1585661471.9868248}, "cmdq": 0, "read": {"device_start": -1, "device_end": -1}}, "FFC_sans_bias109": {"write": {"device_start": 1585661471.977431, "host_queued_start": 1585661539.338056, "device_queued": 1585661471.9384248, "device_end": 1585661471.9775336, "host_queued_end": 1585661539.4158}, "device": "gpu", "nd_range": {"device_start": 1585661471.9775412, "device_end": 1585661471.9900894}, "cmdq": 1, "read": {"device_start": -1, "device_end": -1}}, "coalesced_transpose129": {"write": {"device_start": -1, "host_queued_start": 1585661539.37591, "device_queued": -1, "device_end": -1, "host_queued_end": 1585661539.4158}, "device": "gpu", "nd_range": {"device_start": 1585661472.0227625, "device_end": 1585661472.0292034}, "cmdq": 3, "read": {"device_start": -1, "device_end": -1}}, "FFC_sans_bias103": {"write": {"device_start": -1, "host_queued_start": 1585661539.377831, "device_queued": -1, "device_end": -1, "host_queued_end": 1585661539.4158}, "device": "gpu", "nd_range": {"device_start": 1585661472.0261023, "device_end": 1585661472.0359056}, "cmdq": 1, "read": {"device_start": -1, "device_end": -1}}, "FFC_sans_bias100": {"write": {"device_start": 1585661471.9676669, "host_queued_start": 1585661539.327437, "device_queued": 1585661471.9373372, "device_end": 1585661471.9677675, "host_queued_end": 1585661539.4158}, "device": "gpu", "nd_range": {"device_start": 1585661471.9677713, "device_end": 1585661471.9803195}, "cmdq": 2, "read": {"device_start": -1, "device_end": -1}}, "FFC_sans_bias101": {"write": {"device_start": 1585661471.9709544, "host_queued_start": 1585661539.331049, "device_queued": 1585661471.9375162, "device_end": 1585661471.9710555, "host_queued_end": 1585661539.4158}, "device": "gpu", "nd_range": {"device_start": 1585661471.971071, "device_end": 1585661471.9835947}, "cmdq": 3, "read": {"device_start": -1, "device_end": -1}}, "FFC_sans_bias106": {"write": {"device_start": 1585661472.0902007, "host_queued_start": 1585661539.40161, "device_queued": 1585661471.9472623, "device_end": 1585661472.0902982, "host_queued_end": 1585661539.4158}, "device": "gpu", "nd_range": {"device_start": 1585661472.0903165, "device_end": 1585661472.10262}, "cmdq": 0, "read": {"device_start": 1585661472.102625, "device_end": 1585661472.1027145}}, "softmax122": {"write": {"device_start": -1, "host_queued_start": 1585661539.38086, "device_queued": -1, "device_end": -1, "host_queued_end": 1585661539.4158}, "device": "gpu", "nd_range": {"device_start": 1585661472.0535858, "device_end": 1585661472.0543075}, "cmdq": 0, "read": {"device_start": -1, "device_end": -1}}, "FFC_sans_bias105": {"write": {"device_start": -1, "host_queued_start": 1585661539.38293, "device_queued": -1, "device_end": -1, "host_queued_end": 1585661539.4158}, "device": "gpu", "nd_range": {"device_start": 1585661472.0570202, "device_end": 1585661472.066831}, "cmdq": 3, "read": {"device_start": -1, "device_end": -1}}, "softmax95": {"write": {"device_start": -1, "host_queued_start": 1585661539.380129, "device_queued": -1, "device_end": -1, "host_queued_end": 1585661539.4158}, "device": "gpu", "nd_range": {"device_start": 1585661472.0490005, "device_end": 1585661472.0528097}, "cmdq": 1, "read": {"device_start": -1, "device_end": -1}}, "coalesced_transpose57": {"write": {"device_start": -1, "host_queued_start": 1585661539.519274, "device_queued": -1, "device_end": -1, "host_queued_end": 1585661539.555096}, "device": "cpu", "nd_range": {"device_start": 2329314.559738093, "device_end": 2329314.560778674}, "cmdq": 0, "read": {"device_start": -1, "device_end": -1}}, "empty26": {"write": {"device_start": -1, "host_queued_start": 1585661539.427982, "device_queued": -1, "device_end": -1, "host_queued_end": 1585661539.555096}, "device": "cpu", "nd_range": {"device_start": 2329313.744747423, "device_end": 2329313.7447485044}, "cmdq": 0, "read": {"device_start": -1, "device_end": -1}}, "softmax113": {"write": {"device_start": -1, "host_queued_start": 1585661539.380615, "device_queued": -1, "device_end": -1, "host_queued_end": 1585661539.4158}, "device": "gpu", "nd_range": {"device_start": 1585661472.0526423, "device_end": 1585661472.0530577}, "cmdq": 3, "read": {"device_start": -1, "device_end": -1}}, "FFC_sans_bias11": {"write": {"device_start": -1, "host_queued_start": 1585661539.462921, "device_queued": -1, "device_end": -1, "host_queued_end": 1585661539.555096}, "device": "cpu", "nd_range": {"device_start": 2329313.89235403, "device_end": 2329313.970770357}, "cmdq": 0, "read": {"device_start": -1, "device_end": -1}}, "FFC_sans_bias42": {"write": {"device_start": -1, "host_queued_start": 1585661539.531096, "device_queued": -1, "device_end": -1, "host_queued_end": 1585661539.555096}, "device": "cpu", "nd_range": {"device_start": 2329315.011213471, "device_end": 2329315.1258948282}, "cmdq": 1, "read": {"device_start": -1, "device_end": -1}}, "FFC_sans_bias43": {"write": {"device_start": -1, "host_queued_start": 1585661539.548551, "device_queued": -1, "device_end": -1, "host_queued_end": 1585661539.555096}, "device": "cpu", "nd_range": {"device_start": 2329315.257174254, "device_end": 2329315.3489743243}, "cmdq": 0, "read": {"device_start": -1, "device_end": -1}}, "FFC_sans_bias40": {"write": {"device_start": -1, "host_queued_start": 1585661539.522518, "device_queued": -1, "device_end": -1, "host_queued_end": 1585661539.555096}, "device": "cpu", "nd_range": {"device_start": 2329314.716948848, "device_end": 2329314.788539863}, "cmdq": 1, "read": {"device_start": -1, "device_end": -1}}, "FFC_sans_bias46": {"write": {"device_start": -1, "host_queued_start": 1585661539.502069, "device_queued": -1, "device_end": -1, "host_queued_end": 1585661539.555096}, "device": "cpu", "nd_range": {"device_start": 2329314.347871927, "device_end": 2329314.4162931642}, "cmdq": 1, "read": {"device_start": -1, "device_end": -1}}, "FFC_sans_bias47": {"write": {"device_start": -1, "host_queued_start": 1585661539.505237, "device_queued": -1, "device_end": -1, "host_queued_end": 1585661539.555096}, "device": "cpu", "nd_range": {"device_start": 2329314.355968125, "device_end": 2329314.4358795243}, "cmdq": 0, "read": {"device_start": -1, "device_end": -1}}, "FFC_sans_bias45": {"write": {"device_start": -1, "host_queued_start": 1585661539.498633, "device_queued": -1, "device_end": -1, "host_queued_end": 1585661539.555096}, "device": "cpu", "nd_range": {"device_start": 2329314.27557109, "device_end": 2329314.355794532}, "cmdq": 0, "read": {"device_start": -1, "device_end": -1}}, "FFC_sans_bias49": {"write": {"device_start": -1, "host_queued_start": 1585661539.523261, "device_queued": -1, "device_end": -1, "host_queued_end": 1585661539.555096}, "device": "cpu", "nd_range": {"device_start": 2329314.70162995, "device_end": 2329314.783265844}, "cmdq": 0, "read": {"device_start": -1, "device_end": -1}}, "softmax77": {"write": {"device_start": -1, "host_queued_start": 1585661539.379638, "device_queued": -1, "device_end": -1, "host_queued_end": 1585661539.4158}, "device": "gpu", "nd_range": {"device_start": 1585661472.052208, "device_end": 1585661472.0526266}, "cmdq": 3, "read": {"device_start": -1, "device_end": -1}}, "empty134": {"write": {"device_start": 1585661471.933279, "host_queued_start": 1585661539.276171, "device_queued": 1585661471.9328911, "device_end": 1585661471.933547, "host_queued_end": 1585661539.4158}, "device": "gpu", "nd_range": {"device_start": 1585661471.9335573, "device_end": 1585661471.9335618}, "cmdq": 3, "read": {"device_start": -1, "device_end": -1}}, "coalesced_transpose138": {"write": {"device_start": -1, "host_queued_start": 1585661539.376216, "device_queued": -1, "device_end": -1, "host_queued_end": 1585661539.4158}, "device": "gpu", "nd_range": {"device_start": 1585661472.022594, "device_end": 1585661472.022632}, "cmdq": 0, "read": {"device_start": -1, "device_end": -1}}, "FFC_sans_bias119": {"write": {"device_start": 1585661471.9904802, "host_queued_start": 1585661539.352224, "device_queued": 1585661471.9394326, "device_end": 1585661471.990581, "host_queued_end": 1585661539.4158}, "device": "gpu", "nd_range": {"device_start": 1585661471.990597, "device_end": 1585661472.0031452}, "cmdq": 1, "read": {"device_start": -1, "device_end": -1}}, "FFC_sans_bias118": {"write": {"device_start": 1585661471.9872322, "host_queued_start": 1585661539.348603, "device_queued": 1585661471.9391866, "device_end": 1585661471.987333, "host_queued_end": 1585661539.4158}, "device": "gpu", "nd_range": {"device_start": 1585661471.987337, "device_end": 1585661471.9998887}, "cmdq": 0, "read": {"device_start": -1, "device_end": -1}}, "empty143": {"write": {"device_start": 1585661471.9335785, "host_queued_start": 1585661539.279013, "device_queued": 1585661471.9332778, "device_end": 1585661471.9338431, "host_queued_end": 1585661539.4158}, "device": "gpu", "nd_range": {"device_start": 1585661471.9338472, "device_end": 1585661471.9338522}, "cmdq": 0, "read": {"device_start": -1, "device_end": -1}}, "FFC_sans_bias115": {"write": {"device_start": 1585661472.0836647, "host_queued_start": 1585661539.405215, "device_queued": 1585661471.9475315, "device_end": 1585661472.0837584, "host_queued_end": 1585661539.4158}, "device": "gpu", "nd_range": {"device_start": 1585661472.0837755, "device_end": 1585661472.0960698}, "cmdq": 1, "read": {"device_start": 1585661472.096076, "device_end": 1585661472.0961702}}, "FFC_sans_bias114": {"write": {"device_start": -1, "host_queued_start": 1585661539.383246, "device_queued": -1, "device_end": -1, "host_queued_end": 1585661539.4158}, "device": "gpu", "nd_range": {"device_start": 1585661472.0635967, "device_end": 1585661472.073381}, "cmdq": 0, "read": {"device_start": -1, "device_end": -1}}, "FFC_sans_bias117": {"write": {"device_start": 1585661471.9839747, "host_queued_start": 1585661539.345199, "device_queued": 1585661471.9386876, "device_end": 1585661471.9840753, "host_queued_end": 1585661539.4158}, "device": "gpu", "nd_range": {"device_start": 1585661471.98408, "device_end": 1585661471.9966705}, "cmdq": 3, "read": {"device_start": -1, "device_end": -1}}, "softmax5": {"write": {"device_start": -1, "host_queued_start": 1585661539.524488, "device_queued": -1, "device_end": -1, "host_queued_end": 1585661539.555096}, "device": "cpu", "nd_range": {"device_start": 2329314.783292442, "device_end": 2329314.787628164}, "cmdq": 0, "read": {"device_start": -1, "device_end": -1}}, "FFC_sans_bias110": {"write": {"device_start": 1585661471.9807258, "host_queued_start": 1585661539.34166, "device_queued": 1585661471.9385486, "device_end": 1585661471.9808335, "host_queued_end": 1585661539.4158}, "device": "gpu", "nd_range": {"device_start": 1585661471.9808383, "device_end": 1585661471.9934049}, "cmdq": 2, "read": {"device_start": -1, "device_end": -1}}, "FFC_sans_bias112": {"write": {"device_start": -1, "host_queued_start": 1585661539.378157, "device_queued": -1, "device_end": -1, "host_queued_end": 1585661539.4158}, "device": "gpu", "nd_range": {"device_start": 1585661472.0294385, "device_end": 1585661472.042469}, "cmdq": 2, "read": {"device_start": -1, "device_end": -1}}, "empty53": {"write": {"device_start": -1, "host_queued_start": 1585661539.437713, "device_queued": -1, "device_end": -1, "host_queued_end": 1585661539.555096}, "device": "cpu", "nd_range": {"device_start": 2329313.74475308, "device_end": 2329313.74475377}, "cmdq": 1, "read": {"device_start": -1, "device_end": -1}}, "coalesced_transpose48": {"write": {"device_start": -1, "host_queued_start": 1585661539.51868, "device_queued": -1, "device_end": -1, "host_queued_end": 1585661539.555096}, "device": "cpu", "nd_range": {"device_start": 2329314.568786079, "device_end": 2329314.569733303}, "cmdq": 1, "read": {"device_start": -1, "device_end": -1}}}