{"FFC_sans_bias4": {"write": {"device_start": -1, "host_queued_start": 1585661327.337534, "device_queued": -1, "device_end": -1, "host_queued_end": 1585661327.403621}, "device": "cpu", "nd_range": {"device_start": 2329103.016354091, "device_end": 2329103.0945743}, "cmdq": 2, "read": {"device_start": -1, "device_end": -1}}, "FFC_sans_bias7": {"write": {"device_start": -1, "host_queued_start": 1585661327.364544, "device_queued": -1, "device_end": -1, "host_queued_end": 1585661327.403621}, "device": "cpu", "nd_range": {"device_start": 2329104.119278075, "device_end": 2329104.239173273}, "cmdq": 0, "read": {"device_start": -1, "device_end": -1}}, "FFC_sans_bias6": {"write": {"device_start": -1, "host_queued_start": 1585661327.35337, "device_queued": -1, "device_end": -1, "host_queued_end": 1585661327.403621}, "device": "cpu", "nd_range": {"device_start": 2329103.616384371, "device_end": 2329103.831640697}, "cmdq": 2, "read": {"device_start": -1, "device_end": -1}}, "FFC_sans_bias1": {"write": {"device_start": -1, "host_queued_start": 1585661327.198234, "device_queued": -1, "device_end": -1, "host_queued_end": 1585661327.403621}, "device": "cpu", "nd_range": {"device_start": 2329101.59334348, "device_end": 2329101.8248049803}, "cmdq": 3, "read": {"device_start": -1, "device_end": -1}}, "FFC_sans_bias0": {"write": {"device_start": -1, "host_queued_start": 1585661327.194845, "device_queued": -1, "device_end": -1, "host_queued_end": 1585661327.403621}, "device": "cpu", "nd_range": {"device_start": 2329101.593342923, "device_end": 2329101.715958511}, "cmdq": 2, "read": {"device_start": -1, "device_end": -1}}, "FFC_sans_bias2": {"write": {"device_start": -1, "host_queued_start": 1585661327.201588, "device_queued": -1, "device_end": -1, "host_queued_end": 1585661327.403621}, "device": "cpu", "nd_range": {"device_start": 2329101.593326271, "device_end": 2329101.7222189573}, "cmdq": 0, "read": {"device_start": -1, "device_end": -1}}, "coalesced_transpose120": {"write": {"device_start": -1, "host_queued_start": 1585661327.336947, "device_queued": -1, "device_end": -1, "host_queued_end": 1585661327.403621}, "device": "cpu", "nd_range": {"device_start": 2329103.014840655, "device_end": 2329103.01572333}, "cmdq": 1, "read": {"device_start": -1, "device_end": -1}}, "FFC_sans_bias9": {"write": {"device_start": -1, "host_queued_start": 1585661327.20492, "device_queued": -1, "device_end": -1, "host_queued_end": 1585661327.403621}, "device": "cpu", "nd_range": {"device_start": 2329101.5939587033, "device_end": 2329101.7173620653}, "cmdq": 1, "read": {"device_start": -1, "device_end": -1}}, "empty71": {"write": {"device_start": -1, "host_queued_start": 1585661327.175799, "device_queued": -1, "device_end": -1, "host_queued_end": 1585661327.403621}, "device": "cpu", "nd_range": {"device_start": 2329101.593329831, "device_end": 2329101.593330584}, "cmdq": 3, "read": {"device_start": -1, "device_end": -1}}, "softmax41": {"write": {"device_start": -1, "host_queued_start": 1585661327.348049, "device_queued": -1, "device_end": -1, "host_queued_end": 1585661327.403621}, "device": "cpu", "nd_range": {"device_start": 2329103.608931865, "device_end": 2329103.60966565}, "cmdq": 0, "read": {"device_start": -1, "device_end": -1}}, "FFC_sans_bias37": {"write": {"device_start": -1, "host_queued_start": 1585661327.23834, "device_queued": -1, "device_end": -1, "host_queued_end": 1585661327.403621}, "device": "cpu", "nd_range": {"device_start": 2329102.1794905714, "device_end": 2329102.401335522}, "cmdq": 3, "read": {"device_start": -1, "device_end": -1}}, "FFC_sans_bias36": {"write": {"device_start": -1, "host_queued_start": 1585661327.234967, "device_queued": -1, "device_end": -1, "host_queued_end": 1585661327.403621}, "device": "cpu", "nd_range": {"device_start": 2329101.9616105403, "device_end": 2329102.096973792}, "cmdq": 2, "read": {"device_start": -1, "device_end": -1}}, "FFC_sans_bias34": {"write": {"device_start": -1, "host_queued_start": 1585661327.373552, "device_queued": -1, "device_end": -1, "host_queued_end": 1585661327.403621}, "device": "cpu", "nd_range": {"device_start": 2329104.2579571963, "device_end": 2329104.355859194}, "cmdq": 3, "read": {"device_start": -1, "device_end": -1}}, "FFC_sans_bias33": {"write": {"device_start": -1, "host_queued_start": 1585661327.355164, "device_queued": -1, "device_end": -1, "host_queued_end": 1585661327.403621}, "device": "cpu", "nd_range": {"device_start": 2329103.7014598353, "device_end": 2329103.890339078}, "cmdq": 1, "read": {"device_start": -1, "device_end": -1}}, "FFC_sans_bias31": {"write": {"device_start": -1, "host_queued_start": 1585661327.33934, "device_queued": -1, "device_end": -1, "host_queued_end": 1585661327.403621}, "device": "cpu", "nd_range": {"device_start": 2329103.2521521393, "device_end": 2329103.3813258223}, "cmdq": 1, "read": {"device_start": -1, "device_end": -1}}, "FFC_sans_bias38": {"write": {"device_start": -1, "host_queued_start": 1585661327.241695, "device_queued": -1, "device_end": -1, "host_queued_end": 1585661327.403621}, "device": "cpu", "nd_range": {"device_start": 2329101.9834625483, "device_end": 2329102.1145804604}, "cmdq": 0, "read": {"device_start": -1, "device_end": -1}}, "coalesced_transpose75": {"write": {"device_start": -1, "host_queued_start": 1585661327.334795, "device_queued": -1, "device_end": -1, "host_queued_end": 1585661327.403621}, "device": "cpu", "nd_range": {"device_start": 2329103.008653123, "device_end": 2329103.0105034453}, "cmdq": 0, "read": {"device_start": -1, "device_end": -1}}, "softmax140": {"write": {"device_start": -1, "host_queued_start": 1585661327.145428, "device_queued": -1, "device_end": -1, "host_queued_end": 1585661327.152926}, "device": "gpu", "nd_range": {"device_start": 1585661259.7005906, "device_end": 1585661259.7010095}, "cmdq": 1, "read": {"device_start": -1, "device_end": -1}}, "empty44": {"write": {"device_start": -1, "host_queued_start": 1585661327.167993, "device_queued": -1, "device_end": -1, "host_queued_end": 1585661327.403621}, "device": "cpu", "nd_range": {"device_start": 2329101.593303541, "device_end": 2329101.593304606}, "cmdq": 0, "read": {"device_start": -1, "device_end": -1}}, "FFC_sans_bias137": {"write": {"device_start": 1585661259.6813688, "host_queued_start": 1585661327.140172, "device_queued": 1585661259.675396, "device_end": 1585661259.6814668, "host_queued_end": 1585661327.152926}, "device": "gpu", "nd_range": {"device_start": 1585661259.6814706, "device_end": 1585661259.690746}, "cmdq": 0, "read": {"device_start": -1, "device_end": -1}}, "empty8": {"write": {"device_start": -1, "host_queued_start": 1585661327.156764, "device_queued": -1, "device_end": -1, "host_queued_end": 1585661327.403621}, "device": "cpu", "nd_range": {"device_start": 2329101.59327204, "device_end": 2329101.5932789124}, "cmdq": 0, "read": {"device_start": -1, "device_end": -1}}, "softmax50": {"write": {"device_start": -1, "host_queued_start": 1585661327.348569, "device_queued": -1, "device_end": -1, "host_queued_end": 1585661327.403621}, "device": "cpu", "nd_range": {"device_start": 2329103.618555087, "device_end": 2329103.61929825}, "cmdq": 1, "read": {"device_start": -1, "device_end": -1}}, "softmax59": {"write": {"device_start": -1, "host_queued_start": 1585661327.349091, "device_queued": -1, "device_end": -1, "host_queued_end": 1585661327.403621}, "device": "cpu", "nd_range": {"device_start": 2329103.511991212, "device_end": 2329103.5127224782}, "cmdq": 2, "read": {"device_start": -1, "device_end": -1}}, "FFC_sans_bias142": {"write": {"device_start": 1585661259.7046816, "host_queued_start": 1585661327.152817, "device_queued": 1585661259.676741, "device_end": 1585661259.7047799, "host_queued_end": 1585661327.152926}, "device": "gpu", "nd_range": {"device_start": 1585661259.7077193, "device_end": 1585661259.714211}, "cmdq": 2, "read": {"device_start": 1585661259.7142189, "device_end": 1585661259.7143204}}, "FFC_sans_bias141": {"write": {"device_start": -1, "host_queued_start": 1585661327.146069, "device_queued": -1, "device_end": -1, "host_queued_end": 1585661327.152926}, "device": "gpu", "nd_range": {"device_start": 1585661259.7043564, "device_end": 1585661259.7077136}, "cmdq": 0, "read": {"device_start": -1, "device_end": -1}}, "FFC_sans_bias24": {"write": {"device_start": -1, "host_queued_start": 1585661327.354567, "device_queued": -1, "device_end": -1, "host_queued_end": 1585661327.403621}, "device": "cpu", "nd_range": {"device_start": 2329103.613766847, "device_end": 2329103.812561828}, "cmdq": 0, "read": {"device_start": -1, "device_end": -1}}, "FFC_sans_bias25": {"write": {"device_start": -1, "host_queued_start": 1585661327.370591, "device_queued": -1, "device_end": -1, "host_queued_end": 1585661327.403621}, "device": "cpu", "nd_range": {"device_start": 2329104.1648365543, "device_end": 2329104.3494716533}, "cmdq": 2, "read": {"device_start": -1, "device_end": -1}}, "FFC_sans_bias27": {"write": {"device_start": -1, "host_queued_start": 1585661327.224976, "device_queued": -1, "device_end": -1, "host_queued_end": 1585661327.403621}, "device": "cpu", "nd_range": {"device_start": 2329102.056798063, "device_end": 2329102.1792639773}, "cmdq": 3, "read": {"device_start": -1, "device_end": -1}}, "FFC_sans_bias20": {"write": {"device_start": -1, "host_queued_start": 1585661327.221623, "device_queued": -1, "device_end": -1, "host_queued_end": 1585661327.403621}, "device": "cpu", "nd_range": {"device_start": 2329101.8386696572, "device_end": 2329101.961383994}, "cmdq": 2, "read": {"device_start": -1, "device_end": -1}}, "FFC_sans_bias22": {"write": {"device_start": -1, "host_queued_start": 1585661327.338747, "device_queued": -1, "device_end": -1, "host_queued_end": 1585661327.403621}, "device": "cpu", "nd_range": {"device_start": 2329103.1294330023, "device_end": 2329103.2392075933}, "cmdq": 0, "read": {"device_start": -1, "device_end": -1}}, "FFC_sans_bias130": {"write": {"device_start": -1, "host_queued_start": 1585661327.144584, "device_queued": -1, "device_end": -1, "host_queued_end": 1585661327.152926}, "device": "gpu", "nd_range": {"device_start": 1585661259.6939392, "device_end": 1585661259.6972969}, "cmdq": 1, "read": {"device_start": -1, "device_end": -1}}, "FFC_sans_bias28": {"write": {"device_start": -1, "host_queued_start": 1585661327.228316, "device_queued": -1, "device_end": -1, "host_queued_end": 1585661327.403621}, "device": "cpu", "nd_range": {"device_start": 2329101.852680045, "device_end": 2329101.983439666}, "cmdq": 0, "read": {"device_start": -1, "device_end": -1}}, "FFC_sans_bias29": {"write": {"device_start": -1, "host_queued_start": 1585661327.231647, "device_queued": -1, "device_end": -1, "host_queued_end": 1585661327.403621}, "device": "cpu", "nd_range": {"device_start": 2329101.8401621333, "device_end": 2329101.9629707}, "cmdq": 1, "read": {"device_start": -1, "device_end": -1}}, "coalesced_transpose66": {"write": {"device_start": -1, "host_queued_start": 1585661327.334459, "device_queued": -1, "device_end": -1, "host_queued_end": 1585661327.403621}, "device": "cpu", "nd_range": {"device_start": 2329103.244019871, "device_end": 2329103.245092612}, "cmdq": 3, "read": {"device_start": -1, "device_end": -1}}, "coalesced_transpose93": {"write": {"device_start": -1, "host_queued_start": 1585661327.335464, "device_queued": -1, "device_end": -1, "host_queued_end": 1585661327.403621}, "device": "cpu", "nd_range": {"device_start": 2329103.014828172, "device_end": 2329103.016219445}, "cmdq": 2, "read": {"device_start": -1, "device_end": -1}}, "softmax23": {"write": {"device_start": -1, "host_queued_start": 1585661327.34701, "device_queued": -1, "device_end": -1, "host_queued_end": 1585661327.403621}, "device": "cpu", "nd_range": {"device_start": 2329103.381793653, "device_end": 2329103.382567042}, "cmdq": 2, "read": {"device_start": -1, "device_end": -1}}, "empty62": {"write": {"device_start": -1, "host_queued_start": 1585661327.173202, "device_queued": -1, "device_end": -1, "host_queued_end": 1585661327.403621}, "device": "cpu", "nd_range": {"device_start": 2329101.5933299, "device_end": 2329101.593330527}, "cmdq": 2, "read": {"device_start": -1, "device_end": -1}}, "FFC_sans_bias10": {"write": {"device_start": -1, "host_queued_start": 1585661327.208244, "device_queued": -1, "device_end": -1, "host_queued_end": 1585661327.403621}, "device": "cpu", "nd_range": {"device_start": 2329101.715991396, "device_end": 2329101.838462018}, "cmdq": 2, "read": {"device_start": -1, "device_end": -1}}, "FFC_sans_bias13": {"write": {"device_start": -1, "host_queued_start": 1585661327.338137, "device_queued": -1, "device_end": -1, "host_queued_end": 1585661327.403621}, "device": "cpu", "nd_range": {"device_start": 2329103.246197454, "device_end": 2329103.3696140284}, "cmdq": 3, "read": {"device_start": -1, "device_end": -1}}, "FFC_sans_bias15": {"write": {"device_start": -1, "host_queued_start": 1585661327.353966, "device_queued": -1, "device_end": -1, "host_queued_end": 1585661327.403621}, "device": "cpu", "nd_range": {"device_start": 2329103.686983021, "device_end": 2329103.8092868794}, "cmdq": 3, "read": {"device_start": -1, "device_end": -1}}, "FFC_sans_bias16": {"write": {"device_start": -1, "host_queued_start": 1585661327.367613, "device_queued": -1, "device_end": -1, "host_queued_end": 1585661327.403621}, "device": "cpu", "nd_range": {"device_start": 2329104.245440129, "device_end": 2329104.376714815}, "cmdq": 1, "read": {"device_start": -1, "device_end": -1}}, "FFC_sans_bias19": {"write": {"device_start": -1, "host_queued_start": 1585661327.218254, "device_queued": -1, "device_end": -1, "host_queued_end": 1585661327.403621}, "device": "cpu", "nd_range": {"device_start": 2329101.7175255083, "device_end": 2329101.8401476312}, "cmdq": 1, "read": {"device_start": -1, "device_end": -1}}, "FFC_sans_bias18": {"write": {"device_start": -1, "host_queued_start": 1585661327.214892, "device_queued": -1, "device_end": -1, "host_queued_end": 1585661327.403621}, "device": "cpu", "nd_range": {"device_start": 2329101.722374836, "device_end": 2329101.85265747}, "cmdq": 0, "read": {"device_start": -1, "device_end": -1}}, "FFC_sans_bias99": {"write": {"device_start": -1, "host_queued_start": 1585661327.30523, "device_queued": -1, "device_end": -1, "host_queued_end": 1585661327.403621}, "device": "cpu", "nd_range": {"device_start": 2329102.970485648, "device_end": 2329103.05305089}, "cmdq": 3, "read": {"device_start": -1, "device_end": -1}}, "FFC_sans_bias91": {"write": {"device_start": -1, "host_queued_start": 1585661327.298624, "device_queued": -1, "device_end": -1, "host_queued_end": 1585661327.403621}, "device": "cpu", "nd_range": {"device_start": 2329102.464129698, "device_end": 2329102.615501778}, "cmdq": 1, "read": {"device_start": -1, "device_end": -1}}, "FFC_sans_bias90": {"write": {"device_start": -1, "host_queued_start": 1585661327.295243, "device_queued": -1, "device_end": -1, "host_queued_end": 1585661327.403621}, "device": "cpu", "nd_range": {"device_start": 2329102.532756839, "device_end": 2329102.663286412}, "cmdq": 0, "read": {"device_start": -1, "device_end": -1}}, "coalesced_transpose12": {"write": {"device_start": -1, "host_queued_start": 1585661327.332461, "device_queued": -1, "device_end": -1, "host_queued_end": 1585661327.403621}, "device": "cpu", "nd_range": {"device_start": 2329102.969273753, "device_end": 2329102.9705363982}, "cmdq": 1, "read": {"device_start": -1, "device_end": -1}}, "FFC_sans_bias94": {"write": {"device_start": -1, "host_queued_start": 1585661327.343615, "device_queued": -1, "device_end": -1, "host_queued_end": 1585661327.403621}, "device": "cpu", "nd_range": {"device_start": 2329103.484628247, "device_end": 2329103.606164669}, "cmdq": 0, "read": {"device_start": -1, "device_end": -1}}, "FFC_sans_bias97": {"write": {"device_start": -1, "host_queued_start": 1585661327.394595, "device_queued": -1, "device_end": -1, "host_queued_end": 1585661327.403621}, "device": "cpu", "nd_range": {"device_start": 2329104.472237477, "device_end": 2329104.64622819}, "cmdq": 2, "read": {"device_start": -1, "device_end": -1}}, "FFC_sans_bias96": {"write": {"device_start": -1, "host_queued_start": 1585661327.359466, "device_queued": -1, "device_end": -1, "host_queued_end": 1585661327.403621}, "device": "cpu", "nd_range": {"device_start": 2329103.9526630123, "device_end": 2329104.1192559153}, "cmdq": 0, "read": {"device_start": -1, "device_end": -1}}, "FFC_sans_bias124": {"write": {"device_start": -1, "host_queued_start": 1585661327.403566, "device_queued": -1, "device_end": -1, "host_queued_end": 1585661327.403621}, "device": "cpu", "nd_range": {"device_start": 2329104.6306384923, "device_end": 2329104.679761295}, "cmdq": 1, "read": {"device_start": -1, "device_end": -1}}, "FFC_sans_bias126": {"write": {"device_start": 1585661259.67472, "host_queued_start": 1585661327.129939, "device_queued": 1585661259.67445, "device_end": 1585661259.6748164, "host_queued_end": 1585661327.152926}, "device": "gpu", "nd_range": {"device_start": 1585661259.6748192, "device_end": 1585661259.6810465}, "cmdq": 0, "read": {"device_start": -1, "device_end": -1}}, "softmax32": {"write": {"device_start": -1, "host_queued_start": 1585661327.347529, "device_queued": -1, "device_end": -1, "host_queued_end": 1585661327.403621}, "device": "cpu", "nd_range": {"device_start": 2329103.684458699, "device_end": 2329103.685163897}, "cmdq": 3, "read": {"device_start": -1, "device_end": -1}}, "coalesced_transpose84": {"write": {"device_start": -1, "host_queued_start": 1585661327.33513, "device_queued": -1, "device_end": -1, "host_queued_end": 1585661327.403621}, "device": "cpu", "nd_range": {"device_start": 2329102.971813344, "device_end": 2329102.9730601003}, "cmdq": 1, "read": {"device_start": -1, "device_end": -1}}, "FFC_sans_bias121": {"write": {"device_start": -1, "host_queued_start": 1585661327.345411, "device_queued": -1, "device_end": -1, "host_queued_end": 1585661327.403621}, "device": "cpu", "nd_range": {"device_start": 2329103.5921858023, "device_end": 2329103.684226255}, "cmdq": 3, "read": {"device_start": -1, "device_end": -1}}, "empty98": {"write": {"device_start": -1, "host_queued_start": 1585661327.183864, "device_queued": -1, "device_end": -1, "host_queued_end": 1585661327.403621}, "device": "cpu", "nd_range": {"device_start": 2329101.59333674, "device_end": 2329101.5933374423}, "cmdq": 2, "read": {"device_start": -1, "device_end": -1}}, "empty107": {"write": {"device_start": -1, "host_queued_start": 1585661327.186505, "device_queued": -1, "device_end": -1, "host_queued_end": 1585661327.403621}, "device": "cpu", "nd_range": {"device_start": 2329101.59333676, "device_end": 2329101.593337426}, "cmdq": 3, "read": {"device_start": -1, "device_end": -1}}, "empty17": {"write": {"device_start": -1, "host_queued_start": 1585661327.159663, "device_queued": -1, "device_end": -1, "host_queued_end": 1585661327.403621}, "device": "cpu", "nd_range": {"device_start": 2329101.5932661053, "device_end": 2329101.593278908}, "cmdq": 1, "read": {"device_start": -1, "device_end": -1}}, "FFC_sans_bias87": {"write": {"device_start": -1, "host_queued_start": 1585661327.358872, "device_queued": -1, "device_end": -1, "host_queued_end": 1585661327.403621}, "device": "cpu", "nd_range": {"device_start": 2329103.885962096, "device_end": 2329104.008395836}, "cmdq": 3, "read": {"device_start": -1, "device_end": -1}}, "FFC_sans_bias85": {"write": {"device_start": -1, "host_queued_start": 1585661327.343013, "device_queued": -1, "device_end": -1, "host_queued_end": 1585661327.403621}, "device": "cpu", "nd_range": {"device_start": 2329103.473654917, "device_end": 2329103.592170103}, "cmdq": 3, "read": {"device_start": -1, "device_end": -1}}, "FFC_sans_bias82": {"write": {"device_start": -1, "host_queued_start": 1585661327.288453, "device_queued": -1, "device_end": -1, "host_queued_end": 1585661327.403621}, "device": "cpu", "nd_range": {"device_start": 2329102.525147579, "device_end": 2329102.648824377}, "cmdq": 2, "read": {"device_start": -1, "device_end": -1}}, "FFC_sans_bias83": {"write": {"device_start": -1, "host_queued_start": 1585661327.291917, "device_queued": -1, "device_end": -1, "host_queued_end": 1585661327.403621}, "device": "cpu", "nd_range": {"device_start": 2329102.84776033, "device_end": 2329102.97047375}, "cmdq": 3, "read": {"device_start": -1, "device_end": -1}}, "FFC_sans_bias81": {"write": {"device_start": -1, "host_queued_start": 1585661327.285121, "device_queued": -1, "device_end": -1, "host_queued_end": 1585661327.403621}, "device": "cpu", "nd_range": {"device_start": 2329102.340797188, "device_end": 2329102.4641115894}, "cmdq": 1, "read": {"device_start": -1, "device_end": -1}}, "FFC_sans_bias88": {"write": {"device_start": -1, "host_queued_start": 1585661327.391577, "device_queued": -1, "device_end": -1, "host_queued_end": 1585661327.403621}, "device": "cpu", "nd_range": {"device_start": 2329104.507030492, "device_end": 2329104.630625116}, "cmdq": 1, "read": {"device_start": -1, "device_end": -1}}, "coalesced_transpose30": {"write": {"device_start": -1, "host_queued_start": 1585661327.333128, "device_queued": -1, "device_end": -1, "host_queued_end": 1585661327.403621}, "device": "cpu", "nd_range": {"device_start": 2329103.242917972, "device_end": 2329103.244008696}, "cmdq": 3, "read": {"device_start": -1, "device_end": -1}}, "FFC_sans_bias128": {"write": {"device_start": 1585661259.6742256, "host_queued_start": 1585661327.126807, "device_queued": 1585661259.6737502, "device_end": 1585661259.6743388, "host_queued_end": 1585661327.152926}, "device": "gpu", "nd_range": {"device_start": 1585661259.6743517, "device_end": 1585661259.6777272}, "cmdq": 2, "read": {"device_start": -1, "device_end": -1}}, "coalesced_transpose39": {"write": {"device_start": -1, "host_queued_start": 1585661327.333458, "device_queued": -1, "device_end": -1, "host_queued_end": 1585661327.403621}, "device": "cpu", "nd_range": {"device_start": 2329103.005178235, "device_end": 2329103.008640536}, "cmdq": 0, "read": {"device_start": -1, "device_end": -1}}, "FFC_sans_bias79": {"write": {"device_start": -1, "host_queued_start": 1585661327.388559, "device_queued": -1, "device_end": -1, "host_queued_end": 1585661327.403621}, "device": "cpu", "nd_range": {"device_start": 2329104.3621298904, "device_end": 2329104.484864117}, "cmdq": 0, "read": {"device_start": -1, "device_end": -1}}, "FFC_sans_bias78": {"write": {"device_start": -1, "host_queued_start": 1585661327.358245, "device_queued": -1, "device_end": -1, "host_queued_end": 1585661327.403621}, "device": "cpu", "nd_range": {"device_start": 2329103.999948615, "device_end": 2329104.064095769}, "cmdq": 2, "read": {"device_start": -1, "device_end": -1}}, "FFC_sans_bias73": {"write": {"device_start": -1, "host_queued_start": 1585661327.278422, "device_queued": -1, "device_end": -1, "host_queued_end": 1585661327.403621}, "device": "cpu", "nd_range": {"device_start": 2329102.725297695, "device_end": 2329102.84774818}, "cmdq": 3, "read": {"device_start": -1, "device_end": -1}}, "FFC_sans_bias72": {"write": {"device_start": -1, "host_queued_start": 1585661327.275039, "device_queued": -1, "device_end": -1, "host_queued_end": 1585661327.403621}, "device": "cpu", "nd_range": {"device_start": 2329102.401850066, "device_end": 2329102.52492689}, "cmdq": 2, "read": {"device_start": -1, "device_end": -1}}, "FFC_sans_bias70": {"write": {"device_start": -1, "host_queued_start": 1585661327.385544, "device_queued": -1, "device_end": -1, "host_queued_end": 1585661327.403621}, "device": "cpu", "nd_range": {"device_start": 2329104.3558660503, "device_end": 2329104.550735839}, "cmdq": 3, "read": {"device_start": -1, "device_end": -1}}, "FFC_sans_bias76": {"write": {"device_start": -1, "host_queued_start": 1585661327.342399, "device_queued": -1, "device_end": -1, "host_queued_end": 1585661327.403621}, "device": "cpu", "nd_range": {"device_start": 2329103.160374971, "device_end": 2329103.2575239423}, "cmdq": 2, "read": {"device_start": -1, "device_end": -1}}, "FFC_sans_bias74": {"write": {"device_start": -1, "host_queued_start": 1585661327.281802, "device_queued": -1, "device_end": -1, "host_queued_end": 1585661327.403621}, "device": "cpu", "nd_range": {"device_start": 2329102.404033141, "device_end": 2329102.53273189}, "cmdq": 0, "read": {"device_start": -1, "device_end": -1}}, "coalesced_transpose102": {"write": {"device_start": -1, "host_queued_start": 1585661327.335795, "device_queued": -1, "device_end": -1, "host_queued_end": 1585661327.403621}, "device": "cpu", "nd_range": {"device_start": 2329103.245101678, "device_end": 2329103.2461865}, "cmdq": 3, "read": {"device_start": -1, "device_end": -1}}, "coalesced_transpose3": {"write": {"device_start": -1, "host_queued_start": 1585661327.332123, "device_queued": -1, "device_end": -1, "host_queued_end": 1585661327.403621}, "device": "cpu", "nd_range": {"device_start": 2329103.003362974, "device_end": 2329103.0051667592}, "cmdq": 0, "read": {"device_start": -1, "device_end": -1}}, "FFC_sans_bias127": {"write": {"device_start": 1585661259.6750813, "host_queued_start": 1585661327.133328, "device_queued": 1585661259.6748269, "device_end": 1585661259.6751764, "host_queued_end": 1585661327.152926}, "device": "gpu", "nd_range": {"device_start": 1585661259.6751947, "device_end": 1585661259.6843472}, "cmdq": 1, "read": {"device_start": -1, "device_end": -1}}, "empty89": {"write": {"device_start": -1, "host_queued_start": 1585661327.181208, "device_queued": -1, "device_end": -1, "host_queued_end": 1585661327.403621}, "device": "cpu", "nd_range": {"device_start": 2329101.593309627, "device_end": 2329101.593310399}, "cmdq": 1, "read": {"device_start": -1, "device_end": -1}}, "FFC_sans_bias123": {"write": {"device_start": -1, "host_queued_start": 1585661327.361255, "device_queued": -1, "device_end": -1, "host_queued_end": 1585661327.403621}, "device": "cpu", "nd_range": {"device_start": 2329104.008408235, "device_end": 2329104.257935123}, "cmdq": 3, "read": {"device_start": -1, "device_end": -1}}, "empty80": {"write": {"device_start": -1, "host_queued_start": 1585661327.178594, "device_queued": -1, "device_end": -1, "host_queued_end": 1585661327.403621}, "device": "cpu", "nd_range": {"device_start": 2329101.5933109703, "device_end": 2329101.5933118663}, "cmdq": 0, "read": {"device_start": -1, "device_end": -1}}, "empty116": {"write": {"device_start": -1, "host_queued_start": 1585661327.189143, "device_queued": -1, "device_end": -1, "host_queued_end": 1585661327.403621}, "device": "cpu", "nd_range": {"device_start": 2329101.593316722, "device_end": 2329101.593317447}, "cmdq": 0, "read": {"device_start": -1, "device_end": -1}}, "softmax104": {"write": {"device_start": -1, "host_queued_start": 1585661327.351721, "device_queued": -1, "device_end": -1, "host_queued_end": 1585661327.403621}, "device": "cpu", "nd_range": {"device_start": 2329103.686156597, "device_end": 2329103.6868613013}, "cmdq": 3, "read": {"device_start": -1, "device_end": -1}}, "coalesced_transpose21": {"write": {"device_start": -1, "host_queued_start": 1585661327.332795, "device_queued": -1, "device_end": -1, "host_queued_end": 1585661327.403621}, "device": "cpu", "nd_range": {"device_start": 2329103.012187775, "device_end": 2329103.0133796493}, "cmdq": 2, "read": {"device_start": -1, "device_end": -1}}, "softmax14": {"write": {"device_start": -1, "host_queued_start": 1585661327.346471, "device_queued": -1, "device_end": -1, "host_queued_end": 1585661327.403621}, "device": "cpu", "nd_range": {"device_start": 2329103.61767977, "device_end": 2329103.618405574}, "cmdq": 1, "read": {"device_start": -1, "device_end": -1}}, "FFC_sans_bias69": {"write": {"device_start": -1, "host_queued_start": 1585661327.357562, "device_queued": -1, "device_end": -1, "host_queued_end": 1585661327.403621}, "device": "cpu", "nd_range": {"device_start": 2329103.8903594553, "device_end": 2329104.0718495282}, "cmdq": 1, "read": {"device_start": -1, "device_end": -1}}, "FFC_sans_bias92": {"write": {"device_start": -1, "host_queued_start": 1585661327.301943, "device_queued": -1, "device_end": -1, "host_queued_end": 1585661327.403621}, "device": "cpu", "nd_range": {"device_start": 2329102.649049905, "device_end": 2329102.7726752004}, "cmdq": 2, "read": {"device_start": -1, "device_end": -1}}, "FFC_sans_bias60": {"write": {"device_start": -1, "host_queued_start": 1585661327.356972, "device_queued": -1, "device_end": -1, "host_queued_end": 1585661327.403621}, "device": "cpu", "nd_range": {"device_start": 2329103.812734593, "device_end": 2329103.952641065}, "cmdq": 0, "read": {"device_start": -1, "device_end": -1}}, "FFC_sans_bias61": {"write": {"device_start": -1, "host_queued_start": 1585661327.382556, "device_queued": -1, "device_end": -1, "host_queued_end": 1585661327.403621}, "device": "cpu", "nd_range": {"device_start": 2329104.3494876153, "device_end": 2329104.472228621}, "cmdq": 2, "read": {"device_start": -1, "device_end": -1}}, "FFC_sans_bias63": {"write": {"device_start": -1, "host_queued_start": 1585661327.271704, "device_queued": -1, "device_end": -1, "host_queued_end": 1585661327.403621}, "device": "cpu", "nd_range": {"device_start": 2329102.2175686373, "device_end": 2329102.34077921}, "cmdq": 1, "read": {"device_start": -1, "device_end": -1}}, "FFC_sans_bias64": {"write": {"device_start": -1, "host_queued_start": 1585661327.265038, "device_queued": -1, "device_end": -1, "host_queued_end": 1585661327.403621}, "device": "cpu", "nd_range": {"device_start": 2329102.602320372, "device_end": 2329102.725280663}, "cmdq": 3, "read": {"device_start": -1, "device_end": -1}}, "FFC_sans_bias65": {"write": {"device_start": -1, "host_queued_start": 1585661327.268377, "device_queued": -1, "device_end": -1, "host_queued_end": 1585661327.403621}, "device": "cpu", "nd_range": {"device_start": 2329102.274082812, "device_end": 2329102.4040198}, "cmdq": 0, "read": {"device_start": -1, "device_end": -1}}, "FFC_sans_bias67": {"write": {"device_start": -1, "host_queued_start": 1585661327.341714, "device_queued": -1, "device_end": -1, "host_queued_end": 1585661327.403621}, "device": "cpu", "nd_range": {"device_start": 2329103.381347481, "device_end": 2329103.524009623}, "cmdq": 1, "read": {"device_start": -1, "device_end": -1}}, "coalesced_transpose111": {"write": {"device_start": -1, "host_queued_start": 1585661327.336371, "device_queued": -1, "device_end": -1, "host_queued_end": 1585661327.403621}, "device": "cpu", "nd_range": {"device_start": 2329103.1285592993, "device_end": 2329103.1294114203}, "cmdq": 0, "read": {"device_start": -1, "device_end": -1}}, "FFC_sans_bias136": {"write": {"device_start": 1585661259.6780775, "host_queued_start": 1585661327.136725, "device_queued": 1585661259.674962, "device_end": 1585661259.6781874, "host_queued_end": 1585661327.152926}, "device": "gpu", "nd_range": {"device_start": 1585661259.6781907, "device_end": 1585661259.6874597}, "cmdq": 2, "read": {"device_start": -1, "device_end": -1}}, "FFC_sans_bias135": {"write": {"device_start": 1585661259.6847098, "host_queued_start": 1585661327.143577, "device_queued": 1585661259.6756246, "device_end": 1585661259.6848114, "host_queued_end": 1585661327.152926}, "device": "gpu", "nd_range": {"device_start": 1585661259.6848147, "device_end": 1585661259.6939344}, "cmdq": 1, "read": {"device_start": -1, "device_end": -1}}, "FFC_sans_bias133": {"write": {"device_start": 1585661259.7013729, "host_queued_start": 1585661327.149413, "device_queued": 1585661259.6768653, "device_end": 1585661259.701474, "host_queued_end": 1585661327.152926}, "device": "gpu", "nd_range": {"device_start": 1585661259.7043676, "device_end": 1585661259.7110364}, "cmdq": 1, "read": {"device_start": 1585661259.7110386, "device_end": 1585661259.7111385}}, "FFC_sans_bias132": {"write": {"device_start": -1, "host_queued_start": 1585661327.145745, "device_queued": -1, "device_end": -1, "host_queued_end": 1585661327.152926}, "device": "gpu", "nd_range": {"device_start": 1585661259.7010067, "device_end": 1585661259.704352}, "cmdq": 2, "read": {"device_start": -1, "device_end": -1}}, "softmax68": {"write": {"device_start": -1, "host_queued_start": 1585661327.349608, "device_queued": -1, "device_end": -1, "host_queued_end": 1585661327.403621}, "device": "cpu", "nd_range": {"device_start": 2329103.685318796, "device_end": 2329103.6860216632}, "cmdq": 3, "read": {"device_start": -1, "device_end": -1}}, "softmax131": {"write": {"device_start": -1, "host_queued_start": 1585661327.145171, "device_queued": -1, "device_end": -1, "host_queued_end": 1585661327.152926}, "device": "gpu", "nd_range": {"device_start": 1585661259.7005863, "device_end": 1585661259.7010016}, "cmdq": 0, "read": {"device_start": -1, "device_end": -1}}, "empty125": {"write": {"device_start": -1, "host_queued_start": 1585661327.191927, "device_queued": -1, "device_end": -1, "host_queued_end": 1585661327.403621}, "device": "cpu", "nd_range": {"device_start": 2329101.593316474, "device_end": 2329101.59331722}, "cmdq": 1, "read": {"device_start": -1, "device_end": -1}}, "FFC_sans_bias139": {"write": {"device_start": -1, "host_queued_start": 1585661327.144909, "device_queued": -1, "device_end": -1, "host_queued_end": 1585661327.152926}, "device": "gpu", "nd_range": {"device_start": 1585661259.6939454, "device_end": 1585661259.7005813}, "cmdq": 2, "read": {"device_start": -1, "device_end": -1}}, "empty35": {"write": {"device_start": -1, "host_queued_start": 1585661327.165331, "device_queued": -1, "device_end": -1, "host_queued_end": 1585661327.403621}, "device": "cpu", "nd_range": {"device_start": 2329101.593322624, "device_end": 2329101.593323342}, "cmdq": 3, "read": {"device_start": -1, "device_end": -1}}, "softmax86": {"write": {"device_start": -1, "host_queued_start": 1585661327.35067, "device_queued": -1, "device_end": -1, "host_queued_end": 1585661327.403621}, "device": "cpu", "nd_range": {"device_start": 2329103.619443355, "device_end": 2329103.620837055}, "cmdq": 1, "read": {"device_start": -1, "device_end": -1}}, "FFC_sans_bias55": {"write": {"device_start": -1, "host_queued_start": 1585661327.261686, "device_queued": -1, "device_end": -1, "host_queued_end": 1585661327.403621}, "device": "cpu", "nd_range": {"device_start": 2329102.278197763, "device_end": 2329102.40169837}, "cmdq": 2, "read": {"device_start": -1, "device_end": -1}}, "FFC_sans_bias54": {"write": {"device_start": -1, "host_queued_start": 1585661327.258362, "device_queued": -1, "device_end": -1, "host_queued_end": 1585661327.403621}, "device": "cpu", "nd_range": {"device_start": 2329102.093982981, "device_end": 2329102.217530723}, "cmdq": 1, "read": {"device_start": -1, "device_end": -1}}, "FFC_sans_bias56": {"write": {"device_start": -1, "host_queued_start": 1585661327.255024, "device_queued": -1, "device_end": -1, "host_queued_end": 1585661327.403621}, "device": "cpu", "nd_range": {"device_start": 2329102.114797919, "device_end": 2329102.274055425}, "cmdq": 0, "read": {"device_start": -1, "device_end": -1}}, "FFC_sans_bias51": {"write": {"device_start": -1, "host_queued_start": 1585661327.356378, "device_queued": -1, "device_end": -1, "host_queued_end": 1585661327.403621}, "device": "cpu", "nd_range": {"device_start": 2329103.80950135, "device_end": 2329103.885944983}, "cmdq": 3, "read": {"device_start": -1, "device_end": -1}}, "FFC_sans_bias52": {"write": {"device_start": -1, "host_queued_start": 1585661327.379556, "device_queued": -1, "device_end": -1, "host_queued_end": 1585661327.403621}, "device": "cpu", "nd_range": {"device_start": 2329104.376728125, "device_end": 2329104.507016446}, "cmdq": 1, "read": {"device_start": -1, "device_end": -1}}, "FFC_sans_bias58": {"write": {"device_start": -1, "host_queued_start": 1585661327.341117, "device_queued": -1, "device_end": -1, "host_queued_end": 1585661327.403621}, "device": "cpu", "nd_range": {"device_start": 2329103.239225494, "device_end": 2329103.484611264}, "cmdq": 0, "read": {"device_start": -1, "device_end": -1}}, "FFC_sans_bias108": {"write": {"device_start": -1, "host_queued_start": 1585661327.315197, "device_queued": -1, "device_end": -1, "host_queued_end": 1585661327.403621}, "device": "cpu", "nd_range": {"device_start": 2329102.772903989, "device_end": 2329102.896502307}, "cmdq": 2, "read": {"device_start": -1, "device_end": -1}}, "FFC_sans_bias109": {"write": {"device_start": -1, "host_queued_start": 1585661327.318523, "device_queued": -1, "device_end": -1, "host_queued_end": 1585661327.403621}, "device": "cpu", "nd_range": {"device_start": 2329103.0530656143, "device_end": 2329103.105401128}, "cmdq": 3, "read": {"device_start": -1, "device_end": -1}}, "coalesced_transpose129": {"write": {"device_start": -1, "host_queued_start": 1585661327.143938, "device_queued": -1, "device_end": -1, "host_queued_end": 1585661327.152926}, "device": "gpu", "nd_range": {"device_start": 1585661259.6874623, "device_end": 1585661259.6938224}, "cmdq": 2, "read": {"device_start": -1, "device_end": -1}}, "FFC_sans_bias103": {"write": {"device_start": -1, "host_queued_start": 1585661327.344211, "device_queued": -1, "device_end": -1, "host_queued_end": 1585661327.403621}, "device": "cpu", "nd_range": {"device_start": 2329103.524033001, "device_end": 2329103.6175100124}, "cmdq": 1, "read": {"device_start": -1, "device_end": -1}}, "FFC_sans_bias100": {"write": {"device_start": -1, "host_queued_start": 1585661327.308516, "device_queued": -1, "device_end": -1, "host_queued_end": 1585661327.403621}, "device": "cpu", "nd_range": {"device_start": 2329102.663305587, "device_end": 2329102.7920916863}, "cmdq": 0, "read": {"device_start": -1, "device_end": -1}}, "FFC_sans_bias101": {"write": {"device_start": -1, "host_queued_start": 1585661327.31186, "device_queued": -1, "device_end": -1, "host_queued_end": 1585661327.403621}, "device": "cpu", "nd_range": {"device_start": 2329102.615521572, "device_end": 2329102.845757864}, "cmdq": 1, "read": {"device_start": -1, "device_end": -1}}, "FFC_sans_bias106": {"write": {"device_start": -1, "host_queued_start": 1585661327.397573, "device_queued": -1, "device_end": -1, "host_queued_end": 1585661327.403621}, "device": "cpu", "nd_range": {"device_start": 2329104.550750683, "device_end": 2329104.656955957}, "cmdq": 3, "read": {"device_start": -1, "device_end": -1}}, "softmax122": {"write": {"device_start": -1, "host_queued_start": 1585661327.352772, "device_queued": -1, "device_end": -1, "host_queued_end": 1585661327.403621}, "device": "cpu", "nd_range": {"device_start": 2329103.700530622, "device_end": 2329103.701232675}, "cmdq": 1, "read": {"device_start": -1, "device_end": -1}}, "FFC_sans_bias105": {"write": {"device_start": -1, "host_queued_start": 1585661327.360065, "device_queued": -1, "device_end": -1, "host_queued_end": 1585661327.403621}, "device": "cpu", "nd_range": {"device_start": 2329104.0718684043, "device_end": 2329104.245406689}, "cmdq": 1, "read": {"device_start": -1, "device_end": -1}}, "softmax95": {"write": {"device_start": -1, "host_queued_start": 1585661327.351197, "device_queued": -1, "device_end": -1, "host_queued_end": 1585661327.403621}, "device": "cpu", "nd_range": {"device_start": 2329103.61149231, "device_end": 2329103.616237089}, "cmdq": 2, "read": {"device_start": -1, "device_end": -1}}, "coalesced_transpose57": {"write": {"device_start": -1, "host_queued_start": 1585661327.334129, "device_queued": -1, "device_end": -1, "host_queued_end": 1585661327.403621}, "device": "cpu", "nd_range": {"device_start": 2329103.0135230604, "device_end": 2329103.014689297}, "cmdq": 2, "read": {"device_start": -1, "device_end": -1}}, "empty26": {"write": {"device_start": -1, "host_queued_start": 1585661327.162411, "device_queued": -1, "device_end": -1, "host_queued_end": 1585661327.403621}, "device": "cpu", "nd_range": {"device_start": 2329101.5933226193, "device_end": 2329101.593323349}, "cmdq": 2, "read": {"device_start": -1, "device_end": -1}}, "softmax113": {"write": {"device_start": -1, "host_queued_start": 1585661327.352248, "device_queued": -1, "device_end": -1, "host_queued_end": 1585661327.403621}, "device": "cpu", "nd_range": {"device_start": 2329103.612897157, "device_end": 2329103.613622928}, "cmdq": 0, "read": {"device_start": -1, "device_end": -1}}, "FFC_sans_bias11": {"write": {"device_start": -1, "host_queued_start": 1585661327.211576, "device_queued": -1, "device_end": -1, "host_queued_end": 1585661327.403621}, "device": "cpu", "nd_range": {"device_start": 2329101.8248397443, "device_end": 2329102.0567810764}, "cmdq": 3, "read": {"device_start": -1, "device_end": -1}}, "FFC_sans_bias42": {"write": {"device_start": -1, "host_queued_start": 1585661327.355788, "device_queued": -1, "device_end": -1, "host_queued_end": 1585661327.403621}, "device": "cpu", "nd_range": {"device_start": 2329103.831826624, "device_end": 2329103.9997279723}, "cmdq": 2, "read": {"device_start": -1, "device_end": -1}}, "FFC_sans_bias43": {"write": {"device_start": -1, "host_queued_start": 1585661327.376537, "device_queued": -1, "device_end": -1, "host_queued_end": 1585661327.403621}, "device": "cpu", "nd_range": {"device_start": 2329104.2391896644, "device_end": 2329104.362121441}, "cmdq": 0, "read": {"device_start": -1, "device_end": -1}}, "FFC_sans_bias40": {"write": {"device_start": -1, "host_queued_start": 1585661327.339935, "device_queued": -1, "device_end": -1, "host_queued_end": 1585661327.403621}, "device": "cpu", "nd_range": {"device_start": 2329103.094790671, "device_end": 2329103.160173194}, "cmdq": 2, "read": {"device_start": -1, "device_end": -1}}, "FFC_sans_bias46": {"write": {"device_start": -1, "host_queued_start": 1585661327.248333, "device_queued": -1, "device_end": -1, "host_queued_end": 1585661327.403621}, "device": "cpu", "nd_range": {"device_start": 2329102.103122069, "device_end": 2329102.278002819}, "cmdq": 2, "read": {"device_start": -1, "device_end": -1}}, "FFC_sans_bias47": {"write": {"device_start": -1, "host_queued_start": 1585661327.251656, "device_queued": -1, "device_end": -1, "host_queued_end": 1585661327.403621}, "device": "cpu", "nd_range": {"device_start": 2329102.401361032, "device_end": 2329102.6023014053}, "cmdq": 3, "read": {"device_start": -1, "device_end": -1}}, "FFC_sans_bias45": {"write": {"device_start": -1, "host_queued_start": 1585661327.24502, "device_queued": -1, "device_end": -1, "host_queued_end": 1585661327.403621}, "device": "cpu", "nd_range": {"device_start": 2329101.96298336, "device_end": 2329102.0937600993}, "cmdq": 1, "read": {"device_start": -1, "device_end": -1}}, "FFC_sans_bias49": {"write": {"device_start": -1, "host_queued_start": 1585661327.340526, "device_queued": -1, "device_end": -1, "host_queued_end": 1585661327.403621}, "device": "cpu", "nd_range": {"device_start": 2329103.369635979, "device_end": 2329103.4736381453}, "cmdq": 3, "read": {"device_start": -1, "device_end": -1}}, "softmax77": {"write": {"device_start": -1, "host_queued_start": 1585661327.350133, "device_queued": -1, "device_end": -1, "host_queued_end": 1585661327.403621}, "device": "cpu", "nd_range": {"device_start": 2329103.612023494, "device_end": 2329103.612733678}, "cmdq": 0, "read": {"device_start": -1, "device_end": -1}}, "empty134": {"write": {"device_start": 1585661259.6734984, "host_queued_start": 1585661327.120091, "device_queued": 1585661259.673167, "device_end": 1585661259.6736982, "host_queued_end": 1585661327.152926}, "device": "gpu", "nd_range": {"device_start": 1585661259.6737077, "device_end": 1585661259.6737123}, "cmdq": 0, "read": {"device_start": -1, "device_end": -1}}, "coalesced_transpose138": {"write": {"device_start": -1, "host_queued_start": 1585661327.144255, "device_queued": -1, "device_end": -1, "host_queued_end": 1585661327.152926}, "device": "gpu", "nd_range": {"device_start": 1585661259.6907496, "device_end": 1585661259.6938493}, "cmdq": 0, "read": {"device_start": -1, "device_end": -1}}, "FFC_sans_bias119": {"write": {"device_start": -1, "host_queued_start": 1585661327.331767, "device_queued": -1, "device_end": -1, "host_queued_end": 1585661327.403621}, "device": "cpu", "nd_range": {"device_start": 2329103.1054156083, "device_end": 2329103.2429095763}, "cmdq": 3, "read": {"device_start": -1, "device_end": -1}}, "FFC_sans_bias118": {"write": {"device_start": -1, "host_queued_start": 1585661327.328457, "device_queued": -1, "device_end": -1, "host_queued_end": 1585661327.403621}, "device": "cpu", "nd_range": {"device_start": 2329102.896731188, "device_end": 2329103.012040352}, "cmdq": 2, "read": {"device_start": -1, "device_end": -1}}, "empty143": {"write": {"device_start": 1585661259.6738796, "host_queued_start": 1585661327.123553, "device_queued": 1585661259.6735132, "device_end": 1585661259.674199, "host_queued_end": 1585661327.152926}, "device": "gpu", "nd_range": {"device_start": 1585661259.6742098, "device_end": 1585661259.6742136}, "cmdq": 1, "read": {"device_start": -1, "device_end": -1}}, "FFC_sans_bias115": {"write": {"device_start": -1, "host_queued_start": 1585661327.400577, "device_queued": -1, "device_end": -1, "host_queued_end": 1585661327.403621}, "device": "cpu", "nd_range": {"device_start": 2329104.484872355, "device_end": 2329104.6074719434}, "cmdq": 0, "read": {"device_start": -1, "device_end": -1}}, "FFC_sans_bias114": {"write": {"device_start": -1, "host_queued_start": 1585661327.360661, "device_queued": -1, "device_end": -1, "host_queued_end": 1585661327.403621}, "device": "cpu", "nd_range": {"device_start": 2329104.064337532, "device_end": 2329104.164589346}, "cmdq": 2, "read": {"device_start": -1, "device_end": -1}}, "FFC_sans_bias117": {"write": {"device_start": -1, "host_queued_start": 1585661327.325122, "device_queued": -1, "device_end": -1, "host_queued_end": 1585661327.403621}, "device": "cpu", "nd_range": {"device_start": 2329102.845777063, "device_end": 2329102.969255738}, "cmdq": 1, "read": {"device_start": -1, "device_end": -1}}, "softmax5": {"write": {"device_start": -1, "host_queued_start": 1585661327.345948, "device_queued": -1, "device_end": -1, "host_queued_end": 1585661327.403621}, "device": "cpu", "nd_range": {"device_start": 2329103.6080252663, "device_end": 2329103.60875483}, "cmdq": 0, "read": {"device_start": -1, "device_end": -1}}, "FFC_sans_bias110": {"write": {"device_start": -1, "host_queued_start": 1585661327.321835, "device_queued": -1, "device_end": -1, "host_queued_end": 1585661327.403621}, "device": "cpu", "nd_range": {"device_start": 2329102.792111117, "device_end": 2329103.003342819}, "cmdq": 0, "read": {"device_start": -1, "device_end": -1}}, "FFC_sans_bias112": {"write": {"device_start": -1, "host_queued_start": 1585661327.344806, "device_queued": -1, "device_end": -1, "host_queued_end": 1585661327.403621}, "device": "cpu", "nd_range": {"device_start": 2329103.257737488, "device_end": 2329103.381646892}, "cmdq": 2, "read": {"device_start": -1, "device_end": -1}}, "empty53": {"write": {"device_start": -1, "host_queued_start": 1585661327.170604, "device_queued": -1, "device_end": -1, "host_queued_end": 1585661327.403621}, "device": "cpu", "nd_range": {"device_start": 2329101.5933024352, "device_end": 2329101.593303632}, "cmdq": 1, "read": {"device_start": -1, "device_end": -1}}, "coalesced_transpose48": {"write": {"device_start": -1, "host_queued_start": 1585661327.333793, "device_queued": -1, "device_end": -1, "host_queued_end": 1585661327.403621}, "device": "cpu", "nd_range": {"device_start": 2329102.970546395, "device_end": 2329102.9718033783}, "cmdq": 1, "read": {"device_start": -1, "device_end": -1}}}