{"FFC_sans_bias4": {"write": {"device_start": -1, "host_queued_start": 1585661290.564568, "device_queued": -1, "device_end": -1, "host_queued_end": 1585661290.597465}, "device": "cpu", "nd_range": {"device_start": 2329065.7427353403, "device_end": 2329065.8657936864}, "cmdq": 3, "read": {"device_start": -1, "device_end": -1}}, "FFC_sans_bias7": {"write": {"device_start": -1, "host_queued_start": 1585661290.579436, "device_queued": -1, "device_end": -1, "host_queued_end": 1585661290.597465}, "device": "cpu", "nd_range": {"device_start": 2329066.0875511453, "device_end": 2329066.2187330313}, "cmdq": 0, "read": {"device_start": -1, "device_end": -1}}, "FFC_sans_bias6": {"write": {"device_start": -1, "host_queued_start": 1585661290.57266, "device_queued": -1, "device_end": -1, "host_queued_end": 1585661290.597465}, "device": "cpu", "nd_range": {"device_start": 2329065.957432296, "device_end": 2329066.079830707}, "cmdq": 1, "read": {"device_start": -1, "device_end": -1}}, "FFC_sans_bias1": {"write": {"device_start": -1, "host_queued_start": 1585661290.496933, "device_queued": -1, "device_end": -1, "host_queued_end": 1585661290.597465}, "device": "cpu", "nd_range": {"device_start": 2329064.7871477744, "device_end": 2329064.914301773}, "cmdq": 0, "read": {"device_start": -1, "device_end": -1}}, "FFC_sans_bias0": {"write": {"device_start": -1, "host_queued_start": 1585661290.493489, "device_queued": -1, "device_end": -1, "host_queued_end": 1585661290.597465}, "device": "cpu", "nd_range": {"device_start": 2329065.034318761, "device_end": 2329065.156974559}, "cmdq": 3, "read": {"device_start": -1, "device_end": -1}}, "FFC_sans_bias2": {"write": {"device_start": -1, "host_queued_start": 1585661290.500379, "device_queued": -1, "device_end": -1, "host_queued_end": 1585661290.597465}, "device": "cpu", "nd_range": {"device_start": 2329064.7871484063, "device_end": 2329064.9177241493}, "cmdq": 1, "read": {"device_start": -1, "device_end": -1}}, "coalesced_transpose120": {"write": {"device_start": -1, "host_queued_start": 1585661290.428789, "device_queued": -1, "device_end": -1, "host_queued_end": 1585661290.467408}, "device": "gpu", "nd_range": {"device_start": 1585661223.0800338, "device_end": 1585661223.0800664}, "cmdq": 0, "read": {"device_start": -1, "device_end": -1}}, "FFC_sans_bias9": {"write": {"device_start": -1, "host_queued_start": 1585661290.503845, "device_queued": -1, "device_end": -1, "host_queued_end": 1585661290.597465}, "device": "cpu", "nd_range": {"device_start": 2329064.7871969272, "device_end": 2329064.9117041533}, "cmdq": 2, "read": {"device_start": -1, "device_end": -1}}, "empty71": {"write": {"device_start": 1585661222.989009, "host_queued_start": 1585661290.315508, "device_queued": 1585661222.988663, "device_end": 1585661222.989255, "host_queued_end": 1585661290.467408}, "device": "gpu", "nd_range": {"device_start": 1585661222.9892654, "device_end": 1585661222.989271}, "cmdq": 0, "read": {"device_start": -1, "device_end": -1}}, "softmax41": {"write": {"device_start": -1, "host_queued_start": 1585661290.571015, "device_queued": -1, "device_end": -1, "host_queued_end": 1585661290.597465}, "device": "cpu", "nd_range": {"device_start": 2329066.079863664, "device_end": 2329066.080632601}, "cmdq": 2, "read": {"device_start": -1, "device_end": -1}}, "FFC_sans_bias37": {"write": {"device_start": -1, "host_queued_start": 1585661290.538085, "device_queued": -1, "device_end": -1, "host_queued_end": 1585661290.597465}, "device": "cpu", "nd_range": {"device_start": 2329065.158702239, "device_end": 2329065.282046231}, "cmdq": 0, "read": {"device_start": -1, "device_end": -1}}, "FFC_sans_bias36": {"write": {"device_start": -1, "host_queued_start": 1585661290.534843, "device_queued": -1, "device_end": -1, "host_queued_end": 1585661290.597465}, "device": "cpu", "nd_range": {"device_start": 2329065.432129959, "device_end": 2329065.5553171863}, "cmdq": 3, "read": {"device_start": -1, "device_end": -1}}, "FFC_sans_bias34": {"write": {"device_start": -1, "host_queued_start": 1585661290.588449, "device_queued": -1, "device_end": -1, "host_queued_end": 1585661290.597465}, "device": "cpu", "nd_range": {"device_start": 2329066.2687028903, "device_end": 2329066.391210126}, "cmdq": 3, "read": {"device_start": -1, "device_end": -1}}, "FFC_sans_bias33": {"write": {"device_start": -1, "host_queued_start": 1585661290.574436, "device_queued": -1, "device_end": -1, "host_queued_end": 1585661290.597465}, "device": "cpu", "nd_range": {"device_start": 2329065.95786353, "device_end": 2329066.087536774}, "cmdq": 0, "read": {"device_start": -1, "device_end": -1}}, "FFC_sans_bias31": {"write": {"device_start": -1, "host_queued_start": 1585661290.566492, "device_queued": -1, "device_end": -1, "host_queued_end": 1585661290.597465}, "device": "cpu", "nd_range": {"device_start": 2329065.82726554, "device_end": 2329065.9555217903}, "cmdq": 2, "read": {"device_start": -1, "device_end": -1}}, "FFC_sans_bias38": {"write": {"device_start": -1, "host_queued_start": 1585661290.541282, "device_queued": -1, "device_end": -1, "host_queued_end": 1585661290.597465}, "device": "cpu", "nd_range": {"device_start": 2329065.175105072, "device_end": 2329065.3050788674}, "cmdq": 1, "read": {"device_start": -1, "device_end": -1}}, "coalesced_transpose75": {"write": {"device_start": -1, "host_queued_start": 1585661290.427255, "device_queued": -1, "device_end": -1, "host_queued_end": 1585661290.467408}, "device": "gpu", "nd_range": {"device_start": 1585661223.0769129, "device_end": 1585661223.0800002}, "cmdq": 1, "read": {"device_start": -1, "device_end": -1}}, "softmax140": {"write": {"device_start": -1, "host_queued_start": 1585661290.434588, "device_queued": -1, "device_end": -1, "host_queued_end": 1585661290.467408}, "device": "gpu", "nd_range": {"device_start": 1585661223.1104667, "device_end": 1585661223.1108801}, "cmdq": 2, "read": {"device_start": -1, "device_end": -1}}, "empty44": {"write": {"device_start": -1, "host_queued_start": 1585661290.485071, "device_queued": -1, "device_end": -1, "host_queued_end": 1585661290.597465}, "device": "cpu", "nd_range": {"device_start": 2329064.7871379633, "device_end": 2329064.787139375}, "cmdq": 0, "read": {"device_start": -1, "device_end": -1}}, "FFC_sans_bias137": {"write": {"device_start": 1585661223.0675106, "host_queued_start": 1585661290.423309, "device_queued": 1585661222.9982781, "device_end": 1585661223.0676136, "host_queued_end": 1585661290.467408}, "device": "gpu", "nd_range": {"device_start": 1585661223.0676208, "device_end": 1585661223.076911}, "cmdq": 1, "read": {"device_start": -1, "device_end": -1}}, "empty8": {"write": {"device_start": -1, "host_queued_start": 1585661290.472449, "device_queued": -1, "device_end": -1, "host_queued_end": 1585661290.597465}, "device": "cpu", "nd_range": {"device_start": 2329064.787097886, "device_end": 2329064.787112086}, "cmdq": 0, "read": {"device_start": -1, "device_end": -1}}, "softmax50": {"write": {"device_start": -1, "host_queued_start": 1585661290.571544, "device_queued": -1, "device_end": -1, "host_queued_end": 1585661290.597465}, "device": "cpu", "nd_range": {"device_start": 2329065.9907979, "device_end": 2329065.991521302}, "cmdq": 3, "read": {"device_start": -1, "device_end": -1}}, "softmax59": {"write": {"device_start": -1, "host_queued_start": 1585661290.572076, "device_queued": -1, "device_end": -1, "host_queued_end": 1585661290.597465}, "device": "cpu", "nd_range": {"device_start": 2329065.957102769, "device_end": 2329065.957855415}, "cmdq": 0, "read": {"device_start": -1, "device_end": -1}}, "FFC_sans_bias142": {"write": {"device_start": 1585661223.1538665, "host_queued_start": 1585661290.467294, "device_queued": 1585661223.0055928, "device_end": 1585661223.1539638, "host_queued_end": 1585661290.467408}, "device": "gpu", "nd_range": {"device_start": 1585661223.1539671, "device_end": 1585661223.1630995}, "cmdq": 2, "read": {"device_start": 1585661223.1631043, "device_end": 1585661223.163201}}, "FFC_sans_bias141": {"write": {"device_start": -1, "host_queued_start": 1585661290.437481, "device_queued": -1, "device_end": -1, "host_queued_end": 1585661290.467408}, "device": "gpu", "nd_range": {"device_start": 1585661223.120869, "device_end": 1585661223.1305954}, "cmdq": 2, "read": {"device_start": -1, "device_end": -1}}, "FFC_sans_bias24": {"write": {"device_start": -1, "host_queued_start": 1585661290.573842, "device_queued": -1, "device_end": -1, "host_queued_end": 1585661290.597465}, "device": "cpu", "nd_range": {"device_start": 2329065.991672758, "device_end": 2329066.115278696}, "cmdq": 3, "read": {"device_start": -1, "device_end": -1}}, "FFC_sans_bias25": {"write": {"device_start": -1, "host_queued_start": 1585661290.585434, "device_queued": -1, "device_end": -1, "host_queued_end": 1585661290.597465}, "device": "cpu", "nd_range": {"device_start": 2329066.326936618, "device_end": 2329066.4490897493}, "cmdq": 2, "read": {"device_start": -1, "device_end": -1}}, "FFC_sans_bias27": {"write": {"device_start": -1, "host_queued_start": 1585661290.525111, "device_queued": -1, "device_end": -1, "host_queued_end": 1585661290.597465}, "device": "cpu", "nd_range": {"device_start": 2329065.036315957, "device_end": 2329065.1586909853}, "cmdq": 0, "read": {"device_start": -1, "device_end": -1}}, "FFC_sans_bias20": {"write": {"device_start": -1, "host_queued_start": 1585661290.521683, "device_queued": -1, "device_end": -1, "host_queued_end": 1585661290.597465}, "device": "cpu", "nd_range": {"device_start": 2329065.309254925, "device_end": 2329065.4319121293}, "cmdq": 3, "read": {"device_start": -1, "device_end": -1}}, "FFC_sans_bias22": {"write": {"device_start": -1, "host_queued_start": 1585661290.565765, "device_queued": -1, "device_end": -1, "host_queued_end": 1585661290.597465}, "device": "cpu", "nd_range": {"device_start": 2329065.711346392, "device_end": 2329065.833823725}, "cmdq": 1, "read": {"device_start": -1, "device_end": -1}}, "FFC_sans_bias130": {"write": {"device_start": -1, "host_queued_start": 1585661290.432013, "device_queued": -1, "device_end": -1, "host_queued_end": 1585661290.467408}, "device": "gpu", "nd_range": {"device_start": 1585661223.0932877, "device_end": 1585661223.1031399}, "cmdq": 1, "read": {"device_start": -1, "device_end": -1}}, "FFC_sans_bias28": {"write": {"device_start": -1, "host_queued_start": 1585661290.528305, "device_queued": -1, "device_end": -1, "host_queued_end": 1585661290.597465}, "device": "cpu", "nd_range": {"device_start": 2329065.046915011, "device_end": 2329065.17508298}, "cmdq": 1, "read": {"device_start": -1, "device_end": -1}}, "FFC_sans_bias29": {"write": {"device_start": -1, "host_queued_start": 1585661290.531629, "device_queued": -1, "device_end": -1, "host_queued_end": 1585661290.597465}, "device": "cpu", "nd_range": {"device_start": 2329065.406430921, "device_end": 2329065.529123574}, "cmdq": 2, "read": {"device_start": -1, "device_end": -1}}, "coalesced_transpose66": {"write": {"device_start": -1, "host_queued_start": 1585661290.426942, "device_queued": -1, "device_end": -1, "host_queued_end": 1585661290.467408}, "device": "gpu", "nd_range": {"device_start": 1585661223.0736184, "device_end": 1585661223.0799594}, "cmdq": 0, "read": {"device_start": -1, "device_end": -1}}, "coalesced_transpose93": {"write": {"device_start": -1, "host_queued_start": 1585661290.427869, "device_queued": -1, "device_end": -1, "host_queued_end": 1585661290.467408}, "device": "gpu", "nd_range": {"device_start": 1585661223.0799673, "device_end": 1585661223.0800214}, "cmdq": 0, "read": {"device_start": -1, "device_end": -1}}, "softmax23": {"write": {"device_start": -1, "host_queued_start": 1585661290.569903, "device_queued": -1, "device_end": -1, "host_queued_end": 1585661290.597465}, "device": "cpu", "nd_range": {"device_start": 2329065.9563298803, "device_end": 2329065.957092288}, "cmdq": 0, "read": {"device_start": -1, "device_end": -1}}, "empty62": {"write": {"device_start": -1, "host_queued_start": 1585661290.490602, "device_queued": -1, "device_end": -1, "host_queued_end": 1585661290.597465}, "device": "cpu", "nd_range": {"device_start": 2329064.7871890813, "device_end": 2329064.787190394}, "cmdq": 2, "read": {"device_start": -1, "device_end": -1}}, "FFC_sans_bias10": {"write": {"device_start": -1, "host_queued_start": 1585661290.507311, "device_queued": -1, "device_end": -1, "host_queued_end": 1585661290.597465}, "device": "cpu", "nd_range": {"device_start": 2329065.157004166, "device_end": 2329065.309233632}, "cmdq": 3, "read": {"device_start": -1, "device_end": -1}}, "FFC_sans_bias13": {"write": {"device_start": -1, "host_queued_start": 1585661290.565166, "device_queued": -1, "device_end": -1, "host_queued_end": 1585661290.597465}, "device": "cpu", "nd_range": {"device_start": 2329065.4360283823, "device_end": 2329065.5671213423}, "cmdq": 0, "read": {"device_start": -1, "device_end": -1}}, "FFC_sans_bias15": {"write": {"device_start": -1, "host_queued_start": 1585661290.573252, "device_queued": -1, "device_end": -1, "host_queued_end": 1585661290.597465}, "device": "cpu", "nd_range": {"device_start": 2329066.080646703, "device_end": 2329066.2036389434}, "cmdq": 2, "read": {"device_start": -1, "device_end": -1}}, "FFC_sans_bias16": {"write": {"device_start": -1, "host_queued_start": 1585661290.582421, "device_queued": -1, "device_end": -1, "host_queued_end": 1585661290.597465}, "device": "cpu", "nd_range": {"device_start": 2329066.349353924, "device_end": 2329066.4773581154}, "cmdq": 1, "read": {"device_start": -1, "device_end": -1}}, "FFC_sans_bias19": {"write": {"device_start": -1, "host_queued_start": 1585661290.518271, "device_queued": -1, "device_end": -1, "host_queued_end": 1585661290.597465}, "device": "cpu", "nd_range": {"device_start": 2329064.911728898, "device_end": 2329065.034058982}, "cmdq": 2, "read": {"device_start": -1, "device_end": -1}}, "FFC_sans_bias18": {"write": {"device_start": -1, "host_queued_start": 1585661290.514869, "device_queued": -1, "device_end": -1, "host_queued_end": 1585661290.597465}, "device": "cpu", "nd_range": {"device_start": 2329064.9178803293, "device_end": 2329065.046896223}, "cmdq": 1, "read": {"device_start": -1, "device_end": -1}}, "FFC_sans_bias99": {"write": {"device_start": 1585661223.0250673, "host_queued_start": 1585661290.380146, "device_queued": 1585661222.9948983, "device_end": 1585661223.0251682, "host_queued_end": 1585661290.467408}, "device": "gpu", "nd_range": {"device_start": 1585661223.0251741, "device_end": 1585661223.034498}, "cmdq": 0, "read": {"device_start": -1, "device_end": -1}}, "FFC_sans_bias91": {"write": {"device_start": 1585661223.0185554, "host_queued_start": 1585661290.373505, "device_queued": 1585661222.9944346, "device_end": 1585661223.0186574, "host_queued_end": 1585661290.467408}, "device": "gpu", "nd_range": {"device_start": 1585661223.018664, "device_end": 1585661223.0279763}, "cmdq": 1, "read": {"device_start": -1, "device_end": -1}}, "FFC_sans_bias90": {"write": {"device_start": 1585661223.0153263, "host_queued_start": 1585661290.370175, "device_queued": 1585661222.9942005, "device_end": 1585661223.0154274, "host_queued_end": 1585661290.467408}, "device": "gpu", "nd_range": {"device_start": 1585661223.0154326, "device_end": 1585661223.0246954}, "cmdq": 0, "read": {"device_start": -1, "device_end": -1}}, "coalesced_transpose12": {"write": {"device_start": -1, "host_queued_start": 1585661290.561079, "device_queued": -1, "device_end": -1, "host_queued_end": 1585661290.597465}, "device": "cpu", "nd_range": {"device_start": 2329065.435042297, "device_end": 2329065.4360156204}, "cmdq": 1, "read": {"device_start": -1, "device_end": -1}}, "FFC_sans_bias94": {"write": {"device_start": -1, "host_queued_start": 1585661290.430695, "device_queued": -1, "device_end": -1, "host_queued_end": 1585661290.467408}, "device": "gpu", "nd_range": {"device_start": 1585661223.083452, "device_end": 1585661223.0900664}, "cmdq": 0, "read": {"device_start": -1, "device_end": -1}}, "FFC_sans_bias97": {"write": {"device_start": 1585661223.1409037, "host_queued_start": 1585661290.450722, "device_queued": 1585661223.0041552, "device_end": 1585661223.1410012, "host_queued_end": 1585661290.467408}, "device": "gpu", "nd_range": {"device_start": 1585661223.1410036, "device_end": 1585661223.1501083}, "cmdq": 0, "read": {"device_start": 1585661223.1501129, "device_end": 1585661223.1502097}}, "FFC_sans_bias96": {"write": {"device_start": -1, "host_queued_start": 1585661290.435903, "device_queued": -1, "device_end": -1, "host_queued_end": 1585661290.467408}, "device": "gpu", "nd_range": {"device_start": 1585661223.1175814, "device_end": 1585661223.1240273}, "cmdq": 0, "read": {"device_start": -1, "device_end": -1}}, "FFC_sans_bias124": {"write": {"device_start": 1585661223.150647, "host_queued_start": 1585661290.460694, "device_queued": 1585661223.004991, "device_end": 1585661223.1507432, "host_queued_end": 1585661290.467408}, "device": "gpu", "nd_range": {"device_start": 1585661223.1507497, "device_end": 1585661223.1598299}, "cmdq": 0, "read": {"device_start": 1585661223.1598332, "device_end": 1585661223.1599278}}, "FFC_sans_bias126": {"write": {"device_start": 1585661223.0577242, "host_queued_start": 1585661290.413374, "device_queued": 1585661222.997564, "device_end": 1585661223.0578277, "host_queued_end": 1585661290.467408}, "device": "gpu", "nd_range": {"device_start": 1585661223.0578337, "device_end": 1585661223.0671356}, "cmdq": 1, "read": {"device_start": -1, "device_end": -1}}, "softmax32": {"write": {"device_start": -1, "host_queued_start": 1585661290.57042, "device_queued": -1, "device_end": -1, "host_queued_end": 1585661290.597465}, "device": "cpu", "nd_range": {"device_start": 2329065.956654957, "device_end": 2329065.957421731}, "cmdq": 1, "read": {"device_start": -1, "device_end": -1}}, "coalesced_transpose84": {"write": {"device_start": -1, "host_queued_start": 1585661290.427559, "device_queued": -1, "device_end": -1, "host_queued_end": 1585661290.467408}, "device": "gpu", "nd_range": {"device_start": 1585661223.0801997, "device_end": 1585661223.086572}, "cmdq": 2, "read": {"device_start": -1, "device_end": -1}}, "FFC_sans_bias121": {"write": {"device_start": -1, "host_queued_start": 1585661290.431682, "device_queued": -1, "device_end": -1, "host_queued_end": 1585661290.467408}, "device": "gpu", "nd_range": {"device_start": 1585661223.090068, "device_end": 1585661223.096588}, "cmdq": 0, "read": {"device_start": -1, "device_end": -1}}, "empty98": {"write": {"device_start": 1585661222.99004, "host_queued_start": 1585661290.324469, "device_queued": 1585661222.9896753, "device_end": 1585661222.9903226, "host_queued_end": 1585661290.467408}, "device": "gpu", "nd_range": {"device_start": 1585661222.9903326, "device_end": 1585661222.990337}, "cmdq": 0, "read": {"device_start": -1, "device_end": -1}}, "empty107": {"write": {"device_start": 1585661222.9903617, "host_queued_start": 1585661290.327073, "device_queued": 1585661222.9900236, "device_end": 1585661222.9906485, "host_queued_end": 1585661290.467408}, "device": "gpu", "nd_range": {"device_start": 1585661222.9906611, "device_end": 1585661222.990684}, "cmdq": 1, "read": {"device_start": -1, "device_end": -1}}, "empty17": {"write": {"device_start": -1, "host_queued_start": 1585661290.475612, "device_queued": -1, "device_end": -1, "host_queued_end": 1585661290.597465}, "device": "cpu", "nd_range": {"device_start": 2329064.787106816, "device_end": 2329064.787113135}, "cmdq": 1, "read": {"device_start": -1, "device_end": -1}}, "FFC_sans_bias87": {"write": {"device_start": -1, "host_queued_start": 1585661290.435572, "device_queued": -1, "device_end": -1, "host_queued_end": 1585661290.467408}, "device": "gpu", "nd_range": {"device_start": 1585661223.1108813, "device_end": 1585661223.11426}, "cmdq": 2, "read": {"device_start": -1, "device_end": -1}}, "FFC_sans_bias85": {"write": {"device_start": -1, "host_queued_start": 1585661290.430369, "device_queued": -1, "device_end": -1, "host_queued_end": 1585661290.467408}, "device": "gpu", "nd_range": {"device_start": 1585661223.0931368, "device_end": 1585661223.0998762}, "cmdq": 2, "read": {"device_start": -1, "device_end": -1}}, "FFC_sans_bias82": {"write": {"device_start": 1585661223.0087497, "host_queued_start": 1585661290.363567, "device_queued": 1585661222.9937344, "device_end": 1585661223.0088525, "host_queued_end": 1585661290.467408}, "device": "gpu", "nd_range": {"device_start": 1585661223.008858, "device_end": 1585661223.018182}, "cmdq": 1, "read": {"device_start": -1, "device_end": -1}}, "FFC_sans_bias83": {"write": {"device_start": 1585661223.0120115, "host_queued_start": 1585661290.366875, "device_queued": 1585661222.9938617, "device_end": 1585661223.0121136, "host_queued_end": 1585661290.467408}, "device": "gpu", "nd_range": {"device_start": 1585661223.01212, "device_end": 1585661223.0214782}, "cmdq": 2, "read": {"device_start": -1, "device_end": -1}}, "FFC_sans_bias81": {"write": {"device_start": 1585661223.0054464, "host_queued_start": 1585661290.360243, "device_queued": 1585661222.9935026, "device_end": 1585661223.0055563, "host_queued_end": 1585661290.467408}, "device": "gpu", "nd_range": {"device_start": 1585661223.0055652, "device_end": 1585661223.0149484}, "cmdq": 0, "read": {"device_start": -1, "device_end": -1}}, "FFC_sans_bias88": {"write": {"device_start": 1585661223.1344388, "host_queued_start": 1585661290.447434, "device_queued": 1585661223.003728, "device_end": 1585661223.1345346, "host_queued_end": 1585661290.467408}, "device": "gpu", "nd_range": {"device_start": 1585661223.13454, "device_end": 1585661223.1435912}, "cmdq": 2, "read": {"device_start": 1585661223.1435955, "device_end": 1585661223.1436954}}, "coalesced_transpose30": {"write": {"device_start": -1, "host_queued_start": 1585661290.562237, "device_queued": -1, "device_end": -1, "host_queued_end": 1585661290.597465}, "device": "cpu", "nd_range": {"device_start": 2329065.741647866, "device_end": 2329065.742568145}, "cmdq": 3, "read": {"device_start": -1, "device_end": -1}}, "FFC_sans_bias128": {"write": {"device_start": 1585661223.054441, "host_queued_start": 1585661290.410027, "device_queued": 1585661222.9973202, "device_end": 1585661223.0545433, "host_queued_end": 1585661290.467408}, "device": "gpu", "nd_range": {"device_start": 1585661223.054549, "device_end": 1585661223.0638847}, "cmdq": 0, "read": {"device_start": -1, "device_end": -1}}, "coalesced_transpose39": {"write": {"device_start": -1, "host_queued_start": 1585661290.56282, "device_queued": -1, "device_end": -1, "host_queued_end": 1585661290.597465}, "device": "cpu", "nd_range": {"device_start": 2329065.405511097, "device_end": 2329065.406422785}, "cmdq": 0, "read": {"device_start": -1, "device_end": -1}}, "FFC_sans_bias79": {"write": {"device_start": 1585661223.1470845, "host_queued_start": 1585661290.444034, "device_queued": 1585661223.003592, "device_end": 1585661223.147175, "host_queued_end": 1585661290.467408}, "device": "gpu", "nd_range": {"device_start": 1585661223.1471798, "device_end": 1585661223.156615}, "cmdq": 1, "read": {"device_start": 1585661223.1566164, "device_end": 1585661223.1567085}}, "FFC_sans_bias78": {"write": {"device_start": -1, "host_queued_start": 1585661290.435248, "device_queued": -1, "device_end": -1, "host_queued_end": 1585661290.467408}, "device": "gpu", "nd_range": {"device_start": 1585661223.1183448, "device_end": 1585661223.127333}, "cmdq": 1, "read": {"device_start": -1, "device_end": -1}}, "FFC_sans_bias73": {"write": {"device_start": 1585661222.9990165, "host_queued_start": 1585661290.353603, "device_queued": 1585661222.9930284, "device_end": 1585661222.9991245, "host_queued_end": 1585661290.467408}, "device": "gpu", "nd_range": {"device_start": 1585661222.999128, "device_end": 1585661223.00839}, "cmdq": 1, "read": {"device_start": -1, "device_end": -1}}, "FFC_sans_bias72": {"write": {"device_start": 1585661222.995597, "host_queued_start": 1585661290.350276, "device_queued": 1585661222.9927802, "device_end": 1585661222.9957016, "host_queued_end": 1585661290.467408}, "device": "gpu", "nd_range": {"device_start": 1585661222.9957044, "device_end": 1585661223.0050645}, "cmdq": 0, "read": {"device_start": -1, "device_end": -1}}, "FFC_sans_bias70": {"write": {"device_start": 1585661223.1340747, "host_queued_start": 1585661290.440727, "device_queued": 1585661223.003341, "device_end": 1585661223.1341748, "host_queued_end": 1585661290.467408}, "device": "gpu", "nd_range": {"device_start": 1585661223.1341803, "device_end": 1585661223.1403158}, "cmdq": 0, "read": {"device_start": 1585661223.1403272, "device_end": 1585661223.1404243}}, "FFC_sans_bias76": {"write": {"device_start": -1, "host_queued_start": 1585661290.430051, "device_queued": -1, "device_end": -1, "host_queued_end": 1585661290.467408}, "device": "gpu", "nd_range": {"device_start": 1585661223.080089, "device_end": 1585661223.0868118}, "cmdq": 1, "read": {"device_start": -1, "device_end": -1}}, "FFC_sans_bias74": {"write": {"device_start": 1585661223.0023248, "host_queued_start": 1585661290.356941, "device_queued": 1585661222.9931517, "device_end": 1585661223.0024285, "host_queued_end": 1585661290.467408}, "device": "gpu", "nd_range": {"device_start": 1585661223.0024343, "device_end": 1585661223.011674}, "cmdq": 2, "read": {"device_start": -1, "device_end": -1}}, "coalesced_transpose102": {"write": {"device_start": -1, "host_queued_start": 1585661290.428178, "device_queued": -1, "device_end": -1, "host_queued_end": 1585661290.467408}, "device": "gpu", "nd_range": {"device_start": 1585661223.0800014, "device_end": 1585661223.0800467}, "cmdq": 1, "read": {"device_start": -1, "device_end": -1}}, "coalesced_transpose3": {"write": {"device_start": -1, "host_queued_start": 1585661290.560492, "device_queued": -1, "device_end": -1, "host_queued_end": 1585661290.597465}, "device": "cpu", "nd_range": {"device_start": 2329065.4045034503, "device_end": 2329065.4054873884}, "cmdq": 0, "read": {"device_start": -1, "device_end": -1}}, "FFC_sans_bias127": {"write": {"device_start": 1585661223.0609608, "host_queued_start": 1585661290.416667, "device_queued": 1585661222.997691, "device_end": 1585661223.0610647, "host_queued_end": 1585661290.467408}, "device": "gpu", "nd_range": {"device_start": 1585661223.0610685, "device_end": 1585661223.070401}, "cmdq": 2, "read": {"device_start": -1, "device_end": -1}}, "empty89": {"write": {"device_start": 1585661222.9897034, "host_queued_start": 1585661290.321811, "device_queued": 1585661222.9892666, "device_end": 1585661222.9900107, "host_queued_end": 1585661290.467408}, "device": "gpu", "nd_range": {"device_start": 1585661222.9900198, "device_end": 1585661222.9900243}, "cmdq": 2, "read": {"device_start": -1, "device_end": -1}}, "FFC_sans_bias123": {"write": {"device_start": -1, "host_queued_start": 1585661290.436854, "device_queued": -1, "device_end": -1, "host_queued_end": 1585661290.467408}, "device": "gpu", "nd_range": {"device_start": 1585661223.124029, "device_end": 1585661223.1337974}, "cmdq": 0, "read": {"device_start": -1, "device_end": -1}}, "empty80": {"write": {"device_start": 1585661222.9893644, "host_queued_start": 1585661290.318903, "device_queued": 1585661222.9889402, "device_end": 1585661222.9896636, "host_queued_end": 1585661290.467408}, "device": "gpu", "nd_range": {"device_start": 1585661222.9896767, "device_end": 1585661222.9896805}, "cmdq": 1, "read": {"device_start": -1, "device_end": -1}}, "empty116": {"write": {"device_start": 1585661222.9906595, "host_queued_start": 1585661290.329653, "device_queued": 1585661222.9903333, "device_end": 1585661222.9909213, "host_queued_end": 1585661290.467408}, "device": "gpu", "nd_range": {"device_start": 1585661222.990925, "device_end": 1585661222.99093}, "cmdq": 2, "read": {"device_start": -1, "device_end": -1}}, "softmax104": {"write": {"device_start": -1, "host_queued_start": 1585661290.433592, "device_queued": -1, "device_end": -1, "host_queued_end": 1585661290.467408}, "device": "gpu", "nd_range": {"device_start": 1585661223.1079478, "device_end": 1585661223.1109948}, "cmdq": 1, "read": {"device_start": -1, "device_end": -1}}, "coalesced_transpose21": {"write": {"device_start": -1, "host_queued_start": 1585661290.561657, "device_queued": -1, "device_end": -1, "host_queued_end": 1585661290.597465}, "device": "cpu", "nd_range": {"device_start": 2329065.702794564, "device_end": 2329065.7036597133}, "cmdq": 2, "read": {"device_start": -1, "device_end": -1}}, "softmax14": {"write": {"device_start": -1, "host_queued_start": 1585661290.56936, "device_queued": -1, "device_end": -1, "host_queued_end": 1585661290.597465}, "device": "cpu", "nd_range": {"device_start": 2329065.989892885, "device_end": 2329065.9906357042}, "cmdq": 3, "read": {"device_start": -1, "device_end": -1}}, "FFC_sans_bias69": {"write": {"device_start": -1, "host_queued_start": 1585661290.434915, "device_queued": -1, "device_end": -1, "host_queued_end": 1585661290.467408}, "device": "gpu", "nd_range": {"device_start": 1585661223.110992, "device_end": 1585661223.1175804}, "cmdq": 0, "read": {"device_start": -1, "device_end": -1}}, "FFC_sans_bias92": {"write": {"device_start": 1585661223.021857, "host_queued_start": 1585661290.376851, "device_queued": 1585661222.994559, "device_end": 1585661223.021959, "host_queued_end": 1585661290.467408}, "device": "gpu", "nd_range": {"device_start": 1585661223.0219657, "device_end": 1585661223.0312402}, "cmdq": 2, "read": {"device_start": -1, "device_end": -1}}, "FFC_sans_bias60": {"write": {"device_start": -1, "host_queued_start": 1585661290.576212, "device_queued": -1, "device_end": -1, "host_queued_end": 1585661290.597465}, "device": "cpu", "nd_range": {"device_start": 2329066.115495665, "device_end": 2329066.268469909}, "cmdq": 3, "read": {"device_start": -1, "device_end": -1}}, "FFC_sans_bias61": {"write": {"device_start": -1, "host_queued_start": 1585661290.597411, "device_queued": -1, "device_end": -1, "host_queued_end": 1585661290.597465}, "device": "cpu", "nd_range": {"device_start": 2329066.449107592, "device_end": 2329066.5286567993}, "cmdq": 2, "read": {"device_start": -1, "device_end": -1}}, "FFC_sans_bias63": {"write": {"device_start": 1585661222.992629, "host_queued_start": 1585661290.346998, "device_queued": 1585661222.992097, "device_end": 1585661222.9927707, "host_queued_end": 1585661290.467408}, "device": "gpu", "nd_range": {"device_start": 1585661222.992774, "device_end": 1585661223.001942}, "cmdq": 2, "read": {"device_start": -1, "device_end": -1}}, "FFC_sans_bias64": {"write": {"device_start": 1585661222.9918535, "host_queued_start": 1585661290.340377, "device_queued": 1585661222.9914796, "device_end": 1585661222.9919522, "host_queued_end": 1585661290.467408}, "device": "gpu", "nd_range": {"device_start": 1585661222.9919572, "device_end": 1585661222.995321}, "cmdq": 0, "read": {"device_start": -1, "device_end": -1}}, "FFC_sans_bias65": {"write": {"device_start": 1585661222.9922574, "host_queued_start": 1585661290.343693, "device_queued": 1585661222.9919674, "device_end": 1585661222.9925942, "host_queued_end": 1585661290.467408}, "device": "gpu", "nd_range": {"device_start": 1585661222.9925997, "device_end": 1585661222.9986582}, "cmdq": 1, "read": {"device_start": -1, "device_end": -1}}, "FFC_sans_bias67": {"write": {"device_start": -1, "host_queued_start": 1585661290.429734, "device_queued": -1, "device_end": -1, "host_queued_end": 1585661290.467408}, "device": "gpu", "nd_range": {"device_start": 1585661223.0800674, "device_end": 1585661223.0834498}, "cmdq": 0, "read": {"device_start": -1, "device_end": -1}}, "coalesced_transpose111": {"write": {"device_start": -1, "host_queued_start": 1585661290.428482, "device_queued": -1, "device_end": -1, "host_queued_end": 1585661290.467408}, "device": "gpu", "nd_range": {"device_start": 1585661223.0865839, "device_end": 1585661223.0898638}, "cmdq": 2, "read": {"device_start": -1, "device_end": -1}}, "FFC_sans_bias136": {"write": {"device_start": 1585661223.064255, "host_queued_start": 1585661290.419993, "device_queued": 1585661222.998037, "device_end": 1585661223.064358, "host_queued_end": 1585661290.467408}, "device": "gpu", "nd_range": {"device_start": 1585661223.064364, "device_end": 1585661223.0736167}, "cmdq": 0, "read": {"device_start": -1, "device_end": -1}}, "FFC_sans_bias135": {"write": {"device_start": 1585661223.0707743, "host_queued_start": 1585661290.426592, "device_queued": 1585661222.9984074, "device_end": 1585661223.0708766, "host_queued_end": 1585661290.467408}, "device": "gpu", "nd_range": {"device_start": 1585661223.0708802, "device_end": 1585661223.0801942}, "cmdq": 2, "read": {"device_start": -1, "device_end": -1}}, "FFC_sans_bias133": {"write": {"device_start": 1585661223.1667938, "host_queued_start": 1585661290.464007, "device_queued": 1585661223.0053546, "device_end": 1585661223.1668825, "host_queued_end": 1585661290.467408}, "device": "gpu", "nd_range": {"device_start": 1585661223.166885, "device_end": 1585661223.1701987}, "cmdq": 1, "read": {"device_start": 1585661223.1702008, "device_end": 1585661223.1702874}}, "FFC_sans_bias132": {"write": {"device_start": -1, "host_queued_start": 1585661290.437166, "device_queued": -1, "device_end": -1, "host_queued_end": 1585661290.467408}, "device": "gpu", "nd_range": {"device_start": 1585661223.137079, "device_end": 1585661223.1468463}, "cmdq": 1, "read": {"device_start": -1, "device_end": -1}}, "softmax68": {"write": {"device_start": -1, "host_queued_start": 1585661290.432581, "device_queued": -1, "device_end": -1, "host_queued_end": 1585661290.467408}, "device": "gpu", "nd_range": {"device_start": 1585661223.0965896, "device_end": 1585661223.1039195}, "cmdq": 0, "read": {"device_start": -1, "device_end": -1}}, "softmax131": {"write": {"device_start": -1, "host_queued_start": 1585661290.434331, "device_queued": -1, "device_end": -1, "host_queued_end": 1585661290.467408}, "device": "gpu", "nd_range": {"device_start": 1585661223.1109958, "device_end": 1585661223.118341}, "cmdq": 1, "read": {"device_start": -1, "device_end": -1}}, "empty125": {"write": {"device_start": 1585661222.9909556, "host_queued_start": 1585661290.332309, "device_queued": 1585661222.9906616, "device_end": 1585661222.9912016, "host_queued_end": 1585661290.467408}, "device": "gpu", "nd_range": {"device_start": 1585661222.991209, "device_end": 1585661222.9912126}, "cmdq": 0, "read": {"device_start": -1, "device_end": -1}}, "FFC_sans_bias139": {"write": {"device_start": -1, "host_queued_start": 1585661290.43233, "device_queued": -1, "device_end": -1, "host_queued_end": 1585661290.467408}, "device": "gpu", "nd_range": {"device_start": 1585661223.1062913, "device_end": 1585661223.109633}, "cmdq": 2, "read": {"device_start": -1, "device_end": -1}}, "empty35": {"write": {"device_start": -1, "host_queued_start": 1585661290.481838, "device_queued": -1, "device_end": -1, "host_queued_end": 1585661290.597465}, "device": "cpu", "nd_range": {"device_start": 2329065.034298323, "device_end": 2329065.034303523}, "cmdq": 3, "read": {"device_start": -1, "device_end": -1}}, "softmax86": {"write": {"device_start": -1, "host_queued_start": 1585661290.433087, "device_queued": -1, "device_end": -1, "host_queued_end": 1585661290.467408}, "device": "gpu", "nd_range": {"device_start": 1585661223.1096342, "device_end": 1585661223.1100507}, "cmdq": 2, "read": {"device_start": -1, "device_end": -1}}, "FFC_sans_bias55": {"write": {"device_start": -1, "host_queued_start": 1585661290.56012, "device_queued": -1, "device_end": -1, "host_queued_end": 1585661290.597465}, "device": "cpu", "nd_range": {"device_start": 2329065.6494088713, "device_end": 2329065.7414245103}, "cmdq": 3, "read": {"device_start": -1, "device_end": -1}}, "FFC_sans_bias54": {"write": {"device_start": -1, "host_queued_start": 1585661290.557061, "device_queued": -1, "device_end": -1, "host_queued_end": 1585661290.597465}, "device": "cpu", "nd_range": {"device_start": 2329065.6189582082, "device_end": 2329065.702785747}, "cmdq": 2, "read": {"device_start": -1, "device_end": -1}}, "FFC_sans_bias56": {"write": {"device_start": -1, "host_queued_start": 1585661290.553984, "device_queued": -1, "device_end": -1, "host_queued_end": 1585661290.597465}, "device": "cpu", "nd_range": {"device_start": 2329065.305096495, "device_end": 2329065.4350214694}, "cmdq": 1, "read": {"device_start": -1, "device_end": -1}}, "FFC_sans_bias51": {"write": {"device_start": -1, "host_queued_start": 1585661290.575621, "device_queued": -1, "device_end": -1, "host_queued_end": 1585661290.597465}, "device": "cpu", "nd_range": {"device_start": 2329066.2036646632, "device_end": 2329066.326917963}, "cmdq": 2, "read": {"device_start": -1, "device_end": -1}}, "FFC_sans_bias52": {"write": {"device_start": -1, "host_queued_start": 1585661290.594422, "device_queued": -1, "device_end": -1, "host_queued_end": 1585661290.597465}, "device": "cpu", "nd_range": {"device_start": 2329066.492008999, "device_end": 2329066.5629694313}, "cmdq": 1, "read": {"device_start": -1, "device_end": -1}}, "FFC_sans_bias58": {"write": {"device_start": -1, "host_queued_start": 1585661290.568288, "device_queued": -1, "device_end": -1, "host_queued_end": 1585661290.597465}, "device": "cpu", "nd_range": {"device_start": 2329065.8338450133, "device_end": 2329065.956642397}, "cmdq": 1, "read": {"device_start": -1, "device_end": -1}}, "FFC_sans_bias108": {"write": {"device_start": 1585661223.0348947, "host_queued_start": 1585661290.390029, "device_queued": 1585661222.9958575, "device_end": 1585661223.0350072, "host_queued_end": 1585661290.467408}, "device": "gpu", "nd_range": {"device_start": 1585661223.0350122, "device_end": 1585661223.0443087}, "cmdq": 0, "read": {"device_start": -1, "device_end": -1}}, "FFC_sans_bias109": {"write": {"device_start": 1585661223.0381076, "host_queued_start": 1585661290.393368, "device_queued": 1585661222.9960968, "device_end": 1585661223.0382106, "host_queued_end": 1585661290.467408}, "device": "gpu", "nd_range": {"device_start": 1585661223.0382175, "device_end": 1585661223.0475533}, "cmdq": 1, "read": {"device_start": -1, "device_end": -1}}, "coalesced_transpose129": {"write": {"device_start": -1, "host_queued_start": 1585661290.429096, "device_queued": -1, "device_end": -1, "host_queued_end": 1585661290.467408}, "device": "gpu", "nd_range": {"device_start": 1585661223.0800607, "device_end": 1585661223.0800877}, "cmdq": 1, "read": {"device_start": -1, "device_end": -1}}, "FFC_sans_bias103": {"write": {"device_start": -1, "host_queued_start": 1585661290.431022, "device_queued": -1, "device_end": -1, "host_queued_end": 1585661290.467408}, "device": "gpu", "nd_range": {"device_start": 1585661223.0868142, "device_end": 1585661223.0932858}, "cmdq": 1, "read": {"device_start": -1, "device_end": -1}}, "FFC_sans_bias100": {"write": {"device_start": 1585661223.0283737, "host_queued_start": 1585661290.383451, "device_queued": 1585661222.995144, "device_end": 1585661223.0284781, "host_queued_end": 1585661290.467408}, "device": "gpu", "nd_range": {"device_start": 1585661223.0284834, "device_end": 1585661223.0377457}, "cmdq": 1, "read": {"device_start": -1, "device_end": -1}}, "FFC_sans_bias101": {"write": {"device_start": 1585661223.0316513, "host_queued_start": 1585661290.386752, "device_queued": 1585661222.9952857, "device_end": 1585661223.0317602, "host_queued_end": 1585661290.467408}, "device": "gpu", "nd_range": {"device_start": 1585661223.0317647, "device_end": 1585661223.041019}, "cmdq": 2, "read": {"device_start": -1, "device_end": -1}}, "FFC_sans_bias106": {"write": {"device_start": 1585661223.1571522, "host_queued_start": 1585661290.454045, "device_queued": 1585661223.004412, "device_end": 1585661223.157244, "host_queued_end": 1585661290.467408}, "device": "gpu", "nd_range": {"device_start": 1585661223.1572473, "device_end": 1585661223.1662898}, "cmdq": 1, "read": {"device_start": 1585661223.1662924, "device_end": 1585661223.1663811}}, "softmax122": {"write": {"device_start": -1, "host_queued_start": 1585661290.434081, "device_queued": -1, "device_end": -1, "host_queued_end": 1585661290.467408}, "device": "gpu", "nd_range": {"device_start": 1585661223.1079638, "device_end": 1585661223.1109903}, "cmdq": 0, "read": {"device_start": -1, "device_end": -1}}, "FFC_sans_bias105": {"write": {"device_start": -1, "host_queued_start": 1585661290.436222, "device_queued": -1, "device_end": -1, "host_queued_end": 1585661290.467408}, "device": "gpu", "nd_range": {"device_start": 1585661223.1273339, "device_end": 1585661223.1370773}, "cmdq": 1, "read": {"device_start": -1, "device_end": -1}}, "softmax95": {"write": {"device_start": -1, "host_queued_start": 1585661290.433339, "device_queued": -1, "device_end": -1, "host_queued_end": 1585661290.467408}, "device": "gpu", "nd_range": {"device_start": 1585661223.103921, "device_end": 1585661223.1079626}, "cmdq": 0, "read": {"device_start": -1, "device_end": -1}}, "coalesced_transpose57": {"write": {"device_start": -1, "host_queued_start": 1585661290.563977, "device_queued": -1, "device_end": -1, "host_queued_end": 1585661290.597465}, "device": "cpu", "nd_range": {"device_start": 2329065.8262997153, "device_end": 2329065.827251833}, "cmdq": 2, "read": {"device_start": -1, "device_end": -1}}, "empty26": {"write": {"device_start": -1, "host_queued_start": 1585661290.478801, "device_queued": -1, "device_end": -1, "host_queued_end": 1585661290.597465}, "device": "cpu", "nd_range": {"device_start": 2329064.787162594, "device_end": 2329064.7871672283}, "cmdq": 2, "read": {"device_start": -1, "device_end": -1}}, "softmax113": {"write": {"device_start": -1, "host_queued_start": 1585661290.43384, "device_queued": -1, "device_end": -1, "host_queued_end": 1585661290.467408}, "device": "gpu", "nd_range": {"device_start": 1585661223.1100519, "device_end": 1585661223.110465}, "cmdq": 2, "read": {"device_start": -1, "device_end": -1}}, "FFC_sans_bias11": {"write": {"device_start": -1, "host_queued_start": 1585661290.511267, "device_queued": -1, "device_end": -1, "host_queued_end": 1585661290.597465}, "device": "cpu", "nd_range": {"device_start": 2329064.9143169443, "device_end": 2329065.036302333}, "cmdq": 0, "read": {"device_start": -1, "device_end": -1}}, "FFC_sans_bias42": {"write": {"device_start": -1, "host_queued_start": 1585661290.575033, "device_queued": -1, "device_end": -1, "host_queued_end": 1585661290.597465}, "device": "cpu", "nd_range": {"device_start": 2329066.218943477, "device_end": 2329066.349320623}, "cmdq": 1, "read": {"device_start": -1, "device_end": -1}}, "FFC_sans_bias43": {"write": {"device_start": -1, "host_queued_start": 1585661290.591459, "device_queued": -1, "device_end": -1, "host_queued_end": 1585661290.597465}, "device": "cpu", "nd_range": {"device_start": 2329066.391223185, "device_end": 2329066.535929257}, "cmdq": 0, "read": {"device_start": -1, "device_end": -1}}, "FFC_sans_bias40": {"write": {"device_start": -1, "host_queued_start": 1585661290.567098, "device_queued": -1, "device_end": -1, "host_queued_end": 1585661290.597465}, "device": "cpu", "nd_range": {"device_start": 2329065.866042886, "device_end": 2329065.989691344}, "cmdq": 3, "read": {"device_start": -1, "device_end": -1}}, "FFC_sans_bias46": {"write": {"device_start": -1, "host_queued_start": 1585661290.547675, "device_queued": -1, "device_end": -1, "host_queued_end": 1585661290.597465}, "device": "cpu", "nd_range": {"device_start": 2329065.5555215413, "device_end": 2329065.649223194}, "cmdq": 3, "read": {"device_start": -1, "device_end": -1}}, "FFC_sans_bias47": {"write": {"device_start": -1, "host_queued_start": 1585661290.55089, "device_queued": -1, "device_end": -1, "host_queued_end": 1585661290.597465}, "device": "cpu", "nd_range": {"device_start": 2329065.2820648253, "device_end": 2329065.40447897}, "cmdq": 0, "read": {"device_start": -1, "device_end": -1}}, "FFC_sans_bias45": {"write": {"device_start": -1, "host_queued_start": 1585661290.544484, "device_queued": -1, "device_end": -1, "host_queued_end": 1585661290.597465}, "device": "cpu", "nd_range": {"device_start": 2329065.52914294, "device_end": 2329065.6189415473}, "cmdq": 2, "read": {"device_start": -1, "device_end": -1}}, "FFC_sans_bias49": {"write": {"device_start": -1, "host_queued_start": 1585661290.567697, "device_queued": -1, "device_end": -1, "host_queued_end": 1585661290.597465}, "device": "cpu", "nd_range": {"device_start": 2329065.697377564, "device_end": 2329065.8262810763}, "cmdq": 0, "read": {"device_start": -1, "device_end": -1}}, "softmax77": {"write": {"device_start": -1, "host_queued_start": 1585661290.432835, "device_queued": -1, "device_end": -1, "host_queued_end": 1585661290.467408}, "device": "gpu", "nd_range": {"device_start": 1585661223.1031415, "device_end": 1585661223.1079466}, "cmdq": 1, "read": {"device_start": -1, "device_end": -1}}, "empty134": {"write": {"device_start": 1585661222.9912465, "host_queued_start": 1585661290.334931, "device_queued": 1585661222.990935, "device_end": 1585661222.991468, "host_queued_end": 1585661290.467408}, "device": "gpu", "nd_range": {"device_start": 1585661222.9914718, "device_end": 1585661222.9914768}, "cmdq": 1, "read": {"device_start": -1, "device_end": -1}}, "coalesced_transpose138": {"write": {"device_start": -1, "host_queued_start": 1585661290.429398, "device_queued": -1, "device_end": -1, "host_queued_end": 1585661290.467408}, "device": "gpu", "nd_range": {"device_start": 1585661223.0898805, "device_end": 1585661223.0931344}, "cmdq": 2, "read": {"device_start": -1, "device_end": -1}}, "FFC_sans_bias119": {"write": {"device_start": 1585661223.0511763, "host_queued_start": 1585661290.406742, "device_queued": 1585661222.9969752, "device_end": 1585661223.0512857, "host_queued_end": 1585661290.467408}, "device": "gpu", "nd_range": {"device_start": 1585661223.0512917, "device_end": 1585661223.0605965}, "cmdq": 2, "read": {"device_start": -1, "device_end": -1}}, "FFC_sans_bias118": {"write": {"device_start": 1585661223.0479188, "host_queued_start": 1585661290.403462, "device_queued": 1585661222.9968443, "device_end": 1585661223.0480194, "host_queued_end": 1585661290.467408}, "device": "gpu", "nd_range": {"device_start": 1585661223.0480256, "device_end": 1585661223.0573573}, "cmdq": 1, "read": {"device_start": -1, "device_end": -1}}, "empty143": {"write": {"device_start": 1585661222.991565, "host_queued_start": 1585661290.337546, "device_queued": 1585661222.9912162, "device_end": 1585661222.9918277, "host_queued_end": 1585661290.467408}, "device": "gpu", "nd_range": {"device_start": 1585661222.9918377, "device_end": 1585661222.9918425}, "cmdq": 2, "read": {"device_start": -1, "device_end": -1}}, "FFC_sans_bias115": {"write": {"device_start": 1585661223.1441667, "host_queued_start": 1585661290.457377, "device_queued": 1585661223.0045485, "device_end": 1585661223.144261, "host_queued_end": 1585661290.467408}, "device": "gpu", "nd_range": {"device_start": 1585661223.1442654, "device_end": 1585661223.1533139}, "cmdq": 2, "read": {"device_start": 1585661223.1533177, "device_end": 1585661223.1534128}}, "FFC_sans_bias114": {"write": {"device_start": -1, "host_queued_start": 1585661290.436537, "device_queued": -1, "device_end": -1, "host_queued_end": 1585661290.467408}, "device": "gpu", "nd_range": {"device_start": 1585661223.1142619, "device_end": 1585661223.1208677}, "cmdq": 2, "read": {"device_start": -1, "device_end": -1}}, "FFC_sans_bias117": {"write": {"device_start": 1585661223.0446808, "host_queued_start": 1585661290.400126, "device_queued": 1585661222.996603, "device_end": 1585661223.0447829, "host_queued_end": 1585661290.467408}, "device": "gpu", "nd_range": {"device_start": 1585661223.0447881, "device_end": 1585661223.0540729}, "cmdq": 0, "read": {"device_start": -1, "device_end": -1}}, "softmax5": {"write": {"device_start": -1, "host_queued_start": 1585661290.568813, "device_queued": -1, "device_end": -1, "host_queued_end": 1585661290.597465}, "device": "cpu", "nd_range": {"device_start": 2329065.9555434063, "device_end": 2329065.956307286}, "cmdq": 2, "read": {"device_start": -1, "device_end": -1}}, "FFC_sans_bias110": {"write": {"device_start": 1585661223.0413876, "host_queued_start": 1585661290.396831, "device_queued": 1585661222.9962378, "device_end": 1585661223.0414915, "host_queued_end": 1585661290.467408}, "device": "gpu", "nd_range": {"device_start": 1585661223.0414987, "device_end": 1585661223.0508082}, "cmdq": 2, "read": {"device_start": -1, "device_end": -1}}, "FFC_sans_bias112": {"write": {"device_start": -1, "host_queued_start": 1585661290.431352, "device_queued": -1, "device_end": -1, "host_queued_end": 1585661290.467408}, "device": "gpu", "nd_range": {"device_start": 1585661223.0998774, "device_end": 1585661223.10629}, "cmdq": 2, "read": {"device_start": -1, "device_end": -1}}, "empty53": {"write": {"device_start": -1, "host_queued_start": 1585661290.487777, "device_queued": -1, "device_end": -1, "host_queued_end": 1585661290.597465}, "device": "cpu", "nd_range": {"device_start": 2329064.7871386423, "device_end": 2329064.787140062}, "cmdq": 1, "read": {"device_start": -1, "device_end": -1}}, "coalesced_transpose48": {"write": {"device_start": -1, "host_queued_start": 1585661290.563397, "device_queued": -1, "device_end": -1, "host_queued_end": 1585661290.597465}, "device": "cpu", "nd_range": {"device_start": 2329065.696350824, "device_end": 2329065.697357425}, "cmdq": 1, "read": {"device_start": -1, "device_end": -1}}}