{"FFC_sans_bias4": {"write": {"device_start": -1, "host_queued_start": 1585661450.830729, "device_queued": -1, "device_end": -1, "host_queued_end": 1585661450.859708}, "device": "cpu", "nd_range": {"device_start": 2329225.712186247, "device_end": 2329225.748409513}, "cmdq": 0, "read": {"device_start": -1, "device_end": -1}}, "FFC_sans_bias7": {"write": {"device_start": -1, "host_queued_start": 1585661450.844675, "device_queued": -1, "device_end": -1, "host_queued_end": 1585661450.859708}, "device": "cpu", "nd_range": {"device_start": 2329226.1519633164, "device_end": 2329226.187224308}, "cmdq": 0, "read": {"device_start": -1, "device_end": -1}}, "FFC_sans_bias6": {"write": {"device_start": -1, "host_queued_start": 1585661450.838302, "device_queued": -1, "device_end": -1, "host_queued_end": 1585661450.859708}, "device": "cpu", "nd_range": {"device_start": 2329225.930770784, "device_end": 2329225.966368344}, "cmdq": 0, "read": {"device_start": -1, "device_end": -1}}, "FFC_sans_bias1": {"write": {"device_start": -1, "host_queued_start": 1585661450.774315, "device_queued": -1, "device_end": -1, "host_queued_end": 1585661450.859708}, "device": "cpu", "nd_range": {"device_start": 2329225.082624265, "device_end": 2329225.1183193782}, "cmdq": 0, "read": {"device_start": -1, "device_end": -1}}, "FFC_sans_bias0": {"write": {"device_start": -1, "host_queued_start": 1585661450.771078, "device_queued": -1, "device_end": -1, "host_queued_end": 1585661450.859708}, "device": "cpu", "nd_range": {"device_start": 2329225.049387371, "device_end": 2329225.0826014034}, "cmdq": 0, "read": {"device_start": -1, "device_end": -1}}, "FFC_sans_bias2": {"write": {"device_start": -1, "host_queued_start": 1585661450.777578, "device_queued": -1, "device_end": -1, "host_queued_end": 1585661450.859708}, "device": "cpu", "nd_range": {"device_start": 2329225.1183535294, "device_end": 2329225.156222475}, "cmdq": 0, "read": {"device_start": -1, "device_end": -1}}, "coalesced_transpose120": {"write": {"device_start": -1, "host_queued_start": 1585661450.705936, "device_queued": -1, "device_end": -1, "host_queued_end": 1585661450.748357}, "device": "gpu", "nd_range": {"device_start": 1585661383.3674104, "device_end": 1585661383.373845}, "cmdq": 3, "read": {"device_start": -1, "device_end": -1}}, "FFC_sans_bias9": {"write": {"device_start": -1, "host_queued_start": 1585661450.78085, "device_queued": -1, "device_end": -1, "host_queued_end": 1585661450.859708}, "device": "cpu", "nd_range": {"device_start": 2329225.156244996, "device_end": 2329225.192148962}, "cmdq": 0, "read": {"device_start": -1, "device_end": -1}}, "empty71": {"write": {"device_start": 1585661383.2661514, "host_queued_start": 1585661450.58299, "device_queued": 1585661383.2658617, "device_end": 1585661383.2664201, "host_queued_end": 1585661450.748357}, "device": "gpu", "nd_range": {"device_start": 1585661383.2664807, "device_end": 1585661383.2665367}, "cmdq": 1, "read": {"device_start": -1, "device_end": -1}}, "softmax41": {"write": {"device_start": -1, "host_queued_start": 1585661450.837061, "device_queued": -1, "device_end": -1, "host_queued_end": 1585661450.859708}, "device": "cpu", "nd_range": {"device_start": 2329225.929895875, "device_end": 2329225.9302071542}, "cmdq": 0, "read": {"device_start": -1, "device_end": -1}}, "FFC_sans_bias37": {"write": {"device_start": -1, "host_queued_start": 1585661450.813682, "device_queued": -1, "device_end": -1, "host_queued_end": 1585661450.859708}, "device": "cpu", "nd_range": {"device_start": 2329225.525480876, "device_end": 2329225.5611619}, "cmdq": 0, "read": {"device_start": -1, "device_end": -1}}, "FFC_sans_bias36": {"write": {"device_start": -1, "host_queued_start": 1585661450.810396, "device_queued": -1, "device_end": -1, "host_queued_end": 1585661450.859708}, "device": "cpu", "nd_range": {"device_start": 2329225.490086594, "device_end": 2329225.525459508}, "cmdq": 0, "read": {"device_start": -1, "device_end": -1}}, "FFC_sans_bias34": {"write": {"device_start": -1, "host_queued_start": 1585661450.853653, "device_queued": -1, "device_end": -1, "host_queued_end": 1585661450.859708}, "device": "cpu", "nd_range": {"device_start": 2329226.281226587, "device_end": 2329226.3228519163}, "cmdq": 0, "read": {"device_start": -1, "device_end": -1}}, "FFC_sans_bias33": {"write": {"device_start": -1, "host_queued_start": 1585661450.840167, "device_queued": -1, "device_end": -1, "host_queued_end": 1585661450.859708}, "device": "cpu", "nd_range": {"device_start": 2329226.0371929263, "device_end": 2329226.077484554}, "cmdq": 0, "read": {"device_start": -1, "device_end": -1}}, "FFC_sans_bias31": {"write": {"device_start": -1, "host_queued_start": 1585661450.83281, "device_queued": -1, "device_end": -1, "host_queued_end": 1585661450.859708}, "device": "cpu", "nd_range": {"device_start": 2329225.819957109, "device_end": 2329225.855451471}, "cmdq": 0, "read": {"device_start": -1, "device_end": -1}}, "FFC_sans_bias38": {"write": {"device_start": -1, "host_queued_start": 1585661450.816964, "device_queued": -1, "device_end": -1, "host_queued_end": 1585661450.859708}, "device": "cpu", "nd_range": {"device_start": 2329225.561184442, "device_end": 2329225.599873254}, "cmdq": 0, "read": {"device_start": -1, "device_end": -1}}, "coalesced_transpose75": {"write": {"device_start": -1, "host_queued_start": 1585661450.704387, "device_queued": -1, "device_end": -1, "host_queued_end": 1585661450.748357}, "device": "gpu", "nd_range": {"device_start": 1585661383.3641531, "device_end": 1585661383.3672361}, "cmdq": 2, "read": {"device_start": -1, "device_end": -1}}, "softmax140": {"write": {"device_start": -1, "host_queued_start": 1585661450.712274, "device_queued": -1, "device_end": -1, "host_queued_end": 1585661450.748357}, "device": "gpu", "nd_range": {"device_start": 1585661383.4007096, "device_end": 1585661383.4012327}, "cmdq": 1, "read": {"device_start": -1, "device_end": -1}}, "empty44": {"write": {"device_start": -1, "host_queued_start": 1585661450.765159, "device_queued": -1, "device_end": -1, "host_queued_end": 1585661450.859708}, "device": "cpu", "nd_range": {"device_start": 2329225.049376434, "device_end": 2329225.049377}, "cmdq": 0, "read": {"device_start": -1, "device_end": -1}}, "FFC_sans_bias137": {"write": {"device_start": 1585661383.3515775, "host_queued_start": 1585661450.70011, "device_queued": 1585661383.2763448, "device_end": 1585661383.351696, "host_queued_end": 1585661450.748357}, "device": "gpu", "nd_range": {"device_start": 1585661383.3517003, "device_end": 1585661383.3641446}, "cmdq": 2, "read": {"device_start": -1, "device_end": -1}}, "empty8": {"write": {"device_start": -1, "host_queued_start": 1585661450.753277, "device_queued": -1, "device_end": -1, "host_queued_end": 1585661450.859708}, "device": "cpu", "nd_range": {"device_start": 2329225.049320346, "device_end": 2329225.0493312674}, "cmdq": 0, "read": {"device_start": -1, "device_end": -1}}, "softmax50": {"write": {"device_start": -1, "host_queued_start": 1585661450.837577, "device_queued": -1, "device_end": -1, "host_queued_end": 1585661450.859708}, "device": "cpu", "nd_range": {"device_start": 2329225.9303487753, "device_end": 2329225.9306302103}, "cmdq": 0, "read": {"device_start": -1, "device_end": -1}}, "softmax59": {"write": {"device_start": -1, "host_queued_start": 1585661450.709995, "device_queued": -1, "device_end": -1, "host_queued_end": 1585661450.748357}, "device": "gpu", "nd_range": {"device_start": 1585661383.380572, "device_end": 1585661383.39105}, "cmdq": 0, "read": {"device_start": -1, "device_end": -1}}, "FFC_sans_bias142": {"write": {"device_start": 1585661383.4472678, "host_queued_start": 1585661450.748244, "device_queued": 1585661383.28488, "device_end": 1585661383.4473608, "host_queued_end": 1585661450.748357}, "device": "gpu", "nd_range": {"device_start": 1585661383.4473786, "device_end": 1585661383.4596794}, "cmdq": 1, "read": {"device_start": 1585661383.4596832, "device_end": 1585661383.4597716}}, "FFC_sans_bias141": {"write": {"device_start": -1, "host_queued_start": 1585661450.71557, "device_queued": -1, "device_end": -1, "host_queued_end": 1585661450.748357}, "device": "gpu", "nd_range": {"device_start": 1585661383.4142132, "device_end": 1585661383.427181}, "cmdq": 3, "read": {"device_start": -1, "device_end": -1}}, "FFC_sans_bias24": {"write": {"device_start": -1, "host_queued_start": 1585661450.839571, "device_queued": -1, "device_end": -1, "host_queued_end": 1585661450.859708}, "device": "cpu", "nd_range": {"device_start": 2329226.0023398963, "device_end": 2329226.03717576}, "cmdq": 0, "read": {"device_start": -1, "device_end": -1}}, "FFC_sans_bias25": {"write": {"device_start": -1, "host_queued_start": 1585661450.850659, "device_queued": -1, "device_end": -1, "host_queued_end": 1585661450.859708}, "device": "cpu", "nd_range": {"device_start": 2329226.239501179, "device_end": 2329226.2812173143}, "cmdq": 0, "read": {"device_start": -1, "device_end": -1}}, "FFC_sans_bias27": {"write": {"device_start": -1, "host_queued_start": 1585661450.800606, "device_queued": -1, "device_end": -1, "host_queued_end": 1585661450.859708}, "device": "cpu", "nd_range": {"device_start": 2329225.3816904663, "device_end": 2329225.417147397}, "cmdq": 0, "read": {"device_start": -1, "device_end": -1}}, "FFC_sans_bias20": {"write": {"device_start": -1, "host_queued_start": 1585661450.797334, "device_queued": -1, "device_end": -1, "host_queued_end": 1585661450.859708}, "device": "cpu", "nd_range": {"device_start": 2329225.345011657, "device_end": 2329225.3816670263}, "cmdq": 0, "read": {"device_start": -1, "device_end": -1}}, "FFC_sans_bias22": {"write": {"device_start": -1, "host_queued_start": 1585661450.832215, "device_queued": -1, "device_end": -1, "host_queued_end": 1585661450.859708}, "device": "cpu", "nd_range": {"device_start": 2329225.783249623, "device_end": 2329225.819936274}, "cmdq": 0, "read": {"device_start": -1, "device_end": -1}}, "FFC_sans_bias130": {"write": {"device_start": -1, "host_queued_start": 1585661450.709428, "device_queued": -1, "device_end": -1, "host_queued_end": 1585661450.748357}, "device": "gpu", "nd_range": {"device_start": 1585661383.387046, "device_end": 1585661383.3968117}, "cmdq": 2, "read": {"device_start": -1, "device_end": -1}}, "FFC_sans_bias28": {"write": {"device_start": -1, "host_queued_start": 1585661450.803863, "device_queued": -1, "device_end": -1, "host_queued_end": 1585661450.859708}, "device": "cpu", "nd_range": {"device_start": 2329225.417158424, "device_end": 2329225.45341444}, "cmdq": 0, "read": {"device_start": -1, "device_end": -1}}, "FFC_sans_bias29": {"write": {"device_start": -1, "host_queued_start": 1585661450.807099, "device_queued": -1, "device_end": -1, "host_queued_end": 1585661450.859708}, "device": "cpu", "nd_range": {"device_start": 2329225.453435692, "device_end": 2329225.490064734}, "cmdq": 0, "read": {"device_start": -1, "device_end": -1}}, "coalesced_transpose66": {"write": {"device_start": -1, "host_queued_start": 1585661450.704078, "device_queued": -1, "device_end": -1, "host_queued_end": 1585661450.748357}, "device": "gpu", "nd_range": {"device_start": 1585661383.3608766, "device_end": 1585661383.3672085}, "cmdq": 1, "read": {"device_start": -1, "device_end": -1}}, "coalesced_transpose93": {"write": {"device_start": -1, "host_queued_start": 1585661450.705016, "device_queued": -1, "device_end": -1, "host_queued_end": 1585661450.748357}, "device": "gpu", "nd_range": {"device_start": 1585661383.367183, "device_end": 1585661383.367257}, "cmdq": 0, "read": {"device_start": -1, "device_end": -1}}, "softmax23": {"write": {"device_start": -1, "host_queued_start": 1585661450.836012, "device_queued": -1, "device_end": -1, "host_queued_end": 1585661450.859708}, "device": "cpu", "nd_range": {"device_start": 2329225.9289087104, "device_end": 2329225.929255321}, "cmdq": 0, "read": {"device_start": -1, "device_end": -1}}, "empty62": {"write": {"device_start": 1585661383.2657485, "host_queued_start": 1585661450.579527, "device_queued": 1585661383.2653947, "device_end": 1585661383.2658482, "host_queued_end": 1585661450.748357}, "device": "gpu", "nd_range": {"device_start": 1585661383.2658572, "device_end": 1585661383.2658615}, "cmdq": 0, "read": {"device_start": -1, "device_end": -1}}, "FFC_sans_bias10": {"write": {"device_start": -1, "host_queued_start": 1585661450.784146, "device_queued": -1, "device_end": -1, "host_queued_end": 1585661450.859708}, "device": "cpu", "nd_range": {"device_start": 2329225.192177771, "device_end": 2329225.2351639653}, "cmdq": 0, "read": {"device_start": -1, "device_end": -1}}, "FFC_sans_bias13": {"write": {"device_start": -1, "host_queued_start": 1585661450.831343, "device_queued": -1, "device_end": -1, "host_queued_end": 1585661450.859708}, "device": "cpu", "nd_range": {"device_start": 2329225.7484287303, "device_end": 2329225.783230753}, "cmdq": 0, "read": {"device_start": -1, "device_end": -1}}, "FFC_sans_bias15": {"write": {"device_start": -1, "host_queued_start": 1585661450.838979, "device_queued": -1, "device_end": -1, "host_queued_end": 1585661450.859708}, "device": "cpu", "nd_range": {"device_start": 2329225.96638592, "device_end": 2329226.0023166463}, "cmdq": 0, "read": {"device_start": -1, "device_end": -1}}, "FFC_sans_bias16": {"write": {"device_start": -1, "host_queued_start": 1585661450.847648, "device_queued": -1, "device_end": -1, "host_queued_end": 1585661450.859708}, "device": "cpu", "nd_range": {"device_start": 2329226.187235211, "device_end": 2329226.239486}, "cmdq": 0, "read": {"device_start": -1, "device_end": -1}}, "FFC_sans_bias19": {"write": {"device_start": -1, "host_queued_start": 1585661450.794039, "device_queued": -1, "device_end": -1, "host_queued_end": 1585661450.859708}, "device": "cpu", "nd_range": {"device_start": 2329225.310917552, "device_end": 2329225.344991282}, "cmdq": 0, "read": {"device_start": -1, "device_end": -1}}, "FFC_sans_bias18": {"write": {"device_start": -1, "host_queued_start": 1585661450.79075, "device_queued": -1, "device_end": -1, "host_queued_end": 1585661450.859708}, "device": "cpu", "nd_range": {"device_start": 2329225.274851379, "device_end": 2329225.310894432}, "cmdq": 0, "read": {"device_start": -1, "device_end": -1}}, "FFC_sans_bias99": {"write": {"device_start": 1585661383.3091044, "host_queued_start": 1585661450.656855, "device_queued": 1585661383.2731817, "device_end": 1585661383.3092082, "host_queued_end": 1585661450.748357}, "device": "gpu", "nd_range": {"device_start": 1585661383.3092234, "device_end": 1585661383.321745}, "cmdq": 1, "read": {"device_start": -1, "device_end": -1}}, "FFC_sans_bias91": {"write": {"device_start": 1585661383.302612, "host_queued_start": 1585661450.650243, "device_queued": 1585661383.272401, "device_end": 1585661383.3027132, "host_queued_end": 1585661450.748357}, "device": "gpu", "nd_range": {"device_start": 1585661383.3027203, "device_end": 1585661383.3152342}, "cmdq": 3, "read": {"device_start": -1, "device_end": -1}}, "FFC_sans_bias90": {"write": {"device_start": 1585661383.2993615, "host_queued_start": 1585661450.646952, "device_queued": 1585661383.2722821, "device_end": 1585661383.2994618, "host_queued_end": 1585661450.748357}, "device": "gpu", "nd_range": {"device_start": 1585661383.299466, "device_end": 1585661383.3119926}, "cmdq": 2, "read": {"device_start": -1, "device_end": -1}}, "coalesced_transpose12": {"write": {"device_start": -1, "host_queued_start": 1585661450.827607, "device_queued": -1, "device_end": -1, "host_queued_end": 1585661450.859708}, "device": "cpu", "nd_range": {"device_start": 2329225.7093821913, "device_end": 2329225.709825653}, "cmdq": 0, "read": {"device_start": -1, "device_end": -1}}, "FFC_sans_bias94": {"write": {"device_start": -1, "host_queued_start": 1585661450.708154, "device_queued": -1, "device_end": -1, "host_queued_end": 1585661450.748357}, "device": "gpu", "nd_range": {"device_start": 1585661383.3740919, "device_end": 1585661383.3870275}, "cmdq": 2, "read": {"device_start": -1, "device_end": -1}}, "FFC_sans_bias97": {"write": {"device_start": 1585661383.443986, "host_queued_start": 1585661450.732155, "device_queued": 1585661383.2834408, "device_end": 1585661383.4440777, "host_queued_end": 1585661450.748357}, "device": "gpu", "nd_range": {"device_start": 1585661383.4440954, "device_end": 1585661383.456428}, "cmdq": 0, "read": {"device_start": 1585661383.4564316, "device_end": 1585661383.4565213}}, "FFC_sans_bias96": {"write": {"device_start": -1, "host_queued_start": 1585661450.713938, "device_queued": -1, "device_end": -1, "host_queued_end": 1585661450.748357}, "device": "gpu", "nd_range": {"device_start": 1585661383.4174323, "device_end": 1585661383.4304187}, "cmdq": 2, "read": {"device_start": -1, "device_end": -1}}, "FFC_sans_bias124": {"write": {"device_start": 1585661383.4407473, "host_queued_start": 1585661450.74213, "device_queued": 1585661383.2839904, "device_end": 1585661383.440839, "host_queued_end": 1585661450.748357}, "device": "gpu", "nd_range": {"device_start": 1585661383.440857, "device_end": 1585661383.44992}, "cmdq": 3, "read": {"device_start": 1585661383.4499223, "device_end": 1585661383.4500127}}, "FFC_sans_bias126": {"write": {"device_start": 1585661383.3416972, "host_queued_start": 1585661450.690195, "device_queued": 1585661383.2754261, "device_end": 1585661383.3417978, "host_queued_end": 1585661450.748357}, "device": "gpu", "nd_range": {"device_start": 1585661383.3418016, "device_end": 1585661383.354349}, "cmdq": 3, "read": {"device_start": -1, "device_end": -1}}, "softmax32": {"write": {"device_start": -1, "host_queued_start": 1585661450.836538, "device_queued": -1, "device_end": -1, "host_queued_end": 1585661450.859708}, "device": "cpu", "nd_range": {"device_start": 2329225.9294191683, "device_end": 2329225.929748884}, "cmdq": 0, "read": {"device_start": -1, "device_end": -1}}, "coalesced_transpose84": {"write": {"device_start": -1, "host_queued_start": 1585661450.704692, "device_queued": -1, "device_end": -1, "host_queued_end": 1585661450.748357}, "device": "gpu", "nd_range": {"device_start": 1585661383.3673465, "device_end": 1585661383.367397}, "cmdq": 3, "read": {"device_start": -1, "device_end": -1}}, "FFC_sans_bias121": {"write": {"device_start": -1, "host_queued_start": 1585661450.709111, "device_queued": -1, "device_end": -1, "host_queued_end": 1585661450.748357}, "device": "gpu", "nd_range": {"device_start": 1585661383.3773675, "device_end": 1585661383.3902667}, "cmdq": 1, "read": {"device_start": -1, "device_end": -1}}, "empty98": {"write": {"device_start": 1585661383.2671683, "host_queued_start": 1585661450.591231, "device_queued": 1585661383.2668197, "device_end": 1585661383.2674162, "host_queued_end": 1585661450.748357}, "device": "gpu", "nd_range": {"device_start": 1585661383.2674193, "device_end": 1585661383.2674239}, "cmdq": 0, "read": {"device_start": -1, "device_end": -1}}, "empty107": {"write": {"device_start": 1585661383.2674756, "host_queued_start": 1585661450.593826, "device_queued": 1585661383.2670767, "device_end": 1585661383.267758, "host_queued_end": 1585661450.748357}, "device": "gpu", "nd_range": {"device_start": 1585661383.267836, "device_end": 1585661383.2678754}, "cmdq": 1, "read": {"device_start": -1, "device_end": -1}}, "empty17": {"write": {"device_start": -1, "host_queued_start": 1585661450.756573, "device_queued": -1, "device_end": -1, "host_queued_end": 1585661450.859708}, "device": "cpu", "nd_range": {"device_start": 2329225.049358427, "device_end": 2329225.049359788}, "cmdq": 0, "read": {"device_start": -1, "device_end": -1}}, "FFC_sans_bias87": {"write": {"device_start": -1, "host_queued_start": 1585661450.713536, "device_queued": -1, "device_end": -1, "host_queued_end": 1585661450.748357}, "device": "gpu", "nd_range": {"device_start": 1585661383.4015713, "device_end": 1585661383.410987}, "cmdq": 1, "read": {"device_start": -1, "device_end": -1}}, "FFC_sans_bias85": {"write": {"device_start": -1, "host_queued_start": 1585661450.707836, "device_queued": -1, "device_end": -1, "host_queued_end": 1585661450.748357}, "device": "gpu", "nd_range": {"device_start": 1585661383.367432, "device_end": 1585661383.37735}, "cmdq": 1, "read": {"device_start": -1, "device_end": -1}}, "FFC_sans_bias82": {"write": {"device_start": 1585661383.2927835, "host_queued_start": 1585661450.640326, "device_queued": 1585661383.2719178, "device_end": 1585661383.2928858, "host_queued_end": 1585661450.748357}, "device": "gpu", "nd_range": {"device_start": 1585661383.2929041, "device_end": 1585661383.3054695}, "cmdq": 0, "read": {"device_start": -1, "device_end": -1}}, "FFC_sans_bias83": {"write": {"device_start": 1585661383.2960508, "host_queued_start": 1585661450.643655, "device_queued": 1585661383.2721562, "device_end": 1585661383.2961526, "host_queued_end": 1585661450.748357}, "device": "gpu", "nd_range": {"device_start": 1585661383.2961578, "device_end": 1585661383.3087027}, "cmdq": 1, "read": {"device_start": -1, "device_end": -1}}, "FFC_sans_bias81": {"write": {"device_start": 1585661383.289563, "host_queued_start": 1585661450.637001, "device_queued": 1585661383.2714674, "device_end": 1585661383.289663, "host_queued_end": 1585661450.748357}, "device": "gpu", "nd_range": {"device_start": 1585661383.2896805, "device_end": 1585661383.3022153}, "cmdq": 3, "read": {"device_start": -1, "device_end": -1}}, "FFC_sans_bias88": {"write": {"device_start": 1585661383.4274328, "host_queued_start": 1585661450.728784, "device_queued": 1585661383.2826397, "device_end": 1585661383.427525, "host_queued_end": 1585661450.748357}, "device": "gpu", "nd_range": {"device_start": 1585661383.4275422, "device_end": 1585661383.4401839}, "cmdq": 3, "read": {"device_start": 1585661383.440193, "device_end": 1585661383.4402878}}, "coalesced_transpose30": {"write": {"device_start": -1, "host_queued_start": 1585661450.828989, "device_queued": -1, "device_end": -1, "host_queued_end": 1585661450.859708}, "device": "cpu", "nd_range": {"device_start": 2329225.710432792, "device_end": 2329225.7109006164}, "cmdq": 0, "read": {"device_start": -1, "device_end": -1}}, "FFC_sans_bias128": {"write": {"device_start": 1585661383.3384583, "host_queued_start": 1585661450.686892, "device_queued": 1585661383.2753031, "device_end": 1585661383.3385603, "host_queued_end": 1585661450.748357}, "device": "gpu", "nd_range": {"device_start": 1585661383.3385668, "device_end": 1585661383.3511207}, "cmdq": 2, "read": {"device_start": -1, "device_end": -1}}, "coalesced_transpose39": {"write": {"device_start": -1, "host_queued_start": 1585661450.82956, "device_queued": -1, "device_end": -1, "host_queued_end": 1585661450.859708}, "device": "cpu", "nd_range": {"device_start": 2329225.711056556, "device_end": 2329225.7114879843}, "cmdq": 0, "read": {"device_start": -1, "device_end": -1}}, "FFC_sans_bias79": {"write": {"device_start": 1585661383.4436643, "host_queued_start": 1585661450.725477, "device_queued": 1585661383.282493, "device_end": 1585661383.443757, "host_queued_end": 1585661450.748357}, "device": "gpu", "nd_range": {"device_start": 1585661383.443773, "device_end": 1585661383.4531698}, "cmdq": 2, "read": {"device_start": 1585661383.4531786, "device_end": 1585661383.4532704}}, "FFC_sans_bias78": {"write": {"device_start": -1, "host_queued_start": 1585661450.713215, "device_queued": -1, "device_end": -1, "host_queued_end": 1585661450.748357}, "device": "gpu", "nd_range": {"device_start": 1585661383.4015534, "device_end": 1585661383.4076955}, "cmdq": 0, "read": {"device_start": -1, "device_end": -1}}, "FFC_sans_bias73": {"write": {"device_start": 1585661383.2829697, "host_queued_start": 1585661450.630347, "device_queued": 1585661383.2712119, "device_end": 1585661383.2830694, "host_queued_end": 1585661450.748357}, "device": "gpu", "nd_range": {"device_start": 1585661383.283075, "device_end": 1585661383.2956507}, "cmdq": 1, "read": {"device_start": -1, "device_end": -1}}, "FFC_sans_bias72": {"write": {"device_start": 1585661383.2798498, "host_queued_start": 1585661450.627042, "device_queued": 1585661383.2709446, "device_end": 1585661383.279949, "host_queued_end": 1585661450.748357}, "device": "gpu", "nd_range": {"device_start": 1585661383.279956, "device_end": 1585661383.2923965}, "cmdq": 0, "read": {"device_start": -1, "device_end": -1}}, "FFC_sans_bias70": {"write": {"device_start": 1585661383.424218, "host_queued_start": 1585661450.722171, "device_queued": 1585661383.2823563, "device_end": 1585661383.4243119, "host_queued_end": 1585661450.748357}, "device": "gpu", "nd_range": {"device_start": 1585661383.4243295, "device_end": 1585661383.4369318}, "cmdq": 1, "read": {"device_start": 1585661383.4369385, "device_end": 1585661383.4370348}}, "FFC_sans_bias76": {"write": {"device_start": -1, "host_queued_start": 1585661450.707518, "device_queued": -1, "device_end": -1, "host_queued_end": 1585661450.748357}, "device": "gpu", "nd_range": {"device_start": 1585661383.3673694, "device_end": 1585661383.3707387}, "cmdq": 0, "read": {"device_start": -1, "device_end": -1}}, "FFC_sans_bias74": {"write": {"device_start": 1585661383.2862432, "host_queued_start": 1585661450.633696, "device_queued": 1585661383.2713404, "device_end": 1585661383.2863429, "host_queued_end": 1585661450.748357}, "device": "gpu", "nd_range": {"device_start": 1585661383.286347, "device_end": 1585661383.2989438}, "cmdq": 2, "read": {"device_start": -1, "device_end": -1}}, "coalesced_transpose102": {"write": {"device_start": -1, "host_queued_start": 1585661450.705324, "device_queued": -1, "device_end": -1, "host_queued_end": 1585661450.748357}, "device": "gpu", "nd_range": {"device_start": 1585661383.36722, "device_end": 1585661383.3672757}, "cmdq": 1, "read": {"device_start": -1, "device_end": -1}}, "coalesced_transpose3": {"write": {"device_start": -1, "host_queued_start": 1585661450.827028, "device_queued": -1, "device_end": -1, "host_queued_end": 1585661450.859708}, "device": "cpu", "nd_range": {"device_start": 2329225.7087103124, "device_end": 2329225.709198893}, "cmdq": 0, "read": {"device_start": -1, "device_end": -1}}, "FFC_sans_bias127": {"write": {"device_start": 1585661383.345065, "host_queued_start": 1585661450.693505, "device_queued": 1585661383.275899, "device_end": 1585661383.345186, "host_queued_end": 1585661450.748357}, "device": "gpu", "nd_range": {"device_start": 1585661383.3452027, "device_end": 1585661383.3576128}, "cmdq": 0, "read": {"device_start": -1, "device_end": -1}}, "empty89": {"write": {"device_start": 1585661383.266803, "host_queued_start": 1585661450.588283, "device_queued": 1585661383.2664394, "device_end": 1585661383.2669601, "host_queued_end": 1585661450.748357}, "device": "gpu", "nd_range": {"device_start": 1585661383.2669687, "device_end": 1585661383.2669735}, "cmdq": 3, "read": {"device_start": -1, "device_end": -1}}, "FFC_sans_bias123": {"write": {"device_start": -1, "host_queued_start": 1585661450.714923, "device_queued": -1, "device_end": -1, "host_queued_end": 1585661450.748357}, "device": "gpu", "nd_range": {"device_start": 1585661383.411004, "device_end": 1585661383.4239593}, "cmdq": 1, "read": {"device_start": -1, "device_end": -1}}, "empty80": {"write": {"device_start": 1585661383.2664793, "host_queued_start": 1585661450.585633, "device_queued": 1585661383.2660341, "device_end": 1585661383.2667985, "host_queued_end": 1585661450.748357}, "device": "gpu", "nd_range": {"device_start": 1585661383.2668145, "device_end": 1585661383.2668242}, "cmdq": 2, "read": {"device_start": -1, "device_end": -1}}, "empty116": {"write": {"device_start": 1585661383.2677794, "host_queued_start": 1585661450.596447, "device_queued": 1585661383.2674341, "device_end": 1585661383.2680683, "host_queued_end": 1585661450.748357}, "device": "gpu", "nd_range": {"device_start": 1585661383.2680812, "device_end": 1585661383.2680845}, "cmdq": 2, "read": {"device_start": -1, "device_end": -1}}, "softmax104": {"write": {"device_start": -1, "host_queued_start": 1585661450.711262, "device_queued": -1, "device_end": -1, "host_queued_end": 1585661450.748357}, "device": "gpu", "nd_range": {"device_start": 1585661383.3984091, "device_end": 1585661383.4006932}, "cmdq": 1, "read": {"device_start": -1, "device_end": -1}}, "coalesced_transpose21": {"write": {"device_start": -1, "host_queued_start": 1585661450.828206, "device_queued": -1, "device_end": -1, "host_queued_end": 1585661450.859708}, "device": "cpu", "nd_range": {"device_start": 2329225.709985568, "device_end": 2329225.710424278}, "cmdq": 0, "read": {"device_start": -1, "device_end": -1}}, "softmax14": {"write": {"device_start": -1, "host_queued_start": 1585661450.835433, "device_queued": -1, "device_end": -1, "host_queued_end": 1585661450.859708}, "device": "cpu", "nd_range": {"device_start": 2329225.928558576, "device_end": 2329225.928901933}, "cmdq": 0, "read": {"device_start": -1, "device_end": -1}}, "FFC_sans_bias69": {"write": {"device_start": -1, "host_queued_start": 1585661450.712901, "device_queued": -1, "device_end": -1, "host_queued_end": 1585661450.748357}, "device": "gpu", "nd_range": {"device_start": 1585661383.4009898, "device_end": 1585661383.4043648}, "cmdq": 3, "read": {"device_start": -1, "device_end": -1}}, "FFC_sans_bias92": {"write": {"device_start": 1585661383.3058596, "host_queued_start": 1585661450.653558, "device_queued": 1585661383.2728612, "device_end": 1585661383.3059607, "host_queued_end": 1585661450.748357}, "device": "gpu", "nd_range": {"device_start": 1585661383.3059688, "device_end": 1585661383.31848}, "cmdq": 0, "read": {"device_start": -1, "device_end": -1}}, "FFC_sans_bias60": {"write": {"device_start": -1, "host_queued_start": 1585661450.712585, "device_queued": -1, "device_end": -1, "host_queued_end": 1585661450.748357}, "device": "gpu", "nd_range": {"device_start": 1585661383.4051285, "device_end": 1585661383.417416}, "cmdq": 2, "read": {"device_start": -1, "device_end": -1}}, "FFC_sans_bias61": {"write": {"device_start": 1585661383.420969, "host_queued_start": 1585661450.718834, "device_queued": 1585661383.2820942, "device_end": 1585661383.4210622, "host_queued_end": 1585661450.748357}, "device": "gpu", "nd_range": {"device_start": 1585661383.4210804, "device_end": 1585661383.433694}, "cmdq": 0, "read": {"device_start": 1585661383.4337022, "device_end": 1585661383.4337966}}, "FFC_sans_bias63": {"write": {"device_start": 1585661383.2765386, "host_queued_start": 1585661450.623751, "device_queued": 1585661383.270508, "device_end": 1585661383.2766309, "host_queued_end": 1585661450.748357}, "device": "gpu", "nd_range": {"device_start": 1585661383.276636, "device_end": 1585661383.2891772}, "cmdq": 3, "read": {"device_start": -1, "device_end": -1}}, "FFC_sans_bias64": {"write": {"device_start": 1585661383.2704008, "host_queued_start": 1585661450.617077, "device_queued": 1585661383.27013, "device_end": 1585661383.2704988, "host_queued_end": 1585661450.748357}, "device": "gpu", "nd_range": {"device_start": 1585661383.2706418, "device_end": 1585661383.2825825}, "cmdq": 1, "read": {"device_start": -1, "device_end": -1}}, "FFC_sans_bias65": {"write": {"device_start": 1585661383.273191, "host_queued_start": 1585661450.620437, "device_queued": 1585661383.270272, "device_end": 1585661383.2733057, "host_queued_end": 1585661450.748357}, "device": "gpu", "nd_range": {"device_start": 1585661383.2733085, "device_end": 1585661383.2858758}, "cmdq": 2, "read": {"device_start": -1, "device_end": -1}}, "FFC_sans_bias67": {"write": {"device_start": -1, "host_queued_start": 1585661450.707195, "device_queued": -1, "device_end": -1, "host_queued_end": 1585661450.748357}, "device": "gpu", "nd_range": {"device_start": 1585661383.3738647, "device_end": 1585661383.383826}, "cmdq": 3, "read": {"device_start": -1, "device_end": -1}}, "coalesced_transpose111": {"write": {"device_start": -1, "host_queued_start": 1585661450.705634, "device_queued": -1, "device_end": -1, "host_queued_end": 1585661450.748357}, "device": "gpu", "nd_range": {"device_start": 1585661383.367249, "device_end": 1585661383.3672905}, "cmdq": 2, "read": {"device_start": -1, "device_end": -1}}, "FFC_sans_bias136": {"write": {"device_start": 1585661383.3483443, "host_queued_start": 1585661450.696793, "device_queued": 1585661383.2761512, "device_end": 1585661383.34846, "host_queued_end": 1585661450.748357}, "device": "gpu", "nd_range": {"device_start": 1585661383.3484652, "device_end": 1585661383.3608747}, "cmdq": 1, "read": {"device_start": -1, "device_end": -1}}, "FFC_sans_bias135": {"write": {"device_start": 1585661383.3547616, "host_queued_start": 1585661450.703423, "device_queued": 1585661383.276497, "device_end": 1585661383.354872, "host_queued_end": 1585661450.748357}, "device": "gpu", "nd_range": {"device_start": 1585661383.3548791, "device_end": 1585661383.3673398}, "cmdq": 3, "read": {"device_start": -1, "device_end": -1}}, "FFC_sans_bias133": {"write": {"device_start": 1585661383.4569445, "host_queued_start": 1585661450.745184, "device_queued": 1585661383.2845926, "device_end": 1585661383.4570346, "host_queued_end": 1585661450.748357}, "device": "gpu", "nd_range": {"device_start": 1585661383.4570503, "device_end": 1585661383.4661102}, "cmdq": 0, "read": {"device_start": 1585661383.4661129, "device_end": 1585661383.4661992}}, "FFC_sans_bias132": {"write": {"device_start": -1, "host_queued_start": 1585661450.715246, "device_queued": -1, "device_end": -1, "host_queued_end": 1585661450.748357}, "device": "gpu", "nd_range": {"device_start": 1585661383.4304347, "device_end": 1585661383.4434266}, "cmdq": 2, "read": {"device_start": -1, "device_end": -1}}, "softmax68": {"write": {"device_start": -1, "host_queued_start": 1585661450.710252, "device_queued": -1, "device_end": -1, "host_queued_end": 1585661450.748357}, "device": "gpu", "nd_range": {"device_start": 1585661383.3902843, "device_end": 1585661383.398393}, "cmdq": 1, "read": {"device_start": -1, "device_end": -1}}, "softmax131": {"write": {"device_start": -1, "host_queued_start": 1585661450.712022, "device_queued": -1, "device_end": -1, "host_queued_end": 1585661450.748357}, "device": "gpu", "nd_range": {"device_start": 1585661383.39839, "device_end": 1585661383.4015377}, "cmdq": 0, "read": {"device_start": -1, "device_end": -1}}, "empty125": {"write": {"device_start": 1585661383.2680876, "host_queued_start": 1585661450.599101, "device_queued": 1585661383.2677758, "device_end": 1585661383.2683432, "host_queued_end": 1585661450.748357}, "device": "gpu", "nd_range": {"device_start": 1585661383.2683558, "device_end": 1585661383.2683597}, "cmdq": 3, "read": {"device_start": -1, "device_end": -1}}, "FFC_sans_bias139": {"write": {"device_start": -1, "host_queued_start": 1585661450.70974, "device_queued": -1, "device_end": -1, "host_queued_end": 1585661450.748357}, "device": "gpu", "nd_range": {"device_start": 1585661383.3935668, "device_end": 1585661383.4000952}, "cmdq": 3, "read": {"device_start": -1, "device_end": -1}}, "empty35": {"write": {"device_start": -1, "host_queued_start": 1585661450.762364, "device_queued": -1, "device_end": -1, "host_queued_end": 1585661450.859708}, "device": "cpu", "nd_range": {"device_start": 2329225.0493714693, "device_end": 2329225.0493720514}, "cmdq": 0, "read": {"device_start": -1, "device_end": -1}}, "softmax86": {"write": {"device_start": -1, "host_queued_start": 1585661450.710761, "device_queued": -1, "device_end": -1, "host_queued_end": 1585661450.748357}, "device": "gpu", "nd_range": {"device_start": 1585661383.4001126, "device_end": 1585661383.4005408}, "cmdq": 3, "read": {"device_start": -1, "device_end": -1}}, "FFC_sans_bias55": {"write": {"device_start": 1585661383.2700107, "host_queued_start": 1585661450.613762, "device_queued": 1585661383.2697432, "device_end": 1585661383.2701201, "host_queued_end": 1585661450.748357}, "device": "gpu", "nd_range": {"device_start": 1585661383.2701225, "device_end": 1585661383.2794712}, "cmdq": 0, "read": {"device_start": -1, "device_end": -1}}, "FFC_sans_bias54": {"write": {"device_start": 1585661383.2695222, "host_queued_start": 1585661450.610433, "device_queued": 1585661383.2690792, "device_end": 1585661383.269623, "host_queued_end": 1585661450.748357}, "device": "gpu", "nd_range": {"device_start": 1585661383.2696455, "device_end": 1585661383.2761967}, "cmdq": 3, "read": {"device_start": -1, "device_end": -1}}, "FFC_sans_bias56": {"write": {"device_start": 1585661383.2691472, "host_queued_start": 1585661450.607145, "device_queued": 1585661383.268672, "device_end": 1585661383.2694519, "host_queued_end": 1585661450.748357}, "device": "gpu", "nd_range": {"device_start": 1585661383.2694824, "device_end": 1585661383.272868}, "cmdq": 2, "read": {"device_start": -1, "device_end": -1}}, "FFC_sans_bias51": {"write": {"device_start": -1, "host_queued_start": 1585661450.841414, "device_queued": -1, "device_end": -1, "host_queued_end": 1585661450.859708}, "device": "cpu", "nd_range": {"device_start": 2329226.116495027, "device_end": 2329226.1519454443}, "cmdq": 0, "read": {"device_start": -1, "device_end": -1}}, "FFC_sans_bias52": {"write": {"device_start": -1, "host_queued_start": 1585661450.859653, "device_queued": -1, "device_end": -1, "host_queued_end": 1585661450.859708}, "device": "cpu", "nd_range": {"device_start": 2329226.364810047, "device_end": 2329226.407211339}, "cmdq": 0, "read": {"device_start": -1, "device_end": -1}}, "FFC_sans_bias58": {"write": {"device_start": -1, "host_queued_start": 1585661450.706876, "device_queued": -1, "device_end": -1, "host_queued_end": 1585661450.748357}, "device": "gpu", "nd_range": {"device_start": 1585661383.367392, "device_end": 1585661383.3740742}, "cmdq": 2, "read": {"device_start": -1, "device_end": -1}}, "FFC_sans_bias108": {"write": {"device_start": 1585661383.318887, "host_queued_start": 1585661450.667005, "device_queued": 1585661383.273947, "device_end": 1585661383.3189878, "host_queued_end": 1585661450.748357}, "device": "gpu", "nd_range": {"device_start": 1585661383.3190055, "device_end": 1585661383.3315248}, "cmdq": 0, "read": {"device_start": -1, "device_end": -1}}, "FFC_sans_bias109": {"write": {"device_start": 1585661383.322145, "host_queued_start": 1585661450.670297, "device_queued": 1585661383.2741914, "device_end": 1585661383.3222466, "host_queued_end": 1585661450.748357}, "device": "gpu", "nd_range": {"device_start": 1585661383.3222544, "device_end": 1585661383.3347971}, "cmdq": 1, "read": {"device_start": -1, "device_end": -1}}, "coalesced_transpose129": {"write": {"device_start": -1, "host_queued_start": 1585661450.706241, "device_queued": -1, "device_end": -1, "host_queued_end": 1585661450.748357}, "device": "gpu", "nd_range": {"device_start": 1585661383.3672583, "device_end": 1585661383.3673184}, "cmdq": 0, "read": {"device_start": -1, "device_end": -1}}, "FFC_sans_bias103": {"write": {"device_start": -1, "host_queued_start": 1585661450.708474, "device_queued": -1, "device_end": -1, "host_queued_end": 1585661450.748357}, "device": "gpu", "nd_range": {"device_start": 1585661383.383844, "device_end": 1585661383.3935494}, "cmdq": 3, "read": {"device_start": -1, "device_end": -1}}, "FFC_sans_bias100": {"write": {"device_start": 1585661383.3123868, "host_queued_start": 1585661450.660351, "device_queued": 1585661383.2733479, "device_end": 1585661383.312489, "host_queued_end": 1585661450.748357}, "device": "gpu", "nd_range": {"device_start": 1585661383.3125048, "device_end": 1585661383.325031}, "cmdq": 2, "read": {"device_start": -1, "device_end": -1}}, "FFC_sans_bias101": {"write": {"device_start": 1585661383.3156283, "host_queued_start": 1585661450.6637, "device_queued": 1585661383.2734885, "device_end": 1585661383.3157315, "host_queued_end": 1585661450.748357}, "device": "gpu", "nd_range": {"device_start": 1585661383.3157403, "device_end": 1585661383.32825}, "cmdq": 3, "read": {"device_start": -1, "device_end": -1}}, "FFC_sans_bias106": {"write": {"device_start": 1585661383.4375103, "host_queued_start": 1585661450.735466, "device_queued": 1585661383.283709, "device_end": 1585661383.4376018, "host_queued_end": 1585661450.748357}, "device": "gpu", "nd_range": {"device_start": 1585661383.4376192, "device_end": 1585661383.4467056}, "cmdq": 1, "read": {"device_start": 1585661383.4467113, "device_end": 1585661383.4468057}}, "softmax122": {"write": {"device_start": -1, "host_queued_start": 1585661450.711774, "device_queued": -1, "device_end": -1, "host_queued_end": 1585661450.748357}, "device": "gpu", "nd_range": {"device_start": 1585661383.4005568, "device_end": 1585661383.400974}, "cmdq": 3, "read": {"device_start": -1, "device_end": -1}}, "FFC_sans_bias105": {"write": {"device_start": -1, "host_queued_start": 1585661450.714261, "device_queued": -1, "device_end": -1, "host_queued_end": 1585661450.748357}, "device": "gpu", "nd_range": {"device_start": 1585661383.4043808, "device_end": 1585661383.414198}, "cmdq": 3, "read": {"device_start": -1, "device_end": -1}}, "softmax95": {"write": {"device_start": -1, "host_queued_start": 1585661450.711012, "device_queued": -1, "device_end": -1, "host_queued_end": 1585661450.748357}, "device": "gpu", "nd_range": {"device_start": 1585661383.3910663, "device_end": 1585661383.398373}, "cmdq": 0, "read": {"device_start": -1, "device_end": -1}}, "coalesced_transpose57": {"write": {"device_start": -1, "host_queued_start": 1585661450.703763, "device_queued": -1, "device_end": -1, "host_queued_end": 1585661450.748357}, "device": "gpu", "nd_range": {"device_start": 1585661383.3576143, "device_end": 1585661383.3671732}, "cmdq": 0, "read": {"device_start": -1, "device_end": -1}}, "empty26": {"write": {"device_start": -1, "host_queued_start": 1585661450.759599, "device_queued": -1, "device_end": -1, "host_queued_end": 1585661450.859708}, "device": "cpu", "nd_range": {"device_start": 2329225.049365587, "device_end": 2329225.049366331}, "cmdq": 0, "read": {"device_start": -1, "device_end": -1}}, "softmax113": {"write": {"device_start": -1, "host_queued_start": 1585661450.711512, "device_queued": -1, "device_end": -1, "host_queued_end": 1585661450.748357}, "device": "gpu", "nd_range": {"device_start": 1585661383.4015331, "device_end": 1585661383.4051123}, "cmdq": 2, "read": {"device_start": -1, "device_end": -1}}, "FFC_sans_bias11": {"write": {"device_start": -1, "host_queued_start": 1585661450.787449, "device_queued": -1, "device_end": -1, "host_queued_end": 1585661450.859708}, "device": "cpu", "nd_range": {"device_start": 2329225.2351783332, "device_end": 2329225.27482999}, "cmdq": 0, "read": {"device_start": -1, "device_end": -1}}, "FFC_sans_bias42": {"write": {"device_start": -1, "host_queued_start": 1585661450.840787, "device_queued": -1, "device_end": -1, "host_queued_end": 1585661450.859708}, "device": "cpu", "nd_range": {"device_start": 2329226.0774924313, "device_end": 2329226.116485978}, "cmdq": 0, "read": {"device_start": -1, "device_end": -1}}, "FFC_sans_bias43": {"write": {"device_start": -1, "host_queued_start": 1585661450.856631, "device_queued": -1, "device_end": -1, "host_queued_end": 1585661450.859708}, "device": "cpu", "nd_range": {"device_start": 2329226.322859088, "device_end": 2329226.3647976182}, "cmdq": 0, "read": {"device_start": -1, "device_end": -1}}, "FFC_sans_bias40": {"write": {"device_start": -1, "host_queued_start": 1585661450.833405, "device_queued": -1, "device_end": -1, "host_queued_end": 1585661450.859708}, "device": "cpu", "nd_range": {"device_start": 2329225.85546096, "device_end": 2329225.8919480643}, "cmdq": 0, "read": {"device_start": -1, "device_end": -1}}, "FFC_sans_bias46": {"write": {"device_start": -1, "host_queued_start": 1585661450.823462, "device_queued": -1, "device_end": -1, "host_queued_end": 1585661450.859708}, "device": "cpu", "nd_range": {"device_start": 2329225.637546028, "device_end": 2329225.6734569753}, "cmdq": 0, "read": {"device_start": -1, "device_end": -1}}, "FFC_sans_bias47": {"write": {"device_start": -1, "host_queued_start": 1585661450.826675, "device_queued": -1, "device_end": -1, "host_queued_end": 1585661450.859708}, "device": "cpu", "nd_range": {"device_start": 2329225.6734756064, "device_end": 2329225.708691767}, "cmdq": 0, "read": {"device_start": -1, "device_end": -1}}, "FFC_sans_bias45": {"write": {"device_start": -1, "host_queued_start": 1585661450.820204, "device_queued": -1, "device_end": -1, "host_queued_end": 1585661450.859708}, "device": "cpu", "nd_range": {"device_start": 2329225.5998824523, "device_end": 2329225.637531722}, "cmdq": 0, "read": {"device_start": -1, "device_end": -1}}, "FFC_sans_bias49": {"write": {"device_start": -1, "host_queued_start": 1585661450.834123, "device_queued": -1, "device_end": -1, "host_queued_end": 1585661450.859708}, "device": "cpu", "nd_range": {"device_start": 2329225.891955851, "device_end": 2329225.928151456}, "cmdq": 0, "read": {"device_start": -1, "device_end": -1}}, "softmax77": {"write": {"device_start": -1, "host_queued_start": 1585661450.710504, "device_queued": -1, "device_end": -1, "host_queued_end": 1585661450.748357}, "device": "gpu", "nd_range": {"device_start": 1585661383.3968303, "device_end": 1585661383.401517}, "cmdq": 2, "read": {"device_start": -1, "device_end": -1}}, "empty134": {"write": {"device_start": 1585661383.2683868, "host_queued_start": 1585661450.601731, "device_queued": 1585661383.268086, "device_end": 1585661383.2686532, "host_queued_end": 1585661450.748357}, "device": "gpu", "nd_range": {"device_start": 1585661383.2686574, "device_end": 1585661383.2686615}, "cmdq": 0, "read": {"device_start": -1, "device_end": -1}}, "coalesced_transpose138": {"write": {"device_start": -1, "host_queued_start": 1585661450.706546, "device_queued": -1, "device_end": -1, "host_queued_end": 1585661450.748357}, "device": "gpu", "nd_range": {"device_start": 1585661383.367277, "device_end": 1585661383.3673222}, "cmdq": 1, "read": {"device_start": -1, "device_end": -1}}, "FFC_sans_bias119": {"write": {"device_start": 1585661383.335213, "host_queued_start": 1585661450.683517, "device_queued": 1585661383.2751706, "device_end": 1585661383.3353164, "host_queued_end": 1585661450.748357}, "device": "gpu", "nd_range": {"device_start": 1585661383.335323, "device_end": 1585661383.347853}, "cmdq": 1, "read": {"device_start": -1, "device_end": -1}}, "FFC_sans_bias118": {"write": {"device_start": 1585661383.3319225, "host_queued_start": 1585661450.680186, "device_queued": 1585661383.274913, "device_end": 1585661383.3320234, "host_queued_end": 1585661450.748357}, "device": "gpu", "nd_range": {"device_start": 1585661383.3320289, "device_end": 1585661383.3446019}, "cmdq": 0, "read": {"device_start": -1, "device_end": -1}}, "empty143": {"write": {"device_start": 1585661383.2687054, "host_queued_start": 1585661450.604348, "device_queued": 1585661383.2683597, "device_end": 1585661383.2690594, "host_queued_end": 1585661450.748357}, "device": "gpu", "nd_range": {"device_start": 1585661383.2691245, "device_end": 1585661383.269137}, "cmdq": 1, "read": {"device_start": -1, "device_end": -1}}, "FFC_sans_bias115": {"write": {"device_start": 1585661383.4537096, "host_queued_start": 1585661450.738771, "device_queued": 1585661383.2838492, "device_end": 1585661383.4537995, "host_queued_end": 1585661450.748357}, "device": "gpu", "nd_range": {"device_start": 1585661383.4538164, "device_end": 1585661383.4628875}, "cmdq": 2, "read": {"device_start": 1585661383.4628913, "device_end": 1585661383.4629767}}, "FFC_sans_bias114": {"write": {"device_start": -1, "host_queued_start": 1585661450.714589, "device_queued": -1, "device_end": -1, "host_queued_end": 1585661450.748357}, "device": "gpu", "nd_range": {"device_start": 1585661383.407711, "device_end": 1585661383.4206672}, "cmdq": 0, "read": {"device_start": -1, "device_end": -1}}, "FFC_sans_bias117": {"write": {"device_start": 1585661383.328649, "host_queued_start": 1585661450.676905, "device_queued": 1585661383.274452, "device_end": 1585661383.328751, "host_queued_end": 1585661450.748357}, "device": "gpu", "nd_range": {"device_start": 1585661383.3287573, "device_end": 1585661383.3413005}, "cmdq": 3, "read": {"device_start": -1, "device_end": -1}}, "softmax5": {"write": {"device_start": -1, "host_queued_start": 1585661450.834674, "device_queued": -1, "device_end": -1, "host_queued_end": 1585661450.859708}, "device": "cpu", "nd_range": {"device_start": 2329225.928171303, "device_end": 2329225.9285513354}, "cmdq": 0, "read": {"device_start": -1, "device_end": -1}}, "FFC_sans_bias110": {"write": {"device_start": 1585661383.3254383, "host_queued_start": 1585661450.673614, "device_queued": 1585661383.2743216, "device_end": 1585661383.325541, "host_queued_end": 1585661450.748357}, "device": "gpu", "nd_range": {"device_start": 1585661383.3255565, "device_end": 1585661383.338059}, "cmdq": 2, "read": {"device_start": -1, "device_end": -1}}, "FFC_sans_bias112": {"write": {"device_start": -1, "host_queued_start": 1585661450.708796, "device_queued": -1, "device_end": -1, "host_queued_end": 1585661450.748357}, "device": "gpu", "nd_range": {"device_start": 1585661383.3707569, "device_end": 1585661383.3805547}, "cmdq": 0, "read": {"device_start": -1, "device_end": -1}}, "empty53": {"write": {"device_start": -1, "host_queued_start": 1585661450.7681, "device_queued": -1, "device_end": -1, "host_queued_end": 1585661450.859708}, "device": "cpu", "nd_range": {"device_start": 2329225.049381787, "device_end": 2329225.049382387}, "cmdq": 0, "read": {"device_start": -1, "device_end": -1}}, "coalesced_transpose48": {"write": {"device_start": -1, "host_queued_start": 1585661450.830127, "device_queued": -1, "device_end": -1, "host_queued_end": 1585661450.859708}, "device": "cpu", "nd_range": {"device_start": 2329225.711632323, "device_end": 2329225.712043026}, "cmdq": 0, "read": {"device_start": -1, "device_end": -1}}}