{"FFC_sans_bias4": {"write": {"device_start": -1, "host_queued_start": 1585661872.600181, "device_queued": -1, "device_end": -1, "host_queued_end": 1585661872.63439}, "device": "cpu", "nd_range": {"device_start": 2329647.658101078, "device_end": 2329647.704021104}, "cmdq": 0, "read": {"device_start": -1, "device_end": -1}}, "FFC_sans_bias7": {"write": {"device_start": -1, "host_queued_start": 1585661872.61564, "device_queued": -1, "device_end": -1, "host_queued_end": 1585661872.63439}, "device": "cpu", "nd_range": {"device_start": 2329648.2754850644, "device_end": 2329648.3197464943}, "cmdq": 0, "read": {"device_start": -1, "device_end": -1}}, "FFC_sans_bias6": {"write": {"device_start": -1, "host_queued_start": 1585661872.608488, "device_queued": -1, "device_end": -1, "host_queued_end": 1585661872.63439}, "device": "cpu", "nd_range": {"device_start": 2329647.967521241, "device_end": 2329648.01102819}, "cmdq": 0, "read": {"device_start": -1, "device_end": -1}}, "FFC_sans_bias1": {"write": {"device_start": -1, "host_queued_start": 1585661872.529533, "device_queued": -1, "device_end": -1, "host_queued_end": 1585661872.63439}, "device": "cpu", "nd_range": {"device_start": 2329646.862145591, "device_end": 2329646.9056861363}, "cmdq": 0, "read": {"device_start": -1, "device_end": -1}}, "FFC_sans_bias0": {"write": {"device_start": -1, "host_queued_start": 1585661872.525375, "device_queued": -1, "device_end": -1, "host_queued_end": 1585661872.63439}, "device": "cpu", "nd_range": {"device_start": 2329646.824152883, "device_end": 2329646.862111817}, "cmdq": 0, "read": {"device_start": -1, "device_end": -1}}, "FFC_sans_bias2": {"write": {"device_start": -1, "host_queued_start": 1585661872.533273, "device_queued": -1, "device_end": -1, "host_queued_end": 1585661872.63439}, "device": "cpu", "nd_range": {"device_start": 2329646.905718111, "device_end": 2329646.9411445023}, "cmdq": 0, "read": {"device_start": -1, "device_end": -1}}, "coalesced_transpose120": {"write": {"device_start": -1, "host_queued_start": 1585661872.458533, "device_queued": -1, "device_end": -1, "host_queued_end": 1585661872.49866}, "device": "gpu", "nd_range": {"device_start": 1585661805.0957174, "device_end": 1585661805.0958078}, "cmdq": 2, "read": {"device_start": -1, "device_end": -1}}, "FFC_sans_bias9": {"write": {"device_start": -1, "host_queued_start": 1585661872.537065, "device_queued": -1, "device_end": -1, "host_queued_end": 1585661872.63439}, "device": "cpu", "nd_range": {"device_start": 2329646.941168209, "device_end": 2329646.9798812163}, "cmdq": 0, "read": {"device_start": -1, "device_end": -1}}, "empty71": {"write": {"device_start": 1585661805.0049376, "host_queued_start": 1585661872.340057, "device_queued": 1585661805.0045917, "device_end": 1585661805.0051858, "host_queued_end": 1585661872.49866}, "device": "gpu", "nd_range": {"device_start": 1585661805.005233, "device_end": 1585661805.0052373}, "cmdq": 0, "read": {"device_start": -1, "device_end": -1}}, "softmax41": {"write": {"device_start": -1, "host_queued_start": 1585661872.606717, "device_queued": -1, "device_end": -1, "host_queued_end": 1585661872.63439}, "device": "cpu", "nd_range": {"device_start": 2329647.9663612223, "device_end": 2329647.966713442}, "cmdq": 0, "read": {"device_start": -1, "device_end": -1}}, "FFC_sans_bias37": {"write": {"device_start": -1, "host_queued_start": 1585661872.573179, "device_queued": -1, "device_end": -1, "host_queued_end": 1585661872.63439}, "device": "cpu", "nd_range": {"device_start": 2329647.3194035073, "device_end": 2329647.35499619}, "cmdq": 0, "read": {"device_start": -1, "device_end": -1}}, "FFC_sans_bias36": {"write": {"device_start": -1, "host_queued_start": 1585661872.569789, "device_queued": -1, "device_end": -1, "host_queued_end": 1585661872.63439}, "device": "cpu", "nd_range": {"device_start": 2329647.283041357, "device_end": 2329647.3193914173}, "cmdq": 0, "read": {"device_start": -1, "device_end": -1}}, "FFC_sans_bias34": {"write": {"device_start": -1, "host_queued_start": 1585661872.624977, "device_queued": -1, "device_end": -1, "host_queued_end": 1585661872.63439}, "device": "cpu", "nd_range": {"device_start": 2329648.406867511, "device_end": 2329648.4498345493}, "cmdq": 0, "read": {"device_start": -1, "device_end": -1}}, "FFC_sans_bias33": {"write": {"device_start": -1, "host_queued_start": 1585661872.610359, "device_queued": -1, "device_end": -1, "host_queued_end": 1585661872.63439}, "device": "cpu", "nd_range": {"device_start": 2329648.095025874, "device_end": 2329648.136770306}, "cmdq": 0, "read": {"device_start": -1, "device_end": -1}}, "FFC_sans_bias31": {"write": {"device_start": -1, "host_queued_start": 1585661872.602084, "device_queued": -1, "device_end": -1, "host_queued_end": 1585661872.63439}, "device": "cpu", "nd_range": {"device_start": 2329647.788783702, "device_end": 2329647.830904142}, "cmdq": 0, "read": {"device_start": -1, "device_end": -1}}, "FFC_sans_bias38": {"write": {"device_start": -1, "host_queued_start": 1585661872.576482, "device_queued": -1, "device_end": -1, "host_queued_end": 1585661872.63439}, "device": "cpu", "nd_range": {"device_start": 2329647.355023044, "device_end": 2329647.399591205}, "cmdq": 0, "read": {"device_start": -1, "device_end": -1}}, "coalesced_transpose75": {"write": {"device_start": -1, "host_queued_start": 1585661872.456916, "device_queued": -1, "device_end": -1, "host_queued_end": 1585661872.49866}, "device": "gpu", "nd_range": {"device_start": 1585661805.0861397, "device_end": 1585661805.095705}, "cmdq": 2, "read": {"device_start": -1, "device_end": -1}}, "softmax140": {"write": {"device_start": -1, "host_queued_start": 1585661872.46447, "device_queued": -1, "device_end": -1, "host_queued_end": 1585661872.49866}, "device": "gpu", "nd_range": {"device_start": 1585661805.1266696, "device_end": 1585661805.1273935}, "cmdq": 2, "read": {"device_start": -1, "device_end": -1}}, "empty44": {"write": {"device_start": -1, "host_queued_start": 1585661872.516342, "device_queued": -1, "device_end": -1, "host_queued_end": 1585661872.63439}, "device": "cpu", "nd_range": {"device_start": 2329646.824104303, "device_end": 2329646.824106358}, "cmdq": 0, "read": {"device_start": -1, "device_end": -1}}, "FFC_sans_bias137": {"write": {"device_start": 1585661805.0769117, "host_queued_start": 1585661872.452821, "device_queued": 1585661805.014351, "device_end": 1585661805.077014, "host_queued_end": 1585661872.49866}, "device": "gpu", "nd_range": {"device_start": 1585661805.0770316, "device_end": 1585661805.0926468}, "cmdq": 4, "read": {"device_start": -1, "device_end": -1}}, "empty8": {"write": {"device_start": -1, "host_queued_start": 1585661872.504152, "device_queued": -1, "device_end": -1, "host_queued_end": 1585661872.63439}, "device": "cpu", "nd_range": {"device_start": 2329646.8240239373, "device_end": 2329646.8240348212}, "cmdq": 0, "read": {"device_start": -1, "device_end": -1}}, "softmax50": {"write": {"device_start": -1, "host_queued_start": 1585661872.607279, "device_queued": -1, "device_end": -1, "host_queued_end": 1585661872.63439}, "device": "cpu", "nd_range": {"device_start": 2329647.9667192413, "device_end": 2329647.96709402}, "cmdq": 0, "read": {"device_start": -1, "device_end": -1}}, "softmax59": {"write": {"device_start": -1, "host_queued_start": 1585661872.6078, "device_queued": -1, "device_end": -1, "host_queued_end": 1585661872.63439}, "device": "cpu", "nd_range": {"device_start": 2329647.96709886, "device_end": 2329647.967515772}, "cmdq": 0, "read": {"device_start": -1, "device_end": -1}}, "FFC_sans_bias142": {"write": {"device_start": 1585661805.1664064, "host_queued_start": 1585661872.498542, "device_queued": 1585661805.0227473, "device_end": 1585661805.1664977, "host_queued_end": 1585661872.49866}, "device": "gpu", "nd_range": {"device_start": 1585661805.1665184, "device_end": 1585661805.1821263}, "cmdq": 0, "read": {"device_start": 1585661805.1821296, "device_end": 1585661805.1822188}}, "FFC_sans_bias141": {"write": {"device_start": -1, "host_queued_start": 1585661872.467471, "device_queued": -1, "device_end": -1, "host_queued_end": 1585661872.49866}, "device": "gpu", "nd_range": {"device_start": 1585661805.1366951, "device_end": 1585661805.152873}, "cmdq": 1, "read": {"device_start": -1, "device_end": -1}}, "FFC_sans_bias24": {"write": {"device_start": -1, "host_queued_start": 1585661872.609696, "device_queued": -1, "device_end": -1, "host_queued_end": 1585661872.63439}, "device": "cpu", "nd_range": {"device_start": 2329648.053029708, "device_end": 2329648.095015868}, "cmdq": 0, "read": {"device_start": -1, "device_end": -1}}, "FFC_sans_bias25": {"write": {"device_start": -1, "host_queued_start": 1585661872.621863, "device_queued": -1, "device_end": -1, "host_queued_end": 1585661872.63439}, "device": "cpu", "nd_range": {"device_start": 2329648.362973199, "device_end": 2329648.406861383}, "cmdq": 0, "read": {"device_start": -1, "device_end": -1}}, "FFC_sans_bias27": {"write": {"device_start": -1, "host_queued_start": 1585661872.559457, "device_queued": -1, "device_end": -1, "host_queued_end": 1585661872.63439}, "device": "cpu", "nd_range": {"device_start": 2329647.15855452, "device_end": 2329647.2004180513}, "cmdq": 0, "read": {"device_start": -1, "device_end": -1}}, "FFC_sans_bias20": {"write": {"device_start": -1, "host_queued_start": 1585661872.555937, "device_queued": -1, "device_end": -1, "host_queued_end": 1585661872.63439}, "device": "cpu", "nd_range": {"device_start": 2329647.123471457, "device_end": 2329647.158348895}, "cmdq": 0, "read": {"device_start": -1, "device_end": -1}}, "FFC_sans_bias22": {"write": {"device_start": -1, "host_queued_start": 1585661872.601444, "device_queued": -1, "device_end": -1, "host_queued_end": 1585661872.63439}, "device": "cpu", "nd_range": {"device_start": 2329647.746143156, "device_end": 2329647.788762773}, "cmdq": 0, "read": {"device_start": -1, "device_end": -1}}, "FFC_sans_bias130": {"write": {"device_start": -1, "host_queued_start": 1585661872.461811, "device_queued": -1, "device_end": -1, "host_queued_end": 1585661872.49866}, "device": "gpu", "nd_range": {"device_start": 1585661805.1025789, "device_end": 1585661805.1187851}, "cmdq": 2, "read": {"device_start": -1, "device_end": -1}}, "FFC_sans_bias28": {"write": {"device_start": -1, "host_queued_start": 1585661872.563102, "device_queued": -1, "device_end": -1, "host_queued_end": 1585661872.63439}, "device": "cpu", "nd_range": {"device_start": 2329647.200449319, "device_end": 2329647.2471905393}, "cmdq": 0, "read": {"device_start": -1, "device_end": -1}}, "FFC_sans_bias29": {"write": {"device_start": -1, "host_queued_start": 1585661872.566491, "device_queued": -1, "device_end": -1, "host_queued_end": 1585661872.63439}, "device": "cpu", "nd_range": {"device_start": 2329647.247213589, "device_end": 2329647.2830207893}, "cmdq": 0, "read": {"device_start": -1, "device_end": -1}}, "coalesced_transpose66": {"write": {"device_start": -1, "host_queued_start": 1585661872.456601, "device_queued": -1, "device_end": -1, "host_queued_end": 1585661872.49866}, "device": "gpu", "nd_range": {"device_start": 1585661805.0828757, "device_end": 1585661805.0956695}, "cmdq": 1, "read": {"device_start": -1, "device_end": -1}}, "coalesced_transpose93": {"write": {"device_start": -1, "host_queued_start": 1585661872.457536, "device_queued": -1, "device_end": -1, "host_queued_end": 1585661872.49866}, "device": "gpu", "nd_range": {"device_start": 1585661805.092649, "device_end": 1585661805.0957634}, "cmdq": 4, "read": {"device_start": -1, "device_end": -1}}, "softmax23": {"write": {"device_start": -1, "host_queued_start": 1585661872.605606, "device_queued": -1, "device_end": -1, "host_queued_end": 1585661872.63439}, "device": "cpu", "nd_range": {"device_start": 2329647.9654922313, "device_end": 2329647.965829614}, "cmdq": 0, "read": {"device_start": -1, "device_end": -1}}, "empty62": {"write": {"device_start": -1, "host_queued_start": 1585661872.522346, "device_queued": -1, "device_end": -1, "host_queued_end": 1585661872.63439}, "device": "cpu", "nd_range": {"device_start": 2329646.8241351023, "device_end": 2329646.824137295}, "cmdq": 0, "read": {"device_start": -1, "device_end": -1}}, "FFC_sans_bias10": {"write": {"device_start": -1, "host_queued_start": 1585661872.540771, "device_queued": -1, "device_end": -1, "host_queued_end": 1585661872.63439}, "device": "cpu", "nd_range": {"device_start": 2329646.979906829, "device_end": 2329647.015557366}, "cmdq": 0, "read": {"device_start": -1, "device_end": -1}}, "FFC_sans_bias13": {"write": {"device_start": -1, "host_queued_start": 1585661872.600843, "device_queued": -1, "device_end": -1, "host_queued_end": 1585661872.63439}, "device": "cpu", "nd_range": {"device_start": 2329647.704036259, "device_end": 2329647.746119351}, "cmdq": 0, "read": {"device_start": -1, "device_end": -1}}, "FFC_sans_bias15": {"write": {"device_start": -1, "host_queued_start": 1585661872.609097, "device_queued": -1, "device_end": -1, "host_queued_end": 1585661872.63439}, "device": "cpu", "nd_range": {"device_start": 2329648.01104295, "device_end": 2329648.053006735}, "cmdq": 0, "read": {"device_start": -1, "device_end": -1}}, "FFC_sans_bias16": {"write": {"device_start": -1, "host_queued_start": 1585661872.618682, "device_queued": -1, "device_end": -1, "host_queued_end": 1585661872.63439}, "device": "cpu", "nd_range": {"device_start": 2329648.3197557773, "device_end": 2329648.362963776}, "cmdq": 0, "read": {"device_start": -1, "device_end": -1}}, "FFC_sans_bias19": {"write": {"device_start": -1, "host_queued_start": 1585661872.552342, "device_queued": -1, "device_end": -1, "host_queued_end": 1585661872.63439}, "device": "cpu", "nd_range": {"device_start": 2329647.088451338, "device_end": 2329647.1234602532}, "cmdq": 0, "read": {"device_start": -1, "device_end": -1}}, "FFC_sans_bias18": {"write": {"device_start": -1, "host_queued_start": 1585661872.548209, "device_queued": -1, "device_end": -1, "host_queued_end": 1585661872.63439}, "device": "cpu", "nd_range": {"device_start": 2329647.053172607, "device_end": 2329647.088440158}, "cmdq": 0, "read": {"device_start": -1, "device_end": -1}}, "FFC_sans_bias99": {"write": {"device_start": 1585661805.0344238, "host_queued_start": 1585661872.407822, "device_queued": 1585661805.0112813, "device_end": 1585661805.0345476, "host_queued_end": 1585661872.49866}, "device": "gpu", "nd_range": {"device_start": 1585661805.034556, "device_end": 1585661805.0503204}, "cmdq": 1, "read": {"device_start": -1, "device_end": -1}}, "FFC_sans_bias91": {"write": {"device_start": 1585661805.0278485, "host_queued_start": 1585661872.400829, "device_queued": 1585661805.010446, "device_end": 1585661805.0279624, "host_queued_end": 1585661872.49866}, "device": "gpu", "nd_range": {"device_start": 1585661805.0279715, "device_end": 1585661805.043831}, "cmdq": 4, "read": {"device_start": -1, "device_end": -1}}, "FFC_sans_bias90": {"write": {"device_start": 1585661805.0246317, "host_queued_start": 1585661872.397305, "device_queued": 1585661805.0103204, "device_end": 1585661805.0247333, "host_queued_end": 1585661872.49866}, "device": "gpu", "nd_range": {"device_start": 1585661805.024738, "device_end": 1585661805.0405474}, "cmdq": 3, "read": {"device_start": -1, "device_end": -1}}, "coalesced_transpose12": {"write": {"device_start": -1, "host_queued_start": 1585661872.596644, "device_queued": -1, "device_end": -1, "host_queued_end": 1585661872.63439}, "device": "cpu", "nd_range": {"device_start": 2329647.655376134, "device_end": 2329647.655850652}, "cmdq": 0, "read": {"device_start": -1, "device_end": -1}}, "FFC_sans_bias94": {"write": {"device_start": -1, "host_queued_start": 1585661872.460527, "device_queued": -1, "device_end": -1, "host_queued_end": 1585661872.49866}, "device": "gpu", "nd_range": {"device_start": 1585661805.0959127, "device_end": 1585661805.1058304}, "cmdq": 3, "read": {"device_start": -1, "device_end": -1}}, "FFC_sans_bias97": {"write": {"device_start": 1585661805.1503005, "host_queued_start": 1585661872.481225, "device_queued": 1585661805.0211434, "device_end": 1585661805.150393, "host_queued_end": 1585661872.49866}, "device": "gpu", "nd_range": {"device_start": 1585661805.1504085, "device_end": 1585661805.1658804}, "cmdq": 0, "read": {"device_start": 1585661805.1658878, "device_end": 1585661805.1659777}}, "FFC_sans_bias96": {"write": {"device_start": -1, "host_queued_start": 1585661872.465821, "device_queued": -1, "device_end": -1, "host_queued_end": 1585661872.49866}, "device": "gpu", "nd_range": {"device_start": 1585661805.1273904, "device_end": 1585661805.136681}, "cmdq": 1, "read": {"device_start": -1, "device_end": -1}}, "FFC_sans_bias124": {"write": {"device_start": 1585661805.1631985, "host_queued_start": 1585661872.491568, "device_queued": 1585661805.0220497, "device_end": 1585661805.1632905, "host_queued_end": 1585661872.49866}, "device": "gpu", "nd_range": {"device_start": 1585661805.1633089, "device_end": 1585661805.1788633}, "cmdq": 3, "read": {"device_start": 1585661805.1788688, "device_end": 1585661805.1789603}}, "FFC_sans_bias126": {"write": {"device_start": 1585661805.0669746, "host_queued_start": 1585661872.442496, "device_queued": 1585661805.0139618, "device_end": 1585661805.0670726, "host_queued_end": 1585661872.49866}, "device": "gpu", "nd_range": {"device_start": 1585661805.0670898, "device_end": 1585661805.0828743}, "cmdq": 1, "read": {"device_start": -1, "device_end": -1}}, "softmax32": {"write": {"device_start": -1, "host_queued_start": 1585661872.606122, "device_queued": -1, "device_end": -1, "host_queued_end": 1585661872.63439}, "device": "cpu", "nd_range": {"device_start": 2329647.965957432, "device_end": 2329647.966355121}, "cmdq": 0, "read": {"device_start": -1, "device_end": -1}}, "coalesced_transpose84": {"write": {"device_start": -1, "host_queued_start": 1585661872.457224, "device_queued": -1, "device_end": -1, "host_queued_end": 1585661872.49866}, "device": "gpu", "nd_range": {"device_start": 1585661805.0893834, "device_end": 1585661805.0957444}, "cmdq": 3, "read": {"device_start": -1, "device_end": -1}}, "FFC_sans_bias121": {"write": {"device_start": -1, "host_queued_start": 1585661872.461493, "device_queued": -1, "device_end": -1, "host_queued_end": 1585661872.49866}, "device": "gpu", "nd_range": {"device_start": 1585661805.099258, "device_end": 1585661805.11558}, "cmdq": 1, "read": {"device_start": -1, "device_end": -1}}, "empty98": {"write": {"device_start": 1585661805.0059295, "host_queued_start": 1585661872.349423, "device_queued": 1585661805.0056055, "device_end": 1585661805.0062482, "host_queued_end": 1585661872.49866}, "device": "gpu", "nd_range": {"device_start": 1585661805.0062518, "device_end": 1585661805.0062568}, "cmdq": 3, "read": {"device_start": -1, "device_end": -1}}, "empty107": {"write": {"device_start": 1585661805.0062704, "host_queued_start": 1585661872.35212, "device_queued": 1585661805.0059123, "device_end": 1585661805.0065658, "host_queued_end": 1585661872.49866}, "device": "gpu", "nd_range": {"device_start": 1585661805.0065694, "device_end": 1585661805.0065742}, "cmdq": 4, "read": {"device_start": -1, "device_end": -1}}, "empty17": {"write": {"device_start": -1, "host_queued_start": 1585661872.507254, "device_queued": -1, "device_end": -1, "host_queued_end": 1585661872.63439}, "device": "cpu", "nd_range": {"device_start": 2329646.824061565, "device_end": 2329646.8240640583}, "cmdq": 0, "read": {"device_start": -1, "device_end": -1}}, "FFC_sans_bias87": {"write": {"device_start": -1, "host_queued_start": 1585661872.465427, "device_queued": -1, "device_end": -1, "host_queued_end": 1585661872.49866}, "device": "gpu", "nd_range": {"device_start": 1585661805.126709, "device_end": 1585661805.1301064}, "cmdq": 0, "read": {"device_start": -1, "device_end": -1}}, "FFC_sans_bias85": {"write": {"device_start": -1, "host_queued_start": 1585661872.460132, "device_queued": -1, "device_end": -1, "host_queued_end": 1585661872.49866}, "device": "gpu", "nd_range": {"device_start": 1585661805.0958943, "device_end": 1585661805.1025639}, "cmdq": 2, "read": {"device_start": -1, "device_end": -1}}, "FFC_sans_bias82": {"write": {"device_start": 1585661805.018232, "host_queued_start": 1585661872.390443, "device_queued": 1585661805.0100608, "device_end": 1585661805.0183363, "host_queued_end": 1585661872.49866}, "device": "gpu", "nd_range": {"device_start": 1585661805.0183427, "device_end": 1585661805.0340264}, "cmdq": 1, "read": {"device_start": -1, "device_end": -1}}, "FFC_sans_bias83": {"write": {"device_start": 1585661805.0213563, "host_queued_start": 1585661872.393919, "device_queued": 1585661805.0101874, "device_end": 1585661805.0214624, "host_queued_end": 1585661872.49866}, "device": "gpu", "nd_range": {"device_start": 1585661805.0214682, "device_end": 1585661805.0372982}, "cmdq": 2, "read": {"device_start": -1, "device_end": -1}}, "FFC_sans_bias81": {"write": {"device_start": 1585661805.0148458, "host_queued_start": 1585661872.387027, "device_queued": 1585661805.009827, "device_end": 1585661805.0149436, "host_queued_end": 1585661872.49866}, "device": "gpu", "nd_range": {"device_start": 1585661805.0149462, "device_end": 1585661805.0307503}, "cmdq": 0, "read": {"device_start": -1, "device_end": -1}}, "FFC_sans_bias88": {"write": {"device_start": 1585661805.1596236, "host_queued_start": 1585661872.477801, "device_queued": 1585661805.0204537, "device_end": 1585661805.1597176, "host_queued_end": 1585661872.49866}, "device": "gpu", "nd_range": {"device_start": 1585661805.1597352, "device_end": 1585661805.1723762}, "cmdq": 4, "read": {"device_start": 1585661805.1723802, "device_end": 1585661805.1724694}}, "coalesced_transpose30": {"write": {"device_start": -1, "host_queued_start": 1585661872.597804, "device_queued": -1, "device_end": -1, "host_queued_end": 1585661872.63439}, "device": "cpu", "nd_range": {"device_start": 2329647.656324188, "device_end": 2329647.6567734634}, "cmdq": 0, "read": {"device_start": -1, "device_end": -1}}, "FFC_sans_bias128": {"write": {"device_start": 1585661805.0637536, "host_queued_start": 1585661872.439047, "device_queued": 1585661805.0137117, "device_end": 1585661805.0638528, "host_queued_end": 1585661872.49866}, "device": "gpu", "nd_range": {"device_start": 1585661805.0638685, "device_end": 1585661805.0796762}, "cmdq": 0, "read": {"device_start": -1, "device_end": -1}}, "coalesced_transpose39": {"write": {"device_start": -1, "host_queued_start": 1585661872.598402, "device_queued": -1, "device_end": -1, "host_queued_end": 1585661872.63439}, "device": "cpu", "nd_range": {"device_start": 2329647.656784375, "device_end": 2329647.6572157852}, "cmdq": 0, "read": {"device_start": -1, "device_end": -1}}, "FFC_sans_bias79": {"write": {"device_start": 1585661805.1499298, "host_queued_start": 1585661872.474274, "device_queued": 1585661805.0202553, "device_end": 1585661805.1500292, "host_queued_end": 1585661872.49866}, "device": "gpu", "nd_range": {"device_start": 1585661805.1500444, "device_end": 1585661805.1626673}, "cmdq": 3, "read": {"device_start": 1585661805.1626742, "device_end": 1585661805.1627638}}, "FFC_sans_bias78": {"write": {"device_start": -1, "host_queued_start": 1585661872.465105, "device_queued": -1, "device_end": -1, "host_queued_end": 1585661872.49866}, "device": "gpu", "nd_range": {"device_start": 1585661805.127444, "device_end": 1585661805.1431036}, "cmdq": 4, "read": {"device_start": -1, "device_end": -1}}, "FFC_sans_bias73": {"write": {"device_start": 1585661805.0092096, "host_queued_start": 1585661872.380053, "device_queued": 1585661805.0088441, "device_end": 1585661805.0093167, "host_queued_end": 1585661872.49866}, "device": "gpu", "nd_range": {"device_start": 1585661805.0096123, "device_end": 1585661805.0242488}, "cmdq": 3, "read": {"device_start": -1, "device_end": -1}}, "FFC_sans_bias72": {"write": {"device_start": 1585661805.008864, "host_queued_start": 1585661872.376599, "device_queued": 1585661805.0084896, "device_end": 1585661805.0091581, "host_queued_end": 1585661872.49866}, "device": "gpu", "nd_range": {"device_start": 1585661805.0095012, "device_end": 1585661805.020963}, "cmdq": 2, "read": {"device_start": -1, "device_end": -1}}, "FFC_sans_bias70": {"write": {"device_start": 1585661805.1403818, "host_queued_start": 1585661872.470844, "device_queued": 1585661805.0201168, "device_end": 1585661805.1405096, "host_queued_end": 1585661872.49866}, "device": "gpu", "nd_range": {"device_start": 1585661805.1405282, "device_end": 1585661805.1561375}, "cmdq": 2, "read": {"device_start": 1585661805.1561491, "device_end": 1585661805.156241}}, "FFC_sans_bias76": {"write": {"device_start": -1, "host_queued_start": 1585661872.45981, "device_queued": -1, "device_end": -1, "host_queued_end": 1585661872.49866}, "device": "gpu", "nd_range": {"device_start": 1585661805.095874, "device_end": 1585661805.0992427}, "cmdq": 1, "read": {"device_start": -1, "device_end": -1}}, "FFC_sans_bias74": {"write": {"device_start": 1585661805.0115058, "host_queued_start": 1585661872.383578, "device_queued": 1585661805.0091736, "device_end": 1585661805.0116055, "host_queued_end": 1585661872.49866}, "device": "gpu", "nd_range": {"device_start": 1585661805.0116112, "device_end": 1585661805.0274966}, "cmdq": 4, "read": {"device_start": -1, "device_end": -1}}, "coalesced_transpose102": {"write": {"device_start": -1, "host_queued_start": 1585661872.457864, "device_queued": -1, "device_end": -1, "host_queued_end": 1585661872.49866}, "device": "gpu", "nd_range": {"device_start": 1585661805.0958533, "device_end": 1585661805.095919}, "cmdq": 0, "read": {"device_start": -1, "device_end": -1}}, "coalesced_transpose3": {"write": {"device_start": -1, "host_queued_start": 1585661872.596062, "device_queued": -1, "device_end": -1, "host_queued_end": 1585661872.63439}, "device": "cpu", "nd_range": {"device_start": 2329647.654889551, "device_end": 2329647.6553684142}, "cmdq": 0, "read": {"device_start": -1, "device_end": -1}}, "FFC_sans_bias127": {"write": {"device_start": 1585661805.0702221, "host_queued_start": 1585661872.445933, "device_queued": 1585661805.0140922, "device_end": 1585661805.070322, "host_queued_end": 1585661872.49866}, "device": "gpu", "nd_range": {"device_start": 1585661805.070328, "device_end": 1585661805.0861373}, "cmdq": 2, "read": {"device_start": -1, "device_end": -1}}, "empty89": {"write": {"device_start": 1585661805.005616, "host_queued_start": 1585661872.346657, "device_queued": 1585661805.0051975, "device_end": 1585661805.0058975, "host_queued_end": 1585661872.49866}, "device": "gpu", "nd_range": {"device_start": 1585661805.006013, "device_end": 1585661805.0060954}, "cmdq": 2, "read": {"device_start": -1, "device_end": -1}}, "FFC_sans_bias123": {"write": {"device_start": -1, "host_queued_start": 1585661872.466816, "device_queued": -1, "device_end": -1, "host_queued_end": 1585661872.49866}, "device": "gpu", "nd_range": {"device_start": 1585661805.143118, "device_end": 1585661805.159383}, "cmdq": 4, "read": {"device_start": -1, "device_end": -1}}, "empty80": {"write": {"device_start": 1585661805.0052936, "host_queued_start": 1585661872.343554, "device_queued": 1585661805.004859, "device_end": 1585661805.0055947, "host_queued_end": 1585661872.49866}, "device": "gpu", "nd_range": {"device_start": 1585661805.005969, "device_end": 1585661805.0060468}, "cmdq": 1, "read": {"device_start": -1, "device_end": -1}}, "empty116": {"write": {"device_start": 1585661805.0065918, "host_queued_start": 1585661872.35491, "device_queued": 1585661805.0062637, "device_end": 1585661805.006866, "host_queued_end": 1585661872.49866}, "device": "gpu", "nd_range": {"device_start": 1585661805.0068753, "device_end": 1585661805.006879}, "cmdq": 0, "read": {"device_start": -1, "device_end": -1}}, "softmax104": {"write": {"device_start": -1, "host_queued_start": 1585661872.46348, "device_queued": -1, "device_end": -1, "host_queued_end": 1585661872.49866}, "device": "gpu", "nd_range": {"device_start": 1585661805.1220253, "device_end": 1585661805.1266732}, "cmdq": 3, "read": {"device_start": -1, "device_end": -1}}, "coalesced_transpose21": {"write": {"device_start": -1, "host_queued_start": 1585661872.597225, "device_queued": -1, "device_end": -1, "host_queued_end": 1585661872.63439}, "device": "cpu", "nd_range": {"device_start": 2329647.655857869, "device_end": 2329647.656316548}, "cmdq": 0, "read": {"device_start": -1, "device_end": -1}}, "softmax14": {"write": {"device_start": -1, "host_queued_start": 1585661872.605071, "device_queued": -1, "device_end": -1, "host_queued_end": 1585661872.63439}, "device": "cpu", "nd_range": {"device_start": 2329647.9650301794, "device_end": 2329647.96535792}, "cmdq": 0, "read": {"device_start": -1, "device_end": -1}}, "FFC_sans_bias69": {"write": {"device_start": -1, "host_queued_start": 1585661872.464789, "device_queued": -1, "device_end": -1, "host_queued_end": 1585661872.49866}, "device": "gpu", "nd_range": {"device_start": 1585661805.1267273, "device_end": 1585661805.1333911}, "cmdq": 3, "read": {"device_start": -1, "device_end": -1}}, "FFC_sans_bias92": {"write": {"device_start": 1585661805.0311003, "host_queued_start": 1585661872.404341, "device_queued": 1585661805.011001, "device_end": 1585661805.0311987, "host_queued_end": 1585661872.49866}, "device": "gpu", "nd_range": {"device_start": 1585661805.0312154, "device_end": 1585661805.0470834}, "cmdq": 0, "read": {"device_start": -1, "device_end": -1}}, "FFC_sans_bias60": {"write": {"device_start": -1, "host_queued_start": 1585661872.612261, "device_queued": -1, "device_end": -1, "host_queued_end": 1585661872.63439}, "device": "cpu", "nd_range": {"device_start": 2329648.230662207, "device_end": 2329648.2754563303}, "cmdq": 0, "read": {"device_start": -1, "device_end": -1}}, "FFC_sans_bias61": {"write": {"device_start": -1, "host_queued_start": 1585661872.634336, "device_queued": -1, "device_end": -1, "host_queued_end": 1585661872.63439}, "device": "cpu", "nd_range": {"device_start": 2329648.536537393, "device_end": 2329648.578594246}, "cmdq": 0, "read": {"device_start": -1, "device_end": -1}}, "FFC_sans_bias63": {"write": {"device_start": 1585661805.0085332, "host_queued_start": 1585661872.373104, "device_queued": 1585661805.008186, "device_end": 1585661805.0088284, "host_queued_end": 1585661872.49866}, "device": "gpu", "nd_range": {"device_start": 1585661805.0093353, "device_end": 1585661805.017855}, "cmdq": 1, "read": {"device_start": -1, "device_end": -1}}, "FFC_sans_bias64": {"write": {"device_start": 1585661805.0077503, "host_queued_start": 1585661872.366151, "device_queued": 1585661805.0074499, "device_end": 1585661805.0078492, "host_queued_end": 1585661872.49866}, "device": "gpu", "nd_range": {"device_start": 1585661805.007858, "device_end": 1585661805.0112123}, "cmdq": 4, "read": {"device_start": -1, "device_end": -1}}, "FFC_sans_bias65": {"write": {"device_start": 1585661805.0081882, "host_queued_start": 1585661872.369624, "device_queued": 1585661805.0078683, "device_end": 1585661805.0084774, "host_queued_end": 1585661872.49866}, "device": "gpu", "nd_range": {"device_start": 1585661805.0084844, "device_end": 1585661805.014535}, "cmdq": 0, "read": {"device_start": -1, "device_end": -1}}, "FFC_sans_bias67": {"write": {"device_start": -1, "host_queued_start": 1585661872.45949, "device_queued": -1, "device_end": -1, "host_queued_end": 1585661872.49866}, "device": "gpu", "nd_range": {"device_start": 1585661805.0959346, "device_end": 1585661805.1089725}, "cmdq": 0, "read": {"device_start": -1, "device_end": -1}}, "coalesced_transpose111": {"write": {"device_start": -1, "host_queued_start": 1585661872.458224, "device_queued": -1, "device_end": -1, "host_queued_end": 1585661872.49866}, "device": "gpu", "nd_range": {"device_start": 1585661805.095679, "device_end": 1585661805.0957854}, "cmdq": 1, "read": {"device_start": -1, "device_end": -1}}, "FFC_sans_bias136": {"write": {"device_start": 1585661805.07352, "host_queued_start": 1585661872.449368, "device_queued": 1585661805.0142212, "device_end": 1585661805.073621, "host_queued_end": 1585661872.49866}, "device": "gpu", "nd_range": {"device_start": 1585661805.0736294, "device_end": 1585661805.0893779}, "cmdq": 3, "read": {"device_start": -1, "device_end": -1}}, "FFC_sans_bias135": {"write": {"device_start": 1585661805.0800683, "host_queued_start": 1585661872.456253, "device_queued": 1585661805.0152607, "device_end": 1585661805.0801675, "host_queued_end": 1585661872.49866}, "device": "gpu", "nd_range": {"device_start": 1585661805.0801828, "device_end": 1585661805.0958428}, "cmdq": 0, "read": {"device_start": -1, "device_end": -1}}, "FFC_sans_bias133": {"write": {"device_start": 1585661805.172972, "host_queued_start": 1585661872.495053, "device_queued": 1585661805.022186, "device_end": 1585661805.173226, "host_queued_end": 1585661872.49866}, "device": "gpu", "nd_range": {"device_start": 1585661805.1732442, "device_end": 1585661805.1853273}, "cmdq": 4, "read": {"device_start": 1585661805.185331, "device_end": 1585661805.1854162}}, "FFC_sans_bias132": {"write": {"device_start": -1, "host_queued_start": 1585661872.467143, "device_queued": -1, "device_end": -1, "host_queued_end": 1585661872.49866}, "device": "gpu", "nd_range": {"device_start": 1585661805.130121, "device_end": 1585661805.1463964}, "cmdq": 0, "read": {"device_start": -1, "device_end": -1}}, "softmax68": {"write": {"device_start": -1, "host_queued_start": 1585661872.462389, "device_queued": -1, "device_end": -1, "host_queued_end": 1585661872.49866}, "device": "gpu", "nd_range": {"device_start": 1585661805.1123097, "device_end": 1585661805.1266782}, "cmdq": 4, "read": {"device_start": -1, "device_end": -1}}, "softmax131": {"write": {"device_start": -1, "host_queued_start": 1585661872.464227, "device_queued": -1, "device_end": -1, "host_queued_end": 1585661872.49866}, "device": "gpu", "nd_range": {"device_start": 1585661805.1266525, "device_end": 1585661805.127376}, "cmdq": 1, "read": {"device_start": -1, "device_end": -1}}, "empty125": {"write": {"device_start": 1585661805.0068827, "host_queued_start": 1585661872.357621, "device_queued": 1585661805.0065799, "device_end": 1585661805.0071473, "host_queued_end": 1585661872.49866}, "device": "gpu", "nd_range": {"device_start": 1585661805.0074995, "device_end": 1585661805.0075626}, "cmdq": 1, "read": {"device_start": -1, "device_end": -1}}, "FFC_sans_bias139": {"write": {"device_start": -1, "host_queued_start": 1585661872.462134, "device_queued": -1, "device_end": -1, "host_queued_end": 1585661872.49866}, "device": "gpu", "nd_range": {"device_start": 1585661805.1058464, "device_end": 1585661805.12201}, "cmdq": 3, "read": {"device_start": -1, "device_end": -1}}, "empty35": {"write": {"device_start": -1, "host_queued_start": 1585661872.513216, "device_queued": -1, "device_end": -1, "host_queued_end": 1585661872.63439}, "device": "cpu", "nd_range": {"device_start": 2329646.824092024, "device_end": 2329646.8240939584}, "cmdq": 0, "read": {"device_start": -1, "device_end": -1}}, "softmax86": {"write": {"device_start": -1, "host_queued_start": 1585661872.462955, "device_queued": -1, "device_end": -1, "host_queued_end": 1585661872.49866}, "device": "gpu", "nd_range": {"device_start": 1585661805.1155963, "device_end": 1585661805.1266384}, "cmdq": 1, "read": {"device_start": -1, "device_end": -1}}, "FFC_sans_bias55": {"write": {"device_start": -1, "host_queued_start": 1585661872.595694, "device_queued": -1, "device_end": -1, "host_queued_end": 1585661872.63439}, "device": "cpu", "nd_range": {"device_start": 2329647.6127368473, "device_end": 2329647.6548670703}, "cmdq": 0, "read": {"device_start": -1, "device_end": -1}}, "FFC_sans_bias54": {"write": {"device_start": -1, "host_queued_start": 1585661872.592533, "device_queued": -1, "device_end": -1, "host_queued_end": 1585661872.63439}, "device": "cpu", "nd_range": {"device_start": 2329647.5706384, "device_end": 2329647.612716201}, "cmdq": 0, "read": {"device_start": -1, "device_end": -1}}, "FFC_sans_bias56": {"write": {"device_start": -1, "host_queued_start": 1585661872.589189, "device_queued": -1, "device_end": -1, "host_queued_end": 1585661872.63439}, "device": "cpu", "nd_range": {"device_start": 2329647.52610526, "device_end": 2329647.5706166583}, "cmdq": 0, "read": {"device_start": -1, "device_end": -1}}, "FFC_sans_bias51": {"write": {"device_start": -1, "host_queued_start": 1585661872.611662, "device_queued": -1, "device_end": -1, "host_queued_end": 1585661872.63439}, "device": "cpu", "nd_range": {"device_start": 2329648.179788316, "device_end": 2329648.23061779}, "cmdq": 0, "read": {"device_start": -1, "device_end": -1}}, "FFC_sans_bias52": {"write": {"device_start": -1, "host_queued_start": 1585661872.631185, "device_queued": -1, "device_end": -1, "host_queued_end": 1585661872.63439}, "device": "cpu", "nd_range": {"device_start": 2329648.493159486, "device_end": 2329648.536524712}, "cmdq": 0, "read": {"device_start": -1, "device_end": -1}}, "FFC_sans_bias58": {"write": {"device_start": -1, "host_queued_start": 1585661872.604029, "device_queued": -1, "device_end": -1, "host_queued_end": 1585661872.63439}, "device": "cpu", "nd_range": {"device_start": 2329647.9224506384, "device_end": 2329647.964409374}, "cmdq": 0, "read": {"device_start": -1, "device_end": -1}}, "FFC_sans_bias108": {"write": {"device_start": 1585661805.0442228, "host_queued_start": 1585661872.418159, "device_queued": 1585661805.0118012, "device_end": 1585661805.0443237, "host_queued_end": 1585661872.49866}, "device": "gpu", "nd_range": {"device_start": 1585661805.0443318, "device_end": 1585661805.060116}, "cmdq": 4, "read": {"device_start": -1, "device_end": -1}}, "FFC_sans_bias109": {"write": {"device_start": 1585661805.0474513, "host_queued_start": 1585661872.421803, "device_queued": 1585661805.012454, "device_end": 1585661805.0475516, "host_queued_end": 1585661872.49866}, "device": "gpu", "nd_range": {"device_start": 1585661805.0475674, "device_end": 1585661805.063376}, "cmdq": 0, "read": {"device_start": -1, "device_end": -1}}, "coalesced_transpose129": {"write": {"device_start": -1, "host_queued_start": 1585661872.458846, "device_queued": -1, "device_end": -1, "host_queued_end": 1585661872.49866}, "device": "gpu", "nd_range": {"device_start": 1585661805.0957596, "device_end": 1585661805.0958285}, "cmdq": 3, "read": {"device_start": -1, "device_end": -1}}, "FFC_sans_bias103": {"write": {"device_start": -1, "host_queued_start": 1585661872.46085, "device_queued": -1, "device_end": -1, "host_queued_end": 1585661872.49866}, "device": "gpu", "nd_range": {"device_start": 1585661805.0959644, "device_end": 1585661805.1122932}, "cmdq": 4, "read": {"device_start": -1, "device_end": -1}}, "FFC_sans_bias100": {"write": {"device_start": 1585661805.037649, "host_queued_start": 1585661872.411291, "device_queued": 1585661805.0114255, "device_end": 1585661805.0377495, "host_queued_end": 1585661872.49866}, "device": "gpu", "nd_range": {"device_start": 1585661805.0377648, "device_end": 1585661805.0535784}, "cmdq": 2, "read": {"device_start": -1, "device_end": -1}}, "FFC_sans_bias101": {"write": {"device_start": 1585661805.0409076, "host_queued_start": 1585661872.414706, "device_queued": 1585661805.0116715, "device_end": 1585661805.0410054, "host_queued_end": 1585661872.49866}, "device": "gpu", "nd_range": {"device_start": 1585661805.0410235, "device_end": 1585661805.0568414}, "cmdq": 3, "read": {"device_start": -1, "device_end": -1}}, "FFC_sans_bias106": {"write": {"device_start": 1585661805.1531184, "host_queued_start": 1585661872.48468, "device_queued": 1585661805.0214849, "device_end": 1585661805.1532097, "host_queued_end": 1585661872.49866}, "device": "gpu", "nd_range": {"device_start": 1585661805.1532266, "device_end": 1585661805.169138}, "cmdq": 1, "read": {"device_start": 1585661805.1726959, "device_end": 1585661805.172912}}, "softmax122": {"write": {"device_start": -1, "host_queued_start": 1585661872.463979, "device_queued": -1, "device_end": -1, "host_queued_end": 1585661872.49866}, "device": "gpu", "nd_range": {"device_start": 1585661805.1257482, "device_end": 1585661805.1261792}, "cmdq": 0, "read": {"device_start": -1, "device_end": -1}}, "FFC_sans_bias105": {"write": {"device_start": -1, "host_queued_start": 1585661872.46616, "device_queued": -1, "device_end": -1, "host_queued_end": 1585661872.49866}, "device": "gpu", "nd_range": {"device_start": 1585661805.1274073, "device_end": 1585661805.1398726}, "cmdq": 2, "read": {"device_start": -1, "device_end": -1}}, "softmax95": {"write": {"device_start": -1, "host_queued_start": 1585661872.463226, "device_queued": -1, "device_end": -1, "host_queued_end": 1585661872.49866}, "device": "gpu", "nd_range": {"device_start": 1585661805.1188002, "device_end": 1585661805.1266546}, "cmdq": 2, "read": {"device_start": -1, "device_end": -1}}, "coalesced_transpose57": {"write": {"device_start": -1, "host_queued_start": 1585661872.599576, "device_queued": -1, "device_end": -1, "host_queued_end": 1585661872.63439}, "device": "cpu", "nd_range": {"device_start": 2329647.657665498, "device_end": 2329647.658093768}, "cmdq": 0, "read": {"device_start": -1, "device_end": -1}}, "empty26": {"write": {"device_start": -1, "host_queued_start": 1585661872.510199, "device_queued": -1, "device_end": -1, "host_queued_end": 1585661872.63439}, "device": "cpu", "nd_range": {"device_start": 2329646.824078379, "device_end": 2329646.824080225}, "cmdq": 0, "read": {"device_start": -1, "device_end": -1}}, "softmax113": {"write": {"device_start": -1, "host_queued_start": 1585661872.463728, "device_queued": -1, "device_end": -1, "host_queued_end": 1585661872.49866}, "device": "gpu", "nd_range": {"device_start": 1585661805.1266928, "device_end": 1585661805.1274295}, "cmdq": 4, "read": {"device_start": -1, "device_end": -1}}, "FFC_sans_bias11": {"write": {"device_start": -1, "host_queued_start": 1585661872.544528, "device_queued": -1, "device_end": -1, "host_queued_end": 1585661872.63439}, "device": "cpu", "nd_range": {"device_start": 2329647.0155777032, "device_end": 2329647.0531510753}, "cmdq": 0, "read": {"device_start": -1, "device_end": -1}}, "FFC_sans_bias42": {"write": {"device_start": -1, "host_queued_start": 1585661872.610988, "device_queued": -1, "device_end": -1, "host_queued_end": 1585661872.63439}, "device": "cpu", "nd_range": {"device_start": 2329648.1367959683, "device_end": 2329648.179762031}, "cmdq": 0, "read": {"device_start": -1, "device_end": -1}}, "FFC_sans_bias43": {"write": {"device_start": -1, "host_queued_start": 1585661872.628109, "device_queued": -1, "device_end": -1, "host_queued_end": 1585661872.63439}, "device": "cpu", "nd_range": {"device_start": 2329648.4498408213, "device_end": 2329648.4931535143}, "cmdq": 0, "read": {"device_start": -1, "device_end": -1}}, "FFC_sans_bias40": {"write": {"device_start": -1, "host_queued_start": 1585661872.602797, "device_queued": -1, "device_end": -1, "host_queued_end": 1585661872.63439}, "device": "cpu", "nd_range": {"device_start": 2329647.830926121, "device_end": 2329647.879995474}, "cmdq": 0, "read": {"device_start": -1, "device_end": -1}}, "FFC_sans_bias46": {"write": {"device_start": -1, "host_queued_start": 1585661872.58286, "device_queued": -1, "device_end": -1, "host_queued_end": 1585661872.63439}, "device": "cpu", "nd_range": {"device_start": 2329647.4419892663, "device_end": 2329647.484185479}, "cmdq": 0, "read": {"device_start": -1, "device_end": -1}}, "FFC_sans_bias47": {"write": {"device_start": -1, "host_queued_start": 1585661872.586023, "device_queued": -1, "device_end": -1, "host_queued_end": 1585661872.63439}, "device": "cpu", "nd_range": {"device_start": 2329647.484205942, "device_end": 2329647.526079597}, "cmdq": 0, "read": {"device_start": -1, "device_end": -1}}, "FFC_sans_bias45": {"write": {"device_start": -1, "host_queued_start": 1585661872.579635, "device_queued": -1, "device_end": -1, "host_queued_end": 1585661872.63439}, "device": "cpu", "nd_range": {"device_start": 2329647.399608468, "device_end": 2329647.4419623963}, "cmdq": 0, "read": {"device_start": -1, "device_end": -1}}, "FFC_sans_bias49": {"write": {"device_start": -1, "host_queued_start": 1585661872.603392, "device_queued": -1, "device_end": -1, "host_queued_end": 1585661872.63439}, "device": "cpu", "nd_range": {"device_start": 2329647.880018053, "device_end": 2329647.9224312333}, "cmdq": 0, "read": {"device_start": -1, "device_end": -1}}, "softmax77": {"write": {"device_start": -1, "host_queued_start": 1585661872.462649, "device_queued": -1, "device_end": -1, "host_queued_end": 1585661872.49866}, "device": "gpu", "nd_range": {"device_start": 1585661805.1253145, "device_end": 1585661805.1257327}, "cmdq": 0, "read": {"device_start": -1, "device_end": -1}}, "empty134": {"write": {"device_start": 1585661805.0071695, "host_queued_start": 1585661872.36041, "device_queued": 1585661805.006878, "device_end": 1585661805.0074384, "host_queued_end": 1585661872.49866}, "device": "gpu", "nd_range": {"device_start": 1585661805.007536, "device_end": 1585661805.0075848}, "cmdq": 2, "read": {"device_start": -1, "device_end": -1}}, "coalesced_transpose138": {"write": {"device_start": -1, "host_queued_start": 1585661872.45915, "device_queued": -1, "device_end": -1, "host_queued_end": 1585661872.49866}, "device": "gpu", "nd_range": {"device_start": 1585661805.0957797, "device_end": 1585661805.095841}, "cmdq": 4, "read": {"device_start": -1, "device_end": -1}}, "FFC_sans_bias119": {"write": {"device_start": 1585661805.060483, "host_queued_start": 1585661872.435541, "device_queued": 1585661805.0131443, "device_end": 1585661805.0605834, "host_queued_end": 1585661872.49866}, "device": "gpu", "nd_range": {"device_start": 1585661805.0605905, "device_end": 1585661805.0763946}, "cmdq": 4, "read": {"device_start": -1, "device_end": -1}}, "FFC_sans_bias118": {"write": {"device_start": 1585661805.0572495, "host_queued_start": 1585661872.432122, "device_queued": 1585661805.0130172, "device_end": 1585661805.05737, "host_queued_end": 1585661872.49866}, "device": "gpu", "nd_range": {"device_start": 1585661805.0573895, "device_end": 1585661805.0731392}, "cmdq": 3, "read": {"device_start": -1, "device_end": -1}}, "empty143": {"write": {"device_start": 1585661805.0074558, "host_queued_start": 1585661872.363198, "device_queued": 1585661805.0071602, "device_end": 1585661805.007725, "host_queued_end": 1585661872.49866}, "device": "gpu", "nd_range": {"device_start": 1585661805.0077355, "device_end": 1585661805.007739}, "cmdq": 3, "read": {"device_start": -1, "device_end": -1}}, "FFC_sans_bias115": {"write": {"device_start": 1585661805.1599433, "host_queued_start": 1585661872.488147, "device_queued": 1585661805.0219116, "device_end": 1585661805.1600358, "host_queued_end": 1585661872.49866}, "device": "gpu", "nd_range": {"device_start": 1585661805.1600523, "device_end": 1585661805.1756146}, "cmdq": 2, "read": {"device_start": 1585661805.1756172, "device_end": 1585661805.1757038}}, "FFC_sans_bias114": {"write": {"device_start": -1, "host_queued_start": 1585661872.466486, "device_queued": -1, "device_end": -1, "host_queued_end": 1585661872.49866}, "device": "gpu", "nd_range": {"device_start": 1585661805.1334062, "device_end": 1585661805.1496484}, "cmdq": 3, "read": {"device_start": -1, "device_end": -1}}, "FFC_sans_bias117": {"write": {"device_start": 1585661805.0539577, "host_queued_start": 1585661872.42862, "device_queued": 1585661805.0128891, "device_end": 1585661805.0540583, "host_queued_end": 1585661872.49866}, "device": "gpu", "nd_range": {"device_start": 1585661805.0540626, "device_end": 1585661805.0698457}, "cmdq": 2, "read": {"device_start": -1, "device_end": -1}}, "softmax5": {"write": {"device_start": -1, "host_queued_start": 1585661872.60455, "device_queued": -1, "device_end": -1, "host_queued_end": 1585661872.63439}, "device": "cpu", "nd_range": {"device_start": 2329647.964432193, "device_end": 2329647.9648580453}, "cmdq": 0, "read": {"device_start": -1, "device_end": -1}}, "FFC_sans_bias110": {"write": {"device_start": 1585661805.0506802, "host_queued_start": 1585661872.425258, "device_queued": 1585661805.0127544, "device_end": 1585661805.0507803, "host_queued_end": 1585661872.49866}, "device": "gpu", "nd_range": {"device_start": 1585661805.0507963, "device_end": 1585661805.066595}, "cmdq": 1, "read": {"device_start": -1, "device_end": -1}}, "FFC_sans_bias112": {"write": {"device_start": -1, "host_queued_start": 1585661872.46117, "device_queued": -1, "device_end": -1, "host_queued_end": 1585661872.49866}, "device": "gpu", "nd_range": {"device_start": 1585661805.1089895, "device_end": 1585661805.1253006}, "cmdq": 0, "read": {"device_start": -1, "device_end": -1}}, "empty53": {"write": {"device_start": -1, "host_queued_start": 1585661872.519485, "device_queued": -1, "device_end": -1, "host_queued_end": 1585661872.63439}, "device": "cpu", "nd_range": {"device_start": 2329646.8241180223, "device_end": 2329646.824120224}, "cmdq": 0, "read": {"device_start": -1, "device_end": -1}}, "coalesced_transpose48": {"write": {"device_start": -1, "host_queued_start": 1585661872.598984, "device_queued": -1, "device_end": -1, "host_queued_end": 1585661872.63439}, "device": "cpu", "nd_range": {"device_start": 2329647.6572223282, "device_end": 2329647.6576579344}, "cmdq": 0, "read": {"device_start": -1, "device_end": -1}}}