{"FFC_sans_bias4": {"write": {"device_start": -1, "host_queued_start": 1585623376.849258, "device_queued": -1, "device_end": -1, "host_queued_end": 1585623376.865017}, "device": "cpu", "nd_range": {"device_start": 2291151.1549752033, "device_end": 2291151.1606226643}, "cmdq": 1, "read": {"device_start": -1, "device_end": -1}}, "FFC_sans_bias7": {"write": {"device_start": -1, "host_queued_start": 1585623376.857905, "device_queued": -1, "device_end": -1, "host_queued_end": 1585623376.865017}, "device": "cpu", "nd_range": {"device_start": 2291151.2504795403, "device_end": 2291151.26598782}, "cmdq": 1, "read": {"device_start": -1, "device_end": -1}}, "FFC_sans_bias6": {"write": {"device_start": -1, "host_queued_start": 1585623376.854359, "device_queued": -1, "device_end": -1, "host_queued_end": 1585623376.865017}, "device": "cpu", "nd_range": {"device_start": 2291151.215648016, "device_end": 2291151.249411255}, "cmdq": 2, "read": {"device_start": -1, "device_end": -1}}, "FFC_sans_bias1": {"write": {"device_start": -1, "host_queued_start": 1585623376.822627, "device_queued": -1, "device_end": -1, "host_queued_end": 1585623376.865017}, "device": "cpu", "nd_range": {"device_start": 2291151.0546833803, "device_end": 2291151.0672673383}, "cmdq": 0, "read": {"device_start": -1, "device_end": -1}}, "FFC_sans_bias0": {"write": {"device_start": -1, "host_queued_start": 1585623376.821531, "device_queued": -1, "device_end": -1, "host_queued_end": 1585623376.865017}, "device": "cpu", "nd_range": {"device_start": 2291151.054677022, "device_end": 2291151.068852556}, "cmdq": 2, "read": {"device_start": -1, "device_end": -1}}, "FFC_sans_bias2": {"write": {"device_start": -1, "host_queued_start": 1585623376.823695, "device_queued": -1, "device_end": -1, "host_queued_end": 1585623376.865017}, "device": "cpu", "nd_range": {"device_start": 2291151.05472127, "device_end": 2291151.063357829}, "cmdq": 1, "read": {"device_start": -1, "device_end": -1}}, "FFC_sans_bias9": {"write": {"device_start": -1, "host_queued_start": 1585623376.824751, "device_queued": -1, "device_end": -1, "host_queued_end": 1585623376.865017}, "device": "cpu", "nd_range": {"device_start": 2291151.071875012, "device_end": 2291151.0830307812}, "cmdq": 2, "read": {"device_start": -1, "device_end": -1}}, "empty71": {"write": {"device_start": -1, "host_queued_start": 1585623376.820569, "device_queued": -1, "device_end": -1, "host_queued_end": 1585623376.865017}, "device": "cpu", "nd_range": {"device_start": 2291151.054716404, "device_end": 2291151.054716925}, "cmdq": 1, "read": {"device_start": -1, "device_end": -1}}, "softmax41": {"write": {"device_start": -1, "host_queued_start": 1585623376.853131, "device_queued": -1, "device_end": -1, "host_queued_end": 1585623376.865017}, "device": "cpu", "nd_range": {"device_start": 2291151.2086069384, "device_end": 2291151.208824527}, "cmdq": 1, "read": {"device_start": -1, "device_end": -1}}, "FFC_sans_bias37": {"write": {"device_start": -1, "host_queued_start": 1585623376.835508, "device_queued": -1, "device_end": -1, "host_queued_end": 1585623376.865017}, "device": "cpu", "nd_range": {"device_start": 2291151.1164190373, "device_end": 2291151.131607892}, "cmdq": 0, "read": {"device_start": -1, "device_end": -1}}, "FFC_sans_bias36": {"write": {"device_start": -1, "host_queued_start": 1585623376.834414, "device_queued": -1, "device_end": -1, "host_queued_end": 1585623376.865017}, "device": "cpu", "nd_range": {"device_start": 2291151.103485727, "device_end": 2291151.116937578}, "cmdq": 2, "read": {"device_start": -1, "device_end": -1}}, "FFC_sans_bias34": {"write": {"device_start": -1, "host_queued_start": 1585623376.860928, "device_queued": -1, "device_end": -1, "host_queued_end": 1585623376.865017}, "device": "cpu", "nd_range": {"device_start": 2291151.266072518, "device_end": 2291151.2739780704}, "cmdq": 1, "read": {"device_start": -1, "device_end": -1}}, "FFC_sans_bias33": {"write": {"device_start": -1, "host_queued_start": 1585623376.855408, "device_queued": -1, "device_end": -1, "host_queued_end": 1585623376.865017}, "device": "cpu", "nd_range": {"device_start": 2291151.2494288962, "device_end": 2291151.2655052133}, "cmdq": 2, "read": {"device_start": -1, "device_end": -1}}, "FFC_sans_bias31": {"write": {"device_start": -1, "host_queued_start": 1585623376.850338, "device_queued": -1, "device_end": -1, "host_queued_end": 1585623376.865017}, "device": "cpu", "nd_range": {"device_start": 2291151.1606429913, "device_end": 2291151.1692268983}, "cmdq": 1, "read": {"device_start": -1, "device_end": -1}}, "FFC_sans_bias38": {"write": {"device_start": -1, "host_queued_start": 1585623376.836589, "device_queued": -1, "device_end": -1, "host_queued_end": 1585623376.865017}, "device": "cpu", "nd_range": {"device_start": 2291151.102698049, "device_end": 2291151.113213694}, "cmdq": 1, "read": {"device_start": -1, "device_end": -1}}, "coalesced_transpose75": {"write": {"device_start": -1, "host_queued_start": 1585623376.808664, "device_queued": -1, "device_end": -1, "host_queued_end": 1585623376.812964}, "device": "gpu", "nd_range": {"device_start": 1585623310.3752487, "device_end": 1585623310.3761122}, "cmdq": 2, "read": {"device_start": -1, "device_end": -1}}, "empty44": {"write": {"device_start": -1, "host_queued_start": 1585623376.817909, "device_queued": -1, "device_end": -1, "host_queued_end": 1585623376.865017}, "device": "cpu", "nd_range": {"device_start": 2291151.0547089493, "device_end": 2291151.054709901}, "cmdq": 1, "read": {"device_start": -1, "device_end": -1}}, "empty8": {"write": {"device_start": -1, "host_queued_start": 1585623376.814287, "device_queued": -1, "device_end": -1, "host_queued_end": 1585623376.865017}, "device": "cpu", "nd_range": {"device_start": 2291151.0546324044, "device_end": 2291151.0546458983}, "cmdq": 0, "read": {"device_start": -1, "device_end": -1}}, "softmax50": {"write": {"device_start": -1, "host_queued_start": 1585623376.853456, "device_queued": -1, "device_end": -1, "host_queued_end": 1585623376.865017}, "device": "cpu", "nd_range": {"device_start": 2291151.2154273014, "device_end": 2291151.215641035}, "cmdq": 2, "read": {"device_start": -1, "device_end": -1}}, "softmax59": {"write": {"device_start": -1, "host_queued_start": 1585623376.853739, "device_queued": -1, "device_end": -1, "host_queued_end": 1585623376.865017}, "device": "cpu", "nd_range": {"device_start": 2291151.200391752, "device_end": 2291151.200637158}, "cmdq": 0, "read": {"device_start": -1, "device_end": -1}}, "FFC_sans_bias24": {"write": {"device_start": -1, "host_queued_start": 1585623376.855058, "device_queued": -1, "device_end": -1, "host_queued_end": 1585623376.865017}, "device": "cpu", "nd_range": {"device_start": 2291151.2188470983, "device_end": 2291151.234480482}, "cmdq": 1, "read": {"device_start": -1, "device_end": -1}}, "FFC_sans_bias25": {"write": {"device_start": -1, "host_queued_start": 1585623376.859921, "device_queued": -1, "device_end": -1, "host_queued_end": 1585623376.865017}, "device": "cpu", "nd_range": {"device_start": 2291151.236142355, "device_end": 2291151.2513629743}, "cmdq": 0, "read": {"device_start": -1, "device_end": -1}}, "FFC_sans_bias27": {"write": {"device_start": -1, "host_queued_start": 1585623376.831237, "device_queued": -1, "device_end": -1, "host_queued_end": 1585623376.865017}, "device": "cpu", "nd_range": {"device_start": 2291151.0908040823, "device_end": 2291151.103373921}, "cmdq": 2, "read": {"device_start": -1, "device_end": -1}}, "FFC_sans_bias20": {"write": {"device_start": -1, "host_queued_start": 1585623376.830067, "device_queued": -1, "device_end": -1, "host_queued_end": 1585623376.865017}, "device": "cpu", "nd_range": {"device_start": 2291151.075281496, "device_end": 2291151.090568472}, "cmdq": 1, "read": {"device_start": -1, "device_end": -1}}, "FFC_sans_bias22": {"write": {"device_start": -1, "host_queued_start": 1585623376.849992, "device_queued": -1, "device_end": -1, "host_queued_end": 1585623376.865017}, "device": "cpu", "nd_range": {"device_start": 2291151.176936428, "device_end": 2291151.190272727}, "cmdq": 0, "read": {"device_start": -1, "device_end": -1}}, "FFC_sans_bias28": {"write": {"device_start": -1, "host_queued_start": 1585623376.83229, "device_queued": -1, "device_end": -1, "host_queued_end": 1585623376.865017}, "device": "cpu", "nd_range": {"device_start": 2291151.100157531, "device_end": 2291151.116074971}, "cmdq": 0, "read": {"device_start": -1, "device_end": -1}}, "FFC_sans_bias29": {"write": {"device_start": -1, "host_queued_start": 1585623376.833354, "device_queued": -1, "device_end": -1, "host_queued_end": 1585623376.865017}, "device": "cpu", "nd_range": {"device_start": 2291151.090589928, "device_end": 2291151.102576423}, "cmdq": 1, "read": {"device_start": -1, "device_end": -1}}, "coalesced_transpose66": {"write": {"device_start": -1, "host_queued_start": 1585623376.848896, "device_queued": -1, "device_end": -1, "host_queued_end": 1585623376.865017}, "device": "cpu", "nd_range": {"device_start": 2291151.1765587893, "device_end": 2291151.176819667}, "cmdq": 0, "read": {"device_start": -1, "device_end": -1}}, "softmax23": {"write": {"device_start": -1, "host_queued_start": 1585623376.852576, "device_queued": -1, "device_end": -1, "host_queued_end": 1585623376.865017}, "device": "cpu", "nd_range": {"device_start": 2291151.2151987483, "device_end": 2291151.215419637}, "cmdq": 2, "read": {"device_start": -1, "device_end": -1}}, "empty62": {"write": {"device_start": -1, "host_queued_start": 1585623376.819654, "device_queued": -1, "device_end": -1, "host_queued_end": 1585623376.865017}, "device": "cpu", "nd_range": {"device_start": 2291151.05467602, "device_end": 2291151.0546767833}, "cmdq": 0, "read": {"device_start": -1, "device_end": -1}}, "FFC_sans_bias10": {"write": {"device_start": -1, "host_queued_start": 1585623376.825805, "device_queued": -1, "device_end": -1, "host_queued_end": 1585623376.865017}, "device": "cpu", "nd_range": {"device_start": 2291151.067918188, "device_end": 2291151.0843711803}, "cmdq": 0, "read": {"device_start": -1, "device_end": -1}}, "FFC_sans_bias13": {"write": {"device_start": -1, "host_queued_start": 1585623376.849642, "device_queued": -1, "device_end": -1, "host_queued_end": 1585623376.865017}, "device": "cpu", "nd_range": {"device_start": 2291151.17540689, "device_end": 2291151.18304922}, "cmdq": 2, "read": {"device_start": -1, "device_end": -1}}, "FFC_sans_bias15": {"write": {"device_start": -1, "host_queued_start": 1585623376.854711, "device_queued": -1, "device_end": -1, "host_queued_end": 1585623376.865017}, "device": "cpu", "nd_range": {"device_start": 2291151.20064564, "device_end": 2291151.2093574014}, "cmdq": 0, "read": {"device_start": -1, "device_end": -1}}, "FFC_sans_bias16": {"write": {"device_start": -1, "host_queued_start": 1585623376.858918, "device_queued": -1, "device_end": -1, "host_queued_end": 1585623376.865017}, "device": "cpu", "nd_range": {"device_start": 2291151.276363862, "device_end": 2291151.2858468792}, "cmdq": 2, "read": {"device_start": -1, "device_end": -1}}, "FFC_sans_bias19": {"write": {"device_start": -1, "host_queued_start": 1585623376.829002, "device_queued": -1, "device_end": -1, "host_queued_end": 1585623376.865017}, "device": "cpu", "nd_range": {"device_start": 2291151.084768047, "device_end": 2291151.0996392253}, "cmdq": 0, "read": {"device_start": -1, "device_end": -1}}, "FFC_sans_bias18": {"write": {"device_start": -1, "host_queued_start": 1585623376.827952, "device_queued": -1, "device_end": -1, "host_queued_end": 1585623376.865017}, "device": "cpu", "nd_range": {"device_start": 2291151.0831529303, "device_end": 2291151.090566783}, "cmdq": 2, "read": {"device_start": -1, "device_end": -1}}, "coalesced_transpose12": {"write": {"device_start": -1, "host_queued_start": 1585623376.846864, "device_queued": -1, "device_end": -1, "host_queued_end": 1585623376.865017}, "device": "cpu", "nd_range": {"device_start": 2291151.175082516, "device_end": 2291151.175368659}, "cmdq": 0, "read": {"device_start": -1, "device_end": -1}}, "softmax32": {"write": {"device_start": -1, "host_queued_start": 1585623376.852853, "device_queued": -1, "device_end": -1, "host_queued_end": 1585623376.865017}, "device": "cpu", "nd_range": {"device_start": 2291151.200114293, "device_end": 2291151.200380049}, "cmdq": 0, "read": {"device_start": -1, "device_end": -1}}, "coalesced_transpose84": {"write": {"device_start": -1, "host_queued_start": 1585623376.80897, "device_queued": -1, "device_end": -1, "host_queued_end": 1585623376.812964}, "device": "gpu", "nd_range": {"device_start": 1585623310.375793, "device_end": 1585623310.37612}, "cmdq": 0, "read": {"device_start": -1, "device_end": -1}}, "empty17": {"write": {"device_start": -1, "host_queued_start": 1585623376.815354, "device_queued": -1, "device_end": -1, "host_queued_end": 1585623376.865017}, "device": "cpu", "nd_range": {"device_start": 2291151.054684904, "device_end": 2291151.054690097}, "cmdq": 1, "read": {"device_start": -1, "device_end": -1}}, "FFC_sans_bias87": {"write": {"device_start": -1, "host_queued_start": 1585623376.810772, "device_queued": -1, "device_end": -1, "host_queued_end": 1585623376.812964}, "device": "gpu", "nd_range": {"device_start": 1585623310.3780715, "device_end": 1585623310.378685}, "cmdq": 0, "read": {"device_start": -1, "device_end": -1}}, "FFC_sans_bias85": {"write": {"device_start": -1, "host_queued_start": 1585623376.809603, "device_queued": -1, "device_end": -1, "host_queued_end": 1585623376.812964}, "device": "gpu", "nd_range": {"device_start": 1585623310.3762555, "device_end": 1585623310.3772547}, "cmdq": 2, "read": {"device_start": -1, "device_end": -1}}, "FFC_sans_bias82": {"write": {"device_start": 1585623310.3743775, "host_queued_start": 1585623376.807277, "device_queued": 1585623310.3734972, "device_end": 1585623310.3744075, "host_queued_end": 1585623376.812964}, "device": "gpu", "nd_range": {"device_start": 1585623310.3744133, "device_end": 1585623310.3757918}, "cmdq": 0, "read": {"device_start": -1, "device_end": -1}}, "FFC_sans_bias83": {"write": {"device_start": 1585623310.374931, "host_queued_start": 1585623376.808332, "device_queued": 1585623310.3736384, "device_end": 1585623310.3749623, "host_queued_end": 1585623376.812964}, "device": "gpu", "nd_range": {"device_start": 1585623310.3749654, "device_end": 1585623310.3762434}, "cmdq": 1, "read": {"device_start": -1, "device_end": -1}}, "FFC_sans_bias81": {"write": {"device_start": 1585623310.373991, "host_queued_start": 1585623376.8062, "device_queued": 1585623310.3732855, "device_end": 1585623310.374021, "host_queued_end": 1585623376.812964}, "device": "gpu", "nd_range": {"device_start": 1585623310.374025, "device_end": 1585623310.3752475}, "cmdq": 2, "read": {"device_start": -1, "device_end": -1}}, "FFC_sans_bias88": {"write": {"device_start": 1585623310.3781939, "host_queued_start": 1585623376.812861, "device_queued": 1585623310.3740957, "device_end": 1585623310.3782237, "host_queued_end": 1585623376.812964}, "device": "gpu", "nd_range": {"device_start": 1585623310.3786895, "device_end": 1585623310.3796506}, "cmdq": 2, "read": {"device_start": 1585623310.379652, "device_end": 1585623310.3796744}}, "coalesced_transpose30": {"write": {"device_start": -1, "host_queued_start": 1585623376.847535, "device_queued": -1, "device_end": -1, "host_queued_end": 1585623376.865017}, "device": "cpu", "nd_range": {"device_start": 2291151.154266821, "device_end": 2291151.154516005}, "cmdq": 2, "read": {"device_start": -1, "device_end": -1}}, "coalesced_transpose39": {"write": {"device_start": -1, "host_queued_start": 1585623376.847873, "device_queued": -1, "device_end": -1, "host_queued_end": 1585623376.865017}, "device": "cpu", "nd_range": {"device_start": 2291151.1753854803, "device_end": 2291151.1765500493}, "cmdq": 0, "read": {"device_start": -1, "device_end": -1}}, "FFC_sans_bias79": {"write": {"device_start": 1585623310.3775895, "host_queued_start": 1585623376.811802, "device_queued": 1585623310.3741357, "device_end": 1585623310.377619, "host_queued_end": 1585623376.812964}, "device": "gpu", "nd_range": {"device_start": 1585623310.3780835, "device_end": 1585623310.3790894}, "cmdq": 1, "read": {"device_start": 1585623310.3790915, "device_end": 1585623310.3791206}}, "FFC_sans_bias78": {"write": {"device_start": -1, "host_queued_start": 1585623376.810417, "device_queued": -1, "device_end": -1, "host_queued_end": 1585623376.812964}, "device": "gpu", "nd_range": {"device_start": 1585623310.377463, "device_end": 1585623310.3780675}, "cmdq": 2, "read": {"device_start": -1, "device_end": -1}}, "FFC_sans_bias73": {"write": {"device_start": 1585623310.373308, "host_queued_start": 1585623376.804101, "device_queued": 1585623310.3732114, "device_end": 1585623310.3733673, "host_queued_end": 1585623376.812964}, "device": "gpu", "nd_range": {"device_start": 1585623310.373373, "device_end": 1585623310.3742638}, "cmdq": 0, "read": {"device_start": -1, "device_end": -1}}, "FFC_sans_bias72": {"write": {"device_start": 1585623310.3732102, "host_queued_start": 1585623376.803012, "device_queued": 1585623310.3729644, "device_end": 1585623310.3732424, "host_queued_end": 1585623376.812964}, "device": "gpu", "nd_range": {"device_start": 1585623310.3732526, "device_end": 1585623310.3738568}, "cmdq": 2, "read": {"device_start": -1, "device_end": -1}}, "FFC_sans_bias70": {"write": {"device_start": -1, "host_queued_start": 1585623376.864972, "device_queued": -1, "device_end": -1, "host_queued_end": 1585623376.865017}, "device": "cpu", "nd_range": {"device_start": 2291151.292056507, "device_end": 2291151.297339838}, "cmdq": 2, "read": {"device_start": -1, "device_end": -1}}, "FFC_sans_bias76": {"write": {"device_start": -1, "host_queued_start": 1585623376.809286, "device_queued": -1, "device_end": -1, "host_queued_end": 1585623376.812964}, "device": "gpu", "nd_range": {"device_start": 1585623310.3762486, "device_end": 1585623310.3768528}, "cmdq": 1, "read": {"device_start": -1, "device_end": -1}}, "FFC_sans_bias74": {"write": {"device_start": 1585623310.3734248, "host_queued_start": 1585623376.805148, "device_queued": 1585623310.373269, "device_end": 1585623310.373455, "host_queued_end": 1585623376.812964}, "device": "gpu", "nd_range": {"device_start": 1585623310.3734732, "device_end": 1585623310.374824}, "cmdq": 1, "read": {"device_start": -1, "device_end": -1}}, "coalesced_transpose3": {"write": {"device_start": -1, "host_queued_start": 1585623376.846517, "device_queued": -1, "device_end": -1, "host_queued_end": 1585623376.865017}, "device": "cpu", "nd_range": {"device_start": 2291151.153906748, "device_end": 2291151.15415806}, "cmdq": 2, "read": {"device_start": -1, "device_end": -1}}, "empty89": {"write": {"device_start": 1585623310.373113, "host_queued_start": 1585623376.801967, "device_queued": 1585623310.3729436, "device_end": 1585623310.3731844, "host_queued_end": 1585623376.812964}, "device": "gpu", "nd_range": {"device_start": 1585623310.3731897, "device_end": 1585623310.373197}, "cmdq": 1, "read": {"device_start": -1, "device_end": -1}}, "empty80": {"write": {"device_start": 1585623310.372979, "host_queued_start": 1585623376.80086, "device_queued": 1585623310.3728487, "device_end": 1585623310.373053, "host_queued_end": 1585623376.812964}, "device": "gpu", "nd_range": {"device_start": 1585623310.3730574, "device_end": 1585623310.3730633}, "cmdq": 0, "read": {"device_start": -1, "device_end": -1}}, "coalesced_transpose21": {"write": {"device_start": -1, "host_queued_start": 1585623376.847197, "device_queued": -1, "device_end": -1, "host_queued_end": 1585623376.865017}, "device": "cpu", "nd_range": {"device_start": 2291151.148266054, "device_end": 2291151.148516944}, "cmdq": 1, "read": {"device_start": -1, "device_end": -1}}, "softmax14": {"write": {"device_start": -1, "host_queued_start": 1585623376.852296, "device_queued": -1, "device_end": -1, "host_queued_end": 1585623376.865017}, "device": "cpu", "nd_range": {"device_start": 2291151.1900853193, "device_end": 2291151.1903109583}, "cmdq": 1, "read": {"device_start": -1, "device_end": -1}}, "FFC_sans_bias69": {"write": {"device_start": -1, "host_queued_start": 1585623376.856851, "device_queued": -1, "device_end": -1, "host_queued_end": 1585623376.865017}, "device": "cpu", "nd_range": {"device_start": 2291151.220778373, "device_end": 2291151.236133942}, "cmdq": 0, "read": {"device_start": -1, "device_end": -1}}, "FFC_sans_bias60": {"write": {"device_start": -1, "host_queued_start": 1585623376.856505, "device_queued": -1, "device_end": -1, "host_queued_end": 1585623376.865017}, "device": "cpu", "nd_range": {"device_start": 2291151.265514309, "device_end": 2291151.2763400553}, "cmdq": 2, "read": {"device_start": -1, "device_end": -1}}, "FFC_sans_bias61": {"write": {"device_start": -1, "host_queued_start": 1585623376.86396, "device_queued": -1, "device_end": -1, "host_queued_end": 1585623376.865017}, "device": "cpu", "nd_range": {"device_start": 2291151.276365127, "device_end": 2291151.293030627}, "cmdq": 1, "read": {"device_start": -1, "device_end": -1}}, "FFC_sans_bias63": {"write": {"device_start": -1, "host_queued_start": 1585623376.846184, "device_queued": -1, "device_end": -1, "host_queued_end": 1585623376.865017}, "device": "cpu", "nd_range": {"device_start": 2291151.1356251743, "device_end": 2291151.148148936}, "cmdq": 1, "read": {"device_start": -1, "device_end": -1}}, "FFC_sans_bias64": {"write": {"device_start": -1, "host_queued_start": 1585623376.844057, "device_queued": -1, "device_end": -1, "host_queued_end": 1585623376.865017}, "device": "cpu", "nd_range": {"device_start": 2291151.1461476283, "device_end": 2291151.1537934593}, "cmdq": 2, "read": {"device_start": -1, "device_end": -1}}, "FFC_sans_bias65": {"write": {"device_start": -1, "host_queued_start": 1585623376.845126, "device_queued": -1, "device_end": -1, "host_queued_end": 1585623376.865017}, "device": "cpu", "nd_range": {"device_start": 2291151.16359271, "device_end": 2291151.175075935}, "cmdq": 0, "read": {"device_start": -1, "device_end": -1}}, "FFC_sans_bias67": {"write": {"device_start": -1, "host_queued_start": 1585623376.851737, "device_queued": -1, "device_end": -1, "host_queued_end": 1585623376.865017}, "device": "cpu", "nd_range": {"device_start": 2291151.2052570563, "device_end": 2291151.2151882723}, "cmdq": 2, "read": {"device_start": -1, "device_end": -1}}, "softmax68": {"write": {"device_start": -1, "host_queued_start": 1585623376.854016, "device_queued": -1, "device_end": -1, "host_queued_end": 1585623376.865017}, "device": "cpu", "nd_range": {"device_start": 2291151.218493245, "device_end": 2291151.218716254}, "cmdq": 1, "read": {"device_start": -1, "device_end": -1}}, "empty35": {"write": {"device_start": -1, "host_queued_start": 1585623376.817098, "device_queued": -1, "device_end": -1, "host_queued_end": 1585623376.865017}, "device": "cpu", "nd_range": {"device_start": 2291151.054669051, "device_end": 2291151.05467008}, "cmdq": 0, "read": {"device_start": -1, "device_end": -1}}, "softmax86": {"write": {"device_start": -1, "host_queued_start": 1585623376.810103, "device_queued": -1, "device_end": -1, "host_queued_end": 1585623376.812964}, "device": "gpu", "nd_range": {"device_start": 1585623310.377265, "device_end": 1585623310.3774567}, "cmdq": 1, "read": {"device_start": -1, "device_end": -1}}, "FFC_sans_bias55": {"write": {"device_start": -1, "host_queued_start": 1585623376.842978, "device_queued": -1, "device_end": -1, "host_queued_end": 1585623376.865017}, "device": "cpu", "nd_range": {"device_start": 2291151.123016577, "device_end": 2291151.135506443}, "cmdq": 1, "read": {"device_start": -1, "device_end": -1}}, "FFC_sans_bias54": {"write": {"device_start": -1, "host_queued_start": 1585623376.841916, "device_queued": -1, "device_end": -1, "host_queued_end": 1585623376.865017}, "device": "cpu", "nd_range": {"device_start": 2291151.1490621753, "device_end": 2291151.163215135}, "cmdq": 0, "read": {"device_start": -1, "device_end": -1}}, "FFC_sans_bias56": {"write": {"device_start": -1, "host_queued_start": 1585623376.840856, "device_queued": -1, "device_end": -1, "host_queued_end": 1585623376.865017}, "device": "cpu", "nd_range": {"device_start": 2291151.1318227523, "device_end": 2291151.1460236213}, "cmdq": 2, "read": {"device_start": -1, "device_end": -1}}, "FFC_sans_bias51": {"write": {"device_start": -1, "host_queued_start": 1585623376.85616, "device_queued": -1, "device_end": -1, "host_queued_end": 1585623376.865017}, "device": "cpu", "nd_range": {"device_start": 2291151.234685944, "device_end": 2291151.250352547}, "cmdq": 1, "read": {"device_start": -1, "device_end": -1}}, "FFC_sans_bias52": {"write": {"device_start": -1, "host_queued_start": 1585623376.862953, "device_queued": -1, "device_end": -1, "host_queued_end": 1585623376.865017}, "device": "cpu", "nd_range": {"device_start": 2291151.251366848, "device_end": 2291151.2665304793}, "cmdq": 0, "read": {"device_start": -1, "device_end": -1}}, "FFC_sans_bias58": {"write": {"device_start": -1, "host_queued_start": 1585623376.851387, "device_queued": -1, "device_end": -1, "host_queued_end": 1585623376.865017}, "device": "cpu", "nd_range": {"device_start": 2291151.16937346, "device_end": 2291151.174885775}, "cmdq": 1, "read": {"device_start": -1, "device_end": -1}}, "coalesced_transpose57": {"write": {"device_start": -1, "host_queued_start": 1585623376.84854, "device_queued": -1, "device_end": -1, "host_queued_end": 1585623376.865017}, "device": "cpu", "nd_range": {"device_start": 2291151.1546235234, "device_end": 2291151.154869739}, "cmdq": 2, "read": {"device_start": -1, "device_end": -1}}, "empty26": {"write": {"device_start": -1, "host_queued_start": 1585623376.816257, "device_queued": -1, "device_end": -1, "host_queued_end": 1585623376.865017}, "device": "cpu", "nd_range": {"device_start": 2291151.0546389474, "device_end": 2291151.0546459253}, "cmdq": 2, "read": {"device_start": -1, "device_end": -1}}, "FFC_sans_bias11": {"write": {"device_start": -1, "host_queued_start": 1585623376.826896, "device_queued": -1, "device_end": -1, "host_queued_end": 1585623376.865017}, "device": "cpu", "nd_range": {"device_start": 2291151.063692068, "device_end": 2291151.0751668583}, "cmdq": 1, "read": {"device_start": -1, "device_end": -1}}, "FFC_sans_bias42": {"write": {"device_start": -1, "host_queued_start": 1585623376.855787, "device_queued": -1, "device_end": -1, "host_queued_end": 1585623376.865017}, "device": "cpu", "nd_range": {"device_start": 2291151.209367183, "device_end": 2291151.220770876}, "cmdq": 0, "read": {"device_start": -1, "device_end": -1}}, "FFC_sans_bias43": {"write": {"device_start": -1, "host_queued_start": 1585623376.86194, "device_queued": -1, "device_end": -1, "host_queued_end": 1585623376.865017}, "device": "cpu", "nd_range": {"device_start": 2291151.285853758, "device_end": 2291151.292049364}, "cmdq": 2, "read": {"device_start": -1, "device_end": -1}}, "FFC_sans_bias40": {"write": {"device_start": -1, "host_queued_start": 1585623376.850693, "device_queued": -1, "device_end": -1, "host_queued_end": 1585623376.865017}, "device": "cpu", "nd_range": {"device_start": 2291151.183181602, "device_end": 2291151.205240886}, "cmdq": 2, "read": {"device_start": -1, "device_end": -1}}, "FFC_sans_bias46": {"write": {"device_start": -1, "host_queued_start": 1585623376.83872, "device_queued": -1, "device_end": -1, "host_queued_end": 1585623376.865017}, "device": "cpu", "nd_range": {"device_start": 2291151.13174103, "device_end": 2291151.1486041183}, "cmdq": 0, "read": {"device_start": -1, "device_end": -1}}, "FFC_sans_bias47": {"write": {"device_start": -1, "host_queued_start": 1585623376.83979, "device_queued": -1, "device_end": -1, "host_queued_end": 1585623376.865017}, "device": "cpu", "nd_range": {"device_start": 2291151.113336555, "device_end": 2291151.1228999062}, "cmdq": 1, "read": {"device_start": -1, "device_end": -1}}, "FFC_sans_bias45": {"write": {"device_start": -1, "host_queued_start": 1585623376.837652, "device_queued": -1, "device_end": -1, "host_queued_end": 1585623376.865017}, "device": "cpu", "nd_range": {"device_start": 2291151.117065308, "device_end": 2291151.131698933}, "cmdq": 2, "read": {"device_start": -1, "device_end": -1}}, "FFC_sans_bias49": {"write": {"device_start": -1, "host_queued_start": 1585623376.851039, "device_queued": -1, "device_end": -1, "host_queued_end": 1585623376.865017}, "device": "cpu", "nd_range": {"device_start": 2291151.190510061, "device_end": 2291151.1997910053}, "cmdq": 0, "read": {"device_start": -1, "device_end": -1}}, "softmax77": {"write": {"device_start": -1, "host_queued_start": 1585623376.809859, "device_queued": -1, "device_end": -1, "host_queued_end": 1585623376.812964}, "device": "gpu", "nd_range": {"device_start": 1585623310.3772604, "device_end": 1585623310.377453}, "cmdq": 0, "read": {"device_start": -1, "device_end": -1}}, "softmax5": {"write": {"device_start": -1, "host_queued_start": 1585623376.852017, "device_queued": -1, "device_end": -1, "host_queued_end": 1585623376.865017}, "device": "cpu", "nd_range": {"device_start": 2291151.199820022, "device_end": 2291151.200102543}, "cmdq": 0, "read": {"device_start": -1, "device_end": -1}}, "empty53": {"write": {"device_start": -1, "host_queued_start": 1585623376.81883, "device_queued": -1, "device_end": -1, "host_queued_end": 1585623376.865017}, "device": "cpu", "nd_range": {"device_start": 2291151.054669456, "device_end": 2291151.0546703204}, "cmdq": 2, "read": {"device_start": -1, "device_end": -1}}, "coalesced_transpose48": {"write": {"device_start": -1, "host_queued_start": 1585623376.848206, "device_queued": -1, "device_end": -1, "host_queued_end": 1585623376.865017}, "device": "cpu", "nd_range": {"device_start": 2291151.15107036, "device_end": 2291151.151314117}, "cmdq": 1, "read": {"device_start": -1, "device_end": -1}}}