{"FFC_sans_bias4": {"write": {"device_start": -1, "host_queued_start": 1585623551.116911, "device_queued": -1, "device_end": -1, "host_queued_end": 1585623551.123576}, "device": "cpu", "nd_range": {"device_start": 2291325.351827161, "device_end": 2291325.3594259983}, "cmdq": 3, "read": {"device_start": -1, "device_end": -1}}, "FFC_sans_bias7": {"write": {"device_start": -1, "host_queued_start": 1585623551.121215, "device_queued": -1, "device_end": -1, "host_queued_end": 1585623551.123576}, "device": "cpu", "nd_range": {"device_start": 2291325.381896437, "device_end": 2291325.388555847}, "cmdq": 0, "read": {"device_start": -1, "device_end": -1}}, "FFC_sans_bias6": {"write": {"device_start": -1, "host_queued_start": 1585623551.118899, "device_queued": -1, "device_end": -1, "host_queued_end": 1585623551.123576}, "device": "cpu", "nd_range": {"device_start": 2291325.373131858, "device_end": 2291325.3817427102}, "cmdq": 1, "read": {"device_start": -1, "device_end": -1}}, "FFC_sans_bias1": {"write": {"device_start": -1, "host_queued_start": 1585623551.107448, "device_queued": -1, "device_end": -1, "host_queued_end": 1585623551.123576}, "device": "cpu", "nd_range": {"device_start": 2291325.3132259534, "device_end": 2291325.3284869273}, "cmdq": 0, "read": {"device_start": -1, "device_end": -1}}, "FFC_sans_bias0": {"write": {"device_start": -1, "host_queued_start": 1585623551.106018, "device_queued": -1, "device_end": -1, "host_queued_end": 1585623551.123576}, "device": "cpu", "nd_range": {"device_start": 2291325.313242197, "device_end": 2291325.3296268363}, "cmdq": 3, "read": {"device_start": -1, "device_end": -1}}, "FFC_sans_bias2": {"write": {"device_start": -1, "host_queued_start": 1585623551.108635, "device_queued": -1, "device_end": -1, "host_queued_end": 1585623551.123576}, "device": "cpu", "nd_range": {"device_start": 2291325.3132254994, "device_end": 2291325.3314323192}, "cmdq": 1, "read": {"device_start": -1, "device_end": -1}}, "FFC_sans_bias9": {"write": {"device_start": -1, "host_queued_start": 1585623551.109865, "device_queued": -1, "device_end": -1, "host_queued_end": 1585623551.123576}, "device": "cpu", "nd_range": {"device_start": 2291325.3135424783, "device_end": 2291325.328924898}, "cmdq": 2, "read": {"device_start": -1, "device_end": -1}}, "empty71": {"write": {"device_start": 1585623484.656935, "host_queued_start": 1585623551.060737, "device_queued": 1585623484.6568384, "device_end": 1585623484.6569977, "host_queued_end": 1585623551.10101}, "device": "gpu", "nd_range": {"device_start": 1585623484.6570048, "device_end": 1585623484.6570115}, "cmdq": 0, "read": {"device_start": -1, "device_end": -1}}, "softmax41": {"write": {"device_start": -1, "host_queued_start": 1585623551.089871, "device_queued": -1, "device_end": -1, "host_queued_end": 1585623551.10101}, "device": "gpu", "nd_range": {"device_start": 1585623484.6710546, "device_end": 1585623484.6712613}, "cmdq": 3, "read": {"device_start": -1, "device_end": -1}}, "FFC_sans_bias37": {"write": {"device_start": 1585623484.6580536, "host_queued_start": 1585623551.067683, "device_queued": 1585623484.6576476, "device_end": 1585623484.6580837, "host_queued_end": 1585623551.10101}, "device": "gpu", "nd_range": {"device_start": 1585623484.658087, "device_end": 1585623484.6598945}, "cmdq": 3, "read": {"device_start": -1, "device_end": -1}}, "FFC_sans_bias36": {"write": {"device_start": 1585623484.6577134, "host_queued_start": 1585623551.066627, "device_queued": 1585623484.6576214, "device_end": 1585623484.6577432, "host_queued_end": 1585623551.10101}, "device": "gpu", "nd_range": {"device_start": 1585623484.6577473, "device_end": 1585623484.6593573}, "cmdq": 2, "read": {"device_start": -1, "device_end": -1}}, "FFC_sans_bias34": {"write": {"device_start": 1585623484.672536, "host_queued_start": 1585623551.094516, "device_queued": 1585623484.661426, "device_end": 1585623484.672565, "host_queued_end": 1585623551.10101}, "device": "gpu", "nd_range": {"device_start": 1585623484.67258, "device_end": 1585623484.674349}, "cmdq": 0, "read": {"device_start": 1585623484.6743553, "device_end": 1585623484.6743793}}, "FFC_sans_bias33": {"write": {"device_start": -1, "host_queued_start": 1585623551.091494, "device_queued": -1, "device_end": -1, "host_queued_end": 1585623551.10101}, "device": "gpu", "nd_range": {"device_start": 1585623484.6713598, "device_end": 1585623484.6719658}, "cmdq": 1, "read": {"device_start": -1, "device_end": -1}}, "FFC_sans_bias31": {"write": {"device_start": -1, "host_queued_start": 1585623551.087237, "device_queued": -1, "device_end": -1, "host_queued_end": 1585623551.10101}, "device": "gpu", "nd_range": {"device_start": 1585623484.6676064, "device_end": 1585623484.6691673}, "cmdq": 3, "read": {"device_start": -1, "device_end": -1}}, "FFC_sans_bias38": {"write": {"device_start": 1585623484.6584952, "host_queued_start": 1585623551.068748, "device_queued": 1585623484.6578636, "device_end": 1585623484.6585274, "host_queued_end": 1585623551.10101}, "device": "gpu", "nd_range": {"device_start": 1585623484.6585333, "device_end": 1585623484.6603425}, "cmdq": 0, "read": {"device_start": -1, "device_end": -1}}, "coalesced_transpose75": {"write": {"device_start": -1, "host_queued_start": 1585623551.086605, "device_queued": -1, "device_end": -1, "host_queued_end": 1585623551.10101}, "device": "gpu", "nd_range": {"device_start": 1585623484.6674929, "device_end": 1585623484.6675158}, "cmdq": 1, "read": {"device_start": -1, "device_end": -1}}, "empty44": {"write": {"device_start": 1585623484.656563, "host_queued_start": 1585623551.058122, "device_queued": 1585623484.6564472, "device_end": 1585623484.6566303, "host_queued_end": 1585623551.10101}, "device": "gpu", "nd_range": {"device_start": 1585623484.656637, "device_end": 1585623484.6566448}, "cmdq": 1, "read": {"device_start": -1, "device_end": -1}}, "empty8": {"write": {"device_start": -1, "host_queued_start": 1585623551.10265, "device_queued": -1, "device_end": -1, "host_queued_end": 1585623551.123576}, "device": "cpu", "nd_range": {"device_start": 2291325.3132009553, "device_end": 2291325.313205449}, "cmdq": 0, "read": {"device_start": -1, "device_end": -1}}, "softmax50": {"write": {"device_start": -1, "host_queued_start": 1585623551.090127, "device_queued": -1, "device_end": -1, "host_queued_end": 1585623551.10101}, "device": "gpu", "nd_range": {"device_start": 1585623484.670145, "device_end": 1585623484.6711335}, "cmdq": 0, "read": {"device_start": -1, "device_end": -1}}, "softmax59": {"write": {"device_start": -1, "host_queued_start": 1585623551.09038, "device_queued": -1, "device_end": -1, "host_queued_end": 1585623551.10101}, "device": "gpu", "nd_range": {"device_start": 1585623484.6705713, "device_end": 1585623484.6713278}, "cmdq": 1, "read": {"device_start": -1, "device_end": -1}}, "FFC_sans_bias24": {"write": {"device_start": -1, "host_queued_start": 1585623551.119735, "device_queued": -1, "device_end": -1, "host_queued_end": 1585623551.123576}, "device": "cpu", "nd_range": {"device_start": 2291325.3733478063, "device_end": 2291325.389009293}, "cmdq": 3, "read": {"device_start": -1, "device_end": -1}}, "FFC_sans_bias25": {"write": {"device_start": -1, "host_queued_start": 1585623551.123497, "device_queued": -1, "device_end": -1, "host_queued_end": 1585623551.123576}, "device": "cpu", "nd_range": {"device_start": 2291325.389018658, "device_end": 2291325.3993085073}, "cmdq": 2, "read": {"device_start": -1, "device_end": -1}}, "FFC_sans_bias27": {"write": {"device_start": 1585623484.6572235, "host_queued_start": 1585623551.063387, "device_queued": 1585623484.6569302, "device_end": 1585623484.657249, "host_queued_end": 1585623551.10101}, "device": "gpu", "nd_range": {"device_start": 1585623484.6573508, "device_end": 1585623484.6579523}, "cmdq": 3, "read": {"device_start": -1, "device_end": -1}}, "FFC_sans_bias20": {"write": {"device_start": -1, "host_queued_start": 1585623551.115545, "device_queued": -1, "device_end": -1, "host_queued_end": 1585623551.123576}, "device": "cpu", "nd_range": {"device_start": 2291325.345741144, "device_end": 2291325.351708746}, "cmdq": 3, "read": {"device_start": -1, "device_end": -1}}, "FFC_sans_bias22": {"write": {"device_start": -1, "host_queued_start": 1585623551.117622, "device_queued": -1, "device_end": -1, "host_queued_end": 1585623551.123576}, "device": "cpu", "nd_range": {"device_start": 2291325.355060787, "device_end": 2291325.3731183573}, "cmdq": 1, "read": {"device_start": -1, "device_end": -1}}, "FFC_sans_bias28": {"write": {"device_start": 1585623484.6574697, "host_queued_start": 1585623551.064457, "device_queued": 1585623484.6573675, "device_end": 1585623484.6575253, "host_queued_end": 1585623551.10101}, "device": "gpu", "nd_range": {"device_start": 1585623484.6575294, "device_end": 1585623484.6583667}, "cmdq": 0, "read": {"device_start": -1, "device_end": -1}}, "FFC_sans_bias29": {"write": {"device_start": 1585623484.6575584, "host_queued_start": 1585623551.065517, "device_queued": 1585623484.6574233, "device_end": 1585623484.6575897, "host_queued_end": 1585623551.10101}, "device": "gpu", "nd_range": {"device_start": 1585623484.657687, "device_end": 1585623484.6589305}, "cmdq": 1, "read": {"device_start": -1, "device_end": -1}}, "coalesced_transpose66": {"write": {"device_start": -1, "host_queued_start": 1585623551.086291, "device_queued": -1, "device_end": -1, "host_queued_end": 1585623551.10101}, "device": "gpu", "nd_range": {"device_start": 1585623484.6674788, "device_end": 1585623484.6675117}, "cmdq": 0, "read": {"device_start": -1, "device_end": -1}}, "softmax23": {"write": {"device_start": -1, "host_queued_start": 1585623551.118536, "device_queued": -1, "device_end": -1, "host_queued_end": 1585623551.123576}, "device": "cpu", "nd_range": {"device_start": 2291325.3731580153, "device_end": 2291325.3733262653}, "cmdq": 0, "read": {"device_start": -1, "device_end": -1}}, "empty62": {"write": {"device_start": 1585623484.6567514, "host_queued_start": 1585623551.059895, "device_queued": 1585623484.6564968, "device_end": 1585623484.6567774, "host_queued_end": 1585623551.10101}, "device": "gpu", "nd_range": {"device_start": 1585623484.6567917, "device_end": 1585623484.6567953}, "cmdq": 3, "read": {"device_start": -1, "device_end": -1}}, "FFC_sans_bias10": {"write": {"device_start": -1, "host_queued_start": 1585623551.111219, "device_queued": -1, "device_end": -1, "host_queued_end": 1585623551.123576}, "device": "cpu", "nd_range": {"device_start": 2291325.329752731, "device_end": 2291325.345615435}, "cmdq": 3, "read": {"device_start": -1, "device_end": -1}}, "FFC_sans_bias13": {"write": {"device_start": -1, "host_queued_start": 1585623551.117269, "device_queued": -1, "device_end": -1, "host_queued_end": 1585623551.123576}, "device": "cpu", "nd_range": {"device_start": 2291325.355637772, "device_end": 2291325.363278985}, "cmdq": 0, "read": {"device_start": -1, "device_end": -1}}, "FFC_sans_bias15": {"write": {"device_start": -1, "host_queued_start": 1585623551.119288, "device_queued": -1, "device_end": -1, "host_queued_end": 1585623551.123576}, "device": "cpu", "nd_range": {"device_start": 2291325.363820151, "device_end": 2291325.372406721}, "cmdq": 2, "read": {"device_start": -1, "device_end": -1}}, "FFC_sans_bias16": {"write": {"device_start": -1, "host_queued_start": 1585623551.122361, "device_queued": -1, "device_end": -1, "host_queued_end": 1585623551.123576}, "device": "cpu", "nd_range": {"device_start": 2291325.3817613903, "device_end": 2291325.4010063102}, "cmdq": 1, "read": {"device_start": -1, "device_end": -1}}, "FFC_sans_bias19": {"write": {"device_start": -1, "host_queued_start": 1585623551.114453, "device_queued": -1, "device_end": -1, "host_queued_end": 1585623551.123576}, "device": "cpu", "nd_range": {"device_start": 2291325.329052934, "device_end": 2291325.34438977}, "cmdq": 2, "read": {"device_start": -1, "device_end": -1}}, "FFC_sans_bias18": {"write": {"device_start": -1, "host_queued_start": 1585623551.113366, "device_queued": -1, "device_end": -1, "host_queued_end": 1585623551.123576}, "device": "cpu", "nd_range": {"device_start": 2291325.3322870643, "device_end": 2291325.351026452}, "cmdq": 1, "read": {"device_start": -1, "device_end": -1}}, "coalesced_transpose12": {"write": {"device_start": -1, "host_queued_start": 1585623551.116223, "device_queued": -1, "device_end": -1, "host_queued_end": 1585623551.123576}, "device": "cpu", "nd_range": {"device_start": 2291325.3544470593, "device_end": 2291325.3546881373}, "cmdq": 1, "read": {"device_start": -1, "device_end": -1}}, "softmax32": {"write": {"device_start": -1, "host_queued_start": 1585623551.089596, "device_queued": -1, "device_end": -1, "host_queued_end": 1585623551.10101}, "device": "gpu", "nd_range": {"device_start": 1585623484.6695876, "device_end": 1585623484.6713307}, "cmdq": 2, "read": {"device_start": -1, "device_end": -1}}, "coalesced_transpose84": {"write": {"device_start": -1, "host_queued_start": 1585623551.086912, "device_queued": -1, "device_end": -1, "host_queued_end": 1585623551.10101}, "device": "gpu", "nd_range": {"device_start": 1585623484.6675048, "device_end": 1585623484.667526}, "cmdq": 2, "read": {"device_start": -1, "device_end": -1}}, "empty17": {"write": {"device_start": -1, "host_queued_start": 1585623551.10394, "device_queued": -1, "device_end": -1, "host_queued_end": 1585623551.123576}, "device": "cpu", "nd_range": {"device_start": 2291325.313195162, "device_end": 2291325.3132052533}, "cmdq": 1, "read": {"device_start": -1, "device_end": -1}}, "FFC_sans_bias87": {"write": {"device_start": -1, "host_queued_start": 1585623551.09345, "device_queued": -1, "device_end": -1, "host_queued_end": 1585623551.10101}, "device": "gpu", "nd_range": {"device_start": 1585623484.6729543, "device_end": 1585623484.6748602}, "cmdq": 3, "read": {"device_start": -1, "device_end": -1}}, "FFC_sans_bias85": {"write": {"device_start": -1, "host_queued_start": 1585623551.089337, "device_queued": -1, "device_end": -1, "host_queued_end": 1585623551.10101}, "device": "gpu", "nd_range": {"device_start": 1585623484.6686032, "device_end": 1585623484.6705618}, "cmdq": 1, "read": {"device_start": -1, "device_end": -1}}, "FFC_sans_bias82": {"write": {"device_start": 1585623484.665277, "host_queued_start": 1585623551.083637, "device_queued": 1585623484.659479, "device_end": 1585623484.6653073, "host_queued_end": 1585623551.10101}, "device": "gpu", "nd_range": {"device_start": 1585623484.6653135, "device_end": 1585623484.6671073}, "cmdq": 2, "read": {"device_start": -1, "device_end": -1}}, "FFC_sans_bias83": {"write": {"device_start": 1585623484.665825, "host_queued_start": 1585623551.084698, "device_queued": 1585623484.6595, "device_end": 1585623484.6658566, "host_queued_end": 1585623551.10101}, "device": "gpu", "nd_range": {"device_start": 1585623484.6658623, "device_end": 1585623484.6675513}, "cmdq": 3, "read": {"device_start": -1, "device_end": -1}}, "FFC_sans_bias81": {"write": {"device_start": 1585623484.6648242, "host_queued_start": 1585623551.082585, "device_queued": 1585623484.6593006, "device_end": 1585623484.664856, "host_queued_end": 1585623551.10101}, "device": "gpu", "nd_range": {"device_start": 1585623484.664863, "device_end": 1585623484.666664}, "cmdq": 1, "read": {"device_start": -1, "device_end": -1}}, "FFC_sans_bias88": {"write": {"device_start": 1585623484.676962, "host_queued_start": 1585623551.1009, "device_queued": 1585623484.6622207, "device_end": 1585623484.6769874, "host_queued_end": 1585623551.10101}, "device": "gpu", "nd_range": {"device_start": 1585623484.6769962, "device_end": 1585623484.6781929}, "cmdq": 2, "read": {"device_start": 1585623484.678196, "device_end": 1585623484.6782184}}, "coalesced_transpose30": {"write": {"device_start": -1, "host_queued_start": 1585623551.085033, "device_queued": -1, "device_end": -1, "host_queued_end": 1585623551.10101}, "device": "gpu", "nd_range": {"device_start": 1585623484.6661282, "device_end": 1585623484.66747}, "cmdq": 0, "read": {"device_start": -1, "device_end": -1}}, "coalesced_transpose39": {"write": {"device_start": -1, "host_queued_start": 1585623551.08535, "device_queued": -1, "device_end": -1, "host_queued_end": 1585623551.10101}, "device": "gpu", "nd_range": {"device_start": 1585623484.6666658, "device_end": 1585623484.6674826}, "cmdq": 1, "read": {"device_start": -1, "device_end": -1}}, "FFC_sans_bias79": {"write": {"device_start": 1585623484.6760106, "host_queued_start": 1585623551.099841, "device_queued": 1585623484.6621, "device_end": 1585623484.676036, "host_queued_end": 1585623551.10101}, "device": "gpu", "nd_range": {"device_start": 1585623484.6760454, "device_end": 1585623484.6777368}, "cmdq": 1, "read": {"device_start": 1585623484.6777453, "device_end": 1585623484.677768}}, "FFC_sans_bias78": {"write": {"device_start": -1, "host_queued_start": 1585623551.093129, "device_queued": -1, "device_end": -1, "host_queued_end": 1585623551.10101}, "device": "gpu", "nd_range": {"device_start": 1585623484.6733704, "device_end": 1585623484.6753385}, "cmdq": 2, "read": {"device_start": -1, "device_end": -1}}, "FFC_sans_bias73": {"write": {"device_start": 1585623484.6638303, "host_queued_start": 1585623551.080455, "device_queued": 1585623484.6590958, "device_end": 1585623484.663856, "host_queued_end": 1585623551.10101}, "device": "gpu", "nd_range": {"device_start": 1585623484.6638625, "device_end": 1585623484.6656888}, "cmdq": 3, "read": {"device_start": -1, "device_end": -1}}, "FFC_sans_bias72": {"write": {"device_start": 1585623484.663407, "host_queued_start": 1585623551.079397, "device_queued": 1585623484.659075, "device_end": 1585623484.6634314, "host_queued_end": 1585623551.10101}, "device": "gpu", "nd_range": {"device_start": 1585623484.6634367, "device_end": 1585623484.6651595}, "cmdq": 2, "read": {"device_start": -1, "device_end": -1}}, "FFC_sans_bias70": {"write": {"device_start": 1585623484.675657, "host_queued_start": 1585623551.09878, "device_queued": 1585623484.6620607, "device_end": 1585623484.6756883, "host_queued_end": 1585623551.10101}, "device": "gpu", "nd_range": {"device_start": 1585623484.6757078, "device_end": 1585623484.6772838}, "cmdq": 0, "read": {"device_start": 1585623484.6772864, "device_end": 1585623484.6773121}}, "FFC_sans_bias76": {"write": {"device_start": -1, "host_queued_start": 1585623551.089012, "device_queued": -1, "device_end": -1, "host_queued_end": 1585623551.10101}, "device": "gpu", "nd_range": {"device_start": 1585623484.668195, "device_end": 1585623484.6701338}, "cmdq": 0, "read": {"device_start": -1, "device_end": -1}}, "FFC_sans_bias74": {"write": {"device_start": 1585623484.664318, "host_queued_start": 1585623551.081518, "device_queued": 1585623484.6592638, "device_end": 1585623484.6643493, "host_queued_end": 1585623551.10101}, "device": "gpu", "nd_range": {"device_start": 1585623484.664359, "device_end": 1585623484.666127}, "cmdq": 0, "read": {"device_start": -1, "device_end": -1}}, "coalesced_transpose3": {"write": {"device_start": -1, "host_queued_start": 1585623551.115884, "device_queued": -1, "device_end": -1, "host_queued_end": 1585623551.123576}, "device": "cpu", "nd_range": {"device_start": 2291325.3439372, "device_end": 2291325.34420371}, "cmdq": 0, "read": {"device_start": -1, "device_end": -1}}, "empty89": {"write": {"device_start": 1585623484.657126, "host_queued_start": 1585623551.062373, "device_queued": 1585623484.6569045, "device_end": 1585623484.6572053, "host_queued_end": 1585623551.10101}, "device": "gpu", "nd_range": {"device_start": 1585623484.657216, "device_end": 1585623484.6572196}, "cmdq": 2, "read": {"device_start": -1, "device_end": -1}}, "empty80": {"write": {"device_start": 1585623484.657026, "host_queued_start": 1585623551.061557, "device_queued": 1585623484.6568868, "device_end": 1585623484.6571014, "host_queued_end": 1585623551.10101}, "device": "gpu", "nd_range": {"device_start": 1585623484.6571147, "device_end": 1585623484.657119}, "cmdq": 1, "read": {"device_start": -1, "device_end": -1}}, "coalesced_transpose21": {"write": {"device_start": -1, "host_queued_start": 1585623551.116558, "device_queued": -1, "device_end": -1, "host_queued_end": 1585623551.123576}, "device": "cpu", "nd_range": {"device_start": 2291325.3445093143, "device_end": 2291325.344751682}, "cmdq": 2, "read": {"device_start": -1, "device_end": -1}}, "softmax14": {"write": {"device_start": -1, "host_queued_start": 1585623551.118264, "device_queued": -1, "device_end": -1, "host_queued_end": 1585623551.123576}, "device": "cpu", "nd_range": {"device_start": 2291325.3635153063, "device_end": 2291325.363696318}, "cmdq": 3, "read": {"device_start": -1, "device_end": -1}}, "FFC_sans_bias69": {"write": {"device_start": -1, "host_queued_start": 1585623551.092805, "device_queued": -1, "device_end": -1, "host_queued_end": 1585623551.10101}, "device": "gpu", "nd_range": {"device_start": 1585623484.671975, "device_end": 1585623484.6739144}, "cmdq": 1, "read": {"device_start": -1, "device_end": -1}}, "FFC_sans_bias60": {"write": {"device_start": -1, "host_queued_start": 1585623551.092476, "device_queued": -1, "device_end": -1, "host_queued_end": 1585623551.10101}, "device": "gpu", "nd_range": {"device_start": 1585623484.6713781, "device_end": 1585623484.6723714}, "cmdq": 0, "read": {"device_start": -1, "device_end": -1}}, "FFC_sans_bias61": {"write": {"device_start": 1585623484.6750062, "host_queued_start": 1585623551.097715, "device_queued": 1585623484.661714, "device_end": 1585623484.6750362, "host_queued_end": 1585623551.10101}, "device": "gpu", "nd_range": {"device_start": 1585623484.6750526, "device_end": 1585623484.6763058}, "cmdq": 3, "read": {"device_start": 1585623484.6763122, "device_end": 1585623484.6763356}}, "FFC_sans_bias63": {"write": {"device_start": 1585623484.662859, "host_queued_start": 1585623551.07832, "device_queued": 1585623484.6589272, "device_end": 1585623484.6628854, "host_queued_end": 1585623551.10101}, "device": "gpu", "nd_range": {"device_start": 1585623484.6629002, "device_end": 1585623484.6646938}, "cmdq": 1, "read": {"device_start": -1, "device_end": -1}}, "FFC_sans_bias64": {"write": {"device_start": 1585623484.6619184, "host_queued_start": 1585623551.076209, "device_queued": 1585623484.6587055, "device_end": 1585623484.66195, "host_queued_end": 1585623551.10101}, "device": "gpu", "nd_range": {"device_start": 1585623484.6619542, "device_end": 1585623484.66372}, "cmdq": 3, "read": {"device_start": -1, "device_end": -1}}, "FFC_sans_bias65": {"write": {"device_start": 1585623484.6624029, "host_queued_start": 1585623551.077275, "device_queued": 1585623484.6588886, "device_end": 1585623484.6624303, "host_queued_end": 1585623551.10101}, "device": "gpu", "nd_range": {"device_start": 1585623484.6624365, "device_end": 1585623484.6642103}, "cmdq": 0, "read": {"device_start": -1, "device_end": -1}}, "FFC_sans_bias67": {"write": {"device_start": -1, "host_queued_start": 1585623551.088684, "device_queued": -1, "device_end": -1, "host_queued_end": 1585623551.10101}, "device": "gpu", "nd_range": {"device_start": 1585623484.6691768, "device_end": 1585623484.6710446}, "cmdq": 3, "read": {"device_start": -1, "device_end": -1}}, "softmax68": {"write": {"device_start": -1, "host_queued_start": 1585623551.090641, "device_queued": -1, "device_end": -1, "host_queued_end": 1585623551.10101}, "device": "gpu", "nd_range": {"device_start": 1585623484.6713405, "device_end": 1585623484.6717346}, "cmdq": 2, "read": {"device_start": -1, "device_end": -1}}, "empty35": {"write": {"device_start": 1585623484.6564105, "host_queued_start": 1585623551.056946, "device_queued": 1585623484.656297, "device_end": 1585623484.6564403, "host_queued_end": 1585623551.10101}, "device": "gpu", "nd_range": {"device_start": 1585623484.6564481, "device_end": 1585623484.656453}, "cmdq": 0, "read": {"device_start": -1, "device_end": -1}}, "softmax86": {"write": {"device_start": -1, "host_queued_start": 1585623551.091173, "device_queued": -1, "device_end": -1, "host_queued_end": 1585623551.10101}, "device": "gpu", "nd_range": {"device_start": 1585623484.6711438, "device_end": 1585623484.671363}, "cmdq": 0, "read": {"device_start": -1, "device_end": -1}}, "FFC_sans_bias55": {"write": {"device_start": 1585623484.6614745, "host_queued_start": 1585623551.075155, "device_queued": 1585623484.6586802, "device_end": 1585623484.6615057, "host_queued_end": 1585623551.10101}, "device": "gpu", "nd_range": {"device_start": 1585623484.6615105, "device_end": 1585623484.66329}, "cmdq": 2, "read": {"device_start": -1, "device_end": -1}}, "FFC_sans_bias54": {"write": {"device_start": 1585623484.6609952, "host_queued_start": 1585623551.07406, "device_queued": 1585623484.6584628, "device_end": 1585623484.6610215, "host_queued_end": 1585623551.10101}, "device": "gpu", "nd_range": {"device_start": 1585623484.661028, "device_end": 1585623484.6627495}, "cmdq": 1, "read": {"device_start": -1, "device_end": -1}}, "FFC_sans_bias56": {"write": {"device_start": 1585623484.6604438, "host_queued_start": 1585623551.072984, "device_queued": 1585623484.6583953, "device_end": 1585623484.6604753, "host_queued_end": 1585623551.10101}, "device": "gpu", "nd_range": {"device_start": 1585623484.6604803, "device_end": 1585623484.66231}, "cmdq": 0, "read": {"device_start": -1, "device_end": -1}}, "FFC_sans_bias51": {"write": {"device_start": -1, "host_queued_start": 1585623551.092145, "device_queued": -1, "device_end": -1, "host_queued_end": 1585623551.10101}, "device": "gpu", "nd_range": {"device_start": 1585623484.6716013, "device_end": 1585623484.6729445}, "cmdq": 3, "read": {"device_start": -1, "device_end": -1}}, "FFC_sans_bias52": {"write": {"device_start": 1585623484.6754868, "host_queued_start": 1585623551.096658, "device_queued": 1585623484.6616871, "device_end": 1585623484.6755192, "host_queued_end": 1585623551.10101}, "device": "gpu", "nd_range": {"device_start": 1585623484.6755376, "device_end": 1585623484.676755}, "cmdq": 2, "read": {"device_start": 1585623484.6767614, "device_end": 1585623484.6767905}}, "FFC_sans_bias58": {"write": {"device_start": -1, "host_queued_start": 1585623551.088358, "device_queued": -1, "device_end": -1, "host_queued_end": 1585623551.10101}, "device": "gpu", "nd_range": {"device_start": 1585623484.667623, "device_end": 1585623484.6695774}, "cmdq": 2, "read": {"device_start": -1, "device_end": -1}}, "coalesced_transpose57": {"write": {"device_start": -1, "host_queued_start": 1585623551.085978, "device_queued": -1, "device_end": -1, "host_queued_end": 1585623551.10101}, "device": "gpu", "nd_range": {"device_start": 1585623484.667559, "device_end": 1585623484.6675935}, "cmdq": 3, "read": {"device_start": -1, "device_end": -1}}, "empty26": {"write": {"device_start": -1, "host_queued_start": 1585623551.104861, "device_queued": -1, "device_end": -1, "host_queued_end": 1585623551.123576}, "device": "cpu", "nd_range": {"device_start": 2291325.313364311, "device_end": 2291325.3133681323}, "cmdq": 2, "read": {"device_start": -1, "device_end": -1}}, "FFC_sans_bias11": {"write": {"device_start": -1, "host_queued_start": 1585623551.112298, "device_queued": -1, "device_end": -1, "host_queued_end": 1585623551.123576}, "device": "cpu", "nd_range": {"device_start": 2291325.328616102, "device_end": 2291325.343812854}, "cmdq": 0, "read": {"device_start": -1, "device_end": -1}}, "FFC_sans_bias42": {"write": {"device_start": -1, "host_queued_start": 1585623551.09182, "device_queued": -1, "device_end": -1, "host_queued_end": 1585623551.10101}, "device": "gpu", "nd_range": {"device_start": 1585623484.671745, "device_end": 1585623484.6733556}, "cmdq": 2, "read": {"device_start": -1, "device_end": -1}}, "FFC_sans_bias43": {"write": {"device_start": 1585623484.6740594, "host_queued_start": 1585623551.095601, "device_queued": 1585623484.66149, "device_end": 1585623484.6740913, "host_queued_end": 1585623551.10101}, "device": "gpu", "nd_range": {"device_start": 1585623484.6741087, "device_end": 1585623484.6757998}, "cmdq": 1, "read": {"device_start": 1585623484.675806, "device_end": 1585623484.6758306}}, "FFC_sans_bias40": {"write": {"device_start": -1, "host_queued_start": 1585623551.087557, "device_queued": -1, "device_end": -1, "host_queued_end": 1585623551.10101}, "device": "gpu", "nd_range": {"device_start": 1585623484.6675742, "device_end": 1585623484.6681838}, "cmdq": 0, "read": {"device_start": -1, "device_end": -1}}, "FFC_sans_bias46": {"write": {"device_start": 1585623484.6594403, "host_queued_start": 1585623551.070877, "device_queued": 1585623484.6581545, "device_end": 1585623484.6594656, "host_queued_end": 1585623551.10101}, "device": "gpu", "nd_range": {"device_start": 1585623484.6594725, "device_end": 1585623484.6613333}, "cmdq": 2, "read": {"device_start": -1, "device_end": -1}}, "FFC_sans_bias47": {"write": {"device_start": 1585623484.6599908, "host_queued_start": 1585623551.071937, "device_queued": 1585623484.6581893, "device_end": 1585623484.6600163, "host_queued_end": 1585623551.10101}, "device": "gpu", "nd_range": {"device_start": 1585623484.6600215, "device_end": 1585623484.6618016}, "cmdq": 3, "read": {"device_start": -1, "device_end": -1}}, "FFC_sans_bias45": {"write": {"device_start": 1585623484.6590097, "host_queued_start": 1585623551.069799, "device_queued": 1585623484.657908, "device_end": 1585623484.6590338, "host_queued_end": 1585623551.10101}, "device": "gpu", "nd_range": {"device_start": 1585623484.6590388, "device_end": 1585623484.6608496}, "cmdq": 1, "read": {"device_start": -1, "device_end": -1}}, "FFC_sans_bias49": {"write": {"device_start": -1, "host_queued_start": 1585623551.088015, "device_queued": -1, "device_end": -1, "host_queued_end": 1585623551.10101}, "device": "gpu", "nd_range": {"device_start": 1585623484.6675885, "device_end": 1585623484.668593}, "cmdq": 1, "read": {"device_start": -1, "device_end": -1}}, "softmax77": {"write": {"device_start": -1, "host_queued_start": 1585623551.090913, "device_queued": -1, "device_end": -1, "host_queued_end": 1585623551.10101}, "device": "gpu", "nd_range": {"device_start": 1585623484.6712716, "device_end": 1585623484.671592}, "cmdq": 3, "read": {"device_start": -1, "device_end": -1}}, "softmax5": {"write": {"device_start": -1, "host_queued_start": 1585623551.117984, "device_queued": -1, "device_end": -1, "host_queued_end": 1585623551.123576}, "device": "cpu", "nd_range": {"device_start": 2291325.359548922, "device_end": 2291325.359768525}, "cmdq": 2, "read": {"device_start": -1, "device_end": -1}}, "empty53": {"write": {"device_start": 1585623484.6566617, "host_queued_start": 1585623551.059038, "device_queued": 1585623484.656481, "device_end": 1585623484.6567352, "host_queued_end": 1585623551.10101}, "device": "gpu", "nd_range": {"device_start": 1585623484.6567445, "device_end": 1585623484.6567485}, "cmdq": 2, "read": {"device_start": -1, "device_end": -1}}, "coalesced_transpose48": {"write": {"device_start": -1, "host_queued_start": 1585623551.085662, "device_queued": -1, "device_end": -1, "host_queued_end": 1585623551.10101}, "device": "gpu", "nd_range": {"device_start": 1585623484.667109, "device_end": 1585623484.667503}, "cmdq": 2, "read": {"device_start": -1, "device_end": -1}}}