{"FFC_sans_bias4": {"write": {"device_start": -1, "host_queued_start": 1585623577.081647, "device_queued": -1, "device_end": -1, "host_queued_end": 1585623577.083469}, "device": "cpu", "nd_range": {"device_start": 2291351.285343862, "device_end": 2291351.293011616}, "cmdq": 0, "read": {"device_start": -1, "device_end": -1}}, "FFC_sans_bias7": {"write": {"device_start": -1, "host_queued_start": 1585623577.083398, "device_queued": -1, "device_end": -1, "host_queued_end": 1585623577.083469}, "device": "cpu", "nd_range": {"device_start": 2291351.297613074, "device_end": 2291351.3022804903}, "cmdq": 3, "read": {"device_start": -1, "device_end": -1}}, "FFC_sans_bias6": {"write": {"device_start": -1, "host_queued_start": 1585623577.082286, "device_queued": -1, "device_end": -1, "host_queued_end": 1585623577.083469}, "device": "cpu", "nd_range": {"device_start": 2291351.293145399, "device_end": 2291351.297539101}, "cmdq": 2, "read": {"device_start": -1, "device_end": -1}}, "FFC_sans_bias1": {"write": {"device_start": -1, "host_queued_start": 1585623577.079388, "device_queued": -1, "device_end": -1, "host_queued_end": 1585623577.083469}, "device": "cpu", "nd_range": {"device_start": 2291351.2730582063, "device_end": 2291351.2850449043}, "cmdq": 2, "read": {"device_start": -1, "device_end": -1}}, "FFC_sans_bias0": {"write": {"device_start": -1, "host_queued_start": 1585623577.077847, "device_queued": -1, "device_end": -1, "host_queued_end": 1585623577.083469}, "device": "cpu", "nd_range": {"device_start": 2291351.2730502603, "device_end": 2291351.2851507734}, "cmdq": 1, "read": {"device_start": -1, "device_end": -1}}, "FFC_sans_bias2": {"write": {"device_start": -1, "host_queued_start": 1585623577.080763, "device_queued": -1, "device_end": -1, "host_queued_end": 1585623577.083469}, "device": "cpu", "nd_range": {"device_start": 2291351.273061855, "device_end": 2291351.281742822}, "cmdq": 3, "read": {"device_start": -1, "device_end": -1}}, "FFC_sans_bias9": {"write": {"device_start": 1585623510.6303928, "host_queued_start": 1585623577.025456, "device_queued": 1585623510.630239, "device_end": 1585623510.6304526, "host_queued_end": 1585623577.074635}, "device": "gpu", "nd_range": {"device_start": 1585623510.630523, "device_end": 1585623510.631137}, "cmdq": 1, "read": {"device_start": -1, "device_end": -1}}, "empty71": {"write": {"device_start": 1585623510.6300888, "host_queued_start": 1585623577.022564, "device_queued": 1585623510.6298547, "device_end": 1585623510.630154, "host_queued_end": 1585623577.074635}, "device": "gpu", "nd_range": {"device_start": 1585623510.630164, "device_end": 1585623510.6301677}, "cmdq": 2, "read": {"device_start": -1, "device_end": -1}}, "softmax41": {"write": {"device_start": -1, "host_queued_start": 1585623577.060546, "device_queued": -1, "device_end": -1, "host_queued_end": 1585623577.074635}, "device": "gpu", "nd_range": {"device_start": 1585623510.6571884, "device_end": 1585623510.658115}, "cmdq": 1, "read": {"device_start": -1, "device_end": -1}}, "FFC_sans_bias37": {"write": {"device_start": 1585623510.6341915, "host_queued_start": 1585623577.036297, "device_queued": 1585623510.6312208, "device_end": 1585623510.6342237, "host_queued_end": 1585623577.074635}, "device": "gpu", "nd_range": {"device_start": 1585623510.6342294, "device_end": 1585623510.6359358}, "cmdq": 3, "read": {"device_start": -1, "device_end": -1}}, "FFC_sans_bias36": {"write": {"device_start": 1585623510.6336453, "host_queued_start": 1585623577.035236, "device_queued": 1585623510.631197, "device_end": 1585623510.633677, "host_queued_end": 1585623577.074635}, "device": "gpu", "nd_range": {"device_start": 1585623510.6336832, "device_end": 1585623510.6354914}, "cmdq": 2, "read": {"device_start": -1, "device_end": -1}}, "FFC_sans_bias34": {"write": {"device_start": 1585623510.6639335, "host_queued_start": 1585623577.068018, "device_queued": 1585623510.6354952, "device_end": 1585623510.6640017, "host_queued_end": 1585623577.074635}, "device": "gpu", "nd_range": {"device_start": 1585623510.6640203, "device_end": 1585623510.6646216}, "cmdq": 2, "read": {"device_start": 1585623510.6646307, "device_end": 1585623510.6646543}}, "FFC_sans_bias33": {"write": {"device_start": -1, "host_queued_start": 1585623577.062796, "device_queued": -1, "device_end": -1, "host_queued_end": 1585623577.074635}, "device": "gpu", "nd_range": {"device_start": 1585623510.6585002, "device_end": 1585623510.659714}, "cmdq": 1, "read": {"device_start": -1, "device_end": -1}}, "FFC_sans_bias31": {"write": {"device_start": -1, "host_queued_start": 1585623577.057538, "device_queued": -1, "device_end": -1, "host_queued_end": 1585623577.074635}, "device": "gpu", "nd_range": {"device_start": 1585623510.6541538, "device_end": 1585623510.6557622}, "cmdq": 3, "read": {"device_start": -1, "device_end": -1}}, "FFC_sans_bias38": {"write": {"device_start": 1585623510.634653, "host_queued_start": 1585623577.037382, "device_queued": 1585623510.6314402, "device_end": 1585623510.6346853, "host_queued_end": 1585623577.074635}, "device": "gpu", "nd_range": {"device_start": 1585623510.6346915, "device_end": 1585623510.6364453}, "cmdq": 0, "read": {"device_start": -1, "device_end": -1}}, "coalesced_transpose75": {"write": {"device_start": -1, "host_queued_start": 1585623577.056226, "device_queued": -1, "device_end": -1, "host_queued_end": 1585623577.074635}, "device": "gpu", "nd_range": {"device_start": 1585623510.6532238, "device_end": 1585623510.6541376}, "cmdq": 3, "read": {"device_start": -1, "device_end": -1}}, "empty44": {"write": {"device_start": 1585623510.6297193, "host_queued_start": 1585623577.019919, "device_queued": 1585623510.6294477, "device_end": 1585623510.6297448, "host_queued_end": 1585623577.074635}, "device": "gpu", "nd_range": {"device_start": 1585623510.629756, "device_end": 1585623510.6297596}, "cmdq": 3, "read": {"device_start": -1, "device_end": -1}}, "empty8": {"write": {"device_start": -1, "host_queued_start": 1585623577.076363, "device_queued": -1, "device_end": -1, "host_queued_end": 1585623577.083469}, "device": "cpu", "nd_range": {"device_start": 2291351.273028143, "device_end": 2291351.27303862}, "cmdq": 0, "read": {"device_start": -1, "device_end": -1}}, "softmax50": {"write": {"device_start": -1, "host_queued_start": 1585623577.060803, "device_queued": -1, "device_end": -1, "host_queued_end": 1585623577.074635}, "device": "gpu", "nd_range": {"device_start": 1585623510.6581435, "device_end": 1585623510.658522}, "cmdq": 2, "read": {"device_start": -1, "device_end": -1}}, "softmax59": {"write": {"device_start": -1, "host_queued_start": 1585623577.061062, "device_queued": -1, "device_end": -1, "host_queued_end": 1585623577.074635}, "device": "gpu", "nd_range": {"device_start": 1585623510.6578853, "device_end": 1585623510.6580946}, "cmdq": 3, "read": {"device_start": -1, "device_end": -1}}, "FFC_sans_bias24": {"write": {"device_start": -1, "host_queued_start": 1585623577.062466, "device_queued": -1, "device_end": -1, "host_queued_end": 1585623577.074635}, "device": "gpu", "nd_range": {"device_start": 1585623510.6584632, "device_end": 1585623510.6592267}, "cmdq": 0, "read": {"device_start": -1, "device_end": -1}}, "FFC_sans_bias25": {"write": {"device_start": 1585623510.6612415, "host_queued_start": 1585623577.066949, "device_queued": 1585623510.6354668, "device_end": 1585623510.6612675, "host_queued_end": 1585623577.074635}, "device": "gpu", "nd_range": {"device_start": 1585623510.661285, "device_end": 1585623510.6631198}, "cmdq": 1, "read": {"device_start": 1585623510.6631277, "device_end": 1585623510.6631522}}, "FFC_sans_bias27": {"write": {"device_start": 1585623510.6322284, "host_queued_start": 1585623577.032001, "device_queued": 1585623510.6308281, "device_end": 1585623510.6322598, "host_queued_end": 1585623577.074635}, "device": "gpu", "nd_range": {"device_start": 1585623510.6322656, "device_end": 1585623510.6340194}, "cmdq": 3, "read": {"device_start": -1, "device_end": -1}}, "FFC_sans_bias20": {"write": {"device_start": 1585623510.6316826, "host_queued_start": 1585623577.030936, "device_queued": 1585623510.6308157, "device_end": 1585623510.6317081, "host_queued_end": 1585623577.074635}, "device": "gpu", "nd_range": {"device_start": 1585623510.631718, "device_end": 1585623510.6335306}, "cmdq": 2, "read": {"device_start": -1, "device_end": -1}}, "FFC_sans_bias22": {"write": {"device_start": -1, "host_queued_start": 1585623577.057215, "device_queued": -1, "device_end": -1, "host_queued_end": 1585623577.074635}, "device": "gpu", "nd_range": {"device_start": 1585623510.6532192, "device_end": 1585623510.6542225}, "cmdq": 2, "read": {"device_start": -1, "device_end": -1}}, "FFC_sans_bias28": {"write": {"device_start": 1585623510.6326632, "host_queued_start": 1585623577.033066, "device_queued": 1585623510.6310127, "device_end": 1585623510.6326888, "host_queued_end": 1585623577.074635}, "device": "gpu", "nd_range": {"device_start": 1585623510.6326976, "device_end": 1585623510.6345057}, "cmdq": 0, "read": {"device_start": -1, "device_end": -1}}, "FFC_sans_bias29": {"write": {"device_start": 1585623510.633216, "host_queued_start": 1585623577.034139, "device_queued": 1585623510.6311705, "device_end": 1585623510.6332474, "host_queued_end": 1585623577.074635}, "device": "gpu", "nd_range": {"device_start": 1585623510.6332502, "device_end": 1585623510.6349795}, "cmdq": 1, "read": {"device_start": -1, "device_end": -1}}, "coalesced_transpose66": {"write": {"device_start": -1, "host_queued_start": 1585623577.055914, "device_queued": -1, "device_end": -1, "host_queued_end": 1585623577.074635}, "device": "gpu", "nd_range": {"device_start": 1585623510.6531236, "device_end": 1585623510.6531553}, "cmdq": 2, "read": {"device_start": -1, "device_end": -1}}, "softmax23": {"write": {"device_start": -1, "host_queued_start": 1585623577.060035, "device_queued": -1, "device_end": -1, "host_queued_end": 1585623577.074635}, "device": "gpu", "nd_range": {"device_start": 1585623510.6576562, "device_end": 1585623510.657872}, "cmdq": 3, "read": {"device_start": -1, "device_end": -1}}, "empty62": {"write": {"device_start": 1585623510.6299777, "host_queued_start": 1585623577.021698, "device_queued": 1585623510.6298327, "device_end": 1585623510.6300404, "host_queued_end": 1585623577.074635}, "device": "gpu", "nd_range": {"device_start": 1585623510.6300542, "device_end": 1585623510.6300595}, "cmdq": 1, "read": {"device_start": -1, "device_end": -1}}, "FFC_sans_bias10": {"write": {"device_start": 1585623510.6304998, "host_queued_start": 1585623577.026566, "device_queued": 1585623510.6302633, "device_end": 1585623510.6305788, "host_queued_end": 1585623577.074635}, "device": "gpu", "nd_range": {"device_start": 1585623510.630586, "device_end": 1585623510.6315398}, "cmdq": 2, "read": {"device_start": -1, "device_end": -1}}, "FFC_sans_bias13": {"write": {"device_start": -1, "host_queued_start": 1585623577.056889, "device_queued": -1, "device_end": -1, "host_queued_end": 1585623577.074635}, "device": "gpu", "nd_range": {"device_start": 1585623510.6532023, "device_end": 1585623510.6538112}, "cmdq": 1, "read": {"device_start": -1, "device_end": -1}}, "FFC_sans_bias15": {"write": {"device_start": -1, "host_queued_start": 1585623577.062145, "device_queued": -1, "device_end": -1, "host_queued_end": 1585623577.074635}, "device": "gpu", "nd_range": {"device_start": 1585623510.6581566, "device_end": 1585623510.658766}, "cmdq": 3, "read": {"device_start": -1, "device_end": -1}}, "FFC_sans_bias16": {"write": {"device_start": 1585623510.6607702, "host_queued_start": 1585623577.065849, "device_queued": 1585623510.6353076, "device_end": 1585623510.6607955, "host_queued_end": 1585623577.074635}, "device": "gpu", "nd_range": {"device_start": 1585623510.6608138, "device_end": 1585623510.6625936}, "cmdq": 0, "read": {"device_start": 1585623510.6625977, "device_end": 1585623510.6626225}}, "FFC_sans_bias19": {"write": {"device_start": 1585623510.631272, "host_queued_start": 1585623577.029822, "device_queued": 1585623510.6307888, "device_end": 1585623510.6312966, "host_queued_end": 1585623577.074635}, "device": "gpu", "nd_range": {"device_start": 1585623510.6313066, "device_end": 1585623510.6330853}, "cmdq": 1, "read": {"device_start": -1, "device_end": -1}}, "FFC_sans_bias18": {"write": {"device_start": 1585623510.6306815, "host_queued_start": 1585623577.028744, "device_queued": 1585623510.6305916, "device_end": 1585623510.6307075, "host_queued_end": 1585623577.074635}, "device": "gpu", "nd_range": {"device_start": 1585623510.630781, "device_end": 1585623510.6325433}, "cmdq": 0, "read": {"device_start": -1, "device_end": -1}}, "coalesced_transpose12": {"write": {"device_start": -1, "host_queued_start": 1585623577.05401, "device_queued": -1, "device_end": -1, "host_queued_end": 1585623577.074635}, "device": "gpu", "nd_range": {"device_start": 1585623510.6517472, "device_end": 1585623510.6530871}, "cmdq": 0, "read": {"device_start": -1, "device_end": -1}}, "softmax32": {"write": {"device_start": -1, "host_queued_start": 1585623577.060286, "device_queued": -1, "device_end": -1, "host_queued_end": 1585623577.074635}, "device": "gpu", "nd_range": {"device_start": 1585623510.6567311, "device_end": 1585623510.6580997}, "cmdq": 0, "read": {"device_start": -1, "device_end": -1}}, "coalesced_transpose84": {"write": {"device_start": -1, "host_queued_start": 1585623577.056536, "device_queued": -1, "device_end": -1, "host_queued_end": 1585623577.074635}, "device": "gpu", "nd_range": {"device_start": 1585623510.6531465, "device_end": 1585623510.6531637}, "cmdq": 0, "read": {"device_start": -1, "device_end": -1}}, "empty17": {"write": {"device_start": 1585623510.629346, "host_queued_start": 1585623577.01668, "device_queued": 1585623510.6292264, "device_end": 1585623510.6293776, "host_queued_end": 1585623577.074635}, "device": "gpu", "nd_range": {"device_start": 1585623510.6294305, "device_end": 1585623510.6294355}, "cmdq": 0, "read": {"device_start": -1, "device_end": -1}}, "FFC_sans_bias87": {"write": {"device_start": -1, "host_queued_start": 1585623577.064781, "device_queued": -1, "device_end": -1, "host_queued_end": 1585623577.074635}, "device": "gpu", "nd_range": {"device_start": 1585623510.6601858, "device_end": 1585623510.6621344}, "cmdq": 3, "read": {"device_start": -1, "device_end": -1}}, "FFC_sans_bias85": {"write": {"device_start": -1, "host_queued_start": 1585623577.059516, "device_queued": -1, "device_end": -1, "host_queued_end": 1585623577.074635}, "device": "gpu", "nd_range": {"device_start": 1585623510.6552129, "device_end": 1585623510.657175}, "cmdq": 1, "read": {"device_start": -1, "device_end": -1}}, "FFC_sans_bias82": {"write": {"device_start": 1585623510.6508474, "host_queued_start": 1585623577.052467, "device_queued": 1585623510.6330338, "device_end": 1585623510.650873, "host_queued_end": 1585623577.074635}, "device": "gpu", "nd_range": {"device_start": 1585623510.6508827, "device_end": 1585623510.6527371}, "cmdq": 2, "read": {"device_start": -1, "device_end": -1}}, "FFC_sans_bias83": {"write": {"device_start": 1585623510.6513896, "host_queued_start": 1585623577.05355, "device_queued": 1585623510.6330492, "device_end": 1585623510.651417, "host_queued_end": 1585623577.074635}, "device": "gpu", "nd_range": {"device_start": 1585623510.6514254, "device_end": 1585623510.6531804}, "cmdq": 3, "read": {"device_start": -1, "device_end": -1}}, "FFC_sans_bias81": {"write": {"device_start": 1585623510.6504326, "host_queued_start": 1585623577.051398, "device_queued": 1585623510.6330087, "device_end": 1585623510.6504595, "host_queued_end": 1585623577.074635}, "device": "gpu", "nd_range": {"device_start": 1585623510.6504648, "device_end": 1585623510.6522403}, "cmdq": 1, "read": {"device_start": -1, "device_end": -1}}, "FFC_sans_bias88": {"write": {"device_start": 1585623510.665185, "host_queued_start": 1585623577.074528, "device_queued": 1585623510.636281, "device_end": 1585623510.66521, "host_queued_end": 1585623577.074635}, "device": "gpu", "nd_range": {"device_start": 1585623510.66522, "device_end": 1585623510.6669922}, "cmdq": 0, "read": {"device_start": 1585623510.666998, "device_end": 1585623510.6670215}}, "coalesced_transpose30": {"write": {"device_start": -1, "host_queued_start": 1585623577.054662, "device_queued": -1, "device_end": -1, "host_queued_end": 1585623577.074635}, "device": "gpu", "nd_range": {"device_start": 1585623510.6527405, "device_end": 1585623510.653113}, "cmdq": 2, "read": {"device_start": -1, "device_end": -1}}, "coalesced_transpose39": {"write": {"device_start": -1, "host_queued_start": 1585623577.054975, "device_queued": -1, "device_end": -1, "host_queued_end": 1585623577.074635}, "device": "gpu", "nd_range": {"device_start": 1585623510.653182, "device_end": 1585623510.6532223}, "cmdq": 3, "read": {"device_start": -1, "device_end": -1}}, "FFC_sans_bias79": {"write": {"device_start": 1585623510.6642914, "host_queued_start": 1585623577.073453, "device_queued": 1585623510.6360059, "device_end": 1585623510.6643152, "host_queued_end": 1585623577.074635}, "device": "gpu", "nd_range": {"device_start": 1585623510.6643276, "device_end": 1585623510.6660125}, "cmdq": 3, "read": {"device_start": 1585623510.6660163, "device_end": 1585623510.6660392}}, "FFC_sans_bias78": {"write": {"device_start": -1, "host_queued_start": 1585623577.064448, "device_queued": -1, "device_end": -1, "host_queued_end": 1585623577.074635}, "device": "gpu", "nd_range": {"device_start": 1585623510.6616406, "device_end": 1585623510.6635642}, "cmdq": 2, "read": {"device_start": -1, "device_end": -1}}, "FFC_sans_bias73": {"write": {"device_start": 1585623510.6494536, "host_queued_start": 1585623577.049248, "device_queued": 1585623510.6325808, "device_end": 1585623510.6494803, "host_queued_end": 1585623577.074635}, "device": "gpu", "nd_range": {"device_start": 1585623510.6494856, "device_end": 1585623510.651302}, "cmdq": 3, "read": {"device_start": -1, "device_end": -1}}, "FFC_sans_bias72": {"write": {"device_start": 1585623510.6489568, "host_queued_start": 1585623577.048183, "device_queued": 1585623510.6325445, "device_end": 1585623510.6489823, "host_queued_end": 1585623577.074635}, "device": "gpu", "nd_range": {"device_start": 1585623510.648986, "device_end": 1585623510.6507578}, "cmdq": 2, "read": {"device_start": -1, "device_end": -1}}, "FFC_sans_bias70": {"write": {"device_start": 1585623510.6647859, "host_queued_start": 1585623577.072375, "device_queued": 1585623510.6359844, "device_end": 1585623510.6648107, "host_queued_end": 1585623577.074635}, "device": "gpu", "nd_range": {"device_start": 1585623510.6648223, "device_end": 1585623510.6665657}, "cmdq": 2, "read": {"device_start": 1585623510.6665685, "device_end": 1585623510.666591}}, "FFC_sans_bias76": {"write": {"device_start": -1, "host_queued_start": 1585623577.059191, "device_queued": -1, "device_end": -1, "host_queued_end": 1585623577.074635}, "device": "gpu", "nd_range": {"device_start": 1585623510.6548038, "device_end": 1585623510.6567168}, "cmdq": 0, "read": {"device_start": -1, "device_end": -1}}, "FFC_sans_bias74": {"write": {"device_start": 1585623510.6498954, "host_queued_start": 1585623577.050321, "device_queued": 1585623510.632857, "device_end": 1585623510.6499295, "host_queued_end": 1585623577.074635}, "device": "gpu", "nd_range": {"device_start": 1585623510.6499374, "device_end": 1585623510.651745}, "cmdq": 0, "read": {"device_start": -1, "device_end": -1}}, "coalesced_transpose3": {"write": {"device_start": -1, "host_queued_start": 1585623577.0812, "device_queued": -1, "device_end": -1, "host_queued_end": 1585623577.083469}, "device": "cpu", "nd_range": {"device_start": 2291351.2851630813, "device_end": 2291351.285314271}, "cmdq": 4, "read": {"device_start": -1, "device_end": -1}}, "empty89": {"write": {"device_start": 1585623510.6302896, "host_queued_start": 1585623577.024357, "device_queued": 1585623510.630168, "device_end": 1585623510.6303692, "host_queued_end": 1585623577.074635}, "device": "gpu", "nd_range": {"device_start": 1585623510.6303802, "device_end": 1585623510.6303835}, "cmdq": 0, "read": {"device_start": -1, "device_end": -1}}, "empty80": {"write": {"device_start": 1585623510.630182, "host_queued_start": 1585623577.023472, "device_queued": 1585623510.6298864, "device_end": 1585623510.6302483, "host_queued_end": 1585623577.074635}, "device": "gpu", "nd_range": {"device_start": 1585623510.6302557, "device_end": 1585623510.6302595}, "cmdq": 3, "read": {"device_start": -1, "device_end": -1}}, "coalesced_transpose21": {"write": {"device_start": -1, "host_queued_start": 1585623577.054333, "device_queued": -1, "device_end": -1, "host_queued_end": 1585623577.074635}, "device": "gpu", "nd_range": {"device_start": 1585623510.6522415, "device_end": 1585623510.6530993}, "cmdq": 1, "read": {"device_start": -1, "device_end": -1}}, "softmax14": {"write": {"device_start": -1, "host_queued_start": 1585623577.05978, "device_queued": -1, "device_end": -1, "host_queued_end": 1585623577.074635}, "device": "gpu", "nd_range": {"device_start": 1585623510.6562085, "device_end": 1585623510.6581306}, "cmdq": 2, "read": {"device_start": -1, "device_end": -1}}, "FFC_sans_bias69": {"write": {"device_start": -1, "host_queued_start": 1585623577.064106, "device_queued": -1, "device_end": -1, "host_queued_end": 1585623577.074635}, "device": "gpu", "nd_range": {"device_start": 1585623510.6597264, "device_end": 1585623510.661158}, "cmdq": 1, "read": {"device_start": -1, "device_end": -1}}, "FFC_sans_bias60": {"write": {"device_start": -1, "host_queued_start": 1585623577.063782, "device_queued": -1, "device_end": -1, "host_queued_end": 1585623577.074635}, "device": "gpu", "nd_range": {"device_start": 1585623510.6592386, "device_end": 1585623510.660674}, "cmdq": 0, "read": {"device_start": -1, "device_end": -1}}, "FFC_sans_bias61": {"write": {"device_start": 1585623510.6641626, "host_queued_start": 1585623577.071281, "device_queued": 1585623510.635957, "device_end": 1585623510.6642008, "host_queued_end": 1585623577.074635}, "device": "gpu", "nd_range": {"device_start": 1585623510.6642206, "device_end": 1585623510.6656046}, "cmdq": 1, "read": {"device_start": 1585623510.6656172, "device_end": 1585623510.66564}}, "FFC_sans_bias63": {"write": {"device_start": 1585623510.6488714, "host_queued_start": 1585623577.04711, "device_queued": 1585623510.6325188, "device_end": 1585623510.648914, "host_queued_end": 1585623577.074635}, "device": "gpu", "nd_range": {"device_start": 1585623510.648931, "device_end": 1585623510.6503363}, "cmdq": 1, "read": {"device_start": -1, "device_end": -1}}, "FFC_sans_bias64": {"write": {"device_start": 1585623510.648696, "host_queued_start": 1585623577.044931, "device_queued": 1585623510.6320996, "device_end": 1585623510.6487505, "host_queued_end": 1585623577.074635}, "device": "gpu", "nd_range": {"device_start": 1585623510.6487613, "device_end": 1585623510.6493673}, "cmdq": 3, "read": {"device_start": -1, "device_end": -1}}, "FFC_sans_bias65": {"write": {"device_start": 1585623510.6487844, "host_queued_start": 1585623577.046031, "device_queued": 1585623510.6323647, "device_end": 1585623510.6488364, "host_queued_end": 1585623577.074635}, "device": "gpu", "nd_range": {"device_start": 1585623510.6488535, "device_end": 1585623510.6497686}, "cmdq": 0, "read": {"device_start": -1, "device_end": -1}}, "FFC_sans_bias67": {"write": {"device_start": -1, "host_queued_start": 1585623577.058864, "device_queued": -1, "device_end": -1, "host_queued_end": 1585623577.074635}, "device": "gpu", "nd_range": {"device_start": 1585623510.6557758, "device_end": 1585623510.6576378}, "cmdq": 3, "read": {"device_start": -1, "device_end": -1}}, "softmax68": {"write": {"device_start": -1, "host_queued_start": 1585623577.061312, "device_queued": -1, "device_end": -1, "host_queued_end": 1585623577.074635}, "device": "gpu", "nd_range": {"device_start": 1585623510.658112, "device_end": 1585623510.6584513}, "cmdq": 0, "read": {"device_start": -1, "device_end": -1}}, "empty35": {"write": {"device_start": 1585623510.6296275, "host_queued_start": 1585623577.018993, "device_queued": 1585623510.6294267, "device_end": 1585623510.6296823, "host_queued_end": 1585623577.074635}, "device": "gpu", "nd_range": {"device_start": 1585623510.6296885, "device_end": 1585623510.6296923}, "cmdq": 2, "read": {"device_start": -1, "device_end": -1}}, "softmax86": {"write": {"device_start": -1, "host_queued_start": 1585623577.061817, "device_queued": -1, "device_end": -1, "host_queued_end": 1585623577.074635}, "device": "gpu", "nd_range": {"device_start": 1585623510.6585343, "device_end": 1585623510.6598992}, "cmdq": 2, "read": {"device_start": -1, "device_end": -1}}, "FFC_sans_bias55": {"write": {"device_start": 1585623510.6374457, "host_queued_start": 1585623577.043842, "device_queued": 1585623510.6320846, "device_end": 1585623510.6374772, "host_queued_end": 1585623577.074635}, "device": "gpu", "nd_range": {"device_start": 1585623510.637484, "device_end": 1585623510.639297}, "cmdq": 2, "read": {"device_start": -1, "device_end": -1}}, "FFC_sans_bias54": {"write": {"device_start": 1585623510.636997, "host_queued_start": 1585623577.042756, "device_queued": 1585623510.6320574, "device_end": 1585623510.637024, "host_queued_end": 1585623577.074635}, "device": "gpu", "nd_range": {"device_start": 1585623510.6370292, "device_end": 1585623510.6388674}, "cmdq": 1, "read": {"device_start": -1, "device_end": -1}}, "FFC_sans_bias56": {"write": {"device_start": 1585623510.6365376, "host_queued_start": 1585623577.041652, "device_queued": 1585623510.631891, "device_end": 1585623510.6365643, "host_queued_end": 1585623577.074635}, "device": "gpu", "nd_range": {"device_start": 1585623510.6365728, "device_end": 1585623510.63833}, "cmdq": 0, "read": {"device_start": -1, "device_end": -1}}, "FFC_sans_bias51": {"write": {"device_start": -1, "host_queued_start": 1585623577.063451, "device_queued": -1, "device_end": -1, "host_queued_end": 1585623577.074635}, "device": "gpu", "nd_range": {"device_start": 1585623510.658778, "device_end": 1585623510.6601741}, "cmdq": 3, "read": {"device_start": -1, "device_end": -1}}, "FFC_sans_bias52": {"write": {"device_start": 1585623510.6640754, "host_queued_start": 1585623577.070189, "device_queued": 1585623510.6358001, "device_end": 1585623510.6641598, "host_queued_end": 1585623577.074635}, "device": "gpu", "nd_range": {"device_start": 1585623510.6641963, "device_end": 1585623510.6650276}, "cmdq": 0, "read": {"device_start": 1585623510.6650417, "device_end": 1585623510.6650646}}, "FFC_sans_bias58": {"write": {"device_start": -1, "host_queued_start": 1585623577.058523, "device_queued": -1, "device_end": -1, "host_queued_end": 1585623577.074635}, "device": "gpu", "nd_range": {"device_start": 1585623510.6542366, "device_end": 1585623510.6561956}, "cmdq": 2, "read": {"device_start": -1, "device_end": -1}}, "coalesced_transpose57": {"write": {"device_start": -1, "host_queued_start": 1585623577.0556, "device_queued": -1, "device_end": -1, "host_queued_end": 1585623577.074635}, "device": "gpu", "nd_range": {"device_start": 1585623510.6531098, "device_end": 1585623510.6531508}, "cmdq": 1, "read": {"device_start": -1, "device_end": -1}}, "empty26": {"write": {"device_start": 1585623510.6295018, "host_queued_start": 1585623577.017909, "device_queued": 1585623510.6294007, "device_end": 1585623510.629563, "host_queued_end": 1585623577.074635}, "device": "gpu", "nd_range": {"device_start": 1585623510.6295707, "device_end": 1585623510.6295755}, "cmdq": 1, "read": {"device_start": -1, "device_end": -1}}, "FFC_sans_bias11": {"write": {"device_start": 1585623510.6305873, "host_queued_start": 1585623577.027676, "device_queued": 1585623510.6302798, "device_end": 1585623510.6306317, "host_queued_end": 1585623577.074635}, "device": "gpu", "nd_range": {"device_start": 1585623510.6306367, "device_end": 1585623510.6321137}, "cmdq": 3, "read": {"device_start": -1, "device_end": -1}}, "FFC_sans_bias42": {"write": {"device_start": -1, "host_queued_start": 1585623577.063124, "device_queued": -1, "device_end": -1, "host_queued_end": 1585623577.074635}, "device": "gpu", "nd_range": {"device_start": 1585623510.6599112, "device_end": 1585623510.6616292}, "cmdq": 2, "read": {"device_start": -1, "device_end": -1}}, "FFC_sans_bias43": {"write": {"device_start": 1585623510.6622167, "host_queued_start": 1585623577.069092, "device_queued": 1585623510.6355126, "device_end": 1585623510.6622438, "host_queued_end": 1585623577.074635}, "device": "gpu", "nd_range": {"device_start": 1585623510.6622565, "device_end": 1585623510.66406}, "cmdq": 3, "read": {"device_start": 1585623510.664066, "device_end": 1585623510.664153}}, "FFC_sans_bias40": {"write": {"device_start": -1, "host_queued_start": 1585623577.057867, "device_queued": -1, "device_end": -1, "host_queued_end": 1585623577.074635}, "device": "gpu", "nd_range": {"device_start": 1585623510.6532395, "device_end": 1585623510.6547906}, "cmdq": 0, "read": {"device_start": -1, "device_end": -1}}, "FFC_sans_bias46": {"write": {"device_start": 1585623510.6355832, "host_queued_start": 1585623577.03951, "device_queued": 1585623510.631644, "device_end": 1585623510.6356142, "host_queued_end": 1585623577.074635}, "device": "gpu", "nd_range": {"device_start": 1585623510.6356218, "device_end": 1585623510.6373587}, "cmdq": 2, "read": {"device_start": -1, "device_end": -1}}, "FFC_sans_bias47": {"write": {"device_start": 1585623510.6360252, "host_queued_start": 1585623577.040583, "device_queued": 1585623510.6316662, "device_end": 1585623510.636052, "host_queued_end": 1585623577.074635}, "device": "gpu", "nd_range": {"device_start": 1585623510.6360605, "device_end": 1585623510.637893}, "cmdq": 3, "read": {"device_start": -1, "device_end": -1}}, "FFC_sans_bias45": {"write": {"device_start": 1585623510.6350884, "host_queued_start": 1585623577.038445, "device_queued": 1585623510.6316235, "device_end": 1585623510.635121, "host_queued_end": 1585623577.074635}, "device": "gpu", "nd_range": {"device_start": 1585623510.635126, "device_end": 1585623510.6369064}, "cmdq": 1, "read": {"device_start": -1, "device_end": -1}}, "FFC_sans_bias49": {"write": {"device_start": -1, "host_queued_start": 1585623577.058194, "device_queued": -1, "device_end": -1, "host_queued_end": 1585623577.074635}, "device": "gpu", "nd_range": {"device_start": 1585623510.6538267, "device_end": 1585623510.6551998}, "cmdq": 1, "read": {"device_start": -1, "device_end": -1}}, "softmax77": {"write": {"device_start": -1, "host_queued_start": 1585623577.061563, "device_queued": -1, "device_end": -1, "host_queued_end": 1585623577.074635}, "device": "gpu", "nd_range": {"device_start": 1585623510.6581278, "device_end": 1585623510.6584876}, "cmdq": 1, "read": {"device_start": -1, "device_end": -1}}, "softmax5": {"write": {"device_start": -1, "host_queued_start": 1585623577.081929, "device_queued": -1, "device_end": -1, "host_queued_end": 1585623577.083469}, "device": "cpu", "nd_range": {"device_start": 2291351.29303026, "device_end": 2291351.293130853}, "cmdq": 1, "read": {"device_start": -1, "device_end": -1}}, "empty53": {"write": {"device_start": 1585623510.6298654, "host_queued_start": 1585623577.020814, "device_queued": 1585623510.629778, "device_end": 1585623510.6299229, "host_queued_end": 1585623577.074635}, "device": "gpu", "nd_range": {"device_start": 1585623510.6299322, "device_end": 1585623510.6299365}, "cmdq": 0, "read": {"device_start": -1, "device_end": -1}}, "coalesced_transpose48": {"write": {"device_start": -1, "host_queued_start": 1585623577.055288, "device_queued": -1, "device_end": -1, "host_queued_end": 1585623577.074635}, "device": "gpu", "nd_range": {"device_start": 1585623510.6530948, "device_end": 1585623510.6531305}, "cmdq": 0, "read": {"device_start": -1, "device_end": -1}}}