{"FFC_sans_bias4": {"write": {"device_start": -1, "host_queued_start": 1585623333.894546, "device_queued": -1, "device_end": -1, "host_queued_end": 1585623333.902347}, "device": "cpu", "nd_range": {"device_start": 2291108.142049653, "device_end": 2291108.152595978}, "cmdq": 0, "read": {"device_start": -1, "device_end": -1}}, "FFC_sans_bias7": {"write": {"device_start": -1, "host_queued_start": 1585623333.899302, "device_queued": -1, "device_end": -1, "host_queued_end": 1585623333.902347}, "device": "cpu", "nd_range": {"device_start": 2291108.1729963194, "device_end": 2291108.18492633}, "cmdq": 0, "read": {"device_start": -1, "device_end": -1}}, "FFC_sans_bias6": {"write": {"device_start": -1, "host_queued_start": 1585623333.897087, "device_queued": -1, "device_end": -1, "host_queued_end": 1585623333.902347}, "device": "cpu", "nd_range": {"device_start": 2291108.160955862, "device_end": 2291108.166887442}, "cmdq": 0, "read": {"device_start": -1, "device_end": -1}}, "FFC_sans_bias1": {"write": {"device_start": -1, "host_queued_start": 1585623333.880928, "device_queued": -1, "device_end": -1, "host_queued_end": 1585623333.902347}, "device": "cpu", "nd_range": {"device_start": 2291108.091997499, "device_end": 2291108.099734112}, "cmdq": 1, "read": {"device_start": -1, "device_end": -1}}, "FFC_sans_bias0": {"write": {"device_start": -1, "host_queued_start": 1585623333.879602, "device_queued": -1, "device_end": -1, "host_queued_end": 1585623333.902347}, "device": "cpu", "nd_range": {"device_start": 2291108.0920258514, "device_end": 2291108.1002994683}, "cmdq": 0, "read": {"device_start": -1, "device_end": -1}}, "FFC_sans_bias2": {"write": {"device_start": -1, "host_queued_start": 1585623333.882299, "device_queued": -1, "device_end": -1, "host_queued_end": 1585623333.902347}, "device": "cpu", "nd_range": {"device_start": 2291108.100434447, "device_end": 2291108.112337641}, "cmdq": 0, "read": {"device_start": -1, "device_end": -1}}, "FFC_sans_bias9": {"write": {"device_start": -1, "host_queued_start": 1585623333.883477, "device_queued": -1, "device_end": -1, "host_queued_end": 1585623333.902347}, "device": "cpu", "nd_range": {"device_start": 2291108.0998719363, "device_end": 2291108.106585407}, "cmdq": 1, "read": {"device_start": -1, "device_end": -1}}, "empty71": {"write": {"device_start": 1585623267.435215, "host_queued_start": 1585623333.838758, "device_queued": 1585623267.4350078, "device_end": 1585623267.435262, "host_queued_end": 1585623333.873734}, "device": "gpu", "nd_range": {"device_start": 1585623267.4352694, "device_end": 1585623267.4352815}, "cmdq": 0, "read": {"device_start": -1, "device_end": -1}}, "softmax41": {"write": {"device_start": -1, "host_queued_start": 1585623333.86382, "device_queued": -1, "device_end": -1, "host_queued_end": 1585623333.873734}, "device": "gpu", "nd_range": {"device_start": 1585623267.445924, "device_end": 1585623267.447211}, "cmdq": 0, "read": {"device_start": -1, "device_end": -1}}, "FFC_sans_bias37": {"write": {"device_start": 1585623267.4356291, "host_queued_start": 1585623333.842429, "device_queued": 1585623267.4355288, "device_end": 1585623267.4357028, "host_queued_end": 1585623333.873734}, "device": "gpu", "nd_range": {"device_start": 1585623267.4357061, "device_end": 1585623267.436621}, "cmdq": 1, "read": {"device_start": -1, "device_end": -1}}, "FFC_sans_bias36": {"write": {"device_start": 1585623267.435533, "host_queued_start": 1585623333.84135, "device_queued": 1585623267.4353094, "device_end": 1585623267.4356048, "host_queued_end": 1585623333.873734}, "device": "gpu", "nd_range": {"device_start": 1585623267.4356112, "device_end": 1585623267.4362159}, "cmdq": 0, "read": {"device_start": -1, "device_end": -1}}, "FFC_sans_bias34": {"write": {"device_start": -1, "host_queued_start": 1585623333.902302, "device_queued": -1, "device_end": -1, "host_queued_end": 1585623333.902347}, "device": "cpu", "nd_range": {"device_start": 2291108.1941936263, "device_end": 2291108.2022110242}, "cmdq": 1, "read": {"device_start": -1, "device_end": -1}}, "FFC_sans_bias33": {"write": {"device_start": -1, "host_queued_start": 1585623333.898243, "device_queued": -1, "device_end": -1, "host_queued_end": 1585623333.902347}, "device": "cpu", "nd_range": {"device_start": 2291108.176569826, "device_end": 2291108.185895392}, "cmdq": 1, "read": {"device_start": -1, "device_end": -1}}, "FFC_sans_bias31": {"write": {"device_start": -1, "host_queued_start": 1585623333.895625, "device_queued": -1, "device_end": -1, "host_queued_end": 1585623333.902347}, "device": "cpu", "nd_range": {"device_start": 2291108.154456086, "device_end": 2291108.1684893053}, "cmdq": 1, "read": {"device_start": -1, "device_end": -1}}, "FFC_sans_bias38": {"write": {"device_start": 1585623267.4357247, "host_queued_start": 1585623333.843514, "device_queued": 1585623267.4355493, "device_end": 1585623267.4357495, "host_queued_end": 1585623333.873734}, "device": "gpu", "nd_range": {"device_start": 1585623267.4357584, "device_end": 1585623267.4372027}, "cmdq": 2, "read": {"device_start": -1, "device_end": -1}}, "coalesced_transpose75": {"write": {"device_start": -1, "host_queued_start": 1585623333.861268, "device_queued": -1, "device_end": -1, "host_queued_end": 1585623333.873734}, "device": "gpu", "nd_range": {"device_start": 1585623267.4443314, "device_end": 1585623267.4443483}, "cmdq": 1, "read": {"device_start": -1, "device_end": -1}}, "empty44": {"write": {"device_start": 1585623267.4348922, "host_queued_start": 1585623333.835989, "device_queued": 1585623267.4347668, "device_end": 1585623267.4349496, "host_queued_end": 1585623333.873734}, "device": "gpu", "nd_range": {"device_start": 1585623267.4349668, "device_end": 1585623267.4349716}, "cmdq": 0, "read": {"device_start": -1, "device_end": -1}}, "empty8": {"write": {"device_start": -1, "host_queued_start": 1585623333.875414, "device_queued": -1, "device_end": -1, "host_queued_end": 1585623333.902347}, "device": "cpu", "nd_range": {"device_start": 2291108.091945779, "device_end": 2291108.09195747}, "cmdq": 0, "read": {"device_start": -1, "device_end": -1}}, "softmax50": {"write": {"device_start": -1, "host_queued_start": 1585623333.864074, "device_queued": -1, "device_end": -1, "host_queued_end": 1585623333.873734}, "device": "gpu", "nd_range": {"device_start": 1585623267.4463725, "device_end": 1585623267.447207}, "cmdq": 1, "read": {"device_start": -1, "device_end": -1}}, "softmax59": {"write": {"device_start": -1, "host_queued_start": 1585623333.864322, "device_queued": -1, "device_end": -1, "host_queued_end": 1585623333.873734}, "device": "gpu", "nd_range": {"device_start": 1585623267.4474444, "device_end": 1585623267.4478216}, "cmdq": 2, "read": {"device_start": -1, "device_end": -1}}, "FFC_sans_bias24": {"write": {"device_start": -1, "host_queued_start": 1585623333.897788, "device_queued": -1, "device_end": -1, "host_queued_end": 1585623333.902347}, "device": "cpu", "nd_range": {"device_start": 2291108.167000141, "device_end": 2291108.172988846}, "cmdq": 0, "read": {"device_start": -1, "device_end": -1}}, "FFC_sans_bias25": {"write": {"device_start": -1, "host_queued_start": 1585623333.901304, "device_queued": -1, "device_end": -1, "host_queued_end": 1585623333.902347}, "device": "cpu", "nd_range": {"device_start": 2291108.184930975, "device_end": 2291108.204409514}, "cmdq": 0, "read": {"device_start": -1, "device_end": -1}}, "FFC_sans_bias27": {"write": {"device_start": -1, "host_queued_start": 1585623333.890273, "device_queued": -1, "device_end": -1, "host_queued_end": 1585623333.902347}, "device": "cpu", "nd_range": {"device_start": 2291108.122497124, "device_end": 2291108.136681817}, "cmdq": 1, "read": {"device_start": -1, "device_end": -1}}, "FFC_sans_bias20": {"write": {"device_start": -1, "host_queued_start": 1585623333.889036, "device_queued": -1, "device_end": -1, "host_queued_end": 1585623333.902347}, "device": "cpu", "nd_range": {"device_start": 2291108.127281148, "device_end": 2291108.135118987}, "cmdq": 0, "read": {"device_start": -1, "device_end": -1}}, "FFC_sans_bias22": {"write": {"device_start": -1, "host_queued_start": 1585623333.895274, "device_queued": -1, "device_end": -1, "host_queued_end": 1585623333.902347}, "device": "cpu", "nd_range": {"device_start": 2291108.152715092, "device_end": 2291108.1601919034}, "cmdq": 0, "read": {"device_start": -1, "device_end": -1}}, "FFC_sans_bias28": {"write": {"device_start": -1, "host_queued_start": 1585623333.891612, "device_queued": -1, "device_end": -1, "host_queued_end": 1585623333.902347}, "device": "cpu", "nd_range": {"device_start": 2291108.1352390773, "device_end": 2291108.141211083}, "cmdq": 0, "read": {"device_start": -1, "device_end": -1}}, "FFC_sans_bias29": {"write": {"device_start": -1, "host_queued_start": 1585623333.892778, "device_queued": -1, "device_end": -1, "host_queued_end": 1585623333.902347}, "device": "cpu", "nd_range": {"device_start": 2291108.136798934, "device_end": 2291108.145424295}, "cmdq": 1, "read": {"device_start": -1, "device_end": -1}}, "coalesced_transpose66": {"write": {"device_start": -1, "host_queued_start": 1585623333.860956, "device_queued": -1, "device_end": -1, "host_queued_end": 1585623333.873734}, "device": "gpu", "nd_range": {"device_start": 1585623267.4443214, "device_end": 1585623267.4443445}, "cmdq": 0, "read": {"device_start": -1, "device_end": -1}}, "softmax23": {"write": {"device_start": -1, "host_queued_start": 1585623333.896465, "device_queued": -1, "device_end": -1, "host_queued_end": 1585623333.902347}, "device": "cpu", "nd_range": {"device_start": 2291108.1606453513, "device_end": 2291108.1608488723}, "cmdq": 0, "read": {"device_start": -1, "device_end": -1}}, "empty62": {"write": {"device_start": 1585623267.435116, "host_queued_start": 1585623333.837874, "device_queued": 1585623267.434919, "device_end": 1585623267.4351797, "host_queued_end": 1585623333.873734}, "device": "gpu", "nd_range": {"device_start": 1585623267.4351838, "device_end": 1585623267.4351878}, "cmdq": 2, "read": {"device_start": -1, "device_end": -1}}, "FFC_sans_bias10": {"write": {"device_start": -1, "host_queued_start": 1585623333.884544, "device_queued": -1, "device_end": -1, "host_queued_end": 1585623333.902347}, "device": "cpu", "nd_range": {"device_start": 2291108.1124586393, "device_end": 2291108.1208266113}, "cmdq": 0, "read": {"device_start": -1, "device_end": -1}}, "FFC_sans_bias13": {"write": {"device_start": -1, "host_queued_start": 1585623333.894923, "device_queued": -1, "device_end": -1, "host_queued_end": 1585623333.902347}, "device": "cpu", "nd_range": {"device_start": 2291108.146237444, "device_end": 2291108.154341636}, "cmdq": 1, "read": {"device_start": -1, "device_end": -1}}, "FFC_sans_bias15": {"write": {"device_start": -1, "host_queued_start": 1585623333.897437, "device_queued": -1, "device_end": -1, "host_queued_end": 1585623333.902347}, "device": "cpu", "nd_range": {"device_start": 2291108.1692275093, "device_end": 2291108.176464435}, "cmdq": 1, "read": {"device_start": -1, "device_end": -1}}, "FFC_sans_bias16": {"write": {"device_start": -1, "host_queued_start": 1585623333.900306, "device_queued": -1, "device_end": -1, "host_queued_end": 1585623333.902347}, "device": "cpu", "nd_range": {"device_start": 2291108.186009161, "device_end": 2291108.1941714142}, "cmdq": 1, "read": {"device_start": -1, "device_end": -1}}, "FFC_sans_bias19": {"write": {"device_start": -1, "host_queued_start": 1585623333.887808, "device_queued": -1, "device_end": -1, "host_queued_end": 1585623333.902347}, "device": "cpu", "nd_range": {"device_start": 2291108.113718214, "device_end": 2291108.122381809}, "cmdq": 1, "read": {"device_start": -1, "device_end": -1}}, "FFC_sans_bias18": {"write": {"device_start": -1, "host_queued_start": 1585623333.886738, "device_queued": -1, "device_end": -1, "host_queued_end": 1585623333.902347}, "device": "cpu", "nd_range": {"device_start": 2291108.1209482923, "device_end": 2291108.1271643103}, "cmdq": 0, "read": {"device_start": -1, "device_end": -1}}, "coalesced_transpose12": {"write": {"device_start": -1, "host_queued_start": 1585623333.893525, "device_queued": -1, "device_end": -1, "host_queued_end": 1585623333.902347}, "device": "cpu", "nd_range": {"device_start": 2291108.1455361713, "device_end": 2291108.1457825582}, "cmdq": 1, "read": {"device_start": -1, "device_end": -1}}, "softmax32": {"write": {"device_start": -1, "host_queued_start": 1585623333.896741, "device_queued": -1, "device_end": -1, "host_queued_end": 1585623333.902347}, "device": "cpu", "nd_range": {"device_start": 2291108.1689191563, "device_end": 2291108.1691249213}, "cmdq": 1, "read": {"device_start": -1, "device_end": -1}}, "coalesced_transpose84": {"write": {"device_start": -1, "host_queued_start": 1585623333.861577, "device_queued": -1, "device_end": -1, "host_queued_end": 1585623333.873734}, "device": "gpu", "nd_range": {"device_start": 1585623267.4452662, "device_end": 1585623267.445765}, "cmdq": 2, "read": {"device_start": -1, "device_end": -1}}, "empty17": {"write": {"device_start": -1, "host_queued_start": 1585623333.876485, "device_queued": -1, "device_end": -1, "host_queued_end": 1585623333.902347}, "device": "cpu", "nd_range": {"device_start": 2291108.091945717, "device_end": 2291108.0919574783}, "cmdq": 1, "read": {"device_start": -1, "device_end": -1}}, "FFC_sans_bias87": {"write": {"device_start": -1, "host_queued_start": 1585623333.867216, "device_queued": -1, "device_end": -1, "host_queued_end": 1585623333.873734}, "device": "gpu", "nd_range": {"device_start": 1585623267.4500067, "device_end": 1585623267.4514396}, "cmdq": 2, "read": {"device_start": -1, "device_end": -1}}, "FFC_sans_bias85": {"write": {"device_start": -1, "host_queued_start": 1585623333.863563, "device_queued": -1, "device_end": -1, "host_queued_end": 1585623333.873734}, "device": "gpu", "nd_range": {"device_start": 1585623267.4468338, "device_end": 1585623267.4474432}, "cmdq": 2, "read": {"device_start": -1, "device_end": -1}}, "FFC_sans_bias82": {"write": {"device_start": 1585623267.442654, "host_queued_start": 1585623333.858495, "device_queued": 1585623267.4369965, "device_end": 1585623267.4426858, "host_queued_end": 1585623333.873734}, "device": "gpu", "nd_range": {"device_start": 1585623267.4426894, "device_end": 1585623267.4439492}, "cmdq": 1, "read": {"device_start": -1, "device_end": -1}}, "FFC_sans_bias83": {"write": {"device_start": 1585623267.4431386, "host_queued_start": 1585623333.859664, "device_queued": 1585623267.4370124, "device_end": 1585623267.4431703, "host_queued_end": 1585623333.873734}, "device": "gpu", "nd_range": {"device_start": 1585623267.4431758, "device_end": 1585623267.444418}, "cmdq": 2, "read": {"device_start": -1, "device_end": -1}}, "FFC_sans_bias81": {"write": {"device_start": 1585623267.4421358, "host_queued_start": 1585623333.857434, "device_queued": 1585623267.436961, "device_end": 1585623267.4421692, "host_queued_end": 1585623333.873734}, "device": "gpu", "nd_range": {"device_start": 1585623267.442173, "device_end": 1585623267.4434633}, "cmdq": 0, "read": {"device_start": -1, "device_end": -1}}, "FFC_sans_bias88": {"write": {"device_start": 1585623267.452645, "host_queued_start": 1585623333.873631, "device_queued": 1585623267.4389436, "device_end": 1585623267.4526756, "host_queued_end": 1585623333.873734}, "device": "gpu", "nd_range": {"device_start": 1585623267.4526787, "device_end": 1585623267.4533753}, "cmdq": 2, "read": {"device_start": 1585623267.4533827, "device_end": 1585623267.4534066}}, "coalesced_transpose30": {"write": {"device_start": -1, "host_queued_start": 1585623333.894197, "device_queued": -1, "device_end": -1, "host_queued_end": 1585623333.902347}, "device": "cpu", "nd_range": {"device_start": 2291108.145891832, "device_end": 2291108.1461303523}, "cmdq": 1, "read": {"device_start": -1, "device_end": -1}}, "coalesced_transpose39": {"write": {"device_start": -1, "host_queued_start": 1585623333.860003, "device_queued": -1, "device_end": -1, "host_queued_end": 1585623333.873734}, "device": "gpu", "nd_range": {"device_start": 1585623267.4434648, "device_end": 1585623267.4443204}, "cmdq": 0, "read": {"device_start": -1, "device_end": -1}}, "FFC_sans_bias79": {"write": {"device_start": 1585623267.4506853, "host_queued_start": 1585623333.872561, "device_queued": 1585623267.4389155, "device_end": 1585623267.4507163, "host_queued_end": 1585623333.873734}, "device": "gpu", "nd_range": {"device_start": 1585623267.4507208, "device_end": 1585623267.4518769}, "cmdq": 1, "read": {"device_start": 1585623267.4518807, "device_end": 1585623267.4519048}}, "FFC_sans_bias78": {"write": {"device_start": -1, "host_queued_start": 1585623333.866886, "device_queued": -1, "device_end": -1, "host_queued_end": 1585623333.873734}, "device": "gpu", "nd_range": {"device_start": 1585623267.448059, "device_end": 1585623267.449038}, "cmdq": 1, "read": {"device_start": -1, "device_end": -1}}, "FFC_sans_bias73": {"write": {"device_start": 1585623267.4411547, "host_queued_start": 1585623333.855315, "device_queued": 1585623267.4367921, "device_end": 1585623267.441186, "host_queued_end": 1585623333.873734}, "device": "gpu", "nd_range": {"device_start": 1585623267.4411898, "device_end": 1585623267.4425294}, "cmdq": 1, "read": {"device_start": -1, "device_end": -1}}, "FFC_sans_bias72": {"write": {"device_start": 1585623267.4406924, "host_queued_start": 1585623333.854224, "device_queued": 1585623267.4365816, "device_end": 1585623267.4407244, "host_queued_end": 1585623333.873734}, "device": "gpu", "nd_range": {"device_start": 1585623267.44073, "device_end": 1585623267.4420037}, "cmdq": 0, "read": {"device_start": -1, "device_end": -1}}, "FFC_sans_bias70": {"write": {"device_start": 1585623267.45175, "host_queued_start": 1585623333.871505, "device_queued": 1585623267.438856, "device_end": 1585623267.4517825, "host_queued_end": 1585623333.873734}, "device": "gpu", "nd_range": {"device_start": 1585623267.4517858, "device_end": 1585623267.4528449}, "cmdq": 0, "read": {"device_start": 1585623267.4528558, "device_end": 1585623267.452879}}, "FFC_sans_bias76": {"write": {"device_start": -1, "host_queued_start": 1585623333.863233, "device_queued": -1, "device_end": -1, "host_queued_end": 1585623333.873734}, "device": "gpu", "nd_range": {"device_start": 1585623267.445415, "device_end": 1585623267.4463713}, "cmdq": 1, "read": {"device_start": -1, "device_end": -1}}, "FFC_sans_bias74": {"write": {"device_start": 1585623267.4417021, "host_queued_start": 1585623333.856385, "device_queued": 1585623267.4368134, "device_end": 1585623267.4417348, "host_queued_end": 1585623333.873734}, "device": "gpu", "nd_range": {"device_start": 1585623267.4417384, "device_end": 1585623267.4430003}, "cmdq": 2, "read": {"device_start": -1, "device_end": -1}}, "coalesced_transpose3": {"write": {"device_start": -1, "host_queued_start": 1585623333.893184, "device_queued": -1, "device_end": -1, "host_queued_end": 1585623333.902347}, "device": "cpu", "nd_range": {"device_start": 2291108.1413285383, "device_end": 2291108.1415807293}, "cmdq": 0, "read": {"device_start": -1, "device_end": -1}}, "empty89": {"write": {"device_start": 1585623267.4354253, "host_queued_start": 1585623333.840369, "device_queued": 1585623267.435245, "device_end": 1585623267.4354832, "host_queued_end": 1585623333.873734}, "device": "gpu", "nd_range": {"device_start": 1585623267.435487, "device_end": 1585623267.4354928}, "cmdq": 2, "read": {"device_start": -1, "device_end": -1}}, "empty80": {"write": {"device_start": 1585623267.435317, "host_queued_start": 1585623333.839565, "device_queued": 1585623267.4352205, "device_end": 1585623267.4353843, "host_queued_end": 1585623333.873734}, "device": "gpu", "nd_range": {"device_start": 1585623267.4353914, "device_end": 1585623267.4354038}, "cmdq": 1, "read": {"device_start": -1, "device_end": -1}}, "coalesced_transpose21": {"write": {"device_start": -1, "host_queued_start": 1585623333.893864, "device_queued": -1, "device_end": -1, "host_queued_end": 1585623333.902347}, "device": "cpu", "nd_range": {"device_start": 2291108.141692695, "device_end": 2291108.1419388363}, "cmdq": 0, "read": {"device_start": -1, "device_end": -1}}, "softmax14": {"write": {"device_start": -1, "host_queued_start": 1585623333.896191, "device_queued": -1, "device_end": -1, "host_queued_end": 1585623333.902347}, "device": "cpu", "nd_range": {"device_start": 2291108.1686033932, "device_end": 2291108.168812232}, "cmdq": 1, "read": {"device_start": -1, "device_end": -1}}, "FFC_sans_bias69": {"write": {"device_start": -1, "host_queued_start": 1585623333.866538, "device_queued": -1, "device_end": -1, "host_queued_end": 1585623333.873734}, "device": "gpu", "nd_range": {"device_start": 1585623267.4484673, "device_end": 1585623267.4494646}, "cmdq": 0, "read": {"device_start": -1, "device_end": -1}}, "FFC_sans_bias60": {"write": {"device_start": -1, "host_queued_start": 1585623333.866215, "device_queued": -1, "device_end": -1, "host_queued_end": 1585623333.873734}, "device": "gpu", "nd_range": {"device_start": 1585623267.4486518, "device_end": 1585623267.450005}, "cmdq": 2, "read": {"device_start": -1, "device_end": -1}}, "FFC_sans_bias61": {"write": {"device_start": 1585623267.4515736, "host_queued_start": 1585623333.870414, "device_queued": 1585623267.4385793, "device_end": 1585623267.4516056, "host_queued_end": 1585623333.873734}, "device": "gpu", "nd_range": {"device_start": 1585623267.4516096, "device_end": 1585623267.4524188}, "cmdq": 2, "read": {"device_start": 1585623267.4524264, "device_end": 1585623267.4524505}}, "FFC_sans_bias63": {"write": {"device_start": 1585623267.440172, "host_queued_start": 1585623333.853142, "device_queued": 1585623267.4364402, "device_end": 1585623267.4401984, "host_queued_end": 1585623333.873734}, "device": "gpu", "nd_range": {"device_start": 1585623267.4402058, "device_end": 1585623267.4415662}, "cmdq": 2, "read": {"device_start": -1, "device_end": -1}}, "FFC_sans_bias64": {"write": {"device_start": 1585623267.4392397, "host_queued_start": 1585623333.851025, "device_queued": 1585623267.4363728, "device_end": 1585623267.439266, "host_queued_end": 1585623333.873734}, "device": "gpu", "nd_range": {"device_start": 1585623267.4392734, "device_end": 1585623267.4405725}, "cmdq": 0, "read": {"device_start": -1, "device_end": -1}}, "FFC_sans_bias65": {"write": {"device_start": 1585623267.4397025, "host_queued_start": 1585623333.852086, "device_queued": 1585623267.4364262, "device_end": 1585623267.4397287, "host_queued_end": 1585623333.873734}, "device": "gpu", "nd_range": {"device_start": 1585623267.4397342, "device_end": 1585623267.4410195}, "cmdq": 1, "read": {"device_start": -1, "device_end": -1}}, "FFC_sans_bias67": {"write": {"device_start": -1, "host_queued_start": 1585623333.862905, "device_queued": -1, "device_end": -1, "host_queued_end": 1585623333.873734}, "device": "gpu", "nd_range": {"device_start": 1585623267.4449563, "device_end": 1585623267.4459229}, "cmdq": 0, "read": {"device_start": -1, "device_end": -1}}, "softmax68": {"write": {"device_start": -1, "host_queued_start": 1585623333.86469, "device_queued": -1, "device_end": -1, "host_queued_end": 1585623333.873734}, "device": "gpu", "nd_range": {"device_start": 1585623267.4472122, "device_end": 1585623267.4474576}, "cmdq": 0, "read": {"device_start": -1, "device_end": -1}}, "empty35": {"write": {"device_start": -1, "host_queued_start": 1585623333.878509, "device_queued": -1, "device_end": -1, "host_queued_end": 1585623333.902347}, "device": "cpu", "nd_range": {"device_start": 2291108.091976947, "device_end": 2291108.091978123}, "cmdq": 1, "read": {"device_start": -1, "device_end": -1}}, "softmax86": {"write": {"device_start": -1, "host_queued_start": 1585623333.865218, "device_queued": -1, "device_end": -1, "host_queued_end": 1585623333.873734}, "device": "gpu", "nd_range": {"device_start": 1585623267.447823, "device_end": 1585623267.4486508}, "cmdq": 2, "read": {"device_start": -1, "device_end": -1}}, "FFC_sans_bias55": {"write": {"device_start": 1585623267.4387364, "host_queued_start": 1585623333.849926, "device_queued": 1585623267.4361982, "device_end": 1585623267.4387698, "host_queued_end": 1585623333.873734}, "device": "gpu", "nd_range": {"device_start": 1585623267.438778, "device_end": 1585623267.440052}, "cmdq": 2, "read": {"device_start": -1, "device_end": -1}}, "FFC_sans_bias54": {"write": {"device_start": 1585623267.4382892, "host_queued_start": 1585623333.848868, "device_queued": 1585623267.4361675, "device_end": 1585623267.43832, "host_queued_end": 1585623333.873734}, "device": "gpu", "nd_range": {"device_start": 1585623267.438324, "device_end": 1585623267.4395874}, "cmdq": 1, "read": {"device_start": -1, "device_end": -1}}, "FFC_sans_bias56": {"write": {"device_start": 1585623267.4377222, "host_queued_start": 1585623333.847817, "device_queued": 1585623267.4360013, "device_end": 1585623267.4377542, "host_queued_end": 1585623333.873734}, "device": "gpu", "nd_range": {"device_start": 1585623267.4377575, "device_end": 1585623267.439125}, "cmdq": 0, "read": {"device_start": -1, "device_end": -1}}, "FFC_sans_bias51": {"write": {"device_start": -1, "host_queued_start": 1585623333.865883, "device_queued": -1, "device_end": -1, "host_queued_end": 1585623333.873734}, "device": "gpu", "nd_range": {"device_start": 1585623267.4474533, "device_end": 1585623267.4480574}, "cmdq": 1, "read": {"device_start": -1, "device_end": -1}}, "FFC_sans_bias52": {"write": {"device_start": 1585623267.4492102, "host_queued_start": 1585623333.869335, "device_queued": 1585623267.438552, "device_end": 1585623267.4492407, "host_queued_end": 1585623333.873734}, "device": "gpu", "nd_range": {"device_start": 1585623267.4492497, "device_end": 1585623267.450448}, "cmdq": 1, "read": {"device_start": 1585623267.450451, "device_end": 1585623267.4504795}}, "FFC_sans_bias58": {"write": {"device_start": -1, "host_queued_start": 1585623333.862551, "device_queued": -1, "device_end": -1, "host_queued_end": 1585623333.873734}, "device": "gpu", "nd_range": {"device_start": 1585623267.4457662, "device_end": 1585623267.4468327}, "cmdq": 2, "read": {"device_start": -1, "device_end": -1}}, "coalesced_transpose57": {"write": {"device_start": -1, "host_queued_start": 1585623333.860642, "device_queued": -1, "device_end": -1, "host_queued_end": 1585623333.873734}, "device": "gpu", "nd_range": {"device_start": 1585623267.4444196, "device_end": 1585623267.4452546}, "cmdq": 2, "read": {"device_start": -1, "device_end": -1}}, "empty26": {"write": {"device_start": -1, "host_queued_start": 1585623333.877449, "device_queued": -1, "device_end": -1, "host_queued_end": 1585623333.902347}, "device": "cpu", "nd_range": {"device_start": 2291108.092012015, "device_end": 2291108.092013466}, "cmdq": 0, "read": {"device_start": -1, "device_end": -1}}, "FFC_sans_bias11": {"write": {"device_start": -1, "host_queued_start": 1585623333.885617, "device_queued": -1, "device_end": -1, "host_queued_end": 1585623333.902347}, "device": "cpu", "nd_range": {"device_start": 2291108.106702481, "device_end": 2291108.113603889}, "cmdq": 1, "read": {"device_start": -1, "device_end": -1}}, "FFC_sans_bias42": {"write": {"device_start": -1, "host_queued_start": 1585623333.865551, "device_queued": -1, "device_end": -1, "host_queued_end": 1585623333.873734}, "device": "gpu", "nd_range": {"device_start": 1585623267.4474592, "device_end": 1585623267.448466}, "cmdq": 0, "read": {"device_start": -1, "device_end": -1}}, "FFC_sans_bias43": {"write": {"device_start": 1585623267.449598, "host_queued_start": 1585623333.868252, "device_queued": 1585623267.4383972, "device_end": 1585623267.449631, "host_queued_end": 1585623333.873734}, "device": "gpu", "nd_range": {"device_start": 1585623267.449637, "device_end": 1585623267.4509509}, "cmdq": 0, "read": {"device_start": 1585623267.450955, "device_end": 1585623267.45098}}, "FFC_sans_bias40": {"write": {"device_start": -1, "host_queued_start": 1585623333.8619, "device_queued": -1, "device_end": -1, "host_queued_end": 1585623333.873734}, "device": "gpu", "nd_range": {"device_start": 1585623267.4443455, "device_end": 1585623267.4449553}, "cmdq": 0, "read": {"device_start": -1, "device_end": -1}}, "FFC_sans_bias46": {"write": {"device_start": 1585623267.436744, "host_queued_start": 1585623333.845639, "device_queued": 1585623267.435825, "device_end": 1585623267.4367697, "host_queued_end": 1585623333.873734}, "device": "gpu", "nd_range": {"device_start": 1585623267.4367754, "device_end": 1585623267.4381776}, "cmdq": 1, "read": {"device_start": -1, "device_end": -1}}, "FFC_sans_bias47": {"write": {"device_start": 1585623267.4373152, "host_queued_start": 1585623333.846768, "device_queued": 1585623267.4358478, "device_end": 1585623267.43734, "host_queued_end": 1585623333.873734}, "device": "gpu", "nd_range": {"device_start": 1585623267.4373446, "device_end": 1585623267.4386108}, "cmdq": 2, "read": {"device_start": -1, "device_end": -1}}, "FFC_sans_bias45": {"write": {"device_start": 1585623267.4363275, "host_queued_start": 1585623333.844567, "device_queued": 1585623267.435765, "device_end": 1585623267.4363582, "host_queued_end": 1585623333.873734}, "device": "gpu", "nd_range": {"device_start": 1585623267.4363632, "device_end": 1585623267.43761}, "cmdq": 0, "read": {"device_start": -1, "device_end": -1}}, "FFC_sans_bias49": {"write": {"device_start": -1, "host_queued_start": 1585623333.86223, "device_queued": -1, "device_end": -1, "host_queued_end": 1585623333.873734}, "device": "gpu", "nd_range": {"device_start": 1585623267.4443495, "device_end": 1585623267.4454138}, "cmdq": 1, "read": {"device_start": -1, "device_end": -1}}, "softmax77": {"write": {"device_start": -1, "host_queued_start": 1585623333.864946, "device_queued": -1, "device_end": -1, "host_queued_end": 1585623333.873734}, "device": "gpu", "nd_range": {"device_start": 1585623267.447208, "device_end": 1585623267.4474523}, "cmdq": 1, "read": {"device_start": -1, "device_end": -1}}, "softmax5": {"write": {"device_start": -1, "host_queued_start": 1585623333.895914, "device_queued": -1, "device_end": -1, "host_queued_end": 1585623333.902347}, "device": "cpu", "nd_range": {"device_start": 2291108.1603131574, "device_end": 2291108.160530391}, "cmdq": 0, "read": {"device_start": -1, "device_end": -1}}, "empty53": {"write": {"device_start": 1585623267.4350083, "host_queued_start": 1585623333.837032, "device_queued": 1585623267.4348977, "device_end": 1585623267.4350746, "host_queued_end": 1585623333.873734}, "device": "gpu", "nd_range": {"device_start": 1585623267.4350781, "device_end": 1585623267.4350843}, "cmdq": 1, "read": {"device_start": -1, "device_end": -1}}, "coalesced_transpose48": {"write": {"device_start": -1, "host_queued_start": 1585623333.860324, "device_queued": -1, "device_end": -1, "host_queued_end": 1585623333.873734}, "device": "gpu", "nd_range": {"device_start": 1585623267.4439504, "device_end": 1585623267.44433}, "cmdq": 1, "read": {"device_start": -1, "device_end": -1}}}