{"FFC_sans_bias4": {"write": {"device_start": -1, "host_queued_start": 1585623436.834803, "device_queued": -1, "device_end": -1, "host_queued_end": 1585623436.84843}, "device": "cpu", "nd_range": {"device_start": 2291211.10113865, "device_end": 2291211.116342015}, "cmdq": 0, "read": {"device_start": -1, "device_end": -1}}, "FFC_sans_bias7": {"write": {"device_start": -1, "host_queued_start": 1585623436.842368, "device_queued": -1, "device_end": -1, "host_queued_end": 1585623436.84843}, "device": "cpu", "nd_range": {"device_start": 2291211.204888211, "device_end": 2291211.212809753}, "cmdq": 1, "read": {"device_start": -1, "device_end": -1}}, "FFC_sans_bias6": {"write": {"device_start": -1, "host_queued_start": 1585623436.839228, "device_queued": -1, "device_end": -1, "host_queued_end": 1585623436.84843}, "device": "cpu", "nd_range": {"device_start": 2291211.161082268, "device_end": 2291211.174937738}, "cmdq": 4, "read": {"device_start": -1, "device_end": -1}}, "FFC_sans_bias1": {"write": {"device_start": -1, "host_queued_start": 1585623436.811635, "device_queued": -1, "device_end": -1, "host_queued_end": 1585623436.84843}, "device": "cpu", "nd_range": {"device_start": 2291211.0388352983, "device_end": 2291211.054021221}, "cmdq": 3, "read": {"device_start": -1, "device_end": -1}}, "FFC_sans_bias0": {"write": {"device_start": -1, "host_queued_start": 1585623436.81045, "device_queued": -1, "device_end": -1, "host_queued_end": 1585623436.84843}, "device": "cpu", "nd_range": {"device_start": 2291211.038090804, "device_end": 2291211.054335732}, "cmdq": 2, "read": {"device_start": -1, "device_end": -1}}, "FFC_sans_bias2": {"write": {"device_start": -1, "host_queued_start": 1585623436.812779, "device_queued": -1, "device_end": -1, "host_queued_end": 1585623436.84843}, "device": "cpu", "nd_range": {"device_start": 2291211.0543667213, "device_end": 2291211.0703215003}, "cmdq": 4, "read": {"device_start": -1, "device_end": -1}}, "FFC_sans_bias9": {"write": {"device_start": -1, "host_queued_start": 1585623436.813827, "device_queued": -1, "device_end": -1, "host_queued_end": 1585623436.84843}, "device": "cpu", "nd_range": {"device_start": 2291211.0380914253, "device_end": 2291211.053501326}, "cmdq": 0, "read": {"device_start": -1, "device_end": -1}}, "empty71": {"write": {"device_start": 1585623370.3607285, "host_queued_start": 1585623436.783936, "device_queued": 1585623370.3605905, "device_end": 1585623370.3607562, "host_queued_end": 1585623436.802291}, "device": "gpu", "nd_range": {"device_start": 1585623370.3607674, "device_end": 1585623370.3607724}, "cmdq": 0, "read": {"device_start": -1, "device_end": -1}}, "softmax41": {"write": {"device_start": -1, "host_queued_start": 1585623436.838323, "device_queued": -1, "device_end": -1, "host_queued_end": 1585623436.84843}, "device": "cpu", "nd_range": {"device_start": 2291211.1891729473, "device_end": 2291211.189393254}, "cmdq": 1, "read": {"device_start": -1, "device_end": -1}}, "FFC_sans_bias37": {"write": {"device_start": -1, "host_queued_start": 1585623436.824656, "device_queued": -1, "device_end": -1, "host_queued_end": 1585623436.84843}, "device": "cpu", "nd_range": {"device_start": 2291211.069188919, "device_end": 2291211.0846224222}, "cmdq": 0, "read": {"device_start": -1, "device_end": -1}}, "FFC_sans_bias36": {"write": {"device_start": -1, "host_queued_start": 1585623436.823577, "device_queued": -1, "device_end": -1, "host_queued_end": 1585623436.84843}, "device": "cpu", "nd_range": {"device_start": 2291211.087515621, "device_end": 2291211.103082038}, "cmdq": 4, "read": {"device_start": -1, "device_end": -1}}, "FFC_sans_bias34": {"write": {"device_start": -1, "host_queued_start": 1585623436.84539, "device_queued": -1, "device_end": -1, "host_queued_end": 1585623436.84843}, "device": "cpu", "nd_range": {"device_start": 2291211.1825627363, "device_end": 2291211.205207379}, "cmdq": 4, "read": {"device_start": -1, "device_end": -1}}, "FFC_sans_bias33": {"write": {"device_start": -1, "host_queued_start": 1585623436.840272, "device_queued": -1, "device_end": -1, "host_queued_end": 1585623436.84843}, "device": "cpu", "nd_range": {"device_start": 2291211.1606080453, "device_end": 2291211.175965649}, "cmdq": 2, "read": {"device_start": -1, "device_end": -1}}, "FFC_sans_bias31": {"write": {"device_start": -1, "host_queued_start": 1585623436.835838, "device_queued": -1, "device_end": -1, "host_queued_end": 1585623436.84843}, "device": "cpu", "nd_range": {"device_start": 2291211.140269012, "device_end": 2291211.156193943}, "cmdq": 3, "read": {"device_start": -1, "device_end": -1}}, "FFC_sans_bias38": {"write": {"device_start": -1, "host_queued_start": 1585623436.825716, "device_queued": -1, "device_end": -1, "host_queued_end": 1585623436.84843}, "device": "cpu", "nd_range": {"device_start": 2291211.087715847, "device_end": 2291211.1113633383}, "cmdq": 1, "read": {"device_start": -1, "device_end": -1}}, "coalesced_transpose75": {"write": {"device_start": -1, "host_queued_start": 1585623436.796075, "device_queued": -1, "device_end": -1, "host_queued_end": 1585623436.802291}, "device": "gpu", "nd_range": {"device_start": 1585623370.3650856, "device_end": 1585623370.365461}, "cmdq": 1, "read": {"device_start": -1, "device_end": -1}}, "empty44": {"write": {"device_start": -1, "host_queued_start": 1585623436.80767, "device_queued": -1, "device_end": -1, "host_queued_end": 1585623436.84843}, "device": "cpu", "nd_range": {"device_start": 2291211.0543525373, "device_end": 2291211.0543550113}, "cmdq": 4, "read": {"device_start": -1, "device_end": -1}}, "empty8": {"write": {"device_start": -1, "host_queued_start": 1585623436.803695, "device_queued": -1, "device_end": -1, "host_queued_end": 1585623436.84843}, "device": "cpu", "nd_range": {"device_start": 2291211.038072622, "device_end": 2291211.038073732}, "cmdq": 0, "read": {"device_start": -1, "device_end": -1}}, "softmax50": {"write": {"device_start": -1, "host_queued_start": 1585623436.838607, "device_queued": -1, "device_end": -1, "host_queued_end": 1585623436.84843}, "device": "cpu", "nd_range": {"device_start": 2291211.1603035512, "device_end": 2291211.1605012934}, "cmdq": 2, "read": {"device_start": -1, "device_end": -1}}, "softmax59": {"write": {"device_start": -1, "host_queued_start": 1585623436.838884, "device_queued": -1, "device_end": -1, "host_queued_end": 1585623436.84843}, "device": "cpu", "nd_range": {"device_start": 2291211.189344165, "device_end": 2291211.189571702}, "cmdq": 3, "read": {"device_start": -1, "device_end": -1}}, "FFC_sans_bias24": {"write": {"device_start": -1, "host_queued_start": 1585623436.839919, "device_queued": -1, "device_end": -1, "host_queued_end": 1585623436.84843}, "device": "cpu", "nd_range": {"device_start": 2291211.189399947, "device_end": 2291211.204872289}, "cmdq": 1, "read": {"device_start": -1, "device_end": -1}}, "FFC_sans_bias25": {"write": {"device_start": -1, "host_queued_start": 1585623436.844387, "device_queued": -1, "device_end": -1, "host_queued_end": 1585623436.84843}, "device": "cpu", "nd_range": {"device_start": 2291211.2158123953, "device_end": 2291211.231580275}, "cmdq": 3, "read": {"device_start": -1, "device_end": -1}}, "FFC_sans_bias27": {"write": {"device_start": -1, "host_queued_start": 1585623436.820361, "device_queued": -1, "device_end": -1, "host_queued_end": 1585623436.84843}, "device": "cpu", "nd_range": {"device_start": 2291211.0570616643, "device_end": 2291211.079266819}, "cmdq": 1, "read": {"device_start": -1, "device_end": -1}}, "FFC_sans_bias20": {"write": {"device_start": -1, "host_queued_start": 1585623436.819303, "device_queued": -1, "device_end": -1, "host_queued_end": 1585623436.84843}, "device": "cpu", "nd_range": {"device_start": 2291211.0535827302, "device_end": 2291211.0690613952}, "cmdq": 0, "read": {"device_start": -1, "device_end": -1}}, "FFC_sans_bias22": {"write": {"device_start": -1, "host_queued_start": 1585623436.835495, "device_queued": -1, "device_end": -1, "host_queued_end": 1585623436.84843}, "device": "cpu", "nd_range": {"device_start": 2291211.1444639843, "device_end": 2291211.159847311}, "cmdq": 2, "read": {"device_start": -1, "device_end": -1}}, "FFC_sans_bias28": {"write": {"device_start": -1, "host_queued_start": 1585623436.821423, "device_queued": -1, "device_end": -1, "host_queued_end": 1585623436.84843}, "device": "cpu", "nd_range": {"device_start": 2291211.116098715, "device_end": 2291211.1299289213}, "cmdq": 2, "read": {"device_start": -1, "device_end": -1}}, "FFC_sans_bias29": {"write": {"device_start": -1, "host_queued_start": 1585623436.82249, "device_queued": -1, "device_end": -1, "host_queued_end": 1585623436.84843}, "device": "cpu", "nd_range": {"device_start": 2291211.0695592524, "device_end": 2291211.084861192}, "cmdq": 3, "read": {"device_start": -1, "device_end": -1}}, "coalesced_transpose66": {"write": {"device_start": -1, "host_queued_start": 1585623436.795767, "device_queued": -1, "device_end": -1, "host_queued_end": 1585623436.802291}, "device": "gpu", "nd_range": {"device_start": 1585623370.364644, "device_end": 1585623370.3654542}, "cmdq": 0, "read": {"device_start": -1, "device_end": -1}}, "softmax23": {"write": {"device_start": -1, "host_queued_start": 1585623436.837696, "device_queued": -1, "device_end": -1, "host_queued_end": 1585623436.84843}, "device": "cpu", "nd_range": {"device_start": 2291211.160862428, "device_end": 2291211.161074878}, "cmdq": 4, "read": {"device_start": -1, "device_end": -1}}, "empty62": {"write": {"device_start": -1, "host_queued_start": 1585623436.809371, "device_queued": -1, "device_end": -1, "host_queued_end": 1585623436.84843}, "device": "cpu", "nd_range": {"device_start": 2291211.03807375, "device_end": 2291211.038074785}, "cmdq": 1, "read": {"device_start": -1, "device_end": -1}}, "FFC_sans_bias10": {"write": {"device_start": -1, "host_queued_start": 1585623436.815037, "device_queued": -1, "device_end": -1, "host_queued_end": 1585623436.84843}, "device": "cpu", "nd_range": {"device_start": 2291211.038081407, "device_end": 2291211.053565001}, "cmdq": 1, "read": {"device_start": -1, "device_end": -1}}, "FFC_sans_bias13": {"write": {"device_start": -1, "host_queued_start": 1585623436.835153, "device_queued": -1, "device_end": -1, "host_queued_end": 1585623436.84843}, "device": "cpu", "nd_range": {"device_start": 2291211.138444486, "device_end": 2291211.1470937342}, "cmdq": 1, "read": {"device_start": -1, "device_end": -1}}, "FFC_sans_bias15": {"write": {"device_start": -1, "host_queued_start": 1585623436.839571, "device_queued": -1, "device_end": -1, "host_queued_end": 1585623436.84843}, "device": "cpu", "nd_range": {"device_start": 2291211.156990827, "device_end": 2291211.172668129}, "cmdq": 0, "read": {"device_start": -1, "device_end": -1}}, "FFC_sans_bias16": {"write": {"device_start": -1, "host_queued_start": 1585623436.843384, "device_queued": -1, "device_end": -1, "host_queued_end": 1585623436.84843}, "device": "cpu", "nd_range": {"device_start": 2291211.175974672, "device_end": 2291211.188862287}, "cmdq": 2, "read": {"device_start": -1, "device_end": -1}}, "FFC_sans_bias19": {"write": {"device_start": -1, "host_queued_start": 1585623436.818217, "device_queued": -1, "device_end": -1, "host_queued_end": 1585623436.84843}, "device": "cpu", "nd_range": {"device_start": 2291211.0703293663, "device_end": 2291211.087380701}, "cmdq": 4, "read": {"device_start": -1, "device_end": -1}}, "FFC_sans_bias18": {"write": {"device_start": -1, "host_queued_start": 1585623436.817163, "device_queued": -1, "device_end": -1, "host_queued_end": 1585623436.84843}, "device": "cpu", "nd_range": {"device_start": 2291211.054145145, "device_end": 2291211.069438109}, "cmdq": 3, "read": {"device_start": -1, "device_end": -1}}, "coalesced_transpose12": {"write": {"device_start": -1, "host_queued_start": 1585623436.83277, "device_queued": -1, "device_end": -1, "host_queued_end": 1585623436.84843}, "device": "cpu", "nd_range": {"device_start": 2291211.1202180684, "device_end": 2291211.120479205}, "cmdq": 4, "read": {"device_start": -1, "device_end": -1}}, "softmax32": {"write": {"device_start": -1, "host_queued_start": 1585623436.837973, "device_queued": -1, "device_end": -1, "host_queued_end": 1585623436.84843}, "device": "cpu", "nd_range": {"device_start": 2291211.1566690723, "device_end": 2291211.156878008}, "cmdq": 0, "read": {"device_start": -1, "device_end": -1}}, "coalesced_transpose84": {"write": {"device_start": -1, "host_queued_start": 1585623436.796375, "device_queued": -1, "device_end": -1, "host_queued_end": 1585623436.802291}, "device": "gpu", "nd_range": {"device_start": 1585623370.3655865, "device_end": 1585623370.3664484}, "cmdq": 2, "read": {"device_start": -1, "device_end": -1}}, "empty17": {"write": {"device_start": -1, "host_queued_start": 1585623436.804802, "device_queued": -1, "device_end": -1, "host_queued_end": 1585623436.84843}, "device": "cpu", "nd_range": {"device_start": 2291211.0380371613, "device_end": 2291211.0380495763}, "cmdq": 1, "read": {"device_start": -1, "device_end": -1}}, "FFC_sans_bias87": {"write": {"device_start": -1, "host_queued_start": 1585623436.799052, "device_queued": -1, "device_end": -1, "host_queued_end": 1585623436.802291}, "device": "gpu", "nd_range": {"device_start": 1585623370.367682, "device_end": 1585623370.3690166}, "cmdq": 2, "read": {"device_start": -1, "device_end": -1}}, "FFC_sans_bias85": {"write": {"device_start": -1, "host_queued_start": 1585623436.79732, "device_queued": -1, "device_end": -1, "host_queued_end": 1585623436.802291}, "device": "gpu", "nd_range": {"device_start": 1585623370.3664498, "device_end": 1585623370.3670602}, "cmdq": 2, "read": {"device_start": -1, "device_end": -1}}, "FFC_sans_bias82": {"write": {"device_start": 1585623370.3638184, "host_queued_start": 1585623436.794335, "device_queued": 1585623370.3616996, "device_end": 1585623370.3638484, "host_queued_end": 1585623436.802291}, "device": "gpu", "nd_range": {"device_start": 1585623370.3638515, "device_end": 1585623370.365084}, "cmdq": 1, "read": {"device_start": -1, "device_end": -1}}, "FFC_sans_bias83": {"write": {"device_start": 1585623370.3642201, "host_queued_start": 1585623436.795435, "device_queued": 1585623370.3617284, "device_end": 1585623370.364251, "host_queued_end": 1585623436.802291}, "device": "gpu", "nd_range": {"device_start": 1585623370.3642583, "device_end": 1585623370.3655796}, "cmdq": 2, "read": {"device_start": -1, "device_end": -1}}, "FFC_sans_bias81": {"write": {"device_start": 1585623370.3632314, "host_queued_start": 1585623436.79329, "device_queued": 1585623370.361536, "device_end": 1585623370.3632572, "host_queued_end": 1585623436.802291}, "device": "gpu", "nd_range": {"device_start": 1585623370.3632636, "device_end": 1585623370.3646424}, "cmdq": 0, "read": {"device_start": -1, "device_end": -1}}, "FFC_sans_bias88": {"write": {"device_start": 1585623370.3691497, "host_queued_start": 1585623436.80219, "device_queued": 1585623370.362647, "device_end": 1585623370.3691814, "host_queued_end": 1585623436.802291}, "device": "gpu", "nd_range": {"device_start": 1585623370.3691852, "device_end": 1585623370.3699162}, "cmdq": 2, "read": {"device_start": 1585623370.3699262, "device_end": 1585623370.3699493}}, "coalesced_transpose30": {"write": {"device_start": -1, "host_queued_start": 1585623436.833464, "device_queued": -1, "device_end": -1, "host_queued_end": 1585623436.84843}, "device": "cpu", "nd_range": {"device_start": 2291211.1378240883, "device_end": 2291211.138069272}, "cmdq": 1, "read": {"device_start": -1, "device_end": -1}}, "coalesced_transpose39": {"write": {"device_start": -1, "host_queued_start": 1585623436.833795, "device_queued": -1, "device_end": -1, "host_queued_end": 1585623436.84843}, "device": "cpu", "nd_range": {"device_start": 2291211.144097132, "device_end": 2291211.144352301}, "cmdq": 2, "read": {"device_start": -1, "device_end": -1}}, "FFC_sans_bias79": {"write": {"device_start": 1585623370.368141, "host_queued_start": 1585623436.801126, "device_queued": 1585623370.3625085, "device_end": 1585623370.368172, "host_queued_end": 1585623436.802291}, "device": "gpu", "nd_range": {"device_start": 1585623370.3681748, "device_end": 1585623370.3694465}, "cmdq": 1, "read": {"device_start": 1585623370.3694496, "device_end": 1585623370.3694742}}, "FFC_sans_bias78": {"write": {"device_start": -1, "host_queued_start": 1585623436.798733, "device_queued": -1, "device_end": -1, "host_queued_end": 1585623436.802291}, "device": "gpu", "nd_range": {"device_start": 1585623370.367233, "device_end": 1585623370.368038}, "cmdq": 1, "read": {"device_start": -1, "device_end": -1}}, "FFC_sans_bias73": {"write": {"device_start": 1585623370.3622448, "host_queued_start": 1585623436.79119, "device_queued": 1585623370.36134, "device_end": 1585623370.3622706, "host_queued_end": 1585623436.802291}, "device": "gpu", "nd_range": {"device_start": 1585623370.362279, "device_end": 1585623370.3636677}, "cmdq": 1, "read": {"device_start": -1, "device_end": -1}}, "FFC_sans_bias72": {"write": {"device_start": 1585623370.3618157, "host_queued_start": 1585623436.790109, "device_queued": 1585623370.3612983, "device_end": 1585623370.361845, "host_queued_end": 1585623436.802291}, "device": "gpu", "nd_range": {"device_start": 1585623370.3618479, "device_end": 1585623370.363107}, "cmdq": 0, "read": {"device_start": -1, "device_end": -1}}, "FFC_sans_bias70": {"write": {"device_start": 1585623370.367589, "host_queued_start": 1585623436.800071, "device_queued": 1585623370.3624668, "device_end": 1585623370.367614, "host_queued_end": 1585623436.802291}, "device": "gpu", "nd_range": {"device_start": 1585623370.3676257, "device_end": 1585623370.3684652}, "cmdq": 0, "read": {"device_start": 1585623370.368469, "device_end": 1585623370.3684933}}, "FFC_sans_bias76": {"write": {"device_start": -1, "host_queued_start": 1585623436.797005, "device_queued": -1, "device_end": -1, "host_queued_end": 1585623436.802291}, "device": "gpu", "nd_range": {"device_start": 1585623370.365462, "device_end": 1585623370.3665364}, "cmdq": 1, "read": {"device_start": -1, "device_end": -1}}, "FFC_sans_bias74": {"write": {"device_start": 1585623370.3627763, "host_queued_start": 1585623436.792244, "device_queued": 1585623370.3614712, "device_end": 1585623370.3628085, "host_queued_end": 1585623436.802291}, "device": "gpu", "nd_range": {"device_start": 1585623370.3628116, "device_end": 1585623370.3640945}, "cmdq": 2, "read": {"device_start": -1, "device_end": -1}}, "coalesced_transpose3": {"write": {"device_start": -1, "host_queued_start": 1585623436.832434, "device_queued": -1, "device_end": -1, "host_queued_end": 1585623436.84843}, "device": "cpu", "nd_range": {"device_start": 2291211.100400127, "device_end": 2291211.100662088}, "cmdq": 3, "read": {"device_start": -1, "device_end": -1}}, "empty89": {"write": {"device_start": 1585623370.3609579, "host_queued_start": 1585623436.785893, "device_queued": 1585623370.360765, "device_end": 1585623370.3610168, "host_queued_end": 1585623436.802291}, "device": "gpu", "nd_range": {"device_start": 1585623370.361025, "device_end": 1585623370.3610296}, "cmdq": 2, "read": {"device_start": -1, "device_end": -1}}, "empty80": {"write": {"device_start": 1585623370.3608305, "host_queued_start": 1585623436.784983, "device_queued": 1585623370.3607392, "device_end": 1585623370.360895, "host_queued_end": 1585623436.802291}, "device": "gpu", "nd_range": {"device_start": 1585623370.3609014, "device_end": 1585623370.3609054}, "cmdq": 1, "read": {"device_start": -1, "device_end": -1}}, "coalesced_transpose21": {"write": {"device_start": -1, "host_queued_start": 1585623436.833107, "device_queued": -1, "device_end": -1, "host_queued_end": 1585623436.84843}, "device": "cpu", "nd_range": {"device_start": 2291211.100241499, "device_end": 2291211.100495967}, "cmdq": 0, "read": {"device_start": -1, "device_end": -1}}, "softmax14": {"write": {"device_start": -1, "host_queued_start": 1585623436.837425, "device_queued": -1, "device_end": -1, "host_queued_end": 1585623436.84843}, "device": "cpu", "nd_range": {"device_start": 2291211.156330159, "device_end": 2291211.156552663}, "cmdq": 3, "read": {"device_start": -1, "device_end": -1}}, "FFC_sans_bias69": {"write": {"device_start": -1, "host_queued_start": 1585623436.798388, "device_queued": -1, "device_end": -1, "host_queued_end": 1585623436.802291}, "device": "gpu", "nd_range": {"device_start": 1585623370.3667943, "device_end": 1585623370.3675096}, "cmdq": 0, "read": {"device_start": -1, "device_end": -1}}, "FFC_sans_bias60": {"write": {"device_start": -1, "host_queued_start": 1585623436.841305, "device_queued": -1, "device_end": -1, "host_queued_end": 1585623436.84843}, "device": "cpu", "nd_range": {"device_start": 2291211.191215568, "device_end": 2291211.207907795}, "cmdq": 0, "read": {"device_start": -1, "device_end": -1}}, "FFC_sans_bias61": {"write": {"device_start": -1, "host_queued_start": 1585623436.848385, "device_queued": -1, "device_end": -1, "host_queued_end": 1585623436.84843}, "device": "cpu", "nd_range": {"device_start": 2291211.208062395, "device_end": 2291211.2335614343}, "cmdq": 2, "read": {"device_start": -1, "device_end": -1}}, "FFC_sans_bias63": {"write": {"device_start": 1585623370.3612616, "host_queued_start": 1585623436.789035, "device_queued": 1585623370.3610778, "device_end": 1585623370.361293, "host_queued_end": 1585623436.802291}, "device": "gpu", "nd_range": {"device_start": 1585623370.3612957, "device_end": 1585623370.3626935}, "cmdq": 2, "read": {"device_start": -1, "device_end": -1}}, "FFC_sans_bias64": {"write": {"device_start": 1585623370.361054, "host_queued_start": 1585623436.786931, "device_queued": 1585623370.360823, "device_end": 1585623370.361104, "host_queued_end": 1585623436.802291}, "device": "gpu", "nd_range": {"device_start": 1585623370.3611114, "device_end": 1585623370.3617227}, "cmdq": 0, "read": {"device_start": -1, "device_end": -1}}, "FFC_sans_bias65": {"write": {"device_start": 1585623370.3611662, "host_queued_start": 1585623436.787991, "device_queued": 1585623370.3610523, "device_end": 1585623370.3612547, "host_queued_end": 1585623436.802291}, "device": "gpu", "nd_range": {"device_start": 1585623370.3612602, "device_end": 1585623370.3621242}, "cmdq": 1, "read": {"device_start": -1, "device_end": -1}}, "FFC_sans_bias67": {"write": {"device_start": -1, "host_queued_start": 1585623436.796689, "device_queued": -1, "device_end": -1, "host_queued_end": 1585623436.802291}, "device": "gpu", "nd_range": {"device_start": 1585623370.3654552, "device_end": 1585623370.3660624}, "cmdq": 0, "read": {"device_start": -1, "device_end": -1}}, "softmax68": {"write": {"device_start": -1, "host_queued_start": 1585623436.797578, "device_queued": -1, "device_end": -1, "host_queued_end": 1585623436.802291}, "device": "gpu", "nd_range": {"device_start": 1585623370.3660634, "device_end": 1585623370.3667932}, "cmdq": 0, "read": {"device_start": -1, "device_end": -1}}, "empty35": {"write": {"device_start": -1, "host_queued_start": 1585623436.806809, "device_queued": -1, "device_end": -1, "host_queued_end": 1585623436.84843}, "device": "cpu", "nd_range": {"device_start": 2291211.038363859, "device_end": 2291211.0383675853}, "cmdq": 3, "read": {"device_start": -1, "device_end": -1}}, "softmax86": {"write": {"device_start": -1, "host_queued_start": 1585623436.798064, "device_queued": -1, "device_end": -1, "host_queued_end": 1585623436.802291}, "device": "gpu", "nd_range": {"device_start": 1585623370.3670611, "device_end": 1585623370.3676808}, "cmdq": 2, "read": {"device_start": -1, "device_end": -1}}, "FFC_sans_bias55": {"write": {"device_start": -1, "host_queued_start": 1585623436.832075, "device_queued": -1, "device_end": -1, "host_queued_end": 1585623436.84843}, "device": "cpu", "nd_range": {"device_start": 2291211.135351155, "device_end": 2291211.143975898}, "cmdq": 2, "read": {"device_start": -1, "device_end": -1}}, "FFC_sans_bias54": {"write": {"device_start": -1, "host_queued_start": 1585623436.831026, "device_queued": -1, "device_end": -1, "host_queued_end": 1585623436.84843}, "device": "cpu", "nd_range": {"device_start": 2291211.118562946, "device_end": 2291211.137579074}, "cmdq": 1, "read": {"device_start": -1, "device_end": -1}}, "FFC_sans_bias56": {"write": {"device_start": -1, "host_queued_start": 1585623436.829943, "device_queued": -1, "device_end": -1, "host_queued_end": 1585623436.84843}, "device": "cpu", "nd_range": {"device_start": 2291211.084750682, "device_end": 2291211.1000998183}, "cmdq": 0, "read": {"device_start": -1, "device_end": -1}}, "FFC_sans_bias51": {"write": {"device_start": -1, "host_queued_start": 1585623436.84096, "device_queued": -1, "device_end": -1, "host_queued_end": 1585623436.84843}, "device": "cpu", "nd_range": {"device_start": 2291211.174945752, "device_end": 2291211.182555714}, "cmdq": 4, "read": {"device_start": -1, "device_end": -1}}, "FFC_sans_bias52": {"write": {"device_start": -1, "host_queued_start": 1585623436.847391, "device_queued": -1, "device_end": -1, "host_queued_end": 1585623436.84843}, "device": "cpu", "nd_range": {"device_start": 2291211.212814974, "device_end": 2291211.225679793}, "cmdq": 1, "read": {"device_start": -1, "device_end": -1}}, "FFC_sans_bias58": {"write": {"device_start": -1, "host_queued_start": 1585623436.836871, "device_queued": -1, "device_end": -1, "host_queued_end": 1585623436.84843}, "device": "cpu", "nd_range": {"device_start": 2291211.155877302, "device_end": 2291211.189161525}, "cmdq": 1, "read": {"device_start": -1, "device_end": -1}}, "coalesced_transpose57": {"write": {"device_start": -1, "host_queued_start": 1585623436.834454, "device_queued": -1, "device_end": -1, "host_queued_end": 1585623436.84843}, "device": "cpu", "nd_range": {"device_start": 2291211.145019908, "device_end": 2291211.145265434}, "cmdq": 4, "read": {"device_start": -1, "device_end": -1}}, "empty26": {"write": {"device_start": -1, "host_queued_start": 1585623436.805792, "device_queued": -1, "device_end": -1, "host_queued_end": 1585623436.84843}, "device": "cpu", "nd_range": {"device_start": 2291211.0380451554, "device_end": 2291211.038051519}, "cmdq": 2, "read": {"device_start": -1, "device_end": -1}}, "FFC_sans_bias11": {"write": {"device_start": -1, "host_queued_start": 1585623436.816106, "device_queued": -1, "device_end": -1, "host_queued_end": 1585623436.84843}, "device": "cpu", "nd_range": {"device_start": 2291211.1006151442, "device_end": 2291211.115982132}, "cmdq": 2, "read": {"device_start": -1, "device_end": -1}}, "FFC_sans_bias42": {"write": {"device_start": -1, "host_queued_start": 1585623436.840615, "device_queued": -1, "device_end": -1, "host_queued_end": 1585623436.84843}, "device": "cpu", "nd_range": {"device_start": 2291211.1895806403, "device_end": 2291211.21580218}, "cmdq": 3, "read": {"device_start": -1, "device_end": -1}}, "FFC_sans_bias43": {"write": {"device_start": -1, "host_queued_start": 1585623436.846386, "device_queued": -1, "device_end": -1, "host_queued_end": 1585623436.84843}, "device": "cpu", "nd_range": {"device_start": 2291211.2285433183, "device_end": 2291211.2344906013}, "cmdq": 0, "read": {"device_start": -1, "device_end": -1}}, "FFC_sans_bias40": {"write": {"device_start": -1, "host_queued_start": 1585623436.836185, "device_queued": -1, "device_end": -1, "host_queued_end": 1585623436.84843}, "device": "cpu", "nd_range": {"device_start": 2291211.14538301, "device_end": 2291211.1607418563}, "cmdq": 4, "read": {"device_start": -1, "device_end": -1}}, "FFC_sans_bias46": {"write": {"device_start": -1, "host_queued_start": 1585623436.827832, "device_queued": -1, "device_end": -1, "host_queued_end": 1585623436.84843}, "device": "cpu", "nd_range": {"device_start": 2291211.0849774233, "device_end": 2291211.100268978}, "cmdq": 3, "read": {"device_start": -1, "device_end": -1}}, "FFC_sans_bias47": {"write": {"device_start": -1, "host_queued_start": 1585623436.828888, "device_queued": -1, "device_end": -1, "host_queued_end": 1585623436.84843}, "device": "cpu", "nd_range": {"device_start": 2291211.103090948, "device_end": 2291211.120091564}, "cmdq": 4, "read": {"device_start": -1, "device_end": -1}}, "FFC_sans_bias45": {"write": {"device_start": -1, "host_queued_start": 1585623436.82678, "device_queued": -1, "device_end": -1, "host_queued_end": 1585623436.84843}, "device": "cpu", "nd_range": {"device_start": 2291211.130057826, "device_end": 2291211.1353448983}, "cmdq": 2, "read": {"device_start": -1, "device_end": -1}}, "FFC_sans_bias49": {"write": {"device_start": -1, "host_queued_start": 1585623436.836527, "device_queued": -1, "device_end": -1, "host_queued_end": 1585623436.84843}, "device": "cpu", "nd_range": {"device_start": 2291211.1164589534, "device_end": 2291211.1382305804}, "cmdq": 0, "read": {"device_start": -1, "device_end": -1}}, "softmax77": {"write": {"device_start": -1, "host_queued_start": 1585623436.797823, "device_queued": -1, "device_end": -1, "host_queued_end": 1585623436.802291}, "device": "gpu", "nd_range": {"device_start": 1585623370.3665378, "device_end": 1585623370.367232}, "cmdq": 1, "read": {"device_start": -1, "device_end": -1}}, "softmax5": {"write": {"device_start": -1, "host_queued_start": 1585623436.837149, "device_queued": -1, "device_end": -1, "host_queued_end": 1585623436.84843}, "device": "cpu", "nd_range": {"device_start": 2291211.159963097, "device_end": 2291211.160190176}, "cmdq": 2, "read": {"device_start": -1, "device_end": -1}}, "empty53": {"write": {"device_start": -1, "host_queued_start": 1585623436.808533, "device_queued": -1, "device_end": -1, "host_queued_end": 1585623436.84843}, "device": "cpu", "nd_range": {"device_start": 2291211.038083992, "device_end": 2291211.03808489}, "cmdq": 0, "read": {"device_start": -1, "device_end": -1}}, "coalesced_transpose48": {"write": {"device_start": -1, "host_queued_start": 1585623436.834126, "device_queued": -1, "device_end": -1, "host_queued_end": 1585623436.84843}, "device": "cpu", "nd_range": {"device_start": 2291211.1007822063, "device_end": 2291211.101027761}, "cmdq": 3, "read": {"device_start": -1, "device_end": -1}}}