{"FFC_sans_bias4": {"write": {"device_start": -1, "host_queued_start": 1585623065.309825, "device_queued": -1, "device_end": -1, "host_queued_end": 1585623065.327513}, "device": "cpu", "nd_range": {"device_start": 2290839.643923299, "device_end": 2290839.660688646}, "cmdq": 0, "read": {"device_start": -1, "device_end": -1}}, "FFC_sans_bias7": {"write": {"device_start": -1, "host_queued_start": 1585623065.319375, "device_queued": -1, "device_end": -1, "host_queued_end": 1585623065.327513}, "device": "cpu", "nd_range": {"device_start": 2290839.717060952, "device_end": 2290839.7275055083}, "cmdq": 0, "read": {"device_start": -1, "device_end": -1}}, "FFC_sans_bias6": {"write": {"device_start": -1, "host_queued_start": 1585623065.315549, "device_queued": -1, "device_end": -1, "host_queued_end": 1585623065.327513}, "device": "cpu", "nd_range": {"device_start": 2290839.680015479, "device_end": 2290839.691720357}, "cmdq": 0, "read": {"device_start": -1, "device_end": -1}}, "FFC_sans_bias1": {"write": {"device_start": -1, "host_queued_start": 1585623065.279656, "device_queued": -1, "device_end": -1, "host_queued_end": 1585623065.327513}, "device": "cpu", "nd_range": {"device_start": 2290839.517218167, "device_end": 2290839.528651507}, "cmdq": 1, "read": {"device_start": -1, "device_end": -1}}, "FFC_sans_bias0": {"write": {"device_start": -1, "host_queued_start": 1585623065.278592, "device_queued": -1, "device_end": -1, "host_queued_end": 1585623065.327513}, "device": "cpu", "nd_range": {"device_start": 2290839.517175352, "device_end": 2290839.5263721542}, "cmdq": 0, "read": {"device_start": -1, "device_end": -1}}, "FFC_sans_bias2": {"write": {"device_start": -1, "host_queued_start": 1585623065.280748, "device_queued": -1, "device_end": -1, "host_queued_end": 1585623065.327513}, "device": "cpu", "nd_range": {"device_start": 2290839.51717545, "device_end": 2290839.5316438302}, "cmdq": 2, "read": {"device_start": -1, "device_end": -1}}, "FFC_sans_bias9": {"write": {"device_start": -1, "host_queued_start": 1585623065.281835, "device_queued": -1, "device_end": -1, "host_queued_end": 1585623065.327513}, "device": "cpu", "nd_range": {"device_start": 2290839.5274301223, "device_end": 2290839.54278266}, "cmdq": 0, "read": {"device_start": -1, "device_end": -1}}, "empty71": {"write": {"device_start": -1, "host_queued_start": 1585623065.276808, "device_queued": -1, "device_end": -1, "host_queued_end": 1585623065.327513}, "device": "cpu", "nd_range": {"device_start": 2290839.51721237, "device_end": 2290839.5172129823}, "cmdq": 1, "read": {"device_start": -1, "device_end": -1}}, "softmax41": {"write": {"device_start": -1, "host_queued_start": 1585623065.314006, "device_queued": -1, "device_end": -1, "host_queued_end": 1585623065.327513}, "device": "cpu", "nd_range": {"device_start": 2290839.661379467, "device_end": 2290839.661589911}, "cmdq": 1, "read": {"device_start": -1, "device_end": -1}}, "FFC_sans_bias37": {"write": {"device_start": -1, "host_queued_start": 1585623065.29249, "device_queued": -1, "device_end": -1, "host_queued_end": 1585623065.327513}, "device": "cpu", "nd_range": {"device_start": 2290839.561872307, "device_end": 2290839.5760578043}, "cmdq": 1, "read": {"device_start": -1, "device_end": -1}}, "FFC_sans_bias36": {"write": {"device_start": -1, "host_queued_start": 1585623065.29144, "device_queued": -1, "device_end": -1, "host_queued_end": 1585623065.327513}, "device": "cpu", "nd_range": {"device_start": 2290839.574765861, "device_end": 2290839.5933194133}, "cmdq": 0, "read": {"device_start": -1, "device_end": -1}}, "FFC_sans_bias34": {"write": {"device_start": -1, "host_queued_start": 1585623065.322425, "device_queued": -1, "device_end": -1, "host_queued_end": 1585623065.327513}, "device": "cpu", "nd_range": {"device_start": 2290839.727509079, "device_end": 2290839.738452446}, "cmdq": 0, "read": {"device_start": -1, "device_end": -1}}, "FFC_sans_bias33": {"write": {"device_start": -1, "host_queued_start": 1585623065.316589, "device_queued": -1, "device_end": -1, "host_queued_end": 1585623065.327513}, "device": "cpu", "nd_range": {"device_start": 2290839.691726636, "device_end": 2290839.7060360443}, "cmdq": 0, "read": {"device_start": -1, "device_end": -1}}, "FFC_sans_bias31": {"write": {"device_start": -1, "host_queued_start": 1585623065.310874, "device_queued": -1, "device_end": -1, "host_queued_end": 1585623065.327513}, "device": "cpu", "nd_range": {"device_start": 2290839.6606966304, "device_end": 2290839.669297323}, "cmdq": 0, "read": {"device_start": -1, "device_end": -1}}, "FFC_sans_bias38": {"write": {"device_start": -1, "host_queued_start": 1585623065.293551, "device_queued": -1, "device_end": -1, "host_queued_end": 1585623065.327513}, "device": "cpu", "nd_range": {"device_start": 2290839.5691628573, "device_end": 2290839.5827158513}, "cmdq": 2, "read": {"device_start": -1, "device_end": -1}}, "coalesced_transpose75": {"write": {"device_start": -1, "host_queued_start": 1585623065.309483, "device_queued": -1, "device_end": -1, "host_queued_end": 1585623065.327513}, "device": "cpu", "nd_range": {"device_start": 2290839.6415231843, "device_end": 2290839.641771453}, "cmdq": 2, "read": {"device_start": -1, "device_end": -1}}, "empty44": {"write": {"device_start": -1, "host_queued_start": 1585623065.27432, "device_queued": -1, "device_end": -1, "host_queued_end": 1585623065.327513}, "device": "cpu", "nd_range": {"device_start": 2290839.517204474, "device_end": 2290839.5172057673}, "cmdq": 1, "read": {"device_start": -1, "device_end": -1}}, "empty8": {"write": {"device_start": -1, "host_queued_start": 1585623065.270825, "device_queued": -1, "device_end": -1, "host_queued_end": 1585623065.327513}, "device": "cpu", "nd_range": {"device_start": 2290839.517125525, "device_end": 2290839.517140259}, "cmdq": 0, "read": {"device_start": -1, "device_end": -1}}, "softmax50": {"write": {"device_start": -1, "host_queued_start": 1585623065.314326, "device_queued": -1, "device_end": -1, "host_queued_end": 1585623065.327513}, "device": "cpu", "nd_range": {"device_start": 2290839.691388788, "device_end": 2290839.6916024433}, "cmdq": 2, "read": {"device_start": -1, "device_end": -1}}, "softmax59": {"write": {"device_start": -1, "host_queued_start": 1585623065.314637, "device_queued": -1, "device_end": -1, "host_queued_end": 1585623065.327513}, "device": "cpu", "nd_range": {"device_start": 2290839.6797982682, "device_end": 2290839.680005617}, "cmdq": 0, "read": {"device_start": -1, "device_end": -1}}, "FFC_sans_bias24": {"write": {"device_start": -1, "host_queued_start": 1585623065.316245, "device_queued": -1, "device_end": -1, "host_queued_end": 1585623065.327513}, "device": "cpu", "nd_range": {"device_start": 2290839.69266369, "device_end": 2290839.709284664}, "cmdq": 2, "read": {"device_start": -1, "device_end": -1}}, "FFC_sans_bias25": {"write": {"device_start": -1, "host_queued_start": 1585623065.321411, "device_queued": -1, "device_end": -1, "host_queued_end": 1585623065.327513}, "device": "cpu", "nd_range": {"device_start": 2290839.738460944, "device_end": 2290839.7495556492}, "cmdq": 2, "read": {"device_start": -1, "device_end": -1}}, "FFC_sans_bias27": {"write": {"device_start": -1, "host_queued_start": 1585623065.288263, "device_queued": -1, "device_end": -1, "host_queued_end": 1585623065.327513}, "device": "cpu", "nd_range": {"device_start": 2290839.561380498, "device_end": 2290839.574637736}, "cmdq": 0, "read": {"device_start": -1, "device_end": -1}}, "FFC_sans_bias20": {"write": {"device_start": -1, "host_queued_start": 1585623065.287201, "device_queued": -1, "device_end": -1, "host_queued_end": 1585623065.327513}, "device": "cpu", "nd_range": {"device_start": 2290839.5427514543, "device_end": 2290839.5580001683}, "cmdq": 2, "read": {"device_start": -1, "device_end": -1}}, "FFC_sans_bias22": {"write": {"device_start": -1, "host_queued_start": 1585623065.310517, "device_queued": -1, "device_end": -1, "host_queued_end": 1585623065.327513}, "device": "cpu", "nd_range": {"device_start": 2290839.6418795153, "device_end": 2290839.656367925}, "cmdq": 2, "read": {"device_start": -1, "device_end": -1}}, "FFC_sans_bias28": {"write": {"device_start": -1, "host_queued_start": 1585623065.289317, "device_queued": -1, "device_end": -1, "host_queued_end": 1585623065.327513}, "device": "cpu", "nd_range": {"device_start": 2290839.551316047, "device_end": 2290839.5617557364}, "cmdq": 1, "read": {"device_start": -1, "device_end": -1}}, "FFC_sans_bias29": {"write": {"device_start": -1, "host_queued_start": 1585623065.290373, "device_queued": -1, "device_end": -1, "host_queued_end": 1585623065.327513}, "device": "cpu", "nd_range": {"device_start": 2290839.558123739, "device_end": 2290839.5690419553}, "cmdq": 2, "read": {"device_start": -1, "device_end": -1}}, "coalesced_transpose66": {"write": {"device_start": -1, "host_queued_start": 1585623065.309155, "device_queued": -1, "device_end": -1, "host_queued_end": 1585623065.327513}, "device": "cpu", "nd_range": {"device_start": 2290839.627770915, "device_end": 2290839.6280113393}, "cmdq": 1, "read": {"device_start": -1, "device_end": -1}}, "softmax23": {"write": {"device_start": -1, "host_queued_start": 1585623065.313455, "device_queued": -1, "device_end": -1, "host_queued_end": 1585623065.327513}, "device": "cpu", "nd_range": {"device_start": 2290839.691162806, "device_end": 2290839.691382391}, "cmdq": 2, "read": {"device_start": -1, "device_end": -1}}, "empty62": {"write": {"device_start": -1, "host_queued_start": 1585623065.275998, "device_queued": -1, "device_end": -1, "host_queued_end": 1585623065.327513}, "device": "cpu", "nd_range": {"device_start": 2290839.5171700832, "device_end": 2290839.517170683}, "cmdq": 0, "read": {"device_start": -1, "device_end": -1}}, "FFC_sans_bias10": {"write": {"device_start": -1, "host_queued_start": 1585623065.282938, "device_queued": -1, "device_end": -1, "host_queued_end": 1585623065.327513}, "device": "cpu", "nd_range": {"device_start": 2290839.528779693, "device_end": 2290839.542596159}, "cmdq": 1, "read": {"device_start": -1, "device_end": -1}}, "FFC_sans_bias13": {"write": {"device_start": -1, "host_queued_start": 1585623065.310174, "device_queued": -1, "device_end": -1, "host_queued_end": 1585623065.327513}, "device": "cpu", "nd_range": {"device_start": 2290839.628117464, "device_end": 2290839.64122112}, "cmdq": 1, "read": {"device_start": -1, "device_end": -1}}, "FFC_sans_bias15": {"write": {"device_start": -1, "host_queued_start": 1585623065.315903, "device_queued": -1, "device_end": -1, "host_queued_end": 1585623065.327513}, "device": "cpu", "nd_range": {"device_start": 2290839.6620084783, "device_end": 2290839.6742588463}, "cmdq": 1, "read": {"device_start": -1, "device_end": -1}}, "FFC_sans_bias16": {"write": {"device_start": -1, "host_queued_start": 1585623065.320381, "device_queued": -1, "device_end": -1, "host_queued_end": 1585623065.327513}, "device": "cpu", "nd_range": {"device_start": 2290839.698425175, "device_end": 2290839.710030994}, "cmdq": 1, "read": {"device_start": -1, "device_end": -1}}, "FFC_sans_bias19": {"write": {"device_start": -1, "host_queued_start": 1585623065.286112, "device_queued": -1, "device_end": -1, "host_queued_end": 1585623065.327513}, "device": "cpu", "nd_range": {"device_start": 2290839.542608173, "device_end": 2290839.551191961}, "cmdq": 1, "read": {"device_start": -1, "device_end": -1}}, "FFC_sans_bias18": {"write": {"device_start": -1, "host_queued_start": 1585623065.285053, "device_queued": -1, "device_end": -1, "host_queued_end": 1585623065.327513}, "device": "cpu", "nd_range": {"device_start": 2290839.543197548, "device_end": 2290839.5610397873}, "cmdq": 0, "read": {"device_start": -1, "device_end": -1}}, "coalesced_transpose12": {"write": {"device_start": -1, "host_queued_start": 1585623065.307146, "device_queued": -1, "device_end": -1, "host_queued_end": 1585623065.327513}, "device": "cpu", "nd_range": {"device_start": 2290839.627050181, "device_end": 2290839.627300411}, "cmdq": 1, "read": {"device_start": -1, "device_end": -1}}, "softmax32": {"write": {"device_start": -1, "host_queued_start": 1585623065.313732, "device_queued": -1, "device_end": -1, "host_queued_end": 1585623065.327513}, "device": "cpu", "nd_range": {"device_start": 2290839.67958009, "device_end": 2290839.679792183}, "cmdq": 0, "read": {"device_start": -1, "device_end": -1}}, "coalesced_transpose84": {"write": {"device_start": -1, "host_queued_start": 1585623065.26753, "device_queued": -1, "device_end": -1, "host_queued_end": 1585623065.269534}, "device": "gpu", "nd_range": {"device_start": 1585622998.8400788, "device_end": 1585622998.8400853}, "cmdq": 0, "read": {"device_start": -1, "device_end": -1}}, "empty17": {"write": {"device_start": -1, "host_queued_start": 1585623065.27176, "device_queued": -1, "device_end": -1, "host_queued_end": 1585623065.327513}, "device": "cpu", "nd_range": {"device_start": 2290839.517180519, "device_end": 2290839.517185703}, "cmdq": 1, "read": {"device_start": -1, "device_end": -1}}, "FFC_sans_bias87": {"write": {"device_start": -1, "host_queued_start": 1585623065.268408, "device_queued": -1, "device_end": -1, "host_queued_end": 1585623065.269534}, "device": "gpu", "nd_range": {"device_start": 1585622998.8408792, "device_end": 1585622998.8414736}, "cmdq": 0, "read": {"device_start": -1, "device_end": -1}}, "FFC_sans_bias85": {"write": {"device_start": -1, "host_queued_start": 1585623065.267846, "device_queued": -1, "device_end": -1, "host_queued_end": 1585623065.269534}, "device": "gpu", "nd_range": {"device_start": 1585622998.8400872, "device_end": 1585622998.8406756}, "cmdq": 0, "read": {"device_start": -1, "device_end": -1}}, "FFC_sans_bias82": {"write": {"device_start": 1585622998.8387163, "host_queued_start": 1585623065.266129, "device_queued": 1585622998.8378131, "device_end": 1585622998.8387456, "host_queued_end": 1585623065.269534}, "device": "gpu", "nd_range": {"device_start": 1585622998.8387518, "device_end": 1585622998.8393526}, "cmdq": 0, "read": {"device_start": -1, "device_end": -1}}, "FFC_sans_bias83": {"write": {"device_start": 1585622998.8394516, "host_queued_start": 1585623065.267209, "device_queued": 1585622998.8380494, "device_end": 1585622998.8394809, "host_queued_end": 1585623065.269534}, "device": "gpu", "nd_range": {"device_start": 1585622998.8394835, "device_end": 1585622998.840077}, "cmdq": 0, "read": {"device_start": -1, "device_end": -1}}, "FFC_sans_bias81": {"write": {"device_start": 1585622998.8379645, "host_queued_start": 1585623065.265078, "device_queued": 1585622998.8377717, "device_end": 1585622998.837995, "host_queued_end": 1585623065.269534}, "device": "gpu", "nd_range": {"device_start": 1585622998.838002, "device_end": 1585622998.8386037}, "cmdq": 0, "read": {"device_start": -1, "device_end": -1}}, "FFC_sans_bias88": {"write": {"device_start": 1585622998.841564, "host_queued_start": 1585623065.269428, "device_queued": 1585622998.8382373, "device_end": 1585622998.8415937, "host_queued_end": 1585623065.269534}, "device": "gpu", "nd_range": {"device_start": 1585622998.8415973, "device_end": 1585622998.8421936}, "cmdq": 0, "read": {"device_start": 1585622998.8421957, "device_end": 1585622998.8422265}}, "coalesced_transpose30": {"write": {"device_start": -1, "host_queued_start": 1585623065.307811, "device_queued": -1, "device_end": -1, "host_queued_end": 1585623065.327513}, "device": "cpu", "nd_range": {"device_start": 2290839.642700488, "device_end": 2290839.642946266}, "cmdq": 0, "read": {"device_start": -1, "device_end": -1}}, "coalesced_transpose39": {"write": {"device_start": -1, "host_queued_start": 1585623065.308148, "device_queued": -1, "device_end": -1, "host_queued_end": 1585623065.327513}, "device": "cpu", "nd_range": {"device_start": 2290839.6274107792, "device_end": 2290839.6276594102}, "cmdq": 1, "read": {"device_start": -1, "device_end": -1}}, "FFC_sans_bias79": {"write": {"device_start": -1, "host_queued_start": 1585623065.327468, "device_queued": -1, "device_end": -1, "host_queued_end": 1585623065.327513}, "device": "cpu", "nd_range": {"device_start": 2290839.753887007, "device_end": 2290839.758175931}, "cmdq": 2, "read": {"device_start": -1, "device_end": -1}}, "FFC_sans_bias78": {"write": {"device_start": -1, "host_queued_start": 1585623065.318316, "device_queued": -1, "device_end": -1, "host_queued_end": 1585623065.327513}, "device": "cpu", "nd_range": {"device_start": 2290839.728937421, "device_end": 2290839.7384521123}, "cmdq": 2, "read": {"device_start": -1, "device_end": -1}}, "FFC_sans_bias73": {"write": {"device_start": -1, "host_queued_start": 1585623065.305407, "device_queued": -1, "device_end": -1, "host_queued_end": 1585623065.327513}, "device": "cpu", "nd_range": {"device_start": 2290839.609578967, "device_end": 2290839.626936809}, "cmdq": 1, "read": {"device_start": -1, "device_end": -1}}, "FFC_sans_bias72": {"write": {"device_start": -1, "host_queued_start": 1585623065.304322, "device_queued": -1, "device_end": -1, "host_queued_end": 1585623065.327513}, "device": "cpu", "nd_range": {"device_start": 2290839.625821764, "device_end": 2290839.6404807083}, "cmdq": 0, "read": {"device_start": -1, "device_end": -1}}, "FFC_sans_bias70": {"write": {"device_start": -1, "host_queued_start": 1585623065.326453, "device_queued": -1, "device_end": -1, "host_queued_end": 1585623065.327513}, "device": "cpu", "nd_range": {"device_start": 2290839.7225029743, "device_end": 2290839.735034137}, "cmdq": 1, "read": {"device_start": -1, "device_end": -1}}, "FFC_sans_bias76": {"write": {"device_start": -1, "host_queued_start": 1585623065.312622, "device_queued": -1, "device_end": -1, "host_queued_end": 1585623065.327513}, "device": "cpu", "nd_range": {"device_start": 2290839.677516255, "device_end": 2290839.691154647}, "cmdq": 2, "read": {"device_start": -1, "device_end": -1}}, "FFC_sans_bias74": {"write": {"device_start": -1, "host_queued_start": 1585623065.30647, "device_queued": -1, "device_end": -1, "host_queued_end": 1585623065.327513}, "device": "cpu", "nd_range": {"device_start": 2290839.628253851, "device_end": 2290839.640826242}, "cmdq": 2, "read": {"device_start": -1, "device_end": -1}}, "coalesced_transpose3": {"write": {"device_start": -1, "host_queued_start": 1585623065.30681, "device_queued": -1, "device_end": -1, "host_queued_end": 1585623065.327513}, "device": "cpu", "nd_range": {"device_start": 2290839.642079704, "device_end": 2290839.6423309883}, "cmdq": 0, "read": {"device_start": -1, "device_end": -1}}, "empty89": {"write": {"device_start": 1585622998.8377976, "host_queued_start": 1585623065.263881, "device_queued": 1585622998.8376853, "device_end": 1585622998.8378246, "host_queued_end": 1585623065.269534}, "device": "gpu", "nd_range": {"device_start": 1585622998.8378332, "device_end": 1585622998.8378415}, "cmdq": 0, "read": {"device_start": -1, "device_end": -1}}, "empty80": {"write": {"device_start": -1, "host_queued_start": 1585623065.277618, "device_queued": -1, "device_end": -1, "host_queued_end": 1585623065.327513}, "device": "cpu", "nd_range": {"device_start": 2290839.5171696544, "device_end": 2290839.5171703054}, "cmdq": 2, "read": {"device_start": -1, "device_end": -1}}, "coalesced_transpose21": {"write": {"device_start": -1, "host_queued_start": 1585623065.30748, "device_queued": -1, "device_end": -1, "host_queued_end": 1585623065.327513}, "device": "cpu", "nd_range": {"device_start": 2290839.640943636, "device_end": 2290839.641133565}, "cmdq": 2, "read": {"device_start": -1, "device_end": -1}}, "softmax14": {"write": {"device_start": -1, "host_queued_start": 1585623065.313181, "device_queued": -1, "device_end": -1, "host_queued_end": 1585623065.327513}, "device": "cpu", "nd_range": {"device_start": 2290839.6610453343, "device_end": 2290839.6612729332}, "cmdq": 1, "read": {"device_start": -1, "device_end": -1}}, "FFC_sans_bias69": {"write": {"device_start": -1, "host_queued_start": 1585623065.317974, "device_queued": -1, "device_end": -1, "host_queued_end": 1585623065.327513}, "device": "cpu", "nd_range": {"device_start": 2290839.688304897, "device_end": 2290839.698316655}, "cmdq": 1, "read": {"device_start": -1, "device_end": -1}}, "FFC_sans_bias60": {"write": {"device_start": -1, "host_queued_start": 1585623065.31763, "device_queued": -1, "device_end": -1, "host_queued_end": 1585623065.327513}, "device": "cpu", "nd_range": {"device_start": 2290839.706042372, "device_end": 2290839.717053866}, "cmdq": 0, "read": {"device_start": -1, "device_end": -1}}, "FFC_sans_bias61": {"write": {"device_start": -1, "host_queued_start": 1585623065.325447, "device_queued": -1, "device_end": -1, "host_queued_end": 1585623065.327513}, "device": "cpu", "nd_range": {"device_start": 2290839.7384563093, "device_end": 2290839.744706926}, "cmdq": 0, "read": {"device_start": -1, "device_end": -1}}, "FFC_sans_bias63": {"write": {"device_start": -1, "host_queued_start": 1585623065.303264, "device_queued": -1, "device_end": -1, "host_queued_end": 1585623065.327513}, "device": "cpu", "nd_range": {"device_start": 2290839.615557805, "device_end": 2290839.628144796}, "cmdq": 2, "read": {"device_start": -1, "device_end": -1}}, "FFC_sans_bias64": {"write": {"device_start": -1, "host_queued_start": 1585623065.301134, "device_queued": -1, "device_end": -1, "host_queued_end": 1585623065.327513}, "device": "cpu", "nd_range": {"device_start": 2290839.6144274403, "device_end": 2290839.6258148532}, "cmdq": 0, "read": {"device_start": -1, "device_end": -1}}, "FFC_sans_bias65": {"write": {"device_start": -1, "host_queued_start": 1585623065.302198, "device_queued": -1, "device_end": -1, "host_queued_end": 1585623065.327513}, "device": "cpu", "nd_range": {"device_start": 2290839.5960976663, "device_end": 2290839.6094658864}, "cmdq": 1, "read": {"device_start": -1, "device_end": -1}}, "FFC_sans_bias67": {"write": {"device_start": -1, "host_queued_start": 1585623065.31228, "device_queued": -1, "device_end": -1, "host_queued_end": 1585623065.327513}, "device": "cpu", "nd_range": {"device_start": 2290839.6500625773, "device_end": 2290839.660938541}, "cmdq": 1, "read": {"device_start": -1, "device_end": -1}}, "softmax68": {"write": {"device_start": -1, "host_queued_start": 1585623065.314913, "device_queued": -1, "device_end": -1, "host_queued_end": 1585623065.327513}, "device": "cpu", "nd_range": {"device_start": 2290839.661697628, "device_end": 2290839.661904675}, "cmdq": 1, "read": {"device_start": -1, "device_end": -1}}, "empty35": {"write": {"device_start": -1, "host_queued_start": 1585623065.273489, "device_queued": -1, "device_end": -1, "host_queued_end": 1585623065.327513}, "device": "cpu", "nd_range": {"device_start": 2290839.517163504, "device_end": 2290839.517164673}, "cmdq": 0, "read": {"device_start": -1, "device_end": -1}}, "softmax86": {"write": {"device_start": -1, "host_queued_start": 1585623065.268106, "device_queued": -1, "device_end": -1, "host_queued_end": 1585623065.269534}, "device": "gpu", "nd_range": {"device_start": 1585622998.840677, "device_end": 1585622998.8408782}, "cmdq": 0, "read": {"device_start": -1, "device_end": -1}}, "FFC_sans_bias55": {"write": {"device_start": -1, "host_queued_start": 1585623065.300038, "device_queued": -1, "device_end": -1, "host_queued_end": 1585623065.327513}, "device": "cpu", "nd_range": {"device_start": 2290839.597805464, "device_end": 2290839.615446368}, "cmdq": 2, "read": {"device_start": -1, "device_end": -1}}, "FFC_sans_bias54": {"write": {"device_start": -1, "host_queued_start": 1585623065.298987, "device_queued": -1, "device_end": -1, "host_queued_end": 1585623065.327513}, "device": "cpu", "nd_range": {"device_start": 2290839.5874691373, "device_end": 2290839.596089914}, "cmdq": 1, "read": {"device_start": -1, "device_end": -1}}, "FFC_sans_bias56": {"write": {"device_start": -1, "host_queued_start": 1585623065.297922, "device_queued": -1, "device_end": -1, "host_queued_end": 1585623065.327513}, "device": "cpu", "nd_range": {"device_start": 2290839.607014726, "device_end": 2290839.614419797}, "cmdq": 0, "read": {"device_start": -1, "device_end": -1}}, "FFC_sans_bias51": {"write": {"device_start": -1, "host_queued_start": 1585623065.317283, "device_queued": -1, "device_end": -1, "host_queued_end": 1585623065.327513}, "device": "cpu", "nd_range": {"device_start": 2290839.709293881, "device_end": 2290839.728930022}, "cmdq": 2, "read": {"device_start": -1, "device_end": -1}}, "FFC_sans_bias52": {"write": {"device_start": -1, "host_queued_start": 1585623065.324438, "device_queued": -1, "device_end": -1, "host_queued_end": 1585623065.327513}, "device": "cpu", "nd_range": {"device_start": 2290839.7495615412, "device_end": 2290839.753880741}, "cmdq": 2, "read": {"device_start": -1, "device_end": -1}}, "FFC_sans_bias58": {"write": {"device_start": -1, "host_queued_start": 1585623065.311936, "device_queued": -1, "device_end": -1, "host_queued_end": 1585623065.327513}, "device": "cpu", "nd_range": {"device_start": 2290839.6693046223, "device_end": 2290839.679350707}, "cmdq": 0, "read": {"device_start": -1, "device_end": -1}}, "coalesced_transpose57": {"write": {"device_start": -1, "host_queued_start": 1585623065.308821, "device_queued": -1, "device_end": -1, "host_queued_end": 1585623065.327513}, "device": "cpu", "nd_range": {"device_start": 2290839.643311025, "device_end": 2290839.64355986}, "cmdq": 0, "read": {"device_start": -1, "device_end": -1}}, "empty26": {"write": {"device_start": -1, "host_queued_start": 1585623065.272646, "device_queued": -1, "device_end": -1, "host_queued_end": 1585623065.327513}, "device": "cpu", "nd_range": {"device_start": 2290839.5171340653, "device_end": 2290839.51714024}, "cmdq": 2, "read": {"device_start": -1, "device_end": -1}}, "FFC_sans_bias11": {"write": {"device_start": -1, "host_queued_start": 1585623065.284, "device_queued": -1, "device_end": -1, "host_queued_end": 1585623065.327513}, "device": "cpu", "nd_range": {"device_start": 2290839.531775838, "device_end": 2290839.542524774}, "cmdq": 2, "read": {"device_start": -1, "device_end": -1}}, "FFC_sans_bias42": {"write": {"device_start": -1, "host_queued_start": 1585623065.316937, "device_queued": -1, "device_end": -1, "host_queued_end": 1585623065.327513}, "device": "cpu", "nd_range": {"device_start": 2290839.674369962, "device_end": 2290839.688194166}, "cmdq": 1, "read": {"device_start": -1, "device_end": -1}}, "FFC_sans_bias43": {"write": {"device_start": -1, "host_queued_start": 1585623065.323431, "device_queued": -1, "device_end": -1, "host_queued_end": 1585623065.327513}, "device": "cpu", "nd_range": {"device_start": 2290839.710036693, "device_end": 2290839.7224964}, "cmdq": 1, "read": {"device_start": -1, "device_end": -1}}, "FFC_sans_bias40": {"write": {"device_start": -1, "host_queued_start": 1585623065.311225, "device_queued": -1, "device_end": -1, "host_queued_end": 1585623065.327513}, "device": "cpu", "nd_range": {"device_start": 2290839.6413279953, "device_end": 2290839.649947397}, "cmdq": 1, "read": {"device_start": -1, "device_end": -1}}, "FFC_sans_bias46": {"write": {"device_start": -1, "host_queued_start": 1585623065.2958, "device_queued": -1, "device_end": -1, "host_queued_end": 1585623065.327513}, "device": "cpu", "nd_range": {"device_start": 2290839.576178921, "device_end": 2290839.58735114}, "cmdq": 1, "read": {"device_start": -1, "device_end": -1}}, "FFC_sans_bias47": {"write": {"device_start": -1, "host_queued_start": 1585623065.296863, "device_queued": -1, "device_end": -1, "host_queued_end": 1585623065.327513}, "device": "cpu", "nd_range": {"device_start": 2290839.5828358643, "device_end": 2290839.59769599}, "cmdq": 2, "read": {"device_start": -1, "device_end": -1}}, "FFC_sans_bias45": {"write": {"device_start": -1, "host_queued_start": 1585623065.294748, "device_queued": -1, "device_end": -1, "host_queued_end": 1585623065.327513}, "device": "cpu", "nd_range": {"device_start": 2290839.5934822434, "device_end": 2290839.606710549}, "cmdq": 0, "read": {"device_start": -1, "device_end": -1}}, "FFC_sans_bias49": {"write": {"device_start": -1, "host_queued_start": 1585623065.311589, "device_queued": -1, "device_end": -1, "host_queued_end": 1585623065.327513}, "device": "cpu", "nd_range": {"device_start": 2290839.656493248, "device_end": 2290839.677507194}, "cmdq": 2, "read": {"device_start": -1, "device_end": -1}}, "softmax77": {"write": {"device_start": -1, "host_queued_start": 1585623065.315188, "device_queued": -1, "device_end": -1, "host_queued_end": 1585623065.327513}, "device": "cpu", "nd_range": {"device_start": 2290839.691608611, "device_end": 2290839.6926578963}, "cmdq": 2, "read": {"device_start": -1, "device_end": -1}}, "softmax5": {"write": {"device_start": -1, "host_queued_start": 1585623065.312901, "device_queued": -1, "device_end": -1, "host_queued_end": 1585623065.327513}, "device": "cpu", "nd_range": {"device_start": 2290839.679356507, "device_end": 2290839.6795745073}, "cmdq": 0, "read": {"device_start": -1, "device_end": -1}}, "empty53": {"write": {"device_start": -1, "host_queued_start": 1585623065.27519, "device_queued": -1, "device_end": -1, "host_queued_end": 1585623065.327513}, "device": "cpu", "nd_range": {"device_start": 2290839.517163326, "device_end": 2290839.5171642643}, "cmdq": 2, "read": {"device_start": -1, "device_end": -1}}, "coalesced_transpose48": {"write": {"device_start": -1, "host_queued_start": 1585623065.308484, "device_queued": -1, "device_end": -1, "host_queued_end": 1585623065.327513}, "device": "cpu", "nd_range": {"device_start": 2290839.6412410433, "device_end": 2290839.641413034}, "cmdq": 2, "read": {"device_start": -1, "device_end": -1}}}