{"FFC_sans_bias4": {"write": {"device_start": -1, "host_queued_start": 1585623745.463416, "device_queued": -1, "device_end": -1, "host_queued_end": 1585623745.473073}, "device": "cpu", "nd_range": {"device_start": 2291519.709667644, "device_end": 2291519.724952185}, "cmdq": 0, "read": {"device_start": -1, "device_end": -1}}, "FFC_sans_bias7": {"write": {"device_start": -1, "host_queued_start": 1585623745.469019, "device_queued": -1, "device_end": -1, "host_queued_end": 1585623745.473073}, "device": "cpu", "nd_range": {"device_start": 2291519.740794564, "device_end": 2291519.75607994}, "cmdq": 0, "read": {"device_start": -1, "device_end": -1}}, "FFC_sans_bias6": {"write": {"device_start": -1, "host_queued_start": 1585623745.46659, "device_queued": -1, "device_end": -1, "host_queued_end": 1585623745.473073}, "device": "cpu", "nd_range": {"device_start": 2291519.725403416, "device_end": 2291519.7406801702}, "cmdq": 0, "read": {"device_start": -1, "device_end": -1}}, "FFC_sans_bias1": {"write": {"device_start": -1, "host_queued_start": 1585623745.446898, "device_queued": -1, "device_end": -1, "host_queued_end": 1585623745.473073}, "device": "cpu", "nd_range": {"device_start": 2291519.662736882, "device_end": 2291519.6787291854}, "cmdq": 1, "read": {"device_start": -1, "device_end": -1}}, "FFC_sans_bias0": {"write": {"device_start": -1, "host_queued_start": 1585623745.445807, "device_queued": -1, "device_end": -1, "host_queued_end": 1585623745.473073}, "device": "cpu", "nd_range": {"device_start": 2291519.662707902, "device_end": 2291519.678490979}, "cmdq": 0, "read": {"device_start": -1, "device_end": -1}}, "FFC_sans_bias2": {"write": {"device_start": -1, "host_queued_start": 1585623745.447957, "device_queued": -1, "device_end": -1, "host_queued_end": 1585623745.473073}, "device": "cpu", "nd_range": {"device_start": 2291519.6627216353, "device_end": 2291519.6782628153}, "cmdq": 2, "read": {"device_start": -1, "device_end": -1}}, "FFC_sans_bias9": {"write": {"device_start": -1, "host_queued_start": 1585623745.44902, "device_queued": -1, "device_end": -1, "host_queued_end": 1585623745.473073}, "device": "cpu", "nd_range": {"device_start": 2291519.708840248, "device_end": 2291519.724002934}, "cmdq": 3, "read": {"device_start": -1, "device_end": -1}}, "empty71": {"write": {"device_start": 1585623678.9893968, "host_queued_start": 1585623745.40988, "device_queued": 1585623678.989217, "device_end": 1585623678.9894664, "host_queued_end": 1585623745.438895}, "device": "gpu", "nd_range": {"device_start": 1585623678.9895928, "device_end": 1585623678.9895966}, "cmdq": 2, "read": {"device_start": -1, "device_end": -1}}, "softmax41": {"write": {"device_start": -1, "host_queued_start": 1585623745.466215, "device_queued": -1, "device_end": -1, "host_queued_end": 1585623745.473073}, "device": "cpu", "nd_range": {"device_start": 2291519.768622227, "device_end": 2291519.770217589}, "cmdq": 4, "read": {"device_start": -1, "device_end": -1}}, "FFC_sans_bias37": {"write": {"device_start": -1, "host_queued_start": 1585623745.460365, "device_queued": -1, "device_end": -1, "host_queued_end": 1585623745.473073}, "device": "cpu", "nd_range": {"device_start": 2291519.7394513832, "device_end": 2291519.754696901}, "cmdq": 3, "read": {"device_start": -1, "device_end": -1}}, "FFC_sans_bias36": {"write": {"device_start": -1, "host_queued_start": 1585623745.459305, "device_queued": -1, "device_end": -1, "host_queued_end": 1585623745.473073}, "device": "cpu", "nd_range": {"device_start": 2291519.712224937, "device_end": 2291519.735243358}, "cmdq": 2, "read": {"device_start": -1, "device_end": -1}}, "FFC_sans_bias34": {"write": {"device_start": -1, "host_queued_start": 1585623745.472034, "device_queued": -1, "device_end": -1, "host_queued_end": 1585623745.473073}, "device": "cpu", "nd_range": {"device_start": 2291519.784020016, "device_end": 2291519.79561673}, "cmdq": 3, "read": {"device_start": -1, "device_end": -1}}, "FFC_sans_bias33": {"write": {"device_start": -1, "host_queued_start": 1585623745.467626, "device_queued": -1, "device_end": -1, "host_queued_end": 1585623745.473073}, "device": "cpu", "nd_range": {"device_start": 2291519.7703908593, "device_end": 2291519.784012297}, "cmdq": 3, "read": {"device_start": -1, "device_end": -1}}, "FFC_sans_bias31": {"write": {"device_start": -1, "host_queued_start": 1585623745.464436, "device_queued": -1, "device_end": -1, "host_queued_end": 1585623745.473073}, "device": "cpu", "nd_range": {"device_start": 2291519.755194635, "device_end": 2291519.7695249263}, "cmdq": 3, "read": {"device_start": -1, "device_end": -1}}, "FFC_sans_bias38": {"write": {"device_start": -1, "host_queued_start": 1585623745.461415, "device_queued": -1, "device_end": -1, "host_queued_end": 1585623745.473073}, "device": "cpu", "nd_range": {"device_start": 2291519.6935361153, "device_end": 2291519.708712508}, "cmdq": 4, "read": {"device_start": -1, "device_end": -1}}, "coalesced_transpose75": {"write": {"device_start": -1, "host_queued_start": 1585623745.428674, "device_queued": -1, "device_end": -1, "host_queued_end": 1585623745.438895}, "device": "gpu", "nd_range": {"device_start": 1585623678.9966779, "device_end": 1585623678.9970326}, "cmdq": 3, "read": {"device_start": -1, "device_end": -1}}, "empty44": {"write": {"device_start": -1, "host_queued_start": 1585623745.444763, "device_queued": -1, "device_end": -1, "host_queued_end": 1585623745.473073}, "device": "cpu", "nd_range": {"device_start": 2291519.6627064752, "device_end": 2291519.6627074433}, "cmdq": 4, "read": {"device_start": -1, "device_end": -1}}, "empty8": {"write": {"device_start": -1, "host_queued_start": 1585623745.440423, "device_queued": -1, "device_end": -1, "host_queued_end": 1585623745.473073}, "device": "cpu", "nd_range": {"device_start": 2291519.662675675, "device_end": 2291519.662687675}, "cmdq": 0, "read": {"device_start": -1, "device_end": -1}}, "softmax50": {"write": {"device_start": -1, "host_queued_start": 1585623745.430853, "device_queued": -1, "device_end": -1, "host_queued_end": 1585623745.438895}, "device": "gpu", "nd_range": {"device_start": 1585623678.997635, "device_end": 1585623678.9996414}, "cmdq": 0, "read": {"device_start": -1, "device_end": -1}}, "softmax59": {"write": {"device_start": -1, "host_queued_start": 1585623745.431108, "device_queued": -1, "device_end": -1, "host_queued_end": 1585623745.438895}, "device": "gpu", "nd_range": {"device_start": 1585623678.9981196, "device_end": 1585623678.9996293}, "cmdq": 1, "read": {"device_start": -1, "device_end": -1}}, "FFC_sans_bias24": {"write": {"device_start": -1, "host_queued_start": 1585623745.467283, "device_queued": -1, "device_end": -1, "host_queued_end": 1585623745.473073}, "device": "cpu", "nd_range": {"device_start": 2291519.7701105443, "device_end": 2291519.783026684}, "cmdq": 2, "read": {"device_start": -1, "device_end": -1}}, "FFC_sans_bias25": {"write": {"device_start": -1, "host_queued_start": 1585623745.471043, "device_queued": -1, "device_end": -1, "host_queued_end": 1585623745.473073}, "device": "cpu", "nd_range": {"device_start": 2291519.78303391, "device_end": 2291519.791314064}, "cmdq": 2, "read": {"device_start": -1, "device_end": -1}}, "FFC_sans_bias27": {"write": {"device_start": -1, "host_queued_start": 1585623745.456094, "device_queued": -1, "device_end": -1, "host_queued_end": 1585623745.473073}, "device": "cpu", "nd_range": {"device_start": 2291519.678181297, "device_end": 2291519.693390603}, "cmdq": 4, "read": {"device_start": -1, "device_end": -1}}, "FFC_sans_bias20": {"write": {"device_start": -1, "host_queued_start": 1585623745.454958, "device_queued": -1, "device_end": -1, "host_queued_end": 1585623745.473073}, "device": "cpu", "nd_range": {"device_start": 2291519.724135554, "device_end": 2291519.739326818}, "cmdq": 3, "read": {"device_start": -1, "device_end": -1}}, "FFC_sans_bias22": {"write": {"device_start": -1, "host_queued_start": 1585623745.464099, "device_queued": -1, "device_end": -1, "host_queued_end": 1585623745.473073}, "device": "cpu", "nd_range": {"device_start": 2291519.743458974, "device_end": 2291519.7651578533}, "cmdq": 2, "read": {"device_start": -1, "device_end": -1}}, "FFC_sans_bias28": {"write": {"device_start": -1, "host_queued_start": 1585623745.457149, "device_queued": -1, "device_end": -1, "host_queued_end": 1585623745.473073}, "device": "cpu", "nd_range": {"device_start": 2291519.6940281093, "device_end": 2291519.709196402}, "cmdq": 0, "read": {"device_start": -1, "device_end": -1}}, "FFC_sans_bias29": {"write": {"device_start": -1, "host_queued_start": 1585623745.458219, "device_queued": -1, "device_end": -1, "host_queued_end": 1585623745.473073}, "device": "cpu", "nd_range": {"device_start": 2291519.694556787, "device_end": 2291519.7117992793}, "cmdq": 1, "read": {"device_start": -1, "device_end": -1}}, "coalesced_transpose66": {"write": {"device_start": -1, "host_queued_start": 1585623745.428374, "device_queued": -1, "device_end": -1, "host_queued_end": 1585623745.438895}, "device": "gpu", "nd_range": {"device_start": 1585623678.9961984, "device_end": 1585623678.997028}, "cmdq": 2, "read": {"device_start": -1, "device_end": -1}}, "softmax23": {"write": {"device_start": -1, "host_queued_start": 1585623745.465604, "device_queued": -1, "device_end": -1, "host_queued_end": 1585623745.473073}, "device": "cpu", "nd_range": {"device_start": 2291519.765166818, "device_end": 2291519.770102497}, "cmdq": 2, "read": {"device_start": -1, "device_end": -1}}, "empty62": {"write": {"device_start": 1585623678.9892898, "host_queued_start": 1585623745.409028, "device_queued": 1585623678.9891765, "device_end": 1585623678.989343, "host_queued_end": 1585623745.438895}, "device": "gpu", "nd_range": {"device_start": 1585623678.9895706, "device_end": 1585623678.9895797}, "cmdq": 1, "read": {"device_start": -1, "device_end": -1}}, "FFC_sans_bias10": {"write": {"device_start": -1, "host_queued_start": 1585623745.450097, "device_queued": -1, "device_end": -1, "host_queued_end": 1585623745.473073}, "device": "cpu", "nd_range": {"device_start": 2291519.662919937, "device_end": 2291519.678169542}, "cmdq": 4, "read": {"device_start": -1, "device_end": -1}}, "FFC_sans_bias13": {"write": {"device_start": -1, "host_queued_start": 1585623745.463759, "device_queued": -1, "device_end": -1, "host_queued_end": 1585623745.473073}, "device": "cpu", "nd_range": {"device_start": 2291519.7122916523, "device_end": 2291519.7283810433}, "cmdq": 1, "read": {"device_start": -1, "device_end": -1}}, "FFC_sans_bias15": {"write": {"device_start": -1, "host_queued_start": 1585623745.46694, "device_queued": -1, "device_end": -1, "host_queued_end": 1585623745.473073}, "device": "cpu", "nd_range": {"device_start": 2291519.728827062, "device_end": 2291519.744898857}, "cmdq": 1, "read": {"device_start": -1, "device_end": -1}}, "FFC_sans_bias16": {"write": {"device_start": -1, "host_queued_start": 1585623745.470018, "device_queued": -1, "device_end": -1, "host_queued_end": 1585623745.473073}, "device": "cpu", "nd_range": {"device_start": 2291519.745015326, "device_end": 2291519.761229402}, "cmdq": 1, "read": {"device_start": -1, "device_end": -1}}, "FFC_sans_bias19": {"write": {"device_start": -1, "host_queued_start": 1585623745.453783, "device_queued": -1, "device_end": -1, "host_queued_end": 1585623745.473073}, "device": "cpu", "nd_range": {"device_start": 2291519.6817769753, "device_end": 2291519.703165066}, "cmdq": 2, "read": {"device_start": -1, "device_end": -1}}, "FFC_sans_bias18": {"write": {"device_start": -1, "host_queued_start": 1585623745.452603, "device_queued": -1, "device_end": -1, "host_queued_end": 1585623745.473073}, "device": "cpu", "nd_range": {"device_start": 2291519.678846584, "device_end": 2291519.694438796}, "cmdq": 1, "read": {"device_start": -1, "device_end": -1}}, "coalesced_transpose12": {"write": {"device_start": -1, "host_queued_start": 1585623745.462073, "device_queued": -1, "device_end": -1, "host_queued_end": 1585623745.473073}, "device": "cpu", "nd_range": {"device_start": 2291519.711920456, "device_end": 2291519.712174544}, "cmdq": 1, "read": {"device_start": -1, "device_end": -1}}, "softmax32": {"write": {"device_start": -1, "host_queued_start": 1585623745.465875, "device_queued": -1, "device_end": -1, "host_queued_end": 1585623745.473073}, "device": "cpu", "nd_range": {"device_start": 2291519.7695320663, "device_end": 2291519.770381741}, "cmdq": 3, "read": {"device_start": -1, "device_end": -1}}, "coalesced_transpose84": {"write": {"device_start": -1, "host_queued_start": 1585623745.428973, "device_queued": -1, "device_end": -1, "host_queued_end": 1585623745.438895}, "device": "gpu", "nd_range": {"device_start": 1585623678.9971638, "device_end": 1585623678.998962}, "cmdq": 4, "read": {"device_start": -1, "device_end": -1}}, "empty17": {"write": {"device_start": -1, "host_queued_start": 1585623745.441692, "device_queued": -1, "device_end": -1, "host_queued_end": 1585623745.473073}, "device": "cpu", "nd_range": {"device_start": 2291519.662710368, "device_end": 2291519.6627149084}, "cmdq": 1, "read": {"device_start": -1, "device_end": -1}}, "FFC_sans_bias87": {"write": {"device_start": -1, "host_queued_start": 1585623745.433548, "device_queued": -1, "device_end": -1, "host_queued_end": 1585623745.438895}, "device": "gpu", "nd_range": {"device_start": 1585623678.9999213, "device_end": 1585623679.0021534}, "cmdq": 4, "read": {"device_start": -1, "device_end": -1}}, "FFC_sans_bias85": {"write": {"device_start": -1, "host_queued_start": 1585623745.430587, "device_queued": -1, "device_end": -1, "host_queued_end": 1585623745.438895}, "device": "gpu", "nd_range": {"device_start": 1585623678.998963, "device_end": 1585623678.9995801}, "cmdq": 4, "read": {"device_start": -1, "device_end": -1}}, "FFC_sans_bias82": {"write": {"device_start": 1585623678.9943295, "host_queued_start": 1585623745.426346, "device_queued": 1585623678.9912057, "device_end": 1585623678.9943547, "host_queued_end": 1585623745.438895}, "device": "gpu", "nd_range": {"device_start": 1585623678.9943578, "device_end": 1585623678.996672}, "cmdq": 3, "read": {"device_start": -1, "device_end": -1}}, "FFC_sans_bias83": {"write": {"device_start": 1585623678.9948592, "host_queued_start": 1585623745.427437, "device_queued": 1585623678.9912233, "device_end": 1585623678.9948847, "host_queued_end": 1585623745.438895}, "device": "gpu", "nd_range": {"device_start": 1585623678.9948924, "device_end": 1585623678.9971545}, "cmdq": 4, "read": {"device_start": -1, "device_end": -1}}, "FFC_sans_bias81": {"write": {"device_start": 1585623678.993864, "host_queued_start": 1585623745.425304, "device_queued": 1585623678.9911778, "device_end": 1585623678.9938962, "host_queued_end": 1585623745.438895}, "device": "gpu", "nd_range": {"device_start": 1585623678.9939063, "device_end": 1585623678.9961922}, "cmdq": 2, "read": {"device_start": -1, "device_end": -1}}, "FFC_sans_bias88": {"write": {"device_start": 1585623679.0022624, "host_queued_start": 1585623745.438795, "device_queued": 1585623678.9928563, "device_end": 1585623679.0022883, "host_queued_end": 1585623745.438895}, "device": "gpu", "nd_range": {"device_start": 1585623679.0022929, "device_end": 1585623679.0045419}, "cmdq": 4, "read": {"device_start": 1585623679.0045502, "device_end": 1585623679.0045722}}, "coalesced_transpose30": {"write": {"device_start": -1, "host_queued_start": 1585623745.462738, "device_queued": -1, "device_end": -1, "host_queued_end": 1585623745.473073}, "device": "cpu", "nd_range": {"device_start": 2291519.75482801, "device_end": 2291519.755082636}, "cmdq": 3, "read": {"device_start": -1, "device_end": -1}}, "coalesced_transpose39": {"write": {"device_start": -1, "host_queued_start": 1585623745.463067, "device_queued": -1, "device_end": -1, "host_queued_end": 1585623745.473073}, "device": "cpu", "nd_range": {"device_start": 2291519.756084079, "device_end": 2291519.7563227103}, "cmdq": 4, "read": {"device_start": -1, "device_end": -1}}, "FFC_sans_bias79": {"write": {"device_start": 1585623679.00177, "host_queued_start": 1585623745.437739, "device_queued": 1585623678.99272, "device_end": 1585623679.001795, "host_queued_end": 1585623745.438895}, "device": "gpu", "nd_range": {"device_start": 1585623679.001803, "device_end": 1585623679.004058}, "cmdq": 3, "read": {"device_start": 1585623679.0040617, "device_end": 1585623679.0040848}}, "FFC_sans_bias78": {"write": {"device_start": -1, "host_queued_start": 1585623745.433231, "device_queued": -1, "device_end": -1, "host_queued_end": 1585623745.438895}, "device": "gpu", "nd_range": {"device_start": 1585623678.9996479, "device_end": 1585623679.00165}, "cmdq": 3, "read": {"device_start": -1, "device_end": -1}}, "FFC_sans_bias73": {"write": {"device_start": 1585623678.992937, "host_queued_start": 1585623745.423206, "device_queued": 1585623678.990955, "device_end": 1585623678.992969, "host_queued_end": 1585623745.438895}, "device": "gpu", "nd_range": {"device_start": 1585623678.992978, "device_end": 1585623678.9952042}, "cmdq": 0, "read": {"device_start": -1, "device_end": -1}}, "FFC_sans_bias72": {"write": {"device_start": 1585623678.992495, "host_queued_start": 1585623745.42213, "device_queued": 1585623678.9907022, "device_end": 1585623678.9925249, "host_queued_end": 1585623745.438895}, "device": "gpu", "nd_range": {"device_start": 1585623678.9925315, "device_end": 1585623678.9947503}, "cmdq": 4, "read": {"device_start": -1, "device_end": -1}}, "FFC_sans_bias70": {"write": {"device_start": 1585623679.001516, "host_queued_start": 1585623745.436693, "device_queued": 1585623678.9927049, "device_end": 1585623679.0015461, "host_queued_end": 1585623745.438895}, "device": "gpu", "nd_range": {"device_start": 1585623679.0015492, "device_end": 1585623679.003603}, "cmdq": 2, "read": {"device_start": 1585623679.0036068, "device_end": 1585623679.0036304}}, "FFC_sans_bias76": {"write": {"device_start": -1, "host_queued_start": 1585623745.430245, "device_queued": -1, "device_end": -1, "host_queued_end": 1585623745.438895}, "device": "gpu", "nd_range": {"device_start": 1585623678.9970336, "device_end": 1585623678.9990869}, "cmdq": 3, "read": {"device_start": -1, "device_end": -1}}, "FFC_sans_bias74": {"write": {"device_start": 1585623678.993397, "host_queued_start": 1585623745.424257, "device_queued": 1585623678.991022, "device_end": 1585623678.993429, "host_queued_end": 1585623745.438895}, "device": "gpu", "nd_range": {"device_start": 1585623678.9934382, "device_end": 1585623678.9957252}, "cmdq": 1, "read": {"device_start": -1, "device_end": -1}}, "coalesced_transpose3": {"write": {"device_start": -1, "host_queued_start": 1585623745.461743, "device_queued": -1, "device_end": -1, "host_queued_end": 1585623745.473073}, "device": "cpu", "nd_range": {"device_start": 2291519.7093094434, "device_end": 2291519.709558206}, "cmdq": 0, "read": {"device_start": -1, "device_end": -1}}, "empty89": {"write": {"device_start": 1585623678.9896286, "host_queued_start": 1585623745.411624, "device_queued": 1585623678.9895322, "device_end": 1585623678.9896536, "host_queued_end": 1585623745.438895}, "device": "gpu", "nd_range": {"device_start": 1585623678.9896631, "device_end": 1585623678.9896672}, "cmdq": 4, "read": {"device_start": -1, "device_end": -1}}, "empty80": {"write": {"device_start": 1585623678.989489, "host_queued_start": 1585623745.410767, "device_queued": 1585623678.9892406, "device_end": 1585623678.9895132, "host_queued_end": 1585623745.438895}, "device": "gpu", "nd_range": {"device_start": 1585623678.9896092, "device_end": 1585623678.989613}, "cmdq": 3, "read": {"device_start": -1, "device_end": -1}}, "coalesced_transpose21": {"write": {"device_start": -1, "host_queued_start": 1585623745.462401, "device_queued": -1, "device_end": -1, "host_queued_end": 1585623745.473073}, "device": "cpu", "nd_range": {"device_start": 2291519.742825846, "device_end": 2291519.7430791482}, "cmdq": 2, "read": {"device_start": -1, "device_end": -1}}, "softmax14": {"write": {"device_start": -1, "host_queued_start": 1585623745.465331, "device_queued": -1, "device_end": -1, "host_queued_end": 1585623745.473073}, "device": "cpu", "nd_range": {"device_start": 2291519.728506951, "device_end": 2291519.728717085}, "cmdq": 1, "read": {"device_start": -1, "device_end": -1}}, "FFC_sans_bias69": {"write": {"device_start": -1, "host_queued_start": 1585623745.432799, "device_queued": -1, "device_end": -1, "host_queued_end": 1585623745.438895}, "device": "gpu", "nd_range": {"device_start": 1585623678.999635, "device_end": 1585623679.0006478}, "cmdq": 2, "read": {"device_start": -1, "device_end": -1}}, "FFC_sans_bias60": {"write": {"device_start": -1, "host_queued_start": 1585623745.432479, "device_queued": -1, "device_end": -1, "host_queued_end": 1585623745.438895}, "device": "gpu", "nd_range": {"device_start": 1585623678.9996305, "device_end": 1585623679.0002422}, "cmdq": 1, "read": {"device_start": -1, "device_end": -1}}, "FFC_sans_bias61": {"write": {"device_start": 1585623679.00038, "host_queued_start": 1585623745.43564, "device_queued": 1585623678.9926758, "device_end": 1585623679.0004094, "host_queued_end": 1585623745.438895}, "device": "gpu", "nd_range": {"device_start": 1585623679.00042, "device_end": 1585623679.002619}, "cmdq": 1, "read": {"device_start": 1585623679.00263, "device_end": 1585623679.0026538}}, "FFC_sans_bias63": {"write": {"device_start": 1585623678.9919055, "host_queued_start": 1585623745.421074, "device_queued": 1585623678.9905176, "device_end": 1585623678.9919355, "host_queued_end": 1585623745.438895}, "device": "gpu", "nd_range": {"device_start": 1585623678.9919431, "device_end": 1585623678.9942403}, "cmdq": 3, "read": {"device_start": -1, "device_end": -1}}, "FFC_sans_bias64": {"write": {"device_start": 1585623678.9910316, "host_queued_start": 1585623745.418972, "device_queued": 1585623678.9904637, "device_end": 1585623678.991061, "host_queued_end": 1585623745.438895}, "device": "gpu", "nd_range": {"device_start": 1585623678.9910648, "device_end": 1585623678.99328}, "cmdq": 1, "read": {"device_start": -1, "device_end": -1}}, "FFC_sans_bias65": {"write": {"device_start": 1585623678.9914703, "host_queued_start": 1585623745.420028, "device_queued": 1585623678.9904947, "device_end": 1585623678.9915009, "host_queued_end": 1585623745.438895}, "device": "gpu", "nd_range": {"device_start": 1585623678.9915037, "device_end": 1585623678.9937716}, "cmdq": 2, "read": {"device_start": -1, "device_end": -1}}, "FFC_sans_bias67": {"write": {"device_start": -1, "host_queued_start": 1585623745.429927, "device_queued": -1, "device_end": -1, "host_queued_end": 1585623745.438895}, "device": "gpu", "nd_range": {"device_start": 1585623678.9970293, "device_end": 1585623678.99862}, "cmdq": 2, "read": {"device_start": -1, "device_end": -1}}, "softmax68": {"write": {"device_start": -1, "host_queued_start": 1585623745.431356, "device_queued": -1, "device_end": -1, "host_queued_end": 1585623745.438895}, "device": "gpu", "nd_range": {"device_start": 1585623678.998621, "device_end": 1585623678.9996338}, "cmdq": 2, "read": {"device_start": -1, "device_end": -1}}, "empty35": {"write": {"device_start": -1, "host_queued_start": 1585623745.443821, "device_queued": -1, "device_end": -1, "host_queued_end": 1585623745.473073}, "device": "cpu", "nd_range": {"device_start": 2291519.6626756, "device_end": 2291519.6626876863}, "cmdq": 3, "read": {"device_start": -1, "device_end": -1}}, "softmax86": {"write": {"device_start": -1, "host_queued_start": 1585623745.431848, "device_queued": -1, "device_end": -1, "host_queued_end": 1585623745.438895}, "device": "gpu", "nd_range": {"device_start": 1585623678.9995813, "device_end": 1585623678.9999201}, "cmdq": 4, "read": {"device_start": -1, "device_end": -1}}, "FFC_sans_bias55": {"write": {"device_start": 1585623678.9905326, "host_queued_start": 1585623745.4179, "device_queued": 1585623678.990269, "device_end": 1585623678.9905565, "host_queued_end": 1585623745.438895}, "device": "gpu", "nd_range": {"device_start": 1585623678.9905643, "device_end": 1585623678.9927926}, "cmdq": 0, "read": {"device_start": -1, "device_end": -1}}, "FFC_sans_bias54": {"write": {"device_start": 1585623678.9901822, "host_queued_start": 1585623745.41686, "device_queued": 1585623678.9899316, "device_end": 1585623678.9902117, "host_queued_end": 1585623745.438895}, "device": "gpu", "nd_range": {"device_start": 1585623678.9902613, "device_end": 1585623678.992329}, "cmdq": 4, "read": {"device_start": -1, "device_end": -1}}, "FFC_sans_bias56": {"write": {"device_start": 1585623678.9900868, "host_queued_start": 1585623745.415819, "device_queued": 1585623678.9899132, "device_end": 1585623678.9901578, "host_queued_end": 1585623745.438895}, "device": "gpu", "nd_range": {"device_start": 1585623678.9902494, "device_end": 1585623678.9917932}, "cmdq": 3, "read": {"device_start": -1, "device_end": -1}}, "FFC_sans_bias51": {"write": {"device_start": -1, "host_queued_start": 1585623745.43216, "device_queued": -1, "device_end": -1, "host_queued_end": 1585623745.438895}, "device": "gpu", "nd_range": {"device_start": 1585623678.9996426, "device_end": 1585623679.0012193}, "cmdq": 0, "read": {"device_start": -1, "device_end": -1}}, "FFC_sans_bias52": {"write": {"device_start": 1585623679.001358, "host_queued_start": 1585623745.434582, "device_queued": 1585623678.9924731, "device_end": 1585623679.0013888, "host_queued_end": 1585623745.438895}, "device": "gpu", "nd_range": {"device_start": 1585623679.0014033, "device_end": 1585623679.003114}, "cmdq": 0, "read": {"device_start": 1585623679.0031192, "device_end": 1585623679.003143}}, "FFC_sans_bias58": {"write": {"device_start": -1, "host_queued_start": 1585623745.429611, "device_queued": -1, "device_end": -1, "host_queued_end": 1585623745.438895}, "device": "gpu", "nd_range": {"device_start": 1585623678.9970117, "device_end": 1585623678.9981184}, "cmdq": 1, "read": {"device_start": -1, "device_end": -1}}, "coalesced_transpose57": {"write": {"device_start": -1, "host_queued_start": 1585623745.428068, "device_queued": -1, "device_end": -1, "host_queued_end": 1585623745.438895}, "device": "gpu", "nd_range": {"device_start": 1585623678.9957275, "device_end": 1585623678.9970102}, "cmdq": 1, "read": {"device_start": -1, "device_end": -1}}, "empty26": {"write": {"device_start": -1, "host_queued_start": 1585623745.442695, "device_queued": -1, "device_end": -1, "host_queued_end": 1585623745.473073}, "device": "cpu", "nd_range": {"device_start": 2291519.662713524, "device_end": 2291519.6627144134}, "cmdq": 2, "read": {"device_start": -1, "device_end": -1}}, "FFC_sans_bias11": {"write": {"device_start": -1, "host_queued_start": 1585623745.451332, "device_queued": -1, "device_end": -1, "host_queued_end": 1585623745.473073}, "device": "cpu", "nd_range": {"device_start": 2291519.6786053022, "device_end": 2291519.693913367}, "cmdq": 0, "read": {"device_start": -1, "device_end": -1}}, "FFC_sans_bias42": {"write": {"device_start": -1, "host_queued_start": 1585623745.467973, "device_queued": -1, "device_end": -1, "host_queued_end": 1585623745.473073}, "device": "cpu", "nd_range": {"device_start": 2291519.770228032, "device_end": 2291519.7788878162}, "cmdq": 4, "read": {"device_start": -1, "device_end": -1}}, "FFC_sans_bias43": {"write": {"device_start": -1, "host_queued_start": 1585623745.473028, "device_queued": -1, "device_end": -1, "host_queued_end": 1585623745.473073}, "device": "cpu", "nd_range": {"device_start": 2291519.778895217, "device_end": 2291519.7950149723}, "cmdq": 4, "read": {"device_start": -1, "device_end": -1}}, "FFC_sans_bias40": {"write": {"device_start": -1, "host_queued_start": 1585623745.464777, "device_queued": -1, "device_end": -1, "host_queued_end": 1585623745.473073}, "device": "cpu", "nd_range": {"device_start": 2291519.7564353463, "device_end": 2291519.768614876}, "cmdq": 4, "read": {"device_start": -1, "device_end": -1}}, "FFC_sans_bias46": {"write": {"device_start": 1585623678.9898167, "host_queued_start": 1585623745.413691, "device_queued": 1585623678.9896982, "device_end": 1585623678.989848, "host_queued_end": 1585623745.438895}, "device": "gpu", "nd_range": {"device_start": 1585623678.9899714, "device_end": 1585623678.9908059}, "cmdq": 1, "read": {"device_start": -1, "device_end": -1}}, "FFC_sans_bias47": {"write": {"device_start": 1585623678.9899821, "host_queued_start": 1585623745.414783, "device_queued": 1585623678.9898882, "device_end": 1585623678.9900455, "host_queued_end": 1585623745.438895}, "device": "gpu", "nd_range": {"device_start": 1585623678.9902313, "device_end": 1585623678.991366}, "cmdq": 2, "read": {"device_start": -1, "device_end": -1}}, "FFC_sans_bias45": {"write": {"device_start": 1585623678.9897258, "host_queued_start": 1585623745.412635, "device_queued": 1585623678.989641, "device_end": 1585623678.9897847, "host_queued_end": 1585623745.438895}, "device": "gpu", "nd_range": {"device_start": 1585623678.9897928, "device_end": 1585623678.9903982}, "cmdq": 0, "read": {"device_start": -1, "device_end": -1}}, "FFC_sans_bias49": {"write": {"device_start": -1, "host_queued_start": 1585623745.429294, "device_queued": -1, "device_end": -1, "host_queued_end": 1585623745.438895}, "device": "gpu", "nd_range": {"device_start": 1585623678.9970064, "device_end": 1585623678.9976335}, "cmdq": 0, "read": {"device_start": -1, "device_end": -1}}, "softmax77": {"write": {"device_start": -1, "host_queued_start": 1585623745.431603, "device_queued": -1, "device_end": -1, "host_queued_end": 1585623745.438895}, "device": "gpu", "nd_range": {"device_start": 1585623678.9990883, "device_end": 1585623678.9996467}, "cmdq": 3, "read": {"device_start": -1, "device_end": -1}}, "softmax5": {"write": {"device_start": -1, "host_queued_start": 1585623745.465055, "device_queued": -1, "device_end": -1, "host_queued_end": 1585623745.473073}, "device": "cpu", "nd_range": {"device_start": 2291519.7250675242, "device_end": 2291519.725287183}, "cmdq": 0, "read": {"device_start": -1, "device_end": -1}}, "empty53": {"write": {"device_start": 1585623678.989189, "host_queued_start": 1585623745.407966, "device_queued": 1585623678.9890437, "device_end": 1585623678.989216, "host_queued_end": 1585623745.438895}, "device": "gpu", "nd_range": {"device_start": 1585623678.9892192, "device_end": 1585623678.9892251}, "cmdq": 0, "read": {"device_start": -1, "device_end": -1}}, "coalesced_transpose48": {"write": {"device_start": -1, "host_queued_start": 1585623745.427762, "device_queued": -1, "device_end": -1, "host_queued_end": 1585623745.438895}, "device": "gpu", "nd_range": {"device_start": 1585623678.9952054, "device_end": 1585623678.9970055}, "cmdq": 0, "read": {"device_start": -1, "device_end": -1}}}