{"FFC_sans_bias4": {"write": {"device_start": -1, "host_queued_start": 1585623505.46208, "device_queued": -1, "device_end": -1, "host_queued_end": 1585623505.479731}, "device": "cpu", "nd_range": {"device_start": 2291279.797920629, "device_end": 2291279.8067528103}, "cmdq": 1, "read": {"device_start": -1, "device_end": -1}}, "FFC_sans_bias7": {"write": {"device_start": -1, "host_queued_start": 1585623505.471678, "device_queued": -1, "device_end": -1, "host_queued_end": 1585623505.479731}, "device": "cpu", "nd_range": {"device_start": 2291279.871889825, "device_end": 2291279.884072849}, "cmdq": 0, "read": {"device_start": -1, "device_end": -1}}, "FFC_sans_bias6": {"write": {"device_start": -1, "host_queued_start": 1585623505.467836, "device_queued": -1, "device_end": -1, "host_queued_end": 1585623505.479731}, "device": "cpu", "nd_range": {"device_start": 2291279.837680364, "device_end": 2291279.8472602554}, "cmdq": 1, "read": {"device_start": -1, "device_end": -1}}, "FFC_sans_bias1": {"write": {"device_start": -1, "host_queued_start": 1585623505.431918, "device_queued": -1, "device_end": -1, "host_queued_end": 1585623505.479731}, "device": "cpu", "nd_range": {"device_start": 2291279.669411634, "device_end": 2291279.677365593}, "cmdq": 0, "read": {"device_start": -1, "device_end": -1}}, "FFC_sans_bias0": {"write": {"device_start": -1, "host_queued_start": 1585623505.430859, "device_queued": -1, "device_end": -1, "host_queued_end": 1585623505.479731}, "device": "cpu", "nd_range": {"device_start": 2291279.66940455, "device_end": 2291279.678501537}, "cmdq": 1, "read": {"device_start": -1, "device_end": -1}}, "FFC_sans_bias2": {"write": {"device_start": -1, "host_queued_start": 1585623505.432981, "device_queued": -1, "device_end": -1, "host_queued_end": 1585623505.479731}, "device": "cpu", "nd_range": {"device_start": 2291279.681225573, "device_end": 2291279.687881128}, "cmdq": 1, "read": {"device_start": -1, "device_end": -1}}, "FFC_sans_bias9": {"write": {"device_start": -1, "host_queued_start": 1585623505.434038, "device_queued": -1, "device_end": -1, "host_queued_end": 1585623505.479731}, "device": "cpu", "nd_range": {"device_start": 2291279.6773764472, "device_end": 2291279.6823721733}, "cmdq": 0, "read": {"device_start": -1, "device_end": -1}}, "empty71": {"write": {"device_start": -1, "host_queued_start": 1585623505.429058, "device_queued": -1, "device_end": -1, "host_queued_end": 1585623505.479731}, "device": "cpu", "nd_range": {"device_start": 2291279.669399323, "device_end": 2291279.6693999153}, "cmdq": 1, "read": {"device_start": -1, "device_end": -1}}, "softmax41": {"write": {"device_start": -1, "host_queued_start": 1585623505.466283, "device_queued": -1, "device_end": -1, "host_queued_end": 1585623505.479731}, "device": "cpu", "nd_range": {"device_start": 2291279.832137198, "device_end": 2291279.8332171342}, "cmdq": 0, "read": {"device_start": -1, "device_end": -1}}, "FFC_sans_bias37": {"write": {"device_start": -1, "host_queued_start": 1585623505.444699, "device_queued": -1, "device_end": -1, "host_queued_end": 1585623505.479731}, "device": "cpu", "nd_range": {"device_start": 2291279.7095559933, "device_end": 2291279.718303904}, "cmdq": 0, "read": {"device_start": -1, "device_end": -1}}, "FFC_sans_bias36": {"write": {"device_start": -1, "host_queued_start": 1585623505.443645, "device_queued": -1, "device_end": -1, "host_queued_end": 1585623505.479731}, "device": "cpu", "nd_range": {"device_start": 2291279.7466994263, "device_end": 2291279.754348006}, "cmdq": 1, "read": {"device_start": -1, "device_end": -1}}, "FFC_sans_bias34": {"write": {"device_start": -1, "host_queued_start": 1585623505.474682, "device_queued": -1, "device_end": -1, "host_queued_end": 1585623505.479731}, "device": "cpu", "nd_range": {"device_start": 2291279.8969930094, "device_end": 2291279.907444728}, "cmdq": 1, "read": {"device_start": -1, "device_end": -1}}, "FFC_sans_bias33": {"write": {"device_start": -1, "host_queued_start": 1585623505.468881, "device_queued": -1, "device_end": -1, "host_queued_end": 1585623505.479731}, "device": "cpu", "nd_range": {"device_start": 2291279.84339516, "device_end": 2291279.851078195}, "cmdq": 0, "read": {"device_start": -1, "device_end": -1}}, "FFC_sans_bias31": {"write": {"device_start": -1, "host_queued_start": 1585623505.463128, "device_queued": -1, "device_end": -1, "host_queued_end": 1585623505.479731}, "device": "cpu", "nd_range": {"device_start": 2291279.8027063604, "device_end": 2291279.813627203}, "cmdq": 0, "read": {"device_start": -1, "device_end": -1}}, "FFC_sans_bias38": {"write": {"device_start": -1, "host_queued_start": 1585623505.44576, "device_queued": -1, "device_end": -1, "host_queued_end": 1585623505.479731}, "device": "cpu", "nd_range": {"device_start": 2291279.7543554143, "device_end": 2291279.765799518}, "cmdq": 1, "read": {"device_start": -1, "device_end": -1}}, "coalesced_transpose75": {"write": {"device_start": -1, "host_queued_start": 1585623505.46172, "device_queued": -1, "device_end": -1, "host_queued_end": 1585623505.479731}, "device": "cpu", "nd_range": {"device_start": 2291279.782146614, "device_end": 2291279.7823943393}, "cmdq": 0, "read": {"device_start": -1, "device_end": -1}}, "empty44": {"write": {"device_start": -1, "host_queued_start": 1585623505.426536, "device_queued": -1, "device_end": -1, "host_queued_end": 1585623505.479731}, "device": "cpu", "nd_range": {"device_start": 2291279.6693933313, "device_end": 2291279.66939401}, "cmdq": 0, "read": {"device_start": -1, "device_end": -1}}, "empty8": {"write": {"device_start": -1, "host_queued_start": 1585623505.423071, "device_queued": -1, "device_end": -1, "host_queued_end": 1585623505.479731}, "device": "cpu", "nd_range": {"device_start": 2291279.669350686, "device_end": 2291279.6693619723}, "cmdq": 0, "read": {"device_start": -1, "device_end": -1}}, "softmax50": {"write": {"device_start": -1, "host_queued_start": 1585623505.466643, "device_queued": -1, "device_end": -1, "host_queued_end": 1585623505.479731}, "device": "cpu", "nd_range": {"device_start": 2291279.837145126, "device_end": 2291279.8373565213}, "cmdq": 1, "read": {"device_start": -1, "device_end": -1}}, "softmax59": {"write": {"device_start": -1, "host_queued_start": 1585623505.466937, "device_queued": -1, "device_end": -1, "host_queued_end": 1585623505.479731}, "device": "cpu", "nd_range": {"device_start": 2291279.833339141, "device_end": 2291279.8335498134}, "cmdq": 0, "read": {"device_start": -1, "device_end": -1}}, "FFC_sans_bias24": {"write": {"device_start": -1, "host_queued_start": 1585623505.468532, "device_queued": -1, "device_end": -1, "host_queued_end": 1585623505.479731}, "device": "cpu", "nd_range": {"device_start": 2291279.847267832, "device_end": 2291279.8566143992}, "cmdq": 1, "read": {"device_start": -1, "device_end": -1}}, "FFC_sans_bias25": {"write": {"device_start": -1, "host_queued_start": 1585623505.473674, "device_queued": -1, "device_end": -1, "host_queued_end": 1585623505.479731}, "device": "cpu", "nd_range": {"device_start": 2291279.884090599, "device_end": 2291279.894142367}, "cmdq": 0, "read": {"device_start": -1, "device_end": -1}}, "FFC_sans_bias27": {"write": {"device_start": -1, "host_queued_start": 1585623505.440459, "device_queued": -1, "device_end": -1, "host_queued_end": 1585623505.479731}, "device": "cpu", "nd_range": {"device_start": 2291279.698481927, "device_end": 2291279.703816853}, "cmdq": 0, "read": {"device_start": -1, "device_end": -1}}, "FFC_sans_bias20": {"write": {"device_start": -1, "host_queued_start": 1585623505.439403, "device_queued": -1, "device_end": -1, "host_queued_end": 1585623505.479731}, "device": "cpu", "nd_range": {"device_start": 2291279.718215961, "device_end": 2291279.725866491}, "cmdq": 1, "read": {"device_start": -1, "device_end": -1}}, "FFC_sans_bias22": {"write": {"device_start": -1, "host_queued_start": 1585623505.462781, "device_queued": -1, "device_end": -1, "host_queued_end": 1585623505.479731}, "device": "cpu", "nd_range": {"device_start": 2291279.8068688354, "device_end": 2291279.813539198}, "cmdq": 1, "read": {"device_start": -1, "device_end": -1}}, "FFC_sans_bias28": {"write": {"device_start": -1, "host_queued_start": 1585623505.441508, "device_queued": -1, "device_end": -1, "host_queued_end": 1585623505.479731}, "device": "cpu", "nd_range": {"device_start": 2291279.733772039, "device_end": 2291279.7466924572}, "cmdq": 1, "read": {"device_start": -1, "device_end": -1}}, "FFC_sans_bias29": {"write": {"device_start": -1, "host_queued_start": 1585623505.442564, "device_queued": -1, "device_end": -1, "host_queued_end": 1585623505.479731}, "device": "cpu", "nd_range": {"device_start": 2291279.703822173, "device_end": 2291279.709549779}, "cmdq": 0, "read": {"device_start": -1, "device_end": -1}}, "coalesced_transpose66": {"write": {"device_start": -1, "host_queued_start": 1585623505.461376, "device_queued": -1, "device_end": -1, "host_queued_end": 1585623505.479731}, "device": "cpu", "nd_range": {"device_start": 2291279.796686068, "device_end": 2291279.7978147143}, "cmdq": 1, "read": {"device_start": -1, "device_end": -1}}, "softmax23": {"write": {"device_start": -1, "host_queued_start": 1585623505.465731, "device_queued": -1, "device_end": -1, "host_queued_end": 1585623505.479731}, "device": "cpu", "nd_range": {"device_start": 2291279.832000105, "device_end": 2291279.832130677}, "cmdq": 0, "read": {"device_start": -1, "device_end": -1}}, "empty62": {"write": {"device_start": -1, "host_queued_start": 1585623505.428235, "device_queued": -1, "device_end": -1, "host_queued_end": 1585623505.479731}, "device": "cpu", "nd_range": {"device_start": 2291279.669400494, "device_end": 2291279.669401173}, "cmdq": 0, "read": {"device_start": -1, "device_end": -1}}, "FFC_sans_bias10": {"write": {"device_start": -1, "host_queued_start": 1585623505.435114, "device_queued": -1, "device_end": -1, "host_queued_end": 1585623505.479731}, "device": "cpu", "nd_range": {"device_start": 2291279.6938709533, "device_end": 2291279.699833537}, "cmdq": 1, "read": {"device_start": -1, "device_end": -1}}, "FFC_sans_bias13": {"write": {"device_start": -1, "host_queued_start": 1585623505.462427, "device_queued": -1, "device_end": -1, "host_queued_end": 1585623505.479731}, "device": "cpu", "nd_range": {"device_start": 2291279.7959443843, "device_end": 2291279.802587584}, "cmdq": 0, "read": {"device_start": -1, "device_end": -1}}, "FFC_sans_bias15": {"write": {"device_start": -1, "host_queued_start": 1585623505.468182, "device_queued": -1, "device_end": -1, "host_queued_end": 1585623505.479731}, "device": "cpu", "nd_range": {"device_start": 2291279.836933244, "device_end": 2291279.8433878943}, "cmdq": 0, "read": {"device_start": -1, "device_end": -1}}, "FFC_sans_bias16": {"write": {"device_start": -1, "host_queued_start": 1585623505.472677, "device_queued": -1, "device_end": -1, "host_queued_end": 1585623505.479731}, "device": "cpu", "nd_range": {"device_start": 2291279.884080078, "device_end": 2291279.896989394}, "cmdq": 1, "read": {"device_start": -1, "device_end": -1}}, "FFC_sans_bias19": {"write": {"device_start": -1, "host_queued_start": 1585623505.438299, "device_queued": -1, "device_end": -1, "host_queued_end": 1585623505.479731}, "device": "cpu", "nd_range": {"device_start": 2291279.6901810863, "device_end": 2291279.6984745204}, "cmdq": 0, "read": {"device_start": -1, "device_end": -1}}, "FFC_sans_bias18": {"write": {"device_start": -1, "host_queued_start": 1585623505.437235, "device_queued": -1, "device_end": -1, "host_queued_end": 1585623505.479731}, "device": "cpu", "nd_range": {"device_start": 2291279.7059289264, "device_end": 2291279.718208677}, "cmdq": 1, "read": {"device_start": -1, "device_end": -1}}, "coalesced_transpose12": {"write": {"device_start": -1, "host_queued_start": 1585623505.459362, "device_queued": -1, "device_end": -1, "host_queued_end": 1585623505.479731}, "device": "cpu", "nd_range": {"device_start": 2291279.7956680073, "device_end": 2291279.795828478}, "cmdq": 1, "read": {"device_start": -1, "device_end": -1}}, "softmax32": {"write": {"device_start": -1, "host_queued_start": 1585623505.466, "device_queued": -1, "device_end": -1, "host_queued_end": 1585623505.479731}, "device": "cpu", "nd_range": {"device_start": 2291279.836805357, "device_end": 2291279.8369257962}, "cmdq": 1, "read": {"device_start": -1, "device_end": -1}}, "coalesced_transpose84": {"write": {"device_start": -1, "host_queued_start": 1585623505.419716, "device_queued": -1, "device_end": -1, "host_queued_end": 1585623505.421723}, "device": "gpu", "nd_range": {"device_start": 1585623438.9795253, "device_end": 1585623438.979932}, "cmdq": 0, "read": {"device_start": -1, "device_end": -1}}, "empty17": {"write": {"device_start": -1, "host_queued_start": 1585623505.423962, "device_queued": -1, "device_end": -1, "host_queued_end": 1585623505.479731}, "device": "cpu", "nd_range": {"device_start": 2291279.6693502283, "device_end": 2291279.669362004}, "cmdq": 1, "read": {"device_start": -1, "device_end": -1}}, "FFC_sans_bias87": {"write": {"device_start": -1, "host_queued_start": 1585623505.420603, "device_queued": -1, "device_end": -1, "host_queued_end": 1585623505.421723}, "device": "gpu", "nd_range": {"device_start": 1585623438.98091, "device_end": 1585623438.9815102}, "cmdq": 3, "read": {"device_start": -1, "device_end": -1}}, "FFC_sans_bias85": {"write": {"device_start": -1, "host_queued_start": 1585623505.420035, "device_queued": -1, "device_end": -1, "host_queued_end": 1585623505.421723}, "device": "gpu", "nd_range": {"device_start": 1585623438.9801068, "device_end": 1585623438.9807086}, "cmdq": 1, "read": {"device_start": -1, "device_end": -1}}, "FFC_sans_bias82": {"write": {"device_start": 1585623438.9784856, "host_queued_start": 1585623505.418269, "device_queued": 1585623438.9782455, "device_end": 1585623438.9785285, "host_queued_end": 1585623505.421723}, "device": "gpu", "nd_range": {"device_start": 1585623438.9785583, "device_end": 1585623438.979521}, "cmdq": 2, "read": {"device_start": -1, "device_end": -1}}, "FFC_sans_bias83": {"write": {"device_start": 1585623438.9785957, "host_queued_start": 1585623505.41937, "device_queued": 1585623438.9782617, "device_end": 1585623438.9786215, "host_queued_end": 1585623505.421723}, "device": "gpu", "nd_range": {"device_start": 1585623438.97863, "device_end": 1585623438.9801033}, "cmdq": 3, "read": {"device_start": -1, "device_end": -1}}, "FFC_sans_bias81": {"write": {"device_start": 1585623438.978382, "host_queued_start": 1585623505.417192, "device_queued": 1585623438.9782274, "device_end": 1585623438.9784532, "host_queued_end": 1585623505.421723}, "device": "gpu", "nd_range": {"device_start": 1585623438.9785054, "device_end": 1585623438.979116}, "cmdq": 1, "read": {"device_start": -1, "device_end": -1}}, "FFC_sans_bias88": {"write": {"device_start": 1585623438.9800704, "host_queued_start": 1585623505.421615, "device_queued": 1585623438.9787557, "device_end": 1585623438.9801009, "host_queued_end": 1585623505.421723}, "device": "gpu", "nd_range": {"device_start": 1585623438.9815135, "device_end": 1585623438.9821098}, "cmdq": 0, "read": {"device_start": 1585623438.9821172, "device_end": 1585623438.98214}}, "coalesced_transpose30": {"write": {"device_start": -1, "host_queued_start": 1585623505.460029, "device_queued": -1, "device_end": -1, "host_queued_end": 1585623505.479731}, "device": "cpu", "nd_range": {"device_start": 2291279.795948061, "device_end": 2291279.796215257}, "cmdq": 1, "read": {"device_start": -1, "device_end": -1}}, "coalesced_transpose39": {"write": {"device_start": -1, "host_queued_start": 1585623505.460362, "device_queued": -1, "device_end": -1, "host_queued_end": 1585623505.479731}, "device": "cpu", "nd_range": {"device_start": 2291279.765153531, "device_end": 2291279.7652674513}, "cmdq": 0, "read": {"device_start": -1, "device_end": -1}}, "FFC_sans_bias79": {"write": {"device_start": -1, "host_queued_start": 1585623505.479687, "device_queued": -1, "device_end": -1, "host_queued_end": 1585623505.479731}, "device": "cpu", "nd_range": {"device_start": 2291279.9205289073, "device_end": 2291279.925805857}, "cmdq": 0, "read": {"device_start": -1, "device_end": -1}}, "FFC_sans_bias78": {"write": {"device_start": -1, "host_queued_start": 1585623505.470617, "device_queued": -1, "device_end": -1, "host_queued_end": 1585623505.479731}, "device": "cpu", "nd_range": {"device_start": 2291279.8719979622, "device_end": 2291279.884073194}, "cmdq": 1, "read": {"device_start": -1, "device_end": -1}}, "FFC_sans_bias73": {"write": {"device_start": -1, "host_queued_start": 1585623505.457619, "device_queued": -1, "device_end": -1, "host_queued_end": 1585623505.479731}, "device": "cpu", "nd_range": {"device_start": 2291279.755696122, "device_end": 2291279.764570968}, "cmdq": 0, "read": {"device_start": -1, "device_end": -1}}, "FFC_sans_bias72": {"write": {"device_start": -1, "host_queued_start": 1585623505.456563, "device_queued": -1, "device_end": -1, "host_queued_end": 1585623505.479731}, "device": "cpu", "nd_range": {"device_start": 2291279.786821496, "device_end": 2291279.790890266}, "cmdq": 1, "read": {"device_start": -1, "device_end": -1}}, "FFC_sans_bias70": {"write": {"device_start": -1, "host_queued_start": 1585623505.47868, "device_queued": -1, "device_end": -1, "host_queued_end": 1585623505.479731}, "device": "cpu", "nd_range": {"device_start": 2291279.914974554, "device_end": 2291279.920681306}, "cmdq": 1, "read": {"device_start": -1, "device_end": -1}}, "FFC_sans_bias76": {"write": {"device_start": -1, "host_queued_start": 1585623505.464878, "device_queued": -1, "device_end": -1, "host_queued_end": 1585623505.479731}, "device": "cpu", "nd_range": {"device_start": 2291279.832184383, "device_end": 2291279.836607765}, "cmdq": 1, "read": {"device_start": -1, "device_end": -1}}, "FFC_sans_bias74": {"write": {"device_start": -1, "host_queued_start": 1585623505.458687, "device_queued": -1, "device_end": -1, "host_queued_end": 1585623505.479731}, "device": "cpu", "nd_range": {"device_start": 2291279.790896151, "device_end": 2291279.795662616}, "cmdq": 1, "read": {"device_start": -1, "device_end": -1}}, "coalesced_transpose3": {"write": {"device_start": -1, "host_queued_start": 1585623505.459023, "device_queued": -1, "device_end": -1, "host_queued_end": 1585623505.479731}, "device": "cpu", "nd_range": {"device_start": 2291279.764578578, "device_end": 2291279.764783786}, "cmdq": 0, "read": {"device_start": -1, "device_end": -1}}, "empty89": {"write": {"device_start": 1585623438.9782796, "host_queued_start": 1585623505.415987, "device_queued": 1585623438.978148, "device_end": 1585623438.9783359, "host_queued_end": 1585623505.421723}, "device": "gpu", "nd_range": {"device_start": 1585623438.9783523, "device_end": 1585623438.9783568}, "cmdq": 0, "read": {"device_start": -1, "device_end": -1}}, "empty80": {"write": {"device_start": -1, "host_queued_start": 1585623505.429871, "device_queued": -1, "device_end": -1, "host_queued_end": 1585623505.479731}, "device": "cpu", "nd_range": {"device_start": 2291279.669405396, "device_end": 2291279.6694060583}, "cmdq": 0, "read": {"device_start": -1, "device_end": -1}}, "coalesced_transpose21": {"write": {"device_start": -1, "host_queued_start": 1585623505.459697, "device_queued": -1, "device_end": -1, "host_queued_end": 1585623505.479731}, "device": "cpu", "nd_range": {"device_start": 2291279.764914527, "device_end": 2291279.765030792}, "cmdq": 0, "read": {"device_start": -1, "device_end": -1}}, "softmax14": {"write": {"device_start": -1, "host_queued_start": 1585623505.465457, "device_queued": -1, "device_end": -1, "host_queued_end": 1585623505.479731}, "device": "cpu", "nd_range": {"device_start": 2291279.836618476, "device_end": 2291279.83679922}, "cmdq": 1, "read": {"device_start": -1, "device_end": -1}}, "FFC_sans_bias69": {"write": {"device_start": -1, "host_queued_start": 1585623505.470267, "device_queued": -1, "device_end": -1, "host_queued_end": 1585623505.479731}, "device": "cpu", "nd_range": {"device_start": 2291279.863131036, "device_end": 2291279.871883024}, "cmdq": 0, "read": {"device_start": -1, "device_end": -1}}, "FFC_sans_bias60": {"write": {"device_start": -1, "host_queued_start": 1585623505.469919, "device_queued": -1, "device_end": -1, "host_queued_end": 1585623505.479731}, "device": "cpu", "nd_range": {"device_start": 2291279.864319529, "device_end": 2291279.871991166}, "cmdq": 1, "read": {"device_start": -1, "device_end": -1}}, "FFC_sans_bias61": {"write": {"device_start": -1, "host_queued_start": 1585623505.477662, "device_queued": -1, "device_end": -1, "host_queued_end": 1585623505.479731}, "device": "cpu", "nd_range": {"device_start": 2291279.902136086, "device_end": 2291279.9205240393}, "cmdq": 0, "read": {"device_start": -1, "device_end": -1}}, "FFC_sans_bias63": {"write": {"device_start": -1, "host_queued_start": 1585623505.455506, "device_queued": -1, "device_end": -1, "host_queued_end": 1585623505.479731}, "device": "cpu", "nd_range": {"device_start": 2291279.7467128783, "device_end": 2291279.7555726874}, "cmdq": 0, "read": {"device_start": -1, "device_end": -1}}, "FFC_sans_bias64": {"write": {"device_start": -1, "host_queued_start": 1585623505.453377, "device_queued": -1, "device_end": -1, "host_queued_end": 1585623505.479731}, "device": "cpu", "nd_range": {"device_start": 2291279.739011576, "device_end": 2291279.7466929713}, "cmdq": 0, "read": {"device_start": -1, "device_end": -1}}, "FFC_sans_bias65": {"write": {"device_start": -1, "host_queued_start": 1585623505.454447, "device_queued": -1, "device_end": -1, "host_queued_end": 1585623505.479731}, "device": "cpu", "nd_range": {"device_start": 2291279.781859533, "device_end": 2291279.7867016103}, "cmdq": 1, "read": {"device_start": -1, "device_end": -1}}, "FFC_sans_bias67": {"write": {"device_start": -1, "host_queued_start": 1585623505.464538, "device_queued": -1, "device_end": -1, "host_queued_end": 1585623505.479731}, "device": "cpu", "nd_range": {"device_start": 2291279.824169966, "device_end": 2291279.8318141974}, "cmdq": 0, "read": {"device_start": -1, "device_end": -1}}, "softmax68": {"write": {"device_start": -1, "host_queued_start": 1585623505.467216, "device_queued": -1, "device_end": -1, "host_queued_end": 1585623505.479731}, "device": "cpu", "nd_range": {"device_start": 2291279.8374614404, "device_end": 2291279.8376713623}, "cmdq": 1, "read": {"device_start": -1, "device_end": -1}}, "empty35": {"write": {"device_start": -1, "host_queued_start": 1585623505.425681, "device_queued": -1, "device_end": -1, "host_queued_end": 1585623505.479731}, "device": "cpu", "nd_range": {"device_start": 2291279.669385966, "device_end": 2291279.66938723}, "cmdq": 1, "read": {"device_start": -1, "device_end": -1}}, "softmax86": {"write": {"device_start": -1, "host_queued_start": 1585623505.420287, "device_queued": -1, "device_end": -1, "host_queued_end": 1585623505.421723}, "device": "gpu", "nd_range": {"device_start": 1585623438.9807153, "device_end": 1585623438.9809062}, "cmdq": 2, "read": {"device_start": -1, "device_end": -1}}, "FFC_sans_bias55": {"write": {"device_start": -1, "host_queued_start": 1585623505.4523, "device_queued": -1, "device_end": -1, "host_queued_end": 1585623505.479731}, "device": "cpu", "nd_range": {"device_start": 2291279.7779095112, "device_end": 2291279.7817331003}, "cmdq": 1, "read": {"device_start": -1, "device_end": -1}}, "FFC_sans_bias54": {"write": {"device_start": -1, "host_queued_start": 1585623505.451239, "device_queued": -1, "device_end": -1, "host_queued_end": 1585623505.479731}, "device": "cpu", "nd_range": {"device_start": 2291279.7314760983, "device_end": 2291279.7388856043}, "cmdq": 0, "read": {"device_start": -1, "device_end": -1}}, "FFC_sans_bias56": {"write": {"device_start": -1, "host_queued_start": 1585623505.450168, "device_queued": -1, "device_end": -1, "host_queued_end": 1585623505.479731}, "device": "cpu", "nd_range": {"device_start": 2291279.773513082, "device_end": 2291279.777783308}, "cmdq": 1, "read": {"device_start": -1, "device_end": -1}}, "FFC_sans_bias51": {"write": {"device_start": -1, "host_queued_start": 1585623505.469576, "device_queued": -1, "device_end": -1, "host_queued_end": 1585623505.479731}, "device": "cpu", "nd_range": {"device_start": 2291279.8510855814, "device_end": 2291279.863123462}, "cmdq": 0, "read": {"device_start": -1, "device_end": -1}}, "FFC_sans_bias52": {"write": {"device_start": -1, "host_queued_start": 1585623505.476667, "device_queued": -1, "device_end": -1, "host_queued_end": 1585623505.479731}, "device": "cpu", "nd_range": {"device_start": 2291279.907451345, "device_end": 2291279.9149716073}, "cmdq": 1, "read": {"device_start": -1, "device_end": -1}}, "FFC_sans_bias58": {"write": {"device_start": -1, "host_queued_start": 1585623505.464191, "device_queued": -1, "device_end": -1, "host_queued_end": 1585623505.479731}, "device": "cpu", "nd_range": {"device_start": 2291279.820587361, "device_end": 2291279.8321772283}, "cmdq": 1, "read": {"device_start": -1, "device_end": -1}}, "coalesced_transpose57": {"write": {"device_start": -1, "host_queued_start": 1585623505.461029, "device_queued": -1, "device_end": -1, "host_queued_end": 1585623505.479731}, "device": "cpu", "nd_range": {"device_start": 2291279.781856039, "device_end": 2291279.782006361}, "cmdq": 0, "read": {"device_start": -1, "device_end": -1}}, "empty26": {"write": {"device_start": -1, "host_queued_start": 1585623505.42487, "device_queued": -1, "device_end": -1, "host_queued_end": 1585623505.479731}, "device": "cpu", "nd_range": {"device_start": 2291279.669385833, "device_end": 2291279.669386867}, "cmdq": 0, "read": {"device_start": -1, "device_end": -1}}, "FFC_sans_bias11": {"write": {"device_start": -1, "host_queued_start": 1585623505.436175, "device_queued": -1, "device_end": -1, "host_queued_end": 1585623505.479731}, "device": "cpu", "nd_range": {"device_start": 2291279.6823783563, "device_end": 2291279.6901627723}, "cmdq": 0, "read": {"device_start": -1, "device_end": -1}}, "FFC_sans_bias42": {"write": {"device_start": -1, "host_queued_start": 1585623505.469229, "device_queued": -1, "device_end": -1, "host_queued_end": 1585623505.479731}, "device": "cpu", "nd_range": {"device_start": 2291279.856621799, "device_end": 2291279.86431283}, "cmdq": 1, "read": {"device_start": -1, "device_end": -1}}, "FFC_sans_bias43": {"write": {"device_start": -1, "host_queued_start": 1585623505.475675, "device_queued": -1, "device_end": -1, "host_queued_end": 1585623505.479731}, "device": "cpu", "nd_range": {"device_start": 2291279.894147526, "device_end": 2291279.9021314643}, "cmdq": 0, "read": {"device_start": -1, "device_end": -1}}, "FFC_sans_bias40": {"write": {"device_start": -1, "host_queued_start": 1585623505.463498, "device_queued": -1, "device_end": -1, "host_queued_end": 1585623505.479731}, "device": "cpu", "nd_range": {"device_start": 2291279.81365412, "device_end": 2291279.820578377}, "cmdq": 1, "read": {"device_start": -1, "device_end": -1}}, "FFC_sans_bias46": {"write": {"device_start": -1, "host_queued_start": 1585623505.448056, "device_queued": -1, "device_end": -1, "host_queued_end": 1585623505.479731}, "device": "cpu", "nd_range": {"device_start": 2291279.765805772, "device_end": 2291279.7735075713}, "cmdq": 1, "read": {"device_start": -1, "device_end": -1}}, "FFC_sans_bias47": {"write": {"device_start": -1, "host_queued_start": 1585623505.449118, "device_queued": -1, "device_end": -1, "host_queued_end": 1585623505.479731}, "device": "cpu", "nd_range": {"device_start": 2291279.726198352, "device_end": 2291279.7314695553}, "cmdq": 0, "read": {"device_start": -1, "device_end": -1}}, "FFC_sans_bias45": {"write": {"device_start": -1, "host_queued_start": 1585623505.446981, "device_queued": -1, "device_end": -1, "host_queued_end": 1585623505.479731}, "device": "cpu", "nd_range": {"device_start": 2291279.718310044, "device_end": 2291279.726052084}, "cmdq": 0, "read": {"device_start": -1, "device_end": -1}}, "FFC_sans_bias49": {"write": {"device_start": -1, "host_queued_start": 1585623505.463845, "device_queued": -1, "device_end": -1, "host_queued_end": 1585623505.479731}, "device": "cpu", "nd_range": {"device_start": 2291279.813636174, "device_end": 2291279.824162579}, "cmdq": 0, "read": {"device_start": -1, "device_end": -1}}, "softmax77": {"write": {"device_start": -1, "host_queued_start": 1585623505.467493, "device_queued": -1, "device_end": -1, "host_queued_end": 1585623505.479731}, "device": "cpu", "nd_range": {"device_start": 2291279.8366171652, "device_end": 2291279.8369255443}, "cmdq": 0, "read": {"device_start": -1, "device_end": -1}}, "softmax5": {"write": {"device_start": -1, "host_queued_start": 1585623505.465161, "device_queued": -1, "device_end": -1, "host_queued_end": 1585623505.479731}, "device": "cpu", "nd_range": {"device_start": 2291279.8318205173, "device_end": 2291279.831993653}, "cmdq": 0, "read": {"device_start": -1, "device_end": -1}}, "empty53": {"write": {"device_start": -1, "host_queued_start": 1585623505.427384, "device_queued": -1, "device_end": -1, "host_queued_end": 1585623505.479731}, "device": "cpu", "nd_range": {"device_start": 2291279.669393918, "device_end": 2291279.669394909}, "cmdq": 1, "read": {"device_start": -1, "device_end": -1}}, "coalesced_transpose48": {"write": {"device_start": -1, "host_queued_start": 1585623505.460693, "device_queued": -1, "device_end": -1, "host_queued_end": 1585623505.479731}, "device": "cpu", "nd_range": {"device_start": 2291279.796327453, "device_end": 2291279.796579303}, "cmdq": 1, "read": {"device_start": -1, "device_end": -1}}}