{"FFC_sans_bias4": {"write": {"device_start": -1, "host_queued_start": 1585623814.580362, "device_queued": -1, "device_end": -1, "host_queued_end": 1585623814.592051}, "device": "cpu", "nd_range": {"device_start": 2291588.883921788, "device_end": 2291588.893513869}, "cmdq": 0, "read": {"device_start": -1, "device_end": -1}}, "FFC_sans_bias7": {"write": {"device_start": -1, "host_queued_start": 1585623814.58697, "device_queued": -1, "device_end": -1, "host_queued_end": 1585623814.592051}, "device": "cpu", "nd_range": {"device_start": 2291588.946894696, "device_end": 2291588.95733263}, "cmdq": 0, "read": {"device_start": -1, "device_end": -1}}, "FFC_sans_bias6": {"write": {"device_start": -1, "host_queued_start": 1585623814.584094, "device_queued": -1, "device_end": -1, "host_queued_end": 1585623814.592051}, "device": "cpu", "nd_range": {"device_start": 2291588.914295492, "device_end": 2291588.925861378}, "cmdq": 0, "read": {"device_start": -1, "device_end": -1}}, "FFC_sans_bias1": {"write": {"device_start": -1, "host_queued_start": 1585623814.559986, "device_queued": -1, "device_end": -1, "host_queued_end": 1585623814.592051}, "device": "cpu", "nd_range": {"device_start": 2291588.781685057, "device_end": 2291588.795910809}, "cmdq": 1, "read": {"device_start": -1, "device_end": -1}}, "FFC_sans_bias0": {"write": {"device_start": -1, "host_queued_start": 1585623814.558784, "device_queued": -1, "device_end": -1, "host_queued_end": 1585623814.592051}, "device": "cpu", "nd_range": {"device_start": 2291588.781684956, "device_end": 2291588.804282649}, "cmdq": 0, "read": {"device_start": -1, "device_end": -1}}, "FFC_sans_bias2": {"write": {"device_start": -1, "host_queued_start": 1585623814.561107, "device_queued": -1, "device_end": -1, "host_queued_end": 1585623814.592051}, "device": "cpu", "nd_range": {"device_start": 2291588.804410084, "device_end": 2291588.815966727}, "cmdq": 0, "read": {"device_start": -1, "device_end": -1}}, "FFC_sans_bias9": {"write": {"device_start": -1, "host_queued_start": 1585623814.562301, "device_queued": -1, "device_end": -1, "host_queued_end": 1585623814.592051}, "device": "cpu", "nd_range": {"device_start": 2291588.795924089, "device_end": 2291588.8037341423}, "cmdq": 1, "read": {"device_start": -1, "device_end": -1}}, "empty71": {"write": {"device_start": 1585623748.0999699, "host_queued_start": 1585623814.521524, "device_queued": 1585623748.0998402, "device_end": 1585623748.0999997, "host_queued_end": 1585623814.551405}, "device": "gpu", "nd_range": {"device_start": 1585623748.1000028, "device_end": 1585623748.100006}, "cmdq": 0, "read": {"device_start": -1, "device_end": -1}}, "softmax41": {"write": {"device_start": -1, "host_queued_start": 1585623814.583474, "device_queued": -1, "device_end": -1, "host_queued_end": 1585623814.592051}, "device": "cpu", "nd_range": {"device_start": 2291588.913078805, "device_end": 2291588.9141893443}, "cmdq": 0, "read": {"device_start": -1, "device_end": -1}}, "FFC_sans_bias37": {"write": {"device_start": -1, "host_queued_start": 1585623814.573553, "device_queued": -1, "device_end": -1, "host_queued_end": 1585623814.592051}, "device": "cpu", "nd_range": {"device_start": 2291588.852127952, "device_end": 2291588.861256707}, "cmdq": 1, "read": {"device_start": -1, "device_end": -1}}, "FFC_sans_bias36": {"write": {"device_start": -1, "host_queued_start": 1585623814.572392, "device_queued": -1, "device_end": -1, "host_queued_end": 1585623814.592051}, "device": "cpu", "nd_range": {"device_start": 2291588.851049339, "device_end": 2291588.8625622652}, "cmdq": 0, "read": {"device_start": -1, "device_end": -1}}, "FFC_sans_bias34": {"write": {"device_start": -1, "host_queued_start": 1585623814.589946, "device_queued": -1, "device_end": -1, "host_queued_end": 1585623814.592051}, "device": "cpu", "nd_range": {"device_start": 2291588.95523851, "device_end": 2291588.967658076}, "cmdq": 1, "read": {"device_start": -1, "device_end": -1}}, "FFC_sans_bias33": {"write": {"device_start": -1, "host_queued_start": 1585623814.585128, "device_queued": -1, "device_end": -1, "host_queued_end": 1585623814.592051}, "device": "cpu", "nd_range": {"device_start": 2291588.925867511, "device_end": 2291588.9346328704}, "cmdq": 1, "read": {"device_start": -1, "device_end": -1}}, "FFC_sans_bias31": {"write": {"device_start": -1, "host_queued_start": 1585623814.5814, "device_queued": -1, "device_end": -1, "host_queued_end": 1585623814.592051}, "device": "cpu", "nd_range": {"device_start": 2291588.89395671, "device_end": 2291588.908924691}, "cmdq": 1, "read": {"device_start": -1, "device_end": -1}}, "FFC_sans_bias38": {"write": {"device_start": -1, "host_queued_start": 1585623814.574782, "device_queued": -1, "device_end": -1, "host_queued_end": 1585623814.592051}, "device": "cpu", "nd_range": {"device_start": 2291588.8626817153, "device_end": 2291588.8717979253}, "cmdq": 0, "read": {"device_start": -1, "device_end": -1}}, "coalesced_transpose75": {"write": {"device_start": -1, "host_queued_start": 1585623814.540994, "device_queued": -1, "device_end": -1, "host_queued_end": 1585623814.551405}, "device": "gpu", "nd_range": {"device_start": 1585623748.1119213, "device_end": 1585623748.1119294}, "cmdq": 0, "read": {"device_start": -1, "device_end": -1}}, "empty44": {"write": {"device_start": -1, "host_queued_start": 1585623814.55688, "device_queued": -1, "device_end": -1, "host_queued_end": 1585623814.592051}, "device": "cpu", "nd_range": {"device_start": 2291588.7816793323, "device_end": 2291588.781679951}, "cmdq": 0, "read": {"device_start": -1, "device_end": -1}}, "empty8": {"write": {"device_start": -1, "host_queued_start": 1585623814.55302, "device_queued": -1, "device_end": -1, "host_queued_end": 1585623814.592051}, "device": "cpu", "nd_range": {"device_start": 2291588.781636489, "device_end": 2291588.781649888}, "cmdq": 0, "read": {"device_start": -1, "device_end": -1}}, "softmax50": {"write": {"device_start": -1, "host_queued_start": 1585623814.58375, "device_queued": -1, "device_end": -1, "host_queued_end": 1585623814.592051}, "device": "cpu", "nd_range": {"device_start": 2291588.920231502, "device_end": 2291588.920349942}, "cmdq": 1, "read": {"device_start": -1, "device_end": -1}}, "softmax59": {"write": {"device_start": -1, "host_queued_start": 1585623814.543467, "device_queued": -1, "device_end": -1, "host_queued_end": 1585623814.551405}, "device": "gpu", "nd_range": {"device_start": 1585623748.1149542, "device_end": 1585623748.1151664}, "cmdq": 0, "read": {"device_start": -1, "device_end": -1}}, "FFC_sans_bias24": {"write": {"device_start": -1, "host_queued_start": 1585623814.584783, "device_queued": -1, "device_end": -1, "host_queued_end": 1585623814.592051}, "device": "cpu", "nd_range": {"device_start": 2291588.92587667, "device_end": 2291588.9370229254}, "cmdq": 0, "read": {"device_start": -1, "device_end": -1}}, "FFC_sans_bias25": {"write": {"device_start": -1, "host_queued_start": 1585623814.588949, "device_queued": -1, "device_end": -1, "host_queued_end": 1585623814.592051}, "device": "cpu", "nd_range": {"device_start": 2291588.957337378, "device_end": 2291588.967455422}, "cmdq": 0, "read": {"device_start": -1, "device_end": -1}}, "FFC_sans_bias27": {"write": {"device_start": -1, "host_queued_start": 1585623814.568977, "device_queued": -1, "device_end": -1, "host_queued_end": 1585623814.592051}, "device": "cpu", "nd_range": {"device_start": 2291588.824780743, "device_end": 2291588.836080484}, "cmdq": 1, "read": {"device_start": -1, "device_end": -1}}, "FFC_sans_bias20": {"write": {"device_start": -1, "host_queued_start": 1585623814.567896, "device_queued": -1, "device_end": -1, "host_queued_end": 1585623814.592051}, "device": "cpu", "nd_range": {"device_start": 2291588.835117151, "device_end": 2291588.843685817}, "cmdq": 0, "read": {"device_start": -1, "device_end": -1}}, "FFC_sans_bias22": {"write": {"device_start": -1, "host_queued_start": 1585623814.581053, "device_queued": -1, "device_end": -1, "host_queued_end": 1585623814.592051}, "device": "cpu", "nd_range": {"device_start": 2291588.8935210123, "device_end": 2291588.902095787}, "cmdq": 0, "read": {"device_start": -1, "device_end": -1}}, "FFC_sans_bias28": {"write": {"device_start": -1, "host_queued_start": 1585623814.570055, "device_queued": -1, "device_end": -1, "host_queued_end": 1585623814.592051}, "device": "cpu", "nd_range": {"device_start": 2291588.8438018113, "device_end": 2291588.850929583}, "cmdq": 0, "read": {"device_start": -1, "device_end": -1}}, "FFC_sans_bias29": {"write": {"device_start": -1, "host_queued_start": 1585623814.571149, "device_queued": -1, "device_end": -1, "host_queued_end": 1585623814.592051}, "device": "cpu", "nd_range": {"device_start": 2291588.8361938223, "device_end": 2291588.852015939}, "cmdq": 1, "read": {"device_start": -1, "device_end": -1}}, "coalesced_transpose66": {"write": {"device_start": -1, "host_queued_start": 1585623814.540692, "device_queued": -1, "device_end": -1, "host_queued_end": 1585623814.551405}, "device": "gpu", "nd_range": {"device_start": 1585623748.111912, "device_end": 1585623748.11192}, "cmdq": 0, "read": {"device_start": -1, "device_end": -1}}, "coalesced_transpose93": {"write": {"device_start": -1, "host_queued_start": 1585623814.541593, "device_queued": -1, "device_end": -1, "host_queued_end": 1585623814.551405}, "device": "gpu", "nd_range": {"device_start": 1585623748.11194, "device_end": 1585623748.111948}, "cmdq": 0, "read": {"device_start": -1, "device_end": -1}}, "softmax23": {"write": {"device_start": -1, "host_queued_start": 1585623814.582927, "device_queued": -1, "device_end": -1, "host_queued_end": 1585623814.592051}, "device": "cpu", "nd_range": {"device_start": 2291588.912765142, "device_end": 2291588.9129729373}, "cmdq": 0, "read": {"device_start": -1, "device_end": -1}}, "empty62": {"write": {"device_start": 1585623748.0998127, "host_queued_start": 1585623814.520487, "device_queued": 1585623748.099674, "device_end": 1585623748.0998425, "host_queued_end": 1585623814.551405}, "device": "gpu", "nd_range": {"device_start": 1585623748.0998504, "device_end": 1585623748.099855}, "cmdq": 0, "read": {"device_start": -1, "device_end": -1}}, "FFC_sans_bias10": {"write": {"device_start": -1, "host_queued_start": 1585623814.563626, "device_queued": -1, "device_end": -1, "host_queued_end": 1585623814.592051}, "device": "cpu", "nd_range": {"device_start": 2291588.816093361, "device_end": 2291588.8257389013}, "cmdq": 0, "read": {"device_start": -1, "device_end": -1}}, "FFC_sans_bias13": {"write": {"device_start": -1, "host_queued_start": 1585623814.580711, "device_queued": -1, "device_end": -1, "host_queued_end": 1585623814.592051}, "device": "cpu", "nd_range": {"device_start": 2291588.883091303, "device_end": 2291588.893946399}, "cmdq": 1, "read": {"device_start": -1, "device_end": -1}}, "FFC_sans_bias15": {"write": {"device_start": -1, "host_queued_start": 1585623814.584441, "device_queued": -1, "device_end": -1, "host_queued_end": 1585623814.592051}, "device": "cpu", "nd_range": {"device_start": 2291588.9203550573, "device_end": 2291588.925861527}, "cmdq": 1, "read": {"device_start": -1, "device_end": -1}}, "FFC_sans_bias16": {"write": {"device_start": -1, "host_queued_start": 1585623814.587963, "device_queued": -1, "device_end": -1, "host_queued_end": 1585623814.592051}, "device": "cpu", "nd_range": {"device_start": 2291588.946687104, "device_end": 2291588.955234547}, "cmdq": 1, "read": {"device_start": -1, "device_end": -1}}, "FFC_sans_bias19": {"write": {"device_start": -1, "host_queued_start": 1585623814.566833, "device_queued": -1, "device_end": -1, "host_queued_end": 1585623814.592051}, "device": "cpu", "nd_range": {"device_start": 2291588.8125522863, "device_end": 2291588.824660922}, "cmdq": 1, "read": {"device_start": -1, "device_end": -1}}, "FFC_sans_bias18": {"write": {"device_start": -1, "host_queued_start": 1585623814.565756, "device_queued": -1, "device_end": -1, "host_queued_end": 1585623814.592051}, "device": "cpu", "nd_range": {"device_start": 2291588.825859149, "device_end": 2291588.834997584}, "cmdq": 0, "read": {"device_start": -1, "device_end": -1}}, "FFC_sans_bias91": {"write": {"device_start": 1585623748.110513, "host_queued_start": 1585623814.538998, "device_queued": 1585623748.1014228, "device_end": 1585623748.1105413, "host_queued_end": 1585623814.551405}, "device": "gpu", "nd_range": {"device_start": 1585623748.1105509, "device_end": 1585623748.1111412}, "cmdq": 0, "read": {"device_start": -1, "device_end": -1}}, "FFC_sans_bias90": {"write": {"device_start": 1585623748.1097429, "host_queued_start": 1585623814.537928, "device_queued": 1585623748.1013691, "device_end": 1585623748.109772, "host_queued_end": 1585623814.551405}, "device": "gpu", "nd_range": {"device_start": 1585623748.1097806, "device_end": 1585623748.1103842}, "cmdq": 0, "read": {"device_start": -1, "device_end": -1}}, "coalesced_transpose12": {"write": {"device_start": -1, "host_queued_start": 1585623814.578697, "device_queued": -1, "device_end": -1, "host_queued_end": 1585623814.592051}, "device": "cpu", "nd_range": {"device_start": 2291588.8797305543, "device_end": 2291588.879980387}, "cmdq": 1, "read": {"device_start": -1, "device_end": -1}}, "FFC_sans_bias94": {"write": {"device_start": -1, "host_queued_start": 1585623814.543211, "device_queued": -1, "device_end": -1, "host_queued_end": 1585623814.551405}, "device": "gpu", "nd_range": {"device_start": 1585623748.1143532, "device_end": 1585623748.1149533}, "cmdq": 0, "read": {"device_start": -1, "device_end": -1}}, "FFC_sans_bias97": {"write": {"device_start": 1585623748.122561, "host_queued_start": 1585623814.551298, "device_queued": 1585623748.102882, "device_end": 1585623748.1225898, "host_queued_end": 1585623814.551405}, "device": "gpu", "nd_range": {"device_start": 1585623748.1225927, "device_end": 1585623748.123189}, "cmdq": 0, "read": {"device_start": 1585623748.1231916, "device_end": 1585623748.1232147}}, "FFC_sans_bias96": {"write": {"device_start": -1, "host_queued_start": 1585623814.546035, "device_queued": -1, "device_end": -1, "host_queued_end": 1585623814.551405}, "device": "gpu", "nd_range": {"device_start": 1585623748.1184137, "device_end": 1585623748.11901}, "cmdq": 0, "read": {"device_start": -1, "device_end": -1}}, "softmax32": {"write": {"device_start": -1, "host_queued_start": 1585623814.583202, "device_queued": -1, "device_end": -1, "host_queued_end": 1585623814.592051}, "device": "cpu", "nd_range": {"device_start": 2291588.9200428533, "device_end": 2291588.9202266023}, "cmdq": 1, "read": {"device_start": -1, "device_end": -1}}, "coalesced_transpose84": {"write": {"device_start": -1, "host_queued_start": 1585623814.541292, "device_queued": -1, "device_end": -1, "host_queued_end": 1585623814.551405}, "device": "gpu", "nd_range": {"device_start": 1585623748.1119304, "device_end": 1585623748.1119387}, "cmdq": 0, "read": {"device_start": -1, "device_end": -1}}, "empty98": {"write": {"device_start": 1585623748.100487, "host_queued_start": 1585623814.524014, "device_queued": 1585623748.1001327, "device_end": 1585623748.1005132, "host_queued_end": 1585623814.551405}, "device": "gpu", "nd_range": {"device_start": 1585623748.1005213, "device_end": 1585623748.1005247}, "cmdq": 0, "read": {"device_start": -1, "device_end": -1}}, "empty17": {"write": {"device_start": -1, "host_queued_start": 1585623814.554119, "device_queued": -1, "device_end": -1, "host_queued_end": 1585623814.592051}, "device": "cpu", "nd_range": {"device_start": 2291588.7816364183, "device_end": 2291588.781649928}, "cmdq": 1, "read": {"device_start": -1, "device_end": -1}}, "FFC_sans_bias87": {"write": {"device_start": -1, "host_queued_start": 1585623814.545721, "device_queued": -1, "device_end": -1, "host_queued_end": 1585623814.551405}, "device": "gpu", "nd_range": {"device_start": 1585623748.1178114, "device_end": 1585623748.1184125}, "cmdq": 0, "read": {"device_start": -1, "device_end": -1}}, "FFC_sans_bias85": {"write": {"device_start": -1, "host_queued_start": 1585623814.542896, "device_queued": -1, "device_end": -1, "host_queued_end": 1585623814.551405}, "device": "gpu", "nd_range": {"device_start": 1585623748.113753, "device_end": 1585623748.1143522}, "cmdq": 0, "read": {"device_start": -1, "device_end": -1}}, "FFC_sans_bias82": {"write": {"device_start": 1585623748.1082091, "host_queued_start": 1585623814.535825, "device_queued": 1585623748.1011765, "device_end": 1585623748.108238, "host_queued_end": 1585623814.551405}, "device": "gpu", "nd_range": {"device_start": 1585623748.1082466, "device_end": 1585623748.1088455}, "cmdq": 0, "read": {"device_start": -1, "device_end": -1}}, "FFC_sans_bias83": {"write": {"device_start": 1585623748.1089728, "host_queued_start": 1585623814.536873, "device_queued": 1585623748.1012163, "device_end": 1585623748.1090086, "host_queued_end": 1585623814.551405}, "device": "gpu", "nd_range": {"device_start": 1585623748.1090205, "device_end": 1585623748.1096158}, "cmdq": 0, "read": {"device_start": -1, "device_end": -1}}, "FFC_sans_bias81": {"write": {"device_start": 1585623748.1074307, "host_queued_start": 1585623814.53478, "device_queued": 1585623748.1010497, "device_end": 1585623748.1074612, "host_queued_end": 1585623814.551405}, "device": "gpu", "nd_range": {"device_start": 1585623748.107476, "device_end": 1585623748.1080804}, "cmdq": 0, "read": {"device_start": -1, "device_end": -1}}, "FFC_sans_bias88": {"write": {"device_start": 1585623748.1216938, "host_queued_start": 1585623814.550232, "device_queued": 1585623748.1028316, "device_end": 1585623748.1217227, "host_queued_end": 1585623814.551405}, "device": "gpu", "nd_range": {"device_start": 1585623748.1217256, "device_end": 1585623748.1223226}, "cmdq": 0, "read": {"device_start": 1585623748.1223285, "device_end": 1585623748.122362}}, "coalesced_transpose30": {"write": {"device_start": -1, "host_queued_start": 1585623814.579363, "device_queued": -1, "device_end": -1, "host_queued_end": 1585623814.592051}, "device": "cpu", "nd_range": {"device_start": 2291588.880111855, "device_end": 2291588.8803569092}, "cmdq": 1, "read": {"device_start": -1, "device_end": -1}}, "coalesced_transpose39": {"write": {"device_start": -1, "host_queued_start": 1585623814.579693, "device_queued": -1, "device_end": -1, "host_queued_end": 1585623814.592051}, "device": "cpu", "nd_range": {"device_start": 2291588.883568981, "device_end": 2291588.8838156243}, "cmdq": 0, "read": {"device_start": -1, "device_end": -1}}, "FFC_sans_bias79": {"write": {"device_start": 1585623748.1208475, "host_queued_start": 1585623814.549182, "device_queued": 1585623748.1026957, "device_end": 1585623748.1208775, "host_queued_end": 1585623814.551405}, "device": "gpu", "nd_range": {"device_start": 1585623748.1208837, "device_end": 1585623748.1214807}, "cmdq": 0, "read": {"device_start": 1585623748.1214848, "device_end": 1585623748.1215081}}, "FFC_sans_bias78": {"write": {"device_start": -1, "host_queued_start": 1585623814.545403, "device_queued": -1, "device_end": -1, "host_queued_end": 1585623814.551405}, "device": "gpu", "nd_range": {"device_start": 1585623748.1172159, "device_end": 1585623748.1178105}, "cmdq": 0, "read": {"device_start": -1, "device_end": -1}}, "FFC_sans_bias73": {"write": {"device_start": 1585623748.105907, "host_queued_start": 1585623814.532643, "device_queued": 1585623748.1008465, "device_end": 1585623748.1059365, "host_queued_end": 1585623814.551405}, "device": "gpu", "nd_range": {"device_start": 1585623748.1059391, "device_end": 1585623748.1065319}, "cmdq": 0, "read": {"device_start": -1, "device_end": -1}}, "FFC_sans_bias72": {"write": {"device_start": 1585623748.1051605, "host_queued_start": 1585623814.531576, "device_queued": 1585623748.1008072, "device_end": 1585623748.10519, "host_queued_end": 1585623814.551405}, "device": "gpu", "nd_range": {"device_start": 1585623748.105199, "device_end": 1585623748.1057959}, "cmdq": 0, "read": {"device_start": -1, "device_end": -1}}, "FFC_sans_bias70": {"write": {"device_start": 1585623748.120001, "host_queued_start": 1585623814.548129, "device_queued": 1585623748.102636, "device_end": 1585623748.1200302, "host_queued_end": 1585623814.551405}, "device": "gpu", "nd_range": {"device_start": 1585623748.1200325, "device_end": 1585623748.1206295}, "cmdq": 0, "read": {"device_start": 1585623748.120633, "device_end": 1585623748.1206565}}, "FFC_sans_bias76": {"write": {"device_start": -1, "host_queued_start": 1585623814.542554, "device_queued": -1, "device_end": -1, "host_queued_end": 1585623814.551405}, "device": "gpu", "nd_range": {"device_start": 1585623748.1131535, "device_end": 1585623748.1137516}, "cmdq": 0, "read": {"device_start": -1, "device_end": -1}}, "FFC_sans_bias74": {"write": {"device_start": 1585623748.1066678, "host_queued_start": 1585623814.533709, "device_queued": 1585623748.101009, "device_end": 1585623748.106697, "host_queued_end": 1585623814.551405}, "device": "gpu", "nd_range": {"device_start": 1585623748.1067064, "device_end": 1585623748.1073017}, "cmdq": 0, "read": {"device_start": -1, "device_end": -1}}, "coalesced_transpose3": {"write": {"device_start": -1, "host_queued_start": 1585623814.578335, "device_queued": -1, "device_end": -1, "host_queued_end": 1585623814.592051}, "device": "cpu", "nd_range": {"device_start": 2291588.8828544, "device_end": 2291588.883061063}, "cmdq": 0, "read": {"device_start": -1, "device_end": -1}}, "empty89": {"write": {"device_start": 1585623748.1003017, "host_queued_start": 1585623814.523195, "device_queued": 1585623748.0999246, "device_end": 1585623748.1003313, "host_queued_end": 1585623814.551405}, "device": "gpu", "nd_range": {"device_start": 1585623748.1003342, "device_end": 1585623748.1003375}, "cmdq": 0, "read": {"device_start": -1, "device_end": -1}}, "empty80": {"write": {"device_start": 1585623748.1001542, "host_queued_start": 1585623814.52234, "device_queued": 1585623748.0998871, "device_end": 1585623748.100185, "host_queued_end": 1585623814.551405}, "device": "gpu", "nd_range": {"device_start": 1585623748.1001887, "device_end": 1585623748.1001923}, "cmdq": 0, "read": {"device_start": -1, "device_end": -1}}, "coalesced_transpose21": {"write": {"device_start": -1, "host_queued_start": 1585623814.579028, "device_queued": -1, "device_end": -1, "host_queued_end": 1585623814.592051}, "device": "cpu", "nd_range": {"device_start": 2291588.883202788, "device_end": 2291588.883457606}, "cmdq": 0, "read": {"device_start": -1, "device_end": -1}}, "softmax14": {"write": {"device_start": -1, "host_queued_start": 1585623814.582655, "device_queued": -1, "device_end": -1, "host_queued_end": 1585623814.592051}, "device": "cpu", "nd_range": {"device_start": 2291588.9162782533, "device_end": 2291588.920036572}, "cmdq": 1, "read": {"device_start": -1, "device_end": -1}}, "FFC_sans_bias69": {"write": {"device_start": -1, "host_queued_start": 1585623814.545086, "device_queued": -1, "device_end": -1, "host_queued_end": 1585623814.551405}, "device": "gpu", "nd_range": {"device_start": 1585623748.1166158, "device_end": 1585623748.1172147}, "cmdq": 0, "read": {"device_start": -1, "device_end": -1}}, "FFC_sans_bias92": {"write": {"device_start": 1585623748.1112676, "host_queued_start": 1585623814.540052, "device_queued": 1585623748.1015944, "device_end": 1585623748.1112967, "host_queued_end": 1585623814.551405}, "device": "gpu", "nd_range": {"device_start": 1585623748.1113067, "device_end": 1585623748.1119003}, "cmdq": 0, "read": {"device_start": -1, "device_end": -1}}, "FFC_sans_bias60": {"write": {"device_start": -1, "host_queued_start": 1585623814.544765, "device_queued": -1, "device_end": -1, "host_queued_end": 1585623814.551405}, "device": "gpu", "nd_range": {"device_start": 1585623748.116015, "device_end": 1585623748.1166148}, "cmdq": 0, "read": {"device_start": -1, "device_end": -1}}, "FFC_sans_bias61": {"write": {"device_start": 1585623748.1191432, "host_queued_start": 1585623814.547069, "device_queued": 1585623748.1024761, "device_end": 1585623748.1191704, "host_queued_end": 1585623814.551405}, "device": "gpu", "nd_range": {"device_start": 1585623748.1191742, "device_end": 1585623748.119771}, "cmdq": 0, "read": {"device_start": 1585623748.119774, "device_end": 1585623748.119807}}, "FFC_sans_bias63": {"write": {"device_start": 1585623748.1044326, "host_queued_start": 1585623814.53048, "device_queued": 1585623748.1006744, "device_end": 1585623748.104456, "host_queued_end": 1585623814.551405}, "device": "gpu", "nd_range": {"device_start": 1585623748.1044629, "device_end": 1585623748.1050599}, "cmdq": 0, "read": {"device_start": -1, "device_end": -1}}, "FFC_sans_bias64": {"write": {"device_start": 1585623748.1029468, "host_queued_start": 1585623814.528386, "device_queued": 1585623748.1004517, "device_end": 1585623748.1029782, "host_queued_end": 1585623814.551405}, "device": "gpu", "nd_range": {"device_start": 1585623748.1029806, "device_end": 1585623748.1035883}, "cmdq": 0, "read": {"device_start": -1, "device_end": -1}}, "FFC_sans_bias65": {"write": {"device_start": 1585623748.1036992, "host_queued_start": 1585623814.529443, "device_queued": 1585623748.100624, "device_end": 1585623748.1037226, "host_queued_end": 1585623814.551405}, "device": "gpu", "nd_range": {"device_start": 1585623748.1037278, "device_end": 1585623748.1043258}, "cmdq": 0, "read": {"device_start": -1, "device_end": -1}}, "FFC_sans_bias67": {"write": {"device_start": -1, "host_queued_start": 1585623814.542238, "device_queued": -1, "device_end": -1, "host_queued_end": 1585623814.551405}, "device": "gpu", "nd_range": {"device_start": 1585623748.1125512, "device_end": 1585623748.1131523}, "cmdq": 0, "read": {"device_start": -1, "device_end": -1}}, "softmax68": {"write": {"device_start": -1, "host_queued_start": 1585623814.543713, "device_queued": -1, "device_end": -1, "host_queued_end": 1585623814.551405}, "device": "gpu", "nd_range": {"device_start": 1585623748.1151674, "device_end": 1585623748.1153758}, "cmdq": 0, "read": {"device_start": -1, "device_end": -1}}, "empty35": {"write": {"device_start": -1, "host_queued_start": 1585623814.556016, "device_queued": -1, "device_end": -1, "host_queued_end": 1585623814.592051}, "device": "cpu", "nd_range": {"device_start": 2291588.7816717303, "device_end": 2291588.781672936}, "cmdq": 1, "read": {"device_start": -1, "device_end": -1}}, "softmax86": {"write": {"device_start": -1, "host_queued_start": 1585623814.544213, "device_queued": -1, "device_end": -1, "host_queued_end": 1585623814.551405}, "device": "gpu", "nd_range": {"device_start": 1585623748.1155877, "device_end": 1585623748.1158042}, "cmdq": 0, "read": {"device_start": -1, "device_end": -1}}, "FFC_sans_bias55": {"write": {"device_start": 1585623748.1022186, "host_queued_start": 1585623814.527146, "device_queued": 1585623748.100406, "device_end": 1585623748.1022491, "host_queued_end": 1585623814.551405}, "device": "gpu", "nd_range": {"device_start": 1585623748.1022518, "device_end": 1585623748.1028502}, "cmdq": 0, "read": {"device_start": -1, "device_end": -1}}, "FFC_sans_bias54": {"write": {"device_start": 1585623748.1014638, "host_queued_start": 1585623814.526079, "device_queued": 1585623748.100229, "device_end": 1585623748.101493, "host_queued_end": 1585623814.551405}, "device": "gpu", "nd_range": {"device_start": 1585623748.1014993, "device_end": 1585623748.102099}, "cmdq": 0, "read": {"device_start": -1, "device_end": -1}}, "FFC_sans_bias56": {"write": {"device_start": 1585623748.1007082, "host_queued_start": 1585623814.525034, "device_queued": 1585623748.1001716, "device_end": 1585623748.1007373, "host_queued_end": 1585623814.551405}, "device": "gpu", "nd_range": {"device_start": 1585623748.1007457, "device_end": 1585623748.1013446}, "cmdq": 0, "read": {"device_start": -1, "device_end": -1}}, "FFC_sans_bias51": {"write": {"device_start": -1, "host_queued_start": 1585623814.585893, "device_queued": -1, "device_end": -1, "host_queued_end": 1585623814.592051}, "device": "cpu", "nd_range": {"device_start": 2291588.934639528, "device_end": 2291588.946680406}, "cmdq": 1, "read": {"device_start": -1, "device_end": -1}}, "FFC_sans_bias52": {"write": {"device_start": -1, "host_queued_start": 1585623814.592004, "device_queued": -1, "device_end": -1, "host_queued_end": 1585623814.592051}, "device": "cpu", "nd_range": {"device_start": 2291588.96766129, "device_end": 2291588.9777617264}, "cmdq": 1, "read": {"device_start": -1, "device_end": -1}}, "FFC_sans_bias58": {"write": {"device_start": -1, "host_queued_start": 1585623814.541918, "device_queued": -1, "device_end": -1, "host_queued_end": 1585623814.551405}, "device": "gpu", "nd_range": {"device_start": 1585623748.1119492, "device_end": 1585623748.1125503}, "cmdq": 0, "read": {"device_start": -1, "device_end": -1}}, "softmax95": {"write": {"device_start": -1, "host_queued_start": 1585623814.544454, "device_queued": -1, "device_end": -1, "host_queued_end": 1585623814.551405}, "device": "gpu", "nd_range": {"device_start": 1585623748.115806, "device_end": 1585623748.1160138}, "cmdq": 0, "read": {"device_start": -1, "device_end": -1}}, "coalesced_transpose57": {"write": {"device_start": -1, "host_queued_start": 1585623814.540385, "device_queued": -1, "device_end": -1, "host_queued_end": 1585623814.551405}, "device": "gpu", "nd_range": {"device_start": 1585623748.1119013, "device_end": 1585623748.1119103}, "cmdq": 0, "read": {"device_start": -1, "device_end": -1}}, "empty26": {"write": {"device_start": -1, "host_queued_start": 1585623814.555088, "device_queued": -1, "device_end": -1, "host_queued_end": 1585623814.592051}, "device": "cpu", "nd_range": {"device_start": 2291588.781671827, "device_end": 2291588.78167279}, "cmdq": 0, "read": {"device_start": -1, "device_end": -1}}, "FFC_sans_bias11": {"write": {"device_start": -1, "host_queued_start": 1585623814.564697, "device_queued": -1, "device_end": -1, "host_queued_end": 1585623814.592051}, "device": "cpu", "nd_range": {"device_start": 2291588.803846334, "device_end": 2291588.812436461}, "cmdq": 1, "read": {"device_start": -1, "device_end": -1}}, "FFC_sans_bias42": {"write": {"device_start": -1, "host_queued_start": 1585623814.585468, "device_queued": -1, "device_end": -1, "host_queued_end": 1585623814.592051}, "device": "cpu", "nd_range": {"device_start": 2291588.937131905, "device_end": 2291588.946790929}, "cmdq": 0, "read": {"device_start": -1, "device_end": -1}}, "FFC_sans_bias43": {"write": {"device_start": -1, "host_queued_start": 1585623814.590963, "device_queued": -1, "device_end": -1, "host_queued_end": 1585623814.592051}, "device": "cpu", "nd_range": {"device_start": 2291588.967459468, "device_end": 2291588.975135452}, "cmdq": 0, "read": {"device_start": -1, "device_end": -1}}, "FFC_sans_bias40": {"write": {"device_start": -1, "host_queued_start": 1585623814.581747, "device_queued": -1, "device_end": -1, "host_queued_end": 1585623814.592051}, "device": "cpu", "nd_range": {"device_start": 2291588.902216663, "device_end": 2291588.9123287583}, "cmdq": 0, "read": {"device_start": -1, "device_end": -1}}, "FFC_sans_bias46": {"write": {"device_start": -1, "host_queued_start": 1585623814.576953, "device_queued": -1, "device_end": -1, "host_queued_end": 1585623814.592051}, "device": "cpu", "nd_range": {"device_start": 2291588.8719217894, "device_end": 2291588.882842026}, "cmdq": 0, "read": {"device_start": -1, "device_end": -1}}, "FFC_sans_bias47": {"write": {"device_start": -1, "host_queued_start": 1585623814.578008, "device_queued": -1, "device_end": -1, "host_queued_end": 1585623814.592051}, "device": "cpu", "nd_range": {"device_start": 2291588.8718642932, "device_end": 2291588.879619058}, "cmdq": 1, "read": {"device_start": -1, "device_end": -1}}, "FFC_sans_bias45": {"write": {"device_start": -1, "host_queued_start": 1585623814.575902, "device_queued": -1, "device_end": -1, "host_queued_end": 1585623814.592051}, "device": "cpu", "nd_range": {"device_start": 2291588.861370638, "device_end": 2291588.871849099}, "cmdq": 1, "read": {"device_start": -1, "device_end": -1}}, "FFC_sans_bias49": {"write": {"device_start": -1, "host_queued_start": 1585623814.58209, "device_queued": -1, "device_end": -1, "host_queued_end": 1585623814.592051}, "device": "cpu", "nd_range": {"device_start": 2291588.908931999, "device_end": 2291588.9162716162}, "cmdq": 1, "read": {"device_start": -1, "device_end": -1}}, "softmax77": {"write": {"device_start": -1, "host_queued_start": 1585623814.543966, "device_queued": -1, "device_end": -1, "host_queued_end": 1585623814.551405}, "device": "gpu", "nd_range": {"device_start": 1585623748.115377, "device_end": 1585623748.115586}, "cmdq": 0, "read": {"device_start": -1, "device_end": -1}}, "softmax5": {"write": {"device_start": -1, "host_queued_start": 1585623814.58237, "device_queued": -1, "device_end": -1, "host_queued_end": 1585623814.592051}, "device": "cpu", "nd_range": {"device_start": 2291588.912438605, "device_end": 2291588.912660172}, "cmdq": 0, "read": {"device_start": -1, "device_end": -1}}, "empty53": {"write": {"device_start": -1, "host_queued_start": 1585623814.557726, "device_queued": -1, "device_end": -1, "host_queued_end": 1585623814.592051}, "device": "cpu", "nd_range": {"device_start": 2291588.7816789853, "device_end": 2291588.78167979}, "cmdq": 1, "read": {"device_start": -1, "device_end": -1}}, "coalesced_transpose48": {"write": {"device_start": -1, "host_queued_start": 1585623814.580018, "device_queued": -1, "device_end": -1, "host_queued_end": 1585623814.592051}, "device": "cpu", "nd_range": {"device_start": 2291588.88285103, "device_end": 2291588.883070583}, "cmdq": 1, "read": {"device_start": -1, "device_end": -1}}}