{"FFC_sans_bias4": {"write": {"device_start": -1, "host_queued_start": 1585623817.510263, "device_queued": -1, "device_end": -1, "host_queued_end": 1585623817.523912}, "device": "cpu", "nd_range": {"device_start": 2291591.8157619024, "device_end": 2291591.822462908}, "cmdq": 1, "read": {"device_start": -1, "device_end": -1}}, "FFC_sans_bias7": {"write": {"device_start": -1, "host_queued_start": 1585623817.517863, "device_queued": -1, "device_end": -1, "host_queued_end": 1585623817.523912}, "device": "cpu", "nd_range": {"device_start": 2291591.883523032, "device_end": 2291591.898785335}, "cmdq": 0, "read": {"device_start": -1, "device_end": -1}}, "FFC_sans_bias6": {"write": {"device_start": -1, "host_queued_start": 1585623817.514666, "device_queued": -1, "device_end": -1, "host_queued_end": 1585623817.523912}, "device": "cpu", "nd_range": {"device_start": 2291591.846399989, "device_end": 2291591.8550341423}, "cmdq": 1, "read": {"device_start": -1, "device_end": -1}}, "FFC_sans_bias1": {"write": {"device_start": -1, "host_queued_start": 1585623817.486763, "device_queued": -1, "device_end": -1, "host_queued_end": 1585623817.523912}, "device": "cpu", "nd_range": {"device_start": 2291591.713576592, "device_end": 2291591.722889256}, "cmdq": 0, "read": {"device_start": -1, "device_end": -1}}, "FFC_sans_bias0": {"write": {"device_start": -1, "host_queued_start": 1585623817.485626, "device_queued": -1, "device_end": -1, "host_queued_end": 1585623817.523912}, "device": "cpu", "nd_range": {"device_start": 2291591.713571974, "device_end": 2291591.721490934}, "cmdq": 1, "read": {"device_start": -1, "device_end": -1}}, "FFC_sans_bias2": {"write": {"device_start": -1, "host_queued_start": 1585623817.48791, "device_queued": -1, "device_end": -1, "host_queued_end": 1585623817.523912}, "device": "cpu", "nd_range": {"device_start": 2291591.721501042, "device_end": 2291591.7279388723}, "cmdq": 1, "read": {"device_start": -1, "device_end": -1}}, "FFC_sans_bias9": {"write": {"device_start": -1, "host_queued_start": 1585623817.488969, "device_queued": -1, "device_end": -1, "host_queued_end": 1585623817.523912}, "device": "cpu", "nd_range": {"device_start": 2291591.723023502, "device_end": 2291591.7306469833}, "cmdq": 0, "read": {"device_start": -1, "device_end": -1}}, "empty71": {"write": {"device_start": 1585623751.0256238, "host_queued_start": 1585623817.452545, "device_queued": 1585623751.0255015, "device_end": 1585623751.0256507, "host_queued_end": 1585623817.477283}, "device": "gpu", "nd_range": {"device_start": 1585623751.0256538, "device_end": 1585623751.0256586}, "cmdq": 0, "read": {"device_start": -1, "device_end": -1}}, "softmax41": {"write": {"device_start": -1, "host_queued_start": 1585623817.513764, "device_queued": -1, "device_end": -1, "host_queued_end": 1585623817.523912}, "device": "cpu", "nd_range": {"device_start": 2291591.8416730734, "device_end": 2291591.8418759853}, "cmdq": 0, "read": {"device_start": -1, "device_end": -1}}, "FFC_sans_bias37": {"write": {"device_start": -1, "host_queued_start": 1585623817.500134, "device_queued": -1, "device_end": -1, "host_queued_end": 1585623817.523912}, "device": "cpu", "nd_range": {"device_start": 2291591.786865808, "device_end": 2291591.7997120554}, "cmdq": 0, "read": {"device_start": -1, "device_end": -1}}, "FFC_sans_bias36": {"write": {"device_start": -1, "host_queued_start": 1585623817.499083, "device_queued": -1, "device_end": -1, "host_queued_end": 1585623817.523912}, "device": "cpu", "nd_range": {"device_start": 2291591.75684757, "device_end": 2291591.76351678}, "cmdq": 1, "read": {"device_start": -1, "device_end": -1}}, "FFC_sans_bias34": {"write": {"device_start": -1, "host_queued_start": 1585623817.520864, "device_queued": -1, "device_end": -1, "host_queued_end": 1585623817.523912}, "device": "cpu", "nd_range": {"device_start": 2291591.890631018, "device_end": 2291591.898785489}, "cmdq": 1, "read": {"device_start": -1, "device_end": -1}}, "FFC_sans_bias33": {"write": {"device_start": -1, "host_queued_start": 1585623817.515774, "device_queued": -1, "device_end": -1, "host_queued_end": 1585623817.523912}, "device": "cpu", "nd_range": {"device_start": 2291591.8627339513, "device_end": 2291591.8719919543}, "cmdq": 0, "read": {"device_start": -1, "device_end": -1}}, "FFC_sans_bias31": {"write": {"device_start": -1, "host_queued_start": 1585623817.511311, "device_queued": -1, "device_end": -1, "host_queued_end": 1585623817.523912}, "device": "cpu", "nd_range": {"device_start": 2291591.825054943, "device_end": 2291591.835811327}, "cmdq": 0, "read": {"device_start": -1, "device_end": -1}}, "FFC_sans_bias38": {"write": {"device_start": -1, "host_queued_start": 1585623817.501186, "device_queued": -1, "device_end": -1, "host_queued_end": 1585623817.523912}, "device": "cpu", "nd_range": {"device_start": 2291591.7636371343, "device_end": 2291591.770460517}, "cmdq": 1, "read": {"device_start": -1, "device_end": -1}}, "coalesced_transpose75": {"write": {"device_start": -1, "host_queued_start": 1585623817.468734, "device_queued": -1, "device_end": -1, "host_queued_end": 1585623817.477283}, "device": "gpu", "nd_range": {"device_start": 1585623751.03534, "device_end": 1585623751.0353482}, "cmdq": 0, "read": {"device_start": -1, "device_end": -1}}, "empty44": {"write": {"device_start": -1, "host_queued_start": 1585623817.482783, "device_queued": -1, "device_end": -1, "host_queued_end": 1585623817.523912}, "device": "cpu", "nd_range": {"device_start": 2291591.713564324, "device_end": 2291591.713564988}, "cmdq": 0, "read": {"device_start": -1, "device_end": -1}}, "empty8": {"write": {"device_start": -1, "host_queued_start": 1585623817.478856, "device_queued": -1, "device_end": -1, "host_queued_end": 1585623817.523912}, "device": "cpu", "nd_range": {"device_start": 2291591.71352457, "device_end": 2291591.713536242}, "cmdq": 0, "read": {"device_start": -1, "device_end": -1}}, "softmax50": {"write": {"device_start": -1, "host_queued_start": 1585623817.514043, "device_queued": -1, "device_end": -1, "host_queued_end": 1585623817.523912}, "device": "cpu", "nd_range": {"device_start": 2291591.846283242, "device_end": 2291591.8463932853}, "cmdq": 1, "read": {"device_start": -1, "device_end": -1}}, "softmax59": {"write": {"device_start": -1, "host_queued_start": 1585623817.514318, "device_queued": -1, "device_end": -1, "host_queued_end": 1585623817.523912}, "device": "cpu", "nd_range": {"device_start": 2291591.845851724, "device_end": 2291591.8480411223}, "cmdq": 0, "read": {"device_start": -1, "device_end": -1}}, "FFC_sans_bias24": {"write": {"device_start": -1, "host_queued_start": 1585623817.515353, "device_queued": -1, "device_end": -1, "host_queued_end": 1585623817.523912}, "device": "cpu", "nd_range": {"device_start": 2291591.855041428, "device_end": 2291591.862727406}, "cmdq": 1, "read": {"device_start": -1, "device_end": -1}}, "FFC_sans_bias25": {"write": {"device_start": -1, "host_queued_start": 1585623817.519857, "device_queued": -1, "device_end": -1, "host_queued_end": 1585623817.523912}, "device": "cpu", "nd_range": {"device_start": 2291591.898789679, "device_end": 2291591.9090745454}, "cmdq": 0, "read": {"device_start": -1, "device_end": -1}}, "FFC_sans_bias27": {"write": {"device_start": -1, "host_queued_start": 1585623817.495802, "device_queued": -1, "device_end": -1, "host_queued_end": 1585623817.523912}, "device": "cpu", "nd_range": {"device_start": 2291591.760025558, "device_end": 2291591.766207601}, "cmdq": 0, "read": {"device_start": -1, "device_end": -1}}, "FFC_sans_bias20": {"write": {"device_start": -1, "host_queued_start": 1585623817.49453, "device_queued": -1, "device_end": -1, "host_queued_end": 1585623817.523912}, "device": "cpu", "nd_range": {"device_start": 2291591.742472468, "device_end": 2291591.748919759}, "cmdq": 1, "read": {"device_start": -1, "device_end": -1}}, "FFC_sans_bias22": {"write": {"device_start": -1, "host_queued_start": 1585623817.510962, "device_queued": -1, "device_end": -1, "host_queued_end": 1585623817.523912}, "device": "cpu", "nd_range": {"device_start": 2291591.822603382, "device_end": 2291591.8297854}, "cmdq": 1, "read": {"device_start": -1, "device_end": -1}}, "FFC_sans_bias28": {"write": {"device_start": -1, "host_queued_start": 1585623817.496969, "device_queued": -1, "device_end": -1, "host_queued_end": 1585623817.523912}, "device": "cpu", "nd_range": {"device_start": 2291591.749042897, "device_end": 2291591.756840763}, "cmdq": 1, "read": {"device_start": -1, "device_end": -1}}, "FFC_sans_bias29": {"write": {"device_start": -1, "host_queued_start": 1585623817.498029, "device_queued": -1, "device_end": -1, "host_queued_end": 1585623817.523912}, "device": "cpu", "nd_range": {"device_start": 2291591.772515242, "device_end": 2291591.77962539}, "cmdq": 0, "read": {"device_start": -1, "device_end": -1}}, "coalesced_transpose66": {"write": {"device_start": -1, "host_queued_start": 1585623817.468411, "device_queued": -1, "device_end": -1, "host_queued_end": 1585623817.477283}, "device": "gpu", "nd_range": {"device_start": 1585623751.0353308, "device_end": 1585623751.0353389}, "cmdq": 0, "read": {"device_start": -1, "device_end": -1}}, "coalesced_transpose93": {"write": {"device_start": -1, "host_queued_start": 1585623817.46935, "device_queued": -1, "device_end": -1, "host_queued_end": 1585623817.477283}, "device": "gpu", "nd_range": {"device_start": 1585623751.0353596, "device_end": 1585623751.035368}, "cmdq": 0, "read": {"device_start": -1, "device_end": -1}}, "softmax23": {"write": {"device_start": -1, "host_queued_start": 1585623817.513212, "device_queued": -1, "device_end": -1, "host_queued_end": 1585623817.523912}, "device": "cpu", "nd_range": {"device_start": 2291591.841358438, "device_end": 2291591.841564713}, "cmdq": 0, "read": {"device_start": -1, "device_end": -1}}, "empty62": {"write": {"device_start": -1, "host_queued_start": 1585623817.484522, "device_queued": -1, "device_end": -1, "host_queued_end": 1585623817.523912}, "device": "cpu", "nd_range": {"device_start": 2291591.7135703713, "device_end": 2291591.713571005}, "cmdq": 0, "read": {"device_start": -1, "device_end": -1}}, "FFC_sans_bias10": {"write": {"device_start": -1, "host_queued_start": 1585623817.490024, "device_queued": -1, "device_end": -1, "host_queued_end": 1585623817.523912}, "device": "cpu", "nd_range": {"device_start": 2291591.7279450754, "device_end": 2291591.7348445184}, "cmdq": 1, "read": {"device_start": -1, "device_end": -1}}, "FFC_sans_bias13": {"write": {"device_start": -1, "host_queued_start": 1585623817.510616, "device_queued": -1, "device_end": -1, "host_queued_end": 1585623817.523912}, "device": "cpu", "nd_range": {"device_start": 2291591.8168279463, "device_end": 2291591.8249453283}, "cmdq": 0, "read": {"device_start": -1, "device_end": -1}}, "FFC_sans_bias15": {"write": {"device_start": -1, "host_queued_start": 1585623817.515007, "device_queued": -1, "device_end": -1, "host_queued_end": 1585623817.523912}, "device": "cpu", "nd_range": {"device_start": 2291591.848058153, "device_end": 2291591.862726718}, "cmdq": 0, "read": {"device_start": -1, "device_end": -1}}, "FFC_sans_bias16": {"write": {"device_start": -1, "host_queued_start": 1585623817.518863, "device_queued": -1, "device_end": -1, "host_queued_end": 1585623817.523912}, "device": "cpu", "nd_range": {"device_start": 2291591.883189301, "device_end": 2291591.8906271122}, "cmdq": 1, "read": {"device_start": -1, "device_end": -1}}, "FFC_sans_bias19": {"write": {"device_start": -1, "host_queued_start": 1585623817.493246, "device_queued": -1, "device_end": -1, "host_queued_end": 1585623817.523912}, "device": "cpu", "nd_range": {"device_start": 2291591.7439342993, "device_end": 2291591.756181755}, "cmdq": 0, "read": {"device_start": -1, "device_end": -1}}, "FFC_sans_bias18": {"write": {"device_start": -1, "host_queued_start": 1585623817.492194, "device_queued": -1, "device_end": -1, "host_queued_end": 1585623817.523912}, "device": "cpu", "nd_range": {"device_start": 2291591.734850218, "device_end": 2291591.742461976}, "cmdq": 1, "read": {"device_start": -1, "device_end": -1}}, "FFC_sans_bias91": {"write": {"device_start": 1585623751.0339336, "host_queued_start": 1585623817.467037, "device_queued": 1585623751.0269368, "device_end": 1585623751.0339625, "host_queued_end": 1585623817.477283}, "device": "gpu", "nd_range": {"device_start": 1585623751.0339653, "device_end": 1585623751.034564}, "cmdq": 0, "read": {"device_start": -1, "device_end": -1}}, "FFC_sans_bias90": {"write": {"device_start": 1585623751.033177, "host_queued_start": 1585623817.465966, "device_queued": 1585623751.026804, "device_end": 1585623751.033207, "host_queued_end": 1585623817.477283}, "device": "gpu", "nd_range": {"device_start": 1585623751.03321, "device_end": 1585623751.0338182}, "cmdq": 0, "read": {"device_start": -1, "device_end": -1}}, "coalesced_transpose12": {"write": {"device_start": -1, "host_queued_start": 1585623817.50825, "device_queued": -1, "device_end": -1, "host_queued_end": 1585623817.523912}, "device": "cpu", "nd_range": {"device_start": 2291591.7892317013, "device_end": 2291591.7894844953}, "cmdq": 1, "read": {"device_start": -1, "device_end": -1}}, "FFC_sans_bias94": {"write": {"device_start": -1, "host_queued_start": 1585623817.470673, "device_queued": -1, "device_end": -1, "host_queued_end": 1585623817.477283}, "device": "gpu", "nd_range": {"device_start": 1585623751.0371666, "device_end": 1585623751.0377657}, "cmdq": 0, "read": {"device_start": -1, "device_end": -1}}, "FFC_sans_bias97": {"write": {"device_start": 1585623751.0437934, "host_queued_start": 1585623817.477181, "device_queued": 1585623751.0281177, "device_end": 1585623751.0438225, "host_queued_end": 1585623817.477283}, "device": "gpu", "nd_range": {"device_start": 1585623751.043826, "device_end": 1585623751.044422}, "cmdq": 0, "read": {"device_start": 1585623751.044424, "device_end": 1585623751.0444474}}, "FFC_sans_bias96": {"write": {"device_start": -1, "host_queued_start": 1585623817.472992, "device_queued": -1, "device_end": -1, "host_queued_end": 1585623817.477283}, "device": "gpu", "nd_range": {"device_start": 1585623751.0404491, "device_end": 1585623751.0410504}, "cmdq": 0, "read": {"device_start": -1, "device_end": -1}}, "softmax32": {"write": {"device_start": -1, "host_queued_start": 1585623817.513489, "device_queued": -1, "device_end": -1, "host_queued_end": 1585623817.523912}, "device": "cpu", "nd_range": {"device_start": 2291591.846098572, "device_end": 2291591.8461775263}, "cmdq": 1, "read": {"device_start": -1, "device_end": -1}}, "coalesced_transpose84": {"write": {"device_start": -1, "host_queued_start": 1585623817.469045, "device_queued": -1, "device_end": -1, "host_queued_end": 1585623817.477283}, "device": "gpu", "nd_range": {"device_start": 1585623751.0353494, "device_end": 1585623751.0353582}, "cmdq": 0, "read": {"device_start": -1, "device_end": -1}}, "empty98": {"write": {"device_start": 1585623751.0261872, "host_queued_start": 1585623817.455255, "device_queued": 1585623751.0256789, "device_end": 1585623751.0262196, "host_queued_end": 1585623817.477283}, "device": "gpu", "nd_range": {"device_start": 1585623751.0262356, "device_end": 1585623751.0262394}, "cmdq": 0, "read": {"device_start": -1, "device_end": -1}}, "empty17": {"write": {"device_start": -1, "host_queued_start": 1585623817.479931, "device_queued": -1, "device_end": -1, "host_queued_end": 1585623817.523912}, "device": "cpu", "nd_range": {"device_start": 2291591.713524654, "device_end": 2291591.7135362513}, "cmdq": 1, "read": {"device_start": -1, "device_end": -1}}, "FFC_sans_bias87": {"write": {"device_start": -1, "host_queued_start": 1585623817.472675, "device_queued": -1, "device_end": -1, "host_queued_end": 1585623817.477283}, "device": "gpu", "nd_range": {"device_start": 1585623751.0398479, "device_end": 1585623751.0404482}, "cmdq": 0, "read": {"device_start": -1, "device_end": -1}}, "FFC_sans_bias85": {"write": {"device_start": -1, "host_queued_start": 1585623817.470327, "device_queued": -1, "device_end": -1, "host_queued_end": 1585623817.477283}, "device": "gpu", "nd_range": {"device_start": 1585623751.0365689, "device_end": 1585623751.0371656}, "cmdq": 0, "read": {"device_start": -1, "device_end": -1}}, "FFC_sans_bias82": {"write": {"device_start": 1585623751.0317616, "host_queued_start": 1585623817.46388, "device_queued": 1585623751.0266104, "device_end": 1585623751.0317917, "host_queued_end": 1585623817.477283}, "device": "gpu", "nd_range": {"device_start": 1585623751.0317948, "device_end": 1585623751.0323017}, "cmdq": 0, "read": {"device_start": -1, "device_end": -1}}, "FFC_sans_bias83": {"write": {"device_start": 1585623751.032421, "host_queued_start": 1585623817.464926, "device_queued": 1585623751.0267608, "device_end": 1585623751.0324502, "host_queued_end": 1585623817.477283}, "device": "gpu", "nd_range": {"device_start": 1585623751.0324538, "device_end": 1585623751.0330527}, "cmdq": 0, "read": {"device_start": -1, "device_end": -1}}, "FFC_sans_bias81": {"write": {"device_start": 1585623751.031011, "host_queued_start": 1585623817.462837, "device_queued": 1585623751.0265667, "device_end": 1585623751.0310407, "host_queued_end": 1585623817.477283}, "device": "gpu", "nd_range": {"device_start": 1585623751.0310469, "device_end": 1585623751.0316424}, "cmdq": 0, "read": {"device_start": -1, "device_end": -1}}, "FFC_sans_bias88": {"write": {"device_start": 1585623751.0429204, "host_queued_start": 1585623817.476141, "device_queued": 1585623751.0280483, "device_end": 1585623751.0429492, "host_queued_end": 1585623817.477283}, "device": "gpu", "nd_range": {"device_start": 1585623751.0429518, "device_end": 1585623751.0435445}, "cmdq": 0, "read": {"device_start": 1585623751.0435486, "device_end": 1585623751.0435784}}, "coalesced_transpose30": {"write": {"device_start": -1, "host_queued_start": 1585623817.50892, "device_queued": -1, "device_end": -1, "host_queued_end": 1585623817.523912}, "device": "cpu", "nd_range": {"device_start": 2291591.7895907373, "device_end": 2291591.7898389273}, "cmdq": 1, "read": {"device_start": -1, "device_end": -1}}, "coalesced_transpose39": {"write": {"device_start": -1, "host_queued_start": 1585623817.509253, "device_queued": -1, "device_end": -1, "host_queued_end": 1585623817.523912}, "device": "cpu", "nd_range": {"device_start": 2291591.8161224243, "device_end": 2291591.816365186}, "cmdq": 0, "read": {"device_start": -1, "device_end": -1}}, "FFC_sans_bias79": {"write": {"device_start": 1585623751.042065, "host_queued_start": 1585623817.4751, "device_queued": 1585623751.0278802, "device_end": 1585623751.0420938, "host_queued_end": 1585623817.477283}, "device": "gpu", "nd_range": {"device_start": 1585623751.0420961, "device_end": 1585623751.0426927}, "cmdq": 0, "read": {"device_start": 1585623751.0426955, "device_end": 1585623751.042719}}, "FFC_sans_bias78": {"write": {"device_start": -1, "host_queued_start": 1585623817.472331, "device_queued": -1, "device_end": -1, "host_queued_end": 1585623817.477283}, "device": "gpu", "nd_range": {"device_start": 1585623751.0392473, "device_end": 1585623751.0398467}, "cmdq": 0, "read": {"device_start": -1, "device_end": -1}}, "FFC_sans_bias73": {"write": {"device_start": 1585623751.0295, "host_queued_start": 1585623817.460667, "device_queued": 1585623751.0263674, "device_end": 1585623751.0295298, "host_queued_end": 1585623817.477283}, "device": "gpu", "nd_range": {"device_start": 1585623751.0295327, "device_end": 1585623751.0301335}, "cmdq": 0, "read": {"device_start": -1, "device_end": -1}}, "FFC_sans_bias72": {"write": {"device_start": 1585623751.0287328, "host_queued_start": 1585623817.459429, "device_queued": 1585623751.0261405, "device_end": 1585623751.0287619, "host_queued_end": 1585623817.477283}, "device": "gpu", "nd_range": {"device_start": 1585623751.0287774, "device_end": 1585623751.02938}, "cmdq": 0, "read": {"device_start": -1, "device_end": -1}}, "FFC_sans_bias70": {"write": {"device_start": 1585623751.0411959, "host_queued_start": 1585623817.474013, "device_queued": 1585623751.0278082, "device_end": 1585623751.0412211, "host_queued_end": 1585623817.477283}, "device": "gpu", "nd_range": {"device_start": 1585623751.0412254, "device_end": 1585623751.041825}, "cmdq": 0, "read": {"device_start": 1585623751.0418339, "device_end": 1585623751.0418608}}, "FFC_sans_bias76": {"write": {"device_start": -1, "host_queued_start": 1585623817.470014, "device_queued": -1, "device_end": -1, "host_queued_end": 1585623817.477283}, "device": "gpu", "nd_range": {"device_start": 1585623751.0359688, "device_end": 1585623751.0365677}, "cmdq": 0, "read": {"device_start": -1, "device_end": -1}}, "FFC_sans_bias74": {"write": {"device_start": 1585623751.0302606, "host_queued_start": 1585623817.46173, "device_queued": 1585623751.026428, "device_end": 1585623751.030293, "host_queued_end": 1585623817.477283}, "device": "gpu", "nd_range": {"device_start": 1585623751.030296, "device_end": 1585623751.030893}, "cmdq": 0, "read": {"device_start": -1, "device_end": -1}}, "coalesced_transpose3": {"write": {"device_start": -1, "host_queued_start": 1585623817.507909, "device_queued": -1, "device_end": -1, "host_queued_end": 1585623817.523912}, "device": "cpu", "nd_range": {"device_start": 2291591.815426325, "device_end": 2291591.8156012613}, "cmdq": 0, "read": {"device_start": -1, "device_end": -1}}, "empty89": {"write": {"device_start": 1585623751.0259619, "host_queued_start": 1585623817.45441, "device_queued": 1585623751.0256438, "device_end": 1585623751.0259917, "host_queued_end": 1585623817.477283}, "device": "gpu", "nd_range": {"device_start": 1585623751.0259948, "device_end": 1585623751.0259984}, "cmdq": 0, "read": {"device_start": -1, "device_end": -1}}, "empty80": {"write": {"device_start": 1585623751.0258021, "host_queued_start": 1585623817.453598, "device_queued": 1585623751.0256038, "device_end": 1585623751.0258322, "host_queued_end": 1585623817.477283}, "device": "gpu", "nd_range": {"device_start": 1585623751.0258386, "device_end": 1585623751.0258482}, "cmdq": 0, "read": {"device_start": -1, "device_end": -1}}, "coalesced_transpose21": {"write": {"device_start": -1, "host_queued_start": 1585623817.508582, "device_queued": -1, "device_end": -1, "host_queued_end": 1585623817.523912}, "device": "cpu", "nd_range": {"device_start": 2291591.815746734, "device_end": 2291591.816010042}, "cmdq": 0, "read": {"device_start": -1, "device_end": -1}}, "softmax14": {"write": {"device_start": -1, "host_queued_start": 1585623817.512937, "device_queued": -1, "device_end": -1, "host_queued_end": 1585623817.523912}, "device": "cpu", "nd_range": {"device_start": 2291591.845856679, "device_end": 2291591.845985922}, "cmdq": 1, "read": {"device_start": -1, "device_end": -1}}, "FFC_sans_bias69": {"write": {"device_start": -1, "host_queued_start": 1585623817.472004, "device_queued": -1, "device_end": -1, "host_queued_end": 1585623817.477283}, "device": "gpu", "nd_range": {"device_start": 1585623751.0386403, "device_end": 1585623751.039246}, "cmdq": 0, "read": {"device_start": -1, "device_end": -1}}, "FFC_sans_bias92": {"write": {"device_start": 1585623751.034683, "host_queued_start": 1585623817.468083, "device_queued": 1585623751.0269794, "device_end": 1585623751.0347133, "host_queued_end": 1585623817.477283}, "device": "gpu", "nd_range": {"device_start": 1585623751.0347288, "device_end": 1585623751.0353296}, "cmdq": 0, "read": {"device_start": -1, "device_end": -1}}, "FFC_sans_bias60": {"write": {"device_start": -1, "host_queued_start": 1585623817.516814, "device_queued": -1, "device_end": -1, "host_queued_end": 1585623817.523912}, "device": "cpu", "nd_range": {"device_start": 2291591.8740252783, "device_end": 2291591.883182731}, "cmdq": 1, "read": {"device_start": -1, "device_end": -1}}, "FFC_sans_bias61": {"write": {"device_start": -1, "host_queued_start": 1585623817.523867, "device_queued": -1, "device_end": -1, "host_queued_end": 1585623817.523912}, "device": "cpu", "nd_range": {"device_start": 2291591.91433943, "device_end": 2291591.91964825}, "cmdq": 0, "read": {"device_start": -1, "device_end": -1}}, "FFC_sans_bias63": {"write": {"device_start": 1585623751.027969, "host_queued_start": 1585623817.458348, "device_queued": 1585623751.0260851, "device_end": 1585623751.0279982, "host_queued_end": 1585623817.477283}, "device": "gpu", "nd_range": {"device_start": 1585623751.0280044, "device_end": 1585623751.0286012}, "cmdq": 0, "read": {"device_start": -1, "device_end": -1}}, "FFC_sans_bias64": {"write": {"device_start": 1585623751.02648, "host_queued_start": 1585623817.45623, "device_queued": 1585623751.0258565, "device_end": 1585623751.02651, "host_queued_end": 1585623817.477283}, "device": "gpu", "nd_range": {"device_start": 1585623751.0265152, "device_end": 1585623751.0271132}, "cmdq": 0, "read": {"device_start": -1, "device_end": -1}}, "FFC_sans_bias65": {"write": {"device_start": 1585623751.0272212, "host_queued_start": 1585623817.457294, "device_queued": 1585623751.025916, "device_end": 1585623751.0272508, "host_queued_end": 1585623817.477283}, "device": "gpu", "nd_range": {"device_start": 1585623751.027258, "device_end": 1585623751.0278525}, "cmdq": 0, "read": {"device_start": -1, "device_end": -1}}, "FFC_sans_bias67": {"write": {"device_start": -1, "host_queued_start": 1585623817.469686, "device_queued": -1, "device_end": -1, "host_queued_end": 1585623817.477283}, "device": "gpu", "nd_range": {"device_start": 1585623751.0353692, "device_end": 1585623751.0359678}, "cmdq": 0, "read": {"device_start": -1, "device_end": -1}}, "softmax68": {"write": {"device_start": -1, "host_queued_start": 1585623817.470927, "device_queued": -1, "device_end": -1, "host_queued_end": 1585623817.477283}, "device": "gpu", "nd_range": {"device_start": 1585623751.0377672, "device_end": 1585623751.0379922}, "cmdq": 0, "read": {"device_start": -1, "device_end": -1}}, "empty35": {"write": {"device_start": -1, "host_queued_start": 1585623817.481856, "device_queued": -1, "device_end": -1, "host_queued_end": 1585623817.523912}, "device": "cpu", "nd_range": {"device_start": 2291591.71355844, "device_end": 2291591.7135595563}, "cmdq": 1, "read": {"device_start": -1, "device_end": -1}}, "softmax86": {"write": {"device_start": -1, "host_queued_start": 1585623817.471423, "device_queued": -1, "device_end": -1, "host_queued_end": 1585623817.477283}, "device": "gpu", "nd_range": {"device_start": 1585623751.0382054, "device_end": 1585623751.0384269}, "cmdq": 0, "read": {"device_start": -1, "device_end": -1}}, "FFC_sans_bias55": {"write": {"device_start": -1, "host_queued_start": 1585623817.507573, "device_queued": -1, "device_end": -1, "host_queued_end": 1585623817.523912}, "device": "cpu", "nd_range": {"device_start": 2291591.78384757, "device_end": 2291591.7891117213}, "cmdq": 1, "read": {"device_start": -1, "device_end": -1}}, "FFC_sans_bias54": {"write": {"device_start": -1, "host_queued_start": 1585623817.506509, "device_queued": -1, "device_end": -1, "host_queued_end": 1585623817.523912}, "device": "cpu", "nd_range": {"device_start": 2291591.8101554103, "device_end": 2291591.8154215263}, "cmdq": 0, "read": {"device_start": -1, "device_end": -1}}, "FFC_sans_bias56": {"write": {"device_start": -1, "host_queued_start": 1585623817.505459, "device_queued": -1, "device_end": -1, "host_queued_end": 1585623817.523912}, "device": "cpu", "nd_range": {"device_start": 2291591.7782900473, "device_end": 2291591.7838409613}, "cmdq": 1, "read": {"device_start": -1, "device_end": -1}}, "FFC_sans_bias51": {"write": {"device_start": -1, "host_queued_start": 1585623817.516466, "device_queued": -1, "device_end": -1, "host_queued_end": 1585623817.523912}, "device": "cpu", "nd_range": {"device_start": 2291591.8730333443, "device_end": 2291591.883515989}, "cmdq": 0, "read": {"device_start": -1, "device_end": -1}}, "FFC_sans_bias52": {"write": {"device_start": -1, "host_queued_start": 1585623817.522867, "device_queued": -1, "device_end": -1, "host_queued_end": 1585623817.523912}, "device": "cpu", "nd_range": {"device_start": 2291591.898790549, "device_end": 2291591.9064424783}, "cmdq": 1, "read": {"device_start": -1, "device_end": -1}}, "FFC_sans_bias58": {"write": {"device_start": -1, "host_queued_start": 1585623817.512367, "device_queued": -1, "device_end": -1, "host_queued_end": 1585623817.523912}, "device": "cpu", "nd_range": {"device_start": 2291591.8390632733, "device_end": 2291591.845843219}, "cmdq": 1, "read": {"device_start": -1, "device_end": -1}}, "softmax95": {"write": {"device_start": -1, "host_queued_start": 1585623817.471684, "device_queued": -1, "device_end": -1, "host_queued_end": 1585623817.477283}, "device": "gpu", "nd_range": {"device_start": 1585623751.038428, "device_end": 1585623751.0386393}, "cmdq": 0, "read": {"device_start": -1, "device_end": -1}}, "coalesced_transpose57": {"write": {"device_start": -1, "host_queued_start": 1585623817.509917, "device_queued": -1, "device_end": -1, "host_queued_end": 1585623817.523912}, "device": "cpu", "nd_range": {"device_start": 2291591.816474771, "device_end": 2291591.816722331}, "cmdq": 0, "read": {"device_start": -1, "device_end": -1}}, "empty26": {"write": {"device_start": -1, "host_queued_start": 1585623817.480897, "device_queued": -1, "device_end": -1, "host_queued_end": 1585623817.523912}, "device": "cpu", "nd_range": {"device_start": 2291591.713557079, "device_end": 2291591.7135584443}, "cmdq": 0, "read": {"device_start": -1, "device_end": -1}}, "FFC_sans_bias11": {"write": {"device_start": -1, "host_queued_start": 1585623817.491118, "device_queued": -1, "device_end": -1, "host_queued_end": 1585623817.523912}, "device": "cpu", "nd_range": {"device_start": 2291591.735556112, "device_end": 2291591.743924186}, "cmdq": 0, "read": {"device_start": -1, "device_end": -1}}, "FFC_sans_bias42": {"write": {"device_start": -1, "host_queued_start": 1585623817.51612, "device_queued": -1, "device_end": -1, "host_queued_end": 1585623817.523912}, "device": "cpu", "nd_range": {"device_start": 2291591.862747712, "device_end": 2291591.8740179823}, "cmdq": 1, "read": {"device_start": -1, "device_end": -1}}, "FFC_sans_bias43": {"write": {"device_start": -1, "host_queued_start": 1585623817.521861, "device_queued": -1, "device_end": -1, "host_queued_end": 1585623817.523912}, "device": "cpu", "nd_range": {"device_start": 2291591.9090781, "device_end": 2291591.914335738}, "cmdq": 0, "read": {"device_start": -1, "device_end": -1}}, "FFC_sans_bias40": {"write": {"device_start": -1, "host_queued_start": 1585623817.511656, "device_queued": -1, "device_end": -1, "host_queued_end": 1585623817.523912}, "device": "cpu", "nd_range": {"device_start": 2291591.8299057144, "device_end": 2291591.8389497353}, "cmdq": 1, "read": {"device_start": -1, "device_end": -1}}, "FFC_sans_bias46": {"write": {"device_start": -1, "host_queued_start": 1585623817.503318, "device_queued": -1, "device_end": -1, "host_queued_end": 1585623817.523912}, "device": "cpu", "nd_range": {"device_start": 2291591.770465937, "device_end": 2291591.778159827}, "cmdq": 1, "read": {"device_start": -1, "device_end": -1}}, "FFC_sans_bias47": {"write": {"device_start": -1, "host_queued_start": 1585623817.504403, "device_queued": -1, "device_end": -1, "host_queued_end": 1585623817.523912}, "device": "cpu", "nd_range": {"device_start": 2291591.8049022104, "device_end": 2291591.8101509223}, "cmdq": 0, "read": {"device_start": -1, "device_end": -1}}, "FFC_sans_bias45": {"write": {"device_start": -1, "host_queued_start": 1585623817.502238, "device_queued": -1, "device_end": -1, "host_queued_end": 1585623817.523912}, "device": "cpu", "nd_range": {"device_start": 2291591.799719109, "device_end": 2291591.8048968883}, "cmdq": 0, "read": {"device_start": -1, "device_end": -1}}, "FFC_sans_bias49": {"write": {"device_start": -1, "host_queued_start": 1585623817.512015, "device_queued": -1, "device_end": -1, "host_queued_end": 1585623817.523912}, "device": "cpu", "nd_range": {"device_start": 2291591.8359237053, "device_end": 2291591.8409109833}, "cmdq": 0, "read": {"device_start": -1, "device_end": -1}}, "softmax77": {"write": {"device_start": -1, "host_queued_start": 1585623817.471175, "device_queued": -1, "device_end": -1, "host_queued_end": 1585623817.477283}, "device": "gpu", "nd_range": {"device_start": 1585623751.037994, "device_end": 1585623751.0382042}, "cmdq": 0, "read": {"device_start": -1, "device_end": -1}}, "softmax5": {"write": {"device_start": -1, "host_queued_start": 1585623817.512661, "device_queued": -1, "device_end": -1, "host_queued_end": 1585623817.523912}, "device": "cpu", "nd_range": {"device_start": 2291591.841027394, "device_end": 2291591.841248013}, "cmdq": 0, "read": {"device_start": -1, "device_end": -1}}, "empty53": {"write": {"device_start": -1, "host_queued_start": 1585623817.483632, "device_queued": -1, "device_end": -1, "host_queued_end": 1585623817.523912}, "device": "cpu", "nd_range": {"device_start": 2291591.713565422, "device_end": 2291591.713566137}, "cmdq": 1, "read": {"device_start": -1, "device_end": -1}}, "coalesced_transpose48": {"write": {"device_start": -1, "host_queued_start": 1585623817.509584, "device_queued": -1, "device_end": -1, "host_queued_end": 1585623817.523912}, "device": "cpu", "nd_range": {"device_start": 2291591.789943249, "device_end": 2291591.790186658}, "cmdq": 1, "read": {"device_start": -1, "device_end": -1}}}