{"FFC_sans_bias4": {"write": {"device_start": -1, "host_queued_start": 1585624613.691971, "device_queued": -1, "device_end": -1, "host_queued_end": 1585624613.705622}, "device": "cpu", "nd_range": {"device_start": 2292387.969561057, "device_end": 2292387.9820344923}, "cmdq": 0, "read": {"device_start": -1, "device_end": -1}}, "FFC_sans_bias7": {"write": {"device_start": -1, "host_queued_start": 1585624613.699518, "device_queued": -1, "device_end": -1, "host_queued_end": 1585624613.705622}, "device": "cpu", "nd_range": {"device_start": 2292388.047203727, "device_end": 2292388.0749055613}, "cmdq": 1, "read": {"device_start": -1, "device_end": -1}}, "FFC_sans_bias6": {"write": {"device_start": -1, "host_queued_start": 1585624613.696302, "device_queued": -1, "device_end": -1, "host_queued_end": 1585624613.705622}, "device": "cpu", "nd_range": {"device_start": 2292388.022082536, "device_end": 2292388.038910822}, "cmdq": 4, "read": {"device_start": -1, "device_end": -1}}, "FFC_sans_bias1": {"write": {"device_start": -1, "host_queued_start": 1585624613.668564, "device_queued": -1, "device_end": -1, "host_queued_end": 1585624613.705622}, "device": "cpu", "nd_range": {"device_start": 2292387.8955914713, "device_end": 2292387.911812412}, "cmdq": 3, "read": {"device_start": -1, "device_end": -1}}, "FFC_sans_bias0": {"write": {"device_start": -1, "host_queued_start": 1585624613.667414, "device_queued": -1, "device_end": -1, "host_queued_end": 1585624613.705622}, "device": "cpu", "nd_range": {"device_start": 2292387.895262775, "device_end": 2292387.9108491964}, "cmdq": 2, "read": {"device_start": -1, "device_end": -1}}, "FFC_sans_bias2": {"write": {"device_start": -1, "host_queued_start": 1585624613.669678, "device_queued": -1, "device_end": -1, "host_queued_end": 1585624613.705622}, "device": "cpu", "nd_range": {"device_start": 2292387.895825143, "device_end": 2292387.911070186}, "cmdq": 4, "read": {"device_start": -1, "device_end": -1}}, "FFC_sans_bias9": {"write": {"device_start": -1, "host_queued_start": 1585624613.670889, "device_queued": -1, "device_end": -1, "host_queued_end": 1585624613.705622}, "device": "cpu", "nd_range": {"device_start": 2292387.910975479, "device_end": 2292387.926317099}, "cmdq": 0, "read": {"device_start": -1, "device_end": -1}}, "empty71": {"write": {"device_start": 1585624547.1862082, "host_queued_start": 1585624613.634185, "device_queued": 1585624547.1860812, "device_end": 1585624547.186236, "host_queued_end": 1585624613.65898}, "device": "gpu", "nd_range": {"device_start": 1585624547.1862395, "device_end": 1585624547.1862447}, "cmdq": 0, "read": {"device_start": -1, "device_end": -1}}, "softmax41": {"write": {"device_start": -1, "host_queued_start": 1585624613.695416, "device_queued": -1, "device_end": -1, "host_queued_end": 1585624613.705622}, "device": "cpu", "nd_range": {"device_start": 2292388.0302876253, "device_end": 2292388.030506005}, "cmdq": 1, "read": {"device_start": -1, "device_end": -1}}, "FFC_sans_bias37": {"write": {"device_start": -1, "host_queued_start": 1585624613.681796, "device_queued": -1, "device_end": -1, "host_queued_end": 1585624613.705622}, "device": "cpu", "nd_range": {"device_start": 2292387.9419436753, "device_end": 2292387.957233535}, "cmdq": 0, "read": {"device_start": -1, "device_end": -1}}, "FFC_sans_bias36": {"write": {"device_start": -1, "host_queued_start": 1585624613.680746, "device_queued": -1, "device_end": -1, "host_queued_end": 1585624613.705622}, "device": "cpu", "nd_range": {"device_start": 2292387.926562361, "device_end": 2292387.941825762}, "cmdq": 4, "read": {"device_start": -1, "device_end": -1}}, "FFC_sans_bias34": {"write": {"device_start": -1, "host_queued_start": 1585624613.702529, "device_queued": -1, "device_end": -1, "host_queued_end": 1585624613.705622}, "device": "cpu", "nd_range": {"device_start": 2292388.059872191, "device_end": 2292388.0757854544}, "cmdq": 4, "read": {"device_start": -1, "device_end": -1}}, "FFC_sans_bias33": {"write": {"device_start": -1, "host_queued_start": 1585624613.697426, "device_queued": -1, "device_end": -1, "host_queued_end": 1585624613.705622}, "device": "cpu", "nd_range": {"device_start": 2292388.013926894, "device_end": 2292388.0291747833}, "cmdq": 2, "read": {"device_start": -1, "device_end": -1}}, "FFC_sans_bias31": {"write": {"device_start": -1, "host_queued_start": 1585624613.693003, "device_queued": -1, "device_end": -1, "host_queued_end": 1585624613.705622}, "device": "cpu", "nd_range": {"device_start": 2292387.991096891, "device_end": 2292388.0091811013}, "cmdq": 3, "read": {"device_start": -1, "device_end": -1}}, "FFC_sans_bias38": {"write": {"device_start": -1, "host_queued_start": 1585624613.682882, "device_queued": -1, "device_end": -1, "host_queued_end": 1585624613.705622}, "device": "cpu", "nd_range": {"device_start": 2292387.945026682, "device_end": 2292387.964336766}, "cmdq": 1, "read": {"device_start": -1, "device_end": -1}}, "coalesced_transpose75": {"write": {"device_start": -1, "host_queued_start": 1585624613.650505, "device_queued": -1, "device_end": -1, "host_queued_end": 1585624613.65898}, "device": "gpu", "nd_range": {"device_start": 1585624547.1911702, "device_end": 1585624547.1925383}, "cmdq": 2, "read": {"device_start": -1, "device_end": -1}}, "empty44": {"write": {"device_start": -1, "host_queued_start": 1585624613.664774, "device_queued": -1, "device_end": -1, "host_queued_end": 1585624613.705622}, "device": "cpu", "nd_range": {"device_start": 2292387.8957107873, "device_end": 2292387.895715164}, "cmdq": 4, "read": {"device_start": -1, "device_end": -1}}, "empty8": {"write": {"device_start": -1, "host_queued_start": 1585624613.660434, "device_queued": -1, "device_end": -1, "host_queued_end": 1585624613.705622}, "device": "cpu", "nd_range": {"device_start": 2292387.895201844, "device_end": 2292387.8952149763}, "cmdq": 0, "read": {"device_start": -1, "device_end": -1}}, "softmax50": {"write": {"device_start": -1, "host_queued_start": 1585624613.695689, "device_queued": -1, "device_end": -1, "host_queued_end": 1585624613.705622}, "device": "cpu", "nd_range": {"device_start": 2292388.013615114, "device_end": 2292388.013819055}, "cmdq": 2, "read": {"device_start": -1, "device_end": -1}}, "softmax59": {"write": {"device_start": -1, "host_queued_start": 1585624613.69596, "device_queued": -1, "device_end": -1, "host_queued_end": 1585624613.705622}, "device": "cpu", "nd_range": {"device_start": 2292388.0378522933, "device_end": 2292388.0380640943}, "cmdq": 3, "read": {"device_start": -1, "device_end": -1}}, "FFC_sans_bias24": {"write": {"device_start": -1, "host_queued_start": 1585624613.697074, "device_queued": -1, "device_end": -1, "host_queued_end": 1585624613.705622}, "device": "cpu", "nd_range": {"device_start": 2292388.030512513, "device_end": 2292388.04719568}, "cmdq": 1, "read": {"device_start": -1, "device_end": -1}}, "FFC_sans_bias25": {"write": {"device_start": -1, "host_queued_start": 1585624613.701524, "device_queued": -1, "device_end": -1, "host_queued_end": 1585624613.705622}, "device": "cpu", "nd_range": {"device_start": 2292388.053346067, "device_end": 2292388.068644476}, "cmdq": 3, "read": {"device_start": -1, "device_end": -1}}, "FFC_sans_bias27": {"write": {"device_start": -1, "host_queued_start": 1585624613.677554, "device_queued": -1, "device_end": -1, "host_queued_end": 1585624613.705622}, "device": "cpu", "nd_range": {"device_start": 2292387.9145334964, "device_end": 2292387.93918807}, "cmdq": 1, "read": {"device_start": -1, "device_end": -1}}, "FFC_sans_bias20": {"write": {"device_start": -1, "host_queued_start": 1585624613.676483, "device_queued": -1, "device_end": -1, "host_queued_end": 1585624613.705622}, "device": "cpu", "nd_range": {"device_start": 2292387.9264438082, "device_end": 2292387.9418055573}, "cmdq": 0, "read": {"device_start": -1, "device_end": -1}}, "FFC_sans_bias22": {"write": {"device_start": -1, "host_queued_start": 1585624613.692658, "device_queued": -1, "device_end": -1, "host_queued_end": 1585624613.705622}, "device": "cpu", "nd_range": {"device_start": 2292388.005347995, "device_end": 2292388.0131578473}, "cmdq": 2, "read": {"device_start": -1, "device_end": -1}}, "FFC_sans_bias28": {"write": {"device_start": -1, "host_queued_start": 1585624613.678631, "device_queued": -1, "device_end": -1, "host_queued_end": 1585624613.705622}, "device": "cpu", "nd_range": {"device_start": 2292387.971180619, "device_end": 2292387.98328507}, "cmdq": 2, "read": {"device_start": -1, "device_end": -1}}, "FFC_sans_bias29": {"write": {"device_start": -1, "host_queued_start": 1585624613.679691, "device_queued": -1, "device_end": -1, "host_queued_end": 1585624613.705622}, "device": "cpu", "nd_range": {"device_start": 2292387.927143971, "device_end": 2292387.943091912}, "cmdq": 3, "read": {"device_start": -1, "device_end": -1}}, "coalesced_transpose66": {"write": {"device_start": -1, "host_queued_start": 1585624613.650196, "device_queued": -1, "device_end": -1, "host_queued_end": 1585624613.65898}, "device": "gpu", "nd_range": {"device_start": 1585624547.1907291, "device_end": 1585624547.1925237}, "cmdq": 1, "read": {"device_start": -1, "device_end": -1}}, "coalesced_transpose93": {"write": {"device_start": -1, "host_queued_start": 1585624613.651135, "device_queued": -1, "device_end": -1, "host_queued_end": 1585624613.65898}, "device": "gpu", "nd_range": {"device_start": 1585624547.192133, "device_end": 1585624547.1925418}, "cmdq": 4, "read": {"device_start": -1, "device_end": -1}}, "softmax23": {"write": {"device_start": -1, "host_queued_start": 1585624613.694865, "device_queued": -1, "device_end": -1, "host_queued_end": 1585624613.705622}, "device": "cpu", "nd_range": {"device_start": 2292388.021755334, "device_end": 2292388.0219666814}, "cmdq": 4, "read": {"device_start": -1, "device_end": -1}}, "empty62": {"write": {"device_start": -1, "host_queued_start": 1585624613.666454, "device_queued": -1, "device_end": -1, "host_queued_end": 1585624613.705622}, "device": "cpu", "nd_range": {"device_start": 2292387.895250747, "device_end": 2292387.8952516313}, "cmdq": 1, "read": {"device_start": -1, "device_end": -1}}, "FFC_sans_bias10": {"write": {"device_start": -1, "host_queued_start": 1585624613.672064, "device_queued": -1, "device_end": -1, "host_queued_end": 1585624613.705622}, "device": "cpu", "nd_range": {"device_start": 2292387.895256785, "device_end": 2292387.911002884}, "cmdq": 1, "read": {"device_start": -1, "device_end": -1}}, "FFC_sans_bias13": {"write": {"device_start": -1, "host_queued_start": 1585624613.692313, "device_queued": -1, "device_end": -1, "host_queued_end": 1585624613.705622}, "device": "cpu", "nd_range": {"device_start": 2292387.988336654, "device_end": 2292387.99706585}, "cmdq": 1, "read": {"device_start": -1, "device_end": -1}}, "FFC_sans_bias15": {"write": {"device_start": -1, "host_queued_start": 1585624613.696726, "device_queued": -1, "device_end": -1, "host_queued_end": 1585624613.705622}, "device": "cpu", "nd_range": {"device_start": 2292388.013249337, "device_end": 2292388.0287433104}, "cmdq": 0, "read": {"device_start": -1, "device_end": -1}}, "FFC_sans_bias16": {"write": {"device_start": -1, "host_queued_start": 1585624613.700522, "device_queued": -1, "device_end": -1, "host_queued_end": 1585624613.705622}, "device": "cpu", "nd_range": {"device_start": 2292388.0291834953, "device_end": 2292388.0383045073}, "cmdq": 2, "read": {"device_start": -1, "device_end": -1}}, "FFC_sans_bias19": {"write": {"device_start": -1, "host_queued_start": 1585624613.675403, "device_queued": -1, "device_end": -1, "host_queued_end": 1585624613.705622}, "device": "cpu", "nd_range": {"device_start": 2292387.911096802, "device_end": 2292387.926417023}, "cmdq": 4, "read": {"device_start": -1, "device_end": -1}}, "FFC_sans_bias18": {"write": {"device_start": -1, "host_queued_start": 1585624613.674233, "device_queued": -1, "device_end": -1, "host_queued_end": 1585624613.705622}, "device": "cpu", "nd_range": {"device_start": 2292387.911821591, "device_end": 2292387.927135946}, "cmdq": 3, "read": {"device_start": -1, "device_end": -1}}, "FFC_sans_bias91": {"write": {"device_start": 1585624547.1898324, "host_queued_start": 1585624613.648832, "device_queued": 1585624547.1878245, "device_end": 1585624547.1898649, "host_queued_end": 1585624613.65898}, "device": "gpu", "nd_range": {"device_start": 1585624547.189868, "device_end": 1585624547.192132}, "cmdq": 4, "read": {"device_start": -1, "device_end": -1}}, "FFC_sans_bias90": {"write": {"device_start": 1585624547.189349, "host_queued_start": 1585624613.647791, "device_queued": 1585624547.1877863, "device_end": 1585624547.1893804, "host_queued_end": 1585624613.65898}, "device": "gpu", "nd_range": {"device_start": 1585624547.1893866, "device_end": 1585624547.191694}, "cmdq": 3, "read": {"device_start": -1, "device_end": -1}}, "coalesced_transpose12": {"write": {"device_start": -1, "host_queued_start": 1585624613.689952, "device_queued": -1, "device_end": -1, "host_queued_end": 1585624613.705622}, "device": "cpu", "nd_range": {"device_start": 2292387.957438445, "device_end": 2292387.9576931843}, "cmdq": 4, "read": {"device_start": -1, "device_end": -1}}, "FFC_sans_bias94": {"write": {"device_start": -1, "host_queued_start": 1585624613.652403, "device_queued": -1, "device_end": -1, "host_queued_end": 1585624613.65898}, "device": "gpu", "nd_range": {"device_start": 1585624547.192668, "device_end": 1585624547.1946313}, "cmdq": 3, "read": {"device_start": -1, "device_end": -1}}, "FFC_sans_bias97": {"write": {"device_start": 1585624547.1972136, "host_queued_start": 1585624613.658869, "device_queued": 1585624547.1896167, "device_end": 1585624547.197246, "host_queued_end": 1585624613.65898}, "device": "gpu", "nd_range": {"device_start": 1585624547.1972566, "device_end": 1585624547.199019}, "cmdq": 0, "read": {"device_start": 1585624547.1990223, "device_end": 1585624547.199045}}, "FFC_sans_bias96": {"write": {"device_start": -1, "host_queued_start": 1585624613.654655, "device_queued": -1, "device_end": -1, "host_queued_end": 1585624613.65898}, "device": "gpu", "nd_range": {"device_start": 1585624547.195058, "device_end": 1585624547.1956732}, "cmdq": 1, "read": {"device_start": -1, "device_end": -1}}, "softmax32": {"write": {"device_start": -1, "host_queued_start": 1585624613.695142, "device_queued": -1, "device_end": -1, "host_queued_end": 1585624613.705622}, "device": "cpu", "nd_range": {"device_start": 2292388.013014993, "device_end": 2292388.013228124}, "cmdq": 0, "read": {"device_start": -1, "device_end": -1}}, "coalesced_transpose84": {"write": {"device_start": -1, "host_queued_start": 1585624613.650835, "device_queued": -1, "device_end": -1, "host_queued_end": 1585624613.65898}, "device": "gpu", "nd_range": {"device_start": 1585624547.191702, "device_end": 1585624547.1925397}, "cmdq": 3, "read": {"device_start": -1, "device_end": -1}}, "empty98": {"write": {"device_start": 1585624547.1864994, "host_queued_start": 1585624613.636956, "device_queued": 1585624547.1862752, "device_end": 1585624547.1865256, "host_queued_end": 1585624613.65898}, "device": "gpu", "nd_range": {"device_start": 1585624547.186682, "device_end": 1585624547.1866872}, "cmdq": 3, "read": {"device_start": -1, "device_end": -1}}, "empty17": {"write": {"device_start": -1, "host_queued_start": 1585624613.661677, "device_queued": -1, "device_end": -1, "host_queued_end": 1585624613.705622}, "device": "cpu", "nd_range": {"device_start": 2292387.895241966, "device_end": 2292387.895242663}, "cmdq": 1, "read": {"device_start": -1, "device_end": -1}}, "FFC_sans_bias87": {"write": {"device_start": -1, "host_queued_start": 1585624613.654337, "device_queued": -1, "device_end": -1, "host_queued_end": 1585624613.65898}, "device": "gpu", "nd_range": {"device_start": 1585624547.1950855, "device_end": 1585624547.1970704}, "cmdq": 0, "read": {"device_start": -1, "device_end": -1}}, "FFC_sans_bias85": {"write": {"device_start": -1, "host_queued_start": 1585624613.652087, "device_queued": -1, "device_end": -1, "host_queued_end": 1585624613.65898}, "device": "gpu", "nd_range": {"device_start": 1585624547.192659, "device_end": 1585624547.1942117}, "cmdq": 2, "read": {"device_start": -1, "device_end": -1}}, "FFC_sans_bias82": {"write": {"device_start": 1585624547.1884506, "host_queued_start": 1585624613.64562, "device_queued": 1585624547.187628, "device_end": 1585624547.1884809, "host_queued_end": 1585624613.65898}, "device": "gpu", "nd_range": {"device_start": 1585624547.188485, "device_end": 1585624547.190728}, "cmdq": 1, "read": {"device_start": -1, "device_end": -1}}, "FFC_sans_bias83": {"write": {"device_start": 1585624547.188869, "host_queued_start": 1585624613.646743, "device_queued": 1585624547.1876538, "device_end": 1585624547.1888988, "host_queued_end": 1585624613.65898}, "device": "gpu", "nd_range": {"device_start": 1585624547.1889026, "device_end": 1585624547.191169}, "cmdq": 2, "read": {"device_start": -1, "device_end": -1}}, "FFC_sans_bias81": {"write": {"device_start": 1585624547.1878836, "host_queued_start": 1585624613.644558, "device_queued": 1585624547.187567, "device_end": 1585624547.1879144, "host_queued_end": 1585624613.65898}, "device": "gpu", "nd_range": {"device_start": 1585624547.1879232, "device_end": 1585624547.190208}, "cmdq": 0, "read": {"device_start": -1, "device_end": -1}}, "FFC_sans_bias88": {"write": {"device_start": 1585624547.1967618, "host_queued_start": 1585624613.657798, "device_queued": 1585624547.1892753, "device_end": 1585624547.196791, "host_queued_end": 1585624613.65898}, "device": "gpu", "nd_range": {"device_start": 1585624547.1970882, "device_end": 1585624547.1985226}, "cmdq": 4, "read": {"device_start": 1585624547.1985312, "device_end": 1585624547.1985543}}, "coalesced_transpose30": {"write": {"device_start": -1, "host_queued_start": 1585624613.69063, "device_queued": -1, "device_end": -1, "host_queued_end": 1585624613.705622}, "device": "cpu", "nd_range": {"device_start": 2292387.987957409, "device_end": 2292387.98820373}, "cmdq": 1, "read": {"device_start": -1, "device_end": -1}}, "coalesced_transpose39": {"write": {"device_start": -1, "host_queued_start": 1585624613.690964, "device_queued": -1, "device_end": -1, "host_queued_end": 1585624613.705622}, "device": "cpu", "nd_range": {"device_start": 2292388.005081964, "device_end": 2292388.0053353934}, "cmdq": 2, "read": {"device_start": -1, "device_end": -1}}, "FFC_sans_bias79": {"write": {"device_start": 1585624547.1962118, "host_queued_start": 1585624613.656751, "device_queued": 1585624547.1892369, "device_end": 1585624547.196242, "host_queued_end": 1585624613.65898}, "device": "gpu", "nd_range": {"device_start": 1585624547.1966393, "device_end": 1585624547.1980517}, "cmdq": 3, "read": {"device_start": 1585624547.1980612, "device_end": 1585624547.1980858}}, "FFC_sans_bias78": {"write": {"device_start": -1, "host_queued_start": 1585624613.654023, "device_queued": -1, "device_end": -1, "host_queued_end": 1585624613.65898}, "device": "gpu", "nd_range": {"device_start": 1585624547.195079, "device_end": 1585624547.1966326}, "cmdq": 4, "read": {"device_start": -1, "device_end": -1}}, "FFC_sans_bias73": {"write": {"device_start": 1585624547.1872416, "host_queued_start": 1585624613.642422, "device_queued": 1585624547.18699, "device_end": 1585624547.1872733, "host_queued_end": 1585624613.65898}, "device": "gpu", "nd_range": {"device_start": 1585624547.1873896, "device_end": 1585624547.1892543}, "cmdq": 3, "read": {"device_start": -1, "device_end": -1}}, "FFC_sans_bias72": {"write": {"device_start": 1585624547.1871433, "host_queued_start": 1585624613.641363, "device_queued": 1585624547.1869693, "device_end": 1585624547.1872056, "host_queued_end": 1585624613.65898}, "device": "gpu", "nd_range": {"device_start": 1585624547.1873622, "device_end": 1585624547.1887424}, "cmdq": 2, "read": {"device_start": -1, "device_end": -1}}, "FFC_sans_bias70": {"write": {"device_start": 1585624547.194972, "host_queued_start": 1585624613.655682, "device_queued": 1585624547.1890845, "device_end": 1585624547.195003, "host_queued_end": 1585624613.65898}, "device": "gpu", "nd_range": {"device_start": 1585624547.196098, "device_end": 1585624547.1975663}, "cmdq": 2, "read": {"device_start": 1585624547.1975837, "device_end": 1585624547.1976075}}, "FFC_sans_bias76": {"write": {"device_start": -1, "host_queued_start": 1585624613.651774, "device_queued": -1, "device_end": -1, "host_queued_end": 1585624613.65898}, "device": "gpu", "nd_range": {"device_start": 1585624547.1926482, "device_end": 1585624547.1936476}, "cmdq": 1, "read": {"device_start": -1, "device_end": -1}}, "FFC_sans_bias74": {"write": {"device_start": 1585624547.1874733, "host_queued_start": 1585624613.643515, "device_queued": 1585624547.1870108, "device_end": 1585624547.187503, "host_queued_end": 1585624613.65898}, "device": "gpu", "nd_range": {"device_start": 1585624547.1875083, "device_end": 1585624547.189743}, "cmdq": 4, "read": {"device_start": -1, "device_end": -1}}, "coalesced_transpose3": {"write": {"device_start": -1, "host_queued_start": 1585624613.68962, "device_queued": -1, "device_end": -1, "host_queued_end": 1585624613.705622}, "device": "cpu", "nd_range": {"device_start": 2292387.9593415014, "device_end": 2292387.9596201093}, "cmdq": 3, "read": {"device_start": -1, "device_end": -1}}, "empty89": {"write": {"device_start": 1585624547.1864026, "host_queued_start": 1585624613.636119, "device_queued": 1585624547.1862493, "device_end": 1585624547.1864579, "host_queued_end": 1585624613.65898}, "device": "gpu", "nd_range": {"device_start": 1585624547.1866655, "device_end": 1585624547.1866698}, "cmdq": 2, "read": {"device_start": -1, "device_end": -1}}, "empty80": {"write": {"device_start": 1585624547.1863115, "host_queued_start": 1585624613.635277, "device_queued": 1585624547.18622, "device_end": 1585624547.1863608, "host_queued_end": 1585624613.65898}, "device": "gpu", "nd_range": {"device_start": 1585624547.1866405, "device_end": 1585624547.186652}, "cmdq": 1, "read": {"device_start": -1, "device_end": -1}}, "coalesced_transpose21": {"write": {"device_start": -1, "host_queued_start": 1585624613.690284, "device_queued": -1, "device_end": -1, "host_queued_end": 1585624613.705622}, "device": "cpu", "nd_range": {"device_start": 2292387.969188706, "device_end": 2292387.969445779}, "cmdq": 0, "read": {"device_start": -1, "device_end": -1}}, "softmax14": {"write": {"device_start": -1, "host_queued_start": 1585624613.694591, "device_queued": -1, "device_end": -1, "host_queued_end": 1585624613.705622}, "device": "cpu", "nd_range": {"device_start": 2292388.009191009, "device_end": 2292388.0094139213}, "cmdq": 3, "read": {"device_start": -1, "device_end": -1}}, "FFC_sans_bias69": {"write": {"device_start": -1, "host_queued_start": 1585624613.653704, "device_queued": -1, "device_end": -1, "host_queued_end": 1585624613.65898}, "device": "gpu", "nd_range": {"device_start": 1585624547.1950717, "device_end": 1585624547.1960819}, "cmdq": 3, "read": {"device_start": -1, "device_end": -1}}, "FFC_sans_bias92": {"write": {"device_start": 1585624547.190336, "host_queued_start": 1585624613.649874, "device_queued": 1585624547.1881313, "device_end": 1585624547.190368, "host_queued_end": 1585624613.65898}, "device": "gpu", "nd_range": {"device_start": 1585624547.1903756, "device_end": 1585624547.1926293}, "cmdq": 0, "read": {"device_start": -1, "device_end": -1}}, "FFC_sans_bias60": {"write": {"device_start": -1, "host_queued_start": 1585624613.698461, "device_queued": -1, "device_end": -1, "host_queued_end": 1585624613.705622}, "device": "cpu", "nd_range": {"device_start": 2292388.0390253384, "device_end": 2292388.054467219}, "cmdq": 0, "read": {"device_start": -1, "device_end": -1}}, "FFC_sans_bias61": {"write": {"device_start": -1, "host_queued_start": 1585624613.705576, "device_queued": -1, "device_end": -1, "host_queued_end": 1585624613.705622}, "device": "cpu", "nd_range": {"device_start": 2292388.068647839, "device_end": 2292388.079559192}, "cmdq": 2, "read": {"device_start": -1, "device_end": -1}}, "FFC_sans_bias63": {"write": {"device_start": 1585624547.1870465, "host_queued_start": 1585624613.640323, "device_queued": 1585624547.186942, "device_end": 1585624547.1871138, "host_queued_end": 1585624613.65898}, "device": "gpu", "nd_range": {"device_start": 1585624547.1873226, "device_end": 1585624547.1882973}, "cmdq": 1, "read": {"device_start": -1, "device_end": -1}}, "FFC_sans_bias64": {"write": {"device_start": 1585624547.186695, "host_queued_start": 1585624613.637955, "device_queued": 1585624547.1865933, "device_end": 1585624547.1867254, "host_queued_end": 1585624613.65898}, "device": "gpu", "nd_range": {"device_start": 1585624547.1867285, "device_end": 1585624547.1873353}, "cmdq": 4, "read": {"device_start": -1, "device_end": -1}}, "FFC_sans_bias65": {"write": {"device_start": 1585624547.1868424, "host_queued_start": 1585624613.639106, "device_queued": 1585624547.1867363, "device_end": 1585624547.1868744, "host_queued_end": 1585624613.65898}, "device": "gpu", "nd_range": {"device_start": 1585624547.1868775, "device_end": 1585624547.1877406}, "cmdq": 0, "read": {"device_start": -1, "device_end": -1}}, "FFC_sans_bias67": {"write": {"device_start": -1, "host_queued_start": 1585624613.651458, "device_queued": -1, "device_end": -1, "host_queued_end": 1585624613.65898}, "device": "gpu", "nd_range": {"device_start": 1585624547.1926377, "device_end": 1585624547.1932504}, "cmdq": 0, "read": {"device_start": -1, "device_end": -1}}, "softmax68": {"write": {"device_start": -1, "host_queued_start": 1585624613.652655, "device_queued": -1, "device_end": -1, "host_queued_end": 1585624613.65898}, "device": "gpu", "nd_range": {"device_start": 1585624547.1932633, "device_end": 1585624547.195041}, "cmdq": 4, "read": {"device_start": -1, "device_end": -1}}, "empty35": {"write": {"device_start": -1, "host_queued_start": 1585624613.66394, "device_queued": -1, "device_end": -1, "host_queued_end": 1585624613.705622}, "device": "cpu", "nd_range": {"device_start": 2292387.895573142, "device_end": 2292387.8955767923}, "cmdq": 3, "read": {"device_start": -1, "device_end": -1}}, "softmax86": {"write": {"device_start": -1, "host_queued_start": 1585624613.653151, "device_queued": -1, "device_end": -1, "host_queued_end": 1585624613.65898}, "device": "gpu", "nd_range": {"device_start": 1585624547.1942234, "device_end": 1585624547.1950514}, "cmdq": 1, "read": {"device_start": -1, "device_end": -1}}, "FFC_sans_bias55": {"write": {"device_start": -1, "host_queued_start": 1585624613.689275, "device_queued": -1, "device_end": -1, "host_queued_end": 1585624613.705622}, "device": "cpu", "nd_range": {"device_start": 2292387.9985641884, "device_end": 2292388.005061324}, "cmdq": 2, "read": {"device_start": -1, "device_end": -1}}, "FFC_sans_bias54": {"write": {"device_start": -1, "host_queued_start": 1585624613.688227, "device_queued": -1, "device_end": -1, "host_queued_end": 1585624613.705622}, "device": "cpu", "nd_range": {"device_start": 2292387.964347816, "device_end": 2292387.979820611}, "cmdq": 1, "read": {"device_start": -1, "device_end": -1}}, "FFC_sans_bias56": {"write": {"device_start": -1, "host_queued_start": 1585624613.687177, "device_queued": -1, "device_end": -1, "host_queued_end": 1585624613.705622}, "device": "cpu", "nd_range": {"device_start": 2292387.957248061, "device_end": 2292387.969070774}, "cmdq": 0, "read": {"device_start": -1, "device_end": -1}}, "FFC_sans_bias51": {"write": {"device_start": -1, "host_queued_start": 1585624613.698114, "device_queued": -1, "device_end": -1, "host_queued_end": 1585624613.705622}, "device": "cpu", "nd_range": {"device_start": 2292388.0446335343, "device_end": 2292388.0598621913}, "cmdq": 4, "read": {"device_start": -1, "device_end": -1}}, "FFC_sans_bias52": {"write": {"device_start": -1, "host_queued_start": 1585624613.704538, "device_queued": -1, "device_end": -1, "host_queued_end": 1585624613.705622}, "device": "cpu", "nd_range": {"device_start": 2292388.074910019, "device_end": 2292388.087143014}, "cmdq": 1, "read": {"device_start": -1, "device_end": -1}}, "FFC_sans_bias58": {"write": {"device_start": -1, "host_queued_start": 1585624613.694032, "device_queued": -1, "device_end": -1, "host_queued_end": 1585624613.705622}, "device": "cpu", "nd_range": {"device_start": 2292388.0094207153, "device_end": 2292388.0302776974}, "cmdq": 1, "read": {"device_start": -1, "device_end": -1}}, "softmax95": {"write": {"device_start": -1, "host_queued_start": 1585624613.653397, "device_queued": -1, "device_end": -1, "host_queued_end": 1585624613.65898}, "device": "gpu", "nd_range": {"device_start": 1585624547.1946447, "device_end": 1585624547.1948378}, "cmdq": 2, "read": {"device_start": -1, "device_end": -1}}, "coalesced_transpose57": {"write": {"device_start": -1, "host_queued_start": 1585624613.691625, "device_queued": -1, "device_end": -1, "host_queued_end": 1585624613.705622}, "device": "cpu", "nd_range": {"device_start": 2292388.0051061613, "device_end": 2292388.005314414}, "cmdq": 4, "read": {"device_start": -1, "device_end": -1}}, "empty26": {"write": {"device_start": -1, "host_queued_start": 1585624613.662847, "device_queued": -1, "device_end": -1, "host_queued_end": 1585624613.705622}, "device": "cpu", "nd_range": {"device_start": 2292387.8952410934, "device_end": 2292387.895245729}, "cmdq": 2, "read": {"device_start": -1, "device_end": -1}}, "FFC_sans_bias11": {"write": {"device_start": -1, "host_queued_start": 1585624613.67318, "device_queued": -1, "device_end": -1, "host_queued_end": 1585624613.705622}, "device": "cpu", "nd_range": {"device_start": 2292387.957807429, "device_end": 2292387.971170398}, "cmdq": 2, "read": {"device_start": -1, "device_end": -1}}, "FFC_sans_bias42": {"write": {"device_start": -1, "host_queued_start": 1585624613.697769, "device_queued": -1, "device_end": -1, "host_queued_end": 1585624613.705622}, "device": "cpu", "nd_range": {"device_start": 2292388.038074938, "device_end": 2292388.0533384522}, "cmdq": 3, "read": {"device_start": -1, "device_end": -1}}, "FFC_sans_bias43": {"write": {"device_start": -1, "host_queued_start": 1585624613.703535, "device_queued": -1, "device_end": -1, "host_queued_end": 1585624613.705622}, "device": "cpu", "nd_range": {"device_start": 2292388.0545883994, "device_end": 2292388.070885337}, "cmdq": 0, "read": {"device_start": -1, "device_end": -1}}, "FFC_sans_bias40": {"write": {"device_start": -1, "host_queued_start": 1585624613.693349, "device_queued": -1, "device_end": -1, "host_queued_end": 1585624613.705622}, "device": "cpu", "nd_range": {"device_start": 2292388.005366579, "device_end": 2292388.02162928}, "cmdq": 4, "read": {"device_start": -1, "device_end": -1}}, "FFC_sans_bias46": {"write": {"device_start": -1, "host_queued_start": 1585624613.685022, "device_queued": -1, "device_end": -1, "host_queued_end": 1585624613.705622}, "device": "cpu", "nd_range": {"device_start": 2292387.943098719, "device_end": 2292387.959334379}, "cmdq": 3, "read": {"device_start": -1, "device_end": -1}}, "FFC_sans_bias47": {"write": {"device_start": -1, "host_queued_start": 1585624613.686108, "device_queued": -1, "device_end": -1, "host_queued_end": 1585624613.705622}, "device": "cpu", "nd_range": {"device_start": 2292387.941842174, "device_end": 2292387.957210863}, "cmdq": 4, "read": {"device_start": -1, "device_end": -1}}, "FFC_sans_bias45": {"write": {"device_start": -1, "host_queued_start": 1585624613.683963, "device_queued": -1, "device_end": -1, "host_queued_end": 1585624613.705622}, "device": "cpu", "nd_range": {"device_start": 2292387.983294297, "device_end": 2292387.998557114}, "cmdq": 2, "read": {"device_start": -1, "device_end": -1}}, "FFC_sans_bias49": {"write": {"device_start": -1, "host_queued_start": 1585624613.693691, "device_queued": -1, "device_end": -1, "host_queued_end": 1585624613.705622}, "device": "cpu", "nd_range": {"device_start": 2292387.982144075, "device_end": 2292387.99773753}, "cmdq": 0, "read": {"device_start": -1, "device_end": -1}}, "softmax77": {"write": {"device_start": -1, "host_queued_start": 1585624613.652904, "device_queued": -1, "device_end": -1, "host_queued_end": 1585624613.65898}, "device": "gpu", "nd_range": {"device_start": 1585624547.1936622, "device_end": 1585624547.195043}, "cmdq": 0, "read": {"device_start": -1, "device_end": -1}}, "softmax5": {"write": {"device_start": -1, "host_queued_start": 1585624613.694309, "device_queued": -1, "device_end": -1, "host_queued_end": 1585624613.705622}, "device": "cpu", "nd_range": {"device_start": 2292388.0132814953, "device_end": 2292388.013500613}, "cmdq": 2, "read": {"device_start": -1, "device_end": -1}}, "empty53": {"write": {"device_start": -1, "host_queued_start": 1585624613.665627, "device_queued": -1, "device_end": -1, "host_queued_end": 1585624613.705622}, "device": "cpu", "nd_range": {"device_start": 2292387.895235413, "device_end": 2292387.895236621}, "cmdq": 0, "read": {"device_start": -1, "device_end": -1}}, "coalesced_transpose48": {"write": {"device_start": -1, "host_queued_start": 1585624613.691298, "device_queued": -1, "device_end": -1, "host_queued_end": 1585624613.705622}, "device": "cpu", "nd_range": {"device_start": 2292387.959627903, "device_end": 2292387.959882047}, "cmdq": 3, "read": {"device_start": -1, "device_end": -1}}}