{"FFC_sans_bias4": {"write": {"device_start": -1, "host_queued_start": 1585624175.492819, "device_queued": -1, "device_end": -1, "host_queued_end": 1585624175.514888}, "device": "cpu", "nd_range": {"device_start": 2291949.851290105, "device_end": 2291949.8613472143}, "cmdq": 1, "read": {"device_start": -1, "device_end": -1}}, "FFC_sans_bias7": {"write": {"device_start": -1, "host_queued_start": 1585624175.504686, "device_queued": -1, "device_end": -1, "host_queued_end": 1585624175.514888}, "device": "cpu", "nd_range": {"device_start": 2291949.940921102, "device_end": 2291949.947108021}, "cmdq": 0, "read": {"device_start": -1, "device_end": -1}}, "FFC_sans_bias6": {"write": {"device_start": -1, "host_queued_start": 1585624175.499997, "device_queued": -1, "device_end": -1, "host_queued_end": 1585624175.514888}, "device": "cpu", "nd_range": {"device_start": 2291949.90657863, "device_end": 2291949.9197807903}, "cmdq": 1, "read": {"device_start": -1, "device_end": -1}}, "FFC_sans_bias1": {"write": {"device_start": -1, "host_queued_start": 1585624175.455269, "device_queued": -1, "device_end": -1, "host_queued_end": 1585624175.514888}, "device": "cpu", "nd_range": {"device_start": 2291949.7046063542, "device_end": 2291949.7114985683}, "cmdq": 0, "read": {"device_start": -1, "device_end": -1}}, "FFC_sans_bias0": {"write": {"device_start": -1, "host_queued_start": 1585624175.454181, "device_queued": -1, "device_end": -1, "host_queued_end": 1585624175.514888}, "device": "cpu", "nd_range": {"device_start": 2291949.70459915, "device_end": 2291949.713863011}, "cmdq": 1, "read": {"device_start": -1, "device_end": -1}}, "FFC_sans_bias2": {"write": {"device_start": -1, "host_queued_start": 1585624175.456343, "device_queued": -1, "device_end": -1, "host_queued_end": 1585624175.514888}, "device": "cpu", "nd_range": {"device_start": 2291949.7148253634, "device_end": 2291949.7210538923}, "cmdq": 1, "read": {"device_start": -1, "device_end": -1}}, "FFC_sans_bias9": {"write": {"device_start": -1, "host_queued_start": 1585624175.457407, "device_queued": -1, "device_end": -1, "host_queued_end": 1585624175.514888}, "device": "cpu", "nd_range": {"device_start": 2291949.711731768, "device_end": 2291949.71936836}, "cmdq": 0, "read": {"device_start": -1, "device_end": -1}}, "empty71": {"write": {"device_start": -1, "host_queued_start": 1585624175.450485, "device_queued": -1, "device_end": -1, "host_queued_end": 1585624175.514888}, "device": "cpu", "nd_range": {"device_start": 2291949.7045873944, "device_end": 2291949.7045879173}, "cmdq": 1, "read": {"device_start": -1, "device_end": -1}}, "softmax41": {"write": {"device_start": -1, "host_queued_start": 1585624175.497906, "device_queued": -1, "device_end": -1, "host_queued_end": 1585624175.514888}, "device": "cpu", "nd_range": {"device_start": 2291949.8872318803, "device_end": 2291949.887441039}, "cmdq": 0, "read": {"device_start": -1, "device_end": -1}}, "FFC_sans_bias37": {"write": {"device_start": -1, "host_queued_start": 1585624175.468175, "device_queued": -1, "device_end": -1, "host_queued_end": 1585624175.514888}, "device": "cpu", "nd_range": {"device_start": 2291949.761981976, "device_end": 2291949.771016463}, "cmdq": 0, "read": {"device_start": -1, "device_end": -1}}, "FFC_sans_bias36": {"write": {"device_start": -1, "host_queued_start": 1585624175.467089, "device_queued": -1, "device_end": -1, "host_queued_end": 1585624175.514888}, "device": "cpu", "nd_range": {"device_start": 2291949.75084483, "device_end": 2291949.760321829}, "cmdq": 1, "read": {"device_start": -1, "device_end": -1}}, "FFC_sans_bias34": {"write": {"device_start": -1, "host_queued_start": 1585624175.507743, "device_queued": -1, "device_end": -1, "host_queued_end": 1585624175.514888}, "device": "cpu", "nd_range": {"device_start": 2291949.985028582, "device_end": 2291949.98933752}, "cmdq": 1, "read": {"device_start": -1, "device_end": -1}}, "FFC_sans_bias33": {"write": {"device_start": -1, "host_queued_start": 1585624175.501098, "device_queued": -1, "device_end": -1, "host_queued_end": 1585624175.514888}, "device": "cpu", "nd_range": {"device_start": 2291949.912849118, "device_end": 2291949.918804102}, "cmdq": 0, "read": {"device_start": -1, "device_end": -1}}, "FFC_sans_bias31": {"write": {"device_start": -1, "host_queued_start": 1585624175.493923, "device_queued": -1, "device_end": -1, "host_queued_end": 1585624175.514888}, "device": "cpu", "nd_range": {"device_start": 2291949.8586198473, "device_end": 2291949.866757444}, "cmdq": 0, "read": {"device_start": -1, "device_end": -1}}, "FFC_sans_bias38": {"write": {"device_start": -1, "host_queued_start": 1585624175.469251, "device_queued": -1, "device_end": -1, "host_queued_end": 1585624175.514888}, "device": "cpu", "nd_range": {"device_start": 2291949.7604409503, "device_end": 2291949.7675787453}, "cmdq": 1, "read": {"device_start": -1, "device_end": -1}}, "coalesced_transpose75": {"write": {"device_start": -1, "host_queued_start": 1585624175.491765, "device_queued": -1, "device_end": -1, "host_queued_end": 1585624175.514888}, "device": "cpu", "nd_range": {"device_start": 2291949.847650804, "device_end": 2291949.847897776}, "cmdq": 0, "read": {"device_start": -1, "device_end": -1}}, "empty44": {"write": {"device_start": -1, "host_queued_start": 1585624175.448055, "device_queued": -1, "device_end": -1, "host_queued_end": 1585624175.514888}, "device": "cpu", "nd_range": {"device_start": 2291949.704583125, "device_end": 2291949.704583785}, "cmdq": 0, "read": {"device_start": -1, "device_end": -1}}, "empty8": {"write": {"device_start": -1, "host_queued_start": 1585624175.444514, "device_queued": -1, "device_end": -1, "host_queued_end": 1585624175.514888}, "device": "cpu", "nd_range": {"device_start": 2291949.704540157, "device_end": 2291949.704551834}, "cmdq": 0, "read": {"device_start": -1, "device_end": -1}}, "softmax50": {"write": {"device_start": -1, "host_queued_start": 1585624175.498188, "device_queued": -1, "device_end": -1, "host_queued_end": 1585624175.514888}, "device": "cpu", "nd_range": {"device_start": 2291949.905625307, "device_end": 2291949.905838178}, "cmdq": 1, "read": {"device_start": -1, "device_end": -1}}, "softmax59": {"write": {"device_start": -1, "host_queued_start": 1585624175.498464, "device_queued": -1, "device_end": -1, "host_queued_end": 1585624175.514888}, "device": "cpu", "nd_range": {"device_start": 2291949.894792124, "device_end": 2291949.89584119}, "cmdq": 0, "read": {"device_start": -1, "device_end": -1}}, "FFC_sans_bias24": {"write": {"device_start": -1, "host_queued_start": 1585624175.500732, "device_queued": -1, "device_end": -1, "host_queued_end": 1585624175.514888}, "device": "cpu", "nd_range": {"device_start": 2291949.919894466, "device_end": 2291949.930931914}, "cmdq": 1, "read": {"device_start": -1, "device_end": -1}}, "FFC_sans_bias25": {"write": {"device_start": -1, "host_queued_start": 1585624175.506719, "device_queued": -1, "device_end": -1, "host_queued_end": 1585624175.514888}, "device": "cpu", "nd_range": {"device_start": 2291949.9471122953, "device_end": 2291949.960236958}, "cmdq": 0, "read": {"device_start": -1, "device_end": -1}}, "FFC_sans_bias27": {"write": {"device_start": -1, "host_queued_start": 1585624175.46384, "device_queued": -1, "device_end": -1, "host_queued_end": 1585624175.514888}, "device": "cpu", "nd_range": {"device_start": 2291949.7467925283, "device_end": 2291949.752963732}, "cmdq": 0, "read": {"device_start": -1, "device_end": -1}}, "FFC_sans_bias20": {"write": {"device_start": -1, "host_queued_start": 1585624175.462765, "device_queued": -1, "device_end": -1, "host_queued_end": 1585624175.514888}, "device": "cpu", "nd_range": {"device_start": 2291949.7346940623, "device_end": 2291949.743000574}, "cmdq": 1, "read": {"device_start": -1, "device_end": -1}}, "FFC_sans_bias22": {"write": {"device_start": -1, "host_queued_start": 1585624175.493544, "device_queued": -1, "device_end": -1, "host_queued_end": 1585624175.514888}, "device": "cpu", "nd_range": {"device_start": 2291949.861460003, "device_end": 2291949.869869917}, "cmdq": 1, "read": {"device_start": -1, "device_end": -1}}, "FFC_sans_bias28": {"write": {"device_start": -1, "host_queued_start": 1585624175.464907, "device_queued": -1, "device_end": -1, "host_queued_end": 1585624175.514888}, "device": "cpu", "nd_range": {"device_start": 2291949.7431189884, "device_end": 2291949.7507265112}, "cmdq": 1, "read": {"device_start": -1, "device_end": -1}}, "FFC_sans_bias29": {"write": {"device_start": -1, "host_queued_start": 1585624175.465991, "device_queued": -1, "device_end": -1, "host_queued_end": 1585624175.514888}, "device": "cpu", "nd_range": {"device_start": 2291949.753089384, "device_end": 2291949.76186574}, "cmdq": 0, "read": {"device_start": -1, "device_end": -1}}, "coalesced_transpose66": {"write": {"device_start": -1, "host_queued_start": 1585624175.491422, "device_queued": -1, "device_end": -1, "host_queued_end": 1585624175.514888}, "device": "cpu", "nd_range": {"device_start": 2291949.850581395, "device_end": 2291949.850830391}, "cmdq": 1, "read": {"device_start": -1, "device_end": -1}}, "coalesced_transpose93": {"write": {"device_start": -1, "host_queued_start": 1585624175.492463, "device_queued": -1, "device_end": -1, "host_queued_end": 1585624175.514888}, "device": "cpu", "nd_range": {"device_start": 2291949.848011415, "device_end": 2291949.848250301}, "cmdq": 0, "read": {"device_start": -1, "device_end": -1}}, "softmax23": {"write": {"device_start": -1, "host_queued_start": 1585624175.497295, "device_queued": -1, "device_end": -1, "host_queued_end": 1585624175.514888}, "device": "cpu", "nd_range": {"device_start": 2291949.886654923, "device_end": 2291949.886781988}, "cmdq": 0, "read": {"device_start": -1, "device_end": -1}}, "empty62": {"write": {"device_start": -1, "host_queued_start": 1585624175.449674, "device_queued": -1, "device_end": -1, "host_queued_end": 1585624175.514888}, "device": "cpu", "nd_range": {"device_start": 2291949.704588194, "device_end": 2291949.704588861}, "cmdq": 0, "read": {"device_start": -1, "device_end": -1}}, "FFC_sans_bias10": {"write": {"device_start": -1, "host_queued_start": 1585624175.458465, "device_queued": -1, "device_end": -1, "host_queued_end": 1585624175.514888}, "device": "cpu", "nd_range": {"device_start": 2291949.72119022, "device_end": 2291949.7273615133}, "cmdq": 1, "read": {"device_start": -1, "device_end": -1}}, "FFC_sans_bias13": {"write": {"device_start": -1, "host_queued_start": 1585624175.493176, "device_queued": -1, "device_end": -1, "host_queued_end": 1585624175.514888}, "device": "cpu", "nd_range": {"device_start": 2291949.8498713183, "device_end": 2291949.8584803683}, "cmdq": 0, "read": {"device_start": -1, "device_end": -1}}, "FFC_sans_bias15": {"write": {"device_start": -1, "host_queued_start": 1585624175.500358, "device_queued": -1, "device_end": -1, "host_queued_end": 1585624175.514888}, "device": "cpu", "nd_range": {"device_start": 2291949.905264688, "device_end": 2291949.9128402323}, "cmdq": 0, "read": {"device_start": -1, "device_end": -1}}, "FFC_sans_bias16": {"write": {"device_start": -1, "host_queued_start": 1585624175.505699, "device_queued": -1, "device_end": -1, "host_queued_end": 1585624175.514888}, "device": "cpu", "nd_range": {"device_start": 2291949.968932475, "device_end": 2291949.985024346}, "cmdq": 1, "read": {"device_start": -1, "device_end": -1}}, "FFC_sans_bias19": {"write": {"device_start": -1, "host_queued_start": 1585624175.461667, "device_queued": -1, "device_end": -1, "host_queued_end": 1585624175.514888}, "device": "cpu", "nd_range": {"device_start": 2291949.734693285, "device_end": 2291949.7404170623}, "cmdq": 0, "read": {"device_start": -1, "device_end": -1}}, "FFC_sans_bias18": {"write": {"device_start": -1, "host_queued_start": 1585624175.460604, "device_queued": -1, "device_end": -1, "host_queued_end": 1585624175.514888}, "device": "cpu", "nd_range": {"device_start": 2291949.727480307, "device_end": 2291949.734686638}, "cmdq": 1, "read": {"device_start": -1, "device_end": -1}}, "FFC_sans_bias91": {"write": {"device_start": -1, "host_queued_start": 1585624175.487492, "device_queued": -1, "device_end": -1, "host_queued_end": 1585624175.514888}, "device": "cpu", "nd_range": {"device_start": 2291949.840170757, "device_end": 2291949.8461178583}, "cmdq": 0, "read": {"device_start": -1, "device_end": -1}}, "FFC_sans_bias90": {"write": {"device_start": -1, "host_queued_start": 1585624175.486418, "device_queued": -1, "device_end": -1, "host_queued_end": 1585624175.514888}, "device": "cpu", "nd_range": {"device_start": 2291949.828396128, "device_end": 2291949.84468691}, "cmdq": 1, "read": {"device_start": -1, "device_end": -1}}, "coalesced_transpose12": {"write": {"device_start": -1, "host_queued_start": 1585624175.489352, "device_queued": -1, "device_end": -1, "host_queued_end": 1585624175.514888}, "device": "cpu", "nd_range": {"device_start": 2291949.849662521, "device_end": 2291949.8497650223}, "cmdq": 1, "read": {"device_start": -1, "device_end": -1}}, "FFC_sans_bias94": {"write": {"device_start": -1, "host_queued_start": 1585624175.496436, "device_queued": -1, "device_end": -1, "host_queued_end": 1585624175.514888}, "device": "cpu", "nd_range": {"device_start": 2291949.898933057, "device_end": 2291949.904940245}, "cmdq": 1, "read": {"device_start": -1, "device_end": -1}}, "FFC_sans_bias97": {"write": {"device_start": -1, "host_queued_start": 1585624175.51484, "device_queued": -1, "device_end": -1, "host_queued_end": 1585624175.514888}, "device": "cpu", "nd_range": {"device_start": 2291949.980465739, "device_end": 2291949.9866771083}, "cmdq": 0, "read": {"device_start": -1, "device_end": -1}}, "FFC_sans_bias96": {"write": {"device_start": -1, "host_queued_start": 1585624175.503616, "device_queued": -1, "device_end": -1, "host_queued_end": 1585624175.514888}, "device": "cpu", "nd_range": {"device_start": 2291949.958802401, "device_end": 2291949.9688036833}, "cmdq": 1, "read": {"device_start": -1, "device_end": -1}}, "softmax32": {"write": {"device_start": -1, "host_queued_start": 1585624175.497621, "device_queued": -1, "device_end": -1, "host_queued_end": 1585624175.514888}, "device": "cpu", "nd_range": {"device_start": 2291949.905280212, "device_end": 2291949.905515269}, "cmdq": 1, "read": {"device_start": -1, "device_end": -1}}, "coalesced_transpose84": {"write": {"device_start": -1, "host_queued_start": 1585624175.492103, "device_queued": -1, "device_end": -1, "host_queued_end": 1585624175.514888}, "device": "cpu", "nd_range": {"device_start": 2291949.850935508, "device_end": 2291949.851186696}, "cmdq": 1, "read": {"device_start": -1, "device_end": -1}}, "empty98": {"write": {"device_start": -1, "host_queued_start": 1585624175.453164, "device_queued": -1, "device_end": -1, "host_queued_end": 1585624175.514888}, "device": "cpu", "nd_range": {"device_start": 2291949.7046004743, "device_end": 2291949.704601143}, "cmdq": 0, "read": {"device_start": -1, "device_end": -1}}, "empty17": {"write": {"device_start": -1, "host_queued_start": 1585624175.44555, "device_queued": -1, "device_end": -1, "host_queued_end": 1585624175.514888}, "device": "cpu", "nd_range": {"device_start": 2291949.704545823, "device_end": 2291949.7045550393}, "cmdq": 1, "read": {"device_start": -1, "device_end": -1}}, "FFC_sans_bias87": {"write": {"device_start": -1, "host_queued_start": 1585624175.50326, "device_queued": -1, "device_end": -1, "host_queued_end": 1585624175.514888}, "device": "cpu", "nd_range": {"device_start": 2291949.933168558, "device_end": 2291949.940914694}, "cmdq": 0, "read": {"device_start": -1, "device_end": -1}}, "FFC_sans_bias85": {"write": {"device_start": -1, "host_queued_start": 1585624175.496086, "device_queued": -1, "device_end": -1, "host_queued_end": 1585624175.514888}, "device": "cpu", "nd_range": {"device_start": 2291949.881260854, "device_end": 2291949.886507512}, "cmdq": 0, "read": {"device_start": -1, "device_end": -1}}, "FFC_sans_bias82": {"write": {"device_start": -1, "host_queued_start": 1585624175.484283, "device_queued": -1, "device_end": -1, "host_queued_end": 1585624175.514888}, "device": "cpu", "nd_range": {"device_start": 2291949.8180230213, "device_end": 2291949.828285084}, "cmdq": 1, "read": {"device_start": -1, "device_end": -1}}, "FFC_sans_bias83": {"write": {"device_start": -1, "host_queued_start": 1585624175.485352, "device_queued": -1, "device_end": -1, "host_queued_end": 1585624175.514888}, "device": "cpu", "nd_range": {"device_start": 2291949.832448191, "device_end": 2291949.8400587454}, "cmdq": 0, "read": {"device_start": -1, "device_end": -1}}, "FFC_sans_bias81": {"write": {"device_start": -1, "host_queued_start": 1585624175.483221, "device_queued": -1, "device_end": -1, "host_queued_end": 1585624175.514888}, "device": "cpu", "nd_range": {"device_start": 2291949.827315579, "device_end": 2291949.8323370763}, "cmdq": 0, "read": {"device_start": -1, "device_end": -1}}, "FFC_sans_bias88": {"write": {"device_start": -1, "host_queued_start": 1585624175.513775, "device_queued": -1, "device_end": -1, "host_queued_end": 1585624175.514888}, "device": "cpu", "nd_range": {"device_start": 2291949.998559617, "device_end": 2291950.0033283653}, "cmdq": 1, "read": {"device_start": -1, "device_end": -1}}, "coalesced_transpose30": {"write": {"device_start": -1, "host_queued_start": 1585624175.490041, "device_queued": -1, "device_end": -1, "host_queued_end": 1585624175.514888}, "device": "cpu", "nd_range": {"device_start": 2291949.849875173, "device_end": 2291949.850125826}, "cmdq": 1, "read": {"device_start": -1, "device_end": -1}}, "coalesced_transpose39": {"write": {"device_start": -1, "host_queued_start": 1585624175.490384, "device_queued": -1, "device_end": -1, "host_queued_end": 1585624175.514888}, "device": "cpu", "nd_range": {"device_start": 2291949.8469458492, "device_end": 2291949.847194219}, "cmdq": 0, "read": {"device_start": -1, "device_end": -1}}, "FFC_sans_bias79": {"write": {"device_start": -1, "host_queued_start": 1585624175.512775, "device_queued": -1, "device_end": -1, "host_queued_end": 1585624175.514888}, "device": "cpu", "nd_range": {"device_start": 2291949.973533696, "device_end": 2291949.980463109}, "cmdq": 0, "read": {"device_start": -1, "device_end": -1}}, "FFC_sans_bias78": {"write": {"device_start": -1, "host_queued_start": 1585624175.5029, "device_queued": -1, "device_end": -1, "host_queued_end": 1585624175.514888}, "device": "cpu", "nd_range": {"device_start": 2291949.9517698553, "device_end": 2291949.958784384}, "cmdq": 1, "read": {"device_start": -1, "device_end": -1}}, "FFC_sans_bias73": {"write": {"device_start": -1, "host_queued_start": 1585624175.481087, "device_queued": -1, "device_end": -1, "host_queued_end": 1585624175.514888}, "device": "cpu", "nd_range": {"device_start": 2291949.819804237, "device_end": 2291949.827203304}, "cmdq": 0, "read": {"device_start": -1, "device_end": -1}}, "FFC_sans_bias72": {"write": {"device_start": -1, "host_queued_start": 1585624175.480024, "device_queued": -1, "device_end": -1, "host_queued_end": 1585624175.514888}, "device": "cpu", "nd_range": {"device_start": 2291949.803250399, "device_end": 2291949.81038026}, "cmdq": 1, "read": {"device_start": -1, "device_end": -1}}, "FFC_sans_bias70": {"write": {"device_start": -1, "host_queued_start": 1585624175.511773, "device_queued": -1, "device_end": -1, "host_queued_end": 1585624175.514888}, "device": "cpu", "nd_range": {"device_start": 2291949.99449516, "device_end": 2291949.998556535}, "cmdq": 1, "read": {"device_start": -1, "device_end": -1}}, "FFC_sans_bias76": {"write": {"device_start": -1, "host_queued_start": 1585624175.495728, "device_queued": -1, "device_end": -1, "host_queued_end": 1585624175.514888}, "device": "cpu", "nd_range": {"device_start": 2291949.894806094, "device_end": 2291949.898810688}, "cmdq": 1, "read": {"device_start": -1, "device_end": -1}}, "FFC_sans_bias74": {"write": {"device_start": -1, "host_queued_start": 1585624175.482157, "device_queued": -1, "device_end": -1, "host_queued_end": 1585624175.514888}, "device": "cpu", "nd_range": {"device_start": 2291949.810490713, "device_end": 2291949.8179131183}, "cmdq": 1, "read": {"device_start": -1, "device_end": -1}}, "coalesced_transpose3": {"write": {"device_start": -1, "host_queued_start": 1585624175.489008, "device_queued": -1, "device_end": -1, "host_queued_end": 1585624175.514888}, "device": "cpu", "nd_range": {"device_start": 2291949.846228398, "device_end": 2291949.8464779193}, "cmdq": 0, "read": {"device_start": -1, "device_end": -1}}, "empty89": {"write": {"device_start": -1, "host_queued_start": 1585624175.452166, "device_queued": -1, "device_end": -1, "host_queued_end": 1585624175.514888}, "device": "cpu", "nd_range": {"device_start": 2291949.704592701, "device_end": 2291949.704593272}, "cmdq": 1, "read": {"device_start": -1, "device_end": -1}}, "empty80": {"write": {"device_start": -1, "host_queued_start": 1585624175.45135, "device_queued": -1, "device_end": -1, "host_queued_end": 1585624175.514888}, "device": "cpu", "nd_range": {"device_start": 2291949.704594478, "device_end": 2291949.70459518}, "cmdq": 0, "read": {"device_start": -1, "device_end": -1}}, "coalesced_transpose21": {"write": {"device_start": -1, "host_queued_start": 1585624175.489695, "device_queued": -1, "device_end": -1, "host_queued_end": 1585624175.514888}, "device": "cpu", "nd_range": {"device_start": 2291949.846586577, "device_end": 2291949.8468347234}, "cmdq": 0, "read": {"device_start": -1, "device_end": -1}}, "softmax14": {"write": {"device_start": -1, "host_queued_start": 1585624175.497011, "device_queued": -1, "device_end": -1, "host_queued_end": 1585624175.514888}, "device": "cpu", "nd_range": {"device_start": 2291949.904961246, "device_end": 2291949.905257489}, "cmdq": 1, "read": {"device_start": -1, "device_end": -1}}, "FFC_sans_bias69": {"write": {"device_start": -1, "host_queued_start": 1585624175.502537, "device_queued": -1, "device_end": -1, "host_queued_end": 1585624175.514888}, "device": "cpu", "nd_range": {"device_start": 2291949.9245447153, "device_end": 2291949.933162326}, "cmdq": 0, "read": {"device_start": -1, "device_end": -1}}, "FFC_sans_bias92": {"write": {"device_start": -1, "host_queued_start": 1585624175.488656, "device_queued": -1, "device_end": -1, "host_queued_end": 1585624175.514888}, "device": "cpu", "nd_range": {"device_start": 2291949.844802134, "device_end": 2291949.8495474523}, "cmdq": 1, "read": {"device_start": -1, "device_end": -1}}, "FFC_sans_bias60": {"write": {"device_start": -1, "host_queued_start": 1585624175.50218, "device_queued": -1, "device_end": -1, "host_queued_end": 1585624175.514888}, "device": "cpu", "nd_range": {"device_start": 2291949.9439830943, "device_end": 2291949.951627897}, "cmdq": 1, "read": {"device_start": -1, "device_end": -1}}, "FFC_sans_bias61": {"write": {"device_start": -1, "host_queued_start": 1585624175.510772, "device_queued": -1, "device_end": -1, "host_queued_end": 1585624175.514888}, "device": "cpu", "nd_range": {"device_start": 2291949.967827688, "device_end": 2291949.9735305333}, "cmdq": 0, "read": {"device_start": -1, "device_end": -1}}, "FFC_sans_bias63": {"write": {"device_start": -1, "host_queued_start": 1585624175.478961, "device_queued": -1, "device_end": -1, "host_queued_end": 1585624175.514888}, "device": "cpu", "nd_range": {"device_start": 2291949.80664168, "device_end": 2291949.819693062}, "cmdq": 0, "read": {"device_start": -1, "device_end": -1}}, "FFC_sans_bias64": {"write": {"device_start": -1, "host_queued_start": 1585624175.476817, "device_queued": -1, "device_end": -1, "host_queued_end": 1585624175.514888}, "device": "cpu", "nd_range": {"device_start": 2291949.798874197, "device_end": 2291949.8065285604}, "cmdq": 0, "read": {"device_start": -1, "device_end": -1}}, "FFC_sans_bias65": {"write": {"device_start": -1, "host_queued_start": 1585624175.47789, "device_queued": -1, "device_end": -1, "host_queued_end": 1585624175.514888}, "device": "cpu", "nd_range": {"device_start": 2291949.7916267663, "device_end": 2291949.803138882}, "cmdq": 1, "read": {"device_start": -1, "device_end": -1}}, "FFC_sans_bias67": {"write": {"device_start": -1, "host_queued_start": 1585624175.495374, "device_queued": -1, "device_end": -1, "host_queued_end": 1585624175.514888}, "device": "cpu", "nd_range": {"device_start": 2291949.874054503, "device_end": 2291949.881253629}, "cmdq": 0, "read": {"device_start": -1, "device_end": -1}}, "softmax68": {"write": {"device_start": -1, "host_queued_start": 1585624175.498744, "device_queued": -1, "device_end": -1, "host_queued_end": 1585624175.514888}, "device": "cpu", "nd_range": {"device_start": 2291949.905948492, "device_end": 2291949.906159534}, "cmdq": 1, "read": {"device_start": -1, "device_end": -1}}, "empty35": {"write": {"device_start": -1, "host_queued_start": 1585624175.447242, "device_queued": -1, "device_end": -1, "host_queued_end": 1585624175.514888}, "device": "cpu", "nd_range": {"device_start": 2291949.704575596, "device_end": 2291949.7045766343}, "cmdq": 1, "read": {"device_start": -1, "device_end": -1}}, "softmax86": {"write": {"device_start": -1, "host_queued_start": 1585624175.499313, "device_queued": -1, "device_end": -1, "host_queued_end": 1585624175.514888}, "device": "cpu", "nd_range": {"device_start": 2291949.906264429, "device_end": 2291949.906475779}, "cmdq": 1, "read": {"device_start": -1, "device_end": -1}}, "FFC_sans_bias55": {"write": {"device_start": -1, "host_queued_start": 1585624175.475746, "device_queued": -1, "device_end": -1, "host_queued_end": 1585624175.514888}, "device": "cpu", "nd_range": {"device_start": 2291949.784634346, "device_end": 2291949.791515027}, "cmdq": 1, "read": {"device_start": -1, "device_end": -1}}, "FFC_sans_bias54": {"write": {"device_start": -1, "host_queued_start": 1585624175.474684, "device_queued": -1, "device_end": -1, "host_queued_end": 1585624175.514888}, "device": "cpu", "nd_range": {"device_start": 2291949.789222463, "device_end": 2291949.7987626423}, "cmdq": 0, "read": {"device_start": -1, "device_end": -1}}, "FFC_sans_bias56": {"write": {"device_start": -1, "host_queued_start": 1585624175.473575, "device_queued": -1, "device_end": -1, "host_queued_end": 1585624175.514888}, "device": "cpu", "nd_range": {"device_start": 2291949.775869925, "device_end": 2291949.7845148654}, "cmdq": 1, "read": {"device_start": -1, "device_end": -1}}, "FFC_sans_bias51": {"write": {"device_start": -1, "host_queued_start": 1585624175.501825, "device_queued": -1, "device_end": -1, "host_queued_end": 1585624175.514888}, "device": "cpu", "nd_range": {"device_start": 2291949.918810271, "device_end": 2291949.9245384103}, "cmdq": 0, "read": {"device_start": -1, "device_end": -1}}, "FFC_sans_bias52": {"write": {"device_start": -1, "host_queued_start": 1585624175.509762, "device_queued": -1, "device_end": -1, "host_queued_end": 1585624175.514888}, "device": "cpu", "nd_range": {"device_start": 2291949.989340622, "device_end": 2291949.994492106}, "cmdq": 1, "read": {"device_start": -1, "device_end": -1}}, "FFC_sans_bias58": {"write": {"device_start": -1, "host_queued_start": 1585624175.495013, "device_queued": -1, "device_end": -1, "host_queued_end": 1585624175.514888}, "device": "cpu", "nd_range": {"device_start": 2291949.8872365854, "device_end": 2291949.8947844873}, "cmdq": 1, "read": {"device_start": -1, "device_end": -1}}, "softmax95": {"write": {"device_start": -1, "host_queued_start": 1585624175.4996, "device_queued": -1, "device_end": -1, "host_queued_end": 1585624175.514888}, "device": "cpu", "nd_range": {"device_start": 2291949.904947738, "device_end": 2291949.9051400023}, "cmdq": 0, "read": {"device_start": -1, "device_end": -1}}, "coalesced_transpose57": {"write": {"device_start": -1, "host_queued_start": 1585624175.491081, "device_queued": -1, "device_end": -1, "host_queued_end": 1585624175.514888}, "device": "cpu", "nd_range": {"device_start": 2291949.847299255, "device_end": 2291949.8475465733}, "cmdq": 0, "read": {"device_start": -1, "device_end": -1}}, "empty26": {"write": {"device_start": -1, "host_queued_start": 1585624175.446399, "device_queued": -1, "device_end": -1, "host_queued_end": 1585624175.514888}, "device": "cpu", "nd_range": {"device_start": 2291949.704575757, "device_end": 2291949.70457667}, "cmdq": 0, "read": {"device_start": -1, "device_end": -1}}, "FFC_sans_bias11": {"write": {"device_start": -1, "host_queued_start": 1585624175.459545, "device_queued": -1, "device_end": -1, "host_queued_end": 1585624175.514888}, "device": "cpu", "nd_range": {"device_start": 2291949.721853815, "device_end": 2291949.734686241}, "cmdq": 0, "read": {"device_start": -1, "device_end": -1}}, "FFC_sans_bias42": {"write": {"device_start": -1, "host_queued_start": 1585624175.501466, "device_queued": -1, "device_end": -1, "host_queued_end": 1585624175.514888}, "device": "cpu", "nd_range": {"device_start": 2291949.931039933, "device_end": 2291949.943869005}, "cmdq": 1, "read": {"device_start": -1, "device_end": -1}}, "FFC_sans_bias43": {"write": {"device_start": -1, "host_queued_start": 1585624175.508754, "device_queued": -1, "device_end": -1, "host_queued_end": 1585624175.514888}, "device": "cpu", "nd_range": {"device_start": 2291949.9602410393, "device_end": 2291949.9678244633}, "cmdq": 0, "read": {"device_start": -1, "device_end": -1}}, "FFC_sans_bias40": {"write": {"device_start": -1, "host_queued_start": 1585624175.494288, "device_queued": -1, "device_end": -1, "host_queued_end": 1585624175.514888}, "device": "cpu", "nd_range": {"device_start": 2291949.8699859413, "device_end": 2291949.887223359}, "cmdq": 1, "read": {"device_start": -1, "device_end": -1}}, "FFC_sans_bias46": {"write": {"device_start": -1, "host_queued_start": 1585624175.471424, "device_queued": -1, "device_end": -1, "host_queued_end": 1585624175.514888}, "device": "cpu", "nd_range": {"device_start": 2291949.767690463, "device_end": 2291949.7757557123}, "cmdq": 1, "read": {"device_start": -1, "device_end": -1}}, "FFC_sans_bias47": {"write": {"device_start": -1, "host_queued_start": 1585624175.4725, "device_queued": -1, "device_end": -1, "host_queued_end": 1585624175.514888}, "device": "cpu", "nd_range": {"device_start": 2291949.780055195, "device_end": 2291949.789112348}, "cmdq": 0, "read": {"device_start": -1, "device_end": -1}}, "FFC_sans_bias45": {"write": {"device_start": -1, "host_queued_start": 1585624175.47033, "device_queued": -1, "device_end": -1, "host_queued_end": 1585624175.514888}, "device": "cpu", "nd_range": {"device_start": 2291949.771126905, "device_end": 2291949.779935909}, "cmdq": 0, "read": {"device_start": -1, "device_end": -1}}, "FFC_sans_bias49": {"write": {"device_start": -1, "host_queued_start": 1585624175.494659, "device_queued": -1, "device_end": -1, "host_queued_end": 1585624175.514888}, "device": "cpu", "nd_range": {"device_start": 2291949.866873595, "device_end": 2291949.8740456603}, "cmdq": 0, "read": {"device_start": -1, "device_end": -1}}, "softmax77": {"write": {"device_start": -1, "host_queued_start": 1585624175.499032, "device_queued": -1, "device_end": -1, "host_queued_end": 1585624175.514888}, "device": "cpu", "nd_range": {"device_start": 2291949.898928856, "device_end": 2291949.8999880063}, "cmdq": 0, "read": {"device_start": -1, "device_end": -1}}, "softmax5": {"write": {"device_start": -1, "host_queued_start": 1585624175.496727, "device_queued": -1, "device_end": -1, "host_queued_end": 1585624175.514888}, "device": "cpu", "nd_range": {"device_start": 2291949.886514152, "device_end": 2291949.886648736}, "cmdq": 0, "read": {"device_start": -1, "device_end": -1}}, "empty53": {"write": {"device_start": -1, "host_queued_start": 1585624175.448866, "device_queued": -1, "device_end": -1, "host_queued_end": 1585624175.514888}, "device": "cpu", "nd_range": {"device_start": 2291949.704581918, "device_end": 2291949.7045825482}, "cmdq": 1, "read": {"device_start": -1, "device_end": -1}}, "coalesced_transpose48": {"write": {"device_start": -1, "host_queued_start": 1585624175.490735, "device_queued": -1, "device_end": -1, "host_queued_end": 1585624175.514888}, "device": "cpu", "nd_range": {"device_start": 2291949.850230471, "device_end": 2291949.850479442}, "cmdq": 1, "read": {"device_start": -1, "device_end": -1}}}