{"FFC_sans_bias4": {"write": {"device_start": -1, "host_queued_start": 1585624140.833156, "device_queued": -1, "device_end": -1, "host_queued_end": 1585624140.855062}, "device": "cpu", "nd_range": {"device_start": 2291915.225552317, "device_end": 2291915.229636482}, "cmdq": 0, "read": {"device_start": -1, "device_end": -1}}, "FFC_sans_bias7": {"write": {"device_start": -1, "host_queued_start": 1585624140.844859, "device_queued": -1, "device_end": -1, "host_queued_end": 1585624140.855062}, "device": "cpu", "nd_range": {"device_start": 2291915.326419449, "device_end": 2291915.3309759423}, "cmdq": 0, "read": {"device_start": -1, "device_end": -1}}, "FFC_sans_bias6": {"write": {"device_start": -1, "host_queued_start": 1585624140.840151, "device_queued": -1, "device_end": -1, "host_queued_end": 1585624140.855062}, "device": "cpu", "nd_range": {"device_start": 2291915.275776319, "device_end": 2291915.280083984}, "cmdq": 0, "read": {"device_start": -1, "device_end": -1}}, "FFC_sans_bias1": {"write": {"device_start": -1, "host_queued_start": 1585624140.795759, "device_queued": -1, "device_end": -1, "host_queued_end": 1585624140.855062}, "device": "cpu", "nd_range": {"device_start": 2291915.049419629, "device_end": 2291915.053501169}, "cmdq": 0, "read": {"device_start": -1, "device_end": -1}}, "FFC_sans_bias0": {"write": {"device_start": -1, "host_queued_start": 1585624140.794699, "device_queued": -1, "device_end": -1, "host_queued_end": 1585624140.855062}, "device": "cpu", "nd_range": {"device_start": 2291915.0449464773, "device_end": 2291915.0494092572}, "cmdq": 0, "read": {"device_start": -1, "device_end": -1}}, "FFC_sans_bias2": {"write": {"device_start": -1, "host_queued_start": 1585624140.796864, "device_queued": -1, "device_end": -1, "host_queued_end": 1585624140.855062}, "device": "cpu", "nd_range": {"device_start": 2291915.0535102542, "device_end": 2291915.057545991}, "cmdq": 0, "read": {"device_start": -1, "device_end": -1}}, "FFC_sans_bias9": {"write": {"device_start": -1, "host_queued_start": 1585624140.797919, "device_queued": -1, "device_end": -1, "host_queued_end": 1585624140.855062}, "device": "cpu", "nd_range": {"device_start": 2291915.057551645, "device_end": 2291915.0623828303}, "cmdq": 0, "read": {"device_start": -1, "device_end": -1}}, "empty71": {"write": {"device_start": -1, "host_queued_start": 1585624140.790991, "device_queued": -1, "device_end": -1, "host_queued_end": 1585624140.855062}, "device": "cpu", "nd_range": {"device_start": 2291915.04490095, "device_end": 2291915.0449015833}, "cmdq": 0, "read": {"device_start": -1, "device_end": -1}}, "softmax41": {"write": {"device_start": -1, "host_queued_start": 1585624140.838118, "device_queued": -1, "device_end": -1, "host_queued_end": 1585624140.855062}, "device": "cpu", "nd_range": {"device_start": 2291915.2749302043, "device_end": 2291915.275045062}, "cmdq": 0, "read": {"device_start": -1, "device_end": -1}}, "FFC_sans_bias37": {"write": {"device_start": -1, "host_queued_start": 1585624140.80865, "device_queued": -1, "device_end": -1, "host_queued_end": 1585624140.855062}, "device": "cpu", "nd_range": {"device_start": 2291915.106411085, "device_end": 2291915.110749831}, "cmdq": 0, "read": {"device_start": -1, "device_end": -1}}, "FFC_sans_bias36": {"write": {"device_start": -1, "host_queued_start": 1585624140.807579, "device_queued": -1, "device_end": -1, "host_queued_end": 1585624140.855062}, "device": "cpu", "nd_range": {"device_start": 2291915.101905111, "device_end": 2291915.106405858}, "cmdq": 0, "read": {"device_start": -1, "device_end": -1}}, "FFC_sans_bias34": {"write": {"device_start": -1, "host_queued_start": 1585624140.847924, "device_queued": -1, "device_end": -1, "host_queued_end": 1585624140.855062}, "device": "cpu", "nd_range": {"device_start": 2291915.340127922, "device_end": 2291915.3439722653}, "cmdq": 0, "read": {"device_start": -1, "device_end": -1}}, "FFC_sans_bias33": {"write": {"device_start": -1, "host_queued_start": 1585624140.841284, "device_queued": -1, "device_end": -1, "host_queued_end": 1585624140.855062}, "device": "cpu", "nd_range": {"device_start": 2291915.2895422243, "device_end": 2291915.2942473292}, "cmdq": 0, "read": {"device_start": -1, "device_end": -1}}, "FFC_sans_bias31": {"write": {"device_start": -1, "host_queued_start": 1585624140.834217, "device_queued": -1, "device_end": -1, "host_queued_end": 1585624140.855062}, "device": "cpu", "nd_range": {"device_start": 2291915.238133421, "device_end": 2291915.2429510583}, "cmdq": 0, "read": {"device_start": -1, "device_end": -1}}, "FFC_sans_bias38": {"write": {"device_start": -1, "host_queued_start": 1585624140.80972, "device_queued": -1, "device_end": -1, "host_queued_end": 1585624140.855062}, "device": "cpu", "nd_range": {"device_start": 2291915.110754617, "device_end": 2291915.11563509}, "cmdq": 0, "read": {"device_start": -1, "device_end": -1}}, "coalesced_transpose75": {"write": {"device_start": -1, "host_queued_start": 1585624140.832135, "device_queued": -1, "device_end": -1, "host_queued_end": 1585624140.855062}, "device": "cpu", "nd_range": {"device_start": 2291915.225218207, "device_end": 2291915.2253307193}, "cmdq": 0, "read": {"device_start": -1, "device_end": -1}}, "empty44": {"write": {"device_start": -1, "host_queued_start": 1585624140.788503, "device_queued": -1, "device_end": -1, "host_queued_end": 1585624140.855062}, "device": "cpu", "nd_range": {"device_start": 2291915.044865039, "device_end": 2291915.044865801}, "cmdq": 0, "read": {"device_start": -1, "device_end": -1}}, "empty8": {"write": {"device_start": -1, "host_queued_start": 1585624140.784962, "device_queued": -1, "device_end": -1, "host_queued_end": 1585624140.855062}, "device": "cpu", "nd_range": {"device_start": 2291915.044732964, "device_end": 2291915.044747158}, "cmdq": 0, "read": {"device_start": -1, "device_end": -1}}, "softmax50": {"write": {"device_start": -1, "host_queued_start": 1585624140.838397, "device_queued": -1, "device_end": -1, "host_queued_end": 1585624140.855062}, "device": "cpu", "nd_range": {"device_start": 2291915.2750494243, "device_end": 2291915.2751624193}, "cmdq": 0, "read": {"device_start": -1, "device_end": -1}}, "softmax59": {"write": {"device_start": -1, "host_queued_start": 1585624140.838684, "device_queued": -1, "device_end": -1, "host_queued_end": 1585624140.855062}, "device": "cpu", "nd_range": {"device_start": 2291915.275167379, "device_end": 2291915.275281179}, "cmdq": 0, "read": {"device_start": -1, "device_end": -1}}, "FFC_sans_bias24": {"write": {"device_start": -1, "host_queued_start": 1585624140.84093, "device_queued": -1, "device_end": -1, "host_queued_end": 1585624140.855062}, "device": "cpu", "nd_range": {"device_start": 2291915.2848621453, "device_end": 2291915.2895362773}, "cmdq": 0, "read": {"device_start": -1, "device_end": -1}}, "FFC_sans_bias25": {"write": {"device_start": -1, "host_queued_start": 1585624140.846922, "device_queued": -1, "device_end": -1, "host_queued_end": 1585624140.855062}, "device": "cpu", "nd_range": {"device_start": 2291915.335545617, "device_end": 2291915.340124898}, "cmdq": 0, "read": {"device_start": -1, "device_end": -1}}, "FFC_sans_bias27": {"write": {"device_start": -1, "host_queued_start": 1585624140.804361, "device_queued": -1, "device_end": -1, "host_queued_end": 1585624140.855062}, "device": "cpu", "nd_range": {"device_start": 2291915.086611199, "device_end": 2291915.0909248823}, "cmdq": 0, "read": {"device_start": -1, "device_end": -1}}, "FFC_sans_bias20": {"write": {"device_start": -1, "host_queued_start": 1585624140.803295, "device_queued": -1, "device_end": -1, "host_queued_end": 1585624140.855062}, "device": "cpu", "nd_range": {"device_start": 2291915.080318732, "device_end": 2291915.0866061393}, "cmdq": 0, "read": {"device_start": -1, "device_end": -1}}, "FFC_sans_bias22": {"write": {"device_start": -1, "host_queued_start": 1585624140.833861, "device_queued": -1, "device_end": -1, "host_queued_end": 1585624140.855062}, "device": "cpu", "nd_range": {"device_start": 2291915.233652287, "device_end": 2291915.2381271604}, "cmdq": 0, "read": {"device_start": -1, "device_end": -1}}, "FFC_sans_bias28": {"write": {"device_start": -1, "host_queued_start": 1585624140.805414, "device_queued": -1, "device_end": -1, "host_queued_end": 1585624140.855062}, "device": "cpu", "nd_range": {"device_start": 2291915.0909297164, "device_end": 2291915.095577021}, "cmdq": 0, "read": {"device_start": -1, "device_end": -1}}, "FFC_sans_bias29": {"write": {"device_start": -1, "host_queued_start": 1585624140.806505, "device_queued": -1, "device_end": -1, "host_queued_end": 1585624140.855062}, "device": "cpu", "nd_range": {"device_start": 2291915.0955817383, "device_end": 2291915.101898773}, "cmdq": 0, "read": {"device_start": -1, "device_end": -1}}, "coalesced_transpose66": {"write": {"device_start": -1, "host_queued_start": 1585624140.831794, "device_queued": -1, "device_end": -1, "host_queued_end": 1585624140.855062}, "device": "cpu", "nd_range": {"device_start": 2291915.2250892282, "device_end": 2291915.2252107533}, "cmdq": 0, "read": {"device_start": -1, "device_end": -1}}, "coalesced_transpose93": {"write": {"device_start": -1, "host_queued_start": 1585624140.832803, "device_queued": -1, "device_end": -1, "host_queued_end": 1585624140.855062}, "device": "cpu", "nd_range": {"device_start": 2291915.225447202, "device_end": 2291915.225547303}, "cmdq": 0, "read": {"device_start": -1, "device_end": -1}}, "softmax23": {"write": {"device_start": -1, "host_queued_start": 1585624140.837559, "device_queued": -1, "device_end": -1, "host_queued_end": 1585624140.855062}, "device": "cpu", "nd_range": {"device_start": 2291915.2746967813, "device_end": 2291915.274810328}, "cmdq": 0, "read": {"device_start": -1, "device_end": -1}}, "empty62": {"write": {"device_start": -1, "host_queued_start": 1585624140.790121, "device_queued": -1, "device_end": -1, "host_queued_end": 1585624140.855062}, "device": "cpu", "nd_range": {"device_start": 2291915.044891872, "device_end": 2291915.044892744}, "cmdq": 0, "read": {"device_start": -1, "device_end": -1}}, "FFC_sans_bias10": {"write": {"device_start": -1, "host_queued_start": 1585624140.799015, "device_queued": -1, "device_end": -1, "host_queued_end": 1585624140.855062}, "device": "cpu", "nd_range": {"device_start": 2291915.0623880653, "device_end": 2291915.066674846}, "cmdq": 0, "read": {"device_start": -1, "device_end": -1}}, "FFC_sans_bias13": {"write": {"device_start": -1, "host_queued_start": 1585624140.833509, "device_queued": -1, "device_end": -1, "host_queued_end": 1585624140.855062}, "device": "cpu", "nd_range": {"device_start": 2291915.2296424643, "device_end": 2291915.233646473}, "cmdq": 0, "read": {"device_start": -1, "device_end": -1}}, "FFC_sans_bias15": {"write": {"device_start": -1, "host_queued_start": 1585624140.840577, "device_queued": -1, "device_end": -1, "host_queued_end": 1585624140.855062}, "device": "cpu", "nd_range": {"device_start": 2291915.280089933, "device_end": 2291915.28485695}, "cmdq": 0, "read": {"device_start": -1, "device_end": -1}}, "FFC_sans_bias16": {"write": {"device_start": -1, "host_queued_start": 1585624140.845889, "device_queued": -1, "device_end": -1, "host_queued_end": 1585624140.855062}, "device": "cpu", "nd_range": {"device_start": 2291915.3309793803, "device_end": 2291915.335542779}, "cmdq": 0, "read": {"device_start": -1, "device_end": -1}}, "FFC_sans_bias19": {"write": {"device_start": -1, "host_queued_start": 1585624140.802203, "device_queued": -1, "device_end": -1, "host_queued_end": 1585624140.855062}, "device": "cpu", "nd_range": {"device_start": 2291915.075785162, "device_end": 2291915.080314114}, "cmdq": 0, "read": {"device_start": -1, "device_end": -1}}, "FFC_sans_bias18": {"write": {"device_start": -1, "host_queued_start": 1585624140.801147, "device_queued": -1, "device_end": -1, "host_queued_end": 1585624140.855062}, "device": "cpu", "nd_range": {"device_start": 2291915.070981639, "device_end": 2291915.0757804043}, "cmdq": 0, "read": {"device_start": -1, "device_end": -1}}, "FFC_sans_bias91": {"write": {"device_start": -1, "host_queued_start": 1585624140.827877, "device_queued": -1, "device_end": -1, "host_queued_end": 1585624140.855062}, "device": "cpu", "nd_range": {"device_start": 2291915.205715444, "device_end": 2291915.210026021}, "cmdq": 0, "read": {"device_start": -1, "device_end": -1}}, "FFC_sans_bias90": {"write": {"device_start": -1, "host_queued_start": 1585624140.82682, "device_queued": -1, "device_end": -1, "host_queued_end": 1585624140.855062}, "device": "cpu", "nd_range": {"device_start": 2291915.200465484, "device_end": 2291915.205700003}, "cmdq": 0, "read": {"device_start": -1, "device_end": -1}}, "coalesced_transpose12": {"write": {"device_start": -1, "host_queued_start": 1585624140.829719, "device_queued": -1, "device_end": -1, "host_queued_end": 1585624140.855062}, "device": "cpu", "nd_range": {"device_start": 2291915.2147477074, "device_end": 2291915.214917779}, "cmdq": 0, "read": {"device_start": -1, "device_end": -1}}, "FFC_sans_bias94": {"write": {"device_start": -1, "host_queued_start": 1585624140.836707, "device_queued": -1, "device_end": -1, "host_queued_end": 1585624140.855062}, "device": "cpu", "nd_range": {"device_start": 2291915.26992865, "device_end": 2291915.2744180933}, "cmdq": 0, "read": {"device_start": -1, "device_end": -1}}, "FFC_sans_bias97": {"write": {"device_start": -1, "host_queued_start": 1585624140.855016, "device_queued": -1, "device_end": -1, "host_queued_end": 1585624140.855062}, "device": "cpu", "nd_range": {"device_start": 2291915.3708415553, "device_end": 2291915.376640383}, "cmdq": 0, "read": {"device_start": -1, "device_end": -1}}, "FFC_sans_bias96": {"write": {"device_start": -1, "host_queued_start": 1585624140.843787, "device_queued": -1, "device_end": -1, "host_queued_end": 1585624140.855062}, "device": "cpu", "nd_range": {"device_start": 2291915.3218857823, "device_end": 2291915.326414136}, "cmdq": 0, "read": {"device_start": -1, "device_end": -1}}, "softmax32": {"write": {"device_start": -1, "host_queued_start": 1585624140.837841, "device_queued": -1, "device_end": -1, "host_queued_end": 1585624140.855062}, "device": "cpu", "nd_range": {"device_start": 2291915.274815165, "device_end": 2291915.2749257693}, "cmdq": 0, "read": {"device_start": -1, "device_end": -1}}, "coalesced_transpose84": {"write": {"device_start": -1, "host_queued_start": 1585624140.832469, "device_queued": -1, "device_end": -1, "host_queued_end": 1585624140.855062}, "device": "cpu", "nd_range": {"device_start": 2291915.225337704, "device_end": 2291915.2254406842}, "cmdq": 0, "read": {"device_start": -1, "device_end": -1}}, "empty98": {"write": {"device_start": -1, "host_queued_start": 1585624140.793676, "device_queued": -1, "device_end": -1, "host_queued_end": 1585624140.855062}, "device": "cpu", "nd_range": {"device_start": 2291915.0449414453, "device_end": 2291915.044942242}, "cmdq": 0, "read": {"device_start": -1, "device_end": -1}}, "empty17": {"write": {"device_start": -1, "host_queued_start": 1585624140.786031, "device_queued": -1, "device_end": -1, "host_queued_end": 1585624140.855062}, "device": "cpu", "nd_range": {"device_start": 2291915.044796421, "device_end": 2291915.044797953}, "cmdq": 0, "read": {"device_start": -1, "device_end": -1}}, "FFC_sans_bias87": {"write": {"device_start": -1, "host_queued_start": 1585624140.843428, "device_queued": -1, "device_end": -1, "host_queued_end": 1585624140.855062}, "device": "cpu", "nd_range": {"device_start": 2291915.317116557, "device_end": 2291915.321880281}, "cmdq": 0, "read": {"device_start": -1, "device_end": -1}}, "FFC_sans_bias85": {"write": {"device_start": -1, "host_queued_start": 1585624140.836354, "device_queued": -1, "device_end": -1, "host_queued_end": 1585624140.855062}, "device": "cpu", "nd_range": {"device_start": 2291915.265357405, "device_end": 2291915.269921657}, "cmdq": 0, "read": {"device_start": -1, "device_end": -1}}, "FFC_sans_bias82": {"write": {"device_start": -1, "host_queued_start": 1585624140.824654, "device_queued": -1, "device_end": -1, "host_queued_end": 1585624140.855062}, "device": "cpu", "nd_range": {"device_start": 2291915.1800677623, "device_end": 2291915.185893629}, "cmdq": 0, "read": {"device_start": -1, "device_end": -1}}, "FFC_sans_bias83": {"write": {"device_start": -1, "host_queued_start": 1585624140.825742, "device_queued": -1, "device_end": -1, "host_queued_end": 1585624140.855062}, "device": "cpu", "nd_range": {"device_start": 2291915.185898575, "device_end": 2291915.200437693}, "cmdq": 0, "read": {"device_start": -1, "device_end": -1}}, "FFC_sans_bias81": {"write": {"device_start": -1, "host_queued_start": 1585624140.823594, "device_queued": -1, "device_end": -1, "host_queued_end": 1585624140.855062}, "device": "cpu", "nd_range": {"device_start": 2291915.175616998, "device_end": 2291915.180062352}, "cmdq": 0, "read": {"device_start": -1, "device_end": -1}}, "FFC_sans_bias88": {"write": {"device_start": -1, "host_queued_start": 1585624140.854, "device_queued": -1, "device_end": -1, "host_queued_end": 1585624140.855062}, "device": "cpu", "nd_range": {"device_start": 2291915.3665189412, "device_end": 2291915.3708387483}, "cmdq": 0, "read": {"device_start": -1, "device_end": -1}}, "coalesced_transpose30": {"write": {"device_start": -1, "host_queued_start": 1585624140.830429, "device_queued": -1, "device_end": -1, "host_queued_end": 1585624140.855062}, "device": "cpu", "nd_range": {"device_start": 2291915.215348768, "device_end": 2291915.2161143064}, "cmdq": 0, "read": {"device_start": -1, "device_end": -1}}, "coalesced_transpose39": {"write": {"device_start": -1, "host_queued_start": 1585624140.830775, "device_queued": -1, "device_end": -1, "host_queued_end": 1585624140.855062}, "device": "cpu", "nd_range": {"device_start": 2291915.216122488, "device_end": 2291915.224780905}, "cmdq": 0, "read": {"device_start": -1, "device_end": -1}}, "FFC_sans_bias79": {"write": {"device_start": -1, "host_queued_start": 1585624140.852995, "device_queued": -1, "device_end": -1, "host_queued_end": 1585624140.855062}, "device": "cpu", "nd_range": {"device_start": 2291915.361744274, "device_end": 2291915.366516036}, "cmdq": 0, "read": {"device_start": -1, "device_end": -1}}, "FFC_sans_bias78": {"write": {"device_start": -1, "host_queued_start": 1585624140.843072, "device_queued": -1, "device_end": -1, "host_queued_end": 1585624140.855062}, "device": "cpu", "nd_range": {"device_start": 2291915.3125466043, "device_end": 2291915.3171104523}, "cmdq": 0, "read": {"device_start": -1, "device_end": -1}}, "FFC_sans_bias73": {"write": {"device_start": -1, "host_queued_start": 1585624140.82147, "device_queued": -1, "device_end": -1, "host_queued_end": 1585624140.855062}, "device": "cpu", "nd_range": {"device_start": 2291915.1663782373, "device_end": 2291915.1707158913}, "cmdq": 0, "read": {"device_start": -1, "device_end": -1}}, "FFC_sans_bias72": {"write": {"device_start": -1, "host_queued_start": 1585624140.820415, "device_queued": -1, "device_end": -1, "host_queued_end": 1585624140.855062}, "device": "cpu", "nd_range": {"device_start": 2291915.1616693363, "device_end": 2291915.1663735444}, "cmdq": 0, "read": {"device_start": -1, "device_end": -1}}, "FFC_sans_bias70": {"write": {"device_start": -1, "host_queued_start": 1585624140.85199, "device_queued": -1, "device_end": -1, "host_queued_end": 1585624140.855062}, "device": "cpu", "nd_range": {"device_start": 2291915.3576084613, "device_end": 2291915.36174074}, "cmdq": 0, "read": {"device_start": -1, "device_end": -1}}, "FFC_sans_bias76": {"write": {"device_start": -1, "host_queued_start": 1585624140.836003, "device_queued": -1, "device_end": -1, "host_queued_end": 1585624140.855062}, "device": "cpu", "nd_range": {"device_start": 2291915.26094134, "device_end": 2291915.265351425}, "cmdq": 0, "read": {"device_start": -1, "device_end": -1}}, "FFC_sans_bias74": {"write": {"device_start": -1, "host_queued_start": 1585624140.82253, "device_queued": -1, "device_end": -1, "host_queued_end": 1585624140.855062}, "device": "cpu", "nd_range": {"device_start": 2291915.170720932, "device_end": 2291915.175612268}, "cmdq": 0, "read": {"device_start": -1, "device_end": -1}}, "coalesced_transpose3": {"write": {"device_start": -1, "host_queued_start": 1585624140.829371, "device_queued": -1, "device_end": -1, "host_queued_end": 1585624140.855062}, "device": "cpu", "nd_range": {"device_start": 2291915.214381072, "device_end": 2291915.214605131}, "cmdq": 0, "read": {"device_start": -1, "device_end": -1}}, "empty89": {"write": {"device_start": -1, "host_queued_start": 1585624140.792684, "device_queued": -1, "device_end": -1, "host_queued_end": 1585624140.855062}, "device": "cpu", "nd_range": {"device_start": 2291915.0449237083, "device_end": 2291915.044924428}, "cmdq": 0, "read": {"device_start": -1, "device_end": -1}}, "empty80": {"write": {"device_start": -1, "host_queued_start": 1585624140.791802, "device_queued": -1, "device_end": -1, "host_queued_end": 1585624140.855062}, "device": "cpu", "nd_range": {"device_start": 2291915.044917533, "device_end": 2291915.0449184133}, "cmdq": 0, "read": {"device_start": -1, "device_end": -1}}, "coalesced_transpose21": {"write": {"device_start": -1, "host_queued_start": 1585624140.830067, "device_queued": -1, "device_end": -1, "host_queued_end": 1585624140.855062}, "device": "cpu", "nd_range": {"device_start": 2291915.215050924, "device_end": 2291915.215224089}, "cmdq": 0, "read": {"device_start": -1, "device_end": -1}}, "softmax14": {"write": {"device_start": -1, "host_queued_start": 1585624140.837279, "device_queued": -1, "device_end": -1, "host_queued_end": 1585624140.855062}, "device": "cpu", "nd_range": {"device_start": 2291915.274574301, "device_end": 2291915.274692104}, "cmdq": 0, "read": {"device_start": -1, "device_end": -1}}, "FFC_sans_bias69": {"write": {"device_start": -1, "host_queued_start": 1585624140.84272, "device_queued": -1, "device_end": -1, "host_queued_end": 1585624140.855062}, "device": "cpu", "nd_range": {"device_start": 2291915.307971451, "device_end": 2291915.312541523}, "cmdq": 0, "read": {"device_start": -1, "device_end": -1}}, "FFC_sans_bias92": {"write": {"device_start": -1, "host_queued_start": 1585624140.829024, "device_queued": -1, "device_end": -1, "host_queued_end": 1585624140.855062}, "device": "cpu", "nd_range": {"device_start": 2291915.210240044, "device_end": 2291915.214202673}, "cmdq": 0, "read": {"device_start": -1, "device_end": -1}}, "FFC_sans_bias60": {"write": {"device_start": -1, "host_queued_start": 1585624140.842358, "device_queued": -1, "device_end": -1, "host_queued_end": 1585624140.855062}, "device": "cpu", "nd_range": {"device_start": 2291915.303489263, "device_end": 2291915.3079657434}, "cmdq": 0, "read": {"device_start": -1, "device_end": -1}}, "FFC_sans_bias61": {"write": {"device_start": -1, "host_queued_start": 1585624140.850983, "device_queued": -1, "device_end": -1, "host_queued_end": 1585624140.855062}, "device": "cpu", "nd_range": {"device_start": 2291915.3528117402, "device_end": 2291915.357605096}, "cmdq": 0, "read": {"device_start": -1, "device_end": -1}}, "FFC_sans_bias63": {"write": {"device_start": -1, "host_queued_start": 1585624140.819359, "device_queued": -1, "device_end": -1, "host_queued_end": 1585624140.855062}, "device": "cpu", "nd_range": {"device_start": 2291915.155636774, "device_end": 2291915.1616646433}, "cmdq": 0, "read": {"device_start": -1, "device_end": -1}}, "FFC_sans_bias64": {"write": {"device_start": -1, "host_queued_start": 1585624140.81722, "device_queued": -1, "device_end": -1, "host_queued_end": 1585624140.855062}, "device": "cpu", "nd_range": {"device_start": 2291915.146615012, "device_end": 2291915.1509649972}, "cmdq": 0, "read": {"device_start": -1, "device_end": -1}}, "FFC_sans_bias65": {"write": {"device_start": -1, "host_queued_start": 1585624140.818286, "device_queued": -1, "device_end": -1, "host_queued_end": 1585624140.855062}, "device": "cpu", "nd_range": {"device_start": 2291915.150969571, "device_end": 2291915.155631978}, "cmdq": 0, "read": {"device_start": -1, "device_end": -1}}, "FFC_sans_bias67": {"write": {"device_start": -1, "host_queued_start": 1585624140.835651, "device_queued": -1, "device_end": -1, "host_queued_end": 1585624140.855062}, "device": "cpu", "nd_range": {"device_start": 2291915.256344816, "device_end": 2291915.260935396}, "cmdq": 0, "read": {"device_start": -1, "device_end": -1}}, "softmax68": {"write": {"device_start": -1, "host_queued_start": 1585624140.838969, "device_queued": -1, "device_end": -1, "host_queued_end": 1585624140.855062}, "device": "cpu", "nd_range": {"device_start": 2291915.275285684, "device_end": 2291915.275395263}, "cmdq": 0, "read": {"device_start": -1, "device_end": -1}}, "empty35": {"write": {"device_start": -1, "host_queued_start": 1585624140.787692, "device_queued": -1, "device_end": -1, "host_queued_end": 1585624140.855062}, "device": "cpu", "nd_range": {"device_start": 2291915.0448497953, "device_end": 2291915.044850681}, "cmdq": 0, "read": {"device_start": -1, "device_end": -1}}, "softmax86": {"write": {"device_start": -1, "host_queued_start": 1585624140.839525, "device_queued": -1, "device_end": -1, "host_queued_end": 1585624140.855062}, "device": "cpu", "nd_range": {"device_start": 2291915.275515717, "device_end": 2291915.275639932}, "cmdq": 0, "read": {"device_start": -1, "device_end": -1}}, "FFC_sans_bias55": {"write": {"device_start": -1, "host_queued_start": 1585624140.81615, "device_queued": -1, "device_end": -1, "host_queued_end": 1585624140.855062}, "device": "cpu", "nd_range": {"device_start": 2291915.1421558713, "device_end": 2291915.146608891}, "cmdq": 0, "read": {"device_start": -1, "device_end": -1}}, "FFC_sans_bias54": {"write": {"device_start": -1, "host_queued_start": 1585624140.815086, "device_queued": -1, "device_end": -1, "host_queued_end": 1585624140.855062}, "device": "cpu", "nd_range": {"device_start": 2291915.135703111, "device_end": 2291915.142150164}, "cmdq": 0, "read": {"device_start": -1, "device_end": -1}}, "FFC_sans_bias56": {"write": {"device_start": -1, "host_queued_start": 1585624140.814016, "device_queued": -1, "device_end": -1, "host_queued_end": 1585624140.855062}, "device": "cpu", "nd_range": {"device_start": 2291915.131047015, "device_end": 2291915.135698288}, "cmdq": 0, "read": {"device_start": -1, "device_end": -1}}, "FFC_sans_bias51": {"write": {"device_start": -1, "host_queued_start": 1585624140.841989, "device_queued": -1, "device_end": -1, "host_queued_end": 1585624140.855062}, "device": "cpu", "nd_range": {"device_start": 2291915.298849875, "device_end": 2291915.303484109}, "cmdq": 0, "read": {"device_start": -1, "device_end": -1}}, "FFC_sans_bias52": {"write": {"device_start": -1, "host_queued_start": 1585624140.849962, "device_queued": -1, "device_end": -1, "host_queued_end": 1585624140.855062}, "device": "cpu", "nd_range": {"device_start": 2291915.348051522, "device_end": 2291915.3528090743}, "cmdq": 0, "read": {"device_start": -1, "device_end": -1}}, "FFC_sans_bias58": {"write": {"device_start": -1, "host_queued_start": 1585624140.835297, "device_queued": -1, "device_end": -1, "host_queued_end": 1585624140.855062}, "device": "cpu", "nd_range": {"device_start": 2291915.251823224, "device_end": 2291915.256338709}, "cmdq": 0, "read": {"device_start": -1, "device_end": -1}}, "softmax95": {"write": {"device_start": -1, "host_queued_start": 1585624140.839803, "device_queued": -1, "device_end": -1, "host_queued_end": 1585624140.855062}, "device": "cpu", "nd_range": {"device_start": 2291915.2756459313, "device_end": 2291915.275770177}, "cmdq": 0, "read": {"device_start": -1, "device_end": -1}}, "coalesced_transpose57": {"write": {"device_start": -1, "host_queued_start": 1585624140.831458, "device_queued": -1, "device_end": -1, "host_queued_end": 1585624140.855062}, "device": "cpu", "nd_range": {"device_start": 2291915.2249744073, "device_end": 2291915.225082355}, "cmdq": 0, "read": {"device_start": -1, "device_end": -1}}, "empty26": {"write": {"device_start": -1, "host_queued_start": 1585624140.786881, "device_queued": -1, "device_end": -1, "host_queued_end": 1585624140.855062}, "device": "cpu", "nd_range": {"device_start": 2291915.044816399, "device_end": 2291915.0448258203}, "cmdq": 0, "read": {"device_start": -1, "device_end": -1}}, "FFC_sans_bias11": {"write": {"device_start": -1, "host_queued_start": 1585624140.800087, "device_queued": -1, "device_end": -1, "host_queued_end": 1585624140.855062}, "device": "cpu", "nd_range": {"device_start": 2291915.066680721, "device_end": 2291915.070976959}, "cmdq": 0, "read": {"device_start": -1, "device_end": -1}}, "FFC_sans_bias42": {"write": {"device_start": -1, "host_queued_start": 1585624140.841636, "device_queued": -1, "device_end": -1, "host_queued_end": 1585624140.855062}, "device": "cpu", "nd_range": {"device_start": 2291915.294253158, "device_end": 2291915.298844695}, "cmdq": 0, "read": {"device_start": -1, "device_end": -1}}, "FFC_sans_bias43": {"write": {"device_start": -1, "host_queued_start": 1585624140.848951, "device_queued": -1, "device_end": -1, "host_queued_end": 1585624140.855062}, "device": "cpu", "nd_range": {"device_start": 2291915.343975442, "device_end": 2291915.3480485682}, "cmdq": 0, "read": {"device_start": -1, "device_end": -1}}, "FFC_sans_bias40": {"write": {"device_start": -1, "host_queued_start": 1585624140.834595, "device_queued": -1, "device_end": -1, "host_queued_end": 1585624140.855062}, "device": "cpu", "nd_range": {"device_start": 2291915.2429565294, "device_end": 2291915.247256306}, "cmdq": 0, "read": {"device_start": -1, "device_end": -1}}, "FFC_sans_bias46": {"write": {"device_start": -1, "host_queued_start": 1585624140.811883, "device_queued": -1, "device_end": -1, "host_queued_end": 1585624140.855062}, "device": "cpu", "nd_range": {"device_start": 2291915.122379957, "device_end": 2291915.1267075283}, "cmdq": 0, "read": {"device_start": -1, "device_end": -1}}, "FFC_sans_bias47": {"write": {"device_start": -1, "host_queued_start": 1585624140.812953, "device_queued": -1, "device_end": -1, "host_queued_end": 1585624140.855062}, "device": "cpu", "nd_range": {"device_start": 2291915.1267123283, "device_end": 2291915.131042248}, "cmdq": 0, "read": {"device_start": -1, "device_end": -1}}, "FFC_sans_bias45": {"write": {"device_start": -1, "host_queued_start": 1585624140.810807, "device_queued": -1, "device_end": -1, "host_queued_end": 1585624140.855062}, "device": "cpu", "nd_range": {"device_start": 2291915.115640288, "device_end": 2291915.122375154}, "cmdq": 0, "read": {"device_start": -1, "device_end": -1}}, "FFC_sans_bias49": {"write": {"device_start": -1, "host_queued_start": 1585624140.834946, "device_queued": -1, "device_end": -1, "host_queued_end": 1585624140.855062}, "device": "cpu", "nd_range": {"device_start": 2291915.2472619023, "device_end": 2291915.251817528}, "cmdq": 0, "read": {"device_start": -1, "device_end": -1}}, "softmax77": {"write": {"device_start": -1, "host_queued_start": 1585624140.839247, "device_queued": -1, "device_end": -1, "host_queued_end": 1585624140.855062}, "device": "cpu", "nd_range": {"device_start": 2291915.275400078, "device_end": 2291915.2755108783}, "cmdq": 0, "read": {"device_start": -1, "device_end": -1}}, "softmax5": {"write": {"device_start": -1, "host_queued_start": 1585624140.836995, "device_queued": -1, "device_end": -1, "host_queued_end": 1585624140.855062}, "device": "cpu", "nd_range": {"device_start": 2291915.274423805, "device_end": 2291915.274568131}, "cmdq": 0, "read": {"device_start": -1, "device_end": -1}}, "empty53": {"write": {"device_start": -1, "host_queued_start": 1585624140.789314, "device_queued": -1, "device_end": -1, "host_queued_end": 1585624140.855062}, "device": "cpu", "nd_range": {"device_start": 2291915.044878186, "device_end": 2291915.044879}, "cmdq": 0, "read": {"device_start": -1, "device_end": -1}}, "coalesced_transpose48": {"write": {"device_start": -1, "host_queued_start": 1585624140.831115, "device_queued": -1, "device_end": -1, "host_queued_end": 1585624140.855062}, "device": "cpu", "nd_range": {"device_start": 2291915.224804366, "device_end": 2291915.224967927}, "cmdq": 0, "read": {"device_start": -1, "device_end": -1}}}