{"FFC_sans_bias4": {"write": {"device_start": -1, "host_queued_start": 1585624235.711919, "device_queued": -1, "device_end": -1, "host_queued_end": 1585624235.727584}, "device": "cpu", "nd_range": {"device_start": 2292010.009919853, "device_end": 2292010.025272033}, "cmdq": 0, "read": {"device_start": -1, "device_end": -1}}, "FFC_sans_bias7": {"write": {"device_start": -1, "host_queued_start": 1585624235.720491, "device_queued": -1, "device_end": -1, "host_queued_end": 1585624235.727584}, "device": "cpu", "nd_range": {"device_start": 2292010.0725441743, "device_end": 2292010.088355657}, "cmdq": 0, "read": {"device_start": -1, "device_end": -1}}, "FFC_sans_bias6": {"write": {"device_start": -1, "host_queued_start": 1585624235.71692, "device_queued": -1, "device_end": -1, "host_queued_end": 1585624235.727584}, "device": "cpu", "nd_range": {"device_start": 2292010.041422246, "device_end": 2292010.05677872}, "cmdq": 0, "read": {"device_start": -1, "device_end": -1}}, "FFC_sans_bias1": {"write": {"device_start": -1, "host_queued_start": 1585624235.685305, "device_queued": -1, "device_end": -1, "host_queued_end": 1585624235.727584}, "device": "cpu", "nd_range": {"device_start": 2292009.9177249973, "device_end": 2292009.9337948253}, "cmdq": 1, "read": {"device_start": -1, "device_end": -1}}, "FFC_sans_bias0": {"write": {"device_start": -1, "host_queued_start": 1585624235.684151, "device_queued": -1, "device_end": -1, "host_queued_end": 1585624235.727584}, "device": "cpu", "nd_range": {"device_start": 2292009.917233069, "device_end": 2292009.932675375}, "cmdq": 0, "read": {"device_start": -1, "device_end": -1}}, "FFC_sans_bias2": {"write": {"device_start": -1, "host_queued_start": 1585624235.686361, "device_queued": -1, "device_end": -1, "host_queued_end": 1585624235.727584}, "device": "cpu", "nd_range": {"device_start": 2292009.917231575, "device_end": 2292009.93303151}, "cmdq": 2, "read": {"device_start": -1, "device_end": -1}}, "FFC_sans_bias9": {"write": {"device_start": -1, "host_queued_start": 1585624235.687433, "device_queued": -1, "device_end": -1, "host_queued_end": 1585624235.727584}, "device": "cpu", "nd_range": {"device_start": 2292009.9178889194, "device_end": 2292009.933177918}, "cmdq": 3, "read": {"device_start": -1, "device_end": -1}}, "empty71": {"write": {"device_start": -1, "host_queued_start": 1585624235.683039, "device_queued": -1, "device_end": -1, "host_queued_end": 1585624235.727584}, "device": "cpu", "nd_range": {"device_start": 2292009.917789489, "device_end": 2292009.917791624}, "cmdq": 3, "read": {"device_start": -1, "device_end": -1}}, "softmax41": {"write": {"device_start": -1, "host_queued_start": 1585624235.715745, "device_queued": -1, "device_end": -1, "host_queued_end": 1585624235.727584}, "device": "cpu", "nd_range": {"device_start": 2292010.0411095712, "device_end": 2292010.041313214}, "cmdq": 0, "read": {"device_start": -1, "device_end": -1}}, "FFC_sans_bias37": {"write": {"device_start": -1, "host_queued_start": 1585624235.698218, "device_queued": -1, "device_end": -1, "host_queued_end": 1585624235.727584}, "device": "cpu", "nd_range": {"device_start": 2292009.9670214662, "device_end": 2292009.982335084}, "cmdq": 1, "read": {"device_start": -1, "device_end": -1}}, "FFC_sans_bias36": {"write": {"device_start": -1, "host_queued_start": 1585624235.697062, "device_queued": -1, "device_end": -1, "host_queued_end": 1585624235.727584}, "device": "cpu", "nd_range": {"device_start": 2292009.96329201, "device_end": 2292009.978498946}, "cmdq": 0, "read": {"device_start": -1, "device_end": -1}}, "FFC_sans_bias34": {"write": {"device_start": -1, "host_queued_start": 1585624235.7235, "device_queued": -1, "device_end": -1, "host_queued_end": 1585624235.727584}, "device": "cpu", "nd_range": {"device_start": 2292010.0773639292, "device_end": 2292010.0925874943}, "cmdq": 3, "read": {"device_start": -1, "device_end": -1}}, "FFC_sans_bias33": {"write": {"device_start": -1, "host_queued_start": 1585624235.718039, "device_queued": -1, "device_end": -1, "host_queued_end": 1585624235.727584}, "device": "cpu", "nd_range": {"device_start": 2292010.0468944972, "device_end": 2292010.062125848}, "cmdq": 3, "read": {"device_start": -1, "device_end": -1}}, "FFC_sans_bias31": {"write": {"device_start": -1, "host_queued_start": 1585624235.712954, "device_queued": -1, "device_end": -1, "host_queued_end": 1585624235.727584}, "device": "cpu", "nd_range": {"device_start": 2292010.015458073, "device_end": 2292010.03077442}, "cmdq": 3, "read": {"device_start": -1, "device_end": -1}}, "FFC_sans_bias38": {"write": {"device_start": -1, "host_queued_start": 1585624235.699295, "device_queued": -1, "device_end": -1, "host_queued_end": 1585624235.727584}, "device": "cpu", "nd_range": {"device_start": 2292009.991166703, "device_end": 2292010.017587055}, "cmdq": 2, "read": {"device_start": -1, "device_end": -1}}, "coalesced_transpose75": {"write": {"device_start": -1, "host_queued_start": 1585624235.668557, "device_queued": -1, "device_end": -1, "host_queued_end": 1585624235.675073}, "device": "gpu", "nd_range": {"device_start": 1585624169.2161622, "device_end": 1585624169.2170033}, "cmdq": 0, "read": {"device_start": -1, "device_end": -1}}, "empty44": {"write": {"device_start": -1, "host_queued_start": 1585624235.680505, "device_queued": -1, "device_end": -1, "host_queued_end": 1585624235.727584}, "device": "cpu", "nd_range": {"device_start": 2292009.91722605, "device_end": 2292009.917227075}, "cmdq": 0, "read": {"device_start": -1, "device_end": -1}}, "empty8": {"write": {"device_start": -1, "host_queued_start": 1585624235.676533, "device_queued": -1, "device_end": -1, "host_queued_end": 1585624235.727584}, "device": "cpu", "nd_range": {"device_start": 2292009.917199335, "device_end": 2292009.917207906}, "cmdq": 0, "read": {"device_start": -1, "device_end": -1}}, "softmax50": {"write": {"device_start": -1, "host_queued_start": 1585624235.716021, "device_queued": -1, "device_end": -1, "host_queued_end": 1585624235.727584}, "device": "cpu", "nd_range": {"device_start": 2292010.048164628, "device_end": 2292010.0483714333}, "cmdq": 1, "read": {"device_start": -1, "device_end": -1}}, "softmax59": {"write": {"device_start": -1, "host_queued_start": 1585624235.716294, "device_queued": -1, "device_end": -1, "host_queued_end": 1585624235.727584}, "device": "cpu", "nd_range": {"device_start": 2292010.114439352, "device_end": 2292010.1145671923}, "cmdq": 2, "read": {"device_start": -1, "device_end": -1}}, "FFC_sans_bias24": {"write": {"device_start": -1, "host_queued_start": 1585624235.717694, "device_queued": -1, "device_end": -1, "host_queued_end": 1585624235.727584}, "device": "cpu", "nd_range": {"device_start": 2292010.1145727444, "device_end": 2292010.120097996}, "cmdq": 2, "read": {"device_start": -1, "device_end": -1}}, "FFC_sans_bias25": {"write": {"device_start": -1, "host_queued_start": 1585624235.722491, "device_queued": -1, "device_end": -1, "host_queued_end": 1585624235.727584}, "device": "cpu", "nd_range": {"device_start": 2292010.125373722, "device_end": 2292010.1307443483}, "cmdq": 2, "read": {"device_start": -1, "device_end": -1}}, "FFC_sans_bias27": {"write": {"device_start": -1, "host_queued_start": 1585624235.693869, "device_queued": -1, "device_end": -1, "host_queued_end": 1585624235.727584}, "device": "cpu", "nd_range": {"device_start": 2292009.9498609453, "device_end": 2292009.966910054}, "cmdq": 1, "read": {"device_start": -1, "device_end": -1}}, "FFC_sans_bias20": {"write": {"device_start": -1, "host_queued_start": 1585624235.692809, "device_queued": -1, "device_end": -1, "host_queued_end": 1585624235.727584}, "device": "cpu", "nd_range": {"device_start": 2292009.948009707, "device_end": 2292009.96328531}, "cmdq": 0, "read": {"device_start": -1, "device_end": -1}}, "FFC_sans_bias22": {"write": {"device_start": -1, "host_queued_start": 1585624235.712613, "device_queued": -1, "device_end": -1, "host_queued_end": 1585624235.727584}, "device": "cpu", "nd_range": {"device_start": 2292010.079886441, "device_end": 2292010.1034427453}, "cmdq": 2, "read": {"device_start": -1, "device_end": -1}}, "FFC_sans_bias28": {"write": {"device_start": -1, "host_queued_start": 1585624235.694947, "device_queued": -1, "device_end": -1, "host_queued_end": 1585624235.727584}, "device": "cpu", "nd_range": {"device_start": 2292009.966944248, "device_end": 2292009.991156774}, "cmdq": 2, "read": {"device_start": -1, "device_end": -1}}, "FFC_sans_bias29": {"write": {"device_start": -1, "host_queued_start": 1585624235.696009, "device_queued": -1, "device_end": -1, "host_queued_end": 1585624235.727584}, "device": "cpu", "nd_range": {"device_start": 2292009.9486454073, "device_end": 2292009.963833995}, "cmdq": 3, "read": {"device_start": -1, "device_end": -1}}, "coalesced_transpose66": {"write": {"device_start": -1, "host_queued_start": 1585624235.711574, "device_queued": -1, "device_end": -1, "host_queued_end": 1585624235.727584}, "device": "cpu", "nd_range": {"device_start": 2292010.015091435, "device_end": 2292010.015343266}, "cmdq": 3, "read": {"device_start": -1, "device_end": -1}}, "coalesced_transpose93": {"write": {"device_start": -1, "host_queued_start": 1585624235.669152, "device_queued": -1, "device_end": -1, "host_queued_end": 1585624235.675073}, "device": "gpu", "nd_range": {"device_start": 1585624169.2171152, "device_end": 1585624169.217978}, "cmdq": 2, "read": {"device_start": -1, "device_end": -1}}, "softmax23": {"write": {"device_start": -1, "host_queued_start": 1585624235.715191, "device_queued": -1, "device_end": -1, "host_queued_end": 1585624235.727584}, "device": "cpu", "nd_range": {"device_start": 2292010.11427631, "device_end": 2292010.1144318143}, "cmdq": 2, "read": {"device_start": -1, "device_end": -1}}, "empty62": {"write": {"device_start": -1, "host_queued_start": 1585624235.68211, "device_queued": -1, "device_end": -1, "host_queued_end": 1585624235.727584}, "device": "cpu", "nd_range": {"device_start": 2292009.917225093, "device_end": 2292009.9172262023}, "cmdq": 2, "read": {"device_start": -1, "device_end": -1}}, "FFC_sans_bias10": {"write": {"device_start": -1, "host_queued_start": 1585624235.688517, "device_queued": -1, "device_end": -1, "host_queued_end": 1585624235.727584}, "device": "cpu", "nd_range": {"device_start": 2292009.932685914, "device_end": 2292009.9479985284}, "cmdq": 0, "read": {"device_start": -1, "device_end": -1}}, "FFC_sans_bias13": {"write": {"device_start": -1, "host_queued_start": 1585624235.712267, "device_queued": -1, "device_end": -1, "host_queued_end": 1585624235.727584}, "device": "cpu", "nd_range": {"device_start": 2292010.0151877142, "device_end": 2292010.0322208903}, "cmdq": 1, "read": {"device_start": -1, "device_end": -1}}, "FFC_sans_bias15": {"write": {"device_start": -1, "host_queued_start": 1585624235.717345, "device_queued": -1, "device_end": -1, "host_queued_end": 1585624235.727584}, "device": "cpu", "nd_range": {"device_start": 2292010.0483798203, "device_end": 2292010.065107562}, "cmdq": 1, "read": {"device_start": -1, "device_end": -1}}, "FFC_sans_bias16": {"write": {"device_start": -1, "host_queued_start": 1585624235.721491, "device_queued": -1, "device_end": -1, "host_queued_end": 1585624235.727584}, "device": "cpu", "nd_range": {"device_start": 2292010.080957203, "device_end": 2292010.096884421}, "cmdq": 1, "read": {"device_start": -1, "device_end": -1}}, "FFC_sans_bias19": {"write": {"device_start": -1, "host_queued_start": 1585624235.691742, "device_queued": -1, "device_end": -1, "host_queued_end": 1585624235.727584}, "device": "cpu", "nd_range": {"device_start": 2292009.933297341, "device_end": 2292009.94852864}, "cmdq": 3, "read": {"device_start": -1, "device_end": -1}}, "FFC_sans_bias18": {"write": {"device_start": -1, "host_queued_start": 1585624235.690664, "device_queued": -1, "device_end": -1, "host_queued_end": 1585624235.727584}, "device": "cpu", "nd_range": {"device_start": 2292009.936481804, "device_end": 2292009.959171997}, "cmdq": 2, "read": {"device_start": -1, "device_end": -1}}, "FFC_sans_bias91": {"write": {"device_start": 1585624169.2153502, "host_queued_start": 1585624235.667147, "device_queued": 1585624169.2132595, "device_end": 1585624169.215376, "host_queued_end": 1585624235.675073}, "device": "gpu", "nd_range": {"device_start": 1585624169.2153823, "device_end": 1585624169.2166586}, "cmdq": 1, "read": {"device_start": -1, "device_end": -1}}, "FFC_sans_bias90": {"write": {"device_start": 1585624169.214812, "host_queued_start": 1585624235.666069, "device_queued": 1585624169.2131171, "device_end": 1585624169.214843, "host_queued_end": 1585624235.675073}, "device": "gpu", "nd_range": {"device_start": 1585624169.214848, "device_end": 1585624169.2161605}, "cmdq": 0, "read": {"device_start": -1, "device_end": -1}}, "coalesced_transpose12": {"write": {"device_start": -1, "host_queued_start": 1585624235.709575, "device_queued": -1, "device_end": -1, "host_queued_end": 1585624235.727584}, "device": "cpu", "nd_range": {"device_start": 2292010.014465554, "device_end": 2292010.0147175402}, "cmdq": 1, "read": {"device_start": -1, "device_end": -1}}, "FFC_sans_bias94": {"write": {"device_start": -1, "host_queued_start": 1585624235.670091, "device_queued": -1, "device_end": -1, "host_queued_end": 1585624235.675073}, "device": "gpu", "nd_range": {"device_start": 1585624169.2179797, "device_end": 1585624169.2186027}, "cmdq": 2, "read": {"device_start": -1, "device_end": -1}}, "FFC_sans_bias97": {"write": {"device_start": 1585624169.2206643, "host_queued_start": 1585624235.674971, "device_queued": 1585624169.2142293, "device_end": 1585624169.2206945, "host_queued_end": 1585624235.675073}, "device": "gpu", "nd_range": {"device_start": 1585624169.2206979, "device_end": 1585624169.2214549}, "cmdq": 2, "read": {"device_start": 1585624169.221462, "device_end": 1585624169.2214851}}, "FFC_sans_bias96": {"write": {"device_start": -1, "host_queued_start": 1585624235.671827, "device_queued": -1, "device_end": -1, "host_queued_end": 1585624235.675073}, "device": "gpu", "nd_range": {"device_start": 1585624169.219242, "device_end": 1585624169.2205293}, "cmdq": 2, "read": {"device_start": -1, "device_end": -1}}, "softmax32": {"write": {"device_start": -1, "host_queued_start": 1585624235.715469, "device_queued": -1, "device_end": -1, "host_queued_end": 1585624235.727584}, "device": "cpu", "nd_range": {"device_start": 2292010.046262536, "device_end": 2292010.046476516}, "cmdq": 3, "read": {"device_start": -1, "device_end": -1}}, "coalesced_transpose84": {"write": {"device_start": -1, "host_queued_start": 1585624235.668851, "device_queued": -1, "device_end": -1, "host_queued_end": 1585624235.675073}, "device": "gpu", "nd_range": {"device_start": 1585624169.2166598, "device_end": 1585624169.2170215}, "cmdq": 1, "read": {"device_start": -1, "device_end": -1}}, "empty98": {"write": {"device_start": 1585624169.212532, "host_queued_start": 1585624235.658515, "device_queued": 1585624169.2123249, "device_end": 1585624169.2125907, "host_queued_end": 1585624235.675073}, "device": "gpu", "nd_range": {"device_start": 1585624169.2125983, "device_end": 1585624169.212602}, "cmdq": 2, "read": {"device_start": -1, "device_end": -1}}, "empty17": {"write": {"device_start": -1, "host_queued_start": 1585624235.677688, "device_queued": -1, "device_end": -1, "host_queued_end": 1585624235.727584}, "device": "cpu", "nd_range": {"device_start": 2292009.917700507, "device_end": 2292009.917704677}, "cmdq": 1, "read": {"device_start": -1, "device_end": -1}}, "FFC_sans_bias87": {"write": {"device_start": -1, "host_queued_start": 1585624235.671508, "device_queued": -1, "device_end": -1, "host_queued_end": 1585624235.675073}, "device": "gpu", "nd_range": {"device_start": 1585624169.2187865, "device_end": 1585624169.2195797}, "cmdq": 1, "read": {"device_start": -1, "device_end": -1}}, "FFC_sans_bias85": {"write": {"device_start": -1, "host_queued_start": 1585624235.669777, "device_queued": -1, "device_end": -1, "host_queued_end": 1585624235.675073}, "device": "gpu", "nd_range": {"device_start": 1585624169.2170231, "device_end": 1585624169.218082}, "cmdq": 1, "read": {"device_start": -1, "device_end": -1}}, "FFC_sans_bias82": {"write": {"device_start": 1585624169.2138166, "host_queued_start": 1585624235.663968, "device_queued": 1585624169.212922, "device_end": 1585624169.213847, "host_queued_end": 1585624235.675073}, "device": "gpu", "nd_range": {"device_start": 1585624169.2138512, "device_end": 1585624169.2152338}, "cmdq": 1, "read": {"device_start": -1, "device_end": -1}}, "FFC_sans_bias83": {"write": {"device_start": 1585624169.2143912, "host_queued_start": 1585624235.665023, "device_queued": 1585624169.2130527, "device_end": 1585624169.2144241, "host_queued_end": 1585624235.675073}, "device": "gpu", "nd_range": {"device_start": 1585624169.2144306, "device_end": 1585624169.215681}, "cmdq": 2, "read": {"device_start": -1, "device_end": -1}}, "FFC_sans_bias81": {"write": {"device_start": 1585624169.2133808, "host_queued_start": 1585624235.662739, "device_queued": 1585624169.2128704, "device_end": 1585624169.2134104, "host_queued_end": 1585624235.675073}, "device": "gpu", "nd_range": {"device_start": 1585624169.213414, "device_end": 1585624169.2146845}, "cmdq": 0, "read": {"device_start": -1, "device_end": -1}}, "FFC_sans_bias88": {"write": {"device_start": 1585624169.219715, "host_queued_start": 1585624235.673903, "device_queued": 1585624169.2141075, "device_end": 1585624169.219745, "host_queued_end": 1585624235.675073}, "device": "gpu", "nd_range": {"device_start": 1585624169.2197511, "device_end": 1585624169.220991}, "cmdq": 1, "read": {"device_start": 1585624169.2209976, "device_end": 1585624169.221021}}, "coalesced_transpose30": {"write": {"device_start": -1, "host_queued_start": 1585624235.71024, "device_queued": -1, "device_end": -1, "host_queued_end": 1585624235.727584}, "device": "cpu", "nd_range": {"device_start": 2292010.0098454542, "device_end": 2292010.010219619}, "cmdq": 3, "read": {"device_start": -1, "device_end": -1}}, "coalesced_transpose39": {"write": {"device_start": -1, "host_queued_start": 1585624235.710581, "device_queued": -1, "device_end": -1, "host_queued_end": 1585624235.727584}, "device": "cpu", "nd_range": {"device_start": 2292010.009544224, "device_end": 2292010.0097898804}, "cmdq": 0, "read": {"device_start": -1, "device_end": -1}}, "FFC_sans_bias79": {"write": {"device_start": 1585624169.2191875, "host_queued_start": 1585624235.672858, "device_queued": 1585624169.2140594, "device_end": 1585624169.2192228, "host_queued_end": 1585624235.675073}, "device": "gpu", "nd_range": {"device_start": 1585624169.219228, "device_end": 1585624169.2200239}, "cmdq": 0, "read": {"device_start": 1585624169.2200289, "device_end": 1585624169.220052}}, "FFC_sans_bias78": {"write": {"device_start": -1, "host_queued_start": 1585624235.671179, "device_queued": -1, "device_end": -1, "host_queued_end": 1585624235.675073}, "device": "gpu", "nd_range": {"device_start": 1585624169.2183337, "device_end": 1585624169.2190487}, "cmdq": 0, "read": {"device_start": -1, "device_end": -1}}, "FFC_sans_bias73": {"write": {"device_start": 1585624169.2127671, "host_queued_start": 1585624235.660628, "device_queued": 1585624169.2126634, "device_end": 1585624169.2128344, "host_queued_end": 1585624235.675073}, "device": "gpu", "nd_range": {"device_start": 1585624169.2128391, "device_end": 1585624169.2136781}, "cmdq": 1, "read": {"device_start": -1, "device_end": -1}}, "FFC_sans_bias72": {"write": {"device_start": 1585624169.212627, "host_queued_start": 1585624235.659573, "device_queued": 1585624169.2124095, "device_end": 1585624169.212657, "host_queued_end": 1585624235.675073}, "device": "gpu", "nd_range": {"device_start": 1585624169.2126672, "device_end": 1585624169.2132804}, "cmdq": 0, "read": {"device_start": -1, "device_end": -1}}, "FFC_sans_bias70": {"write": {"device_start": -1, "host_queued_start": 1585624235.727539, "device_queued": -1, "device_end": -1, "host_queued_end": 1585624235.727584}, "device": "cpu", "nd_range": {"device_start": 2292010.092591987, "device_end": 2292010.107849777}, "cmdq": 3, "read": {"device_start": -1, "device_end": -1}}, "FFC_sans_bias76": {"write": {"device_start": -1, "host_queued_start": 1585624235.669464, "device_queued": -1, "device_end": -1, "host_queued_end": 1585624235.675073}, "device": "gpu", "nd_range": {"device_start": 1585624169.2170045, "device_end": 1585624169.2176213}, "cmdq": 0, "read": {"device_start": -1, "device_end": -1}}, "FFC_sans_bias74": {"write": {"device_start": 1585624169.2128546, "host_queued_start": 1585624235.661675, "device_queued": 1585624169.2126873, "device_end": 1585624169.212887, "host_queued_end": 1585624235.675073}, "device": "gpu", "nd_range": {"device_start": 1585624169.2128918, "device_end": 1585624169.2142582}, "cmdq": 2, "read": {"device_start": -1, "device_end": -1}}, "coalesced_transpose3": {"write": {"device_start": -1, "host_queued_start": 1585624235.70924, "device_queued": -1, "device_end": -1, "host_queued_end": 1585624235.727584}, "device": "cpu", "nd_range": {"device_start": 2292010.009176693, "device_end": 2292010.009429458}, "cmdq": 0, "read": {"device_start": -1, "device_end": -1}}, "empty89": {"write": {"device_start": 1585624169.2124186, "host_queued_start": 1585624235.657606, "device_queued": 1585624169.212301, "device_end": 1585624169.2124805, "host_queued_end": 1585624235.675073}, "device": "gpu", "nd_range": {"device_start": 1585624169.2124853, "device_end": 1585624169.2124898}, "cmdq": 1, "read": {"device_start": -1, "device_end": -1}}, "empty80": {"write": {"device_start": 1585624169.2123034, "host_queued_start": 1585624235.656568, "device_queued": 1585624169.212167, "device_end": 1585624169.2123637, "host_queued_end": 1585624235.675073}, "device": "gpu", "nd_range": {"device_start": 1585624169.2123678, "device_end": 1585624169.21238}, "cmdq": 0, "read": {"device_start": -1, "device_end": -1}}, "coalesced_transpose21": {"write": {"device_start": -1, "host_queued_start": 1585624235.709906, "device_queued": -1, "device_end": -1, "host_queued_end": 1585624235.727584}, "device": "cpu", "nd_range": {"device_start": 2292010.070963943, "device_end": 2292010.079365193}, "cmdq": 2, "read": {"device_start": -1, "device_end": -1}}, "softmax14": {"write": {"device_start": -1, "host_queued_start": 1585624235.714916, "device_queued": -1, "device_end": -1, "host_queued_end": 1585624235.727584}, "device": "cpu", "nd_range": {"device_start": 2292010.047841636, "device_end": 2292010.0480589373}, "cmdq": 1, "read": {"device_start": -1, "device_end": -1}}, "FFC_sans_bias69": {"write": {"device_start": -1, "host_queued_start": 1585624235.71943, "device_queued": -1, "device_end": -1, "host_queued_end": 1585624235.727584}, "device": "cpu", "nd_range": {"device_start": 2292010.062134474, "device_end": 2292010.077356554}, "cmdq": 3, "read": {"device_start": -1, "device_end": -1}}, "FFC_sans_bias92": {"write": {"device_start": 1585624169.21579, "host_queued_start": 1585624235.668228, "device_queued": 1585624169.213286, "device_end": 1585624169.2158144, "host_queued_end": 1585624235.675073}, "device": "gpu", "nd_range": {"device_start": 1585624169.215818, "device_end": 1585624169.2171082}, "cmdq": 2, "read": {"device_start": -1, "device_end": -1}}, "FFC_sans_bias60": {"write": {"device_start": -1, "host_queued_start": 1585624235.71908, "device_queued": -1, "device_end": -1, "host_queued_end": 1585624235.727584}, "device": "cpu", "nd_range": {"device_start": 2292010.120118929, "device_end": 2292010.125368733}, "cmdq": 2, "read": {"device_start": -1, "device_end": -1}}, "FFC_sans_bias61": {"write": {"device_start": -1, "host_queued_start": 1585624235.726519, "device_queued": -1, "device_end": -1, "host_queued_end": 1585624235.727584}, "device": "cpu", "nd_range": {"device_start": 2292010.130749096, "device_end": 2292010.135967614}, "cmdq": 2, "read": {"device_start": -1, "device_end": -1}}, "FFC_sans_bias63": {"write": {"device_start": -1, "host_queued_start": 1585624235.708908, "device_queued": -1, "device_end": -1, "host_queued_end": 1585624235.727584}, "device": "cpu", "nd_range": {"device_start": 2292009.994544418, "device_end": 2292010.009828022}, "cmdq": 3, "read": {"device_start": -1, "device_end": -1}}, "FFC_sans_bias64": {"write": {"device_start": -1, "host_queued_start": 1585624235.70673, "device_queued": -1, "device_end": -1, "host_queued_end": 1585624235.727584}, "device": "cpu", "nd_range": {"device_start": 2292009.99911994, "device_end": 2292010.014348174}, "cmdq": 1, "read": {"device_start": -1, "device_end": -1}}, "FFC_sans_bias65": {"write": {"device_start": -1, "host_queued_start": 1585624235.70781, "device_queued": -1, "device_end": -1, "host_queued_end": 1585624235.727584}, "device": "cpu", "nd_range": {"device_start": 2292010.039725835, "device_end": 2292010.0709557664}, "cmdq": 2, "read": {"device_start": -1, "device_end": -1}}, "FFC_sans_bias67": {"write": {"device_start": -1, "host_queued_start": 1585624235.714346, "device_queued": -1, "device_end": -1, "host_queued_end": 1585624235.727584}, "device": "cpu", "nd_range": {"device_start": 2292010.0308943694, "device_end": 2292010.0461482173}, "cmdq": 3, "read": {"device_start": -1, "device_end": -1}}, "softmax68": {"write": {"device_start": -1, "host_queued_start": 1585624235.716574, "device_queued": -1, "device_end": -1, "host_queued_end": 1585624235.727584}, "device": "cpu", "nd_range": {"device_start": 2292010.0465837233, "device_end": 2292010.046789513}, "cmdq": 3, "read": {"device_start": -1, "device_end": -1}}, "empty35": {"write": {"device_start": -1, "host_queued_start": 1585624235.679667, "device_queued": -1, "device_end": -1, "host_queued_end": 1585624235.727584}, "device": "cpu", "nd_range": {"device_start": 2292009.9176758253, "device_end": 2292009.917679844}, "cmdq": 3, "read": {"device_start": -1, "device_end": -1}}, "softmax86": {"write": {"device_start": -1, "host_queued_start": 1585624235.670615, "device_queued": -1, "device_end": -1, "host_queued_end": 1585624235.675073}, "device": "gpu", "nd_range": {"device_start": 1585624169.218083, "device_end": 1585624169.2187848}, "cmdq": 1, "read": {"device_start": -1, "device_end": -1}}, "FFC_sans_bias55": {"write": {"device_start": -1, "host_queued_start": 1585624235.705665, "device_queued": -1, "device_end": -1, "host_queued_end": 1585624235.727584}, "device": "cpu", "nd_range": {"device_start": 2292009.993753476, "device_end": 2292010.009032024}, "cmdq": 0, "read": {"device_start": -1, "device_end": -1}}, "FFC_sans_bias54": {"write": {"device_start": -1, "host_queued_start": 1585624235.704605, "device_queued": -1, "device_end": -1, "host_queued_end": 1585624235.727584}, "device": "cpu", "nd_range": {"device_start": 2292009.9792734683, "device_end": 2292009.994536058}, "cmdq": 3, "read": {"device_start": -1, "device_end": -1}}, "FFC_sans_bias56": {"write": {"device_start": -1, "host_queued_start": 1585624235.70354, "device_queued": -1, "device_end": -1, "host_queued_end": 1585624235.727584}, "device": "cpu", "nd_range": {"device_start": 2292010.017594399, "device_end": 2292010.039715247}, "cmdq": 2, "read": {"device_start": -1, "device_end": -1}}, "FFC_sans_bias51": {"write": {"device_start": -1, "host_queued_start": 1585624235.718735, "device_queued": -1, "device_end": -1, "host_queued_end": 1585624235.727584}, "device": "cpu", "nd_range": {"device_start": 2292010.065115597, "device_end": 2292010.080949317}, "cmdq": 1, "read": {"device_start": -1, "device_end": -1}}, "FFC_sans_bias52": {"write": {"device_start": -1, "host_queued_start": 1585624235.725505, "device_queued": -1, "device_end": -1, "host_queued_end": 1585624235.727584}, "device": "cpu", "nd_range": {"device_start": 2292010.0968891713, "device_end": 2292010.111757879}, "cmdq": 1, "read": {"device_start": -1, "device_end": -1}}, "FFC_sans_bias58": {"write": {"device_start": -1, "host_queued_start": 1585624235.713999, "device_queued": -1, "device_end": -1, "host_queued_end": 1585624235.727584}, "device": "cpu", "nd_range": {"device_start": 2292010.1034512264, "device_end": 2292010.114270987}, "cmdq": 2, "read": {"device_start": -1, "device_end": -1}}, "softmax95": {"write": {"device_start": -1, "host_queued_start": 1585624235.670858, "device_queued": -1, "device_end": -1, "host_queued_end": 1585624235.675073}, "device": "gpu", "nd_range": {"device_start": 1585624169.2186038, "device_end": 1585624169.219241}, "cmdq": 2, "read": {"device_start": -1, "device_end": -1}}, "coalesced_transpose57": {"write": {"device_start": -1, "host_queued_start": 1585624235.711243, "device_queued": -1, "device_end": -1, "host_queued_end": 1585624235.727584}, "device": "cpu", "nd_range": {"device_start": 2292010.079371996, "device_end": 2292010.0798804034}, "cmdq": 2, "read": {"device_start": -1, "device_end": -1}}, "empty26": {"write": {"device_start": -1, "host_queued_start": 1585624235.678766, "device_queued": -1, "device_end": -1, "host_queued_end": 1585624235.727584}, "device": "cpu", "nd_range": {"device_start": 2292009.917199249, "device_end": 2292009.917207937}, "cmdq": 2, "read": {"device_start": -1, "device_end": -1}}, "FFC_sans_bias11": {"write": {"device_start": -1, "host_queued_start": 1585624235.689582, "device_queued": -1, "device_end": -1, "host_queued_end": 1585624235.727584}, "device": "cpu", "nd_range": {"device_start": 2292009.933909294, "device_end": 2292009.949748799}, "cmdq": 1, "read": {"device_start": -1, "device_end": -1}}, "FFC_sans_bias42": {"write": {"device_start": -1, "host_queued_start": 1585624235.718385, "device_queued": -1, "device_end": -1, "host_queued_end": 1585624235.727584}, "device": "cpu", "nd_range": {"device_start": 2292010.056897677, "device_end": 2292010.0724442382}, "cmdq": 0, "read": {"device_start": -1, "device_end": -1}}, "FFC_sans_bias43": {"write": {"device_start": -1, "host_queued_start": 1585624235.7245, "device_queued": -1, "device_end": -1, "host_queued_end": 1585624235.727584}, "device": "cpu", "nd_range": {"device_start": 2292010.088363267, "device_end": 2292010.103827376}, "cmdq": 0, "read": {"device_start": -1, "device_end": -1}}, "FFC_sans_bias40": {"write": {"device_start": -1, "host_queued_start": 1585624235.713299, "device_queued": -1, "device_end": -1, "host_queued_end": 1585624235.727584}, "device": "cpu", "nd_range": {"device_start": 2292010.025397805, "device_end": 2292010.0406567613}, "cmdq": 0, "read": {"device_start": -1, "device_end": -1}}, "FFC_sans_bias46": {"write": {"device_start": -1, "host_queued_start": 1585624235.701403, "device_queued": -1, "device_end": -1, "host_queued_end": 1585624235.727584}, "device": "cpu", "nd_range": {"device_start": 2292009.978506389, "device_end": 2292009.993743637}, "cmdq": 0, "read": {"device_start": -1, "device_end": -1}}, "FFC_sans_bias47": {"write": {"device_start": -1, "host_queued_start": 1585624235.70246, "device_queued": -1, "device_end": -1, "host_queued_end": 1585624235.727584}, "device": "cpu", "nd_range": {"device_start": 2292009.982454225, "device_end": 2292009.998995256}, "cmdq": 1, "read": {"device_start": -1, "device_end": -1}}, "FFC_sans_bias45": {"write": {"device_start": -1, "host_queued_start": 1585624235.700352, "device_queued": -1, "device_end": -1, "host_queued_end": 1585624235.727584}, "device": "cpu", "nd_range": {"device_start": 2292009.963948132, "device_end": 2292009.979155335}, "cmdq": 3, "read": {"device_start": -1, "device_end": -1}}, "FFC_sans_bias49": {"write": {"device_start": -1, "host_queued_start": 1585624235.713652, "device_queued": -1, "device_end": -1, "host_queued_end": 1585624235.727584}, "device": "cpu", "nd_range": {"device_start": 2292010.032338138, "device_end": 2292010.0477289152}, "cmdq": 1, "read": {"device_start": -1, "device_end": -1}}, "softmax77": {"write": {"device_start": -1, "host_queued_start": 1585624235.670339, "device_queued": -1, "device_end": -1, "host_queued_end": 1585624235.675073}, "device": "gpu", "nd_range": {"device_start": 1585624169.2176223, "device_end": 1585624169.2183323}, "cmdq": 0, "read": {"device_start": -1, "device_end": -1}}, "softmax5": {"write": {"device_start": -1, "host_queued_start": 1585624235.714633, "device_queued": -1, "device_end": -1, "host_queued_end": 1585624235.727584}, "device": "cpu", "nd_range": {"device_start": 2292010.0407739053, "device_end": 2292010.0410005813}, "cmdq": 0, "read": {"device_start": -1, "device_end": -1}}, "empty53": {"write": {"device_start": -1, "host_queued_start": 1585624235.681303, "device_queued": -1, "device_end": -1, "host_queued_end": 1585624235.727584}, "device": "cpu", "nd_range": {"device_start": 2292009.917718986, "device_end": 2292009.917719948}, "cmdq": 1, "read": {"device_start": -1, "device_end": -1}}, "coalesced_transpose48": {"write": {"device_start": -1, "host_queued_start": 1585624235.710914, "device_queued": -1, "device_end": -1, "host_queued_end": 1585624235.727584}, "device": "cpu", "nd_range": {"device_start": 2292010.014827561, "device_end": 2292010.015076618}, "cmdq": 1, "read": {"device_start": -1, "device_end": -1}}}