{"FFC_sans_bias4": {"write": {"device_start": -1, "host_queued_start": 1585625186.843886, "device_queued": -1, "device_end": -1, "host_queued_end": 1585625186.863737}, "device": "cpu", "nd_range": {"device_start": 2292961.144651031, "device_end": 2292961.1599812093}, "cmdq": 0, "read": {"device_start": -1, "device_end": -1}}, "FFC_sans_bias7": {"write": {"device_start": -1, "host_queued_start": 1585625186.854583, "device_queued": -1, "device_end": -1, "host_queued_end": 1585625186.863737}, "device": "cpu", "nd_range": {"device_start": 2292961.207488499, "device_end": 2292961.222781483}, "cmdq": 0, "read": {"device_start": -1, "device_end": -1}}, "FFC_sans_bias6": {"write": {"device_start": -1, "host_queued_start": 1585625186.850217, "device_queued": -1, "device_end": -1, "host_queued_end": 1585625186.863737}, "device": "cpu", "nd_range": {"device_start": 2292961.1762058223, "device_end": 2292961.191475809}, "cmdq": 0, "read": {"device_start": -1, "device_end": -1}}, "FFC_sans_bias1": {"write": {"device_start": -1, "host_queued_start": 1585625186.810015, "device_queued": -1, "device_end": -1, "host_queued_end": 1585625186.863737}, "device": "cpu", "nd_range": {"device_start": 2292961.062671538, "device_end": 2292961.0703375773}, "cmdq": 1, "read": {"device_start": -1, "device_end": -1}}, "FFC_sans_bias0": {"write": {"device_start": -1, "host_queued_start": 1585625186.808955, "device_queued": -1, "device_end": -1, "host_queued_end": 1585625186.863737}, "device": "cpu", "nd_range": {"device_start": 2292961.055117649, "device_end": 2292961.0626404313}, "cmdq": 0, "read": {"device_start": -1, "device_end": -1}}, "FFC_sans_bias2": {"write": {"device_start": -1, "host_queued_start": 1585625186.811106, "device_queued": -1, "device_end": -1, "host_queued_end": 1585625186.863737}, "device": "cpu", "nd_range": {"device_start": 2292961.238184186, "device_end": 2292961.2535019033}, "cmdq": 2, "read": {"device_start": -1, "device_end": -1}}, "FFC_sans_bias9": {"write": {"device_start": -1, "host_queued_start": 1585625186.81217, "device_queued": -1, "device_end": -1, "host_queued_end": 1585625186.863737}, "device": "cpu", "nd_range": {"device_start": 2292961.068055049, "device_end": 2292961.084102747}, "cmdq": 3, "read": {"device_start": -1, "device_end": -1}}, "empty71": {"write": {"device_start": -1, "host_queued_start": 1585625186.806325, "device_queued": -1, "device_end": -1, "host_queued_end": 1585625186.863737}, "device": "cpu", "nd_range": {"device_start": 2292961.054844976, "device_end": 2292961.054845925}, "cmdq": 2, "read": {"device_start": -1, "device_end": -1}}, "softmax41": {"write": {"device_start": -1, "host_queued_start": 1585625186.848469, "device_queued": -1, "device_end": -1, "host_queued_end": 1585625186.863737}, "device": "cpu", "nd_range": {"device_start": 2292961.246979524, "device_end": 2292961.250099693}, "cmdq": 4, "read": {"device_start": -1, "device_end": -1}}, "FFC_sans_bias37": {"write": {"device_start": -1, "host_queued_start": 1585625186.822914, "device_queued": -1, "device_end": -1, "host_queued_end": 1585625186.863737}, "device": "cpu", "nd_range": {"device_start": 2292961.099949325, "device_end": 2292961.115626216}, "cmdq": 3, "read": {"device_start": -1, "device_end": -1}}, "FFC_sans_bias36": {"write": {"device_start": -1, "host_queued_start": 1585625186.821857, "device_queued": -1, "device_end": -1, "host_queued_end": 1585625186.863737}, "device": "cpu", "nd_range": {"device_start": 2292961.2687034123, "device_end": 2292961.2838607393}, "cmdq": 2, "read": {"device_start": -1, "device_end": -1}}, "FFC_sans_bias34": {"write": {"device_start": -1, "host_queued_start": 1585625186.857611, "device_queued": -1, "device_end": -1, "host_queued_end": 1585625186.863737}, "device": "cpu", "nd_range": {"device_start": 2292961.234941612, "device_end": 2292961.251449755}, "cmdq": 3, "read": {"device_start": -1, "device_end": -1}}, "FFC_sans_bias33": {"write": {"device_start": -1, "host_queued_start": 1585625186.851352, "device_queued": -1, "device_end": -1, "host_queued_end": 1585625186.863737}, "device": "cpu", "nd_range": {"device_start": 2292961.201267491, "device_end": 2292961.217764873}, "cmdq": 3, "read": {"device_start": -1, "device_end": -1}}, "FFC_sans_bias31": {"write": {"device_start": -1, "host_queued_start": 1585625186.84495, "device_queued": -1, "device_end": -1, "host_queued_end": 1585625186.863737}, "device": "cpu", "nd_range": {"device_start": 2292961.166259199, "device_end": 2292961.181483141}, "cmdq": 3, "read": {"device_start": -1, "device_end": -1}}, "FFC_sans_bias38": {"write": {"device_start": -1, "host_queued_start": 1585625186.823981, "device_queued": -1, "device_end": -1, "host_queued_end": 1585625186.863737}, "device": "cpu", "nd_range": {"device_start": 2292961.097231014, "device_end": 2292961.1125357393}, "cmdq": 4, "read": {"device_start": -1, "device_end": -1}}, "coalesced_transpose75": {"write": {"device_start": -1, "host_queued_start": 1585625186.843174, "device_queued": -1, "device_end": -1, "host_queued_end": 1585625186.863737}, "device": "cpu", "nd_range": {"device_start": 2292961.16599025, "device_end": 2292961.1662529684}, "cmdq": 3, "read": {"device_start": -1, "device_end": -1}}, "empty44": {"write": {"device_start": -1, "host_queued_start": 1585625186.803645, "device_queued": -1, "device_end": -1, "host_queued_end": 1585625186.863737}, "device": "cpu", "nd_range": {"device_start": 2292961.05375533, "device_end": 2292961.053756365}, "cmdq": 4, "read": {"device_start": -1, "device_end": -1}}, "empty8": {"write": {"device_start": -1, "host_queued_start": 1585625186.799537, "device_queued": -1, "device_end": -1, "host_queued_end": 1585625186.863737}, "device": "cpu", "nd_range": {"device_start": 2292961.053365568, "device_end": 2292961.053376115}, "cmdq": 0, "read": {"device_start": -1, "device_end": -1}}, "softmax50": {"write": {"device_start": -1, "host_queued_start": 1585625186.848748, "device_queued": -1, "device_end": -1, "host_queued_end": 1585625186.863737}, "device": "cpu", "nd_range": {"device_start": 2292961.175871606, "device_end": 2292961.1760956123}, "cmdq": 0, "read": {"device_start": -1, "device_end": -1}}, "softmax59": {"write": {"device_start": -1, "host_queued_start": 1585625186.84903, "device_queued": -1, "device_end": -1, "host_queued_end": 1585625186.863737}, "device": "cpu", "nd_range": {"device_start": 2292961.235001976, "device_end": 2292961.235226505}, "cmdq": 1, "read": {"device_start": -1, "device_end": -1}}, "FFC_sans_bias24": {"write": {"device_start": -1, "host_queued_start": 1585625186.850924, "device_queued": -1, "device_end": -1, "host_queued_end": 1585625186.863737}, "device": "cpu", "nd_range": {"device_start": 2292961.3236426744, "device_end": 2292961.3276041374}, "cmdq": 2, "read": {"device_start": -1, "device_end": -1}}, "FFC_sans_bias25": {"write": {"device_start": -1, "host_queued_start": 1585625186.856604, "device_queued": -1, "device_end": -1, "host_queued_end": 1585625186.863737}, "device": "cpu", "nd_range": {"device_start": 2292961.33186609, "device_end": 2292961.335765521}, "cmdq": 2, "read": {"device_start": -1, "device_end": -1}}, "FFC_sans_bias27": {"write": {"device_start": -1, "host_queued_start": 1585625186.818677, "device_queued": -1, "device_end": -1, "host_queued_end": 1585625186.863737}, "device": "cpu", "nd_range": {"device_start": 2292961.0818829983, "device_end": 2292961.0971120372}, "cmdq": 4, "read": {"device_start": -1, "device_end": -1}}, "FFC_sans_bias20": {"write": {"device_start": -1, "host_queued_start": 1585625186.817614, "device_queued": -1, "device_end": -1, "host_queued_end": 1585625186.863737}, "device": "cpu", "nd_range": {"device_start": 2292961.084234952, "device_end": 2292961.09982721}, "cmdq": 3, "read": {"device_start": -1, "device_end": -1}}, "FFC_sans_bias22": {"write": {"device_start": -1, "host_queued_start": 1585625186.844599, "device_queued": -1, "device_end": -1, "host_queued_end": 1585625186.863737}, "device": "cpu", "nd_range": {"device_start": 2292961.311838069, "device_end": 2292961.3181484723}, "cmdq": 2, "read": {"device_start": -1, "device_end": -1}}, "FFC_sans_bias28": {"write": {"device_start": -1, "host_queued_start": 1585625186.819736, "device_queued": -1, "device_end": -1, "host_queued_end": 1585625186.863737}, "device": "cpu", "nd_range": {"device_start": 2292961.0824782713, "device_end": 2292961.097714329}, "cmdq": 0, "read": {"device_start": -1, "device_end": -1}}, "FFC_sans_bias29": {"write": {"device_start": -1, "host_queued_start": 1585625186.820802, "device_queued": -1, "device_end": -1, "host_queued_end": 1585625186.863737}, "device": "cpu", "nd_range": {"device_start": 2292961.096715772, "device_end": 2292961.1192082223}, "cmdq": 1, "read": {"device_start": -1, "device_end": -1}}, "coalesced_transpose66": {"write": {"device_start": -1, "host_queued_start": 1585625186.842839, "device_queued": -1, "device_end": -1, "host_queued_end": 1585625186.863737}, "device": "cpu", "nd_range": {"device_start": 2292961.311575626, "device_end": 2292961.31183238}, "cmdq": 2, "read": {"device_start": -1, "device_end": -1}}, "coalesced_transpose93": {"write": {"device_start": -1, "host_queued_start": 1585625186.793665, "device_queued": -1, "device_end": -1, "host_queued_end": 1585625186.798055}, "device": "gpu", "nd_range": {"device_start": 1585625120.3124895, "device_end": 1585625120.3133526}, "cmdq": 2, "read": {"device_start": -1, "device_end": -1}}, "softmax23": {"write": {"device_start": -1, "host_queued_start": 1585625186.847904, "device_queued": -1, "device_end": -1, "host_queued_end": 1585625186.863737}, "device": "cpu", "nd_range": {"device_start": 2292961.323416679, "device_end": 2292961.323536509}, "cmdq": 2, "read": {"device_start": -1, "device_end": -1}}, "empty62": {"write": {"device_start": -1, "host_queued_start": 1585625186.805489, "device_queued": -1, "device_end": -1, "host_queued_end": 1585625186.863737}, "device": "cpu", "nd_range": {"device_start": 2292961.054767061, "device_end": 2292961.054768499}, "cmdq": 1, "read": {"device_start": -1, "device_end": -1}}, "FFC_sans_bias10": {"write": {"device_start": -1, "host_queued_start": 1585625186.813248, "device_queued": -1, "device_end": -1, "host_queued_end": 1585625186.863737}, "device": "cpu", "nd_range": {"device_start": 2292961.0665981043, "device_end": 2292961.0817469833}, "cmdq": 4, "read": {"device_start": -1, "device_end": -1}}, "FFC_sans_bias13": {"write": {"device_start": -1, "host_queued_start": 1585625186.844242, "device_queued": -1, "device_end": -1, "host_queued_end": 1585625186.863737}, "device": "cpu", "nd_range": {"device_start": 2292961.1740773013, "device_end": 2292961.1894535073}, "cmdq": 1, "read": {"device_start": -1, "device_end": -1}}, "FFC_sans_bias15": {"write": {"device_start": -1, "host_queued_start": 1585625186.850567, "device_queued": -1, "device_end": -1, "host_queued_end": 1585625186.863737}, "device": "cpu", "nd_range": {"device_start": 2292961.235233204, "device_end": 2292961.250423721}, "cmdq": 1, "read": {"device_start": -1, "device_end": -1}}, "FFC_sans_bias16": {"write": {"device_start": -1, "host_queued_start": 1585625186.855593, "device_queued": -1, "device_end": -1, "host_queued_end": 1585625186.863737}, "device": "cpu", "nd_range": {"device_start": 2292961.265788741, "device_end": 2292961.277212584}, "cmdq": 1, "read": {"device_start": -1, "device_end": -1}}, "FFC_sans_bias19": {"write": {"device_start": -1, "host_queued_start": 1585625186.816548, "device_queued": -1, "device_end": -1, "host_queued_end": 1585625186.863737}, "device": "cpu", "nd_range": {"device_start": 2292961.25350996, "device_end": 2292961.2686965163}, "cmdq": 2, "read": {"device_start": -1, "device_end": -1}}, "FFC_sans_bias18": {"write": {"device_start": -1, "host_queued_start": 1585625186.81549, "device_queued": -1, "device_end": -1, "host_queued_end": 1585625186.863737}, "device": "cpu", "nd_range": {"device_start": 2292961.070466007, "device_end": 2292961.0909068803}, "cmdq": 1, "read": {"device_start": -1, "device_end": -1}}, "FFC_sans_bias99": {"write": {"device_start": 1585625120.3112333, "host_queued_start": 1585625186.791195, "device_queued": 1585625120.310481, "device_end": 1585625120.3112645, "host_queued_end": 1585625186.798055}, "device": "gpu", "nd_range": {"device_start": 1585625120.3112693, "device_end": 1585625120.3124883}, "cmdq": 2, "read": {"device_start": -1, "device_end": -1}}, "FFC_sans_bias91": {"write": {"device_start": 1585625120.3105118, "host_queued_start": 1585625186.789053, "device_queued": 1585625120.3104098, "device_end": 1585625120.3105865, "host_queued_end": 1585625186.798055}, "device": "gpu", "nd_range": {"device_start": 1585625120.3105917, "device_end": 1585625120.3115048}, "cmdq": 0, "read": {"device_start": -1, "device_end": -1}}, "FFC_sans_bias90": {"write": {"device_start": 1585625120.3104165, "host_queued_start": 1585625186.787969, "device_queued": 1585625120.310171, "device_end": 1585625120.3104932, "host_queued_end": 1585625186.798055}, "device": "gpu", "nd_range": {"device_start": 1585625120.3104975, "device_end": 1585625120.311098}, "cmdq": 2, "read": {"device_start": -1, "device_end": -1}}, "coalesced_transpose12": {"write": {"device_start": -1, "host_queued_start": 1585625186.840807, "device_queued": -1, "device_end": -1, "host_queued_end": 1585625186.863737}, "device": "cpu", "nd_range": {"device_start": 2292961.173351232, "device_end": 2292961.1735977894}, "cmdq": 1, "read": {"device_start": -1, "device_end": -1}}, "FFC_sans_bias94": {"write": {"device_start": -1, "host_queued_start": 1585625186.794305, "device_queued": -1, "device_end": -1, "host_queued_end": 1585625186.798055}, "device": "gpu", "nd_range": {"device_start": 1585625120.3134665, "device_end": 1585625120.3140674}, "cmdq": 1, "read": {"device_start": -1, "device_end": -1}}, "FFC_sans_bias97": {"write": {"device_start": 1585625120.314769, "host_queued_start": 1585625186.796877, "device_queued": 1585625120.311288, "device_end": 1585625120.3147984, "host_queued_end": 1585625186.798055}, "device": "gpu", "nd_range": {"device_start": 1585625120.3152757, "device_end": 1585625120.3162777}, "cmdq": 1, "read": {"device_start": 1585625120.3162804, "device_end": 1585625120.3163033}}, "FFC_sans_bias96": {"write": {"device_start": -1, "host_queued_start": 1585625186.795519, "device_queued": -1, "device_end": -1, "host_queued_end": 1585625186.798055}, "device": "gpu", "nd_range": {"device_start": 1585625120.314678, "device_end": 1585625120.3152666}, "cmdq": 2, "read": {"device_start": -1, "device_end": -1}}, "softmax32": {"write": {"device_start": -1, "host_queued_start": 1585625186.848188, "device_queued": -1, "device_end": -1, "host_queued_end": 1585625186.863737}, "device": "cpu", "nd_range": {"device_start": 2292961.2003190313, "device_end": 2292961.200591357}, "cmdq": 3, "read": {"device_start": -1, "device_end": -1}}, "coalesced_transpose84": {"write": {"device_start": -1, "host_queued_start": 1585625186.843509, "device_queued": -1, "device_end": -1, "host_queued_end": 1585625186.863737}, "device": "cpu", "nd_range": {"device_start": 2292961.187040857, "device_end": 2292961.187289588}, "cmdq": 4, "read": {"device_start": -1, "device_end": -1}}, "empty98": {"write": {"device_start": 1585625120.310215, "host_queued_start": 1585625186.785823, "device_queued": 1585625120.3100514, "device_end": 1585625120.310284, "host_queued_end": 1585625186.798055}, "device": "gpu", "nd_range": {"device_start": 1585625120.3102882, "device_end": 1585625120.310294}, "cmdq": 0, "read": {"device_start": -1, "device_end": -1}}, "empty107": {"write": {"device_start": 1585625120.3103163, "host_queued_start": 1585625186.786954, "device_queued": 1585625120.3101509, "device_end": 1585625120.3103926, "host_queued_end": 1585625186.798055}, "device": "gpu", "nd_range": {"device_start": 1585625120.3103976, "device_end": 1585625120.3104057}, "cmdq": 1, "read": {"device_start": -1, "device_end": -1}}, "empty17": {"write": {"device_start": -1, "host_queued_start": 1585625186.800776, "device_queued": -1, "device_end": -1, "host_queued_end": 1585625186.863737}, "device": "cpu", "nd_range": {"device_start": 2292961.053444786, "device_end": 2292961.0534478663}, "cmdq": 1, "read": {"device_start": -1, "device_end": -1}}, "FFC_sans_bias87": {"write": {"device_start": -1, "host_queued_start": 1585625186.853508, "device_queued": -1, "device_end": -1, "host_queued_end": 1585625186.863737}, "device": "cpu", "nd_range": {"device_start": 2292961.272847048, "device_end": 2292961.2933184654}, "cmdq": 4, "read": {"device_start": -1, "device_end": -1}}, "FFC_sans_bias85": {"write": {"device_start": -1, "host_queued_start": 1585625186.847063, "device_queued": -1, "device_end": -1, "host_queued_end": 1585625186.863737}, "device": "cpu", "nd_range": {"device_start": 2292961.215442403, "device_end": 2292961.246970848}, "cmdq": 4, "read": {"device_start": -1, "device_end": -1}}, "FFC_sans_bias82": {"write": {"device_start": -1, "host_queued_start": 1585625186.839043, "device_queued": -1, "device_end": -1, "host_queued_end": 1585625186.863737}, "device": "cpu", "nd_range": {"device_start": 2292961.149636574, "device_end": 2292961.165601787}, "cmdq": 3, "read": {"device_start": -1, "device_end": -1}}, "FFC_sans_bias83": {"write": {"device_start": -1, "host_queued_start": 1585625186.84013, "device_queued": -1, "device_end": -1, "host_queued_end": 1585625186.863737}, "device": "cpu", "nd_range": {"device_start": 2292961.1556306183, "device_end": 2292961.1794450413}, "cmdq": 4, "read": {"device_start": -1, "device_end": -1}}, "FFC_sans_bias81": {"write": {"device_start": -1, "host_queued_start": 1585625186.837949, "device_queued": -1, "device_end": -1, "host_queued_end": 1585625186.863737}, "device": "cpu", "nd_range": {"device_start": 2292961.300335715, "device_end": 2292961.3112938483}, "cmdq": 2, "read": {"device_start": -1, "device_end": -1}}, "FFC_sans_bias88": {"write": {"device_start": -1, "host_queued_start": 1585625186.863692, "device_queued": -1, "device_end": -1, "host_queued_end": 1585625186.863737}, "device": "cpu", "nd_range": {"device_start": 2292961.304011472, "device_end": 2292961.313782899}, "cmdq": 4, "read": {"device_start": -1, "device_end": -1}}, "coalesced_transpose30": {"write": {"device_start": -1, "host_queued_start": 1585625186.841484, "device_queued": -1, "device_end": -1, "host_queued_end": 1585625186.863737}, "device": "cpu", "nd_range": {"device_start": 2292961.165731279, "device_end": 2292961.165982598}, "cmdq": 3, "read": {"device_start": -1, "device_end": -1}}, "coalesced_transpose39": {"write": {"device_start": -1, "host_queued_start": 1585625186.841821, "device_queued": -1, "device_end": -1, "host_queued_end": 1585625186.863737}, "device": "cpu", "nd_range": {"device_start": 2292961.186417765, "device_end": 2292961.1866646893}, "cmdq": 4, "read": {"device_start": -1, "device_end": -1}}, "FFC_sans_bias79": {"write": {"device_start": -1, "host_queued_start": 1585625186.862684, "device_queued": -1, "device_end": -1, "host_queued_end": 1585625186.863737}, "device": "cpu", "nd_range": {"device_start": 2292961.2514578593, "device_end": 2292961.268174693}, "cmdq": 3, "read": {"device_start": -1, "device_end": -1}}, "FFC_sans_bias78": {"write": {"device_start": -1, "host_queued_start": 1585625186.853141, "device_queued": -1, "device_end": -1, "host_queued_end": 1585625186.863737}, "device": "cpu", "nd_range": {"device_start": 2292961.217934127, "device_end": 2292961.234583721}, "cmdq": 3, "read": {"device_start": -1, "device_end": -1}}, "FFC_sans_bias73": {"write": {"device_start": -1, "host_queued_start": 1585625186.835729, "device_queued": -1, "device_end": -1, "host_queued_end": 1585625186.863737}, "device": "cpu", "nd_range": {"device_start": 2292961.1285967673, "device_end": 2292961.1438078294}, "cmdq": 0, "read": {"device_start": -1, "device_end": -1}}, "FFC_sans_bias72": {"write": {"device_start": -1, "host_queued_start": 1585625186.834669, "device_queued": -1, "device_end": -1, "host_queued_end": 1585625186.863737}, "device": "cpu", "nd_range": {"device_start": 2292961.128096695, "device_end": 2292961.1552958083}, "cmdq": 4, "read": {"device_start": -1, "device_end": -1}}, "FFC_sans_bias70": {"write": {"device_start": -1, "host_queued_start": 1585625186.861665, "device_queued": -1, "device_end": -1, "host_queued_end": 1585625186.863737}, "device": "cpu", "nd_range": {"device_start": 2292961.3357699392, "device_end": 2292961.340017221}, "cmdq": 2, "read": {"device_start": -1, "device_end": -1}}, "FFC_sans_bias76": {"write": {"device_start": -1, "host_queued_start": 1585625186.84671, "device_queued": -1, "device_end": -1, "host_queued_end": 1585625186.863737}, "device": "cpu", "nd_range": {"device_start": 2292961.1816102723, "device_end": 2292961.199942151}, "cmdq": 3, "read": {"device_start": -1, "device_end": -1}}, "FFC_sans_bias74": {"write": {"device_start": -1, "host_queued_start": 1585625186.836799, "device_queued": -1, "device_end": -1, "host_queued_end": 1585625186.863737}, "device": "cpu", "nd_range": {"device_start": 2292961.1579415603, "device_end": 2292961.173230986}, "cmdq": 1, "read": {"device_start": -1, "device_end": -1}}, "coalesced_transpose102": {"write": {"device_start": -1, "host_queued_start": 1585625186.793976, "device_queued": -1, "device_end": -1, "host_queued_end": 1585625186.798055}, "device": "gpu", "nd_range": {"device_start": 1585625120.3130362, "device_end": 1585625120.3133612}, "cmdq": 0, "read": {"device_start": -1, "device_end": -1}}, "coalesced_transpose3": {"write": {"device_start": -1, "host_queued_start": 1585625186.840469, "device_queued": -1, "device_end": -1, "host_queued_end": 1585625186.863737}, "device": "cpu", "nd_range": {"device_start": 2292961.143928543, "device_end": 2292961.1441861903}, "cmdq": 0, "read": {"device_start": -1, "device_end": -1}}, "empty89": {"write": {"device_start": -1, "host_queued_start": 1585625186.807986, "device_queued": -1, "device_end": -1, "host_queued_end": 1585625186.863737}, "device": "cpu", "nd_range": {"device_start": 2292961.055024457, "device_end": 2292961.055025352}, "cmdq": 4, "read": {"device_start": -1, "device_end": -1}}, "empty80": {"write": {"device_start": -1, "host_queued_start": 1585625186.807161, "device_queued": -1, "device_end": -1, "host_queued_end": 1585625186.863737}, "device": "cpu", "nd_range": {"device_start": 2292961.0549311503, "device_end": 2292961.054931988}, "cmdq": 3, "read": {"device_start": -1, "device_end": -1}}, "softmax104": {"write": {"device_start": -1, "host_queued_start": 1585625186.7952, "device_queued": -1, "device_end": -1, "host_queued_end": 1585625186.798055}, "device": "gpu", "nd_range": {"device_start": 1585625120.3144813, "device_end": 1585625120.3146713}, "cmdq": 1, "read": {"device_start": -1, "device_end": -1}}, "coalesced_transpose21": {"write": {"device_start": -1, "host_queued_start": 1585625186.841143, "device_queued": -1, "device_end": -1, "host_queued_end": 1585625186.863737}, "device": "cpu", "nd_range": {"device_start": 2292961.311301073, "device_end": 2292961.311564979}, "cmdq": 2, "read": {"device_start": -1, "device_end": -1}}, "softmax14": {"write": {"device_start": -1, "host_queued_start": 1585625186.847625, "device_queued": -1, "device_end": -1, "host_queued_end": 1585625186.863737}, "device": "cpu", "nd_range": {"device_start": 2292961.2347508003, "device_end": 2292961.234993815}, "cmdq": 1, "read": {"device_start": -1, "device_end": -1}}, "FFC_sans_bias69": {"write": {"device_start": -1, "host_queued_start": 1585625186.852776, "device_queued": -1, "device_end": -1, "host_queued_end": 1585625186.863737}, "device": "cpu", "nd_range": {"device_start": 2292961.327612102, "device_end": 2292961.331854118}, "cmdq": 2, "read": {"device_start": -1, "device_end": -1}}, "FFC_sans_bias92": {"write": {"device_start": 1585625120.3105972, "host_queued_start": 1585625186.790109, "device_queued": 1585625120.3104599, "device_end": 1585625120.3106217, "host_queued_end": 1585625186.798055}, "device": "gpu", "nd_range": {"device_start": 1585625120.3106503, "device_end": 1585625120.3120644}, "cmdq": 1, "read": {"device_start": -1, "device_end": -1}}, "FFC_sans_bias60": {"write": {"device_start": -1, "host_queued_start": 1585625186.852424, "device_queued": -1, "device_end": -1, "host_queued_end": 1585625186.863737}, "device": "cpu", "nd_range": {"device_start": 2292961.25043096, "device_end": 2292961.265780327}, "cmdq": 1, "read": {"device_start": -1, "device_end": -1}}, "FFC_sans_bias61": {"write": {"device_start": -1, "host_queued_start": 1585625186.860655, "device_queued": -1, "device_end": -1, "host_queued_end": 1585625186.863737}, "device": "cpu", "nd_range": {"device_start": 2292961.2772189663, "device_end": 2292961.285036546}, "cmdq": 1, "read": {"device_start": -1, "device_end": -1}}, "FFC_sans_bias63": {"write": {"device_start": -1, "host_queued_start": 1585625186.833601, "device_queued": -1, "device_end": -1, "host_queued_end": 1585625186.863737}, "device": "cpu", "nd_range": {"device_start": 2292961.133280957, "device_end": 2292961.14951306}, "cmdq": 3, "read": {"device_start": -1, "device_end": -1}}, "FFC_sans_bias64": {"write": {"device_start": -1, "host_queued_start": 1585625186.83143, "device_queued": -1, "device_end": -1, "host_queued_end": 1585625186.863737}, "device": "cpu", "nd_range": {"device_start": 2292961.142568352, "device_end": 2292961.1578232814}, "cmdq": 1, "read": {"device_start": -1, "device_end": -1}}, "FFC_sans_bias65": {"write": {"device_start": -1, "host_queued_start": 1585625186.832503, "device_queued": -1, "device_end": -1, "host_queued_end": 1585625186.863737}, "device": "cpu", "nd_range": {"device_start": 2292961.291913091, "device_end": 2292961.300327732}, "cmdq": 2, "read": {"device_start": -1, "device_end": -1}}, "FFC_sans_bias67": {"write": {"device_start": -1, "host_queued_start": 1585625186.846349, "device_queued": -1, "device_end": -1, "host_queued_end": 1585625186.863737}, "device": "cpu", "nd_range": {"device_start": 2292961.318161602, "device_end": 2292961.3234098023}, "cmdq": 2, "read": {"device_start": -1, "device_end": -1}}, "softmax68": {"write": {"device_start": -1, "host_queued_start": 1585625186.849309, "device_queued": -1, "device_end": -1, "host_queued_end": 1585625186.863737}, "device": "cpu", "nd_range": {"device_start": 2292961.3235493232, "device_end": 2292961.323636027}, "cmdq": 2, "read": {"device_start": -1, "device_end": -1}}, "empty35": {"write": {"device_start": -1, "host_queued_start": 1585625186.802731, "device_queued": -1, "device_end": -1, "host_queued_end": 1585625186.863737}, "device": "cpu", "nd_range": {"device_start": 2292961.0536633753, "device_end": 2292961.053665235}, "cmdq": 3, "read": {"device_start": -1, "device_end": -1}}, "softmax86": {"write": {"device_start": -1, "host_queued_start": 1585625186.849869, "device_queued": -1, "device_end": -1, "host_queued_end": 1585625186.863737}, "device": "cpu", "nd_range": {"device_start": 2292961.250105502, "device_end": 2292961.2504802532}, "cmdq": 4, "read": {"device_start": -1, "device_end": -1}}, "FFC_sans_bias55": {"write": {"device_start": -1, "host_queued_start": 1585625186.830354, "device_queued": -1, "device_end": -1, "host_queued_end": 1585625186.863737}, "device": "cpu", "nd_range": {"device_start": 2292961.1132133473, "device_end": 2292961.128474432}, "cmdq": 0, "read": {"device_start": -1, "device_end": -1}}, "FFC_sans_bias54": {"write": {"device_start": -1, "host_queued_start": 1585625186.8293, "device_queued": -1, "device_end": -1, "host_queued_end": 1585625186.863737}, "device": "cpu", "nd_range": {"device_start": 2292961.1126649273, "device_end": 2292961.1279656393}, "cmdq": 4, "read": {"device_start": -1, "device_end": -1}}, "FFC_sans_bias56": {"write": {"device_start": -1, "host_queued_start": 1585625186.828238, "device_queued": -1, "device_end": -1, "host_queued_end": 1585625186.863737}, "device": "cpu", "nd_range": {"device_start": 2292961.115756891, "device_end": 2292961.133154192}, "cmdq": 3, "read": {"device_start": -1, "device_end": -1}}, "FFC_sans_bias51": {"write": {"device_start": -1, "host_queued_start": 1585625186.852066, "device_queued": -1, "device_end": -1, "host_queued_end": 1585625186.863737}, "device": "cpu", "nd_range": {"device_start": 2292961.191795831, "device_end": 2292961.2073193802}, "cmdq": 0, "read": {"device_start": -1, "device_end": -1}}, "FFC_sans_bias52": {"write": {"device_start": -1, "host_queued_start": 1585625186.859644, "device_queued": -1, "device_end": -1, "host_queued_end": 1585625186.863737}, "device": "cpu", "nd_range": {"device_start": 2292961.222791907, "device_end": 2292961.238179446}, "cmdq": 0, "read": {"device_start": -1, "device_end": -1}}, "FFC_sans_bias58": {"write": {"device_start": -1, "host_queued_start": 1585625186.845998, "device_queued": -1, "device_end": -1, "host_queued_end": 1585625186.863737}, "device": "cpu", "nd_range": {"device_start": 2292961.189578838, "device_end": 2292961.2347325063}, "cmdq": 1, "read": {"device_start": -1, "device_end": -1}}, "FFC_sans_bias103": {"write": {"device_start": -1, "host_queued_start": 1585625186.794679, "device_queued": -1, "device_end": -1, "host_queued_end": 1585625186.798055}, "device": "gpu", "nd_range": {"device_start": 1585625120.3134732, "device_end": 1585625120.3144708}, "cmdq": 2, "read": {"device_start": -1, "device_end": -1}}, "FFC_sans_bias100": {"write": {"device_start": 1585625120.3116097, "host_queued_start": 1585625186.79224, "device_queued": 1585625120.3106737, "device_end": 1585625120.3116405, "host_queued_end": 1585625186.798055}, "device": "gpu", "nd_range": {"device_start": 1585625120.3116431, "device_end": 1585625120.3130348}, "cmdq": 0, "read": {"device_start": -1, "device_end": -1}}, "FFC_sans_bias101": {"write": {"device_start": 1585625120.3121712, "host_queued_start": 1585625186.793317, "device_queued": 1585625120.310821, "device_end": 1585625120.3122017, "host_queued_end": 1585625186.798055}, "device": "gpu", "nd_range": {"device_start": 1585625120.3122065, "device_end": 1585625120.3134608}, "cmdq": 1, "read": {"device_start": -1, "device_end": -1}}, "FFC_sans_bias106": {"write": {"device_start": 1585625120.3153663, "host_queued_start": 1585625186.79795, "device_queued": 1585625120.3112485, "device_end": 1585625120.3153975, "host_queued_end": 1585625186.798055}, "device": "gpu", "nd_range": {"device_start": 1585625120.3158774, "device_end": 1585625120.3168294}, "cmdq": 2, "read": {"device_start": 1585625120.3168325, "device_end": 1585625120.3168561}}, "FFC_sans_bias105": {"write": {"device_start": -1, "host_queued_start": 1585625186.795842, "device_queued": -1, "device_end": -1, "host_queued_end": 1585625186.798055}, "device": "gpu", "nd_range": {"device_start": 1585625120.3152707, "device_end": 1585625120.3158727}, "cmdq": 0, "read": {"device_start": -1, "device_end": -1}}, "softmax95": {"write": {"device_start": -1, "host_queued_start": 1585625186.794941, "device_queued": -1, "device_end": -1, "host_queued_end": 1585625186.798055}, "device": "gpu", "nd_range": {"device_start": 1585625120.314476, "device_end": 1585625120.3146687}, "cmdq": 0, "read": {"device_start": -1, "device_end": -1}}, "coalesced_transpose57": {"write": {"device_start": -1, "host_queued_start": 1585625186.842499, "device_queued": -1, "device_end": -1, "host_queued_end": 1585625186.863737}, "device": "cpu", "nd_range": {"device_start": 2292961.17371485, "device_end": 2292961.173964168}, "cmdq": 1, "read": {"device_start": -1, "device_end": -1}}, "empty26": {"write": {"device_start": -1, "host_queued_start": 1585625186.801831, "device_queued": -1, "device_end": -1, "host_queued_end": 1585625186.863737}, "device": "cpu", "nd_range": {"device_start": 2292961.053551238, "device_end": 2292961.053552514}, "cmdq": 2, "read": {"device_start": -1, "device_end": -1}}, "FFC_sans_bias11": {"write": {"device_start": -1, "host_queued_start": 1585625186.814375, "device_queued": -1, "device_end": -1, "host_queued_end": 1585625186.863737}, "device": "cpu", "nd_range": {"device_start": 2292961.0671701613, "device_end": 2292961.082359558}, "cmdq": 0, "read": {"device_start": -1, "device_end": -1}}, "FFC_sans_bias42": {"write": {"device_start": -1, "host_queued_start": 1585625186.851708, "device_queued": -1, "device_end": -1, "host_queued_end": 1585625186.863737}, "device": "cpu", "nd_range": {"device_start": 2292961.250486465, "device_end": 2292961.272839685}, "cmdq": 4, "read": {"device_start": -1, "device_end": -1}}, "FFC_sans_bias43": {"write": {"device_start": -1, "host_queued_start": 1585625186.858631, "device_queued": -1, "device_end": -1, "host_queued_end": 1585625186.863737}, "device": "cpu", "nd_range": {"device_start": 2292961.293449766, "device_end": 2292961.3040039623}, "cmdq": 4, "read": {"device_start": -1, "device_end": -1}}, "FFC_sans_bias40": {"write": {"device_start": -1, "host_queued_start": 1585625186.845301, "device_queued": -1, "device_end": -1, "host_queued_end": 1585625186.863737}, "device": "cpu", "nd_range": {"device_start": 2292961.1876577763, "device_end": 2292961.215431963}, "cmdq": 4, "read": {"device_start": -1, "device_end": -1}}, "FFC_sans_bias46": {"write": {"device_start": -1, "host_queued_start": 1585625186.826098, "device_queued": -1, "device_end": -1, "host_queued_end": 1585625186.863737}, "device": "cpu", "nd_range": {"device_start": 2292961.127245487, "device_end": 2292961.142435607}, "cmdq": 1, "read": {"device_start": -1, "device_end": -1}}, "FFC_sans_bias47": {"write": {"device_start": -1, "host_queued_start": 1585625186.827172, "device_queued": -1, "device_end": -1, "host_queued_end": 1585625186.863737}, "device": "cpu", "nd_range": {"device_start": 2292961.283867924, "device_end": 2292961.291766665}, "cmdq": 2, "read": {"device_start": -1, "device_end": -1}}, "FFC_sans_bias45": {"write": {"device_start": -1, "host_queued_start": 1585625186.825034, "device_queued": -1, "device_end": -1, "host_queued_end": 1585625186.863737}, "device": "cpu", "nd_range": {"device_start": 2292961.097834012, "device_end": 2292961.113090691}, "cmdq": 0, "read": {"device_start": -1, "device_end": -1}}, "FFC_sans_bias49": {"write": {"device_start": -1, "host_queued_start": 1585625186.84565, "device_queued": -1, "device_end": -1, "host_queued_end": 1585625186.863737}, "device": "cpu", "nd_range": {"device_start": 2292961.1601088503, "device_end": 2292961.175411595}, "cmdq": 0, "read": {"device_start": -1, "device_end": -1}}, "softmax77": {"write": {"device_start": -1, "host_queued_start": 1585625186.849592, "device_queued": -1, "device_end": -1, "host_queued_end": 1585625186.863737}, "device": "cpu", "nd_range": {"device_start": 2292961.200818336, "device_end": 2292961.2010682053}, "cmdq": 3, "read": {"device_start": -1, "device_end": -1}}, "softmax5": {"write": {"device_start": -1, "host_queued_start": 1585625186.847346, "device_queued": -1, "device_end": -1, "host_queued_end": 1585625186.863737}, "device": "cpu", "nd_range": {"device_start": 2292961.1755332854, "device_end": 2292961.175760623}, "cmdq": 0, "read": {"device_start": -1, "device_end": -1}}, "empty53": {"write": {"device_start": -1, "host_queued_start": 1585625186.804577, "device_queued": -1, "device_end": -1, "host_queued_end": 1585625186.863737}, "device": "cpu", "nd_range": {"device_start": 2292961.054682509, "device_end": 2292961.0546861403}, "cmdq": 0, "read": {"device_start": -1, "device_end": -1}}, "coalesced_transpose48": {"write": {"device_start": -1, "host_queued_start": 1585625186.84216, "device_queued": -1, "device_end": -1, "host_queued_end": 1585625186.863737}, "device": "cpu", "nd_range": {"device_start": 2292961.144297771, "device_end": 2292961.1445371443}, "cmdq": 0, "read": {"device_start": -1, "device_end": -1}}}