{"FFC_sans_bias4": {"write": {"device_start": -1, "host_queued_start": 1585625393.377334, "device_queued": -1, "device_end": -1, "host_queued_end": 1585625393.383}, "device": "cpu", "nd_range": {"device_start": 2293167.613043351, "device_end": 2293167.617326795}, "cmdq": 0, "read": {"device_start": -1, "device_end": -1}}, "FFC_sans_bias7": {"write": {"device_start": -1, "host_queued_start": 1585625393.380947, "device_queued": -1, "device_end": -1, "host_queued_end": 1585625393.383}, "device": "cpu", "nd_range": {"device_start": 2293167.640149158, "device_end": 2293167.6449097074}, "cmdq": 0, "read": {"device_start": -1, "device_end": -1}}, "FFC_sans_bias6": {"write": {"device_start": -1, "host_queued_start": 1585625393.379191, "device_queued": -1, "device_end": -1, "host_queued_end": 1585625393.383}, "device": "cpu", "nd_range": {"device_start": 2293167.626748615, "device_end": 2293167.631279944}, "cmdq": 0, "read": {"device_start": -1, "device_end": -1}}, "FFC_sans_bias1": {"write": {"device_start": -1, "host_queued_start": 1585625393.367787, "device_queued": -1, "device_end": -1, "host_queued_end": 1585625393.383}, "device": "cpu", "nd_range": {"device_start": 2293167.577289258, "device_end": 2293167.581360307}, "cmdq": 0, "read": {"device_start": -1, "device_end": -1}}, "FFC_sans_bias0": {"write": {"device_start": -1, "host_queued_start": 1585625393.366532, "device_queued": -1, "device_end": -1, "host_queued_end": 1585625393.383}, "device": "cpu", "nd_range": {"device_start": 2293167.5726373643, "device_end": 2293167.57726819}, "cmdq": 0, "read": {"device_start": -1, "device_end": -1}}, "FFC_sans_bias2": {"write": {"device_start": -1, "host_queued_start": 1585625393.369041, "device_queued": -1, "device_end": -1, "host_queued_end": 1585625393.383}, "device": "cpu", "nd_range": {"device_start": 2293167.58137054, "device_end": 2293167.585353136}, "cmdq": 0, "read": {"device_start": -1, "device_end": -1}}, "FFC_sans_bias9": {"write": {"device_start": -1, "host_queued_start": 1585625393.37022, "device_queued": -1, "device_end": -1, "host_queued_end": 1585625393.383}, "device": "cpu", "nd_range": {"device_start": 2293167.5853585564, "device_end": 2293167.589345693}, "cmdq": 0, "read": {"device_start": -1, "device_end": -1}}, "empty71": {"write": {"device_start": 1585625326.8685136, "host_queued_start": 1585625393.30897, "device_queued": 1585625326.8684118, "device_end": 1585625326.8685439, "host_queued_end": 1585625393.361346}, "device": "gpu", "nd_range": {"device_start": 1585625326.868554, "device_end": 1585625326.8685577}, "cmdq": 4, "read": {"device_start": -1, "device_end": -1}}, "softmax41": {"write": {"device_start": -1, "host_queued_start": 1585625393.347007, "device_queued": -1, "device_end": -1, "host_queued_end": 1585625393.361346}, "device": "gpu", "nd_range": {"device_start": 1585625326.8867548, "device_end": 1585625326.8869593}, "cmdq": 0, "read": {"device_start": -1, "device_end": -1}}, "FFC_sans_bias37": {"write": {"device_start": 1585625326.8695548, "host_queued_start": 1585625393.317497, "device_queued": 1585625326.8693461, "device_end": 1585625326.86958, "host_queued_end": 1585625393.361346}, "device": "gpu", "nd_range": {"device_start": 1585625326.8696053, "device_end": 1585625326.871736}, "cmdq": 3, "read": {"device_start": -1, "device_end": -1}}, "FFC_sans_bias36": {"write": {"device_start": 1585625326.8694646, "host_queued_start": 1585625393.316458, "device_queued": 1585625326.8693175, "device_end": 1585625326.8695061, "host_queued_end": 1585625393.361346}, "device": "gpu", "nd_range": {"device_start": 1585625326.8695903, "device_end": 1585625326.8711886}, "cmdq": 2, "read": {"device_start": -1, "device_end": -1}}, "FFC_sans_bias34": {"write": {"device_start": 1585625326.8895984, "host_queued_start": 1585625393.352718, "device_queued": 1585625326.8742702, "device_end": 1585625326.889626, "host_queued_end": 1585625393.361346}, "device": "gpu", "nd_range": {"device_start": 1585625326.8896425, "device_end": 1585625326.8918724}, "cmdq": 2, "read": {"device_start": 1585625326.8918762, "device_end": 1585625326.8919003}}, "FFC_sans_bias33": {"write": {"device_start": -1, "host_queued_start": 1585625393.349053, "device_queued": -1, "device_end": -1, "host_queued_end": 1585625393.361346}, "device": "gpu", "nd_range": {"device_start": 1585625326.887439, "device_end": 1585625326.8884902}, "cmdq": 3, "read": {"device_start": -1, "device_end": -1}}, "FFC_sans_bias31": {"write": {"device_start": -1, "host_queued_start": 1585625393.343962, "device_queued": -1, "device_end": -1, "host_queued_end": 1585625393.361346}, "device": "gpu", "nd_range": {"device_start": 1585625326.8823805, "device_end": 1585625326.884334}, "cmdq": 0, "read": {"device_start": -1, "device_end": -1}}, "FFC_sans_bias38": {"write": {"device_start": 1585625326.8698945, "host_queued_start": 1585625393.318546, "device_queued": 1585625326.8695185, "device_end": 1585625326.8699234, "host_queued_end": 1585625393.361346}, "device": "gpu", "nd_range": {"device_start": 1585625326.8699281, "device_end": 1585625326.8721573}, "cmdq": 4, "read": {"device_start": -1, "device_end": -1}}, "coalesced_transpose75": {"write": {"device_start": -1, "host_queued_start": 1585625393.342715, "device_queued": -1, "device_end": -1, "host_queued_end": 1585625393.361346}, "device": "gpu", "nd_range": {"device_start": 1585625326.8822024, "device_end": 1585625326.8822615}, "cmdq": 1, "read": {"device_start": -1, "device_end": -1}}, "empty44": {"write": {"device_start": 1585625326.8681314, "host_queued_start": 1585625393.306393, "device_queued": 1585625326.8680367, "device_end": 1585625326.8681958, "host_queued_end": 1585625393.361346}, "device": "gpu", "nd_range": {"device_start": 1585625326.8684576, "device_end": 1585625326.868469}, "cmdq": 1, "read": {"device_start": -1, "device_end": -1}}, "empty8": {"write": {"device_start": -1, "host_queued_start": 1585625393.363106, "device_queued": -1, "device_end": -1, "host_queued_end": 1585625393.383}, "device": "cpu", "nd_range": {"device_start": 2293167.572591464, "device_end": 2293167.572604231}, "cmdq": 0, "read": {"device_start": -1, "device_end": -1}}, "softmax50": {"write": {"device_start": -1, "host_queued_start": 1585625393.34726, "device_queued": -1, "device_end": -1, "host_queued_end": 1585625393.361346}, "device": "gpu", "nd_range": {"device_start": 1585625326.8853307, "device_end": 1585625326.887362}, "cmdq": 1, "read": {"device_start": -1, "device_end": -1}}, "softmax59": {"write": {"device_start": -1, "host_queued_start": 1585625393.347511, "device_queued": -1, "device_end": -1, "host_queued_end": 1585625393.361346}, "device": "gpu", "nd_range": {"device_start": 1585625326.8858268, "device_end": 1585625326.8873768}, "cmdq": 2, "read": {"device_start": -1, "device_end": -1}}, "FFC_sans_bias24": {"write": {"device_start": -1, "host_queued_start": 1585625393.379878, "device_queued": -1, "device_end": -1, "host_queued_end": 1585625393.383}, "device": "cpu", "nd_range": {"device_start": 2293167.63580374, "device_end": 2293167.6401433214}, "cmdq": 0, "read": {"device_start": -1, "device_end": -1}}, "FFC_sans_bias25": {"write": {"device_start": -1, "host_queued_start": 1585625393.382954, "device_queued": -1, "device_end": -1, "host_queued_end": 1585625393.383}, "device": "cpu", "nd_range": {"device_start": 2293167.6494372822, "device_end": 2293167.653965672}, "cmdq": 0, "read": {"device_start": -1, "device_end": -1}}, "FFC_sans_bias27": {"write": {"device_start": 1585625326.8690958, "host_queued_start": 1585625393.31329, "device_queued": 1585625326.8689616, "device_end": 1585625326.8691678, "host_queued_end": 1585625393.361346}, "device": "gpu", "nd_range": {"device_start": 1585625326.8691761, "device_end": 1585625326.869788}, "cmdq": 4, "read": {"device_start": -1, "device_end": -1}}, "FFC_sans_bias20": {"write": {"device_start": -1, "host_queued_start": 1585625393.37603, "device_queued": -1, "device_end": -1, "host_queued_end": 1585625393.383}, "device": "cpu", "nd_range": {"device_start": 2293167.607570469, "device_end": 2293167.612349469}, "cmdq": 0, "read": {"device_start": -1, "device_end": -1}}, "FFC_sans_bias22": {"write": {"device_start": -1, "host_queued_start": 1585625393.37801, "device_queued": -1, "device_end": -1, "host_queued_end": 1585625393.383}, "device": "cpu", "nd_range": {"device_start": 2293167.621874268, "device_end": 2293167.626300842}, "cmdq": 0, "read": {"device_start": -1, "device_end": -1}}, "FFC_sans_bias28": {"write": {"device_start": 1585625326.8691833, "host_queued_start": 1585625393.314339, "device_queued": 1585625326.8690853, "device_end": 1585625326.8692086, "host_queued_end": 1585625393.361346}, "device": "gpu", "nd_range": {"device_start": 1585625326.8692796, "device_end": 1585625326.8701894}, "cmdq": 0, "read": {"device_start": -1, "device_end": -1}}, "FFC_sans_bias29": {"write": {"device_start": 1585625326.8693848, "host_queued_start": 1585625393.315419, "device_queued": 1585625326.8692884, "device_end": 1585625326.8694568, "host_queued_end": 1585625393.361346}, "device": "gpu", "nd_range": {"device_start": 1585625326.8695753, "device_end": 1585625326.8707597}, "cmdq": 1, "read": {"device_start": -1, "device_end": -1}}, "coalesced_transpose66": {"write": {"device_start": -1, "host_queued_start": 1585625393.342406, "device_queued": -1, "device_end": -1, "host_queued_end": 1585625393.361346}, "device": "gpu", "nd_range": {"device_start": 1585625326.8823068, "device_end": 1585625326.8823645}, "cmdq": 0, "read": {"device_start": -1, "device_end": -1}}, "coalesced_transpose93": {"write": {"device_start": -1, "host_queued_start": 1585625393.343321, "device_queued": -1, "device_end": -1, "host_queued_end": 1585625393.361346}, "device": "gpu", "nd_range": {"device_start": 1585625326.8822486, "device_end": 1585625326.8822668}, "cmdq": 3, "read": {"device_start": -1, "device_end": -1}}, "softmax23": {"write": {"device_start": -1, "host_queued_start": 1585625393.378852, "device_queued": -1, "device_end": -1, "host_queued_end": 1585625393.383}, "device": "cpu", "nd_range": {"device_start": 2293167.6266282853, "device_end": 2293167.626742679}, "cmdq": 0, "read": {"device_start": -1, "device_end": -1}}, "empty62": {"write": {"device_start": 1585625326.8683171, "host_queued_start": 1585625393.30813, "device_queued": 1585625326.8680975, "device_end": 1585625326.8683429, "host_queued_end": 1585625393.361346}, "device": "gpu", "nd_range": {"device_start": 1585625326.8685014, "device_end": 1585625326.8685067}, "cmdq": 3, "read": {"device_start": -1, "device_end": -1}}, "FFC_sans_bias10": {"write": {"device_start": -1, "host_queued_start": 1585625393.371419, "device_queued": -1, "device_end": -1, "host_queued_end": 1585625393.383}, "device": "cpu", "nd_range": {"device_start": 2293167.589350831, "device_end": 2293167.594248312}, "cmdq": 0, "read": {"device_start": -1, "device_end": -1}}, "FFC_sans_bias13": {"write": {"device_start": -1, "host_queued_start": 1585625393.377672, "device_queued": -1, "device_end": -1, "host_queued_end": 1585625393.383}, "device": "cpu", "nd_range": {"device_start": 2293167.617334173, "device_end": 2293167.621868072}, "cmdq": 0, "read": {"device_start": -1, "device_end": -1}}, "FFC_sans_bias15": {"write": {"device_start": -1, "host_queued_start": 1585625393.379533, "device_queued": -1, "device_end": -1, "host_queued_end": 1585625393.383}, "device": "cpu", "nd_range": {"device_start": 2293167.631286079, "device_end": 2293167.6357979802}, "cmdq": 0, "read": {"device_start": -1, "device_end": -1}}, "FFC_sans_bias16": {"write": {"device_start": -1, "host_queued_start": 1585625393.381952, "device_queued": -1, "device_end": -1, "host_queued_end": 1585625393.383}, "device": "cpu", "nd_range": {"device_start": 2293167.644912966, "device_end": 2293167.649434789}, "cmdq": 0, "read": {"device_start": -1, "device_end": -1}}, "FFC_sans_bias19": {"write": {"device_start": -1, "host_queued_start": 1585625393.374946, "device_queued": -1, "device_end": -1, "host_queued_end": 1585625393.383}, "device": "cpu", "nd_range": {"device_start": 2293167.603132722, "device_end": 2293167.607564427}, "cmdq": 0, "read": {"device_start": -1, "device_end": -1}}, "FFC_sans_bias18": {"write": {"device_start": -1, "host_queued_start": 1585625393.373829, "device_queued": -1, "device_end": -1, "host_queued_end": 1585625393.383}, "device": "cpu", "nd_range": {"device_start": 2293167.59856249, "device_end": 2293167.603127169}, "cmdq": 0, "read": {"device_start": -1, "device_end": -1}}, "FFC_sans_bias99": {"write": {"device_start": 1585625326.8790588, "host_queued_start": 1585625393.338703, "device_queued": 1585625326.8717167, "device_end": 1585625326.879085, "host_queued_end": 1585625393.361346}, "device": "gpu", "nd_range": {"device_start": 1585625326.87909, "device_end": 1585625326.881353}, "cmdq": 3, "read": {"device_start": -1, "device_end": -1}}, "FFC_sans_bias91": {"write": {"device_start": 1585625326.8780847, "host_queued_start": 1585625393.336588, "device_queued": 1585625326.8716822, "device_end": 1585625326.8781104, "host_queued_end": 1585625393.361346}, "device": "gpu", "nd_range": {"device_start": 1585625326.8781154, "device_end": 1585625326.8804}, "cmdq": 1, "read": {"device_start": -1, "device_end": -1}}, "FFC_sans_bias90": {"write": {"device_start": 1585625326.8776376, "host_queued_start": 1585625393.335549, "device_queued": 1585625326.8715336, "device_end": 1585625326.8776636, "host_queued_end": 1585625393.361346}, "device": "gpu", "nd_range": {"device_start": 1585625326.8776715, "device_end": 1585625326.8799107}, "cmdq": 0, "read": {"device_start": -1, "device_end": -1}}, "coalesced_transpose12": {"write": {"device_start": -1, "host_queued_start": 1585625393.376677, "device_queued": -1, "device_end": -1, "host_queued_end": 1585625393.383}, "device": "cpu", "nd_range": {"device_start": 2293167.612638186, "device_end": 2293167.6127321143}, "cmdq": 0, "read": {"device_start": -1, "device_end": -1}}, "FFC_sans_bias94": {"write": {"device_start": -1, "host_queued_start": 1585625393.346177, "device_queued": -1, "device_end": -1, "host_queued_end": 1585625393.361346}, "device": "gpu", "nd_range": {"device_start": 1585625326.8833497, "device_end": 1585625326.8858137}, "cmdq": 2, "read": {"device_start": -1, "device_end": -1}}, "FFC_sans_bias97": {"write": {"device_start": 1585625326.8945198, "host_queued_start": 1585625393.36016, "device_queued": 1585625326.874991, "device_end": 1585625326.8945656, "host_queued_end": 1585625393.361346}, "device": "gpu", "nd_range": {"device_start": 1585625326.8945801, "device_end": 1585625326.8961823}, "cmdq": 4, "read": {"device_start": 1585625326.8961864, "device_end": 1585625326.8962085}}, "FFC_sans_bias96": {"write": {"device_start": -1, "host_queued_start": 1585625393.351358, "device_queued": -1, "device_end": -1, "host_queued_end": 1585625393.361346}, "device": "gpu", "nd_range": {"device_start": 1585625326.888039, "device_end": 1585625326.8904142}, "cmdq": 0, "read": {"device_start": -1, "device_end": -1}}, "softmax32": {"write": {"device_start": -1, "host_queued_start": 1585625393.346753, "device_queued": -1, "device_end": -1, "host_queued_end": 1585625393.361346}, "device": "gpu", "nd_range": {"device_start": 1585625326.8848789, "device_end": 1585625326.8873968}, "cmdq": 4, "read": {"device_start": -1, "device_end": -1}}, "coalesced_transpose84": {"write": {"device_start": -1, "host_queued_start": 1585625393.343019, "device_queued": -1, "device_end": -1, "host_queued_end": 1585625393.361346}, "device": "gpu", "nd_range": {"device_start": 1585625326.8822303, "device_end": 1585625326.8822646}, "cmdq": 2, "read": {"device_start": -1, "device_end": -1}}, "empty98": {"write": {"device_start": 1585625326.8688731, "host_queued_start": 1585625393.311494, "device_queued": 1585625326.8686433, "device_end": 1585625326.8688974, "host_queued_end": 1585625393.361346}, "device": "gpu", "nd_range": {"device_start": 1585625326.8690403, "device_end": 1585625326.8690739}, "cmdq": 2, "read": {"device_start": -1, "device_end": -1}}, "empty107": {"write": {"device_start": 1585625326.869005, "host_queued_start": 1585625393.312308, "device_queued": 1585625326.8689337, "device_end": 1585625326.8690815, "host_queued_end": 1585625393.361346}, "device": "gpu", "nd_range": {"device_start": 1585625326.869086, "device_end": 1585625326.8690903}, "cmdq": 3, "read": {"device_start": -1, "device_end": -1}}, "empty17": {"write": {"device_start": -1, "host_queued_start": 1585625393.364292, "device_queued": -1, "device_end": -1, "host_queued_end": 1585625393.383}, "device": "cpu", "nd_range": {"device_start": 2293167.572624876, "device_end": 2293167.572626043}, "cmdq": 0, "read": {"device_start": -1, "device_end": -1}}, "FFC_sans_bias87": {"write": {"device_start": -1, "host_queued_start": 1585625393.351043, "device_queued": -1, "device_end": -1, "host_queued_end": 1585625393.361346}, "device": "gpu", "nd_range": {"device_start": 1585625326.88995, "device_end": 1585625326.8923776}, "cmdq": 4, "read": {"device_start": -1, "device_end": -1}}, "FFC_sans_bias85": {"write": {"device_start": -1, "host_queued_start": 1585625393.345861, "device_queued": -1, "device_end": -1, "host_queued_end": 1585625393.361346}, "device": "gpu", "nd_range": {"device_start": 1585625326.8829446, "device_end": 1585625326.8853164}, "cmdq": 1, "read": {"device_start": -1, "device_end": -1}}, "FFC_sans_bias82": {"write": {"device_start": 1585625326.8766587, "host_queued_start": 1585625393.333457, "device_queued": 1585625326.8711684, "device_end": 1585625326.876684, "host_queued_end": 1585625393.361346}, "device": "gpu", "nd_range": {"device_start": 1585625326.8766906, "device_end": 1585625326.878951}, "cmdq": 3, "read": {"device_start": -1, "device_end": -1}}, "FFC_sans_bias83": {"write": {"device_start": 1585625326.8771348, "host_queued_start": 1585625393.334505, "device_queued": 1585625326.871193, "device_end": 1585625326.8771615, "host_queued_end": 1585625393.361346}, "device": "gpu", "nd_range": {"device_start": 1585625326.8771696, "device_end": 1585625326.8794477}, "cmdq": 4, "read": {"device_start": -1, "device_end": -1}}, "FFC_sans_bias81": {"write": {"device_start": 1585625326.8761728, "host_queued_start": 1585625393.332417, "device_queued": 1585625326.87114, "device_end": 1585625326.8762002, "host_queued_end": 1585625393.361346}, "device": "gpu", "nd_range": {"device_start": 1585625326.876216, "device_end": 1585625326.87848}, "cmdq": 2, "read": {"device_start": -1, "device_end": -1}}, "FFC_sans_bias88": {"write": {"device_start": 1585625326.8929756, "host_queued_start": 1585625393.359081, "device_queued": 1585625326.8749728, "device_end": 1585625326.8930001, "host_queued_end": 1585625393.361346}, "device": "gpu", "nd_range": {"device_start": 1585625326.8930144, "device_end": 1585625326.8952653}, "cmdq": 3, "read": {"device_start": 1585625326.8952682, "device_end": 1585625326.8952956}}, "coalesced_transpose30": {"write": {"device_start": -1, "host_queued_start": 1585625393.341179, "device_queued": -1, "device_end": -1, "host_queued_end": 1585625393.361346}, "device": "gpu", "nd_range": {"device_start": 1585625326.880401, "device_end": 1585625326.8821945}, "cmdq": 1, "read": {"device_start": -1, "device_end": -1}}, "coalesced_transpose39": {"write": {"device_start": -1, "host_queued_start": 1585625393.341483, "device_queued": -1, "device_end": -1, "host_queued_end": 1585625393.361346}, "device": "gpu", "nd_range": {"device_start": 1585625326.8808825, "device_end": 1585625326.8822181}, "cmdq": 2, "read": {"device_start": -1, "device_end": -1}}, "FFC_sans_bias79": {"write": {"device_start": 1585625326.8925872, "host_queued_start": 1585625393.358008, "device_queued": 1585625326.8749514, "device_end": 1585625326.8926127, "host_queued_end": 1585625393.361346}, "device": "gpu", "nd_range": {"device_start": 1585625326.8926265, "device_end": 1585625326.8947785}, "cmdq": 2, "read": {"device_start": 1585625326.8947845, "device_end": 1585625326.8948097}}, "FFC_sans_bias78": {"write": {"device_start": -1, "host_queued_start": 1585625393.350727, "device_queued": -1, "device_end": -1, "host_queued_end": 1585625393.361346}, "device": "gpu", "nd_range": {"device_start": 1585625326.8885016, "device_end": 1585625326.8909051}, "cmdq": 3, "read": {"device_start": -1, "device_end": -1}}, "FFC_sans_bias73": {"write": {"device_start": 1585625326.8752267, "host_queued_start": 1585625393.330317, "device_queued": 1585625326.870967, "device_end": 1585625326.8752537, "host_queued_end": 1585625393.361346}, "device": "gpu", "nd_range": {"device_start": 1585625326.8752685, "device_end": 1585625326.8775156}, "cmdq": 0, "read": {"device_start": -1, "device_end": -1}}, "FFC_sans_bias72": {"write": {"device_start": 1585625326.874706, "host_queued_start": 1585625393.32928, "device_queued": 1585625326.8707027, "device_end": 1585625326.8747344, "host_queued_end": 1585625393.361346}, "device": "gpu", "nd_range": {"device_start": 1585625326.8747404, "device_end": 1585625326.8770118}, "cmdq": 4, "read": {"device_start": -1, "device_end": -1}}, "FFC_sans_bias70": {"write": {"device_start": 1585625326.8914843, "host_queued_start": 1585625393.356961, "device_queued": 1585625326.8747728, "device_end": 1585625326.89151, "host_queued_end": 1585625393.361346}, "device": "gpu", "nd_range": {"device_start": 1585625326.891526, "device_end": 1585625326.8937917}, "cmdq": 1, "read": {"device_start": 1585625326.8944268, "device_end": 1585625326.8944826}}, "FFC_sans_bias76": {"write": {"device_start": -1, "host_queued_start": 1585625393.345548, "device_queued": -1, "device_end": -1, "host_queued_end": 1585625393.361346}, "device": "gpu", "nd_range": {"device_start": 1585625326.8843472, "device_end": 1585625326.886743}, "cmdq": 0, "read": {"device_start": -1, "device_end": -1}}, "FFC_sans_bias74": {"write": {"device_start": 1585625326.8756688, "host_queued_start": 1585625393.331376, "device_queued": 1585625326.871013, "device_end": 1585625326.8756955, "host_queued_end": 1585625393.361346}, "device": "gpu", "nd_range": {"device_start": 1585625326.8757102, "device_end": 1585625326.877975}, "cmdq": 1, "read": {"device_start": -1, "device_end": -1}}, "coalesced_transpose102": {"write": {"device_start": -1, "host_queued_start": 1585625393.343623, "device_queued": -1, "device_end": -1, "host_queued_end": 1585625393.361346}, "device": "gpu", "nd_range": {"device_start": 1585625326.882254, "device_end": 1585625326.8822703}, "cmdq": 4, "read": {"device_start": -1, "device_end": -1}}, "coalesced_transpose3": {"write": {"device_start": -1, "host_queued_start": 1585625393.376352, "device_queued": -1, "device_end": -1, "host_queued_end": 1585625393.383}, "device": "cpu", "nd_range": {"device_start": 2293167.6123546073, "device_end": 2293167.6125156013}, "cmdq": 0, "read": {"device_start": -1, "device_end": -1}}, "empty89": {"write": {"device_start": 1585625326.8687813, "host_queued_start": 1585625393.310682, "device_queued": 1585625326.8686204, "device_end": 1585625326.8688452, "host_queued_end": 1585625393.361346}, "device": "gpu", "nd_range": {"device_start": 1585625326.868999, "device_end": 1585625326.8690126}, "cmdq": 1, "read": {"device_start": -1, "device_end": -1}}, "empty80": {"write": {"device_start": 1585625326.8686543, "host_queued_start": 1585625393.309814, "device_queued": 1585625326.8685691, "device_end": 1585625326.8687084, "host_queued_end": 1585625393.361346}, "device": "gpu", "nd_range": {"device_start": 1585625326.8687172, "device_end": 1585625326.8687208}, "cmdq": 0, "read": {"device_start": -1, "device_end": -1}}, "softmax104": {"write": {"device_start": -1, "host_queued_start": 1585625393.348741, "device_queued": -1, "device_end": -1, "host_queued_end": 1585625393.361346}, "device": "gpu", "nd_range": {"device_start": 1585625326.887388, "device_end": 1585625326.8877456}, "cmdq": 2, "read": {"device_start": -1, "device_end": -1}}, "coalesced_transpose21": {"write": {"device_start": -1, "host_queued_start": 1585625393.376995, "device_queued": -1, "device_end": -1, "host_queued_end": 1585625393.383}, "device": "cpu", "nd_range": {"device_start": 2293167.6128458753, "device_end": 2293167.612934303}, "cmdq": 0, "read": {"device_start": -1, "device_end": -1}}, "softmax14": {"write": {"device_start": -1, "host_queued_start": 1585625393.378561, "device_queued": -1, "device_end": -1, "host_queued_end": 1585625393.383}, "device": "cpu", "nd_range": {"device_start": 2293167.626542461, "device_end": 2293167.626622286}, "cmdq": 0, "read": {"device_start": -1, "device_end": -1}}, "FFC_sans_bias69": {"write": {"device_start": -1, "host_queued_start": 1585625393.350404, "device_queued": -1, "device_end": -1, "host_queued_end": 1585625393.361346}, "device": "gpu", "nd_range": {"device_start": 1585625326.8877563, "device_end": 1585625326.8894281}, "cmdq": 2, "read": {"device_start": -1, "device_end": -1}}, "FFC_sans_bias92": {"write": {"device_start": 1585625326.8785875, "host_queued_start": 1585625393.337632, "device_queued": 1585625326.8717003, "device_end": 1585625326.8786132, "host_queued_end": 1585625393.361346}, "device": "gpu", "nd_range": {"device_start": 1585625326.8786297, "device_end": 1585625326.880881}, "cmdq": 2, "read": {"device_start": -1, "device_end": -1}}, "FFC_sans_bias60": {"write": {"device_start": -1, "host_queued_start": 1585625393.35008, "device_queued": -1, "device_end": -1, "host_queued_end": 1585625393.361346}, "device": "gpu", "nd_range": {"device_start": 1585625326.887743, "device_end": 1585625326.888995}, "cmdq": 1, "read": {"device_start": -1, "device_end": -1}}, "FFC_sans_bias61": {"write": {"device_start": 1585625326.8911254, "host_queued_start": 1585625393.355911, "device_queued": 1585625326.8746636, "device_end": 1585625326.8911502, "host_queued_end": 1585625393.361346}, "device": "gpu", "nd_range": {"device_start": 1585625326.891167, "device_end": 1585625326.8933547}, "cmdq": 0, "read": {"device_start": 1585625326.8933594, "device_end": 1585625326.8933828}}, "FFC_sans_bias63": {"write": {"device_start": 1585625326.8742592, "host_queued_start": 1585625393.328242, "device_queued": 1585625326.8705645, "device_end": 1585625326.8742864, "host_queued_end": 1585625393.361346}, "device": "gpu", "nd_range": {"device_start": 1585625326.8743012, "device_end": 1585625326.8765554}, "cmdq": 3, "read": {"device_start": -1, "device_end": -1}}, "FFC_sans_bias64": {"write": {"device_start": 1585625326.87326, "host_queued_start": 1585625393.326137, "device_queued": 1585625326.8705144, "device_end": 1585625326.8732865, "host_queued_end": 1585625393.361346}, "device": "gpu", "nd_range": {"device_start": 1585625326.8732936, "device_end": 1585625326.8755665}, "cmdq": 1, "read": {"device_start": -1, "device_end": -1}}, "FFC_sans_bias65": {"write": {"device_start": 1585625326.8737502, "host_queued_start": 1585625393.32721, "device_queued": 1585625326.870541, "device_end": 1585625326.8737762, "host_queued_end": 1585625393.361346}, "device": "gpu", "nd_range": {"device_start": 1585625326.8737807, "device_end": 1585625326.8760524}, "cmdq": 2, "read": {"device_start": -1, "device_end": -1}}, "FFC_sans_bias67": {"write": {"device_start": -1, "host_queued_start": 1585625393.345231, "device_queued": -1, "device_end": -1, "host_queued_end": 1585625393.361346}, "device": "gpu", "nd_range": {"device_start": 1585625326.882403, "device_end": 1585625326.8848665}, "cmdq": 4, "read": {"device_start": -1, "device_end": -1}}, "softmax68": {"write": {"device_start": -1, "host_queued_start": 1585625393.347757, "device_queued": -1, "device_end": -1, "host_queued_end": 1585625393.361346}, "device": "gpu", "nd_range": {"device_start": 1585625326.8863177, "device_end": 1585625326.8873906}, "cmdq": 3, "read": {"device_start": -1, "device_end": -1}}, "empty35": {"write": {"device_start": 1585625326.8680294, "host_queued_start": 1585625393.30534, "device_queued": 1585625326.867886, "device_end": 1585625326.8680608, "host_queued_end": 1585625393.361346}, "device": "gpu", "nd_range": {"device_start": 1585625326.86807, "device_end": 1585625326.8680766}, "cmdq": 0, "read": {"device_start": -1, "device_end": -1}}, "softmax86": {"write": {"device_start": -1, "host_queued_start": 1585625393.348247, "device_queued": -1, "device_end": -1, "host_queued_end": 1585625393.361346}, "device": "gpu", "nd_range": {"device_start": 1585625326.8869717, "device_end": 1585625326.887175}, "cmdq": 0, "read": {"device_start": -1, "device_end": -1}}, "FFC_sans_bias55": {"write": {"device_start": 1585625326.8728244, "host_queued_start": 1585625393.325094, "device_queued": 1585625326.8703227, "device_end": 1585625326.87285, "host_queued_end": 1585625393.361346}, "device": "gpu", "nd_range": {"device_start": 1585625326.8728578, "device_end": 1585625326.8750937}, "cmdq": 0, "read": {"device_start": -1, "device_end": -1}}, "FFC_sans_bias54": {"write": {"device_start": 1585625326.872244, "host_queued_start": 1585625393.324038, "device_queued": 1585625326.870088, "device_end": 1585625326.872269, "host_queued_end": 1585625393.361346}, "device": "gpu", "nd_range": {"device_start": 1585625326.8722749, "device_end": 1585625326.874588}, "cmdq": 4, "read": {"device_start": -1, "device_end": -1}}, "FFC_sans_bias56": {"write": {"device_start": 1585625326.871953, "host_queued_start": 1585625393.32282, "device_queued": 1585625326.8700523, "device_end": 1585625326.8719778, "host_queued_end": 1585625393.361346}, "device": "gpu", "nd_range": {"device_start": 1585625326.8719842, "device_end": 1585625326.874123}, "cmdq": 3, "read": {"device_start": -1, "device_end": -1}}, "FFC_sans_bias51": {"write": {"device_start": -1, "host_queued_start": 1585625393.34968, "device_queued": -1, "device_end": -1, "host_queued_end": 1585625393.361346}, "device": "gpu", "nd_range": {"device_start": 1585625326.8874235, "device_end": 1585625326.888027}, "cmdq": 0, "read": {"device_start": -1, "device_end": -1}}, "FFC_sans_bias52": {"write": {"device_start": 1585625326.892471, "host_queued_start": 1585625393.354859, "device_queued": 1585625326.8744326, "device_end": 1585625326.892496, "host_queued_end": 1585625393.361346}, "device": "gpu", "nd_range": {"device_start": 1585625326.89251, "device_end": 1585625326.8943026}, "cmdq": 4, "read": {"device_start": 1585625326.8943117, "device_end": 1585625326.8943403}}, "FFC_sans_bias58": {"write": {"device_start": -1, "host_queued_start": 1585625393.344914, "device_queued": -1, "device_end": -1, "host_queued_end": 1585625393.361346}, "device": "gpu", "nd_range": {"device_start": 1585625326.8823595, "device_end": 1585625326.8839223}, "cmdq": 3, "read": {"device_start": -1, "device_end": -1}}, "FFC_sans_bias103": {"write": {"device_start": -1, "host_queued_start": 1585625393.346497, "device_queued": -1, "device_end": -1, "host_queued_end": 1585625393.361346}, "device": "gpu", "nd_range": {"device_start": 1585625326.8839343, "device_end": 1585625326.8863049}, "cmdq": 3, "read": {"device_start": -1, "device_end": -1}}, "FFC_sans_bias100": {"write": {"device_start": 1585625326.879565, "host_queued_start": 1585625393.339771, "device_queued": 1585625326.8718722, "device_end": 1585625326.879591, "host_queued_end": 1585625393.361346}, "device": "gpu", "nd_range": {"device_start": 1585625326.879607, "device_end": 1585625326.8818395}, "cmdq": 4, "read": {"device_start": -1, "device_end": -1}}, "FFC_sans_bias101": {"write": {"device_start": 1585625326.8800294, "host_queued_start": 1585625393.340848, "device_queued": 1585625326.8721342, "device_end": 1585625326.8800554, "host_queued_end": 1585625393.361346}, "device": "gpu", "nd_range": {"device_start": 1585625326.8800628, "device_end": 1585625326.8823}, "cmdq": 0, "read": {"device_start": -1, "device_end": -1}}, "FFC_sans_bias106": {"write": {"device_start": 1585625326.8935144, "host_queued_start": 1585625393.361238, "device_queued": 1585625326.8752499, "device_end": 1585625326.8935394, "host_queued_end": 1585625393.361346}, "device": "gpu", "nd_range": {"device_start": 1585625326.8935554, "device_end": 1585625326.8957465}, "cmdq": 0, "read": {"device_start": 1585625326.8957493, "device_end": 1585625326.8957725}}, "FFC_sans_bias105": {"write": {"device_start": -1, "host_queued_start": 1585625393.351675, "device_queued": -1, "device_end": -1, "host_queued_end": 1585625393.361346}, "device": "gpu", "nd_range": {"device_start": 1585625326.889006, "device_end": 1585625326.891403}, "cmdq": 1, "read": {"device_start": -1, "device_end": -1}}, "softmax95": {"write": {"device_start": -1, "host_queued_start": 1585625393.348491, "device_queued": -1, "device_end": -1, "host_queued_end": 1585625393.361346}, "device": "gpu", "nd_range": {"device_start": 1585625326.887374, "device_end": 1585625326.887731}, "cmdq": 1, "read": {"device_start": -1, "device_end": -1}}, "coalesced_transpose57": {"write": {"device_start": -1, "host_queued_start": 1585625393.342098, "device_queued": -1, "device_end": -1, "host_queued_end": 1585625393.361346}, "device": "gpu", "nd_range": {"device_start": 1585625326.881844, "device_end": 1585625326.8822527}, "cmdq": 4, "read": {"device_start": -1, "device_end": -1}}, "empty26": {"write": {"device_start": -1, "host_queued_start": 1585625393.365398, "device_queued": -1, "device_end": -1, "host_queued_end": 1585625393.383}, "device": "cpu", "nd_range": {"device_start": 2293167.572631847, "device_end": 2293167.572632476}, "cmdq": 0, "read": {"device_start": -1, "device_end": -1}}, "FFC_sans_bias11": {"write": {"device_start": -1, "host_queued_start": 1585625393.372618, "device_queued": -1, "device_end": -1, "host_queued_end": 1585625393.383}, "device": "cpu", "nd_range": {"device_start": 2293167.594254538, "device_end": 2293167.5985570913}, "cmdq": 0, "read": {"device_start": -1, "device_end": -1}}, "FFC_sans_bias42": {"write": {"device_start": -1, "host_queued_start": 1585625393.349367, "device_queued": -1, "device_end": -1, "host_queued_end": 1585625393.361346}, "device": "gpu", "nd_range": {"device_start": 1585625326.887792, "device_end": 1585625326.8899386}, "cmdq": 4, "read": {"device_start": -1, "device_end": -1}}, "FFC_sans_bias43": {"write": {"device_start": 1585625326.891006, "host_queued_start": 1585625393.353802, "device_queued": 1585625326.8743107, "device_end": 1585625326.8910315, "host_queued_end": 1585625393.361346}, "device": "gpu", "nd_range": {"device_start": 1585625326.8910413, "device_end": 1585625326.8928046}, "cmdq": 3, "read": {"device_start": 1585625326.89281, "device_end": 1585625326.8928337}}, "FFC_sans_bias40": {"write": {"device_start": -1, "host_queued_start": 1585625393.344281, "device_queued": -1, "device_end": -1, "host_queued_end": 1585625393.361346}, "device": "gpu", "nd_range": {"device_start": 1585625326.8823252, "device_end": 1585625326.8829327}, "cmdq": 1, "read": {"device_start": -1, "device_end": -1}}, "FFC_sans_bias46": {"write": {"device_start": 1585625326.8708715, "host_queued_start": 1585625393.320708, "device_queued": 1585625326.8697696, "device_end": 1585625326.8709009, "host_queued_end": 1585625393.361346}, "device": "gpu", "nd_range": {"device_start": 1585625326.8709073, "device_end": 1585625326.873147}, "cmdq": 1, "read": {"device_start": -1, "device_end": -1}}, "FFC_sans_bias47": {"write": {"device_start": 1585625326.8712926, "host_queued_start": 1585625393.32175, "device_queued": 1585625326.8700068, "device_end": 1585625326.871324, "host_queued_end": 1585625393.361346}, "device": "gpu", "nd_range": {"device_start": 1585625326.8713303, "device_end": 1585625326.87364}, "cmdq": 2, "read": {"device_start": -1, "device_end": -1}}, "FFC_sans_bias45": {"write": {"device_start": 1585625326.8703218, "host_queued_start": 1585625393.319642, "device_queued": 1585625326.8697252, "device_end": 1585625326.8703485, "host_queued_end": 1585625393.361346}, "device": "gpu", "nd_range": {"device_start": 1585625326.8703606, "device_end": 1585625326.8726819}, "cmdq": 0, "read": {"device_start": -1, "device_end": -1}}, "FFC_sans_bias49": {"write": {"device_start": -1, "host_queued_start": 1585625393.344598, "device_queued": -1, "device_end": -1, "host_queued_end": 1585625393.361346}, "device": "gpu", "nd_range": {"device_start": 1585625326.8823433, "device_end": 1585625326.8833365}, "cmdq": 2, "read": {"device_start": -1, "device_end": -1}}, "softmax77": {"write": {"device_start": -1, "host_queued_start": 1585625393.348004, "device_queued": -1, "device_end": -1, "host_queued_end": 1585625393.361346}, "device": "gpu", "nd_range": {"device_start": 1585625326.8874092, "device_end": 1585625326.887781}, "cmdq": 4, "read": {"device_start": -1, "device_end": -1}}, "softmax5": {"write": {"device_start": -1, "host_queued_start": 1585625393.378288, "device_queued": -1, "device_end": -1, "host_queued_end": 1585625393.383}, "device": "cpu", "nd_range": {"device_start": 2293167.6263062824, "device_end": 2293167.626429301}, "cmdq": 0, "read": {"device_start": -1, "device_end": -1}}, "empty53": {"write": {"device_start": 1585625326.868219, "host_queued_start": 1585625393.30728, "device_queued": 1585625326.86807, "device_end": 1585625326.8682847, "host_queued_end": 1585625393.361346}, "device": "gpu", "nd_range": {"device_start": 1585625326.8684835, "device_end": 1585625326.8684878}, "cmdq": 2, "read": {"device_start": -1, "device_end": -1}}, "coalesced_transpose48": {"write": {"device_start": -1, "host_queued_start": 1585625393.341791, "device_queued": -1, "device_end": -1, "host_queued_end": 1585625393.361346}, "device": "gpu", "nd_range": {"device_start": 1585625326.8813553, "device_end": 1585625326.8822346}, "cmdq": 3, "read": {"device_start": -1, "device_end": -1}}}