{"FFC_sans_bias4": {"write": {"device_start": -1, "host_queued_start": 1585624773.836459, "device_queued": -1, "device_end": -1, "host_queued_end": 1585624773.858184}, "device": "cpu", "nd_range": {"device_start": 2292548.218617695, "device_end": 2292548.2271280773}, "cmdq": 3, "read": {"device_start": -1, "device_end": -1}}, "FFC_sans_bias7": {"write": {"device_start": -1, "host_queued_start": 1585624773.84805, "device_queued": -1, "device_end": -1, "host_queued_end": 1585624773.858184}, "device": "cpu", "nd_range": {"device_start": 2292548.335361098, "device_end": 2292548.350732543}, "cmdq": 0, "read": {"device_start": -1, "device_end": -1}}, "FFC_sans_bias6": {"write": {"device_start": -1, "host_queued_start": 1585624773.843417, "device_queued": -1, "device_end": -1, "host_queued_end": 1585624773.858184}, "device": "cpu", "nd_range": {"device_start": 2292548.3005979704, "device_end": 2292548.315924316}, "cmdq": 1, "read": {"device_start": -1, "device_end": -1}}, "FFC_sans_bias1": {"write": {"device_start": -1, "host_queued_start": 1585624773.799153, "device_queued": -1, "device_end": -1, "host_queued_end": 1585624773.858184}, "device": "cpu", "nd_range": {"device_start": 2292548.047870478, "device_end": 2292548.063418868}, "cmdq": 0, "read": {"device_start": -1, "device_end": -1}}, "FFC_sans_bias0": {"write": {"device_start": -1, "host_queued_start": 1585624773.798075, "device_queued": -1, "device_end": -1, "host_queued_end": 1585624773.858184}, "device": "cpu", "nd_range": {"device_start": 2292548.078554768, "device_end": 2292548.0937998993}, "cmdq": 3, "read": {"device_start": -1, "device_end": -1}}, "FFC_sans_bias2": {"write": {"device_start": -1, "host_queued_start": 1585624773.800218, "device_queued": -1, "device_end": -1, "host_queued_end": 1585624773.858184}, "device": "cpu", "nd_range": {"device_start": 2292548.047871008, "device_end": 2292548.063745471}, "cmdq": 1, "read": {"device_start": -1, "device_end": -1}}, "FFC_sans_bias9": {"write": {"device_start": -1, "host_queued_start": 1585624773.801296, "device_queued": -1, "device_end": -1, "host_queued_end": 1585624773.858184}, "device": "cpu", "nd_range": {"device_start": 2292548.0478944653, "device_end": 2292548.0631102864}, "cmdq": 2, "read": {"device_start": -1, "device_end": -1}}, "empty71": {"write": {"device_start": -1, "host_queued_start": 1585624773.794493, "device_queued": -1, "device_end": -1, "host_queued_end": 1585624773.858184}, "device": "cpu", "nd_range": {"device_start": 2292548.078546769, "device_end": 2292548.0785475723}, "cmdq": 3, "read": {"device_start": -1, "device_end": -1}}, "softmax41": {"write": {"device_start": -1, "host_queued_start": 1585624773.841365, "device_queued": -1, "device_end": -1, "host_queued_end": 1585624773.858184}, "device": "cpu", "nd_range": {"device_start": 2292548.2882732144, "device_end": 2292548.28849118}, "cmdq": 2, "read": {"device_start": -1, "device_end": -1}}, "FFC_sans_bias37": {"write": {"device_start": -1, "host_queued_start": 1585624773.812041, "device_queued": -1, "device_end": -1, "host_queued_end": 1585624773.858184}, "device": "cpu", "nd_range": {"device_start": 2292548.09435846, "device_end": 2292548.109659073}, "cmdq": 0, "read": {"device_start": -1, "device_end": -1}}, "FFC_sans_bias36": {"write": {"device_start": -1, "host_queued_start": 1585624773.810987, "device_queued": -1, "device_end": -1, "host_queued_end": 1585624773.858184}, "device": "cpu", "nd_range": {"device_start": 2292548.124678592, "device_end": 2292548.140079113}, "cmdq": 3, "read": {"device_start": -1, "device_end": -1}}, "FFC_sans_bias34": {"write": {"device_start": -1, "host_queued_start": 1585624773.851079, "device_queued": -1, "device_end": -1, "host_queued_end": 1585624773.858184}, "device": "cpu", "nd_range": {"device_start": 2292548.372656444, "device_end": 2292548.3811791483}, "cmdq": 3, "read": {"device_start": -1, "device_end": -1}}, "FFC_sans_bias33": {"write": {"device_start": -1, "host_queued_start": 1585624773.844525, "device_queued": -1, "device_end": -1, "host_queued_end": 1585624773.858184}, "device": "cpu", "nd_range": {"device_start": 2292548.304210245, "device_end": 2292548.3196801133}, "cmdq": 0, "read": {"device_start": -1, "device_end": -1}}, "FFC_sans_bias31": {"write": {"device_start": -1, "host_queued_start": 1585624773.837508, "device_queued": -1, "device_end": -1, "host_queued_end": 1585624773.858184}, "device": "cpu", "nd_range": {"device_start": 2292548.261252838, "device_end": 2292548.272735298}, "cmdq": 2, "read": {"device_start": -1, "device_end": -1}}, "FFC_sans_bias38": {"write": {"device_start": -1, "host_queued_start": 1585624773.81311, "device_queued": -1, "device_end": -1, "host_queued_end": 1585624773.858184}, "device": "cpu", "nd_range": {"device_start": 2292548.094857676, "device_end": 2292548.1100723143}, "cmdq": 1, "read": {"device_start": -1, "device_end": -1}}, "coalesced_transpose75": {"write": {"device_start": -1, "host_queued_start": 1585624773.835454, "device_queued": -1, "device_end": -1, "host_queued_end": 1585624773.858184}, "device": "cpu", "nd_range": {"device_start": 2292548.172014267, "device_end": 2292548.1722718533}, "cmdq": 0, "read": {"device_start": -1, "device_end": -1}}, "empty44": {"write": {"device_start": -1, "host_queued_start": 1585624773.792019, "device_queued": -1, "device_end": -1, "host_queued_end": 1585624773.858184}, "device": "cpu", "nd_range": {"device_start": 2292548.047858417, "device_end": 2292548.047859279}, "cmdq": 0, "read": {"device_start": -1, "device_end": -1}}, "empty8": {"write": {"device_start": -1, "host_queued_start": 1585624773.788388, "device_queued": -1, "device_end": -1, "host_queued_end": 1585624773.858184}, "device": "cpu", "nd_range": {"device_start": 2292548.047824136, "device_end": 2292548.047835784}, "cmdq": 0, "read": {"device_start": -1, "device_end": -1}}, "softmax50": {"write": {"device_start": -1, "host_queued_start": 1585624773.841656, "device_queued": -1, "device_end": -1, "host_queued_end": 1585624773.858184}, "device": "cpu", "nd_range": {"device_start": 2292548.246967379, "device_end": 2292548.2471692683}, "cmdq": 3, "read": {"device_start": -1, "device_end": -1}}, "softmax59": {"write": {"device_start": -1, "host_queued_start": 1585624773.841939, "device_queued": -1, "device_end": -1, "host_queued_end": 1585624773.858184}, "device": "cpu", "nd_range": {"device_start": 2292548.287522998, "device_end": 2292548.287734135}, "cmdq": 0, "read": {"device_start": -1, "device_end": -1}}, "FFC_sans_bias24": {"write": {"device_start": -1, "host_queued_start": 1585624773.844176, "device_queued": -1, "device_end": -1, "host_queued_end": 1585624773.858184}, "device": "cpu", "nd_range": {"device_start": 2292548.271884054, "device_end": 2292548.287413712}, "cmdq": 3, "read": {"device_start": -1, "device_end": -1}}, "FFC_sans_bias25": {"write": {"device_start": -1, "host_queued_start": 1585624773.850066, "device_queued": -1, "device_end": -1, "host_queued_end": 1585624773.858184}, "device": "cpu", "nd_range": {"device_start": 2292548.334761706, "device_end": 2292548.349935988}, "cmdq": 2, "read": {"device_start": -1, "device_end": -1}}, "FFC_sans_bias27": {"write": {"device_start": -1, "host_queued_start": 1585624773.807749, "device_queued": -1, "device_end": -1, "host_queued_end": 1585624773.858184}, "device": "cpu", "nd_range": {"device_start": 2292548.078903538, "device_end": 2292548.0942443213}, "cmdq": 0, "read": {"device_start": -1, "device_end": -1}}, "FFC_sans_bias20": {"write": {"device_start": -1, "host_queued_start": 1585624773.806688, "device_queued": -1, "device_end": -1, "host_queued_end": 1585624773.858184}, "device": "cpu", "nd_range": {"device_start": 2292548.1092205923, "device_end": 2292548.124553895}, "cmdq": 3, "read": {"device_start": -1, "device_end": -1}}, "FFC_sans_bias22": {"write": {"device_start": -1, "host_queued_start": 1585624773.83716, "device_queued": -1, "device_end": -1, "host_queued_end": 1585624773.858184}, "device": "cpu", "nd_range": {"device_start": 2292548.260716074, "device_end": 2292548.269350786}, "cmdq": 1, "read": {"device_start": -1, "device_end": -1}}, "FFC_sans_bias28": {"write": {"device_start": -1, "host_queued_start": 1585624773.808811, "device_queued": -1, "device_end": -1, "host_queued_end": 1585624773.858184}, "device": "cpu", "nd_range": {"device_start": 2292548.079359644, "device_end": 2292548.094743242}, "cmdq": 1, "read": {"device_start": -1, "device_end": -1}}, "FFC_sans_bias29": {"write": {"device_start": -1, "host_queued_start": 1585624773.809891, "device_queued": -1, "device_end": -1, "host_queued_end": 1585624773.858184}, "device": "cpu", "nd_range": {"device_start": 2292548.1721368902, "device_end": 2292548.1874543913}, "cmdq": 2, "read": {"device_start": -1, "device_end": -1}}, "coalesced_transpose66": {"write": {"device_start": -1, "host_queued_start": 1585624773.835123, "device_queued": -1, "device_end": -1, "host_queued_end": 1585624773.858184}, "device": "cpu", "nd_range": {"device_start": 2292548.2182376203, "device_end": 2292548.218504413}, "cmdq": 3, "read": {"device_start": -1, "device_end": -1}}, "coalesced_transpose93": {"write": {"device_start": -1, "host_queued_start": 1585624773.836115, "device_queued": -1, "device_end": -1, "host_queued_end": 1585624773.858184}, "device": "cpu", "nd_range": {"device_start": 2292548.260988587, "device_end": 2292548.261243463}, "cmdq": 2, "read": {"device_start": -1, "device_end": -1}}, "softmax23": {"write": {"device_start": -1, "host_queued_start": 1585624773.840799, "device_queued": -1, "device_end": -1, "host_queued_end": 1585624773.858184}, "device": "cpu", "nd_range": {"device_start": 2292548.270622258, "device_end": 2292548.271296517}, "cmdq": 0, "read": {"device_start": -1, "device_end": -1}}, "empty62": {"write": {"device_start": -1, "host_queued_start": 1585624773.793689, "device_queued": -1, "device_end": -1, "host_queued_end": 1585624773.858184}, "device": "cpu", "nd_range": {"device_start": 2292548.0478809513, "device_end": 2292548.047881986}, "cmdq": 2, "read": {"device_start": -1, "device_end": -1}}, "FFC_sans_bias10": {"write": {"device_start": -1, "host_queued_start": 1585624773.802348, "device_queued": -1, "device_end": -1, "host_queued_end": 1585624773.858184}, "device": "cpu", "nd_range": {"device_start": 2292548.093809355, "device_end": 2292548.1090941173}, "cmdq": 3, "read": {"device_start": -1, "device_end": -1}}, "FFC_sans_bias13": {"write": {"device_start": -1, "host_queued_start": 1585624773.836806, "device_queued": -1, "device_end": -1, "host_queued_end": 1585624773.858184}, "device": "cpu", "nd_range": {"device_start": 2292548.172382296, "device_end": 2292548.187643282}, "cmdq": 0, "read": {"device_start": -1, "device_end": -1}}, "FFC_sans_bias15": {"write": {"device_start": -1, "host_queued_start": 1585624773.843767, "device_queued": -1, "device_end": -1, "host_queued_end": 1585624773.858184}, "device": "cpu", "nd_range": {"device_start": 2292548.2887173383, "device_end": 2292548.30410647}, "cmdq": 2, "read": {"device_start": -1, "device_end": -1}}, "FFC_sans_bias16": {"write": {"device_start": -1, "host_queued_start": 1585624773.849066, "device_queued": -1, "device_end": -1, "host_queued_end": 1585624773.858184}, "device": "cpu", "nd_range": {"device_start": 2292548.346653326, "device_end": 2292548.361957728}, "cmdq": 1, "read": {"device_start": -1, "device_end": -1}}, "FFC_sans_bias19": {"write": {"device_start": -1, "host_queued_start": 1585624773.805595, "device_queued": -1, "device_end": -1, "host_queued_end": 1585624773.858184}, "device": "cpu", "nd_range": {"device_start": 2292548.0631181523, "device_end": 2292548.078393747}, "cmdq": 2, "read": {"device_start": -1, "device_end": -1}}, "FFC_sans_bias18": {"write": {"device_start": -1, "host_queued_start": 1585624773.804527, "device_queued": -1, "device_end": -1, "host_queued_end": 1585624773.858184}, "device": "cpu", "nd_range": {"device_start": 2292548.063853329, "device_end": 2292548.079251599}, "cmdq": 1, "read": {"device_start": -1, "device_end": -1}}, "FFC_sans_bias99": {"write": {"device_start": 1585624707.3102653, "host_queued_start": 1585624773.782639, "device_queued": 1585624707.3100867, "device_end": 1585624707.3102949, "host_queued_end": 1585624773.78712}, "device": "gpu", "nd_range": {"device_start": 1585624707.3102994, "device_end": 1585624707.3108997}, "cmdq": 0, "read": {"device_start": -1, "device_end": -1}}, "FFC_sans_bias91": {"write": {"device_start": -1, "host_queued_start": 1585624773.831244, "device_queued": -1, "device_end": -1, "host_queued_end": 1585624773.858184}, "device": "cpu", "nd_range": {"device_start": 2292548.2552317753, "device_end": 2292548.2605205933}, "cmdq": 2, "read": {"device_start": -1, "device_end": -1}}, "FFC_sans_bias90": {"write": {"device_start": -1, "host_queued_start": 1585624773.830177, "device_queued": -1, "device_end": -1, "host_queued_end": 1585624773.858184}, "device": "cpu", "nd_range": {"device_start": 2292548.156026539, "device_end": 2292548.171239398}, "cmdq": 1, "read": {"device_start": -1, "device_end": -1}}, "coalesced_transpose12": {"write": {"device_start": -1, "host_queued_start": 1585624773.833076, "device_queued": -1, "device_end": -1, "host_queued_end": 1585624773.858184}, "device": "cpu", "nd_range": {"device_start": 2292548.1713400004, "device_end": 2292548.171594873}, "cmdq": 1, "read": {"device_start": -1, "device_end": -1}}, "FFC_sans_bias94": {"write": {"device_start": -1, "host_queued_start": 1585624773.839949, "device_queued": -1, "device_end": -1, "host_queued_end": 1585624773.858184}, "device": "cpu", "nd_range": {"device_start": 2292548.2847059104, "device_end": 2292548.3001372}, "cmdq": 1, "read": {"device_start": -1, "device_end": -1}}, "FFC_sans_bias97": {"write": {"device_start": -1, "host_queued_start": 1585624773.858139, "device_queued": -1, "device_end": -1, "host_queued_end": 1585624773.858184}, "device": "cpu", "nd_range": {"device_start": 2292548.374780735, "device_end": 2292548.387108806}, "cmdq": 2, "read": {"device_start": -1, "device_end": -1}}, "FFC_sans_bias96": {"write": {"device_start": -1, "host_queued_start": 1585624773.846977, "device_queued": -1, "device_end": -1, "host_queued_end": 1585624773.858184}, "device": "cpu", "nd_range": {"device_start": 2292548.350823976, "device_end": 2292548.372458104}, "cmdq": 3, "read": {"device_start": -1, "device_end": -1}}, "softmax32": {"write": {"device_start": -1, "host_queued_start": 1585624773.84108, "device_queued": -1, "device_end": -1, "host_queued_end": 1585624773.858184}, "device": "cpu", "nd_range": {"device_start": 2292548.300150427, "device_end": 2292548.3003718923}, "cmdq": 1, "read": {"device_start": -1, "device_end": -1}}, "coalesced_transpose84": {"write": {"device_start": -1, "host_queued_start": 1585624773.835783, "device_queued": -1, "device_end": -1, "host_queued_end": 1585624773.858184}, "device": "cpu", "nd_range": {"device_start": 2292548.203422063, "device_end": 2292548.2037024694}, "cmdq": 1, "read": {"device_start": -1, "device_end": -1}}, "empty98": {"write": {"device_start": -1, "host_queued_start": 1585624773.797111, "device_queued": -1, "device_end": -1, "host_queued_end": 1585624773.858184}, "device": "cpu", "nd_range": {"device_start": 2292548.047887423, "device_end": 2292548.047888047}, "cmdq": 2, "read": {"device_start": -1, "device_end": -1}}, "empty107": {"write": {"device_start": 1585624707.31009, "host_queued_start": 1585624773.781398, "device_queued": 1585624707.309973, "device_end": 1585624707.3101163, "host_queued_end": 1585624773.78712}, "device": "gpu", "nd_range": {"device_start": 1585624707.3101196, "device_end": 1585624707.3101242}, "cmdq": 0, "read": {"device_start": -1, "device_end": -1}}, "empty17": {"write": {"device_start": -1, "host_queued_start": 1585624773.789344, "device_queued": -1, "device_end": -1, "host_queued_end": 1585624773.858184}, "device": "cpu", "nd_range": {"device_start": 2292548.047824201, "device_end": 2292548.0478357943}, "cmdq": 1, "read": {"device_start": -1, "device_end": -1}}, "FFC_sans_bias87": {"write": {"device_start": -1, "host_queued_start": 1585624773.846624, "device_queued": -1, "device_end": -1, "host_queued_end": 1585624773.858184}, "device": "cpu", "nd_range": {"device_start": 2292548.319362805, "device_end": 2292548.334754485}, "cmdq": 2, "read": {"device_start": -1, "device_end": -1}}, "FFC_sans_bias85": {"write": {"device_start": -1, "host_queued_start": 1585624773.839606, "device_queued": -1, "device_end": -1, "host_queued_end": 1585624773.858184}, "device": "cpu", "nd_range": {"device_start": 2292548.203835187, "device_end": 2292548.219124689}, "cmdq": 0, "read": {"device_start": -1, "device_end": -1}}, "FFC_sans_bias82": {"write": {"device_start": -1, "host_queued_start": 1585624773.828057, "device_queued": -1, "device_end": -1, "host_queued_end": 1585624773.858184}, "device": "cpu", "nd_range": {"device_start": 2292548.186386663, "device_end": 2292548.201878988}, "cmdq": 3, "read": {"device_start": -1, "device_end": -1}}, "FFC_sans_bias83": {"write": {"device_start": -1, "host_queued_start": 1585624773.829122, "device_queued": -1, "device_end": -1, "host_queued_end": 1585624773.858184}, "device": "cpu", "nd_range": {"device_start": 2292548.155865007, "device_end": 2292548.171130828}, "cmdq": 0, "read": {"device_start": -1, "device_end": -1}}, "FFC_sans_bias81": {"write": {"device_start": -1, "host_queued_start": 1585624773.826995, "device_queued": -1, "device_end": -1, "host_queued_end": 1585624773.858184}, "device": "cpu", "nd_range": {"device_start": 2292548.2499518683, "device_end": 2292548.255225515}, "cmdq": 2, "read": {"device_start": -1, "device_end": -1}}, "FFC_sans_bias88": {"write": {"device_start": -1, "host_queued_start": 1585624773.85713, "device_queued": -1, "device_end": -1, "host_queued_end": 1585624773.858184}, "device": "cpu", "nd_range": {"device_start": 2292548.390111205, "device_end": 2292548.3982266393}, "cmdq": 1, "read": {"device_start": -1, "device_end": -1}}, "coalesced_transpose30": {"write": {"device_start": -1, "host_queued_start": 1585624773.833747, "device_queued": -1, "device_end": -1, "host_queued_end": 1585624773.858184}, "device": "cpu", "nd_range": {"device_start": 2292548.2178384652, "device_end": 2292548.218106458}, "cmdq": 3, "read": {"device_start": -1, "device_end": -1}}, "coalesced_transpose39": {"write": {"device_start": -1, "host_queued_start": 1585624773.834085, "device_queued": -1, "device_end": -1, "host_queued_end": 1585624773.858184}, "device": "cpu", "nd_range": {"device_start": 2292548.1716345483, "device_end": 2292548.171897788}, "cmdq": 0, "read": {"device_start": -1, "device_end": -1}}, "FFC_sans_bias79": {"write": {"device_start": -1, "host_queued_start": 1585624773.856118, "device_queued": -1, "device_end": -1, "host_queued_end": 1585624773.858184}, "device": "cpu", "nd_range": {"device_start": 2292548.3844175832, "device_end": 2292548.391314227}, "cmdq": 0, "read": {"device_start": -1, "device_end": -1}}, "FFC_sans_bias78": {"write": {"device_start": -1, "host_queued_start": 1585624773.846263, "device_queued": -1, "device_end": -1, "host_queued_end": 1585624773.858184}, "device": "cpu", "nd_range": {"device_start": 2292548.33130921, "device_end": 2292548.346645874}, "cmdq": 1, "read": {"device_start": -1, "device_end": -1}}, "FFC_sans_bias73": {"write": {"device_start": -1, "host_queued_start": 1585624773.824854, "device_queued": -1, "device_end": -1, "host_queued_end": 1585624773.858184}, "device": "cpu", "nd_range": {"device_start": 2292548.140530536, "device_end": 2292548.15575427}, "cmdq": 0, "read": {"device_start": -1, "device_end": -1}}, "FFC_sans_bias72": {"write": {"device_start": -1, "host_queued_start": 1585624773.823782, "device_queued": -1, "device_end": -1, "host_queued_end": 1585624773.858184}, "device": "cpu", "nd_range": {"device_start": 2292548.171002496, "device_end": 2292548.1862647394}, "cmdq": 3, "read": {"device_start": -1, "device_end": -1}}, "FFC_sans_bias70": {"write": {"device_start": -1, "host_queued_start": 1585624773.85511, "device_queued": -1, "device_end": -1, "host_queued_end": 1585624773.858184}, "device": "cpu", "nd_range": {"device_start": 2292548.381183327, "device_end": 2292548.404976128}, "cmdq": 3, "read": {"device_start": -1, "device_end": -1}}, "FFC_sans_bias76": {"write": {"device_start": -1, "host_queued_start": 1585624773.839253, "device_queued": -1, "device_end": -1, "host_queued_end": 1585624773.858184}, "device": "cpu", "nd_range": {"device_start": 2292548.236115605, "device_end": 2292548.246525316}, "cmdq": 3, "read": {"device_start": -1, "device_end": -1}}, "FFC_sans_bias74": {"write": {"device_start": -1, "host_queued_start": 1585624773.825922, "device_queued": -1, "device_end": -1, "host_queued_end": 1585624773.858184}, "device": "cpu", "nd_range": {"device_start": 2292548.1407512464, "device_end": 2292548.155908177}, "cmdq": 1, "read": {"device_start": -1, "device_end": -1}}, "coalesced_transpose102": {"write": {"device_start": -1, "host_queued_start": 1585624773.785078, "device_queued": -1, "device_end": -1, "host_queued_end": 1585624773.78712}, "device": "gpu", "nd_range": {"device_start": 1585624707.31244, "device_end": 1585624707.3124468}, "cmdq": 0, "read": {"device_start": -1, "device_end": -1}}, "coalesced_transpose3": {"write": {"device_start": -1, "host_queued_start": 1585624773.832712, "device_queued": -1, "device_end": -1, "host_queued_end": 1585624773.858184}, "device": "cpu", "nd_range": {"device_start": 2292548.171247341, "device_end": 2292548.171520417}, "cmdq": 0, "read": {"device_start": -1, "device_end": -1}}, "empty89": {"write": {"device_start": -1, "host_queued_start": 1585624773.796141, "device_queued": -1, "device_end": -1, "host_queued_end": 1585624773.858184}, "device": "cpu", "nd_range": {"device_start": 2292548.047864802, "device_end": 2292548.047865449}, "cmdq": 1, "read": {"device_start": -1, "device_end": -1}}, "empty80": {"write": {"device_start": -1, "host_queued_start": 1585624773.795331, "device_queued": -1, "device_end": -1, "host_queued_end": 1585624773.858184}, "device": "cpu", "nd_range": {"device_start": 2292548.047865156, "device_end": 2292548.04786584}, "cmdq": 0, "read": {"device_start": -1, "device_end": -1}}, "softmax104": {"write": {"device_start": -1, "host_queued_start": 1585624773.785645, "device_queued": -1, "device_end": -1, "host_queued_end": 1585624773.78712}, "device": "gpu", "nd_range": {"device_start": 1585624707.3130558, "device_end": 1585624707.313257}, "cmdq": 0, "read": {"device_start": -1, "device_end": -1}}, "coalesced_transpose21": {"write": {"device_start": -1, "host_queued_start": 1585624773.833414, "device_queued": -1, "device_end": -1, "host_queued_end": 1585624773.858184}, "device": "cpu", "nd_range": {"device_start": 2292548.260526297, "device_end": 2292548.260707388}, "cmdq": 2, "read": {"device_start": -1, "device_end": -1}}, "softmax14": {"write": {"device_start": -1, "host_queued_start": 1585624773.840512, "device_queued": -1, "device_end": -1, "host_queued_end": 1585624773.858184}, "device": "cpu", "nd_range": {"device_start": 2292548.246630885, "device_end": 2292548.2468607402}, "cmdq": 3, "read": {"device_start": -1, "device_end": -1}}, "FFC_sans_bias69": {"write": {"device_start": -1, "host_queued_start": 1585624773.845917, "device_queued": -1, "device_end": -1, "host_queued_end": 1585624773.858184}, "device": "cpu", "nd_range": {"device_start": 2292548.3197862213, "device_end": 2292548.335234655}, "cmdq": 0, "read": {"device_start": -1, "device_end": -1}}, "FFC_sans_bias92": {"write": {"device_start": -1, "host_queued_start": 1585624773.832314, "device_queued": -1, "device_end": -1, "host_queued_end": 1585624773.858184}, "device": "cpu", "nd_range": {"device_start": 2292548.20218235, "device_end": 2292548.217606096}, "cmdq": 3, "read": {"device_start": -1, "device_end": -1}}, "FFC_sans_bias60": {"write": {"device_start": -1, "host_queued_start": 1585624773.845569, "device_queued": -1, "device_end": -1, "host_queued_end": 1585624773.858184}, "device": "cpu", "nd_range": {"device_start": 2292548.2878423133, "device_end": 2292548.303669435}, "cmdq": 3, "read": {"device_start": -1, "device_end": -1}}, "FFC_sans_bias61": {"write": {"device_start": -1, "host_queued_start": 1585624773.854092, "device_queued": -1, "device_end": -1, "host_queued_end": 1585624773.858184}, "device": "cpu", "nd_range": {"device_start": 2292548.3499395764, "device_end": 2292548.365223383}, "cmdq": 2, "read": {"device_start": -1, "device_end": -1}}, "FFC_sans_bias63": {"write": {"device_start": -1, "host_queued_start": 1585624773.822727, "device_queued": -1, "device_end": -1, "host_queued_end": 1585624773.858184}, "device": "cpu", "nd_range": {"device_start": 2292548.241377733, "device_end": 2292548.249945619}, "cmdq": 2, "read": {"device_start": -1, "device_end": -1}}, "FFC_sans_bias64": {"write": {"device_start": -1, "host_queued_start": 1585624773.820565, "device_queued": -1, "device_end": -1, "host_queued_end": 1585624773.858184}, "device": "cpu", "nd_range": {"device_start": 2292548.125200658, "device_end": 2292548.140416784}, "cmdq": 0, "read": {"device_start": -1, "device_end": -1}}, "FFC_sans_bias65": {"write": {"device_start": -1, "host_queued_start": 1585624773.821651, "device_queued": -1, "device_end": -1, "host_queued_end": 1585624773.858184}, "device": "cpu", "nd_range": {"device_start": 2292548.125485464, "device_end": 2292548.1406363253}, "cmdq": 1, "read": {"device_start": -1, "device_end": -1}}, "FFC_sans_bias67": {"write": {"device_start": -1, "host_queued_start": 1585624773.838904, "device_queued": -1, "device_end": -1, "host_queued_end": 1585624773.858184}, "device": "cpu", "nd_range": {"device_start": 2292548.2727417983, "device_end": 2292548.2880345113}, "cmdq": 2, "read": {"device_start": -1, "device_end": -1}}, "softmax68": {"write": {"device_start": -1, "host_queued_start": 1585624773.84222, "device_queued": -1, "device_end": -1, "host_queued_end": 1585624773.858184}, "device": "cpu", "nd_range": {"device_start": 2292548.300378423, "device_end": 2292548.3005916523}, "cmdq": 1, "read": {"device_start": -1, "device_end": -1}}, "empty35": {"write": {"device_start": -1, "host_queued_start": 1585624773.791141, "device_queued": -1, "device_end": -1, "host_queued_end": 1585624773.858184}, "device": "cpu", "nd_range": {"device_start": 2292548.0785334813, "device_end": 2292548.0785367843}, "cmdq": 3, "read": {"device_start": -1, "device_end": -1}}, "softmax86": {"write": {"device_start": -1, "host_queued_start": 1585624773.842793, "device_queued": -1, "device_end": -1, "host_queued_end": 1585624773.858184}, "device": "cpu", "nd_range": {"device_start": 2292548.247272889, "device_end": 2292548.2474668534}, "cmdq": 3, "read": {"device_start": -1, "device_end": -1}}, "FFC_sans_bias55": {"write": {"device_start": -1, "host_queued_start": 1585624773.819506, "device_queued": -1, "device_end": -1, "host_queued_end": 1585624773.858184}, "device": "cpu", "nd_range": {"device_start": 2292548.155621252, "device_end": 2292548.170881274}, "cmdq": 3, "read": {"device_start": -1, "device_end": -1}}, "FFC_sans_bias54": {"write": {"device_start": -1, "host_queued_start": 1585624773.818447, "device_queued": -1, "device_end": -1, "host_queued_end": 1585624773.858184}, "device": "cpu", "nd_range": {"device_start": 2292548.232310768, "device_end": 2292548.241367563}, "cmdq": 2, "read": {"device_start": -1, "device_end": -1}}, "FFC_sans_bias56": {"write": {"device_start": -1, "host_queued_start": 1585624773.817399, "device_queued": -1, "device_end": -1, "host_queued_end": 1585624773.858184}, "device": "cpu", "nd_range": {"device_start": 2292548.1101897443, "device_end": 2292548.125370896}, "cmdq": 1, "read": {"device_start": -1, "device_end": -1}}, "FFC_sans_bias51": {"write": {"device_start": -1, "host_queued_start": 1585624773.845223, "device_queued": -1, "device_end": -1, "host_queued_end": 1585624773.858184}, "device": "cpu", "nd_range": {"device_start": 2292548.3041127063, "device_end": 2292548.319352251}, "cmdq": 2, "read": {"device_start": -1, "device_end": -1}}, "FFC_sans_bias52": {"write": {"device_start": -1, "host_queued_start": 1585624773.853084, "device_queued": -1, "device_end": -1, "host_queued_end": 1585624773.858184}, "device": "cpu", "nd_range": {"device_start": 2292548.361963489, "device_end": 2292548.3901040973}, "cmdq": 1, "read": {"device_start": -1, "device_end": -1}}, "FFC_sans_bias58": {"write": {"device_start": -1, "host_queued_start": 1585624773.838552, "device_queued": -1, "device_end": -1, "host_queued_end": 1585624773.858184}, "device": "cpu", "nd_range": {"device_start": 2292548.269363285, "device_end": 2292548.2846968384}, "cmdq": 1, "read": {"device_start": -1, "device_end": -1}}, "FFC_sans_bias103": {"write": {"device_start": -1, "host_queued_start": 1585624773.785395, "device_queued": -1, "device_end": -1, "host_queued_end": 1585624773.78712}, "device": "gpu", "nd_range": {"device_start": 1585624707.3124478, "device_end": 1585624707.3130538}, "cmdq": 0, "read": {"device_start": -1, "device_end": -1}}, "FFC_sans_bias100": {"write": {"device_start": 1585624707.3110366, "host_queued_start": 1585624773.783695, "device_queued": 1585624707.3101392, "device_end": 1585624707.3110664, "host_queued_end": 1585624773.78712}, "device": "gpu", "nd_range": {"device_start": 1585624707.3110738, "device_end": 1585624707.3116684}, "cmdq": 0, "read": {"device_start": -1, "device_end": -1}}, "FFC_sans_bias101": {"write": {"device_start": 1585624707.311794, "host_queued_start": 1585624773.784755, "device_queued": 1585624707.310343, "device_end": 1585624707.3118234, "host_queued_end": 1585624773.78712}, "device": "gpu", "nd_range": {"device_start": 1585624707.3118384, "device_end": 1585624707.312439}, "cmdq": 0, "read": {"device_start": -1, "device_end": -1}}, "FFC_sans_bias106": {"write": {"device_start": 1585624707.313968, "host_queued_start": 1585624773.787012, "device_queued": 1585624707.310537, "device_end": 1585624707.3139963, "host_queued_end": 1585624773.78712}, "device": "gpu", "nd_range": {"device_start": 1585624707.3140001, "device_end": 1585624707.3145015}, "cmdq": 0, "read": {"device_start": 1585624707.3145032, "device_end": 1585624707.3145278}}, "FFC_sans_bias105": {"write": {"device_start": -1, "host_queued_start": 1585624773.785955, "device_queued": -1, "device_end": -1, "host_queued_end": 1585624773.78712}, "device": "gpu", "nd_range": {"device_start": 1585624707.3132584, "device_end": 1585624707.3138463}, "cmdq": 0, "read": {"device_start": -1, "device_end": -1}}, "softmax95": {"write": {"device_start": -1, "host_queued_start": 1585624773.843074, "device_queued": -1, "device_end": -1, "host_queued_end": 1585624773.858184}, "device": "cpu", "nd_range": {"device_start": 2292548.3037725543, "device_end": 2292548.303980207}, "cmdq": 0, "read": {"device_start": -1, "device_end": -1}}, "coalesced_transpose57": {"write": {"device_start": -1, "host_queued_start": 1585624773.834792, "device_queued": -1, "device_end": -1, "host_queued_end": 1585624773.858184}, "device": "cpu", "nd_range": {"device_start": 2292548.2607170213, "device_end": 2292548.260982513}, "cmdq": 2, "read": {"device_start": -1, "device_end": -1}}, "empty26": {"write": {"device_start": -1, "host_queued_start": 1585624773.79024, "device_queued": -1, "device_end": -1, "host_queued_end": 1585624773.858184}, "device": "cpu", "nd_range": {"device_start": 2292548.04785972, "device_end": 2292548.047864064}, "cmdq": 2, "read": {"device_start": -1, "device_end": -1}}, "FFC_sans_bias11": {"write": {"device_start": -1, "host_queued_start": 1585624773.803442, "device_queued": -1, "device_end": -1, "host_queued_end": 1585624773.858184}, "device": "cpu", "nd_range": {"device_start": 2292548.063530538, "device_end": 2292548.078791664}, "cmdq": 0, "read": {"device_start": -1, "device_end": -1}}, "FFC_sans_bias42": {"write": {"device_start": -1, "host_queued_start": 1585624773.844872, "device_queued": -1, "device_end": -1, "host_queued_end": 1585624773.858184}, "device": "cpu", "nd_range": {"device_start": 2292548.315941602, "device_end": 2292548.331300627}, "cmdq": 1, "read": {"device_start": -1, "device_end": -1}}, "FFC_sans_bias43": {"write": {"device_start": -1, "host_queued_start": 1585624773.852078, "device_queued": -1, "device_end": -1, "host_queued_end": 1585624773.858184}, "device": "cpu", "nd_range": {"device_start": 2292548.360007081, "device_end": 2292548.384413475}, "cmdq": 0, "read": {"device_start": -1, "device_end": -1}}, "FFC_sans_bias40": {"write": {"device_start": -1, "host_queued_start": 1585624773.837856, "device_queued": -1, "device_end": -1, "host_queued_end": 1585624773.858184}, "device": "cpu", "nd_range": {"device_start": 2292548.2271825504, "device_end": 2292548.2359961313}, "cmdq": 3, "read": {"device_start": -1, "device_end": -1}}, "FFC_sans_bias46": {"write": {"device_start": -1, "host_queued_start": 1585624773.815282, "device_queued": -1, "device_end": -1, "host_queued_end": 1585624773.858184}, "device": "cpu", "nd_range": {"device_start": 2292548.1402092422, "device_end": 2292548.155497217}, "cmdq": 3, "read": {"device_start": -1, "device_end": -1}}, "FFC_sans_bias47": {"write": {"device_start": -1, "host_queued_start": 1585624773.816349, "device_queued": -1, "device_end": -1, "host_queued_end": 1585624773.858184}, "device": "cpu", "nd_range": {"device_start": 2292548.10978223, "device_end": 2292548.1250846563}, "cmdq": 0, "read": {"device_start": -1, "device_end": -1}}, "FFC_sans_bias45": {"write": {"device_start": -1, "host_queued_start": 1585624773.814173, "device_queued": -1, "device_end": -1, "host_queued_end": 1585624773.858184}, "device": "cpu", "nd_range": {"device_start": 2292548.1875716504, "device_end": 2292548.232295468}, "cmdq": 2, "read": {"device_start": -1, "device_end": -1}}, "FFC_sans_bias49": {"write": {"device_start": -1, "host_queued_start": 1585624773.838206, "device_queued": -1, "device_end": -1, "host_queued_end": 1585624773.858184}, "device": "cpu", "nd_range": {"device_start": 2292548.187754995, "device_end": 2292548.203272909}, "cmdq": 0, "read": {"device_start": -1, "device_end": -1}}, "softmax77": {"write": {"device_start": -1, "host_queued_start": 1585624773.842516, "device_queued": -1, "device_end": -1, "host_queued_end": 1585624773.858184}, "device": "cpu", "nd_range": {"device_start": 2292548.288497357, "device_end": 2292548.288711689}, "cmdq": 2, "read": {"device_start": -1, "device_end": -1}}, "softmax5": {"write": {"device_start": -1, "host_queued_start": 1585624773.840233, "device_queued": -1, "device_end": -1, "host_queued_end": 1585624773.858184}, "device": "cpu", "nd_range": {"device_start": 2292548.288040868, "device_end": 2292548.288265154}, "cmdq": 2, "read": {"device_start": -1, "device_end": -1}}, "empty53": {"write": {"device_start": -1, "host_queued_start": 1585624773.792879, "device_queued": -1, "device_end": -1, "host_queued_end": 1585624773.858184}, "device": "cpu", "nd_range": {"device_start": 2292548.047858665, "device_end": 2292548.0478596473}, "cmdq": 1, "read": {"device_start": -1, "device_end": -1}}, "coalesced_transpose48": {"write": {"device_start": -1, "host_queued_start": 1585624773.834448, "device_queued": -1, "device_end": -1, "host_queued_end": 1585624773.858184}, "device": "cpu", "nd_range": {"device_start": 2292548.171762309, "device_end": 2292548.172022651}, "cmdq": 1, "read": {"device_start": -1, "device_end": -1}}}