{"FFC_sans_bias4": {"write": {"device_start": -1, "host_queued_start": 1585625198.796567, "device_queued": -1, "device_end": -1, "host_queued_end": 1585625198.798649}, "device": "cpu", "nd_range": {"device_start": 2292973.001268287, "device_end": 2292973.0051344032}, "cmdq": 0, "read": {"device_start": -1, "device_end": -1}}, "FFC_sans_bias7": {"write": {"device_start": -1, "host_queued_start": 1585625198.798568, "device_queued": -1, "device_end": -1, "host_queued_end": 1585625198.798649}, "device": "cpu", "nd_range": {"device_start": 2292973.010397375, "device_end": 2292973.015101923}, "cmdq": 0, "read": {"device_start": -1, "device_end": -1}}, "FFC_sans_bias6": {"write": {"device_start": -1, "host_queued_start": 1585625198.797286, "device_queued": -1, "device_end": -1, "host_queued_end": 1585625198.798649}, "device": "cpu", "nd_range": {"device_start": 2292973.0052821753, "device_end": 2292973.010389685}, "cmdq": 0, "read": {"device_start": -1, "device_end": -1}}, "FFC_sans_bias1": {"write": {"device_start": -1, "host_queued_start": 1585625198.794298, "device_queued": -1, "device_end": -1, "host_queued_end": 1585625198.798649}, "device": "cpu", "nd_range": {"device_start": 2292972.992623814, "device_end": 2292972.9967470733}, "cmdq": 0, "read": {"device_start": -1, "device_end": -1}}, "FFC_sans_bias0": {"write": {"device_start": -1, "host_queued_start": 1585625198.792984, "device_queued": -1, "device_end": -1, "host_queued_end": 1585625198.798649}, "device": "cpu", "nd_range": {"device_start": 2292972.9882959323, "device_end": 2292972.992603211}, "cmdq": 0, "read": {"device_start": -1, "device_end": -1}}, "FFC_sans_bias2": {"write": {"device_start": -1, "host_queued_start": 1585625198.795666, "device_queued": -1, "device_end": -1, "host_queued_end": 1585625198.798649}, "device": "cpu", "nd_range": {"device_start": 2292972.996934465, "device_end": 2292973.001015388}, "cmdq": 0, "read": {"device_start": -1, "device_end": -1}}, "FFC_sans_bias9": {"write": {"device_start": 1585625132.3027782, "host_queued_start": 1585625198.730925, "device_queued": 1585625132.3024533, "device_end": 1585625132.3028407, "host_queued_end": 1585625198.789704}, "device": "gpu", "nd_range": {"device_start": 1585625132.3028474, "device_end": 1585625132.3034537}, "cmdq": 3, "read": {"device_start": -1, "device_end": -1}}, "empty71": {"write": {"device_start": 1585625132.3022988, "host_queued_start": 1585625198.726544, "device_queued": 1585625132.302061, "device_end": 1585625132.3023367, "host_queued_end": 1585625198.789704}, "device": "gpu", "nd_range": {"device_start": 1585625132.3023484, "device_end": 1585625132.3023536}, "cmdq": 2, "read": {"device_start": -1, "device_end": -1}}, "softmax41": {"write": {"device_start": -1, "host_queued_start": 1585625198.772689, "device_queued": -1, "device_end": -1, "host_queued_end": 1585625198.789704}, "device": "gpu", "nd_range": {"device_start": 1585625132.3263075, "device_end": 1585625132.3268352}, "cmdq": 1, "read": {"device_start": -1, "device_end": -1}}, "FFC_sans_bias37": {"write": {"device_start": 1585625132.3064475, "host_queued_start": 1585625198.741674, "device_queued": 1585625132.3037326, "device_end": 1585625132.3064797, "host_queued_end": 1585625198.789704}, "device": "gpu", "nd_range": {"device_start": 1585625132.3064842, "device_end": 1585625132.308251}, "cmdq": 1, "read": {"device_start": -1, "device_end": -1}}, "FFC_sans_bias36": {"write": {"device_start": 1585625132.3059494, "host_queued_start": 1585625198.740635, "device_queued": 1585625132.3036873, "device_end": 1585625132.3059804, "host_queued_end": 1585625198.789704}, "device": "gpu", "nd_range": {"device_start": 1585625132.305987, "device_end": 1585625132.307801}, "cmdq": 0, "read": {"device_start": -1, "device_end": -1}}, "FFC_sans_bias34": {"write": {"device_start": 1585625132.33212, "host_queued_start": 1585625198.781169, "device_queued": 1585625132.3090801, "device_end": 1585625132.3321457, "host_queued_end": 1585625198.789704}, "device": "gpu", "nd_range": {"device_start": 1585625132.3321667, "device_end": 1585625132.3334482}, "cmdq": 2, "read": {"device_start": 1585625132.3334572, "device_end": 1585625132.3334827}}, "FFC_sans_bias33": {"write": {"device_start": -1, "host_queued_start": 1585625198.775378, "device_queued": -1, "device_end": -1, "host_queued_end": 1585625198.789704}, "device": "gpu", "nd_range": {"device_start": 1585625132.3288498, "device_end": 1585625132.3305585}, "cmdq": 3, "read": {"device_start": -1, "device_end": -1}}, "FFC_sans_bias31": {"write": {"device_start": -1, "host_queued_start": 1585625198.769069, "device_queued": -1, "device_end": -1, "host_queued_end": 1585625198.789704}, "device": "gpu", "nd_range": {"device_start": 1585625132.3213565, "device_end": 1585625132.322351}, "cmdq": 1, "read": {"device_start": -1, "device_end": -1}}, "FFC_sans_bias38": {"write": {"device_start": 1585625132.3069563, "host_queued_start": 1585625198.742727, "device_queued": 1585625132.3038607, "device_end": 1585625132.306989, "host_queued_end": 1585625198.789704}, "device": "gpu", "nd_range": {"device_start": 1585625132.3070035, "device_end": 1585625132.3087852}, "cmdq": 2, "read": {"device_start": -1, "device_end": -1}}, "coalesced_transpose75": {"write": {"device_start": -1, "host_queued_start": 1585625198.767203, "device_queued": -1, "device_end": -1, "host_queued_end": 1585625198.789704}, "device": "gpu", "nd_range": {"device_start": 1585625132.3213775, "device_end": 1585625132.3222628}, "cmdq": 3, "read": {"device_start": -1, "device_end": -1}}, "empty44": {"write": {"device_start": 1585625132.3019426, "host_queued_start": 1585625198.724087, "device_queued": 1585625132.3016539, "device_end": 1585625132.3019686, "host_queued_end": 1585625198.789704}, "device": "gpu", "nd_range": {"device_start": 1585625132.301971, "device_end": 1585625132.3019805}, "cmdq": 3, "read": {"device_start": -1, "device_end": -1}}, "empty8": {"write": {"device_start": -1, "host_queued_start": 1585625198.791447, "device_queued": -1, "device_end": -1, "host_queued_end": 1585625198.798649}, "device": "cpu", "nd_range": {"device_start": 2292972.988267029, "device_end": 2292972.988276575}, "cmdq": 0, "read": {"device_start": -1, "device_end": -1}}, "softmax50": {"write": {"device_start": -1, "host_queued_start": 1585625198.772935, "device_queued": -1, "device_end": -1, "host_queued_end": 1585625198.789704}, "device": "gpu", "nd_range": {"device_start": 1585625132.3266783, "device_end": 1585625132.3268907}, "cmdq": 2, "read": {"device_start": -1, "device_end": -1}}, "softmax59": {"write": {"device_start": -1, "host_queued_start": 1585625198.773183, "device_queued": -1, "device_end": -1, "host_queued_end": 1585625198.789704}, "device": "gpu", "nd_range": {"device_start": 1585625132.3270128, "device_end": 1585625132.3273363}, "cmdq": 3, "read": {"device_start": -1, "device_end": -1}}, "FFC_sans_bias24": {"write": {"device_start": -1, "host_queued_start": 1585625198.775063, "device_queued": -1, "device_end": -1, "host_queued_end": 1585625198.789704}, "device": "gpu", "nd_range": {"device_start": 1585625132.3271573, "device_end": 1585625132.3286633}, "cmdq": 2, "read": {"device_start": -1, "device_end": -1}}, "FFC_sans_bias25": {"write": {"device_start": 1585625132.3311412, "host_queued_start": 1585625198.780106, "device_queued": 1585625132.3088999, "device_end": 1585625132.331168, "host_queued_end": 1585625198.789704}, "device": "gpu", "nd_range": {"device_start": 1585625132.3311825, "device_end": 1585625132.3329892}, "cmdq": 1, "read": {"device_start": 1585625132.3330026, "device_end": 1585625132.333028}}, "FFC_sans_bias27": {"write": {"device_start": 1585625132.3045492, "host_queued_start": 1585625198.737282, "device_queued": 1585625132.3033078, "device_end": 1585625132.30458, "host_queued_end": 1585625198.789704}, "device": "gpu", "nd_range": {"device_start": 1585625132.304587, "device_end": 1585625132.3063228}, "cmdq": 1, "read": {"device_start": -1, "device_end": -1}}, "FFC_sans_bias20": {"write": {"device_start": 1585625132.3039687, "host_queued_start": 1585625198.736207, "device_queued": 1585625132.3032644, "device_end": 1585625132.3039985, "host_queued_end": 1585625198.789704}, "device": "gpu", "nd_range": {"device_start": 1585625132.304004, "device_end": 1585625132.3058505}, "cmdq": 0, "read": {"device_start": -1, "device_end": -1}}, "FFC_sans_bias22": {"write": {"device_start": -1, "host_queued_start": 1585625198.768751, "device_queued": -1, "device_end": -1, "host_queued_end": 1585625198.789704}, "device": "gpu", "nd_range": {"device_start": 1585625132.3213353, "device_end": 1585625132.3219492}, "cmdq": 0, "read": {"device_start": -1, "device_end": -1}}, "FFC_sans_bias28": {"write": {"device_start": 1585625132.3049774, "host_queued_start": 1585625198.738338, "device_queued": 1585625132.3034444, "device_end": 1585625132.3050032, "host_queued_end": 1585625198.789704}, "device": "gpu", "nd_range": {"device_start": 1585625132.3050094, "device_end": 1585625132.3068254}, "cmdq": 2, "read": {"device_start": -1, "device_end": -1}}, "FFC_sans_bias29": {"write": {"device_start": 1585625132.3054945, "host_queued_start": 1585625198.739585, "device_queued": 1585625132.3034716, "device_end": 1585625132.3055193, "host_queued_end": 1585625198.789704}, "device": "gpu", "nd_range": {"device_start": 1585625132.3055224, "device_end": 1585625132.3072817}, "cmdq": 3, "read": {"device_start": -1, "device_end": -1}}, "coalesced_transpose66": {"write": {"device_start": -1, "host_queued_start": 1585625198.766906, "device_queued": -1, "device_end": -1, "host_queued_end": 1585625198.789704}, "device": "gpu", "nd_range": {"device_start": 1585625132.3212097, "device_end": 1585625132.3212442}, "cmdq": 2, "read": {"device_start": -1, "device_end": -1}}, "coalesced_transpose93": {"write": {"device_start": -1, "host_queued_start": 1585625198.767819, "device_queued": -1, "device_end": -1, "host_queued_end": 1585625198.789704}, "device": "gpu", "nd_range": {"device_start": 1585625132.3212392, "device_end": 1585625132.3212574}, "cmdq": 1, "read": {"device_start": -1, "device_end": -1}}, "softmax23": {"write": {"device_start": -1, "host_queued_start": 1585625198.772195, "device_queued": -1, "device_end": -1, "host_queued_end": 1585625198.789704}, "device": "gpu", "nd_range": {"device_start": 1585625132.3267803, "device_end": 1585625132.326999}, "cmdq": 3, "read": {"device_start": -1, "device_end": -1}}, "empty62": {"write": {"device_start": 1585625132.3022015, "host_queued_start": 1585625198.725733, "device_queued": 1585625132.302042, "device_end": 1585625132.302275, "host_queued_end": 1585625198.789704}, "device": "gpu", "nd_range": {"device_start": 1585625132.3022873, "device_end": 1585625132.3022933}, "cmdq": 1, "read": {"device_start": -1, "device_end": -1}}, "FFC_sans_bias10": {"write": {"device_start": 1585625132.3028657, "host_queued_start": 1585625198.731992, "device_queued": 1585625132.3027787, "device_end": 1585625132.302936, "host_queued_end": 1585625198.789704}, "device": "gpu", "nd_range": {"device_start": 1585625132.3029466, "device_end": 1585625132.3038626}, "cmdq": 0, "read": {"device_start": -1, "device_end": -1}}, "FFC_sans_bias13": {"write": {"device_start": -1, "host_queued_start": 1585625198.768437, "device_queued": -1, "device_end": -1, "host_queued_end": 1585625198.789704}, "device": "gpu", "nd_range": {"device_start": 1585625132.3222811, "device_end": 1585625132.323906}, "cmdq": 3, "read": {"device_start": -1, "device_end": -1}}, "FFC_sans_bias15": {"write": {"device_start": -1, "host_queued_start": 1585625198.774749, "device_queued": -1, "device_end": -1, "host_queued_end": 1585625198.789704}, "device": "gpu", "nd_range": {"device_start": 1585625132.3270767, "device_end": 1585625132.3276868}, "cmdq": 1, "read": {"device_start": -1, "device_end": -1}}, "FFC_sans_bias16": {"write": {"device_start": 1585625132.3297126, "host_queued_start": 1585625198.779041, "device_queued": 1585625132.308813, "device_end": 1585625132.329741, "host_queued_end": 1585625198.789704}, "device": "gpu", "nd_range": {"device_start": 1585625132.3297591, "device_end": 1585625132.3315222}, "cmdq": 0, "read": {"device_start": 1585625132.3315268, "device_end": 1585625132.3315518}}, "FFC_sans_bias19": {"write": {"device_start": 1585625132.3035543, "host_queued_start": 1585625198.735156, "device_queued": 1585625132.303064, "device_end": 1585625132.3035843, "host_queued_end": 1585625198.789704}, "device": "gpu", "nd_range": {"device_start": 1585625132.3035874, "device_end": 1585625132.305379}, "cmdq": 3, "read": {"device_start": -1, "device_end": -1}}, "FFC_sans_bias18": {"write": {"device_start": 1585625132.3031244, "host_queued_start": 1585625198.734086, "device_queued": 1585625132.303037, "device_end": 1585625132.3031483, "host_queued_end": 1585625198.789704}, "device": "gpu", "nd_range": {"device_start": 1585625132.3031583, "device_end": 1585625132.304858}, "cmdq": 2, "read": {"device_start": -1, "device_end": -1}}, "FFC_sans_bias99": {"write": {"device_start": 1585625132.3184917, "host_queued_start": 1585625198.762644, "device_queued": 1585625132.3058925, "device_end": 1585625132.3185256, "host_queued_end": 1585625198.789704}, "device": "gpu", "nd_range": {"device_start": 1585625132.3185341, "device_end": 1585625132.3203428}, "cmdq": 1, "read": {"device_start": -1, "device_end": -1}}, "FFC_sans_bias91": {"write": {"device_start": 1585625132.317526, "host_queued_start": 1585625198.76055, "device_queued": 1585625132.305642, "device_end": 1585625132.3175528, "host_queued_end": 1585625198.789704}, "device": "gpu", "nd_range": {"device_start": 1585625132.3175583, "device_end": 1585625132.319376}, "cmdq": 3, "read": {"device_start": -1, "device_end": -1}}, "FFC_sans_bias90": {"write": {"device_start": 1585625132.3170428, "host_queued_start": 1585625198.759507, "device_queued": 1585625132.3056111, "device_end": 1585625132.3170686, "host_queued_end": 1585625198.789704}, "device": "gpu", "nd_range": {"device_start": 1585625132.3170753, "device_end": 1585625132.3189142}, "cmdq": 2, "read": {"device_start": -1, "device_end": -1}}, "coalesced_transpose12": {"write": {"device_start": -1, "host_queued_start": 1585625198.765069, "device_queued": -1, "device_end": -1, "host_queued_end": 1585625198.789704}, "device": "gpu", "nd_range": {"device_start": 1585625132.3198915, "device_end": 1585625132.321166}, "cmdq": 0, "read": {"device_start": -1, "device_end": -1}}, "FFC_sans_bias94": {"write": {"device_start": -1, "host_queued_start": 1585625198.771286, "device_queued": -1, "device_end": -1, "host_queued_end": 1585625198.789704}, "device": "gpu", "nd_range": {"device_start": 1585625132.3233643, "device_end": 1585625132.325317}, "cmdq": 0, "read": {"device_start": -1, "device_end": -1}}, "FFC_sans_bias97": {"write": {"device_start": 1585625132.3365178, "host_queued_start": 1585625198.788506, "device_queued": 1585625132.3186321, "device_end": 1585625132.3365412, "host_queued_end": 1585625198.789704}, "device": "gpu", "nd_range": {"device_start": 1585625132.3365464, "device_end": 1585625132.3377652}, "cmdq": 1, "read": {"device_start": 1585625132.3377717, "device_end": 1585625132.3377955}}, "FFC_sans_bias96": {"write": {"device_start": -1, "host_queued_start": 1585625198.777677, "device_queued": -1, "device_end": -1, "host_queued_end": 1585625198.789704}, "device": "gpu", "nd_range": {"device_start": 1585625132.3301027, "device_end": 1585625132.332033}, "cmdq": 2, "read": {"device_start": -1, "device_end": -1}}, "softmax32": {"write": {"device_start": -1, "host_queued_start": 1585625198.77244, "device_queued": -1, "device_end": -1, "host_queued_end": 1585625198.789704}, "device": "gpu", "nd_range": {"device_start": 1585625132.325333, "device_end": 1585625132.3266413}, "cmdq": 0, "read": {"device_start": -1, "device_end": -1}}, "coalesced_transpose84": {"write": {"device_start": -1, "host_queued_start": 1585625198.767503, "device_queued": -1, "device_end": -1, "host_queued_end": 1585625198.789704}, "device": "gpu", "nd_range": {"device_start": 1585625132.3212183, "device_end": 1585625132.3212523}, "cmdq": 0, "read": {"device_start": -1, "device_end": -1}}, "empty98": {"write": {"device_start": 1585625132.3026052, "host_queued_start": 1585625198.729038, "device_queued": 1585625132.302401, "device_end": 1585625132.3026862, "host_queued_end": 1585625198.789704}, "device": "gpu", "nd_range": {"device_start": 1585625132.3027024, "device_end": 1585625132.3027263}, "cmdq": 1, "read": {"device_start": -1, "device_end": -1}}, "empty107": {"write": {"device_start": 1585625132.3026888, "host_queued_start": 1585625198.72992, "device_queued": 1585625132.3024287, "device_end": 1585625132.3027256, "host_queued_end": 1585625198.789704}, "device": "gpu", "nd_range": {"device_start": 1585625132.3027384, "device_end": 1585625132.3027427}, "cmdq": 2, "read": {"device_start": -1, "device_end": -1}}, "empty17": {"write": {"device_start": 1585625132.3015463, "host_queued_start": 1585625198.721317, "device_queued": 1585625132.3014297, "device_end": 1585625132.3015757, "host_queued_end": 1585625198.789704}, "device": "gpu", "nd_range": {"device_start": 1585625132.3015788, "device_end": 1585625132.301594}, "cmdq": 0, "read": {"device_start": -1, "device_end": -1}}, "FFC_sans_bias87": {"write": {"device_start": -1, "host_queued_start": 1585625198.777352, "device_queued": -1, "device_end": -1, "host_queued_end": 1585625198.789704}, "device": "gpu", "nd_range": {"device_start": 1585625132.329118, "device_end": 1585625132.3310597}, "cmdq": 1, "read": {"device_start": -1, "device_end": -1}}, "FFC_sans_bias85": {"write": {"device_start": -1, "host_queued_start": 1585625198.770971, "device_queued": -1, "device_end": -1, "host_queued_end": 1585625198.789704}, "device": "gpu", "nd_range": {"device_start": 1585625132.3258483, "device_end": 1585625132.326764}, "cmdq": 3, "read": {"device_start": -1, "device_end": -1}}, "FFC_sans_bias82": {"write": {"device_start": 1585625132.316055, "host_queued_start": 1585625198.757411, "device_queued": 1585625132.3054044, "device_end": 1585625132.3160806, "host_queued_end": 1585625198.789704}, "device": "gpu", "nd_range": {"device_start": 1585625132.3160849, "device_end": 1585625132.3179553}, "cmdq": 0, "read": {"device_start": -1, "device_end": -1}}, "FFC_sans_bias83": {"write": {"device_start": 1585625132.3166022, "host_queued_start": 1585625198.758461, "device_queued": 1585625132.3054655, "device_end": 1585625132.316629, "host_queued_end": 1585625198.789704}, "device": "gpu", "nd_range": {"device_start": 1585625132.3166387, "device_end": 1585625132.3184128}, "cmdq": 1, "read": {"device_start": -1, "device_end": -1}}, "FFC_sans_bias81": {"write": {"device_start": 1585625132.3156428, "host_queued_start": 1585625198.756347, "device_queued": 1585625132.3052285, "device_end": 1585625132.3156683, "host_queued_end": 1585625198.789704}, "device": "gpu", "nd_range": {"device_start": 1585625132.3156734, "device_end": 1585625132.3174405}, "cmdq": 3, "read": {"device_start": -1, "device_end": -1}}, "FFC_sans_bias88": {"write": {"device_start": 1585625132.3341072, "host_queued_start": 1585625198.787442, "device_queued": 1585625132.318569, "device_end": 1585625132.3341315, "host_queued_end": 1585625198.789704}, "device": "gpu", "nd_range": {"device_start": 1585625132.3341355, "device_end": 1585625132.3353848}, "cmdq": 0, "read": {"device_start": 1585625132.3374636, "device_end": 1585625132.3374884}}, "coalesced_transpose30": {"write": {"device_start": -1, "host_queued_start": 1585625198.765678, "device_queued": -1, "device_end": -1, "host_queued_end": 1585625198.789704}, "device": "gpu", "nd_range": {"device_start": 1585625132.3208053, "device_end": 1585625132.3211966}, "cmdq": 2, "read": {"device_start": -1, "device_end": -1}}, "coalesced_transpose39": {"write": {"device_start": -1, "host_queued_start": 1585625198.765983, "device_queued": -1, "device_end": -1, "host_queued_end": 1585625198.789704}, "device": "gpu", "nd_range": {"device_start": 1585625132.3213139, "device_end": 1585625132.3213623}, "cmdq": 3, "read": {"device_start": -1, "device_end": -1}}, "FFC_sans_bias79": {"write": {"device_start": 1585625132.3360178, "host_queued_start": 1585625198.786389, "device_queued": 1585625132.3096428, "device_end": 1585625132.336043, "host_queued_end": 1585625198.789704}, "device": "gpu", "nd_range": {"device_start": 1585625132.3360548, "device_end": 1585625132.3373277}, "cmdq": 3, "read": {"device_start": 1585625132.3373342, "device_end": 1585625132.3373582}}, "FFC_sans_bias78": {"write": {"device_start": -1, "host_queued_start": 1585625198.777022, "device_queued": -1, "device_end": -1, "host_queued_end": 1585625198.789704}, "device": "gpu", "nd_range": {"device_start": 1585625132.328125, "device_end": 1585625132.3296165}, "cmdq": 0, "read": {"device_start": -1, "device_end": -1}}, "FFC_sans_bias73": {"write": {"device_start": 1585625132.3146772, "host_queued_start": 1585625198.754239, "device_queued": 1585625132.3050938, "device_end": 1585625132.3147035, "host_queued_end": 1585625198.789704}, "device": "gpu", "nd_range": {"device_start": 1585625132.314713, "device_end": 1585625132.316519}, "cmdq": 1, "read": {"device_start": -1, "device_end": -1}}, "FFC_sans_bias72": {"write": {"device_start": 1585625132.3141298, "host_queued_start": 1585625198.753199, "device_queued": 1585625132.3050463, "device_end": 1585625132.3141627, "host_queued_end": 1585625198.789704}, "device": "gpu", "nd_range": {"device_start": 1585625132.3141797, "device_end": 1585625132.315968}, "cmdq": 0, "read": {"device_start": -1, "device_end": -1}}, "FFC_sans_bias70": {"write": {"device_start": 1585625132.3336189, "host_queued_start": 1585625198.785328, "device_queued": 1585625132.3096178, "device_end": 1585625132.3336442, "host_queued_end": 1585625198.789704}, "device": "gpu", "nd_range": {"device_start": 1585625132.3336592, "device_end": 1585625132.3348835}, "cmdq": 2, "read": {"device_start": 1585625132.334895, "device_end": 1585625132.3349183}}, "FFC_sans_bias76": {"write": {"device_start": -1, "host_queued_start": 1585625198.770654, "device_queued": -1, "device_end": -1, "host_queued_end": 1585625198.789704}, "device": "gpu", "nd_range": {"device_start": 1585625132.3229463, "device_end": 1585625132.3248594}, "cmdq": 2, "read": {"device_start": -1, "device_end": -1}}, "FFC_sans_bias74": {"write": {"device_start": 1585625132.3150604, "host_queued_start": 1585625198.755307, "device_queued": 1585625132.3052099, "device_end": 1585625132.3150868, "host_queued_end": 1585625198.789704}, "device": "gpu", "nd_range": {"device_start": 1585625132.3150938, "device_end": 1585625132.3169577}, "cmdq": 2, "read": {"device_start": -1, "device_end": -1}}, "coalesced_transpose102": {"write": {"device_start": -1, "host_queued_start": 1585625198.768117, "device_queued": -1, "device_end": -1, "host_queued_end": 1585625198.789704}, "device": "gpu", "nd_range": {"device_start": 1585625132.3212452, "device_end": 1585625132.3212624}, "cmdq": 2, "read": {"device_start": -1, "device_end": -1}}, "coalesced_transpose3": {"write": {"device_start": -1, "host_queued_start": 1585625198.796113, "device_queued": -1, "device_end": -1, "host_queued_end": 1585625198.798649}, "device": "cpu", "nd_range": {"device_start": 2292973.0010235324, "device_end": 2292973.0011248654}, "cmdq": 0, "read": {"device_start": -1, "device_end": -1}}, "empty89": {"write": {"device_start": 1585625132.3025, "host_queued_start": 1585625198.728224, "device_queued": 1585625132.3023503, "device_end": 1585625132.3025603, "host_queued_end": 1585625198.789704}, "device": "gpu", "nd_range": {"device_start": 1585625132.302568, "device_end": 1585625132.3025734}, "cmdq": 0, "read": {"device_start": -1, "device_end": -1}}, "empty80": {"write": {"device_start": 1585625132.3023922, "host_queued_start": 1585625198.727404, "device_queued": 1585625132.3020854, "device_end": 1585625132.3024533, "host_queued_end": 1585625198.789704}, "device": "gpu", "nd_range": {"device_start": 1585625132.302459, "device_end": 1585625132.3024626}, "cmdq": 3, "read": {"device_start": -1, "device_end": -1}}, "softmax104": {"write": {"device_start": -1, "host_queued_start": 1585625198.774423, "device_queued": -1, "device_end": -1, "host_queued_end": 1585625198.789704}, "device": "gpu", "nd_range": {"device_start": 1585625132.3268852, "device_end": 1585625132.327102}, "cmdq": 0, "read": {"device_start": -1, "device_end": -1}}, "coalesced_transpose21": {"write": {"device_start": -1, "host_queued_start": 1585625198.765376, "device_queued": -1, "device_end": -1, "host_queued_end": 1585625198.789704}, "device": "gpu", "nd_range": {"device_start": 1585625132.320345, "device_end": 1585625132.3211844}, "cmdq": 1, "read": {"device_start": -1, "device_end": -1}}, "softmax14": {"write": {"device_start": -1, "host_queued_start": 1585625198.771945, "device_queued": -1, "device_end": -1, "host_queued_end": 1585625198.789704}, "device": "gpu", "nd_range": {"device_start": 1585625132.3248758, "device_end": 1585625132.326664}, "cmdq": 2, "read": {"device_start": -1, "device_end": -1}}, "FFC_sans_bias69": {"write": {"device_start": -1, "host_queued_start": 1585625198.776674, "device_queued": -1, "device_end": -1, "host_queued_end": 1585625198.789704}, "device": "gpu", "nd_range": {"device_start": 1585625132.3305724, "device_end": 1585625132.332477}, "cmdq": 3, "read": {"device_start": -1, "device_end": -1}}, "FFC_sans_bias92": {"write": {"device_start": 1585625132.3180425, "host_queued_start": 1585625198.761598, "device_queued": 1585625132.3058264, "device_end": 1585625132.3180695, "host_queued_end": 1585625198.789704}, "device": "gpu", "nd_range": {"device_start": 1585625132.3180783, "device_end": 1585625132.31989}, "cmdq": 0, "read": {"device_start": -1, "device_end": -1}}, "FFC_sans_bias60": {"write": {"device_start": -1, "host_queued_start": 1585625198.776344, "device_queued": -1, "device_end": -1, "host_queued_end": 1585625198.789704}, "device": "gpu", "nd_range": {"device_start": 1585625132.328678, "device_end": 1585625132.3300884}, "cmdq": 2, "read": {"device_start": -1, "device_end": -1}}, "FFC_sans_bias61": {"write": {"device_start": 1585625132.3345897, "host_queued_start": 1585625198.784294, "device_queued": 1585625132.3094997, "device_end": 1585625132.3346155, "host_queued_end": 1585625198.789704}, "device": "gpu", "nd_range": {"device_start": 1585625132.3346338, "device_end": 1585625132.3363614}, "cmdq": 1, "read": {"device_start": 1585625132.3363738, "device_end": 1585625132.336397}}, "FFC_sans_bias63": {"write": {"device_start": 1585625132.3140178, "host_queued_start": 1585625198.752122, "device_queued": 1585625132.3048296, "device_end": 1585625132.314082, "host_queued_end": 1585625198.789704}, "device": "gpu", "nd_range": {"device_start": 1585625132.3141022, "device_end": 1585625132.3155546}, "cmdq": 3, "read": {"device_start": -1, "device_end": -1}}, "FFC_sans_bias64": {"write": {"device_start": 1585625132.3138452, "host_queued_start": 1585625198.750023, "device_queued": 1585625132.3046894, "device_end": 1585625132.3139226, "host_queued_end": 1585625198.789704}, "device": "gpu", "nd_range": {"device_start": 1585625132.3139446, "device_end": 1585625132.3145714}, "cmdq": 1, "read": {"device_start": -1, "device_end": -1}}, "FFC_sans_bias65": {"write": {"device_start": 1585625132.3139255, "host_queued_start": 1585625198.751085, "device_queued": 1585625132.3048098, "device_end": 1585625132.3140042, "host_queued_end": 1585625198.789704}, "device": "gpu", "nd_range": {"device_start": 1585625132.3140218, "device_end": 1585625132.3149714}, "cmdq": 2, "read": {"device_start": -1, "device_end": -1}}, "FFC_sans_bias67": {"write": {"device_start": -1, "host_queued_start": 1585625198.770327, "device_queued": -1, "device_end": -1, "host_queued_end": 1585625198.789704}, "device": "gpu", "nd_range": {"device_start": 1585625132.3223674, "device_end": 1585625132.3243346}, "cmdq": 1, "read": {"device_start": -1, "device_end": -1}}, "softmax68": {"write": {"device_start": -1, "host_queued_start": 1585625198.773433, "device_queued": -1, "device_end": -1, "host_queued_end": 1585625198.789704}, "device": "gpu", "nd_range": {"device_start": 1585625132.3266582, "device_end": 1585625132.3268707}, "cmdq": 0, "read": {"device_start": -1, "device_end": -1}}, "empty35": {"write": {"device_start": 1585625132.3018522, "host_queued_start": 1585625198.723239, "device_queued": 1585625132.3016317, "device_end": 1585625132.301903, "host_queued_end": 1585625198.789704}, "device": "gpu", "nd_range": {"device_start": 1585625132.301912, "device_end": 1585625132.301918}, "cmdq": 2, "read": {"device_start": -1, "device_end": -1}}, "softmax86": {"write": {"device_start": -1, "host_queued_start": 1585625198.773933, "device_queued": -1, "device_end": -1, "host_queued_end": 1585625198.789704}, "device": "gpu", "nd_range": {"device_start": 1585625132.326906, "device_end": 1585625132.3271422}, "cmdq": 2, "read": {"device_start": -1, "device_end": -1}}, "FFC_sans_bias55": {"write": {"device_start": 1585625132.3098557, "host_queued_start": 1585625198.74897, "device_queued": 1585625132.304635, "device_end": 1585625132.3098836, "host_queued_end": 1585625198.789704}, "device": "gpu", "nd_range": {"device_start": 1585625132.3099015, "device_end": 1585625132.3116267}, "cmdq": 0, "read": {"device_start": -1, "device_end": -1}}, "FFC_sans_bias54": {"write": {"device_start": 1585625132.3093593, "host_queued_start": 1585625198.747936, "device_queued": 1585625132.304386, "device_end": 1585625132.3093853, "host_queued_end": 1585625198.789704}, "device": "gpu", "nd_range": {"device_start": 1585625132.3093889, "device_end": 1585625132.311188}, "cmdq": 3, "read": {"device_start": -1, "device_end": -1}}, "FFC_sans_bias56": {"write": {"device_start": 1585625132.3089082, "host_queued_start": 1585625198.746898, "device_queued": 1585625132.304358, "device_end": 1585625132.3089402, "host_queued_end": 1585625198.789704}, "device": "gpu", "nd_range": {"device_start": 1585625132.3089464, "device_end": 1585625132.3106449}, "cmdq": 2, "read": {"device_start": -1, "device_end": -1}}, "FFC_sans_bias51": {"write": {"device_start": -1, "host_queued_start": 1585625198.776016, "device_queued": -1, "device_end": -1, "host_queued_end": 1585625198.789704}, "device": "gpu", "nd_range": {"device_start": 1585625132.3277009, "device_end": 1585625132.329104}, "cmdq": 1, "read": {"device_start": -1, "device_end": -1}}, "FFC_sans_bias52": {"write": {"device_start": 1585625132.332227, "host_queued_start": 1585625198.783259, "device_queued": 1585625132.309457, "device_end": 1585625132.3322544, "host_queued_end": 1585625198.789704}, "device": "gpu", "nd_range": {"device_start": 1585625132.3322685, "device_end": 1585625132.3339403}, "cmdq": 0, "read": {"device_start": 1585625132.3339467, "device_end": 1585625132.333971}}, "FFC_sans_bias58": {"write": {"device_start": -1, "host_queued_start": 1585625198.770008, "device_queued": -1, "device_end": -1, "host_queued_end": 1585625198.789704}, "device": "gpu", "nd_range": {"device_start": 1585625132.3219664, "device_end": 1585625132.323347}, "cmdq": 0, "read": {"device_start": -1, "device_end": -1}}, "FFC_sans_bias103": {"write": {"device_start": -1, "host_queued_start": 1585625198.771688, "device_queued": -1, "device_end": -1, "host_queued_end": 1585625198.789704}, "device": "gpu", "nd_range": {"device_start": 1585625132.3243504, "device_end": 1585625132.3262916}, "cmdq": 1, "read": {"device_start": -1, "device_end": -1}}, "FFC_sans_bias100": {"write": {"device_start": 1585625132.319001, "host_queued_start": 1585625198.763678, "device_queued": 1585625132.3060615, "device_end": 1585625132.3190281, "host_queued_end": 1585625198.789704}, "device": "gpu", "nd_range": {"device_start": 1585625132.3190336, "device_end": 1585625132.3208034}, "cmdq": 2, "read": {"device_start": -1, "device_end": -1}}, "FFC_sans_bias101": {"write": {"device_start": 1585625132.3194604, "host_queued_start": 1585625198.76472, "device_queued": 1585625132.3061008, "device_end": 1585625132.3194864, "host_queued_end": 1585625198.789704}, "device": "gpu", "nd_range": {"device_start": 1585625132.3194907, "device_end": 1585625132.3213098}, "cmdq": 3, "read": {"device_start": -1, "device_end": -1}}, "FFC_sans_bias106": {"write": {"device_start": 1585625132.335041, "host_queued_start": 1585625198.789602, "device_queued": 1585625132.3188264, "device_end": 1585625132.3350663, "host_queued_end": 1585625198.789704}, "device": "gpu", "nd_range": {"device_start": 1585625132.335072, "device_end": 1585625132.3368068}, "cmdq": 2, "read": {"device_start": 1585625132.3375783, "device_end": 1585625132.3376026}}, "FFC_sans_bias105": {"write": {"device_start": -1, "host_queued_start": 1585625198.777996, "device_queued": -1, "device_end": -1, "host_queued_end": 1585625198.789704}, "device": "gpu", "nd_range": {"device_start": 1585625132.3324916, "device_end": 1585625132.334416}, "cmdq": 3, "read": {"device_start": -1, "device_end": -1}}, "softmax95": {"write": {"device_start": -1, "host_queued_start": 1585625198.774177, "device_queued": -1, "device_end": -1, "host_queued_end": 1585625198.789704}, "device": "gpu", "nd_range": {"device_start": 1585625132.3273525, "device_end": 1585625132.3288355}, "cmdq": 3, "read": {"device_start": -1, "device_end": -1}}, "coalesced_transpose57": {"write": {"device_start": -1, "host_queued_start": 1585625198.766603, "device_queued": -1, "device_end": -1, "host_queued_end": 1585625198.789704}, "device": "gpu", "nd_range": {"device_start": 1585625132.3211927, "device_end": 1585625132.3212233}, "cmdq": 1, "read": {"device_start": -1, "device_end": -1}}, "empty26": {"write": {"device_start": 1585625132.3017058, "host_queued_start": 1585625198.722367, "device_queued": 1585625132.3016064, "device_end": 1585625132.3017395, "host_queued_end": 1585625198.789704}, "device": "gpu", "nd_range": {"device_start": 1585625132.301753, "device_end": 1585625132.301757}, "cmdq": 1, "read": {"device_start": -1, "device_end": -1}}, "FFC_sans_bias11": {"write": {"device_start": 1585625132.3029647, "host_queued_start": 1585625198.733042, "device_queued": 1585625132.3028505, "device_end": 1585625132.3029945, "host_queued_end": 1585625198.789704}, "device": "gpu", "nd_range": {"device_start": 1585625132.3031018, "device_end": 1585625132.3044229}, "cmdq": 1, "read": {"device_start": -1, "device_end": -1}}, "FFC_sans_bias42": {"write": {"device_start": -1, "host_queued_start": 1585625198.7757, "device_queued": -1, "device_end": -1, "host_queued_end": 1585625198.789704}, "device": "gpu", "nd_range": {"device_start": 1585625132.3271165, "device_end": 1585625132.3281112}, "cmdq": 0, "read": {"device_start": -1, "device_end": -1}}, "FFC_sans_bias43": {"write": {"device_start": 1585625132.3344924, "host_queued_start": 1585625198.782209, "device_queued": 1585625132.3091109, "device_end": 1585625132.334519, "host_queued_end": 1585625198.789704}, "device": "gpu", "nd_range": {"device_start": 1585625132.3345325, "device_end": 1585625132.3358614}, "cmdq": 3, "read": {"device_start": 1585625132.335869, "device_end": 1585625132.3358936}}, "FFC_sans_bias40": {"write": {"device_start": -1, "host_queued_start": 1585625198.76938, "device_queued": -1, "device_end": -1, "host_queued_end": 1585625198.789704}, "device": "gpu", "nd_range": {"device_start": 1585625132.3214028, "device_end": 1585625132.32293}, "cmdq": 2, "read": {"device_start": -1, "device_end": -1}}, "FFC_sans_bias46": {"write": {"device_start": 1585625132.3079255, "host_queued_start": 1585625198.744792, "device_queued": 1585625132.3041563, "device_end": 1585625132.3079574, "host_queued_end": 1585625198.789704}, "device": "gpu", "nd_range": {"device_start": 1585625132.3079658, "device_end": 1585625132.309735}, "cmdq": 0, "read": {"device_start": -1, "device_end": -1}}, "FFC_sans_bias47": {"write": {"device_start": 1585625132.3083582, "host_queued_start": 1585625198.745838, "device_queued": 1585625132.304211, "device_end": 1585625132.3083844, "host_queued_end": 1585625198.789704}, "device": "gpu", "nd_range": {"device_start": 1585625132.308392, "device_end": 1585625132.310196}, "cmdq": 1, "read": {"device_start": -1, "device_end": -1}}, "FFC_sans_bias45": {"write": {"device_start": 1585625132.3074272, "host_queued_start": 1585625198.743758, "device_queued": 1585625132.3038974, "device_end": 1585625132.307459, "host_queued_end": 1585625198.789704}, "device": "gpu", "nd_range": {"device_start": 1585625132.3074646, "device_end": 1585625132.3092163}, "cmdq": 3, "read": {"device_start": -1, "device_end": -1}}, "FFC_sans_bias49": {"write": {"device_start": -1, "host_queued_start": 1585625198.769693, "device_queued": -1, "device_end": -1, "host_queued_end": 1585625198.789704}, "device": "gpu", "nd_range": {"device_start": 1585625132.3239226, "device_end": 1585625132.325832}, "cmdq": 3, "read": {"device_start": -1, "device_end": -1}}, "softmax77": {"write": {"device_start": -1, "host_queued_start": 1585625198.773684, "device_queued": -1, "device_end": -1, "host_queued_end": 1585625198.789704}, "device": "gpu", "nd_range": {"device_start": 1585625132.326851, "device_end": 1585625132.3270612}, "cmdq": 1, "read": {"device_start": -1, "device_end": -1}}, "softmax5": {"write": {"device_start": -1, "host_queued_start": 1585625198.796915, "device_queued": -1, "device_end": -1, "host_queued_end": 1585625198.798649}, "device": "cpu", "nd_range": {"device_start": 2292973.005141606, "device_end": 2292973.005275009}, "cmdq": 0, "read": {"device_start": -1, "device_end": -1}}, "empty53": {"write": {"device_start": 1585625132.3020864, "host_queued_start": 1585625198.724925, "device_queued": 1585625132.3019896, "device_end": 1585625132.3021512, "host_queued_end": 1585625198.789704}, "device": "gpu", "nd_range": {"device_start": 1585625132.30216, "device_end": 1585625132.3021653}, "cmdq": 0, "read": {"device_start": -1, "device_end": -1}}, "coalesced_transpose48": {"write": {"device_start": -1, "host_queued_start": 1585625198.766292, "device_queued": -1, "device_end": -1, "host_queued_end": 1585625198.789704}, "device": "gpu", "nd_range": {"device_start": 1585625132.321168, "device_end": 1585625132.3212166}, "cmdq": 0, "read": {"device_start": -1, "device_end": -1}}}