{"FFC_sans_bias4": {"write": {"device_start": -1, "host_queued_start": 1585625460.753102, "device_queued": -1, "device_end": -1, "host_queued_end": 1585625460.776447}, "device": "gpu", "nd_range": {"device_start": 1585625394.300206, "device_end": 1585625394.3008182}, "cmdq": 0, "read": {"device_start": -1, "device_end": -1}}, "FFC_sans_bias7": {"write": {"device_start": 1585625394.3120644, "host_queued_start": 1585625460.764697, "device_queued": 1585625394.2891572, "device_end": 1585625394.312096, "host_queued_end": 1585625460.776447}, "device": "gpu", "nd_range": {"device_start": 1585625394.3121216, "device_end": 1585625394.313684}, "cmdq": 1, "read": {"device_start": 1585625394.3136866, "device_end": 1585625394.3137107}}, "FFC_sans_bias6": {"write": {"device_start": -1, "host_queued_start": 1585625460.76011, "device_queued": -1, "device_end": -1, "host_queued_end": 1585625460.776447}, "device": "gpu", "nd_range": {"device_start": 1585625394.3071084, "device_end": 1585625394.3078814}, "cmdq": 4, "read": {"device_start": -1, "device_end": -1}}, "FFC_sans_bias1": {"write": {"device_start": 1585625394.2827158, "host_queued_start": 1585625460.71304, "device_queued": 1585625394.2824397, "device_end": 1585625394.282777, "host_queued_end": 1585625460.776447}, "device": "gpu", "nd_range": {"device_start": 1585625394.2827802, "device_end": 1585625394.2837}, "cmdq": 3, "read": {"device_start": -1, "device_end": -1}}, "FFC_sans_bias0": {"write": {"device_start": 1585625394.2826202, "host_queued_start": 1585625460.711983, "device_queued": 1585625394.2824047, "device_end": 1585625394.2826757, "host_queued_end": 1585625460.776447}, "device": "gpu", "nd_range": {"device_start": 1585625394.2826898, "device_end": 1585625394.2832975}, "cmdq": 2, "read": {"device_start": -1, "device_end": -1}}, "FFC_sans_bias2": {"write": {"device_start": 1585625394.282813, "host_queued_start": 1585625460.714093, "device_queued": 1585625394.2824583, "device_end": 1585625394.2828634, "host_queued_end": 1585625460.776447}, "device": "gpu", "nd_range": {"device_start": 1585625394.2828662, "device_end": 1585625394.2842717}, "cmdq": 4, "read": {"device_start": -1, "device_end": -1}}, "FFC_sans_bias9": {"write": {"device_start": 1585625394.2828963, "host_queued_start": 1585625460.715165, "device_queued": 1585625394.2827556, "device_end": 1585625394.28292, "host_queued_end": 1585625460.776447}, "device": "gpu", "nd_range": {"device_start": 1585625394.2829256, "device_end": 1585625394.284695}, "cmdq": 0, "read": {"device_start": -1, "device_end": -1}}, "empty71": {"write": {"device_start": 1585625394.2821312, "host_queued_start": 1585625460.707632, "device_queued": 1585625394.2818213, "device_end": 1585625394.282202, "host_queued_end": 1585625460.776447}, "device": "gpu", "nd_range": {"device_start": 1585625394.2822106, "device_end": 1585625394.2822247}, "cmdq": 2, "read": {"device_start": -1, "device_end": -1}}, "softmax41": {"write": {"device_start": -1, "host_queued_start": 1585625460.758013, "device_queued": -1, "device_end": -1, "host_queued_end": 1585625460.776447}, "device": "gpu", "nd_range": {"device_start": 1585625394.305632, "device_end": 1585625394.3067794}, "cmdq": 1, "read": {"device_start": -1, "device_end": -1}}, "FFC_sans_bias37": {"write": {"device_start": 1585625394.2872384, "host_queued_start": 1585625460.725868, "device_queued": 1585625394.2837794, "device_end": 1585625394.2872636, "host_queued_end": 1585625460.776447}, "device": "gpu", "nd_range": {"device_start": 1585625394.2872715, "device_end": 1585625394.289558}, "cmdq": 0, "read": {"device_start": -1, "device_end": -1}}, "FFC_sans_bias36": {"write": {"device_start": 1585625394.2867596, "host_queued_start": 1585625460.724819, "device_queued": 1585625394.283569, "device_end": 1585625394.2867856, "host_queued_end": 1585625460.776447}, "device": "gpu", "nd_range": {"device_start": 1585625394.2867942, "device_end": 1585625394.2890756}, "cmdq": 4, "read": {"device_start": -1, "device_end": -1}}, "FFC_sans_bias34": {"write": {"device_start": 1585625394.3123417, "host_queued_start": 1585625460.767863, "device_queued": 1585625394.289128, "device_end": 1585625394.3123736, "host_queued_end": 1585625460.776447}, "device": "gpu", "nd_range": {"device_start": 1585625394.3123984, "device_end": 1585625394.314161}, "cmdq": 4, "read": {"device_start": 1585625394.3141665, "device_end": 1585625394.314193}}, "FFC_sans_bias33": {"write": {"device_start": -1, "host_queued_start": 1585625460.761079, "device_queued": -1, "device_end": -1, "host_queued_end": 1585625460.776447}, "device": "gpu", "nd_range": {"device_start": 1585625394.3068142, "device_end": 1585625394.3074162}, "cmdq": 2, "read": {"device_start": -1, "device_end": -1}}, "FFC_sans_bias31": {"write": {"device_start": -1, "host_queued_start": 1585625460.754066, "device_queued": -1, "device_end": -1, "host_queued_end": 1585625460.776447}, "device": "gpu", "nd_range": {"device_start": 1585625394.3002646, "device_end": 1585625394.3017757}, "cmdq": 3, "read": {"device_start": -1, "device_end": -1}}, "FFC_sans_bias38": {"write": {"device_start": 1585625394.2877464, "host_queued_start": 1585625460.726933, "device_queued": 1585625394.2839773, "device_end": 1585625394.2877727, "host_queued_end": 1585625460.776447}, "device": "gpu", "nd_range": {"device_start": 1585625394.287782, "device_end": 1585625394.2900567}, "cmdq": 1, "read": {"device_start": -1, "device_end": -1}}, "coalesced_transpose75": {"write": {"device_start": -1, "host_queued_start": 1585625460.751829, "device_queued": -1, "device_end": -1, "host_queued_end": 1585625460.776447}, "device": "gpu", "nd_range": {"device_start": 1585625394.3001478, "device_end": 1585625394.3002107}, "cmdq": 1, "read": {"device_start": -1, "device_end": -1}}, "empty44": {"write": {"device_start": 1585625394.281838, "host_queued_start": 1585625460.705113, "device_queued": 1585625394.281615, "device_end": 1585625394.2818987, "host_queued_end": 1585625460.776447}, "device": "gpu", "nd_range": {"device_start": 1585625394.2819078, "device_end": 1585625394.2819178}, "cmdq": 4, "read": {"device_start": -1, "device_end": -1}}, "empty8": {"write": {"device_start": 1585625394.2813685, "host_queued_start": 1585625460.701496, "device_queued": 1585625394.281226, "device_end": 1585625394.281396, "host_queued_end": 1585625460.776447}, "device": "gpu", "nd_range": {"device_start": 1585625394.2814074, "device_end": 1585625394.281412}, "cmdq": 0, "read": {"device_start": -1, "device_end": -1}}, "softmax50": {"write": {"device_start": -1, "host_queued_start": 1585625460.75826, "device_queued": -1, "device_end": -1, "host_queued_end": 1585625460.776447}, "device": "gpu", "nd_range": {"device_start": 1585625394.3063354, "device_end": 1585625394.3065443}, "cmdq": 2, "read": {"device_start": -1, "device_end": -1}}, "softmax59": {"write": {"device_start": -1, "host_queued_start": 1585625460.758511, "device_queued": -1, "device_end": -1, "host_queued_end": 1585625460.776447}, "device": "gpu", "nd_range": {"device_start": 1585625394.305816, "device_end": 1585625394.3068175}, "cmdq": 3, "read": {"device_start": -1, "device_end": -1}}, "FFC_sans_bias24": {"write": {"device_start": -1, "host_queued_start": 1585625460.760758, "device_queued": -1, "device_end": -1, "host_queued_end": 1585625460.776447}, "device": "gpu", "nd_range": {"device_start": 1585625394.3071797, "device_end": 1585625394.3088357}, "cmdq": 1, "read": {"device_start": -1, "device_end": -1}}, "FFC_sans_bias25": {"write": {"device_start": 1585625394.3119137, "host_queued_start": 1585625460.766819, "device_queued": 1585625394.2890964, "device_end": 1585625394.3119462, "host_queued_end": 1585625460.776447}, "device": "gpu", "nd_range": {"device_start": 1585625394.3119724, "device_end": 1585625394.3131926}, "cmdq": 3, "read": {"device_start": 1585625394.3132007, "device_end": 1585625394.3132248}}, "FFC_sans_bias27": {"write": {"device_start": 1585625394.2853765, "host_queued_start": 1585625460.72167, "device_queued": 1585625394.2833583, "device_end": 1585625394.2854073, "host_queued_end": 1585625460.776447}, "device": "gpu", "nd_range": {"device_start": 1585625394.2854133, "device_end": 1585625394.287636}, "cmdq": 1, "read": {"device_start": -1, "device_end": -1}}, "FFC_sans_bias20": {"write": {"device_start": 1585625394.2848234, "host_queued_start": 1585625460.720478, "device_queued": 1585625394.2832925, "device_end": 1585625394.284854, "host_queued_end": 1585625460.776447}, "device": "gpu", "nd_range": {"device_start": 1585625394.284861, "device_end": 1585625394.2871404}, "cmdq": 0, "read": {"device_start": -1, "device_end": -1}}, "FFC_sans_bias22": {"write": {"device_start": -1, "host_queued_start": 1585625460.753748, "device_queued": -1, "device_end": -1, "host_queued_end": 1585625460.776447}, "device": "gpu", "nd_range": {"device_start": 1585625394.3020844, "device_end": 1585625394.3041928}, "cmdq": 2, "read": {"device_start": -1, "device_end": -1}}, "FFC_sans_bias28": {"write": {"device_start": 1585625394.2857828, "host_queued_start": 1585625460.722715, "device_queued": 1585625394.28338, "device_end": 1585625394.2858083, "host_queued_end": 1585625460.776447}, "device": "gpu", "nd_range": {"device_start": 1585625394.2858143, "device_end": 1585625394.2881048}, "cmdq": 2, "read": {"device_start": -1, "device_end": -1}}, "FFC_sans_bias29": {"write": {"device_start": 1585625394.2862885, "host_queued_start": 1585625460.723773, "device_queued": 1585625394.2835407, "device_end": 1585625394.2863142, "host_queued_end": 1585625460.776447}, "device": "gpu", "nd_range": {"device_start": 1585625394.2863212, "device_end": 1585625394.2886083}, "cmdq": 3, "read": {"device_start": -1, "device_end": -1}}, "coalesced_transpose66": {"write": {"device_start": -1, "host_queued_start": 1585625460.751525, "device_queued": -1, "device_end": -1, "host_queued_end": 1585625460.776447}, "device": "gpu", "nd_range": {"device_start": 1585625394.3001285, "device_end": 1585625394.3001854}, "cmdq": 0, "read": {"device_start": -1, "device_end": -1}}, "coalesced_transpose93": {"write": {"device_start": -1, "host_queued_start": 1585625460.752459, "device_queued": -1, "device_end": -1, "host_queued_end": 1585625460.776447}, "device": "gpu", "nd_range": {"device_start": 1585625394.3001556, "device_end": 1585625394.300244}, "cmdq": 3, "read": {"device_start": -1, "device_end": -1}}, "softmax23": {"write": {"device_start": -1, "host_queued_start": 1585625460.757496, "device_queued": -1, "device_end": -1, "host_queued_end": 1585625460.776447}, "device": "gpu", "nd_range": {"device_start": 1585625394.3051894, "device_end": 1585625394.3067398}, "cmdq": 4, "read": {"device_start": -1, "device_end": -1}}, "empty62": {"write": {"device_start": 1585625394.282038, "host_queued_start": 1585625460.706817, "device_queued": 1585625394.2818031, "device_end": 1585625394.2821102, "host_queued_end": 1585625460.776447}, "device": "gpu", "nd_range": {"device_start": 1585625394.2821152, "device_end": 1585625394.28213}, "cmdq": 1, "read": {"device_start": -1, "device_end": -1}}, "FFC_sans_bias10": {"write": {"device_start": 1585625394.2830036, "host_queued_start": 1585625460.716206, "device_queued": 1585625394.2829294, "device_end": 1585625394.2830331, "host_queued_end": 1585625460.776447}, "device": "gpu", "nd_range": {"device_start": 1585625394.2831514, "device_end": 1585625394.2852428}, "cmdq": 1, "read": {"device_start": -1, "device_end": -1}}, "FFC_sans_bias13": {"write": {"device_start": -1, "host_queued_start": 1585625460.753428, "device_queued": -1, "device_end": -1, "host_queued_end": 1585625460.776447}, "device": "gpu", "nd_range": {"device_start": 1585625394.3002298, "device_end": 1585625394.301221}, "cmdq": 1, "read": {"device_start": -1, "device_end": -1}}, "FFC_sans_bias15": {"write": {"device_start": -1, "host_queued_start": 1585625460.760433, "device_queued": -1, "device_end": -1, "host_queued_end": 1585625460.776447}, "device": "gpu", "nd_range": {"device_start": 1585625394.3071494, "device_end": 1585625394.3083918}, "cmdq": 0, "read": {"device_start": -1, "device_end": -1}}, "FFC_sans_bias16": {"write": {"device_start": 1585625394.3124967, "host_queued_start": 1585625460.765761, "device_queued": 1585625394.2891862, "device_end": 1585625394.312528, "host_queued_end": 1585625460.776447}, "device": "gpu", "nd_range": {"device_start": 1585625394.3125546, "device_end": 1585625394.3146315}, "cmdq": 2, "read": {"device_start": 1585625394.3146384, "device_end": 1585625394.314662}}, "FFC_sans_bias19": {"write": {"device_start": 1585625394.2844224, "host_queued_start": 1585625460.719401, "device_queued": 1585625394.2829893, "device_end": 1585625394.2844481, "host_queued_end": 1585625460.776447}, "device": "gpu", "nd_range": {"device_start": 1585625394.2844627, "device_end": 1585625394.2866683}, "cmdq": 4, "read": {"device_start": -1, "device_end": -1}}, "FFC_sans_bias18": {"write": {"device_start": 1585625394.2838194, "host_queued_start": 1585625460.718298, "device_queued": 1585625394.282972, "device_end": 1585625394.2838485, "host_queued_end": 1585625460.776447}, "device": "gpu", "nd_range": {"device_start": 1585625394.2838554, "device_end": 1585625394.2861805}, "cmdq": 3, "read": {"device_start": -1, "device_end": -1}}, "FFC_sans_bias99": {"write": {"device_start": 1585625394.2969284, "host_queued_start": 1585625460.74692, "device_queued": 1585625394.2860355, "device_end": 1585625394.2969556, "host_queued_end": 1585625460.776447}, "device": "gpu", "nd_range": {"device_start": 1585625394.2969718, "device_end": 1585625394.2992513}, "cmdq": 0, "read": {"device_start": -1, "device_end": -1}}, "FFC_sans_bias91": {"write": {"device_start": 1585625394.2959611, "host_queued_start": 1585625460.744819, "device_queued": 1585625394.2858205, "device_end": 1585625394.295987, "host_queued_end": 1585625460.776447}, "device": "gpu", "nd_range": {"device_start": 1585625394.2960017, "device_end": 1585625394.2982843}, "cmdq": 3, "read": {"device_start": -1, "device_end": -1}}, "FFC_sans_bias90": {"write": {"device_start": 1585625394.295496, "host_queued_start": 1585625460.743758, "device_queued": 1585625394.285646, "device_end": 1585625394.2955217, "host_queued_end": 1585625460.776447}, "device": "gpu", "nd_range": {"device_start": 1585625394.2955384, "device_end": 1585625394.2977843}, "cmdq": 2, "read": {"device_start": -1, "device_end": -1}}, "coalesced_transpose12": {"write": {"device_start": -1, "host_queued_start": 1585625460.749659, "device_queued": -1, "device_end": -1, "host_queued_end": 1585625460.776447}, "device": "gpu", "nd_range": {"device_start": 1585625394.29877, "device_end": 1585625394.300101}, "cmdq": 4, "read": {"device_start": -1, "device_end": -1}}, "FFC_sans_bias94": {"write": {"device_start": -1, "host_queued_start": 1585625460.756404, "device_queued": -1, "device_end": -1, "host_queued_end": 1585625460.776447}, "device": "gpu", "nd_range": {"device_start": 1585625394.3022408, "device_end": 1585625394.3046494}, "cmdq": 0, "read": {"device_start": -1, "device_end": -1}}, "FFC_sans_bias97": {"write": {"device_start": 1585625394.316731, "host_queued_start": 1585625460.775284, "device_queued": 1585625394.2903814, "device_end": 1585625394.3167615, "host_queued_end": 1585625460.776447}, "device": "gpu", "nd_range": {"device_start": 1585625394.3167763, "device_end": 1585625394.317995}, "cmdq": 1, "read": {"device_start": 1585625394.3180008, "device_end": 1585625394.3180227}}, "FFC_sans_bias96": {"write": {"device_start": -1, "host_queued_start": 1585625460.763333, "device_queued": -1, "device_end": -1, "host_queued_end": 1585625460.776447}, "device": "gpu", "nd_range": {"device_start": 1585625394.3103056, "device_end": 1585625394.312224}, "cmdq": 4, "read": {"device_start": -1, "device_end": -1}}, "softmax32": {"write": {"device_start": -1, "host_queued_start": 1585625460.757754, "device_queued": -1, "device_end": -1, "host_queued_end": 1585625460.776447}, "device": "gpu", "nd_range": {"device_start": 1585625394.3046663, "device_end": 1585625394.3067584}, "cmdq": 0, "read": {"device_start": -1, "device_end": -1}}, "coalesced_transpose84": {"write": {"device_start": -1, "host_queued_start": 1585625460.752139, "device_queued": -1, "device_end": -1, "host_queued_end": 1585625460.776447}, "device": "gpu", "nd_range": {"device_start": 1585625394.3011565, "device_end": 1585625394.302059}, "cmdq": 2, "read": {"device_start": -1, "device_end": -1}}, "empty98": {"write": {"device_start": 1585625394.282432, "host_queued_start": 1585625460.710151, "device_queued": 1585625394.2821481, "device_end": 1585625394.282495, "host_queued_end": 1585625460.776447}, "device": "gpu", "nd_range": {"device_start": 1585625394.2825007, "device_end": 1585625394.2825139}, "cmdq": 0, "read": {"device_start": -1, "device_end": -1}}, "empty107": {"write": {"device_start": 1585625394.2825284, "host_queued_start": 1585625460.710995, "device_queued": 1585625394.2822196, "device_end": 1585625394.2825892, "host_queued_end": 1585625460.776447}, "device": "gpu", "nd_range": {"device_start": 1585625394.2825994, "device_end": 1585625394.282611}, "cmdq": 1, "read": {"device_start": -1, "device_end": -1}}, "empty17": {"write": {"device_start": 1585625394.2815185, "host_queued_start": 1585625460.70254, "device_queued": 1585625394.281416, "device_end": 1585625394.2815614, "host_queued_end": 1585625460.776447}, "device": "gpu", "nd_range": {"device_start": 1585625394.2816706, "device_end": 1585625394.2816927}, "cmdq": 1, "read": {"device_start": -1, "device_end": -1}}, "FFC_sans_bias87": {"write": {"device_start": -1, "host_queued_start": 1585625460.763013, "device_queued": -1, "device_end": -1, "host_queued_end": 1585625460.776447}, "device": "gpu", "nd_range": {"device_start": 1585625394.309827, "device_end": 1585625394.311777}, "cmdq": 3, "read": {"device_start": -1, "device_end": -1}}, "FFC_sans_bias85": {"write": {"device_start": -1, "host_queued_start": 1585625460.756088, "device_queued": -1, "device_end": -1, "host_queued_end": 1585625460.776447}, "device": "gpu", "nd_range": {"device_start": 1585625394.3027756, "device_end": 1585625394.3051715}, "cmdq": 4, "read": {"device_start": -1, "device_end": -1}}, "FFC_sans_bias82": {"write": {"device_start": 1585625394.2945127, "host_queued_start": 1585625460.741664, "device_queued": 1585625394.285557, "device_end": 1585625394.2945383, "host_queued_end": 1585625460.776447}, "device": "gpu", "nd_range": {"device_start": 1585625394.2945545, "device_end": 1585625394.2968261}, "cmdq": 0, "read": {"device_start": -1, "device_end": -1}}, "FFC_sans_bias83": {"write": {"device_start": 1585625394.2949781, "host_queued_start": 1585625460.742717, "device_queued": 1585625394.2856193, "device_end": 1585625394.2950053, "host_queued_end": 1585625460.776447}, "device": "gpu", "nd_range": {"device_start": 1585625394.2950103, "device_end": 1585625394.2973244}, "cmdq": 1, "read": {"device_start": -1, "device_end": -1}}, "FFC_sans_bias81": {"write": {"device_start": 1585625394.2940235, "host_queued_start": 1585625460.740625, "device_queued": 1585625394.2851589, "device_end": 1585625394.2940493, "host_queued_end": 1585625460.776447}, "device": "gpu", "nd_range": {"device_start": 1585625394.2940538, "device_end": 1585625394.296353}, "cmdq": 4, "read": {"device_start": -1, "device_end": -1}}, "FFC_sans_bias88": {"write": {"device_start": 1585625394.3153355, "host_queued_start": 1585625460.774224, "device_queued": 1585625394.2901125, "device_end": 1585625394.315362, "host_queued_end": 1585625460.776447}, "device": "gpu", "nd_range": {"device_start": 1585625394.3153818, "device_end": 1585625394.3175385}, "cmdq": 0, "read": {"device_start": 1585625394.3175445, "device_end": 1585625394.3175673}}, "coalesced_transpose30": {"write": {"device_start": -1, "host_queued_start": 1585625460.750281, "device_queued": -1, "device_end": -1, "host_queued_end": 1585625460.776447}, "device": "gpu", "nd_range": {"device_start": 1585625394.2997408, "device_end": 1585625394.3001323}, "cmdq": 1, "read": {"device_start": -1, "device_end": -1}}, "coalesced_transpose39": {"write": {"device_start": -1, "host_queued_start": 1585625460.750599, "device_queued": -1, "device_end": -1, "host_queued_end": 1585625460.776447}, "device": "gpu", "nd_range": {"device_start": 1585625394.30024, "device_end": 1585625394.3011408}, "cmdq": 2, "read": {"device_start": -1, "device_end": -1}}, "FFC_sans_bias79": {"write": {"device_start": 1585625394.3143737, "host_queued_start": 1585625460.773179, "device_queued": 1585625394.2896976, "device_end": 1585625394.314405, "host_queued_end": 1585625460.776447}, "device": "gpu", "nd_range": {"device_start": 1585625394.31443, "device_end": 1585625394.3161144}, "cmdq": 4, "read": {"device_start": 1585625394.3161204, "device_end": 1585625394.3161438}}, "FFC_sans_bias78": {"write": {"device_start": -1, "host_queued_start": 1585625460.762684, "device_queued": -1, "device_end": -1, "host_queued_end": 1585625460.776447}, "device": "gpu", "nd_range": {"device_start": 1585625394.307432, "device_end": 1585625394.309337}, "cmdq": 2, "read": {"device_start": -1, "device_end": -1}}, "FFC_sans_bias73": {"write": {"device_start": 1585625394.2930832, "host_queued_start": 1585625460.738486, "device_queued": 1585625394.2851105, "device_end": 1585625394.2931082, "host_queued_end": 1585625460.776447}, "device": "gpu", "nd_range": {"device_start": 1585625394.2931147, "device_end": 1585625394.2953837}, "cmdq": 2, "read": {"device_start": -1, "device_end": -1}}, "FFC_sans_bias72": {"write": {"device_start": 1585625394.2925632, "host_queued_start": 1585625460.737443, "device_queued": 1585625394.2850797, "device_end": 1585625394.2925894, "host_queued_end": 1585625460.776447}, "device": "gpu", "nd_range": {"device_start": 1585625394.2926042, "device_end": 1585625394.2948718}, "cmdq": 1, "read": {"device_start": -1, "device_end": -1}}, "FFC_sans_bias70": {"write": {"device_start": 1585625394.3133993, "host_queued_start": 1585625460.772125, "device_queued": 1585625394.2896664, "device_end": 1585625394.31343, "host_queued_end": 1585625460.776447}, "device": "gpu", "nd_range": {"device_start": 1585625394.3134532, "device_end": 1585625394.3155928}, "cmdq": 3, "read": {"device_start": 1585625394.3156013, "device_end": 1585625394.3156242}}, "FFC_sans_bias76": {"write": {"device_start": -1, "host_queued_start": 1585625460.755767, "device_queued": -1, "device_end": -1, "host_queued_end": 1585625460.776447}, "device": "gpu", "nd_range": {"device_start": 1585625394.301794, "device_end": 1585625394.3036957}, "cmdq": 3, "read": {"device_start": -1, "device_end": -1}}, "FFC_sans_bias74": {"write": {"device_start": 1585625394.293533, "host_queued_start": 1585625460.739582, "device_queued": 1585625394.2851255, "device_end": 1585625394.2935588, "host_queued_end": 1585625460.776447}, "device": "gpu", "nd_range": {"device_start": 1585625394.2935624, "device_end": 1585625394.295852}, "cmdq": 3, "read": {"device_start": -1, "device_end": -1}}, "coalesced_transpose102": {"write": {"device_start": -1, "host_queued_start": 1585625460.752768, "device_queued": -1, "device_end": -1, "host_queued_end": 1585625460.776447}, "device": "gpu", "nd_range": {"device_start": 1585625394.3001807, "device_end": 1585625394.300269}, "cmdq": 4, "read": {"device_start": -1, "device_end": -1}}, "coalesced_transpose3": {"write": {"device_start": -1, "host_queued_start": 1585625460.749336, "device_queued": -1, "device_end": -1, "host_queued_end": 1585625460.776447}, "device": "gpu", "nd_range": {"device_start": 1585625394.2982857, "device_end": 1585625394.3000808}, "cmdq": 3, "read": {"device_start": -1, "device_end": -1}}, "empty89": {"write": {"device_start": 1585625394.2823286, "host_queued_start": 1585625460.709334, "device_queued": 1585625394.2820418, "device_end": 1585625394.2823892, "host_queued_end": 1585625460.776447}, "device": "gpu", "nd_range": {"device_start": 1585625394.2823932, "device_end": 1585625394.2823977}, "cmdq": 4, "read": {"device_start": -1, "device_end": -1}}, "empty80": {"write": {"device_start": 1585625394.282236, "host_queued_start": 1585625460.708518, "device_queued": 1585625394.2820117, "device_end": 1585625394.282294, "host_queued_end": 1585625460.776447}, "device": "gpu", "nd_range": {"device_start": 1585625394.2822978, "device_end": 1585625394.282304}, "cmdq": 3, "read": {"device_start": -1, "device_end": -1}}, "softmax104": {"write": {"device_start": -1, "host_queued_start": 1585625460.759794, "device_queued": -1, "device_end": -1, "host_queued_end": 1585625460.776447}, "device": "gpu", "nd_range": {"device_start": 1585625394.3068335, "device_end": 1585625394.307583}, "cmdq": 3, "read": {"device_start": -1, "device_end": -1}}, "coalesced_transpose21": {"write": {"device_start": -1, "host_queued_start": 1585625460.749973, "device_queued": -1, "device_end": -1, "host_queued_end": 1585625460.776447}, "device": "gpu", "nd_range": {"device_start": 1585625394.299254, "device_end": 1585625394.300117}, "cmdq": 0, "read": {"device_start": -1, "device_end": -1}}, "softmax14": {"write": {"device_start": -1, "host_queued_start": 1585625460.757237, "device_queued": -1, "device_end": -1, "host_queued_end": 1585625460.776447}, "device": "gpu", "nd_range": {"device_start": 1585625394.3037136, "device_end": 1585625394.305799}, "cmdq": 3, "read": {"device_start": -1, "device_end": -1}}, "FFC_sans_bias69": {"write": {"device_start": -1, "host_queued_start": 1585625460.762362, "device_queued": -1, "device_end": -1, "host_queued_end": 1585625460.776447}, "device": "gpu", "nd_range": {"device_start": 1585625394.3088508, "device_end": 1585625394.3112593}, "cmdq": 1, "read": {"device_start": -1, "device_end": -1}}, "FFC_sans_bias92": {"write": {"device_start": 1585625394.2964666, "host_queued_start": 1585625460.745871, "device_queued": 1585625394.2858539, "device_end": 1585625394.296493, "host_queued_end": 1585625460.776447}, "device": "gpu", "nd_range": {"device_start": 1585625394.2965102, "device_end": 1585625394.298768}, "cmdq": 4, "read": {"device_start": -1, "device_end": -1}}, "FFC_sans_bias60": {"write": {"device_start": -1, "host_queued_start": 1585625460.762045, "device_queued": -1, "device_end": -1, "host_queued_end": 1585625460.776447}, "device": "gpu", "nd_range": {"device_start": 1585625394.308407, "device_end": 1585625394.3107994}, "cmdq": 0, "read": {"device_start": -1, "device_end": -1}}, "FFC_sans_bias61": {"write": {"device_start": 1585625394.3148298, "host_queued_start": 1585625460.771076, "device_queued": 1585625394.2898674, "device_end": 1585625394.3148544, "host_queued_end": 1585625460.776447}, "device": "gpu", "nd_range": {"device_start": 1585625394.3148794, "device_end": 1585625394.3170574}, "cmdq": 2, "read": {"device_start": 1585625394.3170617, "device_end": 1585625394.3170848}}, "FFC_sans_bias63": {"write": {"device_start": 1585625394.292123, "host_queued_start": 1585625460.736406, "device_queued": 1585625394.284937, "device_end": 1585625394.2921488, "host_queued_end": 1585625460.776447}, "device": "gpu", "nd_range": {"device_start": 1585625394.2921665, "device_end": 1585625394.2944078}, "cmdq": 0, "read": {"device_start": -1, "device_end": -1}}, "FFC_sans_bias64": {"write": {"device_start": 1585625394.291133, "host_queued_start": 1585625460.734289, "device_queued": 1585625394.2846105, "device_end": 1585625394.2911596, "host_queued_end": 1585625460.776447}, "device": "gpu", "nd_range": {"device_start": 1585625394.291178, "device_end": 1585625394.2934296}, "cmdq": 3, "read": {"device_start": -1, "device_end": -1}}, "FFC_sans_bias65": {"write": {"device_start": 1585625394.2915971, "host_queued_start": 1585625460.735354, "device_queued": 1585625394.2846406, "device_end": 1585625394.2916224, "host_queued_end": 1585625460.776447}, "device": "gpu", "nd_range": {"device_start": 1585625394.2916396, "device_end": 1585625394.293934}, "cmdq": 4, "read": {"device_start": -1, "device_end": -1}}, "FFC_sans_bias67": {"write": {"device_start": -1, "host_queued_start": 1585625460.755441, "device_queued": -1, "device_end": -1, "host_queued_end": 1585625460.776447}, "device": "gpu", "nd_range": {"device_start": 1585625394.30421, "device_end": 1585625394.3060977}, "cmdq": 2, "read": {"device_start": -1, "device_end": -1}}, "softmax68": {"write": {"device_start": -1, "host_queued_start": 1585625460.75877, "device_queued": -1, "device_end": -1, "host_queued_end": 1585625460.776447}, "device": "gpu", "nd_range": {"device_start": 1585625394.3067563, "device_end": 1585625394.3070927}, "cmdq": 4, "read": {"device_start": -1, "device_end": -1}}, "empty35": {"write": {"device_start": 1585625394.2817295, "host_queued_start": 1585625460.704273, "device_queued": 1585625394.2814562, "device_end": 1585625394.281783, "host_queued_end": 1585625460.776447}, "device": "gpu", "nd_range": {"device_start": 1585625394.2817867, "device_end": 1585625394.2817988}, "cmdq": 3, "read": {"device_start": -1, "device_end": -1}}, "softmax86": {"write": {"device_start": -1, "host_queued_start": 1585625460.759278, "device_queued": -1, "device_end": -1, "host_queued_end": 1585625460.776447}, "device": "gpu", "nd_range": {"device_start": 1585625394.3067956, "device_end": 1585625394.3071625}, "cmdq": 1, "read": {"device_start": -1, "device_end": -1}}, "FFC_sans_bias55": {"write": {"device_start": 1585625394.290639, "host_queued_start": 1585625460.733232, "device_queued": 1585625394.2844474, "device_end": 1585625394.2906644, "host_queued_end": 1585625460.776447}, "device": "gpu", "nd_range": {"device_start": 1585625394.2906728, "device_end": 1585625394.2929735}, "cmdq": 2, "read": {"device_start": -1, "device_end": -1}}, "FFC_sans_bias54": {"write": {"device_start": 1585625394.2901635, "host_queued_start": 1585625460.732191, "device_queued": 1585625394.2844257, "device_end": 1585625394.2901905, "host_queued_end": 1585625460.776447}, "device": "gpu", "nd_range": {"device_start": 1585625394.2902067, "device_end": 1585625394.292458}, "cmdq": 1, "read": {"device_start": -1, "device_end": -1}}, "FFC_sans_bias56": {"write": {"device_start": 1585625394.2896383, "host_queued_start": 1585625460.731144, "device_queued": 1585625394.2843556, "device_end": 1585625394.2896628, "host_queued_end": 1585625460.776447}, "device": "gpu", "nd_range": {"device_start": 1585625394.2896798, "device_end": 1585625394.2920165}, "cmdq": 0, "read": {"device_start": -1, "device_end": -1}}, "FFC_sans_bias51": {"write": {"device_start": -1, "host_queued_start": 1585625460.761726, "device_queued": -1, "device_end": -1, "host_queued_end": 1585625460.776447}, "device": "gpu", "nd_range": {"device_start": 1585625394.3078973, "device_end": 1585625394.3102899}, "cmdq": 4, "read": {"device_start": -1, "device_end": -1}}, "FFC_sans_bias52": {"write": {"device_start": 1585625394.31452, "host_queued_start": 1585625460.77, "device_queued": 1585625394.2898414, "device_end": 1585625394.314551, "host_queued_end": 1585625460.776447}, "device": "gpu", "nd_range": {"device_start": 1585625394.3145742, "device_end": 1585625394.3165555}, "cmdq": 1, "read": {"device_start": 1585625394.3165617, "device_end": 1585625394.316585}}, "FFC_sans_bias58": {"write": {"device_start": -1, "host_queued_start": 1585625460.755031, "device_queued": -1, "device_end": -1, "host_queued_end": 1585625460.776447}, "device": "gpu", "nd_range": {"device_start": 1585625394.3012395, "device_end": 1585625394.3032134}, "cmdq": 1, "read": {"device_start": -1, "device_end": -1}}, "FFC_sans_bias103": {"write": {"device_start": -1, "host_queued_start": 1585625460.75672, "device_queued": -1, "device_end": -1, "host_queued_end": 1585625460.776447}, "device": "gpu", "nd_range": {"device_start": 1585625394.3032296, "device_end": 1585625394.305615}, "cmdq": 1, "read": {"device_start": -1, "device_end": -1}}, "FFC_sans_bias100": {"write": {"device_start": 1585625394.297436, "host_queued_start": 1585625460.747955, "device_queued": 1585625394.286171, "device_end": 1585625394.2974615, "host_queued_end": 1585625460.776447}, "device": "gpu", "nd_range": {"device_start": 1585625394.2974694, "device_end": 1585625394.2997372}, "cmdq": 1, "read": {"device_start": -1, "device_end": -1}}, "FFC_sans_bias101": {"write": {"device_start": 1585625394.2978957, "host_queued_start": 1585625460.749007, "device_queued": 1585625394.286203, "device_end": 1585625394.2979221, "host_queued_end": 1585625460.776447}, "device": "gpu", "nd_range": {"device_start": 1585625394.2979393, "device_end": 1585625394.3002346}, "cmdq": 2, "read": {"device_start": -1, "device_end": -1}}, "FFC_sans_bias106": {"write": {"device_start": 1585625394.3172572, "host_queued_start": 1585625460.776335, "device_queued": 1585625394.2904074, "device_end": 1585625394.317288, "host_queued_end": 1585625460.776447}, "device": "gpu", "nd_range": {"device_start": 1585625394.3173018, "device_end": 1585625394.3184974}, "cmdq": 2, "read": {"device_start": 1585625394.318501, "device_end": 1585625394.3185232}}, "FFC_sans_bias105": {"write": {"device_start": -1, "host_queued_start": 1585625460.763656, "device_queued": -1, "device_end": -1, "host_queued_end": 1585625460.776447}, "device": "gpu", "nd_range": {"device_start": 1585625394.3108149, "device_end": 1585625394.3127189}, "cmdq": 0, "read": {"device_start": -1, "device_end": -1}}, "softmax95": {"write": {"device_start": -1, "host_queued_start": 1585625460.759548, "device_queued": -1, "device_end": -1, "host_queued_end": 1585625460.776447}, "device": "gpu", "nd_range": {"device_start": 1585625394.3065603, "device_end": 1585625394.3067987}, "cmdq": 2, "read": {"device_start": -1, "device_end": -1}}, "coalesced_transpose57": {"write": {"device_start": -1, "host_queued_start": 1585625460.751218, "device_queued": -1, "device_end": -1, "host_queued_end": 1585625460.776447}, "device": "gpu", "nd_range": {"device_start": 1585625394.300112, "device_end": 1585625394.300161}, "cmdq": 4, "read": {"device_start": -1, "device_end": -1}}, "empty26": {"write": {"device_start": 1585625394.281623, "host_queued_start": 1585625460.703425, "device_queued": 1585625394.2814398, "device_end": 1585625394.2816846, "host_queued_end": 1585625460.776447}, "device": "gpu", "nd_range": {"device_start": 1585625394.281689, "device_end": 1585625394.2816937}, "cmdq": 2, "read": {"device_start": -1, "device_end": -1}}, "FFC_sans_bias11": {"write": {"device_start": 1585625394.283386, "host_queued_start": 1585625460.717258, "device_queued": 1585625394.2829528, "device_end": 1585625394.2834158, "host_queued_end": 1585625460.776447}, "device": "gpu", "nd_range": {"device_start": 1585625394.2834198, "device_end": 1585625394.2856736}, "cmdq": 2, "read": {"device_start": -1, "device_end": -1}}, "FFC_sans_bias42": {"write": {"device_start": -1, "host_queued_start": 1585625460.761406, "device_queued": -1, "device_end": -1, "host_queued_end": 1585625460.776447}, "device": "gpu", "nd_range": {"device_start": 1585625394.3075988, "device_end": 1585625394.3098116}, "cmdq": 3, "read": {"device_start": -1, "device_end": -1}}, "FFC_sans_bias43": {"write": {"device_start": 1585625394.3128395, "host_queued_start": 1585625460.768947, "device_queued": 1585625394.289513, "device_end": 1585625394.3128703, "host_queued_end": 1585625460.776447}, "device": "gpu", "nd_range": {"device_start": 1585625394.312895, "device_end": 1585625394.3151433}, "cmdq": 0, "read": {"device_start": 1585625394.3151479, "device_end": 1585625394.315172}}, "FFC_sans_bias40": {"write": {"device_start": -1, "host_queued_start": 1585625460.754381, "device_queued": -1, "device_end": -1, "host_queued_end": 1585625460.776447}, "device": "gpu", "nd_range": {"device_start": 1585625394.3011773, "device_end": 1585625394.3027494}, "cmdq": 4, "read": {"device_start": -1, "device_end": -1}}, "FFC_sans_bias46": {"write": {"device_start": 1585625394.288692, "host_queued_start": 1585625460.729025, "device_queued": 1585625394.2840223, "device_end": 1585625394.2887187, "host_queued_end": 1585625460.776447}, "device": "gpu", "nd_range": {"device_start": 1585625394.288727, "device_end": 1585625394.2910287}, "cmdq": 3, "read": {"device_start": -1, "device_end": -1}}, "FFC_sans_bias47": {"write": {"device_start": 1585625394.289159, "host_queued_start": 1585625460.730082, "device_queued": 1585625394.284046, "device_end": 1585625394.2891843, "host_queued_end": 1585625460.776447}, "device": "gpu", "nd_range": {"device_start": 1585625394.2891943, "device_end": 1585625394.2914934}, "cmdq": 4, "read": {"device_start": -1, "device_end": -1}}, "FFC_sans_bias45": {"write": {"device_start": 1585625394.2882617, "host_queued_start": 1585625460.727982, "device_queued": 1585625394.284007, "device_end": 1585625394.2882879, "host_queued_end": 1585625460.776447}, "device": "gpu", "nd_range": {"device_start": 1585625394.2882946, "device_end": 1585625394.2905324}, "cmdq": 2, "read": {"device_start": -1, "device_end": -1}}, "FFC_sans_bias49": {"write": {"device_start": -1, "host_queued_start": 1585625460.754708, "device_queued": -1, "device_end": -1, "host_queued_end": 1585625460.776447}, "device": "gpu", "nd_range": {"device_start": 1585625394.300837, "device_end": 1585625394.3022232}, "cmdq": 0, "read": {"device_start": -1, "device_end": -1}}, "softmax77": {"write": {"device_start": -1, "host_queued_start": 1585625460.759021, "device_queued": -1, "device_end": -1, "host_queued_end": 1585625460.776447}, "device": "gpu", "nd_range": {"device_start": 1585625394.3067756, "device_end": 1585625394.307132}, "cmdq": 0, "read": {"device_start": -1, "device_end": -1}}, "softmax5": {"write": {"device_start": -1, "host_queued_start": 1585625460.75698, "device_queued": -1, "device_end": -1, "host_queued_end": 1585625460.776447}, "device": "gpu", "nd_range": {"device_start": 1585625394.3061137, "device_end": 1585625394.3063178}, "cmdq": 2, "read": {"device_start": -1, "device_end": -1}}, "empty53": {"write": {"device_start": 1585625394.281935, "host_queued_start": 1585625460.705959, "device_queued": 1585625394.2817361, "device_end": 1585625394.2819958, "host_queued_end": 1585625460.776447}, "device": "gpu", "nd_range": {"device_start": 1585625394.2819989, "device_end": 1585625394.2820046}, "cmdq": 0, "read": {"device_start": -1, "device_end": -1}}, "coalesced_transpose48": {"write": {"device_start": -1, "host_queued_start": 1585625460.750909, "device_queued": -1, "device_end": -1, "host_queued_end": 1585625460.776447}, "device": "gpu", "nd_range": {"device_start": 1585625394.3000824, "device_end": 1585625394.3001544}, "cmdq": 3, "read": {"device_start": -1, "device_end": -1}}}