{"FFC_sans_bias4": {"write": {"device_start": -1, "host_queued_start": 1585624663.365357, "device_queued": -1, "device_end": -1, "host_queued_end": 1585624663.38892}, "device": "cpu", "nd_range": {"device_start": 2292437.7515833164, "device_end": 2292437.7554783532}, "cmdq": 0, "read": {"device_start": -1, "device_end": -1}}, "FFC_sans_bias7": {"write": {"device_start": -1, "host_queued_start": 1585624663.37788, "device_queued": -1, "device_end": -1, "host_queued_end": 1585624663.38892}, "device": "cpu", "nd_range": {"device_start": 2292437.862174768, "device_end": 2292437.866922595}, "cmdq": 0, "read": {"device_start": -1, "device_end": -1}}, "FFC_sans_bias6": {"write": {"device_start": -1, "host_queued_start": 1585624663.372866, "device_queued": -1, "device_end": -1, "host_queued_end": 1585624663.38892}, "device": "cpu", "nd_range": {"device_start": 2292437.807644966, "device_end": 2292437.811925169}, "cmdq": 0, "read": {"device_start": -1, "device_end": -1}}, "FFC_sans_bias1": {"write": {"device_start": -1, "host_queued_start": 1585624663.324584, "device_queued": -1, "device_end": -1, "host_queued_end": 1585624663.38892}, "device": "cpu", "nd_range": {"device_start": 2292437.589180863, "device_end": 2292437.593129407}, "cmdq": 0, "read": {"device_start": -1, "device_end": -1}}, "FFC_sans_bias0": {"write": {"device_start": -1, "host_queued_start": 1585624663.32353, "device_queued": -1, "device_end": -1, "host_queued_end": 1585624663.38892}, "device": "cpu", "nd_range": {"device_start": 2292437.5786699574, "device_end": 2292437.589162872}, "cmdq": 0, "read": {"device_start": -1, "device_end": -1}}, "FFC_sans_bias2": {"write": {"device_start": -1, "host_queued_start": 1585624663.325648, "device_queued": -1, "device_end": -1, "host_queued_end": 1585624663.38892}, "device": "cpu", "nd_range": {"device_start": 2292437.59313821, "device_end": 2292437.5970994933}, "cmdq": 0, "read": {"device_start": -1, "device_end": -1}}, "FFC_sans_bias9": {"write": {"device_start": -1, "host_queued_start": 1585624663.326735, "device_queued": -1, "device_end": -1, "host_queued_end": 1585624663.38892}, "device": "cpu", "nd_range": {"device_start": 2292437.5971051673, "device_end": 2292437.601138017}, "cmdq": 0, "read": {"device_start": -1, "device_end": -1}}, "empty71": {"write": {"device_start": -1, "host_queued_start": 1585624663.319285, "device_queued": -1, "device_end": -1, "host_queued_end": 1585624663.38892}, "device": "cpu", "nd_range": {"device_start": 2292437.578645214, "device_end": 2292437.5786458203}, "cmdq": 0, "read": {"device_start": -1, "device_end": -1}}, "softmax41": {"write": {"device_start": -1, "host_queued_start": 1585624663.370584, "device_queued": -1, "device_end": -1, "host_queued_end": 1585624663.38892}, "device": "cpu", "nd_range": {"device_start": 2292437.8069170034, "device_end": 2292437.8070307244}, "cmdq": 0, "read": {"device_start": -1, "device_end": -1}}, "FFC_sans_bias37": {"write": {"device_start": -1, "host_queued_start": 1585624663.337515, "device_queued": -1, "device_end": -1, "host_queued_end": 1585624663.38892}, "device": "cpu", "nd_range": {"device_start": 2292437.643073377, "device_end": 2292437.648541192}, "cmdq": 0, "read": {"device_start": -1, "device_end": -1}}, "FFC_sans_bias36": {"write": {"device_start": -1, "host_queued_start": 1585624663.336434, "device_queued": -1, "device_end": -1, "host_queued_end": 1585624663.38892}, "device": "cpu", "nd_range": {"device_start": 2292437.638779888, "device_end": 2292437.643068957}, "cmdq": 0, "read": {"device_start": -1, "device_end": -1}}, "FFC_sans_bias34": {"write": {"device_start": -1, "host_queued_start": 1585624663.380899, "device_queued": -1, "device_end": -1, "host_queued_end": 1585624663.38892}, "device": "cpu", "nd_range": {"device_start": 2292437.875979742, "device_end": 2292437.880540161}, "cmdq": 0, "read": {"device_start": -1, "device_end": -1}}, "FFC_sans_bias33": {"write": {"device_start": -1, "host_queued_start": 1585624663.373912, "device_queued": -1, "device_end": -1, "host_queued_end": 1585624663.38892}, "device": "cpu", "nd_range": {"device_start": 2292437.821002177, "device_end": 2292437.8255665903}, "cmdq": 0, "read": {"device_start": -1, "device_end": -1}}, "FFC_sans_bias31": {"write": {"device_start": -1, "host_queued_start": 1585624663.366407, "device_queued": -1, "device_end": -1, "host_queued_end": 1585624663.38892}, "device": "cpu", "nd_range": {"device_start": 2292437.764539742, "device_end": 2292437.7696064003}, "cmdq": 0, "read": {"device_start": -1, "device_end": -1}}, "FFC_sans_bias38": {"write": {"device_start": -1, "host_queued_start": 1585624663.338603, "device_queued": -1, "device_end": -1, "host_queued_end": 1585624663.38892}, "device": "cpu", "nd_range": {"device_start": 2292437.6485455614, "device_end": 2292437.652616368}, "cmdq": 0, "read": {"device_start": -1, "device_end": -1}}, "coalesced_transpose75": {"write": {"device_start": -1, "host_queued_start": 1585624663.363985, "device_queued": -1, "device_end": -1, "host_queued_end": 1585624663.38892}, "device": "cpu", "nd_range": {"device_start": 2292437.7507286062, "device_end": 2292437.750842307}, "cmdq": 0, "read": {"device_start": -1, "device_end": -1}}, "empty44": {"write": {"device_start": -1, "host_queued_start": 1585624663.316807, "device_queued": -1, "device_end": -1, "host_queued_end": 1585624663.38892}, "device": "cpu", "nd_range": {"device_start": 2292437.578631117, "device_end": 2292437.5786316004}, "cmdq": 0, "read": {"device_start": -1, "device_end": -1}}, "empty8": {"write": {"device_start": -1, "host_queued_start": 1585624663.313261, "device_queued": -1, "device_end": -1, "host_queued_end": 1585624663.38892}, "device": "cpu", "nd_range": {"device_start": 2292437.5785805113, "device_end": 2292437.578594374}, "cmdq": 0, "read": {"device_start": -1, "device_end": -1}}, "softmax50": {"write": {"device_start": -1, "host_queued_start": 1585624663.370866, "device_queued": -1, "device_end": -1, "host_queued_end": 1585624663.38892}, "device": "cpu", "nd_range": {"device_start": 2292437.807035829, "device_end": 2292437.807119537}, "cmdq": 0, "read": {"device_start": -1, "device_end": -1}}, "softmax59": {"write": {"device_start": -1, "host_queued_start": 1585624663.371143, "device_queued": -1, "device_end": -1, "host_queued_end": 1585624663.38892}, "device": "cpu", "nd_range": {"device_start": 2292437.807125662, "device_end": 2292437.807205732}, "cmdq": 0, "read": {"device_start": -1, "device_end": -1}}, "FFC_sans_bias24": {"write": {"device_start": -1, "host_queued_start": 1585624663.373562, "device_queued": -1, "device_end": -1, "host_queued_end": 1585624663.38892}, "device": "cpu", "nd_range": {"device_start": 2292437.8167002304, "device_end": 2292437.820996764}, "cmdq": 0, "read": {"device_start": -1, "device_end": -1}}, "FFC_sans_bias25": {"write": {"device_start": -1, "host_queued_start": 1585624663.379895, "device_queued": -1, "device_end": -1, "host_queued_end": 1585624663.38892}, "device": "cpu", "nd_range": {"device_start": 2292437.871466226, "device_end": 2292437.875977105}, "cmdq": 0, "read": {"device_start": -1, "device_end": -1}}, "FFC_sans_bias27": {"write": {"device_start": -1, "host_queued_start": 1585624663.333248, "device_queued": -1, "device_end": -1, "host_queued_end": 1585624663.38892}, "device": "cpu", "nd_range": {"device_start": 2292437.624030246, "device_end": 2292437.62831049}, "cmdq": 0, "read": {"device_start": -1, "device_end": -1}}, "FFC_sans_bias20": {"write": {"device_start": -1, "host_queued_start": 1585624663.332056, "device_queued": -1, "device_end": -1, "host_queued_end": 1585624663.38892}, "device": "cpu", "nd_range": {"device_start": 2292437.619497423, "device_end": 2292437.624025127}, "cmdq": 0, "read": {"device_start": -1, "device_end": -1}}, "FFC_sans_bias22": {"write": {"device_start": -1, "host_queued_start": 1585624663.366057, "device_queued": -1, "device_end": -1, "host_queued_end": 1585624663.38892}, "device": "cpu", "nd_range": {"device_start": 2292437.760498395, "device_end": 2292437.764533061}, "cmdq": 0, "read": {"device_start": -1, "device_end": -1}}, "FFC_sans_bias28": {"write": {"device_start": -1, "host_queued_start": 1585624663.334301, "device_queued": -1, "device_end": -1, "host_queued_end": 1585624663.38892}, "device": "cpu", "nd_range": {"device_start": 2292437.62831531, "device_end": 2292437.6344526634}, "cmdq": 0, "read": {"device_start": -1, "device_end": -1}}, "FFC_sans_bias29": {"write": {"device_start": -1, "host_queued_start": 1585624663.335387, "device_queued": -1, "device_end": -1, "host_queued_end": 1585624663.38892}, "device": "cpu", "nd_range": {"device_start": 2292437.6344576143, "device_end": 2292437.638774664}, "cmdq": 0, "read": {"device_start": -1, "device_end": -1}}, "coalesced_transpose66": {"write": {"device_start": -1, "host_queued_start": 1585624663.363651, "device_queued": -1, "device_end": -1, "host_queued_end": 1585624663.38892}, "device": "cpu", "nd_range": {"device_start": 2292437.750503535, "device_end": 2292437.75061838}, "cmdq": 0, "read": {"device_start": -1, "device_end": -1}}, "coalesced_transpose93": {"write": {"device_start": -1, "host_queued_start": 1585624663.364671, "device_queued": -1, "device_end": -1, "host_queued_end": 1585624663.38892}, "device": "cpu", "nd_range": {"device_start": 2292437.7511572423, "device_end": 2292437.751262941}, "cmdq": 0, "read": {"device_start": -1, "device_end": -1}}, "softmax23": {"write": {"device_start": -1, "host_queued_start": 1585624663.37002, "device_queued": -1, "device_end": -1, "host_queued_end": 1585624663.38892}, "device": "cpu", "nd_range": {"device_start": 2292437.806640151, "device_end": 2292437.806774631}, "cmdq": 0, "read": {"device_start": -1, "device_end": -1}}, "empty62": {"write": {"device_start": -1, "host_queued_start": 1585624663.31845, "device_queued": -1, "device_end": -1, "host_queued_end": 1585624663.38892}, "device": "cpu", "nd_range": {"device_start": 2292437.578639599, "device_end": 2292437.578640197}, "cmdq": 0, "read": {"device_start": -1, "device_end": -1}}, "FFC_sans_bias10": {"write": {"device_start": -1, "host_queued_start": 1585624663.327797, "device_queued": -1, "device_end": -1, "host_queued_end": 1585624663.38892}, "device": "cpu", "nd_range": {"device_start": 2292437.601143958, "device_end": 2292437.606029976}, "cmdq": 0, "read": {"device_start": -1, "device_end": -1}}, "FFC_sans_bias13": {"write": {"device_start": -1, "host_queued_start": 1585624663.365707, "device_queued": -1, "device_end": -1, "host_queued_end": 1585624663.38892}, "device": "cpu", "nd_range": {"device_start": 2292437.755584708, "device_end": 2292437.760392398}, "cmdq": 0, "read": {"device_start": -1, "device_end": -1}}, "FFC_sans_bias15": {"write": {"device_start": -1, "host_queued_start": 1585624663.373209, "device_queued": -1, "device_end": -1, "host_queued_end": 1585624663.38892}, "device": "cpu", "nd_range": {"device_start": 2292437.811931175, "device_end": 2292437.8166946713}, "cmdq": 0, "read": {"device_start": -1, "device_end": -1}}, "FFC_sans_bias16": {"write": {"device_start": -1, "host_queued_start": 1585624663.378893, "device_queued": -1, "device_end": -1, "host_queued_end": 1585624663.38892}, "device": "cpu", "nd_range": {"device_start": 2292437.8669258133, "device_end": 2292437.871463892}, "cmdq": 0, "read": {"device_start": -1, "device_end": -1}}, "FFC_sans_bias19": {"write": {"device_start": -1, "host_queued_start": 1585624663.330994, "device_queued": -1, "device_end": -1, "host_queued_end": 1585624663.38892}, "device": "cpu", "nd_range": {"device_start": 2292437.6151806773, "device_end": 2292437.6194926333}, "cmdq": 0, "read": {"device_start": -1, "device_end": -1}}, "FFC_sans_bias18": {"write": {"device_start": -1, "host_queued_start": 1585624663.329911, "device_queued": -1, "device_end": -1, "host_queued_end": 1585624663.38892}, "device": "cpu", "nd_range": {"device_start": 2292437.6104653343, "device_end": 2292437.6151751173}, "cmdq": 0, "read": {"device_start": -1, "device_end": -1}}, "FFC_sans_bias99": {"write": {"device_start": -1, "host_queued_start": 1585624663.358781, "device_queued": -1, "device_end": -1, "host_queued_end": 1585624663.38892}, "device": "cpu", "nd_range": {"device_start": 2292437.735351323, "device_end": 2292437.739639711}, "cmdq": 0, "read": {"device_start": -1, "device_end": -1}}, "FFC_sans_bias91": {"write": {"device_start": -1, "host_queued_start": 1585624663.35665, "device_queued": -1, "device_end": -1, "host_queued_end": 1585624663.38892}, "device": "cpu", "nd_range": {"device_start": 2292437.726150162, "device_end": 2292437.7307093153}, "cmdq": 0, "read": {"device_start": -1, "device_end": -1}}, "FFC_sans_bias90": {"write": {"device_start": -1, "host_queued_start": 1585624663.355599, "device_queued": -1, "device_end": -1, "host_queued_end": 1585624663.38892}, "device": "cpu", "nd_range": {"device_start": 2292437.7213451113, "device_end": 2292437.726135374}, "cmdq": 0, "read": {"device_start": -1, "device_end": -1}}, "coalesced_transpose12": {"write": {"device_start": -1, "host_queued_start": 1585624663.361559, "device_queued": -1, "device_end": -1, "host_queued_end": 1585624663.38892}, "device": "cpu", "nd_range": {"device_start": 2292437.7490912243, "device_end": 2292437.749217958}, "cmdq": 0, "read": {"device_start": -1, "device_end": -1}}, "FFC_sans_bias94": {"write": {"device_start": -1, "host_queued_start": 1585624663.368836, "device_queued": -1, "device_end": -1, "host_queued_end": 1585624663.38892}, "device": "cpu", "nd_range": {"device_start": 2292437.796733919, "device_end": 2292437.8014824}, "cmdq": 0, "read": {"device_start": -1, "device_end": -1}}, "FFC_sans_bias97": {"write": {"device_start": -1, "host_queued_start": 1585624663.387882, "device_queued": -1, "device_end": -1, "host_queued_end": 1585624663.38892}, "device": "cpu", "nd_range": {"device_start": 2292437.9079612563, "device_end": 2292437.912556468}, "cmdq": 0, "read": {"device_start": -1, "device_end": -1}}, "FFC_sans_bias96": {"write": {"device_start": -1, "host_queued_start": 1585624663.376452, "device_queued": -1, "device_end": -1, "host_queued_end": 1585624663.38892}, "device": "cpu", "nd_range": {"device_start": 2292437.853132743, "device_end": 2292437.85766186}, "cmdq": 0, "read": {"device_start": -1, "device_end": -1}}, "softmax32": {"write": {"device_start": -1, "host_queued_start": 1585624663.370299, "device_queued": -1, "device_end": -1, "host_queued_end": 1585624663.38892}, "device": "cpu", "nd_range": {"device_start": 2292437.80678053, "device_end": 2292437.806911015}, "cmdq": 0, "read": {"device_start": -1, "device_end": -1}}, "coalesced_transpose84": {"write": {"device_start": -1, "host_queued_start": 1585624663.364319, "device_queued": -1, "device_end": -1, "host_queued_end": 1585624663.38892}, "device": "cpu", "nd_range": {"device_start": 2292437.750944265, "device_end": 2292437.75104471}, "cmdq": 0, "read": {"device_start": -1, "device_end": -1}}, "empty98": {"write": {"device_start": -1, "host_queued_start": 1585624663.321714, "device_queued": -1, "device_end": -1, "host_queued_end": 1585624663.38892}, "device": "cpu", "nd_range": {"device_start": 2292437.578659329, "device_end": 2292437.5786598353}, "cmdq": 0, "read": {"device_start": -1, "device_end": -1}}, "empty107": {"write": {"device_start": -1, "host_queued_start": 1585624663.322521, "device_queued": -1, "device_end": -1, "host_queued_end": 1585624663.38892}, "device": "cpu", "nd_range": {"device_start": 2292437.578664569, "device_end": 2292437.578665257}, "cmdq": 0, "read": {"device_start": -1, "device_end": -1}}, "empty17": {"write": {"device_start": -1, "host_queued_start": 1585624663.314289, "device_queued": -1, "device_end": -1, "host_queued_end": 1585624663.38892}, "device": "cpu", "nd_range": {"device_start": 2292437.57861447, "device_end": 2292437.578615438}, "cmdq": 0, "read": {"device_start": -1, "device_end": -1}}, "FFC_sans_bias87": {"write": {"device_start": -1, "host_queued_start": 1585624663.376102, "device_queued": -1, "device_end": -1, "host_queued_end": 1585624663.38892}, "device": "cpu", "nd_range": {"device_start": 2292437.848605597, "device_end": 2292437.8531277822}, "cmdq": 0, "read": {"device_start": -1, "device_end": -1}}, "FFC_sans_bias85": {"write": {"device_start": -1, "host_queued_start": 1585624663.368491, "device_queued": -1, "device_end": -1, "host_queued_end": 1585624663.38892}, "device": "cpu", "nd_range": {"device_start": 2292437.792188676, "device_end": 2292437.796728337}, "cmdq": 0, "read": {"device_start": -1, "device_end": -1}}, "FFC_sans_bias82": {"write": {"device_start": -1, "host_queued_start": 1585624663.353491, "device_queued": -1, "device_end": -1, "host_queued_end": 1585624663.38892}, "device": "cpu", "nd_range": {"device_start": 2292437.7123193173, "device_end": 2292437.717124909}, "cmdq": 0, "read": {"device_start": -1, "device_end": -1}}, "FFC_sans_bias83": {"write": {"device_start": -1, "host_queued_start": 1585624663.354548, "device_queued": -1, "device_end": -1, "host_queued_end": 1585624663.38892}, "device": "cpu", "nd_range": {"device_start": 2292437.717129835, "device_end": 2292437.7213401063}, "cmdq": 0, "read": {"device_start": -1, "device_end": -1}}, "FFC_sans_bias81": {"write": {"device_start": -1, "host_queued_start": 1585624663.352423, "device_queued": -1, "device_end": -1, "host_queued_end": 1585624663.38892}, "device": "cpu", "nd_range": {"device_start": 2292437.708208625, "device_end": 2292437.7123139882}, "cmdq": 0, "read": {"device_start": -1, "device_end": -1}}, "FFC_sans_bias88": {"write": {"device_start": -1, "host_queued_start": 1585624663.386891, "device_queued": -1, "device_end": -1, "host_queued_end": 1585624663.38892}, "device": "cpu", "nd_range": {"device_start": 2292437.903422399, "device_end": 2292437.9079584433}, "cmdq": 0, "read": {"device_start": -1, "device_end": -1}}, "coalesced_transpose30": {"write": {"device_start": -1, "host_queued_start": 1585624663.362224, "device_queued": -1, "device_end": -1, "host_queued_end": 1585624663.38892}, "device": "cpu", "nd_range": {"device_start": 2292437.7495918702, "device_end": 2292437.7497172393}, "cmdq": 0, "read": {"device_start": -1, "device_end": -1}}, "coalesced_transpose39": {"write": {"device_start": -1, "host_queued_start": 1585624663.36256, "device_queued": -1, "device_end": -1, "host_queued_end": 1585624663.38892}, "device": "cpu", "nd_range": {"device_start": 2292437.749829697, "device_end": 2292437.7499428}, "cmdq": 0, "read": {"device_start": -1, "device_end": -1}}, "FFC_sans_bias79": {"write": {"device_start": -1, "host_queued_start": 1585624663.385889, "device_queued": -1, "device_end": -1, "host_queued_end": 1585624663.38892}, "device": "cpu", "nd_range": {"device_start": 2292437.8988806303, "device_end": 2292437.903419617}, "cmdq": 0, "read": {"device_start": -1, "device_end": -1}}, "FFC_sans_bias78": {"write": {"device_start": -1, "host_queued_start": 1585624663.375758, "device_queued": -1, "device_end": -1, "host_queued_end": 1585624663.38892}, "device": "cpu", "nd_range": {"device_start": 2292437.843998483, "device_end": 2292437.848599267}, "cmdq": 0, "read": {"device_start": -1, "device_end": -1}}, "FFC_sans_bias73": {"write": {"device_start": -1, "host_queued_start": 1585624663.350302, "device_queued": -1, "device_end": -1, "host_queued_end": 1585624663.38892}, "device": "cpu", "nd_range": {"device_start": 2292437.6995394533, "device_end": 2292437.704083465}, "cmdq": 0, "read": {"device_start": -1, "device_end": -1}}, "FFC_sans_bias72": {"write": {"device_start": -1, "host_queued_start": 1585624663.349242, "device_queued": -1, "device_end": -1, "host_queued_end": 1585624663.38892}, "device": "cpu", "nd_range": {"device_start": 2292437.69499114, "device_end": 2292437.699534403}, "cmdq": 0, "read": {"device_start": -1, "device_end": -1}}, "FFC_sans_bias70": {"write": {"device_start": -1, "host_queued_start": 1585624663.384893, "device_queued": -1, "device_end": -1, "host_queued_end": 1585624663.38892}, "device": "cpu", "nd_range": {"device_start": 2292437.894387119, "device_end": 2292437.898877929}, "cmdq": 0, "read": {"device_start": -1, "device_end": -1}}, "FFC_sans_bias76": {"write": {"device_start": -1, "host_queued_start": 1585624663.368147, "device_queued": -1, "device_end": -1, "host_queued_end": 1585624663.38892}, "device": "cpu", "nd_range": {"device_start": 2292437.787678446, "device_end": 2292437.792183272}, "cmdq": 0, "read": {"device_start": -1, "device_end": -1}}, "FFC_sans_bias74": {"write": {"device_start": -1, "host_queued_start": 1585624663.351368, "device_queued": -1, "device_end": -1, "host_queued_end": 1585624663.38892}, "device": "cpu", "nd_range": {"device_start": 2292437.7040886083, "device_end": 2292437.708203617}, "cmdq": 0, "read": {"device_start": -1, "device_end": -1}}, "coalesced_transpose102": {"write": {"device_start": -1, "host_queued_start": 1585624663.365006, "device_queued": -1, "device_end": -1, "host_queued_end": 1585624663.38892}, "device": "cpu", "nd_range": {"device_start": 2292437.7513731583, "device_end": 2292437.751480034}, "cmdq": 0, "read": {"device_start": -1, "device_end": -1}}, "coalesced_transpose3": {"write": {"device_start": -1, "host_queued_start": 1585624663.361222, "device_queued": -1, "device_end": -1, "host_queued_end": 1585624663.38892}, "device": "cpu", "nd_range": {"device_start": 2292437.748798359, "device_end": 2292437.748957675}, "cmdq": 0, "read": {"device_start": -1, "device_end": -1}}, "empty89": {"write": {"device_start": -1, "host_queued_start": 1585624663.320906, "device_queued": -1, "device_end": -1, "host_queued_end": 1585624663.38892}, "device": "cpu", "nd_range": {"device_start": 2292437.578654882, "device_end": 2292437.578655444}, "cmdq": 0, "read": {"device_start": -1, "device_end": -1}}, "empty80": {"write": {"device_start": -1, "host_queued_start": 1585624663.320096, "device_queued": -1, "device_end": -1, "host_queued_end": 1585624663.38892}, "device": "cpu", "nd_range": {"device_start": 2292437.578649923, "device_end": 2292437.5786505654}, "cmdq": 0, "read": {"device_start": -1, "device_end": -1}}, "softmax104": {"write": {"device_start": -1, "host_queued_start": 1585624663.372522, "device_queued": -1, "device_end": -1, "host_queued_end": 1585624663.38892}, "device": "cpu", "nd_range": {"device_start": 2292437.8075595694, "device_end": 2292437.8076399663}, "cmdq": 0, "read": {"device_start": -1, "device_end": -1}}, "coalesced_transpose21": {"write": {"device_start": -1, "host_queued_start": 1585624663.361894, "device_queued": -1, "device_end": -1, "host_queued_end": 1585624663.38892}, "device": "cpu", "nd_range": {"device_start": 2292437.749343749, "device_end": 2292437.749466576}, "cmdq": 0, "read": {"device_start": -1, "device_end": -1}}, "softmax14": {"write": {"device_start": -1, "host_queued_start": 1585624663.369743, "device_queued": -1, "device_end": -1, "host_queued_end": 1585624663.38892}, "device": "cpu", "nd_range": {"device_start": 2292437.806393018, "device_end": 2292437.8065281482}, "cmdq": 0, "read": {"device_start": -1, "device_end": -1}}, "FFC_sans_bias69": {"write": {"device_start": -1, "host_queued_start": 1585624663.375408, "device_queued": -1, "device_end": -1, "host_queued_end": 1585624663.38892}, "device": "cpu", "nd_range": {"device_start": 2292437.839454159, "device_end": 2292437.843993099}, "cmdq": 0, "read": {"device_start": -1, "device_end": -1}}, "FFC_sans_bias92": {"write": {"device_start": -1, "host_queued_start": 1585624663.357726, "device_queued": -1, "device_end": -1, "host_queued_end": 1585624663.38892}, "device": "cpu", "nd_range": {"device_start": 2292437.7307149023, "device_end": 2292437.735344684}, "cmdq": 0, "read": {"device_start": -1, "device_end": -1}}, "FFC_sans_bias60": {"write": {"device_start": -1, "host_queued_start": 1585624663.375037, "device_queued": -1, "device_end": -1, "host_queued_end": 1585624663.38892}, "device": "cpu", "nd_range": {"device_start": 2292437.8350148113, "device_end": 2292437.839449053}, "cmdq": 0, "read": {"device_start": -1, "device_end": -1}}, "FFC_sans_bias61": {"write": {"device_start": -1, "host_queued_start": 1585624663.383898, "device_queued": -1, "device_end": -1, "host_queued_end": 1585624663.38892}, "device": "cpu", "nd_range": {"device_start": 2292437.889840378, "device_end": 2292437.894384661}, "cmdq": 0, "read": {"device_start": -1, "device_end": -1}}, "FFC_sans_bias63": {"write": {"device_start": -1, "host_queued_start": 1585624663.348187, "device_queued": -1, "device_end": -1, "host_queued_end": 1585624663.38892}, "device": "cpu", "nd_range": {"device_start": 2292437.690406354, "device_end": 2292437.694986021}, "cmdq": 0, "read": {"device_start": -1, "device_end": -1}}, "FFC_sans_bias64": {"write": {"device_start": -1, "host_queued_start": 1585624663.34606, "device_queued": -1, "device_end": -1, "host_queued_end": 1585624663.38892}, "device": "cpu", "nd_range": {"device_start": 2292437.6811521123, "device_end": 2292437.6857137643}, "cmdq": 0, "read": {"device_start": -1, "device_end": -1}}, "FFC_sans_bias65": {"write": {"device_start": -1, "host_queued_start": 1585624663.347131, "device_queued": -1, "device_end": -1, "host_queued_end": 1585624663.38892}, "device": "cpu", "nd_range": {"device_start": 2292437.685719416, "device_end": 2292437.690401534}, "cmdq": 0, "read": {"device_start": -1, "device_end": -1}}, "FFC_sans_bias67": {"write": {"device_start": -1, "host_queued_start": 1585624663.367801, "device_queued": -1, "device_end": -1, "host_queued_end": 1585624663.38892}, "device": "cpu", "nd_range": {"device_start": 2292437.782874099, "device_end": 2292437.787672875}, "cmdq": 0, "read": {"device_start": -1, "device_end": -1}}, "softmax68": {"write": {"device_start": -1, "host_queued_start": 1585624663.371415, "device_queued": -1, "device_end": -1, "host_queued_end": 1585624663.38892}, "device": "cpu", "nd_range": {"device_start": 2292437.807210003, "device_end": 2292437.807294762}, "cmdq": 0, "read": {"device_start": -1, "device_end": -1}}, "empty35": {"write": {"device_start": -1, "host_queued_start": 1585624663.316, "device_queued": -1, "device_end": -1, "host_queued_end": 1585624663.38892}, "device": "cpu", "nd_range": {"device_start": 2292437.578626124, "device_end": 2292437.5786266723}, "cmdq": 0, "read": {"device_start": -1, "device_end": -1}}, "softmax86": {"write": {"device_start": -1, "host_queued_start": 1585624663.371969, "device_queued": -1, "device_end": -1, "host_queued_end": 1585624663.38892}, "device": "cpu", "nd_range": {"device_start": 2292437.807385644, "device_end": 2292437.807469224}, "cmdq": 0, "read": {"device_start": -1, "device_end": -1}}, "FFC_sans_bias55": {"write": {"device_start": -1, "host_queued_start": 1585624663.344991, "device_queued": -1, "device_end": -1, "host_queued_end": 1585624663.38892}, "device": "cpu", "nd_range": {"device_start": 2292437.676733746, "device_end": 2292437.681147541}, "cmdq": 0, "read": {"device_start": -1, "device_end": -1}}, "FFC_sans_bias54": {"write": {"device_start": -1, "host_queued_start": 1585624663.343935, "device_queued": -1, "device_end": -1, "host_queued_end": 1585624663.38892}, "device": "cpu", "nd_range": {"device_start": 2292437.672181778, "device_end": 2292437.676729213}, "cmdq": 0, "read": {"device_start": -1, "device_end": -1}}, "FFC_sans_bias56": {"write": {"device_start": -1, "host_queued_start": 1585624663.342882, "device_queued": -1, "device_end": -1, "host_queued_end": 1585624663.38892}, "device": "cpu", "nd_range": {"device_start": 2292437.667583065, "device_end": 2292437.67217712}, "cmdq": 0, "read": {"device_start": -1, "device_end": -1}}, "FFC_sans_bias51": {"write": {"device_start": -1, "host_queued_start": 1585624663.3747, "device_queued": -1, "device_end": -1, "host_queued_end": 1585624663.38892}, "device": "cpu", "nd_range": {"device_start": 2292437.830257328, "device_end": 2292437.8350095493}, "cmdq": 0, "read": {"device_start": -1, "device_end": -1}}, "FFC_sans_bias52": {"write": {"device_start": -1, "host_queued_start": 1585624663.382904, "device_queued": -1, "device_end": -1, "host_queued_end": 1585624663.38892}, "device": "cpu", "nd_range": {"device_start": 2292437.885073366, "device_end": 2292437.88983795}, "cmdq": 0, "read": {"device_start": -1, "device_end": -1}}, "FFC_sans_bias58": {"write": {"device_start": -1, "host_queued_start": 1585624663.367449, "device_queued": -1, "device_end": -1, "host_queued_end": 1585624663.38892}, "device": "cpu", "nd_range": {"device_start": 2292437.778480134, "device_end": 2292437.782866953}, "cmdq": 0, "read": {"device_start": -1, "device_end": -1}}, "FFC_sans_bias103": {"write": {"device_start": -1, "host_queued_start": 1585624663.369182, "device_queued": -1, "device_end": -1, "host_queued_end": 1585624663.38892}, "device": "cpu", "nd_range": {"device_start": 2292437.801487762, "device_end": 2292437.806006227}, "cmdq": 0, "read": {"device_start": -1, "device_end": -1}}, "FFC_sans_bias100": {"write": {"device_start": -1, "host_queued_start": 1585624663.359832, "device_queued": -1, "device_end": -1, "host_queued_end": 1585624663.38892}, "device": "cpu", "nd_range": {"device_start": 2292437.739645087, "device_end": 2292437.744202855}, "cmdq": 0, "read": {"device_start": -1, "device_end": -1}}, "FFC_sans_bias101": {"write": {"device_start": -1, "host_queued_start": 1585624663.360887, "device_queued": -1, "device_end": -1, "host_queued_end": 1585624663.38892}, "device": "cpu", "nd_range": {"device_start": 2292437.74420798, "device_end": 2292437.748792942}, "cmdq": 0, "read": {"device_start": -1, "device_end": -1}}, "FFC_sans_bias106": {"write": {"device_start": -1, "host_queued_start": 1585624663.388875, "device_queued": -1, "device_end": -1, "host_queued_end": 1585624663.38892}, "device": "cpu", "nd_range": {"device_start": 2292437.9125589114, "device_end": 2292437.9164299252}, "cmdq": 0, "read": {"device_start": -1, "device_end": -1}}, "FFC_sans_bias105": {"write": {"device_start": -1, "host_queued_start": 1585624663.376798, "device_queued": -1, "device_end": -1, "host_queued_end": 1585624663.38892}, "device": "cpu", "nd_range": {"device_start": 2292437.8576674573, "device_end": 2292437.8621695163}, "cmdq": 0, "read": {"device_start": -1, "device_end": -1}}, "softmax95": {"write": {"device_start": -1, "host_queued_start": 1585624663.372246, "device_queued": -1, "device_end": -1, "host_queued_end": 1585624663.38892}, "device": "cpu", "nd_range": {"device_start": 2292437.807474329, "device_end": 2292437.8075546282}, "cmdq": 0, "read": {"device_start": -1, "device_end": -1}}, "coalesced_transpose57": {"write": {"device_start": -1, "host_queued_start": 1585624663.363289, "device_queued": -1, "device_end": -1, "host_queued_end": 1585624663.38892}, "device": "cpu", "nd_range": {"device_start": 2292437.750277564, "device_end": 2292437.750389175}, "cmdq": 0, "read": {"device_start": -1, "device_end": -1}}, "empty26": {"write": {"device_start": -1, "host_queued_start": 1585624663.315193, "device_queued": -1, "device_end": -1, "host_queued_end": 1585624663.38892}, "device": "cpu", "nd_range": {"device_start": 2292437.57862091, "device_end": 2292437.5786216534}, "cmdq": 0, "read": {"device_start": -1, "device_end": -1}}, "FFC_sans_bias11": {"write": {"device_start": -1, "host_queued_start": 1585624663.328859, "device_queued": -1, "device_end": -1, "host_queued_end": 1585624663.38892}, "device": "cpu", "nd_range": {"device_start": 2292437.606034952, "device_end": 2292437.61034127}, "cmdq": 0, "read": {"device_start": -1, "device_end": -1}}, "FFC_sans_bias42": {"write": {"device_start": -1, "host_queued_start": 1585624663.374263, "device_queued": -1, "device_end": -1, "host_queued_end": 1585624663.38892}, "device": "cpu", "nd_range": {"device_start": 2292437.8255717773, "device_end": 2292437.830252071}, "cmdq": 0, "read": {"device_start": -1, "device_end": -1}}, "FFC_sans_bias43": {"write": {"device_start": -1, "host_queued_start": 1585624663.381905, "device_queued": -1, "device_end": -1, "host_queued_end": 1585624663.38892}, "device": "cpu", "nd_range": {"device_start": 2292437.880542839, "device_end": 2292437.8850705773}, "cmdq": 0, "read": {"device_start": -1, "device_end": -1}}, "FFC_sans_bias40": {"write": {"device_start": -1, "host_queued_start": 1585624663.366757, "device_queued": -1, "device_end": -1, "host_queued_end": 1585624663.38892}, "device": "cpu", "nd_range": {"device_start": 2292437.769612417, "device_end": 2292437.773908404}, "cmdq": 0, "read": {"device_start": -1, "device_end": -1}}, "FFC_sans_bias46": {"write": {"device_start": -1, "host_queued_start": 1585624663.340725, "device_queued": -1, "device_end": -1, "host_queued_end": 1585624663.38892}, "device": "cpu", "nd_range": {"device_start": 2292437.657002598, "device_end": 2292437.662839718}, "cmdq": 0, "read": {"device_start": -1, "device_end": -1}}, "FFC_sans_bias47": {"write": {"device_start": -1, "host_queued_start": 1585624663.341814, "device_queued": -1, "device_end": -1, "host_queued_end": 1585624663.38892}, "device": "cpu", "nd_range": {"device_start": 2292437.662843813, "device_end": 2292437.667578639}, "cmdq": 0, "read": {"device_start": -1, "device_end": -1}}, "FFC_sans_bias45": {"write": {"device_start": -1, "host_queued_start": 1585624663.339673, "device_queued": -1, "device_end": -1, "host_queued_end": 1585624663.38892}, "device": "cpu", "nd_range": {"device_start": 2292437.652620869, "device_end": 2292437.6569983102}, "cmdq": 0, "read": {"device_start": -1, "device_end": -1}}, "FFC_sans_bias49": {"write": {"device_start": -1, "host_queued_start": 1585624663.367103, "device_queued": -1, "device_end": -1, "host_queued_end": 1585624663.38892}, "device": "cpu", "nd_range": {"device_start": 2292437.773913788, "device_end": 2292437.778474588}, "cmdq": 0, "read": {"device_start": -1, "device_end": -1}}, "softmax77": {"write": {"device_start": -1, "host_queued_start": 1585624663.371693, "device_queued": -1, "device_end": -1, "host_queued_end": 1585624663.38892}, "device": "cpu", "nd_range": {"device_start": 2292437.807299722, "device_end": 2292437.8073808462}, "cmdq": 0, "read": {"device_start": -1, "device_end": -1}}, "softmax5": {"write": {"device_start": -1, "host_queued_start": 1585624663.369466, "device_queued": -1, "device_end": -1, "host_queued_end": 1585624663.38892}, "device": "cpu", "nd_range": {"device_start": 2292437.80613258, "device_end": 2292437.8062773263}, "cmdq": 0, "read": {"device_start": -1, "device_end": -1}}, "empty53": {"write": {"device_start": -1, "host_queued_start": 1585624663.317625, "device_queued": -1, "device_end": -1, "host_queued_end": 1585624663.38892}, "device": "cpu", "nd_range": {"device_start": 2292437.5786353364, "device_end": 2292437.578635844}, "cmdq": 0, "read": {"device_start": -1, "device_end": -1}}, "coalesced_transpose48": {"write": {"device_start": -1, "host_queued_start": 1585624663.362899, "device_queued": -1, "device_end": -1, "host_queued_end": 1585624663.38892}, "device": "cpu", "nd_range": {"device_start": 2292437.7500531552, "device_end": 2292437.750167602}, "cmdq": 0, "read": {"device_start": -1, "device_end": -1}}}