{"FFC_sans_bias4": {"write": {"device_start": -1, "host_queued_start": 1585624742.096532, "device_queued": -1, "device_end": -1, "host_queued_end": 1585624742.119897}, "device": "gpu", "nd_range": {"device_start": 1585624675.6724138, "device_end": 1585624675.6730149}, "cmdq": 0, "read": {"device_start": -1, "device_end": -1}}, "FFC_sans_bias7": {"write": {"device_start": 1585624675.6894524, "host_queued_start": 1585624742.108013, "device_queued": 1585624675.6507242, "device_end": 1585624675.6894815, "host_queued_end": 1585624742.119897}, "device": "gpu", "nd_range": {"device_start": 1585624675.6894844, "device_end": 1585624675.6900818}, "cmdq": 0, "read": {"device_start": 1585624675.6900842, "device_end": 1585624675.6901083}}, "FFC_sans_bias6": {"write": {"device_start": -1, "host_queued_start": 1585624742.103436, "device_queued": -1, "device_end": -1, "host_queued_end": 1585624742.119897}, "device": "gpu", "nd_range": {"device_start": 1585624675.6821601, "device_end": 1585624675.6827598}, "cmdq": 0, "read": {"device_start": -1, "device_end": -1}}, "FFC_sans_bias1": {"write": {"device_start": 1585624675.6466703, "host_queued_start": 1585624742.056261, "device_queued": 1585624675.6449518, "device_end": 1585624675.6466944, "host_queued_end": 1585624742.119897}, "device": "gpu", "nd_range": {"device_start": 1585624675.6467, "device_end": 1585624675.647297}, "cmdq": 0, "read": {"device_start": -1, "device_end": -1}}, "FFC_sans_bias0": {"write": {"device_start": 1585624675.6459346, "host_queued_start": 1585624742.055166, "device_queued": 1585624675.6448867, "device_end": 1585624675.6459587, "host_queued_end": 1585624742.119897}, "device": "gpu", "nd_range": {"device_start": 1585624675.6459677, "device_end": 1585624675.6465676}, "cmdq": 0, "read": {"device_start": -1, "device_end": -1}}, "FFC_sans_bias2": {"write": {"device_start": 1585624675.6473868, "host_queued_start": 1585624742.057346, "device_queued": 1585624675.6451995, "device_end": 1585624675.6474113, "host_queued_end": 1585624742.119897}, "device": "gpu", "nd_range": {"device_start": 1585624675.6474228, "device_end": 1585624675.6480086}, "cmdq": 0, "read": {"device_start": -1, "device_end": -1}}, "FFC_sans_bias9": {"write": {"device_start": 1585624675.6481032, "host_queued_start": 1585624742.058417, "device_queued": 1585624675.6452582, "device_end": 1585624675.6481316, "host_queued_end": 1585624742.119897}, "device": "gpu", "nd_range": {"device_start": 1585624675.6481407, "device_end": 1585624675.648731}, "cmdq": 0, "read": {"device_start": -1, "device_end": -1}}, "empty71": {"write": {"device_start": 1585624675.6451337, "host_queued_start": 1585624742.05076, "device_queued": 1585624675.6443377, "device_end": 1585624675.6451628, "host_queued_end": 1585624742.119897}, "device": "gpu", "nd_range": {"device_start": 1585624675.645168, "device_end": 1585624675.6451716}, "cmdq": 0, "read": {"device_start": -1, "device_end": -1}}, "softmax41": {"write": {"device_start": -1, "host_queued_start": 1585624742.101361, "device_queued": -1, "device_end": -1, "host_queued_end": 1585624742.119897}, "device": "gpu", "nd_range": {"device_start": 1585624675.68046, "device_end": 1585624675.68067}, "cmdq": 0, "read": {"device_start": -1, "device_end": -1}}, "FFC_sans_bias37": {"write": {"device_start": 1585624675.6554012, "host_queued_start": 1585624742.069228, "device_queued": 1585624675.6463263, "device_end": 1585624675.6554246, "host_queued_end": 1585624742.119897}, "device": "gpu", "nd_range": {"device_start": 1585624675.6554308, "device_end": 1585624675.6560285}, "cmdq": 0, "read": {"device_start": -1, "device_end": -1}}, "FFC_sans_bias36": {"write": {"device_start": 1585624675.654663, "host_queued_start": 1585624742.068185, "device_queued": 1585624675.646291, "device_end": 1585624675.6546865, "host_queued_end": 1585624742.119897}, "device": "gpu", "nd_range": {"device_start": 1585624675.6546934, "device_end": 1585624675.655293}, "cmdq": 0, "read": {"device_start": -1, "device_end": -1}}, "FFC_sans_bias34": {"write": {"device_start": 1585624675.6919677, "host_queued_start": 1585624742.111207, "device_queued": 1585624675.6511033, "device_end": 1585624675.6919975, "host_queued_end": 1585624742.119897}, "device": "gpu", "nd_range": {"device_start": 1585624675.6920028, "device_end": 1585624675.6925986}, "cmdq": 0, "read": {"device_start": 1585624675.692607, "device_end": 1585624675.692629}}, "FFC_sans_bias33": {"write": {"device_start": -1, "host_queued_start": 1585624742.104397, "device_queued": -1, "device_end": -1, "host_queued_end": 1585624742.119897}, "device": "gpu", "nd_range": {"device_start": 1585624675.6839557, "device_end": 1585624675.684552}, "cmdq": 0, "read": {"device_start": -1, "device_end": -1}}, "FFC_sans_bias31": {"write": {"device_start": -1, "host_queued_start": 1585624742.097493, "device_queued": -1, "device_end": -1, "host_queued_end": 1585624742.119897}, "device": "gpu", "nd_range": {"device_start": 1585624675.674212, "device_end": 1585624675.67481}, "cmdq": 0, "read": {"device_start": -1, "device_end": -1}}, "FFC_sans_bias38": {"write": {"device_start": 1585624675.6561303, "host_queued_start": 1585624742.07028, "device_queued": 1585624675.646447, "device_end": 1585624675.6561606, "host_queued_end": 1585624742.119897}, "device": "gpu", "nd_range": {"device_start": 1585624675.6561632, "device_end": 1585624675.6567578}, "cmdq": 0, "read": {"device_start": -1, "device_end": -1}}, "coalesced_transpose75": {"write": {"device_start": -1, "host_queued_start": 1585624742.095292, "device_queued": -1, "device_end": -1, "host_queued_end": 1585624742.119897}, "device": "gpu", "nd_range": {"device_start": 1585624675.6723754, "device_end": 1585624675.672384}, "cmdq": 0, "read": {"device_start": -1, "device_end": -1}}, "empty44": {"write": {"device_start": 1585624675.644645, "host_queued_start": 1585624742.048212, "device_queued": 1585624675.6442215, "device_end": 1585624675.6446762, "host_queued_end": 1585624742.119897}, "device": "gpu", "nd_range": {"device_start": 1585624675.6446815, "device_end": 1585624675.644691}, "cmdq": 0, "read": {"device_start": -1, "device_end": -1}}, "empty8": {"write": {"device_start": 1585624675.643848, "host_queued_start": 1585624742.04452, "device_queued": 1585624675.6437027, "device_end": 1585624675.6438766, "host_queued_end": 1585624742.119897}, "device": "gpu", "nd_range": {"device_start": 1585624675.6438801, "device_end": 1585624675.643885}, "cmdq": 0, "read": {"device_start": -1, "device_end": -1}}, "softmax50": {"write": {"device_start": -1, "host_queued_start": 1585624742.101613, "device_queued": -1, "device_end": -1, "host_queued_end": 1585624742.119897}, "device": "gpu", "nd_range": {"device_start": 1585624675.680671, "device_end": 1585624675.680882}, "cmdq": 0, "read": {"device_start": -1, "device_end": -1}}, "softmax59": {"write": {"device_start": -1, "host_queued_start": 1585624742.101876, "device_queued": -1, "device_end": -1, "host_queued_end": 1585624742.119897}, "device": "gpu", "nd_range": {"device_start": 1585624675.6808834, "device_end": 1585624675.6810932}, "cmdq": 0, "read": {"device_start": -1, "device_end": -1}}, "FFC_sans_bias24": {"write": {"device_start": -1, "host_queued_start": 1585624742.104075, "device_queued": -1, "device_end": -1, "host_queued_end": 1585624742.119897}, "device": "gpu", "nd_range": {"device_start": 1585624675.6833596, "device_end": 1585624675.6839545}, "cmdq": 0, "read": {"device_start": -1, "device_end": -1}}, "FFC_sans_bias25": {"write": {"device_start": 1585624675.691135, "host_queued_start": 1585624742.110145, "device_queued": 1585624675.6510098, "device_end": 1585624675.6911647, "host_queued_end": 1585624742.119897}, "device": "gpu", "nd_range": {"device_start": 1585624675.691168, "device_end": 1585624675.6917613}, "cmdq": 0, "read": {"device_start": 1585624675.691766, "device_end": 1585624675.6917884}}, "FFC_sans_bias27": {"write": {"device_start": 1585624675.6524644, "host_queued_start": 1585624742.064866, "device_queued": 1585624675.6460104, "device_end": 1585624675.6524878, "host_queued_end": 1585624742.119897}, "device": "gpu", "nd_range": {"device_start": 1585624675.652494, "device_end": 1585624675.6530938}, "cmdq": 0, "read": {"device_start": -1, "device_end": -1}}, "FFC_sans_bias20": {"write": {"device_start": 1585624675.6517296, "host_queued_start": 1585624742.063807, "device_queued": 1585624675.6459715, "device_end": 1585624675.6517541, "host_queued_end": 1585624742.119897}, "device": "gpu", "nd_range": {"device_start": 1585624675.6517608, "device_end": 1585624675.6523645}, "cmdq": 0, "read": {"device_start": -1, "device_end": -1}}, "FFC_sans_bias22": {"write": {"device_start": -1, "host_queued_start": 1585624742.097173, "device_queued": -1, "device_end": -1, "host_queued_end": 1585624742.119897}, "device": "gpu", "nd_range": {"device_start": 1585624675.6736147, "device_end": 1585624675.674211}, "cmdq": 0, "read": {"device_start": -1, "device_end": -1}}, "FFC_sans_bias28": {"write": {"device_start": 1585624675.6531935, "host_queued_start": 1585624742.066056, "device_queued": 1585624675.6461322, "device_end": 1585624675.653218, "host_queued_end": 1585624742.119897}, "device": "gpu", "nd_range": {"device_start": 1585624675.653225, "device_end": 1585624675.653831}, "cmdq": 0, "read": {"device_start": -1, "device_end": -1}}, "FFC_sans_bias29": {"write": {"device_start": 1585624675.6539328, "host_queued_start": 1585624742.067142, "device_queued": 1585624675.646169, "device_end": 1585624675.6539562, "host_queued_end": 1585624742.119897}, "device": "gpu", "nd_range": {"device_start": 1585624675.6539624, "device_end": 1585624675.6545591}, "cmdq": 0, "read": {"device_start": -1, "device_end": -1}}, "coalesced_transpose66": {"write": {"device_start": -1, "host_queued_start": 1585624742.094988, "device_queued": -1, "device_end": -1, "host_queued_end": 1585624742.119897}, "device": "gpu", "nd_range": {"device_start": 1585624675.672366, "device_end": 1585624675.6723745}, "cmdq": 0, "read": {"device_start": -1, "device_end": -1}}, "coalesced_transpose93": {"write": {"device_start": -1, "host_queued_start": 1585624742.095904, "device_queued": -1, "device_end": -1, "host_queued_end": 1585624742.119897}, "device": "gpu", "nd_range": {"device_start": 1585624675.6723948, "device_end": 1585624675.672403}, "cmdq": 0, "read": {"device_start": -1, "device_end": -1}}, "softmax23": {"write": {"device_start": -1, "host_queued_start": 1585624742.100862, "device_queued": -1, "device_end": -1, "host_queued_end": 1585624742.119897}, "device": "gpu", "nd_range": {"device_start": 1585624675.680037, "device_end": 1585624675.6802468}, "cmdq": 0, "read": {"device_start": -1, "device_end": -1}}, "empty62": {"write": {"device_start": 1585624675.6449797, "host_queued_start": 1585624742.049873, "device_queued": 1585624675.644308, "device_end": 1585624675.6450107, "host_queued_end": 1585624742.119897}, "device": "gpu", "nd_range": {"device_start": 1585624675.6450174, "device_end": 1585624675.6450276}, "cmdq": 0, "read": {"device_start": -1, "device_end": -1}}, "FFC_sans_bias10": {"write": {"device_start": 1585624675.6488364, "host_queued_start": 1585624742.0595, "device_queued": 1585624675.6454504, "device_end": 1585624675.6488657, "host_queued_end": 1585624742.119897}, "device": "gpu", "nd_range": {"device_start": 1585624675.648868, "device_end": 1585624675.6494627}, "cmdq": 0, "read": {"device_start": -1, "device_end": -1}}, "FFC_sans_bias13": {"write": {"device_start": -1, "host_queued_start": 1585624742.096856, "device_queued": -1, "device_end": -1, "host_queued_end": 1585624742.119897}, "device": "gpu", "nd_range": {"device_start": 1585624675.673016, "device_end": 1585624675.6736135}, "cmdq": 0, "read": {"device_start": -1, "device_end": -1}}, "FFC_sans_bias15": {"write": {"device_start": -1, "host_queued_start": 1585624742.103755, "device_queued": -1, "device_end": -1, "host_queued_end": 1585624742.119897}, "device": "gpu", "nd_range": {"device_start": 1585624675.682761, "device_end": 1585624675.6833587}, "cmdq": 0, "read": {"device_start": -1, "device_end": -1}}, "FFC_sans_bias16": {"write": {"device_start": 1585624675.690286, "host_queued_start": 1585624742.109086, "device_queued": 1585624675.650806, "device_end": 1585624675.6903152, "host_queued_end": 1585624742.119897}, "device": "gpu", "nd_range": {"device_start": 1585624675.6903305, "device_end": 1585624675.690928}, "cmdq": 0, "read": {"device_start": 1585624675.6909328, "device_end": 1585624675.6909554}}, "FFC_sans_bias19": {"write": {"device_start": 1585624675.6510043, "host_queued_start": 1585624742.062746, "device_queued": 1585624675.6457975, "device_end": 1585624675.651034, "host_queued_end": 1585624742.119897}, "device": "gpu", "nd_range": {"device_start": 1585624675.6510475, "device_end": 1585624675.6516492}, "cmdq": 0, "read": {"device_start": -1, "device_end": -1}}, "FFC_sans_bias18": {"write": {"device_start": 1585624675.650266, "host_queued_start": 1585624742.061658, "device_queued": 1585624675.6457384, "device_end": 1585624675.6502962, "host_queued_end": 1585624742.119897}, "device": "gpu", "nd_range": {"device_start": 1585624675.6503034, "device_end": 1585624675.6509118}, "cmdq": 0, "read": {"device_start": -1, "device_end": -1}}, "FFC_sans_bias99": {"write": {"device_start": 1585624675.6702042, "host_queued_start": 1585624742.090373, "device_queued": 1585624675.648214, "device_end": 1585624675.6702275, "host_queued_end": 1585624742.119897}, "device": "gpu", "nd_range": {"device_start": 1585624675.6702337, "device_end": 1585624675.670835}, "cmdq": 0, "read": {"device_start": -1, "device_end": -1}}, "FFC_sans_bias91": {"write": {"device_start": 1585624675.6687205, "host_queued_start": 1585624742.088189, "device_queued": 1585624675.6479998, "device_end": 1585624675.6687503, "host_queued_end": 1585624742.119897}, "device": "gpu", "nd_range": {"device_start": 1585624675.668759, "device_end": 1585624675.6693542}, "cmdq": 0, "read": {"device_start": -1, "device_end": -1}}, "FFC_sans_bias90": {"write": {"device_start": 1585624675.667973, "host_queued_start": 1585624742.087148, "device_queued": 1585624675.6479526, "device_end": 1585624675.6680028, "host_queued_end": 1585624742.119897}, "device": "gpu", "nd_range": {"device_start": 1585624675.668006, "device_end": 1585624675.668601}, "cmdq": 0, "read": {"device_start": -1, "device_end": -1}}, "coalesced_transpose12": {"write": {"device_start": -1, "host_queued_start": 1585624742.093114, "device_queued": -1, "device_end": -1, "host_queued_end": 1585624742.119897}, "device": "gpu", "nd_range": {"device_start": 1585624675.6723073, "device_end": 1585624675.6723163}, "cmdq": 0, "read": {"device_start": -1, "device_end": -1}}, "FFC_sans_bias94": {"write": {"device_start": -1, "host_queued_start": 1585624742.099785, "device_queued": -1, "device_end": -1, "host_queued_end": 1585624742.119897}, "device": "gpu", "nd_range": {"device_start": 1585624675.6784096, "device_end": 1585624675.6790059}, "cmdq": 0, "read": {"device_start": -1, "device_end": -1}}, "FFC_sans_bias97": {"write": {"device_start": 1585624675.6977615, "host_queued_start": 1585624742.118738, "device_queued": 1585624675.6519053, "device_end": 1585624675.697791, "host_queued_end": 1585624742.119897}, "device": "gpu", "nd_range": {"device_start": 1585624675.6977944, "device_end": 1585624675.6983886}, "cmdq": 0, "read": {"device_start": 1585624675.6983967, "device_end": 1585624675.6984189}}, "FFC_sans_bias96": {"write": {"device_start": -1, "host_queued_start": 1585624742.106654, "device_queued": -1, "device_end": -1, "host_queued_end": 1585624742.119897}, "device": "gpu", "nd_range": {"device_start": 1585624675.6881404, "device_end": 1585624675.6887412}, "cmdq": 0, "read": {"device_start": -1, "device_end": -1}}, "softmax32": {"write": {"device_start": -1, "host_queued_start": 1585624742.101112, "device_queued": -1, "device_end": -1, "host_queued_end": 1585624742.119897}, "device": "gpu", "nd_range": {"device_start": 1585624675.680248, "device_end": 1585624675.6804585}, "cmdq": 0, "read": {"device_start": -1, "device_end": -1}}, "coalesced_transpose84": {"write": {"device_start": -1, "host_queued_start": 1585624742.095596, "device_queued": -1, "device_end": -1, "host_queued_end": 1585624742.119897}, "device": "gpu", "nd_range": {"device_start": 1585624675.6723852, "device_end": 1585624675.6723936}, "cmdq": 0, "read": {"device_start": -1, "device_end": -1}}, "empty98": {"write": {"device_start": 1585624675.6456888, "host_queued_start": 1585624742.053282, "device_queued": 1585624675.64463, "device_end": 1585624675.6457186, "host_queued_end": 1585624742.119897}, "device": "gpu", "nd_range": {"device_start": 1585624675.645734, "device_end": 1585624675.645738}, "cmdq": 0, "read": {"device_start": -1, "device_end": -1}}, "empty107": {"write": {"device_start": 1585624675.6458268, "host_queued_start": 1585624742.054132, "device_queued": 1585624675.6446562, "device_end": 1585624675.6458514, "host_queued_end": 1585624742.119897}, "device": "gpu", "nd_range": {"device_start": 1585624675.6458545, "device_end": 1585624675.6458578}, "cmdq": 0, "read": {"device_start": -1, "device_end": -1}}, "empty17": {"write": {"device_start": 1585624675.644005, "host_queued_start": 1585624742.045597, "device_queued": 1585624675.6439035, "device_end": 1585624675.6440291, "host_queued_end": 1585624742.119897}, "device": "gpu", "nd_range": {"device_start": 1585624675.644039, "device_end": 1585624675.6440423}, "cmdq": 0, "read": {"device_start": -1, "device_end": -1}}, "FFC_sans_bias87": {"write": {"device_start": -1, "host_queued_start": 1585624742.106331, "device_queued": -1, "device_end": -1, "host_queued_end": 1585624742.119897}, "device": "gpu", "nd_range": {"device_start": 1585624675.6875453, "device_end": 1585624675.688139}, "cmdq": 0, "read": {"device_start": -1, "device_end": -1}}, "FFC_sans_bias85": {"write": {"device_start": -1, "host_queued_start": 1585624742.09947, "device_queued": -1, "device_end": -1, "host_queued_end": 1585624742.119897}, "device": "gpu", "nd_range": {"device_start": 1585624675.677809, "device_end": 1585624675.6784077}, "cmdq": 0, "read": {"device_start": -1, "device_end": -1}}, "FFC_sans_bias82": {"write": {"device_start": 1585624675.6665568, "host_queued_start": 1585624742.085022, "device_queued": 1585624675.6477523, "device_end": 1585624675.6665864, "host_queued_end": 1585624742.119897}, "device": "gpu", "nd_range": {"device_start": 1585624675.6665897, "device_end": 1585624675.6670973}, "cmdq": 0, "read": {"device_start": -1, "device_end": -1}}, "FFC_sans_bias83": {"write": {"device_start": 1585624675.6672163, "host_queued_start": 1585624742.086098, "device_queued": 1585624675.6478102, "device_end": 1585624675.6672459, "host_queued_end": 1585624742.119897}, "device": "gpu", "nd_range": {"device_start": 1585624675.667255, "device_end": 1585624675.667855}, "cmdq": 0, "read": {"device_start": -1, "device_end": -1}}, "FFC_sans_bias81": {"write": {"device_start": 1585624675.665801, "host_queued_start": 1585624742.083971, "device_queued": 1585624675.647604, "device_end": 1585624675.66583, "host_queued_end": 1585624742.119897}, "device": "gpu", "nd_range": {"device_start": 1585624675.6658387, "device_end": 1585624675.6664374}, "cmdq": 0, "read": {"device_start": -1, "device_end": -1}}, "FFC_sans_bias88": {"write": {"device_start": 1585624675.6969328, "host_queued_start": 1585624742.117673, "device_queued": 1585624675.65173, "device_end": 1585624675.6969626, "host_queued_end": 1585624742.119897}, "device": "gpu", "nd_range": {"device_start": 1585624675.6969771, "device_end": 1585624675.6975737}, "cmdq": 0, "read": {"device_start": 1585624675.6975763, "device_end": 1585624675.697599}}, "coalesced_transpose30": {"write": {"device_start": -1, "host_queued_start": 1585624742.09372, "device_queued": -1, "device_end": -1, "host_queued_end": 1585624742.119897}, "device": "gpu", "nd_range": {"device_start": 1585624675.6723268, "device_end": 1585624675.672335}, "cmdq": 0, "read": {"device_start": -1, "device_end": -1}}, "coalesced_transpose39": {"write": {"device_start": -1, "host_queued_start": 1585624742.094023, "device_queued": -1, "device_end": -1, "host_queued_end": 1585624742.119897}, "device": "gpu", "nd_range": {"device_start": 1585624675.6723363, "device_end": 1585624675.6723444}, "cmdq": 0, "read": {"device_start": -1, "device_end": -1}}, "FFC_sans_bias79": {"write": {"device_start": 1585624675.696115, "host_queued_start": 1585624742.116604, "device_queued": 1585624675.65165, "device_end": 1585624675.6961446, "host_queued_end": 1585624742.119897}, "device": "gpu", "nd_range": {"device_start": 1585624675.696148, "device_end": 1585624675.6967444}, "cmdq": 0, "read": {"device_start": 1585624675.69675, "device_end": 1585624675.696772}}, "FFC_sans_bias78": {"write": {"device_start": -1, "host_queued_start": 1585624742.106016, "device_queued": -1, "device_end": -1, "host_queued_end": 1585624742.119897}, "device": "gpu", "nd_range": {"device_start": 1585624675.6869485, "device_end": 1585624675.687544}, "cmdq": 0, "read": {"device_start": -1, "device_end": -1}}, "FFC_sans_bias73": {"write": {"device_start": 1585624675.6643755, "host_queued_start": 1585624742.081861, "device_queued": 1585624675.6473484, "device_end": 1585624675.6644056, "host_queued_end": 1585624742.119897}, "device": "gpu", "nd_range": {"device_start": 1585624675.6644082, "device_end": 1585624675.6650093}, "cmdq": 0, "read": {"device_start": -1, "device_end": -1}}, "FFC_sans_bias72": {"write": {"device_start": 1585624675.6636097, "host_queued_start": 1585624742.080804, "device_queued": 1585624675.6472936, "device_end": 1585624675.6636393, "host_queued_end": 1585624742.119897}, "device": "gpu", "nd_range": {"device_start": 1585624675.6636496, "device_end": 1585624675.6642563}, "cmdq": 0, "read": {"device_start": -1, "device_end": -1}}, "FFC_sans_bias70": {"write": {"device_start": 1585624675.6952887, "host_queued_start": 1585624742.115548, "device_queued": 1585624675.6515098, "device_end": 1585624675.6953185, "host_queued_end": 1585624742.119897}, "device": "gpu", "nd_range": {"device_start": 1585624675.6953323, "device_end": 1585624675.6959283}, "cmdq": 0, "read": {"device_start": 1585624675.6959329, "device_end": 1585624675.695955}}, "FFC_sans_bias76": {"write": {"device_start": -1, "host_queued_start": 1585624742.099152, "device_queued": -1, "device_end": -1, "host_queued_end": 1585624742.119897}, "device": "gpu", "nd_range": {"device_start": 1585624675.6772084, "device_end": 1585624675.6778078}, "cmdq": 0, "read": {"device_start": -1, "device_end": -1}}, "FFC_sans_bias74": {"write": {"device_start": 1585624675.6651282, "host_queued_start": 1585624742.082918, "device_queued": 1585624675.6475453, "device_end": 1585624675.665158, "host_queued_end": 1585624742.119897}, "device": "gpu", "nd_range": {"device_start": 1585624675.665161, "device_end": 1585624675.6656687}, "cmdq": 0, "read": {"device_start": -1, "device_end": -1}}, "coalesced_transpose102": {"write": {"device_start": -1, "host_queued_start": 1585624742.09621, "device_queued": -1, "device_end": -1, "host_queued_end": 1585624742.119897}, "device": "gpu", "nd_range": {"device_start": 1585624675.6724045, "device_end": 1585624675.6724129}, "cmdq": 0, "read": {"device_start": -1, "device_end": -1}}, "coalesced_transpose3": {"write": {"device_start": -1, "host_queued_start": 1585624742.092803, "device_queued": -1, "device_end": -1, "host_queued_end": 1585624742.119897}, "device": "gpu", "nd_range": {"device_start": 1585624675.6722958, "device_end": 1585624675.6723058}, "cmdq": 0, "read": {"device_start": -1, "device_end": -1}}, "empty89": {"write": {"device_start": 1585624675.6455362, "host_queued_start": 1585624742.052439, "device_queued": 1585624675.6445956, "device_end": 1585624675.6455657, "host_queued_end": 1585624742.119897}, "device": "gpu", "nd_range": {"device_start": 1585624675.6455746, "device_end": 1585624675.6455781}, "cmdq": 0, "read": {"device_start": -1, "device_end": -1}}, "empty80": {"write": {"device_start": 1585624675.6453037, "host_queued_start": 1585624742.051598, "device_queued": 1585624675.6445456, "device_end": 1585624675.6453338, "host_queued_end": 1585624742.119897}, "device": "gpu", "nd_range": {"device_start": 1585624675.64534, "device_end": 1585624675.645349}, "cmdq": 0, "read": {"device_start": -1, "device_end": -1}}, "softmax104": {"write": {"device_start": -1, "host_queued_start": 1585624742.103126, "device_queued": -1, "device_end": -1, "host_queued_end": 1585624742.119897}, "device": "gpu", "nd_range": {"device_start": 1585624675.6819487, "device_end": 1585624675.6821592}, "cmdq": 0, "read": {"device_start": -1, "device_end": -1}}, "coalesced_transpose21": {"write": {"device_start": -1, "host_queued_start": 1585624742.093418, "device_queued": -1, "device_end": -1, "host_queued_end": 1585624742.119897}, "device": "gpu", "nd_range": {"device_start": 1585624675.6723173, "device_end": 1585624675.6723258}, "cmdq": 0, "read": {"device_start": -1, "device_end": -1}}, "softmax14": {"write": {"device_start": -1, "host_queued_start": 1585624742.100614, "device_queued": -1, "device_end": -1, "host_queued_end": 1585624742.119897}, "device": "gpu", "nd_range": {"device_start": 1585624675.679825, "device_end": 1585624675.6800349}, "cmdq": 0, "read": {"device_start": -1, "device_end": -1}}, "FFC_sans_bias69": {"write": {"device_start": -1, "host_queued_start": 1585624742.105685, "device_queued": -1, "device_end": -1, "host_queued_end": 1585624742.119897}, "device": "gpu", "nd_range": {"device_start": 1585624675.686349, "device_end": 1585624675.686947}, "cmdq": 0, "read": {"device_start": -1, "device_end": -1}}, "FFC_sans_bias92": {"write": {"device_start": 1585624675.669467, "host_queued_start": 1585624742.089303, "device_queued": 1585624675.6481667, "device_end": 1585624675.6694906, "host_queued_end": 1585624742.119897}, "device": "gpu", "nd_range": {"device_start": 1585624675.6694975, "device_end": 1585624675.6700892}, "cmdq": 0, "read": {"device_start": -1, "device_end": -1}}, "FFC_sans_bias60": {"write": {"device_start": -1, "host_queued_start": 1585624742.105361, "device_queued": -1, "device_end": -1, "host_queued_end": 1585624742.119897}, "device": "gpu", "nd_range": {"device_start": 1585624675.6857514, "device_end": 1585624675.6863477}, "cmdq": 0, "read": {"device_start": -1, "device_end": -1}}, "FFC_sans_bias61": {"write": {"device_start": 1585624675.6944704, "host_queued_start": 1585624742.114468, "device_queued": 1585624675.6514523, "device_end": 1585624675.6945004, "host_queued_end": 1585624742.119897}, "device": "gpu", "nd_range": {"device_start": 1585624675.6945052, "device_end": 1585624675.6950984}, "cmdq": 0, "read": {"device_start": 1585624675.6951034, "device_end": 1585624675.6951256}}, "FFC_sans_bias63": {"write": {"device_start": 1585624675.6628633, "host_queued_start": 1585624742.079763, "device_queued": 1585624675.647154, "device_end": 1585624675.6628864, "host_queued_end": 1585624742.119897}, "device": "gpu", "nd_range": {"device_start": 1585624675.662895, "device_end": 1585624675.663491}, "cmdq": 0, "read": {"device_start": -1, "device_end": -1}}, "FFC_sans_bias64": {"write": {"device_start": 1585624675.6613529, "host_queued_start": 1585624742.077667, "device_queued": 1585624675.6469889, "device_end": 1585624675.6613827, "host_queued_end": 1585624742.119897}, "device": "gpu", "nd_range": {"device_start": 1585624675.6613853, "device_end": 1585624675.6619937}, "cmdq": 0, "read": {"device_start": -1, "device_end": -1}}, "FFC_sans_bias65": {"write": {"device_start": 1585624675.6621137, "host_queued_start": 1585624742.078723, "device_queued": 1585624675.6471095, "device_end": 1585624675.6621377, "host_queued_end": 1585624742.119897}, "device": "gpu", "nd_range": {"device_start": 1585624675.6621463, "device_end": 1585624675.6627426}, "cmdq": 0, "read": {"device_start": -1, "device_end": -1}}, "FFC_sans_bias67": {"write": {"device_start": -1, "host_queued_start": 1585624742.098781, "device_queued": -1, "device_end": -1, "host_queued_end": 1585624742.119897}, "device": "gpu", "nd_range": {"device_start": 1585624675.6766052, "device_end": 1585624675.6772072}, "cmdq": 0, "read": {"device_start": -1, "device_end": -1}}, "softmax68": {"write": {"device_start": -1, "host_queued_start": 1585624742.102126, "device_queued": -1, "device_end": -1, "host_queued_end": 1585624742.119897}, "device": "gpu", "nd_range": {"device_start": 1585624675.6810942, "device_end": 1585624675.681305}, "cmdq": 0, "read": {"device_start": -1, "device_end": -1}}, "empty35": {"write": {"device_start": 1585624675.6444516, "host_queued_start": 1585624742.047377, "device_queued": 1585624675.6439834, "device_end": 1585624675.6444807, "host_queued_end": 1585624742.119897}, "device": "gpu", "nd_range": {"device_start": 1585624675.6444893, "device_end": 1585624675.6444926}, "cmdq": 0, "read": {"device_start": -1, "device_end": -1}}, "softmax86": {"write": {"device_start": -1, "host_queued_start": 1585624742.102629, "device_queued": -1, "device_end": -1, "host_queued_end": 1585624742.119897}, "device": "gpu", "nd_range": {"device_start": 1585624675.6815252, "device_end": 1585624675.6817355}, "cmdq": 0, "read": {"device_start": -1, "device_end": -1}}, "FFC_sans_bias55": {"write": {"device_start": 1585624675.6606083, "host_queued_start": 1585624742.076615, "device_queued": 1585624675.6469543, "device_end": 1585624675.6606383, "host_queued_end": 1585624742.119897}, "device": "gpu", "nd_range": {"device_start": 1585624675.660642, "device_end": 1585624675.6612344}, "cmdq": 0, "read": {"device_start": -1, "device_end": -1}}, "FFC_sans_bias54": {"write": {"device_start": 1585624675.6598618, "host_queued_start": 1585624742.075576, "device_queued": 1585624675.6468296, "device_end": 1585624675.6598914, "host_queued_end": 1585624742.119897}, "device": "gpu", "nd_range": {"device_start": 1585624675.6598973, "device_end": 1585624675.6604903}, "cmdq": 0, "read": {"device_start": -1, "device_end": -1}}, "FFC_sans_bias56": {"write": {"device_start": 1585624675.659102, "host_queued_start": 1585624742.074489, "device_queued": 1585624675.6467922, "device_end": 1585624675.659131, "host_queued_end": 1585624742.119897}, "device": "gpu", "nd_range": {"device_start": 1585624675.6591377, "device_end": 1585624675.6597352}, "cmdq": 0, "read": {"device_start": -1, "device_end": -1}}, "FFC_sans_bias51": {"write": {"device_start": -1, "host_queued_start": 1585624742.105047, "device_queued": -1, "device_end": -1, "host_queued_end": 1585624742.119897}, "device": "gpu", "nd_range": {"device_start": 1585624675.6851525, "device_end": 1585624675.6857505}, "cmdq": 0, "read": {"device_start": -1, "device_end": -1}}, "FFC_sans_bias52": {"write": {"device_start": 1585624675.693641, "host_queued_start": 1585624742.113369, "device_queued": 1585624675.651312, "device_end": 1585624675.69367, "host_queued_end": 1585624742.119897}, "device": "gpu", "nd_range": {"device_start": 1585624675.6936727, "device_end": 1585624675.6942701}, "cmdq": 0, "read": {"device_start": 1585624675.694279, "device_end": 1585624675.6943014}}, "FFC_sans_bias58": {"write": {"device_start": -1, "host_queued_start": 1585624742.098448, "device_queued": -1, "device_end": -1, "host_queued_end": 1585624742.119897}, "device": "gpu", "nd_range": {"device_start": 1585624675.6760051, "device_end": 1585624675.676604}, "cmdq": 0, "read": {"device_start": -1, "device_end": -1}}, "FFC_sans_bias103": {"write": {"device_start": -1, "host_queued_start": 1585624742.100103, "device_queued": -1, "device_end": -1, "host_queued_end": 1585624742.119897}, "device": "gpu", "nd_range": {"device_start": 1585624675.679007, "device_end": 1585624675.679606}, "cmdq": 0, "read": {"device_start": -1, "device_end": -1}}, "FFC_sans_bias100": {"write": {"device_start": 1585624675.6709435, "host_queued_start": 1585624742.091428, "device_queued": 1585624675.6483657, "device_end": 1585624675.670967, "host_queued_end": 1585624742.119897}, "device": "gpu", "nd_range": {"device_start": 1585624675.670974, "device_end": 1585624675.671566}, "cmdq": 0, "read": {"device_start": -1, "device_end": -1}}, "FFC_sans_bias101": {"write": {"device_start": 1585624675.6716788, "host_queued_start": 1585624742.092477, "device_queued": 1585624675.6484199, "device_end": 1585624675.6717021, "host_queued_end": 1585624742.119897}, "device": "gpu", "nd_range": {"device_start": 1585624675.6717083, "device_end": 1585624675.6722946}, "cmdq": 0, "read": {"device_start": -1, "device_end": -1}}, "FFC_sans_bias106": {"write": {"device_start": 1585624675.6985838, "host_queued_start": 1585624742.119795, "device_queued": 1585624675.651963, "device_end": 1585624675.6986134, "host_queued_end": 1585624742.119897}, "device": "gpu", "nd_range": {"device_start": 1585624675.6986167, "device_end": 1585624675.699212}, "cmdq": 0, "read": {"device_start": 1585624675.6992147, "device_end": 1585624675.699237}}, "FFC_sans_bias105": {"write": {"device_start": -1, "host_queued_start": 1585624742.106975, "device_queued": -1, "device_end": -1, "host_queued_end": 1585624742.119897}, "device": "gpu", "nd_range": {"device_start": 1585624675.6887422, "device_end": 1585624675.6893334}, "cmdq": 0, "read": {"device_start": -1, "device_end": -1}}, "softmax95": {"write": {"device_start": -1, "host_queued_start": 1585624742.10288, "device_queued": -1, "device_end": -1, "host_queued_end": 1585624742.119897}, "device": "gpu", "nd_range": {"device_start": 1585624675.6817367, "device_end": 1585624675.6819477}, "cmdq": 0, "read": {"device_start": -1, "device_end": -1}}, "coalesced_transpose57": {"write": {"device_start": -1, "host_queued_start": 1585624742.094646, "device_queued": -1, "device_end": -1, "host_queued_end": 1585624742.119897}, "device": "gpu", "nd_range": {"device_start": 1585624675.6723564, "device_end": 1585624675.6723647}, "cmdq": 0, "read": {"device_start": -1, "device_end": -1}}, "empty26": {"write": {"device_start": 1585624675.6443195, "host_queued_start": 1585624742.046505, "device_queued": 1585624675.6439433, "device_end": 1585624675.644344, "host_queued_end": 1585624742.119897}, "device": "gpu", "nd_range": {"device_start": 1585624675.6443532, "device_end": 1585624675.644357}, "cmdq": 0, "read": {"device_start": -1, "device_end": -1}}, "FFC_sans_bias11": {"write": {"device_start": 1585624675.649544, "host_queued_start": 1585624742.060584, "device_queued": 1585624675.6455069, "device_end": 1585624675.6495738, "host_queued_end": 1585624742.119897}, "device": "gpu", "nd_range": {"device_start": 1585624675.6495805, "device_end": 1585624675.6501665}, "cmdq": 0, "read": {"device_start": -1, "device_end": -1}}, "FFC_sans_bias42": {"write": {"device_start": -1, "host_queued_start": 1585624742.10473, "device_queued": -1, "device_end": -1, "host_queued_end": 1585624742.119897}, "device": "gpu", "nd_range": {"device_start": 1585624675.6845531, "device_end": 1585624675.6851513}, "cmdq": 0, "read": {"device_start": -1, "device_end": -1}}, "FFC_sans_bias43": {"write": {"device_start": 1585624675.6928065, "host_queued_start": 1585624742.112303, "device_queued": 1585624675.6512525, "device_end": 1585624675.6928356, "host_queued_end": 1585624742.119897}, "device": "gpu", "nd_range": {"device_start": 1585624675.6928403, "device_end": 1585624675.6934361}, "cmdq": 0, "read": {"device_start": 1585624675.6934392, "device_end": 1585624675.693462}}, "FFC_sans_bias40": {"write": {"device_start": -1, "host_queued_start": 1585624742.097813, "device_queued": -1, "device_end": -1, "host_queued_end": 1585624742.119897}, "device": "gpu", "nd_range": {"device_start": 1585624675.674811, "device_end": 1585624675.675411}, "cmdq": 0, "read": {"device_start": -1, "device_end": -1}}, "FFC_sans_bias46": {"write": {"device_start": 1585624675.6575937, "host_queued_start": 1585624742.072381, "device_queued": 1585624675.646607, "device_end": 1585624675.6576238, "host_queued_end": 1585624742.119897}, "device": "gpu", "nd_range": {"device_start": 1585624675.6576273, "device_end": 1585624675.6582243}, "cmdq": 0, "read": {"device_start": -1, "device_end": -1}}, "FFC_sans_bias47": {"write": {"device_start": 1585624675.658345, "host_queued_start": 1585624742.073428, "device_queued": 1585624675.646658, "device_end": 1585624675.6583686, "host_queued_end": 1585624742.119897}, "device": "gpu", "nd_range": {"device_start": 1585624675.6583767, "device_end": 1585624675.6589754}, "cmdq": 0, "read": {"device_start": -1, "device_end": -1}}, "FFC_sans_bias45": {"write": {"device_start": 1585624675.6568727, "host_queued_start": 1585624742.071346, "device_queued": 1585624675.6464827, "device_end": 1585624675.656902, "host_queued_end": 1585624742.119897}, "device": "gpu", "nd_range": {"device_start": 1585624675.6569054, "device_end": 1585624675.657497}, "cmdq": 0, "read": {"device_start": -1, "device_end": -1}}, "FFC_sans_bias49": {"write": {"device_start": -1, "host_queued_start": 1585624742.098131, "device_queued": -1, "device_end": -1, "host_queued_end": 1585624742.119897}, "device": "gpu", "nd_range": {"device_start": 1585624675.6754122, "device_end": 1585624675.6760042}, "cmdq": 0, "read": {"device_start": -1, "device_end": -1}}, "softmax77": {"write": {"device_start": -1, "host_queued_start": 1585624742.102376, "device_queued": -1, "device_end": -1, "host_queued_end": 1585624742.119897}, "device": "gpu", "nd_range": {"device_start": 1585624675.6813064, "device_end": 1585624675.6815233}, "cmdq": 0, "read": {"device_start": -1, "device_end": -1}}, "softmax5": {"write": {"device_start": -1, "host_queued_start": 1585624742.100359, "device_queued": -1, "device_end": -1, "host_queued_end": 1585624742.119897}, "device": "gpu", "nd_range": {"device_start": 1585624675.6796074, "device_end": 1585624675.6798239}, "cmdq": 0, "read": {"device_start": -1, "device_end": -1}}, "empty53": {"write": {"device_start": 1585624675.6447673, "host_queued_start": 1585624742.049043, "device_queued": 1585624675.6442728, "device_end": 1585624675.6448014, "host_queued_end": 1585624742.119897}, "device": "gpu", "nd_range": {"device_start": 1585624675.6448095, "device_end": 1585624675.6448128}, "cmdq": 0, "read": {"device_start": -1, "device_end": -1}}, "coalesced_transpose48": {"write": {"device_start": -1, "host_queued_start": 1585624742.094333, "device_queued": -1, "device_end": -1, "host_queued_end": 1585624742.119897}, "device": "gpu", "nd_range": {"device_start": 1585624675.6723456, "device_end": 1585624675.6723554}, "cmdq": 0, "read": {"device_start": -1, "device_end": -1}}}