{"FFC_sans_bias4": {"write": {"device_start": -1, "host_queued_start": 1585624907.434008, "device_queued": -1, "device_end": -1, "host_queued_end": 1585624907.443652}, "device": "cpu", "nd_range": {"device_start": 2292681.697193502, "device_end": 2292681.708354276}, "cmdq": 1, "read": {"device_start": -1, "device_end": -1}}, "FFC_sans_bias7": {"write": {"device_start": -1, "host_queued_start": 1585624907.439609, "device_queued": -1, "device_end": -1, "host_queued_end": 1585624907.443652}, "device": "cpu", "nd_range": {"device_start": 2292681.7366424953, "device_end": 2292681.749254006}, "cmdq": 1, "read": {"device_start": -1, "device_end": -1}}, "FFC_sans_bias6": {"write": {"device_start": -1, "host_queued_start": 1585624907.437174, "device_queued": -1, "device_end": -1, "host_queued_end": 1585624907.443652}, "device": "cpu", "nd_range": {"device_start": 2292681.7229819032, "device_end": 2292681.734940927}, "cmdq": 2, "read": {"device_start": -1, "device_end": -1}}, "FFC_sans_bias1": {"write": {"device_start": -1, "host_queued_start": 1585624907.416777, "device_queued": -1, "device_end": -1, "host_queued_end": 1585624907.443652}, "device": "cpu", "nd_range": {"device_start": 2292681.633290796, "device_end": 2292681.646857898}, "cmdq": 0, "read": {"device_start": -1, "device_end": -1}}, "FFC_sans_bias0": {"write": {"device_start": -1, "host_queued_start": 1585624907.415604, "device_queued": -1, "device_end": -1, "host_queued_end": 1585624907.443652}, "device": "cpu", "nd_range": {"device_start": 2292681.633319769, "device_end": 2292681.6419152683}, "cmdq": 2, "read": {"device_start": -1, "device_end": -1}}, "FFC_sans_bias2": {"write": {"device_start": -1, "host_queued_start": 1585624907.417987, "device_queued": -1, "device_end": -1, "host_queued_end": 1585624907.443652}, "device": "cpu", "nd_range": {"device_start": 2292681.633290403, "device_end": 2292681.645000778}, "cmdq": 1, "read": {"device_start": -1, "device_end": -1}}, "FFC_sans_bias9": {"write": {"device_start": -1, "host_queued_start": 1585624907.419253, "device_queued": -1, "device_end": -1, "host_queued_end": 1585624907.443652}, "device": "cpu", "nd_range": {"device_start": 2292681.643073428, "device_end": 2292681.6566204773}, "cmdq": 2, "read": {"device_start": -1, "device_end": -1}}, "empty71": {"write": {"device_start": 1585624840.9282825, "host_queued_start": 1585624907.367245, "device_queued": 1585624840.9280822, "device_end": 1585624840.9283578, "host_queued_end": 1585624907.40851}, "device": "gpu", "nd_range": {"device_start": 1585624840.9283648, "device_end": 1585624840.9283693}, "cmdq": 0, "read": {"device_start": -1, "device_end": -1}}, "softmax41": {"write": {"device_start": -1, "host_queued_start": 1585624907.436811, "device_queued": -1, "device_end": -1, "host_queued_end": 1585624907.443652}, "device": "cpu", "nd_range": {"device_start": 2292681.724051122, "device_end": 2292681.724263369}, "cmdq": 1, "read": {"device_start": -1, "device_end": -1}}, "FFC_sans_bias37": {"write": {"device_start": -1, "host_queued_start": 1585624907.430845, "device_queued": -1, "device_end": -1, "host_queued_end": 1585624907.443652}, "device": "cpu", "nd_range": {"device_start": 2292681.6933410033, "device_end": 2292681.6983520812}, "cmdq": 0, "read": {"device_start": -1, "device_end": -1}}, "FFC_sans_bias36": {"write": {"device_start": -1, "host_queued_start": 1585624907.429589, "device_queued": -1, "device_end": -1, "host_queued_end": 1585624907.443652}, "device": "cpu", "nd_range": {"device_start": 2292681.680632342, "device_end": 2292681.694308179}, "cmdq": 2, "read": {"device_start": -1, "device_end": -1}}, "FFC_sans_bias34": {"write": {"device_start": -1, "host_queued_start": 1585624907.44261, "device_queued": -1, "device_end": -1, "host_queued_end": 1585624907.443652}, "device": "cpu", "nd_range": {"device_start": 2292681.7492634, "device_end": 2292681.765356874}, "cmdq": 1, "read": {"device_start": -1, "device_end": -1}}, "FFC_sans_bias33": {"write": {"device_start": -1, "host_queued_start": 1585624907.438204, "device_queued": -1, "device_end": -1, "host_queued_end": 1585624907.443652}, "device": "cpu", "nd_range": {"device_start": 2292681.734951491, "device_end": 2292681.745451006}, "cmdq": 2, "read": {"device_start": -1, "device_end": -1}}, "FFC_sans_bias31": {"write": {"device_start": -1, "host_queued_start": 1585624907.435052, "device_queued": -1, "device_end": -1, "host_queued_end": 1585624907.443652}, "device": "cpu", "nd_range": {"device_start": 2292681.708479315, "device_end": 2292681.716677573}, "cmdq": 1, "read": {"device_start": -1, "device_end": -1}}, "FFC_sans_bias38": {"write": {"device_start": -1, "host_queued_start": 1585624907.431999, "device_queued": -1, "device_end": -1, "host_queued_end": 1585624907.443652}, "device": "cpu", "nd_range": {"device_start": 2292681.677741337, "device_end": 2292681.6920099193}, "cmdq": 1, "read": {"device_start": -1, "device_end": -1}}, "coalesced_transpose75": {"write": {"device_start": -1, "host_queued_start": 1585624907.393961, "device_queued": -1, "device_end": -1, "host_queued_end": 1585624907.40851}, "device": "gpu", "nd_range": {"device_start": 1585624840.9392002, "device_end": 1585624840.9392195}, "cmdq": 1, "read": {"device_start": -1, "device_end": -1}}, "empty44": {"write": {"device_start": -1, "host_queued_start": 1585624907.414508, "device_queued": -1, "device_end": -1, "host_queued_end": 1585624907.443652}, "device": "cpu", "nd_range": {"device_start": 2292681.6332835443, "device_end": 2292681.633284492}, "cmdq": 1, "read": {"device_start": -1, "device_end": -1}}, "empty8": {"write": {"device_start": -1, "host_queued_start": 1585624907.41017, "device_queued": -1, "device_end": -1, "host_queued_end": 1585624907.443652}, "device": "cpu", "nd_range": {"device_start": 2292681.6332475673, "device_end": 2292681.633261696}, "cmdq": 0, "read": {"device_start": -1, "device_end": -1}}, "softmax50": {"write": {"device_start": -1, "host_queued_start": 1585624907.397352, "device_queued": -1, "device_end": -1, "host_queued_end": 1585624907.40851}, "device": "gpu", "nd_range": {"device_start": 1585624840.9417436, "device_end": 1585624840.9422758}, "cmdq": 0, "read": {"device_start": -1, "device_end": -1}}, "softmax59": {"write": {"device_start": -1, "host_queued_start": 1585624907.3976, "device_queued": -1, "device_end": -1, "host_queued_end": 1585624907.40851}, "device": "gpu", "nd_range": {"device_start": 1585624840.9428303, "device_end": 1585624840.9430344}, "cmdq": 1, "read": {"device_start": -1, "device_end": -1}}, "FFC_sans_bias24": {"write": {"device_start": -1, "host_queued_start": 1585624907.43786, "device_queued": -1, "device_end": -1, "host_queued_end": 1585624907.443652}, "device": "cpu", "nd_range": {"device_start": 2292681.724377845, "device_end": 2292681.733352858}, "cmdq": 1, "read": {"device_start": -1, "device_end": -1}}, "FFC_sans_bias25": {"write": {"device_start": -1, "host_queued_start": 1585624907.441606, "device_queued": -1, "device_end": -1, "host_queued_end": 1585624907.443652}, "device": "cpu", "nd_range": {"device_start": 2292681.745548489, "device_end": 2292681.7560122344}, "cmdq": 0, "read": {"device_start": -1, "device_end": -1}}, "FFC_sans_bias27": {"write": {"device_start": -1, "host_queued_start": 1585624907.425912, "device_queued": -1, "device_end": -1, "host_queued_end": 1585624907.443652}, "device": "cpu", "nd_range": {"device_start": 2292681.669199958, "device_end": 2292681.680624039}, "cmdq": 2, "read": {"device_start": -1, "device_end": -1}}, "FFC_sans_bias20": {"write": {"device_start": -1, "host_queued_start": 1585624907.424854, "device_queued": -1, "device_end": -1, "host_queued_end": 1585624907.443652}, "device": "cpu", "nd_range": {"device_start": 2292681.6538758203, "device_end": 2292681.662460523}, "cmdq": 1, "read": {"device_start": -1, "device_end": -1}}, "FFC_sans_bias22": {"write": {"device_start": -1, "host_queued_start": 1585624907.434708, "device_queued": -1, "device_end": -1, "host_queued_end": 1585624907.443652}, "device": "cpu", "nd_range": {"device_start": 2292681.6991722663, "device_end": 2292681.714423331}, "cmdq": 0, "read": {"device_start": -1, "device_end": -1}}, "FFC_sans_bias28": {"write": {"device_start": -1, "host_queued_start": 1585624907.427009, "device_queued": -1, "device_end": -1, "host_queued_end": 1585624907.443652}, "device": "cpu", "nd_range": {"device_start": 2292681.678491181, "device_end": 2292681.693333539}, "cmdq": 0, "read": {"device_start": -1, "device_end": -1}}, "FFC_sans_bias29": {"write": {"device_start": -1, "host_queued_start": 1585624907.428293, "device_queued": -1, "device_end": -1, "host_queued_end": 1585624907.443652}, "device": "cpu", "nd_range": {"device_start": 2292681.662575994, "device_end": 2292681.6776131503}, "cmdq": 1, "read": {"device_start": -1, "device_end": -1}}, "coalesced_transpose66": {"write": {"device_start": -1, "host_queued_start": 1585624907.393658, "device_queued": -1, "device_end": -1, "host_queued_end": 1585624907.40851}, "device": "gpu", "nd_range": {"device_start": 1585624840.9390948, "device_end": 1585624840.939113}, "cmdq": 0, "read": {"device_start": -1, "device_end": -1}}, "coalesced_transpose93": {"write": {"device_start": -1, "host_queued_start": 1585624907.394564, "device_queued": -1, "device_end": -1, "host_queued_end": 1585624907.40851}, "device": "gpu", "nd_range": {"device_start": 1585624840.9392216, "device_end": 1585624840.9396355}, "cmdq": 1, "read": {"device_start": -1, "device_end": -1}}, "softmax23": {"write": {"device_start": -1, "host_queued_start": 1585624907.436234, "device_queued": -1, "device_end": -1, "host_queued_end": 1585624907.443652}, "device": "cpu", "nd_range": {"device_start": 2292681.721763038, "device_end": 2292681.722871636}, "cmdq": 2, "read": {"device_start": -1, "device_end": -1}}, "empty62": {"write": {"device_start": 1585624840.9281647, "host_queued_start": 1585624907.366356, "device_queued": 1585624840.9280298, "device_end": 1585624840.9282303, "host_queued_end": 1585624907.40851}, "device": "gpu", "nd_range": {"device_start": 1585624840.9282362, "device_end": 1585624840.9282408}, "cmdq": 1, "read": {"device_start": -1, "device_end": -1}}, "FFC_sans_bias10": {"write": {"device_start": -1, "host_queued_start": 1585624907.420481, "device_queued": -1, "device_end": -1, "host_queued_end": 1585624907.443652}, "device": "cpu", "nd_range": {"device_start": 2292681.6484019253, "device_end": 2292681.6674176482}, "cmdq": 0, "read": {"device_start": -1, "device_end": -1}}, "FFC_sans_bias13": {"write": {"device_start": -1, "host_queued_start": 1585624907.434355, "device_queued": -1, "device_end": -1, "host_queued_end": 1585624907.443652}, "device": "cpu", "nd_range": {"device_start": 2292681.6994842202, "device_end": 2292681.7138381223}, "cmdq": 2, "read": {"device_start": -1, "device_end": -1}}, "FFC_sans_bias15": {"write": {"device_start": -1, "host_queued_start": 1585624907.437518, "device_queued": -1, "device_end": -1, "host_queued_end": 1585624907.443652}, "device": "cpu", "nd_range": {"device_start": 2292681.718067332, "device_end": 2292681.7288940023}, "cmdq": 0, "read": {"device_start": -1, "device_end": -1}}, "FFC_sans_bias16": {"write": {"device_start": -1, "host_queued_start": 1585624907.440609, "device_queued": -1, "device_end": -1, "host_queued_end": 1585624907.443652}, "device": "cpu", "nd_range": {"device_start": 2292681.7454590714, "device_end": 2292681.757793536}, "cmdq": 2, "read": {"device_start": -1, "device_end": -1}}, "FFC_sans_bias19": {"write": {"device_start": -1, "host_queued_start": 1585624907.423784, "device_queued": -1, "device_end": -1, "host_queued_end": 1585624907.443652}, "device": "cpu", "nd_range": {"device_start": 2292681.671343124, "device_end": 2292681.678482009}, "cmdq": 0, "read": {"device_start": -1, "device_end": -1}}, "FFC_sans_bias18": {"write": {"device_start": -1, "host_queued_start": 1585624907.422724, "device_queued": -1, "device_end": -1, "host_queued_end": 1585624907.443652}, "device": "cpu", "nd_range": {"device_start": 2292681.6567444373, "device_end": 2292681.6690829704}, "cmdq": 2, "read": {"device_start": -1, "device_end": -1}}, "FFC_sans_bias99": {"write": {"device_start": 1585624840.9374301, "host_queued_start": 1585624907.390631, "device_queued": 1585624840.9302883, "device_end": 1585624840.9374638, "host_queued_end": 1585624907.40851}, "device": "gpu", "nd_range": {"device_start": 1585624840.9374697, "device_end": 1585624840.938274}, "cmdq": 1, "read": {"device_start": -1, "device_end": -1}}, "FFC_sans_bias91": {"write": {"device_start": 1585624840.9364188, "host_queued_start": 1585624907.388537, "device_queued": 1585624840.930125, "device_end": 1585624840.9364467, "host_queued_end": 1585624907.40851}, "device": "gpu", "nd_range": {"device_start": 1585624840.9364512, "device_end": 1585624840.937297}, "cmdq": 1, "read": {"device_start": -1, "device_end": -1}}, "FFC_sans_bias90": {"write": {"device_start": 1585624840.935926, "host_queued_start": 1585624907.387494, "device_queued": 1585624840.930079, "device_end": 1585624840.935951, "host_queued_end": 1585624907.40851}, "device": "gpu", "nd_range": {"device_start": 1585624840.9359546, "device_end": 1585624840.9367728}, "cmdq": 0, "read": {"device_start": -1, "device_end": -1}}, "coalesced_transpose12": {"write": {"device_start": -1, "host_queued_start": 1585624907.432665, "device_queued": -1, "device_end": -1, "host_queued_end": 1585624907.443652}, "device": "cpu", "nd_range": {"device_start": 2292681.698471444, "device_end": 2292681.698718038}, "cmdq": 0, "read": {"device_start": -1, "device_end": -1}}, "FFC_sans_bias94": {"write": {"device_start": -1, "host_queued_start": 1585624907.396779, "device_queued": -1, "device_end": -1, "host_queued_end": 1585624907.40851}, "device": "gpu", "nd_range": {"device_start": 1585624840.9408088, "device_end": 1585624840.941732}, "cmdq": 0, "read": {"device_start": -1, "device_end": -1}}, "FFC_sans_bias97": {"write": {"device_start": 1585624840.9494102, "host_queued_start": 1585624907.40736, "device_queued": 1585624840.9328673, "device_end": 1585624840.9494436, "host_queued_end": 1585624907.40851}, "device": "gpu", "nd_range": {"device_start": 1585624840.9494548, "device_end": 1585624840.9500875}, "cmdq": 1, "read": {"device_start": 1585624840.9500926, "device_end": 1585624840.9501154}}, "FFC_sans_bias96": {"write": {"device_start": -1, "host_queued_start": 1585624907.400748, "device_queued": -1, "device_end": -1, "host_queued_end": 1585624907.40851}, "device": "gpu", "nd_range": {"device_start": 1585624840.9448721, "device_end": 1585624840.945817}, "cmdq": 0, "read": {"device_start": -1, "device_end": -1}}, "softmax32": {"write": {"device_start": -1, "host_queued_start": 1585624907.436527, "device_queued": -1, "device_end": -1, "host_queued_end": 1585624907.443652}, "device": "cpu", "nd_range": {"device_start": 2292681.7177476333, "device_end": 2292681.717957477}, "cmdq": 0, "read": {"device_start": -1, "device_end": -1}}, "coalesced_transpose84": {"write": {"device_start": -1, "host_queued_start": 1585624907.394264, "device_queued": -1, "device_end": -1, "host_queued_end": 1585624907.40851}, "device": "gpu", "nd_range": {"device_start": 1585624840.9391153, "device_end": 1585624840.939132}, "cmdq": 0, "read": {"device_start": -1, "device_end": -1}}, "empty98": {"write": {"device_start": 1585624840.92862, "host_queued_start": 1585624907.369686, "device_queued": 1585624840.9283385, "device_end": 1585624840.928695, "host_queued_end": 1585624907.40851}, "device": "gpu", "nd_range": {"device_start": 1585624840.928703, "device_end": 1585624840.9287071}, "cmdq": 1, "read": {"device_start": -1, "device_end": -1}}, "empty107": {"write": {"device_start": 1585624840.928728, "host_queued_start": 1585624907.370504, "device_queued": 1585624840.9283726, "device_end": 1585624840.928791, "host_queued_end": 1585624907.40851}, "device": "gpu", "nd_range": {"device_start": 1585624840.9287968, "device_end": 1585624840.9288034}, "cmdq": 0, "read": {"device_start": -1, "device_end": -1}}, "empty17": {"write": {"device_start": -1, "host_queued_start": 1585624907.411365, "device_queued": -1, "device_end": -1, "host_queued_end": 1585624907.443652}, "device": "cpu", "nd_range": {"device_start": 2292681.633253367, "device_end": 2292681.633261686}, "cmdq": 1, "read": {"device_start": -1, "device_end": -1}}, "FFC_sans_bias87": {"write": {"device_start": -1, "host_queued_start": 1585624907.400435, "device_queued": -1, "device_end": -1, "host_queued_end": 1585624907.40851}, "device": "gpu", "nd_range": {"device_start": 1585624840.9452996, "device_end": 1585624840.9462664}, "cmdq": 1, "read": {"device_start": -1, "device_end": -1}}, "FFC_sans_bias85": {"write": {"device_start": -1, "host_queued_start": 1585624907.396453, "device_queued": -1, "device_end": -1, "host_queued_end": 1585624907.40851}, "device": "gpu", "nd_range": {"device_start": 1585624840.9412584, "device_end": 1585624840.9422066}, "cmdq": 1, "read": {"device_start": -1, "device_end": -1}}, "FFC_sans_bias82": {"write": {"device_start": 1585624840.9349613, "host_queued_start": 1585624907.385362, "device_queued": 1585624840.9298806, "device_end": 1585624840.9349873, "host_queued_end": 1585624907.40851}, "device": "gpu", "nd_range": {"device_start": 1585624840.9349933, "device_end": 1585624840.9358108}, "cmdq": 0, "read": {"device_start": -1, "device_end": -1}}, "FFC_sans_bias83": {"write": {"device_start": 1585624840.9354193, "host_queued_start": 1585624907.386406, "device_queued": 1585624840.9299107, "device_end": 1585624840.9354444, "host_queued_end": 1585624907.40851}, "device": "gpu", "nd_range": {"device_start": 1585624840.9354494, "device_end": 1585624840.9363027}, "cmdq": 1, "read": {"device_start": -1, "device_end": -1}}, "FFC_sans_bias81": {"write": {"device_start": 1585624840.9344885, "host_queued_start": 1585624907.384306, "device_queued": 1585624840.9297578, "device_end": 1585624840.9345145, "host_queued_end": 1585624907.40851}, "device": "gpu", "nd_range": {"device_start": 1585624840.9345205, "device_end": 1585624840.9353282}, "cmdq": 1, "read": {"device_start": -1, "device_end": -1}}, "FFC_sans_bias88": {"write": {"device_start": 1585624840.9479587, "host_queued_start": 1585624907.406311, "device_queued": 1585624840.9328156, "device_end": 1585624840.9479847, "host_queued_end": 1585624907.40851}, "device": "gpu", "nd_range": {"device_start": 1585624840.9480026, "device_end": 1585624840.9487028}, "cmdq": 0, "read": {"device_start": 1585624840.948712, "device_end": 1585624840.948737}}, "coalesced_transpose30": {"write": {"device_start": -1, "host_queued_start": 1585624907.433333, "device_queued": -1, "device_end": -1, "host_queued_end": 1585624907.443652}, "device": "cpu", "nd_range": {"device_start": 2292681.694792842, "device_end": 2292681.69503028}, "cmdq": 2, "read": {"device_start": -1, "device_end": -1}}, "coalesced_transpose39": {"write": {"device_start": -1, "host_queued_start": 1585624907.433662, "device_queued": -1, "device_end": -1, "host_queued_end": 1585624907.443652}, "device": "cpu", "nd_range": {"device_start": 2292681.6988306274, "device_end": 2292681.699065003}, "cmdq": 0, "read": {"device_start": -1, "device_end": -1}}, "FFC_sans_bias79": {"write": {"device_start": 1585624840.9484668, "host_queued_start": 1585624907.40527, "device_queued": 1585624840.932584, "device_end": 1585624840.9484985, "host_queued_end": 1585624907.40851}, "device": "gpu", "nd_range": {"device_start": 1585624840.9485154, "device_end": 1585624840.9491832}, "cmdq": 1, "read": {"device_start": 1585624840.9491901, "device_end": 1585624840.9492152}}, "FFC_sans_bias78": {"write": {"device_start": -1, "host_queued_start": 1585624907.400125, "device_queued": -1, "device_end": -1, "host_queued_end": 1585624907.40851}, "device": "gpu", "nd_range": {"device_start": 1585624840.9438915, "device_end": 1585624840.9448624}, "cmdq": 0, "read": {"device_start": -1, "device_end": -1}}, "FFC_sans_bias73": {"write": {"device_start": 1585624840.9335184, "host_queued_start": 1585624907.382044, "device_queued": 1585624840.9295201, "device_end": 1585624840.9335434, "host_queued_end": 1585624907.40851}, "device": "gpu", "nd_range": {"device_start": 1585624840.9335473, "device_end": 1585624840.9343746}, "cmdq": 1, "read": {"device_start": -1, "device_end": -1}}, "FFC_sans_bias72": {"write": {"device_start": 1585624840.9330382, "host_queued_start": 1585624907.381013, "device_queued": 1585624840.9294808, "device_end": 1585624840.9330647, "host_queued_end": 1585624907.40851}, "device": "gpu", "nd_range": {"device_start": 1585624840.9330702, "device_end": 1585624840.9339004}, "cmdq": 0, "read": {"device_start": -1, "device_end": -1}}, "FFC_sans_bias70": {"write": {"device_start": 1585624840.947044, "host_queued_start": 1585624907.40422, "device_queued": 1585624840.9325314, "device_end": 1585624840.9470756, "host_queued_end": 1585624907.40851}, "device": "gpu", "nd_range": {"device_start": 1585624840.9470942, "device_end": 1585624840.9477162}, "cmdq": 0, "read": {"device_start": 1585624840.9477239, "device_end": 1585624840.9477487}}, "FFC_sans_bias76": {"write": {"device_start": -1, "host_queued_start": 1585624907.396136, "device_queued": -1, "device_end": -1, "host_queued_end": 1585624907.40851}, "device": "gpu", "nd_range": {"device_start": 1585624840.9398353, "device_end": 1585624840.9407969}, "cmdq": 0, "read": {"device_start": -1, "device_end": -1}}, "FFC_sans_bias74": {"write": {"device_start": 1585624840.9340124, "host_queued_start": 1585624907.383113, "device_queued": 1585624840.9297206, "device_end": 1585624840.934039, "host_queued_end": 1585624907.40851}, "device": "gpu", "nd_range": {"device_start": 1585624840.9340436, "device_end": 1585624840.9348679}, "cmdq": 0, "read": {"device_start": -1, "device_end": -1}}, "coalesced_transpose102": {"write": {"device_start": -1, "host_queued_start": 1585624907.394869, "device_queued": -1, "device_end": -1, "host_queued_end": 1585624907.40851}, "device": "gpu", "nd_range": {"device_start": 1585624840.9391336, "device_end": 1585624840.939147}, "cmdq": 0, "read": {"device_start": -1, "device_end": -1}}, "coalesced_transpose3": {"write": {"device_start": -1, "host_queued_start": 1585624907.432331, "device_queued": -1, "device_end": -1, "host_queued_end": 1585624907.443652}, "device": "cpu", "nd_range": {"device_start": 2292681.694424466, "device_end": 2292681.694675251}, "cmdq": 2, "read": {"device_start": -1, "device_end": -1}}, "empty89": {"write": {"device_start": 1585624840.9284918, "host_queued_start": 1585624907.368877, "device_queued": 1585624840.9282904, "device_end": 1585624840.928517, "host_queued_end": 1585624907.40851}, "device": "gpu", "nd_range": {"device_start": 1585624840.9285204, "device_end": 1585624840.928524}, "cmdq": 0, "read": {"device_start": -1, "device_end": -1}}, "empty80": {"write": {"device_start": 1585624840.9284053, "host_queued_start": 1585624907.368065, "device_queued": 1585624840.928119, "device_end": 1585624840.9284832, "host_queued_end": 1585624907.40851}, "device": "gpu", "nd_range": {"device_start": 1585624840.928492, "device_end": 1585624840.9285061}, "cmdq": 1, "read": {"device_start": -1, "device_end": -1}}, "softmax104": {"write": {"device_start": -1, "host_queued_start": 1585624907.39886, "device_queued": -1, "device_end": -1, "host_queued_end": 1585624907.40851}, "device": "gpu", "nd_range": {"device_start": 1585624840.9430594, "device_end": 1585624840.9432669}, "cmdq": 0, "read": {"device_start": -1, "device_end": -1}}, "coalesced_transpose21": {"write": {"device_start": -1, "host_queued_start": 1585624907.432997, "device_queued": -1, "device_end": -1, "host_queued_end": 1585624907.443652}, "device": "cpu", "nd_range": {"device_start": 2292681.692136793, "device_end": 2292681.692376817}, "cmdq": 1, "read": {"device_start": -1, "device_end": -1}}, "softmax14": {"write": {"device_start": -1, "host_queued_start": 1585624907.435958, "device_queued": -1, "device_end": -1, "host_queued_end": 1585624907.443652}, "device": "cpu", "nd_range": {"device_start": 2292681.716795815, "device_end": 2292681.7170088473}, "cmdq": 1, "read": {"device_start": -1, "device_end": -1}}, "FFC_sans_bias69": {"write": {"device_start": -1, "host_queued_start": 1585624907.399809, "device_queued": -1, "device_end": -1, "host_queued_end": 1585624907.40851}, "device": "gpu", "nd_range": {"device_start": 1585624840.9442987, "device_end": 1585624840.9452891}, "cmdq": 1, "read": {"device_start": -1, "device_end": -1}}, "FFC_sans_bias92": {"write": {"device_start": 1585624840.9368913, "host_queued_start": 1585624907.389583, "device_queued": 1585624840.930258, "device_end": 1585624840.9369202, "host_queued_end": 1585624907.40851}, "device": "gpu", "nd_range": {"device_start": 1585624840.9369247, "device_end": 1585624840.9377382}, "cmdq": 0, "read": {"device_start": -1, "device_end": -1}}, "FFC_sans_bias60": {"write": {"device_start": -1, "host_queued_start": 1585624907.399492, "device_queued": -1, "device_end": -1, "host_queued_end": 1585624907.40851}, "device": "gpu", "nd_range": {"device_start": 1585624840.9432766, "device_end": 1585624840.9438813}, "cmdq": 0, "read": {"device_start": -1, "device_end": -1}}, "FFC_sans_bias61": {"write": {"device_start": 1585624840.9474034, "host_queued_start": 1585624907.403166, "device_queued": 1585624840.932304, "device_end": 1585624840.9474354, "host_queued_end": 1585624907.40851}, "device": "gpu", "nd_range": {"device_start": 1585624840.9474554, "device_end": 1585624840.948236}, "cmdq": 1, "read": {"device_start": 1585624840.948246, "device_end": 1585624840.9482727}}, "FFC_sans_bias63": {"write": {"device_start": 1585624840.9325795, "host_queued_start": 1585624907.379969, "device_queued": 1585624840.9293032, "device_end": 1585624840.9326055, "host_queued_end": 1585624907.40851}, "device": "gpu", "nd_range": {"device_start": 1585624840.9326181, "device_end": 1585624840.9334154}, "cmdq": 1, "read": {"device_start": -1, "device_end": -1}}, "FFC_sans_bias64": {"write": {"device_start": 1585624840.9316359, "host_queued_start": 1585624907.377853, "device_queued": 1585624840.9290988, "device_end": 1585624840.9316673, "host_queued_end": 1585624907.40851}, "device": "gpu", "nd_range": {"device_start": 1585624840.931672, "device_end": 1585624840.932448}, "cmdq": 1, "read": {"device_start": -1, "device_end": -1}}, "FFC_sans_bias65": {"write": {"device_start": 1585624840.9320533, "host_queued_start": 1585624907.378935, "device_queued": 1585624840.9292657, "device_end": 1585624840.9320867, "host_queued_end": 1585624907.40851}, "device": "gpu", "nd_range": {"device_start": 1585624840.932091, "device_end": 1585624840.9329164}, "cmdq": 0, "read": {"device_start": -1, "device_end": -1}}, "FFC_sans_bias67": {"write": {"device_start": -1, "host_queued_start": 1585624907.395809, "device_queued": -1, "device_end": -1, "host_queued_end": 1585624907.40851}, "device": "gpu", "nd_range": {"device_start": 1585624840.9402647, "device_end": 1585624840.9412465}, "cmdq": 1, "read": {"device_start": -1, "device_end": -1}}, "softmax68": {"write": {"device_start": -1, "host_queued_start": 1585624907.397842, "device_queued": -1, "device_end": -1, "host_queued_end": 1585624907.40851}, "device": "gpu", "nd_range": {"device_start": 1585624840.9422874, "device_end": 1585624840.9428332}, "cmdq": 0, "read": {"device_start": -1, "device_end": -1}}, "empty35": {"write": {"device_start": -1, "host_queued_start": 1585624907.413509, "device_queued": -1, "device_end": -1, "host_queued_end": 1585624907.443652}, "device": "cpu", "nd_range": {"device_start": 2292681.6332833283, "device_end": 2292681.6332844472}, "cmdq": 0, "read": {"device_start": -1, "device_end": -1}}, "softmax86": {"write": {"device_start": -1, "host_queued_start": 1585624907.398335, "device_queued": -1, "device_end": -1, "host_queued_end": 1585624907.40851}, "device": "gpu", "nd_range": {"device_start": 1585624840.9428446, "device_end": 1585624840.943049}, "cmdq": 0, "read": {"device_start": -1, "device_end": -1}}, "FFC_sans_bias55": {"write": {"device_start": 1585624840.93109, "host_queued_start": 1585624907.376797, "device_queued": 1585624840.9290597, "device_end": 1585624840.931122, "host_queued_end": 1585624907.40851}, "device": "gpu", "nd_range": {"device_start": 1585624840.9311264, "device_end": 1585624840.9319162}, "cmdq": 0, "read": {"device_start": -1, "device_end": -1}}, "FFC_sans_bias54": {"write": {"device_start": 1585624840.9307003, "host_queued_start": 1585624907.375732, "device_queued": 1585624840.9288707, "device_end": 1585624840.9307327, "host_queued_end": 1585624907.40851}, "device": "gpu", "nd_range": {"device_start": 1585624840.9307363, "device_end": 1585624840.9314928}, "cmdq": 1, "read": {"device_start": -1, "device_end": -1}}, "FFC_sans_bias56": {"write": {"device_start": 1585624840.9300697, "host_queued_start": 1585624907.37469, "device_queued": 1585624840.9288251, "device_end": 1585624840.9300957, "host_queued_end": 1585624907.40851}, "device": "gpu", "nd_range": {"device_start": 1585624840.9300995, "device_end": 1585624840.9309492}, "cmdq": 0, "read": {"device_start": -1, "device_end": -1}}, "FFC_sans_bias51": {"write": {"device_start": -1, "host_queued_start": 1585624907.399169, "device_queued": -1, "device_end": -1, "host_queued_end": 1585624907.40851}, "device": "gpu", "nd_range": {"device_start": 1585624840.943652, "device_end": 1585624840.9442892}, "cmdq": 1, "read": {"device_start": -1, "device_end": -1}}, "FFC_sans_bias52": {"write": {"device_start": 1585624840.9460287, "host_queued_start": 1585624907.4021, "device_queued": 1585624840.9322505, "device_end": 1585624840.9460611, "host_queued_end": 1585624907.40851}, "device": "gpu", "nd_range": {"device_start": 1585624840.9460804, "device_end": 1585624840.9467688}, "cmdq": 0, "read": {"device_start": 1585624840.946775, "device_end": 1585624840.9468079}}, "FFC_sans_bias58": {"write": {"device_start": -1, "host_queued_start": 1585624907.395499, "device_queued": -1, "device_end": -1, "host_queued_end": 1585624907.40851}, "device": "gpu", "nd_range": {"device_start": 1585624840.9392157, "device_end": 1585624840.939823}, "cmdq": 0, "read": {"device_start": -1, "device_end": -1}}, "FFC_sans_bias103": {"write": {"device_start": -1, "host_queued_start": 1585624907.397098, "device_queued": -1, "device_end": -1, "host_queued_end": 1585624907.40851}, "device": "gpu", "nd_range": {"device_start": 1585624840.9422183, "device_end": 1585624840.9428189}, "cmdq": 1, "read": {"device_start": -1, "device_end": -1}}, "FFC_sans_bias100": {"write": {"device_start": 1585624840.9378579, "host_queued_start": 1585624907.391673, "device_queued": 1585624840.9304295, "device_end": 1585624840.9378831, "host_queued_end": 1585624907.40851}, "device": "gpu", "nd_range": {"device_start": 1585624840.9378896, "device_end": 1585624840.938713}, "cmdq": 0, "read": {"device_start": -1, "device_end": -1}}, "FFC_sans_bias101": {"write": {"device_start": 1585624840.9383914, "host_queued_start": 1585624907.392716, "device_queued": 1585624840.930469, "device_end": 1585624840.9384174, "host_queued_end": 1585624907.40851}, "device": "gpu", "nd_range": {"device_start": 1585624840.9384224, "device_end": 1585624840.9391842}, "cmdq": 1, "read": {"device_start": -1, "device_end": -1}}, "FFC_sans_bias106": {"write": {"device_start": 1585624840.9489086, "host_queued_start": 1585624907.40841, "device_queued": 1585624840.9330964, "device_end": 1585624840.9489408, "host_queued_end": 1585624907.40851}, "device": "gpu", "nd_range": {"device_start": 1585624840.9489505, "device_end": 1585624840.9496589}, "cmdq": 0, "read": {"device_start": 1585624840.9502246, "device_end": 1585624840.9502537}}, "FFC_sans_bias105": {"write": {"device_start": -1, "host_queued_start": 1585624907.401064, "device_queued": -1, "device_end": -1, "host_queued_end": 1585624907.40851}, "device": "gpu", "nd_range": {"device_start": 1585624840.9462764, "device_end": 1585624840.947256}, "cmdq": 1, "read": {"device_start": -1, "device_end": -1}}, "softmax95": {"write": {"device_start": -1, "host_queued_start": 1585624907.398592, "device_queued": -1, "device_end": -1, "host_queued_end": 1585624907.40851}, "device": "gpu", "nd_range": {"device_start": 1585624840.9432633, "device_end": 1585624840.9436412}, "cmdq": 1, "read": {"device_start": -1, "device_end": -1}}, "coalesced_transpose57": {"write": {"device_start": -1, "host_queued_start": 1585624907.393353, "device_queued": -1, "device_end": -1, "host_queued_end": 1585624907.40851}, "device": "gpu", "nd_range": {"device_start": 1585624840.9391885, "device_end": 1585624840.9391985}, "cmdq": 1, "read": {"device_start": -1, "device_end": -1}}, "empty26": {"write": {"device_start": -1, "host_queued_start": 1585624907.412443, "device_queued": -1, "device_end": -1, "host_queued_end": 1585624907.443652}, "device": "cpu", "nd_range": {"device_start": 2292681.633291455, "device_end": 2292681.6332964953}, "cmdq": 2, "read": {"device_start": -1, "device_end": -1}}, "FFC_sans_bias11": {"write": {"device_start": -1, "host_queued_start": 1585624907.421601, "device_queued": -1, "device_end": -1, "host_queued_end": 1585624907.443652}, "device": "cpu", "nd_range": {"device_start": 2292681.645133134, "device_end": 2292681.6537499013}, "cmdq": 1, "read": {"device_start": -1, "device_end": -1}}, "FFC_sans_bias42": {"write": {"device_start": -1, "host_queued_start": 1585624907.438551, "device_queued": -1, "device_end": -1, "host_queued_end": 1585624907.443652}, "device": "cpu", "nd_range": {"device_start": 2292681.728902689, "device_end": 2292681.7455414883}, "cmdq": 0, "read": {"device_start": -1, "device_end": -1}}, "FFC_sans_bias43": {"write": {"device_start": -1, "host_queued_start": 1585624907.443608, "device_queued": -1, "device_end": -1, "host_queued_end": 1585624907.443652}, "device": "cpu", "nd_range": {"device_start": 2292681.757797835, "device_end": 2292681.7643147213}, "cmdq": 2, "read": {"device_start": -1, "device_end": -1}}, "FFC_sans_bias40": {"write": {"device_start": -1, "host_queued_start": 1585624907.435404, "device_queued": -1, "device_end": -1, "host_queued_end": 1585624907.443652}, "device": "cpu", "nd_range": {"device_start": 2292681.713964065, "device_end": 2292681.7216496863}, "cmdq": 2, "read": {"device_start": -1, "device_end": -1}}, "FFC_sans_bias46": {"write": {"device_start": 1585624840.928936, "host_queued_start": 1585624907.372553, "device_queued": 1585624840.928601, "device_end": 1585624840.9289618, "host_queued_end": 1585624907.40851}, "device": "gpu", "nd_range": {"device_start": 1585624840.9289644, "device_end": 1585624840.9299486}, "cmdq": 0, "read": {"device_start": -1, "device_end": -1}}, "FFC_sans_bias47": {"write": {"device_start": 1585624840.9296515, "host_queued_start": 1585624907.373604, "device_queued": 1585624840.9286509, "device_end": 1585624840.9296784, "host_queued_end": 1585624907.40851}, "device": "gpu", "nd_range": {"device_start": 1585624840.9296815, "device_end": 1585624840.9305265}, "cmdq": 1, "read": {"device_start": -1, "device_end": -1}}, "FFC_sans_bias45": {"write": {"device_start": 1585624840.9288523, "host_queued_start": 1585624907.371499, "device_queued": 1585624840.9284003, "device_end": 1585624840.9289334, "host_queued_end": 1585624907.40851}, "device": "gpu", "nd_range": {"device_start": 1585624840.9289382, "device_end": 1585624840.9295535}, "cmdq": 1, "read": {"device_start": -1, "device_end": -1}}, "FFC_sans_bias49": {"write": {"device_start": -1, "host_queued_start": 1585624907.395183, "device_queued": -1, "device_end": -1, "host_queued_end": 1585624907.40851}, "device": "gpu", "nd_range": {"device_start": 1585624840.9396477, "device_end": 1585624840.940253}, "cmdq": 1, "read": {"device_start": -1, "device_end": -1}}, "softmax77": {"write": {"device_start": -1, "host_queued_start": 1585624907.398088, "device_queued": -1, "device_end": -1, "host_queued_end": 1585624907.40851}, "device": "gpu", "nd_range": {"device_start": 1585624840.9430463, "device_end": 1585624840.9432526}, "cmdq": 1, "read": {"device_start": -1, "device_end": -1}}, "softmax5": {"write": {"device_start": -1, "host_queued_start": 1585624907.435682, "device_queued": -1, "device_end": -1, "host_queued_end": 1585624907.443652}, "device": "cpu", "nd_range": {"device_start": 2292681.714536533, "device_end": 2292681.71475934}, "cmdq": 0, "read": {"device_start": -1, "device_end": -1}}, "empty53": {"write": {"device_start": 1585624840.9280345, "host_queued_start": 1585624907.365308, "device_queued": 1585624840.9279032, "device_end": 1585624840.9281065, "host_queued_end": 1585624907.40851}, "device": "gpu", "nd_range": {"device_start": 1585624840.9281104, "device_end": 1585624840.928117}, "cmdq": 0, "read": {"device_start": -1, "device_end": -1}}, "coalesced_transpose48": {"write": {"device_start": -1, "host_queued_start": 1585624907.393047, "device_queued": -1, "device_end": -1, "host_queued_end": 1585624907.40851}, "device": "gpu", "nd_range": {"device_start": 1585624840.9387164, "device_end": 1585624840.9390905}, "cmdq": 0, "read": {"device_start": -1, "device_end": -1}}}