{"FFC_sans_bias4": {"write": {"device_start": -1, "host_queued_start": 1585625239.403839, "device_queued": -1, "device_end": -1, "host_queued_end": 1585625239.408063}, "device": "cpu", "nd_range": {"device_start": 2293013.620717449, "device_end": 2293013.635242973}, "cmdq": 0, "read": {"device_start": -1, "device_end": -1}}, "FFC_sans_bias7": {"write": {"device_start": -1, "host_queued_start": 1585625239.407017, "device_queued": -1, "device_end": -1, "host_queued_end": 1585625239.408063}, "device": "cpu", "nd_range": {"device_start": 2293013.643309895, "device_end": 2293013.650088327}, "cmdq": 0, "read": {"device_start": -1, "device_end": -1}}, "FFC_sans_bias6": {"write": {"device_start": -1, "host_queued_start": 1585625239.405363, "device_queued": -1, "device_end": -1, "host_queued_end": 1585625239.408063}, "device": "cpu", "nd_range": {"device_start": 2293013.635673137, "device_end": 2293013.6433020663}, "cmdq": 0, "read": {"device_start": -1, "device_end": -1}}, "FFC_sans_bias1": {"write": {"device_start": -1, "host_queued_start": 1585625239.397382, "device_queued": -1, "device_end": -1, "host_queued_end": 1585625239.408063}, "device": "cpu", "nd_range": {"device_start": 2293013.597686896, "device_end": 2293013.605918684}, "cmdq": 1, "read": {"device_start": -1, "device_end": -1}}, "FFC_sans_bias0": {"write": {"device_start": -1, "host_queued_start": 1585625239.396018, "device_queued": -1, "device_end": -1, "host_queued_end": 1585625239.408063}, "device": "cpu", "nd_range": {"device_start": 2293013.597679582, "device_end": 2293013.605876896}, "cmdq": 0, "read": {"device_start": -1, "device_end": -1}}, "FFC_sans_bias2": {"write": {"device_start": -1, "host_queued_start": 1585625239.398746, "device_queued": -1, "device_end": -1, "host_queued_end": 1585625239.408063}, "device": "cpu", "nd_range": {"device_start": 2293013.6060254923, "device_end": 2293013.6141384253}, "cmdq": 0, "read": {"device_start": -1, "device_end": -1}}, "FFC_sans_bias9": {"write": {"device_start": -1, "host_queued_start": 1585625239.400082, "device_queued": -1, "device_end": -1, "host_queued_end": 1585625239.408063}, "device": "cpu", "nd_range": {"device_start": 2293013.6059348183, "device_end": 2293013.615635793}, "cmdq": 1, "read": {"device_start": -1, "device_end": -1}}, "empty71": {"write": {"device_start": 1585625172.9029176, "host_queued_start": 1585625239.333718, "device_queued": 1585625172.9027872, "device_end": 1585625172.9029841, "host_queued_end": 1585625239.391606}, "device": "gpu", "nd_range": {"device_start": 1585625172.9029927, "device_end": 1585625172.902999}, "cmdq": 1, "read": {"device_start": -1, "device_end": -1}}, "softmax41": {"write": {"device_start": -1, "host_queued_start": 1585625239.375908, "device_queued": -1, "device_end": -1, "host_queued_end": 1585625239.391606}, "device": "gpu", "nd_range": {"device_start": 1585625172.9225376, "device_end": 1585625172.923074}, "cmdq": 2, "read": {"device_start": -1, "device_end": -1}}, "FFC_sans_bias37": {"write": {"device_start": 1585625172.9055362, "host_queued_start": 1585625239.34561, "device_queued": 1585625172.904005, "device_end": 1585625172.905562, "host_queued_end": 1585625239.391606}, "device": "gpu", "nd_range": {"device_start": 1585625172.9055681, "device_end": 1585625172.9074237}, "cmdq": 1, "read": {"device_start": -1, "device_end": -1}}, "FFC_sans_bias36": {"write": {"device_start": 1585625172.90511, "host_queued_start": 1585625239.344524, "device_queued": 1585625172.9038432, "device_end": 1585625172.9051354, "host_queued_end": 1585625239.391606}, "device": "gpu", "nd_range": {"device_start": 1585625172.9051387, "device_end": 1585625172.9069648}, "cmdq": 0, "read": {"device_start": -1, "device_end": -1}}, "FFC_sans_bias34": {"write": {"device_start": 1585625172.9276376, "host_queued_start": 1585625239.383061, "device_queued": 1585625172.9084876, "device_end": 1585625172.9276638, "host_queued_end": 1585625239.391606}, "device": "gpu", "nd_range": {"device_start": 1585625172.927679, "device_end": 1585625172.9290159}, "cmdq": 1, "read": {"device_start": 1585625172.929028, "device_end": 1585625172.9290526}}, "FFC_sans_bias33": {"write": {"device_start": -1, "host_queued_start": 1585625239.378394, "device_queued": -1, "device_end": -1, "host_queued_end": 1585625239.391606}, "device": "gpu", "nd_range": {"device_start": 1585625172.9240515, "device_end": 1585625172.9251208}, "cmdq": 3, "read": {"device_start": -1, "device_end": -1}}, "FFC_sans_bias31": {"write": {"device_start": -1, "host_queued_start": 1585625239.372598, "device_queued": -1, "device_end": -1, "host_queued_end": 1585625239.391606}, "device": "gpu", "nd_range": {"device_start": 1585625172.919013, "device_end": 1585625172.9205935}, "cmdq": 3, "read": {"device_start": -1, "device_end": -1}}, "FFC_sans_bias38": {"write": {"device_start": 1585625172.9061165, "host_queued_start": 1585625239.346681, "device_queued": 1585625172.9040346, "device_end": 1585625172.9061477, "host_queued_end": 1585625239.391606}, "device": "gpu", "nd_range": {"device_start": 1585625172.9061549, "device_end": 1585625172.9079056}, "cmdq": 2, "read": {"device_start": -1, "device_end": -1}}, "coalesced_transpose75": {"write": {"device_start": -1, "host_queued_start": 1585625239.371049, "device_queued": -1, "device_end": -1, "host_queued_end": 1585625239.391606}, "device": "gpu", "nd_range": {"device_start": 1585625172.9179783, "device_end": 1585625172.9180274}, "cmdq": 2, "read": {"device_start": -1, "device_end": -1}}, "empty44": {"write": {"device_start": 1585625172.9026344, "host_queued_start": 1585625239.33121, "device_queued": 1585625172.9024465, "device_end": 1585625172.902715, "host_queued_end": 1585625239.391606}, "device": "gpu", "nd_range": {"device_start": 1585625172.9027185, "device_end": 1585625172.902724}, "cmdq": 2, "read": {"device_start": -1, "device_end": -1}}, "empty8": {"write": {"device_start": -1, "host_queued_start": 1585625239.39373, "device_queued": -1, "device_end": -1, "host_queued_end": 1585625239.408063}, "device": "cpu", "nd_range": {"device_start": 2293013.59765002, "device_end": 2293013.597657307}, "cmdq": 0, "read": {"device_start": -1, "device_end": -1}}, "softmax50": {"write": {"device_start": -1, "host_queued_start": 1585625239.376158, "device_queued": -1, "device_end": -1, "host_queued_end": 1585625239.391606}, "device": "gpu", "nd_range": {"device_start": 1585625172.922983, "device_end": 1585625172.923262}, "cmdq": 3, "read": {"device_start": -1, "device_end": -1}}, "softmax59": {"write": {"device_start": -1, "host_queued_start": 1585625239.376404, "device_queued": -1, "device_end": -1, "host_queued_end": 1585625239.391606}, "device": "gpu", "nd_range": {"device_start": 1585625172.9217641, "device_end": 1585625172.9228642}, "cmdq": 0, "read": {"device_start": -1, "device_end": -1}}, "FFC_sans_bias24": {"write": {"device_start": -1, "host_queued_start": 1585625239.378077, "device_queued": -1, "device_end": -1, "host_queued_end": 1585625239.391606}, "device": "gpu", "nd_range": {"device_start": 1585625172.9234648, "device_end": 1585625172.9241514}, "cmdq": 2, "read": {"device_start": -1, "device_end": -1}}, "FFC_sans_bias25": {"write": {"device_start": 1585625172.9247844, "host_queued_start": 1585625239.381997, "device_queued": 1585625172.9082937, "device_end": 1585625172.9248106, "host_queued_end": 1585625239.391606}, "device": "gpu", "nd_range": {"device_start": 1585625172.924826, "device_end": 1585625172.9266105}, "cmdq": 0, "read": {"device_start": 1585625172.9266171, "device_end": 1585625172.926645}}, "FFC_sans_bias27": {"write": {"device_start": 1585625172.9036727, "host_queued_start": 1585625239.341336, "device_queued": 1585625172.9035678, "device_end": 1585625172.9037042, "host_queued_end": 1585625239.391606}, "device": "gpu", "nd_range": {"device_start": 1585625172.9037092, "device_end": 1585625172.9054441}, "cmdq": 1, "read": {"device_start": -1, "device_end": -1}}, "FFC_sans_bias20": {"write": {"device_start": 1585625172.9035325, "host_queued_start": 1585625239.340225, "device_queued": 1585625172.903402, "device_end": 1585625172.9035578, "host_queued_end": 1585625239.391606}, "device": "gpu", "nd_range": {"device_start": 1585625172.9035623, "device_end": 1585625172.9050245}, "cmdq": 0, "read": {"device_start": -1, "device_end": -1}}, "FFC_sans_bias22": {"write": {"device_start": -1, "host_queued_start": 1585625239.372281, "device_queued": -1, "device_end": -1, "host_queued_end": 1585625239.391606}, "device": "gpu", "nd_range": {"device_start": 1585625172.9180841, "device_end": 1585625172.91908}, "cmdq": 2, "read": {"device_start": -1, "device_end": -1}}, "FFC_sans_bias28": {"write": {"device_start": 1585625172.904153, "host_queued_start": 1585625239.342372, "device_queued": 1585625172.9036124, "device_end": 1585625172.904177, "host_queued_end": 1585625239.391606}, "device": "gpu", "nd_range": {"device_start": 1585625172.904182, "device_end": 1585625172.9060068}, "cmdq": 2, "read": {"device_start": -1, "device_end": -1}}, "FFC_sans_bias29": {"write": {"device_start": 1585625172.904558, "host_queued_start": 1585625239.343461, "device_queued": 1585625172.9036298, "device_end": 1585625172.9045825, "host_queued_end": 1585625239.391606}, "device": "gpu", "nd_range": {"device_start": 1585625172.9045873, "device_end": 1585625172.9064372}, "cmdq": 3, "read": {"device_start": -1, "device_end": -1}}, "coalesced_transpose66": {"write": {"device_start": -1, "host_queued_start": 1585625239.370742, "device_queued": -1, "device_end": -1, "host_queued_end": 1585625239.391606}, "device": "gpu", "nd_range": {"device_start": 1585625172.9179597, "device_end": 1585625172.9180057}, "cmdq": 1, "read": {"device_start": -1, "device_end": -1}}, "coalesced_transpose93": {"write": {"device_start": -1, "host_queued_start": 1585625239.371667, "device_queued": -1, "device_end": -1, "host_queued_end": 1585625239.391606}, "device": "gpu", "nd_range": {"device_start": 1585625172.9180002, "device_end": 1585625172.918041}, "cmdq": 0, "read": {"device_start": -1, "device_end": -1}}, "softmax23": {"write": {"device_start": -1, "host_queued_start": 1585625239.375412, "device_queued": -1, "device_end": -1, "host_queued_end": 1585625239.391606}, "device": "gpu", "nd_range": {"device_start": 1585625172.9200974, "device_end": 1585625172.9217489}, "cmdq": 0, "read": {"device_start": -1, "device_end": -1}}, "empty62": {"write": {"device_start": 1585625172.9028249, "host_queued_start": 1585625239.332899, "device_queued": 1585625172.9027278, "device_end": 1585625172.9029055, "host_queued_end": 1585625239.391606}, "device": "gpu", "nd_range": {"device_start": 1585625172.9029148, "device_end": 1585625172.9029293}, "cmdq": 0, "read": {"device_start": -1, "device_end": -1}}, "FFC_sans_bias10": {"write": {"device_start": -1, "host_queued_start": 1585625239.401283, "device_queued": -1, "device_end": -1, "host_queued_end": 1585625239.408063}, "device": "cpu", "nd_range": {"device_start": 2293013.614149705, "device_end": 2293013.619375986}, "cmdq": 0, "read": {"device_start": -1, "device_end": -1}}, "FFC_sans_bias13": {"write": {"device_start": -1, "host_queued_start": 1585625239.404228, "device_queued": -1, "device_end": -1, "host_queued_end": 1585625239.408063}, "device": "cpu", "nd_range": {"device_start": 2293013.624338029, "device_end": 2293013.63199301}, "cmdq": 1, "read": {"device_start": -1, "device_end": -1}}, "FFC_sans_bias15": {"write": {"device_start": -1, "host_queued_start": 1585625239.405833, "device_queued": -1, "device_end": -1, "host_queued_end": 1585625239.408063}, "device": "cpu", "nd_range": {"device_start": 2293013.6322397334, "device_end": 2293013.639179326}, "cmdq": 1, "read": {"device_start": -1, "device_end": -1}}, "FFC_sans_bias16": {"write": {"device_start": -1, "host_queued_start": 1585625239.408019, "device_queued": -1, "device_end": -1, "host_queued_end": 1585625239.408063}, "device": "cpu", "nd_range": {"device_start": 2293013.639296526, "device_end": 2293013.6479603723}, "cmdq": 1, "read": {"device_start": -1, "device_end": -1}}, "FFC_sans_bias19": {"write": {"device_start": 1585625172.9034443, "host_queued_start": 1585625239.339173, "device_queued": 1585625172.9031687, "device_end": 1585625172.9035096, "host_queued_end": 1585625239.391606}, "device": "gpu", "nd_range": {"device_start": 1585625172.9035158, "device_end": 1585625172.904457}, "cmdq": 3, "read": {"device_start": -1, "device_end": -1}}, "FFC_sans_bias18": {"write": {"device_start": 1585625172.903355, "host_queued_start": 1585625239.338091, "device_queued": 1585625172.9031508, "device_end": 1585625172.9034383, "host_queued_end": 1585625239.391606}, "device": "gpu", "nd_range": {"device_start": 1585625172.9034424, "device_end": 1585625172.9040463}, "cmdq": 2, "read": {"device_start": -1, "device_end": -1}}, "FFC_sans_bias99": {"write": {"device_start": 1585625172.9152884, "host_queued_start": 1585625239.366772, "device_queued": 1585625172.9058604, "device_end": 1585625172.9153206, "host_queued_end": 1585625239.391606}, "device": "gpu", "nd_range": {"device_start": 1585625172.9153297, "device_end": 1585625172.9171002}, "cmdq": 1, "read": {"device_start": -1, "device_end": -1}}, "FFC_sans_bias91": {"write": {"device_start": 1585625172.914299, "host_queued_start": 1585625239.364645, "device_queued": 1585625172.9055471, "device_end": 1585625172.9143245, "host_queued_end": 1585625239.391606}, "device": "gpu", "nd_range": {"device_start": 1585625172.914331, "device_end": 1585625172.9161305}, "cmdq": 3, "read": {"device_start": -1, "device_end": -1}}, "FFC_sans_bias90": {"write": {"device_start": 1585625172.9138093, "host_queued_start": 1585625239.363598, "device_queued": 1585625172.9055295, "device_end": 1585625172.9138427, "host_queued_end": 1585625239.391606}, "device": "gpu", "nd_range": {"device_start": 1585625172.9138494, "device_end": 1585625172.9156096}, "cmdq": 2, "read": {"device_start": -1, "device_end": -1}}, "coalesced_transpose12": {"write": {"device_start": -1, "host_queued_start": 1585625239.403413, "device_queued": -1, "device_end": -1, "host_queued_end": 1585625239.408063}, "device": "cpu", "nd_range": {"device_start": 2293013.624096419, "device_end": 2293013.6243305122}, "cmdq": 1, "read": {"device_start": -1, "device_end": -1}}, "FFC_sans_bias94": {"write": {"device_start": -1, "host_queued_start": 1585625239.374843, "device_queued": -1, "device_end": -1, "host_queued_end": 1585625239.391606}, "device": "gpu", "nd_range": {"device_start": 1585625172.9210887, "device_end": 1585625172.9225214}, "cmdq": 2, "read": {"device_start": -1, "device_end": -1}}, "FFC_sans_bias97": {"write": {"device_start": 1585625172.9301474, "host_queued_start": 1585625239.39043, "device_queued": 1585625172.9093058, "device_end": 1585625172.9301722, "host_queued_end": 1585625239.391606}, "device": "gpu", "nd_range": {"device_start": 1585625172.9301856, "device_end": 1585625172.9319086}, "cmdq": 0, "read": {"device_start": 1585625172.9319165, "device_end": 1585625172.931942}}, "FFC_sans_bias96": {"write": {"device_start": -1, "host_queued_start": 1585625239.380658, "device_queued": -1, "device_end": -1, "host_queued_end": 1585625239.391606}, "device": "gpu", "nd_range": {"device_start": 1585625172.9261224, "device_end": 1585625172.9280365}, "cmdq": 2, "read": {"device_start": -1, "device_end": -1}}, "softmax32": {"write": {"device_start": -1, "host_queued_start": 1585625239.375659, "device_queued": -1, "device_end": -1, "host_queued_end": 1585625239.391606}, "device": "gpu", "nd_range": {"device_start": 1585625172.9215767, "device_end": 1585625172.9228804}, "cmdq": 1, "read": {"device_start": -1, "device_end": -1}}, "coalesced_transpose84": {"write": {"device_start": -1, "host_queued_start": 1585625239.371357, "device_queued": -1, "device_end": -1, "host_queued_end": 1585625239.391606}, "device": "gpu", "nd_range": {"device_start": 1585625172.9181013, "device_end": 1585625172.9189954}, "cmdq": 3, "read": {"device_start": -1, "device_end": -1}}, "empty98": {"write": {"device_start": 1585625172.9031763, "host_queued_start": 1585625239.336287, "device_queued": 1585625172.9030793, "device_end": 1585625172.9032314, "host_queued_end": 1585625239.391606}, "device": "gpu", "nd_range": {"device_start": 1585625172.9032378, "device_end": 1585625172.9032423}, "cmdq": 0, "read": {"device_start": -1, "device_end": -1}}, "empty107": {"write": {"device_start": 1585625172.9032664, "host_queued_start": 1585625239.337105, "device_queued": 1585625172.903129, "device_end": 1585625172.9033298, "host_queued_end": 1585625239.391606}, "device": "gpu", "nd_range": {"device_start": 1585625172.9033334, "device_end": 1585625172.9033375}, "cmdq": 1, "read": {"device_start": -1, "device_end": -1}}, "empty17": {"write": {"device_start": -1, "host_queued_start": 1585625239.394829, "device_queued": -1, "device_end": -1, "host_queued_end": 1585625239.408063}, "device": "cpu", "nd_range": {"device_start": 2293013.597645351, "device_end": 2293013.597657298}, "cmdq": 1, "read": {"device_start": -1, "device_end": -1}}, "FFC_sans_bias87": {"write": {"device_start": -1, "host_queued_start": 1585625239.380341, "device_queued": -1, "device_end": -1, "host_queued_end": 1585625239.391606}, "device": "gpu", "nd_range": {"device_start": 1585625172.9256546, "device_end": 1585625172.927548}, "cmdq": 1, "read": {"device_start": -1, "device_end": -1}}, "FFC_sans_bias85": {"write": {"device_start": -1, "host_queued_start": 1585625239.37452, "device_queued": -1, "device_end": -1, "host_queued_end": 1585625239.391606}, "device": "gpu", "nd_range": {"device_start": 1585625172.919653, "device_end": 1585625172.92156}, "cmdq": 1, "read": {"device_start": -1, "device_end": -1}}, "FFC_sans_bias82": {"write": {"device_start": 1585625172.9128625, "host_queued_start": 1585625239.36148, "device_queued": 1585625172.9053512, "device_end": 1585625172.9128902, "host_queued_end": 1585625239.391606}, "device": "gpu", "nd_range": {"device_start": 1585625172.9129, "device_end": 1585625172.9146574}, "cmdq": 0, "read": {"device_start": -1, "device_end": -1}}, "FFC_sans_bias83": {"write": {"device_start": 1585625172.9133139, "host_queued_start": 1585625239.36253, "device_queued": 1585625172.9055016, "device_end": 1585625172.9133391, "host_queued_end": 1585625239.391606}, "device": "gpu", "nd_range": {"device_start": 1585625172.9133487, "device_end": 1585625172.9151723}, "cmdq": 1, "read": {"device_start": -1, "device_end": -1}}, "FFC_sans_bias81": {"write": {"device_start": 1585625172.91236, "host_queued_start": 1585625239.360444, "device_queued": 1585625172.9051905, "device_end": 1585625172.9123912, "host_queued_end": 1585625239.391606}, "device": "gpu", "nd_range": {"device_start": 1585625172.9123979, "device_end": 1585625172.914192}, "cmdq": 3, "read": {"device_start": -1, "device_end": -1}}, "FFC_sans_bias88": {"write": {"device_start": 1585625172.9306123, "host_queued_start": 1585625239.38939, "device_queued": 1585625172.909058, "device_end": 1585625172.9306378, "host_queued_end": 1585625239.391606}, "device": "gpu", "nd_range": {"device_start": 1585625172.9306526, "device_end": 1585625172.9323933}, "cmdq": 3, "read": {"device_start": 1585625172.9323971, "device_end": 1585625172.9324203}}, "coalesced_transpose30": {"write": {"device_start": -1, "host_queued_start": 1585625239.369494, "device_queued": -1, "device_end": -1, "host_queued_end": 1585625239.391606}, "device": "gpu", "nd_range": {"device_start": 1585625172.9171019, "device_end": 1585625172.9179587}, "cmdq": 1, "read": {"device_start": -1, "device_end": -1}}, "coalesced_transpose39": {"write": {"device_start": -1, "host_queued_start": 1585625239.369798, "device_queued": -1, "device_end": -1, "host_queued_end": 1585625239.391606}, "device": "gpu", "nd_range": {"device_start": 1585625172.917574, "device_end": 1585625172.917964}, "cmdq": 2, "read": {"device_start": -1, "device_end": -1}}, "FFC_sans_bias79": {"write": {"device_start": 1585625172.9296432, "host_queued_start": 1585625239.388348, "device_queued": 1585625172.9090378, "device_end": 1585625172.9296684, "host_queued_end": 1585625239.391606}, "device": "gpu", "nd_range": {"device_start": 1585625172.9296813, "device_end": 1585625172.9314206}, "cmdq": 2, "read": {"device_start": 1585625172.9314246, "device_end": 1585625172.931448}}, "FFC_sans_bias78": {"write": {"device_start": -1, "host_queued_start": 1585625239.380019, "device_queued": -1, "device_end": -1, "host_queued_end": 1585625239.391606}, "device": "gpu", "nd_range": {"device_start": 1585625172.923727, "device_end": 1585625172.9246788}, "cmdq": 0, "read": {"device_start": -1, "device_end": -1}}, "FFC_sans_bias73": {"write": {"device_start": 1585625172.911374, "host_queued_start": 1585625239.358355, "device_queued": 1585625172.9051533, "device_end": 1585625172.9114008, "host_queued_end": 1585625239.391606}, "device": "gpu", "nd_range": {"device_start": 1585625172.9114127, "device_end": 1585625172.9132173}, "cmdq": 1, "read": {"device_start": -1, "device_end": -1}}, "FFC_sans_bias72": {"write": {"device_start": 1585625172.9108894, "host_queued_start": 1585625239.357315, "device_queued": 1585625172.9049735, "device_end": 1585625172.9109156, "host_queued_end": 1585625239.391606}, "device": "gpu", "nd_range": {"device_start": 1585625172.9109209, "device_end": 1585625172.9127426}, "cmdq": 0, "read": {"device_start": -1, "device_end": -1}}, "FFC_sans_bias70": {"write": {"device_start": 1585625172.9291995, "host_queued_start": 1585625239.387299, "device_queued": 1585625172.9090142, "device_end": 1585625172.9292245, "host_queued_end": 1585625239.391606}, "device": "gpu", "nd_range": {"device_start": 1585625172.929242, "device_end": 1585625172.9309416}, "cmdq": 1, "read": {"device_start": 1585625172.9309533, "device_end": 1585625172.9309773}}, "FFC_sans_bias76": {"write": {"device_start": -1, "host_queued_start": 1585625239.374197, "device_queued": -1, "device_end": -1, "host_queued_end": 1585625239.391606}, "device": "gpu", "nd_range": {"device_start": 1585625172.9186869, "device_end": 1585625172.920082}, "cmdq": 0, "read": {"device_start": -1, "device_end": -1}}, "FFC_sans_bias74": {"write": {"device_start": 1585625172.9118848, "host_queued_start": 1585625239.359407, "device_queued": 1585625172.9051747, "device_end": 1585625172.911918, "host_queued_end": 1585625239.391606}, "device": "gpu", "nd_range": {"device_start": 1585625172.911926, "device_end": 1585625172.9137158}, "cmdq": 2, "read": {"device_start": -1, "device_end": -1}}, "coalesced_transpose102": {"write": {"device_start": -1, "host_queued_start": 1585625239.371967, "device_queued": -1, "device_end": -1, "host_queued_end": 1585625239.391606}, "device": "gpu", "nd_range": {"device_start": 1585625172.9180229, "device_end": 1585625172.918064}, "cmdq": 1, "read": {"device_start": -1, "device_end": -1}}, "coalesced_transpose3": {"write": {"device_start": -1, "host_queued_start": 1585625239.40302, "device_queued": -1, "device_end": -1, "host_queued_end": 1585625239.408063}, "device": "cpu", "nd_range": {"device_start": 2293013.619501052, "device_end": 2293013.620602597}, "cmdq": 0, "read": {"device_start": -1, "device_end": -1}}, "empty89": {"write": {"device_start": 1585625172.9030888, "host_queued_start": 1585625239.335403, "device_queued": 1585625172.9028244, "device_end": 1585625172.903153, "host_queued_end": 1585625239.391606}, "device": "gpu", "nd_range": {"device_start": 1585625172.9031599, "device_end": 1585625172.9031649}, "cmdq": 3, "read": {"device_start": -1, "device_end": -1}}, "empty80": {"write": {"device_start": 1585625172.903006, "host_queued_start": 1585625239.334531, "device_queued": 1585625172.9028058, "device_end": 1585625172.9030645, "host_queued_end": 1585625239.391606}, "device": "gpu", "nd_range": {"device_start": 1585625172.9030712, "device_end": 1585625172.9030766}, "cmdq": 2, "read": {"device_start": -1, "device_end": -1}}, "softmax104": {"write": {"device_start": -1, "host_queued_start": 1585625239.377761, "device_queued": -1, "device_end": -1, "host_queued_end": 1585625239.391606}, "device": "gpu", "nd_range": {"device_start": 1585625172.9231243, "device_end": 1585625172.9240546}, "cmdq": 1, "read": {"device_start": -1, "device_end": -1}}, "coalesced_transpose21": {"write": {"device_start": -1, "host_queued_start": 1585625239.369188, "device_queued": -1, "device_end": -1, "host_queued_end": 1585625239.391606}, "device": "gpu", "nd_range": {"device_start": 1585625172.916597, "device_end": 1585625172.9179308}, "cmdq": 0, "read": {"device_start": -1, "device_end": -1}}, "softmax14": {"write": {"device_start": -1, "host_queued_start": 1585625239.404905, "device_queued": -1, "device_end": -1, "host_queued_end": 1585625239.408063}, "device": "cpu", "nd_range": {"device_start": 2293013.6319998153, "device_end": 2293013.632124755}, "cmdq": 1, "read": {"device_start": -1, "device_end": -1}}, "FFC_sans_bias69": {"write": {"device_start": -1, "host_queued_start": 1585625239.379703, "device_queued": -1, "device_end": -1, "host_queued_end": 1585625239.391606}, "device": "gpu", "nd_range": {"device_start": 1585625172.9251342, "device_end": 1585625172.9270744}, "cmdq": 3, "read": {"device_start": -1, "device_end": -1}}, "FFC_sans_bias92": {"write": {"device_start": 1585625172.9147851, "host_queued_start": 1585625239.365723, "device_queued": 1585625172.9057214, "device_end": 1585625172.9148133, "host_queued_end": 1585625239.391606}, "device": "gpu", "nd_range": {"device_start": 1585625172.9148238, "device_end": 1585625172.9165947}, "cmdq": 0, "read": {"device_start": -1, "device_end": -1}}, "FFC_sans_bias60": {"write": {"device_start": -1, "host_queued_start": 1585625239.379385, "device_queued": -1, "device_end": -1, "host_queued_end": 1585625239.391606}, "device": "gpu", "nd_range": {"device_start": 1585625172.9241648, "device_end": 1585625172.9261093}, "cmdq": 2, "read": {"device_start": -1, "device_end": -1}}, "FFC_sans_bias61": {"write": {"device_start": 1585625172.928237, "host_queued_start": 1585625239.386243, "device_queued": 1585625172.9088151, "device_end": 1585625172.9282622, "host_queued_end": 1585625239.391606}, "device": "gpu", "nd_range": {"device_start": 1585625172.9282758, "device_end": 1585625172.9299796}, "cmdq": 0, "read": {"device_start": 1585625172.9299831, "device_end": 1585625172.9300063}}, "FFC_sans_bias63": {"write": {"device_start": 1585625172.9104226, "host_queued_start": 1585625239.35628, "device_queued": 1585625172.9048088, "device_end": 1585625172.9104502, "host_queued_end": 1585625239.391606}, "device": "gpu", "nd_range": {"device_start": 1585625172.9104598, "device_end": 1585625172.9122367}, "cmdq": 3, "read": {"device_start": -1, "device_end": -1}}, "FFC_sans_bias64": {"write": {"device_start": 1585625172.9094765, "host_queued_start": 1585625239.354184, "device_queued": 1585625172.9047742, "device_end": 1585625172.909503, "host_queued_end": 1585625239.391606}, "device": "gpu", "nd_range": {"device_start": 1585625172.9095101, "device_end": 1585625172.9112802}, "cmdq": 1, "read": {"device_start": -1, "device_end": -1}}, "FFC_sans_bias65": {"write": {"device_start": 1585625172.9099243, "host_queued_start": 1585625239.355236, "device_queued": 1585625172.904793, "device_end": 1585625172.9099503, "host_queued_end": 1585625239.391606}, "device": "gpu", "nd_range": {"device_start": 1585625172.9099555, "device_end": 1585625172.9117901}, "cmdq": 2, "read": {"device_start": -1, "device_end": -1}}, "FFC_sans_bias67": {"write": {"device_start": -1, "host_queued_start": 1585625239.373878, "device_queued": -1, "device_end": -1, "host_queued_end": 1585625239.391606}, "device": "gpu", "nd_range": {"device_start": 1585625172.9206092, "device_end": 1585625172.922046}, "cmdq": 3, "read": {"device_start": -1, "device_end": -1}}, "softmax68": {"write": {"device_start": -1, "host_queued_start": 1585625239.376649, "device_queued": -1, "device_end": -1, "host_queued_end": 1585625239.391606}, "device": "gpu", "nd_range": {"device_start": 1585625172.9228954, "device_end": 1585625172.923111}, "cmdq": 1, "read": {"device_start": -1, "device_end": -1}}, "empty35": {"write": {"device_start": 1585625172.9025269, "host_queued_start": 1585625239.330313, "device_queued": 1585625172.9024222, "device_end": 1585625172.9025931, "host_queued_end": 1585625239.391606}, "device": "gpu", "nd_range": {"device_start": 1585625172.9025974, "device_end": 1585625172.9026043}, "cmdq": 1, "read": {"device_start": -1, "device_end": -1}}, "softmax86": {"write": {"device_start": -1, "host_queued_start": 1585625239.377229, "device_queued": -1, "device_end": -1, "host_queued_end": 1585625239.391606}, "device": "gpu", "nd_range": {"device_start": 1585625172.9232767, "device_end": 1585625172.9240372}, "cmdq": 3, "read": {"device_start": -1, "device_end": -1}}, "FFC_sans_bias55": {"write": {"device_start": 1585625172.9089634, "host_queued_start": 1585625239.353136, "device_queued": 1585625172.9046288, "device_end": 1585625172.9089906, "host_queued_end": 1585625239.391606}, "device": "gpu", "nd_range": {"device_start": 1585625172.9090018, "device_end": 1585625172.9107997}, "cmdq": 0, "read": {"device_start": -1, "device_end": -1}}, "FFC_sans_bias54": {"write": {"device_start": 1585625172.9085057, "host_queued_start": 1585625239.352101, "device_queued": 1585625172.9044204, "device_end": 1585625172.9085329, "host_queued_end": 1585625239.391606}, "device": "gpu", "nd_range": {"device_start": 1585625172.9085374, "device_end": 1585625172.9103274}, "cmdq": 3, "read": {"device_start": -1, "device_end": -1}}, "FFC_sans_bias56": {"write": {"device_start": 1585625172.9080048, "host_queued_start": 1585625239.35106, "device_queued": 1585625172.9043887, "device_end": 1585625172.9080362, "host_queued_end": 1585625239.391606}, "device": "gpu", "nd_range": {"device_start": 1585625172.9080427, "device_end": 1585625172.9098277}, "cmdq": 2, "read": {"device_start": -1, "device_end": -1}}, "FFC_sans_bias51": {"write": {"device_start": -1, "host_queued_start": 1585625239.379058, "device_queued": -1, "device_end": -1, "host_queued_end": 1585625239.391606}, "device": "gpu", "nd_range": {"device_start": 1585625172.9240692, "device_end": 1585625172.9256408}, "cmdq": 1, "read": {"device_start": -1, "device_end": -1}}, "FFC_sans_bias52": {"write": {"device_start": 1585625172.9285915, "host_queued_start": 1585625239.385179, "device_queued": 1585625172.908539, "device_end": 1585625172.9286165, "host_queued_end": 1585625239.391606}, "device": "gpu", "nd_range": {"device_start": 1585625172.9286335, "device_end": 1585625172.930449}, "cmdq": 3, "read": {"device_start": 1585625172.9304538, "device_end": 1585625172.9304779}}, "FFC_sans_bias58": {"write": {"device_start": -1, "host_queued_start": 1585625239.373554, "device_queued": -1, "device_end": -1, "host_queued_end": 1585625239.391606}, "device": "gpu", "nd_range": {"device_start": 1585625172.9190953, "device_end": 1585625172.9210737}, "cmdq": 2, "read": {"device_start": -1, "device_end": -1}}, "FFC_sans_bias103": {"write": {"device_start": -1, "host_queued_start": 1585625239.375156, "device_queued": -1, "device_end": -1, "host_queued_end": 1585625239.391606}, "device": "gpu", "nd_range": {"device_start": 1585625172.922061, "device_end": 1585625172.9229677}, "cmdq": 3, "read": {"device_start": -1, "device_end": -1}}, "FFC_sans_bias100": {"write": {"device_start": 1585625172.915722, "host_queued_start": 1585625239.367817, "device_queued": 1585625172.9058914, "device_end": 1585625172.915753, "host_queued_end": 1585625239.391606}, "device": "gpu", "nd_range": {"device_start": 1585625172.915759, "device_end": 1585625172.9175692}, "cmdq": 2, "read": {"device_start": -1, "device_end": -1}}, "FFC_sans_bias101": {"write": {"device_start": 1585625172.9162512, "host_queued_start": 1585625239.368864, "device_queued": 1585625172.9059281, "device_end": 1585625172.916284, "host_queued_end": 1585625239.391606}, "device": "gpu", "nd_range": {"device_start": 1585625172.916289, "device_end": 1585625172.918033}, "cmdq": 3, "read": {"device_start": -1, "device_end": -1}}, "FFC_sans_bias106": {"write": {"device_start": 1585625172.9311035, "host_queued_start": 1585625239.3915, "device_queued": 1585625172.9094777, "device_end": 1585625172.9311283, "host_queued_end": 1585625239.391606}, "device": "gpu", "nd_range": {"device_start": 1585625172.9311411, "device_end": 1585625172.9328392}, "cmdq": 1, "read": {"device_start": 1585625172.9328437, "device_end": 1585625172.9328659}}, "FFC_sans_bias105": {"write": {"device_start": -1, "host_queued_start": 1585625239.380975, "device_queued": -1, "device_end": -1, "host_queued_end": 1585625239.391606}, "device": "gpu", "nd_range": {"device_start": 1585625172.9270887, "device_end": 1585625172.9285076}, "cmdq": 3, "read": {"device_start": -1, "device_end": -1}}, "softmax95": {"write": {"device_start": -1, "host_queued_start": 1585625239.377483, "device_queued": -1, "device_end": -1, "host_queued_end": 1585625239.391606}, "device": "gpu", "nd_range": {"device_start": 1585625172.9228776, "device_end": 1585625172.9230938}, "cmdq": 0, "read": {"device_start": -1, "device_end": -1}}, "coalesced_transpose57": {"write": {"device_start": -1, "host_queued_start": 1585625239.370426, "device_queued": -1, "device_end": -1, "host_queued_end": 1585625239.391606}, "device": "gpu", "nd_range": {"device_start": 1585625172.9179332, "device_end": 1585625172.9179854}, "cmdq": 0, "read": {"device_start": -1, "device_end": -1}}, "empty26": {"write": {"device_start": 1585625172.9023814, "host_queued_start": 1585625239.329264, "device_queued": 1585625172.902232, "device_end": 1585625172.9024155, "host_queued_end": 1585625239.391606}, "device": "gpu", "nd_range": {"device_start": 1585625172.9024186, "device_end": 1585625172.902423}, "cmdq": 0, "read": {"device_start": -1, "device_end": -1}}, "FFC_sans_bias11": {"write": {"device_start": -1, "host_queued_start": 1585625239.402568, "device_queued": -1, "device_end": -1, "host_queued_end": 1585625239.408063}, "device": "cpu", "nd_range": {"device_start": 2293013.6157558192, "device_end": 2293013.62397918}, "cmdq": 1, "read": {"device_start": -1, "device_end": -1}}, "FFC_sans_bias42": {"write": {"device_start": -1, "host_queued_start": 1585625239.378744, "device_queued": -1, "device_end": -1, "host_queued_end": 1585625239.391606}, "device": "gpu", "nd_range": {"device_start": 1585625172.9231076, "device_end": 1585625172.9237137}, "cmdq": 0, "read": {"device_start": -1, "device_end": -1}}, "FFC_sans_bias43": {"write": {"device_start": 1585625172.928127, "host_queued_start": 1585625239.384107, "device_queued": 1585625172.9085217, "device_end": 1585625172.928153, "host_queued_end": 1585625239.391606}, "device": "gpu", "nd_range": {"device_start": 1585625172.9281695, "device_end": 1585625172.929478}, "cmdq": 2, "read": {"device_start": 1585625172.9294834, "device_end": 1585625172.9295075}}, "FFC_sans_bias40": {"write": {"device_start": -1, "host_queued_start": 1585625239.372912, "device_queued": -1, "device_end": -1, "host_queued_end": 1585625239.391606}, "device": "gpu", "nd_range": {"device_start": 1585625172.9180593, "device_end": 1585625172.9186716}, "cmdq": 0, "read": {"device_start": -1, "device_end": -1}}, "FFC_sans_bias46": {"write": {"device_start": 1585625172.907066, "host_queued_start": 1585625239.348955, "device_queued": 1585625172.9042385, "device_end": 1585625172.9070985, "host_queued_end": 1585625239.391606}, "device": "gpu", "nd_range": {"device_start": 1585625172.907105, "device_end": 1585625172.9088585}, "cmdq": 0, "read": {"device_start": -1, "device_end": -1}}, "FFC_sans_bias47": {"write": {"device_start": 1585625172.907518, "host_queued_start": 1585625239.350007, "device_queued": 1585625172.9043674, "device_end": 1585625172.9075432, "host_queued_end": 1585625239.391606}, "device": "gpu", "nd_range": {"device_start": 1585625172.9075499, "device_end": 1585625172.9093692}, "cmdq": 1, "read": {"device_start": -1, "device_end": -1}}, "FFC_sans_bias45": {"write": {"device_start": 1585625172.9065487, "host_queued_start": 1585625239.347899, "device_queued": 1585625172.9040492, "device_end": 1585625172.9065807, "host_queued_end": 1585625239.391606}, "device": "gpu", "nd_range": {"device_start": 1585625172.9065835, "device_end": 1585625172.9083922}, "cmdq": 3, "read": {"device_start": -1, "device_end": -1}}, "FFC_sans_bias49": {"write": {"device_start": -1, "host_queued_start": 1585625239.37323, "device_queued": -1, "device_end": -1, "host_queued_end": 1585625239.391606}, "device": "gpu", "nd_range": {"device_start": 1585625172.9181209, "device_end": 1585625172.9196372}, "cmdq": 1, "read": {"device_start": -1, "device_end": -1}}, "softmax77": {"write": {"device_start": -1, "host_queued_start": 1585625239.37698, "device_queued": -1, "device_end": -1, "host_queued_end": 1585625239.391606}, "device": "gpu", "nd_range": {"device_start": 1585625172.9230893, "device_end": 1585625172.923451}, "cmdq": 2, "read": {"device_start": -1, "device_end": -1}}, "softmax5": {"write": {"device_start": -1, "host_queued_start": 1585625239.404523, "device_queued": -1, "device_end": -1, "host_queued_end": 1585625239.408063}, "device": "cpu", "nd_range": {"device_start": 2293013.6353598633, "device_end": 2293013.635564282}, "cmdq": 0, "read": {"device_start": -1, "device_end": -1}}, "empty53": {"write": {"device_start": 1585625172.9027288, "host_queued_start": 1585625239.332059, "device_queued": 1585625172.902465, "device_end": 1585625172.9027684, "host_queued_end": 1585625239.391606}, "device": "gpu", "nd_range": {"device_start": 1585625172.9027727, "device_end": 1585625172.9027789}, "cmdq": 3, "read": {"device_start": -1, "device_end": -1}}, "coalesced_transpose48": {"write": {"device_start": -1, "host_queued_start": 1585625239.370107, "device_queued": -1, "device_end": -1, "host_queued_end": 1585625239.391606}, "device": "gpu", "nd_range": {"device_start": 1585625172.9180372, "device_end": 1585625172.9180882}, "cmdq": 3, "read": {"device_start": -1, "device_end": -1}}}