{"FFC_sans_bias4": {"write": {"device_start": -1, "host_queued_start": 1585625111.158614, "device_queued": -1, "device_end": -1, "host_queued_end": 1585625111.178233}, "device": "cpu", "nd_range": {"device_start": 2292885.49260046, "device_end": 2292885.503564443}, "cmdq": 2, "read": {"device_start": -1, "device_end": -1}}, "FFC_sans_bias7": {"write": {"device_start": -1, "host_queued_start": 1585625111.169143, "device_queued": -1, "device_end": -1, "host_queued_end": 1585625111.178233}, "device": "cpu", "nd_range": {"device_start": 2292885.5948790303, "device_end": 2292885.6101168753}, "cmdq": 2, "read": {"device_start": -1, "device_end": -1}}, "FFC_sans_bias6": {"write": {"device_start": -1, "host_queued_start": 1585625111.164873, "device_queued": -1, "device_end": -1, "host_queued_end": 1585625111.178233}, "device": "cpu", "nd_range": {"device_start": 2292885.559750608, "device_end": 2292885.575235582}, "cmdq": 1, "read": {"device_start": -1, "device_end": -1}}, "FFC_sans_bias1": {"write": {"device_start": -1, "host_queued_start": 1585625111.124902, "device_queued": -1, "device_end": -1, "host_queued_end": 1585625111.178233}, "device": "cpu", "nd_range": {"device_start": 2292885.368880785, "device_end": 2292885.380107631}, "cmdq": 2, "read": {"device_start": -1, "device_end": -1}}, "FFC_sans_bias0": {"write": {"device_start": -1, "host_queued_start": 1585625111.123847, "device_queued": -1, "device_end": -1, "host_queued_end": 1585625111.178233}, "device": "cpu", "nd_range": {"device_start": 2292885.367902521, "device_end": 2292885.37678148}, "cmdq": 1, "read": {"device_start": -1, "device_end": -1}}, "FFC_sans_bias2": {"write": {"device_start": -1, "host_queued_start": 1585625111.125966, "device_queued": -1, "device_end": -1, "host_queued_end": 1585625111.178233}, "device": "cpu", "nd_range": {"device_start": 2292885.3679094473, "device_end": 2292885.380120057}, "cmdq": 0, "read": {"device_start": -1, "device_end": -1}}, "FFC_sans_bias9": {"write": {"device_start": -1, "host_queued_start": 1585625111.127042, "device_queued": -1, "device_end": -1, "host_queued_end": 1585625111.178233}, "device": "cpu", "nd_range": {"device_start": 2292885.379748891, "device_end": 2292885.388337377}, "cmdq": 1, "read": {"device_start": -1, "device_end": -1}}, "empty71": {"write": {"device_start": -1, "host_queued_start": 1585625111.121237, "device_queued": -1, "device_end": -1, "host_queued_end": 1585625111.178233}, "device": "cpu", "nd_range": {"device_start": 2292885.3678971943, "device_end": 2292885.3678977583}, "cmdq": 1, "read": {"device_start": -1, "device_end": -1}}, "softmax41": {"write": {"device_start": -1, "host_queued_start": 1585625111.163146, "device_queued": -1, "device_end": -1, "host_queued_end": 1585625111.178233}, "device": "cpu", "nd_range": {"device_start": 2292885.553763364, "device_end": 2292885.554064683}, "cmdq": 1, "read": {"device_start": -1, "device_end": -1}}, "FFC_sans_bias37": {"write": {"device_start": -1, "host_queued_start": 1585625111.137717, "device_queued": -1, "device_end": -1, "host_queued_end": 1585625111.178233}, "device": "cpu", "nd_range": {"device_start": 2292885.418262854, "device_end": 2292885.431383388}, "cmdq": 2, "read": {"device_start": -1, "device_end": -1}}, "FFC_sans_bias36": {"write": {"device_start": -1, "host_queued_start": 1585625111.136659, "device_queued": -1, "device_end": -1, "host_queued_end": 1585625111.178233}, "device": "cpu", "nd_range": {"device_start": 2292885.411767736, "device_end": 2292885.424123818}, "cmdq": 1, "read": {"device_start": -1, "device_end": -1}}, "FFC_sans_bias34": {"write": {"device_start": -1, "host_queued_start": 1585625111.172167, "device_queued": -1, "device_end": -1, "host_queued_end": 1585625111.178233}, "device": "cpu", "nd_range": {"device_start": 2292885.6240053223, "device_end": 2292885.64480456}, "cmdq": 2, "read": {"device_start": -1, "device_end": -1}}, "FFC_sans_bias33": {"write": {"device_start": -1, "host_queued_start": 1585625111.165914, "device_queued": -1, "device_end": -1, "host_queued_end": 1585625111.178233}, "device": "cpu", "nd_range": {"device_start": 2292885.5753462203, "device_end": 2292885.590862287}, "cmdq": 1, "read": {"device_start": -1, "device_end": -1}}, "FFC_sans_bias31": {"write": {"device_start": -1, "host_queued_start": 1585625111.159664, "device_queued": -1, "device_end": -1, "host_queued_end": 1585625111.178233}, "device": "cpu", "nd_range": {"device_start": 2292885.503690639, "device_end": 2292885.524425974}, "cmdq": 2, "read": {"device_start": -1, "device_end": -1}}, "FFC_sans_bias38": {"write": {"device_start": -1, "host_queued_start": 1585625111.138819, "device_queued": -1, "device_end": -1, "host_queued_end": 1585625111.178233}, "device": "cpu", "nd_range": {"device_start": 2292885.431086354, "device_end": 2292885.4496130683}, "cmdq": 0, "read": {"device_start": -1, "device_end": -1}}, "coalesced_transpose75": {"write": {"device_start": -1, "host_queued_start": 1585625111.157925, "device_queued": -1, "device_end": -1, "host_queued_end": 1585625111.178233}, "device": "cpu", "nd_range": {"device_start": 2292885.511963224, "device_end": 2292885.51221246}, "cmdq": 0, "read": {"device_start": -1, "device_end": -1}}, "empty44": {"write": {"device_start": -1, "host_queued_start": 1585625111.118626, "device_queued": -1, "device_end": -1, "host_queued_end": 1585625111.178233}, "device": "cpu", "nd_range": {"device_start": 2292885.3678905703, "device_end": 2292885.36789153}, "cmdq": 1, "read": {"device_start": -1, "device_end": -1}}, "empty8": {"write": {"device_start": -1, "host_queued_start": 1585625111.114765, "device_queued": -1, "device_end": -1, "host_queued_end": 1585625111.178233}, "device": "cpu", "nd_range": {"device_start": 2292885.367856319, "device_end": 2292885.367868022}, "cmdq": 0, "read": {"device_start": -1, "device_end": -1}}, "softmax50": {"write": {"device_start": -1, "host_queued_start": 1585625111.163423, "device_queued": -1, "device_end": -1, "host_queued_end": 1585625111.178233}, "device": "cpu", "nd_range": {"device_start": 2292885.553379402, "device_end": 2292885.5535903783}, "cmdq": 2, "read": {"device_start": -1, "device_end": -1}}, "softmax59": {"write": {"device_start": -1, "host_queued_start": 1585625111.163698, "device_queued": -1, "device_end": -1, "host_queued_end": 1585625111.178233}, "device": "cpu", "nd_range": {"device_start": 2292885.5564548443, "device_end": 2292885.556666676}, "cmdq": 0, "read": {"device_start": -1, "device_end": -1}}, "FFC_sans_bias24": {"write": {"device_start": -1, "host_queued_start": 1585625111.165567, "device_queued": -1, "device_end": -1, "host_queued_end": 1585625111.178233}, "device": "cpu", "nd_range": {"device_start": 2292885.556887811, "device_end": 2292885.5721486183}, "cmdq": 0, "read": {"device_start": -1, "device_end": -1}}, "FFC_sans_bias25": {"write": {"device_start": -1, "host_queued_start": 1585625111.171162, "device_queued": -1, "device_end": -1, "host_queued_end": 1585625111.178233}, "device": "cpu", "nd_range": {"device_start": 2292885.616272627, "device_end": 2292885.622457703}, "cmdq": 1, "read": {"device_start": -1, "device_end": -1}}, "FFC_sans_bias27": {"write": {"device_start": -1, "host_queued_start": 1585625111.133477, "device_queued": -1, "device_end": -1, "host_queued_end": 1585625111.178233}, "device": "cpu", "nd_range": {"device_start": 2292885.3995188293, "device_end": 2292885.411652496}, "cmdq": 1, "read": {"device_start": -1, "device_end": -1}}, "FFC_sans_bias20": {"write": {"device_start": -1, "host_queued_start": 1585625111.132423, "device_queued": -1, "device_end": -1, "host_queued_end": 1585625111.178233}, "device": "cpu", "nd_range": {"device_start": 2292885.3994122352, "device_end": 2292885.417036}, "cmdq": 0, "read": {"device_start": -1, "device_end": -1}}, "FFC_sans_bias22": {"write": {"device_start": -1, "host_queued_start": 1585625111.15932, "device_queued": -1, "device_end": -1, "host_queued_end": 1585625111.178233}, "device": "cpu", "nd_range": {"device_start": 2292885.5125747183, "device_end": 2292885.520976141}, "cmdq": 1, "read": {"device_start": -1, "device_end": -1}}, "FFC_sans_bias28": {"write": {"device_start": -1, "host_queued_start": 1585625111.134528, "device_queued": -1, "device_end": -1, "host_queued_end": 1585625111.178233}, "device": "cpu", "nd_range": {"device_start": 2292885.406463153, "device_end": 2292885.418137799}, "cmdq": 2, "read": {"device_start": -1, "device_end": -1}}, "FFC_sans_bias29": {"write": {"device_start": -1, "host_queued_start": 1585625111.135602, "device_queued": -1, "device_end": -1, "host_queued_end": 1585625111.178233}, "device": "cpu", "nd_range": {"device_start": 2292885.41759466, "device_end": 2292885.4306928134}, "cmdq": 0, "read": {"device_start": -1, "device_end": -1}}, "coalesced_transpose66": {"write": {"device_start": -1, "host_queued_start": 1585625111.157594, "device_queued": -1, "device_end": -1, "host_queued_end": 1585625111.178233}, "device": "cpu", "nd_range": {"device_start": 2292885.492326197, "device_end": 2292885.492594231}, "cmdq": 2, "read": {"device_start": -1, "device_end": -1}}, "coalesced_transpose93": {"write": {"device_start": -1, "host_queued_start": 1585625111.109098, "device_queued": -1, "device_end": -1, "host_queued_end": 1585625111.113408}, "device": "gpu", "nd_range": {"device_start": 1585625044.6297593, "device_end": 1585625044.630599}, "cmdq": 2, "read": {"device_start": -1, "device_end": -1}}, "softmax23": {"write": {"device_start": -1, "host_queued_start": 1585625111.162588, "device_queued": -1, "device_end": -1, "host_queued_end": 1585625111.178233}, "device": "cpu", "nd_range": {"device_start": 2292885.55312538, "device_end": 2292885.553371145}, "cmdq": 2, "read": {"device_start": -1, "device_end": -1}}, "empty62": {"write": {"device_start": -1, "host_queued_start": 1585625111.120387, "device_queued": -1, "device_end": -1, "host_queued_end": 1585625111.178233}, "device": "cpu", "nd_range": {"device_start": 2292885.367898201, "device_end": 2292885.367898841}, "cmdq": 0, "read": {"device_start": -1, "device_end": -1}}, "FFC_sans_bias10": {"write": {"device_start": -1, "host_queued_start": 1585625111.128098, "device_queued": -1, "device_end": -1, "host_queued_end": 1585625111.178233}, "device": "cpu", "nd_range": {"device_start": 2292885.380139856, "device_end": 2292885.394199668}, "cmdq": 2, "read": {"device_start": -1, "device_end": -1}}, "FFC_sans_bias13": {"write": {"device_start": -1, "host_queued_start": 1585625111.158958, "device_queued": -1, "device_end": -1, "host_queued_end": 1585625111.178233}, "device": "cpu", "nd_range": {"device_start": 2292885.512319649, "device_end": 2292885.525330667}, "cmdq": 0, "read": {"device_start": -1, "device_end": -1}}, "FFC_sans_bias15": {"write": {"device_start": -1, "host_queued_start": 1585625111.165216, "device_queued": -1, "device_end": -1, "host_queued_end": 1585625111.178233}, "device": "cpu", "nd_range": {"device_start": 2292885.553819606, "device_end": 2292885.5642381543}, "cmdq": 2, "read": {"device_start": -1, "device_end": -1}}, "FFC_sans_bias16": {"write": {"device_start": -1, "host_queued_start": 1585625111.170147, "device_queued": -1, "device_end": -1, "host_queued_end": 1585625111.178233}, "device": "cpu", "nd_range": {"device_start": 2292885.6028210022, "device_end": 2292885.617869425}, "cmdq": 0, "read": {"device_start": -1, "device_end": -1}}, "FFC_sans_bias19": {"write": {"device_start": -1, "host_queued_start": 1585625111.13136, "device_queued": -1, "device_end": -1, "host_queued_end": 1585625111.178233}, "device": "cpu", "nd_range": {"device_start": 2292885.3943211073, "device_end": 2292885.4063383844}, "cmdq": 2, "read": {"device_start": -1, "device_end": -1}}, "FFC_sans_bias18": {"write": {"device_start": -1, "host_queued_start": 1585625111.130285, "device_queued": -1, "device_end": -1, "host_queued_end": 1585625111.178233}, "device": "cpu", "nd_range": {"device_start": 2292885.3884531003, "device_end": 2292885.3994064312}, "cmdq": 1, "read": {"device_start": -1, "device_end": -1}}, "FFC_sans_bias99": {"write": {"device_start": 1585625044.6285064, "host_queued_start": 1585625111.106641, "device_queued": 1585625044.6278205, "device_end": 1585625044.6285312, "host_queued_end": 1585625111.113408}, "device": "gpu", "nd_range": {"device_start": 1585625044.6285348, "device_end": 1585625044.6297581}, "cmdq": 2, "read": {"device_start": -1, "device_end": -1}}, "FFC_sans_bias91": {"write": {"device_start": 1585625044.6278439, "host_queued_start": 1585625111.10452, "device_queued": 1585625044.6277535, "device_end": 1585625044.627902, "host_queued_end": 1585625111.113408}, "device": "gpu", "nd_range": {"device_start": 1585625044.6279051, "device_end": 1585625044.6287584}, "cmdq": 0, "read": {"device_start": -1, "device_end": -1}}, "FFC_sans_bias90": {"write": {"device_start": 1585625044.6277108, "host_queued_start": 1585625111.103436, "device_queued": 1585625044.627469, "device_end": 1585625044.627735, "host_queued_end": 1585625111.113408}, "device": "gpu", "nd_range": {"device_start": 1585625044.6277459, "device_end": 1585625044.6283576}, "cmdq": 2, "read": {"device_start": -1, "device_end": -1}}, "coalesced_transpose12": {"write": {"device_start": -1, "host_queued_start": 1585625111.155597, "device_queued": -1, "device_end": -1, "host_queued_end": 1585625111.178233}, "device": "cpu", "nd_range": {"device_start": 2292885.491686047, "device_end": 2292885.4919660613}, "cmdq": 2, "read": {"device_start": -1, "device_end": -1}}, "FFC_sans_bias94": {"write": {"device_start": -1, "host_queued_start": 1585625111.109706, "device_queued": -1, "device_end": -1, "host_queued_end": 1585625111.113408}, "device": "gpu", "nd_range": {"device_start": 1585625044.6307254, "device_end": 1585625044.631332}, "cmdq": 1, "read": {"device_start": -1, "device_end": -1}}, "FFC_sans_bias97": {"write": {"device_start": 1585625044.632823, "host_queued_start": 1585625111.11225, "device_queued": 1585625044.6286128, "device_end": 1585625044.6328495, "host_queued_end": 1585625111.113408}, "device": "gpu", "nd_range": {"device_start": 1585625044.6328585, "device_end": 1585625044.6335566}, "cmdq": 1, "read": {"device_start": 1585625044.6335592, "device_end": 1585625044.6335816}}, "FFC_sans_bias96": {"write": {"device_start": -1, "host_queued_start": 1585625111.110917, "device_queued": -1, "device_end": -1, "host_queued_end": 1585625111.113408}, "device": "gpu", "nd_range": {"device_start": 1585625044.6319377, "device_end": 1585625044.6325421}, "cmdq": 2, "read": {"device_start": -1, "device_end": -1}}, "softmax32": {"write": {"device_start": -1, "host_queued_start": 1585625111.162867, "device_queued": -1, "device_end": -1, "host_queued_end": 1585625111.178233}, "device": "cpu", "nd_range": {"device_start": 2292885.556226314, "device_end": 2292885.5564487004}, "cmdq": 0, "read": {"device_start": -1, "device_end": -1}}, "coalesced_transpose84": {"write": {"device_start": -1, "host_queued_start": 1585625111.158254, "device_queued": -1, "device_end": -1, "host_queued_end": 1585625111.178233}, "device": "cpu", "nd_range": {"device_start": 2292885.491768922, "device_end": 2292885.4920134433}, "cmdq": 1, "read": {"device_start": -1, "device_end": -1}}, "empty98": {"write": {"device_start": 1585625044.627504, "host_queued_start": 1585625111.101353, "device_queued": 1585625044.6273644, "device_end": 1585625044.6275349, "host_queued_end": 1585625111.113408}, "device": "gpu", "nd_range": {"device_start": 1585625044.627541, "device_end": 1585625044.6275544}, "cmdq": 0, "read": {"device_start": -1, "device_end": -1}}, "empty107": {"write": {"device_start": 1585625044.6276278, "host_queued_start": 1585625111.102399, "device_queued": 1585625044.6274498, "device_end": 1585625044.627698, "host_queued_end": 1585625111.113408}, "device": "gpu", "nd_range": {"device_start": 1585625044.6277046, "device_end": 1585625044.627709}, "cmdq": 1, "read": {"device_start": -1, "device_end": -1}}, "empty17": {"write": {"device_start": -1, "host_queued_start": 1585625111.115803, "device_queued": -1, "device_end": -1, "host_queued_end": 1585625111.178233}, "device": "cpu", "nd_range": {"device_start": 2292885.3678564, "device_end": 2292885.3678679704}, "cmdq": 1, "read": {"device_start": -1, "device_end": -1}}, "FFC_sans_bias87": {"write": {"device_start": -1, "host_queued_start": 1585625111.168083, "device_queued": -1, "device_end": -1, "host_queued_end": 1585625111.178233}, "device": "cpu", "nd_range": {"device_start": 2292885.606636864, "device_end": 2292885.61615503}, "cmdq": 1, "read": {"device_start": -1, "device_end": -1}}, "FFC_sans_bias85": {"write": {"device_start": -1, "host_queued_start": 1585625111.161741, "device_queued": -1, "device_end": -1, "host_queued_end": 1585625111.178233}, "device": "cpu", "nd_range": {"device_start": 2292885.537787423, "device_end": 2292885.5531179043}, "cmdq": 2, "read": {"device_start": -1, "device_end": -1}}, "FFC_sans_bias82": {"write": {"device_start": -1, "host_queued_start": 1585625111.153836, "device_queued": -1, "device_end": -1, "host_queued_end": 1585625111.178233}, "device": "cpu", "nd_range": {"device_start": 2292885.480518017, "device_end": 2292885.491676671}, "cmdq": 2, "read": {"device_start": -1, "device_end": -1}}, "FFC_sans_bias83": {"write": {"device_start": -1, "host_queued_start": 1585625111.154904, "device_queued": -1, "device_end": -1, "host_queued_end": 1585625111.178233}, "device": "cpu", "nd_range": {"device_start": 2292885.500639034, "device_end": 2292885.511129861}, "cmdq": 0, "read": {"device_start": -1, "device_end": -1}}, "FFC_sans_bias81": {"write": {"device_start": -1, "host_queued_start": 1585625111.15267, "device_queued": -1, "device_end": -1, "host_queued_end": 1585625111.178233}, "device": "cpu", "nd_range": {"device_start": 2292885.471263201, "device_end": 2292885.48363573}, "cmdq": 1, "read": {"device_start": -1, "device_end": -1}}, "FFC_sans_bias88": {"write": {"device_start": -1, "host_queued_start": 1585625111.178188, "device_queued": -1, "device_end": -1, "host_queued_end": 1585625111.178233}, "device": "cpu", "nd_range": {"device_start": 2292885.65252922, "device_end": 2292885.657796925}, "cmdq": 2, "read": {"device_start": -1, "device_end": -1}}, "coalesced_transpose30": {"write": {"device_start": -1, "host_queued_start": 1585625111.156263, "device_queued": -1, "device_end": -1, "host_queued_end": 1585625111.178233}, "device": "cpu", "nd_range": {"device_start": 2292885.484160872, "device_end": 2292885.484408176}, "cmdq": 1, "read": {"device_start": -1, "device_end": -1}}, "coalesced_transpose39": {"write": {"device_start": -1, "host_queued_start": 1585625111.156593, "device_queued": -1, "device_end": -1, "host_queued_end": 1585625111.178233}, "device": "cpu", "nd_range": {"device_start": 2292885.4919809704, "device_end": 2292885.492319441}, "cmdq": 2, "read": {"device_start": -1, "device_end": -1}}, "FFC_sans_bias79": {"write": {"device_start": -1, "host_queued_start": 1585625111.177193, "device_queued": -1, "device_end": -1, "host_queued_end": 1585625111.178233}, "device": "cpu", "nd_range": {"device_start": 2292885.636329804, "device_end": 2292885.648738271}, "cmdq": 1, "read": {"device_start": -1, "device_end": -1}}, "FFC_sans_bias78": {"write": {"device_start": -1, "host_queued_start": 1585625111.16774, "device_queued": -1, "device_end": -1, "host_queued_end": 1585625111.178233}, "device": "cpu", "nd_range": {"device_start": 2292885.587498126, "device_end": 2292885.602813837}, "cmdq": 0, "read": {"device_start": -1, "device_end": -1}}, "FFC_sans_bias73": {"write": {"device_start": -1, "host_queued_start": 1585625111.150552, "device_queued": -1, "device_end": -1, "host_queued_end": 1585625111.178233}, "device": "cpu", "nd_range": {"device_start": 2292885.465846557, "device_end": 2292885.480395044}, "cmdq": 2, "read": {"device_start": -1, "device_end": -1}}, "FFC_sans_bias72": {"write": {"device_start": -1, "host_queued_start": 1585625111.149497, "device_queued": -1, "device_end": -1, "host_queued_end": 1585625111.178233}, "device": "cpu", "nd_range": {"device_start": 2292885.4616493923, "device_end": 2292885.4711513394}, "cmdq": 1, "read": {"device_start": -1, "device_end": -1}}, "FFC_sans_bias70": {"write": {"device_start": -1, "host_queued_start": 1585625111.176202, "device_queued": -1, "device_end": -1, "host_queued_end": 1585625111.178233}, "device": "cpu", "nd_range": {"device_start": 2292885.6370407674, "device_end": 2292885.652525239}, "cmdq": 0, "read": {"device_start": -1, "device_end": -1}}, "FFC_sans_bias76": {"write": {"device_start": -1, "host_queued_start": 1585625111.161393, "device_queued": -1, "device_end": -1, "host_queued_end": 1585625111.178233}, "device": "cpu", "nd_range": {"device_start": 2292885.5375884813, "device_end": 2292885.553054845}, "cmdq": 1, "read": {"device_start": -1, "device_end": -1}}, "FFC_sans_bias74": {"write": {"device_start": -1, "host_queued_start": 1585625111.15162, "device_queued": -1, "device_end": -1, "host_queued_end": 1585625111.178233}, "device": "cpu", "nd_range": {"device_start": 2292885.491907121, "device_end": 2292885.5005237223}, "cmdq": 0, "read": {"device_start": -1, "device_end": -1}}, "coalesced_transpose102": {"write": {"device_start": -1, "host_queued_start": 1585625111.109396, "device_queued": -1, "device_end": -1, "host_queued_end": 1585625111.113408}, "device": "gpu", "nd_range": {"device_start": 1585625044.6302779, "device_end": 1585625044.6306105}, "cmdq": 0, "read": {"device_start": -1, "device_end": -1}}, "coalesced_transpose3": {"write": {"device_start": -1, "host_queued_start": 1585625111.155261, "device_queued": -1, "device_end": -1, "host_queued_end": 1585625111.178233}, "device": "cpu", "nd_range": {"device_start": 2292885.483774371, "device_end": 2292885.484045259}, "cmdq": 1, "read": {"device_start": -1, "device_end": -1}}, "empty89": {"write": {"device_start": -1, "host_queued_start": 1585625111.122883, "device_queued": -1, "device_end": -1, "host_queued_end": 1585625111.178233}, "device": "cpu", "nd_range": {"device_start": 2292885.3679038943, "device_end": 2292885.3679044833}, "cmdq": 0, "read": {"device_start": -1, "device_end": -1}}, "empty80": {"write": {"device_start": -1, "host_queued_start": 1585625111.122049, "device_queued": -1, "device_end": -1, "host_queued_end": 1585625111.178233}, "device": "cpu", "nd_range": {"device_start": 2292885.368875468, "device_end": 2292885.3688762393}, "cmdq": 2, "read": {"device_start": -1, "device_end": -1}}, "softmax104": {"write": {"device_start": -1, "host_queued_start": 1585625111.110517, "device_queued": -1, "device_end": -1, "host_queued_end": 1585625111.113408}, "device": "gpu", "nd_range": {"device_start": 1585625044.6317394, "device_end": 1585625044.631931}, "cmdq": 1, "read": {"device_start": -1, "device_end": -1}}, "coalesced_transpose21": {"write": {"device_start": -1, "host_queued_start": 1585625111.155931, "device_queued": -1, "device_end": -1, "host_queued_end": 1585625111.178233}, "device": "cpu", "nd_range": {"device_start": 2292885.5112476633, "device_end": 2292885.5114947283}, "cmdq": 0, "read": {"device_start": -1, "device_end": -1}}, "softmax14": {"write": {"device_start": -1, "host_queued_start": 1585625111.162305, "device_queued": -1, "device_end": -1, "host_queued_end": 1585625111.178233}, "device": "cpu", "nd_range": {"device_start": 2292885.553259112, "device_end": 2292885.5535731623}, "cmdq": 1, "read": {"device_start": -1, "device_end": -1}}, "FFC_sans_bias69": {"write": {"device_start": -1, "host_queued_start": 1585625111.167395, "device_queued": -1, "device_end": -1, "host_queued_end": 1585625111.178233}, "device": "cpu", "nd_range": {"device_start": 2292885.579586919, "device_end": 2292885.59487202}, "cmdq": 2, "read": {"device_start": -1, "device_end": -1}}, "FFC_sans_bias92": {"write": {"device_start": 1585625044.627937, "host_queued_start": 1585625111.105561, "device_queued": 1585625044.627803, "device_end": 1585625044.6279619, "host_queued_end": 1585625111.113408}, "device": "gpu", "nd_range": {"device_start": 1585625044.6279805, "device_end": 1585625044.6293204}, "cmdq": 1, "read": {"device_start": -1, "device_end": -1}}, "FFC_sans_bias60": {"write": {"device_start": -1, "host_queued_start": 1585625111.167045, "device_queued": -1, "device_end": -1, "host_queued_end": 1585625111.178233}, "device": "cpu", "nd_range": {"device_start": 2292885.590970972, "device_end": 2292885.6065325653}, "cmdq": 1, "read": {"device_start": -1, "device_end": -1}}, "FFC_sans_bias61": {"write": {"device_start": -1, "host_queued_start": 1585625111.175207, "device_queued": -1, "device_end": -1, "host_queued_end": 1585625111.178233}, "device": "cpu", "nd_range": {"device_start": 2292885.644815316, "device_end": 2292885.652525756}, "cmdq": 2, "read": {"device_start": -1, "device_end": -1}}, "FFC_sans_bias63": {"write": {"device_start": -1, "host_queued_start": 1585625111.148447, "device_queued": -1, "device_end": -1, "host_queued_end": 1585625111.178233}, "device": "cpu", "nd_range": {"device_start": 2292885.484707783, "device_end": 2292885.491899449}, "cmdq": 0, "read": {"device_start": -1, "device_end": -1}}, "FFC_sans_bias64": {"write": {"device_start": -1, "host_queued_start": 1585625111.14632, "device_queued": -1, "device_end": -1, "host_queued_end": 1585625111.178233}, "device": "cpu", "nd_range": {"device_start": 2292885.4503062163, "device_end": 2292885.4615366883}, "cmdq": 1, "read": {"device_start": -1, "device_end": -1}}, "FFC_sans_bias65": {"write": {"device_start": -1, "host_queued_start": 1585625111.147392, "device_queued": -1, "device_end": -1, "host_queued_end": 1585625111.178233}, "device": "cpu", "nd_range": {"device_start": 2292885.453056056, "device_end": 2292885.46572852}, "cmdq": 2, "read": {"device_start": -1, "device_end": -1}}, "FFC_sans_bias67": {"write": {"device_start": -1, "host_queued_start": 1585625111.161048, "device_queued": -1, "device_end": -1, "host_queued_end": 1585625111.178233}, "device": "cpu", "nd_range": {"device_start": 2292885.540638248, "device_end": 2292885.555987948}, "cmdq": 0, "read": {"device_start": -1, "device_end": -1}}, "softmax68": {"write": {"device_start": -1, "host_queued_start": 1585625111.163972, "device_queued": -1, "device_end": -1, "host_queued_end": 1585625111.178233}, "device": "cpu", "nd_range": {"device_start": 2292885.559435431, "device_end": 2292885.559645614}, "cmdq": 1, "read": {"device_start": -1, "device_end": -1}}, "empty35": {"write": {"device_start": -1, "host_queued_start": 1585625111.117746, "device_queued": -1, "device_end": -1, "host_queued_end": 1585625111.178233}, "device": "cpu", "nd_range": {"device_start": 2292885.367890423, "device_end": 2292885.367891596}, "cmdq": 0, "read": {"device_start": -1, "device_end": -1}}, "softmax86": {"write": {"device_start": -1, "host_queued_start": 1585625111.164526, "device_queued": -1, "device_end": -1, "host_queued_end": 1585625111.178233}, "device": "cpu", "nd_range": {"device_start": 2292885.5566715533, "device_end": 2292885.556881362}, "cmdq": 0, "read": {"device_start": -1, "device_end": -1}}, "FFC_sans_bias55": {"write": {"device_start": -1, "host_queued_start": 1585625111.145253, "device_queued": -1, "device_end": -1, "host_queued_end": 1585625111.178233}, "device": "cpu", "nd_range": {"device_start": 2292885.46925206, "device_end": 2292885.48365799}, "cmdq": 0, "read": {"device_start": -1, "device_end": -1}}, "FFC_sans_bias54": {"write": {"device_start": -1, "host_queued_start": 1585625111.144179, "device_queued": -1, "device_end": -1, "host_queued_end": 1585625111.178233}, "device": "cpu", "nd_range": {"device_start": 2292885.43924339, "device_end": 2292885.4529326023}, "cmdq": 2, "read": {"device_start": -1, "device_end": -1}}, "FFC_sans_bias56": {"write": {"device_start": -1, "host_queued_start": 1585625111.14312, "device_queued": -1, "device_end": -1, "host_queued_end": 1585625111.178233}, "device": "cpu", "nd_range": {"device_start": 2292885.438650099, "device_end": 2292885.450193635}, "cmdq": 1, "read": {"device_start": -1, "device_end": -1}}, "FFC_sans_bias51": {"write": {"device_start": -1, "host_queued_start": 1585625111.166697, "device_queued": -1, "device_end": -1, "host_queued_end": 1585625111.178233}, "device": "cpu", "nd_range": {"device_start": 2292885.572155701, "device_end": 2292885.587489305}, "cmdq": 0, "read": {"device_start": -1, "device_end": -1}}, "FFC_sans_bias52": {"write": {"device_start": -1, "host_queued_start": 1585625111.174188, "device_queued": -1, "device_end": -1, "host_queued_end": 1585625111.178233}, "device": "cpu", "nd_range": {"device_start": 2292885.622461143, "device_end": 2292885.636326171}, "cmdq": 1, "read": {"device_start": -1, "device_end": -1}}, "FFC_sans_bias58": {"write": {"device_start": -1, "host_queued_start": 1585625111.160698, "device_queued": -1, "device_end": -1, "host_queued_end": 1585625111.178233}, "device": "cpu", "nd_range": {"device_start": 2292885.524434265, "device_end": 2292885.5377800222}, "cmdq": 2, "read": {"device_start": -1, "device_end": -1}}, "FFC_sans_bias103": {"write": {"device_start": -1, "host_queued_start": 1585625111.110016, "device_queued": -1, "device_end": -1, "host_queued_end": 1585625111.113408}, "device": "gpu", "nd_range": {"device_start": 1585625044.6307318, "device_end": 1585625044.6317296}, "cmdq": 2, "read": {"device_start": -1, "device_end": -1}}, "FFC_sans_bias100": {"write": {"device_start": 1585625044.6288483, "host_queued_start": 1585625111.107717, "device_queued": 1585625044.6280046, "device_end": 1585625044.6288738, "host_queued_end": 1585625111.113408}, "device": "gpu", "nd_range": {"device_start": 1585625044.6288779, "device_end": 1585625044.6302767}, "cmdq": 0, "read": {"device_start": -1, "device_end": -1}}, "FFC_sans_bias101": {"write": {"device_start": 1585625044.6294312, "host_queued_start": 1585625111.108766, "device_queued": 1585625044.6281524, "device_end": 1585625044.629458, "host_queued_end": 1585625111.113408}, "device": "gpu", "nd_range": {"device_start": 1585625044.6294618, "device_end": 1585625044.6307194}, "cmdq": 1, "read": {"device_start": -1, "device_end": -1}}, "FFC_sans_bias106": {"write": {"device_start": 1585625044.632747, "host_queued_start": 1585625111.113308, "device_queued": 1585625044.6285858, "device_end": 1585625044.6328106, "host_queued_end": 1585625111.113408}, "device": "gpu", "nd_range": {"device_start": 1585625044.6331606, "device_end": 1585625044.6341157}, "cmdq": 2, "read": {"device_start": 1585625044.634121, "device_end": 1585625044.6341436}}, "FFC_sans_bias105": {"write": {"device_start": -1, "host_queued_start": 1585625111.111226, "device_queued": -1, "device_end": -1, "host_queued_end": 1585625111.113408}, "device": "gpu", "nd_range": {"device_start": 1585625044.6325457, "device_end": 1585625044.6331563}, "cmdq": 0, "read": {"device_start": -1, "device_end": -1}}, "softmax95": {"write": {"device_start": -1, "host_queued_start": 1585625111.110271, "device_queued": -1, "device_end": -1, "host_queued_end": 1585625111.113408}, "device": "gpu", "nd_range": {"device_start": 1585625044.6317348, "device_end": 1585625044.6319294}, "cmdq": 0, "read": {"device_start": -1, "device_end": -1}}, "coalesced_transpose57": {"write": {"device_start": -1, "host_queued_start": 1585625111.157262, "device_queued": -1, "device_end": -1, "host_queued_end": 1585625111.178233}, "device": "cpu", "nd_range": {"device_start": 2292885.48640822, "device_end": 2292885.486647901}, "cmdq": 1, "read": {"device_start": -1, "device_end": -1}}, "empty26": {"write": {"device_start": -1, "host_queued_start": 1585625111.116877, "device_queued": -1, "device_end": -1, "host_queued_end": 1585625111.178233}, "device": "cpu", "nd_range": {"device_start": 2292885.367905756, "device_end": 2292885.367909598}, "cmdq": 2, "read": {"device_start": -1, "device_end": -1}}, "FFC_sans_bias11": {"write": {"device_start": -1, "host_queued_start": 1585625111.129203, "device_queued": -1, "device_end": -1, "host_queued_end": 1585625111.178233}, "device": "cpu", "nd_range": {"device_start": 2292885.380332381, "device_end": 2292885.397424161}, "cmdq": 0, "read": {"device_start": -1, "device_end": -1}}, "FFC_sans_bias42": {"write": {"device_start": -1, "host_queued_start": 1585625111.166336, "device_queued": -1, "device_end": -1, "host_queued_end": 1585625111.178233}, "device": "cpu", "nd_range": {"device_start": 2292885.564245577, "device_end": 2292885.579579479}, "cmdq": 2, "read": {"device_start": -1, "device_end": -1}}, "FFC_sans_bias43": {"write": {"device_start": -1, "host_queued_start": 1585625111.173174, "device_queued": -1, "device_end": -1, "host_queued_end": 1585625111.178233}, "device": "cpu", "nd_range": {"device_start": 2292885.6207331102, "device_end": 2292885.637037693}, "cmdq": 0, "read": {"device_start": -1, "device_end": -1}}, "FFC_sans_bias40": {"write": {"device_start": -1, "host_queued_start": 1585625111.160009, "device_queued": -1, "device_end": -1, "host_queued_end": 1585625111.178233}, "device": "cpu", "nd_range": {"device_start": 2292885.52533883, "device_end": 2292885.540631488}, "cmdq": 0, "read": {"device_start": -1, "device_end": -1}}, "FFC_sans_bias46": {"write": {"device_start": -1, "host_queued_start": 1585625111.140983, "device_queued": -1, "device_end": -1, "host_queued_end": 1585625111.178233}, "device": "cpu", "nd_range": {"device_start": 2292885.431503993, "device_end": 2292885.439124985}, "cmdq": 2, "read": {"device_start": -1, "device_end": -1}}, "FFC_sans_bias47": {"write": {"device_start": -1, "host_queued_start": 1585625111.142048, "device_queued": -1, "device_end": -1, "host_queued_end": 1585625111.178233}, "device": "cpu", "nd_range": {"device_start": 2292885.450426903, "device_end": 2292885.459776331}, "cmdq": 0, "read": {"device_start": -1, "device_end": -1}}, "FFC_sans_bias45": {"write": {"device_start": -1, "host_queued_start": 1585625111.139891, "device_queued": -1, "device_end": -1, "host_queued_end": 1585625111.178233}, "device": "cpu", "nd_range": {"device_start": 2292885.4242447102, "device_end": 2292885.4385350603}, "cmdq": 1, "read": {"device_start": -1, "device_end": -1}}, "FFC_sans_bias49": {"write": {"device_start": -1, "host_queued_start": 1585625111.160351, "device_queued": -1, "device_end": -1, "host_queued_end": 1585625111.178233}, "device": "cpu", "nd_range": {"device_start": 2292885.5210962733, "device_end": 2292885.537470731}, "cmdq": 1, "read": {"device_start": -1, "device_end": -1}}, "softmax77": {"write": {"device_start": -1, "host_queued_start": 1585625111.164247, "device_queued": -1, "device_end": -1, "host_queued_end": 1585625111.178233}, "device": "cpu", "nd_range": {"device_start": 2292885.553596336, "device_end": 2292885.553813343}, "cmdq": 2, "read": {"device_start": -1, "device_end": -1}}, "softmax5": {"write": {"device_start": -1, "host_queued_start": 1585625111.162023, "device_queued": -1, "device_end": -1, "host_queued_end": 1585625111.178233}, "device": "cpu", "nd_range": {"device_start": 2292885.555998639, "device_end": 2292885.5562175843}, "cmdq": 0, "read": {"device_start": -1, "device_end": -1}}, "empty53": {"write": {"device_start": -1, "host_queued_start": 1585625111.11952, "device_queued": -1, "device_end": -1, "host_queued_end": 1585625111.178233}, "device": "cpu", "nd_range": {"device_start": 2292885.3688651393, "device_end": 2292885.368867958}, "cmdq": 2, "read": {"device_start": -1, "device_end": -1}}, "coalesced_transpose48": {"write": {"device_start": -1, "host_queued_start": 1585625111.156924, "device_queued": -1, "device_end": -1, "host_queued_end": 1585625111.178233}, "device": "cpu", "nd_range": {"device_start": 2292885.511604127, "device_end": 2292885.511852372}, "cmdq": 0, "read": {"device_start": -1, "device_end": -1}}}