{"FFC_sans_bias4": {"write": {"device_start": -1, "host_queued_start": 1585624672.037596, "device_queued": -1, "device_end": -1, "host_queued_end": 1585624672.041549}, "device": "cpu", "nd_range": {"device_start": 2292446.254937909, "device_end": 2292446.267846833}, "cmdq": 0, "read": {"device_start": -1, "device_end": -1}}, "FFC_sans_bias7": {"write": {"device_start": -1, "host_queued_start": 1585624672.040388, "device_queued": -1, "device_end": -1, "host_queued_end": 1585624672.041549}, "device": "cpu", "nd_range": {"device_start": 2292446.275909651, "device_end": 2292446.284270156}, "cmdq": 0, "read": {"device_start": -1, "device_end": -1}}, "FFC_sans_bias6": {"write": {"device_start": -1, "host_queued_start": 1585624672.038869, "device_queued": -1, "device_end": -1, "host_queued_end": 1585624672.041549}, "device": "cpu", "nd_range": {"device_start": 2292446.268296093, "device_end": 2292446.2759010913}, "cmdq": 0, "read": {"device_start": -1, "device_end": -1}}, "FFC_sans_bias1": {"write": {"device_start": -1, "host_queued_start": 1585624672.031738, "device_queued": -1, "device_end": -1, "host_queued_end": 1585624672.041549}, "device": "cpu", "nd_range": {"device_start": 2292446.2311469982, "device_end": 2292446.241863424}, "cmdq": 1, "read": {"device_start": -1, "device_end": -1}}, "FFC_sans_bias0": {"write": {"device_start": -1, "host_queued_start": 1585624672.030465, "device_queued": -1, "device_end": -1, "host_queued_end": 1585624672.041549}, "device": "cpu", "nd_range": {"device_start": 2292446.2311250824, "device_end": 2292446.237839926}, "cmdq": 0, "read": {"device_start": -1, "device_end": -1}}, "FFC_sans_bias2": {"write": {"device_start": -1, "host_queued_start": 1585624672.032977, "device_queued": -1, "device_end": -1, "host_queued_end": 1585624672.041549}, "device": "cpu", "nd_range": {"device_start": 2292446.238142921, "device_end": 2292446.244846546}, "cmdq": 0, "read": {"device_start": -1, "device_end": -1}}, "FFC_sans_bias9": {"write": {"device_start": -1, "host_queued_start": 1585624672.034163, "device_queued": -1, "device_end": -1, "host_queued_end": 1585624672.041549}, "device": "cpu", "nd_range": {"device_start": 2292446.2420929363, "device_end": 2292446.248286265}, "cmdq": 1, "read": {"device_start": -1, "device_end": -1}}, "empty71": {"write": {"device_start": 1585624605.5525794, "host_queued_start": 1585624671.962152, "device_queued": 1585624605.552045, "device_end": 1585624605.5526073, "host_queued_end": 1585624672.025661}, "device": "gpu", "nd_range": {"device_start": 1585624605.5526104, "device_end": 1585624605.5526137}, "cmdq": 0, "read": {"device_start": -1, "device_end": -1}}, "softmax41": {"write": {"device_start": -1, "host_queued_start": 1585624672.006786, "device_queued": -1, "device_end": -1, "host_queued_end": 1585624672.025661}, "device": "gpu", "nd_range": {"device_start": 1585624605.581593, "device_end": 1585624605.581803}, "cmdq": 0, "read": {"device_start": -1, "device_end": -1}}, "FFC_sans_bias37": {"write": {"device_start": 1585624605.5588186, "host_queued_start": 1585624671.97387, "device_queued": 1585624605.5534573, "device_end": 1585624605.558843, "host_queued_end": 1585624672.025661}, "device": "gpu", "nd_range": {"device_start": 1585624605.558849, "device_end": 1585624605.559442}, "cmdq": 0, "read": {"device_start": -1, "device_end": -1}}, "FFC_sans_bias36": {"write": {"device_start": 1585624605.5580766, "host_queued_start": 1585624671.972826, "device_queued": 1585624605.5532284, "device_end": 1585624605.5581002, "host_queued_end": 1585624672.025661}, "device": "gpu", "nd_range": {"device_start": 1585624605.558103, "device_end": 1585624605.558708}, "cmdq": 0, "read": {"device_start": -1, "device_end": -1}}, "FFC_sans_bias34": {"write": {"device_start": 1585624605.5901315, "host_queued_start": 1585624672.015115, "device_queued": 1585624605.5575573, "device_end": 1585624605.5901546, "host_queued_end": 1585624672.025661}, "device": "gpu", "nd_range": {"device_start": 1585624605.5901597, "device_end": 1585624605.590756}, "cmdq": 0, "read": {"device_start": 1585624605.5907586, "device_end": 1585624605.5907807}}, "FFC_sans_bias33": {"write": {"device_start": -1, "host_queued_start": 1585624672.009702, "device_queued": -1, "device_end": -1, "host_queued_end": 1585624672.025661}, "device": "gpu", "nd_range": {"device_start": 1585624605.5838737, "device_end": 1585624605.584472}, "cmdq": 0, "read": {"device_start": -1, "device_end": -1}}, "FFC_sans_bias31": {"write": {"device_start": -1, "host_queued_start": 1585624672.00123, "device_queued": -1, "device_end": -1, "host_queued_end": 1585624672.025661}, "device": "gpu", "nd_range": {"device_start": 1585624605.5757718, "device_end": 1585624605.576369}, "cmdq": 0, "read": {"device_start": -1, "device_end": -1}}, "FFC_sans_bias38": {"write": {"device_start": 1585624605.5595498, "host_queued_start": 1585624671.974966, "device_queued": 1585624605.5535026, "device_end": 1585624605.5595734, "host_queued_end": 1585624672.025661}, "device": "gpu", "nd_range": {"device_start": 1585624605.5595791, "device_end": 1585624605.5601773}, "cmdq": 0, "read": {"device_start": -1, "device_end": -1}}, "coalesced_transpose75": {"write": {"device_start": -1, "host_queued_start": 1585624671.999602, "device_queued": -1, "device_end": -1, "host_queued_end": 1585624672.025661}, "device": "gpu", "nd_range": {"device_start": 1585624605.5751317, "device_end": 1585624605.57514}, "cmdq": 0, "read": {"device_start": -1, "device_end": -1}}, "empty44": {"write": {"device_start": 1585624605.5520794, "host_queued_start": 1585624671.959671, "device_queued": 1585624605.5517333, "device_end": 1585624605.5521045, "host_queued_end": 1585624672.025661}, "device": "gpu", "nd_range": {"device_start": 1585624605.5521152, "device_end": 1585624605.5521188}, "cmdq": 0, "read": {"device_start": -1, "device_end": -1}}, "empty8": {"write": {"device_start": -1, "host_queued_start": 1585624672.027934, "device_queued": -1, "device_end": -1, "host_queued_end": 1585624672.041549}, "device": "cpu", "nd_range": {"device_start": 2292446.2310981583, "device_end": 2292446.2311087283}, "cmdq": 0, "read": {"device_start": -1, "device_end": -1}}, "softmax50": {"write": {"device_start": -1, "host_queued_start": 1585624672.007072, "device_queued": -1, "device_end": -1, "host_queued_end": 1585624672.025661}, "device": "gpu", "nd_range": {"device_start": 1585624605.5818048, "device_end": 1585624605.5820134}, "cmdq": 0, "read": {"device_start": -1, "device_end": -1}}, "softmax59": {"write": {"device_start": -1, "host_queued_start": 1585624672.007375, "device_queued": -1, "device_end": -1, "host_queued_end": 1585624672.025661}, "device": "gpu", "nd_range": {"device_start": 1585624605.5820146, "device_end": 1585624605.5822234}, "cmdq": 0, "read": {"device_start": -1, "device_end": -1}}, "FFC_sans_bias24": {"write": {"device_start": -1, "host_queued_start": 1585624672.009333, "device_queued": -1, "device_end": -1, "host_queued_end": 1585624672.025661}, "device": "gpu", "nd_range": {"device_start": 1585624605.5832744, "device_end": 1585624605.5838726}, "cmdq": 0, "read": {"device_start": -1, "device_end": -1}}, "FFC_sans_bias25": {"write": {"device_start": 1585624605.5893428, "host_queued_start": 1585624672.013816, "device_queued": 1585624605.557412, "device_end": 1585624605.5893672, "host_queued_end": 1585624672.025661}, "device": "gpu", "nd_range": {"device_start": 1585624605.58937, "device_end": 1585624605.5899665}, "cmdq": 0, "read": {"device_start": 1585624605.5899749, "device_end": 1585624605.5899982}}, "FFC_sans_bias27": {"write": {"device_start": 1585624605.5557613, "host_queued_start": 1585624671.969642, "device_queued": 1585624605.5529027, "device_end": 1585624605.555786, "host_queued_end": 1585624672.025661}, "device": "gpu", "nd_range": {"device_start": 1585624605.5557911, "device_end": 1585624605.556388}, "cmdq": 0, "read": {"device_start": -1, "device_end": -1}}, "FFC_sans_bias20": {"write": {"device_start": 1585624605.5550218, "host_queued_start": 1585624671.968597, "device_queued": 1585624605.5527005, "device_end": 1585624605.5550504, "host_queued_end": 1585624672.025661}, "device": "gpu", "nd_range": {"device_start": 1585624605.555057, "device_end": 1585624605.5556593}, "cmdq": 0, "read": {"device_start": -1, "device_end": -1}}, "FFC_sans_bias22": {"write": {"device_start": -1, "host_queued_start": 1585624672.000889, "device_queued": -1, "device_end": -1, "host_queued_end": 1585624672.025661}, "device": "gpu", "nd_range": {"device_start": 1585624605.57517, "device_end": 1585624605.5757706}, "cmdq": 0, "read": {"device_start": -1, "device_end": -1}}, "FFC_sans_bias28": {"write": {"device_start": 1585624605.5565085, "host_queued_start": 1585624671.97072, "device_queued": 1585624605.552955, "device_end": 1585624605.5565403, "host_queued_end": 1585624672.025661}, "device": "gpu", "nd_range": {"device_start": 1585624605.5565546, "device_end": 1585624605.5571513}, "cmdq": 0, "read": {"device_start": -1, "device_end": -1}}, "FFC_sans_bias29": {"write": {"device_start": 1585624605.5572622, "host_queued_start": 1585624671.971776, "device_queued": 1585624605.5531695, "device_end": 1585624605.5572872, "host_queued_end": 1585624672.025661}, "device": "gpu", "nd_range": {"device_start": 1585624605.5572934, "device_end": 1585624605.5578861}, "cmdq": 0, "read": {"device_start": -1, "device_end": -1}}, "coalesced_transpose66": {"write": {"device_start": -1, "host_queued_start": 1585624671.999272, "device_queued": -1, "device_end": -1, "host_queued_end": 1585624672.025661}, "device": "gpu", "nd_range": {"device_start": 1585624605.5751219, "device_end": 1585624605.5751305}, "cmdq": 0, "read": {"device_start": -1, "device_end": -1}}, "coalesced_transpose93": {"write": {"device_start": -1, "host_queued_start": 1585624672.000229, "device_queued": -1, "device_end": -1, "host_queued_end": 1585624672.025661}, "device": "gpu", "nd_range": {"device_start": 1585624605.57515, "device_end": 1585624605.5751584}, "cmdq": 0, "read": {"device_start": -1, "device_end": -1}}, "softmax23": {"write": {"device_start": -1, "host_queued_start": 1585624672.006184, "device_queued": -1, "device_end": -1, "host_queued_end": 1585624672.025661}, "device": "gpu", "nd_range": {"device_start": 1585624605.5811713, "device_end": 1585624605.5813825}, "cmdq": 0, "read": {"device_start": -1, "device_end": -1}}, "empty62": {"write": {"device_start": 1585624605.5524108, "host_queued_start": 1585624671.961332, "device_queued": 1585624605.5519986, "device_end": 1585624605.5524404, "host_queued_end": 1585624672.025661}, "device": "gpu", "nd_range": {"device_start": 1585624605.55245, "device_end": 1585624605.5524595}, "cmdq": 0, "read": {"device_start": -1, "device_end": -1}}, "FFC_sans_bias10": {"write": {"device_start": -1, "host_queued_start": 1585624672.035346, "device_queued": -1, "device_end": -1, "host_queued_end": 1585624672.041549}, "device": "cpu", "nd_range": {"device_start": 2292446.24498113, "device_end": 2292446.2544394983}, "cmdq": 0, "read": {"device_start": -1, "device_end": -1}}, "FFC_sans_bias13": {"write": {"device_start": -1, "host_queued_start": 1585624672.037934, "device_queued": -1, "device_end": -1, "host_queued_end": 1585624672.041549}, "device": "cpu", "nd_range": {"device_start": 2292446.25744606, "device_end": 2292446.266140514}, "cmdq": 1, "read": {"device_start": -1, "device_end": -1}}, "FFC_sans_bias15": {"write": {"device_start": -1, "host_queued_start": 1585624672.039239, "device_queued": -1, "device_end": -1, "host_queued_end": 1585624672.041549}, "device": "cpu", "nd_range": {"device_start": 2292446.266412234, "device_end": 2292446.27163599}, "cmdq": 1, "read": {"device_start": -1, "device_end": -1}}, "FFC_sans_bias16": {"write": {"device_start": -1, "host_queued_start": 1585624672.041503, "device_queued": -1, "device_end": -1, "host_queued_end": 1585624672.041549}, "device": "cpu", "nd_range": {"device_start": 2292446.2716450673, "device_end": 2292446.285027507}, "cmdq": 1, "read": {"device_start": -1, "device_end": -1}}, "FFC_sans_bias19": {"write": {"device_start": 1585624605.5542464, "host_queued_start": 1585624671.967547, "device_queued": 1585624605.552634, "device_end": 1585624605.5542758, "host_queued_end": 1585624672.025661}, "device": "gpu", "nd_range": {"device_start": 1585624605.5542839, "device_end": 1585624605.5548828}, "cmdq": 0, "read": {"device_start": -1, "device_end": -1}}, "FFC_sans_bias18": {"write": {"device_start": 1585624605.553412, "host_queued_start": 1585624671.966474, "device_queued": 1585624605.5523937, "device_end": 1585624605.5534363, "host_queued_end": 1585624672.025661}, "device": "gpu", "nd_range": {"device_start": 1585624605.5534408, "device_end": 1585624605.554039}, "cmdq": 0, "read": {"device_start": -1, "device_end": -1}}, "FFC_sans_bias99": {"write": {"device_start": 1585624605.5731413, "host_queued_start": 1585624671.995232, "device_queued": 1585624605.5553706, "device_end": 1585624605.5731647, "host_queued_end": 1585624672.025661}, "device": "gpu", "nd_range": {"device_start": 1585624605.573171, "device_end": 1585624605.573767}, "cmdq": 0, "read": {"device_start": -1, "device_end": -1}}, "FFC_sans_bias91": {"write": {"device_start": 1585624605.5717387, "host_queued_start": 1585624671.993127, "device_queued": 1585624605.5551777, "device_end": 1585624605.5717618, "host_queued_end": 1585624672.025661}, "device": "gpu", "nd_range": {"device_start": 1585624605.5717678, "device_end": 1585624605.5723681}, "cmdq": 0, "read": {"device_start": -1, "device_end": -1}}, "FFC_sans_bias90": {"write": {"device_start": 1585624605.5711353, "host_queued_start": 1585624671.992078, "device_queued": 1585624605.554986, "device_end": 1585624605.5711582, "host_queued_end": 1585624672.025661}, "device": "gpu", "nd_range": {"device_start": 1585624605.5711648, "device_end": 1585624605.5716655}, "cmdq": 0, "read": {"device_start": -1, "device_end": -1}}, "coalesced_transpose12": {"write": {"device_start": -1, "host_queued_start": 1585624672.037199, "device_queued": -1, "device_end": -1, "host_queued_end": 1585624672.041549}, "device": "cpu", "nd_range": {"device_start": 2292446.257093029, "device_end": 2292446.257330085}, "cmdq": 1, "read": {"device_start": -1, "device_end": -1}}, "FFC_sans_bias94": {"write": {"device_start": -1, "host_queued_start": 1585624672.005477, "device_queued": -1, "device_end": -1, "host_queued_end": 1585624672.025661}, "device": "gpu", "nd_range": {"device_start": 1585624605.5799732, "device_end": 1585624605.5805726}, "cmdq": 0, "read": {"device_start": -1, "device_end": -1}}, "FFC_sans_bias97": {"write": {"device_start": 1585624605.5955942, "host_queued_start": 1585624672.02426, "device_queued": 1585624605.558286, "device_end": 1585624605.5956168, "host_queued_end": 1585624672.025661}, "device": "gpu", "nd_range": {"device_start": 1585624605.5956209, "device_end": 1585624605.596218}, "cmdq": 0, "read": {"device_start": 1585624605.596227, "device_end": 1585624605.5962496}}, "FFC_sans_bias96": {"write": {"device_start": -1, "host_queued_start": 1585624672.01221, "device_queued": -1, "device_end": -1, "host_queued_end": 1585624672.025661}, "device": "gpu", "nd_range": {"device_start": 1585624605.5880623, "device_end": 1585624605.5886614}, "cmdq": 0, "read": {"device_start": -1, "device_end": -1}}, "softmax32": {"write": {"device_start": -1, "host_queued_start": 1585624672.006492, "device_queued": -1, "device_end": -1, "host_queued_end": 1585624672.025661}, "device": "gpu", "nd_range": {"device_start": 1585624605.5813835, "device_end": 1585624605.5815916}, "cmdq": 0, "read": {"device_start": -1, "device_end": -1}}, "coalesced_transpose84": {"write": {"device_start": -1, "host_queued_start": 1585624671.999917, "device_queued": -1, "device_end": -1, "host_queued_end": 1585624672.025661}, "device": "gpu", "nd_range": {"device_start": 1585624605.575141, "device_end": 1585624605.5751488}, "cmdq": 0, "read": {"device_start": -1, "device_end": -1}}, "empty98": {"write": {"device_start": 1585624605.553121, "host_queued_start": 1585624671.96466, "device_queued": 1585624605.5523098, "device_end": 1585624605.5531454, "host_queued_end": 1585624672.025661}, "device": "gpu", "nd_range": {"device_start": 1585624605.5531487, "device_end": 1585624605.5531523}, "cmdq": 0, "read": {"device_start": -1, "device_end": -1}}, "empty107": {"write": {"device_start": 1585624605.5532494, "host_queued_start": 1585624671.965484, "device_queued": 1585624605.5523603, "device_end": 1585624605.5532823, "host_queued_end": 1585624672.025661}, "device": "gpu", "nd_range": {"device_start": 1585624605.5532885, "device_end": 1585624605.553292}, "cmdq": 0, "read": {"device_start": -1, "device_end": -1}}, "empty17": {"write": {"device_start": -1, "host_queued_start": 1585624672.029167, "device_queued": -1, "device_end": -1, "host_queued_end": 1585624672.041549}, "device": "cpu", "nd_range": {"device_start": 2292446.231127087, "device_end": 2292446.2311318503}, "cmdq": 1, "read": {"device_start": -1, "device_end": -1}}, "FFC_sans_bias87": {"write": {"device_start": -1, "host_queued_start": 1585624672.011841, "device_queued": -1, "device_end": -1, "host_queued_end": 1585624672.025661}, "device": "gpu", "nd_range": {"device_start": 1585624605.5874608, "device_end": 1585624605.588061}, "cmdq": 0, "read": {"device_start": -1, "device_end": -1}}, "FFC_sans_bias85": {"write": {"device_start": -1, "host_queued_start": 1585624672.004991, "device_queued": -1, "device_end": -1, "host_queued_end": 1585624672.025661}, "device": "gpu", "nd_range": {"device_start": 1585624605.5793724, "device_end": 1585624605.5799723}, "cmdq": 0, "read": {"device_start": -1, "device_end": -1}}, "FFC_sans_bias82": {"write": {"device_start": 1585624605.5697417, "host_queued_start": 1585624671.989969, "device_queued": 1585624605.5547824, "device_end": 1585624605.5697641, "host_queued_end": 1585624672.025661}, "device": "gpu", "nd_range": {"device_start": 1585624605.56977, "device_end": 1585624605.5703702}, "cmdq": 0, "read": {"device_start": -1, "device_end": -1}}, "FFC_sans_bias83": {"write": {"device_start": 1585624605.5704422, "host_queued_start": 1585624671.99103, "device_queued": 1585624605.554926, "device_end": 1585624605.5704653, "host_queued_end": 1585624672.025661}, "device": "gpu", "nd_range": {"device_start": 1585624605.5704715, "device_end": 1585624605.571058}, "cmdq": 0, "read": {"device_start": -1, "device_end": -1}}, "FFC_sans_bias81": {"write": {"device_start": 1585624605.569031, "host_queued_start": 1585624671.988923, "device_queued": 1585624605.5547302, "device_end": 1585624605.5690541, "host_queued_end": 1585624672.025661}, "device": "gpu", "nd_range": {"device_start": 1585624605.5690606, "device_end": 1585624605.5696619}, "cmdq": 0, "read": {"device_start": -1, "device_end": -1}}, "FFC_sans_bias88": {"write": {"device_start": 1585624605.5948188, "host_queued_start": 1585624672.023001, "device_queued": 1585624605.558234, "device_end": 1585624605.5948415, "host_queued_end": 1585624672.025661}, "device": "gpu", "nd_range": {"device_start": 1585624605.5948455, "device_end": 1585624605.5954447}, "cmdq": 0, "read": {"device_start": 1585624605.5954518, "device_end": 1585624605.5954745}}, "coalesced_transpose30": {"write": {"device_start": -1, "host_queued_start": 1585624671.997999, "device_queued": -1, "device_end": -1, "host_queued_end": 1585624672.025661}, "device": "gpu", "nd_range": {"device_start": 1585624605.5750837, "device_end": 1585624605.5750918}, "cmdq": 0, "read": {"device_start": -1, "device_end": -1}}, "coalesced_transpose39": {"write": {"device_start": -1, "host_queued_start": 1585624671.998314, "device_queued": -1, "device_end": -1, "host_queued_end": 1585624672.025661}, "device": "gpu", "nd_range": {"device_start": 1585624605.5750928, "device_end": 1585624605.5751014}, "cmdq": 0, "read": {"device_start": -1, "device_end": -1}}, "FFC_sans_bias79": {"write": {"device_start": 1585624605.5940447, "host_queued_start": 1585624672.021729, "device_queued": 1585624605.5580692, "device_end": 1585624605.594067, "host_queued_end": 1585624672.025661}, "device": "gpu", "nd_range": {"device_start": 1585624605.5940714, "device_end": 1585624605.5946681}, "cmdq": 0, "read": {"device_start": 1585624605.5946703, "device_end": 1585624605.594693}}, "FFC_sans_bias78": {"write": {"device_start": -1, "host_queued_start": 1585624672.011488, "device_queued": -1, "device_end": -1, "host_queued_end": 1585624672.025661}, "device": "gpu", "nd_range": {"device_start": 1585624605.5868597, "device_end": 1585624605.5874596}, "cmdq": 0, "read": {"device_start": -1, "device_end": -1}}, "FFC_sans_bias73": {"write": {"device_start": 1585624605.5676415, "host_queued_start": 1585624671.986811, "device_queued": 1585624605.554539, "device_end": 1585624605.567665, "host_queued_end": 1585624672.025661}, "device": "gpu", "nd_range": {"device_start": 1585624605.5676708, "device_end": 1585624605.5682595}, "cmdq": 0, "read": {"device_start": -1, "device_end": -1}}, "FFC_sans_bias72": {"write": {"device_start": 1585624605.5669317, "host_queued_start": 1585624671.985761, "device_queued": 1585624605.5543973, "device_end": 1585624605.5669587, "host_queued_end": 1585624672.025661}, "device": "gpu", "nd_range": {"device_start": 1585624605.5669615, "device_end": 1585624605.5675533}, "cmdq": 0, "read": {"device_start": -1, "device_end": -1}}, "FFC_sans_bias70": {"write": {"device_start": 1585624605.593268, "host_queued_start": 1585624672.020443, "device_queued": 1585624605.5579946, "device_end": 1585624605.593291, "host_queued_end": 1585624672.025661}, "device": "gpu", "nd_range": {"device_start": 1585624605.5932941, "device_end": 1585624605.59389}, "cmdq": 0, "read": {"device_start": 1585624605.593892, "device_end": 1585624605.593916}}, "FFC_sans_bias76": {"write": {"device_start": -1, "host_queued_start": 1585624672.00423, "device_queued": -1, "device_end": -1, "host_queued_end": 1585624672.025661}, "device": "gpu", "nd_range": {"device_start": 1585624605.57877, "device_end": 1585624605.5793707}, "cmdq": 0, "read": {"device_start": -1, "device_end": -1}}, "FFC_sans_bias74": {"write": {"device_start": 1585624605.5683358, "host_queued_start": 1585624671.987869, "device_queued": 1585624605.5545926, "device_end": 1585624605.568363, "host_queued_end": 1585624672.025661}, "device": "gpu", "nd_range": {"device_start": 1585624605.5683658, "device_end": 1585624605.5689564}, "cmdq": 0, "read": {"device_start": -1, "device_end": -1}}, "coalesced_transpose102": {"write": {"device_start": -1, "host_queued_start": 1585624672.000552, "device_queued": -1, "device_end": -1, "host_queued_end": 1585624672.025661}, "device": "gpu", "nd_range": {"device_start": 1585624605.5751593, "device_end": 1585624605.5751681}, "cmdq": 0, "read": {"device_start": -1, "device_end": -1}}, "coalesced_transpose3": {"write": {"device_start": -1, "host_queued_start": 1585624672.036872, "device_queued": -1, "device_end": -1, "host_queued_end": 1585624672.041549}, "device": "cpu", "nd_range": {"device_start": 2292446.254588154, "device_end": 2292446.254827973}, "cmdq": 0, "read": {"device_start": -1, "device_end": -1}}, "empty89": {"write": {"device_start": 1585624605.5529807, "host_queued_start": 1585624671.963841, "device_queued": 1585624605.55212, "device_end": 1585624605.553005, "host_queued_end": 1585624672.025661}, "device": "gpu", "nd_range": {"device_start": 1585624605.5530083, "device_end": 1585624605.553012}, "cmdq": 0, "read": {"device_start": -1, "device_end": -1}}, "empty80": {"write": {"device_start": 1585624605.5527241, "host_queued_start": 1585624671.963022, "device_queued": 1585624605.5520804, "device_end": 1585624605.5527556, "host_queued_end": 1585624672.025661}, "device": "gpu", "nd_range": {"device_start": 1585624605.5527594, "device_end": 1585624605.552763}, "cmdq": 0, "read": {"device_start": -1, "device_end": -1}}, "softmax104": {"write": {"device_start": -1, "host_queued_start": 1585624672.008973, "device_queued": -1, "device_end": -1, "host_queued_end": 1585624672.025661}, "device": "gpu", "nd_range": {"device_start": 1585624605.583064, "device_end": 1585624605.5832732}, "cmdq": 0, "read": {"device_start": -1, "device_end": -1}}, "coalesced_transpose21": {"write": {"device_start": -1, "host_queued_start": 1585624671.997685, "device_queued": -1, "device_end": -1, "host_queued_end": 1585624672.025661}, "device": "gpu", "nd_range": {"device_start": 1585624605.5750737, "device_end": 1585624605.5750823}, "cmdq": 0, "read": {"device_start": -1, "device_end": -1}}, "softmax14": {"write": {"device_start": -1, "host_queued_start": 1585624672.038511, "device_queued": -1, "device_end": -1, "host_queued_end": 1585624672.041549}, "device": "cpu", "nd_range": {"device_start": 2292446.266149588, "device_end": 2292446.2662791354}, "cmdq": 1, "read": {"device_start": -1, "device_end": -1}}, "FFC_sans_bias69": {"write": {"device_start": -1, "host_queued_start": 1585624672.011132, "device_queued": -1, "device_end": -1, "host_queued_end": 1585624672.025661}, "device": "gpu", "nd_range": {"device_start": 1585624605.5862598, "device_end": 1585624605.586858}, "cmdq": 0, "read": {"device_start": -1, "device_end": -1}}, "FFC_sans_bias92": {"write": {"device_start": 1585624605.57244, "host_queued_start": 1585624671.99418, "device_queued": 1585624605.5552337, "device_end": 1585624605.572462, "host_queued_end": 1585624672.025661}, "device": "gpu", "nd_range": {"device_start": 1585624605.5724683, "device_end": 1585624605.5730698}, "cmdq": 0, "read": {"device_start": -1, "device_end": -1}}, "FFC_sans_bias60": {"write": {"device_start": -1, "host_queued_start": 1585624672.010768, "device_queued": -1, "device_end": -1, "host_queued_end": 1585624672.025661}, "device": "gpu", "nd_range": {"device_start": 1585624605.5856612, "device_end": 1585624605.586259}, "cmdq": 0, "read": {"device_start": -1, "device_end": -1}}, "FFC_sans_bias61": {"write": {"device_start": 1585624605.592475, "host_queued_start": 1585624672.019119, "device_queued": 1585624605.5578113, "device_end": 1585624605.5924978, "host_queued_end": 1585624672.025661}, "device": "gpu", "nd_range": {"device_start": 1585624605.5925016, "device_end": 1585624605.5930986}, "cmdq": 0, "read": {"device_start": 1585624605.5931077, "device_end": 1585624605.59313}}, "FFC_sans_bias63": {"write": {"device_start": 1585624605.5661619, "host_queued_start": 1585624671.984708, "device_queued": 1585624605.5543447, "device_end": 1585624605.5661862, "host_queued_end": 1585624672.025661}, "device": "gpu", "nd_range": {"device_start": 1585624605.5661912, "device_end": 1585624605.5667803}, "cmdq": 0, "read": {"device_start": -1, "device_end": -1}}, "FFC_sans_bias64": {"write": {"device_start": 1585624605.5646892, "host_queued_start": 1585624671.982599, "device_queued": 1585624605.5541484, "device_end": 1585624605.564713, "host_queued_end": 1585624672.025661}, "device": "gpu", "nd_range": {"device_start": 1585624605.564721, "device_end": 1585624605.5653121}, "cmdq": 0, "read": {"device_start": -1, "device_end": -1}}, "FFC_sans_bias65": {"write": {"device_start": 1585624605.5654197, "host_queued_start": 1585624671.983656, "device_queued": 1585624605.5542102, "device_end": 1585624605.5654418, "host_queued_end": 1585624672.025661}, "device": "gpu", "nd_range": {"device_start": 1585624605.5654519, "device_end": 1585624605.5660486}, "cmdq": 0, "read": {"device_start": -1, "device_end": -1}}, "FFC_sans_bias67": {"write": {"device_start": -1, "host_queued_start": 1585624672.003504, "device_queued": -1, "device_end": -1, "host_queued_end": 1585624672.025661}, "device": "gpu", "nd_range": {"device_start": 1585624605.5781693, "device_end": 1585624605.578769}, "cmdq": 0, "read": {"device_start": -1, "device_end": -1}}, "softmax68": {"write": {"device_start": -1, "host_queued_start": 1585624672.007657, "device_queued": -1, "device_end": -1, "host_queued_end": 1585624672.025661}, "device": "gpu", "nd_range": {"device_start": 1585624605.5822244, "device_end": 1585624605.5824335}, "cmdq": 0, "read": {"device_start": -1, "device_end": -1}}, "empty35": {"write": {"device_start": 1585624605.5519404, "host_queued_start": 1585624671.958782, "device_queued": 1585624605.5516946, "device_end": 1585624605.5519693, "host_queued_end": 1585624672.025661}, "device": "gpu", "nd_range": {"device_start": 1585624605.5519757, "device_end": 1585624605.551979}, "cmdq": 0, "read": {"device_start": -1, "device_end": -1}}, "softmax86": {"write": {"device_start": -1, "host_queued_start": 1585624672.008361, "device_queued": -1, "device_end": -1, "host_queued_end": 1585624672.025661}, "device": "gpu", "nd_range": {"device_start": 1585624605.5826442, "device_end": 1585624605.5828533}, "cmdq": 0, "read": {"device_start": -1, "device_end": -1}}, "FFC_sans_bias55": {"write": {"device_start": 1585624605.5639472, "host_queued_start": 1585624671.981526, "device_queued": 1585624605.5539718, "device_end": 1585624605.5639696, "host_queued_end": 1585624672.025661}, "device": "gpu", "nd_range": {"device_start": 1585624605.5639753, "device_end": 1585624605.564575}, "cmdq": 0, "read": {"device_start": -1, "device_end": -1}}, "FFC_sans_bias54": {"write": {"device_start": 1585624605.5632086, "host_queued_start": 1585624671.980483, "device_queued": 1585624605.5539274, "device_end": 1585624605.563232, "host_queued_end": 1585624672.025661}, "device": "gpu", "nd_range": {"device_start": 1585624605.563238, "device_end": 1585624605.563835}, "cmdq": 0, "read": {"device_start": -1, "device_end": -1}}, "FFC_sans_bias56": {"write": {"device_start": 1585624605.5624702, "host_queued_start": 1585624671.979405, "device_queued": 1585624605.5538106, "device_end": 1585624605.562493, "host_queued_end": 1585624672.025661}, "device": "gpu", "nd_range": {"device_start": 1585624605.5624998, "device_end": 1585624605.5630994}, "cmdq": 0, "read": {"device_start": -1, "device_end": -1}}, "FFC_sans_bias51": {"write": {"device_start": -1, "host_queued_start": 1585624672.010408, "device_queued": -1, "device_end": -1, "host_queued_end": 1585624672.025661}, "device": "gpu", "nd_range": {"device_start": 1585624605.5850651, "device_end": 1585624605.5856602}, "cmdq": 0, "read": {"device_start": -1, "device_end": -1}}, "FFC_sans_bias52": {"write": {"device_start": 1585624605.5916998, "host_queued_start": 1585624672.017711, "device_queued": 1585624605.5577617, "device_end": 1585624605.591723, "host_queued_end": 1585624672.025661}, "device": "gpu", "nd_range": {"device_start": 1585624605.5917265, "device_end": 1585624605.5923226}, "cmdq": 0, "read": {"device_start": 1585624605.5923252, "device_end": 1585624605.5923474}}, "FFC_sans_bias58": {"write": {"device_start": -1, "host_queued_start": 1585624672.002829, "device_queued": -1, "device_end": -1, "host_queued_end": 1585624672.025661}, "device": "gpu", "nd_range": {"device_start": 1585624605.5775702, "device_end": 1585624605.5781684}, "cmdq": 0, "read": {"device_start": -1, "device_end": -1}}, "FFC_sans_bias103": {"write": {"device_start": -1, "host_queued_start": 1585624672.005858, "device_queued": -1, "device_end": -1, "host_queued_end": 1585624672.025661}, "device": "gpu", "nd_range": {"device_start": 1585624605.5805738, "device_end": 1585624605.5811703}, "cmdq": 0, "read": {"device_start": -1, "device_end": -1}}, "FFC_sans_bias100": {"write": {"device_start": 1585624605.5738425, "host_queued_start": 1585624671.996298, "device_queued": 1585624605.555427, "device_end": 1585624605.5738664, "host_queued_end": 1585624672.025661}, "device": "gpu", "nd_range": {"device_start": 1585624605.5738692, "device_end": 1585624605.574369}, "cmdq": 0, "read": {"device_start": -1, "device_end": -1}}, "FFC_sans_bias101": {"write": {"device_start": 1585624605.5744438, "host_queued_start": 1585624671.99735, "device_queued": 1585624605.5555615, "device_end": 1585624605.5744677, "host_queued_end": 1585624672.025661}, "device": "gpu", "nd_range": {"device_start": 1585624605.5744734, "device_end": 1585624605.5750725}, "cmdq": 0, "read": {"device_start": -1, "device_end": -1}}, "FFC_sans_bias106": {"write": {"device_start": 1585624605.5963705, "host_queued_start": 1585624672.025533, "device_queued": 1585624605.558423, "device_end": 1585624605.5963929, "host_queued_end": 1585624672.025661}, "device": "gpu", "nd_range": {"device_start": 1585624605.596397, "device_end": 1585624605.5969875}, "cmdq": 0, "read": {"device_start": 1585624605.5969949, "device_end": 1585624605.5970173}}, "FFC_sans_bias105": {"write": {"device_start": -1, "host_queued_start": 1585624672.012568, "device_queued": -1, "device_end": -1, "host_queued_end": 1585624672.025661}, "device": "gpu", "nd_range": {"device_start": 1585624605.5886626, "device_end": 1585624605.589256}, "cmdq": 0, "read": {"device_start": -1, "device_end": -1}}, "softmax95": {"write": {"device_start": -1, "host_queued_start": 1585624672.008664, "device_queued": -1, "device_end": -1, "host_queued_end": 1585624672.025661}, "device": "gpu", "nd_range": {"device_start": 1585624605.5828545, "device_end": 1585624605.583063}, "cmdq": 0, "read": {"device_start": -1, "device_end": -1}}, "coalesced_transpose57": {"write": {"device_start": -1, "host_queued_start": 1585624671.998939, "device_queued": -1, "device_end": -1, "host_queued_end": 1585624672.025661}, "device": "gpu", "nd_range": {"device_start": 1585624605.5751126, "device_end": 1585624605.5751207}, "cmdq": 0, "read": {"device_start": -1, "device_end": -1}}, "empty26": {"write": {"device_start": 1585624605.5516212, "host_queued_start": 1585624671.957699, "device_queued": 1585624605.5514812, "device_end": 1585624605.5516534, "host_queued_end": 1585624672.025661}, "device": "gpu", "nd_range": {"device_start": 1585624605.5518105, "device_end": 1585624605.5518155}, "cmdq": 0, "read": {"device_start": -1, "device_end": -1}}, "FFC_sans_bias11": {"write": {"device_start": -1, "host_queued_start": 1585624672.0365, "device_queued": -1, "device_end": -1, "host_queued_end": 1585624672.041549}, "device": "cpu", "nd_range": {"device_start": 2292446.248404064, "device_end": 2292446.256967621}, "cmdq": 1, "read": {"device_start": -1, "device_end": -1}}, "FFC_sans_bias42": {"write": {"device_start": -1, "host_queued_start": 1585624672.010055, "device_queued": -1, "device_end": -1, "host_queued_end": 1585624672.025661}, "device": "gpu", "nd_range": {"device_start": 1585624605.584473, "device_end": 1585624605.5850635}, "cmdq": 0, "read": {"device_start": -1, "device_end": -1}}, "FFC_sans_bias43": {"write": {"device_start": 1585624605.5909178, "host_queued_start": 1585624672.016392, "device_queued": 1585624605.5576134, "device_end": 1585624605.59094, "host_queued_end": 1585624672.025661}, "device": "gpu", "nd_range": {"device_start": 1585624605.590944, "device_end": 1585624605.591541}, "cmdq": 0, "read": {"device_start": 1585624605.5915504, "device_end": 1585624605.5915728}}, "FFC_sans_bias40": {"write": {"device_start": -1, "host_queued_start": 1585624672.001651, "device_queued": -1, "device_end": -1, "host_queued_end": 1585624672.025661}, "device": "gpu", "nd_range": {"device_start": 1585624605.57637, "device_end": 1585624605.576968}, "cmdq": 0, "read": {"device_start": -1, "device_end": -1}}, "FFC_sans_bias46": {"write": {"device_start": 1585624605.5610058, "host_queued_start": 1585624671.977265, "device_queued": 1585624605.553656, "device_end": 1585624605.5610287, "host_queued_end": 1585624672.025661}, "device": "gpu", "nd_range": {"device_start": 1585624605.5610354, "device_end": 1585624605.5616355}, "cmdq": 0, "read": {"device_start": -1, "device_end": -1}}, "FFC_sans_bias47": {"write": {"device_start": 1585624605.5617433, "host_queued_start": 1585624671.978331, "device_queued": 1585624605.5537765, "device_end": 1585624605.5617664, "host_queued_end": 1585624672.025661}, "device": "gpu", "nd_range": {"device_start": 1585624605.5617726, "device_end": 1585624605.562367}, "cmdq": 0, "read": {"device_start": -1, "device_end": -1}}, "FFC_sans_bias45": {"write": {"device_start": 1585624605.560278, "host_queued_start": 1585624671.976031, "device_queued": 1585624605.553621, "device_end": 1585624605.560301, "host_queued_end": 1585624672.025661}, "device": "gpu", "nd_range": {"device_start": 1585624605.5603073, "device_end": 1585624605.560898}, "cmdq": 0, "read": {"device_start": -1, "device_end": -1}}, "FFC_sans_bias49": {"write": {"device_start": -1, "host_queued_start": 1585624672.002177, "device_queued": -1, "device_end": -1, "host_queued_end": 1585624672.025661}, "device": "gpu", "nd_range": {"device_start": 1585624605.5769691, "device_end": 1585624605.5775683}, "cmdq": 0, "read": {"device_start": -1, "device_end": -1}}, "softmax77": {"write": {"device_start": -1, "host_queued_start": 1585624672.007933, "device_queued": -1, "device_end": -1, "host_queued_end": 1585624672.025661}, "device": "gpu", "nd_range": {"device_start": 1585624605.5824344, "device_end": 1585624605.5826433}, "cmdq": 0, "read": {"device_start": -1, "device_end": -1}}, "softmax5": {"write": {"device_start": -1, "host_queued_start": 1585624672.038243, "device_queued": -1, "device_end": -1, "host_queued_end": 1585624672.041549}, "device": "cpu", "nd_range": {"device_start": 2292446.267967844, "device_end": 2292446.268184442}, "cmdq": 0, "read": {"device_start": -1, "device_end": -1}}, "empty53": {"write": {"device_start": 1585624605.552223, "host_queued_start": 1585624671.960519, "device_queued": 1585624605.5517771, "device_end": 1585624605.552252, "host_queued_end": 1585624672.025661}, "device": "gpu", "nd_range": {"device_start": 1585624605.5522573, "device_end": 1585624605.5522606}, "cmdq": 0, "read": {"device_start": -1, "device_end": -1}}, "coalesced_transpose48": {"write": {"device_start": -1, "host_queued_start": 1585624671.998631, "device_queued": -1, "device_end": -1, "host_queued_end": 1585624672.025661}, "device": "gpu", "nd_range": {"device_start": 1585624605.5751023, "device_end": 1585624605.575111}, "cmdq": 0, "read": {"device_start": -1, "device_end": -1}}}