{"FFC_sans_bias4": {"write": {"device_start": -1, "host_queued_start": 1585625177.913906, "device_queued": -1, "device_end": -1, "host_queued_end": 1585625177.927643}, "device": "cpu", "nd_range": {"device_start": 2292952.208086477, "device_end": 2292952.23254967}, "cmdq": 0, "read": {"device_start": -1, "device_end": -1}}, "FFC_sans_bias7": {"write": {"device_start": -1, "host_queued_start": 1585625177.92144, "device_queued": -1, "device_end": -1, "host_queued_end": 1585625177.927643}, "device": "cpu", "nd_range": {"device_start": 2292952.2745703263, "device_end": 2292952.289826561}, "cmdq": 1, "read": {"device_start": -1, "device_end": -1}}, "FFC_sans_bias6": {"write": {"device_start": -1, "host_queued_start": 1585625177.918287, "device_queued": -1, "device_end": -1, "host_queued_end": 1585625177.927643}, "device": "cpu", "nd_range": {"device_start": 2292952.2495133244, "device_end": 2292952.264997383}, "cmdq": 4, "read": {"device_start": -1, "device_end": -1}}, "FFC_sans_bias1": {"write": {"device_start": -1, "host_queued_start": 1585625177.890201, "device_queued": -1, "device_end": -1, "host_queued_end": 1585625177.927643}, "device": "cpu", "nd_range": {"device_start": 2292952.11731385, "device_end": 2292952.132570018}, "cmdq": 3, "read": {"device_start": -1, "device_end": -1}}, "FFC_sans_bias0": {"write": {"device_start": -1, "host_queued_start": 1585625177.88914, "device_queued": -1, "device_end": -1, "host_queued_end": 1585625177.927643}, "device": "cpu", "nd_range": {"device_start": 2292952.117283335, "device_end": 2292952.133747036}, "cmdq": 2, "read": {"device_start": -1, "device_end": -1}}, "FFC_sans_bias2": {"write": {"device_start": -1, "host_queued_start": 1585625177.891327, "device_queued": -1, "device_end": -1, "host_queued_end": 1585625177.927643}, "device": "cpu", "nd_range": {"device_start": 2292952.117943439, "device_end": 2292952.1332018133}, "cmdq": 4, "read": {"device_start": -1, "device_end": -1}}, "FFC_sans_bias9": {"write": {"device_start": -1, "host_queued_start": 1585625177.892383, "device_queued": -1, "device_end": -1, "host_queued_end": 1585625177.927643}, "device": "cpu", "nd_range": {"device_start": 2292952.1338586314, "device_end": 2292952.1498279152}, "cmdq": 0, "read": {"device_start": -1, "device_end": -1}}, "empty71": {"write": {"device_start": 1585625111.3926709, "host_queued_start": 1585625177.849388, "device_queued": 1585625111.392525, "device_end": 1585625111.3927243, "host_queued_end": 1585625177.880302}, "device": "gpu", "nd_range": {"device_start": 1585625111.3927305, "device_end": 1585625111.392742}, "cmdq": 0, "read": {"device_start": -1, "device_end": -1}}, "softmax41": {"write": {"device_start": -1, "host_queued_start": 1585625177.917391, "device_queued": -1, "device_end": -1, "host_queued_end": 1585625177.927643}, "device": "cpu", "nd_range": {"device_start": 2292952.2591157593, "device_end": 2292952.2593315872}, "cmdq": 1, "read": {"device_start": -1, "device_end": -1}}, "FFC_sans_bias37": {"write": {"device_start": -1, "host_queued_start": 1585625177.903724, "device_queued": -1, "device_end": -1, "host_queued_end": 1585625177.927643}, "device": "cpu", "nd_range": {"device_start": 2292952.166322357, "device_end": 2292952.182422467}, "cmdq": 0, "read": {"device_start": -1, "device_end": -1}}, "FFC_sans_bias36": {"write": {"device_start": -1, "host_queued_start": 1585625177.902584, "device_queued": -1, "device_end": -1, "host_queued_end": 1585625177.927643}, "device": "cpu", "nd_range": {"device_start": 2292952.148582527, "device_end": 2292952.1637672083}, "cmdq": 4, "read": {"device_start": -1, "device_end": -1}}, "FFC_sans_bias34": {"write": {"device_start": -1, "host_queued_start": 1585625177.924538, "device_queued": -1, "device_end": -1, "host_queued_end": 1585625177.927643}, "device": "cpu", "nd_range": {"device_start": 2292952.280935388, "device_end": 2292952.29630255}, "cmdq": 4, "read": {"device_start": -1, "device_end": -1}}, "FFC_sans_bias33": {"write": {"device_start": -1, "host_queued_start": 1585625177.919336, "device_queued": -1, "device_end": -1, "host_queued_end": 1585625177.927643}, "device": "cpu", "nd_range": {"device_start": 2292952.2488947073, "device_end": 2292952.265110093}, "cmdq": 2, "read": {"device_start": -1, "device_end": -1}}, "FFC_sans_bias31": {"write": {"device_start": -1, "host_queued_start": 1585625177.914953, "device_queued": -1, "device_end": -1, "host_queued_end": 1585625177.927643}, "device": "cpu", "nd_range": {"device_start": 2292952.2174800513, "device_end": 2292952.2328413483}, "cmdq": 3, "read": {"device_start": -1, "device_end": -1}}, "FFC_sans_bias38": {"write": {"device_start": -1, "host_queued_start": 1585625177.904813, "device_queued": -1, "device_end": -1, "host_queued_end": 1585625177.927643}, "device": "cpu", "nd_range": {"device_start": 2292952.167120886, "device_end": 2292952.196220747}, "cmdq": 1, "read": {"device_start": -1, "device_end": -1}}, "coalesced_transpose75": {"write": {"device_start": -1, "host_queued_start": 1585625177.869606, "device_queued": -1, "device_end": -1, "host_queued_end": 1585625177.880302}, "device": "gpu", "nd_range": {"device_start": 1585625111.400109, "device_end": 1585625111.4004781}, "cmdq": 0, "read": {"device_start": -1, "device_end": -1}}, "empty44": {"write": {"device_start": -1, "host_queued_start": 1585625177.886173, "device_queued": -1, "device_end": -1, "host_queued_end": 1585625177.927643}, "device": "cpu", "nd_range": {"device_start": 2292952.117570448, "device_end": 2292952.117574187}, "cmdq": 4, "read": {"device_start": -1, "device_end": -1}}, "empty8": {"write": {"device_start": -1, "host_queued_start": 1585625177.881926, "device_queued": -1, "device_end": -1, "host_queued_end": 1585625177.927643}, "device": "cpu", "nd_range": {"device_start": 2292952.117247818, "device_end": 2292952.117261051}, "cmdq": 0, "read": {"device_start": -1, "device_end": -1}}, "softmax50": {"write": {"device_start": -1, "host_queued_start": 1585625177.917667, "device_queued": -1, "device_end": -1, "host_queued_end": 1585625177.927643}, "device": "cpu", "nd_range": {"device_start": 2292952.248675804, "device_end": 2292952.248887772}, "cmdq": 2, "read": {"device_start": -1, "device_end": -1}}, "softmax59": {"write": {"device_start": -1, "host_queued_start": 1585625177.917945, "device_queued": -1, "device_end": -1, "host_queued_end": 1585625177.927643}, "device": "cpu", "nd_range": {"device_start": 2292952.265343823, "device_end": 2292952.2655495442}, "cmdq": 3, "read": {"device_start": -1, "device_end": -1}}, "FFC_sans_bias24": {"write": {"device_start": -1, "host_queued_start": 1585625177.918987, "device_queued": -1, "device_end": -1, "host_queued_end": 1585625177.927643}, "device": "cpu", "nd_range": {"device_start": 2292952.259337705, "device_end": 2292952.274560622}, "cmdq": 1, "read": {"device_start": -1, "device_end": -1}}, "FFC_sans_bias25": {"write": {"device_start": -1, "host_queued_start": 1585625177.923522, "device_queued": -1, "device_end": -1, "host_queued_end": 1585625177.927643}, "device": "cpu", "nd_range": {"device_start": 2292952.2817883333, "device_end": 2292952.297613007}, "cmdq": 3, "read": {"device_start": -1, "device_end": -1}}, "FFC_sans_bias27": {"write": {"device_start": -1, "host_queued_start": 1585625177.899412, "device_queued": -1, "device_end": -1, "host_queued_end": 1585625177.927643}, "device": "cpu", "nd_range": {"device_start": 2292952.136359114, "device_end": 2292952.1593265473}, "cmdq": 1, "read": {"device_start": -1, "device_end": -1}}, "FFC_sans_bias20": {"write": {"device_start": -1, "host_queued_start": 1585625177.898342, "device_queued": -1, "device_end": -1, "host_queued_end": 1585625177.927643}, "device": "cpu", "nd_range": {"device_start": 2292952.1499447003, "device_end": 2292952.16620279}, "cmdq": 0, "read": {"device_start": -1, "device_end": -1}}, "FFC_sans_bias22": {"write": {"device_start": -1, "host_queued_start": 1585625177.914607, "device_queued": -1, "device_end": -1, "host_queued_end": 1585625177.927643}, "device": "cpu", "nd_range": {"device_start": 2292952.226687152, "device_end": 2292952.2420736123}, "cmdq": 2, "read": {"device_start": -1, "device_end": -1}}, "FFC_sans_bias28": {"write": {"device_start": -1, "host_queued_start": 1585625177.900467, "device_queued": -1, "device_end": -1, "host_queued_end": 1585625177.927643}, "device": "cpu", "nd_range": {"device_start": 2292952.187381055, "device_end": 2292952.198605527}, "cmdq": 2, "read": {"device_start": -1, "device_end": -1}}, "FFC_sans_bias29": {"write": {"device_start": -1, "host_queued_start": 1585625177.901527, "device_queued": -1, "device_end": -1, "host_queued_end": 1585625177.927643}, "device": "cpu", "nd_range": {"device_start": 2292952.14805637, "device_end": 2292952.163407133}, "cmdq": 3, "read": {"device_start": -1, "device_end": -1}}, "coalesced_transpose66": {"write": {"device_start": -1, "host_queued_start": 1585625177.869303, "device_queued": -1, "device_end": -1, "host_queued_end": 1585625177.880302}, "device": "gpu", "nd_range": {"device_start": 1585625111.3996387, "device_end": 1585625111.4004676}, "cmdq": 2, "read": {"device_start": -1, "device_end": -1}}, "coalesced_transpose93": {"write": {"device_start": -1, "host_queued_start": 1585625177.870212, "device_queued": -1, "device_end": -1, "host_queued_end": 1585625177.880302}, "device": "gpu", "nd_range": {"device_start": 1585625111.400475, "device_end": 1585625111.4004931}, "cmdq": 2, "read": {"device_start": -1, "device_end": -1}}, "softmax23": {"write": {"device_start": -1, "host_queued_start": 1585625177.916839, "device_queued": -1, "device_end": -1, "host_queued_end": 1585625177.927643}, "device": "cpu", "nd_range": {"device_start": 2292952.249198269, "device_end": 2292952.249407553}, "cmdq": 4, "read": {"device_start": -1, "device_end": -1}}, "empty62": {"write": {"device_start": -1, "host_queued_start": 1585625177.888172, "device_queued": -1, "device_end": -1, "host_queued_end": 1585625177.927643}, "device": "cpu", "nd_range": {"device_start": 2292952.117299607, "device_end": 2292952.117300429}, "cmdq": 1, "read": {"device_start": -1, "device_end": -1}}, "FFC_sans_bias10": {"write": {"device_start": -1, "host_queued_start": 1585625177.893526, "device_queued": -1, "device_end": -1, "host_queued_end": 1585625177.927643}, "device": "cpu", "nd_range": {"device_start": 2292952.1173070474, "device_end": 2292952.132941349}, "cmdq": 1, "read": {"device_start": -1, "device_end": -1}}, "FFC_sans_bias13": {"write": {"device_start": -1, "host_queued_start": 1585625177.914255, "device_queued": -1, "device_end": -1, "host_queued_end": 1585625177.927643}, "device": "cpu", "nd_range": {"device_start": 2292952.212381489, "device_end": 2292952.2354220073}, "cmdq": 1, "read": {"device_start": -1, "device_end": -1}}, "FFC_sans_bias15": {"write": {"device_start": -1, "host_queued_start": 1585625177.918637, "device_queued": -1, "device_end": -1, "host_queued_end": 1585625177.927643}, "device": "cpu", "nd_range": {"device_start": 2292952.289894508, "device_end": 2292952.301334254}, "cmdq": 0, "read": {"device_start": -1, "device_end": -1}}, "FFC_sans_bias16": {"write": {"device_start": -1, "host_queued_start": 1585625177.922489, "device_queued": -1, "device_end": -1, "host_queued_end": 1585625177.927643}, "device": "cpu", "nd_range": {"device_start": 2292952.301402672, "device_end": 2292952.309463288}, "cmdq": 2, "read": {"device_start": -1, "device_end": -1}}, "FFC_sans_bias19": {"write": {"device_start": -1, "host_queued_start": 1585625177.897249, "device_queued": -1, "device_end": -1, "host_queued_end": 1585625177.927643}, "device": "cpu", "nd_range": {"device_start": 2292952.133212816, "device_end": 2292952.148460852}, "cmdq": 4, "read": {"device_start": -1, "device_end": -1}}, "FFC_sans_bias18": {"write": {"device_start": -1, "host_queued_start": 1585625177.896088, "device_queued": -1, "device_end": -1, "host_queued_end": 1585625177.927643}, "device": "cpu", "nd_range": {"device_start": 2292952.132578712, "device_end": 2292952.147908561}, "cmdq": 3, "read": {"device_start": -1, "device_end": -1}}, "FFC_sans_bias99": {"write": {"device_start": 1585625111.3983676, "host_queued_start": 1585625177.866684, "device_queued": 1585625111.3944192, "device_end": 1585625111.3983998, "host_queued_end": 1585625177.880302}, "device": "gpu", "nd_range": {"device_start": 1585625111.3984046, "device_end": 1585625111.3996375}, "cmdq": 2, "read": {"device_start": -1, "device_end": -1}}, "FFC_sans_bias91": {"write": {"device_start": 1585625111.3973458, "host_queued_start": 1585625177.864558, "device_queued": 1585625111.3941867, "device_end": 1585625111.3973763, "host_queued_end": 1585625177.880302}, "device": "gpu", "nd_range": {"device_start": 1585625111.3973837, "device_end": 1585625111.398667}, "cmdq": 0, "read": {"device_start": -1, "device_end": -1}}, "FFC_sans_bias90": {"write": {"device_start": 1585625111.3968537, "host_queued_start": 1585625177.863515, "device_queued": 1585625111.3939846, "device_end": 1585625111.3968801, "host_queued_end": 1585625177.880302}, "device": "gpu", "nd_range": {"device_start": 1585625111.3968856, "device_end": 1585625111.3982196}, "cmdq": 2, "read": {"device_start": -1, "device_end": -1}}, "coalesced_transpose12": {"write": {"device_start": -1, "host_queued_start": 1585625177.911886, "device_queued": -1, "device_end": -1, "host_queued_end": 1585625177.927643}, "device": "cpu", "nd_range": {"device_start": 2292952.1791178053, "device_end": 2292952.179511743}, "cmdq": 4, "read": {"device_start": -1, "device_end": -1}}, "FFC_sans_bias94": {"write": {"device_start": -1, "host_queued_start": 1585625177.871809, "device_queued": -1, "device_end": -1, "host_queued_end": 1585625177.880302}, "device": "gpu", "nd_range": {"device_start": 1585625111.4016457, "device_end": 1585625111.4031084}, "cmdq": 1, "read": {"device_start": -1, "device_end": -1}}, "FFC_sans_bias97": {"write": {"device_start": 1585625111.4073124, "host_queued_start": 1585625177.879149, "device_queued": 1585625111.396182, "device_end": 1585625111.4073431, "host_queued_end": 1585625177.880302}, "device": "gpu", "nd_range": {"device_start": 1585625111.4073515, "device_end": 1585625111.4083452}, "cmdq": 1, "read": {"device_start": 1585625111.4083545, "device_end": 1585625111.4083774}}, "FFC_sans_bias96": {"write": {"device_start": -1, "host_queued_start": 1585625177.874657, "device_queued": -1, "device_end": -1, "host_queued_end": 1585625177.880302}, "device": "gpu", "nd_range": {"device_start": 1585625111.4040349, "device_end": 1585625111.4054232}, "cmdq": 2, "read": {"device_start": -1, "device_end": -1}}, "softmax32": {"write": {"device_start": -1, "host_queued_start": 1585625177.917114, "device_queued": -1, "device_end": -1, "host_queued_end": 1585625177.927643}, "device": "cpu", "nd_range": {"device_start": 2292952.248440184, "device_end": 2292952.2486675023}, "cmdq": 0, "read": {"device_start": -1, "device_end": -1}}, "coalesced_transpose84": {"write": {"device_start": -1, "host_queued_start": 1585625177.869915, "device_queued": -1, "device_end": -1, "host_queued_end": 1585625177.880302}, "device": "gpu", "nd_range": {"device_start": 1585625111.4006178, "device_end": 1585625111.400634}, "cmdq": 1, "read": {"device_start": -1, "device_end": -1}}, "empty98": {"write": {"device_start": 1585625111.3929925, "host_queued_start": 1585625177.852189, "device_queued": 1585625111.3927066, "device_end": 1585625111.3930678, "host_queued_end": 1585625177.880302}, "device": "gpu", "nd_range": {"device_start": 1585625111.3930762, "device_end": 1585625111.3930876}, "cmdq": 0, "read": {"device_start": -1, "device_end": -1}}, "empty107": {"write": {"device_start": 1585625111.3930957, "host_queued_start": 1585625177.852997, "device_queued": 1585625111.3929803, "device_end": 1585625111.393157, "host_queued_end": 1585625177.880302}, "device": "gpu", "nd_range": {"device_start": 1585625111.3931625, "device_end": 1585625111.393167}, "cmdq": 1, "read": {"device_start": -1, "device_end": -1}}, "empty17": {"write": {"device_start": -1, "host_queued_start": 1585625177.88309, "device_queued": -1, "device_end": -1, "host_queued_end": 1585625177.927643}, "device": "cpu", "nd_range": {"device_start": 2292952.117290627, "device_end": 2292952.1172915883}, "cmdq": 1, "read": {"device_start": -1, "device_end": -1}}, "FFC_sans_bias87": {"write": {"device_start": -1, "host_queued_start": 1585625177.874334, "device_queued": -1, "device_end": -1, "host_queued_end": 1585625177.880302}, "device": "gpu", "nd_range": {"device_start": 1585625111.4036624, "device_end": 1585625111.4044378}, "cmdq": 1, "read": {"device_start": -1, "device_end": -1}}, "FFC_sans_bias85": {"write": {"device_start": -1, "host_queued_start": 1585625177.871483, "device_queued": -1, "device_end": -1, "host_queued_end": 1585625177.880302}, "device": "gpu", "nd_range": {"device_start": 1585625111.4006548, "device_end": 1585625111.402199}, "cmdq": 0, "read": {"device_start": -1, "device_end": -1}}, "FFC_sans_bias82": {"write": {"device_start": 1585625111.3959339, "host_queued_start": 1585625177.861387, "device_queued": 1585625111.3937678, "device_end": 1585625111.3959658, "host_queued_end": 1585625177.880302}, "device": "gpu", "nd_range": {"device_start": 1585625111.395973, "device_end": 1585625111.397237}, "cmdq": 0, "read": {"device_start": -1, "device_end": -1}}, "FFC_sans_bias83": {"write": {"device_start": 1585625111.396416, "host_queued_start": 1585625177.86243, "device_queued": 1585625111.3939633, "device_end": 1585625111.396442, "host_queued_end": 1585625177.880302}, "device": "gpu", "nd_range": {"device_start": 1585625111.3964486, "device_end": 1585625111.3977115}, "cmdq": 1, "read": {"device_start": -1, "device_end": -1}}, "FFC_sans_bias81": {"write": {"device_start": 1585625111.3953998, "host_queued_start": 1585625177.860341, "device_queued": 1585625111.3937016, "device_end": 1585625111.3954322, "host_queued_end": 1585625177.880302}, "device": "gpu", "nd_range": {"device_start": 1585625111.3954375, "device_end": 1585625111.3967485}, "cmdq": 2, "read": {"device_start": -1, "device_end": -1}}, "FFC_sans_bias88": {"write": {"device_start": 1585625111.4065506, "host_queued_start": 1585625177.878094, "device_queued": 1585625111.3959317, "device_end": 1585625111.406582, "host_queued_end": 1585625177.880302}, "device": "gpu", "nd_range": {"device_start": 1585625111.4065907, "device_end": 1585625111.4073954}, "cmdq": 0, "read": {"device_start": 1585625111.407401, "device_end": 1585625111.4074273}}, "coalesced_transpose30": {"write": {"device_start": -1, "host_queued_start": 1585625177.912561, "device_queued": -1, "device_end": -1, "host_queued_end": 1585625177.927643}, "device": "cpu", "nd_range": {"device_start": 2292952.21175028, "device_end": 2292952.211998628}, "cmdq": 1, "read": {"device_start": -1, "device_end": -1}}, "coalesced_transpose39": {"write": {"device_start": -1, "host_queued_start": 1585625177.912896, "device_queued": -1, "device_end": -1, "host_queued_end": 1585625177.927643}, "device": "cpu", "nd_range": {"device_start": 2292952.226325638, "device_end": 2292952.226576007}, "cmdq": 2, "read": {"device_start": -1, "device_end": -1}}, "FFC_sans_bias79": {"write": {"device_start": 1585625111.405563, "host_queued_start": 1585625177.877048, "device_queued": 1585625111.3956978, "device_end": 1585625111.405594, "host_queued_end": 1585625177.880302}, "device": "gpu", "nd_range": {"device_start": 1585625111.4056096, "device_end": 1585625111.4069142}, "cmdq": 2, "read": {"device_start": 1585625111.4069216, "device_end": 1585625111.406947}}, "FFC_sans_bias78": {"write": {"device_start": -1, "host_queued_start": 1585625177.873983, "device_queued": -1, "device_end": -1, "host_queued_end": 1585625177.880302}, "device": "gpu", "nd_range": {"device_start": 1585625111.403792, "device_end": 1585625111.4050083}, "cmdq": 0, "read": {"device_start": -1, "device_end": -1}}, "FFC_sans_bias73": {"write": {"device_start": 1585625111.3944144, "host_queued_start": 1585625177.858204, "device_queued": 1585625111.393526, "device_end": 1585625111.394445, "host_queued_end": 1585625177.880302}, "device": "gpu", "nd_range": {"device_start": 1585625111.394456, "device_end": 1585625111.3958042}, "cmdq": 0, "read": {"device_start": -1, "device_end": -1}}, "FFC_sans_bias72": {"write": {"device_start": 1585625111.3940225, "host_queued_start": 1585625177.857161, "device_queued": 1585625111.3933213, "device_end": 1585625111.3940518, "host_queued_end": 1585625177.880302}, "device": "gpu", "nd_range": {"device_start": 1585625111.3940558, "device_end": 1585625111.395274}, "cmdq": 2, "read": {"device_start": -1, "device_end": -1}}, "FFC_sans_bias70": {"write": {"device_start": 1585625111.404587, "host_queued_start": 1585625177.875989, "device_queued": 1585625111.395831, "device_end": 1585625111.404613, "host_queued_end": 1585625177.880302}, "device": "gpu", "nd_range": {"device_start": 1585625111.404631, "device_end": 1585625111.405991}, "cmdq": 1, "read": {"device_start": 1585625111.406, "device_end": 1585625111.4060254}}, "FFC_sans_bias76": {"write": {"device_start": -1, "host_queued_start": 1585625177.871161, "device_queued": -1, "device_end": -1, "host_queued_end": 1585625177.880302}, "device": "gpu", "nd_range": {"device_start": 1585625111.4006293, "device_end": 1585625111.401232}, "cmdq": 2, "read": {"device_start": -1, "device_end": -1}}, "FFC_sans_bias74": {"write": {"device_start": 1585625111.3949733, "host_queued_start": 1585625177.859295, "device_queued": 1585625111.393566, "device_end": 1585625111.3950055, "host_queued_end": 1585625177.880302}, "device": "gpu", "nd_range": {"device_start": 1585625111.3950088, "device_end": 1585625111.3962653}, "cmdq": 1, "read": {"device_start": -1, "device_end": -1}}, "coalesced_transpose102": {"write": {"device_start": -1, "host_queued_start": 1585625177.870507, "device_queued": -1, "device_end": -1, "host_queued_end": 1585625177.880302}, "device": "gpu", "nd_range": {"device_start": 1585625111.4004793, "device_end": 1585625111.400502}, "cmdq": 0, "read": {"device_start": -1, "device_end": -1}}, "coalesced_transpose3": {"write": {"device_start": -1, "host_queued_start": 1585625177.911525, "device_queued": -1, "device_end": -1, "host_queued_end": 1585625177.927643}, "device": "cpu", "nd_range": {"device_start": 2292952.1788274283, "device_end": 2292952.179079879}, "cmdq": 3, "read": {"device_start": -1, "device_end": -1}}, "empty89": {"write": {"device_start": 1585625111.3928974, "host_queued_start": 1585625177.851321, "device_queued": 1585625111.3926446, "device_end": 1585625111.3929634, "host_queued_end": 1585625177.880302}, "device": "gpu", "nd_range": {"device_start": 1585625111.3929665, "device_end": 1585625111.3929722}, "cmdq": 2, "read": {"device_start": -1, "device_end": -1}}, "empty80": {"write": {"device_start": 1585625111.3927958, "host_queued_start": 1585625177.850429, "device_queued": 1585625111.3926234, "device_end": 1585625111.392863, "host_queued_end": 1585625177.880302}, "device": "gpu", "nd_range": {"device_start": 1585625111.392868, "device_end": 1585625111.392874}, "cmdq": 1, "read": {"device_start": -1, "device_end": -1}}, "softmax104": {"write": {"device_start": -1, "host_queued_start": 1585625177.873355, "device_queued": -1, "device_end": -1, "host_queued_end": 1585625177.880302}, "device": "gpu", "nd_range": {"device_start": 1585625111.4033353, "device_end": 1585625111.4036558}, "cmdq": 1, "read": {"device_start": -1, "device_end": -1}}, "coalesced_transpose21": {"write": {"device_start": -1, "host_queued_start": 1585625177.912222, "device_queued": -1, "device_end": -1, "host_queued_end": 1585625177.927643}, "device": "cpu", "nd_range": {"device_start": 2292952.2073794943, "device_end": 2292952.2076330613}, "cmdq": 0, "read": {"device_start": -1, "device_end": -1}}, "softmax14": {"write": {"device_start": -1, "host_queued_start": 1585625177.916562, "device_queued": -1, "device_end": -1, "host_queued_end": 1585625177.927643}, "device": "cpu", "nd_range": {"device_start": 2292952.265118273, "device_end": 2292952.265334438}, "cmdq": 3, "read": {"device_start": -1, "device_end": -1}}, "FFC_sans_bias69": {"write": {"device_start": -1, "host_queued_start": 1585625177.873665, "device_queued": -1, "device_end": -1, "host_queued_end": 1585625177.880302}, "device": "gpu", "nd_range": {"device_start": 1585625111.4034216, "device_end": 1585625111.4040275}, "cmdq": 2, "read": {"device_start": -1, "device_end": -1}}, "FFC_sans_bias92": {"write": {"device_start": 1585625111.3978403, "host_queued_start": 1585625177.865609, "device_queued": 1585625111.3942242, "device_end": 1585625111.397872, "host_queued_end": 1585625177.880302}, "device": "gpu", "nd_range": {"device_start": 1585625111.397877, "device_end": 1585625111.3991632}, "cmdq": 1, "read": {"device_start": -1, "device_end": -1}}, "FFC_sans_bias60": {"write": {"device_start": -1, "host_queued_start": 1585625177.920377, "device_queued": -1, "device_end": -1, "host_queued_end": 1585625177.927643}, "device": "cpu", "nd_range": {"device_start": 2292952.301373035, "device_end": 2292952.310150733}, "cmdq": 0, "read": {"device_start": -1, "device_end": -1}}, "FFC_sans_bias61": {"write": {"device_start": -1, "host_queued_start": 1585625177.927597, "device_queued": -1, "device_end": -1, "host_queued_end": 1585625177.927643}, "device": "cpu", "nd_range": {"device_start": 2292952.31017238, "device_end": 2292952.316378187}, "cmdq": 2, "read": {"device_start": -1, "device_end": -1}}, "FFC_sans_bias63": {"write": {"device_start": 1585625111.3934054, "host_queued_start": 1585625177.856121, "device_queued": 1585625111.3933027, "device_end": 1585625111.3934362, "host_queued_end": 1585625177.880302}, "device": "gpu", "nd_range": {"device_start": 1585625111.3934412, "device_end": 1585625111.394846}, "cmdq": 1, "read": {"device_start": -1, "device_end": -1}}, "FFC_sans_bias64": {"write": {"device_start": 1585625111.3931985, "host_queued_start": 1585625177.85397, "device_queued": 1585625111.3930037, "device_end": 1585625111.3932652, "host_queued_end": 1585625177.880302}, "device": "gpu", "nd_range": {"device_start": 1585625111.3932686, "device_end": 1585625111.3938763}, "cmdq": 2, "read": {"device_start": -1, "device_end": -1}}, "FFC_sans_bias65": {"write": {"device_start": 1585625111.3932939, "host_queued_start": 1585625177.855082, "device_queued": 1585625111.3930874, "device_end": 1585625111.3933518, "host_queued_end": 1585625177.880302}, "device": "gpu", "nd_range": {"device_start": 1585625111.3933566, "device_end": 1585625111.394281}, "cmdq": 0, "read": {"device_start": -1, "device_end": -1}}, "FFC_sans_bias67": {"write": {"device_start": -1, "host_queued_start": 1585625177.870842, "device_queued": -1, "device_end": -1, "host_queued_end": 1585625177.880302}, "device": "gpu", "nd_range": {"device_start": 1585625111.400643, "device_end": 1585625111.4016376}, "cmdq": 1, "read": {"device_start": -1, "device_end": -1}}, "softmax68": {"write": {"device_start": -1, "host_queued_start": 1585625177.872382, "device_queued": -1, "device_end": -1, "host_queued_end": 1585625177.880302}, "device": "gpu", "nd_range": {"device_start": 1585625111.4022074, "device_end": 1585625111.4034035}, "cmdq": 0, "read": {"device_start": -1, "device_end": -1}}, "empty35": {"write": {"device_start": -1, "host_queued_start": 1585625177.885202, "device_queued": -1, "device_end": -1, "host_queued_end": 1585625177.927643}, "device": "cpu", "nd_range": {"device_start": 2292952.117293368, "device_end": 2292952.1172971614}, "cmdq": 3, "read": {"device_start": -1, "device_end": -1}}, "softmax86": {"write": {"device_start": -1, "host_queued_start": 1585625177.872868, "device_queued": -1, "device_end": -1, "host_queued_end": 1585625177.880302}, "device": "gpu", "nd_range": {"device_start": 1585625111.4026356, "device_end": 1585625111.4034014}, "cmdq": 2, "read": {"device_start": -1, "device_end": -1}}, "FFC_sans_bias55": {"write": {"device_start": -1, "host_queued_start": 1585625177.911173, "device_queued": -1, "device_end": -1, "host_queued_end": 1585625177.927643}, "device": "cpu", "nd_range": {"device_start": 2292952.210924961, "device_end": 2292952.2261230983}, "cmdq": 2, "read": {"device_start": -1, "device_end": -1}}, "FFC_sans_bias54": {"write": {"device_start": -1, "host_queued_start": 1585625177.910113, "device_queued": -1, "device_end": -1, "host_queued_end": 1585625177.927643}, "device": "cpu", "nd_range": {"device_start": 2292952.197162923, "device_end": 2292952.211251986}, "cmdq": 1, "read": {"device_start": -1, "device_end": -1}}, "FFC_sans_bias56": {"write": {"device_start": -1, "host_queued_start": 1585625177.90906, "device_queued": -1, "device_end": -1, "host_queued_end": 1585625177.927643}, "device": "cpu", "nd_range": {"device_start": 2292952.182540379, "device_end": 2292952.2055044943}, "cmdq": 0, "read": {"device_start": -1, "device_end": -1}}, "FFC_sans_bias51": {"write": {"device_start": -1, "host_queued_start": 1585625177.920031, "device_queued": -1, "device_end": -1, "host_queued_end": 1585625177.927643}, "device": "cpu", "nd_range": {"device_start": 2292952.265220102, "device_end": 2292952.280822311}, "cmdq": 4, "read": {"device_start": -1, "device_end": -1}}, "FFC_sans_bias52": {"write": {"device_start": -1, "host_queued_start": 1585625177.926538, "device_queued": -1, "device_end": -1, "host_queued_end": 1585625177.927643}, "device": "cpu", "nd_range": {"device_start": 2292952.289833243, "device_end": 2292952.300291878}, "cmdq": 1, "read": {"device_start": -1, "device_end": -1}}, "FFC_sans_bias58": {"write": {"device_start": -1, "host_queued_start": 1585625177.915999, "device_queued": -1, "device_end": -1, "host_queued_end": 1585625177.927643}, "device": "cpu", "nd_range": {"device_start": 2292952.235433565, "device_end": 2292952.2591078184}, "cmdq": 1, "read": {"device_start": -1, "device_end": -1}}, "FFC_sans_bias103": {"write": {"device_start": -1, "host_queued_start": 1585625177.872132, "device_queued": -1, "device_end": -1, "host_queued_end": 1585625177.880302}, "device": "gpu", "nd_range": {"device_start": 1585625111.4012396, "device_end": 1585625111.4026277}, "cmdq": 2, "read": {"device_start": -1, "device_end": -1}}, "FFC_sans_bias100": {"write": {"device_start": 1585625111.398801, "host_queued_start": 1585625177.867737, "device_queued": 1585625111.3945, "device_end": 1585625111.3988328, "host_queued_end": 1585625177.880302}, "device": "gpu", "nd_range": {"device_start": 1585625111.398837, "device_end": 1585625111.4001079}, "cmdq": 0, "read": {"device_start": -1, "device_end": -1}}, "FFC_sans_bias101": {"write": {"device_start": 1585625111.3992827, "host_queued_start": 1585625177.868982, "device_queued": 1585625111.3946354, "device_end": 1585625111.3993146, "host_queued_end": 1585625177.880302}, "device": "gpu", "nd_range": {"device_start": 1585625111.399317, "device_end": 1585625111.4006124}, "cmdq": 1, "read": {"device_start": -1, "device_end": -1}}, "FFC_sans_bias106": {"write": {"device_start": 1585625111.4071553, "host_queued_start": 1585625177.880201, "device_queued": 1585625111.396143, "device_end": 1585625111.4071863, "host_queued_end": 1585625177.880302}, "device": "gpu", "nd_range": {"device_start": 1585625111.4071999, "device_end": 1585625111.4078782}, "cmdq": 2, "read": {"device_start": 1585625111.4078808, "device_end": 1585625111.4079049}}, "FFC_sans_bias105": {"write": {"device_start": -1, "host_queued_start": 1585625177.874969, "device_queued": -1, "device_end": -1, "host_queued_end": 1585625177.880302}, "device": "gpu", "nd_range": {"device_start": 1585625111.4050157, "device_end": 1585625111.4064112}, "cmdq": 0, "read": {"device_start": -1, "device_end": -1}}, "softmax95": {"write": {"device_start": -1, "host_queued_start": 1585625177.873115, "device_queued": -1, "device_end": -1, "host_queued_end": 1585625177.880302}, "device": "gpu", "nd_range": {"device_start": 1585625111.4034107, "device_end": 1585625111.4037845}, "cmdq": 0, "read": {"device_start": -1, "device_end": -1}}, "coalesced_transpose57": {"write": {"device_start": -1, "host_queued_start": 1585625177.913557, "device_queued": -1, "device_end": -1, "host_queued_end": 1585625177.927643}, "device": "cpu", "nd_range": {"device_start": 2292952.232976789, "device_end": 2292952.233236372}, "cmdq": 4, "read": {"device_start": -1, "device_end": -1}}, "empty26": {"write": {"device_start": -1, "host_queued_start": 1585625177.884138, "device_queued": -1, "device_end": -1, "host_queued_end": 1585625177.927643}, "device": "cpu", "nd_range": {"device_start": 2292952.117254156, "device_end": 2292952.1172610573}, "cmdq": 2, "read": {"device_start": -1, "device_end": -1}}, "FFC_sans_bias11": {"write": {"device_start": -1, "host_queued_start": 1585625177.894804, "device_queued": -1, "device_end": -1, "host_queued_end": 1585625177.927643}, "device": "cpu", "nd_range": {"device_start": 2292952.179528222, "device_end": 2292952.187268385}, "cmdq": 2, "read": {"device_start": -1, "device_end": -1}}, "FFC_sans_bias42": {"write": {"device_start": -1, "host_queued_start": 1585625177.919688, "device_queued": -1, "device_end": -1, "host_queued_end": 1585625177.927643}, "device": "cpu", "nd_range": {"device_start": 2292952.265555966, "device_end": 2292952.2817773833}, "cmdq": 3, "read": {"device_start": -1, "device_end": -1}}, "FFC_sans_bias43": {"write": {"device_start": -1, "host_queued_start": 1585625177.925541, "device_queued": -1, "device_end": -1, "host_queued_end": 1585625177.927643}, "device": "cpu", "nd_range": {"device_start": 2292952.315401922, "device_end": 2292952.321275426}, "cmdq": 0, "read": {"device_start": -1, "device_end": -1}}, "FFC_sans_bias40": {"write": {"device_start": -1, "host_queued_start": 1585625177.915306, "device_queued": -1, "device_end": -1, "host_queued_end": 1585625177.927643}, "device": "cpu", "nd_range": {"device_start": 2292952.233358908, "device_end": 2292952.2490910063}, "cmdq": 4, "read": {"device_start": -1, "device_end": -1}}, "FFC_sans_bias46": {"write": {"device_start": -1, "host_queued_start": 1585625177.906943, "device_queued": -1, "device_end": -1, "host_queued_end": 1585625177.927643}, "device": "cpu", "nd_range": {"device_start": 2292952.163534255, "device_end": 2292952.178703527}, "cmdq": 3, "read": {"device_start": -1, "device_end": -1}}, "FFC_sans_bias47": {"write": {"device_start": -1, "host_queued_start": 1585625177.908005, "device_queued": -1, "device_end": -1, "host_queued_end": 1585625177.927643}, "device": "cpu", "nd_range": {"device_start": 2292952.163883279, "device_end": 2292952.1790994923}, "cmdq": 4, "read": {"device_start": -1, "device_end": -1}}, "FFC_sans_bias45": {"write": {"device_start": -1, "host_queued_start": 1585625177.905874, "device_queued": -1, "device_end": -1, "host_queued_end": 1585625177.927643}, "device": "cpu", "nd_range": {"device_start": 2292952.198814759, "device_end": 2292952.2107983814}, "cmdq": 2, "read": {"device_start": -1, "device_end": -1}}, "FFC_sans_bias49": {"write": {"device_start": -1, "host_queued_start": 1585625177.915652, "device_queued": -1, "device_end": -1, "host_queued_end": 1585625177.927643}, "device": "cpu", "nd_range": {"device_start": 2292952.232741433, "device_end": 2292952.2484287703}, "cmdq": 0, "read": {"device_start": -1, "device_end": -1}}, "softmax77": {"write": {"device_start": -1, "host_queued_start": 1585625177.872629, "device_queued": -1, "device_end": -1, "host_queued_end": 1585625177.880302}, "device": "gpu", "nd_range": {"device_start": 1585625111.4031162, "device_end": 1585625111.403328}, "cmdq": 1, "read": {"device_start": -1, "device_end": -1}}, "softmax5": {"write": {"device_start": -1, "host_queued_start": 1585625177.916284, "device_queued": -1, "device_end": -1, "host_queued_end": 1585625177.927643}, "device": "cpu", "nd_range": {"device_start": 2292952.242205304, "device_end": 2292952.242428773}, "cmdq": 2, "read": {"device_start": -1, "device_end": -1}}, "empty53": {"write": {"device_start": -1, "host_queued_start": 1585625177.887278, "device_queued": -1, "device_end": -1, "host_queued_end": 1585625177.927643}, "device": "cpu", "nd_range": {"device_start": 2292952.117283306, "device_end": 2292952.117284647}, "cmdq": 0, "read": {"device_start": -1, "device_end": -1}}, "coalesced_transpose48": {"write": {"device_start": -1, "host_queued_start": 1585625177.913229, "device_queued": -1, "device_end": -1, "host_queued_end": 1585625177.927643}, "device": "cpu", "nd_range": {"device_start": 2292952.1792164873, "device_end": 2292952.1794558633}, "cmdq": 3, "read": {"device_start": -1, "device_end": -1}}}