{"FFC_sans_bias4": {"write": {"device_start": -1, "host_queued_start": 1585624904.575723, "device_queued": -1, "device_end": -1, "host_queued_end": 1585624904.584298}, "device": "cpu", "nd_range": {"device_start": 2292678.826414085, "device_end": 2292678.838924022}, "cmdq": 2, "read": {"device_start": -1, "device_end": -1}}, "FFC_sans_bias7": {"write": {"device_start": -1, "host_queued_start": 1585624904.581251, "device_queued": -1, "device_end": -1, "host_queued_end": 1585624904.584298}, "device": "cpu", "nd_range": {"device_start": 2292678.86489395, "device_end": 2292678.8789796443}, "cmdq": 2, "read": {"device_start": -1, "device_end": -1}}, "FFC_sans_bias6": {"write": {"device_start": -1, "host_queued_start": 1585624904.578721, "device_queued": -1, "device_end": -1, "host_queued_end": 1585624904.584298}, "device": "cpu", "nd_range": {"device_start": 2292678.8443931444, "device_end": 2292678.861286687}, "cmdq": 1, "read": {"device_start": -1, "device_end": -1}}, "FFC_sans_bias1": {"write": {"device_start": -1, "host_queued_start": 1585624904.562641, "device_queued": -1, "device_end": -1, "host_queued_end": 1585624904.584298}, "device": "cpu", "nd_range": {"device_start": 2292678.773943153, "device_end": 2292678.786685491}, "cmdq": 2, "read": {"device_start": -1, "device_end": -1}}, "FFC_sans_bias0": {"write": {"device_start": -1, "host_queued_start": 1585624904.561445, "device_queued": -1, "device_end": -1, "host_queued_end": 1585624904.584298}, "device": "cpu", "nd_range": {"device_start": 2292678.7739357604, "device_end": 2292678.782596629}, "cmdq": 1, "read": {"device_start": -1, "device_end": -1}}, "FFC_sans_bias2": {"write": {"device_start": -1, "host_queued_start": 1585624904.563832, "device_queued": -1, "device_end": -1, "host_queued_end": 1585624904.584298}, "device": "cpu", "nd_range": {"device_start": 2292678.773973599, "device_end": 2292678.786732789}, "cmdq": 0, "read": {"device_start": -1, "device_end": -1}}, "FFC_sans_bias9": {"write": {"device_start": -1, "host_queued_start": 1585624904.565077, "device_queued": -1, "device_end": -1, "host_queued_end": 1585624904.584298}, "device": "cpu", "nd_range": {"device_start": 2292678.785600149, "device_end": 2292678.7993586473}, "cmdq": 1, "read": {"device_start": -1, "device_end": -1}}, "empty71": {"write": {"device_start": 1585624838.0752249, "host_queued_start": 1585624904.508146, "device_queued": 1585624838.0749705, "device_end": 1585624838.0752938, "host_queued_end": 1585624904.555268}, "device": "gpu", "nd_range": {"device_start": 1585624838.0753002, "device_end": 1585624838.0753038}, "cmdq": 1, "read": {"device_start": -1, "device_end": -1}}, "softmax41": {"write": {"device_start": -1, "host_queued_start": 1585624904.542262, "device_queued": -1, "device_end": -1, "host_queued_end": 1585624904.555268}, "device": "gpu", "nd_range": {"device_start": 1585624838.0910733, "device_end": 1585624838.0915945}, "cmdq": 0, "read": {"device_start": -1, "device_end": -1}}, "FFC_sans_bias37": {"write": {"device_start": 1585624838.0759299, "host_queued_start": 1585624904.513517, "device_queued": 1585624838.075498, "device_end": 1585624838.0759556, "host_queued_end": 1585624904.555268}, "device": "gpu", "nd_range": {"device_start": 1585624838.0759578, "device_end": 1585624838.0769072}, "cmdq": 1, "read": {"device_start": -1, "device_end": -1}}, "FFC_sans_bias36": {"write": {"device_start": 1585624838.0758317, "host_queued_start": 1585624904.512457, "device_queued": 1585624838.075424, "device_end": 1585624838.075891, "host_queued_end": 1585624904.555268}, "device": "gpu", "nd_range": {"device_start": 1585624838.0759, "device_end": 1585624838.076507}, "cmdq": 0, "read": {"device_start": -1, "device_end": -1}}, "FFC_sans_bias34": {"write": {"device_start": -1, "host_queued_start": 1585624904.584252, "device_queued": -1, "device_end": -1, "host_queued_end": 1585624904.584298}, "device": "cpu", "nd_range": {"device_start": 2292678.878996264, "device_end": 2292678.8879881613}, "cmdq": 2, "read": {"device_start": -1, "device_end": -1}}, "FFC_sans_bias33": {"write": {"device_start": -1, "host_queued_start": 1585624904.58005, "device_queued": -1, "device_end": -1, "host_queued_end": 1585624904.584298}, "device": "cpu", "nd_range": {"device_start": 2292678.861399791, "device_end": 2292678.8789796922}, "cmdq": 1, "read": {"device_start": -1, "device_end": -1}}, "FFC_sans_bias31": {"write": {"device_start": -1, "host_queued_start": 1585624904.576808, "device_queued": -1, "device_end": -1, "host_queued_end": 1585624904.584298}, "device": "cpu", "nd_range": {"device_start": 2292678.8390484783, "device_end": 2292678.851511197}, "cmdq": 2, "read": {"device_start": -1, "device_end": -1}}, "FFC_sans_bias38": {"write": {"device_start": 1585624838.0766323, "host_queued_start": 1585624904.514588, "device_queued": 1585624838.0756798, "device_end": 1585624838.0766633, "host_queued_end": 1585624904.555268}, "device": "gpu", "nd_range": {"device_start": 1585624838.0766678, "device_end": 1585624838.0774748}, "cmdq": 0, "read": {"device_start": -1, "device_end": -1}}, "coalesced_transpose75": {"write": {"device_start": -1, "host_queued_start": 1585624904.538481, "device_queued": -1, "device_end": -1, "host_queued_end": 1585624904.555268}, "device": "gpu", "nd_range": {"device_start": 1585624838.087506, "device_end": 1585624838.0875218}, "cmdq": 0, "read": {"device_start": -1, "device_end": -1}}, "empty44": {"write": {"device_start": 1585624838.0748358, "host_queued_start": 1585624904.505402, "device_queued": 1585624838.074714, "device_end": 1585624838.074872, "host_queued_end": 1585624904.555268}, "device": "gpu", "nd_range": {"device_start": 1585624838.0748851, "device_end": 1585624838.074892}, "cmdq": 0, "read": {"device_start": -1, "device_end": -1}}, "empty8": {"write": {"device_start": -1, "host_queued_start": 1585624904.557015, "device_queued": -1, "device_end": -1, "host_queued_end": 1585624904.584298}, "device": "cpu", "nd_range": {"device_start": 2292678.773887113, "device_end": 2292678.773897294}, "cmdq": 0, "read": {"device_start": -1, "device_end": -1}}, "softmax50": {"write": {"device_start": -1, "host_queued_start": 1585624904.542517, "device_queued": -1, "device_end": -1, "host_queued_end": 1585624904.555268}, "device": "gpu", "nd_range": {"device_start": 1585624838.0915246, "device_end": 1585624838.09173}, "cmdq": 1, "read": {"device_start": -1, "device_end": -1}}, "softmax59": {"write": {"device_start": -1, "host_queued_start": 1585624904.54279, "device_queued": -1, "device_end": -1, "host_queued_end": 1585624904.555268}, "device": "gpu", "nd_range": {"device_start": 1585624838.0915956, "device_end": 1585624838.0918002}, "cmdq": 0, "read": {"device_start": -1, "device_end": -1}}, "FFC_sans_bias24": {"write": {"device_start": -1, "host_queued_start": 1585624904.579622, "device_queued": -1, "device_end": -1, "host_queued_end": 1585624904.584298}, "device": "cpu", "nd_range": {"device_start": 2292678.852762728, "device_end": 2292678.860913854}, "cmdq": 0, "read": {"device_start": -1, "device_end": -1}}, "FFC_sans_bias25": {"write": {"device_start": -1, "host_queued_start": 1585624904.583252, "device_queued": -1, "device_end": -1, "host_queued_end": 1585624904.584298}, "device": "cpu", "nd_range": {"device_start": 2292678.8789979373, "device_end": 2292678.889656992}, "cmdq": 1, "read": {"device_start": -1, "device_end": -1}}, "FFC_sans_bias27": {"write": {"device_start": -1, "host_queued_start": 1585624904.571902, "device_queued": -1, "device_end": -1, "host_queued_end": 1585624904.584298}, "device": "cpu", "nd_range": {"device_start": 2292678.8150094342, "device_end": 2292678.822641456}, "cmdq": 1, "read": {"device_start": -1, "device_end": -1}}, "FFC_sans_bias20": {"write": {"device_start": -1, "host_queued_start": 1585624904.570817, "device_queued": -1, "device_end": -1, "host_queued_end": 1585624904.584298}, "device": "cpu", "nd_range": {"device_start": 2292678.795577708, "device_end": 2292678.8075254722}, "cmdq": 0, "read": {"device_start": -1, "device_end": -1}}, "FFC_sans_bias22": {"write": {"device_start": -1, "host_queued_start": 1585624904.576441, "device_queued": -1, "device_end": -1, "host_queued_end": 1585624904.584298}, "device": "cpu", "nd_range": {"device_start": 2292678.8263737583, "device_end": 2292678.834805794}, "cmdq": 1, "read": {"device_start": -1, "device_end": -1}}, "FFC_sans_bias28": {"write": {"device_start": -1, "host_queued_start": 1585624904.572959, "device_queued": -1, "device_end": -1, "host_queued_end": 1585624904.584298}, "device": "cpu", "nd_range": {"device_start": 2292678.818690958, "device_end": 2292678.8260664493}, "cmdq": 2, "read": {"device_start": -1, "device_end": -1}}, "FFC_sans_bias29": {"write": {"device_start": -1, "host_queued_start": 1585624904.574028, "device_queued": -1, "device_end": -1, "host_queued_end": 1585624904.584298}, "device": "cpu", "nd_range": {"device_start": 2292678.8076530034, "device_end": 2292678.819056215}, "cmdq": 0, "read": {"device_start": -1, "device_end": -1}}, "coalesced_transpose66": {"write": {"device_start": -1, "host_queued_start": 1585624904.538177, "device_queued": -1, "device_end": -1, "host_queued_end": 1585624904.555268}, "device": "gpu", "nd_range": {"device_start": 1585624838.0879726, "device_end": 1585624838.0879989}, "cmdq": 1, "read": {"device_start": -1, "device_end": -1}}, "coalesced_transpose93": {"write": {"device_start": -1, "host_queued_start": 1585624904.539106, "device_queued": -1, "device_end": -1, "host_queued_end": 1585624904.555268}, "device": "gpu", "nd_range": {"device_start": 1585624838.0875344, "device_end": 1585624838.0875468}, "cmdq": 0, "read": {"device_start": -1, "device_end": -1}}, "softmax23": {"write": {"device_start": -1, "host_queued_start": 1585624904.57792, "device_queued": -1, "device_end": -1, "host_queued_end": 1585624904.584298}, "device": "cpu", "nd_range": {"device_start": 2292678.85162863, "device_end": 2292678.851840883}, "cmdq": 2, "read": {"device_start": -1, "device_end": -1}}, "empty62": {"write": {"device_start": 1585624838.0751019, "host_queued_start": 1585624904.50733, "device_queued": 1585624838.0749383, "device_end": 1585624838.0751324, "host_queued_end": 1585624904.555268}, "device": "gpu", "nd_range": {"device_start": 1585624838.0751386, "device_end": 1585624838.0751424}, "cmdq": 0, "read": {"device_start": -1, "device_end": -1}}, "FFC_sans_bias10": {"write": {"device_start": -1, "host_queued_start": 1585624904.566249, "device_queued": -1, "device_end": -1, "host_queued_end": 1585624904.584298}, "device": "cpu", "nd_range": {"device_start": 2292678.787568326, "device_end": 2292678.8045868813}, "cmdq": 2, "read": {"device_start": -1, "device_end": -1}}, "FFC_sans_bias13": {"write": {"device_start": -1, "host_queued_start": 1585624904.576084, "device_queued": -1, "device_end": -1, "host_queued_end": 1585624904.584298}, "device": "cpu", "nd_range": {"device_start": 2292678.834070812, "device_end": 2292678.843615986}, "cmdq": 0, "read": {"device_start": -1, "device_end": -1}}, "FFC_sans_bias15": {"write": {"device_start": -1, "host_queued_start": 1585624904.57917, "device_queued": -1, "device_end": -1, "host_queued_end": 1585624904.584298}, "device": "cpu", "nd_range": {"device_start": 2292678.851952981, "device_end": 2292678.8648840203}, "cmdq": 2, "read": {"device_start": -1, "device_end": -1}}, "FFC_sans_bias16": {"write": {"device_start": -1, "host_queued_start": 1585624904.582247, "device_queued": -1, "device_end": -1, "host_queued_end": 1585624904.584298}, "device": "cpu", "nd_range": {"device_start": 2292678.869319078, "device_end": 2292678.8779297303}, "cmdq": 0, "read": {"device_start": -1, "device_end": -1}}, "FFC_sans_bias19": {"write": {"device_start": -1, "host_queued_start": 1585624904.569733, "device_queued": -1, "device_end": -1, "host_queued_end": 1585624904.584298}, "device": "cpu", "nd_range": {"device_start": 2292678.804849598, "device_end": 2292678.811704956}, "cmdq": 2, "read": {"device_start": -1, "device_end": -1}}, "FFC_sans_bias18": {"write": {"device_start": -1, "host_queued_start": 1585624904.568663, "device_queued": -1, "device_end": -1, "host_queued_end": 1585624904.584298}, "device": "cpu", "nd_range": {"device_start": 2292678.799486737, "device_end": 2292678.814889178}, "cmdq": 1, "read": {"device_start": -1, "device_end": -1}}, "FFC_sans_bias99": {"write": {"device_start": 1585624838.0858052, "host_queued_start": 1585624904.534781, "device_queued": 1585624838.0775146, "device_end": 1585624838.0858378, "host_queued_end": 1585624904.555268}, "device": "gpu", "nd_range": {"device_start": 1585624838.0858436, "device_end": 1585624838.086654}, "cmdq": 1, "read": {"device_start": -1, "device_end": -1}}, "FFC_sans_bias91": {"write": {"device_start": 1585624838.08481, "host_queued_start": 1585624904.532678, "device_queued": 1585624838.0772958, "device_end": 1585624838.084842, "host_queued_end": 1585624904.555268}, "device": "gpu", "nd_range": {"device_start": 1585624838.0848472, "device_end": 1585624838.0856912}, "cmdq": 1, "read": {"device_start": -1, "device_end": -1}}, "FFC_sans_bias90": {"write": {"device_start": 1585624838.0843542, "host_queued_start": 1585624904.531638, "device_queued": 1585624838.0772517, "device_end": 1585624838.0843863, "host_queued_end": 1585624904.555268}, "device": "gpu", "nd_range": {"device_start": 1585624838.0843904, "device_end": 1585624838.085215}, "cmdq": 0, "read": {"device_start": -1, "device_end": -1}}, "coalesced_transpose12": {"write": {"device_start": -1, "host_queued_start": 1585624904.57471, "device_queued": -1, "device_end": -1, "host_queued_end": 1585624904.584298}, "device": "cpu", "nd_range": {"device_start": 2292678.826090508, "device_end": 2292678.826358605}, "cmdq": 2, "read": {"device_start": -1, "device_end": -1}}, "FFC_sans_bias94": {"write": {"device_start": -1, "host_queued_start": 1585624904.541666, "device_queued": -1, "device_end": -1, "host_queued_end": 1585624904.555268}, "device": "gpu", "nd_range": {"device_start": 1585624838.0900908, "device_end": 1585624838.091072}, "cmdq": 0, "read": {"device_start": -1, "device_end": -1}}, "FFC_sans_bias97": {"write": {"device_start": 1585624838.0988288, "host_queued_start": 1585624904.554103, "device_queued": 1585624838.0801866, "device_end": 1585624838.0988593, "host_queued_end": 1585624904.555268}, "device": "gpu", "nd_range": {"device_start": 1585624838.0988626, "device_end": 1585624838.0995739}, "cmdq": 0, "read": {"device_start": 1585624838.099583, "device_end": 1585624838.0996065}}, "FFC_sans_bias96": {"write": {"device_start": -1, "host_queued_start": 1585624904.546307, "device_queued": -1, "device_end": -1, "host_queued_end": 1585624904.555268}, "device": "gpu", "nd_range": {"device_start": 1585624838.0947587, "device_end": 1585624838.0957077}, "cmdq": 0, "read": {"device_start": -1, "device_end": -1}}, "softmax32": {"write": {"device_start": -1, "host_queued_start": 1585624904.57827, "device_queued": -1, "device_end": -1, "host_queued_end": 1585624904.584298}, "device": "cpu", "nd_range": {"device_start": 2292678.852434643, "device_end": 2292678.852642136}, "cmdq": 0, "read": {"device_start": -1, "device_end": -1}}, "coalesced_transpose84": {"write": {"device_start": -1, "host_queued_start": 1585624904.538788, "device_queued": -1, "device_end": -1, "host_queued_end": 1585624904.555268}, "device": "gpu", "nd_range": {"device_start": 1585624838.0880084, "device_end": 1585624838.0880284}, "cmdq": 1, "read": {"device_start": -1, "device_end": -1}}, "empty98": {"write": {"device_start": 1585624838.0755665, "host_queued_start": 1585624904.51067, "device_queued": 1585624838.0752227, "device_end": 1585624838.075665, "host_queued_end": 1585624904.555268}, "device": "gpu", "nd_range": {"device_start": 1585624838.0756795, "device_end": 1585624838.0756836}, "cmdq": 0, "read": {"device_start": -1, "device_end": -1}}, "empty107": {"write": {"device_start": 1585624838.0757165, "host_queued_start": 1585624904.511479, "device_queued": 1585624838.0752609, "device_end": 1585624838.0757873, "host_queued_end": 1585624904.555268}, "device": "gpu", "nd_range": {"device_start": 1585624838.0757973, "device_end": 1585624838.0758011}, "cmdq": 1, "read": {"device_start": -1, "device_end": -1}}, "empty17": {"write": {"device_start": -1, "host_queued_start": 1585624904.558141, "device_queued": -1, "device_end": -1, "host_queued_end": 1585624904.584298}, "device": "cpu", "nd_range": {"device_start": 2292678.7739143553, "device_end": 2292678.7739153663}, "cmdq": 1, "read": {"device_start": -1, "device_end": -1}}, "FFC_sans_bias87": {"write": {"device_start": -1, "host_queued_start": 1585624904.54599, "device_queued": -1, "device_end": -1, "host_queued_end": 1585624904.555268}, "device": "gpu", "nd_range": {"device_start": 1585624838.094215, "device_end": 1585624838.0952182}, "cmdq": 1, "read": {"device_start": -1, "device_end": -1}}, "FFC_sans_bias85": {"write": {"device_start": -1, "host_queued_start": 1585624904.541343, "device_queued": -1, "device_end": -1, "host_queued_end": 1585624904.555268}, "device": "gpu", "nd_range": {"device_start": 1585624838.0896428, "device_end": 1585624838.0906}, "cmdq": 1, "read": {"device_start": -1, "device_end": -1}}, "FFC_sans_bias82": {"write": {"device_start": 1585624838.08338, "host_queued_start": 1585624904.529541, "device_queued": 1585624838.0770504, "device_end": 1585624838.0834126, "host_queued_end": 1585624904.555268}, "device": "gpu", "nd_range": {"device_start": 1585624838.083417, "device_end": 1585624838.0842397}, "cmdq": 0, "read": {"device_start": -1, "device_end": -1}}, "FFC_sans_bias83": {"write": {"device_start": 1585624838.0838075, "host_queued_start": 1585624904.530591, "device_queued": 1585624838.0770965, "device_end": 1585624838.0838387, "host_queued_end": 1585624904.555268}, "device": "gpu", "nd_range": {"device_start": 1585624838.083845, "device_end": 1585624838.0846953}, "cmdq": 1, "read": {"device_start": -1, "device_end": -1}}, "FFC_sans_bias81": {"write": {"device_start": 1585624838.0828414, "host_queued_start": 1585624904.528502, "device_queued": 1585624838.07688, "device_end": 1585624838.0828729, "host_queued_end": 1585624904.555268}, "device": "gpu", "nd_range": {"device_start": 1585624838.0828776, "device_end": 1585624838.083701}, "cmdq": 1, "read": {"device_start": -1, "device_end": -1}}, "FFC_sans_bias88": {"write": {"device_start": 1585624838.0983288, "host_queued_start": 1585624904.553052, "device_queued": 1585624838.080022, "device_end": 1585624838.0983598, "host_queued_end": 1585624904.555268}, "device": "gpu", "nd_range": {"device_start": 1585624838.0983636, "device_end": 1585624838.09907}, "cmdq": 1, "read": {"device_start": 1585624838.0990732, "device_end": 1585624838.0991013}}, "coalesced_transpose30": {"write": {"device_start": -1, "host_queued_start": 1585624904.575374, "device_queued": -1, "device_end": -1, "host_queued_end": 1585624904.584298}, "device": "cpu", "nd_range": {"device_start": 2292678.826128533, "device_end": 2292678.826358174}, "cmdq": 1, "read": {"device_start": -1, "device_end": -1}}, "coalesced_transpose39": {"write": {"device_start": -1, "host_queued_start": 1585624904.537252, "device_queued": -1, "device_end": -1, "host_queued_end": 1585624904.555268}, "device": "gpu", "nd_range": {"device_start": 1585624838.0871274, "device_end": 1585624838.087473}, "cmdq": 0, "read": {"device_start": -1, "device_end": -1}}, "FFC_sans_bias79": {"write": {"device_start": 1585624838.0978591, "host_queued_start": 1585624904.55198, "device_queued": 1585624838.07997, "device_end": 1585624838.0978842, "host_queued_end": 1585624904.555268}, "device": "gpu", "nd_range": {"device_start": 1585624838.0978878, "device_end": 1585624838.0985868}, "cmdq": 0, "read": {"device_start": 1585624838.0985916, "device_end": 1585624838.098627}}, "FFC_sans_bias78": {"write": {"device_start": -1, "host_queued_start": 1585624904.545672, "device_queued": -1, "device_end": -1, "host_queued_end": 1585624904.555268}, "device": "gpu", "nd_range": {"device_start": 1585624838.0937946, "device_end": 1585624838.0947573}, "cmdq": 0, "read": {"device_start": -1, "device_end": -1}}, "FFC_sans_bias73": {"write": {"device_start": 1585624838.081929, "host_queued_start": 1585624904.526408, "device_queued": 1585624838.076719, "device_end": 1585624838.0819612, "host_queued_end": 1585624904.555268}, "device": "gpu", "nd_range": {"device_start": 1585624838.0819657, "device_end": 1585624838.0827365}, "cmdq": 1, "read": {"device_start": -1, "device_end": -1}}, "FFC_sans_bias72": {"write": {"device_start": 1585624838.0814006, "host_queued_start": 1585624904.52537, "device_queued": 1585624838.076685, "device_end": 1585624838.0814266, "host_queued_end": 1585624904.555268}, "device": "gpu", "nd_range": {"device_start": 1585624838.0814319, "device_end": 1585624838.082291}, "cmdq": 0, "read": {"device_start": -1, "device_end": -1}}, "FFC_sans_bias70": {"write": {"device_start": 1585624838.0974371, "host_queued_start": 1585624904.550925, "device_queued": 1585624838.079757, "device_end": 1585624838.0974684, "host_queued_end": 1585624904.555268}, "device": "gpu", "nd_range": {"device_start": 1585624838.0974736, "device_end": 1585624838.0981207}, "cmdq": 1, "read": {"device_start": 1585624838.0981236, "device_end": 1585624838.0981505}}, "FFC_sans_bias76": {"write": {"device_start": -1, "host_queued_start": 1585624904.541023, "device_queued": -1, "device_end": -1, "host_queued_end": 1585624904.555268}, "device": "gpu", "nd_range": {"device_start": 1585624838.0891368, "device_end": 1585624838.0900893}, "cmdq": 0, "read": {"device_start": -1, "device_end": -1}}, "FFC_sans_bias74": {"write": {"device_start": 1585624838.0823998, "host_queued_start": 1585624904.527459, "device_queued": 1585624838.0768378, "device_end": 1585624838.0824323, "host_queued_end": 1585624904.555268}, "device": "gpu", "nd_range": {"device_start": 1585624838.0824378, "device_end": 1585624838.083268}, "cmdq": 0, "read": {"device_start": -1, "device_end": -1}}, "coalesced_transpose102": {"write": {"device_start": -1, "host_queued_start": 1585624904.539412, "device_queued": -1, "device_end": -1, "host_queued_end": 1585624904.555268}, "device": "gpu", "nd_range": {"device_start": 1585624838.0880423, "device_end": 1585624838.0880566}, "cmdq": 1, "read": {"device_start": -1, "device_end": -1}}, "coalesced_transpose3": {"write": {"device_start": -1, "host_queued_start": 1585624904.574365, "device_queued": -1, "device_end": -1, "host_queued_end": 1585624904.584298}, "device": "cpu", "nd_range": {"device_start": 2292678.82275614, "device_end": 2292678.8230061512}, "cmdq": 1, "read": {"device_start": -1, "device_end": -1}}, "empty89": {"write": {"device_start": 1585624838.0754373, "host_queued_start": 1585624904.509809, "device_queued": 1585624838.0751817, "device_end": 1585624838.075522, "host_queued_end": 1585624904.555268}, "device": "gpu", "nd_range": {"device_start": 1585624838.0755267, "device_end": 1585624838.075531}, "cmdq": 1, "read": {"device_start": -1, "device_end": -1}}, "empty80": {"write": {"device_start": 1585624838.075335, "host_queued_start": 1585624904.508983, "device_queued": 1585624838.0751433, "device_end": 1585624838.0754092, "host_queued_end": 1585624904.555268}, "device": "gpu", "nd_range": {"device_start": 1585624838.0754137, "device_end": 1585624838.0754185}, "cmdq": 0, "read": {"device_start": -1, "device_end": -1}}, "softmax104": {"write": {"device_start": -1, "host_queued_start": 1585624904.54407, "device_queued": -1, "device_end": -1, "host_queued_end": 1585624904.555268}, "device": "gpu", "nd_range": {"device_start": 1585624838.0921526, "device_end": 1585624838.092478}, "cmdq": 1, "read": {"device_start": -1, "device_end": -1}}, "coalesced_transpose21": {"write": {"device_start": -1, "host_queued_start": 1585624904.575044, "device_queued": -1, "device_end": -1, "host_queued_end": 1585624904.584298}, "device": "cpu", "nd_range": {"device_start": 2292678.819171945, "device_end": 2292678.819414461}, "cmdq": 0, "read": {"device_start": -1, "device_end": -1}}, "softmax14": {"write": {"device_start": -1, "host_queued_start": 1585624904.577585, "device_queued": -1, "device_end": -1, "host_queued_end": 1585624904.584298}, "device": "cpu", "nd_range": {"device_start": 2292678.8440780803, "device_end": 2292678.8442840483}, "cmdq": 1, "read": {"device_start": -1, "device_end": -1}}, "FFC_sans_bias69": {"write": {"device_start": -1, "host_queued_start": 1585624904.545352, "device_queued": -1, "device_end": -1, "host_queued_end": 1585624904.555268}, "device": "gpu", "nd_range": {"device_start": 1585624838.093218, "device_end": 1585624838.0942135}, "cmdq": 1, "read": {"device_start": -1, "device_end": -1}}, "FFC_sans_bias92": {"write": {"device_start": 1585624838.0853238, "host_queued_start": 1585624904.533729, "device_queued": 1585624838.0774405, "device_end": 1585624838.0853555, "host_queued_end": 1585624904.555268}, "device": "gpu", "nd_range": {"device_start": 1585624838.0853622, "device_end": 1585624838.0861554}, "cmdq": 0, "read": {"device_start": -1, "device_end": -1}}, "FFC_sans_bias60": {"write": {"device_start": -1, "host_queued_start": 1585624904.545028, "device_queued": -1, "device_end": -1, "host_queued_end": 1585624904.555268}, "device": "gpu", "nd_range": {"device_start": 1585624838.0928173, "device_end": 1585624838.0937936}, "cmdq": 0, "read": {"device_start": -1, "device_end": -1}}, "FFC_sans_bias61": {"write": {"device_start": 1585624838.09691, "host_queued_start": 1585624904.549783, "device_queued": 1585624838.0796995, "device_end": 1585624838.096947, "host_queued_end": 1585624904.555268}, "device": "gpu", "nd_range": {"device_start": 1585624838.0969505, "device_end": 1585624838.0976162}, "cmdq": 0, "read": {"device_start": 1585624838.097628, "device_end": 1585624838.097653}}, "FFC_sans_bias63": {"write": {"device_start": 1585624838.080971, "host_queued_start": 1585624904.524285, "device_queued": 1585624838.0765061, "device_end": 1585624838.0809968, "host_queued_end": 1585624904.555268}, "device": "gpu", "nd_range": {"device_start": 1585624838.0810027, "device_end": 1585624838.08184}, "cmdq": 1, "read": {"device_start": -1, "device_end": -1}}, "FFC_sans_bias64": {"write": {"device_start": 1585624838.079978, "host_queued_start": 1585624904.522, "device_queued": 1585624838.0763206, "device_end": 1585624838.0800054, "host_queued_end": 1585624904.555268}, "device": "gpu", "nd_range": {"device_start": 1585624838.0800118, "device_end": 1585624838.0808747}, "cmdq": 1, "read": {"device_start": -1, "device_end": -1}}, "FFC_sans_bias65": {"write": {"device_start": 1585624838.0804327, "host_queued_start": 1585624904.523084, "device_queued": 1585624838.0764632, "device_end": 1585624838.0804598, "host_queued_end": 1585624904.555268}, "device": "gpu", "nd_range": {"device_start": 1585624838.0804656, "device_end": 1585624838.0813062}, "cmdq": 0, "read": {"device_start": -1, "device_end": -1}}, "FFC_sans_bias67": {"write": {"device_start": -1, "host_queued_start": 1585624904.540706, "device_queued": -1, "device_end": -1, "host_queued_end": 1585624904.555268}, "device": "gpu", "nd_range": {"device_start": 1585624838.0886672, "device_end": 1585624838.0896413}, "cmdq": 1, "read": {"device_start": -1, "device_end": -1}}, "softmax68": {"write": {"device_start": -1, "host_queued_start": 1585624904.543052, "device_queued": -1, "device_end": -1, "host_queued_end": 1585624904.555268}, "device": "gpu", "nd_range": {"device_start": 1585624838.091732, "device_end": 1585624838.0919368}, "cmdq": 1, "read": {"device_start": -1, "device_end": -1}}, "empty35": {"write": {"device_start": -1, "host_queued_start": 1585624904.560309, "device_queued": -1, "device_end": -1, "host_queued_end": 1585624904.584298}, "device": "cpu", "nd_range": {"device_start": 2292678.773952178, "device_end": 2292678.7739609983}, "cmdq": 0, "read": {"device_start": -1, "device_end": -1}}, "softmax86": {"write": {"device_start": -1, "host_queued_start": 1585624904.543565, "device_queued": -1, "device_end": -1, "host_queued_end": 1585624904.555268}, "device": "gpu", "nd_range": {"device_start": 1585624838.0919383, "device_end": 1585624838.0921514}, "cmdq": 1, "read": {"device_start": -1, "device_end": -1}}, "FFC_sans_bias55": {"write": {"device_start": 1585624838.0795066, "host_queued_start": 1585624904.520944, "device_queued": 1585624838.076278, "device_end": 1585624838.0795326, "host_queued_end": 1585624904.555268}, "device": "gpu", "nd_range": {"device_start": 1585624838.0795367, "device_end": 1585624838.0803432}, "cmdq": 0, "read": {"device_start": -1, "device_end": -1}}, "FFC_sans_bias54": {"write": {"device_start": 1585624838.0790162, "host_queued_start": 1585624904.519904, "device_queued": 1585624838.076131, "device_end": 1585624838.0790431, "host_queued_end": 1585624904.555268}, "device": "gpu", "nd_range": {"device_start": 1585624838.0790484, "device_end": 1585624838.079889}, "cmdq": 1, "read": {"device_start": -1, "device_end": -1}}, "FFC_sans_bias56": {"write": {"device_start": 1585624838.078568, "host_queued_start": 1585624904.518854, "device_queued": 1585624838.0760875, "device_end": 1585624838.0785942, "host_queued_end": 1585624904.555268}, "device": "gpu", "nd_range": {"device_start": 1585624838.0785992, "device_end": 1585624838.0793893}, "cmdq": 0, "read": {"device_start": -1, "device_end": -1}}, "FFC_sans_bias51": {"write": {"device_start": -1, "host_queued_start": 1585624904.54471, "device_queued": -1, "device_end": -1, "host_queued_end": 1585624904.555268}, "device": "gpu", "nd_range": {"device_start": 1585624838.0924792, "device_end": 1585624838.093217}, "cmdq": 1, "read": {"device_start": -1, "device_end": -1}}, "FFC_sans_bias52": {"write": {"device_start": 1585624838.096363, "host_queued_start": 1585624904.548727, "device_queued": 1585624838.079494, "device_end": 1585624838.096395, "host_queued_end": 1585624904.555268}, "device": "gpu", "nd_range": {"device_start": 1585624838.0963988, "device_end": 1585624838.0971875}, "cmdq": 1, "read": {"device_start": 1585624838.0971947, "device_end": 1585624838.0972204}}, "FFC_sans_bias58": {"write": {"device_start": -1, "host_queued_start": 1585624904.540386, "device_queued": -1, "device_end": -1, "host_queued_end": 1585624904.555268}, "device": "gpu", "nd_range": {"device_start": 1585624838.0881543, "device_end": 1585624838.0891352}, "cmdq": 0, "read": {"device_start": -1, "device_end": -1}}, "FFC_sans_bias103": {"write": {"device_start": -1, "host_queued_start": 1585624904.542007, "device_queued": -1, "device_end": -1, "host_queued_end": 1585624904.555268}, "device": "gpu", "nd_range": {"device_start": 1585624838.0906017, "device_end": 1585624838.0915232}, "cmdq": 1, "read": {"device_start": -1, "device_end": -1}}, "FFC_sans_bias100": {"write": {"device_start": 1585624838.0862625, "host_queued_start": 1585624904.535845, "device_queued": 1585624838.077682, "device_end": 1585624838.086294, "host_queued_end": 1585624904.555268}, "device": "gpu", "nd_range": {"device_start": 1585624838.0862987, "device_end": 1585624838.0871255}, "cmdq": 0, "read": {"device_start": -1, "device_end": -1}}, "FFC_sans_bias101": {"write": {"device_start": 1585624838.0867672, "host_queued_start": 1585624904.536924, "device_queued": 1585624838.0777369, "device_end": 1585624838.0867991, "host_queued_end": 1585624904.555268}, "device": "gpu", "nd_range": {"device_start": 1585624838.0868034, "device_end": 1585624838.0876324}, "cmdq": 1, "read": {"device_start": -1, "device_end": -1}}, "FFC_sans_bias106": {"write": {"device_start": 1585624838.099289, "host_queued_start": 1585624904.555162, "device_queued": 1585624838.0802252, "device_end": 1585624838.0993197, "host_queued_end": 1585624904.555268}, "device": "gpu", "nd_range": {"device_start": 1585624838.0993226, "device_end": 1585624838.100002}, "cmdq": 1, "read": {"device_start": 1585624838.1000063, "device_end": 1585624838.1000292}}, "FFC_sans_bias105": {"write": {"device_start": -1, "host_queued_start": 1585624904.546632, "device_queued": -1, "device_end": -1, "host_queued_end": 1585624904.555268}, "device": "gpu", "nd_range": {"device_start": 1585624838.0952194, "device_end": 1585624838.0962062}, "cmdq": 1, "read": {"device_start": -1, "device_end": -1}}, "softmax95": {"write": {"device_start": -1, "host_queued_start": 1585624904.543818, "device_queued": -1, "device_end": -1, "host_queued_end": 1585624904.555268}, "device": "gpu", "nd_range": {"device_start": 1585624838.0920093, "device_end": 1585624838.09221}, "cmdq": 0, "read": {"device_start": -1, "device_end": -1}}, "coalesced_transpose57": {"write": {"device_start": -1, "host_queued_start": 1585624904.53787, "device_queued": -1, "device_end": -1, "host_queued_end": 1585624904.555268}, "device": "gpu", "nd_range": {"device_start": 1585624838.087475, "device_end": 1585624838.0874994}, "cmdq": 0, "read": {"device_start": -1, "device_end": -1}}, "empty26": {"write": {"device_start": -1, "host_queued_start": 1585624904.559285, "device_queued": -1, "device_end": -1, "host_queued_end": 1585624904.584298}, "device": "cpu", "nd_range": {"device_start": 2292678.773886978, "device_end": 2292678.773896999}, "cmdq": 2, "read": {"device_start": -1, "device_end": -1}}, "FFC_sans_bias11": {"write": {"device_start": -1, "host_queued_start": 1585624904.56753, "device_queued": -1, "device_end": -1, "host_queued_end": 1585624904.584298}, "device": "cpu", "nd_range": {"device_start": 2292678.786752052, "device_end": 2292678.7954591373}, "cmdq": 0, "read": {"device_start": -1, "device_end": -1}}, "FFC_sans_bias42": {"write": {"device_start": -1, "host_queued_start": 1585624904.544389, "device_queued": -1, "device_end": -1, "host_queued_end": 1585624904.555268}, "device": "gpu", "nd_range": {"device_start": 1585624838.0922112, "device_end": 1585624838.0928159}, "cmdq": 0, "read": {"device_start": -1, "device_end": -1}}, "FFC_sans_bias43": {"write": {"device_start": 1585624838.095917, "host_queued_start": 1585624904.547659, "device_queued": 1585624838.0794303, "device_end": 1585624838.0959525, "host_queued_end": 1585624904.555268}, "device": "gpu", "nd_range": {"device_start": 1585624838.0959556, "device_end": 1585624838.0966434}, "cmdq": 0, "read": {"device_start": 1585624838.096651, "device_end": 1585624838.0966783}}, "FFC_sans_bias40": {"write": {"device_start": -1, "host_queued_start": 1585624904.539734, "device_queued": -1, "device_end": -1, "host_queued_end": 1585624904.555268}, "device": "gpu", "nd_range": {"device_start": 1585624838.087548, "device_end": 1585624838.0881526}, "cmdq": 0, "read": {"device_start": -1, "device_end": -1}}, "FFC_sans_bias46": {"write": {"device_start": 1585624838.0776238, "host_queued_start": 1585624904.516715, "device_queued": 1585624838.0759134, "device_end": 1585624838.0776546, "host_queued_end": 1585624904.555268}, "device": "gpu", "nd_range": {"device_start": 1585624838.0776596, "device_end": 1585624838.0784361}, "cmdq": 0, "read": {"device_start": -1, "device_end": -1}}, "FFC_sans_bias47": {"write": {"device_start": 1585624838.0780535, "host_queued_start": 1585624904.517767, "device_queued": 1585624838.0759594, "device_end": 1585624838.0780802, "host_queued_end": 1585624904.555268}, "device": "gpu", "nd_range": {"device_start": 1585624838.0780857, "device_end": 1585624838.0789013}, "cmdq": 1, "read": {"device_start": -1, "device_end": -1}}, "FFC_sans_bias45": {"write": {"device_start": 1585624838.0769978, "host_queued_start": 1585624904.515648, "device_queued": 1585624838.0757275, "device_end": 1585624838.0770288, "host_queued_end": 1585624904.555268}, "device": "gpu", "nd_range": {"device_start": 1585624838.0770323, "device_end": 1585624838.07791}, "cmdq": 1, "read": {"device_start": -1, "device_end": -1}}, "FFC_sans_bias49": {"write": {"device_start": -1, "host_queued_start": 1585624904.54006, "device_queued": -1, "device_end": -1, "host_queued_end": 1585624904.555268}, "device": "gpu", "nd_range": {"device_start": 1585624838.0880585, "device_end": 1585624838.0886655}, "cmdq": 1, "read": {"device_start": -1, "device_end": -1}}, "softmax77": {"write": {"device_start": -1, "host_queued_start": 1585624904.543309, "device_queued": -1, "device_end": -1, "host_queued_end": 1585624904.555268}, "device": "gpu", "nd_range": {"device_start": 1585624838.0918014, "device_end": 1585624838.092008}, "cmdq": 0, "read": {"device_start": -1, "device_end": -1}}, "softmax5": {"write": {"device_start": -1, "host_queued_start": 1585624904.577195, "device_queued": -1, "device_end": -1, "host_queued_end": 1585624904.584298}, "device": "cpu", "nd_range": {"device_start": 2292678.843740609, "device_end": 2292678.843957494}, "cmdq": 0, "read": {"device_start": -1, "device_end": -1}}, "empty53": {"write": {"device_start": 1585624838.0750113, "host_queued_start": 1585624904.506451, "device_queued": 1585624838.0748975, "device_end": 1585624838.075085, "host_queued_end": 1585624904.555268}, "device": "gpu", "nd_range": {"device_start": 1585624838.0750885, "device_end": 1585624838.075093}, "cmdq": 1, "read": {"device_start": -1, "device_end": -1}}, "coalesced_transpose48": {"write": {"device_start": -1, "host_queued_start": 1585624904.537564, "device_queued": -1, "device_end": -1, "host_queued_end": 1585624904.555268}, "device": "gpu", "nd_range": {"device_start": 1585624838.087635, "device_end": 1585624838.0879707}, "cmdq": 1, "read": {"device_start": -1, "device_end": -1}}}