{"FFC_sans_bias4": {"write": {"device_start": -1, "host_queued_start": 1585626349.169145, "device_queued": -1, "device_end": -1, "host_queued_end": 1585626349.192634}, "device": "cpu", "nd_range": {"device_start": 2294123.580530101, "device_end": 2294123.596870971}, "cmdq": 0, "read": {"device_start": -1, "device_end": -1}}, "FFC_sans_bias7": {"write": {"device_start": -1, "host_queued_start": 1585626349.181632, "device_queued": -1, "device_end": -1, "host_queued_end": 1585626349.192634}, "device": "cpu", "nd_range": {"device_start": 2294123.670128227, "device_end": 2294123.678242837}, "cmdq": 0, "read": {"device_start": -1, "device_end": -1}}, "FFC_sans_bias6": {"write": {"device_start": -1, "host_queued_start": 1585626349.176663, "device_queued": -1, "device_end": -1, "host_queued_end": 1585626349.192634}, "device": "cpu", "nd_range": {"device_start": 2294123.631341494, "device_end": 2294123.6441465453}, "cmdq": 0, "read": {"device_start": -1, "device_end": -1}}, "FFC_sans_bias1": {"write": {"device_start": -1, "host_queued_start": 1585626349.128518, "device_queued": -1, "device_end": -1, "host_queued_end": 1585626349.192634}, "device": "cpu", "nd_range": {"device_start": 2294123.382298389, "device_end": 2294123.397743829}, "cmdq": 1, "read": {"device_start": -1, "device_end": -1}}, "FFC_sans_bias0": {"write": {"device_start": -1, "host_queued_start": 1585626349.127464, "device_queued": -1, "device_end": -1, "host_queued_end": 1585626349.192634}, "device": "cpu", "nd_range": {"device_start": 2294123.38229339, "device_end": 2294123.399317093}, "cmdq": 0, "read": {"device_start": -1, "device_end": -1}}, "FFC_sans_bias2": {"write": {"device_start": -1, "host_queued_start": 1585626349.12958, "device_queued": -1, "device_end": -1, "host_queued_end": 1585626349.192634}, "device": "cpu", "nd_range": {"device_start": 2294123.382762532, "device_end": 2294123.3993404643}, "cmdq": 2, "read": {"device_start": -1, "device_end": -1}}, "FFC_sans_bias9": {"write": {"device_start": -1, "host_queued_start": 1585626349.130658, "device_queued": -1, "device_end": -1, "host_queued_end": 1585626349.192634}, "device": "cpu", "nd_range": {"device_start": 2294123.382334014, "device_end": 2294123.398120642}, "cmdq": 3, "read": {"device_start": -1, "device_end": -1}}, "empty71": {"write": {"device_start": -1, "host_queued_start": 1585626349.123248, "device_queued": -1, "device_end": -1, "host_queued_end": 1585626349.192634}, "device": "cpu", "nd_range": {"device_start": 2294123.382322397, "device_end": 2294123.382323474}, "cmdq": 3, "read": {"device_start": -1, "device_end": -1}}, "softmax41": {"write": {"device_start": -1, "host_queued_start": 1585626349.174364, "device_queued": -1, "device_end": -1, "host_queued_end": 1585626349.192634}, "device": "cpu", "nd_range": {"device_start": 2294123.630708023, "device_end": 2294123.6309201303}, "cmdq": 0, "read": {"device_start": -1, "device_end": -1}}, "FFC_sans_bias37": {"write": {"device_start": -1, "host_queued_start": 1585626349.141422, "device_queued": -1, "device_end": -1, "host_queued_end": 1585626349.192634}, "device": "cpu", "nd_range": {"device_start": 2294123.4286355833, "device_end": 2294123.443908756}, "cmdq": 1, "read": {"device_start": -1, "device_end": -1}}, "FFC_sans_bias36": {"write": {"device_start": -1, "host_queued_start": 1585626349.140377, "device_queued": -1, "device_end": -1, "host_queued_end": 1585626349.192634}, "device": "cpu", "nd_range": {"device_start": 2294123.4669584413, "device_end": 2294123.4921912244}, "cmdq": 0, "read": {"device_start": -1, "device_end": -1}}, "FFC_sans_bias34": {"write": {"device_start": -1, "host_queued_start": 1585626349.184637, "device_queued": -1, "device_end": -1, "host_queued_end": 1585626349.192634}, "device": "cpu", "nd_range": {"device_start": 2294123.592684153, "device_end": 2294123.6078719953}, "cmdq": 3, "read": {"device_start": -1, "device_end": -1}}, "FFC_sans_bias33": {"write": {"device_start": -1, "host_queued_start": 1585626349.177711, "device_queued": -1, "device_end": -1, "host_queued_end": 1585626349.192634}, "device": "cpu", "nd_range": {"device_start": 2294123.54634399, "device_end": 2294123.561626615}, "cmdq": 3, "read": {"device_start": -1, "device_end": -1}}, "FFC_sans_bias31": {"write": {"device_start": -1, "host_queued_start": 1585626349.170179, "device_queued": -1, "device_end": -1, "host_queued_end": 1585626349.192634}, "device": "cpu", "nd_range": {"device_start": 2294123.5227342104, "device_end": 2294123.529429548}, "cmdq": 3, "read": {"device_start": -1, "device_end": -1}}, "FFC_sans_bias38": {"write": {"device_start": -1, "host_queued_start": 1585626349.142479, "device_queued": -1, "device_end": -1, "host_queued_end": 1585626349.192634}, "device": "cpu", "nd_range": {"device_start": 2294123.430154288, "device_end": 2294123.445359433}, "cmdq": 2, "read": {"device_start": -1, "device_end": -1}}, "coalesced_transpose75": {"write": {"device_start": -1, "host_queued_start": 1585626349.16781, "device_queued": -1, "device_end": -1, "host_queued_end": 1585626349.192634}, "device": "cpu", "nd_range": {"device_start": 2294123.5801763893, "device_end": 2294123.580424963}, "cmdq": 0, "read": {"device_start": -1, "device_end": -1}}, "empty44": {"write": {"device_start": -1, "host_queued_start": 1585626349.12082, "device_queued": -1, "device_end": -1, "host_queued_end": 1585626349.192634}, "device": "cpu", "nd_range": {"device_start": 2294123.382281049, "device_end": 2294123.382281957}, "cmdq": 0, "read": {"device_start": -1, "device_end": -1}}, "empty8": {"write": {"device_start": -1, "host_queued_start": 1585626349.117296, "device_queued": -1, "device_end": -1, "host_queued_end": 1585626349.192634}, "device": "cpu", "nd_range": {"device_start": 2294123.3822466433, "device_end": 2294123.382258126}, "cmdq": 0, "read": {"device_start": -1, "device_end": -1}}, "softmax50": {"write": {"device_start": -1, "host_queued_start": 1585626349.174657, "device_queued": -1, "device_end": -1, "host_queued_end": 1585626349.192634}, "device": "cpu", "nd_range": {"device_start": 2294123.617652603, "device_end": 2294123.617864498}, "cmdq": 1, "read": {"device_start": -1, "device_end": -1}}, "softmax59": {"write": {"device_start": -1, "host_queued_start": 1585626349.174937, "device_queued": -1, "device_end": -1, "host_queued_end": 1585626349.192634}, "device": "cpu", "nd_range": {"device_start": 2294123.579265824, "device_end": 2294123.579481564}, "cmdq": 2, "read": {"device_start": -1, "device_end": -1}}, "FFC_sans_bias24": {"write": {"device_start": -1, "host_queued_start": 1585626349.177362, "device_queued": -1, "device_end": -1, "host_queued_end": 1585626349.192634}, "device": "cpu", "nd_range": {"device_start": 2294123.580272584, "device_end": 2294123.603209129}, "cmdq": 2, "read": {"device_start": -1, "device_end": -1}}, "FFC_sans_bias25": {"write": {"device_start": -1, "host_queued_start": 1585626349.183644, "device_queued": -1, "device_end": -1, "host_queued_end": 1585626349.192634}, "device": "cpu", "nd_range": {"device_start": 2294123.656939993, "device_end": 2294123.671162366}, "cmdq": 2, "read": {"device_start": -1, "device_end": -1}}, "FFC_sans_bias27": {"write": {"device_start": -1, "host_queued_start": 1585626349.137185, "device_queued": -1, "device_end": -1, "host_queued_end": 1585626349.192634}, "device": "cpu", "nd_range": {"device_start": 2294123.413290592, "device_end": 2294123.4285124224}, "cmdq": 1, "read": {"device_start": -1, "device_end": -1}}, "FFC_sans_bias20": {"write": {"device_start": -1, "host_queued_start": 1585626349.13613, "device_queued": -1, "device_end": -1, "host_queued_end": 1585626349.192634}, "device": "cpu", "nd_range": {"device_start": 2294123.435451285, "device_end": 2294123.458507778}, "cmdq": 0, "read": {"device_start": -1, "device_end": -1}}, "FFC_sans_bias22": {"write": {"device_start": -1, "host_queued_start": 1585626349.169836, "device_queued": -1, "device_end": -1, "host_queued_end": 1585626349.192634}, "device": "cpu", "nd_range": {"device_start": 2294123.541077544, "device_end": 2294123.5487707173}, "cmdq": 2, "read": {"device_start": -1, "device_end": -1}}, "FFC_sans_bias28": {"write": {"device_start": -1, "host_queued_start": 1585626349.138231, "device_queued": -1, "device_end": -1, "host_queued_end": 1585626349.192634}, "device": "cpu", "nd_range": {"device_start": 2294123.414868874, "device_end": 2294123.430033421}, "cmdq": 2, "read": {"device_start": -1, "device_end": -1}}, "FFC_sans_bias29": {"write": {"device_start": -1, "host_queued_start": 1585626349.139327, "device_queued": -1, "device_end": -1, "host_queued_end": 1585626349.192634}, "device": "cpu", "nd_range": {"device_start": 2294123.4135260023, "device_end": 2294123.428643894}, "cmdq": 3, "read": {"device_start": -1, "device_end": -1}}, "coalesced_transpose66": {"write": {"device_start": -1, "host_queued_start": 1585626349.167482, "device_queued": -1, "device_end": -1, "host_queued_end": 1585626349.192634}, "device": "cpu", "nd_range": {"device_start": 2294123.5209499993, "device_end": 2294123.521199514}, "cmdq": 3, "read": {"device_start": -1, "device_end": -1}}, "coalesced_transpose93": {"write": {"device_start": -1, "host_queued_start": 1585626349.168466, "device_queued": -1, "device_end": -1, "host_queued_end": 1585626349.192634}, "device": "cpu", "nd_range": {"device_start": 2294123.540813132, "device_end": 2294123.541069639}, "cmdq": 2, "read": {"device_start": -1, "device_end": -1}}, "softmax23": {"write": {"device_start": -1, "host_queued_start": 1585626349.173791, "device_queued": -1, "device_end": -1, "host_queued_end": 1585626349.192634}, "device": "cpu", "nd_range": {"device_start": 2294123.578708988, "device_end": 2294123.578923716}, "cmdq": 2, "read": {"device_start": -1, "device_end": -1}}, "empty62": {"write": {"device_start": -1, "host_queued_start": 1585626349.122428, "device_queued": -1, "device_end": -1, "host_queued_end": 1585626349.192634}, "device": "cpu", "nd_range": {"device_start": 2294123.3827453293, "device_end": 2294123.3827463933}, "cmdq": 2, "read": {"device_start": -1, "device_end": -1}}, "FFC_sans_bias10": {"write": {"device_start": -1, "host_queued_start": 1585626349.131713, "device_queued": -1, "device_end": -1, "host_queued_end": 1585626349.192634}, "device": "cpu", "nd_range": {"device_start": 2294123.402273394, "device_end": 2294123.433716974}, "cmdq": 0, "read": {"device_start": -1, "device_end": -1}}, "FFC_sans_bias13": {"write": {"device_start": -1, "host_queued_start": 1585626349.169489, "device_queued": -1, "device_end": -1, "host_queued_end": 1585626349.192634}, "device": "cpu", "nd_range": {"device_start": 2294123.571344771, "device_end": 2294123.5866145412}, "cmdq": 1, "read": {"device_start": -1, "device_end": -1}}, "FFC_sans_bias15": {"write": {"device_start": -1, "host_queued_start": 1585626349.17701, "device_queued": -1, "device_end": -1, "host_queued_end": 1585626349.192634}, "device": "cpu", "nd_range": {"device_start": 2294123.618282244, "device_end": 2294123.633545902}, "cmdq": 1, "read": {"device_start": -1, "device_end": -1}}, "FFC_sans_bias16": {"write": {"device_start": -1, "host_queued_start": 1585626349.182642, "device_queued": -1, "device_end": -1, "host_queued_end": 1585626349.192634}, "device": "cpu", "nd_range": {"device_start": 2294123.659055986, "device_end": 2294123.671747749}, "cmdq": 1, "read": {"device_start": -1, "device_end": -1}}, "FFC_sans_bias19": {"write": {"device_start": -1, "host_queued_start": 1585626349.135058, "device_queued": -1, "device_end": -1, "host_queued_end": 1585626349.192634}, "device": "cpu", "nd_range": {"device_start": 2294123.398230771, "device_end": 2294123.413411317}, "cmdq": 3, "read": {"device_start": -1, "device_end": -1}}, "FFC_sans_bias18": {"write": {"device_start": -1, "host_queued_start": 1585626349.133855, "device_queued": -1, "device_end": -1, "host_queued_end": 1585626349.192634}, "device": "cpu", "nd_range": {"device_start": 2294123.3995443713, "device_end": 2294123.414754686}, "cmdq": 2, "read": {"device_start": -1, "device_end": -1}}, "FFC_sans_bias99": {"write": {"device_start": -1, "host_queued_start": 1585626349.162625, "device_queued": -1, "device_end": -1, "host_queued_end": 1585626349.192634}, "device": "cpu", "nd_range": {"device_start": 2294123.505863821, "device_end": 2294123.5210825573}, "cmdq": 1, "read": {"device_start": -1, "device_end": -1}}, "FFC_sans_bias91": {"write": {"device_start": -1, "host_queued_start": 1585626349.160531, "device_queued": -1, "device_end": -1, "host_queued_end": 1585626349.192634}, "device": "cpu", "nd_range": {"device_start": 2294123.4900251604, "device_end": 2294123.5052087293}, "cmdq": 3, "read": {"device_start": -1, "device_end": -1}}, "FFC_sans_bias90": {"write": {"device_start": -1, "host_queued_start": 1585626349.159488, "device_queued": -1, "device_end": -1, "host_queued_end": 1585626349.192634}, "device": "cpu", "nd_range": {"device_start": 2294123.491738472, "device_end": 2294123.5069551473}, "cmdq": 2, "read": {"device_start": -1, "device_end": -1}}, "coalesced_transpose12": {"write": {"device_start": -1, "host_queued_start": 1585626349.165411, "device_queued": -1, "device_end": -1, "host_queued_end": 1585626349.192634}, "device": "cpu", "nd_range": {"device_start": 2294123.52119285, "device_end": 2294123.521453226}, "cmdq": 1, "read": {"device_start": -1, "device_end": -1}}, "FFC_sans_bias94": {"write": {"device_start": -1, "host_queued_start": 1585626349.172586, "device_queued": -1, "device_end": -1, "host_queued_end": 1585626349.192634}, "device": "cpu", "nd_range": {"device_start": 2294123.561633807, "device_end": 2294123.5772459554}, "cmdq": 2, "read": {"device_start": -1, "device_end": -1}}, "FFC_sans_bias97": {"write": {"device_start": -1, "host_queued_start": 1585626349.191592, "device_queued": -1, "device_end": -1, "host_queued_end": 1585626349.192634}, "device": "cpu", "nd_range": {"device_start": 2294123.694849567, "device_end": 2294123.703371291}, "cmdq": 2, "read": {"device_start": -1, "device_end": -1}}, "FFC_sans_bias96": {"write": {"device_start": -1, "host_queued_start": 1585626349.180227, "device_queued": -1, "device_end": -1, "host_queued_end": 1585626349.192634}, "device": "cpu", "nd_range": {"device_start": 2294123.641608988, "device_end": 2294123.6556092743}, "cmdq": 2, "read": {"device_start": -1, "device_end": -1}}, "softmax32": {"write": {"device_start": -1, "host_queued_start": 1585626349.174082, "device_queued": -1, "device_end": -1, "host_queued_end": 1585626349.192634}, "device": "cpu", "nd_range": {"device_start": 2294123.545374326, "device_end": 2294123.545600356}, "cmdq": 3, "read": {"device_start": -1, "device_end": -1}}, "coalesced_transpose84": {"write": {"device_start": -1, "host_queued_start": 1585626349.168138, "device_queued": -1, "device_end": -1, "host_queued_end": 1585626349.192634}, "device": "cpu", "nd_range": {"device_start": 2294123.5710985293, "device_end": 2294123.571335801}, "cmdq": 1, "read": {"device_start": -1, "device_end": -1}}, "empty98": {"write": {"device_start": -1, "host_queued_start": 1585626349.125687, "device_queued": -1, "device_end": -1, "host_queued_end": 1585626349.192634}, "device": "cpu", "nd_range": {"device_start": 2294123.382754423, "device_end": 2294123.3827550462}, "cmdq": 2, "read": {"device_start": -1, "device_end": -1}}, "empty107": {"write": {"device_start": -1, "host_queued_start": 1585626349.126498, "device_queued": -1, "device_end": -1, "host_queued_end": 1585626349.192634}, "device": "cpu", "nd_range": {"device_start": 2294123.3823282523, "device_end": 2294123.382328874}, "cmdq": 3, "read": {"device_start": -1, "device_end": -1}}, "empty17": {"write": {"device_start": -1, "host_queued_start": 1585626349.118193, "device_queued": -1, "device_end": -1, "host_queued_end": 1585626349.192634}, "device": "cpu", "nd_range": {"device_start": 2294123.382246611, "device_end": 2294123.38225814}, "cmdq": 1, "read": {"device_start": -1, "device_end": -1}}, "FFC_sans_bias87": {"write": {"device_start": -1, "host_queued_start": 1585626349.179881, "device_queued": -1, "device_end": -1, "host_queued_end": 1585626349.192634}, "device": "cpu", "nd_range": {"device_start": 2294123.646517619, "device_end": 2294123.658940916}, "cmdq": 1, "read": {"device_start": -1, "device_end": -1}}, "FFC_sans_bias85": {"write": {"device_start": -1, "host_queued_start": 1585626349.172236, "device_queued": -1, "device_end": -1, "host_queued_end": 1585626349.192634}, "device": "cpu", "nd_range": {"device_start": 2294123.601954604, "device_end": 2294123.6171929403}, "cmdq": 1, "read": {"device_start": -1, "device_end": -1}}, "FFC_sans_bias82": {"write": {"device_start": -1, "host_queued_start": 1585626349.157341, "device_queued": -1, "device_end": -1, "host_queued_end": 1585626349.192634}, "device": "cpu", "nd_range": {"device_start": 2294123.5503256083, "device_end": 2294123.5637740623}, "cmdq": 0, "read": {"device_start": -1, "device_end": -1}}, "FFC_sans_bias83": {"write": {"device_start": -1, "host_queued_start": 1585626349.158427, "device_queued": -1, "device_end": -1, "host_queued_end": 1585626349.192634}, "device": "cpu", "nd_range": {"device_start": 2294123.490464867, "device_end": 2294123.505751626}, "cmdq": 1, "read": {"device_start": -1, "device_end": -1}}, "FFC_sans_bias81": {"write": {"device_start": -1, "host_queued_start": 1585626349.156289, "device_queued": -1, "device_end": -1, "host_queued_end": 1585626349.192634}, "device": "cpu", "nd_range": {"device_start": 2294123.4747042973, "device_end": 2294123.489901007}, "cmdq": 3, "read": {"device_start": -1, "device_end": -1}}, "FFC_sans_bias88": {"write": {"device_start": -1, "host_queued_start": 1585626349.190598, "device_queued": -1, "device_end": -1, "host_queued_end": 1585626349.192634}, "device": "cpu", "nd_range": {"device_start": 2294123.686023726, "device_end": 2294123.6951103653}, "cmdq": 1, "read": {"device_start": -1, "device_end": -1}}, "coalesced_transpose30": {"write": {"device_start": -1, "host_queued_start": 1585626349.166066, "device_queued": -1, "device_end": -1, "host_queued_end": 1585626349.192634}, "device": "cpu", "nd_range": {"device_start": 2294123.520592084, "device_end": 2294123.5208390374}, "cmdq": 3, "read": {"device_start": -1, "device_end": -1}}, "coalesced_transpose39": {"write": {"device_start": -1, "host_queued_start": 1585626349.166398, "device_queued": -1, "device_end": -1, "host_queued_end": 1585626349.192634}, "device": "cpu", "nd_range": {"device_start": 2294123.579715128, "device_end": 2294123.579964994}, "cmdq": 0, "read": {"device_start": -1, "device_end": -1}}, "FFC_sans_bias79": {"write": {"device_start": -1, "host_queued_start": 1585626349.189605, "device_queued": -1, "device_end": -1, "host_queued_end": 1585626349.192634}, "device": "cpu", "nd_range": {"device_start": 2294123.687193031, "device_end": 2294123.698314376}, "cmdq": 0, "read": {"device_start": -1, "device_end": -1}}, "FFC_sans_bias78": {"write": {"device_start": -1, "host_queued_start": 1585626349.179536, "device_queued": -1, "device_end": -1, "host_queued_end": 1585626349.192634}, "device": "cpu", "nd_range": {"device_start": 2294123.656674671, "device_end": 2294123.670005132}, "cmdq": 0, "read": {"device_start": -1, "device_end": -1}}, "FFC_sans_bias73": {"write": {"device_start": -1, "host_queued_start": 1585626349.154164, "device_queued": -1, "device_end": -1, "host_queued_end": 1585626349.192634}, "device": "cpu", "nd_range": {"device_start": 2294123.475027413, "device_end": 2294123.490351016}, "cmdq": 1, "read": {"device_start": -1, "device_end": -1}}, "FFC_sans_bias72": {"write": {"device_start": -1, "host_queued_start": 1585626349.153092, "device_queued": -1, "device_end": -1, "host_queued_end": 1585626349.192634}, "device": "cpu", "nd_range": {"device_start": 2294123.5367285362, "device_end": 2294123.55021461}, "cmdq": 0, "read": {"device_start": -1, "device_end": -1}}, "FFC_sans_bias70": {"write": {"device_start": -1, "host_queued_start": 1585626349.188612, "device_queued": -1, "device_end": -1, "host_queued_end": 1585626349.192634}, "device": "cpu", "nd_range": {"device_start": 2294123.6078776, "device_end": 2294123.6231072904}, "cmdq": 3, "read": {"device_start": -1, "device_end": -1}}, "FFC_sans_bias76": {"write": {"device_start": -1, "host_queued_start": 1585626349.171904, "device_queued": -1, "device_end": -1, "host_queued_end": 1585626349.192634}, "device": "cpu", "nd_range": {"device_start": 2294123.613362623, "device_end": 2294123.6302140174}, "cmdq": 0, "read": {"device_start": -1, "device_end": -1}}, "FFC_sans_bias74": {"write": {"device_start": -1, "host_queued_start": 1585626349.155236, "device_queued": -1, "device_end": -1, "host_queued_end": 1585626349.192634}, "device": "cpu", "nd_range": {"device_start": 2294123.4763294403, "device_end": 2294123.491625316}, "cmdq": 2, "read": {"device_start": -1, "device_end": -1}}, "coalesced_transpose102": {"write": {"device_start": -1, "host_queued_start": 1585626349.1688, "device_queued": -1, "device_end": -1, "host_queued_end": 1585626349.192634}, "device": "cpu", "nd_range": {"device_start": 2294123.522489633, "device_end": 2294123.522630873}, "cmdq": 3, "read": {"device_start": -1, "device_end": -1}}, "coalesced_transpose3": {"write": {"device_start": -1, "host_queued_start": 1585626349.165069, "device_queued": -1, "device_end": -1, "host_queued_end": 1585626349.192634}, "device": "cpu", "nd_range": {"device_start": 2294123.579353117, "device_end": 2294123.579606361}, "cmdq": 0, "read": {"device_start": -1, "device_end": -1}}, "empty89": {"write": {"device_start": -1, "host_queued_start": 1585626349.124875, "device_queued": -1, "device_end": -1, "host_queued_end": 1585626349.192634}, "device": "cpu", "nd_range": {"device_start": 2294123.3822916253, "device_end": 2294123.382292457}, "cmdq": 1, "read": {"device_start": -1, "device_end": -1}}, "empty80": {"write": {"device_start": -1, "host_queued_start": 1585626349.12406, "device_queued": -1, "device_end": -1, "host_queued_end": 1585626349.192634}, "device": "cpu", "nd_range": {"device_start": 2294123.3822880113, "device_end": 2294123.38228869}, "cmdq": 0, "read": {"device_start": -1, "device_end": -1}}, "empty116": {"write": {"device_start": 1585626282.597414, "host_queued_start": 1585626349.110244, "device_queued": 1585626282.5972953, "device_end": 1585626282.5974424, "host_queued_end": 1585626349.116062}, "device": "gpu", "nd_range": {"device_start": 1585626282.5974455, "device_end": 1585626282.5974503}, "cmdq": 0, "read": {"device_start": -1, "device_end": -1}}, "softmax104": {"write": {"device_start": -1, "host_queued_start": 1585626349.176323, "device_queued": -1, "device_end": -1, "host_queued_end": 1585626349.192634}, "device": "cpu", "nd_range": {"device_start": 2294123.546027998, "device_end": 2294123.546238046}, "cmdq": 3, "read": {"device_start": -1, "device_end": -1}}, "coalesced_transpose21": {"write": {"device_start": -1, "host_queued_start": 1585626349.165739, "device_queued": -1, "device_end": -1, "host_queued_end": 1585626349.192634}, "device": "cpu", "nd_range": {"device_start": 2294123.522125956, "device_end": 2294123.52238215}, "cmdq": 2, "read": {"device_start": -1, "device_end": -1}}, "softmax14": {"write": {"device_start": -1, "host_queued_start": 1585626349.173511, "device_queued": -1, "device_end": -1, "host_queued_end": 1585626349.192634}, "device": "cpu", "nd_range": {"device_start": 2294123.617321936, "device_end": 2294123.617539211}, "cmdq": 1, "read": {"device_start": -1, "device_end": -1}}, "FFC_sans_bias69": {"write": {"device_start": -1, "host_queued_start": 1585626349.179187, "device_queued": -1, "device_end": -1, "host_queued_end": 1585626349.192634}, "device": "cpu", "nd_range": {"device_start": 2294123.56184504, "device_end": 2294123.577126718}, "cmdq": 3, "read": {"device_start": -1, "device_end": -1}}, "FFC_sans_bias92": {"write": {"device_start": -1, "host_queued_start": 1585626349.161576, "device_queued": -1, "device_end": -1, "host_queued_end": 1585626349.192634}, "device": "cpu", "nd_range": {"device_start": 2294123.56390153, "device_end": 2294123.579237592}, "cmdq": 0, "read": {"device_start": -1, "device_end": -1}}, "FFC_sans_bias60": {"write": {"device_start": -1, "host_queued_start": 1585626349.178835, "device_queued": -1, "device_end": -1, "host_queued_end": 1585626349.192634}, "device": "cpu", "nd_range": {"device_start": 2294123.6108029033, "device_end": 2294123.635343816}, "cmdq": 2, "read": {"device_start": -1, "device_end": -1}}, "FFC_sans_bias61": {"write": {"device_start": -1, "host_queued_start": 1585626349.187623, "device_queued": -1, "device_end": -1, "host_queued_end": 1585626349.192634}, "device": "cpu", "nd_range": {"device_start": 2294123.671166739, "device_end": 2294123.694845567}, "cmdq": 2, "read": {"device_start": -1, "device_end": -1}}, "FFC_sans_bias63": {"write": {"device_start": -1, "host_queued_start": 1585626349.152031, "device_queued": -1, "device_end": -1, "host_queued_end": 1585626349.192634}, "device": "cpu", "nd_range": {"device_start": 2294123.459333201, "device_end": 2294123.4745779783}, "cmdq": 3, "read": {"device_start": -1, "device_end": -1}}, "FFC_sans_bias64": {"write": {"device_start": -1, "host_queued_start": 1585626349.149904, "device_queued": -1, "device_end": -1, "host_queued_end": 1585626349.192634}, "device": "cpu", "nd_range": {"device_start": 2294123.459551934, "device_end": 2294123.474910986}, "cmdq": 1, "read": {"device_start": -1, "device_end": -1}}, "FFC_sans_bias65": {"write": {"device_start": -1, "host_queued_start": 1585626349.150977, "device_queued": -1, "device_end": -1, "host_queued_end": 1585626349.192634}, "device": "cpu", "nd_range": {"device_start": 2294123.460875423, "device_end": 2294123.4762076694}, "cmdq": 2, "read": {"device_start": -1, "device_end": -1}}, "FFC_sans_bias67": {"write": {"device_start": -1, "host_queued_start": 1585626349.171565, "device_queued": -1, "device_end": -1, "host_queued_end": 1585626349.192634}, "device": "cpu", "nd_range": {"device_start": 2294123.5295453332, "device_end": 2294123.5365505563}, "cmdq": 3, "read": {"device_start": -1, "device_end": -1}}, "coalesced_transpose111": {"write": {"device_start": -1, "host_queued_start": 1585626349.114007, "device_queued": -1, "device_end": -1, "host_queued_end": 1585626349.116062}, "device": "gpu", "nd_range": {"device_start": 1585626282.5987835, "device_end": 1585626282.5991857}, "cmdq": 0, "read": {"device_start": -1, "device_end": -1}}, "softmax68": {"write": {"device_start": -1, "host_queued_start": 1585626349.175213, "device_queued": -1, "device_end": -1, "host_queued_end": 1585626349.192634}, "device": "cpu", "nd_range": {"device_start": 2294123.5457097283, "device_end": 2294123.545922128}, "cmdq": 3, "read": {"device_start": -1, "device_end": -1}}, "empty35": {"write": {"device_start": -1, "host_queued_start": 1585626349.119918, "device_queued": -1, "device_end": -1, "host_queued_end": 1585626349.192634}, "device": "cpu", "nd_range": {"device_start": 2294123.3823004332, "device_end": 2294123.382305377}, "cmdq": 3, "read": {"device_start": -1, "device_end": -1}}, "softmax86": {"write": {"device_start": -1, "host_queued_start": 1585626349.175767, "device_queued": -1, "device_end": -1, "host_queued_end": 1585626349.192634}, "device": "cpu", "nd_range": {"device_start": 2294123.61797101, "device_end": 2294123.618178403}, "cmdq": 1, "read": {"device_start": -1, "device_end": -1}}, "FFC_sans_bias55": {"write": {"device_start": -1, "host_queued_start": 1585626349.148816, "device_queued": -1, "device_end": -1, "host_queued_end": 1585626349.192634}, "device": "cpu", "nd_range": {"device_start": 2294123.52623339, "device_end": 2294123.5338789453}, "cmdq": 0, "read": {"device_start": -1, "device_end": -1}}, "FFC_sans_bias54": {"write": {"device_start": -1, "host_queued_start": 1585626349.147768, "device_queued": -1, "device_end": -1, "host_queued_end": 1585626349.192634}, "device": "cpu", "nd_range": {"device_start": 2294123.4439905593, "device_end": 2294123.459215435}, "cmdq": 3, "read": {"device_start": -1, "device_end": -1}}, "FFC_sans_bias56": {"write": {"device_start": -1, "host_queued_start": 1585626349.146717, "device_queued": -1, "device_end": -1, "host_queued_end": 1585626349.192634}, "device": "cpu", "nd_range": {"device_start": 2294123.445477419, "device_end": 2294123.460758284}, "cmdq": 2, "read": {"device_start": -1, "device_end": -1}}, "FFC_sans_bias51": {"write": {"device_start": -1, "host_queued_start": 1585626349.178477, "device_queued": -1, "device_end": -1, "host_queued_end": 1585626349.192634}, "device": "cpu", "nd_range": {"device_start": 2294123.633660585, "device_end": 2294123.646405085}, "cmdq": 1, "read": {"device_start": -1, "device_end": -1}}, "FFC_sans_bias52": {"write": {"device_start": -1, "host_queued_start": 1585626349.186631, "device_queued": -1, "device_end": -1, "host_queued_end": 1585626349.192634}, "device": "cpu", "nd_range": {"device_start": 2294123.671752126, "device_end": 2294123.686020255}, "cmdq": 1, "read": {"device_start": -1, "device_end": -1}}, "FFC_sans_bias58": {"write": {"device_start": -1, "host_queued_start": 1585626349.17122, "device_queued": -1, "device_end": -1, "host_queued_end": 1585626349.192634}, "device": "cpu", "nd_range": {"device_start": 2294123.548777761, "device_end": 2294123.561627646}, "cmdq": 2, "read": {"device_start": -1, "device_end": -1}}, "FFC_sans_bias108": {"write": {"device_start": 1585626282.5975218, "host_queued_start": 1585626349.111469, "device_queued": 1585626282.597438, "device_end": 1585626282.597577, "host_queued_end": 1585626349.116062}, "device": "gpu", "nd_range": {"device_start": 1585626282.5977652, "device_end": 1585626282.5983787}, "cmdq": 1, "read": {"device_start": -1, "device_end": -1}}, "FFC_sans_bias109": {"write": {"device_start": 1585626282.5976286, "host_queued_start": 1585626349.11254, "device_queued": 1585626282.5974596, "device_end": 1585626282.5976896, "host_queued_end": 1585626349.116062}, "device": "gpu", "nd_range": {"device_start": 1585626282.5977829, "device_end": 1585626282.5987806}, "cmdq": 2, "read": {"device_start": -1, "device_end": -1}}, "FFC_sans_bias103": {"write": {"device_start": -1, "host_queued_start": 1585626349.172939, "device_queued": -1, "device_end": -1, "host_queued_end": 1585626349.192634}, "device": "cpu", "nd_range": {"device_start": 2294123.536669137, "device_end": 2294123.5452595074}, "cmdq": 3, "read": {"device_start": -1, "device_end": -1}}, "FFC_sans_bias100": {"write": {"device_start": -1, "host_queued_start": 1585626349.163662, "device_queued": -1, "device_end": -1, "host_queued_end": 1585626349.192634}, "device": "cpu", "nd_range": {"device_start": 2294123.507068296, "device_end": 2294123.522011321}, "cmdq": 2, "read": {"device_start": -1, "device_end": -1}}, "FFC_sans_bias101": {"write": {"device_start": -1, "host_queued_start": 1585626349.164735, "device_queued": -1, "device_end": -1, "host_queued_end": 1585626349.192634}, "device": "cpu", "nd_range": {"device_start": 2294123.505342823, "device_end": 2294123.5204681973}, "cmdq": 3, "read": {"device_start": -1, "device_end": -1}}, "FFC_sans_bias106": {"write": {"device_start": -1, "host_queued_start": 1585626349.19259, "device_queued": -1, "device_end": -1, "host_queued_end": 1585626349.192634}, "device": "cpu", "nd_range": {"device_start": 2294123.6231125793, "device_end": 2294123.638305386}, "cmdq": 3, "read": {"device_start": -1, "device_end": -1}}, "FFC_sans_bias105": {"write": {"device_start": -1, "host_queued_start": 1585626349.180573, "device_queued": -1, "device_end": -1, "host_queued_end": 1585626349.192634}, "device": "cpu", "nd_range": {"device_start": 2294123.5772495, "device_end": 2294123.592561937}, "cmdq": 3, "read": {"device_start": -1, "device_end": -1}}, "softmax95": {"write": {"device_start": -1, "host_queued_start": 1585626349.176046, "device_queued": -1, "device_end": -1, "host_queued_end": 1585626349.192634}, "device": "cpu", "nd_range": {"device_start": 2294123.5798193393, "device_end": 2294123.58003559}, "cmdq": 2, "read": {"device_start": -1, "device_end": -1}}, "coalesced_transpose57": {"write": {"device_start": -1, "host_queued_start": 1585626349.167152, "device_queued": -1, "device_end": -1, "host_queued_end": 1585626349.192634}, "device": "cpu", "nd_range": {"device_start": 2294123.540567987, "device_end": 2294123.540803185}, "cmdq": 2, "read": {"device_start": -1, "device_end": -1}}, "empty26": {"write": {"device_start": -1, "host_queued_start": 1585626349.119081, "device_queued": -1, "device_end": -1, "host_queued_end": 1585626349.192634}, "device": "cpu", "nd_range": {"device_start": 2294123.382722957, "device_end": 2294123.3827265142}, "cmdq": 2, "read": {"device_start": -1, "device_end": -1}}, "softmax113": {"write": {"device_start": -1, "host_queued_start": 1585626349.114623, "device_queued": -1, "device_end": -1, "host_queued_end": 1585626349.116062}, "device": "gpu", "nd_range": {"device_start": 1585626282.5999742, "device_end": 1585626282.6001678}, "cmdq": 2, "read": {"device_start": -1, "device_end": -1}}, "FFC_sans_bias11": {"write": {"device_start": -1, "host_queued_start": 1585626349.132786, "device_queued": -1, "device_end": -1, "host_queued_end": 1585626349.192634}, "device": "cpu", "nd_range": {"device_start": 2294123.397882989, "device_end": 2294123.413155431}, "cmdq": 1, "read": {"device_start": -1, "device_end": -1}}, "FFC_sans_bias42": {"write": {"device_start": -1, "host_queued_start": 1585626349.178125, "device_queued": -1, "device_end": -1, "host_queued_end": 1585626349.192634}, "device": "cpu", "nd_range": {"device_start": 2294123.644274439, "device_end": 2294123.656559869}, "cmdq": 0, "read": {"device_start": -1, "device_end": -1}}, "FFC_sans_bias43": {"write": {"device_start": -1, "host_queued_start": 1585626349.185628, "device_queued": -1, "device_end": -1, "host_queued_end": 1585626349.192634}, "device": "cpu", "nd_range": {"device_start": 2294123.678246777, "device_end": 2294123.687184349}, "cmdq": 0, "read": {"device_start": -1, "device_end": -1}}, "FFC_sans_bias40": {"write": {"device_start": -1, "host_queued_start": 1585626349.170523, "device_queued": -1, "device_end": -1, "host_queued_end": 1585626349.192634}, "device": "cpu", "nd_range": {"device_start": 2294123.59699298, "device_end": 2294123.61322316}, "cmdq": 0, "read": {"device_start": -1, "device_end": -1}}, "FFC_sans_bias46": {"write": {"device_start": -1, "host_queued_start": 1585626349.144602, "device_queued": -1, "device_end": -1, "host_queued_end": 1585626349.192634}, "device": "cpu", "nd_range": {"device_start": 2294123.499336332, "device_end": 2294123.525925144}, "cmdq": 0, "read": {"device_start": -1, "device_end": -1}}, "FFC_sans_bias47": {"write": {"device_start": -1, "host_queued_start": 1585626349.14566, "device_queued": -1, "device_end": -1, "host_queued_end": 1585626349.192634}, "device": "cpu", "nd_range": {"device_start": 2294123.4441397963, "device_end": 2294123.459439925}, "cmdq": 1, "read": {"device_start": -1, "device_end": -1}}, "FFC_sans_bias45": {"write": {"device_start": -1, "host_queued_start": 1585626349.143553, "device_queued": -1, "device_end": -1, "host_queued_end": 1585626349.192634}, "device": "cpu", "nd_range": {"device_start": 2294123.428758337, "device_end": 2294123.443974274}, "cmdq": 3, "read": {"device_start": -1, "device_end": -1}}, "FFC_sans_bias49": {"write": {"device_start": -1, "host_queued_start": 1585626349.170875, "device_queued": -1, "device_end": -1, "host_queued_end": 1585626349.192634}, "device": "cpu", "nd_range": {"device_start": 2294123.5866222293, "device_end": 2294123.601944319}, "cmdq": 1, "read": {"device_start": -1, "device_end": -1}}, "softmax77": {"write": {"device_start": -1, "host_queued_start": 1585626349.175493, "device_queued": -1, "device_end": -1, "host_queued_end": 1585626349.192634}, "device": "cpu", "nd_range": {"device_start": 2294123.63103062, "device_end": 2294123.631236584}, "cmdq": 0, "read": {"device_start": -1, "device_end": -1}}, "FFC_sans_bias115": {"write": {"device_start": 1585626282.5992904, "host_queued_start": 1585626349.115952, "device_queued": 1585626282.5979602, "device_end": 1585626282.5993195, "host_queued_end": 1585626349.116062}, "device": "gpu", "nd_range": {"device_start": 1585626282.600766, "device_end": 1585626282.6013525}, "cmdq": 0, "read": {"device_start": 1585626282.601355, "device_end": 1585626282.6013815}}, "FFC_sans_bias114": {"write": {"device_start": -1, "host_queued_start": 1585626349.114937, "device_queued": -1, "device_end": -1, "host_queued_end": 1585626349.116062}, "device": "gpu", "nd_range": {"device_start": 1585626282.6001718, "device_end": 1585626282.600763}, "cmdq": 3, "read": {"device_start": -1, "device_end": -1}}, "softmax5": {"write": {"device_start": -1, "host_queued_start": 1585626349.173224, "device_queued": -1, "device_end": -1, "host_queued_end": 1585626349.192634}, "device": "cpu", "nd_range": {"device_start": 2294123.630359582, "device_end": 2294123.6305744103}, "cmdq": 0, "read": {"device_start": -1, "device_end": -1}}, "FFC_sans_bias110": {"write": {"device_start": 1585626282.597715, "host_queued_start": 1585626349.113641, "device_queued": 1585626282.5974832, "device_end": 1585626282.5977445, "host_queued_end": 1585626349.116062}, "device": "gpu", "nd_range": {"device_start": 1585626282.5977974, "device_end": 1585626282.5993607}, "cmdq": 3, "read": {"device_start": -1, "device_end": -1}}, "FFC_sans_bias112": {"write": {"device_start": -1, "host_queued_start": 1585626349.11432, "device_queued": -1, "device_end": -1, "host_queued_end": 1585626349.116062}, "device": "gpu", "nd_range": {"device_start": 1585626282.5993648, "device_end": 1585626282.5999675}, "cmdq": 1, "read": {"device_start": -1, "device_end": -1}}, "empty53": {"write": {"device_start": -1, "host_queued_start": 1585626349.121624, "device_queued": -1, "device_end": -1, "host_queued_end": 1585626349.192634}, "device": "cpu", "nd_range": {"device_start": 2294123.382284007, "device_end": 2294123.382285167}, "cmdq": 1, "read": {"device_start": -1, "device_end": -1}}, "coalesced_transpose48": {"write": {"device_start": -1, "host_queued_start": 1585626349.166735, "device_queued": -1, "device_end": -1, "host_queued_end": 1585626349.192634}, "device": "cpu", "nd_range": {"device_start": 2294123.5265563633, "device_end": 2294123.5267980574}, "cmdq": 1, "read": {"device_start": -1, "device_end": -1}}}