{"FFC_sans_bias4": {"write": {"device_start": -1, "host_queued_start": 1585625761.575688, "device_queued": -1, "device_end": -1, "host_queued_end": 1585625761.591554}, "device": "cpu", "nd_range": {"device_start": 2293535.859279578, "device_end": 2293535.8744580722}, "cmdq": 0, "read": {"device_start": -1, "device_end": -1}}, "FFC_sans_bias7": {"write": {"device_start": -1, "host_queued_start": 1585625761.58437, "device_queued": -1, "device_end": -1, "host_queued_end": 1585625761.591554}, "device": "cpu", "nd_range": {"device_start": 2293535.970327619, "device_end": 2293535.9854578204}, "cmdq": 4, "read": {"device_start": -1, "device_end": -1}}, "FFC_sans_bias6": {"write": {"device_start": -1, "host_queued_start": 1585625761.580846, "device_queued": -1, "device_end": -1, "host_queued_end": 1585625761.591554}, "device": "cpu", "nd_range": {"device_start": 2293535.94353888, "device_end": 2293535.958770938}, "cmdq": 1, "read": {"device_start": -1, "device_end": -1}}, "FFC_sans_bias1": {"write": {"device_start": -1, "host_queued_start": 1585625761.548315, "device_queued": -1, "device_end": -1, "host_queued_end": 1585625761.591554}, "device": "cpu", "nd_range": {"device_start": 2293535.781211254, "device_end": 2293535.796734916}, "cmdq": 4, "read": {"device_start": -1, "device_end": -1}}, "FFC_sans_bias0": {"write": {"device_start": -1, "host_queued_start": 1585625761.547152, "device_queued": -1, "device_end": -1, "host_queued_end": 1585625761.591554}, "device": "cpu", "nd_range": {"device_start": 2293535.78121003, "device_end": 2293535.7965404}, "cmdq": 3, "read": {"device_start": -1, "device_end": -1}}, "FFC_sans_bias2": {"write": {"device_start": -1, "host_queued_start": 1585625761.54946, "device_queued": -1, "device_end": -1, "host_queued_end": 1585625761.591554}, "device": "cpu", "nd_range": {"device_start": 2293535.781898201, "device_end": 2293535.797147448}, "cmdq": 0, "read": {"device_start": -1, "device_end": -1}}, "FFC_sans_bias9": {"write": {"device_start": -1, "host_queued_start": 1585625761.55062, "device_queued": -1, "device_end": -1, "host_queued_end": 1585625761.591554}, "device": "cpu", "nd_range": {"device_start": 2293535.8463944113, "device_end": 2293535.860451436}, "cmdq": 1, "read": {"device_start": -1, "device_end": -1}}, "empty71": {"write": {"device_start": -1, "host_queued_start": 1585625761.546088, "device_queued": -1, "device_end": -1, "host_queued_end": 1585625761.591554}, "device": "cpu", "nd_range": {"device_start": 2293535.781232608, "device_end": 2293535.781233582}, "cmdq": 2, "read": {"device_start": -1, "device_end": -1}}, "softmax41": {"write": {"device_start": -1, "host_queued_start": 1585625761.579649, "device_queued": -1, "device_end": -1, "host_queued_end": 1585625761.591554}, "device": "cpu", "nd_range": {"device_start": 2293535.939369271, "device_end": 2293535.93958039}, "cmdq": 2, "read": {"device_start": -1, "device_end": -1}}, "FFC_sans_bias37": {"write": {"device_start": -1, "host_queued_start": 1585625761.561831, "device_queued": -1, "device_end": -1, "host_queued_end": 1585625761.591554}, "device": "cpu", "nd_range": {"device_start": 2293535.876866042, "device_end": 2293535.8853818923}, "cmdq": 1, "read": {"device_start": -1, "device_end": -1}}, "FFC_sans_bias36": {"write": {"device_start": -1, "host_queued_start": 1585625761.560647, "device_queued": -1, "device_end": -1, "host_queued_end": 1585625761.591554}, "device": "cpu", "nd_range": {"device_start": 2293535.8126820093, "device_end": 2293535.827917532}, "cmdq": 0, "read": {"device_start": -1, "device_end": -1}}, "FFC_sans_bias34": {"write": {"device_start": -1, "host_queued_start": 1585625761.587386, "device_queued": -1, "device_end": -1, "host_queued_end": 1585625761.591554}, "device": "cpu", "nd_range": {"device_start": 2293535.989400667, "device_end": 2293536.0046426463}, "cmdq": 2, "read": {"device_start": -1, "device_end": -1}}, "FFC_sans_bias33": {"write": {"device_start": -1, "host_queued_start": 1585625761.581893, "device_queued": -1, "device_end": -1, "host_queued_end": 1585625761.591554}, "device": "cpu", "nd_range": {"device_start": 2293535.95505117, "device_end": 2293535.970320829}, "cmdq": 4, "read": {"device_start": -1, "device_end": -1}}, "FFC_sans_bias31": {"write": {"device_start": -1, "host_queued_start": 1585625761.576739, "device_queued": -1, "device_end": -1, "host_queued_end": 1585625761.591554}, "device": "cpu", "nd_range": {"device_start": 2293535.8602283713, "device_end": 2293535.87598722}, "cmdq": 3, "read": {"device_start": -1, "device_end": -1}}, "FFC_sans_bias38": {"write": {"device_start": -1, "host_queued_start": 1585625761.562957, "device_queued": -1, "device_end": -1, "host_queued_end": 1585625761.591554}, "device": "cpu", "nd_range": {"device_start": 2293535.814061489, "device_end": 2293535.83011941}, "cmdq": 2, "read": {"device_start": -1, "device_end": -1}}, "coalesced_transpose75": {"write": {"device_start": -1, "host_queued_start": 1585625761.526494, "device_queued": -1, "device_end": -1, "host_queued_end": 1585625761.537721}, "device": "gpu", "nd_range": {"device_start": 1585625695.0470803, "device_end": 1585625695.0470884}, "cmdq": 0, "read": {"device_start": -1, "device_end": -1}}, "empty44": {"write": {"device_start": -1, "host_queued_start": 1585625761.543391, "device_queued": -1, "device_end": -1, "host_queued_end": 1585625761.591554}, "device": "cpu", "nd_range": {"device_start": 2293535.781204612, "device_end": 2293535.781205681}, "cmdq": 4, "read": {"device_start": -1, "device_end": -1}}, "empty8": {"write": {"device_start": -1, "host_queued_start": 1585625761.539433, "device_queued": -1, "device_end": -1, "host_queued_end": 1585625761.591554}, "device": "cpu", "nd_range": {"device_start": 2293535.781163459, "device_end": 2293535.781174786}, "cmdq": 0, "read": {"device_start": -1, "device_end": -1}}, "softmax50": {"write": {"device_start": -1, "host_queued_start": 1585625761.579932, "device_queued": -1, "device_end": -1, "host_queued_end": 1585625761.591554}, "device": "cpu", "nd_range": {"device_start": 2293535.900823368, "device_end": 2293535.901040851}, "cmdq": 3, "read": {"device_start": -1, "device_end": -1}}, "softmax59": {"write": {"device_start": -1, "host_queued_start": 1585625761.580217, "device_queued": -1, "device_end": -1, "host_queued_end": 1585625761.591554}, "device": "cpu", "nd_range": {"device_start": 2293535.954817568, "device_end": 2293535.955042505}, "cmdq": 4, "read": {"device_start": -1, "device_end": -1}}, "FFC_sans_bias24": {"write": {"device_start": -1, "host_queued_start": 1585625761.58154, "device_queued": -1, "device_end": -1, "host_queued_end": 1585625761.591554}, "device": "cpu", "nd_range": {"device_start": 2293535.910984469, "device_end": 2293535.926278226}, "cmdq": 3, "read": {"device_start": -1, "device_end": -1}}, "FFC_sans_bias25": {"write": {"device_start": -1, "host_queued_start": 1585625761.586379, "device_queued": -1, "device_end": -1, "host_queued_end": 1585625761.591554}, "device": "cpu", "nd_range": {"device_start": 2293535.9740629643, "device_end": 2293535.989299567}, "cmdq": 1, "read": {"device_start": -1, "device_end": -1}}, "FFC_sans_bias27": {"write": {"device_start": -1, "host_queued_start": 1585625761.557104, "device_queued": -1, "device_end": -1, "host_queued_end": 1585625761.591554}, "device": "cpu", "nd_range": {"device_start": 2293535.797255949, "device_end": 2293535.813942349}, "cmdq": 2, "read": {"device_start": -1, "device_end": -1}}, "FFC_sans_bias20": {"write": {"device_start": -1, "host_queued_start": 1585625761.556032, "device_queued": -1, "device_end": -1, "host_queued_end": 1585625761.591554}, "device": "cpu", "nd_range": {"device_start": 2293535.860572025, "device_end": 2293535.876856565}, "cmdq": 1, "read": {"device_start": -1, "device_end": -1}}, "FFC_sans_bias22": {"write": {"device_start": -1, "host_queued_start": 1585625761.576388, "device_queued": -1, "device_end": -1, "host_queued_end": 1585625761.591554}, "device": "cpu", "nd_range": {"device_start": 2293535.899000517, "device_end": 2293535.9085814264}, "cmdq": 2, "read": {"device_start": -1, "device_end": -1}}, "FFC_sans_bias28": {"write": {"device_start": -1, "host_queued_start": 1585625761.558267, "device_queued": -1, "device_end": -1, "host_queued_end": 1585625761.591554}, "device": "cpu", "nd_range": {"device_start": 2293535.8120913063, "device_end": 2293535.827409293}, "cmdq": 3, "read": {"device_start": -1, "device_end": -1}}, "FFC_sans_bias29": {"write": {"device_start": -1, "host_queued_start": 1585625761.559453, "device_queued": -1, "device_end": -1, "host_queued_end": 1585625761.591554}, "device": "cpu", "nd_range": {"device_start": 2293535.830867624, "device_end": 2293535.8541298034}, "cmdq": 4, "read": {"device_start": -1, "device_end": -1}}, "coalesced_transpose66": {"write": {"device_start": -1, "host_queued_start": 1585625761.575341, "device_queued": -1, "device_end": -1, "host_queued_end": 1585625761.591554}, "device": "cpu", "nd_range": {"device_start": 2293535.8986552954, "device_end": 2293535.898890342}, "cmdq": 4, "read": {"device_start": -1, "device_end": -1}}, "coalesced_transpose93": {"write": {"device_start": -1, "host_queued_start": 1585625761.527137, "device_queued": -1, "device_end": -1, "host_queued_end": 1585625761.537721}, "device": "gpu", "nd_range": {"device_start": 1585625695.0470989, "device_end": 1585625695.0471077}, "cmdq": 0, "read": {"device_start": -1, "device_end": -1}}, "softmax23": {"write": {"device_start": -1, "host_queued_start": 1585625761.579078, "device_queued": -1, "device_end": -1, "host_queued_end": 1585625761.591554}, "device": "cpu", "nd_range": {"device_start": 2293535.9106676653, "device_end": 2293535.910872947}, "cmdq": 0, "read": {"device_start": -1, "device_end": -1}}, "empty62": {"write": {"device_start": -1, "host_queued_start": 1585625761.545236, "device_queued": -1, "device_end": -1, "host_queued_end": 1585625761.591554}, "device": "cpu", "nd_range": {"device_start": 2293535.781196996, "device_end": 2293535.781198164}, "cmdq": 1, "read": {"device_start": -1, "device_end": -1}}, "FFC_sans_bias10": {"write": {"device_start": -1, "host_queued_start": 1585625761.551675, "device_queued": -1, "device_end": -1, "host_queued_end": 1585625761.591554}, "device": "cpu", "nd_range": {"device_start": 2293535.7812404963, "device_end": 2293535.797108671}, "cmdq": 2, "read": {"device_start": -1, "device_end": -1}}, "FFC_sans_bias13": {"write": {"device_start": -1, "host_queued_start": 1585625761.576039, "device_queued": -1, "device_end": -1, "host_queued_end": 1585625761.591554}, "device": "cpu", "nd_range": {"device_start": 2293535.9128053463, "device_end": 2293535.9280158523}, "cmdq": 1, "read": {"device_start": -1, "device_end": -1}}, "FFC_sans_bias15": {"write": {"device_start": -1, "host_queued_start": 1585625761.581193, "device_queued": -1, "device_end": -1, "host_queued_end": 1585625761.591554}, "device": "cpu", "nd_range": {"device_start": 2293535.939588428, "device_end": 2293535.9548100433}, "cmdq": 2, "read": {"device_start": -1, "device_end": -1}}, "FFC_sans_bias16": {"write": {"device_start": -1, "host_queued_start": 1585625761.585376, "device_queued": -1, "device_end": -1, "host_queued_end": 1585625761.591554}, "device": "cpu", "nd_range": {"device_start": 2293535.958382556, "device_end": 2293535.973845921}, "cmdq": 0, "read": {"device_start": -1, "device_end": -1}}, "FFC_sans_bias19": {"write": {"device_start": -1, "host_queued_start": 1585625761.554908, "device_queued": -1, "device_end": -1, "host_queued_end": 1585625761.591554}, "device": "cpu", "nd_range": {"device_start": 2293535.797170372, "device_end": 2293535.812562365}, "cmdq": 0, "read": {"device_start": -1, "device_end": -1}}, "FFC_sans_bias18": {"write": {"device_start": -1, "host_queued_start": 1585625761.553822, "device_queued": -1, "device_end": -1, "host_queued_end": 1585625761.591554}, "device": "cpu", "nd_range": {"device_start": 2293535.800189896, "device_end": 2293535.823279337}, "cmdq": 4, "read": {"device_start": -1, "device_end": -1}}, "FFC_sans_bias99": {"write": {"device_start": 1585625695.0426807, "host_queued_start": 1585625761.520842, "device_queued": 1585625695.0360963, "device_end": 1585625695.0427032, "host_queued_end": 1585625761.537721}, "device": "gpu", "nd_range": {"device_start": 1585625695.04271, "device_end": 1585625695.043316}, "cmdq": 0, "read": {"device_start": -1, "device_end": -1}}, "FFC_sans_bias91": {"write": {"device_start": 1585625695.0411763, "host_queued_start": 1585625761.518701, "device_queued": 1585625695.0359333, "device_end": 1585625695.041206, "host_queued_end": 1585625761.537721}, "device": "gpu", "nd_range": {"device_start": 1585625695.041212, "device_end": 1585625695.0418112}, "cmdq": 0, "read": {"device_start": -1, "device_end": -1}}, "FFC_sans_bias90": {"write": {"device_start": 1585625695.0404196, "host_queued_start": 1585625761.517625, "device_queued": 1585625695.0358934, "device_end": 1585625695.0404503, "host_queued_end": 1585625761.537721}, "device": "gpu", "nd_range": {"device_start": 1585625695.0404594, "device_end": 1585625695.0410578}, "cmdq": 0, "read": {"device_start": -1, "device_end": -1}}, "coalesced_transpose12": {"write": {"device_start": -1, "host_queued_start": 1585625761.573321, "device_queued": -1, "device_end": -1, "host_queued_end": 1585625761.591554}, "device": "cpu", "nd_range": {"device_start": 2293535.858191933, "device_end": 2293535.8584393254}, "cmdq": 3, "read": {"device_start": -1, "device_end": -1}}, "FFC_sans_bias94": {"write": {"device_start": -1, "host_queued_start": 1585625761.528703, "device_queued": -1, "device_end": -1, "host_queued_end": 1585625761.537721}, "device": "gpu", "nd_range": {"device_start": 1585625695.048327, "device_end": 1585625695.048925}, "cmdq": 0, "read": {"device_start": -1, "device_end": -1}}, "FFC_sans_bias97": {"write": {"device_start": 1585625695.0560734, "host_queued_start": 1585625761.535502, "device_queued": 1585625695.0377219, "device_end": 1585625695.0561025, "host_queued_end": 1585625761.537721}, "device": "gpu", "nd_range": {"device_start": 1585625695.0561109, "device_end": 1585625695.056707}, "cmdq": 0, "read": {"device_start": 1585625695.0567133, "device_end": 1585625695.0567365}}, "FFC_sans_bias96": {"write": {"device_start": -1, "host_queued_start": 1585625761.531704, "device_queued": -1, "device_end": -1, "host_queued_end": 1585625761.537721}, "device": "gpu", "nd_range": {"device_start": 1585625695.052402, "device_end": 1585625695.0530005}, "cmdq": 0, "read": {"device_start": -1, "device_end": -1}}, "softmax32": {"write": {"device_start": -1, "host_queued_start": 1585625761.579355, "device_queued": -1, "device_end": -1, "host_queued_end": 1585625761.591554}, "device": "cpu", "nd_range": {"device_start": 2293535.943313119, "device_end": 2293535.943532483}, "cmdq": 1, "read": {"device_start": -1, "device_end": -1}}, "coalesced_transpose84": {"write": {"device_start": -1, "host_queued_start": 1585625761.526828, "device_queued": -1, "device_end": -1, "host_queued_end": 1585625761.537721}, "device": "gpu", "nd_range": {"device_start": 1585625695.0470896, "device_end": 1585625695.0470977}, "cmdq": 0, "read": {"device_start": -1, "device_end": -1}}, "empty98": {"write": {"device_start": 1585625695.035134, "host_queued_start": 1585625761.508658, "device_queued": 1585625695.03471, "device_end": 1585625695.0351653, "host_queued_end": 1585625761.537721}, "device": "gpu", "nd_range": {"device_start": 1585625695.0351713, "device_end": 1585625695.03518}, "cmdq": 0, "read": {"device_start": -1, "device_end": -1}}, "empty107": {"write": {"device_start": 1585625695.035316, "host_queued_start": 1585625761.509476, "device_queued": 1585625695.0347588, "device_end": 1585625695.0353487, "host_queued_end": 1585625761.537721}, "device": "gpu", "nd_range": {"device_start": 1585625695.0353518, "device_end": 1585625695.035356}, "cmdq": 0, "read": {"device_start": -1, "device_end": -1}}, "empty17": {"write": {"device_start": -1, "host_queued_start": 1585625761.540528, "device_queued": -1, "device_end": -1, "host_queued_end": 1585625761.591554}, "device": "cpu", "nd_range": {"device_start": 2293535.781163435, "device_end": 2293535.781174844}, "cmdq": 1, "read": {"device_start": -1, "device_end": -1}}, "FFC_sans_bias87": {"write": {"device_start": -1, "host_queued_start": 1585625761.531388, "device_queued": -1, "device_end": -1, "host_queued_end": 1585625761.537721}, "device": "gpu", "nd_range": {"device_start": 1585625695.051802, "device_end": 1585625695.052401}, "cmdq": 0, "read": {"device_start": -1, "device_end": -1}}, "FFC_sans_bias85": {"write": {"device_start": -1, "host_queued_start": 1585625761.528385, "device_queued": -1, "device_end": -1, "host_queued_end": 1585625761.537721}, "device": "gpu", "nd_range": {"device_start": 1585625695.0477295, "device_end": 1585625695.048326}, "cmdq": 0, "read": {"device_start": -1, "device_end": -1}}, "FFC_sans_bias82": {"write": {"device_start": 1585625695.0389113, "host_queued_start": 1585625761.515528, "device_queued": 1585625695.0356839, "device_end": 1585625695.0389404, "host_queued_end": 1585625761.537721}, "device": "gpu", "nd_range": {"device_start": 1585625695.0389504, "device_end": 1585625695.039543}, "cmdq": 0, "read": {"device_start": -1, "device_end": -1}}, "FFC_sans_bias83": {"write": {"device_start": 1585625695.039662, "host_queued_start": 1585625761.516583, "device_queued": 1585625695.0357375, "device_end": 1585625695.0396914, "host_queued_end": 1585625761.537721}, "device": "gpu", "nd_range": {"device_start": 1585625695.0396974, "device_end": 1585625695.0402935}, "cmdq": 0, "read": {"device_start": -1, "device_end": -1}}, "FFC_sans_bias81": {"write": {"device_start": 1585625695.038132, "host_queued_start": 1585625761.514451, "device_queued": 1585625695.0354428, "device_end": 1585625695.0381558, "host_queued_end": 1585625761.537721}, "device": "gpu", "nd_range": {"device_start": 1585625695.0381606, "device_end": 1585625695.0387661}, "cmdq": 0, "read": {"device_start": -1, "device_end": -1}}, "FFC_sans_bias88": {"write": {"device_start": 1585625695.0552368, "host_queued_start": 1585625761.534431, "device_queued": 1585625695.0376632, "device_end": 1585625695.0552657, "host_queued_end": 1585625761.537721}, "device": "gpu", "nd_range": {"device_start": 1585625695.0552685, "device_end": 1585625695.0558667}, "cmdq": 0, "read": {"device_start": 1585625695.0558743, "device_end": 1585625695.0558975}}, "coalesced_transpose30": {"write": {"device_start": -1, "host_queued_start": 1585625761.574, "device_queued": -1, "device_end": -1, "host_queued_end": 1585625761.591554}, "device": "cpu", "nd_range": {"device_start": 2293535.8589153443, "device_end": 2293535.859166523}, "cmdq": 0, "read": {"device_start": -1, "device_end": -1}}, "coalesced_transpose39": {"write": {"device_start": -1, "host_queued_start": 1585625761.574333, "device_queued": -1, "device_end": -1, "host_queued_end": 1585625761.591554}, "device": "cpu", "nd_range": {"device_start": 2293535.91244851, "device_end": 2293535.912694395}, "cmdq": 1, "read": {"device_start": -1, "device_end": -1}}, "FFC_sans_bias79": {"write": {"device_start": 1585625695.0543594, "host_queued_start": 1585625761.533363, "device_queued": 1585625695.0374982, "device_end": 1585625695.0543888, "host_queued_end": 1585625761.537721}, "device": "gpu", "nd_range": {"device_start": 1585625695.0543978, "device_end": 1585625695.0549958}, "cmdq": 0, "read": {"device_start": 1585625695.0550003, "device_end": 1585625695.0550253}}, "FFC_sans_bias78": {"write": {"device_start": -1, "host_queued_start": 1585625761.531069, "device_queued": -1, "device_end": -1, "host_queued_end": 1585625761.537721}, "device": "gpu", "nd_range": {"device_start": 1585625695.0512042, "device_end": 1585625695.051801}, "cmdq": 0, "read": {"device_start": -1, "device_end": -1}}, "FFC_sans_bias73": {"write": {"device_start": 1585625695.0366182, "host_queued_start": 1585625761.512355, "device_queued": 1585625695.0351338, "device_end": 1585625695.0366495, "host_queued_end": 1585625761.537721}, "device": "gpu", "nd_range": {"device_start": 1585625695.036655, "device_end": 1585625695.037249}, "cmdq": 0, "read": {"device_start": -1, "device_end": -1}}, "FFC_sans_bias72": {"write": {"device_start": 1585625695.0356681, "host_queued_start": 1585625761.511305, "device_queued": 1585625695.0350862, "device_end": 1585625695.0356998, "host_queued_end": 1585625761.537721}, "device": "gpu", "nd_range": {"device_start": 1585625695.035708, "device_end": 1585625695.0363119}, "cmdq": 0, "read": {"device_start": -1, "device_end": -1}}, "FFC_sans_bias70": {"write": {"device_start": -1, "host_queued_start": 1585625761.591508, "device_queued": -1, "device_end": -1, "host_queued_end": 1585625761.591554}, "device": "cpu", "nd_range": {"device_start": 2293535.9893039702, "device_end": 2293536.004483838}, "cmdq": 1, "read": {"device_start": -1, "device_end": -1}}, "FFC_sans_bias76": {"write": {"device_start": -1, "host_queued_start": 1585625761.528068, "device_queued": -1, "device_end": -1, "host_queued_end": 1585625761.537721}, "device": "gpu", "nd_range": {"device_start": 1585625695.0471277, "device_end": 1585625695.0477285}, "cmdq": 0, "read": {"device_start": -1, "device_end": -1}}, "FFC_sans_bias74": {"write": {"device_start": 1585625695.0373726, "host_queued_start": 1585625761.513407, "device_queued": 1585625695.035391, "device_end": 1585625695.037402, "host_queued_end": 1585625761.537721}, "device": "gpu", "nd_range": {"device_start": 1585625695.0374076, "device_end": 1585625695.038011}, "cmdq": 0, "read": {"device_start": -1, "device_end": -1}}, "coalesced_transpose102": {"write": {"device_start": -1, "host_queued_start": 1585625761.52744, "device_queued": -1, "device_end": -1, "host_queued_end": 1585625761.537721}, "device": "gpu", "nd_range": {"device_start": 1585625695.0471091, "device_end": 1585625695.0471175}, "cmdq": 0, "read": {"device_start": -1, "device_end": -1}}, "coalesced_transpose3": {"write": {"device_start": -1, "host_queued_start": 1585625761.572977, "device_queued": -1, "device_end": -1, "host_queued_end": 1585625761.591554}, "device": "cpu", "nd_range": {"device_start": 2293535.846034668, "device_end": 2293535.8462839723}, "cmdq": 2, "read": {"device_start": -1, "device_end": -1}}, "empty89": {"write": {"device_start": 1585625695.0348542, "host_queued_start": 1585625761.507771, "device_queued": 1585625695.0346658, "device_end": 1585625695.0348847, "host_queued_end": 1585625761.537721}, "device": "gpu", "nd_range": {"device_start": 1585625695.0348938, "device_end": 1585625695.034897}, "cmdq": 0, "read": {"device_start": -1, "device_end": -1}}, "empty80": {"write": {"device_start": 1585625695.0346525, "host_queued_start": 1585625761.506722, "device_queued": 1585625695.0345273, "device_end": 1585625695.03468, "host_queued_end": 1585625761.537721}, "device": "gpu", "nd_range": {"device_start": 1585625695.0346835, "device_end": 1585625695.034688}, "cmdq": 0, "read": {"device_start": -1, "device_end": -1}}, "empty116": {"write": {"device_start": 1585625695.035489, "host_queued_start": 1585625761.510282, "device_queued": 1585625695.0350294, "device_end": 1585625695.0355196, "host_queued_end": 1585625761.537721}, "device": "gpu", "nd_range": {"device_start": 1585625695.0355234, "device_end": 1585625695.035527}, "cmdq": 0, "read": {"device_start": -1, "device_end": -1}}, "softmax104": {"write": {"device_start": -1, "host_queued_start": 1585625761.530344, "device_queued": -1, "device_end": -1, "host_queued_end": 1585625761.537721}, "device": "gpu", "nd_range": {"device_start": 1585625695.0507772, "device_end": 1585625695.0509906}, "cmdq": 0, "read": {"device_start": -1, "device_end": -1}}, "coalesced_transpose21": {"write": {"device_start": -1, "host_queued_start": 1585625761.573659, "device_queued": -1, "device_end": -1, "host_queued_end": 1585625761.591554}, "device": "cpu", "nd_range": {"device_start": 2293535.898289342, "device_end": 2293535.898538478}, "cmdq": 4, "read": {"device_start": -1, "device_end": -1}}, "softmax14": {"write": {"device_start": -1, "host_queued_start": 1585625761.578803, "device_queued": -1, "device_end": -1, "host_queued_end": 1585625761.591554}, "device": "cpu", "nd_range": {"device_start": 2293535.939144366, "device_end": 2293535.939362662}, "cmdq": 4, "read": {"device_start": -1, "device_end": -1}}, "FFC_sans_bias69": {"write": {"device_start": -1, "host_queued_start": 1585625761.583302, "device_queued": -1, "device_end": -1, "host_queued_end": 1585625761.591554}, "device": "cpu", "nd_range": {"device_start": 2293535.926698591, "device_end": 2293535.9423918463}, "cmdq": 3, "read": {"device_start": -1, "device_end": -1}}, "FFC_sans_bias92": {"write": {"device_start": 1585625695.041929, "host_queued_start": 1585625761.519769, "device_queued": 1585625695.0360558, "device_end": 1585625695.0419586, "host_queued_end": 1585625761.537721}, "device": "gpu", "nd_range": {"device_start": 1585625695.0419645, "device_end": 1585625695.04256}, "cmdq": 0, "read": {"device_start": -1, "device_end": -1}}, "FFC_sans_bias60": {"write": {"device_start": -1, "host_queued_start": 1585625761.582955, "device_queued": -1, "device_end": -1, "host_queued_end": 1585625761.591554}, "device": "cpu", "nd_range": {"device_start": 2293535.973851238, "device_end": 2293535.98926784}, "cmdq": 2, "read": {"device_start": -1, "device_end": -1}}, "FFC_sans_bias61": {"write": {"device_start": -1, "host_queued_start": 1585625761.590504, "device_queued": -1, "device_end": -1, "host_queued_end": 1585625761.591554}, "device": "cpu", "nd_range": {"device_start": 2293536.0044871983, "device_end": 2293536.0130773843}, "cmdq": 0, "read": {"device_start": -1, "device_end": -1}}, "FFC_sans_bias63": {"write": {"device_start": -1, "host_queued_start": 1585625761.572639, "device_queued": -1, "device_end": -1, "host_queued_end": 1585625761.591554}, "device": "cpu", "nd_range": {"device_start": 2293535.9009779803, "device_end": 2293535.9123344743}, "cmdq": 1, "read": {"device_start": -1, "device_end": -1}}, "FFC_sans_bias64": {"write": {"device_start": -1, "host_queued_start": 1585625761.570394, "device_queued": -1, "device_end": -1, "host_queued_end": 1585625761.591554}, "device": "cpu", "nd_range": {"device_start": 2293535.88301389, "device_end": 2293535.898166779}, "cmdq": 4, "read": {"device_start": -1, "device_end": -1}}, "FFC_sans_bias65": {"write": {"device_start": -1, "host_queued_start": 1585625761.571468, "device_queued": -1, "device_end": -1, "host_queued_end": 1585625761.591554}, "device": "cpu", "nd_range": {"device_start": 2293535.843425636, "device_end": 2293535.858695784}, "cmdq": 0, "read": {"device_start": -1, "device_end": -1}}, "FFC_sans_bias67": {"write": {"device_start": -1, "host_queued_start": 1585625761.578195, "device_queued": -1, "device_end": -1, "host_queued_end": 1585625761.591554}, "device": "cpu", "nd_range": {"device_start": 2293535.908694661, "device_end": 2293535.923902132}, "cmdq": 2, "read": {"device_start": -1, "device_end": -1}}, "coalesced_transpose111": {"write": {"device_start": -1, "host_queued_start": 1585625761.527745, "device_queued": -1, "device_end": -1, "host_queued_end": 1585625761.537721}, "device": "gpu", "nd_range": {"device_start": 1585625695.0471184, "device_end": 1585625695.0471265}, "cmdq": 0, "read": {"device_start": -1, "device_end": -1}}, "softmax68": {"write": {"device_start": -1, "host_queued_start": 1585625761.580503, "device_queued": -1, "device_end": -1, "host_queued_end": 1585625761.591554}, "device": "cpu", "nd_range": {"device_start": 2293535.9263863172, "device_end": 2293535.926593436}, "cmdq": 0, "read": {"device_start": -1, "device_end": -1}}, "empty35": {"write": {"device_start": -1, "host_queued_start": 1585625761.542446, "device_queued": -1, "device_end": -1, "host_queued_end": 1585625761.591554}, "device": "cpu", "nd_range": {"device_start": 2293535.7812037054, "device_end": 2293535.78120466}, "cmdq": 3, "read": {"device_start": -1, "device_end": -1}}, "softmax86": {"write": {"device_start": -1, "host_queued_start": 1585625761.529839, "device_queued": -1, "device_end": -1, "host_queued_end": 1585625761.537721}, "device": "gpu", "nd_range": {"device_start": 1585625695.0503547, "device_end": 1585625695.050565}, "cmdq": 0, "read": {"device_start": -1, "device_end": -1}}, "FFC_sans_bias55": {"write": {"device_start": -1, "host_queued_start": 1585625761.569332, "device_queued": -1, "device_end": -1, "host_queued_end": 1585625761.591554}, "device": "cpu", "nd_range": {"device_start": 2293535.842874534, "device_end": 2293535.858068019}, "cmdq": 3, "read": {"device_start": -1, "device_end": -1}}, "FFC_sans_bias54": {"write": {"device_start": -1, "host_queued_start": 1585625761.568276, "device_queued": -1, "device_end": -1, "host_queued_end": 1585625761.591554}, "device": "cpu", "nd_range": {"device_start": 2293535.8302399623, "device_end": 2293535.845906592}, "cmdq": 2, "read": {"device_start": -1, "device_end": -1}}, "FFC_sans_bias56": {"write": {"device_start": -1, "host_queued_start": 1585625761.56722, "device_queued": -1, "device_end": -1, "host_queued_end": 1585625761.591554}, "device": "cpu", "nd_range": {"device_start": 2293535.885605563, "device_end": 2293535.9008597382}, "cmdq": 1, "read": {"device_start": -1, "device_end": -1}}, "FFC_sans_bias51": {"write": {"device_start": -1, "host_queued_start": 1585625761.582601, "device_queued": -1, "device_end": -1, "host_queued_end": 1585625761.591554}, "device": "cpu", "nd_range": {"device_start": 2293535.958780543, "device_end": 2293535.9740560423}, "cmdq": 1, "read": {"device_start": -1, "device_end": -1}}, "FFC_sans_bias52": {"write": {"device_start": -1, "host_queued_start": 1585625761.589504, "device_queued": -1, "device_end": -1, "host_queued_end": 1585625761.591554}, "device": "cpu", "nd_range": {"device_start": 2293535.996005815, "device_end": 2293536.0137066673}, "cmdq": 4, "read": {"device_start": -1, "device_end": -1}}, "FFC_sans_bias58": {"write": {"device_start": -1, "host_queued_start": 1585625761.577784, "device_queued": -1, "device_end": -1, "host_queued_end": 1585625761.591554}, "device": "cpu", "nd_range": {"device_start": 2293535.9280256503, "device_end": 2293535.943304359}, "cmdq": 1, "read": {"device_start": -1, "device_end": -1}}, "FFC_sans_bias108": {"write": {"device_start": 1585625695.0449529, "host_queued_start": 1585625761.52404, "device_queued": 1585625695.0364041, "device_end": 1585625695.0449824, "host_queued_end": 1585625761.537721}, "device": "gpu", "nd_range": {"device_start": 1585625695.0449853, "device_end": 1585625695.045583}, "cmdq": 0, "read": {"device_start": -1, "device_end": -1}}, "FFC_sans_bias109": {"write": {"device_start": 1585625695.0457015, "host_queued_start": 1585625761.525093, "device_queued": 1585625695.0364423, "device_end": 1585625695.0457308, "host_queued_end": 1585625761.537721}, "device": "gpu", "nd_range": {"device_start": 1585625695.0457351, "device_end": 1585625695.0463314}, "cmdq": 0, "read": {"device_start": -1, "device_end": -1}}, "FFC_sans_bias103": {"write": {"device_start": -1, "host_queued_start": 1585625761.52902, "device_queued": -1, "device_end": -1, "host_queued_end": 1585625761.537721}, "device": "gpu", "nd_range": {"device_start": 1585625695.048926, "device_end": 1585625695.0495276}, "cmdq": 0, "read": {"device_start": -1, "device_end": -1}}, "FFC_sans_bias100": {"write": {"device_start": 1585625695.0434353, "host_queued_start": 1585625761.521915, "device_queued": 1585625695.0362244, "device_end": 1585625695.0434651, "host_queued_end": 1585625761.537721}, "device": "gpu", "nd_range": {"device_start": 1585625695.0434709, "device_end": 1585625695.0440674}, "cmdq": 0, "read": {"device_start": -1, "device_end": -1}}, "FFC_sans_bias101": {"write": {"device_start": 1585625695.0441911, "host_queued_start": 1585625761.522996, "device_queued": 1585625695.0362554, "device_end": 1585625695.0442202, "host_queued_end": 1585625761.537721}, "device": "gpu", "nd_range": {"device_start": 1585625695.0442245, "device_end": 1585625695.0448267}, "cmdq": 0, "read": {"device_start": -1, "device_end": -1}}, "FFC_sans_bias106": {"write": {"device_start": 1585625695.056917, "host_queued_start": 1585625761.536564, "device_queued": 1585625695.0378907, "device_end": 1585625695.0569465, "host_queued_end": 1585625761.537721}, "device": "gpu", "nd_range": {"device_start": 1585625695.0569506, "device_end": 1585625695.057547}, "cmdq": 0, "read": {"device_start": 1585625695.057556, "device_end": 1585625695.057579}}, "FFC_sans_bias105": {"write": {"device_start": -1, "host_queued_start": 1585625761.53202, "device_queued": -1, "device_end": -1, "host_queued_end": 1585625761.537721}, "device": "gpu", "nd_range": {"device_start": 1585625695.0530016, "device_end": 1585625695.0536008}, "cmdq": 0, "read": {"device_start": -1, "device_end": -1}}, "softmax95": {"write": {"device_start": -1, "host_queued_start": 1585625761.530093, "device_queued": -1, "device_end": -1, "host_queued_end": 1585625761.537721}, "device": "gpu", "nd_range": {"device_start": 1585625695.0505662, "device_end": 1585625695.0507762}, "cmdq": 0, "read": {"device_start": -1, "device_end": -1}}, "coalesced_transpose57": {"write": {"device_start": -1, "host_queued_start": 1585625761.575008, "device_queued": -1, "device_end": -1, "host_queued_end": 1585625761.591554}, "device": "cpu", "nd_range": {"device_start": 2293535.8585517793, "device_end": 2293535.858784758}, "cmdq": 3, "read": {"device_start": -1, "device_end": -1}}, "empty26": {"write": {"device_start": -1, "host_queued_start": 1585625761.541462, "device_queued": -1, "device_end": -1, "host_queued_end": 1585625761.591554}, "device": "cpu", "nd_range": {"device_start": 2293535.781207662, "device_end": 2293535.7812119983}, "cmdq": 2, "read": {"device_start": -1, "device_end": -1}}, "softmax113": {"write": {"device_start": -1, "host_queued_start": 1585625761.530749, "device_queued": -1, "device_end": -1, "host_queued_end": 1585625761.537721}, "device": "gpu", "nd_range": {"device_start": 1585625695.0509923, "device_end": 1585625695.051203}, "cmdq": 0, "read": {"device_start": -1, "device_end": -1}}, "FFC_sans_bias11": {"write": {"device_start": -1, "host_queued_start": 1585625761.55276, "device_queued": -1, "device_end": -1, "host_queued_end": 1585625761.591554}, "device": "cpu", "nd_range": {"device_start": 2293535.7966745733, "device_end": 2293535.811949619}, "cmdq": 3, "read": {"device_start": -1, "device_end": -1}}, "FFC_sans_bias42": {"write": {"device_start": -1, "host_queued_start": 1585625761.582249, "device_queued": -1, "device_end": -1, "host_queued_end": 1585625761.591554}, "device": "cpu", "nd_range": {"device_start": 2293535.942496215, "device_end": 2293535.9582727794}, "cmdq": 0, "read": {"device_start": -1, "device_end": -1}}, "FFC_sans_bias43": {"write": {"device_start": -1, "host_queued_start": 1585625761.588395, "device_queued": -1, "device_end": -1, "host_queued_end": 1585625761.591554}, "device": "cpu", "nd_range": {"device_start": 2293535.985577436, "device_end": 2293536.004858063}, "cmdq": 3, "read": {"device_start": -1, "device_end": -1}}, "FFC_sans_bias40": {"write": {"device_start": -1, "host_queued_start": 1585625761.577088, "device_queued": -1, "device_end": -1, "host_queued_end": 1585625761.591554}, "device": "cpu", "nd_range": {"device_start": 2293535.923911251, "device_end": 2293535.9391334313}, "cmdq": 4, "read": {"device_start": -1, "device_end": -1}}, "FFC_sans_bias46": {"write": {"device_start": -1, "host_queued_start": 1585625761.565079, "device_queued": -1, "device_end": -1, "host_queued_end": 1585625761.591554}, "device": "cpu", "nd_range": {"device_start": 2293535.861523941, "device_end": 2293535.8786873133}, "cmdq": 4, "read": {"device_start": -1, "device_end": -1}}, "FFC_sans_bias47": {"write": {"device_start": -1, "host_queued_start": 1585625761.566151, "device_queued": -1, "device_end": -1, "host_queued_end": 1585625761.591554}, "device": "cpu", "nd_range": {"device_start": 2293535.828040124, "device_end": 2293535.843303233}, "cmdq": 0, "read": {"device_start": -1, "device_end": -1}}, "FFC_sans_bias45": {"write": {"device_start": -1, "host_queued_start": 1585625761.564018, "device_queued": -1, "device_end": -1, "host_queued_end": 1585625761.591554}, "device": "cpu", "nd_range": {"device_start": 2293535.827528403, "device_end": 2293535.8427465023}, "cmdq": 3, "read": {"device_start": -1, "device_end": -1}}, "FFC_sans_bias49": {"write": {"device_start": -1, "host_queued_start": 1585625761.577436, "device_queued": -1, "device_end": -1, "host_queued_end": 1585625761.591554}, "device": "cpu", "nd_range": {"device_start": 2293535.8854142223, "device_end": 2293535.9007092933}, "cmdq": 0, "read": {"device_start": -1, "device_end": -1}}, "softmax77": {"write": {"device_start": -1, "host_queued_start": 1585625761.529587, "device_queued": -1, "device_end": -1, "host_queued_end": 1585625761.537721}, "device": "gpu", "nd_range": {"device_start": 1585625695.0501301, "device_end": 1585625695.0503538}, "cmdq": 0, "read": {"device_start": -1, "device_end": -1}}, "FFC_sans_bias115": {"write": {"device_start": 1585625695.057769, "host_queued_start": 1585625761.537619, "device_queued": 1585625695.0379484, "device_end": 1585625695.0577993, "host_queued_end": 1585625761.537721}, "device": "gpu", "nd_range": {"device_start": 1585625695.057808, "device_end": 1585625695.0584064}, "cmdq": 0, "read": {"device_start": 1585625695.0584085, "device_end": 1585625695.058431}}, "FFC_sans_bias114": {"write": {"device_start": -1, "host_queued_start": 1585625761.532334, "device_queued": -1, "device_end": -1, "host_queued_end": 1585625761.537721}, "device": "gpu", "nd_range": {"device_start": 1585625695.053602, "device_end": 1585625695.0542014}, "cmdq": 0, "read": {"device_start": -1, "device_end": -1}}, "softmax5": {"write": {"device_start": -1, "host_queued_start": 1585625761.578514, "device_queued": -1, "device_end": -1, "host_queued_end": 1585625761.591554}, "device": "cpu", "nd_range": {"device_start": 2293535.876107112, "device_end": 2293535.876326362}, "cmdq": 3, "read": {"device_start": -1, "device_end": -1}}, "FFC_sans_bias110": {"write": {"device_start": 1585625695.0464509, "host_queued_start": 1585625761.52615, "device_queued": 1585625695.0365689, "device_end": 1585625695.0464807, "host_queued_end": 1585625761.537721}, "device": "gpu", "nd_range": {"device_start": 1585625695.0464866, "device_end": 1585625695.0470793}, "cmdq": 0, "read": {"device_start": -1, "device_end": -1}}, "FFC_sans_bias112": {"write": {"device_start": -1, "host_queued_start": 1585625761.529334, "device_queued": -1, "device_end": -1, "host_queued_end": 1585625761.537721}, "device": "gpu", "nd_range": {"device_start": 1585625695.0495286, "device_end": 1585625695.0501287}, "cmdq": 0, "read": {"device_start": -1, "device_end": -1}}, "empty53": {"write": {"device_start": -1, "host_queued_start": 1585625761.544347, "device_queued": -1, "device_end": -1, "host_queued_end": 1585625761.591554}, "device": "cpu", "nd_range": {"device_start": 2293535.78119699, "device_end": 2293535.781198165}, "cmdq": 0, "read": {"device_start": -1, "device_end": -1}}, "coalesced_transpose48": {"write": {"device_start": -1, "host_queued_start": 1585625761.574674, "device_queued": -1, "device_end": -1, "host_queued_end": 1585625761.591554}, "device": "cpu", "nd_range": {"device_start": 2293535.885164483, "device_end": 2293535.885399554}, "cmdq": 2, "read": {"device_start": -1, "device_end": -1}}}