{"FFC_sans_bias4": {"write": {"device_start": -1, "host_queued_start": 1585626172.81497, "device_queued": -1, "device_end": -1, "host_queued_end": 1585626172.830557}, "device": "cpu", "nd_range": {"device_start": 2293947.1588528124, "device_end": 2293947.1723211394}, "cmdq": 0, "read": {"device_start": -1, "device_end": -1}}, "FFC_sans_bias7": {"write": {"device_start": -1, "host_queued_start": 1585626172.823451, "device_queued": -1, "device_end": -1, "host_queued_end": 1585626172.830557}, "device": "cpu", "nd_range": {"device_start": 2293947.189789683, "device_end": 2293947.1985814613}, "cmdq": 4, "read": {"device_start": -1, "device_end": -1}}, "FFC_sans_bias6": {"write": {"device_start": -1, "host_queued_start": 1585626172.81998, "device_queued": -1, "device_end": -1, "host_queued_end": 1585626172.830557}, "device": "cpu", "nd_range": {"device_start": 2293947.175310531, "device_end": 2293947.1862898003}, "cmdq": 1, "read": {"device_start": -1, "device_end": -1}}, "FFC_sans_bias1": {"write": {"device_start": -1, "host_queued_start": 1585626172.787868, "device_queued": -1, "device_end": -1, "host_queued_end": 1585626172.830557}, "device": "cpu", "nd_range": {"device_start": 2293947.035972744, "device_end": 2293947.051252723}, "cmdq": 4, "read": {"device_start": -1, "device_end": -1}}, "FFC_sans_bias0": {"write": {"device_start": -1, "host_queued_start": 1585626172.786812, "device_queued": -1, "device_end": -1, "host_queued_end": 1585626172.830557}, "device": "cpu", "nd_range": {"device_start": 2293947.066865657, "device_end": 2293947.0822273684}, "cmdq": 3, "read": {"device_start": -1, "device_end": -1}}, "FFC_sans_bias2": {"write": {"device_start": -1, "host_queued_start": 1585626172.788926, "device_queued": -1, "device_end": -1, "host_queued_end": 1585626172.830557}, "device": "cpu", "nd_range": {"device_start": 2293947.0203002053, "device_end": 2293947.0357091143}, "cmdq": 0, "read": {"device_start": -1, "device_end": -1}}, "FFC_sans_bias9": {"write": {"device_start": -1, "host_queued_start": 1585626172.790075, "device_queued": -1, "device_end": -1, "host_queued_end": 1585626172.830557}, "device": "cpu", "nd_range": {"device_start": 2293947.020212592, "device_end": 2293947.0357062863}, "cmdq": 1, "read": {"device_start": -1, "device_end": -1}}, "empty71": {"write": {"device_start": -1, "host_queued_start": 1585626172.785827, "device_queued": -1, "device_end": -1, "host_queued_end": 1585626172.830557}, "device": "cpu", "nd_range": {"device_start": 2293947.020205498, "device_end": 2293947.020206492}, "cmdq": 2, "read": {"device_start": -1, "device_end": -1}}, "softmax41": {"write": {"device_start": -1, "host_queued_start": 1585626172.818817, "device_queued": -1, "device_end": -1, "host_queued_end": 1585626172.830557}, "device": "cpu", "nd_range": {"device_start": 2293947.1749952943, "device_end": 2293947.175212949}, "cmdq": 2, "read": {"device_start": -1, "device_end": -1}}, "FFC_sans_bias37": {"write": {"device_start": -1, "host_queued_start": 1585626172.801198, "device_queued": -1, "device_end": -1, "host_queued_end": 1585626172.830557}, "device": "cpu", "nd_range": {"device_start": 2293947.0510138753, "device_end": 2293947.0661810134}, "cmdq": 1, "read": {"device_start": -1, "device_end": -1}}, "FFC_sans_bias36": {"write": {"device_start": -1, "host_queued_start": 1585626172.800144, "device_queued": -1, "device_end": -1, "host_queued_end": 1585626172.830557}, "device": "cpu", "nd_range": {"device_start": 2293947.0512186913, "device_end": 2293947.066560104}, "cmdq": 0, "read": {"device_start": -1, "device_end": -1}}, "FFC_sans_bias34": {"write": {"device_start": -1, "host_queued_start": 1585626172.826425, "device_queued": -1, "device_end": -1, "host_queued_end": 1585626172.830557}, "device": "cpu", "nd_range": {"device_start": 2293947.2243436733, "device_end": 2293947.239810223}, "cmdq": 2, "read": {"device_start": -1, "device_end": -1}}, "FFC_sans_bias33": {"write": {"device_start": -1, "host_queued_start": 1585626172.821015, "device_queued": -1, "device_end": -1, "host_queued_end": 1585626172.830557}, "device": "cpu", "nd_range": {"device_start": 2293947.1716925832, "device_end": 2293947.1897805342}, "cmdq": 4, "read": {"device_start": -1, "device_end": -1}}, "FFC_sans_bias31": {"write": {"device_start": -1, "host_queued_start": 1585626172.816016, "device_queued": -1, "device_end": -1, "host_queued_end": 1585626172.830557}, "device": "cpu", "nd_range": {"device_start": 2293947.144582774, "device_end": 2293947.1642687083}, "cmdq": 3, "read": {"device_start": -1, "device_end": -1}}, "FFC_sans_bias38": {"write": {"device_start": -1, "host_queued_start": 1585626172.802263, "device_queued": -1, "device_end": -1, "host_queued_end": 1585626172.830557}, "device": "cpu", "nd_range": {"device_start": 2293947.112812121, "device_end": 2293947.128275067}, "cmdq": 2, "read": {"device_start": -1, "device_end": -1}}, "coalesced_transpose75": {"write": {"device_start": -1, "host_queued_start": 1585626172.766059, "device_queued": -1, "device_end": -1, "host_queued_end": 1585626172.777277}, "device": "gpu", "nd_range": {"device_start": 1585626106.2703726, "device_end": 1585626106.2712035}, "cmdq": 2, "read": {"device_start": -1, "device_end": -1}}, "empty44": {"write": {"device_start": -1, "host_queued_start": 1585626172.783041, "device_queued": -1, "device_end": -1, "host_queued_end": 1585626172.830557}, "device": "cpu", "nd_range": {"device_start": 2293947.035650441, "device_end": 2293947.035653034}, "cmdq": 4, "read": {"device_start": -1, "device_end": -1}}, "empty8": {"write": {"device_start": -1, "host_queued_start": 1585626172.778868, "device_queued": -1, "device_end": -1, "host_queued_end": 1585626172.830557}, "device": "cpu", "nd_range": {"device_start": 2293947.020271567, "device_end": 2293947.020276708}, "cmdq": 0, "read": {"device_start": -1, "device_end": -1}}, "softmax50": {"write": {"device_start": -1, "host_queued_start": 1585626172.819095, "device_queued": -1, "device_end": -1, "host_queued_end": 1585626172.830557}, "device": "cpu", "nd_range": {"device_start": 2293947.204573784, "device_end": 2293947.2087310473}, "cmdq": 3, "read": {"device_start": -1, "device_end": -1}}, "softmax59": {"write": {"device_start": -1, "host_queued_start": 1585626172.819368, "device_queued": -1, "device_end": -1, "host_queued_end": 1585626172.830557}, "device": "cpu", "nd_range": {"device_start": 2293947.171478034, "device_end": 2293947.171686213}, "cmdq": 4, "read": {"device_start": -1, "device_end": -1}}, "FFC_sans_bias24": {"write": {"device_start": -1, "host_queued_start": 1585626172.820667, "device_queued": -1, "device_end": -1, "host_queued_end": 1585626172.830557}, "device": "cpu", "nd_range": {"device_start": 2293947.224298192, "device_end": 2293947.252359026}, "cmdq": 3, "read": {"device_start": -1, "device_end": -1}}, "FFC_sans_bias25": {"write": {"device_start": -1, "host_queued_start": 1585626172.825437, "device_queued": -1, "device_end": -1, "host_queued_end": 1585626172.830557}, "device": "cpu", "nd_range": {"device_start": 2293947.252535547, "device_end": 2293947.2620282574}, "cmdq": 1, "read": {"device_start": -1, "device_end": -1}}, "FFC_sans_bias27": {"write": {"device_start": -1, "host_queued_start": 1585626172.796936, "device_queued": -1, "device_end": -1, "host_queued_end": 1585626172.830557}, "device": "cpu", "nd_range": {"device_start": 2293947.0973563613, "device_end": 2293947.112702759}, "cmdq": 2, "read": {"device_start": -1, "device_end": -1}}, "FFC_sans_bias20": {"write": {"device_start": -1, "host_queued_start": 1585626172.795889, "device_queued": -1, "device_end": -1, "host_queued_end": 1585626172.830557}, "device": "cpu", "nd_range": {"device_start": 2293947.035716378, "device_end": 2293947.051007516}, "cmdq": 1, "read": {"device_start": -1, "device_end": -1}}, "FFC_sans_bias22": {"write": {"device_start": -1, "host_queued_start": 1585626172.815667, "device_queued": -1, "device_end": -1, "host_queued_end": 1585626172.830557}, "device": "cpu", "nd_range": {"device_start": 2293947.144904009, "device_end": 2293947.1602668543}, "cmdq": 2, "read": {"device_start": -1, "device_end": -1}}, "FFC_sans_bias28": {"write": {"device_start": -1, "host_queued_start": 1585626172.797982, "device_queued": -1, "device_end": -1, "host_queued_end": 1585626172.830557}, "device": "cpu", "nd_range": {"device_start": 2293947.0977324503, "device_end": 2293947.112862842}, "cmdq": 3, "read": {"device_start": -1, "device_end": -1}}, "FFC_sans_bias29": {"write": {"device_start": -1, "host_queued_start": 1585626172.799083, "device_queued": -1, "device_end": -1, "host_queued_end": 1585626172.830557}, "device": "cpu", "nd_range": {"device_start": 2293947.097138489, "device_end": 2293947.1123285373}, "cmdq": 4, "read": {"device_start": -1, "device_end": -1}}, "coalesced_transpose66": {"write": {"device_start": -1, "host_queued_start": 1585626172.814623, "device_queued": -1, "device_end": -1, "host_queued_end": 1585626172.830557}, "device": "cpu", "nd_range": {"device_start": 2293947.1432057424, "device_end": 2293947.1434389553}, "cmdq": 4, "read": {"device_start": -1, "device_end": -1}}, "coalesced_transpose93": {"write": {"device_start": -1, "host_queued_start": 1585626172.766699, "device_queued": -1, "device_end": -1, "host_queued_end": 1585626172.777277}, "device": "gpu", "nd_range": {"device_start": 1585626106.2713363, "device_end": 1585626106.2713542}, "cmdq": 1, "read": {"device_start": -1, "device_end": -1}}, "softmax23": {"write": {"device_start": -1, "host_queued_start": 1585626172.818261, "device_queued": -1, "device_end": -1, "host_queued_end": 1585626172.830557}, "device": "cpu", "nd_range": {"device_start": 2293947.204576042, "device_end": 2293947.212055092}, "cmdq": 0, "read": {"device_start": -1, "device_end": -1}}, "empty62": {"write": {"device_start": -1, "host_queued_start": 1585626172.785019, "device_queued": -1, "device_end": -1, "host_queued_end": 1585626172.830557}, "device": "cpu", "nd_range": {"device_start": 2293947.0202052994, "device_end": 2293947.020206414}, "cmdq": 1, "read": {"device_start": -1, "device_end": -1}}, "FFC_sans_bias10": {"write": {"device_start": -1, "host_queued_start": 1585626172.791242, "device_queued": -1, "device_end": -1, "host_queued_end": 1585626172.830557}, "device": "cpu", "nd_range": {"device_start": 2293947.020212444, "device_end": 2293947.0355151542}, "cmdq": 2, "read": {"device_start": -1, "device_end": -1}}, "FFC_sans_bias13": {"write": {"device_start": -1, "host_queued_start": 1585626172.815317, "device_queued": -1, "device_end": -1, "host_queued_end": 1585626172.830557}, "device": "cpu", "nd_range": {"device_start": 2293947.144385627, "device_end": 2293947.159679666}, "cmdq": 1, "read": {"device_start": -1, "device_end": -1}}, "FFC_sans_bias15": {"write": {"device_start": -1, "host_queued_start": 1585626172.820322, "device_queued": -1, "device_end": -1, "host_queued_end": 1585626172.830557}, "device": "cpu", "nd_range": {"device_start": 2293947.1752187693, "device_end": 2293947.204523915}, "cmdq": 2, "read": {"device_start": -1, "device_end": -1}}, "FFC_sans_bias16": {"write": {"device_start": -1, "host_queued_start": 1585626172.824446, "device_queued": -1, "device_end": -1, "host_queued_end": 1585626172.830557}, "device": "cpu", "nd_range": {"device_start": 2293947.240312815, "device_end": 2293947.247007043}, "cmdq": 0, "read": {"device_start": -1, "device_end": -1}}, "FFC_sans_bias19": {"write": {"device_start": -1, "host_queued_start": 1585626172.794827, "device_queued": -1, "device_end": -1, "host_queued_end": 1585626172.830557}, "device": "cpu", "nd_range": {"device_start": 2293947.0357439984, "device_end": 2293947.050996284}, "cmdq": 0, "read": {"device_start": -1, "device_end": -1}}, "FFC_sans_bias18": {"write": {"device_start": -1, "host_queued_start": 1585626172.793686, "device_queued": -1, "device_end": -1, "host_queued_end": 1585626172.830557}, "device": "cpu", "nd_range": {"device_start": 2293947.051368129, "device_end": 2293947.066534744}, "cmdq": 4, "read": {"device_start": -1, "device_end": -1}}, "FFC_sans_bias99": {"write": {"device_start": 1585626106.2676067, "host_queued_start": 1585626172.760482, "device_queued": 1585626106.2645912, "device_end": 1585626106.2676392, "host_queued_end": 1585626172.777277}, "device": "gpu", "nd_range": {"device_start": 1585626106.2676427, "device_end": 1585626106.268959}, "cmdq": 2, "read": {"device_start": -1, "device_end": -1}}, "FFC_sans_bias91": {"write": {"device_start": 1585626106.2666786, "host_queued_start": 1585626172.758347, "device_queued": 1585626106.2644045, "device_end": 1585626106.2667112, "host_queued_end": 1585626172.777277}, "device": "gpu", "nd_range": {"device_start": 1585626106.2667146, "device_end": 1585626106.2679703}, "cmdq": 0, "read": {"device_start": -1, "device_end": -1}}, "FFC_sans_bias90": {"write": {"device_start": 1585626106.2661111, "host_queued_start": 1585626172.757307, "device_queued": 1585626106.2643352, "device_end": 1585626106.2661364, "host_queued_end": 1585626172.777277}, "device": "gpu", "nd_range": {"device_start": 1585626106.2661405, "device_end": 1585626106.2674901}, "cmdq": 2, "read": {"device_start": -1, "device_end": -1}}, "coalesced_transpose12": {"write": {"device_start": -1, "host_queued_start": 1585626172.81263, "device_queued": -1, "device_end": -1, "host_queued_end": 1585626172.830557}, "device": "cpu", "nd_range": {"device_start": 2293947.143370024, "device_end": 2293947.1436304753}, "cmdq": 3, "read": {"device_start": -1, "device_end": -1}}, "FFC_sans_bias94": {"write": {"device_start": -1, "host_queued_start": 1585626172.768253, "device_queued": -1, "device_end": -1, "host_queued_end": 1585626172.777277}, "device": "gpu", "nd_range": {"device_start": 1585626106.2713776, "device_end": 1585626106.2729306}, "cmdq": 0, "read": {"device_start": -1, "device_end": -1}}, "FFC_sans_bias97": {"write": {"device_start": 1585626106.2772856, "host_queued_start": 1585626172.775077, "device_queued": 1585626106.2663944, "device_end": 1585626106.2773168, "host_queued_end": 1585626172.777277}, "device": "gpu", "nd_range": {"device_start": 1585626106.277327, "device_end": 1585626106.278128}, "cmdq": 0, "read": {"device_start": 1585626106.2781308, "device_end": 1585626106.2781546}}, "FFC_sans_bias96": {"write": {"device_start": -1, "host_queued_start": 1585626172.771299, "device_queued": -1, "device_end": -1, "host_queued_end": 1585626172.777277}, "device": "gpu", "nd_range": {"device_start": 1585626106.2743354, "device_end": 1585626106.2751622}, "cmdq": 1, "read": {"device_start": -1, "device_end": -1}}, "softmax32": {"write": {"device_start": -1, "host_queued_start": 1585626172.818537, "device_queued": -1, "device_end": -1, "host_queued_end": 1585626172.830557}, "device": "cpu", "nd_range": {"device_start": 2293947.171257601, "device_end": 2293947.1714723613}, "cmdq": 1, "read": {"device_start": -1, "device_end": -1}}, "coalesced_transpose84": {"write": {"device_start": -1, "host_queued_start": 1585626172.766366, "device_queued": -1, "device_end": -1, "host_queued_end": 1585626172.777277}, "device": "gpu", "nd_range": {"device_start": 1585626106.2708688, "device_end": 1585626106.2712195}, "cmdq": 0, "read": {"device_start": -1, "device_end": -1}}, "empty98": {"write": {"device_start": 1585626106.26357, "host_queued_start": 1585626172.748316, "device_queued": 1585626106.2633657, "device_end": 1585626106.2636366, "host_queued_end": 1585626172.777277}, "device": "gpu", "nd_range": {"device_start": 1585626106.263641, "device_end": 1585626106.2636483}, "cmdq": 2, "read": {"device_start": -1, "device_end": -1}}, "empty107": {"write": {"device_start": 1585626106.2636595, "host_queued_start": 1585626172.749151, "device_queued": 1585626106.2634203, "device_end": 1585626106.2637312, "host_queued_end": 1585626172.777277}, "device": "gpu", "nd_range": {"device_start": 1585626106.2637367, "device_end": 1585626106.263744}, "cmdq": 0, "read": {"device_start": -1, "device_end": -1}}, "empty17": {"write": {"device_start": -1, "host_queued_start": 1585626172.779995, "device_queued": -1, "device_end": -1, "host_queued_end": 1585626172.830557}, "device": "cpu", "nd_range": {"device_start": 2293947.0201791134, "device_end": 2293947.020187195}, "cmdq": 1, "read": {"device_start": -1, "device_end": -1}}, "FFC_sans_bias87": {"write": {"device_start": -1, "host_queued_start": 1585626172.770983, "device_queued": -1, "device_end": -1, "host_queued_end": 1585626172.777277}, "device": "gpu", "nd_range": {"device_start": 1585626106.2745247, "device_end": 1585626106.2757316}, "cmdq": 0, "read": {"device_start": -1, "device_end": -1}}, "FFC_sans_bias85": {"write": {"device_start": -1, "host_queued_start": 1585626172.767942, "device_queued": -1, "device_end": -1, "host_queued_end": 1585626172.777277}, "device": "gpu", "nd_range": {"device_start": 1585626106.271348, "device_end": 1585626106.271951}, "cmdq": 2, "read": {"device_start": -1, "device_end": -1}}, "FFC_sans_bias82": {"write": {"device_start": 1585626106.2651038, "host_queued_start": 1585626172.755221, "device_queued": 1585626106.2641528, "device_end": 1585626106.2651334, "host_queued_end": 1585626172.777277}, "device": "gpu", "nd_range": {"device_start": 1585626106.265137, "device_end": 1585626106.2665305}, "cmdq": 0, "read": {"device_start": -1, "device_end": -1}}, "FFC_sans_bias83": {"write": {"device_start": 1585626106.2656965, "host_queued_start": 1585626172.756271, "device_queued": 1585626106.2642004, "device_end": 1585626106.265727, "host_queued_end": 1585626172.777277}, "device": "gpu", "nd_range": {"device_start": 1585626106.2657313, "device_end": 1585626106.2669744}, "cmdq": 1, "read": {"device_start": -1, "device_end": -1}}, "FFC_sans_bias81": {"write": {"device_start": 1585626106.2646806, "host_queued_start": 1585626172.754156, "device_queued": 1585626106.2639241, "device_end": 1585626106.2647102, "host_queued_end": 1585626172.777277}, "device": "gpu", "nd_range": {"device_start": 1585626106.2647133, "device_end": 1585626106.265976}, "cmdq": 2, "read": {"device_start": -1, "device_end": -1}}, "FFC_sans_bias88": {"write": {"device_start": 1585626106.2762835, "host_queued_start": 1585626172.774022, "device_queued": 1585626106.2662268, "device_end": 1585626106.2763157, "host_queued_end": 1585626172.777277}, "device": "gpu", "nd_range": {"device_start": 1585626106.2763307, "device_end": 1585626106.277638}, "cmdq": 2, "read": {"device_start": 1585626106.2776399, "device_end": 1585626106.277665}}, "coalesced_transpose30": {"write": {"device_start": -1, "host_queued_start": 1585626172.8133, "device_queued": -1, "device_end": -1, "host_queued_end": 1585626172.830557}, "device": "cpu", "nd_range": {"device_start": 2293947.14399772, "device_end": 2293947.144267045}, "cmdq": 0, "read": {"device_start": -1, "device_end": -1}}, "coalesced_transpose39": {"write": {"device_start": -1, "host_queued_start": 1585626172.813632, "device_queued": -1, "device_end": -1, "host_queued_end": 1585626172.830557}, "device": "cpu", "nd_range": {"device_start": 2293947.0967702502, "device_end": 2293947.097017283}, "cmdq": 1, "read": {"device_start": -1, "device_end": -1}}, "FFC_sans_bias79": {"write": {"device_start": 1585626106.2753103, "host_queued_start": 1585626172.772966, "device_queued": 1585626106.266342, "device_end": 1585626106.2753363, "host_queued_end": 1585626172.777277}, "device": "gpu", "nd_range": {"device_start": 1585626106.2753532, "device_end": 1585626106.2767043}, "cmdq": 1, "read": {"device_start": 1585626106.2767117, "device_end": 1585626106.2767432}}, "FFC_sans_bias78": {"write": {"device_start": -1, "host_queued_start": 1585626172.770647, "device_queued": -1, "device_end": -1, "host_queued_end": 1585626172.777277}, "device": "gpu", "nd_range": {"device_start": 1585626106.27415, "device_end": 1585626106.2747602}, "cmdq": 2, "read": {"device_start": -1, "device_end": -1}}, "FFC_sans_bias73": {"write": {"device_start": 1585626106.264016, "host_queued_start": 1585626172.752067, "device_queued": 1585626106.2637439, "device_end": 1585626106.264071, "host_queued_end": 1585626172.777277}, "device": "gpu", "nd_range": {"device_start": 1585626106.264078, "device_end": 1585626106.2649815}, "cmdq": 0, "read": {"device_start": -1, "device_end": -1}}, "FFC_sans_bias72": {"write": {"device_start": 1585626106.2638857, "host_queued_start": 1585626172.751016, "device_queued": 1585626106.2636735, "device_end": 1585626106.263966, "host_queued_end": 1585626172.777277}, "device": "gpu", "nd_range": {"device_start": 1585626106.2639697, "device_end": 1585626106.2645736}, "cmdq": 2, "read": {"device_start": -1, "device_end": -1}}, "FFC_sans_bias70": {"write": {"device_start": -1, "host_queued_start": 1585626172.830511, "device_queued": -1, "device_end": -1, "host_queued_end": 1585626172.830557}, "device": "cpu", "nd_range": {"device_start": 2293947.2635768373, "device_end": 2293947.27383484}, "cmdq": 1, "read": {"device_start": -1, "device_end": -1}}, "FFC_sans_bias76": {"write": {"device_start": -1, "host_queued_start": 1585626172.767625, "device_queued": -1, "device_end": -1, "host_queued_end": 1585626172.777277}, "device": "gpu", "nd_range": {"device_start": 1585626106.2713633, "device_end": 1585626106.2723653}, "cmdq": 1, "read": {"device_start": -1, "device_end": -1}}, "FFC_sans_bias74": {"write": {"device_start": 1585626106.2641232, "host_queued_start": 1585626172.753115, "device_queued": 1585626106.263904, "device_end": 1585626106.26415, "host_queued_end": 1585626172.777277}, "device": "gpu", "nd_range": {"device_start": 1585626106.264153, "device_end": 1585626106.2655602}, "cmdq": 1, "read": {"device_start": -1, "device_end": -1}}, "coalesced_transpose102": {"write": {"device_start": -1, "host_queued_start": 1585626172.766998, "device_queued": -1, "device_end": -1, "host_queued_end": 1585626172.777277}, "device": "gpu", "nd_range": {"device_start": 1585626106.271211, "device_end": 1585626106.2712352}, "cmdq": 2, "read": {"device_start": -1, "device_end": -1}}, "coalesced_transpose3": {"write": {"device_start": -1, "host_queued_start": 1585626172.812296, "device_queued": -1, "device_end": -1, "host_queued_end": 1585626172.830557}, "device": "cpu", "nd_range": {"device_start": 2293947.144177047, "device_end": 2293947.144433894}, "cmdq": 2, "read": {"device_start": -1, "device_end": -1}}, "empty89": {"write": {"device_start": 1585626106.2634442, "host_queued_start": 1585626172.747402, "device_queued": 1585626106.2632928, "device_end": 1585626106.263506, "host_queued_end": 1585626172.777277}, "device": "gpu", "nd_range": {"device_start": 1585626106.263514, "device_end": 1585626106.2635193}, "cmdq": 1, "read": {"device_start": -1, "device_end": -1}}, "empty80": {"write": {"device_start": 1585626106.263304, "host_queued_start": 1585626172.746336, "device_queued": 1585626106.2631764, "device_end": 1585626106.2633386, "host_queued_end": 1585626172.777277}, "device": "gpu", "nd_range": {"device_start": 1585626106.2633555, "device_end": 1585626106.2633598}, "cmdq": 0, "read": {"device_start": -1, "device_end": -1}}, "empty116": {"write": {"device_start": 1585626106.263772, "host_queued_start": 1585626172.749963, "device_queued": 1585626106.26365, "device_end": 1585626106.2638342, "host_queued_end": 1585626172.777277}, "device": "gpu", "nd_range": {"device_start": 1585626106.263838, "device_end": 1585626106.263843}, "cmdq": 1, "read": {"device_start": -1, "device_end": -1}}, "softmax104": {"write": {"device_start": -1, "host_queued_start": 1585626172.770016, "device_queued": -1, "device_end": -1, "host_queued_end": 1585626172.777277}, "device": "gpu", "nd_range": {"device_start": 1585626106.2741394, "device_end": 1585626106.274517}, "cmdq": 0, "read": {"device_start": -1, "device_end": -1}}, "coalesced_transpose21": {"write": {"device_start": -1, "host_queued_start": 1585626172.812966, "device_queued": -1, "device_end": -1, "host_queued_end": 1585626172.830557}, "device": "cpu", "nd_range": {"device_start": 2293947.1428203923, "device_end": 2293947.14308479}, "cmdq": 4, "read": {"device_start": -1, "device_end": -1}}, "softmax14": {"write": {"device_start": -1, "host_queued_start": 1585626172.817986, "device_queued": -1, "device_end": -1, "host_queued_end": 1585626172.830557}, "device": "cpu", "nd_range": {"device_start": 2293947.164279269, "device_end": 2293947.164503706}, "cmdq": 4, "read": {"device_start": -1, "device_end": -1}}, "FFC_sans_bias69": {"write": {"device_start": -1, "host_queued_start": 1585626172.822391, "device_queued": -1, "device_end": -1, "host_queued_end": 1585626172.830557}, "device": "cpu", "nd_range": {"device_start": 2293947.252517554, "device_end": 2293947.263488214}, "cmdq": 3, "read": {"device_start": -1, "device_end": -1}}, "FFC_sans_bias92": {"write": {"device_start": 1585626106.2670865, "host_queued_start": 1585626172.759434, "device_queued": 1585626106.2645664, "device_end": 1585626106.2671196, "host_queued_end": 1585626172.777277}, "device": "gpu", "nd_range": {"device_start": 1585626106.2671235, "device_end": 1585626106.2684245}, "cmdq": 1, "read": {"device_start": -1, "device_end": -1}}, "FFC_sans_bias60": {"write": {"device_start": -1, "host_queued_start": 1585626172.82205, "device_queued": -1, "device_end": -1, "host_queued_end": 1585626172.830557}, "device": "cpu", "nd_range": {"device_start": 2293947.204554085, "device_end": 2293947.2243136913}, "cmdq": 2, "read": {"device_start": -1, "device_end": -1}}, "FFC_sans_bias61": {"write": {"device_start": -1, "host_queued_start": 1585626172.829497, "device_queued": -1, "device_end": -1, "host_queued_end": 1585626172.830557}, "device": "cpu", "nd_range": {"device_start": 2293947.2470106133, "device_end": 2293947.263566642}, "cmdq": 0, "read": {"device_start": -1, "device_end": -1}}, "FFC_sans_bias63": {"write": {"device_start": -1, "host_queued_start": 1585626172.81196, "device_queued": -1, "device_end": -1, "host_queued_end": 1585626172.830557}, "device": "cpu", "nd_range": {"device_start": 2293947.0813600672, "device_end": 2293947.09663549}, "cmdq": 1, "read": {"device_start": -1, "device_end": -1}}, "FFC_sans_bias64": {"write": {"device_start": -1, "host_queued_start": 1585626172.809679, "device_queued": -1, "device_end": -1, "host_queued_end": 1585626172.830557}, "device": "cpu", "nd_range": {"device_start": 2293947.1275736513, "device_end": 2293947.142813873}, "cmdq": 4, "read": {"device_start": -1, "device_end": -1}}, "FFC_sans_bias65": {"write": {"device_start": -1, "host_queued_start": 1585626172.810762, "device_queued": -1, "device_end": -1, "host_queued_end": 1585626172.830557}, "device": "cpu", "nd_range": {"device_start": 2293947.0820114813, "device_end": 2293947.0972381}, "cmdq": 0, "read": {"device_start": -1, "device_end": -1}}, "FFC_sans_bias67": {"write": {"device_start": -1, "host_queued_start": 1585626172.817425, "device_queued": -1, "device_end": -1, "host_queued_end": 1585626172.830557}, "device": "cpu", "nd_range": {"device_start": 2293947.1603859, "device_end": 2293947.174985329}, "cmdq": 2, "read": {"device_start": -1, "device_end": -1}}, "coalesced_transpose111": {"write": {"device_start": -1, "host_queued_start": 1585626172.767301, "device_queued": -1, "device_end": -1, "host_queued_end": 1585626172.777277}, "device": "gpu", "nd_range": {"device_start": 1585626106.271221, "device_end": 1585626106.2712424}, "cmdq": 0, "read": {"device_start": -1, "device_end": -1}}, "softmax68": {"write": {"device_start": -1, "host_queued_start": 1585626172.819642, "device_queued": -1, "device_end": -1, "host_queued_end": 1585626172.830557}, "device": "cpu", "nd_range": {"device_start": 2293947.212173595, "device_end": 2293947.2125771022}, "cmdq": 0, "read": {"device_start": -1, "device_end": -1}}, "empty35": {"write": {"device_start": -1, "host_queued_start": 1585626172.782002, "device_queued": -1, "device_end": -1, "host_queued_end": 1585626172.830557}, "device": "cpu", "nd_range": {"device_start": 2293947.066748461, "device_end": 2293947.066751785}, "cmdq": 3, "read": {"device_start": -1, "device_end": -1}}, "softmax86": {"write": {"device_start": -1, "host_queued_start": 1585626172.769388, "device_queued": -1, "device_end": -1, "host_queued_end": 1585626172.777277}, "device": "gpu", "nd_range": {"device_start": 1585626106.2738311, "device_end": 1585626106.274037}, "cmdq": 1, "read": {"device_start": -1, "device_end": -1}}, "FFC_sans_bias55": {"write": {"device_start": -1, "host_queued_start": 1585626172.808614, "device_queued": -1, "device_end": -1, "host_queued_end": 1585626172.830557}, "device": "cpu", "nd_range": {"device_start": 2293947.128076471, "device_end": 2293947.143363431}, "cmdq": 3, "read": {"device_start": -1, "device_end": -1}}, "FFC_sans_bias54": {"write": {"device_start": -1, "host_queued_start": 1585626172.807563, "device_queued": -1, "device_end": -1, "host_queued_end": 1585626172.830557}, "device": "cpu", "nd_range": {"device_start": 2293947.1283811852, "device_end": 2293947.143970097}, "cmdq": 2, "read": {"device_start": -1, "device_end": -1}}, "FFC_sans_bias56": {"write": {"device_start": -1, "host_queued_start": 1585626172.80651, "device_queued": -1, "device_end": -1, "host_queued_end": 1585626172.830557}, "device": "cpu", "nd_range": {"device_start": 2293947.066188137, "device_end": 2293947.081352313}, "cmdq": 1, "read": {"device_start": -1, "device_end": -1}}, "FFC_sans_bias51": {"write": {"device_start": -1, "host_queued_start": 1585626172.8217, "device_queued": -1, "device_end": -1, "host_queued_end": 1585626172.830557}, "device": "cpu", "nd_range": {"device_start": 2293947.208757929, "device_end": 2293947.228109265}, "cmdq": 1, "read": {"device_start": -1, "device_end": -1}}, "FFC_sans_bias52": {"write": {"device_start": -1, "host_queued_start": 1585626172.828507, "device_queued": -1, "device_end": -1, "host_queued_end": 1585626172.830557}, "device": "cpu", "nd_range": {"device_start": 2293947.22812545, "device_end": 2293947.25237618}, "cmdq": 4, "read": {"device_start": -1, "device_end": -1}}, "FFC_sans_bias58": {"write": {"device_start": -1, "host_queued_start": 1585626172.817049, "device_queued": -1, "device_end": -1, "host_queued_end": 1585626172.830557}, "device": "cpu", "nd_range": {"device_start": 2293947.15980408, "device_end": 2293947.171247866}, "cmdq": 1, "read": {"device_start": -1, "device_end": -1}}, "FFC_sans_bias108": {"write": {"device_start": 1585626106.2690794, "host_queued_start": 1585626172.76364, "device_queued": 1585626106.2649345, "device_end": 1585626106.269111, "host_queued_end": 1585626172.777277}, "device": "gpu", "nd_range": {"device_start": 1585626106.2691169, "device_end": 1585626106.2703712}, "cmdq": 2, "read": {"device_start": -1, "device_end": -1}}, "FFC_sans_bias109": {"write": {"device_start": 1585626106.26952, "host_queued_start": 1585626172.76468, "device_queued": 1585626106.2650115, "device_end": 1585626106.2695522, "host_queued_end": 1585626172.777277}, "device": "gpu", "nd_range": {"device_start": 1585626106.269562, "device_end": 1585626106.2708676}, "cmdq": 0, "read": {"device_start": -1, "device_end": -1}}, "FFC_sans_bias103": {"write": {"device_start": -1, "host_queued_start": 1585626172.76857, "device_queued": -1, "device_end": -1, "host_queued_end": 1585626172.777277}, "device": "gpu", "nd_range": {"device_start": 1585626106.272374, "device_end": 1585626106.2738233}, "cmdq": 1, "read": {"device_start": -1, "device_end": -1}}, "FFC_sans_bias100": {"write": {"device_start": 1585626106.2681177, "host_queued_start": 1585626172.761526, "device_queued": 1585626106.264766, "device_end": 1585626106.2681496, "host_queued_end": 1585626172.777277}, "device": "gpu", "nd_range": {"device_start": 1585626106.2681534, "device_end": 1585626106.2693994}, "cmdq": 0, "read": {"device_start": -1, "device_end": -1}}, "FFC_sans_bias101": {"write": {"device_start": 1585626106.2685466, "host_queued_start": 1585626172.762591, "device_queued": 1585626106.264813, "device_end": 1585626106.2685802, "host_queued_end": 1585626172.777277}, "device": "gpu", "nd_range": {"device_start": 1585626106.2685897, "device_end": 1585626106.269912}, "cmdq": 1, "read": {"device_start": -1, "device_end": -1}}, "FFC_sans_bias106": {"write": {"device_start": 1585626106.2780354, "host_queued_start": 1585626172.776128, "device_queued": 1585626106.266675, "device_end": 1585626106.2780666, "host_queued_end": 1585626172.777277}, "device": "gpu", "nd_range": {"device_start": 1585626106.2780747, "device_end": 1585626106.2790816}, "cmdq": 1, "read": {"device_start": 1585626106.2790873, "device_end": 1585626106.279111}}, "FFC_sans_bias105": {"write": {"device_start": -1, "host_queued_start": 1585626172.77162, "device_queued": -1, "device_end": -1, "host_queued_end": 1585626172.777277}, "device": "gpu", "nd_range": {"device_start": 1585626106.2747672, "device_end": 1585626106.276151}, "cmdq": 2, "read": {"device_start": -1, "device_end": -1}}, "softmax95": {"write": {"device_start": -1, "host_queued_start": 1585626172.769638, "device_queued": -1, "device_end": -1, "host_queued_end": 1585626172.777277}, "device": "gpu", "nd_range": {"device_start": 1585626106.2733626, "device_end": 1585626106.2741423}, "cmdq": 2, "read": {"device_start": -1, "device_end": -1}}, "coalesced_transpose57": {"write": {"device_start": -1, "host_queued_start": 1585626172.814289, "device_queued": -1, "device_end": -1, "host_queued_end": 1585626172.830557}, "device": "cpu", "nd_range": {"device_start": 2293947.1437481423, "device_end": 2293947.143985753}, "cmdq": 3, "read": {"device_start": -1, "device_end": -1}}, "empty26": {"write": {"device_start": -1, "host_queued_start": 1585626172.780979, "device_queued": -1, "device_end": -1, "host_queued_end": 1585626172.830557}, "device": "cpu", "nd_range": {"device_start": 2293947.0201789513, "device_end": 2293947.0201871833}, "cmdq": 2, "read": {"device_start": -1, "device_end": -1}}, "softmax113": {"write": {"device_start": -1, "host_queued_start": 1585626172.770298, "device_queued": -1, "device_end": -1, "host_queued_end": 1585626172.777277}, "device": "gpu", "nd_range": {"device_start": 1585626106.2740448, "device_end": 1585626106.274328}, "cmdq": 1, "read": {"device_start": -1, "device_end": -1}}, "FFC_sans_bias11": {"write": {"device_start": -1, "host_queued_start": 1585626172.792468, "device_queued": -1, "device_end": -1, "host_queued_end": 1585626172.830557}, "device": "cpu", "nd_range": {"device_start": 2293947.0823444263, "device_end": 2293947.097619052}, "cmdq": 3, "read": {"device_start": -1, "device_end": -1}}, "FFC_sans_bias42": {"write": {"device_start": -1, "host_queued_start": 1585626172.82136, "device_queued": -1, "device_end": -1, "host_queued_end": 1585626172.830557}, "device": "cpu", "nd_range": {"device_start": 2293947.212688979, "device_end": 2293947.240155397}, "cmdq": 0, "read": {"device_start": -1, "device_end": -1}}, "FFC_sans_bias43": {"write": {"device_start": -1, "host_queued_start": 1585626172.82751, "device_queued": -1, "device_end": -1, "host_queued_end": 1585626172.830557}, "device": "cpu", "nd_range": {"device_start": 2293947.263508221, "device_end": 2293947.272092019}, "cmdq": 3, "read": {"device_start": -1, "device_end": -1}}, "FFC_sans_bias40": {"write": {"device_start": -1, "host_queued_start": 1585626172.816361, "device_queued": -1, "device_end": -1, "host_queued_end": 1585626172.830557}, "device": "cpu", "nd_range": {"device_start": 2293947.143451353, "device_end": 2293947.158722388}, "cmdq": 4, "read": {"device_start": -1, "device_end": -1}}, "FFC_sans_bias46": {"write": {"device_start": -1, "host_queued_start": 1585626172.804413, "device_queued": -1, "device_end": -1, "host_queued_end": 1585626172.830557}, "device": "cpu", "nd_range": {"device_start": 2293947.112336894, "device_end": 2293947.1275660563}, "cmdq": 4, "read": {"device_start": -1, "device_end": -1}}, "FFC_sans_bias47": {"write": {"device_start": -1, "host_queued_start": 1585626172.805463, "device_queued": -1, "device_end": -1, "host_queued_end": 1585626172.830557}, "device": "cpu", "nd_range": {"device_start": 2293947.066574038, "device_end": 2293947.0819059974}, "cmdq": 0, "read": {"device_start": -1, "device_end": -1}}, "FFC_sans_bias45": {"write": {"device_start": -1, "host_queued_start": 1585626172.803328, "device_queued": -1, "device_end": -1, "host_queued_end": 1585626172.830557}, "device": "cpu", "nd_range": {"device_start": 2293947.1128717894, "device_end": 2293947.128070408}, "cmdq": 3, "read": {"device_start": -1, "device_end": -1}}, "FFC_sans_bias49": {"write": {"device_start": -1, "host_queued_start": 1585626172.816706, "device_queued": -1, "device_end": -1, "host_queued_end": 1585626172.830557}, "device": "cpu", "nd_range": {"device_start": 2293947.183253611, "device_end": 2293947.204523762}, "cmdq": 0, "read": {"device_start": -1, "device_end": -1}}, "softmax77": {"write": {"device_start": -1, "host_queued_start": 1585626172.769135, "device_queued": -1, "device_end": -1, "host_queued_end": 1585626172.777277}, "device": "gpu", "nd_range": {"device_start": 1585626106.272938, "device_end": 1585626106.2741315}, "cmdq": 0, "read": {"device_start": -1, "device_end": -1}}, "FFC_sans_bias115": {"write": {"device_start": 1585626106.2778597, "host_queued_start": 1585626172.777177, "device_queued": 1585626106.2666328, "device_end": 1585626106.2778902, "host_queued_end": 1585626172.777277}, "device": "gpu", "nd_range": {"device_start": 1585626106.2779052, "device_end": 1585626106.2785966}, "cmdq": 2, "read": {"device_start": 1585626106.2786043, "device_end": 1585626106.278627}}, "FFC_sans_bias114": {"write": {"device_start": -1, "host_queued_start": 1585626172.771937, "device_queued": -1, "device_end": -1, "host_queued_end": 1585626172.777277}, "device": "gpu", "nd_range": {"device_start": 1585626106.2757387, "device_end": 1585626106.2771444}, "cmdq": 0, "read": {"device_start": -1, "device_end": -1}}, "softmax5": {"write": {"device_start": -1, "host_queued_start": 1585626172.81771, "device_queued": -1, "device_end": -1, "host_queued_end": 1585626172.830557}, "device": "cpu", "nd_range": {"device_start": 2293947.174800456, "device_end": 2293947.175113278}, "cmdq": 3, "read": {"device_start": -1, "device_end": -1}}, "FFC_sans_bias110": {"write": {"device_start": 1585626106.270033, "host_queued_start": 1585626172.765736, "device_queued": 1585626106.2651796, "device_end": 1585626106.2700655, "host_queued_end": 1585626172.777277}, "device": "gpu", "nd_range": {"device_start": 1585626106.2700694, "device_end": 1585626106.2713308}, "cmdq": 1, "read": {"device_start": -1, "device_end": -1}}, "FFC_sans_bias112": {"write": {"device_start": -1, "host_queued_start": 1585626172.768881, "device_queued": -1, "device_end": -1, "host_queued_end": 1585626172.777277}, "device": "gpu", "nd_range": {"device_start": 1585626106.2719595, "device_end": 1585626106.2733548}, "cmdq": 2, "read": {"device_start": -1, "device_end": -1}}, "empty53": {"write": {"device_start": -1, "host_queued_start": 1585626172.78408, "device_queued": -1, "device_end": -1, "host_queued_end": 1585626172.830557}, "device": "cpu", "nd_range": {"device_start": 2293947.02029364, "device_end": 2293947.020294567}, "cmdq": 0, "read": {"device_start": -1, "device_end": -1}}, "coalesced_transpose48": {"write": {"device_start": -1, "host_queued_start": 1585626172.813961, "device_queued": -1, "device_end": -1, "host_queued_end": 1585626172.830557}, "device": "cpu", "nd_range": {"device_start": 2293947.1445463533, "device_end": 2293947.144795802}, "cmdq": 2, "read": {"device_start": -1, "device_end": -1}}}