{"FFC_sans_bias4": {"write": {"device_start": -1, "host_queued_start": 1585625632.227376, "device_queued": -1, "device_end": -1, "host_queued_end": 1585625632.23941}, "device": "cpu", "nd_range": {"device_start": 2293406.535698601, "device_end": 2293406.541747}, "cmdq": 0, "read": {"device_start": -1, "device_end": -1}}, "FFC_sans_bias7": {"write": {"device_start": -1, "host_queued_start": 1585625632.234366, "device_queued": -1, "device_end": -1, "host_queued_end": 1585625632.23941}, "device": "cpu", "nd_range": {"device_start": 2293406.587762177, "device_end": 2293406.5977892773}, "cmdq": 0, "read": {"device_start": -1, "device_end": -1}}, "FFC_sans_bias6": {"write": {"device_start": -1, "host_queued_start": 1585625632.231567, "device_queued": -1, "device_end": -1, "host_queued_end": 1585625632.23941}, "device": "cpu", "nd_range": {"device_start": 2293406.563224506, "device_end": 2293406.571834844}, "cmdq": 0, "read": {"device_start": -1, "device_end": -1}}, "FFC_sans_bias1": {"write": {"device_start": -1, "host_queued_start": 1585625632.20681, "device_queued": -1, "device_end": -1, "host_queued_end": 1585625632.23941}, "device": "cpu", "nd_range": {"device_start": 2293406.4290390033, "device_end": 2293406.445821999}, "cmdq": 1, "read": {"device_start": -1, "device_end": -1}}, "FFC_sans_bias0": {"write": {"device_start": -1, "host_queued_start": 1585625632.205704, "device_queued": -1, "device_end": -1, "host_queued_end": 1585625632.23941}, "device": "cpu", "nd_range": {"device_start": 2293406.429037223, "device_end": 2293406.439946404}, "cmdq": 0, "read": {"device_start": -1, "device_end": -1}}, "FFC_sans_bias2": {"write": {"device_start": -1, "host_queued_start": 1585625632.207954, "device_queued": -1, "device_end": -1, "host_queued_end": 1585625632.23941}, "device": "cpu", "nd_range": {"device_start": 2293406.4399549994, "device_end": 2293406.4464784414}, "cmdq": 0, "read": {"device_start": -1, "device_end": -1}}, "FFC_sans_bias9": {"write": {"device_start": -1, "host_queued_start": 1585625632.209085, "device_queued": -1, "device_end": -1, "host_queued_end": 1585625632.23941}, "device": "cpu", "nd_range": {"device_start": 2293406.445845482, "device_end": 2293406.453345783}, "cmdq": 1, "read": {"device_start": -1, "device_end": -1}}, "empty71": {"write": {"device_start": 1585625565.6986346, "host_queued_start": 1585625632.155782, "device_queued": 1585625565.6984727, "device_end": 1585625565.6986601, "host_queued_end": 1585625632.198086}, "device": "gpu", "nd_range": {"device_start": 1585625565.698669, "device_end": 1585625565.6986723}, "cmdq": 0, "read": {"device_start": -1, "device_end": -1}}, "softmax41": {"write": {"device_start": -1, "host_queued_start": 1585625632.230914, "device_queued": -1, "device_end": -1, "host_queued_end": 1585625632.23941}, "device": "cpu", "nd_range": {"device_start": 2293406.563012748, "device_end": 2293406.563217102}, "cmdq": 0, "read": {"device_start": -1, "device_end": -1}}, "FFC_sans_bias37": {"write": {"device_start": -1, "host_queued_start": 1585625632.220314, "device_queued": -1, "device_end": -1, "host_queued_end": 1585625632.23941}, "device": "cpu", "nd_range": {"device_start": 2293406.5010370794, "device_end": 2293406.508495463}, "cmdq": 1, "read": {"device_start": -1, "device_end": -1}}, "FFC_sans_bias36": {"write": {"device_start": -1, "host_queued_start": 1585625632.21926, "device_queued": -1, "device_end": -1, "host_queued_end": 1585625632.23941}, "device": "cpu", "nd_range": {"device_start": 2293406.5096903443, "device_end": 2293406.524449944}, "cmdq": 0, "read": {"device_start": -1, "device_end": -1}}, "FFC_sans_bias34": {"write": {"device_start": -1, "host_queued_start": 1585625632.237369, "device_queued": -1, "device_end": -1, "host_queued_end": 1585625632.23941}, "device": "cpu", "nd_range": {"device_start": 2293406.618824222, "device_end": 2293406.6241341024}, "cmdq": 1, "read": {"device_start": -1, "device_end": -1}}, "FFC_sans_bias33": {"write": {"device_start": -1, "host_queued_start": 1585625632.232614, "device_queued": -1, "device_end": -1, "host_queued_end": 1585625632.23941}, "device": "cpu", "nd_range": {"device_start": 2293406.587772285, "device_end": 2293406.598739014}, "cmdq": 1, "read": {"device_start": -1, "device_end": -1}}, "FFC_sans_bias31": {"write": {"device_start": -1, "host_queued_start": 1585625632.228547, "device_queued": -1, "device_end": -1, "host_queued_end": 1585625632.23941}, "device": "cpu", "nd_range": {"device_start": 2293406.551055634, "device_end": 2293406.5596283143}, "cmdq": 1, "read": {"device_start": -1, "device_end": -1}}, "FFC_sans_bias38": {"write": {"device_start": -1, "host_queued_start": 1585625632.221481, "device_queued": -1, "device_end": -1, "host_queued_end": 1585625632.23941}, "device": "cpu", "nd_range": {"device_start": 2293406.5244576023, "device_end": 2293406.529711956}, "cmdq": 0, "read": {"device_start": -1, "device_end": -1}}, "coalesced_transpose75": {"write": {"device_start": -1, "host_queued_start": 1585625632.182998, "device_queued": -1, "device_end": -1, "host_queued_end": 1585625632.198086}, "device": "gpu", "nd_range": {"device_start": 1585625565.7150135, "device_end": 1585625565.7150216}, "cmdq": 0, "read": {"device_start": -1, "device_end": -1}}, "empty44": {"write": {"device_start": -1, "host_queued_start": 1585625632.203843, "device_queued": -1, "device_end": -1, "host_queued_end": 1585625632.23941}, "device": "cpu", "nd_range": {"device_start": 2293406.42903113, "device_end": 2293406.4290319383}, "cmdq": 0, "read": {"device_start": -1, "device_end": -1}}, "empty8": {"write": {"device_start": -1, "host_queued_start": 1585625632.19985, "device_queued": -1, "device_end": -1, "host_queued_end": 1585625632.23941}, "device": "cpu", "nd_range": {"device_start": 2293406.4289905704, "device_end": 2293406.429001464}, "cmdq": 0, "read": {"device_start": -1, "device_end": -1}}, "softmax50": {"write": {"device_start": -1, "host_queued_start": 1585625632.2312, "device_queued": -1, "device_end": -1, "host_queued_end": 1585625632.23941}, "device": "cpu", "nd_range": {"device_start": 2293406.573421933, "device_end": 2293406.573624691}, "cmdq": 1, "read": {"device_start": -1, "device_end": -1}}, "softmax59": {"write": {"device_start": -1, "host_queued_start": 1585625632.186822, "device_queued": -1, "device_end": -1, "host_queued_end": 1585625632.198086}, "device": "gpu", "nd_range": {"device_start": 1585625565.7192526, "device_end": 1585625565.7194645}, "cmdq": 0, "read": {"device_start": -1, "device_end": -1}}, "FFC_sans_bias24": {"write": {"device_start": -1, "host_queued_start": 1585625632.232269, "device_queued": -1, "device_end": -1, "host_queued_end": 1585625632.23941}, "device": "cpu", "nd_range": {"device_start": 2293406.571840846, "device_end": 2293406.579422521}, "cmdq": 0, "read": {"device_start": -1, "device_end": -1}}, "FFC_sans_bias25": {"write": {"device_start": -1, "host_queued_start": 1585625632.236359, "device_queued": -1, "device_end": -1, "host_queued_end": 1585625632.23941}, "device": "cpu", "nd_range": {"device_start": 2293406.5977928382, "device_end": 2293406.606344649}, "cmdq": 0, "read": {"device_start": -1, "device_end": -1}}, "FFC_sans_bias27": {"write": {"device_start": -1, "host_queued_start": 1585625632.216064, "device_queued": -1, "device_end": -1, "host_queued_end": 1585625632.23941}, "device": "cpu", "nd_range": {"device_start": 2293406.477904256, "device_end": 2293406.4874285003}, "cmdq": 1, "read": {"device_start": -1, "device_end": -1}}, "FFC_sans_bias20": {"write": {"device_start": -1, "host_queued_start": 1585625632.215009, "device_queued": -1, "device_end": -1, "host_queued_end": 1585625632.23941}, "device": "cpu", "nd_range": {"device_start": 2293406.489491537, "device_end": 2293406.4961579423}, "cmdq": 0, "read": {"device_start": -1, "device_end": -1}}, "FFC_sans_bias22": {"write": {"device_start": -1, "host_queued_start": 1585625632.228198, "device_queued": -1, "device_end": -1, "host_queued_end": 1585625632.23941}, "device": "cpu", "nd_range": {"device_start": 2293406.541860546, "device_end": 2293406.5512161953}, "cmdq": 0, "read": {"device_start": -1, "device_end": -1}}, "FFC_sans_bias28": {"write": {"device_start": -1, "host_queued_start": 1585625632.217121, "device_queued": -1, "device_end": -1, "host_queued_end": 1585625632.23941}, "device": "cpu", "nd_range": {"device_start": 2293406.496272289, "device_end": 2293406.509575231}, "cmdq": 0, "read": {"device_start": -1, "device_end": -1}}, "FFC_sans_bias29": {"write": {"device_start": -1, "host_queued_start": 1585625632.218186, "device_queued": -1, "device_end": -1, "host_queued_end": 1585625632.23941}, "device": "cpu", "nd_range": {"device_start": 2293406.4875552673, "device_end": 2293406.50091834}, "cmdq": 1, "read": {"device_start": -1, "device_end": -1}}, "coalesced_transpose66": {"write": {"device_start": -1, "host_queued_start": 1585625632.182691, "device_queued": -1, "device_end": -1, "host_queued_end": 1585625632.198086}, "device": "gpu", "nd_range": {"device_start": 1585625565.7150037, "device_end": 1585625565.7150118}, "cmdq": 0, "read": {"device_start": -1, "device_end": -1}}, "coalesced_transpose93": {"write": {"device_start": -1, "host_queued_start": 1585625632.183611, "device_queued": -1, "device_end": -1, "host_queued_end": 1585625632.198086}, "device": "gpu", "nd_range": {"device_start": 1585625565.715032, "device_end": 1585625565.7150404}, "cmdq": 0, "read": {"device_start": -1, "device_end": -1}}, "softmax23": {"write": {"device_start": -1, "host_queued_start": 1585625632.230283, "device_queued": -1, "device_end": -1, "host_queued_end": 1585625632.23941}, "device": "cpu", "nd_range": {"device_start": 2293406.56280073, "device_end": 2293406.5630073394}, "cmdq": 0, "read": {"device_start": -1, "device_end": -1}}, "empty62": {"write": {"device_start": 1585625565.6984727, "host_queued_start": 1585625632.154673, "device_queued": 1585625565.6983342, "device_end": 1585625565.698499, "host_queued_end": 1585625632.198086}, "device": "gpu", "nd_range": {"device_start": 1585625565.6985018, "device_end": 1585625565.698512}, "cmdq": 0, "read": {"device_start": -1, "device_end": -1}}, "FFC_sans_bias10": {"write": {"device_start": -1, "host_queued_start": 1585625632.21028, "device_queued": -1, "device_end": -1, "host_queued_end": 1585625632.23941}, "device": "cpu", "nd_range": {"device_start": 2293406.446484129, "device_end": 2293406.477896891}, "cmdq": 0, "read": {"device_start": -1, "device_end": -1}}, "FFC_sans_bias13": {"write": {"device_start": -1, "host_queued_start": 1585625632.227727, "device_queued": -1, "device_end": -1, "host_queued_end": 1585625632.23941}, "device": "cpu", "nd_range": {"device_start": 2293406.540755773, "device_end": 2293406.55104786}, "cmdq": 1, "read": {"device_start": -1, "device_end": -1}}, "FFC_sans_bias15": {"write": {"device_start": -1, "host_queued_start": 1585625632.231924, "device_queued": -1, "device_end": -1, "host_queued_end": 1585625632.23941}, "device": "cpu", "nd_range": {"device_start": 2293406.573744498, "device_end": 2293406.587755945}, "cmdq": 1, "read": {"device_start": -1, "device_end": -1}}, "FFC_sans_bias16": {"write": {"device_start": -1, "host_queued_start": 1585625632.235366, "device_queued": -1, "device_end": -1, "host_queued_end": 1585625632.23941}, "device": "cpu", "nd_range": {"device_start": 2293406.613542952, "device_end": 2293406.6188211483}, "cmdq": 1, "read": {"device_start": -1, "device_end": -1}}, "FFC_sans_bias19": {"write": {"device_start": -1, "host_queued_start": 1585625632.21377, "device_queued": -1, "device_end": -1, "host_queued_end": 1585625632.23941}, "device": "cpu", "nd_range": {"device_start": 2293406.4629066032, "device_end": 2293406.477897575}, "cmdq": 1, "read": {"device_start": -1, "device_end": -1}}, "FFC_sans_bias18": {"write": {"device_start": -1, "host_queued_start": 1585625632.212659, "device_queued": -1, "device_end": -1, "host_queued_end": 1585625632.23941}, "device": "cpu", "nd_range": {"device_start": 2293406.477904449, "device_end": 2293406.4893587003}, "cmdq": 0, "read": {"device_start": -1, "device_end": -1}}, "FFC_sans_bias99": {"write": {"device_start": 1585625565.7105591, "host_queued_start": 1585625632.176816, "device_queued": 1585625565.700641, "device_end": 1585625565.710589, "host_queued_end": 1585625632.198086}, "device": "gpu", "nd_range": {"device_start": 1585625565.7106047, "device_end": 1585625565.7112072}, "cmdq": 0, "read": {"device_start": -1, "device_end": -1}}, "FFC_sans_bias91": {"write": {"device_start": 1585625565.7090404, "host_queued_start": 1585625632.174713, "device_queued": 1585625565.7004297, "device_end": 1585625565.7090697, "host_queued_end": 1585625632.198086}, "device": "gpu", "nd_range": {"device_start": 1585625565.7090838, "device_end": 1585625565.7096756}, "cmdq": 0, "read": {"device_start": -1, "device_end": -1}}, "FFC_sans_bias90": {"write": {"device_start": 1585625565.7083042, "host_queued_start": 1585625632.173622, "device_queued": 1585625565.7001963, "device_end": 1585625565.708328, "host_queued_end": 1585625632.198086}, "device": "gpu", "nd_range": {"device_start": 1585625565.7083347, "device_end": 1585625565.7089326}, "cmdq": 0, "read": {"device_start": -1, "device_end": -1}}, "coalesced_transpose12": {"write": {"device_start": -1, "host_queued_start": 1585625632.225409, "device_queued": -1, "device_end": -1, "host_queued_end": 1585625632.23941}, "device": "cpu", "nd_range": {"device_start": 2293406.52380672, "device_end": 2293406.523909591}, "cmdq": 1, "read": {"device_start": -1, "device_end": -1}}, "FFC_sans_bias94": {"write": {"device_start": -1, "host_queued_start": 1585625632.185928, "device_queued": -1, "device_end": -1, "host_queued_end": 1585625632.198086}, "device": "gpu", "nd_range": {"device_start": 1585625565.717448, "device_end": 1585625565.7180471}, "cmdq": 0, "read": {"device_start": -1, "device_end": -1}}, "FFC_sans_bias97": {"write": {"device_start": 1585625565.7285564, "host_queued_start": 1585625632.195878, "device_queued": 1585625565.7029855, "device_end": 1585625565.728585, "host_queued_end": 1585625632.198086}, "device": "gpu", "nd_range": {"device_start": 1585625565.728588, "device_end": 1585625565.7291853}, "cmdq": 0, "read": {"device_start": 1585625565.729188, "device_end": 1585625565.729212}}, "FFC_sans_bias96": {"write": {"device_start": -1, "host_queued_start": 1585625632.18991, "device_queued": -1, "device_end": -1, "host_queued_end": 1585625632.198086}, "device": "gpu", "nd_range": {"device_start": 1585625565.7231436, "device_end": 1585625565.723744}, "cmdq": 0, "read": {"device_start": -1, "device_end": -1}}, "softmax32": {"write": {"device_start": -1, "host_queued_start": 1585625632.230627, "device_queued": -1, "device_end": -1, "host_queued_end": 1585625632.23941}, "device": "cpu", "nd_range": {"device_start": 2293406.573208405, "device_end": 2293406.57341715}, "cmdq": 1, "read": {"device_start": -1, "device_end": -1}}, "coalesced_transpose84": {"write": {"device_start": -1, "host_queued_start": 1585625632.183298, "device_queued": -1, "device_end": -1, "host_queued_end": 1585625632.198086}, "device": "gpu", "nd_range": {"device_start": 1585625565.715023, "device_end": 1585625565.7150311}, "cmdq": 0, "read": {"device_start": -1, "device_end": -1}}, "empty98": {"write": {"device_start": 1585625565.6990738, "host_queued_start": 1585625632.158226, "device_queued": 1585625565.6987708, "device_end": 1585625565.6991029, "host_queued_end": 1585625632.198086}, "device": "gpu", "nd_range": {"device_start": 1585625565.6991084, "device_end": 1585625565.6991117}, "cmdq": 0, "read": {"device_start": -1, "device_end": -1}}, "empty107": {"write": {"device_start": 1585625565.699218, "host_queued_start": 1585625632.159085, "device_queued": 1585625565.6988072, "device_end": 1585625565.699244, "host_queued_end": 1585625632.198086}, "device": "gpu", "nd_range": {"device_start": 1585625565.6992524, "device_end": 1585625565.699256}, "cmdq": 0, "read": {"device_start": -1, "device_end": -1}}, "empty17": {"write": {"device_start": -1, "host_queued_start": 1585625632.20094, "device_queued": -1, "device_end": -1, "host_queued_end": 1585625632.23941}, "device": "cpu", "nd_range": {"device_start": 2293406.428990642, "device_end": 2293406.4290016433}, "cmdq": 1, "read": {"device_start": -1, "device_end": -1}}, "FFC_sans_bias87": {"write": {"device_start": -1, "host_queued_start": 1585625632.189592, "device_queued": -1, "device_end": -1, "host_queued_end": 1585625632.198086}, "device": "gpu", "nd_range": {"device_start": 1585625565.7225413, "device_end": 1585625565.7231421}, "cmdq": 0, "read": {"device_start": -1, "device_end": -1}}, "FFC_sans_bias85": {"write": {"device_start": -1, "host_queued_start": 1585625632.185612, "device_queued": -1, "device_end": -1, "host_queued_end": 1585625632.198086}, "device": "gpu", "nd_range": {"device_start": 1585625565.7168515, "device_end": 1585625565.717447}, "cmdq": 0, "read": {"device_start": -1, "device_end": -1}}, "FFC_sans_bias82": {"write": {"device_start": 1585625565.7068326, "host_queued_start": 1585625632.171481, "device_queued": 1585625565.6999972, "device_end": 1585625565.706856, "host_queued_end": 1585625632.198086}, "device": "gpu", "nd_range": {"device_start": 1585625565.7068622, "device_end": 1585625565.7074606}, "cmdq": 0, "read": {"device_start": -1, "device_end": -1}}, "FFC_sans_bias83": {"write": {"device_start": 1585625565.707571, "host_queued_start": 1585625632.172546, "device_queued": 1585625565.7001345, "device_end": 1585625565.7075944, "host_queued_end": 1585625632.198086}, "device": "gpu", "nd_range": {"device_start": 1585625565.7075994, "device_end": 1585625565.708203}, "cmdq": 0, "read": {"device_start": -1, "device_end": -1}}, "FFC_sans_bias81": {"write": {"device_start": 1585625565.7061014, "host_queued_start": 1585625632.170377, "device_queued": 1585625565.69996, "device_end": 1585625565.7061253, "host_queued_end": 1585625632.198086}, "device": "gpu", "nd_range": {"device_start": 1585625565.7061281, "device_end": 1585625565.706721}, "cmdq": 0, "read": {"device_start": -1, "device_end": -1}}, "FFC_sans_bias88": {"write": {"device_start": 1585625565.7277055, "host_queued_start": 1585625632.194825, "device_queued": 1585625565.7028487, "device_end": 1585625565.7277346, "host_queued_end": 1585625632.198086}, "device": "gpu", "nd_range": {"device_start": 1585625565.727749, "device_end": 1585625565.728345}, "cmdq": 0, "read": {"device_start": 1585625565.7283487, "device_end": 1585625565.7283754}}, "coalesced_transpose30": {"write": {"device_start": -1, "host_queued_start": 1585625632.226151, "device_queued": -1, "device_end": -1, "host_queued_end": 1585625632.23941}, "device": "cpu", "nd_range": {"device_start": 2293406.524027645, "device_end": 2293406.5242420863}, "cmdq": 1, "read": {"device_start": -1, "device_end": -1}}, "coalesced_transpose39": {"write": {"device_start": -1, "host_queued_start": 1585625632.226591, "device_queued": -1, "device_end": -1, "host_queued_end": 1585625632.23941}, "device": "cpu", "nd_range": {"device_start": 2293406.535486142, "device_end": 2293406.5356876203}, "cmdq": 0, "read": {"device_start": -1, "device_end": -1}}, "FFC_sans_bias79": {"write": {"device_start": 1585625565.7268538, "host_queued_start": 1585625632.193748, "device_queued": 1585625565.7027967, "device_end": 1585625565.7268827, "host_queued_end": 1585625632.198086}, "device": "gpu", "nd_range": {"device_start": 1585625565.7268882, "device_end": 1585625565.7274861}, "cmdq": 0, "read": {"device_start": 1585625565.7274895, "device_end": 1585625565.7275186}}, "FFC_sans_bias78": {"write": {"device_start": -1, "host_queued_start": 1585625632.189273, "device_queued": -1, "device_end": -1, "host_queued_end": 1585625632.198086}, "device": "gpu", "nd_range": {"device_start": 1585625565.7219384, "device_end": 1585625565.7225404}, "cmdq": 0, "read": {"device_start": -1, "device_end": -1}}, "FFC_sans_bias73": {"write": {"device_start": 1585625565.7046692, "host_queued_start": 1585625632.168265, "device_queued": 1585625565.699794, "device_end": 1585625565.7046926, "host_queued_end": 1585625632.198086}, "device": "gpu", "nd_range": {"device_start": 1585625565.704696, "device_end": 1585625565.7052817}, "cmdq": 0, "read": {"device_start": -1, "device_end": -1}}, "FFC_sans_bias72": {"write": {"device_start": 1585625565.703948, "host_queued_start": 1585625632.167225, "device_queued": 1585625565.6996717, "device_end": 1585625565.7039714, "host_queued_end": 1585625632.198086}, "device": "gpu", "nd_range": {"device_start": 1585625565.7039776, "device_end": 1585625565.7045705}, "cmdq": 0, "read": {"device_start": -1, "device_end": -1}}, "FFC_sans_bias70": {"write": {"device_start": 1585625565.7259974, "host_queued_start": 1585625632.192694, "device_queued": 1585625565.7026198, "device_end": 1585625565.7260303, "host_queued_end": 1585625632.198086}, "device": "gpu", "nd_range": {"device_start": 1585625565.7260354, "device_end": 1585625565.7266316}, "cmdq": 0, "read": {"device_start": 1585625565.7266355, "device_end": 1585625565.7266598}}, "FFC_sans_bias76": {"write": {"device_start": -1, "host_queued_start": 1585625632.185298, "device_queued": -1, "device_end": -1, "host_queued_end": 1585625632.198086}, "device": "gpu", "nd_range": {"device_start": 1585625565.7162528, "device_end": 1585625565.7168505}, "cmdq": 0, "read": {"device_start": -1, "device_end": -1}}, "FFC_sans_bias74": {"write": {"device_start": 1585625565.7053816, "host_queued_start": 1585625632.16932, "device_queued": 1585625565.6998312, "device_end": 1585625565.7054052, "host_queued_end": 1585625632.198086}, "device": "gpu", "nd_range": {"device_start": 1585625565.7054112, "device_end": 1585625565.706013}, "cmdq": 0, "read": {"device_start": -1, "device_end": -1}}, "coalesced_transpose102": {"write": {"device_start": -1, "host_queued_start": 1585625632.184043, "device_queued": -1, "device_end": -1, "host_queued_end": 1585625632.198086}, "device": "gpu", "nd_range": {"device_start": 1585625565.7150414, "device_end": 1585625565.7150497}, "cmdq": 0, "read": {"device_start": -1, "device_end": -1}}, "coalesced_transpose3": {"write": {"device_start": -1, "host_queued_start": 1585625632.225036, "device_queued": -1, "device_end": -1, "host_queued_end": 1585625632.23941}, "device": "cpu", "nd_range": {"device_start": 2293406.535089501, "device_end": 2293406.535187467}, "cmdq": 0, "read": {"device_start": -1, "device_end": -1}}, "empty89": {"write": {"device_start": 1585625565.6989164, "host_queued_start": 1585625632.157416, "device_queued": 1585625565.6985886, "device_end": 1585625565.6989424, "host_queued_end": 1585625632.198086}, "device": "gpu", "nd_range": {"device_start": 1585625565.6989508, "device_end": 1585625565.698954}, "cmdq": 0, "read": {"device_start": -1, "device_end": -1}}, "empty80": {"write": {"device_start": 1585625565.69879, "host_queued_start": 1585625632.156602, "device_queued": 1585625565.6985507, "device_end": 1585625565.6988196, "host_queued_end": 1585625632.198086}, "device": "gpu", "nd_range": {"device_start": 1585625565.6988223, "device_end": 1585625565.6988258}, "cmdq": 0, "read": {"device_start": -1, "device_end": -1}}, "empty116": {"write": {"device_start": 1585625565.6993802, "host_queued_start": 1585625632.1599, "device_queued": 1585625565.698882, "device_end": 1585625565.6994052, "host_queued_end": 1585625632.198086}, "device": "gpu", "nd_range": {"device_start": 1585625565.6994104, "device_end": 1585625565.699414}, "cmdq": 0, "read": {"device_start": -1, "device_end": -1}}, "softmax104": {"write": {"device_start": -1, "host_queued_start": 1585625632.188067, "device_queued": -1, "device_end": -1, "host_queued_end": 1585625632.198086}, "device": "gpu", "nd_range": {"device_start": 1585625565.7203183, "device_end": 1585625565.7205274}, "cmdq": 0, "read": {"device_start": -1, "device_end": -1}}, "coalesced_transpose21": {"write": {"device_start": -1, "host_queued_start": 1585625632.225788, "device_queued": -1, "device_end": -1, "host_queued_end": 1585625632.23941}, "device": "cpu", "nd_range": {"device_start": 2293406.5353103844, "device_end": 2293406.535479302}, "cmdq": 0, "read": {"device_start": -1, "device_end": -1}}, "softmax14": {"write": {"device_start": -1, "host_queued_start": 1585625632.230008, "device_queued": -1, "device_end": -1, "host_queued_end": 1585625632.23941}, "device": "cpu", "nd_range": {"device_start": 2293406.572988086, "device_end": 2293406.573203336}, "cmdq": 1, "read": {"device_start": -1, "device_end": -1}}, "FFC_sans_bias69": {"write": {"device_start": -1, "host_queued_start": 1585625632.188957, "device_queued": -1, "device_end": -1, "host_queued_end": 1585625632.198086}, "device": "gpu", "nd_range": {"device_start": 1585625565.7213383, "device_end": 1585625565.7219367}, "cmdq": 0, "read": {"device_start": -1, "device_end": -1}}, "FFC_sans_bias92": {"write": {"device_start": 1585625565.7097912, "host_queued_start": 1585625632.175769, "device_queued": 1585625565.700489, "device_end": 1585625565.7098203, "host_queued_end": 1585625632.198086}, "device": "gpu", "nd_range": {"device_start": 1585625565.7098267, "device_end": 1585625565.710424}, "cmdq": 0, "read": {"device_start": -1, "device_end": -1}}, "FFC_sans_bias60": {"write": {"device_start": -1, "host_queued_start": 1585625632.188643, "device_queued": -1, "device_end": -1, "host_queued_end": 1585625632.198086}, "device": "gpu", "nd_range": {"device_start": 1585625565.7207394, "device_end": 1585625565.7213368}, "cmdq": 0, "read": {"device_start": -1, "device_end": -1}}, "FFC_sans_bias61": {"write": {"device_start": 1585625565.725105, "host_queued_start": 1585625632.191618, "device_queued": 1585625565.7025468, "device_end": 1585625565.7251334, "host_queued_end": 1585625632.198086}, "device": "gpu", "nd_range": {"device_start": 1585625565.7251413, "device_end": 1585625565.7257378}, "cmdq": 0, "read": {"device_start": 1585625565.725743, "device_end": 1585625565.7257662}}, "FFC_sans_bias63": {"write": {"device_start": 1585625565.703219, "host_queued_start": 1585625632.166161, "device_queued": 1585625565.6996417, "device_end": 1585625565.703243, "host_queued_end": 1585625632.198086}, "device": "gpu", "nd_range": {"device_start": 1585625565.7032487, "device_end": 1585625565.7038472}, "cmdq": 0, "read": {"device_start": -1, "device_end": -1}}, "FFC_sans_bias64": {"write": {"device_start": 1585625565.7017035, "host_queued_start": 1585625632.164066, "device_queued": 1585625565.6994653, "device_end": 1585625565.701739, "host_queued_end": 1585625632.198086}, "device": "gpu", "nd_range": {"device_start": 1585625565.701746, "device_end": 1585625565.702343}, "cmdq": 0, "read": {"device_start": -1, "device_end": -1}}, "FFC_sans_bias65": {"write": {"device_start": 1585625565.7024727, "host_queued_start": 1585625632.165119, "device_queued": 1585625565.6995144, "device_end": 1585625565.702503, "host_queued_end": 1585625632.198086}, "device": "gpu", "nd_range": {"device_start": 1585625565.7025082, "device_end": 1585625565.703105}, "cmdq": 0, "read": {"device_start": -1, "device_end": -1}}, "FFC_sans_bias67": {"write": {"device_start": -1, "host_queued_start": 1585625632.184985, "device_queued": -1, "device_end": -1, "host_queued_end": 1585625632.198086}, "device": "gpu", "nd_range": {"device_start": 1585625565.715647, "device_end": 1585625565.7162519}, "cmdq": 0, "read": {"device_start": -1, "device_end": -1}}, "coalesced_transpose111": {"write": {"device_start": -1, "host_queued_start": 1585625632.184346, "device_queued": -1, "device_end": -1, "host_queued_end": 1585625632.198086}, "device": "gpu", "nd_range": {"device_start": 1585625565.7150512, "device_end": 1585625565.7150593}, "cmdq": 0, "read": {"device_start": -1, "device_end": -1}}, "softmax68": {"write": {"device_start": -1, "host_queued_start": 1585625632.18707, "device_queued": -1, "device_end": -1, "host_queued_end": 1585625632.198086}, "device": "gpu", "nd_range": {"device_start": 1585625565.7194657, "device_end": 1585625565.7196753}, "cmdq": 0, "read": {"device_start": -1, "device_end": -1}}, "empty35": {"write": {"device_start": -1, "host_queued_start": 1585625632.202952, "device_queued": -1, "device_end": -1, "host_queued_end": 1585625632.23941}, "device": "cpu", "nd_range": {"device_start": 2293406.429023914, "device_end": 2293406.429024831}, "cmdq": 1, "read": {"device_start": -1, "device_end": -1}}, "softmax86": {"write": {"device_start": -1, "host_queued_start": 1585625632.187565, "device_queued": -1, "device_end": -1, "host_queued_end": 1585625632.198086}, "device": "gpu", "nd_range": {"device_start": 1585625565.7198873, "device_end": 1585625565.7201061}, "cmdq": 0, "read": {"device_start": -1, "device_end": -1}}, "FFC_sans_bias55": {"write": {"device_start": 1585625565.700947, "host_queued_start": 1585625632.163021, "device_queued": 1585625565.699215, "device_end": 1585625565.7009761, "host_queued_end": 1585625632.198086}, "device": "gpu", "nd_range": {"device_start": 1585625565.7009852, "device_end": 1585625565.7015827}, "cmdq": 0, "read": {"device_start": -1, "device_end": -1}}, "FFC_sans_bias54": {"write": {"device_start": 1585625565.700242, "host_queued_start": 1585625632.16193, "device_queued": 1585625565.6991696, "device_end": 1585625565.7002656, "host_queued_end": 1585625632.198086}, "device": "gpu", "nd_range": {"device_start": 1585625565.7002738, "device_end": 1585625565.7008696}, "cmdq": 0, "read": {"device_start": -1, "device_end": -1}}, "FFC_sans_bias56": {"write": {"device_start": 1585625565.6994965, "host_queued_start": 1585625632.160876, "device_queued": 1585625565.6989138, "device_end": 1585625565.699523, "host_queued_end": 1585625632.198086}, "device": "gpu", "nd_range": {"device_start": 1585625565.699532, "device_end": 1585625565.700131}, "cmdq": 0, "read": {"device_start": -1, "device_end": -1}}, "FFC_sans_bias51": {"write": {"device_start": -1, "host_queued_start": 1585625632.233314, "device_queued": -1, "device_end": -1, "host_queued_end": 1585625632.23941}, "device": "cpu", "nd_range": {"device_start": 2293406.5987460753, "device_end": 2293406.613536063}, "cmdq": 1, "read": {"device_start": -1, "device_end": -1}}, "FFC_sans_bias52": {"write": {"device_start": -1, "host_queued_start": 1585625632.239364, "device_queued": -1, "device_end": -1, "host_queued_end": 1585625632.23941}, "device": "cpu", "nd_range": {"device_start": 2293406.6241369443, "device_end": 2293406.630498439}, "cmdq": 1, "read": {"device_start": -1, "device_end": -1}}, "FFC_sans_bias58": {"write": {"device_start": -1, "host_queued_start": 1585625632.184667, "device_queued": -1, "device_end": -1, "host_queued_end": 1585625632.198086}, "device": "gpu", "nd_range": {"device_start": 1585625565.7150602, "device_end": 1585625565.715646}, "cmdq": 0, "read": {"device_start": -1, "device_end": -1}}, "FFC_sans_bias108": {"write": {"device_start": 1585625565.712818, "host_queued_start": 1585625632.179967, "device_queued": 1585625565.7009027, "device_end": 1585625565.7128477, "host_queued_end": 1585625632.198086}, "device": "gpu", "nd_range": {"device_start": 1585625565.7128582, "device_end": 1585625565.713458}, "cmdq": 0, "read": {"device_start": -1, "device_end": -1}}, "FFC_sans_bias109": {"write": {"device_start": 1585625565.7136023, "host_queued_start": 1585625632.18101, "device_queued": 1585625565.7010498, "device_end": 1585625565.7136257, "host_queued_end": 1585625632.198086}, "device": "gpu", "nd_range": {"device_start": 1585625565.7136343, "device_end": 1585625565.714232}, "cmdq": 0, "read": {"device_start": -1, "device_end": -1}}, "FFC_sans_bias103": {"write": {"device_start": -1, "host_queued_start": 1585625632.186247, "device_queued": -1, "device_end": -1, "host_queued_end": 1585625632.198086}, "device": "gpu", "nd_range": {"device_start": 1585625565.718048, "device_end": 1585625565.7186475}, "cmdq": 0, "read": {"device_start": -1, "device_end": -1}}, "FFC_sans_bias100": {"write": {"device_start": 1585625565.7113087, "host_queued_start": 1585625632.17786, "device_queued": 1585625565.70069, "device_end": 1585625565.7113352, "host_queued_end": 1585625632.198086}, "device": "gpu", "nd_range": {"device_start": 1585625565.7113442, "device_end": 1585625565.7119403}, "cmdq": 0, "read": {"device_start": -1, "device_end": -1}}, "FFC_sans_bias101": {"write": {"device_start": 1585625565.7120693, "host_queued_start": 1585625632.178918, "device_queued": 1585625565.7008474, "device_end": 1585625565.7120934, "host_queued_end": 1585625632.198086}, "device": "gpu", "nd_range": {"device_start": 1585625565.7121015, "device_end": 1585625565.7126935}, "cmdq": 0, "read": {"device_start": -1, "device_end": -1}}, "FFC_sans_bias106": {"write": {"device_start": 1585625565.7293878, "host_queued_start": 1585625632.196933, "device_queued": 1585625565.7030303, "device_end": 1585625565.7294168, "host_queued_end": 1585625632.198086}, "device": "gpu", "nd_range": {"device_start": 1585625565.7294195, "device_end": 1585625565.7300215}, "cmdq": 0, "read": {"device_start": 1585625565.730031, "device_end": 1585625565.7300599}}, "FFC_sans_bias105": {"write": {"device_start": -1, "host_queued_start": 1585625632.19023, "device_queued": -1, "device_end": -1, "host_queued_end": 1585625632.198086}, "device": "gpu", "nd_range": {"device_start": 1585625565.7237453, "device_end": 1585625565.7243433}, "cmdq": 0, "read": {"device_start": -1, "device_end": -1}}, "softmax95": {"write": {"device_start": -1, "host_queued_start": 1585625632.187818, "device_queued": -1, "device_end": -1, "host_queued_end": 1585625632.198086}, "device": "gpu", "nd_range": {"device_start": 1585625565.720107, "device_end": 1585625565.7203174}, "cmdq": 0, "read": {"device_start": -1, "device_end": -1}}, "coalesced_transpose57": {"write": {"device_start": -1, "host_queued_start": 1585625632.182379, "device_queued": -1, "device_end": -1, "host_queued_end": 1585625632.198086}, "device": "gpu", "nd_range": {"device_start": 1585625565.714994, "device_end": 1585625565.7150028}, "cmdq": 0, "read": {"device_start": -1, "device_end": -1}}, "empty26": {"write": {"device_start": -1, "host_queued_start": 1585625632.201914, "device_queued": -1, "device_end": -1, "host_queued_end": 1585625632.23941}, "device": "cpu", "nd_range": {"device_start": 2293406.429023615, "device_end": 2293406.429024719}, "cmdq": 0, "read": {"device_start": -1, "device_end": -1}}, "softmax113": {"write": {"device_start": -1, "host_queued_start": 1585625632.188326, "device_queued": -1, "device_end": -1, "host_queued_end": 1585625632.198086}, "device": "gpu", "nd_range": {"device_start": 1585625565.720529, "device_end": 1585625565.7207384}, "cmdq": 0, "read": {"device_start": -1, "device_end": -1}}, "FFC_sans_bias11": {"write": {"device_start": -1, "host_queued_start": 1585625632.211459, "device_queued": -1, "device_end": -1, "host_queued_end": 1585625632.23941}, "device": "cpu", "nd_range": {"device_start": 2293406.453352249, "device_end": 2293406.462901004}, "cmdq": 1, "read": {"device_start": -1, "device_end": -1}}, "FFC_sans_bias42": {"write": {"device_start": -1, "host_queued_start": 1585625632.232962, "device_queued": -1, "device_end": -1, "host_queued_end": 1585625632.23941}, "device": "cpu", "nd_range": {"device_start": 2293406.579428275, "device_end": 2293406.58775612}, "cmdq": 0, "read": {"device_start": -1, "device_end": -1}}, "FFC_sans_bias43": {"write": {"device_start": -1, "host_queued_start": 1585625632.238363, "device_queued": -1, "device_end": -1, "host_queued_end": 1585625632.23941}, "device": "cpu", "nd_range": {"device_start": 2293406.6063479274, "device_end": 2293406.6132240333}, "cmdq": 0, "read": {"device_start": -1, "device_end": -1}}, "FFC_sans_bias40": {"write": {"device_start": -1, "host_queued_start": 1585625632.229018, "device_queued": -1, "device_end": -1, "host_queued_end": 1585625632.23941}, "device": "cpu", "nd_range": {"device_start": 2293406.551327901, "device_end": 2293406.562563531}, "cmdq": 0, "read": {"device_start": -1, "device_end": -1}}, "FFC_sans_bias46": {"write": {"device_start": -1, "host_queued_start": 1585625632.223634, "device_queued": -1, "device_end": -1, "host_queued_end": 1585625632.23941}, "device": "cpu", "nd_range": {"device_start": 2293406.529716663, "device_end": 2293406.534948896}, "cmdq": 0, "read": {"device_start": -1, "device_end": -1}}, "FFC_sans_bias47": {"write": {"device_start": -1, "host_queued_start": 1585625632.224701, "device_queued": -1, "device_end": -1, "host_queued_end": 1585625632.23941}, "device": "cpu", "nd_range": {"device_start": 2293406.516116381, "device_end": 2293406.5236935914}, "cmdq": 1, "read": {"device_start": -1, "device_end": -1}}, "FFC_sans_bias45": {"write": {"device_start": -1, "host_queued_start": 1585625632.22254, "device_queued": -1, "device_end": -1, "host_queued_end": 1585625632.23941}, "device": "cpu", "nd_range": {"device_start": 2293406.508614424, "device_end": 2293406.516004094}, "cmdq": 1, "read": {"device_start": -1, "device_end": -1}}, "FFC_sans_bias49": {"write": {"device_start": -1, "host_queued_start": 1585625632.229363, "device_queued": -1, "device_end": -1, "host_queued_end": 1585625632.23941}, "device": "cpu", "nd_range": {"device_start": 2293406.5596350473, "device_end": 2293406.572981053}, "cmdq": 1, "read": {"device_start": -1, "device_end": -1}}, "softmax77": {"write": {"device_start": -1, "host_queued_start": 1585625632.187318, "device_queued": -1, "device_end": -1, "host_queued_end": 1585625632.198086}, "device": "gpu", "nd_range": {"device_start": 1585625565.7196763, "device_end": 1585625565.7198858}, "cmdq": 0, "read": {"device_start": -1, "device_end": -1}}, "FFC_sans_bias115": {"write": {"device_start": 1585625565.7302463, "host_queued_start": 1585625632.197987, "device_queued": 1585625565.7031941, "device_end": 1585625565.7302709, "host_queued_end": 1585625632.198086}, "device": "gpu", "nd_range": {"device_start": 1585625565.7302747, "device_end": 1585625565.7308729}, "cmdq": 0, "read": {"device_start": 1585625565.7308757, "device_end": 1585625565.730898}}, "FFC_sans_bias114": {"write": {"device_start": -1, "host_queued_start": 1585625632.190551, "device_queued": -1, "device_end": -1, "host_queued_end": 1585625632.198086}, "device": "gpu", "nd_range": {"device_start": 1585625565.7243445, "device_end": 1585625565.7249458}, "cmdq": 0, "read": {"device_start": -1, "device_end": -1}}, "softmax5": {"write": {"device_start": -1, "host_queued_start": 1585625632.229702, "device_queued": -1, "device_end": -1, "host_queued_end": 1585625632.23941}, "device": "cpu", "nd_range": {"device_start": 2293406.562571789, "device_end": 2293406.562794866}, "cmdq": 0, "read": {"device_start": -1, "device_end": -1}}, "FFC_sans_bias110": {"write": {"device_start": 1585625565.7143662, "host_queued_start": 1585625632.182052, "device_queued": 1585625565.7010977, "device_end": 1585625565.7143967, "host_queued_end": 1585625632.198086}, "device": "gpu", "nd_range": {"device_start": 1585625565.7144008, "device_end": 1585625565.714993}, "cmdq": 0, "read": {"device_start": -1, "device_end": -1}}, "FFC_sans_bias112": {"write": {"device_start": -1, "host_queued_start": 1585625632.186563, "device_queued": -1, "device_end": -1, "host_queued_end": 1585625632.198086}, "device": "gpu", "nd_range": {"device_start": 1585625565.7186487, "device_end": 1585625565.7192516}, "cmdq": 0, "read": {"device_start": -1, "device_end": -1}}, "empty53": {"write": {"device_start": -1, "host_queued_start": 1585625632.204674, "device_queued": -1, "device_end": -1, "host_queued_end": 1585625632.23941}, "device": "cpu", "nd_range": {"device_start": 2293406.429031218, "device_end": 2293406.429031831}, "cmdq": 1, "read": {"device_start": -1, "device_end": -1}}, "coalesced_transpose48": {"write": {"device_start": -1, "host_queued_start": 1585625632.226924, "device_queued": -1, "device_end": -1, "host_queued_end": 1585625632.23941}, "device": "cpu", "nd_range": {"device_start": 2293406.535074964, "device_end": 2293406.535596121}, "cmdq": 1, "read": {"device_start": -1, "device_end": -1}}}