{"FFC_sans_bias4": {"write": {"device_start": -1, "host_queued_start": 1585626334.175173, "device_queued": -1, "device_end": -1, "host_queued_end": 1585626334.188899}, "device": "cpu", "nd_range": {"device_start": 2294108.499293665, "device_end": 2294108.514612824}, "cmdq": 3, "read": {"device_start": -1, "device_end": -1}}, "FFC_sans_bias7": {"write": {"device_start": -1, "host_queued_start": 1585626334.182832, "device_queued": -1, "device_end": -1, "host_queued_end": 1585626334.188899}, "device": "cpu", "nd_range": {"device_start": 2294108.554560209, "device_end": 2294108.5817790884}, "cmdq": 0, "read": {"device_start": -1, "device_end": -1}}, "FFC_sans_bias6": {"write": {"device_start": -1, "host_queued_start": 1585626334.179631, "device_queued": -1, "device_end": -1, "host_queued_end": 1585626334.188899}, "device": "cpu", "nd_range": {"device_start": 2294108.526159104, "device_end": 2294108.554409544}, "cmdq": 1, "read": {"device_start": -1, "device_end": -1}}, "FFC_sans_bias1": {"write": {"device_start": -1, "host_queued_start": 1585626334.151283, "device_queued": -1, "device_end": -1, "host_queued_end": 1585626334.188899}, "device": "cpu", "nd_range": {"device_start": 2294108.3785170764, "device_end": 2294108.393954317}, "cmdq": 0, "read": {"device_start": -1, "device_end": -1}}, "FFC_sans_bias0": {"write": {"device_start": -1, "host_queued_start": 1585626334.150192, "device_queued": -1, "device_end": -1, "host_queued_end": 1585626334.188899}, "device": "cpu", "nd_range": {"device_start": 2294108.409806013, "device_end": 2294108.432759757}, "cmdq": 3, "read": {"device_start": -1, "device_end": -1}}, "FFC_sans_bias2": {"write": {"device_start": -1, "host_queued_start": 1585626334.152364, "device_queued": -1, "device_end": -1, "host_queued_end": 1585626334.188899}, "device": "cpu", "nd_range": {"device_start": 2294108.378553201, "device_end": 2294108.3941805824}, "cmdq": 1, "read": {"device_start": -1, "device_end": -1}}, "FFC_sans_bias9": {"write": {"device_start": -1, "host_queued_start": 1585626334.153432, "device_queued": -1, "device_end": -1, "host_queued_end": 1585626334.188899}, "device": "cpu", "nd_range": {"device_start": 2294108.3790440983, "device_end": 2294108.3943505813}, "cmdq": 2, "read": {"device_start": -1, "device_end": -1}}, "empty71": {"write": {"device_start": 1585626267.6231217, "host_queued_start": 1585626334.10329, "device_queued": 1585626267.6229987, "device_end": 1585626267.6231496, "host_queued_end": 1585626334.141297}, "device": "gpu", "nd_range": {"device_start": 1585626267.623153, "device_end": 1585626267.6231577}, "cmdq": 0, "read": {"device_start": -1, "device_end": -1}}, "softmax41": {"write": {"device_start": -1, "host_queued_start": 1585626334.178719, "device_queued": -1, "device_end": -1, "host_queued_end": 1585626334.188899}, "device": "cpu", "nd_range": {"device_start": 2294108.536556864, "device_end": 2294108.5367699293}, "cmdq": 2, "read": {"device_start": -1, "device_end": -1}}, "FFC_sans_bias37": {"write": {"device_start": -1, "host_queued_start": 1585626334.16482, "device_queued": -1, "device_end": -1, "host_queued_end": 1585626334.188899}, "device": "cpu", "nd_range": {"device_start": 2294108.4222192434, "device_end": 2294108.432734167}, "cmdq": 0, "read": {"device_start": -1, "device_end": -1}}, "FFC_sans_bias36": {"write": {"device_start": -1, "host_queued_start": 1585626334.163762, "device_queued": -1, "device_end": -1, "host_queued_end": 1585626334.188899}, "device": "cpu", "nd_range": {"device_start": 2294108.463323188, "device_end": 2294108.47524377}, "cmdq": 3, "read": {"device_start": -1, "device_end": -1}}, "FFC_sans_bias34": {"write": {"device_start": -1, "host_queued_start": 1585626334.185835, "device_queued": -1, "device_end": -1, "host_queued_end": 1585626334.188899}, "device": "cpu", "nd_range": {"device_start": 2294108.5667398763, "device_end": 2294108.582057251}, "cmdq": 3, "read": {"device_start": -1, "device_end": -1}}, "FFC_sans_bias33": {"write": {"device_start": -1, "host_queued_start": 1585626334.180722, "device_queued": -1, "device_end": -1, "host_queued_end": 1585626334.188899}, "device": "cpu", "nd_range": {"device_start": 2294108.526960261, "device_end": 2294108.535117063}, "cmdq": 0, "read": {"device_start": -1, "device_end": -1}}, "FFC_sans_bias31": {"write": {"device_start": -1, "host_queued_start": 1585626334.176231, "device_queued": -1, "device_end": -1, "host_queued_end": 1585626334.188899}, "device": "cpu", "nd_range": {"device_start": 2294108.5078974552, "device_end": 2294108.523183893}, "cmdq": 2, "read": {"device_start": -1, "device_end": -1}}, "FFC_sans_bias38": {"write": {"device_start": -1, "host_queued_start": 1585626334.165885, "device_queued": -1, "device_end": -1, "host_queued_end": 1585626334.188899}, "device": "cpu", "nd_range": {"device_start": 2294108.463102642, "device_end": 2294108.471688936}, "cmdq": 1, "read": {"device_start": -1, "device_end": -1}}, "coalesced_transpose75": {"write": {"device_start": -1, "host_queued_start": 1585626334.127982, "device_queued": -1, "device_end": -1, "host_queued_end": 1585626334.141297}, "device": "gpu", "nd_range": {"device_start": 1585626267.6318, "device_end": 1585626267.6326566}, "cmdq": 1, "read": {"device_start": -1, "device_end": -1}}, "empty44": {"write": {"device_start": -1, "host_queued_start": 1585626334.147206, "device_queued": -1, "device_end": -1, "host_queued_end": 1585626334.188899}, "device": "cpu", "nd_range": {"device_start": 2294108.3785100803, "device_end": 2294108.378511295}, "cmdq": 0, "read": {"device_start": -1, "device_end": -1}}, "empty8": {"write": {"device_start": -1, "host_queued_start": 1585626334.142864, "device_queued": -1, "device_end": -1, "host_queued_end": 1585626334.188899}, "device": "cpu", "nd_range": {"device_start": 2294108.378478003, "device_end": 2294108.378490357}, "cmdq": 0, "read": {"device_start": -1, "device_end": -1}}, "softmax50": {"write": {"device_start": -1, "host_queued_start": 1585626334.179001, "device_queued": -1, "device_end": -1, "host_queued_end": 1585626334.188899}, "device": "cpu", "nd_range": {"device_start": 2294108.5358461863, "device_end": 2294108.536068444}, "cmdq": 3, "read": {"device_start": -1, "device_end": -1}}, "softmax59": {"write": {"device_start": -1, "host_queued_start": 1585626334.179284, "device_queued": -1, "device_end": -1, "host_queued_end": 1585626334.188899}, "device": "cpu", "nd_range": {"device_start": 2294108.526743282, "device_end": 2294108.526951848}, "cmdq": 0, "read": {"device_start": -1, "device_end": -1}}, "FFC_sans_bias24": {"write": {"device_start": -1, "host_queued_start": 1585626334.180352, "device_queued": -1, "device_end": -1, "host_queued_end": 1585626334.188899}, "device": "cpu", "nd_range": {"device_start": 2294108.536074718, "device_end": 2294108.551335776}, "cmdq": 3, "read": {"device_start": -1, "device_end": -1}}, "FFC_sans_bias25": {"write": {"device_start": -1, "host_queued_start": 1585626334.184837, "device_queued": -1, "device_end": -1, "host_queued_end": 1585626334.188899}, "device": "cpu", "nd_range": {"device_start": 2294108.554263241, "device_end": 2294108.590844015}, "cmdq": 2, "read": {"device_start": -1, "device_end": -1}}, "FFC_sans_bias27": {"write": {"device_start": -1, "host_queued_start": 1585626334.160466, "device_queued": -1, "device_end": -1, "host_queued_end": 1585626334.188899}, "device": "cpu", "nd_range": {"device_start": 2294108.4106110353, "device_end": 2294108.422097403}, "cmdq": 0, "read": {"device_start": -1, "device_end": -1}}, "FFC_sans_bias20": {"write": {"device_start": -1, "host_queued_start": 1585626334.15928, "device_queued": -1, "device_end": -1, "host_queued_end": 1585626334.188899}, "device": "cpu", "nd_range": {"device_start": 2294108.448372127, "device_end": 2294108.463085258}, "cmdq": 3, "read": {"device_start": -1, "device_end": -1}}, "FFC_sans_bias22": {"write": {"device_start": -1, "host_queued_start": 1585626334.175879, "device_queued": -1, "device_end": -1, "host_queued_end": 1585626334.188899}, "device": "cpu", "nd_range": {"device_start": 2294108.492140322, "device_end": 2294108.5096953004}, "cmdq": 1, "read": {"device_start": -1, "device_end": -1}}, "FFC_sans_bias28": {"write": {"device_start": -1, "host_queued_start": 1585626334.161611, "device_queued": -1, "device_end": -1, "host_queued_end": 1585626334.188899}, "device": "cpu", "nd_range": {"device_start": 2294108.448965725, "device_end": 2294108.463084616}, "cmdq": 1, "read": {"device_start": -1, "device_end": -1}}, "FFC_sans_bias29": {"write": {"device_start": -1, "host_queued_start": 1585626334.162702, "device_queued": -1, "device_end": -1, "host_queued_end": 1585626334.188899}, "device": "cpu", "nd_range": {"device_start": 2294108.411230126, "device_end": 2294108.4269227553}, "cmdq": 2, "read": {"device_start": -1, "device_end": -1}}, "coalesced_transpose66": {"write": {"device_start": -1, "host_queued_start": 1585626334.127666, "device_queued": -1, "device_end": -1, "host_queued_end": 1585626334.141297}, "device": "gpu", "nd_range": {"device_start": 1585626267.6313426, "device_end": 1585626267.632637}, "cmdq": 0, "read": {"device_start": -1, "device_end": -1}}, "coalesced_transpose93": {"write": {"device_start": -1, "host_queued_start": 1585626334.128603, "device_queued": -1, "device_end": -1, "host_queued_end": 1585626334.141297}, "device": "gpu", "nd_range": {"device_start": 1585626267.6327717, "device_end": 1585626267.6328008}, "cmdq": 3, "read": {"device_start": -1, "device_end": -1}}, "softmax23": {"write": {"device_start": -1, "host_queued_start": 1585626334.178152, "device_queued": -1, "device_end": -1, "host_queued_end": 1585626334.188899}, "device": "cpu", "nd_range": {"device_start": 2294108.523437241, "device_end": 2294108.523653054}, "cmdq": 0, "read": {"device_start": -1, "device_end": -1}}, "empty62": {"write": {"device_start": -1, "host_queued_start": 1585626334.149096, "device_queued": -1, "device_end": -1, "host_queued_end": 1585626334.188899}, "device": "cpu", "nd_range": {"device_start": 2294108.3790368764, "device_end": 2294108.379037721}, "cmdq": 2, "read": {"device_start": -1, "device_end": -1}}, "FFC_sans_bias10": {"write": {"device_start": -1, "host_queued_start": 1585626334.154503, "device_queued": -1, "device_end": -1, "host_queued_end": 1585626334.188899}, "device": "cpu", "nd_range": {"device_start": 2294108.432788554, "device_end": 2294108.44824809}, "cmdq": 3, "read": {"device_start": -1, "device_end": -1}}, "FFC_sans_bias13": {"write": {"device_start": -1, "host_queued_start": 1585626334.175527, "device_queued": -1, "device_end": -1, "host_queued_end": 1585626334.188899}, "device": "cpu", "nd_range": {"device_start": 2294108.4810813633, "device_end": 2294108.492061208}, "cmdq": 0, "read": {"device_start": -1, "device_end": -1}}, "FFC_sans_bias15": {"write": {"device_start": -1, "host_queued_start": 1585626334.179993, "device_queued": -1, "device_end": -1, "host_queued_end": 1585626334.188899}, "device": "cpu", "nd_range": {"device_start": 2294108.536776421, "device_end": 2294108.545861558}, "cmdq": 2, "read": {"device_start": -1, "device_end": -1}}, "FFC_sans_bias16": {"write": {"device_start": -1, "host_queued_start": 1585626334.183836, "device_queued": -1, "device_end": -1, "host_queued_end": 1585626334.188899}, "device": "cpu", "nd_range": {"device_start": 2294108.5720984163, "device_end": 2294108.588303028}, "cmdq": 1, "read": {"device_start": -1, "device_end": -1}}, "FFC_sans_bias19": {"write": {"device_start": -1, "host_queued_start": 1585626334.158028, "device_queued": -1, "device_end": -1, "host_queued_end": 1585626334.188899}, "device": "cpu", "nd_range": {"device_start": 2294108.394484857, "device_end": 2294108.4111048663}, "cmdq": 2, "read": {"device_start": -1, "device_end": -1}}, "FFC_sans_bias18": {"write": {"device_start": -1, "host_queued_start": 1585626334.156668, "device_queued": -1, "device_end": -1, "host_queued_end": 1585626334.188899}, "device": "cpu", "nd_range": {"device_start": 2294108.394302642, "device_end": 2294108.4096418764}, "cmdq": 1, "read": {"device_start": -1, "device_end": -1}}, "FFC_sans_bias99": {"write": {"device_start": 1585626267.6285071, "host_queued_start": 1585626334.122008, "device_queued": 1585626267.6252275, "device_end": 1585626267.628534, "host_queued_end": 1585626334.141297}, "device": "gpu", "nd_range": {"device_start": 1585626267.6285496, "device_end": 1585626267.6303647}, "cmdq": 2, "read": {"device_start": -1, "device_end": -1}}, "FFC_sans_bias91": {"write": {"device_start": 1585626267.6275644, "host_queued_start": 1585626334.119888, "device_queued": 1585626267.624973, "device_end": 1585626267.62759, "host_queued_end": 1585626334.141297}, "device": "gpu", "nd_range": {"device_start": 1585626267.6275961, "device_end": 1585626267.629387}, "cmdq": 0, "read": {"device_start": -1, "device_end": -1}}, "FFC_sans_bias90": {"write": {"device_start": 1585626267.6271026, "host_queued_start": 1585626334.11884, "device_queued": 1585626267.6247983, "device_end": 1585626267.627134, "host_queued_end": 1585626334.141297}, "device": "gpu", "nd_range": {"device_start": 1585626267.6271393, "device_end": 1585626267.6289291}, "cmdq": 3, "read": {"device_start": -1, "device_end": -1}}, "coalesced_transpose12": {"write": {"device_start": -1, "host_queued_start": 1585626334.173115, "device_queued": -1, "device_end": -1, "host_queued_end": 1585626334.188899}, "device": "cpu", "nd_range": {"device_start": 2294108.4807061544, "device_end": 2294108.480965222}, "cmdq": 1, "read": {"device_start": -1, "device_end": -1}}, "FFC_sans_bias94": {"write": {"device_start": -1, "host_queued_start": 1585626334.130711, "device_queued": -1, "device_end": -1, "host_queued_end": 1585626334.141297}, "device": "gpu", "nd_range": {"device_start": 1585626267.632823, "device_end": 1585626267.6347847}, "cmdq": 1, "read": {"device_start": -1, "device_end": -1}}, "FFC_sans_bias97": {"write": {"device_start": 1585626267.6393611, "host_queued_start": 1585626334.139059, "device_queued": 1585626267.62739, "device_end": 1585626267.6393864, "host_queued_end": 1585626334.141297}, "device": "gpu", "nd_range": {"device_start": 1585626267.639394, "device_end": 1585626267.6411648}, "cmdq": 3, "read": {"device_start": 1585626267.6411676, "device_end": 1585626267.6411915}}, "FFC_sans_bias96": {"write": {"device_start": -1, "host_queued_start": 1585626334.134174, "device_queued": -1, "device_end": -1, "host_queued_end": 1585626334.141297}, "device": "gpu", "nd_range": {"device_start": 1585626267.6365948, "device_end": 1585626267.6382306}, "cmdq": 1, "read": {"device_start": -1, "device_end": -1}}, "softmax32": {"write": {"device_start": -1, "host_queued_start": 1585626334.17843, "device_queued": -1, "device_end": -1, "host_queued_end": 1585626334.188899}, "device": "cpu", "nd_range": {"device_start": 2294108.525837866, "device_end": 2294108.5260500372}, "cmdq": 1, "read": {"device_start": -1, "device_end": -1}}, "coalesced_transpose84": {"write": {"device_start": -1, "host_queued_start": 1585626334.128292, "device_queued": -1, "device_end": -1, "host_queued_end": 1585626334.141297}, "device": "gpu", "nd_range": {"device_start": 1585626267.6323168, "device_end": 1585626267.6326714}, "cmdq": 2, "read": {"device_start": -1, "device_end": -1}}, "empty98": {"write": {"device_start": 1585626267.6234524, "host_queued_start": 1585626334.106216, "device_queued": 1585626267.623201, "device_end": 1585626267.6234777, "host_queued_end": 1585626334.141297}, "device": "gpu", "nd_range": {"device_start": 1585626267.6234818, "device_end": 1585626267.6234899}, "cmdq": 3, "read": {"device_start": -1, "device_end": -1}}, "empty107": {"write": {"device_start": 1585626267.623619, "host_queued_start": 1585626334.107106, "device_queued": 1585626267.6235237, "device_end": 1585626267.62368, "host_queued_end": 1585626334.141297}, "device": "gpu", "nd_range": {"device_start": 1585626267.6236851, "device_end": 1585626267.6236894}, "cmdq": 0, "read": {"device_start": -1, "device_end": -1}}, "empty17": {"write": {"device_start": -1, "host_queued_start": 1585626334.144148, "device_queued": -1, "device_end": -1, "host_queued_end": 1585626334.188899}, "device": "cpu", "nd_range": {"device_start": 2294108.378520906, "device_end": 2294108.378526121}, "cmdq": 1, "read": {"device_start": -1, "device_end": -1}}, "FFC_sans_bias87": {"write": {"device_start": -1, "host_queued_start": 1585626334.133852, "device_queued": -1, "device_end": -1, "host_queued_end": 1585626334.141297}, "device": "gpu", "nd_range": {"device_start": 1585626267.6362429, "device_end": 1585626267.6378074}, "cmdq": 0, "read": {"device_start": -1, "device_end": -1}}, "FFC_sans_bias85": {"write": {"device_start": -1, "host_queued_start": 1585626334.13037, "device_queued": -1, "device_end": -1, "host_queued_end": 1585626334.141297}, "device": "gpu", "nd_range": {"device_start": 1585626267.632784, "device_end": 1585626267.6333938}, "cmdq": 0, "read": {"device_start": -1, "device_end": -1}}, "FFC_sans_bias82": {"write": {"device_start": 1585626267.6260827, "host_queued_start": 1585626334.116699, "device_queued": 1585626267.6247287, "device_end": 1585626267.6261158, "host_queued_end": 1585626334.141297}, "device": "gpu", "nd_range": {"device_start": 1585626267.6261199, "device_end": 1585626267.6279552}, "cmdq": 1, "read": {"device_start": -1, "device_end": -1}}, "FFC_sans_bias83": {"write": {"device_start": 1585626267.6266031, "host_queued_start": 1585626334.117759, "device_queued": 1585626267.6247716, "device_end": 1585626267.6266356, "host_queued_end": 1585626334.141297}, "device": "gpu", "nd_range": {"device_start": 1585626267.626642, "device_end": 1585626267.628415}, "cmdq": 2, "read": {"device_start": -1, "device_end": -1}}, "FFC_sans_bias81": {"write": {"device_start": 1585626267.6256804, "host_queued_start": 1585626334.115635, "device_queued": 1585626267.6245244, "device_end": 1585626267.6257114, "host_queued_end": 1585626334.141297}, "device": "gpu", "nd_range": {"device_start": 1585626267.6257143, "device_end": 1585626267.627447}, "cmdq": 0, "read": {"device_start": -1, "device_end": -1}}, "FFC_sans_bias88": {"write": {"device_start": 1585626267.6389315, "host_queued_start": 1585626334.138004, "device_queued": 1585626267.6273668, "device_end": 1585626267.6389618, "host_queued_end": 1585626334.141297}, "device": "gpu", "nd_range": {"device_start": 1585626267.638977, "device_end": 1585626267.6406696}, "cmdq": 2, "read": {"device_start": 1585626267.6406748, "device_end": 1585626267.640699}}, "coalesced_transpose30": {"write": {"device_start": -1, "host_queued_start": 1585626334.173793, "device_queued": -1, "device_end": -1, "host_queued_end": 1585626334.188899}, "device": "cpu", "nd_range": {"device_start": 2294108.498921888, "device_end": 2294108.499177035}, "cmdq": 3, "read": {"device_start": -1, "device_end": -1}}, "coalesced_transpose39": {"write": {"device_start": -1, "host_queued_start": 1585626334.174129, "device_queued": -1, "device_end": -1, "host_queued_end": 1585626334.188899}, "device": "cpu", "nd_range": {"device_start": 2294108.448590307, "device_end": 2294108.448842407}, "cmdq": 0, "read": {"device_start": -1, "device_end": -1}}, "FFC_sans_bias79": {"write": {"device_start": 1585626267.6383657, "host_queued_start": 1585626334.136947, "device_queued": 1585626267.6273363, "device_end": 1585626267.6383972, "host_queued_end": 1585626334.141297}, "device": "gpu", "nd_range": {"device_start": 1585626267.638416, "device_end": 1585626267.6402035}, "cmdq": 1, "read": {"device_start": 1585626267.6402059, "device_end": 1585626267.6402304}}, "FFC_sans_bias78": {"write": {"device_start": -1, "host_queued_start": 1585626334.133532, "device_queued": -1, "device_end": -1, "host_queued_end": 1585626334.141297}, "device": "gpu", "nd_range": {"device_start": 1585626267.6362314, "device_end": 1585626267.6372285}, "cmdq": 3, "read": {"device_start": -1, "device_end": -1}}, "FFC_sans_bias73": {"write": {"device_start": 1585626267.6247263, "host_queued_start": 1585626334.113388, "device_queued": 1585626267.6242316, "device_end": 1585626267.6247566, "host_queued_end": 1585626334.141297}, "device": "gpu", "nd_range": {"device_start": 1585626267.624768, "device_end": 1585626267.6264813}, "cmdq": 2, "read": {"device_start": -1, "device_end": -1}}, "FFC_sans_bias72": {"write": {"device_start": 1585626267.6243067, "host_queued_start": 1585626334.11226, "device_queued": 1585626267.6241937, "device_end": 1585626267.6243315, "host_queued_end": 1585626334.141297}, "device": "gpu", "nd_range": {"device_start": 1585626267.6243422, "device_end": 1585626267.6259713}, "cmdq": 1, "read": {"device_start": -1, "device_end": -1}}, "FFC_sans_bias70": {"write": {"device_start": 1585626267.6379845, "host_queued_start": 1585626334.135878, "device_queued": 1585626267.6271734, "device_end": 1585626267.6380117, "host_queued_end": 1585626334.141297}, "device": "gpu", "nd_range": {"device_start": 1585626267.6380317, "device_end": 1585626267.639716}, "cmdq": 0, "read": {"device_start": 1585626267.6397176, "device_end": 1585626267.6397483}}, "FFC_sans_bias76": {"write": {"device_start": -1, "host_queued_start": 1585626334.129919, "device_queued": -1, "device_end": -1, "host_queued_end": 1585626334.141297}, "device": "gpu", "nd_range": {"device_start": 1585626267.632813, "device_end": 1585626267.6343553}, "cmdq": 3, "read": {"device_start": -1, "device_end": -1}}, "FFC_sans_bias74": {"write": {"device_start": 1585626267.62508, "host_queued_start": 1585626334.114504, "device_queued": 1585626267.6242554, "device_end": 1585626267.6251116, "host_queued_end": 1585626334.141297}, "device": "gpu", "nd_range": {"device_start": 1585626267.6251183, "device_end": 1585626267.6269803}, "cmdq": 3, "read": {"device_start": -1, "device_end": -1}}, "coalesced_transpose102": {"write": {"device_start": -1, "host_queued_start": 1585626334.128927, "device_queued": -1, "device_end": -1, "host_queued_end": 1585626334.141297}, "device": "gpu", "nd_range": {"device_start": 1585626267.6326451, "device_end": 1585626267.6326766}, "cmdq": 0, "read": {"device_start": -1, "device_end": -1}}, "coalesced_transpose3": {"write": {"device_start": -1, "host_queued_start": 1585626334.172769, "device_queued": -1, "device_end": -1, "host_queued_end": 1585626334.188899}, "device": "cpu", "nd_range": {"device_start": 2294108.4482066194, "device_end": 2294108.4484649203}, "cmdq": 0, "read": {"device_start": -1, "device_end": -1}}, "empty89": {"write": {"device_start": 1585626267.623362, "host_queued_start": 1585626334.105352, "device_queued": 1585626267.6231742, "device_end": 1585626267.6234372, "host_queued_end": 1585626334.141297}, "device": "gpu", "nd_range": {"device_start": 1585626267.623441, "device_end": 1585626267.6234457}, "cmdq": 2, "read": {"device_start": -1, "device_end": -1}}, "empty80": {"write": {"device_start": 1585626267.6232352, "host_queued_start": 1585626334.104471, "device_queued": 1585626267.6231503, "device_end": 1585626267.6233149, "host_queued_end": 1585626334.141297}, "device": "gpu", "nd_range": {"device_start": 1585626267.6233213, "device_end": 1585626267.6233263}, "cmdq": 1, "read": {"device_start": -1, "device_end": -1}}, "empty116": {"write": {"device_start": 1585626267.6237545, "host_queued_start": 1585626334.10793, "device_queued": 1585626267.6235752, "device_end": 1585626267.6238098, "host_queued_end": 1585626334.141297}, "device": "gpu", "nd_range": {"device_start": 1585626267.6238127, "device_end": 1585626267.6238163}, "cmdq": 1, "read": {"device_start": -1, "device_end": -1}}, "softmax104": {"write": {"device_start": -1, "host_queued_start": 1585626334.132633, "device_queued": -1, "device_end": -1, "host_queued_end": 1585626334.141297}, "device": "gpu", "nd_range": {"device_start": 1585626267.6354895, "device_end": 1585626267.6362343}, "cmdq": 0, "read": {"device_start": -1, "device_end": -1}}, "coalesced_transpose21": {"write": {"device_start": -1, "host_queued_start": 1585626334.173456, "device_queued": -1, "device_end": -1, "host_queued_end": 1585626334.188899}, "device": "cpu", "nd_range": {"device_start": 2294108.4606117574, "device_end": 2294108.460870663}, "cmdq": 2, "read": {"device_start": -1, "device_end": -1}}, "softmax14": {"write": {"device_start": -1, "host_queued_start": 1585626334.177874, "device_queued": -1, "device_end": -1, "host_queued_end": 1585626334.188899}, "device": "cpu", "nd_range": {"device_start": 2294108.5356204812, "device_end": 2294108.535839444}, "cmdq": 3, "read": {"device_start": -1, "device_end": -1}}, "FFC_sans_bias69": {"write": {"device_start": -1, "host_queued_start": 1585626334.133206, "device_queued": -1, "device_end": -1, "host_queued_end": 1585626334.141297}, "device": "gpu", "nd_range": {"device_start": 1585626267.6362221, "device_end": 1585626267.6368327}, "cmdq": 2, "read": {"device_start": -1, "device_end": -1}}, "FFC_sans_bias92": {"write": {"device_start": 1585626267.628044, "host_queued_start": 1585626334.120947, "device_queued": 1585626267.6251993, "device_end": 1585626267.6280699, "host_queued_end": 1585626334.141297}, "device": "gpu", "nd_range": {"device_start": 1585626267.628076, "device_end": 1585626267.6299224}, "cmdq": 1, "read": {"device_start": -1, "device_end": -1}}, "FFC_sans_bias60": {"write": {"device_start": -1, "host_queued_start": 1585626334.181771, "device_queued": -1, "device_end": -1, "host_queued_end": 1585626334.188899}, "device": "cpu", "nd_range": {"device_start": 2294108.551342965, "device_end": 2294108.5667301523}, "cmdq": 3, "read": {"device_start": -1, "device_end": -1}}, "FFC_sans_bias61": {"write": {"device_start": -1, "host_queued_start": 1585626334.188851, "device_queued": -1, "device_end": -1, "host_queued_end": 1585626334.188899}, "device": "cpu", "nd_range": {"device_start": 2294108.590848532, "device_end": 2294108.60819266}, "cmdq": 2, "read": {"device_start": -1, "device_end": -1}}, "FFC_sans_bias63": {"write": {"device_start": 1585626267.6241028, "host_queued_start": 1585626334.111182, "device_queued": 1585626267.6240025, "device_end": 1585626267.6241345, "host_queued_end": 1585626334.141297}, "device": "gpu", "nd_range": {"device_start": 1585626267.6241379, "device_end": 1585626267.6255436}, "cmdq": 0, "read": {"device_start": -1, "device_end": -1}}, "FFC_sans_bias64": {"write": {"device_start": 1585626267.6238708, "host_queued_start": 1585626334.108943, "device_queued": 1585626267.6235914, "device_end": 1585626267.6239302, "host_queued_end": 1585626334.141297}, "device": "gpu", "nd_range": {"device_start": 1585626267.6239614, "device_end": 1585626267.624571}, "cmdq": 2, "read": {"device_start": -1, "device_end": -1}}, "FFC_sans_bias65": {"write": {"device_start": 1585626267.6239533, "host_queued_start": 1585626334.110072, "device_queued": 1585626267.6236155, "device_end": 1585626267.6239786, "host_queued_end": 1585626334.141297}, "device": "gpu", "nd_range": {"device_start": 1585626267.6239939, "device_end": 1585626267.6249807}, "cmdq": 3, "read": {"device_start": -1, "device_end": -1}}, "FFC_sans_bias67": {"write": {"device_start": -1, "host_queued_start": 1585626334.129592, "device_queued": -1, "device_end": -1, "host_queued_end": 1585626334.141297}, "device": "gpu", "nd_range": {"device_start": 1585626267.632798, "device_end": 1585626267.6337895}, "cmdq": 2, "read": {"device_start": -1, "device_end": -1}}, "coalesced_transpose111": {"write": {"device_start": -1, "host_queued_start": 1585626334.129247, "device_queued": -1, "device_end": -1, "host_queued_end": 1585626334.141297}, "device": "gpu", "nd_range": {"device_start": 1585626267.6326678, "device_end": 1585626267.632689}, "cmdq": 1, "read": {"device_start": -1, "device_end": -1}}, "softmax68": {"write": {"device_start": -1, "host_queued_start": 1585626334.131621, "device_queued": -1, "device_end": -1, "host_queued_end": 1585626334.141297}, "device": "gpu", "nd_range": {"device_start": 1585626267.6338108, "device_end": 1585626267.6354806}, "cmdq": 0, "read": {"device_start": -1, "device_end": -1}}, "empty35": {"write": {"device_start": -1, "host_queued_start": 1585626334.146216, "device_queued": -1, "device_end": -1, "host_queued_end": 1585626334.188899}, "device": "cpu", "nd_range": {"device_start": 2294108.409590344, "device_end": 2294108.409593313}, "cmdq": 3, "read": {"device_start": -1, "device_end": -1}}, "softmax86": {"write": {"device_start": -1, "host_queued_start": 1585626334.132128, "device_queued": -1, "device_end": -1, "host_queued_end": 1585626334.141297}, "device": "gpu", "nd_range": {"device_start": 1585626267.6353183, "device_end": 1585626267.6362133}, "cmdq": 2, "read": {"device_start": -1, "device_end": -1}}, "FFC_sans_bias55": {"write": {"device_start": -1, "host_queued_start": 1585626334.172423, "device_queued": -1, "device_end": -1, "host_queued_end": 1585626334.188899}, "device": "cpu", "nd_range": {"device_start": 2294108.486918339, "device_end": 2294108.4987988453}, "cmdq": 3, "read": {"device_start": -1, "device_end": -1}}, "FFC_sans_bias54": {"write": {"device_start": -1, "host_queued_start": 1585626334.171358, "device_queued": -1, "device_end": -1, "host_queued_end": 1585626334.188899}, "device": "cpu", "nd_range": {"device_start": 2294108.444453135, "device_end": 2294108.4604795803}, "cmdq": 2, "read": {"device_start": -1, "device_end": -1}}, "FFC_sans_bias56": {"write": {"device_start": -1, "host_queued_start": 1585626334.17029, "device_queued": -1, "device_end": -1, "host_queued_end": 1585626334.188899}, "device": "cpu", "nd_range": {"device_start": 2294108.471806773, "device_end": 2294108.480590028}, "cmdq": 1, "read": {"device_start": -1, "device_end": -1}}, "FFC_sans_bias51": {"write": {"device_start": -1, "host_queued_start": 1585626334.181419, "device_queued": -1, "device_end": -1, "host_queued_end": 1585626334.188899}, "device": "cpu", "nd_range": {"device_start": 2294108.5459862733, "device_end": 2294108.554253469}, "cmdq": 2, "read": {"device_start": -1, "device_end": -1}}, "FFC_sans_bias52": {"write": {"device_start": -1, "host_queued_start": 1585626334.187839, "device_queued": -1, "device_end": -1, "host_queued_end": 1585626334.188899}, "device": "cpu", "nd_range": {"device_start": 2294108.588308068, "device_end": 2294108.599631729}, "cmdq": 1, "read": {"device_start": -1, "device_end": -1}}, "FFC_sans_bias58": {"write": {"device_start": -1, "host_queued_start": 1585626334.177307, "device_queued": -1, "device_end": -1, "host_queued_end": 1585626334.188899}, "device": "cpu", "nd_range": {"device_start": 2294108.509814207, "device_end": 2294108.5257224683}, "cmdq": 1, "read": {"device_start": -1, "device_end": -1}}, "FFC_sans_bias108": {"write": {"device_start": 1585626267.6300309, "host_queued_start": 1585626334.125209, "device_queued": 1585626267.6256077, "device_end": 1585626267.6300623, "host_queued_end": 1585626334.141297}, "device": "gpu", "nd_range": {"device_start": 1585626267.630071, "device_end": 1585626267.6317983}, "cmdq": 1, "read": {"device_start": -1, "device_end": -1}}, "FFC_sans_bias109": {"write": {"device_start": 1585626267.6304636, "host_queued_start": 1585626334.126257, "device_queued": 1585626267.6256316, "device_end": 1585626267.630489, "host_queued_end": 1585626334.141297}, "device": "gpu", "nd_range": {"device_start": 1585626267.630497, "device_end": 1585626267.632311}, "cmdq": 2, "read": {"device_start": -1, "device_end": -1}}, "FFC_sans_bias103": {"write": {"device_start": -1, "host_queued_start": 1585626334.131036, "device_queued": -1, "device_end": -1, "host_queued_end": 1585626334.141297}, "device": "gpu", "nd_range": {"device_start": 1585626267.633799, "device_end": 1585626267.63531}, "cmdq": 2, "read": {"device_start": -1, "device_end": -1}}, "FFC_sans_bias100": {"write": {"device_start": 1585626267.6290326, "host_queued_start": 1585626334.123102, "device_queued": 1585626267.6252427, "device_end": 1585626267.629065, "host_queued_end": 1585626334.141297}, "device": "gpu", "nd_range": {"device_start": 1585626267.6290798, "device_end": 1585626267.6308582}, "cmdq": 3, "read": {"device_start": -1, "device_end": -1}}, "FFC_sans_bias101": {"write": {"device_start": 1585626267.6294918, "host_queued_start": 1585626334.124164, "device_queued": 1585626267.6254494, "device_end": 1585626267.629524, "host_queued_end": 1585626334.141297}, "device": "gpu", "nd_range": {"device_start": 1585626267.6295383, "device_end": 1585626267.6313415}, "cmdq": 0, "read": {"device_start": -1, "device_end": -1}}, "FFC_sans_bias106": {"write": {"device_start": 1585626267.6399558, "host_queued_start": 1585626334.140125, "device_queued": 1585626267.6277006, "device_end": 1585626267.639986, "host_queued_end": 1585626334.141297}, "device": "gpu", "nd_range": {"device_start": 1585626267.6399934, "device_end": 1585626267.6416297}, "cmdq": 0, "read": {"device_start": 1585626267.6416361, "device_end": 1585626267.64166}}, "FFC_sans_bias105": {"write": {"device_start": -1, "host_queued_start": 1585626334.134503, "device_queued": -1, "device_end": -1, "host_queued_end": 1585626334.141297}, "device": "gpu", "nd_range": {"device_start": 1585626267.6368403, "device_end": 1585626267.6387794}, "cmdq": 2, "read": {"device_start": -1, "device_end": -1}}, "softmax95": {"write": {"device_start": -1, "host_queued_start": 1585626334.132382, "device_queued": -1, "device_end": -1, "host_queued_end": 1585626334.141297}, "device": "gpu", "nd_range": {"device_start": 1585626267.6357863, "device_end": 1585626267.635998}, "cmdq": 3, "read": {"device_start": -1, "device_end": -1}}, "coalesced_transpose57": {"write": {"device_start": -1, "host_queued_start": 1585626334.174815, "device_queued": -1, "device_end": -1, "host_queued_end": 1585626334.188899}, "device": "cpu", "nd_range": {"device_start": 2294108.507646991, "device_end": 2294108.5078885932}, "cmdq": 2, "read": {"device_start": -1, "device_end": -1}}, "empty26": {"write": {"device_start": -1, "host_queued_start": 1585626334.145173, "device_queued": -1, "device_end": -1, "host_queued_end": 1585626334.188899}, "device": "cpu", "nd_range": {"device_start": 2294108.379016261, "device_end": 2294108.379020715}, "cmdq": 2, "read": {"device_start": -1, "device_end": -1}}, "softmax113": {"write": {"device_start": -1, "host_queued_start": 1585626334.132885, "device_queued": -1, "device_end": -1, "host_queued_end": 1585626334.141297}, "device": "gpu", "nd_range": {"device_start": 1585626267.6362104, "device_end": 1585626267.636587}, "cmdq": 1, "read": {"device_start": -1, "device_end": -1}}, "FFC_sans_bias11": {"write": {"device_start": -1, "host_queued_start": 1585626334.155605, "device_queued": -1, "device_end": -1, "host_queued_end": 1585626334.188899}, "device": "cpu", "nd_range": {"device_start": 2294108.394092083, "device_end": 2294108.409459536}, "cmdq": 0, "read": {"device_start": -1, "device_end": -1}}, "FFC_sans_bias42": {"write": {"device_start": -1, "host_queued_start": 1585626334.18107, "device_queued": -1, "device_end": -1, "host_queued_end": 1585626334.188899}, "device": "cpu", "nd_range": {"device_start": 2294108.554426554, "device_end": 2294108.571964012}, "cmdq": 1, "read": {"device_start": -1, "device_end": -1}}, "FFC_sans_bias43": {"write": {"device_start": -1, "host_queued_start": 1585626334.18684, "device_queued": -1, "device_end": -1, "host_queued_end": 1585626334.188899}, "device": "cpu", "nd_range": {"device_start": 2294108.581804744, "device_end": 2294108.600471295}, "cmdq": 0, "read": {"device_start": -1, "device_end": -1}}, "FFC_sans_bias40": {"write": {"device_start": -1, "host_queued_start": 1585626334.176604, "device_queued": -1, "device_end": -1, "host_queued_end": 1585626334.188899}, "device": "cpu", "nd_range": {"device_start": 2294108.5146311703, "device_end": 2294108.5356100383}, "cmdq": 3, "read": {"device_start": -1, "device_end": -1}}, "FFC_sans_bias46": {"write": {"device_start": -1, "host_queued_start": 1585626334.167995, "device_queued": -1, "device_end": -1, "host_queued_end": 1585626334.188899}, "device": "cpu", "nd_range": {"device_start": 2294108.47535713, "device_end": 2294108.4868019014}, "cmdq": 3, "read": {"device_start": -1, "device_end": -1}}, "FFC_sans_bias47": {"write": {"device_start": -1, "host_queued_start": 1585626334.169095, "device_queued": -1, "device_end": -1, "host_queued_end": 1585626334.188899}, "device": "cpu", "nd_range": {"device_start": 2294108.432870489, "device_end": 2294108.4480872303}, "cmdq": 0, "read": {"device_start": -1, "device_end": -1}}, "FFC_sans_bias45": {"write": {"device_start": -1, "host_queued_start": 1585626334.166948, "device_queued": -1, "device_end": -1, "host_queued_end": 1585626334.188899}, "device": "cpu", "nd_range": {"device_start": 2294108.427045504, "device_end": 2294108.444322755}, "cmdq": 2, "read": {"device_start": -1, "device_end": -1}}, "FFC_sans_bias49": {"write": {"device_start": -1, "host_queued_start": 1585626334.176957, "device_queued": -1, "device_end": -1, "host_queued_end": 1585626334.188899}, "device": "cpu", "nd_range": {"device_start": 2294108.492281449, "device_end": 2294108.50752875}, "cmdq": 0, "read": {"device_start": -1, "device_end": -1}}, "softmax77": {"write": {"device_start": -1, "host_queued_start": 1585626334.131876, "device_queued": -1, "device_end": -1, "host_queued_end": 1585626334.141297}, "device": "gpu", "nd_range": {"device_start": 1585626267.634793, "device_end": 1585626267.6362019}, "cmdq": 1, "read": {"device_start": -1, "device_end": -1}}, "FFC_sans_bias115": {"write": {"device_start": 1585626267.640435, "host_queued_start": 1585626334.141188, "device_queued": 1585626267.6278503, "device_end": 1585626267.6404653, "host_queued_end": 1585626334.141297}, "device": "gpu", "nd_range": {"device_start": 1585626267.6404738, "device_end": 1585626267.6421146}, "cmdq": 1, "read": {"device_start": 1585626267.6421223, "device_end": 1585626267.6421459}}, "FFC_sans_bias114": {"write": {"device_start": -1, "host_queued_start": 1585626334.134835, "device_queued": -1, "device_end": -1, "host_queued_end": 1585626334.141297}, "device": "gpu", "nd_range": {"device_start": 1585626267.6372366, "device_end": 1585626267.639222}, "cmdq": 3, "read": {"device_start": -1, "device_end": -1}}, "softmax5": {"write": {"device_start": -1, "host_queued_start": 1585626334.17759, "device_queued": -1, "device_end": -1, "host_queued_end": 1585626334.188899}, "device": "cpu", "nd_range": {"device_start": 2294108.523192012, "device_end": 2294108.523428115}, "cmdq": 2, "read": {"device_start": -1, "device_end": -1}}, "FFC_sans_bias110": {"write": {"device_start": 1585626267.6309645, "host_queued_start": 1585626334.127336, "device_queued": 1585626267.6256487, "device_end": 1585626267.6309974, "host_queued_end": 1585626334.141297}, "device": "gpu", "nd_range": {"device_start": 1585626267.631001, "device_end": 1585626267.6327631}, "cmdq": 3, "read": {"device_start": -1, "device_end": -1}}, "FFC_sans_bias112": {"write": {"device_start": -1, "host_queued_start": 1585626334.131361, "device_queued": -1, "device_end": -1, "host_queued_end": 1585626334.141297}, "device": "gpu", "nd_range": {"device_start": 1585626267.634365, "device_end": 1585626267.635772}, "cmdq": 3, "read": {"device_start": -1, "device_end": -1}}, "empty53": {"write": {"device_start": -1, "host_queued_start": 1585626334.148134, "device_queued": -1, "device_end": -1, "host_queued_end": 1585626334.188899}, "device": "cpu", "nd_range": {"device_start": 2294108.378544339, "device_end": 2294108.378545746}, "cmdq": 1, "read": {"device_start": -1, "device_end": -1}}, "coalesced_transpose48": {"write": {"device_start": -1, "host_queued_start": 1585626334.174473, "device_queued": -1, "device_end": -1, "host_queued_end": 1585626334.188899}, "device": "cpu", "nd_range": {"device_start": 2294108.491883586, "device_end": 2294108.4921245542}, "cmdq": 1, "read": {"device_start": -1, "device_end": -1}}}