{"FFC_sans_bias4": {"write": {"device_start": -1, "host_queued_start": 1585626360.903885, "device_queued": -1, "device_end": -1, "host_queued_end": 1585626360.908152}, "device": "cpu", "nd_range": {"device_start": 2294135.115824573, "device_end": 2294135.1289264644}, "cmdq": 0, "read": {"device_start": -1, "device_end": -1}}, "FFC_sans_bias7": {"write": {"device_start": -1, "host_queued_start": 1585626360.906936, "device_queued": -1, "device_end": -1, "host_queued_end": 1585626360.908152}, "device": "cpu", "nd_range": {"device_start": 2294135.144060626, "device_end": 2294135.150240856}, "cmdq": 1, "read": {"device_start": -1, "device_end": -1}}, "FFC_sans_bias6": {"write": {"device_start": -1, "host_queued_start": 1585626360.905299, "device_queued": -1, "device_end": -1, "host_queued_end": 1585626360.908152}, "device": "cpu", "nd_range": {"device_start": 2294135.13519668, "device_end": 2294135.1440056213}, "cmdq": 4, "read": {"device_start": -1, "device_end": -1}}, "FFC_sans_bias1": {"write": {"device_start": -1, "host_queued_start": 1585626360.897398, "device_queued": -1, "device_end": -1, "host_queued_end": 1585626360.908152}, "device": "cpu", "nd_range": {"device_start": 2294135.097866911, "device_end": 2294135.113124512}, "cmdq": 3, "read": {"device_start": -1, "device_end": -1}}, "FFC_sans_bias0": {"write": {"device_start": -1, "host_queued_start": 1585626360.89608, "device_queued": -1, "device_end": -1, "host_queued_end": 1585626360.908152}, "device": "cpu", "nd_range": {"device_start": 2294135.113211667, "device_end": 2294135.126552552}, "cmdq": 2, "read": {"device_start": -1, "device_end": -1}}, "FFC_sans_bias2": {"write": {"device_start": -1, "host_queued_start": 1585626360.898831, "device_queued": -1, "device_end": -1, "host_queued_end": 1585626360.908152}, "device": "cpu", "nd_range": {"device_start": 2294135.097774852, "device_end": 2294135.113034311}, "cmdq": 4, "read": {"device_start": -1, "device_end": -1}}, "FFC_sans_bias9": {"write": {"device_start": -1, "host_queued_start": 1585626360.900237, "device_queued": -1, "device_end": -1, "host_queued_end": 1585626360.908152}, "device": "cpu", "nd_range": {"device_start": 2294135.0977763943, "device_end": 2294135.115696773}, "cmdq": 0, "read": {"device_start": -1, "device_end": -1}}, "empty71": {"write": {"device_start": 1585626294.3733683, "host_queued_start": 1585626360.827112, "device_queued": 1585626294.3732028, "device_end": 1585626294.3734388, "host_queued_end": 1585626360.891695}, "device": "gpu", "nd_range": {"device_start": 1585626294.3734584, "device_end": 1585626294.373464}, "cmdq": 1, "read": {"device_start": -1, "device_end": -1}}, "softmax41": {"write": {"device_start": -1, "host_queued_start": 1585626360.874092, "device_queued": -1, "device_end": -1, "host_queued_end": 1585626360.891695}, "device": "gpu", "nd_range": {"device_start": 1585626294.3940544, "device_end": 1585626294.3953714}, "cmdq": 0, "read": {"device_start": -1, "device_end": -1}}, "FFC_sans_bias37": {"write": {"device_start": 1585626294.3760808, "host_queued_start": 1585626360.839675, "device_queued": 1585626294.3745477, "device_end": 1585626294.376106, "host_queued_end": 1585626360.891695}, "device": "gpu", "nd_range": {"device_start": 1585626294.376111, "device_end": 1585626294.3779488}, "cmdq": 2, "read": {"device_start": -1, "device_end": -1}}, "FFC_sans_bias36": {"write": {"device_start": 1585626294.3756604, "host_queued_start": 1585626360.838622, "device_queued": 1585626294.3744051, "device_end": 1585626294.3756862, "host_queued_end": 1585626360.891695}, "device": "gpu", "nd_range": {"device_start": 1585626294.3756902, "device_end": 1585626294.3774846}, "cmdq": 1, "read": {"device_start": -1, "device_end": -1}}, "FFC_sans_bias34": {"write": {"device_start": 1585626294.3998568, "host_queued_start": 1585626360.881967, "device_queued": 1585626294.3799803, "device_end": 1585626294.3998826, "host_queued_end": 1585626360.891695}, "device": "gpu", "nd_range": {"device_start": 1585626294.3999016, "device_end": 1585626294.4016795}, "cmdq": 1, "read": {"device_start": 1585626294.4016914, "device_end": 1585626294.4017165}}, "FFC_sans_bias33": {"write": {"device_start": -1, "host_queued_start": 1585626360.876814, "device_queued": -1, "device_end": -1, "host_queued_end": 1585626360.891695}, "device": "gpu", "nd_range": {"device_start": 1585626294.3959134, "device_end": 1585626294.3973625}, "cmdq": 2, "read": {"device_start": -1, "device_end": -1}}, "FFC_sans_bias31": {"write": {"device_start": -1, "host_queued_start": 1585626360.870388, "device_queued": -1, "device_end": -1, "host_queued_end": 1585626360.891695}, "device": "gpu", "nd_range": {"device_start": 1585626294.3900583, "device_end": 1585626294.3906662}, "cmdq": 0, "read": {"device_start": -1, "device_end": -1}}, "FFC_sans_bias38": {"write": {"device_start": 1585626294.3766096, "host_queued_start": 1585626360.840734, "device_queued": 1585626294.3745768, "device_end": 1585626294.3766372, "host_queued_end": 1585626360.891695}, "device": "gpu", "nd_range": {"device_start": 1585626294.3766425, "device_end": 1585626294.3784313}, "cmdq": 3, "read": {"device_start": -1, "device_end": -1}}, "coalesced_transpose75": {"write": {"device_start": -1, "host_queued_start": 1585626360.868504, "device_queued": -1, "device_end": -1, "host_queued_end": 1585626360.891695}, "device": "gpu", "nd_range": {"device_start": 1585626294.389954, "device_end": 1585626294.3899987}, "cmdq": 2, "read": {"device_start": -1, "device_end": -1}}, "empty44": {"write": {"device_start": 1585626294.373051, "host_queued_start": 1585626360.82454, "device_queued": 1585626294.372862, "device_end": 1585626294.3731208, "host_queued_end": 1585626360.891695}, "device": "gpu", "nd_range": {"device_start": 1585626294.3731241, "device_end": 1585626294.373129}, "cmdq": 2, "read": {"device_start": -1, "device_end": -1}}, "empty8": {"write": {"device_start": -1, "host_queued_start": 1585626360.893766, "device_queued": -1, "device_end": -1, "host_queued_end": 1585626360.908152}, "device": "cpu", "nd_range": {"device_start": 2294135.0977426353, "device_end": 2294135.097752192}, "cmdq": 0, "read": {"device_start": -1, "device_end": -1}}, "softmax50": {"write": {"device_start": -1, "host_queued_start": 1585626360.874349, "device_queued": -1, "device_end": -1, "host_queued_end": 1585626360.891695}, "device": "gpu", "nd_range": {"device_start": 1585626294.3950424, "device_end": 1585626294.3955438}, "cmdq": 1, "read": {"device_start": -1, "device_end": -1}}, "softmax59": {"write": {"device_start": -1, "host_queued_start": 1585626360.874603, "device_queued": -1, "device_end": -1, "host_queued_end": 1585626360.891695}, "device": "gpu", "nd_range": {"device_start": 1585626294.3954098, "device_end": 1585626294.39562}, "cmdq": 2, "read": {"device_start": -1, "device_end": -1}}, "FFC_sans_bias24": {"write": {"device_start": -1, "host_queued_start": 1585626360.876493, "device_queued": -1, "device_end": -1, "host_queued_end": 1585626360.891695}, "device": "gpu", "nd_range": {"device_start": 1585626294.3957825, "device_end": 1585626294.3963885}, "cmdq": 1, "read": {"device_start": -1, "device_end": -1}}, "FFC_sans_bias25": {"write": {"device_start": 1585626294.3984308, "host_queued_start": 1585626360.880901, "device_queued": 1585626294.3798847, "device_end": 1585626294.3984568, "host_queued_end": 1585626360.891695}, "device": "gpu", "nd_range": {"device_start": 1585626294.3984764, "device_end": 1585626294.4002333}, "cmdq": 0, "read": {"device_start": 1585626294.4002395, "device_end": 1585626294.400265}}, "FFC_sans_bias27": {"write": {"device_start": 1585626294.3742387, "host_queued_start": 1585626360.835407, "device_queued": 1585626294.3741467, "device_end": 1585626294.3742712, "host_queued_end": 1585626360.891695}, "device": "gpu", "nd_range": {"device_start": 1585626294.3742757, "device_end": 1585626294.375979}, "cmdq": 2, "read": {"device_start": -1, "device_end": -1}}, "FFC_sans_bias20": {"write": {"device_start": 1585626294.3741071, "host_queued_start": 1585626360.834319, "device_queued": 1585626294.373998, "device_end": 1585626294.374137, "host_queued_end": 1585626360.891695}, "device": "gpu", "nd_range": {"device_start": 1585626294.3742025, "device_end": 1585626294.3755572}, "cmdq": 1, "read": {"device_start": -1, "device_end": -1}}, "FFC_sans_bias22": {"write": {"device_start": -1, "host_queued_start": 1585626360.870067, "device_queued": -1, "device_end": -1, "host_queued_end": 1585626360.891695}, "device": "gpu", "nd_range": {"device_start": 1585626294.390926, "device_end": 1585626294.392613}, "cmdq": 3, "read": {"device_start": -1, "device_end": -1}}, "FFC_sans_bias28": {"write": {"device_start": 1585626294.3746648, "host_queued_start": 1585626360.836489, "device_queued": 1585626294.3741739, "device_end": 1585626294.3746955, "host_queued_end": 1585626360.891695}, "device": "gpu", "nd_range": {"device_start": 1585626294.3746984, "device_end": 1585626294.3765225}, "cmdq": 3, "read": {"device_start": -1, "device_end": -1}}, "FFC_sans_bias29": {"write": {"device_start": 1585626294.3751168, "host_queued_start": 1585626360.837548, "device_queued": 1585626294.3743505, "device_end": 1585626294.3751476, "host_queued_end": 1585626360.891695}, "device": "gpu", "nd_range": {"device_start": 1585626294.3751528, "device_end": 1585626294.3769612}, "cmdq": 0, "read": {"device_start": -1, "device_end": -1}}, "coalesced_transpose66": {"write": {"device_start": -1, "host_queued_start": 1585626360.86819, "device_queued": -1, "device_end": -1, "host_queued_end": 1585626360.891695}, "device": "gpu", "nd_range": {"device_start": 1585626294.3899472, "device_end": 1585626294.38998}, "cmdq": 1, "read": {"device_start": -1, "device_end": -1}}, "coalesced_transpose93": {"write": {"device_start": -1, "host_queued_start": 1585626360.869123, "device_queued": -1, "device_end": -1, "host_queued_end": 1585626360.891695}, "device": "gpu", "nd_range": {"device_start": 1585626294.3899634, "device_end": 1585626294.3900092}, "cmdq": 0, "read": {"device_start": -1, "device_end": -1}}, "softmax23": {"write": {"device_start": -1, "host_queued_start": 1585626360.873574, "device_queued": -1, "device_end": -1, "host_queued_end": 1585626360.891695}, "device": "gpu", "nd_range": {"device_start": 1585626294.393565, "device_end": 1585626294.3953946}, "cmdq": 2, "read": {"device_start": -1, "device_end": -1}}, "empty62": {"write": {"device_start": 1585626294.3732529, "host_queued_start": 1585626360.82623, "device_queued": 1585626294.3731499, "device_end": 1585626294.37331, "host_queued_end": 1585626360.891695}, "device": "gpu", "nd_range": {"device_start": 1585626294.3733187, "device_end": 1585626294.3733346}, "cmdq": 0, "read": {"device_start": -1, "device_end": -1}}, "FFC_sans_bias10": {"write": {"device_start": -1, "host_queued_start": 1585626360.90142, "device_queued": -1, "device_end": -1, "host_queued_end": 1585626360.908152}, "device": "cpu", "nd_range": {"device_start": 2294135.097769719, "device_end": 2294135.113334035}, "cmdq": 1, "read": {"device_start": -1, "device_end": -1}}, "FFC_sans_bias13": {"write": {"device_start": -1, "host_queued_start": 1585626360.90426, "device_queued": -1, "device_end": -1, "host_queued_end": 1585626360.908152}, "device": "cpu", "nd_range": {"device_start": 2294135.117560238, "device_end": 2294135.130650915}, "cmdq": 1, "read": {"device_start": -1, "device_end": -1}}, "FFC_sans_bias15": {"write": {"device_start": -1, "host_queued_start": 1585626360.905663, "device_queued": -1, "device_end": -1, "host_queued_end": 1585626360.908152}, "device": "cpu", "nd_range": {"device_start": 2294135.130886317, "device_end": 2294135.136886626}, "cmdq": 0, "read": {"device_start": -1, "device_end": -1}}, "FFC_sans_bias16": {"write": {"device_start": -1, "host_queued_start": 1585626360.908106, "device_queued": -1, "device_end": -1, "host_queued_end": 1585626360.908152}, "device": "cpu", "nd_range": {"device_start": 2294135.1368935653, "device_end": 2294135.15148396}, "cmdq": 2, "read": {"device_start": -1, "device_end": -1}}, "FFC_sans_bias19": {"write": {"device_start": 1585626294.3740249, "host_queued_start": 1585626360.833263, "device_queued": 1585626294.3739529, "device_end": 1585626294.3740864, "host_queued_end": 1585626360.891695}, "device": "gpu", "nd_range": {"device_start": 1585626294.3740923, "device_end": 1585626294.3749902}, "cmdq": 0, "read": {"device_start": -1, "device_end": -1}}, "FFC_sans_bias18": {"write": {"device_start": 1585626294.3739345, "host_queued_start": 1585626360.832215, "device_queued": 1585626294.3736472, "device_end": 1585626294.3739645, "host_queued_end": 1585626360.891695}, "device": "gpu", "nd_range": {"device_start": 1585626294.3739758, "device_end": 1585626294.3745828}, "cmdq": 3, "read": {"device_start": -1, "device_end": -1}}, "FFC_sans_bias99": {"write": {"device_start": 1585626294.3858016, "host_queued_start": 1585626360.860989, "device_queued": 1585626294.3767295, "device_end": 1585626294.385827, "host_queued_end": 1585626360.891695}, "device": "gpu", "nd_range": {"device_start": 1585626294.385834, "device_end": 1585626294.387648}, "cmdq": 2, "read": {"device_start": -1, "device_end": -1}}, "FFC_sans_bias91": {"write": {"device_start": 1585626294.3848462, "host_queued_start": 1585626360.858887, "device_queued": 1585626294.3765268, "device_end": 1585626294.384875, "host_queued_end": 1585626360.891695}, "device": "gpu", "nd_range": {"device_start": 1585626294.384892, "device_end": 1585626294.3866708}, "cmdq": 0, "read": {"device_start": -1, "device_end": -1}}, "FFC_sans_bias90": {"write": {"device_start": 1585626294.3843596, "host_queued_start": 1585626360.857829, "device_queued": 1585626294.3763573, "device_end": 1585626294.384385, "host_queued_end": 1585626360.891695}, "device": "gpu", "nd_range": {"device_start": 1585626294.3843932, "device_end": 1585626294.3861864}, "cmdq": 3, "read": {"device_start": -1, "device_end": -1}}, "coalesced_transpose12": {"write": {"device_start": -1, "host_queued_start": 1585626360.903516, "device_queued": -1, "device_end": -1, "host_queued_end": 1585626360.908152}, "device": "cpu", "nd_range": {"device_start": 2294135.11694586, "device_end": 2294135.1171890753}, "cmdq": 4, "read": {"device_start": -1, "device_end": -1}}, "FFC_sans_bias94": {"write": {"device_start": -1, "host_queued_start": 1585626360.872661, "device_queued": -1, "device_end": -1, "host_queued_end": 1585626360.891695}, "device": "gpu", "nd_range": {"device_start": 1585626294.3945222, "device_end": 1585626294.395489}, "cmdq": 3, "read": {"device_start": -1, "device_end": -1}}, "FFC_sans_bias97": {"write": {"device_start": 1585626294.4028244, "host_queued_start": 1585626360.889384, "device_queued": 1585626294.3809936, "device_end": 1585626294.402849, "host_queued_end": 1585626360.891695}, "device": "gpu", "nd_range": {"device_start": 1585626294.4028676, "device_end": 1585626294.4041095}, "cmdq": 0, "read": {"device_start": 1585626294.40613, "device_end": 1585626294.4061537}}, "FFC_sans_bias96": {"write": {"device_start": -1, "host_queued_start": 1585626360.879202, "device_queued": -1, "device_end": -1, "host_queued_end": 1585626360.891695}, "device": "gpu", "nd_range": {"device_start": 1585626294.3978152, "device_end": 1585626294.3997571}, "cmdq": 1, "read": {"device_start": -1, "device_end": -1}}, "softmax32": {"write": {"device_start": -1, "host_queued_start": 1585626360.873829, "device_queued": -1, "device_end": -1, "host_queued_end": 1585626360.891695}, "device": "gpu", "nd_range": {"device_start": 1585626294.3955038, "device_end": 1585626294.395717}, "cmdq": 3, "read": {"device_start": -1, "device_end": -1}}, "coalesced_transpose84": {"write": {"device_start": -1, "host_queued_start": 1585626360.868814, "device_queued": -1, "device_end": -1, "host_queued_end": 1585626360.891695}, "device": "gpu", "nd_range": {"device_start": 1585626294.3901012, "device_end": 1585626294.3909078}, "cmdq": 3, "read": {"device_start": -1, "device_end": -1}}, "empty98": {"write": {"device_start": 1585626294.3736434, "host_queued_start": 1585626360.829551, "device_queued": 1585626294.3735523, "device_end": 1585626294.3737223, "host_queued_end": 1585626360.891695}, "device": "gpu", "nd_range": {"device_start": 1585626294.3737285, "device_end": 1585626294.3737407}, "cmdq": 0, "read": {"device_start": -1, "device_end": -1}}, "empty107": {"write": {"device_start": 1585626294.3737538, "host_queued_start": 1585626360.830372, "device_queued": 1585626294.3736067, "device_end": 1585626294.3738155, "host_queued_end": 1585626360.891695}, "device": "gpu", "nd_range": {"device_start": 1585626294.3738225, "device_end": 1585626294.373827}, "cmdq": 1, "read": {"device_start": -1, "device_end": -1}}, "empty17": {"write": {"device_start": -1, "host_queued_start": 1585626360.894971, "device_queued": -1, "device_end": -1, "host_queued_end": 1585626360.908152}, "device": "cpu", "nd_range": {"device_start": 2294135.09774257, "device_end": 2294135.097752178}, "cmdq": 1, "read": {"device_start": -1, "device_end": -1}}, "FFC_sans_bias87": {"write": {"device_start": -1, "host_queued_start": 1585626360.878872, "device_queued": -1, "device_end": -1, "host_queued_end": 1585626360.891695}, "device": "gpu", "nd_range": {"device_start": 1585626294.3968663, "device_end": 1585626294.3983178}, "cmdq": 0, "read": {"device_start": -1, "device_end": -1}}, "FFC_sans_bias85": {"write": {"device_start": -1, "host_queued_start": 1585626360.872341, "device_queued": -1, "device_end": -1, "host_queued_end": 1585626360.891695}, "device": "gpu", "nd_range": {"device_start": 1585626294.3916557, "device_end": 1585626294.393547}, "cmdq": 2, "read": {"device_start": -1, "device_end": -1}}, "FFC_sans_bias82": {"write": {"device_start": 1585626294.3834124, "host_queued_start": 1585626360.855705, "device_queued": 1585626294.3762171, "device_end": 1585626294.3834443, "host_queued_end": 1585626360.891695}, "device": "gpu", "nd_range": {"device_start": 1585626294.3834484, "device_end": 1585626294.3852203}, "cmdq": 1, "read": {"device_start": -1, "device_end": -1}}, "FFC_sans_bias83": {"write": {"device_start": 1585626294.3838677, "host_queued_start": 1585626360.856782, "device_queued": 1585626294.3763359, "device_end": 1585626294.3838992, "host_queued_end": 1585626360.891695}, "device": "gpu", "nd_range": {"device_start": 1585626294.3839056, "device_end": 1585626294.385696}, "cmdq": 2, "read": {"device_start": -1, "device_end": -1}}, "FFC_sans_bias81": {"write": {"device_start": 1585626294.3829033, "host_queued_start": 1585626360.854652, "device_queued": 1585626294.3761756, "device_end": 1585626294.3829288, "host_queued_end": 1585626360.891695}, "device": "gpu", "nd_range": {"device_start": 1585626294.382935, "device_end": 1585626294.3847127}, "cmdq": 0, "read": {"device_start": -1, "device_end": -1}}, "FFC_sans_bias88": {"write": {"device_start": 1585626294.4047518, "host_queued_start": 1585626360.888311, "device_queued": 1585626294.380707, "device_end": 1585626294.4047773, "host_queued_end": 1585626360.891695}, "device": "gpu", "nd_range": {"device_start": 1585626294.404792, "device_end": 1585626294.4060326}, "cmdq": 3, "read": {"device_start": 1585626294.4060376, "device_end": 1585626294.4060602}}, "coalesced_transpose30": {"write": {"device_start": -1, "host_queued_start": 1585626360.866949, "device_queued": -1, "device_end": -1, "host_queued_end": 1585626360.891695}, "device": "gpu", "nd_range": {"device_start": 1585626294.3890846, "device_end": 1585626294.3899395}, "cmdq": 1, "read": {"device_start": -1, "device_end": -1}}, "coalesced_transpose39": {"write": {"device_start": -1, "host_queued_start": 1585626360.867262, "device_queued": -1, "device_end": -1, "host_queued_end": 1585626360.891695}, "device": "gpu", "nd_range": {"device_start": 1585626294.3895857, "device_end": 1585626294.3899527}, "cmdq": 2, "read": {"device_start": -1, "device_end": -1}}, "FFC_sans_bias79": {"write": {"device_start": 1585626294.4023304, "host_queued_start": 1585626360.887267, "device_queued": 1585626294.3806837, "device_end": 1585626294.4023557, "host_queued_end": 1585626360.891695}, "device": "gpu", "nd_range": {"device_start": 1585626294.402373, "device_end": 1585626294.4036083}, "cmdq": 2, "read": {"device_start": 1585626294.4036155, "device_end": 1585626294.403639}}, "FFC_sans_bias78": {"write": {"device_start": -1, "host_queued_start": 1585626360.878546, "device_queued": -1, "device_end": -1, "host_queued_end": 1585626360.891695}, "device": "gpu", "nd_range": {"device_start": 1585626294.3992813, "device_end": 1585626294.4012022}, "cmdq": 3, "read": {"device_start": -1, "device_end": -1}}, "FFC_sans_bias73": {"write": {"device_start": 1585626294.381932, "host_queued_start": 1585626360.8524, "device_queued": 1585626294.3758922, "device_end": 1585626294.3819602, "host_queued_end": 1585626360.891695}, "device": "gpu", "nd_range": {"device_start": 1585626294.3819747, "device_end": 1585626294.3837414}, "cmdq": 2, "read": {"device_start": -1, "device_end": -1}}, "FFC_sans_bias72": {"write": {"device_start": 1585626294.3814528, "host_queued_start": 1585626360.851337, "device_queued": 1585626294.3757825, "device_end": 1585626294.3814795, "host_queued_end": 1585626360.891695}, "device": "gpu", "nd_range": {"device_start": 1585626294.3814874, "device_end": 1585626294.383283}, "cmdq": 1, "read": {"device_start": -1, "device_end": -1}}, "FFC_sans_bias70": {"write": {"device_start": 1585626294.4033182, "host_queued_start": 1585626360.886201, "device_queued": 1585626294.3805642, "device_end": 1585626294.403343, "host_queued_end": 1585626360.891695}, "device": "gpu", "nd_range": {"device_start": 1585626294.4033558, "device_end": 1585626294.4050734}, "cmdq": 1, "read": {"device_start": 1585626294.4050763, "device_end": 1585626294.4051008}}, "FFC_sans_bias76": {"write": {"device_start": -1, "host_queued_start": 1585626360.872022, "device_queued": -1, "device_end": -1, "host_queued_end": 1585626360.891695}, "device": "gpu", "nd_range": {"device_start": 1585626294.3910887, "device_end": 1585626294.3930514}, "cmdq": 1, "read": {"device_start": -1, "device_end": -1}}, "FFC_sans_bias74": {"write": {"device_start": 1585626294.3824317, "host_queued_start": 1585626360.853594, "device_queued": 1585626294.3759122, "device_end": 1585626294.3824582, "host_queued_end": 1585626360.891695}, "device": "gpu", "nd_range": {"device_start": 1585626294.382467, "device_end": 1585626294.3842425}, "cmdq": 3, "read": {"device_start": -1, "device_end": -1}}, "coalesced_transpose102": {"write": {"device_start": -1, "host_queued_start": 1585626360.869433, "device_queued": -1, "device_end": -1, "host_queued_end": 1585626360.891695}, "device": "gpu", "nd_range": {"device_start": 1585626294.3899953, "device_end": 1585626294.3900146}, "cmdq": 1, "read": {"device_start": -1, "device_end": -1}}, "coalesced_transpose3": {"write": {"device_start": -1, "host_queued_start": 1585626360.903108, "device_queued": -1, "device_end": -1, "host_queued_end": 1585626360.908152}, "device": "cpu", "nd_range": {"device_start": 2294135.113167989, "device_end": 2294135.1135320542}, "cmdq": 3, "read": {"device_start": -1, "device_end": -1}}, "empty89": {"write": {"device_start": 1585626294.373553, "host_queued_start": 1585626360.828735, "device_queued": 1585626294.373252, "device_end": 1585626294.373603, "host_queued_end": 1585626360.891695}, "device": "gpu", "nd_range": {"device_start": 1585626294.373609, "device_end": 1585626294.3736136}, "cmdq": 3, "read": {"device_start": -1, "device_end": -1}}, "empty80": {"write": {"device_start": 1585626294.37347, "host_queued_start": 1585626360.827925, "device_queued": 1585626294.373225, "device_end": 1585626294.373537, "host_queued_end": 1585626360.891695}, "device": "gpu", "nd_range": {"device_start": 1585626294.3735409, "device_end": 1585626294.3735464}, "cmdq": 2, "read": {"device_start": -1, "device_end": -1}}, "empty116": {"write": {"device_start": 1585626294.3738506, "host_queued_start": 1585626360.831228, "device_queued": 1585626294.3736312, "device_end": 1585626294.3739107, "host_queued_end": 1585626360.891695}, "device": "gpu", "nd_range": {"device_start": 1585626294.3739214, "device_end": 1585626294.373926}, "cmdq": 2, "read": {"device_start": -1, "device_end": -1}}, "softmax104": {"write": {"device_start": -1, "host_queued_start": 1585626360.875908, "device_queued": -1, "device_end": -1, "host_queued_end": 1585626360.891695}, "device": "gpu", "nd_range": {"device_start": 1585626294.396095, "device_end": 1585626294.3975391}, "cmdq": 3, "read": {"device_start": -1, "device_end": -1}}, "coalesced_transpose21": {"write": {"device_start": -1, "host_queued_start": 1585626360.86664, "device_queued": -1, "device_end": -1, "host_queued_end": 1585626360.891695}, "device": "gpu", "nd_range": {"device_start": 1585626294.3886235, "device_end": 1585626294.3899198}, "cmdq": 0, "read": {"device_start": -1, "device_end": -1}}, "softmax14": {"write": {"device_start": -1, "host_queued_start": 1585626360.90492, "device_queued": -1, "device_end": -1, "host_queued_end": 1585626360.908152}, "device": "cpu", "nd_range": {"device_start": 2294135.1306592533, "device_end": 2294135.130879466}, "cmdq": 3, "read": {"device_start": -1, "device_end": -1}}, "FFC_sans_bias69": {"write": {"device_start": -1, "host_queued_start": 1585626360.878217, "device_queued": -1, "device_end": -1, "host_queued_end": 1585626360.891695}, "device": "gpu", "nd_range": {"device_start": 1585626294.397377, "device_end": 1585626294.3987837}, "cmdq": 2, "read": {"device_start": -1, "device_end": -1}}, "FFC_sans_bias92": {"write": {"device_start": 1585626294.3853385, "host_queued_start": 1585626360.859941, "device_queued": 1585626294.3765903, "device_end": 1585626294.3853643, "host_queued_end": 1585626360.891695}, "device": "gpu", "nd_range": {"device_start": 1585626294.3853729, "device_end": 1585626294.387151}, "cmdq": 1, "read": {"device_start": -1, "device_end": -1}}, "FFC_sans_bias60": {"write": {"device_start": -1, "host_queued_start": 1585626360.877884, "device_queued": -1, "device_end": -1, "host_queued_end": 1585626360.891695}, "device": "gpu", "nd_range": {"device_start": 1585626294.396403, "device_end": 1585626294.3978014}, "cmdq": 1, "read": {"device_start": -1, "device_end": -1}}, "FFC_sans_bias61": {"write": {"device_start": 1585626294.4009278, "host_queued_start": 1585626360.885149, "device_queued": 1585626294.3805037, "device_end": 1585626294.4009535, "host_queued_end": 1585626360.891695}, "device": "gpu", "nd_range": {"device_start": 1585626294.4009724, "device_end": 1585626294.4026482}, "cmdq": 0, "read": {"device_start": 1585626294.4026577, "device_end": 1585626294.4026816}}, "FFC_sans_bias63": {"write": {"device_start": 1585626294.380975, "host_queued_start": 1585626360.850242, "device_queued": 1585626294.3757458, "device_end": 1585626294.381001, "host_queued_end": 1585626360.891695}, "device": "gpu", "nd_range": {"device_start": 1585626294.3810167, "device_end": 1585626294.3827913}, "cmdq": 0, "read": {"device_start": -1, "device_end": -1}}, "FFC_sans_bias64": {"write": {"device_start": 1585626294.3800092, "host_queued_start": 1585626360.848144, "device_queued": 1585626294.3754792, "device_end": 1585626294.3800414, "host_queued_end": 1585626360.891695}, "device": "gpu", "nd_range": {"device_start": 1585626294.3800452, "device_end": 1585626294.3818183}, "cmdq": 2, "read": {"device_start": -1, "device_end": -1}}, "FFC_sans_bias65": {"write": {"device_start": 1585626294.3804688, "host_queued_start": 1585626360.849201, "device_queued": 1585626294.3755074, "device_end": 1585626294.3804967, "host_queued_end": 1585626360.891695}, "device": "gpu", "nd_range": {"device_start": 1585626294.3805118, "device_end": 1585626294.3823228}, "cmdq": 3, "read": {"device_start": -1, "device_end": -1}}, "FFC_sans_bias67": {"write": {"device_start": -1, "host_queued_start": 1585626360.871694, "device_queued": -1, "device_end": -1, "host_queued_end": 1585626360.891695}, "device": "gpu", "nd_range": {"device_start": 1585626294.3906834, "device_end": 1585626294.3920565}, "cmdq": 0, "read": {"device_start": -1, "device_end": -1}}, "coalesced_transpose111": {"write": {"device_start": -1, "host_queued_start": 1585626360.869744, "device_queued": -1, "device_end": -1, "host_queued_end": 1585626360.891695}, "device": "gpu", "nd_range": {"device_start": 1585626294.3900008, "device_end": 1585626294.3900213}, "cmdq": 2, "read": {"device_start": -1, "device_end": -1}}, "softmax68": {"write": {"device_start": -1, "host_queued_start": 1585626360.874859, "device_queued": -1, "device_end": -1, "host_queued_end": 1585626360.891695}, "device": "gpu", "nd_range": {"device_start": 1585626294.3957334, "device_end": 1585626294.3960807}, "cmdq": 3, "read": {"device_start": -1, "device_end": -1}}, "empty35": {"write": {"device_start": 1585626294.3729439, "host_queued_start": 1585626360.823687, "device_queued": 1585626294.3728278, "device_end": 1585626294.3730078, "host_queued_end": 1585626360.891695}, "device": "gpu", "nd_range": {"device_start": 1585626294.373013, "device_end": 1585626294.3730245}, "cmdq": 1, "read": {"device_start": -1, "device_end": -1}}, "softmax86": {"write": {"device_start": -1, "host_queued_start": 1585626360.875388, "device_queued": -1, "device_end": -1, "host_queued_end": 1585626360.891695}, "device": "gpu", "nd_range": {"device_start": 1585626294.3955595, "device_end": 1585626294.3957677}, "cmdq": 1, "read": {"device_start": -1, "device_end": -1}}, "FFC_sans_bias55": {"write": {"device_start": 1585626294.3795207, "host_queued_start": 1585626360.847078, "device_queued": 1585626294.375355, "device_end": 1585626294.3795514, "host_queued_end": 1585626360.891695}, "device": "gpu", "nd_range": {"device_start": 1585626294.3795564, "device_end": 1585626294.381333}, "cmdq": 1, "read": {"device_start": -1, "device_end": -1}}, "FFC_sans_bias54": {"write": {"device_start": 1585626294.3790853, "host_queued_start": 1585626360.846021, "device_queued": 1585626294.375314, "device_end": 1585626294.3791177, "host_queued_end": 1585626360.891695}, "device": "gpu", "nd_range": {"device_start": 1585626294.3791223, "device_end": 1585626294.3808553}, "cmdq": 0, "read": {"device_start": -1, "device_end": -1}}, "FFC_sans_bias56": {"write": {"device_start": 1585626294.3785446, "host_queued_start": 1585626360.844969, "device_queued": 1585626294.3750386, "device_end": 1585626294.3785775, "host_queued_end": 1585626360.891695}, "device": "gpu", "nd_range": {"device_start": 1585626294.3785832, "device_end": 1585626294.3803403}, "cmdq": 3, "read": {"device_start": -1, "device_end": -1}}, "FFC_sans_bias51": {"write": {"device_start": -1, "host_queued_start": 1585626360.877558, "device_queued": -1, "device_end": -1, "host_queued_end": 1585626360.891695}, "device": "gpu", "nd_range": {"device_start": 1585626294.395876, "device_end": 1585626294.3968525}, "cmdq": 0, "read": {"device_start": -1, "device_end": -1}}, "FFC_sans_bias52": {"write": {"device_start": 1585626294.403214, "host_queued_start": 1585626360.884059, "device_queued": 1585626294.3801947, "device_end": 1585626294.40324, "host_queued_end": 1585626360.891695}, "device": "gpu", "nd_range": {"device_start": 1585626294.4032571, "device_end": 1585626294.404581}, "cmdq": 3, "read": {"device_start": 1585626294.4045846, "device_end": 1585626294.40461}}, "FFC_sans_bias58": {"write": {"device_start": -1, "host_queued_start": 1585626360.871374, "device_queued": -1, "device_end": -1, "host_queued_end": 1585626360.891695}, "device": "gpu", "nd_range": {"device_start": 1585626294.3926294, "device_end": 1585626294.3945057}, "cmdq": 3, "read": {"device_start": -1, "device_end": -1}}, "FFC_sans_bias108": {"write": {"device_start": 1585626294.3872683, "host_queued_start": 1585626360.864152, "device_queued": 1585626294.3769891, "device_end": 1585626294.387294, "host_queued_end": 1585626360.891695}, "device": "gpu", "nd_range": {"device_start": 1585626294.3873093, "device_end": 1585626294.3890824}, "cmdq": 1, "read": {"device_start": -1, "device_end": -1}}, "FFC_sans_bias109": {"write": {"device_start": 1585626294.3877664, "host_queued_start": 1585626360.86521, "device_queued": 1585626294.3771362, "device_end": 1585626294.3877926, "host_queued_end": 1585626360.891695}, "device": "gpu", "nd_range": {"device_start": 1585626294.3877997, "device_end": 1585626294.3895845}, "cmdq": 2, "read": {"device_start": -1, "device_end": -1}}, "FFC_sans_bias103": {"write": {"device_start": -1, "host_queued_start": 1585626360.872987, "device_queued": -1, "device_end": -1, "host_queued_end": 1585626360.891695}, "device": "gpu", "nd_range": {"device_start": 1585626294.392073, "device_end": 1585626294.394039}, "cmdq": 0, "read": {"device_start": -1, "device_end": -1}}, "FFC_sans_bias100": {"write": {"device_start": 1585626294.3863034, "host_queued_start": 1585626360.862039, "device_queued": 1585626294.3767564, "device_end": 1585626294.3863354, "host_queued_end": 1585626360.891695}, "device": "gpu", "nd_range": {"device_start": 1585626294.3863435, "device_end": 1585626294.3881319}, "cmdq": 3, "read": {"device_start": -1, "device_end": -1}}, "FFC_sans_bias101": {"write": {"device_start": 1585626294.3868072, "host_queued_start": 1585626360.863104, "device_queued": 1585626294.3769412, "device_end": 1585626294.3868327, "host_queued_end": 1585626360.891695}, "device": "gpu", "nd_range": {"device_start": 1585626294.386838, "device_end": 1585626294.3886223}, "cmdq": 0, "read": {"device_start": -1, "device_end": -1}}, "FFC_sans_bias106": {"write": {"device_start": 1585626294.4052343, "host_queued_start": 1585626360.89046, "device_queued": 1585626294.381057, "device_end": 1585626294.4052594, "host_queued_end": 1585626360.891695}, "device": "gpu", "nd_range": {"device_start": 1585626294.4052742, "device_end": 1585626294.4064498}, "cmdq": 1, "read": {"device_start": 1585626294.4064596, "device_end": 1585626294.406482}}, "FFC_sans_bias105": {"write": {"device_start": -1, "host_queued_start": 1585626360.879539, "device_queued": -1, "device_end": -1, "host_queued_end": 1585626360.891695}, "device": "gpu", "nd_range": {"device_start": 1585626294.3987982, "device_end": 1585626294.4007275}, "cmdq": 2, "read": {"device_start": -1, "device_end": -1}}, "softmax95": {"write": {"device_start": -1, "host_queued_start": 1585626360.875644, "device_queued": -1, "device_end": -1, "host_queued_end": 1585626360.891695}, "device": "gpu", "nd_range": {"device_start": 1585626294.395636, "device_end": 1585626294.3958988}, "cmdq": 2, "read": {"device_start": -1, "device_end": -1}}, "coalesced_transpose57": {"write": {"device_start": -1, "host_queued_start": 1585626360.867878, "device_queued": -1, "device_end": -1, "host_queued_end": 1585626360.891695}, "device": "gpu", "nd_range": {"device_start": 1585626294.3899286, "device_end": 1585626294.3899617}, "cmdq": 0, "read": {"device_start": -1, "device_end": -1}}, "empty26": {"write": {"device_start": 1585626294.3728044, "host_queued_start": 1585626360.822542, "device_queued": 1585626294.3726766, "device_end": 1585626294.3728378, "host_queued_end": 1585626360.891695}, "device": "gpu", "nd_range": {"device_start": 1585626294.3728466, "device_end": 1585626294.372858}, "cmdq": 0, "read": {"device_start": -1, "device_end": -1}}, "softmax113": {"write": {"device_start": -1, "host_queued_start": 1585626360.876166, "device_queued": -1, "device_end": -1, "host_queued_end": 1585626360.891695}, "device": "gpu", "nd_range": {"device_start": 1585626294.3956146, "device_end": 1585626294.3958595}, "cmdq": 0, "read": {"device_start": -1, "device_end": -1}}, "FFC_sans_bias11": {"write": {"device_start": -1, "host_queued_start": 1585626360.902668, "device_queued": -1, "device_end": -1, "host_queued_end": 1585626360.908152}, "device": "cpu", "nd_range": {"device_start": 2294135.1270364244, "device_end": 2294135.1337341703}, "cmdq": 2, "read": {"device_start": -1, "device_end": -1}}, "FFC_sans_bias42": {"write": {"device_start": -1, "host_queued_start": 1585626360.877222, "device_queued": -1, "device_end": -1, "host_queued_end": 1585626360.891695}, "device": "gpu", "nd_range": {"device_start": 1585626294.3975537, "device_end": 1585626294.3992672}, "cmdq": 3, "read": {"device_start": -1, "device_end": -1}}, "FFC_sans_bias43": {"write": {"device_start": 1585626294.4008155, "host_queued_start": 1585626360.883021, "device_queued": 1585626294.3801665, "device_end": 1585626294.4008408, "host_queued_end": 1585626360.891695}, "device": "gpu", "nd_range": {"device_start": 1585626294.4008613, "device_end": 1585626294.4021544}, "cmdq": 2, "read": {"device_start": 1585626294.4021647, "device_end": 1585626294.4021895}}, "FFC_sans_bias40": {"write": {"device_start": -1, "host_queued_start": 1585626360.870726, "device_queued": -1, "device_end": -1, "host_queued_end": 1585626360.891695}, "device": "gpu", "nd_range": {"device_start": 1585626294.3900807, "device_end": 1585626294.3910718}, "cmdq": 1, "read": {"device_start": -1, "device_end": -1}}, "FFC_sans_bias46": {"write": {"device_start": 1585626294.3775983, "host_queued_start": 1585626360.842855, "device_queued": 1585626294.3748643, "device_end": 1585626294.3776236, "host_queued_end": 1585626360.891695}, "device": "gpu", "nd_range": {"device_start": 1585626294.3776295, "device_end": 1585626294.3793762}, "cmdq": 1, "read": {"device_start": -1, "device_end": -1}}, "FFC_sans_bias47": {"write": {"device_start": 1585626294.378063, "host_queued_start": 1585626360.843918, "device_queued": 1585626294.3749895, "device_end": 1585626294.3780882, "host_queued_end": 1585626360.891695}, "device": "gpu", "nd_range": {"device_start": 1585626294.3780968, "device_end": 1585626294.3798935}, "cmdq": 2, "read": {"device_start": -1, "device_end": -1}}, "FFC_sans_bias45": {"write": {"device_start": 1585626294.3770661, "host_queued_start": 1585626360.841804, "device_queued": 1585626294.3748124, "device_end": 1585626294.377092, "host_queued_end": 1585626360.891695}, "device": "gpu", "nd_range": {"device_start": 1585626294.3770962, "device_end": 1585626294.3789308}, "cmdq": 0, "read": {"device_start": -1, "device_end": -1}}, "FFC_sans_bias49": {"write": {"device_start": -1, "host_queued_start": 1585626360.871046, "device_queued": -1, "device_end": -1, "host_queued_end": 1585626360.891695}, "device": "gpu", "nd_range": {"device_start": 1585626294.390126, "device_end": 1585626294.3916395}, "cmdq": 2, "read": {"device_start": -1, "device_end": -1}}, "softmax77": {"write": {"device_start": -1, "host_queued_start": 1585626360.875121, "device_queued": -1, "device_end": -1, "host_queued_end": 1585626360.891695}, "device": "gpu", "nd_range": {"device_start": 1585626294.3953884, "device_end": 1585626294.3955994}, "cmdq": 0, "read": {"device_start": -1, "device_end": -1}}, "FFC_sans_bias115": {"write": {"device_start": 1585626294.4037683, "host_queued_start": 1585626360.891578, "device_queued": 1585626294.3811982, "device_end": 1585626294.403792, "host_queued_end": 1585626360.891695}, "device": "gpu", "nd_range": {"device_start": 1585626294.4038079, "device_end": 1585626294.4055274}, "cmdq": 2, "read": {"device_start": 1585626294.4062274, "device_end": 1585626294.4062498}}, "FFC_sans_bias114": {"write": {"device_start": -1, "host_queued_start": 1585626360.879862, "device_queued": -1, "device_end": -1, "host_queued_end": 1585626360.891695}, "device": "gpu", "nd_range": {"device_start": 1585626294.4012172, "device_end": 1585626294.403135}, "cmdq": 3, "read": {"device_start": -1, "device_end": -1}}, "softmax5": {"write": {"device_start": -1, "host_queued_start": 1585626360.904612, "device_queued": -1, "device_end": -1, "host_queued_end": 1585626360.908152}, "device": "cpu", "nd_range": {"device_start": 2294135.1338524753, "device_end": 2294135.1340617132}, "cmdq": 2, "read": {"device_start": -1, "device_end": -1}}, "FFC_sans_bias110": {"write": {"device_start": 1585626294.388263, "host_queued_start": 1585626360.866296, "device_queued": 1585626294.3771682, "device_end": 1585626294.388295, "host_queued_end": 1585626360.891695}, "device": "gpu", "nd_range": {"device_start": 1585626294.388302, "device_end": 1585626294.3900278}, "cmdq": 3, "read": {"device_start": -1, "device_end": -1}}, "FFC_sans_bias112": {"write": {"device_start": -1, "host_queued_start": 1585626360.873312, "device_queued": -1, "device_end": -1, "host_queued_end": 1585626360.891695}, "device": "gpu", "nd_range": {"device_start": 1585626294.3930671, "device_end": 1585626294.3950262}, "cmdq": 1, "read": {"device_start": -1, "device_end": -1}}, "empty53": {"write": {"device_start": 1585626294.3731546, "host_queued_start": 1585626360.825389, "device_queued": 1585626294.3728786, "device_end": 1585626294.373216, "host_queued_end": 1585626360.891695}, "device": "gpu", "nd_range": {"device_start": 1585626294.3732204, "device_end": 1585626294.373234}, "cmdq": 3, "read": {"device_start": -1, "device_end": -1}}, "coalesced_transpose48": {"write": {"device_start": -1, "host_queued_start": 1585626360.86757, "device_queued": -1, "device_end": -1, "host_queued_end": 1585626360.891695}, "device": "gpu", "nd_range": {"device_start": 1585626294.3900352, "device_end": 1585626294.3900864}, "cmdq": 3, "read": {"device_start": -1, "device_end": -1}}}