{"FFC_sans_bias4": {"write": {"device_start": -1, "host_queued_start": 1585626533.809879, "device_queued": -1, "device_end": -1, "host_queued_end": 1585626533.819464}, "device": "cpu", "nd_range": {"device_start": 2294308.068681869, "device_end": 2294308.086689569}, "cmdq": 1, "read": {"device_start": -1, "device_end": -1}}, "FFC_sans_bias7": {"write": {"device_start": -1, "host_queued_start": 1585626533.815461, "device_queued": -1, "device_end": -1, "host_queued_end": 1585626533.819464}, "device": "cpu", "nd_range": {"device_start": 2294308.121844379, "device_end": 2294308.137016804}, "cmdq": 0, "read": {"device_start": -1, "device_end": -1}}, "FFC_sans_bias6": {"write": {"device_start": -1, "host_queued_start": 1585626533.813008, "device_queued": -1, "device_end": -1, "host_queued_end": 1585626533.819464}, "device": "cpu", "nd_range": {"device_start": 2294308.106028656, "device_end": 2294308.121296361}, "cmdq": 3, "read": {"device_start": -1, "device_end": -1}}, "FFC_sans_bias1": {"write": {"device_start": -1, "host_queued_start": 1585626533.792622, "device_queued": -1, "device_end": -1, "host_queued_end": 1585626533.819464}, "device": "cpu", "nd_range": {"device_start": 2294308.0090920813, "device_end": 2294308.025454074}, "cmdq": 2, "read": {"device_start": -1, "device_end": -1}}, "FFC_sans_bias0": {"write": {"device_start": -1, "host_queued_start": 1585626533.791457, "device_queued": -1, "device_end": -1, "host_queued_end": 1585626533.819464}, "device": "cpu", "nd_range": {"device_start": 2294308.009134824, "device_end": 2294308.024433821}, "cmdq": 1, "read": {"device_start": -1, "device_end": -1}}, "FFC_sans_bias2": {"write": {"device_start": -1, "host_queued_start": 1585626533.793847, "device_queued": -1, "device_end": -1, "host_queued_end": 1585626533.819464}, "device": "cpu", "nd_range": {"device_start": 2294308.0091093793, "device_end": 2294308.0248452}, "cmdq": 3, "read": {"device_start": -1, "device_end": -1}}, "FFC_sans_bias9": {"write": {"device_start": -1, "host_queued_start": 1585626533.795035, "device_queued": -1, "device_end": -1, "host_queued_end": 1585626533.819464}, "device": "cpu", "nd_range": {"device_start": 2294308.009323051, "device_end": 2294308.024651025}, "cmdq": 0, "read": {"device_start": -1, "device_end": -1}}, "empty71": {"write": {"device_start": 1585626467.2608752, "host_queued_start": 1585626533.736458, "device_queued": 1585626467.2606697, "device_end": 1585626467.2609463, "host_queued_end": 1585626533.784076}, "device": "gpu", "nd_range": {"device_start": 1585626467.2609534, "device_end": 1585626467.2609591}, "cmdq": 2, "read": {"device_start": -1, "device_end": -1}}, "softmax41": {"write": {"device_start": -1, "host_queued_start": 1585626533.81267, "device_queued": -1, "device_end": -1, "host_queued_end": 1585626533.819464}, "device": "cpu", "nd_range": {"device_start": 2294308.0987554314, "device_end": 2294308.098963764}, "cmdq": 2, "read": {"device_start": -1, "device_end": -1}}, "FFC_sans_bias37": {"write": {"device_start": -1, "host_queued_start": 1585626533.806435, "device_queued": -1, "device_end": -1, "host_queued_end": 1585626533.819464}, "device": "cpu", "nd_range": {"device_start": 2294308.0576376594, "device_end": 2294308.0707663572}, "cmdq": 2, "read": {"device_start": -1, "device_end": -1}}, "FFC_sans_bias36": {"write": {"device_start": -1, "host_queued_start": 1585626533.805072, "device_queued": -1, "device_end": -1, "host_queued_end": 1585626533.819464}, "device": "cpu", "nd_range": {"device_start": 2294308.055511218, "device_end": 2294308.0681982064}, "cmdq": 1, "read": {"device_start": -1, "device_end": -1}}, "FFC_sans_bias34": {"write": {"device_start": -1, "host_queued_start": 1585626533.818427, "device_queued": -1, "device_end": -1, "host_queued_end": 1585626533.819464}, "device": "cpu", "nd_range": {"device_start": 2294308.1365532624, "device_end": 2294308.151825827}, "cmdq": 3, "read": {"device_start": -1, "device_end": -1}}, "FFC_sans_bias33": {"write": {"device_start": -1, "host_queued_start": 1585626533.814043, "device_queued": -1, "device_end": -1, "host_queued_end": 1585626533.819464}, "device": "cpu", "nd_range": {"device_start": 2294308.106159883, "device_end": 2294308.121429585}, "cmdq": 2, "read": {"device_start": -1, "device_end": -1}}, "FFC_sans_bias31": {"write": {"device_start": -1, "host_queued_start": 1585626533.810939, "device_queued": -1, "device_end": -1, "host_queued_end": 1585626533.819464}, "device": "cpu", "nd_range": {"device_start": 2294308.088916432, "device_end": 2294308.105751511}, "cmdq": 0, "read": {"device_start": -1, "device_end": -1}}, "FFC_sans_bias38": {"write": {"device_start": -1, "host_queued_start": 1585626533.807632, "device_queued": -1, "device_end": -1, "host_queued_end": 1585626533.819464}, "device": "cpu", "nd_range": {"device_start": 2294308.0734231123, "device_end": 2294308.086689162}, "cmdq": 3, "read": {"device_start": -1, "device_end": -1}}, "coalesced_transpose75": {"write": {"device_start": -1, "host_queued_start": 1585626533.767154, "device_queued": -1, "device_end": -1, "host_queued_end": 1585626533.784076}, "device": "gpu", "nd_range": {"device_start": 1585626467.2728136, "device_end": 1585626467.2732017}, "cmdq": 0, "read": {"device_start": -1, "device_end": -1}}, "empty44": {"write": {"device_start": -1, "host_queued_start": 1585626533.790329, "device_queued": -1, "device_end": -1, "host_queued_end": 1585626533.819464}, "device": "cpu", "nd_range": {"device_start": 2294308.009094209, "device_end": 2294308.009095604}, "cmdq": 0, "read": {"device_start": -1, "device_end": -1}}, "empty8": {"write": {"device_start": -1, "host_queued_start": 1585626533.78584, "device_queued": -1, "device_end": -1, "host_queued_end": 1585626533.819464}, "device": "cpu", "nd_range": {"device_start": 2294308.009059595, "device_end": 2294308.009071952}, "cmdq": 0, "read": {"device_start": -1, "device_end": -1}}, "softmax50": {"write": {"device_start": -1, "host_queued_start": 1585626533.771248, "device_queued": -1, "device_end": -1, "host_queued_end": 1585626533.784076}, "device": "gpu", "nd_range": {"device_start": 1585626467.2748091, "device_end": 1585626467.2771003}, "cmdq": 3, "read": {"device_start": -1, "device_end": -1}}, "softmax59": {"write": {"device_start": -1, "host_queued_start": 1585626533.771498, "device_queued": -1, "device_end": -1, "host_queued_end": 1585626533.784076}, "device": "gpu", "nd_range": {"device_start": 1585626467.276226, "device_end": 1585626467.2774482}, "cmdq": 4, "read": {"device_start": -1, "device_end": -1}}, "FFC_sans_bias24": {"write": {"device_start": -1, "host_queued_start": 1585626533.813702, "device_queued": -1, "device_end": -1, "host_queued_end": 1585626533.819464}, "device": "cpu", "nd_range": {"device_start": 2294308.1214429773, "device_end": 2294308.138058519}, "cmdq": 1, "read": {"device_start": -1, "device_end": -1}}, "FFC_sans_bias25": {"write": {"device_start": -1, "host_queued_start": 1585626533.817437, "device_queued": -1, "device_end": -1, "host_queued_end": 1585626533.819464}, "device": "cpu", "nd_range": {"device_start": 2294308.151830053, "device_end": 2294308.158004234}, "cmdq": 2, "read": {"device_start": -1, "device_end": -1}}, "FFC_sans_bias27": {"write": {"device_start": -1, "host_queued_start": 1585626533.801619, "device_queued": -1, "device_end": -1, "host_queued_end": 1585626533.819464}, "device": "cpu", "nd_range": {"device_start": 2294308.041638475, "device_end": 2294308.057514531}, "cmdq": 2, "read": {"device_start": -1, "device_end": -1}}, "FFC_sans_bias20": {"write": {"device_start": -1, "host_queued_start": 1585626533.800554, "device_queued": -1, "device_end": -1, "host_queued_end": 1585626533.819464}, "device": "cpu", "nd_range": {"device_start": 2294308.040054703, "device_end": 2294308.055388404}, "cmdq": 1, "read": {"device_start": -1, "device_end": -1}}, "FFC_sans_bias22": {"write": {"device_start": -1, "host_queued_start": 1585626533.810562, "device_queued": -1, "device_end": -1, "host_queued_end": 1585626533.819464}, "device": "cpu", "nd_range": {"device_start": 2294308.0879301513, "device_end": 2294308.1057508383}, "cmdq": 3, "read": {"device_start": -1, "device_end": -1}}, "FFC_sans_bias28": {"write": {"device_start": -1, "host_queued_start": 1585626533.80272, "device_queued": -1, "device_end": -1, "host_queued_end": 1585626533.819464}, "device": "cpu", "nd_range": {"device_start": 2294308.0589668374, "device_end": 2294308.06613089}, "cmdq": 3, "read": {"device_start": -1, "device_end": -1}}, "FFC_sans_bias29": {"write": {"device_start": -1, "host_queued_start": 1585626533.803861, "device_queued": -1, "device_end": -1, "host_queued_end": 1585626533.819464}, "device": "cpu", "nd_range": {"device_start": 2294308.040265059, "device_end": 2294308.055639539}, "cmdq": 0, "read": {"device_start": -1, "device_end": -1}}, "coalesced_transpose66": {"write": {"device_start": -1, "host_queued_start": 1585626533.766854, "device_queued": -1, "device_end": -1, "host_queued_end": 1585626533.784076}, "device": "gpu", "nd_range": {"device_start": 1585626467.272335, "device_end": 1585626467.2731793}, "cmdq": 4, "read": {"device_start": -1, "device_end": -1}}, "coalesced_transpose93": {"write": {"device_start": -1, "host_queued_start": 1585626533.767759, "device_queued": -1, "device_end": -1, "host_queued_end": 1585626533.784076}, "device": "gpu", "nd_range": {"device_start": 1585626467.2731583, "device_end": 1585626467.273222}, "cmdq": 2, "read": {"device_start": -1, "device_end": -1}}, "softmax23": {"write": {"device_start": -1, "host_queued_start": 1585626533.812118, "device_queued": -1, "device_end": -1, "host_queued_end": 1585626533.819464}, "device": "cpu", "nd_range": {"device_start": 2294308.105775029, "device_end": 2294308.106314497}, "cmdq": 0, "read": {"device_start": -1, "device_end": -1}}, "empty62": {"write": {"device_start": 1585626467.2607481, "host_queued_start": 1585626533.735594, "device_queued": 1585626467.260645, "device_end": 1585626467.2608187, "host_queued_end": 1585626533.784076}, "device": "gpu", "nd_range": {"device_start": 1585626467.2608576, "device_end": 1585626467.2608638}, "cmdq": 1, "read": {"device_start": -1, "device_end": -1}}, "FFC_sans_bias10": {"write": {"device_start": -1, "host_queued_start": 1585626533.796182, "device_queued": -1, "device_end": -1, "host_queued_end": 1585626533.819464}, "device": "cpu", "nd_range": {"device_start": 2294308.024571456, "device_end": 2294308.039921061}, "cmdq": 1, "read": {"device_start": -1, "device_end": -1}}, "FFC_sans_bias13": {"write": {"device_start": -1, "host_queued_start": 1585626533.810223, "device_queued": -1, "device_end": -1, "host_queued_end": 1585626533.819464}, "device": "cpu", "nd_range": {"device_start": 2294308.0712707504, "device_end": 2294308.083327361}, "cmdq": 2, "read": {"device_start": -1, "device_end": -1}}, "FFC_sans_bias15": {"write": {"device_start": -1, "host_queued_start": 1585626533.813344, "device_queued": -1, "device_end": -1, "host_queued_end": 1585626533.819464}, "device": "cpu", "nd_range": {"device_start": 2294308.106422093, "device_end": 2294308.1218348644}, "cmdq": 0, "read": {"device_start": -1, "device_end": -1}}, "FFC_sans_bias16": {"write": {"device_start": -1, "host_queued_start": 1585626533.816451, "device_queued": -1, "device_end": -1, "host_queued_end": 1585626533.819464}, "device": "cpu", "nd_range": {"device_start": 2294308.138179374, "device_end": 2294308.154214917}, "cmdq": 1, "read": {"device_start": -1, "device_end": -1}}, "FFC_sans_bias19": {"write": {"device_start": -1, "host_queued_start": 1585626533.799481, "device_queued": -1, "device_end": -1, "host_queued_end": 1585626533.819464}, "device": "cpu", "nd_range": {"device_start": 2294308.024784755, "device_end": 2294308.040141214}, "cmdq": 0, "read": {"device_start": -1, "device_end": -1}}, "FFC_sans_bias18": {"write": {"device_start": -1, "host_queued_start": 1585626533.798312, "device_queued": -1, "device_end": -1, "host_queued_end": 1585626533.819464}, "device": "cpu", "nd_range": {"device_start": 2294308.028299481, "device_end": 2294308.051274976}, "cmdq": 3, "read": {"device_start": -1, "device_end": -1}}, "FFC_sans_bias99": {"write": {"device_start": 1585626467.2685418, "host_queued_start": 1585626533.760592, "device_queued": 1585626467.2632222, "device_end": 1585626467.2685688, "host_queued_end": 1585626533.784076}, "device": "gpu", "nd_range": {"device_start": 1585626467.2685773, "device_end": 1585626467.2709033}, "cmdq": 1, "read": {"device_start": -1, "device_end": -1}}, "FFC_sans_bias91": {"write": {"device_start": 1585626467.2676191, "host_queued_start": 1585626533.758502, "device_queued": 1585626467.2628374, "device_end": 1585626467.2676444, "host_queued_end": 1585626533.784076}, "device": "gpu", "nd_range": {"device_start": 1585626467.2676606, "device_end": 1585626467.269933}, "cmdq": 4, "read": {"device_start": -1, "device_end": -1}}, "FFC_sans_bias90": {"write": {"device_start": 1585626467.2671504, "host_queued_start": 1585626533.757467, "device_queued": 1585626467.2627997, "device_end": 1585626467.2671764, "host_queued_end": 1585626533.784076}, "device": "gpu", "nd_range": {"device_start": 1585626467.267191, "device_end": 1585626467.2694173}, "cmdq": 3, "read": {"device_start": -1, "device_end": -1}}, "coalesced_transpose12": {"write": {"device_start": -1, "host_queued_start": 1585626533.808343, "device_queued": -1, "device_end": -1, "host_queued_end": 1585626533.819464}, "device": "cpu", "nd_range": {"device_start": 2294308.068314915, "device_end": 2294308.0685699712}, "cmdq": 1, "read": {"device_start": -1, "device_end": -1}}, "FFC_sans_bias94": {"write": {"device_start": -1, "host_queued_start": 1585626533.770309, "device_queued": -1, "device_end": -1, "host_queued_end": 1585626533.784076}, "device": "gpu", "nd_range": {"device_start": 1585626467.273834, "device_end": 1585626467.275222}, "cmdq": 0, "read": {"device_start": -1, "device_end": -1}}, "FFC_sans_bias97": {"write": {"device_start": 1585626467.2826297, "host_queued_start": 1585626533.78188, "device_queued": 1585626467.2662518, "device_end": 1585626467.2826545, "host_queued_end": 1585626533.784076}, "device": "gpu", "nd_range": {"device_start": 1585626467.2826674, "device_end": 1585626467.2848094}, "cmdq": 4, "read": {"device_start": 1585626467.2848175, "device_end": 1585626467.28484}}, "FFC_sans_bias96": {"write": {"device_start": -1, "host_queued_start": 1585626533.774941, "device_queued": -1, "device_end": -1, "host_queued_end": 1585626533.784076}, "device": "gpu", "nd_range": {"device_start": 1585626467.2780566, "device_end": 1585626467.279987}, "cmdq": 1, "read": {"device_start": -1, "device_end": -1}}, "softmax32": {"write": {"device_start": -1, "host_queued_start": 1585626533.8124, "device_queued": -1, "device_end": -1, "host_queued_end": 1585626533.819464}, "device": "cpu", "nd_range": {"device_start": 2294308.105919509, "device_end": 2294308.106147611}, "cmdq": 1, "read": {"device_start": -1, "device_end": -1}}, "coalesced_transpose84": {"write": {"device_start": -1, "host_queued_start": 1585626533.767454, "device_queued": -1, "device_end": -1, "host_queued_end": 1585626533.784076}, "device": "gpu", "nd_range": {"device_start": 1585626467.2733073, "device_end": 1585626467.2741656}, "cmdq": 1, "read": {"device_start": -1, "device_end": -1}}, "empty98": {"write": {"device_start": 1585626467.261195, "host_queued_start": 1585626533.739042, "device_queued": 1585626467.2609246, "device_end": 1585626467.2612662, "host_queued_end": 1585626533.784076}, "device": "gpu", "nd_range": {"device_start": 1585626467.2612739, "device_end": 1585626467.2612832}, "cmdq": 0, "read": {"device_start": -1, "device_end": -1}}, "empty107": {"write": {"device_start": 1585626467.2613099, "host_queued_start": 1585626533.739855, "device_queued": 1585626467.260967, "device_end": 1585626467.2613914, "host_queued_end": 1585626533.784076}, "device": "gpu", "nd_range": {"device_start": 1585626467.2614012, "device_end": 1585626467.261425}, "cmdq": 1, "read": {"device_start": -1, "device_end": -1}}, "empty17": {"write": {"device_start": -1, "host_queued_start": 1585626533.787146, "device_queued": -1, "device_end": -1, "host_queued_end": 1585626533.819464}, "device": "cpu", "nd_range": {"device_start": 2294308.009110352, "device_end": 2294308.009115104}, "cmdq": 1, "read": {"device_start": -1, "device_end": -1}}, "FFC_sans_bias87": {"write": {"device_start": -1, "host_queued_start": 1585626533.774624, "device_queued": -1, "device_end": -1, "host_queued_end": 1585626533.784076}, "device": "gpu", "nd_range": {"device_start": 1585626467.2774725, "device_end": 1585626467.2784467}, "cmdq": 0, "read": {"device_start": -1, "device_end": -1}}, "FFC_sans_bias85": {"write": {"device_start": -1, "host_queued_start": 1585626533.769979, "device_queued": -1, "device_end": -1, "host_queued_end": 1585626533.784076}, "device": "gpu", "nd_range": {"device_start": 1585626467.2741969, "device_end": 1585626467.2762146}, "cmdq": 4, "read": {"device_start": -1, "device_end": -1}}, "FFC_sans_bias82": {"write": {"device_start": 1585626467.26617, "host_queued_start": 1585626533.755374, "device_queued": 1585626467.2626138, "device_end": 1585626467.2661953, "host_queued_end": 1585626533.784076}, "device": "gpu", "nd_range": {"device_start": 1585626467.266202, "device_end": 1585626467.2684367}, "cmdq": 1, "read": {"device_start": -1, "device_end": -1}}, "FFC_sans_bias83": {"write": {"device_start": 1585626467.2666564, "host_queued_start": 1585626533.756427, "device_queued": 1585626467.2626495, "device_end": 1585626467.2666824, "host_queued_end": 1585626533.784076}, "device": "gpu", "nd_range": {"device_start": 1585626467.266698, "device_end": 1585626467.2689567}, "cmdq": 2, "read": {"device_start": -1, "device_end": -1}}, "FFC_sans_bias81": {"write": {"device_start": 1585626467.2656584, "host_queued_start": 1585626533.754322, "device_queued": 1585626467.2625546, "device_end": 1585626467.2656898, "host_queued_end": 1585626533.784076}, "device": "gpu", "nd_range": {"device_start": 1585626467.265695, "device_end": 1585626467.2679741}, "cmdq": 0, "read": {"device_start": -1, "device_end": -1}}, "FFC_sans_bias88": {"write": {"device_start": 1585626467.2820342, "host_queued_start": 1585626533.780819, "device_queued": 1585626467.2660048, "device_end": 1585626467.2820652, "host_queued_end": 1585626533.784076}, "device": "gpu", "nd_range": {"device_start": 1585626467.2820833, "device_end": 1585626467.2843366}, "cmdq": 3, "read": {"device_start": 1585626467.2843502, "device_end": 1585626467.2843747}}, "coalesced_transpose30": {"write": {"device_start": -1, "host_queued_start": 1585626533.809099, "device_queued": -1, "device_end": -1, "host_queued_end": 1585626533.819464}, "device": "cpu", "nd_range": {"device_start": 2294308.086697344, "device_end": 2294308.087918668}, "cmdq": 3, "read": {"device_start": -1, "device_end": -1}}, "coalesced_transpose39": {"write": {"device_start": -1, "host_queued_start": 1585626533.809532, "device_queued": -1, "device_end": -1, "host_queued_end": 1585626533.819464}, "device": "cpu", "nd_range": {"device_start": 2294308.074062394, "device_end": 2294308.074303872}, "cmdq": 0, "read": {"device_start": -1, "device_end": -1}}, "FFC_sans_bias79": {"write": {"device_start": 1585626467.2810972, "host_queued_start": 1585626533.779763, "device_queued": 1585626467.2658925, "device_end": 1585626467.2811286, "host_queued_end": 1585626533.784076}, "device": "gpu", "nd_range": {"device_start": 1585626467.2811499, "device_end": 1585626467.2828486}, "cmdq": 2, "read": {"device_start": 1585626467.282855, "device_end": 1585626467.2828786}}, "FFC_sans_bias78": {"write": {"device_start": -1, "host_queued_start": 1585626533.774305, "device_queued": -1, "device_end": -1, "host_queued_end": 1585626533.784076}, "device": "gpu", "nd_range": {"device_start": 1585626467.278222, "device_end": 1585626467.2804394}, "cmdq": 4, "read": {"device_start": -1, "device_end": -1}}, "FFC_sans_bias73": {"write": {"device_start": 1585626467.264702, "host_queued_start": 1585626533.752178, "device_queued": 1585626467.2621574, "device_end": 1585626467.2647338, "host_queued_end": 1585626533.784076}, "device": "gpu", "nd_range": {"device_start": 1585626467.2647388, "device_end": 1585626467.267024}, "cmdq": 3, "read": {"device_start": -1, "device_end": -1}}, "FFC_sans_bias72": {"write": {"device_start": 1585626467.2642632, "host_queued_start": 1585626533.751135, "device_queued": 1585626467.2621415, "device_end": 1585626467.2642937, "host_queued_end": 1585626533.784076}, "device": "gpu", "nd_range": {"device_start": 1585626467.2643008, "device_end": 1585626467.2665498}, "cmdq": 2, "read": {"device_start": -1, "device_end": -1}}, "FFC_sans_bias70": {"write": {"device_start": 1585626467.2812655, "host_queued_start": 1585626533.778718, "device_queued": 1585626467.266049, "device_end": 1585626467.2812974, "host_queued_end": 1585626533.784076}, "device": "gpu", "nd_range": {"device_start": 1585626467.28132, "device_end": 1585626467.2833781}, "cmdq": 1, "read": {"device_start": 1585626467.283382, "device_end": 1585626467.2834053}}, "FFC_sans_bias76": {"write": {"device_start": -1, "host_queued_start": 1585626533.76966, "device_queued": -1, "device_end": -1, "host_queued_end": 1585626533.784076}, "device": "gpu", "nd_range": {"device_start": 1585626467.2733247, "device_end": 1585626467.2747972}, "cmdq": 3, "read": {"device_start": -1, "device_end": -1}}, "FFC_sans_bias74": {"write": {"device_start": 1585626467.2652678, "host_queued_start": 1585626533.753266, "device_queued": 1585626467.2621791, "device_end": 1585626467.2653003, "host_queued_end": 1585626533.784076}, "device": "gpu", "nd_range": {"device_start": 1585626467.265305, "device_end": 1585626467.267511}, "cmdq": 4, "read": {"device_start": -1, "device_end": -1}}, "coalesced_transpose102": {"write": {"device_start": -1, "host_queued_start": 1585626533.768061, "device_queued": -1, "device_end": -1, "host_queued_end": 1585626533.784076}, "device": "gpu", "nd_range": {"device_start": 1585626467.2731752, "device_end": 1585626467.2732391}, "cmdq": 3, "read": {"device_start": -1, "device_end": -1}}, "coalesced_transpose3": {"write": {"device_start": -1, "host_queued_start": 1585626533.808011, "device_queued": -1, "device_end": -1, "host_queued_end": 1585626533.819464}, "device": "cpu", "nd_range": {"device_start": 2294308.055759115, "device_end": 2294308.056018237}, "cmdq": 0, "read": {"device_start": -1, "device_end": -1}}, "empty89": {"write": {"device_start": 1585626467.261095, "host_queued_start": 1585626533.738153, "device_queued": 1585626467.260833, "device_end": 1585626467.2611601, "host_queued_end": 1585626533.784076}, "device": "gpu", "nd_range": {"device_start": 1585626467.2611647, "device_end": 1585626467.2611723}, "cmdq": 4, "read": {"device_start": -1, "device_end": -1}}, "empty80": {"write": {"device_start": 1585626467.2609863, "host_queued_start": 1585626533.737315, "device_queued": 1585626467.260687, "device_end": 1585626467.2610555, "host_queued_end": 1585626533.784076}, "device": "gpu", "nd_range": {"device_start": 1585626467.2610624, "device_end": 1585626467.2610679}, "cmdq": 3, "read": {"device_start": -1, "device_end": -1}}, "empty116": {"write": {"device_start": 1585626467.2613997, "host_queued_start": 1585626533.740664, "device_queued": 1585626467.2609873, "device_end": 1585626467.261446, "host_queued_end": 1585626533.784076}, "device": "gpu", "nd_range": {"device_start": 1585626467.261451, "device_end": 1585626467.2614574}, "cmdq": 2, "read": {"device_start": -1, "device_end": -1}}, "softmax104": {"write": {"device_start": -1, "host_queued_start": 1585626533.772752, "device_queued": -1, "device_end": -1, "host_queued_end": 1585626533.784076}, "device": "gpu", "nd_range": {"device_start": 1585626467.27746, "device_end": 1585626467.278211}, "cmdq": 4, "read": {"device_start": -1, "device_end": -1}}, "coalesced_transpose21": {"write": {"device_start": -1, "host_queued_start": 1585626533.808735, "device_queued": -1, "device_end": -1, "host_queued_end": 1585626533.819464}, "device": "cpu", "nd_range": {"device_start": 2294308.0708913533, "device_end": 2294308.071153629}, "cmdq": 2, "read": {"device_start": -1, "device_end": -1}}, "softmax14": {"write": {"device_start": -1, "host_queued_start": 1585626533.811842, "device_queued": -1, "device_end": -1, "host_queued_end": 1585626533.819464}, "device": "cpu", "nd_range": {"device_start": 2294308.105757532, "device_end": 2294308.106021341}, "cmdq": 3, "read": {"device_start": -1, "device_end": -1}}, "FFC_sans_bias69": {"write": {"device_start": -1, "host_queued_start": 1585626533.773987, "device_queued": -1, "device_end": -1, "host_queued_end": 1585626533.784076}, "device": "gpu", "nd_range": {"device_start": 1585626467.2774951, "device_end": 1585626467.2794394}, "cmdq": 3, "read": {"device_start": -1, "device_end": -1}}, "FFC_sans_bias92": {"write": {"device_start": 1585626467.2680807, "host_queued_start": 1585626533.759552, "device_queued": 1585626467.263035, "device_end": 1585626467.2681057, "host_queued_end": 1585626533.784076}, "device": "gpu", "nd_range": {"device_start": 1585626467.268121, "device_end": 1585626467.270387}, "cmdq": 0, "read": {"device_start": -1, "device_end": -1}}, "FFC_sans_bias60": {"write": {"device_start": -1, "host_queued_start": 1585626533.773669, "device_queued": -1, "device_end": -1, "host_queued_end": 1585626533.784076}, "device": "gpu", "nd_range": {"device_start": 1585626467.2774844, "device_end": 1585626467.2790432}, "cmdq": 2, "read": {"device_start": -1, "device_end": -1}}, "FFC_sans_bias61": {"write": {"device_start": 1585626467.2786043, "host_queued_start": 1585626533.777657, "device_queued": 1585626467.2658489, "device_end": 1585626467.2786355, "host_queued_end": 1585626533.784076}, "device": "gpu", "nd_range": {"device_start": 1585626467.2790701, "device_end": 1585626467.2814257}, "cmdq": 0, "read": {"device_start": 1585626467.281428, "device_end": 1585626467.2814534}}, "FFC_sans_bias63": {"write": {"device_start": 1585626467.263727, "host_queued_start": 1585626533.750063, "device_queued": 1585626467.262114, "device_end": 1585626467.2637582, "host_queued_end": 1585626533.784076}, "device": "gpu", "nd_range": {"device_start": 1585626467.2637618, "device_end": 1585626467.2660637}, "cmdq": 1, "read": {"device_start": -1, "device_end": -1}}, "FFC_sans_bias64": {"write": {"device_start": 1585626467.2627225, "host_queued_start": 1585626533.747966, "device_queued": 1585626467.261726, "device_end": 1585626467.2627482, "host_queued_end": 1585626533.784076}, "device": "gpu", "nd_range": {"device_start": 1585626467.2627594, "device_end": 1585626467.2651176}, "cmdq": 4, "read": {"device_start": -1, "device_end": -1}}, "FFC_sans_bias65": {"write": {"device_start": 1585626467.2633228, "host_queued_start": 1585626533.749024, "device_queued": 1585626467.261951, "device_end": 1585626467.2633533, "host_queued_end": 1585626533.784076}, "device": "gpu", "nd_range": {"device_start": 1585626467.2633564, "device_end": 1585626467.265565}, "cmdq": 0, "read": {"device_start": -1, "device_end": -1}}, "FFC_sans_bias67": {"write": {"device_start": -1, "host_queued_start": 1585626533.769328, "device_queued": -1, "device_end": -1, "host_queued_end": 1585626533.784076}, "device": "gpu", "nd_range": {"device_start": 1585626467.2732368, "device_end": 1585626467.274226}, "cmdq": 2, "read": {"device_start": -1, "device_end": -1}}, "coalesced_transpose111": {"write": {"device_start": -1, "host_queued_start": 1585626533.768365, "device_queued": -1, "device_end": -1, "host_queued_end": 1585626533.784076}, "device": "gpu", "nd_range": {"device_start": 1585626467.273198, "device_end": 1585626467.273244}, "cmdq": 4, "read": {"device_start": -1, "device_end": -1}}, "softmax68": {"write": {"device_start": -1, "host_queued_start": 1585626533.77175, "device_queued": -1, "device_end": -1, "host_queued_end": 1585626533.784076}, "device": "gpu", "nd_range": {"device_start": 1585626467.2752337, "device_end": 1585626467.2770848}, "cmdq": 0, "read": {"device_start": -1, "device_end": -1}}, "empty35": {"write": {"device_start": -1, "host_queued_start": 1585626533.789232, "device_queued": -1, "device_end": -1, "host_queued_end": 1585626533.819464}, "device": "cpu", "nd_range": {"device_start": 2294308.009102315, "device_end": 2294308.009103146}, "cmdq": 3, "read": {"device_start": -1, "device_end": -1}}, "softmax86": {"write": {"device_start": -1, "host_queued_start": 1585626533.772247, "device_queued": -1, "device_end": -1, "host_queued_end": 1585626533.784076}, "device": "gpu", "nd_range": {"device_start": 1585626467.2767148, "device_end": 1585626467.2774422}, "cmdq": 2, "read": {"device_start": -1, "device_end": -1}}, "FFC_sans_bias55": {"write": {"device_start": 1585626467.2622924, "host_queued_start": 1585626533.746915, "device_queued": 1585626467.261698, "device_end": 1585626467.262323, "host_queued_end": 1585626533.784076}, "device": "gpu", "nd_range": {"device_start": 1585626467.2623289, "device_end": 1585626467.2645702}, "cmdq": 3, "read": {"device_start": -1, "device_end": -1}}, "FFC_sans_bias54": {"write": {"device_start": 1585626467.2619066, "host_queued_start": 1585626533.74584, "device_queued": 1585626467.2615345, "device_end": 1585626467.2619317, "host_queued_end": 1585626533.784076}, "device": "gpu", "nd_range": {"device_start": 1585626467.2619371, "device_end": 1585626467.264151}, "cmdq": 2, "read": {"device_start": -1, "device_end": -1}}, "FFC_sans_bias56": {"write": {"device_start": 1585626467.2618196, "host_queued_start": 1585626533.744797, "device_queued": 1585626467.2615175, "device_end": 1585626467.2618973, "host_queued_end": 1585626533.784076}, "device": "gpu", "nd_range": {"device_start": 1585626467.2619016, "device_end": 1585626467.2635982}, "cmdq": 1, "read": {"device_start": -1, "device_end": -1}}, "FFC_sans_bias51": {"write": {"device_start": -1, "host_queued_start": 1585626533.77333, "device_queued": -1, "device_end": -1, "host_queued_end": 1585626533.784076}, "device": "gpu", "nd_range": {"device_start": 1585626467.2774396, "device_end": 1585626467.2780464}, "cmdq": 1, "read": {"device_start": -1, "device_end": -1}}, "FFC_sans_bias52": {"write": {"device_start": 1585626467.2805898, "host_queued_start": 1585626533.776597, "device_queued": 1585626467.2655475, "device_end": 1585626467.2806187, "host_queued_end": 1585626533.784076}, "device": "gpu", "nd_range": {"device_start": 1585626467.2806342, "device_end": 1585626467.2823975}, "cmdq": 4, "read": {"device_start": 1585626467.2824042, "device_end": 1585626467.2824316}}, "FFC_sans_bias58": {"write": {"device_start": -1, "host_queued_start": 1585626533.769011, "device_queued": -1, "device_end": -1, "host_queued_end": 1585626533.784076}, "device": "gpu", "nd_range": {"device_start": 1585626467.2741795, "device_end": 1585626467.2757618}, "cmdq": 1, "read": {"device_start": -1, "device_end": -1}}, "FFC_sans_bias108": {"write": {"device_start": 1585626467.2700443, "host_queued_start": 1585626533.763719, "device_queued": 1585626467.2632992, "device_end": 1585626467.2700708, "host_queued_end": 1585626533.784076}, "device": "gpu", "nd_range": {"device_start": 1585626467.2700868, "device_end": 1585626467.2723339}, "cmdq": 4, "read": {"device_start": -1, "device_end": -1}}, "FFC_sans_bias109": {"write": {"device_start": 1585626467.2705193, "host_queued_start": 1585626533.76486, "device_queued": 1585626467.263636, "device_end": 1585626467.2705445, "host_queued_end": 1585626533.784076}, "device": "gpu", "nd_range": {"device_start": 1585626467.2705514, "device_end": 1585626467.2728074}, "cmdq": 0, "read": {"device_start": -1, "device_end": -1}}, "FFC_sans_bias103": {"write": {"device_start": -1, "host_queued_start": 1585626533.770669, "device_queued": -1, "device_end": -1, "host_queued_end": 1585626533.784076}, "device": "gpu", "nd_range": {"device_start": 1585626467.2757738, "device_end": 1585626467.2772083}, "cmdq": 1, "read": {"device_start": -1, "device_end": -1}}, "FFC_sans_bias100": {"write": {"device_start": 1585626467.2690735, "host_queued_start": 1585626533.761627, "device_queued": 1585626467.263262, "device_end": 1585626467.2691064, "host_queued_end": 1585626533.784076}, "device": "gpu", "nd_range": {"device_start": 1585626467.2691128, "device_end": 1585626467.271341}, "cmdq": 2, "read": {"device_start": -1, "device_end": -1}}, "FFC_sans_bias101": {"write": {"device_start": 1585626467.2695243, "host_queued_start": 1585626533.762678, "device_queued": 1585626467.2632804, "device_end": 1585626467.26955, "host_queued_end": 1585626533.784076}, "device": "gpu", "nd_range": {"device_start": 1585626467.2695658, "device_end": 1585626467.2718532}, "cmdq": 3, "read": {"device_start": -1, "device_end": -1}}, "FFC_sans_bias106": {"write": {"device_start": 1585626467.281639, "host_queued_start": 1585626533.782932, "device_queued": 1585626467.2664745, "device_end": 1585626467.2816641, "host_queued_end": 1585626533.784076}, "device": "gpu", "nd_range": {"device_start": 1585626467.281687, "device_end": 1585626467.2838275}, "cmdq": 0, "read": {"device_start": 1585626467.2849479, "device_end": 1585626467.2849767}}, "FFC_sans_bias105": {"write": {"device_start": -1, "host_queued_start": 1585626533.775261, "device_queued": -1, "device_end": -1, "host_queued_end": 1585626533.784076}, "device": "gpu", "nd_range": {"device_start": 1585626467.2790542, "device_end": 1585626467.2809324}, "cmdq": 2, "read": {"device_start": -1, "device_end": -1}}, "softmax95": {"write": {"device_start": -1, "host_queued_start": 1585626533.772499, "device_queued": -1, "device_end": -1, "host_queued_end": 1585626533.784076}, "device": "gpu", "nd_range": {"device_start": 1585626467.2771125, "device_end": 1585626467.2773185}, "cmdq": 3, "read": {"device_start": -1, "device_end": -1}}, "coalesced_transpose57": {"write": {"device_start": -1, "host_queued_start": 1585626533.766541, "device_queued": -1, "device_end": -1, "host_queued_end": 1585626533.784076}, "device": "gpu", "nd_range": {"device_start": 1585626467.2718544, "device_end": 1585626467.273162}, "cmdq": 3, "read": {"device_start": -1, "device_end": -1}}, "empty26": {"write": {"device_start": -1, "host_queued_start": 1585626533.788203, "device_queued": -1, "device_end": -1, "host_queued_end": 1585626533.819464}, "device": "cpu", "nd_range": {"device_start": 2294308.0090649133, "device_end": 2294308.009071922}, "cmdq": 2, "read": {"device_start": -1, "device_end": -1}}, "softmax113": {"write": {"device_start": -1, "host_queued_start": 1585626533.773008, "device_queued": -1, "device_end": -1, "host_queued_end": 1585626533.784076}, "device": "gpu", "nd_range": {"device_start": 1585626467.2770965, "device_end": 1585626467.2773058}, "cmdq": 0, "read": {"device_start": -1, "device_end": -1}}, "FFC_sans_bias11": {"write": {"device_start": -1, "host_queued_start": 1585626533.797257, "device_queued": -1, "device_end": -1, "host_queued_end": 1585626533.819464}, "device": "cpu", "nd_range": {"device_start": 2294308.025464998, "device_end": 2294308.0415108833}, "cmdq": 2, "read": {"device_start": -1, "device_end": -1}}, "FFC_sans_bias42": {"write": {"device_start": -1, "host_queued_start": 1585626533.814386, "device_queued": -1, "device_end": -1, "host_queued_end": 1585626533.819464}, "device": "cpu", "nd_range": {"device_start": 2294308.121306409, "device_end": 2294308.1365452963}, "cmdq": 3, "read": {"device_start": -1, "device_end": -1}}, "FFC_sans_bias43": {"write": {"device_start": -1, "host_queued_start": 1585626533.81942, "device_queued": -1, "device_end": -1, "host_queued_end": 1585626533.819464}, "device": "cpu", "nd_range": {"device_start": 2294308.137087443, "device_end": 2294308.152240646}, "cmdq": 0, "read": {"device_start": -1, "device_end": -1}}, "FFC_sans_bias40": {"write": {"device_start": -1, "host_queued_start": 1585626533.811281, "device_queued": -1, "device_end": -1, "host_queued_end": 1585626533.819464}, "device": "cpu", "nd_range": {"device_start": 2294308.086712194, "device_end": 2294308.0939840972}, "cmdq": 1, "read": {"device_start": -1, "device_end": -1}}, "FFC_sans_bias46": {"write": {"device_start": 1585626467.2616093, "host_queued_start": 1585626533.742711, "device_queued": 1585626467.2611976, "device_end": 1585626467.2616847, "host_queued_end": 1585626533.784076}, "device": "gpu", "nd_range": {"device_start": 1585626467.261689, "device_end": 1585626467.2626069}, "cmdq": 4, "read": {"device_start": -1, "device_end": -1}}, "FFC_sans_bias47": {"write": {"device_start": 1585626467.2617114, "host_queued_start": 1585626533.743757, "device_queued": 1585626467.261458, "device_end": 1585626467.2617671, "host_queued_end": 1585626533.784076}, "device": "gpu", "nd_range": {"device_start": 1585626467.261772, "device_end": 1585626467.263186}, "cmdq": 0, "read": {"device_start": -1, "device_end": -1}}, "FFC_sans_bias45": {"write": {"device_start": 1585626467.261506, "host_queued_start": 1585626533.741641, "device_queued": 1585626467.2611744, "device_end": 1585626467.2615793, "host_queued_end": 1585626533.784076}, "device": "gpu", "nd_range": {"device_start": 1585626467.2615895, "device_end": 1585626467.2621982}, "cmdq": 3, "read": {"device_start": -1, "device_end": -1}}, "FFC_sans_bias49": {"write": {"device_start": -1, "host_queued_start": 1585626533.768688, "device_queued": -1, "device_end": -1, "host_queued_end": 1585626533.784076}, "device": "gpu", "nd_range": {"device_start": 1585626467.2732155, "device_end": 1585626467.2738216}, "cmdq": 0, "read": {"device_start": -1, "device_end": -1}}, "softmax77": {"write": {"device_start": -1, "host_queued_start": 1585626533.771995, "device_queued": -1, "device_end": -1, "host_queued_end": 1585626533.784076}, "device": "gpu", "nd_range": {"device_start": 1585626467.2772205, "device_end": 1585626467.2774284}, "cmdq": 1, "read": {"device_start": -1, "device_end": -1}}, "FFC_sans_bias115": {"write": {"device_start": 1585626467.283594, "host_queued_start": 1585626533.783978, "device_queued": 1585626467.2665346, "device_end": 1585626467.2836306, "host_queued_end": 1585626533.784076}, "device": "gpu", "nd_range": {"device_start": 1585626467.2836432, "device_end": 1585626467.2852259}, "cmdq": 1, "read": {"device_start": 1585626467.2852287, "device_end": 1585626467.2852519}}, "FFC_sans_bias114": {"write": {"device_start": -1, "host_queued_start": 1585626533.775573, "device_queued": -1, "device_end": -1, "host_queued_end": 1585626533.784076}, "device": "gpu", "nd_range": {"device_start": 1585626467.2794507, "device_end": 1585626467.2819054}, "cmdq": 3, "read": {"device_start": -1, "device_end": -1}}, "softmax5": {"write": {"device_start": -1, "host_queued_start": 1585626533.811569, "device_queued": -1, "device_end": -1, "host_queued_end": 1585626533.819464}, "device": "cpu", "nd_range": {"device_start": 2294308.0867079752, "device_end": 2294308.086935872}, "cmdq": 2, "read": {"device_start": -1, "device_end": -1}}, "FFC_sans_bias110": {"write": {"device_start": 1585626467.271033, "host_queued_start": 1585626533.765907, "device_queued": 1585626467.2637067, "device_end": 1585626467.2710605, "host_queued_end": 1585626533.784076}, "device": "gpu", "nd_range": {"device_start": 1585626467.2710683, "device_end": 1585626467.2733061}, "cmdq": 1, "read": {"device_start": -1, "device_end": -1}}, "FFC_sans_bias112": {"write": {"device_start": -1, "host_queued_start": 1585626533.770989, "device_queued": -1, "device_end": -1, "host_queued_end": 1585626533.784076}, "device": "gpu", "nd_range": {"device_start": 1585626467.274245, "device_end": 1585626467.2767036}, "cmdq": 2, "read": {"device_start": -1, "device_end": -1}}, "empty53": {"write": {"device_start": 1585626467.2605944, "host_queued_start": 1585626533.734409, "device_queued": 1585626467.2604673, "device_end": 1585626467.2606282, "host_queued_end": 1585626533.784076}, "device": "gpu", "nd_range": {"device_start": 1585626467.2606385, "device_end": 1585626467.2606432}, "cmdq": 0, "read": {"device_start": -1, "device_end": -1}}, "coalesced_transpose48": {"write": {"device_start": -1, "host_queued_start": 1585626533.766235, "device_queued": -1, "device_end": -1, "host_queued_end": 1585626533.784076}, "device": "gpu", "nd_range": {"device_start": 1585626467.2713428, "device_end": 1585626467.2731485}, "cmdq": 2, "read": {"device_start": -1, "device_end": -1}}}