{"FFC_sans_bias4": {"write": {"device_start": -1, "host_queued_start": 1585625923.208785, "device_queued": -1, "device_end": -1, "host_queued_end": 1585625923.222267}, "device": "cpu", "nd_range": {"device_start": 2293697.506046661, "device_end": 2293697.521314599}, "cmdq": 3, "read": {"device_start": -1, "device_end": -1}}, "FFC_sans_bias7": {"write": {"device_start": -1, "host_queued_start": 1585625923.216269, "device_queued": -1, "device_end": -1, "host_queued_end": 1585625923.222267}, "device": "cpu", "nd_range": {"device_start": 2293697.57804836, "device_end": 2293697.5901102233}, "cmdq": 0, "read": {"device_start": -1, "device_end": -1}}, "FFC_sans_bias6": {"write": {"device_start": -1, "host_queued_start": 1585625923.213155, "device_queued": -1, "device_end": -1, "host_queued_end": 1585625923.222267}, "device": "cpu", "nd_range": {"device_start": 2293697.541804736, "device_end": 2293697.570966797}, "cmdq": 1, "read": {"device_start": -1, "device_end": -1}}, "FFC_sans_bias1": {"write": {"device_start": -1, "host_queued_start": 1585625923.185151, "device_queued": -1, "device_end": -1, "host_queued_end": 1585625923.222267}, "device": "cpu", "nd_range": {"device_start": 2293697.416184449, "device_end": 2293697.440312105}, "cmdq": 0, "read": {"device_start": -1, "device_end": -1}}, "FFC_sans_bias0": {"write": {"device_start": -1, "host_queued_start": 1585625923.183989, "device_queued": -1, "device_end": -1, "host_queued_end": 1585625923.222267}, "device": "cpu", "nd_range": {"device_start": 2293697.4119514553, "device_end": 2293697.427446186}, "cmdq": 3, "read": {"device_start": -1, "device_end": -1}}, "FFC_sans_bias2": {"write": {"device_start": -1, "host_queued_start": 1585625923.186226, "device_queued": -1, "device_end": -1, "host_queued_end": 1585625923.222267}, "device": "cpu", "nd_range": {"device_start": 2293697.411975205, "device_end": 2293697.4285430834}, "cmdq": 1, "read": {"device_start": -1, "device_end": -1}}, "FFC_sans_bias9": {"write": {"device_start": -1, "host_queued_start": 1585625923.187289, "device_queued": -1, "device_end": -1, "host_queued_end": 1585625923.222267}, "device": "cpu", "nd_range": {"device_start": 2293697.411923434, "device_end": 2293697.4274261543}, "cmdq": 2, "read": {"device_start": -1, "device_end": -1}}, "empty71": {"write": {"device_start": 1585625856.6680613, "host_queued_start": 1585625923.138281, "device_queued": 1585625856.6679287, "device_end": 1585625856.6681075, "host_queued_end": 1585625923.175382}, "device": "gpu", "nd_range": {"device_start": 1585625856.6681132, "device_end": 1585625856.6681197}, "cmdq": 0, "read": {"device_start": -1, "device_end": -1}}, "softmax41": {"write": {"device_start": -1, "host_queued_start": 1585625923.212264, "device_queued": -1, "device_end": -1, "host_queued_end": 1585625923.222267}, "device": "cpu", "nd_range": {"device_start": 2293697.533458415, "device_end": 2293697.533665922}, "cmdq": 2, "read": {"device_start": -1, "device_end": -1}}, "FFC_sans_bias37": {"write": {"device_start": -1, "host_queued_start": 1585625923.198549, "device_queued": -1, "device_end": -1, "host_queued_end": 1585625923.222267}, "device": "cpu", "nd_range": {"device_start": 2293697.482915486, "device_end": 2293697.4943779823}, "cmdq": 0, "read": {"device_start": -1, "device_end": -1}}, "FFC_sans_bias36": {"write": {"device_start": -1, "host_queued_start": 1585625923.197492, "device_queued": -1, "device_end": -1, "host_queued_end": 1585625923.222267}, "device": "cpu", "nd_range": {"device_start": 2293697.4581247154, "device_end": 2293697.473347575}, "cmdq": 3, "read": {"device_start": -1, "device_end": -1}}, "FFC_sans_bias34": {"write": {"device_start": -1, "host_queued_start": 1585625923.219251, "device_queued": -1, "device_end": -1, "host_queued_end": 1585625923.222267}, "device": "cpu", "nd_range": {"device_start": 2293697.569242617, "device_end": 2293697.578316248}, "cmdq": 3, "read": {"device_start": -1, "device_end": -1}}, "FFC_sans_bias33": {"write": {"device_start": -1, "host_queued_start": 1585625923.214177, "device_queued": -1, "device_end": -1, "host_queued_end": 1585625923.222267}, "device": "cpu", "nd_range": {"device_start": 2293697.5460552173, "device_end": 2293697.5613421584}, "cmdq": 0, "read": {"device_start": -1, "device_end": -1}}, "FFC_sans_bias31": {"write": {"device_start": -1, "host_queued_start": 1585625923.209842, "device_queued": -1, "device_end": -1, "host_queued_end": 1585625923.222267}, "device": "cpu", "nd_range": {"device_start": 2293697.506044309, "device_end": 2293697.521353906}, "cmdq": 2, "read": {"device_start": -1, "device_end": -1}}, "FFC_sans_bias38": {"write": {"device_start": -1, "host_queued_start": 1585625923.19964, "device_queued": -1, "device_end": -1, "host_queued_end": 1585625923.222267}, "device": "cpu", "nd_range": {"device_start": 2293697.460687307, "device_end": 2293697.4849839793}, "cmdq": 1, "read": {"device_start": -1, "device_end": -1}}, "coalesced_transpose75": {"write": {"device_start": -1, "host_queued_start": 1585625923.162328, "device_queued": -1, "device_end": -1, "host_queued_end": 1585625923.175382}, "device": "gpu", "nd_range": {"device_start": 1585625856.6775246, "device_end": 1585625856.6778753}, "cmdq": 1, "read": {"device_start": -1, "device_end": -1}}, "empty44": {"write": {"device_start": -1, "host_queued_start": 1585625923.181043, "device_queued": -1, "device_end": -1, "host_queued_end": 1585625923.222267}, "device": "cpu", "nd_range": {"device_start": 2293697.411945647, "device_end": 2293697.4119467773}, "cmdq": 0, "read": {"device_start": -1, "device_end": -1}}, "empty8": {"write": {"device_start": -1, "host_queued_start": 1585625923.176986, "device_queued": -1, "device_end": -1, "host_queued_end": 1585625923.222267}, "device": "cpu", "nd_range": {"device_start": 2293697.4119188283, "device_end": 2293697.411923196}, "cmdq": 0, "read": {"device_start": -1, "device_end": -1}}, "softmax50": {"write": {"device_start": -1, "host_queued_start": 1585625923.212543, "device_queued": -1, "device_end": -1, "host_queued_end": 1585625923.222267}, "device": "cpu", "nd_range": {"device_start": 2293697.537273479, "device_end": 2293697.537479829}, "cmdq": 3, "read": {"device_start": -1, "device_end": -1}}, "softmax59": {"write": {"device_start": -1, "host_queued_start": 1585625923.212817, "device_queued": -1, "device_end": -1, "host_queued_end": 1585625923.222267}, "device": "cpu", "nd_range": {"device_start": 2293697.545009613, "device_end": 2293697.546044973}, "cmdq": 0, "read": {"device_start": -1, "device_end": -1}}, "FFC_sans_bias24": {"write": {"device_start": -1, "host_queued_start": 1585625923.213836, "device_queued": -1, "device_end": -1, "host_queued_end": 1585625923.222267}, "device": "cpu", "nd_range": {"device_start": 2293697.537486345, "device_end": 2293697.5569968023}, "cmdq": 3, "read": {"device_start": -1, "device_end": -1}}, "FFC_sans_bias25": {"write": {"device_start": -1, "host_queued_start": 1585625923.218259, "device_queued": -1, "device_end": -1, "host_queued_end": 1585625923.222267}, "device": "cpu", "nd_range": {"device_start": 2293697.557657196, "device_end": 2293697.569787677}, "cmdq": 2, "read": {"device_start": -1, "device_end": -1}}, "FFC_sans_bias27": {"write": {"device_start": -1, "host_queued_start": 1585625923.194195, "device_queued": -1, "device_end": -1, "host_queued_end": 1585625923.222267}, "device": "cpu", "nd_range": {"device_start": 2293697.467483017, "device_end": 2293697.482789011}, "cmdq": 0, "read": {"device_start": -1, "device_end": -1}}, "FFC_sans_bias20": {"write": {"device_start": -1, "host_queued_start": 1585625923.192915, "device_queued": -1, "device_end": -1, "host_queued_end": 1585625923.222267}, "device": "cpu", "nd_range": {"device_start": 2293697.442855331, "device_end": 2293697.458115342}, "cmdq": 3, "read": {"device_start": -1, "device_end": -1}}, "FFC_sans_bias22": {"write": {"device_start": -1, "host_queued_start": 1585625923.209485, "device_queued": -1, "device_end": -1, "host_queued_end": 1585625923.222267}, "device": "cpu", "nd_range": {"device_start": 2293697.50680988, "device_end": 2293697.5275982353}, "cmdq": 1, "read": {"device_start": -1, "device_end": -1}}, "FFC_sans_bias28": {"write": {"device_start": -1, "host_queued_start": 1585625923.195336, "device_queued": -1, "device_end": -1, "host_queued_end": 1585625923.222267}, "device": "cpu", "nd_range": {"device_start": 2293697.444881392, "device_end": 2293697.460567687}, "cmdq": 1, "read": {"device_start": -1, "device_end": -1}}, "FFC_sans_bias29": {"write": {"device_start": -1, "host_queued_start": 1585625923.196432, "device_queued": -1, "device_end": -1, "host_queued_end": 1585625923.222267}, "device": "cpu", "nd_range": {"device_start": 2293697.442953463, "device_end": 2293697.458197277}, "cmdq": 2, "read": {"device_start": -1, "device_end": -1}}, "coalesced_transpose66": {"write": {"device_start": -1, "host_queued_start": 1585625923.162021, "device_queued": -1, "device_end": -1, "host_queued_end": 1585625923.175382}, "device": "gpu", "nd_range": {"device_start": 1585625856.6770594, "device_end": 1585625856.6773682}, "cmdq": 0, "read": {"device_start": -1, "device_end": -1}}, "coalesced_transpose93": {"write": {"device_start": -1, "host_queued_start": 1585625923.162934, "device_queued": -1, "device_end": -1, "host_queued_end": 1585625923.175382}, "device": "gpu", "nd_range": {"device_start": 1585625856.6778815, "device_end": 1585625856.6779027}, "cmdq": 1, "read": {"device_start": -1, "device_end": -1}}, "softmax23": {"write": {"device_start": -1, "host_queued_start": 1585625923.211716, "device_queued": -1, "device_end": -1, "host_queued_end": 1585625923.222267}, "device": "cpu", "nd_range": {"device_start": 2293697.536102268, "device_end": 2293697.5363170994}, "cmdq": 0, "read": {"device_start": -1, "device_end": -1}}, "empty62": {"write": {"device_start": -1, "host_queued_start": 1585625923.1829, "device_queued": -1, "device_end": -1, "host_queued_end": 1585625923.222267}, "device": "cpu", "nd_range": {"device_start": 2293697.411916131, "device_end": 2293697.411916986}, "cmdq": 2, "read": {"device_start": -1, "device_end": -1}}, "FFC_sans_bias10": {"write": {"device_start": -1, "host_queued_start": 1585625923.188326, "device_queued": -1, "device_end": -1, "host_queued_end": 1585625923.222267}, "device": "cpu", "nd_range": {"device_start": 2293697.4274634733, "device_end": 2293697.442718932}, "cmdq": 3, "read": {"device_start": -1, "device_end": -1}}, "FFC_sans_bias13": {"write": {"device_start": -1, "host_queued_start": 1585625923.209128, "device_queued": -1, "device_end": -1, "host_queued_end": 1585625923.222267}, "device": "cpu", "nd_range": {"device_start": 2293697.506227912, "device_end": 2293697.5215542912}, "cmdq": 0, "read": {"device_start": -1, "device_end": -1}}, "FFC_sans_bias15": {"write": {"device_start": -1, "host_queued_start": 1585625923.213494, "device_queued": -1, "device_end": -1, "host_queued_end": 1585625923.222267}, "device": "cpu", "nd_range": {"device_start": 2293697.533771118, "device_end": 2293697.5477564894}, "cmdq": 2, "read": {"device_start": -1, "device_end": -1}}, "FFC_sans_bias16": {"write": {"device_start": -1, "host_queued_start": 1585625923.21727, "device_queued": -1, "device_end": -1, "host_queued_end": 1585625923.222267}, "device": "cpu", "nd_range": {"device_start": 2293697.583730941, "device_end": 2293697.592050249}, "cmdq": 1, "read": {"device_start": -1, "device_end": -1}}, "FFC_sans_bias19": {"write": {"device_start": -1, "host_queued_start": 1585625923.19149, "device_queued": -1, "device_end": -1, "host_queued_end": 1585625923.222267}, "device": "cpu", "nd_range": {"device_start": 2293697.4276751634, "device_end": 2293697.4429434733}, "cmdq": 2, "read": {"device_start": -1, "device_end": -1}}, "FFC_sans_bias18": {"write": {"device_start": -1, "host_queued_start": 1585625923.190435, "device_queued": -1, "device_end": -1, "host_queued_end": 1585625923.222267}, "device": "cpu", "nd_range": {"device_start": 2293697.4286684673, "device_end": 2293697.4447689843}, "cmdq": 1, "read": {"device_start": -1, "device_end": -1}}, "FFC_sans_bias99": {"write": {"device_start": 1585625856.6742647, "host_queued_start": 1585625923.156424, "device_queued": 1585625856.6697643, "device_end": 1585625856.674291, "host_queued_end": 1585625923.175382}, "device": "gpu", "nd_range": {"device_start": 1585625856.674295, "device_end": 1585625856.6751227}, "cmdq": 0, "read": {"device_start": -1, "device_end": -1}}, "FFC_sans_bias91": {"write": {"device_start": 1585625856.6733062, "host_queued_start": 1585625923.154291, "device_queued": 1585625856.6695793, "device_end": 1585625856.6733317, "host_queued_end": 1585625923.175382}, "device": "gpu", "nd_range": {"device_start": 1585625856.6733363, "device_end": 1585625856.674154}, "cmdq": 0, "read": {"device_start": -1, "device_end": -1}}, "FFC_sans_bias90": {"write": {"device_start": 1585625856.6728063, "host_queued_start": 1585625923.15325, "device_queued": 1585625856.6695251, "device_end": 1585625856.6728337, "host_queued_end": 1585625923.175382}, "device": "gpu", "nd_range": {"device_start": 1585625856.67284, "device_end": 1585625856.673688}, "cmdq": 1, "read": {"device_start": -1, "device_end": -1}}, "coalesced_transpose12": {"write": {"device_start": -1, "host_queued_start": 1585625923.206783, "device_queued": -1, "device_end": -1, "host_queued_end": 1585625923.222267}, "device": "cpu", "nd_range": {"device_start": 2293697.505906132, "device_end": 2293697.5060190023}, "cmdq": 1, "read": {"device_start": -1, "device_end": -1}}, "FFC_sans_bias94": {"write": {"device_start": -1, "host_queued_start": 1585625923.164931, "device_queued": -1, "device_end": -1, "host_queued_end": 1585625923.175382}, "device": "gpu", "nd_range": {"device_start": 1585625856.6785383, "device_end": 1585625856.679522}, "cmdq": 1, "read": {"device_start": -1, "device_end": -1}}, "FFC_sans_bias97": {"write": {"device_start": 1585625856.6851692, "host_queued_start": 1585625923.173174, "device_queued": 1585625856.671967, "device_end": 1585625856.685201, "host_queued_end": 1585625923.175382}, "device": "gpu", "nd_range": {"device_start": 1585625856.6852033, "device_end": 1585625856.6859016}, "cmdq": 1, "read": {"device_start": 1585625856.6859062, "device_end": 1585625856.68593}}, "FFC_sans_bias96": {"write": {"device_start": -1, "host_queued_start": 1585625923.168323, "device_queued": -1, "device_end": -1, "host_queued_end": 1585625923.175382}, "device": "gpu", "nd_range": {"device_start": 1585625856.6819606, "device_end": 1585625856.6829448}, "cmdq": 1, "read": {"device_start": -1, "device_end": -1}}, "softmax32": {"write": {"device_start": -1, "host_queued_start": 1585625923.211989, "device_queued": -1, "device_end": -1, "host_queued_end": 1585625923.222267}, "device": "cpu", "nd_range": {"device_start": 2293697.541580387, "device_end": 2293697.541799089}, "cmdq": 1, "read": {"device_start": -1, "device_end": -1}}, "coalesced_transpose84": {"write": {"device_start": -1, "host_queued_start": 1585625923.162634, "device_queued": -1, "device_end": -1, "host_queued_end": 1585625923.175382}, "device": "gpu", "nd_range": {"device_start": 1585625856.6773725, "device_end": 1585625856.6774096}, "cmdq": 0, "read": {"device_start": -1, "device_end": -1}}, "empty98": {"write": {"device_start": 1585625856.6683667, "host_queued_start": 1585625923.141089, "device_queued": 1585625856.6681473, "device_end": 1585625856.6684415, "host_queued_end": 1585625923.175382}, "device": "gpu", "nd_range": {"device_start": 1585625856.6684463, "device_end": 1585625856.668453}, "cmdq": 1, "read": {"device_start": -1, "device_end": -1}}, "empty107": {"write": {"device_start": 1585625856.6684742, "host_queued_start": 1585625923.141899, "device_queued": 1585625856.6683617, "device_end": 1585625856.6685474, "host_queued_end": 1585625923.175382}, "device": "gpu", "nd_range": {"device_start": 1585625856.668558, "device_end": 1585625856.668569}, "cmdq": 0, "read": {"device_start": -1, "device_end": -1}}, "empty17": {"write": {"device_start": -1, "host_queued_start": 1585625923.178143, "device_queued": -1, "device_end": -1, "host_queued_end": 1585625923.222267}, "device": "cpu", "nd_range": {"device_start": 2293697.411883533, "device_end": 2293697.411895599}, "cmdq": 1, "read": {"device_start": -1, "device_end": -1}}, "FFC_sans_bias87": {"write": {"device_start": -1, "host_queued_start": 1585625923.168009, "device_queued": -1, "device_end": -1, "host_queued_end": 1585625923.175382}, "device": "gpu", "nd_range": {"device_start": 1585625856.681563, "device_end": 1585625856.6825273}, "cmdq": 0, "read": {"device_start": -1, "device_end": -1}}, "FFC_sans_bias85": {"write": {"device_start": -1, "host_queued_start": 1585625923.164477, "device_queued": -1, "device_end": -1, "host_queued_end": 1585625923.175382}, "device": "gpu", "nd_range": {"device_start": 1585625856.678043, "device_end": 1585625856.6790128}, "cmdq": 0, "read": {"device_start": -1, "device_end": -1}}, "FFC_sans_bias82": {"write": {"device_start": 1585625856.6718168, "host_queued_start": 1585625923.151158, "device_queued": 1585625856.6692448, "device_end": 1585625856.6718428, "host_queued_end": 1585625923.175382}, "device": "gpu", "nd_range": {"device_start": 1585625856.6718488, "device_end": 1585625856.6726964}, "cmdq": 1, "read": {"device_start": -1, "device_end": -1}}, "FFC_sans_bias83": {"write": {"device_start": 1585625856.6723595, "host_queued_start": 1585625923.152202, "device_queued": 1585625856.6692977, "device_end": 1585625856.6723862, "host_queued_end": 1585625923.175382}, "device": "gpu", "nd_range": {"device_start": 1585625856.6723907, "device_end": 1585625856.6731946}, "cmdq": 0, "read": {"device_start": -1, "device_end": -1}}, "FFC_sans_bias81": {"write": {"device_start": 1585625856.6714067, "host_queued_start": 1585625923.150076, "device_queued": 1585625856.669099, "device_end": 1585625856.6714327, "host_queued_end": 1585625923.175382}, "device": "gpu", "nd_range": {"device_start": 1585625856.6714377, "device_end": 1585625856.6722403}, "cmdq": 0, "read": {"device_start": -1, "device_end": -1}}, "FFC_sans_bias88": {"write": {"device_start": 1585625856.6847203, "host_queued_start": 1585625923.172121, "device_queued": 1585625856.671786, "device_end": 1585625856.6847513, "host_queued_end": 1585625923.175382}, "device": "gpu", "nd_range": {"device_start": 1585625856.6847534, "device_end": 1585625856.6853764}, "cmdq": 0, "read": {"device_start": 1585625856.6853843, "device_end": 1585625856.685409}}, "coalesced_transpose30": {"write": {"device_start": -1, "host_queued_start": 1585625923.207448, "device_queued": -1, "device_end": -1, "host_queued_end": 1585625923.222267}, "device": "cpu", "nd_range": {"device_start": 2293697.5057068053, "device_end": 2293697.50591108}, "cmdq": 3, "read": {"device_start": -1, "device_end": -1}}, "coalesced_transpose39": {"write": {"device_start": -1, "host_queued_start": 1585625923.207776, "device_queued": -1, "device_end": -1, "host_queued_end": 1585625923.222267}, "device": "cpu", "nd_range": {"device_start": 2293697.5028593224, "device_end": 2293697.5030979533}, "cmdq": 0, "read": {"device_start": -1, "device_end": -1}}, "FFC_sans_bias79": {"write": {"device_start": 1585625856.6840918, "host_queued_start": 1585625923.171078, "device_queued": 1585625856.6716943, "device_end": 1585625856.6841228, "host_queued_end": 1585625923.175382}, "device": "gpu", "nd_range": {"device_start": 1585625856.6841261, "device_end": 1585625856.6849217}, "cmdq": 1, "read": {"device_start": 1585625856.6849246, "device_end": 1585625856.6849504}}, "FFC_sans_bias78": {"write": {"device_start": -1, "host_queued_start": 1585625923.167687, "device_queued": -1, "device_end": -1, "host_queued_end": 1585625923.175382}, "device": "gpu", "nd_range": {"device_start": 1585625856.6811495, "device_end": 1585625856.681959}, "cmdq": 1, "read": {"device_start": -1, "device_end": -1}}, "FFC_sans_bias73": {"write": {"device_start": 1585625856.6704493, "host_queued_start": 1585625923.147991, "device_queued": 1585625856.6689107, "device_end": 1585625856.6704757, "host_queued_end": 1585625923.175382}, "device": "gpu", "nd_range": {"device_start": 1585625856.670478, "device_end": 1585625856.6712823}, "cmdq": 0, "read": {"device_start": -1, "device_end": -1}}, "FFC_sans_bias72": {"write": {"device_start": 1585625856.669818, "host_queued_start": 1585625923.146953, "device_queued": 1585625856.6688676, "device_end": 1585625856.6698492, "host_queued_end": 1585625923.175382}, "device": "gpu", "nd_range": {"device_start": 1585625856.669853, "device_end": 1585625856.670726}, "cmdq": 1, "read": {"device_start": -1, "device_end": -1}}, "FFC_sans_bias70": {"write": {"device_start": 1585625856.6836722, "host_queued_start": 1585625923.169994, "device_queued": 1585625856.6715648, "device_end": 1585625856.6836994, "host_queued_end": 1585625923.175382}, "device": "gpu", "nd_range": {"device_start": 1585625856.683704, "device_end": 1585625856.6844447}, "cmdq": 0, "read": {"device_start": 1585625856.6844516, "device_end": 1585625856.6844788}}, "FFC_sans_bias76": {"write": {"device_start": -1, "host_queued_start": 1585625923.164161, "device_queued": -1, "device_end": -1, "host_queued_end": 1585625923.175382}, "device": "gpu", "nd_range": {"device_start": 1585625856.677932, "device_end": 1585625856.678537}, "cmdq": 1, "read": {"device_start": -1, "device_end": -1}}, "FFC_sans_bias74": {"write": {"device_start": 1585625856.670846, "host_queued_start": 1585625923.149035, "device_queued": 1585625856.669055, "device_end": 1585625856.6708724, "host_queued_end": 1585625923.175382}, "device": "gpu", "nd_range": {"device_start": 1585625856.670878, "device_end": 1585625856.6717105}, "cmdq": 1, "read": {"device_start": -1, "device_end": -1}}, "coalesced_transpose102": {"write": {"device_start": -1, "host_queued_start": 1585625923.163232, "device_queued": -1, "device_end": -1, "host_queued_end": 1585625923.175382}, "device": "gpu", "nd_range": {"device_start": 1585625856.6774175, "device_end": 1585625856.6774354}, "cmdq": 0, "read": {"device_start": -1, "device_end": -1}}, "coalesced_transpose3": {"write": {"device_start": -1, "host_queued_start": 1585625923.206443, "device_queued": -1, "device_end": -1, "host_queued_end": 1585625923.222267}, "device": "cpu", "nd_range": {"device_start": 2293697.502490901, "device_end": 2293697.502743497}, "cmdq": 0, "read": {"device_start": -1, "device_end": -1}}, "empty89": {"write": {"device_start": 1585625856.6682754, "host_queued_start": 1585625923.140273, "device_queued": 1585625856.6681092, "device_end": 1585625856.6683478, "host_queued_end": 1585625923.175382}, "device": "gpu", "nd_range": {"device_start": 1585625856.6683583, "device_end": 1585625856.6683645}, "cmdq": 0, "read": {"device_start": -1, "device_end": -1}}, "empty80": {"write": {"device_start": 1585625856.6681716, "host_queued_start": 1585625923.139424, "device_queued": 1585625856.6680503, "device_end": 1585625856.6682477, "host_queued_end": 1585625923.175382}, "device": "gpu", "nd_range": {"device_start": 1585625856.6682513, "device_end": 1585625856.6682563}, "cmdq": 1, "read": {"device_start": -1, "device_end": -1}}, "empty116": {"write": {"device_start": 1585625856.6685827, "host_queued_start": 1585625923.142785, "device_queued": 1585625856.6684294, "device_end": 1585625856.6686463, "host_queued_end": 1585625923.175382}, "device": "gpu", "nd_range": {"device_start": 1585625856.668651, "device_end": 1585625856.6686559}, "cmdq": 1, "read": {"device_start": -1, "device_end": -1}}, "softmax104": {"write": {"device_start": -1, "host_queued_start": 1585625923.166808, "device_queued": -1, "device_end": -1, "host_queued_end": 1585625923.175382}, "device": "gpu", "nd_range": {"device_start": 1585625856.680753, "device_end": 1585625856.680952}, "cmdq": 0, "read": {"device_start": -1, "device_end": -1}}, "coalesced_transpose21": {"write": {"device_start": -1, "host_queued_start": 1585625923.207118, "device_queued": -1, "device_end": -1, "host_queued_end": 1585625923.222267}, "device": "cpu", "nd_range": {"device_start": 2293697.488958973, "device_end": 2293697.489224531}, "cmdq": 2, "read": {"device_start": -1, "device_end": -1}}, "softmax14": {"write": {"device_start": -1, "host_queued_start": 1585625923.211443, "device_queued": -1, "device_end": -1, "host_queued_end": 1585625923.222267}, "device": "cpu", "nd_range": {"device_start": 2293697.5331374044, "device_end": 2293697.5333511992}, "cmdq": 3, "read": {"device_start": -1, "device_end": -1}}, "FFC_sans_bias69": {"write": {"device_start": -1, "host_queued_start": 1585625923.167363, "device_queued": -1, "device_end": -1, "host_queued_end": 1585625923.175382}, "device": "gpu", "nd_range": {"device_start": 1585625856.6809535, "device_end": 1585625856.6815612}, "cmdq": 0, "read": {"device_start": -1, "device_end": -1}}, "FFC_sans_bias92": {"write": {"device_start": 1585625856.6738038, "host_queued_start": 1585625923.155358, "device_queued": 1585625856.6697052, "device_end": 1585625856.673831, "host_queued_end": 1585625923.175382}, "device": "gpu", "nd_range": {"device_start": 1585625856.673835, "device_end": 1585625856.6746514}, "cmdq": 1, "read": {"device_start": -1, "device_end": -1}}, "FFC_sans_bias60": {"write": {"device_start": -1, "host_queued_start": 1585625923.215207, "device_queued": -1, "device_end": -1, "host_queued_end": 1585625923.222267}, "device": "cpu", "nd_range": {"device_start": 2293697.557007693, "device_end": 2293697.56923511}, "cmdq": 3, "read": {"device_start": -1, "device_end": -1}}, "FFC_sans_bias61": {"write": {"device_start": -1, "host_queued_start": 1585625923.222223, "device_queued": -1, "device_end": -1, "host_queued_end": 1585625923.222267}, "device": "cpu", "nd_range": {"device_start": 2293697.569793921, "device_end": 2293697.5828200732}, "cmdq": 2, "read": {"device_start": -1, "device_end": -1}}, "FFC_sans_bias63": {"write": {"device_start": 1585625856.6694725, "host_queued_start": 1585625923.145868, "device_queued": 1585625856.6687284, "device_end": 1585625856.669504, "host_queued_end": 1585625923.175382}, "device": "gpu", "nd_range": {"device_start": 1585625856.6695065, "device_end": 1585625856.6703115}, "cmdq": 0, "read": {"device_start": -1, "device_end": -1}}, "FFC_sans_bias64": {"write": {"device_start": 1585625856.668671, "host_queued_start": 1585625923.143764, "device_queued": 1585625856.668469, "device_end": 1585625856.6687226, "host_queued_end": 1585625923.175382}, "device": "gpu", "nd_range": {"device_start": 1585625856.668727, "device_end": 1585625856.6693316}, "cmdq": 0, "read": {"device_start": -1, "device_end": -1}}, "FFC_sans_bias65": {"write": {"device_start": 1585625856.6687753, "host_queued_start": 1585625923.144824, "device_queued": 1585625856.6686766, "device_end": 1585625856.668801, "host_queued_end": 1585625923.175382}, "device": "gpu", "nd_range": {"device_start": 1585625856.6688104, "device_end": 1585625856.669732}, "cmdq": 1, "read": {"device_start": -1, "device_end": -1}}, "FFC_sans_bias67": {"write": {"device_start": -1, "host_queued_start": 1585625923.163847, "device_queued": -1, "device_end": -1, "host_queued_end": 1585625923.175382}, "device": "gpu", "nd_range": {"device_start": 1585625856.677437, "device_end": 1585625856.6780415}, "cmdq": 0, "read": {"device_start": -1, "device_end": -1}}, "coalesced_transpose111": {"write": {"device_start": -1, "host_queued_start": 1585625923.16353, "device_queued": -1, "device_end": -1, "host_queued_end": 1585625923.175382}, "device": "gpu", "nd_range": {"device_start": 1585625856.6779127, "device_end": 1585625856.6779306}, "cmdq": 1, "read": {"device_start": -1, "device_end": -1}}, "softmax68": {"write": {"device_start": -1, "host_queued_start": 1585625923.16581, "device_queued": -1, "device_end": -1, "host_queued_end": 1585625923.175382}, "device": "gpu", "nd_range": {"device_start": 1585625856.6799886, "device_end": 1585625856.680546}, "cmdq": 0, "read": {"device_start": -1, "device_end": -1}}, "empty35": {"write": {"device_start": -1, "host_queued_start": 1585625923.18011, "device_queued": -1, "device_end": -1, "host_queued_end": 1585625923.222267}, "device": "cpu", "nd_range": {"device_start": 2293697.4119233, "device_end": 2293697.411924037}, "cmdq": 3, "read": {"device_start": -1, "device_end": -1}}, "softmax86": {"write": {"device_start": -1, "host_queued_start": 1585625923.166309, "device_queued": -1, "device_end": -1, "host_queued_end": 1585625923.175382}, "device": "gpu", "nd_range": {"device_start": 1585625856.680548, "device_end": 1585625856.6807518}, "cmdq": 0, "read": {"device_start": -1, "device_end": -1}}, "FFC_sans_bias55": {"write": {"device_start": -1, "host_queued_start": 1585625923.206102, "device_queued": -1, "device_end": -1, "host_queued_end": 1585625923.222267}, "device": "cpu", "nd_range": {"device_start": 2293697.488809885, "device_end": 2293697.505562099}, "cmdq": 3, "read": {"device_start": -1, "device_end": -1}}, "FFC_sans_bias54": {"write": {"device_start": -1, "host_queued_start": 1585625923.205057, "device_queued": -1, "device_end": -1, "host_queued_end": 1585625923.222267}, "device": "cpu", "nd_range": {"device_start": 2293697.473678369, "device_end": 2293697.488840355}, "cmdq": 2, "read": {"device_start": -1, "device_end": -1}}, "FFC_sans_bias56": {"write": {"device_start": -1, "host_queued_start": 1585625923.203899, "device_queued": -1, "device_end": -1, "host_queued_end": 1585625923.222267}, "device": "cpu", "nd_range": {"device_start": 2293697.487141998, "device_end": 2293697.5055618472}, "cmdq": 1, "read": {"device_start": -1, "device_end": -1}}, "FFC_sans_bias51": {"write": {"device_start": -1, "host_queued_start": 1585625923.214869, "device_queued": -1, "device_end": -1, "host_queued_end": 1585625923.222267}, "device": "cpu", "nd_range": {"device_start": 2293697.547864519, "device_end": 2293697.556251423}, "cmdq": 2, "read": {"device_start": -1, "device_end": -1}}, "FFC_sans_bias52": {"write": {"device_start": -1, "host_queued_start": 1585625923.221233, "device_queued": -1, "device_end": -1, "host_queued_end": 1585625923.222267}, "device": "cpu", "nd_range": {"device_start": 2293697.592054192, "device_end": 2293697.601055283}, "cmdq": 1, "read": {"device_start": -1, "device_end": -1}}, "FFC_sans_bias58": {"write": {"device_start": -1, "host_queued_start": 1585625923.210889, "device_queued": -1, "device_end": -1, "host_queued_end": 1585625923.222267}, "device": "cpu", "nd_range": {"device_start": 2293697.527607814, "device_end": 2293697.5415712693}, "cmdq": 1, "read": {"device_start": -1, "device_end": -1}}, "FFC_sans_bias108": {"write": {"device_start": 1585625856.6757317, "host_queued_start": 1585625923.159613, "device_queued": 1585625856.6701477, "device_end": 1585625856.6757574, "host_queued_end": 1585625923.175382}, "device": "gpu", "nd_range": {"device_start": 1585625856.675763, "device_end": 1585625856.676558}, "cmdq": 1, "read": {"device_start": -1, "device_end": -1}}, "FFC_sans_bias109": {"write": {"device_start": 1585625856.6761975, "host_queued_start": 1585625923.160652, "device_queued": 1585625856.6701925, "device_end": 1585625856.6762247, "host_queued_end": 1585625923.175382}, "device": "gpu", "nd_range": {"device_start": 1585625856.6762302, "device_end": 1585625856.6770573}, "cmdq": 0, "read": {"device_start": -1, "device_end": -1}}, "FFC_sans_bias103": {"write": {"device_start": -1, "host_queued_start": 1585625923.165247, "device_queued": -1, "device_end": -1, "host_queued_end": 1585625923.175382}, "device": "gpu", "nd_range": {"device_start": 1585625856.679014, "device_end": 1585625856.6799872}, "cmdq": 0, "read": {"device_start": -1, "device_end": -1}}, "FFC_sans_bias100": {"write": {"device_start": 1585625856.674769, "host_queued_start": 1585625923.157478, "device_queued": 1585625856.6699646, "device_end": 1585625856.674796, "host_queued_end": 1585625923.175382}, "device": "gpu", "nd_range": {"device_start": 1585625856.6748004, "device_end": 1585625856.6756139}, "cmdq": 1, "read": {"device_start": -1, "device_end": -1}}, "FFC_sans_bias101": {"write": {"device_start": 1585625856.675234, "host_queued_start": 1585625923.158566, "device_queued": 1585625856.6700177, "device_end": 1585625856.6752598, "host_queued_end": 1585625923.175382}, "device": "gpu", "nd_range": {"device_start": 1585625856.6752636, "device_end": 1585625856.676086}, "cmdq": 0, "read": {"device_start": -1, "device_end": -1}}, "FFC_sans_bias106": {"write": {"device_start": 1585625856.6855967, "host_queued_start": 1585625923.174226, "device_queued": 1585625856.6720264, "device_end": 1585625856.6856267, "host_queued_end": 1585625923.175382}, "device": "gpu", "nd_range": {"device_start": 1585625856.6856306, "device_end": 1585625856.6863563}, "cmdq": 0, "read": {"device_start": 1585625856.6863656, "device_end": 1585625856.6863894}}, "FFC_sans_bias105": {"write": {"device_start": -1, "host_queued_start": 1585625923.168646, "device_queued": -1, "device_end": -1, "host_queued_end": 1585625923.175382}, "device": "gpu", "nd_range": {"device_start": 1585625856.6825283, "device_end": 1585625856.6834886}, "cmdq": 0, "read": {"device_start": -1, "device_end": -1}}, "softmax95": {"write": {"device_start": -1, "host_queued_start": 1585625923.166554, "device_queued": -1, "device_end": -1, "host_queued_end": 1585625923.175382}, "device": "gpu", "nd_range": {"device_start": 1585625856.6806536, "device_end": 1585625856.680855}, "cmdq": 1, "read": {"device_start": -1, "device_end": -1}}, "coalesced_transpose57": {"write": {"device_start": -1, "host_queued_start": 1585625923.208439, "device_queued": -1, "device_end": -1, "host_queued_end": 1585625923.222267}, "device": "cpu", "nd_range": {"device_start": 2293697.5057022213, "device_end": 2293697.5060050692}, "cmdq": 2, "read": {"device_start": -1, "device_end": -1}}, "empty26": {"write": {"device_start": -1, "host_queued_start": 1585625923.179147, "device_queued": -1, "device_end": -1, "host_queued_end": 1585625923.222267}, "device": "cpu", "nd_range": {"device_start": 2293697.411883469, "device_end": 2293697.411895589}, "cmdq": 2, "read": {"device_start": -1, "device_end": -1}}, "softmax113": {"write": {"device_start": -1, "host_queued_start": 1585625923.167051, "device_queued": -1, "device_end": -1, "host_queued_end": 1585625923.175382}, "device": "gpu", "nd_range": {"device_start": 1585625856.6808562, "device_end": 1585625856.6811483}, "cmdq": 1, "read": {"device_start": -1, "device_end": -1}}, "FFC_sans_bias11": {"write": {"device_start": -1, "host_queued_start": 1585625923.189388, "device_queued": -1, "device_end": -1, "host_queued_end": 1585625923.222267}, "device": "cpu", "nd_range": {"device_start": 2293697.44394735, "device_end": 2293697.467347497}, "cmdq": 0, "read": {"device_start": -1, "device_end": -1}}, "FFC_sans_bias42": {"write": {"device_start": -1, "host_queued_start": 1585625923.214519, "device_queued": -1, "device_end": -1, "host_queued_end": 1585625923.222267}, "device": "cpu", "nd_range": {"device_start": 2293697.570977169, "device_end": 2293697.583724102}, "cmdq": 1, "read": {"device_start": -1, "device_end": -1}}, "FFC_sans_bias43": {"write": {"device_start": -1, "host_queued_start": 1585625923.220241, "device_queued": -1, "device_end": -1, "host_queued_end": 1585625923.222267}, "device": "cpu", "nd_range": {"device_start": 2293697.5903519173, "device_end": 2293697.597926925}, "cmdq": 0, "read": {"device_start": -1, "device_end": -1}}, "FFC_sans_bias40": {"write": {"device_start": -1, "host_queued_start": 1585625923.210186, "device_queued": -1, "device_end": -1, "host_queued_end": 1585625923.222267}, "device": "cpu", "nd_range": {"device_start": 2293697.5214708443, "device_end": 2293697.533020445}, "cmdq": 3, "read": {"device_start": -1, "device_end": -1}}, "FFC_sans_bias46": {"write": {"device_start": -1, "host_queued_start": 1585625923.201755, "device_queued": -1, "device_end": -1, "host_queued_end": 1585625923.222267}, "device": "cpu", "nd_range": {"device_start": 2293697.473478365, "device_end": 2293697.4886859013}, "cmdq": 3, "read": {"device_start": -1, "device_end": -1}}, "FFC_sans_bias47": {"write": {"device_start": -1, "host_queued_start": 1585625923.202843, "device_queued": -1, "device_end": -1, "host_queued_end": 1585625923.222267}, "device": "cpu", "nd_range": {"device_start": 2293697.494499687, "device_end": 2293697.5023627793}, "cmdq": 0, "read": {"device_start": -1, "device_end": -1}}, "FFC_sans_bias45": {"write": {"device_start": -1, "host_queued_start": 1585625923.200699, "device_queued": -1, "device_end": -1, "host_queued_end": 1585625923.222267}, "device": "cpu", "nd_range": {"device_start": 2293697.458213138, "device_end": 2293697.473558477}, "cmdq": 2, "read": {"device_start": -1, "device_end": -1}}, "FFC_sans_bias49": {"write": {"device_start": -1, "host_queued_start": 1585625923.210537, "device_queued": -1, "device_end": -1, "host_queued_end": 1585625923.222267}, "device": "cpu", "nd_range": {"device_start": 2293697.521672654, "device_end": 2293697.535979576}, "cmdq": 0, "read": {"device_start": -1, "device_end": -1}}, "softmax77": {"write": {"device_start": -1, "host_queued_start": 1585625923.166063, "device_queued": -1, "device_end": -1, "host_queued_end": 1585625923.175382}, "device": "gpu", "nd_range": {"device_start": 1585625856.6804473, "device_end": 1585625856.6806524}, "cmdq": 1, "read": {"device_start": -1, "device_end": -1}}, "FFC_sans_bias115": {"write": {"device_start": 1585625856.686127, "host_queued_start": 1585625923.175284, "device_queued": 1585625856.6721563, "device_end": 1585625856.6861572, "host_queued_end": 1585625923.175382}, "device": "gpu", "nd_range": {"device_start": 1585625856.68616, "device_end": 1585625856.6868546}, "cmdq": 1, "read": {"device_start": 1585625856.6868618, "device_end": 1585625856.6868849}}, "FFC_sans_bias114": {"write": {"device_start": -1, "host_queued_start": 1585625923.168964, "device_queued": -1, "device_end": -1, "host_queued_end": 1585625923.175382}, "device": "gpu", "nd_range": {"device_start": 1585625856.682946, "device_end": 1585625856.6839402}, "cmdq": 1, "read": {"device_start": -1, "device_end": -1}}, "softmax5": {"write": {"device_start": -1, "host_queued_start": 1585625923.211167, "device_queued": -1, "device_end": -1, "host_queued_end": 1585625923.222267}, "device": "cpu", "nd_range": {"device_start": 2293697.526306217, "device_end": 2293697.5265334314}, "cmdq": 2, "read": {"device_start": -1, "device_end": -1}}, "FFC_sans_bias110": {"write": {"device_start": 1585625856.6766708, "host_queued_start": 1585625923.161694, "device_queued": 1585625856.670335, "device_end": 1585625856.6766977, "host_queued_end": 1585625923.175382}, "device": "gpu", "nd_range": {"device_start": 1585625856.6767037, "device_end": 1585625856.6775212}, "cmdq": 1, "read": {"device_start": -1, "device_end": -1}}, "FFC_sans_bias112": {"write": {"device_start": -1, "host_queued_start": 1585625923.165561, "device_queued": -1, "device_end": -1, "host_queued_end": 1585625923.175382}, "device": "gpu", "nd_range": {"device_start": 1585625856.6795235, "device_end": 1585625856.6804461}, "cmdq": 1, "read": {"device_start": -1, "device_end": -1}}, "empty53": {"write": {"device_start": -1, "host_queued_start": 1585625923.181969, "device_queued": -1, "device_end": -1, "host_queued_end": 1585625923.222267}, "device": "cpu", "nd_range": {"device_start": 2293697.411916606, "device_end": 2293697.411917599}, "cmdq": 1, "read": {"device_start": -1, "device_end": -1}}, "coalesced_transpose48": {"write": {"device_start": -1, "host_queued_start": 1585625923.20811, "device_queued": -1, "device_end": -1, "host_queued_end": 1585625923.222267}, "device": "cpu", "nd_range": {"device_start": 2293697.506159327, "device_end": 2293697.506421172}, "cmdq": 1, "read": {"device_start": -1, "device_end": -1}}}