{"FFC_sans_bias4": {"write": {"device_start": -1, "host_queued_start": 1585625849.87248, "device_queued": -1, "device_end": -1, "host_queued_end": 1585625849.892358}, "device": "cpu", "nd_range": {"device_start": 2293624.237775865, "device_end": 2293624.2464293563}, "cmdq": 0, "read": {"device_start": -1, "device_end": -1}}, "FFC_sans_bias7": {"write": {"device_start": -1, "host_queued_start": 1585625849.883221, "device_queued": -1, "device_end": -1, "host_queued_end": 1585625849.892358}, "device": "cpu", "nd_range": {"device_start": 2293624.331861151, "device_end": 2293624.343327954}, "cmdq": 0, "read": {"device_start": -1, "device_end": -1}}, "FFC_sans_bias6": {"write": {"device_start": -1, "host_queued_start": 1585625849.878856, "device_queued": -1, "device_end": -1, "host_queued_end": 1585625849.892358}, "device": "cpu", "nd_range": {"device_start": 2293624.289719738, "device_end": 2293624.296407909}, "cmdq": 0, "read": {"device_start": -1, "device_end": -1}}, "FFC_sans_bias1": {"write": {"device_start": -1, "host_queued_start": 1585625849.838799, "device_queued": -1, "device_end": -1, "host_queued_end": 1585625849.892358}, "device": "cpu", "nd_range": {"device_start": 2293624.0820434103, "device_end": 2293624.091992529}, "cmdq": 1, "read": {"device_start": -1, "device_end": -1}}, "FFC_sans_bias0": {"write": {"device_start": -1, "host_queued_start": 1585625849.837716, "device_queued": -1, "device_end": -1, "host_queued_end": 1585625849.892358}, "device": "cpu", "nd_range": {"device_start": 2293624.082043013, "device_end": 2293624.0896310844}, "cmdq": 0, "read": {"device_start": -1, "device_end": -1}}, "FFC_sans_bias2": {"write": {"device_start": -1, "host_queued_start": 1585625849.83988, "device_queued": -1, "device_end": -1, "host_queued_end": 1585625849.892358}, "device": "cpu", "nd_range": {"device_start": 2293624.0896415003, "device_end": 2293624.09765538}, "cmdq": 0, "read": {"device_start": -1, "device_end": -1}}, "FFC_sans_bias9": {"write": {"device_start": -1, "host_queued_start": 1585625849.840926, "device_queued": -1, "device_end": -1, "host_queued_end": 1585625849.892358}, "device": "cpu", "nd_range": {"device_start": 2293624.092007543, "device_end": 2293624.099617332}, "cmdq": 1, "read": {"device_start": -1, "device_end": -1}}, "empty71": {"write": {"device_start": -1, "host_queued_start": 1585625849.834816, "device_queued": -1, "device_end": -1, "host_queued_end": 1585625849.892358}, "device": "cpu", "nd_range": {"device_start": 2293624.0820318023, "device_end": 2293624.082032483}, "cmdq": 1, "read": {"device_start": -1, "device_end": -1}}, "softmax41": {"write": {"device_start": -1, "host_queued_start": 1585625849.877114, "device_queued": -1, "device_end": -1, "host_queued_end": 1585625849.892358}, "device": "cpu", "nd_range": {"device_start": 2293624.28906726, "device_end": 2293624.289280923}, "cmdq": 0, "read": {"device_start": -1, "device_end": -1}}, "FFC_sans_bias37": {"write": {"device_start": -1, "host_queued_start": 1585625849.851632, "device_queued": -1, "device_end": -1, "host_queued_end": 1585625849.892358}, "device": "cpu", "nd_range": {"device_start": 2293624.126839132, "device_end": 2293624.134712159}, "cmdq": 1, "read": {"device_start": -1, "device_end": -1}}, "FFC_sans_bias36": {"write": {"device_start": -1, "host_queued_start": 1585625849.850535, "device_queued": -1, "device_end": -1, "host_queued_end": 1585625849.892358}, "device": "cpu", "nd_range": {"device_start": 2293624.152630432, "device_end": 2293624.160445835}, "cmdq": 0, "read": {"device_start": -1, "device_end": -1}}, "FFC_sans_bias34": {"write": {"device_start": -1, "host_queued_start": 1585625849.886249, "device_queued": -1, "device_end": -1, "host_queued_end": 1585625849.892358}, "device": "cpu", "nd_range": {"device_start": 2293624.330657252, "device_end": 2293624.336173012}, "cmdq": 1, "read": {"device_start": -1, "device_end": -1}}, "FFC_sans_bias33": {"write": {"device_start": -1, "host_queued_start": 1585625849.879933, "device_queued": -1, "device_end": -1, "host_queued_end": 1585625849.892358}, "device": "cpu", "nd_range": {"device_start": 2293624.285674159, "device_end": 2293624.2914232872}, "cmdq": 1, "read": {"device_start": -1, "device_end": -1}}, "FFC_sans_bias31": {"write": {"device_start": -1, "host_queued_start": 1585625849.873528, "device_queued": -1, "device_end": -1, "host_queued_end": 1585625849.892358}, "device": "cpu", "nd_range": {"device_start": 2293624.242162648, "device_end": 2293624.257228182}, "cmdq": 1, "read": {"device_start": -1, "device_end": -1}}, "FFC_sans_bias38": {"write": {"device_start": -1, "host_queued_start": 1585625849.852689, "device_queued": -1, "device_end": -1, "host_queued_end": 1585625849.892358}, "device": "cpu", "nd_range": {"device_start": 2293624.160561073, "device_end": 2293624.166306198}, "cmdq": 0, "read": {"device_start": -1, "device_end": -1}}, "coalesced_transpose75": {"write": {"device_start": -1, "host_queued_start": 1585625849.871795, "device_queued": -1, "device_end": -1, "host_queued_end": 1585625849.892358}, "device": "cpu", "nd_range": {"device_start": 2293624.2375035114, "device_end": 2293624.237769723}, "cmdq": 0, "read": {"device_start": -1, "device_end": -1}}, "empty44": {"write": {"device_start": -1, "host_queued_start": 1585625849.832351, "device_queued": -1, "device_end": -1, "host_queued_end": 1585625849.892358}, "device": "cpu", "nd_range": {"device_start": 2293624.0820262413, "device_end": 2293624.082027016}, "cmdq": 0, "read": {"device_start": -1, "device_end": -1}}, "empty8": {"write": {"device_start": -1, "host_queued_start": 1585625849.828517, "device_queued": -1, "device_end": -1, "host_queued_end": 1585625849.892358}, "device": "cpu", "nd_range": {"device_start": 2293624.081980314, "device_end": 2293624.081992083}, "cmdq": 0, "read": {"device_start": -1, "device_end": -1}}, "softmax50": {"write": {"device_start": -1, "host_queued_start": 1585625849.877393, "device_queued": -1, "device_end": -1, "host_queued_end": 1585625849.892358}, "device": "cpu", "nd_range": {"device_start": 2293624.2783771693, "device_end": 2293624.2785895383}, "cmdq": 1, "read": {"device_start": -1, "device_end": -1}}, "softmax59": {"write": {"device_start": -1, "host_queued_start": 1585625849.877669, "device_queued": -1, "device_end": -1, "host_queued_end": 1585625849.892358}, "device": "cpu", "nd_range": {"device_start": 2293624.289287887, "device_end": 2293624.2895021383}, "cmdq": 0, "read": {"device_start": -1, "device_end": -1}}, "FFC_sans_bias24": {"write": {"device_start": -1, "host_queued_start": 1585625849.879573, "device_queued": -1, "device_end": -1, "host_queued_end": 1585625849.892358}, "device": "cpu", "nd_range": {"device_start": 2293624.2964142063, "device_end": 2293624.3113223133}, "cmdq": 0, "read": {"device_start": -1, "device_end": -1}}, "FFC_sans_bias25": {"write": {"device_start": -1, "host_queued_start": 1585625849.885245, "device_queued": -1, "device_end": -1, "host_queued_end": 1585625849.892358}, "device": "cpu", "nd_range": {"device_start": 2293624.343331442, "device_end": 2293624.351448472}, "cmdq": 0, "read": {"device_start": -1, "device_end": -1}}, "FFC_sans_bias27": {"write": {"device_start": -1, "host_queued_start": 1585625849.847339, "device_queued": -1, "device_end": -1, "host_queued_end": 1585625849.892358}, "device": "cpu", "nd_range": {"device_start": 2293624.1131790173, "device_end": 2293624.121388609}, "cmdq": 1, "read": {"device_start": -1, "device_end": -1}}, "FFC_sans_bias20": {"write": {"device_start": -1, "host_queued_start": 1585625849.846245, "device_queued": -1, "device_end": -1, "host_queued_end": 1585625849.892358}, "device": "cpu", "nd_range": {"device_start": 2293624.121795914, "device_end": 2293624.1348783593}, "cmdq": 0, "read": {"device_start": -1, "device_end": -1}}, "FFC_sans_bias22": {"write": {"device_start": -1, "host_queued_start": 1585625849.873182, "device_queued": -1, "device_end": -1, "host_queued_end": 1585625849.892358}, "device": "cpu", "nd_range": {"device_start": 2293624.2464356744, "device_end": 2293624.2538682343}, "cmdq": 0, "read": {"device_start": -1, "device_end": -1}}, "FFC_sans_bias28": {"write": {"device_start": -1, "host_queued_start": 1585625849.848418, "device_queued": -1, "device_end": -1, "host_queued_end": 1585625849.892358}, "device": "cpu", "nd_range": {"device_start": 2293624.13566609, "device_end": 2293624.152615285}, "cmdq": 0, "read": {"device_start": -1, "device_end": -1}}, "FFC_sans_bias29": {"write": {"device_start": -1, "host_queued_start": 1585625849.84948, "device_queued": -1, "device_end": -1, "host_queued_end": 1585625849.892358}, "device": "cpu", "nd_range": {"device_start": 2293624.1215023194, "device_end": 2293624.1267267154}, "cmdq": 1, "read": {"device_start": -1, "device_end": -1}}, "coalesced_transpose66": {"write": {"device_start": -1, "host_queued_start": 1585625849.871461, "device_queued": -1, "device_end": -1, "host_queued_end": 1585625849.892358}, "device": "cpu", "nd_range": {"device_start": 2293624.213750277, "device_end": 2293624.2139350413}, "cmdq": 1, "read": {"device_start": -1, "device_end": -1}}, "coalesced_transpose93": {"write": {"device_start": -1, "host_queued_start": 1585625849.820572, "device_queued": -1, "device_end": -1, "host_queued_end": 1585625849.827118}, "device": "gpu", "nd_range": {"device_start": 1585625783.3260348, "device_end": 1585625783.326392}, "cmdq": 0, "read": {"device_start": -1, "device_end": -1}}, "softmax23": {"write": {"device_start": -1, "host_queued_start": 1585625849.876559, "device_queued": -1, "device_end": -1, "host_queued_end": 1585625849.892358}, "device": "cpu", "nd_range": {"device_start": 2293624.288843446, "device_end": 2293624.289061522}, "cmdq": 0, "read": {"device_start": -1, "device_end": -1}}, "empty62": {"write": {"device_start": -1, "host_queued_start": 1585625849.833982, "device_queued": -1, "device_end": -1, "host_queued_end": 1585625849.892358}, "device": "cpu", "nd_range": {"device_start": 2293624.082031454, "device_end": 2293624.0820320453}, "cmdq": 0, "read": {"device_start": -1, "device_end": -1}}, "FFC_sans_bias10": {"write": {"device_start": -1, "host_queued_start": 1585625849.841985, "device_queued": -1, "device_end": -1, "host_queued_end": 1585625849.892358}, "device": "cpu", "nd_range": {"device_start": 2293624.097664889, "device_end": 2293624.1107428293}, "cmdq": 0, "read": {"device_start": -1, "device_end": -1}}, "FFC_sans_bias13": {"write": {"device_start": -1, "host_queued_start": 1585625849.872834, "device_queued": -1, "device_end": -1, "host_queued_end": 1585625849.892358}, "device": "cpu", "nd_range": {"device_start": 2293624.236116723, "device_end": 2293624.2420427823}, "cmdq": 1, "read": {"device_start": -1, "device_end": -1}}, "FFC_sans_bias15": {"write": {"device_start": -1, "host_queued_start": 1585625849.879216, "device_queued": -1, "device_end": -1, "host_queued_end": 1585625849.892358}, "device": "cpu", "nd_range": {"device_start": 2293624.279022496, "device_end": 2293624.285668273}, "cmdq": 1, "read": {"device_start": -1, "device_end": -1}}, "FFC_sans_bias16": {"write": {"device_start": -1, "host_queued_start": 1585625849.884234, "device_queued": -1, "device_end": -1, "host_queued_end": 1585625849.892358}, "device": "cpu", "nd_range": {"device_start": 2293624.314192178, "device_end": 2293624.3306527874}, "cmdq": 1, "read": {"device_start": -1, "device_end": -1}}, "FFC_sans_bias19": {"write": {"device_start": -1, "host_queued_start": 1585625849.845181, "device_queued": -1, "device_end": -1, "host_queued_end": 1585625849.892358}, "device": "cpu", "nd_range": {"device_start": 2293624.1073472654, "device_end": 2293624.113058812}, "cmdq": 1, "read": {"device_start": -1, "device_end": -1}}, "FFC_sans_bias18": {"write": {"device_start": -1, "host_queued_start": 1585625849.844128, "device_queued": -1, "device_end": -1, "host_queued_end": 1585625849.892358}, "device": "cpu", "nd_range": {"device_start": 2293624.111171976, "device_end": 2293624.121672878}, "cmdq": 0, "read": {"device_start": -1, "device_end": -1}}, "FFC_sans_bias99": {"write": {"device_start": 1585625783.3231766, "host_queued_start": 1585625849.814977, "device_queued": 1585625783.3222475, "device_end": 1585625783.3232079, "host_queued_end": 1585625849.827118}, "device": "gpu", "nd_range": {"device_start": 1585625783.3232124, "device_end": 1585625783.3240583}, "cmdq": 0, "read": {"device_start": -1, "device_end": -1}}, "FFC_sans_bias91": {"write": {"device_start": 1585625783.3221598, "host_queued_start": 1585625849.812815, "device_queued": 1585625783.3220608, "device_end": 1585625783.3221903, "host_queued_end": 1585625849.827118}, "device": "gpu", "nd_range": {"device_start": 1585625783.3221936, "device_end": 1585625783.3230705}, "cmdq": 0, "read": {"device_start": -1, "device_end": -1}}, "FFC_sans_bias90": {"write": {"device_start": 1585625783.3220215, "host_queued_start": 1585625849.811765, "device_queued": 1585625783.3218286, "device_end": 1585625783.3220513, "host_queued_end": 1585625849.827118}, "device": "gpu", "nd_range": {"device_start": 1585625783.322054, "device_end": 1585625783.3226578}, "cmdq": 1, "read": {"device_start": -1, "device_end": -1}}, "coalesced_transpose12": {"write": {"device_start": -1, "host_queued_start": 1585625849.869349, "device_queued": -1, "device_end": -1, "host_queued_end": 1585625849.892358}, "device": "cpu", "nd_range": {"device_start": 2293624.212800609, "device_end": 2293624.2130860873}, "cmdq": 1, "read": {"device_start": -1, "device_end": -1}}, "FFC_sans_bias94": {"write": {"device_start": -1, "host_queued_start": 1585625849.821496, "device_queued": -1, "device_end": -1, "host_queued_end": 1585625849.827118}, "device": "gpu", "nd_range": {"device_start": 1585625783.326511, "device_end": 1585625783.3271177}, "cmdq": 1, "read": {"device_start": -1, "device_end": -1}}, "FFC_sans_bias97": {"write": {"device_start": 1585625783.329385, "host_queued_start": 1585625849.824883, "device_queued": 1585625783.3234448, "device_end": 1585625783.3294163, "host_queued_end": 1585625849.827118}, "device": "gpu", "nd_range": {"device_start": 1585625783.3294227, "device_end": 1585625783.3302855}, "cmdq": 0, "read": {"device_start": 1585625783.3302894, "device_end": 1585625783.3303127}}, "FFC_sans_bias96": {"write": {"device_start": -1, "host_queued_start": 1585625849.823215, "device_queued": -1, "device_end": -1, "host_queued_end": 1585625849.827118}, "device": "gpu", "nd_range": {"device_start": 1585625783.3282883, "device_end": 1585625783.3288932}, "cmdq": 1, "read": {"device_start": -1, "device_end": -1}}, "softmax32": {"write": {"device_start": -1, "host_queued_start": 1585625849.876836, "device_queued": -1, "device_end": -1, "host_queued_end": 1585625849.892358}, "device": "cpu", "nd_range": {"device_start": 2293624.278146711, "device_end": 2293624.278370067}, "cmdq": 1, "read": {"device_start": -1, "device_end": -1}}, "coalesced_transpose84": {"write": {"device_start": -1, "host_queued_start": 1585625849.872127, "device_queued": -1, "device_end": -1, "host_queued_end": 1585625849.892358}, "device": "cpu", "nd_range": {"device_start": 2293624.235760612, "device_end": 2293624.235911394}, "cmdq": 1, "read": {"device_start": -1, "device_end": -1}}, "empty98": {"write": {"device_start": 1585625783.3217194, "host_queued_start": 1585625849.808852, "device_queued": 1585625783.3215933, "device_end": 1585625783.3217683, "host_queued_end": 1585625849.827118}, "device": "gpu", "nd_range": {"device_start": 1585625783.3217812, "device_end": 1585625783.3217876}, "cmdq": 0, "read": {"device_start": -1, "device_end": -1}}, "empty107": {"write": {"device_start": 1585625783.3218331, "host_queued_start": 1585625849.809904, "device_queued": 1585625783.3216944, "device_end": 1585625783.321912, "host_queued_end": 1585625849.827118}, "device": "gpu", "nd_range": {"device_start": 1585625783.321922, "device_end": 1585625783.3219357}, "cmdq": 1, "read": {"device_start": -1, "device_end": -1}}, "empty17": {"write": {"device_start": -1, "host_queued_start": 1585625849.829606, "device_queued": -1, "device_end": -1, "host_queued_end": 1585625849.892358}, "device": "cpu", "nd_range": {"device_start": 2293624.0819805013, "device_end": 2293624.081992025}, "cmdq": 1, "read": {"device_start": -1, "device_end": -1}}, "FFC_sans_bias87": {"write": {"device_start": -1, "host_queued_start": 1585625849.882147, "device_queued": -1, "device_end": -1, "host_queued_end": 1585625849.892358}, "device": "cpu", "nd_range": {"device_start": 2293624.308474651, "device_end": 2293624.314184811}, "cmdq": 1, "read": {"device_start": -1, "device_end": -1}}, "FFC_sans_bias85": {"write": {"device_start": -1, "host_queued_start": 1585625849.875706, "device_queued": -1, "device_end": -1, "host_queued_end": 1585625849.892358}, "device": "cpu", "nd_range": {"device_start": 2293624.272119138, "device_end": 2293624.277893153}, "cmdq": 1, "read": {"device_start": -1, "device_end": -1}}, "FFC_sans_bias82": {"write": {"device_start": -1, "host_queued_start": 1585625849.867615, "device_queued": -1, "device_end": -1, "host_queued_end": 1585625849.892358}, "device": "cpu", "nd_range": {"device_start": 2293624.231745774, "device_end": 2293624.235751083}, "cmdq": 0, "read": {"device_start": -1, "device_end": -1}}, "FFC_sans_bias83": {"write": {"device_start": -1, "host_queued_start": 1585625849.868681, "device_queued": -1, "device_end": -1, "host_queued_end": 1585625849.892358}, "device": "cpu", "nd_range": {"device_start": 2293624.2025756733, "device_end": 2293624.212633971}, "cmdq": 1, "read": {"device_start": -1, "device_end": -1}}, "FFC_sans_bias81": {"write": {"device_start": -1, "host_queued_start": 1585625849.866559, "device_queued": -1, "device_end": -1, "host_queued_end": 1585625849.892358}, "device": "cpu", "nd_range": {"device_start": 2293624.188682198, "device_end": 2293624.202261472}, "cmdq": 1, "read": {"device_start": -1, "device_end": -1}}, "FFC_sans_bias88": {"write": {"device_start": -1, "host_queued_start": 1585625849.892313, "device_queued": -1, "device_end": -1, "host_queued_end": 1585625849.892358}, "device": "cpu", "nd_range": {"device_start": 2293624.354060096, "device_end": 2293624.3700585663}, "cmdq": 1, "read": {"device_start": -1, "device_end": -1}}, "coalesced_transpose30": {"write": {"device_start": -1, "host_queued_start": 1585625849.870108, "device_queued": -1, "device_end": -1, "host_queued_end": 1585625849.892358}, "device": "cpu", "nd_range": {"device_start": 2293624.213224602, "device_end": 2293624.213494095}, "cmdq": 1, "read": {"device_start": -1, "device_end": -1}}, "coalesced_transpose39": {"write": {"device_start": -1, "host_queued_start": 1585625849.870448, "device_queued": -1, "device_end": -1, "host_queued_end": 1585625849.892358}, "device": "cpu", "nd_range": {"device_start": 2293624.2360981014, "device_end": 2293624.237217503}, "cmdq": 0, "read": {"device_start": -1, "device_end": -1}}, "FFC_sans_bias79": {"write": {"device_start": -1, "host_queued_start": 1585625849.891306, "device_queued": -1, "device_end": -1, "host_queued_end": 1585625849.892358}, "device": "cpu", "nd_range": {"device_start": 2293624.3655217453, "device_end": 2293624.370553817}, "cmdq": 0, "read": {"device_start": -1, "device_end": -1}}, "FFC_sans_bias78": {"write": {"device_start": -1, "host_queued_start": 1585625849.881719, "device_queued": -1, "device_end": -1, "host_queued_end": 1585625849.892358}, "device": "cpu", "nd_range": {"device_start": 2293624.3258799403, "device_end": 2293624.331853345}, "cmdq": 0, "read": {"device_start": -1, "device_end": -1}}, "FFC_sans_bias73": {"write": {"device_start": -1, "host_queued_start": 1585625849.864436, "device_queued": -1, "device_end": -1, "host_queued_end": 1585625849.892358}, "device": "cpu", "nd_range": {"device_start": 2293624.180949619, "device_end": 2293624.1885692603}, "cmdq": 1, "read": {"device_start": -1, "device_end": -1}}, "FFC_sans_bias72": {"write": {"device_start": -1, "host_queued_start": 1585625849.863381, "device_queued": -1, "device_end": -1, "host_queued_end": 1585625849.892358}, "device": "cpu", "nd_range": {"device_start": 2293624.214205056, "device_end": 2293624.2186293993}, "cmdq": 0, "read": {"device_start": -1, "device_end": -1}}, "FFC_sans_bias70": {"write": {"device_start": -1, "host_queued_start": 1585625849.890294, "device_queued": -1, "device_end": -1, "host_queued_end": 1585625849.892358}, "device": "cpu", "nd_range": {"device_start": 2293624.3471513703, "device_end": 2293624.354056592}, "cmdq": 1, "read": {"device_start": -1, "device_end": -1}}, "FFC_sans_bias76": {"write": {"device_start": -1, "host_queued_start": 1585625849.875283, "device_queued": -1, "device_end": -1, "host_queued_end": 1585625849.892358}, "device": "cpu", "nd_range": {"device_start": 2293624.273108426, "device_end": 2293624.288606623}, "cmdq": 0, "read": {"device_start": -1, "device_end": -1}}, "FFC_sans_bias74": {"write": {"device_start": -1, "host_queued_start": 1585625849.865503, "device_queued": -1, "device_end": -1, "host_queued_end": 1585625849.892358}, "device": "cpu", "nd_range": {"device_start": 2293624.2273879293, "device_end": 2293624.231735712}, "cmdq": 0, "read": {"device_start": -1, "device_end": -1}}, "coalesced_transpose102": {"write": {"device_start": -1, "host_queued_start": 1585625849.820879, "device_queued": -1, "device_end": -1, "host_queued_end": 1585625849.827118}, "device": "gpu", "nd_range": {"device_start": 1585625783.3264945, "device_end": 1585625783.326506}, "cmdq": 1, "read": {"device_start": -1, "device_end": -1}}, "coalesced_transpose3": {"write": {"device_start": -1, "host_queued_start": 1585625849.869014, "device_queued": -1, "device_end": -1, "host_queued_end": 1585625849.892358}, "device": "cpu", "nd_range": {"device_start": 2293624.2357678413, "device_end": 2293624.235969673}, "cmdq": 0, "read": {"device_start": -1, "device_end": -1}}, "empty89": {"write": {"device_start": -1, "host_queued_start": 1585625849.836696, "device_queued": -1, "device_end": -1, "host_queued_end": 1585625849.892358}, "device": "cpu", "nd_range": {"device_start": 2293624.082037414, "device_end": 2293624.0820381423}, "cmdq": 1, "read": {"device_start": -1, "device_end": -1}}, "empty80": {"write": {"device_start": -1, "host_queued_start": 1585625849.835797, "device_queued": -1, "device_end": -1, "host_queued_end": 1585625849.892358}, "device": "cpu", "nd_range": {"device_start": 2293624.08203698, "device_end": 2293624.0820377013}, "cmdq": 0, "read": {"device_start": -1, "device_end": -1}}, "empty116": {"write": {"device_start": 1585625783.3219218, "host_queued_start": 1585625849.810796, "device_queued": 1585625783.3217385, "device_end": 1585625783.321949, "host_queued_end": 1585625849.827118}, "device": "gpu", "nd_range": {"device_start": 1585625783.321956, "device_end": 1585625783.3219595}, "cmdq": 0, "read": {"device_start": -1, "device_end": -1}}, "softmax104": {"write": {"device_start": -1, "host_queued_start": 1585625849.82266, "device_queued": -1, "device_end": -1, "host_queued_end": 1585625849.827118}, "device": "gpu", "nd_range": {"device_start": 1585625783.3280838, "device_end": 1585625783.3282835}, "cmdq": 1, "read": {"device_start": -1, "device_end": -1}}, "coalesced_transpose21": {"write": {"device_start": -1, "host_queued_start": 1585625849.869686, "device_queued": -1, "device_end": -1, "host_queued_end": 1585625849.892358}, "device": "cpu", "nd_range": {"device_start": 2293624.235975963, "device_end": 2293624.236092605}, "cmdq": 0, "read": {"device_start": -1, "device_end": -1}}, "softmax14": {"write": {"device_start": -1, "host_queued_start": 1585625849.876277, "device_queued": -1, "device_end": -1, "host_queued_end": 1585625849.892358}, "device": "cpu", "nd_range": {"device_start": 2293624.2779011433, "device_end": 2293624.278139164}, "cmdq": 1, "read": {"device_start": -1, "device_end": -1}}, "FFC_sans_bias69": {"write": {"device_start": -1, "host_queued_start": 1585625849.88136, "device_queued": -1, "device_end": -1, "host_queued_end": 1585625849.892358}, "device": "cpu", "nd_range": {"device_start": 2293624.299592087, "device_end": 2293624.308467909}, "cmdq": 1, "read": {"device_start": -1, "device_end": -1}}, "FFC_sans_bias92": {"write": {"device_start": 1585625783.3227425, "host_queued_start": 1585625849.813859, "device_queued": 1585625783.3221035, "device_end": 1585625783.3227746, "host_queued_end": 1585625849.827118}, "device": "gpu", "nd_range": {"device_start": 1585625783.3227777, "device_end": 1585625783.323646}, "cmdq": 1, "read": {"device_start": -1, "device_end": -1}}, "FFC_sans_bias60": {"write": {"device_start": -1, "host_queued_start": 1585625849.880993, "device_queued": -1, "device_end": -1, "host_queued_end": 1585625849.892358}, "device": "cpu", "nd_range": {"device_start": 2293624.3185387272, "device_end": 2293624.325874334}, "cmdq": 0, "read": {"device_start": -1, "device_end": -1}}, "FFC_sans_bias61": {"write": {"device_start": -1, "host_queued_start": 1585625849.889283, "device_queued": -1, "device_end": -1, "host_queued_end": 1585625849.892358}, "device": "cpu", "nd_range": {"device_start": 2293624.357697295, "device_end": 2293624.3655184973}, "cmdq": 0, "read": {"device_start": -1, "device_end": -1}}, "FFC_sans_bias63": {"write": {"device_start": -1, "host_queued_start": 1585625849.862313, "device_queued": -1, "device_end": -1, "host_queued_end": 1585625849.892358}, "device": "cpu", "nd_range": {"device_start": 2293624.1739164493, "device_end": 2293624.180836379}, "cmdq": 1, "read": {"device_start": -1, "device_end": -1}}, "FFC_sans_bias64": {"write": {"device_start": -1, "host_queued_start": 1585625849.860165, "device_queued": -1, "device_end": -1, "host_queued_end": 1585625849.892358}, "device": "cpu", "nd_range": {"device_start": 2293624.1645112783, "device_end": 2293624.173801266}, "cmdq": 1, "read": {"device_start": -1, "device_end": -1}}, "FFC_sans_bias65": {"write": {"device_start": -1, "host_queued_start": 1585625849.861253, "device_queued": -1, "device_end": -1, "host_queued_end": 1585625849.892358}, "device": "cpu", "nd_range": {"device_start": 2293624.204468489, "device_end": 2293624.2137244763}, "cmdq": 0, "read": {"device_start": -1, "device_end": -1}}, "FFC_sans_bias67": {"write": {"device_start": -1, "host_queued_start": 1585625849.874922, "device_queued": -1, "device_end": -1, "host_queued_end": 1585625849.892358}, "device": "cpu", "nd_range": {"device_start": 2293624.263909969, "device_end": 2293624.272112588}, "cmdq": 1, "read": {"device_start": -1, "device_end": -1}}, "coalesced_transpose111": {"write": {"device_start": -1, "host_queued_start": 1585625849.821182, "device_queued": -1, "device_end": -1, "host_queued_end": 1585625849.827118}, "device": "gpu", "nd_range": {"device_start": 1585625783.3263931, "device_end": 1585625783.326409}, "cmdq": 0, "read": {"device_start": -1, "device_end": -1}}, "softmax68": {"write": {"device_start": -1, "host_queued_start": 1585625849.877946, "device_queued": -1, "device_end": -1, "host_queued_end": 1585625849.892358}, "device": "cpu", "nd_range": {"device_start": 2293624.278594904, "device_end": 2293624.278804618}, "cmdq": 1, "read": {"device_start": -1, "device_end": -1}}, "empty35": {"write": {"device_start": -1, "host_queued_start": 1585625849.831498, "device_queued": -1, "device_end": -1, "host_queued_end": 1585625849.892358}, "device": "cpu", "nd_range": {"device_start": 2293624.082017411, "device_end": 2293624.0820184173}, "cmdq": 1, "read": {"device_start": -1, "device_end": -1}}, "softmax86": {"write": {"device_start": -1, "host_queued_start": 1585625849.878501, "device_queued": -1, "device_end": -1, "host_queued_end": 1585625849.892358}, "device": "cpu", "nd_range": {"device_start": 2293624.278811232, "device_end": 2293624.279016754}, "cmdq": 1, "read": {"device_start": -1, "device_end": -1}}, "FFC_sans_bias55": {"write": {"device_start": -1, "host_queued_start": 1585625849.859045, "device_queued": -1, "device_end": -1, "host_queued_end": 1585625849.892358}, "device": "cpu", "nd_range": {"device_start": 2293624.186962225, "device_end": 2293624.204321241}, "cmdq": 0, "read": {"device_start": -1, "device_end": -1}}, "FFC_sans_bias54": {"write": {"device_start": -1, "host_queued_start": 1585625849.857983, "device_queued": -1, "device_end": -1, "host_queued_end": 1585625849.892358}, "device": "cpu", "nd_range": {"device_start": 2293624.152666657, "device_end": 2293624.164394314}, "cmdq": 1, "read": {"device_start": -1, "device_end": -1}}, "FFC_sans_bias56": {"write": {"device_start": -1, "host_queued_start": 1585625849.856924, "device_queued": -1, "device_end": -1, "host_queued_end": 1585625849.892358}, "device": "cpu", "nd_range": {"device_start": 2293624.1758180712, "device_end": 2293624.186845541}, "cmdq": 0, "read": {"device_start": -1, "device_end": -1}}, "FFC_sans_bias51": {"write": {"device_start": -1, "host_queued_start": 1585625849.880643, "device_queued": -1, "device_end": -1, "host_queued_end": 1585625849.892358}, "device": "cpu", "nd_range": {"device_start": 2293624.291430878, "device_end": 2293624.299585321}, "cmdq": 1, "read": {"device_start": -1, "device_end": -1}}, "FFC_sans_bias52": {"write": {"device_start": -1, "host_queued_start": 1585625849.88827, "device_queued": -1, "device_end": -1, "host_queued_end": 1585625849.892358}, "device": "cpu", "nd_range": {"device_start": 2293624.336176981, "device_end": 2293624.347147807}, "cmdq": 1, "read": {"device_start": -1, "device_end": -1}}, "FFC_sans_bias58": {"write": {"device_start": -1, "host_queued_start": 1585625849.874564, "device_queued": -1, "device_end": -1, "host_queued_end": 1585625849.892358}, "device": "cpu", "nd_range": {"device_start": 2293624.259844126, "device_end": 2293624.2731011272}, "cmdq": 0, "read": {"device_start": -1, "device_end": -1}}, "FFC_sans_bias108": {"write": {"device_start": 1585625783.3247247, "host_queued_start": 1585625849.818101, "device_queued": 1585625783.3224761, "device_end": 1585625783.3247566, "host_queued_end": 1585625849.827118}, "device": "gpu", "nd_range": {"device_start": 1585625783.3247607, "device_end": 1585625783.3255706}, "cmdq": 1, "read": {"device_start": -1, "device_end": -1}}, "FFC_sans_bias109": {"write": {"device_start": 1585625783.3251429, "host_queued_start": 1585625849.819177, "device_queued": 1585625783.322634, "device_end": 1585625783.325174, "host_queued_end": 1585625849.827118}, "device": "gpu", "nd_range": {"device_start": 1585625783.325178, "device_end": 1585625783.3260336}, "cmdq": 0, "read": {"device_start": -1, "device_end": -1}}, "FFC_sans_bias103": {"write": {"device_start": -1, "host_queued_start": 1585625849.821823, "device_queued": -1, "device_end": -1, "host_queued_end": 1585625849.827118}, "device": "gpu", "nd_range": {"device_start": 1585625783.3265183, "device_end": 1585625783.3275244}, "cmdq": 0, "read": {"device_start": -1, "device_end": -1}}, "FFC_sans_bias100": {"write": {"device_start": 1585625783.3237731, "host_queued_start": 1585625849.816016, "device_queued": 1585625783.3222873, "device_end": 1585625783.3238041, "host_queued_end": 1585625849.827118}, "device": "gpu", "nd_range": {"device_start": 1585625783.3238094, "device_end": 1585625783.3246233}, "cmdq": 1, "read": {"device_start": -1, "device_end": -1}}, "FFC_sans_bias101": {"write": {"device_start": 1585625783.3241565, "host_queued_start": 1585625849.817061, "device_queued": 1585625783.3224368, "device_end": 1585625783.3241882, "host_queued_end": 1585625849.827118}, "device": "gpu", "nd_range": {"device_start": 1585625783.3241918, "device_end": 1585625783.3250458}, "cmdq": 0, "read": {"device_start": -1, "device_end": -1}}, "FFC_sans_bias106": {"write": {"device_start": 1585625783.3299572, "host_queued_start": 1585625849.825933, "device_queued": 1585625783.3234947, "device_end": 1585625783.329988, "host_queued_end": 1585625849.827118}, "device": "gpu", "nd_range": {"device_start": 1585625783.3299932, "device_end": 1585625783.3308172}, "cmdq": 1, "read": {"device_start": 1585625783.3308265, "device_end": 1585625783.3308494}}, "FFC_sans_bias105": {"write": {"device_start": -1, "host_queued_start": 1585625849.823541, "device_queued": -1, "device_end": -1, "host_queued_end": 1585625849.827118}, "device": "gpu", "nd_range": {"device_start": 1585625783.328327, "device_end": 1585625783.3292954}, "cmdq": 0, "read": {"device_start": -1, "device_end": -1}}, "softmax95": {"write": {"device_start": -1, "host_queued_start": 1585625849.822387, "device_queued": -1, "device_end": -1, "host_queued_end": 1585625849.827118}, "device": "gpu", "nd_range": {"device_start": 1585625783.32753, "device_end": 1585625783.3281105}, "cmdq": 0, "read": {"device_start": -1, "device_end": -1}}, "coalesced_transpose57": {"write": {"device_start": -1, "host_queued_start": 1585625849.871124, "device_queued": -1, "device_end": -1, "host_queued_end": 1585625849.892358}, "device": "cpu", "nd_range": {"device_start": 2293624.23722402, "device_end": 2293624.237496925}, "cmdq": 0, "read": {"device_start": -1, "device_end": -1}}, "empty26": {"write": {"device_start": -1, "host_queued_start": 1585625849.830584, "device_queued": -1, "device_end": -1, "host_queued_end": 1585625849.892358}, "device": "cpu", "nd_range": {"device_start": 2293624.0820192182, "device_end": 2293624.082020563}, "cmdq": 0, "read": {"device_start": -1, "device_end": -1}}, "softmax113": {"write": {"device_start": -1, "host_queued_start": 1585625849.822906, "device_queued": -1, "device_end": -1, "host_queued_end": 1585625849.827118}, "device": "gpu", "nd_range": {"device_start": 1585625783.328115, "device_end": 1585625783.3283226}, "cmdq": 0, "read": {"device_start": -1, "device_end": -1}}, "FFC_sans_bias11": {"write": {"device_start": -1, "host_queued_start": 1585625849.843071, "device_queued": -1, "device_end": -1, "host_queued_end": 1585625849.892358}, "device": "cpu", "nd_range": {"device_start": 2293624.0997465122, "device_end": 2293624.107340589}, "cmdq": 1, "read": {"device_start": -1, "device_end": -1}}, "FFC_sans_bias42": {"write": {"device_start": -1, "host_queued_start": 1585625849.880295, "device_queued": -1, "device_end": -1, "host_queued_end": 1585625849.892358}, "device": "cpu", "nd_range": {"device_start": 2293624.311329491, "device_end": 2293624.318532579}, "cmdq": 0, "read": {"device_start": -1, "device_end": -1}}, "FFC_sans_bias43": {"write": {"device_start": -1, "host_queued_start": 1585625849.887261, "device_queued": -1, "device_end": -1, "host_queued_end": 1585625849.892358}, "device": "cpu", "nd_range": {"device_start": 2293624.3514529713, "device_end": 2293624.357694014}, "cmdq": 0, "read": {"device_start": -1, "device_end": -1}}, "FFC_sans_bias40": {"write": {"device_start": -1, "host_queued_start": 1585625849.873873, "device_queued": -1, "device_end": -1, "host_queued_end": 1585625849.892358}, "device": "cpu", "nd_range": {"device_start": 2293624.2538858163, "device_end": 2293624.2598371003}, "cmdq": 0, "read": {"device_start": -1, "device_end": -1}}, "FFC_sans_bias46": {"write": {"device_start": -1, "host_queued_start": 1585625849.854795, "device_queued": -1, "device_end": -1, "host_queued_end": 1585625849.892358}, "device": "cpu", "nd_range": {"device_start": 2293624.166422455, "device_end": 2293624.175700846}, "cmdq": 0, "read": {"device_start": -1, "device_end": -1}}, "FFC_sans_bias47": {"write": {"device_start": -1, "host_queued_start": 1585625849.855867, "device_queued": -1, "device_end": -1, "host_queued_end": 1585625849.892358}, "device": "cpu", "nd_range": {"device_start": 2293624.1404438643, "device_end": 2293624.152615332}, "cmdq": 1, "read": {"device_start": -1, "device_end": -1}}, "FFC_sans_bias45": {"write": {"device_start": -1, "host_queued_start": 1585625849.853745, "device_queued": -1, "device_end": -1, "host_queued_end": 1585625849.892358}, "device": "cpu", "nd_range": {"device_start": 2293624.134830145, "device_end": 2293624.140327242}, "cmdq": 1, "read": {"device_start": -1, "device_end": -1}}, "FFC_sans_bias49": {"write": {"device_start": -1, "host_queued_start": 1585625849.874217, "device_queued": -1, "device_end": -1, "host_queued_end": 1585625849.892358}, "device": "cpu", "nd_range": {"device_start": 2293624.257237086, "device_end": 2293624.2639027634}, "cmdq": 1, "read": {"device_start": -1, "device_end": -1}}, "softmax77": {"write": {"device_start": -1, "host_queued_start": 1585625849.878225, "device_queued": -1, "device_end": -1, "host_queued_end": 1585625849.892358}, "device": "cpu", "nd_range": {"device_start": 2293624.289506943, "device_end": 2293624.2897142284}, "cmdq": 0, "read": {"device_start": -1, "device_end": -1}}, "FFC_sans_bias115": {"write": {"device_start": 1585625783.3304746, "host_queued_start": 1585625849.827016, "device_queued": 1585625783.3237178, "device_end": 1585625783.3305056, "host_queued_end": 1585625849.827118}, "device": "gpu", "nd_range": {"device_start": 1585625783.3305118, "device_end": 1585625783.3312552}, "cmdq": 0, "read": {"device_start": 1585625783.3312626, "device_end": 1585625783.331285}}, "FFC_sans_bias114": {"write": {"device_start": -1, "host_queued_start": 1585625849.823864, "device_queued": -1, "device_end": -1, "host_queued_end": 1585625849.827118}, "device": "gpu", "nd_range": {"device_start": 1585625783.3289046, "device_end": 1585625783.3298614}, "cmdq": 1, "read": {"device_start": -1, "device_end": -1}}, "softmax5": {"write": {"device_start": -1, "host_queued_start": 1585625849.875996, "device_queued": -1, "device_end": -1, "host_queued_end": 1585625849.892358}, "device": "cpu", "nd_range": {"device_start": 2293624.288614401, "device_end": 2293624.288837762}, "cmdq": 0, "read": {"device_start": -1, "device_end": -1}}, "FFC_sans_bias110": {"write": {"device_start": 1585625783.3256738, "host_queued_start": 1585625849.820247, "device_queued": 1585625783.322709, "device_end": 1585625783.3257062, "host_queued_end": 1585625849.827118}, "device": "gpu", "nd_range": {"device_start": 1585625783.3257103, "device_end": 1585625783.3264935}, "cmdq": 1, "read": {"device_start": -1, "device_end": -1}}, "FFC_sans_bias112": {"write": {"device_start": -1, "host_queued_start": 1585625849.822139, "device_queued": -1, "device_end": -1, "host_queued_end": 1585625849.827118}, "device": "gpu", "nd_range": {"device_start": 1585625783.327123, "device_end": 1585625783.3280792}, "cmdq": 1, "read": {"device_start": -1, "device_end": -1}}, "empty53": {"write": {"device_start": -1, "host_queued_start": 1585625849.833166, "device_queued": -1, "device_end": -1, "host_queued_end": 1585625849.892358}, "device": "cpu", "nd_range": {"device_start": 2293624.082024528, "device_end": 2293624.0820253263}, "cmdq": 1, "read": {"device_start": -1, "device_end": -1}}, "coalesced_transpose48": {"write": {"device_start": -1, "host_queued_start": 1585625849.870791, "device_queued": -1, "device_end": -1, "host_queued_end": 1585625849.892358}, "device": "cpu", "nd_range": {"device_start": 2293624.213610615, "device_end": 2293624.2137384173}, "cmdq": 1, "read": {"device_start": -1, "device_end": -1}}}