{"FFC_sans_bias4": {"write": {"device_start": -1, "host_queued_start": 1585625793.895374, "device_queued": -1, "device_end": -1, "host_queued_end": 1585625793.905014}, "device": "cpu", "nd_range": {"device_start": 2293568.1669485713, "device_end": 2293568.17105964}, "cmdq": 0, "read": {"device_start": -1, "device_end": -1}}, "FFC_sans_bias7": {"write": {"device_start": -1, "host_queued_start": 1585625793.900872, "device_queued": -1, "device_end": -1, "host_queued_end": 1585625793.905014}, "device": "cpu", "nd_range": {"device_start": 2293568.225095706, "device_end": 2293568.233294515}, "cmdq": 0, "read": {"device_start": -1, "device_end": -1}}, "FFC_sans_bias6": {"write": {"device_start": -1, "host_queued_start": 1585625793.898456, "device_queued": -1, "device_end": -1, "host_queued_end": 1585625793.905014}, "device": "cpu", "nd_range": {"device_start": 2293568.1921181562, "device_end": 2293568.2000250653}, "cmdq": 0, "read": {"device_start": -1, "device_end": -1}}, "FFC_sans_bias1": {"write": {"device_start": -1, "host_queued_start": 1585625793.877404, "device_queued": -1, "device_end": -1, "host_queued_end": 1585625793.905014}, "device": "cpu", "nd_range": {"device_start": 2293568.0988621702, "device_end": 2293568.102920589}, "cmdq": 0, "read": {"device_start": -1, "device_end": -1}}, "FFC_sans_bias0": {"write": {"device_start": -1, "host_queued_start": 1585625793.876063, "device_queued": -1, "device_end": -1, "host_queued_end": 1585625793.905014}, "device": "cpu", "nd_range": {"device_start": 2293568.0946505833, "device_end": 2293568.098835093}, "cmdq": 0, "read": {"device_start": -1, "device_end": -1}}, "FFC_sans_bias2": {"write": {"device_start": -1, "host_queued_start": 1585625793.878762, "device_queued": -1, "device_end": -1, "host_queued_end": 1585625793.905014}, "device": "cpu", "nd_range": {"device_start": 2293568.102930354, "device_end": 2293568.1068352903}, "cmdq": 0, "read": {"device_start": -1, "device_end": -1}}, "FFC_sans_bias9": {"write": {"device_start": -1, "host_queued_start": 1585625793.88002, "device_queued": -1, "device_end": -1, "host_queued_end": 1585625793.905014}, "device": "cpu", "nd_range": {"device_start": 2293568.106840937, "device_end": 2293568.112201985}, "cmdq": 0, "read": {"device_start": -1, "device_end": -1}}, "empty71": {"write": {"device_start": 1585625727.3653648, "host_queued_start": 1585625793.820885, "device_queued": 1585625727.3652048, "device_end": 1585625727.365441, "host_queued_end": 1585625793.869065}, "device": "gpu", "nd_range": {"device_start": 1585625727.3654487, "device_end": 1585625727.365453}, "cmdq": 0, "read": {"device_start": -1, "device_end": -1}}, "softmax41": {"write": {"device_start": -1, "host_queued_start": 1585625793.898121, "device_queued": -1, "device_end": -1, "host_queued_end": 1585625793.905014}, "device": "cpu", "nd_range": {"device_start": 2293568.190502081, "device_end": 2293568.192057854}, "cmdq": 0, "read": {"device_start": -1, "device_end": -1}}, "FFC_sans_bias37": {"write": {"device_start": -1, "host_queued_start": 1585625793.891554, "device_queued": -1, "device_end": -1, "host_queued_end": 1585625793.905014}, "device": "cpu", "nd_range": {"device_start": 2293568.155216422, "device_end": 2293568.159668413}, "cmdq": 0, "read": {"device_start": -1, "device_end": -1}}, "FFC_sans_bias36": {"write": {"device_start": -1, "host_queued_start": 1585625793.890288, "device_queued": -1, "device_end": -1, "host_queued_end": 1585625793.905014}, "device": "cpu", "nd_range": {"device_start": 2293568.150858121, "device_end": 2293568.1552109444}, "cmdq": 0, "read": {"device_start": -1, "device_end": -1}}, "FFC_sans_bias34": {"write": {"device_start": -1, "host_queued_start": 1585625793.903938, "device_queued": -1, "device_end": -1, "host_queued_end": 1585625793.905014}, "device": "cpu", "nd_range": {"device_start": 2293568.243807686, "device_end": 2293568.2502400493}, "cmdq": 0, "read": {"device_start": -1, "device_end": -1}}, "FFC_sans_bias33": {"write": {"device_start": -1, "host_queued_start": 1585625793.899477, "device_queued": -1, "device_end": -1, "host_queued_end": 1585625793.905014}, "device": "cpu", "nd_range": {"device_start": 2293568.214295628, "device_end": 2293568.219555642}, "cmdq": 0, "read": {"device_start": -1, "device_end": -1}}, "FFC_sans_bias31": {"write": {"device_start": -1, "host_queued_start": 1585625793.89642, "device_queued": -1, "device_end": -1, "host_queued_end": 1585625793.905014}, "device": "cpu", "nd_range": {"device_start": 2293568.1805007593, "device_end": 2293568.185064026}, "cmdq": 0, "read": {"device_start": -1, "device_end": -1}}, "FFC_sans_bias38": {"write": {"device_start": -1, "host_queued_start": 1585625793.892944, "device_queued": -1, "device_end": -1, "host_queued_end": 1585625793.905014}, "device": "cpu", "nd_range": {"device_start": 2293568.1596741863, "device_end": 2293568.1656740704}, "cmdq": 0, "read": {"device_start": -1, "device_end": -1}}, "coalesced_transpose75": {"write": {"device_start": -1, "host_queued_start": 1585625793.851823, "device_queued": -1, "device_end": -1, "host_queued_end": 1585625793.869065}, "device": "gpu", "nd_range": {"device_start": 1585625727.3781612, "device_end": 1585625727.378179}, "cmdq": 1, "read": {"device_start": -1, "device_end": -1}}, "empty44": {"write": {"device_start": -1, "host_queued_start": 1585625793.874965, "device_queued": -1, "device_end": -1, "host_queued_end": 1585625793.905014}, "device": "cpu", "nd_range": {"device_start": 2293568.094645339, "device_end": 2293568.0946459332}, "cmdq": 0, "read": {"device_start": -1, "device_end": -1}}, "empty8": {"write": {"device_start": -1, "host_queued_start": 1585625793.870868, "device_queued": -1, "device_end": -1, "host_queued_end": 1585625793.905014}, "device": "cpu", "nd_range": {"device_start": 2293568.0945980153, "device_end": 2293568.094609493}, "cmdq": 0, "read": {"device_start": -1, "device_end": -1}}, "softmax50": {"write": {"device_start": -1, "host_queued_start": 1585625793.855977, "device_queued": -1, "device_end": -1, "host_queued_end": 1585625793.869065}, "device": "gpu", "nd_range": {"device_start": 1585625727.3812418, "device_end": 1585625727.3818324}, "cmdq": 0, "read": {"device_start": -1, "device_end": -1}}, "softmax59": {"write": {"device_start": -1, "host_queued_start": 1585625793.856235, "device_queued": -1, "device_end": -1, "host_queued_end": 1585625793.869065}, "device": "gpu", "nd_range": {"device_start": 1585625727.3817368, "device_end": 1585625727.3819404}, "cmdq": 1, "read": {"device_start": -1, "device_end": -1}}, "FFC_sans_bias24": {"write": {"device_start": -1, "host_queued_start": 1585625793.899139, "device_queued": -1, "device_end": -1, "host_queued_end": 1585625793.905014}, "device": "cpu", "nd_range": {"device_start": 2293568.205404253, "device_end": 2293568.214061092}, "cmdq": 0, "read": {"device_start": -1, "device_end": -1}}, "FFC_sans_bias25": {"write": {"device_start": -1, "host_queued_start": 1585625793.90292, "device_queued": -1, "device_end": -1, "host_queued_end": 1585625793.905014}, "device": "cpu", "nd_range": {"device_start": 2293568.238557905, "device_end": 2293568.243803576}, "cmdq": 0, "read": {"device_start": -1, "device_end": -1}}, "FFC_sans_bias27": {"write": {"device_start": -1, "host_queued_start": 1585625793.887071, "device_queued": -1, "device_end": -1, "host_queued_end": 1585625793.905014}, "device": "cpu", "nd_range": {"device_start": 2293568.136745675, "device_end": 2293568.140830067}, "cmdq": 0, "read": {"device_start": -1, "device_end": -1}}, "FFC_sans_bias20": {"write": {"device_start": -1, "host_queued_start": 1585625793.885831, "device_queued": -1, "device_end": -1, "host_queued_end": 1585625793.905014}, "device": "cpu", "nd_range": {"device_start": 2293568.1317018983, "device_end": 2293568.136740346}, "cmdq": 0, "read": {"device_start": -1, "device_end": -1}}, "FFC_sans_bias22": {"write": {"device_start": -1, "host_queued_start": 1585625793.89607, "device_queued": -1, "device_end": -1, "host_queued_end": 1585625793.905014}, "device": "cpu", "nd_range": {"device_start": 2293568.176108581, "device_end": 2293568.1804957963}, "cmdq": 0, "read": {"device_start": -1, "device_end": -1}}, "FFC_sans_bias28": {"write": {"device_start": -1, "host_queued_start": 1585625793.888156, "device_queued": -1, "device_end": -1, "host_queued_end": 1585625793.905014}, "device": "cpu", "nd_range": {"device_start": 2293568.140835648, "device_end": 2293568.144957094}, "cmdq": 0, "read": {"device_start": -1, "device_end": -1}}, "FFC_sans_bias29": {"write": {"device_start": -1, "host_queued_start": 1585625793.889229, "device_queued": -1, "device_end": -1, "host_queued_end": 1585625793.905014}, "device": "cpu", "nd_range": {"device_start": 2293568.1450978513, "device_end": 2293568.1508520143}, "cmdq": 0, "read": {"device_start": -1, "device_end": -1}}, "coalesced_transpose66": {"write": {"device_start": -1, "host_queued_start": 1585625793.851511, "device_queued": -1, "device_end": -1, "host_queued_end": 1585625793.869065}, "device": "gpu", "nd_range": {"device_start": 1585625727.377643, "device_end": 1585625727.3776722}, "cmdq": 0, "read": {"device_start": -1, "device_end": -1}}, "coalesced_transpose93": {"write": {"device_start": -1, "host_queued_start": 1585625793.852445, "device_queued": -1, "device_end": -1, "host_queued_end": 1585625793.869065}, "device": "gpu", "nd_range": {"device_start": 1585625727.378189, "device_end": 1585625727.3782065}, "cmdq": 1, "read": {"device_start": -1, "device_end": -1}}, "softmax23": {"write": {"device_start": -1, "host_queued_start": 1585625793.897592, "device_queued": -1, "device_end": -1, "host_queued_end": 1585625793.905014}, "device": "cpu", "nd_range": {"device_start": 2293568.1900533973, "device_end": 2293568.190169192}, "cmdq": 0, "read": {"device_start": -1, "device_end": -1}}, "empty62": {"write": {"device_start": 1585625727.3652594, "host_queued_start": 1585625793.820013, "device_queued": 1585625727.3651626, "device_end": 1585625727.3653324, "host_queued_end": 1585625793.869065}, "device": "gpu", "nd_range": {"device_start": 1585625727.3653388, "device_end": 1585625727.3653436}, "cmdq": 1, "read": {"device_start": -1, "device_end": -1}}, "FFC_sans_bias10": {"write": {"device_start": -1, "host_queued_start": 1585625793.881399, "device_queued": -1, "device_end": -1, "host_queued_end": 1585625793.905014}, "device": "cpu", "nd_range": {"device_start": 2293568.112207701, "device_end": 2293568.118578583}, "cmdq": 0, "read": {"device_start": -1, "device_end": -1}}, "FFC_sans_bias13": {"write": {"device_start": -1, "host_queued_start": 1585625793.895723, "device_queued": -1, "device_end": -1, "host_queued_end": 1585625793.905014}, "device": "cpu", "nd_range": {"device_start": 2293568.171185919, "device_end": 2293568.17610251}, "cmdq": 0, "read": {"device_start": -1, "device_end": -1}}, "FFC_sans_bias15": {"write": {"device_start": -1, "host_queued_start": 1585625793.8988, "device_queued": -1, "device_end": -1, "host_queued_end": 1585625793.905014}, "device": "cpu", "nd_range": {"device_start": 2293568.2000381923, "device_end": 2293568.205393307}, "cmdq": 0, "read": {"device_start": -1, "device_end": -1}}, "FFC_sans_bias16": {"write": {"device_start": -1, "host_queued_start": 1585625793.901895, "device_queued": -1, "device_end": -1, "host_queued_end": 1585625793.905014}, "device": "cpu", "nd_range": {"device_start": 2293568.2333035422, "device_end": 2293568.238553406}, "cmdq": 0, "read": {"device_start": -1, "device_end": -1}}, "FFC_sans_bias19": {"write": {"device_start": -1, "host_queued_start": 1585625793.884742, "device_queued": -1, "device_end": -1, "host_queued_end": 1585625793.905014}, "device": "cpu", "nd_range": {"device_start": 2293568.127405277, "device_end": 2293568.1316966633}, "cmdq": 0, "read": {"device_start": -1, "device_end": -1}}, "FFC_sans_bias18": {"write": {"device_start": -1, "host_queued_start": 1585625793.883673, "device_queued": -1, "device_end": -1, "host_queued_end": 1585625793.905014}, "device": "cpu", "nd_range": {"device_start": 2293568.122537808, "device_end": 2293568.127400069}, "cmdq": 0, "read": {"device_start": -1, "device_end": -1}}, "FFC_sans_bias99": {"write": {"device_start": 1585625727.3745475, "host_queued_start": 1585625793.845112, "device_queued": 1585625727.3677795, "device_end": 1585625727.3745782, "host_queued_end": 1585625793.869065}, "device": "gpu", "nd_range": {"device_start": 1585625727.3745823, "device_end": 1585625727.375387}, "cmdq": 0, "read": {"device_start": -1, "device_end": -1}}, "FFC_sans_bias91": {"write": {"device_start": 1585625727.3735602, "host_queued_start": 1585625793.843019, "device_queued": 1585625727.3675363, "device_end": 1585625727.3735938, "host_queued_end": 1585625793.869065}, "device": "gpu", "nd_range": {"device_start": 1585625727.3735993, "device_end": 1585625727.3744156}, "cmdq": 0, "read": {"device_start": -1, "device_end": -1}}, "FFC_sans_bias90": {"write": {"device_start": 1585625727.373077, "host_queued_start": 1585625793.841951, "device_queued": 1585625727.367373, "device_end": 1585625727.373108, "host_queued_end": 1585625793.869065}, "device": "gpu", "nd_range": {"device_start": 1585625727.3731134, "device_end": 1585625727.3738894}, "cmdq": 1, "read": {"device_start": -1, "device_end": -1}}, "coalesced_transpose12": {"write": {"device_start": -1, "host_queued_start": 1585625793.893822, "device_queued": -1, "device_end": -1, "host_queued_end": 1585625793.905014}, "device": "cpu", "nd_range": {"device_start": 2293568.165998618, "device_end": 2293568.166113209}, "cmdq": 0, "read": {"device_start": -1, "device_end": -1}}, "FFC_sans_bias94": {"write": {"device_start": -1, "host_queued_start": 1585625793.855046, "device_queued": -1, "device_end": -1, "host_queued_end": 1585625793.869065}, "device": "gpu", "nd_range": {"device_start": 1585625727.379837, "device_end": 1585625727.3808072}, "cmdq": 1, "read": {"device_start": -1, "device_end": -1}}, "FFC_sans_bias97": {"write": {"device_start": 1585625727.3886263, "host_queued_start": 1585625793.866837, "device_queued": 1585625727.3704495, "device_end": 1585625727.3886576, "host_queued_end": 1585625793.869065}, "device": "gpu", "nd_range": {"device_start": 1585625727.3886626, "device_end": 1585625727.3893113}, "cmdq": 1, "read": {"device_start": 1585625727.3893218, "device_end": 1585625727.3893466}}, "FFC_sans_bias96": {"write": {"device_start": -1, "host_queued_start": 1585625793.859742, "device_queued": -1, "device_end": -1, "host_queued_end": 1585625793.869065}, "device": "gpu", "nd_range": {"device_start": 1585625727.3844414, "device_end": 1585625727.3854332}, "cmdq": 1, "read": {"device_start": -1, "device_end": -1}}, "softmax32": {"write": {"device_start": -1, "host_queued_start": 1585625793.897859, "device_queued": -1, "device_end": -1, "host_queued_end": 1585625793.905014}, "device": "cpu", "nd_range": {"device_start": 2293568.190277269, "device_end": 2293568.190395397}, "cmdq": 0, "read": {"device_start": -1, "device_end": -1}}, "coalesced_transpose84": {"write": {"device_start": -1, "host_queued_start": 1585625793.852132, "device_queued": -1, "device_end": -1, "host_queued_end": 1585625793.869065}, "device": "gpu", "nd_range": {"device_start": 1585625727.3776872, "device_end": 1585625727.3777034}, "cmdq": 0, "read": {"device_start": -1, "device_end": -1}}, "empty98": {"write": {"device_start": 1585625727.365689, "host_queued_start": 1585625793.823376, "device_queued": 1585625727.3655062, "device_end": 1585625727.3657572, "host_queued_end": 1585625793.869065}, "device": "gpu", "nd_range": {"device_start": 1585625727.3657637, "device_end": 1585625727.365768}, "cmdq": 1, "read": {"device_start": -1, "device_end": -1}}, "empty107": {"write": {"device_start": 1585625727.365787, "host_queued_start": 1585625793.8242, "device_queued": 1585625727.3655446, "device_end": 1585625727.3658552, "host_queued_end": 1585625793.869065}, "device": "gpu", "nd_range": {"device_start": 1585625727.3658683, "device_end": 1585625727.3658726}, "cmdq": 0, "read": {"device_start": -1, "device_end": -1}}, "empty17": {"write": {"device_start": -1, "host_queued_start": 1585625793.871994, "device_queued": -1, "device_end": -1, "host_queued_end": 1585625793.905014}, "device": "cpu", "nd_range": {"device_start": 2293568.094627453, "device_end": 2293568.094628569}, "cmdq": 0, "read": {"device_start": -1, "device_end": -1}}, "FFC_sans_bias87": {"write": {"device_start": -1, "host_queued_start": 1585625793.859407, "device_queued": -1, "device_end": -1, "host_queued_end": 1585625793.869065}, "device": "gpu", "nd_range": {"device_start": 1585625727.3840299, "device_end": 1585625727.3850107}, "cmdq": 0, "read": {"device_start": -1, "device_end": -1}}, "FFC_sans_bias85": {"write": {"device_start": -1, "host_queued_start": 1585625793.854722, "device_queued": -1, "device_end": -1, "host_queued_end": 1585625793.869065}, "device": "gpu", "nd_range": {"device_start": 1585625727.3793192, "device_end": 1585625727.3802607}, "cmdq": 0, "read": {"device_start": -1, "device_end": -1}}, "FFC_sans_bias82": {"write": {"device_start": 1585625727.3720965, "host_queued_start": 1585625793.839845, "device_queued": 1585625727.367122, "device_end": 1585625727.3721287, "host_queued_end": 1585625793.869065}, "device": "gpu", "nd_range": {"device_start": 1585625727.3721337, "device_end": 1585625727.3729477}, "cmdq": 1, "read": {"device_start": -1, "device_end": -1}}, "FFC_sans_bias83": {"write": {"device_start": 1585625727.3725672, "host_queued_start": 1585625793.840901, "device_queued": 1585625727.367329, "device_end": 1585625727.3725986, "host_queued_end": 1585625793.869065}, "device": "gpu", "nd_range": {"device_start": 1585625727.3726037, "device_end": 1585625727.373432}, "cmdq": 0, "read": {"device_start": -1, "device_end": -1}}, "FFC_sans_bias81": {"write": {"device_start": 1585625727.3716066, "host_queued_start": 1585625793.838798, "device_queued": 1585625727.3670645, "device_end": 1585625727.3716328, "host_queued_end": 1585625793.869065}, "device": "gpu", "nd_range": {"device_start": 1585625727.371638, "device_end": 1585625727.3724396}, "cmdq": 0, "read": {"device_start": -1, "device_end": -1}}, "FFC_sans_bias88": {"write": {"device_start": 1585625727.3880587, "host_queued_start": 1585625793.865706, "device_queued": 1585625727.3704035, "device_end": 1585625727.3880863, "host_queued_end": 1585625793.869065}, "device": "gpu", "nd_range": {"device_start": 1585625727.3880904, "device_end": 1585625727.388814}, "cmdq": 0, "read": {"device_start": 1585625727.3888245, "device_end": 1585625727.3888495}}, "coalesced_transpose30": {"write": {"device_start": -1, "host_queued_start": 1585625793.894645, "device_queued": -1, "device_end": -1, "host_queued_end": 1585625793.905014}, "device": "cpu", "nd_range": {"device_start": 2293568.166487817, "device_end": 2293568.1665960043}, "cmdq": 0, "read": {"device_start": -1, "device_end": -1}}, "coalesced_transpose39": {"write": {"device_start": -1, "host_queued_start": 1585625793.895015, "device_queued": -1, "device_end": -1, "host_queued_end": 1585625793.905014}, "device": "cpu", "nd_range": {"device_start": 2293568.16672438, "device_end": 2293568.166826283}, "cmdq": 0, "read": {"device_start": -1, "device_end": -1}}, "FFC_sans_bias79": {"write": {"device_start": 1585625727.3876634, "host_queued_start": 1585625793.864643, "device_queued": 1585625727.3702497, "device_end": 1585625727.387694, "host_queued_end": 1585625793.869065}, "device": "gpu", "nd_range": {"device_start": 1585625727.3876975, "device_end": 1585625727.3883781}, "cmdq": 1, "read": {"device_start": 1585625727.388382, "device_end": 1585625727.3884103}}, "FFC_sans_bias78": {"write": {"device_start": -1, "host_queued_start": 1585625793.85908, "device_queued": -1, "device_end": -1, "host_queued_end": 1585625793.869065}, "device": "gpu", "nd_range": {"device_start": 1585625727.3834581, "device_end": 1585625727.38444}, "cmdq": 1, "read": {"device_start": -1, "device_end": -1}}, "FFC_sans_bias73": {"write": {"device_start": 1585625727.3706458, "host_queued_start": 1585625793.836649, "device_queued": 1585625727.3669116, "device_end": 1585625727.3706717, "host_queued_end": 1585625793.869065}, "device": "gpu", "nd_range": {"device_start": 1585625727.370676, "device_end": 1585625727.371473}, "cmdq": 0, "read": {"device_start": -1, "device_end": -1}}, "FFC_sans_bias72": {"write": {"device_start": 1585625727.3701491, "host_queued_start": 1585625793.835601, "device_queued": 1585625727.3667552, "device_end": 1585625727.3701756, "host_queued_end": 1585625793.869065}, "device": "gpu", "nd_range": {"device_start": 1585625727.3701816, "device_end": 1585625727.371012}, "cmdq": 1, "read": {"device_start": -1, "device_end": -1}}, "FFC_sans_bias70": {"write": {"device_start": 1585625727.3871815, "host_queued_start": 1585625793.863581, "device_queued": 1585625727.3702016, "device_end": 1585625727.387213, "host_queued_end": 1585625793.869065}, "device": "gpu", "nd_range": {"device_start": 1585625727.3872159, "device_end": 1585625727.387833}, "cmdq": 0, "read": {"device_start": 1585625727.387839, "device_end": 1585625727.387864}}, "FFC_sans_bias76": {"write": {"device_start": -1, "host_queued_start": 1585625793.854394, "device_queued": -1, "device_end": -1, "host_queued_end": 1585625793.869065}, "device": "gpu", "nd_range": {"device_start": 1585625727.3788457, "device_end": 1585625727.3798351}, "cmdq": 1, "read": {"device_start": -1, "device_end": -1}}, "FFC_sans_bias74": {"write": {"device_start": 1585625727.3711307, "host_queued_start": 1585625793.837708, "device_queued": 1585625727.3669465, "device_end": 1585625727.3711576, "host_queued_end": 1585625793.869065}, "device": "gpu", "nd_range": {"device_start": 1585625727.371162, "device_end": 1585625727.3719814}, "cmdq": 1, "read": {"device_start": -1, "device_end": -1}}, "coalesced_transpose102": {"write": {"device_start": -1, "host_queued_start": 1585625793.852755, "device_queued": -1, "device_end": -1, "host_queued_end": 1585625793.869065}, "device": "gpu", "nd_range": {"device_start": 1585625727.3777156, "device_end": 1585625727.3777277}, "cmdq": 0, "read": {"device_start": -1, "device_end": -1}}, "coalesced_transpose3": {"write": {"device_start": -1, "host_queued_start": 1585625793.893402, "device_queued": -1, "device_end": -1, "host_queued_end": 1585625793.905014}, "device": "cpu", "nd_range": {"device_start": 2293568.165679153, "device_end": 2293568.16585849}, "cmdq": 0, "read": {"device_start": -1, "device_end": -1}}, "empty89": {"write": {"device_start": 1585625727.3655808, "host_queued_start": 1585625793.822517, "device_queued": 1585625727.365455, "device_end": 1585625727.365652, "host_queued_end": 1585625793.869065}, "device": "gpu", "nd_range": {"device_start": 1585625727.3656588, "device_end": 1585625727.3656693}, "cmdq": 0, "read": {"device_start": -1, "device_end": -1}}, "empty80": {"write": {"device_start": 1585625727.365474, "host_queued_start": 1585625793.821703, "device_queued": 1585625727.365238, "device_end": 1585625727.3655355, "host_queued_end": 1585625793.869065}, "device": "gpu", "nd_range": {"device_start": 1585625727.3655403, "device_end": 1585625727.3655448}, "cmdq": 1, "read": {"device_start": -1, "device_end": -1}}, "empty116": {"write": {"device_start": 1585625727.3658738, "host_queued_start": 1585625793.82501, "device_queued": 1585625727.3656013, "device_end": 1585625727.3659399, "host_queued_end": 1585625793.869065}, "device": "gpu", "nd_range": {"device_start": 1585625727.365945, "device_end": 1585625727.3659503}, "cmdq": 1, "read": {"device_start": -1, "device_end": -1}}, "softmax104": {"write": {"device_start": -1, "host_queued_start": 1585625793.857499, "device_queued": -1, "device_end": -1, "host_queued_end": 1585625793.869065}, "device": "gpu", "nd_range": {"device_start": 1585625727.3822434, "device_end": 1585625727.382445}, "cmdq": 0, "read": {"device_start": -1, "device_end": -1}}, "coalesced_transpose21": {"write": {"device_start": -1, "host_queued_start": 1585625793.894244, "device_queued": -1, "device_end": -1, "host_queued_end": 1585625793.905014}, "device": "cpu", "nd_range": {"device_start": 2293568.16624875, "device_end": 2293568.1663600923}, "cmdq": 0, "read": {"device_start": -1, "device_end": -1}}, "softmax14": {"write": {"device_start": -1, "host_queued_start": 1585625793.89732, "device_queued": -1, "device_end": -1, "host_queued_end": 1585625793.905014}, "device": "cpu", "nd_range": {"device_start": 2293568.189809728, "device_end": 2293568.1899402463}, "cmdq": 0, "read": {"device_start": -1, "device_end": -1}}, "FFC_sans_bias69": {"write": {"device_start": -1, "host_queued_start": 1585625793.858732, "device_queued": -1, "device_end": -1, "host_queued_end": 1585625793.869065}, "device": "gpu", "nd_range": {"device_start": 1585625727.383058, "device_end": 1585625727.3840284}, "cmdq": 0, "read": {"device_start": -1, "device_end": -1}}, "FFC_sans_bias92": {"write": {"device_start": 1585625727.3740134, "host_queued_start": 1585625793.844068, "device_queued": 1585625727.3675873, "device_end": 1585625727.3740451, "host_queued_end": 1585625793.869065}, "device": "gpu", "nd_range": {"device_start": 1585625727.3740523, "device_end": 1585625727.3748624}, "cmdq": 1, "read": {"device_start": -1, "device_end": -1}}, "FFC_sans_bias60": {"write": {"device_start": -1, "host_queued_start": 1585625793.858404, "device_queued": -1, "device_end": -1, "host_queued_end": 1585625793.869065}, "device": "gpu", "nd_range": {"device_start": 1585625727.38267, "device_end": 1585625727.3834567}, "cmdq": 1, "read": {"device_start": -1, "device_end": -1}}, "FFC_sans_bias61": {"write": {"device_start": 1585625727.3865774, "host_queued_start": 1585625793.862501, "device_queued": 1585625727.3700116, "device_end": 1585625727.386611, "host_queued_end": 1585625793.869065}, "device": "gpu", "nd_range": {"device_start": 1585625727.3866162, "device_end": 1585625727.3874009}, "cmdq": 1, "read": {"device_start": 1585625727.387407, "device_end": 1585625727.3874335}}, "FFC_sans_bias63": {"write": {"device_start": 1585625727.3696663, "host_queued_start": 1585625793.83452, "device_queued": 1585625727.3667085, "device_end": 1585625727.3696914, "host_queued_end": 1585625793.869065}, "device": "gpu", "nd_range": {"device_start": 1585625727.369696, "device_end": 1585625727.3705184}, "cmdq": 0, "read": {"device_start": -1, "device_end": -1}}, "FFC_sans_bias64": {"write": {"device_start": 1585625727.368741, "host_queued_start": 1585625793.832404, "device_queued": 1585625727.36652, "device_end": 1585625727.3687665, "host_queued_end": 1585625793.869065}, "device": "gpu", "nd_range": {"device_start": 1585625727.3687708, "device_end": 1585625727.3695621}, "cmdq": 0, "read": {"device_start": -1, "device_end": -1}}, "FFC_sans_bias65": {"write": {"device_start": 1585625727.3692243, "host_queued_start": 1585625793.833464, "device_queued": 1585625727.3665648, "device_end": 1585625727.3692563, "host_queued_end": 1585625793.869065}, "device": "gpu", "nd_range": {"device_start": 1585625727.3692608, "device_end": 1585625727.370039}, "cmdq": 1, "read": {"device_start": -1, "device_end": -1}}, "FFC_sans_bias67": {"write": {"device_start": -1, "host_queued_start": 1585625793.854071, "device_queued": -1, "device_end": -1, "host_queued_end": 1585625793.869065}, "device": "gpu", "nd_range": {"device_start": 1585625727.3783305, "device_end": 1585625727.3793168}, "cmdq": 0, "read": {"device_start": -1, "device_end": -1}}, "coalesced_transpose111": {"write": {"device_start": -1, "host_queued_start": 1585625793.853066, "device_queued": -1, "device_end": -1, "host_queued_end": 1585625793.869065}, "device": "gpu", "nd_range": {"device_start": 1585625727.3782203, "device_end": 1585625727.3782394}, "cmdq": 1, "read": {"device_start": -1, "device_end": -1}}, "softmax68": {"write": {"device_start": -1, "host_queued_start": 1585625793.856482, "device_queued": -1, "device_end": -1, "host_queued_end": 1585625793.869065}, "device": "gpu", "nd_range": {"device_start": 1585625727.3818336, "device_end": 1585625727.38204}, "cmdq": 0, "read": {"device_start": -1, "device_end": -1}}, "empty35": {"write": {"device_start": -1, "host_queued_start": 1585625793.874036, "device_queued": -1, "device_end": -1, "host_queued_end": 1585625793.905014}, "device": "cpu", "nd_range": {"device_start": 2293568.094640157, "device_end": 2293568.0946407393}, "cmdq": 0, "read": {"device_start": -1, "device_end": -1}}, "softmax86": {"write": {"device_start": -1, "host_queued_start": 1585625793.856991, "device_queued": -1, "device_end": -1, "host_queued_end": 1585625793.869065}, "device": "gpu", "nd_range": {"device_start": 1585625727.3820412, "device_end": 1585625727.3822422}, "cmdq": 0, "read": {"device_start": -1, "device_end": -1}}, "FFC_sans_bias55": {"write": {"device_start": 1585625727.3682296, "host_queued_start": 1585625793.831344, "device_queued": 1585625727.366354, "device_end": 1585625727.368257, "host_queued_end": 1585625793.869065}, "device": "gpu", "nd_range": {"device_start": 1585625727.3682606, "device_end": 1585625727.3690455}, "cmdq": 1, "read": {"device_start": -1, "device_end": -1}}, "FFC_sans_bias54": {"write": {"device_start": 1585625727.3677745, "host_queued_start": 1585625793.830265, "device_queued": 1585625727.3663087, "device_end": 1585625727.367801, "host_queued_end": 1585625793.869065}, "device": "gpu", "nd_range": {"device_start": 1585625727.3678055, "device_end": 1585625727.3686156}, "cmdq": 0, "read": {"device_start": -1, "device_end": -1}}, "FFC_sans_bias56": {"write": {"device_start": 1585625727.3671606, "host_queued_start": 1585625793.829215, "device_queued": 1585625727.3661628, "device_end": 1585625727.3671927, "host_queued_end": 1585625793.869065}, "device": "gpu", "nd_range": {"device_start": 1585625727.3671958, "device_end": 1585625727.3680627}, "cmdq": 1, "read": {"device_start": -1, "device_end": -1}}, "FFC_sans_bias51": {"write": {"device_start": -1, "host_queued_start": 1585625793.85808, "device_queued": -1, "device_end": -1, "host_queued_end": 1585625793.869065}, "device": "gpu", "nd_range": {"device_start": 1585625727.3824468, "device_end": 1585625727.3830566}, "cmdq": 0, "read": {"device_start": -1, "device_end": -1}}, "FFC_sans_bias52": {"write": {"device_start": 1585625727.3861444, "host_queued_start": 1585625793.861429, "device_queued": 1585625727.3699574, "device_end": 1585625727.3861742, "host_queued_end": 1585625793.869065}, "device": "gpu", "nd_range": {"device_start": 1585625727.3861783, "device_end": 1585625727.3868923}, "cmdq": 0, "read": {"device_start": 1585625727.3868995, "device_end": 1585625727.3869247}}, "FFC_sans_bias58": {"write": {"device_start": -1, "host_queued_start": 1585625793.853746, "device_queued": -1, "device_end": -1, "host_queued_end": 1585625793.869065}, "device": "gpu", "nd_range": {"device_start": 1585625727.3782403, "device_end": 1585625727.3788435}, "cmdq": 1, "read": {"device_start": -1, "device_end": -1}}, "FFC_sans_bias108": {"write": {"device_start": 1585625727.3759797, "host_queued_start": 1585625793.848307, "device_queued": 1585625727.367996, "device_end": 1585625727.3760118, "host_queued_end": 1585625793.869065}, "device": "gpu", "nd_range": {"device_start": 1585625727.376017, "device_end": 1585625727.3768275}, "cmdq": 1, "read": {"device_start": -1, "device_end": -1}}, "FFC_sans_bias109": {"write": {"device_start": 1585625727.376488, "host_queued_start": 1585625793.849352, "device_queued": 1585625727.3681462, "device_end": 1585625727.3765204, "host_queued_end": 1585625793.869065}, "device": "gpu", "nd_range": {"device_start": 1585625727.376525, "device_end": 1585625727.3773055}, "cmdq": 0, "read": {"device_start": -1, "device_end": -1}}, "FFC_sans_bias103": {"write": {"device_start": -1, "host_queued_start": 1585625793.855372, "device_queued": -1, "device_end": -1, "host_queued_end": 1585625793.869065}, "device": "gpu", "nd_range": {"device_start": 1585625727.3802629, "device_end": 1585625727.3812401}, "cmdq": 0, "read": {"device_start": -1, "device_end": -1}}, "FFC_sans_bias100": {"write": {"device_start": 1585625727.3749921, "host_queued_start": 1585625793.846187, "device_queued": 1585625727.367829, "device_end": 1585625727.3750231, "host_queued_end": 1585625793.869065}, "device": "gpu", "nd_range": {"device_start": 1585625727.375028, "device_end": 1585625727.375847}, "cmdq": 1, "read": {"device_start": -1, "device_end": -1}}, "FFC_sans_bias101": {"write": {"device_start": 1585625727.375524, "host_queued_start": 1585625793.84726, "device_queued": 1585625727.3679607, "device_end": 1585625727.3755627, "host_queued_end": 1585625793.869065}, "device": "gpu", "nd_range": {"device_start": 1585625727.3755732, "device_end": 1585625727.376352}, "cmdq": 0, "read": {"device_start": -1, "device_end": -1}}, "FFC_sans_bias106": {"write": {"device_start": 1585625727.3890707, "host_queued_start": 1585625793.867902, "device_queued": 1585625727.370651, "device_end": 1585625727.3891006, "host_queued_end": 1585625793.869065}, "device": "gpu", "nd_range": {"device_start": 1585625727.3891032, "device_end": 1585625727.3897994}, "cmdq": 0, "read": {"device_start": 1585625727.3898044, "device_end": 1585625727.389828}}, "FFC_sans_bias105": {"write": {"device_start": -1, "host_queued_start": 1585625793.860062, "device_queued": -1, "device_end": -1, "host_queued_end": 1585625793.869065}, "device": "gpu", "nd_range": {"device_start": 1585625727.385012, "device_end": 1585625727.385959}, "cmdq": 0, "read": {"device_start": -1, "device_end": -1}}, "softmax95": {"write": {"device_start": -1, "host_queued_start": 1585625793.857246, "device_queued": -1, "device_end": -1, "host_queued_end": 1585625793.869065}, "device": "gpu", "nd_range": {"device_start": 1585625727.3821497, "device_end": 1585625727.3823512}, "cmdq": 1, "read": {"device_start": -1, "device_end": -1}}, "coalesced_transpose57": {"write": {"device_start": -1, "host_queued_start": 1585625793.851198, "device_queued": -1, "device_end": -1, "host_queued_end": 1585625793.869065}, "device": "gpu", "nd_range": {"device_start": 1585625727.3777883, "device_end": 1585625727.3781545}, "cmdq": 1, "read": {"device_start": -1, "device_end": -1}}, "empty26": {"write": {"device_start": -1, "host_queued_start": 1585625793.873017, "device_queued": -1, "device_end": -1, "host_queued_end": 1585625793.905014}, "device": "cpu", "nd_range": {"device_start": 2293568.0946345013, "device_end": 2293568.0946351453}, "cmdq": 0, "read": {"device_start": -1, "device_end": -1}}, "softmax113": {"write": {"device_start": -1, "host_queued_start": 1585625793.857758, "device_queued": -1, "device_end": -1, "host_queued_end": 1585625793.869065}, "device": "gpu", "nd_range": {"device_start": 1585625727.3823528, "device_end": 1585625727.3826685}, "cmdq": 1, "read": {"device_start": -1, "device_end": -1}}, "FFC_sans_bias11": {"write": {"device_start": -1, "host_queued_start": 1585625793.882593, "device_queued": -1, "device_end": -1, "host_queued_end": 1585625793.905014}, "device": "cpu", "nd_range": {"device_start": 2293568.1185837314, "device_end": 2293568.122532286}, "cmdq": 0, "read": {"device_start": -1, "device_end": -1}}, "FFC_sans_bias42": {"write": {"device_start": -1, "host_queued_start": 1585625793.899815, "device_queued": -1, "device_end": -1, "host_queued_end": 1585625793.905014}, "device": "cpu", "nd_range": {"device_start": 2293568.2195662623, "device_end": 2293568.22489697}, "cmdq": 0, "read": {"device_start": -1, "device_end": -1}}, "FFC_sans_bias43": {"write": {"device_start": -1, "host_queued_start": 1585625793.904965, "device_queued": -1, "device_end": -1, "host_queued_end": 1585625793.905014}, "device": "cpu", "nd_range": {"device_start": 2293568.2502435953, "device_end": 2293568.256417205}, "cmdq": 0, "read": {"device_start": -1, "device_end": -1}}, "FFC_sans_bias40": {"write": {"device_start": -1, "host_queued_start": 1585625793.896764, "device_queued": -1, "device_end": -1, "host_queued_end": 1585625793.905014}, "device": "cpu", "nd_range": {"device_start": 2293568.185069847, "device_end": 2293568.1895217793}, "cmdq": 0, "read": {"device_start": -1, "device_end": -1}}, "FFC_sans_bias46": {"write": {"device_start": 1585625727.3660731, "host_queued_start": 1585625793.827098, "device_queued": 1585625727.365931, "device_end": 1585625727.3660982, "host_queued_end": 1585625793.869065}, "device": "gpu", "nd_range": {"device_start": 1585625727.3661022, "device_end": 1585625727.36707}, "cmdq": 1, "read": {"device_start": -1, "device_end": -1}}, "FFC_sans_bias47": {"write": {"device_start": 1585625727.3667805, "host_queued_start": 1585625793.828158, "device_queued": 1585625727.3661084, "device_end": 1585625727.3668067, "host_queued_end": 1585625793.869065}, "device": "gpu", "nd_range": {"device_start": 1585625727.3668108, "device_end": 1585625727.3676455}, "cmdq": 0, "read": {"device_start": -1, "device_end": -1}}, "FFC_sans_bias45": {"write": {"device_start": 1585625727.365989, "host_queued_start": 1585625793.825991, "device_queued": 1585625727.365868, "device_end": 1585625727.3660553, "host_queued_end": 1585625793.869065}, "device": "gpu", "nd_range": {"device_start": 1585625727.3660622, "device_end": 1585625727.3666701}, "cmdq": 0, "read": {"device_start": -1, "device_end": -1}}, "FFC_sans_bias49": {"write": {"device_start": -1, "host_queued_start": 1585625793.853397, "device_queued": -1, "device_end": -1, "host_queued_end": 1585625793.869065}, "device": "gpu", "nd_range": {"device_start": 1585625727.377729, "device_end": 1585625727.3783283}, "cmdq": 0, "read": {"device_start": -1, "device_end": -1}}, "softmax77": {"write": {"device_start": -1, "host_queued_start": 1585625793.856733, "device_queued": -1, "device_end": -1, "host_queued_end": 1585625793.869065}, "device": "gpu", "nd_range": {"device_start": 1585625727.3819416, "device_end": 1585625727.3821483}, "cmdq": 1, "read": {"device_start": -1, "device_end": -1}}, "FFC_sans_bias115": {"write": {"device_start": 1585625727.389541, "host_queued_start": 1585625793.868962, "device_queued": 1585625727.3707042, "device_end": 1585625727.3895721, "host_queued_end": 1585625793.869065}, "device": "gpu", "nd_range": {"device_start": 1585625727.389575, "device_end": 1585625727.3902607}, "cmdq": 1, "read": {"device_start": 1585625727.3902647, "device_end": 1585625727.3902876}}, "FFC_sans_bias114": {"write": {"device_start": -1, "host_queued_start": 1585625793.860384, "device_queued": -1, "device_end": -1, "host_queued_end": 1585625793.869065}, "device": "gpu", "nd_range": {"device_start": 1585625727.3854349, "device_end": 1585625727.386419}, "cmdq": 1, "read": {"device_start": -1, "device_end": -1}}, "softmax5": {"write": {"device_start": -1, "host_queued_start": 1585625793.897056, "device_queued": -1, "device_end": -1, "host_queued_end": 1585625793.905014}, "device": "cpu", "nd_range": {"device_start": 2293568.189527165, "device_end": 2293568.1896651313}, "cmdq": 0, "read": {"device_start": -1, "device_end": -1}}, "FFC_sans_bias110": {"write": {"device_start": 1585625727.3769546, "host_queued_start": 1585625793.850404, "device_queued": 1585625727.3682036, "device_end": 1585625727.3769863, "host_queued_end": 1585625793.869065}, "device": "gpu", "nd_range": {"device_start": 1585625727.3769925, "device_end": 1585625727.3777864}, "cmdq": 1, "read": {"device_start": -1, "device_end": -1}}, "FFC_sans_bias112": {"write": {"device_start": -1, "host_queued_start": 1585625793.855719, "device_queued": -1, "device_end": -1, "host_queued_end": 1585625793.869065}, "device": "gpu", "nd_range": {"device_start": 1585625727.3808088, "device_end": 1585625727.381735}, "cmdq": 1, "read": {"device_start": -1, "device_end": -1}}, "empty53": {"write": {"device_start": 1585625727.3651505, "host_queued_start": 1585625793.818864, "device_queued": 1585625727.3650208, "device_end": 1585625727.3651762, "host_queued_end": 1585625793.869065}, "device": "gpu", "nd_range": {"device_start": 1585625727.365179, "device_end": 1585625727.365184}, "cmdq": 0, "read": {"device_start": -1, "device_end": -1}}, "coalesced_transpose48": {"write": {"device_start": -1, "host_queued_start": 1585625793.850878, "device_queued": -1, "device_end": -1, "host_queued_end": 1585625793.869065}, "device": "gpu", "nd_range": {"device_start": 1585625727.3773077, "device_end": 1585625727.3776402}, "cmdq": 0, "read": {"device_start": -1, "device_end": -1}}}