{"FFC_sans_bias4": {"write": {"device_start": -1, "host_queued_start": 1585627490.291632, "device_queued": -1, "device_end": -1, "host_queued_end": 1585627490.318954}, "device": "gpu", "nd_range": {"device_start": 1585627423.7940788, "device_end": 1585627423.796113}, "cmdq": 0, "read": {"device_start": -1, "device_end": -1}}, "FFC_sans_bias7": {"write": {"device_start": 1585627423.8045352, "host_queued_start": 1585627490.304995, "device_queued": 1585627423.7794425, "device_end": 1585627423.804567, "host_queued_end": 1585627490.318954}, "device": "gpu", "nd_range": {"device_start": 1585627423.8045979, "device_end": 1585627423.8068328}, "cmdq": 2, "read": {"device_start": 1585627423.806844, "device_end": 1585627423.806869}}, "FFC_sans_bias6": {"write": {"device_start": -1, "host_queued_start": 1585627490.299712, "device_queued": -1, "device_end": -1, "host_queued_end": 1585627490.318954}, "device": "gpu", "nd_range": {"device_start": 1585627423.7999637, "device_end": 1585627423.80056}, "cmdq": 3, "read": {"device_start": -1, "device_end": -1}}, "FFC_sans_bias1": {"write": {"device_start": 1585627423.772579, "host_queued_start": 1585627490.2446, "device_queued": 1585627423.7717257, "device_end": 1585627423.7726483, "host_queued_end": 1585627490.318954}, "device": "gpu", "nd_range": {"device_start": 1585627423.7726662, "device_end": 1585627423.7732708}, "cmdq": 0, "read": {"device_start": -1, "device_end": -1}}, "FFC_sans_bias0": {"write": {"device_start": 1585627423.7716806, "host_queued_start": 1585627490.243556, "device_queued": 1585627423.7714202, "device_end": 1585627423.7717044, "host_queued_end": 1585627490.318954}, "device": "gpu", "nd_range": {"device_start": 1585627423.7717073, "device_end": 1585627423.7723074}, "cmdq": 4, "read": {"device_start": -1, "device_end": -1}}, "FFC_sans_bias2": {"write": {"device_start": 1585627423.7726672, "host_queued_start": 1585627490.245655, "device_queued": 1585627423.771763, "device_end": 1585627423.772719, "host_queued_end": 1585627490.318954}, "device": "gpu", "nd_range": {"device_start": 1585627423.7727349, "device_end": 1585627423.7736773}, "cmdq": 1, "read": {"device_start": -1, "device_end": -1}}, "coalesced_transpose120": {"write": {"device_start": -1, "host_queued_start": 1585627490.291313, "device_queued": -1, "device_end": -1, "host_queued_end": 1585627490.318954}, "device": "gpu", "nd_range": {"device_start": 1585627423.7925978, "device_end": 1585627423.7926998}, "cmdq": 4, "read": {"device_start": -1, "device_end": -1}}, "FFC_sans_bias9": {"write": {"device_start": 1585627423.7727587, "host_queued_start": 1585627490.246768, "device_queued": 1585627423.7717752, "device_end": 1585627423.7728016, "host_queued_end": 1585627490.318954}, "device": "gpu", "nd_range": {"device_start": 1585627423.7728083, "device_end": 1585627423.7742264}, "cmdq": 2, "read": {"device_start": -1, "device_end": -1}}, "empty71": {"write": {"device_start": 1585627423.7710252, "host_queued_start": 1585627490.237481, "device_queued": 1585627423.770787, "device_end": 1585627423.7710986, "host_queued_end": 1585627490.318954}, "device": "gpu", "nd_range": {"device_start": 1585627423.7711043, "device_end": 1585627423.771123}, "cmdq": 2, "read": {"device_start": -1, "device_end": -1}}, "softmax41": {"write": {"device_start": -1, "host_queued_start": 1585627490.29707, "device_queued": -1, "device_end": -1, "host_queued_end": 1585627490.318954}, "device": "gpu", "nd_range": {"device_start": 1585627423.7990425, "device_end": 1585627423.7997048}, "cmdq": 3, "read": {"device_start": -1, "device_end": -1}}, "FFC_sans_bias37": {"write": {"device_start": 1585627423.7767537, "host_queued_start": 1585627490.257396, "device_queued": 1585627423.7726514, "device_end": 1585627423.7767859, "host_queued_end": 1585627490.318954}, "device": "gpu", "nd_range": {"device_start": 1585627423.776791, "device_end": 1585627423.779061}, "cmdq": 2, "read": {"device_start": -1, "device_end": -1}}, "FFC_sans_bias36": {"write": {"device_start": 1585627423.7762637, "host_queued_start": 1585627490.25636, "device_queued": 1585627423.7726274, "device_end": 1585627423.7762952, "host_queued_end": 1585627490.318954}, "device": "gpu", "nd_range": {"device_start": 1585627423.776302, "device_end": 1585627423.7785928}, "cmdq": 1, "read": {"device_start": -1, "device_end": -1}}, "FFC_sans_bias34": {"write": {"device_start": 1585627423.8079064, "host_queued_start": 1585627490.308186, "device_queued": 1585627423.7798145, "device_end": 1585627423.8079383, "host_queued_end": 1585627490.318954}, "device": "gpu", "nd_range": {"device_start": 1585627423.807969, "device_end": 1585627423.80924}, "cmdq": 0, "read": {"device_start": 1585627423.809253, "device_end": 1585627423.8092773}}, "FFC_sans_bias33": {"write": {"device_start": -1, "host_queued_start": 1585627490.3007, "device_queued": -1, "device_end": -1, "host_queued_end": 1585627490.318954}, "device": "gpu", "nd_range": {"device_start": 1585627423.8001077, "device_end": 1585627423.8015227}, "cmdq": 1, "read": {"device_start": -1, "device_end": -1}}, "FFC_sans_bias31": {"write": {"device_start": -1, "host_queued_start": 1585627490.292592, "device_queued": -1, "device_end": -1, "host_queued_end": 1585627490.318954}, "device": "gpu", "nd_range": {"device_start": 1585627423.7926953, "device_end": 1585627423.7942212}, "cmdq": 3, "read": {"device_start": -1, "device_end": -1}}, "FFC_sans_bias38": {"write": {"device_start": 1585627423.7772186, "host_queued_start": 1585627490.258447, "device_queued": 1585627423.772824, "device_end": 1585627423.7772498, "host_queued_end": 1585627490.318954}, "device": "gpu", "nd_range": {"device_start": 1585627423.7772586, "device_end": 1585627423.7794852}, "cmdq": 3, "read": {"device_start": -1, "device_end": -1}}, "coalesced_transpose75": {"write": {"device_start": -1, "host_queued_start": 1585627490.289777, "device_queued": -1, "device_end": -1, "host_queued_end": 1585627490.318954}, "device": "gpu", "nd_range": {"device_start": 1585627423.7925062, "device_end": 1585627423.7925956}, "cmdq": 4, "read": {"device_start": -1, "device_end": -1}}, "empty44": {"write": {"device_start": 1585627423.7707243, "host_queued_start": 1585627490.234809, "device_queued": 1585627423.7706096, "device_end": 1585627423.770782, "host_queued_end": 1585627490.318954}, "device": "gpu", "nd_range": {"device_start": 1585627423.7707887, "device_end": 1585627423.7708}, "cmdq": 4, "read": {"device_start": -1, "device_end": -1}}, "empty8": {"write": {"device_start": 1585627423.7702367, "host_queued_start": 1585627490.231127, "device_queued": 1585627423.7701054, "device_end": 1585627423.7702713, "host_queued_end": 1585627490.318954}, "device": "gpu", "nd_range": {"device_start": 1585627423.7703009, "device_end": 1585627423.7703156}, "cmdq": 0, "read": {"device_start": -1, "device_end": -1}}, "softmax50": {"write": {"device_start": -1, "host_queued_start": 1585627490.297329, "device_queued": -1, "device_end": -1, "host_queued_end": 1585627490.318954}, "device": "gpu", "nd_range": {"device_start": 1585627423.7995572, "device_end": 1585627423.7997804}, "cmdq": 4, "read": {"device_start": -1, "device_end": -1}}, "softmax59": {"write": {"device_start": -1, "host_queued_start": 1585627490.297581, "device_queued": -1, "device_end": -1, "host_queued_end": 1585627490.318954}, "device": "gpu", "nd_range": {"device_start": 1585627423.7997613, "device_end": 1585627423.799983}, "cmdq": 0, "read": {"device_start": -1, "device_end": -1}}, "FFC_sans_bias24": {"write": {"device_start": -1, "host_queued_start": 1585627490.300379, "device_queued": -1, "device_end": -1, "host_queued_end": 1585627490.318954}, "device": "gpu", "nd_range": {"device_start": 1585627423.8007498, "device_end": 1585627423.8029594}, "cmdq": 0, "read": {"device_start": -1, "device_end": -1}}, "FFC_sans_bias25": {"write": {"device_start": 1585627423.806005, "host_queued_start": 1585627490.307125, "device_queued": 1585627423.7794852, "device_end": 1585627423.8060365, "host_queued_end": 1585627490.318954}, "device": "gpu", "nd_range": {"device_start": 1585627423.80606, "device_end": 1585627423.8082826}, "cmdq": 4, "read": {"device_start": 1585627423.8083045, "device_end": 1585627423.8083403}}, "FFC_sans_bias27": {"write": {"device_start": 1585627423.77485, "host_queued_start": 1585627490.253202, "device_queued": 1585627423.7722316, "device_end": 1585627423.7748756, "host_queued_end": 1585627490.318954}, "device": "gpu", "nd_range": {"device_start": 1585627423.7748873, "device_end": 1585627423.7771125}, "cmdq": 3, "read": {"device_start": -1, "device_end": -1}}, "FFC_sans_bias20": {"write": {"device_start": 1585627423.7743537, "host_queued_start": 1585627490.252167, "device_queued": 1585627423.7722173, "device_end": 1585627423.7743845, "host_queued_end": 1585627490.318954}, "device": "gpu", "nd_range": {"device_start": 1585627423.7743893, "device_end": 1585627423.7766488}, "cmdq": 2, "read": {"device_start": -1, "device_end": -1}}, "FFC_sans_bias22": {"write": {"device_start": -1, "host_queued_start": 1585627490.29227, "device_queued": -1, "device_end": -1, "host_queued_end": 1585627490.318954}, "device": "gpu", "nd_range": {"device_start": 1585627423.7926686, "device_end": 1585627423.7936494}, "cmdq": 2, "read": {"device_start": -1, "device_end": -1}}, "FFC_sans_bias28": {"write": {"device_start": 1585627423.7753208, "host_queued_start": 1585627490.254241, "device_queued": 1585627423.7722466, "device_end": 1585627423.7753503, "host_queued_end": 1585627490.318954}, "device": "gpu", "nd_range": {"device_start": 1585627423.7753565, "device_end": 1585627423.7776341}, "cmdq": 4, "read": {"device_start": -1, "device_end": -1}}, "FFC_sans_bias29": {"write": {"device_start": 1585627423.7757943, "host_queued_start": 1585627490.255319, "device_queued": 1585627423.7725623, "device_end": 1585627423.7758257, "host_queued_end": 1585627490.318954}, "device": "gpu", "nd_range": {"device_start": 1585627423.77583, "device_end": 1585627423.7780755}, "cmdq": 0, "read": {"device_start": -1, "device_end": -1}}, "coalesced_transpose66": {"write": {"device_start": -1, "host_queued_start": 1585627490.289471, "device_queued": -1, "device_end": -1, "host_queued_end": 1585627490.318954}, "device": "gpu", "nd_range": {"device_start": 1585627423.7924995, "device_end": 1585627423.792569}, "cmdq": 3, "read": {"device_start": -1, "device_end": -1}}, "coalesced_transpose93": {"write": {"device_start": -1, "host_queued_start": 1585627490.290389, "device_queued": -1, "device_end": -1, "host_queued_end": 1585627490.318954}, "device": "gpu", "nd_range": {"device_start": 1585627423.7925382, "device_end": 1585627423.792615}, "cmdq": 1, "read": {"device_start": -1, "device_end": -1}}, "softmax23": {"write": {"device_start": -1, "host_queued_start": 1585627490.296563, "device_queued": -1, "device_end": -1, "host_queued_end": 1585627490.318954}, "device": "gpu", "nd_range": {"device_start": 1585627423.7976332, "device_end": 1585627423.799563}, "cmdq": 1, "read": {"device_start": -1, "device_end": -1}}, "empty62": {"write": {"device_start": 1585627423.7709193, "host_queued_start": 1585627490.236671, "device_queued": 1585627423.7707675, "device_end": 1585627423.7709768, "host_queued_end": 1585627490.318954}, "device": "gpu", "nd_range": {"device_start": 1585627423.7710621, "device_end": 1585627423.7711034}, "cmdq": 1, "read": {"device_start": -1, "device_end": -1}}, "FFC_sans_bias10": {"write": {"device_start": 1585627423.7728407, "host_queued_start": 1585627490.247855, "device_queued": 1585627423.7718801, "device_end": 1585627423.7728987, "host_queued_end": 1585627490.318954}, "device": "gpu", "nd_range": {"device_start": 1585627423.7729049, "device_end": 1585627423.77467}, "cmdq": 3, "read": {"device_start": -1, "device_end": -1}}, "FFC_sans_bias13": {"write": {"device_start": -1, "host_queued_start": 1585627490.291951, "device_queued": -1, "device_end": -1, "host_queued_end": 1585627490.318954}, "device": "gpu", "nd_range": {"device_start": 1585627423.7926385, "device_end": 1585627423.7932453}, "cmdq": 1, "read": {"device_start": -1, "device_end": -1}}, "FFC_sans_bias15": {"write": {"device_start": -1, "host_queued_start": 1585627490.300062, "device_queued": -1, "device_end": -1, "host_queued_end": 1585627490.318954}, "device": "gpu", "nd_range": {"device_start": 1585627423.8000636, "device_end": 1585627423.8010256}, "cmdq": 4, "read": {"device_start": -1, "device_end": -1}}, "FFC_sans_bias16": {"write": {"device_start": 1585627423.8050494, "host_queued_start": 1585627490.306068, "device_queued": 1585627423.7794664, "device_end": 1585627423.8050807, "host_queued_end": 1585627490.318954}, "device": "gpu", "nd_range": {"device_start": 1585627423.805108, "device_end": 1585627423.807323}, "cmdq": 3, "read": {"device_start": 1585627423.8073294, "device_end": 1585627423.8073542}}, "FFC_sans_bias19": {"write": {"device_start": 1585627423.7737732, "host_queued_start": 1585627490.251107, "device_queued": 1585627423.7722003, "device_end": 1585627423.7738037, "host_queued_end": 1585627490.318954}, "device": "gpu", "nd_range": {"device_start": 1585627423.7738087, "device_end": 1585627423.7761497}, "cmdq": 1, "read": {"device_start": -1, "device_end": -1}}, "FFC_sans_bias18": {"write": {"device_start": 1585627423.7733526, "host_queued_start": 1585627490.250039, "device_queued": 1585627423.7720683, "device_end": 1585627423.773383, "host_queued_end": 1585627490.318954}, "device": "gpu", "nd_range": {"device_start": 1585627423.773387, "device_end": 1585627423.7756608}, "cmdq": 0, "read": {"device_start": -1, "device_end": -1}}, "FFC_sans_bias99": {"write": {"device_start": 1585627423.786382, "host_queued_start": 1585627490.278546, "device_queued": 1585627423.7748518, "device_end": 1585627423.7864087, "host_queued_end": 1585627490.318954}, "device": "gpu", "nd_range": {"device_start": 1585627423.7864187, "device_end": 1585627423.7887166}, "cmdq": 2, "read": {"device_start": -1, "device_end": -1}}, "FFC_sans_bias91": {"write": {"device_start": 1585627423.7854254, "host_queued_start": 1585627490.276457, "device_queued": 1585627423.7747562, "device_end": 1585627423.785452, "host_queued_end": 1585627490.318954}, "device": "gpu", "nd_range": {"device_start": 1585627423.785461, "device_end": 1585627423.787753}, "cmdq": 0, "read": {"device_start": -1, "device_end": -1}}, "FFC_sans_bias90": {"write": {"device_start": 1585627423.7849252, "host_queued_start": 1585627490.27534, "device_queued": 1585627423.774441, "device_end": 1585627423.7849512, "host_queued_end": 1585627490.318954}, "device": "gpu", "nd_range": {"device_start": 1585627423.7849588, "device_end": 1585627423.787264}, "cmdq": 4, "read": {"device_start": -1, "device_end": -1}}, "coalesced_transpose12": {"write": {"device_start": -1, "host_queued_start": 1585627490.287621, "device_queued": -1, "device_end": -1, "host_queued_end": 1585627490.318954}, "device": "gpu", "nd_range": {"device_start": 1585627423.791122, "device_end": 1585627423.7924771}, "cmdq": 2, "read": {"device_start": -1, "device_end": -1}}, "FFC_sans_bias94": {"write": {"device_start": -1, "host_queued_start": 1585627490.29484, "device_queued": -1, "device_end": -1, "host_queued_end": 1585627490.318954}, "device": "gpu", "nd_range": {"device_start": 1585627423.7986135, "device_end": 1585627423.7995052}, "cmdq": 0, "read": {"device_start": -1, "device_end": -1}}, "FFC_sans_bias97": {"write": {"device_start": 1585627423.8101041, "host_queued_start": 1585627490.31561, "device_queued": 1585627423.7806704, "device_end": 1585627423.8101294, "host_queued_end": 1585627490.318954}, "device": "gpu", "nd_range": {"device_start": 1585627423.810158, "device_end": 1585627423.8121417}, "cmdq": 2, "read": {"device_start": 1585627423.8121524, "device_end": 1585627423.8121753}}, "FFC_sans_bias96": {"write": {"device_start": -1, "host_queued_start": 1585627490.302992, "device_queued": -1, "device_end": -1, "host_queued_end": 1585627490.318954}, "device": "gpu", "nd_range": {"device_start": 1585627423.8024943, "device_end": 1585627423.8049169}, "cmdq": 3, "read": {"device_start": -1, "device_end": -1}}, "FFC_sans_bias124": {"write": {"device_start": 1585627423.8113606, "host_queued_start": 1585627490.318826, "device_queued": 1585627423.781087, "device_end": 1585627423.8113859, "host_queued_end": 1585627490.318954}, "device": "gpu", "nd_range": {"device_start": 1585627423.811405, "device_end": 1585627423.8135529}, "cmdq": 0, "read": {"device_start": 1585627423.8135552, "device_end": 1585627423.813578}}, "softmax32": {"write": {"device_start": -1, "host_queued_start": 1585627490.296814, "device_queued": -1, "device_end": -1, "host_queued_end": 1585627490.318954}, "device": "gpu", "nd_range": {"device_start": 1585627423.7980633, "device_end": 1585627423.7995877}, "cmdq": 2, "read": {"device_start": -1, "device_end": -1}}, "coalesced_transpose84": {"write": {"device_start": -1, "host_queued_start": 1585627490.290083, "device_queued": -1, "device_end": -1, "host_queued_end": 1585627490.318954}, "device": "gpu", "nd_range": {"device_start": 1585627423.79272, "device_end": 1585627423.7940567}, "cmdq": 0, "read": {"device_start": -1, "device_end": -1}}, "FFC_sans_bias121": {"write": {"device_start": -1, "host_queued_start": 1585627490.295797, "device_queued": -1, "device_end": -1, "host_queued_end": 1585627490.318954}, "device": "gpu", "nd_range": {"device_start": 1585627423.7966602, "device_end": 1585627423.7990227}, "cmdq": 3, "read": {"device_start": -1, "device_end": -1}}, "empty98": {"write": {"device_start": 1585627423.7713134, "host_queued_start": 1585627490.239961, "device_queued": 1585627423.771122, "device_end": 1585627423.7713706, "host_queued_end": 1585627490.318954}, "device": "gpu", "nd_range": {"device_start": 1585627423.7713735, "device_end": 1585627423.771378}, "cmdq": 0, "read": {"device_start": -1, "device_end": -1}}, "empty107": {"write": {"device_start": 1585627423.7713926, "host_queued_start": 1585627490.240847, "device_queued": 1585627423.771176, "device_end": 1585627423.7714539, "host_queued_end": 1585627490.318954}, "device": "gpu", "nd_range": {"device_start": 1585627423.7714574, "device_end": 1585627423.771472}, "cmdq": 1, "read": {"device_start": -1, "device_end": -1}}, "empty17": {"write": {"device_start": 1585627423.7704341, "host_queued_start": 1585627490.232176, "device_queued": 1585627423.77033, "device_end": 1585627423.7704957, "host_queued_end": 1585627490.318954}, "device": "gpu", "nd_range": {"device_start": 1585627423.7706776, "device_end": 1585627423.7706878}, "cmdq": 1, "read": {"device_start": -1, "device_end": -1}}, "FFC_sans_bias87": {"write": {"device_start": -1, "host_queued_start": 1585627490.302679, "device_queued": -1, "device_end": -1, "host_queued_end": 1585627490.318954}, "device": "gpu", "nd_range": {"device_start": 1585627423.8019965, "device_end": 1585627423.8043988}, "cmdq": 2, "read": {"device_start": -1, "device_end": -1}}, "FFC_sans_bias85": {"write": {"device_start": -1, "host_queued_start": 1585627490.294513, "device_queued": -1, "device_end": -1, "host_queued_end": 1585627490.318954}, "device": "gpu", "nd_range": {"device_start": 1585627423.7946784, "device_end": 1585627423.7970765}, "cmdq": 4, "read": {"device_start": -1, "device_end": -1}}, "FFC_sans_bias82": {"write": {"device_start": 1585627423.7839649, "host_queued_start": 1585627490.273225, "device_queued": 1585627423.7743895, "device_end": 1585627423.7839909, "host_queued_end": 1585627490.318954}, "device": "gpu", "nd_range": {"device_start": 1585627423.7840033, "device_end": 1585627423.7862988}, "cmdq": 2, "read": {"device_start": -1, "device_end": -1}}, "FFC_sans_bias83": {"write": {"device_start": 1585627423.7844589, "host_queued_start": 1585627490.274271, "device_queued": 1585627423.7744257, "device_end": 1585627423.7844856, "host_queued_end": 1585627490.318954}, "device": "gpu", "nd_range": {"device_start": 1585627423.7844975, "device_end": 1585627423.7867851}, "cmdq": 3, "read": {"device_start": -1, "device_end": -1}}, "FFC_sans_bias81": {"write": {"device_start": 1585627423.7834969, "host_queued_start": 1585627490.272184, "device_queued": 1585627423.7743547, "device_end": 1585627423.783522, "host_queued_end": 1585627490.318954}, "device": "gpu", "nd_range": {"device_start": 1585627423.7835324, "device_end": 1585627423.7858243}, "cmdq": 1, "read": {"device_start": -1, "device_end": -1}}, "FFC_sans_bias88": {"write": {"device_start": 1585627423.8099396, "host_queued_start": 1585627490.314549, "device_queued": 1585627423.7804625, "device_end": 1585627423.809981, "host_queued_end": 1585627490.318954}, "device": "gpu", "nd_range": {"device_start": 1585627423.8100088, "device_end": 1585627423.8116796}, "cmdq": 1, "read": {"device_start": 1585627423.8116875, "device_end": 1585627423.8117104}}, "coalesced_transpose30": {"write": {"device_start": -1, "host_queued_start": 1585627490.28824, "device_queued": -1, "device_end": -1, "host_queued_end": 1585627490.318954}, "device": "gpu", "nd_range": {"device_start": 1585627423.7920892, "device_end": 1585627423.7925053}, "cmdq": 4, "read": {"device_start": -1, "device_end": -1}}, "coalesced_transpose39": {"write": {"device_start": -1, "host_queued_start": 1585627490.288552, "device_queued": -1, "device_end": -1, "host_queued_end": 1585627490.318954}, "device": "gpu", "nd_range": {"device_start": 1585627423.7926095, "device_end": 1585627423.7927034}, "cmdq": 0, "read": {"device_start": -1, "device_end": -1}}, "FFC_sans_bias79": {"write": {"device_start": 1585627423.8094344, "host_queued_start": 1585627490.313489, "device_queued": 1585627423.78039, "device_end": 1585627423.8094654, "host_queued_end": 1585627490.318954}, "device": "gpu", "nd_range": {"device_start": 1585627423.809488, "device_end": 1585627423.8111682}, "cmdq": 0, "read": {"device_start": 1585627423.8111732, "device_end": 1585627423.811197}}, "FFC_sans_bias78": {"write": {"device_start": -1, "host_queued_start": 1585627490.302356, "device_queued": -1, "device_end": -1, "host_queued_end": 1585627490.318954}, "device": "gpu", "nd_range": {"device_start": 1585627423.8015423, "device_end": 1585627423.8039505}, "cmdq": 1, "read": {"device_start": -1, "device_end": -1}}, "FFC_sans_bias73": {"write": {"device_start": 1585627423.78252, "host_queued_start": 1585627490.270071, "device_queued": 1585627423.7739713, "device_end": 1585627423.7825463, "host_queued_end": 1585627490.318954}, "device": "gpu", "nd_range": {"device_start": 1585627423.7825565, "device_end": 1585627423.784847}, "cmdq": 4, "read": {"device_start": -1, "device_end": -1}}, "FFC_sans_bias72": {"write": {"device_start": 1585627423.782049, "host_queued_start": 1585627490.269024, "device_queued": 1585627423.7739403, "device_end": 1585627423.7820752, "host_queued_end": 1585627490.318954}, "device": "gpu", "nd_range": {"device_start": 1585627423.7820847, "device_end": 1585627423.784381}, "cmdq": 3, "read": {"device_start": -1, "device_end": -1}}, "FFC_sans_bias70": {"write": {"device_start": 1585627423.8085198, "host_queued_start": 1585627490.312416, "device_queued": 1585627423.7801435, "device_end": 1585627423.8085504, "host_queued_end": 1585627490.318954}, "device": "gpu", "nd_range": {"device_start": 1585627423.8085756, "device_end": 1585627423.8107183}, "cmdq": 4, "read": {"device_start": 1585627423.8107212, "device_end": 1585627423.810745}}, "FFC_sans_bias76": {"write": {"device_start": -1, "host_queued_start": 1585627490.294193, "device_queued": -1, "device_end": -1, "host_queued_end": 1585627490.318954}, "device": "gpu", "nd_range": {"device_start": 1585627423.7942421, "device_end": 1585627423.7966394}, "cmdq": 3, "read": {"device_start": -1, "device_end": -1}}, "FFC_sans_bias74": {"write": {"device_start": 1585627423.7830427, "host_queued_start": 1585627490.271143, "device_queued": 1585627423.7741554, "device_end": 1585627423.7830684, "host_queued_end": 1585627490.318954}, "device": "gpu", "nd_range": {"device_start": 1585627423.783075, "device_end": 1585627423.7853384}, "cmdq": 0, "read": {"device_start": -1, "device_end": -1}}, "coalesced_transpose102": {"write": {"device_start": -1, "host_queued_start": 1585627490.290705, "device_queued": -1, "device_end": -1, "host_queued_end": 1585627490.318954}, "device": "gpu", "nd_range": {"device_start": 1585627423.792564, "device_end": 1585627423.7926438}, "cmdq": 2, "read": {"device_start": -1, "device_end": -1}}, "coalesced_transpose3": {"write": {"device_start": -1, "host_queued_start": 1585627490.28731, "device_queued": -1, "device_end": -1, "host_queued_end": 1585627490.318954}, "device": "gpu", "nd_range": {"device_start": 1585627423.7906604, "device_end": 1585627423.792465}, "cmdq": 1, "read": {"device_start": -1, "device_end": -1}}, "empty89": {"write": {"device_start": 1585627423.7712164, "host_queued_start": 1585627490.239144, "device_queued": 1585627423.7710214, "device_end": 1585627423.771274, "host_queued_end": 1585627490.318954}, "device": "gpu", "nd_range": {"device_start": 1585627423.771278, "device_end": 1585627423.7712822}, "cmdq": 4, "read": {"device_start": -1, "device_end": -1}}, "FFC_sans_bias123": {"write": {"device_start": -1, "host_queued_start": 1585627490.303942, "device_queued": -1, "device_end": -1, "host_queued_end": 1585627490.318954}, "device": "gpu", "nd_range": {"device_start": 1585627423.803968, "device_end": 1585627423.8063486}, "cmdq": 1, "read": {"device_start": -1, "device_end": -1}}, "empty80": {"write": {"device_start": 1585627423.7711067, "host_queued_start": 1585627490.238295, "device_queued": 1585627423.770989, "device_end": 1585627423.7711692, "host_queued_end": 1585627490.318954}, "device": "gpu", "nd_range": {"device_start": 1585627423.7711723, "device_end": 1585627423.7711859}, "cmdq": 3, "read": {"device_start": -1, "device_end": -1}}, "empty116": {"write": {"device_start": 1585627423.7714853, "host_queued_start": 1585627490.241692, "device_queued": 1585627423.7713823, "device_end": 1585627423.7715461, "host_queued_end": 1585627490.318954}, "device": "gpu", "nd_range": {"device_start": 1585627423.7715526, "device_end": 1585627423.7715652}, "cmdq": 2, "read": {"device_start": -1, "device_end": -1}}, "softmax104": {"write": {"device_start": -1, "host_queued_start": 1585627490.298894, "device_queued": -1, "device_end": -1, "host_queued_end": 1585627490.318954}, "device": "gpu", "nd_range": {"device_start": 1585627423.8000023, "device_end": 1585627423.8007307}, "cmdq": 0, "read": {"device_start": -1, "device_end": -1}}, "coalesced_transpose21": {"write": {"device_start": -1, "host_queued_start": 1585627490.287932, "device_queued": -1, "device_end": -1, "host_queued_end": 1585627490.318954}, "device": "gpu", "nd_range": {"device_start": 1585627423.791614, "device_end": 1585627423.7924912}, "cmdq": 3, "read": {"device_start": -1, "device_end": -1}}, "softmax14": {"write": {"device_start": -1, "host_queued_start": 1585627490.296307, "device_queued": -1, "device_end": -1, "host_queued_end": 1585627490.318954}, "device": "gpu", "nd_range": {"device_start": 1585627423.7995274, "device_end": 1585627423.799741}, "cmdq": 0, "read": {"device_start": -1, "device_end": -1}}, "FFC_sans_bias69": {"write": {"device_start": -1, "host_queued_start": 1585627490.302023, "device_queued": -1, "device_end": -1, "host_queued_end": 1585627490.318954}, "device": "gpu", "nd_range": {"device_start": 1585627423.802978, "device_end": 1585627423.8053777}, "cmdq": 0, "read": {"device_start": -1, "device_end": -1}}, "FFC_sans_bias92": {"write": {"device_start": 1585627423.785915, "host_queued_start": 1585627490.277505, "device_queued": 1585627423.774831, "device_end": 1585627423.7859414, "host_queued_end": 1585627490.318954}, "device": "gpu", "nd_range": {"device_start": 1585627423.7859511, "device_end": 1585627423.7882288}, "cmdq": 1, "read": {"device_start": -1, "device_end": -1}}, "FFC_sans_bias60": {"write": {"device_start": -1, "host_queued_start": 1585627490.301688, "device_queued": -1, "device_end": -1, "host_queued_end": 1585627490.318954}, "device": "gpu", "nd_range": {"device_start": 1585627423.8010445, "device_end": 1585627423.803435}, "cmdq": 4, "read": {"device_start": -1, "device_end": -1}}, "FFC_sans_bias61": {"write": {"device_start": 1585627423.808219, "host_queued_start": 1585627490.311376, "device_queued": 1585627423.7801175, "device_end": 1585627423.8082502, "host_queued_end": 1585627490.318954}, "device": "gpu", "nd_range": {"device_start": 1585627423.8082788, "device_end": 1585627423.8102274}, "cmdq": 3, "read": {"device_start": 1585627423.8102324, "device_end": 1585627423.8102567}}, "FFC_sans_bias63": {"write": {"device_start": 1585627423.781533, "host_queued_start": 1585627490.267965, "device_queued": 1585627423.773769, "device_end": 1585627423.7815597, "host_queued_end": 1585627490.318954}, "device": "gpu", "nd_range": {"device_start": 1585627423.7815669, "device_end": 1585627423.78388}, "cmdq": 2, "read": {"device_start": -1, "device_end": -1}}, "FFC_sans_bias64": {"write": {"device_start": 1585627423.7805595, "host_queued_start": 1585627490.265842, "device_queued": 1585627423.7736585, "device_end": 1585627423.780586, "host_queued_end": 1585627490.318954}, "device": "gpu", "nd_range": {"device_start": 1585627423.7805972, "device_end": 1585627423.7829525}, "cmdq": 0, "read": {"device_start": -1, "device_end": -1}}, "FFC_sans_bias65": {"write": {"device_start": 1585627423.7810833, "host_queued_start": 1585627490.266904, "device_queued": 1585627423.7737381, "device_end": 1585627423.7811098, "host_queued_end": 1585627490.318954}, "device": "gpu", "nd_range": {"device_start": 1585627423.781115, "device_end": 1585627423.7834077}, "cmdq": 1, "read": {"device_start": -1, "device_end": -1}}, "FFC_sans_bias67": {"write": {"device_start": -1, "host_queued_start": 1585627490.293873, "device_queued": -1, "device_end": -1, "host_queued_end": 1585627490.318954}, "device": "gpu", "nd_range": {"device_start": 1585627423.7936714, "device_end": 1585627423.7956445}, "cmdq": 2, "read": {"device_start": -1, "device_end": -1}}, "coalesced_transpose111": {"write": {"device_start": -1, "host_queued_start": 1585627490.291008, "device_queued": -1, "device_end": -1, "host_queued_end": 1585627490.318954}, "device": "gpu", "nd_range": {"device_start": 1585627423.7925918, "device_end": 1585627423.7926736}, "cmdq": 3, "read": {"device_start": -1, "device_end": -1}}, "softmax68": {"write": {"device_start": -1, "host_queued_start": 1585627490.297831, "device_queued": -1, "device_end": -1, "host_queued_end": 1585627490.318954}, "device": "gpu", "nd_range": {"device_start": 1585627423.799584, "device_end": 1585627423.7998047}, "cmdq": 1, "read": {"device_start": -1, "device_end": -1}}, "empty125": {"write": {"device_start": 1585627423.771576, "host_queued_start": 1585627490.24253, "device_queued": 1585627423.7714021, "device_end": 1585627423.7716348, "host_queued_end": 1585627490.318954}, "device": "gpu", "nd_range": {"device_start": 1585627423.7716417, "device_end": 1585627423.7716463}, "cmdq": 3, "read": {"device_start": -1, "device_end": -1}}, "empty35": {"write": {"device_start": 1585627423.770628, "host_queued_start": 1585627490.233895, "device_queued": 1585627423.770374, "device_end": 1585627423.77068, "host_queued_end": 1585627490.318954}, "device": "gpu", "nd_range": {"device_start": 1585627423.7706985, "device_end": 1585627423.7707033}, "cmdq": 3, "read": {"device_start": -1, "device_end": -1}}, "softmax86": {"write": {"device_start": -1, "host_queued_start": 1585627490.298324, "device_queued": -1, "device_end": -1, "host_queued_end": 1585627490.318954}, "device": "gpu", "nd_range": {"device_start": 1585627423.7997246, "device_end": 1585627423.7999432}, "cmdq": 3, "read": {"device_start": -1, "device_end": -1}}, "FFC_sans_bias55": {"write": {"device_start": 1585627423.7801158, "host_queued_start": 1585627490.264787, "device_queued": 1585627423.7733238, "device_end": 1585627423.7801425, "host_queued_end": 1585627490.318954}, "device": "gpu", "nd_range": {"device_start": 1585627423.780148, "device_end": 1585627423.7824383}, "cmdq": 4, "read": {"device_start": -1, "device_end": -1}}, "FFC_sans_bias54": {"write": {"device_start": 1585627423.7795627, "host_queued_start": 1585627490.263743, "device_queued": 1585627423.773291, "device_end": 1585627423.779588, "host_queued_end": 1585627490.318954}, "device": "gpu", "nd_range": {"device_start": 1585627423.7795959, "device_end": 1585627423.7819588}, "cmdq": 3, "read": {"device_start": -1, "device_end": -1}}, "FFC_sans_bias56": {"write": {"device_start": 1585627423.7792346, "host_queued_start": 1585627490.262702, "device_queued": 1585627423.7732658, "device_end": 1585627423.7792659, "host_queued_end": 1585627490.318954}, "device": "gpu", "nd_range": {"device_start": 1585627423.7792706, "device_end": 1585627423.7814515}, "cmdq": 2, "read": {"device_start": -1, "device_end": -1}}, "FFC_sans_bias51": {"write": {"device_start": -1, "host_queued_start": 1585627490.301361, "device_queued": -1, "device_end": -1, "host_queued_end": 1585627490.318954}, "device": "gpu", "nd_range": {"device_start": 1585627423.800579, "device_end": 1585627423.8024745}, "cmdq": 3, "read": {"device_start": -1, "device_end": -1}}, "FFC_sans_bias52": {"write": {"device_start": 1585627423.8070583, "host_queued_start": 1585627490.310318, "device_queued": 1585627423.7800915, "device_end": 1585627423.8070896, "host_queued_end": 1585627490.318954}, "device": "gpu", "nd_range": {"device_start": 1585627423.8071144, "device_end": 1585627423.8087497}, "cmdq": 2, "read": {"device_start": 1585627423.8098571, "device_end": 1585627423.8099227}}, "FFC_sans_bias58": {"write": {"device_start": -1, "host_queued_start": 1585627490.293553, "device_queued": -1, "device_end": -1, "host_queued_end": 1585627490.318954}, "device": "gpu", "nd_range": {"device_start": 1585627423.7932663, "device_end": 1585627423.7951522}, "cmdq": 1, "read": {"device_start": -1, "device_end": -1}}, "FFC_sans_bias108": {"write": {"device_start": 1585627423.787841, "host_queued_start": 1585627490.2817, "device_queued": 1585627423.7752888, "device_end": 1585627423.7878685, "host_queued_end": 1585627490.318954}, "device": "gpu", "nd_range": {"device_start": 1585627423.7878752, "device_end": 1585627423.790156}, "cmdq": 0, "read": {"device_start": -1, "device_end": -1}}, "FFC_sans_bias109": {"write": {"device_start": 1585627423.7883112, "host_queued_start": 1585627490.282757, "device_queued": 1585627423.7754972, "device_end": 1585627423.7883368, "host_queued_end": 1585627490.318954}, "device": "gpu", "nd_range": {"device_start": 1585627423.788348, "device_end": 1585627423.7906582}, "cmdq": 1, "read": {"device_start": -1, "device_end": -1}}, "FFC_sans_bias103": {"write": {"device_start": -1, "host_queued_start": 1585627490.295159, "device_queued": -1, "device_end": -1, "host_queued_end": 1585627490.318954}, "device": "gpu", "nd_range": {"device_start": 1585627423.7951725, "device_end": 1585627423.797613}, "cmdq": 1, "read": {"device_start": -1, "device_end": -1}}, "FFC_sans_bias100": {"write": {"device_start": 1585627423.7868679, "host_queued_start": 1585627490.279596, "device_queued": 1585627423.7750294, "device_end": 1585627423.7868938, "host_queued_end": 1585627490.318954}, "device": "gpu", "nd_range": {"device_start": 1585627423.786904, "device_end": 1585627423.7892027}, "cmdq": 3, "read": {"device_start": -1, "device_end": -1}}, "FFC_sans_bias101": {"write": {"device_start": 1585627423.7873464, "host_queued_start": 1585627490.280644, "device_queued": 1585627423.7750611, "device_end": 1585627423.787372, "host_queued_end": 1585627490.318954}, "device": "gpu", "nd_range": {"device_start": 1585627423.7873814, "device_end": 1585627423.789693}, "cmdq": 4, "read": {"device_start": -1, "device_end": -1}}, "FFC_sans_bias106": {"write": {"device_start": 1585627423.810413, "host_queued_start": 1585627490.316686, "device_queued": 1585627423.780693, "device_end": 1585627423.8104382, "host_queued_end": 1585627490.318954}, "device": "gpu", "nd_range": {"device_start": 1585627423.810464, "device_end": 1585627423.81265}, "cmdq": 3, "read": {"device_start": 1585627423.8126595, "device_end": 1585627423.8126822}}, "softmax122": {"write": {"device_start": -1, "host_queued_start": 1585627490.299399, "device_queued": -1, "device_end": -1, "host_queued_end": 1585627490.318954}, "device": "gpu", "nd_range": {"device_start": 1585627423.799848, "device_end": 1585627423.8001244}, "cmdq": 2, "read": {"device_start": -1, "device_end": -1}}, "FFC_sans_bias105": {"write": {"device_start": -1, "host_queued_start": 1585627490.303312, "device_queued": -1, "device_end": -1, "host_queued_end": 1585627490.318954}, "device": "gpu", "nd_range": {"device_start": 1585627423.8034534, "device_end": 1585627423.8058677}, "cmdq": 4, "read": {"device_start": -1, "device_end": -1}}, "softmax95": {"write": {"device_start": -1, "host_queued_start": 1585627490.298632, "device_queued": -1, "device_end": -1, "host_queued_end": 1585627490.318954}, "device": "gpu", "nd_range": {"device_start": 1585627423.7998, "device_end": 1585627423.8000443}, "cmdq": 4, "read": {"device_start": -1, "device_end": -1}}, "coalesced_transpose57": {"write": {"device_start": -1, "host_queued_start": 1585627490.289166, "device_queued": -1, "device_end": -1, "host_queued_end": 1585627490.318954}, "device": "gpu", "nd_range": {"device_start": 1585627423.7924852, "device_end": 1585627423.7925446}, "cmdq": 2, "read": {"device_start": -1, "device_end": -1}}, "empty26": {"write": {"device_start": 1585627423.7705288, "host_queued_start": 1585627490.233036, "device_queued": 1585627423.7703547, "device_end": 1585627423.7705972, "host_queued_end": 1585627490.318954}, "device": "gpu", "nd_range": {"device_start": 1585627423.7706842, "device_end": 1585627423.770689}, "cmdq": 2, "read": {"device_start": -1, "device_end": -1}}, "softmax113": {"write": {"device_start": -1, "host_queued_start": 1585627490.299148, "device_queued": -1, "device_end": -1, "host_queued_end": 1585627490.318954}, "device": "gpu", "nd_range": {"device_start": 1585627423.799825, "device_end": 1585627423.8000886}, "cmdq": 1, "read": {"device_start": -1, "device_end": -1}}, "FFC_sans_bias11": {"write": {"device_start": 1585627423.7729146, "host_queued_start": 1585627490.248959, "device_queued": 1585627423.771897, "device_end": 1585627423.7729385, "host_queued_end": 1585627490.318954}, "device": "gpu", "nd_range": {"device_start": 1585627423.7729425, "device_end": 1585627423.7751899}, "cmdq": 4, "read": {"device_start": -1, "device_end": -1}}, "FFC_sans_bias42": {"write": {"device_start": -1, "host_queued_start": 1585627490.301035, "device_queued": -1, "device_end": -1, "host_queued_end": 1585627490.318954}, "device": "gpu", "nd_range": {"device_start": 1585627423.8001432, "device_end": 1585627423.8019772}, "cmdq": 2, "read": {"device_start": -1, "device_end": -1}}, "FFC_sans_bias43": {"write": {"device_start": 1585627423.808071, "host_queued_start": 1585627490.309256, "device_queued": 1585627423.779888, "device_end": 1585627423.8081017, "host_queued_end": 1585627490.318954}, "device": "gpu", "nd_range": {"device_start": 1585627423.8081322, "device_end": 1585627423.809732}, "cmdq": 1, "read": {"device_start": 1585627423.8097348, "device_end": 1585627423.8097591}}, "FFC_sans_bias40": {"write": {"device_start": -1, "host_queued_start": 1585627490.292912, "device_queued": -1, "device_end": -1, "host_queued_end": 1585627490.318954}, "device": "gpu", "nd_range": {"device_start": 1585627423.79275, "device_end": 1585627423.7946568}, "cmdq": 4, "read": {"device_start": -1, "device_end": -1}}, "FFC_sans_bias46": {"write": {"device_start": 1585627423.7782252, "host_queued_start": 1585627490.260545, "device_queued": 1585627423.7730765, "device_end": 1585627423.7782567, "host_queued_end": 1585627490.318954}, "device": "gpu", "nd_range": {"device_start": 1585627423.7782733, "device_end": 1585627423.78048}, "cmdq": 0, "read": {"device_start": -1, "device_end": -1}}, "FFC_sans_bias47": {"write": {"device_start": 1585627423.7786963, "host_queued_start": 1585627490.261634, "device_queued": 1585627423.7732365, "device_end": 1585627423.7787282, "host_queued_end": 1585627490.318954}, "device": "gpu", "nd_range": {"device_start": 1585627423.7787435, "device_end": 1585627423.7810009}, "cmdq": 1, "read": {"device_start": -1, "device_end": -1}}, "FFC_sans_bias45": {"write": {"device_start": 1585627423.777736, "host_queued_start": 1585627490.259498, "device_queued": 1585627423.7728562, "device_end": 1585627423.7777672, "host_queued_end": 1585627490.318954}, "device": "gpu", "nd_range": {"device_start": 1585627423.7777743, "device_end": 1585627423.7800229}, "cmdq": 4, "read": {"device_start": -1, "device_end": -1}}, "FFC_sans_bias49": {"write": {"device_start": -1, "host_queued_start": 1585627490.293232, "device_queued": -1, "device_end": -1, "host_queued_end": 1585627490.318954}, "device": "gpu", "nd_range": {"device_start": 1585627423.796137, "device_end": 1585627423.7985914}, "cmdq": 0, "read": {"device_start": -1, "device_end": -1}}, "softmax77": {"write": {"device_start": -1, "host_queued_start": 1585627490.298079, "device_queued": -1, "device_end": -1, "host_queued_end": 1585627490.318954}, "device": "gpu", "nd_range": {"device_start": 1585627423.7996063, "device_end": 1585627423.799829}, "cmdq": 2, "read": {"device_start": -1, "device_end": -1}}, "FFC_sans_bias119": {"write": {"device_start": 1585627423.790237, "host_queued_start": 1585627490.286961, "device_queued": 1585627423.7759717, "device_end": 1585627423.790264, "host_queued_end": 1585627490.318954}, "device": "gpu", "nd_range": {"device_start": 1585627423.7902753, "device_end": 1585627423.7926033}, "cmdq": 0, "read": {"device_start": -1, "device_end": -1}}, "FFC_sans_bias118": {"write": {"device_start": 1585627423.7897766, "host_queued_start": 1585627490.285893, "device_queued": 1585627423.7755697, "device_end": 1585627423.7898028, "host_queued_end": 1585627490.318954}, "device": "gpu", "nd_range": {"device_start": 1585627423.7898128, "device_end": 1585627423.7920873}, "cmdq": 4, "read": {"device_start": -1, "device_end": -1}}, "FFC_sans_bias115": {"write": {"device_start": 1585627423.8108914, "host_queued_start": 1585627490.317752, "device_queued": 1585627423.780814, "device_end": 1585627423.8109233, "host_queued_end": 1585627490.318954}, "device": "gpu", "nd_range": {"device_start": 1585627423.8109415, "device_end": 1585627423.8131168}, "cmdq": 4, "read": {"device_start": 1585627423.8131268, "device_end": 1585627423.8131487}}, "FFC_sans_bias114": {"write": {"device_start": -1, "host_queued_start": 1585627490.303626, "device_queued": -1, "device_end": -1, "host_queued_end": 1585627490.318954}, "device": "gpu", "nd_range": {"device_start": 1585627423.805396, "device_end": 1585627423.8077772}, "cmdq": 0, "read": {"device_start": -1, "device_end": -1}}, "FFC_sans_bias117": {"write": {"device_start": 1585627423.7892838, "host_queued_start": 1585627490.284852, "device_queued": 1585627423.7755463, "device_end": 1585627423.7893093, "host_queued_end": 1585627490.318954}, "device": "gpu", "nd_range": {"device_start": 1585627423.789314, "device_end": 1585627423.7916126}, "cmdq": 3, "read": {"device_start": -1, "device_end": -1}}, "softmax5": {"write": {"device_start": -1, "host_queued_start": 1585627490.296056, "device_queued": -1, "device_end": -1, "host_queued_end": 1585627490.318954}, "device": "gpu", "nd_range": {"device_start": 1585627423.797097, "device_end": 1585627423.7995372}, "cmdq": 4, "read": {"device_start": -1, "device_end": -1}}, "FFC_sans_bias110": {"write": {"device_start": 1585627423.7888033, "host_queued_start": 1585627490.283801, "device_queued": 1585627423.7755282, "device_end": 1585627423.7888298, "host_queued_end": 1585627490.318954}, "device": "gpu", "nd_range": {"device_start": 1585627423.7888427, "device_end": 1585627423.7911205}, "cmdq": 2, "read": {"device_start": -1, "device_end": -1}}, "FFC_sans_bias112": {"write": {"device_start": -1, "host_queued_start": 1585627490.295476, "device_queued": -1, "device_end": -1, "host_queued_end": 1585627490.318954}, "device": "gpu", "nd_range": {"device_start": 1585627423.7956653, "device_end": 1585627423.7980428}, "cmdq": 2, "read": {"device_start": -1, "device_end": -1}}, "empty53": {"write": {"device_start": 1585627423.7708273, "host_queued_start": 1585627490.23585, "device_queued": 1585627423.7707245, "device_end": 1585627423.7708902, "host_queued_end": 1585627490.318954}, "device": "gpu", "nd_range": {"device_start": 1585627423.7708945, "device_end": 1585627423.7708983}, "cmdq": 0, "read": {"device_start": -1, "device_end": -1}}, "coalesced_transpose48": {"write": {"device_start": -1, "host_queued_start": 1585627490.28886, "device_queued": -1, "device_end": -1, "host_queued_end": 1585627490.318954}, "device": "gpu", "nd_range": {"device_start": 1585627423.7924707, "device_end": 1585627423.7925155}, "cmdq": 1, "read": {"device_start": -1, "device_end": -1}}}