{"FFC_sans_bias4": {"write": {"device_start": -1, "host_queued_start": 1585626965.758921, "device_queued": -1, "device_end": -1, "host_queued_end": 1585626965.764811}, "device": "cpu", "nd_range": {"device_start": 2294740.004207636, "device_end": 2294740.013088859}, "cmdq": 3, "read": {"device_start": -1, "device_end": -1}}, "FFC_sans_bias7": {"write": {"device_start": -1, "host_queued_start": 1585626965.76275, "device_queued": -1, "device_end": -1, "host_queued_end": 1585626965.764811}, "device": "cpu", "nd_range": {"device_start": 2294740.019771443, "device_end": 2294740.037732779}, "cmdq": 0, "read": {"device_start": -1, "device_end": -1}}, "FFC_sans_bias6": {"write": {"device_start": -1, "host_queued_start": 1585626965.760927, "device_queued": -1, "device_end": -1, "host_queued_end": 1585626965.764811}, "device": "cpu", "nd_range": {"device_start": 2294740.013490993, "device_end": 2294740.0187371103}, "cmdq": 1, "read": {"device_start": -1, "device_end": -1}}, "FFC_sans_bias1": {"write": {"device_start": -1, "host_queued_start": 1585626965.748503, "device_queued": -1, "device_end": -1, "host_queued_end": 1585626965.764811}, "device": "cpu", "nd_range": {"device_start": 2294739.9544407832, "device_end": 2294739.9703673623}, "cmdq": 0, "read": {"device_start": -1, "device_end": -1}}, "FFC_sans_bias0": {"write": {"device_start": -1, "host_queued_start": 1585626965.747263, "device_queued": -1, "device_end": -1, "host_queued_end": 1585626965.764811}, "device": "cpu", "nd_range": {"device_start": 2294739.954449625, "device_end": 2294739.970049487}, "cmdq": 3, "read": {"device_start": -1, "device_end": -1}}, "FFC_sans_bias2": {"write": {"device_start": -1, "host_queued_start": 1585626965.749835, "device_queued": -1, "device_end": -1, "host_queued_end": 1585626965.764811}, "device": "cpu", "nd_range": {"device_start": 2294739.954452362, "device_end": 2294739.972650867}, "cmdq": 1, "read": {"device_start": -1, "device_end": -1}}, "coalesced_transpose120": {"write": {"device_start": -1, "host_queued_start": 1585626965.719691, "device_queued": -1, "device_end": -1, "host_queued_end": 1585626965.742084}, "device": "gpu", "nd_range": {"device_start": 1585626899.2244384, "device_end": 1585626899.2244525}, "cmdq": 0, "read": {"device_start": -1, "device_end": -1}}, "FFC_sans_bias9": {"write": {"device_start": -1, "host_queued_start": 1585626965.751218, "device_queued": -1, "device_end": -1, "host_queued_end": 1585626965.764811}, "device": "cpu", "nd_range": {"device_start": 2294739.9545880114, "device_end": 2294739.96988942}, "cmdq": 2, "read": {"device_start": -1, "device_end": -1}}, "empty71": {"write": {"device_start": 1585626899.2077444, "host_queued_start": 1585626965.675148, "device_queued": 1585626899.2076445, "device_end": 1585626899.2078137, "host_queued_end": 1585626965.742084}, "device": "gpu", "nd_range": {"device_start": 1585626899.2078218, "device_end": 1585626899.2078264}, "cmdq": 0, "read": {"device_start": -1, "device_end": -1}}, "softmax41": {"write": {"device_start": -1, "host_queued_start": 1585626965.723897, "device_queued": -1, "device_end": -1, "host_queued_end": 1585626965.742084}, "device": "gpu", "nd_range": {"device_start": 1585626899.2301095, "device_end": 1585626899.230317}, "cmdq": 1, "read": {"device_start": -1, "device_end": -1}}, "FFC_sans_bias37": {"write": {"device_start": 1585626899.2100904, "host_queued_start": 1585626965.685584, "device_queued": 1585626899.2086155, "device_end": 1585626899.2101219, "host_queued_end": 1585626965.742084}, "device": "gpu", "nd_range": {"device_start": 1585626899.2101252, "device_end": 1585626899.21095}, "cmdq": 1, "read": {"device_start": -1, "device_end": -1}}, "FFC_sans_bias36": {"write": {"device_start": 1585626899.2095022, "host_queued_start": 1585626965.684509, "device_queued": 1585626899.2085743, "device_end": 1585626899.209528, "host_queued_end": 1585626965.742084}, "device": "gpu", "nd_range": {"device_start": 1585626899.2095332, "device_end": 1585626899.2104056}, "cmdq": 0, "read": {"device_start": -1, "device_end": -1}}, "FFC_sans_bias34": {"write": {"device_start": 1585626899.2356076, "host_queued_start": 1585626965.730923, "device_queued": 1585626899.2142315, "device_end": 1585626899.2356358, "host_queued_end": 1585626965.742084}, "device": "gpu", "nd_range": {"device_start": 1585626899.2356522, "device_end": 1585626899.236427}, "cmdq": 0, "read": {"device_start": 1585626899.2364347, "device_end": 1585626899.2364619}}, "FFC_sans_bias33": {"write": {"device_start": -1, "host_queued_start": 1585626965.726556, "device_queued": -1, "device_end": -1, "host_queued_end": 1585626965.742084}, "device": "gpu", "nd_range": {"device_start": 1585626899.2313972, "device_end": 1585626899.2320287}, "cmdq": 1, "read": {"device_start": -1, "device_end": -1}}, "FFC_sans_bias31": {"write": {"device_start": -1, "host_queued_start": 1585626965.720019, "device_queued": -1, "device_end": -1, "host_queued_end": 1585626965.742084}, "device": "gpu", "nd_range": {"device_start": 1585626899.225015, "device_end": 1585626899.2256176}, "cmdq": 1, "read": {"device_start": -1, "device_end": -1}}, "FFC_sans_bias38": {"write": {"device_start": 1585626899.2105076, "host_queued_start": 1585626965.68675, "device_queued": 1585626899.208775, "device_end": 1585626899.2105396, "host_queued_end": 1585626965.742084}, "device": "gpu", "nd_range": {"device_start": 1585626899.2105432, "device_end": 1585626899.2113924}, "cmdq": 0, "read": {"device_start": -1, "device_end": -1}}, "coalesced_transpose75": {"write": {"device_start": -1, "host_queued_start": 1585626965.718112, "device_queued": -1, "device_end": -1, "host_queued_end": 1585626965.742084}, "device": "gpu", "nd_range": {"device_start": 1585626899.2245386, "device_end": 1585626899.2249558}, "cmdq": 1, "read": {"device_start": -1, "device_end": -1}}, "empty44": {"write": {"device_start": 1585626899.2074113, "host_queued_start": 1585626965.672377, "device_queued": 1585626899.207308, "device_end": 1585626899.2074697, "host_queued_end": 1585626965.742084}, "device": "gpu", "nd_range": {"device_start": 1585626899.2074757, "device_end": 1585626899.2074802}, "cmdq": 1, "read": {"device_start": -1, "device_end": -1}}, "empty8": {"write": {"device_start": -1, "host_queued_start": 1585626965.744045, "device_queued": -1, "device_end": -1, "host_queued_end": 1585626965.764811}, "device": "cpu", "nd_range": {"device_start": 2294739.954407263, "device_end": 2294739.954418445}, "cmdq": 0, "read": {"device_start": -1, "device_end": -1}}, "softmax50": {"write": {"device_start": -1, "host_queued_start": 1585626965.724162, "device_queued": -1, "device_end": -1, "host_queued_end": 1585626965.742084}, "device": "gpu", "nd_range": {"device_start": 1585626899.2296472, "device_end": 1585626899.2301133}, "cmdq": 0, "read": {"device_start": -1, "device_end": -1}}, "softmax59": {"write": {"device_start": -1, "host_queued_start": 1585626965.724432, "device_queued": -1, "device_end": -1, "host_queued_end": 1585626965.742084}, "device": "gpu", "nd_range": {"device_start": 1585626899.230333, "device_end": 1585626899.2305434}, "cmdq": 1, "read": {"device_start": -1, "device_end": -1}}, "FFC_sans_bias24": {"write": {"device_start": -1, "host_queued_start": 1585626965.761638, "device_queued": -1, "device_end": -1, "host_queued_end": 1585626965.764811}, "device": "cpu", "nd_range": {"device_start": 2294740.0207724143, "device_end": 2294740.036028644}, "cmdq": 3, "read": {"device_start": -1, "device_end": -1}}, "FFC_sans_bias25": {"write": {"device_start": -1, "host_queued_start": 1585626965.764765, "device_queued": -1, "device_end": -1, "host_queued_end": 1585626965.764811}, "device": "cpu", "nd_range": {"device_start": 2294740.037096937, "device_end": 2294740.043670081}, "cmdq": 2, "read": {"device_start": -1, "device_end": -1}}, "FFC_sans_bias27": {"write": {"device_start": 1585626899.2083771, "host_queued_start": 1585626965.681256, "device_queued": 1585626899.2081597, "device_end": 1585626899.208402, "host_queued_end": 1585626965.742084}, "device": "gpu", "nd_range": {"device_start": 1585626899.208406, "device_end": 1585626899.2090087}, "cmdq": 1, "read": {"device_start": -1, "device_end": -1}}, "FFC_sans_bias20": {"write": {"device_start": -1, "host_queued_start": 1585626965.75739, "device_queued": -1, "device_end": -1, "host_queued_end": 1585626965.764811}, "device": "cpu", "nd_range": {"device_start": 2294739.985225708, "device_end": 2294739.9932754603}, "cmdq": 3, "read": {"device_start": -1, "device_end": -1}}, "FFC_sans_bias22": {"write": {"device_start": -1, "host_queued_start": 1585626965.759709, "device_queued": -1, "device_end": -1, "host_queued_end": 1585626965.764811}, "device": "cpu", "nd_range": {"device_start": 2294739.9892550823, "device_end": 2294739.9987854552}, "cmdq": 1, "read": {"device_start": -1, "device_end": -1}}, "FFC_sans_bias28": {"write": {"device_start": 1585626899.208473, "host_queued_start": 1585626965.682303, "device_queued": 1585626899.2083907, "device_end": 1585626899.2085028, "host_queued_end": 1585626965.742084}, "device": "gpu", "nd_range": {"device_start": 1585626899.2085054, "device_end": 1585626899.2094164}, "cmdq": 0, "read": {"device_start": -1, "device_end": -1}}, "FFC_sans_bias29": {"write": {"device_start": 1585626899.2090921, "host_queued_start": 1585626965.683434, "device_queued": 1585626899.2084332, "device_end": 1585626899.2091167, "host_queued_end": 1585626965.742084}, "device": "gpu", "nd_range": {"device_start": 1585626899.2091198, "device_end": 1585626899.2099836}, "cmdq": 1, "read": {"device_start": -1, "device_end": -1}}, "coalesced_transpose66": {"write": {"device_start": -1, "host_queued_start": 1585626965.717794, "device_queued": -1, "device_end": -1, "host_queued_end": 1585626965.742084}, "device": "gpu", "nd_range": {"device_start": 1585626899.2243922, "device_end": 1585626899.2244058}, "cmdq": 0, "read": {"device_start": -1, "device_end": -1}}, "coalesced_transpose93": {"write": {"device_start": -1, "host_queued_start": 1585626965.71875, "device_queued": -1, "device_end": -1, "host_queued_end": 1585626965.742084}, "device": "gpu", "nd_range": {"device_start": 1585626899.2249584, "device_end": 1585626899.2249758}, "cmdq": 1, "read": {"device_start": -1, "device_end": -1}}, "softmax23": {"write": {"device_start": -1, "host_queued_start": 1585626965.760571, "device_queued": -1, "device_end": -1, "host_queued_end": 1585626965.764811}, "device": "cpu", "nd_range": {"device_start": 2294740.019625611, "device_end": 2294740.01976506}, "cmdq": 0, "read": {"device_start": -1, "device_end": -1}}, "empty62": {"write": {"device_start": 1585626899.2076042, "host_queued_start": 1585626965.67426, "device_queued": 1585626899.207383, "device_end": 1585626899.2076294, "host_queued_end": 1585626965.742084}, "device": "gpu", "nd_range": {"device_start": 1585626899.207641, "device_end": 1585626899.2076445}, "cmdq": 1, "read": {"device_start": -1, "device_end": -1}}, "FFC_sans_bias10": {"write": {"device_start": -1, "host_queued_start": 1585626965.752448, "device_queued": -1, "device_end": -1, "host_queued_end": 1585626965.764811}, "device": "cpu", "nd_range": {"device_start": 2294739.970067475, "device_end": 2294739.98521756}, "cmdq": 3, "read": {"device_start": -1, "device_end": -1}}, "FFC_sans_bias13": {"write": {"device_start": -1, "host_queued_start": 1585626965.759352, "device_queued": -1, "device_end": -1, "host_queued_end": 1585626965.764811}, "device": "cpu", "nd_range": {"device_start": 2294740.004191298, "device_end": 2294740.011825155}, "cmdq": 0, "read": {"device_start": -1, "device_end": -1}}, "FFC_sans_bias15": {"write": {"device_start": -1, "host_queued_start": 1585626965.761284, "device_queued": -1, "device_end": -1, "host_queued_end": 1585626965.764811}, "device": "cpu", "nd_range": {"device_start": 2294740.023571222, "device_end": 2294740.033965182}, "cmdq": 2, "read": {"device_start": -1, "device_end": -1}}, "FFC_sans_bias16": {"write": {"device_start": -1, "host_queued_start": 1585626965.763749, "device_queued": -1, "device_end": -1, "host_queued_end": 1585626965.764811}, "device": "cpu", "nd_range": {"device_start": 2294740.033977638, "device_end": 2294740.0425626272}, "cmdq": 1, "read": {"device_start": -1, "device_end": -1}}, "FFC_sans_bias19": {"write": {"device_start": -1, "host_queued_start": 1585626965.756135, "device_queued": -1, "device_end": -1, "host_queued_end": 1585626965.764811}, "device": "cpu", "nd_range": {"device_start": 2294739.9700659453, "device_end": 2294739.9852670482}, "cmdq": 2, "read": {"device_start": -1, "device_end": -1}}, "FFC_sans_bias18": {"write": {"device_start": -1, "host_queued_start": 1585626965.754966, "device_queued": -1, "device_end": -1, "host_queued_end": 1585626965.764811}, "device": "cpu", "nd_range": {"device_start": 2294739.972771951, "device_end": 2294739.988796012}, "cmdq": 1, "read": {"device_start": -1, "device_end": -1}}, "FFC_sans_bias99": {"write": {"device_start": 1585626899.2197244, "host_queued_start": 1585626965.707456, "device_queued": 1585626899.2105422, "device_end": 1585626899.2197514, "host_queued_end": 1585626965.742084}, "device": "gpu", "nd_range": {"device_start": 1585626899.2197576, "device_end": 1585626899.2205708}, "cmdq": 1, "read": {"device_start": -1, "device_end": -1}}, "FFC_sans_bias91": {"write": {"device_start": 1585626899.2187605, "host_queued_start": 1585626965.705293, "device_queued": 1585626899.2103174, "device_end": 1585626899.2187872, "host_queued_end": 1585626965.742084}, "device": "gpu", "nd_range": {"device_start": 1585626899.218792, "device_end": 1585626899.2196038}, "cmdq": 1, "read": {"device_start": -1, "device_end": -1}}, "FFC_sans_bias90": {"write": {"device_start": 1585626899.2182953, "host_queued_start": 1585626965.704227, "device_queued": 1585626899.2102854, "device_end": 1585626899.218321, "host_queued_end": 1585626965.742084}, "device": "gpu", "nd_range": {"device_start": 1585626899.2183282, "device_end": 1585626899.2191484}, "cmdq": 0, "read": {"device_start": -1, "device_end": -1}}, "coalesced_transpose12": {"write": {"device_start": -1, "host_queued_start": 1585626965.758147, "device_queued": -1, "device_end": -1, "host_queued_end": 1585626965.764811}, "device": "cpu", "nd_range": {"device_start": 2294739.9889080073, "device_end": 2294739.9891447453}, "cmdq": 1, "read": {"device_start": -1, "device_end": -1}}, "FFC_sans_bias94": {"write": {"device_start": -1, "host_queued_start": 1585626965.72236, "device_queued": -1, "device_end": -1, "host_queued_end": 1585626965.742084}, "device": "gpu", "nd_range": {"device_start": 1585626899.2270696, "device_end": 1585626899.2280111}, "cmdq": 0, "read": {"device_start": -1, "device_end": -1}}, "FFC_sans_bias97": {"write": {"device_start": 1585626899.2399585, "host_queued_start": 1585626965.738653, "device_queued": 1585626899.2151287, "device_end": 1585626899.2399838, "host_queued_end": 1585626965.742084}, "device": "gpu", "nd_range": {"device_start": 1585626899.239998, "device_end": 1585626899.2407799}, "cmdq": 1, "read": {"device_start": 1585626899.2407844, "device_end": 1585626899.2408085}}, "FFC_sans_bias96": {"write": {"device_start": -1, "host_queued_start": 1585626965.728876, "device_queued": -1, "device_end": -1, "host_queued_end": 1585626965.742084}, "device": "gpu", "nd_range": {"device_start": 1585626899.2335806, "device_end": 1585626899.2345228}, "cmdq": 0, "read": {"device_start": -1, "device_end": -1}}, "FFC_sans_bias124": {"write": {"device_start": 1585626899.2404742, "host_queued_start": 1585626965.741968, "device_queued": 1585626899.2156484, "device_end": 1585626899.240499, "host_queued_end": 1585626965.742084}, "device": "gpu", "nd_range": {"device_start": 1585626899.2405133, "device_end": 1585626899.2412915}, "cmdq": 0, "read": {"device_start": 1585626899.2418027, "device_end": 1585626899.2418256}}, "softmax32": {"write": {"device_start": -1, "host_queued_start": 1585626965.723636, "device_queued": -1, "device_end": -1, "host_queued_end": 1585626965.742084}, "device": "gpu", "nd_range": {"device_start": 1585626899.2290113, "device_end": 1585626899.2296267}, "cmdq": 0, "read": {"device_start": -1, "device_end": -1}}, "coalesced_transpose84": {"write": {"device_start": -1, "host_queued_start": 1585626965.718429, "device_queued": -1, "device_end": -1, "host_queued_end": 1585626965.742084}, "device": "gpu", "nd_range": {"device_start": 1585626899.2244074, "device_end": 1585626899.2244203}, "cmdq": 0, "read": {"device_start": -1, "device_end": -1}}, "FFC_sans_bias121": {"write": {"device_start": -1, "host_queued_start": 1585626965.723373, "device_queued": -1, "device_end": -1, "host_queued_end": 1585626965.742084}, "device": "gpu", "nd_range": {"device_start": 1585626899.2294908, "device_end": 1585626899.2300918}, "cmdq": 1, "read": {"device_start": -1, "device_end": -1}}, "empty98": {"write": {"device_start": 1585626899.2080257, "host_queued_start": 1585626965.677644, "device_queued": 1585626899.2077582, "device_end": 1585626899.20811, "host_queued_end": 1585626965.742084}, "device": "gpu", "nd_range": {"device_start": 1585626899.2081132, "device_end": 1585626899.2081196}, "cmdq": 1, "read": {"device_start": -1, "device_end": -1}}, "empty107": {"write": {"device_start": 1585626899.2081144, "host_queued_start": 1585626965.678482, "device_queued": 1585626899.2079487, "device_end": 1585626899.2081714, "host_queued_end": 1585626965.742084}, "device": "gpu", "nd_range": {"device_start": 1585626899.2081776, "device_end": 1585626899.2081826}, "cmdq": 0, "read": {"device_start": -1, "device_end": -1}}, "empty17": {"write": {"device_start": -1, "host_queued_start": 1585626965.745026, "device_queued": -1, "device_end": -1, "host_queued_end": 1585626965.764811}, "device": "cpu", "nd_range": {"device_start": 2294739.954438194, "device_end": 2294739.9544391083}, "cmdq": 1, "read": {"device_start": -1, "device_end": -1}}, "FFC_sans_bias87": {"write": {"device_start": -1, "host_queued_start": 1585626965.728544, "device_queued": -1, "device_end": -1, "host_queued_end": 1585626965.742084}, "device": "gpu", "nd_range": {"device_start": 1585626899.234018, "device_end": 1585626899.2349849}, "cmdq": 1, "read": {"device_start": -1, "device_end": -1}}, "FFC_sans_bias85": {"write": {"device_start": -1, "host_queued_start": 1585626965.722022, "device_queued": -1, "device_end": -1, "host_queued_end": 1585626965.742084}, "device": "gpu", "nd_range": {"device_start": 1585626899.227606, "device_end": 1585626899.2285569}, "cmdq": 1, "read": {"device_start": -1, "device_end": -1}}, "FFC_sans_bias82": {"write": {"device_start": 1585626899.2173102, "host_queued_start": 1585626965.702059, "device_queued": 1585626899.2100744, "device_end": 1585626899.2173362, "host_queued_end": 1585626965.742084}, "device": "gpu", "nd_range": {"device_start": 1585626899.217341, "device_end": 1585626899.218155}, "cmdq": 0, "read": {"device_start": -1, "device_end": -1}}, "FFC_sans_bias83": {"write": {"device_start": 1585626899.217844, "host_queued_start": 1585626965.703161, "device_queued": 1585626899.2101557, "device_end": 1585626899.2178743, "host_queued_end": 1585626965.742084}, "device": "gpu", "nd_range": {"device_start": 1585626899.2178814, "device_end": 1585626899.2186313}, "cmdq": 1, "read": {"device_start": -1, "device_end": -1}}, "FFC_sans_bias81": {"write": {"device_start": 1585626899.216851, "host_queued_start": 1585626965.700965, "device_queued": 1585626899.2098813, "device_end": 1585626899.2168777, "host_queued_end": 1585626965.742084}, "device": "gpu", "nd_range": {"device_start": 1585626899.2168825, "device_end": 1585626899.217714}, "cmdq": 1, "read": {"device_start": -1, "device_end": -1}}, "FFC_sans_bias88": {"write": {"device_start": 1585626899.2385488, "host_queued_start": 1585626965.737549, "device_queued": 1585626899.2150922, "device_end": 1585626899.2385755, "host_queued_end": 1585626965.742084}, "device": "gpu", "nd_range": {"device_start": 1585626899.2385895, "device_end": 1585626899.2393541}, "cmdq": 0, "read": {"device_start": 1585626899.239365, "device_end": 1585626899.239391}}, "coalesced_transpose30": {"write": {"device_start": -1, "host_queued_start": 1585626965.71653, "device_queued": -1, "device_end": -1, "host_queued_end": 1585626965.742084}, "device": "gpu", "nd_range": {"device_start": 1585626899.2240095, "device_end": 1585626899.224365}, "cmdq": 0, "read": {"device_start": -1, "device_end": -1}}, "coalesced_transpose39": {"write": {"device_start": -1, "host_queued_start": 1585626965.716846, "device_queued": -1, "device_end": -1, "host_queued_end": 1585626965.742084}, "device": "gpu", "nd_range": {"device_start": 1585626899.224489, "device_end": 1585626899.2244992}, "cmdq": 1, "read": {"device_start": -1, "device_end": -1}}, "FFC_sans_bias79": {"write": {"device_start": 1585626899.2389932, "host_queued_start": 1585626965.73646, "device_queued": 1585626899.2148895, "device_end": 1585626899.2390194, "host_queued_end": 1585626965.742084}, "device": "gpu", "nd_range": {"device_start": 1585626899.2390363, "device_end": 1585626899.2397916}, "cmdq": 1, "read": {"device_start": 1585626899.2398005, "device_end": 1585626899.2398255}}, "FFC_sans_bias78": {"write": {"device_start": -1, "host_queued_start": 1585626965.728211, "device_queued": -1, "device_end": -1, "host_queued_end": 1585626965.742084}, "device": "gpu", "nd_range": {"device_start": 1585626899.232616, "device_end": 1585626899.2335663}, "cmdq": 0, "read": {"device_start": -1, "device_end": -1}}, "FFC_sans_bias73": {"write": {"device_start": 1585626899.2158935, "host_queued_start": 1585626965.698816, "device_queued": 1585626899.2097015, "device_end": 1585626899.215921, "host_queued_end": 1585626965.742084}, "device": "gpu", "nd_range": {"device_start": 1585626899.215926, "device_end": 1585626899.216735}, "cmdq": 1, "read": {"device_start": -1, "device_end": -1}}, "FFC_sans_bias72": {"write": {"device_start": 1585626899.215391, "host_queued_start": 1585626965.697746, "device_queued": 1585626899.2096615, "device_end": 1585626899.21542, "host_queued_end": 1585626965.742084}, "device": "gpu", "nd_range": {"device_start": 1585626899.2154267, "device_end": 1585626899.2161932}, "cmdq": 0, "read": {"device_start": -1, "device_end": -1}}, "FFC_sans_bias70": {"write": {"device_start": 1585626899.2375727, "host_queued_start": 1585626965.735333, "device_queued": 1585626899.214833, "device_end": 1585626899.237599, "host_queued_end": 1585626965.742084}, "device": "gpu", "nd_range": {"device_start": 1585626899.2376132, "device_end": 1585626899.238379}, "cmdq": 0, "read": {"device_start": 1585626899.2383816, "device_end": 1585626899.2384079}}, "FFC_sans_bias76": {"write": {"device_start": -1, "host_queued_start": 1585626965.721686, "device_queued": -1, "device_end": -1, "host_queued_end": 1585626965.742084}, "device": "gpu", "nd_range": {"device_start": 1585626899.226121, "device_end": 1585626899.2270486}, "cmdq": 0, "read": {"device_start": -1, "device_end": -1}}, "FFC_sans_bias74": {"write": {"device_start": 1585626899.2163146, "host_queued_start": 1585626965.6999, "device_queued": 1585626899.2098405, "device_end": 1585626899.2163396, "host_queued_end": 1585626965.742084}, "device": "gpu", "nd_range": {"device_start": 1585626899.2163463, "device_end": 1585626899.2171814}, "cmdq": 0, "read": {"device_start": -1, "device_end": -1}}, "coalesced_transpose102": {"write": {"device_start": -1, "host_queued_start": 1585626965.719064, "device_queued": -1, "device_end": -1, "host_queued_end": 1585626965.742084}, "device": "gpu", "nd_range": {"device_start": 1585626899.2244232, "device_end": 1585626899.2244356}, "cmdq": 0, "read": {"device_start": -1, "device_end": -1}}, "coalesced_transpose3": {"write": {"device_start": -1, "host_queued_start": 1585626965.757773, "device_queued": -1, "device_end": -1, "host_queued_end": 1585626965.764811}, "device": "cpu", "nd_range": {"device_start": 2294739.995232814, "device_end": 2294740.0041618734}, "cmdq": 0, "read": {"device_start": -1, "device_end": -1}}, "empty89": {"write": {"device_start": 1585626899.2079263, "host_queued_start": 1585626965.676818, "device_queued": 1585626899.2077205, "device_end": 1585626899.2080019, "host_queued_end": 1585626965.742084}, "device": "gpu", "nd_range": {"device_start": 1585626899.2080128, "device_end": 1585626899.2080178}, "cmdq": 0, "read": {"device_start": -1, "device_end": -1}}, "FFC_sans_bias123": {"write": {"device_start": -1, "host_queued_start": 1585626965.729862, "device_queued": -1, "device_end": -1, "host_queued_end": 1585626965.742084}, "device": "gpu", "nd_range": {"device_start": 1585626899.2359884, "device_end": 1585626899.2369452}, "cmdq": 1, "read": {"device_start": -1, "device_end": -1}}, "empty80": {"write": {"device_start": 1585626899.207847, "host_queued_start": 1585626965.67598, "device_queued": 1585626899.2076862, "device_end": 1585626899.207904, "host_queued_end": 1585626965.742084}, "device": "gpu", "nd_range": {"device_start": 1585626899.2079124, "device_end": 1585626899.207918}, "cmdq": 1, "read": {"device_start": -1, "device_end": -1}}, "empty116": {"write": {"device_start": 1585626899.2082124, "host_queued_start": 1585626965.679347, "device_queued": 1585626899.2080407, "device_end": 1585626899.208284, "host_queued_end": 1585626965.742084}, "device": "gpu", "nd_range": {"device_start": 1585626899.2082896, "device_end": 1585626899.208295}, "cmdq": 1, "read": {"device_start": -1, "device_end": -1}}, "softmax104": {"write": {"device_start": -1, "host_queued_start": 1585626965.725722, "device_queued": -1, "device_end": -1, "host_queued_end": 1585626965.742084}, "device": "gpu", "nd_range": {"device_start": 1585626899.2305799, "device_end": 1585626899.230784}, "cmdq": 0, "read": {"device_start": -1, "device_end": -1}}, "coalesced_transpose21": {"write": {"device_start": -1, "host_queued_start": 1585626965.758505, "device_queued": -1, "device_end": -1, "host_queued_end": 1585626965.764811}, "device": "cpu", "nd_range": {"device_start": 2294739.985299116, "device_end": 2294739.985658495}, "cmdq": 2, "read": {"device_start": -1, "device_end": -1}}, "softmax14": {"write": {"device_start": -1, "host_queued_start": 1585626965.760285, "device_queued": -1, "device_end": -1, "host_queued_end": 1585626965.764811}, "device": "cpu", "nd_range": {"device_start": 2294740.019633018, "device_end": 2294740.020752931}, "cmdq": 3, "read": {"device_start": -1, "device_end": -1}}, "FFC_sans_bias69": {"write": {"device_start": -1, "host_queued_start": 1585626965.727882, "device_queued": -1, "device_end": -1, "host_queued_end": 1585626965.742084}, "device": "gpu", "nd_range": {"device_start": 1585626899.2330375, "device_end": 1585626899.234003}, "cmdq": 1, "read": {"device_start": -1, "device_end": -1}}, "FFC_sans_bias92": {"write": {"device_start": 1585626899.2192712, "host_queued_start": 1585626965.706375, "device_queued": 1585626899.2104912, "device_end": 1585626899.2192972, "host_queued_end": 1585626965.742084}, "device": "gpu", "nd_range": {"device_start": 1585626899.2193015, "device_end": 1585626899.2201352}, "cmdq": 0, "read": {"device_start": -1, "device_end": -1}}, "FFC_sans_bias60": {"write": {"device_start": -1, "host_queued_start": 1585626965.727549, "device_queued": -1, "device_end": -1, "host_queued_end": 1585626965.742084}, "device": "gpu", "nd_range": {"device_start": 1585626899.2316372, "device_end": 1585626899.2326012}, "cmdq": 0, "read": {"device_start": -1, "device_end": -1}}, "FFC_sans_bias61": {"write": {"device_start": 1585626899.2380679, "host_queued_start": 1585626965.734189, "device_queued": 1585626899.2146506, "device_end": 1585626899.238095, "host_queued_end": 1585626965.742084}, "device": "gpu", "nd_range": {"device_start": 1585626899.238111, "device_end": 1585626899.2388263}, "cmdq": 1, "read": {"device_start": 1585626899.238829, "device_end": 1585626899.2388556}}, "FFC_sans_bias63": {"write": {"device_start": 1585626899.2148948, "host_queued_start": 1585626965.696677, "device_queued": 1585626899.2095191, "device_end": 1585626899.2149227, "host_queued_end": 1585626965.742084}, "device": "gpu", "nd_range": {"device_start": 1585626899.2149286, "device_end": 1585626899.2157614}, "cmdq": 1, "read": {"device_start": -1, "device_end": -1}}, "FFC_sans_bias64": {"write": {"device_start": 1585626899.2139618, "host_queued_start": 1585626965.694508, "device_queued": 1585626899.2093256, "device_end": 1585626899.2139945, "host_queued_end": 1585626965.742084}, "device": "gpu", "nd_range": {"device_start": 1585626899.2139995, "device_end": 1585626899.2147772}, "cmdq": 1, "read": {"device_start": -1, "device_end": -1}}, "FFC_sans_bias65": {"write": {"device_start": 1585626899.214475, "host_queued_start": 1585626965.695612, "device_queued": 1585626899.2094736, "device_end": 1585626899.2145078, "host_queued_end": 1585626965.742084}, "device": "gpu", "nd_range": {"device_start": 1585626899.2145119, "device_end": 1585626899.215261}, "cmdq": 0, "read": {"device_start": -1, "device_end": -1}}, "FFC_sans_bias67": {"write": {"device_start": -1, "host_queued_start": 1585626965.721341, "device_queued": -1, "device_end": -1, "host_queued_end": 1585626965.742084}, "device": "gpu", "nd_range": {"device_start": 1585626899.2266269, "device_end": 1585626899.2275887}, "cmdq": 1, "read": {"device_start": -1, "device_end": -1}}, "coalesced_transpose111": {"write": {"device_start": -1, "host_queued_start": 1585626965.719376, "device_queued": -1, "device_end": -1, "host_queued_end": 1585626965.742084}, "device": "gpu", "nd_range": {"device_start": 1585626899.2249775, "device_end": 1585626899.2249966}, "cmdq": 1, "read": {"device_start": -1, "device_end": -1}}, "softmax68": {"write": {"device_start": -1, "host_queued_start": 1585626965.724692, "device_queued": -1, "device_end": -1, "host_queued_end": 1585626965.742084}, "device": "gpu", "nd_range": {"device_start": 1585626899.2301302, "device_end": 1585626899.230337}, "cmdq": 0, "read": {"device_start": -1, "device_end": -1}}, "empty125": {"write": {"device_start": 1585626899.2082927, "host_queued_start": 1585626965.680188, "device_queued": 1585626899.2080855, "device_end": 1585626899.208346, "host_queued_end": 1585626965.742084}, "device": "gpu", "nd_range": {"device_start": 1585626899.2083526, "device_end": 1585626899.2083566}, "cmdq": 0, "read": {"device_start": -1, "device_end": -1}}, "empty35": {"write": {"device_start": 1585626899.2072597, "host_queued_start": 1585626965.671291, "device_queued": 1585626899.2071397, "device_end": 1585626899.2072961, "host_queued_end": 1585626965.742084}, "device": "gpu", "nd_range": {"device_start": 1585626899.2073004, "device_end": 1585626899.2073054}, "cmdq": 0, "read": {"device_start": -1, "device_end": -1}}, "softmax86": {"write": {"device_start": -1, "host_queued_start": 1585626965.725201, "device_queued": -1, "device_end": -1, "host_queued_end": 1585626965.742084}, "device": "gpu", "nd_range": {"device_start": 1585626899.230354, "device_end": 1585626899.230564}, "cmdq": 0, "read": {"device_start": -1, "device_end": -1}}, "FFC_sans_bias55": {"write": {"device_start": 1585626899.2134657, "host_queued_start": 1585626965.693426, "device_queued": 1585626899.2092962, "device_end": 1585626899.2134979, "host_queued_end": 1585626965.742084}, "device": "gpu", "nd_range": {"device_start": 1585626899.2135034, "device_end": 1585626899.2143168}, "cmdq": 0, "read": {"device_start": -1, "device_end": -1}}, "FFC_sans_bias54": {"write": {"device_start": 1585626899.2129514, "host_queued_start": 1585626965.692358, "device_queued": 1585626899.2091715, "device_end": 1585626899.212983, "host_queued_end": 1585626965.742084}, "device": "gpu", "nd_range": {"device_start": 1585626899.2129903, "device_end": 1585626899.2138095}, "cmdq": 1, "read": {"device_start": -1, "device_end": -1}}, "FFC_sans_bias56": {"write": {"device_start": 1585626899.212491, "host_queued_start": 1585626965.691281, "device_queued": 1585626899.2091389, "device_end": 1585626899.2125242, "host_queued_end": 1585626965.742084}, "device": "gpu", "nd_range": {"device_start": 1585626899.2125301, "device_end": 1585626899.2133446}, "cmdq": 0, "read": {"device_start": -1, "device_end": -1}}, "FFC_sans_bias51": {"write": {"device_start": -1, "host_queued_start": 1585626965.72722, "device_queued": -1, "device_end": -1, "host_queued_end": 1585626965.742084}, "device": "gpu", "nd_range": {"device_start": 1585626899.232044, "device_end": 1585626899.2330222}, "cmdq": 1, "read": {"device_start": -1, "device_end": -1}}, "FFC_sans_bias52": {"write": {"device_start": 1585626899.236632, "host_queued_start": 1585626965.7331, "device_queued": 1585626899.2146132, "device_end": 1585626899.2366588, "host_queued_end": 1585626965.742084}, "device": "gpu", "nd_range": {"device_start": 1585626899.2366743, "device_end": 1585626899.2373931}, "cmdq": 0, "read": {"device_start": 1585626899.2373955, "device_end": 1585626899.2374215}}, "FFC_sans_bias58": {"write": {"device_start": -1, "host_queued_start": 1585626965.721014, "device_queued": -1, "device_end": -1, "host_queued_end": 1585626965.742084}, "device": "gpu", "nd_range": {"device_start": 1585626899.2251604, "device_end": 1585626899.226104}, "cmdq": 0, "read": {"device_start": -1, "device_end": -1}}, "FFC_sans_bias108": {"write": {"device_start": 1585626899.2212281, "host_queued_start": 1585626965.710688, "device_queued": 1585626899.21092, "device_end": 1585626899.2212536, "host_queued_end": 1585626965.742084}, "device": "gpu", "nd_range": {"device_start": 1585626899.2212582, "device_end": 1585626899.222069}, "cmdq": 0, "read": {"device_start": -1, "device_end": -1}}, "FFC_sans_bias109": {"write": {"device_start": 1585626899.2216828, "host_queued_start": 1585626965.711764, "device_queued": 1585626899.2109993, "device_end": 1585626899.221709, "host_queued_end": 1585626965.742084}, "device": "gpu", "nd_range": {"device_start": 1585626899.221718, "device_end": 1585626899.2225368}, "cmdq": 1, "read": {"device_start": -1, "device_end": -1}}, "FFC_sans_bias103": {"write": {"device_start": -1, "host_queued_start": 1585626965.722702, "device_queued": -1, "device_end": -1, "host_queued_end": 1585626965.742084}, "device": "gpu", "nd_range": {"device_start": 1585626899.2285733, "device_end": 1585626899.2294714}, "cmdq": 1, "read": {"device_start": -1, "device_end": -1}}, "FFC_sans_bias100": {"write": {"device_start": 1585626899.2202616, "host_queued_start": 1585626965.708524, "device_queued": 1585626899.2107255, "device_end": 1585626899.2202957, "host_queued_end": 1585626965.742084}, "device": "gpu", "nd_range": {"device_start": 1585626899.2202997, "device_end": 1585626899.2211084}, "cmdq": 0, "read": {"device_start": -1, "device_end": -1}}, "FFC_sans_bias101": {"write": {"device_start": 1585626899.2206933, "host_queued_start": 1585626965.709607, "device_queued": 1585626899.2107759, "device_end": 1585626899.2207258, "host_queued_end": 1585626965.742084}, "device": "gpu", "nd_range": {"device_start": 1585626899.2207322, "device_end": 1585626899.22156}, "cmdq": 1, "read": {"device_start": -1, "device_end": -1}}, "FFC_sans_bias106": {"write": {"device_start": 1585626899.2395327, "host_queued_start": 1585626965.739748, "device_queued": 1585626899.2153258, "device_end": 1585626899.2395585, "host_queued_end": 1585626965.742084}, "device": "gpu", "nd_range": {"device_start": 1585626899.2395732, "device_end": 1585626899.240318}, "cmdq": 0, "read": {"device_start": 1585626899.240322, "device_end": 1585626899.2403457}}, "softmax122": {"write": {"device_start": -1, "host_queued_start": 1585626965.726234, "device_queued": -1, "device_end": -1, "host_queued_end": 1585626965.742084}, "device": "gpu", "nd_range": {"device_start": 1585626899.2308, "device_end": 1585626899.2310054}, "cmdq": 0, "read": {"device_start": -1, "device_end": -1}}, "FFC_sans_bias105": {"write": {"device_start": -1, "host_queued_start": 1585626965.729203, "device_queued": -1, "device_end": -1, "host_queued_end": 1585626965.742084}, "device": "gpu", "nd_range": {"device_start": 1585626899.234999, "device_end": 1585626899.2359734}, "cmdq": 1, "read": {"device_start": -1, "device_end": -1}}, "softmax95": {"write": {"device_start": -1, "host_queued_start": 1585626965.725456, "device_queued": -1, "device_end": -1, "host_queued_end": 1585626965.742084}, "device": "gpu", "nd_range": {"device_start": 1585626899.2307806, "device_end": 1585626899.2309854}, "cmdq": 1, "read": {"device_start": -1, "device_end": -1}}, "coalesced_transpose57": {"write": {"device_start": -1, "host_queued_start": 1585626965.717481, "device_queued": -1, "device_end": -1, "host_queued_end": 1585626965.742084}, "device": "gpu", "nd_range": {"device_start": 1585626899.224505, "device_end": 1585626899.2245362}, "cmdq": 1, "read": {"device_start": -1, "device_end": -1}}, "empty26": {"write": {"device_start": -1, "host_queued_start": 1585626965.745996, "device_queued": -1, "device_end": -1, "host_queued_end": 1585626965.764811}, "device": "cpu", "nd_range": {"device_start": 2294739.954407323, "device_end": 2294739.954418392}, "cmdq": 2, "read": {"device_start": -1, "device_end": -1}}, "softmax113": {"write": {"device_start": -1, "host_queued_start": 1585626965.725979, "device_queued": -1, "device_end": -1, "host_queued_end": 1585626965.742084}, "device": "gpu", "nd_range": {"device_start": 1585626899.231002, "device_end": 1585626899.2313814}, "cmdq": 1, "read": {"device_start": -1, "device_end": -1}}, "FFC_sans_bias11": {"write": {"device_start": -1, "host_queued_start": 1585626965.753669, "device_queued": -1, "device_end": -1, "host_queued_end": 1585626965.764811}, "device": "cpu", "nd_range": {"device_start": 2294739.97351048, "device_end": 2294739.995224292}, "cmdq": 0, "read": {"device_start": -1, "device_end": -1}}, "FFC_sans_bias42": {"write": {"device_start": -1, "host_queued_start": 1585626965.726895, "device_queued": -1, "device_end": -1, "host_queued_end": 1585626965.742084}, "device": "gpu", "nd_range": {"device_start": 1585626899.2310216, "device_end": 1585626899.2316222}, "cmdq": 0, "read": {"device_start": -1, "device_end": -1}}, "FFC_sans_bias43": {"write": {"device_start": 1585626899.2370346, "host_queued_start": 1585626965.732009, "device_queued": 1585626899.2142913, "device_end": 1585626899.2370613, "host_queued_end": 1585626965.742084}, "device": "gpu", "nd_range": {"device_start": 1585626899.2370763, "device_end": 1585626899.237875}, "cmdq": 1, "read": {"device_start": 1585626899.237887, "device_end": 1585626899.237912}}, "FFC_sans_bias40": {"write": {"device_start": -1, "host_queued_start": 1585626965.720357, "device_queued": -1, "device_end": -1, "host_queued_end": 1585626965.742084}, "device": "gpu", "nd_range": {"device_start": 1585626899.2245321, "device_end": 1585626899.225143}, "cmdq": 0, "read": {"device_start": -1, "device_end": -1}}, "FFC_sans_bias46": {"write": {"device_start": 1585626899.2114844, "host_queued_start": 1585626965.688973, "device_queued": 1585626899.2089293, "device_end": 1585626899.2115104, "host_queued_end": 1585626965.742084}, "device": "gpu", "nd_range": {"device_start": 1585626899.2115135, "device_end": 1585626899.212386}, "cmdq": 0, "read": {"device_start": -1, "device_end": -1}}, "FFC_sans_bias47": {"write": {"device_start": 1585626899.2119675, "host_queued_start": 1585626965.690123, "device_queued": 1585626899.2089586, "device_end": 1585626899.2119997, "host_queued_end": 1585626965.742084}, "device": "gpu", "nd_range": {"device_start": 1585626899.2120044, "device_end": 1585626899.2128415}, "cmdq": 1, "read": {"device_start": -1, "device_end": -1}}, "FFC_sans_bias45": {"write": {"device_start": 1585626899.2110872, "host_queued_start": 1585626965.687864, "device_queued": 1585626899.208807, "device_end": 1585626899.211119, "host_queued_end": 1585626965.742084}, "device": "gpu", "nd_range": {"device_start": 1585626899.211123, "device_end": 1585626899.2118752}, "cmdq": 1, "read": {"device_start": -1, "device_end": -1}}, "FFC_sans_bias49": {"write": {"device_start": -1, "host_queued_start": 1585626965.720686, "device_queued": -1, "device_end": -1, "host_queued_end": 1585626965.742084}, "device": "gpu", "nd_range": {"device_start": 1585626899.2256348, "device_end": 1585626899.226609}, "cmdq": 1, "read": {"device_start": -1, "device_end": -1}}, "softmax77": {"write": {"device_start": -1, "host_queued_start": 1585626965.724951, "device_queued": -1, "device_end": -1, "host_queued_end": 1585626965.742084}, "device": "gpu", "nd_range": {"device_start": 1585626899.2305596, "device_end": 1585626899.230764}, "cmdq": 1, "read": {"device_start": -1, "device_end": -1}}, "FFC_sans_bias119": {"write": {"device_start": 1585626899.2236319, "host_queued_start": 1585626965.716081, "device_queued": 1585626899.2114847, "device_end": 1585626899.2236583, "host_queued_end": 1585626965.742084}, "device": "gpu", "nd_range": {"device_start": 1585626899.2236626, "device_end": 1585626899.224487}, "cmdq": 1, "read": {"device_start": -1, "device_end": -1}}, "FFC_sans_bias118": {"write": {"device_start": 1585626899.2231324, "host_queued_start": 1585626965.715004, "device_queued": 1585626899.2114317, "device_end": 1585626899.2231672, "host_queued_end": 1585626965.742084}, "device": "gpu", "nd_range": {"device_start": 1585626899.2231727, "device_end": 1585626899.2240074}, "cmdq": 0, "read": {"device_start": -1, "device_end": -1}}, "FFC_sans_bias115": {"write": {"device_start": 1585626899.240936, "host_queued_start": 1585626965.740835, "device_queued": 1585626899.2153838, "device_end": 1585626899.2409608, "host_queued_end": 1585626965.742084}, "device": "gpu", "nd_range": {"device_start": 1585626899.240975, "device_end": 1585626899.2417006}, "cmdq": 1, "read": {"device_start": 1585626899.2417095, "device_end": 1585626899.2417326}}, "FFC_sans_bias114": {"write": {"device_start": -1, "host_queued_start": 1585626965.729539, "device_queued": -1, "device_end": -1, "host_queued_end": 1585626965.742084}, "device": "gpu", "nd_range": {"device_start": 1585626899.2345366, "device_end": 1585626899.2354672}, "cmdq": 0, "read": {"device_start": -1, "device_end": -1}}, "FFC_sans_bias117": {"write": {"device_start": 1585626899.2226562, "host_queued_start": 1585626965.713916, "device_queued": 1585626899.211262, "device_end": 1585626899.2226832, "host_queued_end": 1585626965.742084}, "device": "gpu", "nd_range": {"device_start": 1585626899.2226896, "device_end": 1585626899.2235034}, "cmdq": 1, "read": {"device_start": -1, "device_end": -1}}, "softmax5": {"write": {"device_start": -1, "host_queued_start": 1585626965.760001, "device_queued": -1, "device_end": -1, "host_queued_end": 1585626965.764811}, "device": "cpu", "nd_range": {"device_start": 2294740.01323064, "device_end": 2294740.013331755}, "cmdq": 2, "read": {"device_start": -1, "device_end": -1}}, "FFC_sans_bias110": {"write": {"device_start": 1585626899.2221794, "host_queued_start": 1585626965.712849, "device_queued": 1585626899.2112103, "device_end": 1585626899.2222056, "host_queued_end": 1585626965.742084}, "device": "gpu", "nd_range": {"device_start": 1585626899.2222114, "device_end": 1585626899.2230175}, "cmdq": 0, "read": {"device_start": -1, "device_end": -1}}, "FFC_sans_bias112": {"write": {"device_start": -1, "host_queued_start": 1585626965.723046, "device_queued": -1, "device_end": -1, "host_queued_end": 1585626965.742084}, "device": "gpu", "nd_range": {"device_start": 1585626899.2280278, "device_end": 1585626899.2289953}, "cmdq": 0, "read": {"device_start": -1, "device_end": -1}}, "empty53": {"write": {"device_start": 1585626899.2075114, "host_queued_start": 1585626965.673251, "device_queued": 1585626899.2073476, "device_end": 1585626899.2075844, "host_queued_end": 1585626965.742084}, "device": "gpu", "nd_range": {"device_start": 1585626899.2075942, "device_end": 1585626899.207599}, "cmdq": 0, "read": {"device_start": -1, "device_end": -1}}, "coalesced_transpose48": {"write": {"device_start": -1, "host_queued_start": 1585626965.717161, "device_queued": -1, "device_end": -1, "host_queued_end": 1585626965.742084}, "device": "gpu", "nd_range": {"device_start": 1585626899.2243671, "device_end": 1585626899.2243862}, "cmdq": 0, "read": {"device_start": -1, "device_end": -1}}}