{"FFC_sans_bias4": {"write": {"device_start": -1, "host_queued_start": 1585626752.382351, "device_queued": -1, "device_end": -1, "host_queued_end": 1585626752.394707}, "device": "cpu", "nd_range": {"device_start": 2294526.6640493562, "device_end": 2294526.680676471}, "cmdq": 2, "read": {"device_start": -1, "device_end": -1}}, "FFC_sans_bias7": {"write": {"device_start": -1, "host_queued_start": 1585626752.389572, "device_queued": -1, "device_end": -1, "host_queued_end": 1585626752.394707}, "device": "cpu", "nd_range": {"device_start": 2294526.7085123532, "device_end": 2294526.7239845563}, "cmdq": 0, "read": {"device_start": -1, "device_end": -1}}, "FFC_sans_bias6": {"write": {"device_start": -1, "host_queued_start": 1585626752.386408, "device_queued": -1, "device_end": -1, "host_queued_end": 1585626752.394707}, "device": "cpu", "nd_range": {"device_start": 2294526.694995974, "device_end": 2294526.703582785}, "cmdq": 2, "read": {"device_start": -1, "device_end": -1}}, "FFC_sans_bias1": {"write": {"device_start": -1, "host_queued_start": 1585626752.361855, "device_queued": -1, "device_end": -1, "host_queued_end": 1585626752.394707}, "device": "cpu", "nd_range": {"device_start": 2294526.5846791253, "device_end": 2294526.616911579}, "cmdq": 3, "read": {"device_start": -1, "device_end": -1}}, "FFC_sans_bias0": {"write": {"device_start": -1, "host_queued_start": 1585626752.360634, "device_queued": -1, "device_end": -1, "host_queued_end": 1585626752.394707}, "device": "cpu", "nd_range": {"device_start": 2294526.584345358, "device_end": 2294526.599619621}, "cmdq": 2, "read": {"device_start": -1, "device_end": -1}}, "FFC_sans_bias2": {"write": {"device_start": -1, "host_queued_start": 1585626752.362997, "device_queued": -1, "device_end": -1, "host_queued_end": 1585626752.394707}, "device": "cpu", "nd_range": {"device_start": 2294526.5843526633, "device_end": 2294526.6004389403}, "cmdq": 0, "read": {"device_start": -1, "device_end": -1}}, "coalesced_transpose120": {"write": {"device_start": -1, "host_queued_start": 1585626752.337215, "device_queued": -1, "device_end": -1, "host_queued_end": 1585626752.352945}, "device": "gpu", "nd_range": {"device_start": 1585626685.8428793, "device_end": 1585626685.8428876}, "cmdq": 0, "read": {"device_start": -1, "device_end": -1}}, "FFC_sans_bias9": {"write": {"device_start": -1, "host_queued_start": 1585626752.364177, "device_queued": -1, "device_end": -1, "host_queued_end": 1585626752.394707}, "device": "cpu", "nd_range": {"device_start": 2294526.5843805843, "device_end": 2294526.5996691813}, "cmdq": 1, "read": {"device_start": -1, "device_end": -1}}, "empty71": {"write": {"device_start": 1585626685.823878, "host_queued_start": 1585626752.304207, "device_queued": 1585626685.823757, "device_end": 1585626685.8239045, "host_queued_end": 1585626752.352945}, "device": "gpu", "nd_range": {"device_start": 1585626685.8239098, "device_end": 1585626685.823913}, "cmdq": 0, "read": {"device_start": -1, "device_end": -1}}, "softmax41": {"write": {"device_start": -1, "host_queued_start": 1585626752.385687, "device_queued": -1, "device_end": -1, "host_queued_end": 1585626752.394707}, "device": "cpu", "nd_range": {"device_start": 2294526.694815808, "device_end": 2294526.695008128}, "cmdq": 0, "read": {"device_start": -1, "device_end": -1}}, "FFC_sans_bias37": {"write": {"device_start": -1, "host_queued_start": 1585626752.375615, "device_queued": -1, "device_end": -1, "host_queued_end": 1585626752.394707}, "device": "cpu", "nd_range": {"device_start": 2294526.652430613, "device_end": 2294526.6590939993}, "cmdq": 3, "read": {"device_start": -1, "device_end": -1}}, "FFC_sans_bias36": {"write": {"device_start": -1, "host_queued_start": 1585626752.374514, "device_queued": -1, "device_end": -1, "host_queued_end": 1585626752.394707}, "device": "cpu", "nd_range": {"device_start": 2294526.6305512763, "device_end": 2294526.64673861}, "cmdq": 2, "read": {"device_start": -1, "device_end": -1}}, "FFC_sans_bias34": {"write": {"device_start": -1, "host_queued_start": 1585626752.392659, "device_queued": -1, "device_end": -1, "host_queued_end": 1585626752.394707}, "device": "cpu", "nd_range": {"device_start": 2294526.736041138, "device_end": 2294526.7470375393}, "cmdq": 3, "read": {"device_start": -1, "device_end": -1}}, "FFC_sans_bias33": {"write": {"device_start": -1, "host_queued_start": 1585626752.387535, "device_queued": -1, "device_end": -1, "host_queued_end": 1585626752.394707}, "device": "cpu", "nd_range": {"device_start": 2294526.702635757, "device_end": 2294526.7300794213}, "cmdq": 1, "read": {"device_start": -1, "device_end": -1}}, "FFC_sans_bias31": {"write": {"device_start": -1, "host_queued_start": 1585626752.383405, "device_queued": -1, "device_end": -1, "host_queued_end": 1585626752.394707}, "device": "cpu", "nd_range": {"device_start": 2294526.672235846, "device_end": 2294526.681544879}, "cmdq": 1, "read": {"device_start": -1, "device_end": -1}}, "FFC_sans_bias38": {"write": {"device_start": -1, "host_queued_start": 1585626752.376697, "device_queued": -1, "device_end": -1, "host_queued_end": 1585626752.394707}, "device": "cpu", "nd_range": {"device_start": 2294526.6315172953, "device_end": 2294526.646749219}, "cmdq": 0, "read": {"device_start": -1, "device_end": -1}}, "coalesced_transpose75": {"write": {"device_start": -1, "host_queued_start": 1585626752.335691, "device_queued": -1, "device_end": -1, "host_queued_end": 1585626752.352945}, "device": "gpu", "nd_range": {"device_start": 1585626685.8428316, "device_end": 1585626685.8428402}, "cmdq": 0, "read": {"device_start": -1, "device_end": -1}}, "empty44": {"write": {"device_start": -1, "host_queued_start": 1585626752.358696, "device_queued": -1, "device_end": -1, "host_queued_end": 1585626752.394707}, "device": "cpu", "nd_range": {"device_start": 2294526.5843452644, "device_end": 2294526.584346211}, "cmdq": 0, "read": {"device_start": -1, "device_end": -1}}, "empty8": {"write": {"device_start": -1, "host_queued_start": 1585626752.354621, "device_queued": -1, "device_end": -1, "host_queued_end": 1585626752.394707}, "device": "cpu", "nd_range": {"device_start": 2294526.5843149163, "device_end": 2294526.584325055}, "cmdq": 0, "read": {"device_start": -1, "device_end": -1}}, "softmax50": {"write": {"device_start": -1, "host_queued_start": 1585626752.386027, "device_queued": -1, "device_end": -1, "host_queued_end": 1585626752.394707}, "device": "cpu", "nd_range": {"device_start": 2294526.694691549, "device_end": 2294526.694935062}, "cmdq": 1, "read": {"device_start": -1, "device_end": -1}}, "softmax59": {"write": {"device_start": -1, "host_queued_start": 1585626752.3401, "device_queued": -1, "device_end": -1, "host_queued_end": 1585626752.352945}, "device": "gpu", "nd_range": {"device_start": 1585626685.8476899, "device_end": 1585626685.8479064}, "cmdq": 0, "read": {"device_start": -1, "device_end": -1}}, "FFC_sans_bias24": {"write": {"device_start": -1, "host_queued_start": 1585626752.387182, "device_queued": -1, "device_end": -1, "host_queued_end": 1585626752.394707}, "device": "cpu", "nd_range": {"device_start": 2294526.6950232983, "device_end": 2294526.7083982984}, "cmdq": 0, "read": {"device_start": -1, "device_end": -1}}, "FFC_sans_bias25": {"write": {"device_start": -1, "host_queued_start": 1585626752.391655, "device_queued": -1, "device_end": -1, "host_queued_end": 1585626752.394707}, "device": "cpu", "nd_range": {"device_start": 2294526.718978893, "device_end": 2294526.733630335}, "cmdq": 2, "read": {"device_start": -1, "device_end": -1}}, "FFC_sans_bias27": {"write": {"device_start": -1, "host_queued_start": 1585626752.371164, "device_queued": -1, "device_end": -1, "host_queued_end": 1585626752.394707}, "device": "cpu", "nd_range": {"device_start": 2294526.644736579, "device_end": 2294526.6523048063}, "cmdq": 3, "read": {"device_start": -1, "device_end": -1}}, "FFC_sans_bias20": {"write": {"device_start": -1, "host_queued_start": 1585626752.370049, "device_queued": -1, "device_end": -1, "host_queued_end": 1585626752.394707}, "device": "cpu", "nd_range": {"device_start": 2294526.615219553, "device_end": 2294526.630432874}, "cmdq": 2, "read": {"device_start": -1, "device_end": -1}}, "FFC_sans_bias22": {"write": {"device_start": -1, "host_queued_start": 1585626752.38306, "device_queued": -1, "device_end": -1, "host_queued_end": 1585626752.394707}, "device": "cpu", "nd_range": {"device_start": 2294526.6640820852, "device_end": 2294526.679381975}, "cmdq": 0, "read": {"device_start": -1, "device_end": -1}}, "FFC_sans_bias28": {"write": {"device_start": -1, "host_queued_start": 1585626752.372389, "device_queued": -1, "device_end": -1, "host_queued_end": 1585626752.394707}, "device": "cpu", "nd_range": {"device_start": 2294526.615998485, "device_end": 2294526.631382241}, "cmdq": 0, "read": {"device_start": -1, "device_end": -1}}, "FFC_sans_bias29": {"write": {"device_start": -1, "host_queued_start": 1585626752.373459, "device_queued": -1, "device_end": -1, "host_queued_end": 1585626752.394707}, "device": "cpu", "nd_range": {"device_start": 2294526.6150912694, "device_end": 2294526.630308922}, "cmdq": 1, "read": {"device_start": -1, "device_end": -1}}, "coalesced_transpose66": {"write": {"device_start": -1, "host_queued_start": 1585626752.335385, "device_queued": -1, "device_end": -1, "host_queued_end": 1585626752.352945}, "device": "gpu", "nd_range": {"device_start": 1585626685.8428226, "device_end": 1585626685.8428307}, "cmdq": 0, "read": {"device_start": -1, "device_end": -1}}, "coalesced_transpose93": {"write": {"device_start": -1, "host_queued_start": 1585626752.3363, "device_queued": -1, "device_end": -1, "host_queued_end": 1585626752.352945}, "device": "gpu", "nd_range": {"device_start": 1585626685.8428504, "device_end": 1585626685.8428588}, "cmdq": 0, "read": {"device_start": -1, "device_end": -1}}, "softmax23": {"write": {"device_start": -1, "host_queued_start": 1585626752.385074, "device_queued": -1, "device_end": -1, "host_queued_end": 1585626752.394707}, "device": "cpu", "nd_range": {"device_start": 2294526.6946683154, "device_end": 2294526.694988858}, "cmdq": 2, "read": {"device_start": -1, "device_end": -1}}, "empty62": {"write": {"device_start": 1585626685.8237233, "host_queued_start": 1585626752.303127, "device_queued": 1585626685.8235874, "device_end": 1585626685.8237514, "host_queued_end": 1585626752.352945}, "device": "gpu", "nd_range": {"device_start": 1585626685.8237543, "device_end": 1585626685.8237588}, "cmdq": 0, "read": {"device_start": -1, "device_end": -1}}, "FFC_sans_bias10": {"write": {"device_start": -1, "host_queued_start": 1585626752.365324, "device_queued": -1, "device_end": -1, "host_queued_end": 1585626752.394707}, "device": "cpu", "nd_range": {"device_start": 2294526.599863314, "device_end": 2294526.615098318}, "cmdq": 2, "read": {"device_start": -1, "device_end": -1}}, "FFC_sans_bias13": {"write": {"device_start": -1, "host_queued_start": 1585626752.382717, "device_queued": -1, "device_end": -1, "host_queued_end": 1585626752.394707}, "device": "cpu", "nd_range": {"device_start": 2294526.666154311, "device_end": 2294526.684018718}, "cmdq": 3, "read": {"device_start": -1, "device_end": -1}}, "FFC_sans_bias15": {"write": {"device_start": -1, "host_queued_start": 1585626752.386796, "device_queued": -1, "device_end": -1, "host_queued_end": 1585626752.394707}, "device": "cpu", "nd_range": {"device_start": 2294526.696231639, "device_end": 2294526.718247286}, "cmdq": 3, "read": {"device_start": -1, "device_end": -1}}, "FFC_sans_bias16": {"write": {"device_start": -1, "host_queued_start": 1585626752.390626, "device_queued": -1, "device_end": -1, "host_queued_end": 1585626752.394707}, "device": "cpu", "nd_range": {"device_start": 2294526.730091654, "device_end": 2294526.747037526}, "cmdq": 1, "read": {"device_start": -1, "device_end": -1}}, "FFC_sans_bias19": {"write": {"device_start": -1, "host_queued_start": 1585626752.368835, "device_queued": -1, "device_end": -1, "host_queued_end": 1585626752.394707}, "device": "cpu", "nd_range": {"device_start": 2294526.599682366, "device_end": 2294526.614939}, "cmdq": 1, "read": {"device_start": -1, "device_end": -1}}, "FFC_sans_bias18": {"write": {"device_start": -1, "host_queued_start": 1585626752.367687, "device_queued": -1, "device_end": -1, "host_queued_end": 1585626752.394707}, "device": "cpu", "nd_range": {"device_start": 2294526.6005495084, "device_end": 2294526.6158813643}, "cmdq": 0, "read": {"device_start": -1, "device_end": -1}}, "FFC_sans_bias99": {"write": {"device_start": 1585626685.8361158, "host_queued_start": 1585626752.326337, "device_queued": 1585626685.8260112, "device_end": 1585626685.836146, "host_queued_end": 1585626752.352945}, "device": "gpu", "nd_range": {"device_start": 1585626685.8361523, "device_end": 1585626685.8367436}, "cmdq": 0, "read": {"device_start": -1, "device_end": -1}}, "FFC_sans_bias91": {"write": {"device_start": 1585626685.834627, "host_queued_start": 1585626752.324249, "device_queued": 1585626685.8258252, "device_end": 1585626685.8346567, "host_queued_end": 1585626752.352945}, "device": "gpu", "nd_range": {"device_start": 1585626685.8346624, "device_end": 1585626685.8352566}, "cmdq": 0, "read": {"device_start": -1, "device_end": -1}}, "FFC_sans_bias90": {"write": {"device_start": 1585626685.8338845, "host_queued_start": 1585626752.323211, "device_queued": 1585626685.8257816, "device_end": 1585626685.8339143, "host_queued_end": 1585626752.352945}, "device": "gpu", "nd_range": {"device_start": 1585626685.833918, "device_end": 1585626685.834511}, "cmdq": 0, "read": {"device_start": -1, "device_end": -1}}, "coalesced_transpose12": {"write": {"device_start": -1, "host_queued_start": 1585626752.380665, "device_queued": -1, "device_end": -1, "host_queued_end": 1585626752.394707}, "device": "cpu", "nd_range": {"device_start": 2294526.645748781, "device_end": 2294526.64600277}, "cmdq": 1, "read": {"device_start": -1, "device_end": -1}}, "FFC_sans_bias94": {"write": {"device_start": -1, "host_queued_start": 1585626752.338806, "device_queued": -1, "device_end": -1, "host_queued_end": 1585626752.352945}, "device": "gpu", "nd_range": {"device_start": 1585626685.845293, "device_end": 1585626685.8458922}, "cmdq": 0, "read": {"device_start": -1, "device_end": -1}}, "FFC_sans_bias97": {"write": {"device_start": 1585626685.857771, "host_queued_start": 1585626752.349688, "device_queued": 1585626685.828989, "device_end": 1585626685.8578022, "host_queued_end": 1585626752.352945}, "device": "gpu", "nd_range": {"device_start": 1585626685.857807, "device_end": 1585626685.8583944}, "cmdq": 0, "read": {"device_start": 1585626685.8584037, "device_end": 1585626685.8584266}}, "FFC_sans_bias96": {"write": {"device_start": -1, "host_queued_start": 1585626752.343484, "device_queued": -1, "device_end": -1, "host_queued_end": 1585626752.352945}, "device": "gpu", "nd_range": {"device_start": 1585626685.851801, "device_end": 1585626685.852403}, "cmdq": 0, "read": {"device_start": -1, "device_end": -1}}, "FFC_sans_bias124": {"write": {"device_start": 1585626685.860288, "host_queued_start": 1585626752.352839, "device_queued": 1585626685.8293018, "device_end": 1585626685.860317, "host_queued_end": 1585626752.352945}, "device": "gpu", "nd_range": {"device_start": 1585626685.8603199, "device_end": 1585626685.8609169}, "cmdq": 0, "read": {"device_start": 1585626685.8609238, "device_end": 1585626685.860947}}, "softmax32": {"write": {"device_start": -1, "host_queued_start": 1585626752.385417, "device_queued": -1, "device_end": -1, "host_queued_end": 1585626752.394707}, "device": "cpu", "nd_range": {"device_start": 2294526.6946658473, "device_end": 2294526.696220252}, "cmdq": 3, "read": {"device_start": -1, "device_end": -1}}, "coalesced_transpose84": {"write": {"device_start": -1, "host_queued_start": 1585626752.335997, "device_queued": -1, "device_end": -1, "host_queued_end": 1585626752.352945}, "device": "gpu", "nd_range": {"device_start": 1585626685.8428414, "device_end": 1585626685.8428495}, "cmdq": 0, "read": {"device_start": -1, "device_end": -1}}, "FFC_sans_bias121": {"write": {"device_start": -1, "host_queued_start": 1585626752.339842, "device_queued": -1, "device_end": -1, "host_queued_end": 1585626752.352945}, "device": "gpu", "nd_range": {"device_start": 1585626685.847089, "device_end": 1585626685.8476882}, "cmdq": 0, "read": {"device_start": -1, "device_end": -1}}, "empty98": {"write": {"device_start": 1585626685.8242912, "host_queued_start": 1585626752.306929, "device_queued": 1585626685.8241763, "device_end": 1585626685.8243155, "host_queued_end": 1585626752.352945}, "device": "gpu", "nd_range": {"device_start": 1585626685.824324, "device_end": 1585626685.8243275}, "cmdq": 0, "read": {"device_start": -1, "device_end": -1}}, "empty107": {"write": {"device_start": 1585626685.8243952, "host_queued_start": 1585626752.307748, "device_queued": 1585626685.8242552, "device_end": 1585626685.824421, "host_queued_end": 1585626752.352945}, "device": "gpu", "nd_range": {"device_start": 1585626685.8244243, "device_end": 1585626685.8244278}, "cmdq": 0, "read": {"device_start": -1, "device_end": -1}}, "empty17": {"write": {"device_start": -1, "host_queued_start": 1585626752.3557, "device_queued": -1, "device_end": -1, "host_queued_end": 1585626752.394707}, "device": "cpu", "nd_range": {"device_start": 2294526.584350836, "device_end": 2294526.584355545}, "cmdq": 1, "read": {"device_start": -1, "device_end": -1}}, "FFC_sans_bias87": {"write": {"device_start": -1, "host_queued_start": 1585626752.343167, "device_queued": -1, "device_end": -1, "host_queued_end": 1585626752.352945}, "device": "gpu", "nd_range": {"device_start": 1585626685.851199, "device_end": 1585626685.8518}, "cmdq": 0, "read": {"device_start": -1, "device_end": -1}}, "FFC_sans_bias85": {"write": {"device_start": -1, "host_queued_start": 1585626752.338481, "device_queued": -1, "device_end": -1, "host_queued_end": 1585626752.352945}, "device": "gpu", "nd_range": {"device_start": 1585626685.844695, "device_end": 1585626685.845292}, "cmdq": 0, "read": {"device_start": -1, "device_end": -1}}, "FFC_sans_bias82": {"write": {"device_start": 1585626685.8323944, "host_queued_start": 1585626752.321044, "device_queued": 1585626685.8255942, "device_end": 1585626685.8324184, "host_queued_end": 1585626752.352945}, "device": "gpu", "nd_range": {"device_start": 1585626685.8324332, "device_end": 1585626685.8330321}, "cmdq": 0, "read": {"device_start": -1, "device_end": -1}}, "FFC_sans_bias83": {"write": {"device_start": 1585626685.8331413, "host_queued_start": 1585626752.322107, "device_queued": 1585626685.825637, "device_end": 1585626685.8331711, "host_queued_end": 1585626752.352945}, "device": "gpu", "nd_range": {"device_start": 1585626685.8331735, "device_end": 1585626685.8337598}, "cmdq": 0, "read": {"device_start": -1, "device_end": -1}}, "FFC_sans_bias81": {"write": {"device_start": 1585626685.831649, "host_queued_start": 1585626752.319993, "device_queued": 1585626685.825428, "device_end": 1585626685.8316789, "host_queued_end": 1585626752.352945}, "device": "gpu", "nd_range": {"device_start": 1585626685.8316884, "device_end": 1585626685.8322892}, "cmdq": 0, "read": {"device_start": -1, "device_end": -1}}, "FFC_sans_bias88": {"write": {"device_start": 1585626685.8569107, "host_queued_start": 1585626752.348643, "device_queued": 1585626685.8288162, "device_end": 1585626685.8569412, "host_queued_end": 1585626752.352945}, "device": "gpu", "nd_range": {"device_start": 1585626685.8569553, "device_end": 1585626685.8575442}, "cmdq": 0, "read": {"device_start": 1585626685.8575518, "device_end": 1585626685.857574}}, "coalesced_transpose30": {"write": {"device_start": -1, "host_queued_start": 1585626752.381329, "device_queued": -1, "device_end": -1, "host_queued_end": 1585626752.394707}, "device": "cpu", "nd_range": {"device_start": 2294526.665785655, "device_end": 2294526.66603758}, "cmdq": 3, "read": {"device_start": -1, "device_end": -1}}, "coalesced_transpose39": {"write": {"device_start": -1, "host_queued_start": 1585626752.381661, "device_queued": -1, "device_end": -1, "host_queued_end": 1585626752.394707}, "device": "cpu", "nd_range": {"device_start": 2294526.659139207, "device_end": 2294526.660290449}, "cmdq": 0, "read": {"device_start": -1, "device_end": -1}}, "FFC_sans_bias79": {"write": {"device_start": 1585626685.8560636, "host_queued_start": 1585626752.347597, "device_queued": 1585626685.8287387, "device_end": 1585626685.8560932, "host_queued_end": 1585626752.352945}, "device": "gpu", "nd_range": {"device_start": 1585626685.8561077, "device_end": 1585626685.8567052}, "cmdq": 0, "read": {"device_start": 1585626685.85671, "device_end": 1585626685.8567328}}, "FFC_sans_bias78": {"write": {"device_start": -1, "host_queued_start": 1585626752.342848, "device_queued": -1, "device_end": -1, "host_queued_end": 1585626752.352945}, "device": "gpu", "nd_range": {"device_start": 1585626685.8506038, "device_end": 1585626685.8511977}, "cmdq": 0, "read": {"device_start": -1, "device_end": -1}}, "FFC_sans_bias73": {"write": {"device_start": 1585626685.8301337, "host_queued_start": 1585626752.317825, "device_queued": 1585626685.8252487, "device_end": 1585626685.8301637, "host_queued_end": 1585626752.352945}, "device": "gpu", "nd_range": {"device_start": 1585626685.8301723, "device_end": 1585626685.8307767}, "cmdq": 0, "read": {"device_start": -1, "device_end": -1}}, "FFC_sans_bias72": {"write": {"device_start": 1585626685.829377, "host_queued_start": 1585626752.316782, "device_queued": 1585626685.8252063, "device_end": 1585626685.8294003, "host_queued_end": 1585626752.352945}, "device": "gpu", "nd_range": {"device_start": 1585626685.8294072, "device_end": 1585626685.830009}, "cmdq": 0, "read": {"device_start": -1, "device_end": -1}}, "FFC_sans_bias70": {"write": {"device_start": 1585626685.8552132, "host_queued_start": 1585626752.346531, "device_queued": 1585626685.828558, "device_end": 1585626685.855243, "host_queued_end": 1585626752.352945}, "device": "gpu", "nd_range": {"device_start": 1585626685.8552516, "device_end": 1585626685.855848}, "cmdq": 0, "read": {"device_start": 1585626685.855855, "device_end": 1585626685.8558784}}, "FFC_sans_bias76": {"write": {"device_start": -1, "host_queued_start": 1585626752.338168, "device_queued": -1, "device_end": -1, "host_queued_end": 1585626752.352945}, "device": "gpu", "nd_range": {"device_start": 1585626685.8440883, "device_end": 1585626685.8446877}, "cmdq": 0, "read": {"device_start": -1, "device_end": -1}}, "FFC_sans_bias74": {"write": {"device_start": 1585626685.8309116, "host_queued_start": 1585626752.318947, "device_queued": 1585626685.8253837, "device_end": 1585626685.830941, "host_queued_end": 1585626752.352945}, "device": "gpu", "nd_range": {"device_start": 1585626685.8309474, "device_end": 1585626685.8315434}, "cmdq": 0, "read": {"device_start": -1, "device_end": -1}}, "coalesced_transpose102": {"write": {"device_start": -1, "host_queued_start": 1585626752.336609, "device_queued": -1, "device_end": -1, "host_queued_end": 1585626752.352945}, "device": "gpu", "nd_range": {"device_start": 1585626685.84286, "device_end": 1585626685.8428686}, "cmdq": 0, "read": {"device_start": -1, "device_end": -1}}, "coalesced_transpose3": {"write": {"device_start": -1, "host_queued_start": 1585626752.380213, "device_queued": -1, "device_end": -1, "host_queued_end": 1585626752.394707}, "device": "cpu", "nd_range": {"device_start": 2294526.646762642, "device_end": 2294526.647165649}, "cmdq": 0, "read": {"device_start": -1, "device_end": -1}}, "empty89": {"write": {"device_start": 1585626685.8241637, "host_queued_start": 1585626752.305879, "device_queued": 1585626685.8238983, "device_end": 1585626685.8241942, "host_queued_end": 1585626752.352945}, "device": "gpu", "nd_range": {"device_start": 1585626685.8241992, "device_end": 1585626685.824203}, "cmdq": 0, "read": {"device_start": -1, "device_end": -1}}, "FFC_sans_bias123": {"write": {"device_start": -1, "host_queued_start": 1585626752.344437, "device_queued": -1, "device_end": -1, "host_queued_end": 1585626752.352945}, "device": "gpu", "nd_range": {"device_start": 1585626685.8535955, "device_end": 1585626685.854183}, "cmdq": 0, "read": {"device_start": -1, "device_end": -1}}, "empty80": {"write": {"device_start": 1585626685.8240306, "host_queued_start": 1585626752.305045, "device_queued": 1585626685.8238575, "device_end": 1585626685.8240604, "host_queued_end": 1585626752.352945}, "device": "gpu", "nd_range": {"device_start": 1585626685.824063, "device_end": 1585626685.8240664}, "cmdq": 0, "read": {"device_start": -1, "device_end": -1}}, "empty116": {"write": {"device_start": 1585626685.8245292, "host_queued_start": 1585626752.308585, "device_queued": 1585626685.8242881, "device_end": 1585626685.8245537, "host_queued_end": 1585626752.352945}, "device": "gpu", "nd_range": {"device_start": 1585626685.8245573, "device_end": 1585626685.8245609}, "cmdq": 0, "read": {"device_start": -1, "device_end": -1}}, "softmax104": {"write": {"device_start": -1, "host_queued_start": 1585626752.341343, "device_queued": -1, "device_end": -1, "host_queued_end": 1585626752.352945}, "device": "gpu", "nd_range": {"device_start": 1585626685.848762, "device_end": 1585626685.8489735}, "cmdq": 0, "read": {"device_start": -1, "device_end": -1}}, "coalesced_transpose21": {"write": {"device_start": -1, "host_queued_start": 1585626752.380998, "device_queued": -1, "device_end": -1, "host_queued_end": 1585626752.394707}, "device": "cpu", "nd_range": {"device_start": 2294526.663410853, "device_end": 2294526.663666793}, "cmdq": 2, "read": {"device_start": -1, "device_end": -1}}, "softmax14": {"write": {"device_start": -1, "host_queued_start": 1585626752.384757, "device_queued": -1, "device_end": -1, "host_queued_end": 1585626752.394707}, "device": "cpu", "nd_range": {"device_start": 2294526.6864085793, "device_end": 2294526.686618279}, "cmdq": 1, "read": {"device_start": -1, "device_end": -1}}, "FFC_sans_bias69": {"write": {"device_start": -1, "host_queued_start": 1585626752.342525, "device_queued": -1, "device_end": -1, "host_queued_end": 1585626752.352945}, "device": "gpu", "nd_range": {"device_start": 1585626685.8500047, "device_end": 1585626685.8506029}, "cmdq": 0, "read": {"device_start": -1, "device_end": -1}}, "FFC_sans_bias92": {"write": {"device_start": 1585626685.8353724, "host_queued_start": 1585626752.325295, "device_queued": 1585626685.8259773, "device_end": 1585626685.8354018, "host_queued_end": 1585626752.352945}, "device": "gpu", "nd_range": {"device_start": 1585626685.835408, "device_end": 1585626685.8359997}, "cmdq": 0, "read": {"device_start": -1, "device_end": -1}}, "FFC_sans_bias60": {"write": {"device_start": -1, "host_queued_start": 1585626752.342196, "device_queued": -1, "device_end": -1, "host_queued_end": 1585626752.352945}, "device": "gpu", "nd_range": {"device_start": 1585626685.849403, "device_end": 1585626685.8500035}, "cmdq": 0, "read": {"device_start": -1, "device_end": -1}}, "FFC_sans_bias61": {"write": {"device_start": 1585626685.8543522, "host_queued_start": 1585626752.345462, "device_queued": 1585626685.8284473, "device_end": 1585626685.85438, "host_queued_end": 1585626752.352945}, "device": "gpu", "nd_range": {"device_start": 1585626685.8543828, "device_end": 1585626685.85498}, "cmdq": 0, "read": {"device_start": 1585626685.854983, "device_end": 1585626685.855007}}, "FFC_sans_bias63": {"write": {"device_start": 1585626685.828615, "host_queued_start": 1585626752.315741, "device_queued": 1585626685.8250856, "device_end": 1585626685.8286412, "host_queued_end": 1585626752.352945}, "device": "gpu", "nd_range": {"device_start": 1585626685.8286507, "device_end": 1585626685.8292563}, "cmdq": 0, "read": {"device_start": -1, "device_end": -1}}, "FFC_sans_bias64": {"write": {"device_start": 1585626685.8270967, "host_queued_start": 1585626752.313596, "device_queued": 1585626685.8249264, "device_end": 1585626685.8271272, "host_queued_end": 1585626752.352945}, "device": "gpu", "nd_range": {"device_start": 1585626685.8271308, "device_end": 1585626685.8277311}, "cmdq": 0, "read": {"device_start": -1, "device_end": -1}}, "FFC_sans_bias65": {"write": {"device_start": 1585626685.8278563, "host_queued_start": 1585626752.314694, "device_queued": 1585626685.8250523, "device_end": 1585626685.8278866, "host_queued_end": 1585626752.352945}, "device": "gpu", "nd_range": {"device_start": 1585626685.8278978, "device_end": 1585626685.8284936}, "cmdq": 0, "read": {"device_start": -1, "device_end": -1}}, "FFC_sans_bias67": {"write": {"device_start": -1, "host_queued_start": 1585626752.337855, "device_queued": -1, "device_end": -1, "host_queued_end": 1585626752.352945}, "device": "gpu", "nd_range": {"device_start": 1585626685.843489, "device_end": 1585626685.8440874}, "cmdq": 0, "read": {"device_start": -1, "device_end": -1}}, "coalesced_transpose111": {"write": {"device_start": -1, "host_queued_start": 1585626752.336909, "device_queued": -1, "device_end": -1, "host_queued_end": 1585626752.352945}, "device": "gpu", "nd_range": {"device_start": 1585626685.8428705, "device_end": 1585626685.8428783}, "cmdq": 0, "read": {"device_start": -1, "device_end": -1}}, "softmax68": {"write": {"device_start": -1, "host_queued_start": 1585626752.340349, "device_queued": -1, "device_end": -1, "host_queued_end": 1585626752.352945}, "device": "gpu", "nd_range": {"device_start": 1585626685.8479078, "device_end": 1585626685.8481238}, "cmdq": 0, "read": {"device_start": -1, "device_end": -1}}, "empty125": {"write": {"device_start": 1585626685.8246675, "host_queued_start": 1585626752.309416, "device_queued": 1585626685.8243217, "device_end": 1585626685.8246932, "host_queued_end": 1585626752.352945}, "device": "gpu", "nd_range": {"device_start": 1585626685.8246984, "device_end": 1585626685.824702}, "cmdq": 0, "read": {"device_start": -1, "device_end": -1}}, "empty35": {"write": {"device_start": -1, "host_queued_start": 1585626752.357642, "device_queued": -1, "device_end": -1, "host_queued_end": 1585626752.394707}, "device": "cpu", "nd_range": {"device_start": 2294526.584607088, "device_end": 2294526.584610687}, "cmdq": 3, "read": {"device_start": -1, "device_end": -1}}, "softmax86": {"write": {"device_start": -1, "host_queued_start": 1585626752.340846, "device_queued": -1, "device_end": -1, "host_queued_end": 1585626752.352945}, "device": "gpu", "nd_range": {"device_start": 1585626685.848335, "device_end": 1585626685.8485444}, "cmdq": 0, "read": {"device_start": -1, "device_end": -1}}, "FFC_sans_bias55": {"write": {"device_start": 1585626685.826303, "host_queued_start": 1585626752.312545, "device_queued": 1585626685.824892, "device_end": 1585626685.8263273, "host_queued_end": 1585626752.352945}, "device": "gpu", "nd_range": {"device_start": 1585626685.826332, "device_end": 1585626685.8269255}, "cmdq": 0, "read": {"device_start": -1, "device_end": -1}}, "FFC_sans_bias54": {"write": {"device_start": 1585626685.825544, "host_queued_start": 1585626752.311501, "device_queued": 1585626685.8247116, "device_end": 1585626685.8255746, "host_queued_end": 1585626752.352945}, "device": "gpu", "nd_range": {"device_start": 1585626685.8255775, "device_end": 1585626685.8261724}, "cmdq": 0, "read": {"device_start": -1, "device_end": -1}}, "FFC_sans_bias56": {"write": {"device_start": 1585626685.8247914, "host_queued_start": 1585626752.310405, "device_queued": 1585626685.8246515, "device_end": 1585626685.8248158, "host_queued_end": 1585626752.352945}, "device": "gpu", "nd_range": {"device_start": 1585626685.8248205, "device_end": 1585626685.8254187}, "cmdq": 0, "read": {"device_start": -1, "device_end": -1}}, "FFC_sans_bias51": {"write": {"device_start": -1, "host_queued_start": 1585626752.388323, "device_queued": -1, "device_end": -1, "host_queued_end": 1585626752.394707}, "device": "cpu", "nd_range": {"device_start": 2294526.7182589793, "device_end": 2294526.7360329553}, "cmdq": 3, "read": {"device_start": -1, "device_end": -1}}, "FFC_sans_bias52": {"write": {"device_start": -1, "host_queued_start": 1585626752.394662, "device_queued": -1, "device_end": -1, "host_queued_end": 1585626752.394707}, "device": "cpu", "nd_range": {"device_start": 2294526.747041623, "device_end": 2294526.751103825}, "cmdq": 1, "read": {"device_start": -1, "device_end": -1}}, "FFC_sans_bias58": {"write": {"device_start": -1, "host_queued_start": 1585626752.337535, "device_queued": -1, "device_end": -1, "host_queued_end": 1585626752.352945}, "device": "gpu", "nd_range": {"device_start": 1585626685.8428886, "device_end": 1585626685.8434877}, "cmdq": 0, "read": {"device_start": -1, "device_end": -1}}, "FFC_sans_bias108": {"write": {"device_start": 1585626685.83839, "host_queued_start": 1585626752.329494, "device_queued": 1585626685.8264012, "device_end": 1585626685.8384194, "host_queued_end": 1585626752.352945}, "device": "gpu", "nd_range": {"device_start": 1585626685.8384256, "device_end": 1585626685.8390286}, "cmdq": 0, "read": {"device_start": -1, "device_end": -1}}, "FFC_sans_bias109": {"write": {"device_start": 1585626685.839146, "host_queued_start": 1585626752.330536, "device_queued": 1585626685.8264556, "device_end": 1585626685.839176, "host_queued_end": 1585626752.352945}, "device": "gpu", "nd_range": {"device_start": 1585626685.8391824, "device_end": 1585626685.8397775}, "cmdq": 0, "read": {"device_start": -1, "device_end": -1}}, "FFC_sans_bias103": {"write": {"device_start": -1, "host_queued_start": 1585626752.339121, "device_queued": -1, "device_end": -1, "host_queued_end": 1585626752.352945}, "device": "gpu", "nd_range": {"device_start": 1585626685.845894, "device_end": 1585626685.8464882}, "cmdq": 0, "read": {"device_start": -1, "device_end": -1}}, "FFC_sans_bias100": {"write": {"device_start": 1585626685.8368673, "host_queued_start": 1585626752.327403, "device_queued": 1585626685.8261285, "device_end": 1585626685.8368974, "host_queued_end": 1585626752.352945}, "device": "gpu", "nd_range": {"device_start": 1585626685.836904, "device_end": 1585626685.8375146}, "cmdq": 0, "read": {"device_start": -1, "device_end": -1}}, "FFC_sans_bias101": {"write": {"device_start": 1585626685.8376396, "host_queued_start": 1585626752.328451, "device_queued": 1585626685.8261611, "device_end": 1585626685.8376691, "host_queued_end": 1585626752.352945}, "device": "gpu", "nd_range": {"device_start": 1585626685.837673, "device_end": 1585626685.8382723}, "cmdq": 0, "read": {"device_start": -1, "device_end": -1}}, "FFC_sans_bias106": {"write": {"device_start": 1585626685.8586054, "host_queued_start": 1585626752.35074, "device_queued": 1585626685.8290615, "device_end": 1585626685.8586357, "host_queued_end": 1585626752.352945}, "device": "gpu", "nd_range": {"device_start": 1585626685.8586502, "device_end": 1585626685.8592489}, "cmdq": 0, "read": {"device_start": 1585626685.8592582, "device_end": 1585626685.8592842}}, "softmax122": {"write": {"device_start": -1, "host_queued_start": 1585626752.341857, "device_queued": -1, "device_end": -1, "host_queued_end": 1585626752.352945}, "device": "gpu", "nd_range": {"device_start": 1585626685.8491921, "device_end": 1585626685.849402}, "cmdq": 0, "read": {"device_start": -1, "device_end": -1}}, "FFC_sans_bias105": {"write": {"device_start": -1, "host_queued_start": 1585626752.343804, "device_queued": -1, "device_end": -1, "host_queued_end": 1585626752.352945}, "device": "gpu", "nd_range": {"device_start": 1585626685.8524044, "device_end": 1585626685.8530025}, "cmdq": 0, "read": {"device_start": -1, "device_end": -1}}, "softmax95": {"write": {"device_start": -1, "host_queued_start": 1585626752.341091, "device_queued": -1, "device_end": -1, "host_queued_end": 1585626752.352945}, "device": "gpu", "nd_range": {"device_start": 1585626685.8485453, "device_end": 1585626685.8487597}, "cmdq": 0, "read": {"device_start": -1, "device_end": -1}}, "coalesced_transpose57": {"write": {"device_start": -1, "host_queued_start": 1585626752.33508, "device_queued": -1, "device_end": -1, "host_queued_end": 1585626752.352945}, "device": "gpu", "nd_range": {"device_start": 1585626685.8428125, "device_end": 1585626685.8428211}, "cmdq": 0, "read": {"device_start": -1, "device_end": -1}}, "empty26": {"write": {"device_start": -1, "host_queued_start": 1585626752.356694, "device_queued": -1, "device_end": -1, "host_queued_end": 1585626752.394707}, "device": "cpu", "nd_range": {"device_start": 2294526.584314745, "device_end": 2294526.584325047}, "cmdq": 2, "read": {"device_start": -1, "device_end": -1}}, "softmax113": {"write": {"device_start": -1, "host_queued_start": 1585626752.341603, "device_queued": -1, "device_end": -1, "host_queued_end": 1585626752.352945}, "device": "gpu", "nd_range": {"device_start": 1585626685.8489747, "device_end": 1585626685.849191}, "cmdq": 0, "read": {"device_start": -1, "device_end": -1}}, "FFC_sans_bias11": {"write": {"device_start": -1, "host_queued_start": 1585626752.366477, "device_queued": -1, "device_end": -1, "host_queued_end": 1585626752.394707}, "device": "cpu", "nd_range": {"device_start": 2294526.616924092, "device_end": 2294526.6445886483}, "cmdq": 3, "read": {"device_start": -1, "device_end": -1}}, "FFC_sans_bias42": {"write": {"device_start": -1, "host_queued_start": 1585626752.387979, "device_queued": -1, "device_end": -1, "host_queued_end": 1585626752.394707}, "device": "cpu", "nd_range": {"device_start": 2294526.703592591, "device_end": 2294526.718971523}, "cmdq": 2, "read": {"device_start": -1, "device_end": -1}}, "FFC_sans_bias43": {"write": {"device_start": -1, "host_queued_start": 1585626752.393659, "device_queued": -1, "device_end": -1, "host_queued_end": 1585626752.394707}, "device": "cpu", "nd_range": {"device_start": 2294526.723991066, "device_end": 2294526.736006787}, "cmdq": 0, "read": {"device_start": -1, "device_end": -1}}, "FFC_sans_bias40": {"write": {"device_start": -1, "host_queued_start": 1585626752.383748, "device_queued": -1, "device_end": -1, "host_queued_end": 1585626752.394707}, "device": "cpu", "nd_range": {"device_start": 2294526.681509432, "device_end": 2294526.6946464423}, "cmdq": 2, "read": {"device_start": -1, "device_end": -1}}, "FFC_sans_bias46": {"write": {"device_start": -1, "host_queued_start": 1585626752.378829, "device_queued": -1, "device_end": -1, "host_queued_end": 1585626752.394707}, "device": "cpu", "nd_range": {"device_start": 2294526.648617042, "device_end": 2294526.6559479893}, "cmdq": 2, "read": {"device_start": -1, "device_end": -1}}, "FFC_sans_bias47": {"write": {"device_start": -1, "host_queued_start": 1585626752.379885, "device_queued": -1, "device_end": -1, "host_queued_end": 1585626752.394707}, "device": "cpu", "nd_range": {"device_start": 2294526.659116662, "device_end": 2294526.664827256}, "cmdq": 3, "read": {"device_start": -1, "device_end": -1}}, "FFC_sans_bias45": {"write": {"device_start": -1, "host_queued_start": 1585626752.377748, "device_queued": -1, "device_end": -1, "host_queued_end": 1585626752.394707}, "device": "cpu", "nd_range": {"device_start": 2294526.630440697, "device_end": 2294526.6456316113}, "cmdq": 1, "read": {"device_start": -1, "device_end": -1}}, "FFC_sans_bias49": {"write": {"device_start": -1, "host_queued_start": 1585626752.384097, "device_queued": -1, "device_end": -1, "host_queued_end": 1585626752.394707}, "device": "cpu", "nd_range": {"device_start": 2294526.68414077, "device_end": 2294526.694646636}, "cmdq": 3, "read": {"device_start": -1, "device_end": -1}}, "softmax77": {"write": {"device_start": -1, "host_queued_start": 1585626752.340599, "device_queued": -1, "device_end": -1, "host_queued_end": 1585626752.352945}, "device": "gpu", "nd_range": {"device_start": 1585626685.8481247, "device_end": 1585626685.8483334}, "cmdq": 0, "read": {"device_start": -1, "device_end": -1}}, "FFC_sans_bias119": {"write": {"device_start": 1585626685.8421788, "host_queued_start": 1585626752.334759, "device_queued": 1585626685.8268178, "device_end": 1585626685.842209, "host_queued_end": 1585626752.352945}, "device": "gpu", "nd_range": {"device_start": 1585626685.8422177, "device_end": 1585626685.8428109}, "cmdq": 0, "read": {"device_start": -1, "device_end": -1}}, "FFC_sans_bias118": {"write": {"device_start": 1585626685.8413935, "host_queued_start": 1585626752.333698, "device_queued": 1585626685.8267665, "device_end": 1585626685.841423, "host_queued_end": 1585626752.352945}, "device": "gpu", "nd_range": {"device_start": 1585626685.8414323, "device_end": 1585626685.8420427}, "cmdq": 0, "read": {"device_start": -1, "device_end": -1}}, "FFC_sans_bias115": {"write": {"device_start": 1585626685.8594627, "host_queued_start": 1585626752.351795, "device_queued": 1585626685.8292243, "device_end": 1585626685.8594923, "host_queued_end": 1585626752.352945}, "device": "gpu", "nd_range": {"device_start": 1585626685.8594947, "device_end": 1585626685.860087}, "cmdq": 0, "read": {"device_start": 1585626685.8600893, "device_end": 1585626685.8601122}}, "FFC_sans_bias114": {"write": {"device_start": -1, "host_queued_start": 1585626752.344124, "device_queued": -1, "device_end": -1, "host_queued_end": 1585626752.352945}, "device": "gpu", "nd_range": {"device_start": 1585626685.8530045, "device_end": 1585626685.8535945}, "cmdq": 0, "read": {"device_start": -1, "device_end": -1}}, "FFC_sans_bias117": {"write": {"device_start": 1585626685.8406289, "host_queued_start": 1585626752.332656, "device_queued": 1585626685.8266296, "device_end": 1585626685.8406582, "host_queued_end": 1585626752.352945}, "device": "gpu", "nd_range": {"device_start": 1585626685.840661, "device_end": 1585626685.84126}, "cmdq": 0, "read": {"device_start": -1, "device_end": -1}}, "softmax5": {"write": {"device_start": -1, "host_queued_start": 1585626752.384481, "device_queued": -1, "device_end": -1, "host_queued_end": 1585626752.394707}, "device": "cpu", "nd_range": {"device_start": 2294526.682380305, "device_end": 2294526.682603227}, "cmdq": 0, "read": {"device_start": -1, "device_end": -1}}, "FFC_sans_bias110": {"write": {"device_start": 1585626685.8398943, "host_queued_start": 1585626752.33161, "device_queued": 1585626685.8265843, "device_end": 1585626685.839923, "host_queued_end": 1585626752.352945}, "device": "gpu", "nd_range": {"device_start": 1585626685.8399289, "device_end": 1585626685.8405144}, "cmdq": 0, "read": {"device_start": -1, "device_end": -1}}, "FFC_sans_bias112": {"write": {"device_start": -1, "host_queued_start": 1585626752.339433, "device_queued": -1, "device_end": -1, "host_queued_end": 1585626752.352945}, "device": "gpu", "nd_range": {"device_start": 1585626685.8464892, "device_end": 1585626685.8470876}, "cmdq": 0, "read": {"device_start": -1, "device_end": -1}}, "empty53": {"write": {"device_start": -1, "host_queued_start": 1585626752.359651, "device_queued": -1, "device_end": -1, "host_queued_end": 1585626752.394707}, "device": "cpu", "nd_range": {"device_start": 2294526.5843725153, "device_end": 2294526.584373439}, "cmdq": 1, "read": {"device_start": -1, "device_end": -1}}, "coalesced_transpose48": {"write": {"device_start": -1, "host_queued_start": 1585626752.381995, "device_queued": -1, "device_end": -1, "host_queued_end": 1585626752.394707}, "device": "cpu", "nd_range": {"device_start": 2294526.664225879, "device_end": 2294526.664466481}, "cmdq": 1, "read": {"device_start": -1, "device_end": -1}}}