{"FFC_sans_bias4": {"write": {"device_start": -1, "host_queued_start": 1585627433.387325, "device_queued": -1, "device_end": -1, "host_queued_end": 1585627433.408968}, "device": "cpu", "nd_range": {"device_start": 2295207.774992575, "device_end": 2295207.780712924}, "cmdq": 3, "read": {"device_start": -1, "device_end": -1}}, "FFC_sans_bias7": {"write": {"device_start": -1, "host_queued_start": 1585627433.398856, "device_queued": -1, "device_end": -1, "host_queued_end": 1585627433.408968}, "device": "cpu", "nd_range": {"device_start": 2295207.8425265523, "device_end": 2295207.857790645}, "cmdq": 0, "read": {"device_start": -1, "device_end": -1}}, "FFC_sans_bias6": {"write": {"device_start": -1, "host_queued_start": 1585627433.394268, "device_queued": -1, "device_end": -1, "host_queued_end": 1585627433.408968}, "device": "cpu", "nd_range": {"device_start": 2295207.783121773, "device_end": 2295207.7973104334}, "cmdq": 1, "read": {"device_start": -1, "device_end": -1}}, "FFC_sans_bias1": {"write": {"device_start": -1, "host_queued_start": 1585627433.350046, "device_queued": -1, "device_end": -1, "host_queued_end": 1585627433.408968}, "device": "cpu", "nd_range": {"device_start": 2295207.598638011, "device_end": 2295207.61450525}, "cmdq": 0, "read": {"device_start": -1, "device_end": -1}}, "FFC_sans_bias0": {"write": {"device_start": -1, "host_queued_start": 1585627433.348995, "device_queued": -1, "device_end": -1, "host_queued_end": 1585627433.408968}, "device": "cpu", "nd_range": {"device_start": 2295207.5986451083, "device_end": 2295207.614176275}, "cmdq": 3, "read": {"device_start": -1, "device_end": -1}}, "FFC_sans_bias2": {"write": {"device_start": -1, "host_queued_start": 1585627433.351124, "device_queued": -1, "device_end": -1, "host_queued_end": 1585627433.408968}, "device": "cpu", "nd_range": {"device_start": 2295207.5990161262, "device_end": 2295207.6143884123}, "cmdq": 1, "read": {"device_start": -1, "device_end": -1}}, "coalesced_transpose120": {"write": {"device_start": -1, "host_queued_start": 1585627433.331679, "device_queued": -1, "device_end": -1, "host_queued_end": 1585627433.337679}, "device": "gpu", "nd_range": {"device_start": 1585627366.7948084, "device_end": 1585627366.7951617}, "cmdq": 2, "read": {"device_start": -1, "device_end": -1}}, "FFC_sans_bias9": {"write": {"device_start": -1, "host_queued_start": 1585627433.352173, "device_queued": -1, "device_end": -1, "host_queued_end": 1585627433.408968}, "device": "cpu", "nd_range": {"device_start": 2295207.5994178, "device_end": 2295207.615409288}, "cmdq": 2, "read": {"device_start": -1, "device_end": -1}}, "empty71": {"write": {"device_start": -1, "host_queued_start": 1585627433.345433, "device_queued": -1, "device_end": -1, "host_queued_end": 1585627433.408968}, "device": "cpu", "nd_range": {"device_start": 2295207.5986370663, "device_end": 2295207.598638088}, "cmdq": 3, "read": {"device_start": -1, "device_end": -1}}, "softmax41": {"write": {"device_start": -1, "host_queued_start": 1585627433.392234, "device_queued": -1, "device_end": -1, "host_queued_end": 1585627433.408968}, "device": "cpu", "nd_range": {"device_start": 2295207.791545669, "device_end": 2295207.791751406}, "cmdq": 2, "read": {"device_start": -1, "device_end": -1}}, "FFC_sans_bias37": {"write": {"device_start": -1, "host_queued_start": 1585627433.362944, "device_queued": -1, "device_end": -1, "host_queued_end": 1585627433.408968}, "device": "cpu", "nd_range": {"device_start": 2295207.678932764, "device_end": 2295207.703134961}, "cmdq": 0, "read": {"device_start": -1, "device_end": -1}}, "FFC_sans_bias36": {"write": {"device_start": -1, "host_queued_start": 1585627433.361883, "device_queued": -1, "device_end": -1, "host_queued_end": 1585627433.408968}, "device": "cpu", "nd_range": {"device_start": 2295207.645008399, "device_end": 2295207.6601726413}, "cmdq": 3, "read": {"device_start": -1, "device_end": -1}}, "FFC_sans_bias34": {"write": {"device_start": -1, "host_queued_start": 1585627433.40183, "device_queued": -1, "device_end": -1, "host_queued_end": 1585627433.408968}, "device": "cpu", "nd_range": {"device_start": 2295207.853229383, "device_end": 2295207.868586501}, "cmdq": 3, "read": {"device_start": -1, "device_end": -1}}, "FFC_sans_bias33": {"write": {"device_start": -1, "host_queued_start": 1585627433.395319, "device_queued": -1, "device_end": -1, "host_queued_end": 1585627433.408968}, "device": "cpu", "nd_range": {"device_start": 2295207.8114663824, "device_end": 2295207.826739823}, "cmdq": 0, "read": {"device_start": -1, "device_end": -1}}, "FFC_sans_bias31": {"write": {"device_start": -1, "host_queued_start": 1585627433.388377, "device_queued": -1, "device_end": -1, "host_queued_end": 1585627433.408968}, "device": "cpu", "nd_range": {"device_start": 2295207.730724135, "device_end": 2295207.741753805}, "cmdq": 2, "read": {"device_start": -1, "device_end": -1}}, "FFC_sans_bias38": {"write": {"device_start": -1, "host_queued_start": 1585627433.364008, "device_queued": -1, "device_end": -1, "host_queued_end": 1585627433.408968}, "device": "cpu", "nd_range": {"device_start": 2295207.645247572, "device_end": 2295207.6604321264}, "cmdq": 1, "read": {"device_start": -1, "device_end": -1}}, "coalesced_transpose75": {"write": {"device_start": -1, "host_queued_start": 1585627433.386295, "device_queued": -1, "device_end": -1, "host_queued_end": 1585627433.408968}, "device": "cpu", "nd_range": {"device_start": 2295207.776114025, "device_end": 2295207.776366557}, "cmdq": 0, "read": {"device_start": -1, "device_end": -1}}, "empty44": {"write": {"device_start": -1, "host_queued_start": 1585627433.342959, "device_queued": -1, "device_end": -1, "host_queued_end": 1585627433.408968}, "device": "cpu", "nd_range": {"device_start": 2295207.5986261293, "device_end": 2295207.598626904}, "cmdq": 0, "read": {"device_start": -1, "device_end": -1}}, "empty8": {"write": {"device_start": -1, "host_queued_start": 1585627433.339166, "device_queued": -1, "device_end": -1, "host_queued_end": 1585627433.408968}, "device": "cpu", "nd_range": {"device_start": 2295207.5986173023, "device_end": 2295207.598618171}, "cmdq": 0, "read": {"device_start": -1, "device_end": -1}}, "softmax50": {"write": {"device_start": -1, "host_queued_start": 1585627433.39251, "device_queued": -1, "device_end": -1, "host_queued_end": 1585627433.408968}, "device": "cpu", "nd_range": {"device_start": 2295207.807444148, "device_end": 2295207.8076645173}, "cmdq": 3, "read": {"device_start": -1, "device_end": -1}}, "softmax59": {"write": {"device_start": -1, "host_queued_start": 1585627433.392793, "device_queued": -1, "device_end": -1, "host_queued_end": 1585627433.408968}, "device": "cpu", "nd_range": {"device_start": 2295207.8110311553, "device_end": 2295207.811243427}, "cmdq": 0, "read": {"device_start": -1, "device_end": -1}}, "FFC_sans_bias24": {"write": {"device_start": -1, "host_queued_start": 1585627433.394971, "device_queued": -1, "device_end": -1, "host_queued_end": 1585627433.408968}, "device": "cpu", "nd_range": {"device_start": 2295207.8145790882, "device_end": 2295207.823626527}, "cmdq": 3, "read": {"device_start": -1, "device_end": -1}}, "FFC_sans_bias25": {"write": {"device_start": -1, "host_queued_start": 1585627433.40084, "device_queued": -1, "device_end": -1, "host_queued_end": 1585627433.408968}, "device": "cpu", "nd_range": {"device_start": 2295207.858339404, "device_end": 2295207.873613499}, "cmdq": 2, "read": {"device_start": -1, "device_end": -1}}, "FFC_sans_bias27": {"write": {"device_start": -1, "host_queued_start": 1585627433.358689, "device_queued": -1, "device_end": -1, "host_queued_end": 1585627433.408968}, "device": "cpu", "nd_range": {"device_start": 2295207.6485196482, "device_end": 2295207.675856553}, "cmdq": 0, "read": {"device_start": -1, "device_end": -1}}, "FFC_sans_bias20": {"write": {"device_start": -1, "host_queued_start": 1585627433.357628, "device_queued": -1, "device_end": -1, "host_queued_end": 1585627433.408968}, "device": "cpu", "nd_range": {"device_start": 2295207.6296710293, "device_end": 2295207.644889438}, "cmdq": 3, "read": {"device_start": -1, "device_end": -1}}, "FFC_sans_bias22": {"write": {"device_start": -1, "host_queued_start": 1585627433.388026, "device_queued": -1, "device_end": -1, "host_queued_end": 1585627433.408968}, "device": "cpu", "nd_range": {"device_start": 2295207.729834291, "device_end": 2295207.745662974}, "cmdq": 1, "read": {"device_start": -1, "device_end": -1}}, "FFC_sans_bias28": {"write": {"device_start": -1, "host_queued_start": 1585627433.359744, "device_queued": -1, "device_end": -1, "host_queued_end": 1585627433.408968}, "device": "cpu", "nd_range": {"device_start": 2295207.6299014944, "device_end": 2295207.6451281332}, "cmdq": 1, "read": {"device_start": -1, "device_end": -1}}, "FFC_sans_bias29": {"write": {"device_start": -1, "host_queued_start": 1585627433.360815, "device_queued": -1, "device_end": -1, "host_queued_end": 1585627433.408968}, "device": "cpu", "nd_range": {"device_start": 2295207.632516505, "device_end": 2295207.6478886073}, "cmdq": 2, "read": {"device_start": -1, "device_end": -1}}, "coalesced_transpose66": {"write": {"device_start": -1, "host_queued_start": 1585627433.385958, "device_queued": -1, "device_end": -1, "host_queued_end": 1585627433.408968}, "device": "cpu", "nd_range": {"device_start": 2295207.754984228, "device_end": 2295207.755218191}, "cmdq": 3, "read": {"device_start": -1, "device_end": -1}}, "coalesced_transpose93": {"write": {"device_start": -1, "host_queued_start": 1585627433.38697, "device_queued": -1, "device_end": -1, "host_queued_end": 1585627433.408968}, "device": "cpu", "nd_range": {"device_start": 2295207.7294938643, "device_end": 2295207.7297310513}, "cmdq": 2, "read": {"device_start": -1, "device_end": -1}}, "softmax23": {"write": {"device_start": -1, "host_queued_start": 1585627433.391679, "device_queued": -1, "device_end": -1, "host_queued_end": 1585627433.408968}, "device": "cpu", "nd_range": {"device_start": 2295207.810808203, "device_end": 2295207.811025037}, "cmdq": 0, "read": {"device_start": -1, "device_end": -1}}, "empty62": {"write": {"device_start": -1, "host_queued_start": 1585627433.344579, "device_queued": -1, "device_end": -1, "host_queued_end": 1585627433.408968}, "device": "cpu", "nd_range": {"device_start": 2295207.599196379, "device_end": 2295207.5991989393}, "cmdq": 2, "read": {"device_start": -1, "device_end": -1}}, "FFC_sans_bias10": {"write": {"device_start": -1, "host_queued_start": 1585627433.353259, "device_queued": -1, "device_end": -1, "host_queued_end": 1585627433.408968}, "device": "cpu", "nd_range": {"device_start": 2295207.614294882, "device_end": 2295207.629544183}, "cmdq": 3, "read": {"device_start": -1, "device_end": -1}}, "FFC_sans_bias13": {"write": {"device_start": -1, "host_queued_start": 1585627433.387676, "device_queued": -1, "device_end": -1, "host_queued_end": 1585627433.408968}, "device": "cpu", "nd_range": {"device_start": 2295207.776373307, "device_end": 2295207.783994095}, "cmdq": 0, "read": {"device_start": -1, "device_end": -1}}, "FFC_sans_bias15": {"write": {"device_start": -1, "host_queued_start": 1585627433.39462, "device_queued": -1, "device_end": -1, "host_queued_end": 1585627433.408968}, "device": "cpu", "nd_range": {"device_start": 2295207.807609289, "device_end": 2295207.829428186}, "cmdq": 2, "read": {"device_start": -1, "device_end": -1}}, "FFC_sans_bias16": {"write": {"device_start": -1, "host_queued_start": 1585627433.399849, "device_queued": -1, "device_end": -1, "host_queued_end": 1585627433.408968}, "device": "cpu", "nd_range": {"device_start": 2295207.8383823154, "device_end": 2295207.868607597}, "cmdq": 1, "read": {"device_start": -1, "device_end": -1}}, "FFC_sans_bias19": {"write": {"device_start": -1, "host_queued_start": 1585627433.356556, "device_queued": -1, "device_end": -1, "host_queued_end": 1585627433.408968}, "device": "cpu", "nd_range": {"device_start": 2295207.615529282, "device_end": 2295207.632393021}, "cmdq": 2, "read": {"device_start": -1, "device_end": -1}}, "FFC_sans_bias18": {"write": {"device_start": -1, "host_queued_start": 1585627433.355494, "device_queued": -1, "device_end": -1, "host_queued_end": 1585627433.408968}, "device": "cpu", "nd_range": {"device_start": 2295207.6145210504, "device_end": 2295207.629777385}, "cmdq": 1, "read": {"device_start": -1, "device_end": -1}}, "FFC_sans_bias99": {"write": {"device_start": 1585627366.7907777, "host_queued_start": 1585627433.322174, "device_queued": 1585627366.79047, "device_end": 1585627366.7908037, "host_queued_end": 1585627433.337679}, "device": "gpu", "nd_range": {"device_start": 1585627366.7908156, "device_end": 1585627366.7914176}, "cmdq": 3, "read": {"device_start": -1, "device_end": -1}}, "FFC_sans_bias91": {"write": {"device_start": -1, "host_queued_start": 1585627433.382133, "device_queued": -1, "device_end": -1, "host_queued_end": 1585627433.408968}, "device": "cpu", "nd_range": {"device_start": 2295207.712424537, "device_end": 2295207.7286572913}, "cmdq": 2, "read": {"device_start": -1, "device_end": -1}}, "FFC_sans_bias90": {"write": {"device_start": -1, "host_queued_start": 1585627433.38108, "device_queued": -1, "device_end": -1, "host_queued_end": 1585627433.408968}, "device": "cpu", "nd_range": {"device_start": 2295207.706946808, "device_end": 2295207.722215704}, "cmdq": 1, "read": {"device_start": -1, "device_end": -1}}, "coalesced_transpose12": {"write": {"device_start": -1, "host_queued_start": 1585627433.383874, "device_queued": -1, "device_end": -1, "host_queued_end": 1585627433.408968}, "device": "cpu", "nd_range": {"device_start": 2295207.7223287933, "device_end": 2295207.722579697}, "cmdq": 1, "read": {"device_start": -1, "device_end": -1}}, "FFC_sans_bias94": {"write": {"device_start": -1, "host_queued_start": 1585627433.39083, "device_queued": -1, "device_end": -1, "host_queued_end": 1585627433.408968}, "device": "cpu", "nd_range": {"device_start": 2295207.7554981713, "device_end": 2295207.7708101002}, "cmdq": 1, "read": {"device_start": -1, "device_end": -1}}, "FFC_sans_bias97": {"write": {"device_start": -1, "host_queued_start": 1585627433.408922, "device_queued": -1, "device_end": -1, "host_queued_end": 1585627433.408968}, "device": "cpu", "nd_range": {"device_start": 2295207.886915372, "device_end": 2295207.894072168}, "cmdq": 2, "read": {"device_start": -1, "device_end": -1}}, "FFC_sans_bias96": {"write": {"device_start": -1, "host_queued_start": 1585627433.3978, "device_queued": -1, "device_end": -1, "host_queued_end": 1585627433.408968}, "device": "cpu", "nd_range": {"device_start": 2295207.838009212, "device_end": 2295207.853221603}, "cmdq": 3, "read": {"device_start": -1, "device_end": -1}}, "FFC_sans_bias124": {"write": {"device_start": 1585627366.798769, "host_queued_start": 1585627433.337578, "device_queued": 1585627366.792543, "device_end": 1585627366.798799, "host_queued_end": 1585627433.337679}, "device": "gpu", "nd_range": {"device_start": 1585627366.7988033, "device_end": 1585627366.800039}, "cmdq": 2, "read": {"device_start": 1585627366.800044, "device_end": 1585627366.800067}}, "softmax32": {"write": {"device_start": -1, "host_queued_start": 1585627433.391956, "device_queued": -1, "device_end": -1, "host_queued_end": 1585627433.408968}, "device": "cpu", "nd_range": {"device_start": 2295207.770818423, "device_end": 2295207.771949965}, "cmdq": 1, "read": {"device_start": -1, "device_end": -1}}, "coalesced_transpose84": {"write": {"device_start": -1, "host_queued_start": 1585627433.386637, "device_queued": -1, "device_end": -1, "host_queued_end": 1585627433.408968}, "device": "cpu", "nd_range": {"device_start": 2295207.723052501, "device_end": 2295207.723290156}, "cmdq": 1, "read": {"device_start": -1, "device_end": -1}}, "FFC_sans_bias121": {"write": {"device_start": -1, "host_queued_start": 1585627433.332695, "device_queued": -1, "device_end": -1, "host_queued_end": 1585627433.337679}, "device": "gpu", "nd_range": {"device_start": 1585627366.7952466, "device_end": 1585627366.7968328}, "cmdq": 1, "read": {"device_start": -1, "device_end": -1}}, "empty98": {"write": {"device_start": -1, "host_queued_start": 1585627433.348023, "device_queued": -1, "device_end": -1, "host_queued_end": 1585627433.408968}, "device": "cpu", "nd_range": {"device_start": 2295207.599304378, "device_end": 2295207.5993061042}, "cmdq": 2, "read": {"device_start": -1, "device_end": -1}}, "empty107": {"write": {"device_start": 1585627366.7904706, "host_queued_start": 1585627433.319106, "device_queued": 1585627366.7903311, "device_end": 1585627366.79052, "host_queued_end": 1585627433.337679}, "device": "gpu", "nd_range": {"device_start": 1585627366.7905247, "device_end": 1585627366.7905374}, "cmdq": 0, "read": {"device_start": -1, "device_end": -1}}, "empty17": {"write": {"device_start": -1, "host_queued_start": 1585627433.340236, "device_queued": -1, "device_end": -1, "host_queued_end": 1585627433.408968}, "device": "cpu", "nd_range": {"device_start": 2295207.5985732963, "device_end": 2295207.5985842263}, "cmdq": 1, "read": {"device_start": -1, "device_end": -1}}, "FFC_sans_bias87": {"write": {"device_start": -1, "host_queued_start": 1585627433.397414, "device_queued": -1, "device_end": -1, "host_queued_end": 1585627433.408968}, "device": "cpu", "nd_range": {"device_start": 2295207.842889368, "device_end": 2295207.858221637}, "cmdq": 2, "read": {"device_start": -1, "device_end": -1}}, "FFC_sans_bias85": {"write": {"device_start": -1, "host_queued_start": 1585627433.390468, "device_queued": -1, "device_end": -1, "host_queued_end": 1585627433.408968}, "device": "cpu", "nd_range": {"device_start": 2295207.798376696, "device_end": 2295207.8107999573}, "cmdq": 0, "read": {"device_start": -1, "device_end": -1}}, "FFC_sans_bias82": {"write": {"device_start": -1, "host_queued_start": 1585627433.378956, "device_queued": -1, "device_end": -1, "host_queued_end": 1585627433.408968}, "device": "cpu", "nd_range": {"device_start": 2295207.706310606, "device_end": 2295207.721555454}, "cmdq": 3, "read": {"device_start": -1, "device_end": -1}}, "FFC_sans_bias83": {"write": {"device_start": -1, "host_queued_start": 1585627433.380023, "device_queued": -1, "device_end": -1, "host_queued_end": 1585627433.408968}, "device": "cpu", "nd_range": {"device_start": 2295207.7663913863, "device_end": 2295207.774803996}, "cmdq": 0, "read": {"device_start": -1, "device_end": -1}}, "FFC_sans_bias81": {"write": {"device_start": -1, "host_queued_start": 1585627433.377887, "device_queued": -1, "device_end": -1, "host_queued_end": 1585627433.408968}, "device": "cpu", "nd_range": {"device_start": 2295207.69619057, "device_end": 2295207.7122964263}, "cmdq": 2, "read": {"device_start": -1, "device_end": -1}}, "FFC_sans_bias88": {"write": {"device_start": -1, "host_queued_start": 1585627433.407849, "device_queued": -1, "device_end": -1, "host_queued_end": 1585627433.408968}, "device": "cpu", "nd_range": {"device_start": 2295207.8904612, "device_end": 2295207.897863949}, "cmdq": 1, "read": {"device_start": -1, "device_end": -1}}, "coalesced_transpose30": {"write": {"device_start": -1, "host_queued_start": 1585627433.384544, "device_queued": -1, "device_end": -1, "host_queued_end": 1585627433.408968}, "device": "cpu", "nd_range": {"device_start": 2295207.730364515, "device_end": 2295207.730613612}, "cmdq": 3, "read": {"device_start": -1, "device_end": -1}}, "coalesced_transpose39": {"write": {"device_start": -1, "host_queued_start": 1585627433.384881, "device_queued": -1, "device_end": -1, "host_queued_end": 1585627433.408968}, "device": "cpu", "nd_range": {"device_start": 2295207.7749965843, "device_end": 2295207.776107957}, "cmdq": 0, "read": {"device_start": -1, "device_end": -1}}, "FFC_sans_bias79": {"write": {"device_start": -1, "host_queued_start": 1585627433.40685, "device_queued": -1, "device_end": -1, "host_queued_end": 1585627433.408968}, "device": "cpu", "nd_range": {"device_start": 2295207.8732031793, "device_end": 2295207.887934679}, "cmdq": 0, "read": {"device_start": -1, "device_end": -1}}, "FFC_sans_bias78": {"write": {"device_start": -1, "host_queued_start": 1585627433.397057, "device_queued": -1, "device_end": -1, "host_queued_end": 1585627433.408968}, "device": "cpu", "nd_range": {"device_start": 2295207.809008548, "device_end": 2295207.838372045}, "cmdq": 1, "read": {"device_start": -1, "device_end": -1}}, "FFC_sans_bias73": {"write": {"device_start": -1, "host_queued_start": 1585627433.37574, "device_queued": -1, "device_end": -1, "host_queued_end": 1585627433.408968}, "device": "cpu", "nd_range": {"device_start": 2295207.75114942, "device_end": 2295207.766380247}, "cmdq": 0, "read": {"device_start": -1, "device_end": -1}}, "FFC_sans_bias72": {"write": {"device_start": -1, "host_queued_start": 1585627433.37466, "device_queued": -1, "device_end": -1, "host_queued_end": 1585627433.408968}, "device": "cpu", "nd_range": {"device_start": 2295207.690930264, "device_end": 2295207.706196097}, "cmdq": 3, "read": {"device_start": -1, "device_end": -1}}, "FFC_sans_bias70": {"write": {"device_start": -1, "host_queued_start": 1585627433.405835, "device_queued": -1, "device_end": -1, "host_queued_end": 1585627433.408968}, "device": "cpu", "nd_range": {"device_start": 2295207.868590798, "device_end": 2295207.8837852064}, "cmdq": 3, "read": {"device_start": -1, "device_end": -1}}, "FFC_sans_bias76": {"write": {"device_start": -1, "host_queued_start": 1585627433.390121, "device_queued": -1, "device_end": -1, "host_queued_end": 1585627433.408968}, "device": "cpu", "nd_range": {"device_start": 2295207.7910238183, "device_end": 2295207.805782205}, "cmdq": 3, "read": {"device_start": -1, "device_end": -1}}, "FFC_sans_bias74": {"write": {"device_start": -1, "host_queued_start": 1585627433.376812, "device_queued": -1, "device_end": -1, "host_queued_end": 1585627433.408968}, "device": "cpu", "nd_range": {"device_start": 2295207.691496037, "device_end": 2295207.706833288}, "cmdq": 1, "read": {"device_start": -1, "device_end": -1}}, "coalesced_transpose102": {"write": {"device_start": -1, "host_queued_start": 1585627433.331078, "device_queued": -1, "device_end": -1, "host_queued_end": 1585627433.337679}, "device": "gpu", "nd_range": {"device_start": 1585627366.793814, "device_end": 1585627366.7951422}, "cmdq": 0, "read": {"device_start": -1, "device_end": -1}}, "coalesced_transpose3": {"write": {"device_start": -1, "host_queued_start": 1585627433.38354, "device_queued": -1, "device_end": -1, "host_queued_end": 1585627433.408968}, "device": "cpu", "nd_range": {"device_start": 2295207.774810045, "device_end": 2295207.7749848804}, "cmdq": 0, "read": {"device_start": -1, "device_end": -1}}, "empty89": {"write": {"device_start": -1, "host_queued_start": 1585627433.347167, "device_queued": -1, "device_end": -1, "host_queued_end": 1585627433.408968}, "device": "cpu", "nd_range": {"device_start": 2295207.598611276, "device_end": 2295207.5986119313}, "cmdq": 1, "read": {"device_start": -1, "device_end": -1}}, "FFC_sans_bias123": {"write": {"device_start": -1, "host_queued_start": 1585627433.334399, "device_queued": -1, "device_end": -1, "host_queued_end": 1585627433.337679}, "device": "gpu", "nd_range": {"device_start": 1585627366.7970762, "device_end": 1585627366.7976825}, "cmdq": 3, "read": {"device_start": -1, "device_end": -1}}, "empty80": {"write": {"device_start": -1, "host_queued_start": 1585627433.346264, "device_queued": -1, "device_end": -1, "host_queued_end": 1585627433.408968}, "device": "cpu", "nd_range": {"device_start": 2295207.598632621, "device_end": 2295207.598633193}, "cmdq": 0, "read": {"device_start": -1, "device_end": -1}}, "empty116": {"write": {"device_start": 1585627366.7905905, "host_queued_start": 1585627433.320155, "device_queued": 1585627366.790427, "device_end": 1585627366.7906568, "host_queued_end": 1585627433.337679}, "device": "gpu", "nd_range": {"device_start": 1585627366.7906601, "device_end": 1585627366.7906656}, "cmdq": 1, "read": {"device_start": -1, "device_end": -1}}, "softmax104": {"write": {"device_start": -1, "host_queued_start": 1585627433.332952, "device_queued": -1, "device_end": -1, "host_queued_end": 1585627433.337679}, "device": "gpu", "nd_range": {"device_start": 1585627366.7958522, "device_end": 1585627366.7970605}, "cmdq": 2, "read": {"device_start": -1, "device_end": -1}}, "coalesced_transpose21": {"write": {"device_start": -1, "host_queued_start": 1585627433.38421, "device_queued": -1, "device_end": -1, "host_queued_end": 1585627433.408968}, "device": "cpu", "nd_range": {"device_start": 2295207.728777244, "device_end": 2295207.729024093}, "cmdq": 2, "read": {"device_start": -1, "device_end": -1}}, "softmax14": {"write": {"device_start": -1, "host_queued_start": 1585627433.3914, "device_queued": -1, "device_end": -1, "host_queued_end": 1585627433.408968}, "device": "cpu", "nd_range": {"device_start": 2295207.805791751, "device_end": 2295207.807437627}, "cmdq": 3, "read": {"device_start": -1, "device_end": -1}}, "FFC_sans_bias69": {"write": {"device_start": -1, "host_queued_start": 1585627433.396708, "device_queued": -1, "device_end": -1, "host_queued_end": 1585627433.408968}, "device": "cpu", "nd_range": {"device_start": 2295207.8267462403, "device_end": 2295207.842517511}, "cmdq": 0, "read": {"device_start": -1, "device_end": -1}}, "FFC_sans_bias92": {"write": {"device_start": -1, "host_queued_start": 1585627433.383203, "device_queued": -1, "device_end": -1, "host_queued_end": 1585627433.408968}, "device": "cpu", "nd_range": {"device_start": 2295207.7216767953, "device_end": 2295207.730251656}, "cmdq": 3, "read": {"device_start": -1, "device_end": -1}}, "FFC_sans_bias60": {"write": {"device_start": -1, "host_queued_start": 1585627433.396362, "device_queued": -1, "device_end": -1, "host_queued_end": 1585627433.408968}, "device": "cpu", "nd_range": {"device_start": 2295207.823633594, "device_end": 2295207.838000007}, "cmdq": 3, "read": {"device_start": -1, "device_end": -1}}, "FFC_sans_bias61": {"write": {"device_start": -1, "host_queued_start": 1585627433.404829, "device_queued": -1, "device_end": -1, "host_queued_end": 1585627433.408968}, "device": "cpu", "nd_range": {"device_start": 2295207.8736174493, "device_end": 2295207.886911517}, "cmdq": 2, "read": {"device_start": -1, "device_end": -1}}, "FFC_sans_bias63": {"write": {"device_start": -1, "host_queued_start": 1585627433.373605, "device_queued": -1, "device_end": -1, "host_queued_end": 1585627433.408968}, "device": "cpu", "nd_range": {"device_start": 2295207.68009096, "device_end": 2295207.696068421}, "cmdq": 2, "read": {"device_start": -1, "device_end": -1}}, "FFC_sans_bias64": {"write": {"device_start": -1, "host_queued_start": 1585627433.371453, "device_queued": -1, "device_end": -1, "host_queued_end": 1585627433.408968}, "device": "cpu", "nd_range": {"device_start": 2295207.741494254, "device_end": 2295207.751027844}, "cmdq": 0, "read": {"device_start": -1, "device_end": -1}}, "FFC_sans_bias65": {"write": {"device_start": -1, "host_queued_start": 1585627433.372534, "device_queued": -1, "device_end": -1, "host_queued_end": 1585627433.408968}, "device": "cpu", "nd_range": {"device_start": 2295207.676056617, "device_end": 2295207.69137908}, "cmdq": 1, "read": {"device_start": -1, "device_end": -1}}, "FFC_sans_bias67": {"write": {"device_start": -1, "host_queued_start": 1585627433.389774, "device_queued": -1, "device_end": -1, "host_queued_end": 1585627433.408968}, "device": "cpu", "nd_range": {"device_start": 2295207.755331103, "device_end": 2295207.7707648473}, "cmdq": 2, "read": {"device_start": -1, "device_end": -1}}, "coalesced_transpose111": {"write": {"device_start": -1, "host_queued_start": 1585627433.331382, "device_queued": -1, "device_end": -1, "host_queued_end": 1585627433.337679}, "device": "gpu", "nd_range": {"device_start": 1585627366.7942948, "device_end": 1585627366.7951584}, "cmdq": 1, "read": {"device_start": -1, "device_end": -1}}, "softmax68": {"write": {"device_start": -1, "host_queued_start": 1585627433.393095, "device_queued": -1, "device_end": -1, "host_queued_end": 1585627433.408968}, "device": "cpu", "nd_range": {"device_start": 2295207.77195693, "device_end": 2295207.7721759803}, "cmdq": 1, "read": {"device_start": -1, "device_end": -1}}, "empty125": {"write": {"device_start": 1585627366.790679, "host_queued_start": 1585627433.321005, "device_queued": 1585627366.7904487, "device_end": 1585627366.7907352, "host_queued_end": 1585627433.337679}, "device": "gpu", "nd_range": {"device_start": 1585627366.7907386, "device_end": 1585627366.7907422}, "cmdq": 2, "read": {"device_start": -1, "device_end": -1}}, "empty35": {"write": {"device_start": -1, "host_queued_start": 1585627433.342061, "device_queued": -1, "device_end": -1, "host_queued_end": 1585627433.408968}, "device": "cpu", "nd_range": {"device_start": 2295207.598617332, "device_end": 2295207.5986223454}, "cmdq": 3, "read": {"device_start": -1, "device_end": -1}}, "softmax86": {"write": {"device_start": -1, "host_queued_start": 1585627433.393645, "device_queued": -1, "device_end": -1, "host_queued_end": 1585627433.408968}, "device": "cpu", "nd_range": {"device_start": 2295207.814366688, "device_end": 2295207.814572345}, "cmdq": 3, "read": {"device_start": -1, "device_end": -1}}, "FFC_sans_bias55": {"write": {"device_start": -1, "host_queued_start": 1585627433.370383, "device_queued": -1, "device_end": -1, "host_queued_end": 1585627433.408968}, "device": "cpu", "nd_range": {"device_start": 2295207.675604673, "device_end": 2295207.6908066003}, "cmdq": 3, "read": {"device_start": -1, "device_end": -1}}, "FFC_sans_bias54": {"write": {"device_start": -1, "host_queued_start": 1585627433.369309, "device_queued": -1, "device_end": -1, "host_queued_end": 1585627433.408968}, "device": "cpu", "nd_range": {"device_start": 2295207.664336826, "device_end": 2295207.679966111}, "cmdq": 2, "read": {"device_start": -1, "device_end": -1}}, "FFC_sans_bias56": {"write": {"device_start": -1, "host_queued_start": 1585627433.368251, "device_queued": -1, "device_end": -1, "host_queued_end": 1585627433.408968}, "device": "cpu", "nd_range": {"device_start": 2295207.660550809, "device_end": 2295207.675831105}, "cmdq": 1, "read": {"device_start": -1, "device_end": -1}}, "FFC_sans_bias51": {"write": {"device_start": -1, "host_queued_start": 1585627433.396016, "device_queued": -1, "device_end": -1, "host_queued_end": 1585627433.408968}, "device": "cpu", "nd_range": {"device_start": 2295207.8295436013, "device_end": 2295207.842762257}, "cmdq": 2, "read": {"device_start": -1, "device_end": -1}}, "FFC_sans_bias52": {"write": {"device_start": -1, "host_queued_start": 1585627433.403836, "device_queued": -1, "device_end": -1, "host_queued_end": 1585627433.408968}, "device": "cpu", "nd_range": {"device_start": 2295207.868613888, "device_end": 2295207.890455698}, "cmdq": 1, "read": {"device_start": -1, "device_end": -1}}, "FFC_sans_bias58": {"write": {"device_start": -1, "host_queued_start": 1585627433.389427, "device_queued": -1, "device_end": -1, "host_queued_end": 1585627433.408968}, "device": "cpu", "nd_range": {"device_start": 2295207.745778736, "device_end": 2295207.7553827954}, "cmdq": 1, "read": {"device_start": -1, "device_end": -1}}, "FFC_sans_bias108": {"write": {"device_start": 1585627366.7911093, "host_queued_start": 1585627433.325419, "device_queued": 1585627366.7910085, "device_end": 1585627366.7911355, "host_queued_end": 1585627433.337679}, "device": "gpu", "nd_range": {"device_start": 1585627366.7911456, "device_end": 1585627366.7928195}, "cmdq": 2, "read": {"device_start": -1, "device_end": -1}}, "FFC_sans_bias109": {"write": {"device_start": 1585627366.7915342, "host_queued_start": 1585627433.326468, "device_queued": 1585627366.7910337, "device_end": 1585627366.7915592, "host_queued_end": 1585627433.337679}, "device": "gpu", "nd_range": {"device_start": 1585627366.791569, "device_end": 1585627366.7933502}, "cmdq": 3, "read": {"device_start": -1, "device_end": -1}}, "FFC_sans_bias103": {"write": {"device_start": -1, "host_queued_start": 1585627433.332031, "device_queued": -1, "device_end": -1, "host_queued_end": 1585627433.337679}, "device": "gpu", "nd_range": {"device_start": 1585627366.795232, "device_end": 1585627366.795845}, "cmdq": 3, "read": {"device_start": -1, "device_end": -1}}, "FFC_sans_bias100": {"write": {"device_start": 1585627366.7909138, "host_queued_start": 1585627433.323323, "device_queued": 1585627366.7907982, "device_end": 1585627366.7909722, "host_queued_end": 1585627433.337679}, "device": "gpu", "nd_range": {"device_start": 1585627366.7909765, "device_end": 1585627366.7918255}, "cmdq": 0, "read": {"device_start": -1, "device_end": -1}}, "FFC_sans_bias101": {"write": {"device_start": 1585627366.7910104, "host_queued_start": 1585627433.324377, "device_queued": 1585627366.7908573, "device_end": 1585627366.7910924, "host_queued_end": 1585627433.337679}, "device": "gpu", "nd_range": {"device_start": 1585627366.7910974, "device_end": 1585627366.792385}, "cmdq": 1, "read": {"device_start": -1, "device_end": -1}}, "FFC_sans_bias106": {"write": {"device_start": 1585627366.79714, "host_queued_start": 1585627433.335462, "device_queued": 1585627366.7922976, "device_end": 1585627366.7971697, "host_queued_end": 1585627433.337679}, "device": "gpu", "nd_range": {"device_start": 1585627366.7980995, "device_end": 1585627366.799077}, "cmdq": 0, "read": {"device_start": 1585627366.7990818, "device_end": 1585627366.7991073}}, "softmax122": {"write": {"device_start": -1, "host_queued_start": 1585627433.333452, "device_queued": -1, "device_end": -1, "host_queued_end": 1585627433.337679}, "device": "gpu", "nd_range": {"device_start": 1585627366.7968404, "device_end": 1585627366.797041}, "cmdq": 0, "read": {"device_start": -1, "device_end": -1}}, "FFC_sans_bias105": {"write": {"device_start": -1, "host_queued_start": 1585627433.33377, "device_queued": -1, "device_end": -1, "host_queued_end": 1585627433.337679}, "device": "gpu", "nd_range": {"device_start": 1585627366.7970831, "device_end": 1585627366.7980912}, "cmdq": 1, "read": {"device_start": -1, "device_end": -1}}, "softmax95": {"write": {"device_start": -1, "host_queued_start": 1585627433.393923, "device_queued": -1, "device_end": -1, "host_queued_end": 1585627433.408968}, "device": "cpu", "nd_range": {"device_start": 2295207.811249469, "device_end": 2295207.811460047}, "cmdq": 0, "read": {"device_start": -1, "device_end": -1}}, "coalesced_transpose57": {"write": {"device_start": -1, "host_queued_start": 1585627433.385561, "device_queued": -1, "device_end": -1, "host_queued_end": 1585627433.408968}, "device": "cpu", "nd_range": {"device_start": 2295207.7291368633, "device_end": 2295207.7293854603}, "cmdq": 2, "read": {"device_start": -1, "device_end": -1}}, "empty26": {"write": {"device_start": -1, "host_queued_start": 1585627433.341182, "device_queued": -1, "device_end": -1, "host_queued_end": 1585627433.408968}, "device": "cpu", "nd_range": {"device_start": 2295207.59895914, "device_end": 2295207.5989630893}, "cmdq": 2, "read": {"device_start": -1, "device_end": -1}}, "softmax113": {"write": {"device_start": -1, "host_queued_start": 1585627433.333209, "device_queued": -1, "device_end": -1, "host_queued_end": 1585627433.337679}, "device": "gpu", "nd_range": {"device_start": 1585627366.7962596, "device_end": 1585627366.797071}, "cmdq": 3, "read": {"device_start": -1, "device_end": -1}}, "FFC_sans_bias11": {"write": {"device_start": -1, "host_queued_start": 1585627433.354399, "device_queued": -1, "device_end": -1, "host_queued_end": 1585627433.408968}, "device": "cpu", "nd_range": {"device_start": 2295207.617975458, "device_end": 2295207.639223513}, "cmdq": 0, "read": {"device_start": -1, "device_end": -1}}, "FFC_sans_bias42": {"write": {"device_start": -1, "host_queued_start": 1585627433.395666, "device_queued": -1, "device_end": -1, "host_queued_end": 1585627433.408968}, "device": "cpu", "nd_range": {"device_start": 2295207.797326746, "device_end": 2295207.808998783}, "cmdq": 1, "read": {"device_start": -1, "device_end": -1}}, "FFC_sans_bias43": {"write": {"device_start": -1, "host_queued_start": 1585627433.402835, "device_queued": -1, "device_end": -1, "host_queued_end": 1585627433.408968}, "device": "cpu", "nd_range": {"device_start": 2295207.8577955323, "device_end": 2295207.873197386}, "cmdq": 0, "read": {"device_start": -1, "device_end": -1}}, "FFC_sans_bias40": {"write": {"device_start": -1, "host_queued_start": 1585627433.388727, "device_queued": -1, "device_end": -1, "host_queued_end": 1585627433.408968}, "device": "cpu", "nd_range": {"device_start": 2295207.78189357, "device_end": 2295207.7910134303}, "cmdq": 3, "read": {"device_start": -1, "device_end": -1}}, "FFC_sans_bias46": {"write": {"device_start": -1, "host_queued_start": 1585627433.366123, "device_queued": -1, "device_end": -1, "host_queued_end": 1585627433.408968}, "device": "cpu", "nd_range": {"device_start": 2295207.66030417, "device_end": 2295207.675481386}, "cmdq": 3, "read": {"device_start": -1, "device_end": -1}}, "FFC_sans_bias47": {"write": {"device_start": -1, "host_queued_start": 1585627433.367195, "device_queued": -1, "device_end": -1, "host_queued_end": 1585627433.408968}, "device": "cpu", "nd_range": {"device_start": 2295207.709327347, "device_end": 2295207.741485976}, "cmdq": 0, "read": {"device_start": -1, "device_end": -1}}, "FFC_sans_bias45": {"write": {"device_start": -1, "host_queued_start": 1585627433.365066, "device_queued": -1, "device_end": -1, "host_queued_end": 1585627433.408968}, "device": "cpu", "nd_range": {"device_start": 2295207.6480180654, "device_end": 2295207.664215682}, "cmdq": 2, "read": {"device_start": -1, "device_end": -1}}, "FFC_sans_bias49": {"write": {"device_start": -1, "host_queued_start": 1585627433.389074, "device_queued": -1, "device_end": -1, "host_queued_end": 1585627433.408968}, "device": "cpu", "nd_range": {"device_start": 2295207.784003591, "device_end": 2295207.798367465}, "cmdq": 0, "read": {"device_start": -1, "device_end": -1}}, "softmax77": {"write": {"device_start": -1, "host_queued_start": 1585627433.393371, "device_queued": -1, "device_end": -1, "host_queued_end": 1585627433.408968}, "device": "cpu", "nd_range": {"device_start": 2295207.806775396, "device_end": 2295207.807399841}, "cmdq": 2, "read": {"device_start": -1, "device_end": -1}}, "FFC_sans_bias119": {"write": {"device_start": 1585627366.7934387, "host_queued_start": 1585627433.330751, "device_queued": 1585627366.7914987, "device_end": 1585627366.793464, "host_queued_end": 1585627433.337679}, "device": "gpu", "nd_range": {"device_start": 1585627366.7934687, "device_end": 1585627366.7952242}, "cmdq": 3, "read": {"device_start": -1, "device_end": -1}}, "FFC_sans_bias118": {"write": {"device_start": 1585627366.792895, "host_queued_start": 1585627433.329651, "device_queued": 1585627366.791464, "device_end": 1585627366.7929213, "host_queued_end": 1585627433.337679}, "device": "gpu", "nd_range": {"device_start": 1585627366.7929268, "device_end": 1585627366.7948072}, "cmdq": 2, "read": {"device_start": -1, "device_end": -1}}, "FFC_sans_bias115": {"write": {"device_start": 1585627366.7981794, "host_queued_start": 1585627433.336522, "device_queued": 1585627366.7923412, "device_end": 1585627366.7982104, "host_queued_end": 1585627433.337679}, "device": "gpu", "nd_range": {"device_start": 1585627366.7986617, "device_end": 1585627366.7996197}, "cmdq": 1, "read": {"device_start": 1585627366.799621, "device_end": 1585627366.799644}}, "FFC_sans_bias114": {"write": {"device_start": -1, "host_queued_start": 1585627433.334088, "device_queued": -1, "device_end": -1, "host_queued_end": 1585627433.337679}, "device": "gpu", "nd_range": {"device_start": 1585627366.7970889, "device_end": 1585627366.798653}, "cmdq": 2, "read": {"device_start": -1, "device_end": -1}}, "FFC_sans_bias117": {"write": {"device_start": 1585627366.792492, "host_queued_start": 1585627433.328605, "device_queued": 1585627366.7912998, "device_end": 1585627366.792518, "host_queued_end": 1585627433.337679}, "device": "gpu", "nd_range": {"device_start": 1585627366.792521, "device_end": 1585627366.7942917}, "cmdq": 1, "read": {"device_start": -1, "device_end": -1}}, "softmax5": {"write": {"device_start": -1, "host_queued_start": 1585627433.391116, "device_queued": -1, "device_end": -1, "host_queued_end": 1585627433.408968}, "device": "cpu", "nd_range": {"device_start": 2295207.781680293, "device_end": 2295207.7818861404}, "cmdq": 2, "read": {"device_start": -1, "device_end": -1}}, "FFC_sans_bias110": {"write": {"device_start": 1585627366.7919304, "host_queued_start": 1585627433.327559, "device_queued": 1585627366.7912545, "device_end": 1585627366.7919612, "host_queued_end": 1585627433.337679}, "device": "gpu", "nd_range": {"device_start": 1585627366.791965, "device_end": 1585627366.7938125}, "cmdq": 0, "read": {"device_start": -1, "device_end": -1}}, "FFC_sans_bias112": {"write": {"device_start": -1, "host_queued_start": 1585627433.332363, "device_queued": -1, "device_end": -1, "host_queued_end": 1585627433.337679}, "device": "gpu", "nd_range": {"device_start": 1585627366.7952394, "device_end": 1585627366.7962525}, "cmdq": 0, "read": {"device_start": -1, "device_end": -1}}, "empty53": {"write": {"device_start": -1, "host_queued_start": 1585627433.343769, "device_queued": -1, "device_end": -1, "host_queued_end": 1585627433.408968}, "device": "cpu", "nd_range": {"device_start": 2295207.598604495, "device_end": 2295207.598605738}, "cmdq": 1, "read": {"device_start": -1, "device_end": -1}}, "coalesced_transpose48": {"write": {"device_start": -1, "host_queued_start": 1585627433.385221, "device_queued": -1, "device_end": -1, "host_queued_end": 1585627433.408968}, "device": "cpu", "nd_range": {"device_start": 2295207.7226930694, "device_end": 2295207.722942824}, "cmdq": 1, "read": {"device_start": -1, "device_end": -1}}}