{"FFC_sans_bias4": {"write": {"device_start": -1, "host_queued_start": 1585627522.226895, "device_queued": -1, "device_end": -1, "host_queued_end": 1585627522.248322}, "device": "cpu", "nd_range": {"device_start": 2295296.593344332, "device_end": 2295296.597629702}, "cmdq": 0, "read": {"device_start": -1, "device_end": -1}}, "FFC_sans_bias7": {"write": {"device_start": -1, "host_queued_start": 1585627522.238373, "device_queued": -1, "device_end": -1, "host_queued_end": 1585627522.248322}, "device": "cpu", "nd_range": {"device_start": 2295296.694545574, "device_end": 2295296.699071315}, "cmdq": 0, "read": {"device_start": -1, "device_end": -1}}, "FFC_sans_bias6": {"write": {"device_start": -1, "host_queued_start": 1585627522.233818, "device_queued": -1, "device_end": -1, "host_queued_end": 1585627522.248322}, "device": "cpu", "nd_range": {"device_start": 2295296.6447467343, "device_end": 2295296.648808178}, "cmdq": 0, "read": {"device_start": -1, "device_end": -1}}, "FFC_sans_bias1": {"write": {"device_start": -1, "host_queued_start": 1585627522.189776, "device_queued": -1, "device_end": -1, "host_queued_end": 1585627522.248322}, "device": "cpu", "nd_range": {"device_start": 2295296.4428243954, "device_end": 2295296.446740236}, "cmdq": 0, "read": {"device_start": -1, "device_end": -1}}, "FFC_sans_bias0": {"write": {"device_start": -1, "host_queued_start": 1585627522.188732, "device_queued": -1, "device_end": -1, "host_queued_end": 1585627522.248322}, "device": "cpu", "nd_range": {"device_start": 2295296.438038589, "device_end": 2295296.442816107}, "cmdq": 0, "read": {"device_start": -1, "device_end": -1}}, "FFC_sans_bias2": {"write": {"device_start": -1, "host_queued_start": 1585627522.190862, "device_queued": -1, "device_end": -1, "host_queued_end": 1585627522.248322}, "device": "cpu", "nd_range": {"device_start": 2295296.446748806, "device_end": 2295296.4506693194}, "cmdq": 0, "read": {"device_start": -1, "device_end": -1}}, "coalesced_transpose120": {"write": {"device_start": -1, "host_queued_start": 1585627522.171611, "device_queued": -1, "device_end": -1, "host_queued_end": 1585627522.177569}, "device": "gpu", "nd_range": {"device_start": 1585627455.63245, "device_end": 1585627455.6327991}, "cmdq": 4, "read": {"device_start": -1, "device_end": -1}}, "FFC_sans_bias9": {"write": {"device_start": -1, "host_queued_start": 1585627522.191923, "device_queued": -1, "device_end": -1, "host_queued_end": 1585627522.248322}, "device": "cpu", "nd_range": {"device_start": 2295296.45067462, "device_end": 2295296.454770227}, "cmdq": 0, "read": {"device_start": -1, "device_end": -1}}, "empty71": {"write": {"device_start": -1, "host_queued_start": 1585627522.185186, "device_queued": -1, "device_end": -1, "host_queued_end": 1585627522.248322}, "device": "cpu", "nd_range": {"device_start": 2295296.438016001, "device_end": 2295296.4380167173}, "cmdq": 0, "read": {"device_start": -1, "device_end": -1}}, "softmax41": {"write": {"device_start": -1, "host_queued_start": 1585627522.231781, "device_queued": -1, "device_end": -1, "host_queued_end": 1585627522.248322}, "device": "cpu", "nd_range": {"device_start": 2295296.643784998, "device_end": 2295296.6438976103}, "cmdq": 0, "read": {"device_start": -1, "device_end": -1}}, "FFC_sans_bias37": {"write": {"device_start": -1, "host_queued_start": 1585627522.202712, "device_queued": -1, "device_end": -1, "host_queued_end": 1585627522.248322}, "device": "cpu", "nd_range": {"device_start": 2295296.499315929, "device_end": 2295296.504143002}, "cmdq": 0, "read": {"device_start": -1, "device_end": -1}}, "FFC_sans_bias36": {"write": {"device_start": -1, "host_queued_start": 1585627522.201606, "device_queued": -1, "device_end": -1, "host_queued_end": 1585627522.248322}, "device": "cpu", "nd_range": {"device_start": 2295296.494990842, "device_end": 2295296.499310492}, "cmdq": 0, "read": {"device_start": -1, "device_end": -1}}, "FFC_sans_bias34": {"write": {"device_start": -1, "host_queued_start": 1585627522.241337, "device_queued": -1, "device_end": -1, "host_queued_end": 1585627522.248322}, "device": "cpu", "nd_range": {"device_start": 2295296.70812053, "device_end": 2295296.7119538533}, "cmdq": 0, "read": {"device_start": -1, "device_end": -1}}, "FFC_sans_bias33": {"write": {"device_start": -1, "host_queued_start": 1585627522.23486, "device_queued": -1, "device_end": -1, "host_queued_end": 1585627522.248322}, "device": "cpu", "nd_range": {"device_start": 2295296.6578789703, "device_end": 2295296.6626422512}, "cmdq": 0, "read": {"device_start": -1, "device_end": -1}}, "FFC_sans_bias31": {"write": {"device_start": -1, "host_queued_start": 1585627522.227943, "device_queued": -1, "device_end": -1, "host_queued_end": 1585627522.248322}, "device": "cpu", "nd_range": {"device_start": 2295296.6069450043, "device_end": 2295296.611230525}, "cmdq": 0, "read": {"device_start": -1, "device_end": -1}}, "FFC_sans_bias38": {"write": {"device_start": -1, "host_queued_start": 1585627522.203778, "device_queued": -1, "device_end": -1, "host_queued_end": 1585627522.248322}, "device": "cpu", "nd_range": {"device_start": 2295296.5042718933, "device_end": 2295296.508588383}, "cmdq": 0, "read": {"device_start": -1, "device_end": -1}}, "coalesced_transpose75": {"write": {"device_start": -1, "host_queued_start": 1585627522.225878, "device_queued": -1, "device_end": -1, "host_queued_end": 1585627522.248322}, "device": "cpu", "nd_range": {"device_start": 2295296.592943516, "device_end": 2295296.593046933}, "cmdq": 0, "read": {"device_start": -1, "device_end": -1}}, "empty44": {"write": {"device_start": -1, "host_queued_start": 1585627522.182701, "device_queued": -1, "device_end": -1, "host_queued_end": 1585627522.248322}, "device": "cpu", "nd_range": {"device_start": 2295296.437999585, "device_end": 2295296.438000185}, "cmdq": 0, "read": {"device_start": -1, "device_end": -1}}, "empty8": {"write": {"device_start": -1, "host_queued_start": 1585627522.179036, "device_queued": -1, "device_end": -1, "host_queued_end": 1585627522.248322}, "device": "cpu", "nd_range": {"device_start": 2295296.437946692, "device_end": 2295296.437960499}, "cmdq": 0, "read": {"device_start": -1, "device_end": -1}}, "softmax50": {"write": {"device_start": -1, "host_queued_start": 1585627522.232064, "device_queued": -1, "device_end": -1, "host_queued_end": 1585627522.248322}, "device": "cpu", "nd_range": {"device_start": 2295296.643903043, "device_end": 2295296.6440473413}, "cmdq": 0, "read": {"device_start": -1, "device_end": -1}}, "softmax59": {"write": {"device_start": -1, "host_queued_start": 1585627522.232347, "device_queued": -1, "device_end": -1, "host_queued_end": 1585627522.248322}, "device": "cpu", "nd_range": {"device_start": 2295296.6440588753, "device_end": 2295296.6441870113}, "cmdq": 0, "read": {"device_start": -1, "device_end": -1}}, "FFC_sans_bias24": {"write": {"device_start": -1, "host_queued_start": 1585627522.234511, "device_queued": -1, "device_end": -1, "host_queued_end": 1585627522.248322}, "device": "cpu", "nd_range": {"device_start": 2295296.653581926, "device_end": 2295296.65787283}, "cmdq": 0, "read": {"device_start": -1, "device_end": -1}}, "FFC_sans_bias25": {"write": {"device_start": -1, "host_queued_start": 1585627522.24035, "device_queued": -1, "device_end": -1, "host_queued_end": 1585627522.248322}, "device": "cpu", "nd_range": {"device_start": 2295296.703589457, "device_end": 2295296.7081176313}, "cmdq": 0, "read": {"device_start": -1, "device_end": -1}}, "FFC_sans_bias27": {"write": {"device_start": -1, "host_queued_start": 1585627522.198417, "device_queued": -1, "device_end": -1, "host_queued_end": 1585627522.248322}, "device": "cpu", "nd_range": {"device_start": 2295296.480204691, "device_end": 2295296.486095286}, "cmdq": 0, "read": {"device_start": -1, "device_end": -1}}, "FFC_sans_bias20": {"write": {"device_start": -1, "host_queued_start": 1585627522.197356, "device_queued": -1, "device_end": -1, "host_queued_end": 1585627522.248322}, "device": "cpu", "nd_range": {"device_start": 2295296.4761118554, "device_end": 2295296.480199799}, "cmdq": 0, "read": {"device_start": -1, "device_end": -1}}, "FFC_sans_bias22": {"write": {"device_start": -1, "host_queued_start": 1585627522.227597, "device_queued": -1, "device_end": -1, "host_queued_end": 1585627522.248322}, "device": "cpu", "nd_range": {"device_start": 2295296.602416125, "device_end": 2295296.606939209}, "cmdq": 0, "read": {"device_start": -1, "device_end": -1}}, "FFC_sans_bias28": {"write": {"device_start": -1, "host_queued_start": 1585627522.199479, "device_queued": -1, "device_end": -1, "host_queued_end": 1585627522.248322}, "device": "cpu", "nd_range": {"device_start": 2295296.486101076, "device_end": 2295296.4901713403}, "cmdq": 0, "read": {"device_start": -1, "device_end": -1}}, "FFC_sans_bias29": {"write": {"device_start": -1, "host_queued_start": 1585627522.200547, "device_queued": -1, "device_end": -1, "host_queued_end": 1585627522.248322}, "device": "cpu", "nd_range": {"device_start": 2295296.490176286, "device_end": 2295296.494985882}, "cmdq": 0, "read": {"device_start": -1, "device_end": -1}}, "coalesced_transpose66": {"write": {"device_start": -1, "host_queued_start": 1585627522.225467, "device_queued": -1, "device_end": -1, "host_queued_end": 1585627522.248322}, "device": "cpu", "nd_range": {"device_start": 2295296.592732935, "device_end": 2295296.5928389872}, "cmdq": 0, "read": {"device_start": -1, "device_end": -1}}, "coalesced_transpose93": {"write": {"device_start": -1, "host_queued_start": 1585627522.22654, "device_queued": -1, "device_end": -1, "host_queued_end": 1585627522.248322}, "device": "cpu", "nd_range": {"device_start": 2295296.593200833, "device_end": 2295296.593338767}, "cmdq": 0, "read": {"device_start": -1, "device_end": -1}}, "softmax23": {"write": {"device_start": -1, "host_queued_start": 1585627522.231232, "device_queued": -1, "device_end": -1, "host_queued_end": 1585627522.248322}, "device": "cpu", "nd_range": {"device_start": 2295296.643550766, "device_end": 2295296.643663761}, "cmdq": 0, "read": {"device_start": -1, "device_end": -1}}, "empty62": {"write": {"device_start": -1, "host_queued_start": 1585627522.184316, "device_queued": -1, "device_end": -1, "host_queued_end": 1585627522.248322}, "device": "cpu", "nd_range": {"device_start": 2295296.438009642, "device_end": 2295296.4380102423}, "cmdq": 0, "read": {"device_start": -1, "device_end": -1}}, "FFC_sans_bias10": {"write": {"device_start": -1, "host_queued_start": 1585627522.19299, "device_queued": -1, "device_end": -1, "host_queued_end": 1585627522.248322}, "device": "cpu", "nd_range": {"device_start": 2295296.4547754494, "device_end": 2295296.459792748}, "cmdq": 0, "read": {"device_start": -1, "device_end": -1}}, "FFC_sans_bias13": {"write": {"device_start": -1, "host_queued_start": 1585627522.227248, "device_queued": -1, "device_end": -1, "host_queued_end": 1585627522.248322}, "device": "cpu", "nd_range": {"device_start": 2295296.59763551, "device_end": 2295296.602409637}, "cmdq": 0, "read": {"device_start": -1, "device_end": -1}}, "FFC_sans_bias15": {"write": {"device_start": -1, "host_queued_start": 1585627522.234166, "device_queued": -1, "device_end": -1, "host_queued_end": 1585627522.248322}, "device": "cpu", "nd_range": {"device_start": 2295296.648814353, "device_end": 2295296.6535765002}, "cmdq": 0, "read": {"device_start": -1, "device_end": -1}}, "FFC_sans_bias16": {"write": {"device_start": -1, "host_queued_start": 1585627522.239365, "device_queued": -1, "device_end": -1, "host_queued_end": 1585627522.248322}, "device": "cpu", "nd_range": {"device_start": 2295296.699074541, "device_end": 2295296.703586577}, "cmdq": 0, "read": {"device_start": -1, "device_end": -1}}, "FFC_sans_bias19": {"write": {"device_start": -1, "host_queued_start": 1585627522.196299, "device_queued": -1, "device_end": -1, "host_queued_end": 1585627522.248322}, "device": "cpu", "nd_range": {"device_start": 2295296.4689490274, "device_end": 2295296.476106341}, "cmdq": 0, "read": {"device_start": -1, "device_end": -1}}, "FFC_sans_bias18": {"write": {"device_start": -1, "host_queued_start": 1585627522.195219, "device_queued": -1, "device_end": -1, "host_queued_end": 1585627522.248322}, "device": "cpu", "nd_range": {"device_start": 2295296.464154369, "device_end": 2295296.4689427703}, "cmdq": 0, "read": {"device_start": -1, "device_end": -1}}, "FFC_sans_bias99": {"write": {"device_start": 1585627455.628252, "host_queued_start": 1585627522.16209, "device_queued": 1585627455.6280344, "device_end": 1585627455.6282768, "host_queued_end": 1585627522.177569}, "device": "gpu", "nd_range": {"device_start": 1585627455.6284454, "device_end": 1585627455.6290543}, "cmdq": 3, "read": {"device_start": -1, "device_end": -1}}, "FFC_sans_bias91": {"write": {"device_start": -1, "host_queued_start": 1585627522.221717, "device_queued": -1, "device_end": -1, "host_queued_end": 1585627522.248322}, "device": "cpu", "nd_range": {"device_start": 2295296.582232987, "device_end": 2295296.587033492}, "cmdq": 0, "read": {"device_start": -1, "device_end": -1}}, "FFC_sans_bias90": {"write": {"device_start": -1, "host_queued_start": 1585627522.22066, "device_queued": -1, "device_end": -1, "host_queued_end": 1585627522.248322}, "device": "cpu", "nd_range": {"device_start": 2295296.577460669, "device_end": 2295296.582227479}, "cmdq": 0, "read": {"device_start": -1, "device_end": -1}}, "coalesced_transpose12": {"write": {"device_start": -1, "host_queued_start": 1585627522.22346, "device_queued": -1, "device_end": -1, "host_queued_end": 1585627522.248322}, "device": "cpu", "nd_range": {"device_start": 2295296.591454875, "device_end": 2295296.591564368}, "cmdq": 0, "read": {"device_start": -1, "device_end": -1}}, "FFC_sans_bias94": {"write": {"device_start": -1, "host_queued_start": 1585627522.230389, "device_queued": -1, "device_end": -1, "host_queued_end": 1585627522.248322}, "device": "cpu", "nd_range": {"device_start": 2295296.638510071, "device_end": 2295296.6432737503}, "cmdq": 0, "read": {"device_start": -1, "device_end": -1}}, "FFC_sans_bias97": {"write": {"device_start": -1, "host_queued_start": 1585627522.248277, "device_queued": -1, "device_end": -1, "host_queued_end": 1585627522.248322}, "device": "cpu", "nd_range": {"device_start": 2295296.738696828, "device_end": 2295296.7430187473}, "cmdq": 0, "read": {"device_start": -1, "device_end": -1}}, "FFC_sans_bias96": {"write": {"device_start": -1, "host_queued_start": 1585627522.237327, "device_queued": -1, "device_end": -1, "host_queued_end": 1585627522.248322}, "device": "cpu", "nd_range": {"device_start": 2295296.690050017, "device_end": 2295296.694539635}, "cmdq": 0, "read": {"device_start": -1, "device_end": -1}}, "FFC_sans_bias124": {"write": {"device_start": 1585627455.6353064, "host_queued_start": 1585627522.177467, "device_queued": 1585627455.6303258, "device_end": 1585627455.6353369, "host_queued_end": 1585627522.177569}, "device": "gpu", "nd_range": {"device_start": 1585627455.6361878, "device_end": 1585627455.6371694}, "cmdq": 1, "read": {"device_start": 1585627455.637173, "device_end": 1585627455.6371956}}, "softmax32": {"write": {"device_start": -1, "host_queued_start": 1585627522.231513, "device_queued": -1, "device_end": -1, "host_queued_end": 1585627522.248322}, "device": "cpu", "nd_range": {"device_start": 2295296.643669332, "device_end": 2295296.643779404}, "cmdq": 0, "read": {"device_start": -1, "device_end": -1}}, "coalesced_transpose84": {"write": {"device_start": -1, "host_queued_start": 1585627522.226212, "device_queued": -1, "device_end": -1, "host_queued_end": 1585627522.248322}, "device": "cpu", "nd_range": {"device_start": 2295296.593053177, "device_end": 2295296.593195416}, "cmdq": 0, "read": {"device_start": -1, "device_end": -1}}, "FFC_sans_bias121": {"write": {"device_start": -1, "host_queued_start": 1585627522.172627, "device_queued": -1, "device_end": -1, "host_queued_end": 1585627522.177569}, "device": "gpu", "nd_range": {"device_start": 1585627455.632806, "device_end": 1585627455.6338637}, "cmdq": 2, "read": {"device_start": -1, "device_end": -1}}, "empty98": {"write": {"device_start": -1, "host_queued_start": 1585627522.187725, "device_queued": -1, "device_end": -1, "host_queued_end": 1585627522.248322}, "device": "cpu", "nd_range": {"device_start": 2295296.4380325354, "device_end": 2295296.438033253}, "cmdq": 0, "read": {"device_start": -1, "device_end": -1}}, "empty107": {"write": {"device_start": 1585627455.6279664, "host_queued_start": 1585627522.159027, "device_queued": 1585627455.627829, "device_end": 1585627455.628003, "host_queued_end": 1585627522.177569}, "device": "gpu", "nd_range": {"device_start": 1585627455.6280124, "device_end": 1585627455.6280174}, "cmdq": 0, "read": {"device_start": -1, "device_end": -1}}, "empty17": {"write": {"device_start": -1, "host_queued_start": 1585627522.180125, "device_queued": -1, "device_end": -1, "host_queued_end": 1585627522.248322}, "device": "cpu", "nd_range": {"device_start": 2295296.437981816, "device_end": 2295296.4379831823}, "cmdq": 0, "read": {"device_start": -1, "device_end": -1}}, "FFC_sans_bias87": {"write": {"device_start": -1, "host_queued_start": 1585627522.236943, "device_queued": -1, "device_end": -1, "host_queued_end": 1585627522.248322}, "device": "cpu", "nd_range": {"device_start": 2295296.685278626, "device_end": 2295296.690044408}, "cmdq": 0, "read": {"device_start": -1, "device_end": -1}}, "FFC_sans_bias85": {"write": {"device_start": -1, "host_queued_start": 1585627522.230043, "device_queued": -1, "device_end": -1, "host_queued_end": 1585627522.248322}, "device": "cpu", "nd_range": {"device_start": 2295296.6340804743, "device_end": 2295296.638504385}, "cmdq": 0, "read": {"device_start": -1, "device_end": -1}}, "FFC_sans_bias82": {"write": {"device_start": -1, "host_queued_start": 1585627522.218545, "device_queued": -1, "device_end": -1, "host_queued_end": 1585627522.248322}, "device": "cpu", "nd_range": {"device_start": 2295296.568583866, "device_end": 2295296.572914908}, "cmdq": 0, "read": {"device_start": -1, "device_end": -1}}, "FFC_sans_bias83": {"write": {"device_start": -1, "host_queued_start": 1585627522.219599, "device_queued": -1, "device_end": -1, "host_queued_end": 1585627522.248322}, "device": "cpu", "nd_range": {"device_start": 2295296.5729206833, "device_end": 2295296.577454884}, "cmdq": 0, "read": {"device_start": -1, "device_end": -1}}, "FFC_sans_bias81": {"write": {"device_start": -1, "host_queued_start": 1585627522.217504, "device_queued": -1, "device_end": -1, "host_queued_end": 1585627522.248322}, "device": "cpu", "nd_range": {"device_start": 2295296.5638921033, "device_end": 2295296.5685786763}, "cmdq": 0, "read": {"device_start": -1, "device_end": -1}}, "FFC_sans_bias88": {"write": {"device_start": -1, "host_queued_start": 1585627522.247285, "device_queued": -1, "device_end": -1, "host_queued_end": 1585627522.248322}, "device": "cpu", "nd_range": {"device_start": 2295296.734407364, "device_end": 2295296.738694307}, "cmdq": 0, "read": {"device_start": -1, "device_end": -1}}, "coalesced_transpose30": {"write": {"device_start": -1, "host_queued_start": 1585627522.224131, "device_queued": -1, "device_end": -1, "host_queued_end": 1585627522.248322}, "device": "cpu", "nd_range": {"device_start": 2295296.591898824, "device_end": 2295296.592004288}, "cmdq": 0, "read": {"device_start": -1, "device_end": -1}}, "coalesced_transpose39": {"write": {"device_start": -1, "host_queued_start": 1585627522.224467, "device_queued": -1, "device_end": -1, "host_queued_end": 1585627522.248322}, "device": "cpu", "nd_range": {"device_start": 2295296.592110178, "device_end": 2295296.5922138942}, "cmdq": 0, "read": {"device_start": -1, "device_end": -1}}, "FFC_sans_bias79": {"write": {"device_start": -1, "host_queued_start": 1585627522.246278, "device_queued": -1, "device_end": -1, "host_queued_end": 1585627522.248322}, "device": "cpu", "nd_range": {"device_start": 2295296.730095662, "device_end": 2295296.7344044303}, "cmdq": 0, "read": {"device_start": -1, "device_end": -1}}, "FFC_sans_bias78": {"write": {"device_start": -1, "host_queued_start": 1585627522.23659, "device_queued": -1, "device_end": -1, "host_queued_end": 1585627522.248322}, "device": "cpu", "nd_range": {"device_start": 2295296.680600758, "device_end": 2295296.685273008}, "cmdq": 0, "read": {"device_start": -1, "device_end": -1}}, "FFC_sans_bias73": {"write": {"device_start": -1, "host_queued_start": 1585627522.215418, "device_queued": -1, "device_end": -1, "host_queued_end": 1585627522.248322}, "device": "cpu", "nd_range": {"device_start": 2295296.5545810433, "device_end": 2295296.559129417}, "cmdq": 0, "read": {"device_start": -1, "device_end": -1}}, "FFC_sans_bias72": {"write": {"device_start": -1, "host_queued_start": 1585627522.214368, "device_queued": -1, "device_end": -1, "host_queued_end": 1585627522.248322}, "device": "cpu", "nd_range": {"device_start": 2295296.5498093753, "device_end": 2295296.554575771}, "cmdq": 0, "read": {"device_start": -1, "device_end": -1}}, "FFC_sans_bias70": {"write": {"device_start": -1, "host_queued_start": 1585627522.245294, "device_queued": -1, "device_end": -1, "host_queued_end": 1585627522.248322}, "device": "cpu", "nd_range": {"device_start": 2295296.725340565, "device_end": 2295296.730093038}, "cmdq": 0, "read": {"device_start": -1, "device_end": -1}}, "FFC_sans_bias76": {"write": {"device_start": -1, "host_queued_start": 1585627522.229699, "device_queued": -1, "device_end": -1, "host_queued_end": 1585627522.248322}, "device": "cpu", "nd_range": {"device_start": 2295296.629540545, "device_end": 2295296.634074801}, "cmdq": 0, "read": {"device_start": -1, "device_end": -1}}, "FFC_sans_bias74": {"write": {"device_start": -1, "host_queued_start": 1585627522.216467, "device_queued": -1, "device_end": -1, "host_queued_end": 1585627522.248322}, "device": "cpu", "nd_range": {"device_start": 2295296.559134657, "device_end": 2295296.56388668}, "cmdq": 0, "read": {"device_start": -1, "device_end": -1}}, "coalesced_transpose102": {"write": {"device_start": -1, "host_queued_start": 1585627522.170998, "device_queued": -1, "device_end": -1, "host_queued_end": 1585627522.177569}, "device": "gpu", "nd_range": {"device_start": 1585627455.630985, "device_end": 1585627455.6327803}, "cmdq": 2, "read": {"device_start": -1, "device_end": -1}}, "coalesced_transpose3": {"write": {"device_start": -1, "host_queued_start": 1585627522.223124, "device_queued": -1, "device_end": -1, "host_queued_end": 1585627522.248322}, "device": "cpu", "nd_range": {"device_start": 2295296.591151855, "device_end": 2295296.5913324542}, "cmdq": 0, "read": {"device_start": -1, "device_end": -1}}, "empty89": {"write": {"device_start": -1, "host_queued_start": 1585627522.186898, "device_queued": -1, "device_end": -1, "host_queued_end": 1585627522.248322}, "device": "cpu", "nd_range": {"device_start": 2295296.438027391, "device_end": 2295296.438028058}, "cmdq": 0, "read": {"device_start": -1, "device_end": -1}}, "FFC_sans_bias123": {"write": {"device_start": -1, "host_queued_start": 1585627522.174319, "device_queued": -1, "device_end": -1, "host_queued_end": 1585627522.177569}, "device": "gpu", "nd_range": {"device_start": 1585627455.635009, "device_end": 1585627455.6361825}, "cmdq": 3, "read": {"device_start": -1, "device_end": -1}}, "empty80": {"write": {"device_start": -1, "host_queued_start": 1585627522.186066, "device_queued": -1, "device_end": -1, "host_queued_end": 1585627522.248322}, "device": "cpu", "nd_range": {"device_start": 2295296.4380222983, "device_end": 2295296.438022905}, "cmdq": 0, "read": {"device_start": -1, "device_end": -1}}, "empty116": {"write": {"device_start": 1585627455.6280684, "host_queued_start": 1585627522.160075, "device_queued": 1585627455.627967, "device_end": 1585627455.6281393, "host_queued_end": 1585627522.177569}, "device": "gpu", "nd_range": {"device_start": 1585627455.628374, "device_end": 1585627455.628388}, "cmdq": 1, "read": {"device_start": -1, "device_end": -1}}, "softmax104": {"write": {"device_start": -1, "host_queued_start": 1585627522.172885, "device_queued": -1, "device_end": -1, "host_queued_end": 1585627522.177569}, "device": "gpu", "nd_range": {"device_start": 1585627455.6334124, "device_end": 1585627455.6345928}, "cmdq": 3, "read": {"device_start": -1, "device_end": -1}}, "coalesced_transpose21": {"write": {"device_start": -1, "host_queued_start": 1585627522.223796, "device_queued": -1, "device_end": -1, "host_queued_end": 1585627522.248322}, "device": "cpu", "nd_range": {"device_start": 2295296.591679533, "device_end": 2295296.5917934123}, "cmdq": 0, "read": {"device_start": -1, "device_end": -1}}, "softmax14": {"write": {"device_start": -1, "host_queued_start": 1585627522.230953, "device_queued": -1, "device_end": -1, "host_queued_end": 1585627522.248322}, "device": "cpu", "nd_range": {"device_start": 2295296.643431651, "device_end": 2295296.64354524}, "cmdq": 0, "read": {"device_start": -1, "device_end": -1}}, "FFC_sans_bias69": {"write": {"device_start": -1, "host_queued_start": 1585627522.236249, "device_queued": -1, "device_end": -1, "host_queued_end": 1585627522.248322}, "device": "cpu", "nd_range": {"device_start": 2295296.6760557783, "device_end": 2295296.680595619}, "cmdq": 0, "read": {"device_start": -1, "device_end": -1}}, "FFC_sans_bias92": {"write": {"device_start": -1, "host_queued_start": 1585627522.222787, "device_queued": -1, "device_end": -1, "host_queued_end": 1585627522.248322}, "device": "cpu", "nd_range": {"device_start": 2295296.5870384383, "device_end": 2295296.591146431}, "cmdq": 0, "read": {"device_start": -1, "device_end": -1}}, "FFC_sans_bias60": {"write": {"device_start": -1, "host_queued_start": 1585627522.235903, "device_queued": -1, "device_end": -1, "host_queued_end": 1585627522.248322}, "device": "cpu", "nd_range": {"device_start": 2295296.671596161, "device_end": 2295296.676050179}, "cmdq": 0, "read": {"device_start": -1, "device_end": -1}}, "FFC_sans_bias61": {"write": {"device_start": -1, "host_queued_start": 1585627522.244305, "device_queued": -1, "device_end": -1, "host_queued_end": 1585627522.248322}, "device": "cpu", "nd_range": {"device_start": 2295296.7208332503, "device_end": 2295296.7253371323}, "cmdq": 0, "read": {"device_start": -1, "device_end": -1}}, "FFC_sans_bias63": {"write": {"device_start": -1, "host_queued_start": 1585627522.213329, "device_queued": -1, "device_end": -1, "host_queued_end": 1585627522.248322}, "device": "cpu", "nd_range": {"device_start": 2295296.5452373703, "device_end": 2295296.549804633}, "cmdq": 0, "read": {"device_start": -1, "device_end": -1}}, "FFC_sans_bias64": {"write": {"device_start": -1, "host_queued_start": 1585627522.211191, "device_queued": -1, "device_end": -1, "host_queued_end": 1585627522.248322}, "device": "cpu", "nd_range": {"device_start": 2295296.5359383603, "device_end": 2295296.5404315363}, "cmdq": 0, "read": {"device_start": -1, "device_end": -1}}, "FFC_sans_bias65": {"write": {"device_start": -1, "host_queued_start": 1585627522.212275, "device_queued": -1, "device_end": -1, "host_queued_end": 1585627522.248322}, "device": "cpu", "nd_range": {"device_start": 2295296.540436388, "device_end": 2295296.545232647}, "cmdq": 0, "read": {"device_start": -1, "device_end": -1}}, "FFC_sans_bias67": {"write": {"device_start": -1, "host_queued_start": 1585627522.229339, "device_queued": -1, "device_end": -1, "host_queued_end": 1585627522.248322}, "device": "cpu", "nd_range": {"device_start": 2295296.625232106, "device_end": 2295296.629534711}, "cmdq": 0, "read": {"device_start": -1, "device_end": -1}}, "coalesced_transpose111": {"write": {"device_start": -1, "host_queued_start": 1585627522.171306, "device_queued": -1, "device_end": -1, "host_queued_end": 1585627522.177569}, "device": "gpu", "nd_range": {"device_start": 1585627455.631447, "device_end": 1585627455.632797}, "cmdq": 3, "read": {"device_start": -1, "device_end": -1}}, "softmax68": {"write": {"device_start": -1, "host_queued_start": 1585627522.232642, "device_queued": -1, "device_end": -1, "host_queued_end": 1585627522.248322}, "device": "cpu", "nd_range": {"device_start": 2295296.644194839, "device_end": 2295296.644308958}, "cmdq": 0, "read": {"device_start": -1, "device_end": -1}}, "empty125": {"write": {"device_start": 1585627455.6281545, "host_queued_start": 1585627522.160919, "device_queued": 1585627455.6280096, "device_end": 1585627455.62822, "host_queued_end": 1585627522.177569}, "device": "gpu", "nd_range": {"device_start": 1585627455.6284027, "device_end": 1585627455.6284087}, "cmdq": 2, "read": {"device_start": -1, "device_end": -1}}, "empty35": {"write": {"device_start": -1, "host_queued_start": 1585627522.181868, "device_queued": -1, "device_end": -1, "host_queued_end": 1585627522.248322}, "device": "cpu", "nd_range": {"device_start": 2295296.437994238, "device_end": 2295296.437994902}, "cmdq": 0, "read": {"device_start": -1, "device_end": -1}}, "softmax86": {"write": {"device_start": -1, "host_queued_start": 1585627522.233196, "device_queued": -1, "device_end": -1, "host_queued_end": 1585627522.248322}, "device": "cpu", "nd_range": {"device_start": 2295296.644508603, "device_end": 2295296.6446221163}, "cmdq": 0, "read": {"device_start": -1, "device_end": -1}}, "FFC_sans_bias55": {"write": {"device_start": -1, "host_queued_start": 1585627522.210114, "device_queued": -1, "device_end": -1, "host_queued_end": 1585627522.248322}, "device": "cpu", "nd_range": {"device_start": 2295296.531391067, "device_end": 2295296.5359325022}, "cmdq": 0, "read": {"device_start": -1, "device_end": -1}}, "FFC_sans_bias54": {"write": {"device_start": -1, "host_queued_start": 1585627522.209071, "device_queued": -1, "device_end": -1, "host_queued_end": 1585627522.248322}, "device": "cpu", "nd_range": {"device_start": 2295296.526924955, "device_end": 2295296.531385856}, "cmdq": 0, "read": {"device_start": -1, "device_end": -1}}, "FFC_sans_bias56": {"write": {"device_start": -1, "host_queued_start": 1585627522.20802, "device_queued": -1, "device_end": -1, "host_queued_end": 1585627522.248322}, "device": "cpu", "nd_range": {"device_start": 2295296.522383096, "device_end": 2295296.52691946}, "cmdq": 0, "read": {"device_start": -1, "device_end": -1}}, "FFC_sans_bias51": {"write": {"device_start": -1, "host_queued_start": 1585627522.235557, "device_queued": -1, "device_end": -1, "host_queued_end": 1585627522.248322}, "device": "cpu", "nd_range": {"device_start": 2295296.667072346, "device_end": 2295296.6715908903}, "cmdq": 0, "read": {"device_start": -1, "device_end": -1}}, "FFC_sans_bias52": {"write": {"device_start": -1, "host_queued_start": 1585627522.24332, "device_queued": -1, "device_end": -1, "host_queued_end": 1585627522.248322}, "device": "cpu", "nd_range": {"device_start": 2295296.716056329, "device_end": 2295296.720830703}, "cmdq": 0, "read": {"device_start": -1, "device_end": -1}}, "FFC_sans_bias58": {"write": {"device_start": -1, "host_queued_start": 1585627522.228981, "device_queued": -1, "device_end": -1, "host_queued_end": 1585627522.248322}, "device": "cpu", "nd_range": {"device_start": 2295296.6204918283, "device_end": 2295296.625226181}, "cmdq": 0, "read": {"device_start": -1, "device_end": -1}}, "FFC_sans_bias108": {"write": {"device_start": 1585627455.628765, "host_queued_start": 1585627522.165387, "device_queued": 1585627455.6286652, "device_end": 1585627455.628835, "host_queued_end": 1585627522.177569}, "device": "gpu", "nd_range": {"device_start": 1585627455.6289916, "device_end": 1585627455.630456}, "cmdq": 1, "read": {"device_start": -1, "device_end": -1}}, "FFC_sans_bias109": {"write": {"device_start": 1585627455.628856, "host_queued_start": 1585627522.166425, "device_queued": 1585627455.628693, "device_end": 1585627455.6288862, "host_queued_end": 1585627522.177569}, "device": "gpu", "nd_range": {"device_start": 1585627455.6290252, "device_end": 1585627455.6309838}, "cmdq": 2, "read": {"device_start": -1, "device_end": -1}}, "FFC_sans_bias103": {"write": {"device_start": -1, "host_queued_start": 1585627522.171966, "device_queued": -1, "device_end": -1, "host_queued_end": 1585627522.177569}, "device": "gpu", "nd_range": {"device_start": 1585627455.632789, "device_end": 1585627455.6334038}, "cmdq": 0, "read": {"device_start": -1, "device_end": -1}}, "FFC_sans_bias100": {"write": {"device_start": 1585627455.6284158, "host_queued_start": 1585627522.16327, "device_queued": 1585627455.6283128, "device_end": 1585627455.6284463, "host_queued_end": 1585627522.177569}, "device": "gpu", "nd_range": {"device_start": 1585627455.6284611, "device_end": 1585627455.629457}, "cmdq": 4, "read": {"device_start": -1, "device_end": -1}}, "FFC_sans_bias101": {"write": {"device_start": 1585627455.6285663, "host_queued_start": 1585627522.164349, "device_queued": 1585627455.628468, "device_end": 1585627455.6285992, "host_queued_end": 1585627522.177569}, "device": "gpu", "nd_range": {"device_start": 1585627455.6286564, "device_end": 1585627455.6300364}, "cmdq": 0, "read": {"device_start": -1, "device_end": -1}}, "FFC_sans_bias106": {"write": {"device_start": 1585627455.635115, "host_queued_start": 1585627522.175361, "device_queued": 1585627455.6300187, "device_end": 1585627455.635146, "host_queued_end": 1585627522.177569}, "device": "gpu", "nd_range": {"device_start": 1585627455.6361938, "device_end": 1585627455.637576}, "cmdq": 4, "read": {"device_start": 1585627455.637578, "device_end": 1585627455.6376026}}, "softmax122": {"write": {"device_start": -1, "host_queued_start": 1585627522.173371, "device_queued": -1, "device_end": -1, "host_queued_end": 1585627522.177569}, "device": "gpu", "nd_range": {"device_start": 1585627455.6338708, "device_end": 1585627455.6346009}, "cmdq": 0, "read": {"device_start": -1, "device_end": -1}}, "FFC_sans_bias105": {"write": {"device_start": -1, "host_queued_start": 1585627522.17369, "device_queued": -1, "device_end": -1, "host_queued_end": 1585627522.177569}, "device": "gpu", "nd_range": {"device_start": 1585627455.6346052, "device_end": 1585627455.635209}, "cmdq": 1, "read": {"device_start": -1, "device_end": -1}}, "softmax95": {"write": {"device_start": -1, "host_queued_start": 1585627522.233476, "device_queued": -1, "device_end": -1, "host_queued_end": 1585627522.248322}, "device": "cpu", "nd_range": {"device_start": 2295296.644627797, "device_end": 2295296.64474127}, "cmdq": 0, "read": {"device_start": -1, "device_end": -1}}, "coalesced_transpose57": {"write": {"device_start": -1, "host_queued_start": 1585627522.225134, "device_queued": -1, "device_end": -1, "host_queued_end": 1585627522.248322}, "device": "cpu", "nd_range": {"device_start": 2295296.592521309, "device_end": 2295296.5926287263}, "cmdq": 0, "read": {"device_start": -1, "device_end": -1}}, "empty26": {"write": {"device_start": -1, "host_queued_start": 1585627522.18106, "device_queued": -1, "device_end": -1, "host_queued_end": 1585627522.248322}, "device": "cpu", "nd_range": {"device_start": 2295296.4379891763, "device_end": 2295296.4379898733}, "cmdq": 0, "read": {"device_start": -1, "device_end": -1}}, "softmax113": {"write": {"device_start": -1, "host_queued_start": 1585627522.173129, "device_queued": -1, "device_end": -1, "host_queued_end": 1585627522.177569}, "device": "gpu", "nd_range": {"device_start": 1585627455.6345985, "device_end": 1585627455.6349897}, "cmdq": 4, "read": {"device_start": -1, "device_end": -1}}, "FFC_sans_bias11": {"write": {"device_start": -1, "host_queued_start": 1585627522.194053, "device_queued": -1, "device_end": -1, "host_queued_end": 1585627522.248322}, "device": "cpu", "nd_range": {"device_start": 2295296.4597985023, "device_end": 2295296.4640225223}, "cmdq": 0, "read": {"device_start": -1, "device_end": -1}}, "FFC_sans_bias42": {"write": {"device_start": -1, "host_queued_start": 1585627522.235207, "device_queued": -1, "device_end": -1, "host_queued_end": 1585627522.248322}, "device": "cpu", "nd_range": {"device_start": 2295296.662647821, "device_end": 2295296.6670663063}, "cmdq": 0, "read": {"device_start": -1, "device_end": -1}}, "FFC_sans_bias43": {"write": {"device_start": -1, "host_queued_start": 1585627522.242322, "device_queued": -1, "device_end": -1, "host_queued_end": 1585627522.248322}, "device": "cpu", "nd_range": {"device_start": 2295296.71195661, "device_end": 2295296.716053214}, "cmdq": 0, "read": {"device_start": -1, "device_end": -1}}, "FFC_sans_bias40": {"write": {"device_start": -1, "host_queued_start": 1585627522.228288, "device_queued": -1, "device_end": -1, "host_queued_end": 1585627522.248322}, "device": "cpu", "nd_range": {"device_start": 2295296.6112358333, "device_end": 2295296.615919441}, "cmdq": 0, "read": {"device_start": -1, "device_end": -1}}, "FFC_sans_bias46": {"write": {"device_start": -1, "host_queued_start": 1585627522.205888, "device_queued": -1, "device_end": -1, "host_queued_end": 1585627522.248322}, "device": "cpu", "nd_range": {"device_start": 2295296.513268643, "device_end": 2295296.5176928514}, "cmdq": 0, "read": {"device_start": -1, "device_end": -1}}, "FFC_sans_bias47": {"write": {"device_start": -1, "host_queued_start": 1585627522.206965, "device_queued": -1, "device_end": -1, "host_queued_end": 1585627522.248322}, "device": "cpu", "nd_range": {"device_start": 2295296.517698571, "device_end": 2295296.5223776693}, "cmdq": 0, "read": {"device_start": -1, "device_end": -1}}, "FFC_sans_bias45": {"write": {"device_start": -1, "host_queued_start": 1585627522.204834, "device_queued": -1, "device_end": -1, "host_queued_end": 1585627522.248322}, "device": "cpu", "nd_range": {"device_start": 2295296.508714911, "device_end": 2295296.5132631063}, "cmdq": 0, "read": {"device_start": -1, "device_end": -1}}, "FFC_sans_bias49": {"write": {"device_start": -1, "host_queued_start": 1585627522.228627, "device_queued": -1, "device_end": -1, "host_queued_end": 1585627522.248322}, "device": "cpu", "nd_range": {"device_start": 2295296.6159250033, "device_end": 2295296.620486348}, "cmdq": 0, "read": {"device_start": -1, "device_end": -1}}, "softmax77": {"write": {"device_start": -1, "host_queued_start": 1585627522.232922, "device_queued": -1, "device_end": -1, "host_queued_end": 1585627522.248322}, "device": "cpu", "nd_range": {"device_start": 2295296.644418242, "device_end": 2295296.644502722}, "cmdq": 0, "read": {"device_start": -1, "device_end": -1}}, "FFC_sans_bias119": {"write": {"device_start": 1585627455.6305566, "host_queued_start": 1585627522.170677, "device_queued": 1585627455.629289, "device_end": 1585627455.6305885, "host_queued_end": 1585627522.177569}, "device": "gpu", "nd_range": {"device_start": 1585627455.6305928, "device_end": 1585627455.6328998}, "cmdq": 1, "read": {"device_start": -1, "device_end": -1}}, "FFC_sans_bias118": {"write": {"device_start": 1585627455.6301112, "host_queued_start": 1585627522.169599, "device_queued": 1585627455.6292343, "device_end": 1585627455.6301415, "host_queued_end": 1585627522.177569}, "device": "gpu", "nd_range": {"device_start": 1585627455.6301482, "device_end": 1585627455.63244}, "cmdq": 0, "read": {"device_start": -1, "device_end": -1}}, "FFC_sans_bias115": {"write": {"device_start": 1585627455.6346984, "host_queued_start": 1585627522.176416, "device_queued": 1585627455.6301022, "device_end": 1585627455.634723, "host_queued_end": 1585627522.177569}, "device": "gpu", "nd_range": {"device_start": 1585627455.635622, "device_end": 1585627455.6366}, "cmdq": 0, "read": {"device_start": 1585627455.6376944, "device_end": 1585627455.637717}}, "FFC_sans_bias114": {"write": {"device_start": -1, "host_queued_start": 1585627522.174006, "device_queued": -1, "device_end": -1, "host_queued_end": 1585627522.177569}, "device": "gpu", "nd_range": {"device_start": 1585627455.6350045, "device_end": 1585627455.6356158}, "cmdq": 2, "read": {"device_start": -1, "device_end": -1}}, "FFC_sans_bias117": {"write": {"device_start": 1585627455.6295464, "host_queued_start": 1585627522.168559, "device_queued": 1585627455.6289392, "device_end": 1585627455.6295755, "host_queued_end": 1585627522.177569}, "device": "gpu", "nd_range": {"device_start": 1585627455.6295805, "device_end": 1585627455.63194}, "cmdq": 4, "read": {"device_start": -1, "device_end": -1}}, "softmax5": {"write": {"device_start": -1, "host_queued_start": 1585627522.230677, "device_queued": -1, "device_end": -1, "host_queued_end": 1585627522.248322}, "device": "cpu", "nd_range": {"device_start": 2295296.643278766, "device_end": 2295296.643425433}, "cmdq": 0, "read": {"device_start": -1, "device_end": -1}}, "FFC_sans_bias110": {"write": {"device_start": 1585627455.629161, "host_queued_start": 1585627522.167512, "device_queued": 1585627455.6287096, "device_end": 1585627455.6291916, "host_queued_end": 1585627522.177569}, "device": "gpu", "nd_range": {"device_start": 1585627455.629196, "device_end": 1585627455.6314425}, "cmdq": 3, "read": {"device_start": -1, "device_end": -1}}, "FFC_sans_bias112": {"write": {"device_start": -1, "host_queued_start": 1585627522.172294, "device_queued": -1, "device_end": -1, "host_queued_end": 1585627522.177569}, "device": "gpu", "nd_range": {"device_start": 1585627455.6329048, "device_end": 1585627455.6343732}, "cmdq": 1, "read": {"device_start": -1, "device_end": -1}}, "empty53": {"write": {"device_start": -1, "host_queued_start": 1585627522.183509, "device_queued": -1, "device_end": -1, "host_queued_end": 1585627522.248322}, "device": "cpu", "nd_range": {"device_start": 2295296.4380044383, "device_end": 2295296.4380055782}, "cmdq": 0, "read": {"device_start": -1, "device_end": -1}}, "coalesced_transpose48": {"write": {"device_start": -1, "host_queued_start": 1585627522.224803, "device_queued": -1, "device_end": -1, "host_queued_end": 1585627522.248322}, "device": "cpu", "nd_range": {"device_start": 2295296.592320127, "device_end": 2295296.5924196993}, "cmdq": 0, "read": {"device_start": -1, "device_end": -1}}}