{"FFC_sans_bias4": {"write": {"device_start": -1, "host_queued_start": 1585626693.733527, "device_queued": -1, "device_end": -1, "host_queued_end": 1585626693.735417}, "device": "cpu", "nd_range": {"device_start": 2294467.937561729, "device_end": 2294467.942082299}, "cmdq": 2, "read": {"device_start": -1, "device_end": -1}}, "FFC_sans_bias7": {"write": {"device_start": -1, "host_queued_start": 1585626693.735356, "device_queued": -1, "device_end": -1, "host_queued_end": 1585626693.735417}, "device": "cpu", "nd_range": {"device_start": 2294467.9466846744, "device_end": 2294467.951589473}, "cmdq": 2, "read": {"device_start": -1, "device_end": -1}}, "FFC_sans_bias6": {"write": {"device_start": -1, "host_queued_start": 1585626693.734201, "device_queued": -1, "device_end": -1, "host_queued_end": 1585626693.735417}, "device": "cpu", "nd_range": {"device_start": 2294467.94242727, "device_end": 2294467.946672324}, "cmdq": 1, "read": {"device_start": -1, "device_end": -1}}, "FFC_sans_bias1": {"write": {"device_start": -1, "host_queued_start": 1585626693.731608, "device_queued": -1, "device_end": -1, "host_queued_end": 1585626693.735417}, "device": "cpu", "nd_range": {"device_start": 2294467.9250043863, "device_end": 2294467.93721658}, "cmdq": 2, "read": {"device_start": -1, "device_end": -1}}, "FFC_sans_bias0": {"write": {"device_start": -1, "host_queued_start": 1585626693.730252, "device_queued": -1, "device_end": -1, "host_queued_end": 1585626693.735417}, "device": "cpu", "nd_range": {"device_start": 2294467.92500258, "device_end": 2294467.936967569}, "cmdq": 1, "read": {"device_start": -1, "device_end": -1}}, "FFC_sans_bias2": {"write": {"device_start": -1, "host_queued_start": 1585626693.732813, "device_queued": -1, "device_end": -1, "host_queued_end": 1585626693.735417}, "device": "cpu", "nd_range": {"device_start": 2294467.9250122723, "device_end": 2294467.933519641}, "cmdq": 0, "read": {"device_start": -1, "device_end": -1}}, "coalesced_transpose120": {"write": {"device_start": -1, "host_queued_start": 1585626693.700616, "device_queued": -1, "device_end": -1, "host_queued_end": 1585626693.726813}, "device": "gpu", "nd_range": {"device_start": 1585626627.228734, "device_end": 1585626627.2287424}, "cmdq": 0, "read": {"device_start": -1, "device_end": -1}}, "FFC_sans_bias9": {"write": {"device_start": 1585626627.2010822, "host_queued_start": 1585626693.655475, "device_queued": 1585626627.200488, "device_end": 1585626627.201111, "host_queued_end": 1585626693.726813}, "device": "gpu", "nd_range": {"device_start": 1585626627.2011137, "device_end": 1585626627.2017198}, "cmdq": 0, "read": {"device_start": -1, "device_end": -1}}, "empty71": {"write": {"device_start": 1585626627.200099, "host_queued_start": 1585626693.649392, "device_queued": 1585626627.1998036, "device_end": 1585626627.2001255, "host_queued_end": 1585626693.726813}, "device": "gpu", "nd_range": {"device_start": 1585626627.200128, "device_end": 1585626627.2001317}, "cmdq": 0, "read": {"device_start": -1, "device_end": -1}}, "softmax41": {"write": {"device_start": -1, "host_queued_start": 1585626693.706044, "device_queued": -1, "device_end": -1, "host_queued_end": 1585626693.726813}, "device": "gpu", "nd_range": {"device_start": 1585626627.2371576, "device_end": 1585626627.237367}, "cmdq": 0, "read": {"device_start": -1, "device_end": -1}}, "FFC_sans_bias37": {"write": {"device_start": 1585626627.2084458, "host_queued_start": 1585626693.666379, "device_queued": 1585626627.2016098, "device_end": 1585626627.2084734, "host_queued_end": 1585626693.726813}, "device": "gpu", "nd_range": {"device_start": 1585626627.2084763, "device_end": 1585626627.2090743}, "cmdq": 0, "read": {"device_start": -1, "device_end": -1}}, "FFC_sans_bias36": {"write": {"device_start": 1585626627.207735, "host_queued_start": 1585626693.665324, "device_queued": 1585626627.2014537, "device_end": 1585626627.2077613, "host_queued_end": 1585626693.726813}, "device": "gpu", "nd_range": {"device_start": 1585626627.2077646, "device_end": 1585626627.2083642}, "cmdq": 0, "read": {"device_start": -1, "device_end": -1}}, "FFC_sans_bias34": {"write": {"device_start": 1585626627.248886, "host_queued_start": 1585626693.716069, "device_queued": 1585626627.2068489, "device_end": 1585626627.248915, "host_queued_end": 1585626693.726813}, "device": "gpu", "nd_range": {"device_start": 1585626627.2489288, "device_end": 1585626627.249527}, "cmdq": 0, "read": {"device_start": 1585626627.2495322, "device_end": 1585626627.2495549}}, "FFC_sans_bias33": {"write": {"device_start": -1, "host_queued_start": 1585626693.709492, "device_queued": -1, "device_end": -1, "host_queued_end": 1585626693.726813}, "device": "gpu", "nd_range": {"device_start": 1585626627.2404788, "device_end": 1585626627.2410727}, "cmdq": 0, "read": {"device_start": -1, "device_end": -1}}, "FFC_sans_bias31": {"write": {"device_start": -1, "host_queued_start": 1585626693.70162, "device_queued": -1, "device_end": -1, "host_queued_end": 1585626693.726813}, "device": "gpu", "nd_range": {"device_start": 1585626627.2299356, "device_end": 1585626627.230535}, "cmdq": 0, "read": {"device_start": -1, "device_end": -1}}, "FFC_sans_bias38": {"write": {"device_start": 1585626627.2091553, "host_queued_start": 1585626693.667477, "device_queued": 1585626627.2016497, "device_end": 1585626627.2091792, "host_queued_end": 1585626693.726813}, "device": "gpu", "nd_range": {"device_start": 1585626627.209185, "device_end": 1585626627.2097783}, "cmdq": 0, "read": {"device_start": -1, "device_end": -1}}, "coalesced_transpose75": {"write": {"device_start": -1, "host_queued_start": 1585626693.699033, "device_queued": -1, "device_end": -1, "host_queued_end": 1585626693.726813}, "device": "gpu", "nd_range": {"device_start": 1585626627.2286863, "device_end": 1585626627.228695}, "cmdq": 0, "read": {"device_start": -1, "device_end": -1}}, "empty44": {"write": {"device_start": 1585626627.199667, "host_queued_start": 1585626693.646706, "device_queued": 1585626627.1993499, "device_end": 1585626627.1996963, "host_queued_end": 1585626693.726813}, "device": "gpu", "nd_range": {"device_start": 1585626627.199707, "device_end": 1585626627.1997108}, "cmdq": 0, "read": {"device_start": -1, "device_end": -1}}, "empty8": {"write": {"device_start": -1, "host_queued_start": 1585626693.72878, "device_queued": -1, "device_end": -1, "host_queued_end": 1585626693.735417}, "device": "cpu", "nd_range": {"device_start": 2294467.924979804, "device_end": 2294467.924991405}, "cmdq": 0, "read": {"device_start": -1, "device_end": -1}}, "softmax50": {"write": {"device_start": -1, "host_queued_start": 1585626693.706317, "device_queued": -1, "device_end": -1, "host_queued_end": 1585626693.726813}, "device": "gpu", "nd_range": {"device_start": 1585626627.2373686, "device_end": 1585626627.2375789}, "cmdq": 0, "read": {"device_start": -1, "device_end": -1}}, "softmax59": {"write": {"device_start": -1, "host_queued_start": 1585626693.706584, "device_queued": -1, "device_end": -1, "host_queued_end": 1585626693.726813}, "device": "gpu", "nd_range": {"device_start": 1585626627.23758, "device_end": 1585626627.2377899}, "cmdq": 0, "read": {"device_start": -1, "device_end": -1}}, "FFC_sans_bias24": {"write": {"device_start": -1, "host_queued_start": 1585626693.709095, "device_queued": -1, "device_end": -1, "host_queued_end": 1585626693.726813}, "device": "gpu", "nd_range": {"device_start": 1585626627.2398798, "device_end": 1585626627.2404778}, "cmdq": 0, "read": {"device_start": -1, "device_end": -1}}, "FFC_sans_bias25": {"write": {"device_start": 1585626627.2480183, "host_queued_start": 1585626693.715006, "device_queued": 1585626627.2068017, "device_end": 1585626627.2480483, "host_queued_end": 1585626693.726813}, "device": "gpu", "nd_range": {"device_start": 1585626627.2480557, "device_end": 1585626627.2486553}, "cmdq": 0, "read": {"device_start": 1585626627.248664, "device_end": 1585626627.2486932}}, "FFC_sans_bias27": {"write": {"device_start": 1585626627.2055142, "host_queued_start": 1585626693.662044, "device_queued": 1585626627.2012112, "device_end": 1585626627.205538, "host_queued_end": 1585626693.726813}, "device": "gpu", "nd_range": {"device_start": 1585626627.2055433, "device_end": 1585626627.206142}, "cmdq": 0, "read": {"device_start": -1, "device_end": -1}}, "FFC_sans_bias20": {"write": {"device_start": 1585626627.2047808, "host_queued_start": 1585626693.66095, "device_queued": 1585626627.2009957, "device_end": 1585626627.2048056, "host_queued_end": 1585626693.726813}, "device": "gpu", "nd_range": {"device_start": 1585626627.2048101, "device_end": 1585626627.2054057}, "cmdq": 0, "read": {"device_start": -1, "device_end": -1}}, "FFC_sans_bias22": {"write": {"device_start": -1, "host_queued_start": 1585626693.701284, "device_queued": -1, "device_end": -1, "host_queued_end": 1585626693.726813}, "device": "gpu", "nd_range": {"device_start": 1585626627.2293403, "device_end": 1585626627.2299347}, "cmdq": 0, "read": {"device_start": -1, "device_end": -1}}, "FFC_sans_bias28": {"write": {"device_start": 1585626627.2062576, "host_queued_start": 1585626693.663173, "device_queued": 1585626627.2012522, "device_end": 1585626627.206282, "host_queued_end": 1585626693.726813}, "device": "gpu", "nd_range": {"device_start": 1585626627.2062857, "device_end": 1585626627.2068832}, "cmdq": 0, "read": {"device_start": -1, "device_end": -1}}, "FFC_sans_bias29": {"write": {"device_start": 1585626627.206993, "host_queued_start": 1585626693.664264, "device_queued": 1585626627.2013888, "device_end": 1585626627.2070167, "host_queued_end": 1585626693.726813}, "device": "gpu", "nd_range": {"device_start": 1585626627.2070243, "device_end": 1585626627.2076278}, "cmdq": 0, "read": {"device_start": -1, "device_end": -1}}, "coalesced_transpose66": {"write": {"device_start": -1, "host_queued_start": 1585626693.698712, "device_queued": -1, "device_end": -1, "host_queued_end": 1585626693.726813}, "device": "gpu", "nd_range": {"device_start": 1585626627.228677, "device_end": 1585626627.2286851}, "cmdq": 0, "read": {"device_start": -1, "device_end": -1}}, "coalesced_transpose93": {"write": {"device_start": -1, "host_queued_start": 1585626693.699667, "device_queued": -1, "device_end": -1, "host_queued_end": 1585626693.726813}, "device": "gpu", "nd_range": {"device_start": 1585626627.228705, "device_end": 1585626627.2287135}, "cmdq": 0, "read": {"device_start": -1, "device_end": -1}}, "softmax23": {"write": {"device_start": -1, "host_queued_start": 1585626693.705513, "device_queued": -1, "device_end": -1, "host_queued_end": 1585626693.726813}, "device": "gpu", "nd_range": {"device_start": 1585626627.2367363, "device_end": 1585626627.236947}, "cmdq": 0, "read": {"device_start": -1, "device_end": -1}}, "empty62": {"write": {"device_start": 1585626627.1999426, "host_queued_start": 1585626693.648541, "device_queued": 1585626627.1997705, "device_end": 1585626627.199972, "host_queued_end": 1585626693.726813}, "device": "gpu", "nd_range": {"device_start": 1585626627.1999772, "device_end": 1585626627.1999805}, "cmdq": 0, "read": {"device_start": -1, "device_end": -1}}, "FFC_sans_bias10": {"write": {"device_start": 1585626627.2018352, "host_queued_start": 1585626693.65654, "device_queued": 1585626627.200526, "device_end": 1585626627.2018652, "host_queued_end": 1585626693.726813}, "device": "gpu", "nd_range": {"device_start": 1585626627.2018752, "device_end": 1585626627.2024732}, "cmdq": 0, "read": {"device_start": -1, "device_end": -1}}, "FFC_sans_bias13": {"write": {"device_start": -1, "host_queued_start": 1585626693.700952, "device_queued": -1, "device_end": -1, "host_queued_end": 1585626693.726813}, "device": "gpu", "nd_range": {"device_start": 1585626627.2287433, "device_end": 1585626627.2293384}, "cmdq": 0, "read": {"device_start": -1, "device_end": -1}}, "FFC_sans_bias15": {"write": {"device_start": -1, "host_queued_start": 1585626693.708767, "device_queued": -1, "device_end": -1, "host_queued_end": 1585626693.726813}, "device": "gpu", "nd_range": {"device_start": 1585626627.2392771, "device_end": 1585626627.2398784}, "cmdq": 0, "read": {"device_start": -1, "device_end": -1}}, "FFC_sans_bias16": {"write": {"device_start": 1585626627.2471814, "host_queued_start": 1585626693.71393, "device_queued": 1585626627.2066467, "device_end": 1585626627.2472055, "host_queued_end": 1585626693.726813}, "device": "gpu", "nd_range": {"device_start": 1585626627.2472136, "device_end": 1585626627.247812}, "cmdq": 0, "read": {"device_start": 1585626627.2478166, "device_end": 1585626627.2478397}}, "FFC_sans_bias19": {"write": {"device_start": 1585626627.2040439, "host_queued_start": 1585626693.659842, "device_queued": 1585626627.2009473, "device_end": 1585626627.2040687, "host_queued_end": 1585626693.726813}, "device": "gpu", "nd_range": {"device_start": 1585626627.2040715, "device_end": 1585626627.2046611}, "cmdq": 0, "read": {"device_start": -1, "device_end": -1}}, "FFC_sans_bias18": {"write": {"device_start": 1585626627.2032697, "host_queued_start": 1585626693.658746, "device_queued": 1585626627.2007477, "device_end": 1585626627.2032936, "host_queued_end": 1585626693.726813}, "device": "gpu", "nd_range": {"device_start": 1585626627.2032998, "device_end": 1585626627.2039006}, "cmdq": 0, "read": {"device_start": -1, "device_end": -1}}, "FFC_sans_bias99": {"write": {"device_start": 1585626627.2223907, "host_queued_start": 1585626693.687783, "device_queued": 1585626627.2036405, "device_end": 1585626627.2224147, "host_queued_end": 1585626693.726813}, "device": "gpu", "nd_range": {"device_start": 1585626627.2224212, "device_end": 1585626627.2230222}, "cmdq": 0, "read": {"device_start": -1, "device_end": -1}}, "FFC_sans_bias91": {"write": {"device_start": 1585626627.2209754, "host_queued_start": 1585626693.685671, "device_queued": 1585626627.2034817, "device_end": 1585626627.2210019, "host_queued_end": 1585626693.726813}, "device": "gpu", "nd_range": {"device_start": 1585626627.2210069, "device_end": 1585626627.2216043}, "cmdq": 0, "read": {"device_start": -1, "device_end": -1}}, "FFC_sans_bias90": {"write": {"device_start": 1585626627.220274, "host_queued_start": 1585626693.684624, "device_queued": 1585626627.2033556, "device_end": 1585626627.2202988, "host_queued_end": 1585626693.726813}, "device": "gpu", "nd_range": {"device_start": 1585626627.2203023, "device_end": 1585626627.2209036}, "cmdq": 0, "read": {"device_start": -1, "device_end": -1}}, "coalesced_transpose12": {"write": {"device_start": -1, "host_queued_start": 1585626693.696766, "device_queued": -1, "device_end": -1, "host_queued_end": 1585626693.726813}, "device": "gpu", "nd_range": {"device_start": 1585626627.228617, "device_end": 1585626627.2286263}, "cmdq": 0, "read": {"device_start": -1, "device_end": -1}}, "FFC_sans_bias94": {"write": {"device_start": -1, "host_queued_start": 1585626693.703975, "device_queued": -1, "device_end": -1, "host_queued_end": 1585626693.726813}, "device": "gpu", "nd_range": {"device_start": 1585626627.2341256, "device_end": 1585626627.234726}, "cmdq": 0, "read": {"device_start": -1, "device_end": -1}}, "FFC_sans_bias97": {"write": {"device_start": 1585626627.2546885, "host_queued_start": 1585626693.723508, "device_queued": 1585626627.2201355, "device_end": 1585626627.254718, "host_queued_end": 1585626693.726813}, "device": "gpu", "nd_range": {"device_start": 1585626627.254721, "device_end": 1585626627.2553186}, "cmdq": 0, "read": {"device_start": 1585626627.255326, "device_end": 1585626627.2553487}}, "FFC_sans_bias96": {"write": {"device_start": -1, "host_queued_start": 1585626693.711854, "device_queued": -1, "device_end": -1, "host_queued_end": 1585626693.726813}, "device": "gpu", "nd_range": {"device_start": 1585626627.2446675, "device_end": 1585626627.2452643}, "cmdq": 0, "read": {"device_start": -1, "device_end": -1}}, "FFC_sans_bias124": {"write": {"device_start": 1585626627.2571974, "host_queued_start": 1585626693.726697, "device_queued": 1585626627.2219675, "device_end": 1585626627.257227, "host_queued_end": 1585626693.726813}, "device": "gpu", "nd_range": {"device_start": 1585626627.2572296, "device_end": 1585626627.257826}, "cmdq": 0, "read": {"device_start": 1585626627.257835, "device_end": 1585626627.257857}}, "softmax32": {"write": {"device_start": -1, "host_queued_start": 1585626693.705779, "device_queued": -1, "device_end": -1, "host_queued_end": 1585626693.726813}, "device": "gpu", "nd_range": {"device_start": 1585626627.2369483, "device_end": 1585626627.2371564}, "cmdq": 0, "read": {"device_start": -1, "device_end": -1}}, "coalesced_transpose84": {"write": {"device_start": -1, "host_queued_start": 1585626693.699352, "device_queued": -1, "device_end": -1, "host_queued_end": 1585626693.726813}, "device": "gpu", "nd_range": {"device_start": 1585626627.2286959, "device_end": 1585626627.2287037}, "cmdq": 0, "read": {"device_start": -1, "device_end": -1}}, "FFC_sans_bias121": {"write": {"device_start": -1, "host_queued_start": 1585626693.704982, "device_queued": -1, "device_end": -1, "host_queued_end": 1585626693.726813}, "device": "gpu", "nd_range": {"device_start": 1585626627.2359242, "device_end": 1585626627.236523}, "cmdq": 0, "read": {"device_start": -1, "device_end": -1}}, "empty98": {"write": {"device_start": 1585626627.2005057, "host_queued_start": 1585626693.651948, "device_queued": 1585626627.2001383, "device_end": 1585626627.2005312, "host_queued_end": 1585626693.726813}, "device": "gpu", "nd_range": {"device_start": 1585626627.2005343, "device_end": 1585626627.200538}, "cmdq": 0, "read": {"device_start": -1, "device_end": -1}}, "empty107": {"write": {"device_start": 1585626627.2006285, "host_queued_start": 1585626693.652776, "device_queued": 1585626627.2001803, "device_end": 1585626627.2006526, "host_queued_end": 1585626693.726813}, "device": "gpu", "nd_range": {"device_start": 1585626627.2006578, "device_end": 1585626627.2006614}, "cmdq": 0, "read": {"device_start": -1, "device_end": -1}}, "empty17": {"write": {"device_start": 1585626627.1991765, "host_queued_start": 1585626693.643922, "device_queued": 1585626627.1990583, "device_end": 1585626627.1992028, "host_queued_end": 1585626693.726813}, "device": "gpu", "nd_range": {"device_start": 1585626627.1992123, "device_end": 1585626627.1992326}, "cmdq": 0, "read": {"device_start": -1, "device_end": -1}}, "FFC_sans_bias87": {"write": {"device_start": -1, "host_queued_start": 1585626693.711521, "device_queued": -1, "device_end": -1, "host_queued_end": 1585626693.726813}, "device": "gpu", "nd_range": {"device_start": 1585626627.2440681, "device_end": 1585626627.2446666}, "cmdq": 0, "read": {"device_start": -1, "device_end": -1}}, "FFC_sans_bias85": {"write": {"device_start": -1, "host_queued_start": 1585626693.703641, "device_queued": -1, "device_end": -1, "host_queued_end": 1585626693.726813}, "device": "gpu", "nd_range": {"device_start": 1585626627.2335238, "device_end": 1585626627.2341244}, "cmdq": 0, "read": {"device_start": -1, "device_end": -1}}, "FFC_sans_bias82": {"write": {"device_start": 1585626627.2188609, "host_queued_start": 1585626693.682489, "device_queued": 1585626627.203142, "device_end": 1585626627.2188857, "host_queued_end": 1585626693.726813}, "device": "gpu", "nd_range": {"device_start": 1585626627.2188885, "device_end": 1585626627.2194865}, "cmdq": 0, "read": {"device_start": -1, "device_end": -1}}, "FFC_sans_bias83": {"write": {"device_start": 1585626627.2195685, "host_queued_start": 1585626693.683562, "device_queued": 1585626627.2033226, "device_end": 1585626627.219597, "host_queued_end": 1585626693.726813}, "device": "gpu", "nd_range": {"device_start": 1585626627.2196052, "device_end": 1585626627.2201958}, "cmdq": 0, "read": {"device_start": -1, "device_end": -1}}, "FFC_sans_bias81": {"write": {"device_start": 1585626627.2181594, "host_queued_start": 1585626693.681431, "device_queued": 1585626627.203107, "device_end": 1585626627.2181828, "host_queued_end": 1585626693.726813}, "device": "gpu", "nd_range": {"device_start": 1585626627.21819, "device_end": 1585626627.2187867}, "cmdq": 0, "read": {"device_start": -1, "device_end": -1}}, "FFC_sans_bias88": {"write": {"device_start": 1585626627.253856, "host_queued_start": 1585626693.722451, "device_queued": 1585626627.219983, "device_end": 1585626627.2538853, "host_queued_end": 1585626693.726813}, "device": "gpu", "nd_range": {"device_start": 1585626627.2538915, "device_end": 1585626627.2544854}, "cmdq": 0, "read": {"device_start": 1585626627.2544873, "device_end": 1585626627.25451}}, "coalesced_transpose30": {"write": {"device_start": -1, "host_queued_start": 1585626693.697416, "device_queued": -1, "device_end": -1, "host_queued_end": 1585626693.726813}, "device": "gpu", "nd_range": {"device_start": 1585626627.2286377, "device_end": 1585626627.2286468}, "cmdq": 0, "read": {"device_start": -1, "device_end": -1}}, "coalesced_transpose39": {"write": {"device_start": -1, "host_queued_start": 1585626693.697739, "device_queued": -1, "device_end": -1, "host_queued_end": 1585626693.726813}, "device": "gpu", "nd_range": {"device_start": 1585626627.2286477, "device_end": 1585626627.2286558}, "cmdq": 0, "read": {"device_start": -1, "device_end": -1}}, "FFC_sans_bias79": {"write": {"device_start": 1585626627.2530174, "host_queued_start": 1585626693.72139, "device_queued": 1585626627.2199385, "device_end": 1585626627.2530472, "host_queued_end": 1585626693.726813}, "device": "gpu", "nd_range": {"device_start": 1585626627.253061, "device_end": 1585626627.253657}, "cmdq": 0, "read": {"device_start": 1585626627.253664, "device_end": 1585626627.2536864}}, "FFC_sans_bias78": {"write": {"device_start": -1, "host_queued_start": 1585626693.711192, "device_queued": -1, "device_end": -1, "host_queued_end": 1585626693.726813}, "device": "gpu", "nd_range": {"device_start": 1585626627.2434666, "device_end": 1585626627.2440672}, "cmdq": 0, "read": {"device_start": -1, "device_end": -1}}, "FFC_sans_bias73": {"write": {"device_start": 1585626627.2168539, "host_queued_start": 1585626693.679306, "device_queued": 1585626627.202922, "device_end": 1585626627.2168775, "host_queued_end": 1585626693.726813}, "device": "gpu", "nd_range": {"device_start": 1585626627.2168844, "device_end": 1585626627.217385}, "cmdq": 0, "read": {"device_start": -1, "device_end": -1}}, "FFC_sans_bias72": {"write": {"device_start": 1585626627.2161534, "host_queued_start": 1585626693.678233, "device_queued": 1585626627.202778, "device_end": 1585626627.2161772, "host_queued_end": 1585626693.726813}, "device": "gpu", "nd_range": {"device_start": 1585626627.21618, "device_end": 1585626627.2167797}, "cmdq": 0, "read": {"device_start": -1, "device_end": -1}}, "FFC_sans_bias70": {"write": {"device_start": 1585626627.252189, "host_queued_start": 1585626693.720336, "device_queued": 1585626627.2197444, "device_end": 1585626627.2522185, "host_queued_end": 1585626693.726813}, "device": "gpu", "nd_range": {"device_start": 1585626627.2522233, "device_end": 1585626627.2528205}, "cmdq": 0, "read": {"device_start": 1585626627.2528286, "device_end": 1585626627.2528508}}, "FFC_sans_bias76": {"write": {"device_start": -1, "host_queued_start": 1585626693.703293, "device_queued": -1, "device_end": -1, "host_queued_end": 1585626693.726813}, "device": "gpu", "nd_range": {"device_start": 1585626627.2329252, "device_end": 1585626627.233523}, "cmdq": 0, "read": {"device_start": -1, "device_end": -1}}, "FFC_sans_bias74": {"write": {"device_start": 1585626627.217458, "host_queued_start": 1585626693.680373, "device_queued": 1585626627.20297, "device_end": 1585626627.2174828, "host_queued_end": 1585626693.726813}, "device": "gpu", "nd_range": {"device_start": 1585626627.2174864, "device_end": 1585626627.2180865}, "cmdq": 0, "read": {"device_start": -1, "device_end": -1}}, "coalesced_transpose102": {"write": {"device_start": -1, "host_queued_start": 1585626693.699993, "device_queued": -1, "device_end": -1, "host_queued_end": 1585626693.726813}, "device": "gpu", "nd_range": {"device_start": 1585626627.2287147, "device_end": 1585626627.2287228}, "cmdq": 0, "read": {"device_start": -1, "device_end": -1}}, "coalesced_transpose3": {"write": {"device_start": -1, "host_queued_start": 1585626693.733178, "device_queued": -1, "device_end": -1, "host_queued_end": 1585626693.735417}, "device": "cpu", "nd_range": {"device_start": 2294467.9372338434, "device_end": 2294467.937418863}, "cmdq": 1, "read": {"device_start": -1, "device_end": -1}}, "empty89": {"write": {"device_start": 1585626627.2003617, "host_queued_start": 1585626693.651115, "device_queued": 1585626627.2000906, "device_end": 1585626627.2003853, "host_queued_end": 1585626693.726813}, "device": "gpu", "nd_range": {"device_start": 1585626627.200388, "device_end": 1585626627.2003915}, "cmdq": 0, "read": {"device_start": -1, "device_end": -1}}, "FFC_sans_bias123": {"write": {"device_start": -1, "host_queued_start": 1585626693.712875, "device_queued": -1, "device_end": -1, "host_queued_end": 1585626693.726813}, "device": "gpu", "nd_range": {"device_start": 1585626627.246463, "device_end": 1585626627.2470622}, "cmdq": 0, "read": {"device_start": -1, "device_end": -1}}, "empty80": {"write": {"device_start": 1585626627.2002242, "host_queued_start": 1585626693.65024, "device_queued": 1585626627.1998336, "device_end": 1585626627.2002494, "host_queued_end": 1585626693.726813}, "device": "gpu", "nd_range": {"device_start": 1585626627.2002563, "device_end": 1585626627.20026}, "cmdq": 0, "read": {"device_start": -1, "device_end": -1}}, "empty116": {"write": {"device_start": 1585626627.200767, "host_queued_start": 1585626693.653606, "device_queued": 1585626627.200216, "device_end": 1585626627.2007928, "host_queued_end": 1585626693.726813}, "device": "gpu", "nd_range": {"device_start": 1585626627.2008092, "device_end": 1585626627.200818}, "cmdq": 0, "read": {"device_start": -1, "device_end": -1}}, "softmax104": {"write": {"device_start": -1, "host_queued_start": 1585626693.707911, "device_queued": -1, "device_end": -1, "host_queued_end": 1585626693.726813}, "device": "gpu", "nd_range": {"device_start": 1585626627.2386444, "device_end": 1585626627.2388544}, "cmdq": 0, "read": {"device_start": -1, "device_end": -1}}, "coalesced_transpose21": {"write": {"device_start": -1, "host_queued_start": 1585626693.697086, "device_queued": -1, "device_end": -1, "host_queued_end": 1585626693.726813}, "device": "gpu", "nd_range": {"device_start": 1585626627.2286282, "device_end": 1585626627.2286367}, "cmdq": 0, "read": {"device_start": -1, "device_end": -1}}, "softmax14": {"write": {"device_start": -1, "host_queued_start": 1585626693.70525, "device_queued": -1, "device_end": -1, "host_queued_end": 1585626693.726813}, "device": "gpu", "nd_range": {"device_start": 1585626627.2365246, "device_end": 1585626627.2367353}, "cmdq": 0, "read": {"device_start": -1, "device_end": -1}}, "FFC_sans_bias69": {"write": {"device_start": -1, "host_queued_start": 1585626693.710862, "device_queued": -1, "device_end": -1, "host_queued_end": 1585626693.726813}, "device": "gpu", "nd_range": {"device_start": 1585626627.2428684, "device_end": 1585626627.243465}, "cmdq": 0, "read": {"device_start": -1, "device_end": -1}}, "FFC_sans_bias92": {"write": {"device_start": 1585626627.2216883, "host_queued_start": 1585626693.686736, "device_queued": 1585626627.2035146, "device_end": 1585626627.2217143, "host_queued_end": 1585626693.726813}, "device": "gpu", "nd_range": {"device_start": 1585626627.2217176, "device_end": 1585626627.2223167}, "cmdq": 0, "read": {"device_start": -1, "device_end": -1}}, "FFC_sans_bias60": {"write": {"device_start": -1, "host_queued_start": 1585626693.710524, "device_queued": -1, "device_end": -1, "host_queued_end": 1585626693.726813}, "device": "gpu", "nd_range": {"device_start": 1585626627.2422671, "device_end": 1585626627.2428663}, "cmdq": 0, "read": {"device_start": -1, "device_end": -1}}, "FFC_sans_bias61": {"write": {"device_start": 1585626627.2513518, "host_queued_start": 1585626693.71927, "device_queued": 1585626627.219687, "device_end": 1585626627.2513812, "host_queued_end": 1585626693.726813}, "device": "gpu", "nd_range": {"device_start": 1585626627.2513835, "device_end": 1585626627.2519822}, "cmdq": 0, "read": {"device_start": 1585626627.251989, "device_end": 1585626627.252011}}, "FFC_sans_bias63": {"write": {"device_start": 1585626627.2154584, "host_queued_start": 1585626693.677172, "device_queued": 1585626627.2027283, "device_end": 1585626627.2154818, "host_queued_end": 1585626693.726813}, "device": "gpu", "nd_range": {"device_start": 1585626627.2154887, "device_end": 1585626627.2160828}, "cmdq": 0, "read": {"device_start": -1, "device_end": -1}}, "FFC_sans_bias64": {"write": {"device_start": 1585626627.2140625, "host_queued_start": 1585626693.675002, "device_queued": 1585626627.2024698, "device_end": 1585626627.2140858, "host_queued_end": 1585626693.726813}, "device": "gpu", "nd_range": {"device_start": 1585626627.214093, "device_end": 1585626627.2146852}, "cmdq": 0, "read": {"device_start": -1, "device_end": -1}}, "FFC_sans_bias65": {"write": {"device_start": 1585626627.2147567, "host_queued_start": 1585626693.67608, "device_queued": 1585626627.202529, "device_end": 1585626627.2147815, "host_queued_end": 1585626693.726813}, "device": "gpu", "nd_range": {"device_start": 1585626627.214785, "device_end": 1585626627.2153862}, "cmdq": 0, "read": {"device_start": -1, "device_end": -1}}, "FFC_sans_bias67": {"write": {"device_start": -1, "host_queued_start": 1585626693.702959, "device_queued": -1, "device_end": -1, "host_queued_end": 1585626693.726813}, "device": "gpu", "nd_range": {"device_start": 1585626627.2323272, "device_end": 1585626627.2329242}, "cmdq": 0, "read": {"device_start": -1, "device_end": -1}}, "coalesced_transpose111": {"write": {"device_start": -1, "host_queued_start": 1585626693.700305, "device_queued": -1, "device_end": -1, "host_queued_end": 1585626693.726813}, "device": "gpu", "nd_range": {"device_start": 1585626627.228724, "device_end": 1585626627.2287326}, "cmdq": 0, "read": {"device_start": -1, "device_end": -1}}, "softmax68": {"write": {"device_start": -1, "host_queued_start": 1585626693.706845, "device_queued": -1, "device_end": -1, "host_queued_end": 1585626693.726813}, "device": "gpu", "nd_range": {"device_start": 1585626627.237791, "device_end": 1585626627.2380002}, "cmdq": 0, "read": {"device_start": -1, "device_end": -1}}, "empty125": {"write": {"device_start": 1585626627.2009573, "host_queued_start": 1585626693.654435, "device_queued": 1585626627.2004275, "device_end": 1585626627.2009861, "host_queued_end": 1585626693.726813}, "device": "gpu", "nd_range": {"device_start": 1585626627.2009947, "device_end": 1585626627.2009985}, "cmdq": 0, "read": {"device_start": -1, "device_end": -1}}, "empty35": {"write": {"device_start": 1585626627.1995106, "host_queued_start": 1585626693.645822, "device_queued": 1585626627.1993062, "device_end": 1585626627.1995366, "host_queued_end": 1585626693.726813}, "device": "gpu", "nd_range": {"device_start": 1585626627.1995447, "device_end": 1585626627.1995537}, "cmdq": 0, "read": {"device_start": -1, "device_end": -1}}, "softmax86": {"write": {"device_start": -1, "host_queued_start": 1585626693.707377, "device_queued": -1, "device_end": -1, "host_queued_end": 1585626693.726813}, "device": "gpu", "nd_range": {"device_start": 1585626627.2382133, "device_end": 1585626627.2384307}, "cmdq": 0, "read": {"device_start": -1, "device_end": -1}}, "FFC_sans_bias55": {"write": {"device_start": 1585626627.2133715, "host_queued_start": 1585626693.673927, "device_queued": 1585626627.2023454, "device_end": 1585626627.213396, "host_queued_end": 1585626693.726813}, "device": "gpu", "nd_range": {"device_start": 1585626627.213399, "device_end": 1585626627.2139876}, "cmdq": 0, "read": {"device_start": -1, "device_end": -1}}, "FFC_sans_bias54": {"write": {"device_start": 1585626627.212674, "host_queued_start": 1585626693.672859, "device_queued": 1585626627.2023149, "device_end": 1585626627.2126973, "host_queued_end": 1585626693.726813}, "device": "gpu", "nd_range": {"device_start": 1585626627.2127044, "device_end": 1585626627.2132995}, "cmdq": 0, "read": {"device_start": -1, "device_end": -1}}, "FFC_sans_bias56": {"write": {"device_start": 1585626627.2119715, "host_queued_start": 1585626693.671798, "device_queued": 1585626627.2021508, "device_end": 1585626627.2119963, "host_queued_end": 1585626693.726813}, "device": "gpu", "nd_range": {"device_start": 1585626627.212, "device_end": 1585626627.212599}, "cmdq": 0, "read": {"device_start": -1, "device_end": -1}}, "FFC_sans_bias51": {"write": {"device_start": -1, "host_queued_start": 1585626693.710188, "device_queued": -1, "device_end": -1, "host_queued_end": 1585626693.726813}, "device": "gpu", "nd_range": {"device_start": 1585626627.2416723, "device_end": 1585626627.2422662}, "cmdq": 0, "read": {"device_start": -1, "device_end": -1}}, "FFC_sans_bias52": {"write": {"device_start": 1585626627.250541, "host_queued_start": 1585626693.718209, "device_queued": 1585626627.2071323, "device_end": 1585626627.2505658, "host_queued_end": 1585626693.726813}, "device": "gpu", "nd_range": {"device_start": 1585626627.2505684, "device_end": 1585626627.2511673}, "cmdq": 0, "read": {"device_start": 1585626627.2511759, "device_end": 1585626627.2511983}}, "FFC_sans_bias58": {"write": {"device_start": -1, "host_queued_start": 1585626693.702623, "device_queued": -1, "device_end": -1, "host_queued_end": 1585626693.726813}, "device": "gpu", "nd_range": {"device_start": 1585626627.2317286, "device_end": 1585626627.2323263}, "cmdq": 0, "read": {"device_start": -1, "device_end": -1}}, "FFC_sans_bias108": {"write": {"device_start": 1585626627.224499, "host_queued_start": 1585626693.691109, "device_queued": 1585626627.2038333, "device_end": 1585626627.2245233, "host_queued_end": 1585626693.726813}, "device": "gpu", "nd_range": {"device_start": 1585626627.2245271, "device_end": 1585626627.225127}, "cmdq": 0, "read": {"device_start": -1, "device_end": -1}}, "FFC_sans_bias109": {"write": {"device_start": 1585626627.2252016, "host_queued_start": 1585626693.692168, "device_queued": 1585626627.204007, "device_end": 1585626627.225225, "host_queued_end": 1585626693.726813}, "device": "gpu", "nd_range": {"device_start": 1585626627.225232, "device_end": 1585626627.225823}, "cmdq": 0, "read": {"device_start": -1, "device_end": -1}}, "FFC_sans_bias103": {"write": {"device_start": -1, "host_queued_start": 1585626693.704306, "device_queued": -1, "device_end": -1, "host_queued_end": 1585626693.726813}, "device": "gpu", "nd_range": {"device_start": 1585626627.234727, "device_end": 1585626627.235325}, "cmdq": 0, "read": {"device_start": -1, "device_end": -1}}, "FFC_sans_bias100": {"write": {"device_start": 1585626627.2230952, "host_queued_start": 1585626693.688861, "device_queued": 1585626627.2036736, "device_end": 1585626627.2231202, "host_queued_end": 1585626693.726813}, "device": "gpu", "nd_range": {"device_start": 1585626627.2231236, "device_end": 1585626627.2237217}, "cmdq": 0, "read": {"device_start": -1, "device_end": -1}}, "FFC_sans_bias101": {"write": {"device_start": 1585626627.2237966, "host_queued_start": 1585626693.690025, "device_queued": 1585626627.2038004, "device_end": 1585626627.22382, "host_queued_end": 1585626693.726813}, "device": "gpu", "nd_range": {"device_start": 1585626627.2238271, "device_end": 1585626627.2244186}, "cmdq": 0, "read": {"device_start": -1, "device_end": -1}}, "FFC_sans_bias106": {"write": {"device_start": 1585626627.2555273, "host_queued_start": 1585626693.724576, "device_queued": 1585626627.220179, "device_end": 1585626627.255557, "host_queued_end": 1585626693.726813}, "device": "gpu", "nd_range": {"device_start": 1585626627.2555594, "device_end": 1585626627.2561567}, "cmdq": 0, "read": {"device_start": 1585626627.2561657, "device_end": 1585626627.256188}}, "softmax122": {"write": {"device_start": -1, "host_queued_start": 1585626693.708442, "device_queued": -1, "device_end": -1, "host_queued_end": 1585626693.726813}, "device": "gpu", "nd_range": {"device_start": 1585626627.2390664, "device_end": 1585626627.2392762}, "cmdq": 0, "read": {"device_start": -1, "device_end": -1}}, "FFC_sans_bias105": {"write": {"device_start": -1, "host_queued_start": 1585626693.712214, "device_queued": -1, "device_end": -1, "host_queued_end": 1585626693.726813}, "device": "gpu", "nd_range": {"device_start": 1585626627.2452652, "device_end": 1585626627.2458646}, "cmdq": 0, "read": {"device_start": -1, "device_end": -1}}, "softmax95": {"write": {"device_start": -1, "host_queued_start": 1585626693.70764, "device_queued": -1, "device_end": -1, "host_queued_end": 1585626693.726813}, "device": "gpu", "nd_range": {"device_start": 1585626627.2384324, "device_end": 1585626627.238643}, "cmdq": 0, "read": {"device_start": -1, "device_end": -1}}, "coalesced_transpose57": {"write": {"device_start": -1, "host_queued_start": 1585626693.69838, "device_queued": -1, "device_end": -1, "host_queued_end": 1585626693.726813}, "device": "gpu", "nd_range": {"device_start": 1585626627.2286665, "device_end": 1585626627.2286754}, "cmdq": 0, "read": {"device_start": -1, "device_end": -1}}, "empty26": {"write": {"device_start": 1585626627.1993597, "host_queued_start": 1585626693.644984, "device_queued": 1585626627.199261, "device_end": 1585626627.199386, "host_queued_end": 1585626693.726813}, "device": "gpu", "nd_range": {"device_start": 1585626627.1993954, "device_end": 1585626627.1993988}, "cmdq": 0, "read": {"device_start": -1, "device_end": -1}}, "softmax113": {"write": {"device_start": -1, "host_queued_start": 1585626693.708173, "device_queued": -1, "device_end": -1, "host_queued_end": 1585626693.726813}, "device": "gpu", "nd_range": {"device_start": 1585626627.2388556, "device_end": 1585626627.2390654}, "cmdq": 0, "read": {"device_start": -1, "device_end": -1}}, "FFC_sans_bias11": {"write": {"device_start": 1585626627.2025547, "host_queued_start": 1585626693.657605, "device_queued": 1585626627.2007074, "device_end": 1585626627.2025836, "host_queued_end": 1585626693.726813}, "device": "gpu", "nd_range": {"device_start": 1585626627.2025862, "device_end": 1585626627.203182}, "cmdq": 0, "read": {"device_start": -1, "device_end": -1}}, "FFC_sans_bias42": {"write": {"device_start": -1, "host_queued_start": 1585626693.709836, "device_queued": -1, "device_end": -1, "host_queued_end": 1585626693.726813}, "device": "gpu", "nd_range": {"device_start": 1585626627.2410738, "device_end": 1585626627.2416713}, "cmdq": 0, "read": {"device_start": -1, "device_end": -1}}, "FFC_sans_bias43": {"write": {"device_start": 1585626627.2497218, "host_queued_start": 1585626693.717154, "device_queued": 1585626627.2070842, "device_end": 1585626627.2497516, "host_queued_end": 1585626693.726813}, "device": "gpu", "nd_range": {"device_start": 1585626627.2497542, "device_end": 1585626627.2503502}, "cmdq": 0, "read": {"device_start": 1585626627.2503576, "device_end": 1585626627.2503798}}, "FFC_sans_bias40": {"write": {"device_start": -1, "host_queued_start": 1585626693.701958, "device_queued": -1, "device_end": -1, "host_queued_end": 1585626693.726813}, "device": "gpu", "nd_range": {"device_start": 1585626627.2305365, "device_end": 1585626627.2311275}, "cmdq": 0, "read": {"device_start": -1, "device_end": -1}}, "FFC_sans_bias46": {"write": {"device_start": 1585626627.2105603, "host_queued_start": 1585626693.669625, "device_queued": 1585626627.2019508, "device_end": 1585626627.2105844, "host_queued_end": 1585626693.726813}, "device": "gpu", "nd_range": {"device_start": 1585626627.2105887, "device_end": 1585626627.2111852}, "cmdq": 0, "read": {"device_start": -1, "device_end": -1}}, "FFC_sans_bias47": {"write": {"device_start": 1585626627.2112608, "host_queued_start": 1585626693.67074, "device_queued": 1585626627.2021205, "device_end": 1585626627.2112846, "host_queued_end": 1585626693.726813}, "device": "gpu", "nd_range": {"device_start": 1585626627.2112913, "device_end": 1585626627.2118921}, "cmdq": 0, "read": {"device_start": -1, "device_end": -1}}, "FFC_sans_bias45": {"write": {"device_start": 1585626627.2098567, "host_queued_start": 1585626693.668531, "device_queued": 1585626627.2019057, "device_end": 1585626627.20988, "host_queued_end": 1585626693.726813}, "device": "gpu", "nd_range": {"device_start": 1585626627.2098873, "device_end": 1585626627.2104847}, "cmdq": 0, "read": {"device_start": -1, "device_end": -1}}, "FFC_sans_bias49": {"write": {"device_start": -1, "host_queued_start": 1585626693.702284, "device_queued": -1, "device_end": -1, "host_queued_end": 1585626693.726813}, "device": "gpu", "nd_range": {"device_start": 1585626627.2311287, "device_end": 1585626627.2317271}, "cmdq": 0, "read": {"device_start": -1, "device_end": -1}}, "softmax77": {"write": {"device_start": -1, "host_queued_start": 1585626693.707107, "device_queued": -1, "device_end": -1, "host_queued_end": 1585626693.726813}, "device": "gpu", "nd_range": {"device_start": 1585626627.2380013, "device_end": 1585626627.2382116}, "cmdq": 0, "read": {"device_start": -1, "device_end": -1}}, "FFC_sans_bias119": {"write": {"device_start": 1585626627.2279909, "host_queued_start": 1585626693.696426, "device_queued": 1585626627.2043757, "device_end": 1585626627.2280145, "host_queued_end": 1585626693.726813}, "device": "gpu", "nd_range": {"device_start": 1585626627.2280214, "device_end": 1585626627.2286158}, "cmdq": 0, "read": {"device_start": -1, "device_end": -1}}, "FFC_sans_bias118": {"write": {"device_start": 1585626627.2272975, "host_queued_start": 1585626693.695361, "device_queued": 1585626627.2042449, "device_end": 1585626627.2273226, "host_queued_end": 1585626693.726813}, "device": "gpu", "nd_range": {"device_start": 1585626627.2273262, "device_end": 1585626627.2279146}, "cmdq": 0, "read": {"device_start": -1, "device_end": -1}}, "FFC_sans_bias115": {"write": {"device_start": 1585626627.256367, "host_queued_start": 1585626693.725635, "device_queued": 1585626627.22192, "device_end": 1585626627.2563963, "host_queued_end": 1585626693.726813}, "device": "gpu", "nd_range": {"device_start": 1585626627.2563992, "device_end": 1585626627.2569954}, "cmdq": 0, "read": {"device_start": 1585626627.2570033, "device_end": 1585626627.257026}}, "FFC_sans_bias114": {"write": {"device_start": -1, "host_queued_start": 1585626693.712546, "device_queued": -1, "device_end": -1, "host_queued_end": 1585626693.726813}, "device": "gpu", "nd_range": {"device_start": 1585626627.2458656, "device_end": 1585626627.246462}, "cmdq": 0, "read": {"device_start": -1, "device_end": -1}}, "FFC_sans_bias117": {"write": {"device_start": 1585626627.2265942, "host_queued_start": 1585626693.694298, "device_queued": 1585626627.2042117, "device_end": 1585626627.2266173, "host_queued_end": 1585626693.726813}, "device": "gpu", "nd_range": {"device_start": 1585626627.2266247, "device_end": 1585626627.2272232}, "cmdq": 0, "read": {"device_start": -1, "device_end": -1}}, "softmax5": {"write": {"device_start": -1, "host_queued_start": 1585626693.733829, "device_queued": -1, "device_end": -1, "host_queued_end": 1585626693.735417}, "device": "cpu", "nd_range": {"device_start": 2294467.942111126, "device_end": 2294467.9422991513}, "cmdq": 0, "read": {"device_start": -1, "device_end": -1}}, "FFC_sans_bias110": {"write": {"device_start": 1585626627.225896, "host_queued_start": 1585626693.69324, "device_queued": 1585626627.2040462, "device_end": 1585626627.225921, "host_queued_end": 1585626693.726813}, "device": "gpu", "nd_range": {"device_start": 1585626627.2259238, "device_end": 1585626627.2265232}, "cmdq": 0, "read": {"device_start": -1, "device_end": -1}}, "FFC_sans_bias112": {"write": {"device_start": -1, "host_queued_start": 1585626693.704639, "device_queued": -1, "device_end": -1, "host_queued_end": 1585626693.726813}, "device": "gpu", "nd_range": {"device_start": 1585626627.2353263, "device_end": 1585626627.2359233}, "cmdq": 0, "read": {"device_start": -1, "device_end": -1}}, "empty53": {"write": {"device_start": 1585626627.1998143, "host_queued_start": 1585626693.64771, "device_queued": 1585626627.1997128, "device_end": 1585626627.1998444, "host_queued_end": 1585626693.726813}, "device": "gpu", "nd_range": {"device_start": 1585626627.1998496, "device_end": 1585626627.19986}, "cmdq": 0, "read": {"device_start": -1, "device_end": -1}}, "coalesced_transpose48": {"write": {"device_start": -1, "host_queued_start": 1585626693.698057, "device_queued": -1, "device_end": -1, "host_queued_end": 1585626693.726813}, "device": "gpu", "nd_range": {"device_start": 1585626627.228657, "device_end": 1585626627.2286654}, "cmdq": 0, "read": {"device_start": -1, "device_end": -1}}}