{"FFC_sans_bias4": {"write": {"device_start": -1, "host_queued_start": 1585627454.239977, "device_queued": -1, "device_end": -1, "host_queued_end": 1585627454.24572}, "device": "cpu", "nd_range": {"device_start": 2295228.4700681283, "device_end": 2295228.481894054}, "cmdq": 0, "read": {"device_start": -1, "device_end": -1}}, "FFC_sans_bias7": {"write": {"device_start": -1, "host_queued_start": 1585627454.243663, "device_queued": -1, "device_end": -1, "host_queued_end": 1585627454.24572}, "device": "cpu", "nd_range": {"device_start": 2295228.5131999603, "device_end": 2295228.5227013812}, "cmdq": 4, "read": {"device_start": -1, "device_end": -1}}, "FFC_sans_bias6": {"write": {"device_start": -1, "host_queued_start": 1585627454.241886, "device_queued": -1, "device_end": -1, "host_queued_end": 1585627454.24572}, "device": "cpu", "nd_range": {"device_start": 2295228.4930968434, "device_end": 2295228.5130601423}, "cmdq": 1, "read": {"device_start": -1, "device_end": -1}}, "FFC_sans_bias1": {"write": {"device_start": -1, "host_queued_start": 1585627454.230044, "device_queued": -1, "device_end": -1, "host_queued_end": 1585627454.24572}, "device": "cpu", "nd_range": {"device_start": 2295228.451028224, "device_end": 2295228.466198476}, "cmdq": 4, "read": {"device_start": -1, "device_end": -1}}, "FFC_sans_bias0": {"write": {"device_start": -1, "host_queued_start": 1585627454.228818, "device_queued": -1, "device_end": -1, "host_queued_end": 1585627454.24572}, "device": "cpu", "nd_range": {"device_start": 2295228.435351905, "device_end": 2295228.450927325}, "cmdq": 3, "read": {"device_start": -1, "device_end": -1}}, "FFC_sans_bias2": {"write": {"device_start": -1, "host_queued_start": 1585627454.231363, "device_queued": -1, "device_end": -1, "host_queued_end": 1585627454.24572}, "device": "cpu", "nd_range": {"device_start": 2295228.4353549574, "device_end": 2295228.4540743753}, "cmdq": 0, "read": {"device_start": -1, "device_end": -1}}, "coalesced_transpose120": {"write": {"device_start": -1, "host_queued_start": 1585627454.201773, "device_queued": -1, "device_end": -1, "host_queued_end": 1585627454.223522}, "device": "gpu", "nd_range": {"device_start": 1585627387.6930397, "device_end": 1585627387.693057}, "cmdq": 2, "read": {"device_start": -1, "device_end": -1}}, "FFC_sans_bias9": {"write": {"device_start": -1, "host_queued_start": 1585627454.232572, "device_queued": -1, "device_end": -1, "host_queued_end": 1585627454.24572}, "device": "cpu", "nd_range": {"device_start": 2295228.4353777743, "device_end": 2295228.450779408}, "cmdq": 1, "read": {"device_start": -1, "device_end": -1}}, "empty71": {"write": {"device_start": 1585627387.676258, "host_queued_start": 1585627454.158312, "device_queued": 1585627387.676159, "device_end": 1585627387.6763232, "host_queued_end": 1585627454.223522}, "device": "gpu", "nd_range": {"device_start": 1585627387.6763294, "device_end": 1585627387.676343}, "cmdq": 0, "read": {"device_start": -1, "device_end": -1}}, "softmax41": {"write": {"device_start": -1, "host_queued_start": 1585627454.205813, "device_queued": -1, "device_end": -1, "host_queued_end": 1585627454.223522}, "device": "gpu", "nd_range": {"device_start": 1585627387.6985676, "device_end": 1585627387.6987782}, "cmdq": 3, "read": {"device_start": -1, "device_end": -1}}, "FFC_sans_bias37": {"write": {"device_start": 1585627387.6777527, "host_queued_start": 1585627454.168643, "device_queued": 1585627387.677181, "device_end": 1585627387.677778, "host_queued_end": 1585627454.223522}, "device": "gpu", "nd_range": {"device_start": 1585627387.6777852, "device_end": 1585627387.6795726}, "cmdq": 3, "read": {"device_start": -1, "device_end": -1}}, "FFC_sans_bias36": {"write": {"device_start": 1585627387.6772544, "host_queued_start": 1585627454.167566, "device_queued": 1585627387.677157, "device_end": 1585627387.6772833, "host_queued_end": 1585627454.223522}, "device": "gpu", "nd_range": {"device_start": 1585627387.6772869, "device_end": 1585627387.6790419}, "cmdq": 2, "read": {"device_start": -1, "device_end": -1}}, "FFC_sans_bias34": {"write": {"device_start": 1585627387.7015688, "host_queued_start": 1585627454.21265, "device_queued": 1585627387.6826773, "device_end": 1585627387.701595, "host_queued_end": 1585627454.223522}, "device": "gpu", "nd_range": {"device_start": 1585627387.7016149, "device_end": 1585627387.703355}, "cmdq": 0, "read": {"device_start": 1585627387.7033591, "device_end": 1585627387.7033846}}, "FFC_sans_bias33": {"write": {"device_start": -1, "host_queued_start": 1585627454.208377, "device_queued": -1, "device_end": -1, "host_queued_end": 1585627454.223522}, "device": "gpu", "nd_range": {"device_start": 1585627387.6988893, "device_end": 1585627387.6994967}, "cmdq": 1, "read": {"device_start": -1, "device_end": -1}}, "FFC_sans_bias31": {"write": {"device_start": -1, "host_queued_start": 1585627454.202088, "device_queued": -1, "device_end": -1, "host_queued_end": 1585627454.223522}, "device": "gpu", "nd_range": {"device_start": 1585627387.6940753, "device_end": 1585627387.6956878}, "cmdq": 3, "read": {"device_start": -1, "device_end": -1}}, "FFC_sans_bias38": {"write": {"device_start": 1585627387.6781623, "host_queued_start": 1585627454.169734, "device_queued": 1585627387.6773865, "device_end": 1585627387.6781933, "host_queued_end": 1585627454.223522}, "device": "gpu", "nd_range": {"device_start": 1585627387.678199, "device_end": 1585627387.6800323}, "cmdq": 0, "read": {"device_start": -1, "device_end": -1}}, "coalesced_transpose75": {"write": {"device_start": -1, "host_queued_start": 1585627454.200251, "device_queued": -1, "device_end": -1, "host_queued_end": 1585627454.223522}, "device": "gpu", "nd_range": {"device_start": 1585627387.6929982, "device_end": 1585627387.6930175}, "cmdq": 1, "read": {"device_start": -1, "device_end": -1}}, "empty44": {"write": {"device_start": 1585627387.6759133, "host_queued_start": 1585627454.155579, "device_queued": 1585627387.6757922, "device_end": 1585627387.675971, "host_queued_end": 1585627454.223522}, "device": "gpu", "nd_range": {"device_start": 1585627387.6759794, "device_end": 1585627387.6759913}, "cmdq": 1, "read": {"device_start": -1, "device_end": -1}}, "empty8": {"write": {"device_start": -1, "host_queued_start": 1585627454.225648, "device_queued": -1, "device_end": -1, "host_queued_end": 1585627454.24572}, "device": "cpu", "nd_range": {"device_start": 2295228.4353199643, "device_end": 2295228.4353325143}, "cmdq": 0, "read": {"device_start": -1, "device_end": -1}}, "softmax50": {"write": {"device_start": -1, "host_queued_start": 1585627454.206063, "device_queued": -1, "device_end": -1, "host_queued_end": 1585627454.223522}, "device": "gpu", "nd_range": {"device_start": 1585627387.6971495, "device_end": 1585627387.6984837}, "cmdq": 0, "read": {"device_start": -1, "device_end": -1}}, "softmax59": {"write": {"device_start": -1, "host_queued_start": 1585627454.206312, "device_queued": -1, "device_end": -1, "host_queued_end": 1585627454.223522}, "device": "gpu", "nd_range": {"device_start": 1585627387.698127, "device_end": 1585627387.6986492}, "cmdq": 1, "read": {"device_start": -1, "device_end": -1}}, "FFC_sans_bias24": {"write": {"device_start": -1, "host_queued_start": 1585627454.242616, "device_queued": -1, "device_end": -1, "host_queued_end": 1585627454.24572}, "device": "cpu", "nd_range": {"device_start": 2295228.4933480592, "device_end": 2295228.5086126854}, "cmdq": 3, "read": {"device_start": -1, "device_end": -1}}, "FFC_sans_bias25": {"write": {"device_start": -1, "host_queued_start": 1585627454.245675, "device_queued": -1, "device_end": -1, "host_queued_end": 1585627454.24572}, "device": "cpu", "nd_range": {"device_start": 2295228.513072843, "device_end": 2295228.5263718893}, "cmdq": 1, "read": {"device_start": -1, "device_end": -1}}, "FFC_sans_bias27": {"write": {"device_start": 1585627387.6769726, "host_queued_start": 1585627454.164367, "device_queued": 1585627387.6766002, "device_end": 1585627387.6770294, "host_queued_end": 1585627454.223522}, "device": "gpu", "nd_range": {"device_start": 1585627387.6770346, "device_end": 1585627387.6776412}, "cmdq": 3, "read": {"device_start": -1, "device_end": -1}}, "FFC_sans_bias20": {"write": {"device_start": -1, "host_queued_start": 1585627454.238456, "device_queued": -1, "device_end": -1, "host_queued_end": 1585627454.24572}, "device": "cpu", "nd_range": {"device_start": 2295228.45080563, "device_end": 2295228.466081202}, "cmdq": 1, "read": {"device_start": -1, "device_end": -1}}, "FFC_sans_bias22": {"write": {"device_start": -1, "host_queued_start": 1585627454.240679, "device_queued": -1, "device_end": -1, "host_queued_end": 1585627454.24572}, "device": "cpu", "nd_range": {"device_start": 2295228.480622107, "device_end": 2295228.4930774723}, "cmdq": 2, "read": {"device_start": -1, "device_end": -1}}, "FFC_sans_bias28": {"write": {"device_start": 1585627387.677078, "host_queued_start": 1585627454.165416, "device_queued": 1585627387.676902, "device_end": 1585627387.677143, "host_queued_end": 1585627454.223522}, "device": "gpu", "nd_range": {"device_start": 1585627387.6771467, "device_end": 1585627387.6780403}, "cmdq": 0, "read": {"device_start": -1, "device_end": -1}}, "FFC_sans_bias29": {"write": {"device_start": 1585627387.6771593, "host_queued_start": 1585627454.166471, "device_queued": 1585627387.6769629, "device_end": 1585627387.677217, "host_queued_end": 1585627454.223522}, "device": "gpu", "nd_range": {"device_start": 1585627387.677223, "device_end": 1585627387.6786046}, "cmdq": 1, "read": {"device_start": -1, "device_end": -1}}, "coalesced_transpose66": {"write": {"device_start": -1, "host_queued_start": 1585627454.199946, "device_queued": -1, "device_end": -1, "host_queued_end": 1585627454.223522}, "device": "gpu", "nd_range": {"device_start": 1585627387.692984, "device_end": 1585627387.69301}, "cmdq": 0, "read": {"device_start": -1, "device_end": -1}}, "coalesced_transpose93": {"write": {"device_start": -1, "host_queued_start": 1585627454.200856, "device_queued": -1, "device_end": -1, "host_queued_end": 1585627454.223522}, "device": "gpu", "nd_range": {"device_start": 1585627387.6931832, "device_end": 1585627387.6940565}, "cmdq": 3, "read": {"device_start": -1, "device_end": -1}}, "softmax23": {"write": {"device_start": -1, "host_queued_start": 1585627454.241531, "device_queued": -1, "device_end": -1, "host_queued_end": 1585627454.24572}, "device": "cpu", "nd_range": {"device_start": 2295228.493097105, "device_end": 2295228.493333497}, "cmdq": 0, "read": {"device_start": -1, "device_end": -1}}, "empty62": {"write": {"device_start": 1585627387.6761177, "host_queued_start": 1585627454.157463, "device_queued": 1585627387.6758642, "device_end": 1585627387.6761415, "host_queued_end": 1585627454.223522}, "device": "gpu", "nd_range": {"device_start": 1585627387.6761441, "device_end": 1585627387.6761537}, "cmdq": 3, "read": {"device_start": -1, "device_end": -1}}, "FFC_sans_bias10": {"write": {"device_start": -1, "host_queued_start": 1585627454.233698, "device_queued": -1, "device_end": -1, "host_queued_end": 1585627454.24572}, "device": "cpu", "nd_range": {"device_start": 2295228.435499189, "device_end": 2295228.45076081}, "cmdq": 2, "read": {"device_start": -1, "device_end": -1}}, "FFC_sans_bias13": {"write": {"device_start": -1, "host_queued_start": 1585627454.240326, "device_queued": -1, "device_end": -1, "host_queued_end": 1585627454.24572}, "device": "cpu", "nd_range": {"device_start": 2295228.475095829, "device_end": 2295228.493076755}, "cmdq": 1, "read": {"device_start": -1, "device_end": -1}}, "FFC_sans_bias15": {"write": {"device_start": -1, "host_queued_start": 1585627454.242244, "device_queued": -1, "device_end": -1, "host_queued_end": 1585627454.24572}, "device": "cpu", "nd_range": {"device_start": 2295228.49351732, "device_end": 2295228.5088173253}, "cmdq": 2, "read": {"device_start": -1, "device_end": -1}}, "FFC_sans_bias16": {"write": {"device_start": -1, "host_queued_start": 1585627454.24467, "device_queued": -1, "device_end": -1, "host_queued_end": 1585627454.24572}, "device": "cpu", "nd_range": {"device_start": 2295228.5088266362, "device_end": 2295228.5264676763}, "cmdq": 0, "read": {"device_start": -1, "device_end": -1}}, "FFC_sans_bias19": {"write": {"device_start": -1, "host_queued_start": 1585627454.237293, "device_queued": -1, "device_end": -1, "host_queued_end": 1585627454.24572}, "device": "cpu", "nd_range": {"device_start": 2295228.4542078692, "device_end": 2295228.4695884013}, "cmdq": 0, "read": {"device_start": -1, "device_end": -1}}, "FFC_sans_bias18": {"write": {"device_start": -1, "host_queued_start": 1585627454.236109, "device_queued": -1, "device_end": -1, "host_queued_end": 1585627454.24572}, "device": "cpu", "nd_range": {"device_start": 2295228.4663208784, "device_end": 2295228.477002452}, "cmdq": 4, "read": {"device_start": -1, "device_end": -1}}, "FFC_sans_bias99": {"write": {"device_start": 1585627387.6874142, "host_queued_start": 1585627454.189842, "device_queued": 1585627387.679358, "device_end": 1585627387.6874468, "host_queued_end": 1585627454.223522}, "device": "gpu", "nd_range": {"device_start": 1585627387.687454, "device_end": 1585627387.6892202}, "cmdq": 3, "read": {"device_start": -1, "device_end": -1}}, "FFC_sans_bias91": {"write": {"device_start": 1585627387.6864436, "host_queued_start": 1585627454.187744, "device_queued": 1585627387.6792138, "device_end": 1585627387.6864755, "host_queued_end": 1585627454.223522}, "device": "gpu", "nd_range": {"device_start": 1585627387.6864848, "device_end": 1585627387.68824}, "cmdq": 1, "read": {"device_start": -1, "device_end": -1}}, "FFC_sans_bias90": {"write": {"device_start": 1585627387.685943, "host_queued_start": 1585627454.186697, "device_queued": 1585627387.6791668, "device_end": 1585627387.6859684, "host_queued_end": 1585627454.223522}, "device": "gpu", "nd_range": {"device_start": 1585627387.6859765, "device_end": 1585627387.687791}, "cmdq": 0, "read": {"device_start": -1, "device_end": -1}}, "coalesced_transpose12": {"write": {"device_start": -1, "host_queued_start": 1585627454.239214, "device_queued": -1, "device_end": -1, "host_queued_end": 1585627454.24572}, "device": "cpu", "nd_range": {"device_start": 2295228.474243226, "device_end": 2295228.475087703}, "cmdq": 3, "read": {"device_start": -1, "device_end": -1}}, "FFC_sans_bias94": {"write": {"device_start": -1, "host_queued_start": 1585627454.204336, "device_queued": -1, "device_end": -1, "host_queued_end": 1585627454.223522}, "device": "gpu", "nd_range": {"device_start": 1585627387.6947558, "device_end": 1585627387.6966493}, "cmdq": 2, "read": {"device_start": -1, "device_end": -1}}, "FFC_sans_bias97": {"write": {"device_start": 1585627387.707901, "host_queued_start": 1585627454.220183, "device_queued": 1585627387.6833715, "device_end": 1585627387.7079277, "host_queued_end": 1585627454.223522}, "device": "gpu", "nd_range": {"device_start": 1585627387.7079415, "device_end": 1585627387.709145}, "cmdq": 3, "read": {"device_start": 1585627387.7091513, "device_end": 1585627387.709174}}, "FFC_sans_bias96": {"write": {"device_start": -1, "host_queued_start": 1585627454.210632, "device_queued": -1, "device_end": -1, "host_queued_end": 1585627454.223522}, "device": "gpu", "nd_range": {"device_start": 1585627387.6999228, "device_end": 1585627387.701439}, "cmdq": 0, "read": {"device_start": -1, "device_end": -1}}, "FFC_sans_bias124": {"write": {"device_start": 1585627387.707731, "host_queued_start": 1585627454.223399, "device_queued": 1585627387.683819, "device_end": 1585627387.7077668, "host_queued_end": 1585627454.223522}, "device": "gpu", "nd_range": {"device_start": 1585627387.7077801, "device_end": 1585627387.7086623}, "cmdq": 2, "read": {"device_start": 1585627387.709339, "device_end": 1585627387.7093616}}, "softmax32": {"write": {"device_start": -1, "host_queued_start": 1585627454.20555, "device_queued": -1, "device_end": -1, "host_queued_end": 1585627454.223522}, "device": "gpu", "nd_range": {"device_start": 1585627387.6966655, "device_end": 1585627387.698506}, "cmdq": 2, "read": {"device_start": -1, "device_end": -1}}, "coalesced_transpose84": {"write": {"device_start": -1, "host_queued_start": 1585627454.200553, "device_queued": -1, "device_end": -1, "host_queued_end": 1585627454.223522}, "device": "gpu", "nd_range": {"device_start": 1585627387.6930046, "device_end": 1585627387.6930387}, "cmdq": 2, "read": {"device_start": -1, "device_end": -1}}, "FFC_sans_bias121": {"write": {"device_start": -1, "host_queued_start": 1585627454.205291, "device_queued": -1, "device_end": -1, "host_queued_end": 1585627454.223522}, "device": "gpu", "nd_range": {"device_start": 1585627387.696161, "device_end": 1585627387.6981113}, "cmdq": 1, "read": {"device_start": -1, "device_end": -1}}, "empty98": {"write": {"device_start": 1585627387.6765668, "host_queued_start": 1585627454.160891, "device_queued": 1585627387.6762364, "device_end": 1585627387.6766393, "host_queued_end": 1585627454.223522}, "device": "gpu", "nd_range": {"device_start": 1585627387.6766436, "device_end": 1585627387.6766577}, "cmdq": 3, "read": {"device_start": -1, "device_end": -1}}, "empty107": {"write": {"device_start": 1585627387.6766725, "host_queued_start": 1585627454.161709, "device_queued": 1585627387.6764646, "device_end": 1585627387.6767411, "host_queued_end": 1585627454.223522}, "device": "gpu", "nd_range": {"device_start": 1585627387.676753, "device_end": 1585627387.6767654}, "cmdq": 0, "read": {"device_start": -1, "device_end": -1}}, "empty17": {"write": {"device_start": -1, "host_queued_start": 1585627454.226828, "device_queued": -1, "device_end": -1, "host_queued_end": 1585627454.24572}, "device": "cpu", "nd_range": {"device_start": 2295228.4353498043, "device_end": 2295228.435354568}, "cmdq": 1, "read": {"device_start": -1, "device_end": -1}}, "FFC_sans_bias87": {"write": {"device_start": -1, "host_queued_start": 1585627454.21031, "device_queued": -1, "device_end": -1, "host_queued_end": 1585627454.223522}, "device": "gpu", "nd_range": {"device_start": 1585627387.7024102, "device_end": 1585627387.7043073}, "cmdq": 3, "read": {"device_start": -1, "device_end": -1}}, "FFC_sans_bias85": {"write": {"device_start": -1, "host_queued_start": 1585627454.204019, "device_queued": -1, "device_end": -1, "host_queued_end": 1585627454.223522}, "device": "gpu", "nd_range": {"device_start": 1585627387.6941752, "device_end": 1585627387.6961448}, "cmdq": 1, "read": {"device_start": -1, "device_end": -1}}, "FFC_sans_bias82": {"write": {"device_start": 1585627387.6849382, "host_queued_start": 1585627454.18456, "device_queued": 1585627387.6789064, "device_end": 1585627387.6849658, "host_queued_end": 1585627454.223522}, "device": "gpu", "nd_range": {"device_start": 1585627387.684971, "device_end": 1585627387.6868002}, "cmdq": 2, "read": {"device_start": -1, "device_end": -1}}, "FFC_sans_bias83": {"write": {"device_start": 1585627387.6854913, "host_queued_start": 1585627454.18562, "device_queued": 1585627387.6789267, "device_end": 1585627387.6855235, "host_queued_end": 1585627454.223522}, "device": "gpu", "nd_range": {"device_start": 1585627387.6855295, "device_end": 1585627387.6872919}, "cmdq": 3, "read": {"device_start": -1, "device_end": -1}}, "FFC_sans_bias81": {"write": {"device_start": 1585627387.684491, "host_queued_start": 1585627454.183509, "device_queued": 1585627387.6787915, "device_end": 1585627387.6845174, "host_queued_end": 1585627454.223522}, "device": "gpu", "nd_range": {"device_start": 1585627387.6845255, "device_end": 1585627387.6863337}, "cmdq": 1, "read": {"device_start": -1, "device_end": -1}}, "FFC_sans_bias88": {"write": {"device_start": 1585627387.7054648, "host_queued_start": 1585627454.21913, "device_queued": 1585627387.6833465, "device_end": 1585627387.7054904, "host_queued_end": 1585627454.223522}, "device": "gpu", "nd_range": {"device_start": 1585627387.7055109, "device_end": 1585627387.7067351}, "cmdq": 2, "read": {"device_start": 1585627387.7067418, "device_end": 1585627387.7067652}}, "coalesced_transpose30": {"write": {"device_start": -1, "host_queued_start": 1585627454.198704, "device_queued": -1, "device_end": -1, "host_queued_end": 1585627454.223522}, "device": "gpu", "nd_range": {"device_start": 1585627387.691641, "device_end": 1585627387.692978}, "cmdq": 0, "read": {"device_start": -1, "device_end": -1}}, "coalesced_transpose39": {"write": {"device_start": -1, "host_queued_start": 1585627454.199018, "device_queued": -1, "device_end": -1, "host_queued_end": 1585627454.223522}, "device": "gpu", "nd_range": {"device_start": 1585627387.692134, "device_end": 1585627387.6929896}, "cmdq": 1, "read": {"device_start": -1, "device_end": -1}}, "FFC_sans_bias79": {"write": {"device_start": 1585627387.7064586, "host_queued_start": 1585627454.21806, "device_queued": 1585627387.6832266, "device_end": 1585627387.7064843, "host_queued_end": 1585627454.223522}, "device": "gpu", "nd_range": {"device_start": 1585627387.7065008, "device_end": 1585627387.7081907}, "cmdq": 1, "read": {"device_start": 1585627387.7081935, "device_end": 1585627387.708217}}, "FFC_sans_bias78": {"write": {"device_start": -1, "host_queued_start": 1585627454.209992, "device_queued": -1, "device_end": -1, "host_queued_end": 1585627454.223522}, "device": "gpu", "nd_range": {"device_start": 1585627387.700498, "device_end": 1585627387.7018898}, "cmdq": 2, "read": {"device_start": -1, "device_end": -1}}, "FFC_sans_bias73": {"write": {"device_start": 1585627387.683512, "host_queued_start": 1585627454.1814, "device_queued": 1585627387.6785593, "device_end": 1585627387.6835387, "host_queued_end": 1585627454.223522}, "device": "gpu", "nd_range": {"device_start": 1585627387.6835473, "device_end": 1585627387.6853774}, "cmdq": 3, "read": {"device_start": -1, "device_end": -1}}, "FFC_sans_bias72": {"write": {"device_start": 1585627387.683063, "host_queued_start": 1585627454.180351, "device_queued": 1585627387.6785407, "device_end": 1585627387.6830895, "host_queued_end": 1585627454.223522}, "device": "gpu", "nd_range": {"device_start": 1585627387.6830957, "device_end": 1585627387.6848454}, "cmdq": 2, "read": {"device_start": -1, "device_end": -1}}, "FFC_sans_bias70": {"write": {"device_start": 1585627387.7040515, "host_queued_start": 1585627454.217008, "device_queued": 1585627387.6831763, "device_end": 1585627387.704077, "host_queued_end": 1585627454.223522}, "device": "gpu", "nd_range": {"device_start": 1585627387.7040977, "device_end": 1585627387.7057972}, "cmdq": 0, "read": {"device_start": 1585627387.7058015, "device_end": 1585627387.7058265}}, "FFC_sans_bias76": {"write": {"device_start": -1, "host_queued_start": 1585627454.203698, "device_queued": -1, "device_end": -1, "host_queued_end": 1585627454.223522}, "device": "gpu", "nd_range": {"device_start": 1585627387.693761, "device_end": 1585627387.6951487}, "cmdq": 0, "read": {"device_start": -1, "device_end": -1}}, "FFC_sans_bias74": {"write": {"device_start": 1585627387.684017, "host_queued_start": 1585627454.182453, "device_queued": 1585627387.6787534, "device_end": 1585627387.684042, "host_queued_end": 1585627454.223522}, "device": "gpu", "nd_range": {"device_start": 1585627387.6840498, "device_end": 1585627387.6858304}, "cmdq": 0, "read": {"device_start": -1, "device_end": -1}}, "coalesced_transpose102": {"write": {"device_start": -1, "host_queued_start": 1585627454.201165, "device_queued": -1, "device_end": -1, "host_queued_end": 1585627454.223522}, "device": "gpu", "nd_range": {"device_start": 1585627387.693012, "device_end": 1585627387.6930466}, "cmdq": 0, "read": {"device_start": -1, "device_end": -1}}, "coalesced_transpose3": {"write": {"device_start": -1, "host_queued_start": 1585627454.238873, "device_queued": -1, "device_end": -1, "host_queued_end": 1585627454.24572}, "device": "cpu", "nd_range": {"device_start": 2295228.46971148, "device_end": 2295228.469953633}, "cmdq": 2, "read": {"device_start": -1, "device_end": -1}}, "empty89": {"write": {"device_start": 1585627387.6764622, "host_queued_start": 1585627454.160077, "device_queued": 1585627387.6762185, "device_end": 1585627387.6765246, "host_queued_end": 1585627454.223522}, "device": "gpu", "nd_range": {"device_start": 1585627387.6765316, "device_end": 1585627387.6765447}, "cmdq": 2, "read": {"device_start": -1, "device_end": -1}}, "FFC_sans_bias123": {"write": {"device_start": -1, "host_queued_start": 1585627454.211614, "device_queued": -1, "device_end": -1, "host_queued_end": 1585627454.223522}, "device": "gpu", "nd_range": {"device_start": 1585627387.7043223, "device_end": 1585627387.7062576}, "cmdq": 3, "read": {"device_start": -1, "device_end": -1}}, "empty80": {"write": {"device_start": 1585627387.6763635, "host_queued_start": 1585627454.159237, "device_queued": 1585627387.6762044, "device_end": 1585627387.6764307, "host_queued_end": 1585627454.223522}, "device": "gpu", "nd_range": {"device_start": 1585627387.6764448, "device_end": 1585627387.6764576}, "cmdq": 1, "read": {"device_start": -1, "device_end": -1}}, "empty116": {"write": {"device_start": 1585627387.676779, "host_queued_start": 1585627454.162533, "device_queued": 1585627387.6765225, "device_end": 1585627387.6768465, "host_queued_end": 1585627454.223522}, "device": "gpu", "nd_range": {"device_start": 1585627387.6768582, "device_end": 1585627387.6768625}, "cmdq": 1, "read": {"device_start": -1, "device_end": -1}}, "softmax104": {"write": {"device_start": -1, "host_queued_start": 1585627454.207569, "device_queued": -1, "device_end": -1, "host_queued_end": 1585627454.223522}, "device": "gpu", "nd_range": {"device_start": 1585627387.6987586, "device_end": 1585627387.6990275}, "cmdq": 2, "read": {"device_start": -1, "device_end": -1}}, "coalesced_transpose21": {"write": {"device_start": -1, "host_queued_start": 1585627454.23959, "device_queued": -1, "device_end": -1, "host_queued_end": 1585627454.24572}, "device": "cpu", "nd_range": {"device_start": 2295228.4771163804, "device_end": 2295228.477355866}, "cmdq": 4, "read": {"device_start": -1, "device_end": -1}}, "softmax14": {"write": {"device_start": -1, "host_queued_start": 1585627454.241248, "device_queued": -1, "device_end": -1, "host_queued_end": 1585627454.24572}, "device": "cpu", "nd_range": {"device_start": 2295228.4932724023, "device_end": 2295228.493503936}, "cmdq": 4, "read": {"device_start": -1, "device_end": -1}}, "FFC_sans_bias69": {"write": {"device_start": -1, "host_queued_start": 1585627454.209671, "device_queued": -1, "device_end": -1, "host_queued_end": 1585627454.223522}, "device": "gpu", "nd_range": {"device_start": 1585627387.699512, "device_end": 1585627387.700893}, "cmdq": 1, "read": {"device_start": -1, "device_end": -1}}, "FFC_sans_bias92": {"write": {"device_start": 1585627387.6869123, "host_queued_start": 1585627454.188797, "device_queued": 1585627387.679336, "device_end": 1585627387.686943, "host_queued_end": 1585627454.223522}, "device": "gpu", "nd_range": {"device_start": 1585627387.6869495, "device_end": 1585627387.6887803}, "cmdq": 2, "read": {"device_start": -1, "device_end": -1}}, "FFC_sans_bias60": {"write": {"device_start": -1, "host_queued_start": 1585627454.209347, "device_queued": -1, "device_end": -1, "host_queued_end": 1585627454.223522}, "device": "gpu", "nd_range": {"device_start": 1585627387.6990166, "device_end": 1585627387.699908}, "cmdq": 0, "read": {"device_start": -1, "device_end": -1}}, "FFC_sans_bias61": {"write": {"device_start": 1585627387.7063441, "host_queued_start": 1585627454.215856, "device_queued": 1585627387.6828916, "device_end": 1585627387.7063706, "host_queued_end": 1585627454.223522}, "device": "gpu", "nd_range": {"device_start": 1585627387.706386, "device_end": 1585627387.707692}, "cmdq": 3, "read": {"device_start": 1585627387.7077036, "device_end": 1585627387.707753}}, "FFC_sans_bias63": {"write": {"device_start": 1585627387.6825511, "host_queued_start": 1585627454.179307, "device_queued": 1585627387.67842, "device_end": 1585627387.682584, "host_queued_end": 1585627454.223522}, "device": "gpu", "nd_range": {"device_start": 1585627387.6825898, "device_end": 1585627387.6843956}, "cmdq": 1, "read": {"device_start": -1, "device_end": -1}}, "FFC_sans_bias64": {"write": {"device_start": 1585627387.6815858, "host_queued_start": 1585627454.177165, "device_queued": 1585627387.6780965, "device_end": 1585627387.6816182, "host_queued_end": 1585627454.223522}, "device": "gpu", "nd_range": {"device_start": 1585627387.6816237, "device_end": 1585627387.6834102}, "cmdq": 3, "read": {"device_start": -1, "device_end": -1}}, "FFC_sans_bias65": {"write": {"device_start": 1585627387.6820986, "host_queued_start": 1585627454.178225, "device_queued": 1585627387.6783786, "device_end": 1585627387.6821241, "host_queued_end": 1585627454.223522}, "device": "gpu", "nd_range": {"device_start": 1585627387.682131, "device_end": 1585627387.6839325}, "cmdq": 0, "read": {"device_start": -1, "device_end": -1}}, "FFC_sans_bias67": {"write": {"device_start": -1, "host_queued_start": 1585627454.203373, "device_queued": -1, "device_end": -1, "host_queued_end": 1585627454.223522}, "device": "gpu", "nd_range": {"device_start": 1585627387.6957054, "device_end": 1585627387.6975899}, "cmdq": 3, "read": {"device_start": -1, "device_end": -1}}, "coalesced_transpose111": {"write": {"device_start": -1, "host_queued_start": 1585627454.201468, "device_queued": -1, "device_end": -1, "host_queued_end": 1585627454.223522}, "device": "gpu", "nd_range": {"device_start": 1585627387.6930332, "device_end": 1585627387.6930532}, "cmdq": 1, "read": {"device_start": -1, "device_end": -1}}, "softmax68": {"write": {"device_start": -1, "host_queued_start": 1585627454.20656, "device_queued": -1, "device_end": -1, "host_queued_end": 1585627454.223522}, "device": "gpu", "nd_range": {"device_start": 1585627387.6985219, "device_end": 1585627387.6987417}, "cmdq": 2, "read": {"device_start": -1, "device_end": -1}}, "empty125": {"write": {"device_start": 1585627387.6768708, "host_queued_start": 1585627454.163381, "device_queued": 1585627387.6765697, "device_end": 1585627387.6769378, "host_queued_end": 1585627454.223522}, "device": "gpu", "nd_range": {"device_start": 1585627387.6769538, "device_end": 1585627387.6769598}, "cmdq": 2, "read": {"device_start": -1, "device_end": -1}}, "empty35": {"write": {"device_start": 1585627387.6757956, "host_queued_start": 1585627454.154483, "device_queued": 1585627387.6756482, "device_end": 1585627387.675841, "host_queued_end": 1585627454.223522}, "device": "gpu", "nd_range": {"device_start": 1585627387.675846, "device_end": 1585627387.6758575}, "cmdq": 0, "read": {"device_start": -1, "device_end": -1}}, "softmax86": {"write": {"device_start": -1, "host_queued_start": 1585627454.207066, "device_queued": -1, "device_end": -1, "host_queued_end": 1585627454.223522}, "device": "gpu", "nd_range": {"device_start": 1585627387.6985, "device_end": 1585627387.6987195}, "cmdq": 0, "read": {"device_start": -1, "device_end": -1}}, "FFC_sans_bias55": {"write": {"device_start": 1585627387.6811137, "host_queued_start": 1585627454.176102, "device_queued": 1585627387.6780722, "device_end": 1585627387.681141, "host_queued_end": 1585627454.223522}, "device": "gpu", "nd_range": {"device_start": 1585627387.6811476, "device_end": 1585627387.6829655}, "cmdq": 2, "read": {"device_start": -1, "device_end": -1}}, "FFC_sans_bias54": {"write": {"device_start": 1585627387.6805992, "host_queued_start": 1585627454.175047, "device_queued": 1585627387.6779525, "device_end": 1585627387.6806254, "host_queued_end": 1585627454.223522}, "device": "gpu", "nd_range": {"device_start": 1585627387.680634, "device_end": 1585627387.682437}, "cmdq": 1, "read": {"device_start": -1, "device_end": -1}}, "FFC_sans_bias56": {"write": {"device_start": 1585627387.6801164, "host_queued_start": 1585627454.173981, "device_queued": 1585627387.6778998, "device_end": 1585627387.680142, "host_queued_end": 1585627454.223522}, "device": "gpu", "nd_range": {"device_start": 1585627387.6801455, "device_end": 1585627387.6820092}, "cmdq": 0, "read": {"device_start": -1, "device_end": -1}}, "FFC_sans_bias51": {"write": {"device_start": -1, "host_queued_start": 1585627454.209026, "device_queued": -1, "device_end": -1, "host_queued_end": 1585627454.223522}, "device": "gpu", "nd_range": {"device_start": 1585627387.7006748, "device_end": 1585627387.7023954}, "cmdq": 3, "read": {"device_start": -1, "device_end": -1}}, "FFC_sans_bias52": {"write": {"device_start": 1585627387.7039328, "host_queued_start": 1585627454.214777, "device_queued": 1585627387.6828592, "device_end": 1585627387.703958, "host_queued_end": 1585627454.223522}, "device": "gpu", "nd_range": {"device_start": 1585627387.703976, "device_end": 1585627387.7052858}, "cmdq": 2, "read": {"device_start": 1585627387.7052925, "device_end": 1585627387.7053173}}, "FFC_sans_bias58": {"write": {"device_start": -1, "host_queued_start": 1585627454.203052, "device_queued": -1, "device_end": -1, "host_queued_end": 1585627454.223522}, "device": "gpu", "nd_range": {"device_start": 1585627387.6932123, "device_end": 1585627387.694738}, "cmdq": 2, "read": {"device_start": -1, "device_end": -1}}, "FFC_sans_bias108": {"write": {"device_start": 1585627387.6888716, "host_queued_start": 1585627454.193015, "device_queued": 1585627387.6797066, "device_end": 1585627387.6888967, "host_queued_end": 1585627454.223522}, "device": "gpu", "nd_range": {"device_start": 1585627387.6889038, "device_end": 1585627387.6907065}, "cmdq": 2, "read": {"device_start": -1, "device_end": -1}}, "FFC_sans_bias109": {"write": {"device_start": 1585627387.689318, "host_queued_start": 1585627454.194057, "device_queued": 1585627387.679729, "device_end": 1585627387.6893501, "host_queued_end": 1585627454.223522}, "device": "gpu", "nd_range": {"device_start": 1585627387.6893551, "device_end": 1585627387.6911767}, "cmdq": 3, "read": {"device_start": -1, "device_end": -1}}, "FFC_sans_bias103": {"write": {"device_start": -1, "host_queued_start": 1585627454.204651, "device_queued": -1, "device_end": -1, "host_queued_end": 1585627454.223522}, "device": "gpu", "nd_range": {"device_start": 1585627387.6976123, "device_end": 1585627387.6985507}, "cmdq": 3, "read": {"device_start": -1, "device_end": -1}}, "FFC_sans_bias100": {"write": {"device_start": 1585627387.6879048, "host_queued_start": 1585627454.190893, "device_queued": 1585627387.6795433, "device_end": 1585627387.6879368, "host_queued_end": 1585627454.223522}, "device": "gpu", "nd_range": {"device_start": 1585627387.6879473, "device_end": 1585627387.6897388}, "cmdq": 0, "read": {"device_start": -1, "device_end": -1}}, "FFC_sans_bias101": {"write": {"device_start": 1585627387.6883538, "host_queued_start": 1585627454.19194, "device_queued": 1585627387.6795824, "device_end": 1585627387.6883867, "host_queued_end": 1585627454.223522}, "device": "gpu", "nd_range": {"device_start": 1585627387.688398, "device_end": 1585627387.6901875}, "cmdq": 1, "read": {"device_start": -1, "device_end": -1}}, "FFC_sans_bias106": {"write": {"device_start": 1585627387.7059674, "host_queued_start": 1585627454.221235, "device_queued": 1585627387.683637, "device_end": 1585627387.7059922, "host_queued_end": 1585627454.223522}, "device": "gpu", "nd_range": {"device_start": 1585627387.7060108, "device_end": 1585627387.7072318}, "cmdq": 0, "read": {"device_start": 1585627387.7092428, "device_end": 1585627387.7092652}}, "softmax122": {"write": {"device_start": -1, "host_queued_start": 1585627454.208066, "device_queued": -1, "device_end": -1, "host_queued_end": 1585627454.223522}, "device": "gpu", "nd_range": {"device_start": 1585627387.698736, "device_end": 1585627387.699}, "cmdq": 0, "read": {"device_start": -1, "device_end": -1}}, "FFC_sans_bias105": {"write": {"device_start": -1, "host_queued_start": 1585627454.210958, "device_queued": -1, "device_end": -1, "host_queued_end": 1585627454.223522}, "device": "gpu", "nd_range": {"device_start": 1585627387.700909, "device_end": 1585627387.7028666}, "cmdq": 1, "read": {"device_start": -1, "device_end": -1}}, "softmax95": {"write": {"device_start": -1, "host_queued_start": 1585627454.207321, "device_queued": -1, "device_end": -1, "host_queued_end": 1585627454.223522}, "device": "gpu", "nd_range": {"device_start": 1585627387.6986642, "device_end": 1585627387.6988738}, "cmdq": 1, "read": {"device_start": -1, "device_end": -1}}, "coalesced_transpose57": {"write": {"device_start": -1, "host_queued_start": 1585627454.199644, "device_queued": -1, "device_end": -1, "host_queued_end": 1585627454.223522}, "device": "gpu", "nd_range": {"device_start": 1585627387.693111, "device_end": 1585627387.6931674}, "cmdq": 3, "read": {"device_start": -1, "device_end": -1}}, "empty26": {"write": {"device_start": -1, "host_queued_start": 1585627454.227744, "device_queued": -1, "device_end": -1, "host_queued_end": 1585627454.24572}, "device": "cpu", "nd_range": {"device_start": 2295228.435319891, "device_end": 2295228.435332509}, "cmdq": 2, "read": {"device_start": -1, "device_end": -1}}, "softmax113": {"write": {"device_start": -1, "host_queued_start": 1585627454.207818, "device_queued": -1, "device_end": -1, "host_queued_end": 1585627454.223522}, "device": "gpu", "nd_range": {"device_start": 1585627387.699118, "device_end": 1585627387.7006593}, "cmdq": 3, "read": {"device_start": -1, "device_end": -1}}, "FFC_sans_bias11": {"write": {"device_start": -1, "host_queued_start": 1585627454.234898, "device_queued": -1, "device_end": -1, "host_queued_end": 1585627454.24572}, "device": "cpu", "nd_range": {"device_start": 2295228.4544132873, "device_end": 2295228.4742345}, "cmdq": 3, "read": {"device_start": -1, "device_end": -1}}, "FFC_sans_bias42": {"write": {"device_start": -1, "host_queued_start": 1585627454.208695, "device_queued": -1, "device_end": -1, "host_queued_end": 1585627454.223522}, "device": "gpu", "nd_range": {"device_start": 1585627387.6990428, "device_end": 1585627387.7004843}, "cmdq": 2, "read": {"device_start": -1, "device_end": -1}}, "FFC_sans_bias43": {"write": {"device_start": 1585627387.7029543, "host_queued_start": 1585627454.213712, "device_queued": 1585627387.6827395, "device_end": 1585627387.7029815, "host_queued_end": 1585627454.223522}, "device": "gpu", "nd_range": {"device_start": 1585627387.7030015, "device_end": 1585627387.7048132}, "cmdq": 1, "read": {"device_start": 1585627387.7048163, "device_end": 1585627387.7048416}}, "FFC_sans_bias40": {"write": {"device_start": -1, "host_queued_start": 1585627454.202411, "device_queued": -1, "device_end": -1, "host_queued_end": 1585627454.223522}, "device": "gpu", "nd_range": {"device_start": 1585627387.6931329, "device_end": 1585627387.6937437}, "cmdq": 0, "read": {"device_start": -1, "device_end": -1}}, "FFC_sans_bias46": {"write": {"device_start": 1585627387.6791363, "host_queued_start": 1585627454.171879, "device_queued": 1585627387.6775744, "device_end": 1585627387.6791625, "host_queued_end": 1585627454.223522}, "device": "gpu", "nd_range": {"device_start": 1585627387.6791654, "device_end": 1585627387.6810205}, "cmdq": 2, "read": {"device_start": -1, "device_end": -1}}, "FFC_sans_bias47": {"write": {"device_start": 1585627387.6796532, "host_queued_start": 1585627454.172925, "device_queued": 1585627387.677603, "device_end": 1585627387.6796787, "host_queued_end": 1585627454.223522}, "device": "gpu", "nd_range": {"device_start": 1585627387.6796834, "device_end": 1585627387.6814656}, "cmdq": 3, "read": {"device_start": -1, "device_end": -1}}, "FFC_sans_bias45": {"write": {"device_start": 1585627387.6786811, "host_queued_start": 1585627454.170837, "device_queued": 1585627387.6774364, "device_end": 1585627387.6787071, "host_queued_end": 1585627454.223522}, "device": "gpu", "nd_range": {"device_start": 1585627387.6787117, "device_end": 1585627387.6805131}, "cmdq": 1, "read": {"device_start": -1, "device_end": -1}}, "FFC_sans_bias49": {"write": {"device_start": -1, "host_queued_start": 1585627454.202735, "device_queued": -1, "device_end": -1, "host_queued_end": 1585627454.223522}, "device": "gpu", "nd_range": {"device_start": 1585627387.6931546, "device_end": 1585627387.6941528}, "cmdq": 1, "read": {"device_start": -1, "device_end": -1}}, "softmax77": {"write": {"device_start": -1, "host_queued_start": 1585627454.206818, "device_queued": -1, "device_end": -1, "host_queued_end": 1585627454.223522}, "device": "gpu", "nd_range": {"device_start": 1585627387.698794, "device_end": 1585627387.6991024}, "cmdq": 3, "read": {"device_start": -1, "device_end": -1}}, "FFC_sans_bias119": {"write": {"device_start": 1585627387.6912975, "host_queued_start": 1585627454.198343, "device_queued": 1585627387.6801062, "device_end": 1585627387.6913238, "host_queued_end": 1585627454.223522}, "device": "gpu", "nd_range": {"device_start": 1585627387.6913338, "device_end": 1585627387.6931038}, "cmdq": 3, "read": {"device_start": -1, "device_end": -1}}, "FFC_sans_bias118": {"write": {"device_start": 1585627387.6908212, "host_queued_start": 1585627454.197212, "device_queued": 1585627387.6800616, "device_end": 1585627387.6908526, "host_queued_end": 1585627454.223522}, "device": "gpu", "nd_range": {"device_start": 1585627387.6908574, "device_end": 1585627387.692616}, "cmdq": 2, "read": {"device_start": -1, "device_end": -1}}, "FFC_sans_bias115": {"write": {"device_start": 1585627387.708346, "host_queued_start": 1585627454.222298, "device_queued": 1585627387.6836798, "device_end": 1585627387.7083707, "host_queued_end": 1585627454.223522}, "device": "gpu", "nd_range": {"device_start": 1585627387.708384, "device_end": 1585627387.7096236}, "cmdq": 1, "read": {"device_start": 1585627387.7096274, "device_end": 1585627387.70965}}, "FFC_sans_bias114": {"write": {"device_start": -1, "host_queued_start": 1585627454.211285, "device_queued": -1, "device_end": -1, "host_queued_end": 1585627454.223522}, "device": "gpu", "nd_range": {"device_start": 1585627387.701904, "device_end": 1585627387.703841}, "cmdq": 2, "read": {"device_start": -1, "device_end": -1}}, "FFC_sans_bias117": {"write": {"device_start": 1585627387.6903107, "host_queued_start": 1585627454.196177, "device_queued": 1585627387.6799405, "device_end": 1585627387.690343, "host_queued_end": 1585627454.223522}, "device": "gpu", "nd_range": {"device_start": 1585627387.690353, "device_end": 1585627387.6921318}, "cmdq": 1, "read": {"device_start": -1, "device_end": -1}}, "softmax5": {"write": {"device_start": -1, "host_queued_start": 1585627454.240966, "device_queued": -1, "device_end": -1, "host_queued_end": 1585627454.24572}, "device": "cpu", "nd_range": {"device_start": 2295228.482011346, "device_end": 2295228.482225772}, "cmdq": 3, "read": {"device_start": -1, "device_end": -1}}, "FFC_sans_bias110": {"write": {"device_start": 1585627387.6898532, "host_queued_start": 1585627454.195117, "device_queued": 1585627387.6798995, "device_end": 1585627387.6898787, "host_queued_end": 1585627454.223522}, "device": "gpu", "nd_range": {"device_start": 1585627387.6898901, "device_end": 1585627387.6916387}, "cmdq": 0, "read": {"device_start": -1, "device_end": -1}}, "FFC_sans_bias112": {"write": {"device_start": -1, "host_queued_start": 1585627454.204972, "device_queued": -1, "device_end": -1, "host_queued_end": 1585627454.223522}, "device": "gpu", "nd_range": {"device_start": 1585627387.695164, "device_end": 1585627387.6971333}, "cmdq": 0, "read": {"device_start": -1, "device_end": -1}}, "empty53": {"write": {"device_start": 1585627387.6760294, "host_queued_start": 1585627454.15645, "device_queued": 1585627387.675827, "device_end": 1585627387.6761055, "host_queued_end": 1585627454.223522}, "device": "gpu", "nd_range": {"device_start": 1585627387.6761105, "device_end": 1585627387.6761146}, "cmdq": 2, "read": {"device_start": -1, "device_end": -1}}, "coalesced_transpose48": {"write": {"device_start": -1, "host_queued_start": 1585627454.199328, "device_queued": -1, "device_end": -1, "host_queued_end": 1585627454.223522}, "device": "gpu", "nd_range": {"device_start": 1585627387.6926174, "device_end": 1585627387.6930034}, "cmdq": 2, "read": {"device_start": -1, "device_end": -1}}}