{"FFC_sans_bias4": {"write": {"device_start": -1, "host_queued_start": 1585627288.1345, "device_queued": -1, "device_end": -1, "host_queued_end": 1585627288.147977}, "device": "cpu", "nd_range": {"device_start": 2295062.4697409403, "device_end": 2295062.475720638}, "cmdq": 0, "read": {"device_start": -1, "device_end": -1}}, "FFC_sans_bias7": {"write": {"device_start": -1, "host_queued_start": 1585627288.141948, "device_queued": -1, "device_end": -1, "host_queued_end": 1585627288.147977}, "device": "cpu", "nd_range": {"device_start": 2295062.5493949354, "device_end": 2295062.555854062}, "cmdq": 0, "read": {"device_start": -1, "device_end": -1}}, "FFC_sans_bias6": {"write": {"device_start": -1, "host_queued_start": 1585627288.138842, "device_queued": -1, "device_end": -1, "host_queued_end": 1585627288.147977}, "device": "cpu", "nd_range": {"device_start": 2295062.5118402434, "device_end": 2295062.517126773}, "cmdq": 0, "read": {"device_start": -1, "device_end": -1}}, "FFC_sans_bias1": {"write": {"device_start": -1, "host_queued_start": 1585627288.110651, "device_queued": -1, "device_end": -1, "host_queued_end": 1585627288.147977}, "device": "cpu", "nd_range": {"device_start": 2295062.3543376233, "device_end": 2295062.359582772}, "cmdq": 0, "read": {"device_start": -1, "device_end": -1}}, "FFC_sans_bias0": {"write": {"device_start": -1, "host_queued_start": 1585627288.109326, "device_queued": -1, "device_end": -1, "host_queued_end": 1585627288.147977}, "device": "cpu", "nd_range": {"device_start": 2295062.3376573683, "device_end": 2295062.35431724}, "cmdq": 0, "read": {"device_start": -1, "device_end": -1}}, "FFC_sans_bias2": {"write": {"device_start": -1, "host_queued_start": 1585627288.111713, "device_queued": -1, "device_end": -1, "host_queued_end": 1585627288.147977}, "device": "cpu", "nd_range": {"device_start": 2295062.3596016993, "device_end": 2295062.3650899543}, "cmdq": 0, "read": {"device_start": -1, "device_end": -1}}, "coalesced_transpose120": {"write": {"device_start": -1, "host_queued_start": 1585627288.086599, "device_queued": -1, "device_end": -1, "host_queued_end": 1585627288.100433}, "device": "gpu", "nd_range": {"device_start": 1585627221.5680997, "device_end": 1585627221.5681157}, "cmdq": 2, "read": {"device_start": -1, "device_end": -1}}, "FFC_sans_bias9": {"write": {"device_start": -1, "host_queued_start": 1585627288.112764, "device_queued": -1, "device_end": -1, "host_queued_end": 1585627288.147977}, "device": "cpu", "nd_range": {"device_start": 2295062.365096595, "device_end": 2295062.3705910384}, "cmdq": 0, "read": {"device_start": -1, "device_end": -1}}, "empty71": {"write": {"device_start": 1585627221.5570729, "host_queued_start": 1585627288.056419, "device_queued": 1585627221.55693, "device_end": 1585627221.5571012, "host_queued_end": 1585627288.100433}, "device": "gpu", "nd_range": {"device_start": 1585627221.5571105, "device_end": 1585627221.5571156}, "cmdq": 0, "read": {"device_start": -1, "device_end": -1}}, "softmax41": {"write": {"device_start": -1, "host_queued_start": 1585627288.13795, "device_queued": -1, "device_end": -1, "host_queued_end": 1585627288.147977}, "device": "cpu", "nd_range": {"device_start": 2295062.511385776, "device_end": 2295062.511529858}, "cmdq": 0, "read": {"device_start": -1, "device_end": -1}}, "FFC_sans_bias37": {"write": {"device_start": -1, "host_queued_start": 1585627288.124254, "device_queued": -1, "device_end": -1, "host_queued_end": 1585627288.147977}, "device": "cpu", "nd_range": {"device_start": 2295062.421767183, "device_end": 2295062.427311594}, "cmdq": 0, "read": {"device_start": -1, "device_end": -1}}, "FFC_sans_bias36": {"write": {"device_start": -1, "host_queued_start": 1585627288.12319, "device_queued": -1, "device_end": -1, "host_queued_end": 1585627288.147977}, "device": "cpu", "nd_range": {"device_start": 2295062.4164251853, "device_end": 2295062.421760632}, "cmdq": 0, "read": {"device_start": -1, "device_end": -1}}, "FFC_sans_bias34": {"write": {"device_start": -1, "host_queued_start": 1585627288.144945, "device_queued": -1, "device_end": -1, "host_queued_end": 1585627288.147977}, "device": "cpu", "nd_range": {"device_start": 2295062.5666679023, "device_end": 2295062.571903704}, "cmdq": 0, "read": {"device_start": -1, "device_end": -1}}, "FFC_sans_bias33": {"write": {"device_start": -1, "host_queued_start": 1585627288.139877, "device_queued": -1, "device_end": -1, "host_queued_end": 1585627288.147977}, "device": "cpu", "nd_range": {"device_start": 2295062.52803873, "device_end": 2295062.533264726}, "cmdq": 0, "read": {"device_start": -1, "device_end": -1}}, "FFC_sans_bias31": {"write": {"device_start": -1, "host_queued_start": 1585627288.135535, "device_queued": -1, "device_end": -1, "host_queued_end": 1585627288.147977}, "device": "cpu", "nd_range": {"device_start": 2295062.488298288, "device_end": 2295062.493544444}, "cmdq": 0, "read": {"device_start": -1, "device_end": -1}}, "FFC_sans_bias38": {"write": {"device_start": -1, "host_queued_start": 1585627288.125315, "device_queued": -1, "device_end": -1, "host_queued_end": 1585627288.147977}, "device": "cpu", "nd_range": {"device_start": 2295062.427317469, "device_end": 2295062.4325702023}, "cmdq": 0, "read": {"device_start": -1, "device_end": -1}}, "coalesced_transpose75": {"write": {"device_start": -1, "host_queued_start": 1585627288.085086, "device_queued": -1, "device_end": -1, "host_queued_end": 1585627288.100433}, "device": "gpu", "nd_range": {"device_start": 1585627221.5672393, "device_end": 1585627221.5680854}, "cmdq": 1, "read": {"device_start": -1, "device_end": -1}}, "empty44": {"write": {"device_start": -1, "host_queued_start": 1585627288.1064, "device_queued": -1, "device_end": -1, "host_queued_end": 1585627288.147977}, "device": "cpu", "nd_range": {"device_start": 2295062.33764012, "device_end": 2295062.337640968}, "cmdq": 0, "read": {"device_start": -1, "device_end": -1}}, "empty8": {"write": {"device_start": -1, "host_queued_start": 1585627288.102113, "device_queued": -1, "device_end": -1, "host_queued_end": 1585627288.147977}, "device": "cpu", "nd_range": {"device_start": 2295062.337586488, "device_end": 2295062.337599709}, "cmdq": 0, "read": {"device_start": -1, "device_end": -1}}, "softmax50": {"write": {"device_start": -1, "host_queued_start": 1585627288.138222, "device_queued": -1, "device_end": -1, "host_queued_end": 1585627288.147977}, "device": "cpu", "nd_range": {"device_start": 2295062.511535134, "device_end": 2295062.5116874273}, "cmdq": 0, "read": {"device_start": -1, "device_end": -1}}, "softmax59": {"write": {"device_start": -1, "host_queued_start": 1585627288.138494, "device_queued": -1, "device_end": -1, "host_queued_end": 1585627288.147977}, "device": "cpu", "nd_range": {"device_start": 2295062.511693087, "device_end": 2295062.511834781}, "cmdq": 0, "read": {"device_start": -1, "device_end": -1}}, "FFC_sans_bias24": {"write": {"device_start": -1, "host_queued_start": 1585627288.139529, "device_queued": -1, "device_end": -1, "host_queued_end": 1585627288.147977}, "device": "cpu", "nd_range": {"device_start": 2295062.5224818, "device_end": 2295062.528033329}, "cmdq": 0, "read": {"device_start": -1, "device_end": -1}}, "FFC_sans_bias25": {"write": {"device_start": -1, "host_queued_start": 1585627288.143957, "device_queued": -1, "device_end": -1, "host_queued_end": 1585627288.147977}, "device": "cpu", "nd_range": {"device_start": 2295062.561164732, "device_end": 2295062.5666647973}, "cmdq": 0, "read": {"device_start": -1, "device_end": -1}}, "FFC_sans_bias27": {"write": {"device_start": -1, "host_queued_start": 1585627288.119336, "device_queued": -1, "device_end": -1, "host_queued_end": 1585627288.147977}, "device": "cpu", "nd_range": {"device_start": 2295062.3989716643, "device_end": 2295062.40458879}, "cmdq": 0, "read": {"device_start": -1, "device_end": -1}}, "FFC_sans_bias20": {"write": {"device_start": -1, "host_queued_start": 1585627288.11818, "device_queued": -1, "device_end": -1, "host_queued_end": 1585627288.147977}, "device": "cpu", "nd_range": {"device_start": 2295062.39369191, "device_end": 2295062.3989655823}, "cmdq": 0, "read": {"device_start": -1, "device_end": -1}}, "FFC_sans_bias22": {"write": {"device_start": -1, "host_queued_start": 1585627288.135195, "device_queued": -1, "device_end": -1, "host_queued_end": 1585627288.147977}, "device": "cpu", "nd_range": {"device_start": 2295062.482117115, "device_end": 2295062.4882793073}, "cmdq": 0, "read": {"device_start": -1, "device_end": -1}}, "FFC_sans_bias28": {"write": {"device_start": -1, "host_queued_start": 1585627288.1207, "device_queued": -1, "device_end": -1, "host_queued_end": 1585627288.147977}, "device": "cpu", "nd_range": {"device_start": 2295062.404609321, "device_end": 2295062.410878636}, "cmdq": 0, "read": {"device_start": -1, "device_end": -1}}, "FFC_sans_bias29": {"write": {"device_start": -1, "host_queued_start": 1585627288.121982, "device_queued": -1, "device_end": -1, "host_queued_end": 1585627288.147977}, "device": "cpu", "nd_range": {"device_start": 2295062.4108972154, "device_end": 2295062.4164191633}, "cmdq": 0, "read": {"device_start": -1, "device_end": -1}}, "coalesced_transpose66": {"write": {"device_start": -1, "host_queued_start": 1585627288.084775, "device_queued": -1, "device_end": -1, "host_queued_end": 1585627288.100433}, "device": "gpu", "nd_range": {"device_start": 1585627221.5667253, "device_end": 1585627221.5680707}, "cmdq": 0, "read": {"device_start": -1, "device_end": -1}}, "coalesced_transpose93": {"write": {"device_start": -1, "host_queued_start": 1585627288.085689, "device_queued": -1, "device_end": -1, "host_queued_end": 1585627288.100433}, "device": "gpu", "nd_range": {"device_start": 1585627221.5681295, "device_end": 1585627221.5681643}, "cmdq": 3, "read": {"device_start": -1, "device_end": -1}}, "softmax23": {"write": {"device_start": -1, "host_queued_start": 1585627288.1374, "device_queued": -1, "device_end": -1, "host_queued_end": 1585627288.147977}, "device": "cpu", "nd_range": {"device_start": 2295062.510949092, "device_end": 2295062.511193951}, "cmdq": 0, "read": {"device_start": -1, "device_end": -1}}, "empty62": {"write": {"device_start": -1, "host_queued_start": 1585627288.108228, "device_queued": -1, "device_end": -1, "host_queued_end": 1585627288.147977}, "device": "cpu", "nd_range": {"device_start": 2295062.3376505873, "device_end": 2295062.3376512923}, "cmdq": 0, "read": {"device_start": -1, "device_end": -1}}, "FFC_sans_bias10": {"write": {"device_start": -1, "host_queued_start": 1585627288.113823, "device_queued": -1, "device_end": -1, "host_queued_end": 1585627288.147977}, "device": "cpu", "nd_range": {"device_start": 2295062.370597323, "device_end": 2295062.375870293}, "cmdq": 0, "read": {"device_start": -1, "device_end": -1}}, "FFC_sans_bias13": {"write": {"device_start": -1, "host_queued_start": 1585627288.134851, "device_queued": -1, "device_end": -1, "host_queued_end": 1585627288.147977}, "device": "cpu", "nd_range": {"device_start": 2295062.475731024, "device_end": 2295062.482110822}, "cmdq": 0, "read": {"device_start": -1, "device_end": -1}}, "FFC_sans_bias15": {"write": {"device_start": -1, "host_queued_start": 1585627288.139184, "device_queued": -1, "device_end": -1, "host_queued_end": 1585627288.147977}, "device": "cpu", "nd_range": {"device_start": 2295062.517132754, "device_end": 2295062.522476254}, "cmdq": 0, "read": {"device_start": -1, "device_end": -1}}, "FFC_sans_bias16": {"write": {"device_start": -1, "host_queued_start": 1585627288.14295, "device_queued": -1, "device_end": -1, "host_queued_end": 1585627288.147977}, "device": "cpu", "nd_range": {"device_start": 2295062.555861623, "device_end": 2295062.561161096}, "cmdq": 0, "read": {"device_start": -1, "device_end": -1}}, "FFC_sans_bias19": {"write": {"device_start": -1, "host_queued_start": 1585627288.11701, "device_queued": -1, "device_end": -1, "host_queued_end": 1585627288.147977}, "device": "cpu", "nd_range": {"device_start": 2295062.3879596083, "device_end": 2295062.393685955}, "cmdq": 0, "read": {"device_start": -1, "device_end": -1}}, "FFC_sans_bias18": {"write": {"device_start": -1, "host_queued_start": 1585627288.115963, "device_queued": -1, "device_end": -1, "host_queued_end": 1585627288.147977}, "device": "cpu", "nd_range": {"device_start": 2295062.38224974, "device_end": 2295062.3879531943}, "cmdq": 0, "read": {"device_start": -1, "device_end": -1}}, "FFC_sans_bias99": {"write": {"device_start": 1585627221.5624812, "host_queued_start": 1585627288.07601, "device_queued": 1585627221.5591378, "device_end": 1585627221.5625067, "host_queued_end": 1585627288.100433}, "device": "gpu", "nd_range": {"device_start": 1585627221.562511, "device_end": 1585627221.5643222}, "cmdq": 3, "read": {"device_start": -1, "device_end": -1}}, "FFC_sans_bias91": {"write": {"device_start": 1585627221.561568, "host_queued_start": 1585627288.073858, "device_queued": 1585627221.5589654, "device_end": 1585627221.5616007, "host_queued_end": 1585627288.100433}, "device": "gpu", "nd_range": {"device_start": 1585627221.5616162, "device_end": 1585627221.5633404}, "cmdq": 1, "read": {"device_start": -1, "device_end": -1}}, "FFC_sans_bias90": {"write": {"device_start": 1585627221.56108, "host_queued_start": 1585627288.072781, "device_queued": 1585627221.5589197, "device_end": 1585627221.5611136, "host_queued_end": 1585627288.100433}, "device": "gpu", "nd_range": {"device_start": 1585627221.5611193, "device_end": 1585627221.5628874}, "cmdq": 0, "read": {"device_start": -1, "device_end": -1}}, "coalesced_transpose12": {"write": {"device_start": -1, "host_queued_start": 1585627288.132406, "device_queued": -1, "device_end": -1, "host_queued_end": 1585627288.147977}, "device": "cpu", "nd_range": {"device_start": 2295062.4672144162, "device_end": 2295062.467529409}, "cmdq": 0, "read": {"device_start": -1, "device_end": -1}}, "FFC_sans_bias94": {"write": {"device_start": -1, "host_queued_start": 1585627288.08785, "device_queued": -1, "device_end": -1, "host_queued_end": 1585627288.100433}, "device": "gpu", "nd_range": {"device_start": 1585627221.5681953, "device_end": 1585627221.5701568}, "cmdq": 2, "read": {"device_start": -1, "device_end": -1}}, "FFC_sans_bias97": {"write": {"device_start": 1585627221.5754604, "host_queued_start": 1585627288.097162, "device_queued": 1585627221.5620348, "device_end": 1585627221.5754914, "host_queued_end": 1585627288.100433}, "device": "gpu", "nd_range": {"device_start": 1585627221.575512, "device_end": 1585627221.5770855}, "cmdq": 3, "read": {"device_start": 1585627221.5770962, "device_end": 1585627221.57712}}, "FFC_sans_bias96": {"write": {"device_start": -1, "host_queued_start": 1585627288.091931, "device_queued": -1, "device_end": -1, "host_queued_end": 1585627288.100433}, "device": "gpu", "nd_range": {"device_start": 1585627221.5724654, "device_end": 1585627221.573697}, "cmdq": 0, "read": {"device_start": -1, "device_end": -1}}, "FFC_sans_bias124": {"write": {"device_start": 1585627221.5777936, "host_queued_start": 1585627288.100329, "device_queued": 1585627221.5625472, "device_end": 1585627221.5778236, "host_queued_end": 1585627288.100433}, "device": "gpu", "nd_range": {"device_start": 1585627221.5778317, "device_end": 1585627221.578939}, "cmdq": 2, "read": {"device_start": 1585627221.5789425, "device_end": 1585627221.5789666}}, "softmax32": {"write": {"device_start": -1, "host_queued_start": 1585627288.137676, "device_queued": -1, "device_end": -1, "host_queued_end": 1585627288.147977}, "device": "cpu", "nd_range": {"device_start": 2295062.5112079293, "device_end": 2295062.5113795632}, "cmdq": 0, "read": {"device_start": -1, "device_end": -1}}, "coalesced_transpose84": {"write": {"device_start": -1, "host_queued_start": 1585627288.085385, "device_queued": -1, "device_end": -1, "host_queued_end": 1585627288.100433}, "device": "gpu", "nd_range": {"device_start": 1585627221.5676973, "device_end": 1585627221.5680985}, "cmdq": 2, "read": {"device_start": -1, "device_end": -1}}, "FFC_sans_bias121": {"write": {"device_start": -1, "host_queued_start": 1585627288.088803, "device_queued": -1, "device_end": -1, "host_queued_end": 1585627288.100433}, "device": "gpu", "nd_range": {"device_start": 1585627221.569169, "device_end": 1585627221.571147}, "cmdq": 1, "read": {"device_start": -1, "device_end": -1}}, "empty98": {"write": {"device_start": 1585627221.557385, "host_queued_start": 1585627288.059357, "device_queued": 1585627221.5571284, "device_end": 1585627221.557409, "host_queued_end": 1585627288.100433}, "device": "gpu", "nd_range": {"device_start": 1585627221.5574176, "device_end": 1585627221.557421}, "cmdq": 3, "read": {"device_start": -1, "device_end": -1}}, "empty107": {"write": {"device_start": 1585627221.5575686, "host_queued_start": 1585627288.060414, "device_queued": 1585627221.557473, "device_end": 1585627221.5576243, "host_queued_end": 1585627288.100433}, "device": "gpu", "nd_range": {"device_start": 1585627221.5576277, "device_end": 1585627221.5576332}, "cmdq": 0, "read": {"device_start": -1, "device_end": -1}}, "empty17": {"write": {"device_start": -1, "host_queued_start": 1585627288.10332, "device_queued": -1, "device_end": -1, "host_queued_end": 1585627288.147977}, "device": "cpu", "nd_range": {"device_start": 2295062.337622852, "device_end": 2295062.3376245503}, "cmdq": 0, "read": {"device_start": -1, "device_end": -1}}, "FFC_sans_bias87": {"write": {"device_start": -1, "host_queued_start": 1585627288.091609, "device_queued": -1, "device_end": -1, "host_queued_end": 1585627288.100433}, "device": "gpu", "nd_range": {"device_start": 1585627221.5721238, "device_end": 1585627221.5727336}, "cmdq": 3, "read": {"device_start": -1, "device_end": -1}}, "FFC_sans_bias85": {"write": {"device_start": -1, "host_queued_start": 1585627288.087538, "device_queued": -1, "device_end": -1, "host_queued_end": 1585627288.100433}, "device": "gpu", "nd_range": {"device_start": 1585627221.5681593, "device_end": 1585627221.5691588}, "cmdq": 1, "read": {"device_start": -1, "device_end": -1}}, "FFC_sans_bias82": {"write": {"device_start": 1585627221.560073, "host_queued_start": 1585627288.070649, "device_queued": 1585627221.5587163, "device_end": 1585627221.560103, "host_queued_end": 1585627288.100433}, "device": "gpu", "nd_range": {"device_start": 1585627221.5601077, "device_end": 1585627221.5619082}, "cmdq": 2, "read": {"device_start": -1, "device_end": -1}}, "FFC_sans_bias83": {"write": {"device_start": 1585627221.5606046, "host_queued_start": 1585627288.071702, "device_queued": 1585627221.5587447, "device_end": 1585627221.5606365, "host_queued_end": 1585627288.100433}, "device": "gpu", "nd_range": {"device_start": 1585627221.560642, "device_end": 1585627221.5623763}, "cmdq": 3, "read": {"device_start": -1, "device_end": -1}}, "FFC_sans_bias81": {"write": {"device_start": 1585627221.5596156, "host_queued_start": 1585627288.069564, "device_queued": 1585627221.5584874, "device_end": 1585627221.5596411, "host_queued_end": 1585627288.100433}, "device": "gpu", "nd_range": {"device_start": 1585627221.559647, "device_end": 1585627221.561423}, "cmdq": 1, "read": {"device_start": -1, "device_end": -1}}, "FFC_sans_bias88": {"write": {"device_start": 1585627221.576267, "host_queued_start": 1585627288.096075, "device_queued": 1585627221.5619953, "device_end": 1585627221.5763001, "host_queued_end": 1585627288.100433}, "device": "gpu", "nd_range": {"device_start": 1585627221.5763211, "device_end": 1585627221.5775378}, "cmdq": 2, "read": {"device_start": 1585627221.5775406, "device_end": 1585627221.57757}}, "coalesced_transpose30": {"write": {"device_start": -1, "host_queued_start": 1585627288.133155, "device_queued": -1, "device_end": -1, "host_queued_end": 1585627288.147977}, "device": "cpu", "nd_range": {"device_start": 2295062.4677856113, "device_end": 2295062.468296206}, "cmdq": 0, "read": {"device_start": -1, "device_end": -1}}, "coalesced_transpose39": {"write": {"device_start": -1, "host_queued_start": 1585627288.133488, "device_queued": -1, "device_end": -1, "host_queued_end": 1585627288.147977}, "device": "cpu", "nd_range": {"device_start": 2295062.468302003, "device_end": 2295062.4689121833}, "cmdq": 0, "read": {"device_start": -1, "device_end": -1}}, "FFC_sans_bias79": {"write": {"device_start": 1585627221.5752838, "host_queued_start": 1585627288.095019, "device_queued": 1585627221.561835, "device_end": 1585627221.5753152, "host_queued_end": 1585627288.100433}, "device": "gpu", "nd_range": {"device_start": 1585627221.5753324, "device_end": 1585627221.5765812}, "cmdq": 1, "read": {"device_start": 1585627221.576588, "device_end": 1585627221.576612}}, "FFC_sans_bias78": {"write": {"device_start": -1, "host_queued_start": 1585627288.091288, "device_queued": -1, "device_end": -1, "host_queued_end": 1585627288.100433}, "device": "gpu", "nd_range": {"device_start": 1585627221.5725, "device_end": 1585627221.5741308}, "cmdq": 2, "read": {"device_start": -1, "device_end": -1}}, "FFC_sans_bias73": {"write": {"device_start": 1585627221.5586648, "host_queued_start": 1585627288.067461, "device_queued": 1585627221.5582018, "device_end": 1585627221.558695, "host_queued_end": 1585627288.100433}, "device": "gpu", "nd_range": {"device_start": 1585627221.5587008, "device_end": 1585627221.560463}, "cmdq": 3, "read": {"device_start": -1, "device_end": -1}}, "FFC_sans_bias72": {"write": {"device_start": 1585627221.558264, "host_queued_start": 1585627288.066377, "device_queued": 1585627221.558167, "device_end": 1585627221.5582952, "host_queued_end": 1585627288.100433}, "device": "gpu", "nd_range": {"device_start": 1585627221.5582995, "device_end": 1585627221.5599272}, "cmdq": 2, "read": {"device_start": -1, "device_end": -1}}, "FFC_sans_bias70": {"write": {"device_start": 1585627221.5738895, "host_queued_start": 1585627288.093935, "device_queued": 1585627221.5617785, "device_end": 1585627221.5739207, "host_queued_end": 1585627288.100433}, "device": "gpu", "nd_range": {"device_start": 1585627221.57393, "device_end": 1585627221.5756164}, "cmdq": 0, "read": {"device_start": 1585627221.5756223, "device_end": 1585627221.5756474}}, "FFC_sans_bias76": {"write": {"device_start": -1, "host_queued_start": 1585627288.087227, "device_queued": -1, "device_end": -1, "host_queued_end": 1585627288.100433}, "device": "gpu", "nd_range": {"device_start": 1585627221.568145, "device_end": 1585627221.5687523}, "cmdq": 0, "read": {"device_start": -1, "device_end": -1}}, "FFC_sans_bias74": {"write": {"device_start": 1585627221.5590425, "host_queued_start": 1585627288.068521, "device_queued": 1585627221.558432, "device_end": 1585627221.5590672, "host_queued_end": 1585627288.100433}, "device": "gpu", "nd_range": {"device_start": 1585627221.5590713, "device_end": 1585627221.5609262}, "cmdq": 0, "read": {"device_start": -1, "device_end": -1}}, "coalesced_transpose102": {"write": {"device_start": -1, "host_queued_start": 1585627288.085992, "device_queued": -1, "device_end": -1, "host_queued_end": 1585627288.100433}, "device": "gpu", "nd_range": {"device_start": 1585627221.5680718, "device_end": 1585627221.5681074}, "cmdq": 0, "read": {"device_start": -1, "device_end": -1}}, "coalesced_transpose3": {"write": {"device_start": -1, "host_queued_start": 1585627288.13207, "device_queued": -1, "device_end": -1, "host_queued_end": 1585627288.147977}, "device": "cpu", "nd_range": {"device_start": 2295062.466826906, "device_end": 2295062.467198282}, "cmdq": 0, "read": {"device_start": -1, "device_end": -1}}, "empty89": {"write": {"device_start": 1585627221.557281, "host_queued_start": 1585627288.058361, "device_queued": 1585627221.5571053, "device_end": 1585627221.5573385, "host_queued_end": 1585627288.100433}, "device": "gpu", "nd_range": {"device_start": 1585627221.5573428, "device_end": 1585627221.5573475}, "cmdq": 2, "read": {"device_start": -1, "device_end": -1}}, "FFC_sans_bias123": {"write": {"device_start": -1, "host_queued_start": 1585627288.092878, "device_queued": -1, "device_end": -1, "host_queued_end": 1585627288.100433}, "device": "gpu", "nd_range": {"device_start": 1585627221.572743, "device_end": 1585627221.5746598}, "cmdq": 3, "read": {"device_start": -1, "device_end": -1}}, "empty80": {"write": {"device_start": 1585627221.5571797, "host_queued_start": 1585627288.057493, "device_queued": 1585627221.5570664, "device_end": 1585627221.5572512, "host_queued_end": 1585627288.100433}, "device": "gpu", "nd_range": {"device_start": 1585627221.5572562, "device_end": 1585627221.5572689}, "cmdq": 1, "read": {"device_start": -1, "device_end": -1}}, "empty116": {"write": {"device_start": 1585627221.5576692, "host_queued_start": 1585627288.061242, "device_queued": 1585627221.5575233, "device_end": 1585627221.557738, "host_queued_end": 1585627288.100433}, "device": "gpu", "nd_range": {"device_start": 1585627221.557742, "device_end": 1585627221.557747}, "cmdq": 1, "read": {"device_start": -1, "device_end": -1}}, "softmax104": {"write": {"device_start": -1, "host_queued_start": 1585627288.090136, "device_queued": -1, "device_end": -1, "host_queued_end": 1585627288.100433}, "device": "gpu", "nd_range": {"device_start": 1585627221.572112, "device_end": 1585627221.57249}, "cmdq": 2, "read": {"device_start": -1, "device_end": -1}}, "coalesced_transpose21": {"write": {"device_start": -1, "host_queued_start": 1585627288.132819, "device_queued": -1, "device_end": -1, "host_queued_end": 1585627288.147977}, "device": "cpu", "nd_range": {"device_start": 2295062.4675344843, "device_end": 2295062.467780062}, "cmdq": 0, "read": {"device_start": -1, "device_end": -1}}, "softmax14": {"write": {"device_start": -1, "host_queued_start": 1585627288.137127, "device_queued": -1, "device_end": -1, "host_queued_end": 1585627288.147977}, "device": "cpu", "nd_range": {"device_start": 2295062.510712827, "device_end": 2295062.510943186}, "cmdq": 0, "read": {"device_start": -1, "device_end": -1}}, "FFC_sans_bias69": {"write": {"device_start": -1, "host_queued_start": 1585627288.090973, "device_queued": -1, "device_end": -1, "host_queued_end": 1585627288.100433}, "device": "gpu", "nd_range": {"device_start": 1585627221.5721374, "device_end": 1585627221.5731432}, "cmdq": 1, "read": {"device_start": -1, "device_end": -1}}, "FFC_sans_bias92": {"write": {"device_start": 1585627221.5620878, "host_queued_start": 1585627288.07497, "device_queued": 1585627221.559111, "device_end": 1585627221.5621204, "host_queued_end": 1585627288.100433}, "device": "gpu", "nd_range": {"device_start": 1585627221.562128, "device_end": 1585627221.5638015}, "cmdq": 2, "read": {"device_start": -1, "device_end": -1}}, "FFC_sans_bias60": {"write": {"device_start": -1, "host_queued_start": 1585627288.140907, "device_queued": -1, "device_end": -1, "host_queued_end": 1585627288.147977}, "device": "cpu", "nd_range": {"device_start": 2295062.544042414, "device_end": 2295062.5493895393}, "cmdq": 0, "read": {"device_start": -1, "device_end": -1}}, "FFC_sans_bias61": {"write": {"device_start": -1, "host_queued_start": 1585627288.147933, "device_queued": -1, "device_end": -1, "host_queued_end": 1585627288.147977}, "device": "cpu", "nd_range": {"device_start": 2295062.583705938, "device_end": 2295062.589271446}, "cmdq": 0, "read": {"device_start": -1, "device_end": -1}}, "FFC_sans_bias63": {"write": {"device_start": 1585627221.5581234, "host_queued_start": 1585627288.065299, "device_queued": 1585627221.5579817, "device_end": 1585627221.5581543, "host_queued_end": 1585627288.100433}, "device": "gpu", "nd_range": {"device_start": 1585627221.5582454, "device_end": 1585627221.5594978}, "cmdq": 1, "read": {"device_start": -1, "device_end": -1}}, "FFC_sans_bias64": {"write": {"device_start": 1585627221.5578756, "host_queued_start": 1585627288.063123, "device_queued": 1585627221.5575671, "device_end": 1585627221.5579042, "host_queued_end": 1585627288.100433}, "device": "gpu", "nd_range": {"device_start": 1585627221.5579238, "device_end": 1585627221.5585334}, "cmdq": 3, "read": {"device_start": -1, "device_end": -1}}, "FFC_sans_bias65": {"write": {"device_start": 1585627221.5580368, "host_queued_start": 1585627288.064217, "device_queued": 1585627221.5579348, "device_end": 1585627221.5580974, "host_queued_end": 1585627288.100433}, "device": "gpu", "nd_range": {"device_start": 1585627221.5581012, "device_end": 1585627221.558938}, "cmdq": 0, "read": {"device_start": -1, "device_end": -1}}, "FFC_sans_bias67": {"write": {"device_start": -1, "host_queued_start": 1585627288.086916, "device_queued": -1, "device_end": -1, "host_queued_end": 1585627288.100433}, "device": "gpu", "nd_range": {"device_start": 1585627221.568178, "device_end": 1585627221.5697403}, "cmdq": 3, "read": {"device_start": -1, "device_end": -1}}, "coalesced_transpose111": {"write": {"device_start": -1, "host_queued_start": 1585627288.086292, "device_queued": -1, "device_end": -1, "host_queued_end": 1585627288.100433}, "device": "gpu", "nd_range": {"device_start": 1585627221.5680947, "device_end": 1585627221.5681121}, "cmdq": 1, "read": {"device_start": -1, "device_end": -1}}, "softmax68": {"write": {"device_start": -1, "host_queued_start": 1585627288.089061, "device_queued": -1, "device_end": -1, "host_queued_end": 1585627288.100433}, "device": "gpu", "nd_range": {"device_start": 1585627221.5701685, "device_end": 1585627221.5721009}, "cmdq": 2, "read": {"device_start": -1, "device_end": -1}}, "empty125": {"write": {"device_start": 1585627221.5577781, "host_queued_start": 1585627288.062065, "device_queued": 1585627221.5575466, "device_end": 1585627221.5578425, "host_queued_end": 1585627288.100433}, "device": "gpu", "nd_range": {"device_start": 1585627221.5578518, "device_end": 1585627221.5578554}, "cmdq": 2, "read": {"device_start": -1, "device_end": -1}}, "empty35": {"write": {"device_start": -1, "host_queued_start": 1585627288.105338, "device_queued": -1, "device_end": -1, "host_queued_end": 1585627288.147977}, "device": "cpu", "nd_range": {"device_start": 2295062.337635106, "device_end": 2295062.337635967}, "cmdq": 0, "read": {"device_start": -1, "device_end": -1}}, "softmax86": {"write": {"device_start": -1, "host_queued_start": 1585627288.08956, "device_queued": -1, "device_end": -1, "host_queued_end": 1585627288.100433}, "device": "gpu", "nd_range": {"device_start": 1585627221.570713, "device_end": 1585627221.5720847}, "cmdq": 0, "read": {"device_start": -1, "device_end": -1}}, "FFC_sans_bias55": {"write": {"device_start": -1, "host_queued_start": 1585627288.131729, "device_queued": -1, "device_end": -1, "host_queued_end": 1585627288.147977}, "device": "cpu", "nd_range": {"device_start": 2295062.461508262, "device_end": 2295062.46681262}, "cmdq": 0, "read": {"device_start": -1, "device_end": -1}}, "FFC_sans_bias54": {"write": {"device_start": -1, "host_queued_start": 1585627288.130664, "device_queued": -1, "device_end": -1, "host_queued_end": 1585627288.147977}, "device": "cpu", "nd_range": {"device_start": 2295062.4561981442, "device_end": 2295062.461502716}, "cmdq": 0, "read": {"device_start": -1, "device_end": -1}}, "FFC_sans_bias56": {"write": {"device_start": -1, "host_queued_start": 1585627288.129581, "device_queued": -1, "device_end": -1, "host_queued_end": 1585627288.147977}, "device": "cpu", "nd_range": {"device_start": 2295062.4506547214, "device_end": 2295062.4561919332}, "cmdq": 0, "read": {"device_start": -1, "device_end": -1}}, "FFC_sans_bias51": {"write": {"device_start": -1, "host_queued_start": 1585627288.14056, "device_queued": -1, "device_end": -1, "host_queued_end": 1585627288.147977}, "device": "cpu", "nd_range": {"device_start": 2295062.5384788113, "device_end": 2295062.5440281783}, "cmdq": 0, "read": {"device_start": -1, "device_end": -1}}, "FFC_sans_bias52": {"write": {"device_start": -1, "host_queued_start": 1585627288.14694, "device_queued": -1, "device_end": -1, "host_queued_end": 1585627288.147977}, "device": "cpu", "nd_range": {"device_start": 2295062.577483953, "device_end": 2295062.583698477}, "cmdq": 0, "read": {"device_start": -1, "device_end": -1}}, "FFC_sans_bias58": {"write": {"device_start": -1, "host_queued_start": 1585627288.136571, "device_queued": -1, "device_end": -1, "host_queued_end": 1585627288.147977}, "device": "cpu", "nd_range": {"device_start": 2295062.5046088044, "device_end": 2295062.510477032}, "cmdq": 0, "read": {"device_start": -1, "device_end": -1}}, "FFC_sans_bias108": {"write": {"device_start": 1585627221.5639048, "host_queued_start": 1585627288.079208, "device_queued": 1585627221.5594485, "device_end": 1585627221.5639365, "host_queued_end": 1585627288.100433}, "device": "gpu", "nd_range": {"device_start": 1585627221.5639439, "device_end": 1585627221.5657268}, "cmdq": 2, "read": {"device_start": -1, "device_end": -1}}, "FFC_sans_bias109": {"write": {"device_start": 1585627221.564451, "host_queued_start": 1585627288.080245, "device_queued": 1585627221.559468, "device_end": 1585627221.5644836, "host_queued_end": 1585627288.100433}, "device": "gpu", "nd_range": {"device_start": 1585627221.5644877, "device_end": 1585627221.566279}, "cmdq": 3, "read": {"device_start": -1, "device_end": -1}}, "FFC_sans_bias103": {"write": {"device_start": -1, "host_queued_start": 1585627288.088169, "device_queued": -1, "device_end": -1, "host_queued_end": 1585627288.100433}, "device": "gpu", "nd_range": {"device_start": 1585627221.5697515, "device_end": 1585627221.571608}, "cmdq": 3, "read": {"device_start": -1, "device_end": -1}}, "FFC_sans_bias100": {"write": {"device_start": 1585627221.5629995, "host_queued_start": 1585627288.077066, "device_queued": 1585627221.5593016, "device_end": 1585627221.5630257, "host_queued_end": 1585627288.100433}, "device": "gpu", "nd_range": {"device_start": 1585627221.5630405, "device_end": 1585627221.564757}, "cmdq": 0, "read": {"device_start": -1, "device_end": -1}}, "FFC_sans_bias101": {"write": {"device_start": 1585627221.5634484, "host_queued_start": 1585627288.078121, "device_queued": 1585627221.5593383, "device_end": 1585627221.563475, "host_queued_end": 1585627288.100433}, "device": "gpu", "nd_range": {"device_start": 1585627221.5634837, "device_end": 1585627221.5652864}, "cmdq": 1, "read": {"device_start": -1, "device_end": -1}}, "FFC_sans_bias106": {"write": {"device_start": 1585627221.576438, "host_queued_start": 1585627288.098213, "device_queued": 1585627221.5623577, "device_end": 1585627221.5764685, "host_queued_end": 1585627288.100433}, "device": "gpu", "nd_range": {"device_start": 1585627221.576484, "device_end": 1585627221.5780232}, "cmdq": 0, "read": {"device_start": 1585627221.5780363, "device_end": 1585627221.57806}}, "softmax122": {"write": {"device_start": -1, "host_queued_start": 1585627288.090656, "device_queued": -1, "device_end": -1, "host_queued_end": 1585627288.100433}, "device": "gpu", "nd_range": {"device_start": 1585627221.5720956, "device_end": 1585627221.572456}, "cmdq": 0, "read": {"device_start": -1, "device_end": -1}}, "FFC_sans_bias105": {"write": {"device_start": -1, "host_queued_start": 1585627288.092251, "device_queued": -1, "device_end": -1, "host_queued_end": 1585627288.100433}, "device": "gpu", "nd_range": {"device_start": 1585627221.5731523, "device_end": 1585627221.5751312}, "cmdq": 1, "read": {"device_start": -1, "device_end": -1}}, "softmax95": {"write": {"device_start": -1, "host_queued_start": 1585627288.089808, "device_queued": -1, "device_end": -1, "host_queued_end": 1585627288.100433}, "device": "gpu", "nd_range": {"device_start": 1585627221.5711563, "device_end": 1585627221.5720983}, "cmdq": 1, "read": {"device_start": -1, "device_end": -1}}, "coalesced_transpose57": {"write": {"device_start": -1, "host_queued_start": 1585627288.134155, "device_queued": -1, "device_end": -1, "host_queued_end": 1585627288.147977}, "device": "cpu", "nd_range": {"device_start": 2295062.469149657, "device_end": 2295062.4697356164}, "cmdq": 0, "read": {"device_start": -1, "device_end": -1}}, "empty26": {"write": {"device_start": -1, "host_queued_start": 1585627288.104314, "device_queued": -1, "device_end": -1, "host_queued_end": 1585627288.147977}, "device": "cpu", "nd_range": {"device_start": 2295062.337629631, "device_end": 2295062.337630525}, "cmdq": 0, "read": {"device_start": -1, "device_end": -1}}, "softmax113": {"write": {"device_start": -1, "host_queued_start": 1585627288.090392, "device_queued": -1, "device_end": -1, "host_queued_end": 1585627288.100433}, "device": "gpu", "nd_range": {"device_start": 1585627221.5718362, "device_end": 1585627221.5720468}, "cmdq": 3, "read": {"device_start": -1, "device_end": -1}}, "FFC_sans_bias11": {"write": {"device_start": -1, "host_queued_start": 1585627288.11492, "device_queued": -1, "device_end": -1, "host_queued_end": 1585627288.147977}, "device": "cpu", "nd_range": {"device_start": 2295062.375876734, "device_end": 2295062.382243611}, "cmdq": 0, "read": {"device_start": -1, "device_end": -1}}, "FFC_sans_bias42": {"write": {"device_start": -1, "host_queued_start": 1585627288.14022, "device_queued": -1, "device_end": -1, "host_queued_end": 1585627288.147977}, "device": "cpu", "nd_range": {"device_start": 2295062.533269831, "device_end": 2295062.538474144}, "cmdq": 0, "read": {"device_start": -1, "device_end": -1}}, "FFC_sans_bias43": {"write": {"device_start": -1, "host_queued_start": 1585627288.145943, "device_queued": -1, "device_end": -1, "host_queued_end": 1585627288.147977}, "device": "cpu", "nd_range": {"device_start": 2295062.571906701, "device_end": 2295062.577481218}, "cmdq": 0, "read": {"device_start": -1, "device_end": -1}}, "FFC_sans_bias40": {"write": {"device_start": -1, "host_queued_start": 1585627288.135882, "device_queued": -1, "device_end": -1, "host_queued_end": 1585627288.147977}, "device": "cpu", "nd_range": {"device_start": 2295062.4935591, "device_end": 2295062.498842913}, "cmdq": 0, "read": {"device_start": -1, "device_end": -1}}, "FFC_sans_bias46": {"write": {"device_start": -1, "host_queued_start": 1585627288.127442, "device_queued": -1, "device_end": -1, "host_queued_end": 1585627288.147977}, "device": "cpu", "nd_range": {"device_start": 2295062.437884352, "device_end": 2295062.4442541352}, "cmdq": 0, "read": {"device_start": -1, "device_end": -1}}, "FFC_sans_bias47": {"write": {"device_start": -1, "host_queued_start": 1585627288.128506, "device_queued": -1, "device_end": -1, "host_queued_end": 1585627288.147977}, "device": "cpu", "nd_range": {"device_start": 2295062.4442604533, "device_end": 2295062.4506443352}, "cmdq": 0, "read": {"device_start": -1, "device_end": -1}}, "FFC_sans_bias45": {"write": {"device_start": -1, "host_queued_start": 1585627288.126379, "device_queued": -1, "device_end": -1, "host_queued_end": 1585627288.147977}, "device": "cpu", "nd_range": {"device_start": 2295062.432575676, "device_end": 2295062.4378792373}, "cmdq": 0, "read": {"device_start": -1, "device_end": -1}}, "FFC_sans_bias49": {"write": {"device_start": -1, "host_queued_start": 1585627288.136225, "device_queued": -1, "device_end": -1, "host_queued_end": 1585627288.147977}, "device": "cpu", "nd_range": {"device_start": 2295062.49884817, "device_end": 2295062.504603071}, "cmdq": 0, "read": {"device_start": -1, "device_end": -1}}, "softmax77": {"write": {"device_start": -1, "host_queued_start": 1585627288.089316, "device_queued": -1, "device_end": -1, "host_queued_end": 1585627288.100433}, "device": "gpu", "nd_range": {"device_start": 1585627221.5716195, "device_end": 1585627221.5718262}, "cmdq": 3, "read": {"device_start": -1, "device_end": -1}}, "FFC_sans_bias119": {"write": {"device_start": 1585627221.5663807, "host_queued_start": 1585627288.084451, "device_queued": 1585627221.5598588, "device_end": 1585627221.5664124, "host_queued_end": 1585627288.100433}, "device": "gpu", "nd_range": {"device_start": 1585627221.566416, "device_end": 1585627221.5681217}, "cmdq": 3, "read": {"device_start": -1, "device_end": -1}}, "FFC_sans_bias118": {"write": {"device_start": 1585627221.5658484, "host_queued_start": 1585627288.083408, "device_queued": 1585627221.5598388, "device_end": 1585627221.565881, "host_queued_end": 1585627288.100433}, "device": "gpu", "nd_range": {"device_start": 1585627221.5658884, "device_end": 1585627221.5676956}, "cmdq": 2, "read": {"device_start": -1, "device_end": -1}}, "FFC_sans_bias115": {"write": {"device_start": 1585627221.576836, "host_queued_start": 1585627288.099274, "device_queued": 1585627221.562405, "device_end": 1585627221.5768666, "host_queued_end": 1585627288.100433}, "device": "gpu", "nd_range": {"device_start": 1585627221.5768769, "device_end": 1585627221.5785105}, "cmdq": 1, "read": {"device_start": 1585627221.57852, "device_end": 1585627221.5785437}}, "FFC_sans_bias114": {"write": {"device_start": -1, "host_queued_start": 1585627288.092566, "device_queued": -1, "device_end": -1, "host_queued_end": 1585627288.100433}, "device": "gpu", "nd_range": {"device_start": 1585627221.5741396, "device_end": 1585627221.576112}, "cmdq": 2, "read": {"device_start": -1, "device_end": -1}}, "FFC_sans_bias117": {"write": {"device_start": 1585627221.5654123, "host_queued_start": 1585627288.082335, "device_queued": 1585627221.5597293, "device_end": 1585627221.5654442, "host_queued_end": 1585627288.100433}, "device": "gpu", "nd_range": {"device_start": 1585627221.5654514, "device_end": 1585627221.5672374}, "cmdq": 1, "read": {"device_start": -1, "device_end": -1}}, "softmax5": {"write": {"device_start": -1, "host_queued_start": 1585627288.136849, "device_queued": -1, "device_end": -1, "host_queued_end": 1585627288.147977}, "device": "cpu", "nd_range": {"device_start": 2295062.510482428, "device_end": 2295062.510707058}, "cmdq": 0, "read": {"device_start": -1, "device_end": -1}}, "FFC_sans_bias110": {"write": {"device_start": 1585627221.5648627, "host_queued_start": 1585627288.081291, "device_queued": 1585627221.5596862, "device_end": 1585627221.564894, "host_queued_end": 1585627288.100433}, "device": "gpu", "nd_range": {"device_start": 1585627221.5649092, "device_end": 1585627221.5667238}, "cmdq": 0, "read": {"device_start": -1, "device_end": -1}}, "FFC_sans_bias112": {"write": {"device_start": -1, "host_queued_start": 1585627288.088486, "device_queued": -1, "device_end": -1, "host_queued_end": 1585627288.100433}, "device": "gpu", "nd_range": {"device_start": 1585627221.5687625, "device_end": 1585627221.570702}, "cmdq": 0, "read": {"device_start": -1, "device_end": -1}}, "empty53": {"write": {"device_start": -1, "host_queued_start": 1585627288.10731, "device_queued": -1, "device_end": -1, "host_queued_end": 1585627288.147977}, "device": "cpu", "nd_range": {"device_start": 2295062.33764543, "device_end": 2295062.3376461123}, "cmdq": 0, "read": {"device_start": -1, "device_end": -1}}, "coalesced_transpose48": {"write": {"device_start": -1, "host_queued_start": 1585627288.133818, "device_queued": -1, "device_end": -1, "host_queued_end": 1585627288.147977}, "device": "cpu", "nd_range": {"device_start": 2295062.468917701, "device_end": 2295062.46914458}, "cmdq": 0, "read": {"device_start": -1, "device_end": -1}}}