{"FFC_sans_bias4": {"write": {"device_start": -1, "host_queued_start": 1585627614.133316, "device_queued": -1, "device_end": -1, "host_queued_end": 1585627614.157093}, "device": "cpu", "nd_range": {"device_start": 2295388.49853475, "device_end": 2295388.5110756382}, "cmdq": 0, "read": {"device_start": -1, "device_end": -1}}, "FFC_sans_bias7": {"write": {"device_start": -1, "host_queued_start": 1585627614.145982, "device_queued": -1, "device_end": -1, "host_queued_end": 1585627614.157093}, "device": "cpu", "nd_range": {"device_start": 2295388.615612078, "device_end": 2295388.630873137}, "cmdq": 0, "read": {"device_start": -1, "device_end": -1}}, "FFC_sans_bias6": {"write": {"device_start": -1, "host_queued_start": 1585627614.140891, "device_queued": -1, "device_end": -1, "host_queued_end": 1585627614.157093}, "device": "cpu", "nd_range": {"device_start": 2295388.55418286, "device_end": 2295388.569439109}, "cmdq": 0, "read": {"device_start": -1, "device_end": -1}}, "FFC_sans_bias1": {"write": {"device_start": -1, "host_queued_start": 1585627614.092404, "device_queued": -1, "device_end": -1, "host_queued_end": 1585627614.157093}, "device": "cpu", "nd_range": {"device_start": 2295388.346779035, "device_end": 2295388.3611571654}, "cmdq": 1, "read": {"device_start": -1, "device_end": -1}}, "FFC_sans_bias0": {"write": {"device_start": -1, "host_queued_start": 1585627614.091352, "device_queued": -1, "device_end": -1, "host_queued_end": 1585627614.157093}, "device": "cpu", "nd_range": {"device_start": 2295388.346806168, "device_end": 2295388.3594932463}, "cmdq": 0, "read": {"device_start": -1, "device_end": -1}}, "FFC_sans_bias2": {"write": {"device_start": -1, "host_queued_start": 1585627614.093504, "device_queued": -1, "device_end": -1, "host_queued_end": 1585627614.157093}, "device": "cpu", "nd_range": {"device_start": 2295388.3467810904, "device_end": 2295388.3558622543}, "cmdq": 2, "read": {"device_start": -1, "device_end": -1}}, "coalesced_transpose120": {"write": {"device_start": -1, "host_queued_start": 1585627614.075442, "device_queued": -1, "device_end": -1, "host_queued_end": 1585627614.079441}, "device": "gpu", "nd_range": {"device_start": 1585627547.5306697, "device_end": 1585627547.5306938}, "cmdq": 4, "read": {"device_start": -1, "device_end": -1}}, "FFC_sans_bias9": {"write": {"device_start": -1, "host_queued_start": 1585627614.094587, "device_queued": -1, "device_end": -1, "host_queued_end": 1585627614.157093}, "device": "cpu", "nd_range": {"device_start": 2295388.360576744, "device_end": 2295388.381318801}, "cmdq": 0, "read": {"device_start": -1, "device_end": -1}}, "empty71": {"write": {"device_start": -1, "host_queued_start": 1585627614.08712, "device_queued": -1, "device_end": -1, "host_queued_end": 1585627614.157093}, "device": "cpu", "nd_range": {"device_start": 2295388.3467680253, "device_end": 2295388.346768672}, "cmdq": 1, "read": {"device_start": -1, "device_end": -1}}, "softmax41": {"write": {"device_start": -1, "host_queued_start": 1585627614.138545, "device_queued": -1, "device_end": -1, "host_queued_end": 1585627614.157093}, "device": "cpu", "nd_range": {"device_start": 2295388.578705987, "device_end": 2295388.5789214564}, "cmdq": 1, "read": {"device_start": -1, "device_end": -1}}, "FFC_sans_bias37": {"write": {"device_start": -1, "host_queued_start": 1585627614.105316, "device_queued": -1, "device_end": -1, "host_queued_end": 1585627614.157093}, "device": "cpu", "nd_range": {"device_start": 2295388.41265686, "device_end": 2295388.4274312533}, "cmdq": 1, "read": {"device_start": -1, "device_end": -1}}, "FFC_sans_bias36": {"write": {"device_start": -1, "host_queued_start": 1585627614.104266, "device_queued": -1, "device_end": -1, "host_queued_end": 1585627614.157093}, "device": "cpu", "nd_range": {"device_start": 2295388.4044757443, "device_end": 2295388.41209327}, "cmdq": 0, "read": {"device_start": -1, "device_end": -1}}, "FFC_sans_bias34": {"write": {"device_start": -1, "host_queued_start": 1585627614.149004, "device_queued": -1, "device_end": -1, "host_queued_end": 1585627614.157093}, "device": "cpu", "nd_range": {"device_start": 2295388.6309549334, "device_end": 2295388.646162703}, "cmdq": 0, "read": {"device_start": -1, "device_end": -1}}, "FFC_sans_bias33": {"write": {"device_start": -1, "host_queued_start": 1585627614.141941, "device_queued": -1, "device_end": -1, "host_queued_end": 1585627614.157093}, "device": "cpu", "nd_range": {"device_start": 2295388.569455299, "device_end": 2295388.584945716}, "cmdq": 0, "read": {"device_start": -1, "device_end": -1}}, "FFC_sans_bias31": {"write": {"device_start": -1, "host_queued_start": 1585627614.134361, "device_queued": -1, "device_end": -1, "host_queued_end": 1585627614.157093}, "device": "cpu", "nd_range": {"device_start": 2295388.511185355, "device_end": 2295388.5227143373}, "cmdq": 0, "read": {"device_start": -1, "device_end": -1}}, "FFC_sans_bias38": {"write": {"device_start": -1, "host_queued_start": 1585627614.106448, "device_queued": -1, "device_end": -1, "host_queued_end": 1585627614.157093}, "device": "cpu", "nd_range": {"device_start": 2295388.381407637, "device_end": 2295388.397698303}, "cmdq": 2, "read": {"device_start": -1, "device_end": -1}}, "coalesced_transpose75": {"write": {"device_start": -1, "host_queued_start": 1585627614.131867, "device_queued": -1, "device_end": -1, "host_queued_end": 1585627614.157093}, "device": "cpu", "nd_range": {"device_start": 2295388.4998648344, "device_end": 2295388.5001230612}, "cmdq": 2, "read": {"device_start": -1, "device_end": -1}}, "empty44": {"write": {"device_start": -1, "host_queued_start": 1585627614.084426, "device_queued": -1, "device_end": -1, "host_queued_end": 1585627614.157093}, "device": "cpu", "nd_range": {"device_start": 2295388.346759952, "device_end": 2295388.346761236}, "cmdq": 1, "read": {"device_start": -1, "device_end": -1}}, "empty8": {"write": {"device_start": -1, "host_queued_start": 1585627614.080906, "device_queued": -1, "device_end": -1, "host_queued_end": 1585627614.157093}, "device": "cpu", "nd_range": {"device_start": 2295388.3467647163, "device_end": 2295388.346768442}, "cmdq": 0, "read": {"device_start": -1, "device_end": -1}}, "softmax50": {"write": {"device_start": -1, "host_queued_start": 1585627614.138871, "device_queued": -1, "device_end": -1, "host_queued_end": 1585627614.157093}, "device": "cpu", "nd_range": {"device_start": 2295388.5885807304, "device_end": 2295388.58879471}, "cmdq": 2, "read": {"device_start": -1, "device_end": -1}}, "softmax59": {"write": {"device_start": -1, "host_queued_start": 1585627614.139151, "device_queued": -1, "device_end": -1, "host_queued_end": 1585627614.157093}, "device": "cpu", "nd_range": {"device_start": 2295388.5537384413, "device_end": 2295388.553962485}, "cmdq": 0, "read": {"device_start": -1, "device_end": -1}}, "FFC_sans_bias24": {"write": {"device_start": -1, "host_queued_start": 1585627614.141591, "device_queued": -1, "device_end": -1, "host_queued_end": 1585627614.157093}, "device": "cpu", "nd_range": {"device_start": 2295388.5895708674, "device_end": 2295388.604990195}, "cmdq": 2, "read": {"device_start": -1, "device_end": -1}}, "FFC_sans_bias25": {"write": {"device_start": -1, "host_queued_start": 1585627614.148004, "device_queued": -1, "device_end": -1, "host_queued_end": 1585627614.157093}, "device": "cpu", "nd_range": {"device_start": 2295388.654943814, "device_end": 2295388.664736756}, "cmdq": 2, "read": {"device_start": -1, "device_end": -1}}, "FFC_sans_bias27": {"write": {"device_start": -1, "host_queued_start": 1585627614.100995, "device_queued": -1, "device_end": -1, "host_queued_end": 1585627614.157093}, "device": "cpu", "nd_range": {"device_start": 2295388.389094644, "device_end": 2295388.404350635}, "cmdq": 0, "read": {"device_start": -1, "device_end": -1}}, "FFC_sans_bias20": {"write": {"device_start": -1, "host_queued_start": 1585627614.099939, "device_queued": -1, "device_end": -1, "host_queued_end": 1585627614.157093}, "device": "cpu", "nd_range": {"device_start": 2295388.36559884, "device_end": 2295388.376034316}, "cmdq": 2, "read": {"device_start": -1, "device_end": -1}}, "FFC_sans_bias22": {"write": {"device_start": -1, "host_queued_start": 1585627614.134009, "device_queued": -1, "device_end": -1, "host_queued_end": 1585627614.157093}, "device": "cpu", "nd_range": {"device_start": 2295388.520628166, "device_end": 2295388.536649324}, "cmdq": 2, "read": {"device_start": -1, "device_end": -1}}, "FFC_sans_bias28": {"write": {"device_start": -1, "host_queued_start": 1585627614.102142, "device_queued": -1, "device_end": -1, "host_queued_end": 1585627614.157093}, "device": "cpu", "nd_range": {"device_start": 2295388.3991491334, "device_end": 2295388.4058381063}, "cmdq": 1, "read": {"device_start": -1, "device_end": -1}}, "FFC_sans_bias29": {"write": {"device_start": -1, "host_queued_start": 1585627614.103216, "device_queued": -1, "device_end": -1, "host_queued_end": 1585627614.157093}, "device": "cpu", "nd_range": {"device_start": 2295388.37616334, "device_end": 2295388.381390483}, "cmdq": 2, "read": {"device_start": -1, "device_end": -1}}, "coalesced_transpose66": {"write": {"device_start": -1, "host_queued_start": 1585627614.131532, "device_queued": -1, "device_end": -1, "host_queued_end": 1585627614.157093}, "device": "cpu", "nd_range": {"device_start": 2295388.51664426, "device_end": 2295388.516898345}, "cmdq": 1, "read": {"device_start": -1, "device_end": -1}}, "coalesced_transpose93": {"write": {"device_start": -1, "host_queued_start": 1585627614.132625, "device_queued": -1, "device_end": -1, "host_queued_end": 1585627614.157093}, "device": "cpu", "nd_range": {"device_start": 2295388.5169046493, "device_end": 2295388.517141789}, "cmdq": 1, "read": {"device_start": -1, "device_end": -1}}, "softmax23": {"write": {"device_start": -1, "host_queued_start": 1585627614.137991, "device_queued": -1, "device_end": -1, "host_queued_end": 1585627614.157093}, "device": "cpu", "nd_range": {"device_start": 2295388.588252698, "device_end": 2295388.5884707943}, "cmdq": 2, "read": {"device_start": -1, "device_end": -1}}, "empty62": {"write": {"device_start": -1, "host_queued_start": 1585627614.086225, "device_queued": -1, "device_end": -1, "host_queued_end": 1585627614.157093}, "device": "cpu", "nd_range": {"device_start": 2295388.346793358, "device_end": 2295388.346794283}, "cmdq": 0, "read": {"device_start": -1, "device_end": -1}}, "FFC_sans_bias10": {"write": {"device_start": -1, "host_queued_start": 1585627614.095661, "device_queued": -1, "device_end": -1, "host_queued_end": 1585627614.157093}, "device": "cpu", "nd_range": {"device_start": 2295388.362846335, "device_end": 2295388.381318543}, "cmdq": 1, "read": {"device_start": -1, "device_end": -1}}, "FFC_sans_bias13": {"write": {"device_start": -1, "host_queued_start": 1585627614.133665, "device_queued": -1, "device_end": -1, "host_queued_end": 1585627614.157093}, "device": "cpu", "nd_range": {"device_start": 2295388.5171487574, "device_end": 2295388.5324338973}, "cmdq": 1, "read": {"device_start": -1, "device_end": -1}}, "FFC_sans_bias15": {"write": {"device_start": -1, "host_queued_start": 1585627614.141236, "device_queued": -1, "device_end": -1, "host_queued_end": 1585627614.157093}, "device": "cpu", "nd_range": {"device_start": 2295388.579377513, "device_end": 2295388.594687651}, "cmdq": 1, "read": {"device_start": -1, "device_end": -1}}, "FFC_sans_bias16": {"write": {"device_start": -1, "host_queued_start": 1585627614.146998, "device_queued": -1, "device_end": -1, "host_queued_end": 1585627614.157093}, "device": "cpu", "nd_range": {"device_start": 2295388.6407496664, "device_end": 2295388.6560896523}, "cmdq": 1, "read": {"device_start": -1, "device_end": -1}}, "FFC_sans_bias19": {"write": {"device_start": -1, "host_queued_start": 1585627614.098878, "device_queued": -1, "device_end": -1, "host_queued_end": 1585627614.157093}, "device": "cpu", "nd_range": {"device_start": 2295388.381810068, "device_end": 2295388.396609098}, "cmdq": 1, "read": {"device_start": -1, "device_end": -1}}, "FFC_sans_bias18": {"write": {"device_start": -1, "host_queued_start": 1585627614.097788, "device_queued": -1, "device_end": -1, "host_queued_end": 1585627614.157093}, "device": "cpu", "nd_range": {"device_start": 2295388.3813320054, "device_end": 2295388.388963397}, "cmdq": 0, "read": {"device_start": -1, "device_end": -1}}, "FFC_sans_bias99": {"write": {"device_start": -1, "host_queued_start": 1585627614.126708, "device_queued": -1, "device_end": -1, "host_queued_end": 1585627614.157093}, "device": "cpu", "nd_range": {"device_start": 2295388.474713074, "device_end": 2295388.4901323332}, "cmdq": 0, "read": {"device_start": -1, "device_end": -1}}, "FFC_sans_bias91": {"write": {"device_start": -1, "host_queued_start": 1585627614.12458, "device_queued": -1, "device_end": -1, "host_queued_end": 1585627614.157093}, "device": "cpu", "nd_range": {"device_start": 2295388.497843585, "device_end": 2295388.506437796}, "cmdq": 1, "read": {"device_start": -1, "device_end": -1}}, "FFC_sans_bias90": {"write": {"device_start": -1, "host_queued_start": 1585627614.123531, "device_queued": -1, "device_end": -1, "host_queued_end": 1585627614.157093}, "device": "cpu", "nd_range": {"device_start": 2295388.466725271, "device_end": 2295388.4745994993}, "cmdq": 0, "read": {"device_start": -1, "device_end": -1}}, "coalesced_transpose12": {"write": {"device_start": -1, "host_queued_start": 1585627614.129519, "device_queued": -1, "device_end": -1, "host_queued_end": 1585627614.157093}, "device": "cpu", "nd_range": {"device_start": 2295388.5161044723, "device_end": 2295388.516361704}, "cmdq": 1, "read": {"device_start": -1, "device_end": -1}}, "FFC_sans_bias94": {"write": {"device_start": -1, "host_queued_start": 1585627614.136805, "device_queued": -1, "device_end": -1, "host_queued_end": 1585627614.157093}, "device": "cpu", "nd_range": {"device_start": 2295388.5630873432, "device_end": 2295388.5784661463}, "cmdq": 1, "read": {"device_start": -1, "device_end": -1}}, "FFC_sans_bias97": {"write": {"device_start": -1, "host_queued_start": 1585627614.156004, "device_queued": -1, "device_end": -1, "host_queued_end": 1585627614.157093}, "device": "cpu", "nd_range": {"device_start": 2295388.6928510983, "device_end": 2295388.69929424}, "cmdq": 1, "read": {"device_start": -1, "device_end": -1}}, "FFC_sans_bias96": {"write": {"device_start": -1, "host_queued_start": 1585627614.144564, "device_queued": -1, "device_end": -1, "host_queued_end": 1585627614.157093}, "device": "cpu", "nd_range": {"device_start": 2295388.6254923344, "device_end": 2295388.640743629}, "cmdq": 1, "read": {"device_start": -1, "device_end": -1}}, "FFC_sans_bias124": {"write": {"device_start": 1585627547.531988, "host_queued_start": 1585627614.07934, "device_queued": 1585627547.528741, "device_end": 1585627547.532019, "host_queued_end": 1585627614.079441}, "device": "gpu", "nd_range": {"device_start": 1585627547.5328653, "device_end": 1585627547.5338454}, "cmdq": 2, "read": {"device_start": 1585627547.5338535, "device_end": 1585627547.5338764}}, "softmax32": {"write": {"device_start": -1, "host_queued_start": 1585627614.138271, "device_queued": -1, "device_end": -1, "host_queued_end": 1585627614.157093}, "device": "cpu", "nd_range": {"device_start": 2295388.5535141793, "device_end": 2295388.5537327332}, "cmdq": 0, "read": {"device_start": -1, "device_end": -1}}, "coalesced_transpose84": {"write": {"device_start": -1, "host_queued_start": 1585627614.132285, "device_queued": -1, "device_end": -1, "host_queued_end": 1585627614.157093}, "device": "cpu", "nd_range": {"device_start": 2295388.498184294, "device_end": 2295388.4984185062}, "cmdq": 0, "read": {"device_start": -1, "device_end": -1}}, "FFC_sans_bias121": {"write": {"device_start": -1, "host_queued_start": 1585627614.076068, "device_queued": -1, "device_end": -1, "host_queued_end": 1585627614.079441}, "device": "gpu", "nd_range": {"device_start": 1585627547.5308316, "device_end": 1585627547.5317867}, "cmdq": 1, "read": {"device_start": -1, "device_end": -1}}, "empty98": {"write": {"device_start": -1, "host_queued_start": 1585627614.089571, "device_queued": -1, "device_end": -1, "host_queued_end": 1585627614.157093}, "device": "cpu", "nd_range": {"device_start": 2295388.346773526, "device_end": 2295388.346774166}, "cmdq": 1, "read": {"device_start": -1, "device_end": -1}}, "empty107": {"write": {"device_start": -1, "host_queued_start": 1585627614.090381, "device_queued": -1, "device_end": -1, "host_queued_end": 1585627614.157093}, "device": "cpu", "nd_range": {"device_start": 2295388.346773087, "device_end": 2295388.34677405}, "cmdq": 2, "read": {"device_start": -1, "device_end": -1}}, "empty17": {"write": {"device_start": -1, "host_queued_start": 1585627614.081897, "device_queued": -1, "device_end": -1, "host_queued_end": 1585627614.157093}, "device": "cpu", "nd_range": {"device_start": 2295388.346724351, "device_end": 2295388.3467375003}, "cmdq": 1, "read": {"device_start": -1, "device_end": -1}}, "FFC_sans_bias87": {"write": {"device_start": -1, "host_queued_start": 1585627614.14421, "device_queued": -1, "device_end": -1, "host_queued_end": 1585627614.157093}, "device": "cpu", "nd_range": {"device_start": 2295388.6003236542, "device_end": 2295388.615604596}, "cmdq": 0, "read": {"device_start": -1, "device_end": -1}}, "FFC_sans_bias85": {"write": {"device_start": -1, "host_queued_start": 1585627614.136456, "device_queued": -1, "device_end": -1, "host_queued_end": 1585627614.157093}, "device": "cpu", "nd_range": {"device_start": 2295388.538045673, "device_end": 2295388.5532697253}, "cmdq": 0, "read": {"device_start": -1, "device_end": -1}}, "FFC_sans_bias82": {"write": {"device_start": -1, "host_queued_start": 1585627614.121402, "device_queued": -1, "device_end": -1, "host_queued_end": 1585627614.157093}, "device": "cpu", "nd_range": {"device_start": 2295388.4879392954, "device_end": 2295388.497721895}, "cmdq": 1, "read": {"device_start": -1, "device_end": -1}}, "FFC_sans_bias83": {"write": {"device_start": -1, "host_queued_start": 1585627614.122469, "device_queued": -1, "device_end": -1, "host_queued_end": 1585627614.157093}, "device": "cpu", "nd_range": {"device_start": 2295388.459132595, "device_end": 2295388.474299042}, "cmdq": 2, "read": {"device_start": -1, "device_end": -1}}, "FFC_sans_bias81": {"write": {"device_start": -1, "host_queued_start": 1585627614.120348, "device_queued": -1, "device_end": -1, "host_queued_end": 1585627614.157093}, "device": "cpu", "nd_range": {"device_start": 2295388.455172363, "device_end": 2295388.466608574}, "cmdq": 0, "read": {"device_start": -1, "device_end": -1}}, "FFC_sans_bias88": {"write": {"device_start": -1, "host_queued_start": 1585627614.154983, "device_queued": -1, "device_end": -1, "host_queued_end": 1585627614.157093}, "device": "cpu", "nd_range": {"device_start": 2295388.6595256603, "device_end": 2295388.680276773}, "cmdq": 0, "read": {"device_start": -1, "device_end": -1}}, "coalesced_transpose30": {"write": {"device_start": -1, "host_queued_start": 1585627614.130188, "device_queued": -1, "device_end": -1, "host_queued_end": 1585627614.157093}, "device": "cpu", "nd_range": {"device_start": 2295388.490594096, "device_end": 2295388.4908410683}, "cmdq": 0, "read": {"device_start": -1, "device_end": -1}}, "coalesced_transpose39": {"write": {"device_start": -1, "host_queued_start": 1585627614.130526, "device_queued": -1, "device_end": -1, "host_queued_end": 1585627614.157093}, "device": "cpu", "nd_range": {"device_start": 2295388.51636826, "device_end": 2295388.516637458}, "cmdq": 1, "read": {"device_start": -1, "device_end": -1}}, "FFC_sans_bias79": {"write": {"device_start": -1, "host_queued_start": 1585627614.153981, "device_queued": -1, "device_end": -1, "host_queued_end": 1585627614.157093}, "device": "cpu", "nd_range": {"device_start": 2295388.676276478, "device_end": 2295388.6864760173}, "cmdq": 2, "read": {"device_start": -1, "device_end": -1}}, "FFC_sans_bias78": {"write": {"device_start": -1, "host_queued_start": 1585627614.143779, "device_queued": -1, "device_end": -1, "host_queued_end": 1585627614.157093}, "device": "cpu", "nd_range": {"device_start": 2295388.622473446, "device_end": 2295388.637857006}, "cmdq": 2, "read": {"device_start": -1, "device_end": -1}}, "FFC_sans_bias73": {"write": {"device_start": -1, "host_queued_start": 1585627614.118174, "device_queued": -1, "device_end": -1, "host_queued_end": 1585627614.157093}, "device": "cpu", "nd_range": {"device_start": 2295388.476883136, "device_end": 2295388.487929561}, "cmdq": 1, "read": {"device_start": -1, "device_end": -1}}, "FFC_sans_bias72": {"write": {"device_start": -1, "host_queued_start": 1585627614.117096, "device_queued": -1, "device_end": -1, "host_queued_end": 1585627614.157093}, "device": "cpu", "nd_range": {"device_start": 2295388.443846355, "device_end": 2295388.4550551223}, "cmdq": 0, "read": {"device_start": -1, "device_end": -1}}, "FFC_sans_bias70": {"write": {"device_start": -1, "host_queued_start": 1585627614.15299, "device_queued": -1, "device_end": -1, "host_queued_end": 1585627614.157093}, "device": "cpu", "nd_range": {"device_start": 2295388.678930419, "device_end": 2295388.692847548}, "cmdq": 1, "read": {"device_start": -1, "device_end": -1}}, "FFC_sans_bias76": {"write": {"device_start": -1, "host_queued_start": 1585627614.136106, "device_queued": -1, "device_end": -1, "host_queued_end": 1585627614.157093}, "device": "cpu", "nd_range": {"device_start": 2295388.554745872, "device_end": 2295388.571114945}, "cmdq": 2, "read": {"device_start": -1, "device_end": -1}}, "FFC_sans_bias74": {"write": {"device_start": -1, "host_queued_start": 1585627614.119264, "device_queued": -1, "device_end": -1, "host_queued_end": 1585627614.157093}, "device": "cpu", "nd_range": {"device_start": 2295388.444945355, "device_end": 2295388.4590085833}, "cmdq": 2, "read": {"device_start": -1, "device_end": -1}}, "coalesced_transpose102": {"write": {"device_start": -1, "host_queued_start": 1585627614.132966, "device_queued": -1, "device_end": -1, "host_queued_end": 1585627614.157093}, "device": "cpu", "nd_range": {"device_start": 2295388.520275285, "device_end": 2295388.5205172603}, "cmdq": 2, "read": {"device_start": -1, "device_end": -1}}, "coalesced_transpose3": {"write": {"device_start": -1, "host_queued_start": 1585627614.129176, "device_queued": -1, "device_end": -1, "host_queued_end": 1585627614.157093}, "device": "cpu", "nd_range": {"device_start": 2295388.49023529, "device_end": 2295388.490486}, "cmdq": 0, "read": {"device_start": -1, "device_end": -1}}, "empty89": {"write": {"device_start": -1, "host_queued_start": 1585627614.088759, "device_queued": -1, "device_end": -1, "host_queued_end": 1585627614.157093}, "device": "cpu", "nd_range": {"device_start": 2295388.3467998803, "device_end": 2295388.3468004554}, "cmdq": 0, "read": {"device_start": -1, "device_end": -1}}, "FFC_sans_bias123": {"write": {"device_start": -1, "host_queued_start": 1585627614.077207, "device_queued": -1, "device_end": -1, "host_queued_end": 1585627614.079441}, "device": "gpu", "nd_range": {"device_start": 1585627547.5321066, "device_end": 1585627547.5328603}, "cmdq": 0, "read": {"device_start": -1, "device_end": -1}}, "empty80": {"write": {"device_start": -1, "host_queued_start": 1585627614.087937, "device_queued": -1, "device_end": -1, "host_queued_end": 1585627614.157093}, "device": "cpu", "nd_range": {"device_start": 2295388.346767485, "device_end": 2295388.346768173}, "cmdq": 2, "read": {"device_start": -1, "device_end": -1}}, "empty116": {"write": {"device_start": 1585627547.527441, "host_queued_start": 1585627614.067178, "device_queued": 1585627547.5273204, "device_end": 1585627547.5274696, "host_queued_end": 1585627614.079441}, "device": "gpu", "nd_range": {"device_start": 1585627547.527479, "device_end": 1585627547.5274842}, "cmdq": 0, "read": {"device_start": -1, "device_end": -1}}, "softmax104": {"write": {"device_start": -1, "host_queued_start": 1585627614.140543, "device_queued": -1, "device_end": -1, "host_queued_end": 1585627614.157093}, "device": "cpu", "nd_range": {"device_start": 2295388.589235342, "device_end": 2295388.5894467533}, "cmdq": 2, "read": {"device_start": -1, "device_end": -1}}, "coalesced_transpose21": {"write": {"device_start": -1, "host_queued_start": 1585627614.129853, "device_queued": -1, "device_end": -1, "host_queued_end": 1585627614.157093}, "device": "cpu", "nd_range": {"device_start": 2295388.4991331263, "device_end": 2295388.499393395}, "cmdq": 2, "read": {"device_start": -1, "device_end": -1}}, "softmax14": {"write": {"device_start": -1, "host_queued_start": 1585627614.137714, "device_queued": -1, "device_end": -1, "host_queued_end": 1585627614.157093}, "device": "cpu", "nd_range": {"device_start": 2295388.578472616, "device_end": 2295388.578700262}, "cmdq": 1, "read": {"device_start": -1, "device_end": -1}}, "FFC_sans_bias69": {"write": {"device_start": -1, "host_queued_start": 1585627614.143363, "device_queued": -1, "device_end": -1, "host_queued_end": 1585627614.157093}, "device": "cpu", "nd_range": {"device_start": 2295388.6101502203, "device_end": 2295388.6254856023}, "cmdq": 1, "read": {"device_start": -1, "device_end": -1}}, "FFC_sans_bias92": {"write": {"device_start": -1, "host_queued_start": 1585627614.125634, "device_queued": -1, "device_end": -1, "host_queued_end": 1585627614.157093}, "device": "cpu", "nd_range": {"device_start": 2295388.474426234, "device_end": 2295388.484327976}, "cmdq": 2, "read": {"device_start": -1, "device_end": -1}}, "FFC_sans_bias60": {"write": {"device_start": -1, "host_queued_start": 1585627614.143008, "device_queued": -1, "device_end": -1, "host_queued_end": 1585627614.157093}, "device": "cpu", "nd_range": {"device_start": 2295388.584957649, "device_end": 2295388.6003160723}, "cmdq": 0, "read": {"device_start": -1, "device_end": -1}}, "FFC_sans_bias61": {"write": {"device_start": -1, "host_queued_start": 1585627614.151995, "device_queued": -1, "device_end": -1, "host_queued_end": 1585627614.157093}, "device": "cpu", "nd_range": {"device_start": 2295388.646167031, "device_end": 2295388.6595221073}, "cmdq": 0, "read": {"device_start": -1, "device_end": -1}}, "FFC_sans_bias63": {"write": {"device_start": -1, "host_queued_start": 1585627614.116038, "device_queued": -1, "device_end": -1, "host_queued_end": 1585627614.157093}, "device": "cpu", "nd_range": {"device_start": 2295388.4254755103, "device_end": 2295388.4448234173}, "cmdq": 2, "read": {"device_start": -1, "device_end": -1}}, "FFC_sans_bias64": {"write": {"device_start": -1, "host_queued_start": 1585627614.113887, "device_queued": -1, "device_end": -1, "host_queued_end": 1585627614.157093}, "device": "cpu", "nd_range": {"device_start": 2295388.438453256, "device_end": 2295388.4437324014}, "cmdq": 0, "read": {"device_start": -1, "device_end": -1}}, "FFC_sans_bias65": {"write": {"device_start": -1, "host_queued_start": 1585627614.114978, "device_queued": -1, "device_end": -1, "host_queued_end": 1585627614.157093}, "device": "cpu", "nd_range": {"device_start": 2295388.459427998, "device_end": 2295388.476673032}, "cmdq": 1, "read": {"device_start": -1, "device_end": -1}}, "FFC_sans_bias67": {"write": {"device_start": -1, "host_queued_start": 1585627614.135759, "device_queued": -1, "device_end": -1, "host_queued_end": 1585627614.157093}, "device": "cpu", "nd_range": {"device_start": 2295388.5477559944, "device_end": 2295388.563080661}, "cmdq": 1, "read": {"device_start": -1, "device_end": -1}}, "coalesced_transpose111": {"write": {"device_start": -1, "host_queued_start": 1585627614.075144, "device_queued": -1, "device_end": -1, "host_queued_end": 1585627614.079441}, "device": "gpu", "nd_range": {"device_start": 1585627547.5288486, "device_end": 1585627547.5306659}, "cmdq": 3, "read": {"device_start": -1, "device_end": -1}}, "softmax68": {"write": {"device_start": -1, "host_queued_start": 1585627614.13943, "device_queued": -1, "device_end": -1, "host_queued_end": 1585627614.157093}, "device": "cpu", "nd_range": {"device_start": 2295388.578927379, "device_end": 2295388.579153676}, "cmdq": 1, "read": {"device_start": -1, "device_end": -1}}, "empty125": {"write": {"device_start": 1585627547.527542, "host_queued_start": 1585627614.068219, "device_queued": 1585627547.5274348, "device_end": 1585627547.527607, "host_queued_end": 1585627614.079441}, "device": "gpu", "nd_range": {"device_start": 1585627547.5278072, "device_end": 1585627547.5278172}, "cmdq": 1, "read": {"device_start": -1, "device_end": -1}}, "empty35": {"write": {"device_start": -1, "host_queued_start": 1585627614.083612, "device_queued": -1, "device_end": -1, "host_queued_end": 1585627614.157093}, "device": "cpu", "nd_range": {"device_start": 2295388.346784215, "device_end": 2295388.346785201}, "cmdq": 0, "read": {"device_start": -1, "device_end": -1}}, "softmax86": {"write": {"device_start": -1, "host_queued_start": 1585627614.139988, "device_queued": -1, "device_end": -1, "host_queued_end": 1585627614.157093}, "device": "cpu", "nd_range": {"device_start": 2295388.5539683993, "device_end": 2295388.5541774733}, "cmdq": 0, "read": {"device_start": -1, "device_end": -1}}, "FFC_sans_bias55": {"write": {"device_start": -1, "host_queued_start": 1585627614.112826, "device_queued": -1, "device_end": -1, "host_queued_end": 1585627614.157093}, "device": "cpu", "nd_range": {"device_start": 2295388.413833662, "device_end": 2295388.4253471023}, "cmdq": 2, "read": {"device_start": -1, "device_end": -1}}, "FFC_sans_bias54": {"write": {"device_start": -1, "host_queued_start": 1585627614.111775, "device_queued": -1, "device_end": -1, "host_queued_end": 1585627614.157093}, "device": "cpu", "nd_range": {"device_start": 2295388.444952908, "device_end": 2295388.459183609}, "cmdq": 1, "read": {"device_start": -1, "device_end": -1}}, "FFC_sans_bias56": {"write": {"device_start": -1, "host_queued_start": 1585627614.110713, "device_queued": -1, "device_end": -1, "host_queued_end": 1585627614.157093}, "device": "cpu", "nd_range": {"device_start": 2295388.426599761, "device_end": 2295388.43833491}, "cmdq": 0, "read": {"device_start": -1, "device_end": -1}}, "FFC_sans_bias51": {"write": {"device_start": -1, "host_queued_start": 1585627614.142661, "device_queued": -1, "device_end": -1, "host_queued_end": 1585627614.157093}, "device": "cpu", "nd_range": {"device_start": 2295388.6050986783, "device_end": 2295388.622355064}, "cmdq": 2, "read": {"device_start": -1, "device_end": -1}}, "FFC_sans_bias52": {"write": {"device_start": -1, "host_queued_start": 1585627614.150999, "device_queued": -1, "device_end": -1, "host_queued_end": 1585627614.157093}, "device": "cpu", "nd_range": {"device_start": 2295388.6673641503, "device_end": 2295388.6762716454}, "cmdq": 2, "read": {"device_start": -1, "device_end": -1}}, "FFC_sans_bias58": {"write": {"device_start": -1, "host_queued_start": 1585627614.135408, "device_queued": -1, "device_end": -1, "host_queued_end": 1585627614.157093}, "device": "cpu", "nd_range": {"device_start": 2295388.5227226233, "device_end": 2295388.538036455}, "cmdq": 0, "read": {"device_start": -1, "device_end": -1}}, "FFC_sans_bias108": {"write": {"device_start": 1585627547.5276344, "host_queued_start": 1585627614.069221, "device_queued": 1585627547.5274713, "device_end": 1585627547.5276918, "host_queued_end": 1585627614.079441}, "device": "gpu", "nd_range": {"device_start": 1585627547.5278375, "device_end": 1585627547.5284455}, "cmdq": 2, "read": {"device_start": -1, "device_end": -1}}, "FFC_sans_bias109": {"write": {"device_start": 1585627547.5277238, "host_queued_start": 1585627614.070467, "device_queued": 1585627547.527493, "device_end": 1585627547.5277493, "host_queued_end": 1585627614.079441}, "device": "gpu", "nd_range": {"device_start": 1585627547.527862, "device_end": 1585627547.5288477}, "cmdq": 3, "read": {"device_start": -1, "device_end": -1}}, "FFC_sans_bias103": {"write": {"device_start": -1, "host_queued_start": 1585627614.137149, "device_queued": -1, "device_end": -1, "host_queued_end": 1585627614.157093}, "device": "cpu", "nd_range": {"device_start": 2295388.571227198, "device_end": 2295388.588131926}, "cmdq": 2, "read": {"device_start": -1, "device_end": -1}}, "FFC_sans_bias100": {"write": {"device_start": -1, "host_queued_start": 1585627614.127785, "device_queued": -1, "device_end": -1, "host_queued_end": 1585627614.157093}, "device": "cpu", "nd_range": {"device_start": 2295388.506446356, "device_end": 2295388.515981359}, "cmdq": 1, "read": {"device_start": -1, "device_end": -1}}, "FFC_sans_bias101": {"write": {"device_start": -1, "host_queued_start": 1585627614.128844, "device_queued": -1, "device_end": -1, "host_queued_end": 1585627614.157093}, "device": "cpu", "nd_range": {"device_start": 2295388.484339485, "device_end": 2295388.4990116}, "cmdq": 2, "read": {"device_start": -1, "device_end": -1}}, "FFC_sans_bias106": {"write": {"device_start": -1, "host_queued_start": 1585627614.157048, "device_queued": -1, "device_end": -1, "host_queued_end": 1585627614.157093}, "device": "cpu", "nd_range": {"device_start": 2295388.686479657, "device_end": 2295388.6988145453}, "cmdq": 2, "read": {"device_start": -1, "device_end": -1}}, "softmax122": {"write": {"device_start": -1, "host_queued_start": 1585627614.076561, "device_queued": -1, "device_end": -1, "host_queued_end": 1585627614.079441}, "device": "gpu", "nd_range": {"device_start": 1585627547.5317922, "device_end": 1585627547.5321035}, "cmdq": 3, "read": {"device_start": -1, "device_end": -1}}, "FFC_sans_bias105": {"write": {"device_start": -1, "host_queued_start": 1585627614.144916, "device_queued": -1, "device_end": -1, "host_queued_end": 1585627614.157093}, "device": "cpu", "nd_range": {"device_start": 2295388.63798508, "device_end": 2295388.654807895}, "cmdq": 2, "read": {"device_start": -1, "device_end": -1}}, "softmax95": {"write": {"device_start": -1, "host_queued_start": 1585627614.140268, "device_queued": -1, "device_end": -1, "host_queued_end": 1585627614.157093}, "device": "cpu", "nd_range": {"device_start": 2295388.579161156, "device_end": 2295388.5793719743}, "cmdq": 1, "read": {"device_start": -1, "device_end": -1}}, "coalesced_transpose57": {"write": {"device_start": -1, "host_queued_start": 1585627614.131198, "device_queued": -1, "device_end": -1, "host_queued_end": 1585627614.157093}, "device": "cpu", "nd_range": {"device_start": 2295388.4909528024, "device_end": 2295388.491197638}, "cmdq": 0, "read": {"device_start": -1, "device_end": -1}}, "empty26": {"write": {"device_start": -1, "host_queued_start": 1585627614.08277, "device_queued": -1, "device_end": -1, "host_queued_end": 1585627614.157093}, "device": "cpu", "nd_range": {"device_start": 2295388.346724384, "device_end": 2295388.346737496}, "cmdq": 2, "read": {"device_start": -1, "device_end": -1}}, "softmax113": {"write": {"device_start": -1, "host_queued_start": 1585627614.076313, "device_queued": -1, "device_end": -1, "host_queued_end": 1585627614.079441}, "device": "gpu", "nd_range": {"device_start": 1585627547.5313163, "device_end": 1585627547.5318494}, "cmdq": 2, "read": {"device_start": -1, "device_end": -1}}, "FFC_sans_bias11": {"write": {"device_start": -1, "host_queued_start": 1585627614.096725, "device_queued": -1, "device_end": -1, "host_queued_end": 1585627614.157093}, "device": "cpu", "nd_range": {"device_start": 2295388.355873886, "device_end": 2295388.36548032}, "cmdq": 2, "read": {"device_start": -1, "device_end": -1}}, "FFC_sans_bias42": {"write": {"device_start": -1, "host_queued_start": 1585627614.142308, "device_queued": -1, "device_end": -1, "host_queued_end": 1585627614.157093}, "device": "cpu", "nd_range": {"device_start": 2295388.594694652, "device_end": 2295388.6101435344}, "cmdq": 1, "read": {"device_start": -1, "device_end": -1}}, "FFC_sans_bias43": {"write": {"device_start": -1, "host_queued_start": 1585627614.150002, "device_queued": -1, "device_end": -1, "host_queued_end": 1585627614.157093}, "device": "cpu", "nd_range": {"device_start": 2295388.668004907, "device_end": 2295388.678925874}, "cmdq": 1, "read": {"device_start": -1, "device_end": -1}}, "FFC_sans_bias40": {"write": {"device_start": -1, "host_queued_start": 1585627614.134714, "device_queued": -1, "device_end": -1, "host_queued_end": 1585627614.157093}, "device": "cpu", "nd_range": {"device_start": 2295388.53244096, "device_end": 2295388.547749421}, "cmdq": 1, "read": {"device_start": -1, "device_end": -1}}, "FFC_sans_bias46": {"write": {"device_start": -1, "host_queued_start": 1585627614.108565, "device_queued": -1, "device_end": -1, "host_queued_end": 1585627614.157093}, "device": "cpu", "nd_range": {"device_start": 2295388.427619913, "device_end": 2295388.444613854}, "cmdq": 1, "read": {"device_start": -1, "device_end": -1}}, "FFC_sans_bias47": {"write": {"device_start": -1, "host_queued_start": 1585627614.109638, "device_queued": -1, "device_end": -1, "host_queued_end": 1585627614.157093}, "device": "cpu", "nd_range": {"device_start": 2295388.397829925, "device_end": 2295388.41371345}, "cmdq": 2, "read": {"device_start": -1, "device_end": -1}}, "FFC_sans_bias45": {"write": {"device_start": -1, "host_queued_start": 1585627614.107508, "device_queued": -1, "device_end": -1, "host_queued_end": 1585627614.157093}, "device": "cpu", "nd_range": {"device_start": 2295388.4122094293, "device_end": 2295388.426477412}, "cmdq": 0, "read": {"device_start": -1, "device_end": -1}}, "FFC_sans_bias49": {"write": {"device_start": -1, "host_queued_start": 1585627614.135061, "device_queued": -1, "device_end": -1, "host_queued_end": 1585627614.157093}, "device": "cpu", "nd_range": {"device_start": 2295388.536763567, "device_end": 2295388.554638829}, "cmdq": 2, "read": {"device_start": -1, "device_end": -1}}, "softmax77": {"write": {"device_start": -1, "host_queued_start": 1585627614.139708, "device_queued": -1, "device_end": -1, "host_queued_end": 1585627614.157093}, "device": "cpu", "nd_range": {"device_start": 2295388.58890565, "device_end": 2295388.5891210563}, "cmdq": 2, "read": {"device_start": -1, "device_end": -1}}, "FFC_sans_bias119": {"write": {"device_start": 1585627547.5285556, "host_queued_start": 1585627614.074817, "device_queued": 1585627547.5280893, "device_end": 1585627547.528586, "host_queued_end": 1585627614.079441}, "device": "gpu", "nd_range": {"device_start": 1585627547.528591, "device_end": 1585627547.5308228}, "cmdq": 2, "read": {"device_start": -1, "device_end": -1}}, "FFC_sans_bias118": {"write": {"device_start": 1585627547.528189, "host_queued_start": 1585627614.073732, "device_queued": 1585627547.5280683, "device_end": 1585627547.5282133, "host_queued_end": 1585627614.079441}, "device": "gpu", "nd_range": {"device_start": 1585627547.528317, "device_end": 1585627547.530387}, "cmdq": 1, "read": {"device_start": -1, "device_end": -1}}, "FFC_sans_bias115": {"write": {"device_start": 1585627547.5319052, "host_queued_start": 1585627614.07822, "device_queued": 1585627547.528716, "device_end": 1585627547.5319626, "host_queued_end": 1585627614.079441}, "device": "gpu", "nd_range": {"device_start": 1585627547.5324614, "device_end": 1585627547.5334232}, "cmdq": 1, "read": {"device_start": 1585627547.5334263, "device_end": 1585627547.5334501}}, "FFC_sans_bias114": {"write": {"device_start": -1, "host_queued_start": 1585627614.076872, "device_queued": -1, "device_end": -1, "host_queued_end": 1585627614.079441}, "device": "gpu", "nd_range": {"device_start": 1585627547.5318525, "device_end": 1585627547.5324578}, "cmdq": 4, "read": {"device_start": -1, "device_end": -1}}, "FFC_sans_bias117": {"write": {"device_start": 1585627547.5281053, "host_queued_start": 1585627614.072694, "device_queued": 1585627547.5280075, "device_end": 1585627547.5281746, "host_queued_end": 1585627614.079441}, "device": "gpu", "nd_range": {"device_start": 1585627547.528182, "device_end": 1585627547.5298343}, "cmdq": 0, "read": {"device_start": -1, "device_end": -1}}, "softmax5": {"write": {"device_start": -1, "host_queued_start": 1585627614.137434, "device_queued": -1, "device_end": -1, "host_queued_end": 1585627614.157093}, "device": "cpu", "nd_range": {"device_start": 2295388.5532766343, "device_end": 2295388.553506317}, "cmdq": 0, "read": {"device_start": -1, "device_end": -1}}, "FFC_sans_bias110": {"write": {"device_start": 1585627547.5278635, "host_queued_start": 1585627614.071624, "device_queued": 1585627547.5277693, "device_end": 1585627547.5278947, "host_queued_end": 1585627614.079441}, "device": "gpu", "nd_range": {"device_start": 1585627547.5278976, "device_end": 1585627547.5294218}, "cmdq": 4, "read": {"device_start": -1, "device_end": -1}}, "FFC_sans_bias112": {"write": {"device_start": -1, "host_queued_start": 1585627614.075759, "device_queued": -1, "device_end": -1, "host_queued_end": 1585627614.079441}, "device": "gpu", "nd_range": {"device_start": 1585627547.5306745, "device_end": 1585627547.5313108}, "cmdq": 0, "read": {"device_start": -1, "device_end": -1}}, "empty53": {"write": {"device_start": -1, "host_queued_start": 1585627614.085341, "device_queued": -1, "device_end": -1, "host_queued_end": 1585627614.157093}, "device": "cpu", "nd_range": {"device_start": 2295388.346760095, "device_end": 2295388.346761412}, "cmdq": 2, "read": {"device_start": -1, "device_end": -1}}, "coalesced_transpose48": {"write": {"device_start": -1, "host_queued_start": 1585627614.130864, "device_queued": -1, "device_end": -1, "host_queued_end": 1585627614.157093}, "device": "cpu", "nd_range": {"device_start": 2295388.49950216, "device_end": 2295388.4997577122}, "cmdq": 2, "read": {"device_start": -1, "device_end": -1}}}