{"FFC_sans_bias4": {"write": {"device_start": -1, "host_queued_start": 1585626785.422746, "device_queued": -1, "device_end": -1, "host_queued_end": 1585626785.426902}, "device": "cpu", "nd_range": {"device_start": 2294559.633082929, "device_end": 2294559.644620237}, "cmdq": 0, "read": {"device_start": -1, "device_end": -1}}, "FFC_sans_bias7": {"write": {"device_start": -1, "host_queued_start": 1585626785.425689, "device_queued": -1, "device_end": -1, "host_queued_end": 1585626785.426902}, "device": "cpu", "nd_range": {"device_start": 2294559.6671549813, "device_end": 2294559.6738159563}, "cmdq": 1, "read": {"device_start": -1, "device_end": -1}}, "FFC_sans_bias6": {"write": {"device_start": -1, "host_queued_start": 1585626785.424154, "device_queued": -1, "device_end": -1, "host_queued_end": 1585626785.426902}, "device": "cpu", "nd_range": {"device_start": 2294559.6535196183, "device_end": 2294559.6669596313}, "cmdq": 4, "read": {"device_start": -1, "device_end": -1}}, "FFC_sans_bias1": {"write": {"device_start": -1, "host_queued_start": 1585626785.416596, "device_queued": -1, "device_end": -1, "host_queued_end": 1585626785.426902}, "device": "cpu", "nd_range": {"device_start": 2294559.616779808, "device_end": 2294559.632427675}, "cmdq": 3, "read": {"device_start": -1, "device_end": -1}}, "FFC_sans_bias0": {"write": {"device_start": -1, "host_queued_start": 1585626785.415357, "device_queued": -1, "device_end": -1, "host_queued_end": 1585626785.426902}, "device": "cpu", "nd_range": {"device_start": 2294559.616513514, "device_end": 2294559.632974776}, "cmdq": 2, "read": {"device_start": -1, "device_end": -1}}, "FFC_sans_bias2": {"write": {"device_start": -1, "host_queued_start": 1585626785.417843, "device_queued": -1, "device_end": -1, "host_queued_end": 1585626785.426902}, "device": "cpu", "nd_range": {"device_start": 2294559.632917785, "device_end": 2294559.65309364}, "cmdq": 4, "read": {"device_start": -1, "device_end": -1}}, "coalesced_transpose120": {"write": {"device_start": -1, "host_queued_start": 1585626785.386972, "device_queued": -1, "device_end": -1, "host_queued_end": 1585626785.410853}, "device": "gpu", "nd_range": {"device_start": 1585626718.9079, "device_end": 1585626718.9079092}, "cmdq": 0, "read": {"device_start": -1, "device_end": -1}}, "FFC_sans_bias9": {"write": {"device_start": -1, "host_queued_start": 1585626785.419231, "device_queued": -1, "device_end": -1, "host_queued_end": 1585626785.426902}, "device": "cpu", "nd_range": {"device_start": 2294559.616516652, "device_end": 2294559.633055441}, "cmdq": 0, "read": {"device_start": -1, "device_end": -1}}, "empty71": {"write": {"device_start": 1585626718.881439, "host_queued_start": 1585626785.340153, "device_queued": 1585626718.8811147, "device_end": 1585626718.881463, "host_queued_end": 1585626785.410853}, "device": "gpu", "nd_range": {"device_start": 1585626718.8814678, "device_end": 1585626718.8814712}, "cmdq": 0, "read": {"device_start": -1, "device_end": -1}}, "softmax41": {"write": {"device_start": -1, "host_queued_start": 1585626785.391728, "device_queued": -1, "device_end": -1, "host_queued_end": 1585626785.410853}, "device": "gpu", "nd_range": {"device_start": 1585626718.915533, "device_end": 1585626718.9157426}, "cmdq": 0, "read": {"device_start": -1, "device_end": -1}}, "FFC_sans_bias37": {"write": {"device_start": 1585626718.88713, "host_queued_start": 1585626785.353522, "device_queued": 1585626718.8822672, "device_end": 1585626718.8871598, "host_queued_end": 1585626785.410853}, "device": "gpu", "nd_range": {"device_start": 1585626718.8871698, "device_end": 1585626718.887699}, "cmdq": 0, "read": {"device_start": -1, "device_end": -1}}, "FFC_sans_bias36": {"write": {"device_start": 1585626718.8864267, "host_queued_start": 1585626785.352472, "device_queued": 1585626718.8822346, "device_end": 1585626718.8864572, "host_queued_end": 1585626785.410853}, "device": "gpu", "nd_range": {"device_start": 1585626718.886462, "device_end": 1585626718.88706}, "cmdq": 0, "read": {"device_start": -1, "device_end": -1}}, "FFC_sans_bias34": {"write": {"device_start": 1585626718.9257405, "host_queued_start": 1585626785.400052, "device_queued": 1585626718.8870502, "device_end": 1585626718.9257698, "host_queued_end": 1585626785.410853}, "device": "gpu", "nd_range": {"device_start": 1585626718.9257731, "device_end": 1585626718.9263701}, "cmdq": 0, "read": {"device_start": 1585626718.9263763, "device_end": 1585626718.9263985}}, "FFC_sans_bias33": {"write": {"device_start": -1, "host_queued_start": 1585626785.394652, "device_queued": -1, "device_end": -1, "host_queued_end": 1585626785.410853}, "device": "gpu", "nd_range": {"device_start": 1585626718.918236, "device_end": 1585626718.9188356}, "cmdq": 0, "read": {"device_start": -1, "device_end": -1}}, "FFC_sans_bias31": {"write": {"device_start": -1, "host_queued_start": 1585626785.38763, "device_queued": -1, "device_end": -1, "host_queued_end": 1585626785.410853}, "device": "gpu", "nd_range": {"device_start": 1585626718.9085042, "device_end": 1585626718.9091024}, "cmdq": 0, "read": {"device_start": -1, "device_end": -1}}, "FFC_sans_bias38": {"write": {"device_start": 1585626718.8878284, "host_queued_start": 1585626785.354602, "device_queued": 1585626718.8824022, "device_end": 1585626718.8878534, "host_queued_end": 1585626785.410853}, "device": "gpu", "nd_range": {"device_start": 1585626718.887859, "device_end": 1585626718.888458}, "cmdq": 0, "read": {"device_start": -1, "device_end": -1}}, "coalesced_transpose75": {"write": {"device_start": -1, "host_queued_start": 1585626785.385425, "device_queued": -1, "device_end": -1, "host_queued_end": 1585626785.410853}, "device": "gpu", "nd_range": {"device_start": 1585626718.907853, "device_end": 1585626718.907861}, "cmdq": 0, "read": {"device_start": -1, "device_end": -1}}, "empty44": {"write": {"device_start": 1585626718.8810258, "host_queued_start": 1585626785.337412, "device_queued": 1585626718.8808208, "device_end": 1585626718.8810513, "host_queued_end": 1585626785.410853}, "device": "gpu", "nd_range": {"device_start": 1585626718.8810542, "device_end": 1585626718.881063}, "cmdq": 0, "read": {"device_start": -1, "device_end": -1}}, "empty8": {"write": {"device_start": -1, "host_queued_start": 1585626785.412968, "device_queued": -1, "device_end": -1, "host_queued_end": 1585626785.426902}, "device": "cpu", "nd_range": {"device_start": 2294559.616481028, "device_end": 2294559.616491748}, "cmdq": 0, "read": {"device_start": -1, "device_end": -1}}, "softmax50": {"write": {"device_start": -1, "host_queued_start": 1585626785.391985, "device_queued": -1, "device_end": -1, "host_queued_end": 1585626785.410853}, "device": "gpu", "nd_range": {"device_start": 1585626718.9157436, "device_end": 1585626718.9159527}, "cmdq": 0, "read": {"device_start": -1, "device_end": -1}}, "softmax59": {"write": {"device_start": -1, "host_queued_start": 1585626785.392239, "device_queued": -1, "device_end": -1, "host_queued_end": 1585626785.410853}, "device": "gpu", "nd_range": {"device_start": 1585626718.9159544, "device_end": 1585626718.9161646}, "cmdq": 0, "read": {"device_start": -1, "device_end": -1}}, "FFC_sans_bias24": {"write": {"device_start": -1, "host_queued_start": 1585626785.394326, "device_queued": -1, "device_end": -1, "host_queued_end": 1585626785.410853}, "device": "gpu", "nd_range": {"device_start": 1585626718.9176452, "device_end": 1585626718.918235}, "cmdq": 0, "read": {"device_start": -1, "device_end": -1}}, "FFC_sans_bias25": {"write": {"device_start": 1585626718.9249156, "host_queued_start": 1585626785.398986, "device_queued": 1585626718.8869693, "device_end": 1585626718.924939, "host_queued_end": 1585626785.410853}, "device": "gpu", "nd_range": {"device_start": 1585626718.924944, "device_end": 1585626718.9255419}, "cmdq": 0, "read": {"device_start": 1585626718.9255505, "device_end": 1585626718.9255736}}, "FFC_sans_bias27": {"write": {"device_start": 1585626718.8843815, "host_queued_start": 1585626785.34926, "device_queued": 1585626718.8818424, "device_end": 1585626718.884411, "host_queued_end": 1585626785.410853}, "device": "gpu", "nd_range": {"device_start": 1585626718.8844159, "device_end": 1585626718.8850098}, "cmdq": 0, "read": {"device_start": -1, "device_end": -1}}, "FFC_sans_bias20": {"write": {"device_start": 1585626718.883648, "host_queued_start": 1585626785.348212, "device_queued": 1585626718.8818018, "device_end": 1585626718.883678, "host_queued_end": 1585626785.410853}, "device": "gpu", "nd_range": {"device_start": 1585626718.8836868, "device_end": 1585626718.884285}, "cmdq": 0, "read": {"device_start": -1, "device_end": -1}}, "FFC_sans_bias22": {"write": {"device_start": -1, "host_queued_start": 1585626785.387298, "device_queued": -1, "device_end": -1, "host_queued_end": 1585626785.410853}, "device": "gpu", "nd_range": {"device_start": 1585626718.9079106, "device_end": 1585626718.908503}, "cmdq": 0, "read": {"device_start": -1, "device_end": -1}}, "FFC_sans_bias28": {"write": {"device_start": 1585626718.8850877, "host_queued_start": 1585626785.350325, "device_queued": 1585626718.882014, "device_end": 1585626718.8851116, "host_queued_end": 1585626785.410853}, "device": "gpu", "nd_range": {"device_start": 1585626718.8851142, "device_end": 1585626718.8857}, "cmdq": 0, "read": {"device_start": -1, "device_end": -1}}, "FFC_sans_bias29": {"write": {"device_start": 1585626718.8857884, "host_queued_start": 1585626785.351421, "device_queued": 1585626718.88206, "device_end": 1585626718.8858185, "host_queued_end": 1585626785.410853}, "device": "gpu", "nd_range": {"device_start": 1585626718.8858237, "device_end": 1585626718.8863297}, "cmdq": 0, "read": {"device_start": -1, "device_end": -1}}, "coalesced_transpose66": {"write": {"device_start": -1, "host_queued_start": 1585626785.385111, "device_queued": -1, "device_end": -1, "host_queued_end": 1585626785.410853}, "device": "gpu", "nd_range": {"device_start": 1585626718.9078422, "device_end": 1585626718.9078512}, "cmdq": 0, "read": {"device_start": -1, "device_end": -1}}, "coalesced_transpose93": {"write": {"device_start": -1, "host_queued_start": 1585626785.38604, "device_queued": -1, "device_end": -1, "host_queued_end": 1585626785.410853}, "device": "gpu", "nd_range": {"device_start": 1585626718.9078712, "device_end": 1585626718.90788}, "cmdq": 0, "read": {"device_start": -1, "device_end": -1}}, "softmax23": {"write": {"device_start": -1, "host_queued_start": 1585626785.391212, "device_queued": -1, "device_end": -1, "host_queued_end": 1585626785.410853}, "device": "gpu", "nd_range": {"device_start": 1585626718.9151082, "device_end": 1585626718.9153204}, "cmdq": 0, "read": {"device_start": -1, "device_end": -1}}, "empty62": {"write": {"device_start": 1585626718.8813064, "host_queued_start": 1585626785.339231, "device_queued": 1585626718.8810725, "device_end": 1585626718.8813367, "host_queued_end": 1585626785.410853}, "device": "gpu", "nd_range": {"device_start": 1585626718.881347, "device_end": 1585626718.8813508}, "cmdq": 0, "read": {"device_start": -1, "device_end": -1}}, "FFC_sans_bias10": {"write": {"device_start": -1, "host_queued_start": 1585626785.420447, "device_queued": -1, "device_end": -1, "host_queued_end": 1585626785.426902}, "device": "cpu", "nd_range": {"device_start": 2294559.616510243, "device_end": 2294559.631937811}, "cmdq": 1, "read": {"device_start": -1, "device_end": -1}}, "FFC_sans_bias13": {"write": {"device_start": -1, "host_queued_start": 1585626785.423199, "device_queued": -1, "device_end": -1, "host_queued_end": 1585626785.426902}, "device": "cpu", "nd_range": {"device_start": 2294559.653538016, "device_end": 2294559.6618488193}, "cmdq": 1, "read": {"device_start": -1, "device_end": -1}}, "FFC_sans_bias15": {"write": {"device_start": -1, "host_queued_start": 1585626785.424541, "device_queued": -1, "device_end": -1, "host_queued_end": 1585626785.426902}, "device": "cpu", "nd_range": {"device_start": 2294559.6622174783, "device_end": 2294559.6676121643}, "cmdq": 0, "read": {"device_start": -1, "device_end": -1}}, "FFC_sans_bias16": {"write": {"device_start": -1, "host_queued_start": 1585626785.426855, "device_queued": -1, "device_end": -1, "host_queued_end": 1585626785.426902}, "device": "cpu", "nd_range": {"device_start": 2294559.667725902, "device_end": 2294559.6750731682}, "cmdq": 2, "read": {"device_start": -1, "device_end": -1}}, "FFC_sans_bias19": {"write": {"device_start": 1585626718.8829255, "host_queued_start": 1585626785.347154, "device_queued": 1585626718.8816328, "device_end": 1585626718.8829548, "host_queued_end": 1585626785.410853}, "device": "gpu", "nd_range": {"device_start": 1585626718.8829575, "device_end": 1585626718.8835564}, "cmdq": 0, "read": {"device_start": -1, "device_end": -1}}, "FFC_sans_bias18": {"write": {"device_start": 1585626718.882198, "host_queued_start": 1585626785.346079, "device_queued": 1585626718.8815858, "device_end": 1585626718.8822224, "host_queued_end": 1585626785.410853}, "device": "gpu", "nd_range": {"device_start": 1585626718.8822267, "device_end": 1585626718.8828251}, "cmdq": 0, "read": {"device_start": -1, "device_end": -1}}, "FFC_sans_bias99": {"write": {"device_start": 1585626718.901598, "host_queued_start": 1585626785.374711, "device_queued": 1585626718.884099, "device_end": 1585626718.9016216, "host_queued_end": 1585626785.410853}, "device": "gpu", "nd_range": {"device_start": 1585626718.9016275, "device_end": 1585626718.902225}, "cmdq": 0, "read": {"device_start": -1, "device_end": -1}}, "FFC_sans_bias91": {"write": {"device_start": 1585626718.9001973, "host_queued_start": 1585626785.37258, "device_queued": 1585626718.8839028, "device_end": 1585626718.9002206, "host_queued_end": 1585626785.410853}, "device": "gpu", "nd_range": {"device_start": 1585626718.9002266, "device_end": 1585626718.9008214}, "cmdq": 0, "read": {"device_start": -1, "device_end": -1}}, "FFC_sans_bias90": {"write": {"device_start": 1585626718.8994896, "host_queued_start": 1585626785.371538, "device_queued": 1585626718.8838491, "device_end": 1585626718.8995135, "host_queued_end": 1585626785.410853}, "device": "gpu", "nd_range": {"device_start": 1585626718.899517, "device_end": 1585626718.9001184}, "cmdq": 0, "read": {"device_start": -1, "device_end": -1}}, "coalesced_transpose12": {"write": {"device_start": -1, "host_queued_start": 1585626785.422384, "device_queued": -1, "device_end": -1, "host_queued_end": 1585626785.426902}, "device": "cpu", "nd_range": {"device_start": 2294559.6531376643, "device_end": 2294559.6533735003}, "cmdq": 4, "read": {"device_start": -1, "device_end": -1}}, "FFC_sans_bias94": {"write": {"device_start": -1, "host_queued_start": 1585626785.389936, "device_queued": -1, "device_end": -1, "host_queued_end": 1585626785.410853}, "device": "gpu", "nd_range": {"device_start": 1585626718.9127102, "device_end": 1585626718.9133046}, "cmdq": 0, "read": {"device_start": -1, "device_end": -1}}, "FFC_sans_bias97": {"write": {"device_start": 1585626718.9313471, "host_queued_start": 1585626785.407525, "device_queued": 1585626718.8880086, "device_end": 1585626718.931377, "host_queued_end": 1585626785.410853}, "device": "gpu", "nd_range": {"device_start": 1585626718.9313798, "device_end": 1585626718.9319758}, "cmdq": 0, "read": {"device_start": 1585626718.9319847, "device_end": 1585626718.9320068}}, "FFC_sans_bias96": {"write": {"device_start": -1, "host_queued_start": 1585626785.396926, "device_queued": -1, "device_end": -1, "host_queued_end": 1585626785.410853}, "device": "gpu", "nd_range": {"device_start": 1585626718.9224243, "device_end": 1585626718.9230168}, "cmdq": 0, "read": {"device_start": -1, "device_end": -1}}, "FFC_sans_bias124": {"write": {"device_start": 1585626718.9338048, "host_queued_start": 1585626785.41075, "device_queued": 1585626718.8882651, "device_end": 1585626718.933828, "host_queued_end": 1585626785.410853}, "device": "gpu", "nd_range": {"device_start": 1585626718.933831, "device_end": 1585626718.93443}, "cmdq": 0, "read": {"device_start": 1585626718.9344373, "device_end": 1585626718.9344594}}, "softmax32": {"write": {"device_start": -1, "host_queued_start": 1585626785.39147, "device_queued": -1, "device_end": -1, "host_queued_end": 1585626785.410853}, "device": "gpu", "nd_range": {"device_start": 1585626718.9153214, "device_end": 1585626718.915532}, "cmdq": 0, "read": {"device_start": -1, "device_end": -1}}, "coalesced_transpose84": {"write": {"device_start": -1, "host_queued_start": 1585626785.385733, "device_queued": -1, "device_end": -1, "host_queued_end": 1585626785.410853}, "device": "gpu", "nd_range": {"device_start": 1585626718.9078622, "device_end": 1585626718.90787}, "cmdq": 0, "read": {"device_start": -1, "device_end": -1}}, "FFC_sans_bias121": {"write": {"device_start": -1, "host_queued_start": 1585626785.390947, "device_queued": -1, "device_end": -1, "host_queued_end": 1585626785.410853}, "device": "gpu", "nd_range": {"device_start": 1585626718.9145079, "device_end": 1585626718.915107}, "cmdq": 0, "read": {"device_start": -1, "device_end": -1}}, "empty98": {"write": {"device_start": 1585626718.8817647, "host_queued_start": 1585626785.342634, "device_queued": 1585626718.8813474, "device_end": 1585626718.8817906, "host_queued_end": 1585626785.410853}, "device": "gpu", "nd_range": {"device_start": 1585626718.881801, "device_end": 1585626718.8818045}, "cmdq": 0, "read": {"device_start": -1, "device_end": -1}}, "empty107": {"write": {"device_start": 1585626718.88187, "host_queued_start": 1585626785.343452, "device_queued": 1585626718.881392, "device_end": 1585626718.881895, "host_queued_end": 1585626785.410853}, "device": "gpu", "nd_range": {"device_start": 1585626718.8818982, "device_end": 1585626718.8819015}, "cmdq": 0, "read": {"device_start": -1, "device_end": -1}}, "empty17": {"write": {"device_start": -1, "host_queued_start": 1585626785.414062, "device_queued": -1, "device_end": -1, "host_queued_end": 1585626785.426902}, "device": "cpu", "nd_range": {"device_start": 2294559.61648096, "device_end": 2294559.616491797}, "cmdq": 1, "read": {"device_start": -1, "device_end": -1}}, "FFC_sans_bias87": {"write": {"device_start": -1, "host_queued_start": 1585626785.396604, "device_queued": -1, "device_end": -1, "host_queued_end": 1585626785.410853}, "device": "gpu", "nd_range": {"device_start": 1585626718.9218245, "device_end": 1585626718.9224231}, "cmdq": 0, "read": {"device_start": -1, "device_end": -1}}, "FFC_sans_bias85": {"write": {"device_start": -1, "host_queued_start": 1585626785.389577, "device_queued": -1, "device_end": -1, "host_queued_end": 1585626785.410853}, "device": "gpu", "nd_range": {"device_start": 1585626718.912109, "device_end": 1585626718.9127083}, "cmdq": 0, "read": {"device_start": -1, "device_end": -1}}, "FFC_sans_bias82": {"write": {"device_start": 1585626718.8980799, "host_queued_start": 1585626785.369384, "device_queued": 1585626718.883637, "device_end": 1585626718.8981037, "host_queued_end": 1585626785.410853}, "device": "gpu", "nd_range": {"device_start": 1585626718.898107, "device_end": 1585626718.898708}, "cmdq": 0, "read": {"device_start": -1, "device_end": -1}}, "FFC_sans_bias83": {"write": {"device_start": 1585626718.8987882, "host_queued_start": 1585626785.370483, "device_queued": 1585626718.8836849, "device_end": 1585626718.8988116, "host_queued_end": 1585626785.410853}, "device": "gpu", "nd_range": {"device_start": 1585626718.8988175, "device_end": 1585626718.8994145}, "cmdq": 0, "read": {"device_start": -1, "device_end": -1}}, "FFC_sans_bias81": {"write": {"device_start": 1585626718.897369, "host_queued_start": 1585626785.368345, "device_queued": 1585626718.8834987, "device_end": 1585626718.8973932, "host_queued_end": 1585626785.410853}, "device": "gpu", "nd_range": {"device_start": 1585626718.8973994, "device_end": 1585626718.8980014}, "cmdq": 0, "read": {"device_start": -1, "device_end": -1}}, "FFC_sans_bias88": {"write": {"device_start": 1585626718.930554, "host_queued_start": 1585626785.406431, "device_queued": 1585626718.8878717, "device_end": 1585626718.9305842, "host_queued_end": 1585626785.410853}, "device": "gpu", "nd_range": {"device_start": 1585626718.930587, "device_end": 1585626718.9311843}, "cmdq": 0, "read": {"device_start": 1585626718.9311912, "device_end": 1585626718.9312131}}, "coalesced_transpose30": {"write": {"device_start": -1, "host_queued_start": 1585626785.383868, "device_queued": -1, "device_end": -1, "host_queued_end": 1585626785.410853}, "device": "gpu", "nd_range": {"device_start": 1585626718.9078047, "device_end": 1585626718.9078133}, "cmdq": 0, "read": {"device_start": -1, "device_end": -1}}, "coalesced_transpose39": {"write": {"device_start": -1, "host_queued_start": 1585626785.384175, "device_queued": -1, "device_end": -1, "host_queued_end": 1585626785.410853}, "device": "gpu", "nd_range": {"device_start": 1585626718.9078143, "device_end": 1585626718.9078226}, "cmdq": 0, "read": {"device_start": -1, "device_end": -1}}, "FFC_sans_bias79": {"write": {"device_start": 1585626718.9297545, "host_queued_start": 1585626785.405372, "device_queued": 1585626718.8877966, "device_end": 1585626718.9297838, "host_queued_end": 1585626785.410853}, "device": "gpu", "nd_range": {"device_start": 1585626718.9297903, "device_end": 1585626718.9303887}, "cmdq": 0, "read": {"device_start": 1585626718.9303904, "device_end": 1585626718.9304123}}, "FFC_sans_bias78": {"write": {"device_start": -1, "host_queued_start": 1585626785.396284, "device_queued": -1, "device_end": -1, "host_queued_end": 1585626785.410853}, "device": "gpu", "nd_range": {"device_start": 1585626718.9212258, "device_end": 1585626718.9218233}, "cmdq": 0, "read": {"device_start": -1, "device_end": -1}}, "FFC_sans_bias73": {"write": {"device_start": 1585626718.895929, "host_queued_start": 1585626785.366236, "device_queued": 1585626718.883325, "device_end": 1585626718.8959582, "host_queued_end": 1585626785.410853}, "device": "gpu", "nd_range": {"device_start": 1585626718.8959615, "device_end": 1585626718.8965623}, "cmdq": 0, "read": {"device_start": -1, "device_end": -1}}, "FFC_sans_bias72": {"write": {"device_start": 1585626718.8951888, "host_queued_start": 1585626785.365193, "device_queued": 1585626718.8832755, "device_end": 1585626718.895219, "host_queued_end": 1585626785.410853}, "device": "gpu", "nd_range": {"device_start": 1585626718.895222, "device_end": 1585626718.895826}, "cmdq": 0, "read": {"device_start": -1, "device_end": -1}}, "FFC_sans_bias70": {"write": {"device_start": 1585626718.9289474, "host_queued_start": 1585626785.40431, "device_queued": 1585626718.8875773, "device_end": 1585626718.928977, "host_queued_end": 1585626785.410853}, "device": "gpu", "nd_range": {"device_start": 1585626718.9289834, "device_end": 1585626718.9295828}, "cmdq": 0, "read": {"device_start": 1585626718.9295917, "device_end": 1585626718.9296136}}, "FFC_sans_bias76": {"write": {"device_start": -1, "host_queued_start": 1585626785.389249, "device_queued": -1, "device_end": -1, "host_queued_end": 1585626785.410853}, "device": "gpu", "nd_range": {"device_start": 1585626718.9115045, "device_end": 1585626718.912108}, "cmdq": 0, "read": {"device_start": -1, "device_end": -1}}, "FFC_sans_bias74": {"write": {"device_start": 1585626718.8966596, "host_queued_start": 1585626785.367301, "device_queued": 1585626718.8834658, "device_end": 1585626718.8966873, "host_queued_end": 1585626785.410853}, "device": "gpu", "nd_range": {"device_start": 1585626718.8966963, "device_end": 1585626718.897289}, "cmdq": 0, "read": {"device_start": -1, "device_end": -1}}, "coalesced_transpose102": {"write": {"device_start": -1, "host_queued_start": 1585626785.38635, "device_queued": -1, "device_end": -1, "host_queued_end": 1585626785.410853}, "device": "gpu", "nd_range": {"device_start": 1585626718.907881, "device_end": 1585626718.9078894}, "cmdq": 0, "read": {"device_start": -1, "device_end": -1}}, "coalesced_transpose3": {"write": {"device_start": -1, "host_queued_start": 1585626785.421995, "device_queued": -1, "device_end": -1, "host_queued_end": 1585626785.426902}, "device": "cpu", "nd_range": {"device_start": 2294559.632556959, "device_end": 2294559.632794499}, "cmdq": 3, "read": {"device_start": -1, "device_end": -1}}, "empty89": {"write": {"device_start": 1585626718.8816433, "host_queued_start": 1585626785.341785, "device_queued": 1585626718.8811753, "device_end": 1585626718.8816676, "host_queued_end": 1585626785.410853}, "device": "gpu", "nd_range": {"device_start": 1585626718.8816717, "device_end": 1585626718.8816755}, "cmdq": 0, "read": {"device_start": -1, "device_end": -1}}, "FFC_sans_bias123": {"write": {"device_start": -1, "host_queued_start": 1585626785.397946, "device_queued": -1, "device_end": -1, "host_queued_end": 1585626785.410853}, "device": "gpu", "nd_range": {"device_start": 1585626718.9242184, "device_end": 1585626718.924817}, "cmdq": 0, "read": {"device_start": -1, "device_end": -1}}, "empty80": {"write": {"device_start": 1585626718.881546, "host_queued_start": 1585626785.34097, "device_queued": 1585626718.8811474, "device_end": 1585626718.8815691, "host_queued_end": 1585626785.410853}, "device": "gpu", "nd_range": {"device_start": 1585626718.8815732, "device_end": 1585626718.8815765}, "cmdq": 0, "read": {"device_start": -1, "device_end": -1}}, "empty116": {"write": {"device_start": 1585626718.8819792, "host_queued_start": 1585626785.344268, "device_queued": 1585626718.881425, "device_end": 1585626718.8820033, "host_queued_end": 1585626785.410853}, "device": "gpu", "nd_range": {"device_start": 1585626718.8820114, "device_end": 1585626718.8820152}, "cmdq": 0, "read": {"device_start": -1, "device_end": -1}}, "softmax104": {"write": {"device_start": -1, "host_queued_start": 1585626785.393504, "device_queued": -1, "device_end": -1, "host_queued_end": 1585626785.410853}, "device": "gpu", "nd_range": {"device_start": 1585626718.917011, "device_end": 1585626718.9172206}, "cmdq": 0, "read": {"device_start": -1, "device_end": -1}}, "coalesced_transpose21": {"write": {"device_start": -1, "host_queued_start": 1585626785.383552, "device_queued": -1, "device_end": -1, "host_queued_end": 1585626785.410853}, "device": "gpu", "nd_range": {"device_start": 1585626718.9077938, "device_end": 1585626718.9078038}, "cmdq": 0, "read": {"device_start": -1, "device_end": -1}}, "softmax14": {"write": {"device_start": -1, "host_queued_start": 1585626785.423803, "device_queued": -1, "device_end": -1, "host_queued_end": 1585626785.426902}, "device": "cpu", "nd_range": {"device_start": 2294559.662001178, "device_end": 2294559.6620929483}, "cmdq": 3, "read": {"device_start": -1, "device_end": -1}}, "FFC_sans_bias69": {"write": {"device_start": -1, "host_queued_start": 1585626785.39596, "device_queued": -1, "device_end": -1, "host_queued_end": 1585626785.410853}, "device": "gpu", "nd_range": {"device_start": 1585626718.9206302, "device_end": 1585626718.9212248}, "cmdq": 0, "read": {"device_start": -1, "device_end": -1}}, "FFC_sans_bias92": {"write": {"device_start": 1585626718.9008987, "host_queued_start": 1585626785.373648, "device_queued": 1585626718.8840446, "device_end": 1585626718.9009228, "host_queued_end": 1585626785.410853}, "device": "gpu", "nd_range": {"device_start": 1585626718.900926, "device_end": 1585626718.9015176}, "cmdq": 0, "read": {"device_start": -1, "device_end": -1}}, "FFC_sans_bias60": {"write": {"device_start": -1, "host_queued_start": 1585626785.395627, "device_queued": -1, "device_end": -1, "host_queued_end": 1585626785.410853}, "device": "gpu", "nd_range": {"device_start": 1585626718.920035, "device_end": 1585626718.9206288}, "cmdq": 0, "read": {"device_start": -1, "device_end": -1}}, "FFC_sans_bias61": {"write": {"device_start": 1585626718.9281476, "host_queued_start": 1585626785.403248, "device_queued": 1585626718.8874974, "device_end": 1585626718.9281769, "host_queued_end": 1585626785.410853}, "device": "gpu", "nd_range": {"device_start": 1585626718.9281836, "device_end": 1585626718.928778}, "cmdq": 0, "read": {"device_start": 1585626718.9287837, "device_end": 1585626718.9288058}}, "FFC_sans_bias63": {"write": {"device_start": 1585626718.8944504, "host_queued_start": 1585626785.364144, "device_queued": 1585626718.883142, "device_end": 1585626718.8944805, "host_queued_end": 1585626785.410853}, "device": "gpu", "nd_range": {"device_start": 1585626718.894483, "device_end": 1585626718.8950837}, "cmdq": 0, "read": {"device_start": -1, "device_end": -1}}, "FFC_sans_bias64": {"write": {"device_start": 1585626718.8929965, "host_queued_start": 1585626785.362019, "device_queued": 1585626718.8829567, "device_end": 1585626718.8930259, "host_queued_end": 1585626785.410853}, "device": "gpu", "nd_range": {"device_start": 1585626718.893029, "device_end": 1585626718.8936265}, "cmdq": 0, "read": {"device_start": -1, "device_end": -1}}, "FFC_sans_bias65": {"write": {"device_start": 1585626718.8937232, "host_queued_start": 1585626785.363099, "device_queued": 1585626718.8830907, "device_end": 1585626718.8937528, "host_queued_end": 1585626785.410853}, "device": "gpu", "nd_range": {"device_start": 1585626718.8937612, "device_end": 1585626718.8943484}, "cmdq": 0, "read": {"device_start": -1, "device_end": -1}}, "FFC_sans_bias67": {"write": {"device_start": -1, "host_queued_start": 1585626785.38893, "device_queued": -1, "device_end": -1, "host_queued_end": 1585626785.410853}, "device": "gpu", "nd_range": {"device_start": 1585626718.9109006, "device_end": 1585626718.9115036}, "cmdq": 0, "read": {"device_start": -1, "device_end": -1}}, "coalesced_transpose111": {"write": {"device_start": -1, "host_queued_start": 1585626785.386668, "device_queued": -1, "device_end": -1, "host_queued_end": 1585626785.410853}, "device": "gpu", "nd_range": {"device_start": 1585626718.9078906, "device_end": 1585626718.907899}, "cmdq": 0, "read": {"device_start": -1, "device_end": -1}}, "softmax68": {"write": {"device_start": -1, "host_queued_start": 1585626785.392492, "device_queued": -1, "device_end": -1, "host_queued_end": 1585626785.410853}, "device": "gpu", "nd_range": {"device_start": 1585626718.9161658, "device_end": 1585626718.9163756}, "cmdq": 0, "read": {"device_start": -1, "device_end": -1}}, "empty125": {"write": {"device_start": 1585626718.882084, "host_queued_start": 1585626785.345085, "device_queued": 1585626718.881452, "device_end": 1585626718.8821087, "host_queued_end": 1585626785.410853}, "device": "gpu", "nd_range": {"device_start": 1585626718.882114, "device_end": 1585626718.8821173}, "cmdq": 0, "read": {"device_start": -1, "device_end": -1}}, "empty35": {"write": {"device_start": 1585626718.8808775, "host_queued_start": 1585626785.336593, "device_queued": 1585626718.8807845, "device_end": 1585626718.880902, "host_queued_end": 1585626785.410853}, "device": "gpu", "nd_range": {"device_start": 1585626718.8809094, "device_end": 1585626718.8809128}, "cmdq": 0, "read": {"device_start": -1, "device_end": -1}}, "softmax86": {"write": {"device_start": -1, "host_queued_start": 1585626785.393001, "device_queued": -1, "device_end": -1, "host_queued_end": 1585626785.410853}, "device": "gpu", "nd_range": {"device_start": 1585626718.916587, "device_end": 1585626718.916798}, "cmdq": 0, "read": {"device_start": -1, "device_end": -1}}, "FFC_sans_bias55": {"write": {"device_start": 1585626718.8922448, "host_queued_start": 1585626785.360955, "device_queued": 1585626718.8829062, "device_end": 1585626718.8922746, "host_queued_end": 1585626785.410853}, "device": "gpu", "nd_range": {"device_start": 1585626718.8922772, "device_end": 1585626718.8928933}, "cmdq": 0, "read": {"device_start": -1, "device_end": -1}}, "FFC_sans_bias54": {"write": {"device_start": 1585626718.8915064, "host_queued_start": 1585626785.359901, "device_queued": 1585626718.8827434, "device_end": 1585626718.8915362, "host_queued_end": 1585626785.410853}, "device": "gpu", "nd_range": {"device_start": 1585626718.891544, "device_end": 1585626718.8921397}, "cmdq": 0, "read": {"device_start": -1, "device_end": -1}}, "FFC_sans_bias56": {"write": {"device_start": 1585626718.890758, "host_queued_start": 1585626785.358853, "device_queued": 1585626718.8827024, "device_end": 1585626718.8907871, "host_queued_end": 1585626785.410853}, "device": "gpu", "nd_range": {"device_start": 1585626718.89079, "device_end": 1585626718.8914022}, "cmdq": 0, "read": {"device_start": -1, "device_end": -1}}, "FFC_sans_bias51": {"write": {"device_start": -1, "host_queued_start": 1585626785.395301, "device_queued": -1, "device_end": -1, "host_queued_end": 1585626785.410853}, "device": "gpu", "nd_range": {"device_start": 1585626718.9194367, "device_end": 1585626718.920034}, "cmdq": 0, "read": {"device_start": -1, "device_end": -1}}, "FFC_sans_bias52": {"write": {"device_start": 1585626718.927342, "host_queued_start": 1585626785.402153, "device_queued": 1585626718.8873184, "device_end": 1585626718.9273715, "host_queued_end": 1585626785.410853}, "device": "gpu", "nd_range": {"device_start": 1585626718.927379, "device_end": 1585626718.9279776}, "cmdq": 0, "read": {"device_start": 1585626718.927983, "device_end": 1585626718.9280052}}, "FFC_sans_bias58": {"write": {"device_start": -1, "host_queued_start": 1585626785.388605, "device_queued": -1, "device_end": -1, "host_queued_end": 1585626785.410853}, "device": "gpu", "nd_range": {"device_start": 1585626718.9102998, "device_end": 1585626718.9108994}, "cmdq": 0, "read": {"device_start": -1, "device_end": -1}}, "FFC_sans_bias108": {"write": {"device_start": 1585626718.9036922, "host_queued_start": 1585626785.377867, "device_queued": 1585626718.884438, "device_end": 1585626718.903716, "host_queued_end": 1585626785.410853}, "device": "gpu", "nd_range": {"device_start": 1585626718.9037194, "device_end": 1585626718.9043155}, "cmdq": 0, "read": {"device_start": -1, "device_end": -1}}, "FFC_sans_bias109": {"write": {"device_start": 1585626718.904385, "host_queued_start": 1585626785.378923, "device_queued": 1585626718.8844852, "device_end": 1585626718.9044087, "host_queued_end": 1585626785.410853}, "device": "gpu", "nd_range": {"device_start": 1585626718.9044118, "device_end": 1585626718.9049997}, "cmdq": 0, "read": {"device_start": -1, "device_end": -1}}, "FFC_sans_bias103": {"write": {"device_start": -1, "host_queued_start": 1585626785.390273, "device_queued": -1, "device_end": -1, "host_queued_end": 1585626785.410853}, "device": "gpu", "nd_range": {"device_start": 1585626718.913306, "device_end": 1585626718.9139035}, "cmdq": 0, "read": {"device_start": -1, "device_end": -1}}, "FFC_sans_bias100": {"write": {"device_start": 1585626718.9023006, "host_queued_start": 1585626785.375761, "device_queued": 1585626718.8842351, "device_end": 1585626718.9023244, "host_queued_end": 1585626785.410853}, "device": "gpu", "nd_range": {"device_start": 1585626718.902328, "device_end": 1585626718.9029222}, "cmdq": 0, "read": {"device_start": -1, "device_end": -1}}, "FFC_sans_bias101": {"write": {"device_start": 1585626718.9029918, "host_queued_start": 1585626785.376816, "device_queued": 1585626718.8842897, "device_end": 1585626718.903015, "host_queued_end": 1585626785.410853}, "device": "gpu", "nd_range": {"device_start": 1585626718.903021, "device_end": 1585626718.9036233}, "cmdq": 0, "read": {"device_start": -1, "device_end": -1}}, "FFC_sans_bias106": {"write": {"device_start": 1585626718.9321475, "host_queued_start": 1585626785.408589, "device_queued": 1585626718.8880618, "device_end": 1585626718.932177, "host_queued_end": 1585626785.410853}, "device": "gpu", "nd_range": {"device_start": 1585626718.9321835, "device_end": 1585626718.9327781}, "cmdq": 0, "read": {"device_start": 1585626718.9327855, "device_end": 1585626718.9328077}}, "softmax122": {"write": {"device_start": -1, "host_queued_start": 1585626785.394011, "device_queued": -1, "device_end": -1, "host_queued_end": 1585626785.410853}, "device": "gpu", "nd_range": {"device_start": 1585626718.9174328, "device_end": 1585626718.917644}, "cmdq": 0, "read": {"device_start": -1, "device_end": -1}}, "FFC_sans_bias105": {"write": {"device_start": -1, "host_queued_start": 1585626785.397257, "device_queued": -1, "device_end": -1, "host_queued_end": 1585626785.410853}, "device": "gpu", "nd_range": {"device_start": 1585626718.9230177, "device_end": 1585626718.9236171}, "cmdq": 0, "read": {"device_start": -1, "device_end": -1}}, "softmax95": {"write": {"device_start": -1, "host_queued_start": 1585626785.393253, "device_queued": -1, "device_end": -1, "host_queued_end": 1585626785.410853}, "device": "gpu", "nd_range": {"device_start": 1585626718.916799, "device_end": 1585626718.9170096}, "cmdq": 0, "read": {"device_start": -1, "device_end": -1}}, "coalesced_transpose57": {"write": {"device_start": -1, "host_queued_start": 1585626785.384803, "device_queued": -1, "device_end": -1, "host_queued_end": 1585626785.410853}, "device": "gpu", "nd_range": {"device_start": 1585626718.9078329, "device_end": 1585626718.9078412}, "cmdq": 0, "read": {"device_start": -1, "device_end": -1}}, "empty26": {"write": {"device_start": 1585626718.880732, "host_queued_start": 1585626785.335546, "device_queued": 1585626718.8806133, "device_end": 1585626718.8807635, "host_queued_end": 1585626785.410853}, "device": "gpu", "nd_range": {"device_start": 1585626718.8807719, "device_end": 1585626718.8807778}, "cmdq": 0, "read": {"device_start": -1, "device_end": -1}}, "softmax113": {"write": {"device_start": -1, "host_queued_start": 1585626785.393756, "device_queued": -1, "device_end": -1, "host_queued_end": 1585626785.410853}, "device": "gpu", "nd_range": {"device_start": 1585626718.917222, "device_end": 1585626718.9174316}, "cmdq": 0, "read": {"device_start": -1, "device_end": -1}}, "FFC_sans_bias11": {"write": {"device_start": -1, "host_queued_start": 1585626785.421657, "device_queued": -1, "device_end": -1, "host_queued_end": 1585626785.426902}, "device": "cpu", "nd_range": {"device_start": 2294559.633216965, "device_end": 2294559.642484989}, "cmdq": 2, "read": {"device_start": -1, "device_end": -1}}, "FFC_sans_bias42": {"write": {"device_start": -1, "host_queued_start": 1585626785.394982, "device_queued": -1, "device_end": -1, "host_queued_end": 1585626785.410853}, "device": "gpu", "nd_range": {"device_start": 1585626718.9188366, "device_end": 1585626718.9194353}, "cmdq": 0, "read": {"device_start": -1, "device_end": -1}}, "FFC_sans_bias43": {"write": {"device_start": 1585626718.9265416, "host_queued_start": 1585626785.4011, "device_queued": 1585626718.887239, "device_end": 1585626718.926571, "host_queued_end": 1585626785.410853}, "device": "gpu", "nd_range": {"device_start": 1585626718.926578, "device_end": 1585626718.927176}, "cmdq": 0, "read": {"device_start": 1585626718.9271781, "device_end": 1585626718.9272003}}, "FFC_sans_bias40": {"write": {"device_start": -1, "host_queued_start": 1585626785.387956, "device_queued": -1, "device_end": -1, "host_queued_end": 1585626785.410853}, "device": "gpu", "nd_range": {"device_start": 1585626718.9091036, "device_end": 1585626718.9096997}, "cmdq": 0, "read": {"device_start": -1, "device_end": -1}}, "FFC_sans_bias46": {"write": {"device_start": 1585626718.8892813, "host_queued_start": 1585626785.356719, "device_queued": 1585626718.8825524, "device_end": 1585626718.889312, "host_queued_end": 1585626785.410853}, "device": "gpu", "nd_range": {"device_start": 1585626718.8893151, "device_end": 1585626718.889919}, "cmdq": 0, "read": {"device_start": -1, "device_end": -1}}, "FFC_sans_bias47": {"write": {"device_start": 1585626718.8900228, "host_queued_start": 1585626785.357784, "device_queued": 1585626718.882586, "device_end": 1585626718.890052, "host_queued_end": 1585626785.410853}, "device": "gpu", "nd_range": {"device_start": 1585626718.8900552, "device_end": 1585626718.8906538}, "cmdq": 0, "read": {"device_start": -1, "device_end": -1}}, "FFC_sans_bias45": {"write": {"device_start": 1585626718.8885605, "host_queued_start": 1585626785.355667, "device_queued": 1585626718.8824348, "device_end": 1585626718.8885899, "host_queued_end": 1585626785.410853}, "device": "gpu", "nd_range": {"device_start": 1585626718.888593, "device_end": 1585626718.8891938}, "cmdq": 0, "read": {"device_start": -1, "device_end": -1}}, "FFC_sans_bias49": {"write": {"device_start": -1, "host_queued_start": 1585626785.388282, "device_queued": -1, "device_end": -1, "host_queued_end": 1585626785.410853}, "device": "gpu", "nd_range": {"device_start": 1585626718.9097006, "device_end": 1585626718.9102988}, "cmdq": 0, "read": {"device_start": -1, "device_end": -1}}, "softmax77": {"write": {"device_start": -1, "host_queued_start": 1585626785.39274, "device_queued": -1, "device_end": -1, "host_queued_end": 1585626785.410853}, "device": "gpu", "nd_range": {"device_start": 1585626718.9163766, "device_end": 1585626718.9165862}, "cmdq": 0, "read": {"device_start": -1, "device_end": -1}}, "FFC_sans_bias119": {"write": {"device_start": 1585626718.9071686, "host_queued_start": 1585626785.383215, "device_queued": 1585626718.8848252, "device_end": 1585626718.9071913, "host_queued_end": 1585626785.410853}, "device": "gpu", "nd_range": {"device_start": 1585626718.907197, "device_end": 1585626718.9077928}, "cmdq": 0, "read": {"device_start": -1, "device_end": -1}}, "FFC_sans_bias118": {"write": {"device_start": 1585626718.9064682, "host_queued_start": 1585626785.382156, "device_queued": 1585626718.8847888, "device_end": 1585626718.9064925, "host_queued_end": 1585626785.410853}, "device": "gpu", "nd_range": {"device_start": 1585626718.9064956, "device_end": 1585626718.907097}, "cmdq": 0, "read": {"device_start": -1, "device_end": -1}}, "FFC_sans_bias115": {"write": {"device_start": 1585626718.9330037, "host_queued_start": 1585626785.409649, "device_queued": 1585626718.888209, "device_end": 1585626718.9330356, "host_queued_end": 1585626785.410853}, "device": "gpu", "nd_range": {"device_start": 1585626718.9330418, "device_end": 1585626718.9336402}, "cmdq": 0, "read": {"device_start": 1585626718.9336426, "device_end": 1585626718.9336662}}, "FFC_sans_bias114": {"write": {"device_start": -1, "host_queued_start": 1585626785.397626, "device_queued": -1, "device_end": -1, "host_queued_end": 1585626785.410853}, "device": "gpu", "nd_range": {"device_start": 1585626718.9236183, "device_end": 1585626718.9242175}, "cmdq": 0, "read": {"device_start": -1, "device_end": -1}}, "FFC_sans_bias117": {"write": {"device_start": 1585626718.9057739, "host_queued_start": 1585626785.38111, "device_queued": 1585626718.8846407, "device_end": 1585626718.9057975, "host_queued_end": 1585626785.410853}, "device": "gpu", "nd_range": {"device_start": 1585626718.9058044, "device_end": 1585626718.9063942}, "cmdq": 0, "read": {"device_start": -1, "device_end": -1}}, "softmax5": {"write": {"device_start": -1, "host_queued_start": 1585626785.423483, "device_queued": -1, "device_end": -1, "host_queued_end": 1585626785.426902}, "device": "cpu", "nd_range": {"device_start": 2294559.644753049, "device_end": 2294559.6449714974}, "cmdq": 2, "read": {"device_start": -1, "device_end": -1}}, "FFC_sans_bias110": {"write": {"device_start": 1585626718.9050748, "host_queued_start": 1585626785.380008, "device_queued": 1585626718.884604, "device_end": 1585626718.9050984, "host_queued_end": 1585626785.410853}, "device": "gpu", "nd_range": {"device_start": 1585626718.905102, "device_end": 1585626718.9057019}, "cmdq": 0, "read": {"device_start": -1, "device_end": -1}}, "FFC_sans_bias112": {"write": {"device_start": -1, "host_queued_start": 1585626785.390628, "device_queued": -1, "device_end": -1, "host_queued_end": 1585626785.410853}, "device": "gpu", "nd_range": {"device_start": 1585626718.9139044, "device_end": 1585626718.914507}, "cmdq": 0, "read": {"device_start": -1, "device_end": -1}}, "empty53": {"write": {"device_start": 1585626718.881163, "host_queued_start": 1585626785.33838, "device_queued": 1585626718.8808565, "device_end": 1585626718.881188, "host_queued_end": 1585626785.410853}, "device": "gpu", "nd_range": {"device_start": 1585626718.8811924, "device_end": 1585626718.8811958}, "cmdq": 0, "read": {"device_start": -1, "device_end": -1}}, "coalesced_transpose48": {"write": {"device_start": -1, "host_queued_start": 1585626785.384488, "device_queued": -1, "device_end": -1, "host_queued_end": 1585626785.410853}, "device": "gpu", "nd_range": {"device_start": 1585626718.9078238, "device_end": 1585626718.907832}, "cmdq": 0, "read": {"device_start": -1, "device_end": -1}}}