{"FFC_sans_bias4": {"write": {"device_start": -1, "host_queued_start": 1585626749.480367, "device_queued": -1, "device_end": -1, "host_queued_end": 1585626749.48984}, "device": "cpu", "nd_range": {"device_start": 2294523.7520264653, "device_end": 2294523.762865719}, "cmdq": 1, "read": {"device_start": -1, "device_end": -1}}, "FFC_sans_bias7": {"write": {"device_start": -1, "host_queued_start": 1585626749.485758, "device_queued": -1, "device_end": -1, "host_queued_end": 1585626749.48984}, "device": "cpu", "nd_range": {"device_start": 2294523.7772707413, "device_end": 2294523.7953085722}, "cmdq": 0, "read": {"device_start": -1, "device_end": -1}}, "FFC_sans_bias6": {"write": {"device_start": -1, "host_queued_start": 1585626749.48336, "device_queued": -1, "device_end": -1, "host_queued_end": 1585626749.48984}, "device": "cpu", "nd_range": {"device_start": 2294523.763501922, "device_end": 2294523.772101494}, "cmdq": 3, "read": {"device_start": -1, "device_end": -1}}, "FFC_sans_bias1": {"write": {"device_start": -1, "host_queued_start": 1585626749.463184, "device_queued": -1, "device_end": -1, "host_queued_end": 1585626749.48984}, "device": "cpu", "nd_range": {"device_start": 2294523.679729593, "device_end": 2294523.695324175}, "cmdq": 2, "read": {"device_start": -1, "device_end": -1}}, "FFC_sans_bias0": {"write": {"device_start": -1, "host_queued_start": 1585626749.462055, "device_queued": -1, "device_end": -1, "host_queued_end": 1585626749.48984}, "device": "cpu", "nd_range": {"device_start": 2294523.679472134, "device_end": 2294523.6973139374}, "cmdq": 1, "read": {"device_start": -1, "device_end": -1}}, "FFC_sans_bias2": {"write": {"device_start": -1, "host_queued_start": 1585626749.464301, "device_queued": -1, "device_end": -1, "host_queued_end": 1585626749.48984}, "device": "cpu", "nd_range": {"device_start": 2294523.679509739, "device_end": 2294523.6952395183}, "cmdq": 3, "read": {"device_start": -1, "device_end": -1}}, "coalesced_transpose120": {"write": {"device_start": -1, "host_queued_start": 1585626749.437308, "device_queued": -1, "device_end": -1, "host_queued_end": 1585626749.455052}, "device": "gpu", "nd_range": {"device_start": 1585626682.9483275, "device_end": 1585626682.9483356}, "cmdq": 0, "read": {"device_start": -1, "device_end": -1}}, "FFC_sans_bias9": {"write": {"device_start": -1, "host_queued_start": 1585626749.46547, "device_queued": -1, "device_end": -1, "host_queued_end": 1585626749.48984}, "device": "cpu", "nd_range": {"device_start": 2294523.6794794733, "device_end": 2294523.694907731}, "cmdq": 0, "read": {"device_start": -1, "device_end": -1}}, "empty71": {"write": {"device_start": 1585626682.9262931, "host_queued_start": 1585626749.400948, "device_queued": 1585626682.9259722, "device_end": 1585626682.9263184, "host_queued_end": 1585626749.455052}, "device": "gpu", "nd_range": {"device_start": 1585626682.9263213, "device_end": 1585626682.9263303}, "cmdq": 0, "read": {"device_start": -1, "device_end": -1}}, "softmax41": {"write": {"device_start": -1, "host_queued_start": 1585626749.483031, "device_queued": -1, "device_end": -1, "host_queued_end": 1585626749.48984}, "device": "cpu", "nd_range": {"device_start": 2294523.7812789152, "device_end": 2294523.7814921853}, "cmdq": 2, "read": {"device_start": -1, "device_end": -1}}, "FFC_sans_bias37": {"write": {"device_start": -1, "host_queued_start": 1585626749.477306, "device_queued": -1, "device_end": -1, "host_queued_end": 1585626749.48984}, "device": "cpu", "nd_range": {"device_start": 2294523.726151218, "device_end": 2294523.741383072}, "cmdq": 2, "read": {"device_start": -1, "device_end": -1}}, "FFC_sans_bias36": {"write": {"device_start": -1, "host_queued_start": 1585626749.476073, "device_queued": -1, "device_end": -1, "host_queued_end": 1585626749.48984}, "device": "cpu", "nd_range": {"device_start": 2294523.729514411, "device_end": 2294523.744009357}, "cmdq": 1, "read": {"device_start": -1, "device_end": -1}}, "FFC_sans_bias34": {"write": {"device_start": -1, "host_queued_start": 1585626749.488802, "device_queued": -1, "device_end": -1, "host_queued_end": 1585626749.48984}, "device": "cpu", "nd_range": {"device_start": 2294523.796312575, "device_end": 2294523.810594995}, "cmdq": 3, "read": {"device_start": -1, "device_end": -1}}, "FFC_sans_bias33": {"write": {"device_start": -1, "host_queued_start": 1585626749.484362, "device_queued": -1, "device_end": -1, "host_queued_end": 1585626749.48984}, "device": "cpu", "nd_range": {"device_start": 2294523.781502201, "device_end": 2294523.7944058133}, "cmdq": 2, "read": {"device_start": -1, "device_end": -1}}, "FFC_sans_bias31": {"write": {"device_start": -1, "host_queued_start": 1585626749.481366, "device_queued": -1, "device_end": -1, "host_queued_end": 1585626749.48984}, "device": "cpu", "nd_range": {"device_start": 2294523.752692469, "device_end": 2294523.763867799}, "cmdq": 0, "read": {"device_start": -1, "device_end": -1}}, "FFC_sans_bias38": {"write": {"device_start": -1, "host_queued_start": 1585626749.478423, "device_queued": -1, "device_end": -1, "host_queued_end": 1585626749.48984}, "device": "cpu", "nd_range": {"device_start": 2294523.725983176, "device_end": 2294523.741211477}, "cmdq": 3, "read": {"device_start": -1, "device_end": -1}}, "coalesced_transpose75": {"write": {"device_start": -1, "host_queued_start": 1585626749.435774, "device_queued": -1, "device_end": -1, "host_queued_end": 1585626749.455052}, "device": "gpu", "nd_range": {"device_start": 1585626682.9482787, "device_end": 1585626682.948287}, "cmdq": 0, "read": {"device_start": -1, "device_end": -1}}, "empty44": {"write": {"device_start": -1, "host_queued_start": 1585626749.460916, "device_queued": -1, "device_end": -1, "host_queued_end": 1585626749.48984}, "device": "cpu", "nd_range": {"device_start": 2294523.679471908, "device_end": 2294523.679472992}, "cmdq": 0, "read": {"device_start": -1, "device_end": -1}}, "empty8": {"write": {"device_start": -1, "host_queued_start": 1585626749.456892, "device_queued": -1, "device_end": -1, "host_queued_end": 1585626749.48984}, "device": "cpu", "nd_range": {"device_start": 2294523.6794378273, "device_end": 2294523.6794503983}, "cmdq": 0, "read": {"device_start": -1, "device_end": -1}}, "softmax50": {"write": {"device_start": -1, "host_queued_start": 1585626749.440556, "device_queued": -1, "device_end": -1, "host_queued_end": 1585626749.455052}, "device": "gpu", "nd_range": {"device_start": 1585626682.9537501, "device_end": 1585626682.953962}, "cmdq": 0, "read": {"device_start": -1, "device_end": -1}}, "softmax59": {"write": {"device_start": -1, "host_queued_start": 1585626749.440806, "device_queued": -1, "device_end": -1, "host_queued_end": 1585626749.455052}, "device": "gpu", "nd_range": {"device_start": 1585626682.953963, "device_end": 1585626682.9541733}, "cmdq": 0, "read": {"device_start": -1, "device_end": -1}}, "FFC_sans_bias24": {"write": {"device_start": -1, "host_queued_start": 1585626749.484032, "device_queued": -1, "device_end": -1, "host_queued_end": 1585626749.48984}, "device": "cpu", "nd_range": {"device_start": 2294523.778664619, "device_end": 2294523.7946890113}, "cmdq": 1, "read": {"device_start": -1, "device_end": -1}}, "FFC_sans_bias25": {"write": {"device_start": -1, "host_queued_start": 1585626749.4878, "device_queued": -1, "device_end": -1, "host_queued_end": 1585626749.48984}, "device": "cpu", "nd_range": {"device_start": 2294523.794892995, "device_end": 2294523.807177695}, "cmdq": 2, "read": {"device_start": -1, "device_end": -1}}, "FFC_sans_bias27": {"write": {"device_start": -1, "host_queued_start": 1585626749.472555, "device_queued": -1, "device_end": -1, "host_queued_end": 1585626749.48984}, "device": "cpu", "nd_range": {"device_start": 2294523.710840703, "device_end": 2294523.726037138}, "cmdq": 2, "read": {"device_start": -1, "device_end": -1}}, "FFC_sans_bias20": {"write": {"device_start": -1, "host_queued_start": 1585626749.471327, "device_queued": -1, "device_end": -1, "host_queued_end": 1585626749.48984}, "device": "cpu", "nd_range": {"device_start": 2294523.713577296, "device_end": 2294523.729399375}, "cmdq": 1, "read": {"device_start": -1, "device_end": -1}}, "FFC_sans_bias22": {"write": {"device_start": -1, "host_queued_start": 1585626749.481034, "device_queued": -1, "device_end": -1, "host_queued_end": 1585626749.48984}, "device": "cpu", "nd_range": {"device_start": 2294523.741862787, "device_end": 2294523.7494625}, "cmdq": 3, "read": {"device_start": -1, "device_end": -1}}, "FFC_sans_bias28": {"write": {"device_start": -1, "host_queued_start": 1585626749.47369, "device_queued": -1, "device_end": -1, "host_queued_end": 1585626749.48984}, "device": "cpu", "nd_range": {"device_start": 2294523.710654836, "device_end": 2294523.72585474}, "cmdq": 3, "read": {"device_start": -1, "device_end": -1}}, "FFC_sans_bias29": {"write": {"device_start": -1, "host_queued_start": 1585626749.474876, "device_queued": -1, "device_end": -1, "host_queued_end": 1585626749.48984}, "device": "cpu", "nd_range": {"device_start": 2294523.728794613, "device_end": 2294523.751389019}, "cmdq": 0, "read": {"device_start": -1, "device_end": -1}}, "coalesced_transpose66": {"write": {"device_start": -1, "host_queued_start": 1585626749.435467, "device_queued": -1, "device_end": -1, "host_queued_end": 1585626749.455052}, "device": "gpu", "nd_range": {"device_start": 1585626682.9482694, "device_end": 1585626682.9482772}, "cmdq": 0, "read": {"device_start": -1, "device_end": -1}}, "coalesced_transpose93": {"write": {"device_start": -1, "host_queued_start": 1585626749.436394, "device_queued": -1, "device_end": -1, "host_queued_end": 1585626749.455052}, "device": "gpu", "nd_range": {"device_start": 1585626682.9482985, "device_end": 1585626682.9483068}, "cmdq": 0, "read": {"device_start": -1, "device_end": -1}}, "softmax23": {"write": {"device_start": -1, "host_queued_start": 1585626749.482507, "device_queued": -1, "device_end": -1, "host_queued_end": 1585626749.48984}, "device": "cpu", "nd_range": {"device_start": 2294523.767178508, "device_end": 2294523.76739794}, "cmdq": 0, "read": {"device_start": -1, "device_end": -1}}, "empty62": {"write": {"device_start": 1585626682.9260676, "host_queued_start": 1585626749.400131, "device_queued": 1585626682.9259224, "device_end": 1585626682.926098, "host_queued_end": 1585626749.455052}, "device": "gpu", "nd_range": {"device_start": 1585626682.926106, "device_end": 1585626682.9261093}, "cmdq": 0, "read": {"device_start": -1, "device_end": -1}}, "FFC_sans_bias10": {"write": {"device_start": -1, "host_queued_start": 1585626749.466636, "device_queued": -1, "device_end": -1, "host_queued_end": 1585626749.48984}, "device": "cpu", "nd_range": {"device_start": 2294523.697429624, "device_end": 2294523.7134599243}, "cmdq": 1, "read": {"device_start": -1, "device_end": -1}}, "FFC_sans_bias13": {"write": {"device_start": -1, "host_queued_start": 1585626749.480701, "device_queued": -1, "device_end": -1, "host_queued_end": 1585626749.48984}, "device": "cpu", "nd_range": {"device_start": 2294523.747354979, "device_end": 2294523.759719549}, "cmdq": 2, "read": {"device_start": -1, "device_end": -1}}, "FFC_sans_bias15": {"write": {"device_start": -1, "host_queued_start": 1585626749.483695, "device_queued": -1, "device_end": -1, "host_queued_end": 1585626749.48984}, "device": "cpu", "nd_range": {"device_start": 2294523.7674051314, "device_end": 2294523.7772637904}, "cmdq": 0, "read": {"device_start": -1, "device_end": -1}}, "FFC_sans_bias16": {"write": {"device_start": -1, "host_queued_start": 1585626749.48678, "device_queued": -1, "device_end": -1, "host_queued_end": 1585626749.48984}, "device": "cpu", "nd_range": {"device_start": 2294523.7946985243, "device_end": 2294523.808465931}, "cmdq": 1, "read": {"device_start": -1, "device_end": -1}}, "FFC_sans_bias19": {"write": {"device_start": -1, "host_queued_start": 1585626749.470166, "device_queued": -1, "device_end": -1, "host_queued_end": 1585626749.48984}, "device": "cpu", "nd_range": {"device_start": 2294523.698347739, "device_end": 2294523.727169643}, "cmdq": 0, "read": {"device_start": -1, "device_end": -1}}, "FFC_sans_bias18": {"write": {"device_start": -1, "host_queued_start": 1585626749.468956, "device_queued": -1, "device_end": -1, "host_queued_end": 1585626749.48984}, "device": "cpu", "nd_range": {"device_start": 2294523.695406944, "device_end": 2294523.710641776}, "cmdq": 3, "read": {"device_start": -1, "device_end": -1}}, "FFC_sans_bias99": {"write": {"device_start": 1585626682.9416342, "host_queued_start": 1585626749.426096, "device_queued": 1585626682.9284732, "device_end": 1585626682.9416628, "host_queued_end": 1585626749.455052}, "device": "gpu", "nd_range": {"device_start": 1585626682.941672, "device_end": 1585626682.942268}, "cmdq": 0, "read": {"device_start": -1, "device_end": -1}}, "FFC_sans_bias91": {"write": {"device_start": 1585626682.9401004, "host_queued_start": 1585626749.423996, "device_queued": 1585626682.928237, "device_end": 1585626682.9401295, "host_queued_end": 1585626749.455052}, "device": "gpu", "nd_range": {"device_start": 1585626682.940135, "device_end": 1585626682.9407356}, "cmdq": 0, "read": {"device_start": -1, "device_end": -1}}, "FFC_sans_bias90": {"write": {"device_start": 1585626682.9393334, "host_queued_start": 1585626749.422954, "device_queued": 1585626682.9280999, "device_end": 1585626682.9393623, "host_queued_end": 1585626749.455052}, "device": "gpu", "nd_range": {"device_start": 1585626682.939371, "device_end": 1585626682.9399672}, "cmdq": 0, "read": {"device_start": -1, "device_end": -1}}, "coalesced_transpose12": {"write": {"device_start": -1, "host_queued_start": 1585626749.479075, "device_queued": -1, "device_end": -1, "host_queued_end": 1585626749.48984}, "device": "cpu", "nd_range": {"device_start": 2294523.744128515, "device_end": 2294523.7443764}, "cmdq": 1, "read": {"device_start": -1, "device_end": -1}}, "FFC_sans_bias94": {"write": {"device_start": -1, "host_queued_start": 1585626749.439347, "device_queued": -1, "device_end": -1, "host_queued_end": 1585626749.455052}, "device": "gpu", "nd_range": {"device_start": 1585626682.9513392, "device_end": 1585626682.9519422}, "cmdq": 0, "read": {"device_start": -1, "device_end": -1}}, "FFC_sans_bias97": {"write": {"device_start": 1585626682.9729621, "host_queued_start": 1585626749.451758, "device_queued": 1585626682.931213, "device_end": 1585626682.972986, "host_queued_end": 1585626749.455052}, "device": "gpu", "nd_range": {"device_start": 1585626682.972989, "device_end": 1585626682.9735866}, "cmdq": 0, "read": {"device_start": 1585626682.973595, "device_end": 1585626682.9736178}}, "FFC_sans_bias96": {"write": {"device_start": -1, "host_queued_start": 1585626749.444523, "device_queued": -1, "device_end": -1, "host_queued_end": 1585626749.455052}, "device": "gpu", "nd_range": {"device_start": 1585626682.9586544, "device_end": 1585626682.959254}, "cmdq": 0, "read": {"device_start": -1, "device_end": -1}}, "FFC_sans_bias124": {"write": {"device_start": 1585626682.9752753, "host_queued_start": 1585626749.454936, "device_queued": 1585626682.931536, "device_end": 1585626682.975299, "host_queued_end": 1585626749.455052}, "device": "gpu", "nd_range": {"device_start": 1585626682.975302, "device_end": 1585626682.9759011}, "cmdq": 0, "read": {"device_start": 1585626682.9759083, "device_end": 1585626682.9759333}}, "softmax32": {"write": {"device_start": -1, "host_queued_start": 1585626749.48277, "device_queued": -1, "device_end": -1, "host_queued_end": 1585626749.48984}, "device": "cpu", "nd_range": {"device_start": 2294523.778437018, "device_end": 2294523.7786579523}, "cmdq": 1, "read": {"device_start": -1, "device_end": -1}}, "coalesced_transpose84": {"write": {"device_start": -1, "host_queued_start": 1585626749.436084, "device_queued": -1, "device_end": -1, "host_queued_end": 1585626749.455052}, "device": "gpu", "nd_range": {"device_start": 1585626682.9482882, "device_end": 1585626682.9482968}, "cmdq": 0, "read": {"device_start": -1, "device_end": -1}}, "FFC_sans_bias121": {"write": {"device_start": -1, "host_queued_start": 1585626749.440303, "device_queued": -1, "device_end": -1, "host_queued_end": 1585626749.455052}, "device": "gpu", "nd_range": {"device_start": 1585626682.9531453, "device_end": 1585626682.9537492}, "cmdq": 0, "read": {"device_start": -1, "device_end": -1}}, "empty98": {"write": {"device_start": 1585626682.9268765, "host_queued_start": 1585626749.403626, "device_queued": 1585626682.9262397, "device_end": 1585626682.9269009, "host_queued_end": 1585626749.455052}, "device": "gpu", "nd_range": {"device_start": 1585626682.9269102, "device_end": 1585626682.9269137}, "cmdq": 0, "read": {"device_start": -1, "device_end": -1}}, "empty107": {"write": {"device_start": 1585626682.9270966, "host_queued_start": 1585626749.404443, "device_queued": 1585626682.9262748, "device_end": 1585626682.9271276, "host_queued_end": 1585626749.455052}, "device": "gpu", "nd_range": {"device_start": 1585626682.9271362, "device_end": 1585626682.9271398}, "cmdq": 0, "read": {"device_start": -1, "device_end": -1}}, "empty17": {"write": {"device_start": -1, "host_queued_start": 1585626749.458126, "device_queued": -1, "device_end": -1, "host_queued_end": 1585626749.48984}, "device": "cpu", "nd_range": {"device_start": 2294523.679442799, "device_end": 2294523.679450442}, "cmdq": 1, "read": {"device_start": -1, "device_end": -1}}, "FFC_sans_bias87": {"write": {"device_start": -1, "host_queued_start": 1585626749.444202, "device_queued": -1, "device_end": -1, "host_queued_end": 1585626749.455052}, "device": "gpu", "nd_range": {"device_start": 1585626682.958055, "device_end": 1585626682.9586525}, "cmdq": 0, "read": {"device_start": -1, "device_end": -1}}, "FFC_sans_bias85": {"write": {"device_start": -1, "host_queued_start": 1585626749.439012, "device_queued": -1, "device_end": -1, "host_queued_end": 1585626749.455052}, "device": "gpu", "nd_range": {"device_start": 1585626682.9507406, "device_end": 1585626682.9513383}, "cmdq": 0, "read": {"device_start": -1, "device_end": -1}}, "FFC_sans_bias82": {"write": {"device_start": 1585626682.9377954, "host_queued_start": 1585626749.420793, "device_queued": 1585626682.9279156, "device_end": 1585626682.9378242, "host_queued_end": 1585626749.455052}, "device": "gpu", "nd_range": {"device_start": 1585626682.9378405, "device_end": 1585626682.938433}, "cmdq": 0, "read": {"device_start": -1, "device_end": -1}}, "FFC_sans_bias83": {"write": {"device_start": 1585626682.9385583, "host_queued_start": 1585626749.421885, "device_queued": 1585626682.928053, "device_end": 1585626682.938587, "host_queued_end": 1585626749.455052}, "device": "gpu", "nd_range": {"device_start": 1585626682.938597, "device_end": 1585626682.939193}, "cmdq": 0, "read": {"device_start": -1, "device_end": -1}}, "FFC_sans_bias81": {"write": {"device_start": 1585626682.9370387, "host_queued_start": 1585626749.419754, "device_queued": 1585626682.9278688, "device_end": 1585626682.9370682, "host_queued_end": 1585626749.455052}, "device": "gpu", "nd_range": {"device_start": 1585626682.9370763, "device_end": 1585626682.9376693}, "cmdq": 0, "read": {"device_start": -1, "device_end": -1}}, "FFC_sans_bias88": {"write": {"device_start": 1585626682.9721787, "host_queued_start": 1585626749.45071, "device_queued": 1585626682.9310615, "device_end": 1585626682.9722025, "host_queued_end": 1585626749.455052}, "device": "gpu", "nd_range": {"device_start": 1585626682.9722054, "device_end": 1585626682.9728024}, "cmdq": 0, "read": {"device_start": 1585626682.9728117, "device_end": 1585626682.9728343}}, "coalesced_transpose30": {"write": {"device_start": -1, "host_queued_start": 1585626749.479714, "device_queued": -1, "device_end": -1, "host_queued_end": 1585626749.48984}, "device": "cpu", "nd_range": {"device_start": 2294523.741336354, "device_end": 2294523.741581647}, "cmdq": 3, "read": {"device_start": -1, "device_end": -1}}, "coalesced_transpose39": {"write": {"device_start": -1, "host_queued_start": 1585626749.480034, "device_queued": -1, "device_end": -1, "host_queued_end": 1585626749.48984}, "device": "cpu", "nd_range": {"device_start": 2294523.75190937, "device_end": 2294523.752409189}, "cmdq": 0, "read": {"device_start": -1, "device_end": -1}}, "FFC_sans_bias79": {"write": {"device_start": 1585626682.970732, "host_queued_start": 1585626749.449661, "device_queued": 1585626682.9310157, "device_end": 1585626682.970755, "host_queued_end": 1585626749.455052}, "device": "gpu", "nd_range": {"device_start": 1585626682.9707584, "device_end": 1585626682.9713562}, "cmdq": 0, "read": {"device_start": 1585626682.9713647, "device_end": 1585626682.9713874}}, "FFC_sans_bias78": {"write": {"device_start": -1, "host_queued_start": 1585626749.443881, "device_queued": -1, "device_end": -1, "host_queued_end": 1585626749.455052}, "device": "gpu", "nd_range": {"device_start": 1585626682.957453, "device_end": 1585626682.958053}, "cmdq": 0, "read": {"device_start": -1, "device_end": -1}}, "FFC_sans_bias73": {"write": {"device_start": 1585626682.9355059, "host_queued_start": 1585626749.417627, "device_queued": 1585626682.9276836, "device_end": 1585626682.935535, "host_queued_end": 1585626749.455052}, "device": "gpu", "nd_range": {"device_start": 1585626682.9355383, "device_end": 1585626682.9361405}, "cmdq": 0, "read": {"device_start": -1, "device_end": -1}}, "FFC_sans_bias72": {"write": {"device_start": 1585626682.934755, "host_queued_start": 1585626749.416584, "device_queued": 1585626682.9275308, "device_end": 1585626682.934784, "host_queued_end": 1585626749.455052}, "device": "gpu", "nd_range": {"device_start": 1585626682.9347985, "device_end": 1585626682.9353974}, "cmdq": 0, "read": {"device_start": -1, "device_end": -1}}, "FFC_sans_bias70": {"write": {"device_start": 1585626682.9699454, "host_queued_start": 1585626749.448609, "device_queued": 1585626682.9308743, "device_end": 1585626682.9699688, "host_queued_end": 1585626749.455052}, "device": "gpu", "nd_range": {"device_start": 1585626682.9699743, "device_end": 1585626682.9705746}, "cmdq": 0, "read": {"device_start": 1585626682.9705803, "device_end": 1585626682.970603}}, "FFC_sans_bias76": {"write": {"device_start": -1, "host_queued_start": 1585626749.438693, "device_queued": -1, "device_end": -1, "host_queued_end": 1585626749.455052}, "device": "gpu", "nd_range": {"device_start": 1585626682.95014, "device_end": 1585626682.9507396}, "cmdq": 0, "read": {"device_start": -1, "device_end": -1}}, "FFC_sans_bias74": {"write": {"device_start": 1585626682.9362648, "host_queued_start": 1585626749.418715, "device_queued": 1585626682.9277241, "device_end": 1585626682.9362938, "host_queued_end": 1585626749.455052}, "device": "gpu", "nd_range": {"device_start": 1585626682.9363022, "device_end": 1585626682.9369113}, "cmdq": 0, "read": {"device_start": -1, "device_end": -1}}, "coalesced_transpose102": {"write": {"device_start": -1, "host_queued_start": 1585626749.436698, "device_queued": -1, "device_end": -1, "host_queued_end": 1585626749.455052}, "device": "gpu", "nd_range": {"device_start": 1585626682.948308, "device_end": 1585626682.9483166}, "cmdq": 0, "read": {"device_start": -1, "device_end": -1}}, "coalesced_transpose3": {"write": {"device_start": -1, "host_queued_start": 1585626749.47875, "device_queued": -1, "device_end": -1, "host_queued_end": 1585626749.48984}, "device": "cpu", "nd_range": {"device_start": 2294523.75139763, "device_end": 2294523.7518970743}, "cmdq": 0, "read": {"device_start": -1, "device_end": -1}}, "empty89": {"write": {"device_start": 1585626682.926636, "host_queued_start": 1585626749.402807, "device_queued": 1585626682.9261885, "device_end": 1585626682.9266605, "host_queued_end": 1585626749.455052}, "device": "gpu", "nd_range": {"device_start": 1585626682.9266691, "device_end": 1585626682.9266725}, "cmdq": 0, "read": {"device_start": -1, "device_end": -1}}, "FFC_sans_bias123": {"write": {"device_start": -1, "host_queued_start": 1585626749.445476, "device_queued": -1, "device_end": -1, "host_queued_end": 1585626749.455052}, "device": "gpu", "nd_range": {"device_start": 1585626682.960456, "device_end": 1585626682.961057}, "cmdq": 0, "read": {"device_start": -1, "device_end": -1}}, "empty80": {"write": {"device_start": 1585626682.9264798, "host_queued_start": 1585626749.401772, "device_queued": 1585626682.9260035, "device_end": 1585626682.926509, "host_queued_end": 1585626749.455052}, "device": "gpu", "nd_range": {"device_start": 1585626682.9265196, "device_end": 1585626682.9265232}, "cmdq": 0, "read": {"device_start": -1, "device_end": -1}}, "empty116": {"write": {"device_start": 1585626682.9273312, "host_queued_start": 1585626749.405256, "device_queued": 1585626682.9263017, "device_end": 1585626682.9273548, "host_queued_end": 1585626749.455052}, "device": "gpu", "nd_range": {"device_start": 1585626682.9273593, "device_end": 1585626682.9273684}, "cmdq": 0, "read": {"device_start": -1, "device_end": -1}}, "softmax104": {"write": {"device_start": -1, "host_queued_start": 1585626749.442102, "device_queued": -1, "device_end": -1, "host_queued_end": 1585626749.455052}, "device": "gpu", "nd_range": {"device_start": 1585626682.9550202, "device_end": 1585626682.9552317}, "cmdq": 0, "read": {"device_start": -1, "device_end": -1}}, "coalesced_transpose21": {"write": {"device_start": -1, "host_queued_start": 1585626749.479396, "device_queued": -1, "device_end": -1, "host_queued_end": 1585626749.48984}, "device": "cpu", "nd_range": {"device_start": 2294523.7415012573, "device_end": 2294523.741751315}, "cmdq": 2, "read": {"device_start": -1, "device_end": -1}}, "softmax14": {"write": {"device_start": -1, "host_queued_start": 1585626749.482247, "device_queued": -1, "device_end": -1, "host_queued_end": 1585626749.48984}, "device": "cpu", "nd_range": {"device_start": 2294523.762670473, "device_end": 2294523.762890338}, "cmdq": 3, "read": {"device_start": -1, "device_end": -1}}, "FFC_sans_bias69": {"write": {"device_start": -1, "host_queued_start": 1585626749.443558, "device_queued": -1, "device_end": -1, "host_queued_end": 1585626749.455052}, "device": "gpu", "nd_range": {"device_start": 1585626682.9568565, "device_end": 1585626682.9574518}, "cmdq": 0, "read": {"device_start": -1, "device_end": -1}}, "FFC_sans_bias92": {"write": {"device_start": 1585626682.940849, "host_queued_start": 1585626749.425045, "device_queued": 1585626682.9282894, "device_end": 1585626682.9408772, "host_queued_end": 1585626749.455052}, "device": "gpu", "nd_range": {"device_start": 1585626682.940887, "device_end": 1585626682.9414904}, "cmdq": 0, "read": {"device_start": -1, "device_end": -1}}, "FFC_sans_bias60": {"write": {"device_start": -1, "host_queued_start": 1585626749.443232, "device_queued": -1, "device_end": -1, "host_queued_end": 1585626749.455052}, "device": "gpu", "nd_range": {"device_start": 1585626682.9562573, "device_end": 1585626682.9568553}, "cmdq": 0, "read": {"device_start": -1, "device_end": -1}}, "FFC_sans_bias61": {"write": {"device_start": 1585626682.969162, "host_queued_start": 1585626749.447573, "device_queued": 1585626682.9308279, "device_end": 1585626682.9691854, "host_queued_end": 1585626749.455052}, "device": "gpu", "nd_range": {"device_start": 1585626682.9691887, "device_end": 1585626682.9697871}, "cmdq": 0, "read": {"device_start": 1585626682.969795, "device_end": 1585626682.969818}}, "FFC_sans_bias63": {"write": {"device_start": 1585626682.9335058, "host_queued_start": 1585626749.415545, "device_queued": 1585626682.9274871, "device_end": 1585626682.9335294, "host_queued_end": 1585626749.455052}, "device": "gpu", "nd_range": {"device_start": 1585626682.9335353, "device_end": 1585626682.9341216}, "cmdq": 0, "read": {"device_start": -1, "device_end": -1}}, "FFC_sans_bias64": {"write": {"device_start": 1585626682.9320436, "host_queued_start": 1585626749.413393, "device_queued": 1585626682.927262, "device_end": 1585626682.9320679, "host_queued_end": 1585626749.455052}, "device": "gpu", "nd_range": {"device_start": 1585626682.9320724, "device_end": 1585626682.9326735}, "cmdq": 0, "read": {"device_start": -1, "device_end": -1}}, "FFC_sans_bias65": {"write": {"device_start": 1585626682.932794, "host_queued_start": 1585626749.414477, "device_queued": 1585626682.927315, "device_end": 1585626682.9328191, "host_queued_end": 1585626749.455052}, "device": "gpu", "nd_range": {"device_start": 1585626682.9328225, "device_end": 1585626682.933422}, "cmdq": 0, "read": {"device_start": -1, "device_end": -1}}, "FFC_sans_bias67": {"write": {"device_start": -1, "host_queued_start": 1585626749.438363, "device_queued": -1, "device_end": -1, "host_queued_end": 1585626749.455052}, "device": "gpu", "nd_range": {"device_start": 1585626682.949539, "device_end": 1585626682.950139}, "cmdq": 0, "read": {"device_start": -1, "device_end": -1}}, "coalesced_transpose111": {"write": {"device_start": -1, "host_queued_start": 1585626749.437003, "device_queued": -1, "device_end": -1, "host_queued_end": 1585626749.455052}, "device": "gpu", "nd_range": {"device_start": 1585626682.9483175, "device_end": 1585626682.9483263}, "cmdq": 0, "read": {"device_start": -1, "device_end": -1}}, "softmax68": {"write": {"device_start": -1, "host_queued_start": 1585626749.441056, "device_queued": -1, "device_end": -1, "host_queued_end": 1585626749.455052}, "device": "gpu", "nd_range": {"device_start": 1585626682.9541745, "device_end": 1585626682.9543846}, "cmdq": 0, "read": {"device_start": -1, "device_end": -1}}, "empty125": {"write": {"device_start": 1585626682.9274797, "host_queued_start": 1585626749.406068, "device_queued": 1585626682.9265184, "device_end": 1585626682.927503, "host_queued_end": 1585626749.455052}, "device": "gpu", "nd_range": {"device_start": 1585626682.9275088, "device_end": 1585626682.9275126}, "cmdq": 0, "read": {"device_start": -1, "device_end": -1}}, "empty35": {"write": {"device_start": -1, "host_queued_start": 1585626749.460035, "device_queued": -1, "device_end": -1, "host_queued_end": 1585626749.48984}, "device": "cpu", "nd_range": {"device_start": 2294523.67948442, "device_end": 2294523.679490515}, "cmdq": 3, "read": {"device_start": -1, "device_end": -1}}, "softmax86": {"write": {"device_start": -1, "host_queued_start": 1585626749.441583, "device_queued": -1, "device_end": -1, "host_queued_end": 1585626749.455052}, "device": "gpu", "nd_range": {"device_start": 1585626682.954598, "device_end": 1585626682.9548073}, "cmdq": 0, "read": {"device_start": -1, "device_end": -1}}, "FFC_sans_bias55": {"write": {"device_start": 1585626682.9312992, "host_queued_start": 1585626749.412336, "device_queued": 1585626682.9270718, "device_end": 1585626682.9313233, "host_queued_end": 1585626749.455052}, "device": "gpu", "nd_range": {"device_start": 1585626682.9313266, "device_end": 1585626682.9319327}, "cmdq": 0, "read": {"device_start": -1, "device_end": -1}}, "FFC_sans_bias54": {"write": {"device_start": 1585626682.9305773, "host_queued_start": 1585626749.411298, "device_queued": 1585626682.9270227, "device_end": 1585626682.9306006, "host_queued_end": 1585626749.455052}, "device": "gpu", "nd_range": {"device_start": 1585626682.9306045, "device_end": 1585626682.931209}, "cmdq": 0, "read": {"device_start": -1, "device_end": -1}}, "FFC_sans_bias56": {"write": {"device_start": 1585626682.9298472, "host_queued_start": 1585626749.410221, "device_queued": 1585626682.9268425, "device_end": 1585626682.9298718, "host_queued_end": 1585626749.455052}, "device": "gpu", "nd_range": {"device_start": 1585626682.9298763, "device_end": 1585626682.930474}, "cmdq": 0, "read": {"device_start": -1, "device_end": -1}}, "FFC_sans_bias51": {"write": {"device_start": -1, "host_queued_start": 1585626749.442911, "device_queued": -1, "device_end": -1, "host_queued_end": 1585626749.455052}, "device": "gpu", "nd_range": {"device_start": 1585626682.9556568, "device_end": 1585626682.9562564}, "cmdq": 0, "read": {"device_start": -1, "device_end": -1}}, "FFC_sans_bias52": {"write": {"device_start": 1585626682.968372, "host_queued_start": 1585626749.446507, "device_queued": 1585626682.9306855, "device_end": 1585626682.968398, "host_queued_end": 1585626749.455052}, "device": "gpu", "nd_range": {"device_start": 1585626682.968401, "device_end": 1585626682.9689956}, "cmdq": 0, "read": {"device_start": 1585626682.9689975, "device_end": 1585626682.969022}}, "FFC_sans_bias58": {"write": {"device_start": -1, "host_queued_start": 1585626749.438041, "device_queued": -1, "device_end": -1, "host_queued_end": 1585626749.455052}, "device": "gpu", "nd_range": {"device_start": 1585626682.9489374, "device_end": 1585626682.949538}, "cmdq": 0, "read": {"device_start": -1, "device_end": -1}}, "FFC_sans_bias108": {"write": {"device_start": 1585626682.9438257, "host_queued_start": 1585626749.429241, "device_queued": 1585626682.9286664, "device_end": 1585626682.9438548, "host_queued_end": 1585626749.455052}, "device": "gpu", "nd_range": {"device_start": 1585626682.9438705, "device_end": 1585626682.9444711}, "cmdq": 0, "read": {"device_start": -1, "device_end": -1}}, "FFC_sans_bias109": {"write": {"device_start": 1585626682.944597, "host_queued_start": 1585626749.43029, "device_queued": 1585626682.9287963, "device_end": 1585626682.9446266, "host_queued_end": 1585626749.455052}, "device": "gpu", "nd_range": {"device_start": 1585626682.9446344, "device_end": 1585626682.9452293}, "cmdq": 0, "read": {"device_start": -1, "device_end": -1}}, "FFC_sans_bias103": {"write": {"device_start": -1, "host_queued_start": 1585626749.439665, "device_queued": -1, "device_end": -1, "host_queued_end": 1585626749.455052}, "device": "gpu", "nd_range": {"device_start": 1585626682.951944, "device_end": 1585626682.9525418}, "cmdq": 0, "read": {"device_start": -1, "device_end": -1}}, "FFC_sans_bias100": {"write": {"device_start": 1585626682.9424045, "host_queued_start": 1585626749.427145, "device_queued": 1585626682.9285135, "device_end": 1585626682.942436, "host_queued_end": 1585626749.455052}, "device": "gpu", "nd_range": {"device_start": 1585626682.942439, "device_end": 1585626682.9429438}, "cmdq": 0, "read": {"device_start": -1, "device_end": -1}}, "FFC_sans_bias101": {"write": {"device_start": 1585626682.943068, "host_queued_start": 1585626749.428194, "device_queued": 1585626682.9286358, "device_end": 1585626682.9430969, "host_queued_end": 1585626749.455052}, "device": "gpu", "nd_range": {"device_start": 1585626682.943107, "device_end": 1585626682.9437015}, "cmdq": 0, "read": {"device_start": -1, "device_end": -1}}, "FFC_sans_bias106": {"write": {"device_start": 1585626682.9737396, "host_queued_start": 1585626749.452815, "device_queued": 1585626682.9312673, "device_end": 1585626682.973763, "host_queued_end": 1585626749.455052}, "device": "gpu", "nd_range": {"device_start": 1585626682.973766, "device_end": 1585626682.9743617}, "cmdq": 0, "read": {"device_start": 1585626682.974364, "device_end": 1585626682.9743867}}, "softmax122": {"write": {"device_start": -1, "host_queued_start": 1585626749.442598, "device_queued": -1, "device_end": -1, "host_queued_end": 1585626749.455052}, "device": "gpu", "nd_range": {"device_start": 1585626682.9554443, "device_end": 1585626682.9556556}, "cmdq": 0, "read": {"device_start": -1, "device_end": -1}}, "FFC_sans_bias105": {"write": {"device_start": -1, "host_queued_start": 1585626749.444839, "device_queued": -1, "device_end": -1, "host_queued_end": 1585626749.455052}, "device": "gpu", "nd_range": {"device_start": 1585626682.9592555, "device_end": 1585626682.9598548}, "cmdq": 0, "read": {"device_start": -1, "device_end": -1}}, "softmax95": {"write": {"device_start": -1, "host_queued_start": 1585626749.441837, "device_queued": -1, "device_end": -1, "host_queued_end": 1585626749.455052}, "device": "gpu", "nd_range": {"device_start": 1585626682.9548085, "device_end": 1585626682.9550188}, "cmdq": 0, "read": {"device_start": -1, "device_end": -1}}, "coalesced_transpose57": {"write": {"device_start": -1, "host_queued_start": 1585626749.435157, "device_queued": -1, "device_end": -1, "host_queued_end": 1585626749.455052}, "device": "gpu", "nd_range": {"device_start": 1585626682.9482603, "device_end": 1585626682.9482682}, "cmdq": 0, "read": {"device_start": -1, "device_end": -1}}, "empty26": {"write": {"device_start": -1, "host_queued_start": 1585626749.459112, "device_queued": -1, "device_end": -1, "host_queued_end": 1585626749.48984}, "device": "cpu", "nd_range": {"device_start": 2294523.679698804, "device_end": 2294523.679702509}, "cmdq": 2, "read": {"device_start": -1, "device_end": -1}}, "softmax113": {"write": {"device_start": -1, "host_queued_start": 1585626749.442347, "device_queued": -1, "device_end": -1, "host_queued_end": 1585626749.455052}, "device": "gpu", "nd_range": {"device_start": 1585626682.9552326, "device_end": 1585626682.9554434}, "cmdq": 0, "read": {"device_start": -1, "device_end": -1}}, "FFC_sans_bias11": {"write": {"device_start": -1, "host_queued_start": 1585626749.467853, "device_queued": -1, "device_end": -1, "host_queued_end": 1585626749.48984}, "device": "cpu", "nd_range": {"device_start": 2294523.695341223, "device_end": 2294523.710619622}, "cmdq": 2, "read": {"device_start": -1, "device_end": -1}}, "FFC_sans_bias42": {"write": {"device_start": -1, "host_queued_start": 1585626749.484699, "device_queued": -1, "device_end": -1, "host_queued_end": 1585626749.48984}, "device": "cpu", "nd_range": {"device_start": 2294523.781601118, "device_end": 2294523.7962001013}, "cmdq": 3, "read": {"device_start": -1, "device_end": -1}}, "FFC_sans_bias43": {"write": {"device_start": -1, "host_queued_start": 1585626749.489795, "device_queued": -1, "device_end": -1, "host_queued_end": 1585626749.48984}, "device": "cpu", "nd_range": {"device_start": 2294523.803568505, "device_end": 2294523.815516203}, "cmdq": 0, "read": {"device_start": -1, "device_end": -1}}, "FFC_sans_bias40": {"write": {"device_start": -1, "host_queued_start": 1585626749.481698, "device_queued": -1, "device_end": -1, "host_queued_end": 1585626749.48984}, "device": "cpu", "nd_range": {"device_start": 2294523.7630997133, "device_end": 2294523.778424345}, "cmdq": 1, "read": {"device_start": -1, "device_end": -1}}, "FFC_sans_bias46": {"write": {"device_start": 1585626682.928344, "host_queued_start": 1585626749.408125, "device_queued": 1585626682.9266243, "device_end": 1585626682.9283736, "host_queued_end": 1585626749.455052}, "device": "gpu", "nd_range": {"device_start": 1585626682.928378, "device_end": 1585626682.9289792}, "cmdq": 0, "read": {"device_start": -1, "device_end": -1}}, "FFC_sans_bias47": {"write": {"device_start": 1585626682.9290645, "host_queued_start": 1585626749.409177, "device_queued": 1585626682.9267945, "device_end": 1585626682.9290886, "host_queued_end": 1585626749.455052}, "device": "gpu", "nd_range": {"device_start": 1585626682.9290972, "device_end": 1585626682.9296958}, "cmdq": 0, "read": {"device_start": -1, "device_end": -1}}, "FFC_sans_bias45": {"write": {"device_start": 1585626682.9276178, "host_queued_start": 1585626749.407075, "device_queued": 1585626682.9265695, "device_end": 1585626682.9276469, "host_queued_end": 1585626749.455052}, "device": "gpu", "nd_range": {"device_start": 1585626682.92765, "device_end": 1585626682.9282532}, "cmdq": 0, "read": {"device_start": -1, "device_end": -1}}, "FFC_sans_bias49": {"write": {"device_start": -1, "host_queued_start": 1585626749.437622, "device_queued": -1, "device_end": -1, "host_queued_end": 1585626749.455052}, "device": "gpu", "nd_range": {"device_start": 1585626682.9483368, "device_end": 1585626682.9489357}, "cmdq": 0, "read": {"device_start": -1, "device_end": -1}}, "softmax77": {"write": {"device_start": -1, "host_queued_start": 1585626749.441323, "device_queued": -1, "device_end": -1, "host_queued_end": 1585626749.455052}, "device": "gpu", "nd_range": {"device_start": 1585626682.9543858, "device_end": 1585626682.9545963}, "cmdq": 0, "read": {"device_start": -1, "device_end": -1}}, "FFC_sans_bias119": {"write": {"device_start": 1585626682.9476125, "host_queued_start": 1585626749.43451, "device_queued": 1585626682.9291337, "device_end": 1585626682.9476426, "host_queued_end": 1585626749.455052}, "device": "gpu", "nd_range": {"device_start": 1585626682.9476511, "device_end": 1585626682.9482486}, "cmdq": 0, "read": {"device_start": -1, "device_end": -1}}, "FFC_sans_bias118": {"write": {"device_start": 1585626682.946867, "host_queued_start": 1585626749.433459, "device_queued": 1585626682.928985, "device_end": 1585626682.9468966, "host_queued_end": 1585626749.455052}, "device": "gpu", "nd_range": {"device_start": 1585626682.9469006, "device_end": 1585626682.94749}, "cmdq": 0, "read": {"device_start": -1, "device_end": -1}}, "FFC_sans_bias115": {"write": {"device_start": 1585626682.9745076, "host_queued_start": 1585626749.453877, "device_queued": 1585626682.9314694, "device_end": 1585626682.974531, "host_queued_end": 1585626749.455052}, "device": "gpu", "nd_range": {"device_start": 1585626682.974534, "device_end": 1585626682.9751248}, "cmdq": 0, "read": {"device_start": 1585626682.975132, "device_end": 1585626682.9751554}}, "FFC_sans_bias114": {"write": {"device_start": -1, "host_queued_start": 1585626749.445159, "device_queued": -1, "device_end": -1, "host_queued_end": 1585626749.455052}, "device": "gpu", "nd_range": {"device_start": 1585626682.9598563, "device_end": 1585626682.9604547}, "cmdq": 0, "read": {"device_start": -1, "device_end": -1}}, "FFC_sans_bias117": {"write": {"device_start": 1585626682.9461083, "host_queued_start": 1585626749.432422, "device_queued": 1585626682.9289541, "device_end": 1585626682.9461377, "host_queued_end": 1585626749.455052}, "device": "gpu", "nd_range": {"device_start": 1585626682.946143, "device_end": 1585626682.9467392}, "cmdq": 0, "read": {"device_start": -1, "device_end": -1}}, "softmax5": {"write": {"device_start": -1, "host_queued_start": 1585626749.481986, "device_queued": -1, "device_end": -1, "host_queued_end": 1585626749.48984}, "device": "cpu", "nd_range": {"device_start": 2294523.7631790563, "device_end": 2294523.763389972}, "cmdq": 2, "read": {"device_start": -1, "device_end": -1}}, "FFC_sans_bias110": {"write": {"device_start": 1585626682.9453535, "host_queued_start": 1585626749.431384, "device_queued": 1585626682.9288285, "device_end": 1585626682.9453824, "host_queued_end": 1585626749.455052}, "device": "gpu", "nd_range": {"device_start": 1585626682.9453921, "device_end": 1585626682.9459803}, "cmdq": 0, "read": {"device_start": -1, "device_end": -1}}, "FFC_sans_bias112": {"write": {"device_start": -1, "host_queued_start": 1585626749.439986, "device_queued": -1, "device_end": -1, "host_queued_end": 1585626749.455052}, "device": "gpu", "nd_range": {"device_start": 1585626682.9525428, "device_end": 1585626682.953144}, "cmdq": 0, "read": {"device_start": -1, "device_end": -1}}, "empty53": {"write": {"device_start": 1585626682.9258945, "host_queued_start": 1585626749.399086, "device_queued": 1585626682.9257708, "device_end": 1585626682.9259255, "host_queued_end": 1585626749.455052}, "device": "gpu", "nd_range": {"device_start": 1585626682.925928, "device_end": 1585626682.9259388}, "cmdq": 0, "read": {"device_start": -1, "device_end": -1}}, "coalesced_transpose48": {"write": {"device_start": -1, "host_queued_start": 1585626749.434841, "device_queued": -1, "device_end": -1, "host_queued_end": 1585626749.455052}, "device": "gpu", "nd_range": {"device_start": 1585626682.94825, "device_end": 1585626682.9482589}, "cmdq": 0, "read": {"device_start": -1, "device_end": -1}}}