{"FFC_sans_bias4": {"write": {"device_start": -1, "host_queued_start": 1585627424.374782, "device_queued": -1, "device_end": -1, "host_queued_end": 1585627424.390234}, "device": "cpu", "nd_range": {"device_start": 2295198.6945864353, "device_end": 2295198.709969577}, "cmdq": 0, "read": {"device_start": -1, "device_end": -1}}, "FFC_sans_bias7": {"write": {"device_start": -1, "host_queued_start": 1585627424.383245, "device_queued": -1, "device_end": -1, "host_queued_end": 1585627424.390234}, "device": "cpu", "nd_range": {"device_start": 2295198.756371164, "device_end": 2295198.7699740063}, "cmdq": 0, "read": {"device_start": -1, "device_end": -1}}, "FFC_sans_bias6": {"write": {"device_start": -1, "host_queued_start": 1585627424.379777, "device_queued": -1, "device_end": -1, "host_queued_end": 1585627424.390234}, "device": "cpu", "nd_range": {"device_start": 2295198.7258188464, "device_end": 2295198.7410989623}, "cmdq": 0, "read": {"device_start": -1, "device_end": -1}}, "FFC_sans_bias1": {"write": {"device_start": -1, "host_queued_start": 1585627424.347502, "device_queued": -1, "device_end": -1, "host_queued_end": 1585627424.390234}, "device": "cpu", "nd_range": {"device_start": 2295198.57991861, "device_end": 2295198.595543737}, "cmdq": 1, "read": {"device_start": -1, "device_end": -1}}, "FFC_sans_bias0": {"write": {"device_start": -1, "host_queued_start": 1585627424.346428, "device_queued": -1, "device_end": -1, "host_queued_end": 1585627424.390234}, "device": "cpu", "nd_range": {"device_start": 2295198.5798713802, "device_end": 2295198.5954436683}, "cmdq": 0, "read": {"device_start": -1, "device_end": -1}}, "FFC_sans_bias2": {"write": {"device_start": -1, "host_queued_start": 1585627424.348569, "device_queued": -1, "device_end": -1, "host_queued_end": 1585627424.390234}, "device": "cpu", "nd_range": {"device_start": 2295198.580509448, "device_end": 2295198.595733589}, "cmdq": 2, "read": {"device_start": -1, "device_end": -1}}, "coalesced_transpose120": {"write": {"device_start": -1, "host_queued_start": 1585627424.324615, "device_queued": -1, "device_end": -1, "host_queued_end": 1585627424.336567}, "device": "gpu", "nd_range": {"device_start": 1585627357.799147, "device_end": 1585627357.799169}, "cmdq": 1, "read": {"device_start": -1, "device_end": -1}}, "FFC_sans_bias9": {"write": {"device_start": -1, "host_queued_start": 1585627424.349628, "device_queued": -1, "device_end": -1, "host_queued_end": 1585627424.390234}, "device": "cpu", "nd_range": {"device_start": 2295198.5801385744, "device_end": 2295198.595446216}, "cmdq": 3, "read": {"device_start": -1, "device_end": -1}}, "empty71": {"write": {"device_start": -1, "host_queued_start": 1585627424.345434, "device_queued": -1, "device_end": -1, "host_queued_end": 1585627424.390234}, "device": "cpu", "nd_range": {"device_start": 2295198.579898143, "device_end": 2295198.579899}, "cmdq": 3, "read": {"device_start": -1, "device_end": -1}}, "softmax41": {"write": {"device_start": -1, "host_queued_start": 1585627424.37861, "device_queued": -1, "device_end": -1, "host_queued_end": 1585627424.390234}, "device": "cpu", "nd_range": {"device_start": 2295198.725606629, "device_end": 2295198.725813234}, "cmdq": 0, "read": {"device_start": -1, "device_end": -1}}, "FFC_sans_bias37": {"write": {"device_start": -1, "host_queued_start": 1585627424.360977, "device_queued": -1, "device_end": -1, "host_queued_end": 1585627424.390234}, "device": "cpu", "nd_range": {"device_start": 2295198.626297655, "device_end": 2295198.641465331}, "cmdq": 1, "read": {"device_start": -1, "device_end": -1}}, "FFC_sans_bias36": {"write": {"device_start": -1, "host_queued_start": 1585627424.359928, "device_queued": -1, "device_end": -1, "host_queued_end": 1585627424.390234}, "device": "cpu", "nd_range": {"device_start": 2295198.66003557, "device_end": 2295198.675501441}, "cmdq": 0, "read": {"device_start": -1, "device_end": -1}}, "FFC_sans_bias34": {"write": {"device_start": -1, "host_queued_start": 1585627424.386222, "device_queued": -1, "device_end": -1, "host_queued_end": 1585627424.390234}, "device": "cpu", "nd_range": {"device_start": 2295198.734331063, "device_end": 2295198.750672238}, "cmdq": 3, "read": {"device_start": -1, "device_end": -1}}, "FFC_sans_bias33": {"write": {"device_start": -1, "host_queued_start": 1585627424.380822, "device_queued": -1, "device_end": -1, "host_queued_end": 1585627424.390234}, "device": "cpu", "nd_range": {"device_start": 2295198.7020318774, "device_end": 2295198.717268757}, "cmdq": 3, "read": {"device_start": -1, "device_end": -1}}, "FFC_sans_bias31": {"write": {"device_start": -1, "host_queued_start": 1585627424.375822, "device_queued": -1, "device_end": -1, "host_queued_end": 1585627424.390234}, "device": "cpu", "nd_range": {"device_start": 2295198.6762767453, "device_end": 2295198.687584219}, "cmdq": 3, "read": {"device_start": -1, "device_end": -1}}, "FFC_sans_bias38": {"write": {"device_start": -1, "host_queued_start": 1585627424.362035, "device_queued": -1, "device_end": -1, "host_queued_end": 1585627424.390234}, "device": "cpu", "nd_range": {"device_start": 2295198.626556347, "device_end": 2295198.6417937903}, "cmdq": 2, "read": {"device_start": -1, "device_end": -1}}, "coalesced_transpose75": {"write": {"device_start": -1, "host_queued_start": 1585627424.323081, "device_queued": -1, "device_end": -1, "host_queued_end": 1585627424.336567}, "device": "gpu", "nd_range": {"device_start": 1585627357.7978113, "device_end": 1585627357.7991166}, "cmdq": 0, "read": {"device_start": -1, "device_end": -1}}, "empty44": {"write": {"device_start": -1, "host_queued_start": 1585627424.342523, "device_queued": -1, "device_end": -1, "host_queued_end": 1585627424.390234}, "device": "cpu", "nd_range": {"device_start": 2295198.579863071, "device_end": 2295198.579864677}, "cmdq": 0, "read": {"device_start": -1, "device_end": -1}}, "empty8": {"write": {"device_start": -1, "host_queued_start": 1585627424.338136, "device_queued": -1, "device_end": -1, "host_queued_end": 1585627424.390234}, "device": "cpu", "nd_range": {"device_start": 2295198.5798307844, "device_end": 2295198.579841529}, "cmdq": 0, "read": {"device_start": -1, "device_end": -1}}, "softmax50": {"write": {"device_start": -1, "host_queued_start": 1585627424.378887, "device_queued": -1, "device_end": -1, "host_queued_end": 1585627424.390234}, "device": "cpu", "nd_range": {"device_start": 2295198.715243346, "device_end": 2295198.715451451}, "cmdq": 1, "read": {"device_start": -1, "device_end": -1}}, "softmax59": {"write": {"device_start": -1, "host_queued_start": 1585627424.37916, "device_queued": -1, "device_end": -1, "host_queued_end": 1585627424.390234}, "device": "cpu", "nd_range": {"device_start": 2295198.763141301, "device_end": 2295198.763595477}, "cmdq": 2, "read": {"device_start": -1, "device_end": -1}}, "FFC_sans_bias24": {"write": {"device_start": -1, "host_queued_start": 1585627424.380475, "device_queued": -1, "device_end": -1, "host_queued_end": 1585627424.390234}, "device": "cpu", "nd_range": {"device_start": 2295198.7636033203, "device_end": 2295198.7807038194}, "cmdq": 2, "read": {"device_start": -1, "device_end": -1}}, "FFC_sans_bias25": {"write": {"device_start": -1, "host_queued_start": 1585627424.385234, "device_queued": -1, "device_end": -1, "host_queued_end": 1585627424.390234}, "device": "cpu", "nd_range": {"device_start": 2295198.7847003383, "device_end": 2295198.789580366}, "cmdq": 2, "read": {"device_start": -1, "device_end": -1}}, "FFC_sans_bias27": {"write": {"device_start": -1, "host_queued_start": 1585627424.356739, "device_queued": -1, "device_end": -1, "host_queued_end": 1585627424.390234}, "device": "cpu", "nd_range": {"device_start": 2295198.6110349763, "device_end": 2295198.6261734553}, "cmdq": 1, "read": {"device_start": -1, "device_end": -1}}, "FFC_sans_bias20": {"write": {"device_start": -1, "host_queued_start": 1585627424.355604, "device_queued": -1, "device_end": -1, "host_queued_end": 1585627424.390234}, "device": "cpu", "nd_range": {"device_start": 2295198.629630331, "device_end": 2295198.656819474}, "cmdq": 0, "read": {"device_start": -1, "device_end": -1}}, "FFC_sans_bias22": {"write": {"device_start": -1, "host_queued_start": 1585627424.375475, "device_queued": -1, "device_end": -1, "host_queued_end": 1585627424.390234}, "device": "cpu", "nd_range": {"device_start": 2295198.7015830833, "device_end": 2295198.72880866}, "cmdq": 2, "read": {"device_start": -1, "device_end": -1}}, "FFC_sans_bias28": {"write": {"device_start": -1, "host_queued_start": 1585627424.357787, "device_queued": -1, "device_end": -1, "host_queued_end": 1585627424.390234}, "device": "cpu", "nd_range": {"device_start": 2295198.6112447153, "device_end": 2295198.626436583}, "cmdq": 2, "read": {"device_start": -1, "device_end": -1}}, "FFC_sans_bias29": {"write": {"device_start": -1, "host_queued_start": 1585627424.358876, "device_queued": -1, "device_end": -1, "host_queued_end": 1585627424.390234}, "device": "cpu", "nd_range": {"device_start": 2295198.61256005, "device_end": 2295198.62876831}, "cmdq": 3, "read": {"device_start": -1, "device_end": -1}}, "coalesced_transpose66": {"write": {"device_start": -1, "host_queued_start": 1585627424.374426, "device_queued": -1, "device_end": -1, "host_queued_end": 1585627424.390234}, "device": "cpu", "nd_range": {"device_start": 2295198.675856211, "device_end": 2295198.676165395}, "cmdq": 3, "read": {"device_start": -1, "device_end": -1}}, "coalesced_transpose93": {"write": {"device_start": -1, "host_queued_start": 1585627424.3237, "device_queued": -1, "device_end": -1, "host_queued_end": 1585627424.336567}, "device": "gpu", "nd_range": {"device_start": 1585627357.798797, "device_end": 1585627357.7991505}, "cmdq": 2, "read": {"device_start": -1, "device_end": -1}}, "softmax23": {"write": {"device_start": -1, "host_queued_start": 1585627424.378049, "device_queued": -1, "device_end": -1, "host_queued_end": 1585627424.390234}, "device": "cpu", "nd_range": {"device_start": 2295198.757954109, "device_end": 2295198.763134979}, "cmdq": 2, "read": {"device_start": -1, "device_end": -1}}, "empty62": {"write": {"device_start": -1, "host_queued_start": 1585627424.344537, "device_queued": -1, "device_end": -1, "host_queued_end": 1585627424.390234}, "device": "cpu", "nd_range": {"device_start": 2295198.580401985, "device_end": 2295198.58040412}, "cmdq": 2, "read": {"device_start": -1, "device_end": -1}}, "FFC_sans_bias10": {"write": {"device_start": -1, "host_queued_start": 1585627424.350713, "device_queued": -1, "device_end": -1, "host_queued_end": 1585627424.390234}, "device": "cpu", "nd_range": {"device_start": 2295198.599112117, "device_end": 2295198.623200818}, "cmdq": 0, "read": {"device_start": -1, "device_end": -1}}, "FFC_sans_bias13": {"write": {"device_start": -1, "host_queued_start": 1585627424.375128, "device_queued": -1, "device_end": -1, "host_queued_end": 1585627424.390234}, "device": "cpu", "nd_range": {"device_start": 2295198.6840758193, "device_end": 2295198.699357767}, "cmdq": 1, "read": {"device_start": -1, "device_end": -1}}, "FFC_sans_bias15": {"write": {"device_start": -1, "host_queued_start": 1585627424.380123, "device_queued": -1, "device_end": -1, "host_queued_end": 1585627424.390234}, "device": "cpu", "nd_range": {"device_start": 2295198.715557844, "device_end": 2295198.730804802}, "cmdq": 1, "read": {"device_start": -1, "device_end": -1}}, "FFC_sans_bias16": {"write": {"device_start": -1, "host_queued_start": 1585627424.384239, "device_queued": -1, "device_end": -1, "host_queued_end": 1585627424.390234}, "device": "cpu", "nd_range": {"device_start": 2295198.746052255, "device_end": 2295198.76123454}, "cmdq": 1, "read": {"device_start": -1, "device_end": -1}}, "FFC_sans_bias19": {"write": {"device_start": -1, "host_queued_start": 1585627424.354432, "device_queued": -1, "device_end": -1, "host_queued_end": 1585627424.390234}, "device": "cpu", "nd_range": {"device_start": 2295198.5954860603, "device_end": 2295198.612431336}, "cmdq": 3, "read": {"device_start": -1, "device_end": -1}}, "FFC_sans_bias18": {"write": {"device_start": -1, "host_queued_start": 1585627424.353126, "device_queued": -1, "device_end": -1, "host_queued_end": 1585627424.390234}, "device": "cpu", "nd_range": {"device_start": 2295198.5959222843, "device_end": 2295198.61112032}, "cmdq": 2, "read": {"device_start": -1, "device_end": -1}}, "FFC_sans_bias99": {"write": {"device_start": 1585627357.7935684, "host_queued_start": 1585627424.314233, "device_queued": 1585627357.791287, "device_end": 1585627357.7936, "host_queued_end": 1585627424.336567}, "device": "gpu", "nd_range": {"device_start": 1585627357.7936032, "device_end": 1585627357.7954175}, "cmdq": 3, "read": {"device_start": -1, "device_end": -1}}, "FFC_sans_bias91": {"write": {"device_start": 1585627357.7925854, "host_queued_start": 1585627424.312083, "device_queued": 1585627357.7912397, "device_end": 1585627357.792617, "host_queued_end": 1585627424.336567}, "device": "gpu", "nd_range": {"device_start": 1585627357.7926228, "device_end": 1585627357.7944288}, "cmdq": 1, "read": {"device_start": -1, "device_end": -1}}, "FFC_sans_bias90": {"write": {"device_start": 1585627357.7921233, "host_queued_start": 1585627424.311034, "device_queued": 1585627357.7910113, "device_end": 1585627357.7921553, "host_queued_end": 1585627424.336567}, "device": "gpu", "nd_range": {"device_start": 1585627357.7921593, "device_end": 1585627357.793937}, "cmdq": 0, "read": {"device_start": -1, "device_end": -1}}, "coalesced_transpose12": {"write": {"device_start": -1, "host_queued_start": 1585627424.372273, "device_queued": -1, "device_end": -1, "host_queued_end": 1585627424.390234}, "device": "cpu", "nd_range": {"device_start": 2295198.6756763663, "device_end": 2295198.6758391513}, "cmdq": 1, "read": {"device_start": -1, "device_end": -1}}, "FFC_sans_bias94": {"write": {"device_start": -1, "host_queued_start": 1585627424.325583, "device_queued": -1, "device_end": -1, "host_queued_end": 1585627424.336567}, "device": "gpu", "nd_range": {"device_start": 1585627357.799248, "device_end": 1585627357.7998562}, "cmdq": 0, "read": {"device_start": -1, "device_end": -1}}, "FFC_sans_bias97": {"write": {"device_start": 1585627357.805144, "host_queued_start": 1585627424.333289, "device_queued": 1585627357.7938664, "device_end": 1585627357.8051772, "host_queued_end": 1585627424.336567}, "device": "gpu", "nd_range": {"device_start": 1585627357.8051944, "device_end": 1585627357.8069203}, "cmdq": 2, "read": {"device_start": 1585627357.8069274, "device_end": 1585627357.806956}}, "FFC_sans_bias96": {"write": {"device_start": -1, "host_queued_start": 1585627424.329037, "device_queued": -1, "device_end": -1, "host_queued_end": 1585627424.336567}, "device": "gpu", "nd_range": {"device_start": 1585627357.8025093, "device_end": 1585627357.8040624}, "cmdq": 0, "read": {"device_start": -1, "device_end": -1}}, "FFC_sans_bias124": {"write": {"device_start": 1585627357.806696, "host_queued_start": 1585627424.336465, "device_queued": 1585627357.7943742, "device_end": 1585627357.8067274, "host_queued_end": 1585627424.336567}, "device": "gpu", "nd_range": {"device_start": 1585627357.8067374, "device_end": 1585627357.8083487}, "cmdq": 1, "read": {"device_start": 1585627357.8083525, "device_end": 1585627357.8083754}}, "softmax32": {"write": {"device_start": -1, "host_queued_start": 1585627424.378326, "device_queued": -1, "device_end": -1, "host_queued_end": 1585627424.390234}, "device": "cpu", "nd_range": {"device_start": 2295198.701375973, "device_end": 2295198.701602621}, "cmdq": 3, "read": {"device_start": -1, "device_end": -1}}, "coalesced_transpose84": {"write": {"device_start": -1, "host_queued_start": 1585627424.323392, "device_queued": -1, "device_end": -1, "host_queued_end": 1585627424.336567}, "device": "gpu", "nd_range": {"device_start": 1585627357.7982478, "device_end": 1585627357.799136}, "cmdq": 1, "read": {"device_start": -1, "device_end": -1}}, "FFC_sans_bias121": {"write": {"device_start": -1, "host_queued_start": 1585627424.326535, "device_queued": -1, "device_end": -1, "host_queued_end": 1585627424.336567}, "device": "gpu", "nd_range": {"device_start": 1585627357.8008482, "device_end": 1585627357.8022428}, "cmdq": 3, "read": {"device_start": -1, "device_end": -1}}, "empty98": {"write": {"device_start": 1585627357.7898924, "host_queued_start": 1585627424.30089, "device_queued": 1585627357.7896876, "device_end": 1585627357.789971, "host_queued_end": 1585627424.336567}, "device": "gpu", "nd_range": {"device_start": 1585627357.7899747, "device_end": 1585627357.789987}, "cmdq": 2, "read": {"device_start": -1, "device_end": -1}}, "empty107": {"write": {"device_start": 1585627357.7899745, "host_queued_start": 1585627424.301901, "device_queued": 1585627357.7897096, "device_end": 1585627357.7900014, "host_queued_end": 1585627424.336567}, "device": "gpu", "nd_range": {"device_start": 1585627357.7900052, "device_end": 1585627357.790009}, "cmdq": 3, "read": {"device_start": -1, "device_end": -1}}, "empty17": {"write": {"device_start": -1, "host_queued_start": 1585627424.339416, "device_queued": -1, "device_end": -1, "host_queued_end": 1585627424.390234}, "device": "cpu", "nd_range": {"device_start": 2295198.5799043323, "device_end": 2295198.5799050783}, "cmdq": 1, "read": {"device_start": -1, "device_end": -1}}, "FFC_sans_bias87": {"write": {"device_start": -1, "host_queued_start": 1585627424.328718, "device_queued": -1, "device_end": -1, "host_queued_end": 1585627424.336567}, "device": "gpu", "nd_range": {"device_start": 1585627357.8024976, "device_end": 1585627357.803493}, "cmdq": 3, "read": {"device_start": -1, "device_end": -1}}, "FFC_sans_bias85": {"write": {"device_start": -1, "host_queued_start": 1585627424.325259, "device_queued": -1, "device_end": -1, "host_queued_end": 1585627424.336567}, "device": "gpu", "nd_range": {"device_start": 1585627357.7992754, "device_end": 1585627357.8008385}, "cmdq": 3, "read": {"device_start": -1, "device_end": -1}}, "FFC_sans_bias82": {"write": {"device_start": 1585627357.791197, "host_queued_start": 1585627424.308881, "device_queued": 1585627357.7906885, "device_end": 1585627357.7912276, "host_queued_end": 1585627424.336567}, "device": "gpu", "nd_range": {"device_start": 1585627357.7912312, "device_end": 1585627357.792992}, "cmdq": 2, "read": {"device_start": -1, "device_end": -1}}, "FFC_sans_bias83": {"write": {"device_start": 1585627357.791555, "host_queued_start": 1585627424.309932, "device_queued": 1585627357.7907114, "device_end": 1585627357.791586, "host_queued_end": 1585627424.336567}, "device": "gpu", "nd_range": {"device_start": 1585627357.7915924, "device_end": 1585627357.7934394}, "cmdq": 3, "read": {"device_start": -1, "device_end": -1}}, "FFC_sans_bias81": {"write": {"device_start": 1585627357.7907796, "host_queued_start": 1585627424.307836, "device_queued": 1585627357.7906628, "device_end": 1585627357.790804, "host_queued_end": 1585627424.336567}, "device": "gpu", "nd_range": {"device_start": 1585627357.7908137, "device_end": 1585627357.7924514}, "cmdq": 1, "read": {"device_start": -1, "device_end": -1}}, "FFC_sans_bias88": {"write": {"device_start": 1585627357.8046272, "host_queued_start": 1585627424.332235, "device_queued": 1585627357.793844, "device_end": 1585627357.8046577, "host_queued_end": 1585627424.336567}, "device": "gpu", "nd_range": {"device_start": 1585627357.8046653, "device_end": 1585627357.8064613}, "cmdq": 1, "read": {"device_start": 1585627357.8064678, "device_end": 1585627357.8064954}}, "coalesced_transpose30": {"write": {"device_start": -1, "host_queued_start": 1585627424.37306, "device_queued": -1, "device_end": -1, "host_queued_end": 1585627424.390234}, "device": "cpu", "nd_range": {"device_start": 2295198.6755155073, "device_end": 2295198.6757830763}, "cmdq": 3, "read": {"device_start": -1, "device_end": -1}}, "coalesced_transpose39": {"write": {"device_start": -1, "host_queued_start": 1585627424.3734, "device_queued": -1, "device_end": -1, "host_queued_end": 1585627424.390234}, "device": "cpu", "nd_range": {"device_start": 2295198.6942073083, "device_end": 2295198.694466726}, "cmdq": 0, "read": {"device_start": -1, "device_end": -1}}, "FFC_sans_bias79": {"write": {"device_start": 1585627357.804226, "host_queued_start": 1585627424.331172, "device_queued": 1585627357.7936816, "device_end": 1585627357.8042514, "host_queued_end": 1585627424.336567}, "device": "gpu", "nd_range": {"device_start": 1585627357.804269, "device_end": 1585627357.8059573}, "cmdq": 0, "read": {"device_start": 1585627357.805961, "device_end": 1585627357.8059852}}, "FFC_sans_bias78": {"write": {"device_start": -1, "host_queued_start": 1585627424.3284, "device_queued": -1, "device_end": -1, "host_queued_end": 1585627424.336567}, "device": "gpu", "nd_range": {"device_start": 1585627357.802488, "device_end": 1585627357.803095}, "cmdq": 2, "read": {"device_start": -1, "device_end": -1}}, "FFC_sans_bias73": {"write": {"device_start": 1585627357.790435, "host_queued_start": 1585627424.305633, "device_queued": 1585627357.7901256, "device_end": 1585627357.7904594, "host_queued_end": 1585627424.336567}, "device": "gpu", "nd_range": {"device_start": 1585627357.7904704, "device_end": 1585627357.7914605}, "cmdq": 3, "read": {"device_start": -1, "device_end": -1}}, "FFC_sans_bias72": {"write": {"device_start": 1585627357.7903485, "host_queued_start": 1585627424.304579, "device_queued": 1585627357.7900937, "device_end": 1585627357.7904048, "host_queued_end": 1585627424.336567}, "device": "gpu", "nd_range": {"device_start": 1585627357.7904387, "device_end": 1585627357.7910554}, "cmdq": 2, "read": {"device_start": -1, "device_end": -1}}, "FFC_sans_bias70": {"write": {"device_start": -1, "host_queued_start": 1585627424.390188, "device_queued": -1, "device_end": -1, "host_queued_end": 1585627424.390234}, "device": "cpu", "nd_range": {"device_start": 2295198.750678841, "device_end": 2295198.76814972}, "cmdq": 3, "read": {"device_start": -1, "device_end": -1}}, "FFC_sans_bias76": {"write": {"device_start": -1, "host_queued_start": 1585627424.324937, "device_queued": -1, "device_end": -1, "host_queued_end": 1585627424.336567}, "device": "gpu", "nd_range": {"device_start": 1585627357.7992618, "device_end": 1585627357.800256}, "cmdq": 2, "read": {"device_start": -1, "device_end": -1}}, "FFC_sans_bias74": {"write": {"device_start": 1585627357.790582, "host_queued_start": 1585627424.306764, "device_queued": 1585627357.7904825, "device_end": 1585627357.7906127, "host_queued_end": 1585627424.336567}, "device": "gpu", "nd_range": {"device_start": 1585627357.7906158, "device_end": 1585627357.7920215}, "cmdq": 0, "read": {"device_start": -1, "device_end": -1}}, "coalesced_transpose102": {"write": {"device_start": -1, "host_queued_start": 1585627424.324005, "device_queued": -1, "device_end": -1, "host_queued_end": 1585627424.336567}, "device": "gpu", "nd_range": {"device_start": 1585627357.7992349, "device_end": 1585627357.7992647}, "cmdq": 3, "read": {"device_start": -1, "device_end": -1}}, "coalesced_transpose3": {"write": {"device_start": -1, "host_queued_start": 1585627424.371929, "device_queued": -1, "device_end": -1, "host_queued_end": 1585627424.390234}, "device": "cpu", "nd_range": {"device_start": 2295198.693817344, "device_end": 2295198.6940809423}, "cmdq": 0, "read": {"device_start": -1, "device_end": -1}}, "empty89": {"write": {"device_start": 1585627357.789761, "host_queued_start": 1585627424.300042, "device_queued": 1585627357.7896616, "device_end": 1585627357.7898097, "host_queued_end": 1585627424.336567}, "device": "gpu", "nd_range": {"device_start": 1585627357.7898154, "device_end": 1585627357.7898207}, "cmdq": 1, "read": {"device_start": -1, "device_end": -1}}, "FFC_sans_bias123": {"write": {"device_start": -1, "host_queued_start": 1585627424.330103, "device_queued": -1, "device_end": -1, "host_queued_end": 1585627424.336567}, "device": "gpu", "nd_range": {"device_start": 1585627357.8035011, "device_end": 1585627357.8054786}, "cmdq": 3, "read": {"device_start": -1, "device_end": -1}}, "empty80": {"write": {"device_start": 1585627357.7896028, "host_queued_start": 1585627424.298987, "device_queued": 1585627357.789479, "device_end": 1585627357.7896361, "host_queued_end": 1585627424.336567}, "device": "gpu", "nd_range": {"device_start": 1585627357.789639, "device_end": 1585627357.7896435}, "cmdq": 0, "read": {"device_start": -1, "device_end": -1}}, "empty116": {"write": {"device_start": 1585627357.7901206, "host_queued_start": 1585627424.30278, "device_queued": 1585627357.7900271, "device_end": 1585627357.790177, "host_queued_end": 1585627424.336567}, "device": "gpu", "nd_range": {"device_start": 1585627357.7901819, "device_end": 1585627357.7901862}, "cmdq": 0, "read": {"device_start": -1, "device_end": -1}}, "softmax104": {"write": {"device_start": -1, "host_queued_start": 1585627424.327581, "device_queued": -1, "device_end": -1, "host_queued_end": 1585627424.336567}, "device": "gpu", "nd_range": {"device_start": 1585627357.8022513, "device_end": 1585627357.8024545}, "cmdq": 3, "read": {"device_start": -1, "device_end": -1}}, "coalesced_transpose21": {"write": {"device_start": -1, "host_queued_start": 1585627424.372612, "device_queued": -1, "device_end": -1, "host_queued_end": 1585627424.390234}, "device": "cpu", "nd_range": {"device_start": 2295198.672669488, "device_end": 2295198.672918635}, "cmdq": 2, "read": {"device_start": -1, "device_end": -1}}, "softmax14": {"write": {"device_start": -1, "host_queued_start": 1585627424.377773, "device_queued": -1, "device_end": -1, "host_queued_end": 1585627424.390234}, "device": "cpu", "nd_range": {"device_start": 2295198.714914698, "device_end": 2295198.715133797}, "cmdq": 1, "read": {"device_start": -1, "device_end": -1}}, "FFC_sans_bias69": {"write": {"device_start": -1, "host_queued_start": 1585627424.382196, "device_queued": -1, "device_end": -1, "host_queued_end": 1585627424.390234}, "device": "cpu", "nd_range": {"device_start": 2295198.717384612, "device_end": 2295198.734209063}, "cmdq": 3, "read": {"device_start": -1, "device_end": -1}}, "FFC_sans_bias92": {"write": {"device_start": 1585627357.7930994, "host_queued_start": 1585627424.313139, "device_queued": 1585627357.7912693, "device_end": 1585627357.793131, "host_queued_end": 1585627424.336567}, "device": "gpu", "nd_range": {"device_start": 1585627357.7931345, "device_end": 1585627357.7949078}, "cmdq": 2, "read": {"device_start": -1, "device_end": -1}}, "FFC_sans_bias60": {"write": {"device_start": -1, "host_queued_start": 1585627424.381849, "device_queued": -1, "device_end": -1, "host_queued_end": 1585627424.390234}, "device": "cpu", "nd_range": {"device_start": 2295198.780721288, "device_end": 2295198.784691804}, "cmdq": 2, "read": {"device_start": -1, "device_end": -1}}, "FFC_sans_bias61": {"write": {"device_start": -1, "host_queued_start": 1585627424.389196, "device_queued": -1, "device_end": -1, "host_queued_end": 1585627424.390234}, "device": "cpu", "nd_range": {"device_start": 2295198.789592169, "device_end": 2295198.793817555}, "cmdq": 2, "read": {"device_start": -1, "device_end": -1}}, "FFC_sans_bias63": {"write": {"device_start": -1, "host_queued_start": 1585627424.371594, "device_queued": -1, "device_end": -1, "host_queued_end": 1585627424.390234}, "device": "cpu", "nd_range": {"device_start": 2295198.661742847, "device_end": 2295198.675502166}, "cmdq": 3, "read": {"device_start": -1, "device_end": -1}}, "FFC_sans_bias64": {"write": {"device_start": -1, "host_queued_start": 1585627424.369443, "device_queued": -1, "device_end": -1, "host_queued_end": 1585627424.390234}, "device": "cpu", "nd_range": {"device_start": 2295198.657029728, "device_end": 2295198.6752813673}, "cmdq": 1, "read": {"device_start": -1, "device_end": -1}}, "FFC_sans_bias65": {"write": {"device_start": -1, "host_queued_start": 1585627424.370522, "device_queued": -1, "device_end": -1, "host_queued_end": 1585627424.390234}, "device": "cpu", "nd_range": {"device_start": 2295198.6573117143, "device_end": 2295198.6725463183}, "cmdq": 2, "read": {"device_start": -1, "device_end": -1}}, "FFC_sans_bias67": {"write": {"device_start": -1, "host_queued_start": 1585627424.377213, "device_queued": -1, "device_end": -1, "host_queued_end": 1585627424.390234}, "device": "cpu", "nd_range": {"device_start": 2295198.687705145, "device_end": 2295198.701252074}, "cmdq": 3, "read": {"device_start": -1, "device_end": -1}}, "coalesced_transpose111": {"write": {"device_start": -1, "host_queued_start": 1585627424.324309, "device_queued": -1, "device_end": -1, "host_queued_end": 1585627424.336567}, "device": "gpu", "nd_range": {"device_start": 1585627357.7991261, "device_end": 1585627357.799156}, "cmdq": 0, "read": {"device_start": -1, "device_end": -1}}, "softmax68": {"write": {"device_start": -1, "host_queued_start": 1585627424.379436, "device_queued": -1, "device_end": -1, "host_queued_end": 1585627424.390234}, "device": "cpu", "nd_range": {"device_start": 2295198.701713704, "device_end": 2295198.70192502}, "cmdq": 3, "read": {"device_start": -1, "device_end": -1}}, "empty125": {"write": {"device_start": 1585627357.790239, "host_queued_start": 1585627424.303598, "device_queued": 1585627357.7900765, "device_end": 1585627357.7902975, "host_queued_end": 1585627424.336567}, "device": "gpu", "nd_range": {"device_start": 1585627357.7903016, "device_end": 1585627357.7903054}, "cmdq": 1, "read": {"device_start": -1, "device_end": -1}}, "empty35": {"write": {"device_start": -1, "host_queued_start": 1585627424.341496, "device_queued": -1, "device_end": -1, "host_queued_end": 1585627424.390234}, "device": "cpu", "nd_range": {"device_start": 2295198.579875405, "device_end": 2295198.5798807633}, "cmdq": 3, "read": {"device_start": -1, "device_end": -1}}, "softmax86": {"write": {"device_start": -1, "host_queued_start": 1585627424.32708, "device_queued": -1, "device_end": -1, "host_queued_end": 1585627424.336567}, "device": "gpu", "nd_range": {"device_start": 1585627357.8012679, "device_end": 1585627357.8024669}, "cmdq": 1, "read": {"device_start": -1, "device_end": -1}}, "FFC_sans_bias55": {"write": {"device_start": -1, "host_queued_start": 1585627424.36838, "device_queued": -1, "device_end": -1, "host_queued_end": 1585627424.390234}, "device": "cpu", "nd_range": {"device_start": 2295198.683411416, "device_end": 2295198.693693649}, "cmdq": 0, "read": {"device_start": -1, "device_end": -1}}, "FFC_sans_bias54": {"write": {"device_start": -1, "host_queued_start": 1585627424.36732, "device_queued": -1, "device_end": -1, "host_queued_end": 1585627424.390234}, "device": "cpu", "nd_range": {"device_start": 2295198.645393603, "device_end": 2295198.6616212684}, "cmdq": 3, "read": {"device_start": -1, "device_end": -1}}, "FFC_sans_bias56": {"write": {"device_start": -1, "host_queued_start": 1585627424.366255, "device_queued": -1, "device_end": -1, "host_queued_end": 1585627424.390234}, "device": "cpu", "nd_range": {"device_start": 2295198.641914924, "device_end": 2295198.6571972133}, "cmdq": 2, "read": {"device_start": -1, "device_end": -1}}, "FFC_sans_bias51": {"write": {"device_start": -1, "host_queued_start": 1585627424.381507, "device_queued": -1, "device_end": -1, "host_queued_end": 1585627424.390234}, "device": "cpu", "nd_range": {"device_start": 2295198.730814685, "device_end": 2295198.746043454}, "cmdq": 1, "read": {"device_start": -1, "device_end": -1}}, "FFC_sans_bias52": {"write": {"device_start": -1, "host_queued_start": 1585627424.388202, "device_queued": -1, "device_end": -1, "host_queued_end": 1585627424.390234}, "device": "cpu", "nd_range": {"device_start": 2295198.761239708, "device_end": 2295198.774042056}, "cmdq": 1, "read": {"device_start": -1, "device_end": -1}}, "FFC_sans_bias58": {"write": {"device_start": -1, "host_queued_start": 1585627424.376871, "device_queued": -1, "device_end": -1, "host_queued_end": 1585627424.390234}, "device": "cpu", "nd_range": {"device_start": 2295198.728817746, "device_end": 2295198.757946221}, "cmdq": 2, "read": {"device_start": -1, "device_end": -1}}, "FFC_sans_bias108": {"write": {"device_start": 1585627357.7950454, "host_queued_start": 1585627424.317434, "device_queued": 1585627357.7917051, "device_end": 1585627357.7950776, "host_queued_end": 1585627424.336567}, "device": "gpu", "nd_range": {"device_start": 1585627357.7950811, "device_end": 1585627357.7968388}, "cmdq": 2, "read": {"device_start": -1, "device_end": -1}}, "FFC_sans_bias109": {"write": {"device_start": 1585627357.7955263, "host_queued_start": 1585627424.318495, "device_queued": 1585627357.7917213, "device_end": 1585627357.7955577, "host_queued_end": 1585627424.336567}, "device": "gpu", "nd_range": {"device_start": 1585627357.7955654, "device_end": 1585627357.7972867}, "cmdq": 3, "read": {"device_start": -1, "device_end": -1}}, "FFC_sans_bias103": {"write": {"device_start": -1, "host_queued_start": 1585627424.325901, "device_queued": -1, "device_end": -1, "host_queued_end": 1585627424.336567}, "device": "gpu", "nd_range": {"device_start": 1585627357.7992873, "device_end": 1585627357.8012574}, "cmdq": 1, "read": {"device_start": -1, "device_end": -1}}, "FFC_sans_bias100": {"write": {"device_start": 1585627357.7940636, "host_queued_start": 1585627424.315316, "device_queued": 1585627357.7914534, "device_end": 1585627357.794096, "host_queued_end": 1585627424.336567}, "device": "gpu", "nd_range": {"device_start": 1585627357.7940993, "device_end": 1585627357.795863}, "cmdq": 0, "read": {"device_start": -1, "device_end": -1}}, "FFC_sans_bias101": {"write": {"device_start": 1585627357.7945223, "host_queued_start": 1585627424.316368, "device_queued": 1585627357.791676, "device_end": 1585627357.794554, "host_queued_end": 1585627424.336567}, "device": "gpu", "nd_range": {"device_start": 1585627357.7945585, "device_end": 1585627357.7963817}, "cmdq": 1, "read": {"device_start": -1, "device_end": -1}}, "FFC_sans_bias106": {"write": {"device_start": 1585627357.8056145, "host_queued_start": 1585627424.334355, "device_queued": 1585627357.7938821, "device_end": 1585627357.8056462, "host_queued_end": 1585627424.336567}, "device": "gpu", "nd_range": {"device_start": 1585627357.8056622, "device_end": 1585627357.8074481}, "cmdq": 3, "read": {"device_start": 1585627357.8074534, "device_end": 1585627357.807477}}, "softmax122": {"write": {"device_start": -1, "host_queued_start": 1585627424.32808, "device_queued": -1, "device_end": -1, "host_queued_end": 1585627424.336567}, "device": "gpu", "nd_range": {"device_start": 1585627357.8024764, "device_end": 1585627357.8028584}, "cmdq": 1, "read": {"device_start": -1, "device_end": -1}}, "FFC_sans_bias105": {"write": {"device_start": -1, "host_queued_start": 1585627424.329359, "device_queued": -1, "device_end": -1, "host_queued_end": 1585627424.336567}, "device": "gpu", "nd_range": {"device_start": 1585627357.802867, "device_end": 1585627357.804486}, "cmdq": 1, "read": {"device_start": -1, "device_end": -1}}, "softmax95": {"write": {"device_start": -1, "host_queued_start": 1585627424.327328, "device_queued": -1, "device_end": -1, "host_queued_end": 1585627424.336567}, "device": "gpu", "nd_range": {"device_start": 1585627357.8018289, "device_end": 1585627357.80248}, "cmdq": 2, "read": {"device_start": -1, "device_end": -1}}, "coalesced_transpose57": {"write": {"device_start": -1, "host_queued_start": 1585627424.374078, "device_queued": -1, "device_end": -1, "host_queued_end": 1585627424.390234}, "device": "cpu", "nd_range": {"device_start": 2295198.70054636, "device_end": 2295198.700794915}, "cmdq": 2, "read": {"device_start": -1, "device_end": -1}}, "empty26": {"write": {"device_start": -1, "host_queued_start": 1585627424.340461, "device_queued": -1, "device_end": -1, "host_queued_end": 1585627424.390234}, "device": "cpu", "nd_range": {"device_start": 2295198.580217527, "device_end": 2295198.580221415}, "cmdq": 2, "read": {"device_start": -1, "device_end": -1}}, "softmax113": {"write": {"device_start": -1, "host_queued_start": 1585627424.327828, "device_queued": -1, "device_end": -1, "host_queued_end": 1585627424.336567}, "device": "gpu", "nd_range": {"device_start": 1585627357.8019922, "device_end": 1585627357.8023002}, "cmdq": 0, "read": {"device_start": -1, "device_end": -1}}, "FFC_sans_bias11": {"write": {"device_start": -1, "host_queued_start": 1585627424.351837, "device_queued": -1, "device_end": -1, "host_queued_end": 1585627424.390234}, "device": "cpu", "nd_range": {"device_start": 2295198.595564431, "device_end": 2295198.6108932453}, "cmdq": 1, "read": {"device_start": -1, "device_end": -1}}, "FFC_sans_bias42": {"write": {"device_start": -1, "host_queued_start": 1585627424.381165, "device_queued": -1, "device_end": -1, "host_queued_end": 1585627424.390234}, "device": "cpu", "nd_range": {"device_start": 2295198.741106783, "device_end": 2295198.7563626464}, "cmdq": 0, "read": {"device_start": -1, "device_end": -1}}, "FFC_sans_bias43": {"write": {"device_start": -1, "host_queued_start": 1585627424.387216, "device_queued": -1, "device_end": -1, "host_queued_end": 1585627424.390234}, "device": "cpu", "nd_range": {"device_start": 2295198.7699778522, "device_end": 2295198.7794711543}, "cmdq": 0, "read": {"device_start": -1, "device_end": -1}}, "FFC_sans_bias40": {"write": {"device_start": -1, "host_queued_start": 1585627424.376168, "device_queued": -1, "device_end": -1, "host_queued_end": 1585627424.390234}, "device": "cpu", "nd_range": {"device_start": 2295198.710089343, "device_end": 2295198.725357579}, "cmdq": 0, "read": {"device_start": -1, "device_end": -1}}, "FFC_sans_bias46": {"write": {"device_start": -1, "host_queued_start": 1585627424.364152, "device_queued": -1, "device_end": -1, "host_queued_end": 1585627424.390234}, "device": "cpu", "nd_range": {"device_start": 2295198.6756351613, "device_end": 2295198.68329038}, "cmdq": 0, "read": {"device_start": -1, "device_end": -1}}, "FFC_sans_bias47": {"write": {"device_start": -1, "host_queued_start": 1585627424.365201, "device_queued": -1, "device_end": -1, "host_queued_end": 1585627424.390234}, "device": "cpu", "nd_range": {"device_start": 2295198.641603031, "device_end": 2295198.6567992303}, "cmdq": 1, "read": {"device_start": -1, "device_end": -1}}, "FFC_sans_bias45": {"write": {"device_start": -1, "host_queued_start": 1585627424.363106, "device_queued": -1, "device_end": -1, "host_queued_end": 1585627424.390234}, "device": "cpu", "nd_range": {"device_start": 2295198.628887977, "device_end": 2295198.6452653944}, "cmdq": 3, "read": {"device_start": -1, "device_end": -1}}, "FFC_sans_bias49": {"write": {"device_start": -1, "host_queued_start": 1585627424.376523, "device_queued": -1, "device_end": -1, "host_queued_end": 1585627424.390234}, "device": "cpu", "nd_range": {"device_start": 2295198.699476911, "device_end": 2295198.714789148}, "cmdq": 1, "read": {"device_start": -1, "device_end": -1}}, "softmax77": {"write": {"device_start": -1, "host_queued_start": 1585627424.326828, "device_queued": -1, "device_end": -1, "host_queued_end": 1585627424.336567}, "device": "gpu", "nd_range": {"device_start": 1585627357.800278, "device_end": 1585627357.8019824}, "cmdq": 0, "read": {"device_start": -1, "device_end": -1}}, "FFC_sans_bias119": {"write": {"device_start": 1585627357.7973785, "host_queued_start": 1585627424.322745, "device_queued": 1585627357.7920873, "device_end": 1585627357.7974043, "host_queued_end": 1585627424.336567}, "device": "gpu", "nd_range": {"device_start": 1585627357.7974086, "device_end": 1585627357.7992282}, "cmdq": 3, "read": {"device_start": -1, "device_end": -1}}, "FFC_sans_bias118": {"write": {"device_start": 1585627357.7969675, "host_queued_start": 1585627424.321673, "device_queued": 1585627357.7920609, "device_end": 1585627357.7970047, "host_queued_end": 1585627424.336567}, "device": "gpu", "nd_range": {"device_start": 1585627357.7970119, "device_end": 1585627357.7987905}, "cmdq": 2, "read": {"device_start": -1, "device_end": -1}}, "FFC_sans_bias115": {"write": {"device_start": 1585627357.8061824, "host_queued_start": 1585627424.335413, "device_queued": 1585627357.7942362, "device_end": 1585627357.806213, "host_queued_end": 1585627424.336567}, "device": "gpu", "nd_range": {"device_start": 1585627357.8062205, "device_end": 1585627357.807895}, "cmdq": 0, "read": {"device_start": 1585627357.8079011, "device_end": 1585627357.8079233}}, "FFC_sans_bias114": {"write": {"device_start": -1, "host_queued_start": 1585627424.329772, "device_queued": -1, "device_end": -1, "host_queued_end": 1585627424.336567}, "device": "gpu", "nd_range": {"device_start": 1585627357.8031027, "device_end": 1585627357.8050253}, "cmdq": 2, "read": {"device_start": -1, "device_end": -1}}, "FFC_sans_bias117": {"write": {"device_start": 1585627357.7965088, "host_queued_start": 1585627424.320629, "device_queued": 1585627357.7920287, "device_end": 1585627357.79654, "host_queued_end": 1585627424.336567}, "device": "gpu", "nd_range": {"device_start": 1585627357.7965548, "device_end": 1585627357.7982454}, "cmdq": 1, "read": {"device_start": -1, "device_end": -1}}, "softmax5": {"write": {"device_start": -1, "host_queued_start": 1585627424.377494, "device_queued": -1, "device_end": -1, "host_queued_end": 1585627424.390234}, "device": "cpu", "nd_range": {"device_start": 2295198.725366202, "device_end": 2295198.725598424}, "cmdq": 0, "read": {"device_start": -1, "device_end": -1}}, "FFC_sans_bias110": {"write": {"device_start": 1585627357.7959933, "host_queued_start": 1585627424.319577, "device_queued": 1585627357.7919018, "device_end": 1585627357.796026, "host_queued_end": 1585627424.336567}, "device": "gpu", "nd_range": {"device_start": 1585627357.796039, "device_end": 1585627357.79781}, "cmdq": 0, "read": {"device_start": -1, "device_end": -1}}, "FFC_sans_bias112": {"write": {"device_start": -1, "host_queued_start": 1585627424.32622, "device_queued": -1, "device_end": -1, "host_queued_end": 1585627424.336567}, "device": "gpu", "nd_range": {"device_start": 1585627357.8002653, "device_end": 1585627357.8018198}, "cmdq": 2, "read": {"device_start": -1, "device_end": -1}}, "empty53": {"write": {"device_start": -1, "host_queued_start": 1585627424.343518, "device_queued": -1, "device_end": -1, "host_queued_end": 1585627424.390234}, "device": "cpu", "nd_range": {"device_start": 2295198.579912924, "device_end": 2295198.5799136204}, "cmdq": 1, "read": {"device_start": -1, "device_end": -1}}, "coalesced_transpose48": {"write": {"device_start": -1, "host_queued_start": 1585627424.373733, "device_queued": -1, "device_end": -1, "host_queued_end": 1585627424.390234}, "device": "cpu", "nd_range": {"device_start": 2295198.683713801, "device_end": 2295198.6839486803}, "cmdq": 1, "read": {"device_start": -1, "device_end": -1}}}