{"FFC_sans_bias4": {"write": {"device_start": -1, "host_queued_start": 1585627587.529507, "device_queued": -1, "device_end": -1, "host_queued_end": 1585627587.535156}, "device": "cpu", "nd_range": {"device_start": 2295361.7634082153, "device_end": 2295361.778671491}, "cmdq": 0, "read": {"device_start": -1, "device_end": -1}}, "FFC_sans_bias7": {"write": {"device_start": -1, "host_queued_start": 1585627587.533046, "device_queued": -1, "device_end": -1, "host_queued_end": 1585627587.535156}, "device": "cpu", "nd_range": {"device_start": 2295361.794374749, "device_end": 2295361.8044810654}, "cmdq": 0, "read": {"device_start": -1, "device_end": -1}}, "FFC_sans_bias6": {"write": {"device_start": -1, "host_queued_start": 1585627587.531322, "device_queued": -1, "device_end": -1, "host_queued_end": 1585627587.535156}, "device": "cpu", "nd_range": {"device_start": 2295361.779121146, "device_end": 2295361.794365126}, "cmdq": 0, "read": {"device_start": -1, "device_end": -1}}, "FFC_sans_bias1": {"write": {"device_start": -1, "host_queued_start": 1585627587.519612, "device_queued": -1, "device_end": -1, "host_queued_end": 1585627587.535156}, "device": "cpu", "nd_range": {"device_start": 2295361.7247882513, "device_end": 2295361.738233379}, "cmdq": 1, "read": {"device_start": -1, "device_end": -1}}, "FFC_sans_bias0": {"write": {"device_start": -1, "host_queued_start": 1585627587.51835, "device_queued": -1, "device_end": -1, "host_queued_end": 1585627587.535156}, "device": "cpu", "nd_range": {"device_start": 2295361.72478784, "device_end": 2295361.732610308}, "cmdq": 0, "read": {"device_start": -1, "device_end": -1}}, "FFC_sans_bias2": {"write": {"device_start": -1, "host_queued_start": 1585627587.520876, "device_queued": -1, "device_end": -1, "host_queued_end": 1585627587.535156}, "device": "cpu", "nd_range": {"device_start": 2295361.724837004, "device_end": 2295361.7404550123}, "cmdq": 2, "read": {"device_start": -1, "device_end": -1}}, "coalesced_transpose120": {"write": {"device_start": -1, "host_queued_start": 1585627587.491065, "device_queued": -1, "device_end": -1, "host_queued_end": 1585627587.512837}, "device": "gpu", "nd_range": {"device_start": 1585627520.9787462, "device_end": 1585627520.9787903}, "cmdq": 4, "read": {"device_start": -1, "device_end": -1}}, "FFC_sans_bias9": {"write": {"device_start": -1, "host_queued_start": 1585627587.522043, "device_queued": -1, "device_end": -1, "host_queued_end": 1585627587.535156}, "device": "cpu", "nd_range": {"device_start": 2295361.73273919, "device_end": 2295361.743296308}, "cmdq": 0, "read": {"device_start": -1, "device_end": -1}}, "empty71": {"write": {"device_start": 1585627520.9619956, "host_queued_start": 1585627587.447634, "device_queued": 1585627520.9618874, "device_end": 1585627520.962056, "host_queued_end": 1585627587.512837}, "device": "gpu", "nd_range": {"device_start": 1585627520.9620597, "device_end": 1585627520.9620645}, "cmdq": 4, "read": {"device_start": -1, "device_end": -1}}, "softmax41": {"write": {"device_start": -1, "host_queued_start": 1585627587.495156, "device_queued": -1, "device_end": -1, "host_queued_end": 1585627587.512837}, "device": "gpu", "nd_range": {"device_start": 1585627520.9827688, "device_end": 1585627520.9848423}, "cmdq": 2, "read": {"device_start": -1, "device_end": -1}}, "FFC_sans_bias37": {"write": {"device_start": 1585627520.9630759, "host_queued_start": 1585627587.457902, "device_queued": 1585627520.9629838, "device_end": 1585627520.9631069, "host_queued_end": 1585627587.512837}, "device": "gpu", "nd_range": {"device_start": 1585627520.9631348, "device_end": 1585627520.9652832}, "cmdq": 0, "read": {"device_start": -1, "device_end": -1}}, "FFC_sans_bias36": {"write": {"device_start": 1585627520.9629195, "host_queued_start": 1585627587.456831, "device_queued": 1585627520.962677, "device_end": 1585627520.9629462, "host_queued_end": 1585627587.512837}, "device": "gpu", "nd_range": {"device_start": 1585627520.9629703, "device_end": 1585627520.9647393}, "cmdq": 4, "read": {"device_start": -1, "device_end": -1}}, "FFC_sans_bias34": {"write": {"device_start": 1585627520.9882782, "host_queued_start": 1585627587.502009, "device_queued": 1585627520.9684858, "device_end": 1585627520.9883044, "host_queued_end": 1585627587.512837}, "device": "gpu", "nd_range": {"device_start": 1585627520.988325, "device_end": 1585627520.99029}, "cmdq": 3, "read": {"device_start": 1585627520.9902983, "device_end": 1585627520.9903238}}, "FFC_sans_bias33": {"write": {"device_start": -1, "host_queued_start": 1585627587.497738, "device_queued": -1, "device_end": -1, "host_queued_end": 1585627587.512837}, "device": "gpu", "nd_range": {"device_start": 1585627520.9852548, "device_end": 1585627520.987428}, "cmdq": 2, "read": {"device_start": -1, "device_end": -1}}, "FFC_sans_bias31": {"write": {"device_start": -1, "host_queued_start": 1585627587.49139, "device_queued": -1, "device_end": -1, "host_queued_end": 1585627587.512837}, "device": "gpu", "nd_range": {"device_start": 1585627520.9787705, "device_end": 1585627520.979376}, "cmdq": 0, "read": {"device_start": -1, "device_end": -1}}, "FFC_sans_bias38": {"write": {"device_start": 1585627520.9634242, "host_queued_start": 1585627587.458991, "device_queued": 1585627520.963143, "device_end": 1585627520.963454, "host_queued_end": 1585627587.512837}, "device": "gpu", "nd_range": {"device_start": 1585627520.963459, "device_end": 1585627520.9657054}, "cmdq": 1, "read": {"device_start": -1, "device_end": -1}}, "coalesced_transpose75": {"write": {"device_start": -1, "host_queued_start": 1585627587.489527, "device_queued": -1, "device_end": -1, "host_queued_end": 1585627587.512837}, "device": "gpu", "nd_range": {"device_start": 1585627520.9786782, "device_end": 1585627520.9787269}, "cmdq": 4, "read": {"device_start": -1, "device_end": -1}}, "empty44": {"write": {"device_start": 1585627520.961695, "host_queued_start": 1585627587.444826, "device_queued": 1585627520.9615765, "device_end": 1585627520.9617703, "host_queued_end": 1585627587.512837}, "device": "gpu", "nd_range": {"device_start": 1585627520.9619424, "device_end": 1585627520.961975}, "cmdq": 1, "read": {"device_start": -1, "device_end": -1}}, "empty8": {"write": {"device_start": -1, "host_queued_start": 1585627587.514901, "device_queued": -1, "device_end": -1, "host_queued_end": 1585627587.535156}, "device": "cpu", "nd_range": {"device_start": 2295361.724755649, "device_end": 2295361.7247672863}, "cmdq": 0, "read": {"device_start": -1, "device_end": -1}}, "softmax50": {"write": {"device_start": -1, "host_queued_start": 1585627587.495432, "device_queued": -1, "device_end": -1, "host_queued_end": 1585627587.512837}, "device": "gpu", "nd_range": {"device_start": 1585627520.9842134, "device_end": 1585627520.9844215}, "cmdq": 3, "read": {"device_start": -1, "device_end": -1}}, "softmax59": {"write": {"device_start": -1, "host_queued_start": 1585627587.495683, "device_queued": -1, "device_end": -1, "host_queued_end": 1585627587.512837}, "device": "gpu", "nd_range": {"device_start": 1585627520.9832287, "device_end": 1585627520.9847877}, "cmdq": 4, "read": {"device_start": -1, "device_end": -1}}, "FFC_sans_bias24": {"write": {"device_start": -1, "host_queued_start": 1585627587.531993, "device_queued": -1, "device_end": -1, "host_queued_end": 1585627587.535156}, "device": "cpu", "nd_range": {"device_start": 2295361.7802356933, "device_end": 2295361.788124389}, "cmdq": 2, "read": {"device_start": -1, "device_end": -1}}, "FFC_sans_bias25": {"write": {"device_start": -1, "host_queued_start": 1585627587.535108, "device_queued": -1, "device_end": -1, "host_queued_end": 1585627587.535156}, "device": "cpu", "nd_range": {"device_start": 2295361.7881320734, "device_end": 2295361.8044805434}, "cmdq": 2, "read": {"device_start": -1, "device_end": -1}}, "FFC_sans_bias27": {"write": {"device_start": 1585627520.962673, "host_queued_start": 1585627587.453605, "device_queued": 1585627520.962439, "device_end": 1585627520.9627244, "host_queued_end": 1585627587.512837}, "device": "gpu", "nd_range": {"device_start": 1585627520.9627295, "device_end": 1585627520.9633446}, "cmdq": 1, "read": {"device_start": -1, "device_end": -1}}, "FFC_sans_bias20": {"write": {"device_start": -1, "host_queued_start": 1585627587.52815, "device_queued": -1, "device_end": -1, "host_queued_end": 1585627587.535156}, "device": "cpu", "nd_range": {"device_start": 2295361.755569245, "device_end": 2295361.766940981}, "cmdq": 2, "read": {"device_start": -1, "device_end": -1}}, "FFC_sans_bias22": {"write": {"device_start": -1, "host_queued_start": 1585627587.530181, "device_queued": -1, "device_end": -1, "host_queued_end": 1585627587.535156}, "device": "cpu", "nd_range": {"device_start": 2295361.767411531, "device_end": 2295361.779611425}, "cmdq": 2, "read": {"device_start": -1, "device_end": -1}}, "FFC_sans_bias28": {"write": {"device_start": 1585627520.9627614, "host_queued_start": 1585627587.454702, "device_queued": 1585627520.962633, "device_end": 1585627520.9628248, "host_queued_end": 1585627587.512837}, "device": "gpu", "nd_range": {"device_start": 1585627520.9629407, "device_end": 1585627520.9637344}, "cmdq": 2, "read": {"device_start": -1, "device_end": -1}}, "FFC_sans_bias29": {"write": {"device_start": 1585627520.962845, "host_queued_start": 1585627587.455783, "device_queued": 1585627520.9626546, "device_end": 1585627520.9629138, "host_queued_end": 1585627587.512837}, "device": "gpu", "nd_range": {"device_start": 1585627520.9629567, "device_end": 1585627520.9643154}, "cmdq": 3, "read": {"device_start": -1, "device_end": -1}}, "coalesced_transpose66": {"write": {"device_start": -1, "host_queued_start": 1585627587.489221, "device_queued": -1, "device_end": -1, "host_queued_end": 1585627587.512837}, "device": "gpu", "nd_range": {"device_start": 1585627520.978786, "device_end": 1585627520.9791946}, "cmdq": 3, "read": {"device_start": -1, "device_end": -1}}, "coalesced_transpose93": {"write": {"device_start": -1, "host_queued_start": 1585627587.490138, "device_queued": -1, "device_end": -1, "host_queued_end": 1585627587.512837}, "device": "gpu", "nd_range": {"device_start": 1585627520.9787, "device_end": 1585627520.9787738}, "cmdq": 1, "read": {"device_start": -1, "device_end": -1}}, "softmax23": {"write": {"device_start": -1, "host_queued_start": 1585627587.530987, "device_queued": -1, "device_end": -1, "host_queued_end": 1585627587.535156}, "device": "cpu", "nd_range": {"device_start": 2295361.779826593, "device_end": 2295361.780226667}, "cmdq": 2, "read": {"device_start": -1, "device_end": -1}}, "empty62": {"write": {"device_start": 1585627520.9619005, "host_queued_start": 1585627587.446785, "device_queued": 1585627520.961625, "device_end": 1585627520.9619713, "host_queued_end": 1585627587.512837}, "device": "gpu", "nd_range": {"device_start": 1585627520.961979, "device_end": 1585627520.961987}, "cmdq": 3, "read": {"device_start": -1, "device_end": -1}}, "FFC_sans_bias10": {"write": {"device_start": -1, "host_queued_start": 1585627587.523362, "device_queued": -1, "device_end": -1, "host_queued_end": 1585627587.535156}, "device": "cpu", "nd_range": {"device_start": 2295361.738244226, "device_end": 2295361.750603078}, "cmdq": 1, "read": {"device_start": -1, "device_end": -1}}, "FFC_sans_bias13": {"write": {"device_start": -1, "host_queued_start": 1585627587.529847, "device_queued": -1, "device_end": -1, "host_queued_end": 1585627587.535156}, "device": "cpu", "nd_range": {"device_start": 2295361.760672729, "device_end": 2295361.771181996}, "cmdq": 1, "read": {"device_start": -1, "device_end": -1}}, "FFC_sans_bias15": {"write": {"device_start": -1, "host_queued_start": 1585627587.53166, "device_queued": -1, "device_end": -1, "host_queued_end": 1585627587.535156}, "device": "cpu", "nd_range": {"device_start": 2295361.771636072, "device_end": 2295361.7878526053}, "cmdq": 1, "read": {"device_start": -1, "device_end": -1}}, "FFC_sans_bias16": {"write": {"device_start": -1, "host_queued_start": 1585627587.534071, "device_queued": -1, "device_end": -1, "host_queued_end": 1585627587.535156}, "device": "cpu", "nd_range": {"device_start": 2295361.7879718454, "device_end": 2295361.7957601813}, "cmdq": 1, "read": {"device_start": -1, "device_end": -1}}, "FFC_sans_bias19": {"write": {"device_start": -1, "host_queued_start": 1585627587.526898, "device_queued": -1, "device_end": -1, "host_queued_end": 1585627587.535156}, "device": "cpu", "nd_range": {"device_start": 2295361.750735716, "device_end": 2295361.7602836983}, "cmdq": 1, "read": {"device_start": -1, "device_end": -1}}, "FFC_sans_bias18": {"write": {"device_start": -1, "host_queued_start": 1585627587.525751, "device_queued": -1, "device_end": -1, "host_queued_end": 1585627587.535156}, "device": "cpu", "nd_range": {"device_start": 2295361.7497702353, "device_end": 2295361.762466133}, "cmdq": 0, "read": {"device_start": -1, "device_end": -1}}, "FFC_sans_bias99": {"write": {"device_start": 1585627520.972597, "host_queued_start": 1585627587.479073, "device_queued": 1585627520.9651477, "device_end": 1585627520.9726226, "host_queued_end": 1585627587.512837}, "device": "gpu", "nd_range": {"device_start": 1585627520.9726279, "device_end": 1585627520.9749057}, "cmdq": 0, "read": {"device_start": -1, "device_end": -1}}, "FFC_sans_bias91": {"write": {"device_start": 1585627520.9716241, "host_queued_start": 1585627587.476956, "device_queued": 1585627520.964945, "device_end": 1585627520.9716501, "host_queued_end": 1585627587.512837}, "device": "gpu", "nd_range": {"device_start": 1585627520.971659, "device_end": 1585627520.973947}, "cmdq": 3, "read": {"device_start": -1, "device_end": -1}}, "FFC_sans_bias90": {"write": {"device_start": 1585627520.9711943, "host_queued_start": 1585627587.475905, "device_queued": 1585627520.9649153, "device_end": 1585627520.971222, "host_queued_end": 1585627587.512837}, "device": "gpu", "nd_range": {"device_start": 1585627520.971238, "device_end": 1585627520.9734747}, "cmdq": 2, "read": {"device_start": -1, "device_end": -1}}, "coalesced_transpose12": {"write": {"device_start": -1, "host_queued_start": 1585627587.52885, "device_queued": -1, "device_end": -1, "host_queued_end": 1585627587.535156}, "device": "cpu", "nd_range": {"device_start": 2295361.760292684, "device_end": 2295361.760551141}, "cmdq": 1, "read": {"device_start": -1, "device_end": -1}}, "FFC_sans_bias94": {"write": {"device_start": -1, "host_queued_start": 1585627587.493635, "device_queued": -1, "device_end": -1, "host_queued_end": 1585627587.512837}, "device": "gpu", "nd_range": {"device_start": 1585627520.980359, "device_end": 1585627520.9827526}, "cmdq": 2, "read": {"device_start": -1, "device_end": -1}}, "FFC_sans_bias97": {"write": {"device_start": 1585627520.9924142, "host_queued_start": 1585627587.509537, "device_queued": 1585627520.9692945, "device_end": 1585627520.9924388, "host_queued_end": 1585627587.512837}, "device": "gpu", "nd_range": {"device_start": 1585627520.9924555, "device_end": 1585627520.9946287}, "cmdq": 0, "read": {"device_start": 1585627520.994642, "device_end": 1585627520.9946644}}, "FFC_sans_bias96": {"write": {"device_start": -1, "host_queued_start": 1585627587.499995, "device_queued": -1, "device_end": -1, "host_queued_end": 1585627587.512837}, "device": "gpu", "nd_range": {"device_start": 1585627520.9859564, "device_end": 1585627520.9883738}, "cmdq": 4, "read": {"device_start": -1, "device_end": -1}}, "FFC_sans_bias124": {"write": {"device_start": 1585627520.9939885, "host_queued_start": 1585627587.512735, "device_queued": 1585627520.969775, "device_end": 1585627520.994012, "host_queued_end": 1585627587.512837}, "device": "gpu", "nd_range": {"device_start": 1585627520.994027, "device_end": 1585627520.9955778}, "cmdq": 3, "read": {"device_start": 1585627520.995581, "device_end": 1585627520.9956036}}, "softmax32": {"write": {"device_start": -1, "host_queued_start": 1585627587.494891, "device_queued": -1, "device_end": -1, "host_queued_end": 1585627587.512837}, "device": "gpu", "nd_range": {"device_start": 1585627520.9817805, "device_end": 1585627520.9839122}, "cmdq": 1, "read": {"device_start": -1, "device_end": -1}}, "coalesced_transpose84": {"write": {"device_start": -1, "host_queued_start": 1585627587.489834, "device_queued": -1, "device_end": -1, "host_queued_end": 1585627587.512837}, "device": "gpu", "nd_range": {"device_start": 1585627520.9786832, "device_end": 1585627520.9787495}, "cmdq": 0, "read": {"device_start": -1, "device_end": -1}}, "FFC_sans_bias121": {"write": {"device_start": -1, "host_queued_start": 1585627587.494611, "device_queued": -1, "device_end": -1, "host_queued_end": 1585627587.512837}, "device": "gpu", "nd_range": {"device_start": 1585627520.981312, "device_end": 1585627520.9837275}, "cmdq": 0, "read": {"device_start": -1, "device_end": -1}}, "empty98": {"write": {"device_start": 1585627520.962296, "host_queued_start": 1585627587.45011, "device_queued": 1585627520.9620783, "device_end": 1585627520.962362, "host_queued_end": 1585627587.512837}, "device": "gpu", "nd_range": {"device_start": 1585627520.962367, "device_end": 1585627520.9623747}, "cmdq": 2, "read": {"device_start": -1, "device_end": -1}}, "empty107": {"write": {"device_start": 1585627520.9623897, "host_queued_start": 1585627587.45099, "device_queued": 1585627520.962285, "device_end": 1585627520.9624755, "host_queued_end": 1585627587.512837}, "device": "gpu", "nd_range": {"device_start": 1585627520.9624825, "device_end": 1585627520.9624996}, "cmdq": 3, "read": {"device_start": -1, "device_end": -1}}, "empty17": {"write": {"device_start": -1, "host_queued_start": 1585627587.516135, "device_queued": -1, "device_end": -1, "host_queued_end": 1585627587.535156}, "device": "cpu", "nd_range": {"device_start": 2295361.724755863, "device_end": 2295361.7247672463}, "cmdq": 1, "read": {"device_start": -1, "device_end": -1}}, "FFC_sans_bias87": {"write": {"device_start": -1, "host_queued_start": 1585627587.499679, "device_queued": -1, "device_end": -1, "host_queued_end": 1585627587.512837}, "device": "gpu", "nd_range": {"device_start": 1585627520.985495, "device_end": 1585627520.9878664}, "cmdq": 3, "read": {"device_start": -1, "device_end": -1}}, "FFC_sans_bias85": {"write": {"device_start": -1, "host_queued_start": 1585627587.493312, "device_queued": -1, "device_end": -1, "host_queued_end": 1585627587.512837}, "device": "gpu", "nd_range": {"device_start": 1585627520.9798138, "device_end": 1585627520.981764}, "cmdq": 1, "read": {"device_start": -1, "device_end": -1}}, "FFC_sans_bias82": {"write": {"device_start": 1585627520.9702475, "host_queued_start": 1585627587.473735, "device_queued": 1585627520.9646966, "device_end": 1585627520.970274, "host_queued_end": 1585627587.512837}, "device": "gpu", "nd_range": {"device_start": 1585627520.97029, "device_end": 1585627520.9724863}, "cmdq": 0, "read": {"device_start": -1, "device_end": -1}}, "FFC_sans_bias83": {"write": {"device_start": 1585627520.9706757, "host_queued_start": 1585627587.474837, "device_queued": 1585627520.964761, "device_end": 1585627520.9707022, "host_queued_end": 1585627587.512837}, "device": "gpu", "nd_range": {"device_start": 1585627520.9707172, "device_end": 1585627520.9729924}, "cmdq": 1, "read": {"device_start": -1, "device_end": -1}}, "FFC_sans_bias81": {"write": {"device_start": 1585627520.9696734, "host_queued_start": 1585627587.472698, "device_queued": 1585627520.9644632, "device_end": 1585627520.9697008, "host_queued_end": 1585627587.512837}, "device": "gpu", "nd_range": {"device_start": 1585627520.9697073, "device_end": 1585627520.9720292}, "cmdq": 4, "read": {"device_start": -1, "device_end": -1}}, "FFC_sans_bias88": {"write": {"device_start": 1585627520.9909947, "host_queued_start": 1585627587.508485, "device_queued": 1585627520.96898, "device_end": 1585627520.9910207, "host_queued_end": 1585627587.512837}, "device": "gpu", "nd_range": {"device_start": 1585627520.991038, "device_end": 1585627520.9926841}, "cmdq": 4, "read": {"device_start": 1585627520.9937587, "device_end": 1585627520.9938247}}, "coalesced_transpose30": {"write": {"device_start": -1, "host_queued_start": 1585627587.487948, "device_queued": -1, "device_end": -1, "host_queued_end": 1585627587.512837}, "device": "gpu", "nd_range": {"device_start": 1585627520.976871, "device_end": 1585627520.9786682}, "cmdq": 4, "read": {"device_start": -1, "device_end": -1}}, "coalesced_transpose39": {"write": {"device_start": -1, "host_queued_start": 1585627587.488255, "device_queued": -1, "device_end": -1, "host_queued_end": 1585627587.512837}, "device": "gpu", "nd_range": {"device_start": 1585627520.9773333, "device_end": 1585627520.9786818}, "cmdq": 0, "read": {"device_start": -1, "device_end": -1}}, "FFC_sans_bias79": {"write": {"device_start": 1585627520.991108, "host_queued_start": 1585627587.507435, "device_queued": 1585627520.9691622, "device_end": 1585627520.9911337, "host_queued_end": 1585627587.512837}, "device": "gpu", "nd_range": {"device_start": 1585627520.9911525, "device_end": 1585627520.9932017}, "cmdq": 3, "read": {"device_start": 1585627520.9932048, "device_end": 1585627520.9932296}}, "FFC_sans_bias78": {"write": {"device_start": -1, "host_queued_start": 1585627587.499345, "device_queued": -1, "device_end": -1, "host_queued_end": 1585627587.512837}, "device": "gpu", "nd_range": {"device_start": 1585627520.987443, "device_end": 1585627520.9898345}, "cmdq": 2, "read": {"device_start": -1, "device_end": -1}}, "FFC_sans_bias73": {"write": {"device_start": 1585627520.9687605, "host_queued_start": 1585627587.470589, "device_queued": 1585627520.9642465, "device_end": 1585627520.9687862, "host_queued_end": 1585627587.512837}, "device": "gpu", "nd_range": {"device_start": 1585627520.9687927, "device_end": 1585627520.9710796}, "cmdq": 2, "read": {"device_start": -1, "device_end": -1}}, "FFC_sans_bias72": {"write": {"device_start": 1585627520.968247, "host_queued_start": 1585627587.469534, "device_queued": 1585627520.9642196, "device_end": 1585627520.9682722, "host_queued_end": 1585627587.512837}, "device": "gpu", "nd_range": {"device_start": 1585627520.9682794, "device_end": 1585627520.970535}, "cmdq": 1, "read": {"device_start": -1, "device_end": -1}}, "FFC_sans_bias70": {"write": {"device_start": 1585627520.9922986, "host_queued_start": 1585627587.506363, "device_queued": 1585627520.9689462, "device_end": 1585627520.9923255, "host_queued_end": 1585627587.512837}, "device": "gpu", "nd_range": {"device_start": 1585627520.992364, "device_end": 1585627520.9936516}, "cmdq": 2, "read": {"device_start": 1585627520.993658, "device_end": 1585627520.9936824}}, "FFC_sans_bias76": {"write": {"device_start": -1, "host_queued_start": 1585627587.492991, "device_queued": -1, "device_end": -1, "host_queued_end": 1585627587.512837}, "device": "gpu", "nd_range": {"device_start": 1585627520.9793923, "device_end": 1585627520.981296}, "cmdq": 0, "read": {"device_start": -1, "device_end": -1}}, "FFC_sans_bias74": {"write": {"device_start": 1585627520.9692297, "host_queued_start": 1585627587.471648, "device_queued": 1585627520.96426, "device_end": 1585627520.9692569, "host_queued_end": 1585627587.512837}, "device": "gpu", "nd_range": {"device_start": 1585627520.9692662, "device_end": 1585627520.9715075}, "cmdq": 3, "read": {"device_start": -1, "device_end": -1}}, "coalesced_transpose102": {"write": {"device_start": -1, "host_queued_start": 1585627587.490447, "device_queued": -1, "device_end": -1, "host_queued_end": 1585627587.512837}, "device": "gpu", "nd_range": {"device_start": 1585627520.9787207, "device_end": 1585627520.97878}, "cmdq": 2, "read": {"device_start": -1, "device_end": -1}}, "coalesced_transpose3": {"write": {"device_start": -1, "host_queued_start": 1585627587.52852, "device_queued": -1, "device_end": -1, "host_queued_end": 1585627587.535156}, "device": "cpu", "nd_range": {"device_start": 2295361.762801634, "device_end": 2295361.763043714}, "cmdq": 0, "read": {"device_start": -1, "device_end": -1}}, "empty89": {"write": {"device_start": 1585627520.9622135, "host_queued_start": 1585627587.44929, "device_queued": 1585627520.9620504, "device_end": 1585627520.9622726, "host_queued_end": 1585627587.512837}, "device": "gpu", "nd_range": {"device_start": 1585627520.9623466, "device_end": 1585627520.9623733}, "cmdq": 1, "read": {"device_start": -1, "device_end": -1}}, "FFC_sans_bias123": {"write": {"device_start": -1, "host_queued_start": 1585627587.500974, "device_queued": -1, "device_end": -1, "host_queued_end": 1585627587.512837}, "device": "gpu", "nd_range": {"device_start": 1585627520.9898481, "device_end": 1585627520.992222}, "cmdq": 2, "read": {"device_start": -1, "device_end": -1}}, "empty80": {"write": {"device_start": 1585627520.9620976, "host_queued_start": 1585627587.44848, "device_queued": 1585627520.961999, "device_end": 1585627520.9621615, "host_queued_end": 1585627587.512837}, "device": "gpu", "nd_range": {"device_start": 1585627520.962165, "device_end": 1585627520.9621696}, "cmdq": 0, "read": {"device_start": -1, "device_end": -1}}, "empty116": {"write": {"device_start": 1585627520.9624836, "host_queued_start": 1585627587.451806, "device_queued": 1585627520.962304, "device_end": 1585627520.9625502, "host_queued_end": 1585627587.512837}, "device": "gpu", "nd_range": {"device_start": 1585627520.962556, "device_end": 1585627520.9625611}, "cmdq": 4, "read": {"device_start": -1, "device_end": -1}}, "softmax104": {"write": {"device_start": -1, "host_queued_start": 1585627587.496926, "device_queued": -1, "device_end": -1, "host_queued_end": 1585627587.512837}, "device": "gpu", "nd_range": {"device_start": 1585627520.9848037, "device_end": 1585627520.9851372}, "cmdq": 4, "read": {"device_start": -1, "device_end": -1}}, "coalesced_transpose21": {"write": {"device_start": -1, "host_queued_start": 1585627587.529168, "device_queued": -1, "device_end": -1, "host_queued_end": 1585627587.535156}, "device": "cpu", "nd_range": {"device_start": 2295361.7670630324, "device_end": 2295361.7673019404}, "cmdq": 2, "read": {"device_start": -1, "device_end": -1}}, "softmax14": {"write": {"device_start": -1, "host_queued_start": 1585627587.530723, "device_queued": -1, "device_end": -1, "host_queued_end": 1585627587.535156}, "device": "cpu", "nd_range": {"device_start": 2295361.771298264, "device_end": 2295361.7715217504}, "cmdq": 1, "read": {"device_start": -1, "device_end": -1}}, "FFC_sans_bias69": {"write": {"device_start": -1, "host_queued_start": 1585627587.499029, "device_queued": -1, "device_end": -1, "host_queued_end": 1585627587.512837}, "device": "gpu", "nd_range": {"device_start": 1585627520.9852104, "device_end": 1585627520.986892}, "cmdq": 1, "read": {"device_start": -1, "device_end": -1}}, "FFC_sans_bias92": {"write": {"device_start": 1585627520.9721274, "host_queued_start": 1585627587.478022, "device_queued": 1585627520.9649699, "device_end": 1585627520.972154, "host_queued_end": 1585627587.512837}, "device": "gpu", "nd_range": {"device_start": 1585627520.972158, "device_end": 1585627520.974465}, "cmdq": 4, "read": {"device_start": -1, "device_end": -1}}, "FFC_sans_bias60": {"write": {"device_start": -1, "host_queued_start": 1585627587.49871, "device_queued": -1, "device_end": -1, "host_queued_end": 1585627587.512837}, "device": "gpu", "nd_range": {"device_start": 1585627520.9851713, "device_end": 1585627520.9864526}, "cmdq": 0, "read": {"device_start": -1, "device_end": -1}}, "FFC_sans_bias61": {"write": {"device_start": 1585627520.9894116, "host_queued_start": 1585627587.505221, "device_queued": 1585627520.9688194, "device_end": 1585627520.989438, "host_queued_end": 1585627587.512837}, "device": "gpu", "nd_range": {"device_start": 1585627520.989452, "device_end": 1585627520.9917562}, "cmdq": 1, "read": {"device_start": 1585627520.9917643, "device_end": 1585627520.991789}}, "FFC_sans_bias63": {"write": {"device_start": 1585627520.9677913, "host_queued_start": 1585627587.468489, "device_queued": 1585627520.9640658, "device_end": 1585627520.9678183, "host_queued_end": 1585627587.512837}, "device": "gpu", "nd_range": {"device_start": 1585627520.9678261, "device_end": 1585627520.970107}, "cmdq": 0, "read": {"device_start": -1, "device_end": -1}}, "FFC_sans_bias64": {"write": {"device_start": 1585627520.9668117, "host_queued_start": 1585627587.466365, "device_queued": 1585627520.96379, "device_end": 1585627520.966838, "host_queued_end": 1585627587.512837}, "device": "gpu", "nd_range": {"device_start": 1585627520.9668424, "device_end": 1585627520.9691114}, "cmdq": 3, "read": {"device_start": -1, "device_end": -1}}, "FFC_sans_bias65": {"write": {"device_start": 1585627520.9673274, "host_queued_start": 1585627587.467441, "device_queued": 1585627520.963816, "device_end": 1585627520.9673543, "host_queued_end": 1585627587.512837}, "device": "gpu", "nd_range": {"device_start": 1585627520.9673629, "device_end": 1585627520.9695811}, "cmdq": 4, "read": {"device_start": -1, "device_end": -1}}, "FFC_sans_bias67": {"write": {"device_start": -1, "host_queued_start": 1585627587.492677, "device_queued": -1, "device_end": -1, "host_queued_end": 1585627587.512837}, "device": "gpu", "nd_range": {"device_start": 1585627520.9792285, "device_end": 1585627520.980796}, "cmdq": 4, "read": {"device_start": -1, "device_end": -1}}, "coalesced_transpose111": {"write": {"device_start": -1, "host_queued_start": 1585627587.49076, "device_queued": -1, "device_end": -1, "host_queued_end": 1585627587.512837}, "device": "gpu", "nd_range": {"device_start": 1585627520.9792109, "device_end": 1585627520.980184}, "cmdq": 3, "read": {"device_start": -1, "device_end": -1}}, "softmax68": {"write": {"device_start": -1, "host_queued_start": 1585627587.495929, "device_queued": -1, "device_end": -1, "host_queued_end": 1585627587.512837}, "device": "gpu", "nd_range": {"device_start": 1585627520.9837441, "device_end": 1585627520.984807}, "cmdq": 0, "read": {"device_start": -1, "device_end": -1}}, "empty125": {"write": {"device_start": 1585627520.962575, "host_queued_start": 1585627587.45262, "device_queued": 1585627520.9623904, "device_end": 1585627520.962621, "host_queued_end": 1585627587.512837}, "device": "gpu", "nd_range": {"device_start": 1585627520.9626303, "device_end": 1585627520.9626343}, "cmdq": 0, "read": {"device_start": -1, "device_end": -1}}, "empty35": {"write": {"device_start": 1585627520.961581, "host_queued_start": 1585627587.443778, "device_queued": 1585627520.9614308, "device_end": 1585627520.9616513, "host_queued_end": 1585627587.512837}, "device": "gpu", "nd_range": {"device_start": 1585627520.9616597, "device_end": 1585627520.961671}, "cmdq": 0, "read": {"device_start": -1, "device_end": -1}}, "softmax86": {"write": {"device_start": -1, "host_queued_start": 1585627587.496427, "device_queued": -1, "device_end": -1, "host_queued_end": 1585627587.512837}, "device": "gpu", "nd_range": {"device_start": 1585627520.9848585, "device_end": 1585627520.98524}, "cmdq": 2, "read": {"device_start": -1, "device_end": -1}}, "FFC_sans_bias55": {"write": {"device_start": 1585627520.9663725, "host_queued_start": 1585627587.465312, "device_queued": 1585627520.9637601, "device_end": 1585627520.966398, "host_queued_end": 1585627587.512837}, "device": "gpu", "nd_range": {"device_start": 1585627520.9664052, "device_end": 1585627520.9686565}, "cmdq": 2, "read": {"device_start": -1, "device_end": -1}}, "FFC_sans_bias54": {"write": {"device_start": 1585627520.9657924, "host_queued_start": 1585627587.464269, "device_queued": 1585627520.9636354, "device_end": 1585627520.965818, "host_queued_end": 1585627587.512837}, "device": "gpu", "nd_range": {"device_start": 1585627520.9658213, "device_end": 1585627520.968155}, "cmdq": 1, "read": {"device_start": -1, "device_end": -1}}, "FFC_sans_bias56": {"write": {"device_start": 1585627520.9653912, "host_queued_start": 1585627587.463229, "device_queued": 1585627520.9635892, "device_end": 1585627520.9654164, "host_queued_end": 1585627587.512837}, "device": "gpu", "nd_range": {"device_start": 1585627520.9654212, "device_end": 1585627520.9676666}, "cmdq": 0, "read": {"device_start": -1, "device_end": -1}}, "FFC_sans_bias51": {"write": {"device_start": -1, "host_queued_start": 1585627587.498383, "device_queued": -1, "device_end": -1, "host_queued_end": 1585627587.512837}, "device": "gpu", "nd_range": {"device_start": 1585627520.9851527, "device_end": 1585627520.9859421}, "cmdq": 4, "read": {"device_start": -1, "device_end": -1}}, "FFC_sans_bias52": {"write": {"device_start": 1585627520.9889455, "host_queued_start": 1585627587.504159, "device_queued": 1585627520.9687104, "device_end": 1585627520.9889698, "host_queued_end": 1585627587.512837}, "device": "gpu", "nd_range": {"device_start": 1585627520.9889898, "device_end": 1585627520.9912639}, "cmdq": 0, "read": {"device_start": 1585627520.9912736, "device_end": 1585627520.9912987}}, "FFC_sans_bias58": {"write": {"device_start": -1, "host_queued_start": 1585627587.492365, "device_queued": -1, "device_end": -1, "host_queued_end": 1585627587.512837}, "device": "gpu", "nd_range": {"device_start": 1585627520.9802024, "device_end": 1585627520.9822414}, "cmdq": 3, "read": {"device_start": -1, "device_end": -1}}, "FFC_sans_bias108": {"write": {"device_start": 1585627520.974065, "host_queued_start": 1585627587.482224, "device_queued": 1585627520.9653602, "device_end": 1585627520.97409, "host_queued_end": 1585627587.512837}, "device": "gpu", "nd_range": {"device_start": 1585627520.9740963, "device_end": 1585627520.9763727}, "cmdq": 3, "read": {"device_start": -1, "device_end": -1}}, "FFC_sans_bias109": {"write": {"device_start": 1585627520.974574, "host_queued_start": 1585627587.483286, "device_queued": 1585627520.9655051, "device_end": 1585627520.9746008, "host_queued_end": 1585627587.512837}, "device": "gpu", "nd_range": {"device_start": 1585627520.9746118, "device_end": 1585627520.9768696}, "cmdq": 4, "read": {"device_start": -1, "device_end": -1}}, "FFC_sans_bias103": {"write": {"device_start": -1, "host_queued_start": 1585627587.493953, "device_queued": -1, "device_end": -1, "host_queued_end": 1585627587.512837}, "device": "gpu", "nd_range": {"device_start": 1585627520.9822574, "device_end": 1585627520.9841971}, "cmdq": 3, "read": {"device_start": -1, "device_end": -1}}, "FFC_sans_bias100": {"write": {"device_start": 1585627520.9731064, "host_queued_start": 1585627587.480124, "device_queued": 1585627520.9653049, "device_end": 1585627520.9731317, "host_queued_end": 1585627587.512837}, "device": "gpu", "nd_range": {"device_start": 1585627520.9731476, "device_end": 1585627520.9754012}, "cmdq": 1, "read": {"device_start": -1, "device_end": -1}}, "FFC_sans_bias101": {"write": {"device_start": 1585627520.9735885, "host_queued_start": 1585627587.481179, "device_queued": 1585627520.9653301, "device_end": 1585627520.9736147, "host_queued_end": 1585627587.512837}, "device": "gpu", "nd_range": {"device_start": 1585627520.973631, "device_end": 1585627520.9758878}, "cmdq": 2, "read": {"device_start": -1, "device_end": -1}}, "FFC_sans_bias106": {"write": {"device_start": 1585627520.9923277, "host_queued_start": 1585627587.510589, "device_queued": 1585627520.9694858, "device_end": 1585627520.9923582, "host_queued_end": 1585627587.512837}, "device": "gpu", "nd_range": {"device_start": 1585627520.9923832, "device_end": 1585627520.9941816}, "cmdq": 1, "read": {"device_start": 1585627520.9947395, "device_end": 1585627520.9947624}}, "softmax122": {"write": {"device_start": -1, "host_queued_start": 1585627587.49742, "device_queued": -1, "device_end": -1, "host_queued_end": 1585627587.512837}, "device": "gpu", "nd_range": {"device_start": 1585627520.9848387, "device_end": 1585627520.985196}, "cmdq": 1, "read": {"device_start": -1, "device_end": -1}}, "FFC_sans_bias105": {"write": {"device_start": -1, "host_queued_start": 1585627587.500317, "device_queued": -1, "device_end": -1, "host_queued_end": 1585627587.512837}, "device": "gpu", "nd_range": {"device_start": 1585627520.9864666, "device_end": 1585627520.9888518}, "cmdq": 0, "read": {"device_start": -1, "device_end": -1}}, "softmax95": {"write": {"device_start": -1, "host_queued_start": 1585627587.496677, "device_queued": -1, "device_end": -1, "host_queued_end": 1585627587.512837}, "device": "gpu", "nd_range": {"device_start": 1585627520.9844377, "device_end": 1585627520.9846485}, "cmdq": 3, "read": {"device_start": -1, "device_end": -1}}, "coalesced_transpose57": {"write": {"device_start": -1, "host_queued_start": 1585627587.488917, "device_queued": -1, "device_end": -1, "host_queued_end": 1585627587.512837}, "device": "gpu", "nd_range": {"device_start": 1585627520.9782948, "device_end": 1585627520.9787033}, "cmdq": 2, "read": {"device_start": -1, "device_end": -1}}, "empty26": {"write": {"device_start": -1, "host_queued_start": 1585627587.51719, "device_queued": -1, "device_end": -1, "host_queued_end": 1585627587.535156}, "device": "cpu", "nd_range": {"device_start": 2295361.72481491, "device_end": 2295361.724820473}, "cmdq": 2, "read": {"device_start": -1, "device_end": -1}}, "softmax113": {"write": {"device_start": -1, "host_queued_start": 1585627587.497171, "device_queued": -1, "device_end": -1, "host_queued_end": 1585627587.512837}, "device": "gpu", "nd_range": {"device_start": 1585627520.984821, "device_end": 1585627520.9851565}, "cmdq": 0, "read": {"device_start": -1, "device_end": -1}}, "FFC_sans_bias11": {"write": {"device_start": -1, "host_queued_start": 1585627587.524536, "device_queued": -1, "device_end": -1, "host_queued_end": 1585627587.535156}, "device": "cpu", "nd_range": {"device_start": 2295361.740572254, "device_end": 2295361.755446502}, "cmdq": 2, "read": {"device_start": -1, "device_end": -1}}, "FFC_sans_bias42": {"write": {"device_start": -1, "host_queued_start": 1585627587.498064, "device_queued": -1, "device_end": -1, "host_queued_end": 1585627587.512837}, "device": "gpu", "nd_range": {"device_start": 1585627520.984875, "device_end": 1585627520.9854808}, "cmdq": 3, "read": {"device_start": -1, "device_end": -1}}, "FFC_sans_bias43": {"write": {"device_start": 1585627520.9884715, "host_queued_start": 1585627587.503088, "device_queued": 1585627520.968358, "device_end": 1585627520.988498, "host_queued_end": 1585627587.512837}, "device": "gpu", "nd_range": {"device_start": 1585627520.9885182, "device_end": 1585627520.990804}, "cmdq": 4, "read": {"device_start": 1585627520.990809, "device_end": 1585627520.9908335}}, "FFC_sans_bias40": {"write": {"device_start": -1, "host_queued_start": 1585627587.491716, "device_queued": -1, "device_end": -1, "host_queued_end": 1585627587.512837}, "device": "gpu", "nd_range": {"device_start": 1585627520.978814, "device_end": 1585627520.9797976}, "cmdq": 1, "read": {"device_start": -1, "device_end": -1}}, "FFC_sans_bias46": {"write": {"device_start": 1585627520.9644718, "host_queued_start": 1585627587.461087, "device_queued": 1585627520.963187, "device_end": 1585627520.964503, "host_queued_end": 1585627587.512837}, "device": "gpu", "nd_range": {"device_start": 1585627520.9645083, "device_end": 1585627520.9666855}, "cmdq": 3, "read": {"device_start": -1, "device_end": -1}}, "FFC_sans_bias47": {"write": {"device_start": 1585627520.964852, "host_queued_start": 1585627587.462146, "device_queued": 1585627520.9633229, "device_end": 1585627520.9648836, "host_queued_end": 1585627587.512837}, "device": "gpu", "nd_range": {"device_start": 1585627520.964887, "device_end": 1585627520.967204}, "cmdq": 4, "read": {"device_start": -1, "device_end": -1}}, "FFC_sans_bias45": {"write": {"device_start": 1585627520.9638667, "host_queued_start": 1585627587.46004, "device_queued": 1585627520.963172, "device_end": 1585627520.9638972, "host_queued_end": 1585627587.512837}, "device": "gpu", "nd_range": {"device_start": 1585627520.9639013, "device_end": 1585627520.9662516}, "cmdq": 2, "read": {"device_start": -1, "device_end": -1}}, "FFC_sans_bias49": {"write": {"device_start": -1, "host_queued_start": 1585627587.492042, "device_queued": -1, "device_end": -1, "host_queued_end": 1585627587.512837}, "device": "gpu", "nd_range": {"device_start": 1585627520.9788334, "device_end": 1585627520.9803424}, "cmdq": 2, "read": {"device_start": -1, "device_end": -1}}, "softmax77": {"write": {"device_start": -1, "host_queued_start": 1585627587.496178, "device_queued": -1, "device_end": -1, "host_queued_end": 1585627587.512837}, "device": "gpu", "nd_range": {"device_start": 1585627520.9839282, "device_end": 1585627520.9848244}, "cmdq": 1, "read": {"device_start": -1, "device_end": -1}}, "FFC_sans_bias119": {"write": {"device_start": 1585627520.9764931, "host_queued_start": 1585627587.487614, "device_queued": 1585627520.9659529, "device_end": 1585627520.9765189, "host_queued_end": 1585627587.512837}, "device": "gpu", "nd_range": {"device_start": 1585627520.976523, "device_end": 1585627520.9787848}, "cmdq": 3, "read": {"device_start": -1, "device_end": -1}}, "FFC_sans_bias118": {"write": {"device_start": 1585627520.9759972, "host_queued_start": 1585627587.486434, "device_queued": 1585627520.96593, "device_end": 1585627520.9760225, "host_queued_end": 1585627587.512837}, "device": "gpu", "nd_range": {"device_start": 1585627520.9760273, "device_end": 1585627520.9782937}, "cmdq": 2, "read": {"device_start": -1, "device_end": -1}}, "FFC_sans_bias115": {"write": {"device_start": 1585627520.993849, "host_queued_start": 1585627587.511644, "device_queued": 1585627520.9695053, "device_end": 1585627520.9938936, "host_queued_end": 1585627587.512837}, "device": "gpu", "nd_range": {"device_start": 1585627520.9939103, "device_end": 1585627520.9951606}, "cmdq": 2, "read": {"device_start": 1585627520.9951677, "device_end": 1585627520.9951913}}, "FFC_sans_bias114": {"write": {"device_start": -1, "host_queued_start": 1585627587.500645, "device_queued": -1, "device_end": -1, "host_queued_end": 1585627587.512837}, "device": "gpu", "nd_range": {"device_start": 1585627520.9869058, "device_end": 1585627520.9893239}, "cmdq": 1, "read": {"device_start": -1, "device_end": -1}}, "FFC_sans_bias117": {"write": {"device_start": 1585627520.97552, "host_queued_start": 1585627587.485395, "device_queued": 1585627520.9657829, "device_end": 1585627520.9755461, "host_queued_end": 1585627587.512837}, "device": "gpu", "nd_range": {"device_start": 1585627520.9755642, "device_end": 1585627520.977809}, "cmdq": 1, "read": {"device_start": -1, "device_end": -1}}, "softmax5": {"write": {"device_start": -1, "host_queued_start": 1585627587.53045, "device_queued": -1, "device_end": -1, "host_queued_end": 1585627587.535156}, "device": "cpu", "nd_range": {"device_start": 2295361.7787986533, "device_end": 2295361.779009447}, "cmdq": 0, "read": {"device_start": -1, "device_end": -1}}, "FFC_sans_bias110": {"write": {"device_start": 1585627520.9750245, "host_queued_start": 1585627587.484337, "device_queued": 1585627520.9657028, "device_end": 1585627520.9750617, "host_queued_end": 1585627587.512837}, "device": "gpu", "nd_range": {"device_start": 1585627520.9750788, "device_end": 1585627520.977332}, "cmdq": 0, "read": {"device_start": -1, "device_end": -1}}, "FFC_sans_bias112": {"write": {"device_start": -1, "host_queued_start": 1585627587.494273, "device_queued": -1, "device_end": -1, "host_queued_end": 1585627587.512837}, "device": "gpu", "nd_range": {"device_start": 1585627520.9808125, "device_end": 1585627520.9832122}, "cmdq": 4, "read": {"device_start": -1, "device_end": -1}}, "empty53": {"write": {"device_start": 1585627520.961809, "host_queued_start": 1585627587.445745, "device_queued": 1585627520.9616, "device_end": 1585627520.9618752, "host_queued_end": 1585627587.512837}, "device": "gpu", "nd_range": {"device_start": 1585627520.9619708, "device_end": 1585627520.961982}, "cmdq": 2, "read": {"device_start": -1, "device_end": -1}}, "coalesced_transpose48": {"write": {"device_start": -1, "host_queued_start": 1585627587.488602, "device_queued": -1, "device_end": -1, "host_queued_end": 1585627587.512837}, "device": "gpu", "nd_range": {"device_start": 1585627520.9778109, "device_end": 1585627520.978688}, "cmdq": 1, "read": {"device_start": -1, "device_end": -1}}}