{"FFC_sans_bias4": {"write": {"device_start": -1, "host_queued_start": 1585628315.761578, "device_queued": -1, "device_end": -1, "host_queued_end": 1585628315.78124}, "device": "cpu", "nd_range": {"device_start": 2296090.1219095783, "device_end": 2296090.128371926}, "cmdq": 2, "read": {"device_start": -1, "device_end": -1}}, "FFC_sans_bias7": {"write": {"device_start": -1, "host_queued_start": 1585628315.772114, "device_queued": -1, "device_end": -1, "host_queued_end": 1585628315.78124}, "device": "cpu", "nd_range": {"device_start": 2296090.211947374, "device_end": 2296090.232878693}, "cmdq": 2, "read": {"device_start": -1, "device_end": -1}}, "FFC_sans_bias6": {"write": {"device_start": -1, "host_queued_start": 1585628315.767926, "device_queued": -1, "device_end": -1, "host_queued_end": 1585628315.78124}, "device": "cpu", "nd_range": {"device_start": 2296090.1627322743, "device_end": 2296090.176084691}, "cmdq": 1, "read": {"device_start": -1, "device_end": -1}}, "FFC_sans_bias1": {"write": {"device_start": -1, "host_queued_start": 1585628315.72731, "device_queued": -1, "device_end": -1, "host_queued_end": 1585628315.78124}, "device": "cpu", "nd_range": {"device_start": 2296089.9709484084, "device_end": 2296089.985265336}, "cmdq": 2, "read": {"device_start": -1, "device_end": -1}}, "FFC_sans_bias0": {"write": {"device_start": -1, "host_queued_start": 1585628315.726234, "device_queued": -1, "device_end": -1, "host_queued_end": 1585628315.78124}, "device": "cpu", "nd_range": {"device_start": 2296089.97090943, "device_end": 2296089.983871758}, "cmdq": 1, "read": {"device_start": -1, "device_end": -1}}, "FFC_sans_bias2": {"write": {"device_start": -1, "host_queued_start": 1585628315.72846, "device_queued": -1, "device_end": -1, "host_queued_end": 1585628315.78124}, "device": "cpu", "nd_range": {"device_start": 2296089.9709153073, "device_end": 2296089.9799400833}, "cmdq": 0, "read": {"device_start": -1, "device_end": -1}}, "coalesced_transpose120": {"write": {"device_start": -1, "host_queued_start": 1585628315.705132, "device_queued": -1, "device_end": -1, "host_queued_end": 1585628315.715207}, "device": "gpu", "nd_range": {"device_start": 1585628249.15269, "device_end": 1585628249.1527085}, "cmdq": 2, "read": {"device_start": -1, "device_end": -1}}, "FFC_sans_bias9": {"write": {"device_start": -1, "host_queued_start": 1585628315.729664, "device_queued": -1, "device_end": -1, "host_queued_end": 1585628315.78124}, "device": "cpu", "nd_range": {"device_start": 2296089.9851844553, "device_end": 2296089.999362132}, "cmdq": 1, "read": {"device_start": -1, "device_end": -1}}, "empty71": {"write": {"device_start": -1, "host_queued_start": 1585628315.723658, "device_queued": -1, "device_end": -1, "host_queued_end": 1585628315.78124}, "device": "cpu", "nd_range": {"device_start": 2296089.9709028183, "device_end": 2296089.970903864}, "cmdq": 1, "read": {"device_start": -1, "device_end": -1}}, "softmax41": {"write": {"device_start": -1, "host_queued_start": 1585628315.766195, "device_queued": -1, "device_end": -1, "host_queued_end": 1585628315.78124}, "device": "cpu", "nd_range": {"device_start": 2296090.1622917373, "device_end": 2296090.162505738}, "cmdq": 1, "read": {"device_start": -1, "device_end": -1}}, "FFC_sans_bias37": {"write": {"device_start": -1, "host_queued_start": 1585628315.740816, "device_queued": -1, "device_end": -1, "host_queued_end": 1585628315.78124}, "device": "cpu", "nd_range": {"device_start": 2296090.0180293103, "device_end": 2296090.026658871}, "cmdq": 2, "read": {"device_start": -1, "device_end": -1}}, "FFC_sans_bias36": {"write": {"device_start": -1, "host_queued_start": 1585628315.739731, "device_queued": -1, "device_end": -1, "host_queued_end": 1585628315.78124}, "device": "cpu", "nd_range": {"device_start": 2296090.0394845554, "device_end": 2296090.0508250473}, "cmdq": 1, "read": {"device_start": -1, "device_end": -1}}, "FFC_sans_bias34": {"write": {"device_start": -1, "host_queued_start": 1585628315.775166, "device_queued": -1, "device_end": -1, "host_queued_end": 1585628315.78124}, "device": "cpu", "nd_range": {"device_start": 2296090.232890348, "device_end": 2296090.240582763}, "cmdq": 2, "read": {"device_start": -1, "device_end": -1}}, "FFC_sans_bias33": {"write": {"device_start": -1, "host_queued_start": 1585628315.76896, "device_queued": -1, "device_end": -1, "host_queued_end": 1585628315.78124}, "device": "cpu", "nd_range": {"device_start": 2296090.176091603, "device_end": 2296090.204202428}, "cmdq": 1, "read": {"device_start": -1, "device_end": -1}}, "FFC_sans_bias31": {"write": {"device_start": -1, "host_queued_start": 1585628315.762713, "device_queued": -1, "device_end": -1, "host_queued_end": 1585628315.78124}, "device": "cpu", "nd_range": {"device_start": 2296090.128402134, "device_end": 2296090.141932264}, "cmdq": 2, "read": {"device_start": -1, "device_end": -1}}, "FFC_sans_bias38": {"write": {"device_start": -1, "host_queued_start": 1585628315.741874, "device_queued": -1, "device_end": -1, "host_queued_end": 1585628315.78124}, "device": "cpu", "nd_range": {"device_start": 2296090.0186799993, "device_end": 2296090.032679195}, "cmdq": 0, "read": {"device_start": -1, "device_end": -1}}, "coalesced_transpose75": {"write": {"device_start": -1, "host_queued_start": 1585628315.760898, "device_queued": -1, "device_end": -1, "host_queued_end": 1585628315.78124}, "device": "cpu", "nd_range": {"device_start": 2296090.0951031283, "device_end": 2296090.09521876}, "cmdq": 0, "read": {"device_start": -1, "device_end": -1}}, "empty44": {"write": {"device_start": -1, "host_queued_start": 1585628315.720909, "device_queued": -1, "device_end": -1, "host_queued_end": 1585628315.78124}, "device": "cpu", "nd_range": {"device_start": 2296089.9708954003, "device_end": 2296089.9708969262}, "cmdq": 1, "read": {"device_start": -1, "device_end": -1}}, "empty8": {"write": {"device_start": -1, "host_queued_start": 1585628315.716795, "device_queued": -1, "device_end": -1, "host_queued_end": 1585628315.78124}, "device": "cpu", "nd_range": {"device_start": 2296089.97086034, "device_end": 2296089.9708716553}, "cmdq": 0, "read": {"device_start": -1, "device_end": -1}}, "softmax50": {"write": {"device_start": -1, "host_queued_start": 1585628315.766473, "device_queued": -1, "device_end": -1, "host_queued_end": 1585628315.78124}, "device": "cpu", "nd_range": {"device_start": 2296090.15656032, "device_end": 2296090.15676736}, "cmdq": 2, "read": {"device_start": -1, "device_end": -1}}, "softmax59": {"write": {"device_start": -1, "host_queued_start": 1585628315.766754, "device_queued": -1, "device_end": -1, "host_queued_end": 1585628315.78124}, "device": "cpu", "nd_range": {"device_start": 2296090.1504123244, "device_end": 2296090.150620087}, "cmdq": 0, "read": {"device_start": -1, "device_end": -1}}, "FFC_sans_bias24": {"write": {"device_start": -1, "host_queued_start": 1585628315.768618, "device_queued": -1, "device_end": -1, "host_queued_end": 1585628315.78124}, "device": "cpu", "nd_range": {"device_start": 2296090.1579499473, "device_end": 2296090.1664791983}, "cmdq": 0, "read": {"device_start": -1, "device_end": -1}}, "FFC_sans_bias25": {"write": {"device_start": -1, "host_queued_start": 1585628315.774155, "device_queued": -1, "device_end": -1, "host_queued_end": 1585628315.78124}, "device": "cpu", "nd_range": {"device_start": 2296090.241549948, "device_end": 2296090.251104136}, "cmdq": 1, "read": {"device_start": -1, "device_end": -1}}, "FFC_sans_bias27": {"write": {"device_start": -1, "host_queued_start": 1585628315.736516, "device_queued": -1, "device_end": -1, "host_queued_end": 1585628315.78124}, "device": "cpu", "nd_range": {"device_start": 2296090.0185800833, "device_end": 2296090.0394735513}, "cmdq": 1, "read": {"device_start": -1, "device_end": -1}}, "FFC_sans_bias20": {"write": {"device_start": -1, "host_queued_start": 1585628315.735452, "device_queued": -1, "device_end": -1, "host_queued_end": 1585628315.78124}, "device": "cpu", "nd_range": {"device_start": 2296089.994587779, "device_end": 2296090.004099435}, "cmdq": 0, "read": {"device_start": -1, "device_end": -1}}, "FFC_sans_bias22": {"write": {"device_start": -1, "host_queued_start": 1585628315.762355, "device_queued": -1, "device_end": -1, "host_queued_end": 1585628315.78124}, "device": "cpu", "nd_range": {"device_start": 2296090.12285101, "device_end": 2296090.1419317164}, "cmdq": 1, "read": {"device_start": -1, "device_end": -1}}, "FFC_sans_bias130": {"write": {"device_start": -1, "host_queued_start": 1585628315.707049, "device_queued": -1, "device_end": -1, "host_queued_end": 1585628315.715207}, "device": "gpu", "nd_range": {"device_start": 1585628249.1534107, "device_end": 1585628249.154806}, "cmdq": 2, "read": {"device_start": -1, "device_end": -1}}, "FFC_sans_bias28": {"write": {"device_start": -1, "host_queued_start": 1585628315.737581, "device_queued": -1, "device_end": -1, "host_queued_end": 1585628315.78124}, "device": "cpu", "nd_range": {"device_start": 2296090.0099135293, "device_end": 2296090.018019083}, "cmdq": 2, "read": {"device_start": -1, "device_end": -1}}, "FFC_sans_bias29": {"write": {"device_start": -1, "host_queued_start": 1585628315.738674, "device_queued": -1, "device_end": -1, "host_queued_end": 1585628315.78124}, "device": "cpu", "nd_range": {"device_start": 2296090.004211545, "device_end": 2296090.018564172}, "cmdq": 0, "read": {"device_start": -1, "device_end": -1}}, "coalesced_transpose66": {"write": {"device_start": -1, "host_queued_start": 1585628315.760565, "device_queued": -1, "device_end": -1, "host_queued_end": 1585628315.78124}, "device": "cpu", "nd_range": {"device_start": 2296090.0993010662, "device_end": 2296090.0995510183}, "cmdq": 2, "read": {"device_start": -1, "device_end": -1}}, "coalesced_transpose93": {"write": {"device_start": -1, "host_queued_start": 1585628315.704229, "device_queued": -1, "device_end": -1, "host_queued_end": 1585628315.715207}, "device": "gpu", "nd_range": {"device_start": 1585628249.1518638, "device_end": 1585628249.1526837}, "cmdq": 2, "read": {"device_start": -1, "device_end": -1}}, "softmax23": {"write": {"device_start": -1, "host_queued_start": 1585628315.765641, "device_queued": -1, "device_end": -1, "host_queued_end": 1585628315.78124}, "device": "cpu", "nd_range": {"device_start": 2296090.1563420272, "device_end": 2296090.1565544493}, "cmdq": 2, "read": {"device_start": -1, "device_end": -1}}, "empty62": {"write": {"device_start": -1, "host_queued_start": 1585628315.72285, "device_queued": -1, "device_end": -1, "host_queued_end": 1585628315.78124}, "device": "cpu", "nd_range": {"device_start": 2296089.970902062, "device_end": 2296089.970902828}, "cmdq": 0, "read": {"device_start": -1, "device_end": -1}}, "FFC_sans_bias10": {"write": {"device_start": -1, "host_queued_start": 1585628315.730963, "device_queued": -1, "device_end": -1, "host_queued_end": 1585628315.78124}, "device": "cpu", "nd_range": {"device_start": 2296089.98527327, "device_end": 2296089.996631234}, "cmdq": 2, "read": {"device_start": -1, "device_end": -1}}, "FFC_sans_bias13": {"write": {"device_start": -1, "host_queued_start": 1585628315.761921, "device_queued": -1, "device_end": -1, "host_queued_end": 1585628315.78124}, "device": "cpu", "nd_range": {"device_start": 2296090.0954172052, "device_end": 2296090.1021059593}, "cmdq": 0, "read": {"device_start": -1, "device_end": -1}}, "FFC_sans_bias15": {"write": {"device_start": -1, "host_queued_start": 1585628315.768271, "device_queued": -1, "device_end": -1, "host_queued_end": 1585628315.78124}, "device": "cpu", "nd_range": {"device_start": 2296090.163190715, "device_end": 2296090.178826215}, "cmdq": 2, "read": {"device_start": -1, "device_end": -1}}, "FFC_sans_bias16": {"write": {"device_start": -1, "host_queued_start": 1585628315.773158, "device_queued": -1, "device_end": -1, "host_queued_end": 1585628315.78124}, "device": "cpu", "nd_range": {"device_start": 2296090.1863113143, "device_end": 2296090.199740703}, "cmdq": 0, "read": {"device_start": -1, "device_end": -1}}, "FFC_sans_bias19": {"write": {"device_start": -1, "host_queued_start": 1585628315.734379, "device_queued": -1, "device_end": -1, "host_queued_end": 1585628315.78124}, "device": "cpu", "nd_range": {"device_start": 2296089.996637735, "device_end": 2296090.0099038053}, "cmdq": 2, "read": {"device_start": -1, "device_end": -1}}, "FFC_sans_bias18": {"write": {"device_start": -1, "host_queued_start": 1585628315.733206, "device_queued": -1, "device_end": -1, "host_queued_end": 1585628315.78124}, "device": "cpu", "nd_range": {"device_start": 2296089.9993707, "device_end": 2296090.017578489}, "cmdq": 1, "read": {"device_start": -1, "device_end": -1}}, "FFC_sans_bias99": {"write": {"device_start": 1585628249.146116, "host_queued_start": 1585628315.692076, "device_queued": 1585628249.145535, "device_end": 1585628249.1461463, "host_queued_end": 1585628315.715207}, "device": "gpu", "nd_range": {"device_start": 1585628249.1461504, "device_end": 1585628249.147404}, "cmdq": 2, "read": {"device_start": -1, "device_end": -1}}, "FFC_sans_bias91": {"write": {"device_start": 1585628249.1454103, "host_queued_start": 1585628315.689951, "device_queued": 1585628249.1452122, "device_end": 1585628249.1454415, "host_queued_end": 1585628315.715207}, "device": "gpu", "nd_range": {"device_start": 1585628249.1454997, "device_end": 1585628249.1463983}, "cmdq": 0, "read": {"device_start": -1, "device_end": -1}}, "FFC_sans_bias90": {"write": {"device_start": 1585628249.145304, "host_queued_start": 1585628315.688908, "device_queued": 1585628249.145141, "device_end": 1585628249.145375, "host_queued_end": 1585628315.715207}, "device": "gpu", "nd_range": {"device_start": 1585628249.1453867, "device_end": 1585628249.1459918}, "cmdq": 2, "read": {"device_start": -1, "device_end": -1}}, "coalesced_transpose12": {"write": {"device_start": -1, "host_queued_start": 1585628315.758522, "device_queued": -1, "device_end": -1, "host_queued_end": 1585628315.78124}, "device": "cpu", "nd_range": {"device_start": 2296090.090145668, "device_end": 2296090.090406467}, "cmdq": 2, "read": {"device_start": -1, "device_end": -1}}, "FFC_sans_bias94": {"write": {"device_start": -1, "host_queued_start": 1585628315.705755, "device_queued": -1, "device_end": -1, "host_queued_end": 1585628315.715207}, "device": "gpu", "nd_range": {"device_start": 1585628249.1528254, "device_end": 1585628249.153813}, "cmdq": 1, "read": {"device_start": -1, "device_end": -1}}, "FFC_sans_bias97": {"write": {"device_start": 1585628249.156746, "host_queued_start": 1585628315.710905, "device_queued": 1585628249.1481366, "device_end": 1585628249.156772, "host_queued_end": 1585628315.715207}, "device": "gpu", "nd_range": {"device_start": 1585628249.1567867, "device_end": 1585628249.158138}, "cmdq": 1, "read": {"device_start": 1585628249.1581423, "device_end": 1585628249.1581712}}, "FFC_sans_bias96": {"write": {"device_start": -1, "host_queued_start": 1585628315.70861, "device_queued": -1, "device_end": -1, "host_queued_end": 1585628315.715207}, "device": "gpu", "nd_range": {"device_start": 1585628249.1555936, "device_end": 1585628249.1562}, "cmdq": 2, "read": {"device_start": -1, "device_end": -1}}, "FFC_sans_bias124": {"write": {"device_start": 1585628249.15949, "host_queued_start": 1585628315.714055, "device_queued": 1585628249.148425, "device_end": 1585628249.1595213, "host_queued_end": 1585628315.715207}, "device": "gpu", "nd_range": {"device_start": 1585628249.159531, "device_end": 1585628249.1604803}, "cmdq": 1, "read": {"device_start": 1585628249.1604838, "device_end": 1585628249.160507}}, "FFC_sans_bias126": {"write": {"device_start": 1585628249.1510243, "host_queued_start": 1585628315.702817, "device_queued": 1585628249.1466525, "device_end": 1585628249.1510556, "host_queued_end": 1585628315.715207}, "device": "gpu", "nd_range": {"device_start": 1585628249.1510596, "device_end": 1585628249.1523113}, "cmdq": 0, "read": {"device_start": -1, "device_end": -1}}, "softmax32": {"write": {"device_start": -1, "host_queued_start": 1585628315.765919, "device_queued": -1, "device_end": -1, "host_queued_end": 1585628315.78124}, "device": "cpu", "nd_range": {"device_start": 2296090.1419756003, "device_end": 2296090.142205478}, "cmdq": 0, "read": {"device_start": -1, "device_end": -1}}, "coalesced_transpose84": {"write": {"device_start": -1, "host_queued_start": 1585628315.761233, "device_queued": -1, "device_end": -1, "host_queued_end": 1585628315.78124}, "device": "cpu", "nd_range": {"device_start": 2296090.122584727, "device_end": 2296090.12284522}, "cmdq": 1, "read": {"device_start": -1, "device_end": -1}}, "FFC_sans_bias121": {"write": {"device_start": -1, "host_queued_start": 1585628315.706732, "device_queued": -1, "device_end": -1, "host_queued_end": 1585628315.715207}, "device": "gpu", "nd_range": {"device_start": 1585628249.1538203, "device_end": 1585628249.1552806}, "cmdq": 1, "read": {"device_start": -1, "device_end": -1}}, "empty98": {"write": {"device_start": 1585628249.1447108, "host_queued_start": 1585628315.684352, "device_queued": 1585628249.1445658, "device_end": 1585628249.144738, "host_queued_end": 1585628315.715207}, "device": "gpu", "nd_range": {"device_start": 1585628249.1447465, "device_end": 1585628249.1447587}, "cmdq": 0, "read": {"device_start": -1, "device_end": -1}}, "empty107": {"write": {"device_start": 1585628249.144826, "host_queued_start": 1585628315.685399, "device_queued": 1585628249.1446834, "device_end": 1585628249.1448743, "host_queued_end": 1585628315.715207}, "device": "gpu", "nd_range": {"device_start": 1585628249.1448781, "device_end": 1585628249.14489}, "cmdq": 1, "read": {"device_start": -1, "device_end": -1}}, "empty17": {"write": {"device_start": -1, "host_queued_start": 1585628315.717946, "device_queued": -1, "device_end": -1, "host_queued_end": 1585628315.78124}, "device": "cpu", "nd_range": {"device_start": 2296089.970860273, "device_end": 2296089.970871977}, "cmdq": 1, "read": {"device_start": -1, "device_end": -1}}, "FFC_sans_bias87": {"write": {"device_start": -1, "host_queued_start": 1585628315.771061, "device_queued": -1, "device_end": -1, "host_queued_end": 1585628315.78124}, "device": "cpu", "nd_range": {"device_start": 2296090.2329023723, "device_end": 2296090.2415419403}, "cmdq": 1, "read": {"device_start": -1, "device_end": -1}}, "FFC_sans_bias85": {"write": {"device_start": -1, "host_queued_start": 1585628315.764802, "device_queued": -1, "device_end": -1, "host_queued_end": 1585628315.78124}, "device": "cpu", "nd_range": {"device_start": 2296090.150114879, "device_end": 2296090.156333146}, "cmdq": 2, "read": {"device_start": -1, "device_end": -1}}, "FFC_sans_bias82": {"write": {"device_start": -1, "host_queued_start": 1585628315.756787, "device_queued": -1, "device_end": -1, "host_queued_end": 1585628315.78124}, "device": "cpu", "nd_range": {"device_start": 2296090.077701272, "device_end": 2296090.09002587}, "cmdq": 2, "read": {"device_start": -1, "device_end": -1}}, "FFC_sans_bias83": {"write": {"device_start": -1, "host_queued_start": 1585628315.757851, "device_queued": -1, "device_end": -1, "host_queued_end": 1585628315.78124}, "device": "cpu", "nd_range": {"device_start": 2296090.0862712343, "device_end": 2296090.094496753}, "cmdq": 0, "read": {"device_start": -1, "device_end": -1}}, "FFC_sans_bias81": {"write": {"device_start": -1, "host_queued_start": 1585628315.755736, "device_queued": -1, "device_end": -1, "host_queued_end": 1585628315.78124}, "device": "cpu", "nd_range": {"device_start": 2296090.112587287, "device_end": 2296090.1217544363}, "cmdq": 1, "read": {"device_start": -1, "device_end": -1}}, "FFC_sans_bias88": {"write": {"device_start": -1, "host_queued_start": 1585628315.781195, "device_queued": -1, "device_end": -1, "host_queued_end": 1585628315.78124}, "device": "cpu", "nd_range": {"device_start": 2296090.246291274, "device_end": 2296090.256062324}, "cmdq": 2, "read": {"device_start": -1, "device_end": -1}}, "coalesced_transpose30": {"write": {"device_start": -1, "host_queued_start": 1585628315.759195, "device_queued": -1, "device_end": -1, "host_queued_end": 1585628315.78124}, "device": "cpu", "nd_range": {"device_start": 2296090.121910722, "device_end": 2296090.12230378}, "cmdq": 1, "read": {"device_start": -1, "device_end": -1}}, "FFC_sans_bias128": {"write": {"device_start": 1585628249.1504302, "host_queued_start": 1585628315.701755, "device_queued": 1585628249.1465752, "device_end": 1585628249.1504638, "host_queued_end": 1585628315.715207}, "device": "gpu", "nd_range": {"device_start": 1585628249.1504676, "device_end": 1585628249.1518629}, "cmdq": 2, "read": {"device_start": -1, "device_end": -1}}, "coalesced_transpose39": {"write": {"device_start": -1, "host_queued_start": 1585628315.759528, "device_queued": -1, "device_end": -1, "host_queued_end": 1585628315.78124}, "device": "cpu", "nd_range": {"device_start": 2296090.090519887, "device_end": 2296090.090780681}, "cmdq": 2, "read": {"device_start": -1, "device_end": -1}}, "FFC_sans_bias79": {"write": {"device_start": -1, "host_queued_start": 1585628315.780174, "device_queued": -1, "device_end": -1, "host_queued_end": 1585628315.78124}, "device": "cpu", "nd_range": {"device_start": 2296090.2592047653, "device_end": 2296090.263512622}, "cmdq": 1, "read": {"device_start": -1, "device_end": -1}}, "FFC_sans_bias78": {"write": {"device_start": -1, "host_queued_start": 1585628315.770717, "device_queued": -1, "device_end": -1, "host_queued_end": 1585628315.78124}, "device": "cpu", "nd_range": {"device_start": 2296090.178432409, "device_end": 2296090.186303982}, "cmdq": 0, "read": {"device_start": -1, "device_end": -1}}, "FFC_sans_bias73": {"write": {"device_start": -1, "host_queued_start": 1585628315.753609, "device_queued": -1, "device_end": -1, "host_queued_end": 1585628315.78124}, "device": "cpu", "nd_range": {"device_start": 2296090.064707689, "device_end": 2296090.077586065}, "cmdq": 2, "read": {"device_start": -1, "device_end": -1}}, "FFC_sans_bias72": {"write": {"device_start": -1, "host_queued_start": 1585628315.752552, "device_queued": -1, "device_end": -1, "host_queued_end": 1585628315.78124}, "device": "cpu", "nd_range": {"device_start": 2296090.095534739, "device_end": 2296090.112579878}, "cmdq": 1, "read": {"device_start": -1, "device_end": -1}}, "FFC_sans_bias70": {"write": {"device_start": -1, "host_queued_start": 1585628315.779147, "device_queued": -1, "device_end": -1, "host_queued_end": 1585628315.78124}, "device": "cpu", "nd_range": {"device_start": 2296090.212907455, "device_end": 2296090.223623867}, "cmdq": 0, "read": {"device_start": -1, "device_end": -1}}, "FFC_sans_bias76": {"write": {"device_start": -1, "host_queued_start": 1585628315.764455, "device_queued": -1, "device_end": -1, "host_queued_end": 1585628315.78124}, "device": "cpu", "nd_range": {"device_start": 2296090.1529982043, "device_end": 2296090.162056303}, "cmdq": 1, "read": {"device_start": -1, "device_end": -1}}, "FFC_sans_bias74": {"write": {"device_start": -1, "host_queued_start": 1585628315.754682, "device_queued": -1, "device_end": -1, "host_queued_end": 1585628315.78124}, "device": "cpu", "nd_range": {"device_start": 2296090.0742251403, "device_end": 2296090.086150219}, "cmdq": 0, "read": {"device_start": -1, "device_end": -1}}, "coalesced_transpose102": {"write": {"device_start": -1, "host_queued_start": 1585628315.704529, "device_queued": -1, "device_end": -1, "host_queued_end": 1585628315.715207}, "device": "gpu", "nd_range": {"device_start": 1585628249.1523128, "device_end": 1585628249.1526926}, "cmdq": 0, "read": {"device_start": -1, "device_end": -1}}, "coalesced_transpose3": {"write": {"device_start": -1, "host_queued_start": 1585628315.758185, "device_queued": -1, "device_end": -1, "host_queued_end": 1585628315.78124}, "device": "cpu", "nd_range": {"device_start": 2296090.1217605243, "device_end": 2296090.121900291}, "cmdq": 1, "read": {"device_start": -1, "device_end": -1}}, "FFC_sans_bias127": {"write": {"device_start": 1585628249.1514423, "host_queued_start": 1585628315.703879, "device_queued": 1585628249.146792, "device_end": 1585628249.1514757, "host_queued_end": 1585628315.715207}, "device": "gpu", "nd_range": {"device_start": 1585628249.1514802, "device_end": 1585628249.1527853}, "cmdq": 1, "read": {"device_start": -1, "device_end": -1}}, "empty89": {"write": {"device_start": -1, "host_queued_start": 1585628315.725275, "device_queued": -1, "device_end": -1, "host_queued_end": 1585628315.78124}, "device": "cpu", "nd_range": {"device_start": 2296089.970908023, "device_end": 2296089.9709087363}, "cmdq": 0, "read": {"device_start": -1, "device_end": -1}}, "FFC_sans_bias123": {"write": {"device_start": -1, "host_queued_start": 1585628315.70956, "device_queued": -1, "device_end": -1, "host_queued_end": 1585628315.715207}, "device": "gpu", "nd_range": {"device_start": 1585628249.1562068, "device_end": 1585628249.157597}, "cmdq": 2, "read": {"device_start": -1, "device_end": -1}}, "empty80": {"write": {"device_start": -1, "host_queued_start": 1585628315.724467, "device_queued": -1, "device_end": -1, "host_queued_end": 1585628315.78124}, "device": "cpu", "nd_range": {"device_start": 2296089.970941341, "device_end": 2296089.970942276}, "cmdq": 2, "read": {"device_start": -1, "device_end": -1}}, "empty116": {"write": {"device_start": 1585628249.1449406, "host_queued_start": 1585628315.686248, "device_queued": 1585628249.1447146, "device_end": 1585628249.144997, "host_queued_end": 1585628315.715207}, "device": "gpu", "nd_range": {"device_start": 1585628249.1450005, "device_end": 1585628249.1450043}, "cmdq": 2, "read": {"device_start": -1, "device_end": -1}}, "softmax104": {"write": {"device_start": -1, "host_queued_start": 1585628315.707556, "device_queued": -1, "device_end": -1, "host_queued_end": 1585628315.715207}, "device": "gpu", "nd_range": {"device_start": 1585628249.1552877, "device_end": 1585628249.1554954}, "cmdq": 1, "read": {"device_start": -1, "device_end": -1}}, "coalesced_transpose21": {"write": {"device_start": -1, "host_queued_start": 1585628315.758861, "device_queued": -1, "device_end": -1, "host_queued_end": 1585628315.78124}, "device": "cpu", "nd_range": {"device_start": 2296090.094623207, "device_end": 2296090.094745825}, "cmdq": 0, "read": {"device_start": -1, "device_end": -1}}, "softmax14": {"write": {"device_start": -1, "host_queued_start": 1585628315.765366, "device_queued": -1, "device_end": -1, "host_queued_end": 1585628315.78124}, "device": "cpu", "nd_range": {"device_start": 2296090.1620665663, "device_end": 2296090.162285297}, "cmdq": 1, "read": {"device_start": -1, "device_end": -1}}, "FFC_sans_bias69": {"write": {"device_start": -1, "host_queued_start": 1585628315.770341, "device_queued": -1, "device_end": -1, "host_queued_end": 1585628315.78124}, "device": "cpu", "nd_range": {"device_start": 2296090.195777193, "device_end": 2296090.211937705}, "cmdq": 2, "read": {"device_start": -1, "device_end": -1}}, "FFC_sans_bias92": {"write": {"device_start": 1585628249.145616, "host_queued_start": 1585628315.691032, "device_queued": 1585628249.145509, "device_end": 1585628249.1456463, "host_queued_end": 1585628315.715207}, "device": "gpu", "nd_range": {"device_start": 1585628249.1456492, "device_end": 1585628249.1469698}, "cmdq": 1, "read": {"device_start": -1, "device_end": -1}}, "FFC_sans_bias60": {"write": {"device_start": -1, "host_queued_start": 1585628315.769995, "device_queued": -1, "device_end": -1, "host_queued_end": 1585628315.78124}, "device": "cpu", "nd_range": {"device_start": 2296090.204221819, "device_end": 2296090.232878675}, "cmdq": 1, "read": {"device_start": -1, "device_end": -1}}, "FFC_sans_bias61": {"write": {"device_start": -1, "host_queued_start": 1585628315.778148, "device_queued": -1, "device_end": -1, "host_queued_end": 1585628315.78124}, "device": "cpu", "nd_range": {"device_start": 2296090.240586482, "device_end": 2296090.246287383}, "cmdq": 2, "read": {"device_start": -1, "device_end": -1}}, "FFC_sans_bias63": {"write": {"device_start": -1, "host_queued_start": 1585628315.751486, "device_queued": -1, "device_end": -1, "host_queued_end": 1585628315.78124}, "device": "cpu", "nd_range": {"device_start": 2296090.060836114, "device_end": 2296090.0741013084}, "cmdq": 0, "read": {"device_start": -1, "device_end": -1}}, "FFC_sans_bias64": {"write": {"device_start": -1, "host_queued_start": 1585628315.749327, "device_queued": -1, "device_end": -1, "host_queued_end": 1585628315.78124}, "device": "cpu", "nd_range": {"device_start": 2296090.081108999, "device_end": 2296090.095192432}, "cmdq": 1, "read": {"device_start": -1, "device_end": -1}}, "FFC_sans_bias65": {"write": {"device_start": -1, "host_queued_start": 1585628315.75041, "device_queued": -1, "device_end": -1, "host_queued_end": 1585628315.78124}, "device": "cpu", "nd_range": {"device_start": 2296090.052181852, "device_end": 2296090.064588069}, "cmdq": 2, "read": {"device_start": -1, "device_end": -1}}, "FFC_sans_bias67": {"write": {"device_start": -1, "host_queued_start": 1585628315.764106, "device_queued": -1, "device_end": -1, "host_queued_end": 1585628315.78124}, "device": "cpu", "nd_range": {"device_start": 2296090.108159008, "device_end": 2296090.1143741943}, "cmdq": 0, "read": {"device_start": -1, "device_end": -1}}, "coalesced_transpose111": {"write": {"device_start": -1, "host_queued_start": 1585628315.704833, "device_queued": -1, "device_end": -1, "host_queued_end": 1585628315.715207}, "device": "gpu", "nd_range": {"device_start": 1585628249.1527898, "device_end": 1585628249.1528168}, "cmdq": 1, "read": {"device_start": -1, "device_end": -1}}, "FFC_sans_bias133": {"write": {"device_start": 1585628249.1593304, "host_queued_start": 1585628315.715104, "device_queued": 1585628249.148381, "device_end": 1585628249.1593616, "host_queued_end": 1585628315.715207}, "device": "gpu", "nd_range": {"device_start": 1585628249.1593754, "device_end": 1585628249.1600327}, "cmdq": 2, "read": {"device_start": 1585628249.160043, "device_end": 1585628249.1600657}}, "FFC_sans_bias132": {"write": {"device_start": -1, "host_queued_start": 1585628315.709874, "device_queued": -1, "device_end": -1, "host_queued_end": 1585628315.715207}, "device": "gpu", "nd_range": {"device_start": 1585628249.1571765, "device_end": 1585628249.1585832}, "cmdq": 0, "read": {"device_start": -1, "device_end": -1}}, "softmax68": {"write": {"device_start": -1, "host_queued_start": 1585628315.767032, "device_queued": -1, "device_end": -1, "host_queued_end": 1585628315.78124}, "device": "cpu", "nd_range": {"device_start": 2296090.1625122963, "device_end": 2296090.162725232}, "cmdq": 1, "read": {"device_start": -1, "device_end": -1}}, "softmax131": {"write": {"device_start": -1, "host_queued_start": 1585628315.708297, "device_queued": -1, "device_end": -1, "host_queued_end": 1585628315.715207}, "device": "gpu", "nd_range": {"device_start": 1585628249.1555023, "device_end": 1585628249.1558015}, "cmdq": 1, "read": {"device_start": -1, "device_end": -1}}, "empty125": {"write": {"device_start": 1585628249.1450295, "host_queued_start": 1585628315.687123, "device_queued": 1585628249.1448078, "device_end": 1585628249.1450539, "host_queued_end": 1585628315.715207}, "device": "gpu", "nd_range": {"device_start": 1585628249.145057, "device_end": 1585628249.1450605}, "cmdq": 0, "read": {"device_start": -1, "device_end": -1}}, "empty35": {"write": {"device_start": -1, "host_queued_start": 1585628315.719999, "device_queued": -1, "device_end": -1, "host_queued_end": 1585628315.78124}, "device": "cpu", "nd_range": {"device_start": 2296089.9708948983, "device_end": 2296089.9708961193}, "cmdq": 0, "read": {"device_start": -1, "device_end": -1}}, "softmax86": {"write": {"device_start": -1, "host_queued_start": 1585628315.767584, "device_queued": -1, "device_end": -1, "host_queued_end": 1585628315.78124}, "device": "cpu", "nd_range": {"device_start": 2296090.1577415382, "device_end": 2296090.157943644}, "cmdq": 0, "read": {"device_start": -1, "device_end": -1}}, "FFC_sans_bias55": {"write": {"device_start": -1, "host_queued_start": 1585628315.748238, "device_queued": -1, "device_end": -1, "host_queued_end": 1585628315.78124}, "device": "cpu", "nd_range": {"device_start": 2296090.045977532, "device_end": 2296090.060711929}, "cmdq": 0, "read": {"device_start": -1, "device_end": -1}}, "FFC_sans_bias54": {"write": {"device_start": -1, "host_queued_start": 1585628315.747161, "device_queued": -1, "device_end": -1, "host_queued_end": 1585628315.78124}, "device": "cpu", "nd_range": {"device_start": 2296090.039842049, "device_end": 2296090.05205611}, "cmdq": 2, "read": {"device_start": -1, "device_end": -1}}, "FFC_sans_bias56": {"write": {"device_start": -1, "host_queued_start": 1585628315.746109, "device_queued": -1, "device_end": -1, "host_queued_end": 1585628315.78124}, "device": "cpu", "nd_range": {"device_start": 2296090.066610332, "device_end": 2296090.073793102}, "cmdq": 1, "read": {"device_start": -1, "device_end": -1}}, "FFC_sans_bias51": {"write": {"device_start": -1, "host_queued_start": 1585628315.769647, "device_queued": -1, "device_end": -1, "host_queued_end": 1585628315.78124}, "device": "cpu", "nd_range": {"device_start": 2296090.1664866763, "device_end": 2296090.178424751}, "cmdq": 0, "read": {"device_start": -1, "device_end": -1}}, "FFC_sans_bias52": {"write": {"device_start": -1, "host_queued_start": 1585628315.777157, "device_queued": -1, "device_end": -1, "host_queued_end": 1585628315.78124}, "device": "cpu", "nd_range": {"device_start": 2296090.2511081723, "device_end": 2296090.259201119}, "cmdq": 1, "read": {"device_start": -1, "device_end": -1}}, "FFC_sans_bias58": {"write": {"device_start": -1, "host_queued_start": 1585628315.763761, "device_queued": -1, "device_end": -1, "host_queued_end": 1585628315.78124}, "device": "cpu", "nd_range": {"device_start": 2296090.1419540443, "device_end": 2296090.15009519}, "cmdq": 2, "read": {"device_start": -1, "device_end": -1}}, "FFC_sans_bias108": {"write": {"device_start": 1585628249.1475518, "host_queued_start": 1585628315.695218, "device_queued": 1585628249.1459312, "device_end": 1585628249.1475832, "host_queued_end": 1585628315.715207}, "device": "gpu", "nd_range": {"device_start": 1585628249.1475866, "device_end": 1585628249.1488547}, "cmdq": 2, "read": {"device_start": -1, "device_end": -1}}, "FFC_sans_bias109": {"write": {"device_start": 1585628249.1480775, "host_queued_start": 1585628315.696256, "device_queued": 1585628249.1459975, "device_end": 1585628249.1481092, "host_queued_end": 1585628315.715207}, "device": "gpu", "nd_range": {"device_start": 1585628249.1481142, "device_end": 1585628249.1493773}, "cmdq": 0, "read": {"device_start": -1, "device_end": -1}}, "coalesced_transpose129": {"write": {"device_start": -1, "host_queued_start": 1585628315.705434, "device_queued": -1, "device_end": -1, "host_queued_end": 1585628315.715207}, "device": "gpu", "nd_range": {"device_start": 1585628249.152813, "device_end": 1585628249.1532176}, "cmdq": 0, "read": {"device_start": -1, "device_end": -1}}, "FFC_sans_bias103": {"write": {"device_start": -1, "host_queued_start": 1585628315.706074, "device_queued": -1, "device_end": -1, "host_queued_end": 1585628315.715207}, "device": "gpu", "nd_range": {"device_start": 1585628249.1528008, "device_end": 1585628249.153403}, "cmdq": 2, "read": {"device_start": -1, "device_end": -1}}, "FFC_sans_bias100": {"write": {"device_start": 1585628249.1464896, "host_queued_start": 1585628315.693114, "device_queued": 1585628249.1457305, "device_end": 1585628249.1465218, "host_queued_end": 1585628315.715207}, "device": "gpu", "nd_range": {"device_start": 1585628249.1465242, "device_end": 1585628249.1479366}, "cmdq": 0, "read": {"device_start": -1, "device_end": -1}}, "FFC_sans_bias101": {"write": {"device_start": 1585628249.1471093, "host_queued_start": 1585628315.694157, "device_queued": 1585628249.1457832, "device_end": 1585628249.1471407, "host_queued_end": 1585628315.715207}, "device": "gpu", "nd_range": {"device_start": 1585628249.147145, "device_end": 1585628249.1483815}, "cmdq": 1, "read": {"device_start": -1, "device_end": -1}}, "FFC_sans_bias106": {"write": {"device_start": 1585628249.1577365, "host_queued_start": 1585628315.711968, "device_queued": 1585628249.147979, "device_end": 1585628249.1577685, "host_queued_end": 1585628315.715207}, "device": "gpu", "nd_range": {"device_start": 1585628249.1577857, "device_end": 1585628249.1590993}, "cmdq": 2, "read": {"device_start": 1585628249.159104, "device_end": 1585628249.159129}}, "softmax122": {"write": {"device_start": -1, "host_queued_start": 1585628315.708052, "device_queued": -1, "device_end": -1, "host_queued_end": 1585628315.715207}, "device": "gpu", "nd_range": {"device_start": 1585628249.1555831, "device_end": 1585628249.155953}, "cmdq": 0, "read": {"device_start": -1, "device_end": -1}}, "FFC_sans_bias105": {"write": {"device_start": -1, "host_queued_start": 1585628315.708927, "device_queued": -1, "device_end": -1, "host_queued_end": 1585628315.715207}, "device": "gpu", "nd_range": {"device_start": 1585628249.15596, "device_end": 1585628249.1571693}, "cmdq": 0, "read": {"device_start": -1, "device_end": -1}}, "softmax95": {"write": {"device_start": -1, "host_queued_start": 1585628315.707307, "device_queued": -1, "device_end": -1, "host_queued_end": 1585628315.715207}, "device": "gpu", "nd_range": {"device_start": 1585628249.1543858, "device_end": 1585628249.155576}, "cmdq": 0, "read": {"device_start": -1, "device_end": -1}}, "coalesced_transpose57": {"write": {"device_start": -1, "host_queued_start": 1585628315.760219, "device_queued": -1, "device_end": -1, "host_queued_end": 1585628315.78124}, "device": "cpu", "nd_range": {"device_start": 2296090.1223098813, "device_end": 2296090.1225779303}, "cmdq": 1, "read": {"device_start": -1, "device_end": -1}}, "empty26": {"write": {"device_start": -1, "host_queued_start": 1585628315.719014, "device_queued": -1, "device_end": -1, "host_queued_end": 1585628315.78124}, "device": "cpu", "nd_range": {"device_start": 2296089.970908083, "device_end": 2296089.9709128}, "cmdq": 2, "read": {"device_start": -1, "device_end": -1}}, "softmax113": {"write": {"device_start": -1, "host_queued_start": 1585628315.707804, "device_queued": -1, "device_end": -1, "host_queued_end": 1585628315.715207}, "device": "gpu", "nd_range": {"device_start": 1585628249.1548138, "device_end": 1585628249.1555855}, "cmdq": 2, "read": {"device_start": -1, "device_end": -1}}, "FFC_sans_bias11": {"write": {"device_start": -1, "host_queued_start": 1585628315.732124, "device_queued": -1, "device_end": -1, "host_queued_end": 1585628315.78124}, "device": "cpu", "nd_range": {"device_start": 2296089.980070873, "device_end": 2296089.9944609823}, "cmdq": 0, "read": {"device_start": -1, "device_end": -1}}, "FFC_sans_bias42": {"write": {"device_start": -1, "host_queued_start": 1585628315.769304, "device_queued": -1, "device_end": -1, "host_queued_end": 1585628315.78124}, "device": "cpu", "nd_range": {"device_start": 2296090.178834101, "device_end": 2296090.195733534}, "cmdq": 2, "read": {"device_start": -1, "device_end": -1}}, "FFC_sans_bias43": {"write": {"device_start": -1, "host_queued_start": 1585628315.776165, "device_queued": -1, "device_end": -1, "host_queued_end": 1585628315.78124}, "device": "cpu", "nd_range": {"device_start": 2296090.199751315, "device_end": 2296090.212902715}, "cmdq": 0, "read": {"device_start": -1, "device_end": -1}}, "FFC_sans_bias40": {"write": {"device_start": -1, "host_queued_start": 1585628315.763064, "device_queued": -1, "device_end": -1, "host_queued_end": 1585628315.78124}, "device": "cpu", "nd_range": {"device_start": 2296090.102221279, "device_end": 2296090.1080384604}, "cmdq": 0, "read": {"device_start": -1, "device_end": -1}}, "FFC_sans_bias46": {"write": {"device_start": -1, "host_queued_start": 1585628315.743999, "device_queued": -1, "device_end": -1, "host_queued_end": 1585628315.78124}, "device": "cpu", "nd_range": {"device_start": 2296090.026804325, "device_end": 2296090.0397183243}, "cmdq": 2, "read": {"device_start": -1, "device_end": -1}}, "FFC_sans_bias47": {"write": {"device_start": -1, "host_queued_start": 1585628315.745061, "device_queued": -1, "device_end": -1, "host_queued_end": 1585628315.78124}, "device": "cpu", "nd_range": {"device_start": 2296090.03280796, "device_end": 2296090.045859885}, "cmdq": 0, "read": {"device_start": -1, "device_end": -1}}, "FFC_sans_bias45": {"write": {"device_start": -1, "host_queued_start": 1585628315.742955, "device_queued": -1, "device_end": -1, "host_queued_end": 1585628315.78124}, "device": "cpu", "nd_range": {"device_start": 2296090.051199121, "device_end": 2296090.058840826}, "cmdq": 1, "read": {"device_start": -1, "device_end": -1}}, "FFC_sans_bias49": {"write": {"device_start": -1, "host_queued_start": 1585628315.763414, "device_queued": -1, "device_end": -1, "host_queued_end": 1585628315.78124}, "device": "cpu", "nd_range": {"device_start": 2296090.1419384102, "device_end": 2296090.152991287}, "cmdq": 1, "read": {"device_start": -1, "device_end": -1}}, "softmax77": {"write": {"device_start": -1, "host_queued_start": 1585628315.767311, "device_queued": -1, "device_end": -1, "host_queued_end": 1585628315.78124}, "device": "cpu", "nd_range": {"device_start": 2296090.16297448, "device_end": 2296090.1631815922}, "cmdq": 2, "read": {"device_start": -1, "device_end": -1}}, "empty134": {"write": {"device_start": 1585628249.1452143, "host_queued_start": 1585628315.687935, "device_queued": 1585628249.145114, "device_end": 1585628249.1452956, "host_queued_end": 1585628315.715207}, "device": "gpu", "nd_range": {"device_start": 1585628249.145322, "device_end": 1585628249.14536}, "cmdq": 1, "read": {"device_start": -1, "device_end": -1}}, "FFC_sans_bias119": {"write": {"device_start": 1585628249.1500304, "host_queued_start": 1585628315.700713, "device_queued": 1585628249.146428, "device_end": 1585628249.1500561, "host_queued_end": 1585628315.715207}, "device": "gpu", "nd_range": {"device_start": 1585628249.150061, "device_end": 1585628249.1513114}, "cmdq": 1, "read": {"device_start": -1, "device_end": -1}}, "FFC_sans_bias118": {"write": {"device_start": 1585628249.1495042, "host_queued_start": 1585628315.699636, "device_queued": 1585628249.146372, "device_end": 1585628249.149531, "host_queued_end": 1585628315.715207}, "device": "gpu", "nd_range": {"device_start": 1585628249.1495352, "device_end": 1585628249.1509051}, "cmdq": 0, "read": {"device_start": -1, "device_end": -1}}, "FFC_sans_bias115": {"write": {"device_start": 1585628249.158717, "host_queued_start": 1585628315.713006, "device_queued": 1585628249.1482153, "device_end": 1585628249.1587474, "host_queued_end": 1585628315.715207}, "device": "gpu", "nd_range": {"device_start": 1585628249.1587574, "device_end": 1585628249.159567}, "cmdq": 0, "read": {"device_start": 1585628249.1595714, "device_end": 1585628249.1595957}}, "FFC_sans_bias114": {"write": {"device_start": -1, "host_queued_start": 1585628315.709243, "device_queued": -1, "device_end": -1, "host_queued_end": 1585628315.715207}, "device": "gpu", "nd_range": {"device_start": 1585628249.155809, "device_end": 1585628249.1566036}, "cmdq": 1, "read": {"device_start": -1, "device_end": -1}}, "FFC_sans_bias117": {"write": {"device_start": 1585628249.1493359, "host_queued_start": 1585628315.698538, "device_queued": 1585628249.146225, "device_end": 1585628249.1493673, "host_queued_end": 1585628315.715207}, "device": "gpu", "nd_range": {"device_start": 1585628249.1493814, "device_end": 1585628249.1503286}, "cmdq": 2, "read": {"device_start": -1, "device_end": -1}}, "softmax5": {"write": {"device_start": -1, "host_queued_start": 1585628315.765087, "device_queued": -1, "device_end": -1, "host_queued_end": 1585628315.78124}, "device": "cpu", "nd_range": {"device_start": 2296090.129419602, "device_end": 2296090.130062194}, "cmdq": 0, "read": {"device_start": -1, "device_end": -1}}, "FFC_sans_bias110": {"write": {"device_start": 1585628249.1492407, "host_queued_start": 1585628315.697298, "device_queued": 1585628249.1461983, "device_end": 1585628249.1492956, "host_queued_end": 1585628315.715207}, "device": "gpu", "nd_range": {"device_start": 1585628249.1493099, "device_end": 1585628249.1499186}, "cmdq": 1, "read": {"device_start": -1, "device_end": -1}}, "FFC_sans_bias112": {"write": {"device_start": -1, "host_queued_start": 1585628315.706393, "device_queued": -1, "device_end": -1, "host_queued_end": 1585628315.715207}, "device": "gpu", "nd_range": {"device_start": 1585628249.153225, "device_end": 1585628249.1543784}, "cmdq": 0, "read": {"device_start": -1, "device_end": -1}}, "empty53": {"write": {"device_start": -1, "host_queued_start": 1585628315.721855, "device_queued": -1, "device_end": -1, "host_queued_end": 1585628315.78124}, "device": "cpu", "nd_range": {"device_start": 2296089.970931415, "device_end": 2296089.97093329}, "cmdq": 2, "read": {"device_start": -1, "device_end": -1}}, "coalesced_transpose48": {"write": {"device_start": -1, "host_queued_start": 1585628315.759876, "device_queued": -1, "device_end": -1, "host_queued_end": 1585628315.78124}, "device": "cpu", "nd_range": {"device_start": 2296090.0948716244, "device_end": 2296090.094987877}, "cmdq": 0, "read": {"device_start": -1, "device_end": -1}}}