{"FFC_sans_bias4": {"write": {"device_start": -1, "host_queued_start": 1585627855.916586, "device_queued": -1, "device_end": -1, "host_queued_end": 1585627855.945777}, "device": "gpu", "nd_range": {"device_start": 1585627789.4231026, "device_end": 1585627789.4237025}, "cmdq": 0, "read": {"device_start": -1, "device_end": -1}}, "FFC_sans_bias7": {"write": {"device_start": 1585627789.4555974, "host_queued_start": 1585627855.930923, "device_queued": 1585627789.395619, "device_end": 1585627789.4556215, "host_queued_end": 1585627855.945777}, "device": "gpu", "nd_range": {"device_start": 1585627789.4556663, "device_end": 1585627789.4562602}, "cmdq": 0, "read": {"device_start": 1585627789.4562619, "device_end": 1585627789.4562876}}, "FFC_sans_bias6": {"write": {"device_start": -1, "host_queued_start": 1585627855.925326, "device_queued": -1, "device_end": -1, "host_queued_end": 1585627855.945777}, "device": "gpu", "nd_range": {"device_start": 1585627789.4352698, "device_end": 1585627789.4358728}, "cmdq": 0, "read": {"device_start": -1, "device_end": -1}}, "FFC_sans_bias1": {"write": {"device_start": 1585627789.3905652, "host_queued_start": 1585627855.866013, "device_queued": 1585627789.388706, "device_end": 1585627789.3905935, "host_queued_end": 1585627855.945777}, "device": "gpu", "nd_range": {"device_start": 1585627789.3905995, "device_end": 1585627789.391195}, "cmdq": 0, "read": {"device_start": -1, "device_end": -1}}, "FFC_sans_bias0": {"write": {"device_start": 1585627789.3898537, "host_queued_start": 1585627855.864965, "device_queued": 1585627789.3885055, "device_end": 1585627789.3898773, "host_queued_end": 1585627855.945777}, "device": "gpu", "nd_range": {"device_start": 1585627789.3898816, "device_end": 1585627789.390481}, "cmdq": 0, "read": {"device_start": -1, "device_end": -1}}, "FFC_sans_bias2": {"write": {"device_start": 1585627789.3913114, "host_queued_start": 1585627855.867303, "device_queued": 1585627789.3887658, "device_end": 1585627789.3913352, "host_queued_end": 1585627855.945777}, "device": "gpu", "nd_range": {"device_start": 1585627789.391341, "device_end": 1585627789.391939}, "cmdq": 0, "read": {"device_start": -1, "device_end": -1}}, "coalesced_transpose120": {"write": {"device_start": -1, "host_queued_start": 1585627855.915966, "device_queued": -1, "device_end": -1, "host_queued_end": 1585627855.945777}, "device": "gpu", "nd_range": {"device_start": 1585627789.4230835, "device_end": 1585627789.423092}, "cmdq": 0, "read": {"device_start": -1, "device_end": -1}}, "FFC_sans_bias9": {"write": {"device_start": 1585627789.392093, "host_queued_start": 1585627855.868355, "device_queued": 1585627789.3889284, "device_end": 1585627789.3921168, "host_queued_end": 1585627855.945777}, "device": "gpu", "nd_range": {"device_start": 1585627789.3921232, "device_end": 1585627789.392719}, "cmdq": 0, "read": {"device_start": -1, "device_end": -1}}, "empty71": {"write": {"device_start": 1585627789.388819, "host_queued_start": 1585627855.858172, "device_queued": 1585627789.3879256, "device_end": 1585627789.3888419, "host_queued_end": 1585627855.945777}, "device": "gpu", "nd_range": {"device_start": 1585627789.3888447, "device_end": 1585627789.388848}, "cmdq": 0, "read": {"device_start": -1, "device_end": -1}}, "softmax41": {"write": {"device_start": -1, "host_queued_start": 1585627855.922452, "device_queued": -1, "device_end": -1, "host_queued_end": 1585627855.945777}, "device": "gpu", "nd_range": {"device_start": 1585627789.4329448, "device_end": 1585627789.433154}, "cmdq": 0, "read": {"device_start": -1, "device_end": -1}}, "FFC_sans_bias37": {"write": {"device_start": 1585627789.399454, "host_queued_start": 1585627855.878969, "device_queued": 1585627789.3899906, "device_end": 1585627789.399478, "host_queued_end": 1585627855.945777}, "device": "gpu", "nd_range": {"device_start": 1585627789.3994808, "device_end": 1585627789.4000695}, "cmdq": 0, "read": {"device_start": -1, "device_end": -1}}, "FFC_sans_bias36": {"write": {"device_start": 1585627789.3987112, "host_queued_start": 1585627855.877899, "device_queued": 1585627789.3898582, "device_end": 1585627789.3987405, "host_queued_end": 1585627855.945777}, "device": "gpu", "nd_range": {"device_start": 1585627789.3987489, "device_end": 1585627789.3993454}, "cmdq": 0, "read": {"device_start": -1, "device_end": -1}}, "FFC_sans_bias34": {"write": {"device_start": 1585627789.458934, "host_queued_start": 1585627855.934101, "device_queued": 1585627789.3959687, "device_end": 1585627789.4589624, "host_queued_end": 1585627855.945777}, "device": "gpu", "nd_range": {"device_start": 1585627789.459009, "device_end": 1585627789.4596076}, "cmdq": 0, "read": {"device_start": 1585627789.4596112, "device_end": 1585627789.459645}}, "FFC_sans_bias33": {"write": {"device_start": -1, "host_queued_start": 1585627855.926285, "device_queued": -1, "device_end": -1, "host_queued_end": 1585627855.945777}, "device": "gpu", "nd_range": {"device_start": 1585627789.4370756, "device_end": 1585627789.4376745}, "cmdq": 0, "read": {"device_start": -1, "device_end": -1}}, "FFC_sans_bias31": {"write": {"device_start": -1, "host_queued_start": 1585627855.917639, "device_queued": -1, "device_end": -1, "host_queued_end": 1585627855.945777}, "device": "gpu", "nd_range": {"device_start": 1585627789.4249008, "device_end": 1585627789.4254978}, "cmdq": 0, "read": {"device_start": -1, "device_end": -1}}, "FFC_sans_bias38": {"write": {"device_start": 1585627789.4001846, "host_queued_start": 1585627855.880014, "device_queued": 1585627789.3900208, "device_end": 1585627789.400214, "host_queued_end": 1585627855.945777}, "device": "gpu", "nd_range": {"device_start": 1585627789.4002166, "device_end": 1585627789.4008167}, "cmdq": 0, "read": {"device_start": -1, "device_end": -1}}, "coalesced_transpose75": {"write": {"device_start": -1, "host_queued_start": 1585627855.914428, "device_queued": -1, "device_end": -1, "host_queued_end": 1585627855.945777}, "device": "gpu", "nd_range": {"device_start": 1585627789.4230351, "device_end": 1585627789.4230437}, "cmdq": 0, "read": {"device_start": -1, "device_end": -1}}, "empty44": {"write": {"device_start": 1585627789.3882642, "host_queued_start": 1585627855.855685, "device_queued": 1585627789.3878126, "device_end": 1585627789.388287, "host_queued_end": 1585627855.945777}, "device": "gpu", "nd_range": {"device_start": 1585627789.3882968, "device_end": 1585627789.3883002}, "cmdq": 0, "read": {"device_start": -1, "device_end": -1}}, "empty8": {"write": {"device_start": 1585627789.387439, "host_queued_start": 1585627855.852086, "device_queued": 1585627789.387298, "device_end": 1585627789.387473, "host_queued_end": 1585627855.945777}, "device": "gpu", "nd_range": {"device_start": 1585627789.3874774, "device_end": 1585627789.387482}, "cmdq": 0, "read": {"device_start": -1, "device_end": -1}}, "softmax50": {"write": {"device_start": -1, "host_queued_start": 1585627855.92273, "device_queued": -1, "device_end": -1, "host_queued_end": 1585627855.945777}, "device": "gpu", "nd_range": {"device_start": 1585627789.433155, "device_end": 1585627789.4333656}, "cmdq": 0, "read": {"device_start": -1, "device_end": -1}}, "softmax59": {"write": {"device_start": -1, "host_queued_start": 1585627855.922977, "device_queued": -1, "device_end": -1, "host_queued_end": 1585627855.945777}, "device": "gpu", "nd_range": {"device_start": 1585627789.4333668, "device_end": 1585627789.4335773}, "cmdq": 0, "read": {"device_start": -1, "device_end": -1}}, "FFC_sans_bias24": {"write": {"device_start": -1, "host_queued_start": 1585627855.925969, "device_queued": -1, "device_end": -1, "host_queued_end": 1585627855.945777}, "device": "gpu", "nd_range": {"device_start": 1585627789.436475, "device_end": 1585627789.4370744}, "cmdq": 0, "read": {"device_start": -1, "device_end": -1}}, "FFC_sans_bias25": {"write": {"device_start": 1585627789.457409, "host_queued_start": 1585627855.933033, "device_queued": 1585627789.395893, "device_end": 1585627789.4574535, "host_queued_end": 1585627855.945777}, "device": "gpu", "nd_range": {"device_start": 1585627789.4575007, "device_end": 1585627789.4580977}, "cmdq": 0, "read": {"device_start": 1585627789.4581008, "device_end": 1585627789.4581244}}, "FFC_sans_bias27": {"write": {"device_start": 1585627789.3964963, "host_queued_start": 1585627855.874719, "device_queued": 1585627789.3895814, "device_end": 1585627789.3965194, "host_queued_end": 1585627855.945777}, "device": "gpu", "nd_range": {"device_start": 1585627789.3965237, "device_end": 1585627789.3971255}, "cmdq": 0, "read": {"device_start": -1, "device_end": -1}}, "FFC_sans_bias20": {"write": {"device_start": 1585627789.3957784, "host_queued_start": 1585627855.873655, "device_queued": 1585627789.3894298, "device_end": 1585627789.3958073, "host_queued_end": 1585627855.945777}, "device": "gpu", "nd_range": {"device_start": 1585627789.395816, "device_end": 1585627789.3964186}, "cmdq": 0, "read": {"device_start": -1, "device_end": -1}}, "FFC_sans_bias22": {"write": {"device_start": -1, "host_queued_start": 1585627855.917287, "device_queued": -1, "device_end": -1, "host_queued_end": 1585627855.945777}, "device": "gpu", "nd_range": {"device_start": 1585627789.4242995, "device_end": 1585627789.4248993}, "cmdq": 0, "read": {"device_start": -1, "device_end": -1}}, "FFC_sans_bias130": {"write": {"device_start": -1, "host_queued_start": 1585627855.921194, "device_queued": -1, "device_end": -1, "host_queued_end": 1585627855.945777}, "device": "gpu", "nd_range": {"device_start": 1585627789.4314938, "device_end": 1585627789.4320953}, "cmdq": 0, "read": {"device_start": -1, "device_end": -1}}, "FFC_sans_bias28": {"write": {"device_start": 1585627789.3972673, "host_queued_start": 1585627855.87576, "device_queued": 1585627789.3896334, "device_end": 1585627789.3972914, "host_queued_end": 1585627855.945777}, "device": "gpu", "nd_range": {"device_start": 1585627789.3972979, "device_end": 1585627789.3978887}, "cmdq": 0, "read": {"device_start": -1, "device_end": -1}}, "FFC_sans_bias29": {"write": {"device_start": 1585627789.3979862, "host_queued_start": 1585627855.876814, "device_queued": 1585627789.3898137, "device_end": 1585627789.3980148, "host_queued_end": 1585627855.945777}, "device": "gpu", "nd_range": {"device_start": 1585627789.3980238, "device_end": 1585627789.3986208}, "cmdq": 0, "read": {"device_start": -1, "device_end": -1}}, "coalesced_transpose66": {"write": {"device_start": -1, "host_queued_start": 1585627855.914122, "device_queued": -1, "device_end": -1, "host_queued_end": 1585627855.945777}, "device": "gpu", "nd_range": {"device_start": 1585627789.4230258, "device_end": 1585627789.423034}, "cmdq": 0, "read": {"device_start": -1, "device_end": -1}}, "coalesced_transpose93": {"write": {"device_start": -1, "host_queued_start": 1585627855.915047, "device_queued": -1, "device_end": -1, "host_queued_end": 1585627855.945777}, "device": "gpu", "nd_range": {"device_start": 1585627789.4230545, "device_end": 1585627789.4230626}, "cmdq": 0, "read": {"device_start": -1, "device_end": -1}}, "softmax23": {"write": {"device_start": -1, "host_queued_start": 1585627855.921954, "device_queued": -1, "device_end": -1, "host_queued_end": 1585627855.945777}, "device": "gpu", "nd_range": {"device_start": 1585627789.4325225, "device_end": 1585627789.4327326}, "cmdq": 0, "read": {"device_start": -1, "device_end": -1}}, "empty62": {"write": {"device_start": 1585627789.3886728, "host_queued_start": 1585627855.857333, "device_queued": 1585627789.3878958, "device_end": 1585627789.3887017, "host_queued_end": 1585627855.945777}, "device": "gpu", "nd_range": {"device_start": 1585627789.3887095, "device_end": 1585627789.3887196}, "cmdq": 0, "read": {"device_start": -1, "device_end": -1}}, "FFC_sans_bias10": {"write": {"device_start": 1585627789.3928406, "host_queued_start": 1585627855.869398, "device_queued": 1585627789.3889651, "device_end": 1585627789.3928638, "host_queued_end": 1585627855.945777}, "device": "gpu", "nd_range": {"device_start": 1585627789.3928697, "device_end": 1585627789.3934674}, "cmdq": 0, "read": {"device_start": -1, "device_end": -1}}, "FFC_sans_bias13": {"write": {"device_start": -1, "host_queued_start": 1585627855.916943, "device_queued": -1, "device_end": -1, "host_queued_end": 1585627855.945777}, "device": "gpu", "nd_range": {"device_start": 1585627789.4237037, "device_end": 1585627789.424298}, "cmdq": 0, "read": {"device_start": -1, "device_end": -1}}, "FFC_sans_bias15": {"write": {"device_start": -1, "host_queued_start": 1585627855.925645, "device_queued": -1, "device_end": -1, "host_queued_end": 1585627855.945777}, "device": "gpu", "nd_range": {"device_start": 1585627789.435874, "device_end": 1585627789.4364738}, "cmdq": 0, "read": {"device_start": -1, "device_end": -1}}, "FFC_sans_bias16": {"write": {"device_start": 1585627789.4564958, "host_queued_start": 1585627855.931986, "device_queued": 1585627789.395708, "device_end": 1585627789.456538, "host_queued_end": 1585627855.945777}, "device": "gpu", "nd_range": {"device_start": 1585627789.4565945, "device_end": 1585627789.45719}, "cmdq": 0, "read": {"device_start": 1585627789.4571984, "device_end": 1585627789.4572208}}, "FFC_sans_bias19": {"write": {"device_start": 1585627789.3950124, "host_queued_start": 1585627855.872604, "device_queued": 1585627789.3893912, "device_end": 1585627789.3950412, "host_queued_end": 1585627855.945777}, "device": "gpu", "nd_range": {"device_start": 1585627789.3950546, "device_end": 1585627789.395652}, "cmdq": 0, "read": {"device_start": -1, "device_end": -1}}, "FFC_sans_bias18": {"write": {"device_start": 1585627789.3942904, "host_queued_start": 1585627855.871566, "device_queued": 1585627789.3892112, "device_end": 1585627789.3943138, "host_queued_end": 1585627855.945777}, "device": "gpu", "nd_range": {"device_start": 1585627789.3943198, "device_end": 1585627789.3949177}, "cmdq": 0, "read": {"device_start": -1, "device_end": -1}}, "FFC_sans_bias99": {"write": {"device_start": 1585627789.4142268, "host_queued_start": 1585627855.900007, "device_queued": 1585627789.3918085, "device_end": 1585627789.4142497, "host_queued_end": 1585627855.945777}, "device": "gpu", "nd_range": {"device_start": 1585627789.4142542, "device_end": 1585627789.4148512}, "cmdq": 0, "read": {"device_start": -1, "device_end": -1}}, "FFC_sans_bias91": {"write": {"device_start": 1585627789.4128363, "host_queued_start": 1585627855.897897, "device_queued": 1585627789.3916125, "device_end": 1585627789.4128592, "host_queued_end": 1585627855.945777}, "device": "gpu", "nd_range": {"device_start": 1585627789.4128635, "device_end": 1585627789.4133675}, "cmdq": 0, "read": {"device_start": -1, "device_end": -1}}, "FFC_sans_bias90": {"write": {"device_start": 1585627789.4120958, "host_queued_start": 1585627855.896822, "device_queued": 1585627789.3914726, "device_end": 1585627789.4121187, "host_queued_end": 1585627855.945777}, "device": "gpu", "nd_range": {"device_start": 1585627789.4121253, "device_end": 1585627789.4127202}, "cmdq": 0, "read": {"device_start": -1, "device_end": -1}}, "coalesced_transpose12": {"write": {"device_start": -1, "host_queued_start": 1585627855.912291, "device_queued": -1, "device_end": -1, "host_queued_end": 1585627855.945777}, "device": "gpu", "nd_range": {"device_start": 1585627789.4229684, "device_end": 1585627789.4229772}, "cmdq": 0, "read": {"device_start": -1, "device_end": -1}}, "FFC_sans_bias94": {"write": {"device_start": -1, "host_queued_start": 1585627855.919901, "device_queued": -1, "device_end": -1, "host_queued_end": 1585627855.945777}, "device": "gpu", "nd_range": {"device_start": 1585627789.4290943, "device_end": 1585627789.4296927}, "cmdq": 0, "read": {"device_start": -1, "device_end": -1}}, "FFC_sans_bias97": {"write": {"device_start": 1585627789.4649646, "host_queued_start": 1585627855.941463, "device_queued": 1585627789.3968062, "device_end": 1585627789.4650414, "host_queued_end": 1585627855.945777}, "device": "gpu", "nd_range": {"device_start": 1585627789.4650877, "device_end": 1585627789.4656835}, "cmdq": 0, "read": {"device_start": 1585627789.4656918, "device_end": 1585627789.4657962}}, "FFC_sans_bias96": {"write": {"device_start": -1, "host_queued_start": 1585627855.928619, "device_queued": -1, "device_end": -1, "host_queued_end": 1585627855.945777}, "device": "gpu", "nd_range": {"device_start": 1585627789.4412723, "device_end": 1585627789.4418747}, "cmdq": 0, "read": {"device_start": -1, "device_end": -1}}, "FFC_sans_bias124": {"write": {"device_start": 1585627789.4678686, "host_queued_start": 1585627855.944623, "device_queued": 1585627789.3970606, "device_end": 1585627789.467906, "host_queued_end": 1585627855.945777}, "device": "gpu", "nd_range": {"device_start": 1585627789.46796, "device_end": 1585627789.468564}, "cmdq": 0, "read": {"device_start": 1585627789.468567, "device_end": 1585627789.468591}}, "FFC_sans_bias126": {"write": {"device_start": 1585627789.4215934, "host_queued_start": 1585627855.910516, "device_queued": 1585627789.392802, "device_end": 1585627789.4216166, "host_queued_end": 1585627855.945777}, "device": "gpu", "nd_range": {"device_start": 1585627789.4216208, "device_end": 1585627789.4222195}, "cmdq": 0, "read": {"device_start": -1, "device_end": -1}}, "softmax32": {"write": {"device_start": -1, "host_queued_start": 1585627855.922201, "device_queued": -1, "device_end": -1, "host_queued_end": 1585627855.945777}, "device": "gpu", "nd_range": {"device_start": 1585627789.4327338, "device_end": 1585627789.4329438}, "cmdq": 0, "read": {"device_start": -1, "device_end": -1}}, "coalesced_transpose84": {"write": {"device_start": -1, "host_queued_start": 1585627855.914741, "device_queued": -1, "device_end": -1, "host_queued_end": 1585627855.945777}, "device": "gpu", "nd_range": {"device_start": 1585627789.423045, "device_end": 1585627789.4230535}, "cmdq": 0, "read": {"device_start": -1, "device_end": -1}}, "FFC_sans_bias121": {"write": {"device_start": -1, "host_queued_start": 1585627855.920876, "device_queued": -1, "device_end": -1, "host_queued_end": 1585627855.945777}, "device": "gpu", "nd_range": {"device_start": 1585627789.4308968, "device_end": 1585627789.4314926}, "cmdq": 0, "read": {"device_start": -1, "device_end": -1}}, "empty98": {"write": {"device_start": 1585627789.3892384, "host_queued_start": 1585627855.860676, "device_queued": 1585627789.3881955, "device_end": 1585627789.3892615, "host_queued_end": 1585627855.945777}, "device": "gpu", "nd_range": {"device_start": 1585627789.3892663, "device_end": 1585627789.3892758}, "cmdq": 0, "read": {"device_start": -1, "device_end": -1}}, "empty107": {"write": {"device_start": 1585627789.389369, "host_queued_start": 1585627855.861495, "device_queued": 1585627789.388233, "device_end": 1585627789.3893921, "host_queued_end": 1585627855.945777}, "device": "gpu", "nd_range": {"device_start": 1585627789.389395, "device_end": 1585627789.3893986}, "cmdq": 0, "read": {"device_start": -1, "device_end": -1}}, "empty17": {"write": {"device_start": 1585627789.3876154, "host_queued_start": 1585627855.85321, "device_queued": 1585627789.3874984, "device_end": 1585627789.3876393, "host_queued_end": 1585627855.945777}, "device": "gpu", "nd_range": {"device_start": 1585627789.387649, "device_end": 1585627789.3876524}, "cmdq": 0, "read": {"device_start": -1, "device_end": -1}}, "FFC_sans_bias87": {"write": {"device_start": -1, "host_queued_start": 1585627855.928303, "device_queued": -1, "device_end": -1, "host_queued_end": 1585627855.945777}, "device": "gpu", "nd_range": {"device_start": 1585627789.440674, "device_end": 1585627789.441271}, "cmdq": 0, "read": {"device_start": -1, "device_end": -1}}, "FFC_sans_bias85": {"write": {"device_start": -1, "host_queued_start": 1585627855.919585, "device_queued": -1, "device_end": -1, "host_queued_end": 1585627855.945777}, "device": "gpu", "nd_range": {"device_start": 1585627789.4284947, "device_end": 1585627789.4290931}, "cmdq": 0, "read": {"device_start": -1, "device_end": -1}}, "FFC_sans_bias82": {"write": {"device_start": 1585627789.4106205, "host_queued_start": 1585627855.894683, "device_queued": 1585627789.391308, "device_end": 1585627789.4106436, "host_queued_end": 1585627855.945777}, "device": "gpu", "nd_range": {"device_start": 1585627789.4106476, "device_end": 1585627789.411237}, "cmdq": 0, "read": {"device_start": -1, "device_end": -1}}, "FFC_sans_bias83": {"write": {"device_start": 1585627789.4113545, "host_queued_start": 1585627855.895771, "device_queued": 1585627789.39144, "device_end": 1585627789.411378, "host_queued_end": 1585627855.945777}, "device": "gpu", "nd_range": {"device_start": 1585627789.4113808, "device_end": 1585627789.4119804}, "cmdq": 0, "read": {"device_start": -1, "device_end": -1}}, "FFC_sans_bias81": {"write": {"device_start": 1585627789.4098706, "host_queued_start": 1585627855.893639, "device_queued": 1585627789.3912506, "device_end": 1585627789.4098942, "host_queued_end": 1585627855.945777}, "device": "gpu", "nd_range": {"device_start": 1585627789.4099033, "device_end": 1585627789.4104984}, "cmdq": 0, "read": {"device_start": -1, "device_end": -1}}, "FFC_sans_bias88": {"write": {"device_start": 1585627789.4640362, "host_queued_start": 1585627855.940422, "device_queued": 1585627789.3966627, "device_end": 1585627789.4640837, "host_queued_end": 1585627855.945777}, "device": "gpu", "nd_range": {"device_start": 1585627789.4641361, "device_end": 1585627789.4647315}, "cmdq": 0, "read": {"device_start": 1585627789.4647384, "device_end": 1585627789.4647648}}, "coalesced_transpose30": {"write": {"device_start": -1, "host_queued_start": 1585627855.912908, "device_queued": -1, "device_end": -1, "host_queued_end": 1585627855.945777}, "device": "gpu", "nd_range": {"device_start": 1585627789.4229875, "device_end": 1585627789.4229958}, "cmdq": 0, "read": {"device_start": -1, "device_end": -1}}, "FFC_sans_bias128": {"write": {"device_start": 1585627789.4208603, "host_queued_start": 1585627855.909477, "device_queued": 1585627789.392654, "device_end": 1585627789.420884, "host_queued_end": 1585627855.945777}, "device": "gpu", "nd_range": {"device_start": 1585627789.4208877, "device_end": 1585627789.4214795}, "cmdq": 0, "read": {"device_start": -1, "device_end": -1}}, "coalesced_transpose39": {"write": {"device_start": -1, "host_queued_start": 1585627855.913209, "device_queued": -1, "device_end": -1, "host_queued_end": 1585627855.945777}, "device": "gpu", "nd_range": {"device_start": 1585627789.422997, "device_end": 1585627789.423005}, "cmdq": 0, "read": {"device_start": -1, "device_end": -1}}, "FFC_sans_bias79": {"write": {"device_start": 1585627789.4631746, "host_queued_start": 1585627855.939381, "device_queued": 1585627789.3966095, "device_end": 1585627789.4632108, "host_queued_end": 1585627855.945777}, "device": "gpu", "nd_range": {"device_start": 1585627789.4632154, "device_end": 1585627789.4638126}, "cmdq": 0, "read": {"device_start": 1585627789.4638188, "device_end": 1585627789.4638448}}, "FFC_sans_bias78": {"write": {"device_start": -1, "host_queued_start": 1585627855.927981, "device_queued": -1, "device_end": -1, "host_queued_end": 1585627855.945777}, "device": "gpu", "nd_range": {"device_start": 1585627789.4400723, "device_end": 1585627789.4406729}, "cmdq": 0, "read": {"device_start": -1, "device_end": -1}}, "FFC_sans_bias73": {"write": {"device_start": 1585627789.408347, "host_queued_start": 1585627855.891543, "device_queued": 1585627789.3910413, "device_end": 1585627789.408376, "host_queued_end": 1585627855.945777}, "device": "gpu", "nd_range": {"device_start": 1585627789.4083846, "device_end": 1585627789.4089825}, "cmdq": 0, "read": {"device_start": -1, "device_end": -1}}, "FFC_sans_bias72": {"write": {"device_start": 1585627789.4076097, "host_queued_start": 1585627855.890493, "device_queued": 1585627789.3909009, "device_end": 1585627789.4076326, "host_queued_end": 1585627855.945777}, "device": "gpu", "nd_range": {"device_start": 1585627789.407639, "device_end": 1585627789.4082403}, "cmdq": 0, "read": {"device_start": -1, "device_end": -1}}, "FFC_sans_bias70": {"write": {"device_start": 1585627789.4623275, "host_queued_start": 1585627855.938327, "device_queued": 1585627789.396412, "device_end": 1585627789.4623575, "host_queued_end": 1585627855.945777}, "device": "gpu", "nd_range": {"device_start": 1585627789.4623635, "device_end": 1585627789.462961}, "cmdq": 0, "read": {"device_start": 1585627789.46297, "device_end": 1585627789.463005}}, "FFC_sans_bias76": {"write": {"device_start": -1, "host_queued_start": 1585627855.919269, "device_queued": -1, "device_end": -1, "host_queued_end": 1585627855.945777}, "device": "gpu", "nd_range": {"device_start": 1585627789.4278939, "device_end": 1585627789.4284937}, "cmdq": 0, "read": {"device_start": -1, "device_end": -1}}, "FFC_sans_bias74": {"write": {"device_start": 1585627789.4091098, "host_queued_start": 1585627855.892597, "device_queued": 1585627789.39109, "device_end": 1585627789.4091387, "host_queued_end": 1585627855.945777}, "device": "gpu", "nd_range": {"device_start": 1585627789.4091475, "device_end": 1585627789.409749}, "cmdq": 0, "read": {"device_start": -1, "device_end": -1}}, "coalesced_transpose102": {"write": {"device_start": -1, "host_queued_start": 1585627855.915353, "device_queued": -1, "device_end": -1, "host_queued_end": 1585627855.945777}, "device": "gpu", "nd_range": {"device_start": 1585627789.423064, "device_end": 1585627789.423072}, "cmdq": 0, "read": {"device_start": -1, "device_end": -1}}, "coalesced_transpose3": {"write": {"device_start": -1, "host_queued_start": 1585627855.911981, "device_queued": -1, "device_end": -1, "host_queued_end": 1585627855.945777}, "device": "gpu", "nd_range": {"device_start": 1585627789.4229574, "device_end": 1585627789.422967}, "cmdq": 0, "read": {"device_start": -1, "device_end": -1}}, "FFC_sans_bias127": {"write": {"device_start": 1585627789.4223337, "host_queued_start": 1585627855.911555, "device_queued": 1585627789.3928413, "device_end": 1585627789.4223568, "host_queued_end": 1585627855.945777}, "device": "gpu", "nd_range": {"device_start": 1585627789.4223611, "device_end": 1585627789.4229565}, "cmdq": 0, "read": {"device_start": -1, "device_end": -1}}, "empty89": {"write": {"device_start": 1585627789.389103, "host_queued_start": 1585627855.859856, "device_queued": 1585627789.3881502, "device_end": 1585627789.389125, "host_queued_end": 1585627855.945777}, "device": "gpu", "nd_range": {"device_start": 1585627789.3891342, "device_end": 1585627789.389138}, "cmdq": 0, "read": {"device_start": -1, "device_end": -1}}, "FFC_sans_bias123": {"write": {"device_start": -1, "host_queued_start": 1585627855.929571, "device_queued": -1, "device_end": -1, "host_queued_end": 1585627855.945777}, "device": "gpu", "nd_range": {"device_start": 1585627789.4432943, "device_end": 1585627789.443896}, "cmdq": 0, "read": {"device_start": -1, "device_end": -1}}, "empty80": {"write": {"device_start": 1585627789.3889706, "host_queued_start": 1585627855.859033, "device_queued": 1585627789.388108, "device_end": 1585627789.388994, "host_queued_end": 1585627855.945777}, "device": "gpu", "nd_range": {"device_start": 1585627789.3889992, "device_end": 1585627789.3890028}, "cmdq": 0, "read": {"device_start": -1, "device_end": -1}}, "empty116": {"write": {"device_start": 1585627789.3894992, "host_queued_start": 1585627855.862315, "device_queued": 1585627789.3883946, "device_end": 1585627789.389522, "host_queued_end": 1585627855.945777}, "device": "gpu", "nd_range": {"device_start": 1585627789.3895273, "device_end": 1585627789.389531}, "cmdq": 0, "read": {"device_start": -1, "device_end": -1}}, "softmax104": {"write": {"device_start": -1, "host_queued_start": 1585627855.924269, "device_queued": -1, "device_end": -1, "host_queued_end": 1585627855.945777}, "device": "gpu", "nd_range": {"device_start": 1585627789.434424, "device_end": 1585627789.4346335}, "cmdq": 0, "read": {"device_start": -1, "device_end": -1}}, "coalesced_transpose21": {"write": {"device_start": -1, "host_queued_start": 1585627855.912602, "device_queued": -1, "device_end": -1, "host_queued_end": 1585627855.945777}, "device": "gpu", "nd_range": {"device_start": 1585627789.4229782, "device_end": 1585627789.4229863}, "cmdq": 0, "read": {"device_start": -1, "device_end": -1}}, "softmax14": {"write": {"device_start": -1, "host_queued_start": 1585627855.921707, "device_queued": -1, "device_end": -1, "host_queued_end": 1585627855.945777}, "device": "gpu", "nd_range": {"device_start": 1585627789.4323108, "device_end": 1585627789.4325209}, "cmdq": 0, "read": {"device_start": -1, "device_end": -1}}, "FFC_sans_bias69": {"write": {"device_start": -1, "host_queued_start": 1585627855.927651, "device_queued": -1, "device_end": -1, "host_queued_end": 1585627855.945777}, "device": "gpu", "nd_range": {"device_start": 1585627789.4394815, "device_end": 1585627789.4400713}, "cmdq": 0, "read": {"device_start": -1, "device_end": -1}}, "FFC_sans_bias92": {"write": {"device_start": 1585627789.4134824, "host_queued_start": 1585627855.898952, "device_queued": 1585627789.3916645, "device_end": 1585627789.413505, "host_queued_end": 1585627855.945777}, "device": "gpu", "nd_range": {"device_start": 1585627789.4135118, "device_end": 1585627789.4141116}, "cmdq": 0, "read": {"device_start": -1, "device_end": -1}}, "FFC_sans_bias60": {"write": {"device_start": -1, "host_queued_start": 1585627855.92733, "device_queued": -1, "device_end": -1, "host_queued_end": 1585627855.945777}, "device": "gpu", "nd_range": {"device_start": 1585627789.4388793, "device_end": 1585627789.4394796}, "cmdq": 0, "read": {"device_start": -1, "device_end": -1}}, "FFC_sans_bias61": {"write": {"device_start": 1585627789.4614913, "host_queued_start": 1585627855.937259, "device_queued": 1585627789.3963578, "device_end": 1585627789.461523, "host_queued_end": 1585627855.945777}, "device": "gpu", "nd_range": {"device_start": 1585627789.4615257, "device_end": 1585627789.4621234}, "cmdq": 0, "read": {"device_start": 1585627789.462131, "device_end": 1585627789.462164}}, "FFC_sans_bias63": {"write": {"device_start": 1585627789.4068465, "host_queued_start": 1585627855.88945, "device_queued": 1585627789.390846, "device_end": 1585627789.4068758, "host_queued_end": 1585627855.945777}, "device": "gpu", "nd_range": {"device_start": 1585627789.4068844, "device_end": 1585627789.407495}, "cmdq": 0, "read": {"device_start": -1, "device_end": -1}}, "FFC_sans_bias64": {"write": {"device_start": 1585627789.4053538, "host_queued_start": 1585627855.887352, "device_queued": 1585627789.3906696, "device_end": 1585627789.4053833, "host_queued_end": 1585627855.945777}, "device": "gpu", "nd_range": {"device_start": 1585627789.4053864, "device_end": 1585627789.4059942}, "cmdq": 0, "read": {"device_start": -1, "device_end": -1}}, "FFC_sans_bias65": {"write": {"device_start": 1585627789.4061031, "host_queued_start": 1585627855.888409, "device_queued": 1585627789.3907082, "device_end": 1585627789.4061313, "host_queued_end": 1585627855.945777}, "device": "gpu", "nd_range": {"device_start": 1585627789.4061413, "device_end": 1585627789.4067385}, "cmdq": 0, "read": {"device_start": -1, "device_end": -1}}, "FFC_sans_bias67": {"write": {"device_start": -1, "host_queued_start": 1585627855.918955, "device_queued": -1, "device_end": -1, "host_queued_end": 1585627855.945777}, "device": "gpu", "nd_range": {"device_start": 1585627789.4273036, "device_end": 1585627789.427893}, "cmdq": 0, "read": {"device_start": -1, "device_end": -1}}, "coalesced_transpose111": {"write": {"device_start": -1, "host_queued_start": 1585627855.91566, "device_queued": -1, "device_end": -1, "host_queued_end": 1585627855.945777}, "device": "gpu", "nd_range": {"device_start": 1585627789.4230733, "device_end": 1585627789.4230816}, "cmdq": 0, "read": {"device_start": -1, "device_end": -1}}, "FFC_sans_bias133": {"write": {"device_start": 1585627789.4687865, "host_queued_start": 1585627855.945666, "device_queued": 1585627789.3972497, "device_end": 1585627789.4688287, "host_queued_end": 1585627855.945777}, "device": "gpu", "nd_range": {"device_start": 1585627789.4688754, "device_end": 1585627789.469473}, "cmdq": 0, "read": {"device_start": 1585627789.4694786, "device_end": 1585627789.4695005}}, "FFC_sans_bias132": {"write": {"device_start": -1, "host_queued_start": 1585627855.929897, "device_queued": -1, "device_end": -1, "host_queued_end": 1585627855.945777}, "device": "gpu", "nd_range": {"device_start": 1585627789.4438977, "device_end": 1585627789.4444926}, "cmdq": 0, "read": {"device_start": -1, "device_end": -1}}, "softmax68": {"write": {"device_start": -1, "host_queued_start": 1585627855.923225, "device_queued": -1, "device_end": -1, "host_queued_end": 1585627855.945777}, "device": "gpu", "nd_range": {"device_start": 1585627789.4335792, "device_end": 1585627789.4337888}, "cmdq": 0, "read": {"device_start": -1, "device_end": -1}}, "softmax131": {"write": {"device_start": -1, "host_queued_start": 1585627855.924999, "device_queued": -1, "device_end": -1, "host_queued_end": 1585627855.945777}, "device": "gpu", "nd_range": {"device_start": 1585627789.4350579, "device_end": 1585627789.4352686}, "cmdq": 0, "read": {"device_start": -1, "device_end": -1}}, "empty125": {"write": {"device_start": 1585627789.3896363, "host_queued_start": 1585627855.863159, "device_queued": 1585627789.388447, "device_end": 1585627789.3896596, "host_queued_end": 1585627855.945777}, "device": "gpu", "nd_range": {"device_start": 1585627789.3896646, "device_end": 1585627789.3896682}, "cmdq": 0, "read": {"device_start": -1, "device_end": -1}}, "empty35": {"write": {"device_start": 1585627789.3881078, "host_queued_start": 1585627855.854876, "device_queued": 1585627789.3875992, "device_end": 1585627789.3881314, "host_queued_end": 1585627855.945777}, "device": "gpu", "nd_range": {"device_start": 1585627789.3881347, "device_end": 1585627789.3881435}, "cmdq": 0, "read": {"device_start": -1, "device_end": -1}}, "softmax86": {"write": {"device_start": -1, "host_queued_start": 1585627855.923766, "device_queued": -1, "device_end": -1, "host_queued_end": 1585627855.945777}, "device": "gpu", "nd_range": {"device_start": 1585627789.4340014, "device_end": 1585627789.4342115}, "cmdq": 0, "read": {"device_start": -1, "device_end": -1}}, "FFC_sans_bias55": {"write": {"device_start": 1585627789.4046023, "host_queued_start": 1585627855.886289, "device_queued": 1585627789.3904881, "device_end": 1585627789.4046316, "host_queued_end": 1585627855.945777}, "device": "gpu", "nd_range": {"device_start": 1585627789.40464, "device_end": 1585627789.405238}, "cmdq": 0, "read": {"device_start": -1, "device_end": -1}}, "FFC_sans_bias54": {"write": {"device_start": 1585627789.4038527, "host_queued_start": 1585627855.885243, "device_queued": 1585627789.3904572, "device_end": 1585627789.403882, "host_queued_end": 1585627855.945777}, "device": "gpu", "nd_range": {"device_start": 1585627789.4038904, "device_end": 1585627789.4044938}, "cmdq": 0, "read": {"device_start": -1, "device_end": -1}}, "FFC_sans_bias56": {"write": {"device_start": 1585627789.403191, "host_queued_start": 1585627855.884203, "device_queued": 1585627789.390331, "device_end": 1585627789.4032214, "host_queued_end": 1585627855.945777}, "device": "gpu", "nd_range": {"device_start": 1585627789.403227, "device_end": 1585627789.4037325}, "cmdq": 0, "read": {"device_start": -1, "device_end": -1}}, "FFC_sans_bias51": {"write": {"device_start": -1, "host_queued_start": 1585627855.927014, "device_queued": -1, "device_end": -1, "host_queued_end": 1585627855.945777}, "device": "gpu", "nd_range": {"device_start": 1585627789.438274, "device_end": 1585627789.4388783}, "cmdq": 0, "read": {"device_start": -1, "device_end": -1}}, "FFC_sans_bias52": {"write": {"device_start": 1585627789.4606555, "host_queued_start": 1585627855.936195, "device_queued": 1585627789.3962128, "device_end": 1585627789.4606855, "host_queued_end": 1585627855.945777}, "device": "gpu", "nd_range": {"device_start": 1585627789.4606893, "device_end": 1585627789.461287}, "cmdq": 0, "read": {"device_start": 1585627789.4612956, "device_end": 1585627789.4613276}}, "FFC_sans_bias58": {"write": {"device_start": -1, "host_queued_start": 1585627855.918632, "device_queued": -1, "device_end": -1, "host_queued_end": 1585627855.945777}, "device": "gpu", "nd_range": {"device_start": 1585627789.4267027, "device_end": 1585627789.4273026}, "cmdq": 0, "read": {"device_start": -1, "device_end": -1}}, "FFC_sans_bias108": {"write": {"device_start": 1585627789.4164407, "host_queued_start": 1585627855.903149, "device_queued": 1585627789.3920934, "device_end": 1585627789.4164643, "host_queued_end": 1585627855.945777}, "device": "gpu", "nd_range": {"device_start": 1585627789.4164681, "device_end": 1585627789.4170687}, "cmdq": 0, "read": {"device_start": -1, "device_end": -1}}, "FFC_sans_bias109": {"write": {"device_start": 1585627789.417178, "host_queued_start": 1585627855.904184, "device_queued": 1585627789.3922892, "device_end": 1585627789.4172008, "host_queued_end": 1585627855.945777}, "device": "gpu", "nd_range": {"device_start": 1585627789.4172053, "device_end": 1585627789.4177938}, "cmdq": 0, "read": {"device_start": -1, "device_end": -1}}, "coalesced_transpose129": {"write": {"device_start": -1, "host_queued_start": 1585627855.916271, "device_queued": -1, "device_end": -1, "host_queued_end": 1585627855.945777}, "device": "gpu", "nd_range": {"device_start": 1585627789.423093, "device_end": 1585627789.4231014}, "cmdq": 0, "read": {"device_start": -1, "device_end": -1}}, "FFC_sans_bias103": {"write": {"device_start": -1, "host_queued_start": 1585627855.920238, "device_queued": -1, "device_end": -1, "host_queued_end": 1585627855.945777}, "device": "gpu", "nd_range": {"device_start": 1585627789.4296947, "device_end": 1585627789.4302864}, "cmdq": 0, "read": {"device_start": -1, "device_end": -1}}, "FFC_sans_bias100": {"write": {"device_start": 1585627789.414964, "host_queued_start": 1585627855.901062, "device_queued": 1585627789.391859, "device_end": 1585627789.4149878, "host_queued_end": 1585627855.945777}, "device": "gpu", "nd_range": {"device_start": 1585627789.4149914, "device_end": 1585627789.4155865}, "cmdq": 0, "read": {"device_start": -1, "device_end": -1}}, "FFC_sans_bias101": {"write": {"device_start": 1585627789.4157004, "host_queued_start": 1585627855.902104, "device_queued": 1585627789.3920538, "device_end": 1585627789.415723, "host_queued_end": 1585627855.945777}, "device": "gpu", "nd_range": {"device_start": 1585627789.4157276, "device_end": 1585627789.4163244}, "cmdq": 0, "read": {"device_start": -1, "device_end": -1}}, "FFC_sans_bias106": {"write": {"device_start": 1585627789.4660082, "host_queued_start": 1585627855.942524, "device_queued": 1585627789.3968613, "device_end": 1585627789.4660528, "host_queued_end": 1585627855.945777}, "device": "gpu", "nd_range": {"device_start": 1585627789.466108, "device_end": 1585627789.4667058}, "cmdq": 0, "read": {"device_start": 1585627789.4667084, "device_end": 1585627789.4667332}}, "softmax122": {"write": {"device_start": -1, "host_queued_start": 1585627855.924757, "device_queued": -1, "device_end": -1, "host_queued_end": 1585627855.945777}, "device": "gpu", "nd_range": {"device_start": 1585627789.4348462, "device_end": 1585627789.4350564}, "cmdq": 0, "read": {"device_start": -1, "device_end": -1}}, "FFC_sans_bias105": {"write": {"device_start": -1, "host_queued_start": 1585627855.928937, "device_queued": -1, "device_end": -1, "host_queued_end": 1585627855.945777}, "device": "gpu", "nd_range": {"device_start": 1585627789.4418762, "device_end": 1585627789.44268}, "cmdq": 0, "read": {"device_start": -1, "device_end": -1}}, "softmax95": {"write": {"device_start": -1, "host_queued_start": 1585627855.92402, "device_queued": -1, "device_end": -1, "host_queued_end": 1585627855.945777}, "device": "gpu", "nd_range": {"device_start": 1585627789.4342124, "device_end": 1585627789.434423}, "cmdq": 0, "read": {"device_start": -1, "device_end": -1}}, "coalesced_transpose57": {"write": {"device_start": -1, "host_queued_start": 1585627855.913815, "device_queued": -1, "device_end": -1, "host_queued_end": 1585627855.945777}, "device": "gpu", "nd_range": {"device_start": 1585627789.4230154, "device_end": 1585627789.4230242}, "cmdq": 0, "read": {"device_start": -1, "device_end": -1}}, "empty26": {"write": {"device_start": 1585627789.3879244, "host_queued_start": 1585627855.854033, "device_queued": 1585627789.387553, "device_end": 1585627789.3879483, "host_queued_end": 1585627855.945777}, "device": "gpu", "nd_range": {"device_start": 1585627789.3879583, "device_end": 1585627789.387962}, "cmdq": 0, "read": {"device_start": -1, "device_end": -1}}, "softmax113": {"write": {"device_start": -1, "host_queued_start": 1585627855.924513, "device_queued": -1, "device_end": -1, "host_queued_end": 1585627855.945777}, "device": "gpu", "nd_range": {"device_start": 1585627789.4346347, "device_end": 1585627789.4348447}, "cmdq": 0, "read": {"device_start": -1, "device_end": -1}}, "FFC_sans_bias11": {"write": {"device_start": 1585627789.3935611, "host_queued_start": 1585627855.870449, "device_queued": 1585627789.3891642, "device_end": 1585627789.3935847, "host_queued_end": 1585627855.945777}, "device": "gpu", "nd_range": {"device_start": 1585627789.3936007, "device_end": 1585627789.3941975}, "cmdq": 0, "read": {"device_start": -1, "device_end": -1}}, "FFC_sans_bias42": {"write": {"device_start": -1, "host_queued_start": 1585627855.926693, "device_queued": -1, "device_end": -1, "host_queued_end": 1585627855.945777}, "device": "gpu", "nd_range": {"device_start": 1585627789.437676, "device_end": 1585627789.438273}, "cmdq": 0, "read": {"device_start": -1, "device_end": -1}}, "FFC_sans_bias43": {"write": {"device_start": 1585627789.4598126, "host_queued_start": 1585627855.935152, "device_queued": 1585627789.396135, "device_end": 1585627789.4598427, "host_queued_end": 1585627855.945777}, "device": "gpu", "nd_range": {"device_start": 1585627789.4598467, "device_end": 1585627789.4604452}, "cmdq": 0, "read": {"device_start": 1585627789.4604528, "device_end": 1585627789.4604876}}, "FFC_sans_bias40": {"write": {"device_start": -1, "host_queued_start": 1585627855.917987, "device_queued": -1, "device_end": -1, "host_queued_end": 1585627855.945777}, "device": "gpu", "nd_range": {"device_start": 1585627789.4254997, "device_end": 1585627789.4261007}, "cmdq": 0, "read": {"device_start": -1, "device_end": -1}}, "FFC_sans_bias46": {"write": {"device_start": 1585627789.4016783, "host_queued_start": 1585627855.882099, "device_queued": 1585627789.3901746, "device_end": 1585627789.4017076, "host_queued_end": 1585627855.945777}, "device": "gpu", "nd_range": {"device_start": 1585627789.4017162, "device_end": 1585627789.4023166}, "cmdq": 0, "read": {"device_start": -1, "device_end": -1}}, "FFC_sans_bias47": {"write": {"device_start": 1585627789.4024324, "host_queued_start": 1585627855.883159, "device_queued": 1585627789.3903008, "device_end": 1585627789.402462, "host_queued_end": 1585627855.945777}, "device": "gpu", "nd_range": {"device_start": 1585627789.4024649, "device_end": 1585627789.4030678}, "cmdq": 0, "read": {"device_start": -1, "device_end": -1}}, "FFC_sans_bias45": {"write": {"device_start": 1585627789.400925, "host_queued_start": 1585627855.881052, "device_queued": 1585627789.3901434, "device_end": 1585627789.400955, "host_queued_end": 1585627855.945777}, "device": "gpu", "nd_range": {"device_start": 1585627789.4009695, "device_end": 1585627789.40157}, "cmdq": 0, "read": {"device_start": -1, "device_end": -1}}, "FFC_sans_bias49": {"write": {"device_start": -1, "host_queued_start": 1585627855.91831, "device_queued": -1, "device_end": -1, "host_queued_end": 1585627855.945777}, "device": "gpu", "nd_range": {"device_start": 1585627789.4261022, "device_end": 1585627789.4267018}, "cmdq": 0, "read": {"device_start": -1, "device_end": -1}}, "softmax77": {"write": {"device_start": -1, "host_queued_start": 1585627855.923478, "device_queued": -1, "device_end": -1, "host_queued_end": 1585627855.945777}, "device": "gpu", "nd_range": {"device_start": 1585627789.4337897, "device_end": 1585627789.4340005}, "cmdq": 0, "read": {"device_start": -1, "device_end": -1}}, "empty134": {"write": {"device_start": 1585627789.3897562, "host_queued_start": 1585627855.863982, "device_queued": 1585627789.3884764, "device_end": 1585627789.3897796, "host_queued_end": 1585627855.945777}, "device": "gpu", "nd_range": {"device_start": 1585627789.389784, "device_end": 1585627789.3897882}, "cmdq": 0, "read": {"device_start": -1, "device_end": -1}}, "FFC_sans_bias119": {"write": {"device_start": 1585627789.420121, "host_queued_start": 1585627855.908425, "device_queued": 1585627789.392617, "device_end": 1585627789.4201436, "host_queued_end": 1585627855.945777}, "device": "gpu", "nd_range": {"device_start": 1585627789.4201484, "device_end": 1585627789.4207451}, "cmdq": 0, "read": {"device_start": -1, "device_end": -1}}, "FFC_sans_bias118": {"write": {"device_start": 1585627789.4193764, "host_queued_start": 1585627855.907335, "device_queued": 1585627789.392491, "device_end": 1585627789.4194002, "host_queued_end": 1585627855.945777}, "device": "gpu", "nd_range": {"device_start": 1585627789.4194038, "device_end": 1585627789.4200056}, "cmdq": 0, "read": {"device_start": -1, "device_end": -1}}, "FFC_sans_bias115": {"write": {"device_start": 1585627789.4669468, "host_queued_start": 1585627855.943569, "device_queued": 1585627789.397006, "device_end": 1585627789.4669864, "host_queued_end": 1585627855.945777}, "device": "gpu", "nd_range": {"device_start": 1585627789.4670384, "device_end": 1585627789.4676363}, "cmdq": 0, "read": {"device_start": 1585627789.4676452, "device_end": 1585627789.4676676}}, "FFC_sans_bias114": {"write": {"device_start": -1, "host_queued_start": 1585627855.92925, "device_queued": -1, "device_end": -1, "host_queued_end": 1585627855.945777}, "device": "gpu", "nd_range": {"device_start": 1585627789.4426823, "device_end": 1585627789.4432929}, "cmdq": 0, "read": {"device_start": -1, "device_end": -1}}, "FFC_sans_bias117": {"write": {"device_start": 1585627789.4186296, "host_queued_start": 1585627855.906285, "device_queued": 1585627789.3924563, "device_end": 1585627789.4186523, "host_queued_end": 1585627855.945777}, "device": "gpu", "nd_range": {"device_start": 1585627789.4186563, "device_end": 1585627789.4192607}, "cmdq": 0, "read": {"device_start": -1, "device_end": -1}}, "softmax5": {"write": {"device_start": -1, "host_queued_start": 1585627855.921446, "device_queued": -1, "device_end": -1, "host_queued_end": 1585627855.945777}, "device": "gpu", "nd_range": {"device_start": 1585627789.432097, "device_end": 1585627789.4323099}, "cmdq": 0, "read": {"device_start": -1, "device_end": -1}}, "FFC_sans_bias110": {"write": {"device_start": 1585627789.417908, "host_queued_start": 1585627855.905237, "device_queued": 1585627789.392334, "device_end": 1585627789.4179316, "host_queued_end": 1585627855.945777}, "device": "gpu", "nd_range": {"device_start": 1585627789.4179354, "device_end": 1585627789.418532}, "cmdq": 0, "read": {"device_start": -1, "device_end": -1}}, "FFC_sans_bias112": {"write": {"device_start": -1, "host_queued_start": 1585627855.920557, "device_queued": -1, "device_end": -1, "host_queued_end": 1585627855.945777}, "device": "gpu", "nd_range": {"device_start": 1585627789.430293, "device_end": 1585627789.4308958}, "cmdq": 0, "read": {"device_start": -1, "device_end": -1}}, "empty53": {"write": {"device_start": 1585627789.388505, "host_queued_start": 1585627855.856495, "device_queued": 1585627789.3878636, "device_end": 1585627789.388529, "host_queued_end": 1585627855.945777}, "device": "gpu", "nd_range": {"device_start": 1585627789.3885367, "device_end": 1585627789.3885403}, "cmdq": 0, "read": {"device_start": -1, "device_end": -1}}, "coalesced_transpose48": {"write": {"device_start": -1, "host_queued_start": 1585627855.913511, "device_queued": -1, "device_end": -1, "host_queued_end": 1585627855.945777}, "device": "gpu", "nd_range": {"device_start": 1585627789.423006, "device_end": 1585627789.4230142}, "cmdq": 0, "read": {"device_start": -1, "device_end": -1}}}