{"FFC_sans_bias4": {"write": {"device_start": -1, "host_queued_start": 1585628800.041094, "device_queued": -1, "device_end": -1, "host_queued_end": 1585628800.064726}, "device": "cpu", "nd_range": {"device_start": 2296574.429647319, "device_end": 2296574.4430310093}, "cmdq": 0, "read": {"device_start": -1, "device_end": -1}}, "FFC_sans_bias7": {"write": {"device_start": -1, "host_queued_start": 1585628800.05355, "device_queued": -1, "device_end": -1, "host_queued_end": 1585628800.064726}, "device": "cpu", "nd_range": {"device_start": 2296574.5130048953, "device_end": 2296574.5220328863}, "cmdq": 0, "read": {"device_start": -1, "device_end": -1}}, "FFC_sans_bias6": {"write": {"device_start": -1, "host_queued_start": 1585628800.04866, "device_queued": -1, "device_end": -1, "host_queued_end": 1585628800.064726}, "device": "cpu", "nd_range": {"device_start": 2296574.4809817374, "device_end": 2296574.4888930502}, "cmdq": 0, "read": {"device_start": -1, "device_end": -1}}, "FFC_sans_bias1": {"write": {"device_start": -1, "host_queued_start": 1585628799.995876, "device_queued": -1, "device_end": -1, "host_queued_end": 1585628800.064726}, "device": "cpu", "nd_range": {"device_start": 2296574.254407096, "device_end": 2296574.2626964604}, "cmdq": 1, "read": {"device_start": -1, "device_end": -1}}, "FFC_sans_bias0": {"write": {"device_start": -1, "host_queued_start": 1585628799.994822, "device_queued": -1, "device_end": -1, "host_queued_end": 1585628800.064726}, "device": "cpu", "nd_range": {"device_start": 2296574.2543826713, "device_end": 2296574.270362724}, "cmdq": 0, "read": {"device_start": -1, "device_end": -1}}, "FFC_sans_bias2": {"write": {"device_start": -1, "host_queued_start": 1585628799.996933, "device_queued": -1, "device_end": -1, "host_queued_end": 1585628800.064726}, "device": "cpu", "nd_range": {"device_start": 2296574.2545536533, "device_end": 2296574.270144735}, "cmdq": 2, "read": {"device_start": -1, "device_end": -1}}, "coalesced_transpose120": {"write": {"device_start": -1, "host_queued_start": 1585628799.976357, "device_queued": -1, "device_end": -1, "host_queued_end": 1585628799.982643}, "device": "gpu", "nd_range": {"device_start": 1585628733.4027584, "device_end": 1585628733.404095}, "cmdq": 3, "read": {"device_start": -1, "device_end": -1}}, "FFC_sans_bias9": {"write": {"device_start": -1, "host_queued_start": 1585628799.997984, "device_queued": -1, "device_end": -1, "host_queued_end": 1585628800.064726}, "device": "cpu", "nd_range": {"device_start": 2296574.273654009, "device_end": 2296574.2895963034}, "cmdq": 0, "read": {"device_start": -1, "device_end": -1}}, "empty71": {"write": {"device_start": -1, "host_queued_start": 1585628799.990439, "device_queued": -1, "device_end": -1, "host_queued_end": 1585628800.064726}, "device": "cpu", "nd_range": {"device_start": 2296574.254395409, "device_end": 2296574.2543960093}, "cmdq": 1, "read": {"device_start": -1, "device_end": -1}}, "softmax41": {"write": {"device_start": -1, "host_queued_start": 1585628800.046392, "device_queued": -1, "device_end": -1, "host_queued_end": 1585628800.064726}, "device": "cpu", "nd_range": {"device_start": 2296574.4476274713, "device_end": 2296574.447844161}, "cmdq": 1, "read": {"device_start": -1, "device_end": -1}}, "FFC_sans_bias37": {"write": {"device_start": -1, "host_queued_start": 1585628800.011308, "device_queued": -1, "device_end": -1, "host_queued_end": 1585628800.064726}, "device": "cpu", "nd_range": {"device_start": 2296574.294664971, "device_end": 2296574.306324824}, "cmdq": 1, "read": {"device_start": -1, "device_end": -1}}, "FFC_sans_bias36": {"write": {"device_start": -1, "host_queued_start": 1585628800.01011, "device_queued": -1, "device_end": -1, "host_queued_end": 1585628800.064726}, "device": "cpu", "nd_range": {"device_start": 2296574.325184421, "device_end": 2296574.339149846}, "cmdq": 0, "read": {"device_start": -1, "device_end": -1}}, "FFC_sans_bias34": {"write": {"device_start": -1, "host_queued_start": 1585628800.056685, "device_queued": -1, "device_end": -1, "host_queued_end": 1585628800.064726}, "device": "cpu", "nd_range": {"device_start": 2296574.5220367434, "device_end": 2296574.5344511974}, "cmdq": 0, "read": {"device_start": -1, "device_end": -1}}, "FFC_sans_bias33": {"write": {"device_start": -1, "host_queued_start": 1585628800.049706, "device_queued": -1, "device_end": -1, "host_queued_end": 1585628800.064726}, "device": "cpu", "nd_range": {"device_start": 2296574.4889022233, "device_end": 2296574.4949601972}, "cmdq": 0, "read": {"device_start": -1, "device_end": -1}}, "FFC_sans_bias31": {"write": {"device_start": -1, "host_queued_start": 1585628800.042214, "device_queued": -1, "device_end": -1, "host_queued_end": 1585628800.064726}, "device": "cpu", "nd_range": {"device_start": 2296574.443148413, "device_end": 2296574.452224182}, "cmdq": 0, "read": {"device_start": -1, "device_end": -1}}, "FFC_sans_bias38": {"write": {"device_start": -1, "host_queued_start": 1585628800.012479, "device_queued": -1, "device_end": -1, "host_queued_end": 1585628800.064726}, "device": "cpu", "nd_range": {"device_start": 2296574.306974668, "device_end": 2296574.325314014}, "cmdq": 2, "read": {"device_start": -1, "device_end": -1}}, "coalesced_transpose75": {"write": {"device_start": -1, "host_queued_start": 1585628800.039753, "device_queued": -1, "device_end": -1, "host_queued_end": 1585628800.064726}, "device": "cpu", "nd_range": {"device_start": 2296574.421697989, "device_end": 2296574.421952711}, "cmdq": 2, "read": {"device_start": -1, "device_end": -1}}, "empty44": {"write": {"device_start": -1, "host_queued_start": 1585628799.98788, "device_queued": -1, "device_end": -1, "host_queued_end": 1585628800.064726}, "device": "cpu", "nd_range": {"device_start": 2296574.254388397, "device_end": 2296574.2543893973}, "cmdq": 1, "read": {"device_start": -1, "device_end": -1}}, "empty8": {"write": {"device_start": -1, "host_queued_start": 1585628799.984153, "device_queued": -1, "device_end": -1, "host_queued_end": 1585628800.064726}, "device": "cpu", "nd_range": {"device_start": 2296574.254329219, "device_end": 2296574.254342475}, "cmdq": 0, "read": {"device_start": -1, "device_end": -1}}, "softmax50": {"write": {"device_start": -1, "host_queued_start": 1585628800.04667, "device_queued": -1, "device_end": -1, "host_queued_end": 1585628800.064726}, "device": "cpu", "nd_range": {"device_start": 2296574.475505143, "device_end": 2296574.4757203814}, "cmdq": 2, "read": {"device_start": -1, "device_end": -1}}, "softmax59": {"write": {"device_start": -1, "host_queued_start": 1585628800.046944, "device_queued": -1, "device_end": -1, "host_queued_end": 1585628800.064726}, "device": "cpu", "nd_range": {"device_start": 2296574.4805322983, "device_end": 2296574.480751899}, "cmdq": 0, "read": {"device_start": -1, "device_end": -1}}, "FFC_sans_bias24": {"write": {"device_start": -1, "host_queued_start": 1585628800.049364, "device_queued": -1, "device_end": -1, "host_queued_end": 1585628800.064726}, "device": "cpu", "nd_range": {"device_start": 2296574.4764719033, "device_end": 2296574.499652658}, "cmdq": 2, "read": {"device_start": -1, "device_end": -1}}, "FFC_sans_bias25": {"write": {"device_start": -1, "host_queued_start": 1585628800.05568, "device_queued": -1, "device_end": -1, "host_queued_end": 1585628800.064726}, "device": "cpu", "nd_range": {"device_start": 2296574.5492345393, "device_end": 2296574.5575431543}, "cmdq": 2, "read": {"device_start": -1, "device_end": -1}}, "FFC_sans_bias27": {"write": {"device_start": -1, "host_queued_start": 1585628800.005857, "device_queued": -1, "device_end": -1, "host_queued_end": 1585628800.064726}, "device": "cpu", "nd_range": {"device_start": 2296574.307451215, "device_end": 2296574.3248121943}, "cmdq": 0, "read": {"device_start": -1, "device_end": -1}}, "FFC_sans_bias20": {"write": {"device_start": -1, "host_queued_start": 1585628800.004661, "device_queued": -1, "device_end": -1, "host_queued_end": 1585628800.064726}, "device": "cpu", "nd_range": {"device_start": 2296574.281283446, "device_end": 2296574.290355492}, "cmdq": 2, "read": {"device_start": -1, "device_end": -1}}, "FFC_sans_bias22": {"write": {"device_start": -1, "host_queued_start": 1585628800.041864, "device_queued": -1, "device_end": -1, "host_queued_end": 1585628800.064726}, "device": "cpu", "nd_range": {"device_start": 2296574.422428092, "device_end": 2296574.4325229214}, "cmdq": 2, "read": {"device_start": -1, "device_end": -1}}, "FFC_sans_bias130": {"write": {"device_start": -1, "host_queued_start": 1585628799.977612, "device_queued": -1, "device_end": -1, "host_queued_end": 1585628799.982643}, "device": "gpu", "nd_range": {"device_start": 1585628733.4050848, "device_end": 1585628733.4056823}, "cmdq": 2, "read": {"device_start": -1, "device_end": -1}}, "FFC_sans_bias28": {"write": {"device_start": -1, "host_queued_start": 1585628800.007623, "device_queued": -1, "device_end": -1, "host_queued_end": 1585628800.064726}, "device": "cpu", "nd_range": {"device_start": 2296574.2850872413, "device_end": 2296574.294545783}, "cmdq": 1, "read": {"device_start": -1, "device_end": -1}}, "FFC_sans_bias29": {"write": {"device_start": -1, "host_queued_start": 1585628800.00894, "device_queued": -1, "device_end": -1, "host_queued_end": 1585628800.064726}, "device": "cpu", "nd_range": {"device_start": 2296574.290364499, "device_end": 2296574.306838977}, "cmdq": 2, "read": {"device_start": -1, "device_end": -1}}, "coalesced_transpose66": {"write": {"device_start": -1, "host_queued_start": 1585628800.039424, "device_queued": -1, "device_end": -1, "host_queued_end": 1585628800.064726}, "device": "cpu", "nd_range": {"device_start": 2296574.385736837, "device_end": 2296574.385976361}, "cmdq": 1, "read": {"device_start": -1, "device_end": -1}}, "coalesced_transpose93": {"write": {"device_start": -1, "host_queued_start": 1585628800.040417, "device_queued": -1, "device_end": -1, "host_queued_end": 1585628800.064726}, "device": "cpu", "nd_range": {"device_start": 2296574.3860860523, "device_end": 2296574.3863348593}, "cmdq": 1, "read": {"device_start": -1, "device_end": -1}}, "softmax23": {"write": {"device_start": -1, "host_queued_start": 1585628800.045842, "device_queued": -1, "device_end": -1, "host_queued_end": 1585628800.064726}, "device": "cpu", "nd_range": {"device_start": 2296574.475175571, "device_end": 2296574.4753927332}, "cmdq": 2, "read": {"device_start": -1, "device_end": -1}}, "empty62": {"write": {"device_start": -1, "host_queued_start": 1585628799.9895, "device_queued": -1, "device_end": -1, "host_queued_end": 1585628800.064726}, "device": "cpu", "nd_range": {"device_start": 2296574.25437127, "device_end": 2296574.254371997}, "cmdq": 0, "read": {"device_start": -1, "device_end": -1}}, "FFC_sans_bias10": {"write": {"device_start": -1, "host_queued_start": 1585628799.999065, "device_queued": -1, "device_end": -1, "host_queued_end": 1585628800.064726}, "device": "cpu", "nd_range": {"device_start": 2296574.2628265093, "device_end": 2296574.271546643}, "cmdq": 1, "read": {"device_start": -1, "device_end": -1}}, "FFC_sans_bias13": {"write": {"device_start": -1, "host_queued_start": 1585628800.041438, "device_queued": -1, "device_end": -1, "host_queued_end": 1585628800.064726}, "device": "cpu", "nd_range": {"device_start": 2296574.3864435023, "device_end": 2296574.401863813}, "cmdq": 1, "read": {"device_start": -1, "device_end": -1}}, "FFC_sans_bias15": {"write": {"device_start": -1, "host_queued_start": 1585628800.049009, "device_queued": -1, "device_end": -1, "host_queued_end": 1585628800.064726}, "device": "cpu", "nd_range": {"device_start": 2296574.4488378493, "device_end": 2296574.463518272}, "cmdq": 1, "read": {"device_start": -1, "device_end": -1}}, "FFC_sans_bias16": {"write": {"device_start": -1, "host_queued_start": 1585628800.054635, "device_queued": -1, "device_end": -1, "host_queued_end": 1585628800.064726}, "device": "cpu", "nd_range": {"device_start": 2296574.513140312, "device_end": 2296574.5277876053}, "cmdq": 1, "read": {"device_start": -1, "device_end": -1}}, "FFC_sans_bias19": {"write": {"device_start": -1, "host_queued_start": 1585628800.003046, "device_queued": -1, "device_end": -1, "host_queued_end": 1585628800.064726}, "device": "cpu", "nd_range": {"device_start": 2296574.2716608183, "device_end": 2296574.2849727143}, "cmdq": 1, "read": {"device_start": -1, "device_end": -1}}, "FFC_sans_bias18": {"write": {"device_start": -1, "host_queued_start": 1585628800.001254, "device_queued": -1, "device_end": -1, "host_queued_end": 1585628800.064726}, "device": "cpu", "nd_range": {"device_start": 2296574.292940746, "device_end": 2296574.30719885}, "cmdq": 0, "read": {"device_start": -1, "device_end": -1}}, "FFC_sans_bias99": {"write": {"device_start": -1, "host_queued_start": 1585628800.034547, "device_queued": -1, "device_end": -1, "host_queued_end": 1585628800.064726}, "device": "cpu", "nd_range": {"device_start": 2296574.41782522, "device_end": 2296574.4280603863}, "cmdq": 0, "read": {"device_start": -1, "device_end": -1}}, "FFC_sans_bias91": {"write": {"device_start": -1, "host_queued_start": 1585628800.032422, "device_queued": -1, "device_end": -1, "host_queued_end": 1585628800.064726}, "device": "cpu", "nd_range": {"device_start": 2296574.358704496, "device_end": 2296574.370910787}, "cmdq": 1, "read": {"device_start": -1, "device_end": -1}}, "FFC_sans_bias90": {"write": {"device_start": -1, "host_queued_start": 1585628800.031368, "device_queued": -1, "device_end": -1, "host_queued_end": 1585628800.064726}, "device": "cpu", "nd_range": {"device_start": 2296574.4071635203, "device_end": 2296574.4176967493}, "cmdq": 0, "read": {"device_start": -1, "device_end": -1}}, "coalesced_transpose12": {"write": {"device_start": -1, "host_queued_start": 1585628800.037366, "device_queued": -1, "device_end": -1, "host_queued_end": 1585628800.064726}, "device": "cpu", "nd_range": {"device_start": 2296574.3849985814, "device_end": 2296574.385255205}, "cmdq": 1, "read": {"device_start": -1, "device_end": -1}}, "FFC_sans_bias94": {"write": {"device_start": -1, "host_queued_start": 1585628800.044638, "device_queued": -1, "device_end": -1, "host_queued_end": 1585628800.064726}, "device": "cpu", "nd_range": {"device_start": 2296574.4315197472, "device_end": 2296574.4467008263}, "cmdq": 1, "read": {"device_start": -1, "device_end": -1}}, "FFC_sans_bias97": {"write": {"device_start": -1, "host_queued_start": 1585628800.063662, "device_queued": -1, "device_end": -1, "host_queued_end": 1585628800.064726}, "device": "cpu", "nd_range": {"device_start": 2296574.559770463, "device_end": 2296574.566020607}, "cmdq": 1, "read": {"device_start": -1, "device_end": -1}}, "FFC_sans_bias96": {"write": {"device_start": -1, "host_queued_start": 1585628800.052139, "device_queued": -1, "device_end": -1, "host_queued_end": 1585628800.064726}, "device": "cpu", "nd_range": {"device_start": 2296574.495603851, "device_end": 2296574.513132615}, "cmdq": 1, "read": {"device_start": -1, "device_end": -1}}, "FFC_sans_bias124": {"write": {"device_start": 1585628733.4061427, "host_queued_start": 1585628799.981449, "device_queued": 1585628733.4012852, "device_end": 1585628733.4061933, "host_queued_end": 1585628799.982643}, "device": "gpu", "nd_range": {"device_start": 1585628733.4067614, "device_end": 1585628733.4077482}, "cmdq": 0, "read": {"device_start": 1585628733.4088774, "device_end": 1585628733.4089074}}, "FFC_sans_bias126": {"write": {"device_start": 1585628733.4015167, "host_queued_start": 1585628799.974465, "device_queued": 1585628733.4003, "device_end": 1585628733.4015477, "host_queued_end": 1585628799.982643}, "device": "gpu", "nd_range": {"device_start": 1585628733.4015548, "device_end": 1585628733.4037433}, "cmdq": 0, "read": {"device_start": -1, "device_end": -1}}, "softmax32": {"write": {"device_start": -1, "host_queued_start": 1585628800.046117, "device_queued": -1, "device_end": -1, "host_queued_end": 1585628800.064726}, "device": "cpu", "nd_range": {"device_start": 2296574.4803119563, "device_end": 2296574.4805253022}, "cmdq": 0, "read": {"device_start": -1, "device_end": -1}}, "coalesced_transpose84": {"write": {"device_start": -1, "host_queued_start": 1585628800.040084, "device_queued": -1, "device_end": -1, "host_queued_end": 1585628800.064726}, "device": "cpu", "nd_range": {"device_start": 2296574.429281582, "device_end": 2296574.429539503}, "cmdq": 0, "read": {"device_start": -1, "device_end": -1}}, "FFC_sans_bias121": {"write": {"device_start": -1, "host_queued_start": 1585628799.9773, "device_queued": -1, "device_end": -1, "host_queued_end": 1585628799.982643}, "device": "gpu", "nd_range": {"device_start": 1585628733.4042103, "device_end": 1585628733.4051704}, "cmdq": 1, "read": {"device_start": -1, "device_end": -1}}, "empty98": {"write": {"device_start": -1, "host_queued_start": 1585628799.993022, "device_queued": -1, "device_end": -1, "host_queued_end": 1585628800.064726}, "device": "cpu", "nd_range": {"device_start": 2296574.2544016093, "device_end": 2296574.254402127}, "cmdq": 1, "read": {"device_start": -1, "device_end": -1}}, "empty107": {"write": {"device_start": -1, "host_queued_start": 1585628799.993835, "device_queued": -1, "device_end": -1, "host_queued_end": 1585628800.064726}, "device": "cpu", "nd_range": {"device_start": 2296574.254548586, "device_end": 2296574.254549134}, "cmdq": 2, "read": {"device_start": -1, "device_end": -1}}, "empty17": {"write": {"device_start": -1, "host_queued_start": 1585628799.985197, "device_queued": -1, "device_end": -1, "host_queued_end": 1585628800.064726}, "device": "cpu", "nd_range": {"device_start": 2296574.2543669012, "device_end": 2296574.254371147}, "cmdq": 1, "read": {"device_start": -1, "device_end": -1}}, "FFC_sans_bias87": {"write": {"device_start": -1, "host_queued_start": 1585628800.051788, "device_queued": -1, "device_end": -1, "host_queued_end": 1585628800.064726}, "device": "cpu", "nd_range": {"device_start": 2296574.502842763, "device_end": 2296574.5129982363}, "cmdq": 0, "read": {"device_start": -1, "device_end": -1}}, "FFC_sans_bias85": {"write": {"device_start": -1, "host_queued_start": 1585628800.044293, "device_queued": -1, "device_end": -1, "host_queued_end": 1585628800.064726}, "device": "cpu", "nd_range": {"device_start": 2296574.464987602, "device_end": 2296574.4798611794}, "cmdq": 0, "read": {"device_start": -1, "device_end": -1}}, "FFC_sans_bias82": {"write": {"device_start": -1, "host_queued_start": 1585628800.029216, "device_queued": -1, "device_end": -1, "host_queued_end": 1585628800.064726}, "device": "cpu", "nd_range": {"device_start": 2296574.3490361683, "device_end": 2296574.358576137}, "cmdq": 1, "read": {"device_start": -1, "device_end": -1}}, "FFC_sans_bias83": {"write": {"device_start": -1, "host_queued_start": 1585628800.030289, "device_queued": -1, "device_end": -1, "host_queued_end": 1585628800.064726}, "device": "cpu", "nd_range": {"device_start": 2296574.377208203, "device_end": 2296574.393203653}, "cmdq": 2, "read": {"device_start": -1, "device_end": -1}}, "FFC_sans_bias81": {"write": {"device_start": -1, "host_queued_start": 1585628800.028069, "device_queued": -1, "device_end": -1, "host_queued_end": 1585628800.064726}, "device": "cpu", "nd_range": {"device_start": 2296574.39009555, "device_end": 2296574.4071561503}, "cmdq": 0, "read": {"device_start": -1, "device_end": -1}}, "FFC_sans_bias88": {"write": {"device_start": -1, "host_queued_start": 1585628800.062667, "device_queued": -1, "device_end": -1, "host_queued_end": 1585628800.064726}, "device": "cpu", "nd_range": {"device_start": 2296574.5443005343, "device_end": 2296574.5509635643}, "cmdq": 0, "read": {"device_start": -1, "device_end": -1}}, "coalesced_transpose30": {"write": {"device_start": -1, "host_queued_start": 1585628800.038027, "device_queued": -1, "device_end": -1, "host_queued_end": 1585628800.064726}, "device": "cpu", "nd_range": {"device_start": 2296574.428551148, "device_end": 2296574.428809831}, "cmdq": 0, "read": {"device_start": -1, "device_end": -1}}, "FFC_sans_bias128": {"write": {"device_start": 1585628733.4008842, "host_queued_start": 1585628799.973423, "device_queued": 1585628733.4000795, "device_end": 1585628733.4009085, "host_queued_end": 1585628799.982643}, "device": "gpu", "nd_range": {"device_start": 1585628733.400913, "device_end": 1585628733.4032364}, "cmdq": 4, "read": {"device_start": -1, "device_end": -1}}, "coalesced_transpose39": {"write": {"device_start": -1, "host_queued_start": 1585628800.038374, "device_queued": -1, "device_end": -1, "host_queued_end": 1585628800.064726}, "device": "cpu", "nd_range": {"device_start": 2296574.385371889, "device_end": 2296574.3856289973}, "cmdq": 1, "read": {"device_start": -1, "device_end": -1}}, "FFC_sans_bias79": {"write": {"device_start": -1, "host_queued_start": 1585628800.061667, "device_queued": -1, "device_end": -1, "host_queued_end": 1585628800.064726}, "device": "cpu", "nd_range": {"device_start": 2296574.5659387764, "device_end": 2296574.576711623}, "cmdq": 2, "read": {"device_start": -1, "device_end": -1}}, "FFC_sans_bias78": {"write": {"device_start": -1, "host_queued_start": 1585628800.051441, "device_queued": -1, "device_end": -1, "host_queued_end": 1585628800.064726}, "device": "cpu", "nd_range": {"device_start": 2296574.514576064, "device_end": 2296574.531108999}, "cmdq": 2, "read": {"device_start": -1, "device_end": -1}}, "FFC_sans_bias73": {"write": {"device_start": -1, "host_queued_start": 1585628800.025651, "device_queued": -1, "device_end": -1, "host_queued_end": 1585628800.064726}, "device": "cpu", "nd_range": {"device_start": 2296574.3359321794, "device_end": 2296574.349028311}, "cmdq": 1, "read": {"device_start": -1, "device_end": -1}}, "FFC_sans_bias72": {"write": {"device_start": -1, "host_queued_start": 1585628800.024473, "device_queued": -1, "device_end": -1, "host_queued_end": 1585628800.064726}, "device": "cpu", "nd_range": {"device_start": 2296574.3836382544, "device_end": 2296574.3900885372}, "cmdq": 0, "read": {"device_start": -1, "device_end": -1}}, "FFC_sans_bias70": {"write": {"device_start": -1, "host_queued_start": 1585628800.060668, "device_queued": -1, "device_end": -1, "host_queued_end": 1585628800.064726}, "device": "cpu", "nd_range": {"device_start": 2296574.544708004, "device_end": 2296574.5597640593}, "cmdq": 1, "read": {"device_start": -1, "device_end": -1}}, "FFC_sans_bias76": {"write": {"device_start": -1, "host_queued_start": 1585628800.043944, "device_queued": -1, "device_end": -1, "host_queued_end": 1585628800.064726}, "device": "cpu", "nd_range": {"device_start": 2296574.44533922, "device_end": 2296574.460296518}, "cmdq": 2, "read": {"device_start": -1, "device_end": -1}}, "FFC_sans_bias74": {"write": {"device_start": -1, "host_queued_start": 1585628800.026855, "device_queued": -1, "device_end": -1, "host_queued_end": 1585628800.064726}, "device": "cpu", "nd_range": {"device_start": 2296574.366808584, "device_end": 2296574.3770861193}, "cmdq": 2, "read": {"device_start": -1, "device_end": -1}}, "coalesced_transpose102": {"write": {"device_start": -1, "host_queued_start": 1585628800.040747, "device_queued": -1, "device_end": -1, "host_queued_end": 1585628800.064726}, "device": "cpu", "nd_range": {"device_start": 2296574.4220624343, "device_end": 2296574.422319209}, "cmdq": 2, "read": {"device_start": -1, "device_end": -1}}, "coalesced_transpose3": {"write": {"device_start": -1, "host_queued_start": 1585628800.037025, "device_queued": -1, "device_end": -1, "host_queued_end": 1585628800.064726}, "device": "cpu", "nd_range": {"device_start": 2296574.428179723, "device_end": 2296574.428436979}, "cmdq": 0, "read": {"device_start": -1, "device_end": -1}}, "FFC_sans_bias127": {"write": {"device_start": 1585628733.4018738, "host_queued_start": 1585628799.975542, "device_queued": 1585628733.4003568, "device_end": 1585628733.4019053, "host_queued_end": 1585628799.982643}, "device": "gpu", "nd_range": {"device_start": 1585628733.4019094, "device_end": 1585628733.4042053}, "cmdq": 1, "read": {"device_start": -1, "device_end": -1}}, "empty89": {"write": {"device_start": -1, "host_queued_start": 1585628799.992059, "device_queued": -1, "device_end": -1, "host_queued_end": 1585628800.064726}, "device": "cpu", "nd_range": {"device_start": 2296574.25437754, "device_end": 2296574.254378143}, "cmdq": 0, "read": {"device_start": -1, "device_end": -1}}, "FFC_sans_bias123": {"write": {"device_start": -1, "host_queued_start": 1585628799.979038, "device_queued": -1, "device_end": -1, "host_queued_end": 1585628799.982643}, "device": "gpu", "nd_range": {"device_start": 1585628733.4061267, "device_end": 1585628733.4067547}, "cmdq": 2, "read": {"device_start": -1, "device_end": -1}}, "empty80": {"write": {"device_start": -1, "host_queued_start": 1585628799.99125, "device_queued": -1, "device_end": -1, "host_queued_end": 1585628800.064726}, "device": "cpu", "nd_range": {"device_start": 2296574.2545422083, "device_end": 2296574.254542909}, "cmdq": 2, "read": {"device_start": -1, "device_end": -1}}, "empty116": {"write": {"device_start": 1585628733.399337, "host_queued_start": 1585628799.963944, "device_queued": 1585628733.399202, "device_end": 1585628733.3993819, "host_queued_end": 1585628799.982643}, "device": "gpu", "nd_range": {"device_start": 1585628733.3993886, "device_end": 1585628733.399393}, "cmdq": 0, "read": {"device_start": -1, "device_end": -1}}, "softmax104": {"write": {"device_start": -1, "host_queued_start": 1585628800.04832, "device_queued": -1, "device_end": -1, "host_queued_end": 1585628800.064726}, "device": "cpu", "nd_range": {"device_start": 2296574.476157913, "device_end": 2296574.4763661753}, "cmdq": 2, "read": {"device_start": -1, "device_end": -1}}, "coalesced_transpose21": {"write": {"device_start": -1, "host_queued_start": 1585628800.037696, "device_queued": -1, "device_end": -1, "host_queued_end": 1585628800.064726}, "device": "cpu", "nd_range": {"device_start": 2296574.420953249, "device_end": 2296574.421205391}, "cmdq": 2, "read": {"device_start": -1, "device_end": -1}}, "softmax14": {"write": {"device_start": -1, "host_queued_start": 1585628800.045563, "device_queued": -1, "device_end": -1, "host_queued_end": 1585628800.064726}, "device": "cpu", "nd_range": {"device_start": 2296574.447042482, "device_end": 2296574.447274989}, "cmdq": 1, "read": {"device_start": -1, "device_end": -1}}, "FFC_sans_bias69": {"write": {"device_start": -1, "host_queued_start": 1585628800.051094, "device_queued": -1, "device_end": -1, "host_queued_end": 1585628800.064726}, "device": "cpu", "nd_range": {"device_start": 2296574.4712132653, "device_end": 2296574.495596494}, "cmdq": 1, "read": {"device_start": -1, "device_end": -1}}, "FFC_sans_bias92": {"write": {"device_start": -1, "host_queued_start": 1585628800.03349, "device_queued": -1, "device_end": -1, "host_queued_end": 1585628800.064726}, "device": "cpu", "nd_range": {"device_start": 2296574.393216094, "device_end": 2296574.407518952}, "cmdq": 2, "read": {"device_start": -1, "device_end": -1}}, "FFC_sans_bias60": {"write": {"device_start": -1, "host_queued_start": 1585628800.050746, "device_queued": -1, "device_end": -1, "host_queued_end": 1585628800.064726}, "device": "cpu", "nd_range": {"device_start": 2296574.494966301, "device_end": 2296574.5028358903}, "cmdq": 0, "read": {"device_start": -1, "device_end": -1}}, "FFC_sans_bias61": {"write": {"device_start": -1, "host_queued_start": 1585628800.059678, "device_queued": -1, "device_end": -1, "host_queued_end": 1585628800.064726}, "device": "cpu", "nd_range": {"device_start": 2296574.534455143, "device_end": 2296574.544293979}, "cmdq": 0, "read": {"device_start": -1, "device_end": -1}}, "FFC_sans_bias63": {"write": {"device_start": -1, "host_queued_start": 1585628800.023289, "device_queued": -1, "device_end": -1, "host_queued_end": 1585628800.064726}, "device": "cpu", "nd_range": {"device_start": 2296574.3516710293, "device_end": 2296574.366673898}, "cmdq": 2, "read": {"device_start": -1, "device_end": -1}}, "FFC_sans_bias64": {"write": {"device_start": -1, "host_queued_start": 1585628800.020926, "device_queued": -1, "device_end": -1, "host_queued_end": 1585628800.064726}, "device": "cpu", "nd_range": {"device_start": 2296574.3693923913, "device_end": 2296574.383628761}, "cmdq": 0, "read": {"device_start": -1, "device_end": -1}}, "FFC_sans_bias65": {"write": {"device_start": -1, "host_queued_start": 1585628800.0221, "device_queued": -1, "device_end": -1, "host_queued_end": 1585628800.064726}, "device": "cpu", "nd_range": {"device_start": 2296574.324204006, "device_end": 2296574.335923821}, "cmdq": 1, "read": {"device_start": -1, "device_end": -1}}, "FFC_sans_bias67": {"write": {"device_start": -1, "host_queued_start": 1585628800.0436, "device_queued": -1, "device_end": -1, "host_queued_end": 1585628800.064726}, "device": "cpu", "nd_range": {"device_start": 2296574.410292224, "device_end": 2296574.430505914}, "cmdq": 1, "read": {"device_start": -1, "device_end": -1}}, "coalesced_transpose111": {"write": {"device_start": -1, "host_queued_start": 1585628799.97587, "device_queued": -1, "device_end": -1, "host_queued_end": 1585628799.982643}, "device": "gpu", "nd_range": {"device_start": 1585628733.4023004, "device_end": 1585628733.4040794}, "cmdq": 2, "read": {"device_start": -1, "device_end": -1}}, "FFC_sans_bias133": {"write": {"device_start": 1585628733.406471, "host_queued_start": 1585628799.982503, "device_queued": 1585628733.4014935, "device_end": 1585628733.4064963, "host_queued_end": 1585628799.982643}, "device": "gpu", "nd_range": {"device_start": 1585628733.407342, "device_end": 1585628733.4083195}, "cmdq": 1, "read": {"device_start": 1585628733.4083261, "device_end": 1585628733.4083493}}, "FFC_sans_bias132": {"write": {"device_start": -1, "host_queued_start": 1585628799.97936, "device_queued": -1, "device_end": -1, "host_queued_end": 1585628799.982643}, "device": "gpu", "nd_range": {"device_start": 1585628733.4061325, "device_end": 1585628733.407337}, "cmdq": 3, "read": {"device_start": -1, "device_end": -1}}, "softmax68": {"write": {"device_start": -1, "host_queued_start": 1585628800.047219, "device_queued": -1, "device_end": -1, "host_queued_end": 1585628800.064726}, "device": "cpu", "nd_range": {"device_start": 2296574.4478514353, "device_end": 2296574.4480707482}, "cmdq": 1, "read": {"device_start": -1, "device_end": -1}}, "softmax131": {"write": {"device_start": -1, "host_queued_start": 1585628799.978354, "device_queued": -1, "device_end": -1, "host_queued_end": 1585628799.982643}, "device": "gpu", "nd_range": {"device_start": 1585628733.40569, "device_end": 1585628733.4060063}, "cmdq": 0, "read": {"device_start": -1, "device_end": -1}}, "empty125": {"write": {"device_start": 1585628733.3994613, "host_queued_start": 1585628799.965015, "device_queued": 1585628733.399339, "device_end": 1585628733.3995254, "host_queued_end": 1585628799.982643}, "device": "gpu", "nd_range": {"device_start": 1585628733.3995957, "device_end": 1585628733.3996332}, "cmdq": 1, "read": {"device_start": -1, "device_end": -1}}, "empty35": {"write": {"device_start": -1, "host_queued_start": 1585628799.98707, "device_queued": -1, "device_end": -1, "host_queued_end": 1585628800.064726}, "device": "cpu", "nd_range": {"device_start": 2296574.254364007, "device_end": 2296574.254365705}, "cmdq": 0, "read": {"device_start": -1, "device_end": -1}}, "softmax86": {"write": {"device_start": -1, "host_queued_start": 1585628800.047768, "device_queued": -1, "device_end": -1, "host_queued_end": 1585628800.064726}, "device": "cpu", "nd_range": {"device_start": 2296574.4807585003, "device_end": 2296574.480975576}, "cmdq": 0, "read": {"device_start": -1, "device_end": -1}}, "FFC_sans_bias55": {"write": {"device_start": -1, "host_queued_start": 1585628800.0197, "device_queued": -1, "device_end": -1, "host_queued_end": 1585628800.064726}, "device": "cpu", "nd_range": {"device_start": 2296574.339077215, "device_end": 2296574.3515639603}, "cmdq": 2, "read": {"device_start": -1, "device_end": -1}}, "FFC_sans_bias54": {"write": {"device_start": -1, "host_queued_start": 1585628800.018478, "device_queued": -1, "device_end": -1, "host_queued_end": 1585628800.064726}, "device": "cpu", "nd_range": {"device_start": 2296574.3151327763, "device_end": 2296574.324196854}, "cmdq": 1, "read": {"device_start": -1, "device_end": -1}}, "FFC_sans_bias56": {"write": {"device_start": -1, "host_queued_start": 1585628800.017322, "device_queued": -1, "device_end": -1, "host_queued_end": 1585628800.064726}, "device": "cpu", "nd_range": {"device_start": 2296574.353980314, "device_end": 2296574.367650566}, "cmdq": 0, "read": {"device_start": -1, "device_end": -1}}, "FFC_sans_bias51": {"write": {"device_start": -1, "host_queued_start": 1585628800.050398, "device_queued": -1, "device_end": -1, "host_queued_end": 1585628800.064726}, "device": "cpu", "nd_range": {"device_start": 2296574.499767439, "device_end": 2296574.5141698243}, "cmdq": 2, "read": {"device_start": -1, "device_end": -1}}, "FFC_sans_bias52": {"write": {"device_start": -1, "host_queued_start": 1585628800.058682, "device_queued": -1, "device_end": -1, "host_queued_end": 1585628800.064726}, "device": "cpu", "nd_range": {"device_start": 2296574.5575496904, "device_end": 2296574.565906139}, "cmdq": 2, "read": {"device_start": -1, "device_end": -1}}, "FFC_sans_bias58": {"write": {"device_start": -1, "host_queued_start": 1585628800.043252, "device_queued": -1, "device_end": -1, "host_queued_end": 1585628800.064726}, "device": "cpu", "nd_range": {"device_start": 2296574.4523407673, "device_end": 2296574.464871644}, "cmdq": 0, "read": {"device_start": -1, "device_end": -1}}, "FFC_sans_bias108": {"write": {"device_start": 1585628733.3996804, "host_queued_start": 1585628799.966908, "device_queued": 1585628733.399393, "device_end": 1585628733.3997486, "host_queued_end": 1585628799.982643}, "device": "gpu", "nd_range": {"device_start": 1585628733.3997624, "device_end": 1585628733.4003744}, "cmdq": 3, "read": {"device_start": -1, "device_end": -1}}, "FFC_sans_bias109": {"write": {"device_start": 1585628733.399786, "host_queued_start": 1585628799.967978, "device_queued": 1585628733.3995469, "device_end": 1585628733.3998613, "host_queued_end": 1585628799.982643}, "device": "gpu", "nd_range": {"device_start": 1585628733.3998659, "device_end": 1585628733.4007773}, "cmdq": 4, "read": {"device_start": -1, "device_end": -1}}, "coalesced_transpose129": {"write": {"device_start": -1, "host_queued_start": 1585628799.976662, "device_queued": -1, "device_end": -1, "host_queued_end": 1585628799.982643}, "device": "gpu", "nd_range": {"device_start": 1585628733.404223, "device_end": 1585628733.4050748}, "cmdq": 4, "read": {"device_start": -1, "device_end": -1}}, "FFC_sans_bias103": {"write": {"device_start": -1, "host_queued_start": 1585628800.044982, "device_queued": -1, "device_end": -1, "host_queued_end": 1585628800.064726}, "device": "cpu", "nd_range": {"device_start": 2296574.460415531, "device_end": 2296574.4750507413}, "cmdq": 2, "read": {"device_start": -1, "device_end": -1}}, "FFC_sans_bias100": {"write": {"device_start": -1, "host_queued_start": 1585628800.035631, "device_queued": -1, "device_end": -1, "host_queued_end": 1585628800.064726}, "device": "cpu", "nd_range": {"device_start": 2296574.3710335833, "device_end": 2296574.3848766102}, "cmdq": 1, "read": {"device_start": -1, "device_end": -1}}, "FFC_sans_bias101": {"write": {"device_start": -1, "host_queued_start": 1585628800.036694, "device_queued": -1, "device_end": -1, "host_queued_end": 1585628800.064726}, "device": "cpu", "nd_range": {"device_start": 2296574.4076331733, "device_end": 2296574.420822918}, "cmdq": 2, "read": {"device_start": -1, "device_end": -1}}, "FFC_sans_bias106": {"write": {"device_start": -1, "host_queued_start": 1585628800.064679, "device_queued": -1, "device_end": -1, "host_queued_end": 1585628800.064726}, "device": "cpu", "nd_range": {"device_start": 2296574.576716219, "device_end": 2296574.580813584}, "cmdq": 2, "read": {"device_start": -1, "device_end": -1}}, "softmax122": {"write": {"device_start": -1, "host_queued_start": 1585628799.978112, "device_queued": -1, "device_end": -1, "host_queued_end": 1585628799.982643}, "device": "gpu", "nd_range": {"device_start": 1585628733.4057415, "device_end": 1585628733.40611}, "cmdq": 4, "read": {"device_start": -1, "device_end": -1}}, "FFC_sans_bias105": {"write": {"device_start": -1, "host_queued_start": 1585628800.052487, "device_queued": -1, "device_end": -1, "host_queued_end": 1585628800.064726}, "device": "cpu", "nd_range": {"device_start": 2296574.531251878, "device_end": 2296574.54906959}, "cmdq": 2, "read": {"device_start": -1, "device_end": -1}}, "softmax95": {"write": {"device_start": -1, "host_queued_start": 1585628800.048045, "device_queued": -1, "device_end": -1, "host_queued_end": 1585628800.064726}, "device": "cpu", "nd_range": {"device_start": 2296574.448076593, "device_end": 2296574.448831976}, "cmdq": 1, "read": {"device_start": -1, "device_end": -1}}, "coalesced_transpose57": {"write": {"device_start": -1, "host_queued_start": 1585628800.03909, "device_queued": -1, "device_end": -1, "host_queued_end": 1585628800.064726}, "device": "cpu", "nd_range": {"device_start": 2296574.4289190993, "device_end": 2296574.429175556}, "cmdq": 0, "read": {"device_start": -1, "device_end": -1}}, "empty26": {"write": {"device_start": -1, "host_queued_start": 1585628799.986192, "device_queued": -1, "device_end": -1, "host_queued_end": 1585628800.064726}, "device": "cpu", "nd_range": {"device_start": 2296574.25451308, "device_end": 2296574.25451751}, "cmdq": 2, "read": {"device_start": -1, "device_end": -1}}, "softmax113": {"write": {"device_start": -1, "host_queued_start": 1585628799.977864, "device_queued": -1, "device_end": -1, "host_queued_end": 1585628799.982643}, "device": "gpu", "nd_range": {"device_start": 1585628733.4050899, "device_end": 1585628733.4057364}, "cmdq": 3, "read": {"device_start": -1, "device_end": -1}}, "FFC_sans_bias11": {"write": {"device_start": -1, "host_queued_start": 1585628800.000155, "device_queued": -1, "device_end": -1, "host_queued_end": 1585628800.064726}, "device": "cpu", "nd_range": {"device_start": 2296574.270153725, "device_end": 2296574.281275425}, "cmdq": 2, "read": {"device_start": -1, "device_end": -1}}, "FFC_sans_bias42": {"write": {"device_start": -1, "host_queued_start": 1585628800.050054, "device_queued": -1, "device_end": -1, "host_queued_end": 1585628800.064726}, "device": "cpu", "nd_range": {"device_start": 2296574.463527225, "device_end": 2296574.471205993}, "cmdq": 1, "read": {"device_start": -1, "device_end": -1}}, "FFC_sans_bias43": {"write": {"device_start": -1, "host_queued_start": 1585628800.057681, "device_queued": -1, "device_end": -1, "host_queued_end": 1585628800.064726}, "device": "cpu", "nd_range": {"device_start": 2296574.527791553, "device_end": 2296574.5447041853}, "cmdq": 1, "read": {"device_start": -1, "device_end": -1}}, "FFC_sans_bias40": {"write": {"device_start": -1, "host_queued_start": 1585628800.042556, "device_queued": -1, "device_end": -1, "host_queued_end": 1585628800.064726}, "device": "cpu", "nd_range": {"device_start": 2296574.4019802613, "device_end": 2296574.410169507}, "cmdq": 1, "read": {"device_start": -1, "device_end": -1}}, "FFC_sans_bias46": {"write": {"device_start": -1, "host_queued_start": 1585628800.014967, "device_queued": -1, "device_end": -1, "host_queued_end": 1585628800.064726}, "device": "cpu", "nd_range": {"device_start": 2296574.3064546403, "device_end": 2296574.3150129253}, "cmdq": 1, "read": {"device_start": -1, "device_end": -1}}, "FFC_sans_bias47": {"write": {"device_start": -1, "host_queued_start": 1585628800.016167, "device_queued": -1, "device_end": -1, "host_queued_end": 1585628800.064726}, "device": "cpu", "nd_range": {"device_start": 2296574.325433831, "device_end": 2296574.3389589293}, "cmdq": 2, "read": {"device_start": -1, "device_end": -1}}, "FFC_sans_bias45": {"write": {"device_start": -1, "host_queued_start": 1585628800.013782, "device_queued": -1, "device_end": -1, "host_queued_end": 1585628800.064726}, "device": "cpu", "nd_range": {"device_start": 2296574.339592528, "device_end": 2296574.346722253}, "cmdq": 0, "read": {"device_start": -1, "device_end": -1}}, "FFC_sans_bias49": {"write": {"device_start": -1, "host_queued_start": 1585628800.042905, "device_queued": -1, "device_end": -1, "host_queued_end": 1585628800.064726}, "device": "cpu", "nd_range": {"device_start": 2296574.432534118, "device_end": 2296574.44533162}, "cmdq": 2, "read": {"device_start": -1, "device_end": -1}}, "softmax77": {"write": {"device_start": -1, "host_queued_start": 1585628800.047494, "device_queued": -1, "device_end": -1, "host_queued_end": 1585628800.064726}, "device": "cpu", "nd_range": {"device_start": 2296574.475829664, "device_end": 2296574.4760478293}, "cmdq": 2, "read": {"device_start": -1, "device_end": -1}}, "empty134": {"write": {"device_start": 1585628733.399568, "host_queued_start": 1585628799.965867, "device_queued": 1585628733.3993719, "device_end": 1585628733.3996341, "host_queued_end": 1585628799.982643}, "device": "gpu", "nd_range": {"device_start": 1585628733.3996382, "device_end": 1585628733.3996437}, "cmdq": 2, "read": {"device_start": -1, "device_end": -1}}, "FFC_sans_bias119": {"write": {"device_start": 1585628733.4004545, "host_queued_start": 1585628799.972353, "device_queued": 1585628733.3999352, "device_end": 1585628733.4004788, "host_queued_end": 1585628799.982643}, "device": "gpu", "nd_range": {"device_start": 1585628733.400485, "device_end": 1585628733.402753}, "cmdq": 3, "read": {"device_start": -1, "device_end": -1}}, "FFC_sans_bias118": {"write": {"device_start": 1585628733.400074, "host_queued_start": 1585628799.971272, "device_queued": 1585628733.3999202, "device_end": 1585628733.4000988, "host_queued_end": 1585628799.982643}, "device": "gpu", "nd_range": {"device_start": 1585628733.4001405, "device_end": 1585628733.4022992}, "cmdq": 2, "read": {"device_start": -1, "device_end": -1}}, "FFC_sans_bias115": {"write": {"device_start": 1585628733.4062371, "host_queued_start": 1585628799.980388, "device_queued": 1585628733.4012418, "device_end": 1585628733.4062676, "host_queued_end": 1585628799.982643}, "device": "gpu", "nd_range": {"device_start": 1585628733.407348, "device_end": 1585628733.4087172}, "cmdq": 4, "read": {"device_start": 1585628733.4087265, "device_end": 1585628733.4087489}}, "FFC_sans_bias114": {"write": {"device_start": -1, "host_queued_start": 1585628799.978722, "device_queued": -1, "device_end": -1, "host_queued_end": 1585628799.982643}, "device": "gpu", "nd_range": {"device_start": 1585628733.405748, "device_end": 1585628733.4063504}, "cmdq": 1, "read": {"device_start": -1, "device_end": -1}}, "FFC_sans_bias117": {"write": {"device_start": 1585628733.3999882, "host_queued_start": 1585628799.970117, "device_queued": 1585628733.399898, "device_end": 1585628733.400068, "host_queued_end": 1585628799.982643}, "device": "gpu", "nd_range": {"device_start": 1585628733.4001167, "device_end": 1585628733.4017603}, "cmdq": 1, "read": {"device_start": -1, "device_end": -1}}, "softmax5": {"write": {"device_start": -1, "host_queued_start": 1585628800.045284, "device_queued": -1, "device_end": -1, "host_queued_end": 1585628800.064726}, "device": "cpu", "nd_range": {"device_start": 2296574.4799740002, "device_end": 2296574.480197865}, "cmdq": 0, "read": {"device_start": -1, "device_end": -1}}, "FFC_sans_bias110": {"write": {"device_start": 1585628733.3998833, "host_queued_start": 1585628799.969067, "device_queued": 1585628733.399677, "device_end": 1585628733.3999152, "host_queued_end": 1585628799.982643}, "device": "gpu", "nd_range": {"device_start": 1585628733.3999178, "device_end": 1585628733.401361}, "cmdq": 0, "read": {"device_start": -1, "device_end": -1}}, "FFC_sans_bias112": {"write": {"device_start": -1, "host_queued_start": 1585628799.976985, "device_queued": -1, "device_end": -1, "host_queued_end": 1585628799.982643}, "device": "gpu", "nd_range": {"device_start": 1585628733.4040904, "device_end": 1585628733.4047012}, "cmdq": 0, "read": {"device_start": -1, "device_end": -1}}, "empty53": {"write": {"device_start": -1, "host_queued_start": 1585628799.98869, "device_queued": -1, "device_end": -1, "host_queued_end": 1585628800.064726}, "device": "cpu", "nd_range": {"device_start": 2296574.254534333, "device_end": 2296574.254535206}, "cmdq": 2, "read": {"device_start": -1, "device_end": -1}}, "coalesced_transpose48": {"write": {"device_start": -1, "host_queued_start": 1585628800.038738, "device_queued": -1, "device_end": -1, "host_queued_end": 1585628800.064726}, "device": "cpu", "nd_range": {"device_start": 2296574.421325535, "device_end": 2296574.421583562}, "cmdq": 2, "read": {"device_start": -1, "device_end": -1}}}