{"FFC_sans_bias4": {"write": {"device_start": -1, "host_queued_start": 1585628157.152502, "device_queued": -1, "device_end": -1, "host_queued_end": 1585628157.16304}, "device": "cpu", "nd_range": {"device_start": 2295931.429709374, "device_end": 2295931.445039967}, "cmdq": 0, "read": {"device_start": -1, "device_end": -1}}, "FFC_sans_bias7": {"write": {"device_start": -1, "host_queued_start": 1585628157.158973, "device_queued": -1, "device_end": -1, "host_queued_end": 1585628157.16304}, "device": "cpu", "nd_range": {"device_start": 2295931.4610534953, "device_end": 2295931.476361034}, "cmdq": 0, "read": {"device_start": -1, "device_end": -1}}, "FFC_sans_bias6": {"write": {"device_start": -1, "host_queued_start": 1585628157.156101, "device_queued": -1, "device_end": -1, "host_queued_end": 1585628157.16304}, "device": "cpu", "nd_range": {"device_start": 2295931.4453831473, "device_end": 2295931.460944936}, "cmdq": 0, "read": {"device_start": -1, "device_end": -1}}, "FFC_sans_bias1": {"write": {"device_start": -1, "host_queued_start": 1585628157.135546, "device_queued": -1, "device_end": -1, "host_queued_end": 1585628157.16304}, "device": "cpu", "nd_range": {"device_start": 2295931.353071419, "device_end": 2295931.368337537}, "cmdq": 1, "read": {"device_start": -1, "device_end": -1}}, "FFC_sans_bias0": {"write": {"device_start": -1, "host_queued_start": 1585628157.134243, "device_queued": -1, "device_end": -1, "host_queued_end": 1585628157.16304}, "device": "cpu", "nd_range": {"device_start": 2295931.352700512, "device_end": 2295931.369834713}, "cmdq": 0, "read": {"device_start": -1, "device_end": -1}}, "FFC_sans_bias2": {"write": {"device_start": -1, "host_queued_start": 1585628157.136721, "device_queued": -1, "device_end": -1, "host_queued_end": 1585628157.16304}, "device": "cpu", "nd_range": {"device_start": 2295931.369957194, "device_end": 2295931.385748193}, "cmdq": 2, "read": {"device_start": -1, "device_end": -1}}, "coalesced_transpose120": {"write": {"device_start": -1, "host_queued_start": 1585628157.106887, "device_queued": -1, "device_end": -1, "host_queued_end": 1585628157.126985}, "device": "gpu", "nd_range": {"device_start": 1585628090.576458, "device_end": 1585628090.5764692}, "cmdq": 0, "read": {"device_start": -1, "device_end": -1}}, "FFC_sans_bias9": {"write": {"device_start": -1, "host_queued_start": 1585628157.137953, "device_queued": -1, "device_end": -1, "host_queued_end": 1585628157.16304}, "device": "cpu", "nd_range": {"device_start": 2295931.3526840312, "device_end": 2295931.3679201743}, "cmdq": 3, "read": {"device_start": -1, "device_end": -1}}, "empty71": {"write": {"device_start": 1585628090.5609946, "host_queued_start": 1585628157.06643, "device_queued": 1585628090.5608037, "device_end": 1585628090.5610716, "host_queued_end": 1585628157.126985}, "device": "gpu", "nd_range": {"device_start": 1585628090.5610764, "device_end": 1585628090.5610802}, "cmdq": 0, "read": {"device_start": -1, "device_end": -1}}, "softmax41": {"write": {"device_start": -1, "host_queued_start": 1585628157.155668, "device_queued": -1, "device_end": -1, "host_queued_end": 1585628157.16304}, "device": "cpu", "nd_range": {"device_start": 2295931.455603923, "device_end": 2295931.4558127043}, "cmdq": 4, "read": {"device_start": -1, "device_end": -1}}, "FFC_sans_bias37": {"write": {"device_start": -1, "host_queued_start": 1585628157.149241, "device_queued": -1, "device_end": -1, "host_queued_end": 1585628157.16304}, "device": "cpu", "nd_range": {"device_start": 2295931.38342384, "device_end": 2295931.398677537}, "cmdq": 3, "read": {"device_start": -1, "device_end": -1}}, "FFC_sans_bias36": {"write": {"device_start": -1, "host_queued_start": 1585628157.148175, "device_queued": -1, "device_end": -1, "host_queued_end": 1585628157.16304}, "device": "cpu", "nd_range": {"device_start": 2295931.40198074, "device_end": 2295931.4174714833}, "cmdq": 2, "read": {"device_start": -1, "device_end": -1}}, "FFC_sans_bias34": {"write": {"device_start": -1, "host_queued_start": 1585628157.161989, "device_queued": -1, "device_end": -1, "host_queued_end": 1585628157.16304}, "device": "cpu", "nd_range": {"device_start": 2295931.47641613, "device_end": 2295931.4830908594}, "cmdq": 3, "read": {"device_start": -1, "device_end": -1}}, "FFC_sans_bias33": {"write": {"device_start": -1, "host_queued_start": 1585628157.157386, "device_queued": -1, "device_end": -1, "host_queued_end": 1585628157.16304}, "device": "cpu", "nd_range": {"device_start": 2295931.4614102663, "device_end": 2295931.4764089}, "cmdq": 3, "read": {"device_start": -1, "device_end": -1}}, "FFC_sans_bias31": {"write": {"device_start": -1, "host_queued_start": 1585628157.153547, "device_queued": -1, "device_end": -1, "host_queued_end": 1585628157.16304}, "device": "cpu", "nd_range": {"device_start": 2295931.4458139474, "device_end": 2295931.461155318}, "cmdq": 3, "read": {"device_start": -1, "device_end": -1}}, "FFC_sans_bias38": {"write": {"device_start": -1, "host_queued_start": 1585628157.15033, "device_queued": -1, "device_end": -1, "host_queued_end": 1585628157.16304}, "device": "cpu", "nd_range": {"device_start": 2295931.402256216, "device_end": 2295931.42719811}, "cmdq": 4, "read": {"device_start": -1, "device_end": -1}}, "coalesced_transpose75": {"write": {"device_start": -1, "host_queued_start": 1585628157.105323, "device_queued": -1, "device_end": -1, "host_queued_end": 1585628157.126985}, "device": "gpu", "nd_range": {"device_start": 1585628090.5764813, "device_end": 1585628090.5768933}, "cmdq": 1, "read": {"device_start": -1, "device_end": -1}}, "empty44": {"write": {"device_start": -1, "host_queued_start": 1585628157.133116, "device_queued": -1, "device_end": -1, "host_queued_end": 1585628157.16304}, "device": "cpu", "nd_range": {"device_start": 2295931.35267674, "device_end": 2295931.352677762}, "cmdq": 4, "read": {"device_start": -1, "device_end": -1}}, "empty8": {"write": {"device_start": -1, "host_queued_start": 1585628157.128727, "device_queued": -1, "device_end": -1, "host_queued_end": 1585628157.16304}, "device": "cpu", "nd_range": {"device_start": 2295931.352677113, "device_end": 2295931.352681364}, "cmdq": 0, "read": {"device_start": -1, "device_end": -1}}, "softmax50": {"write": {"device_start": -1, "host_queued_start": 1585628157.11078, "device_queued": -1, "device_end": -1, "host_queued_end": 1585628157.126985}, "device": "gpu", "nd_range": {"device_start": 1585628090.5809908, "device_end": 1585628090.5814872}, "cmdq": 0, "read": {"device_start": -1, "device_end": -1}}, "softmax59": {"write": {"device_start": -1, "host_queued_start": 1585628157.111033, "device_queued": -1, "device_end": -1, "host_queued_end": 1585628157.126985}, "device": "gpu", "nd_range": {"device_start": 1585628090.5814428, "device_end": 1585628090.581649}, "cmdq": 1, "read": {"device_start": -1, "device_end": -1}}, "FFC_sans_bias24": {"write": {"device_start": -1, "host_queued_start": 1585628157.15695, "device_queued": -1, "device_end": -1, "host_queued_end": 1585628157.16304}, "device": "cpu", "nd_range": {"device_start": 2295931.435115335, "device_end": 2295931.45115283}, "cmdq": 2, "read": {"device_start": -1, "device_end": -1}}, "FFC_sans_bias25": {"write": {"device_start": -1, "host_queued_start": 1585628157.161001, "device_queued": -1, "device_end": -1, "host_queued_end": 1585628157.16304}, "device": "cpu", "nd_range": {"device_start": 2295931.451163882, "device_end": 2295931.46829839}, "cmdq": 2, "read": {"device_start": -1, "device_end": -1}}, "FFC_sans_bias27": {"write": {"device_start": -1, "host_queued_start": 1585628157.145002, "device_queued": -1, "device_end": -1, "host_queued_end": 1585628157.16304}, "device": "cpu", "nd_range": {"device_start": 2295931.371666336, "device_end": 2295931.395245557}, "cmdq": 4, "read": {"device_start": -1, "device_end": -1}}, "FFC_sans_bias20": {"write": {"device_start": -1, "host_queued_start": 1585628157.143939, "device_queued": -1, "device_end": -1, "host_queued_end": 1585628157.16304}, "device": "cpu", "nd_range": {"device_start": 2295931.368065183, "device_end": 2295931.383282212}, "cmdq": 3, "read": {"device_start": -1, "device_end": -1}}, "FFC_sans_bias22": {"write": {"device_start": -1, "host_queued_start": 1585628157.153201, "device_queued": -1, "device_end": -1, "host_queued_end": 1585628157.16304}, "device": "cpu", "nd_range": {"device_start": 2295931.417950148, "device_end": 2295931.434671989}, "cmdq": 2, "read": {"device_start": -1, "device_end": -1}}, "FFC_sans_bias130": {"write": {"device_start": -1, "host_queued_start": 1585628157.110515, "device_queued": -1, "device_end": -1, "host_queued_end": 1585628157.126985}, "device": "gpu", "nd_range": {"device_start": 1585628090.5805228, "device_end": 1585628090.5814412}, "cmdq": 1, "read": {"device_start": -1, "device_end": -1}}, "FFC_sans_bias28": {"write": {"device_start": -1, "host_queued_start": 1585628157.146042, "device_queued": -1, "device_end": -1, "host_queued_end": 1585628157.16304}, "device": "cpu", "nd_range": {"device_start": 2295931.4140582113, "device_end": 2295931.4292227062}, "cmdq": 0, "read": {"device_start": -1, "device_end": -1}}, "FFC_sans_bias29": {"write": {"device_start": -1, "host_queued_start": 1585628157.147124, "device_queued": -1, "device_end": -1, "host_queued_end": 1585628157.16304}, "device": "cpu", "nd_range": {"device_start": 2295931.383705426, "device_end": 2295931.3988675573}, "cmdq": 1, "read": {"device_start": -1, "device_end": -1}}, "coalesced_transpose66": {"write": {"device_start": -1, "host_queued_start": 1585628157.105015, "device_queued": -1, "device_end": -1, "host_queued_end": 1585628157.126985}, "device": "gpu", "nd_range": {"device_start": 1585628090.576378, "device_end": 1585628090.576397}, "cmdq": 0, "read": {"device_start": -1, "device_end": -1}}, "coalesced_transpose93": {"write": {"device_start": -1, "host_queued_start": 1585628157.105963, "device_queued": -1, "device_end": -1, "host_queued_end": 1585628157.126985}, "device": "gpu", "nd_range": {"device_start": 1585628090.576902, "device_end": 1585628090.5769196}, "cmdq": 1, "read": {"device_start": -1, "device_end": -1}}, "softmax23": {"write": {"device_start": -1, "host_queued_start": 1585628157.154953, "device_queued": -1, "device_end": -1, "host_queued_end": 1585628157.16304}, "device": "cpu", "nd_range": {"device_start": 2295931.434792907, "device_end": 2295931.435003941}, "cmdq": 2, "read": {"device_start": -1, "device_end": -1}}, "empty62": {"write": {"device_start": 1585628090.5608606, "host_queued_start": 1585628157.065576, "device_queued": 1585628090.56076, "device_end": 1585628090.56092, "host_queued_end": 1585628157.126985}, "device": "gpu", "nd_range": {"device_start": 1585628090.5609236, "device_end": 1585628090.5609276}, "cmdq": 1, "read": {"device_start": -1, "device_end": -1}}, "FFC_sans_bias10": {"write": {"device_start": -1, "host_queued_start": 1585628157.139162, "device_queued": -1, "device_end": -1, "host_queued_end": 1585628157.16304}, "device": "cpu", "nd_range": {"device_start": 2295931.352685425, "device_end": 2295931.368203225}, "cmdq": 4, "read": {"device_start": -1, "device_end": -1}}, "FFC_sans_bias13": {"write": {"device_start": -1, "host_queued_start": 1585628157.152854, "device_queued": -1, "device_end": -1, "host_queued_end": 1585628157.16304}, "device": "cpu", "nd_range": {"device_start": 2295931.399349046, "device_end": 2295931.4145001043}, "cmdq": 1, "read": {"device_start": -1, "device_end": -1}}, "FFC_sans_bias15": {"write": {"device_start": -1, "host_queued_start": 1585628157.156541, "device_queued": -1, "device_end": -1, "host_queued_end": 1585628157.16304}, "device": "cpu", "nd_range": {"device_start": 2295931.414975026, "device_end": 2295931.430314008}, "cmdq": 1, "read": {"device_start": -1, "device_end": -1}}, "FFC_sans_bias16": {"write": {"device_start": -1, "host_queued_start": 1585628157.160011, "device_queued": -1, "device_end": -1, "host_queued_end": 1585628157.16304}, "device": "cpu", "nd_range": {"device_start": 2295931.430429886, "device_end": 2295931.4455500133}, "cmdq": 1, "read": {"device_start": -1, "device_end": -1}}, "FFC_sans_bias19": {"write": {"device_start": -1, "host_queued_start": 1585628157.142862, "device_queued": -1, "device_end": -1, "host_queued_end": 1585628157.16304}, "device": "cpu", "nd_range": {"device_start": 2295931.385873041, "device_end": 2295931.401857541}, "cmdq": 2, "read": {"device_start": -1, "device_end": -1}}, "FFC_sans_bias18": {"write": {"device_start": -1, "host_queued_start": 1585628157.141616, "device_queued": -1, "device_end": -1, "host_queued_end": 1585628157.16304}, "device": "cpu", "nd_range": {"device_start": 2295931.368466727, "device_end": 2295931.3835829473}, "cmdq": 1, "read": {"device_start": -1, "device_end": -1}}, "FFC_sans_bias99": {"write": {"device_start": 1585628090.57034, "host_queued_start": 1585628157.092458, "device_queued": 1585628090.563451, "device_end": 1585628090.5703652, "host_queued_end": 1585628157.126985}, "device": "gpu", "nd_range": {"device_start": 1585628090.5703707, "device_end": 1585628090.571175}, "cmdq": 0, "read": {"device_start": -1, "device_end": -1}}, "FFC_sans_bias91": {"write": {"device_start": 1585628090.569347, "host_queued_start": 1585628157.090374, "device_queued": 1585628090.5632882, "device_end": 1585628090.5693727, "host_queued_end": 1585628157.126985}, "device": "gpu", "nd_range": {"device_start": 1585628090.5693786, "device_end": 1585628090.5702147}, "cmdq": 0, "read": {"device_start": -1, "device_end": -1}}, "FFC_sans_bias90": {"write": {"device_start": 1585628090.5688589, "host_queued_start": 1585628157.089313, "device_queued": 1585628090.563252, "device_end": 1585628090.5688853, "host_queued_end": 1585628157.126985}, "device": "gpu", "nd_range": {"device_start": 1585628090.568891, "device_end": 1585628090.5696778}, "cmdq": 1, "read": {"device_start": -1, "device_end": -1}}, "coalesced_transpose12": {"write": {"device_start": -1, "host_queued_start": 1585628157.151026, "device_queued": -1, "device_end": -1, "host_queued_end": 1585628157.16304}, "device": "cpu", "nd_range": {"device_start": 2295931.398983491, "device_end": 2295931.3992370414}, "cmdq": 1, "read": {"device_start": -1, "device_end": -1}}, "FFC_sans_bias94": {"write": {"device_start": -1, "host_queued_start": 1585628157.109108, "device_queued": -1, "device_end": -1, "host_queued_end": 1585628157.126985}, "device": "gpu", "nd_range": {"device_start": 1585628090.5785735, "device_end": 1585628090.5795312}, "cmdq": 1, "read": {"device_start": -1, "device_end": -1}}, "FFC_sans_bias97": {"write": {"device_start": 1585628090.5894308, "host_queued_start": 1585628157.122655, "device_queued": 1585628090.5674434, "device_end": 1585628090.5894623, "host_queued_end": 1585628157.126985}, "device": "gpu", "nd_range": {"device_start": 1585628090.5894668, "device_end": 1585628090.5901651}, "cmdq": 1, "read": {"device_start": 1585628090.590169, "device_end": 1585628090.5901935}}, "FFC_sans_bias96": {"write": {"device_start": -1, "host_queued_start": 1585628157.115002, "device_queued": -1, "device_end": -1, "host_queued_end": 1585628157.126985}, "device": "gpu", "nd_range": {"device_start": 1585628090.5843265, "device_end": 1585628090.5853255}, "cmdq": 1, "read": {"device_start": -1, "device_end": -1}}, "FFC_sans_bias124": {"write": {"device_start": 1585628090.5908668, "host_queued_start": 1585628157.125821, "device_queued": 1585628090.5677247, "device_end": 1585628090.590905, "host_queued_end": 1585628157.126985}, "device": "gpu", "nd_range": {"device_start": 1585628090.5909076, "device_end": 1585628090.5916383}, "cmdq": 0, "read": {"device_start": 1585628090.5916412, "device_end": 1585628090.5916674}}, "FFC_sans_bias126": {"write": {"device_start": 1585628090.5751655, "host_queued_start": 1585628157.102978, "device_queued": 1585628090.5646195, "device_end": 1585628090.5751915, "host_queued_end": 1585628157.126985}, "device": "gpu", "nd_range": {"device_start": 1585628090.5751967, "device_end": 1585628090.5760083}, "cmdq": 0, "read": {"device_start": -1, "device_end": -1}}, "softmax32": {"write": {"device_start": -1, "host_queued_start": 1585628157.155298, "device_queued": -1, "device_end": -1, "host_queued_end": 1585628157.16304}, "device": "cpu", "nd_range": {"device_start": 2295931.4611629033, "device_end": 2295931.461403523}, "cmdq": 3, "read": {"device_start": -1, "device_end": -1}}, "coalesced_transpose84": {"write": {"device_start": -1, "host_queued_start": 1585628157.105652, "device_queued": -1, "device_end": -1, "host_queued_end": 1585628157.126985}, "device": "gpu", "nd_range": {"device_start": 1585628090.5764036, "device_end": 1585628090.5764227}, "cmdq": 0, "read": {"device_start": -1, "device_end": -1}}, "FFC_sans_bias121": {"write": {"device_start": -1, "host_queued_start": 1585628157.110086, "device_queued": -1, "device_end": -1, "host_queued_end": 1585628157.126985}, "device": "gpu", "nd_range": {"device_start": 1585628090.5800257, "device_end": 1585628090.5809898}, "cmdq": 0, "read": {"device_start": -1, "device_end": -1}}, "empty98": {"write": {"device_start": 1585628090.5613475, "host_queued_start": 1585628157.068929, "device_queued": 1585628090.5611758, "device_end": 1585628090.5614212, "host_queued_end": 1585628157.126985}, "device": "gpu", "nd_range": {"device_start": 1585628090.5614266, "device_end": 1585628090.5614316}, "cmdq": 1, "read": {"device_start": -1, "device_end": -1}}, "empty107": {"write": {"device_start": 1585628090.5614364, "host_queued_start": 1585628157.069772, "device_queued": 1585628090.561212, "device_end": 1585628090.5614676, "host_queued_end": 1585628157.126985}, "device": "gpu", "nd_range": {"device_start": 1585628090.5614746, "device_end": 1585628090.5614793}, "cmdq": 0, "read": {"device_start": -1, "device_end": -1}}, "empty17": {"write": {"device_start": -1, "host_queued_start": 1585628157.129947, "device_queued": -1, "device_end": -1, "host_queued_end": 1585628157.16304}, "device": "cpu", "nd_range": {"device_start": 2295931.352648002, "device_end": 2295931.352658476}, "cmdq": 1, "read": {"device_start": -1, "device_end": -1}}, "FFC_sans_bias87": {"write": {"device_start": -1, "host_queued_start": 1585628157.114653, "device_queued": -1, "device_end": -1, "host_queued_end": 1585628157.126985}, "device": "gpu", "nd_range": {"device_start": 1585628090.5838919, "device_end": 1585628090.5848515}, "cmdq": 0, "read": {"device_start": -1, "device_end": -1}}, "FFC_sans_bias85": {"write": {"device_start": -1, "host_queued_start": 1585628157.108791, "device_queued": -1, "device_end": -1, "host_queued_end": 1585628157.126985}, "device": "gpu", "nd_range": {"device_start": 1585628090.5780709, "device_end": 1585628090.5790575}, "cmdq": 0, "read": {"device_start": -1, "device_end": -1}}, "FFC_sans_bias82": {"write": {"device_start": 1585628090.5679724, "host_queued_start": 1585628157.087202, "device_queued": 1585628090.5630455, "device_end": 1585628090.5679984, "host_queued_end": 1585628157.126985}, "device": "gpu", "nd_range": {"device_start": 1585628090.568004, "device_end": 1585628090.5687394}, "cmdq": 1, "read": {"device_start": -1, "device_end": -1}}, "FFC_sans_bias83": {"write": {"device_start": 1585628090.5683496, "host_queued_start": 1585628157.088254, "device_queued": 1585628090.5631003, "device_end": 1585628090.5683763, "host_queued_end": 1585628157.126985}, "device": "gpu", "nd_range": {"device_start": 1585628090.5683818, "device_end": 1585628090.5692422}, "cmdq": 0, "read": {"device_start": -1, "device_end": -1}}, "FFC_sans_bias81": {"write": {"device_start": 1585628090.5673883, "host_queued_start": 1585628157.086158, "device_queued": 1585628090.5628812, "device_end": 1585628090.5674207, "host_queued_end": 1585628157.126985}, "device": "gpu", "nd_range": {"device_start": 1585628090.5674276, "device_end": 1585628090.5682495}, "cmdq": 0, "read": {"device_start": -1, "device_end": -1}}, "FFC_sans_bias88": {"write": {"device_start": 1585628090.5889387, "host_queued_start": 1585628157.121583, "device_queued": 1585628090.56725, "device_end": 1585628090.5889695, "host_queued_end": 1585628157.126985}, "device": "gpu", "nd_range": {"device_start": 1585628090.588973, "device_end": 1585628090.58967}, "cmdq": 0, "read": {"device_start": 1585628090.5896747, "device_end": 1585628090.5897043}}, "coalesced_transpose30": {"write": {"device_start": -1, "host_queued_start": 1585628157.151814, "device_queued": -1, "device_end": -1, "host_queued_end": 1585628157.16304}, "device": "cpu", "nd_range": {"device_start": 2295931.4455550984, "device_end": 2295931.4458053634}, "cmdq": 3, "read": {"device_start": -1, "device_end": -1}}, "FFC_sans_bias128": {"write": {"device_start": 1585628090.5746918, "host_queued_start": 1585628157.101922, "device_queued": 1585628090.5645685, "device_end": 1585628090.574718, "host_queued_end": 1585628157.126985}, "device": "gpu", "nd_range": {"device_start": 1585628090.5747252, "device_end": 1585628090.5755546}, "cmdq": 1, "read": {"device_start": -1, "device_end": -1}}, "coalesced_transpose39": {"write": {"device_start": -1, "host_queued_start": 1585628157.152149, "device_queued": -1, "device_end": -1, "host_queued_end": 1585628157.16304}, "device": "cpu", "nd_range": {"device_start": 2295931.432775435, "device_end": 2295931.4330214052}, "cmdq": 4, "read": {"device_start": -1, "device_end": -1}}, "FFC_sans_bias79": {"write": {"device_start": 1585628090.5885298, "host_queued_start": 1585628157.120521, "device_queued": 1585628090.5671835, "device_end": 1585628090.5885615, "host_queued_end": 1585628157.126985}, "device": "gpu", "nd_range": {"device_start": 1585628090.5885668, "device_end": 1585628090.5892208}, "cmdq": 1, "read": {"device_start": 1585628090.5892305, "device_end": 1585628090.5892582}}, "FFC_sans_bias78": {"write": {"device_start": -1, "host_queued_start": 1585628157.114326, "device_queued": -1, "device_end": -1, "host_queued_end": 1585628157.126985}, "device": "gpu", "nd_range": {"device_start": 1585628090.5833302, "device_end": 1585628090.5843253}, "cmdq": 1, "read": {"device_start": -1, "device_end": -1}}, "FFC_sans_bias73": {"write": {"device_start": 1585628090.566463, "host_queued_start": 1585628157.08407, "device_queued": 1585628090.562695, "device_end": 1585628090.56649, "host_queued_end": 1585628157.126985}, "device": "gpu", "nd_range": {"device_start": 1585628090.5664947, "device_end": 1585628090.5672615}, "cmdq": 0, "read": {"device_start": -1, "device_end": -1}}, "FFC_sans_bias72": {"write": {"device_start": 1585628090.5659745, "host_queued_start": 1585628157.083013, "device_queued": 1585628090.5626528, "device_end": 1585628090.566001, "host_queued_end": 1585628157.126985}, "device": "gpu", "nd_range": {"device_start": 1585628090.5660057, "device_end": 1585628090.5668256}, "cmdq": 1, "read": {"device_start": -1, "device_end": -1}}, "FFC_sans_bias70": {"write": {"device_start": 1585628090.5879967, "host_queued_start": 1585628157.119476, "device_queued": 1585628090.567055, "device_end": 1585628090.5880244, "host_queued_end": 1585628157.126985}, "device": "gpu", "nd_range": {"device_start": 1585628090.5880287, "device_end": 1585628090.5886984}, "cmdq": 0, "read": {"device_start": 1585628090.5887022, "device_end": 1585628090.588729}}, "FFC_sans_bias76": {"write": {"device_start": -1, "host_queued_start": 1585628157.108475, "device_queued": -1, "device_end": -1, "host_queued_end": 1585628157.126985}, "device": "gpu", "nd_range": {"device_start": 1585628090.577577, "device_end": 1585628090.578571}, "cmdq": 1, "read": {"device_start": -1, "device_end": -1}}, "FFC_sans_bias74": {"write": {"device_start": 1585628090.5669274, "host_queued_start": 1585628157.085116, "device_queued": 1585628090.5628355, "device_end": 1585628090.5669534, "host_queued_end": 1585628157.126985}, "device": "gpu", "nd_range": {"device_start": 1585628090.5669596, "device_end": 1585628090.5677958}, "cmdq": 1, "read": {"device_start": -1, "device_end": -1}}, "coalesced_transpose102": {"write": {"device_start": -1, "host_queued_start": 1585628157.106264, "device_queued": -1, "device_end": -1, "host_queued_end": 1585628157.126985}, "device": "gpu", "nd_range": {"device_start": 1585628090.5764322, "device_end": 1585628090.5764446}, "cmdq": 0, "read": {"device_start": -1, "device_end": -1}}, "coalesced_transpose3": {"write": {"device_start": -1, "host_queued_start": 1585628157.150692, "device_queued": -1, "device_end": -1, "host_queued_end": 1585628157.16304}, "device": "cpu", "nd_range": {"device_start": 2295931.429348623, "device_end": 2295931.429594263}, "cmdq": 0, "read": {"device_start": -1, "device_end": -1}}, "FFC_sans_bias127": {"write": {"device_start": 1585628090.5756948, "host_queued_start": 1585628157.104064, "device_queued": 1585628090.5647588, "device_end": 1585628090.575721, "host_queued_end": 1585628157.126985}, "device": "gpu", "nd_range": {"device_start": 1585628090.5757265, "device_end": 1585628090.5764635}, "cmdq": 1, "read": {"device_start": -1, "device_end": -1}}, "empty89": {"write": {"device_start": 1585628090.5612261, "host_queued_start": 1585628157.068113, "device_queued": 1585628090.5611293, "device_end": 1585628090.5612807, "host_queued_end": 1585628157.126985}, "device": "gpu", "nd_range": {"device_start": 1585628090.5612864, "device_end": 1585628090.5612905}, "cmdq": 0, "read": {"device_start": -1, "device_end": -1}}, "FFC_sans_bias123": {"write": {"device_start": -1, "host_queued_start": 1585628157.116017, "device_queued": -1, "device_end": -1, "host_queued_end": 1585628157.126985}, "device": "gpu", "nd_range": {"device_start": 1585628090.5858088, "device_end": 1585628090.5867686}, "cmdq": 0, "read": {"device_start": -1, "device_end": -1}}, "empty80": {"write": {"device_start": 1585628090.5610802, "host_queued_start": 1585628157.067295, "device_queued": 1585628090.5608468, "device_end": 1585628090.5611055, "host_queued_end": 1585628157.126985}, "device": "gpu", "nd_range": {"device_start": 1585628090.561109, "device_end": 1585628090.5611126}, "cmdq": 1, "read": {"device_start": -1, "device_end": -1}}, "empty116": {"write": {"device_start": 1585628090.5615342, "host_queued_start": 1585628157.070663, "device_queued": 1585628090.5612555, "device_end": 1585628090.5616007, "host_queued_end": 1585628157.126985}, "device": "gpu", "nd_range": {"device_start": 1585628090.5616062, "device_end": 1585628090.56161}, "cmdq": 1, "read": {"device_start": -1, "device_end": -1}}, "softmax104": {"write": {"device_start": -1, "host_queued_start": 1585628157.112291, "device_queued": -1, "device_end": -1, "host_queued_end": 1585628157.126985}, "device": "gpu", "nd_range": {"device_start": 1585628090.581906, "device_end": 1585628090.5821104}, "cmdq": 0, "read": {"device_start": -1, "device_end": -1}}, "coalesced_transpose21": {"write": {"device_start": -1, "host_queued_start": 1585628157.151362, "device_queued": -1, "device_end": -1, "host_queued_end": 1585628157.16304}, "device": "cpu", "nd_range": {"device_start": 2295931.417589359, "device_end": 2295931.417830786}, "cmdq": 2, "read": {"device_start": -1, "device_end": -1}}, "softmax14": {"write": {"device_start": -1, "host_queued_start": 1585628157.154611, "device_queued": -1, "device_end": -1, "host_queued_end": 1585628157.16304}, "device": "cpu", "nd_range": {"device_start": 2295931.414617667, "device_end": 2295931.414867347}, "cmdq": 1, "read": {"device_start": -1, "device_end": -1}}, "FFC_sans_bias69": {"write": {"device_start": -1, "host_queued_start": 1585628157.11401, "device_queued": -1, "device_end": -1, "host_queued_end": 1585628157.126985}, "device": "gpu", "nd_range": {"device_start": 1585628090.5829196, "device_end": 1585628090.5838904}, "cmdq": 0, "read": {"device_start": -1, "device_end": -1}}, "FFC_sans_bias92": {"write": {"device_start": 1585628090.5697773, "host_queued_start": 1585628157.091425, "device_queued": 1585628090.563408, "device_end": 1585628090.5698025, "host_queued_end": 1585628157.126985}, "device": "gpu", "nd_range": {"device_start": 1585628090.5698087, "device_end": 1585628090.5706568}, "cmdq": 1, "read": {"device_start": -1, "device_end": -1}}, "FFC_sans_bias60": {"write": {"device_start": -1, "host_queued_start": 1585628157.113674, "device_queued": -1, "device_end": -1, "host_queued_end": 1585628157.126985}, "device": "gpu", "nd_range": {"device_start": 1585628090.582619, "device_end": 1585628090.5833282}, "cmdq": 1, "read": {"device_start": -1, "device_end": -1}}, "FFC_sans_bias61": {"write": {"device_start": 1585628090.5874364, "host_queued_start": 1585628157.118421, "device_queued": 1585628090.5669823, "device_end": 1585628090.5874712, "host_queued_end": 1585628157.126985}, "device": "gpu", "nd_range": {"device_start": 1585628090.5874758, "device_end": 1585628090.5882692}, "cmdq": 1, "read": {"device_start": 1585628090.5882711, "device_end": 1585628090.5882976}}, "FFC_sans_bias63": {"write": {"device_start": 1585628090.5654767, "host_queued_start": 1585628157.081951, "device_queued": 1585628090.5624745, "device_end": 1585628090.5655022, "host_queued_end": 1585628157.126985}, "device": "gpu", "nd_range": {"device_start": 1585628090.565508, "device_end": 1585628090.5662925}, "cmdq": 0, "read": {"device_start": -1, "device_end": -1}}, "FFC_sans_bias64": {"write": {"device_start": 1585628090.5645628, "host_queued_start": 1585628157.079852, "device_queued": 1585628090.5622883, "device_end": 1585628090.5645893, "host_queued_end": 1585628157.126985}, "device": "gpu", "nd_range": {"device_start": 1585628090.5645945, "device_end": 1585628090.5653567}, "cmdq": 0, "read": {"device_start": -1, "device_end": -1}}, "FFC_sans_bias65": {"write": {"device_start": 1585628090.565049, "host_queued_start": 1585628157.08091, "device_queued": 1585628090.5624292, "device_end": 1585628090.5650744, "host_queued_end": 1585628157.126985}, "device": "gpu", "nd_range": {"device_start": 1585628090.5650802, "device_end": 1585628090.565847}, "cmdq": 1, "read": {"device_start": -1, "device_end": -1}}, "FFC_sans_bias67": {"write": {"device_start": -1, "host_queued_start": 1585628157.10815, "device_queued": -1, "device_end": -1, "host_queued_end": 1585628157.126985}, "device": "gpu", "nd_range": {"device_start": 1585628090.5770776, "device_end": 1585628090.5780694}, "cmdq": 0, "read": {"device_start": -1, "device_end": -1}}, "coalesced_transpose111": {"write": {"device_start": -1, "host_queued_start": 1585628157.10658, "device_queued": -1, "device_end": -1, "host_queued_end": 1585628157.126985}, "device": "gpu", "nd_range": {"device_start": 1585628090.576931, "device_end": 1585628090.5769467}, "cmdq": 1, "read": {"device_start": -1, "device_end": -1}}, "FFC_sans_bias133": {"write": {"device_start": 1585628090.5913565, "host_queued_start": 1585628157.126882, "device_queued": 1585628090.567883, "device_end": 1585628090.591388, "host_queued_end": 1585628157.126985}, "device": "gpu", "nd_range": {"device_start": 1585628090.5913908, "device_end": 1585628090.5920541}, "cmdq": 1, "read": {"device_start": 1585628090.5920577, "device_end": 1585628090.5920808}}, "FFC_sans_bias132": {"write": {"device_start": -1, "host_queued_start": 1585628157.116334, "device_queued": -1, "device_end": -1, "host_queued_end": 1585628157.126985}, "device": "gpu", "nd_range": {"device_start": 1585628090.5862942, "device_end": 1585628090.5872922}, "cmdq": 1, "read": {"device_start": -1, "device_end": -1}}, "softmax68": {"write": {"device_start": -1, "host_queued_start": 1585628157.111288, "device_queued": -1, "device_end": -1, "host_queued_end": 1585628157.126985}, "device": "gpu", "nd_range": {"device_start": 1585628090.5814888, "device_end": 1585628090.5816967}, "cmdq": 0, "read": {"device_start": -1, "device_end": -1}}, "softmax131": {"write": {"device_start": -1, "host_queued_start": 1585628157.113044, "device_queued": -1, "device_end": -1, "host_queued_end": 1585628157.126985}, "device": "gpu", "nd_range": {"device_start": 1585628090.5822752, "device_end": 1585628090.5826166}, "cmdq": 1, "read": {"device_start": -1, "device_end": -1}}, "empty125": {"write": {"device_start": 1585628090.5616438, "host_queued_start": 1585628157.071482, "device_queued": 1585628090.5614839, "device_end": 1585628090.5617115, "host_queued_end": 1585628157.126985}, "device": "gpu", "nd_range": {"device_start": 1585628090.5617194, "device_end": 1585628090.561723}, "cmdq": 0, "read": {"device_start": -1, "device_end": -1}}, "empty35": {"write": {"device_start": -1, "host_queued_start": 1585628157.132147, "device_queued": -1, "device_end": -1, "host_queued_end": 1585628157.16304}, "device": "cpu", "nd_range": {"device_start": 2295931.3526764303, "device_end": 2295931.352677441}, "cmdq": 3, "read": {"device_start": -1, "device_end": -1}}, "softmax86": {"write": {"device_start": -1, "host_queued_start": 1585628157.111791, "device_queued": -1, "device_end": -1, "host_queued_end": 1585628157.126985}, "device": "gpu", "nd_range": {"device_start": 1585628090.5816987, "device_end": 1585628090.5819044}, "cmdq": 0, "read": {"device_start": -1, "device_end": -1}}, "FFC_sans_bias55": {"write": {"device_start": 1585628090.563973, "host_queued_start": 1585628157.078783, "device_queued": 1585628090.562253, "device_end": 1585628090.564005, "host_queued_end": 1585628157.126985}, "device": "gpu", "nd_range": {"device_start": 1585628090.564009, "device_end": 1585628090.5648558}, "cmdq": 1, "read": {"device_start": -1, "device_end": -1}}, "FFC_sans_bias54": {"write": {"device_start": 1585628090.563569, "host_queued_start": 1585628157.077697, "device_queued": 1585628090.5621192, "device_end": 1585628090.5635948, "host_queued_end": 1585628157.126985}, "device": "gpu", "nd_range": {"device_start": 1585628090.5635998, "device_end": 1585628090.5644195}, "cmdq": 0, "read": {"device_start": -1, "device_end": -1}}, "FFC_sans_bias56": {"write": {"device_start": 1585628090.5629957, "host_queued_start": 1585628157.076474, "device_queued": 1585628090.562069, "device_end": 1585628090.5630262, "host_queued_end": 1585628157.126985}, "device": "gpu", "nd_range": {"device_start": 1585628090.5630295, "device_end": 1585628090.5638688}, "cmdq": 1, "read": {"device_start": -1, "device_end": -1}}, "FFC_sans_bias51": {"write": {"device_start": -1, "host_queued_start": 1585628157.113353, "device_queued": -1, "device_end": -1, "host_queued_end": 1585628157.126985}, "device": "gpu", "nd_range": {"device_start": 1585628090.5823212, "device_end": 1585628090.5829182}, "cmdq": 0, "read": {"device_start": -1, "device_end": -1}}, "FFC_sans_bias52": {"write": {"device_start": 1585628090.5869482, "host_queued_start": 1585628157.117361, "device_queued": 1585628090.5667942, "device_end": 1585628090.5869765, "host_queued_end": 1585628157.126985}, "device": "gpu", "nd_range": {"device_start": 1585628090.5869799, "device_end": 1585628090.587738}, "cmdq": 0, "read": {"device_start": 1585628090.5877473, "device_end": 1585628090.5877793}}, "FFC_sans_bias58": {"write": {"device_start": -1, "host_queued_start": 1585628157.10783, "device_queued": -1, "device_end": -1, "host_queued_end": 1585628157.126985}, "device": "gpu", "nd_range": {"device_start": 1585628090.576967, "device_end": 1585628090.577575}, "cmdq": 1, "read": {"device_start": -1, "device_end": -1}}, "FFC_sans_bias108": {"write": {"device_start": 1585628090.5717783, "host_queued_start": 1585628157.09562, "device_queued": 1585628090.5638485, "device_end": 1585628090.5718045, "host_queued_end": 1585628157.126985}, "device": "gpu", "nd_range": {"device_start": 1585628090.5718102, "device_end": 1585628090.5726333}, "cmdq": 1, "read": {"device_start": -1, "device_end": -1}}, "FFC_sans_bias109": {"write": {"device_start": 1585628090.5722492, "host_queued_start": 1585628157.096666, "device_queued": 1585628090.5639112, "device_end": 1585628090.5722764, "host_queued_end": 1585628157.126985}, "device": "gpu", "nd_range": {"device_start": 1585628090.572281, "device_end": 1585628090.573081}, "cmdq": 0, "read": {"device_start": -1, "device_end": -1}}, "coalesced_transpose129": {"write": {"device_start": -1, "host_queued_start": 1585628157.10719, "device_queued": -1, "device_end": -1, "host_queued_end": 1585628157.126985}, "device": "gpu", "nd_range": {"device_start": 1585628090.5769486, "device_end": 1585628090.5769649}, "cmdq": 1, "read": {"device_start": -1, "device_end": -1}}, "FFC_sans_bias103": {"write": {"device_start": -1, "host_queued_start": 1585628157.109427, "device_queued": -1, "device_end": -1, "host_queued_end": 1585628157.126985}, "device": "gpu", "nd_range": {"device_start": 1585628090.5790594, "device_end": 1585628090.5800233}, "cmdq": 0, "read": {"device_start": -1, "device_end": -1}}, "FFC_sans_bias100": {"write": {"device_start": 1585628090.5707707, "host_queued_start": 1585628157.093508, "device_queued": 1585628090.5636523, "device_end": 1585628090.5707977, "host_queued_end": 1585628157.126985}, "device": "gpu", "nd_range": {"device_start": 1585628090.570805, "device_end": 1585628090.5716543}, "cmdq": 1, "read": {"device_start": -1, "device_end": -1}}, "FFC_sans_bias101": {"write": {"device_start": 1585628090.5712934, "host_queued_start": 1585628157.094565, "device_queued": 1585628090.5637076, "device_end": 1585628090.5713196, "host_queued_end": 1585628157.126985}, "device": "gpu", "nd_range": {"device_start": 1585628090.571327, "device_end": 1585628090.572126}, "cmdq": 0, "read": {"device_start": -1, "device_end": -1}}, "FFC_sans_bias106": {"write": {"device_start": 1585628090.5898802, "host_queued_start": 1585628157.123713, "device_queued": 1585628090.56751, "device_end": 1585628090.5899055, "host_queued_end": 1585628157.126985}, "device": "gpu", "nd_range": {"device_start": 1585628090.5899084, "device_end": 1585628090.59066}, "cmdq": 0, "read": {"device_start": 1585628090.5906706, "device_end": 1585628090.590695}}, "softmax122": {"write": {"device_start": -1, "host_queued_start": 1585628157.112793, "device_queued": -1, "device_end": -1, "host_queued_end": 1585628157.126985}, "device": "gpu", "nd_range": {"device_start": 1585628090.5821118, "device_end": 1585628090.58232}, "cmdq": 0, "read": {"device_start": -1, "device_end": -1}}, "FFC_sans_bias105": {"write": {"device_start": -1, "host_queued_start": 1585628157.115342, "device_queued": -1, "device_end": -1, "host_queued_end": 1585628157.126985}, "device": "gpu", "nd_range": {"device_start": 1585628090.5848527, "device_end": 1585628090.5858076}, "cmdq": 0, "read": {"device_start": -1, "device_end": -1}}, "softmax95": {"write": {"device_start": -1, "host_queued_start": 1585628157.112039, "device_queued": -1, "device_end": -1, "host_queued_end": 1585628157.126985}, "device": "gpu", "nd_range": {"device_start": 1585628090.5818584, "device_end": 1585628090.5820618}, "cmdq": 1, "read": {"device_start": -1, "device_end": -1}}, "coalesced_transpose57": {"write": {"device_start": -1, "host_queued_start": 1585628157.104713, "device_queued": -1, "device_end": -1, "host_queued_end": 1585628157.126985}, "device": "gpu", "nd_range": {"device_start": 1585628090.5764647, "device_end": 1585628090.5764754}, "cmdq": 1, "read": {"device_start": -1, "device_end": -1}}, "empty26": {"write": {"device_start": -1, "host_queued_start": 1585628157.131024, "device_queued": -1, "device_end": -1, "host_queued_end": 1585628157.16304}, "device": "cpu", "nd_range": {"device_start": 2295931.352648071, "device_end": 2295931.352658485}, "cmdq": 2, "read": {"device_start": -1, "device_end": -1}}, "softmax113": {"write": {"device_start": -1, "host_queued_start": 1585628157.112546, "device_queued": -1, "device_end": -1, "host_queued_end": 1585628157.126985}, "device": "gpu", "nd_range": {"device_start": 1585628090.582063, "device_end": 1585628090.582274}, "cmdq": 1, "read": {"device_start": -1, "device_end": -1}}, "FFC_sans_bias11": {"write": {"device_start": -1, "host_queued_start": 1585628157.14042, "device_queued": -1, "device_end": -1, "host_queued_end": 1585628157.16304}, "device": "cpu", "nd_range": {"device_start": 2295931.398797286, "device_end": 2295931.414047723}, "cmdq": 0, "read": {"device_start": -1, "device_end": -1}}, "FFC_sans_bias42": {"write": {"device_start": -1, "host_queued_start": 1585628157.157776, "device_queued": -1, "device_end": -1, "host_queued_end": 1585628157.16304}, "device": "cpu", "nd_range": {"device_start": 2295931.455820103, "device_end": 2295931.47925374}, "cmdq": 4, "read": {"device_start": -1, "device_end": -1}}, "FFC_sans_bias43": {"write": {"device_start": -1, "host_queued_start": 1585628157.162996, "device_queued": -1, "device_end": -1, "host_queued_end": 1585628157.16304}, "device": "cpu", "nd_range": {"device_start": 2295931.479260839, "device_end": 2295931.485001161}, "cmdq": 4, "read": {"device_start": -1, "device_end": -1}}, "FFC_sans_bias40": {"write": {"device_start": -1, "host_queued_start": 1585628157.15393, "device_queued": -1, "device_end": -1, "host_queued_end": 1585628157.16304}, "device": "cpu", "nd_range": {"device_start": 2295931.4330279673, "device_end": 2295931.4555964763}, "cmdq": 4, "read": {"device_start": -1, "device_end": -1}}, "FFC_sans_bias46": {"write": {"device_start": 1585628090.5619376, "host_queued_start": 1585628157.07435, "device_queued": 1585628090.5618346, "device_end": 1585628090.5619633, "host_queued_end": 1585628157.126985}, "device": "gpu", "nd_range": {"device_start": 1585628090.5619674, "device_end": 1585628090.5628772}, "cmdq": 1, "read": {"device_start": -1, "device_end": -1}}, "FFC_sans_bias47": {"write": {"device_start": 1585628090.5625882, "host_queued_start": 1585628157.075433, "device_queued": 1585628090.5618865, "device_end": 1585628090.5626185, "host_queued_end": 1585628157.126985}, "device": "gpu", "nd_range": {"device_start": 1585628090.5626214, "device_end": 1585628090.5634558}, "cmdq": 0, "read": {"device_start": -1, "device_end": -1}}, "FFC_sans_bias45": {"write": {"device_start": 1585628090.561828, "host_queued_start": 1585628157.073356, "device_queued": 1585628090.561584, "device_end": 1585628090.5618584, "host_queued_end": 1585628157.126985}, "device": "gpu", "nd_range": {"device_start": 1585628090.5618682, "device_end": 1585628090.5624769}, "cmdq": 0, "read": {"device_start": -1, "device_end": -1}}, "FFC_sans_bias49": {"write": {"device_start": -1, "host_queued_start": 1585628157.107511, "device_queued": -1, "device_end": -1, "host_queued_end": 1585628157.126985}, "device": "gpu", "nd_range": {"device_start": 1585628090.576471, "device_end": 1585628090.5770752}, "cmdq": 0, "read": {"device_start": -1, "device_end": -1}}, "softmax77": {"write": {"device_start": -1, "host_queued_start": 1585628157.111543, "device_queued": -1, "device_end": -1, "host_queued_end": 1585628157.126985}, "device": "gpu", "nd_range": {"device_start": 1585628090.5816507, "device_end": 1585628090.581857}, "cmdq": 1, "read": {"device_start": -1, "device_end": -1}}, "empty134": {"write": {"device_start": 1585628090.561744, "host_queued_start": 1585628157.072301, "device_queued": 1585628090.5615332, "device_end": 1585628090.5618217, "host_queued_end": 1585628157.126985}, "device": "gpu", "nd_range": {"device_start": 1585628090.561835, "device_end": 1585628090.561845}, "cmdq": 1, "read": {"device_start": -1, "device_end": -1}}, "FFC_sans_bias119": {"write": {"device_start": 1585628090.574185, "host_queued_start": 1585628157.100879, "device_queued": 1585628090.56437, "device_end": 1585628090.5742106, "host_queued_end": 1585628157.126985}, "device": "gpu", "nd_range": {"device_start": 1585628090.5742173, "device_end": 1585628090.5750427}, "cmdq": 0, "read": {"device_start": -1, "device_end": -1}}, "FFC_sans_bias118": {"write": {"device_start": 1585628090.5737247, "host_queued_start": 1585628157.09982, "device_queued": 1585628090.5643163, "device_end": 1585628090.5737517, "host_queued_end": 1585628157.126985}, "device": "gpu", "nd_range": {"device_start": 1585628090.573757, "device_end": 1585628090.574583}, "cmdq": 1, "read": {"device_start": -1, "device_end": -1}}, "FFC_sans_bias115": {"write": {"device_start": 1585628090.5903683, "host_queued_start": 1585628157.124765, "device_queued": 1585628090.5676587, "device_end": 1585628090.5903995, "host_queued_end": 1585628157.126985}, "device": "gpu", "nd_range": {"device_start": 1585628090.5904038, "device_end": 1585628090.5911393}, "cmdq": 1, "read": {"device_start": 1585628090.5911448, "device_end": 1585628090.5911696}}, "FFC_sans_bias114": {"write": {"device_start": -1, "host_queued_start": 1585628157.115681, "device_queued": -1, "device_end": -1, "host_queued_end": 1585628157.126985}, "device": "gpu", "nd_range": {"device_start": 1585628090.5853276, "device_end": 1585628090.586293}, "cmdq": 1, "read": {"device_start": -1, "device_end": -1}}, "FFC_sans_bias117": {"write": {"device_start": 1585628090.573208, "host_queued_start": 1585628157.098772, "device_queued": 1585628090.5641563, "device_end": 1585628090.5732336, "host_queued_end": 1585628157.126985}, "device": "gpu", "nd_range": {"device_start": 1585628090.5732398, "device_end": 1585628090.5740666}, "cmdq": 0, "read": {"device_start": -1, "device_end": -1}}, "softmax5": {"write": {"device_start": -1, "host_queued_start": 1585628157.154241, "device_queued": -1, "device_end": -1, "host_queued_end": 1585628157.16304}, "device": "cpu", "nd_range": {"device_start": 2295931.445168442, "device_end": 2295931.4453759943}, "cmdq": 0, "read": {"device_start": -1, "device_end": -1}}, "FFC_sans_bias110": {"write": {"device_start": 1585628090.5727587, "host_queued_start": 1585628157.097719, "device_queued": 1585628090.564094, "device_end": 1585628090.5727844, "host_queued_end": 1585628157.126985}, "device": "gpu", "nd_range": {"device_start": 1585628090.572792, "device_end": 1585628090.5736003}, "cmdq": 1, "read": {"device_start": -1, "device_end": -1}}, "FFC_sans_bias112": {"write": {"device_start": -1, "host_queued_start": 1585628157.109749, "device_queued": -1, "device_end": -1, "host_queued_end": 1585628157.126985}, "device": "gpu", "nd_range": {"device_start": 1585628090.5795329, "device_end": 1585628090.580521}, "cmdq": 1, "read": {"device_start": -1, "device_end": -1}}, "empty53": {"write": {"device_start": 1585628090.5606992, "host_queued_start": 1585628157.06452, "device_queued": 1585628090.5605683, "device_end": 1585628090.5607266, "host_queued_end": 1585628157.126985}, "device": "gpu", "nd_range": {"device_start": 1585628090.560731, "device_end": 1585628090.5607507}, "cmdq": 0, "read": {"device_start": -1, "device_end": -1}}, "coalesced_transpose48": {"write": {"device_start": -1, "host_queued_start": 1585628157.104403, "device_queued": -1, "device_end": -1, "host_queued_end": 1585628157.126985}, "device": "gpu", "nd_range": {"device_start": 1585628090.5760102, "device_end": 1585628090.5763767}, "cmdq": 0, "read": {"device_start": -1, "device_end": -1}}}