{"FFC_sans_bias4": {"write": {"device_start": -1, "host_queued_start": 1585628253.068026, "device_queued": -1, "device_end": -1, "host_queued_end": 1585628253.078349}, "device": "cpu", "nd_range": {"device_start": 2296027.3348898073, "device_end": 2296027.341125425}, "cmdq": 1, "read": {"device_start": -1, "device_end": -1}}, "FFC_sans_bias7": {"write": {"device_start": -1, "host_queued_start": 1585628253.07426, "device_queued": -1, "device_end": -1, "host_queued_end": 1585628253.078349}, "device": "cpu", "nd_range": {"device_start": 2296027.375325027, "device_end": 2296027.384896751}, "cmdq": 0, "read": {"device_start": -1, "device_end": -1}}, "FFC_sans_bias6": {"write": {"device_start": -1, "host_queued_start": 1585628253.071491, "device_queued": -1, "device_end": -1, "host_queued_end": 1585628253.078349}, "device": "cpu", "nd_range": {"device_start": 2296027.363464083, "device_end": 2296027.3716424}, "cmdq": 1, "read": {"device_start": -1, "device_end": -1}}, "FFC_sans_bias1": {"write": {"device_start": -1, "host_queued_start": 1585628253.051284, "device_queued": -1, "device_end": -1, "host_queued_end": 1585628253.078349}, "device": "cpu", "nd_range": {"device_start": 2296027.2679963713, "device_end": 2296027.2787265494}, "cmdq": 0, "read": {"device_start": -1, "device_end": -1}}, "FFC_sans_bias0": {"write": {"device_start": -1, "host_queued_start": 1585628253.04997, "device_queued": -1, "device_end": -1, "host_queued_end": 1585628253.078349}, "device": "cpu", "nd_range": {"device_start": 2296027.267985615, "device_end": 2296027.2741089123}, "cmdq": 1, "read": {"device_start": -1, "device_end": -1}}, "FFC_sans_bias2": {"write": {"device_start": -1, "host_queued_start": 1585628253.052512, "device_queued": -1, "device_end": -1, "host_queued_end": 1585628253.078349}, "device": "cpu", "nd_range": {"device_start": 2296027.2744616373, "device_end": 2296027.2821005513}, "cmdq": 1, "read": {"device_start": -1, "device_end": -1}}, "coalesced_transpose120": {"write": {"device_start": -1, "host_queued_start": 1585628253.022157, "device_queued": -1, "device_end": -1, "host_queued_end": 1585628253.04295}, "device": "gpu", "nd_range": {"device_start": 1585628186.490453, "device_end": 1585628186.4909294}, "cmdq": 0, "read": {"device_start": -1, "device_end": -1}}, "FFC_sans_bias9": {"write": {"device_start": -1, "host_queued_start": 1585628253.053639, "device_queued": -1, "device_end": -1, "host_queued_end": 1585628253.078349}, "device": "cpu", "nd_range": {"device_start": 2296027.278859315, "device_end": 2296027.288606903}, "cmdq": 0, "read": {"device_start": -1, "device_end": -1}}, "empty71": {"write": {"device_start": 1585628186.4743464, "host_queued_start": 1585628252.978012, "device_queued": 1585628186.4741678, "device_end": 1585628186.4744155, "host_queued_end": 1585628253.04295}, "device": "gpu", "nd_range": {"device_start": 1585628186.4744205, "device_end": 1585628186.4744258}, "cmdq": 2, "read": {"device_start": -1, "device_end": -1}}, "softmax41": {"write": {"device_start": -1, "host_queued_start": 1585628253.071063, "device_queued": -1, "device_end": -1, "host_queued_end": 1585628253.078349}, "device": "cpu", "nd_range": {"device_start": 2296027.362065344, "device_end": 2296027.362211481}, "cmdq": 0, "read": {"device_start": -1, "device_end": -1}}, "FFC_sans_bias37": {"write": {"device_start": -1, "host_queued_start": 1585628253.064839, "device_queued": -1, "device_end": -1, "host_queued_end": 1585628253.078349}, "device": "cpu", "nd_range": {"device_start": 2296027.327071328, "device_end": 2296027.3346492234}, "cmdq": 0, "read": {"device_start": -1, "device_end": -1}}, "FFC_sans_bias36": {"write": {"device_start": -1, "host_queued_start": 1585628253.063794, "device_queued": -1, "device_end": -1, "host_queued_end": 1585628253.078349}, "device": "cpu", "nd_range": {"device_start": 2296027.3081032573, "device_end": 2296027.322695319}, "cmdq": 1, "read": {"device_start": -1, "device_end": -1}}, "FFC_sans_bias34": {"write": {"device_start": -1, "host_queued_start": 1585628253.077312, "device_queued": -1, "device_end": -1, "host_queued_end": 1585628253.078349}, "device": "cpu", "nd_range": {"device_start": 2296027.402772468, "device_end": 2296027.407071589}, "cmdq": 1, "read": {"device_start": -1, "device_end": -1}}, "FFC_sans_bias33": {"write": {"device_start": -1, "host_queued_start": 1585628253.072718, "device_queued": -1, "device_end": -1, "host_queued_end": 1585628253.078349}, "device": "cpu", "nd_range": {"device_start": 2296027.368149872, "device_end": 2296027.3753173393}, "cmdq": 0, "read": {"device_start": -1, "device_end": -1}}, "FFC_sans_bias31": {"write": {"device_start": -1, "host_queued_start": 1585628253.069072, "device_queued": -1, "device_end": -1, "host_queued_end": 1585628253.078349}, "device": "cpu", "nd_range": {"device_start": 2296027.344498027, "device_end": 2296027.352946877}, "cmdq": 0, "read": {"device_start": -1, "device_end": -1}}, "FFC_sans_bias38": {"write": {"device_start": -1, "host_queued_start": 1585628253.065891, "device_queued": -1, "device_end": -1, "host_queued_end": 1585628253.078349}, "device": "cpu", "nd_range": {"device_start": 2296027.322811387, "device_end": 2296027.3304131073}, "cmdq": 1, "read": {"device_start": -1, "device_end": -1}}, "coalesced_transpose75": {"write": {"device_start": -1, "host_queued_start": 1585628253.02041, "device_queued": -1, "device_end": -1, "host_queued_end": 1585628253.04295}, "device": "gpu", "nd_range": {"device_start": 1585628186.4898593, "device_end": 1585628186.489881}, "cmdq": 1, "read": {"device_start": -1, "device_end": -1}}, "empty44": {"write": {"device_start": -1, "host_queued_start": 1585628253.048848, "device_queued": -1, "device_end": -1, "host_queued_end": 1585628253.078349}, "device": "cpu", "nd_range": {"device_start": 2296027.267988222, "device_end": 2296027.2679893123}, "cmdq": 0, "read": {"device_start": -1, "device_end": -1}}, "empty8": {"write": {"device_start": -1, "host_queued_start": 1585628253.044743, "device_queued": -1, "device_end": -1, "host_queued_end": 1585628253.078349}, "device": "cpu", "nd_range": {"device_start": 2296027.267943399, "device_end": 2296027.26795455}, "cmdq": 0, "read": {"device_start": -1, "device_end": -1}}, "softmax50": {"write": {"device_start": -1, "host_queued_start": 1585628253.026389, "device_queued": -1, "device_end": -1, "host_queued_end": 1585628253.04295}, "device": "gpu", "nd_range": {"device_start": 1585628186.4949713, "device_end": 1585628186.4951742}, "cmdq": 0, "read": {"device_start": -1, "device_end": -1}}, "softmax59": {"write": {"device_start": -1, "host_queued_start": 1585628253.026652, "device_queued": -1, "device_end": -1, "host_queued_end": 1585628253.04295}, "device": "gpu", "nd_range": {"device_start": 1585628186.4940183, "device_end": 1585628186.4951916}, "cmdq": 1, "read": {"device_start": -1, "device_end": -1}}, "FFC_sans_bias24": {"write": {"device_start": -1, "host_queued_start": 1585628253.072268, "device_queued": -1, "device_end": -1, "host_queued_end": 1585628253.078349}, "device": "cpu", "nd_range": {"device_start": 2296027.3716492793, "device_end": 2296027.383930686}, "cmdq": 1, "read": {"device_start": -1, "device_end": -1}}, "FFC_sans_bias25": {"write": {"device_start": -1, "host_queued_start": 1585628253.076317, "device_queued": -1, "device_end": -1, "host_queued_end": 1585628253.078349}, "device": "cpu", "nd_range": {"device_start": 2296027.384900222, "device_end": 2296027.393197086}, "cmdq": 0, "read": {"device_start": -1, "device_end": -1}}, "FFC_sans_bias27": {"write": {"device_start": -1, "host_queued_start": 1585628253.060603, "device_queued": -1, "device_end": -1, "host_queued_end": 1585628253.078349}, "device": "cpu", "nd_range": {"device_start": 2296027.313134259, "device_end": 2296027.31982818}, "cmdq": 0, "read": {"device_start": -1, "device_end": -1}}, "FFC_sans_bias20": {"write": {"device_start": -1, "host_queued_start": 1585628253.059547, "device_queued": -1, "device_end": -1, "host_queued_end": 1585628253.078349}, "device": "cpu", "nd_range": {"device_start": 2296027.29641796, "device_end": 2296027.3021513163}, "cmdq": 1, "read": {"device_start": -1, "device_end": -1}}, "FFC_sans_bias22": {"write": {"device_start": -1, "host_queued_start": 1585628253.068728, "device_queued": -1, "device_end": -1, "host_queued_end": 1585628253.078349}, "device": "cpu", "nd_range": {"device_start": 2296027.34173296, "device_end": 2296027.353452349}, "cmdq": 1, "read": {"device_start": -1, "device_end": -1}}, "FFC_sans_bias130": {"write": {"device_start": -1, "host_queued_start": 1585628253.02603, "device_queued": -1, "device_end": -1, "host_queued_end": 1585628253.04295}, "device": "gpu", "nd_range": {"device_start": 1585628186.4930518, "device_end": 1585628186.494476}, "cmdq": 2, "read": {"device_start": -1, "device_end": -1}}, "FFC_sans_bias28": {"write": {"device_start": -1, "host_queued_start": 1585628253.061654, "device_queued": -1, "device_end": -1, "host_queued_end": 1585628253.078349}, "device": "cpu", "nd_range": {"device_start": 2296027.3022751943, "device_end": 2296027.3079846622}, "cmdq": 1, "read": {"device_start": -1, "device_end": -1}}, "FFC_sans_bias29": {"write": {"device_start": -1, "host_queued_start": 1585628253.062745, "device_queued": -1, "device_end": -1, "host_queued_end": 1585628253.078349}, "device": "cpu", "nd_range": {"device_start": 2296027.3198363213, "device_end": 2296027.326954763}, "cmdq": 0, "read": {"device_start": -1, "device_end": -1}}, "coalesced_transpose66": {"write": {"device_start": -1, "host_queued_start": 1585628253.020075, "device_queued": -1, "device_end": -1, "host_queued_end": 1585628253.04295}, "device": "gpu", "nd_range": {"device_start": 1585628186.489972, "device_end": 1585628186.4900184}, "cmdq": 0, "read": {"device_start": -1, "device_end": -1}}, "coalesced_transpose93": {"write": {"device_start": -1, "host_queued_start": 1585628253.021138, "device_queued": -1, "device_end": -1, "host_queued_end": 1585628253.04295}, "device": "gpu", "nd_range": {"device_start": 1585628186.4900277, "device_end": 1585628186.4904382}, "cmdq": 0, "read": {"device_start": -1, "device_end": -1}}, "softmax23": {"write": {"device_start": -1, "host_queued_start": 1585628253.070427, "device_queued": -1, "device_end": -1, "host_queued_end": 1585628253.078349}, "device": "cpu", "nd_range": {"device_start": 2296027.353474177, "device_end": 2296027.354538037}, "cmdq": 0, "read": {"device_start": -1, "device_end": -1}}, "empty62": {"write": {"device_start": 1585628186.4742463, "host_queued_start": 1585628252.977166, "device_queued": 1585628186.474141, "device_end": 1585628186.4743, "host_queued_end": 1585628253.04295}, "device": "gpu", "nd_range": {"device_start": 1585628186.4743097, "device_end": 1585628186.4743168}, "cmdq": 1, "read": {"device_start": -1, "device_end": -1}}, "FFC_sans_bias10": {"write": {"device_start": -1, "host_queued_start": 1585628253.054867, "device_queued": -1, "device_end": -1, "host_queued_end": 1585628253.078349}, "device": "cpu", "nd_range": {"device_start": 2296027.282220656, "device_end": 2296027.288663642}, "cmdq": 1, "read": {"device_start": -1, "device_end": -1}}, "FFC_sans_bias13": {"write": {"device_start": -1, "host_queued_start": 1585628253.068383, "device_queued": -1, "device_end": -1, "host_queued_end": 1585628253.078349}, "device": "cpu", "nd_range": {"device_start": 2296027.33552572, "device_end": 2296027.3443745063}, "cmdq": 0, "read": {"device_start": -1, "device_end": -1}}, "FFC_sans_bias15": {"write": {"device_start": -1, "host_queued_start": 1585628253.071912, "device_queued": -1, "device_end": -1, "host_queued_end": 1585628253.078349}, "device": "cpu", "nd_range": {"device_start": 2296027.362393752, "device_end": 2296027.3681404563}, "cmdq": 0, "read": {"device_start": -1, "device_end": -1}}, "FFC_sans_bias16": {"write": {"device_start": -1, "host_queued_start": 1585628253.075331, "device_queued": -1, "device_end": -1, "host_queued_end": 1585628253.078349}, "device": "cpu", "nd_range": {"device_start": 2296027.394660246, "device_end": 2296027.402765518}, "cmdq": 1, "read": {"device_start": -1, "device_end": -1}}, "FFC_sans_bias19": {"write": {"device_start": -1, "host_queued_start": 1585628253.058454, "device_queued": -1, "device_end": -1, "host_queued_end": 1585628253.078349}, "device": "cpu", "nd_range": {"device_start": 2296027.303369497, "device_end": 2296027.3130144603}, "cmdq": 0, "read": {"device_start": -1, "device_end": -1}}, "FFC_sans_bias18": {"write": {"device_start": -1, "host_queued_start": 1585628253.057276, "device_queued": -1, "device_end": -1, "host_queued_end": 1585628253.078349}, "device": "cpu", "nd_range": {"device_start": 2296027.288671615, "device_end": 2296027.2962995963}, "cmdq": 1, "read": {"device_start": -1, "device_end": -1}}, "FFC_sans_bias99": {"write": {"device_start": 1585628186.4833045, "host_queued_start": 1585628253.006237, "device_queued": 1585628186.4770808, "device_end": 1585628186.4833295, "host_queued_end": 1585628253.04295}, "device": "gpu", "nd_range": {"device_start": 1585628186.4833348, "device_end": 1585628186.4846897}, "cmdq": 1, "read": {"device_start": -1, "device_end": -1}}, "FFC_sans_bias91": {"write": {"device_start": 1585628186.4823506, "host_queued_start": 1585628253.002771, "device_queued": 1585628186.4768286, "device_end": 1585628186.4823768, "host_queued_end": 1585628253.04295}, "device": "gpu", "nd_range": {"device_start": 1585628186.4823813, "device_end": 1585628186.4837158}, "cmdq": 2, "read": {"device_start": -1, "device_end": -1}}, "FFC_sans_bias90": {"write": {"device_start": 1585628186.4818983, "host_queued_start": 1585628253.000937, "device_queued": 1585628186.4768097, "device_end": 1585628186.4819245, "host_queued_end": 1585628253.04295}, "device": "gpu", "nd_range": {"device_start": 1585628186.4819312, "device_end": 1585628186.483214}, "cmdq": 1, "read": {"device_start": -1, "device_end": -1}}, "coalesced_transpose12": {"write": {"device_start": -1, "host_queued_start": 1585628253.066559, "device_queued": -1, "device_end": -1, "host_queued_end": 1585628253.078349}, "device": "cpu", "nd_range": {"device_start": 2296027.330525436, "device_end": 2296027.3307746}, "cmdq": 1, "read": {"device_start": -1, "device_end": -1}}, "FFC_sans_bias94": {"write": {"device_start": -1, "host_queued_start": 1585628253.02462, "device_queued": -1, "device_end": -1, "host_queued_end": 1585628253.04295}, "device": "gpu", "nd_range": {"device_start": 1585628186.4910529, "device_end": 1585628186.4925702}, "cmdq": 1, "read": {"device_start": -1, "device_end": -1}}, "FFC_sans_bias97": {"write": {"device_start": 1585628186.5022402, "host_queued_start": 1585628253.038542, "device_queued": 1585628186.481348, "device_end": 1585628186.5022714, "host_queued_end": 1585628253.04295}, "device": "gpu", "nd_range": {"device_start": 1585628186.5022852, "device_end": 1585628186.5034945}, "cmdq": 1, "read": {"device_start": 1585628186.5034988, "device_end": 1585628186.503523}}, "FFC_sans_bias96": {"write": {"device_start": -1, "host_queued_start": 1585628253.030738, "device_queued": -1, "device_end": -1, "host_queued_end": 1585628253.04295}, "device": "gpu", "nd_range": {"device_start": 1585628186.4972372, "device_end": 1585628186.498634}, "cmdq": 0, "read": {"device_start": -1, "device_end": -1}}, "FFC_sans_bias124": {"write": {"device_start": 1585628186.503693, "host_queued_start": 1585628253.04177, "device_queued": 1585628186.481777, "device_end": 1585628186.503724, "host_queued_end": 1585628253.04295}, "device": "gpu", "nd_range": {"device_start": 1585628186.5037367, "device_end": 1585628186.5049329}, "cmdq": 1, "read": {"device_start": 1585628186.5049381, "device_end": 1585628186.5049605}}, "FFC_sans_bias126": {"write": {"device_start": 1585628186.4881563, "host_queued_start": 1585628253.017777, "device_queued": 1585628186.4782202, "device_end": 1585628186.4881883, "host_queued_end": 1585628253.04295}, "device": "gpu", "nd_range": {"device_start": 1585628186.488192, "device_end": 1585628186.4895043}, "cmdq": 2, "read": {"device_start": -1, "device_end": -1}}, "softmax32": {"write": {"device_start": -1, "host_queued_start": 1585628253.070755, "device_queued": -1, "device_end": -1, "host_queued_end": 1585628253.078349}, "device": "cpu", "nd_range": {"device_start": 2296027.3623979823, "device_end": 2296027.363457173}, "cmdq": 1, "read": {"device_start": -1, "device_end": -1}}, "coalesced_transpose84": {"write": {"device_start": -1, "host_queued_start": 1585628253.020765, "device_queued": -1, "device_end": -1, "host_queued_end": 1585628253.04295}, "device": "gpu", "nd_range": {"device_start": 1585628186.489873, "device_end": 1585628186.4898949}, "cmdq": 2, "read": {"device_start": -1, "device_end": -1}}, "FFC_sans_bias121": {"write": {"device_start": -1, "host_queued_start": 1585628253.02568, "device_queued": -1, "device_end": -1, "host_queued_end": 1585628253.04295}, "device": "gpu", "nd_range": {"device_start": 1585628186.4925854, "device_end": 1585628186.4940028}, "cmdq": 1, "read": {"device_start": -1, "device_end": -1}}, "empty98": {"write": {"device_start": 1585628186.474726, "host_queued_start": 1585628252.980567, "device_queued": 1585628186.4745553, "device_end": 1585628186.4748006, "host_queued_end": 1585628253.04295}, "device": "gpu", "nd_range": {"device_start": 1585628186.4748065, "device_end": 1585628186.474817}, "cmdq": 2, "read": {"device_start": -1, "device_end": -1}}, "empty107": {"write": {"device_start": 1585628186.474827, "host_queued_start": 1585628252.981378, "device_queued": 1585628186.474621, "device_end": 1585628186.4749002, "host_queued_end": 1585628253.04295}, "device": "gpu", "nd_range": {"device_start": 1585628186.474904, "device_end": 1585628186.4749076}, "cmdq": 0, "read": {"device_start": -1, "device_end": -1}}, "empty17": {"write": {"device_start": -1, "host_queued_start": 1585628253.045967, "device_queued": -1, "device_end": -1, "host_queued_end": 1585628253.078349}, "device": "cpu", "nd_range": {"device_start": 2296027.267941546, "device_end": 2296027.2679545963}, "cmdq": 1, "read": {"device_start": -1, "device_end": -1}}, "FFC_sans_bias87": {"write": {"device_start": -1, "host_queued_start": 1585628253.030376, "device_queued": -1, "device_end": -1, "host_queued_end": 1585628253.04295}, "device": "gpu", "nd_range": {"device_start": 1585628186.4966733, "device_end": 1585628186.4982154}, "cmdq": 2, "read": {"device_start": -1, "device_end": -1}}, "FFC_sans_bias85": {"write": {"device_start": -1, "host_queued_start": 1585628253.024267, "device_queued": -1, "device_end": -1, "host_queued_end": 1585628253.04295}, "device": "gpu", "nd_range": {"device_start": 1585628186.4920437, "device_end": 1585628186.4935071}, "cmdq": 0, "read": {"device_start": -1, "device_end": -1}}, "FFC_sans_bias82": {"write": {"device_start": 1585628186.4809108, "host_queued_start": 1585628252.998786, "device_queued": 1585628186.476457, "device_end": 1585628186.4809353, "host_queued_end": 1585628253.04295}, "device": "gpu", "nd_range": {"device_start": 1585628186.4809396, "device_end": 1585628186.4822576}, "cmdq": 2, "read": {"device_start": -1, "device_end": -1}}, "FFC_sans_bias83": {"write": {"device_start": 1585628186.4814095, "host_queued_start": 1585628252.999834, "device_queued": 1585628186.476683, "device_end": 1585628186.4814365, "host_queued_end": 1585628253.04295}, "device": "gpu", "nd_range": {"device_start": 1585628186.4814444, "device_end": 1585628186.4827454}, "cmdq": 0, "read": {"device_start": -1, "device_end": -1}}, "FFC_sans_bias81": {"write": {"device_start": 1585628186.4804642, "host_queued_start": 1585628252.997736, "device_queued": 1585628186.4764242, "device_end": 1585628186.480496, "host_queued_end": 1585628253.04295}, "device": "gpu", "nd_range": {"device_start": 1585628186.4805012, "device_end": 1585628186.4817755}, "cmdq": 1, "read": {"device_start": -1, "device_end": -1}}, "FFC_sans_bias88": {"write": {"device_start": 1585628186.5018134, "host_queued_start": 1585628253.037452, "device_queued": 1585628186.4812775, "device_end": 1585628186.5018446, "host_queued_end": 1585628253.04295}, "device": "gpu", "nd_range": {"device_start": 1585628186.5018582, "device_end": 1585628186.5030005}, "cmdq": 0, "read": {"device_start": 1585628186.5030053, "device_end": 1585628186.50303}}, "coalesced_transpose30": {"write": {"device_start": -1, "host_queued_start": 1585628253.067248, "device_queued": -1, "device_end": -1, "host_queued_end": 1585628253.078349}, "device": "cpu", "nd_range": {"device_start": 2296027.330887351, "device_end": 2296027.331128913}, "cmdq": 1, "read": {"device_start": -1, "device_end": -1}}, "FFC_sans_bias128": {"write": {"device_start": 1585628186.4876714, "host_queued_start": 1585628253.016604, "device_queued": 1585628186.4781904, "device_end": 1585628186.4876957, "host_queued_end": 1585628253.04295}, "device": "gpu", "nd_range": {"device_start": 1585628186.4877036, "device_end": 1585628186.4890246}, "cmdq": 1, "read": {"device_start": -1, "device_end": -1}}, "coalesced_transpose39": {"write": {"device_start": -1, "host_queued_start": 1585628253.067661, "device_queued": -1, "device_end": -1, "host_queued_end": 1585628253.078349}, "device": "cpu", "nd_range": {"device_start": 2296027.335178135, "device_end": 2296027.335417131}, "cmdq": 0, "read": {"device_start": -1, "device_end": -1}}, "FFC_sans_bias79": {"write": {"device_start": 1585628186.5012662, "host_queued_start": 1585628253.036373, "device_queued": 1585628186.4811733, "device_end": 1585628186.501298, "host_queued_end": 1585628253.04295}, "device": "gpu", "nd_range": {"device_start": 1585628186.5013216, "device_end": 1585628186.5025578}, "cmdq": 2, "read": {"device_start": 1585628186.5025628, "device_end": 1585628186.5025878}}, "FFC_sans_bias78": {"write": {"device_start": -1, "host_queued_start": 1585628253.030047, "device_queued": -1, "device_end": -1, "host_queued_end": 1585628253.04295}, "device": "gpu", "nd_range": {"device_start": 1585628186.4962687, "device_end": 1585628186.4976504}, "cmdq": 1, "read": {"device_start": -1, "device_end": -1}}, "FFC_sans_bias73": {"write": {"device_start": 1585628186.4794796, "host_queued_start": 1585628252.995632, "device_queued": 1585628186.4762254, "device_end": 1585628186.4795117, "host_queued_end": 1585628253.04295}, "device": "gpu", "nd_range": {"device_start": 1585628186.4795163, "device_end": 1585628186.4808066}, "cmdq": 2, "read": {"device_start": -1, "device_end": -1}}, "FFC_sans_bias72": {"write": {"device_start": 1585628186.4789727, "host_queued_start": 1585628252.994545, "device_queued": 1585628186.4761903, "device_end": 1585628186.4789977, "host_queued_end": 1585628253.04295}, "device": "gpu", "nd_range": {"device_start": 1585628186.479003, "device_end": 1585628186.4803567}, "cmdq": 1, "read": {"device_start": -1, "device_end": -1}}, "FFC_sans_bias70": {"write": {"device_start": 1585628186.5007339, "host_queued_start": 1585628253.035293, "device_queued": 1585628186.4809766, "device_end": 1585628186.5007648, "host_queued_end": 1585628253.04295}, "device": "gpu", "nd_range": {"device_start": 1585628186.500779, "device_end": 1585628186.502036}, "cmdq": 1, "read": {"device_start": 1585628186.5020392, "device_end": 1585628186.502065}}, "FFC_sans_bias76": {"write": {"device_start": -1, "host_queued_start": 1585628253.023916, "device_queued": -1, "device_end": -1, "host_queued_end": 1585628253.04295}, "device": "gpu", "nd_range": {"device_start": 1585628186.4906332, "device_end": 1585628186.4916072}, "cmdq": 2, "read": {"device_start": -1, "device_end": -1}}, "FFC_sans_bias74": {"write": {"device_start": 1585628186.479929, "host_queued_start": 1585628252.996689, "device_queued": 1585628186.4763708, "device_end": 1585628186.4799602, "host_queued_end": 1585628253.04295}, "device": "gpu", "nd_range": {"device_start": 1585628186.4799657, "device_end": 1585628186.4813204}, "cmdq": 0, "read": {"device_start": -1, "device_end": -1}}, "coalesced_transpose102": {"write": {"device_start": -1, "host_queued_start": 1585628253.021473, "device_queued": -1, "device_end": -1, "host_queued_end": 1585628253.04295}, "device": "gpu", "nd_range": {"device_start": 1585628186.4898906, "device_end": 1585628186.4899063}, "cmdq": 1, "read": {"device_start": -1, "device_end": -1}}, "coalesced_transpose3": {"write": {"device_start": -1, "host_queued_start": 1585628253.066227, "device_queued": -1, "device_end": -1, "host_queued_end": 1585628253.078349}, "device": "cpu", "nd_range": {"device_start": 2296027.3346555913, "device_end": 2296027.3348824373}, "cmdq": 0, "read": {"device_start": -1, "device_end": -1}}, "FFC_sans_bias127": {"write": {"device_start": 1585628186.488656, "host_queued_start": 1585628253.018991, "device_queued": 1585628186.478406, "device_end": 1585628186.4886882, "host_queued_end": 1585628253.04295}, "device": "gpu", "nd_range": {"device_start": 1585628186.4886963, "device_end": 1585628186.4899693}, "cmdq": 0, "read": {"device_start": -1, "device_end": -1}}, "empty89": {"write": {"device_start": 1585628186.4746249, "host_queued_start": 1585628252.979763, "device_queued": 1585628186.4745278, "device_end": 1585628186.4746776, "host_queued_end": 1585628253.04295}, "device": "gpu", "nd_range": {"device_start": 1585628186.4746833, "device_end": 1585628186.47469}, "cmdq": 1, "read": {"device_start": -1, "device_end": -1}}, "FFC_sans_bias123": {"write": {"device_start": -1, "host_queued_start": 1585628253.031733, "device_queued": -1, "device_end": -1, "host_queued_end": 1585628253.04295}, "device": "gpu", "nd_range": {"device_start": 1585628186.498648, "device_end": 1585628186.5000844}, "cmdq": 0, "read": {"device_start": -1, "device_end": -1}}, "empty80": {"write": {"device_start": 1585628186.4744365, "host_queued_start": 1585628252.978883, "device_queued": 1585628186.4742384, "device_end": 1585628186.4744616, "host_queued_end": 1585628253.04295}, "device": "gpu", "nd_range": {"device_start": 1585628186.4744656, "device_end": 1585628186.4744732}, "cmdq": 0, "read": {"device_start": -1, "device_end": -1}}, "empty116": {"write": {"device_start": 1585628186.474929, "host_queued_start": 1585628252.982193, "device_queued": 1585628186.4746711, "device_end": 1585628186.474986, "host_queued_end": 1585628253.04295}, "device": "gpu", "nd_range": {"device_start": 1585628186.4749923, "device_end": 1585628186.4749963}, "cmdq": 1, "read": {"device_start": -1, "device_end": -1}}, "softmax104": {"write": {"device_start": -1, "host_queued_start": 1585628253.02795, "device_queued": -1, "device_end": -1, "host_queued_end": 1585628253.04295}, "device": "gpu", "nd_range": {"device_start": 1585628186.4954126, "device_end": 1585628186.4956179}, "cmdq": 0, "read": {"device_start": -1, "device_end": -1}}, "coalesced_transpose21": {"write": {"device_start": -1, "host_queued_start": 1585628253.06692, "device_queued": -1, "device_end": -1, "host_queued_end": 1585628253.078349}, "device": "cpu", "nd_range": {"device_start": 2296027.3349025333, "device_end": 2296027.3350583133}, "cmdq": 0, "read": {"device_start": -1, "device_end": -1}}, "softmax14": {"write": {"device_start": -1, "host_queued_start": 1585628253.0701, "device_queued": -1, "device_end": -1, "host_queued_end": 1585628253.078349}, "device": "cpu", "nd_range": {"device_start": 2296027.3620788553, "device_end": 2296027.362386581}, "cmdq": 1, "read": {"device_start": -1, "device_end": -1}}, "FFC_sans_bias69": {"write": {"device_start": -1, "host_queued_start": 1585628253.029719, "device_queued": -1, "device_end": -1, "host_queued_end": 1585628253.04295}, "device": "gpu", "nd_range": {"device_start": 1585628186.4960258, "device_end": 1585628186.4972236}, "cmdq": 0, "read": {"device_start": -1, "device_end": -1}}, "FFC_sans_bias92": {"write": {"device_start": 1585628186.4828382, "host_queued_start": 1585628253.004891, "device_queued": 1585628186.4769924, "device_end": 1585628186.4828644, "host_queued_end": 1585628253.04295}, "device": "gpu", "nd_range": {"device_start": 1585628186.482873, "device_end": 1585628186.4841833}, "cmdq": 0, "read": {"device_start": -1, "device_end": -1}}, "FFC_sans_bias60": {"write": {"device_start": -1, "host_queued_start": 1585628253.029396, "device_queued": -1, "device_end": -1, "host_queued_end": 1585628253.04295}, "device": "gpu", "nd_range": {"device_start": 1585628186.495666, "device_end": 1585628186.4966595}, "cmdq": 2, "read": {"device_start": -1, "device_end": -1}}, "FFC_sans_bias61": {"write": {"device_start": 1585628186.5002031, "host_queued_start": 1585628253.034202, "device_queued": 1585628186.4809, "device_end": 1585628186.5002348, "host_queued_end": 1585628253.04295}, "device": "gpu", "nd_range": {"device_start": 1585628186.50025, "device_end": 1585628186.501593}, "cmdq": 0, "read": {"device_start": 1585628186.5016055, "device_end": 1585628186.5016315}}, "FFC_sans_bias63": {"write": {"device_start": 1585628186.478479, "host_queued_start": 1585628252.993505, "device_queued": 1585628186.4760165, "device_end": 1585628186.478505, "host_queued_end": 1585628253.04295}, "device": "gpu", "nd_range": {"device_start": 1585628186.4785082, "device_end": 1585628186.4798288}, "cmdq": 0, "read": {"device_start": -1, "device_end": -1}}, "FFC_sans_bias64": {"write": {"device_start": 1585628186.477533, "host_queued_start": 1585628252.991414, "device_queued": 1585628186.4758234, "device_end": 1585628186.477558, "host_queued_end": 1585628253.04295}, "device": "gpu", "nd_range": {"device_start": 1585628186.4775622, "device_end": 1585628186.4788797}, "cmdq": 1, "read": {"device_start": -1, "device_end": -1}}, "FFC_sans_bias65": {"write": {"device_start": 1585628186.4780502, "host_queued_start": 1585628252.992463, "device_queued": 1585628186.4758577, "device_end": 1585628186.4780824, "host_queued_end": 1585628253.04295}, "device": "gpu", "nd_range": {"device_start": 1585628186.4780874, "device_end": 1585628186.4793704}, "cmdq": 2, "read": {"device_start": -1, "device_end": -1}}, "FFC_sans_bias67": {"write": {"device_start": -1, "host_queued_start": 1585628253.023563, "device_queued": -1, "device_end": -1, "host_queued_end": 1585628253.04295}, "device": "gpu", "nd_range": {"device_start": 1585628186.490048, "device_end": 1585628186.4910371}, "cmdq": 1, "read": {"device_start": -1, "device_end": -1}}, "coalesced_transpose111": {"write": {"device_start": -1, "host_queued_start": 1585628253.021815, "device_queued": -1, "device_end": -1, "host_queued_end": 1585628253.04295}, "device": "gpu", "nd_range": {"device_start": 1585628186.4898977, "device_end": 1585628186.4899108}, "cmdq": 2, "read": {"device_start": -1, "device_end": -1}}, "FFC_sans_bias133": {"write": {"device_start": 1585628186.5041533, "host_queued_start": 1585628253.042848, "device_queued": 1585628186.48203, "device_end": 1585628186.5041838, "host_queued_end": 1585628253.04295}, "device": "gpu", "nd_range": {"device_start": 1585628186.5041962, "device_end": 1585628186.5053635}, "cmdq": 2, "read": {"device_start": 1585628186.5053706, "device_end": 1585628186.5053937}}, "FFC_sans_bias132": {"write": {"device_start": -1, "host_queued_start": 1585628253.032055, "device_queued": -1, "device_end": -1, "host_queued_end": 1585628253.04295}, "device": "gpu", "nd_range": {"device_start": 1585628186.4991288, "device_end": 1585628186.5006258}, "cmdq": 1, "read": {"device_start": -1, "device_end": -1}}, "softmax68": {"write": {"device_start": -1, "host_queued_start": 1585628253.026905, "device_queued": -1, "device_end": -1, "host_queued_end": 1585628253.04295}, "device": "gpu", "nd_range": {"device_start": 1585628186.4944904, "device_end": 1585628186.4952116}, "cmdq": 2, "read": {"device_start": -1, "device_end": -1}}, "softmax131": {"write": {"device_start": -1, "host_queued_start": 1585628253.028736, "device_queued": -1, "device_end": -1, "host_queued_end": 1585628253.04295}, "device": "gpu", "nd_range": {"device_start": 1585628186.4956315, "device_end": 1585628186.4960122}, "cmdq": 0, "read": {"device_start": -1, "device_end": -1}}, "empty125": {"write": {"device_start": 1585628186.4750216, "host_queued_start": 1585628252.98309, "device_queued": 1585628186.4749193, "device_end": 1585628186.4750996, "host_queued_end": 1585628253.04295}, "device": "gpu", "nd_range": {"device_start": 1585628186.475104, "device_end": 1585628186.4751084}, "cmdq": 2, "read": {"device_start": -1, "device_end": -1}}, "empty35": {"write": {"device_start": -1, "host_queued_start": 1585628253.048024, "device_queued": -1, "device_end": -1, "host_queued_end": 1585628253.078349}, "device": "cpu", "nd_range": {"device_start": 2296027.267977143, "device_end": 2296027.267978508}, "cmdq": 1, "read": {"device_start": -1, "device_end": -1}}, "softmax86": {"write": {"device_start": -1, "host_queued_start": 1585628253.027423, "device_queued": -1, "device_end": -1, "host_queued_end": 1585628253.04295}, "device": "gpu", "nd_range": {"device_start": 1585628186.4952075, "device_end": 1585628186.4954154}, "cmdq": 1, "read": {"device_start": -1, "device_end": -1}}, "FFC_sans_bias55": {"write": {"device_start": 1585628186.4771068, "host_queued_start": 1585628252.99032, "device_queued": 1585628186.47578, "device_end": 1585628186.477138, "host_queued_end": 1585628253.04295}, "device": "gpu", "nd_range": {"device_start": 1585628186.477142, "device_end": 1585628186.4783852}, "cmdq": 0, "read": {"device_start": -1, "device_end": -1}}, "FFC_sans_bias54": {"write": {"device_start": 1585628186.476539, "host_queued_start": 1585628252.989274, "device_queued": 1585628186.4756331, "device_end": 1585628186.476571, "host_queued_end": 1585628253.04295}, "device": "gpu", "nd_range": {"device_start": 1585628186.4765737, "device_end": 1585628186.4779468}, "cmdq": 2, "read": {"device_start": -1, "device_end": -1}}, "FFC_sans_bias56": {"write": {"device_start": 1585628186.4761155, "host_queued_start": 1585628252.988072, "device_queued": 1585628186.475607, "device_end": 1585628186.476146, "host_queued_end": 1585628253.04295}, "device": "gpu", "nd_range": {"device_start": 1585628186.4761505, "device_end": 1585628186.4774017}, "cmdq": 1, "read": {"device_start": -1, "device_end": -1}}, "FFC_sans_bias51": {"write": {"device_start": -1, "host_queued_start": 1585628253.029063, "device_queued": -1, "device_end": -1, "host_queued_end": 1585628253.04295}, "device": "gpu", "nd_range": {"device_start": 1585628186.495648, "device_end": 1585628186.496255}, "cmdq": 1, "read": {"device_start": -1, "device_end": -1}}, "FFC_sans_bias52": {"write": {"device_start": 1585628186.4997828, "host_queued_start": 1585628253.033107, "device_queued": 1585628186.4806874, "device_end": 1585628186.499811, "host_queued_end": 1585628253.04295}, "device": "gpu", "nd_range": {"device_start": 1585628186.4998326, "device_end": 1585628186.501045}, "cmdq": 2, "read": {"device_start": 1585628186.5010505, "device_end": 1585628186.5010817}}, "FFC_sans_bias58": {"write": {"device_start": -1, "host_queued_start": 1585628253.023209, "device_queued": -1, "device_end": -1, "host_queued_end": 1585628253.04295}, "device": "gpu", "nd_range": {"device_start": 1585628186.490946, "device_end": 1585628186.4920294}, "cmdq": 0, "read": {"device_start": -1, "device_end": -1}}, "FFC_sans_bias108": {"write": {"device_start": 1585628186.484803, "host_queued_start": 1585628253.009742, "device_queued": 1585628186.4775805, "device_end": 1585628186.4848304, "host_queued_end": 1585628253.04295}, "device": "gpu", "nd_range": {"device_start": 1585628186.484837, "device_end": 1585628186.4861233}, "cmdq": 1, "read": {"device_start": -1, "device_end": -1}}, "FFC_sans_bias109": {"write": {"device_start": 1585628186.4852524, "host_queued_start": 1585628253.010884, "device_queued": 1585628186.4775994, "device_end": 1585628186.4852853, "host_queued_end": 1585628253.04295}, "device": "gpu", "nd_range": {"device_start": 1585628186.4852922, "device_end": 1585628186.4866037}, "cmdq": 2, "read": {"device_start": -1, "device_end": -1}}, "coalesced_transpose129": {"write": {"device_start": -1, "host_queued_start": 1585628253.022491, "device_queued": -1, "device_end": -1, "host_queued_end": 1585628253.04295}, "device": "gpu", "nd_range": {"device_start": 1585628186.4899936, "device_end": 1585628186.4900317}, "cmdq": 1, "read": {"device_start": -1, "device_end": -1}}, "FFC_sans_bias103": {"write": {"device_start": -1, "host_queued_start": 1585628253.024984, "device_queued": -1, "device_end": -1, "host_queued_end": 1585628253.04295}, "device": "gpu", "nd_range": {"device_start": 1585628186.491623, "device_end": 1585628186.4930286}, "cmdq": 2, "read": {"device_start": -1, "device_end": -1}}, "FFC_sans_bias100": {"write": {"device_start": 1585628186.4838145, "host_queued_start": 1585628253.007421, "device_queued": 1585628186.4771035, "device_end": 1585628186.4838421, "host_queued_end": 1585628253.04295}, "device": "gpu", "nd_range": {"device_start": 1585628186.4838505, "device_end": 1585628186.4851444}, "cmdq": 2, "read": {"device_start": -1, "device_end": -1}}, "FFC_sans_bias101": {"write": {"device_start": 1585628186.4843006, "host_queued_start": 1585628253.008616, "device_queued": 1585628186.4773703, "device_end": 1585628186.4843328, "host_queued_end": 1585628253.04295}, "device": "gpu", "nd_range": {"device_start": 1585628186.4843373, "device_end": 1585628186.4856339}, "cmdq": 0, "read": {"device_start": -1, "device_end": -1}}, "FFC_sans_bias106": {"write": {"device_start": 1585628186.5027413, "host_queued_start": 1585628253.039622, "device_queued": 1585628186.4815574, "device_end": 1585628186.5027723, "host_queued_end": 1585628253.04295}, "device": "gpu", "nd_range": {"device_start": 1585628186.5027866, "device_end": 1585628186.503974}, "cmdq": 2, "read": {"device_start": 1585628186.50398, "device_end": 1585628186.5040038}}, "softmax122": {"write": {"device_start": -1, "host_queued_start": 1585628253.02848, "device_queued": -1, "device_end": -1, "host_queued_end": 1585628253.04295}, "device": "gpu", "nd_range": {"device_start": 1585628186.4954467, "device_end": 1585628186.4956515}, "cmdq": 2, "read": {"device_start": -1, "device_end": -1}}, "FFC_sans_bias105": {"write": {"device_start": -1, "host_queued_start": 1585628253.03108, "device_queued": -1, "device_end": -1, "host_queued_end": 1585628253.04295}, "device": "gpu", "nd_range": {"device_start": 1585628186.497663, "device_end": 1585628186.499116}, "cmdq": 1, "read": {"device_start": -1, "device_end": -1}}, "softmax95": {"write": {"device_start": -1, "host_queued_start": 1585628253.027688, "device_queued": -1, "device_end": -1, "host_queued_end": 1585628253.04295}, "device": "gpu", "nd_range": {"device_start": 1585628186.495225, "device_end": 1585628186.4954326}, "cmdq": 2, "read": {"device_start": -1, "device_end": -1}}, "coalesced_transpose57": {"write": {"device_start": -1, "host_queued_start": 1585628253.019738, "device_queued": -1, "device_end": -1, "host_queued_end": 1585628253.04295}, "device": "gpu", "nd_range": {"device_start": 1585628186.4895065, "device_end": 1585628186.4898717}, "cmdq": 2, "read": {"device_start": -1, "device_end": -1}}, "empty26": {"write": {"device_start": -1, "host_queued_start": 1585628253.0471, "device_queued": -1, "device_end": -1, "host_queued_end": 1585628253.078349}, "device": "cpu", "nd_range": {"device_start": 2296027.267980027, "device_end": 2296027.2679811493}, "cmdq": 0, "read": {"device_start": -1, "device_end": -1}}, "softmax113": {"write": {"device_start": -1, "host_queued_start": 1585628253.028217, "device_queued": -1, "device_end": -1, "host_queued_end": 1585628253.04295}, "device": "gpu", "nd_range": {"device_start": 1585628186.4954295, "device_end": 1585628186.495634}, "cmdq": 1, "read": {"device_start": -1, "device_end": -1}}, "FFC_sans_bias11": {"write": {"device_start": -1, "host_queued_start": 1585628253.056078, "device_queued": -1, "device_end": -1, "host_queued_end": 1585628253.078349}, "device": "cpu", "nd_range": {"device_start": 2296027.288695355, "device_end": 2296027.303247605}, "cmdq": 0, "read": {"device_start": -1, "device_end": -1}}, "FFC_sans_bias42": {"write": {"device_start": -1, "host_queued_start": 1585628253.073103, "device_queued": -1, "device_end": -1, "host_queued_end": 1585628253.078349}, "device": "cpu", "nd_range": {"device_start": 2296027.3839390213, "device_end": 2296027.394640609}, "cmdq": 1, "read": {"device_start": -1, "device_end": -1}}, "FFC_sans_bias43": {"write": {"device_start": -1, "host_queued_start": 1585628253.078305, "device_queued": -1, "device_end": -1, "host_queued_end": 1585628253.078349}, "device": "cpu", "nd_range": {"device_start": 2296027.394646586, "device_end": 2296027.402314164}, "cmdq": 0, "read": {"device_start": -1, "device_end": -1}}, "FFC_sans_bias40": {"write": {"device_start": -1, "host_queued_start": 1585628253.069484, "device_queued": -1, "device_end": -1, "host_queued_end": 1585628253.078349}, "device": "cpu", "nd_range": {"device_start": 2296027.353477947, "device_end": 2296027.362059236}, "cmdq": 1, "read": {"device_start": -1, "device_end": -1}}, "FFC_sans_bias46": {"write": {"device_start": 1585628186.4753213, "host_queued_start": 1585628252.985943, "device_queued": 1585628186.4750729, "device_end": 1585628186.4753506, "host_queued_end": 1585628253.04295}, "device": "gpu", "nd_range": {"device_start": 1585628186.475406, "device_end": 1585628186.4764047}, "cmdq": 2, "read": {"device_start": -1, "device_end": -1}}, "FFC_sans_bias47": {"write": {"device_start": 1585628186.475528, "host_queued_start": 1585628252.987021, "device_queued": 1585628186.475414, "device_end": 1585628186.4755585, "host_queued_end": 1585628253.04295}, "device": "gpu", "nd_range": {"device_start": 1585628186.475562, "device_end": 1585628186.4769711}, "cmdq": 0, "read": {"device_start": -1, "device_end": -1}}, "FFC_sans_bias45": {"write": {"device_start": 1585628186.4752223, "host_queued_start": 1585628252.984886, "device_queued": 1585628186.4750428, "device_end": 1585628186.4752874, "host_queued_end": 1585628253.04295}, "device": "gpu", "nd_range": {"device_start": 1585628186.4753888, "device_end": 1585628186.4759958}, "cmdq": 1, "read": {"device_start": -1, "device_end": -1}}, "FFC_sans_bias49": {"write": {"device_start": -1, "host_queued_start": 1585628253.022853, "device_queued": -1, "device_end": -1, "host_queued_end": 1585628253.04295}, "device": "gpu", "nd_range": {"device_start": 1585628186.4900143, "device_end": 1585628186.490617}, "cmdq": 2, "read": {"device_start": -1, "device_end": -1}}, "softmax77": {"write": {"device_start": -1, "host_queued_start": 1585628253.02717, "device_queued": -1, "device_end": -1, "host_queued_end": 1585628253.04295}, "device": "gpu", "nd_range": {"device_start": 1585628186.4951892, "device_end": 1585628186.495399}, "cmdq": 0, "read": {"device_start": -1, "device_end": -1}}, "empty134": {"write": {"device_start": 1585628186.4751086, "host_queued_start": 1585628252.983907, "device_queued": 1585628186.4750018, "device_end": 1585628186.4751928, "host_queued_end": 1585628253.04295}, "device": "gpu", "nd_range": {"device_start": 1585628186.4752104, "device_end": 1585628186.4752138}, "cmdq": 0, "read": {"device_start": -1, "device_end": -1}}, "FFC_sans_bias119": {"write": {"device_start": 1585628186.4872015, "host_queued_start": 1585628253.015472, "device_queued": 1585628186.4779959, "device_end": 1585628186.4872339, "host_queued_end": 1585628253.04295}, "device": "gpu", "nd_range": {"device_start": 1585628186.4872417, "device_end": 1585628186.4885402}, "cmdq": 0, "read": {"device_start": -1, "device_end": -1}}, "FFC_sans_bias118": {"write": {"device_start": 1585628186.4867313, "host_queued_start": 1585628253.014297, "device_queued": 1585628186.4778328, "device_end": 1585628186.4867647, "host_queued_end": 1585628253.04295}, "device": "gpu", "nd_range": {"device_start": 1585628186.486771, "device_end": 1585628186.4880557}, "cmdq": 2, "read": {"device_start": -1, "device_end": -1}}, "FFC_sans_bias115": {"write": {"device_start": 1585628186.5031896, "host_queued_start": 1585628253.040694, "device_queued": 1585628186.481722, "device_end": 1585628186.503221, "host_queued_end": 1585628253.04295}, "device": "gpu", "nd_range": {"device_start": 1585628186.5032337, "device_end": 1585628186.5044618}, "cmdq": 0, "read": {"device_start": 1585628186.504474, "device_end": 1585628186.5044978}}, "FFC_sans_bias114": {"write": {"device_start": -1, "host_queued_start": 1585628253.031405, "device_queued": -1, "device_end": -1, "host_queued_end": 1585628253.04295}, "device": "gpu", "nd_range": {"device_start": 1585628186.4982297, "device_end": 1585628186.4996266}, "cmdq": 2, "read": {"device_start": -1, "device_end": -1}}, "FFC_sans_bias117": {"write": {"device_start": 1585628186.4862363, "host_queued_start": 1585628253.013163, "device_queued": 1585628186.4778082, "device_end": 1585628186.4862678, "host_queued_end": 1585628253.04295}, "device": "gpu", "nd_range": {"device_start": 1585628186.486274, "device_end": 1585628186.4875724}, "cmdq": 1, "read": {"device_start": -1, "device_end": -1}}, "softmax5": {"write": {"device_start": -1, "host_queued_start": 1585628253.069817, "device_queued": -1, "device_end": -1, "host_queued_end": 1585628253.078349}, "device": "cpu", "nd_range": {"device_start": 2296027.353069352, "device_end": 2296027.353173696}, "cmdq": 0, "read": {"device_start": -1, "device_end": -1}}, "FFC_sans_bias110": {"write": {"device_start": 1585628186.4857438, "host_queued_start": 1585628253.012031, "device_queued": 1585628186.4777524, "device_end": 1585628186.4857762, "host_queued_end": 1585628253.04295}, "device": "gpu", "nd_range": {"device_start": 1585628186.4857845, "device_end": 1585628186.4870872}, "cmdq": 0, "read": {"device_start": -1, "device_end": -1}}, "FFC_sans_bias112": {"write": {"device_start": -1, "host_queued_start": 1585628253.025336, "device_queued": -1, "device_end": -1, "host_queued_end": 1585628253.04295}, "device": "gpu", "nd_range": {"device_start": 1585628186.4935236, "device_end": 1585628186.4949567}, "cmdq": 0, "read": {"device_start": -1, "device_end": -1}}, "empty53": {"write": {"device_start": 1585628186.474072, "host_queued_start": 1585628252.97612, "device_queued": 1585628186.4739456, "device_end": 1585628186.474101, "host_queued_end": 1585628253.04295}, "device": "gpu", "nd_range": {"device_start": 1585628186.4741569, "device_end": 1585628186.474162}, "cmdq": 0, "read": {"device_start": -1, "device_end": -1}}, "coalesced_transpose48": {"write": {"device_start": -1, "host_queued_start": 1585628253.019392, "device_queued": -1, "device_end": -1, "host_queued_end": 1585628253.04295}, "device": "gpu", "nd_range": {"device_start": 1585628186.4890265, "device_end": 1585628186.489856}, "cmdq": 1, "read": {"device_start": -1, "device_end": -1}}}