{"FFC_sans_bias4": {"write": {"device_start": -1, "host_queued_start": 1585628829.787287, "device_queued": -1, "device_end": -1, "host_queued_end": 1585628829.798906}, "device": "cpu", "nd_range": {"device_start": 2296604.075146595, "device_end": 2296604.090246676}, "cmdq": 2, "read": {"device_start": -1, "device_end": -1}}, "FFC_sans_bias7": {"write": {"device_start": -1, "host_queued_start": 1585628829.793896, "device_queued": -1, "device_end": -1, "host_queued_end": 1585628829.798906}, "device": "cpu", "nd_range": {"device_start": 2296604.114482381, "device_end": 2296604.1297645243}, "cmdq": 0, "read": {"device_start": -1, "device_end": -1}}, "FFC_sans_bias6": {"write": {"device_start": -1, "host_queued_start": 1585628829.791055, "device_queued": -1, "device_end": -1, "host_queued_end": 1585628829.798906}, "device": "cpu", "nd_range": {"device_start": 2296604.09883667, "device_end": 2296604.1141285864}, "cmdq": 2, "read": {"device_start": -1, "device_end": -1}}, "FFC_sans_bias1": {"write": {"device_start": -1, "host_queued_start": 1585628829.766561, "device_queued": -1, "device_end": -1, "host_queued_end": 1585628829.798906}, "device": "cpu", "nd_range": {"device_start": 2296603.988578665, "device_end": 2296604.004146919}, "cmdq": 3, "read": {"device_start": -1, "device_end": -1}}, "FFC_sans_bias0": {"write": {"device_start": -1, "host_queued_start": 1585628829.765451, "device_queued": -1, "device_end": -1, "host_queued_end": 1585628829.798906}, "device": "cpu", "nd_range": {"device_start": 2296604.004412561, "device_end": 2296604.0197259183}, "cmdq": 2, "read": {"device_start": -1, "device_end": -1}}, "FFC_sans_bias2": {"write": {"device_start": -1, "host_queued_start": 1585628829.767733, "device_queued": -1, "device_end": -1, "host_queued_end": 1585628829.798906}, "device": "cpu", "nd_range": {"device_start": 2296603.988555481, "device_end": 2296604.0046327394}, "cmdq": 0, "read": {"device_start": -1, "device_end": -1}}, "coalesced_transpose120": {"write": {"device_start": -1, "host_queued_start": 1585628829.738825, "device_queued": -1, "device_end": -1, "host_queued_end": 1585628829.756945}, "device": "gpu", "nd_range": {"device_start": 1585628763.1870599, "device_end": 1585628763.187076}, "cmdq": 3, "read": {"device_start": -1, "device_end": -1}}, "FFC_sans_bias9": {"write": {"device_start": -1, "host_queued_start": 1585628829.768882, "device_queued": -1, "device_end": -1, "host_queued_end": 1585628829.798906}, "device": "cpu", "nd_range": {"device_start": 2296603.9885543534, "device_end": 2296604.0040762713}, "cmdq": 1, "read": {"device_start": -1, "device_end": -1}}, "empty71": {"write": {"device_start": 1585628763.1730497, "host_queued_start": 1585628829.701585, "device_queued": 1585628763.1729465, "device_end": 1585628763.1731195, "host_queued_end": 1585628829.756945}, "device": "gpu", "nd_range": {"device_start": 1585628763.1731734, "device_end": 1585628763.1731954}, "cmdq": 1, "read": {"device_start": -1, "device_end": -1}}, "softmax41": {"write": {"device_start": -1, "host_queued_start": 1585628829.790429, "device_queued": -1, "device_end": -1, "host_queued_end": 1585628829.798906}, "device": "cpu", "nd_range": {"device_start": 2296604.09860001, "device_end": 2296604.0988261714}, "cmdq": 0, "read": {"device_start": -1, "device_end": -1}}, "FFC_sans_bias37": {"write": {"device_start": -1, "host_queued_start": 1585628829.779749, "device_queued": -1, "device_end": -1, "host_queued_end": 1585628829.798906}, "device": "cpu", "nd_range": {"device_start": 2296604.034903653, "device_end": 2296604.050129375}, "cmdq": 3, "read": {"device_start": -1, "device_end": -1}}, "FFC_sans_bias36": {"write": {"device_start": -1, "host_queued_start": 1585628829.778608, "device_queued": -1, "device_end": -1, "host_queued_end": 1585628829.798906}, "device": "cpu", "nd_range": {"device_start": 2296604.0506066773, "device_end": 2296604.0658448273}, "cmdq": 2, "read": {"device_start": -1, "device_end": -1}}, "FFC_sans_bias34": {"write": {"device_start": -1, "host_queued_start": 1585628829.796869, "device_queued": -1, "device_end": -1, "host_queued_end": 1585628829.798906}, "device": "cpu", "nd_range": {"device_start": 2296604.16869656, "device_end": 2296604.176180609}, "cmdq": 3, "read": {"device_start": -1, "device_end": -1}}, "FFC_sans_bias33": {"write": {"device_start": -1, "host_queued_start": 1585628829.792092, "device_queued": -1, "device_end": -1, "host_queued_end": 1585628829.798906}, "device": "cpu", "nd_range": {"device_start": 2296604.146501284, "device_end": 2296604.157054476}, "cmdq": 1, "read": {"device_start": -1, "device_end": -1}}, "FFC_sans_bias31": {"write": {"device_start": -1, "host_queued_start": 1585628829.788323, "device_queued": -1, "device_end": -1, "host_queued_end": 1585628829.798906}, "device": "cpu", "nd_range": {"device_start": 2296604.0999500863, "device_end": 2296604.1152645634}, "cmdq": 1, "read": {"device_start": -1, "device_end": -1}}, "FFC_sans_bias38": {"write": {"device_start": -1, "host_queued_start": 1585628829.781065, "device_queued": -1, "device_end": -1, "host_queued_end": 1585628829.798906}, "device": "cpu", "nd_range": {"device_start": 2296604.0361404573, "device_end": 2296604.052565676}, "cmdq": 0, "read": {"device_start": -1, "device_end": -1}}, "coalesced_transpose75": {"write": {"device_start": -1, "host_queued_start": 1585628829.737263, "device_queued": -1, "device_end": -1, "host_queued_end": 1585628829.756945}, "device": "gpu", "nd_range": {"device_start": 1585628763.1861844, "device_end": 1585628763.1870453}, "cmdq": 3, "read": {"device_start": -1, "device_end": -1}}, "empty44": {"write": {"device_start": -1, "host_queued_start": 1585628829.763259, "device_queued": -1, "device_end": -1, "host_queued_end": 1585628829.798906}, "device": "cpu", "nd_range": {"device_start": 2296603.988548485, "device_end": 2296603.98854965}, "cmdq": 0, "read": {"device_start": -1, "device_end": -1}}, "empty8": {"write": {"device_start": -1, "host_queued_start": 1585628829.758731, "device_queued": -1, "device_end": -1, "host_queued_end": 1585628829.798906}, "device": "cpu", "nd_range": {"device_start": 2296603.98851545, "device_end": 2296603.9885272393}, "cmdq": 0, "read": {"device_start": -1, "device_end": -1}}, "softmax50": {"write": {"device_start": -1, "host_queued_start": 1585628829.790711, "device_queued": -1, "device_end": -1, "host_queued_end": 1585628829.798906}, "device": "cpu", "nd_range": {"device_start": 2296604.146175369, "device_end": 2296604.1463838443}, "cmdq": 1, "read": {"device_start": -1, "device_end": -1}}, "softmax59": {"write": {"device_start": -1, "host_queued_start": 1585628829.742297, "device_queued": -1, "device_end": -1, "host_queued_end": 1585628829.756945}, "device": "gpu", "nd_range": {"device_start": 1585628763.1906443, "device_end": 1585628763.1922255}, "cmdq": 4, "read": {"device_start": -1, "device_end": -1}}, "FFC_sans_bias24": {"write": {"device_start": -1, "host_queued_start": 1585628829.791745, "device_queued": -1, "device_end": -1, "host_queued_end": 1585628829.798906}, "device": "cpu", "nd_range": {"device_start": 2296604.098971525, "device_end": 2296604.1143699}, "cmdq": 0, "read": {"device_start": -1, "device_end": -1}}, "FFC_sans_bias25": {"write": {"device_start": -1, "host_queued_start": 1585628829.795882, "device_queued": -1, "device_end": -1, "host_queued_end": 1585628829.798906}, "device": "cpu", "nd_range": {"device_start": 2296604.129591802, "device_end": 2296604.160043673}, "cmdq": 2, "read": {"device_start": -1, "device_end": -1}}, "FFC_sans_bias27": {"write": {"device_start": -1, "host_queued_start": 1585628829.775436, "device_queued": -1, "device_end": -1, "host_queued_end": 1585628829.798906}, "device": "cpu", "nd_range": {"device_start": 2296604.019555738, "device_end": 2296604.034777841}, "cmdq": 3, "read": {"device_start": -1, "device_end": -1}}, "FFC_sans_bias20": {"write": {"device_start": -1, "host_queued_start": 1585628829.77434, "device_queued": -1, "device_end": -1, "host_queued_end": 1585628829.798906}, "device": "cpu", "nd_range": {"device_start": 2296604.035245464, "device_end": 2296604.05048771}, "cmdq": 2, "read": {"device_start": -1, "device_end": -1}}, "FFC_sans_bias22": {"write": {"device_start": -1, "host_queued_start": 1585628829.787979, "device_queued": -1, "device_end": -1, "host_queued_end": 1585628829.798906}, "device": "cpu", "nd_range": {"device_start": 2296604.075420697, "device_end": 2296604.0911077}, "cmdq": 0, "read": {"device_start": -1, "device_end": -1}}, "FFC_sans_bias130": {"write": {"device_start": -1, "host_queued_start": 1585628829.742035, "device_queued": -1, "device_end": -1, "host_queued_end": 1585628829.756945}, "device": "gpu", "nd_range": {"device_start": 1585628763.1887403, "device_end": 1585628763.1911469}, "cmdq": 3, "read": {"device_start": -1, "device_end": -1}}, "FFC_sans_bias28": {"write": {"device_start": -1, "host_queued_start": 1585628829.776487, "device_queued": -1, "device_end": -1, "host_queued_end": 1585628829.798906}, "device": "cpu", "nd_range": {"device_start": 2296604.0208735443, "device_end": 2296604.036022209}, "cmdq": 0, "read": {"device_start": -1, "device_end": -1}}, "FFC_sans_bias29": {"write": {"device_start": -1, "host_queued_start": 1585628829.777552, "device_queued": -1, "device_end": -1, "host_queued_end": 1585628829.798906}, "device": "cpu", "nd_range": {"device_start": 2296604.0685637183, "device_end": 2296604.0840142462}, "cmdq": 1, "read": {"device_start": -1, "device_end": -1}}, "coalesced_transpose66": {"write": {"device_start": -1, "host_queued_start": 1585628829.736955, "device_queued": -1, "device_end": -1, "host_queued_end": 1585628829.756945}, "device": "gpu", "nd_range": {"device_start": 1585628763.1857035, "device_end": 1585628763.1870294}, "cmdq": 2, "read": {"device_start": -1, "device_end": -1}}, "coalesced_transpose93": {"write": {"device_start": -1, "host_queued_start": 1585628829.737881, "device_queued": -1, "device_end": -1, "host_queued_end": 1585628829.756945}, "device": "gpu", "nd_range": {"device_start": 1585628763.1871386, "device_end": 1585628763.187215}, "cmdq": 0, "read": {"device_start": -1, "device_end": -1}}, "softmax23": {"write": {"device_start": -1, "host_queued_start": 1585628829.78987, "device_queued": -1, "device_end": -1, "host_queued_end": 1585628829.798906}, "device": "cpu", "nd_range": {"device_start": 2296604.098601505, "device_end": 2296604.098827273}, "cmdq": 2, "read": {"device_start": -1, "device_end": -1}}, "empty62": {"write": {"device_start": 1585628763.1728895, "host_queued_start": 1585628829.70053, "device_queued": 1585628763.172759, "device_end": 1585628763.1729178, "host_queued_end": 1585628829.756945}, "device": "gpu", "nd_range": {"device_start": 1585628763.1729214, "device_end": 1585628763.1729414}, "cmdq": 0, "read": {"device_start": -1, "device_end": -1}}, "FFC_sans_bias10": {"write": {"device_start": -1, "host_queued_start": 1585628829.769998, "device_queued": -1, "device_end": -1, "host_queued_end": 1585628829.798906}, "device": "cpu", "nd_range": {"device_start": 2296604.0198477553, "device_end": 2296604.035125391}, "cmdq": 2, "read": {"device_start": -1, "device_end": -1}}, "FFC_sans_bias13": {"write": {"device_start": -1, "host_queued_start": 1585628829.787632, "device_queued": -1, "device_end": -1, "host_queued_end": 1585628829.798906}, "device": "cpu", "nd_range": {"device_start": 2296604.116614512, "device_end": 2296604.132630182}, "cmdq": 3, "read": {"device_start": -1, "device_end": -1}}, "FFC_sans_bias15": {"write": {"device_start": -1, "host_queued_start": 1585628829.791399, "device_queued": -1, "device_end": -1, "host_queued_end": 1585628829.798906}, "device": "cpu", "nd_range": {"device_start": 2296604.145661796, "device_end": 2296604.160044073}, "cmdq": 3, "read": {"device_start": -1, "device_end": -1}}, "FFC_sans_bias16": {"write": {"device_start": -1, "host_queued_start": 1585628829.794889, "device_queued": -1, "device_end": -1, "host_queued_end": 1585628829.798906}, "device": "cpu", "nd_range": {"device_start": 2296604.1600510674, "device_end": 2296604.1719270973}, "cmdq": 1, "read": {"device_start": -1, "device_end": -1}}, "FFC_sans_bias19": {"write": {"device_start": -1, "host_queued_start": 1585628829.773279, "device_queued": -1, "device_end": -1, "host_queued_end": 1585628829.798906}, "device": "cpu", "nd_range": {"device_start": 2296604.053423569, "device_end": 2296604.068440697}, "cmdq": 1, "read": {"device_start": -1, "device_end": -1}}, "FFC_sans_bias18": {"write": {"device_start": -1, "host_queued_start": 1585628829.77221, "device_queued": -1, "device_end": -1, "host_queued_end": 1585628829.798906}, "device": "cpu", "nd_range": {"device_start": 2296604.004765334, "device_end": 2296604.020748868}, "cmdq": 0, "read": {"device_start": -1, "device_end": -1}}, "FFC_sans_bias99": {"write": {"device_start": 1585628763.1795185, "host_queued_start": 1585628829.724662, "device_queued": 1585628763.1751783, "device_end": 1585628763.1795437, "host_queued_end": 1585628829.756945}, "device": "gpu", "nd_range": {"device_start": 1585628763.179547, "device_end": 1585628763.1818137}, "cmdq": 4, "read": {"device_start": -1, "device_end": -1}}, "FFC_sans_bias91": {"write": {"device_start": 1585628763.1785805, "host_queued_start": 1585628829.72252, "device_queued": 1585628763.1750066, "device_end": 1585628763.1786125, "host_queued_end": 1585628829.756945}, "device": "gpu", "nd_range": {"device_start": 1585628763.178621, "device_end": 1585628763.1808655}, "cmdq": 2, "read": {"device_start": -1, "device_end": -1}}, "FFC_sans_bias90": {"write": {"device_start": 1585628763.1781783, "host_queued_start": 1585628829.721475, "device_queued": 1585628763.1749785, "device_end": 1585628763.1782105, "host_queued_end": 1585628829.756945}, "device": "gpu", "nd_range": {"device_start": 1585628763.178218, "device_end": 1585628763.1803992}, "cmdq": 1, "read": {"device_start": -1, "device_end": -1}}, "coalesced_transpose12": {"write": {"device_start": -1, "host_queued_start": 1585628829.785474, "device_queued": -1, "device_end": -1, "host_queued_end": 1585628829.798906}, "device": "cpu", "nd_range": {"device_start": 2296604.0987670464, "device_end": 2296604.0994774383}, "cmdq": 1, "read": {"device_start": -1, "device_end": -1}}, "FFC_sans_bias94": {"write": {"device_start": -1, "host_queued_start": 1585628829.740756, "device_queued": -1, "device_end": -1, "host_queued_end": 1585628829.756945}, "device": "gpu", "nd_range": {"device_start": 1585628763.188591, "device_end": 1585628763.1906316}, "cmdq": 4, "read": {"device_start": -1, "device_end": -1}}, "FFC_sans_bias97": {"write": {"device_start": 1585628763.1963613, "host_queued_start": 1585628829.752611, "device_queued": 1585628763.1792326, "device_end": 1585628763.1963925, "host_queued_end": 1585628829.756945}, "device": "gpu", "nd_range": {"device_start": 1585628763.1964126, "device_end": 1585628763.198632}, "cmdq": 1, "read": {"device_start": 1585628763.1993074, "device_end": 1585628763.199375}}, "FFC_sans_bias96": {"write": {"device_start": -1, "host_queued_start": 1585628829.745954, "device_queued": -1, "device_end": -1, "host_queued_end": 1585628829.756945}, "device": "gpu", "nd_range": {"device_start": 1585628763.1925862, "device_end": 1585628763.1942577}, "cmdq": 2, "read": {"device_start": -1, "device_end": -1}}, "FFC_sans_bias124": {"write": {"device_start": 1585628763.1994007, "host_queued_start": 1585628829.755791, "device_queued": 1585628763.1794698, "device_end": 1585628763.1994548, "host_queued_end": 1585628829.756945}, "device": "gpu", "nd_range": {"device_start": 1585628763.1994715, "device_end": 1585628763.2010207}, "cmdq": 4, "read": {"device_start": 1585628763.2010262, "device_end": 1585628763.2010486}}, "FFC_sans_bias126": {"write": {"device_start": 1585628763.1843643, "host_queued_start": 1585628829.735234, "device_queued": 1585628763.1762373, "device_end": 1585628763.1843905, "host_queued_end": 1585628829.756945}, "device": "gpu", "nd_range": {"device_start": 1585628763.1843948, "device_end": 1585628763.1866765}, "cmdq": 4, "read": {"device_start": -1, "device_end": -1}}, "softmax32": {"write": {"device_start": -1, "host_queued_start": 1585628829.790147, "device_queued": -1, "device_end": -1, "host_queued_end": 1585628829.798906}, "device": "cpu", "nd_range": {"device_start": 2296604.145437513, "device_end": 2296604.145654256}, "cmdq": 3, "read": {"device_start": -1, "device_end": -1}}, "coalesced_transpose84": {"write": {"device_start": -1, "host_queued_start": 1585628829.737572, "device_queued": -1, "device_end": -1, "host_queued_end": 1585628829.756945}, "device": "gpu", "nd_range": {"device_start": 1585628763.186678, "device_end": 1585628763.1870642}, "cmdq": 4, "read": {"device_start": -1, "device_end": -1}}, "FFC_sans_bias121": {"write": {"device_start": -1, "host_queued_start": 1585628829.741714, "device_queued": -1, "device_end": -1, "host_queued_end": 1585628829.756945}, "device": "gpu", "nd_range": {"device_start": 1585628763.1881828, "device_end": 1585628763.19017}, "cmdq": 2, "read": {"device_start": -1, "device_end": -1}}, "empty98": {"write": {"device_start": 1585628763.1733787, "host_queued_start": 1585628829.70426, "device_queued": 1585628763.1731448, "device_end": 1585628763.173425, "host_queued_end": 1585628829.756945}, "device": "gpu", "nd_range": {"device_start": 1585628763.1734285, "device_end": 1585628763.1734338}, "cmdq": 4, "read": {"device_start": -1, "device_end": -1}}, "empty107": {"write": {"device_start": 1585628763.1734862, "host_queued_start": 1585628829.705111, "device_queued": 1585628763.173249, "device_end": 1585628763.1735573, "host_queued_end": 1585628829.756945}, "device": "gpu", "nd_range": {"device_start": 1585628763.1735623, "device_end": 1585628763.1735716}, "cmdq": 0, "read": {"device_start": -1, "device_end": -1}}, "empty17": {"write": {"device_start": -1, "host_queued_start": 1585628829.760023, "device_queued": -1, "device_end": -1, "host_queued_end": 1585628829.798906}, "device": "cpu", "nd_range": {"device_start": 2296603.9885154143, "device_end": 2296603.98852724}, "cmdq": 1, "read": {"device_start": -1, "device_end": -1}}, "FFC_sans_bias87": {"write": {"device_start": -1, "host_queued_start": 1585628829.745639, "device_queued": -1, "device_end": -1, "host_queued_end": 1585628829.756945}, "device": "gpu", "nd_range": {"device_start": 1585628763.1925633, "device_end": 1585628763.193836}, "cmdq": 1, "read": {"device_start": -1, "device_end": -1}}, "FFC_sans_bias85": {"write": {"device_start": -1, "host_queued_start": 1585628829.740435, "device_queued": -1, "device_end": -1, "host_queued_end": 1585628829.756945}, "device": "gpu", "nd_range": {"device_start": 1585628763.1871934, "device_end": 1585628763.1887276}, "cmdq": 3, "read": {"device_start": -1, "device_end": -1}}, "FFC_sans_bias82": {"write": {"device_start": 1585628763.1771245, "host_queued_start": 1585628829.719339, "device_queued": 1585628763.1745772, "device_end": 1585628763.1771557, "host_queued_end": 1585628829.756945}, "device": "gpu", "nd_range": {"device_start": 1585628763.177162, "device_end": 1585628763.1794295}, "cmdq": 4, "read": {"device_start": -1, "device_end": -1}}, "FFC_sans_bias83": {"write": {"device_start": 1585628763.1776178, "host_queued_start": 1585628829.720401, "device_queued": 1585628763.1748154, "device_end": 1585628763.1776493, "host_queued_end": 1585628829.756945}, "device": "gpu", "nd_range": {"device_start": 1585628763.1776533, "device_end": 1585628763.1799479}, "cmdq": 0, "read": {"device_start": -1, "device_end": -1}}, "FFC_sans_bias81": {"write": {"device_start": 1585628763.1766725, "host_queued_start": 1585628829.718269, "device_queued": 1585628763.1745548, "device_end": 1585628763.176704, "host_queued_end": 1585628829.756945}, "device": "gpu", "nd_range": {"device_start": 1585628763.1767066, "device_end": 1585628763.1789575}, "cmdq": 3, "read": {"device_start": -1, "device_end": -1}}, "FFC_sans_bias88": {"write": {"device_start": 1585628763.1961021, "host_queued_start": 1585628829.751553, "device_queued": 1585628763.179132, "device_end": 1585628763.196133, "host_queued_end": 1585628829.756945}, "device": "gpu", "nd_range": {"device_start": 1585628763.1961503, "device_end": 1585628763.1981852}, "cmdq": 0, "read": {"device_start": 1585628763.1981893, "device_end": 1585628763.198213}}, "coalesced_transpose30": {"write": {"device_start": -1, "host_queued_start": 1585628829.786185, "device_queued": -1, "device_end": -1, "host_queued_end": 1585628829.798906}, "device": "cpu", "nd_range": {"device_start": 2296604.065641525, "device_end": 2296604.0658932864}, "cmdq": 3, "read": {"device_start": -1, "device_end": -1}}, "FFC_sans_bias128": {"write": {"device_start": 1585628763.1838768, "host_queued_start": 1585628829.734179, "device_queued": 1585628763.1761014, "device_end": 1585628763.183904, "host_queued_end": 1585628829.756945}, "device": "gpu", "nd_range": {"device_start": 1585628763.1839142, "device_end": 1585628763.18618}, "cmdq": 3, "read": {"device_start": -1, "device_end": -1}}, "coalesced_transpose39": {"write": {"device_start": -1, "host_queued_start": 1585628829.786607, "device_queued": -1, "device_end": -1, "host_queued_end": 1585628829.798906}, "device": "cpu", "nd_range": {"device_start": 2296604.053069149, "device_end": 2296604.0533106383}, "cmdq": 0, "read": {"device_start": -1, "device_end": -1}}, "FFC_sans_bias79": {"write": {"device_start": 1585628763.1973515, "host_queued_start": 1585628829.75049, "device_queued": 1585628763.1788473, "device_end": 1585628763.1973832, "host_queued_end": 1585628829.756945}, "device": "gpu", "nd_range": {"device_start": 1585628763.1974056, "device_end": 1585628763.1991508}, "cmdq": 4, "read": {"device_start": 1585628763.1991577, "device_end": 1585628763.199182}}, "FFC_sans_bias78": {"write": {"device_start": -1, "host_queued_start": 1585628829.745316, "device_queued": -1, "device_end": -1, "host_queued_end": 1585628829.756945}, "device": "gpu", "nd_range": {"device_start": 1585628763.1922529, "device_end": 1585628763.1928558}, "cmdq": 0, "read": {"device_start": -1, "device_end": -1}}, "FFC_sans_bias73": {"write": {"device_start": 1585628763.1756778, "host_queued_start": 1585628829.716177, "device_queued": 1585628763.1744034, "device_end": 1585628763.1757083, "host_queued_end": 1585628829.756945}, "device": "gpu", "nd_range": {"device_start": 1585628763.1757154, "device_end": 1585628763.1779761}, "cmdq": 1, "read": {"device_start": -1, "device_end": -1}}, "FFC_sans_bias72": {"write": {"device_start": 1585628763.1751041, "host_queued_start": 1585628829.715142, "device_queued": 1585628763.174355, "device_end": 1585628763.1751344, "host_queued_end": 1585628829.756945}, "device": "gpu", "nd_range": {"device_start": 1585628763.17514, "device_end": 1585628763.177492}, "cmdq": 0, "read": {"device_start": -1, "device_end": -1}}, "FFC_sans_bias70": {"write": {"device_start": 1585628763.1959054, "host_queued_start": 1585628829.749402, "device_queued": 1585628763.178724, "device_end": 1585628763.1959376, "host_queued_end": 1585628829.756945}, "device": "gpu", "nd_range": {"device_start": 1585628763.1959574, "device_end": 1585628763.1976643}, "cmdq": 3, "read": {"device_start": 1585628763.1976695, "device_end": 1585628763.1976953}}, "FFC_sans_bias76": {"write": {"device_start": -1, "host_queued_start": 1585628829.740113, "device_queued": -1, "device_end": -1, "host_queued_end": 1585628829.756945}, "device": "gpu", "nd_range": {"device_start": 1585628763.187176, "device_end": 1585628763.1881688}, "cmdq": 2, "read": {"device_start": -1, "device_end": -1}}, "FFC_sans_bias74": {"write": {"device_start": 1585628763.176146, "host_queued_start": 1585628829.717232, "device_queued": 1585628763.1745265, "device_end": 1585628763.1761763, "host_queued_end": 1585628829.756945}, "device": "gpu", "nd_range": {"device_start": 1585628763.1761823, "device_end": 1585628763.1784523}, "cmdq": 2, "read": {"device_start": -1, "device_end": -1}}, "coalesced_transpose102": {"write": {"device_start": -1, "host_queued_start": 1585628829.738207, "device_queued": -1, "device_end": -1, "host_queued_end": 1585628829.756945}, "device": "gpu", "nd_range": {"device_start": 1585628763.1870255, "device_end": 1585628763.1870713}, "cmdq": 1, "read": {"device_start": -1, "device_end": -1}}, "coalesced_transpose3": {"write": {"device_start": -1, "host_queued_start": 1585628829.78509, "device_queued": -1, "device_end": -1, "host_queued_end": 1585628829.798906}, "device": "cpu", "nd_range": {"device_start": 2296604.052688232, "device_end": 2296604.0529454653}, "cmdq": 0, "read": {"device_start": -1, "device_end": -1}}, "FFC_sans_bias127": {"write": {"device_start": 1585628763.1848419, "host_queued_start": 1585628829.736303, "device_queued": 1585628763.1764524, "device_end": 1585628763.1848688, "host_queued_end": 1585628829.756945}, "device": "gpu", "nd_range": {"device_start": 1585628763.1848803, "device_end": 1585628763.18713}, "cmdq": 0, "read": {"device_start": -1, "device_end": -1}}, "empty89": {"write": {"device_start": 1585628763.1732886, "host_queued_start": 1585628829.703411, "device_queued": 1585628763.1729894, "device_end": 1585628763.1733663, "host_queued_end": 1585628829.756945}, "device": "gpu", "nd_range": {"device_start": 1585628763.173374, "device_end": 1585628763.1733794}, "cmdq": 3, "read": {"device_start": -1, "device_end": -1}}, "FFC_sans_bias123": {"write": {"device_start": -1, "host_queued_start": 1585628829.746916, "device_queued": -1, "device_end": -1, "host_queued_end": 1585628829.756945}, "device": "gpu", "nd_range": {"device_start": 1585628763.192868, "device_end": 1585628763.195243}, "cmdq": 0, "read": {"device_start": -1, "device_end": -1}}, "empty80": {"write": {"device_start": 1585628763.173174, "host_queued_start": 1585628829.702508, "device_queued": 1585628763.172971, "device_end": 1585628763.1732426, "host_queued_end": 1585628829.756945}, "device": "gpu", "nd_range": {"device_start": 1585628763.1732476, "device_end": 1585628763.1732547}, "cmdq": 2, "read": {"device_start": -1, "device_end": -1}}, "empty116": {"write": {"device_start": 1585628763.1735904, "host_queued_start": 1585628829.705933, "device_queued": 1585628763.1732848, "device_end": 1585628763.1736593, "host_queued_end": 1585628829.756945}, "device": "gpu", "nd_range": {"device_start": 1585628763.173675, "device_end": 1585628763.1736827}, "cmdq": 1, "read": {"device_start": -1, "device_end": -1}}, "softmax104": {"write": {"device_start": -1, "host_queued_start": 1585628829.743611, "device_queued": -1, "device_end": -1, "host_queued_end": 1585628829.756945}, "device": "gpu", "nd_range": {"device_start": 1585628763.1922379, "device_end": 1585628763.1926134}, "cmdq": 4, "read": {"device_start": -1, "device_end": -1}}, "coalesced_transpose21": {"write": {"device_start": -1, "host_queued_start": 1585628829.785837, "device_queued": -1, "device_end": -1, "host_queued_end": 1585628829.798906}, "device": "cpu", "nd_range": {"device_start": 2296604.0747865033, "device_end": 2296604.0750296353}, "cmdq": 2, "read": {"device_start": -1, "device_end": -1}}, "softmax14": {"write": {"device_start": -1, "host_queued_start": 1585628829.789577, "device_queued": -1, "device_end": -1, "host_queued_end": 1585628829.798906}, "device": "cpu", "nd_range": {"device_start": 2296604.132763244, "device_end": 2296604.132969772}, "cmdq": 1, "read": {"device_start": -1, "device_end": -1}}, "FFC_sans_bias69": {"write": {"device_start": -1, "host_queued_start": 1585628829.744995, "device_queued": -1, "device_end": -1, "host_queued_end": 1585628829.756945}, "device": "gpu", "nd_range": {"device_start": 1585628763.1926255, "device_end": 1585628763.1947927}, "cmdq": 4, "read": {"device_start": -1, "device_end": -1}}, "FFC_sans_bias92": {"write": {"device_start": 1585628763.1790798, "host_queued_start": 1585628829.723609, "device_queued": 1585628763.1750288, "device_end": 1585628763.179111, "host_queued_end": 1585628829.756945}, "device": "gpu", "nd_range": {"device_start": 1585628763.1791158, "device_end": 1585628763.1813636}, "cmdq": 3, "read": {"device_start": -1, "device_end": -1}}, "FFC_sans_bias60": {"write": {"device_start": -1, "host_queued_start": 1585628829.744683, "device_queued": -1, "device_end": -1, "host_queued_end": 1585628829.756945}, "device": "gpu", "nd_range": {"device_start": 1585628763.19227, "device_end": 1585628763.1933076}, "cmdq": 3, "read": {"device_start": -1, "device_end": -1}}, "FFC_sans_bias61": {"write": {"device_start": 1585628763.1944265, "host_queued_start": 1585628829.748287, "device_queued": 1585628763.1787035, "device_end": 1585628763.1944554, "host_queued_end": 1585628829.756945}, "device": "gpu", "nd_range": {"device_start": 1585628763.194477, "device_end": 1585628763.196712}, "cmdq": 2, "read": {"device_start": 1585628763.1967232, "device_end": 1585628763.1967478}}, "FFC_sans_bias63": {"write": {"device_start": 1585628763.1747046, "host_queued_start": 1585628829.714062, "device_queued": 1585628763.1740224, "device_end": 1585628763.1747353, "host_queued_end": 1585628829.756945}, "device": "gpu", "nd_range": {"device_start": 1585628763.1747394, "device_end": 1585628763.1769948}, "cmdq": 4, "read": {"device_start": -1, "device_end": -1}}, "FFC_sans_bias64": {"write": {"device_start": 1585628763.17425, "host_queued_start": 1585628829.711786, "device_queued": 1585628763.1738398, "device_end": 1585628763.174317, "host_queued_end": 1585628829.756945}, "device": "gpu", "nd_range": {"device_start": 1585628763.1743226, "device_end": 1585628763.1760144}, "cmdq": 2, "read": {"device_start": -1, "device_end": -1}}, "FFC_sans_bias65": {"write": {"device_start": 1585628763.1743536, "host_queued_start": 1585628829.713014, "device_queued": 1585628763.1738842, "device_end": 1585628763.1743777, "host_queued_end": 1585628829.756945}, "device": "gpu", "nd_range": {"device_start": 1585628763.1743817, "device_end": 1585628763.176546}, "cmdq": 3, "read": {"device_start": -1, "device_end": -1}}, "FFC_sans_bias67": {"write": {"device_start": -1, "host_queued_start": 1585628829.739789, "device_queued": -1, "device_end": -1, "host_queued_end": 1585628829.756945}, "device": "gpu", "nd_range": {"device_start": 1585628763.1871572, "device_end": 1585628763.187773}, "cmdq": 1, "read": {"device_start": -1, "device_end": -1}}, "coalesced_transpose111": {"write": {"device_start": -1, "host_queued_start": 1585628829.738515, "device_queued": -1, "device_end": -1, "host_queued_end": 1585628829.756945}, "device": "gpu", "nd_range": {"device_start": 1585628763.1870406, "device_end": 1585628763.1870735}, "cmdq": 2, "read": {"device_start": -1, "device_end": -1}}, "FFC_sans_bias133": {"write": {"device_start": 1585628763.1983802, "host_queued_start": 1585628829.756842, "device_queued": 1585628763.1797745, "device_end": 1585628763.198411, "host_queued_end": 1585628829.756945}, "device": "gpu", "nd_range": {"device_start": 1585628763.1984282, "device_end": 1585628763.2005637}, "cmdq": 0, "read": {"device_start": 1585628763.2005675, "device_end": 1585628763.2005901}}, "FFC_sans_bias132": {"write": {"device_start": -1, "host_queued_start": 1585628829.74724, "device_queued": -1, "device_end": -1, "host_queued_end": 1585628829.756945}, "device": "gpu", "nd_range": {"device_start": 1585628763.1938474, "device_end": 1585628763.1962283}, "cmdq": 1, "read": {"device_start": -1, "device_end": -1}}, "softmax68": {"write": {"device_start": -1, "host_queued_start": 1585628829.742548, "device_queued": -1, "device_end": -1, "host_queued_end": 1585628829.756945}, "device": "gpu", "nd_range": {"device_start": 1585628763.1916127, "device_end": 1585628763.1918163}, "cmdq": 0, "read": {"device_start": -1, "device_end": -1}}, "softmax131": {"write": {"device_start": -1, "host_queued_start": 1585628829.74436, "device_queued": -1, "device_end": -1, "host_queued_end": 1585628829.756945}, "device": "gpu", "nd_range": {"device_start": 1585628763.1922176, "device_end": 1585628763.1925735}, "cmdq": 2, "read": {"device_start": -1, "device_end": -1}}, "empty125": {"write": {"device_start": 1585628763.173706, "host_queued_start": 1585628829.706782, "device_queued": 1585628763.1733027, "device_end": 1585628763.173774, "host_queued_end": 1585628829.756945}, "device": "gpu", "nd_range": {"device_start": 1585628763.1737895, "device_end": 1585628763.1737955}, "cmdq": 2, "read": {"device_start": -1, "device_end": -1}}, "empty35": {"write": {"device_start": -1, "host_queued_start": 1585628829.762147, "device_queued": -1, "device_end": -1, "host_queued_end": 1585628829.798906}, "device": "cpu", "nd_range": {"device_start": 2296603.988552975, "device_end": 2296603.988557761}, "cmdq": 3, "read": {"device_start": -1, "device_end": -1}}, "softmax86": {"write": {"device_start": -1, "host_queued_start": 1585628829.743055, "device_queued": -1, "device_end": -1, "host_queued_end": 1585628829.756945}, "device": "gpu", "nd_range": {"device_start": 1585628763.1901822, "device_end": 1585628763.1922042}, "cmdq": 2, "read": {"device_start": -1, "device_end": -1}}, "FFC_sans_bias55": {"write": {"device_start": 1585628763.174139, "host_queued_start": 1585628829.710734, "device_queued": 1585628763.173817, "device_end": 1585628763.1741939, "host_queued_end": 1585628829.756945}, "device": "gpu", "nd_range": {"device_start": 1585628763.1742024, "device_end": 1585628763.1755984}, "cmdq": 1, "read": {"device_start": -1, "device_end": -1}}, "FFC_sans_bias54": {"write": {"device_start": 1585628763.174034, "host_queued_start": 1585628829.70965, "device_queued": 1585628763.1735764, "device_end": 1585628763.1741092, "host_queued_end": 1585628829.756945}, "device": "gpu", "nd_range": {"device_start": 1585628763.1741195, "device_end": 1585628763.1750166}, "cmdq": 0, "read": {"device_start": -1, "device_end": -1}}, "FFC_sans_bias56": {"write": {"device_start": 1585628763.1739285, "host_queued_start": 1585628829.708591, "device_queued": 1585628763.1734757, "device_end": 1585628763.1740003, "host_queued_end": 1585628829.756945}, "device": "gpu", "nd_range": {"device_start": 1585628763.1740043, "device_end": 1585628763.1746137}, "cmdq": 4, "read": {"device_start": -1, "device_end": -1}}, "FFC_sans_bias51": {"write": {"device_start": -1, "host_queued_start": 1585628829.792827, "device_queued": -1, "device_end": -1, "host_queued_end": 1585628829.798906}, "device": "cpu", "nd_range": {"device_start": 2296604.160064874, "device_end": 2296604.168686829}, "cmdq": 3, "read": {"device_start": -1, "device_end": -1}}, "FFC_sans_bias52": {"write": {"device_start": -1, "host_queued_start": 1585628829.798861, "device_queued": -1, "device_end": -1, "host_queued_end": 1585628829.798906}, "device": "cpu", "nd_range": {"device_start": 2296604.171940024, "device_end": 2296604.180983106}, "cmdq": 1, "read": {"device_start": -1, "device_end": -1}}, "FFC_sans_bias58": {"write": {"device_start": -1, "host_queued_start": 1585628829.73947, "device_queued": -1, "device_end": -1, "host_queued_end": 1585628829.756945}, "device": "gpu", "nd_range": {"device_start": 1585628763.1872318, "device_end": 1585628763.1891737}, "cmdq": 0, "read": {"device_start": -1, "device_end": -1}}, "FFC_sans_bias108": {"write": {"device_start": 1585628763.180949, "host_queued_start": 1585628829.727844, "device_queued": 1585628763.1755788, "device_end": 1585628763.1809757, "host_queued_end": 1585628829.756945}, "device": "gpu", "nd_range": {"device_start": 1585628763.1809835, "device_end": 1585628763.1833076}, "cmdq": 2, "read": {"device_start": -1, "device_end": -1}}, "FFC_sans_bias109": {"write": {"device_start": 1585628763.181456, "host_queued_start": 1585628829.728888, "device_queued": 1585628763.1756103, "device_end": 1585628763.1814816, "host_queued_end": 1585628829.756945}, "device": "gpu", "nd_range": {"device_start": 1585628763.1814852, "device_end": 1585628763.183782}, "cmdq": 3, "read": {"device_start": -1, "device_end": -1}}, "coalesced_transpose129": {"write": {"device_start": -1, "host_queued_start": 1585628829.739129, "device_queued": -1, "device_end": -1, "host_queued_end": 1585628829.756945}, "device": "gpu", "nd_range": {"device_start": 1585628763.1872125, "device_end": 1585628763.1885767}, "cmdq": 4, "read": {"device_start": -1, "device_end": -1}}, "FFC_sans_bias103": {"write": {"device_start": -1, "host_queued_start": 1585628829.741072, "device_queued": -1, "device_end": -1, "host_queued_end": 1585628829.756945}, "device": "gpu", "nd_range": {"device_start": 1585628763.1891873, "device_end": 1585628763.1916}, "cmdq": 0, "read": {"device_start": -1, "device_end": -1}}, "FFC_sans_bias100": {"write": {"device_start": 1585628763.1800354, "host_queued_start": 1585628829.72571, "device_queued": 1585628763.1753838, "device_end": 1585628763.1800618, "host_queued_end": 1585628829.756945}, "device": "gpu", "nd_range": {"device_start": 1585628763.1800666, "device_end": 1585628763.1823275}, "cmdq": 0, "read": {"device_start": -1, "device_end": -1}}, "FFC_sans_bias101": {"write": {"device_start": 1585628763.180487, "host_queued_start": 1585628829.726797, "device_queued": 1585628763.175443, "device_end": 1585628763.1805143, "host_queued_end": 1585628829.756945}, "device": "gpu", "nd_range": {"device_start": 1585628763.180525, "device_end": 1585628763.1827927}, "cmdq": 1, "read": {"device_start": -1, "device_end": -1}}, "FFC_sans_bias106": {"write": {"device_start": 1585628763.1975217, "host_queued_start": 1585628829.753673, "device_queued": 1585628763.179408, "device_end": 1585628763.1975532, "host_queued_end": 1585628829.756945}, "device": "gpu", "nd_range": {"device_start": 1585628763.1975722, "device_end": 1585628763.199598}, "cmdq": 2, "read": {"device_start": 1585628763.199611, "device_end": 1585628763.1996355}}, "softmax122": {"write": {"device_start": -1, "host_queued_start": 1585628829.744114, "device_queued": -1, "device_end": -1, "host_queued_end": 1585628829.756945}, "device": "gpu", "nd_range": {"device_start": 1585628763.192201, "device_end": 1585628763.192551}, "cmdq": 1, "read": {"device_start": -1, "device_end": -1}}, "FFC_sans_bias105": {"write": {"device_start": -1, "host_queued_start": 1585628829.746276, "device_queued": -1, "device_end": -1, "host_queued_end": 1585628829.756945}, "device": "gpu", "nd_range": {"device_start": 1585628763.19332, "device_end": 1585628763.1957536}, "cmdq": 3, "read": {"device_start": -1, "device_end": -1}}, "softmax95": {"write": {"device_start": -1, "host_queued_start": 1585628829.74336, "device_queued": -1, "device_end": -1, "host_queued_end": 1585628829.756945}, "device": "gpu", "nd_range": {"device_start": 1585628763.1911595, "device_end": 1585628763.1922204}, "cmdq": 3, "read": {"device_start": -1, "device_end": -1}}, "coalesced_transpose57": {"write": {"device_start": -1, "host_queued_start": 1585628829.736639, "device_queued": -1, "device_end": -1, "host_queued_end": 1585628829.756945}, "device": "gpu", "nd_range": {"device_start": 1585628763.1852252, "device_end": 1585628763.1870148}, "cmdq": 1, "read": {"device_start": -1, "device_end": -1}}, "empty26": {"write": {"device_start": -1, "host_queued_start": 1585628829.761119, "device_queued": -1, "device_end": -1, "host_queued_end": 1585628829.798906}, "device": "cpu", "nd_range": {"device_start": 2296604.00429885, "device_end": 2296604.0043014754}, "cmdq": 2, "read": {"device_start": -1, "device_end": -1}}, "softmax113": {"write": {"device_start": -1, "host_queued_start": 1585628829.743865, "device_queued": -1, "device_end": -1, "host_queued_end": 1585628829.756945}, "device": "gpu", "nd_range": {"device_start": 1585628763.1918356, "device_end": 1585628763.1920457}, "cmdq": 0, "read": {"device_start": -1, "device_end": -1}}, "FFC_sans_bias11": {"write": {"device_start": -1, "host_queued_start": 1585628829.771109, "device_queued": -1, "device_end": -1, "host_queued_end": 1585628829.798906}, "device": "cpu", "nd_range": {"device_start": 2296604.004162991, "device_end": 2296604.019421751}, "cmdq": 3, "read": {"device_start": -1, "device_end": -1}}, "FFC_sans_bias42": {"write": {"device_start": -1, "host_queued_start": 1585628829.792479, "device_queued": -1, "device_end": -1, "host_queued_end": 1585628829.798906}, "device": "cpu", "nd_range": {"device_start": 2296604.114146388, "device_end": 2296604.129580825}, "cmdq": 2, "read": {"device_start": -1, "device_end": -1}}, "FFC_sans_bias43": {"write": {"device_start": -1, "host_queued_start": 1585628829.797864, "device_queued": -1, "device_end": -1, "host_queued_end": 1585628829.798906}, "device": "cpu", "nd_range": {"device_start": 2296604.1297738673, "device_end": 2296604.137517177}, "cmdq": 0, "read": {"device_start": -1, "device_end": -1}}, "FFC_sans_bias40": {"write": {"device_start": -1, "host_queued_start": 1585628829.788669, "device_queued": -1, "device_end": -1, "host_queued_end": 1585628829.798906}, "device": "cpu", "nd_range": {"device_start": 2296604.0903690453, "device_end": 2296604.098591004}, "cmdq": 2, "read": {"device_start": -1, "device_end": -1}}, "FFC_sans_bias46": {"write": {"device_start": -1, "host_queued_start": 1585628829.783509, "device_queued": -1, "device_end": -1, "host_queued_end": 1585628829.798906}, "device": "cpu", "nd_range": {"device_start": 2296604.0660781013, "device_end": 2296604.0746716303}, "cmdq": 2, "read": {"device_start": -1, "device_end": -1}}, "FFC_sans_bias47": {"write": {"device_start": -1, "host_queued_start": 1585628829.784703, "device_queued": -1, "device_end": -1, "host_queued_end": 1585628829.798906}, "device": "cpu", "nd_range": {"device_start": 2296604.050255584, "device_end": 2296604.0655152523}, "cmdq": 3, "read": {"device_start": -1, "device_end": -1}}, "FFC_sans_bias45": {"write": {"device_start": -1, "host_queued_start": 1585628829.782357, "device_queued": -1, "device_end": -1, "host_queued_end": 1585628829.798906}, "device": "cpu", "nd_range": {"device_start": 2296604.0841382393, "device_end": 2296604.0985487713}, "cmdq": 1, "read": {"device_start": -1, "device_end": -1}}, "FFC_sans_bias49": {"write": {"device_start": -1, "host_queued_start": 1585628829.789013, "device_queued": -1, "device_end": -1, "host_queued_end": 1585628829.798906}, "device": "cpu", "nd_range": {"device_start": 2296604.1329772184, "device_end": 2296604.1453063143}, "cmdq": 3, "read": {"device_start": -1, "device_end": -1}}, "softmax77": {"write": {"device_start": -1, "host_queued_start": 1585628829.742802, "device_queued": -1, "device_end": -1, "host_queued_end": 1585628829.756945}, "device": "gpu", "nd_range": {"device_start": 1585628763.189698, "device_end": 1585628763.1921875}, "cmdq": 1, "read": {"device_start": -1, "device_end": -1}}, "empty134": {"write": {"device_start": 1585628763.1737998, "host_queued_start": 1585628829.707607, "device_queued": 1585628763.173451, "device_end": 1585628763.1738582, "host_queued_end": 1585628829.756945}, "device": "gpu", "nd_range": {"device_start": 1585628763.1738615, "device_end": 1585628763.1738667}, "cmdq": 3, "read": {"device_start": -1, "device_end": -1}}, "FFC_sans_bias119": {"write": {"device_start": 1585628763.1834009, "host_queued_start": 1585628829.733139, "device_queued": 1585628763.1760755, "device_end": 1585628763.1834261, "host_queued_end": 1585628829.756945}, "device": "gpu", "nd_range": {"device_start": 1585628763.183436, "device_end": 1585628763.185702}, "cmdq": 2, "read": {"device_start": -1, "device_end": -1}}, "FFC_sans_bias118": {"write": {"device_start": 1585628763.1828783, "host_queued_start": 1585628829.732087, "device_queued": 1585628763.1760476, "device_end": 1585628763.182905, "host_queued_end": 1585628829.756945}, "device": "gpu", "nd_range": {"device_start": 1585628763.1829085, "device_end": 1585628763.1852238}, "cmdq": 1, "read": {"device_start": -1, "device_end": -1}}, "FFC_sans_bias115": {"write": {"device_start": 1585628763.197886, "host_queued_start": 1585628829.754745, "device_queued": 1585628763.1794357, "device_end": 1585628763.1979122, "host_queued_end": 1585628829.756945}, "device": "gpu", "nd_range": {"device_start": 1585628763.1979327, "device_end": 1585628763.2001169}, "cmdq": 3, "read": {"device_start": 1585628763.2001219, "device_end": 1585628763.2001479}}, "FFC_sans_bias114": {"write": {"device_start": -1, "host_queued_start": 1585628829.746596, "device_queued": -1, "device_end": -1, "host_queued_end": 1585628829.756945}, "device": "gpu", "nd_range": {"device_start": 1585628763.1948059, "device_end": 1585628763.1972141}, "cmdq": 4, "read": {"device_start": -1, "device_end": -1}}, "FFC_sans_bias117": {"write": {"device_start": 1585628763.1824129, "host_queued_start": 1585628829.731044, "device_queued": 1585628763.1758823, "device_end": 1585628763.1824398, "host_queued_end": 1585628829.756945}, "device": "gpu", "nd_range": {"device_start": 1585628763.1824446, "device_end": 1585628763.1847456}, "cmdq": 0, "read": {"device_start": -1, "device_end": -1}}, "softmax5": {"write": {"device_start": -1, "host_queued_start": 1585628829.789289, "device_queued": -1, "device_end": -1, "host_queued_end": 1585628829.798906}, "device": "cpu", "nd_range": {"device_start": 2296604.091118099, "device_end": 2296604.0913423123}, "cmdq": 0, "read": {"device_start": -1, "device_end": -1}}, "FFC_sans_bias110": {"write": {"device_start": 1585628763.1819115, "host_queued_start": 1585628829.729987, "device_queued": 1585628763.1756287, "device_end": 1585628763.1819375, "host_queued_end": 1585628829.756945}, "device": "gpu", "nd_range": {"device_start": 1585628763.1819468, "device_end": 1585628763.1842756}, "cmdq": 4, "read": {"device_start": -1, "device_end": -1}}, "FFC_sans_bias112": {"write": {"device_start": -1, "host_queued_start": 1585628829.741396, "device_queued": -1, "device_end": -1, "host_queued_end": 1585628829.756945}, "device": "gpu", "nd_range": {"device_start": 1585628763.1877878, "device_end": 1585628763.1896796}, "cmdq": 1, "read": {"device_start": -1, "device_end": -1}}, "empty53": {"write": {"device_start": -1, "host_queued_start": 1585628829.76435, "device_queued": -1, "device_end": -1, "host_queued_end": 1585628829.798906}, "device": "cpu", "nd_range": {"device_start": 2296603.988547602, "device_end": 2296603.9885487733}, "cmdq": 1, "read": {"device_start": -1, "device_end": -1}}, "coalesced_transpose48": {"write": {"device_start": -1, "host_queued_start": 1585628829.78694, "device_queued": -1, "device_end": -1, "host_queued_end": 1585628829.798906}, "device": "cpu", "nd_range": {"device_start": 2296604.099588197, "device_end": 2296604.099838242}, "cmdq": 1, "read": {"device_start": -1, "device_end": -1}}}