{"FFC_sans_bias4": {"write": {"device_start": -1, "host_queued_start": 1585628510.121088, "device_queued": -1, "device_end": -1, "host_queued_end": 1585628510.142762}, "device": "cpu", "nd_range": {"device_start": 2296284.488670037, "device_end": 2296284.4994024984}, "cmdq": 1, "read": {"device_start": -1, "device_end": -1}}, "FFC_sans_bias7": {"write": {"device_start": -1, "host_queued_start": 1585628510.132598, "device_queued": -1, "device_end": -1, "host_queued_end": 1585628510.142762}, "device": "cpu", "nd_range": {"device_start": 2296284.5862539373, "device_end": 2296284.591965522}, "cmdq": 0, "read": {"device_start": -1, "device_end": -1}}, "FFC_sans_bias6": {"write": {"device_start": -1, "host_queued_start": 1585628510.128056, "device_queued": -1, "device_end": -1, "host_queued_end": 1585628510.142762}, "device": "cpu", "nd_range": {"device_start": 2296284.537487192, "device_end": 2296284.5465842853}, "cmdq": 1, "read": {"device_start": -1, "device_end": -1}}, "FFC_sans_bias1": {"write": {"device_start": -1, "host_queued_start": 1585628510.083918, "device_queued": -1, "device_end": -1, "host_queued_end": 1585628510.142762}, "device": "cpu", "nd_range": {"device_start": 2296284.3324545734, "device_end": 2296284.342348305}, "cmdq": 0, "read": {"device_start": -1, "device_end": -1}}, "FFC_sans_bias0": {"write": {"device_start": -1, "host_queued_start": 1585628510.082731, "device_queued": -1, "device_end": -1, "host_queued_end": 1585628510.142762}, "device": "cpu", "nd_range": {"device_start": 2296284.3324498273, "device_end": 2296284.338978183}, "cmdq": 1, "read": {"device_start": -1, "device_end": -1}}, "FFC_sans_bias2": {"write": {"device_start": -1, "host_queued_start": 1585628510.084999, "device_queued": -1, "device_end": -1, "host_queued_end": 1585628510.142762}, "device": "cpu", "nd_range": {"device_start": 2296284.339087469, "device_end": 2296284.3455088544}, "cmdq": 1, "read": {"device_start": -1, "device_end": -1}}, "coalesced_transpose120": {"write": {"device_start": -1, "host_queued_start": 1585628510.062677, "device_queued": -1, "device_end": -1, "host_queued_end": 1585628510.070807}, "device": "gpu", "nd_range": {"device_start": 1585628443.5011647, "device_end": 1585628443.5015438}, "cmdq": 2, "read": {"device_start": -1, "device_end": -1}}, "FFC_sans_bias9": {"write": {"device_start": -1, "host_queued_start": 1585628510.086068, "device_queued": -1, "device_end": -1, "host_queued_end": 1585628510.142762}, "device": "cpu", "nd_range": {"device_start": 2296284.3424729793, "device_end": 2296284.3521999023}, "cmdq": 0, "read": {"device_start": -1, "device_end": -1}}, "empty71": {"write": {"device_start": -1, "host_queued_start": 1585628510.078963, "device_queued": -1, "device_end": -1, "host_queued_end": 1585628510.142762}, "device": "cpu", "nd_range": {"device_start": 2296284.332437506, "device_end": 2296284.332438133}, "cmdq": 1, "read": {"device_start": -1, "device_end": -1}}, "softmax41": {"write": {"device_start": -1, "host_queued_start": 1585628510.126052, "device_queued": -1, "device_end": -1, "host_queued_end": 1585628510.142762}, "device": "cpu", "nd_range": {"device_start": 2296284.5307687223, "device_end": 2296284.53097572}, "cmdq": 0, "read": {"device_start": -1, "device_end": -1}}, "FFC_sans_bias37": {"write": {"device_start": -1, "host_queued_start": 1585628510.09684, "device_queued": -1, "device_end": -1, "host_queued_end": 1585628510.142762}, "device": "cpu", "nd_range": {"device_start": 2296284.377143727, "device_end": 2296284.3843846503}, "cmdq": 0, "read": {"device_start": -1, "device_end": -1}}, "FFC_sans_bias36": {"write": {"device_start": -1, "host_queued_start": 1585628510.09576, "device_queued": -1, "device_end": -1, "host_queued_end": 1585628510.142762}, "device": "cpu", "nd_range": {"device_start": 2296284.400828787, "device_end": 2296284.407278061}, "cmdq": 1, "read": {"device_start": -1, "device_end": -1}}, "FFC_sans_bias34": {"write": {"device_start": -1, "host_queued_start": 1585628510.135651, "device_queued": -1, "device_end": -1, "host_queued_end": 1585628510.142762}, "device": "cpu", "nd_range": {"device_start": 2296284.596790181, "device_end": 2296284.605299372}, "cmdq": 1, "read": {"device_start": -1, "device_end": -1}}, "FFC_sans_bias33": {"write": {"device_start": -1, "host_queued_start": 1585628510.129092, "device_queued": -1, "device_end": -1, "host_queued_end": 1585628510.142762}, "device": "cpu", "nd_range": {"device_start": 2296284.5440168683, "device_end": 2296284.557990965}, "cmdq": 0, "read": {"device_start": -1, "device_end": -1}}, "FFC_sans_bias31": {"write": {"device_start": -1, "host_queued_start": 1585628510.12221, "device_queued": -1, "device_end": -1, "host_queued_end": 1585628510.142762}, "device": "cpu", "nd_range": {"device_start": 2296284.492040382, "device_end": 2296284.500655556}, "cmdq": 0, "read": {"device_start": -1, "device_end": -1}}, "FFC_sans_bias38": {"write": {"device_start": -1, "host_queued_start": 1585628510.097901, "device_queued": -1, "device_end": -1, "host_queued_end": 1585628510.142762}, "device": "cpu", "nd_range": {"device_start": 2296284.4138582773, "device_end": 2296284.4262161693}, "cmdq": 1, "read": {"device_start": -1, "device_end": -1}}, "coalesced_transpose75": {"write": {"device_start": -1, "host_queued_start": 1585628510.120074, "device_queued": -1, "device_end": -1, "host_queued_end": 1585628510.142762}, "device": "cpu", "nd_range": {"device_start": 2296284.458284128, "device_end": 2296284.458532949}, "cmdq": 0, "read": {"device_start": -1, "device_end": -1}}, "empty44": {"write": {"device_start": -1, "host_queued_start": 1585628510.076508, "device_queued": -1, "device_end": -1, "host_queued_end": 1585628510.142762}, "device": "cpu", "nd_range": {"device_start": 2296284.332430636, "device_end": 2296284.332431292}, "cmdq": 0, "read": {"device_start": -1, "device_end": -1}}, "empty8": {"write": {"device_start": -1, "host_queued_start": 1585628510.07229, "device_queued": -1, "device_end": -1, "host_queued_end": 1585628510.142762}, "device": "cpu", "nd_range": {"device_start": 2296284.332388632, "device_end": 2296284.332401493}, "cmdq": 0, "read": {"device_start": -1, "device_end": -1}}, "softmax50": {"write": {"device_start": -1, "host_queued_start": 1585628510.126326, "device_queued": -1, "device_end": -1, "host_queued_end": 1585628510.142762}, "device": "cpu", "nd_range": {"device_start": 2296284.536830464, "device_end": 2296284.537044738}, "cmdq": 1, "read": {"device_start": -1, "device_end": -1}}, "softmax59": {"write": {"device_start": -1, "host_queued_start": 1585628510.126609, "device_queued": -1, "device_end": -1, "host_queued_end": 1585628510.142762}, "device": "cpu", "nd_range": {"device_start": 2296284.530981969, "device_end": 2296284.531192353}, "cmdq": 0, "read": {"device_start": -1, "device_end": -1}}, "FFC_sans_bias24": {"write": {"device_start": -1, "host_queued_start": 1585628510.128746, "device_queued": -1, "device_end": -1, "host_queued_end": 1585628510.142762}, "device": "cpu", "nd_range": {"device_start": 2296284.546590872, "device_end": 2296284.55510655}, "cmdq": 1, "read": {"device_start": -1, "device_end": -1}}, "FFC_sans_bias25": {"write": {"device_start": -1, "host_queued_start": 1585628510.134656, "device_queued": -1, "device_end": -1, "host_queued_end": 1585628510.142762}, "device": "cpu", "nd_range": {"device_start": 2296284.5919693843, "device_end": 2296284.604340971}, "cmdq": 0, "read": {"device_start": -1, "device_end": -1}}, "FFC_sans_bias27": {"write": {"device_start": -1, "host_queued_start": 1585628510.092483, "device_queued": -1, "device_end": -1, "host_queued_end": 1585628510.142762}, "device": "cpu", "nd_range": {"device_start": 2296284.363654232, "device_end": 2296284.370899917}, "cmdq": 0, "read": {"device_start": -1, "device_end": -1}}, "FFC_sans_bias20": {"write": {"device_start": -1, "host_queued_start": 1585628510.091424, "device_queued": -1, "device_end": -1, "host_queued_end": 1585628510.142762}, "device": "cpu", "nd_range": {"device_start": 2296284.3748715753, "device_end": 2296284.381059464}, "cmdq": 1, "read": {"device_start": -1, "device_end": -1}}, "FFC_sans_bias22": {"write": {"device_start": -1, "host_queued_start": 1585628510.121863, "device_queued": -1, "device_end": -1, "host_queued_end": 1585628510.142762}, "device": "cpu", "nd_range": {"device_start": 2296284.499410485, "device_end": 2296284.510451712}, "cmdq": 1, "read": {"device_start": -1, "device_end": -1}}, "FFC_sans_bias130": {"write": {"device_start": -1, "host_queued_start": 1585628510.064243, "device_queued": -1, "device_end": -1, "host_queued_end": 1585628510.070807}, "device": "gpu", "nd_range": {"device_start": 1585628443.5029535, "device_end": 1585628443.5035648}, "cmdq": 3, "read": {"device_start": -1, "device_end": -1}}, "FFC_sans_bias28": {"write": {"device_start": -1, "host_queued_start": 1585628510.093531, "device_queued": -1, "device_end": -1, "host_queued_end": 1585628510.142762}, "device": "cpu", "nd_range": {"device_start": 2296284.387379109, "device_end": 2296284.394042009}, "cmdq": 1, "read": {"device_start": -1, "device_end": -1}}, "FFC_sans_bias29": {"write": {"device_start": -1, "host_queued_start": 1585628510.094706, "device_queued": -1, "device_end": -1, "host_queued_end": 1585628510.142762}, "device": "cpu", "nd_range": {"device_start": 2296284.371027342, "device_end": 2296284.377015651}, "cmdq": 0, "read": {"device_start": -1, "device_end": -1}}, "coalesced_transpose66": {"write": {"device_start": -1, "host_queued_start": 1585628510.119742, "device_queued": -1, "device_end": -1, "host_queued_end": 1585628510.142762}, "device": "cpu", "nd_range": {"device_start": 2296284.48793849, "device_end": 2296284.4882067232}, "cmdq": 1, "read": {"device_start": -1, "device_end": -1}}, "coalesced_transpose93": {"write": {"device_start": -1, "host_queued_start": 1585628510.12074, "device_queued": -1, "device_end": -1, "host_queued_end": 1585628510.142762}, "device": "cpu", "nd_range": {"device_start": 2296284.458648928, "device_end": 2296284.4588900884}, "cmdq": 0, "read": {"device_start": -1, "device_end": -1}}, "softmax23": {"write": {"device_start": -1, "host_queued_start": 1585628510.125492, "device_queued": -1, "device_end": -1, "host_queued_end": 1585628510.142762}, "device": "cpu", "nd_range": {"device_start": 2296284.530553886, "device_end": 2296284.5307634394}, "cmdq": 0, "read": {"device_start": -1, "device_end": -1}}, "empty62": {"write": {"device_start": -1, "host_queued_start": 1585628510.078132, "device_queued": -1, "device_end": -1, "host_queued_end": 1585628510.142762}, "device": "cpu", "nd_range": {"device_start": 2296284.3324376633, "device_end": 2296284.3324382883}, "cmdq": 0, "read": {"device_start": -1, "device_end": -1}}, "FFC_sans_bias10": {"write": {"device_start": -1, "host_queued_start": 1585628510.087145, "device_queued": -1, "device_end": -1, "host_queued_end": 1585628510.142762}, "device": "cpu", "nd_range": {"device_start": 2296284.346165121, "device_end": 2296284.352566527}, "cmdq": 1, "read": {"device_start": -1, "device_end": -1}}, "FFC_sans_bias13": {"write": {"device_start": -1, "host_queued_start": 1585628510.121434, "device_queued": -1, "device_end": -1, "host_queued_end": 1585628510.142762}, "device": "cpu", "nd_range": {"device_start": 2296284.4862801363, "device_end": 2296284.492029326}, "cmdq": 0, "read": {"device_start": -1, "device_end": -1}}, "FFC_sans_bias15": {"write": {"device_start": -1, "host_queued_start": 1585628510.128402, "device_queued": -1, "device_end": -1, "host_queued_end": 1585628510.142762}, "device": "cpu", "nd_range": {"device_start": 2296284.5366074583, "device_end": 2296284.544008568}, "cmdq": 0, "read": {"device_start": -1, "device_end": -1}}, "FFC_sans_bias16": {"write": {"device_start": -1, "host_queued_start": 1585628510.133603, "device_queued": -1, "device_end": -1, "host_queued_end": 1585628510.142762}, "device": "cpu", "nd_range": {"device_start": 2296284.589612233, "device_end": 2296284.59678666}, "cmdq": 1, "read": {"device_start": -1, "device_end": -1}}, "FFC_sans_bias19": {"write": {"device_start": -1, "host_queued_start": 1585628510.090336, "device_queued": -1, "device_end": -1, "host_queued_end": 1585628510.142762}, "device": "cpu", "nd_range": {"device_start": 2296284.3578337394, "device_end": 2296284.3635343453}, "cmdq": 0, "read": {"device_start": -1, "device_end": -1}}, "FFC_sans_bias18": {"write": {"device_start": -1, "host_queued_start": 1585628510.089285, "device_queued": -1, "device_end": -1, "host_queued_end": 1585628510.142762}, "device": "cpu", "nd_range": {"device_start": 2296284.3590931264, "device_end": 2296284.366918926}, "cmdq": 1, "read": {"device_start": -1, "device_end": -1}}, "FFC_sans_bias99": {"write": {"device_start": 1585628443.4956527, "host_queued_start": 1585628510.049914, "device_queued": 1585628443.495558, "device_end": 1585628443.495724, "host_queued_end": 1585628510.070807}, "device": "gpu", "nd_range": {"device_start": 1585628443.4957278, "device_end": 1585628443.496335}, "cmdq": 0, "read": {"device_start": -1, "device_end": -1}}, "FFC_sans_bias91": {"write": {"device_start": -1, "host_queued_start": 1585628510.116012, "device_queued": -1, "device_end": -1, "host_queued_end": 1585628510.142762}, "device": "cpu", "nd_range": {"device_start": 2296284.439421798, "device_end": 2296284.448564844}, "cmdq": 0, "read": {"device_start": -1, "device_end": -1}}, "FFC_sans_bias90": {"write": {"device_start": -1, "host_queued_start": 1585628510.114955, "device_queued": -1, "device_end": -1, "host_queued_end": 1585628510.142762}, "device": "cpu", "nd_range": {"device_start": 2296284.475249711, "device_end": 2296284.479676911}, "cmdq": 1, "read": {"device_start": -1, "device_end": -1}}, "coalesced_transpose12": {"write": {"device_start": -1, "host_queued_start": 1585628510.117738, "device_queued": -1, "device_end": -1, "host_queued_end": 1585628510.142762}, "device": "cpu", "nd_range": {"device_start": 2296284.486146279, "device_end": 2296284.4862654903}, "cmdq": 1, "read": {"device_start": -1, "device_end": -1}}, "FFC_sans_bias94": {"write": {"device_start": -1, "host_queued_start": 1585628510.124634, "device_queued": -1, "device_end": -1, "host_queued_end": 1585628510.142762}, "device": "cpu", "nd_range": {"device_start": 2296284.5316526312, "device_end": 2296284.5363169042}, "cmdq": 1, "read": {"device_start": -1, "device_end": -1}}, "FFC_sans_bias97": {"write": {"device_start": -1, "host_queued_start": 1585628510.142716, "device_queued": -1, "device_end": -1, "host_queued_end": 1585628510.142762}, "device": "cpu", "nd_range": {"device_start": 2296284.623172447, "device_end": 2296284.63413198}, "cmdq": 0, "read": {"device_start": -1, "device_end": -1}}, "FFC_sans_bias96": {"write": {"device_start": -1, "host_queued_start": 1585628510.131532, "device_queued": -1, "device_end": -1, "host_queued_end": 1585628510.142762}, "device": "cpu", "nd_range": {"device_start": 2296284.57406063, "device_end": 2296284.589603093}, "cmdq": 1, "read": {"device_start": -1, "device_end": -1}}, "FFC_sans_bias124": {"write": {"device_start": 1585628443.5051618, "host_queued_start": 1585628510.069653, "device_queued": 1585628443.497895, "device_end": 1585628443.5051932, "host_queued_end": 1585628510.070807}, "device": "gpu", "nd_range": {"device_start": 1585628443.5051959, "device_end": 1585628443.5069885}, "cmdq": 2, "read": {"device_start": 1585628443.5069926, "device_end": 1585628443.507016}}, "FFC_sans_bias126": {"write": {"device_start": 1585628443.4993885, "host_queued_start": 1585628510.060679, "device_queued": 1585628443.496638, "device_end": 1585628443.4994195, "host_queued_end": 1585628510.070807}, "device": "gpu", "nd_range": {"device_start": 1585628443.499423, "device_end": 1585628443.5011592}, "cmdq": 2, "read": {"device_start": -1, "device_end": -1}}, "softmax32": {"write": {"device_start": -1, "host_queued_start": 1585628510.125776, "device_queued": -1, "device_end": -1, "host_queued_end": 1585628510.142762}, "device": "cpu", "nd_range": {"device_start": 2296284.536609686, "device_end": 2296284.5368233384}, "cmdq": 1, "read": {"device_start": -1, "device_end": -1}}, "coalesced_transpose84": {"write": {"device_start": -1, "host_queued_start": 1585628510.120407, "device_queued": -1, "device_end": -1, "host_queued_end": 1585628510.142762}, "device": "cpu", "nd_range": {"device_start": 2296284.488316997, "device_end": 2296284.488563532}, "cmdq": 1, "read": {"device_start": -1, "device_end": -1}}, "FFC_sans_bias121": {"write": {"device_start": -1, "host_queued_start": 1585628510.063933, "device_queued": -1, "device_end": -1, "host_queued_end": 1585628510.070807}, "device": "gpu", "nd_range": {"device_start": 1585628443.5015454, "device_end": 1585628443.5031114}, "cmdq": 2, "read": {"device_start": -1, "device_end": -1}}, "empty98": {"write": {"device_start": -1, "host_queued_start": 1585628510.081638, "device_queued": -1, "device_end": -1, "host_queued_end": 1585628510.142762}, "device": "cpu", "nd_range": {"device_start": 2296284.3324486893, "device_end": 2296284.332449276}, "cmdq": 0, "read": {"device_start": -1, "device_end": -1}}, "empty107": {"write": {"device_start": 1585628443.495187, "host_queued_start": 1585628510.046114, "device_queued": 1585628443.495065, "device_end": 1585628443.4952152, "host_queued_end": 1585628510.070807}, "device": "gpu", "nd_range": {"device_start": 1585628443.4952219, "device_end": 1585628443.4952269}, "cmdq": 0, "read": {"device_start": -1, "device_end": -1}}, "empty17": {"write": {"device_start": -1, "host_queued_start": 1585628510.07345, "device_queued": -1, "device_end": -1, "host_queued_end": 1585628510.142762}, "device": "cpu", "nd_range": {"device_start": 2296284.3323884644, "device_end": 2296284.332401513}, "cmdq": 1, "read": {"device_start": -1, "device_end": -1}}, "FFC_sans_bias87": {"write": {"device_start": -1, "host_queued_start": 1585628510.131182, "device_queued": -1, "device_end": -1, "host_queued_end": 1585628510.142762}, "device": "cpu", "nd_range": {"device_start": 2296284.5788043872, "device_end": 2296284.5862477804}, "cmdq": 0, "read": {"device_start": -1, "device_end": -1}}, "FFC_sans_bias85": {"write": {"device_start": -1, "host_queued_start": 1585628510.12429, "device_queued": -1, "device_end": -1, "host_queued_end": 1585628510.142762}, "device": "cpu", "nd_range": {"device_start": 2296284.515658834, "device_end": 2296284.530313609}, "cmdq": 0, "read": {"device_start": -1, "device_end": -1}}, "FFC_sans_bias82": {"write": {"device_start": -1, "host_queued_start": 1585628510.1128, "device_queued": -1, "device_end": -1, "host_queued_end": 1585628510.142762}, "device": "cpu", "nd_range": {"device_start": 2296284.470729649, "device_end": 2296284.47524308}, "cmdq": 1, "read": {"device_start": -1, "device_end": -1}}, "FFC_sans_bias83": {"write": {"device_start": -1, "host_queued_start": 1585628510.113888, "device_queued": -1, "device_end": -1, "host_queued_end": 1585628510.142762}, "device": "cpu", "nd_range": {"device_start": 2296284.432756876, "device_end": 2296284.439299702}, "cmdq": 0, "read": {"device_start": -1, "device_end": -1}}, "FFC_sans_bias81": {"write": {"device_start": -1, "host_queued_start": 1585628510.111742, "device_queued": -1, "device_end": -1, "host_queued_end": 1585628510.142762}, "device": "cpu", "nd_range": {"device_start": 2296284.4249078264, "device_end": 2296284.432640238}, "cmdq": 0, "read": {"device_start": -1, "device_end": -1}}, "FFC_sans_bias88": {"write": {"device_start": -1, "host_queued_start": 1585628510.141708, "device_queued": -1, "device_end": -1, "host_queued_end": 1585628510.142762}, "device": "cpu", "nd_range": {"device_start": 2296284.627717452, "device_end": 2296284.6353484853}, "cmdq": 1, "read": {"device_start": -1, "device_end": -1}}, "coalesced_transpose30": {"write": {"device_start": -1, "host_queued_start": 1585628510.118402, "device_queued": -1, "device_end": -1, "host_queued_end": 1585628510.142762}, "device": "cpu", "nd_range": {"device_start": 2296284.48628161, "device_end": 2296284.48746103}, "cmdq": 1, "read": {"device_start": -1, "device_end": -1}}, "FFC_sans_bias128": {"write": {"device_start": 1585628443.498837, "host_queued_start": 1585628510.059441, "device_queued": 1585628443.496611, "device_end": 1585628443.498869, "host_queued_end": 1585628510.070807}, "device": "gpu", "nd_range": {"device_start": 1585628443.4988842, "device_end": 1585628443.5006971}, "cmdq": 1, "read": {"device_start": -1, "device_end": -1}}, "coalesced_transpose39": {"write": {"device_start": -1, "host_queued_start": 1585628510.118743, "device_queued": -1, "device_end": -1, "host_queued_end": 1585628510.142762}, "device": "cpu", "nd_range": {"device_start": 2296284.449429604, "device_end": 2296284.449689152}, "cmdq": 0, "read": {"device_start": -1, "device_end": -1}}, "FFC_sans_bias79": {"write": {"device_start": -1, "host_queued_start": 1585628510.140714, "device_queued": -1, "device_end": -1, "host_queued_end": 1585628510.142762}, "device": "cpu", "nd_range": {"device_start": 2296284.6172117903, "device_end": 2296284.623169518}, "cmdq": 0, "read": {"device_start": -1, "device_end": -1}}, "FFC_sans_bias78": {"write": {"device_start": -1, "host_queued_start": 1585628510.130832, "device_queued": -1, "device_end": -1, "host_queued_end": 1585628510.142762}, "device": "cpu", "nd_range": {"device_start": 2296284.5683299843, "device_end": 2296284.574053666}, "cmdq": 1, "read": {"device_start": -1, "device_end": -1}}, "FFC_sans_bias73": {"write": {"device_start": -1, "host_queued_start": 1585628510.109564, "device_queued": -1, "device_end": -1, "host_queued_end": 1585628510.142762}, "device": "cpu", "nd_range": {"device_start": 2296284.419392201, "device_end": 2296284.4249016643}, "cmdq": 0, "read": {"device_start": -1, "device_end": -1}}, "FFC_sans_bias72": {"write": {"device_start": -1, "host_queued_start": 1585628510.108506, "device_queued": -1, "device_end": -1, "host_queued_end": 1585628510.142762}, "device": "cpu", "nd_range": {"device_start": 2296284.461378228, "device_end": 2296284.465323869}, "cmdq": 1, "read": {"device_start": -1, "device_end": -1}}, "FFC_sans_bias70": {"write": {"device_start": -1, "host_queued_start": 1585628510.139724, "device_queued": -1, "device_end": -1, "host_queued_end": 1585628510.142762}, "device": "cpu", "nd_range": {"device_start": 2296284.6217524554, "device_end": 2296284.627713485}, "cmdq": 1, "read": {"device_start": -1, "device_end": -1}}, "FFC_sans_bias76": {"write": {"device_start": -1, "host_queued_start": 1585628510.123947, "device_queued": -1, "device_end": -1, "host_queued_end": 1585628510.142762}, "device": "cpu", "nd_range": {"device_start": 2296284.526261973, "device_end": 2296284.531629368}, "cmdq": 1, "read": {"device_start": -1, "device_end": -1}}, "FFC_sans_bias74": {"write": {"device_start": -1, "host_queued_start": 1585628510.110667, "device_queued": -1, "device_end": -1, "host_queued_end": 1585628510.142762}, "device": "cpu", "nd_range": {"device_start": 2296284.465447667, "device_end": 2296284.470621594}, "cmdq": 1, "read": {"device_start": -1, "device_end": -1}}, "coalesced_transpose102": {"write": {"device_start": -1, "host_queued_start": 1585628510.062054, "device_queued": -1, "device_end": -1, "host_queued_end": 1585628510.070807}, "device": "gpu", "nd_range": {"device_start": 1585628443.5002096, "device_end": 1585628443.501519}, "cmdq": 0, "read": {"device_start": -1, "device_end": -1}}, "coalesced_transpose3": {"write": {"device_start": -1, "host_queued_start": 1585628510.117402, "device_queued": -1, "device_end": -1, "host_queued_end": 1585628510.142762}, "device": "cpu", "nd_range": {"device_start": 2296284.448680284, "device_end": 2296284.44894469}, "cmdq": 0, "read": {"device_start": -1, "device_end": -1}}, "FFC_sans_bias127": {"write": {"device_start": 1585628443.4998226, "host_queued_start": 1585628510.061727, "device_queued": 1585628443.4967659, "device_end": 1585628443.4998543, "host_queued_end": 1585628510.070807}, "device": "gpu", "nd_range": {"device_start": 1585628443.4998593, "device_end": 1585628443.501663}, "cmdq": 3, "read": {"device_start": -1, "device_end": -1}}, "empty89": {"write": {"device_start": -1, "host_queued_start": 1585628510.080696, "device_queued": -1, "device_end": -1, "host_queued_end": 1585628510.142762}, "device": "cpu", "nd_range": {"device_start": 2296284.33244398, "device_end": 2296284.332444619}, "cmdq": 1, "read": {"device_start": -1, "device_end": -1}}, "FFC_sans_bias123": {"write": {"device_start": -1, "host_queued_start": 1585628510.066208, "device_queued": -1, "device_end": -1, "host_queued_end": 1585628510.070807}, "device": "gpu", "nd_range": {"device_start": 1585628443.5037456, "device_end": 1585628443.505046}, "cmdq": 2, "read": {"device_start": -1, "device_end": -1}}, "empty80": {"write": {"device_start": -1, "host_queued_start": 1585628510.079775, "device_queued": -1, "device_end": -1, "host_queued_end": 1585628510.142762}, "device": "cpu", "nd_range": {"device_start": 2296284.33244328, "device_end": 2296284.332444252}, "cmdq": 0, "read": {"device_start": -1, "device_end": -1}}, "empty116": {"write": {"device_start": 1585628443.495285, "host_queued_start": 1585628510.047226, "device_queued": 1585628443.4952047, "device_end": 1585628443.4953403, "host_queued_end": 1585628510.070807}, "device": "gpu", "nd_range": {"device_start": 1585628443.4953458, "device_end": 1585628443.495353}, "cmdq": 1, "read": {"device_start": -1, "device_end": -1}}, "softmax104": {"write": {"device_start": -1, "host_queued_start": 1585628510.06449, "device_queued": -1, "device_end": -1, "host_queued_end": 1585628510.070807}, "device": "gpu", "nd_range": {"device_start": 1585628443.5021405, "device_end": 1585628443.5033197}, "cmdq": 0, "read": {"device_start": -1, "device_end": -1}}, "coalesced_transpose21": {"write": {"device_start": -1, "host_queued_start": 1585628510.11807, "device_queued": -1, "device_end": -1, "host_queued_end": 1585628510.142762}, "device": "cpu", "nd_range": {"device_start": 2296284.449055695, "device_end": 2296284.4493155703}, "cmdq": 0, "read": {"device_start": -1, "device_end": -1}}, "softmax14": {"write": {"device_start": -1, "host_queued_start": 1585628510.125194, "device_queued": -1, "device_end": -1, "host_queued_end": 1585628510.142762}, "device": "cpu", "nd_range": {"device_start": 2296284.5363243953, "device_end": 2296284.5366012673}, "cmdq": 1, "read": {"device_start": -1, "device_end": -1}}, "FFC_sans_bias69": {"write": {"device_start": -1, "host_queued_start": 1585628510.130481, "device_queued": -1, "device_end": -1, "host_queued_end": 1585628510.142762}, "device": "cpu", "nd_range": {"device_start": 2296284.571206146, "device_end": 2296284.5787971322}, "cmdq": 0, "read": {"device_start": -1, "device_end": -1}}, "FFC_sans_bias92": {"write": {"device_start": -1, "host_queued_start": 1585628510.117072, "device_queued": -1, "device_end": -1, "host_queued_end": 1585628510.142762}, "device": "cpu", "nd_range": {"device_start": 2296284.479798078, "device_end": 2296284.4861401264}, "cmdq": 1, "read": {"device_start": -1, "device_end": -1}}, "FFC_sans_bias60": {"write": {"device_start": -1, "host_queued_start": 1585628510.130136, "device_queued": -1, "device_end": -1, "host_queued_end": 1585628510.142762}, "device": "cpu", "nd_range": {"device_start": 2296284.56063889, "device_end": 2296284.5683240984}, "cmdq": 1, "read": {"device_start": -1, "device_end": -1}}, "FFC_sans_bias61": {"write": {"device_start": -1, "host_queued_start": 1585628510.138729, "device_queued": -1, "device_end": -1, "host_queued_end": 1585628510.142762}, "device": "cpu", "nd_range": {"device_start": 2296284.610024419, "device_end": 2296284.617208599}, "cmdq": 0, "read": {"device_start": -1, "device_end": -1}}, "FFC_sans_bias63": {"write": {"device_start": -1, "host_queued_start": 1585628510.107451, "device_queued": -1, "device_end": -1, "host_queued_end": 1585628510.142762}, "device": "cpu", "nd_range": {"device_start": 2296284.4113422954, "device_end": 2296284.419270173}, "cmdq": 0, "read": {"device_start": -1, "device_end": -1}}, "FFC_sans_bias64": {"write": {"device_start": -1, "host_queued_start": 1585628510.105329, "device_queued": -1, "device_end": -1, "host_queued_end": 1585628510.142762}, "device": "cpu", "nd_range": {"device_start": 2296284.4041956253, "device_end": 2296284.411334163}, "cmdq": 0, "read": {"device_start": -1, "device_end": -1}}, "FFC_sans_bias65": {"write": {"device_start": -1, "host_queued_start": 1585628510.106394, "device_queued": -1, "device_end": -1, "host_queued_end": 1585628510.142762}, "device": "cpu", "nd_range": {"device_start": 2296284.4570450853, "device_end": 2296284.4613724872}, "cmdq": 1, "read": {"device_start": -1, "device_end": -1}}, "FFC_sans_bias67": {"write": {"device_start": -1, "host_queued_start": 1585628510.123601, "device_queued": -1, "device_end": -1, "host_queued_end": 1585628510.142762}, "device": "cpu", "nd_range": {"device_start": 2296284.5090115042, "device_end": 2296284.5156511203}, "cmdq": 0, "read": {"device_start": -1, "device_end": -1}}, "coalesced_transpose111": {"write": {"device_start": -1, "host_queued_start": 1585628510.062354, "device_queued": -1, "device_end": -1, "host_queued_end": 1585628510.070807}, "device": "gpu", "nd_range": {"device_start": 1585628443.5007, "device_end": 1585628443.5015316}, "cmdq": 1, "read": {"device_start": -1, "device_end": -1}}, "FFC_sans_bias133": {"write": {"device_start": 1585628443.5066357, "host_queued_start": 1585628510.070704, "device_queued": 1585628443.4980726, "device_end": 1585628443.506667, "host_queued_end": 1585628510.070807}, "device": "gpu", "nd_range": {"device_start": 1585628443.5066695, "device_end": 1585628443.5074375}, "cmdq": 3, "read": {"device_start": 1585628443.5074449, "device_end": 1585628443.5074692}}, "FFC_sans_bias132": {"write": {"device_start": -1, "host_queued_start": 1585628510.066523, "device_queued": -1, "device_end": -1, "host_queued_end": 1585628510.070807}, "device": "gpu", "nd_range": {"device_start": 1585628443.5047483, "device_end": 1585628443.5065274}, "cmdq": 3, "read": {"device_start": -1, "device_end": -1}}, "softmax68": {"write": {"device_start": -1, "host_queued_start": 1585628510.126885, "device_queued": -1, "device_end": -1, "host_queued_end": 1585628510.142762}, "device": "cpu", "nd_range": {"device_start": 2296284.53705037, "device_end": 2296284.537262115}, "cmdq": 1, "read": {"device_start": -1, "device_end": -1}}, "softmax131": {"write": {"device_start": -1, "host_queued_start": 1585628510.065237, "device_queued": -1, "device_end": -1, "host_queued_end": 1585628510.070807}, "device": "gpu", "nd_range": {"device_start": 1585628443.503566, "device_end": 1585628443.5047472}, "cmdq": 3, "read": {"device_start": -1, "device_end": -1}}, "empty125": {"write": {"device_start": 1585628443.4954147, "host_queued_start": 1585628510.048075, "device_queued": 1585628443.4952338, "device_end": 1585628443.495479, "host_queued_end": 1585628510.070807}, "device": "gpu", "nd_range": {"device_start": 1585628443.4954855, "device_end": 1585628443.4954906}, "cmdq": 2, "read": {"device_start": -1, "device_end": -1}}, "empty35": {"write": {"device_start": -1, "host_queued_start": 1585628510.075509, "device_queued": -1, "device_end": -1, "host_queued_end": 1585628510.142762}, "device": "cpu", "nd_range": {"device_start": 2296284.3324240963, "device_end": 2296284.332425347}, "cmdq": 1, "read": {"device_start": -1, "device_end": -1}}, "softmax86": {"write": {"device_start": -1, "host_queued_start": 1585628510.127436, "device_queued": -1, "device_end": -1, "host_queued_end": 1585628510.142762}, "device": "cpu", "nd_range": {"device_start": 2296284.537270221, "device_end": 2296284.537481508}, "cmdq": 1, "read": {"device_start": -1, "device_end": -1}}, "FFC_sans_bias55": {"write": {"device_start": -1, "host_queued_start": 1585628510.104223, "device_queued": -1, "device_end": -1, "host_queued_end": 1585628510.142762}, "device": "cpu", "nd_range": {"device_start": 2296284.446649719, "device_end": 2296284.4570235843}, "cmdq": 1, "read": {"device_start": -1, "device_end": -1}}, "FFC_sans_bias54": {"write": {"device_start": -1, "host_queued_start": 1585628510.10317, "device_queued": -1, "device_end": -1, "host_queued_end": 1585628510.142762}, "device": "cpu", "nd_range": {"device_start": 2296284.398005879, "device_end": 2296284.404066828}, "cmdq": 0, "read": {"device_start": -1, "device_end": -1}}, "FFC_sans_bias56": {"write": {"device_start": -1, "host_queued_start": 1585628510.102118, "device_queued": -1, "device_end": -1, "host_queued_end": 1585628510.142762}, "device": "cpu", "nd_range": {"device_start": 2296284.433903094, "device_end": 2296284.446641241}, "cmdq": 1, "read": {"device_start": -1, "device_end": -1}}, "FFC_sans_bias51": {"write": {"device_start": -1, "host_queued_start": 1585628510.129788, "device_queued": -1, "device_end": -1, "host_queued_end": 1585628510.142762}, "device": "cpu", "nd_range": {"device_start": 2296284.5579981953, "device_end": 2296284.571196101}, "cmdq": 0, "read": {"device_start": -1, "device_end": -1}}, "FFC_sans_bias52": {"write": {"device_start": -1, "host_queued_start": 1585628510.137665, "device_queued": -1, "device_end": -1, "host_queued_end": 1585628510.142762}, "device": "cpu", "nd_range": {"device_start": 2296284.6053031683, "device_end": 2296284.6217490803}, "cmdq": 1, "read": {"device_start": -1, "device_end": -1}}, "FFC_sans_bias58": {"write": {"device_start": -1, "host_queued_start": 1585628510.123259, "device_queued": -1, "device_end": -1, "host_queued_end": 1585628510.142762}, "device": "cpu", "nd_range": {"device_start": 2296284.5183581063, "device_end": 2296284.526255498}, "cmdq": 1, "read": {"device_start": -1, "device_end": -1}}, "FFC_sans_bias108": {"write": {"device_start": 1585628443.4959497, "host_queued_start": 1585628510.05312, "device_queued": 1585628443.4958706, "device_end": 1585628443.4959807, "host_queued_end": 1585628510.070807}, "device": "gpu", "nd_range": {"device_start": 1585628443.4959874, "device_end": 1585628443.4977272}, "cmdq": 3, "read": {"device_start": -1, "device_end": -1}}, "FFC_sans_bias109": {"write": {"device_start": 1585628443.4964273, "host_queued_start": 1585628510.054166, "device_queued": 1585628443.4960928, "device_end": 1585628443.496452, "host_queued_end": 1585628510.070807}, "device": "gpu", "nd_range": {"device_start": 1585628443.4964619, "device_end": 1585628443.498289}, "cmdq": 0, "read": {"device_start": -1, "device_end": -1}}, "coalesced_transpose129": {"write": {"device_start": -1, "host_queued_start": 1585628510.062983, "device_queued": -1, "device_end": -1, "host_queued_end": 1585628510.070807}, "device": "gpu", "nd_range": {"device_start": 1585628443.5016642, "device_end": 1585628443.502952}, "cmdq": 3, "read": {"device_start": -1, "device_end": -1}}, "FFC_sans_bias103": {"write": {"device_start": -1, "host_queued_start": 1585628510.063304, "device_queued": -1, "device_end": -1, "host_queued_end": 1585628510.070807}, "device": "gpu", "nd_range": {"device_start": 1585628443.50152, "device_end": 1585628443.5021396}, "cmdq": 0, "read": {"device_start": -1, "device_end": -1}}, "FFC_sans_bias100": {"write": {"device_start": 1585628443.4957733, "host_queued_start": 1585628510.051016, "device_queued": 1585628443.4956174, "device_end": 1585628443.495834, "host_queued_end": 1585628510.070807}, "device": "gpu", "nd_range": {"device_start": 1585628443.4959228, "device_end": 1585628443.4967458}, "cmdq": 1, "read": {"device_start": -1, "device_end": -1}}, "FFC_sans_bias101": {"write": {"device_start": 1585628443.4958618, "host_queued_start": 1585628510.05207, "device_queued": 1585628443.4956384, "device_end": 1585628443.4958937, "host_queued_end": 1585628510.070807}, "device": "gpu", "nd_range": {"device_start": 1585628443.495958, "device_end": 1585628443.4973211}, "cmdq": 2, "read": {"device_start": -1, "device_end": -1}}, "FFC_sans_bias106": {"write": {"device_start": 1585628443.5046751, "host_queued_start": 1585628510.067552, "device_queued": 1585628443.4978104, "device_end": 1585628443.5047061, "host_queued_end": 1585628510.070807}, "device": "gpu", "nd_range": {"device_start": 1585628443.5047092, "device_end": 1585628443.5060098}, "cmdq": 0, "read": {"device_start": 1585628443.5060117, "device_end": 1585628443.5060356}}, "softmax122": {"write": {"device_start": -1, "host_queued_start": 1585628510.064989, "device_queued": -1, "device_end": -1, "host_queued_end": 1585628510.070807}, "device": "gpu", "nd_range": {"device_start": 1585628443.5031123, "device_end": 1585628443.5037446}, "cmdq": 2, "read": {"device_start": -1, "device_end": -1}}, "FFC_sans_bias105": {"write": {"device_start": -1, "host_queued_start": 1585628510.065581, "device_queued": -1, "device_end": -1, "host_queued_end": 1585628510.070807}, "device": "gpu", "nd_range": {"device_start": 1585628443.5033207, "device_end": 1585628443.5045557}, "cmdq": 0, "read": {"device_start": -1, "device_end": -1}}, "softmax95": {"write": {"device_start": -1, "host_queued_start": 1585628510.127713, "device_queued": -1, "device_end": -1, "host_queued_end": 1585628510.142762}, "device": "cpu", "nd_range": {"device_start": 2296284.5363228433, "device_end": 2296284.536495021}, "cmdq": 0, "read": {"device_start": -1, "device_end": -1}}, "coalesced_transpose57": {"write": {"device_start": -1, "host_queued_start": 1585628510.11941, "device_queued": -1, "device_end": -1, "host_queued_end": 1585628510.142762}, "device": "cpu", "nd_range": {"device_start": 2296284.457041099, "device_end": 2296284.458142688}, "cmdq": 0, "read": {"device_start": -1, "device_end": -1}}, "empty26": {"write": {"device_start": -1, "host_queued_start": 1585628510.074518, "device_queued": -1, "device_end": -1, "host_queued_end": 1585628510.142762}, "device": "cpu", "nd_range": {"device_start": 2296284.332423766, "device_end": 2296284.332425041}, "cmdq": 0, "read": {"device_start": -1, "device_end": -1}}, "softmax113": {"write": {"device_start": -1, "host_queued_start": 1585628510.06474, "device_queued": -1, "device_end": -1, "host_queued_end": 1585628510.070807}, "device": "gpu", "nd_range": {"device_start": 1585628443.5025775, "device_end": 1585628443.5033028}, "cmdq": 1, "read": {"device_start": -1, "device_end": -1}}, "FFC_sans_bias11": {"write": {"device_start": -1, "host_queued_start": 1585628510.088222, "device_queued": -1, "device_end": -1, "host_queued_end": 1585628510.142762}, "device": "cpu", "nd_range": {"device_start": 2296284.35231532, "device_end": 2296284.3578261794}, "cmdq": 0, "read": {"device_start": -1, "device_end": -1}}, "FFC_sans_bias42": {"write": {"device_start": -1, "host_queued_start": 1585628510.129442, "device_queued": -1, "device_end": -1, "host_queued_end": 1585628510.142762}, "device": "cpu", "nd_range": {"device_start": 2296284.5551129663, "device_end": 2296284.56063261}, "cmdq": 1, "read": {"device_start": -1, "device_end": -1}}, "FFC_sans_bias43": {"write": {"device_start": -1, "host_queued_start": 1585628510.136671, "device_queued": -1, "device_end": -1, "host_queued_end": 1585628510.142762}, "device": "cpu", "nd_range": {"device_start": 2296284.6043444853, "device_end": 2296284.610021511}, "cmdq": 0, "read": {"device_start": -1, "device_end": -1}}, "FFC_sans_bias40": {"write": {"device_start": -1, "host_queued_start": 1585628510.122559, "device_queued": -1, "device_end": -1, "host_queued_end": 1585628510.142762}, "device": "cpu", "nd_range": {"device_start": 2296284.5104589243, "device_end": 2296284.5183511632}, "cmdq": 1, "read": {"device_start": -1, "device_end": -1}}, "FFC_sans_bias46": {"write": {"device_start": -1, "host_queued_start": 1585628510.100007, "device_queued": -1, "device_end": -1, "host_queued_end": 1585628510.142762}, "device": "cpu", "nd_range": {"device_start": 2296284.426223805, "device_end": 2296284.433896472}, "cmdq": 1, "read": {"device_start": -1, "device_end": -1}}, "FFC_sans_bias47": {"write": {"device_start": -1, "host_queued_start": 1585628510.101071, "device_queued": -1, "device_end": -1, "host_queued_end": 1585628510.142762}, "device": "cpu", "nd_range": {"device_start": 2296284.390350787, "device_end": 2296284.397987314}, "cmdq": 0, "read": {"device_start": -1, "device_end": -1}}, "FFC_sans_bias45": {"write": {"device_start": -1, "host_queued_start": 1585628510.098954, "device_queued": -1, "device_end": -1, "host_queued_end": 1585628510.142762}, "device": "cpu", "nd_range": {"device_start": 2296284.384510478, "device_end": 2296284.390234143}, "cmdq": 0, "read": {"device_start": -1, "device_end": -1}}, "FFC_sans_bias49": {"write": {"device_start": -1, "host_queued_start": 1585628510.122911, "device_queued": -1, "device_end": -1, "host_queued_end": 1585628510.142762}, "device": "cpu", "nd_range": {"device_start": 2296284.500663361, "device_end": 2296284.5090036304}, "cmdq": 0, "read": {"device_start": -1, "device_end": -1}}, "softmax77": {"write": {"device_start": -1, "host_queued_start": 1585628510.127162, "device_queued": -1, "device_end": -1, "host_queued_end": 1585628510.142762}, "device": "cpu", "nd_range": {"device_start": 2296284.531636139, "device_end": 2296284.5318068373}, "cmdq": 0, "read": {"device_start": -1, "device_end": -1}}, "empty134": {"write": {"device_start": 1585628443.4955037, "host_queued_start": 1585628510.048915, "device_queued": 1585628443.4952588, "device_end": 1585628443.4955297, "host_queued_end": 1585628510.070807}, "device": "gpu", "nd_range": {"device_start": 1585628443.495532, "device_end": 1585628443.4955354}, "cmdq": 3, "read": {"device_start": -1, "device_end": -1}}, "FFC_sans_bias119": {"write": {"device_start": 1585628443.4984422, "host_queued_start": 1585628510.058365, "device_queued": 1585628443.4965482, "device_end": 1585628443.4984741, "host_queued_end": 1585628510.070807}, "device": "gpu", "nd_range": {"device_start": 1585628443.4984808, "device_end": 1585628443.500208}, "cmdq": 0, "read": {"device_start": -1, "device_end": -1}}, "FFC_sans_bias118": {"write": {"device_start": 1585628443.4979112, "host_queued_start": 1585628510.057319, "device_queued": 1585628443.4963145, "device_end": 1585628443.4979432, "host_queued_end": 1585628510.070807}, "device": "gpu", "nd_range": {"device_start": 1585628443.4979482, "device_end": 1585628443.4997032}, "cmdq": 3, "read": {"device_start": -1, "device_end": -1}}, "FFC_sans_bias115": {"write": {"device_start": 1585628443.504225, "host_queued_start": 1585628510.068604, "device_queued": 1585628443.4978755, "device_end": 1585628443.5042584, "host_queued_end": 1585628510.070807}, "device": "gpu", "nd_range": {"device_start": 1585628443.504265, "device_end": 1585628443.5055344}, "cmdq": 1, "read": {"device_start": 1585628443.505542, "device_end": 1585628443.5055652}}, "FFC_sans_bias114": {"write": {"device_start": -1, "host_queued_start": 1585628510.065895, "device_queued": -1, "device_end": -1, "host_queued_end": 1585628510.070807}, "device": "gpu", "nd_range": {"device_start": 1585628443.503304, "device_end": 1585628443.504092}, "cmdq": 1, "read": {"device_start": -1, "device_end": -1}}, "FFC_sans_bias117": {"write": {"device_start": 1585628443.4974356, "host_queued_start": 1585628510.056275, "device_queued": 1585628443.4961731, "device_end": 1585628443.4974663, "host_queued_end": 1585628510.070807}, "device": "gpu", "nd_range": {"device_start": 1585628443.4974701, "device_end": 1585628443.4992487}, "cmdq": 2, "read": {"device_start": -1, "device_end": -1}}, "softmax5": {"write": {"device_start": -1, "host_queued_start": 1585628510.124916, "device_queued": -1, "device_end": -1, "host_queued_end": 1585628510.142762}, "device": "cpu", "nd_range": {"device_start": 2296284.530320959, "device_end": 2296284.530547099}, "cmdq": 0, "read": {"device_start": -1, "device_end": -1}}, "FFC_sans_bias110": {"write": {"device_start": 1585628443.4968698, "host_queued_start": 1585628510.055237, "device_queued": 1585628443.4961483, "device_end": 1585628443.4969, "host_queued_end": 1585628510.070807}, "device": "gpu", "nd_range": {"device_start": 1585628443.4969058, "device_end": 1585628443.4987097}, "cmdq": 1, "read": {"device_start": -1, "device_end": -1}}, "FFC_sans_bias112": {"write": {"device_start": -1, "host_queued_start": 1585628510.063619, "device_queued": -1, "device_end": -1, "host_queued_end": 1585628510.070807}, "device": "gpu", "nd_range": {"device_start": 1585628443.5015333, "device_end": 1585628443.5025759}, "cmdq": 1, "read": {"device_start": -1, "device_end": -1}}, "empty53": {"write": {"device_start": -1, "host_queued_start": 1585628510.077322, "device_queued": -1, "device_end": -1, "host_queued_end": 1585628510.142762}, "device": "cpu", "nd_range": {"device_start": 2296284.332431203, "device_end": 2296284.3324320624}, "cmdq": 1, "read": {"device_start": -1, "device_end": -1}}, "coalesced_transpose48": {"write": {"device_start": -1, "host_queued_start": 1585628510.119078, "device_queued": -1, "device_end": -1, "host_queued_end": 1585628510.142762}, "device": "cpu", "nd_range": {"device_start": 2296284.487571277, "device_end": 2296284.487831273}, "cmdq": 1, "read": {"device_start": -1, "device_end": -1}}}