{"FFC_sans_bias4": {"write": {"device_start": -1, "host_queued_start": 1585628073.37158, "device_queued": -1, "device_end": -1, "host_queued_end": 1585628073.389108}, "device": "cpu", "nd_range": {"device_start": 2295847.698613292, "device_end": 2295847.7147112084}, "cmdq": 0, "read": {"device_start": -1, "device_end": -1}}, "FFC_sans_bias7": {"write": {"device_start": -1, "host_queued_start": 1585628073.381094, "device_queued": -1, "device_end": -1, "host_queued_end": 1585628073.389108}, "device": "cpu", "nd_range": {"device_start": 2295847.797501047, "device_end": 2295847.8069042163}, "cmdq": 0, "read": {"device_start": -1, "device_end": -1}}, "FFC_sans_bias6": {"write": {"device_start": -1, "host_queued_start": 1585628073.377286, "device_queued": -1, "device_end": -1, "host_queued_end": 1585628073.389108}, "device": "cpu", "nd_range": {"device_start": 2295847.7549065934, "device_end": 2295847.768092779}, "cmdq": 0, "read": {"device_start": -1, "device_end": -1}}, "FFC_sans_bias1": {"write": {"device_start": -1, "host_queued_start": 1585628073.341037, "device_queued": -1, "device_end": -1, "host_queued_end": 1585628073.389108}, "device": "cpu", "nd_range": {"device_start": 2295847.578813189, "device_end": 2295847.5875701304}, "cmdq": 1, "read": {"device_start": -1, "device_end": -1}}, "FFC_sans_bias0": {"write": {"device_start": -1, "host_queued_start": 1585628073.339884, "device_queued": -1, "device_end": -1, "host_queued_end": 1585628073.389108}, "device": "cpu", "nd_range": {"device_start": 2295847.5787859242, "device_end": 2295847.595305906}, "cmdq": 0, "read": {"device_start": -1, "device_end": -1}}, "FFC_sans_bias2": {"write": {"device_start": -1, "host_queued_start": 1585628073.3421, "device_queued": -1, "device_end": -1, "host_queued_end": 1585628073.389108}, "device": "cpu", "nd_range": {"device_start": 2295847.578785755, "device_end": 2295847.591671981}, "cmdq": 2, "read": {"device_start": -1, "device_end": -1}}, "coalesced_transpose120": {"write": {"device_start": -1, "host_queued_start": 1585628073.317341, "device_queued": -1, "device_end": -1, "host_queued_end": 1585628073.329307}, "device": "gpu", "nd_range": {"device_start": 1585628006.7746565, "device_end": 1585628006.7746744}, "cmdq": 0, "read": {"device_start": -1, "device_end": -1}}, "FFC_sans_bias9": {"write": {"device_start": -1, "host_queued_start": 1585628073.343172, "device_queued": -1, "device_end": -1, "host_queued_end": 1585628073.389108}, "device": "cpu", "nd_range": {"device_start": 2295847.595426268, "device_end": 2295847.6036233422}, "cmdq": 0, "read": {"device_start": -1, "device_end": -1}}, "empty71": {"write": {"device_start": -1, "host_queued_start": 1585628073.337958, "device_queued": -1, "device_end": -1, "host_queued_end": 1585628073.389108}, "device": "cpu", "nd_range": {"device_start": 2295847.5788063044, "device_end": 2295847.578807088}, "cmdq": 1, "read": {"device_start": -1, "device_end": -1}}, "softmax41": {"write": {"device_start": -1, "host_queued_start": 1585628073.375869, "device_queued": -1, "device_end": -1, "host_queued_end": 1585628073.389108}, "device": "cpu", "nd_range": {"device_start": 2295847.7184322393, "device_end": 2295847.7186423293}, "cmdq": 1, "read": {"device_start": -1, "device_end": -1}}, "FFC_sans_bias37": {"write": {"device_start": -1, "host_queued_start": 1585628073.354455, "device_queued": -1, "device_end": -1, "host_queued_end": 1585628073.389108}, "device": "cpu", "nd_range": {"device_start": 2295847.620775131, "device_end": 2295847.631717572}, "cmdq": 1, "read": {"device_start": -1, "device_end": -1}}, "FFC_sans_bias36": {"write": {"device_start": -1, "host_queued_start": 1585628073.353399, "device_queued": -1, "device_end": -1, "host_queued_end": 1585628073.389108}, "device": "cpu", "nd_range": {"device_start": 2295847.628816082, "device_end": 2295847.63832243}, "cmdq": 0, "read": {"device_start": -1, "device_end": -1}}, "FFC_sans_bias34": {"write": {"device_start": -1, "host_queued_start": 1585628073.384109, "device_queued": -1, "device_end": -1, "host_queued_end": 1585628073.389108}, "device": "cpu", "nd_range": {"device_start": 2295847.806908259, "device_end": 2295847.816040576}, "cmdq": 0, "read": {"device_start": -1, "device_end": -1}}, "FFC_sans_bias33": {"write": {"device_start": -1, "host_queued_start": 1585628073.378321, "device_queued": -1, "device_end": -1, "host_queued_end": 1585628073.389108}, "device": "cpu", "nd_range": {"device_start": 2295847.76810294, "device_end": 2295847.787223019}, "cmdq": 0, "read": {"device_start": -1, "device_end": -1}}, "FFC_sans_bias31": {"write": {"device_start": -1, "host_queued_start": 1585628073.372738, "device_queued": -1, "device_end": -1, "host_queued_end": 1585628073.389108}, "device": "cpu", "nd_range": {"device_start": 2295847.714721008, "device_end": 2295847.737486732}, "cmdq": 0, "read": {"device_start": -1, "device_end": -1}}, "FFC_sans_bias38": {"write": {"device_start": -1, "host_queued_start": 1585628073.355522, "device_queued": -1, "device_end": -1, "host_queued_end": 1585628073.389108}, "device": "cpu", "nd_range": {"device_start": 2295847.650003253, "device_end": 2295847.663655225}, "cmdq": 2, "read": {"device_start": -1, "device_end": -1}}, "coalesced_transpose75": {"write": {"device_start": -1, "host_queued_start": 1585628073.371236, "device_queued": -1, "device_end": -1, "host_queued_end": 1585628073.389108}, "device": "cpu", "nd_range": {"device_start": 2295847.712913679, "device_end": 2295847.7131595463}, "cmdq": 2, "read": {"device_start": -1, "device_end": -1}}, "empty44": {"write": {"device_start": -1, "host_queued_start": 1585628073.335084, "device_queued": -1, "device_end": -1, "host_queued_end": 1585628073.389108}, "device": "cpu", "nd_range": {"device_start": 2295847.5787959583, "device_end": 2295847.5787969963}, "cmdq": 1, "read": {"device_start": -1, "device_end": -1}}, "empty8": {"write": {"device_start": -1, "host_queued_start": 1585628073.330878, "device_queued": -1, "device_end": -1, "host_queued_end": 1585628073.389108}, "device": "cpu", "nd_range": {"device_start": 2295847.578738424, "device_end": 2295847.5787510932}, "cmdq": 0, "read": {"device_start": -1, "device_end": -1}}, "softmax50": {"write": {"device_start": -1, "host_queued_start": 1585628073.37614, "device_queued": -1, "device_end": -1, "host_queued_end": 1585628073.389108}, "device": "cpu", "nd_range": {"device_start": 2295847.754337777, "device_end": 2295847.7548669763}, "cmdq": 2, "read": {"device_start": -1, "device_end": -1}}, "softmax59": {"write": {"device_start": -1, "host_queued_start": 1585628073.376413, "device_queued": -1, "device_end": -1, "host_queued_end": 1585628073.389108}, "device": "cpu", "nd_range": {"device_start": 2295847.7542843684, "device_end": 2295847.754900651}, "cmdq": 0, "read": {"device_start": -1, "device_end": -1}}, "FFC_sans_bias24": {"write": {"device_start": -1, "host_queued_start": 1585628073.377974, "device_queued": -1, "device_end": -1, "host_queued_end": 1585628073.389108}, "device": "cpu", "nd_range": {"device_start": 2295847.755102578, "device_end": 2295847.769387233}, "cmdq": 2, "read": {"device_start": -1, "device_end": -1}}, "FFC_sans_bias25": {"write": {"device_start": -1, "host_queued_start": 1585628073.383123, "device_queued": -1, "device_end": -1, "host_queued_end": 1585628073.389108}, "device": "cpu", "nd_range": {"device_start": 2295847.7889857013, "device_end": 2295847.798458576}, "cmdq": 2, "read": {"device_start": -1, "device_end": -1}}, "FFC_sans_bias27": {"write": {"device_start": -1, "host_queued_start": 1585628073.3502, "device_queued": -1, "device_end": -1, "host_queued_end": 1585628073.389108}, "device": "cpu", "nd_range": {"device_start": 2295847.613475264, "device_end": 2295847.628690706}, "cmdq": 0, "read": {"device_start": -1, "device_end": -1}}, "FFC_sans_bias20": {"write": {"device_start": -1, "host_queued_start": 1585628073.349145, "device_queued": -1, "device_end": -1, "host_queued_end": 1585628073.389108}, "device": "cpu", "nd_range": {"device_start": 2295847.615133033, "device_end": 2295847.632996539}, "cmdq": 2, "read": {"device_start": -1, "device_end": -1}}, "FFC_sans_bias22": {"write": {"device_start": -1, "host_queued_start": 1585628073.372386, "device_queued": -1, "device_end": -1, "host_queued_end": 1585628073.389108}, "device": "cpu", "nd_range": {"device_start": 2295847.713267473, "device_end": 2295847.722781126}, "cmdq": 2, "read": {"device_start": -1, "device_end": -1}}, "FFC_sans_bias130": {"write": {"device_start": -1, "host_queued_start": 1585628073.319533, "device_queued": -1, "device_end": -1, "host_queued_end": 1585628073.329307}, "device": "gpu", "nd_range": {"device_start": 1585628006.7767482, "device_end": 1585628006.7776365}, "cmdq": 1, "read": {"device_start": -1, "device_end": -1}}, "FFC_sans_bias28": {"write": {"device_start": -1, "host_queued_start": 1585628073.35125, "device_queued": -1, "device_end": -1, "host_queued_end": 1585628073.389108}, "device": "cpu", "nd_range": {"device_start": 2295847.611586008, "device_end": 2295847.6206557574}, "cmdq": 1, "read": {"device_start": -1, "device_end": -1}}, "FFC_sans_bias29": {"write": {"device_start": -1, "host_queued_start": 1585628073.352323, "device_queued": -1, "device_end": -1, "host_queued_end": 1585628073.389108}, "device": "cpu", "nd_range": {"device_start": 2295847.633237276, "device_end": 2295847.6483280733}, "cmdq": 2, "read": {"device_start": -1, "device_end": -1}}, "coalesced_transpose66": {"write": {"device_start": -1, "host_queued_start": 1585628073.370909, "device_queued": -1, "device_end": -1, "host_queued_end": 1585628073.389108}, "device": "cpu", "nd_range": {"device_start": 2295847.6812869543, "device_end": 2295847.681524034}, "cmdq": 1, "read": {"device_start": -1, "device_end": -1}}, "coalesced_transpose93": {"write": {"device_start": -1, "host_queued_start": 1585628073.316442, "device_queued": -1, "device_end": -1, "host_queued_end": 1585628073.329307}, "device": "gpu", "nd_range": {"device_start": 1585628006.7747457, "device_end": 1585628006.7751153}, "cmdq": 1, "read": {"device_start": -1, "device_end": -1}}, "softmax23": {"write": {"device_start": -1, "host_queued_start": 1585628073.375319, "device_queued": -1, "device_end": -1, "host_queued_end": 1585628073.389108}, "device": "cpu", "nd_range": {"device_start": 2295847.7515835613, "device_end": 2295847.754329054}, "cmdq": 2, "read": {"device_start": -1, "device_end": -1}}, "empty62": {"write": {"device_start": -1, "host_queued_start": 1585628073.337021, "device_queued": -1, "device_end": -1, "host_queued_end": 1585628073.389108}, "device": "cpu", "nd_range": {"device_start": 2295847.578779348, "device_end": 2295847.578780069}, "cmdq": 0, "read": {"device_start": -1, "device_end": -1}}, "FFC_sans_bias10": {"write": {"device_start": -1, "host_queued_start": 1585628073.344222, "device_queued": -1, "device_end": -1, "host_queued_end": 1585628073.389108}, "device": "cpu", "nd_range": {"device_start": 2295847.5876874994, "device_end": 2295847.596260529}, "cmdq": 1, "read": {"device_start": -1, "device_end": -1}}, "FFC_sans_bias13": {"write": {"device_start": -1, "host_queued_start": 1585628073.371998, "device_queued": -1, "device_end": -1, "host_queued_end": 1585628073.389108}, "device": "cpu", "nd_range": {"device_start": 2295847.6816362822, "device_end": 2295847.695088449}, "cmdq": 1, "read": {"device_start": -1, "device_end": -1}}, "FFC_sans_bias15": {"write": {"device_start": -1, "host_queued_start": 1585628073.377629, "device_queued": -1, "device_end": -1, "host_queued_end": 1585628073.389108}, "device": "cpu", "nd_range": {"device_start": 2295847.719058513, "device_end": 2295847.729983605}, "cmdq": 1, "read": {"device_start": -1, "device_end": -1}}, "FFC_sans_bias16": {"write": {"device_start": -1, "host_queued_start": 1585628073.382127, "device_queued": -1, "device_end": -1, "host_queued_end": 1585628073.389108}, "device": "cpu", "nd_range": {"device_start": 2295847.7497727643, "device_end": 2295847.7616626862}, "cmdq": 1, "read": {"device_start": -1, "device_end": -1}}, "FFC_sans_bias19": {"write": {"device_start": -1, "host_queued_start": 1585628073.347904, "device_queued": -1, "device_end": -1, "host_queued_end": 1585628073.389108}, "device": "cpu", "nd_range": {"device_start": 2295847.596377204, "device_end": 2295847.611577042}, "cmdq": 1, "read": {"device_start": -1, "device_end": -1}}, "FFC_sans_bias18": {"write": {"device_start": -1, "host_queued_start": 1585628073.346547, "device_queued": -1, "device_end": -1, "host_queued_end": 1585628073.389108}, "device": "cpu", "nd_range": {"device_start": 2295847.603746122, "device_end": 2295847.6133650523}, "cmdq": 0, "read": {"device_start": -1, "device_end": -1}}, "FFC_sans_bias99": {"write": {"device_start": 1585628006.7686281, "host_queued_start": 1585628073.304038, "device_queued": 1585628006.7664394, "device_end": 1585628006.768659, "host_queued_end": 1585628073.329307}, "device": "gpu", "nd_range": {"device_start": 1585628006.7686636, "device_end": 1585628006.7694235}, "cmdq": 0, "read": {"device_start": -1, "device_end": -1}}, "FFC_sans_bias91": {"write": {"device_start": 1585628006.7675984, "host_queued_start": 1585628073.301878, "device_queued": 1585628006.7662194, "device_end": 1585628006.7676249, "host_queued_end": 1585628073.329307}, "device": "gpu", "nd_range": {"device_start": 1585628006.7676284, "device_end": 1585628006.768461}, "cmdq": 0, "read": {"device_start": -1, "device_end": -1}}, "FFC_sans_bias90": {"write": {"device_start": 1585628006.7670166, "host_queued_start": 1585628073.300827, "device_queued": 1585628006.7661757, "device_end": 1585628006.7670465, "host_queued_end": 1585628073.329307}, "device": "gpu", "nd_range": {"device_start": 1585628006.7670496, "device_end": 1585628006.767934}, "cmdq": 1, "read": {"device_start": -1, "device_end": -1}}, "coalesced_transpose12": {"write": {"device_start": -1, "host_queued_start": 1585628073.36888, "device_queued": -1, "device_end": -1, "host_queued_end": 1585628073.389108}, "device": "cpu", "nd_range": {"device_start": 2295847.6796084694, "device_end": 2295847.6798628}, "cmdq": 1, "read": {"device_start": -1, "device_end": -1}}, "FFC_sans_bias94": {"write": {"device_start": -1, "host_queued_start": 1585628073.318277, "device_queued": -1, "device_end": -1, "host_queued_end": 1585628073.329307}, "device": "gpu", "nd_range": {"device_start": 1585628006.7751656, "device_end": 1585628006.775773}, "cmdq": 1, "read": {"device_start": -1, "device_end": -1}}, "FFC_sans_bias97": {"write": {"device_start": 1585628006.7813225, "host_queued_start": 1585628073.325011, "device_queued": 1585628006.7689724, "device_end": 1585628006.7813547, "host_queued_end": 1585628073.329307}, "device": "gpu", "nd_range": {"device_start": 1585628006.781359, "device_end": 1585628006.7821624}, "cmdq": 1, "read": {"device_start": 1585628006.7821653, "device_end": 1585628006.782191}}, "FFC_sans_bias96": {"write": {"device_start": -1, "host_queued_start": 1585628073.32165, "device_queued": -1, "device_end": -1, "host_queued_end": 1585628073.329307}, "device": "gpu", "nd_range": {"device_start": 1585628006.7783341, "device_end": 1585628006.7791972}, "cmdq": 1, "read": {"device_start": -1, "device_end": -1}}, "FFC_sans_bias124": {"write": {"device_start": 1585628006.7828503, "host_queued_start": 1585628073.328157, "device_queued": 1585628006.7694027, "device_end": 1585628006.7828817, "host_queued_end": 1585628073.329307}, "device": "gpu", "nd_range": {"device_start": 1585628006.782885, "device_end": 1585628006.783583}, "cmdq": 0, "read": {"device_start": 1585628006.7835913, "device_end": 1585628006.7836149}}, "FFC_sans_bias126": {"write": {"device_start": 1585628006.773434, "host_queued_start": 1585628073.314773, "device_queued": 1585628006.767503, "device_end": 1585628006.773466, "host_queued_end": 1585628073.329307}, "device": "gpu", "nd_range": {"device_start": 1585628006.7734716, "device_end": 1585628006.7742944}, "cmdq": 0, "read": {"device_start": -1, "device_end": -1}}, "softmax32": {"write": {"device_start": -1, "host_queued_start": 1585628073.375592, "device_queued": -1, "device_end": -1, "host_queued_end": 1585628073.389108}, "device": "cpu", "nd_range": {"device_start": 2295847.754065657, "device_end": 2295847.754278725}, "cmdq": 0, "read": {"device_start": -1, "device_end": -1}}, "coalesced_transpose84": {"write": {"device_start": -1, "host_queued_start": 1585628073.316131, "device_queued": -1, "device_end": -1, "host_queued_end": 1585628073.329307}, "device": "gpu", "nd_range": {"device_start": 1585628006.774296, "device_end": 1585628006.7746284}, "cmdq": 0, "read": {"device_start": -1, "device_end": -1}}, "FFC_sans_bias121": {"write": {"device_start": -1, "host_queued_start": 1585628073.319217, "device_queued": -1, "device_end": -1, "host_queued_end": 1585628073.329307}, "device": "gpu", "nd_range": {"device_start": 1585628006.776243, "device_end": 1585628006.7771728}, "cmdq": 0, "read": {"device_start": -1, "device_end": -1}}, "empty98": {"write": {"device_start": 1585628006.7652938, "host_queued_start": 1585628073.29332, "device_queued": 1585628006.7652047, "device_end": 1585628006.7653484, "host_queued_end": 1585628073.329307}, "device": "gpu", "nd_range": {"device_start": 1585628006.7653525, "device_end": 1585628006.7653565}, "cmdq": 1, "read": {"device_start": -1, "device_end": -1}}, "empty107": {"write": {"device_start": 1585628006.765421, "host_queued_start": 1585628073.294162, "device_queued": 1585628006.7652688, "device_end": 1585628006.765471, "host_queued_end": 1585628073.329307}, "device": "gpu", "nd_range": {"device_start": 1585628006.7654798, "device_end": 1585628006.7654843}, "cmdq": 0, "read": {"device_start": -1, "device_end": -1}}, "empty17": {"write": {"device_start": -1, "host_queued_start": 1585628073.332059, "device_queued": -1, "device_end": -1, "host_queued_end": 1585628073.389108}, "device": "cpu", "nd_range": {"device_start": 2295847.578773912, "device_end": 2295847.578778687}, "cmdq": 1, "read": {"device_start": -1, "device_end": -1}}, "FFC_sans_bias87": {"write": {"device_start": -1, "host_queued_start": 1585628073.321331, "device_queued": -1, "device_end": -1, "host_queued_end": 1585628073.329307}, "device": "gpu", "nd_range": {"device_start": 1585628006.778187, "device_end": 1585628006.7787948}, "cmdq": 0, "read": {"device_start": -1, "device_end": -1}}, "FFC_sans_bias85": {"write": {"device_start": -1, "host_queued_start": 1585628073.317962, "device_queued": -1, "device_end": -1, "host_queued_end": 1585628073.329307}, "device": "gpu", "nd_range": {"device_start": 1585628006.7746756, "device_end": 1585628006.7752852}, "cmdq": 0, "read": {"device_start": -1, "device_end": -1}}, "FFC_sans_bias82": {"write": {"device_start": 1585628006.7660396, "host_queued_start": 1585628073.298722, "device_queued": 1585628006.7659438, "device_end": 1585628006.7660646, "host_queued_end": 1585628073.329307}, "device": "gpu", "nd_range": {"device_start": 1585628006.7660735, "device_end": 1585628006.766936}, "cmdq": 1, "read": {"device_start": -1, "device_end": -1}}, "FFC_sans_bias83": {"write": {"device_start": 1585628006.7667174, "host_queued_start": 1585628073.299778, "device_queued": 1585628006.7660003, "device_end": 1585628006.7667475, "host_queued_end": 1585628073.329307}, "device": "gpu", "nd_range": {"device_start": 1585628006.7667508, "device_end": 1585628006.7675102}, "cmdq": 0, "read": {"device_start": -1, "device_end": -1}}, "FFC_sans_bias81": {"write": {"device_start": 1585628006.7658997, "host_queued_start": 1585628073.297614, "device_queued": 1585628006.7656436, "device_end": 1585628006.7659304, "host_queued_end": 1585628073.329307}, "device": "gpu", "nd_range": {"device_start": 1585628006.7659338, "device_end": 1585628006.7665374}, "cmdq": 0, "read": {"device_start": -1, "device_end": -1}}, "FFC_sans_bias88": {"write": {"device_start": 1585628006.780875, "host_queued_start": 1585628073.323934, "device_queued": 1585628006.7688286, "device_end": 1585628006.7809007, "host_queued_end": 1585628073.329307}, "device": "gpu", "nd_range": {"device_start": 1585628006.780904, "device_end": 1585628006.7816668}, "cmdq": 0, "read": {"device_start": 1585628006.7816708, "device_end": 1585628006.781696}}, "coalesced_transpose30": {"write": {"device_start": -1, "host_queued_start": 1585628073.369563, "device_queued": -1, "device_end": -1, "host_queued_end": 1585628073.389108}, "device": "cpu", "nd_range": {"device_start": 2295847.697381371, "device_end": 2295847.697633028}, "cmdq": 0, "read": {"device_start": -1, "device_end": -1}}, "FFC_sans_bias128": {"write": {"device_start": 1585628006.7729132, "host_queued_start": 1585628073.313733, "device_queued": 1585628006.7674665, "device_end": 1585628006.772946, "host_queued_end": 1585628073.329307}, "device": "gpu", "nd_range": {"device_start": 1585628006.7729516, "device_end": 1585628006.7737706}, "cmdq": 1, "read": {"device_start": -1, "device_end": -1}}, "coalesced_transpose39": {"write": {"device_start": -1, "host_queued_start": 1585628073.369917, "device_queued": -1, "device_end": -1, "host_queued_end": 1585628073.389108}, "device": "cpu", "nd_range": {"device_start": 2295847.67997208, "device_end": 2295847.681155438}, "cmdq": 1, "read": {"device_start": -1, "device_end": -1}}, "FFC_sans_bias79": {"write": {"device_start": -1, "host_queued_start": 1585628073.389064, "device_queued": -1, "device_end": -1, "host_queued_end": 1585628073.389108}, "device": "cpu", "nd_range": {"device_start": 2295847.806369881, "device_end": 2295847.8125459603}, "cmdq": 2, "read": {"device_start": -1, "device_end": -1}}, "FFC_sans_bias78": {"write": {"device_start": -1, "host_queued_start": 1585628073.380043, "device_queued": -1, "device_end": -1, "host_queued_end": 1585628073.389108}, "device": "cpu", "nd_range": {"device_start": 2295847.778718729, "device_end": 2295847.788979656}, "cmdq": 2, "read": {"device_start": -1, "device_end": -1}}, "FFC_sans_bias73": {"write": {"device_start": -1, "host_queued_start": 1585628073.367144, "device_queued": -1, "device_end": -1, "host_queued_end": 1585628073.389108}, "device": "cpu", "nd_range": {"device_start": 2295847.668324518, "device_end": 2295847.679496589}, "cmdq": 1, "read": {"device_start": -1, "device_end": -1}}, "FFC_sans_bias72": {"write": {"device_start": -1, "host_queued_start": 1585628073.366088, "device_queued": -1, "device_end": -1, "host_queued_end": 1585628073.389108}, "device": "cpu", "nd_range": {"device_start": 2295847.6811835472, "device_end": 2295847.6949798632}, "cmdq": 0, "read": {"device_start": -1, "device_end": -1}}, "FFC_sans_bias70": {"write": {"device_start": -1, "host_queued_start": 1585628073.38807, "device_queued": -1, "device_end": -1, "host_queued_end": 1585628073.389108}, "device": "cpu", "nd_range": {"device_start": 2295847.772621502, "device_end": 2295847.785339444}, "cmdq": 1, "read": {"device_start": -1, "device_end": -1}}, "FFC_sans_bias76": {"write": {"device_start": -1, "host_queued_start": 1585628073.374484, "device_queued": -1, "device_end": -1, "host_queued_end": 1585628073.389108}, "device": "cpu", "nd_range": {"device_start": 2295847.738652716, "device_end": 2295847.751576159}, "cmdq": 2, "read": {"device_start": -1, "device_end": -1}}, "FFC_sans_bias74": {"write": {"device_start": -1, "host_queued_start": 1585628073.368203, "device_queued": -1, "device_end": -1, "host_queued_end": 1585628073.389108}, "device": "cpu", "nd_range": {"device_start": 2295847.6989427092, "device_end": 2295847.712077314}, "cmdq": 2, "read": {"device_start": -1, "device_end": -1}}, "coalesced_transpose102": {"write": {"device_start": -1, "host_queued_start": 1585628073.316739, "device_queued": -1, "device_end": -1, "host_queued_end": 1585628073.329307}, "device": "gpu", "nd_range": {"device_start": 1585628006.7746334, "device_end": 1585628006.7746482}, "cmdq": 0, "read": {"device_start": -1, "device_end": -1}}, "coalesced_transpose3": {"write": {"device_start": -1, "host_queued_start": 1585628073.368533, "device_queued": -1, "device_end": -1, "host_queued_end": 1585628073.389108}, "device": "cpu", "nd_range": {"device_start": 2295847.6967572053, "device_end": 2295847.697008604}, "cmdq": 0, "read": {"device_start": -1, "device_end": -1}}, "FFC_sans_bias127": {"write": {"device_start": 1585628006.7738874, "host_queued_start": 1585628073.315805, "device_queued": 1585628006.7676408, "device_end": 1585628006.7739193, "host_queued_end": 1585628073.329307}, "device": "gpu", "nd_range": {"device_start": 1585628006.7739239, "device_end": 1585628006.7747436}, "cmdq": 1, "read": {"device_start": -1, "device_end": -1}}, "empty89": {"write": {"device_start": 1585628006.765196, "host_queued_start": 1585628073.292258, "device_queued": 1585628006.7650676, "device_end": 1585628006.7652235, "host_queued_end": 1585628073.329307}, "device": "gpu", "nd_range": {"device_start": 1585628006.765227, "device_end": 1585628006.7652326}, "cmdq": 0, "read": {"device_start": -1, "device_end": -1}}, "FFC_sans_bias123": {"write": {"device_start": -1, "host_queued_start": 1585628073.322586, "device_queued": -1, "device_end": -1, "host_queued_end": 1585628073.329307}, "device": "gpu", "nd_range": {"device_start": 1585628006.7797728, "device_end": 1585628006.7807214}, "cmdq": 0, "read": {"device_start": -1, "device_end": -1}}, "empty80": {"write": {"device_start": -1, "host_queued_start": 1585628073.338923, "device_queued": -1, "device_end": -1, "host_queued_end": 1585628073.389108}, "device": "cpu", "nd_range": {"device_start": 2295847.5787800252, "device_end": 2295847.578780792}, "cmdq": 2, "read": {"device_start": -1, "device_end": -1}}, "empty116": {"write": {"device_start": 1585628006.7655115, "host_queued_start": 1585628073.295002, "device_queued": 1585628006.7653198, "device_end": 1585628006.7655368, "host_queued_end": 1585628073.329307}, "device": "gpu", "nd_range": {"device_start": 1585628006.76554, "device_end": 1585628006.765543}, "cmdq": 1, "read": {"device_start": -1, "device_end": -1}}, "softmax104": {"write": {"device_start": -1, "host_queued_start": 1585628073.32028, "device_queued": -1, "device_end": -1, "host_queued_end": 1585628073.329307}, "device": "gpu", "nd_range": {"device_start": 1585628006.7777753, "device_end": 1585628006.777981}, "cmdq": 0, "read": {"device_start": -1, "device_end": -1}}, "coalesced_transpose21": {"write": {"device_start": -1, "host_queued_start": 1585628073.369222, "device_queued": -1, "device_end": -1, "host_queued_end": 1585628073.389108}, "device": "cpu", "nd_range": {"device_start": 2295847.712195484, "device_end": 2295847.712446231}, "cmdq": 2, "read": {"device_start": -1, "device_end": -1}}, "softmax14": {"write": {"device_start": -1, "host_queued_start": 1585628073.375042, "device_queued": -1, "device_end": -1, "host_queued_end": 1585628073.389108}, "device": "cpu", "nd_range": {"device_start": 2295847.718098043, "device_end": 2295847.718324671}, "cmdq": 1, "read": {"device_start": -1, "device_end": -1}}, "FFC_sans_bias69": {"write": {"device_start": -1, "host_queued_start": 1585628073.379698, "device_queued": -1, "device_end": -1, "host_queued_end": 1585628073.389108}, "device": "cpu", "nd_range": {"device_start": 2295847.7379417983, "device_end": 2295847.749676755}, "cmdq": 1, "read": {"device_start": -1, "device_end": -1}}, "FFC_sans_bias92": {"write": {"device_start": 1585628006.768028, "host_queued_start": 1585628073.302996, "device_queued": 1585628006.766397, "device_end": 1585628006.768056, "host_queued_end": 1585628073.329307}, "device": "gpu", "nd_range": {"device_start": 1585628006.768061, "device_end": 1585628006.7689226}, "cmdq": 1, "read": {"device_start": -1, "device_end": -1}}, "FFC_sans_bias60": {"write": {"device_start": -1, "host_queued_start": 1585628073.379354, "device_queued": -1, "device_end": -1, "host_queued_end": 1585628073.389108}, "device": "cpu", "nd_range": {"device_start": 2295847.787230356, "device_end": 2295847.79749271}, "cmdq": 0, "read": {"device_start": -1, "device_end": -1}}, "FFC_sans_bias61": {"write": {"device_start": -1, "host_queued_start": 1585628073.387081, "device_queued": -1, "device_end": -1, "host_queued_end": 1585628073.389108}, "device": "cpu", "nd_range": {"device_start": 2295847.8160530003, "device_end": 2295847.819899098}, "cmdq": 0, "read": {"device_start": -1, "device_end": -1}}, "FFC_sans_bias63": {"write": {"device_start": -1, "host_queued_start": 1585628073.365017, "device_queued": -1, "device_end": -1, "host_queued_end": 1585628073.389108}, "device": "cpu", "nd_range": {"device_start": 2295847.687338035, "device_end": 2295847.698827906}, "cmdq": 2, "read": {"device_start": -1, "device_end": -1}}, "FFC_sans_bias64": {"write": {"device_start": -1, "host_queued_start": 1585628073.362908, "device_queued": -1, "device_end": -1, "host_queued_end": 1585628073.389108}, "device": "cpu", "nd_range": {"device_start": 2295847.665898436, "device_end": 2295847.681169106}, "cmdq": 0, "read": {"device_start": -1, "device_end": -1}}, "FFC_sans_bias65": {"write": {"device_start": -1, "host_queued_start": 1585628073.363972, "device_queued": -1, "device_end": -1, "host_queued_end": 1585628073.389108}, "device": "cpu", "nd_range": {"device_start": 2295847.6557574864, "device_end": 2295847.668211637}, "cmdq": 1, "read": {"device_start": -1, "device_end": -1}}, "FFC_sans_bias67": {"write": {"device_start": -1, "host_queued_start": 1585628073.374144, "device_queued": -1, "device_end": -1, "host_queued_end": 1585628073.389108}, "device": "cpu", "nd_range": {"device_start": 2295847.704863112, "device_end": 2295847.717989149}, "cmdq": 1, "read": {"device_start": -1, "device_end": -1}}, "coalesced_transpose111": {"write": {"device_start": -1, "host_queued_start": 1585628073.317041, "device_queued": -1, "device_end": -1, "host_queued_end": 1585628073.329307}, "device": "gpu", "nd_range": {"device_start": 1585628006.7751215, "device_end": 1585628006.775144}, "cmdq": 1, "read": {"device_start": -1, "device_end": -1}}, "FFC_sans_bias133": {"write": {"device_start": 1585628006.7833683, "host_queued_start": 1585628073.329207, "device_queued": 1585628006.7695997, "device_end": 1585628006.783399, "host_queued_end": 1585628073.329307}, "device": "gpu", "nd_range": {"device_start": 1585628006.7834015, "device_end": 1585628006.7840824}, "cmdq": 1, "read": {"device_start": 1585628006.7840853, "device_end": 1585628006.78411}}, "FFC_sans_bias132": {"write": {"device_start": -1, "host_queued_start": 1585628073.322906, "device_queued": -1, "device_end": -1, "host_queued_end": 1585628073.329307}, "device": "gpu", "nd_range": {"device_start": 1585628006.7801962, "device_end": 1585628006.7811835}, "cmdq": 1, "read": {"device_start": -1, "device_end": -1}}, "softmax68": {"write": {"device_start": -1, "host_queued_start": 1585628073.37668, "device_queued": -1, "device_end": -1, "host_queued_end": 1585628073.389108}, "device": "cpu", "nd_range": {"device_start": 2295847.718751369, "device_end": 2295847.7189550484}, "cmdq": 1, "read": {"device_start": -1, "device_end": -1}}, "softmax131": {"write": {"device_start": -1, "host_queued_start": 1585628073.321019, "device_queued": -1, "device_end": -1, "host_queued_end": 1585628073.329307}, "device": "gpu", "nd_range": {"device_start": 1585628006.7780583, "device_end": 1585628006.7783327}, "cmdq": 1, "read": {"device_start": -1, "device_end": -1}}, "empty125": {"write": {"device_start": 1585628006.7656596, "host_queued_start": 1585628073.295819, "device_queued": 1585628006.765564, "device_end": 1585628006.7657173, "host_queued_end": 1585628073.329307}, "device": "gpu", "nd_range": {"device_start": 1585628006.765727, "device_end": 1585628006.7657309}, "cmdq": 0, "read": {"device_start": -1, "device_end": -1}}, "empty35": {"write": {"device_start": -1, "host_queued_start": 1585628073.334059, "device_queued": -1, "device_end": -1, "host_queued_end": 1585628073.389108}, "device": "cpu", "nd_range": {"device_start": 2295847.5787728643, "device_end": 2295847.578773714}, "cmdq": 0, "read": {"device_start": -1, "device_end": -1}}, "softmax86": {"write": {"device_start": -1, "host_queued_start": 1585628073.319785, "device_queued": -1, "device_end": -1, "host_queued_end": 1585628073.329307}, "device": "gpu", "nd_range": {"device_start": 1585628006.777174, "device_end": 1585628006.7777739}, "cmdq": 0, "read": {"device_start": -1, "device_end": -1}}, "FFC_sans_bias55": {"write": {"device_start": -1, "host_queued_start": 1585628073.361837, "device_queued": -1, "device_end": -1, "host_queued_end": 1585628073.389108}, "device": "cpu", "nd_range": {"device_start": 2295847.678876848, "device_end": 2295847.68722121}, "cmdq": 2, "read": {"device_start": -1, "device_end": -1}}, "FFC_sans_bias54": {"write": {"device_start": -1, "host_queued_start": 1585628073.360798, "device_queued": -1, "device_end": -1, "host_queued_end": 1585628073.389108}, "device": "cpu", "nd_range": {"device_start": 2295847.6431735023, "device_end": 2295847.655639612}, "cmdq": 1, "read": {"device_start": -1, "device_end": -1}}, "FFC_sans_bias56": {"write": {"device_start": -1, "host_queued_start": 1585628073.359756, "device_queued": -1, "device_end": -1, "host_queued_end": 1585628073.389108}, "device": "cpu", "nd_range": {"device_start": 2295847.6520762993, "device_end": 2295847.6657805773}, "cmdq": 0, "read": {"device_start": -1, "device_end": -1}}, "FFC_sans_bias51": {"write": {"device_start": -1, "host_queued_start": 1585628073.379011, "device_queued": -1, "device_end": -1, "host_queued_end": 1585628073.389108}, "device": "cpu", "nd_range": {"device_start": 2295847.769393798, "device_end": 2295847.778712083}, "cmdq": 2, "read": {"device_start": -1, "device_end": -1}}, "FFC_sans_bias52": {"write": {"device_start": -1, "host_queued_start": 1585628073.386085, "device_queued": -1, "device_end": -1, "host_queued_end": 1585628073.389108}, "device": "cpu", "nd_range": {"device_start": 2295847.7984627313, "device_end": 2295847.806367229}, "cmdq": 2, "read": {"device_start": -1, "device_end": -1}}, "FFC_sans_bias58": {"write": {"device_start": -1, "host_queued_start": 1585628073.373799, "device_queued": -1, "device_end": -1, "host_queued_end": 1585628073.389108}, "device": "cpu", "nd_range": {"device_start": 2295847.737495181, "device_end": 2295847.749092666}, "cmdq": 0, "read": {"device_start": -1, "device_end": -1}}, "FFC_sans_bias108": {"write": {"device_start": 1585628006.770057, "host_queued_start": 1585628073.307405, "device_queued": 1585628006.766859, "device_end": 1585628006.7700891, "host_queued_end": 1585628073.329307}, "device": "gpu", "nd_range": {"device_start": 1585628006.7700953, "device_end": 1585628006.7709057}, "cmdq": 1, "read": {"device_start": -1, "device_end": -1}}, "FFC_sans_bias109": {"write": {"device_start": 1585628006.770523, "host_queued_start": 1585628073.308453, "device_queued": 1585628006.7669044, "device_end": 1585628006.7705553, "host_queued_end": 1585628073.329307}, "device": "gpu", "nd_range": {"device_start": 1585628006.7705593, "device_end": 1585628006.7713516}, "cmdq": 0, "read": {"device_start": -1, "device_end": -1}}, "coalesced_transpose129": {"write": {"device_start": -1, "host_queued_start": 1585628073.317646, "device_queued": -1, "device_end": -1, "host_queued_end": 1585628073.329307}, "device": "gpu", "nd_range": {"device_start": 1585628006.7751455, "device_end": 1585628006.7751637}, "cmdq": 1, "read": {"device_start": -1, "device_end": -1}}, "FFC_sans_bias103": {"write": {"device_start": -1, "host_queued_start": 1585628073.318592, "device_queued": -1, "device_end": -1, "host_queued_end": 1585628073.329307}, "device": "gpu", "nd_range": {"device_start": 1585628006.775287, "device_end": 1585628006.7762415}, "cmdq": 0, "read": {"device_start": -1, "device_end": -1}}, "FFC_sans_bias100": {"write": {"device_start": 1585628006.7690907, "host_queued_start": 1585628073.305077, "device_queued": 1585628006.7666147, "device_end": 1585628006.769119, "host_queued_end": 1585628073.329307}, "device": "gpu", "nd_range": {"device_start": 1585628006.7691295, "device_end": 1585628006.7699156}, "cmdq": 1, "read": {"device_start": -1, "device_end": -1}}, "FFC_sans_bias101": {"write": {"device_start": 1585628006.769544, "host_queued_start": 1585628073.306289, "device_queued": 1585628006.7666664, "device_end": 1585628006.769577, "host_queued_end": 1585628073.329307}, "device": "gpu", "nd_range": {"device_start": 1585628006.7695823, "device_end": 1585628006.770372}, "cmdq": 0, "read": {"device_start": -1, "device_end": -1}}, "FFC_sans_bias106": {"write": {"device_start": 1585628006.7819536, "host_queued_start": 1585628073.326061, "device_queued": 1585628006.769084, "device_end": 1585628006.7819843, "host_queued_end": 1585628073.329307}, "device": "gpu", "nd_range": {"device_start": 1585628006.781987, "device_end": 1585628006.7826269}, "cmdq": 0, "read": {"device_start": 1585628006.78263, "device_end": 1585628006.7826548}}, "softmax122": {"write": {"device_start": -1, "host_queued_start": 1585628073.320773, "device_queued": -1, "device_end": -1, "host_queued_end": 1585628073.329307}, "device": "gpu", "nd_range": {"device_start": 1585628006.7779825, "device_end": 1585628006.7781858}, "cmdq": 0, "read": {"device_start": -1, "device_end": -1}}, "FFC_sans_bias105": {"write": {"device_start": -1, "host_queued_start": 1585628073.321959, "device_queued": -1, "device_end": -1, "host_queued_end": 1585628073.329307}, "device": "gpu", "nd_range": {"device_start": 1585628006.7787964, "device_end": 1585628006.7797718}, "cmdq": 0, "read": {"device_start": -1, "device_end": -1}}, "softmax95": {"write": {"device_start": -1, "host_queued_start": 1585628073.320035, "device_queued": -1, "device_end": -1, "host_queued_end": 1585628073.329307}, "device": "gpu", "nd_range": {"device_start": 1585628006.7776377, "device_end": 1585628006.777853}, "cmdq": 1, "read": {"device_start": -1, "device_end": -1}}, "coalesced_transpose57": {"write": {"device_start": -1, "host_queued_start": 1585628073.370583, "device_queued": -1, "device_end": -1, "host_queued_end": 1585628073.389108}, "device": "cpu", "nd_range": {"device_start": 2295847.698004338, "device_end": 2295847.6982506462}, "cmdq": 0, "read": {"device_start": -1, "device_end": -1}}, "empty26": {"write": {"device_start": -1, "host_queued_start": 1585628073.33298, "device_queued": -1, "device_end": -1, "host_queued_end": 1585628073.389108}, "device": "cpu", "nd_range": {"device_start": 2295847.578738316, "device_end": 2295847.578751107}, "cmdq": 2, "read": {"device_start": -1, "device_end": -1}}, "softmax113": {"write": {"device_start": -1, "host_queued_start": 1585628073.320527, "device_queued": -1, "device_end": -1, "host_queued_end": 1585628073.329307}, "device": "gpu", "nd_range": {"device_start": 1585628006.777855, "device_end": 1585628006.7780573}, "cmdq": 1, "read": {"device_start": -1, "device_end": -1}}, "FFC_sans_bias11": {"write": {"device_start": -1, "host_queued_start": 1585628073.345278, "device_queued": -1, "device_end": -1, "host_queued_end": 1585628073.389108}, "device": "cpu", "nd_range": {"device_start": 2295847.592277739, "device_end": 2295847.6113736653}, "cmdq": 2, "read": {"device_start": -1, "device_end": -1}}, "FFC_sans_bias42": {"write": {"device_start": -1, "host_queued_start": 1585628073.378666, "device_queued": -1, "device_end": -1, "host_queued_end": 1585628073.389108}, "device": "cpu", "nd_range": {"device_start": 2295847.730097614, "device_end": 2295847.737838056}, "cmdq": 1, "read": {"device_start": -1, "device_end": -1}}, "FFC_sans_bias43": {"write": {"device_start": -1, "host_queued_start": 1585628073.385098, "device_queued": -1, "device_end": -1, "host_queued_end": 1585628073.389108}, "device": "cpu", "nd_range": {"device_start": 2295847.761669606, "device_end": 2295847.772615673}, "cmdq": 1, "read": {"device_start": -1, "device_end": -1}}, "FFC_sans_bias40": {"write": {"device_start": -1, "host_queued_start": 1585628073.373104, "device_queued": -1, "device_end": -1, "host_queued_end": 1585628073.389108}, "device": "cpu", "nd_range": {"device_start": 2295847.695204785, "device_end": 2295847.7047495414}, "cmdq": 1, "read": {"device_start": -1, "device_end": -1}}, "FFC_sans_bias46": {"write": {"device_start": -1, "host_queued_start": 1585628073.35765, "device_queued": -1, "device_end": -1, "host_queued_end": 1585628073.389108}, "device": "cpu", "nd_range": {"device_start": 2295847.631833853, "device_end": 2295847.6430525794}, "cmdq": 1, "read": {"device_start": -1, "device_end": -1}}, "FFC_sans_bias47": {"write": {"device_start": -1, "host_queued_start": 1585628073.358712, "device_queued": -1, "device_end": -1, "host_queued_end": 1585628073.389108}, "device": "cpu", "nd_range": {"device_start": 2295847.66541793, "device_end": 2295847.678674302}, "cmdq": 2, "read": {"device_start": -1, "device_end": -1}}, "FFC_sans_bias45": {"write": {"device_start": -1, "host_queued_start": 1585628073.3566, "device_queued": -1, "device_end": -1, "host_queued_end": 1585628073.389108}, "device": "cpu", "nd_range": {"device_start": 2295847.638446718, "device_end": 2295847.65194811}, "cmdq": 0, "read": {"device_start": -1, "device_end": -1}}, "FFC_sans_bias49": {"write": {"device_start": -1, "host_queued_start": 1585628073.373451, "device_queued": -1, "device_end": -1, "host_queued_end": 1585628073.389108}, "device": "cpu", "nd_range": {"device_start": 2295847.722892283, "device_end": 2295847.7386448933}, "cmdq": 2, "read": {"device_start": -1, "device_end": -1}}, "softmax77": {"write": {"device_start": -1, "host_queued_start": 1585628073.37695, "device_queued": -1, "device_end": -1, "host_queued_end": 1585628073.389108}, "device": "cpu", "nd_range": {"device_start": 2295847.7548734033, "device_end": 2295847.755094965}, "cmdq": 2, "read": {"device_start": -1, "device_end": -1}}, "empty134": {"write": {"device_start": 1585628006.7657788, "host_queued_start": 1585628073.296633, "device_queued": 1585628006.7656085, "device_end": 1585628006.7658198, "host_queued_end": 1585628073.329307}, "device": "gpu", "nd_range": {"device_start": 1585628006.7658236, "device_end": 1585628006.765834}, "cmdq": 1, "read": {"device_start": -1, "device_end": -1}}, "FFC_sans_bias119": {"write": {"device_start": 1585628006.7724507, "host_queued_start": 1585628073.312683, "device_queued": 1585628006.767339, "device_end": 1585628006.7724767, "host_queued_end": 1585628073.329307}, "device": "gpu", "nd_range": {"device_start": 1585628006.7724807, "device_end": 1585628006.7733052}, "cmdq": 0, "read": {"device_start": -1, "device_end": -1}}, "FFC_sans_bias118": {"write": {"device_start": 1585628006.7720025, "host_queued_start": 1585628073.311597, "device_queued": 1585628006.767304, "device_end": 1585628006.7720344, "host_queued_end": 1585628073.329307}, "device": "gpu", "nd_range": {"device_start": 1585628006.772039, "device_end": 1585628006.7728043}, "cmdq": 1, "read": {"device_start": -1, "device_end": -1}}, "FFC_sans_bias115": {"write": {"device_start": 1585628006.7824004, "host_queued_start": 1585628073.327118, "device_queued": 1585628006.7692914, "device_end": 1585628006.7824318, "host_queued_end": 1585628073.329307}, "device": "gpu", "nd_range": {"device_start": 1585628006.7824378, "device_end": 1585628006.7831404}, "cmdq": 1, "read": {"device_start": 1585628006.7831442, "device_end": 1585628006.7831686}}, "FFC_sans_bias114": {"write": {"device_start": -1, "host_queued_start": 1585628073.322269, "device_queued": -1, "device_end": -1, "host_queued_end": 1585628073.329307}, "device": "gpu", "nd_range": {"device_start": 1585628006.7791986, "device_end": 1585628006.7801952}, "cmdq": 1, "read": {"device_start": -1, "device_end": -1}}, "FFC_sans_bias117": {"write": {"device_start": 1585628006.7714627, "host_queued_start": 1585628073.310538, "device_queued": 1585628006.7671573, "device_end": 1585628006.7714953, "host_queued_end": 1585628073.329307}, "device": "gpu", "nd_range": {"device_start": 1585628006.7714994, "device_end": 1585628006.772331}, "cmdq": 0, "read": {"device_start": -1, "device_end": -1}}, "softmax5": {"write": {"device_start": -1, "host_queued_start": 1585628073.374767, "device_queued": -1, "device_end": -1, "host_queued_end": 1585628073.389108}, "device": "cpu", "nd_range": {"device_start": 2295847.74910003, "device_end": 2295847.754059221}, "cmdq": 0, "read": {"device_start": -1, "device_end": -1}}, "FFC_sans_bias110": {"write": {"device_start": 1585628006.7710106, "host_queued_start": 1585628073.309498, "device_queued": 1585628006.7671027, "device_end": 1585628006.7710435, "host_queued_end": 1585628073.329307}, "device": "gpu", "nd_range": {"device_start": 1585628006.7710478, "device_end": 1585628006.7718754}, "cmdq": 1, "read": {"device_start": -1, "device_end": -1}}, "FFC_sans_bias112": {"write": {"device_start": -1, "host_queued_start": 1585628073.318905, "device_queued": -1, "device_end": -1, "host_queued_end": 1585628073.329307}, "device": "gpu", "nd_range": {"device_start": 1585628006.7757745, "device_end": 1585628006.7767465}, "cmdq": 1, "read": {"device_start": -1, "device_end": -1}}, "empty53": {"write": {"device_start": -1, "host_queued_start": 1585628073.336033, "device_queued": -1, "device_end": -1, "host_queued_end": 1585628073.389108}, "device": "cpu", "nd_range": {"device_start": 2295847.5787730264, "device_end": 2295847.578774143}, "cmdq": 2, "read": {"device_start": -1, "device_end": -1}}, "coalesced_transpose48": {"write": {"device_start": -1, "host_queued_start": 1585628073.370246, "device_queued": -1, "device_end": -1, "host_queued_end": 1585628073.389108}, "device": "cpu", "nd_range": {"device_start": 2295847.7125571943, "device_end": 2295847.712804743}, "cmdq": 2, "read": {"device_start": -1, "device_end": -1}}}