{"FFC_sans_bias4": {"write": {"device_start": -1, "host_queued_start": 1585628809.449717, "device_queued": -1, "device_end": -1, "host_queued_end": 1585628809.479304}, "device": "cpu", "nd_range": {"device_start": 2296583.849385608, "device_end": 2296583.858498202}, "cmdq": 0, "read": {"device_start": -1, "device_end": -1}}, "FFC_sans_bias7": {"write": {"device_start": -1, "host_queued_start": 1585628809.465155, "device_queued": -1, "device_end": -1, "host_queued_end": 1585628809.479304}, "device": "cpu", "nd_range": {"device_start": 2296584.002678668, "device_end": 2296584.0180810583}, "cmdq": 0, "read": {"device_start": -1, "device_end": -1}}, "FFC_sans_bias6": {"write": {"device_start": -1, "host_queued_start": 1585628809.459173, "device_queued": -1, "device_end": -1, "host_queued_end": 1585628809.479304}, "device": "cpu", "nd_range": {"device_start": 2296583.923635072, "device_end": 2296583.939237018}, "cmdq": 0, "read": {"device_start": -1, "device_end": -1}}, "FFC_sans_bias1": {"write": {"device_start": -1, "host_queued_start": 1585628809.398105, "device_queued": -1, "device_end": -1, "host_queued_end": 1585628809.479304}, "device": "cpu", "nd_range": {"device_start": 2296583.669035817, "device_end": 2296583.678997618}, "cmdq": 1, "read": {"device_start": -1, "device_end": -1}}, "FFC_sans_bias0": {"write": {"device_start": -1, "host_queued_start": 1585628809.397041, "device_queued": -1, "device_end": -1, "host_queued_end": 1585628809.479304}, "device": "cpu", "nd_range": {"device_start": 2296583.66906914, "device_end": 2296583.681924026}, "cmdq": 0, "read": {"device_start": -1, "device_end": -1}}, "FFC_sans_bias2": {"write": {"device_start": -1, "host_queued_start": 1585628809.399205, "device_queued": -1, "device_end": -1, "host_queued_end": 1585628809.479304}, "device": "cpu", "nd_range": {"device_start": 2296583.669061943, "device_end": 2296583.6825607764}, "cmdq": 2, "read": {"device_start": -1, "device_end": -1}}, "coalesced_transpose120": {"write": {"device_start": -1, "host_queued_start": 1585628809.449032, "device_queued": -1, "device_end": -1, "host_queued_end": 1585628809.479304}, "device": "cpu", "nd_range": {"device_start": 2296583.877508329, "device_end": 2296583.8777611693}, "cmdq": 1, "read": {"device_start": -1, "device_end": -1}}, "FFC_sans_bias9": {"write": {"device_start": -1, "host_queued_start": 1585628809.400263, "device_queued": -1, "device_end": -1, "host_queued_end": 1585628809.479304}, "device": "cpu", "nd_range": {"device_start": 2296583.682057226, "device_end": 2296583.6906326613}, "cmdq": 0, "read": {"device_start": -1, "device_end": -1}}, "empty71": {"write": {"device_start": -1, "host_queued_start": 1585628809.390151, "device_queued": -1, "device_end": -1, "host_queued_end": 1585628809.479304}, "device": "cpu", "nd_range": {"device_start": 2296583.669015694, "device_end": 2296583.6690164753}, "cmdq": 1, "read": {"device_start": -1, "device_end": -1}}, "softmax41": {"write": {"device_start": -1, "host_queued_start": 1585628809.456033, "device_queued": -1, "device_end": -1, "host_queued_end": 1585628809.479304}, "device": "cpu", "nd_range": {"device_start": 2296583.9590153783, "device_end": 2296583.9592313133}, "cmdq": 1, "read": {"device_start": -1, "device_end": -1}}, "FFC_sans_bias37": {"write": {"device_start": -1, "host_queued_start": 1585628809.410998, "device_queued": -1, "device_end": -1, "host_queued_end": 1585628809.479304}, "device": "cpu", "nd_range": {"device_start": 2296583.732044573, "device_end": 2296583.7446994684}, "cmdq": 1, "read": {"device_start": -1, "device_end": -1}}, "FFC_sans_bias36": {"write": {"device_start": -1, "host_queued_start": 1585628809.40994, "device_queued": -1, "device_end": -1, "host_queued_end": 1585628809.479304}, "device": "cpu", "nd_range": {"device_start": 2296583.708146062, "device_end": 2296583.723108374}, "cmdq": 0, "read": {"device_start": -1, "device_end": -1}}, "FFC_sans_bias34": {"write": {"device_start": -1, "host_queued_start": 1585628809.468199, "device_queued": -1, "device_end": -1, "host_queued_end": 1585628809.479304}, "device": "cpu", "nd_range": {"device_start": 2296584.0180907133, "device_end": 2296584.033550832}, "cmdq": 0, "read": {"device_start": -1, "device_end": -1}}, "FFC_sans_bias33": {"write": {"device_start": -1, "host_queued_start": 1585628809.46022, "device_queued": -1, "device_end": -1, "host_queued_end": 1585628809.479304}, "device": "cpu", "nd_range": {"device_start": 2296583.939353661, "device_end": 2296583.954780839}, "cmdq": 0, "read": {"device_start": -1, "device_end": -1}}, "FFC_sans_bias31": {"write": {"device_start": -1, "host_queued_start": 1585628809.450763, "device_queued": -1, "device_end": -1, "host_queued_end": 1585628809.479304}, "device": "cpu", "nd_range": {"device_start": 2296583.858614475, "device_end": 2296583.874144495}, "cmdq": 0, "read": {"device_start": -1, "device_end": -1}}, "FFC_sans_bias38": {"write": {"device_start": -1, "host_queued_start": 1585628809.41206, "device_queued": -1, "device_end": -1, "host_queued_end": 1585628809.479304}, "device": "cpu", "nd_range": {"device_start": 2296583.731551701, "device_end": 2296583.7492704852}, "cmdq": 2, "read": {"device_start": -1, "device_end": -1}}, "coalesced_transpose75": {"write": {"device_start": -1, "host_queued_start": 1585628809.447366, "device_queued": -1, "device_end": -1, "host_queued_end": 1585628809.479304}, "device": "cpu", "nd_range": {"device_start": 2296583.906521839, "device_end": 2296583.9067878793}, "cmdq": 2, "read": {"device_start": -1, "device_end": -1}}, "empty44": {"write": {"device_start": -1, "host_queued_start": 1585628809.387726, "device_queued": -1, "device_end": -1, "host_queued_end": 1585628809.479304}, "device": "cpu", "nd_range": {"device_start": 2296583.669008451, "device_end": 2296583.6690099123}, "cmdq": 1, "read": {"device_start": -1, "device_end": -1}}, "empty8": {"write": {"device_start": -1, "host_queued_start": 1585628809.384039, "device_queued": -1, "device_end": -1, "host_queued_end": 1585628809.479304}, "device": "cpu", "nd_range": {"device_start": 2296583.669021291, "device_end": 2296583.669025565}, "cmdq": 0, "read": {"device_start": -1, "device_end": -1}}, "softmax50": {"write": {"device_start": -1, "host_queued_start": 1585628809.456309, "device_queued": -1, "device_end": -1, "host_queued_end": 1585628809.479304}, "device": "cpu", "nd_range": {"device_start": 2296583.983909293, "device_end": 2296583.9841280803}, "cmdq": 2, "read": {"device_start": -1, "device_end": -1}}, "softmax59": {"write": {"device_start": -1, "host_queued_start": 1585628809.456588, "device_queued": -1, "device_end": -1, "host_queued_end": 1585628809.479304}, "device": "cpu", "nd_range": {"device_start": 2296583.9225521483, "device_end": 2296583.9228724823}, "cmdq": 0, "read": {"device_start": -1, "device_end": -1}}, "FFC_sans_bias24": {"write": {"device_start": -1, "host_queued_start": 1585628809.459869, "device_queued": -1, "device_end": -1, "host_queued_end": 1585628809.479304}, "device": "cpu", "nd_range": {"device_start": 2296583.9847834134, "device_end": 2296584.0001056953}, "cmdq": 2, "read": {"device_start": -1, "device_end": -1}}, "FFC_sans_bias25": {"write": {"device_start": -1, "host_queued_start": 1585628809.467201, "device_queued": -1, "device_end": -1, "host_queued_end": 1585628809.479304}, "device": "cpu", "nd_range": {"device_start": 2296584.0610731323, "device_end": 2296584.076359815}, "cmdq": 2, "read": {"device_start": -1, "device_end": -1}}, "FFC_sans_bias27": {"write": {"device_start": -1, "host_queued_start": 1585628809.40669, "device_queued": -1, "device_end": -1, "host_queued_end": 1585628809.479304}, "device": "cpu", "nd_range": {"device_start": 2296583.699910642, "device_end": 2296583.708026132}, "cmdq": 0, "read": {"device_start": -1, "device_end": -1}}, "FFC_sans_bias20": {"write": {"device_start": -1, "host_queued_start": 1585628809.40561, "device_queued": -1, "device_end": -1, "host_queued_end": 1585628809.479304}, "device": "cpu", "nd_range": {"device_start": 2296583.700791461, "device_end": 2296583.715665079}, "cmdq": 2, "read": {"device_start": -1, "device_end": -1}}, "FFC_sans_bias22": {"write": {"device_start": -1, "host_queued_start": 1585628809.450408, "device_queued": -1, "device_end": -1, "host_queued_end": 1585628809.479304}, "device": "cpu", "nd_range": {"device_start": 2296583.907316183, "device_end": 2296583.922608122}, "cmdq": 2, "read": {"device_start": -1, "device_end": -1}}, "FFC_sans_bias130": {"write": {"device_start": -1, "host_queued_start": 1585628809.454639, "device_queued": -1, "device_end": -1, "host_queued_end": 1585628809.479304}, "device": "cpu", "nd_range": {"device_start": 2296583.9684842722, "device_end": 2296583.983679714}, "cmdq": 2, "read": {"device_start": -1, "device_end": -1}}, "FFC_sans_bias28": {"write": {"device_start": -1, "host_queued_start": 1585628809.407747, "device_queued": -1, "device_end": -1, "host_queued_end": 1585628809.479304}, "device": "cpu", "nd_range": {"device_start": 2296583.7163146213, "device_end": 2296583.731916428}, "cmdq": 1, "read": {"device_start": -1, "device_end": -1}}, "FFC_sans_bias29": {"write": {"device_start": -1, "host_queued_start": 1585628809.408855, "device_queued": -1, "device_end": -1, "host_queued_end": 1585628809.479304}, "device": "cpu", "nd_range": {"device_start": 2296583.716231571, "device_end": 2296583.7238248093}, "cmdq": 2, "read": {"device_start": -1, "device_end": -1}}, "coalesced_transpose66": {"write": {"device_start": -1, "host_queued_start": 1585628809.447026, "device_queued": -1, "device_end": -1, "host_queued_end": 1585628809.479304}, "device": "cpu", "nd_range": {"device_start": 2296583.8769420153, "device_end": 2296583.8772217263}, "cmdq": 1, "read": {"device_start": -1, "device_end": -1}}, "coalesced_transpose93": {"write": {"device_start": -1, "host_queued_start": 1585628809.448032, "device_queued": -1, "device_end": -1, "host_queued_end": 1585628809.479304}, "device": "cpu", "nd_range": {"device_start": 2296583.8772272523, "device_end": 2296583.877501441}, "cmdq": 1, "read": {"device_start": -1, "device_end": -1}}, "softmax23": {"write": {"device_start": -1, "host_queued_start": 1585628809.45548, "device_queued": -1, "device_end": -1, "host_queued_end": 1585628809.479304}, "device": "cpu", "nd_range": {"device_start": 2296583.983686406, "device_end": 2296583.9839034453}, "cmdq": 2, "read": {"device_start": -1, "device_end": -1}}, "empty62": {"write": {"device_start": -1, "host_queued_start": 1585628809.389342, "device_queued": -1, "device_end": -1, "host_queued_end": 1585628809.479304}, "device": "cpu", "nd_range": {"device_start": 2296583.669053247, "device_end": 2296583.669053921}, "cmdq": 0, "read": {"device_start": -1, "device_end": -1}}, "FFC_sans_bias10": {"write": {"device_start": -1, "host_queued_start": 1585628809.401326, "device_queued": -1, "device_end": -1, "host_queued_end": 1585628809.479304}, "device": "cpu", "nd_range": {"device_start": 2296583.6791211423, "device_end": 2296583.7042223713}, "cmdq": 1, "read": {"device_start": -1, "device_end": -1}}, "FFC_sans_bias13": {"write": {"device_start": -1, "host_queued_start": 1585628809.45006, "device_queued": -1, "device_end": -1, "host_queued_end": 1585628809.479304}, "device": "cpu", "nd_range": {"device_start": 2296583.877767242, "device_end": 2296583.89299867}, "cmdq": 1, "read": {"device_start": -1, "device_end": -1}}, "FFC_sans_bias15": {"write": {"device_start": -1, "host_queued_start": 1585628809.459521, "device_queued": -1, "device_end": -1, "host_queued_end": 1585628809.479304}, "device": "cpu", "nd_range": {"device_start": 2296583.959890524, "device_end": 2296583.976331438}, "cmdq": 1, "read": {"device_start": -1, "device_end": -1}}, "FFC_sans_bias16": {"write": {"device_start": -1, "host_queued_start": 1585628809.466196, "device_queued": -1, "device_end": -1, "host_queued_end": 1585628809.479304}, "device": "cpu", "nd_range": {"device_start": 2296584.0402944093, "device_end": 2296584.056404939}, "cmdq": 1, "read": {"device_start": -1, "device_end": -1}}, "FFC_sans_bias19": {"write": {"device_start": -1, "host_queued_start": 1585628809.404527, "device_queued": -1, "device_end": -1, "host_queued_end": 1585628809.479304}, "device": "cpu", "nd_range": {"device_start": 2296583.7043540194, "device_end": 2296583.716186786}, "cmdq": 1, "read": {"device_start": -1, "device_end": -1}}, "FFC_sans_bias18": {"write": {"device_start": -1, "host_queued_start": 1585628809.403472, "device_queued": -1, "device_end": -1, "host_queued_end": 1585628809.479304}, "device": "cpu", "nd_range": {"device_start": 2296583.6907512853, "device_end": 2296583.699792723}, "cmdq": 0, "read": {"device_start": -1, "device_end": -1}}, "FFC_sans_bias99": {"write": {"device_start": -1, "host_queued_start": 1585628809.432294, "device_queued": -1, "device_end": -1, "host_queued_end": 1585628809.479304}, "device": "cpu", "nd_range": {"device_start": 2296583.7954901583, "device_end": 2296583.806943559}, "cmdq": 0, "read": {"device_start": -1, "device_end": -1}}, "FFC_sans_bias91": {"write": {"device_start": -1, "host_queued_start": 1585628809.430169, "device_queued": -1, "device_end": -1, "host_queued_end": 1585628809.479304}, "device": "cpu", "nd_range": {"device_start": 2296583.8061265633, "device_end": 2296583.814231654}, "cmdq": 1, "read": {"device_start": -1, "device_end": -1}}, "FFC_sans_bias90": {"write": {"device_start": -1, "host_queued_start": 1585628809.429117, "device_queued": -1, "device_end": -1, "host_queued_end": 1585628809.479304}, "device": "cpu", "nd_range": {"device_start": 2296583.781094375, "device_end": 2296583.795371449}, "cmdq": 0, "read": {"device_start": -1, "device_end": -1}}, "coalesced_transpose12": {"write": {"device_start": -1, "host_queued_start": 1585628809.44487, "device_queued": -1, "device_end": -1, "host_queued_end": 1585628809.479304}, "device": "cpu", "nd_range": {"device_start": 2296583.8763889433, "device_end": 2296583.8766637794}, "cmdq": 1, "read": {"device_start": -1, "device_end": -1}}, "FFC_sans_bias94": {"write": {"device_start": -1, "host_queued_start": 1585628809.453232, "device_queued": -1, "device_end": -1, "host_queued_end": 1585628809.479304}, "device": "cpu", "nd_range": {"device_start": 2296583.9265413852, "device_end": 2296583.942632813}, "cmdq": 1, "read": {"device_start": -1, "device_end": -1}}, "FFC_sans_bias97": {"write": {"device_start": -1, "host_queued_start": 1585628809.475234, "device_queued": -1, "device_end": -1, "host_queued_end": 1585628809.479304}, "device": "cpu", "nd_range": {"device_start": 2296584.08139191, "device_end": 2296584.086652115}, "cmdq": 1, "read": {"device_start": -1, "device_end": -1}}, "FFC_sans_bias96": {"write": {"device_start": -1, "host_queued_start": 1585628809.462672, "device_queued": -1, "device_end": -1, "host_queued_end": 1585628809.479304}, "device": "cpu", "nd_range": {"device_start": 2296584.007933184, "device_end": 2296584.023948992}, "cmdq": 1, "read": {"device_start": -1, "device_end": -1}}, "FFC_sans_bias124": {"write": {"device_start": -1, "host_queued_start": 1585628809.478258, "device_queued": -1, "device_end": -1, "host_queued_end": 1585628809.479304}, "device": "cpu", "nd_range": {"device_start": 2296584.086655031, "device_end": 2296584.094286223}, "cmdq": 1, "read": {"device_start": -1, "device_end": -1}}, "FFC_sans_bias126": {"write": {"device_start": -1, "host_queued_start": 1585628809.443101, "device_queued": -1, "device_end": -1, "host_queued_end": 1585628809.479304}, "device": "cpu", "nd_range": {"device_start": 2296583.8602560433, "device_end": 2296583.8763818443}, "cmdq": 1, "read": {"device_start": -1, "device_end": -1}}, "softmax32": {"write": {"device_start": -1, "host_queued_start": 1585628809.455757, "device_queued": -1, "device_end": -1, "host_queued_end": 1585628809.479304}, "device": "cpu", "nd_range": {"device_start": 2296583.922227633, "device_end": 2296583.922442391}, "cmdq": 0, "read": {"device_start": -1, "device_end": -1}}, "coalesced_transpose84": {"write": {"device_start": -1, "host_queued_start": 1585628809.4477, "device_queued": -1, "device_end": -1, "host_queued_end": 1585628809.479304}, "device": "cpu", "nd_range": {"device_start": 2296583.841075301, "device_end": 2296583.841332329}, "cmdq": 0, "read": {"device_start": -1, "device_end": -1}}, "FFC_sans_bias121": {"write": {"device_start": -1, "host_queued_start": 1585628809.454283, "device_queued": -1, "device_end": -1, "host_queued_end": 1585628809.479304}, "device": "cpu", "nd_range": {"device_start": 2296583.942642716, "device_end": 2296583.958785722}, "cmdq": 1, "read": {"device_start": -1, "device_end": -1}}, "empty98": {"write": {"device_start": -1, "host_queued_start": 1585628809.392624, "device_queued": -1, "device_end": -1, "host_queued_end": 1585628809.479304}, "device": "cpu", "nd_range": {"device_start": 2296583.669021156, "device_end": 2296583.6690218244}, "cmdq": 1, "read": {"device_start": -1, "device_end": -1}}, "empty107": {"write": {"device_start": -1, "host_queued_start": 1585628809.393443, "device_queued": -1, "device_end": -1, "host_queued_end": 1585628809.479304}, "device": "cpu", "nd_range": {"device_start": 2296583.669022508, "device_end": 2296583.669023135}, "cmdq": 2, "read": {"device_start": -1, "device_end": -1}}, "empty17": {"write": {"device_start": -1, "host_queued_start": 1585628809.385095, "device_queued": -1, "device_end": -1, "host_queued_end": 1585628809.479304}, "device": "cpu", "nd_range": {"device_start": 2296583.6689701034, "device_end": 2296583.668983341}, "cmdq": 1, "read": {"device_start": -1, "device_end": -1}}, "FFC_sans_bias87": {"write": {"device_start": -1, "host_queued_start": 1585628809.462317, "device_queued": -1, "device_end": -1, "host_queued_end": 1585628809.479304}, "device": "cpu", "nd_range": {"device_start": 2296583.970897607, "device_end": 2296583.9869609913}, "cmdq": 0, "read": {"device_start": -1, "device_end": -1}}, "FFC_sans_bias85": {"write": {"device_start": -1, "host_queued_start": 1585628809.452885, "device_queued": -1, "device_end": -1, "host_queued_end": 1585628809.479304}, "device": "cpu", "nd_range": {"device_start": 2296583.890273863, "device_end": 2296583.9057234433}, "cmdq": 0, "read": {"device_start": -1, "device_end": -1}}, "FFC_sans_bias82": {"write": {"device_start": -1, "host_queued_start": 1585628809.426999, "device_queued": -1, "device_end": -1, "host_queued_end": 1585628809.479304}, "device": "cpu", "nd_range": {"device_start": 2296583.7905917102, "device_end": 2296583.806000805}, "cmdq": 1, "read": {"device_start": -1, "device_end": -1}}, "FFC_sans_bias83": {"write": {"device_start": -1, "host_queued_start": 1585628809.428066, "device_queued": -1, "device_end": -1, "host_queued_end": 1585628809.479304}, "device": "cpu", "nd_range": {"device_start": 2296583.810404114, "device_end": 2296583.829816216}, "cmdq": 2, "read": {"device_start": -1, "device_end": -1}}, "FFC_sans_bias81": {"write": {"device_start": -1, "host_queued_start": 1585628809.425927, "device_queued": -1, "device_end": -1, "host_queued_end": 1585628809.479304}, "device": "cpu", "nd_range": {"device_start": 2296583.7630879893, "device_end": 2296583.780978009}, "cmdq": 0, "read": {"device_start": -1, "device_end": -1}}, "FFC_sans_bias88": {"write": {"device_start": -1, "host_queued_start": 1585628809.474235, "device_queued": -1, "device_end": -1, "host_queued_end": 1585628809.479304}, "device": "cpu", "nd_range": {"device_start": 2296584.049011533, "device_end": 2296584.064415323}, "cmdq": 0, "read": {"device_start": -1, "device_end": -1}}, "coalesced_transpose30": {"write": {"device_start": -1, "host_queued_start": 1585628809.445559, "device_queued": -1, "device_end": -1, "host_queued_end": 1585628809.479304}, "device": "cpu", "nd_range": {"device_start": 2296583.840326486, "device_end": 2296583.840590837}, "cmdq": 0, "read": {"device_start": -1, "device_end": -1}}, "FFC_sans_bias128": {"write": {"device_start": -1, "host_queued_start": 1585628809.442, "device_queued": -1, "device_end": -1, "host_queued_end": 1585628809.479304}, "device": "cpu", "nd_range": {"device_start": 2296583.8292467943, "device_end": 2296583.839821171}, "cmdq": 0, "read": {"device_start": -1, "device_end": -1}}, "coalesced_transpose39": {"write": {"device_start": -1, "host_queued_start": 1585628809.445931, "device_queued": -1, "device_end": -1, "host_queued_end": 1585628809.479304}, "device": "cpu", "nd_range": {"device_start": 2296583.8766706022, "device_end": 2296583.876933652}, "cmdq": 1, "read": {"device_start": -1, "device_end": -1}}, "FFC_sans_bias79": {"write": {"device_start": -1, "host_queued_start": 1585628809.473232, "device_queued": -1, "device_end": -1, "host_queued_end": 1585628809.479304}, "device": "cpu", "nd_range": {"device_start": 2296584.100243782, "device_end": 2296584.105735095}, "cmdq": 2, "read": {"device_start": -1, "device_end": -1}}, "FFC_sans_bias78": {"write": {"device_start": -1, "host_queued_start": 1585628809.461962, "device_queued": -1, "device_end": -1, "host_queued_end": 1585628809.479304}, "device": "cpu", "nd_range": {"device_start": 2296584.015391782, "device_end": 2296584.030633266}, "cmdq": 2, "read": {"device_start": -1, "device_end": -1}}, "FFC_sans_bias73": {"write": {"device_start": -1, "host_queued_start": 1585628809.423794, "device_queued": -1, "device_end": -1, "host_queued_end": 1585628809.479304}, "device": "cpu", "nd_range": {"device_start": 2296583.7796868063, "device_end": 2296583.7904670383}, "cmdq": 1, "read": {"device_start": -1, "device_end": -1}}, "FFC_sans_bias72": {"write": {"device_start": -1, "host_queued_start": 1585628809.422732, "device_queued": -1, "device_end": -1, "host_queued_end": 1585628809.479304}, "device": "cpu", "nd_range": {"device_start": 2296583.7533654803, "device_end": 2296583.762973768}, "cmdq": 0, "read": {"device_start": -1, "device_end": -1}}, "FFC_sans_bias70": {"write": {"device_start": -1, "host_queued_start": 1585628809.472235, "device_queued": -1, "device_end": -1, "host_queued_end": 1585628809.479304}, "device": "cpu", "nd_range": {"device_start": 2296584.071871159, "device_end": 2296584.0813881643}, "cmdq": 1, "read": {"device_start": -1, "device_end": -1}}, "FFC_sans_bias76": {"write": {"device_start": -1, "host_queued_start": 1585628809.452536, "device_queued": -1, "device_end": -1, "host_queued_end": 1585628809.479304}, "device": "cpu", "nd_range": {"device_start": 2296583.937802729, "device_end": 2296583.953117689}, "cmdq": 2, "read": {"device_start": -1, "device_end": -1}}, "FFC_sans_bias74": {"write": {"device_start": -1, "host_queued_start": 1585628809.424861, "device_queued": -1, "device_end": -1, "host_queued_end": 1585628809.479304}, "device": "cpu", "nd_range": {"device_start": 2296583.7949765273, "device_end": 2296583.802625656}, "cmdq": 2, "read": {"device_start": -1, "device_end": -1}}, "coalesced_transpose102": {"write": {"device_start": -1, "host_queued_start": 1585628809.448363, "device_queued": -1, "device_end": -1, "host_queued_end": 1585628809.479304}, "device": "cpu", "nd_range": {"device_start": 2296583.9067941853, "device_end": 2296583.907061025}, "cmdq": 2, "read": {"device_start": -1, "device_end": -1}}, "coalesced_transpose3": {"write": {"device_start": -1, "host_queued_start": 1585628809.444525, "device_queued": -1, "device_end": -1, "host_queued_end": 1585628809.479304}, "device": "cpu", "nd_range": {"device_start": 2296583.839944194, "device_end": 2296583.840214433}, "cmdq": 0, "read": {"device_start": -1, "device_end": -1}}, "FFC_sans_bias127": {"write": {"device_start": -1, "host_queued_start": 1585628809.44417, "device_queued": -1, "device_end": -1, "host_queued_end": 1585628809.479304}, "device": "cpu", "nd_range": {"device_start": 2296583.890692682, "device_end": 2296583.9059716733}, "cmdq": 2, "read": {"device_start": -1, "device_end": -1}}, "empty89": {"write": {"device_start": -1, "host_queued_start": 1585628809.391811, "device_queued": -1, "device_end": -1, "host_queued_end": 1585628809.479304}, "device": "cpu", "nd_range": {"device_start": 2296583.669058733, "device_end": 2296583.669059427}, "cmdq": 0, "read": {"device_start": -1, "device_end": -1}}, "FFC_sans_bias123": {"write": {"device_start": -1, "host_queued_start": 1585628809.463749, "device_queued": -1, "device_end": -1, "host_queued_end": 1585628809.479304}, "device": "cpu", "nd_range": {"device_start": 2296584.023955815, "device_end": 2296584.040286087}, "cmdq": 1, "read": {"device_start": -1, "device_end": -1}}, "empty80": {"write": {"device_start": -1, "host_queued_start": 1585628809.390998, "device_queued": -1, "device_end": -1, "host_queued_end": 1585628809.479304}, "device": "cpu", "nd_range": {"device_start": 2296583.669015853, "device_end": 2296583.6690164274}, "cmdq": 2, "read": {"device_start": -1, "device_end": -1}}, "empty116": {"write": {"device_start": -1, "host_queued_start": 1585628809.394254, "device_queued": -1, "device_end": -1, "host_queued_end": 1585628809.479304}, "device": "cpu", "nd_range": {"device_start": 2296583.669063858, "device_end": 2296583.669064411}, "cmdq": 0, "read": {"device_start": -1, "device_end": -1}}, "softmax104": {"write": {"device_start": -1, "host_queued_start": 1585628809.457983, "device_queued": -1, "device_end": -1, "host_queued_end": 1585628809.479304}, "device": "cpu", "nd_range": {"device_start": 2296583.9843523502, "device_end": 2296583.9845635323}, "cmdq": 2, "read": {"device_start": -1, "device_end": -1}}, "coalesced_transpose21": {"write": {"device_start": -1, "host_queued_start": 1585628809.445207, "device_queued": -1, "device_end": -1, "host_queued_end": 1585628809.479304}, "device": "cpu", "nd_range": {"device_start": 2296583.905978214, "device_end": 2296583.906237598}, "cmdq": 2, "read": {"device_start": -1, "device_end": -1}}, "softmax14": {"write": {"device_start": -1, "host_queued_start": 1585628809.455204, "device_queued": -1, "device_end": -1, "host_queued_end": 1585628809.479304}, "device": "cpu", "nd_range": {"device_start": 2296583.958792585, "device_end": 2296583.959009839}, "cmdq": 1, "read": {"device_start": -1, "device_end": -1}}, "FFC_sans_bias69": {"write": {"device_start": -1, "host_queued_start": 1585628809.461614, "device_queued": -1, "device_end": -1, "host_queued_end": 1585628809.479304}, "device": "cpu", "nd_range": {"device_start": 2296583.991650396, "device_end": 2296584.007925513}, "cmdq": 1, "read": {"device_start": -1, "device_end": -1}}, "FFC_sans_bias92": {"write": {"device_start": -1, "host_queued_start": 1585628809.431241, "device_queued": -1, "device_end": -1, "host_queued_end": 1585628809.479304}, "device": "cpu", "nd_range": {"device_start": 2296583.82982767, "device_end": 2296583.842925826}, "cmdq": 2, "read": {"device_start": -1, "device_end": -1}}, "FFC_sans_bias60": {"write": {"device_start": -1, "host_queued_start": 1585628809.461262, "device_queued": -1, "device_end": -1, "host_queued_end": 1585628809.479304}, "device": "cpu", "nd_range": {"device_start": 2296583.9548903382, "device_end": 2296583.9707903913}, "cmdq": 0, "read": {"device_start": -1, "device_end": -1}}, "FFC_sans_bias61": {"write": {"device_start": -1, "host_queued_start": 1585628809.471236, "device_queued": -1, "device_end": -1, "host_queued_end": 1585628809.479304}, "device": "cpu", "nd_range": {"device_start": 2296584.033559423, "device_end": 2296584.049005728}, "cmdq": 0, "read": {"device_start": -1, "device_end": -1}}, "FFC_sans_bias63": {"write": {"device_start": -1, "host_queued_start": 1585628809.421646, "device_queued": -1, "device_end": -1, "host_queued_end": 1585628809.479304}, "device": "cpu", "nd_range": {"device_start": 2296583.7834042073, "device_end": 2296583.7937305393}, "cmdq": 2, "read": {"device_start": -1, "device_end": -1}}, "FFC_sans_bias64": {"write": {"device_start": -1, "host_queued_start": 1585628809.419519, "device_queued": -1, "device_end": -1, "host_queued_end": 1585628809.479304}, "device": "cpu", "nd_range": {"device_start": 2296583.740815813, "device_end": 2296583.7532462743}, "cmdq": 0, "read": {"device_start": -1, "device_end": -1}}, "FFC_sans_bias65": {"write": {"device_start": -1, "host_queued_start": 1585628809.420589, "device_queued": -1, "device_end": -1, "host_queued_end": 1585628809.479304}, "device": "cpu", "nd_range": {"device_start": 2296583.7697965163, "device_end": 2296583.779563217}, "cmdq": 1, "read": {"device_start": -1, "device_end": -1}}, "FFC_sans_bias67": {"write": {"device_start": -1, "host_queued_start": 1585628809.452146, "device_queued": -1, "device_end": -1, "host_queued_end": 1585628809.479304}, "device": "cpu", "nd_range": {"device_start": 2296583.910185254, "device_end": 2296583.926533829}, "cmdq": 1, "read": {"device_start": -1, "device_end": -1}}, "coalesced_transpose111": {"write": {"device_start": -1, "host_queued_start": 1585628809.448698, "device_queued": -1, "device_end": -1, "host_queued_end": 1585628809.479304}, "device": "cpu", "nd_range": {"device_start": 2296583.8490308723, "device_end": 2296583.849272732}, "cmdq": 0, "read": {"device_start": -1, "device_end": -1}}, "FFC_sans_bias133": {"write": {"device_start": -1, "host_queued_start": 1585628809.47926, "device_queued": -1, "device_end": -1, "host_queued_end": 1585628809.479304}, "device": "cpu", "nd_range": {"device_start": 2296584.111029214, "device_end": 2296584.1163243353}, "cmdq": 2, "read": {"device_start": -1, "device_end": -1}}, "FFC_sans_bias132": {"write": {"device_start": -1, "host_queued_start": 1585628809.464101, "device_queued": -1, "device_end": -1, "host_queued_end": 1585628809.479304}, "device": "cpu", "nd_range": {"device_start": 2296584.045874353, "device_end": 2296584.0610665833}, "cmdq": 2, "read": {"device_start": -1, "device_end": -1}}, "softmax68": {"write": {"device_start": -1, "host_queued_start": 1585628809.456871, "device_queued": -1, "device_end": -1, "host_queued_end": 1585628809.479304}, "device": "cpu", "nd_range": {"device_start": 2296583.959236823, "device_end": 2296583.959451356}, "cmdq": 1, "read": {"device_start": -1, "device_end": -1}}, "softmax131": {"write": {"device_start": -1, "host_queued_start": 1585628809.458824, "device_queued": -1, "device_end": -1, "host_queued_end": 1585628809.479304}, "device": "cpu", "nd_range": {"device_start": 2296583.984569009, "device_end": 2296583.984776156}, "cmdq": 2, "read": {"device_start": -1, "device_end": -1}}, "empty125": {"write": {"device_start": -1, "host_queued_start": 1585628809.395092, "device_queued": -1, "device_end": -1, "host_queued_end": 1585628809.479304}, "device": "cpu", "nd_range": {"device_start": 2296583.669026865, "device_end": 2296583.669027537}, "cmdq": 1, "read": {"device_start": -1, "device_end": -1}}, "empty35": {"write": {"device_start": -1, "host_queued_start": 1585628809.386914, "device_queued": -1, "device_end": -1, "host_queued_end": 1585628809.479304}, "device": "cpu", "nd_range": {"device_start": 2296583.669044896, "device_end": 2296583.669046568}, "cmdq": 0, "read": {"device_start": -1, "device_end": -1}}, "softmax86": {"write": {"device_start": -1, "host_queued_start": 1585628809.457432, "device_queued": -1, "device_end": -1, "host_queued_end": 1585628809.479304}, "device": "cpu", "nd_range": {"device_start": 2296583.9230089323, "device_end": 2296583.923219676}, "cmdq": 0, "read": {"device_start": -1, "device_end": -1}}, "FFC_sans_bias55": {"write": {"device_start": -1, "host_queued_start": 1585628809.418442, "device_queued": -1, "device_end": -1, "host_queued_end": 1585628809.479304}, "device": "cpu", "nd_range": {"device_start": 2296583.7679771883, "device_end": 2296583.775617519}, "cmdq": 2, "read": {"device_start": -1, "device_end": -1}}, "FFC_sans_bias54": {"write": {"device_start": -1, "host_queued_start": 1585628809.417387, "device_queued": -1, "device_end": -1, "host_queued_end": 1585628809.479304}, "device": "cpu", "nd_range": {"device_start": 2296583.759033616, "device_end": 2296583.769672314}, "cmdq": 1, "read": {"device_start": -1, "device_end": -1}}, "FFC_sans_bias56": {"write": {"device_start": -1, "host_queued_start": 1585628809.416328, "device_queued": -1, "device_end": -1, "host_queued_end": 1585628809.479304}, "device": "cpu", "nd_range": {"device_start": 2296583.73094755, "device_end": 2296583.7406956144}, "cmdq": 0, "read": {"device_start": -1, "device_end": -1}}, "FFC_sans_bias51": {"write": {"device_start": -1, "host_queued_start": 1585628809.460914, "device_queued": -1, "device_end": -1, "host_queued_end": 1585628809.479304}, "device": "cpu", "nd_range": {"device_start": 2296584.000112052, "device_end": 2296584.015385212}, "cmdq": 2, "read": {"device_start": -1, "device_end": -1}}, "FFC_sans_bias52": {"write": {"device_start": -1, "host_queued_start": 1585628809.470236, "device_queued": -1, "device_end": -1, "host_queued_end": 1585628809.479304}, "device": "cpu", "nd_range": {"device_start": 2296584.086658126, "device_end": 2296584.100232805}, "cmdq": 2, "read": {"device_start": -1, "device_end": -1}}, "FFC_sans_bias58": {"write": {"device_start": -1, "host_queued_start": 1585628809.451799, "device_queued": -1, "device_end": -1, "host_queued_end": 1585628809.479304}, "device": "cpu", "nd_range": {"device_start": 2296583.874264767, "device_end": 2296583.890160698}, "cmdq": 0, "read": {"device_start": -1, "device_end": -1}}, "FFC_sans_bias108": {"write": {"device_start": -1, "host_queued_start": 1585628809.435531, "device_queued": -1, "device_end": -1, "host_queued_end": 1585628809.479304}, "device": "cpu", "nd_range": {"device_start": 2296583.8070596373, "device_end": 2296583.819216905}, "cmdq": 0, "read": {"device_start": -1, "device_end": -1}}, "FFC_sans_bias109": {"write": {"device_start": -1, "host_queued_start": 1585628809.436614, "device_queued": -1, "device_end": -1, "host_queued_end": 1585628809.479304}, "device": "cpu", "nd_range": {"device_start": 2296583.830335792, "device_end": 2296583.8454706273}, "cmdq": 1, "read": {"device_start": -1, "device_end": -1}}, "coalesced_transpose129": {"write": {"device_start": -1, "host_queued_start": 1585628809.449368, "device_queued": -1, "device_end": -1, "host_queued_end": 1585628809.479304}, "device": "cpu", "nd_range": {"device_start": 2296583.907066693, "device_end": 2296583.90730994}, "cmdq": 2, "read": {"device_start": -1, "device_end": -1}}, "FFC_sans_bias103": {"write": {"device_start": -1, "host_queued_start": 1585628809.453586, "device_queued": -1, "device_end": -1, "host_queued_end": 1585628809.479304}, "device": "cpu", "nd_range": {"device_start": 2296583.953123109, "device_end": 2296583.968473424}, "cmdq": 2, "read": {"device_start": -1, "device_end": -1}}, "FFC_sans_bias100": {"write": {"device_start": -1, "host_queued_start": 1585628809.433408, "device_queued": -1, "device_end": -1, "host_queued_end": 1585628809.479304}, "device": "cpu", "nd_range": {"device_start": 2296583.814356528, "device_end": 2296583.830210065}, "cmdq": 1, "read": {"device_start": -1, "device_end": -1}}, "FFC_sans_bias101": {"write": {"device_start": -1, "host_queued_start": 1585628809.434469, "device_queued": -1, "device_end": -1, "host_queued_end": 1585628809.479304}, "device": "cpu", "nd_range": {"device_start": 2296583.842933339, "device_end": 2296583.8603012073}, "cmdq": 2, "read": {"device_start": -1, "device_end": -1}}, "FFC_sans_bias106": {"write": {"device_start": -1, "host_queued_start": 1585628809.476254, "device_queued": -1, "device_end": -1, "host_queued_end": 1585628809.479304}, "device": "cpu", "nd_range": {"device_start": 2296584.1057494353, "device_end": 2296584.11100846}, "cmdq": 2, "read": {"device_start": -1, "device_end": -1}}, "softmax122": {"write": {"device_start": -1, "host_queued_start": 1585628809.458533, "device_queued": -1, "device_end": -1, "host_queued_end": 1585628809.479304}, "device": "cpu", "nd_range": {"device_start": 2296583.959672337, "device_end": 2296583.959883021}, "cmdq": 1, "read": {"device_start": -1, "device_end": -1}}, "FFC_sans_bias105": {"write": {"device_start": -1, "host_queued_start": 1585628809.463019, "device_queued": -1, "device_end": -1, "host_queued_end": 1585628809.479304}, "device": "cpu", "nd_range": {"device_start": 2296584.030639577, "device_end": 2296584.0458681784}, "cmdq": 2, "read": {"device_start": -1, "device_end": -1}}, "softmax95": {"write": {"device_start": -1, "host_queued_start": 1585628809.457707, "device_queued": -1, "device_end": -1, "host_queued_end": 1585628809.479304}, "device": "cpu", "nd_range": {"device_start": 2296583.959456899, "device_end": 2296583.959667723}, "cmdq": 1, "read": {"device_start": -1, "device_end": -1}}, "coalesced_transpose57": {"write": {"device_start": -1, "host_queued_start": 1585628809.446688, "device_queued": -1, "device_end": -1, "host_queued_end": 1585628809.479304}, "device": "cpu", "nd_range": {"device_start": 2296583.8407037794, "device_end": 2296583.840965717}, "cmdq": 0, "read": {"device_start": -1, "device_end": -1}}, "empty26": {"write": {"device_start": -1, "host_queued_start": 1585628809.386035, "device_queued": -1, "device_end": -1, "host_queued_end": 1585628809.479304}, "device": "cpu", "nd_range": {"device_start": 2296583.6689701322, "device_end": 2296583.6689830744}, "cmdq": 2, "read": {"device_start": -1, "device_end": -1}}, "softmax113": {"write": {"device_start": -1, "host_queued_start": 1585628809.458259, "device_queued": -1, "device_end": -1, "host_queued_end": 1585628809.479304}, "device": "cpu", "nd_range": {"device_start": 2296583.923323852, "device_end": 2296583.9235301833}, "cmdq": 0, "read": {"device_start": -1, "device_end": -1}}, "FFC_sans_bias11": {"write": {"device_start": -1, "host_queued_start": 1585628809.402394, "device_queued": -1, "device_end": -1, "host_queued_end": 1585628809.479304}, "device": "cpu", "nd_range": {"device_start": 2296583.683881756, "device_end": 2296583.7003960703}, "cmdq": 2, "read": {"device_start": -1, "device_end": -1}}, "FFC_sans_bias42": {"write": {"device_start": -1, "host_queued_start": 1585628809.460566, "device_queued": -1, "device_end": -1, "host_queued_end": 1585628809.479304}, "device": "cpu", "nd_range": {"device_start": 2296583.976338617, "device_end": 2296583.9916438283}, "cmdq": 1, "read": {"device_start": -1, "device_end": -1}}, "FFC_sans_bias43": {"write": {"device_start": -1, "host_queued_start": 1585628809.469196, "device_queued": -1, "device_end": -1, "host_queued_end": 1585628809.479304}, "device": "cpu", "nd_range": {"device_start": 2296584.0564910984, "device_end": 2296584.071863016}, "cmdq": 1, "read": {"device_start": -1, "device_end": -1}}, "FFC_sans_bias40": {"write": {"device_start": -1, "host_queued_start": 1585628809.451107, "device_queued": -1, "device_end": -1, "host_queued_end": 1585628809.479304}, "device": "cpu", "nd_range": {"device_start": 2296583.8930048402, "device_end": 2296583.910176694}, "cmdq": 1, "read": {"device_start": -1, "device_end": -1}}, "FFC_sans_bias46": {"write": {"device_start": -1, "host_queued_start": 1585628809.41418, "device_queued": -1, "device_end": -1, "host_queued_end": 1585628809.479304}, "device": "cpu", "nd_range": {"device_start": 2296583.744821695, "device_end": 2296583.758912148}, "cmdq": 1, "read": {"device_start": -1, "device_end": -1}}, "FFC_sans_bias47": {"write": {"device_start": -1, "host_queued_start": 1585628809.41526, "device_queued": -1, "device_end": -1, "host_queued_end": 1585628809.479304}, "device": "cpu", "nd_range": {"device_start": 2296583.750197798, "device_end": 2296583.7590064993}, "cmdq": 2, "read": {"device_start": -1, "device_end": -1}}, "FFC_sans_bias45": {"write": {"device_start": -1, "host_queued_start": 1585628809.41312, "device_queued": -1, "device_end": -1, "host_queued_end": 1585628809.479304}, "device": "cpu", "nd_range": {"device_start": 2296583.723225019, "device_end": 2296583.730832923}, "cmdq": 0, "read": {"device_start": -1, "device_end": -1}}, "FFC_sans_bias49": {"write": {"device_start": -1, "host_queued_start": 1585628809.451454, "device_queued": -1, "device_end": -1, "host_queued_end": 1585628809.479304}, "device": "cpu", "nd_range": {"device_start": 2296583.922614218, "device_end": 2296583.937796337}, "cmdq": 2, "read": {"device_start": -1, "device_end": -1}}, "softmax77": {"write": {"device_start": -1, "host_queued_start": 1585628809.457149, "device_queued": -1, "device_end": -1, "host_queued_end": 1585628809.479304}, "device": "cpu", "nd_range": {"device_start": 2296583.984133454, "device_end": 2296583.98434793}, "cmdq": 2, "read": {"device_start": -1, "device_end": -1}}, "empty134": {"write": {"device_start": -1, "host_queued_start": 1585628809.395908, "device_queued": -1, "device_end": -1, "host_queued_end": 1585628809.479304}, "device": "cpu", "nd_range": {"device_start": 2296583.669027746, "device_end": 2296583.669028465}, "cmdq": 2, "read": {"device_start": -1, "device_end": -1}}, "FFC_sans_bias119": {"write": {"device_start": -1, "host_queued_start": 1585628809.440936, "device_queued": -1, "device_end": -1, "host_queued_end": 1585628809.479304}, "device": "cpu", "nd_range": {"device_start": 2296583.875440205, "device_end": 2296583.89068586}, "cmdq": 2, "read": {"device_start": -1, "device_end": -1}}, "FFC_sans_bias118": {"write": {"device_start": -1, "host_queued_start": 1585628809.439838, "device_queued": -1, "device_end": -1, "host_queued_end": 1585628809.479304}, "device": "cpu", "nd_range": {"device_start": 2296583.845598107, "device_end": 2296583.8602476753}, "cmdq": 1, "read": {"device_start": -1, "device_end": -1}}, "FFC_sans_bias115": {"write": {"device_start": -1, "host_queued_start": 1585628809.477267, "device_queued": -1, "device_end": -1, "host_queued_end": 1585628809.479304}, "device": "cpu", "nd_range": {"device_start": 2296584.0644209404, "device_end": 2296584.0796149313}, "cmdq": 0, "read": {"device_start": -1, "device_end": -1}}, "FFC_sans_bias114": {"write": {"device_start": -1, "host_queued_start": 1585628809.463369, "device_queued": -1, "device_end": -1, "host_queued_end": 1585628809.479304}, "device": "cpu", "nd_range": {"device_start": 2296583.987064855, "device_end": 2296584.002572923}, "cmdq": 0, "read": {"device_start": -1, "device_end": -1}}, "FFC_sans_bias117": {"write": {"device_start": -1, "host_queued_start": 1585628809.43878, "device_queued": -1, "device_end": -1, "host_queued_end": 1585628809.479304}, "device": "cpu", "nd_range": {"device_start": 2296583.8193371342, "device_end": 2296583.829126125}, "cmdq": 0, "read": {"device_start": -1, "device_end": -1}}, "softmax5": {"write": {"device_start": -1, "host_queued_start": 1585628809.454924, "device_queued": -1, "device_end": -1, "host_queued_end": 1585628809.479304}, "device": "cpu", "nd_range": {"device_start": 2296583.9218829423, "device_end": 2296583.9221115443}, "cmdq": 0, "read": {"device_start": -1, "device_end": -1}}, "FFC_sans_bias110": {"write": {"device_start": -1, "host_queued_start": 1585628809.437686, "device_queued": -1, "device_end": -1, "host_queued_end": 1585628809.479304}, "device": "cpu", "nd_range": {"device_start": 2296583.8603073033, "device_end": 2296583.8754337584}, "cmdq": 2, "read": {"device_start": -1, "device_end": -1}}, "FFC_sans_bias112": {"write": {"device_start": -1, "host_queued_start": 1585628809.453936, "device_queued": -1, "device_end": -1, "host_queued_end": 1585628809.479304}, "device": "cpu", "nd_range": {"device_start": 2296583.905844916, "device_end": 2296583.9217679873}, "cmdq": 0, "read": {"device_start": -1, "device_end": -1}}, "empty53": {"write": {"device_start": -1, "host_queued_start": 1585628809.388534, "device_queued": -1, "device_end": -1, "host_queued_end": 1585628809.479304}, "device": "cpu", "nd_range": {"device_start": 2296583.6690083724, "device_end": 2296583.669009611}, "cmdq": 2, "read": {"device_start": -1, "device_end": -1}}, "coalesced_transpose48": {"write": {"device_start": -1, "host_queued_start": 1585628809.446313, "device_queued": -1, "device_end": -1, "host_queued_end": 1585628809.479304}, "device": "cpu", "nd_range": {"device_start": 2296583.9062430994, "device_end": 2296583.906514071}, "cmdq": 2, "read": {"device_start": -1, "device_end": -1}}}