{"FFC_sans_bias4": {"write": {"device_start": -1, "host_queued_start": 1585628644.417926, "device_queued": -1, "device_end": -1, "host_queued_end": 1585628644.433421}, "device": "cpu", "nd_range": {"device_start": 2296418.769523505, "device_end": 2296418.785951281}, "cmdq": 0, "read": {"device_start": -1, "device_end": -1}}, "FFC_sans_bias7": {"write": {"device_start": -1, "host_queued_start": 1585628644.426432, "device_queued": -1, "device_end": -1, "host_queued_end": 1585628644.433421}, "device": "cpu", "nd_range": {"device_start": 2296418.8185197953, "device_end": 2296418.8338743374}, "cmdq": 4, "read": {"device_start": -1, "device_end": -1}}, "FFC_sans_bias6": {"write": {"device_start": -1, "host_queued_start": 1585628644.422942, "device_queued": -1, "device_end": -1, "host_queued_end": 1585628644.433421}, "device": "cpu", "nd_range": {"device_start": 2296418.789316046, "device_end": 2296418.797922749}, "cmdq": 1, "read": {"device_start": -1, "device_end": -1}}, "FFC_sans_bias1": {"write": {"device_start": -1, "host_queued_start": 1585628644.390477, "device_queued": -1, "device_end": -1, "host_queued_end": 1585628644.433421}, "device": "cpu", "nd_range": {"device_start": 2296418.638366851, "device_end": 2296418.653366363}, "cmdq": 4, "read": {"device_start": -1, "device_end": -1}}, "FFC_sans_bias0": {"write": {"device_start": -1, "host_queued_start": 1585628644.389387, "device_queued": -1, "device_end": -1, "host_queued_end": 1585628644.433421}, "device": "cpu", "nd_range": {"device_start": 2296418.668466047, "device_end": 2296418.683580996}, "cmdq": 3, "read": {"device_start": -1, "device_end": -1}}, "FFC_sans_bias2": {"write": {"device_start": -1, "host_queued_start": 1585628644.391589, "device_queued": -1, "device_end": -1, "host_queued_end": 1585628644.433421}, "device": "cpu", "nd_range": {"device_start": 2296418.6230875333, "device_end": 2296418.638345073}, "cmdq": 0, "read": {"device_start": -1, "device_end": -1}}, "coalesced_transpose120": {"write": {"device_start": -1, "host_queued_start": 1585628644.365518, "device_queued": -1, "device_end": -1, "host_queued_end": 1585628644.379628}, "device": "gpu", "nd_range": {"device_start": 1585628577.8114674, "device_end": 1585628577.8114903}, "cmdq": 1, "read": {"device_start": -1, "device_end": -1}}, "FFC_sans_bias9": {"write": {"device_start": -1, "host_queued_start": 1585628644.392688, "device_queued": -1, "device_end": -1, "host_queued_end": 1585628644.433421}, "device": "cpu", "nd_range": {"device_start": 2296418.6230870043, "device_end": 2296418.6386519233}, "cmdq": 1, "read": {"device_start": -1, "device_end": -1}}, "empty71": {"write": {"device_start": -1, "host_queued_start": 1585628644.388356, "device_queued": -1, "device_end": -1, "host_queued_end": 1585628644.433421}, "device": "cpu", "nd_range": {"device_start": 2296418.623115934, "device_end": 2296418.623117382}, "cmdq": 2, "read": {"device_start": -1, "device_end": -1}}, "softmax41": {"write": {"device_start": -1, "host_queued_start": 1585628644.421753, "device_queued": -1, "device_end": -1, "host_queued_end": 1585628644.433421}, "device": "cpu", "nd_range": {"device_start": 2296418.80156415, "device_end": 2296418.80178388}, "cmdq": 2, "read": {"device_start": -1, "device_end": -1}}, "FFC_sans_bias37": {"write": {"device_start": -1, "host_queued_start": 1585628644.404202, "device_queued": -1, "device_end": -1, "host_queued_end": 1585628644.433421}, "device": "cpu", "nd_range": {"device_start": 2296418.6538094142, "device_end": 2296418.66873446}, "cmdq": 1, "read": {"device_start": -1, "device_end": -1}}, "FFC_sans_bias36": {"write": {"device_start": -1, "host_queued_start": 1585628644.403143, "device_queued": -1, "device_end": -1, "host_queued_end": 1585628644.433421}, "device": "cpu", "nd_range": {"device_start": 2296418.6694250363, "device_end": 2296418.684434582}, "cmdq": 0, "read": {"device_start": -1, "device_end": -1}}, "FFC_sans_bias34": {"write": {"device_start": -1, "host_queued_start": 1585628644.429415, "device_queued": -1, "device_end": -1, "host_queued_end": 1585628644.433421}, "device": "cpu", "nd_range": {"device_start": 2296418.8296712763, "device_end": 2296418.8448862513}, "cmdq": 2, "read": {"device_start": -1, "device_end": -1}}, "FFC_sans_bias33": {"write": {"device_start": -1, "host_queued_start": 1585628644.423973, "device_queued": -1, "device_end": -1, "host_queued_end": 1585628644.433421}, "device": "cpu", "nd_range": {"device_start": 2296418.7853279943, "device_end": 2296418.8185112863}, "cmdq": 4, "read": {"device_start": -1, "device_end": -1}}, "FFC_sans_bias31": {"write": {"device_start": -1, "host_queued_start": 1585628644.418977, "device_queued": -1, "device_end": -1, "host_queued_end": 1585628644.433421}, "device": "cpu", "nd_range": {"device_start": 2296418.745020124, "device_end": 2296418.7603296502}, "cmdq": 3, "read": {"device_start": -1, "device_end": -1}}, "FFC_sans_bias38": {"write": {"device_start": -1, "host_queued_start": 1585628644.405261, "device_queued": -1, "device_end": -1, "host_queued_end": 1585628644.433421}, "device": "cpu", "nd_range": {"device_start": 2296418.738488878, "device_end": 2296418.7536178543}, "cmdq": 2, "read": {"device_start": -1, "device_end": -1}}, "coalesced_transpose75": {"write": {"device_start": -1, "host_queued_start": 1585628644.363988, "device_queued": -1, "device_end": -1, "host_queued_end": 1585628644.379628}, "device": "gpu", "nd_range": {"device_start": 1585628577.8101017, "device_end": 1585628577.8114448}, "cmdq": 0, "read": {"device_start": -1, "device_end": -1}}, "empty44": {"write": {"device_start": -1, "host_queued_start": 1585628644.385663, "device_queued": -1, "device_end": -1, "host_queued_end": 1585628644.433421}, "device": "cpu", "nd_range": {"device_start": 2296418.638316379, "device_end": 2296418.63832757}, "cmdq": 4, "read": {"device_start": -1, "device_end": -1}}, "empty8": {"write": {"device_start": -1, "host_queued_start": 1585628644.38125, "device_queued": -1, "device_end": -1, "host_queued_end": 1585628644.433421}, "device": "cpu", "nd_range": {"device_start": 2296418.623045138, "device_end": 2296418.623057226}, "cmdq": 0, "read": {"device_start": -1, "device_end": -1}}, "softmax50": {"write": {"device_start": -1, "host_queued_start": 1585628644.422025, "device_queued": -1, "device_end": -1, "host_queued_end": 1585628644.433421}, "device": "cpu", "nd_range": {"device_start": 2296418.806267539, "device_end": 2296418.806684058}, "cmdq": 3, "read": {"device_start": -1, "device_end": -1}}, "softmax59": {"write": {"device_start": -1, "host_queued_start": 1585628644.4223, "device_queued": -1, "device_end": -1, "host_queued_end": 1585628644.433421}, "device": "cpu", "nd_range": {"device_start": 2296418.785167173, "device_end": 2296418.7853187663}, "cmdq": 4, "read": {"device_start": -1, "device_end": -1}}, "FFC_sans_bias24": {"write": {"device_start": -1, "host_queued_start": 1585628644.423629, "device_queued": -1, "device_end": -1, "host_queued_end": 1585628644.433421}, "device": "cpu", "nd_range": {"device_start": 2296418.8067981564, "device_end": 2296418.814840968}, "cmdq": 3, "read": {"device_start": -1, "device_end": -1}}, "FFC_sans_bias25": {"write": {"device_start": -1, "host_queued_start": 1585628644.428424, "device_queued": -1, "device_end": -1, "host_queued_end": 1585628644.433421}, "device": "cpu", "nd_range": {"device_start": 2296418.840295882, "device_end": 2296418.852394178}, "cmdq": 1, "read": {"device_start": -1, "device_end": -1}}, "FFC_sans_bias27": {"write": {"device_start": -1, "host_queued_start": 1585628644.399703, "device_queued": -1, "device_end": -1, "host_queued_end": 1585628644.433421}, "device": "cpu", "nd_range": {"device_start": 2296418.723153695, "device_end": 2296418.73836804}, "cmdq": 2, "read": {"device_start": -1, "device_end": -1}}, "FFC_sans_bias20": {"write": {"device_start": -1, "host_queued_start": 1585628644.398401, "device_queued": -1, "device_end": -1, "host_queued_end": 1585628644.433421}, "device": "cpu", "nd_range": {"device_start": 2296418.638670313, "device_end": 2296418.653790165}, "cmdq": 1, "read": {"device_start": -1, "device_end": -1}}, "FFC_sans_bias22": {"write": {"device_start": -1, "host_queued_start": 1585628644.418626, "device_queued": -1, "device_end": -1, "host_queued_end": 1585628644.433421}, "device": "cpu", "nd_range": {"device_start": 2296418.7698617033, "device_end": 2296418.786293541}, "cmdq": 2, "read": {"device_start": -1, "device_end": -1}}, "FFC_sans_bias130": {"write": {"device_start": -1, "host_queued_start": 1585628644.368062, "device_queued": -1, "device_end": -1, "host_queued_end": 1585628644.379628}, "device": "gpu", "nd_range": {"device_start": 1585628577.8125978, "device_end": 1585628577.8145716}, "cmdq": 1, "read": {"device_start": -1, "device_end": -1}}, "FFC_sans_bias28": {"write": {"device_start": -1, "host_queued_start": 1585628644.400857, "device_queued": -1, "device_end": -1, "host_queued_end": 1585628644.433421}, "device": "cpu", "nd_range": {"device_start": 2296418.69864227, "device_end": 2296418.713541403}, "cmdq": 3, "read": {"device_start": -1, "device_end": -1}}, "FFC_sans_bias29": {"write": {"device_start": -1, "host_queued_start": 1585628644.402048, "device_queued": -1, "device_end": -1, "host_queued_end": 1585628644.433421}, "device": "cpu", "nd_range": {"device_start": 2296418.7147505293, "device_end": 2296418.7298867772}, "cmdq": 4, "read": {"device_start": -1, "device_end": -1}}, "coalesced_transpose66": {"write": {"device_start": -1, "host_queued_start": 1585628644.417574, "device_queued": -1, "device_end": -1, "host_queued_end": 1585628644.433421}, "device": "cpu", "nd_range": {"device_start": 2296418.761188943, "device_end": 2296418.761424339}, "cmdq": 4, "read": {"device_start": -1, "device_end": -1}}, "coalesced_transpose93": {"write": {"device_start": -1, "host_queued_start": 1585628644.364605, "device_queued": -1, "device_end": -1, "host_queued_end": 1585628644.379628}, "device": "gpu", "nd_range": {"device_start": 1585628577.8110723, "device_end": 1585628577.8114705}, "cmdq": 2, "read": {"device_start": -1, "device_end": -1}}, "softmax23": {"write": {"device_start": -1, "host_queued_start": 1585628644.421201, "device_queued": -1, "device_end": -1, "host_queued_end": 1585628644.433421}, "device": "cpu", "nd_range": {"device_start": 2296418.803501015, "device_end": 2296418.806364233}, "cmdq": 0, "read": {"device_start": -1, "device_end": -1}}, "empty62": {"write": {"device_start": -1, "host_queued_start": 1585628644.387502, "device_queued": -1, "device_end": -1, "host_queued_end": 1585628644.433421}, "device": "cpu", "nd_range": {"device_start": 2296418.6230795, "device_end": 2296418.623080537}, "cmdq": 1, "read": {"device_start": -1, "device_end": -1}}, "FFC_sans_bias10": {"write": {"device_start": -1, "host_queued_start": 1585628644.393758, "device_queued": -1, "device_end": -1, "host_queued_end": 1585628644.433421}, "device": "cpu", "nd_range": {"device_start": 2296418.6231258693, "device_end": 2296418.638309535}, "cmdq": 2, "read": {"device_start": -1, "device_end": -1}}, "FFC_sans_bias13": {"write": {"device_start": -1, "host_queued_start": 1585628644.418274, "device_queued": -1, "device_end": -1, "host_queued_end": 1585628644.433421}, "device": "cpu", "nd_range": {"device_start": 2296418.760445765, "device_end": 2296418.775757233}, "cmdq": 1, "read": {"device_start": -1, "device_end": -1}}, "FFC_sans_bias15": {"write": {"device_start": -1, "host_queued_start": 1585628644.423286, "device_queued": -1, "device_end": -1, "host_queued_end": 1585628644.433421}, "device": "cpu", "nd_range": {"device_start": 2296418.8017907823, "device_end": 2296418.810418848}, "cmdq": 2, "read": {"device_start": -1, "device_end": -1}}, "FFC_sans_bias16": {"write": {"device_start": -1, "host_queued_start": 1585628644.42743, "device_queued": -1, "device_end": -1, "host_queued_end": 1585628644.433421}, "device": "cpu", "nd_range": {"device_start": 2296418.832873402, "device_end": 2296418.854207844}, "cmdq": 0, "read": {"device_start": -1, "device_end": -1}}, "FFC_sans_bias19": {"write": {"device_start": -1, "host_queued_start": 1585628644.397097, "device_queued": -1, "device_end": -1, "host_queued_end": 1585628644.433421}, "device": "cpu", "nd_range": {"device_start": 2296418.638355061, "device_end": 2296418.669416484}, "cmdq": 0, "read": {"device_start": -1, "device_end": -1}}, "FFC_sans_bias18": {"write": {"device_start": -1, "host_queued_start": 1585628644.396012, "device_queued": -1, "device_end": -1, "host_queued_end": 1585628644.433421}, "device": "cpu", "nd_range": {"device_start": 2296418.6533742393, "device_end": 2296418.66827276}, "cmdq": 4, "read": {"device_start": -1, "device_end": -1}}, "FFC_sans_bias99": {"write": {"device_start": 1585628577.8044205, "host_queued_start": 1585628644.352121, "device_queued": 1585628577.8024108, "device_end": 1585628577.804452, "host_queued_end": 1585628644.379628}, "device": "gpu", "nd_range": {"device_start": 1585628577.8044565, "device_end": 1585628577.806264}, "cmdq": 0, "read": {"device_start": -1, "device_end": -1}}, "FFC_sans_bias91": {"write": {"device_start": 1585628577.8034377, "host_queued_start": 1585628644.349998, "device_queued": 1585628577.8020608, "device_end": 1585628577.8034675, "host_queued_end": 1585628644.379628}, "device": "gpu", "nd_range": {"device_start": 1585628577.8034708, "device_end": 1585628577.805297}, "cmdq": 2, "read": {"device_start": -1, "device_end": -1}}, "FFC_sans_bias90": {"write": {"device_start": 1585628577.802999, "host_queued_start": 1585628644.348928, "device_queued": 1585628577.8018754, "device_end": 1585628577.8030298, "host_queued_end": 1585628644.379628}, "device": "gpu", "nd_range": {"device_start": 1585628577.8030355, "device_end": 1585628577.8048012}, "cmdq": 1, "read": {"device_start": -1, "device_end": -1}}, "coalesced_transpose12": {"write": {"device_start": -1, "host_queued_start": 1585628644.415457, "device_queued": -1, "device_end": -1, "host_queued_end": 1585628644.433421}, "device": "cpu", "nd_range": {"device_start": 2296418.7442861632, "device_end": 2296418.7445519622}, "cmdq": 3, "read": {"device_start": -1, "device_end": -1}}, "FFC_sans_bias94": {"write": {"device_start": -1, "host_queued_start": 1585628644.366788, "device_queued": -1, "device_end": -1, "host_queued_end": 1585628644.379628}, "device": "gpu", "nd_range": {"device_start": 1585628577.8115888, "device_end": 1585628577.812587}, "cmdq": 1, "read": {"device_start": -1, "device_end": -1}}, "FFC_sans_bias97": {"write": {"device_start": 1585628577.8192363, "host_queued_start": 1585628644.375217, "device_queued": 1585628577.80556, "device_end": 1585628577.8192682, "host_queued_end": 1585628644.379628}, "device": "gpu", "nd_range": {"device_start": 1585628577.819285, "device_end": 1585628577.8209984}, "cmdq": 2, "read": {"device_start": 1585628577.821004, "device_end": 1585628577.8210282}}, "FFC_sans_bias96": {"write": {"device_start": -1, "host_queued_start": 1585628644.370782, "device_queued": -1, "device_end": -1, "host_queued_end": 1585628644.379628}, "device": "gpu", "nd_range": {"device_start": 1585628577.8155904, "device_end": 1585628577.8165822}, "cmdq": 3, "read": {"device_start": -1, "device_end": -1}}, "FFC_sans_bias124": {"write": {"device_start": 1585628577.8202655, "host_queued_start": 1585628644.378453, "device_queued": 1585628577.8059556, "device_end": 1585628577.8202906, "host_queued_end": 1585628644.379628}, "device": "gpu", "nd_range": {"device_start": 1585628577.8203025, "device_end": 1585628577.8219674}, "cmdq": 1, "read": {"device_start": 1585628577.8219721, "device_end": 1585628577.821995}}, "FFC_sans_bias126": {"write": {"device_start": 1585628577.8092256, "host_queued_start": 1585628644.362612, "device_queued": 1585628577.8035226, "device_end": 1585628577.8092499, "host_queued_end": 1585628644.379628}, "device": "gpu", "nd_range": {"device_start": 1585628577.8092544, "device_end": 1585628577.8110707}, "cmdq": 2, "read": {"device_start": -1, "device_end": -1}}, "softmax32": {"write": {"device_start": -1, "host_queued_start": 1585628644.421479, "device_queued": -1, "device_end": -1, "host_queued_end": 1585628644.433421}, "device": "cpu", "nd_range": {"device_start": 2296418.784812043, "device_end": 2296418.785148806}, "cmdq": 1, "read": {"device_start": -1, "device_end": -1}}, "coalesced_transpose84": {"write": {"device_start": -1, "host_queued_start": 1585628644.364303, "device_queued": -1, "device_end": -1, "host_queued_end": 1585628644.379628}, "device": "gpu", "nd_range": {"device_start": 1585628577.8106208, "device_end": 1585628577.8114574}, "cmdq": 1, "read": {"device_start": -1, "device_end": -1}}, "FFC_sans_bias121": {"write": {"device_start": -1, "host_queued_start": 1585628644.367742, "device_queued": -1, "device_end": -1, "host_queued_end": 1585628644.379628}, "device": "gpu", "nd_range": {"device_start": 1585628577.8121974, "device_end": 1585628577.8135788}, "cmdq": 0, "read": {"device_start": -1, "device_end": -1}}, "empty98": {"write": {"device_start": 1585628577.80066, "host_queued_start": 1585628644.338019, "device_queued": 1585628577.8004804, "device_end": 1585628577.800715, "host_queued_end": 1585628644.379628}, "device": "gpu", "nd_range": {"device_start": 1585628577.8007262, "device_end": 1585628577.80073}, "cmdq": 2, "read": {"device_start": -1, "device_end": -1}}, "empty107": {"write": {"device_start": 1585628577.800759, "host_queued_start": 1585628644.338908, "device_queued": 1585628577.8005064, "device_end": 1585628577.8007865, "host_queued_end": 1585628644.379628}, "device": "gpu", "nd_range": {"device_start": 1585628577.8007965, "device_end": 1585628577.8008}, "cmdq": 3, "read": {"device_start": -1, "device_end": -1}}, "empty17": {"write": {"device_start": -1, "host_queued_start": 1585628644.382554, "device_queued": -1, "device_end": -1, "host_queued_end": 1585628644.433421}, "device": "cpu", "nd_range": {"device_start": 2296418.623045253, "device_end": 2296418.623057194}, "cmdq": 1, "read": {"device_start": -1, "device_end": -1}}, "FFC_sans_bias87": {"write": {"device_start": -1, "host_queued_start": 1585628644.370456, "device_queued": -1, "device_end": -1, "host_queued_end": 1585628644.379628}, "device": "gpu", "nd_range": {"device_start": 1585628577.815931, "device_end": 1585628577.8171668}, "cmdq": 2, "read": {"device_start": -1, "device_end": -1}}, "FFC_sans_bias85": {"write": {"device_start": -1, "host_queued_start": 1585628644.366464, "device_queued": -1, "device_end": -1, "host_queued_end": 1585628644.379628}, "device": "gpu", "nd_range": {"device_start": 1585628577.8115742, "device_end": 1585628577.8121877}, "cmdq": 0, "read": {"device_start": -1, "device_end": -1}}, "FFC_sans_bias82": {"write": {"device_start": 1585628577.8021455, "host_queued_start": 1585628644.346647, "device_queued": 1585628577.801595, "device_end": 1585628577.8021743, "host_queued_end": 1585628644.379628}, "device": "gpu", "nd_range": {"device_start": 1585628577.8021793, "device_end": 1585628577.803877}, "cmdq": 3, "read": {"device_start": -1, "device_end": -1}}, "FFC_sans_bias83": {"write": {"device_start": 1585628577.802461, "host_queued_start": 1585628644.347723, "device_queued": 1585628577.8018322, "device_end": 1585628577.8024907, "host_queued_end": 1585628644.379628}, "device": "gpu", "nd_range": {"device_start": 1585628577.8024964, "device_end": 1585628577.8043075}, "cmdq": 0, "read": {"device_start": -1, "device_end": -1}}, "FFC_sans_bias81": {"write": {"device_start": 1585628577.8016539, "host_queued_start": 1585628644.345572, "device_queued": 1585628577.8015738, "device_end": 1585628577.8016875, "host_queued_end": 1585628644.379628}, "device": "gpu", "nd_range": {"device_start": 1585628577.8017027, "device_end": 1585628577.8033125}, "cmdq": 2, "read": {"device_start": -1, "device_end": -1}}, "FFC_sans_bias88": {"write": {"device_start": 1585628577.8182783, "host_queued_start": 1585628644.374142, "device_queued": 1585628577.8054159, "device_end": 1585628577.818304, "host_queued_end": 1585628644.379628}, "device": "gpu", "nd_range": {"device_start": 1585628577.8183181, "device_end": 1585628577.8200364}, "cmdq": 1, "read": {"device_start": 1585628577.8200386, "device_end": 1585628577.8200636}}, "coalesced_transpose30": {"write": {"device_start": -1, "host_queued_start": 1585628644.416137, "device_queued": -1, "device_end": -1, "host_queued_end": 1585628644.433421}, "device": "cpu", "nd_range": {"device_start": 2296418.714499929, "device_end": 2296418.714743326}, "cmdq": 0, "read": {"device_start": -1, "device_end": -1}}, "FFC_sans_bias128": {"write": {"device_start": 1585628577.8087537, "host_queued_start": 1585628644.361556, "device_queued": 1585628577.8033843, "device_end": 1585628577.8087804, "host_queued_end": 1585628644.379628}, "device": "gpu", "nd_range": {"device_start": 1585628577.808786, "device_end": 1585628577.8106184}, "cmdq": 1, "read": {"device_start": -1, "device_end": -1}}, "coalesced_transpose39": {"write": {"device_start": -1, "host_queued_start": 1585628644.416468, "device_queued": -1, "device_end": -1, "host_queued_end": 1585628644.433421}, "device": "cpu", "nd_range": {"device_start": 2296418.7227838864, "device_end": 2296418.723038428}, "cmdq": 1, "read": {"device_start": -1, "device_end": -1}}, "FFC_sans_bias79": {"write": {"device_start": 1585628577.8177419, "host_queued_start": 1585628644.373078, "device_queued": 1585628577.805356, "device_end": 1585628577.8177693, "host_queued_end": 1585628644.379628}, "device": "gpu", "nd_range": {"device_start": 1585628577.8177898, "device_end": 1585628577.8195405}, "cmdq": 0, "read": {"device_start": 1585628577.8195438, "device_end": 1585628577.8195686}}, "FFC_sans_bias78": {"write": {"device_start": -1, "host_queued_start": 1585628644.370136, "device_queued": -1, "device_end": -1, "host_queued_end": 1585628644.379628}, "device": "gpu", "nd_range": {"device_start": 1585628577.8155775, "device_end": 1585628577.8161824}, "cmdq": 1, "read": {"device_start": -1, "device_end": -1}}, "FFC_sans_bias73": {"write": {"device_start": 1585628577.8014052, "host_queued_start": 1585628644.343478, "device_queued": 1585628577.8013253, "device_end": 1585628577.8014824, "host_queued_end": 1585628644.379628}, "device": "gpu", "nd_range": {"device_start": 1585628577.8014867, "device_end": 1585628577.80232}, "cmdq": 0, "read": {"device_start": -1, "device_end": -1}}, "FFC_sans_bias72": {"write": {"device_start": 1585628577.8012855, "host_queued_start": 1585628644.34237, "device_queued": 1585628577.801002, "device_end": 1585628577.8013113, "host_queued_end": 1585628644.379628}, "device": "gpu", "nd_range": {"device_start": 1585628577.801314, "device_end": 1585628577.8019273}, "cmdq": 3, "read": {"device_start": -1, "device_end": -1}}, "FFC_sans_bias70": {"write": {"device_start": -1, "host_queued_start": 1585628644.433377, "device_queued": -1, "device_end": -1, "host_queued_end": 1585628644.433421}, "device": "cpu", "nd_range": {"device_start": 2296418.8523987574, "device_end": 2296418.861930326}, "cmdq": 1, "read": {"device_start": -1, "device_end": -1}}, "FFC_sans_bias76": {"write": {"device_start": -1, "host_queued_start": 1585628644.366143, "device_queued": -1, "device_end": -1, "host_queued_end": 1585628644.379628}, "device": "gpu", "nd_range": {"device_start": 1585628577.8116174, "device_end": 1585628577.813173}, "cmdq": 3, "read": {"device_start": -1, "device_end": -1}}, "FFC_sans_bias74": {"write": {"device_start": 1585628577.8015008, "host_queued_start": 1585628644.344526, "device_queued": 1585628577.8013847, "device_end": 1585628577.8015282, "host_queued_end": 1585628644.379628}, "device": "gpu", "nd_range": {"device_start": 1585628577.8016853, "device_end": 1585628577.8029027}, "cmdq": 1, "read": {"device_start": -1, "device_end": -1}}, "coalesced_transpose102": {"write": {"device_start": -1, "host_queued_start": 1585628644.364911, "device_queued": -1, "device_end": -1, "host_queued_end": 1585628644.379628}, "device": "gpu", "nd_range": {"device_start": 1585628577.8115594, "device_end": 1585628577.811605}, "cmdq": 3, "read": {"device_start": -1, "device_end": -1}}, "coalesced_transpose3": {"write": {"device_start": -1, "host_queued_start": 1585628644.415115, "device_queued": -1, "device_end": -1, "host_queued_end": 1585628644.433421}, "device": "cpu", "nd_range": {"device_start": 2296418.769113059, "device_end": 2296418.769367277}, "cmdq": 2, "read": {"device_start": -1, "device_end": -1}}, "FFC_sans_bias127": {"write": {"device_start": 1585628577.8097475, "host_queued_start": 1585628644.363657, "device_queued": 1585628577.8035848, "device_end": 1585628577.8097727, "host_queued_end": 1585628644.379628}, "device": "gpu", "nd_range": {"device_start": 1585628577.8097775, "device_end": 1585628577.8115518}, "cmdq": 3, "read": {"device_start": -1, "device_end": -1}}, "empty89": {"write": {"device_start": 1585628577.8005688, "host_queued_start": 1585628644.337166, "device_queued": 1585628577.8004541, "device_end": 1585628577.8006423, "host_queued_end": 1585628644.379628}, "device": "gpu", "nd_range": {"device_start": 1585628577.8006473, "device_end": 1585628577.800654}, "cmdq": 1, "read": {"device_start": -1, "device_end": -1}}, "FFC_sans_bias123": {"write": {"device_start": -1, "host_queued_start": 1585628644.371737, "device_queued": -1, "device_end": -1, "host_queued_end": 1585628644.379628}, "device": "gpu", "nd_range": {"device_start": 1585628577.8171756, "device_end": 1585628577.8190985}, "cmdq": 2, "read": {"device_start": -1, "device_end": -1}}, "empty80": {"write": {"device_start": 1585628577.8004189, "host_queued_start": 1585628644.336124, "device_queued": 1585628577.8002968, "device_end": 1585628577.800447, "host_queued_end": 1585628644.379628}, "device": "gpu", "nd_range": {"device_start": 1585628577.8004575, "device_end": 1585628577.8004622}, "cmdq": 0, "read": {"device_start": -1, "device_end": -1}}, "empty116": {"write": {"device_start": 1585628577.8009624, "host_queued_start": 1585628644.339757, "device_queued": 1585628577.8008838, "device_end": 1585628577.801012, "host_queued_end": 1585628644.379628}, "device": "gpu", "nd_range": {"device_start": 1585628577.8010173, "device_end": 1585628577.8010209}, "cmdq": 0, "read": {"device_start": -1, "device_end": -1}}, "softmax104": {"write": {"device_start": -1, "host_queued_start": 1585628644.369069, "device_queued": -1, "device_end": -1, "host_queued_end": 1585628644.379628}, "device": "gpu", "nd_range": {"device_start": 1585628577.8145819, "device_end": 1585628577.8155687}, "cmdq": 1, "read": {"device_start": -1, "device_end": -1}}, "coalesced_transpose21": {"write": {"device_start": -1, "host_queued_start": 1585628644.415804, "device_queued": -1, "device_end": -1, "host_queued_end": 1585628644.433421}, "device": "cpu", "nd_range": {"device_start": 2296418.7608165434, "device_end": 2296418.7610736312}, "cmdq": 4, "read": {"device_start": -1, "device_end": -1}}, "softmax14": {"write": {"device_start": -1, "host_queued_start": 1585628644.420926, "device_queued": -1, "device_end": -1, "host_queued_end": 1585628644.433421}, "device": "cpu", "nd_range": {"device_start": 2296418.7768431613, "device_end": 2296418.777066629}, "cmdq": 4, "read": {"device_start": -1, "device_end": -1}}, "FFC_sans_bias69": {"write": {"device_start": -1, "host_queued_start": 1585628644.425386, "device_queued": -1, "device_end": -1, "host_queued_end": 1585628644.433421}, "device": "cpu", "nd_range": {"device_start": 2296418.8149539083, "device_end": 2296418.82460258}, "cmdq": 3, "read": {"device_start": -1, "device_end": -1}}, "FFC_sans_bias92": {"write": {"device_start": 1585628577.80406, "host_queued_start": 1585628644.351087, "device_queued": 1585628577.8020902, "device_end": 1585628577.8040905, "host_queued_end": 1585628644.379628}, "device": "gpu", "nd_range": {"device_start": 1585628577.804098, "device_end": 1585628577.8057635}, "cmdq": 3, "read": {"device_start": -1, "device_end": -1}}, "FFC_sans_bias60": {"write": {"device_start": -1, "host_queued_start": 1585628644.425008, "device_queued": -1, "device_end": -1, "host_queued_end": 1585628644.433421}, "device": "cpu", "nd_range": {"device_start": 2296418.810425987, "device_end": 2296418.829663327}, "cmdq": 2, "read": {"device_start": -1, "device_end": -1}}, "FFC_sans_bias61": {"write": {"device_start": -1, "host_queued_start": 1585628644.43239, "device_queued": -1, "device_end": -1, "host_queued_end": 1585628644.433421}, "device": "cpu", "nd_range": {"device_start": 2296418.8542136513, "device_end": 2296418.865211734}, "cmdq": 0, "read": {"device_start": -1, "device_end": -1}}, "FFC_sans_bias63": {"write": {"device_start": -1, "host_queued_start": 1585628644.414767, "device_queued": -1, "device_end": -1, "host_queued_end": 1585628644.433421}, "device": "cpu", "nd_range": {"device_start": 2296418.691621642, "device_end": 2296418.7226620982}, "cmdq": 1, "read": {"device_start": -1, "device_end": -1}}, "FFC_sans_bias64": {"write": {"device_start": -1, "host_queued_start": 1585628644.412671, "device_queued": -1, "device_end": -1, "host_queued_end": 1585628644.433421}, "device": "cpu", "nd_range": {"device_start": 2296418.745398803, "device_end": 2296418.760699726}, "cmdq": 4, "read": {"device_start": -1, "device_end": -1}}, "FFC_sans_bias65": {"write": {"device_start": -1, "host_queued_start": 1585628644.413722, "device_queued": -1, "device_end": -1, "host_queued_end": 1585628644.433421}, "device": "cpu", "nd_range": {"device_start": 2296418.699499853, "device_end": 2296418.714481267}, "cmdq": 0, "read": {"device_start": -1, "device_end": -1}}, "FFC_sans_bias67": {"write": {"device_start": -1, "host_queued_start": 1585628644.420363, "device_queued": -1, "device_end": -1, "host_queued_end": 1585628644.433421}, "device": "cpu", "nd_range": {"device_start": 2296418.786303174, "device_end": 2296418.801554841}, "cmdq": 2, "read": {"device_start": -1, "device_end": -1}}, "coalesced_transpose111": {"write": {"device_start": -1, "host_queued_start": 1585628644.365215, "device_queued": -1, "device_end": -1, "host_queued_end": 1585628644.379628}, "device": "gpu", "nd_range": {"device_start": 1585628577.811446, "device_end": 1585628577.8114765}, "cmdq": 0, "read": {"device_start": -1, "device_end": -1}}, "FFC_sans_bias133": {"write": {"device_start": 1585628577.8212276, "host_queued_start": 1585628644.379507, "device_queued": 1585628577.8060844, "device_end": 1585628577.8212576, "host_queued_end": 1585628644.379628}, "device": "gpu", "nd_range": {"device_start": 1585628577.8212652, "device_end": 1585628577.8224506}, "cmdq": 2, "read": {"device_start": 1585628577.822459, "device_end": 1585628577.8224823}}, "FFC_sans_bias132": {"write": {"device_start": -1, "host_queued_start": 1585628644.372056, "device_queued": -1, "device_end": -1, "host_queued_end": 1585628644.379628}, "device": "gpu", "nd_range": {"device_start": 1585628577.816592, "device_end": 1585628577.818574}, "cmdq": 3, "read": {"device_start": -1, "device_end": -1}}, "softmax68": {"write": {"device_start": -1, "host_queued_start": 1585628644.422593, "device_queued": -1, "device_end": -1, "host_queued_end": 1585628644.433421}, "device": "cpu", "nd_range": {"device_start": 2296418.806372413, "device_end": 2296418.806583227}, "cmdq": 0, "read": {"device_start": -1, "device_end": -1}}, "softmax131": {"write": {"device_start": -1, "host_queued_start": 1585628644.369826, "device_queued": -1, "device_end": -1, "host_queued_end": 1585628644.379628}, "device": "gpu", "nd_range": {"device_start": 1585628577.8155658, "device_end": 1585628577.8159564}, "cmdq": 0, "read": {"device_start": -1, "device_end": -1}}, "empty125": {"write": {"device_start": 1585628577.8010764, "host_queued_start": 1585628644.340572, "device_queued": 1585628577.8009436, "device_end": 1585628577.801151, "host_queued_end": 1585628644.379628}, "device": "gpu", "nd_range": {"device_start": 1585628577.801158, "device_end": 1585628577.801162}, "cmdq": 1, "read": {"device_start": -1, "device_end": -1}}, "empty35": {"write": {"device_start": -1, "host_queued_start": 1585628644.384648, "device_queued": -1, "device_end": -1, "host_queued_end": 1585628644.433421}, "device": "cpu", "nd_range": {"device_start": 2296418.668279821, "device_end": 2296418.668291721}, "cmdq": 3, "read": {"device_start": -1, "device_end": -1}}, "softmax86": {"write": {"device_start": -1, "host_queued_start": 1585628644.368573, "device_queued": -1, "device_end": -1, "host_queued_end": 1585628644.379628}, "device": "gpu", "nd_range": {"device_start": 1585628577.8151197, "device_end": 1585628577.8153348}, "cmdq": 3, "read": {"device_start": -1, "device_end": -1}}, "FFC_sans_bias55": {"write": {"device_start": -1, "host_queued_start": 1585628644.411623, "device_queued": -1, "device_end": -1, "host_queued_end": 1585628644.433421}, "device": "cpu", "nd_range": {"device_start": 2296418.7288716882, "device_end": 2296418.7441654783}, "cmdq": 3, "read": {"device_start": -1, "device_end": -1}}, "FFC_sans_bias54": {"write": {"device_start": -1, "host_queued_start": 1585628644.410567, "device_queued": -1, "device_end": -1, "host_queued_end": 1585628644.433421}, "device": "cpu", "nd_range": {"device_start": 2296418.75373572, "device_end": 2296418.768996313}, "cmdq": 2, "read": {"device_start": -1, "device_end": -1}}, "FFC_sans_bias56": {"write": {"device_start": -1, "host_queued_start": 1585628644.409517, "device_queued": -1, "device_end": -1, "host_queued_end": 1585628644.433421}, "device": "cpu", "nd_range": {"device_start": 2296418.668741819, "device_end": 2296418.691614931}, "cmdq": 1, "read": {"device_start": -1, "device_end": -1}}, "FFC_sans_bias51": {"write": {"device_start": -1, "host_queued_start": 1585628644.424664, "device_queued": -1, "device_end": -1, "host_queued_end": 1585628644.433421}, "device": "cpu", "nd_range": {"device_start": 2296418.824719441, "device_end": 2296418.840160991}, "cmdq": 1, "read": {"device_start": -1, "device_end": -1}}, "FFC_sans_bias52": {"write": {"device_start": -1, "host_queued_start": 1585628644.431403, "device_queued": -1, "device_end": -1, "host_queued_end": 1585628644.433421}, "device": "cpu", "nd_range": {"device_start": 2296418.844890269, "device_end": 2296418.860050448}, "cmdq": 4, "read": {"device_start": -1, "device_end": -1}}, "FFC_sans_bias58": {"write": {"device_start": -1, "host_queued_start": 1585628644.420014, "device_queued": -1, "device_end": -1, "host_queued_end": 1585628644.433421}, "device": "cpu", "nd_range": {"device_start": 2296418.77587987, "device_end": 2296418.78469424}, "cmdq": 1, "read": {"device_start": -1, "device_end": -1}}, "FFC_sans_bias108": {"write": {"device_start": 1585628577.8058705, "host_queued_start": 1585628644.355288, "device_queued": 1585628577.8026752, "device_end": 1585628577.8059034, "host_queued_end": 1585628644.379628}, "device": "gpu", "nd_range": {"device_start": 1585628577.8059108, "device_end": 1585628577.8077004}, "cmdq": 3, "read": {"device_start": -1, "device_end": -1}}, "FFC_sans_bias109": {"write": {"device_start": 1585628577.8063455, "host_queued_start": 1585628644.356339, "device_queued": 1585628577.8028836, "device_end": 1585628577.806373, "host_queued_end": 1585628644.379628}, "device": "gpu", "nd_range": {"device_start": 1585628577.8063817, "device_end": 1585628577.8081884}, "cmdq": 0, "read": {"device_start": -1, "device_end": -1}}, "coalesced_transpose129": {"write": {"device_start": -1, "host_queued_start": 1585628644.365824, "device_queued": -1, "device_end": -1, "host_queued_end": 1585628644.379628}, "device": "gpu", "nd_range": {"device_start": 1585628577.8116014, "device_end": 1585628577.812425}, "cmdq": 2, "read": {"device_start": -1, "device_end": -1}}, "FFC_sans_bias103": {"write": {"device_start": -1, "host_queued_start": 1585628644.367108, "device_queued": -1, "device_end": -1, "host_queued_end": 1585628644.379628}, "device": "gpu", "nd_range": {"device_start": 1585628577.8124356, "device_end": 1585628577.8141592}, "cmdq": 2, "read": {"device_start": -1, "device_end": -1}}, "FFC_sans_bias100": {"write": {"device_start": 1585628577.8048973, "host_queued_start": 1585628644.353158, "device_queued": 1585628577.8024945, "device_end": 1585628577.80493, "host_queued_end": 1585628644.379628}, "device": "gpu", "nd_range": {"device_start": 1585628577.8049364, "device_end": 1585628577.8067224}, "cmdq": 1, "read": {"device_start": -1, "device_end": -1}}, "FFC_sans_bias101": {"write": {"device_start": 1585628577.8054042, "host_queued_start": 1585628644.354205, "device_queued": 1585628577.8026469, "device_end": 1585628577.8054419, "host_queued_end": 1585628644.379628}, "device": "gpu", "nd_range": {"device_start": 1585628577.8054478, "device_end": 1585628577.807242}, "cmdq": 2, "read": {"device_start": -1, "device_end": -1}}, "FFC_sans_bias106": {"write": {"device_start": 1585628577.8186932, "host_queued_start": 1585628644.37636, "device_queued": 1585628577.805597, "device_end": 1585628577.81872, "host_queued_end": 1585628644.379628}, "device": "gpu", "nd_range": {"device_start": 1585628577.818737, "device_end": 1585628577.8205106}, "cmdq": 3, "read": {"device_start": 1585628577.820522, "device_end": 1585628577.820546}}, "softmax122": {"write": {"device_start": -1, "host_queued_start": 1585628644.36958, "device_queued": -1, "device_end": -1, "host_queued_end": 1585628644.379628}, "device": "gpu", "nd_range": {"device_start": 1585628577.8153446, "device_end": 1585628577.8155537}, "cmdq": 3, "read": {"device_start": -1, "device_end": -1}}, "FFC_sans_bias105": {"write": {"device_start": -1, "host_queued_start": 1585628644.371101, "device_queued": -1, "device_end": -1, "host_queued_end": 1585628644.379628}, "device": "gpu", "nd_range": {"device_start": 1585628577.815965, "device_end": 1585628577.817577}, "cmdq": 0, "read": {"device_start": -1, "device_end": -1}}, "softmax95": {"write": {"device_start": -1, "host_queued_start": 1585628644.368821, "device_queued": -1, "device_end": -1, "host_queued_end": 1585628644.379628}, "device": "gpu", "nd_range": {"device_start": 1585628577.8135889, "device_end": 1585628577.8155553}, "cmdq": 0, "read": {"device_start": -1, "device_end": -1}}, "coalesced_transpose57": {"write": {"device_start": -1, "host_queued_start": 1585628644.417242, "device_queued": -1, "device_end": -1, "host_queued_end": 1585628644.433421}, "device": "cpu", "nd_range": {"device_start": 2296418.744670644, "device_end": 2296418.744908934}, "cmdq": 3, "read": {"device_start": -1, "device_end": -1}}, "empty26": {"write": {"device_start": -1, "host_queued_start": 1585628644.383626, "device_queued": -1, "device_end": -1, "host_queued_end": 1585628644.433421}, "device": "cpu", "nd_range": {"device_start": 2296418.623087421, "device_end": 2296418.623092499}, "cmdq": 2, "read": {"device_start": -1, "device_end": -1}}, "softmax113": {"write": {"device_start": -1, "host_queued_start": 1585628644.369317, "device_queued": -1, "device_end": -1, "host_queued_end": 1585628644.379628}, "device": "gpu", "nd_range": {"device_start": 1585628577.815551, "device_end": 1585628577.8159223}, "cmdq": 2, "read": {"device_start": -1, "device_end": -1}}, "FFC_sans_bias11": {"write": {"device_start": -1, "host_queued_start": 1585628644.394892, "device_queued": -1, "device_end": -1, "host_queued_end": 1585628644.433421}, "device": "cpu", "nd_range": {"device_start": 2296418.6836007573, "device_end": 2296418.698635395}, "cmdq": 3, "read": {"device_start": -1, "device_end": -1}}, "FFC_sans_bias42": {"write": {"device_start": -1, "host_queued_start": 1585628644.424313, "device_queued": -1, "device_end": -1, "host_queued_end": 1585628644.433421}, "device": "cpu", "nd_range": {"device_start": 2296418.8065895503, "device_end": 2296418.832861583}, "cmdq": 0, "read": {"device_start": -1, "device_end": -1}}, "FFC_sans_bias43": {"write": {"device_start": -1, "host_queued_start": 1585628644.430406, "device_queued": -1, "device_end": -1, "host_queued_end": 1585628644.433421}, "device": "cpu", "nd_range": {"device_start": 2296418.833878193, "device_end": 2296418.849147084}, "cmdq": 3, "read": {"device_start": -1, "device_end": -1}}, "FFC_sans_bias40": {"write": {"device_start": -1, "host_queued_start": 1585628644.41932, "device_queued": -1, "device_end": -1, "host_queued_end": 1585628644.433421}, "device": "cpu", "nd_range": {"device_start": 2296418.7615345293, "device_end": 2296418.776834148}, "cmdq": 4, "read": {"device_start": -1, "device_end": -1}}, "FFC_sans_bias46": {"write": {"device_start": -1, "host_queued_start": 1585628644.407373, "device_queued": -1, "device_end": -1, "host_queued_end": 1585628644.433421}, "device": "cpu", "nd_range": {"device_start": 2296418.730008116, "device_end": 2296418.7452805163}, "cmdq": 4, "read": {"device_start": -1, "device_end": -1}}, "FFC_sans_bias47": {"write": {"device_start": -1, "host_queued_start": 1585628644.408461, "device_queued": -1, "device_end": -1, "host_queued_end": 1585628644.433421}, "device": "cpu", "nd_range": {"device_start": 2296418.68455709, "device_end": 2296418.699492171}, "cmdq": 0, "read": {"device_start": -1, "device_end": -1}}, "FFC_sans_bias45": {"write": {"device_start": -1, "host_queued_start": 1585628644.406312, "device_queued": -1, "device_end": -1, "host_queued_end": 1585628644.433421}, "device": "cpu", "nd_range": {"device_start": 2296418.7135484223, "device_end": 2296418.7287442894}, "cmdq": 3, "read": {"device_start": -1, "device_end": -1}}, "FFC_sans_bias49": {"write": {"device_start": -1, "host_queued_start": 1585628644.419668, "device_queued": -1, "device_end": -1, "host_queued_end": 1585628644.433421}, "device": "cpu", "nd_range": {"device_start": 2296418.78619799, "device_end": 2296418.8034908073}, "cmdq": 0, "read": {"device_start": -1, "device_end": -1}}, "softmax77": {"write": {"device_start": -1, "host_queued_start": 1585628644.368319, "device_queued": -1, "device_end": -1, "host_queued_end": 1585628644.379628}, "device": "gpu", "nd_range": {"device_start": 1585628577.8141687, "device_end": 1585628577.8155417}, "cmdq": 2, "read": {"device_start": -1, "device_end": -1}}, "empty134": {"write": {"device_start": 1585628577.8011897, "host_queued_start": 1585628644.341394, "device_queued": 1585628577.800964, "device_end": 1585628577.801264, "host_queued_end": 1585628644.379628}, "device": "gpu", "nd_range": {"device_start": 1585628577.8012683, "device_end": 1585628577.8012726}, "cmdq": 2, "read": {"device_start": -1, "device_end": -1}}, "FFC_sans_bias119": {"write": {"device_start": 1585628577.8082693, "host_queued_start": 1585628644.360506, "device_queued": 1585628577.803315, "device_end": 1585628577.8082945, "host_queued_end": 1585628644.379628}, "device": "gpu", "nd_range": {"device_start": 1585628577.8083017, "device_end": 1585628577.8101006}, "cmdq": 0, "read": {"device_start": -1, "device_end": -1}}, "FFC_sans_bias118": {"write": {"device_start": 1585628577.8077836, "host_queued_start": 1585628644.35946, "device_queued": 1585628577.8031478, "device_end": 1585628577.8078096, "host_queued_end": 1585628644.379628}, "device": "gpu", "nd_range": {"device_start": 1585628577.8078184, "device_end": 1585628577.8096633}, "cmdq": 3, "read": {"device_start": -1, "device_end": -1}}, "FFC_sans_bias115": {"write": {"device_start": 1585628577.8197775, "host_queued_start": 1585628644.377409, "device_queued": 1585628577.8058858, "device_end": 1585628577.8198023, "host_queued_end": 1585628644.379628}, "device": "gpu", "nd_range": {"device_start": 1585628577.8198202, "device_end": 1585628577.8214803}, "cmdq": 0, "read": {"device_start": 1585628577.8214912, "device_end": 1585628577.8215148}}, "FFC_sans_bias114": {"write": {"device_start": -1, "host_queued_start": 1585628644.371422, "device_queued": -1, "device_end": -1, "host_queued_end": 1585628644.379628}, "device": "gpu", "nd_range": {"device_start": 1585628577.816191, "device_end": 1585628577.8181312}, "cmdq": 1, "read": {"device_start": -1, "device_end": -1}}, "FFC_sans_bias117": {"write": {"device_start": 1585628577.8073258, "host_queued_start": 1585628644.358417, "device_queued": 1585628577.8031104, "device_end": 1585628577.8073509, "host_queued_end": 1585628644.379628}, "device": "gpu", "nd_range": {"device_start": 1585628577.8073556, "device_end": 1585628577.8091366}, "cmdq": 2, "read": {"device_start": -1, "device_end": -1}}, "softmax5": {"write": {"device_start": -1, "host_queued_start": 1585628644.420646, "device_queued": -1, "device_end": -1, "host_queued_end": 1585628644.433421}, "device": "cpu", "nd_range": {"device_start": 2296418.785979169, "device_end": 2296418.7861897494}, "cmdq": 3, "read": {"device_start": -1, "device_end": -1}}, "FFC_sans_bias110": {"write": {"device_start": 1585628577.806803, "host_queued_start": 1585628644.357386, "device_queued": 1585628577.8029447, "device_end": 1585628577.8068292, "host_queued_end": 1585628644.379628}, "device": "gpu", "nd_range": {"device_start": 1585628577.806833, "device_end": 1585628577.8086727}, "cmdq": 1, "read": {"device_start": -1, "device_end": -1}}, "FFC_sans_bias112": {"write": {"device_start": -1, "host_queued_start": 1585628644.367423, "device_queued": -1, "device_end": -1, "host_queued_end": 1585628644.379628}, "device": "gpu", "nd_range": {"device_start": 1585628577.8131826, "device_end": 1585628577.8151095}, "cmdq": 3, "read": {"device_start": -1, "device_end": -1}}, "empty53": {"write": {"device_start": -1, "host_queued_start": 1585628644.386652, "device_queued": -1, "device_end": -1, "host_queued_end": 1585628644.433421}, "device": "cpu", "nd_range": {"device_start": 2296418.6230795053, "device_end": 2296418.623080546}, "cmdq": 0, "read": {"device_start": -1, "device_end": -1}}, "coalesced_transpose48": {"write": {"device_start": -1, "host_queued_start": 1585628644.4168, "device_queued": -1, "device_end": -1, "host_queued_end": 1585628644.433421}, "device": "cpu", "nd_range": {"device_start": 2296418.7694807174, "device_end": 2296418.769745965}, "cmdq": 2, "read": {"device_start": -1, "device_end": -1}}}