{"FFC_sans_bias4": {"write": {"device_start": -1, "host_queued_start": 1585629453.522405, "device_queued": -1, "device_end": -1, "host_queued_end": 1585629453.543907}, "device": "cpu", "nd_range": {"device_start": 2297227.8860469763, "device_end": 2297227.891604137}, "cmdq": 0, "read": {"device_start": -1, "device_end": -1}}, "FFC_sans_bias7": {"write": {"device_start": -1, "host_queued_start": 1585629453.533918, "device_queued": -1, "device_end": -1, "host_queued_end": 1585629453.543907}, "device": "cpu", "nd_range": {"device_start": 2297228.016228843, "device_end": 2297228.0216487413}, "cmdq": 0, "read": {"device_start": -1, "device_end": -1}}, "FFC_sans_bias6": {"write": {"device_start": -1, "host_queued_start": 1585629453.529324, "device_queued": -1, "device_end": -1, "host_queued_end": 1585629453.543907}, "device": "cpu", "nd_range": {"device_start": 2297227.953685517, "device_end": 2297227.959180692}, "cmdq": 0, "read": {"device_start": -1, "device_end": -1}}, "FFC_sans_bias1": {"write": {"device_start": -1, "host_queued_start": 1585629453.484863, "device_queued": -1, "device_end": -1, "host_queued_end": 1585629453.543907}, "device": "cpu", "nd_range": {"device_start": 2297227.738131733, "device_end": 2297227.742076394}, "cmdq": 0, "read": {"device_start": -1, "device_end": -1}}, "FFC_sans_bias0": {"write": {"device_start": -1, "host_queued_start": 1585629453.483785, "device_queued": -1, "device_end": -1, "host_queued_end": 1585629453.543907}, "device": "cpu", "nd_range": {"device_start": 2297227.733644821, "device_end": 2297227.738113184}, "cmdq": 0, "read": {"device_start": -1, "device_end": -1}}, "FFC_sans_bias2": {"write": {"device_start": -1, "host_queued_start": 1585629453.486174, "device_queued": -1, "device_end": -1, "host_queued_end": 1585629453.543907}, "device": "cpu", "nd_range": {"device_start": 2297227.7420963123, "device_end": 2297227.746057936}, "cmdq": 0, "read": {"device_start": -1, "device_end": -1}}, "coalesced_transpose120": {"write": {"device_start": -1, "host_queued_start": 1585629453.461406, "device_queued": -1, "device_end": -1, "host_queued_end": 1585629453.471985}, "device": "gpu", "nd_range": {"device_start": 1585629386.879469, "device_end": 1585629386.8794868}, "cmdq": 1, "read": {"device_start": -1, "device_end": -1}}, "FFC_sans_bias9": {"write": {"device_start": -1, "host_queued_start": 1585629453.48745, "device_queued": -1, "device_end": -1, "host_queued_end": 1585629453.543907}, "device": "cpu", "nd_range": {"device_start": 2297227.746064273, "device_end": 2297227.750123601}, "cmdq": 0, "read": {"device_start": -1, "device_end": -1}}, "empty71": {"write": {"device_start": -1, "host_queued_start": 1585629453.480317, "device_queued": -1, "device_end": -1, "host_queued_end": 1585629453.543907}, "device": "cpu", "nd_range": {"device_start": 2297227.733596758, "device_end": 2297227.7336008702}, "cmdq": 0, "read": {"device_start": -1, "device_end": -1}}, "softmax41": {"write": {"device_start": -1, "host_queued_start": 1585629453.52733, "device_queued": -1, "device_end": -1, "host_queued_end": 1585629453.543907}, "device": "cpu", "nd_range": {"device_start": 2297227.951508832, "device_end": 2297227.9519342133}, "cmdq": 0, "read": {"device_start": -1, "device_end": -1}}, "FFC_sans_bias37": {"write": {"device_start": -1, "host_queued_start": 1585629453.498188, "device_queued": -1, "device_end": -1, "host_queued_end": 1585629453.543907}, "device": "cpu", "nd_range": {"device_start": 2297227.7916633612, "device_end": 2297227.795994269}, "cmdq": 0, "read": {"device_start": -1, "device_end": -1}}, "FFC_sans_bias36": {"write": {"device_start": -1, "host_queued_start": 1585629453.497137, "device_queued": -1, "device_end": -1, "host_queued_end": 1585629453.543907}, "device": "cpu", "nd_range": {"device_start": 2297227.786917409, "device_end": 2297227.791527753}, "cmdq": 0, "read": {"device_start": -1, "device_end": -1}}, "FFC_sans_bias34": {"write": {"device_start": -1, "host_queued_start": 1585629453.536893, "device_queued": -1, "device_end": -1, "host_queued_end": 1585629453.543907}, "device": "cpu", "nd_range": {"device_start": 2297228.032718106, "device_end": 2297228.0379793653}, "cmdq": 0, "read": {"device_start": -1, "device_end": -1}}, "FFC_sans_bias33": {"write": {"device_start": -1, "host_queued_start": 1585629453.530363, "device_queued": -1, "device_end": -1, "host_queued_end": 1585629453.543907}, "device": "cpu", "nd_range": {"device_start": 2297227.971675277, "device_end": 2297227.9769856543}, "cmdq": 0, "read": {"device_start": -1, "device_end": -1}}, "FFC_sans_bias31": {"write": {"device_start": -1, "host_queued_start": 1585629453.523448, "device_queued": -1, "device_end": -1, "host_queued_end": 1585629453.543907}, "device": "cpu", "nd_range": {"device_start": 2297227.903981183, "device_end": 2297227.9092508913}, "cmdq": 0, "read": {"device_start": -1, "device_end": -1}}, "FFC_sans_bias38": {"write": {"device_start": -1, "host_queued_start": 1585629453.499264, "device_queued": -1, "device_end": -1, "host_queued_end": 1585629453.543907}, "device": "cpu", "nd_range": {"device_start": 2297227.796003033, "device_end": 2297227.801709263}, "cmdq": 0, "read": {"device_start": -1, "device_end": -1}}, "coalesced_transpose75": {"write": {"device_start": -1, "host_queued_start": 1585629453.521382, "device_queued": -1, "device_end": -1, "host_queued_end": 1585629453.543907}, "device": "cpu", "nd_range": {"device_start": 2297227.885524595, "device_end": 2297227.885695483}, "cmdq": 0, "read": {"device_start": -1, "device_end": -1}}, "softmax140": {"write": {"device_start": -1, "host_queued_start": 1585629453.465038, "device_queued": -1, "device_end": -1, "host_queued_end": 1585629453.471985}, "device": "gpu", "nd_range": {"device_start": 1585629386.8822536, "device_end": 1585629386.8828545}, "cmdq": 1, "read": {"device_start": -1, "device_end": -1}}, "empty44": {"write": {"device_start": -1, "host_queued_start": 1585629453.477671, "device_queued": -1, "device_end": -1, "host_queued_end": 1585629453.543907}, "device": "cpu", "nd_range": {"device_start": 2297227.7335783034, "device_end": 2297227.7335789623}, "cmdq": 0, "read": {"device_start": -1, "device_end": -1}}, "FFC_sans_bias137": {"write": {"device_start": 1585629386.877629, "host_queued_start": 1585629453.459421, "device_queued": 1585629386.87302, "device_end": 1585629386.8776548, "host_queued_end": 1585629453.471985}, "device": "gpu", "nd_range": {"device_start": 1585629386.8776584, "device_end": 1585629386.8789694}, "cmdq": 0, "read": {"device_start": -1, "device_end": -1}}, "empty8": {"write": {"device_start": -1, "host_queued_start": 1585629453.473532, "device_queued": -1, "device_end": -1, "host_queued_end": 1585629453.543907}, "device": "cpu", "nd_range": {"device_start": 2297227.733527452, "device_end": 2297227.733540901}, "cmdq": 0, "read": {"device_start": -1, "device_end": -1}}, "softmax50": {"write": {"device_start": -1, "host_queued_start": 1585629453.527608, "device_queued": -1, "device_end": -1, "host_queued_end": 1585629453.543907}, "device": "cpu", "nd_range": {"device_start": 2297227.9519397453, "device_end": 2297227.9521359373}, "cmdq": 0, "read": {"device_start": -1, "device_end": -1}}, "softmax59": {"write": {"device_start": -1, "host_queued_start": 1585629453.527885, "device_queued": -1, "device_end": -1, "host_queued_end": 1585629453.543907}, "device": "cpu", "nd_range": {"device_start": 2297227.9521499802, "device_end": 2297227.952557779}, "cmdq": 0, "read": {"device_start": -1, "device_end": -1}}, "FFC_sans_bias142": {"write": {"device_start": 1585629386.8852932, "host_queued_start": 1585629453.471887, "device_queued": 1585629386.8748229, "device_end": 1585629386.8853245, "host_queued_end": 1585629453.471985}, "device": "gpu", "nd_range": {"device_start": 1585629386.8853388, "device_end": 1585629386.8865063}, "cmdq": 2, "read": {"device_start": 1585629386.8865132, "device_end": 1585629386.8865366}}, "FFC_sans_bias141": {"write": {"device_start": -1, "host_queued_start": 1585629453.466643, "device_queued": -1, "device_end": -1, "host_queued_end": 1585629453.471985}, "device": "gpu", "nd_range": {"device_start": 1585629386.8831136, "device_end": 1585629386.8846226}, "cmdq": 0, "read": {"device_start": -1, "device_end": -1}}, "FFC_sans_bias24": {"write": {"device_start": -1, "host_queued_start": 1585629453.530013, "device_queued": -1, "device_end": -1, "host_queued_end": 1585629453.543907}, "device": "cpu", "nd_range": {"device_start": 2297227.964829835, "device_end": 2297227.9716557562}, "cmdq": 0, "read": {"device_start": -1, "device_end": -1}}, "FFC_sans_bias25": {"write": {"device_start": -1, "host_queued_start": 1585629453.535903, "device_queued": -1, "device_end": -1, "host_queued_end": 1585629453.543907}, "device": "cpu", "nd_range": {"device_start": 2297228.0269514923, "device_end": 2297228.032714406}, "cmdq": 0, "read": {"device_start": -1, "device_end": -1}}, "FFC_sans_bias27": {"write": {"device_start": -1, "host_queued_start": 1585629453.493954, "device_queued": -1, "device_end": -1, "host_queued_end": 1585629453.543907}, "device": "cpu", "nd_range": {"device_start": 2297227.77316486, "device_end": 2297227.777618106}, "cmdq": 0, "read": {"device_start": -1, "device_end": -1}}, "FFC_sans_bias20": {"write": {"device_start": -1, "host_queued_start": 1585629453.492899, "device_queued": -1, "device_end": -1, "host_queued_end": 1585629453.543907}, "device": "cpu", "nd_range": {"device_start": 2297227.768384213, "device_end": 2297227.7731592823}, "cmdq": 0, "read": {"device_start": -1, "device_end": -1}}, "FFC_sans_bias22": {"write": {"device_start": -1, "host_queued_start": 1585629453.523103, "device_queued": -1, "device_end": -1, "host_queued_end": 1585629453.543907}, "device": "cpu", "nd_range": {"device_start": 2297227.898088734, "device_end": 2297227.9038603283}, "cmdq": 0, "read": {"device_start": -1, "device_end": -1}}, "FFC_sans_bias130": {"write": {"device_start": -1, "host_queued_start": 1585629453.463491, "device_queued": -1, "device_end": -1, "host_queued_end": 1585629453.471985}, "device": "gpu", "nd_range": {"device_start": 1585629386.8805008, "device_end": 1585629386.881956}, "cmdq": 1, "read": {"device_start": -1, "device_end": -1}}, "FFC_sans_bias28": {"write": {"device_start": -1, "host_queued_start": 1585629453.495019, "device_queued": -1, "device_end": -1, "host_queued_end": 1585629453.543907}, "device": "cpu", "nd_range": {"device_start": 2297227.7776229624, "device_end": 2297227.782526988}, "cmdq": 0, "read": {"device_start": -1, "device_end": -1}}, "FFC_sans_bias29": {"write": {"device_start": -1, "host_queued_start": 1585629453.496082, "device_queued": -1, "device_end": -1, "host_queued_end": 1585629453.543907}, "device": "cpu", "nd_range": {"device_start": 2297227.782532919, "device_end": 2297227.786912625}, "cmdq": 0, "read": {"device_start": -1, "device_end": -1}}, "coalesced_transpose66": {"write": {"device_start": -1, "host_queued_start": 1585629453.521035, "device_queued": -1, "device_end": -1, "host_queued_end": 1585629453.543907}, "device": "cpu", "nd_range": {"device_start": 2297227.8853663, "device_end": 2297227.88551873}, "cmdq": 0, "read": {"device_start": -1, "device_end": -1}}, "coalesced_transpose93": {"write": {"device_start": -1, "host_queued_start": 1585629453.522061, "device_queued": -1, "device_end": -1, "host_queued_end": 1585629453.543907}, "device": "cpu", "nd_range": {"device_start": 2297227.88588992, "device_end": 2297227.8860406973}, "cmdq": 0, "read": {"device_start": -1, "device_end": -1}}, "softmax23": {"write": {"device_start": -1, "host_queued_start": 1585629453.526781, "device_queued": -1, "device_end": -1, "host_queued_end": 1585629453.543907}, "device": "cpu", "nd_range": {"device_start": 2297227.950742571, "device_end": 2297227.951235896}, "cmdq": 0, "read": {"device_start": -1, "device_end": -1}}, "empty62": {"write": {"device_start": -1, "host_queued_start": 1585629453.479489, "device_queued": -1, "device_end": -1, "host_queued_end": 1585629453.543907}, "device": "cpu", "nd_range": {"device_start": 2297227.733589134, "device_end": 2297227.7335898383}, "cmdq": 0, "read": {"device_start": -1, "device_end": -1}}, "FFC_sans_bias10": {"write": {"device_start": -1, "host_queued_start": 1585629453.4886, "device_queued": -1, "device_end": -1, "host_queued_end": 1585629453.543907}, "device": "cpu", "nd_range": {"device_start": 2297227.750128908, "device_end": 2297227.755131495}, "cmdq": 0, "read": {"device_start": -1, "device_end": -1}}, "FFC_sans_bias13": {"write": {"device_start": -1, "host_queued_start": 1585629453.522752, "device_queued": -1, "device_end": -1, "host_queued_end": 1585629453.543907}, "device": "cpu", "nd_range": {"device_start": 2297227.8916110573, "device_end": 2297227.898082668}, "cmdq": 0, "read": {"device_start": -1, "device_end": -1}}, "FFC_sans_bias15": {"write": {"device_start": -1, "host_queued_start": 1585629453.529668, "device_queued": -1, "device_end": -1, "host_queued_end": 1585629453.543907}, "device": "cpu", "nd_range": {"device_start": 2297227.959186065, "device_end": 2297227.9648096142}, "cmdq": 0, "read": {"device_start": -1, "device_end": -1}}, "FFC_sans_bias16": {"write": {"device_start": -1, "host_queued_start": 1585629453.534917, "device_queued": -1, "device_end": -1, "host_queued_end": 1585629453.543907}, "device": "cpu", "nd_range": {"device_start": 2297228.0216557663, "device_end": 2297228.026947787}, "cmdq": 0, "read": {"device_start": -1, "device_end": -1}}, "FFC_sans_bias19": {"write": {"device_start": -1, "host_queued_start": 1585629453.491808, "device_queued": -1, "device_end": -1, "host_queued_end": 1585629453.543907}, "device": "cpu", "nd_range": {"device_start": 2297227.7640870484, "device_end": 2297227.7683791174}, "cmdq": 0, "read": {"device_start": -1, "device_end": -1}}, "FFC_sans_bias18": {"write": {"device_start": -1, "host_queued_start": 1585629453.490763, "device_queued": -1, "device_end": -1, "host_queued_end": 1585629453.543907}, "device": "cpu", "nd_range": {"device_start": 2297227.759440619, "device_end": 2297227.7640818073}, "cmdq": 0, "read": {"device_start": -1, "device_end": -1}}, "FFC_sans_bias99": {"write": {"device_start": 1585629386.87206, "host_queued_start": 1585629453.445717, "device_queued": 1585629386.8717132, "device_end": 1585629386.8721244, "host_queued_end": 1585629453.471985}, "device": "gpu", "nd_range": {"device_start": 1585629386.8721306, "device_end": 1585629386.872738}, "cmdq": 2, "read": {"device_start": -1, "device_end": -1}}, "FFC_sans_bias91": {"write": {"device_start": -1, "host_queued_start": 1585629453.517325, "device_queued": -1, "device_end": -1, "host_queued_end": 1585629453.543907}, "device": "cpu", "nd_range": {"device_start": 2297227.875235566, "device_end": 2297227.8797617583}, "cmdq": 0, "read": {"device_start": -1, "device_end": -1}}, "FFC_sans_bias90": {"write": {"device_start": -1, "host_queued_start": 1585629453.516278, "device_queued": -1, "device_end": -1, "host_queued_end": 1585629453.543907}, "device": "cpu", "nd_range": {"device_start": 2297227.870588615, "device_end": 2297227.875230288}, "cmdq": 0, "read": {"device_start": -1, "device_end": -1}}, "coalesced_transpose12": {"write": {"device_start": -1, "host_queued_start": 1585629453.519048, "device_queued": -1, "device_end": -1, "host_queued_end": 1585629453.543907}, "device": "cpu", "nd_range": {"device_start": 2297227.8844756433, "device_end": 2297227.8846135633}, "cmdq": 0, "read": {"device_start": -1, "device_end": -1}}, "FFC_sans_bias94": {"write": {"device_start": -1, "host_queued_start": 1585629453.525947, "device_queued": -1, "device_end": -1, "host_queued_end": 1585629453.543907}, "device": "cpu", "nd_range": {"device_start": 2297227.944275992, "device_end": 2297227.9501693794}, "cmdq": 0, "read": {"device_start": -1, "device_end": -1}}, "FFC_sans_bias97": {"write": {"device_start": -1, "host_queued_start": 1585629453.543861, "device_queued": -1, "device_end": -1, "host_queued_end": 1585629453.543907}, "device": "cpu", "nd_range": {"device_start": 2297228.071827494, "device_end": 2297228.077132714}, "cmdq": 0, "read": {"device_start": -1, "device_end": -1}}, "FFC_sans_bias96": {"write": {"device_start": -1, "host_queued_start": 1585629453.532869, "device_queued": -1, "device_end": -1, "host_queued_end": 1585629453.543907}, "device": "cpu", "nd_range": {"device_start": 2297228.0101250303, "device_end": 2297228.016208534}, "cmdq": 0, "read": {"device_start": -1, "device_end": -1}}, "FFC_sans_bias124": {"write": {"device_start": 1585629386.8847513, "host_queued_start": 1585629453.469775, "device_queued": 1585629386.874554, "device_end": 1585629386.8847833, "host_queued_end": 1585629453.471985}, "device": "gpu", "nd_range": {"device_start": 1585629386.8847914, "device_end": 1585629386.8860407}, "cmdq": 0, "read": {"device_start": 1585629386.886051, "device_end": 1585629386.886075}}, "FFC_sans_bias126": {"write": {"device_start": 1585629386.8762188, "host_queued_start": 1585629453.456243, "device_queued": 1585629386.8727615, "device_end": 1585629386.8762512, "host_queued_end": 1585629453.471985}, "device": "gpu", "nd_range": {"device_start": 1585629386.876257, "device_end": 1585629386.8775306}, "cmdq": 0, "read": {"device_start": -1, "device_end": -1}}, "softmax32": {"write": {"device_start": -1, "host_queued_start": 1585629453.527055, "device_queued": -1, "device_end": -1, "host_queued_end": 1585629453.543907}, "device": "cpu", "nd_range": {"device_start": 2297227.9512415393, "device_end": 2297227.951492281}, "cmdq": 0, "read": {"device_start": -1, "device_end": -1}}, "coalesced_transpose84": {"write": {"device_start": -1, "host_queued_start": 1585629453.52172, "device_queued": -1, "device_end": -1, "host_queued_end": 1585629453.543907}, "device": "cpu", "nd_range": {"device_start": 2297227.885705906, "device_end": 2297227.885880051}, "cmdq": 0, "read": {"device_start": -1, "device_end": -1}}, "FFC_sans_bias121": {"write": {"device_start": -1, "host_queued_start": 1585629453.46317, "device_queued": -1, "device_end": -1, "host_queued_end": 1585629453.471985}, "device": "gpu", "nd_range": {"device_start": 1585629386.8795094, "device_end": 1585629386.8810647}, "cmdq": 0, "read": {"device_start": -1, "device_end": -1}}, "empty98": {"write": {"device_start": -1, "host_queued_start": 1585629453.482819, "device_queued": -1, "device_end": -1, "host_queued_end": 1585629453.543907}, "device": "cpu", "nd_range": {"device_start": 2297227.7336388733, "device_end": 2297227.733639539}, "cmdq": 0, "read": {"device_start": -1, "device_end": -1}}, "empty107": {"write": {"device_start": 1585629386.8714583, "host_queued_start": 1585629453.441057, "device_queued": 1585629386.8713362, "device_end": 1585629386.871511, "host_queued_end": 1585629453.471985}, "device": "gpu", "nd_range": {"device_start": 1585629386.8715184, "device_end": 1585629386.871524}, "cmdq": 0, "read": {"device_start": -1, "device_end": -1}}, "empty17": {"write": {"device_start": -1, "host_queued_start": 1585629453.474724, "device_queued": -1, "device_end": -1, "host_queued_end": 1585629453.543907}, "device": "cpu", "nd_range": {"device_start": 2297227.733561412, "device_end": 2297227.733562582}, "cmdq": 0, "read": {"device_start": -1, "device_end": -1}}, "FFC_sans_bias87": {"write": {"device_start": -1, "host_queued_start": 1585629453.532525, "device_queued": -1, "device_end": -1, "host_queued_end": 1585629453.543907}, "device": "cpu", "nd_range": {"device_start": 2297228.003712673, "device_end": 2297228.0101183243}, "cmdq": 0, "read": {"device_start": -1, "device_end": -1}}, "FFC_sans_bias85": {"write": {"device_start": -1, "host_queued_start": 1585629453.525592, "device_queued": -1, "device_end": -1, "host_queued_end": 1585629453.543907}, "device": "cpu", "nd_range": {"device_start": 2297227.938988393, "device_end": 2297227.9442710793}, "cmdq": 0, "read": {"device_start": -1, "device_end": -1}}, "FFC_sans_bias82": {"write": {"device_start": -1, "host_queued_start": 1585629453.514165, "device_queued": -1, "device_end": -1, "host_queued_end": 1585629453.543907}, "device": "cpu", "nd_range": {"device_start": 2297227.8614975032, "device_end": 2297227.8660245254}, "cmdq": 0, "read": {"device_start": -1, "device_end": -1}}, "FFC_sans_bias83": {"write": {"device_start": -1, "host_queued_start": 1585629453.515227, "device_queued": -1, "device_end": -1, "host_queued_end": 1585629453.543907}, "device": "cpu", "nd_range": {"device_start": 2297227.86602979, "device_end": 2297227.8705835743}, "cmdq": 0, "read": {"device_start": -1, "device_end": -1}}, "FFC_sans_bias81": {"write": {"device_start": -1, "host_queued_start": 1585629453.513116, "device_queued": -1, "device_end": -1, "host_queued_end": 1585629453.543907}, "device": "cpu", "nd_range": {"device_start": 2297227.856944975, "device_end": 2297227.8614924434}, "cmdq": 0, "read": {"device_start": -1, "device_end": -1}}, "FFC_sans_bias88": {"write": {"device_start": -1, "host_queued_start": 1585629453.54287, "device_queued": -1, "device_end": -1, "host_queued_end": 1585629453.543907}, "device": "cpu", "nd_range": {"device_start": 2297228.065008127, "device_end": 2297228.0718188523}, "cmdq": 0, "read": {"device_start": -1, "device_end": -1}}, "coalesced_transpose30": {"write": {"device_start": -1, "host_queued_start": 1585629453.519716, "device_queued": -1, "device_end": -1, "host_queued_end": 1585629453.543907}, "device": "cpu", "nd_range": {"device_start": 2297227.884773495, "device_end": 2297227.8849134743}, "cmdq": 0, "read": {"device_start": -1, "device_end": -1}}, "FFC_sans_bias128": {"write": {"device_start": 1585629386.8757126, "host_queued_start": 1585629453.455204, "device_queued": 1585629386.8726084, "device_end": 1585629386.8757439, "host_queued_end": 1585629453.471985}, "device": "gpu", "nd_range": {"device_start": 1585629386.8757508, "device_end": 1585629386.8770878}, "cmdq": 2, "read": {"device_start": -1, "device_end": -1}}, "coalesced_transpose39": {"write": {"device_start": -1, "host_queued_start": 1585629453.520046, "device_queued": -1, "device_end": -1, "host_queued_end": 1585629453.543907}, "device": "cpu", "nd_range": {"device_start": 2297227.884919249, "device_end": 2297227.885064337}, "cmdq": 0, "read": {"device_start": -1, "device_end": -1}}, "FFC_sans_bias79": {"write": {"device_start": -1, "host_queued_start": 1585629453.541864, "device_queued": -1, "device_end": -1, "host_queued_end": 1585629453.543907}, "device": "cpu", "nd_range": {"device_start": 2297228.059681752, "device_end": 2297228.065005065}, "cmdq": 0, "read": {"device_start": -1, "device_end": -1}}, "FFC_sans_bias78": {"write": {"device_start": -1, "host_queued_start": 1585629453.532171, "device_queued": -1, "device_end": -1, "host_queued_end": 1585629453.543907}, "device": "cpu", "nd_range": {"device_start": 2297227.998411049, "device_end": 2297228.003706371}, "cmdq": 0, "read": {"device_start": -1, "device_end": -1}}, "FFC_sans_bias73": {"write": {"device_start": -1, "host_queued_start": 1585629453.511006, "device_queued": -1, "device_end": -1, "host_queued_end": 1585629453.543907}, "device": "cpu", "nd_range": {"device_start": 2297227.84769752, "device_end": 2297227.8523585633}, "cmdq": 0, "read": {"device_start": -1, "device_end": -1}}, "FFC_sans_bias72": {"write": {"device_start": -1, "host_queued_start": 1585629453.509947, "device_queued": -1, "device_end": -1, "host_queued_end": 1585629453.543907}, "device": "cpu", "nd_range": {"device_start": 2297227.843158569, "device_end": 2297227.847692512}, "cmdq": 0, "read": {"device_start": -1, "device_end": -1}}, "FFC_sans_bias70": {"write": {"device_start": -1, "host_queued_start": 1585629453.54086, "device_queued": -1, "device_end": -1, "host_queued_end": 1585629453.543907}, "device": "cpu", "nd_range": {"device_start": 2297228.054420939, "device_end": 2297228.059678017}, "cmdq": 0, "read": {"device_start": -1, "device_end": -1}}, "FFC_sans_bias76": {"write": {"device_start": -1, "host_queued_start": 1585629453.525238, "device_queued": -1, "device_end": -1, "host_queued_end": 1585629453.543907}, "device": "cpu", "nd_range": {"device_start": 2297227.9320286643, "device_end": 2297227.938981894}, "cmdq": 0, "read": {"device_start": -1, "device_end": -1}}, "FFC_sans_bias74": {"write": {"device_start": -1, "host_queued_start": 1585629453.512066, "device_queued": -1, "device_end": -1, "host_queued_end": 1585629453.543907}, "device": "cpu", "nd_range": {"device_start": 2297227.852490989, "device_end": 2297227.8569391794}, "cmdq": 0, "read": {"device_start": -1, "device_end": -1}}, "coalesced_transpose102": {"write": {"device_start": -1, "host_queued_start": 1585629453.460799, "device_queued": -1, "device_end": -1, "host_queued_end": 1585629453.471985}, "device": "gpu", "nd_range": {"device_start": 1585629386.878501, "device_end": 1585629386.879336}, "cmdq": 2, "read": {"device_start": -1, "device_end": -1}}, "coalesced_transpose3": {"write": {"device_start": -1, "host_queued_start": 1585629453.518716, "device_queued": -1, "device_end": -1, "host_queued_end": 1585629453.543907}, "device": "cpu", "nd_range": {"device_start": 2297227.884300367, "device_end": 2297227.884469159}, "cmdq": 0, "read": {"device_start": -1, "device_end": -1}}, "FFC_sans_bias127": {"write": {"device_start": 1585629386.8766723, "host_queued_start": 1585629453.457279, "device_queued": 1585629386.8728168, "device_end": 1585629386.8767045, "host_queued_end": 1585629453.471985}, "device": "gpu", "nd_range": {"device_start": 1585629386.8767114, "device_end": 1585629386.8780599}, "cmdq": 1, "read": {"device_start": -1, "device_end": -1}}, "empty89": {"write": {"device_start": -1, "host_queued_start": 1585629453.481986, "device_queued": -1, "device_end": -1, "host_queued_end": 1585629453.543907}, "device": "cpu", "nd_range": {"device_start": 2297227.733633474, "device_end": 2297227.7336342162}, "cmdq": 0, "read": {"device_start": -1, "device_end": -1}}, "FFC_sans_bias123": {"write": {"device_start": -1, "host_queued_start": 1585629453.465986, "device_queued": -1, "device_end": -1, "host_queued_end": 1585629453.471985}, "device": "gpu", "nd_range": {"device_start": 1585629386.8828616, "device_end": 1585629386.884092}, "cmdq": 1, "read": {"device_start": -1, "device_end": -1}}, "empty80": {"write": {"device_start": -1, "host_queued_start": 1585629453.481147, "device_queued": -1, "device_end": -1, "host_queued_end": 1585629453.543907}, "device": "cpu", "nd_range": {"device_start": 2297227.7336256383, "device_end": 2297227.733626753}, "cmdq": 0, "read": {"device_start": -1, "device_end": -1}}, "empty116": {"write": {"device_start": 1585629386.8715982, "host_queued_start": 1585629453.442142, "device_queued": 1585629386.8714523, "device_end": 1585629386.8716736, "host_queued_end": 1585629453.471985}, "device": "gpu", "nd_range": {"device_start": 1585629386.8716805, "device_end": 1585629386.8716857}, "cmdq": 1, "read": {"device_start": -1, "device_end": -1}}, "softmax104": {"write": {"device_start": -1, "host_queued_start": 1585629453.464057, "device_queued": -1, "device_end": -1, "host_queued_end": 1585629453.471985}, "device": "gpu", "nd_range": {"device_start": 1585629386.881072, "device_end": 1585629386.8820589}, "cmdq": 0, "read": {"device_start": -1, "device_end": -1}}, "coalesced_transpose21": {"write": {"device_start": -1, "host_queued_start": 1585629453.519383, "device_queued": -1, "device_end": -1, "host_queued_end": 1585629453.543907}, "device": "cpu", "nd_range": {"device_start": 2297227.884619166, "device_end": 2297227.8847673293}, "cmdq": 0, "read": {"device_start": -1, "device_end": -1}}, "softmax14": {"write": {"device_start": -1, "host_queued_start": 1585629453.526505, "device_queued": -1, "device_end": -1, "host_queued_end": 1585629453.543907}, "device": "cpu", "nd_range": {"device_start": 2297227.950396139, "device_end": 2297227.9507366624}, "cmdq": 0, "read": {"device_start": -1, "device_end": -1}}, "FFC_sans_bias69": {"write": {"device_start": -1, "host_queued_start": 1585629453.53182, "device_queued": -1, "device_end": -1, "host_queued_end": 1585629453.543907}, "device": "cpu", "nd_range": {"device_start": 2297227.993118251, "device_end": 2297227.9984052023}, "cmdq": 0, "read": {"device_start": -1, "device_end": -1}}, "FFC_sans_bias92": {"write": {"device_start": -1, "host_queued_start": 1585629453.51838, "device_queued": -1, "device_end": -1, "host_queued_end": 1585629453.543907}, "device": "cpu", "nd_range": {"device_start": 2297227.8797667623, "device_end": 2297227.88429511}, "cmdq": 0, "read": {"device_start": -1, "device_end": -1}}, "FFC_sans_bias60": {"write": {"device_start": -1, "host_queued_start": 1585629453.531476, "device_queued": -1, "device_end": -1, "host_queued_end": 1585629453.543907}, "device": "cpu", "nd_range": {"device_start": 2297227.987719958, "device_end": 2297227.9931123233}, "cmdq": 0, "read": {"device_start": -1, "device_end": -1}}, "FFC_sans_bias61": {"write": {"device_start": -1, "host_queued_start": 1585629453.539868, "device_queued": -1, "device_end": -1, "host_queued_end": 1585629453.543907}, "device": "cpu", "nd_range": {"device_start": 2297228.04885641, "device_end": 2297228.0544173364}, "cmdq": 0, "read": {"device_start": -1, "device_end": -1}}, "FFC_sans_bias63": {"write": {"device_start": -1, "host_queued_start": 1585629453.508899, "device_queued": -1, "device_end": -1, "host_queued_end": 1585629453.543907}, "device": "cpu", "nd_range": {"device_start": 2297227.838734595, "device_end": 2297227.843153199}, "cmdq": 0, "read": {"device_start": -1, "device_end": -1}}, "FFC_sans_bias64": {"write": {"device_start": -1, "host_queued_start": 1585629453.506793, "device_queued": -1, "device_end": -1, "host_queued_end": 1585629453.543907}, "device": "cpu", "nd_range": {"device_start": 2297227.829468375, "device_end": 2297227.834157592}, "cmdq": 0, "read": {"device_start": -1, "device_end": -1}}, "FFC_sans_bias65": {"write": {"device_start": -1, "host_queued_start": 1585629453.507851, "device_queued": -1, "device_end": -1, "host_queued_end": 1585629453.543907}, "device": "cpu", "nd_range": {"device_start": 2297227.834163215, "device_end": 2297227.838729869}, "cmdq": 0, "read": {"device_start": -1, "device_end": -1}}, "FFC_sans_bias67": {"write": {"device_start": -1, "host_queued_start": 1585629453.524822, "device_queued": -1, "device_end": -1, "host_queued_end": 1585629453.543907}, "device": "cpu", "nd_range": {"device_start": 2297227.926707249, "device_end": 2297227.9320133943}, "cmdq": 0, "read": {"device_start": -1, "device_end": -1}}, "coalesced_transpose111": {"write": {"device_start": -1, "host_queued_start": 1585629453.461102, "device_queued": -1, "device_end": -1, "host_queued_end": 1585629453.471985}, "device": "gpu", "nd_range": {"device_start": 1585629386.8789709, "device_end": 1585629386.879347}, "cmdq": 0, "read": {"device_start": -1, "device_end": -1}}, "FFC_sans_bias136": {"write": {"device_start": 1585629386.8771913, "host_queued_start": 1585629453.458338, "device_queued": 1585629386.8729477, "device_end": 1585629386.8772237, "host_queued_end": 1585629453.471985}, "device": "gpu", "nd_range": {"device_start": 1585629386.877231, "device_end": 1585629386.8784993}, "cmdq": 2, "read": {"device_start": -1, "device_end": -1}}, "FFC_sans_bias135": {"write": {"device_start": 1585629386.8781452, "host_queued_start": 1585629453.460462, "device_queued": 1585629386.8731725, "device_end": 1585629386.8781724, "host_queued_end": 1585629453.471985}, "device": "gpu", "nd_range": {"device_start": 1585629386.8781781, "device_end": 1585629386.8794637}, "cmdq": 1, "read": {"device_start": -1, "device_end": -1}}, "FFC_sans_bias133": {"write": {"device_start": 1585629386.8857896, "host_queued_start": 1585629453.470839, "device_queued": 1585629386.8748684, "device_end": 1585629386.88582, "host_queued_end": 1585629453.471985}, "device": "gpu", "nd_range": {"device_start": 1585629386.8858275, "device_end": 1585629386.8869889}, "cmdq": 1, "read": {"device_start": 1585629386.886992, "device_end": 1585629386.8870153}}, "FFC_sans_bias132": {"write": {"device_start": -1, "host_queued_start": 1585629453.466302, "device_queued": -1, "device_end": -1, "host_queued_end": 1585629453.471985}, "device": "gpu", "nd_range": {"device_start": 1585629386.8826802, "device_end": 1585629386.8836434}, "cmdq": 2, "read": {"device_start": -1, "device_end": -1}}, "softmax68": {"write": {"device_start": -1, "host_queued_start": 1585629453.528158, "device_queued": -1, "device_end": -1, "host_queued_end": 1585629453.543907}, "device": "cpu", "nd_range": {"device_start": 2297227.952571889, "device_end": 2297227.9527957994}, "cmdq": 0, "read": {"device_start": -1, "device_end": -1}}, "softmax131": {"write": {"device_start": -1, "host_queued_start": 1585629453.464794, "device_queued": -1, "device_end": -1, "host_queued_end": 1585629453.471985}, "device": "gpu", "nd_range": {"device_start": 1585629386.8820665, "device_end": 1585629386.8824387}, "cmdq": 0, "read": {"device_start": -1, "device_end": -1}}, "empty125": {"write": {"device_start": 1585629386.8717005, "host_queued_start": 1585629453.443084, "device_queued": 1585629386.8714752, "device_end": 1585629386.871767, "host_queued_end": 1585629453.471985}, "device": "gpu", "nd_range": {"device_start": 1585629386.8717723, "device_end": 1585629386.8717782}, "cmdq": 2, "read": {"device_start": -1, "device_end": -1}}, "FFC_sans_bias139": {"write": {"device_start": -1, "host_queued_start": 1585629453.463807, "device_queued": -1, "device_end": -1, "host_queued_end": 1585629453.471985}, "device": "gpu", "nd_range": {"device_start": 1585629386.880097, "device_end": 1585629386.8814814}, "cmdq": 2, "read": {"device_start": -1, "device_end": -1}}, "empty35": {"write": {"device_start": -1, "host_queued_start": 1585629453.476764, "device_queued": -1, "device_end": -1, "host_queued_end": 1585629453.543907}, "device": "cpu", "nd_range": {"device_start": 2297227.733572759, "device_end": 2297227.733573414}, "cmdq": 0, "read": {"device_start": -1, "device_end": -1}}, "softmax86": {"write": {"device_start": -1, "host_queued_start": 1585629453.528709, "device_queued": -1, "device_end": -1, "host_queued_end": 1585629453.543907}, "device": "cpu", "nd_range": {"device_start": 2297227.9530031113, "device_end": 2297227.9534728862}, "cmdq": 0, "read": {"device_start": -1, "device_end": -1}}, "FFC_sans_bias55": {"write": {"device_start": -1, "host_queued_start": 1585629453.505726, "device_queued": -1, "device_end": -1, "host_queued_end": 1585629453.543907}, "device": "cpu", "nd_range": {"device_start": 2297227.824871168, "device_end": 2297227.8294632593}, "cmdq": 0, "read": {"device_start": -1, "device_end": -1}}, "FFC_sans_bias54": {"write": {"device_start": -1, "host_queued_start": 1585629453.504676, "device_queued": -1, "device_end": -1, "host_queued_end": 1585629453.543907}, "device": "cpu", "nd_range": {"device_start": 2297227.820543595, "device_end": 2297227.8248657463}, "cmdq": 0, "read": {"device_start": -1, "device_end": -1}}, "FFC_sans_bias56": {"write": {"device_start": -1, "host_queued_start": 1585629453.503625, "device_queued": -1, "device_end": -1, "host_queued_end": 1585629453.543907}, "device": "cpu", "nd_range": {"device_start": 2297227.8158441023, "device_end": 2297227.8205382563}, "cmdq": 0, "read": {"device_start": -1, "device_end": -1}}, "FFC_sans_bias51": {"write": {"device_start": -1, "host_queued_start": 1585629453.531105, "device_queued": -1, "device_end": -1, "host_queued_end": 1585629453.543907}, "device": "cpu", "nd_range": {"device_start": 2297227.9822992682, "device_end": 2297227.9877126403}, "cmdq": 0, "read": {"device_start": -1, "device_end": -1}}, "FFC_sans_bias52": {"write": {"device_start": -1, "host_queued_start": 1585629453.538878, "device_queued": -1, "device_end": -1, "host_queued_end": 1585629453.543907}, "device": "cpu", "nd_range": {"device_start": 2297228.0432279063, "device_end": 2297228.0488535804}, "cmdq": 0, "read": {"device_start": -1, "device_end": -1}}, "FFC_sans_bias58": {"write": {"device_start": -1, "host_queued_start": 1585629453.524477, "device_queued": -1, "device_end": -1, "host_queued_end": 1585629453.543907}, "device": "cpu", "nd_range": {"device_start": 2297227.921456377, "device_end": 2297227.9267015243}, "cmdq": 0, "read": {"device_start": -1, "device_end": -1}}, "FFC_sans_bias108": {"write": {"device_start": 1585629386.8728747, "host_queued_start": 1585629453.448899, "device_queued": 1585629386.8719745, "device_end": 1585629386.8729057, "host_queued_end": 1585629453.471985}, "device": "gpu", "nd_range": {"device_start": 1585629386.8729088, "device_end": 1585629386.8741379}, "cmdq": 2, "read": {"device_start": -1, "device_end": -1}}, "FFC_sans_bias109": {"write": {"device_start": 1585629386.8732893, "host_queued_start": 1585629453.449942, "device_queued": 1585629386.8721611, "device_end": 1585629386.8733206, "host_queued_end": 1585629453.471985}, "device": "gpu", "nd_range": {"device_start": 1585629386.8733244, "device_end": 1585629386.8746462}, "cmdq": 0, "read": {"device_start": -1, "device_end": -1}}, "coalesced_transpose129": {"write": {"device_start": -1, "host_queued_start": 1585629453.461709, "device_queued": -1, "device_end": -1, "host_queued_end": 1585629453.471985}, "device": "gpu", "nd_range": {"device_start": 1585629386.8793442, "device_end": 1585629386.8793619}, "cmdq": 2, "read": {"device_start": -1, "device_end": -1}}, "FFC_sans_bias103": {"write": {"device_start": -1, "host_queued_start": 1585629453.462347, "device_queued": -1, "device_end": -1, "host_queued_end": 1585629453.471985}, "device": "gpu", "nd_range": {"device_start": 1585629386.879497, "device_end": 1585629386.8804922}, "cmdq": 1, "read": {"device_start": -1, "device_end": -1}}, "FFC_sans_bias100": {"write": {"device_start": 1585629386.872164, "host_queued_start": 1585629453.446816, "device_queued": 1585629386.8717804, "device_end": 1585629386.872239, "host_queued_end": 1585629453.471985}, "device": "gpu", "nd_range": {"device_start": 1585629386.8722425, "device_end": 1585629386.8731468}, "cmdq": 0, "read": {"device_start": -1, "device_end": -1}}, "FFC_sans_bias101": {"write": {"device_start": 1585629386.872255, "host_queued_start": 1585629453.44786, "device_queued": 1585629386.8719301, "device_end": 1585629386.8722801, "host_queued_end": 1585629453.471985}, "device": "gpu", "nd_range": {"device_start": 1585629386.8722844, "device_end": 1585629386.8737113}, "cmdq": 1, "read": {"device_start": -1, "device_end": -1}}, "FFC_sans_bias106": {"write": {"device_start": 1585629386.8842237, "host_queued_start": 1585629453.467669, "device_queued": 1585629386.8744848, "device_end": 1585629386.8842542, "host_queued_end": 1585629453.471985}, "device": "gpu", "nd_range": {"device_start": 1585629386.8842702, "device_end": 1585629386.8855677}, "cmdq": 1, "read": {"device_start": 1585629386.8855689, "device_end": 1585629386.885594}}, "softmax122": {"write": {"device_start": -1, "host_queued_start": 1585629453.464551, "device_queued": -1, "device_end": -1, "host_queued_end": 1585629453.471985}, "device": "gpu", "nd_range": {"device_start": 1585629386.881489, "device_end": 1585629386.8820565}, "cmdq": 2, "read": {"device_start": -1, "device_end": -1}}, "FFC_sans_bias105": {"write": {"device_start": -1, "host_queued_start": 1585629453.46535, "device_queued": -1, "device_end": -1, "host_queued_end": 1585629453.471985}, "device": "gpu", "nd_range": {"device_start": 1585629386.882078, "device_end": 1585629386.8826725}, "cmdq": 2, "read": {"device_start": -1, "device_end": -1}}, "softmax95": {"write": {"device_start": -1, "host_queued_start": 1585629453.528984, "device_queued": -1, "device_end": -1, "host_queued_end": 1585629453.543907}, "device": "cpu", "nd_range": {"device_start": 2297227.953487276, "device_end": 2297227.953680274}, "cmdq": 0, "read": {"device_start": -1, "device_end": -1}}, "coalesced_transpose57": {"write": {"device_start": -1, "host_queued_start": 1585629453.520707, "device_queued": -1, "device_end": -1, "host_queued_end": 1585629453.543907}, "device": "cpu", "nd_range": {"device_start": 2297227.885217852, "device_end": 2297227.88536041}, "cmdq": 0, "read": {"device_start": -1, "device_end": -1}}, "empty26": {"write": {"device_start": -1, "host_queued_start": 1585629453.475708, "device_queued": -1, "device_end": -1, "host_queued_end": 1585629453.543907}, "device": "cpu", "nd_range": {"device_start": 2297227.7335674614, "device_end": 2297227.733568326}, "cmdq": 0, "read": {"device_start": -1, "device_end": -1}}, "softmax113": {"write": {"device_start": -1, "host_queued_start": 1585629453.464304, "device_queued": -1, "device_end": -1, "host_queued_end": 1585629453.471985}, "device": "gpu", "nd_range": {"device_start": 1585629386.8819642, "device_end": 1585629386.882246}, "cmdq": 1, "read": {"device_start": -1, "device_end": -1}}, "FFC_sans_bias11": {"write": {"device_start": -1, "host_queued_start": 1585629453.489668, "device_queued": -1, "device_end": -1, "host_queued_end": 1585629453.543907}, "device": "cpu", "nd_range": {"device_start": 2297227.7551370063, "device_end": 2297227.759435473}, "cmdq": 0, "read": {"device_start": -1, "device_end": -1}}, "FFC_sans_bias42": {"write": {"device_start": -1, "host_queued_start": 1585629453.530756, "device_queued": -1, "device_end": -1, "host_queued_end": 1585629453.543907}, "device": "cpu", "nd_range": {"device_start": 2297227.976993094, "device_end": 2297227.982293249}, "cmdq": 0, "read": {"device_start": -1, "device_end": -1}}, "FFC_sans_bias43": {"write": {"device_start": -1, "host_queued_start": 1585629453.537883, "device_queued": -1, "device_end": -1, "host_queued_end": 1585629453.543907}, "device": "cpu", "nd_range": {"device_start": 2297228.03798244, "device_end": 2297228.043224579}, "cmdq": 0, "read": {"device_start": -1, "device_end": -1}}, "FFC_sans_bias40": {"write": {"device_start": -1, "host_queued_start": 1585629453.523792, "device_queued": -1, "device_end": -1, "host_queued_end": 1585629453.543907}, "device": "cpu", "nd_range": {"device_start": 2297227.9092577742, "device_end": 2297227.916065682}, "cmdq": 0, "read": {"device_start": -1, "device_end": -1}}, "FFC_sans_bias46": {"write": {"device_start": -1, "host_queued_start": 1585629453.501368, "device_queued": -1, "device_end": -1, "host_queued_end": 1585629453.543907}, "device": "cpu", "nd_range": {"device_start": 2297227.805804342, "device_end": 2297227.8114075554}, "cmdq": 0, "read": {"device_start": -1, "device_end": -1}}, "FFC_sans_bias47": {"write": {"device_start": -1, "host_queued_start": 1585629453.502577, "device_queued": -1, "device_end": -1, "host_queued_end": 1585629453.543907}, "device": "cpu", "nd_range": {"device_start": 2297227.8114131023, "device_end": 2297227.815838375}, "cmdq": 0, "read": {"device_start": -1, "device_end": -1}}, "FFC_sans_bias45": {"write": {"device_start": -1, "host_queued_start": 1585629453.500318, "device_queued": -1, "device_end": -1, "host_queued_end": 1585629453.543907}, "device": "cpu", "nd_range": {"device_start": 2297227.801714566, "device_end": 2297227.805798767}, "cmdq": 0, "read": {"device_start": -1, "device_end": -1}}, "FFC_sans_bias49": {"write": {"device_start": -1, "host_queued_start": 1585629453.524137, "device_queued": -1, "device_end": -1, "host_queued_end": 1585629453.543907}, "device": "cpu", "nd_range": {"device_start": 2297227.916071764, "device_end": 2297227.921449862}, "cmdq": 0, "read": {"device_start": -1, "device_end": -1}}, "softmax77": {"write": {"device_start": -1, "host_queued_start": 1585629453.528435, "device_queued": -1, "device_end": -1, "host_queued_end": 1585629453.543907}, "device": "cpu", "nd_range": {"device_start": 2297227.95281026, "device_end": 2297227.9529980593}, "cmdq": 0, "read": {"device_start": -1, "device_end": -1}}, "empty134": {"write": {"device_start": 1585629386.8718214, "host_queued_start": 1585629453.443932, "device_queued": 1585629386.8715332, "device_end": 1585629386.8718913, "host_queued_end": 1585629453.471985}, "device": "gpu", "nd_range": {"device_start": 1585629386.8718987, "device_end": 1585629386.8719041}, "cmdq": 0, "read": {"device_start": -1, "device_end": -1}}, "coalesced_transpose138": {"write": {"device_start": -1, "host_queued_start": 1585629453.462026, "device_queued": -1, "device_end": -1, "host_queued_end": 1585629453.471985}, "device": "gpu", "nd_range": {"device_start": 1585629386.8793561, "device_end": 1585629386.879377}, "cmdq": 0, "read": {"device_start": -1, "device_end": -1}}, "FFC_sans_bias119": {"write": {"device_start": 1585629386.8752708, "host_queued_start": 1585629453.45413, "device_queued": 1585629386.8725836, "device_end": 1585629386.875303, "host_queued_end": 1585629453.471985}, "device": "gpu", "nd_range": {"device_start": 1585629386.87531, "device_end": 1585629386.8765717}, "cmdq": 1, "read": {"device_start": -1, "device_end": -1}}, "FFC_sans_bias118": {"write": {"device_start": 1585629386.8748722, "host_queued_start": 1585629453.453091, "device_queued": 1585629386.8724234, "device_end": 1585629386.8748984, "host_queued_end": 1585629453.471985}, "device": "gpu", "nd_range": {"device_start": 1585629386.8749077, "device_end": 1585629386.876121}, "cmdq": 0, "read": {"device_start": -1, "device_end": -1}}, "empty143": {"write": {"device_start": 1585629386.8719394, "host_queued_start": 1585629453.444744, "device_queued": 1585629386.8716922, "device_end": 1585629386.871995, "host_queued_end": 1585629453.471985}, "device": "gpu", "nd_range": {"device_start": 1585629386.872001, "device_end": 1585629386.8720062}, "cmdq": 1, "read": {"device_start": -1, "device_end": -1}}, "FFC_sans_bias115": {"write": {"device_start": 1585629386.883794, "host_queued_start": 1585629453.468725, "device_queued": 1585629386.8743646, "device_end": 1585629386.8838255, "host_queued_end": 1585629453.471985}, "device": "gpu", "nd_range": {"device_start": 1585629386.88384, "device_end": 1585629386.885061}, "cmdq": 2, "read": {"device_start": 1585629386.8850653, "device_end": 1585629386.8850965}}, "FFC_sans_bias114": {"write": {"device_start": -1, "host_queued_start": 1585629453.46567, "device_queued": -1, "device_end": -1, "host_queued_end": 1585629453.471985}, "device": "gpu", "nd_range": {"device_start": 1585629386.8824465, "device_end": 1585629386.8831065}, "cmdq": 0, "read": {"device_start": -1, "device_end": -1}}, "FFC_sans_bias117": {"write": {"device_start": 1585629386.874278, "host_queued_start": 1585629453.452054, "device_queued": 1585629386.8723567, "device_end": 1585629386.8743043, "host_queued_end": 1585629453.471985}, "device": "gpu", "nd_range": {"device_start": 1585629386.8743088, "device_end": 1585629386.8756156}, "cmdq": 2, "read": {"device_start": -1, "device_end": -1}}, "softmax5": {"write": {"device_start": -1, "host_queued_start": 1585629453.526228, "device_queued": -1, "device_end": -1, "host_queued_end": 1585629453.543907}, "device": "cpu", "nd_range": {"device_start": 2297227.950175004, "device_end": 2297227.950390112}, "cmdq": 0, "read": {"device_start": -1, "device_end": -1}}, "FFC_sans_bias110": {"write": {"device_start": 1585629386.8738534, "host_queued_start": 1585629453.451019, "device_queued": 1585629386.8722093, "device_end": 1585629386.8738844, "host_queued_end": 1585629453.471985}, "device": "gpu", "nd_range": {"device_start": 1585629386.8738892, "device_end": 1585629386.875138}, "cmdq": 1, "read": {"device_start": -1, "device_end": -1}}, "FFC_sans_bias112": {"write": {"device_start": -1, "host_queued_start": 1585629453.462703, "device_queued": -1, "device_end": -1, "host_queued_end": 1585629453.471985}, "device": "gpu", "nd_range": {"device_start": 1585629386.8794816, "device_end": 1585629386.880088}, "cmdq": 2, "read": {"device_start": -1, "device_end": -1}}, "empty53": {"write": {"device_start": -1, "host_queued_start": 1585629453.478602, "device_queued": -1, "device_end": -1, "host_queued_end": 1585629453.543907}, "device": "cpu", "nd_range": {"device_start": 2297227.733583046, "device_end": 2297227.733583738}, "cmdq": 0, "read": {"device_start": -1, "device_end": -1}}, "coalesced_transpose48": {"write": {"device_start": -1, "host_queued_start": 1585629453.520376, "device_queued": -1, "device_end": -1, "host_queued_end": 1585629453.543907}, "device": "cpu", "nd_range": {"device_start": 2297227.885070219, "device_end": 2297227.885212157}, "cmdq": 0, "read": {"device_start": -1, "device_end": -1}}}