{"FFC_sans_bias4": {"write": {"device_start": -1, "host_queued_start": 1585629293.694735, "device_queued": -1, "device_end": -1, "host_queued_end": 1585629293.712381}, "device": "cpu", "nd_range": {"device_start": 2297068.0130073023, "device_end": 2297068.024776786}, "cmdq": 0, "read": {"device_start": -1, "device_end": -1}}, "FFC_sans_bias7": {"write": {"device_start": -1, "host_queued_start": 1585629293.704296, "device_queued": -1, "device_end": -1, "host_queued_end": 1585629293.712381}, "device": "cpu", "nd_range": {"device_start": 2297068.075207029, "device_end": 2297068.087082661}, "cmdq": 0, "read": {"device_start": -1, "device_end": -1}}, "FFC_sans_bias6": {"write": {"device_start": -1, "host_queued_start": 1585629293.700409, "device_queued": -1, "device_end": -1, "host_queued_end": 1585629293.712381}, "device": "cpu", "nd_range": {"device_start": 2297068.0398541503, "device_end": 2297068.048848771}, "cmdq": 0, "read": {"device_start": -1, "device_end": -1}}, "FFC_sans_bias1": {"write": {"device_start": -1, "host_queued_start": 1585629293.66406, "device_queued": -1, "device_end": -1, "host_queued_end": 1585629293.712381}, "device": "cpu", "nd_range": {"device_start": 2297067.902084602, "device_end": 2297067.9162649564}, "cmdq": 1, "read": {"device_start": -1, "device_end": -1}}, "FFC_sans_bias0": {"write": {"device_start": -1, "host_queued_start": 1585629293.662904, "device_queued": -1, "device_end": -1, "host_queued_end": 1585629293.712381}, "device": "cpu", "nd_range": {"device_start": 2297067.902051363, "device_end": 2297067.910971947}, "cmdq": 0, "read": {"device_start": -1, "device_end": -1}}, "FFC_sans_bias2": {"write": {"device_start": -1, "host_queued_start": 1585629293.665129, "device_queued": -1, "device_end": -1, "host_queued_end": 1585629293.712381}, "device": "cpu", "nd_range": {"device_start": 2297067.9020513543, "device_end": 2297067.913573501}, "cmdq": 2, "read": {"device_start": -1, "device_end": -1}}, "coalesced_transpose120": {"write": {"device_start": -1, "host_queued_start": 1585629293.638349, "device_queued": -1, "device_end": -1, "host_queued_end": 1585629293.652687}, "device": "gpu", "nd_range": {"device_start": 1585629227.0673504, "device_end": 1585629227.067366}, "cmdq": 0, "read": {"device_start": -1, "device_end": -1}}, "FFC_sans_bias9": {"write": {"device_start": -1, "host_queued_start": 1585629293.666185, "device_queued": -1, "device_end": -1, "host_queued_end": 1585629293.712381}, "device": "cpu", "nd_range": {"device_start": 2297067.9119547163, "device_end": 2297067.922412233}, "cmdq": 0, "read": {"device_start": -1, "device_end": -1}}, "empty71": {"write": {"device_start": -1, "host_queued_start": 1585629293.660915, "device_queued": -1, "device_end": -1, "host_queued_end": 1585629293.712381}, "device": "cpu", "nd_range": {"device_start": 2297067.902077659, "device_end": 2297067.9020784143}, "cmdq": 1, "read": {"device_start": -1, "device_end": -1}}, "softmax41": {"write": {"device_start": -1, "host_queued_start": 1585629293.698952, "device_queued": -1, "device_end": -1, "host_queued_end": 1585629293.712381}, "device": "cpu", "nd_range": {"device_start": 2297068.071446402, "device_end": 2297068.0716528283}, "cmdq": 1, "read": {"device_start": -1, "device_end": -1}}, "FFC_sans_bias37": {"write": {"device_start": -1, "host_queued_start": 1585629293.677543, "device_queued": -1, "device_end": -1, "host_queued_end": 1585629293.712381}, "device": "cpu", "nd_range": {"device_start": 2297067.9633890563, "device_end": 2297067.9766673814}, "cmdq": 1, "read": {"device_start": -1, "device_end": -1}}, "FFC_sans_bias36": {"write": {"device_start": -1, "host_queued_start": 1585629293.676481, "device_queued": -1, "device_end": -1, "host_queued_end": 1585629293.712381}, "device": "cpu", "nd_range": {"device_start": 2297067.947696478, "device_end": 2297067.966002387}, "cmdq": 0, "read": {"device_start": -1, "device_end": -1}}, "FFC_sans_bias34": {"write": {"device_start": -1, "host_queued_start": 1585629293.707297, "device_queued": -1, "device_end": -1, "host_queued_end": 1585629293.712381}, "device": "cpu", "nd_range": {"device_start": 2297068.087087538, "device_end": 2297068.098964518}, "cmdq": 0, "read": {"device_start": -1, "device_end": -1}}, "FFC_sans_bias33": {"write": {"device_start": -1, "host_queued_start": 1585629293.701492, "device_queued": -1, "device_end": -1, "host_queued_end": 1585629293.712381}, "device": "cpu", "nd_range": {"device_start": 2297068.048856316, "device_end": 2297068.056725832}, "cmdq": 0, "read": {"device_start": -1, "device_end": -1}}, "FFC_sans_bias31": {"write": {"device_start": -1, "host_queued_start": 1585629293.695774, "device_queued": -1, "device_end": -1, "host_queued_end": 1585629293.712381}, "device": "cpu", "nd_range": {"device_start": 2297068.0248967144, "device_end": 2297068.0301198224}, "cmdq": 0, "read": {"device_start": -1, "device_end": -1}}, "FFC_sans_bias38": {"write": {"device_start": -1, "host_queued_start": 1585629293.678618, "device_queued": -1, "device_end": -1, "host_queued_end": 1585629293.712381}, "device": "cpu", "nd_range": {"device_start": 2297067.950763904, "device_end": 2297067.961731241}, "cmdq": 2, "read": {"device_start": -1, "device_end": -1}}, "coalesced_transpose75": {"write": {"device_start": -1, "host_queued_start": 1585629293.69439, "device_queued": -1, "device_end": -1, "host_queued_end": 1585629293.712381}, "device": "cpu", "nd_range": {"device_start": 2297068.0305005154, "device_end": 2297068.030747277}, "cmdq": 2, "read": {"device_start": -1, "device_end": -1}}, "softmax140": {"write": {"device_start": -1, "host_queued_start": 1585629293.64294, "device_queued": -1, "device_end": -1, "host_queued_end": 1585629293.652687}, "device": "gpu", "nd_range": {"device_start": 1585629227.0713444, "device_end": 1585629227.071557}, "cmdq": 0, "read": {"device_start": -1, "device_end": -1}}, "empty44": {"write": {"device_start": -1, "host_queued_start": 1585629293.658325, "device_queued": -1, "device_end": -1, "host_queued_end": 1585629293.712381}, "device": "cpu", "nd_range": {"device_start": 2297067.902067007, "device_end": 2297067.902068422}, "cmdq": 1, "read": {"device_start": -1, "device_end": -1}}, "FFC_sans_bias137": {"write": {"device_start": 1585629227.0661187, "host_queued_start": 1585629293.635756, "device_queued": 1585629227.0589445, "device_end": 1585629227.0661504, "host_queued_end": 1585629293.652687}, "device": "gpu", "nd_range": {"device_start": 1585629227.066156, "device_end": 1585629227.066965}, "cmdq": 0, "read": {"device_start": -1, "device_end": -1}}, "empty8": {"write": {"device_start": -1, "host_queued_start": 1585629293.654362, "device_queued": -1, "device_end": -1, "host_queued_end": 1585629293.712381}, "device": "cpu", "nd_range": {"device_start": 2297067.902001865, "device_end": 2297067.9020148083}, "cmdq": 0, "read": {"device_start": -1, "device_end": -1}}, "softmax50": {"write": {"device_start": -1, "host_queued_start": 1585629293.699231, "device_queued": -1, "device_end": -1, "host_queued_end": 1585629293.712381}, "device": "cpu", "nd_range": {"device_start": 2297068.0823889542, "device_end": 2297068.085275644}, "cmdq": 2, "read": {"device_start": -1, "device_end": -1}}, "softmax59": {"write": {"device_start": -1, "host_queued_start": 1585629293.699509, "device_queued": -1, "device_end": -1, "host_queued_end": 1585629293.712381}, "device": "cpu", "nd_range": {"device_start": 2297068.0395436473, "device_end": 2297068.039747685}, "cmdq": 0, "read": {"device_start": -1, "device_end": -1}}, "FFC_sans_bias142": {"write": {"device_start": 1585629227.0771558, "host_queued_start": 1585629293.652585, "device_queued": 1585629227.0613573, "device_end": 1585629227.0771801, "host_queued_end": 1585629293.652687}, "device": "gpu", "nd_range": {"device_start": 1585629227.0771902, "device_end": 1585629227.077973}, "cmdq": 0, "read": {"device_start": 1585629227.0785472, "device_end": 1585629227.0785751}}, "FFC_sans_bias141": {"write": {"device_start": -1, "host_queued_start": 1585629293.645157, "device_queued": -1, "device_end": -1, "host_queued_end": 1585629293.652687}, "device": "gpu", "nd_range": {"device_start": 1585629227.0745876, "device_end": 1585629227.0755641}, "cmdq": 1, "read": {"device_start": -1, "device_end": -1}}, "FFC_sans_bias24": {"write": {"device_start": -1, "host_queued_start": 1585629293.701143, "device_queued": -1, "device_end": -1, "host_queued_end": 1585629293.712381}, "device": "cpu", "nd_range": {"device_start": 2297068.0854968023, "device_end": 2297068.099183406}, "cmdq": 2, "read": {"device_start": -1, "device_end": -1}}, "FFC_sans_bias25": {"write": {"device_start": -1, "host_queued_start": 1585629293.706297, "device_queued": -1, "device_end": -1, "host_queued_end": 1585629293.712381}, "device": "cpu", "nd_range": {"device_start": 2297068.131403239, "device_end": 2297068.1366626113}, "cmdq": 2, "read": {"device_start": -1, "device_end": -1}}, "FFC_sans_bias27": {"write": {"device_start": -1, "host_queued_start": 1585629293.672976, "device_queued": -1, "device_end": -1, "host_queued_end": 1585629293.712381}, "device": "cpu", "nd_range": {"device_start": 2297067.934532558, "device_end": 2297067.947578538}, "cmdq": 0, "read": {"device_start": -1, "device_end": -1}}, "FFC_sans_bias20": {"write": {"device_start": -1, "host_queued_start": 1585629293.671751, "device_queued": -1, "device_end": -1, "host_queued_end": 1585629293.712381}, "device": "cpu", "nd_range": {"device_start": 2297067.925892698, "device_end": 2297067.941249256}, "cmdq": 2, "read": {"device_start": -1, "device_end": -1}}, "FFC_sans_bias22": {"write": {"device_start": -1, "host_queued_start": 1585629293.69543, "device_queued": -1, "device_end": -1, "host_queued_end": 1585629293.712381}, "device": "cpu", "nd_range": {"device_start": 2297068.030756058, "device_end": 2297068.0495965243}, "cmdq": 2, "read": {"device_start": -1, "device_end": -1}}, "FFC_sans_bias130": {"write": {"device_start": -1, "host_queued_start": 1585629293.640858, "device_queued": -1, "device_end": -1, "host_queued_end": 1585629293.652687}, "device": "gpu", "nd_range": {"device_start": 1585629227.0690303, "device_end": 1585629227.0699923}, "cmdq": 0, "read": {"device_start": -1, "device_end": -1}}, "FFC_sans_bias28": {"write": {"device_start": -1, "host_queued_start": 1585629293.674229, "device_queued": -1, "device_end": -1, "host_queued_end": 1585629293.712381}, "device": "cpu", "nd_range": {"device_start": 2297067.947798456, "device_end": 2297067.963273593}, "cmdq": 1, "read": {"device_start": -1, "device_end": -1}}, "FFC_sans_bias29": {"write": {"device_start": -1, "host_queued_start": 1585629293.675363, "device_queued": -1, "device_end": -1, "host_queued_end": 1585629293.712381}, "device": "cpu", "nd_range": {"device_start": 2297067.9412558894, "device_end": 2297067.950755705}, "cmdq": 2, "read": {"device_start": -1, "device_end": -1}}, "coalesced_transpose66": {"write": {"device_start": -1, "host_queued_start": 1585629293.694061, "device_queued": -1, "device_end": -1, "host_queued_end": 1585629293.712381}, "device": "cpu", "nd_range": {"device_start": 2297068.0310880113, "device_end": 2297068.0313361753}, "cmdq": 1, "read": {"device_start": -1, "device_end": -1}}, "coalesced_transpose93": {"write": {"device_start": -1, "host_queued_start": 1585629293.637429, "device_queued": -1, "device_end": -1, "host_queued_end": 1585629293.652687}, "device": "gpu", "nd_range": {"device_start": 1585629227.0674505, "device_end": 1585629227.067464}, "cmdq": 1, "read": {"device_start": -1, "device_end": -1}}, "softmax23": {"write": {"device_start": -1, "host_queued_start": 1585629293.698391, "device_queued": -1, "device_end": -1, "host_queued_end": 1585629293.712381}, "device": "cpu", "nd_range": {"device_start": 2297068.082168444, "device_end": 2297068.082383077}, "cmdq": 2, "read": {"device_start": -1, "device_end": -1}}, "empty62": {"write": {"device_start": -1, "host_queued_start": 1585629293.660057, "device_queued": -1, "device_end": -1, "host_queued_end": 1585629293.712381}, "device": "cpu", "nd_range": {"device_start": 2297067.90204529, "device_end": 2297067.902045999}, "cmdq": 0, "read": {"device_start": -1, "device_end": -1}}, "FFC_sans_bias10": {"write": {"device_start": -1, "host_queued_start": 1585629293.667267, "device_queued": -1, "device_end": -1, "host_queued_end": 1585629293.712381}, "device": "cpu", "nd_range": {"device_start": 2297067.9163763053, "device_end": 2297067.934503721}, "cmdq": 1, "read": {"device_start": -1, "device_end": -1}}, "FFC_sans_bias13": {"write": {"device_start": -1, "host_queued_start": 1585629293.695084, "device_queued": -1, "device_end": -1, "host_queued_end": 1585629293.712381}, "device": "cpu", "nd_range": {"device_start": 2297068.0314415423, "device_end": 2297068.049819996}, "cmdq": 1, "read": {"device_start": -1, "device_end": -1}}, "FFC_sans_bias15": {"write": {"device_start": -1, "host_queued_start": 1585629293.700795, "device_queued": -1, "device_end": -1, "host_queued_end": 1585629293.712381}, "device": "cpu", "nd_range": {"device_start": 2297068.0718683363, "device_end": 2297068.0826316583}, "cmdq": 1, "read": {"device_start": -1, "device_end": -1}}, "FFC_sans_bias16": {"write": {"device_start": -1, "host_queued_start": 1585629293.705293, "device_queued": -1, "device_end": -1, "host_queued_end": 1585629293.712381}, "device": "cpu", "nd_range": {"device_start": 2297068.106051606, "device_end": 2297068.114942476}, "cmdq": 1, "read": {"device_start": -1, "device_end": -1}}, "FFC_sans_bias19": {"write": {"device_start": -1, "host_queued_start": 1585629293.670631, "device_queued": -1, "device_end": -1, "host_queued_end": 1585629293.712381}, "device": "cpu", "nd_range": {"device_start": 2297067.934624648, "device_end": 2297067.9476863933}, "cmdq": 1, "read": {"device_start": -1, "device_end": -1}}, "FFC_sans_bias18": {"write": {"device_start": -1, "host_queued_start": 1585629293.669543, "device_queued": -1, "device_end": -1, "host_queued_end": 1585629293.712381}, "device": "cpu", "nd_range": {"device_start": 2297067.922547472, "device_end": 2297067.9344053213}, "cmdq": 0, "read": {"device_start": -1, "device_end": -1}}, "FFC_sans_bias99": {"write": {"device_start": 1585629227.0597875, "host_queued_start": 1585629293.621888, "device_queued": 1585629227.0575724, "device_end": 1585629227.0598195, "host_queued_end": 1585629293.652687}, "device": "gpu", "nd_range": {"device_start": 1585629227.0598233, "device_end": 1585629227.0606582}, "cmdq": 1, "read": {"device_start": -1, "device_end": -1}}, "FFC_sans_bias91": {"write": {"device_start": 1585629227.0588636, "host_queued_start": 1585629293.619795, "device_queued": 1585629227.0573678, "device_end": 1585629227.0588894, "host_queued_end": 1585629293.652687}, "device": "gpu", "nd_range": {"device_start": 1585629227.0588934, "device_end": 1585629227.0596974}, "cmdq": 1, "read": {"device_start": -1, "device_end": -1}}, "FFC_sans_bias90": {"write": {"device_start": 1585629227.0582938, "host_queued_start": 1585629293.618747, "device_queued": 1585629227.057326, "device_end": 1585629227.0583196, "host_queued_end": 1585629293.652687}, "device": "gpu", "nd_range": {"device_start": 1585629227.0583243, "device_end": 1585629227.059202}, "cmdq": 0, "read": {"device_start": -1, "device_end": -1}}, "coalesced_transpose12": {"write": {"device_start": -1, "host_queued_start": 1585629293.692067, "device_queued": -1, "device_end": -1, "host_queued_end": 1585629293.712381}, "device": "cpu", "nd_range": {"device_start": 2297068.0303573133, "device_end": 2297068.030613122}, "cmdq": 1, "read": {"device_start": -1, "device_end": -1}}, "FFC_sans_bias94": {"write": {"device_start": -1, "host_queued_start": 1585629293.639587, "device_queued": -1, "device_end": -1, "host_queued_end": 1585629293.652687}, "device": "gpu", "nd_range": {"device_start": 1585629227.0674806, "device_end": 1585629227.0680852}, "cmdq": 0, "read": {"device_start": -1, "device_end": -1}}, "FFC_sans_bias97": {"write": {"device_start": 1585629227.0756829, "host_queued_start": 1585629293.647258, "device_queued": 1585629227.0606353, "device_end": 1585629227.0757158, "host_queued_end": 1585629293.652687}, "device": "gpu", "nd_range": {"device_start": 1585629227.0757282, "device_end": 1585629227.076543}, "cmdq": 1, "read": {"device_start": 1585629227.0765452, "device_end": 1585629227.076571}}, "FFC_sans_bias96": {"write": {"device_start": -1, "host_queued_start": 1585629293.64357, "device_queued": -1, "device_end": -1, "host_queued_end": 1585629293.652687}, "device": "gpu", "nd_range": {"device_start": 1585629227.0715675, "device_end": 1585629227.0721653}, "cmdq": 0, "read": {"device_start": -1, "device_end": -1}}, "FFC_sans_bias124": {"write": {"device_start": 1585629227.0762527, "host_queued_start": 1585629293.650478, "device_queued": 1585629227.0611064, "device_end": 1585629227.0762835, "host_queued_end": 1585629293.652687}, "device": "gpu", "nd_range": {"device_start": 1585629227.0762944, "device_end": 1585629227.076983}, "cmdq": 0, "read": {"device_start": 1585629227.0769854, "device_end": 1585629227.0770106}}, "FFC_sans_bias126": {"write": {"device_start": 1585629227.0646417, "host_queued_start": 1585629293.632477, "device_queued": 1585629227.0585747, "device_end": 1585629227.0646744, "host_queued_end": 1585629293.652687}, "device": "gpu", "nd_range": {"device_start": 1585629227.0646799, "device_end": 1585629227.0655353}, "cmdq": 1, "read": {"device_start": -1, "device_end": -1}}, "softmax32": {"write": {"device_start": -1, "host_queued_start": 1585629293.698675, "device_queued": -1, "device_end": -1, "host_queued_end": 1585629293.712381}, "device": "cpu", "nd_range": {"device_start": 2297068.03922607, "device_end": 2297068.0394331333}, "cmdq": 0, "read": {"device_start": -1, "device_end": -1}}, "coalesced_transpose84": {"write": {"device_start": -1, "host_queued_start": 1585629293.637129, "device_queued": -1, "device_end": -1, "host_queued_end": 1585629293.652687}, "device": "gpu", "nd_range": {"device_start": 1585629227.0669665, "device_end": 1585629227.0673225}, "cmdq": 0, "read": {"device_start": -1, "device_end": -1}}, "FFC_sans_bias121": {"write": {"device_start": -1, "host_queued_start": 1585629293.640542, "device_queued": -1, "device_end": -1, "host_queued_end": 1585629293.652687}, "device": "gpu", "nd_range": {"device_start": 1585629227.0695302, "device_end": 1585629227.0704575}, "cmdq": 1, "read": {"device_start": -1, "device_end": -1}}, "empty98": {"write": {"device_start": 1585629227.0564995, "host_queued_start": 1585629293.610397, "device_queued": 1585629227.0563672, "device_end": 1585629227.0565712, "host_queued_end": 1585629293.652687}, "device": "gpu", "nd_range": {"device_start": 1585629227.0565794, "device_end": 1585629227.0565867}, "cmdq": 1, "read": {"device_start": -1, "device_end": -1}}, "empty107": {"write": {"device_start": 1585629227.0565956, "host_queued_start": 1585629293.611291, "device_queued": 1585629227.0564132, "device_end": 1585629227.0566764, "host_queued_end": 1585629293.652687}, "device": "gpu", "nd_range": {"device_start": 1585629227.0566893, "device_end": 1585629227.056693}, "cmdq": 0, "read": {"device_start": -1, "device_end": -1}}, "empty17": {"write": {"device_start": -1, "host_queued_start": 1585629293.655469, "device_queued": -1, "device_end": -1, "host_queued_end": 1585629293.712381}, "device": "cpu", "nd_range": {"device_start": 2297067.902045051, "device_end": 2297067.9020498074}, "cmdq": 1, "read": {"device_start": -1, "device_end": -1}}, "FFC_sans_bias87": {"write": {"device_start": -1, "host_queued_start": 1585629293.643255, "device_queued": -1, "device_end": -1, "host_queued_end": 1585629293.652687}, "device": "gpu", "nd_range": {"device_start": 1585629227.071865, "device_end": 1585629227.0725799}, "cmdq": 1, "read": {"device_start": -1, "device_end": -1}}, "FFC_sans_bias85": {"write": {"device_start": -1, "host_queued_start": 1585629293.639273, "device_queued": -1, "device_end": -1, "host_queued_end": 1585629293.652687}, "device": "gpu", "nd_range": {"device_start": 1585629227.0679224, "device_end": 1585629227.0685332}, "cmdq": 1, "read": {"device_start": -1, "device_end": -1}}, "FFC_sans_bias82": {"write": {"device_start": 1585629227.0572162, "host_queued_start": 1585629293.616607, "device_queued": 1585629227.0571036, "device_end": 1585629227.0572462, "host_queued_end": 1585629293.652687}, "device": "gpu", "nd_range": {"device_start": 1585629227.0572503, "device_end": 1585629227.0582063}, "cmdq": 0, "read": {"device_start": -1, "device_end": -1}}, "FFC_sans_bias83": {"write": {"device_start": 1585629227.057884, "host_queued_start": 1585629293.617665, "device_queued": 1585629227.0571675, "device_end": 1585629227.057914, "host_queued_end": 1585629293.652687}, "device": "gpu", "nd_range": {"device_start": 1585629227.0579169, "device_end": 1585629227.0587685}, "cmdq": 1, "read": {"device_start": -1, "device_end": -1}}, "FFC_sans_bias81": {"write": {"device_start": 1585629227.0571213, "host_queued_start": 1585629293.615546, "device_queued": 1585629227.0568528, "device_end": 1585629227.0571887, "host_queued_end": 1585629293.652687}, "device": "gpu", "nd_range": {"device_start": 1585629227.057194, "device_end": 1585629227.0578008}, "cmdq": 1, "read": {"device_start": -1, "device_end": -1}}, "FFC_sans_bias88": {"write": {"device_start": 1585629227.074237, "host_queued_start": 1585629293.646183, "device_queued": 1585629227.0605845, "device_end": 1585629227.0742679, "host_queued_end": 1585629293.652687}, "device": "gpu", "nd_range": {"device_start": 1585629227.0742795, "device_end": 1585629227.0750535}, "cmdq": 0, "read": {"device_start": 1585629227.0750585, "device_end": 1585629227.0750847}}, "coalesced_transpose30": {"write": {"device_start": -1, "host_queued_start": 1585629293.692732, "device_queued": -1, "device_end": -1, "host_queued_end": 1585629293.712381}, "device": "cpu", "nd_range": {"device_start": 2297068.011427843, "device_end": 2297068.0116781653}, "cmdq": 0, "read": {"device_start": -1, "device_end": -1}}, "FFC_sans_bias128": {"write": {"device_start": 1585629227.0641227, "host_queued_start": 1585629293.63144, "device_queued": 1585629227.0585423, "device_end": 1585629227.0641491, "host_queued_end": 1585629293.652687}, "device": "gpu", "nd_range": {"device_start": 1585629227.0641541, "device_end": 1585629227.0649981}, "cmdq": 0, "read": {"device_start": -1, "device_end": -1}}, "coalesced_transpose39": {"write": {"device_start": -1, "host_queued_start": 1585629293.693063, "device_queued": -1, "device_end": -1, "host_queued_end": 1585629293.712381}, "device": "cpu", "nd_range": {"device_start": 2297068.030722861, "device_end": 2297068.030974383}, "cmdq": 1, "read": {"device_start": -1, "device_end": -1}}, "FFC_sans_bias79": {"write": {"device_start": -1, "host_queued_start": 1585629293.712334, "device_queued": -1, "device_end": -1, "host_queued_end": 1585629293.712381}, "device": "cpu", "nd_range": {"device_start": 2297068.142444647, "device_end": 2297068.147669561}, "cmdq": 2, "read": {"device_start": -1, "device_end": -1}}, "FFC_sans_bias78": {"write": {"device_start": -1, "host_queued_start": 1585629293.70324, "device_queued": -1, "device_end": -1, "host_queued_end": 1585629293.712381}, "device": "cpu", "nd_range": {"device_start": 2297068.1176688243, "device_end": 2297068.1313866433}, "cmdq": 2, "read": {"device_start": -1, "device_end": -1}}, "FFC_sans_bias73": {"write": {"device_start": -1, "host_queued_start": 1585629293.690336, "device_queued": -1, "device_end": -1, "host_queued_end": 1585629293.712381}, "device": "cpu", "nd_range": {"device_start": 2297068.0129949073, "device_end": 2297068.0301198172}, "cmdq": 1, "read": {"device_start": -1, "device_end": -1}}, "FFC_sans_bias72": {"write": {"device_start": -1, "host_queued_start": 1585629293.689268, "device_queued": -1, "device_end": -1, "host_queued_end": 1585629293.712381}, "device": "cpu", "nd_range": {"device_start": 2297067.997642346, "device_end": 2297068.0109510063}, "cmdq": 0, "read": {"device_start": -1, "device_end": -1}}, "FFC_sans_bias70": {"write": {"device_start": -1, "host_queued_start": 1585629293.711336, "device_queued": -1, "device_end": -1, "host_queued_end": 1585629293.712381}, "device": "cpu", "nd_range": {"device_start": 2297068.122343876, "device_end": 2297068.12917864}, "cmdq": 1, "read": {"device_start": -1, "device_end": -1}}, "FFC_sans_bias76": {"write": {"device_start": -1, "host_queued_start": 1585629293.697548, "device_queued": -1, "device_end": -1, "host_queued_end": 1585629293.712381}, "device": "cpu", "nd_range": {"device_start": 2297068.066872383, "device_end": 2297068.0821617343}, "cmdq": 2, "read": {"device_start": -1, "device_end": -1}}, "FFC_sans_bias74": {"write": {"device_start": -1, "host_queued_start": 1585629293.6914, "device_queued": -1, "device_end": -1, "host_queued_end": 1585629293.712381}, "device": "cpu", "nd_range": {"device_start": 2297068.0108437813, "device_end": 2297068.022979389}, "cmdq": 2, "read": {"device_start": -1, "device_end": -1}}, "coalesced_transpose102": {"write": {"device_start": -1, "host_queued_start": 1585629293.637737, "device_queued": -1, "device_end": -1, "host_queued_end": 1585629293.652687}, "device": "gpu", "nd_range": {"device_start": 1585629227.0673244, "device_end": 1585629227.0673494}, "cmdq": 0, "read": {"device_start": -1, "device_end": -1}}, "coalesced_transpose3": {"write": {"device_start": -1, "host_queued_start": 1585629293.691731, "device_queued": -1, "device_end": -1, "host_queued_end": 1585629293.712381}, "device": "cpu", "nd_range": {"device_start": 2297068.011067579, "device_end": 2297068.0113197793}, "cmdq": 0, "read": {"device_start": -1, "device_end": -1}}, "FFC_sans_bias127": {"write": {"device_start": 1585629227.065107, "host_queued_start": 1585629293.633511, "device_queued": 1585629227.0587208, "device_end": 1585629227.0651393, "host_queued_end": 1585629293.652687}, "device": "gpu", "nd_range": {"device_start": 1585629227.0651453, "device_end": 1585629227.0659964}, "cmdq": 0, "read": {"device_start": -1, "device_end": -1}}, "empty89": {"write": {"device_start": 1585629227.0563905, "host_queued_start": 1585629293.609316, "device_queued": 1585629227.0562496, "device_end": 1585629227.056444, "host_queued_end": 1585629293.652687}, "device": "gpu", "nd_range": {"device_start": 1585629227.0564485, "device_end": 1585629227.0564544}, "cmdq": 0, "read": {"device_start": -1, "device_end": -1}}, "FFC_sans_bias123": {"write": {"device_start": -1, "host_queued_start": 1585629293.644523, "device_queued": -1, "device_end": -1, "host_queued_end": 1585629293.652687}, "device": "gpu", "nd_range": {"device_start": 1585629227.0736063, "device_end": 1585629227.0745788}, "cmdq": 1, "read": {"device_start": -1, "device_end": -1}}, "empty80": {"write": {"device_start": -1, "host_queued_start": 1585629293.661808, "device_queued": -1, "device_end": -1, "host_queued_end": 1585629293.712381}, "device": "cpu", "nd_range": {"device_start": 2297067.9020451573, "device_end": 2297067.90204584}, "cmdq": 2, "read": {"device_start": -1, "device_end": -1}}, "empty116": {"write": {"device_start": 1585629227.0566964, "host_queued_start": 1585629293.612115, "device_queued": 1585629227.056504, "device_end": 1585629227.056722, "host_queued_end": 1585629293.652687}, "device": "gpu", "nd_range": {"device_start": 1585629227.0567348, "device_end": 1585629227.0567386}, "cmdq": 1, "read": {"device_start": -1, "device_end": -1}}, "softmax104": {"write": {"device_start": -1, "host_queued_start": 1585629293.641923, "device_queued": -1, "device_end": -1, "host_queued_end": 1585629293.652687}, "device": "gpu", "nd_range": {"device_start": 1585629227.0706103, "device_end": 1585629227.0711205}, "cmdq": 0, "read": {"device_start": -1, "device_end": -1}}, "coalesced_transpose21": {"write": {"device_start": -1, "host_queued_start": 1585629293.692401, "device_queued": -1, "device_end": -1, "host_queued_end": 1585629293.712381}, "device": "cpu", "nd_range": {"device_start": 2297068.023096863, "device_end": 2297068.023345873}, "cmdq": 2, "read": {"device_start": -1, "device_end": -1}}, "softmax14": {"write": {"device_start": -1, "host_queued_start": 1585629293.69811, "device_queued": -1, "device_end": -1, "host_queued_end": 1585629293.712381}, "device": "cpu", "nd_range": {"device_start": 2297068.071227182, "device_end": 2297068.0714407233}, "cmdq": 1, "read": {"device_start": -1, "device_end": -1}}, "FFC_sans_bias69": {"write": {"device_start": -1, "host_queued_start": 1585629293.702896, "device_queued": -1, "device_end": -1, "host_queued_end": 1585629293.712381}, "device": "cpu", "nd_range": {"device_start": 2297068.0964686163, "device_end": 2297068.106043523}, "cmdq": 1, "read": {"device_start": -1, "device_end": -1}}, "FFC_sans_bias92": {"write": {"device_start": 1585629227.059308, "host_queued_start": 1585629293.620842, "device_queued": 1585629227.0575206, "device_end": 1585629227.0593414, "host_queued_end": 1585629293.652687}, "device": "gpu", "nd_range": {"device_start": 1585629227.0593479, "device_end": 1585629227.0601878}, "cmdq": 0, "read": {"device_start": -1, "device_end": -1}}, "FFC_sans_bias60": {"write": {"device_start": -1, "host_queued_start": 1585629293.70254, "device_queued": -1, "device_end": -1, "host_queued_end": 1585629293.712381}, "device": "cpu", "nd_range": {"device_start": 2297068.056732464, "device_end": 2297068.0751987323}, "cmdq": 0, "read": {"device_start": -1, "device_end": -1}}, "FFC_sans_bias61": {"write": {"device_start": -1, "host_queued_start": 1585629293.710338, "device_queued": -1, "device_end": -1, "host_queued_end": 1585629293.712381}, "device": "cpu", "nd_range": {"device_start": 2297068.0989683103, "device_end": 2297068.110934338}, "cmdq": 0, "read": {"device_start": -1, "device_end": -1}}, "FFC_sans_bias63": {"write": {"device_start": -1, "host_queued_start": 1585629293.688186, "device_queued": -1, "device_end": -1, "host_queued_end": 1585629293.712381}, "device": "cpu", "nd_range": {"device_start": 2297067.9982785974, "device_end": 2297068.010716745}, "cmdq": 2, "read": {"device_start": -1, "device_end": -1}}, "FFC_sans_bias64": {"write": {"device_start": -1, "host_queued_start": 1585629293.686065, "device_queued": -1, "device_end": -1, "host_queued_end": 1585629293.712381}, "device": "cpu", "nd_range": {"device_start": 2297067.986102669, "device_end": 2297067.997520633}, "cmdq": 0, "read": {"device_start": -1, "device_end": -1}}, "FFC_sans_bias65": {"write": {"device_start": -1, "host_queued_start": 1585629293.68713, "device_queued": -1, "device_end": -1, "host_queued_end": 1585629293.712381}, "device": "cpu", "nd_range": {"device_start": 2297067.999149123, "device_end": 2297068.012977681}, "cmdq": 1, "read": {"device_start": -1, "device_end": -1}}, "FFC_sans_bias67": {"write": {"device_start": -1, "host_queued_start": 1585629293.697206, "device_queued": -1, "device_end": -1, "host_queued_end": 1585629293.712381}, "device": "cpu", "nd_range": {"device_start": 2297068.064272435, "device_end": 2297068.071221109}, "cmdq": 1, "read": {"device_start": -1, "device_end": -1}}, "coalesced_transpose111": {"write": {"device_start": -1, "host_queued_start": 1585629293.638047, "device_queued": -1, "device_end": -1, "host_queued_end": 1585629293.652687}, "device": "gpu", "nd_range": {"device_start": 1585629227.067465, "device_end": 1585629227.0674846}, "cmdq": 1, "read": {"device_start": -1, "device_end": -1}}, "FFC_sans_bias136": {"write": {"device_start": 1585629227.0656717, "host_queued_start": 1585629293.634559, "device_queued": 1585629227.0587611, "device_end": 1585629227.0656977, "host_queued_end": 1585629293.652687}, "device": "gpu", "nd_range": {"device_start": 1585629227.065702, "device_end": 1585629227.0665073}, "cmdq": 1, "read": {"device_start": -1, "device_end": -1}}, "FFC_sans_bias135": {"write": {"device_start": 1585629227.066621, "host_queued_start": 1585629293.636799, "device_queued": 1585629227.0589764, "device_end": 1585629227.066652, "host_queued_end": 1585629293.652687}, "device": "gpu", "nd_range": {"device_start": 1585629227.0666566, "device_end": 1585629227.0674486}, "cmdq": 1, "read": {"device_start": -1, "device_end": -1}}, "FFC_sans_bias133": {"write": {"device_start": 1585629227.0777156, "host_queued_start": 1585629293.651531, "device_queued": 1585629227.0611424, "device_end": 1585629227.0777464, "host_queued_end": 1585629293.652687}, "device": "gpu", "nd_range": {"device_start": 1585629227.077756, "device_end": 1585629227.0783987}, "cmdq": 1, "read": {"device_start": 1585629227.078406, "device_end": 1585629227.078429}}, "FFC_sans_bias132": {"write": {"device_start": -1, "host_queued_start": 1585629293.644842, "device_queued": -1, "device_end": -1, "host_queued_end": 1585629293.652687}, "device": "gpu", "nd_range": {"device_start": 1585629227.0731628, "device_end": 1585629227.0740924}, "cmdq": 0, "read": {"device_start": -1, "device_end": -1}}, "softmax68": {"write": {"device_start": -1, "host_queued_start": 1585629293.699787, "device_queued": -1, "device_end": -1, "host_queued_end": 1585629293.712381}, "device": "cpu", "nd_range": {"device_start": 2297068.071657571, "device_end": 2297068.07186069}, "cmdq": 1, "read": {"device_start": -1, "device_end": -1}}, "softmax131": {"write": {"device_start": -1, "host_queued_start": 1585629293.642671, "device_queued": -1, "device_end": -1, "host_queued_end": 1585629293.652687}, "device": "gpu", "nd_range": {"device_start": 1585629227.071515, "device_end": 1585629227.0718546}, "cmdq": 1, "read": {"device_start": -1, "device_end": -1}}, "empty125": {"write": {"device_start": 1585629227.0568411, "host_queued_start": 1585629293.612923, "device_queued": 1585629227.056741, "device_end": 1585629227.0569181, "host_queued_end": 1585629293.652687}, "device": "gpu", "nd_range": {"device_start": 1585629227.0569253, "device_end": 1585629227.0569296}, "cmdq": 0, "read": {"device_start": -1, "device_end": -1}}, "FFC_sans_bias139": {"write": {"device_start": -1, "host_queued_start": 1585629293.641173, "device_queued": -1, "device_end": -1, "host_queued_end": 1585629293.652687}, "device": "gpu", "nd_range": {"device_start": 1585629227.070469, "device_end": 1585629227.0710664}, "cmdq": 1, "read": {"device_start": -1, "device_end": -1}}, "empty35": {"write": {"device_start": -1, "host_queued_start": 1585629293.657377, "device_queued": -1, "device_end": -1, "host_queued_end": 1585629293.712381}, "device": "cpu", "nd_range": {"device_start": 2297067.902038761, "device_end": 2297067.902039926}, "cmdq": 0, "read": {"device_start": -1, "device_end": -1}}, "softmax86": {"write": {"device_start": -1, "host_queued_start": 1585629293.641425, "device_queued": -1, "device_end": -1, "host_queued_end": 1585629293.652687}, "device": "gpu", "nd_range": {"device_start": 1585629227.0700037, "device_end": 1585629227.0705998}, "cmdq": 0, "read": {"device_start": -1, "device_end": -1}}, "FFC_sans_bias55": {"write": {"device_start": -1, "host_queued_start": 1585629293.685001, "device_queued": -1, "device_end": -1, "host_queued_end": 1585629293.712381}, "device": "cpu", "nd_range": {"device_start": 2297067.9793538563, "device_end": 2297067.998147835}, "cmdq": 2, "read": {"device_start": -1, "device_end": -1}}, "FFC_sans_bias54": {"write": {"device_start": -1, "host_queued_start": 1585629293.683951, "device_queued": -1, "device_end": -1, "host_queued_end": 1585629293.712381}, "device": "cpu", "nd_range": {"device_start": 2297067.986960085, "device_end": 2297067.999032821}, "cmdq": 1, "read": {"device_start": -1, "device_end": -1}}, "FFC_sans_bias56": {"write": {"device_start": -1, "host_queued_start": 1585629293.682888, "device_queued": -1, "device_end": -1, "host_queued_end": 1585629293.712381}, "device": "cpu", "nd_range": {"device_start": 2297067.973653722, "device_end": 2297067.986095907}, "cmdq": 0, "read": {"device_start": -1, "device_end": -1}}, "FFC_sans_bias51": {"write": {"device_start": -1, "host_queued_start": 1585629293.702187, "device_queued": -1, "device_end": -1, "host_queued_end": 1585629293.712381}, "device": "cpu", "nd_range": {"device_start": 2297068.099189845, "device_end": 2297068.1176619013}, "cmdq": 2, "read": {"device_start": -1, "device_end": -1}}, "FFC_sans_bias52": {"write": {"device_start": -1, "host_queued_start": 1585629293.70933, "device_queued": -1, "device_end": -1, "host_queued_end": 1585629293.712381}, "device": "cpu", "nd_range": {"device_start": 2297068.136668366, "device_end": 2297068.142439802}, "cmdq": 2, "read": {"device_start": -1, "device_end": -1}}, "FFC_sans_bias58": {"write": {"device_start": -1, "host_queued_start": 1585629293.696861, "device_queued": -1, "device_end": -1, "host_queued_end": 1585629293.712381}, "device": "cpu", "nd_range": {"device_start": 2297068.0301261563, "device_end": 2297068.03877869}, "cmdq": 0, "read": {"device_start": -1, "device_end": -1}}, "FFC_sans_bias108": {"write": {"device_start": 1585629227.061292, "host_queued_start": 1585629293.62506, "device_queued": 1585629227.0579927, "device_end": 1585629227.0613194, "host_queued_end": 1585629293.652687}, "device": "gpu", "nd_range": {"device_start": 1585629227.061324, "device_end": 1585629227.0621643}, "cmdq": 0, "read": {"device_start": -1, "device_end": -1}}, "FFC_sans_bias109": {"write": {"device_start": 1585629227.0617356, "host_queued_start": 1585629293.626104, "device_queued": 1585629227.058033, "device_end": 1585629227.0617611, "host_queued_end": 1585629293.652687}, "device": "gpu", "nd_range": {"device_start": 1585629227.0617685, "device_end": 1585629227.0626025}, "cmdq": 1, "read": {"device_start": -1, "device_end": -1}}, "coalesced_transpose129": {"write": {"device_start": -1, "host_queued_start": 1585629293.63866, "device_queued": -1, "device_end": -1, "host_queued_end": 1585629293.652687}, "device": "gpu", "nd_range": {"device_start": 1585629227.067496, "device_end": 1585629227.067909}, "cmdq": 1, "read": {"device_start": -1, "device_end": -1}}, "FFC_sans_bias103": {"write": {"device_start": -1, "host_queued_start": 1585629293.639904, "device_queued": -1, "device_end": -1, "host_queued_end": 1585629293.652687}, "device": "gpu", "nd_range": {"device_start": 1585629227.0685446, "device_end": 1585629227.0695183}, "cmdq": 1, "read": {"device_start": -1, "device_end": -1}}, "FFC_sans_bias100": {"write": {"device_start": 1585629227.0602815, "host_queued_start": 1585629293.622964, "device_queued": 1585629227.0577385, "device_end": 1585629227.060313, "host_queued_end": 1585629293.652687}, "device": "gpu", "nd_range": {"device_start": 1585629227.0603178, "device_end": 1585629227.0611856}, "cmdq": 0, "read": {"device_start": -1, "device_end": -1}}, "FFC_sans_bias101": {"write": {"device_start": 1585629227.0607774, "host_queued_start": 1585629293.624013, "device_queued": 1585629227.0577798, "device_end": 1585629227.060809, "host_queued_end": 1585629293.652687}, "device": "gpu", "nd_range": {"device_start": 1585629227.0608144, "device_end": 1585629227.061629}, "cmdq": 1, "read": {"device_start": -1, "device_end": -1}}, "FFC_sans_bias106": {"write": {"device_start": 1585629227.0752897, "host_queued_start": 1585629293.648312, "device_queued": 1585629227.0609071, "device_end": 1585629227.07532, "host_queued_end": 1585629293.652687}, "device": "gpu", "nd_range": {"device_start": 1585629227.0753312, "device_end": 1585629227.0760152}, "cmdq": 0, "read": {"device_start": 1585629227.0760183, "device_end": 1585629227.076044}}, "softmax122": {"write": {"device_start": -1, "host_queued_start": 1585629293.642421, "device_queued": -1, "device_end": -1, "host_queued_end": 1585629293.652687}, "device": "gpu", "nd_range": {"device_start": 1585629227.071131, "device_end": 1585629227.071334}, "cmdq": 0, "read": {"device_start": -1, "device_end": -1}}, "FFC_sans_bias105": {"write": {"device_start": -1, "host_queued_start": 1585629293.643887, "device_queued": -1, "device_end": -1, "host_queued_end": 1585629293.652687}, "device": "gpu", "nd_range": {"device_start": 1585629227.0725896, "device_end": 1585629227.0735903}, "cmdq": 1, "read": {"device_start": -1, "device_end": -1}}, "softmax95": {"write": {"device_start": -1, "host_queued_start": 1585629293.641675, "device_queued": -1, "device_end": -1, "host_queued_end": 1585629293.652687}, "device": "gpu", "nd_range": {"device_start": 1585629227.0710769, "device_end": 1585629227.0712826}, "cmdq": 1, "read": {"device_start": -1, "device_end": -1}}, "coalesced_transpose57": {"write": {"device_start": -1, "host_queued_start": 1585629293.693729, "device_queued": -1, "device_end": -1, "host_queued_end": 1585629293.712381}, "device": "cpu", "nd_range": {"device_start": 2297068.011790242, "device_end": 2297068.0128961923}, "cmdq": 0, "read": {"device_start": -1, "device_end": -1}}, "empty26": {"write": {"device_start": -1, "host_queued_start": 1585629293.656418, "device_queued": -1, "device_end": -1, "host_queued_end": 1585629293.712381}, "device": "cpu", "nd_range": {"device_start": 2297067.902001921, "device_end": 2297067.902014771}, "cmdq": 2, "read": {"device_start": -1, "device_end": -1}}, "softmax113": {"write": {"device_start": -1, "host_queued_start": 1585629293.642174, "device_queued": -1, "device_end": -1, "host_queued_end": 1585629293.652687}, "device": "gpu", "nd_range": {"device_start": 1585629227.0712934, "device_end": 1585629227.0715039}, "cmdq": 1, "read": {"device_start": -1, "device_end": -1}}, "FFC_sans_bias11": {"write": {"device_start": -1, "host_queued_start": 1585629293.66834, "device_queued": -1, "device_end": -1, "host_queued_end": 1585629293.712381}, "device": "cpu", "nd_range": {"device_start": 2297067.9135809443, "device_end": 2297067.92588614}, "cmdq": 2, "read": {"device_start": -1, "device_end": -1}}, "FFC_sans_bias42": {"write": {"device_start": -1, "host_queued_start": 1585629293.701837, "device_queued": -1, "device_end": -1, "host_queued_end": 1585629293.712381}, "device": "cpu", "nd_range": {"device_start": 2297068.0826390553, "device_end": 2297068.096461451}, "cmdq": 1, "read": {"device_start": -1, "device_end": -1}}, "FFC_sans_bias43": {"write": {"device_start": -1, "host_queued_start": 1585629293.708294, "device_queued": -1, "device_end": -1, "host_queued_end": 1585629293.712381}, "device": "cpu", "nd_range": {"device_start": 2297068.1149485563, "device_end": 2297068.122339113}, "cmdq": 1, "read": {"device_start": -1, "device_end": -1}}, "FFC_sans_bias40": {"write": {"device_start": -1, "host_queued_start": 1585629293.696122, "device_queued": -1, "device_end": -1, "host_queued_end": 1585629293.712381}, "device": "cpu", "nd_range": {"device_start": 2297068.049830058, "device_end": 2297068.0642643273}, "cmdq": 1, "read": {"device_start": -1, "device_end": -1}}, "FFC_sans_bias46": {"write": {"device_start": -1, "host_queued_start": 1585629293.680735, "device_queued": -1, "device_end": -1, "host_queued_end": 1585629293.712381}, "device": "cpu", "nd_range": {"device_start": 2297067.976782179, "device_end": 2297067.986851167}, "cmdq": 1, "read": {"device_start": -1, "device_end": -1}}, "FFC_sans_bias47": {"write": {"device_start": -1, "host_queued_start": 1585629293.681798, "device_queued": -1, "device_end": -1, "host_queued_end": 1585629293.712381}, "device": "cpu", "nd_range": {"device_start": 2297067.961738143, "device_end": 2297067.9793474623}, "cmdq": 2, "read": {"device_start": -1, "device_end": -1}}, "FFC_sans_bias45": {"write": {"device_start": -1, "host_queued_start": 1585629293.67968, "device_queued": -1, "device_end": -1, "host_queued_end": 1585629293.712381}, "device": "cpu", "nd_range": {"device_start": 2297067.966010665, "device_end": 2297067.9736469523}, "cmdq": 0, "read": {"device_start": -1, "device_end": -1}}, "FFC_sans_bias49": {"write": {"device_start": -1, "host_queued_start": 1585629293.696466, "device_queued": -1, "device_end": -1, "host_queued_end": 1585629293.712381}, "device": "cpu", "nd_range": {"device_start": 2297068.049604097, "device_end": 2297068.066864333}, "cmdq": 2, "read": {"device_start": -1, "device_end": -1}}, "softmax77": {"write": {"device_start": -1, "host_queued_start": 1585629293.700063, "device_queued": -1, "device_end": -1, "host_queued_end": 1585629293.712381}, "device": "cpu", "nd_range": {"device_start": 2297068.085282303, "device_end": 2297068.085491918}, "cmdq": 2, "read": {"device_start": -1, "device_end": -1}}, "empty134": {"write": {"device_start": 1585629227.0569382, "host_queued_start": 1585629293.613729, "device_queued": 1585629227.056784, "device_end": 1585629227.0570188, "host_queued_end": 1585629293.652687}, "device": "gpu", "nd_range": {"device_start": 1585629227.0570216, "device_end": 1585629227.0570257}, "cmdq": 1, "read": {"device_start": -1, "device_end": -1}}, "coalesced_transpose138": {"write": {"device_start": -1, "host_queued_start": 1585629293.638955, "device_queued": -1, "device_end": -1, "host_queued_end": 1585629293.652687}, "device": "gpu", "nd_range": {"device_start": 1585629227.0673776, "device_end": 1585629227.0673919}, "cmdq": 0, "read": {"device_start": -1, "device_end": -1}}, "FFC_sans_bias119": {"write": {"device_start": 1585629227.063651, "host_queued_start": 1585629293.63037, "device_queued": 1585629227.0584128, "device_end": 1585629227.0636766, "host_queued_end": 1585629293.652687}, "device": "gpu", "nd_range": {"device_start": 1585629227.0636806, "device_end": 1585629227.0645516}, "cmdq": 1, "read": {"device_start": -1, "device_end": -1}}, "FFC_sans_bias118": {"write": {"device_start": 1585629227.063244, "host_queued_start": 1585629293.629307, "device_queued": 1585629227.0583813, "device_end": 1585629227.06327, "host_queued_end": 1585629293.652687}, "device": "gpu", "nd_range": {"device_start": 1585629227.0632777, "device_end": 1585629227.0640333}, "cmdq": 0, "read": {"device_start": -1, "device_end": -1}}, "empty143": {"write": {"device_start": 1585629227.0570252, "host_queued_start": 1585629293.614539, "device_queued": 1585629227.0568163, "device_end": 1585629227.057104, "host_queued_end": 1585629293.652687}, "device": "gpu", "nd_range": {"device_start": 1585629227.057108, "device_end": 1585629227.0571132}, "cmdq": 0, "read": {"device_start": -1, "device_end": -1}}, "FFC_sans_bias115": {"write": {"device_start": 1585629227.0767567, "host_queued_start": 1585629293.649402, "device_queued": 1585629227.0609455, "device_end": 1585629227.0767872, "host_queued_end": 1585629293.652687}, "device": "gpu", "nd_range": {"device_start": 1585629227.076799, "device_end": 1585629227.0775173}, "cmdq": 1, "read": {"device_start": 1585629227.077522, "device_end": 1585629227.0775466}}, "FFC_sans_bias114": {"write": {"device_start": -1, "host_queued_start": 1585629293.644208, "device_queued": -1, "device_end": -1, "host_queued_end": 1585629293.652687}, "device": "gpu", "nd_range": {"device_start": 1585629227.072175, "device_end": 1585629227.0731525}, "cmdq": 0, "read": {"device_start": -1, "device_end": -1}}, "FFC_sans_bias117": {"write": {"device_start": 1585629227.062693, "host_queued_start": 1585629293.628222, "device_queued": 1585629227.0582058, "device_end": 1585629227.0627184, "host_queued_end": 1585629293.652687}, "device": "gpu", "nd_range": {"device_start": 1585629227.0627227, "device_end": 1585629227.0635674}, "cmdq": 1, "read": {"device_start": -1, "device_end": -1}}, "softmax5": {"write": {"device_start": -1, "host_queued_start": 1585629293.69783, "device_queued": -1, "device_end": -1, "host_queued_end": 1585629293.712381}, "device": "cpu", "nd_range": {"device_start": 2297068.0388964503, "device_end": 2297068.0391167994}, "cmdq": 0, "read": {"device_start": -1, "device_end": -1}}, "FFC_sans_bias110": {"write": {"device_start": 1585629227.0622537, "host_queued_start": 1585629293.627177, "device_queued": 1585629227.058176, "device_end": 1585629227.06228, "host_queued_end": 1585629293.652687}, "device": "gpu", "nd_range": {"device_start": 1585629227.0622845, "device_end": 1585629227.0631425}, "cmdq": 0, "read": {"device_start": -1, "device_end": -1}}, "FFC_sans_bias112": {"write": {"device_start": -1, "host_queued_start": 1585629293.640224, "device_queued": -1, "device_end": -1, "host_queued_end": 1585629293.652687}, "device": "gpu", "nd_range": {"device_start": 1585629227.0680966, "device_end": 1585629227.0690184}, "cmdq": 0, "read": {"device_start": -1, "device_end": -1}}, "empty53": {"write": {"device_start": -1, "host_queued_start": 1585629293.659212, "device_queued": -1, "device_end": -1, "host_queued_end": 1585629293.712381}, "device": "cpu", "nd_range": {"device_start": 2297067.902038752, "device_end": 2297067.9020396043}, "cmdq": 2, "read": {"device_start": -1, "device_end": -1}}, "coalesced_transpose48": {"write": {"device_start": -1, "host_queued_start": 1585629293.693394, "device_queued": -1, "device_end": -1, "host_queued_end": 1585629293.712381}, "device": "cpu", "nd_range": {"device_start": 2297068.023455455, "device_end": 2297068.0237031253}, "cmdq": 2, "read": {"device_start": -1, "device_end": -1}}}