{"FFC_sans_bias4": {"write": {"device_start": -1, "host_queued_start": 1585629113.562, "device_queued": -1, "device_end": -1, "host_queued_end": 1585629113.593533}, "device": "gpu", "nd_range": {"device_start": 1585629047.0400603, "device_end": 1585629047.0406606}, "cmdq": 0, "read": {"device_start": -1, "device_end": -1}}, "FFC_sans_bias7": {"write": {"device_start": 1585629047.0627487, "host_queued_start": 1585629113.57739, "device_queued": 1585629047.011018, "device_end": 1585629047.0627725, "host_queued_end": 1585629113.593533}, "device": "gpu", "nd_range": {"device_start": 1585629047.062781, "device_end": 1585629047.063377}, "cmdq": 0, "read": {"device_start": 1585629047.0633786, "device_end": 1585629047.0634022}}, "FFC_sans_bias6": {"write": {"device_start": -1, "host_queued_start": 1585629113.571329, "device_queued": -1, "device_end": -1, "host_queued_end": 1585629113.593533}, "device": "gpu", "nd_range": {"device_start": 1585629047.0530243, "device_end": 1585629047.0536244}, "cmdq": 0, "read": {"device_start": -1, "device_end": -1}}, "FFC_sans_bias1": {"write": {"device_start": 1585629047.0053623, "host_queued_start": 1585629113.507985, "device_queued": 1585629047.0035262, "device_end": 1585629047.005393, "host_queued_end": 1585629113.593533}, "device": "gpu", "nd_range": {"device_start": 1585629047.005396, "device_end": 1585629047.0059922}, "cmdq": 0, "read": {"device_start": -1, "device_end": -1}}, "FFC_sans_bias0": {"write": {"device_start": 1585629047.0045266, "host_queued_start": 1585629113.506942, "device_queued": 1585629047.003483, "device_end": 1585629047.0045502, "host_queued_end": 1585629113.593533}, "device": "gpu", "nd_range": {"device_start": 1585629047.0045567, "device_end": 1585629047.005158}, "cmdq": 0, "read": {"device_start": -1, "device_end": -1}}, "FFC_sans_bias2": {"write": {"device_start": 1585629047.006134, "host_queued_start": 1585629113.509036, "device_queued": 1585629047.0036433, "device_end": 1585629047.0061579, "host_queued_end": 1585629113.593533}, "device": "gpu", "nd_range": {"device_start": 1585629047.0061612, "device_end": 1585629047.00675}, "cmdq": 0, "read": {"device_start": -1, "device_end": -1}}, "coalesced_transpose120": {"write": {"device_start": -1, "host_queued_start": 1585629113.561049, "device_queued": -1, "device_end": -1, "host_queued_end": 1585629113.593533}, "device": "gpu", "nd_range": {"device_start": 1585629047.040032, "device_end": 1585629047.0400403}, "cmdq": 0, "read": {"device_start": -1, "device_end": -1}}, "FFC_sans_bias9": {"write": {"device_start": 1585629047.006852, "host_queued_start": 1585629113.510076, "device_queued": 1585629047.003675, "device_end": 1585629047.0068762, "host_queued_end": 1585629113.593533}, "device": "gpu", "nd_range": {"device_start": 1585629047.0068793, "device_end": 1585629047.007476}, "cmdq": 0, "read": {"device_start": -1, "device_end": -1}}, "empty71": {"write": {"device_start": 1585629047.003144, "host_queued_start": 1585629113.499322, "device_queued": 1585629047.0026822, "device_end": 1585629047.0031679, "host_queued_end": 1585629113.593533}, "device": "gpu", "nd_range": {"device_start": 1585629047.003173, "device_end": 1585629047.0031767}, "cmdq": 0, "read": {"device_start": -1, "device_end": -1}}, "softmax41": {"write": {"device_start": -1, "host_queued_start": 1585629113.568211, "device_queued": -1, "device_end": -1, "host_queued_end": 1585629113.593533}, "device": "gpu", "nd_range": {"device_start": 1585629047.0504818, "device_end": 1585629047.0506916}, "cmdq": 0, "read": {"device_start": -1, "device_end": -1}}, "FFC_sans_bias37": {"write": {"device_start": 1585629047.014144, "host_queued_start": 1585629113.520799, "device_queued": 1585629047.004763, "device_end": 1585629047.0141752, "host_queued_end": 1585629113.593533}, "device": "gpu", "nd_range": {"device_start": 1585629047.0141804, "device_end": 1585629047.0147803}, "cmdq": 0, "read": {"device_start": -1, "device_end": -1}}, "FFC_sans_bias36": {"write": {"device_start": 1585629047.013382, "host_queued_start": 1585629113.519609, "device_queued": 1585629047.004718, "device_end": 1585629047.013413, "host_queued_end": 1585629113.593533}, "device": "gpu", "nd_range": {"device_start": 1585629047.0134218, "device_end": 1585629047.0140224}, "cmdq": 0, "read": {"device_start": -1, "device_end": -1}}, "FFC_sans_bias34": {"write": {"device_start": 1585629047.0652502, "host_queued_start": 1585629113.580551, "device_queued": 1585629047.0114007, "device_end": 1585629047.0652795, "host_queued_end": 1585629113.593533}, "device": "gpu", "nd_range": {"device_start": 1585629047.0652828, "device_end": 1585629047.0658813}, "cmdq": 0, "read": {"device_start": 1585629047.0658836, "device_end": 1585629047.0659065}}, "FFC_sans_bias33": {"write": {"device_start": -1, "host_queued_start": 1585629113.572323, "device_queued": -1, "device_end": -1, "host_queued_end": 1585629113.593533}, "device": "gpu", "nd_range": {"device_start": 1585629047.0548291, "device_end": 1585629047.05543}, "cmdq": 0, "read": {"device_start": -1, "device_end": -1}}, "FFC_sans_bias31": {"write": {"device_start": -1, "host_queued_start": 1585629113.562999, "device_queued": -1, "device_end": -1, "host_queued_end": 1585629113.593533}, "device": "gpu", "nd_range": {"device_start": 1585629047.0418453, "device_end": 1585629047.0424464}, "cmdq": 0, "read": {"device_start": -1, "device_end": -1}}, "FFC_sans_bias38": {"write": {"device_start": 1585629047.0148914, "host_queued_start": 1585629113.521861, "device_queued": 1585629047.004888, "device_end": 1585629047.0149226, "host_queued_end": 1585629113.593533}, "device": "gpu", "nd_range": {"device_start": 1585629047.014926, "device_end": 1585629047.0155325}, "cmdq": 0, "read": {"device_start": -1, "device_end": -1}}, "coalesced_transpose75": {"write": {"device_start": -1, "host_queued_start": 1585629113.559395, "device_queued": -1, "device_end": -1, "host_queued_end": 1585629113.593533}, "device": "gpu", "nd_range": {"device_start": 1585629047.0399828, "device_end": 1585629047.0399914}, "cmdq": 0, "read": {"device_start": -1, "device_end": -1}}, "softmax140": {"write": {"device_start": -1, "host_queued_start": 1585629113.571017, "device_queued": -1, "device_end": -1, "host_queued_end": 1585629113.593533}, "device": "gpu", "nd_range": {"device_start": 1585629047.052812, "device_end": 1585629047.0530233}, "cmdq": 0, "read": {"device_start": -1, "device_end": -1}}, "empty44": {"write": {"device_start": 1585629047.0027032, "host_queued_start": 1585629113.496851, "device_queued": 1585629047.0025454, "device_end": 1585629047.0027273, "host_queued_end": 1585629113.593533}, "device": "gpu", "nd_range": {"device_start": 1585629047.0027368, "device_end": 1585629047.0027401}, "cmdq": 0, "read": {"device_start": -1, "device_end": -1}}, "FFC_sans_bias137": {"write": {"device_start": 1585629047.0386307, "host_queued_start": 1585629113.555567, "device_queued": 1585629047.0080166, "device_end": 1585629047.0386546, "host_queued_end": 1585629113.593533}, "device": "gpu", "nd_range": {"device_start": 1585629047.0386581, "device_end": 1585629047.0391636}, "cmdq": 0, "read": {"device_start": -1, "device_end": -1}}, "empty8": {"write": {"device_start": 1585629047.0020432, "host_queued_start": 1585629113.493186, "device_queued": 1585629047.001898, "device_end": 1585629047.0020783, "host_queued_end": 1585629113.593533}, "device": "gpu", "nd_range": {"device_start": 1585629047.0020814, "device_end": 1585629047.0020857}, "cmdq": 0, "read": {"device_start": -1, "device_end": -1}}, "softmax50": {"write": {"device_start": -1, "host_queued_start": 1585629113.56847, "device_queued": -1, "device_end": -1, "host_queued_end": 1585629113.593533}, "device": "gpu", "nd_range": {"device_start": 1585629047.0506938, "device_end": 1585629047.0509045}, "cmdq": 0, "read": {"device_start": -1, "device_end": -1}}, "softmax59": {"write": {"device_start": -1, "host_queued_start": 1585629113.568727, "device_queued": -1, "device_end": -1, "host_queued_end": 1585629113.593533}, "device": "gpu", "nd_range": {"device_start": 1585629047.0509062, "device_end": 1585629047.0511162}, "cmdq": 0, "read": {"device_start": -1, "device_end": -1}}, "FFC_sans_bias142": {"write": {"device_start": 1585629047.0751584, "host_queued_start": 1585629113.593343, "device_queued": 1585629047.0141807, "device_end": 1585629047.0751872, "host_queued_end": 1585629113.593533}, "device": "gpu", "nd_range": {"device_start": 1585629047.0751953, "device_end": 1585629047.0757794}, "cmdq": 0, "read": {"device_start": 1585629047.0757852, "device_end": 1585629047.0758073}}, "FFC_sans_bias141": {"write": {"device_start": -1, "host_queued_start": 1585629113.576365, "device_queued": -1, "device_end": -1, "host_queued_end": 1585629113.593533}, "device": "gpu", "nd_range": {"device_start": 1585629047.0620294, "device_end": 1585629047.0626302}, "cmdq": 0, "read": {"device_start": -1, "device_end": -1}}, "FFC_sans_bias24": {"write": {"device_start": -1, "host_queued_start": 1585629113.571988, "device_queued": -1, "device_end": -1, "host_queued_end": 1585629113.593533}, "device": "gpu", "nd_range": {"device_start": 1585629047.054227, "device_end": 1585629047.0548275}, "cmdq": 0, "read": {"device_start": -1, "device_end": -1}}, "FFC_sans_bias25": {"write": {"device_start": 1585629047.064418, "host_queued_start": 1585629113.579497, "device_queued": 1585629047.0113287, "device_end": 1585629047.0644464, "host_queued_end": 1585629113.593533}, "device": "gpu", "nd_range": {"device_start": 1585629047.0644495, "device_end": 1585629047.0650463}, "cmdq": 0, "read": {"device_start": 1585629047.0650485, "device_end": 1585629047.065071}}, "FFC_sans_bias27": {"write": {"device_start": 1585629047.0112722, "host_queued_start": 1585629113.516439, "device_queued": 1585629047.004321, "device_end": 1585629047.0112963, "host_queued_end": 1585629113.593533}, "device": "gpu", "nd_range": {"device_start": 1585629047.0112998, "device_end": 1585629047.0118985}, "cmdq": 0, "read": {"device_start": -1, "device_end": -1}}, "FFC_sans_bias20": {"write": {"device_start": 1585629047.010558, "host_queued_start": 1585629113.515391, "device_queued": 1585629047.004264, "device_end": 1585629047.0105824, "host_queued_end": 1585629113.593533}, "device": "gpu", "nd_range": {"device_start": 1585629047.0105891, "device_end": 1585629047.0111864}, "cmdq": 0, "read": {"device_start": -1, "device_end": -1}}, "FFC_sans_bias22": {"write": {"device_start": -1, "host_queued_start": 1585629113.562666, "device_queued": -1, "device_end": -1, "host_queued_end": 1585629113.593533}, "device": "gpu", "nd_range": {"device_start": 1585629047.0412602, "device_end": 1585629047.0418444}, "cmdq": 0, "read": {"device_start": -1, "device_end": -1}}, "FFC_sans_bias130": {"write": {"device_start": -1, "host_queued_start": 1585629113.566587, "device_queued": -1, "device_end": -1, "host_queued_end": 1585629113.593533}, "device": "gpu", "nd_range": {"device_start": 1585629047.048436, "device_end": 1585629047.0490348}, "cmdq": 0, "read": {"device_start": -1, "device_end": -1}}, "FFC_sans_bias28": {"write": {"device_start": 1585629047.0119915, "host_queued_start": 1585629113.517483, "device_queued": 1585629047.0044646, "device_end": 1585629047.012015, "host_queued_end": 1585629113.593533}, "device": "gpu", "nd_range": {"device_start": 1585629047.0120187, "device_end": 1585629047.0126157}, "cmdq": 0, "read": {"device_start": -1, "device_end": -1}}, "FFC_sans_bias29": {"write": {"device_start": 1585629047.0126846, "host_queued_start": 1585629113.518548, "device_queued": 1585629047.004518, "device_end": 1585629047.012716, "host_queued_end": 1585629113.593533}, "device": "gpu", "nd_range": {"device_start": 1585629047.0127194, "device_end": 1585629047.013308}, "cmdq": 0, "read": {"device_start": -1, "device_end": -1}}, "coalesced_transpose66": {"write": {"device_start": -1, "host_queued_start": 1585629113.559075, "device_queued": -1, "device_end": -1, "host_queued_end": 1585629113.593533}, "device": "gpu", "nd_range": {"device_start": 1585629047.0399733, "device_end": 1585629047.0399816}, "cmdq": 0, "read": {"device_start": -1, "device_end": -1}}, "coalesced_transpose93": {"write": {"device_start": -1, "host_queued_start": 1585629113.560107, "device_queued": -1, "device_end": -1, "host_queued_end": 1585629113.593533}, "device": "gpu", "nd_range": {"device_start": 1585629047.0400028, "device_end": 1585629047.0400114}, "cmdq": 0, "read": {"device_start": -1, "device_end": -1}}, "softmax23": {"write": {"device_start": -1, "host_queued_start": 1585629113.56771, "device_queued": -1, "device_end": -1, "host_queued_end": 1585629113.593533}, "device": "gpu", "nd_range": {"device_start": 1585629047.0500588, "device_end": 1585629047.0502696}, "cmdq": 0, "read": {"device_start": -1, "device_end": -1}}, "empty62": {"write": {"device_start": 1585629047.0030317, "host_queued_start": 1585629113.498477, "device_queued": 1585629047.0026402, "device_end": 1585629047.0030558, "host_queued_end": 1585629113.593533}, "device": "gpu", "nd_range": {"device_start": 1585629047.0030582, "device_end": 1585629047.0030618}, "cmdq": 0, "read": {"device_start": -1, "device_end": -1}}, "FFC_sans_bias10": {"write": {"device_start": 1585629047.007579, "host_queued_start": 1585629113.511137, "device_queued": 1585629047.0037987, "device_end": 1585629047.007603, "host_queued_end": 1585629113.593533}, "device": "gpu", "nd_range": {"device_start": 1585629047.0076091, "device_end": 1585629047.0082064}, "cmdq": 0, "read": {"device_start": -1, "device_end": -1}}, "FFC_sans_bias13": {"write": {"device_start": -1, "host_queued_start": 1585629113.562327, "device_queued": -1, "device_end": -1, "host_queued_end": 1585629113.593533}, "device": "gpu", "nd_range": {"device_start": 1585629047.0406618, "device_end": 1585629047.0412588}, "cmdq": 0, "read": {"device_start": -1, "device_end": -1}}, "FFC_sans_bias15": {"write": {"device_start": -1, "host_queued_start": 1585629113.571652, "device_queued": -1, "device_end": -1, "host_queued_end": 1585629113.593533}, "device": "gpu", "nd_range": {"device_start": 1585629047.0536256, "device_end": 1585629047.054226}, "cmdq": 0, "read": {"device_start": -1, "device_end": -1}}, "FFC_sans_bias16": {"write": {"device_start": 1585629047.0635827, "host_queued_start": 1585629113.578454, "device_queued": 1585629047.0110993, "device_end": 1585629047.063611, "host_queued_end": 1585629113.593533}, "device": "gpu", "nd_range": {"device_start": 1585629047.0636158, "device_end": 1585629047.0642123}, "cmdq": 0, "read": {"device_start": 1585629047.064216, "device_end": 1585629047.0642385}}, "FFC_sans_bias19": {"write": {"device_start": 1585629047.0097427, "host_queued_start": 1585629113.514307, "device_queued": 1585629047.0040538, "device_end": 1585629047.009766, "host_queued_end": 1585629113.593533}, "device": "gpu", "nd_range": {"device_start": 1585629047.0097687, "device_end": 1585629047.0103662}, "cmdq": 0, "read": {"device_start": -1, "device_end": -1}}, "FFC_sans_bias18": {"write": {"device_start": 1585629047.0090246, "host_queued_start": 1585629113.513259, "device_queued": 1585629047.0040045, "device_end": 1585629047.0090477, "host_queued_end": 1585629113.593533}, "device": "gpu", "nd_range": {"device_start": 1585629047.0090506, "device_end": 1585629047.009649}, "cmdq": 0, "read": {"device_start": -1, "device_end": -1}}, "FFC_sans_bias99": {"write": {"device_start": 1585629047.0291076, "host_queued_start": 1585629113.541889, "device_queued": 1585629047.0068486, "device_end": 1585629047.0291314, "host_queued_end": 1585629113.593533}, "device": "gpu", "nd_range": {"device_start": 1585629047.0291343, "device_end": 1585629047.0297353}, "cmdq": 0, "read": {"device_start": -1, "device_end": -1}}, "FFC_sans_bias91": {"write": {"device_start": 1585629047.0276258, "host_queued_start": 1585629113.539785, "device_queued": 1585629047.0066473, "device_end": 1585629047.0276551, "host_queued_end": 1585629113.593533}, "device": "gpu", "nd_range": {"device_start": 1585629047.0276582, "device_end": 1585629047.0282483}, "cmdq": 0, "read": {"device_start": -1, "device_end": -1}}, "FFC_sans_bias90": {"write": {"device_start": 1585629047.026865, "host_queued_start": 1585629113.538739, "device_queued": 1585629047.0066104, "device_end": 1585629047.026895, "host_queued_end": 1585629113.593533}, "device": "gpu", "nd_range": {"device_start": 1585629047.0269027, "device_end": 1585629047.0275097}, "cmdq": 0, "read": {"device_start": -1, "device_end": -1}}, "coalesced_transpose12": {"write": {"device_start": -1, "host_queued_start": 1585629113.557225, "device_queued": -1, "device_end": -1, "host_queued_end": 1585629113.593533}, "device": "gpu", "nd_range": {"device_start": 1585629047.0399148, "device_end": 1585629047.0399232}, "cmdq": 0, "read": {"device_start": -1, "device_end": -1}}, "FFC_sans_bias94": {"write": {"device_start": -1, "host_queued_start": 1585629113.565295, "device_queued": -1, "device_end": -1, "host_queued_end": 1585629113.593533}, "device": "gpu", "nd_range": {"device_start": 1585629047.0460348, "device_end": 1585629047.0466325}, "cmdq": 0, "read": {"device_start": -1, "device_end": -1}}, "FFC_sans_bias97": {"write": {"device_start": 1585629047.0710237, "host_queued_start": 1585629113.587972, "device_queued": 1585629047.0122645, "device_end": 1585629047.0710528, "host_queued_end": 1585629113.593533}, "device": "gpu", "nd_range": {"device_start": 1585629047.0710592, "device_end": 1585629047.0716527}, "cmdq": 0, "read": {"device_start": 1585629047.0716574, "device_end": 1585629047.0716798}}, "FFC_sans_bias96": {"write": {"device_start": -1, "host_queued_start": 1585629113.574629, "device_queued": -1, "device_end": -1, "host_queued_end": 1585629113.593533}, "device": "gpu", "nd_range": {"device_start": 1585629047.059044, "device_end": 1585629047.0596404}, "cmdq": 0, "read": {"device_start": -1, "device_end": -1}}, "FFC_sans_bias124": {"write": {"device_start": 1585629047.073519, "host_queued_start": 1585629113.591228, "device_queued": 1585629047.0125349, "device_end": 1585629047.0735478, "host_queued_end": 1585629113.593533}, "device": "gpu", "nd_range": {"device_start": 1585629047.073551, "device_end": 1585629047.0741503}, "cmdq": 0, "read": {"device_start": 1585629047.0741527, "device_end": 1585629047.0741754}}, "FFC_sans_bias126": {"write": {"device_start": 1585629047.0364363, "host_queued_start": 1585629113.552431, "device_queued": 1585629047.0077348, "device_end": 1585629047.036465, "host_queued_end": 1585629113.593533}, "device": "gpu", "nd_range": {"device_start": 1585629047.036474, "device_end": 1585629047.0370724}, "cmdq": 0, "read": {"device_start": -1, "device_end": -1}}, "softmax32": {"write": {"device_start": -1, "host_queued_start": 1585629113.56796, "device_queued": -1, "device_end": -1, "host_queued_end": 1585629113.593533}, "device": "gpu", "nd_range": {"device_start": 1585629047.0502706, "device_end": 1585629047.0504808}, "cmdq": 0, "read": {"device_start": -1, "device_end": -1}}, "coalesced_transpose84": {"write": {"device_start": -1, "host_queued_start": 1585629113.55971, "device_queued": -1, "device_end": -1, "host_queued_end": 1585629113.593533}, "device": "gpu", "nd_range": {"device_start": 1585629047.039993, "device_end": 1585629047.0400016}, "cmdq": 0, "read": {"device_start": -1, "device_end": -1}}, "FFC_sans_bias121": {"write": {"device_start": -1, "host_queued_start": 1585629113.566261, "device_queued": -1, "device_end": -1, "host_queued_end": 1585629113.593533}, "device": "gpu", "nd_range": {"device_start": 1585629047.047836, "device_end": 1585629047.0484347}, "cmdq": 0, "read": {"device_start": -1, "device_end": -1}}, "empty98": {"write": {"device_start": 1585629047.0038285, "host_queued_start": 1585629113.501775, "device_queued": 1585629047.003023, "device_end": 1585629047.0038528, "host_queued_end": 1585629113.593533}, "device": "gpu", "nd_range": {"device_start": 1585629047.0038683, "device_end": 1585629047.003872}, "cmdq": 0, "read": {"device_start": -1, "device_end": -1}}, "empty107": {"write": {"device_start": 1585629047.0039499, "host_queued_start": 1585629113.502628, "device_queued": 1585629047.003057, "device_end": 1585629047.0039737, "host_queued_end": 1585629113.593533}, "device": "gpu", "nd_range": {"device_start": 1585629047.0039792, "device_end": 1585629047.0039828}, "cmdq": 0, "read": {"device_start": -1, "device_end": -1}}, "empty17": {"write": {"device_start": 1585629047.0022275, "host_queued_start": 1585629113.494268, "device_queued": 1585629047.0020924, "device_end": 1585629047.0022519, "host_queued_end": 1585629113.593533}, "device": "gpu", "nd_range": {"device_start": 1585629047.0022573, "device_end": 1585629047.002261}, "cmdq": 0, "read": {"device_start": -1, "device_end": -1}}, "FFC_sans_bias87": {"write": {"device_start": -1, "host_queued_start": 1585629113.574276, "device_queued": -1, "device_end": -1, "host_queued_end": 1585629113.593533}, "device": "gpu", "nd_range": {"device_start": 1585629047.058438, "device_end": 1585629047.059043}, "cmdq": 0, "read": {"device_start": -1, "device_end": -1}}, "FFC_sans_bias85": {"write": {"device_start": -1, "host_queued_start": 1585629113.56497, "device_queued": -1, "device_end": -1, "host_queued_end": 1585629113.593533}, "device": "gpu", "nd_range": {"device_start": 1585629047.0454376, "device_end": 1585629047.0460336}, "cmdq": 0, "read": {"device_start": -1, "device_end": -1}}, "FFC_sans_bias82": {"write": {"device_start": 1585629047.0253832, "host_queued_start": 1585629113.536632, "device_queued": 1585629047.0064397, "device_end": 1585629047.0254133, "host_queued_end": 1585629113.593533}, "device": "gpu", "nd_range": {"device_start": 1585629047.0254164, "device_end": 1585629047.0260127}, "cmdq": 0, "read": {"device_start": -1, "device_end": -1}}, "FFC_sans_bias83": {"write": {"device_start": 1585629047.0261214, "host_queued_start": 1585629113.537686, "device_queued": 1585629047.0064855, "device_end": 1585629047.02615, "host_queued_end": 1585629113.593533}, "device": "gpu", "nd_range": {"device_start": 1585629047.0261593, "device_end": 1585629047.0267549}, "cmdq": 0, "read": {"device_start": -1, "device_end": -1}}, "FFC_sans_bias81": {"write": {"device_start": 1585629047.0246317, "host_queued_start": 1585629113.53556, "device_queued": 1585629047.0062902, "device_end": 1585629047.0246606, "host_queued_end": 1585629113.593533}, "device": "gpu", "nd_range": {"device_start": 1585629047.0246692, "device_end": 1585629047.0252676}, "cmdq": 0, "read": {"device_start": -1, "device_end": -1}}, "FFC_sans_bias88": {"write": {"device_start": 1585629047.070232, "host_queued_start": 1585629113.586914, "device_queued": 1585629047.0121028, "device_end": 1585629047.0702612, "host_queued_end": 1585629113.593533}, "device": "gpu", "nd_range": {"device_start": 1585629047.070264, "device_end": 1585629047.070861}, "cmdq": 0, "read": {"device_start": 1585629047.0708635, "device_end": 1585629047.070886}}, "coalesced_transpose30": {"write": {"device_start": -1, "host_queued_start": 1585629113.55784, "device_queued": -1, "device_end": -1, "host_queued_end": 1585629113.593533}, "device": "gpu", "nd_range": {"device_start": 1585629047.039935, "device_end": 1585629047.0399435}, "cmdq": 0, "read": {"device_start": -1, "device_end": -1}}, "FFC_sans_bias128": {"write": {"device_start": 1585629047.0357144, "host_queued_start": 1585629113.551384, "device_queued": 1585629047.007679, "device_end": 1585629047.0357382, "host_queued_end": 1585629113.593533}, "device": "gpu", "nd_range": {"device_start": 1585629047.035745, "device_end": 1585629047.036333}, "cmdq": 0, "read": {"device_start": -1, "device_end": -1}}, "coalesced_transpose39": {"write": {"device_start": -1, "host_queued_start": 1585629113.558146, "device_queued": -1, "device_end": -1, "host_queued_end": 1585629113.593533}, "device": "gpu", "nd_range": {"device_start": 1585629047.039945, "device_end": 1585629047.0399532}, "cmdq": 0, "read": {"device_start": -1, "device_end": -1}}, "FFC_sans_bias79": {"write": {"device_start": 1585629047.0693986, "host_queued_start": 1585629113.585857, "device_queued": 1585629047.012032, "device_end": 1585629047.0694277, "host_queued_end": 1585629113.593533}, "device": "gpu", "nd_range": {"device_start": 1585629047.0694363, "device_end": 1585629047.0700336}, "cmdq": 0, "read": {"device_start": 1585629047.0700405, "device_end": 1585629047.0700629}}, "FFC_sans_bias78": {"write": {"device_start": -1, "host_queued_start": 1585629113.573956, "device_queued": -1, "device_end": -1, "host_queued_end": 1585629113.593533}, "device": "gpu", "nd_range": {"device_start": 1585629047.0578356, "device_end": 1585629047.0584369}, "cmdq": 0, "read": {"device_start": -1, "device_end": -1}}, "FFC_sans_bias73": {"write": {"device_start": 1585629047.0231447, "host_queued_start": 1585629113.533431, "device_queued": 1585629047.00596, "device_end": 1585629047.0231743, "host_queued_end": 1585629113.593533}, "device": "gpu", "nd_range": {"device_start": 1585629047.0231776, "device_end": 1585629047.0237749}, "cmdq": 0, "read": {"device_start": -1, "device_end": -1}}, "FFC_sans_bias72": {"write": {"device_start": 1585629047.0223892, "host_queued_start": 1585629113.532391, "device_queued": 1585629047.0059073, "device_end": 1585629047.0224187, "host_queued_end": 1585629113.593533}, "device": "gpu", "nd_range": {"device_start": 1585629047.022435, "device_end": 1585629047.0230293}, "cmdq": 0, "read": {"device_start": -1, "device_end": -1}}, "FFC_sans_bias70": {"write": {"device_start": 1585629047.068565, "host_queued_start": 1585629113.584803, "device_queued": 1585629047.0118268, "device_end": 1585629047.0685947, "host_queued_end": 1585629113.593533}, "device": "gpu", "nd_range": {"device_start": 1585629047.0686085, "device_end": 1585629047.069205}, "cmdq": 0, "read": {"device_start": 1585629047.069213, "device_end": 1585629047.0692356}}, "FFC_sans_bias76": {"write": {"device_start": -1, "host_queued_start": 1585629113.564641, "device_queued": -1, "device_end": -1, "host_queued_end": 1585629113.593533}, "device": "gpu", "nd_range": {"device_start": 1585629047.0448399, "device_end": 1585629047.0454361}, "cmdq": 0, "read": {"device_start": -1, "device_end": -1}}, "FFC_sans_bias74": {"write": {"device_start": 1585629047.023884, "host_queued_start": 1585629113.534486, "device_queued": 1585629047.0062032, "device_end": 1585629047.023914, "host_queued_end": 1585629113.593533}, "device": "gpu", "nd_range": {"device_start": 1585629047.0239208, "device_end": 1585629047.0245233}, "cmdq": 0, "read": {"device_start": -1, "device_end": -1}}, "coalesced_transpose102": {"write": {"device_start": -1, "host_queued_start": 1585629113.560423, "device_queued": -1, "device_end": -1, "host_queued_end": 1585629113.593533}, "device": "gpu", "nd_range": {"device_start": 1585629047.0400124, "device_end": 1585629047.040021}, "cmdq": 0, "read": {"device_start": -1, "device_end": -1}}, "coalesced_transpose3": {"write": {"device_start": -1, "host_queued_start": 1585629113.556917, "device_queued": -1, "device_end": -1, "host_queued_end": 1585629113.593533}, "device": "gpu", "nd_range": {"device_start": 1585629047.039905, "device_end": 1585629047.039914}, "cmdq": 0, "read": {"device_start": -1, "device_end": -1}}, "FFC_sans_bias127": {"write": {"device_start": 1585629047.0371726, "host_queued_start": 1585629113.553465, "device_queued": 1585629047.0078561, "device_end": 1585629047.0371964, "host_queued_end": 1585629113.593533}, "device": "gpu", "nd_range": {"device_start": 1585629047.0372, "device_end": 1585629047.0377855}, "cmdq": 0, "read": {"device_start": -1, "device_end": -1}}, "empty89": {"write": {"device_start": 1585629047.003404, "host_queued_start": 1585629113.500956, "device_queued": 1585629047.002991, "device_end": 1585629047.0034275, "host_queued_end": 1585629113.593533}, "device": "gpu", "nd_range": {"device_start": 1585629047.00343, "device_end": 1585629047.0034332}, "cmdq": 0, "read": {"device_start": -1, "device_end": -1}}, "FFC_sans_bias123": {"write": {"device_start": -1, "host_queued_start": 1585629113.575687, "device_queued": -1, "device_end": -1, "host_queued_end": 1585629113.593533}, "device": "gpu", "nd_range": {"device_start": 1585629047.06084, "device_end": 1585629047.061427}, "cmdq": 0, "read": {"device_start": -1, "device_end": -1}}, "empty80": {"write": {"device_start": 1585629047.0032904, "host_queued_start": 1585629113.500139, "device_queued": 1585629047.0029168, "device_end": 1585629047.0033145, "host_queued_end": 1585629113.593533}, "device": "gpu", "nd_range": {"device_start": 1585629047.0033221, "device_end": 1585629047.0033326}, "cmdq": 0, "read": {"device_start": -1, "device_end": -1}}, "empty116": {"write": {"device_start": 1585629047.0040774, "host_queued_start": 1585629113.503457, "device_queued": 1585629047.0032153, "device_end": 1585629047.0041015, "host_queued_end": 1585629113.593533}, "device": "gpu", "nd_range": {"device_start": 1585629047.0041082, "device_end": 1585629047.0041118}, "cmdq": 0, "read": {"device_start": -1, "device_end": -1}}, "softmax104": {"write": {"device_start": -1, "host_queued_start": 1585629113.570012, "device_queued": -1, "device_end": -1, "host_queued_end": 1585629113.593533}, "device": "gpu", "nd_range": {"device_start": 1585629047.0519688, "device_end": 1585629047.0521786}, "cmdq": 0, "read": {"device_start": -1, "device_end": -1}}, "coalesced_transpose21": {"write": {"device_start": -1, "host_queued_start": 1585629113.557532, "device_queued": -1, "device_end": -1, "host_queued_end": 1585629113.593533}, "device": "gpu", "nd_range": {"device_start": 1585629047.0399244, "device_end": 1585629047.0399332}, "cmdq": 0, "read": {"device_start": -1, "device_end": -1}}, "softmax14": {"write": {"device_start": -1, "host_queued_start": 1585629113.56742, "device_queued": -1, "device_end": -1, "host_queued_end": 1585629113.593533}, "device": "gpu", "nd_range": {"device_start": 1585629047.0498476, "device_end": 1585629047.0500576}, "cmdq": 0, "read": {"device_start": -1, "device_end": -1}}, "FFC_sans_bias69": {"write": {"device_start": -1, "host_queued_start": 1585629113.573618, "device_queued": -1, "device_end": -1, "host_queued_end": 1585629113.593533}, "device": "gpu", "nd_range": {"device_start": 1585629047.057234, "device_end": 1585629047.057834}, "cmdq": 0, "read": {"device_start": -1, "device_end": -1}}, "FFC_sans_bias92": {"write": {"device_start": 1585629047.028357, "host_queued_start": 1585629113.540842, "device_queued": 1585629047.006786, "device_end": 1585629047.028387, "host_queued_end": 1585629113.593533}, "device": "gpu", "nd_range": {"device_start": 1585629047.0284026, "device_end": 1585629047.0290031}, "cmdq": 0, "read": {"device_start": -1, "device_end": -1}}, "FFC_sans_bias60": {"write": {"device_start": -1, "host_queued_start": 1585629113.573287, "device_queued": -1, "device_end": -1, "host_queued_end": 1585629113.593533}, "device": "gpu", "nd_range": {"device_start": 1585629047.0566308, "device_end": 1585629047.0572329}, "cmdq": 0, "read": {"device_start": -1, "device_end": -1}}, "FFC_sans_bias61": {"write": {"device_start": 1585629047.0677404, "host_queued_start": 1585629113.583761, "device_queued": 1585629047.011772, "device_end": 1585629047.06777, "host_queued_end": 1585629113.593533}, "device": "gpu", "nd_range": {"device_start": 1585629047.0677743, "device_end": 1585629047.0683694}, "cmdq": 0, "read": {"device_start": 1585629047.0683713, "device_end": 1585629047.0683942}}, "FFC_sans_bias63": {"write": {"device_start": 1585629047.0216334, "host_queued_start": 1585629113.531341, "device_queued": 1585629047.0057573, "device_end": 1585629047.0216637, "host_queued_end": 1585629113.593533}, "device": "gpu", "nd_range": {"device_start": 1585629047.021672, "device_end": 1585629047.0222726}, "cmdq": 0, "read": {"device_start": -1, "device_end": -1}}, "FFC_sans_bias64": {"write": {"device_start": 1585629047.0201454, "host_queued_start": 1585629113.529245, "device_queued": 1585629047.0055358, "device_end": 1585629047.0201755, "host_queued_end": 1585629113.593533}, "device": "gpu", "nd_range": {"device_start": 1585629047.0201843, "device_end": 1585629047.0207794}, "cmdq": 0, "read": {"device_start": -1, "device_end": -1}}, "FFC_sans_bias65": {"write": {"device_start": 1585629047.020889, "host_queued_start": 1585629113.530299, "device_queued": 1585629047.005698, "device_end": 1585629047.020918, "host_queued_end": 1585629113.593533}, "device": "gpu", "nd_range": {"device_start": 1585629047.0209277, "device_end": 1585629047.021518}, "cmdq": 0, "read": {"device_start": -1, "device_end": -1}}, "FFC_sans_bias67": {"write": {"device_start": -1, "host_queued_start": 1585629113.564319, "device_queued": -1, "device_end": -1, "host_queued_end": 1585629113.593533}, "device": "gpu", "nd_range": {"device_start": 1585629047.0442393, "device_end": 1585629047.0448387}, "cmdq": 0, "read": {"device_start": -1, "device_end": -1}}, "coalesced_transpose111": {"write": {"device_start": -1, "host_queued_start": 1585629113.560731, "device_queued": -1, "device_end": -1, "host_queued_end": 1585629113.593533}, "device": "gpu", "nd_range": {"device_start": 1585629047.0400221, "device_end": 1585629047.0400307}, "cmdq": 0, "read": {"device_start": -1, "device_end": -1}}, "FFC_sans_bias136": {"write": {"device_start": 1585629047.0378997, "host_queued_start": 1585629113.554519, "device_queued": 1585629047.0078952, "device_end": 1585629047.0379233, "host_queued_end": 1585629113.593533}, "device": "gpu", "nd_range": {"device_start": 1585629047.0379264, "device_end": 1585629047.038516}, "cmdq": 0, "read": {"device_start": -1, "device_end": -1}}, "FFC_sans_bias135": {"write": {"device_start": 1585629047.039278, "host_queued_start": 1585629113.556597, "device_queued": 1585629047.0080569, "device_end": 1585629047.0393016, "host_queued_end": 1585629113.593533}, "device": "gpu", "nd_range": {"device_start": 1585629047.0393045, "device_end": 1585629047.0399039}, "cmdq": 0, "read": {"device_start": -1, "device_end": -1}}, "FFC_sans_bias133": {"write": {"device_start": 1585629047.0743387, "host_queued_start": 1585629113.592278, "device_queued": 1585629047.01283, "device_end": 1585629047.0743682, "host_queued_end": 1585629113.593533}, "device": "gpu", "nd_range": {"device_start": 1585629047.0743709, "device_end": 1585629047.0749633}, "cmdq": 0, "read": {"device_start": 1585629047.074966, "device_end": 1585629047.0749884}}, "FFC_sans_bias132": {"write": {"device_start": -1, "host_queued_start": 1585629113.576029, "device_queued": -1, "device_end": -1, "host_queued_end": 1585629113.593533}, "device": "gpu", "nd_range": {"device_start": 1585629047.061428, "device_end": 1585629047.0620275}, "cmdq": 0, "read": {"device_start": -1, "device_end": -1}}, "softmax68": {"write": {"device_start": -1, "host_queued_start": 1585629113.568973, "device_queued": -1, "device_end": -1, "host_queued_end": 1585629113.593533}, "device": "gpu", "nd_range": {"device_start": 1585629047.0511174, "device_end": 1585629047.0513327}, "cmdq": 0, "read": {"device_start": -1, "device_end": -1}}, "softmax131": {"write": {"device_start": -1, "host_queued_start": 1585629113.570766, "device_queued": -1, "device_end": -1, "host_queued_end": 1585629113.593533}, "device": "gpu", "nd_range": {"device_start": 1585629047.0526018, "device_end": 1585629047.052811}, "cmdq": 0, "read": {"device_start": -1, "device_end": -1}}, "empty125": {"write": {"device_start": 1585629047.004213, "host_queued_start": 1585629113.50429, "device_queued": 1585629047.0032604, "device_end": 1585629047.0042362, "host_queued_end": 1585629113.593533}, "device": "gpu", "nd_range": {"device_start": 1585629047.0042403, "device_end": 1585629047.0042439}, "cmdq": 0, "read": {"device_start": -1, "device_end": -1}}, "FFC_sans_bias139": {"write": {"device_start": -1, "host_queued_start": 1585629113.566908, "device_queued": -1, "device_end": -1, "host_queued_end": 1585629113.593533}, "device": "gpu", "nd_range": {"device_start": 1585629047.0490358, "device_end": 1585629047.049633}, "cmdq": 0, "read": {"device_start": -1, "device_end": -1}}, "empty35": {"write": {"device_start": 1585629047.0025725, "host_queued_start": 1585629113.495964, "device_queued": 1585629047.0022793, "device_end": 1585629047.0026023, "host_queued_end": 1585629113.593533}, "device": "gpu", "nd_range": {"device_start": 1585629047.002605, "device_end": 1585629047.0026088}, "cmdq": 0, "read": {"device_start": -1, "device_end": -1}}, "softmax86": {"write": {"device_start": -1, "host_queued_start": 1585629113.569493, "device_queued": -1, "device_end": -1, "host_queued_end": 1585629113.593533}, "device": "gpu", "nd_range": {"device_start": 1585629047.0515468, "device_end": 1585629047.0517566}, "cmdq": 0, "read": {"device_start": -1, "device_end": -1}}, "FFC_sans_bias55": {"write": {"device_start": 1585629047.0193858, "host_queued_start": 1585629113.528165, "device_queued": 1585629047.0054753, "device_end": 1585629047.0194144, "host_queued_end": 1585629113.593533}, "device": "gpu", "nd_range": {"device_start": 1585629047.0194244, "device_end": 1585629047.0200293}, "cmdq": 0, "read": {"device_start": -1, "device_end": -1}}, "FFC_sans_bias54": {"write": {"device_start": 1585629047.0186453, "host_queued_start": 1585629113.527128, "device_queued": 1585629047.0053365, "device_end": 1585629047.0186753, "host_queued_end": 1585629113.593533}, "device": "gpu", "nd_range": {"device_start": 1585629047.018684, "device_end": 1585629047.0192757}, "cmdq": 0, "read": {"device_start": -1, "device_end": -1}}, "FFC_sans_bias56": {"write": {"device_start": 1585629047.0178978, "host_queued_start": 1585629113.526081, "device_queued": 1585629047.0052767, "device_end": 1585629047.0179272, "host_queued_end": 1585629113.593533}, "device": "gpu", "nd_range": {"device_start": 1585629047.0179303, "device_end": 1585629047.0185294}, "cmdq": 0, "read": {"device_start": -1, "device_end": -1}}, "FFC_sans_bias51": {"write": {"device_start": -1, "host_queued_start": 1585629113.572972, "device_queued": -1, "device_end": -1, "host_queued_end": 1585629113.593533}, "device": "gpu", "nd_range": {"device_start": 1585629047.056032, "device_end": 1585629047.0566292}, "cmdq": 0, "read": {"device_start": -1, "device_end": -1}}, "FFC_sans_bias52": {"write": {"device_start": 1585629047.0669081, "host_queued_start": 1585629113.582673, "device_queued": 1585629047.0116277, "device_end": 1585629047.0669374, "host_queued_end": 1585629113.593533}, "device": "gpu", "nd_range": {"device_start": 1585629047.066942, "device_end": 1585629047.0675395}, "cmdq": 0, "read": {"device_start": 1585629047.067548, "device_end": 1585629047.0675704}}, "FFC_sans_bias58": {"write": {"device_start": -1, "host_queued_start": 1585629113.563994, "device_queued": -1, "device_end": -1, "host_queued_end": 1585629113.593533}, "device": "gpu", "nd_range": {"device_start": 1585629047.043641, "device_end": 1585629047.044238}, "cmdq": 0, "read": {"device_start": -1, "device_end": -1}}, "FFC_sans_bias108": {"write": {"device_start": 1585629047.0312796, "host_queued_start": 1585629113.54509, "device_queued": 1585629047.0071378, "device_end": 1585629047.0313091, "host_queued_end": 1585629113.593533}, "device": "gpu", "nd_range": {"device_start": 1585629047.0313196, "device_end": 1585629047.0319173}, "cmdq": 0, "read": {"device_start": -1, "device_end": -1}}, "FFC_sans_bias109": {"write": {"device_start": 1585629047.032031, "host_queued_start": 1585629113.546134, "device_queued": 1585629047.0071754, "device_end": 1585629047.032055, "host_queued_end": 1585629113.593533}, "device": "gpu", "nd_range": {"device_start": 1585629047.0320578, "device_end": 1585629047.0326512}, "cmdq": 0, "read": {"device_start": -1, "device_end": -1}}, "coalesced_transpose129": {"write": {"device_start": -1, "host_queued_start": 1585629113.561355, "device_queued": -1, "device_end": -1, "host_queued_end": 1585629113.593533}, "device": "gpu", "nd_range": {"device_start": 1585629047.0400422, "device_end": 1585629047.0400498}, "cmdq": 0, "read": {"device_start": -1, "device_end": -1}}, "FFC_sans_bias103": {"write": {"device_start": -1, "host_queued_start": 1585629113.565616, "device_queued": -1, "device_end": -1, "host_queued_end": 1585629113.593533}, "device": "gpu", "nd_range": {"device_start": 1585629047.0466337, "device_end": 1585629047.047233}, "cmdq": 0, "read": {"device_start": -1, "device_end": -1}}, "FFC_sans_bias100": {"write": {"device_start": 1585629047.0298388, "host_queued_start": 1585629113.542939, "device_queued": 1585629047.006978, "device_end": 1585629047.0298624, "host_queued_end": 1585629113.593533}, "device": "gpu", "nd_range": {"device_start": 1585629047.029869, "device_end": 1585629047.0304713}, "cmdq": 0, "read": {"device_start": -1, "device_end": -1}}, "FFC_sans_bias101": {"write": {"device_start": 1585629047.0305738, "host_queued_start": 1585629113.544035, "device_queued": 1585629047.007015, "device_end": 1585629047.0305977, "host_queued_end": 1585629113.593533}, "device": "gpu", "nd_range": {"device_start": 1585629047.0306005, "device_end": 1585629047.0311942}, "cmdq": 0, "read": {"device_start": -1, "device_end": -1}}, "FFC_sans_bias106": {"write": {"device_start": 1585629047.071852, "host_queued_start": 1585629113.589025, "device_queued": 1585629047.0123227, "device_end": 1585629047.071883, "host_queued_end": 1585629113.593533}, "device": "gpu", "nd_range": {"device_start": 1585629047.0718899, "device_end": 1585629047.0724893}, "cmdq": 0, "read": {"device_start": 1585629047.072496, "device_end": 1585629047.0725186}}, "softmax122": {"write": {"device_start": -1, "host_queued_start": 1585629113.570511, "device_queued": -1, "device_end": -1, "host_queued_end": 1585629113.593533}, "device": "gpu", "nd_range": {"device_start": 1585629047.052391, "device_end": 1585629047.0526004}, "cmdq": 0, "read": {"device_start": -1, "device_end": -1}}, "FFC_sans_bias105": {"write": {"device_start": -1, "host_queued_start": 1585629113.575033, "device_queued": -1, "device_end": -1, "host_queued_end": 1585629113.593533}, "device": "gpu", "nd_range": {"device_start": 1585629047.0596414, "device_end": 1585629047.0602388}, "cmdq": 0, "read": {"device_start": -1, "device_end": -1}}, "softmax95": {"write": {"device_start": -1, "host_queued_start": 1585629113.569741, "device_queued": -1, "device_end": -1, "host_queued_end": 1585629113.593533}, "device": "gpu", "nd_range": {"device_start": 1585629047.0517578, "device_end": 1585629047.0519676}, "cmdq": 0, "read": {"device_start": -1, "device_end": -1}}, "coalesced_transpose57": {"write": {"device_start": -1, "host_queued_start": 1585629113.558771, "device_queued": -1, "device_end": -1, "host_queued_end": 1585629113.593533}, "device": "gpu", "nd_range": {"device_start": 1585629047.0399637, "device_end": 1585629047.0399718}, "cmdq": 0, "read": {"device_start": -1, "device_end": -1}}, "empty26": {"write": {"device_start": 1585629047.0023904, "host_queued_start": 1585629113.495136, "device_queued": 1585629047.0022213, "device_end": 1585629047.002419, "host_queued_end": 1585629113.593533}, "device": "gpu", "nd_range": {"device_start": 1585629047.0024216, "device_end": 1585629047.0024252}, "cmdq": 0, "read": {"device_start": -1, "device_end": -1}}, "softmax113": {"write": {"device_start": -1, "host_queued_start": 1585629113.570263, "device_queued": -1, "device_end": -1, "host_queued_end": 1585629113.593533}, "device": "gpu", "nd_range": {"device_start": 1585629047.0521796, "device_end": 1585629047.0523896}, "cmdq": 0, "read": {"device_start": -1, "device_end": -1}}, "FFC_sans_bias11": {"write": {"device_start": 1585629047.0083017, "host_queued_start": 1585629113.512214, "device_queued": 1585629047.0038416, "device_end": 1585629047.0083249, "host_queued_end": 1585629113.593533}, "device": "gpu", "nd_range": {"device_start": 1585629047.0083344, "device_end": 1585629047.00893}, "cmdq": 0, "read": {"device_start": -1, "device_end": -1}}, "FFC_sans_bias42": {"write": {"device_start": -1, "host_queued_start": 1585629113.57265, "device_queued": -1, "device_end": -1, "host_queued_end": 1585629113.593533}, "device": "gpu", "nd_range": {"device_start": 1585629047.0554311, "device_end": 1585629047.0560308}, "cmdq": 0, "read": {"device_start": -1, "device_end": -1}}, "FFC_sans_bias43": {"write": {"device_start": 1585629047.0660846, "host_queued_start": 1585629113.5816, "device_queued": 1585629047.0115652, "device_end": 1585629047.066114, "host_queued_end": 1585629113.593533}, "device": "gpu", "nd_range": {"device_start": 1585629047.0661185, "device_end": 1585629047.0667133}, "cmdq": 0, "read": {"device_start": 1585629047.0667164, "device_end": 1585629047.0667393}}, "FFC_sans_bias40": {"write": {"device_start": -1, "host_queued_start": 1585629113.563318, "device_queued": -1, "device_end": -1, "host_queued_end": 1585629113.593533}, "device": "gpu", "nd_range": {"device_start": 1585629047.0424476, "device_end": 1585629047.0430439}, "cmdq": 0, "read": {"device_start": -1, "device_end": -1}}, "FFC_sans_bias46": {"write": {"device_start": 1585629047.016397, "host_queued_start": 1585629113.523997, "device_queued": 1585629047.005045, "device_end": 1585629047.0164206, "host_queued_end": 1585629113.593533}, "device": "gpu", "nd_range": {"device_start": 1585629047.0164363, "device_end": 1585629047.0170312}, "cmdq": 0, "read": {"device_start": -1, "device_end": -1}}, "FFC_sans_bias47": {"write": {"device_start": 1585629047.017146, "host_queued_start": 1585629113.525046, "device_queued": 1585629047.0050876, "device_end": 1585629047.0171762, "host_queued_end": 1585629113.593533}, "device": "gpu", "nd_range": {"device_start": 1585629047.017185, "device_end": 1585629047.0177824}, "cmdq": 0, "read": {"device_start": -1, "device_end": -1}}, "FFC_sans_bias45": {"write": {"device_start": 1585629047.015644, "host_queued_start": 1585629113.522931, "device_queued": 1585629047.0049243, "device_end": 1585629047.0156744, "host_queued_end": 1585629113.593533}, "device": "gpu", "nd_range": {"device_start": 1585629047.0156827, "device_end": 1585629047.0162807}, "cmdq": 0, "read": {"device_start": -1, "device_end": -1}}, "FFC_sans_bias49": {"write": {"device_start": -1, "host_queued_start": 1585629113.563666, "device_queued": -1, "device_end": -1, "host_queued_end": 1585629113.593533}, "device": "gpu", "nd_range": {"device_start": 1585629047.043045, "device_end": 1585629047.04364}, "cmdq": 0, "read": {"device_start": -1, "device_end": -1}}, "softmax77": {"write": {"device_start": -1, "host_queued_start": 1585629113.56923, "device_queued": -1, "device_end": -1, "host_queued_end": 1585629113.593533}, "device": "gpu", "nd_range": {"device_start": 1585629047.0513337, "device_end": 1585629047.0515454}, "cmdq": 0, "read": {"device_start": -1, "device_end": -1}}, "empty134": {"write": {"device_start": 1585629047.0043166, "host_queued_start": 1585629113.505107, "device_queued": 1585629047.0032911, "device_end": 1585629047.004341, "host_queued_end": 1585629113.593533}, "device": "gpu", "nd_range": {"device_start": 1585629047.0043466, "device_end": 1585629047.0043504}, "cmdq": 0, "read": {"device_start": -1, "device_end": -1}}, "coalesced_transpose138": {"write": {"device_start": -1, "host_queued_start": 1585629113.56166, "device_queued": -1, "device_end": -1, "host_queued_end": 1585629113.593533}, "device": "gpu", "nd_range": {"device_start": 1585629047.040051, "device_end": 1585629047.0400593}, "cmdq": 0, "read": {"device_start": -1, "device_end": -1}}, "FFC_sans_bias119": {"write": {"device_start": 1585629047.0349803, "host_queued_start": 1585629113.550334, "device_queued": 1585629047.0075078, "device_end": 1585629047.035004, "host_queued_end": 1585629113.593533}, "device": "gpu", "nd_range": {"device_start": 1585629047.0350068, "device_end": 1585629047.0356011}, "cmdq": 0, "read": {"device_start": -1, "device_end": -1}}, "FFC_sans_bias118": {"write": {"device_start": 1585629047.0342367, "host_queued_start": 1585629113.549279, "device_queued": 1585629047.0074592, "device_end": 1585629047.0342605, "host_queued_end": 1585629113.593533}, "device": "gpu", "nd_range": {"device_start": 1585629047.0342672, "device_end": 1585629047.0348673}, "cmdq": 0, "read": {"device_start": -1, "device_end": -1}}, "empty143": {"write": {"device_start": 1585629047.0044107, "host_queued_start": 1585629113.505924, "device_queued": 1585629047.0033188, "device_end": 1585629047.0044346, "host_queued_end": 1585629113.593533}, "device": "gpu", "nd_range": {"device_start": 1585629047.0044398, "device_end": 1585629047.0044434}, "cmdq": 0, "read": {"device_start": -1, "device_end": -1}}, "FFC_sans_bias115": {"write": {"device_start": 1585629047.0726886, "host_queued_start": 1585629113.590115, "device_queued": 1585629047.0124784, "device_end": 1585629047.072718, "host_queued_end": 1585629113.593533}, "device": "gpu", "nd_range": {"device_start": 1585629047.0727327, "device_end": 1585629047.0733292}, "cmdq": 0, "read": {"device_start": 1585629047.0733316, "device_end": 1585629047.0733542}}, "FFC_sans_bias114": {"write": {"device_start": -1, "host_queued_start": 1585629113.575355, "device_queued": -1, "device_end": -1, "host_queued_end": 1585629113.593533}, "device": "gpu", "nd_range": {"device_start": 1585629047.06024, "device_end": 1585629047.0608387}, "cmdq": 0, "read": {"device_start": -1, "device_end": -1}}, "FFC_sans_bias117": {"write": {"device_start": 1585629047.0334985, "host_queued_start": 1585629113.548237, "device_queued": 1585629047.0073364, "device_end": 1585629047.0335224, "host_queued_end": 1585629113.593533}, "device": "gpu", "nd_range": {"device_start": 1585629047.033525, "device_end": 1585629047.034123}, "cmdq": 0, "read": {"device_start": -1, "device_end": -1}}, "softmax5": {"write": {"device_start": -1, "host_queued_start": 1585629113.567166, "device_queued": -1, "device_end": -1, "host_queued_end": 1585629113.593533}, "device": "gpu", "nd_range": {"device_start": 1585629047.0496342, "device_end": 1585629047.0498466}, "cmdq": 0, "read": {"device_start": -1, "device_end": -1}}, "FFC_sans_bias110": {"write": {"device_start": 1585629047.0327663, "host_queued_start": 1585629113.5472, "device_queued": 1585629047.0072997, "device_end": 1585629047.0327902, "host_queued_end": 1585629113.593533}, "device": "gpu", "nd_range": {"device_start": 1585629047.0327969, "device_end": 1585629047.033385}, "cmdq": 0, "read": {"device_start": -1, "device_end": -1}}, "FFC_sans_bias112": {"write": {"device_start": -1, "host_queued_start": 1585629113.565934, "device_queued": -1, "device_end": -1, "host_queued_end": 1585629113.593533}, "device": "gpu", "nd_range": {"device_start": 1585629047.0472348, "device_end": 1585629047.0478346}, "cmdq": 0, "read": {"device_start": -1, "device_end": -1}}, "empty53": {"write": {"device_start": 1585629047.0028746, "host_queued_start": 1585629113.497665, "device_queued": 1585629047.0026016, "device_end": 1585629047.002905, "host_queued_end": 1585629113.593533}, "device": "gpu", "nd_range": {"device_start": 1585629047.0029151, "device_end": 1585629047.002919}, "cmdq": 0, "read": {"device_start": -1, "device_end": -1}}, "coalesced_transpose48": {"write": {"device_start": -1, "host_queued_start": 1585629113.558455, "device_queued": -1, "device_end": -1, "host_queued_end": 1585629113.593533}, "device": "gpu", "nd_range": {"device_start": 1585629047.0399544, "device_end": 1585629047.0399628}, "cmdq": 0, "read": {"device_start": -1, "device_end": -1}}}