{"FFC_sans_bias4": {"write": {"device_start": -1, "host_queued_start": 1585629848.293726, "device_queued": -1, "device_end": -1, "host_queued_end": 1585629848.305526}, "device": "cpu", "nd_range": {"device_start": 2297622.5913209463, "device_end": 2297622.6013339832}, "cmdq": 2, "read": {"device_start": -1, "device_end": -1}}, "FFC_sans_bias7": {"write": {"device_start": -1, "host_queued_start": 1585629848.300478, "device_queued": -1, "device_end": -1, "host_queued_end": 1585629848.305526}, "device": "cpu", "nd_range": {"device_start": 2297622.644246073, "device_end": 2297622.658366951}, "cmdq": 0, "read": {"device_start": -1, "device_end": -1}}, "FFC_sans_bias6": {"write": {"device_start": -1, "host_queued_start": 1585629848.297675, "device_queued": -1, "device_end": -1, "host_queued_end": 1585629848.305526}, "device": "cpu", "nd_range": {"device_start": 2297622.6167454403, "device_end": 2297622.641166667}, "cmdq": 2, "read": {"device_start": -1, "device_end": -1}}, "FFC_sans_bias1": {"write": {"device_start": -1, "host_queued_start": 1585629848.272599, "device_queued": -1, "device_end": -1, "host_queued_end": 1585629848.305526}, "device": "cpu", "nd_range": {"device_start": 2297622.4963365803, "device_end": 2297622.511606193}, "cmdq": 3, "read": {"device_start": -1, "device_end": -1}}, "FFC_sans_bias0": {"write": {"device_start": -1, "host_queued_start": 1585629848.27131, "device_queued": -1, "device_end": -1, "host_queued_end": 1585629848.305526}, "device": "cpu", "nd_range": {"device_start": 2297622.495193119, "device_end": 2297622.510874134}, "cmdq": 2, "read": {"device_start": -1, "device_end": -1}}, "FFC_sans_bias2": {"write": {"device_start": -1, "host_queued_start": 1585629848.27378, "device_queued": -1, "device_end": -1, "host_queued_end": 1585629848.305526}, "device": "cpu", "nd_range": {"device_start": 2297622.495185913, "device_end": 2297622.511346926}, "cmdq": 0, "read": {"device_start": -1, "device_end": -1}}, "coalesced_transpose120": {"write": {"device_start": -1, "host_queued_start": 1585629848.242971, "device_queued": -1, "device_end": -1, "host_queued_end": 1585629848.263165}, "device": "gpu", "nd_range": {"device_start": 1585629781.6679976, "device_end": 1585629781.6688828}, "cmdq": 3, "read": {"device_start": -1, "device_end": -1}}, "FFC_sans_bias9": {"write": {"device_start": -1, "host_queued_start": 1585629848.274995, "device_queued": -1, "device_end": -1, "host_queued_end": 1585629848.305526}, "device": "cpu", "nd_range": {"device_start": 2297622.4952063872, "device_end": 2297622.51120232}, "cmdq": 1, "read": {"device_start": -1, "device_end": -1}}, "empty71": {"write": {"device_start": 1585629781.6524203, "host_queued_start": 1585629848.202118, "device_queued": 1585629781.6523128, "device_end": 1585629781.6524909, "host_queued_end": 1585629848.263165}, "device": "gpu", "nd_range": {"device_start": 1585629781.652506, "device_end": 1585629781.6525126}, "cmdq": 1, "read": {"device_start": -1, "device_end": -1}}, "softmax41": {"write": {"device_start": -1, "host_queued_start": 1585629848.297059, "device_queued": -1, "device_end": -1, "host_queued_end": 1585629848.305526}, "device": "cpu", "nd_range": {"device_start": 2297622.616042954, "device_end": 2297622.616722294}, "cmdq": 0, "read": {"device_start": -1, "device_end": -1}}, "FFC_sans_bias37": {"write": {"device_start": -1, "host_queued_start": 1585629848.2861, "device_queued": -1, "device_end": -1, "host_queued_end": 1585629848.305526}, "device": "cpu", "nd_range": {"device_start": 2297622.542598021, "device_end": 2297622.557824977}, "cmdq": 3, "read": {"device_start": -1, "device_end": -1}}, "FFC_sans_bias36": {"write": {"device_start": -1, "host_queued_start": 1585629848.285054, "device_queued": -1, "device_end": -1, "host_queued_end": 1585629848.305526}, "device": "cpu", "nd_range": {"device_start": 2297622.541712083, "device_end": 2297622.556908262}, "cmdq": 2, "read": {"device_start": -1, "device_end": -1}}, "FFC_sans_bias34": {"write": {"device_start": -1, "host_queued_start": 1585629848.303504, "device_queued": -1, "device_end": -1, "host_queued_end": 1585629848.305526}, "device": "cpu", "nd_range": {"device_start": 2297622.633293734, "device_end": 2297622.644820045}, "cmdq": 3, "read": {"device_start": -1, "device_end": -1}}, "FFC_sans_bias33": {"write": {"device_start": -1, "host_queued_start": 1585629848.298728, "device_queued": -1, "device_end": -1, "host_queued_end": 1585629848.305526}, "device": "cpu", "nd_range": {"device_start": 2297622.604557842, "device_end": 2297622.61603697}, "cmdq": 1, "read": {"device_start": -1, "device_end": -1}}, "FFC_sans_bias31": {"write": {"device_start": -1, "host_queued_start": 1585629848.294861, "device_queued": -1, "device_end": -1, "host_queued_end": 1585629848.305526}, "device": "cpu", "nd_range": {"device_start": 2297622.579146924, "device_end": 2297622.5886782752}, "cmdq": 1, "read": {"device_start": -1, "device_end": -1}}, "FFC_sans_bias38": {"write": {"device_start": -1, "host_queued_start": 1585629848.287233, "device_queued": -1, "device_end": -1, "host_queued_end": 1585629848.305526}, "device": "cpu", "nd_range": {"device_start": 2297622.5751561373, "device_end": 2297622.590894158}, "cmdq": 0, "read": {"device_start": -1, "device_end": -1}}, "coalesced_transpose75": {"write": {"device_start": -1, "host_queued_start": 1585629848.241419, "device_queued": -1, "device_end": -1, "host_queued_end": 1585629848.263165}, "device": "gpu", "nd_range": {"device_start": 1585629781.6674705, "device_end": 1585629781.6678379}, "cmdq": 2, "read": {"device_start": -1, "device_end": -1}}, "softmax140": {"write": {"device_start": -1, "host_queued_start": 1585629848.249287, "device_queued": -1, "device_end": -1, "host_queued_end": 1585629848.263165}, "device": "gpu", "nd_range": {"device_start": 1585629781.673016, "device_end": 1585629781.6738071}, "cmdq": 1, "read": {"device_start": -1, "device_end": -1}}, "empty44": {"write": {"device_start": -1, "host_queued_start": 1585629848.26928, "device_queued": -1, "device_end": -1, "host_queued_end": 1585629848.305526}, "device": "cpu", "nd_range": {"device_start": 2297622.495178556, "device_end": 2297622.4951795223}, "cmdq": 0, "read": {"device_start": -1, "device_end": -1}}, "FFC_sans_bias137": {"write": {"device_start": 1585629781.6656475, "host_queued_start": 1585629848.239429, "device_queued": 1585629781.6562834, "device_end": 1585629781.6656725, "host_queued_end": 1585629848.263165}, "device": "gpu", "nd_range": {"device_start": 1585629781.665681, "device_end": 1585629781.6674669}, "cmdq": 2, "read": {"device_start": -1, "device_end": -1}}, "empty8": {"write": {"device_start": -1, "host_queued_start": 1585629848.26507, "device_queued": -1, "device_end": -1, "host_queued_end": 1585629848.305526}, "device": "cpu", "nd_range": {"device_start": 2297622.495166929, "device_end": 2297622.495168282}, "cmdq": 0, "read": {"device_start": -1, "device_end": -1}}, "softmax50": {"write": {"device_start": -1, "host_queued_start": 1585629848.297335, "device_queued": -1, "device_end": -1, "host_queued_end": 1585629848.305526}, "device": "cpu", "nd_range": {"device_start": 2297622.604345384, "device_end": 2297622.604551584}, "cmdq": 1, "read": {"device_start": -1, "device_end": -1}}, "softmax59": {"write": {"device_start": -1, "host_queued_start": 1585629848.247034, "device_queued": -1, "device_end": -1, "host_queued_end": 1585629848.263165}, "device": "gpu", "nd_range": {"device_start": 1585629781.6699684, "device_end": 1585629781.6716514}, "cmdq": 0, "read": {"device_start": -1, "device_end": -1}}, "FFC_sans_bias142": {"write": {"device_start": 1585629781.681085, "host_queued_start": 1585629848.26306, "device_queued": 1585629781.659644, "device_end": 1585629781.6811159, "host_queued_end": 1585629848.263165}, "device": "gpu", "nd_range": {"device_start": 1585629781.681136, "device_end": 1585629781.6827393}, "cmdq": 1, "read": {"device_start": 1585629781.6827455, "device_end": 1585629781.6827686}}, "FFC_sans_bias141": {"write": {"device_start": -1, "host_queued_start": 1585629848.252526, "device_queued": -1, "device_end": -1, "host_queued_end": 1585629848.263165}, "device": "gpu", "nd_range": {"device_start": 1585629781.676988, "device_end": 1585629781.678406}, "cmdq": 3, "read": {"device_start": -1, "device_end": -1}}, "FFC_sans_bias24": {"write": {"device_start": -1, "host_queued_start": 1585629848.29837, "device_queued": -1, "device_end": -1, "host_queued_end": 1585629848.305526}, "device": "cpu", "nd_range": {"device_start": 2297622.61677375, "device_end": 2297622.632090556}, "cmdq": 0, "read": {"device_start": -1, "device_end": -1}}, "FFC_sans_bias25": {"write": {"device_start": -1, "host_queued_start": 1585629848.302502, "device_queued": -1, "device_end": -1, "host_queued_end": 1585629848.305526}, "device": "cpu", "nd_range": {"device_start": 2297622.65867071, "device_end": 2297622.669377697}, "cmdq": 2, "read": {"device_start": -1, "device_end": -1}}, "FFC_sans_bias27": {"write": {"device_start": -1, "host_queued_start": 1585629848.281865, "device_queued": -1, "device_end": -1, "host_queued_end": 1585629848.305526}, "device": "cpu", "nd_range": {"device_start": 2297622.52701563, "device_end": 2297622.542478968}, "cmdq": 3, "read": {"device_start": -1, "device_end": -1}}, "FFC_sans_bias20": {"write": {"device_start": -1, "host_queued_start": 1585629848.280789, "device_queued": -1, "device_end": -1, "host_queued_end": 1585629848.305526}, "device": "cpu", "nd_range": {"device_start": 2297622.526364251, "device_end": 2297622.541590475}, "cmdq": 2, "read": {"device_start": -1, "device_end": -1}}, "FFC_sans_bias22": {"write": {"device_start": -1, "host_queued_start": 1585629848.294513, "device_queued": -1, "device_end": -1, "host_queued_end": 1585629848.305526}, "device": "cpu", "nd_range": {"device_start": 2297622.5926092463, "device_end": 2297622.604124437}, "cmdq": 0, "read": {"device_start": -1, "device_end": -1}}, "FFC_sans_bias130": {"write": {"device_start": -1, "host_queued_start": 1585629848.246453, "device_queued": -1, "device_end": -1, "host_queued_end": 1585629848.263165}, "device": "gpu", "nd_range": {"device_start": 1585629781.6709619, "device_end": 1585629781.6724222}, "cmdq": 2, "read": {"device_start": -1, "device_end": -1}}, "FFC_sans_bias28": {"write": {"device_start": -1, "host_queued_start": 1585629848.282953, "device_queued": -1, "device_end": -1, "host_queued_end": 1585629848.305526}, "device": "cpu", "nd_range": {"device_start": 2297622.545308654, "device_end": 2297622.566860219}, "cmdq": 0, "read": {"device_start": -1, "device_end": -1}}, "FFC_sans_bias29": {"write": {"device_start": -1, "host_queued_start": 1585629848.284004, "device_queued": -1, "device_end": -1, "host_queued_end": 1585629848.305526}, "device": "cpu", "nd_range": {"device_start": 2297622.527040069, "device_end": 2297622.543036947}, "cmdq": 1, "read": {"device_start": -1, "device_end": -1}}, "coalesced_transpose66": {"write": {"device_start": -1, "host_queued_start": 1585629848.241115, "device_queued": -1, "device_end": -1, "host_queued_end": 1585629848.263165}, "device": "gpu", "nd_range": {"device_start": 1585629781.6669834, "device_end": 1585629781.6678226}, "cmdq": 1, "read": {"device_start": -1, "device_end": -1}}, "coalesced_transpose93": {"write": {"device_start": -1, "host_queued_start": 1585629848.242053, "device_queued": -1, "device_end": -1, "host_queued_end": 1585629848.263165}, "device": "gpu", "nd_range": {"device_start": 1585629781.6678176, "device_end": 1585629781.6678562}, "cmdq": 0, "read": {"device_start": -1, "device_end": -1}}, "softmax23": {"write": {"device_start": -1, "host_queued_start": 1585629848.296503, "device_queued": -1, "device_end": -1, "host_queued_end": 1585629848.305526}, "device": "cpu", "nd_range": {"device_start": 2297622.610637073, "device_end": 2297622.6167382}, "cmdq": 2, "read": {"device_start": -1, "device_end": -1}}, "empty62": {"write": {"device_start": 1585629781.652275, "host_queued_start": 1585629848.201063, "device_queued": 1585629781.6521378, "device_end": 1585629781.652308, "host_queued_end": 1585629848.263165}, "device": "gpu", "nd_range": {"device_start": 1585629781.6523187, "device_end": 1585629781.6523292}, "cmdq": 0, "read": {"device_start": -1, "device_end": -1}}, "FFC_sans_bias10": {"write": {"device_start": -1, "host_queued_start": 1585629848.276196, "device_queued": -1, "device_end": -1, "host_queued_end": 1585629848.305526}, "device": "cpu", "nd_range": {"device_start": 2297622.511028722, "device_end": 2297622.5262284633}, "cmdq": 2, "read": {"device_start": -1, "device_end": -1}}, "FFC_sans_bias13": {"write": {"device_start": -1, "host_queued_start": 1585629848.294123, "device_queued": -1, "device_end": -1, "host_queued_end": 1585629848.305526}, "device": "cpu", "nd_range": {"device_start": 2297622.5763933253, "device_end": 2297622.591073336}, "cmdq": 3, "read": {"device_start": -1, "device_end": -1}}, "FFC_sans_bias15": {"write": {"device_start": -1, "host_queued_start": 1585629848.298018, "device_queued": -1, "device_end": -1, "host_queued_end": 1585629848.305526}, "device": "cpu", "nd_range": {"device_start": 2297622.6032843743, "device_end": 2297622.617118977}, "cmdq": 3, "read": {"device_start": -1, "device_end": -1}}, "FFC_sans_bias16": {"write": {"device_start": -1, "host_queued_start": 1585629848.301498, "device_queued": -1, "device_end": -1, "host_queued_end": 1585629848.305526}, "device": "cpu", "nd_range": {"device_start": 2297622.62800513, "device_end": 2297622.638015305}, "cmdq": 1, "read": {"device_start": -1, "device_end": -1}}, "FFC_sans_bias19": {"write": {"device_start": -1, "host_queued_start": 1585629848.279693, "device_queued": -1, "device_end": -1, "host_queued_end": 1585629848.305526}, "device": "cpu", "nd_range": {"device_start": 2297622.51133523, "device_end": 2297622.5269904924}, "cmdq": 1, "read": {"device_start": -1, "device_end": -1}}, "FFC_sans_bias18": {"write": {"device_start": -1, "host_queued_start": 1585629848.278602, "device_queued": -1, "device_end": -1, "host_queued_end": 1585629848.305526}, "device": "cpu", "nd_range": {"device_start": 2297622.5144377, "device_end": 2297622.539373327}, "cmdq": 0, "read": {"device_start": -1, "device_end": -1}}, "FFC_sans_bias99": {"write": {"device_start": 1585629781.6594493, "host_queued_start": 1585629848.225768, "device_queued": 1585629781.6549106, "device_end": 1585629781.6594753, "host_queued_end": 1585629848.263165}, "device": "gpu", "nd_range": {"device_start": 1585629781.6594906, "device_end": 1585629781.661161}, "cmdq": 1, "read": {"device_start": -1, "device_end": -1}}, "FFC_sans_bias91": {"write": {"device_start": 1585629781.6583972, "host_queued_start": 1585629848.223554, "device_queued": 1585629781.6545122, "device_end": 1585629781.658423, "host_queued_end": 1585629848.263165}, "device": "gpu", "nd_range": {"device_start": 1585629781.6584275, "device_end": 1585629781.6602244}, "cmdq": 3, "read": {"device_start": -1, "device_end": -1}}, "FFC_sans_bias90": {"write": {"device_start": 1585629781.6578555, "host_queued_start": 1585629848.222486, "device_queued": 1585629781.6544943, "device_end": 1585629781.6578813, "host_queued_end": 1585629848.263165}, "device": "gpu", "nd_range": {"device_start": 1585629781.6578887, "device_end": 1585629781.659727}, "cmdq": 2, "read": {"device_start": -1, "device_end": -1}}, "coalesced_transpose12": {"write": {"device_start": -1, "host_queued_start": 1585629848.291768, "device_queued": -1, "device_end": -1, "host_queued_end": 1585629848.305526}, "device": "cpu", "nd_range": {"device_start": 2297622.56003565, "device_end": 2297622.5602911483}, "cmdq": 1, "read": {"device_start": -1, "device_end": -1}}, "FFC_sans_bias94": {"write": {"device_start": -1, "host_queued_start": 1585629848.245177, "device_queued": -1, "device_end": -1, "host_queued_end": 1585629848.263165}, "device": "gpu", "nd_range": {"device_start": 1585629781.6689906, "device_end": 1585629781.6709464}, "cmdq": 2, "read": {"device_start": -1, "device_end": -1}}, "FFC_sans_bias97": {"write": {"device_start": 1585629781.678301, "host_queued_start": 1585629848.257772, "device_queued": 1585629781.6589668, "device_end": 1585629781.6783326, "host_queued_end": 1585629848.263165}, "device": "gpu", "nd_range": {"device_start": 1585629781.6783586, "device_end": 1585629781.6799104}, "cmdq": 0, "read": {"device_start": 1585629781.679919, "device_end": 1585629781.6799462}}, "FFC_sans_bias96": {"write": {"device_start": -1, "host_queued_start": 1585629848.25094, "device_queued": -1, "device_end": -1, "host_queued_end": 1585629848.263165}, "device": "gpu", "nd_range": {"device_start": 1585629781.6740642, "device_end": 1585629781.675992}, "cmdq": 2, "read": {"device_start": -1, "device_end": -1}}, "FFC_sans_bias124": {"write": {"device_start": 1585629781.6805522, "host_queued_start": 1585629848.260951, "device_queued": 1585629781.659173, "device_end": 1585629781.6805835, "host_queued_end": 1585629848.263165}, "device": "gpu", "nd_range": {"device_start": 1585629781.680603, "device_end": 1585629781.6822832}, "cmdq": 3, "read": {"device_start": 1585629781.682286, "device_end": 1585629781.6823094}}, "FFC_sans_bias126": {"write": {"device_start": 1585629781.6642172, "host_queued_start": 1585629848.23625, "device_queued": 1585629781.6558728, "device_end": 1585629781.6642442, "host_queued_end": 1585629848.263165}, "device": "gpu", "nd_range": {"device_start": 1585629781.6642587, "device_end": 1585629781.6660225}, "cmdq": 3, "read": {"device_start": -1, "device_end": -1}}, "softmax32": {"write": {"device_start": -1, "host_queued_start": 1585629848.296783, "device_queued": -1, "device_end": -1, "host_queued_end": 1585629848.305526}, "device": "cpu", "nd_range": {"device_start": 2297622.6029564333, "device_end": 2297622.603167987}, "cmdq": 3, "read": {"device_start": -1, "device_end": -1}}, "coalesced_transpose84": {"write": {"device_start": -1, "host_queued_start": 1585629848.241725, "device_queued": -1, "device_end": -1, "host_queued_end": 1585629848.263165}, "device": "gpu", "nd_range": {"device_start": 1585629781.667939, "device_end": 1585629781.6679845}, "cmdq": 3, "read": {"device_start": -1, "device_end": -1}}, "FFC_sans_bias121": {"write": {"device_start": -1, "host_queued_start": 1585629848.246135, "device_queued": -1, "device_end": -1, "host_queued_end": 1585629848.263165}, "device": "gpu", "nd_range": {"device_start": 1585629781.66956, "device_end": 1585629781.67146}, "cmdq": 1, "read": {"device_start": -1, "device_end": -1}}, "empty98": {"write": {"device_start": 1585629781.65271, "host_queued_start": 1585629848.204745, "device_queued": 1585629781.6526203, "device_end": 1585629781.6527812, "host_queued_end": 1585629848.263165}, "device": "gpu", "nd_range": {"device_start": 1585629781.6527915, "device_end": 1585629781.652799}, "cmdq": 0, "read": {"device_start": -1, "device_end": -1}}, "empty107": {"write": {"device_start": 1585629781.6528068, "host_queued_start": 1585629848.205565, "device_queued": 1585629781.6526723, "device_end": 1585629781.6528664, "host_queued_end": 1585629848.263165}, "device": "gpu", "nd_range": {"device_start": 1585629781.6528773, "device_end": 1585629781.6528842}, "cmdq": 1, "read": {"device_start": -1, "device_end": -1}}, "empty17": {"write": {"device_start": -1, "host_queued_start": 1585629848.2663, "device_queued": -1, "device_end": -1, "host_queued_end": 1585629848.305526}, "device": "cpu", "nd_range": {"device_start": 2297622.495168737, "device_end": 2297622.4951724634}, "cmdq": 1, "read": {"device_start": -1, "device_end": -1}}, "FFC_sans_bias87": {"write": {"device_start": -1, "host_queued_start": 1585629848.250621, "device_queued": -1, "device_end": -1, "host_queued_end": 1585629848.263165}, "device": "gpu", "nd_range": {"device_start": 1585629781.6738212, "device_end": 1585629781.675554}, "cmdq": 1, "read": {"device_start": -1, "device_end": -1}}, "FFC_sans_bias85": {"write": {"device_start": -1, "host_queued_start": 1585629848.244854, "device_queued": -1, "device_end": -1, "host_queued_end": 1585629848.263165}, "device": "gpu", "nd_range": {"device_start": 1585629781.668019, "device_end": 1585629781.6695445}, "cmdq": 1, "read": {"device_start": -1, "device_end": -1}}, "FFC_sans_bias82": {"write": {"device_start": 1585629781.6568832, "host_queued_start": 1585629848.220394, "device_queued": 1585629781.654267, "device_end": 1585629781.6569095, "host_queued_end": 1585629848.263165}, "device": "gpu", "nd_range": {"device_start": 1585629781.6569142, "device_end": 1585629781.6587358}, "cmdq": 0, "read": {"device_start": -1, "device_end": -1}}, "FFC_sans_bias83": {"write": {"device_start": 1585629781.657404, "host_queued_start": 1585629848.221442, "device_queued": 1585629781.6544619, "device_end": 1585629781.6574295, "host_queued_end": 1585629848.263165}, "device": "gpu", "nd_range": {"device_start": 1585629781.6574366, "device_end": 1585629781.6592743}, "cmdq": 1, "read": {"device_start": -1, "device_end": -1}}, "FFC_sans_bias81": {"write": {"device_start": 1585629781.6564453, "host_queued_start": 1585629848.21934, "device_queued": 1585629781.6540983, "device_end": 1585629781.6564698, "host_queued_end": 1585629848.263165}, "device": "gpu", "nd_range": {"device_start": 1585629781.6564744, "device_end": 1585629781.6583073}, "cmdq": 3, "read": {"device_start": -1, "device_end": -1}}, "FFC_sans_bias88": {"write": {"device_start": 1585629781.67855, "host_queued_start": 1585629848.256724, "device_queued": 1585629781.6586988, "device_end": 1585629781.6785812, "host_queued_end": 1585629848.263165}, "device": "gpu", "nd_range": {"device_start": 1585629781.6786053, "device_end": 1585629781.6803448}, "cmdq": 3, "read": {"device_start": 1585629781.6803513, "device_end": 1585629781.6803753}}, "coalesced_transpose30": {"write": {"device_start": -1, "host_queued_start": 1585629848.292569, "device_queued": -1, "device_end": -1, "host_queued_end": 1585629848.305526}, "device": "cpu", "nd_range": {"device_start": 2297622.575155966, "device_end": 2297622.576275484}, "cmdq": 3, "read": {"device_start": -1, "device_end": -1}}, "FFC_sans_bias128": {"write": {"device_start": 1585629781.6636944, "host_queued_start": 1585629848.235212, "device_queued": 1585629781.655849, "device_end": 1585629781.6637208, "host_queued_end": 1585629848.263165}, "device": "gpu", "nd_range": {"device_start": 1585629781.6637292, "device_end": 1585629781.665527}, "cmdq": 2, "read": {"device_start": -1, "device_end": -1}}, "coalesced_transpose39": {"write": {"device_start": -1, "host_queued_start": 1585629848.292945, "device_queued": -1, "device_end": -1, "host_queued_end": 1585629848.305526}, "device": "cpu", "nd_range": {"device_start": 2297622.5912881023, "device_end": 2297622.592494549}, "cmdq": 0, "read": {"device_start": -1, "device_end": -1}}, "FFC_sans_bias79": {"write": {"device_start": 1585629781.6781166, "host_queued_start": 1585629848.255676, "device_queued": 1585629781.6586814, "device_end": 1585629781.6781433, "host_queued_end": 1585629848.263165}, "device": "gpu", "nd_range": {"device_start": 1585629781.678173, "device_end": 1585629781.6793733}, "cmdq": 2, "read": {"device_start": 1585629781.6793795, "device_end": 1585629781.6794076}}, "FFC_sans_bias78": {"write": {"device_start": -1, "host_queued_start": 1585629848.250253, "device_queued": -1, "device_end": -1, "host_queued_end": 1585629848.263165}, "device": "gpu", "nd_range": {"device_start": 1585629781.673, "device_end": 1585629781.6736073}, "cmdq": 0, "read": {"device_start": -1, "device_end": -1}}, "FFC_sans_bias73": {"write": {"device_start": 1585629781.655483, "host_queued_start": 1585629848.217188, "device_queued": 1585629781.6540365, "device_end": 1585629781.6555152, "host_queued_end": 1585629848.263165}, "device": "gpu", "nd_range": {"device_start": 1585629781.6555197, "device_end": 1585629781.6573222}, "cmdq": 1, "read": {"device_start": -1, "device_end": -1}}, "FFC_sans_bias72": {"write": {"device_start": 1585629781.6550238, "host_queued_start": 1585629848.216144, "device_queued": 1585629781.653844, "device_end": 1585629781.6550481, "host_queued_end": 1585629848.263165}, "device": "gpu", "nd_range": {"device_start": 1585629781.6550574, "device_end": 1585629781.6568005}, "cmdq": 0, "read": {"device_start": -1, "device_end": -1}}, "FFC_sans_bias70": {"write": {"device_start": 1585629781.677636, "host_queued_start": 1585629848.254635, "device_queued": 1585629781.6586576, "device_end": 1585629781.6776698, "host_queued_end": 1585629848.263165}, "device": "gpu", "nd_range": {"device_start": 1585629781.6776931, "device_end": 1585629781.6789339}, "cmdq": 1, "read": {"device_start": 1585629781.6789372, "device_end": 1585629781.6789675}}, "FFC_sans_bias76": {"write": {"device_start": -1, "host_queued_start": 1585629848.244535, "device_queued": -1, "device_end": -1, "host_queued_end": 1585629848.263165}, "device": "gpu", "nd_range": {"device_start": 1585629781.66796, "device_end": 1585629781.6685638}, "cmdq": 0, "read": {"device_start": -1, "device_end": -1}}, "FFC_sans_bias74": {"write": {"device_start": 1585629781.6559432, "host_queued_start": 1585629848.218244, "device_queued": 1585629781.6540613, "device_end": 1585629781.655974, "host_queued_end": 1585629848.263165}, "device": "gpu", "nd_range": {"device_start": 1585629781.6559803, "device_end": 1585629781.657766}, "cmdq": 2, "read": {"device_start": -1, "device_end": -1}}, "coalesced_transpose102": {"write": {"device_start": -1, "host_queued_start": 1585629848.242355, "device_queued": -1, "device_end": -1, "host_queued_end": 1585629848.263165}, "device": "gpu", "nd_range": {"device_start": 1585629781.6678324, "device_end": 1585629781.6678624}, "cmdq": 1, "read": {"device_start": -1, "device_end": -1}}, "coalesced_transpose3": {"write": {"device_start": -1, "host_queued_start": 1585629848.291373, "device_queued": -1, "device_end": -1, "host_queued_end": 1585629848.305526}, "device": "cpu", "nd_range": {"device_start": 2297622.591012673, "device_end": 2297622.591170675}, "cmdq": 0, "read": {"device_start": -1, "device_end": -1}}, "FFC_sans_bias127": {"write": {"device_start": 1585629781.6646621, "host_queued_start": 1585629848.23728, "device_queued": 1585629781.656115, "device_end": 1585629781.6646888, "host_queued_end": 1585629848.263165}, "device": "gpu", "nd_range": {"device_start": 1585629781.664704, "device_end": 1585629781.6665008}, "cmdq": 0, "read": {"device_start": -1, "device_end": -1}}, "empty89": {"write": {"device_start": 1585629781.652615, "host_queued_start": 1585629848.203902, "device_queued": 1585629781.652355, "device_end": 1585629781.652665, "host_queued_end": 1585629848.263165}, "device": "gpu", "nd_range": {"device_start": 1585629781.6526706, "device_end": 1585629781.6526763}, "cmdq": 3, "read": {"device_start": -1, "device_end": -1}}, "FFC_sans_bias123": {"write": {"device_start": -1, "host_queued_start": 1585629848.251893, "device_queued": -1, "device_end": -1, "host_queued_end": 1585629848.263165}, "device": "gpu", "nd_range": {"device_start": 1585629781.6755676, "device_end": 1585629781.6774616}, "cmdq": 1, "read": {"device_start": -1, "device_end": -1}}, "empty80": {"write": {"device_start": 1585629781.6525211, "host_queued_start": 1585629848.203059, "device_queued": 1585629781.652337, "device_end": 1585629781.652587, "host_queued_end": 1585629848.263165}, "device": "gpu", "nd_range": {"device_start": 1585629781.6525936, "device_end": 1585629781.6525977}, "cmdq": 2, "read": {"device_start": -1, "device_end": -1}}, "empty116": {"write": {"device_start": 1585629781.6528938, "host_queued_start": 1585629848.206382, "device_queued": 1585629781.6526902, "device_end": 1585629781.6529534, "host_queued_end": 1585629848.263165}, "device": "gpu", "nd_range": {"device_start": 1585629781.6529596, "device_end": 1585629781.6529639}, "cmdq": 2, "read": {"device_start": -1, "device_end": -1}}, "softmax104": {"write": {"device_start": -1, "host_queued_start": 1585629848.248288, "device_queued": -1, "device_end": -1, "host_queued_end": 1585629848.263165}, "device": "gpu", "nd_range": {"device_start": 1585629781.6727948, "device_end": 1585629781.6730025}, "cmdq": 1, "read": {"device_start": -1, "device_end": -1}}, "coalesced_transpose21": {"write": {"device_start": -1, "host_queued_start": 1585629848.29215, "device_queued": -1, "device_end": -1, "host_queued_end": 1585629848.305526}, "device": "cpu", "nd_range": {"device_start": 2297622.567582421, "device_end": 2297622.567837694}, "cmdq": 2, "read": {"device_start": -1, "device_end": -1}}, "softmax14": {"write": {"device_start": -1, "host_queued_start": 1585629848.29623, "device_queued": -1, "device_end": -1, "host_queued_end": 1585629848.305526}, "device": "cpu", "nd_range": {"device_start": 2297622.591191025, "device_end": 2297622.591416312}, "cmdq": 1, "read": {"device_start": -1, "device_end": -1}}, "FFC_sans_bias69": {"write": {"device_start": -1, "host_queued_start": 1585629848.249935, "device_queued": -1, "device_end": -1, "host_queued_end": 1585629848.263165}, "device": "gpu", "nd_range": {"device_start": 1585629781.6738029, "device_end": 1585629781.6750078}, "cmdq": 3, "read": {"device_start": -1, "device_end": -1}}, "FFC_sans_bias92": {"write": {"device_start": 1585629781.6588356, "host_queued_start": 1585629848.224605, "device_queued": 1585629781.6547384, "device_end": 1585629781.6588612, "host_queued_end": 1585629848.263165}, "device": "gpu", "nd_range": {"device_start": 1585629781.6588688, "device_end": 1585629781.660699}, "cmdq": 0, "read": {"device_start": -1, "device_end": -1}}, "FFC_sans_bias60": {"write": {"device_start": -1, "host_queued_start": 1585629848.249616, "device_queued": -1, "device_end": -1, "host_queued_end": 1585629848.263165}, "device": "gpu", "nd_range": {"device_start": 1585629781.6733427, "device_end": 1585629781.6740513}, "cmdq": 2, "read": {"device_start": -1, "device_end": -1}}, "FFC_sans_bias61": {"write": {"device_start": 1585629781.674748, "host_queued_start": 1585629848.253572, "device_queued": 1585629781.65852, "device_end": 1585629781.6747773, "host_queued_end": 1585629848.263165}, "device": "gpu", "nd_range": {"device_start": 1585629781.6748023, "device_end": 1585629781.6764994}, "cmdq": 0, "read": {"device_start": 1585629781.6765015, "device_end": 1585629781.676527}}, "FFC_sans_bias63": {"write": {"device_start": 1585629781.6545417, "host_queued_start": 1585629848.215106, "device_queued": 1585629781.6535556, "device_end": 1585629781.654567, "host_queued_end": 1585629848.263165}, "device": "gpu", "nd_range": {"device_start": 1585629781.6545758, "device_end": 1585629781.6563337}, "cmdq": 3, "read": {"device_start": -1, "device_end": -1}}, "FFC_sans_bias64": {"write": {"device_start": 1585629781.6536047, "host_queued_start": 1585629848.212997, "device_queued": 1585629781.6535122, "device_end": 1585629781.6536357, "host_queued_end": 1585629848.263165}, "device": "gpu", "nd_range": {"device_start": 1585629781.6536412, "device_end": 1585629781.6553442}, "cmdq": 1, "read": {"device_start": -1, "device_end": -1}}, "FFC_sans_bias65": {"write": {"device_start": 1585629781.654045, "host_queued_start": 1585629848.214038, "device_queued": 1585629781.6535394, "device_end": 1585629781.6540751, "host_queued_end": 1585629848.263165}, "device": "gpu", "nd_range": {"device_start": 1585629781.6540806, "device_end": 1585629781.6558537}, "cmdq": 2, "read": {"device_start": -1, "device_end": -1}}, "FFC_sans_bias67": {"write": {"device_start": -1, "host_queued_start": 1585629848.244218, "device_queued": -1, "device_end": -1, "host_queued_end": 1585629848.263165}, "device": "gpu", "nd_range": {"device_start": 1585629781.6689003, "device_end": 1585629781.670501}, "cmdq": 3, "read": {"device_start": -1, "device_end": -1}}, "coalesced_transpose111": {"write": {"device_start": -1, "host_queued_start": 1585629848.242666, "device_queued": -1, "device_end": -1, "host_queued_end": 1585629848.263165}, "device": "gpu", "nd_range": {"device_start": 1585629781.6678495, "device_end": 1585629781.6678684}, "cmdq": 2, "read": {"device_start": -1, "device_end": -1}}, "FFC_sans_bias136": {"write": {"device_start": 1585629781.6651757, "host_queued_start": 1585629848.238336, "device_queued": 1585629781.6562607, "device_end": 1585629781.6652024, "host_queued_end": 1585629848.263165}, "device": "gpu", "nd_range": {"device_start": 1585629781.6652107, "device_end": 1585629781.666981}, "cmdq": 1, "read": {"device_start": -1, "device_end": -1}}, "FFC_sans_bias135": {"write": {"device_start": 1585629781.6661372, "host_queued_start": 1585629848.240474, "device_queued": 1585629781.6562989, "device_end": 1585629781.6661627, "host_queued_end": 1585629848.263165}, "device": "gpu", "nd_range": {"device_start": 1585629781.6661665, "device_end": 1585629781.6679356}, "cmdq": 3, "read": {"device_start": -1, "device_end": -1}}, "FFC_sans_bias133": {"write": {"device_start": 1585629781.68011, "host_queued_start": 1585629848.262007, "device_queued": 1585629781.6594934, "device_end": 1585629781.6801405, "host_queued_end": 1585629848.263165}, "device": "gpu", "nd_range": {"device_start": 1585629781.680152, "device_end": 1585629781.681805}, "cmdq": 0, "read": {"device_start": 1585629781.68181, "device_end": 1585629781.6818395}}, "FFC_sans_bias132": {"write": {"device_start": -1, "host_queued_start": 1585629848.252208, "device_queued": -1, "device_end": -1, "host_queued_end": 1585629848.263165}, "device": "gpu", "nd_range": {"device_start": 1585629781.676005, "device_end": 1585629781.6779654}, "cmdq": 2, "read": {"device_start": -1, "device_end": -1}}, "softmax68": {"write": {"device_start": -1, "host_queued_start": 1585629848.247284, "device_queued": -1, "device_end": -1, "host_queued_end": 1585629848.263165}, "device": "gpu", "nd_range": {"device_start": 1585629781.6714742, "device_end": 1585629781.6727808}, "cmdq": 1, "read": {"device_start": -1, "device_end": -1}}, "softmax131": {"write": {"device_start": -1, "host_queued_start": 1585629848.249038, "device_queued": -1, "device_end": -1, "host_queued_end": 1585629848.263165}, "device": "gpu", "nd_range": {"device_start": 1585629781.6727767, "device_end": 1585629781.6729858}, "cmdq": 0, "read": {"device_start": -1, "device_end": -1}}, "empty125": {"write": {"device_start": 1585629781.6529815, "host_queued_start": 1585629848.207222, "device_queued": 1585629781.6527085, "device_end": 1585629781.653058, "host_queued_end": 1585629848.263165}, "device": "gpu", "nd_range": {"device_start": 1585629781.6530645, "device_end": 1585629781.6530695}, "cmdq": 3, "read": {"device_start": -1, "device_end": -1}}, "FFC_sans_bias139": {"write": {"device_start": -1, "host_queued_start": 1585629848.246776, "device_queued": -1, "device_end": -1, "host_queued_end": 1585629848.263165}, "device": "gpu", "nd_range": {"device_start": 1585629781.671956, "device_end": 1585629781.67289}, "cmdq": 3, "read": {"device_start": -1, "device_end": -1}}, "empty35": {"write": {"device_start": -1, "host_queued_start": 1585629848.268364, "device_queued": -1, "device_end": -1, "host_queued_end": 1585629848.305526}, "device": "cpu", "nd_range": {"device_start": 2297622.495136998, "device_end": 2297622.49514791}, "cmdq": 3, "read": {"device_start": -1, "device_end": -1}}, "softmax86": {"write": {"device_start": -1, "host_queued_start": 1585629848.247784, "device_queued": -1, "device_end": -1, "host_queued_end": 1585629848.263165}, "device": "gpu", "nd_range": {"device_start": 1585629781.6729047, "device_end": 1585629781.6732078}, "cmdq": 3, "read": {"device_start": -1, "device_end": -1}}, "FFC_sans_bias55": {"write": {"device_start": 1585629781.6534374, "host_queued_start": 1585629848.211955, "device_queued": 1585629781.6533628, "device_end": 1585629781.653468, "host_queued_end": 1585629848.263165}, "device": "gpu", "nd_range": {"device_start": 1585629781.6534703, "device_end": 1585629781.65492}, "cmdq": 0, "read": {"device_start": -1, "device_end": -1}}, "FFC_sans_bias54": {"write": {"device_start": 1585629781.653336, "host_queued_start": 1585629848.210918, "device_queued": 1585629781.6530595, "device_end": 1585629781.6533625, "host_queued_end": 1585629848.263165}, "device": "gpu", "nd_range": {"device_start": 1585629781.6533666, "device_end": 1585629781.6543486}, "cmdq": 3, "read": {"device_start": -1, "device_end": -1}}, "FFC_sans_bias56": {"write": {"device_start": 1585629781.6532536, "host_queued_start": 1585629848.209825, "device_queued": 1585629781.653041, "device_end": 1585629781.6533086, "host_queued_end": 1585629848.263165}, "device": "gpu", "nd_range": {"device_start": 1585629781.653334, "device_end": 1585629781.653944}, "cmdq": 2, "read": {"device_start": -1, "device_end": -1}}, "FFC_sans_bias51": {"write": {"device_start": -1, "host_queued_start": 1585629848.299422, "device_queued": -1, "device_end": -1, "host_queued_end": 1585629848.305526}, "device": "cpu", "nd_range": {"device_start": 2297622.6171329194, "device_end": 2297622.6332842493}, "cmdq": 3, "read": {"device_start": -1, "device_end": -1}}, "FFC_sans_bias52": {"write": {"device_start": -1, "host_queued_start": 1585629848.305482, "device_queued": -1, "device_end": -1, "host_queued_end": 1585629848.305526}, "device": "cpu", "nd_range": {"device_start": 2297622.638021625, "device_end": 2297622.657628821}, "cmdq": 1, "read": {"device_start": -1, "device_end": -1}}, "FFC_sans_bias58": {"write": {"device_start": -1, "host_queued_start": 1585629848.243897, "device_queued": -1, "device_end": -1, "host_queued_end": 1585629848.263165}, "device": "gpu", "nd_range": {"device_start": 1585629781.667981, "device_end": 1585629781.6689746}, "cmdq": 2, "read": {"device_start": -1, "device_end": -1}}, "FFC_sans_bias108": {"write": {"device_start": 1585629781.6608179, "host_queued_start": 1585629848.228907, "device_queued": 1585629781.6552365, "device_end": 1585629781.6608424, "host_queued_end": 1585629848.263165}, "device": "gpu", "nd_range": {"device_start": 1585629781.6608584, "device_end": 1585629781.6626525}, "cmdq": 0, "read": {"device_start": -1, "device_end": -1}}, "FFC_sans_bias109": {"write": {"device_start": 1585629781.6612754, "host_queued_start": 1585629848.229949, "device_queued": 1585629781.655393, "device_end": 1585629781.6613011, "host_queued_end": 1585629848.263165}, "device": "gpu", "nd_range": {"device_start": 1585629781.6613092, "device_end": 1585629781.663115}, "cmdq": 1, "read": {"device_start": -1, "device_end": -1}}, "coalesced_transpose129": {"write": {"device_start": -1, "host_queued_start": 1585629848.24328, "device_queued": -1, "device_end": -1, "host_queued_end": 1585629848.263165}, "device": "gpu", "nd_range": {"device_start": 1585629781.6678574, "device_end": 1585629781.6678746}, "cmdq": 0, "read": {"device_start": -1, "device_end": -1}}, "FFC_sans_bias103": {"write": {"device_start": -1, "host_queued_start": 1585629848.245492, "device_queued": -1, "device_end": -1, "host_queued_end": 1585629848.263165}, "device": "gpu", "nd_range": {"device_start": 1585629781.6705158, "device_end": 1585629781.671942}, "cmdq": 3, "read": {"device_start": -1, "device_end": -1}}, "FFC_sans_bias100": {"write": {"device_start": 1585629781.659856, "host_queued_start": 1585629848.226812, "device_queued": 1585629781.6549408, "device_end": 1585629781.6598809, "host_queued_end": 1585629848.263165}, "device": "gpu", "nd_range": {"device_start": 1585629781.659888, "device_end": 1585629781.6616867}, "cmdq": 2, "read": {"device_start": -1, "device_end": -1}}, "FFC_sans_bias101": {"write": {"device_start": 1585629781.660344, "host_queued_start": 1585629848.227862, "device_queued": 1585629781.6549592, "device_end": 1585629781.6603708, "host_queued_end": 1585629848.263165}, "device": "gpu", "nd_range": {"device_start": 1585629781.6603792, "device_end": 1585629781.6621397}, "cmdq": 3, "read": {"device_start": -1, "device_end": -1}}, "FFC_sans_bias106": {"write": {"device_start": 1585629781.679174, "host_queued_start": 1585629848.258861, "device_queued": 1585629781.6591306, "device_end": 1585629781.679205, "host_queued_end": 1585629848.263165}, "device": "gpu", "nd_range": {"device_start": 1585629781.6792278, "device_end": 1585629781.680857}, "cmdq": 1, "read": {"device_start": 1585629781.6808627, "device_end": 1585629781.6808858}}, "softmax122": {"write": {"device_start": -1, "host_queued_start": 1585629848.248786, "device_queued": -1, "device_end": -1, "host_queued_end": 1585629848.263165}, "device": "gpu", "nd_range": {"device_start": 1585629781.6732216, "device_end": 1585629781.673789}, "cmdq": 3, "read": {"device_start": -1, "device_end": -1}}, "FFC_sans_bias105": {"write": {"device_start": -1, "host_queued_start": 1585629848.251256, "device_queued": -1, "device_end": -1, "host_queued_end": 1585629848.263165}, "device": "gpu", "nd_range": {"device_start": 1585629781.6750214, "device_end": 1585629781.6769753}, "cmdq": 3, "read": {"device_start": -1, "device_end": -1}}, "softmax95": {"write": {"device_start": -1, "host_queued_start": 1585629848.248033, "device_queued": -1, "device_end": -1, "host_queued_end": 1585629848.263165}, "device": "gpu", "nd_range": {"device_start": 1585629781.6716657, "device_end": 1585629781.6727626}, "cmdq": 0, "read": {"device_start": -1, "device_end": -1}}, "coalesced_transpose57": {"write": {"device_start": -1, "host_queued_start": 1585629848.240804, "device_queued": -1, "device_end": -1, "host_queued_end": 1585629848.263165}, "device": "gpu", "nd_range": {"device_start": 1585629781.6665027, "device_end": 1585629781.667811}, "cmdq": 0, "read": {"device_start": -1, "device_end": -1}}, "empty26": {"write": {"device_start": -1, "host_queued_start": 1585629848.267364, "device_queued": -1, "device_end": -1, "host_queued_end": 1585629848.305526}, "device": "cpu", "nd_range": {"device_start": 2297622.495136672, "device_end": 2297622.495147929}, "cmdq": 2, "read": {"device_start": -1, "device_end": -1}}, "softmax113": {"write": {"device_start": -1, "host_queued_start": 1585629848.248536, "device_queued": -1, "device_end": -1, "host_queued_end": 1585629848.263165}, "device": "gpu", "nd_range": {"device_start": 1585629781.6729722, "device_end": 1585629781.6733286}, "cmdq": 2, "read": {"device_start": -1, "device_end": -1}}, "FFC_sans_bias11": {"write": {"device_start": -1, "host_queued_start": 1585629848.277444, "device_queued": -1, "device_end": -1, "host_queued_end": 1585629848.305526}, "device": "cpu", "nd_range": {"device_start": 2297622.51172505, "device_end": 2297622.5270010834}, "cmdq": 3, "read": {"device_start": -1, "device_end": -1}}, "FFC_sans_bias42": {"write": {"device_start": -1, "host_queued_start": 1585629848.299079, "device_queued": -1, "device_end": -1, "host_queued_end": 1585629848.305526}, "device": "cpu", "nd_range": {"device_start": 2297622.6411759593, "device_end": 2297622.6586496984}, "cmdq": 2, "read": {"device_start": -1, "device_end": -1}}, "FFC_sans_bias43": {"write": {"device_start": -1, "host_queued_start": 1585629848.304492, "device_queued": -1, "device_end": -1, "host_queued_end": 1585629848.305526}, "device": "cpu", "nd_range": {"device_start": 2297622.658674574, "device_end": 2297622.664870861}, "cmdq": 0, "read": {"device_start": -1, "device_end": -1}}, "FFC_sans_bias40": {"write": {"device_start": -1, "host_queued_start": 1585629848.295283, "device_queued": -1, "device_end": -1, "host_queued_end": 1585629848.305526}, "device": "cpu", "nd_range": {"device_start": 2297622.6023032162, "device_end": 2297622.6106254733}, "cmdq": 2, "read": {"device_start": -1, "device_end": -1}}, "FFC_sans_bias46": {"write": {"device_start": -1, "host_queued_start": 1585629848.289511, "device_queued": -1, "device_end": -1, "host_queued_end": 1585629848.305526}, "device": "cpu", "nd_range": {"device_start": 2297622.5570418513, "device_end": 2297622.567462958}, "cmdq": 2, "read": {"device_start": -1, "device_end": -1}}, "FFC_sans_bias47": {"write": {"device_start": -1, "host_queued_start": 1585629848.290935, "device_queued": -1, "device_end": -1, "host_queued_end": 1585629848.305526}, "device": "cpu", "nd_range": {"device_start": 2297622.5579438633, "device_end": 2297622.569115555}, "cmdq": 3, "read": {"device_start": -1, "device_end": -1}}, "FFC_sans_bias45": {"write": {"device_start": -1, "host_queued_start": 1585629848.288337, "device_queued": -1, "device_end": -1, "host_queued_end": 1585629848.305526}, "device": "cpu", "nd_range": {"device_start": 2297622.543157314, "device_end": 2297622.559911365}, "cmdq": 1, "read": {"device_start": -1, "device_end": -1}}, "FFC_sans_bias49": {"write": {"device_start": -1, "host_queued_start": 1585629848.295625, "device_queued": -1, "device_end": -1, "host_queued_end": 1585629848.305526}, "device": "cpu", "nd_range": {"device_start": 2297622.591193573, "device_end": 2297622.6028435463}, "cmdq": 3, "read": {"device_start": -1, "device_end": -1}}, "softmax77": {"write": {"device_start": -1, "host_queued_start": 1585629848.247539, "device_queued": -1, "device_end": -1, "host_queued_end": 1585629848.263165}, "device": "gpu", "nd_range": {"device_start": 1585629781.6724372, "device_end": 1585629781.6729586}, "cmdq": 2, "read": {"device_start": -1, "device_end": -1}}, "empty134": {"write": {"device_start": 1585629781.6530755, "host_queued_start": 1585629848.208035, "device_queued": 1585629781.6529684, "device_end": 1585629781.6531405, "host_queued_end": 1585629848.263165}, "device": "gpu", "nd_range": {"device_start": 1585629781.6531482, "device_end": 1585629781.6531532}, "cmdq": 0, "read": {"device_start": -1, "device_end": -1}}, "coalesced_transpose138": {"write": {"device_start": -1, "host_queued_start": 1585629848.243578, "device_queued": -1, "device_end": -1, "host_queued_end": 1585629848.263165}, "device": "gpu", "nd_range": {"device_start": 1585629781.6678636, "device_end": 1585629781.6678798}, "cmdq": 1, "read": {"device_start": -1, "device_end": -1}}, "FFC_sans_bias119": {"write": {"device_start": 1585629781.6632288, "host_queued_start": 1585629848.234144, "device_queued": 1585629781.65582, "device_end": 1585629781.6632562, "host_queued_end": 1585629848.263165}, "device": "gpu", "nd_range": {"device_start": 1585629781.6632633, "device_end": 1585629781.6650615}, "cmdq": 1, "read": {"device_start": -1, "device_end": -1}}, "FFC_sans_bias118": {"write": {"device_start": 1585629781.6627572, "host_queued_start": 1585629848.233079, "device_queued": 1585629781.655678, "device_end": 1585629781.6627827, "host_queued_end": 1585629848.263165}, "device": "gpu", "nd_range": {"device_start": 1585629781.6627917, "device_end": 1585629781.6645463}, "cmdq": 0, "read": {"device_start": -1, "device_end": -1}}, "empty143": {"write": {"device_start": 1585629781.6531668, "host_queued_start": 1585629848.208844, "device_queued": 1585629781.653019, "device_end": 1585629781.653234, "host_queued_end": 1585629848.263165}, "device": "gpu", "nd_range": {"device_start": 1585629781.653245, "device_end": 1585629781.653249}, "cmdq": 1, "read": {"device_start": -1, "device_end": -1}}, "FFC_sans_bias115": {"write": {"device_start": 1585629781.6796067, "host_queued_start": 1585629848.259907, "device_queued": 1585629781.6591544, "device_end": 1585629781.6796374, "host_queued_end": 1585629848.263165}, "device": "gpu", "nd_range": {"device_start": 1585629781.6796587, "device_end": 1585629781.681318}, "cmdq": 2, "read": {"device_start": 1585629781.6813257, "device_end": 1585629781.6813493}}, "FFC_sans_bias114": {"write": {"device_start": -1, "host_queued_start": 1585629848.251574, "device_queued": -1, "device_end": -1, "host_queued_end": 1585629848.263165}, "device": "gpu", "nd_range": {"device_start": 1585629781.673622, "device_end": 1585629781.6745825}, "cmdq": 0, "read": {"device_start": -1, "device_end": -1}}, "FFC_sans_bias117": {"write": {"device_start": 1585629781.6622446, "host_queued_start": 1585629848.232035, "device_queued": 1585629781.655452, "device_end": 1585629781.6622703, "host_queued_end": 1585629848.263165}, "device": "gpu", "nd_range": {"device_start": 1585629781.662274, "device_end": 1585629781.664104}, "cmdq": 3, "read": {"device_start": -1, "device_end": -1}}, "softmax5": {"write": {"device_start": -1, "host_queued_start": 1585629848.295908, "device_queued": -1, "device_end": -1, "host_queued_end": 1585629848.305526}, "device": "cpu", "nd_range": {"device_start": 2297622.6041318383, "device_end": 2297622.6043391293}, "cmdq": 0, "read": {"device_start": -1, "device_end": -1}}, "FFC_sans_bias110": {"write": {"device_start": 1585629781.6618001, "host_queued_start": 1585629848.230999, "device_queued": 1585629781.655434, "device_end": 1585629781.6618257, "host_queued_end": 1585629848.263165}, "device": "gpu", "nd_range": {"device_start": 1585629781.6618354, "device_end": 1585629781.663577}, "cmdq": 2, "read": {"device_start": -1, "device_end": -1}}, "FFC_sans_bias112": {"write": {"device_start": -1, "host_queued_start": 1585629848.245813, "device_queued": -1, "device_end": -1, "host_queued_end": 1585629848.263165}, "device": "gpu", "nd_range": {"device_start": 1585629781.6685786, "device_end": 1585629781.669954}, "cmdq": 0, "read": {"device_start": -1, "device_end": -1}}, "empty53": {"write": {"device_start": -1, "host_queued_start": 1585629848.27019, "device_queued": -1, "device_end": -1, "host_queued_end": 1585629848.305526}, "device": "cpu", "nd_range": {"device_start": 2297622.495198211, "device_end": 2297622.495199906}, "cmdq": 1, "read": {"device_start": -1, "device_end": -1}}, "coalesced_transpose48": {"write": {"device_start": -1, "host_queued_start": 1585629848.293326, "device_queued": -1, "device_end": -1, "host_queued_end": 1585629848.305526}, "device": "cpu", "nd_range": {"device_start": 2297622.568905224, "device_end": 2297622.569047621}, "cmdq": 1, "read": {"device_start": -1, "device_end": -1}}}