{"FFC_sans_bias4": {"write": {"device_start": -1, "host_queued_start": 1585629987.61425, "device_queued": -1, "device_end": -1, "host_queued_end": 1585629987.616287}, "device": "cpu", "nd_range": {"device_start": 2297761.819755616, "device_end": 2297761.824118282}, "cmdq": 1, "read": {"device_start": -1, "device_end": -1}}, "FFC_sans_bias7": {"write": {"device_start": -1, "host_queued_start": 1585629987.616238, "device_queued": -1, "device_end": -1, "host_queued_end": 1585629987.616287}, "device": "cpu", "nd_range": {"device_start": 2297761.828888261, "device_end": 2297761.8333600573}, "cmdq": 0, "read": {"device_start": -1, "device_end": -1}}, "FFC_sans_bias6": {"write": {"device_start": -1, "host_queued_start": 1585629987.614985, "device_queued": -1, "device_end": -1, "host_queued_end": 1585629987.616287}, "device": "cpu", "nd_range": {"device_start": 2297761.82433607, "device_end": 2297761.828881084}, "cmdq": 1, "read": {"device_start": -1, "device_end": -1}}, "FFC_sans_bias1": {"write": {"device_start": -1, "host_queued_start": 1585629987.612109, "device_queued": -1, "device_end": -1, "host_queued_end": 1585629987.616287}, "device": "cpu", "nd_range": {"device_start": 2297761.805884911, "device_end": 2297761.8143949513}, "cmdq": 0, "read": {"device_start": -1, "device_end": -1}}, "FFC_sans_bias0": {"write": {"device_start": -1, "host_queued_start": 1585629987.610692, "device_queued": -1, "device_end": -1, "host_queued_end": 1585629987.616287}, "device": "cpu", "nd_range": {"device_start": 2297761.8058548393, "device_end": 2297761.81373657}, "cmdq": 1, "read": {"device_start": -1, "device_end": -1}}, "FFC_sans_bias2": {"write": {"device_start": -1, "host_queued_start": 1585629987.613381, "device_queued": -1, "device_end": -1, "host_queued_end": 1585629987.616287}, "device": "cpu", "nd_range": {"device_start": 2297761.813925209, "device_end": 2297761.8195941984}, "cmdq": 1, "read": {"device_start": -1, "device_end": -1}}, "coalesced_transpose120": {"write": {"device_start": -1, "host_queued_start": 1585629987.576883, "device_queued": -1, "device_end": -1, "host_queued_end": 1585629987.60715}, "device": "gpu", "nd_range": {"device_start": 1585629921.021896, "device_end": 1585629921.0219493}, "cmdq": 2, "read": {"device_start": -1, "device_end": -1}}, "FFC_sans_bias9": {"write": {"device_start": 1585629920.9942362, "host_queued_start": 1585629987.526151, "device_queued": 1585629920.994007, "device_end": 1585629920.9942605, "host_queued_end": 1585629987.60715}, "device": "gpu", "nd_range": {"device_start": 1585629920.9942858, "device_end": 1585629920.9948933}, "cmdq": 0, "read": {"device_start": -1, "device_end": -1}}, "empty71": {"write": {"device_start": 1585629920.9933183, "host_queued_start": 1585629987.518458, "device_queued": 1585629920.9931686, "device_end": 1585629920.993389, "host_queued_end": 1585629987.60715}, "device": "gpu", "nd_range": {"device_start": 1585629920.9934864, "device_end": 1585629920.9935043}, "cmdq": 1, "read": {"device_start": -1, "device_end": -1}}, "softmax41": {"write": {"device_start": -1, "host_queued_start": 1585629987.583402, "device_queued": -1, "device_end": -1, "host_queued_end": 1585629987.60715}, "device": "gpu", "nd_range": {"device_start": 1585629921.028313, "device_end": 1585629921.0291767}, "cmdq": 3, "read": {"device_start": -1, "device_end": -1}}, "FFC_sans_bias37": {"write": {"device_start": 1585629920.997375, "host_queued_start": 1585629987.536897, "device_queued": 1585629920.9953372, "device_end": 1585629920.9974008, "host_queued_end": 1585629987.60715}, "device": "gpu", "nd_range": {"device_start": 1585629920.9974089, "device_end": 1585629920.999706}, "cmdq": 0, "read": {"device_start": -1, "device_end": -1}}, "FFC_sans_bias36": {"write": {"device_start": 1585629920.9969542, "host_queued_start": 1585629987.535742, "device_queued": 1585629920.9951167, "device_end": 1585629920.9969852, "host_queued_end": 1585629987.60715}, "device": "gpu", "nd_range": {"device_start": 1585629920.9969902, "device_end": 1585629920.9992602}, "cmdq": 4, "read": {"device_start": -1, "device_end": -1}}, "FFC_sans_bias34": {"write": {"device_start": 1585629921.0371585, "host_queued_start": 1585629987.594335, "device_queued": 1585629921.0192738, "device_end": 1585629921.03719, "host_queued_end": 1585629987.60715}, "device": "gpu", "nd_range": {"device_start": 1585629921.0372066, "device_end": 1585629921.038454}, "cmdq": 2, "read": {"device_start": 1585629921.0384672, "device_end": 1585629921.0384917}}, "FFC_sans_bias33": {"write": {"device_start": -1, "host_queued_start": 1585629987.587178, "device_queued": -1, "device_end": -1, "host_queued_end": 1585629987.60715}, "device": "gpu", "nd_range": {"device_start": 1585629921.0311813, "device_end": 1585629921.0322225}, "cmdq": 2, "read": {"device_start": -1, "device_end": -1}}, "FFC_sans_bias31": {"write": {"device_start": -1, "host_queued_start": 1585629987.578479, "device_queued": -1, "device_end": -1, "host_queued_end": 1585629987.60715}, "device": "gpu", "nd_range": {"device_start": 1585629921.0219507, "device_end": 1585629921.0235353}, "cmdq": 2, "read": {"device_start": -1, "device_end": -1}}, "FFC_sans_bias38": {"write": {"device_start": 1585629920.997869, "host_queued_start": 1585629987.53795, "device_queued": 1585629920.9955451, "device_end": 1585629920.997894, "host_queued_end": 1585629987.60715}, "device": "gpu", "nd_range": {"device_start": 1585629920.9979012, "device_end": 1585629921.0002353}, "cmdq": 1, "read": {"device_start": -1, "device_end": -1}}, "coalesced_transpose75": {"write": {"device_start": -1, "host_queued_start": 1585629987.575278, "device_queued": -1, "device_end": -1, "host_queued_end": 1585629987.60715}, "device": "gpu", "nd_range": {"device_start": 1585629921.021816, "device_end": 1585629921.0218945}, "cmdq": 2, "read": {"device_start": -1, "device_end": -1}}, "softmax140": {"write": {"device_start": -1, "host_queued_start": 1585629987.586197, "device_queued": -1, "device_end": -1, "host_queued_end": 1585629987.60715}, "device": "gpu", "nd_range": {"device_start": 1585629921.0300431, "device_end": 1585629921.0311892}, "cmdq": 4, "read": {"device_start": -1, "device_end": -1}}, "empty44": {"write": {"device_start": 1585629920.9929266, "host_queued_start": 1585629987.51596, "device_queued": 1585629920.992689, "device_end": 1585629920.9929519, "host_queued_end": 1585629987.60715}, "device": "gpu", "nd_range": {"device_start": 1585629920.9930794, "device_end": 1585629920.9930842}, "cmdq": 3, "read": {"device_start": -1, "device_end": -1}}, "FFC_sans_bias137": {"write": {"device_start": 1585629921.0190978, "host_queued_start": 1585629987.57172, "device_queued": 1585629920.998942, "device_end": 1585629921.0191224, "host_queued_end": 1585629987.60715}, "device": "gpu", "nd_range": {"device_start": 1585629921.0191305, "device_end": 1585629921.0214427}, "cmdq": 3, "read": {"device_start": -1, "device_end": -1}}, "empty8": {"write": {"device_start": -1, "host_queued_start": 1585629987.609253, "device_queued": -1, "device_end": -1, "host_queued_end": 1585629987.616287}, "device": "cpu", "nd_range": {"device_start": 2297761.805830697, "device_end": 2297761.805843919}, "cmdq": 0, "read": {"device_start": -1, "device_end": -1}}, "softmax50": {"write": {"device_start": -1, "host_queued_start": 1585629987.583654, "device_queued": -1, "device_end": -1, "host_queued_end": 1585629987.60715}, "device": "gpu", "nd_range": {"device_start": 1585629921.029442, "device_end": 1585629921.0296547}, "cmdq": 4, "read": {"device_start": -1, "device_end": -1}}, "softmax59": {"write": {"device_start": -1, "host_queued_start": 1585629987.583903, "device_queued": -1, "device_end": -1, "host_queued_end": 1585629987.60715}, "device": "gpu", "nd_range": {"device_start": 1585629921.028691, "device_end": 1585629921.0289507}, "cmdq": 0, "read": {"device_start": -1, "device_end": -1}}, "FFC_sans_bias142": {"write": {"device_start": 1585629921.0425084, "host_queued_start": 1585629987.607031, "device_queued": 1585629921.0205758, "device_end": 1585629921.0425391, "host_queued_end": 1585629987.60715}, "device": "gpu", "nd_range": {"device_start": 1585629921.0425415, "device_end": 1585629921.044236}, "cmdq": 4, "read": {"device_start": 1585629921.044239, "device_end": 1585629921.0442615}}, "FFC_sans_bias141": {"write": {"device_start": -1, "host_queued_start": 1585629987.591117, "device_queued": -1, "device_end": -1, "host_queued_end": 1585629987.60715}, "device": "gpu", "nd_range": {"device_start": 1585629921.0355926, "device_end": 1585629921.0380154}, "cmdq": 4, "read": {"device_start": -1, "device_end": -1}}, "FFC_sans_bias24": {"write": {"device_start": -1, "host_queued_start": 1585629987.586856, "device_queued": -1, "device_end": -1, "host_queued_end": 1585629987.60715}, "device": "gpu", "nd_range": {"device_start": 1585629921.0296636, "device_end": 1585629921.0306716}, "cmdq": 1, "read": {"device_start": -1, "device_end": -1}}, "FFC_sans_bias25": {"write": {"device_start": 1585629921.0342207, "host_queued_start": 1585629987.593277, "device_queued": 1585629921.0152562, "device_end": 1585629921.0342472, "host_queued_end": 1585629987.60715}, "device": "gpu", "nd_range": {"device_start": 1585629921.0342627, "device_end": 1585629921.0365484}, "cmdq": 1, "read": {"device_start": 1585629921.0365548, "device_end": 1585629921.0365794}}, "FFC_sans_bias27": {"write": {"device_start": 1585629920.9954062, "host_queued_start": 1585629987.532563, "device_queued": 1585629920.9948275, "device_end": 1585629920.9954305, "host_queued_end": 1585629987.60715}, "device": "gpu", "nd_range": {"device_start": 1585629920.995437, "device_end": 1585629920.9977582}, "cmdq": 1, "read": {"device_start": -1, "device_end": -1}}, "FFC_sans_bias20": {"write": {"device_start": 1585629920.9950297, "host_queued_start": 1585629987.53152, "device_queued": 1585629920.994783, "device_end": 1585629920.9950554, "host_queued_end": 1585629987.60715}, "device": "gpu", "nd_range": {"device_start": 1585629920.995062, "device_end": 1585629920.997284}, "cmdq": 0, "read": {"device_start": -1, "device_end": -1}}, "FFC_sans_bias22": {"write": {"device_start": -1, "host_queued_start": 1585629987.578153, "device_queued": -1, "device_end": -1, "host_queued_end": 1585629987.60715}, "device": "gpu", "nd_range": {"device_start": 1585629921.0219457, "device_end": 1585629921.0229533}, "cmdq": 1, "read": {"device_start": -1, "device_end": -1}}, "FFC_sans_bias130": {"write": {"device_start": -1, "host_queued_start": 1585629987.582044, "device_queued": -1, "device_end": -1, "host_queued_end": 1585629987.60715}, "device": "gpu", "nd_range": {"device_start": 1585629921.025906, "device_end": 1585629921.0283115}, "cmdq": 3, "read": {"device_start": -1, "device_end": -1}}, "FFC_sans_bias28": {"write": {"device_start": 1585629920.995978, "host_queued_start": 1585629987.533614, "device_queued": 1585629920.9950716, "device_end": 1585629920.996009, "host_queued_end": 1585629987.60715}, "device": "gpu", "nd_range": {"device_start": 1585629920.996012, "device_end": 1585629920.998271}, "cmdq": 2, "read": {"device_start": -1, "device_end": -1}}, "FFC_sans_bias29": {"write": {"device_start": 1585629920.9964223, "host_queued_start": 1585629987.534703, "device_queued": 1585629920.9950998, "device_end": 1585629920.9964545, "host_queued_end": 1585629987.60715}, "device": "gpu", "nd_range": {"device_start": 1585629920.9964576, "device_end": 1585629920.9987345}, "cmdq": 3, "read": {"device_start": -1, "device_end": -1}}, "coalesced_transpose66": {"write": {"device_start": -1, "host_queued_start": 1585629987.574968, "device_queued": -1, "device_end": -1, "host_queued_end": 1585629987.60715}, "device": "gpu", "nd_range": {"device_start": 1585629921.02181, "device_end": 1585629921.0218728}, "cmdq": 1, "read": {"device_start": -1, "device_end": -1}}, "coalesced_transpose93": {"write": {"device_start": -1, "host_queued_start": 1585629987.5759, "device_queued": -1, "device_end": -1, "host_queued_end": 1585629987.60715}, "device": "gpu", "nd_range": {"device_start": 1585629921.0219715, "device_end": 1585629921.0238245}, "cmdq": 4, "read": {"device_start": -1, "device_end": -1}}, "softmax23": {"write": {"device_start": -1, "host_queued_start": 1585629987.582891, "device_queued": -1, "device_end": -1, "host_queued_end": 1585629987.60715}, "device": "gpu", "nd_range": {"device_start": 1585629921.0268898, "device_end": 1585629921.0286822}, "cmdq": 1, "read": {"device_start": -1, "device_end": -1}}, "empty62": {"write": {"device_start": 1585629920.9932263, "host_queued_start": 1585629987.517647, "device_queued": 1585629920.9931195, "device_end": 1585629920.9932938, "host_queued_end": 1585629987.60715}, "device": "gpu", "nd_range": {"device_start": 1585629920.9933064, "device_end": 1585629920.9933102}, "cmdq": 0, "read": {"device_start": -1, "device_end": -1}}, "FFC_sans_bias10": {"write": {"device_start": 1585629920.9944108, "host_queued_start": 1585629987.527229, "device_queued": 1585629920.9942944, "device_end": 1585629920.9944751, "host_queued_end": 1585629987.60715}, "device": "gpu", "nd_range": {"device_start": 1585629920.99458, "device_end": 1585629920.995299}, "cmdq": 1, "read": {"device_start": -1, "device_end": -1}}, "FFC_sans_bias13": {"write": {"device_start": -1, "host_queued_start": 1585629987.577829, "device_queued": -1, "device_end": -1, "host_queued_end": 1585629987.60715}, "device": "gpu", "nd_range": {"device_start": 1585629921.0219398, "device_end": 1585629921.0225523}, "cmdq": 0, "read": {"device_start": -1, "device_end": -1}}, "FFC_sans_bias15": {"write": {"device_start": -1, "host_queued_start": 1585629987.586517, "device_queued": -1, "device_end": -1, "host_queued_end": 1585629987.60715}, "device": "gpu", "nd_range": {"device_start": 1585629921.0296597, "device_end": 1585629921.0302684}, "cmdq": 0, "read": {"device_start": -1, "device_end": -1}}, "FFC_sans_bias16": {"write": {"device_start": 1585629921.0337512, "host_queued_start": 1585629987.592147, "device_queued": 1585629921.015187, "device_end": 1585629921.0337772, "host_queued_end": 1585629987.60715}, "device": "gpu", "nd_range": {"device_start": 1585629921.0337806, "device_end": 1585629921.0360546}, "cmdq": 0, "read": {"device_start": 1585629921.0360565, "device_end": 1585629921.0360808}}, "FFC_sans_bias19": {"write": {"device_start": 1585629920.9946585, "host_queued_start": 1585629987.53043, "device_queued": 1585629920.994535, "device_end": 1585629920.994684, "host_queued_end": 1585629987.60715}, "device": "gpu", "nd_range": {"device_start": 1585629920.9947746, "device_end": 1585629920.9968438}, "cmdq": 4, "read": {"device_start": -1, "device_end": -1}}, "FFC_sans_bias18": {"write": {"device_start": 1585629920.9945762, "host_queued_start": 1585629987.529385, "device_queued": 1585629920.9943514, "device_end": 1585629920.9946487, "host_queued_end": 1585629987.60715}, "device": "gpu", "nd_range": {"device_start": 1585629920.9946573, "device_end": 1585629920.9962878}, "cmdq": 3, "read": {"device_start": -1, "device_end": -1}}, "FFC_sans_bias99": {"write": {"device_start": 1585629921.0143955, "host_queued_start": 1585629987.557977, "device_queued": 1585629920.9974885, "device_end": 1585629921.0144615, "host_queued_end": 1585629987.60715}, "device": "gpu", "nd_range": {"device_start": 1585629921.01448, "device_end": 1585629921.0151763}, "cmdq": 0, "read": {"device_start": -1, "device_end": -1}}, "FFC_sans_bias91": {"write": {"device_start": 1585629921.011895, "host_queued_start": 1585629987.555864, "device_queued": 1585629920.997231, "device_end": 1585629921.01192, "host_queued_end": 1585629987.60715}, "device": "gpu", "nd_range": {"device_start": 1585629921.0119264, "device_end": 1585629921.0141995}, "cmdq": 3, "read": {"device_start": -1, "device_end": -1}}, "FFC_sans_bias90": {"write": {"device_start": 1585629921.0113516, "host_queued_start": 1585629987.554819, "device_queued": 1585629920.9972086, "device_end": 1585629921.0113776, "host_queued_end": 1585629987.60715}, "device": "gpu", "nd_range": {"device_start": 1585629921.0113847, "device_end": 1585629921.01369}, "cmdq": 2, "read": {"device_start": -1, "device_end": -1}}, "coalesced_transpose12": {"write": {"device_start": -1, "host_queued_start": 1585629987.573096, "device_queued": -1, "device_end": -1, "host_queued_end": 1585629987.60715}, "device": "gpu", "nd_range": {"device_start": 1585629921.0199893, "device_end": 1585629921.0217912}, "cmdq": 0, "read": {"device_start": -1, "device_end": -1}}, "FFC_sans_bias94": {"write": {"device_start": -1, "host_queued_start": 1585629987.580747, "device_queued": -1, "device_end": -1, "host_queued_end": 1585629987.60715}, "device": "gpu", "nd_range": {"device_start": 1585629921.0273652, "device_end": 1585629921.0288363}, "cmdq": 4, "read": {"device_start": -1, "device_end": -1}}, "FFC_sans_bias97": {"write": {"device_start": 1585629921.0401304, "host_queued_start": 1585629987.60174, "device_queued": 1585629921.0200129, "device_end": 1585629921.0401611, "host_queued_end": 1585629987.60715}, "device": "gpu", "nd_range": {"device_start": 1585629921.0401683, "device_end": 1585629921.0423315}, "cmdq": 4, "read": {"device_start": 1585629921.042334, "device_end": 1585629921.0423577}}, "FFC_sans_bias96": {"write": {"device_start": -1, "host_queued_start": 1585629987.589487, "device_queued": -1, "device_end": -1, "host_queued_end": 1585629987.60715}, "device": "gpu", "nd_range": {"device_start": 1585629921.0331826, "device_end": 1585629921.0355914}, "cmdq": 4, "read": {"device_start": -1, "device_end": -1}}, "FFC_sans_bias124": {"write": {"device_start": 1585629921.0410686, "host_queued_start": 1585629987.604926, "device_queued": 1585629921.0205138, "device_end": 1585629921.041093, "host_queued_end": 1585629987.60715}, "device": "gpu", "nd_range": {"device_start": 1585629921.0411074, "device_end": 1585629921.0433006}, "cmdq": 2, "read": {"device_start": 1585629921.0433037, "device_end": 1585629921.0433328}}, "FFC_sans_bias126": {"write": {"device_start": 1585629921.017678, "host_queued_start": 1585629987.568529, "device_queued": 1585629920.998658, "device_end": 1585629921.017703, "host_queued_end": 1585629987.60715}, "device": "gpu", "nd_range": {"device_start": 1585629921.0177097, "device_end": 1585629921.0199876}, "cmdq": 0, "read": {"device_start": -1, "device_end": -1}}, "softmax32": {"write": {"device_start": -1, "host_queued_start": 1585629987.58314, "device_queued": -1, "device_end": -1, "host_queued_end": 1585629987.60715}, "device": "gpu", "nd_range": {"device_start": 1585629921.02787, "device_end": 1585629921.029183}, "cmdq": 2, "read": {"device_start": -1, "device_end": -1}}, "coalesced_transpose84": {"write": {"device_start": -1, "host_queued_start": 1585629987.575588, "device_queued": -1, "device_end": -1, "host_queued_end": 1585629987.60715}, "device": "gpu", "nd_range": {"device_start": 1585629921.0218437, "device_end": 1585629921.0219016}, "cmdq": 3, "read": {"device_start": -1, "device_end": -1}}, "FFC_sans_bias121": {"write": {"device_start": -1, "host_queued_start": 1585629987.581721, "device_queued": -1, "device_end": -1, "host_queued_end": 1585629987.60715}, "device": "gpu", "nd_range": {"device_start": 1585629921.0254319, "device_end": 1585629921.027869}, "cmdq": 2, "read": {"device_start": -1, "device_end": -1}}, "empty98": {"write": {"device_start": 1585629920.9936135, "host_queued_start": 1585629987.521021, "device_queued": 1585629920.9934428, "device_end": 1585629920.9936976, "host_queued_end": 1585629987.60715}, "device": "gpu", "nd_range": {"device_start": 1585629920.9937158, "device_end": 1585629920.99375}, "cmdq": 4, "read": {"device_start": -1, "device_end": -1}}, "empty107": {"write": {"device_start": 1585629920.993701, "host_queued_start": 1585629987.52184, "device_queued": 1585629920.9935853, "device_end": 1585629920.993772, "host_queued_end": 1585629987.60715}, "device": "gpu", "nd_range": {"device_start": 1585629920.9937792, "device_end": 1585629920.993783}, "cmdq": 0, "read": {"device_start": -1, "device_end": -1}}, "empty17": {"write": {"device_start": 1585629920.9925928, "host_queued_start": 1585629987.513174, "device_queued": 1585629920.9924529, "device_end": 1585629920.9926238, "host_queued_end": 1585629987.60715}, "device": "gpu", "nd_range": {"device_start": 1585629920.99263, "device_end": 1585629920.9926345}, "cmdq": 0, "read": {"device_start": -1, "device_end": -1}}, "FFC_sans_bias87": {"write": {"device_start": -1, "host_queued_start": 1585629987.589168, "device_queued": -1, "device_end": -1, "host_queued_end": 1585629987.60715}, "device": "gpu", "nd_range": {"device_start": 1585629921.0326495, "device_end": 1585629921.035079}, "cmdq": 3, "read": {"device_start": -1, "device_end": -1}}, "FFC_sans_bias85": {"write": {"device_start": -1, "host_queued_start": 1585629987.580426, "device_queued": -1, "device_end": -1, "host_queued_end": 1585629987.60715}, "device": "gpu", "nd_range": {"device_start": 1585629921.0239408, "device_end": 1585629921.0259047}, "cmdq": 3, "read": {"device_start": -1, "device_end": -1}}, "FFC_sans_bias82": {"write": {"device_start": 1585629921.0103724, "host_queued_start": 1585629987.552712, "device_queued": 1585629920.997053, "device_end": 1585629921.0103981, "host_queued_end": 1585629987.60715}, "device": "gpu", "nd_range": {"device_start": 1585629921.0104022, "device_end": 1585629921.0127459}, "cmdq": 0, "read": {"device_start": -1, "device_end": -1}}, "FFC_sans_bias83": {"write": {"device_start": 1585629921.010923, "host_queued_start": 1585629987.553767, "device_queued": 1585629920.9970932, "device_end": 1585629921.010948, "host_queued_end": 1585629987.60715}, "device": "gpu", "nd_range": {"device_start": 1585629921.0109553, "device_end": 1585629921.0132394}, "cmdq": 1, "read": {"device_start": -1, "device_end": -1}}, "FFC_sans_bias81": {"write": {"device_start": 1585629921.0099602, "host_queued_start": 1585629987.551664, "device_queued": 1585629920.9967735, "device_end": 1585629921.009986, "host_queued_end": 1585629987.60715}, "device": "gpu", "nd_range": {"device_start": 1585629921.009989, "device_end": 1585629921.0122488}, "cmdq": 4, "read": {"device_start": -1, "device_end": -1}}, "FFC_sans_bias88": {"write": {"device_start": 1585629921.0391657, "host_queued_start": 1585629987.600676, "device_queued": 1585629921.0198846, "device_end": 1585629921.0391972, "host_queued_end": 1585629987.60715}, "device": "gpu", "nd_range": {"device_start": 1585629921.0392115, "device_end": 1585629921.0413795}, "cmdq": 3, "read": {"device_start": 1585629921.0413837, "device_end": 1585629921.0414078}}, "coalesced_transpose30": {"write": {"device_start": -1, "host_queued_start": 1585629987.573716, "device_queued": -1, "device_end": -1, "host_queued_end": 1585629987.60715}, "device": "gpu", "nd_range": {"device_start": 1585629921.0209742, "device_end": 1585629921.0218148}, "cmdq": 2, "read": {"device_start": -1, "device_end": -1}}, "FFC_sans_bias128": {"write": {"device_start": 1585629921.017164, "host_queued_start": 1585629987.567461, "device_queued": 1585629920.9983332, "device_end": 1585629921.0171885, "host_queued_end": 1585629987.60715}, "device": "gpu", "nd_range": {"device_start": 1585629921.0171957, "device_end": 1585629921.019509}, "cmdq": 4, "read": {"device_start": -1, "device_end": -1}}, "coalesced_transpose39": {"write": {"device_start": -1, "host_queued_start": 1585629987.574028, "device_queued": -1, "device_end": -1, "host_queued_end": 1585629987.60715}, "device": "gpu", "nd_range": {"device_start": 1585629921.0214446, "device_end": 1585629921.021834}, "cmdq": 3, "read": {"device_start": -1, "device_end": -1}}, "FFC_sans_bias79": {"write": {"device_start": 1585629921.0386786, "host_queued_start": 1585629987.599625, "device_queued": 1585629921.0198584, "device_end": 1585629921.0387096, "host_queued_end": 1585629987.60715}, "device": "gpu", "nd_range": {"device_start": 1585629921.0387127, "device_end": 1585629921.0408905}, "cmdq": 2, "read": {"device_start": 1585629921.040897, "device_end": 1585629921.0409203}}, "FFC_sans_bias78": {"write": {"device_start": -1, "host_queued_start": 1585629987.58885, "device_queued": -1, "device_end": -1, "host_queued_end": 1585629987.60715}, "device": "gpu", "nd_range": {"device_start": 1585629921.0322237, "device_end": 1585629921.0346243}, "cmdq": 2, "read": {"device_start": -1, "device_end": -1}}, "FFC_sans_bias73": {"write": {"device_start": 1585629921.0094962, "host_queued_start": 1585629987.549551, "device_queued": 1585629920.9966488, "device_end": 1585629921.0095704, "host_queued_end": 1585629987.60715}, "device": "gpu", "nd_range": {"device_start": 1585629921.0095773, "device_end": 1585629921.011256}, "cmdq": 2, "read": {"device_start": -1, "device_end": -1}}, "FFC_sans_bias72": {"write": {"device_start": 1585629921.0093675, "host_queued_start": 1585629987.548493, "device_queued": 1585629920.9966202, "device_end": 1585629921.0094051, "host_queued_end": 1585629987.60715}, "device": "gpu", "nd_range": {"device_start": 1585629921.0094182, "device_end": 1585629921.010832}, "cmdq": 1, "read": {"device_start": -1, "device_end": -1}}, "FFC_sans_bias70": {"write": {"device_start": 1585629921.0377734, "host_queued_start": 1585629987.598567, "device_queued": 1585629921.0198257, "device_end": 1585629921.0378046, "host_queued_end": 1585629987.60715}, "device": "gpu", "nd_range": {"device_start": 1585629921.0378203, "device_end": 1585629921.039437}, "cmdq": 1, "read": {"device_start": 1585629921.0394397, "device_end": 1585629921.0394635}}, "FFC_sans_bias76": {"write": {"device_start": -1, "host_queued_start": 1585629987.580104, "device_queued": -1, "device_end": -1, "host_queued_end": 1585629987.60715}, "device": "gpu", "nd_range": {"device_start": 1585629921.0235362, "device_end": 1585629921.0254304}, "cmdq": 2, "read": {"device_start": -1, "device_end": -1}}, "FFC_sans_bias74": {"write": {"device_start": 1585629921.0095737, "host_queued_start": 1585629987.550618, "device_queued": 1585629920.996663, "device_end": 1585629921.0096006, "host_queued_end": 1585629987.60715}, "device": "gpu", "nd_range": {"device_start": 1585629921.0096092, "device_end": 1585629921.0118062}, "cmdq": 3, "read": {"device_start": -1, "device_end": -1}}, "coalesced_transpose102": {"write": {"device_start": -1, "host_queued_start": 1585629987.576207, "device_queued": -1, "device_end": -1, "host_queued_end": 1585629987.60715}, "device": "gpu", "nd_range": {"device_start": 1585629921.0218682, "device_end": 1585629921.0219383}, "cmdq": 0, "read": {"device_start": -1, "device_end": -1}}, "coalesced_transpose3": {"write": {"device_start": -1, "host_queued_start": 1585629987.6138, "device_queued": -1, "device_end": -1, "host_queued_end": 1585629987.616287}, "device": "cpu", "nd_range": {"device_start": 2297761.814517096, "device_end": 2297761.8148841783}, "cmdq": 0, "read": {"device_start": -1, "device_end": -1}}, "FFC_sans_bias127": {"write": {"device_start": 1585629921.0181494, "host_queued_start": 1585629987.569592, "device_queued": 1585629920.998881, "device_end": 1585629921.0181746, "host_queued_end": 1585629987.60715}, "device": "gpu", "nd_range": {"device_start": 1585629921.0181785, "device_end": 1585629921.0204725}, "cmdq": 1, "read": {"device_start": -1, "device_end": -1}}, "empty89": {"write": {"device_start": 1585629920.9935136, "host_queued_start": 1585629987.5202, "device_queued": 1585629920.993417, "device_end": 1585629920.99358, "host_queued_end": 1585629987.60715}, "device": "gpu", "nd_range": {"device_start": 1585629920.993583, "device_end": 1585629920.9935873}, "cmdq": 3, "read": {"device_start": -1, "device_end": -1}}, "FFC_sans_bias123": {"write": {"device_start": -1, "host_queued_start": 1585629987.590465, "device_queued": -1, "device_end": -1, "host_queued_end": 1585629987.60715}, "device": "gpu", "nd_range": {"device_start": 1585629921.0346255, "device_end": 1585629921.0370326}, "cmdq": 2, "read": {"device_start": -1, "device_end": -1}}, "empty80": {"write": {"device_start": 1585629920.993418, "host_queued_start": 1585629987.519317, "device_queued": 1585629920.99319, "device_end": 1585629920.9934766, "host_queued_end": 1585629987.60715}, "device": "gpu", "nd_range": {"device_start": 1585629920.9935174, "device_end": 1585629920.9935608}, "cmdq": 2, "read": {"device_start": -1, "device_end": -1}}, "empty116": {"write": {"device_start": 1585629920.9938052, "host_queued_start": 1585629987.522697, "device_queued": 1585629920.9936306, "device_end": 1585629920.993829, "host_queued_end": 1585629987.60715}, "device": "gpu", "nd_range": {"device_start": 1585629920.9939299, "device_end": 1585629920.993937}, "cmdq": 1, "read": {"device_start": -1, "device_end": -1}}, "softmax104": {"write": {"device_start": -1, "host_queued_start": 1585629987.585196, "device_queued": -1, "device_end": -1, "host_queued_end": 1585629987.60715}, "device": "gpu", "nd_range": {"device_start": 1585629921.028952, "device_end": 1585629921.0296588}, "cmdq": 0, "read": {"device_start": -1, "device_end": -1}}, "coalesced_transpose21": {"write": {"device_start": -1, "host_queued_start": 1585629987.573406, "device_queued": -1, "device_end": -1, "host_queued_end": 1585629987.60715}, "device": "gpu", "nd_range": {"device_start": 1585629921.0204735, "device_end": 1585629921.0218034}, "cmdq": 1, "read": {"device_start": -1, "device_end": -1}}, "softmax14": {"write": {"device_start": -1, "host_queued_start": 1585629987.582627, "device_queued": -1, "device_end": -1, "host_queued_end": 1585629987.60715}, "device": "gpu", "nd_range": {"device_start": 1585629921.0264297, "device_end": 1585629921.0286899}, "cmdq": 0, "read": {"device_start": -1, "device_end": -1}}, "FFC_sans_bias69": {"write": {"device_start": -1, "host_queued_start": 1585629987.588509, "device_queued": -1, "device_end": -1, "host_queued_end": 1585629987.60715}, "device": "gpu", "nd_range": {"device_start": 1585629921.0306728, "device_end": 1585629921.031658}, "cmdq": 1, "read": {"device_start": -1, "device_end": -1}}, "FFC_sans_bias92": {"write": {"device_start": 1585629921.01233, "host_queued_start": 1585629987.556936, "device_queued": 1585629920.99725, "device_end": 1585629921.012355, "host_queued_end": 1585629987.60715}, "device": "gpu", "nd_range": {"device_start": 1585629921.0123606, "device_end": 1585629921.0146554}, "cmdq": 4, "read": {"device_start": -1, "device_end": -1}}, "FFC_sans_bias60": {"write": {"device_start": -1, "host_queued_start": 1585629987.588163, "device_queued": -1, "device_end": -1, "host_queued_end": 1585629987.60715}, "device": "gpu", "nd_range": {"device_start": 1585629921.0302696, "device_end": 1585629921.0312548}, "cmdq": 0, "read": {"device_start": -1, "device_end": -1}}, "FFC_sans_bias61": {"write": {"device_start": 1585629921.0382965, "host_queued_start": 1585629987.597516, "device_queued": 1585629921.0196514, "device_end": 1585629921.0383282, "host_queued_end": 1585629987.60715}, "device": "gpu", "nd_range": {"device_start": 1585629921.0383432, "device_end": 1585629921.0404072}, "cmdq": 0, "read": {"device_start": 1585629921.0404115, "device_end": 1585629921.040435}}, "FFC_sans_bias63": {"write": {"device_start": 1585629921.009274, "host_queued_start": 1585629987.547418, "device_queued": 1585629920.9963949, "device_end": 1585629921.0093637, "host_queued_end": 1585629987.60715}, "device": "gpu", "nd_range": {"device_start": 1585629921.0093796, "device_end": 1585629921.010261}, "cmdq": 0, "read": {"device_start": -1, "device_end": -1}}, "FFC_sans_bias64": {"write": {"device_start": 1585629921.0012517, "host_queued_start": 1585629987.545326, "device_queued": 1585629920.996139, "device_end": 1585629921.001283, "host_queued_end": 1585629987.60715}, "device": "gpu", "nd_range": {"device_start": 1585629921.0012891, "device_end": 1585629921.0035834}, "cmdq": 3, "read": {"device_start": -1, "device_end": -1}}, "FFC_sans_bias65": {"write": {"device_start": 1585629921.0091577, "host_queued_start": 1585629987.546372, "device_queued": 1585629920.9961622, "device_end": 1585629921.0092437, "host_queued_end": 1585629987.60715}, "device": "gpu", "nd_range": {"device_start": 1585629921.0092537, "device_end": 1585629921.0098586}, "cmdq": 4, "read": {"device_start": -1, "device_end": -1}}, "FFC_sans_bias67": {"write": {"device_start": -1, "host_queued_start": 1585629987.579783, "device_queued": -1, "device_end": -1, "host_queued_end": 1585629987.60715}, "device": "gpu", "nd_range": {"device_start": 1585629921.0229542, "device_end": 1585629921.024931}, "cmdq": 1, "read": {"device_start": -1, "device_end": -1}}, "coalesced_transpose111": {"write": {"device_start": -1, "host_queued_start": 1585629987.57657, "device_queued": -1, "device_end": -1, "host_queued_end": 1585629987.60715}, "device": "gpu", "nd_range": {"device_start": 1585629921.0218902, "device_end": 1585629921.0219445}, "cmdq": 1, "read": {"device_start": -1, "device_end": -1}}, "FFC_sans_bias136": {"write": {"device_start": 1585629921.0186377, "host_queued_start": 1585629987.570656, "device_queued": 1585629920.9989219, "device_end": 1585629921.0186634, "host_queued_end": 1585629987.60715}, "device": "gpu", "nd_range": {"device_start": 1585629921.018672, "device_end": 1585629921.0209732}, "cmdq": 2, "read": {"device_start": -1, "device_end": -1}}, "FFC_sans_bias135": {"write": {"device_start": 1585629921.0196192, "host_queued_start": 1585629987.572764, "device_queued": 1585629920.9990654, "device_end": 1585629921.0196478, "host_queued_end": 1585629987.60715}, "device": "gpu", "nd_range": {"device_start": 1585629921.0196598, "device_end": 1585629921.0219307}, "cmdq": 4, "read": {"device_start": -1, "device_end": -1}}, "FFC_sans_bias133": {"write": {"device_start": 1585629921.0415561, "host_queued_start": 1585629987.605974, "device_queued": 1585629921.020548, "device_end": 1585629921.0415804, "host_queued_end": 1585629987.60715}, "device": "gpu", "nd_range": {"device_start": 1585629921.0415885, "device_end": 1585629921.0437999}, "cmdq": 3, "read": {"device_start": 1585629921.0438032, "device_end": 1585629921.0438259}}, "FFC_sans_bias132": {"write": {"device_start": -1, "host_queued_start": 1585629987.590795, "device_queued": -1, "device_end": -1, "host_queued_end": 1585629987.60715}, "device": "gpu", "nd_range": {"device_start": 1585629921.03508, "device_end": 1585629921.037503}, "cmdq": 3, "read": {"device_start": -1, "device_end": -1}}, "softmax68": {"write": {"device_start": -1, "host_queued_start": 1585629987.584154, "device_queued": -1, "device_end": -1, "host_queued_end": 1585629987.60715}, "device": "gpu", "nd_range": {"device_start": 1585629921.028684, "device_end": 1585629921.0289657}, "cmdq": 1, "read": {"device_start": -1, "device_end": -1}}, "softmax131": {"write": {"device_start": -1, "host_queued_start": 1585629987.585944, "device_queued": -1, "device_end": -1, "host_queued_end": 1585629987.60715}, "device": "gpu", "nd_range": {"device_start": 1585629921.0296726, "device_end": 1585629921.0311844}, "cmdq": 3, "read": {"device_start": -1, "device_end": -1}}, "empty125": {"write": {"device_start": 1585629920.9939508, "host_queued_start": 1585629987.523516, "device_queued": 1585629920.9938571, "device_end": 1585629920.9940176, "host_queued_end": 1585629987.60715}, "device": "gpu", "nd_range": {"device_start": 1585629920.9940238, "device_end": 1585629920.9940355}, "cmdq": 2, "read": {"device_start": -1, "device_end": -1}}, "FFC_sans_bias139": {"write": {"device_start": -1, "host_queued_start": 1585629987.582363, "device_queued": -1, "device_end": -1, "host_queued_end": 1585629987.60715}, "device": "gpu", "nd_range": {"device_start": 1585629921.0288374, "device_end": 1585629921.0294409}, "cmdq": 4, "read": {"device_start": -1, "device_end": -1}}, "empty35": {"write": {"device_start": 1585629920.9928362, "host_queued_start": 1585629987.515105, "device_queued": 1585629920.9926667, "device_end": 1585629920.992914, "host_queued_end": 1585629987.60715}, "device": "gpu", "nd_range": {"device_start": 1585629920.9930625, "device_end": 1585629920.9930668}, "cmdq": 2, "read": {"device_start": -1, "device_end": -1}}, "softmax86": {"write": {"device_start": -1, "host_queued_start": 1585629987.584692, "device_queued": -1, "device_end": -1, "host_queued_end": 1585629987.60715}, "device": "gpu", "nd_range": {"device_start": 1585629921.0291781, "device_end": 1585629921.0296714}, "cmdq": 3, "read": {"device_start": -1, "device_end": -1}}, "FFC_sans_bias55": {"write": {"device_start": 1585629921.0007787, "host_queued_start": 1585629987.544273, "device_queued": 1585629920.9960997, "device_end": 1585629921.0008097, "host_queued_end": 1585629987.60715}, "device": "gpu", "nd_range": {"device_start": 1585629921.0008132, "device_end": 1585629921.0030887}, "cmdq": 2, "read": {"device_start": -1, "device_end": -1}}, "FFC_sans_bias54": {"write": {"device_start": 1585629921.0003397, "host_queued_start": 1585629987.543228, "device_queued": 1585629920.9959462, "device_end": 1585629921.0003705, "host_queued_end": 1585629987.60715}, "device": "gpu", "nd_range": {"device_start": 1585629921.0003774, "device_end": 1585629921.0026293}, "cmdq": 1, "read": {"device_start": -1, "device_end": -1}}, "FFC_sans_bias56": {"write": {"device_start": 1585629920.999813, "host_queued_start": 1585629987.542138, "device_queued": 1585629920.995875, "device_end": 1585629920.9998455, "host_queued_end": 1585629987.60715}, "device": "gpu", "nd_range": {"device_start": 1585629920.9998536, "device_end": 1585629921.0021102}, "cmdq": 0, "read": {"device_start": -1, "device_end": -1}}, "FFC_sans_bias51": {"write": {"device_start": -1, "host_queued_start": 1585629987.587831, "device_queued": -1, "device_end": -1, "host_queued_end": 1585629987.60715}, "device": "gpu", "nd_range": {"device_start": 1585629921.0311906, "device_end": 1585629921.033181}, "cmdq": 4, "read": {"device_start": -1, "device_end": -1}}, "FFC_sans_bias52": {"write": {"device_start": 1585629921.0381398, "host_queued_start": 1585629987.596472, "device_queued": 1585629921.0193417, "device_end": 1585629921.0381706, "host_queued_end": 1585629987.60715}, "device": "gpu", "nd_range": {"device_start": 1585629921.0381844, "device_end": 1585629921.03994}, "cmdq": 4, "read": {"device_start": 1585629921.039949, "device_end": 1585629921.0399735}}, "FFC_sans_bias58": {"write": {"device_start": -1, "host_queued_start": 1585629987.579459, "device_queued": -1, "device_end": -1, "host_queued_end": 1585629987.60715}, "device": "gpu", "nd_range": {"device_start": 1585629921.0225534, "device_end": 1585629921.024502}, "cmdq": 0, "read": {"device_start": -1, "device_end": -1}}, "FFC_sans_bias108": {"write": {"device_start": 1585629921.0146818, "host_queued_start": 1585629987.561129, "device_queued": 1585629920.9976685, "device_end": 1585629921.0147424, "host_queued_end": 1585629987.60715}, "device": "gpu", "nd_range": {"device_start": 1585629921.014749, "device_end": 1585629921.0166247}, "cmdq": 3, "read": {"device_start": -1, "device_end": -1}}, "FFC_sans_bias109": {"write": {"device_start": 1585629921.0147743, "host_queued_start": 1585629987.562194, "device_queued": 1585629920.9977863, "device_end": 1585629921.0148, "host_queued_end": 1585629987.60715}, "device": "gpu", "nd_range": {"device_start": 1585629921.0148058, "device_end": 1585629921.0170834}, "cmdq": 4, "read": {"device_start": -1, "device_end": -1}}, "coalesced_transpose129": {"write": {"device_start": -1, "host_queued_start": 1585629987.577188, "device_queued": -1, "device_end": -1, "host_queued_end": 1585629987.60715}, "device": "gpu", "nd_range": {"device_start": 1585629921.021926, "device_end": 1585629921.0219533}, "cmdq": 3, "read": {"device_start": -1, "device_end": -1}}, "FFC_sans_bias103": {"write": {"device_start": -1, "host_queued_start": 1585629987.581068, "device_queued": -1, "device_end": -1, "host_queued_end": 1585629987.60715}, "device": "gpu", "nd_range": {"device_start": 1585629921.0245032, "device_end": 1585629921.0264282}, "cmdq": 0, "read": {"device_start": -1, "device_end": -1}}, "FFC_sans_bias100": {"write": {"device_start": 1585629921.0144675, "host_queued_start": 1585629987.559028, "device_queued": 1585629920.9976318, "device_end": 1585629921.0144966, "host_queued_end": 1585629987.60715}, "device": "gpu", "nd_range": {"device_start": 1585629921.0145037, "device_end": 1585629921.0156367}, "cmdq": 1, "read": {"device_start": -1, "device_end": -1}}, "FFC_sans_bias101": {"write": {"device_start": 1585629921.0145738, "host_queued_start": 1585629987.560083, "device_queued": 1585629920.997653, "device_end": 1585629921.0146368, "host_queued_end": 1585629987.60715}, "device": "gpu", "nd_range": {"device_start": 1585629921.0146496, "device_end": 1585629921.0161393}, "cmdq": 2, "read": {"device_start": -1, "device_end": -1}}, "FFC_sans_bias106": {"write": {"device_start": 1585629921.040594, "host_queued_start": 1585629987.602808, "device_queued": 1585629921.0203314, "device_end": 1585629921.040619, "host_queued_end": 1585629987.60715}, "device": "gpu", "nd_range": {"device_start": 1585629921.0406237, "device_end": 1585629921.0428214}, "cmdq": 0, "read": {"device_start": 1585629921.0428329, "device_end": 1585629921.0428555}}, "softmax122": {"write": {"device_start": -1, "host_queued_start": 1585629987.585697, "device_queued": -1, "device_end": -1, "host_queued_end": 1585629987.60715}, "device": "gpu", "nd_range": {"device_start": 1585629921.0296679, "device_end": 1585629921.0311804}, "cmdq": 2, "read": {"device_start": -1, "device_end": -1}}, "FFC_sans_bias105": {"write": {"device_start": -1, "host_queued_start": 1585629987.589824, "device_queued": -1, "device_end": -1, "host_queued_end": 1585629987.60715}, "device": "gpu", "nd_range": {"device_start": 1585629921.0312562, "device_end": 1585629921.0336387}, "cmdq": 0, "read": {"device_start": -1, "device_end": -1}}, "softmax95": {"write": {"device_start": -1, "host_queued_start": 1585629987.584943, "device_queued": -1, "device_end": -1, "host_queued_end": 1585629987.60715}, "device": "gpu", "nd_range": {"device_start": 1585629921.0296557, "device_end": 1585629921.030042}, "cmdq": 4, "read": {"device_start": -1, "device_end": -1}}, "coalesced_transpose57": {"write": {"device_start": -1, "host_queued_start": 1585629987.574656, "device_queued": -1, "device_end": -1, "host_queued_end": 1585629987.60715}, "device": "gpu", "nd_range": {"device_start": 1585629921.0217988, "device_end": 1585629921.0218513}, "cmdq": 0, "read": {"device_start": -1, "device_end": -1}}, "empty26": {"write": {"device_start": 1585629920.9927263, "host_queued_start": 1585629987.514228, "device_queued": 1585629920.9926436, "device_end": 1585629920.992774, "host_queued_end": 1585629987.60715}, "device": "gpu", "nd_range": {"device_start": 1585629920.9930363, "device_end": 1585629920.993049}, "cmdq": 1, "read": {"device_start": -1, "device_end": -1}}, "softmax113": {"write": {"device_start": -1, "host_queued_start": 1585629987.585446, "device_queued": -1, "device_end": -1, "host_queued_end": 1585629987.60715}, "device": "gpu", "nd_range": {"device_start": 1585629921.028967, "device_end": 1585629921.0296624}, "cmdq": 1, "read": {"device_start": -1, "device_end": -1}}, "FFC_sans_bias11": {"write": {"device_start": 1585629920.9944956, "host_queued_start": 1585629987.528312, "device_queued": 1585629920.9943311, "device_end": 1585629920.994522, "host_queued_end": 1585629987.60715}, "device": "gpu", "nd_range": {"device_start": 1585629920.9946463, "device_end": 1585629920.9958718}, "cmdq": 2, "read": {"device_start": -1, "device_end": -1}}, "FFC_sans_bias42": {"write": {"device_start": -1, "host_queued_start": 1585629987.587496, "device_queued": -1, "device_end": -1, "host_queued_end": 1585629987.60715}, "device": "gpu", "nd_range": {"device_start": 1585629921.0311854, "device_end": 1585629921.0326486}, "cmdq": 3, "read": {"device_start": -1, "device_end": -1}}, "FFC_sans_bias43": {"write": {"device_start": 1585629921.037627, "host_queued_start": 1585629987.595382, "device_queued": 1585629921.0193071, "device_end": 1585629921.0376592, "host_queued_end": 1585629987.60715}, "device": "gpu", "nd_range": {"device_start": 1585629921.0376651, "device_end": 1585629921.0389683}, "cmdq": 3, "read": {"device_start": 1585629921.0389712, "device_end": 1585629921.038996}}, "FFC_sans_bias40": {"write": {"device_start": -1, "host_queued_start": 1585629987.578813, "device_queued": -1, "device_end": -1, "host_queued_end": 1585629987.60715}, "device": "gpu", "nd_range": {"device_start": 1585629921.021955, "device_end": 1585629921.0239391}, "cmdq": 3, "read": {"device_start": -1, "device_end": -1}}, "FFC_sans_bias46": {"write": {"device_start": 1585629920.9988532, "host_queued_start": 1585629987.540051, "device_queued": 1585629920.9955783, "device_end": 1585629920.9988837, "host_queued_end": 1585629987.60715}, "device": "gpu", "nd_range": {"device_start": 1585629920.9988909, "device_end": 1585629921.0011482}, "cmdq": 3, "read": {"device_start": -1, "device_end": -1}}, "FFC_sans_bias47": {"write": {"device_start": 1585629920.9994001, "host_queued_start": 1585629987.5411, "device_queued": 1585629920.9956908, "device_end": 1585629920.9994264, "host_queued_end": 1585629987.60715}, "device": "gpu", "nd_range": {"device_start": 1585629920.9994335, "device_end": 1585629921.001655}, "cmdq": 4, "read": {"device_start": -1, "device_end": -1}}, "FFC_sans_bias45": {"write": {"device_start": 1585629920.9983659, "host_queued_start": 1585629987.539014, "device_queued": 1585629920.9955623, "device_end": 1585629920.9983974, "host_queued_end": 1585629987.60715}, "device": "gpu", "nd_range": {"device_start": 1585629920.998403, "device_end": 1585629921.0006735}, "cmdq": 2, "read": {"device_start": -1, "device_end": -1}}, "FFC_sans_bias49": {"write": {"device_start": -1, "host_queued_start": 1585629987.579135, "device_queued": -1, "device_end": -1, "host_queued_end": 1585629987.60715}, "device": "gpu", "nd_range": {"device_start": 1585629921.0253093, "device_end": 1585629921.027364}, "cmdq": 4, "read": {"device_start": -1, "device_end": -1}}, "softmax77": {"write": {"device_start": -1, "host_queued_start": 1585629987.584413, "device_queued": -1, "device_end": -1, "host_queued_end": 1585629987.60715}, "device": "gpu", "nd_range": {"device_start": 1585629921.029184, "device_end": 1585629921.029667}, "cmdq": 2, "read": {"device_start": -1, "device_end": -1}}, "empty134": {"write": {"device_start": 1585629920.994053, "host_queued_start": 1585629987.524337, "device_queued": 1585629920.9938831, "device_end": 1585629920.9941332, "host_queued_end": 1585629987.60715}, "device": "gpu", "nd_range": {"device_start": 1585629920.9941378, "device_end": 1585629920.9941413}, "cmdq": 3, "read": {"device_start": -1, "device_end": -1}}, "coalesced_transpose138": {"write": {"device_start": -1, "host_queued_start": 1585629987.577499, "device_queued": -1, "device_end": -1, "host_queued_end": 1585629987.60715}, "device": "gpu", "nd_range": {"device_start": 1585629921.0238478, "device_end": 1585629921.025308}, "cmdq": 4, "read": {"device_start": -1, "device_end": -1}}, "FFC_sans_bias119": {"write": {"device_start": 1585629921.016702, "host_queued_start": 1585629987.56642, "device_queued": 1585629920.9983048, "device_end": 1585629921.0167284, "host_queued_end": 1585629987.60715}, "device": "gpu", "nd_range": {"device_start": 1585629921.0167344, "device_end": 1585629921.0190187}, "cmdq": 3, "read": {"device_start": -1, "device_end": -1}}, "FFC_sans_bias118": {"write": {"device_start": 1585629921.0162256, "host_queued_start": 1585629987.565372, "device_queued": 1585629920.9982657, "device_end": 1585629921.0162504, "host_queued_end": 1585629987.60715}, "device": "gpu", "nd_range": {"device_start": 1585629921.016255, "device_end": 1585629921.0185618}, "cmdq": 2, "read": {"device_start": -1, "device_end": -1}}, "empty143": {"write": {"device_start": 1585629920.9941463, "host_queued_start": 1585629987.525164, "device_queued": 1585629920.993901, "device_end": 1585629920.9942153, "host_queued_end": 1585629987.60715}, "device": "gpu", "nd_range": {"device_start": 1585629920.9942212, "device_end": 1585629920.9942253}, "cmdq": 4, "read": {"device_start": -1, "device_end": -1}}, "FFC_sans_bias115": {"write": {"device_start": 1585629921.039637, "host_queued_start": 1585629987.603875, "device_queued": 1585629921.0203812, "device_end": 1585629921.0396676, "host_queued_end": 1585629987.60715}, "device": "gpu", "nd_range": {"device_start": 1585629921.039673, "device_end": 1585629921.0418499}, "cmdq": 1, "read": {"device_start": 1585629921.0418613, "device_end": 1585629921.0418842}}, "FFC_sans_bias114": {"write": {"device_start": -1, "host_queued_start": 1585629987.590147, "device_queued": -1, "device_end": -1, "host_queued_end": 1585629987.60715}, "device": "gpu", "nd_range": {"device_start": 1585629921.031659, "device_end": 1585629921.034118}, "cmdq": 1, "read": {"device_start": -1, "device_end": -1}}, "FFC_sans_bias117": {"write": {"device_start": 1585629921.0157185, "host_queued_start": 1585629987.564304, "device_queued": 1585629920.998136, "device_end": 1585629921.015743, "host_queued_end": 1585629987.60715}, "device": "gpu", "nd_range": {"device_start": 1585629921.0157468, "device_end": 1585629921.0180635}, "cmdq": 1, "read": {"device_start": -1, "device_end": -1}}, "softmax5": {"write": {"device_start": -1, "host_queued_start": 1585629987.614526, "device_queued": -1, "device_end": -1, "host_queued_end": 1585629987.616287}, "device": "cpu", "nd_range": {"device_start": 2297761.8241281323, "device_end": 2297761.824264631}, "cmdq": 0, "read": {"device_start": -1, "device_end": -1}}, "FFC_sans_bias110": {"write": {"device_start": 1585629921.0152667, "host_queued_start": 1585629987.563262, "device_queued": 1585629920.9980855, "device_end": 1585629921.0152931, "host_queued_end": 1585629987.60715}, "device": "gpu", "nd_range": {"device_start": 1585629921.0153048, "device_end": 1585629921.0176015}, "cmdq": 0, "read": {"device_start": -1, "device_end": -1}}, "FFC_sans_bias112": {"write": {"device_start": -1, "host_queued_start": 1585629987.581394, "device_queued": -1, "device_end": -1, "host_queued_end": 1585629987.60715}, "device": "gpu", "nd_range": {"device_start": 1585629921.0249321, "device_end": 1585629921.0268884}, "cmdq": 1, "read": {"device_start": -1, "device_end": -1}}, "empty53": {"write": {"device_start": 1585629920.993096, "host_queued_start": 1585629987.516803, "device_queued": 1585629920.992998, "device_end": 1585629920.9931204, "host_queued_end": 1585629987.60715}, "device": "gpu", "nd_range": {"device_start": 1585629920.993129, "device_end": 1585629920.9931326}, "cmdq": 4, "read": {"device_start": -1, "device_end": -1}}, "coalesced_transpose48": {"write": {"device_start": -1, "host_queued_start": 1585629987.574335, "device_queued": -1, "device_end": -1, "host_queued_end": 1585629987.60715}, "device": "gpu", "nd_range": {"device_start": 1585629921.0219336, "device_end": 1585629921.021959}, "cmdq": 4, "read": {"device_start": -1, "device_end": -1}}}