{"FFC_sans_bias4": {"write": {"device_start": -1, "host_queued_start": 1585629495.728519, "device_queued": -1, "device_end": -1, "host_queued_end": 1585629495.744012}, "device": "cpu", "nd_range": {"device_start": 2297270.0645951973, "device_end": 2297270.075620527}, "cmdq": 0, "read": {"device_start": -1, "device_end": -1}}, "FFC_sans_bias7": {"write": {"device_start": -1, "host_queued_start": 1585629495.737007, "device_queued": -1, "device_end": -1, "host_queued_end": 1585629495.744012}, "device": "cpu", "nd_range": {"device_start": 2297270.138572486, "device_end": 2297270.1462106733}, "cmdq": 0, "read": {"device_start": -1, "device_end": -1}}, "FFC_sans_bias6": {"write": {"device_start": -1, "host_queued_start": 1585629495.733533, "device_queued": -1, "device_end": -1, "host_queued_end": 1585629495.744012}, "device": "cpu", "nd_range": {"device_start": 2297270.096743899, "device_end": 2297270.109062605}, "cmdq": 0, "read": {"device_start": -1, "device_end": -1}}, "FFC_sans_bias1": {"write": {"device_start": -1, "host_queued_start": 1585629495.701338, "device_queued": -1, "device_end": -1, "host_queued_end": 1585629495.744012}, "device": "cpu", "nd_range": {"device_start": 2297269.9336765213, "device_end": 2297269.941870851}, "cmdq": 1, "read": {"device_start": -1, "device_end": -1}}, "FFC_sans_bias0": {"write": {"device_start": -1, "host_queued_start": 1585629495.700195, "device_queued": -1, "device_end": -1, "host_queued_end": 1585629495.744012}, "device": "cpu", "nd_range": {"device_start": 2297269.933678031, "device_end": 2297269.942953145}, "cmdq": 0, "read": {"device_start": -1, "device_end": -1}}, "FFC_sans_bias2": {"write": {"device_start": -1, "host_queued_start": 1585629495.702456, "device_queued": -1, "device_end": -1, "host_queued_end": 1585629495.744012}, "device": "cpu", "nd_range": {"device_start": 2297269.943913049, "device_end": 2297269.9534107}, "cmdq": 0, "read": {"device_start": -1, "device_end": -1}}, "coalesced_transpose120": {"write": {"device_start": -1, "host_queued_start": 1585629495.674561, "device_queued": -1, "device_end": -1, "host_queued_end": 1585629495.690823}, "device": "gpu", "nd_range": {"device_start": 1585629429.1018507, "device_end": 1585629429.10226}, "cmdq": 1, "read": {"device_start": -1, "device_end": -1}}, "FFC_sans_bias9": {"write": {"device_start": -1, "host_queued_start": 1585629495.70356, "device_queued": -1, "device_end": -1, "host_queued_end": 1585629495.744012}, "device": "cpu", "nd_range": {"device_start": 2297269.9419863783, "device_end": 2297269.949626461}, "cmdq": 1, "read": {"device_start": -1, "device_end": -1}}, "empty71": {"write": {"device_start": -1, "host_queued_start": 1585629495.699179, "device_queued": -1, "device_end": -1, "host_queued_end": 1585629495.744012}, "device": "cpu", "nd_range": {"device_start": 2297269.933670657, "device_end": 2297269.9336714293}, "cmdq": 1, "read": {"device_start": -1, "device_end": -1}}, "softmax41": {"write": {"device_start": -1, "host_queued_start": 1585629495.732335, "device_queued": -1, "device_end": -1, "host_queued_end": 1585629495.744012}, "device": "cpu", "nd_range": {"device_start": 2297270.09612659, "device_end": 2297270.0963345002}, "cmdq": 0, "read": {"device_start": -1, "device_end": -1}}, "FFC_sans_bias37": {"write": {"device_start": -1, "host_queued_start": 1585629495.71469, "device_queued": -1, "device_end": -1, "host_queued_end": 1585629495.744012}, "device": "cpu", "nd_range": {"device_start": 2297269.9802842513, "device_end": 2297269.987644752}, "cmdq": 1, "read": {"device_start": -1, "device_end": -1}}, "FFC_sans_bias36": {"write": {"device_start": -1, "host_queued_start": 1585629495.713444, "device_queued": -1, "device_end": -1, "host_queued_end": 1585629495.744012}, "device": "cpu", "nd_range": {"device_start": 2297270.012473295, "device_end": 2297270.02764094}, "cmdq": 0, "read": {"device_start": -1, "device_end": -1}}, "FFC_sans_bias34": {"write": {"device_start": -1, "host_queued_start": 1585629495.739998, "device_queued": -1, "device_end": -1, "host_queued_end": 1585629495.744012}, "device": "cpu", "nd_range": {"device_start": 2297270.120732061, "device_end": 2297270.126693897}, "cmdq": 1, "read": {"device_start": -1, "device_end": -1}}, "FFC_sans_bias33": {"write": {"device_start": -1, "host_queued_start": 1585629495.734581, "device_queued": -1, "device_end": -1, "host_queued_end": 1585629495.744012}, "device": "cpu", "nd_range": {"device_start": 2297270.0924145123, "device_end": 2297270.100024611}, "cmdq": 1, "read": {"device_start": -1, "device_end": -1}}, "FFC_sans_bias31": {"write": {"device_start": -1, "host_queued_start": 1585629495.729551, "device_queued": -1, "device_end": -1, "host_queued_end": 1585629495.744012}, "device": "cpu", "nd_range": {"device_start": 2297270.0518421503, "device_end": 2297270.059666811}, "cmdq": 1, "read": {"device_start": -1, "device_end": -1}}, "FFC_sans_bias38": {"write": {"device_start": -1, "host_queued_start": 1585629495.715828, "device_queued": -1, "device_end": -1, "host_queued_end": 1585629495.744012}, "device": "cpu", "nd_range": {"device_start": 2297270.027648202, "device_end": 2297270.0354084712}, "cmdq": 0, "read": {"device_start": -1, "device_end": -1}}, "coalesced_transpose75": {"write": {"device_start": -1, "host_queued_start": 1585629495.673037, "device_queued": -1, "device_end": -1, "host_queued_end": 1585629495.690823}, "device": "gpu", "nd_range": {"device_start": 1585629429.1008816, "device_end": 1585629429.1017227}, "cmdq": 2, "read": {"device_start": -1, "device_end": -1}}, "softmax140": {"write": {"device_start": -1, "host_queued_start": 1585629495.679731, "device_queued": -1, "device_end": -1, "host_queued_end": 1585629495.690823}, "device": "gpu", "nd_range": {"device_start": 1585629429.1062484, "device_end": 1585629429.1066117}, "cmdq": 1, "read": {"device_start": -1, "device_end": -1}}, "empty44": {"write": {"device_start": -1, "host_queued_start": 1585629495.696535, "device_queued": -1, "device_end": -1, "host_queued_end": 1585629495.744012}, "device": "cpu", "nd_range": {"device_start": 2297269.933665473, "device_end": 2297269.933666227}, "cmdq": 0, "read": {"device_start": -1, "device_end": -1}}, "FFC_sans_bias137": {"write": {"device_start": 1585629429.0999932, "host_queued_start": 1585629495.671669, "device_queued": 1585629429.0922186, "device_end": 1585629429.1000192, "host_queued_end": 1585629495.690823}, "device": "gpu", "nd_range": {"device_start": 1585629429.1000266, "device_end": 1585629429.1013658}, "cmdq": 0, "read": {"device_start": -1, "device_end": -1}}, "empty8": {"write": {"device_start": -1, "host_queued_start": 1585629495.69269, "device_queued": -1, "device_end": -1, "host_queued_end": 1585629495.744012}, "device": "cpu", "nd_range": {"device_start": 2297269.9336276622, "device_end": 2297269.933636023}, "cmdq": 0, "read": {"device_start": -1, "device_end": -1}}, "softmax50": {"write": {"device_start": -1, "host_queued_start": 1585629495.732608, "device_queued": -1, "device_end": -1, "host_queued_end": 1585629495.744012}, "device": "cpu", "nd_range": {"device_start": 2297270.076936481, "device_end": 2297270.077146428}, "cmdq": 1, "read": {"device_start": -1, "device_end": -1}}, "softmax59": {"write": {"device_start": -1, "host_queued_start": 1585629495.732883, "device_queued": -1, "device_end": -1, "host_queued_end": 1585629495.744012}, "device": "cpu", "nd_range": {"device_start": 2297270.096436954, "device_end": 2297270.0966421124}, "cmdq": 0, "read": {"device_start": -1, "device_end": -1}}, "FFC_sans_bias142": {"write": {"device_start": 1585629429.1124053, "host_queued_start": 1585629495.690722, "device_queued": 1585629429.094937, "device_end": 1585629429.1124356, "host_queued_end": 1585629495.690823}, "device": "gpu", "nd_range": {"device_start": 1585629429.1124468, "device_end": 1585629429.1136312}, "cmdq": 2, "read": {"device_start": 1585629429.1136425, "device_end": 1585629429.1136656}}, "FFC_sans_bias141": {"write": {"device_start": -1, "host_queued_start": 1585629495.682263, "device_queued": -1, "device_end": -1, "host_queued_end": 1585629495.690823}, "device": "gpu", "nd_range": {"device_start": 1585629429.1088262, "device_end": 1585629429.1102374}, "cmdq": 0, "read": {"device_start": -1, "device_end": -1}}, "FFC_sans_bias24": {"write": {"device_start": -1, "host_queued_start": 1585629495.734227, "device_queued": -1, "device_end": -1, "host_queued_end": 1585629495.744012}, "device": "cpu", "nd_range": {"device_start": 2297270.109172922, "device_end": 2297270.12455033}, "cmdq": 0, "read": {"device_start": -1, "device_end": -1}}, "FFC_sans_bias25": {"write": {"device_start": -1, "host_queued_start": 1585629495.739007, "device_queued": -1, "device_end": -1, "host_queued_end": 1585629495.744012}, "device": "cpu", "nd_range": {"device_start": 2297270.1462143613, "device_end": 2297270.156573364}, "cmdq": 0, "read": {"device_start": -1, "device_end": -1}}, "FFC_sans_bias27": {"write": {"device_start": -1, "host_queued_start": 1585629495.71002, "device_queued": -1, "device_end": -1, "host_queued_end": 1585629495.744012}, "device": "cpu", "nd_range": {"device_start": 2297269.9666847694, "device_end": 2297269.9745209534}, "cmdq": 1, "read": {"device_start": -1, "device_end": -1}}, "FFC_sans_bias20": {"write": {"device_start": -1, "host_queued_start": 1585629495.708923, "device_queued": -1, "device_end": -1, "host_queued_end": 1585629495.744012}, "device": "cpu", "nd_range": {"device_start": 2297269.9817787614, "device_end": 2297269.994652343}, "cmdq": 0, "read": {"device_start": -1, "device_end": -1}}, "FFC_sans_bias22": {"write": {"device_start": -1, "host_queued_start": 1585629495.729207, "device_queued": -1, "device_end": -1, "host_queued_end": 1585629495.744012}, "device": "cpu", "nd_range": {"device_start": 2297270.075628568, "device_end": 2297270.0810245164}, "cmdq": 0, "read": {"device_start": -1, "device_end": -1}}, "FFC_sans_bias130": {"write": {"device_start": -1, "host_queued_start": 1585629495.677403, "device_queued": -1, "device_end": -1, "host_queued_end": 1585629495.690823}, "device": "gpu", "nd_range": {"device_start": 1585629429.1048548, "device_end": 1585629429.1058018}, "cmdq": 1, "read": {"device_start": -1, "device_end": -1}}, "FFC_sans_bias28": {"write": {"device_start": -1, "host_queued_start": 1585629495.711097, "device_queued": -1, "device_end": -1, "host_queued_end": 1585629495.744012}, "device": "cpu", "nd_range": {"device_start": 2297269.9951961963, "device_end": 2297270.003770275}, "cmdq": 0, "read": {"device_start": -1, "device_end": -1}}, "FFC_sans_bias29": {"write": {"device_start": -1, "host_queued_start": 1585629495.712268, "device_queued": -1, "device_end": -1, "host_queued_end": 1585629495.744012}, "device": "cpu", "nd_range": {"device_start": 2297269.9746456, "device_end": 2297269.980162837}, "cmdq": 1, "read": {"device_start": -1, "device_end": -1}}, "coalesced_transpose66": {"write": {"device_start": -1, "host_queued_start": 1585629495.728175, "device_queued": -1, "device_end": -1, "host_queued_end": 1585629495.744012}, "device": "cpu", "nd_range": {"device_start": 2297270.040110107, "device_end": 2297270.04036141}, "cmdq": 1, "read": {"device_start": -1, "device_end": -1}}, "coalesced_transpose93": {"write": {"device_start": -1, "host_queued_start": 1585629495.67365, "device_queued": -1, "device_end": -1, "host_queued_end": 1585629495.690823}, "device": "gpu", "nd_range": {"device_start": 1585629429.1018171, "device_end": 1585629429.1018398}, "cmdq": 1, "read": {"device_start": -1, "device_end": -1}}, "softmax23": {"write": {"device_start": -1, "host_queued_start": 1585629495.731786, "device_queued": -1, "device_end": -1, "host_queued_end": 1585629495.744012}, "device": "cpu", "nd_range": {"device_start": 2297270.0958056413, "device_end": 2297270.0960193872}, "cmdq": 0, "read": {"device_start": -1, "device_end": -1}}, "empty62": {"write": {"device_start": -1, "host_queued_start": 1585629495.698315, "device_queued": -1, "device_end": -1, "host_queued_end": 1585629495.744012}, "device": "cpu", "nd_range": {"device_start": 2297269.933671213, "device_end": 2297269.933671851}, "cmdq": 0, "read": {"device_start": -1, "device_end": -1}}, "FFC_sans_bias10": {"write": {"device_start": -1, "host_queued_start": 1585629495.704632, "device_queued": -1, "device_end": -1, "host_queued_end": 1585629495.744012}, "device": "cpu", "nd_range": {"device_start": 2297269.95355017, "device_end": 2297269.9666661443}, "cmdq": 0, "read": {"device_start": -1, "device_end": -1}}, "FFC_sans_bias13": {"write": {"device_start": -1, "host_queued_start": 1585629495.728861, "device_queued": -1, "device_end": -1, "host_queued_end": 1585629495.744012}, "device": "cpu", "nd_range": {"device_start": 2297270.040474778, "device_end": 2297270.051725637}, "cmdq": 1, "read": {"device_start": -1, "device_end": -1}}, "FFC_sans_bias15": {"write": {"device_start": -1, "host_queued_start": 1585629495.733882, "device_queued": -1, "device_end": -1, "host_queued_end": 1585629495.744012}, "device": "cpu", "nd_range": {"device_start": 2297270.077362947, "device_end": 2297270.092407801}, "cmdq": 1, "read": {"device_start": -1, "device_end": -1}}, "FFC_sans_bias16": {"write": {"device_start": -1, "host_queued_start": 1585629495.737999, "device_queued": -1, "device_end": -1, "host_queued_end": 1585629495.744012}, "device": "cpu", "nd_range": {"device_start": 2297270.1131349793, "device_end": 2297270.120728387}, "cmdq": 1, "read": {"device_start": -1, "device_end": -1}}, "FFC_sans_bias19": {"write": {"device_start": -1, "host_queued_start": 1585629495.707849, "device_queued": -1, "device_end": -1, "host_queued_end": 1585629495.744012}, "device": "cpu", "nd_range": {"device_start": 2297269.956019327, "device_end": 2297269.966666772}, "cmdq": 1, "read": {"device_start": -1, "device_end": -1}}, "FFC_sans_bias18": {"write": {"device_start": -1, "host_queued_start": 1585629495.706794, "device_queued": -1, "device_end": -1, "host_queued_end": 1585629495.744012}, "device": "cpu", "nd_range": {"device_start": 2297269.966674066, "device_end": 2297269.981565806}, "cmdq": 0, "read": {"device_start": -1, "device_end": -1}}, "FFC_sans_bias99": {"write": {"device_start": 1585629429.0937421, "host_queued_start": 1585629495.657751, "device_queued": 1585629429.090854, "device_end": 1585629429.093773, "host_queued_end": 1585629495.690823}, "device": "gpu", "nd_range": {"device_start": 1585629429.0937767, "device_end": 1585629429.095107}, "cmdq": 2, "read": {"device_start": -1, "device_end": -1}}, "FFC_sans_bias91": {"write": {"device_start": 1585629429.0927947, "host_queued_start": 1585629495.655664, "device_queued": 1585629429.090656, "device_end": 1585629429.0928247, "host_queued_end": 1585629495.690823}, "device": "gpu", "nd_range": {"device_start": 1585629429.092828, "device_end": 1585629429.094133}, "cmdq": 0, "read": {"device_start": -1, "device_end": -1}}, "FFC_sans_bias90": {"write": {"device_start": 1585629429.0922427, "host_queued_start": 1585629495.654625, "device_queued": 1585629429.0904906, "device_end": 1585629429.0922706, "host_queued_end": 1585629495.690823}, "device": "gpu", "nd_range": {"device_start": 1585629429.092275, "device_end": 1585629429.093634}, "cmdq": 2, "read": {"device_start": -1, "device_end": -1}}, "coalesced_transpose12": {"write": {"device_start": -1, "host_queued_start": 1585629495.726083, "device_queued": -1, "device_end": -1, "host_queued_end": 1585629495.744012}, "device": "cpu", "nd_range": {"device_start": 2297270.0183489933, "device_end": 2297270.0185974743}, "cmdq": 1, "read": {"device_start": -1, "device_end": -1}}, "FFC_sans_bias94": {"write": {"device_start": -1, "host_queued_start": 1585629495.676133, "device_queued": -1, "device_end": -1, "host_queued_end": 1585629495.690823}, "device": "gpu", "nd_range": {"device_start": 1585629429.101869, "device_end": 1585629429.1028624}, "cmdq": 0, "read": {"device_start": -1, "device_end": -1}}, "FFC_sans_bias97": {"write": {"device_start": 1585629429.1103497, "host_queued_start": 1585629495.685422, "device_queued": 1585629429.0943801, "device_end": 1585629429.1103811, "host_queued_end": 1585629495.690823}, "device": "gpu", "nd_range": {"device_start": 1585629429.1103942, "device_end": 1585629429.1116862}, "cmdq": 0, "read": {"device_start": 1585629429.111697, "device_end": 1585629429.1117215}}, "FFC_sans_bias96": {"write": {"device_start": -1, "host_queued_start": 1585629495.680686, "device_queued": -1, "device_end": -1, "host_queued_end": 1585629495.690823}, "device": "gpu", "nd_range": {"device_start": 1585629429.1066232, "device_end": 1585629429.1078494}, "cmdq": 1, "read": {"device_start": -1, "device_end": -1}}, "FFC_sans_bias124": {"write": {"device_start": 1585629429.1118906, "host_queued_start": 1585629495.688577, "device_queued": 1585629429.0947733, "device_end": 1585629429.111922, "host_queued_end": 1585629495.690823}, "device": "gpu", "nd_range": {"device_start": 1585629429.1119347, "device_end": 1585629429.113129}, "cmdq": 0, "read": {"device_start": 1585629429.1131315, "device_end": 1585629429.1131551}}, "FFC_sans_bias126": {"write": {"device_start": 1585629429.0985696, "host_queued_start": 1585629495.668477, "device_queued": 1585629429.0919037, "device_end": 1585629429.0985951, "host_queued_end": 1585629495.690823}, "device": "gpu", "nd_range": {"device_start": 1585629429.0986016, "device_end": 1585629429.099903}, "cmdq": 0, "read": {"device_start": -1, "device_end": -1}}, "softmax32": {"write": {"device_start": -1, "host_queued_start": 1585629495.732056, "device_queued": -1, "device_end": -1, "host_queued_end": 1585629495.744012}, "device": "cpu", "nd_range": {"device_start": 2297270.076708183, "device_end": 2297270.076929858}, "cmdq": 1, "read": {"device_start": -1, "device_end": -1}}, "coalesced_transpose84": {"write": {"device_start": -1, "host_queued_start": 1585629495.67334, "device_queued": -1, "device_end": -1, "host_queued_end": 1585629495.690823}, "device": "gpu", "nd_range": {"device_start": 1585629429.1013682, "device_end": 1585629429.1017332}, "cmdq": 0, "read": {"device_start": -1, "device_end": -1}}, "FFC_sans_bias121": {"write": {"device_start": -1, "host_queued_start": 1585629495.677085, "device_queued": -1, "device_end": -1, "host_queued_end": 1585629495.690823}, "device": "gpu", "nd_range": {"device_start": 1585629429.102875, "device_end": 1585629429.1043513}, "cmdq": 0, "read": {"device_start": -1, "device_end": -1}}, "empty98": {"write": {"device_start": 1585629429.089496, "host_queued_start": 1585629495.643147, "device_queued": 1585629429.089306, "device_end": 1585629429.0895674, "host_queued_end": 1585629495.690823}, "device": "gpu", "nd_range": {"device_start": 1585629429.0895712, "device_end": 1585629429.0895755}, "cmdq": 2, "read": {"device_start": -1, "device_end": -1}}, "empty107": {"write": {"device_start": 1585629429.0895832, "host_queued_start": 1585629495.643997, "device_queued": 1585629429.0894306, "device_end": 1585629429.0896096, "host_queued_end": 1585629495.690823}, "device": "gpu", "nd_range": {"device_start": 1585629429.0896134, "device_end": 1585629429.0896173}, "cmdq": 0, "read": {"device_start": -1, "device_end": -1}}, "empty17": {"write": {"device_start": -1, "host_queued_start": 1585629495.693778, "device_queued": -1, "device_end": -1, "host_queued_end": 1585629495.744012}, "device": "cpu", "nd_range": {"device_start": 2297269.933621296, "device_end": 2297269.933633491}, "cmdq": 1, "read": {"device_start": -1, "device_end": -1}}, "FFC_sans_bias87": {"write": {"device_start": -1, "host_queued_start": 1585629495.680369, "device_queued": -1, "device_end": -1, "host_queued_end": 1585629495.690823}, "device": "gpu", "nd_range": {"device_start": 1585629429.1062777, "device_end": 1585629429.107276}, "cmdq": 0, "read": {"device_start": -1, "device_end": -1}}, "FFC_sans_bias85": {"write": {"device_start": -1, "host_queued_start": 1585629495.675812, "device_queued": -1, "device_end": -1, "host_queued_end": 1585629495.690823}, "device": "gpu", "nd_range": {"device_start": 1585629429.101834, "device_end": 1585629429.1024337}, "cmdq": 2, "read": {"device_start": -1, "device_end": -1}}, "FFC_sans_bias82": {"write": {"device_start": 1585629429.091265, "host_queued_start": 1585629495.65251, "device_queued": 1585629429.090413, "device_end": 1585629429.09129, "host_queued_end": 1585629495.690823}, "device": "gpu", "nd_range": {"device_start": 1585629429.0912936, "device_end": 1585629429.0926943}, "cmdq": 0, "read": {"device_start": -1, "device_end": -1}}, "FFC_sans_bias83": {"write": {"device_start": 1585629429.0918112, "host_queued_start": 1585629495.653559, "device_queued": 1585629429.0904672, "device_end": 1585629429.091837, "host_queued_end": 1585629495.690823}, "device": "gpu", "nd_range": {"device_start": 1585629429.0918417, "device_end": 1585629429.093145}, "cmdq": 1, "read": {"device_start": -1, "device_end": -1}}, "FFC_sans_bias81": {"write": {"device_start": 1585629429.0908694, "host_queued_start": 1585629495.651467, "device_queued": 1585629429.0902486, "device_end": 1585629429.0908942, "host_queued_end": 1585629495.690823}, "device": "gpu", "nd_range": {"device_start": 1585629429.0909038, "device_end": 1585629429.0921586}, "cmdq": 2, "read": {"device_start": -1, "device_end": -1}}, "FFC_sans_bias88": {"write": {"device_start": 1585629429.1098986, "host_queued_start": 1585629495.684376, "device_queued": 1585629429.0941045, "device_end": 1585629429.1099296, "host_queued_end": 1585629495.690823}, "device": "gpu", "nd_range": {"device_start": 1585629429.1099432, "device_end": 1585629429.1112065}, "cmdq": 2, "read": {"device_start": 1585629429.111213, "device_end": 1585629429.1112506}}, "coalesced_transpose30": {"write": {"device_start": -1, "host_queued_start": 1585629495.726748, "device_queued": -1, "device_end": -1, "host_queued_end": 1585629495.744012}, "device": "cpu", "nd_range": {"device_start": 2297270.018707428, "device_end": 2297270.018945115}, "cmdq": 1, "read": {"device_start": -1, "device_end": -1}}, "FFC_sans_bias128": {"write": {"device_start": 1585629429.0980601, "host_queued_start": 1585629495.667424, "device_queued": 1585629429.0917146, "device_end": 1585629429.0980875, "host_queued_end": 1585629495.690823}, "device": "gpu", "nd_range": {"device_start": 1585629429.0980916, "device_end": 1585629429.0994449}, "cmdq": 2, "read": {"device_start": -1, "device_end": -1}}, "coalesced_transpose39": {"write": {"device_start": -1, "host_queued_start": 1585629495.727083, "device_queued": -1, "device_end": -1, "host_queued_end": 1585629495.744012}, "device": "cpu", "nd_range": {"device_start": 2297270.063892385, "device_end": 2297270.0641411403}, "cmdq": 0, "read": {"device_start": -1, "device_end": -1}}, "FFC_sans_bias79": {"write": {"device_start": 1585629429.1093957, "host_queued_start": 1585629495.683296, "device_queued": 1585629429.0941243, "device_end": 1585629429.1094232, "host_queued_end": 1585629495.690823}, "device": "gpu", "nd_range": {"device_start": 1585629429.1094363, "device_end": 1585629429.110723}, "cmdq": 1, "read": {"device_start": 1585629429.110727, "device_end": 1585629429.1107535}}, "FFC_sans_bias78": {"write": {"device_start": -1, "host_queued_start": 1585629495.680048, "device_queued": -1, "device_end": -1, "host_queued_end": 1585629495.690823}, "device": "gpu", "nd_range": {"device_start": 1585629429.1062634, "device_end": 1585629429.1068711}, "cmdq": 2, "read": {"device_start": -1, "device_end": -1}}, "FFC_sans_bias73": {"write": {"device_start": 1585629429.090179, "host_queued_start": 1585629495.649315, "device_queued": 1585629429.0900257, "device_end": 1585629429.0902047, "host_queued_end": 1585629495.690823}, "device": "gpu", "nd_range": {"device_start": 1585629429.0902133, "device_end": 1585629429.0911658}, "cmdq": 0, "read": {"device_start": -1, "device_end": -1}}, "FFC_sans_bias72": {"write": {"device_start": 1585629429.090089, "host_queued_start": 1585629495.648312, "device_queued": 1585629429.0899272, "device_end": 1585629429.090152, "host_queued_end": 1585629495.690823}, "device": "gpu", "nd_range": {"device_start": 1585629429.090158, "device_end": 1585629429.0907638}, "cmdq": 2, "read": {"device_start": -1, "device_end": -1}}, "FFC_sans_bias70": {"write": {"device_start": -1, "host_queued_start": 1585629495.743967, "device_queued": -1, "device_end": -1, "host_queued_end": 1585629495.744012}, "device": "cpu", "nd_range": {"device_start": 2297270.14049897, "device_end": 2297270.1476981184}, "cmdq": 1, "read": {"device_start": -1, "device_end": -1}}, "FFC_sans_bias76": {"write": {"device_start": -1, "host_queued_start": 1585629495.675499, "device_queued": -1, "device_end": -1, "host_queued_end": 1585629495.690823}, "device": "gpu", "nd_range": {"device_start": 1585629429.1022751, "device_end": 1585629429.1034155}, "cmdq": 1, "read": {"device_start": -1, "device_end": -1}}, "FFC_sans_bias74": {"write": {"device_start": 1585629429.0903242, "host_queued_start": 1585629495.650388, "device_queued": 1585629429.0902207, "device_end": 1585629429.0903552, "host_queued_end": 1585629495.690823}, "device": "gpu", "nd_range": {"device_start": 1585629429.09036, "device_end": 1585629429.0917242}, "cmdq": 1, "read": {"device_start": -1, "device_end": -1}}, "coalesced_transpose102": {"write": {"device_start": -1, "host_queued_start": 1585629495.673951, "device_queued": -1, "device_end": -1, "host_queued_end": 1585629495.690823}, "device": "gpu", "nd_range": {"device_start": 1585629429.1017294, "device_end": 1585629429.1017482}, "cmdq": 2, "read": {"device_start": -1, "device_end": -1}}, "coalesced_transpose3": {"write": {"device_start": -1, "host_queued_start": 1585629495.725739, "device_queued": -1, "device_end": -1, "host_queued_end": 1585629495.744012}, "device": "cpu", "nd_range": {"device_start": 2297270.0631791623, "device_end": 2297270.0634294753}, "cmdq": 0, "read": {"device_start": -1, "device_end": -1}}, "FFC_sans_bias127": {"write": {"device_start": 1585629429.0990195, "host_queued_start": 1585629495.66952, "device_queued": 1585629429.092032, "device_end": 1585629429.0990462, "host_queued_end": 1585629495.690823}, "device": "gpu", "nd_range": {"device_start": 1585629429.099055, "device_end": 1585629429.100405}, "cmdq": 1, "read": {"device_start": -1, "device_end": -1}}, "empty89": {"write": {"device_start": 1585629429.0893917, "host_queued_start": 1585629495.64225, "device_queued": 1585629429.0892766, "device_end": 1585629429.08945, "host_queued_end": 1585629495.690823}, "device": "gpu", "nd_range": {"device_start": 1585629429.0894542, "device_end": 1585629429.089459}, "cmdq": 1, "read": {"device_start": -1, "device_end": -1}}, "FFC_sans_bias123": {"write": {"device_start": -1, "host_queued_start": 1585629495.681634, "device_queued": -1, "device_end": -1, "host_queued_end": 1585629495.690823}, "device": "gpu", "nd_range": {"device_start": 1585629429.1078603, "device_end": 1585629429.109251}, "cmdq": 1, "read": {"device_start": -1, "device_end": -1}}, "empty80": {"write": {"device_start": 1585629429.0892875, "host_queued_start": 1585629495.641203, "device_queued": 1585629429.089146, "device_end": 1585629429.0893352, "host_queued_end": 1585629495.690823}, "device": "gpu", "nd_range": {"device_start": 1585629429.089343, "device_end": 1585629429.089348}, "cmdq": 0, "read": {"device_start": -1, "device_end": -1}}, "empty116": {"write": {"device_start": 1585629429.0896993, "host_queued_start": 1585629495.644808, "device_queued": 1585629429.0896237, "device_end": 1585629429.0897505, "host_queued_end": 1585629495.690823}, "device": "gpu", "nd_range": {"device_start": 1585629429.0897563, "device_end": 1585629429.089763}, "cmdq": 1, "read": {"device_start": -1, "device_end": -1}}, "softmax104": {"write": {"device_start": -1, "host_queued_start": 1585629495.678735, "device_queued": -1, "device_end": -1, "host_queued_end": 1585629495.690823}, "device": "gpu", "nd_range": {"device_start": 1585629429.1055007, "device_end": 1585629429.1060517}, "cmdq": 0, "read": {"device_start": -1, "device_end": -1}}, "coalesced_transpose21": {"write": {"device_start": -1, "host_queued_start": 1585629495.726414, "device_queued": -1, "device_end": -1, "host_queued_end": 1585629495.744012}, "device": "cpu", "nd_range": {"device_start": 2297270.063539964, "device_end": 2297270.06378575}, "cmdq": 0, "read": {"device_start": -1, "device_end": -1}}, "softmax14": {"write": {"device_start": -1, "host_queued_start": 1585629495.731514, "device_queued": -1, "device_end": -1, "host_queued_end": 1585629495.744012}, "device": "cpu", "nd_range": {"device_start": 2297270.0756282713, "device_end": 2297270.076700793}, "cmdq": 1, "read": {"device_start": -1, "device_end": -1}}, "FFC_sans_bias69": {"write": {"device_start": -1, "host_queued_start": 1585629495.735957, "device_queued": -1, "device_end": -1, "host_queued_end": 1585629495.744012}, "device": "cpu", "nd_range": {"device_start": 2297270.1062133, "device_end": 2297270.1131284772}, "cmdq": 1, "read": {"device_start": -1, "device_end": -1}}, "FFC_sans_bias92": {"write": {"device_start": 1585629429.0932543, "host_queued_start": 1585629495.656713, "device_queued": 1585629429.0908296, "device_end": 1585629429.093286, "host_queued_end": 1585629495.690823}, "device": "gpu", "nd_range": {"device_start": 1585629429.0932925, "device_end": 1585629429.0946033}, "cmdq": 1, "read": {"device_start": -1, "device_end": -1}}, "FFC_sans_bias60": {"write": {"device_start": -1, "host_queued_start": 1585629495.735619, "device_queued": -1, "device_end": -1, "host_queued_end": 1585629495.744012}, "device": "cpu", "nd_range": {"device_start": 2297270.131430386, "device_end": 2297270.1385630523}, "cmdq": 0, "read": {"device_start": -1, "device_end": -1}}, "FFC_sans_bias61": {"write": {"device_start": -1, "host_queued_start": 1585629495.742977, "device_queued": -1, "device_end": -1, "host_queued_end": 1585629495.744012}, "device": "cpu", "nd_range": {"device_start": 2297270.160813378, "device_end": 2297270.165609286}, "cmdq": 0, "read": {"device_start": -1, "device_end": -1}}, "FFC_sans_bias63": {"write": {"device_start": -1, "host_queued_start": 1585629495.725399, "device_queued": -1, "device_end": -1, "host_queued_end": 1585629495.744012}, "device": "cpu", "nd_range": {"device_start": 2297270.01175731, "device_end": 2297270.018231279}, "cmdq": 1, "read": {"device_start": -1, "device_end": -1}}, "FFC_sans_bias64": {"write": {"device_start": -1, "host_queued_start": 1585629495.723274, "device_queued": -1, "device_end": -1, "host_queued_end": 1585629495.744012}, "device": "cpu", "nd_range": {"device_start": 2297270.006513174, "device_end": 2297270.011752068}, "cmdq": 1, "read": {"device_start": -1, "device_end": -1}}, "FFC_sans_bias65": {"write": {"device_start": -1, "host_queued_start": 1585629495.724334, "device_queued": -1, "device_end": -1, "host_queued_end": 1585629495.744012}, "device": "cpu", "nd_range": {"device_start": 2297270.05446329, "device_end": 2297270.0630687224}, "cmdq": 0, "read": {"device_start": -1, "device_end": -1}}, "FFC_sans_bias67": {"write": {"device_start": -1, "host_queued_start": 1585629495.730959, "device_queued": -1, "device_end": -1, "host_queued_end": 1585629495.744012}, "device": "cpu", "nd_range": {"device_start": 2297270.066595456, "device_end": 2297270.075620695}, "cmdq": 1, "read": {"device_start": -1, "device_end": -1}}, "coalesced_transpose111": {"write": {"device_start": -1, "host_queued_start": 1585629495.674257, "device_queued": -1, "device_end": -1, "host_queued_end": 1585629495.690823}, "device": "gpu", "nd_range": {"device_start": 1585629429.1017354, "device_end": 1585629429.1017656}, "cmdq": 0, "read": {"device_start": -1, "device_end": -1}}, "FFC_sans_bias136": {"write": {"device_start": 1585629429.0995364, "host_queued_start": 1585629495.670613, "device_queued": 1585629429.092051, "device_end": 1585629429.0995626, "host_queued_end": 1585629495.690823}, "device": "gpu", "nd_range": {"device_start": 1585629429.0995677, "device_end": 1585629429.1008794}, "cmdq": 2, "read": {"device_start": -1, "device_end": -1}}, "FFC_sans_bias135": {"write": {"device_start": 1585629429.1005008, "host_queued_start": 1585629495.672714, "device_queued": 1585629429.0922673, "device_end": 1585629429.1005273, "host_queued_end": 1585629495.690823}, "device": "gpu", "nd_range": {"device_start": 1585629429.1005332, "device_end": 1585629429.1018138}, "cmdq": 1, "read": {"device_start": -1, "device_end": -1}}, "FFC_sans_bias133": {"write": {"device_start": 1585629429.1128244, "host_queued_start": 1585629495.689651, "device_queued": 1585629429.0949707, "device_end": 1585629429.1128497, "host_queued_end": 1585629495.690823}, "device": "gpu", "nd_range": {"device_start": 1585629429.1128595, "device_end": 1585629429.1140592}, "cmdq": 1, "read": {"device_start": 1585629429.114065, "device_end": 1585629429.1140878}}, "FFC_sans_bias132": {"write": {"device_start": -1, "host_queued_start": 1585629495.681947, "device_queued": -1, "device_end": -1, "host_queued_end": 1585629495.690823}, "device": "gpu", "nd_range": {"device_start": 1585629429.108269, "device_end": 1585629429.109785}, "cmdq": 2, "read": {"device_start": -1, "device_end": -1}}, "softmax68": {"write": {"device_start": -1, "host_queued_start": 1585629495.733194, "device_queued": -1, "device_end": -1, "host_queued_end": 1585629495.744012}, "device": "cpu", "nd_range": {"device_start": 2297270.07715148, "device_end": 2297270.0773575404}, "cmdq": 1, "read": {"device_start": -1, "device_end": -1}}, "softmax131": {"write": {"device_start": -1, "host_queued_start": 1585629495.679487, "device_queued": -1, "device_end": -1, "host_queued_end": 1585629495.690823}, "device": "gpu", "nd_range": {"device_start": 1585629429.106063, "device_end": 1585629429.1062665}, "cmdq": 0, "read": {"device_start": -1, "device_end": -1}}, "empty125": {"write": {"device_start": 1585629429.0898025, "host_queued_start": 1585629495.645619, "device_queued": 1585629429.089643, "device_end": 1585629429.0898712, "host_queued_end": 1585629495.690823}, "device": "gpu", "nd_range": {"device_start": 1585629429.0898747, "device_end": 1585629429.0898795}, "cmdq": 2, "read": {"device_start": -1, "device_end": -1}}, "FFC_sans_bias139": {"write": {"device_start": -1, "host_queued_start": 1585629495.677733, "device_queued": -1, "device_end": -1, "host_queued_end": 1585629495.690823}, "device": "gpu", "nd_range": {"device_start": 1585629429.1038682, "device_end": 1585629429.1053162}, "cmdq": 2, "read": {"device_start": -1, "device_end": -1}}, "empty35": {"write": {"device_start": -1, "host_queued_start": 1585629495.695638, "device_queued": -1, "device_end": -1, "host_queued_end": 1585629495.744012}, "device": "cpu", "nd_range": {"device_start": 2297269.933657382, "device_end": 2297269.933658728}, "cmdq": 1, "read": {"device_start": -1, "device_end": -1}}, "softmax86": {"write": {"device_start": -1, "host_queued_start": 1585629495.678231, "device_queued": -1, "device_end": -1, "host_queued_end": 1585629495.690823}, "device": "gpu", "nd_range": {"device_start": 1585629429.1058135, "device_end": 1585629429.10602}, "cmdq": 1, "read": {"device_start": -1, "device_end": -1}}, "FFC_sans_bias55": {"write": {"device_start": -1, "host_queued_start": 1585629495.722209, "device_queued": -1, "device_end": -1, "host_queued_end": 1585629495.744012}, "device": "cpu", "nd_range": {"device_start": 2297270.045744374, "device_end": 2297270.054350261}, "cmdq": 0, "read": {"device_start": -1, "device_end": -1}}, "FFC_sans_bias54": {"write": {"device_start": -1, "host_queued_start": 1585629495.721158, "device_queued": -1, "device_end": -1, "host_queued_end": 1585629495.744012}, "device": "cpu", "nd_range": {"device_start": 2297269.999148665, "device_end": 2297270.006494353}, "cmdq": 1, "read": {"device_start": -1, "device_end": -1}}, "FFC_sans_bias56": {"write": {"device_start": -1, "host_queued_start": 1585629495.720109, "device_queued": -1, "device_end": -1, "host_queued_end": 1585629495.744012}, "device": "cpu", "nd_range": {"device_start": 2297270.0398711544, "device_end": 2297270.0456268634}, "cmdq": 0, "read": {"device_start": -1, "device_end": -1}}, "FFC_sans_bias51": {"write": {"device_start": -1, "host_queued_start": 1585629495.735275, "device_queued": -1, "device_end": -1, "host_queued_end": 1585629495.744012}, "device": "cpu", "nd_range": {"device_start": 2297270.1000319053, "device_end": 2297270.106206784}, "cmdq": 1, "read": {"device_start": -1, "device_end": -1}}, "FFC_sans_bias52": {"write": {"device_start": -1, "host_queued_start": 1585629495.741978, "device_queued": -1, "device_end": -1, "host_queued_end": 1585629495.744012}, "device": "cpu", "nd_range": {"device_start": 2297270.126697414, "device_end": 2297270.140494491}, "cmdq": 1, "read": {"device_start": -1, "device_end": -1}}, "FFC_sans_bias58": {"write": {"device_start": -1, "host_queued_start": 1585629495.730617, "device_queued": -1, "device_end": -1, "host_queued_end": 1585629495.744012}, "device": "cpu", "nd_range": {"device_start": 2297270.089031917, "device_end": 2297270.0953842592}, "cmdq": 0, "read": {"device_start": -1, "device_end": -1}}, "FFC_sans_bias108": {"write": {"device_start": 1585629429.0951989, "host_queued_start": 1585629495.660957, "device_queued": 1585629429.0911264, "device_end": 1585629429.095224, "host_queued_end": 1585629495.690823}, "device": "gpu", "nd_range": {"device_start": 1585629429.0952303, "device_end": 1585629429.0965354}, "cmdq": 2, "read": {"device_start": -1, "device_end": -1}}, "FFC_sans_bias109": {"write": {"device_start": 1585629429.0956452, "host_queued_start": 1585629495.661999, "device_queued": 1585629429.091355, "device_end": 1585629429.0956714, "host_queued_end": 1585629495.690823}, "device": "gpu", "nd_range": {"device_start": 1585629429.0956786, "device_end": 1585629429.0970018}, "cmdq": 0, "read": {"device_start": -1, "device_end": -1}}, "coalesced_transpose129": {"write": {"device_start": -1, "host_queued_start": 1585629495.674872, "device_queued": -1, "device_end": -1, "host_queued_end": 1585629495.690823}, "device": "gpu", "nd_range": {"device_start": 1585629429.101762, "device_end": 1585629429.1017876}, "cmdq": 2, "read": {"device_start": -1, "device_end": -1}}, "FFC_sans_bias103": {"write": {"device_start": -1, "host_queued_start": 1585629495.67645, "device_queued": -1, "device_end": -1, "host_queued_end": 1585629495.690823}, "device": "gpu", "nd_range": {"device_start": 1585629429.1034281, "device_end": 1585629429.1048422}, "cmdq": 1, "read": {"device_start": -1, "device_end": -1}}, "FFC_sans_bias100": {"write": {"device_start": 1585629429.0942032, "host_queued_start": 1585629495.658851, "device_queued": 1585629429.0910478, "device_end": 1585629429.0942342, "host_queued_end": 1585629495.690823}, "device": "gpu", "nd_range": {"device_start": 1585629429.0942414, "device_end": 1585629429.0955608}, "cmdq": 0, "read": {"device_start": -1, "device_end": -1}}, "FFC_sans_bias101": {"write": {"device_start": 1585629429.0947104, "host_queued_start": 1585629495.659905, "device_queued": 1585629429.091093, "device_end": 1585629429.0947373, "host_queued_end": 1585629495.690823}, "device": "gpu", "nd_range": {"device_start": 1585629429.0947406, "device_end": 1585629429.0960915}, "cmdq": 1, "read": {"device_start": -1, "device_end": -1}}, "FFC_sans_bias106": {"write": {"device_start": 1585629429.1115816, "host_queued_start": 1585629495.686466, "device_queued": 1585629429.0945327, "device_end": 1585629429.1116128, "host_queued_end": 1585629495.690823}, "device": "gpu", "nd_range": {"device_start": 1585629429.1116264, "device_end": 1585629429.1126513}, "cmdq": 1, "read": {"device_start": 1585629429.1126544, "device_end": 1585629429.1126785}}, "softmax122": {"write": {"device_start": -1, "host_queued_start": 1585629495.679238, "device_queued": -1, "device_end": -1, "host_queued_end": 1585629495.690823}, "device": "gpu", "nd_range": {"device_start": 1585629429.1060476, "device_end": 1585629429.1062517}, "cmdq": 2, "read": {"device_start": -1, "device_end": -1}}, "FFC_sans_bias105": {"write": {"device_start": -1, "host_queued_start": 1585629495.681005, "device_queued": -1, "device_end": -1, "host_queued_end": 1585629495.690823}, "device": "gpu", "nd_range": {"device_start": 1585629429.1068828, "device_end": 1585629429.108258}, "cmdq": 2, "read": {"device_start": -1, "device_end": -1}}, "softmax95": {"write": {"device_start": -1, "host_queued_start": 1585629495.678483, "device_queued": -1, "device_end": -1, "host_queued_end": 1585629495.690823}, "device": "gpu", "nd_range": {"device_start": 1585629429.1053271, "device_end": 1585629429.1060352}, "cmdq": 2, "read": {"device_start": -1, "device_end": -1}}, "coalesced_transpose57": {"write": {"device_start": -1, "host_queued_start": 1585629495.727844, "device_queued": -1, "device_end": -1, "host_queued_end": 1585629495.744012}, "device": "cpu", "nd_range": {"device_start": 2297270.064248421, "device_end": 2297270.064488685}, "cmdq": 0, "read": {"device_start": -1, "device_end": -1}}, "empty26": {"write": {"device_start": -1, "host_queued_start": 1585629495.694707, "device_queued": -1, "device_end": -1, "host_queued_end": 1585629495.744012}, "device": "cpu", "nd_range": {"device_start": 2297269.933658027, "device_end": 2297269.933659336}, "cmdq": 0, "read": {"device_start": -1, "device_end": -1}}, "softmax113": {"write": {"device_start": -1, "host_queued_start": 1585629495.678986, "device_queued": -1, "device_end": -1, "host_queued_end": 1585629495.690823}, "device": "gpu", "nd_range": {"device_start": 1585629429.1060324, "device_end": 1585629429.1062367}, "cmdq": 1, "read": {"device_start": -1, "device_end": -1}}, "FFC_sans_bias11": {"write": {"device_start": -1, "host_queued_start": 1585629495.705709, "device_queued": -1, "device_end": -1, "host_queued_end": 1585629495.744012}, "device": "cpu", "nd_range": {"device_start": 2297269.949741424, "device_end": 2297269.955904616}, "cmdq": 1, "read": {"device_start": -1, "device_end": -1}}, "FFC_sans_bias42": {"write": {"device_start": -1, "host_queued_start": 1585629495.734934, "device_queued": -1, "device_end": -1, "host_queued_end": 1585629495.744012}, "device": "cpu", "nd_range": {"device_start": 2297270.1246711533, "device_end": 2297270.131314068}, "cmdq": 0, "read": {"device_start": -1, "device_end": -1}}, "FFC_sans_bias43": {"write": {"device_start": -1, "host_queued_start": 1585629495.74099, "device_queued": -1, "device_end": -1, "host_queued_end": 1585629495.744012}, "device": "cpu", "nd_range": {"device_start": 2297270.1565760523, "device_end": 2297270.1608106163}, "cmdq": 0, "read": {"device_start": -1, "device_end": -1}}, "FFC_sans_bias40": {"write": {"device_start": -1, "host_queued_start": 1585629495.729905, "device_queued": -1, "device_end": -1, "host_queued_end": 1585629495.744012}, "device": "cpu", "nd_range": {"device_start": 2297270.0811318913, "device_end": 2297270.089025251}, "cmdq": 0, "read": {"device_start": -1, "device_end": -1}}, "FFC_sans_bias46": {"write": {"device_start": -1, "host_queued_start": 1585629495.717988, "device_queued": -1, "device_end": -1, "host_queued_end": 1585629495.744012}, "device": "cpu", "nd_range": {"device_start": 2297270.035425635, "device_end": 2297270.039745084}, "cmdq": 0, "read": {"device_start": -1, "device_end": -1}}, "FFC_sans_bias47": {"write": {"device_start": -1, "host_queued_start": 1585629495.719056, "device_queued": -1, "device_end": -1, "host_queued_end": 1585629495.744012}, "device": "cpu", "nd_range": {"device_start": 2297269.99379504, "device_end": 2297269.999033968}, "cmdq": 1, "read": {"device_start": -1, "device_end": -1}}, "FFC_sans_bias45": {"write": {"device_start": -1, "host_queued_start": 1585629495.716935, "device_queued": -1, "device_end": -1, "host_queued_end": 1585629495.744012}, "device": "cpu", "nd_range": {"device_start": 2297269.987757802, "device_end": 2297269.993678207}, "cmdq": 1, "read": {"device_start": -1, "device_end": -1}}, "FFC_sans_bias49": {"write": {"device_start": -1, "host_queued_start": 1585629495.73027, "device_queued": -1, "device_end": -1, "host_queued_end": 1585629495.744012}, "device": "cpu", "nd_range": {"device_start": 2297270.059783995, "device_end": 2297270.066482802}, "cmdq": 1, "read": {"device_start": -1, "device_end": -1}}, "softmax77": {"write": {"device_start": -1, "host_queued_start": 1585629495.677984, "device_queued": -1, "device_end": -1, "host_queued_end": 1585629495.690823}, "device": "gpu", "nd_range": {"device_start": 1585629429.1043634, "device_end": 1585629429.10549}, "cmdq": 0, "read": {"device_start": -1, "device_end": -1}}, "empty134": {"write": {"device_start": 1585629429.0898983, "host_queued_start": 1585629495.646431, "device_queued": 1585629429.089695, "device_end": 1585629429.0899708, "host_queued_end": 1585629495.690823}, "device": "gpu", "nd_range": {"device_start": 1585629429.0899756, "device_end": 1585629429.0899806}, "cmdq": 0, "read": {"device_start": -1, "device_end": -1}}, "coalesced_transpose138": {"write": {"device_start": -1, "host_queued_start": 1585629495.675177, "device_queued": -1, "device_end": -1, "host_queued_end": 1585629495.690823}, "device": "gpu", "nd_range": {"device_start": 1585629429.1017797, "device_end": 1585629429.1017919}, "cmdq": 0, "read": {"device_start": -1, "device_end": -1}}, "FFC_sans_bias119": {"write": {"device_start": 1585629429.0976026, "host_queued_start": 1585629495.666212, "device_queued": 1585629429.0917003, "device_end": 1585629429.0976293, "host_queued_end": 1585629495.690823}, "device": "gpu", "nd_range": {"device_start": 1585629429.0976386, "device_end": 1585629429.098924}, "cmdq": 1, "read": {"device_start": -1, "device_end": -1}}, "FFC_sans_bias118": {"write": {"device_start": 1585629429.097092, "host_queued_start": 1585629495.665149, "device_queued": 1585629429.091664, "device_end": 1585629429.0971174, "host_queued_end": 1585629495.690823}, "device": "gpu", "nd_range": {"device_start": 1585629429.0971265, "device_end": 1585629429.0984766}, "cmdq": 0, "read": {"device_start": -1, "device_end": -1}}, "empty143": {"write": {"device_start": 1585629429.0899992, "host_queued_start": 1585629495.647268, "device_queued": 1585629429.0897334, "device_end": 1585629429.0900815, "host_queued_end": 1585629495.690823}, "device": "gpu", "nd_range": {"device_start": 1585629429.0900874, "device_end": 1585629429.0901055}, "cmdq": 1, "read": {"device_start": -1, "device_end": -1}}, "FFC_sans_bias115": {"write": {"device_start": 1585629429.1114366, "host_queued_start": 1585629495.68752, "device_queued": 1585629429.0944848, "device_end": 1585629429.1114683, "host_queued_end": 1585629495.690823}, "device": "gpu", "nd_range": {"device_start": 1585629429.1114807, "device_end": 1585629429.1121826}, "cmdq": 2, "read": {"device_start": 1585629429.1121855, "device_end": 1585629429.1122112}}, "FFC_sans_bias114": {"write": {"device_start": -1, "host_queued_start": 1585629495.68132, "device_queued": -1, "device_end": -1, "host_queued_end": 1585629495.690823}, "device": "gpu", "nd_range": {"device_start": 1585629429.1072867, "device_end": 1585629429.1088145}, "cmdq": 0, "read": {"device_start": -1, "device_end": -1}}, "FFC_sans_bias117": {"write": {"device_start": 1585629429.0966237, "host_queued_start": 1585629495.664112, "device_queued": 1585629429.0915077, "device_end": 1585629429.0966513, "host_queued_end": 1585629495.690823}, "device": "gpu", "nd_range": {"device_start": 1585629429.096656, "device_end": 1585629429.0979483}, "cmdq": 2, "read": {"device_start": -1, "device_end": -1}}, "softmax5": {"write": {"device_start": -1, "host_queued_start": 1585629495.731239, "device_queued": -1, "device_end": -1, "host_queued_end": 1585629495.744012}, "device": "cpu", "nd_range": {"device_start": 2297270.095488701, "device_end": 2297270.09570328}, "cmdq": 0, "read": {"device_start": -1, "device_end": -1}}, "FFC_sans_bias110": {"write": {"device_start": 1585629429.0961783, "host_queued_start": 1585629495.663079, "device_queued": 1585629429.091488, "device_end": 1585629429.0962038, "host_queued_end": 1585629495.690823}, "device": "gpu", "nd_range": {"device_start": 1585629429.0962086, "device_end": 1585629429.09751}, "cmdq": 1, "read": {"device_start": -1, "device_end": -1}}, "FFC_sans_bias112": {"write": {"device_start": -1, "host_queued_start": 1585629495.67677, "device_queued": -1, "device_end": -1, "host_queued_end": 1585629495.690823}, "device": "gpu", "nd_range": {"device_start": 1585629429.1024463, "device_end": 1585629429.1038556}, "cmdq": 2, "read": {"device_start": -1, "device_end": -1}}, "empty53": {"write": {"device_start": -1, "host_queued_start": 1585629495.69749, "device_queued": -1, "device_end": -1, "host_queued_end": 1585629495.744012}, "device": "cpu", "nd_range": {"device_start": 2297269.9336649682, "device_end": 2297269.933665613}, "cmdq": 1, "read": {"device_start": -1, "device_end": -1}}, "coalesced_transpose48": {"write": {"device_start": -1, "host_queued_start": 1585629495.727413, "device_queued": -1, "device_end": -1, "host_queued_end": 1585629495.744012}, "device": "cpu", "nd_range": {"device_start": 2297270.039866291, "device_end": 2297270.0399714652}, "cmdq": 1, "read": {"device_start": -1, "device_end": -1}}}