{"FFC_sans_bias4": {"write": {"device_start": -1, "host_queued_start": 1585629734.292908, "device_queued": -1, "device_end": -1, "host_queued_end": 1585629734.296903}, "device": "cpu", "nd_range": {"device_start": 2297508.514938876, "device_end": 2297508.522096843}, "cmdq": 0, "read": {"device_start": -1, "device_end": -1}}, "FFC_sans_bias7": {"write": {"device_start": -1, "host_queued_start": 1585629734.295754, "device_queued": -1, "device_end": -1, "host_queued_end": 1585629734.296903}, "device": "cpu", "nd_range": {"device_start": 2297508.5393542433, "device_end": 2297508.546996775}, "cmdq": 0, "read": {"device_start": -1, "device_end": -1}}, "FFC_sans_bias6": {"write": {"device_start": -1, "host_queued_start": 1585629734.294261, "device_queued": -1, "device_end": -1, "host_queued_end": 1585629734.296903}, "device": "cpu", "nd_range": {"device_start": 2297508.530554397, "device_end": 2297508.53934921}, "cmdq": 0, "read": {"device_start": -1, "device_end": -1}}, "FFC_sans_bias1": {"write": {"device_start": -1, "host_queued_start": 1585629734.28716, "device_queued": -1, "device_end": -1, "host_queued_end": 1585629734.296903}, "device": "cpu", "nd_range": {"device_start": 2297508.486475875, "device_end": 2297508.494162106}, "cmdq": 1, "read": {"device_start": -1, "device_end": -1}}, "FFC_sans_bias0": {"write": {"device_start": -1, "host_queued_start": 1585629734.285853, "device_queued": -1, "device_end": -1, "host_queued_end": 1585629734.296903}, "device": "cpu", "nd_range": {"device_start": 2297508.486476901, "device_end": 2297508.49468674}, "cmdq": 0, "read": {"device_start": -1, "device_end": -1}}, "FFC_sans_bias2": {"write": {"device_start": -1, "host_queued_start": 1585629734.288337, "device_queued": -1, "device_end": -1, "host_queued_end": 1585629734.296903}, "device": "cpu", "nd_range": {"device_start": 2297508.4948282912, "device_end": 2297508.504274546}, "cmdq": 0, "read": {"device_start": -1, "device_end": -1}}, "coalesced_transpose120": {"write": {"device_start": -1, "host_queued_start": 1585629734.252733, "device_queued": -1, "device_end": -1, "host_queued_end": 1585629734.281131}, "device": "gpu", "nd_range": {"device_start": 1585629667.7028732, "device_end": 1585629667.703835}, "cmdq": 3, "read": {"device_start": -1, "device_end": -1}}, "FFC_sans_bias9": {"write": {"device_start": -1, "host_queued_start": 1585629734.289469, "device_queued": -1, "device_end": -1, "host_queued_end": 1585629734.296903}, "device": "cpu", "nd_range": {"device_start": 2297508.494491325, "device_end": 2297508.500269512}, "cmdq": 1, "read": {"device_start": -1, "device_end": -1}}, "empty71": {"write": {"device_start": 1585629667.6739008, "host_queued_start": 1585629734.19784, "device_queued": 1585629667.6737516, "device_end": 1585629667.6739624, "host_queued_end": 1585629734.281131}, "device": "gpu", "nd_range": {"device_start": 1585629667.6739671, "device_end": 1585629667.6739798}, "cmdq": 1, "read": {"device_start": -1, "device_end": -1}}, "softmax41": {"write": {"device_start": -1, "host_queued_start": 1585629734.258755, "device_queued": -1, "device_end": -1, "host_queued_end": 1585629734.281131}, "device": "gpu", "nd_range": {"device_start": 1585629667.7078733, "device_end": 1585629667.7086356}, "cmdq": 2, "read": {"device_start": -1, "device_end": -1}}, "FFC_sans_bias37": {"write": {"device_start": 1585629667.6770947, "host_queued_start": 1585629734.212868, "device_queued": 1585629667.6755676, "device_end": 1585629667.6771252, "host_queued_end": 1585629734.281131}, "device": "gpu", "nd_range": {"device_start": 1585629667.6771297, "device_end": 1585629667.6789603}, "cmdq": 1, "read": {"device_start": -1, "device_end": -1}}, "FFC_sans_bias36": {"write": {"device_start": 1585629667.6766515, "host_queued_start": 1585629734.211806, "device_queued": 1585629667.6754413, "device_end": 1585629667.6766818, "host_queued_end": 1585629734.281131}, "device": "gpu", "nd_range": {"device_start": 1585629667.6766863, "device_end": 1585629667.6784577}, "cmdq": 0, "read": {"device_start": -1, "device_end": -1}}, "FFC_sans_bias34": {"write": {"device_start": 1585629667.7146056, "host_queued_start": 1585629734.268195, "device_queued": 1585629667.6824756, "device_end": 1585629667.714638, "host_queued_end": 1585629734.281131}, "device": "gpu", "nd_range": {"device_start": 1585629667.714666, "device_end": 1585629667.7163546}, "cmdq": 1, "read": {"device_start": 1585629667.7163672, "device_end": 1585629667.716392}}, "FFC_sans_bias33": {"write": {"device_start": -1, "host_queued_start": 1585629734.262146, "device_queued": -1, "device_end": -1, "host_queued_end": 1585629734.281131}, "device": "gpu", "nd_range": {"device_start": 1585629667.709648, "device_end": 1585629667.7115438}, "cmdq": 3, "read": {"device_start": -1, "device_end": -1}}, "FFC_sans_bias31": {"write": {"device_start": -1, "host_queued_start": 1585629734.254038, "device_queued": -1, "device_end": -1, "host_queued_end": 1585629734.281131}, "device": "gpu", "nd_range": {"device_start": 1585629667.703859, "device_end": 1585629667.705424}, "cmdq": 3, "read": {"device_start": -1, "device_end": -1}}, "FFC_sans_bias38": {"write": {"device_start": 1585629667.6776264, "host_queued_start": 1585629734.213942, "device_queued": 1585629667.6755974, "device_end": 1585629667.6776571, "host_queued_end": 1585629734.281131}, "device": "gpu", "nd_range": {"device_start": 1585629667.6776636, "device_end": 1585629667.6794195}, "cmdq": 2, "read": {"device_start": -1, "device_end": -1}}, "coalesced_transpose75": {"write": {"device_start": -1, "host_queued_start": 1585629734.251189, "device_queued": -1, "device_end": -1, "host_queued_end": 1585629734.281131}, "device": "gpu", "nd_range": {"device_start": 1585629667.7017953, "device_end": 1585629667.7018435}, "cmdq": 2, "read": {"device_start": -1, "device_end": -1}}, "softmax140": {"write": {"device_start": -1, "host_queued_start": 1585629734.261507, "device_queued": -1, "device_end": -1, "host_queued_end": 1585629734.281131}, "device": "gpu", "nd_range": {"device_start": 1585629667.7093425, "device_end": 1585629667.7095497}, "cmdq": 1, "read": {"device_start": -1, "device_end": -1}}, "empty44": {"write": {"device_start": 1585629667.6735144, "host_queued_start": 1585629734.195313, "device_queued": 1585629667.6733341, "device_end": 1585629667.673576, "host_queued_end": 1585629734.281131}, "device": "gpu", "nd_range": {"device_start": 1585629667.6735866, "device_end": 1585629667.673591}, "cmdq": 2, "read": {"device_start": -1, "device_end": -1}}, "FFC_sans_bias137": {"write": {"device_start": 1585629667.6995773, "host_queued_start": 1585629734.247918, "device_queued": 1585629667.67912, "device_end": 1585629667.6996047, "host_queued_end": 1585629734.281131}, "device": "gpu", "nd_range": {"device_start": 1585629667.6996105, "device_end": 1585629667.7014558}, "cmdq": 2, "read": {"device_start": -1, "device_end": -1}}, "empty8": {"write": {"device_start": -1, "host_queued_start": 1585629734.283173, "device_queued": -1, "device_end": -1, "host_queued_end": 1585629734.296903}, "device": "cpu", "nd_range": {"device_start": 2297508.486447576, "device_end": 2297508.4864586643}, "cmdq": 0, "read": {"device_start": -1, "device_end": -1}}, "softmax50": {"write": {"device_start": -1, "host_queued_start": 1585629734.259004, "device_queued": -1, "device_end": -1, "host_queued_end": 1585629734.281131}, "device": "gpu", "nd_range": {"device_start": 1585629667.7089117, "device_end": 1585629667.709116}, "cmdq": 3, "read": {"device_start": -1, "device_end": -1}}, "softmax59": {"write": {"device_start": -1, "host_queued_start": 1585629734.259256, "device_queued": -1, "device_end": -1, "host_queued_end": 1585629734.281131}, "device": "gpu", "nd_range": {"device_start": 1585629667.7075326, "device_end": 1585629667.7086124}, "cmdq": 0, "read": {"device_start": -1, "device_end": -1}}, "FFC_sans_bias142": {"write": {"device_start": 1585629667.721392, "host_queued_start": 1585629734.28103, "device_queued": 1585629667.6839738, "device_end": 1585629667.7214162, "host_queued_end": 1585629734.281131}, "device": "gpu", "nd_range": {"device_start": 1585629667.721433, "device_end": 1585629667.7231352}, "cmdq": 1, "read": {"device_start": 1585629667.7231433, "device_end": 1585629667.7231665}}, "FFC_sans_bias141": {"write": {"device_start": -1, "host_queued_start": 1585629734.266094, "device_queued": -1, "device_end": -1, "host_queued_end": 1585629734.281131}, "device": "gpu", "nd_range": {"device_start": 1585629667.715496, "device_end": 1585629667.717328}, "cmdq": 3, "read": {"device_start": -1, "device_end": -1}}, "FFC_sans_bias24": {"write": {"device_start": -1, "host_queued_start": 1585629734.26183, "device_queued": -1, "device_end": -1, "host_queued_end": 1585629734.281131}, "device": "gpu", "nd_range": {"device_start": 1585629667.7096126, "device_end": 1585629667.7111373}, "cmdq": 2, "read": {"device_start": -1, "device_end": -1}}, "FFC_sans_bias25": {"write": {"device_start": 1585629667.7140927, "host_queued_start": 1585629734.26713, "device_queued": 1585629667.6823008, "device_end": 1585629667.7141247, "host_queued_end": 1585629734.281131}, "device": "gpu", "nd_range": {"device_start": 1585629667.7141485, "device_end": 1585629667.7159264}, "cmdq": 0, "read": {"device_start": 1585629667.7159314, "device_end": 1585629667.7159562}}, "FFC_sans_bias27": {"write": {"device_start": 1585629667.6752467, "host_queued_start": 1585629734.208643, "device_queued": 1585629667.6751819, "device_end": 1585629667.6752708, "host_queued_end": 1585629734.281131}, "device": "gpu", "nd_range": {"device_start": 1585629667.6752741, "device_end": 1585629667.676981}, "cmdq": 1, "read": {"device_start": -1, "device_end": -1}}, "FFC_sans_bias20": {"write": {"device_start": 1585629667.6751091, "host_queued_start": 1585629734.207601, "device_queued": 1585629667.6750195, "device_end": 1585629667.6751335, "host_queued_end": 1585629734.281131}, "device": "gpu", "nd_range": {"device_start": 1585629667.6751359, "device_end": 1585629667.6765475}, "cmdq": 0, "read": {"device_start": -1, "device_end": -1}}, "FFC_sans_bias22": {"write": {"device_start": -1, "host_queued_start": 1585629734.253665, "device_queued": -1, "device_end": -1, "host_queued_end": 1585629734.281131}, "device": "gpu", "nd_range": {"device_start": 1585629667.7019548, "device_end": 1585629667.7029324}, "cmdq": 2, "read": {"device_start": -1, "device_end": -1}}, "FFC_sans_bias130": {"write": {"device_start": -1, "host_queued_start": 1585629734.257633, "device_queued": -1, "device_end": -1, "host_queued_end": 1585629734.281131}, "device": "gpu", "nd_range": {"device_start": 1585629667.7064106, "device_end": 1585629667.7078528}, "cmdq": 2, "read": {"device_start": -1, "device_end": -1}}, "FFC_sans_bias28": {"write": {"device_start": 1585629667.67568, "host_queued_start": 1585629734.209683, "device_queued": 1585629667.6752012, "device_end": 1585629667.675705, "host_queued_end": 1585629734.281131}, "device": "gpu", "nd_range": {"device_start": 1585629667.6757095, "device_end": 1585629667.6774976}, "cmdq": 2, "read": {"device_start": -1, "device_end": -1}}, "FFC_sans_bias29": {"write": {"device_start": 1585629667.676135, "host_queued_start": 1585629734.210764, "device_queued": 1585629667.675227, "device_end": 1585629667.6761642, "host_queued_end": 1585629734.281131}, "device": "gpu", "nd_range": {"device_start": 1585629667.676169, "device_end": 1585629667.677965}, "cmdq": 3, "read": {"device_start": -1, "device_end": -1}}, "coalesced_transpose66": {"write": {"device_start": -1, "host_queued_start": 1585629734.250877, "device_queued": -1, "device_end": -1, "host_queued_end": 1585629734.281131}, "device": "gpu", "nd_range": {"device_start": 1585629667.7017617, "device_end": 1585629667.7018225}, "cmdq": 1, "read": {"device_start": -1, "device_end": -1}}, "coalesced_transpose93": {"write": {"device_start": -1, "host_queued_start": 1585629734.251808, "device_queued": -1, "device_end": -1, "host_queued_end": 1585629734.281131}, "device": "gpu", "nd_range": {"device_start": 1585629667.701817, "device_end": 1585629667.7018702}, "cmdq": 0, "read": {"device_start": -1, "device_end": -1}}, "softmax23": {"write": {"device_start": -1, "host_queued_start": 1585629734.25822, "device_queued": -1, "device_end": -1, "host_queued_end": 1585629734.281131}, "device": "gpu", "nd_range": {"device_start": 1585629667.7059135, "device_end": 1585629667.7075121}, "cmdq": 0, "read": {"device_start": -1, "device_end": -1}}, "empty62": {"write": {"device_start": 1585629667.673793, "host_queued_start": 1585629734.197025, "device_queued": 1585629667.6737003, "device_end": 1585629667.6738546, "host_queued_end": 1585629734.281131}, "device": "gpu", "nd_range": {"device_start": 1585629667.673858, "device_end": 1585629667.6738734}, "cmdq": 0, "read": {"device_start": -1, "device_end": -1}}, "FFC_sans_bias10": {"write": {"device_start": -1, "host_queued_start": 1585629734.290674, "device_queued": -1, "device_end": -1, "host_queued_end": 1585629734.296903}, "device": "cpu", "nd_range": {"device_start": 2297508.504408487, "device_end": 2297508.5108772023}, "cmdq": 0, "read": {"device_start": -1, "device_end": -1}}, "FFC_sans_bias13": {"write": {"device_start": -1, "host_queued_start": 1585629734.29328, "device_queued": -1, "device_end": -1, "host_queued_end": 1585629734.296903}, "device": "cpu", "nd_range": {"device_start": 2297508.511159465, "device_end": 2297508.520255559}, "cmdq": 1, "read": {"device_start": -1, "device_end": -1}}, "FFC_sans_bias15": {"write": {"device_start": -1, "host_queued_start": 1585629734.294644, "device_queued": -1, "device_end": -1, "host_queued_end": 1585629734.296903}, "device": "cpu", "nd_range": {"device_start": 2297508.520756004, "device_end": 2297508.526093199}, "cmdq": 1, "read": {"device_start": -1, "device_end": -1}}, "FFC_sans_bias16": {"write": {"device_start": -1, "host_queued_start": 1585629734.296855, "device_queued": -1, "device_end": -1, "host_queued_end": 1585629734.296903}, "device": "cpu", "nd_range": {"device_start": 2297508.5261006723, "device_end": 2297508.5318198153}, "cmdq": 1, "read": {"device_start": -1, "device_end": -1}}, "FFC_sans_bias19": {"write": {"device_start": 1585629667.6749668, "host_queued_start": 1585629734.206522, "device_queued": 1585629667.6746652, "device_end": 1585629667.6749964, "host_queued_end": 1585629734.281131}, "device": "gpu", "nd_range": {"device_start": 1585629667.6750085, "device_end": 1585629667.6759868}, "cmdq": 3, "read": {"device_start": -1, "device_end": -1}}, "FFC_sans_bias18": {"write": {"device_start": 1585629667.6748712, "host_queued_start": 1585629734.205474, "device_queued": 1585629667.6746426, "device_end": 1585629667.674937, "host_queued_end": 1585629734.281131}, "device": "gpu", "nd_range": {"device_start": 1585629667.6749716, "device_end": 1585629667.675579}, "cmdq": 2, "read": {"device_start": -1, "device_end": -1}}, "FFC_sans_bias99": {"write": {"device_start": 1585629667.686754, "host_queued_start": 1585629734.234165, "device_queued": 1585629667.6778376, "device_end": 1585629667.68678, "host_queued_end": 1585629734.281131}, "device": "gpu", "nd_range": {"device_start": 1585629667.6867857, "device_end": 1585629667.6885855}, "cmdq": 1, "read": {"device_start": -1, "device_end": -1}}, "FFC_sans_bias91": {"write": {"device_start": 1585629667.6858072, "host_queued_start": 1585629734.232051, "device_queued": 1585629667.6774232, "device_end": 1585629667.6858354, "host_queued_end": 1585629734.281131}, "device": "gpu", "nd_range": {"device_start": 1585629667.6858454, "device_end": 1585629667.687615}, "cmdq": 3, "read": {"device_start": -1, "device_end": -1}}, "FFC_sans_bias90": {"write": {"device_start": 1585629667.6853378, "host_queued_start": 1585629734.23101, "device_queued": 1585629667.6774054, "device_end": 1585629667.6853642, "host_queued_end": 1585629734.281131}, "device": "gpu", "nd_range": {"device_start": 1585629667.685369, "device_end": 1585629667.6871526}, "cmdq": 2, "read": {"device_start": -1, "device_end": -1}}, "coalesced_transpose12": {"write": {"device_start": -1, "host_queued_start": 1585629734.292556, "device_queued": -1, "device_end": -1, "host_queued_end": 1585629734.296903}, "device": "cpu", "nd_range": {"device_start": 2297508.5108855492, "device_end": 2297508.511042903}, "cmdq": 1, "read": {"device_start": -1, "device_end": -1}}, "FFC_sans_bias94": {"write": {"device_start": -1, "host_queued_start": 1585629734.256333, "device_queued": -1, "device_end": -1, "host_queued_end": 1585629734.281131}, "device": "gpu", "nd_range": {"device_start": 1585629667.7044804, "device_end": 1585629667.7063901}, "cmdq": 2, "read": {"device_start": -1, "device_end": -1}}, "FFC_sans_bias97": {"write": {"device_start": 1585629667.7184794, "host_queued_start": 1585629734.27572, "device_queued": 1585629667.683262, "device_end": 1585629667.7185044, "host_queued_end": 1585629734.281131}, "device": "gpu", "nd_range": {"device_start": 1585629667.7185245, "device_end": 1585629667.7202532}, "cmdq": 0, "read": {"device_start": 1585629667.720266, "device_end": 1585629667.7202897}}, "FFC_sans_bias96": {"write": {"device_start": -1, "host_queued_start": 1585629734.264472, "device_queued": -1, "device_end": -1, "host_queued_end": 1585629734.281131}, "device": "gpu", "nd_range": {"device_start": 1585629667.7130532, "device_end": 1585629667.7149494}, "cmdq": 2, "read": {"device_start": -1, "device_end": -1}}, "FFC_sans_bias124": {"write": {"device_start": 1585629667.7209048, "host_queued_start": 1585629734.278902, "device_queued": 1585629667.6835175, "device_end": 1585629667.7209303, "host_queued_end": 1585629734.281131}, "device": "gpu", "nd_range": {"device_start": 1585629667.7209468, "device_end": 1585629667.7226727}, "cmdq": 3, "read": {"device_start": 1585629667.722681, "device_end": 1585629667.7227044}}, "FFC_sans_bias126": {"write": {"device_start": 1585629667.69815, "host_queued_start": 1585629734.244698, "device_queued": 1585629667.678738, "device_end": 1585629667.6981752, "host_queued_end": 1585629734.281131}, "device": "gpu", "nd_range": {"device_start": 1585629667.6981792, "device_end": 1585629667.6999485}, "cmdq": 3, "read": {"device_start": -1, "device_end": -1}}, "softmax32": {"write": {"device_start": -1, "host_queued_start": 1585629734.258489, "device_queued": -1, "device_end": -1, "host_queued_end": 1585629734.281131}, "device": "gpu", "nd_range": {"device_start": 1585629667.706892, "device_end": 1585629667.7080355}, "cmdq": 1, "read": {"device_start": -1, "device_end": -1}}, "coalesced_transpose84": {"write": {"device_start": -1, "host_queued_start": 1585629734.251497, "device_queued": -1, "device_end": -1, "host_queued_end": 1585629734.281131}, "device": "gpu", "nd_range": {"device_start": 1585629667.7019725, "device_end": 1585629667.7028556}, "cmdq": 3, "read": {"device_start": -1, "device_end": -1}}, "FFC_sans_bias121": {"write": {"device_start": -1, "host_queued_start": 1585629734.257307, "device_queued": -1, "device_end": -1, "host_queued_end": 1585629734.281131}, "device": "gpu", "nd_range": {"device_start": 1585629667.7049458, "device_end": 1585629667.7068717}, "cmdq": 1, "read": {"device_start": -1, "device_end": -1}}, "empty98": {"write": {"device_start": 1585629667.6742432, "host_queued_start": 1585629734.200325, "device_queued": 1585629667.6741436, "device_end": 1585629667.6743147, "host_queued_end": 1585629734.281131}, "device": "gpu", "nd_range": {"device_start": 1585629667.6743236, "device_end": 1585629667.6743398}, "cmdq": 0, "read": {"device_start": -1, "device_end": -1}}, "empty107": {"write": {"device_start": 1585629667.6743443, "host_queued_start": 1585629734.201144, "device_queued": 1585629667.6741936, "device_end": 1585629667.6744, "host_queued_end": 1585629734.281131}, "device": "gpu", "nd_range": {"device_start": 1585629667.674419, "device_end": 1585629667.6744251}, "cmdq": 1, "read": {"device_start": -1, "device_end": -1}}, "empty17": {"write": {"device_start": -1, "host_queued_start": 1585629734.284476, "device_queued": -1, "device_end": -1, "host_queued_end": 1585629734.296903}, "device": "cpu", "nd_range": {"device_start": 2297508.48644759, "device_end": 2297508.486458687}, "cmdq": 1, "read": {"device_start": -1, "device_end": -1}}, "FFC_sans_bias87": {"write": {"device_start": -1, "host_queued_start": 1585629734.26415, "device_queued": -1, "device_end": -1, "host_queued_end": 1585629734.281131}, "device": "gpu", "nd_range": {"device_start": 1585629667.710575, "device_end": 1585629667.712529}, "cmdq": 1, "read": {"device_start": -1, "device_end": -1}}, "FFC_sans_bias85": {"write": {"device_start": -1, "host_queued_start": 1585629734.256014, "device_queued": -1, "device_end": -1, "host_queued_end": 1585629734.281131}, "device": "gpu", "nd_range": {"device_start": 1585629667.7035406, "device_end": 1585629667.704925}, "cmdq": 1, "read": {"device_start": -1, "device_end": -1}}, "FFC_sans_bias82": {"write": {"device_start": 1585629667.684374, "host_queued_start": 1585629734.228899, "device_queued": 1585629667.6772127, "device_end": 1585629667.6844013, "host_queued_end": 1585629734.281131}, "device": "gpu", "nd_range": {"device_start": 1585629667.6844049, "device_end": 1585629667.686198}, "cmdq": 0, "read": {"device_start": -1, "device_end": -1}}, "FFC_sans_bias83": {"write": {"device_start": 1585629667.6848195, "host_queued_start": 1585629734.229952, "device_queued": 1585629667.677377, "device_end": 1585629667.684848, "host_queued_end": 1585629734.281131}, "device": "gpu", "nd_range": {"device_start": 1585629667.6848562, "device_end": 1585629667.6866615}, "cmdq": 1, "read": {"device_start": -1, "device_end": -1}}, "FFC_sans_bias81": {"write": {"device_start": 1585629667.683847, "host_queued_start": 1585629734.227847, "device_queued": 1585629667.6769598, "device_end": 1585629667.6838744, "host_queued_end": 1585629734.281131}, "device": "gpu", "nd_range": {"device_start": 1585629667.6838787, "device_end": 1585629667.685698}, "cmdq": 3, "read": {"device_start": -1, "device_end": -1}}, "FFC_sans_bias88": {"write": {"device_start": 1585629667.719024, "host_queued_start": 1585629734.274591, "device_queued": 1585629667.683007, "device_end": 1585629667.7190495, "host_queued_end": 1585629734.281131}, "device": "gpu", "nd_range": {"device_start": 1585629667.7190695, "device_end": 1585629667.7207513}, "cmdq": 3, "read": {"device_start": 1585629667.7207546, "device_end": 1585629667.7207782}}, "coalesced_transpose30": {"write": {"device_start": -1, "host_queued_start": 1585629734.249622, "device_queued": -1, "device_end": -1, "host_queued_end": 1585629734.281131}, "device": "gpu", "nd_range": {"device_start": 1585629667.7009213, "device_end": 1585629667.701759}, "cmdq": 1, "read": {"device_start": -1, "device_end": -1}}, "FFC_sans_bias128": {"write": {"device_start": 1585629667.697586, "host_queued_start": 1585629734.243646, "device_queued": 1585629667.67872, "device_end": 1585629667.6976123, "host_queued_end": 1585629734.281131}, "device": "gpu", "nd_range": {"device_start": 1585629667.6976202, "device_end": 1585629667.6994903}, "cmdq": 2, "read": {"device_start": -1, "device_end": -1}}, "coalesced_transpose39": {"write": {"device_start": -1, "host_queued_start": 1585629734.24994, "device_queued": -1, "device_end": -1, "host_queued_end": 1585629734.281131}, "device": "gpu", "nd_range": {"device_start": 1585629667.701457, "device_end": 1585629667.7017841}, "cmdq": 2, "read": {"device_start": -1, "device_end": -1}}, "FFC_sans_bias79": {"write": {"device_start": 1585629667.718073, "host_queued_start": 1585629734.273495, "device_queued": 1585629667.6829875, "device_end": 1585629667.718098, "host_queued_end": 1585629734.281131}, "device": "gpu", "nd_range": {"device_start": 1585629667.718116, "device_end": 1585629667.7198038}, "cmdq": 2, "read": {"device_start": 1585629667.719808, "device_end": 1585629667.7198324}}, "FFC_sans_bias78": {"write": {"device_start": -1, "host_queued_start": 1585629734.263827, "device_queued": -1, "device_end": -1, "host_queued_end": 1585629734.281131}, "device": "gpu", "nd_range": {"device_start": 1585629667.7101731, "device_end": 1585629667.7120924}, "cmdq": 0, "read": {"device_start": -1, "device_end": -1}}, "FFC_sans_bias73": {"write": {"device_start": 1585629667.682856, "host_queued_start": 1585629734.225736, "device_queued": 1585629667.6769168, "device_end": 1585629667.6828825, "host_queued_end": 1585629734.281131}, "device": "gpu", "nd_range": {"device_start": 1585629667.6828892, "device_end": 1585629667.6847243}, "cmdq": 1, "read": {"device_start": -1, "device_end": -1}}, "FFC_sans_bias72": {"write": {"device_start": 1585629667.6824322, "host_queued_start": 1585629734.224688, "device_queued": 1585629667.6767778, "device_end": 1585629667.6824586, "host_queued_end": 1585629734.281131}, "device": "gpu", "nd_range": {"device_start": 1585629667.6824656, "device_end": 1585629667.6842697}, "cmdq": 0, "read": {"device_start": -1, "device_end": -1}}, "FFC_sans_bias70": {"write": {"device_start": 1585629667.7175202, "host_queued_start": 1585629734.272421, "device_queued": 1585629667.6829617, "device_end": 1585629667.7175453, "host_queued_end": 1585629734.281131}, "device": "gpu", "nd_range": {"device_start": 1585629667.7175694, "device_end": 1585629667.7192893}, "cmdq": 1, "read": {"device_start": 1585629667.7192974, "device_end": 1585629667.7193215}}, "FFC_sans_bias76": {"write": {"device_start": -1, "host_queued_start": 1585629734.255691, "device_queued": -1, "device_end": -1, "host_queued_end": 1585629734.281131}, "device": "gpu", "nd_range": {"device_start": 1585629667.7025526, "device_end": 1585629667.7039323}, "cmdq": 0, "read": {"device_start": -1, "device_end": -1}}, "FFC_sans_bias74": {"write": {"device_start": 1585629667.6834264, "host_queued_start": 1585629734.226802, "device_queued": 1585629667.6769445, "device_end": 1585629667.6834528, "host_queued_end": 1585629734.281131}, "device": "gpu", "nd_range": {"device_start": 1585629667.6834602, "device_end": 1585629667.6852298}, "cmdq": 2, "read": {"device_start": -1, "device_end": -1}}, "coalesced_transpose102": {"write": {"device_start": -1, "host_queued_start": 1585629734.252112, "device_queued": -1, "device_end": -1, "host_queued_end": 1585629734.281131}, "device": "gpu", "nd_range": {"device_start": 1585629667.7018383, "device_end": 1585629667.7018783}, "cmdq": 1, "read": {"device_start": -1, "device_end": -1}}, "coalesced_transpose3": {"write": {"device_start": -1, "host_queued_start": 1585629734.292187, "device_queued": -1, "device_end": -1, "host_queued_end": 1585629734.296903}, "device": "cpu", "nd_range": {"device_start": 2297508.510890296, "device_end": 2297508.514792308}, "cmdq": 0, "read": {"device_start": -1, "device_end": -1}}, "FFC_sans_bias127": {"write": {"device_start": 1585629667.6985729, "host_queued_start": 1585629734.245754, "device_queued": 1585629667.6789088, "device_end": 1585629667.6985996, "host_queued_end": 1585629734.281131}, "device": "gpu", "nd_range": {"device_start": 1585629667.698608, "device_end": 1585629667.7004666}, "cmdq": 0, "read": {"device_start": -1, "device_end": -1}}, "empty89": {"write": {"device_start": 1585629667.6741016, "host_queued_start": 1585629734.19951, "device_queued": 1585629667.673794, "device_end": 1585629667.6741312, "host_queued_end": 1585629734.281131}, "device": "gpu", "nd_range": {"device_start": 1585629667.6741338, "device_end": 1585629667.6741374}, "cmdq": 3, "read": {"device_start": -1, "device_end": -1}}, "FFC_sans_bias123": {"write": {"device_start": -1, "host_queued_start": 1585629734.265445, "device_queued": -1, "device_end": -1, "host_queued_end": 1585629734.281131}, "device": "gpu", "nd_range": {"device_start": 1585629667.712548, "device_end": 1585629667.7145052}, "cmdq": 1, "read": {"device_start": -1, "device_end": -1}}, "empty80": {"write": {"device_start": 1585629667.674005, "host_queued_start": 1585629734.198688, "device_queued": 1585629667.6737697, "device_end": 1585629667.674077, "host_queued_end": 1585629734.281131}, "device": "gpu", "nd_range": {"device_start": 1585629667.6740828, "device_end": 1585629667.6740868}, "cmdq": 2, "read": {"device_start": -1, "device_end": -1}}, "empty116": {"write": {"device_start": 1585629667.6744432, "host_queued_start": 1585629734.20197, "device_queued": 1585629667.674212, "device_end": 1585629667.6745117, "host_queued_end": 1585629734.281131}, "device": "gpu", "nd_range": {"device_start": 1585629667.6745186, "device_end": 1585629667.6745245}, "cmdq": 2, "read": {"device_start": -1, "device_end": -1}}, "softmax104": {"write": {"device_start": -1, "host_queued_start": 1585629734.260502, "device_queued": -1, "device_end": -1, "host_queued_end": 1585629734.281131}, "device": "gpu", "nd_range": {"device_start": 1585629667.708393, "device_end": 1585629667.709323}, "cmdq": 1, "read": {"device_start": -1, "device_end": -1}}, "coalesced_transpose21": {"write": {"device_start": -1, "host_queued_start": 1585629734.249304, "device_queued": -1, "device_end": -1, "host_queued_end": 1585629734.281131}, "device": "gpu", "nd_range": {"device_start": 1585629667.7004688, "device_end": 1585629667.7017324}, "cmdq": 0, "read": {"device_start": -1, "device_end": -1}}, "softmax14": {"write": {"device_start": -1, "host_queued_start": 1585629734.293885, "device_queued": -1, "device_end": -1, "host_queued_end": 1585629734.296903}, "device": "cpu", "nd_range": {"device_start": 2297508.520418037, "device_end": 2297508.520636149}, "cmdq": 1, "read": {"device_start": -1, "device_end": -1}}, "FFC_sans_bias69": {"write": {"device_start": -1, "host_queued_start": 1585629734.263491, "device_queued": -1, "device_end": -1, "host_queued_end": 1585629734.281131}, "device": "gpu", "nd_range": {"device_start": 1585629667.7115629, "device_end": 1585629667.7135177}, "cmdq": 3, "read": {"device_start": -1, "device_end": -1}}, "FFC_sans_bias92": {"write": {"device_start": 1585629667.6862967, "host_queued_start": 1585629734.233103, "device_queued": 1585629667.6776767, "device_end": 1585629667.6863215, "host_queued_end": 1585629734.281131}, "device": "gpu", "nd_range": {"device_start": 1585629667.6863306, "device_end": 1585629667.6881068}, "cmdq": 0, "read": {"device_start": -1, "device_end": -1}}, "FFC_sans_bias60": {"write": {"device_start": -1, "host_queued_start": 1585629734.263164, "device_queued": -1, "device_end": -1, "host_queued_end": 1585629734.281131}, "device": "gpu", "nd_range": {"device_start": 1585629667.7111557, "device_end": 1585629667.7130358}, "cmdq": 2, "read": {"device_start": -1, "device_end": -1}}, "FFC_sans_bias61": {"write": {"device_start": 1585629667.717101, "host_queued_start": 1585629734.271359, "device_queued": 1585629667.6827703, "device_end": 1585629667.7171273, "host_queued_end": 1585629734.281131}, "device": "gpu", "nd_range": {"device_start": 1585629667.7171462, "device_end": 1585629667.718307}, "cmdq": 0, "read": {"device_start": 1585629667.7183175, "device_end": 1585629667.7183418}}, "FFC_sans_bias63": {"write": {"device_start": 1585629667.6819053, "host_queued_start": 1585629734.223635, "device_queued": 1585629667.6765265, "device_end": 1585629667.6819324, "host_queued_end": 1585629734.281131}, "device": "gpu", "nd_range": {"device_start": 1585629667.6819382, "device_end": 1585629667.6837487}, "cmdq": 3, "read": {"device_start": -1, "device_end": -1}}, "FFC_sans_bias64": {"write": {"device_start": 1585629667.6809993, "host_queued_start": 1585629734.221521, "device_queued": 1585629667.6764834, "device_end": 1585629667.6810248, "host_queued_end": 1585629734.281131}, "device": "gpu", "nd_range": {"device_start": 1585629667.6810298, "device_end": 1585629667.6827695}, "cmdq": 1, "read": {"device_start": -1, "device_end": -1}}, "FFC_sans_bias65": {"write": {"device_start": 1585629667.6814587, "host_queued_start": 1585629734.222589, "device_queued": 1585629667.6765122, "device_end": 1585629667.681485, "host_queued_end": 1585629734.281131}, "device": "gpu", "nd_range": {"device_start": 1585629667.681492, "device_end": 1585629667.6833074}, "cmdq": 2, "read": {"device_start": -1, "device_end": -1}}, "FFC_sans_bias67": {"write": {"device_start": -1, "host_queued_start": 1585629734.255368, "device_queued": -1, "device_end": -1, "host_queued_end": 1585629734.281131}, "device": "gpu", "nd_range": {"device_start": 1585629667.705446, "device_end": 1585629667.7073278}, "cmdq": 3, "read": {"device_start": -1, "device_end": -1}}, "coalesced_transpose111": {"write": {"device_start": -1, "host_queued_start": 1585629734.252423, "device_queued": -1, "device_end": -1, "host_queued_end": 1585629734.281131}, "device": "gpu", "nd_range": {"device_start": 1585629667.701862, "device_end": 1585629667.7018855}, "cmdq": 2, "read": {"device_start": -1, "device_end": -1}}, "FFC_sans_bias136": {"write": {"device_start": 1585629667.6990764, "host_queued_start": 1585629734.246845, "device_queued": 1585629667.6790955, "device_end": 1585629667.6991038, "host_queued_end": 1585629734.281131}, "device": "gpu", "nd_range": {"device_start": 1585629667.69911, "device_end": 1585629667.7009192}, "cmdq": 1, "read": {"device_start": -1, "device_end": -1}}, "FFC_sans_bias135": {"write": {"device_start": 1585629667.7000391, "host_queued_start": 1585629734.248971, "device_queued": 1585629667.6791372, "device_end": 1585629667.7000654, "host_queued_end": 1585629734.281131}, "device": "gpu", "nd_range": {"device_start": 1585629667.7000723, "device_end": 1585629667.701892}, "cmdq": 3, "read": {"device_start": -1, "device_end": -1}}, "FFC_sans_bias133": {"write": {"device_start": 1585629667.7204266, "host_queued_start": 1585629734.279976, "device_queued": 1585629667.683786, "device_end": 1585629667.720451, "host_queued_end": 1585629734.281131}, "device": "gpu", "nd_range": {"device_start": 1585629667.7204697, "device_end": 1585629667.7222059}, "cmdq": 0, "read": {"device_start": 1585629667.7222092, "device_end": 1585629667.7222345}}, "FFC_sans_bias132": {"write": {"device_start": -1, "host_queued_start": 1585629734.265766, "device_queued": -1, "device_end": -1, "host_queued_end": 1585629734.281131}, "device": "gpu", "nd_range": {"device_start": 1585629667.7149675, "device_end": 1585629667.7169063}, "cmdq": 2, "read": {"device_start": -1, "device_end": -1}}, "softmax68": {"write": {"device_start": -1, "host_queued_start": 1585629734.259506, "device_queued": -1, "device_end": -1, "host_queued_end": 1585629734.281131}, "device": "gpu", "nd_range": {"device_start": 1585629667.7080548, "device_end": 1585629667.7083733}, "cmdq": 1, "read": {"device_start": -1, "device_end": -1}}, "softmax131": {"write": {"device_start": -1, "host_queued_start": 1585629734.261256, "device_queued": -1, "device_end": -1, "host_queued_end": 1585629734.281131}, "device": "gpu", "nd_range": {"device_start": 1585629667.7093198, "device_end": 1585629667.7095287}, "cmdq": 0, "read": {"device_start": -1, "device_end": -1}}, "empty125": {"write": {"device_start": 1585629667.674538, "host_queued_start": 1585629734.202822, "device_queued": 1585629667.6742375, "device_end": 1585629667.6745672, "host_queued_end": 1585629734.281131}, "device": "gpu", "nd_range": {"device_start": 1585629667.674578, "device_end": 1585629667.6745815}, "cmdq": 3, "read": {"device_start": -1, "device_end": -1}}, "FFC_sans_bias139": {"write": {"device_start": -1, "host_queued_start": 1585629734.257958, "device_queued": -1, "device_end": -1, "host_queued_end": 1585629734.281131}, "device": "gpu", "nd_range": {"device_start": 1585629667.7083018, "device_end": 1585629667.7088914}, "cmdq": 3, "read": {"device_start": -1, "device_end": -1}}, "empty35": {"write": {"device_start": 1585629667.6734095, "host_queued_start": 1585629734.194394, "device_queued": 1585629667.6733086, "device_end": 1585629667.67346, "host_queued_end": 1585629734.281131}, "device": "gpu", "nd_range": {"device_start": 1585629667.673466, "device_end": 1585629667.6734781}, "cmdq": 1, "read": {"device_start": -1, "device_end": -1}}, "softmax86": {"write": {"device_start": -1, "host_queued_start": 1585629734.260006, "device_queued": -1, "device_end": -1, "host_queued_end": 1585629734.281131}, "device": "gpu", "nd_range": {"device_start": 1585629667.7091365, "device_end": 1585629667.709371}, "cmdq": 3, "read": {"device_start": -1, "device_end": -1}}, "FFC_sans_bias55": {"write": {"device_start": 1585629667.6804643, "host_queued_start": 1585629734.220458, "device_queued": 1585629667.6763382, "device_end": 1585629667.6804898, "host_queued_end": 1585629734.281131}, "device": "gpu", "nd_range": {"device_start": 1585629667.680496, "device_end": 1585629667.6823263}, "cmdq": 0, "read": {"device_start": -1, "device_end": -1}}, "FFC_sans_bias54": {"write": {"device_start": 1585629667.6800158, "host_queued_start": 1585629734.21941, "device_queued": 1585629667.6760812, "device_end": 1585629667.6800401, "host_queued_end": 1585629734.281131}, "device": "gpu", "nd_range": {"device_start": 1585629667.6800463, "device_end": 1585629667.681803}, "cmdq": 3, "read": {"device_start": -1, "device_end": -1}}, "FFC_sans_bias56": {"write": {"device_start": 1585629667.679511, "host_queued_start": 1585629734.21835, "device_queued": 1585629667.676052, "device_end": 1585629667.6795368, "host_queued_end": 1585629734.281131}, "device": "gpu", "nd_range": {"device_start": 1585629667.6795444, "device_end": 1585629667.681359}, "cmdq": 2, "read": {"device_start": -1, "device_end": -1}}, "FFC_sans_bias51": {"write": {"device_start": -1, "host_queued_start": 1585629734.262835, "device_queued": -1, "device_end": -1, "host_queued_end": 1585629734.281131}, "device": "gpu", "nd_range": {"device_start": 1585629667.7095692, "device_end": 1585629667.7105558}, "cmdq": 1, "read": {"device_start": -1, "device_end": -1}}, "FFC_sans_bias52": {"write": {"device_start": 1585629667.7174096, "host_queued_start": 1585629734.270296, "device_queued": 1585629667.6825187, "device_end": 1585629667.717436, "host_queued_end": 1585629734.281131}, "device": "gpu", "nd_range": {"device_start": 1585629667.7174556, "device_end": 1585629667.7188497}, "cmdq": 3, "read": {"device_start": 1585629667.7188647, "device_end": 1585629667.7188888}}, "FFC_sans_bias58": {"write": {"device_start": -1, "host_queued_start": 1585629734.255052, "device_queued": -1, "device_end": -1, "host_queued_end": 1585629734.281131}, "device": "gpu", "nd_range": {"device_start": 1585629667.7029533, "device_end": 1585629667.7044597}, "cmdq": 2, "read": {"device_start": -1, "device_end": -1}}, "FFC_sans_bias108": {"write": {"device_start": 1585629667.6882007, "host_queued_start": 1585629734.237341, "device_queued": 1585629667.6781065, "device_end": 1585629667.688226, "host_queued_end": 1585629734.281131}, "device": "gpu", "nd_range": {"device_start": 1585629667.6882372, "device_end": 1585629667.6900327}, "cmdq": 0, "read": {"device_start": -1, "device_end": -1}}, "FFC_sans_bias109": {"write": {"device_start": 1585629667.696345, "host_queued_start": 1585629734.238383, "device_queued": 1585629667.6782908, "device_end": 1585629667.6964269, "host_queued_end": 1585629734.281131}, "device": "gpu", "nd_range": {"device_start": 1585629667.6964655, "device_end": 1585629667.6970909}, "cmdq": 1, "read": {"device_start": -1, "device_end": -1}}, "coalesced_transpose129": {"write": {"device_start": -1, "host_queued_start": 1585629734.253039, "device_queued": -1, "device_end": -1, "host_queued_end": 1585629734.281131}, "device": "gpu", "nd_range": {"device_start": 1585629667.701872, "device_end": 1585629667.7018988}, "cmdq": 0, "read": {"device_start": -1, "device_end": -1}}, "FFC_sans_bias103": {"write": {"device_start": -1, "host_queued_start": 1585629734.256648, "device_queued": -1, "device_end": -1, "host_queued_end": 1585629734.281131}, "device": "gpu", "nd_range": {"device_start": 1585629667.7073483, "device_end": 1585629667.7082815}, "cmdq": 3, "read": {"device_start": -1, "device_end": -1}}, "FFC_sans_bias100": {"write": {"device_start": 1585629667.6872485, "host_queued_start": 1585629734.235235, "device_queued": 1585629667.6778672, "device_end": 1585629667.6872747, "host_queued_end": 1585629734.281131}, "device": "gpu", "nd_range": {"device_start": 1585629667.6872811, "device_end": 1585629667.68907}, "cmdq": 2, "read": {"device_start": -1, "device_end": -1}}, "FFC_sans_bias101": {"write": {"device_start": 1585629667.6877093, "host_queued_start": 1585629734.236283, "device_queued": 1585629667.677884, "device_end": 1585629667.6877348, "host_queued_end": 1585629734.281131}, "device": "gpu", "nd_range": {"device_start": 1585629667.6877406, "device_end": 1585629667.6895595}, "cmdq": 3, "read": {"device_start": -1, "device_end": -1}}, "FFC_sans_bias106": {"write": {"device_start": 1585629667.719464, "host_queued_start": 1585629734.276777, "device_queued": 1585629667.6834683, "device_end": 1585629667.7194889, "host_queued_end": 1585629734.281131}, "device": "gpu", "nd_range": {"device_start": 1585629667.7195075, "device_end": 1585629667.7212303}, "cmdq": 1, "read": {"device_start": 1585629667.7212417, "device_end": 1585629667.7212646}}, "softmax122": {"write": {"device_start": -1, "host_queued_start": 1585629734.261009, "device_queued": -1, "device_end": -1, "host_queued_end": 1585629734.281131}, "device": "gpu", "nd_range": {"device_start": 1585629667.7093892, "device_end": 1585629667.7096295}, "cmdq": 3, "read": {"device_start": -1, "device_end": -1}}, "FFC_sans_bias105": {"write": {"device_start": -1, "host_queued_start": 1585629734.264795, "device_queued": -1, "device_end": -1, "host_queued_end": 1585629734.281131}, "device": "gpu", "nd_range": {"device_start": 1585629667.7135363, "device_end": 1585629667.7154777}, "cmdq": 3, "read": {"device_start": -1, "device_end": -1}}, "softmax95": {"write": {"device_start": -1, "host_queued_start": 1585629734.260254, "device_queued": -1, "device_end": -1, "host_queued_end": 1585629734.281131}, "device": "gpu", "nd_range": {"device_start": 1585629667.708632, "device_end": 1585629667.7093003}, "cmdq": 0, "read": {"device_start": -1, "device_end": -1}}, "coalesced_transpose57": {"write": {"device_start": -1, "host_queued_start": 1585629734.250562, "device_queued": -1, "device_end": -1, "host_queued_end": 1585629734.281131}, "device": "gpu", "nd_range": {"device_start": 1585629667.7017345, "device_end": 1585629667.7018042}, "cmdq": 0, "read": {"device_start": -1, "device_end": -1}}, "empty26": {"write": {"device_start": 1585629667.6732354, "host_queued_start": 1585629734.193339, "device_queued": 1585629667.67312, "device_end": 1585629667.673261, "host_queued_end": 1585629734.281131}, "device": "gpu", "nd_range": {"device_start": 1585629667.6732862, "device_end": 1585629667.6732986}, "cmdq": 0, "read": {"device_start": -1, "device_end": -1}}, "softmax113": {"write": {"device_start": -1, "host_queued_start": 1585629734.26076, "device_queued": -1, "device_end": -1, "host_queued_end": 1585629734.281131}, "device": "gpu", "nd_range": {"device_start": 1585629667.7093666, "device_end": 1585629667.709594}, "cmdq": 2, "read": {"device_start": -1, "device_end": -1}}, "FFC_sans_bias11": {"write": {"device_start": -1, "host_queued_start": 1585629734.291815, "device_queued": -1, "device_end": -1, "host_queued_end": 1585629734.296903}, "device": "cpu", "nd_range": {"device_start": 2297508.501940079, "device_end": 2297508.509123688}, "cmdq": 1, "read": {"device_start": -1, "device_end": -1}}, "FFC_sans_bias42": {"write": {"device_start": -1, "host_queued_start": 1585629734.262503, "device_queued": -1, "device_end": -1, "host_queued_end": 1585629734.281131}, "device": "gpu", "nd_range": {"device_start": 1585629667.7095466, "device_end": 1585629667.7101536}, "cmdq": 0, "read": {"device_start": -1, "device_end": -1}}, "FFC_sans_bias43": {"write": {"device_start": 1585629667.7169933, "host_queued_start": 1585629734.269254, "device_queued": 1585629667.6825001, "device_end": 1585629667.7170196, "host_queued_end": 1585629734.281131}, "device": "gpu", "nd_range": {"device_start": 1585629667.7170446, "device_end": 1585629667.7178807}, "cmdq": 2, "read": {"device_start": 1585629667.7178922, "device_end": 1585629667.7179189}}, "FFC_sans_bias40": {"write": {"device_start": -1, "host_queued_start": 1585629734.254368, "device_queued": -1, "device_end": -1, "host_queued_end": 1585629734.281131}, "device": "gpu", "nd_range": {"device_start": 1585629667.7019217, "device_end": 1585629667.7025316}, "cmdq": 0, "read": {"device_start": -1, "device_end": -1}}, "FFC_sans_bias46": {"write": {"device_start": 1585629667.6785667, "host_queued_start": 1585629734.216103, "device_queued": 1585629667.675849, "device_end": 1585629667.6785922, "host_queued_end": 1585629734.281131}, "device": "gpu", "nd_range": {"device_start": 1585629667.678598, "device_end": 1585629667.6803722}, "cmdq": 0, "read": {"device_start": -1, "device_end": -1}}, "FFC_sans_bias47": {"write": {"device_start": 1585629667.6790564, "host_queued_start": 1585629734.217159, "device_queued": 1585629667.6760159, "device_end": 1585629667.6790826, "host_queued_end": 1585629734.281131}, "device": "gpu", "nd_range": {"device_start": 1585629667.679088, "device_end": 1585629667.6808984}, "cmdq": 1, "read": {"device_start": -1, "device_end": -1}}, "FFC_sans_bias45": {"write": {"device_start": 1585629667.678123, "host_queued_start": 1585629734.215063, "device_queued": 1585629667.6756163, "device_end": 1585629667.6781483, "host_queued_end": 1585629734.281131}, "device": "gpu", "nd_range": {"device_start": 1585629667.678153, "device_end": 1585629667.6799252}, "cmdq": 3, "read": {"device_start": -1, "device_end": -1}}, "FFC_sans_bias49": {"write": {"device_start": -1, "host_queued_start": 1585629734.254723, "device_queued": -1, "device_end": -1, "host_queued_end": 1585629734.281131}, "device": "gpu", "nd_range": {"device_start": 1585629667.7020016, "device_end": 1585629667.7035198}, "cmdq": 1, "read": {"device_start": -1, "device_end": -1}}, "softmax77": {"write": {"device_start": -1, "host_queued_start": 1585629734.259757, "device_queued": -1, "device_end": -1, "host_queued_end": 1585629734.281131}, "device": "gpu", "nd_range": {"device_start": 1585629667.708656, "device_end": 1585629667.709347}, "cmdq": 2, "read": {"device_start": -1, "device_end": -1}}, "empty134": {"write": {"device_start": 1585629667.6746736, "host_queued_start": 1585629734.203641, "device_queued": 1585629667.6745768, "device_end": 1585629667.6747456, "host_queued_end": 1585629734.281131}, "device": "gpu", "nd_range": {"device_start": 1585629667.6747642, "device_end": 1585629667.6747682}, "cmdq": 0, "read": {"device_start": -1, "device_end": -1}}, "coalesced_transpose138": {"write": {"device_start": -1, "host_queued_start": 1585629734.253343, "device_queued": -1, "device_end": -1, "host_queued_end": 1585629734.281131}, "device": "gpu", "nd_range": {"device_start": 1585629667.7018795, "device_end": 1585629667.7019274}, "cmdq": 1, "read": {"device_start": -1, "device_end": -1}}, "FFC_sans_bias119": {"write": {"device_start": 1585629667.6971784, "host_queued_start": 1585629734.242596, "device_queued": 1585629667.6786947, "device_end": 1585629667.6972058, "host_queued_end": 1585629734.281131}, "device": "gpu", "nd_range": {"device_start": 1585629667.6972113, "device_end": 1585629667.6989949}, "cmdq": 1, "read": {"device_start": -1, "device_end": -1}}, "FFC_sans_bias118": {"write": {"device_start": 1585629667.696643, "host_queued_start": 1585629734.241537, "device_queued": 1585629667.678522, "device_end": 1585629667.6966705, "host_queued_end": 1585629734.281131}, "device": "gpu", "nd_range": {"device_start": 1585629667.696681, "device_end": 1585629667.698492}, "cmdq": 0, "read": {"device_start": -1, "device_end": -1}}, "empty143": {"write": {"device_start": 1585629667.6747756, "host_queued_start": 1585629734.204465, "device_queued": 1585629667.6746259, "device_end": 1585629667.6748416, "host_queued_end": 1585629734.281131}, "device": "gpu", "nd_range": {"device_start": 1585629667.6748593, "device_end": 1585629667.6748629}, "cmdq": 1, "read": {"device_start": -1, "device_end": -1}}, "FFC_sans_bias115": {"write": {"device_start": 1585629667.7199645, "host_queued_start": 1585629734.277838, "device_queued": 1585629667.6834955, "device_end": 1585629667.7199893, "host_queued_end": 1585629734.281131}, "device": "gpu", "nd_range": {"device_start": 1585629667.7200103, "device_end": 1585629667.721709}, "cmdq": 2, "read": {"device_start": 1585629667.7217147, "device_end": 1585629667.7217379}}, "FFC_sans_bias114": {"write": {"device_start": -1, "host_queued_start": 1585629734.265117, "device_queued": -1, "device_end": -1, "host_queued_end": 1585629734.281131}, "device": "gpu", "nd_range": {"device_start": 1585629667.7121108, "device_end": 1585629667.713977}, "cmdq": 0, "read": {"device_start": -1, "device_end": -1}}, "FFC_sans_bias117": {"write": {"device_start": 1585629667.6965396, "host_queued_start": 1585629734.240481, "device_queued": 1585629667.6783276, "device_end": 1585629667.6966224, "host_queued_end": 1585629734.281131}, "device": "gpu", "nd_range": {"device_start": 1585629667.696635, "device_end": 1585629667.6980546}, "cmdq": 3, "read": {"device_start": -1, "device_end": -1}}, "softmax5": {"write": {"device_start": -1, "host_queued_start": 1585629734.29359, "device_queued": -1, "device_end": -1, "host_queued_end": 1585629734.296903}, "device": "cpu", "nd_range": {"device_start": 2297508.5303418683, "device_end": 2297508.53054713}, "cmdq": 0, "read": {"device_start": -1, "device_end": -1}}, "FFC_sans_bias110": {"write": {"device_start": 1585629667.6964302, "host_queued_start": 1585629734.239439, "device_queued": 1585629667.6783118, "device_end": 1585629667.696522, "host_queued_end": 1585629734.281131}, "device": "gpu", "nd_range": {"device_start": 1585629667.6965363, "device_end": 1585629667.697496}, "cmdq": 2, "read": {"device_start": -1, "device_end": -1}}, "FFC_sans_bias112": {"write": {"device_start": -1, "host_queued_start": 1585629734.256973, "device_queued": -1, "device_end": -1, "host_queued_end": 1585629734.281131}, "device": "gpu", "nd_range": {"device_start": 1585629667.7039542, "device_end": 1585629667.7058911}, "cmdq": 0, "read": {"device_start": -1, "device_end": -1}}, "empty53": {"write": {"device_start": 1585629667.67361, "host_queued_start": 1585629734.19618, "device_queued": 1585629667.6733575, "device_end": 1585629667.6736348, "host_queued_end": 1585629734.281131}, "device": "gpu", "nd_range": {"device_start": 1585629667.673643, "device_end": 1585629667.6736465}, "cmdq": 3, "read": {"device_start": -1, "device_end": -1}}, "coalesced_transpose48": {"write": {"device_start": -1, "host_queued_start": 1585629734.250249, "device_queued": -1, "device_end": -1, "host_queued_end": 1585629734.281131}, "device": "gpu", "nd_range": {"device_start": 1585629667.7018933, "device_end": 1585629667.7019587}, "cmdq": 3, "read": {"device_start": -1, "device_end": -1}}}