{"FFC_sans_bias4": {"write": {"device_start": -1, "host_queued_start": 1585628928.534687, "device_queued": -1, "device_end": -1, "host_queued_end": 1585628928.549255}, "device": "cpu", "nd_range": {"device_start": 2296702.834718732, "device_end": 2296702.838844078}, "cmdq": 0, "read": {"device_start": -1, "device_end": -1}}, "FFC_sans_bias7": {"write": {"device_start": -1, "host_queued_start": 1585628928.543215, "device_queued": -1, "device_end": -1, "host_queued_end": 1585628928.549255}, "device": "cpu", "nd_range": {"device_start": 2296702.9015211063, "device_end": 2296702.9060293753}, "cmdq": 0, "read": {"device_start": -1, "device_end": -1}}, "FFC_sans_bias6": {"write": {"device_start": -1, "host_queued_start": 1585628928.539737, "device_queued": -1, "device_end": -1, "host_queued_end": 1585628928.549255}, "device": "cpu", "nd_range": {"device_start": 2296702.869303626, "device_end": 2296702.873251814}, "cmdq": 0, "read": {"device_start": -1, "device_end": -1}}, "FFC_sans_bias1": {"write": {"device_start": -1, "host_queued_start": 1585628928.510794, "device_queued": -1, "device_end": -1, "host_queued_end": 1585628928.549255}, "device": "cpu", "nd_range": {"device_start": 2296702.7434561863, "device_end": 2296702.7474173303}, "cmdq": 0, "read": {"device_start": -1, "device_end": -1}}, "FFC_sans_bias0": {"write": {"device_start": -1, "host_queued_start": 1585628928.509594, "device_queued": -1, "device_end": -1, "host_queued_end": 1585628928.549255}, "device": "cpu", "nd_range": {"device_start": 2296702.7389550824, "device_end": 2296702.7434361153}, "cmdq": 0, "read": {"device_start": -1, "device_end": -1}}, "FFC_sans_bias2": {"write": {"device_start": -1, "host_queued_start": 1585628928.511926, "device_queued": -1, "device_end": -1, "host_queued_end": 1585628928.549255}, "device": "cpu", "nd_range": {"device_start": 2296702.7474259892, "device_end": 2296702.751339789}, "cmdq": 0, "read": {"device_start": -1, "device_end": -1}}, "coalesced_transpose120": {"write": {"device_start": -1, "host_queued_start": 1585628928.482794, "device_queued": -1, "device_end": -1, "host_queued_end": 1585628928.501103}, "device": "gpu", "nd_range": {"device_start": 1585628861.935845, "device_end": 1585628861.9358532}, "cmdq": 0, "read": {"device_start": -1, "device_end": -1}}, "FFC_sans_bias9": {"write": {"device_start": -1, "host_queued_start": 1585628928.513119, "device_queued": -1, "device_end": -1, "host_queued_end": 1585628928.549255}, "device": "cpu", "nd_range": {"device_start": 2296702.7513459213, "device_end": 2296702.7552560084}, "cmdq": 0, "read": {"device_start": -1, "device_end": -1}}, "empty71": {"write": {"device_start": 1585628861.9144118, "host_queued_start": 1585628928.445106, "device_queued": 1585628861.9142847, "device_end": 1585628861.9144535, "host_queued_end": 1585628928.501103}, "device": "gpu", "nd_range": {"device_start": 1585628861.9144588, "device_end": 1585628861.9144633}, "cmdq": 0, "read": {"device_start": -1, "device_end": -1}}, "softmax41": {"write": {"device_start": -1, "host_queued_start": 1585628928.538606, "device_queued": -1, "device_end": -1, "host_queued_end": 1585628928.549255}, "device": "cpu", "nd_range": {"device_start": 2296702.8689602753, "device_end": 2296702.869037794}, "cmdq": 0, "read": {"device_start": -1, "device_end": -1}}, "FFC_sans_bias37": {"write": {"device_start": -1, "host_queued_start": 1585628928.524615, "device_queued": -1, "device_end": -1, "host_queued_end": 1585628928.549255}, "device": "cpu", "nd_range": {"device_start": 2296702.796415517, "device_end": 2296702.8015697263}, "cmdq": 0, "read": {"device_start": -1, "device_end": -1}}, "FFC_sans_bias36": {"write": {"device_start": -1, "host_queued_start": 1585628928.523566, "device_queued": -1, "device_end": -1, "host_queued_end": 1585628928.549255}, "device": "cpu", "nd_range": {"device_start": 2296702.791857061, "device_end": 2296702.79640979}, "cmdq": 0, "read": {"device_start": -1, "device_end": -1}}, "FFC_sans_bias34": {"write": {"device_start": -1, "host_queued_start": 1585628928.546226, "device_queued": -1, "device_end": -1, "host_queued_end": 1585628928.549255}, "device": "cpu", "nd_range": {"device_start": 2296702.9151229113, "device_end": 2296702.919647532}, "cmdq": 0, "read": {"device_start": -1, "device_end": -1}}, "FFC_sans_bias33": {"write": {"device_start": -1, "host_queued_start": 1585628928.540868, "device_queued": -1, "device_end": -1, "host_queued_end": 1585628928.549255}, "device": "cpu", "nd_range": {"device_start": 2296702.882676668, "device_end": 2296702.8876089533}, "cmdq": 0, "read": {"device_start": -1, "device_end": -1}}, "FFC_sans_bias31": {"write": {"device_start": -1, "host_queued_start": 1585628928.535721, "device_queued": -1, "device_end": -1, "host_queued_end": 1585628928.549255}, "device": "cpu", "nd_range": {"device_start": 2296702.848378241, "device_end": 2296702.852899529}, "cmdq": 0, "read": {"device_start": -1, "device_end": -1}}, "FFC_sans_bias38": {"write": {"device_start": -1, "host_queued_start": 1585628928.525675, "device_queued": -1, "device_end": -1, "host_queued_end": 1585628928.549255}, "device": "cpu", "nd_range": {"device_start": 2296702.801575832, "device_end": 2296702.8059541862}, "cmdq": 0, "read": {"device_start": -1, "device_end": -1}}, "coalesced_transpose75": {"write": {"device_start": -1, "host_queued_start": 1585628928.481254, "device_queued": -1, "device_end": -1, "host_queued_end": 1585628928.501103}, "device": "gpu", "nd_range": {"device_start": 1585628861.9357965, "device_end": 1585628861.935805}, "cmdq": 0, "read": {"device_start": -1, "device_end": -1}}, "softmax140": {"write": {"device_start": -1, "host_queued_start": 1585628928.488524, "device_queued": -1, "device_end": -1, "host_queued_end": 1585628928.501103}, "device": "gpu", "nd_range": {"device_start": 1585628861.9429755, "device_end": 1585628861.9431856}, "cmdq": 0, "read": {"device_start": -1, "device_end": -1}}, "empty44": {"write": {"device_start": -1, "host_queued_start": 1585628928.50672, "device_queued": -1, "device_end": -1, "host_queued_end": 1585628928.549255}, "device": "cpu", "nd_range": {"device_start": 2296702.738917671, "device_end": 2296702.73891825}, "cmdq": 0, "read": {"device_start": -1, "device_end": -1}}, "FFC_sans_bias137": {"write": {"device_start": 1585628861.9344044, "host_queued_start": 1585628928.479571, "device_queued": 1585628861.917472, "device_end": 1585628861.9344344, "host_queued_end": 1585628928.501103}, "device": "gpu", "nd_range": {"device_start": 1585628861.934441, "device_end": 1585628861.9350486}, "cmdq": 0, "read": {"device_start": -1, "device_end": -1}}, "empty8": {"write": {"device_start": -1, "host_queued_start": 1585628928.5029, "device_queued": -1, "device_end": -1, "host_queued_end": 1585628928.549255}, "device": "cpu", "nd_range": {"device_start": 2296702.738872038, "device_end": 2296702.738884978}, "cmdq": 0, "read": {"device_start": -1, "device_end": -1}}, "softmax50": {"write": {"device_start": -1, "host_queued_start": 1585628928.539005, "device_queued": -1, "device_end": -1, "host_queued_end": 1585628928.549255}, "device": "cpu", "nd_range": {"device_start": 2296702.869042451, "device_end": 2296702.869143303}, "cmdq": 0, "read": {"device_start": -1, "device_end": -1}}, "softmax59": {"write": {"device_start": -1, "host_queued_start": 1585628928.539281, "device_queued": -1, "device_end": -1, "host_queued_end": 1585628928.549255}, "device": "cpu", "nd_range": {"device_start": 2296702.8691488244, "device_end": 2296702.869298723}, "cmdq": 0, "read": {"device_start": -1, "device_end": -1}}, "FFC_sans_bias142": {"write": {"device_start": 1585628861.9556253, "host_queued_start": 1585628928.500993, "device_queued": 1585628861.9202871, "device_end": 1585628861.955655, "host_queued_end": 1585628928.501103}, "device": "gpu", "nd_range": {"device_start": 1585628861.9556623, "device_end": 1585628861.9562578}, "cmdq": 0, "read": {"device_start": 1585628861.9562602, "device_end": 1585628861.956283}}, "FFC_sans_bias141": {"write": {"device_start": -1, "host_queued_start": 1585628928.491406, "device_queued": -1, "device_end": -1, "host_queued_end": 1585628928.501103}, "device": "gpu", "nd_range": {"device_start": 1585628861.9480004, "device_end": 1585628861.9486008}, "cmdq": 0, "read": {"device_start": -1, "device_end": -1}}, "FFC_sans_bias24": {"write": {"device_start": -1, "host_queued_start": 1585628928.540507, "device_queued": -1, "device_end": -1, "host_queued_end": 1585628928.549255}, "device": "cpu", "nd_range": {"device_start": 2296702.878151188, "device_end": 2296702.882671567}, "cmdq": 0, "read": {"device_start": -1, "device_end": -1}}, "FFC_sans_bias25": {"write": {"device_start": -1, "host_queued_start": 1585628928.54524, "device_queued": -1, "device_end": -1, "host_queued_end": 1585628928.549255}, "device": "cpu", "nd_range": {"device_start": 2296702.910571273, "device_end": 2296702.9151201784}, "cmdq": 0, "read": {"device_start": -1, "device_end": -1}}, "FFC_sans_bias27": {"write": {"device_start": -1, "host_queued_start": 1585628928.520082, "device_queued": -1, "device_end": -1, "host_queued_end": 1585628928.549255}, "device": "cpu", "nd_range": {"device_start": 2296702.7780573564, "device_end": 2296702.7827013703}, "cmdq": 0, "read": {"device_start": -1, "device_end": -1}}, "FFC_sans_bias20": {"write": {"device_start": -1, "host_queued_start": 1585628928.518994, "device_queued": -1, "device_end": -1, "host_queued_end": 1585628928.549255}, "device": "cpu", "nd_range": {"device_start": 2296702.773527177, "device_end": 2296702.778051312}, "cmdq": 0, "read": {"device_start": -1, "device_end": -1}}, "FFC_sans_bias22": {"write": {"device_start": -1, "host_queued_start": 1585628928.535376, "device_queued": -1, "device_end": -1, "host_queued_end": 1585628928.549255}, "device": "cpu", "nd_range": {"device_start": 2296702.84383302, "device_end": 2296702.848372323}, "cmdq": 0, "read": {"device_start": -1, "device_end": -1}}, "FFC_sans_bias130": {"write": {"device_start": -1, "host_queued_start": 1585628928.485951, "device_queued": -1, "device_end": -1, "host_queued_end": 1585628928.501103}, "device": "gpu", "nd_range": {"device_start": 1585628861.9400747, "device_end": 1585628861.940669}, "cmdq": 0, "read": {"device_start": -1, "device_end": -1}}, "FFC_sans_bias28": {"write": {"device_start": -1, "host_queued_start": 1585628928.521282, "device_queued": -1, "device_end": -1, "host_queued_end": 1585628928.549255}, "device": "cpu", "nd_range": {"device_start": 2296702.782831334, "device_end": 2296702.787399981}, "cmdq": 0, "read": {"device_start": -1, "device_end": -1}}, "FFC_sans_bias29": {"write": {"device_start": -1, "host_queued_start": 1585628928.522457, "device_queued": -1, "device_end": -1, "host_queued_end": 1585628928.549255}, "device": "cpu", "nd_range": {"device_start": 2296702.7874058783, "device_end": 2296702.791850644}, "cmdq": 0, "read": {"device_start": -1, "device_end": -1}}, "coalesced_transpose66": {"write": {"device_start": -1, "host_queued_start": 1585628928.480948, "device_queued": -1, "device_end": -1, "host_queued_end": 1585628928.501103}, "device": "gpu", "nd_range": {"device_start": 1585628861.9357862, "device_end": 1585628861.9357953}, "cmdq": 0, "read": {"device_start": -1, "device_end": -1}}, "coalesced_transpose93": {"write": {"device_start": -1, "host_queued_start": 1585628928.481867, "device_queued": -1, "device_end": -1, "host_queued_end": 1585628928.501103}, "device": "gpu", "nd_range": {"device_start": 1585628861.9358158, "device_end": 1585628861.935824}, "cmdq": 0, "read": {"device_start": -1, "device_end": -1}}, "softmax23": {"write": {"device_start": -1, "host_queued_start": 1585628928.538015, "device_queued": -1, "device_end": -1, "host_queued_end": 1585628928.549255}, "device": "cpu", "nd_range": {"device_start": 2296702.868737345, "device_end": 2296702.8688229}, "cmdq": 0, "read": {"device_start": -1, "device_end": -1}}, "empty62": {"write": {"device_start": -1, "host_queued_start": 1585628928.508616, "device_queued": -1, "device_end": -1, "host_queued_end": 1585628928.549255}, "device": "cpu", "nd_range": {"device_start": 2296702.738948563, "device_end": 2296702.738949791}, "cmdq": 0, "read": {"device_start": -1, "device_end": -1}}, "FFC_sans_bias10": {"write": {"device_start": -1, "host_queued_start": 1585628928.51422, "device_queued": -1, "device_end": -1, "host_queued_end": 1585628928.549255}, "device": "cpu", "nd_range": {"device_start": 2296702.7552621514, "device_end": 2296702.760138562}, "cmdq": 0, "read": {"device_start": -1, "device_end": -1}}, "FFC_sans_bias13": {"write": {"device_start": -1, "host_queued_start": 1585628928.535033, "device_queued": -1, "device_end": -1, "host_queued_end": 1585628928.549255}, "device": "cpu", "nd_range": {"device_start": 2296702.838850031, "device_end": 2296702.843826998}, "cmdq": 0, "read": {"device_start": -1, "device_end": -1}}, "FFC_sans_bias15": {"write": {"device_start": -1, "host_queued_start": 1585628928.540082, "device_queued": -1, "device_end": -1, "host_queued_end": 1585628928.549255}, "device": "cpu", "nd_range": {"device_start": 2296702.8732580803, "device_end": 2296702.8781459}, "cmdq": 0, "read": {"device_start": -1, "device_end": -1}}, "FFC_sans_bias16": {"write": {"device_start": -1, "host_queued_start": 1585628928.544252, "device_queued": -1, "device_end": -1, "host_queued_end": 1585628928.549255}, "device": "cpu", "nd_range": {"device_start": 2296702.906032593, "device_end": 2296702.9105685833}, "cmdq": 0, "read": {"device_start": -1, "device_end": -1}}, "FFC_sans_bias19": {"write": {"device_start": -1, "host_queued_start": 1585628928.517806, "device_queued": -1, "device_end": -1, "host_queued_end": 1585628928.549255}, "device": "cpu", "nd_range": {"device_start": 2296702.769233155, "device_end": 2296702.7735217153}, "cmdq": 0, "read": {"device_start": -1, "device_end": -1}}, "FFC_sans_bias18": {"write": {"device_start": -1, "host_queued_start": 1585628928.516638, "device_queued": -1, "device_end": -1, "host_queued_end": 1585628928.549255}, "device": "cpu", "nd_range": {"device_start": 2296702.7644371623, "device_end": 2296702.769227742}, "cmdq": 0, "read": {"device_start": -1, "device_end": -1}}, "FFC_sans_bias99": {"write": {"device_start": 1585628861.9247081, "host_queued_start": 1585628928.465723, "device_queued": 1585628861.9163423, "device_end": 1585628861.9247372, "host_queued_end": 1585628928.501103}, "device": "gpu", "nd_range": {"device_start": 1585628861.924747, "device_end": 1585628861.9253473}, "cmdq": 0, "read": {"device_start": -1, "device_end": -1}}, "FFC_sans_bias91": {"write": {"device_start": 1585628861.9232254, "host_queued_start": 1585628928.463626, "device_queued": 1585628861.9161687, "device_end": 1585628861.923254, "host_queued_end": 1585628928.501103}, "device": "gpu", "nd_range": {"device_start": 1585628861.9232628, "device_end": 1585628861.9238582}, "cmdq": 0, "read": {"device_start": -1, "device_end": -1}}, "FFC_sans_bias90": {"write": {"device_start": 1585628861.9224799, "host_queued_start": 1585628928.462565, "device_queued": 1585628861.9160504, "device_end": 1585628861.9225094, "host_queued_end": 1585628928.501103}, "device": "gpu", "nd_range": {"device_start": 1585628861.9225156, "device_end": 1585628861.9231126}, "cmdq": 0, "read": {"device_start": -1, "device_end": -1}}, "coalesced_transpose12": {"write": {"device_start": -1, "host_queued_start": 1585628928.532682, "device_queued": -1, "device_end": -1, "host_queued_end": 1585628928.549255}, "device": "cpu", "nd_range": {"device_start": 2296702.833437228, "device_end": 2296702.833550496}, "cmdq": 0, "read": {"device_start": -1, "device_end": -1}}, "FFC_sans_bias94": {"write": {"device_start": -1, "host_queued_start": 1585628928.484694, "device_queued": -1, "device_end": -1, "host_queued_end": 1585628928.501103}, "device": "gpu", "nd_range": {"device_start": 1585628861.9376805, "device_end": 1585628861.9382792}, "cmdq": 0, "read": {"device_start": -1, "device_end": -1}}, "FFC_sans_bias97": {"write": {"device_start": 1585628861.9513695, "host_queued_start": 1585628928.495705, "device_queued": 1585628861.9197438, "device_end": 1585628861.9513993, "host_queued_end": 1585628928.501103}, "device": "gpu", "nd_range": {"device_start": 1585628861.9514067, "device_end": 1585628861.9520104}, "cmdq": 0, "read": {"device_start": 1585628861.952018, "device_end": 1585628861.9520414}}, "FFC_sans_bias96": {"write": {"device_start": -1, "host_queued_start": 1585628928.489799, "device_queued": -1, "device_end": -1, "host_queued_end": 1585628928.501103}, "device": "gpu", "nd_range": {"device_start": 1585628861.9449906, "device_end": 1585628861.9455855}, "cmdq": 0, "read": {"device_start": -1, "device_end": -1}}, "FFC_sans_bias124": {"write": {"device_start": 1585628861.9539108, "host_queued_start": 1585628928.498865, "device_queued": 1585628861.920036, "device_end": 1585628861.9539406, "host_queued_end": 1585628928.501103}, "device": "gpu", "nd_range": {"device_start": 1585628861.953947, "device_end": 1585628861.954541}, "cmdq": 0, "read": {"device_start": 1585628861.9545462, "device_end": 1585628861.9545686}}, "FFC_sans_bias126": {"write": {"device_start": 1585628861.9322417, "host_queued_start": 1585628928.476416, "device_queued": 1585628861.9172828, "device_end": 1585628861.9322712, "host_queued_end": 1585628928.501103}, "device": "gpu", "nd_range": {"device_start": 1585628861.9322803, "device_end": 1585628861.932866}, "cmdq": 0, "read": {"device_start": -1, "device_end": -1}}, "softmax32": {"write": {"device_start": -1, "host_queued_start": 1585628928.538286, "device_queued": -1, "device_end": -1, "host_queued_end": 1585628928.549255}, "device": "cpu", "nd_range": {"device_start": 2296702.8688294603, "device_end": 2296702.8689540373}, "cmdq": 0, "read": {"device_start": -1, "device_end": -1}}, "coalesced_transpose84": {"write": {"device_start": -1, "host_queued_start": 1585628928.481564, "device_queued": -1, "device_end": -1, "host_queued_end": 1585628928.501103}, "device": "gpu", "nd_range": {"device_start": 1585628861.935806, "device_end": 1585628861.9358149}, "cmdq": 0, "read": {"device_start": -1, "device_end": -1}}, "FFC_sans_bias121": {"write": {"device_start": -1, "host_queued_start": 1585628928.485636, "device_queued": -1, "device_end": -1, "host_queued_end": 1585628928.501103}, "device": "gpu", "nd_range": {"device_start": 1585628861.9394855, "device_end": 1585628861.9400735}, "cmdq": 0, "read": {"device_start": -1, "device_end": -1}}, "empty98": {"write": {"device_start": 1585628861.9149044, "host_queued_start": 1585628928.447954, "device_queued": 1585628861.9145448, "device_end": 1585628861.9149284, "host_queued_end": 1585628928.501103}, "device": "gpu", "nd_range": {"device_start": 1585628861.9149375, "device_end": 1585628861.9149408}, "cmdq": 0, "read": {"device_start": -1, "device_end": -1}}, "empty107": {"write": {"device_start": 1585628861.9150534, "host_queued_start": 1585628928.448765, "device_queued": 1585628861.91473, "device_end": 1585628861.9150834, "host_queued_end": 1585628928.501103}, "device": "gpu", "nd_range": {"device_start": 1585628861.9150922, "device_end": 1585628861.9150958}, "cmdq": 0, "read": {"device_start": -1, "device_end": -1}}, "empty17": {"write": {"device_start": -1, "host_queued_start": 1585628928.504068, "device_queued": -1, "device_end": -1, "host_queued_end": 1585628928.549255}, "device": "cpu", "nd_range": {"device_start": 2296702.738902782, "device_end": 2296702.738903759}, "cmdq": 0, "read": {"device_start": -1, "device_end": -1}}, "FFC_sans_bias87": {"write": {"device_start": -1, "host_queued_start": 1585628928.489486, "device_queued": -1, "device_end": -1, "host_queued_end": 1585628928.501103}, "device": "gpu", "nd_range": {"device_start": 1585628861.9443886, "device_end": 1585628861.9449894}, "cmdq": 0, "read": {"device_start": -1, "device_end": -1}}, "FFC_sans_bias85": {"write": {"device_start": -1, "host_queued_start": 1585628928.484375, "device_queued": -1, "device_end": -1, "host_queued_end": 1585628928.501103}, "device": "gpu", "nd_range": {"device_start": 1585628861.93708, "device_end": 1585628861.9376795}, "cmdq": 0, "read": {"device_start": -1, "device_end": -1}}, "FFC_sans_bias82": {"write": {"device_start": 1585628861.9209921, "host_queued_start": 1585628928.46048, "device_queued": 1585628861.915903, "device_end": 1585628861.921016, "host_queued_end": 1585628928.501103}, "device": "gpu", "nd_range": {"device_start": 1585628861.9210227, "device_end": 1585628861.921629}, "cmdq": 0, "read": {"device_start": -1, "device_end": -1}}, "FFC_sans_bias83": {"write": {"device_start": 1585628861.9217284, "host_queued_start": 1585628928.46153, "device_queued": 1585628861.9160218, "device_end": 1585628861.921752, "host_queued_end": 1585628928.501103}, "device": "gpu", "nd_range": {"device_start": 1585628861.9217577, "device_end": 1585628861.9223554}, "cmdq": 0, "read": {"device_start": -1, "device_end": -1}}, "FFC_sans_bias81": {"write": {"device_start": 1585628861.920263, "host_queued_start": 1585628928.459443, "device_queued": 1585628861.9158719, "device_end": 1585628861.9202893, "host_queued_end": 1585628928.501103}, "device": "gpu", "nd_range": {"device_start": 1585628861.9202929, "device_end": 1585628861.9208922}, "cmdq": 0, "read": {"device_start": -1, "device_end": -1}}, "FFC_sans_bias88": {"write": {"device_start": 1585628861.9505022, "host_queued_start": 1585628928.494557, "device_queued": 1585628861.9195511, "device_end": 1585628861.9505317, "host_queued_end": 1585628928.501103}, "device": "gpu", "nd_range": {"device_start": 1585628861.9505384, "device_end": 1585628861.951142}, "cmdq": 0, "read": {"device_start": 1585628861.9511456, "device_end": 1585628861.951168}}, "coalesced_transpose30": {"write": {"device_start": -1, "host_queued_start": 1585628928.533345, "device_queued": -1, "device_end": -1, "host_queued_end": 1585628928.549255}, "device": "cpu", "nd_range": {"device_start": 2296702.833895847, "device_end": 2296702.834006754}, "cmdq": 0, "read": {"device_start": -1, "device_end": -1}}, "FFC_sans_bias128": {"write": {"device_start": 1585628861.9314973, "host_queued_start": 1585628928.475371, "device_queued": 1585628861.9171052, "device_end": 1585628861.9315276, "host_queued_end": 1585628928.501103}, "device": "gpu", "nd_range": {"device_start": 1585628861.9315305, "device_end": 1585628861.9321303}, "cmdq": 0, "read": {"device_start": -1, "device_end": -1}}, "coalesced_transpose39": {"write": {"device_start": -1, "host_queued_start": 1585628928.533678, "device_queued": -1, "device_end": -1, "host_queued_end": 1585628928.549255}, "device": "cpu", "nd_range": {"device_start": 2296702.8341153683, "device_end": 2296702.834214094}, "cmdq": 0, "read": {"device_start": -1, "device_end": -1}}, "FFC_sans_bias79": {"write": {"device_start": 1585628861.9496276, "host_queued_start": 1585628928.493514, "device_queued": 1585628861.9194856, "device_end": 1585628861.949657, "host_queued_end": 1585628928.501103}, "device": "gpu", "nd_range": {"device_start": 1585628861.9496596, "device_end": 1585628861.950256}, "cmdq": 0, "read": {"device_start": 1585628861.9502585, "device_end": 1585628861.9502814}}, "FFC_sans_bias78": {"write": {"device_start": -1, "host_queued_start": 1585628928.489169, "device_queued": -1, "device_end": -1, "host_queued_end": 1585628928.501103}, "device": "gpu", "nd_range": {"device_start": 1585628861.9437864, "device_end": 1585628861.9443877}, "cmdq": 0, "read": {"device_start": -1, "device_end": -1}}, "FFC_sans_bias73": {"write": {"device_start": 1585628861.918735, "host_queued_start": 1585628928.457333, "device_queued": 1585628861.915704, "device_end": 1585628861.9187653, "host_queued_end": 1585628928.501103}, "device": "gpu", "nd_range": {"device_start": 1585628861.9187737, "device_end": 1585628861.9193718}, "cmdq": 0, "read": {"device_start": -1, "device_end": -1}}, "FFC_sans_bias72": {"write": {"device_start": 1585628861.9180052, "host_queued_start": 1585628928.456296, "device_queued": 1585628861.9155073, "device_end": 1585628861.9180298, "host_queued_end": 1585628928.501103}, "device": "gpu", "nd_range": {"device_start": 1585628861.9180365, "device_end": 1585628861.918634}, "cmdq": 0, "read": {"device_start": -1, "device_end": -1}}, "FFC_sans_bias70": {"write": {"device_start": 1585628861.9487672, "host_queued_start": 1585628928.492451, "device_queued": 1585628861.919279, "device_end": 1585628861.9487936, "host_queued_end": 1585628928.501103}, "device": "gpu", "nd_range": {"device_start": 1585628861.9487967, "device_end": 1585628861.949393}, "cmdq": 0, "read": {"device_start": 1585628861.9493947, "device_end": 1585628861.949424}}, "FFC_sans_bias76": {"write": {"device_start": -1, "host_queued_start": 1585628928.484058, "device_queued": -1, "device_end": -1, "host_queued_end": 1585628928.501103}, "device": "gpu", "nd_range": {"device_start": 1585628861.9364767, "device_end": 1585628861.937078}, "cmdq": 0, "read": {"device_start": -1, "device_end": -1}}, "FFC_sans_bias74": {"write": {"device_start": 1585628861.9195063, "host_queued_start": 1585628928.45838, "device_queued": 1585628861.9157467, "device_end": 1585628861.919531, "host_queued_end": 1585628928.501103}, "device": "gpu", "nd_range": {"device_start": 1585628861.9195342, "device_end": 1585628861.9201415}, "cmdq": 0, "read": {"device_start": -1, "device_end": -1}}, "coalesced_transpose102": {"write": {"device_start": -1, "host_queued_start": 1585628928.482177, "device_queued": -1, "device_end": -1, "host_queued_end": 1585628928.501103}, "device": "gpu", "nd_range": {"device_start": 1585628861.935825, "device_end": 1585628861.9358335}, "cmdq": 0, "read": {"device_start": -1, "device_end": -1}}, "coalesced_transpose3": {"write": {"device_start": -1, "host_queued_start": 1585628928.532349, "device_queued": -1, "device_end": -1, "host_queued_end": 1585628928.549255}, "device": "cpu", "nd_range": {"device_start": 2296702.833145557, "device_end": 2296702.8333112663}, "cmdq": 0, "read": {"device_start": -1, "device_end": -1}}, "FFC_sans_bias127": {"write": {"device_start": 1585628861.9329832, "host_queued_start": 1585628928.477457, "device_queued": 1585628861.9173129, "device_end": 1585628861.9330134, "host_queued_end": 1585628928.501103}, "device": "gpu", "nd_range": {"device_start": 1585628861.9330196, "device_end": 1585628861.9335208}, "cmdq": 0, "read": {"device_start": -1, "device_end": -1}}, "empty89": {"write": {"device_start": 1585628861.9147506, "host_queued_start": 1585628928.447136, "device_queued": 1585628861.9145126, "device_end": 1585628861.9147778, "host_queued_end": 1585628928.501103}, "device": "gpu", "nd_range": {"device_start": 1585628861.914782, "device_end": 1585628861.9147856}, "cmdq": 0, "read": {"device_start": -1, "device_end": -1}}, "FFC_sans_bias123": {"write": {"device_start": -1, "host_queued_start": 1585628928.490752, "device_queued": -1, "device_end": -1, "host_queued_end": 1585628928.501103}, "device": "gpu", "nd_range": {"device_start": 1585628861.946797, "device_end": 1585628861.9473977}, "cmdq": 0, "read": {"device_start": -1, "device_end": -1}}, "empty80": {"write": {"device_start": 1585628861.914584, "host_queued_start": 1585628928.446201, "device_queued": 1585628861.9144697, "device_end": 1585628861.914614, "host_queued_end": 1585628928.501103}, "device": "gpu", "nd_range": {"device_start": 1585628861.9146225, "device_end": 1585628861.914626}, "cmdq": 0, "read": {"device_start": -1, "device_end": -1}}, "empty116": {"write": {"device_start": 1585628861.9151993, "host_queued_start": 1585628928.44958, "device_queued": 1585628861.9147656, "device_end": 1585628861.9152324, "host_queued_end": 1585628928.501103}, "device": "gpu", "nd_range": {"device_start": 1585628861.915247, "device_end": 1585628861.9152503}, "cmdq": 0, "read": {"device_start": -1, "device_end": -1}}, "softmax104": {"write": {"device_start": -1, "host_queued_start": 1585628928.487516, "device_queued": -1, "device_end": -1, "host_queued_end": 1585628928.501103}, "device": "gpu", "nd_range": {"device_start": 1585628861.9421246, "device_end": 1585628861.9423344}, "cmdq": 0, "read": {"device_start": -1, "device_end": -1}}, "coalesced_transpose21": {"write": {"device_start": -1, "host_queued_start": 1585628928.533015, "device_queued": -1, "device_end": -1, "host_queued_end": 1585628928.549255}, "device": "cpu", "nd_range": {"device_start": 2296702.833668663, "device_end": 2296702.833778731}, "cmdq": 0, "read": {"device_start": -1, "device_end": -1}}, "softmax14": {"write": {"device_start": -1, "host_queued_start": 1585628928.537624, "device_queued": -1, "device_end": -1, "host_queued_end": 1585628928.549255}, "device": "cpu", "nd_range": {"device_start": 2296702.868604549, "device_end": 2296702.8687310913}, "cmdq": 0, "read": {"device_start": -1, "device_end": -1}}, "FFC_sans_bias69": {"write": {"device_start": -1, "host_queued_start": 1585628928.488836, "device_queued": -1, "device_end": -1, "host_queued_end": 1585628928.501103}, "device": "gpu", "nd_range": {"device_start": 1585628861.9431872, "device_end": 1585628861.943785}, "cmdq": 0, "read": {"device_start": -1, "device_end": -1}}, "FFC_sans_bias92": {"write": {"device_start": 1585628861.9239638, "host_queued_start": 1585628928.464666, "device_queued": 1585628861.9162076, "device_end": 1585628861.9239883, "host_queued_end": 1585628928.501103}, "device": "gpu", "nd_range": {"device_start": 1585628861.9239912, "device_end": 1585628861.9245932}, "cmdq": 0, "read": {"device_start": -1, "device_end": -1}}, "FFC_sans_bias60": {"write": {"device_start": -1, "host_queued_start": 1585628928.541997, "device_queued": -1, "device_end": -1, "host_queued_end": 1585628928.549255}, "device": "cpu", "nd_range": {"device_start": 2296702.896483179, "device_end": 2296702.901515747}, "cmdq": 0, "read": {"device_start": -1, "device_end": -1}}, "FFC_sans_bias61": {"write": {"device_start": -1, "host_queued_start": 1585628928.54921, "device_queued": -1, "device_end": -1, "host_queued_end": 1585628928.549255}, "device": "cpu", "nd_range": {"device_start": 2296702.928734797, "device_end": 2296702.933189191}, "cmdq": 0, "read": {"device_start": -1, "device_end": -1}}, "FFC_sans_bias63": {"write": {"device_start": 1585628861.9172292, "host_queued_start": 1585628928.455225, "device_queued": 1585628861.915463, "device_end": 1585628861.9172533, "host_queued_end": 1585628928.501103}, "device": "gpu", "nd_range": {"device_start": 1585628861.917256, "device_end": 1585628861.9178517}, "cmdq": 0, "read": {"device_start": -1, "device_end": -1}}, "FFC_sans_bias64": {"write": {"device_start": 1585628861.915744, "host_queued_start": 1585628928.453069, "device_queued": 1585628861.9151285, "device_end": 1585628861.9157693, "host_queued_end": 1585628928.501103}, "device": "gpu", "nd_range": {"device_start": 1585628861.9157777, "device_end": 1585628861.9163759}, "cmdq": 0, "read": {"device_start": -1, "device_end": -1}}, "FFC_sans_bias65": {"write": {"device_start": 1585628861.9164999, "host_queued_start": 1585628928.454128, "device_queued": 1585628861.9151742, "device_end": 1585628861.916531, "host_queued_end": 1585628928.501103}, "device": "gpu", "nd_range": {"device_start": 1585628861.9165342, "device_end": 1585628861.917131}, "cmdq": 0, "read": {"device_start": -1, "device_end": -1}}, "FFC_sans_bias67": {"write": {"device_start": -1, "host_queued_start": 1585628928.483726, "device_queued": -1, "device_end": -1, "host_queued_end": 1585628928.501103}, "device": "gpu", "nd_range": {"device_start": 1585628861.935873, "device_end": 1585628861.9364755}, "cmdq": 0, "read": {"device_start": -1, "device_end": -1}}, "coalesced_transpose111": {"write": {"device_start": -1, "host_queued_start": 1585628928.48248, "device_queued": -1, "device_end": -1, "host_queued_end": 1585628928.501103}, "device": "gpu", "nd_range": {"device_start": 1585628861.9358351, "device_end": 1585628861.935844}, "cmdq": 0, "read": {"device_start": -1, "device_end": -1}}, "FFC_sans_bias136": {"write": {"device_start": 1585628861.9336479, "host_queued_start": 1585628928.478516, "device_queued": 1585628861.9174337, "device_end": 1585628861.9336803, "host_queued_end": 1585628928.501103}, "device": "gpu", "nd_range": {"device_start": 1585628861.9336884, "device_end": 1585628861.9342875}, "cmdq": 0, "read": {"device_start": -1, "device_end": -1}}, "FFC_sans_bias135": {"write": {"device_start": 1585628861.935153, "host_queued_start": 1585628928.48062, "device_queued": 1585628861.9175954, "device_end": 1585628861.9351857, "host_queued_end": 1585628928.501103}, "device": "gpu", "nd_range": {"device_start": 1585628861.935199, "device_end": 1585628861.935785}, "cmdq": 0, "read": {"device_start": -1, "device_end": -1}}, "FFC_sans_bias133": {"write": {"device_start": 1585628861.9547672, "host_queued_start": 1585628928.499919, "device_queued": 1585628861.9202213, "device_end": 1585628861.9547968, "host_queued_end": 1585628928.501103}, "device": "gpu", "nd_range": {"device_start": 1585628861.9548001, "device_end": 1585628861.9553974}, "cmdq": 0, "read": {"device_start": 1585628861.9554062, "device_end": 1585628861.9554296}}, "FFC_sans_bias132": {"write": {"device_start": -1, "host_queued_start": 1585628928.491081, "device_queued": -1, "device_end": -1, "host_queued_end": 1585628928.501103}, "device": "gpu", "nd_range": {"device_start": 1585628861.9473987, "device_end": 1585628861.9479992}, "cmdq": 0, "read": {"device_start": -1, "device_end": -1}}, "softmax68": {"write": {"device_start": -1, "host_queued_start": 1585628928.486522, "device_queued": -1, "device_end": -1, "host_queued_end": 1585628928.501103}, "device": "gpu", "nd_range": {"device_start": 1585628861.941271, "device_end": 1585628861.9414837}, "cmdq": 0, "read": {"device_start": -1, "device_end": -1}}, "softmax131": {"write": {"device_start": -1, "host_queued_start": 1585628928.488275, "device_queued": -1, "device_end": -1, "host_queued_end": 1585628928.501103}, "device": "gpu", "nd_range": {"device_start": 1585628861.9427643, "device_end": 1585628861.9429746}, "cmdq": 0, "read": {"device_start": -1, "device_end": -1}}, "empty125": {"write": {"device_start": 1585628861.9153867, "host_queued_start": 1585628928.450393, "device_queued": 1585628861.9148328, "device_end": 1585628861.9154112, "host_queued_end": 1585628928.501103}, "device": "gpu", "nd_range": {"device_start": 1585628861.9154205, "device_end": 1585628861.915424}, "cmdq": 0, "read": {"device_start": -1, "device_end": -1}}, "FFC_sans_bias139": {"write": {"device_start": -1, "host_queued_start": 1585628928.486265, "device_queued": -1, "device_end": -1, "host_queued_end": 1585628928.501103}, "device": "gpu", "nd_range": {"device_start": 1585628861.94067, "device_end": 1585628861.9412692}, "cmdq": 0, "read": {"device_start": -1, "device_end": -1}}, "empty35": {"write": {"device_start": -1, "host_queued_start": 1585628928.50582, "device_queued": -1, "device_end": -1, "host_queued_end": 1585628928.549255}, "device": "cpu", "nd_range": {"device_start": 2296702.7389132814, "device_end": 2296702.738913856}, "cmdq": 0, "read": {"device_start": -1, "device_end": -1}}, "softmax86": {"write": {"device_start": -1, "host_queued_start": 1585628928.48702, "device_queued": -1, "device_end": -1, "host_queued_end": 1585628928.501103}, "device": "gpu", "nd_range": {"device_start": 1585628861.9417021, "device_end": 1585628861.9419127}, "cmdq": 0, "read": {"device_start": -1, "device_end": -1}}, "FFC_sans_bias55": {"write": {"device_start": -1, "host_queued_start": 1585628928.531996, "device_queued": -1, "device_end": -1, "host_queued_end": 1585628928.549255}, "device": "cpu", "nd_range": {"device_start": 2296702.828747822, "device_end": 2296702.833140782}, "cmdq": 0, "read": {"device_start": -1, "device_end": -1}}, "FFC_sans_bias54": {"write": {"device_start": -1, "host_queued_start": 1585628928.530933, "device_queued": -1, "device_end": -1, "host_queued_end": 1585628928.549255}, "device": "cpu", "nd_range": {"device_start": 2296702.8241834394, "device_end": 2296702.828742835}, "cmdq": 0, "read": {"device_start": -1, "device_end": -1}}, "FFC_sans_bias56": {"write": {"device_start": -1, "host_queued_start": 1585628928.529881, "device_queued": -1, "device_end": -1, "host_queued_end": 1585628928.549255}, "device": "cpu", "nd_range": {"device_start": 2296702.819498598, "device_end": 2296702.824178532}, "cmdq": 0, "read": {"device_start": -1, "device_end": -1}}, "FFC_sans_bias51": {"write": {"device_start": -1, "host_queued_start": 1585628928.541628, "device_queued": -1, "device_end": -1, "host_queued_end": 1585628928.549255}, "device": "cpu", "nd_range": {"device_start": 2296702.891715895, "device_end": 2296702.896477372}, "cmdq": 0, "read": {"device_start": -1, "device_end": -1}}, "FFC_sans_bias52": {"write": {"device_start": -1, "host_queued_start": 1585628928.548216, "device_queued": -1, "device_end": -1, "host_queued_end": 1585628928.549255}, "device": "cpu", "nd_range": {"device_start": 2296702.924198214, "device_end": 2296702.9287317153}, "cmdq": 0, "read": {"device_start": -1, "device_end": -1}}, "FFC_sans_bias58": {"write": {"device_start": -1, "host_queued_start": 1585628928.537042, "device_queued": -1, "device_end": -1, "host_queued_end": 1585628928.549255}, "device": "cpu", "nd_range": {"device_start": 2296702.8619487314, "device_end": 2296702.8684453294}, "cmdq": 0, "read": {"device_start": -1, "device_end": -1}}, "FFC_sans_bias108": {"write": {"device_start": 1585628861.9270287, "host_queued_start": 1585628928.468873, "device_queued": 1585628861.9166484, "device_end": 1585628861.9270575, "host_queued_end": 1585628928.501103}, "device": "gpu", "nd_range": {"device_start": 1585628861.9270663, "device_end": 1585628861.9276705}, "cmdq": 0, "read": {"device_start": -1, "device_end": -1}}, "FFC_sans_bias109": {"write": {"device_start": 1585628861.927805, "host_queued_start": 1585628928.469912, "device_queued": 1585628861.9167726, "device_end": 1585628861.9278367, "host_queued_end": 1585628928.501103}, "device": "gpu", "nd_range": {"device_start": 1585628861.9278455, "device_end": 1585628861.92844}, "cmdq": 0, "read": {"device_start": -1, "device_end": -1}}, "coalesced_transpose129": {"write": {"device_start": -1, "host_queued_start": 1585628928.483101, "device_queued": -1, "device_end": -1, "host_queued_end": 1585628928.501103}, "device": "gpu", "nd_range": {"device_start": 1585628861.9358542, "device_end": 1585628861.9358628}, "cmdq": 0, "read": {"device_start": -1, "device_end": -1}}, "FFC_sans_bias103": {"write": {"device_start": -1, "host_queued_start": 1585628928.485005, "device_queued": -1, "device_end": -1, "host_queued_end": 1585628928.501103}, "device": "gpu", "nd_range": {"device_start": 1585628861.9382803, "device_end": 1585628861.9388812}, "cmdq": 0, "read": {"device_start": -1, "device_end": -1}}, "FFC_sans_bias100": {"write": {"device_start": 1585628861.9254813, "host_queued_start": 1585628928.466791, "device_queued": 1585628861.9163892, "device_end": 1585628861.9255111, "host_queued_end": 1585628928.501103}, "device": "gpu", "nd_range": {"device_start": 1585628861.925518, "device_end": 1585628861.926125}, "cmdq": 0, "read": {"device_start": -1, "device_end": -1}}, "FFC_sans_bias101": {"write": {"device_start": 1585628861.9262493, "host_queued_start": 1585628928.467842, "device_queued": 1585628861.9165878, "device_end": 1585628861.9262776, "host_queued_end": 1585628928.501103}, "device": "gpu", "nd_range": {"device_start": 1585628861.9262874, "device_end": 1585628861.926885}, "cmdq": 0, "read": {"device_start": -1, "device_end": -1}}, "FFC_sans_bias106": {"write": {"device_start": 1585628861.9522266, "host_queued_start": 1585628928.496751, "device_queued": 1585628861.919812, "device_end": 1585628861.9522557, "host_queued_end": 1585628928.501103}, "device": "gpu", "nd_range": {"device_start": 1585628861.9522614, "device_end": 1585628861.9528594}, "cmdq": 0, "read": {"device_start": 1585628861.9528687, "device_end": 1585628861.9528933}}, "softmax122": {"write": {"device_start": -1, "host_queued_start": 1585628928.488011, "device_queued": -1, "device_end": -1, "host_queued_end": 1585628928.501103}, "device": "gpu", "nd_range": {"device_start": 1585628861.9425468, "device_end": 1585628861.9427633}, "cmdq": 0, "read": {"device_start": -1, "device_end": -1}}, "FFC_sans_bias105": {"write": {"device_start": -1, "host_queued_start": 1585628928.490113, "device_queued": -1, "device_end": -1, "host_queued_end": 1585628928.501103}, "device": "gpu", "nd_range": {"device_start": 1585628861.9455874, "device_end": 1585628861.9461854}, "cmdq": 0, "read": {"device_start": -1, "device_end": -1}}, "softmax95": {"write": {"device_start": -1, "host_queued_start": 1585628928.487268, "device_queued": -1, "device_end": -1, "host_queued_end": 1585628928.501103}, "device": "gpu", "nd_range": {"device_start": 1585628861.9419136, "device_end": 1585628861.9421237}, "cmdq": 0, "read": {"device_start": -1, "device_end": -1}}, "coalesced_transpose57": {"write": {"device_start": -1, "host_queued_start": 1585628928.534336, "device_queued": -1, "device_end": -1, "host_queued_end": 1585628928.549255}, "device": "cpu", "nd_range": {"device_start": 2296702.834519232, "device_end": 2296702.834613176}, "cmdq": 0, "read": {"device_start": -1, "device_end": -1}}, "empty26": {"write": {"device_start": -1, "host_queued_start": 1585628928.504911, "device_queued": -1, "device_end": -1, "host_queued_end": 1585628928.549255}, "device": "cpu", "nd_range": {"device_start": 2296702.738908167, "device_end": 2296702.7389088343}, "cmdq": 0, "read": {"device_start": -1, "device_end": -1}}, "softmax113": {"write": {"device_start": -1, "host_queued_start": 1585628928.487763, "device_queued": -1, "device_end": -1, "host_queued_end": 1585628928.501103}, "device": "gpu", "nd_range": {"device_start": 1585628861.942336, "device_end": 1585628861.9425457}, "cmdq": 0, "read": {"device_start": -1, "device_end": -1}}, "FFC_sans_bias11": {"write": {"device_start": -1, "host_queued_start": 1585628928.515466, "device_queued": -1, "device_end": -1, "host_queued_end": 1585628928.549255}, "device": "cpu", "nd_range": {"device_start": 2296702.760144066, "device_end": 2296702.764431265}, "cmdq": 0, "read": {"device_start": -1, "device_end": -1}}, "FFC_sans_bias42": {"write": {"device_start": -1, "host_queued_start": 1585628928.54125, "device_queued": -1, "device_end": -1, "host_queued_end": 1585628928.549255}, "device": "cpu", "nd_range": {"device_start": 2296702.887614089, "device_end": 2296702.891710875}, "cmdq": 0, "read": {"device_start": -1, "device_end": -1}}, "FFC_sans_bias43": {"write": {"device_start": -1, "host_queued_start": 1585628928.547228, "device_queued": -1, "device_end": -1, "host_queued_end": 1585628928.549255}, "device": "cpu", "nd_range": {"device_start": 2296702.919650354, "device_end": 2296702.92419514}, "cmdq": 0, "read": {"device_start": -1, "device_end": -1}}, "FFC_sans_bias40": {"write": {"device_start": -1, "host_queued_start": 1585628928.536277, "device_queued": -1, "device_end": -1, "host_queued_end": 1585628928.549255}, "device": "cpu", "nd_range": {"device_start": 2296702.852905, "device_end": 2296702.857357157}, "cmdq": 0, "read": {"device_start": -1, "device_end": -1}}, "FFC_sans_bias46": {"write": {"device_start": -1, "host_queued_start": 1585628928.527779, "device_queued": -1, "device_end": -1, "host_queued_end": 1585628928.549255}, "device": "cpu", "nd_range": {"device_start": 2296702.810544467, "device_end": 2296702.8149614693}, "cmdq": 0, "read": {"device_start": -1, "device_end": -1}}, "FFC_sans_bias47": {"write": {"device_start": -1, "host_queued_start": 1585628928.528836, "device_queued": -1, "device_end": -1, "host_queued_end": 1585628928.549255}, "device": "cpu", "nd_range": {"device_start": 2296702.814966745, "device_end": 2296702.819493515}, "cmdq": 0, "read": {"device_start": -1, "device_end": -1}}, "FFC_sans_bias45": {"write": {"device_start": -1, "host_queued_start": 1585628928.526733, "device_queued": -1, "device_end": -1, "host_queued_end": 1585628928.549255}, "device": "cpu", "nd_range": {"device_start": 2296702.805959497, "device_end": 2296702.810539678}, "cmdq": 0, "read": {"device_start": -1, "device_end": -1}}, "FFC_sans_bias49": {"write": {"device_start": -1, "host_queued_start": 1585628928.536622, "device_queued": -1, "device_end": -1, "host_queued_end": 1585628928.549255}, "device": "cpu", "nd_range": {"device_start": 2296702.857362633, "device_end": 2296702.8619432203}, "cmdq": 0, "read": {"device_start": -1, "device_end": -1}}, "softmax77": {"write": {"device_start": -1, "host_queued_start": 1585628928.486772, "device_queued": -1, "device_end": -1, "host_queued_end": 1585628928.501103}, "device": "gpu", "nd_range": {"device_start": 1585628861.941485, "device_end": 1585628861.9417012}, "cmdq": 0, "read": {"device_start": -1, "device_end": -1}}, "empty134": {"write": {"device_start": 1585628861.9154942, "host_queued_start": 1585628928.45124, "device_queued": 1585628861.9148655, "device_end": 1585628861.9155202, "host_queued_end": 1585628928.501103}, "device": "gpu", "nd_range": {"device_start": 1585628861.9155285, "device_end": 1585628861.915532}, "cmdq": 0, "read": {"device_start": -1, "device_end": -1}}, "coalesced_transpose138": {"write": {"device_start": -1, "host_queued_start": 1585628928.483406, "device_queued": -1, "device_end": -1, "host_queued_end": 1585628928.501103}, "device": "gpu", "nd_range": {"device_start": 1585628861.935864, "device_end": 1585628861.935872}, "cmdq": 0, "read": {"device_start": -1, "device_end": -1}}, "FFC_sans_bias119": {"write": {"device_start": 1585628861.930755, "host_queued_start": 1585628928.474322, "device_queued": 1585628861.9170756, "device_end": 1585628861.9307847, "host_queued_end": 1585628928.501103}, "device": "gpu", "nd_range": {"device_start": 1585628861.9307935, "device_end": 1585628861.9313977}, "cmdq": 0, "read": {"device_start": -1, "device_end": -1}}, "FFC_sans_bias118": {"write": {"device_start": 1585628861.9300883, "host_queued_start": 1585628928.473272, "device_queued": 1585628861.9169526, "device_end": 1585628861.9301198, "host_queued_end": 1585628928.501103}, "device": "gpu", "nd_range": {"device_start": 1585628861.9301229, "device_end": 1585628861.930632}, "cmdq": 0, "read": {"device_start": -1, "device_end": -1}}, "empty143": {"write": {"device_start": 1585628861.9156284, "host_queued_start": 1585628928.452086, "device_queued": 1585628861.9150412, "device_end": 1585628861.9156532, "host_queued_end": 1585628928.501103}, "device": "gpu", "nd_range": {"device_start": 1585628861.9156556, "device_end": 1585628861.91566}, "cmdq": 0, "read": {"device_start": -1, "device_end": -1}}, "FFC_sans_bias115": {"write": {"device_start": 1585628861.9530704, "host_queued_start": 1585628928.497805, "device_queued": 1585628861.919973, "device_end": 1585628861.9531, "host_queued_end": 1585628928.501103}, "device": "gpu", "nd_range": {"device_start": 1585628861.9531074, "device_end": 1585628861.9537065}, "cmdq": 0, "read": {"device_start": 1585628861.9537117, "device_end": 1585628861.953735}}, "FFC_sans_bias114": {"write": {"device_start": -1, "host_queued_start": 1585628928.490429, "device_queued": -1, "device_end": -1, "host_queued_end": 1585628928.501103}, "device": "gpu", "nd_range": {"device_start": 1585628861.9461863, "device_end": 1585628861.946796}, "cmdq": 0, "read": {"device_start": -1, "device_end": -1}}, "FFC_sans_bias117": {"write": {"device_start": 1585628861.9293334, "host_queued_start": 1585628928.472232, "device_queued": 1585628861.9169219, "device_end": 1585628861.9293652, "host_queued_end": 1585628928.501103}, "device": "gpu", "nd_range": {"device_start": 1585628861.9293702, "device_end": 1585628861.9299698}, "cmdq": 0, "read": {"device_start": -1, "device_end": -1}}, "softmax5": {"write": {"device_start": -1, "host_queued_start": 1585628928.537349, "device_queued": -1, "device_end": -1, "host_queued_end": 1585628928.549255}, "device": "cpu", "nd_range": {"device_start": 2296702.868450948, "device_end": 2296702.868598076}, "cmdq": 0, "read": {"device_start": -1, "device_end": -1}}, "FFC_sans_bias110": {"write": {"device_start": 1585628861.9285696, "host_queued_start": 1585628928.470997, "device_queued": 1585628861.916803, "device_end": 1585628861.9285989, "host_queued_end": 1585628928.501103}, "device": "gpu", "nd_range": {"device_start": 1585628861.9286094, "device_end": 1585628861.9292166}, "cmdq": 0, "read": {"device_start": -1, "device_end": -1}}, "FFC_sans_bias112": {"write": {"device_start": -1, "host_queued_start": 1585628928.485322, "device_queued": -1, "device_end": -1, "host_queued_end": 1585628928.501103}, "device": "gpu", "nd_range": {"device_start": 1585628861.938883, "device_end": 1585628861.9394846}, "cmdq": 0, "read": {"device_start": -1, "device_end": -1}}, "empty53": {"write": {"device_start": -1, "host_queued_start": 1585628928.507766, "device_queued": -1, "device_end": -1, "host_queued_end": 1585628928.549255}, "device": "cpu", "nd_range": {"device_start": 2296702.738925282, "device_end": 2296702.7389290053}, "cmdq": 0, "read": {"device_start": -1, "device_end": -1}}, "coalesced_transpose48": {"write": {"device_start": -1, "host_queued_start": 1585628928.534009, "device_queued": -1, "device_end": -1, "host_queued_end": 1585628928.549255}, "device": "cpu", "nd_range": {"device_start": 2296702.8343182923, "device_end": 2296702.83441345}, "cmdq": 0, "read": {"device_start": -1, "device_end": -1}}}