{"FFC_sans_bias4": {"write": {"device_start": -1, "host_queued_start": 1585629414.847249, "device_queued": -1, "device_end": -1, "host_queued_end": 1585629414.877431}, "device": "cpu", "nd_range": {"device_start": 2297189.323862467, "device_end": 2297189.339199541}, "cmdq": 0, "read": {"device_start": -1, "device_end": -1}}, "FFC_sans_bias7": {"write": {"device_start": -1, "host_queued_start": 1585629414.863215, "device_queued": -1, "device_end": -1, "host_queued_end": 1585629414.877431}, "device": "cpu", "nd_range": {"device_start": 2297189.415684501, "device_end": 2297189.434763064}, "cmdq": 0, "read": {"device_start": -1, "device_end": -1}}, "FFC_sans_bias6": {"write": {"device_start": -1, "host_queued_start": 1585629414.856983, "device_queued": -1, "device_end": -1, "host_queued_end": 1585629414.877431}, "device": "cpu", "nd_range": {"device_start": 2297189.370374264, "device_end": 2297189.385617836}, "cmdq": 0, "read": {"device_start": -1, "device_end": -1}}, "FFC_sans_bias1": {"write": {"device_start": -1, "host_queued_start": 1585629414.795376, "device_queued": -1, "device_end": -1, "host_queued_end": 1585629414.877431}, "device": "cpu", "nd_range": {"device_start": 2297189.067149987, "device_end": 2297189.082518788}, "cmdq": 1, "read": {"device_start": -1, "device_end": -1}}, "FFC_sans_bias0": {"write": {"device_start": -1, "host_queued_start": 1585629414.794286, "device_queued": -1, "device_end": -1, "host_queued_end": 1585629414.877431}, "device": "cpu", "nd_range": {"device_start": 2297189.0671269773, "device_end": 2297189.0841947813}, "cmdq": 0, "read": {"device_start": -1, "device_end": -1}}, "FFC_sans_bias2": {"write": {"device_start": -1, "host_queued_start": 1585629414.796448, "device_queued": -1, "device_end": -1, "host_queued_end": 1585629414.877431}, "device": "cpu", "nd_range": {"device_start": 2297189.0671263463, "device_end": 2297189.082892224}, "cmdq": 2, "read": {"device_start": -1, "device_end": -1}}, "coalesced_transpose120": {"write": {"device_start": -1, "host_queued_start": 1585629414.846547, "device_queued": -1, "device_end": -1, "host_queued_end": 1585629414.877431}, "device": "cpu", "nd_range": {"device_start": 2297189.4041276784, "device_end": 2297189.4043958243}, "cmdq": 3, "read": {"device_start": -1, "device_end": -1}}, "FFC_sans_bias9": {"write": {"device_start": -1, "host_queued_start": 1585629414.797513, "device_queued": -1, "device_end": -1, "host_queued_end": 1585629414.877431}, "device": "cpu", "nd_range": {"device_start": 2297189.067750288, "device_end": 2297189.0829884843}, "cmdq": 3, "read": {"device_start": -1, "device_end": -1}}, "empty71": {"write": {"device_start": -1, "host_queued_start": 1585629414.787355, "device_queued": -1, "device_end": -1, "host_queued_end": 1585629414.877431}, "device": "cpu", "nd_range": {"device_start": 2297189.067114712, "device_end": 2297189.06711554}, "cmdq": 2, "read": {"device_start": -1, "device_end": -1}}, "softmax41": {"write": {"device_start": -1, "host_queued_start": 1585629414.853734, "device_queued": -1, "device_end": -1, "host_queued_end": 1585629414.877431}, "device": "cpu", "nd_range": {"device_start": 2297189.30724404, "device_end": 2297189.307475355}, "cmdq": 4, "read": {"device_start": -1, "device_end": -1}}, "FFC_sans_bias37": {"write": {"device_start": -1, "host_queued_start": 1585629414.808249, "device_queued": -1, "device_end": -1, "host_queued_end": 1585629414.877431}, "device": "cpu", "nd_range": {"device_start": 2297189.0984771643, "device_end": 2297189.1136497064}, "cmdq": 3, "read": {"device_start": -1, "device_end": -1}}, "FFC_sans_bias36": {"write": {"device_start": -1, "host_queued_start": 1585629414.80718, "device_queued": -1, "device_end": -1, "host_queued_end": 1585629414.877431}, "device": "cpu", "nd_range": {"device_start": 2297189.116907013, "device_end": 2297189.139267135}, "cmdq": 2, "read": {"device_start": -1, "device_end": -1}}, "FFC_sans_bias34": {"write": {"device_start": -1, "host_queued_start": 1585629414.866232, "device_queued": -1, "device_end": -1, "host_queued_end": 1585629414.877431}, "device": "cpu", "nd_range": {"device_start": 2297189.465000527, "device_end": 2297189.470267905}, "cmdq": 3, "read": {"device_start": -1, "device_end": -1}}, "FFC_sans_bias33": {"write": {"device_start": -1, "host_queued_start": 1585629414.858063, "device_queued": -1, "device_end": -1, "host_queued_end": 1585629414.877431}, "device": "cpu", "nd_range": {"device_start": 2297189.434185476, "device_end": 2297189.4432658693}, "cmdq": 3, "read": {"device_start": -1, "device_end": -1}}, "FFC_sans_bias31": {"write": {"device_start": -1, "host_queued_start": 1585629414.848316, "device_queued": -1, "device_end": -1, "host_queued_end": 1585629414.877431}, "device": "cpu", "nd_range": {"device_start": 2297189.40440308, "device_end": 2297189.419646726}, "cmdq": 3, "read": {"device_start": -1, "device_end": -1}}, "FFC_sans_bias38": {"write": {"device_start": -1, "host_queued_start": 1585629414.809334, "device_queued": -1, "device_end": -1, "host_queued_end": 1585629414.877431}, "device": "cpu", "nd_range": {"device_start": 2297189.116310242, "device_end": 2297189.132689537}, "cmdq": 4, "read": {"device_start": -1, "device_end": -1}}, "coalesced_transpose75": {"write": {"device_start": -1, "host_queued_start": 1585629414.844838, "device_queued": -1, "device_end": -1, "host_queued_end": 1585629414.877431}, "device": "cpu", "nd_range": {"device_start": 2297189.4038545582, "device_end": 2297189.4041210143}, "cmdq": 3, "read": {"device_start": -1, "device_end": -1}}, "softmax140": {"write": {"device_start": -1, "host_queued_start": 1585629414.778429, "device_queued": -1, "device_end": -1, "host_queued_end": 1585629414.779935}, "device": "gpu", "nd_range": {"device_start": 1585629348.1826682, "device_end": 1585629348.1828825}, "cmdq": 0, "read": {"device_start": -1, "device_end": -1}}, "empty44": {"write": {"device_start": -1, "host_queued_start": 1585629414.784836, "device_queued": -1, "device_end": -1, "host_queued_end": 1585629414.877431}, "device": "cpu", "nd_range": {"device_start": 2297189.084313326, "device_end": 2297189.0843157694}, "cmdq": 4, "read": {"device_start": -1, "device_end": -1}}, "FFC_sans_bias137": {"write": {"device_start": 1585629348.1805632, "host_queued_start": 1585629414.776462, "device_queued": 1585629348.18041, "device_end": 1585629348.1805887, "host_queued_end": 1585629414.779935}, "device": "gpu", "nd_range": {"device_start": 1585629348.1805973, "device_end": 1585629348.1815667}, "cmdq": 0, "read": {"device_start": -1, "device_end": -1}}, "empty8": {"write": {"device_start": -1, "host_queued_start": 1585629414.781191, "device_queued": -1, "device_end": -1, "host_queued_end": 1585629414.877431}, "device": "cpu", "nd_range": {"device_start": 2297189.067082102, "device_end": 2297189.067094258}, "cmdq": 0, "read": {"device_start": -1, "device_end": -1}}, "softmax50": {"write": {"device_start": -1, "host_queued_start": 1585629414.854027, "device_queued": -1, "device_end": -1, "host_queued_end": 1585629414.877431}, "device": "cpu", "nd_range": {"device_start": 2297189.36991718, "device_end": 2297189.3701468003}, "cmdq": 0, "read": {"device_start": -1, "device_end": -1}}, "softmax59": {"write": {"device_start": -1, "host_queued_start": 1585629414.854319, "device_queued": -1, "device_end": -1, "host_queued_end": 1585629414.877431}, "device": "cpu", "nd_range": {"device_start": 2297189.318463278, "device_end": 2297189.318672871}, "cmdq": 1, "read": {"device_start": -1, "device_end": -1}}, "FFC_sans_bias142": {"write": {"device_start": 1585629348.1830132, "host_queued_start": 1585629414.779825, "device_queued": 1585629348.1808043, "device_end": 1585629348.1830482, "host_queued_end": 1585629414.779935}, "device": "gpu", "nd_range": {"device_start": 1585629348.1834898, "device_end": 1585629348.18408}, "cmdq": 0, "read": {"device_start": 1585629348.1840873, "device_end": 1585629348.18411}}, "FFC_sans_bias141": {"write": {"device_start": -1, "host_queued_start": 1585629414.778794, "device_queued": -1, "device_end": -1, "host_queued_end": 1585629414.779935}, "device": "gpu", "nd_range": {"device_start": 1585629348.1828856, "device_end": 1585629348.1834867}, "cmdq": 1, "read": {"device_start": -1, "device_end": -1}}, "FFC_sans_bias24": {"write": {"device_start": -1, "host_queued_start": 1585629414.857705, "device_queued": -1, "device_end": -1, "host_queued_end": 1585629414.877431}, "device": "cpu", "nd_range": {"device_start": 2297189.312145361, "device_end": 2297189.327537363}, "cmdq": 2, "read": {"device_start": -1, "device_end": -1}}, "FFC_sans_bias25": {"write": {"device_start": -1, "host_queued_start": 1585629414.865227, "device_queued": -1, "device_end": -1, "host_queued_end": 1585629414.877431}, "device": "cpu", "nd_range": {"device_start": 2297189.358075396, "device_end": 2297189.3734051883}, "cmdq": 2, "read": {"device_start": -1, "device_end": -1}}, "FFC_sans_bias27": {"write": {"device_start": -1, "host_queued_start": 1585629414.803939, "device_queued": -1, "device_end": -1, "host_queued_end": 1585629414.877431}, "device": "cpu", "nd_range": {"device_start": 2297189.1007415, "device_end": 2297189.1161853382}, "cmdq": 4, "read": {"device_start": -1, "device_end": -1}}, "FFC_sans_bias20": {"write": {"device_start": -1, "host_queued_start": 1585629414.802879, "device_queued": -1, "device_end": -1, "host_queued_end": 1585629414.877431}, "device": "cpu", "nd_range": {"device_start": 2297189.0831231, "device_end": 2297189.09835156}, "cmdq": 3, "read": {"device_start": -1, "device_end": -1}}, "FFC_sans_bias22": {"write": {"device_start": -1, "host_queued_start": 1585629414.847962, "device_queued": -1, "device_end": -1, "host_queued_end": 1585629414.877431}, "device": "cpu", "nd_range": {"device_start": 2297189.265603823, "device_end": 2297189.28085744}, "cmdq": 2, "read": {"device_start": -1, "device_end": -1}}, "FFC_sans_bias130": {"write": {"device_start": -1, "host_queued_start": 1585629414.852308, "device_queued": -1, "device_end": -1, "host_queued_end": 1585629414.877431}, "device": "cpu", "nd_range": {"device_start": 2297189.271412549, "device_end": 2297189.3072356773}, "cmdq": 4, "read": {"device_start": -1, "device_end": -1}}, "FFC_sans_bias28": {"write": {"device_start": -1, "host_queued_start": 1585629414.805024, "device_queued": -1, "device_end": -1, "host_queued_end": 1585629414.877431}, "device": "cpu", "nd_range": {"device_start": 2297189.224296127, "device_end": 2297189.238548691}, "cmdq": 0, "read": {"device_start": -1, "device_end": -1}}, "FFC_sans_bias29": {"write": {"device_start": -1, "host_queued_start": 1585629414.806103, "device_queued": -1, "device_end": -1, "host_queued_end": 1585629414.877431}, "device": "cpu", "nd_range": {"device_start": 2297189.097924666, "device_end": 2297189.1131153554}, "cmdq": 1, "read": {"device_start": -1, "device_end": -1}}, "coalesced_transpose66": {"write": {"device_start": -1, "host_queued_start": 1585629414.8445, "device_queued": -1, "device_end": -1, "host_queued_end": 1585629414.877431}, "device": "cpu", "nd_range": {"device_start": 2297189.2650603713, "device_end": 2297189.265327829}, "cmdq": 2, "read": {"device_start": -1, "device_end": -1}}, "coalesced_transpose93": {"write": {"device_start": -1, "host_queued_start": 1585629414.845516, "device_queued": -1, "device_end": -1, "host_queued_end": 1585629414.877431}, "device": "cpu", "nd_range": {"device_start": 2297189.3235760103, "device_end": 2297189.323855653}, "cmdq": 0, "read": {"device_start": -1, "device_end": -1}}, "softmax23": {"write": {"device_start": -1, "host_queued_start": 1585629414.853162, "device_queued": -1, "device_end": -1, "host_queued_end": 1585629414.877431}, "device": "cpu", "nd_range": {"device_start": 2297189.311468807, "device_end": 2297189.3117017583}, "cmdq": 2, "read": {"device_start": -1, "device_end": -1}}, "empty62": {"write": {"device_start": -1, "host_queued_start": 1585629414.786502, "device_queued": -1, "device_end": -1, "host_queued_end": 1585629414.877431}, "device": "cpu", "nd_range": {"device_start": 2297189.0671363003, "device_end": 2297189.0671373783}, "cmdq": 1, "read": {"device_start": -1, "device_end": -1}}, "FFC_sans_bias10": {"write": {"device_start": -1, "host_queued_start": 1585629414.798594, "device_queued": -1, "device_end": -1, "host_queued_end": 1585629414.877431}, "device": "cpu", "nd_range": {"device_start": 2297189.084641564, "device_end": 2297189.1006173813}, "cmdq": 4, "read": {"device_start": -1, "device_end": -1}}, "FFC_sans_bias13": {"write": {"device_start": -1, "host_queued_start": 1585629414.847605, "device_queued": -1, "device_end": -1, "host_queued_end": 1585629414.877431}, "device": "cpu", "nd_range": {"device_start": 2297189.270500697, "device_end": 2297189.286081851}, "cmdq": 1, "read": {"device_start": -1, "device_end": -1}}, "FFC_sans_bias15": {"write": {"device_start": -1, "host_queued_start": 1585629414.857342, "device_queued": -1, "device_end": -1, "host_queued_end": 1585629414.877431}, "device": "cpu", "nd_range": {"device_start": 2297189.319119744, "device_end": 2297189.335010764}, "cmdq": 1, "read": {"device_start": -1, "device_end": -1}}, "FFC_sans_bias16": {"write": {"device_start": -1, "host_queued_start": 1585629414.864226, "device_queued": -1, "device_end": -1, "host_queued_end": 1585629414.877431}, "device": "cpu", "nd_range": {"device_start": 2297189.366412856, "device_end": 2297189.382327834}, "cmdq": 1, "read": {"device_start": -1, "device_end": -1}}, "FFC_sans_bias19": {"write": {"device_start": -1, "host_queued_start": 1585629414.801801, "device_queued": -1, "device_end": -1, "host_queued_end": 1585629414.877431}, "device": "cpu", "nd_range": {"device_start": 2297189.086352215, "device_end": 2297189.111225734}, "cmdq": 2, "read": {"device_start": -1, "device_end": -1}}, "FFC_sans_bias18": {"write": {"device_start": -1, "host_queued_start": 1585629414.80074, "device_queued": -1, "device_end": -1, "host_queued_end": 1585629414.877431}, "device": "cpu", "nd_range": {"device_start": 2297189.082642427, "device_end": 2297189.097794278}, "cmdq": 1, "read": {"device_start": -1, "device_end": -1}}, "FFC_sans_bias99": {"write": {"device_start": -1, "host_queued_start": 1585629414.829765, "device_queued": -1, "device_end": -1, "host_queued_end": 1585629414.877431}, "device": "cpu", "nd_range": {"device_start": 2297189.159826803, "device_end": 2297189.174973967}, "cmdq": 3, "read": {"device_start": -1, "device_end": -1}}, "FFC_sans_bias91": {"write": {"device_start": -1, "host_queued_start": 1585629414.827594, "device_queued": -1, "device_end": -1, "host_queued_end": 1585629414.877431}, "device": "cpu", "nd_range": {"device_start": 2297189.159371796, "device_end": 2297189.174567272}, "cmdq": 1, "read": {"device_start": -1, "device_end": -1}}, "FFC_sans_bias90": {"write": {"device_start": -1, "host_queued_start": 1585629414.826526, "device_queued": -1, "device_end": -1, "host_queued_end": 1585629414.877431}, "device": "cpu", "nd_range": {"device_start": 2297189.277423851, "device_end": 2297189.292569168}, "cmdq": 0, "read": {"device_start": -1, "device_end": -1}}, "coalesced_transpose12": {"write": {"device_start": -1, "host_queued_start": 1585629414.842441, "device_queued": -1, "device_end": -1, "host_queued_end": 1585629414.877431}, "device": "cpu", "nd_range": {"device_start": 2297189.20576374, "device_end": 2297189.206032289}, "cmdq": 1, "read": {"device_start": -1, "device_end": -1}}, "FFC_sans_bias94": {"write": {"device_start": -1, "host_queued_start": 1585629414.850879, "device_queued": -1, "device_end": -1, "host_queued_end": 1585629414.877431}, "device": "cpu", "nd_range": {"device_start": 2297189.354454519, "device_end": 2297189.369669937}, "cmdq": 0, "read": {"device_start": -1, "device_end": -1}}, "FFC_sans_bias97": {"write": {"device_start": -1, "host_queued_start": 1585629414.873319, "device_queued": -1, "device_end": -1, "host_queued_end": 1585629414.877431}, "device": "cpu", "nd_range": {"device_start": 2297189.451373847, "device_end": 2297189.46116975}, "cmdq": 0, "read": {"device_start": -1, "device_end": -1}}, "FFC_sans_bias96": {"write": {"device_start": -1, "host_queued_start": 1585629414.86063, "device_queued": -1, "device_end": -1, "host_queued_end": 1585629414.877431}, "device": "cpu", "nd_range": {"device_start": 2297189.4008291233, "device_end": 2297189.415675425}, "cmdq": 0, "read": {"device_start": -1, "device_end": -1}}, "FFC_sans_bias124": {"write": {"device_start": -1, "host_queued_start": 1585629414.876382, "device_queued": -1, "device_end": -1, "host_queued_end": 1585629414.877431}, "device": "cpu", "nd_range": {"device_start": 2297189.475561812, "device_end": 2297189.4808251373}, "cmdq": 3, "read": {"device_start": -1, "device_end": -1}}, "FFC_sans_bias126": {"write": {"device_start": -1, "host_queued_start": 1585629414.840674, "device_queued": -1, "device_end": -1, "host_queued_end": 1585629414.877431}, "device": "cpu", "nd_range": {"device_start": 2297189.1903531933, "device_end": 2297189.2058279794}, "cmdq": 3, "read": {"device_start": -1, "device_end": -1}}, "softmax32": {"write": {"device_start": -1, "host_queued_start": 1585629414.85345, "device_queued": -1, "device_end": -1, "host_queued_end": 1585629414.877431}, "device": "cpu", "nd_range": {"device_start": 2297189.433520581, "device_end": 2297189.4337461293}, "cmdq": 3, "read": {"device_start": -1, "device_end": -1}}, "coalesced_transpose84": {"write": {"device_start": -1, "host_queued_start": 1585629414.845178, "device_queued": -1, "device_end": -1, "host_queued_end": 1585629414.877431}, "device": "cpu", "nd_range": {"device_start": 2297189.245421479, "device_end": 2297189.245688537}, "cmdq": 4, "read": {"device_start": -1, "device_end": -1}}, "FFC_sans_bias121": {"write": {"device_start": -1, "host_queued_start": 1585629414.851952, "device_queued": -1, "device_end": -1, "host_queued_end": 1585629414.877431}, "device": "cpu", "nd_range": {"device_start": 2297189.42779872, "device_end": 2297189.433514126}, "cmdq": 3, "read": {"device_start": -1, "device_end": -1}}, "empty98": {"write": {"device_start": -1, "host_queued_start": 1585629414.789816, "device_queued": -1, "device_end": -1, "host_queued_end": 1585629414.877431}, "device": "cpu", "nd_range": {"device_start": 2297189.0671211, "device_end": 2297189.067121767}, "cmdq": 0, "read": {"device_start": -1, "device_end": -1}}, "empty107": {"write": {"device_start": -1, "host_queued_start": 1585629414.790665, "device_queued": -1, "device_end": -1, "host_queued_end": 1585629414.877431}, "device": "cpu", "nd_range": {"device_start": 2297189.067142805, "device_end": 2297189.067143566}, "cmdq": 1, "read": {"device_start": -1, "device_end": -1}}, "empty17": {"write": {"device_start": -1, "host_queued_start": 1585629414.782153, "device_queued": -1, "device_end": -1, "host_queued_end": 1585629414.877431}, "device": "cpu", "nd_range": {"device_start": 2297189.067115806, "device_end": 2297189.067120301}, "cmdq": 1, "read": {"device_start": -1, "device_end": -1}}, "FFC_sans_bias87": {"write": {"device_start": -1, "host_queued_start": 1585629414.860228, "device_queued": -1, "device_end": -1, "host_queued_end": 1585629414.877431}, "device": "cpu", "nd_range": {"device_start": 2297189.344758031, "device_end": 2297189.370682503}, "cmdq": 4, "read": {"device_start": -1, "device_end": -1}}, "FFC_sans_bias85": {"write": {"device_start": -1, "host_queued_start": 1585629414.850518, "device_queued": -1, "device_end": -1, "host_queued_end": 1585629414.877431}, "device": "cpu", "nd_range": {"device_start": 2297189.2550521023, "device_end": 2297189.271401231}, "cmdq": 4, "read": {"device_start": -1, "device_end": -1}}, "FFC_sans_bias82": {"write": {"device_start": -1, "host_queued_start": 1585629414.824392, "device_queued": -1, "device_end": -1, "host_queued_end": 1585629414.877431}, "device": "cpu", "nd_range": {"device_start": 2297189.1444372702, "device_end": 2297189.1597077153}, "cmdq": 3, "read": {"device_start": -1, "device_end": -1}}, "FFC_sans_bias83": {"write": {"device_start": -1, "host_queued_start": 1585629414.825464, "device_queued": -1, "device_end": -1, "host_queued_end": 1585629414.877431}, "device": "cpu", "nd_range": {"device_start": 2297189.1651853863, "device_end": 2297189.180445482}, "cmdq": 4, "read": {"device_start": -1, "device_end": -1}}, "FFC_sans_bias81": {"write": {"device_start": -1, "host_queued_start": 1585629414.823329, "device_queued": -1, "device_end": -1, "host_queued_end": 1585629414.877431}, "device": "cpu", "nd_range": {"device_start": 2297189.209970497, "device_end": 2297189.222658669}, "cmdq": 2, "read": {"device_start": -1, "device_end": -1}}, "FFC_sans_bias88": {"write": {"device_start": -1, "host_queued_start": 1585629414.872312, "device_queued": -1, "device_end": -1, "host_queued_end": 1585629414.877431}, "device": "cpu", "nd_range": {"device_start": 2297189.43082802, "device_end": 2297189.4425475663}, "cmdq": 4, "read": {"device_start": -1, "device_end": -1}}, "coalesced_transpose30": {"write": {"device_start": -1, "host_queued_start": 1585629414.843132, "device_queued": -1, "device_end": -1, "host_queued_end": 1585629414.877431}, "device": "cpu", "nd_range": {"device_start": 2297189.2418200593, "device_end": 2297189.24211362}, "cmdq": 3, "read": {"device_start": -1, "device_end": -1}}, "FFC_sans_bias128": {"write": {"device_start": -1, "host_queued_start": 1585629414.839601, "device_queued": -1, "device_end": -1, "host_queued_end": 1585629414.877431}, "device": "cpu", "nd_range": {"device_start": 2297189.2505055983, "device_end": 2297189.2647735854}, "cmdq": 2, "read": {"device_start": -1, "device_end": -1}}, "coalesced_transpose39": {"write": {"device_start": -1, "host_queued_start": 1585629414.843476, "device_queued": -1, "device_end": -1, "host_queued_end": 1585629414.877431}, "device": "cpu", "nd_range": {"device_start": 2297189.245139852, "device_end": 2297189.245414493}, "cmdq": 4, "read": {"device_start": -1, "device_end": -1}}, "FFC_sans_bias79": {"write": {"device_start": -1, "host_queued_start": 1585629414.87129, "device_queued": -1, "device_end": -1, "host_queued_end": 1585629414.877431}, "device": "cpu", "nd_range": {"device_start": 2297189.4702736223, "device_end": 2297189.475556489}, "cmdq": 3, "read": {"device_start": -1, "device_end": -1}}, "FFC_sans_bias78": {"write": {"device_start": -1, "host_queued_start": 1585629414.859868, "device_queued": -1, "device_end": -1, "host_queued_end": 1585629414.877431}, "device": "cpu", "nd_range": {"device_start": 2297189.443272284, "device_end": 2297189.456641326}, "cmdq": 3, "read": {"device_start": -1, "device_end": -1}}, "FFC_sans_bias73": {"write": {"device_start": -1, "host_queued_start": 1585629414.821178, "device_queued": -1, "device_end": -1, "host_queued_end": 1585629414.877431}, "device": "cpu", "nd_range": {"device_start": 2297189.262142814, "device_end": 2297189.277413195}, "cmdq": 0, "read": {"device_start": -1, "device_end": -1}}, "FFC_sans_bias72": {"write": {"device_start": -1, "host_queued_start": 1585629414.82012, "device_queued": -1, "device_end": -1, "host_queued_end": 1585629414.877431}, "device": "cpu", "nd_range": {"device_start": 2297189.148960983, "device_end": 2297189.165056324}, "cmdq": 4, "read": {"device_start": -1, "device_end": -1}}, "FFC_sans_bias70": {"write": {"device_start": -1, "host_queued_start": 1585629414.870267, "device_queued": -1, "device_end": -1, "host_queued_end": 1585629414.877431}, "device": "cpu", "nd_range": {"device_start": 2297189.373409191, "device_end": 2297189.388583662}, "cmdq": 2, "read": {"device_start": -1, "device_end": -1}}, "FFC_sans_bias76": {"write": {"device_start": -1, "host_queued_start": 1585629414.850162, "device_queued": -1, "device_end": -1, "host_queued_end": 1585629414.877431}, "device": "cpu", "nd_range": {"device_start": 2297189.4196558953, "device_end": 2297189.427792141}, "cmdq": 3, "read": {"device_start": -1, "device_end": -1}}, "FFC_sans_bias74": {"write": {"device_start": -1, "host_queued_start": 1585629414.822256, "device_queued": -1, "device_end": -1, "host_queued_end": 1585629414.877431}, "device": "cpu", "nd_range": {"device_start": 2297189.1440618793, "device_end": 2297189.159242559}, "cmdq": 1, "read": {"device_start": -1, "device_end": -1}}, "coalesced_transpose102": {"write": {"device_start": -1, "host_queued_start": 1585629414.845861, "device_queued": -1, "device_end": -1, "host_queued_end": 1585629414.877431}, "device": "cpu", "nd_range": {"device_start": 2297189.2701273994, "device_end": 2297189.270384172}, "cmdq": 1, "read": {"device_start": -1, "device_end": -1}}, "coalesced_transpose3": {"write": {"device_start": -1, "host_queued_start": 1585629414.842092, "device_queued": -1, "device_end": -1, "host_queued_end": 1585629414.877431}, "device": "cpu", "nd_range": {"device_start": 2297189.323041127, "device_end": 2297189.32330312}, "cmdq": 0, "read": {"device_start": -1, "device_end": -1}}, "FFC_sans_bias127": {"write": {"device_start": -1, "host_queued_start": 1585629414.841738, "device_queued": -1, "device_end": -1, "host_queued_end": 1585629414.877431}, "device": "cpu", "nd_range": {"device_start": 2297189.2340999832, "device_end": 2297189.2451298}, "cmdq": 4, "read": {"device_start": -1, "device_end": -1}}, "empty89": {"write": {"device_start": -1, "host_queued_start": 1585629414.788995, "device_queued": -1, "device_end": -1, "host_queued_end": 1585629414.877431}, "device": "cpu", "nd_range": {"device_start": 2297189.0844277903, "device_end": 2297189.084429834}, "cmdq": 4, "read": {"device_start": -1, "device_end": -1}}, "FFC_sans_bias123": {"write": {"device_start": -1, "host_queued_start": 1585629414.861779, "device_queued": -1, "device_end": -1, "host_queued_end": 1585629414.877431}, "device": "cpu", "nd_range": {"device_start": 2297189.4566506553, "device_end": 2297189.464994729}, "cmdq": 3, "read": {"device_start": -1, "device_end": -1}}, "empty80": {"write": {"device_start": -1, "host_queued_start": 1585629414.788177, "device_queued": -1, "device_end": -1, "host_queued_end": 1585629414.877431}, "device": "cpu", "nd_range": {"device_start": 2297189.0677186823, "device_end": 2297189.0677199713}, "cmdq": 3, "read": {"device_start": -1, "device_end": -1}}, "empty116": {"write": {"device_start": -1, "host_queued_start": 1585629414.791485, "device_queued": -1, "device_end": -1, "host_queued_end": 1585629414.877431}, "device": "cpu", "nd_range": {"device_start": 2297189.067120706, "device_end": 2297189.067121421}, "cmdq": 2, "read": {"device_start": -1, "device_end": -1}}, "softmax104": {"write": {"device_start": -1, "host_queued_start": 1585629414.855754, "device_queued": -1, "device_end": -1, "host_queued_end": 1585629414.877431}, "device": "cpu", "nd_range": {"device_start": 2297189.318807157, "device_end": 2297189.319012295}, "cmdq": 1, "read": {"device_start": -1, "device_end": -1}}, "coalesced_transpose21": {"write": {"device_start": -1, "host_queued_start": 1585629414.842791, "device_queued": -1, "device_end": -1, "host_queued_end": 1585629414.877431}, "device": "cpu", "nd_range": {"device_start": 2297189.264782023, "device_end": 2297189.265053546}, "cmdq": 2, "read": {"device_start": -1, "device_end": -1}}, "softmax14": {"write": {"device_start": -1, "host_queued_start": 1585629414.852881, "device_queued": -1, "device_end": -1, "host_queued_end": 1585629414.877431}, "device": "cpu", "nd_range": {"device_start": 2297189.3181344173, "device_end": 2297189.318346316}, "cmdq": 1, "read": {"device_start": -1, "device_end": -1}}, "FFC_sans_bias69": {"write": {"device_start": -1, "host_queued_start": 1585629414.859513, "device_queued": -1, "device_end": -1, "host_queued_end": 1585629414.877431}, "device": "cpu", "nd_range": {"device_start": 2297189.3275480033, "device_end": 2297189.342803035}, "cmdq": 2, "read": {"device_start": -1, "device_end": -1}}, "FFC_sans_bias92": {"write": {"device_start": -1, "host_queued_start": 1585629414.828669, "device_queued": -1, "device_end": -1, "host_queued_end": 1585629414.877431}, "device": "cpu", "nd_range": {"device_start": 2297189.222693645, "device_end": 2297189.239375751}, "cmdq": 2, "read": {"device_start": -1, "device_end": -1}}, "FFC_sans_bias60": {"write": {"device_start": -1, "host_queued_start": 1585629414.85915, "device_queued": -1, "device_end": -1, "host_queued_end": 1585629414.877431}, "device": "cpu", "nd_range": {"device_start": 2297189.335135168, "device_end": 2297189.350699074}, "cmdq": 1, "read": {"device_start": -1, "device_end": -1}}, "FFC_sans_bias61": {"write": {"device_start": -1, "host_queued_start": 1585629414.869261, "device_queued": -1, "device_end": -1, "host_queued_end": 1585629414.877431}, "device": "cpu", "nd_range": {"device_start": 2297189.3823354333, "device_end": 2297189.397646198}, "cmdq": 1, "read": {"device_start": -1, "device_end": -1}}, "FFC_sans_bias63": {"write": {"device_start": -1, "host_queued_start": 1585629414.81906, "device_queued": -1, "device_end": -1, "host_queued_end": 1585629414.877431}, "device": "cpu", "nd_range": {"device_start": 2297189.1290517324, "device_end": 2297189.144319715}, "cmdq": 3, "read": {"device_start": -1, "device_end": -1}}, "FFC_sans_bias64": {"write": {"device_start": -1, "host_queued_start": 1585629414.816917, "device_queued": -1, "device_end": -1, "host_queued_end": 1585629414.877431}, "device": "cpu", "nd_range": {"device_start": 2297189.12865961, "device_end": 2297189.1439372404}, "cmdq": 1, "read": {"device_start": -1, "device_end": -1}}, "FFC_sans_bias65": {"write": {"device_start": -1, "host_queued_start": 1585629414.817993, "device_queued": -1, "device_end": -1, "host_queued_end": 1585629414.877431}, "device": "cpu", "nd_range": {"device_start": 2297189.178161817, "device_end": 2297189.204207761}, "cmdq": 2, "read": {"device_start": -1, "device_end": -1}}, "FFC_sans_bias67": {"write": {"device_start": -1, "host_queued_start": 1585629414.849735, "device_queued": -1, "device_end": -1, "host_queued_end": 1585629414.877431}, "device": "cpu", "nd_range": {"device_start": 2297189.2808648483, "device_end": 2297189.2961691744}, "cmdq": 2, "read": {"device_start": -1, "device_end": -1}}, "coalesced_transpose111": {"write": {"device_start": -1, "host_queued_start": 1585629414.846207, "device_queued": -1, "device_end": -1, "host_queued_end": 1585629414.877431}, "device": "cpu", "nd_range": {"device_start": 2297189.265334486, "device_end": 2297189.2655954063}, "cmdq": 2, "read": {"device_start": -1, "device_end": -1}}, "FFC_sans_bias136": {"write": {"device_start": 1585629348.1804802, "host_queued_start": 1585629414.775429, "device_queued": 1585629348.1803567, "device_end": 1585629348.1805432, "host_queued_end": 1585629414.779935}, "device": "gpu", "nd_range": {"device_start": 1585629348.1805494, "device_end": 1585629348.1811569}, "cmdq": 1, "read": {"device_start": -1, "device_end": -1}}, "FFC_sans_bias135": {"write": {"device_start": 1585629348.1813028, "host_queued_start": 1585629414.777516, "device_queued": 1585629348.180598, "device_end": 1585629348.181333, "host_queued_end": 1585629414.779935}, "device": "gpu", "nd_range": {"device_start": 1585629348.1813362, "device_end": 1585629348.182045}, "cmdq": 1, "read": {"device_start": -1, "device_end": -1}}, "FFC_sans_bias133": {"write": {"device_start": -1, "host_queued_start": 1585629414.877385, "device_queued": -1, "device_end": -1, "host_queued_end": 1585629414.877431}, "device": "cpu", "nd_range": {"device_start": 2297189.442551828, "device_end": 2297189.4546578103}, "cmdq": 4, "read": {"device_start": -1, "device_end": -1}}, "FFC_sans_bias132": {"write": {"device_start": -1, "host_queued_start": 1585629414.862134, "device_queued": -1, "device_end": -1, "host_queued_end": 1585629414.877431}, "device": "cpu", "nd_range": {"device_start": 2297189.370690801, "device_end": 2297189.407574686}, "cmdq": 4, "read": {"device_start": -1, "device_end": -1}}, "softmax68": {"write": {"device_start": -1, "host_queued_start": 1585629414.854605, "device_queued": -1, "device_end": -1, "host_queued_end": 1585629414.877431}, "device": "cpu", "nd_range": {"device_start": 2297189.311707608, "device_end": 2297189.311921875}, "cmdq": 2, "read": {"device_start": -1, "device_end": -1}}, "softmax131": {"write": {"device_start": -1, "host_queued_start": 1585629414.856634, "device_queued": -1, "device_end": -1, "host_queued_end": 1585629414.877431}, "device": "cpu", "nd_range": {"device_start": 2297189.3111879383, "device_end": 2297189.311398411}, "cmdq": 4, "read": {"device_start": -1, "device_end": -1}}, "empty125": {"write": {"device_start": -1, "host_queued_start": 1585629414.792305, "device_queued": -1, "device_end": -1, "host_queued_end": 1585629414.877431}, "device": "cpu", "nd_range": {"device_start": 2297189.0677343314, "device_end": 2297189.067735045}, "cmdq": 3, "read": {"device_start": -1, "device_end": -1}}, "FFC_sans_bias139": {"write": {"device_start": -1, "host_queued_start": 1585629414.778173, "device_queued": -1, "device_end": -1, "host_queued_end": 1585629414.779935}, "device": "gpu", "nd_range": {"device_start": 1585629348.1820467, "device_end": 1585629348.1826644}, "cmdq": 1, "read": {"device_start": -1, "device_end": -1}}, "empty35": {"write": {"device_start": -1, "host_queued_start": 1585629414.783938, "device_queued": -1, "device_end": -1, "host_queued_end": 1585629414.877431}, "device": "cpu", "nd_range": {"device_start": 2297189.067689783, "device_end": 2297189.0676935483}, "cmdq": 3, "read": {"device_start": -1, "device_end": -1}}, "softmax86": {"write": {"device_start": -1, "host_queued_start": 1585629414.855184, "device_queued": -1, "device_end": -1, "host_queued_end": 1585629414.877431}, "device": "cpu", "nd_range": {"device_start": 2297189.307482475, "device_end": 2297189.3111818763}, "cmdq": 4, "read": {"device_start": -1, "device_end": -1}}, "FFC_sans_bias55": {"write": {"device_start": -1, "host_queued_start": 1585629414.815837, "device_queued": -1, "device_end": -1, "host_queued_end": 1585629414.877431}, "device": "cpu", "nd_range": {"device_start": 2297189.253988263, "device_end": 2297189.262131873}, "cmdq": 0, "read": {"device_start": -1, "device_end": -1}}, "FFC_sans_bias54": {"write": {"device_start": -1, "host_queued_start": 1585629414.814755, "device_queued": -1, "device_end": -1, "host_queued_end": 1585629414.877431}, "device": "cpu", "nd_range": {"device_start": 2297189.132813745, "device_end": 2297189.148837311}, "cmdq": 4, "read": {"device_start": -1, "device_end": -1}}, "FFC_sans_bias56": {"write": {"device_start": -1, "host_queued_start": 1585629414.813658, "device_queued": -1, "device_end": -1, "host_queued_end": 1585629414.877431}, "device": "cpu", "nd_range": {"device_start": 2297189.113765874, "device_end": 2297189.128932396}, "cmdq": 3, "read": {"device_start": -1, "device_end": -1}}, "FFC_sans_bias51": {"write": {"device_start": -1, "host_queued_start": 1585629414.858792, "device_queued": -1, "device_end": -1, "host_queued_end": 1585629414.877431}, "device": "cpu", "nd_range": {"device_start": 2297189.3856254313, "device_end": 2297189.400820699}, "cmdq": 0, "read": {"device_start": -1, "device_end": -1}}, "FFC_sans_bias52": {"write": {"device_start": -1, "host_queued_start": 1585629414.868247, "device_queued": -1, "device_end": -1, "host_queued_end": 1585629414.877431}, "device": "cpu", "nd_range": {"device_start": 2297189.4347684053, "device_end": 2297189.4513687803}, "cmdq": 0, "read": {"device_start": -1, "device_end": -1}}, "FFC_sans_bias58": {"write": {"device_start": -1, "host_queued_start": 1585629414.849378, "device_queued": -1, "device_end": -1, "host_queued_end": 1585629414.877431}, "device": "cpu", "nd_range": {"device_start": 2297189.286204475, "device_end": 2297189.3016948462}, "cmdq": 1, "read": {"device_start": -1, "device_end": -1}}, "FFC_sans_bias108": {"write": {"device_start": -1, "host_queued_start": 1585629414.833083, "device_queued": -1, "device_end": -1, "host_queued_end": 1585629414.877431}, "device": "cpu", "nd_range": {"device_start": 2297189.174685739, "device_end": 2297189.189926077}, "cmdq": 1, "read": {"device_start": -1, "device_end": -1}}, "FFC_sans_bias109": {"write": {"device_start": -1, "host_queued_start": 1585629414.834184, "device_queued": -1, "device_end": -1, "host_queued_end": 1585629414.877431}, "device": "cpu", "nd_range": {"device_start": 2297189.239383983, "device_end": 2297189.250377396}, "cmdq": 2, "read": {"device_start": -1, "device_end": -1}}, "coalesced_transpose129": {"write": {"device_start": -1, "host_queued_start": 1585629414.846894, "device_queued": -1, "device_end": -1, "host_queued_end": 1585629414.877431}, "device": "cpu", "nd_range": {"device_start": 2297189.245694592, "device_end": 2297189.245947048}, "cmdq": 4, "read": {"device_start": -1, "device_end": -1}}, "FFC_sans_bias103": {"write": {"device_start": -1, "host_queued_start": 1585629414.851238, "device_queued": -1, "device_end": -1, "host_queued_end": 1585629414.877431}, "device": "cpu", "nd_range": {"device_start": 2297189.3018089593, "device_end": 2297189.318012623}, "cmdq": 1, "read": {"device_start": -1, "device_end": -1}}, "FFC_sans_bias100": {"write": {"device_start": -1, "host_queued_start": 1585629414.83093, "device_queued": -1, "device_end": -1, "host_queued_end": 1585629414.877431}, "device": "cpu", "nd_range": {"device_start": 2297189.1805694713, "device_end": 2297189.223716367}, "cmdq": 4, "read": {"device_start": -1, "device_end": -1}}, "FFC_sans_bias101": {"write": {"device_start": -1, "host_queued_start": 1585629414.83201, "device_queued": -1, "device_end": -1, "host_queued_end": 1585629414.877431}, "device": "cpu", "nd_range": {"device_start": 2297189.2925777324, "device_end": 2297189.307733659}, "cmdq": 0, "read": {"device_start": -1, "device_end": -1}}, "FFC_sans_bias106": {"write": {"device_start": -1, "host_queued_start": 1585629414.874369, "device_queued": -1, "device_end": -1, "host_queued_end": 1585629414.877431}, "device": "cpu", "nd_range": {"device_start": 2297189.397654368, "device_end": 2297189.4134578723}, "cmdq": 1, "read": {"device_start": -1, "device_end": -1}}, "softmax122": {"write": {"device_start": -1, "host_queued_start": 1585629414.856353, "device_queued": -1, "device_end": -1, "host_queued_end": 1585629414.877431}, "device": "cpu", "nd_range": {"device_start": 2297189.433974173, "device_end": 2297189.434179048}, "cmdq": 3, "read": {"device_start": -1, "device_end": -1}}, "FFC_sans_bias105": {"write": {"device_start": -1, "host_queued_start": 1585629414.86099, "device_queued": -1, "device_end": -1, "host_queued_end": 1585629414.877431}, "device": "cpu", "nd_range": {"device_start": 2297189.350824755, "device_end": 2297189.366286051}, "cmdq": 1, "read": {"device_start": -1, "device_end": -1}}, "softmax95": {"write": {"device_start": -1, "host_queued_start": 1585629414.855472, "device_queued": -1, "device_end": -1, "host_queued_end": 1585629414.877431}, "device": "cpu", "nd_range": {"device_start": 2297189.3701533224, "device_end": 2297189.3703678693}, "cmdq": 0, "read": {"device_start": -1, "device_end": -1}}, "coalesced_transpose57": {"write": {"device_start": -1, "host_queued_start": 1585629414.844161, "device_queued": -1, "device_end": -1, "host_queued_end": 1585629414.877431}, "device": "cpu", "nd_range": {"device_start": 2297189.269769125, "device_end": 2297189.270010517}, "cmdq": 1, "read": {"device_start": -1, "device_end": -1}}, "empty26": {"write": {"device_start": -1, "host_queued_start": 1585629414.783032, "device_queued": -1, "device_end": -1, "host_queued_end": 1585629414.877431}, "device": "cpu", "nd_range": {"device_start": 2297189.06708208, "device_end": 2297189.067094284}, "cmdq": 2, "read": {"device_start": -1, "device_end": -1}}, "softmax113": {"write": {"device_start": -1, "host_queued_start": 1585629414.856072, "device_queued": -1, "device_end": -1, "host_queued_end": 1585629414.877431}, "device": "cpu", "nd_range": {"device_start": 2297189.3119269963, "device_end": 2297189.312139971}, "cmdq": 2, "read": {"device_start": -1, "device_end": -1}}, "FFC_sans_bias11": {"write": {"device_start": -1, "host_queued_start": 1585629414.799679, "device_queued": -1, "device_end": -1, "host_queued_end": 1585629414.877431}, "device": "cpu", "nd_range": {"device_start": 2297189.2059721723, "device_end": 2297189.224156043}, "cmdq": 0, "read": {"device_start": -1, "device_end": -1}}, "FFC_sans_bias42": {"write": {"device_start": -1, "host_queued_start": 1585629414.858421, "device_queued": -1, "device_end": -1, "host_queued_end": 1585629414.877431}, "device": "cpu", "nd_range": {"device_start": 2297189.311404399, "device_end": 2297189.344748239}, "cmdq": 4, "read": {"device_start": -1, "device_end": -1}}, "FFC_sans_bias43": {"write": {"device_start": -1, "host_queued_start": 1585629414.867244, "device_queued": -1, "device_end": -1, "host_queued_end": 1585629414.877431}, "device": "cpu", "nd_range": {"device_start": 2297189.407587115, "device_end": 2297189.4308230723}, "cmdq": 4, "read": {"device_start": -1, "device_end": -1}}, "FFC_sans_bias40": {"write": {"device_start": -1, "host_queued_start": 1585629414.848674, "device_queued": -1, "device_end": -1, "host_queued_end": 1585629414.877431}, "device": "cpu", "nd_range": {"device_start": 2297189.245953198, "device_end": 2297189.255045431}, "cmdq": 4, "read": {"device_start": -1, "device_end": -1}}, "FFC_sans_bias46": {"write": {"device_start": -1, "host_queued_start": 1585629414.811495, "device_queued": -1, "device_end": -1, "host_queued_end": 1585629414.877431}, "device": "cpu", "nd_range": {"device_start": 2297189.113236792, "device_end": 2297189.128525536}, "cmdq": 1, "read": {"device_start": -1, "device_end": -1}}, "FFC_sans_bias47": {"write": {"device_start": -1, "host_queued_start": 1585629414.812584, "device_queued": -1, "device_end": -1, "host_queued_end": 1585629414.877431}, "device": "cpu", "nd_range": {"device_start": 2297189.1475621033, "device_end": 2297189.1712399493}, "cmdq": 2, "read": {"device_start": -1, "device_end": -1}}, "FFC_sans_bias45": {"write": {"device_start": -1, "host_queued_start": 1585629414.810404, "device_queued": -1, "device_end": -1, "host_queued_end": 1585629414.877431}, "device": "cpu", "nd_range": {"device_start": 2297189.238686527, "device_end": 2297189.2539785663}, "cmdq": 0, "read": {"device_start": -1, "device_end": -1}}, "FFC_sans_bias49": {"write": {"device_start": -1, "host_queued_start": 1585629414.849026, "device_queued": -1, "device_end": -1, "host_queued_end": 1585629414.877431}, "device": "cpu", "nd_range": {"device_start": 2297189.339207271, "device_end": 2297189.354446963}, "cmdq": 0, "read": {"device_start": -1, "device_end": -1}}, "softmax77": {"write": {"device_start": -1, "host_queued_start": 1585629414.85489, "device_queued": -1, "device_end": -1, "host_queued_end": 1585629414.877431}, "device": "cpu", "nd_range": {"device_start": 2297189.433752873, "device_end": 2297189.433967806}, "cmdq": 3, "read": {"device_start": -1, "device_end": -1}}, "empty134": {"write": {"device_start": -1, "host_queued_start": 1585629414.793129, "device_queued": -1, "device_end": -1, "host_queued_end": 1585629414.877431}, "device": "cpu", "nd_range": {"device_start": 2297189.084532911, "device_end": 2297189.0845349873}, "cmdq": 4, "read": {"device_start": -1, "device_end": -1}}, "coalesced_transpose138": {"write": {"device_start": -1, "host_queued_start": 1585629414.777844, "device_queued": -1, "device_end": -1, "host_queued_end": 1585629414.779935}, "device": "gpu", "nd_range": {"device_start": 1585629348.1815681, "device_end": 1585629348.1819677}, "cmdq": 0, "read": {"device_start": -1, "device_end": -1}}, "FFC_sans_bias119": {"write": {"device_start": -1, "host_queued_start": 1585629414.838521, "device_queued": -1, "device_end": -1, "host_queued_end": 1585629414.877431}, "device": "cpu", "nd_range": {"device_start": 2297189.19008464, "device_end": 2297189.205602648}, "cmdq": 1, "read": {"device_start": -1, "device_end": -1}}, "FFC_sans_bias118": {"write": {"device_start": -1, "host_queued_start": 1585629414.83742, "device_queued": -1, "device_end": -1, "host_queued_end": 1585629414.877431}, "device": "cpu", "nd_range": {"device_start": 2297189.3077419773, "device_end": 2297189.323031412}, "cmdq": 0, "read": {"device_start": -1, "device_end": -1}}, "empty143": {"write": {"device_start": 1585629348.1803632, "host_queued_start": 1585629414.774092, "device_queued": 1585629348.180239, "device_end": 1585629348.1804094, "host_queued_end": 1585629414.779935}, "device": "gpu", "nd_range": {"device_start": 1585629348.180415, "device_end": 1585629348.180421}, "cmdq": 0, "read": {"device_start": -1, "device_end": -1}}, "FFC_sans_bias115": {"write": {"device_start": -1, "host_queued_start": 1585629414.875378, "device_queued": -1, "device_end": -1, "host_queued_end": 1585629414.877431}, "device": "cpu", "nd_range": {"device_start": 2297189.388588088, "device_end": 2297189.403849182}, "cmdq": 2, "read": {"device_start": -1, "device_end": -1}}, "FFC_sans_bias114": {"write": {"device_start": -1, "host_queued_start": 1585629414.861351, "device_queued": -1, "device_end": -1, "host_queued_end": 1585629414.877431}, "device": "cpu", "nd_range": {"device_start": 2297189.342810303, "device_end": 2297189.358067722}, "cmdq": 2, "read": {"device_start": -1, "device_end": -1}}, "FFC_sans_bias117": {"write": {"device_start": -1, "host_queued_start": 1585629414.836342, "device_queued": -1, "device_end": -1, "host_queued_end": 1585629414.877431}, "device": "cpu", "nd_range": {"device_start": 2297189.223887688, "device_end": 2297189.234090766}, "cmdq": 4, "read": {"device_start": -1, "device_end": -1}}, "softmax5": {"write": {"device_start": -1, "host_queued_start": 1585629414.852597, "device_queued": -1, "device_end": -1, "host_queued_end": 1585629414.877431}, "device": "cpu", "nd_range": {"device_start": 2297189.369677653, "device_end": 2297189.369909745}, "cmdq": 0, "read": {"device_start": -1, "device_end": -1}}, "FFC_sans_bias110": {"write": {"device_start": -1, "host_queued_start": 1585629414.835271, "device_queued": -1, "device_end": -1, "host_queued_end": 1585629414.877431}, "device": "cpu", "nd_range": {"device_start": 2297189.175091595, "device_end": 2297189.190212096}, "cmdq": 3, "read": {"device_start": -1, "device_end": -1}}, "FFC_sans_bias112": {"write": {"device_start": -1, "host_queued_start": 1585629414.851591, "device_queued": -1, "device_end": -1, "host_queued_end": 1585629414.877431}, "device": "cpu", "nd_range": {"device_start": 2297189.2961764513, "device_end": 2297189.3114619823}, "cmdq": 2, "read": {"device_start": -1, "device_end": -1}}, "empty53": {"write": {"device_start": -1, "host_queued_start": 1585629414.785685, "device_queued": -1, "device_end": -1, "host_queued_end": 1585629414.877431}, "device": "cpu", "nd_range": {"device_start": 2297189.067114706, "device_end": 2297189.067115527}, "cmdq": 0, "read": {"device_start": -1, "device_end": -1}}, "coalesced_transpose48": {"write": {"device_start": -1, "host_queued_start": 1585629414.843823, "device_queued": -1, "device_end": -1, "host_queued_end": 1585629414.877431}, "device": "cpu", "nd_range": {"device_start": 2297189.3233101564, "device_end": 2297189.323569728}, "cmdq": 0, "read": {"device_start": -1, "device_end": -1}}}