{"FFC_sans_bias4": {"write": {"device_start": -1, "host_queued_start": 1585629354.169314, "device_queued": -1, "device_end": -1, "host_queued_end": 1585629354.193277}, "device": "cpu", "nd_range": {"device_start": 2297128.5610675663, "device_end": 2297128.576323608}, "cmdq": 0, "read": {"device_start": -1, "device_end": -1}}, "FFC_sans_bias7": {"write": {"device_start": -1, "host_queued_start": 1585629354.182093, "device_queued": -1, "device_end": -1, "host_queued_end": 1585629354.193277}, "device": "cpu", "nd_range": {"device_start": 2297128.6505960063, "device_end": 2297128.658229118}, "cmdq": 0, "read": {"device_start": -1, "device_end": -1}}, "FFC_sans_bias6": {"write": {"device_start": -1, "host_queued_start": 1585629354.177017, "device_queued": -1, "device_end": -1, "host_queued_end": 1585629354.193277}, "device": "cpu", "nd_range": {"device_start": 2297128.607655935, "device_end": 2297128.629472142}, "cmdq": 0, "read": {"device_start": -1, "device_end": -1}}, "FFC_sans_bias1": {"write": {"device_start": -1, "host_queued_start": 1585629354.128207, "device_queued": -1, "device_end": -1, "host_queued_end": 1585629354.193277}, "device": "cpu", "nd_range": {"device_start": 2297128.382957811, "device_end": 2297128.398931617}, "cmdq": 1, "read": {"device_start": -1, "device_end": -1}}, "FFC_sans_bias0": {"write": {"device_start": -1, "host_queued_start": 1585629354.127044, "device_queued": -1, "device_end": -1, "host_queued_end": 1585629354.193277}, "device": "cpu", "nd_range": {"device_start": 2297128.382957179, "device_end": 2297128.399285439}, "cmdq": 0, "read": {"device_start": -1, "device_end": -1}}, "FFC_sans_bias2": {"write": {"device_start": -1, "host_queued_start": 1585629354.129302, "device_queued": -1, "device_end": -1, "host_queued_end": 1585629354.193277}, "device": "cpu", "nd_range": {"device_start": 2297128.3834900414, "device_end": 2297128.399107648}, "cmdq": 2, "read": {"device_start": -1, "device_end": -1}}, "coalesced_transpose120": {"write": {"device_start": -1, "host_queued_start": 1585629354.105469, "device_queued": -1, "device_end": -1, "host_queued_end": 1585629354.114164}, "device": "gpu", "nd_range": {"device_start": 1585629287.522738, "device_end": 1585629287.5230534}, "cmdq": 1, "read": {"device_start": -1, "device_end": -1}}, "FFC_sans_bias9": {"write": {"device_start": -1, "host_queued_start": 1585629354.130367, "device_queued": -1, "device_end": -1, "host_queued_end": 1585629354.193277}, "device": "cpu", "nd_range": {"device_start": 2297128.383000764, "device_end": 2297128.398616354}, "cmdq": 3, "read": {"device_start": -1, "device_end": -1}}, "empty71": {"write": {"device_start": -1, "host_queued_start": 1585629354.12246, "device_queued": -1, "device_end": -1, "host_queued_end": 1585629354.193277}, "device": "cpu", "nd_range": {"device_start": 2297128.382986378, "device_end": 2297128.3829874434}, "cmdq": 3, "read": {"device_start": -1, "device_end": -1}}, "softmax41": {"write": {"device_start": -1, "host_queued_start": 1585629354.174687, "device_queued": -1, "device_end": -1, "host_queued_end": 1585629354.193277}, "device": "cpu", "nd_range": {"device_start": 2297128.607230028, "device_end": 2297128.607440765}, "cmdq": 0, "read": {"device_start": -1, "device_end": -1}}, "FFC_sans_bias37": {"write": {"device_start": -1, "host_queued_start": 1585629354.141143, "device_queued": -1, "device_end": -1, "host_queued_end": 1585629354.193277}, "device": "cpu", "nd_range": {"device_start": 2297128.4635630753, "device_end": 2297128.487316418}, "cmdq": 1, "read": {"device_start": -1, "device_end": -1}}, "FFC_sans_bias36": {"write": {"device_start": -1, "host_queued_start": 1585629354.140083, "device_queued": -1, "device_end": -1, "host_queued_end": 1585629354.193277}, "device": "cpu", "nd_range": {"device_start": 2297128.431737297, "device_end": 2297128.448362276}, "cmdq": 0, "read": {"device_start": -1, "device_end": -1}}, "FFC_sans_bias34": {"write": {"device_start": -1, "host_queued_start": 1585629354.185129, "device_queued": -1, "device_end": -1, "host_queued_end": 1585629354.193277}, "device": "cpu", "nd_range": {"device_start": 2297128.6528234603, "device_end": 2297128.6640462084}, "cmdq": 3, "read": {"device_start": -1, "device_end": -1}}, "FFC_sans_bias33": {"write": {"device_start": -1, "host_queued_start": 1585629354.178105, "device_queued": -1, "device_end": -1, "host_queued_end": 1585629354.193277}, "device": "cpu", "nd_range": {"device_start": 2297128.5954716112, "device_end": 2297128.611122343}, "cmdq": 3, "read": {"device_start": -1, "device_end": -1}}, "FFC_sans_bias31": {"write": {"device_start": -1, "host_queued_start": 1585629354.170374, "device_queued": -1, "device_end": -1, "host_queued_end": 1585629354.193277}, "device": "cpu", "nd_range": {"device_start": 2297128.5433994792, "device_end": 2297128.5613578013}, "cmdq": 3, "read": {"device_start": -1, "device_end": -1}}, "FFC_sans_bias38": {"write": {"device_start": -1, "host_queued_start": 1585629354.142232, "device_queued": -1, "device_end": -1, "host_queued_end": 1585629354.193277}, "device": "cpu", "nd_range": {"device_start": 2297128.4298667423, "device_end": 2297128.445131068}, "cmdq": 2, "read": {"device_start": -1, "device_end": -1}}, "coalesced_transpose75": {"write": {"device_start": -1, "host_queued_start": 1585629354.167945, "device_queued": -1, "device_end": -1, "host_queued_end": 1585629354.193277}, "device": "cpu", "nd_range": {"device_start": 2297128.5608132184, "device_end": 2297128.561057403}, "cmdq": 0, "read": {"device_start": -1, "device_end": -1}}, "softmax140": {"write": {"device_start": -1, "host_queued_start": 1585629354.108565, "device_queued": -1, "device_end": -1, "host_queued_end": 1585629354.114164}, "device": "gpu", "nd_range": {"device_start": 1585629287.5248864, "device_end": 1585629287.52521}, "cmdq": 1, "read": {"device_start": -1, "device_end": -1}}, "empty44": {"write": {"device_start": -1, "host_queued_start": 1585629354.119819, "device_queued": -1, "device_end": -1, "host_queued_end": 1585629354.193277}, "device": "cpu", "nd_range": {"device_start": 2297128.382942725, "device_end": 2297128.382943693}, "cmdq": 0, "read": {"device_start": -1, "device_end": -1}}, "FFC_sans_bias137": {"write": {"device_start": 1585629287.5213969, "host_queued_start": 1585629354.10376, "device_queued": 1585629287.5177484, "device_end": 1585629287.521429, "host_queued_end": 1585629354.114164}, "device": "gpu", "nd_range": {"device_start": 1585629287.5214345, "device_end": 1585629287.5222182}, "cmdq": 0, "read": {"device_start": -1, "device_end": -1}}, "empty8": {"write": {"device_start": -1, "host_queued_start": 1585629354.115611, "device_queued": -1, "device_end": -1, "host_queued_end": 1585629354.193277}, "device": "cpu", "nd_range": {"device_start": 2297128.3829095643, "device_end": 2297128.382918016}, "cmdq": 0, "read": {"device_start": -1, "device_end": -1}}, "softmax50": {"write": {"device_start": -1, "host_queued_start": 1585629354.174969, "device_queued": -1, "device_end": -1, "host_queued_end": 1585629354.193277}, "device": "cpu", "nd_range": {"device_start": 2297128.674518371, "device_end": 2297128.674910908}, "cmdq": 1, "read": {"device_start": -1, "device_end": -1}}, "softmax59": {"write": {"device_start": -1, "host_queued_start": 1585629354.175256, "device_queued": -1, "device_end": -1, "host_queued_end": 1585629354.193277}, "device": "cpu", "nd_range": {"device_start": 2297128.547393056, "device_end": 2297128.547601738}, "cmdq": 2, "read": {"device_start": -1, "device_end": -1}}, "FFC_sans_bias142": {"write": {"device_start": 1585629287.5281544, "host_queued_start": 1585629354.114062, "device_queued": 1585629287.5190494, "device_end": 1585629287.5281863, "host_queued_end": 1585629354.114164}, "device": "gpu", "nd_range": {"device_start": 1585629287.5281894, "device_end": 1585629287.5289226}, "cmdq": 1, "read": {"device_start": 1585629287.5289276, "device_end": 1585629287.5289505}}, "FFC_sans_bias141": {"write": {"device_start": -1, "host_queued_start": 1585629354.109854, "device_queued": -1, "device_end": -1, "host_queued_end": 1585629354.114164}, "device": "gpu", "nd_range": {"device_start": 1585629287.5259562, "device_end": 1585629287.5269463}, "cmdq": 1, "read": {"device_start": -1, "device_end": -1}}, "FFC_sans_bias24": {"write": {"device_start": -1, "host_queued_start": 1585629354.177739, "device_queued": -1, "device_end": -1, "host_queued_end": 1585629354.193277}, "device": "cpu", "nd_range": {"device_start": 2297128.547920177, "device_end": 2297128.5568265063}, "cmdq": 2, "read": {"device_start": -1, "device_end": -1}}, "FFC_sans_bias25": {"write": {"device_start": -1, "host_queued_start": 1585629354.184127, "device_queued": -1, "device_end": -1, "host_queued_end": 1585629354.193277}, "device": "cpu", "nd_range": {"device_start": 2297128.579831718, "device_end": 2297128.5950095}, "cmdq": 2, "read": {"device_start": -1, "device_end": -1}}, "FFC_sans_bias27": {"write": {"device_start": -1, "host_queued_start": 1585629354.136849, "device_queued": -1, "device_end": -1, "host_queued_end": 1585629354.193277}, "device": "cpu", "nd_range": {"device_start": 2297128.432924612, "device_end": 2297128.4552578633}, "cmdq": 1, "read": {"device_start": -1, "device_end": -1}}, "FFC_sans_bias20": {"write": {"device_start": -1, "host_queued_start": 1585629354.13578, "device_queued": -1, "device_end": -1, "host_queued_end": 1585629354.193277}, "device": "cpu", "nd_range": {"device_start": 2297128.416316423, "device_end": 2297128.4316177033}, "cmdq": 0, "read": {"device_start": -1, "device_end": -1}}, "FFC_sans_bias22": {"write": {"device_start": -1, "host_queued_start": 1585629354.170022, "device_queued": -1, "device_end": -1, "host_queued_end": 1585629354.193277}, "device": "cpu", "nd_range": {"device_start": 2297128.5228066663, "device_end": 2297128.5332852663}, "cmdq": 2, "read": {"device_start": -1, "device_end": -1}}, "FFC_sans_bias130": {"write": {"device_start": -1, "host_queued_start": 1585629354.107097, "device_queued": -1, "device_end": -1, "host_queued_end": 1585629354.114164}, "device": "gpu", "nd_range": {"device_start": 1585629287.5232348, "device_end": 1585629287.5241954}, "cmdq": 0, "read": {"device_start": -1, "device_end": -1}}, "FFC_sans_bias28": {"write": {"device_start": -1, "host_queued_start": 1585629354.137918, "device_queued": -1, "device_end": -1, "host_queued_end": 1585629354.193277}, "device": "cpu", "nd_range": {"device_start": 2297128.4145327862, "device_end": 2297128.429745458}, "cmdq": 2, "read": {"device_start": -1, "device_end": -1}}, "FFC_sans_bias29": {"write": {"device_start": -1, "host_queued_start": 1585629354.138998, "device_queued": -1, "device_end": -1, "host_queued_end": 1585629354.193277}, "device": "cpu", "nd_range": {"device_start": 2297128.4142262363, "device_end": 2297128.429512109}, "cmdq": 3, "read": {"device_start": -1, "device_end": -1}}, "coalesced_transpose66": {"write": {"device_start": -1, "host_queued_start": 1585629354.167604, "device_queued": -1, "device_end": -1, "host_queued_end": 1585629354.193277}, "device": "cpu", "nd_range": {"device_start": 2297128.542672946, "device_end": 2297128.542912493}, "cmdq": 3, "read": {"device_start": -1, "device_end": -1}}, "coalesced_transpose93": {"write": {"device_start": -1, "host_queued_start": 1585629354.168621, "device_queued": -1, "device_end": -1, "host_queued_end": 1585629354.193277}, "device": "cpu", "nd_range": {"device_start": 2297128.522437471, "device_end": 2297128.522696401}, "cmdq": 2, "read": {"device_start": -1, "device_end": -1}}, "softmax23": {"write": {"device_start": -1, "host_queued_start": 1585629354.174113, "device_queued": -1, "device_end": -1, "host_queued_end": 1585629354.193277}, "device": "cpu", "nd_range": {"device_start": 2297128.5470617833, "device_end": 2297128.547284056}, "cmdq": 2, "read": {"device_start": -1, "device_end": -1}}, "empty62": {"write": {"device_start": -1, "host_queued_start": 1585629354.121624, "device_queued": -1, "device_end": -1, "host_queued_end": 1585629354.193277}, "device": "cpu", "nd_range": {"device_start": 2297128.383445998, "device_end": 2297128.383447538}, "cmdq": 2, "read": {"device_start": -1, "device_end": -1}}, "FFC_sans_bias10": {"write": {"device_start": -1, "host_queued_start": 1585629354.131474, "device_queued": -1, "device_end": -1, "host_queued_end": 1585629354.193277}, "device": "cpu", "nd_range": {"device_start": 2297128.399296502, "device_end": 2297128.4161894503}, "cmdq": 0, "read": {"device_start": -1, "device_end": -1}}, "FFC_sans_bias13": {"write": {"device_start": -1, "host_queued_start": 1585629354.16967, "device_queued": -1, "device_end": -1, "host_queued_end": 1585629354.193277}, "device": "cpu", "nd_range": {"device_start": 2297128.620390286, "device_end": 2297128.636783809}, "cmdq": 1, "read": {"device_start": -1, "device_end": -1}}, "FFC_sans_bias15": {"write": {"device_start": -1, "host_queued_start": 1585629354.177374, "device_queued": -1, "device_end": -1, "host_queued_end": 1585629354.193277}, "device": "cpu", "nd_range": {"device_start": 2297128.675130497, "device_end": 2297128.683300489}, "cmdq": 1, "read": {"device_start": -1, "device_end": -1}}, "FFC_sans_bias16": {"write": {"device_start": -1, "host_queued_start": 1585629354.183128, "device_queued": -1, "device_end": -1, "host_queued_end": 1585629354.193277}, "device": "cpu", "nd_range": {"device_start": 2297128.699509019, "device_end": 2297128.704756216}, "cmdq": 1, "read": {"device_start": -1, "device_end": -1}}, "FFC_sans_bias19": {"write": {"device_start": -1, "host_queued_start": 1585629354.134707, "device_queued": -1, "device_end": -1, "host_queued_end": 1585629354.193277}, "device": "cpu", "nd_range": {"device_start": 2297128.398742704, "device_end": 2297128.4140985403}, "cmdq": 3, "read": {"device_start": -1, "device_end": -1}}, "FFC_sans_bias18": {"write": {"device_start": -1, "host_queued_start": 1585629354.133614, "device_queued": -1, "device_end": -1, "host_queued_end": 1585629354.193277}, "device": "cpu", "nd_range": {"device_start": 2297128.399230028, "device_end": 2297128.4144157153}, "cmdq": 2, "read": {"device_start": -1, "device_end": -1}}, "FFC_sans_bias99": {"write": {"device_start": -1, "host_queued_start": 1585629354.162706, "device_queued": -1, "device_end": -1, "host_queued_end": 1585629354.193277}, "device": "cpu", "nd_range": {"device_start": 2297128.579651928, "device_end": 2297128.6109394333}, "cmdq": 1, "read": {"device_start": -1, "device_end": -1}}, "FFC_sans_bias91": {"write": {"device_start": -1, "host_queued_start": 1585629354.160552, "device_queued": -1, "device_end": -1, "host_queued_end": 1585629354.193277}, "device": "cpu", "nd_range": {"device_start": 2297128.491226985, "device_end": 2297128.506544325}, "cmdq": 3, "read": {"device_start": -1, "device_end": -1}}, "FFC_sans_bias90": {"write": {"device_start": -1, "host_queued_start": 1585629354.159482, "device_queued": -1, "device_end": -1, "host_queued_end": 1585629354.193277}, "device": "cpu", "nd_range": {"device_start": 2297128.491051412, "device_end": 2297128.506253566}, "cmdq": 2, "read": {"device_start": -1, "device_end": -1}}, "coalesced_transpose12": {"write": {"device_start": -1, "host_queued_start": 1585629354.165539, "device_queued": -1, "device_end": -1, "host_queued_end": 1585629354.193277}, "device": "cpu", "nd_range": {"device_start": 2297128.610946806, "device_end": 2297128.619361606}, "cmdq": 1, "read": {"device_start": -1, "device_end": -1}}, "FFC_sans_bias94": {"write": {"device_start": -1, "host_queued_start": 1585629354.172894, "device_queued": -1, "device_end": -1, "host_queued_end": 1585629354.193277}, "device": "cpu", "nd_range": {"device_start": 2297128.538585842, "device_end": 2297128.546941895}, "cmdq": 2, "read": {"device_start": -1, "device_end": -1}}, "FFC_sans_bias97": {"write": {"device_start": -1, "host_queued_start": 1585629354.192176, "device_queued": -1, "device_end": -1, "host_queued_end": 1585629354.193277}, "device": "cpu", "nd_range": {"device_start": 2297128.610240994, "device_end": 2297128.6251895363}, "cmdq": 2, "read": {"device_start": -1, "device_end": -1}}, "FFC_sans_bias96": {"write": {"device_start": -1, "host_queued_start": 1585629354.18065, "device_queued": -1, "device_end": -1, "host_queued_end": 1585629354.193277}, "device": "cpu", "nd_range": {"device_start": 2297128.5644654892, "device_end": 2297128.5798238153}, "cmdq": 2, "read": {"device_start": -1, "device_end": -1}}, "FFC_sans_bias124": {"write": {"device_start": 1585629287.5270634, "host_queued_start": 1585629354.111952, "device_queued": 1585629287.5187783, "device_end": 1585629287.5270953, "host_queued_end": 1585629354.114164}, "device": "gpu", "nd_range": {"device_start": 1585629287.5270984, "device_end": 1585629287.5279348}, "cmdq": 1, "read": {"device_start": 1585629287.52794, "device_end": 1585629287.5279632}}, "FFC_sans_bias126": {"write": {"device_start": 1585629287.5199194, "host_queued_start": 1585629354.100511, "device_queued": 1585629287.517368, "device_end": 1585629287.5199468, "host_queued_end": 1585629354.114164}, "device": "gpu", "nd_range": {"device_start": 1585629287.5199518, "device_end": 1585629287.5208035}, "cmdq": 1, "read": {"device_start": -1, "device_end": -1}}, "softmax32": {"write": {"device_start": -1, "host_queued_start": 1585629354.174399, "device_queued": -1, "device_end": -1, "host_queued_end": 1585629354.193277}, "device": "cpu", "nd_range": {"device_start": 2297128.594541592, "device_end": 2297128.594754638}, "cmdq": 3, "read": {"device_start": -1, "device_end": -1}}, "coalesced_transpose84": {"write": {"device_start": -1, "host_queued_start": 1585629354.168285, "device_queued": -1, "device_end": -1, "host_queued_end": 1585629354.193277}, "device": "cpu", "nd_range": {"device_start": 2297128.6198887113, "device_end": 2297128.6203840943}, "cmdq": 1, "read": {"device_start": -1, "device_end": -1}}, "FFC_sans_bias121": {"write": {"device_start": -1, "host_queued_start": 1585629354.106772, "device_queued": -1, "device_end": -1, "host_queued_end": 1585629354.114164}, "device": "gpu", "nd_range": {"device_start": 1585629287.5230813, "device_end": 1585629287.523688}, "cmdq": 1, "read": {"device_start": -1, "device_end": -1}}, "empty98": {"write": {"device_start": -1, "host_queued_start": 1585629354.124953, "device_queued": -1, "device_end": -1, "host_queued_end": 1585629354.193277}, "device": "cpu", "nd_range": {"device_start": 2297128.38347138, "device_end": 2297128.383472422}, "cmdq": 2, "read": {"device_start": -1, "device_end": -1}}, "empty107": {"write": {"device_start": -1, "host_queued_start": 1585629354.125936, "device_queued": -1, "device_end": -1, "host_queued_end": 1585629354.193277}, "device": "cpu", "nd_range": {"device_start": 2297128.382994343, "device_end": 2297128.382994978}, "cmdq": 3, "read": {"device_start": -1, "device_end": -1}}, "empty17": {"write": {"device_start": -1, "host_queued_start": 1585629354.116743, "device_queued": -1, "device_end": -1, "host_queued_end": 1585629354.193277}, "device": "cpu", "nd_range": {"device_start": 2297128.382907336, "device_end": 2297128.382918049}, "cmdq": 1, "read": {"device_start": -1, "device_end": -1}}, "FFC_sans_bias87": {"write": {"device_start": -1, "host_queued_start": 1585629354.180299, "device_queued": -1, "device_end": -1, "host_queued_end": 1585629354.193277}, "device": "cpu", "nd_range": {"device_start": 2297128.69420475, "device_end": 2297128.699504061}, "cmdq": 1, "read": {"device_start": -1, "device_end": -1}}, "FFC_sans_bias85": {"write": {"device_start": -1, "host_queued_start": 1585629354.172545, "device_queued": -1, "device_end": -1, "host_queued_end": 1585629354.193277}, "device": "cpu", "nd_range": {"device_start": 2297128.652408985, "device_end": 2297128.673306329}, "cmdq": 1, "read": {"device_start": -1, "device_end": -1}}, "FFC_sans_bias82": {"write": {"device_start": -1, "host_queued_start": 1585629354.157321, "device_queued": -1, "device_end": -1, "host_queued_end": 1585629354.193277}, "device": "cpu", "nd_range": {"device_start": 2297128.497611228, "device_end": 2297128.513697138}, "cmdq": 0, "read": {"device_start": -1, "device_end": -1}}, "FFC_sans_bias83": {"write": {"device_start": -1, "host_queued_start": 1585629354.158412, "device_queued": -1, "device_end": -1, "host_queued_end": 1585629354.193277}, "device": "cpu", "nd_range": {"device_start": 2297128.557516929, "device_end": 2297128.579644057}, "cmdq": 1, "read": {"device_start": -1, "device_end": -1}}, "FFC_sans_bias81": {"write": {"device_start": -1, "host_queued_start": 1585629354.15623, "device_queued": -1, "device_end": -1, "host_queued_end": 1585629354.193277}, "device": "cpu", "nd_range": {"device_start": 2297128.475874808, "device_end": 2297128.4911118574}, "cmdq": 3, "read": {"device_start": -1, "device_end": -1}}, "FFC_sans_bias88": {"write": {"device_start": -1, "host_queued_start": 1585629354.191177, "device_queued": -1, "device_end": -1, "host_queued_end": 1585629354.193277}, "device": "cpu", "nd_range": {"device_start": 2297128.710045787, "device_end": 2297128.7152672643}, "cmdq": 1, "read": {"device_start": -1, "device_end": -1}}, "coalesced_transpose30": {"write": {"device_start": -1, "host_queued_start": 1585629354.166226, "device_queued": -1, "device_end": -1, "host_queued_end": 1585629354.193277}, "device": "cpu", "nd_range": {"device_start": 2297128.522069354, "device_end": 2297128.5223403303}, "cmdq": 3, "read": {"device_start": -1, "device_end": -1}}, "FFC_sans_bias128": {"write": {"device_start": 1585629287.5194788, "host_queued_start": 1585629354.099462, "device_queued": 1585629287.5173268, "device_end": 1585629287.5195055, "host_queued_end": 1585629354.114164}, "device": "gpu", "nd_range": {"device_start": 1585629287.5195105, "device_end": 1585629287.5202858}, "cmdq": 0, "read": {"device_start": -1, "device_end": -1}}, "coalesced_transpose39": {"write": {"device_start": -1, "host_queued_start": 1585629354.166566, "device_queued": -1, "device_end": -1, "host_queued_end": 1585629354.193277}, "device": "cpu", "nd_range": {"device_start": 2297128.52667539, "device_end": 2297128.5269261403}, "cmdq": 0, "read": {"device_start": -1, "device_end": -1}}, "FFC_sans_bias79": {"write": {"device_start": -1, "host_queued_start": 1585629354.19015, "device_queued": -1, "device_end": -1, "host_queued_end": 1585629354.193277}, "device": "cpu", "nd_range": {"device_start": 2297128.669728369, "device_end": 2297128.6835715054}, "cmdq": 0, "read": {"device_start": -1, "device_end": -1}}, "FFC_sans_bias78": {"write": {"device_start": -1, "host_queued_start": 1585629354.179938, "device_queued": -1, "device_end": -1, "host_queued_end": 1585629354.193277}, "device": "cpu", "nd_range": {"device_start": 2297128.641888216, "device_end": 2297128.650589888}, "cmdq": 0, "read": {"device_start": -1, "device_end": -1}}, "FFC_sans_bias73": {"write": {"device_start": -1, "host_queued_start": 1585629354.154074, "device_queued": -1, "device_end": -1, "host_queued_end": 1585629354.193277}, "device": "cpu", "nd_range": {"device_start": 2297128.539174904, "device_end": 2297128.55750661}, "cmdq": 1, "read": {"device_start": -1, "device_end": -1}}, "FFC_sans_bias72": {"write": {"device_start": -1, "host_queued_start": 1585629354.153005, "device_queued": -1, "device_end": -1, "host_queued_end": 1585629354.193277}, "device": "cpu", "nd_range": {"device_start": 2297128.481846684, "device_end": 2297128.4974799883}, "cmdq": 0, "read": {"device_start": -1, "device_end": -1}}, "FFC_sans_bias70": {"write": {"device_start": -1, "host_queued_start": 1585629354.18915, "device_queued": -1, "device_end": -1, "host_queued_end": 1585629354.193277}, "device": "cpu", "nd_range": {"device_start": 2297128.664050299, "device_end": 2297128.677846981}, "cmdq": 3, "read": {"device_start": -1, "device_end": -1}}, "FFC_sans_bias76": {"write": {"device_start": -1, "host_queued_start": 1585629354.172192, "device_queued": -1, "device_end": -1, "host_queued_end": 1585629354.193277}, "device": "cpu", "nd_range": {"device_start": 2297128.591599946, "device_end": 2297128.60699959}, "cmdq": 0, "read": {"device_start": -1, "device_end": -1}}, "FFC_sans_bias74": {"write": {"device_start": -1, "host_queued_start": 1585629354.155165, "device_queued": -1, "device_end": -1, "host_queued_end": 1585629354.193277}, "device": "cpu", "nd_range": {"device_start": 2297128.4757657703, "device_end": 2297128.4909296003}, "cmdq": 2, "read": {"device_start": -1, "device_end": -1}}, "coalesced_transpose102": {"write": {"device_start": -1, "host_queued_start": 1585629354.168961, "device_queued": -1, "device_end": -1, "host_queued_end": 1585629354.193277}, "device": "cpu", "nd_range": {"device_start": 2297128.543034629, "device_end": 2297128.54328599}, "cmdq": 3, "read": {"device_start": -1, "device_end": -1}}, "coalesced_transpose3": {"write": {"device_start": -1, "host_queued_start": 1585629354.165194, "device_queued": -1, "device_end": -1, "host_queued_end": 1585629354.193277}, "device": "cpu", "nd_range": {"device_start": 2297128.5263129342, "device_end": 2297128.526565262}, "cmdq": 0, "read": {"device_start": -1, "device_end": -1}}, "FFC_sans_bias127": {"write": {"device_start": 1585629287.5204208, "host_queued_start": 1585629354.101566, "device_queued": 1585629287.5175536, "device_end": 1585629287.5204453, "host_queued_end": 1585629354.114164}, "device": "gpu", "nd_range": {"device_start": 1585629287.5204492, "device_end": 1585629287.5212557}, "cmdq": 0, "read": {"device_start": -1, "device_end": -1}}, "empty89": {"write": {"device_start": -1, "host_queued_start": 1585629354.124135, "device_queued": -1, "device_end": -1, "host_queued_end": 1585629354.193277}, "device": "cpu", "nd_range": {"device_start": 2297128.3829511493, "device_end": 2297128.382951997}, "cmdq": 1, "read": {"device_start": -1, "device_end": -1}}, "FFC_sans_bias123": {"write": {"device_start": -1, "host_queued_start": 1585629354.109211, "device_queued": -1, "device_end": -1, "host_queued_end": 1585629354.114164}, "device": "gpu", "nd_range": {"device_start": 1585629287.525211, "device_end": 1585629287.525955}, "cmdq": 1, "read": {"device_start": -1, "device_end": -1}}, "empty80": {"write": {"device_start": -1, "host_queued_start": 1585629354.123306, "device_queued": -1, "device_end": -1, "host_queued_end": 1585629354.193277}, "device": "cpu", "nd_range": {"device_start": 2297128.3829508033, "device_end": 2297128.3829516643}, "cmdq": 0, "read": {"device_start": -1, "device_end": -1}}, "empty116": {"write": {"device_start": 1585629287.5162396, "host_queued_start": 1585629354.089227, "device_queued": 1585629287.5161088, "device_end": 1585629287.5162675, "host_queued_end": 1585629354.114164}, "device": "gpu", "nd_range": {"device_start": 1585629287.516274, "device_end": 1585629287.516279}, "cmdq": 0, "read": {"device_start": -1, "device_end": -1}}, "softmax104": {"write": {"device_start": -1, "host_queued_start": 1585629354.176661, "device_queued": -1, "device_end": -1, "host_queued_end": 1585629354.193277}, "device": "cpu", "nd_range": {"device_start": 2297128.595179973, "device_end": 2297128.595368192}, "cmdq": 3, "read": {"device_start": -1, "device_end": -1}}, "coalesced_transpose21": {"write": {"device_start": -1, "host_queued_start": 1585629354.165884, "device_queued": -1, "device_end": -1, "host_queued_end": 1585629354.193277}, "device": "cpu", "nd_range": {"device_start": 2297128.5217253882, "device_end": 2297128.5219742362}, "cmdq": 2, "read": {"device_start": -1, "device_end": -1}}, "softmax14": {"write": {"device_start": -1, "host_queued_start": 1585629354.173828, "device_queued": -1, "device_end": -1, "host_queued_end": 1585629354.193277}, "device": "cpu", "nd_range": {"device_start": 2297128.673314282, "device_end": 2297128.674512252}, "cmdq": 1, "read": {"device_start": -1, "device_end": -1}}, "FFC_sans_bias69": {"write": {"device_start": -1, "host_queued_start": 1585629354.179586, "device_queued": -1, "device_end": -1, "host_queued_end": 1585629354.193277}, "device": "cpu", "nd_range": {"device_start": 2297128.619220002, "device_end": 2297128.631127194}, "cmdq": 3, "read": {"device_start": -1, "device_end": -1}}, "FFC_sans_bias92": {"write": {"device_start": -1, "host_queued_start": 1585629354.161624, "device_queued": -1, "device_end": -1, "host_queued_end": 1585629354.193277}, "device": "cpu", "nd_range": {"device_start": 2297128.513706645, "device_end": 2297128.526192399}, "cmdq": 0, "read": {"device_start": -1, "device_end": -1}}, "FFC_sans_bias60": {"write": {"device_start": -1, "host_queued_start": 1585629354.179232, "device_queued": -1, "device_end": -1, "host_queued_end": 1585629354.193277}, "device": "cpu", "nd_range": {"device_start": 2297128.556833321, "device_end": 2297128.56445865}, "cmdq": 2, "read": {"device_start": -1, "device_end": -1}}, "FFC_sans_bias61": {"write": {"device_start": -1, "host_queued_start": 1585629354.188146, "device_queued": -1, "device_end": -1, "host_queued_end": 1585629354.193277}, "device": "cpu", "nd_range": {"device_start": 2297128.595014112, "device_end": 2297128.610236491}, "cmdq": 2, "read": {"device_start": -1, "device_end": -1}}, "FFC_sans_bias63": {"write": {"device_start": -1, "host_queued_start": 1585629354.151938, "device_queued": -1, "device_end": -1, "host_queued_end": 1585629354.193277}, "device": "cpu", "nd_range": {"device_start": 2297128.460558732, "device_end": 2297128.4757561763}, "cmdq": 3, "read": {"device_start": -1, "device_end": -1}}, "FFC_sans_bias64": {"write": {"device_start": -1, "host_queued_start": 1585629354.149786, "device_queued": -1, "device_end": -1, "host_queued_end": 1585629354.193277}, "device": "cpu", "nd_range": {"device_start": 2297128.5250754803, "device_end": 2297128.539164321}, "cmdq": 1, "read": {"device_start": -1, "device_end": -1}}, "FFC_sans_bias65": {"write": {"device_start": -1, "host_queued_start": 1585629354.150869, "device_queued": -1, "device_end": -1, "host_queued_end": 1585629354.193277}, "device": "cpu", "nd_range": {"device_start": 2297128.460457678, "device_end": 2297128.475635225}, "cmdq": 2, "read": {"device_start": -1, "device_end": -1}}, "FFC_sans_bias67": {"write": {"device_start": -1, "host_queued_start": 1585629354.171792, "device_queued": -1, "device_end": -1, "host_queued_end": 1585629354.193277}, "device": "cpu", "nd_range": {"device_start": 2297128.561466435, "device_end": 2297128.577777196}, "cmdq": 3, "read": {"device_start": -1, "device_end": -1}}, "coalesced_transpose111": {"write": {"device_start": -1, "host_queued_start": 1585629354.105155, "device_queued": -1, "device_end": -1, "host_queued_end": 1585629354.114164}, "device": "gpu", "nd_range": {"device_start": 1585629287.5222201, "device_end": 1585629287.522612}, "cmdq": 0, "read": {"device_start": -1, "device_end": -1}}, "FFC_sans_bias136": {"write": {"device_start": 1585629287.5209155, "host_queued_start": 1585629354.102671, "device_queued": 1585629287.517599, "device_end": 1585629287.5209486, "host_queued_end": 1585629354.114164}, "device": "gpu", "nd_range": {"device_start": 1585629287.5209532, "device_end": 1585629287.5217931}, "cmdq": 1, "read": {"device_start": -1, "device_end": -1}}, "FFC_sans_bias135": {"write": {"device_start": 1585629287.521914, "host_queued_start": 1585629354.104819, "device_queued": 1585629287.517792, "device_end": 1585629287.5219462, "host_queued_end": 1585629354.114164}, "device": "gpu", "nd_range": {"device_start": 1585629287.5219522, "device_end": 1585629287.5227337}, "cmdq": 1, "read": {"device_start": -1, "device_end": -1}}, "FFC_sans_bias133": {"write": {"device_start": 1585629287.527698, "host_queued_start": 1585629354.113008, "device_queued": 1585629287.5189965, "device_end": 1585629287.5277288, "host_queued_end": 1585629354.114164}, "device": "gpu", "nd_range": {"device_start": 1585629287.5277328, "device_end": 1585629287.5284185}, "cmdq": 0, "read": {"device_start": 1585629287.5284252, "device_end": 1585629287.5284479}}, "FFC_sans_bias132": {"write": {"device_start": -1, "host_queued_start": 1585629354.109532, "device_queued": -1, "device_end": -1, "host_queued_end": 1585629354.114164}, "device": "gpu", "nd_range": {"device_start": 1585629287.5255518, "device_end": 1585629287.5265214}, "cmdq": 0, "read": {"device_start": -1, "device_end": -1}}, "softmax68": {"write": {"device_start": -1, "host_queued_start": 1585629354.175536, "device_queued": -1, "device_end": -1, "host_queued_end": 1585629354.193277}, "device": "cpu", "nd_range": {"device_start": 2297128.5948644853, "device_end": 2297128.5950724543}, "cmdq": 3, "read": {"device_start": -1, "device_end": -1}}, "softmax131": {"write": {"device_start": -1, "host_queued_start": 1585629354.108195, "device_queued": -1, "device_end": -1, "host_queued_end": 1585629354.114164}, "device": "gpu", "nd_range": {"device_start": 1585629287.5247357, "device_end": 1585629287.5249422}, "cmdq": 0, "read": {"device_start": -1, "device_end": -1}}, "empty125": {"write": {"device_start": 1585629287.5163624, "host_queued_start": 1585629354.090329, "device_queued": 1585629287.5162747, "device_end": 1585629287.5164328, "host_queued_end": 1585629354.114164}, "device": "gpu", "nd_range": {"device_start": 1585629287.516441, "device_end": 1585629287.5164454}, "cmdq": 1, "read": {"device_start": -1, "device_end": -1}}, "FFC_sans_bias139": {"write": {"device_start": -1, "host_queued_start": 1585629354.107438, "device_queued": -1, "device_end": -1, "host_queued_end": 1585629354.114164}, "device": "gpu", "nd_range": {"device_start": 1585629287.523689, "device_end": 1585629287.5246756}, "cmdq": 1, "read": {"device_start": -1, "device_end": -1}}, "empty35": {"write": {"device_start": -1, "host_queued_start": 1585629354.11881, "device_queued": -1, "device_end": -1, "host_queued_end": 1585629354.193277}, "device": "cpu", "nd_range": {"device_start": 2297128.382957362, "device_end": 2297128.382962679}, "cmdq": 3, "read": {"device_start": -1, "device_end": -1}}, "softmax86": {"write": {"device_start": -1, "host_queued_start": 1585629354.176094, "device_queued": -1, "device_end": -1, "host_queued_end": 1585629354.193277}, "device": "cpu", "nd_range": {"device_start": 2297128.674918003, "device_end": 2297128.6751245963}, "cmdq": 1, "read": {"device_start": -1, "device_end": -1}}, "FFC_sans_bias55": {"write": {"device_start": -1, "host_queued_start": 1585629354.148638, "device_queued": -1, "device_end": -1, "host_queued_end": 1585629354.193277}, "device": "cpu", "nd_range": {"device_start": 2297128.46481574, "device_end": 2297128.48171309}, "cmdq": 0, "read": {"device_start": -1, "device_end": -1}}, "FFC_sans_bias54": {"write": {"device_start": -1, "host_queued_start": 1585629354.147578, "device_queued": -1, "device_end": -1, "host_queued_end": 1585629354.193277}, "device": "cpu", "nd_range": {"device_start": 2297128.445038285, "device_end": 2297128.460436872}, "cmdq": 3, "read": {"device_start": -1, "device_end": -1}}, "FFC_sans_bias56": {"write": {"device_start": -1, "host_queued_start": 1585629354.146516, "device_queued": -1, "device_end": -1, "host_queued_end": 1585629354.193277}, "device": "cpu", "nd_range": {"device_start": 2297128.4451400563, "device_end": 2297128.4603323173}, "cmdq": 2, "read": {"device_start": -1, "device_end": -1}}, "FFC_sans_bias51": {"write": {"device_start": -1, "host_queued_start": 1585629354.178868, "device_queued": -1, "device_end": -1, "host_queued_end": 1585629354.193277}, "device": "cpu", "nd_range": {"device_start": 2297128.683306864, "device_end": 2297128.694198992}, "cmdq": 1, "read": {"device_start": -1, "device_end": -1}}, "FFC_sans_bias52": {"write": {"device_start": -1, "host_queued_start": 1585629354.187138, "device_queued": -1, "device_end": -1, "host_queued_end": 1585629354.193277}, "device": "cpu", "nd_range": {"device_start": 2297128.70476173, "device_end": 2297128.710040998}, "cmdq": 1, "read": {"device_start": -1, "device_end": -1}}, "FFC_sans_bias58": {"write": {"device_start": -1, "host_queued_start": 1585629354.171438, "device_queued": -1, "device_end": -1, "host_queued_end": 1585629354.193277}, "device": "cpu", "nd_range": {"device_start": 2297128.533293323, "device_end": 2297128.538580284}, "cmdq": 2, "read": {"device_start": -1, "device_end": -1}}, "FFC_sans_bias108": {"write": {"device_start": 1585629287.5167356, "host_queued_start": 1585629354.093092, "device_queued": 1585629287.5166376, "device_end": 1585629287.516798, "host_queued_end": 1585629354.114164}, "device": "gpu", "nd_range": {"device_start": 1585629287.5168016, "device_end": 1585629287.5174026}, "cmdq": 0, "read": {"device_start": -1, "device_end": -1}}, "FFC_sans_bias109": {"write": {"device_start": 1585629287.5168335, "host_queued_start": 1585629354.094088, "device_queued": 1585629287.5166922, "device_end": 1585629287.5168657, "host_queued_end": 1585629354.114164}, "device": "gpu", "nd_range": {"device_start": 1585629287.5168679, "device_end": 1585629287.5178137}, "cmdq": 1, "read": {"device_start": -1, "device_end": -1}}, "coalesced_transpose129": {"write": {"device_start": -1, "host_queued_start": 1585629354.10578, "device_queued": -1, "device_end": -1, "host_queued_end": 1585629354.114164}, "device": "gpu", "nd_range": {"device_start": 1585629287.5226133, "device_end": 1585629287.5226288}, "cmdq": 0, "read": {"device_start": -1, "device_end": -1}}, "FFC_sans_bias103": {"write": {"device_start": -1, "host_queued_start": 1585629354.173252, "device_queued": -1, "device_end": -1, "host_queued_end": 1585629354.193277}, "device": "cpu", "nd_range": {"device_start": 2297128.5778918513, "device_end": 2297128.594430081}, "cmdq": 3, "read": {"device_start": -1, "device_end": -1}}, "FFC_sans_bias100": {"write": {"device_start": -1, "host_queued_start": 1585629354.163781, "device_queued": -1, "device_end": -1, "host_queued_end": 1585629354.193277}, "device": "cpu", "nd_range": {"device_start": 2297128.506378367, "device_end": 2297128.521606148}, "cmdq": 2, "read": {"device_start": -1, "device_end": -1}}, "FFC_sans_bias101": {"write": {"device_start": -1, "host_queued_start": 1585629354.164852, "device_queued": -1, "device_end": -1, "host_queued_end": 1585629354.193277}, "device": "cpu", "nd_range": {"device_start": 2297128.506664087, "device_end": 2297128.522054153}, "cmdq": 3, "read": {"device_start": -1, "device_end": -1}}, "FFC_sans_bias106": {"write": {"device_start": -1, "host_queued_start": 1585629354.19323, "device_queued": -1, "device_end": -1, "host_queued_end": 1585629354.193277}, "device": "cpu", "nd_range": {"device_start": 2297128.6778536104, "device_end": 2297128.690960233}, "cmdq": 3, "read": {"device_start": -1, "device_end": -1}}, "softmax122": {"write": {"device_start": -1, "host_queued_start": 1585629354.107947, "device_queued": -1, "device_end": -1, "host_queued_end": 1585629354.114164}, "device": "gpu", "nd_range": {"device_start": 1585629287.5246768, "device_end": 1585629287.5248852}, "cmdq": 1, "read": {"device_start": -1, "device_end": -1}}, "FFC_sans_bias105": {"write": {"device_start": -1, "host_queued_start": 1585629354.181002, "device_queued": -1, "device_end": -1, "host_queued_end": 1585629354.193277}, "device": "cpu", "nd_range": {"device_start": 2297128.631239103, "device_end": 2297128.6527157472}, "cmdq": 3, "read": {"device_start": -1, "device_end": -1}}, "softmax95": {"write": {"device_start": -1, "host_queued_start": 1585629354.176379, "device_queued": -1, "device_end": -1, "host_queued_end": 1585629354.193277}, "device": "cpu", "nd_range": {"device_start": 2297128.547707979, "device_end": 2297128.547912797}, "cmdq": 2, "read": {"device_start": -1, "device_end": -1}}, "coalesced_transpose57": {"write": {"device_start": -1, "host_queued_start": 1585629354.167263, "device_queued": -1, "device_end": -1, "host_queued_end": 1585629354.193277}, "device": "cpu", "nd_range": {"device_start": 2297128.522173242, "device_end": 2297128.522425175}, "cmdq": 2, "read": {"device_start": -1, "device_end": -1}}, "empty26": {"write": {"device_start": -1, "host_queued_start": 1585629354.117807, "device_queued": -1, "device_end": -1, "host_queued_end": 1585629354.193277}, "device": "cpu", "nd_range": {"device_start": 2297128.383420438, "device_end": 2297128.3834242183}, "cmdq": 2, "read": {"device_start": -1, "device_end": -1}}, "softmax113": {"write": {"device_start": -1, "host_queued_start": 1585629354.107693, "device_queued": -1, "device_end": -1, "host_queued_end": 1585629354.114164}, "device": "gpu", "nd_range": {"device_start": 1585629287.5241964, "device_end": 1585629287.5247345}, "cmdq": 0, "read": {"device_start": -1, "device_end": -1}}, "FFC_sans_bias11": {"write": {"device_start": -1, "host_queued_start": 1585629354.13255, "device_queued": -1, "device_end": -1, "host_queued_end": 1585629354.193277}, "device": "cpu", "nd_range": {"device_start": 2297128.402391348, "device_end": 2297128.4272115803}, "cmdq": 1, "read": {"device_start": -1, "device_end": -1}}, "FFC_sans_bias42": {"write": {"device_start": -1, "host_queued_start": 1585629354.178464, "device_queued": -1, "device_end": -1, "host_queued_end": 1585629354.193277}, "device": "cpu", "nd_range": {"device_start": 2297128.629484715, "device_end": 2297128.641878412}, "cmdq": 0, "read": {"device_start": -1, "device_end": -1}}, "FFC_sans_bias43": {"write": {"device_start": -1, "host_queued_start": 1585629354.186134, "device_queued": -1, "device_end": -1, "host_queued_end": 1585629354.193277}, "device": "cpu", "nd_range": {"device_start": 2297128.6582333483, "device_end": 2297128.669725507}, "cmdq": 0, "read": {"device_start": -1, "device_end": -1}}, "FFC_sans_bias40": {"write": {"device_start": -1, "host_queued_start": 1585629354.170733, "device_queued": -1, "device_end": -1, "host_queued_end": 1585629354.193277}, "device": "cpu", "nd_range": {"device_start": 2297128.576334258, "device_end": 2297128.591591854}, "cmdq": 0, "read": {"device_start": -1, "device_end": -1}}, "FFC_sans_bias46": {"write": {"device_start": -1, "host_queued_start": 1585629354.144382, "device_queued": -1, "device_end": -1, "host_queued_end": 1585629354.193277}, "device": "cpu", "nd_range": {"device_start": 2297128.4484856892, "device_end": 2297128.4646940404}, "cmdq": 0, "read": {"device_start": -1, "device_end": -1}}, "FFC_sans_bias47": {"write": {"device_start": -1, "host_queued_start": 1585629354.145453, "device_queued": -1, "device_end": -1, "host_queued_end": 1585629354.193277}, "device": "cpu", "nd_range": {"device_start": 2297128.494315612, "device_end": 2297128.519323939}, "cmdq": 1, "read": {"device_start": -1, "device_end": -1}}, "FFC_sans_bias45": {"write": {"device_start": -1, "host_queued_start": 1585629354.143321, "device_queued": -1, "device_end": -1, "host_queued_end": 1585629354.193277}, "device": "cpu", "nd_range": {"device_start": 2297128.4296354163, "device_end": 2297128.444903222}, "cmdq": 3, "read": {"device_start": -1, "device_end": -1}}, "FFC_sans_bias49": {"write": {"device_start": -1, "host_queued_start": 1585629354.171086, "device_queued": -1, "device_end": -1, "host_queued_end": 1585629354.193277}, "device": "cpu", "nd_range": {"device_start": 2297128.636791123, "device_end": 2297128.652402319}, "cmdq": 1, "read": {"device_start": -1, "device_end": -1}}, "softmax77": {"write": {"device_start": -1, "host_queued_start": 1585629354.175816, "device_queued": -1, "device_end": -1, "host_queued_end": 1585629354.193277}, "device": "cpu", "nd_range": {"device_start": 2297128.60744599, "device_end": 2297128.607650354}, "cmdq": 0, "read": {"device_start": -1, "device_end": -1}}, "empty134": {"write": {"device_start": 1585629287.516488, "host_queued_start": 1585629354.091228, "device_queued": 1585629287.5163205, "device_end": 1585629287.516538, "host_queued_end": 1585629354.114164}, "device": "gpu", "nd_range": {"device_start": 1585629287.5165462, "device_end": 1585629287.51655}, "cmdq": 0, "read": {"device_start": -1, "device_end": -1}}, "coalesced_transpose138": {"write": {"device_start": -1, "host_queued_start": 1585629354.106088, "device_queued": -1, "device_end": -1, "host_queued_end": 1585629354.114164}, "device": "gpu", "nd_range": {"device_start": 1585629287.5230548, "device_end": 1585629287.52308}, "cmdq": 1, "read": {"device_start": -1, "device_end": -1}}, "FFC_sans_bias119": {"write": {"device_start": 1585629287.5189183, "host_queued_start": 1585629354.098378, "device_queued": 1585629287.5171635, "device_end": 1585629287.5189507, "host_queued_end": 1585629354.114164}, "device": "gpu", "nd_range": {"device_start": 1585629287.5189564, "device_end": 1585629287.5198112}, "cmdq": 1, "read": {"device_start": -1, "device_end": -1}}, "FFC_sans_bias118": {"write": {"device_start": 1585629287.5185075, "host_queued_start": 1585629354.097329, "device_queued": 1585629287.5171053, "device_end": 1585629287.518539, "host_queued_end": 1585629354.114164}, "device": "gpu", "nd_range": {"device_start": 1585629287.518544, "device_end": 1585629287.5193262}, "cmdq": 0, "read": {"device_start": -1, "device_end": -1}}, "empty143": {"write": {"device_start": 1585629287.5165765, "host_queued_start": 1585629354.092049, "device_queued": 1585629287.5163598, "device_end": 1585629287.5166025, "host_queued_end": 1585629354.114164}, "device": "gpu", "nd_range": {"device_start": 1585629287.516607, "device_end": 1585629287.516616}, "cmdq": 1, "read": {"device_start": -1, "device_end": -1}}, "FFC_sans_bias115": {"write": {"device_start": 1585629287.5266485, "host_queued_start": 1585629354.110891, "device_queued": 1585629287.5187366, "device_end": 1585629287.5266783, "host_queued_end": 1585629354.114164}, "device": "gpu", "nd_range": {"device_start": 1585629287.5266812, "device_end": 1585629287.5274749}, "cmdq": 0, "read": {"device_start": 1585629287.5274832, "device_end": 1585629287.5275075}}, "FFC_sans_bias114": {"write": {"device_start": -1, "host_queued_start": 1585629354.108892, "device_queued": -1, "device_end": -1, "host_queued_end": 1585629354.114164}, "device": "gpu", "nd_range": {"device_start": 1585629287.5249434, "device_end": 1585629287.5255506}, "cmdq": 0, "read": {"device_start": -1, "device_end": -1}}, "FFC_sans_bias117": {"write": {"device_start": 1585629287.5179124, "host_queued_start": 1585629354.096277, "device_queued": 1585629287.5169563, "device_end": 1585629287.5179443, "host_queued_end": 1585629354.114164}, "device": "gpu", "nd_range": {"device_start": 1585629287.5179477, "device_end": 1585629287.5188105}, "cmdq": 1, "read": {"device_start": -1, "device_end": -1}}, "softmax5": {"write": {"device_start": -1, "host_queued_start": 1585629354.173543, "device_queued": -1, "device_end": -1, "host_queued_end": 1585629354.193277}, "device": "cpu", "nd_range": {"device_start": 2297128.607009184, "device_end": 2297128.607224048}, "cmdq": 0, "read": {"device_start": -1, "device_end": -1}}, "FFC_sans_bias110": {"write": {"device_start": 1585629287.5175, "host_queued_start": 1585629354.095216, "device_queued": 1585629287.5168974, "device_end": 1585629287.5175304, "host_queued_end": 1585629354.114164}, "device": "gpu", "nd_range": {"device_start": 1585629287.517534, "device_end": 1585629287.518366}, "cmdq": 0, "read": {"device_start": -1, "device_end": -1}}, "FFC_sans_bias112": {"write": {"device_start": -1, "host_queued_start": 1585629354.106412, "device_queued": -1, "device_end": -1, "host_queued_end": 1585629354.114164}, "device": "gpu", "nd_range": {"device_start": 1585629287.52263, "device_end": 1585629287.5232334}, "cmdq": 0, "read": {"device_start": -1, "device_end": -1}}, "empty53": {"write": {"device_start": -1, "host_queued_start": 1585629354.120815, "device_queued": -1, "device_end": -1, "host_queued_end": 1585629354.193277}, "device": "cpu", "nd_range": {"device_start": 2297128.382942804, "device_end": 2297128.382944207}, "cmdq": 1, "read": {"device_start": -1, "device_end": -1}}, "coalesced_transpose48": {"write": {"device_start": -1, "host_queued_start": 1585629354.166917, "device_queued": -1, "device_end": -1, "host_queued_end": 1585629354.193277}, "device": "cpu", "nd_range": {"device_start": 2297128.61937052, "device_end": 2297128.6198832863}, "cmdq": 1, "read": {"device_start": -1, "device_end": -1}}}