{"FFC_sans_bias4": {"write": {"device_start": -1, "host_queued_start": 1585629562.138883, "device_queued": -1, "device_end": -1, "host_queued_end": 1585629562.164473}, "device": "cpu", "nd_range": {"device_start": 2297336.5366732352, "device_end": 2297336.555194493}, "cmdq": 2, "read": {"device_start": -1, "device_end": -1}}, "FFC_sans_bias7": {"write": {"device_start": -1, "host_queued_start": 1585629562.152359, "device_queued": -1, "device_end": -1, "host_queued_end": 1585629562.164473}, "device": "cpu", "nd_range": {"device_start": 2297336.67332668, "device_end": 2297336.688601667}, "cmdq": 2, "read": {"device_start": -1, "device_end": -1}}, "FFC_sans_bias6": {"write": {"device_start": -1, "host_queued_start": 1585629562.147033, "device_queued": -1, "device_end": -1, "host_queued_end": 1585629562.164473}, "device": "cpu", "nd_range": {"device_start": 2297336.598175406, "device_end": 2297336.606771088}, "cmdq": 1, "read": {"device_start": -1, "device_end": -1}}, "FFC_sans_bias1": {"write": {"device_start": -1, "host_queued_start": 1585629562.094558, "device_queued": -1, "device_end": -1, "host_queued_end": 1585629562.164473}, "device": "cpu", "nd_range": {"device_start": 2297336.354197087, "device_end": 2297336.366160502}, "cmdq": 2, "read": {"device_start": -1, "device_end": -1}}, "FFC_sans_bias0": {"write": {"device_start": -1, "host_queued_start": 1585629562.093508, "device_queued": -1, "device_end": -1, "host_queued_end": 1585629562.164473}, "device": "cpu", "nd_range": {"device_start": 2297336.354156842, "device_end": 2297336.36294084}, "cmdq": 1, "read": {"device_start": -1, "device_end": -1}}, "FFC_sans_bias2": {"write": {"device_start": -1, "host_queued_start": 1585629562.095641, "device_queued": -1, "device_end": -1, "host_queued_end": 1585629562.164473}, "device": "cpu", "nd_range": {"device_start": 2297336.3541675024, "device_end": 2297336.371718582}, "cmdq": 0, "read": {"device_start": -1, "device_end": -1}}, "coalesced_transpose120": {"write": {"device_start": -1, "host_queued_start": 1585629562.073505, "device_queued": -1, "device_end": -1, "host_queued_end": 1585629562.080185}, "device": "gpu", "nd_range": {"device_start": 1585629495.4807076, "device_end": 1585629495.4815648}, "cmdq": 0, "read": {"device_start": -1, "device_end": -1}}, "FFC_sans_bias9": {"write": {"device_start": -1, "host_queued_start": 1585629562.0967, "device_queued": -1, "device_end": -1, "host_queued_end": 1585629562.164473}, "device": "cpu", "nd_range": {"device_start": 2297336.364663959, "device_end": 2297336.372323662}, "cmdq": 1, "read": {"device_start": -1, "device_end": -1}}, "empty71": {"write": {"device_start": -1, "host_queued_start": 1585629562.088252, "device_queued": -1, "device_end": -1, "host_queued_end": 1585629562.164473}, "device": "cpu", "nd_range": {"device_start": 2297336.354145843, "device_end": 2297336.354146609}, "cmdq": 1, "read": {"device_start": -1, "device_end": -1}}, "softmax41": {"write": {"device_start": -1, "host_queued_start": 1585629562.144466, "device_queued": -1, "device_end": -1, "host_queued_end": 1585629562.164473}, "device": "cpu", "nd_range": {"device_start": 2297336.590025165, "device_end": 2297336.5902392874}, "cmdq": 1, "read": {"device_start": -1, "device_end": -1}}, "FFC_sans_bias37": {"write": {"device_start": -1, "host_queued_start": 1585629562.107366, "device_queued": -1, "device_end": -1, "host_queued_end": 1585629562.164473}, "device": "cpu", "nd_range": {"device_start": 2297336.415605502, "device_end": 2297336.423453589}, "cmdq": 2, "read": {"device_start": -1, "device_end": -1}}, "FFC_sans_bias36": {"write": {"device_start": -1, "host_queued_start": 1585629562.106302, "device_queued": -1, "device_end": -1, "host_queued_end": 1585629562.164473}, "device": "cpu", "nd_range": {"device_start": 2297336.39175, "device_end": 2297336.404163281}, "cmdq": 1, "read": {"device_start": -1, "device_end": -1}}, "FFC_sans_bias34": {"write": {"device_start": -1, "host_queued_start": 1585629562.155404, "device_queued": -1, "device_end": -1, "host_queued_end": 1585629562.164473}, "device": "cpu", "nd_range": {"device_start": 2297336.688610978, "device_end": 2297336.7005391084}, "cmdq": 2, "read": {"device_start": -1, "device_end": -1}}, "FFC_sans_bias33": {"write": {"device_start": -1, "host_queued_start": 1585629562.148081, "device_queued": -1, "device_end": -1, "host_queued_end": 1585629562.164473}, "device": "cpu", "nd_range": {"device_start": 2297336.606786792, "device_end": 2297336.616395081}, "cmdq": 1, "read": {"device_start": -1, "device_end": -1}}, "FFC_sans_bias31": {"write": {"device_start": -1, "host_queued_start": 1585629562.139916, "device_queued": -1, "device_end": -1, "host_queued_end": 1585629562.164473}, "device": "cpu", "nd_range": {"device_start": 2297336.555308627, "device_end": 2297336.5707666003}, "cmdq": 2, "read": {"device_start": -1, "device_end": -1}}, "FFC_sans_bias38": {"write": {"device_start": -1, "host_queued_start": 1585629562.108428, "device_queued": -1, "device_end": -1, "host_queued_end": 1585629562.164473}, "device": "cpu", "nd_range": {"device_start": 2297336.415398599, "device_end": 2297336.434045257}, "cmdq": 0, "read": {"device_start": -1, "device_end": -1}}, "coalesced_transpose75": {"write": {"device_start": -1, "host_queued_start": 1585629562.137202, "device_queued": -1, "device_end": -1, "host_queued_end": 1585629562.164473}, "device": "cpu", "nd_range": {"device_start": 2297336.526683301, "device_end": 2297336.526877982}, "cmdq": 0, "read": {"device_start": -1, "device_end": -1}}, "softmax140": {"write": {"device_start": -1, "host_queued_start": 1585629562.075848, "device_queued": -1, "device_end": -1, "host_queued_end": 1585629562.080185}, "device": "gpu", "nd_range": {"device_start": 1585629495.4831498, "device_end": 1585629495.4837751}, "cmdq": 2, "read": {"device_start": -1, "device_end": -1}}, "empty44": {"write": {"device_start": -1, "host_queued_start": 1585629562.085667, "device_queued": -1, "device_end": -1, "host_queued_end": 1585629562.164473}, "device": "cpu", "nd_range": {"device_start": 2297336.354139024, "device_end": 2297336.3541403143}, "cmdq": 1, "read": {"device_start": -1, "device_end": -1}}, "FFC_sans_bias137": {"write": {"device_start": 1585629495.4798658, "host_queued_start": 1585629562.072125, "device_queued": 1585629495.4779544, "device_end": 1585629495.479891, "host_queued_end": 1585629562.080185}, "device": "gpu", "nd_range": {"device_start": 1585629495.4798968, "device_end": 1585629495.4812024}, "cmdq": 1, "read": {"device_start": -1, "device_end": -1}}, "empty8": {"write": {"device_start": -1, "host_queued_start": 1585629562.081669, "device_queued": -1, "device_end": -1, "host_queued_end": 1585629562.164473}, "device": "cpu", "nd_range": {"device_start": 2297336.354103942, "device_end": 2297336.354115404}, "cmdq": 0, "read": {"device_start": -1, "device_end": -1}}, "softmax50": {"write": {"device_start": -1, "host_queued_start": 1585629562.14474, "device_queued": -1, "device_end": -1, "host_queued_end": 1585629562.164473}, "device": "cpu", "nd_range": {"device_start": 2297336.6100417613, "device_end": 2297336.610252067}, "cmdq": 2, "read": {"device_start": -1, "device_end": -1}}, "softmax59": {"write": {"device_start": -1, "host_queued_start": 1585629562.145017, "device_queued": -1, "device_end": -1, "host_queued_end": 1585629562.164473}, "device": "cpu", "nd_range": {"device_start": 2297336.597365309, "device_end": 2297336.5975744803}, "cmdq": 0, "read": {"device_start": -1, "device_end": -1}}, "FFC_sans_bias142": {"write": {"device_start": 1585629495.4851842, "host_queued_start": 1585629562.07997, "device_queued": 1585629495.479057, "device_end": 1585629495.4852207, "host_queued_end": 1585629562.080185}, "device": "gpu", "nd_range": {"device_start": 1585629495.485224, "device_end": 1585629495.485991}, "cmdq": 2, "read": {"device_start": 1585629495.4860013, "device_end": 1585629495.4860237}}, "FFC_sans_bias141": {"write": {"device_start": -1, "host_queued_start": 1585629562.076804, "device_queued": -1, "device_end": -1, "host_queued_end": 1585629562.080185}, "device": "gpu", "nd_range": {"device_start": 1585629495.483776, "device_end": 1585629495.4850636}, "cmdq": 2, "read": {"device_start": -1, "device_end": -1}}, "FFC_sans_bias24": {"write": {"device_start": -1, "host_queued_start": 1585629562.147734, "device_queued": -1, "device_end": -1, "host_queued_end": 1585629562.164473}, "device": "cpu", "nd_range": {"device_start": 2297336.615257462, "device_end": 2297336.6305400743}, "cmdq": 0, "read": {"device_start": -1, "device_end": -1}}, "FFC_sans_bias25": {"write": {"device_start": -1, "host_queued_start": 1585629562.154351, "device_queued": -1, "device_end": -1, "host_queued_end": 1585629562.164473}, "device": "cpu", "nd_range": {"device_start": 2297336.662177361, "device_end": 2297336.677536225}, "cmdq": 1, "read": {"device_start": -1, "device_end": -1}}, "FFC_sans_bias27": {"write": {"device_start": -1, "host_queued_start": 1585629562.103111, "device_queued": -1, "device_end": -1, "host_queued_end": 1585629562.164473}, "device": "cpu", "nd_range": {"device_start": 2297336.381162501, "device_end": 2297336.39163105}, "cmdq": 1, "read": {"device_start": -1, "device_end": -1}}, "FFC_sans_bias20": {"write": {"device_start": -1, "host_queued_start": 1585629562.102048, "device_queued": -1, "device_end": -1, "host_queued_end": 1585629562.164473}, "device": "cpu", "nd_range": {"device_start": 2297336.391285084, "device_end": 2297336.399870914}, "cmdq": 0, "read": {"device_start": -1, "device_end": -1}}, "FFC_sans_bias22": {"write": {"device_start": -1, "host_queued_start": 1585629562.139573, "device_queued": -1, "device_end": -1, "host_queued_end": 1585629562.164473}, "device": "cpu", "nd_range": {"device_start": 2297336.535350895, "device_end": 2297336.543954344}, "cmdq": 1, "read": {"device_start": -1, "device_end": -1}}, "FFC_sans_bias130": {"write": {"device_start": -1, "host_queued_start": 1585629562.074782, "device_queued": -1, "device_end": -1, "host_queued_end": 1585629562.080185}, "device": "gpu", "nd_range": {"device_start": 1585629495.48157, "device_end": 1585629495.4826171}, "cmdq": 1, "read": {"device_start": -1, "device_end": -1}}, "FFC_sans_bias28": {"write": {"device_start": -1, "host_queued_start": 1585629562.104173, "device_queued": -1, "device_end": -1, "host_queued_end": 1585629562.164473}, "device": "cpu", "nd_range": {"device_start": 2297336.400656828, "device_end": 2297336.415488659}, "cmdq": 2, "read": {"device_start": -1, "device_end": -1}}, "FFC_sans_bias29": {"write": {"device_start": -1, "host_queued_start": 1585629562.105244, "device_queued": -1, "device_end": -1, "host_queued_end": 1585629562.164473}, "device": "cpu", "nd_range": {"device_start": 2297336.399994811, "device_end": 2297336.415273136}, "cmdq": 0, "read": {"device_start": -1, "device_end": -1}}, "coalesced_transpose66": {"write": {"device_start": -1, "host_queued_start": 1585629562.136864, "device_queued": -1, "device_end": -1, "host_queued_end": 1585629562.164473}, "device": "cpu", "nd_range": {"device_start": 2297336.535945941, "device_end": 2297336.536203964}, "cmdq": 2, "read": {"device_start": -1, "device_end": -1}}, "coalesced_transpose93": {"write": {"device_start": -1, "host_queued_start": 1585629562.137867, "device_queued": -1, "device_end": -1, "host_queued_end": 1585629562.164473}, "device": "cpu", "nd_range": {"device_start": 2297336.536312201, "device_end": 2297336.536568202}, "cmdq": 2, "read": {"device_start": -1, "device_end": -1}}, "softmax23": {"write": {"device_start": -1, "host_queued_start": 1585629562.143917, "device_queued": -1, "device_end": -1, "host_queued_end": 1585629562.164473}, "device": "cpu", "nd_range": {"device_start": 2297336.60971973, "device_end": 2297336.609933585}, "cmdq": 2, "read": {"device_start": -1, "device_end": -1}}, "empty62": {"write": {"device_start": -1, "host_queued_start": 1585629562.087323, "device_queued": -1, "device_end": -1, "host_queued_end": 1585629562.164473}, "device": "cpu", "nd_range": {"device_start": 2297336.35414752, "device_end": 2297336.354148408}, "cmdq": 0, "read": {"device_start": -1, "device_end": -1}}, "FFC_sans_bias10": {"write": {"device_start": -1, "host_queued_start": 1585629562.097759, "device_queued": -1, "device_end": -1, "host_queued_end": 1585629562.164473}, "device": "cpu", "nd_range": {"device_start": 2297336.3662917414, "device_end": 2297336.3839142583}, "cmdq": 2, "read": {"device_start": -1, "device_end": -1}}, "FFC_sans_bias13": {"write": {"device_start": -1, "host_queued_start": 1585629562.139225, "device_queued": -1, "device_end": -1, "host_queued_end": 1585629562.164473}, "device": "cpu", "nd_range": {"device_start": 2297336.543008315, "device_end": 2297336.5543536684}, "cmdq": 0, "read": {"device_start": -1, "device_end": -1}}, "FFC_sans_bias15": {"write": {"device_start": -1, "host_queued_start": 1585629562.147382, "device_queued": -1, "device_end": -1, "host_queued_end": 1585629562.164473}, "device": "cpu", "nd_range": {"device_start": 2297336.610985327, "device_end": 2297336.626463523}, "cmdq": 2, "read": {"device_start": -1, "device_end": -1}}, "FFC_sans_bias16": {"write": {"device_start": -1, "host_queued_start": 1585629562.15336, "device_queued": -1, "device_end": -1, "host_queued_end": 1585629562.164473}, "device": "cpu", "nd_range": {"device_start": 2297336.6763056843, "device_end": 2297336.6915784273}, "cmdq": 0, "read": {"device_start": -1, "device_end": -1}}, "FFC_sans_bias19": {"write": {"device_start": -1, "host_queued_start": 1585629562.100973, "device_queued": -1, "device_end": -1, "host_queued_end": 1585629562.164473}, "device": "cpu", "nd_range": {"device_start": 2297336.384036967, "device_end": 2297336.4005339523}, "cmdq": 2, "read": {"device_start": -1, "device_end": -1}}, "FFC_sans_bias18": {"write": {"device_start": -1, "host_queued_start": 1585629562.099917, "device_queued": -1, "device_end": -1, "host_queued_end": 1585629562.164473}, "device": "cpu", "nd_range": {"device_start": 2297336.372446629, "device_end": 2297336.381043862}, "cmdq": 1, "read": {"device_start": -1, "device_end": -1}}, "FFC_sans_bias99": {"write": {"device_start": -1, "host_queued_start": 1585629562.12882, "device_queued": -1, "device_end": -1, "host_queued_end": 1585629562.164473}, "device": "cpu", "nd_range": {"device_start": 2297336.476102148, "device_end": 2297336.498425846}, "cmdq": 1, "read": {"device_start": -1, "device_end": -1}}, "FFC_sans_bias91": {"write": {"device_start": -1, "host_queued_start": 1585629562.126688, "device_queued": -1, "device_end": -1, "host_queued_end": 1585629562.164473}, "device": "cpu", "nd_range": {"device_start": 2297336.4950218373, "device_end": 2297336.5108198132}, "cmdq": 2, "read": {"device_start": -1, "device_end": -1}}, "FFC_sans_bias90": {"write": {"device_start": -1, "host_queued_start": 1585629562.125579, "device_queued": -1, "device_end": -1, "host_queued_end": 1585629562.164473}, "device": "cpu", "nd_range": {"device_start": 2297336.464542819, "device_end": 2297336.4759809934}, "cmdq": 1, "read": {"device_start": -1, "device_end": -1}}, "coalesced_transpose12": {"write": {"device_start": -1, "host_queued_start": 1585629562.134854, "device_queued": -1, "device_end": -1, "host_queued_end": 1585629562.164473}, "device": "cpu", "nd_range": {"device_start": 2297336.535120164, "device_end": 2297336.535463543}, "cmdq": 2, "read": {"device_start": -1, "device_end": -1}}, "FFC_sans_bias94": {"write": {"device_start": -1, "host_queued_start": 1585629562.142394, "device_queued": -1, "device_end": -1, "host_queued_end": 1585629562.164473}, "device": "cpu", "nd_range": {"device_start": 2297336.584940695, "device_end": 2297336.59690422}, "cmdq": 0, "read": {"device_start": -1, "device_end": -1}}, "FFC_sans_bias97": {"write": {"device_start": -1, "host_queued_start": 1585629562.162434, "device_queued": -1, "device_end": -1, "host_queued_end": 1585629562.164473}, "device": "cpu", "nd_range": {"device_start": 2297336.727490813, "device_end": 2297336.736952466}, "cmdq": 0, "read": {"device_start": -1, "device_end": -1}}, "FFC_sans_bias96": {"write": {"device_start": -1, "host_queued_start": 1585629562.150577, "device_queued": -1, "device_end": -1, "host_queued_end": 1585629562.164473}, "device": "cpu", "nd_range": {"device_start": 2297336.6577211292, "device_end": 2297336.673204983}, "cmdq": 2, "read": {"device_start": -1, "device_end": -1}}, "FFC_sans_bias124": {"write": {"device_start": 1585629495.4837217, "host_queued_start": 1585629562.077831, "device_queued": 1585629495.478801, "device_end": 1585629495.4837527, "host_queued_end": 1585629562.080185}, "device": "gpu", "nd_range": {"device_start": 1585629495.4837565, "device_end": 1585629495.4845731}, "cmdq": 0, "read": {"device_start": 1585629495.4845774, "device_end": 1585629495.484601}}, "FFC_sans_bias126": {"write": {"device_start": 1585629495.478373, "host_queued_start": 1585629562.068938, "device_queued": 1585629495.47753, "device_end": 1585629495.4784029, "host_queued_end": 1585629562.080185}, "device": "gpu", "nd_range": {"device_start": 1585629495.478407, "device_end": 1585629495.4797566}, "cmdq": 1, "read": {"device_start": -1, "device_end": -1}}, "softmax32": {"write": {"device_start": -1, "host_queued_start": 1585629562.144192, "device_queued": -1, "device_end": -1, "host_queued_end": 1585629562.164473}, "device": "cpu", "nd_range": {"device_start": 2297336.597136074, "device_end": 2297336.597358743}, "cmdq": 0, "read": {"device_start": -1, "device_end": -1}}, "coalesced_transpose84": {"write": {"device_start": -1, "host_queued_start": 1585629562.137535, "device_queued": -1, "device_end": -1, "host_queued_end": 1585629562.164473}, "device": "cpu", "nd_range": {"device_start": 2297336.512206755, "device_end": 2297336.512466797}, "cmdq": 1, "read": {"device_start": -1, "device_end": -1}}, "FFC_sans_bias121": {"write": {"device_start": -1, "host_queued_start": 1585629562.074428, "device_queued": -1, "device_end": -1, "host_queued_end": 1585629562.080185}, "device": "gpu", "nd_range": {"device_start": 1585629495.481566, "device_end": 1585629495.4821734}, "cmdq": 0, "read": {"device_start": -1, "device_end": -1}}, "empty98": {"write": {"device_start": -1, "host_queued_start": 1585629562.090888, "device_queued": -1, "device_end": -1, "host_queued_end": 1585629562.164473}, "device": "cpu", "nd_range": {"device_start": 2297336.354151579, "device_end": 2297336.3541522613}, "cmdq": 1, "read": {"device_start": -1, "device_end": -1}}, "empty107": {"write": {"device_start": -1, "host_queued_start": 1585629562.091711, "device_queued": -1, "device_end": -1, "host_queued_end": 1585629562.164473}, "device": "cpu", "nd_range": {"device_start": 2297336.3541906793, "device_end": 2297336.354191576}, "cmdq": 2, "read": {"device_start": -1, "device_end": -1}}, "empty17": {"write": {"device_start": -1, "host_queued_start": 1585629562.082811, "device_queued": -1, "device_end": -1, "host_queued_end": 1585629562.164473}, "device": "cpu", "nd_range": {"device_start": 2297336.354101914, "device_end": 2297336.354115319}, "cmdq": 1, "read": {"device_start": -1, "device_end": -1}}, "FFC_sans_bias87": {"write": {"device_start": -1, "host_queued_start": 1585629562.150225, "device_queued": -1, "device_end": -1, "host_queued_end": 1585629562.164473}, "device": "cpu", "nd_range": {"device_start": 2297336.631676826, "device_end": 2297336.646944186}, "cmdq": 1, "read": {"device_start": -1, "device_end": -1}}, "FFC_sans_bias85": {"write": {"device_start": -1, "host_queued_start": 1585629562.142051, "device_queued": -1, "device_end": -1, "host_queued_end": 1585629562.164473}, "device": "cpu", "nd_range": {"device_start": 2297336.586458396, "device_end": 2297336.5980826532}, "cmdq": 2, "read": {"device_start": -1, "device_end": -1}}, "FFC_sans_bias82": {"write": {"device_start": -1, "host_queued_start": 1585629562.123437, "device_queued": -1, "device_end": -1, "host_queued_end": 1585629562.164473}, "device": "cpu", "nd_range": {"device_start": 2297336.479695434, "device_end": 2297336.4949015733}, "cmdq": 2, "read": {"device_start": -1, "device_end": -1}}, "FFC_sans_bias83": {"write": {"device_start": -1, "host_queued_start": 1585629562.124502, "device_queued": -1, "device_end": -1, "host_queued_end": 1585629562.164473}, "device": "cpu", "nd_range": {"device_start": 2297336.4877615403, "device_end": 2297336.4955906183}, "cmdq": 0, "read": {"device_start": -1, "device_end": -1}}, "FFC_sans_bias81": {"write": {"device_start": -1, "host_queued_start": 1585629562.122371, "device_queued": -1, "device_end": -1, "host_queued_end": 1585629562.164473}, "device": "cpu", "nd_range": {"device_start": 2297336.4547709282, "device_end": 2297336.464329753}, "cmdq": 1, "read": {"device_start": -1, "device_end": -1}}, "FFC_sans_bias88": {"write": {"device_start": -1, "host_queued_start": 1585629562.161418, "device_queued": -1, "device_end": -1, "host_queued_end": 1585629562.164473}, "device": "cpu", "nd_range": {"device_start": 2297336.715522245, "device_end": 2297336.726528408}, "cmdq": 2, "read": {"device_start": -1, "device_end": -1}}, "coalesced_transpose30": {"write": {"device_start": -1, "host_queued_start": 1585629562.135524, "device_queued": -1, "device_end": -1, "host_queued_end": 1585629562.164473}, "device": "cpu", "nd_range": {"device_start": 2297336.511447295, "device_end": 2297336.5117171532}, "cmdq": 1, "read": {"device_start": -1, "device_end": -1}}, "FFC_sans_bias128": {"write": {"device_start": 1585629495.4780333, "host_queued_start": 1585629562.067891, "device_queued": 1585629495.4774866, "device_end": 1585629495.4780579, "host_queued_end": 1585629562.080185}, "device": "gpu", "nd_range": {"device_start": 1585629495.4780674, "device_end": 1585629495.4792223}, "cmdq": 0, "read": {"device_start": -1, "device_end": -1}}, "coalesced_transpose39": {"write": {"device_start": -1, "host_queued_start": 1585629562.135857, "device_queued": -1, "device_end": -1, "host_queued_end": 1585629562.164473}, "device": "cpu", "nd_range": {"device_start": 2297336.535576384, "device_end": 2297336.5358349592}, "cmdq": 2, "read": {"device_start": -1, "device_end": -1}}, "FFC_sans_bias79": {"write": {"device_start": -1, "host_queued_start": 1585629562.160425, "device_queued": -1, "device_end": -1, "host_queued_end": 1585629562.164473}, "device": "cpu", "nd_range": {"device_start": 2297336.700367437, "device_end": 2297336.716183016}, "cmdq": 1, "read": {"device_start": -1, "device_end": -1}}, "FFC_sans_bias78": {"write": {"device_start": -1, "host_queued_start": 1585629562.149872, "device_queued": -1, "device_end": -1, "host_queued_end": 1585629562.164473}, "device": "cpu", "nd_range": {"device_start": 2297336.645801948, "device_end": 2297336.6610582443}, "cmdq": 0, "read": {"device_start": -1, "device_end": -1}}, "FFC_sans_bias73": {"write": {"device_start": -1, "host_queued_start": 1585629562.12024, "device_queued": -1, "device_end": -1, "host_queued_end": 1585629562.164473}, "device": "cpu", "nd_range": {"device_start": 2297336.4644208713, "device_end": 2297336.4795795963}, "cmdq": 2, "read": {"device_start": -1, "device_end": -1}}, "FFC_sans_bias72": {"write": {"device_start": -1, "host_queued_start": 1585629562.119187, "device_queued": -1, "device_end": -1, "host_queued_end": 1585629562.164473}, "device": "cpu", "nd_range": {"device_start": 2297336.442311713, "device_end": 2297336.4546494703}, "cmdq": 1, "read": {"device_start": -1, "device_end": -1}}, "FFC_sans_bias70": {"write": {"device_start": -1, "host_queued_start": 1585629562.159393, "device_queued": -1, "device_end": -1, "host_queued_end": 1585629562.164473}, "device": "cpu", "nd_range": {"device_start": 2297336.7041755253, "device_end": 2297336.727486718}, "cmdq": 0, "read": {"device_start": -1, "device_end": -1}}, "FFC_sans_bias76": {"write": {"device_start": -1, "host_queued_start": 1585629562.141703, "device_queued": -1, "device_end": -1, "host_queued_end": 1585629562.164473}, "device": "cpu", "nd_range": {"device_start": 2297336.5592016242, "device_end": 2297336.574539745}, "cmdq": 1, "read": {"device_start": -1, "device_end": -1}}, "FFC_sans_bias74": {"write": {"device_start": -1, "host_queued_start": 1585629562.121314, "device_queued": -1, "device_end": -1, "host_queued_end": 1585629562.164473}, "device": "cpu", "nd_range": {"device_start": 2297336.478767944, "device_end": 2297336.487633665}, "cmdq": 0, "read": {"device_start": -1, "device_end": -1}}, "coalesced_transpose102": {"write": {"device_start": -1, "host_queued_start": 1585629562.138197, "device_queued": -1, "device_end": -1, "host_queued_end": 1585629562.164473}, "device": "cpu", "nd_range": {"device_start": 2297336.529790731, "device_end": 2297336.5301009594}, "cmdq": 0, "read": {"device_start": -1, "device_end": -1}}, "coalesced_transpose3": {"write": {"device_start": -1, "host_queued_start": 1585629562.13451, "device_queued": -1, "device_end": -1, "host_queued_end": 1585629562.164473}, "device": "cpu", "nd_range": {"device_start": 2297336.511063092, "device_end": 2297336.511336258}, "cmdq": 1, "read": {"device_start": -1, "device_end": -1}}, "FFC_sans_bias127": {"write": {"device_start": 1585629495.4789197, "host_queued_start": 1585629562.069983, "device_queued": 1585629495.4776704, "device_end": 1585629495.478958, "host_queued_end": 1585629562.080185}, "device": "gpu", "nd_range": {"device_start": 1585629495.478962, "device_end": 1585629495.4802108}, "cmdq": 2, "read": {"device_start": -1, "device_end": -1}}, "empty89": {"write": {"device_start": -1, "host_queued_start": 1585629562.090023, "device_queued": -1, "device_end": -1, "host_queued_end": 1585629562.164473}, "device": "cpu", "nd_range": {"device_start": 2297336.354153647, "device_end": 2297336.3541543283}, "cmdq": 0, "read": {"device_start": -1, "device_end": -1}}, "FFC_sans_bias123": {"write": {"device_start": -1, "host_queued_start": 1585629562.076158, "device_queued": -1, "device_end": -1, "host_queued_end": 1585629562.080185}, "device": "gpu", "nd_range": {"device_start": 1585629495.4829054, "device_end": 1585629495.4835966}, "cmdq": 0, "read": {"device_start": -1, "device_end": -1}}, "empty80": {"write": {"device_start": -1, "host_queued_start": 1585629562.089139, "device_queued": -1, "device_end": -1, "host_queued_end": 1585629562.164473}, "device": "cpu", "nd_range": {"device_start": 2297336.354183583, "device_end": 2297336.3541844133}, "cmdq": 2, "read": {"device_start": -1, "device_end": -1}}, "empty116": {"write": {"device_start": -1, "host_queued_start": 1585629562.092526, "device_queued": -1, "device_end": -1, "host_queued_end": 1585629562.164473}, "device": "cpu", "nd_range": {"device_start": 2297336.3541602283, "device_end": 2297336.3541609}, "cmdq": 0, "read": {"device_start": -1, "device_end": -1}}, "softmax104": {"write": {"device_start": -1, "host_queued_start": 1585629562.146401, "device_queued": -1, "device_end": -1, "host_queued_end": 1585629562.164473}, "device": "cpu", "nd_range": {"device_start": 2297336.610668166, "device_end": 2297336.610878951}, "cmdq": 2, "read": {"device_start": -1, "device_end": -1}}, "coalesced_transpose21": {"write": {"device_start": -1, "host_queued_start": 1585629562.135187, "device_queued": -1, "device_end": -1, "host_queued_end": 1585629562.164473}, "device": "cpu", "nd_range": {"device_start": 2297336.526243089, "device_end": 2297336.526452272}, "cmdq": 0, "read": {"device_start": -1, "device_end": -1}}, "softmax14": {"write": {"device_start": -1, "host_queued_start": 1585629562.143642, "device_queued": -1, "device_end": -1, "host_queued_end": 1585629562.164473}, "device": "cpu", "nd_range": {"device_start": 2297336.5897911573, "device_end": 2297336.590018398}, "cmdq": 1, "read": {"device_start": -1, "device_end": -1}}, "FFC_sans_bias69": {"write": {"device_start": -1, "host_queued_start": 1585629562.14952, "device_queued": -1, "device_end": -1, "host_queued_end": 1585629562.164473}, "device": "cpu", "nd_range": {"device_start": 2297336.642110477, "device_end": 2297336.657603547}, "cmdq": 2, "read": {"device_start": -1, "device_end": -1}}, "FFC_sans_bias92": {"write": {"device_start": -1, "host_queued_start": 1585629562.127757, "device_queued": -1, "device_end": -1, "host_queued_end": 1585629562.164473}, "device": "cpu", "nd_range": {"device_start": 2297336.495705192, "device_end": 2297336.505733039}, "cmdq": 0, "read": {"device_start": -1, "device_end": -1}}, "FFC_sans_bias60": {"write": {"device_start": -1, "host_queued_start": 1585629562.149125, "device_queued": -1, "device_end": -1, "host_queued_end": 1585629562.164473}, "device": "cpu", "nd_range": {"device_start": 2297336.616403242, "device_end": 2297336.631669788}, "cmdq": 1, "read": {"device_start": -1, "device_end": -1}}, "FFC_sans_bias61": {"write": {"device_start": -1, "host_queued_start": 1585629562.158391, "device_queued": -1, "device_end": -1, "host_queued_end": 1585629562.164473}, "device": "cpu", "nd_range": {"device_start": 2297336.7005430292, "device_end": 2297336.7155132983}, "cmdq": 2, "read": {"device_start": -1, "device_end": -1}}, "FFC_sans_bias63": {"write": {"device_start": -1, "host_queued_start": 1585629562.118122, "device_queued": -1, "device_end": -1, "host_queued_end": 1585629562.164473}, "device": "cpu", "nd_range": {"device_start": 2297336.466290714, "device_end": 2297336.478648094}, "cmdq": 0, "read": {"device_start": -1, "device_end": -1}}, "FFC_sans_bias64": {"write": {"device_start": -1, "host_queued_start": 1585629562.11591, "device_queued": -1, "device_end": -1, "host_queued_end": 1585629562.164473}, "device": "cpu", "nd_range": {"device_start": 2297336.431552714, "device_end": 2297336.442189807}, "cmdq": 1, "read": {"device_start": -1, "device_end": -1}}, "FFC_sans_bias65": {"write": {"device_start": -1, "host_queued_start": 1585629562.116971, "device_queued": -1, "device_end": -1, "host_queued_end": 1585629562.164473}, "device": "cpu", "nd_range": {"device_start": 2297336.449254645, "device_end": 2297336.4644076102}, "cmdq": 2, "read": {"device_start": -1, "device_end": -1}}, "FFC_sans_bias67": {"write": {"device_start": -1, "host_queued_start": 1585629562.141351, "device_queued": -1, "device_end": -1, "host_queued_end": 1585629562.164473}, "device": "cpu", "nd_range": {"device_start": 2297336.5696274843, "device_end": 2297336.5849327133}, "cmdq": 0, "read": {"device_start": -1, "device_end": -1}}, "coalesced_transpose111": {"write": {"device_start": -1, "host_queued_start": 1585629562.13853, "device_queued": -1, "device_end": -1, "host_queued_end": 1585629562.164473}, "device": "cpu", "nd_range": {"device_start": 2297336.535120815, "device_end": 2297336.535342651}, "cmdq": 1, "read": {"device_start": -1, "device_end": -1}}, "FFC_sans_bias136": {"write": {"device_start": 1585629495.4793468, "host_queued_start": 1585629562.071054, "device_queued": 1585629495.4777436, "device_end": 1585629495.479373, "host_queued_end": 1585629562.080185}, "device": "gpu", "nd_range": {"device_start": 1585629495.4793775, "device_end": 1585629495.4807062}, "cmdq": 0, "read": {"device_start": -1, "device_end": -1}}, "FFC_sans_bias135": {"write": {"device_start": 1585629495.4803267, "host_queued_start": 1585629562.073183, "device_queued": 1585629495.477985, "device_end": 1585629495.4803524, "host_queued_end": 1585629562.080185}, "device": "gpu", "nd_range": {"device_start": 1585629495.480359, "device_end": 1585629495.4816628}, "cmdq": 2, "read": {"device_start": -1, "device_end": -1}}, "FFC_sans_bias133": {"write": {"device_start": 1585629495.4842415, "host_queued_start": 1585629562.078914, "device_queued": 1585629495.4788647, "device_end": 1585629495.4842715, "host_queued_end": 1585629562.080185}, "device": "gpu", "nd_range": {"device_start": 1585629495.4842746, "device_end": 1585629495.4855616}, "cmdq": 1, "read": {"device_start": 1585629495.4855642, "device_end": 1585629495.4855871}}, "FFC_sans_bias132": {"write": {"device_start": -1, "host_queued_start": 1585629562.076488, "device_queued": -1, "device_end": -1, "host_queued_end": 1585629562.080185}, "device": "gpu", "nd_range": {"device_start": 1585629495.4833217, "device_end": 1585629495.4841175}, "cmdq": 1, "read": {"device_start": -1, "device_end": -1}}, "softmax68": {"write": {"device_start": -1, "host_queued_start": 1585629562.145298, "device_queued": -1, "device_end": -1, "host_queued_end": 1585629562.164473}, "device": "cpu", "nd_range": {"device_start": 2297336.5902449843, "device_end": 2297336.590453269}, "cmdq": 1, "read": {"device_start": -1, "device_end": -1}}, "softmax131": {"write": {"device_start": -1, "host_queued_start": 1585629562.0756, "device_queued": -1, "device_end": -1, "host_queued_end": 1585629562.080185}, "device": "gpu", "nd_range": {"device_start": 1585629495.4826186, "device_end": 1585629495.4833207}, "cmdq": 1, "read": {"device_start": -1, "device_end": -1}}, "empty125": {"write": {"device_start": 1585629495.476832, "host_queued_start": 1585629562.061735, "device_queued": 1585629495.476689, "device_end": 1585629495.4768593, "host_queued_end": 1585629562.080185}, "device": "gpu", "nd_range": {"device_start": 1585629495.4768655, "device_end": 1585629495.4768782}, "cmdq": 0, "read": {"device_start": -1, "device_end": -1}}, "FFC_sans_bias139": {"write": {"device_start": -1, "host_queued_start": 1585629562.075098, "device_queued": -1, "device_end": -1, "host_queued_end": 1585629562.080185}, "device": "gpu", "nd_range": {"device_start": 1585629495.4825428, "device_end": 1585629495.4831486}, "cmdq": 2, "read": {"device_start": -1, "device_end": -1}}, "empty35": {"write": {"device_start": -1, "host_queued_start": 1585629562.084835, "device_queued": -1, "device_end": -1, "host_queued_end": 1585629562.164473}, "device": "cpu", "nd_range": {"device_start": 2297336.35414003, "device_end": 2297336.354141383}, "cmdq": 0, "read": {"device_start": -1, "device_end": -1}}, "softmax86": {"write": {"device_start": -1, "host_queued_start": 1585629562.14585, "device_queued": -1, "device_end": -1, "host_queued_end": 1585629562.164473}, "device": "cpu", "nd_range": {"device_start": 2297336.605828289, "device_end": 2297336.6069594813}, "cmdq": 0, "read": {"device_start": -1, "device_end": -1}}, "FFC_sans_bias55": {"write": {"device_start": -1, "host_queued_start": 1585629562.114843, "device_queued": -1, "device_end": -1, "host_queued_end": 1585629562.164473}, "device": "cpu", "nd_range": {"device_start": 2297336.4478321723, "device_end": 2297336.4661616134}, "cmdq": 0, "read": {"device_start": -1, "device_end": -1}}, "FFC_sans_bias54": {"write": {"device_start": -1, "host_queued_start": 1585629562.113784, "device_queued": -1, "device_end": -1, "host_queued_end": 1585629562.164473}, "device": "cpu", "nd_range": {"device_start": 2297336.435820164, "device_end": 2297336.449136569}, "cmdq": 2, "read": {"device_start": -1, "device_end": -1}}, "FFC_sans_bias56": {"write": {"device_start": -1, "host_queued_start": 1585629562.112707, "device_queued": -1, "device_end": -1, "host_queued_end": 1585629562.164473}, "device": "cpu", "nd_range": {"device_start": 2297336.416487419, "device_end": 2297336.4314347194}, "cmdq": 1, "read": {"device_start": -1, "device_end": -1}}, "FFC_sans_bias51": {"write": {"device_start": -1, "host_queued_start": 1585629562.148776, "device_queued": -1, "device_end": -1, "host_queued_end": 1585629562.164473}, "device": "cpu", "nd_range": {"device_start": 2297336.63054905, "device_end": 2297336.64579486}, "cmdq": 0, "read": {"device_start": -1, "device_end": -1}}, "FFC_sans_bias52": {"write": {"device_start": -1, "host_queued_start": 1585629562.157396, "device_queued": -1, "device_end": -1, "host_queued_end": 1585629562.164473}, "device": "cpu", "nd_range": {"device_start": 2297336.677543731, "device_end": 2297336.700363078}, "cmdq": 1, "read": {"device_start": -1, "device_end": -1}}, "FFC_sans_bias58": {"write": {"device_start": -1, "host_queued_start": 1585629562.141, "device_queued": -1, "device_end": -1, "host_queued_end": 1585629562.164473}, "device": "cpu", "nd_range": {"device_start": 2297336.570873471, "device_end": 2297336.58634894}, "cmdq": 2, "read": {"device_start": -1, "device_end": -1}}, "FFC_sans_bias108": {"write": {"device_start": -1, "host_queued_start": 1585629562.132017, "device_queued": -1, "device_end": -1, "host_queued_end": 1585629562.164473}, "device": "cpu", "nd_range": {"device_start": 2297336.498542053, "device_end": 2297336.5109450202}, "cmdq": 1, "read": {"device_start": -1, "device_end": -1}}, "FFC_sans_bias109": {"write": {"device_start": -1, "host_queued_start": 1585629562.133094, "device_queued": -1, "device_end": -1, "host_queued_end": 1585629562.164473}, "device": "cpu", "nd_range": {"device_start": 2297336.529747976, "device_end": 2297336.535101205}, "cmdq": 2, "read": {"device_start": -1, "device_end": -1}}, "coalesced_transpose129": {"write": {"device_start": -1, "host_queued_start": 1585629562.073805, "device_queued": -1, "device_end": -1, "host_queued_end": 1585629562.080185}, "device": "gpu", "nd_range": {"device_start": 1585629495.481206, "device_end": 1585629495.4815686}, "cmdq": 1, "read": {"device_start": -1, "device_end": -1}}, "FFC_sans_bias103": {"write": {"device_start": -1, "host_queued_start": 1585629562.142742, "device_queued": -1, "device_end": -1, "host_queued_end": 1585629562.164473}, "device": "cpu", "nd_range": {"device_start": 2297336.574547011, "device_end": 2297336.5897843014}, "cmdq": 1, "read": {"device_start": -1, "device_end": -1}}, "FFC_sans_bias100": {"write": {"device_start": -1, "host_queued_start": 1585629562.129873, "device_queued": -1, "device_end": -1, "host_queued_end": 1585629562.164473}, "device": "cpu", "nd_range": {"device_start": 2297336.5109385313, "device_end": 2297336.5297264233}, "cmdq": 2, "read": {"device_start": -1, "device_end": -1}}, "FFC_sans_bias101": {"write": {"device_start": -1, "host_queued_start": 1585629562.130944, "device_queued": -1, "device_end": -1, "host_queued_end": 1585629562.164473}, "device": "cpu", "nd_range": {"device_start": 2297336.505854852, "device_end": 2297336.516440241}, "cmdq": 0, "read": {"device_start": -1, "device_end": -1}}, "FFC_sans_bias106": {"write": {"device_start": -1, "host_queued_start": 1585629562.163433, "device_queued": -1, "device_end": -1, "host_queued_end": 1585629562.164473}, "device": "cpu", "nd_range": {"device_start": 2297336.716186699, "device_end": 2297336.724328267}, "cmdq": 1, "read": {"device_start": -1, "device_end": -1}}, "softmax122": {"write": {"device_start": -1, "host_queued_start": 1585629562.075353, "device_queued": -1, "device_end": -1, "host_queued_end": 1585629562.080185}, "device": "gpu", "nd_range": {"device_start": 1585629495.4821746, "device_end": 1585629495.4829044}, "cmdq": 0, "read": {"device_start": -1, "device_end": -1}}, "FFC_sans_bias105": {"write": {"device_start": -1, "host_queued_start": 1585629562.150927, "device_queued": -1, "device_end": -1, "host_queued_end": 1585629562.164473}, "device": "cpu", "nd_range": {"device_start": 2297336.6610653442, "device_end": 2297336.6762990663}, "cmdq": 0, "read": {"device_start": -1, "device_end": -1}}, "softmax95": {"write": {"device_start": -1, "host_queued_start": 1585629562.146125, "device_queued": -1, "device_end": -1, "host_queued_end": 1585629562.164473}, "device": "cpu", "nd_range": {"device_start": 2297336.5980612612, "device_end": 2297336.598167899}, "cmdq": 1, "read": {"device_start": -1, "device_end": -1}}, "coalesced_transpose57": {"write": {"device_start": -1, "host_queued_start": 1585629562.136529, "device_queued": -1, "device_end": -1, "host_queued_end": 1585629562.164473}, "device": "cpu", "nd_range": {"device_start": 2297336.51182333, "device_end": 2297336.5120957913}, "cmdq": 1, "read": {"device_start": -1, "device_end": -1}}, "empty26": {"write": {"device_start": -1, "host_queued_start": 1585629562.083912, "device_queued": -1, "device_end": -1, "host_queued_end": 1585629562.164473}, "device": "cpu", "nd_range": {"device_start": 2297336.35415297, "device_end": 2297336.3541569463}, "cmdq": 2, "read": {"device_start": -1, "device_end": -1}}, "softmax113": {"write": {"device_start": -1, "host_queued_start": 1585629562.146686, "device_queued": -1, "device_end": -1, "host_queued_end": 1585629562.164473}, "device": "cpu", "nd_range": {"device_start": 2297336.615045158, "device_end": 2297336.615250465}, "cmdq": 0, "read": {"device_start": -1, "device_end": -1}}, "FFC_sans_bias11": {"write": {"device_start": -1, "host_queued_start": 1585629562.09886, "device_queued": -1, "device_end": -1, "host_queued_end": 1585629562.164473}, "device": "cpu", "nd_range": {"device_start": 2297336.371934384, "device_end": 2297336.391157117}, "cmdq": 0, "read": {"device_start": -1, "device_end": -1}}, "FFC_sans_bias42": {"write": {"device_start": -1, "host_queued_start": 1585629562.148429, "device_queued": -1, "device_end": -1, "host_queued_end": 1585629562.164473}, "device": "cpu", "nd_range": {"device_start": 2297336.626579095, "device_end": 2297336.641989287}, "cmdq": 2, "read": {"device_start": -1, "device_end": -1}}, "FFC_sans_bias43": {"write": {"device_start": -1, "host_queued_start": 1585629562.156399, "device_queued": -1, "device_end": -1, "host_queued_end": 1585629562.164473}, "device": "cpu", "nd_range": {"device_start": 2297336.691583724, "device_end": 2297336.704171968}, "cmdq": 0, "read": {"device_start": -1, "device_end": -1}}, "FFC_sans_bias40": {"write": {"device_start": -1, "host_queued_start": 1585629562.140261, "device_queued": -1, "device_end": -1, "host_queued_end": 1585629562.164473}, "device": "cpu", "nd_range": {"device_start": 2297336.55436909, "device_end": 2297336.569619316}, "cmdq": 0, "read": {"device_start": -1, "device_end": -1}}, "FFC_sans_bias46": {"write": {"device_start": -1, "host_queued_start": 1585629562.110552, "device_queued": -1, "device_end": -1, "host_queued_end": 1585629562.164473}, "device": "cpu", "nd_range": {"device_start": 2297336.42356867, "device_end": 2297336.435704948}, "cmdq": 2, "read": {"device_start": -1, "device_end": -1}}, "FFC_sans_bias47": {"write": {"device_start": -1, "host_queued_start": 1585629562.111624, "device_queued": -1, "device_end": -1, "host_queued_end": 1585629562.164473}, "device": "cpu", "nd_range": {"device_start": 2297336.4341683383, "device_end": 2297336.447711395}, "cmdq": 0, "read": {"device_start": -1, "device_end": -1}}, "FFC_sans_bias45": {"write": {"device_start": -1, "host_queued_start": 1585629562.109483, "device_queued": -1, "device_end": -1, "host_queued_end": 1585629562.164473}, "device": "cpu", "nd_range": {"device_start": 2297336.404280919, "device_end": 2297336.41636954}, "cmdq": 1, "read": {"device_start": -1, "device_end": -1}}, "FFC_sans_bias49": {"write": {"device_start": -1, "host_queued_start": 1585629562.140607, "device_queued": -1, "device_end": -1, "host_queued_end": 1585629562.164473}, "device": "cpu", "nd_range": {"device_start": 2297336.543963273, "device_end": 2297336.559194543}, "cmdq": 1, "read": {"device_start": -1, "device_end": -1}}, "softmax77": {"write": {"device_start": -1, "host_queued_start": 1585629562.145578, "device_queued": -1, "device_end": -1, "host_queued_end": 1585629562.164473}, "device": "cpu", "nd_range": {"device_start": 2297336.61035548, "device_end": 2297336.610565675}, "cmdq": 2, "read": {"device_start": -1, "device_end": -1}}, "empty134": {"write": {"device_start": 1585629495.4769478, "host_queued_start": 1585629562.062833, "device_queued": 1585629495.4767969, "device_end": 1585629495.4770062, "host_queued_end": 1585629562.080185}, "device": "gpu", "nd_range": {"device_start": 1585629495.4770243, "device_end": 1585629495.4770286}, "cmdq": 1, "read": {"device_start": -1, "device_end": -1}}, "coalesced_transpose138": {"write": {"device_start": -1, "host_queued_start": 1585629562.074115, "device_queued": -1, "device_end": -1, "host_queued_end": 1585629562.080185}, "device": "gpu", "nd_range": {"device_start": 1585629495.481668, "device_end": 1585629495.4825416}, "cmdq": 2, "read": {"device_start": -1, "device_end": -1}}, "FFC_sans_bias119": {"write": {"device_start": 1585629495.4774263, "host_queued_start": 1585629562.066847, "device_queued": 1585629495.4772549, "device_end": 1585629495.4774587, "host_queued_end": 1585629562.080185}, "device": "gpu", "nd_range": {"device_start": 1585629495.477479, "device_end": 1585629495.478805}, "cmdq": 2, "read": {"device_start": -1, "device_end": -1}}, "FFC_sans_bias118": {"write": {"device_start": 1585629495.4773376, "host_queued_start": 1585629562.065736, "device_queued": 1585629495.4772296, "device_end": 1585629495.4774187, "host_queued_end": 1585629562.080185}, "device": "gpu", "nd_range": {"device_start": 1585629495.4774237, "device_end": 1585629495.4782355}, "cmdq": 1, "read": {"device_start": -1, "device_end": -1}}, "empty143": {"write": {"device_start": 1585629495.4770582, "host_queued_start": 1585629562.063683, "device_queued": 1585629495.4768248, "device_end": 1585629495.4771225, "host_queued_end": 1585629562.080185}, "device": "gpu", "nd_range": {"device_start": 1585629495.477126, "device_end": 1585629495.4771295}, "cmdq": 2, "read": {"device_start": -1, "device_end": -1}}, "FFC_sans_bias115": {"write": {"device_start": -1, "host_queued_start": 1585629562.164425, "device_queued": -1, "device_end": -1, "host_queued_end": 1585629562.164473}, "device": "cpu", "nd_range": {"device_start": 2297336.7265325272, "device_end": 2297336.734109994}, "cmdq": 2, "read": {"device_start": -1, "device_end": -1}}, "FFC_sans_bias114": {"write": {"device_start": -1, "host_queued_start": 1585629562.151274, "device_queued": -1, "device_end": -1, "host_queued_end": 1585629562.164473}, "device": "cpu", "nd_range": {"device_start": 2297336.646951774, "device_end": 2297336.6621700693}, "cmdq": 1, "read": {"device_start": -1, "device_end": -1}}, "FFC_sans_bias117": {"write": {"device_start": 1585629495.4771414, "host_queued_start": 1585629562.064681, "device_queued": 1585629495.4769263, "device_end": 1585629495.4771657, "host_queued_end": 1585629562.080185}, "device": "gpu", "nd_range": {"device_start": 1585629495.4772203, "device_end": 1585629495.4778285}, "cmdq": 0, "read": {"device_start": -1, "device_end": -1}}, "softmax5": {"write": {"device_start": -1, "host_queued_start": 1585629562.143362, "device_queued": -1, "device_end": -1, "host_queued_end": 1585629562.164473}, "device": "cpu", "nd_range": {"device_start": 2297336.596913129, "device_end": 2297336.597127673}, "cmdq": 0, "read": {"device_start": -1, "device_end": -1}}, "FFC_sans_bias110": {"write": {"device_start": -1, "host_queued_start": 1585629562.134178, "device_queued": -1, "device_end": -1, "host_queued_end": 1585629562.164473}, "device": "cpu", "nd_range": {"device_start": 2297336.516556718, "device_end": 2297336.526237015}, "cmdq": 0, "read": {"device_start": -1, "device_end": -1}}, "FFC_sans_bias112": {"write": {"device_start": -1, "host_queued_start": 1585629562.143084, "device_queued": -1, "device_end": -1, "host_queued_end": 1585629562.164473}, "device": "cpu", "nd_range": {"device_start": 2297336.59829584, "device_end": 2297336.609603253}, "cmdq": 2, "read": {"device_start": -1, "device_end": -1}}, "empty53": {"write": {"device_start": -1, "host_queued_start": 1585629562.086494, "device_queued": -1, "device_end": -1, "host_queued_end": 1585629562.164473}, "device": "cpu", "nd_range": {"device_start": 2297336.354175079, "device_end": 2297336.354176096}, "cmdq": 2, "read": {"device_start": -1, "device_end": -1}}, "coalesced_transpose48": {"write": {"device_start": -1, "host_queued_start": 1585629562.136194, "device_queued": -1, "device_end": -1, "host_queued_end": 1585629562.164473}, "device": "cpu", "nd_range": {"device_start": 2297336.5264590373, "device_end": 2297336.5266773943}, "cmdq": 0, "read": {"device_start": -1, "device_end": -1}}}