{"FFC_sans_bias4": {"write": {"device_start": -1, "host_queued_start": 1585629555.95976, "device_queued": -1, "device_end": -1, "host_queued_end": 1585629555.981553}, "device": "cpu", "nd_range": {"device_start": 2297330.359736856, "device_end": 2297330.365188546}, "cmdq": 1, "read": {"device_start": -1, "device_end": -1}}, "FFC_sans_bias7": {"write": {"device_start": -1, "host_queued_start": 1585629555.971501, "device_queued": -1, "device_end": -1, "host_queued_end": 1585629555.981553}, "device": "cpu", "nd_range": {"device_start": 2297330.439106701, "device_end": 2297330.449145831}, "cmdq": 1, "read": {"device_start": -1, "device_end": -1}}, "FFC_sans_bias6": {"write": {"device_start": -1, "host_queued_start": 1585629555.966775, "device_queued": -1, "device_end": -1, "host_queued_end": 1585629555.981553}, "device": "cpu", "nd_range": {"device_start": 2297330.407516639, "device_end": 2297330.4279533853}, "cmdq": 2, "read": {"device_start": -1, "device_end": -1}}, "FFC_sans_bias1": {"write": {"device_start": -1, "host_queued_start": 1585629555.92155, "device_queued": -1, "device_end": -1, "host_queued_end": 1585629555.981553}, "device": "cpu", "nd_range": {"device_start": 2297330.171248674, "device_end": 2297330.1854430963}, "cmdq": 0, "read": {"device_start": -1, "device_end": -1}}, "FFC_sans_bias0": {"write": {"device_start": -1, "host_queued_start": 1585629555.920396, "device_queued": -1, "device_end": -1, "host_queued_end": 1585629555.981553}, "device": "cpu", "nd_range": {"device_start": 2297330.171277883, "device_end": 2297330.184162465}, "cmdq": 2, "read": {"device_start": -1, "device_end": -1}}, "FFC_sans_bias2": {"write": {"device_start": -1, "host_queued_start": 1585629555.922781, "device_queued": -1, "device_end": -1, "host_queued_end": 1585629555.981553}, "device": "cpu", "nd_range": {"device_start": 2297330.171247295, "device_end": 2297330.179455771}, "cmdq": 1, "read": {"device_start": -1, "device_end": -1}}, "coalesced_transpose120": {"write": {"device_start": -1, "host_queued_start": 1585629555.897855, "device_queued": -1, "device_end": -1, "host_queued_end": 1585629555.908537}, "device": "gpu", "nd_range": {"device_start": 1585629489.3133452, "device_end": 1585629489.3133633}, "cmdq": 1, "read": {"device_start": -1, "device_end": -1}}, "FFC_sans_bias9": {"write": {"device_start": -1, "host_queued_start": 1585629555.924091, "device_queued": -1, "device_end": -1, "host_queued_end": 1585629555.981553}, "device": "cpu", "nd_range": {"device_start": 2297330.185431931, "device_end": 2297330.205293075}, "cmdq": 2, "read": {"device_start": -1, "device_end": -1}}, "empty71": {"write": {"device_start": -1, "host_queued_start": 1585629555.916919, "device_queued": -1, "device_end": -1, "host_queued_end": 1585629555.981553}, "device": "cpu", "nd_range": {"device_start": 2297330.171235172, "device_end": 2297330.171236047}, "cmdq": 1, "read": {"device_start": -1, "device_end": -1}}, "softmax41": {"write": {"device_start": -1, "host_queued_start": 1585629555.964732, "device_queued": -1, "device_end": -1, "host_queued_end": 1585629555.981553}, "device": "cpu", "nd_range": {"device_start": 2297330.39215165, "device_end": 2297330.39235701}, "cmdq": 1, "read": {"device_start": -1, "device_end": -1}}, "FFC_sans_bias37": {"write": {"device_start": -1, "host_queued_start": 1585629555.934939, "device_queued": -1, "device_end": -1, "host_queued_end": 1585629555.981553}, "device": "cpu", "nd_range": {"device_start": 2297330.241106145, "device_end": 2297330.253263284}, "cmdq": 0, "read": {"device_start": -1, "device_end": -1}}, "FFC_sans_bias36": {"write": {"device_start": -1, "host_queued_start": 1585629555.933879, "device_queued": -1, "device_end": -1, "host_queued_end": 1585629555.981553}, "device": "cpu", "nd_range": {"device_start": 2297330.235358248, "device_end": 2297330.2532610022}, "cmdq": 2, "read": {"device_start": -1, "device_end": -1}}, "FFC_sans_bias34": {"write": {"device_start": -1, "host_queued_start": 1585629555.974497, "device_queued": -1, "device_end": -1, "host_queued_end": 1585629555.981553}, "device": "cpu", "nd_range": {"device_start": 2297330.449149718, "device_end": 2297330.461579494}, "cmdq": 1, "read": {"device_start": -1, "device_end": -1}}, "FFC_sans_bias33": {"write": {"device_start": -1, "host_queued_start": 1585629555.967834, "device_queued": -1, "device_end": -1, "host_queued_end": 1585629555.981553}, "device": "cpu", "nd_range": {"device_start": 2297330.427962596, "device_end": 2297330.446145907}, "cmdq": 2, "read": {"device_start": -1, "device_end": -1}}, "FFC_sans_bias31": {"write": {"device_start": -1, "host_queued_start": 1585629555.960839, "device_queued": -1, "device_end": -1, "host_queued_end": 1585629555.981553}, "device": "cpu", "nd_range": {"device_start": 2297330.365301851, "device_end": 2297330.373803515}, "cmdq": 1, "read": {"device_start": -1, "device_end": -1}}, "FFC_sans_bias38": {"write": {"device_start": -1, "host_queued_start": 1585629555.93603, "device_queued": -1, "device_end": -1, "host_queued_end": 1585629555.981553}, "device": "cpu", "nd_range": {"device_start": 2297330.2211907953, "device_end": 2297330.241490955}, "cmdq": 1, "read": {"device_start": -1, "device_end": -1}}, "coalesced_transpose75": {"write": {"device_start": -1, "host_queued_start": 1585629555.958739, "device_queued": -1, "device_end": -1, "host_queued_end": 1585629555.981553}, "device": "cpu", "nd_range": {"device_start": 2297330.3247066853, "device_end": 2297330.3249619124}, "cmdq": 1, "read": {"device_start": -1, "device_end": -1}}, "softmax140": {"write": {"device_start": -1, "host_queued_start": 1585629555.901517, "device_queued": -1, "device_end": -1, "host_queued_end": 1585629555.908537}, "device": "gpu", "nd_range": {"device_start": 1585629489.3160515, "device_end": 1585629489.3163493}, "cmdq": 1, "read": {"device_start": -1, "device_end": -1}}, "empty44": {"write": {"device_start": -1, "host_queued_start": 1585629555.91425, "device_queued": -1, "device_end": -1, "host_queued_end": 1585629555.981553}, "device": "cpu", "nd_range": {"device_start": 2297330.171228031, "device_end": 2297330.171229043}, "cmdq": 1, "read": {"device_start": -1, "device_end": -1}}, "FFC_sans_bias137": {"write": {"device_start": 1585629489.3115082, "host_queued_start": 1585629555.89584, "device_queued": 1585629489.3072047, "device_end": 1585629489.311534, "host_queued_end": 1585629555.908537}, "device": "gpu", "nd_range": {"device_start": 1585629489.3115387, "device_end": 1585629489.312868}, "cmdq": 0, "read": {"device_start": -1, "device_end": -1}}, "empty8": {"write": {"device_start": -1, "host_queued_start": 1585629555.910149, "device_queued": -1, "device_end": -1, "host_queued_end": 1585629555.981553}, "device": "cpu", "nd_range": {"device_start": 2297330.171191559, "device_end": 2297330.171204875}, "cmdq": 0, "read": {"device_start": -1, "device_end": -1}}, "softmax50": {"write": {"device_start": -1, "host_queued_start": 1585629555.965009, "device_queued": -1, "device_end": -1, "host_queued_end": 1585629555.981553}, "device": "cpu", "nd_range": {"device_start": 2297330.407073394, "device_end": 2297330.407287214}, "cmdq": 2, "read": {"device_start": -1, "device_end": -1}}, "softmax59": {"write": {"device_start": -1, "host_queued_start": 1585629555.965291, "device_queued": -1, "device_end": -1, "host_queued_end": 1585629555.981553}, "device": "cpu", "nd_range": {"device_start": 2297330.384008291, "device_end": 2297330.384213158}, "cmdq": 0, "read": {"device_start": -1, "device_end": -1}}, "FFC_sans_bias142": {"write": {"device_start": 1585629489.3198683, "host_queued_start": 1585629555.908432, "device_queued": 1585629489.308836, "device_end": 1585629489.3199003, "host_queued_end": 1585629555.908537}, "device": "gpu", "nd_range": {"device_start": 1585629489.3199148, "device_end": 1585629489.3205693}, "cmdq": 2, "read": {"device_start": 1585629489.3205745, "device_end": 1585629489.3205976}}, "FFC_sans_bias141": {"write": {"device_start": -1, "host_queued_start": 1585629555.903158, "device_queued": -1, "device_end": -1, "host_queued_end": 1585629555.908537}, "device": "gpu", "nd_range": {"device_start": 1585629489.317726, "device_end": 1585629489.3191173}, "cmdq": 0, "read": {"device_start": -1, "device_end": -1}}, "FFC_sans_bias24": {"write": {"device_start": -1, "host_queued_start": 1585629555.967482, "device_queued": -1, "device_end": -1, "host_queued_end": 1585629555.981553}, "device": "cpu", "nd_range": {"device_start": 2297330.408267831, "device_end": 2297330.416660726}, "cmdq": 1, "read": {"device_start": -1, "device_end": -1}}, "FFC_sans_bias25": {"write": {"device_start": -1, "host_queued_start": 1585629555.9735, "device_queued": -1, "device_end": -1, "host_queued_end": 1585629555.981553}, "device": "cpu", "nd_range": {"device_start": 2297330.436546393, "device_end": 2297330.453861733}, "cmdq": 0, "read": {"device_start": -1, "device_end": -1}}, "FFC_sans_bias27": {"write": {"device_start": -1, "host_queued_start": 1585629555.93068, "device_queued": -1, "device_end": -1, "host_queued_end": 1585629555.981553}, "device": "cpu", "nd_range": {"device_start": 2297330.2183480123, "device_end": 2297330.227877731}, "cmdq": 2, "read": {"device_start": -1, "device_end": -1}}, "FFC_sans_bias20": {"write": {"device_start": -1, "host_queued_start": 1585629555.929577, "device_queued": -1, "device_end": -1, "host_queued_end": 1585629555.981553}, "device": "cpu", "nd_range": {"device_start": 2297330.191489363, "device_end": 2297330.206186269}, "cmdq": 1, "read": {"device_start": -1, "device_end": -1}}, "FFC_sans_bias22": {"write": {"device_start": -1, "host_queued_start": 1585629555.960488, "device_queued": -1, "device_end": -1, "host_queued_end": 1585629555.981553}, "device": "cpu", "nd_range": {"device_start": 2297330.332773922, "device_end": 2297330.343762854}, "cmdq": 0, "read": {"device_start": -1, "device_end": -1}}, "FFC_sans_bias130": {"write": {"device_start": -1, "host_queued_start": 1585629555.899934, "device_queued": -1, "device_end": -1, "host_queued_end": 1585629555.908537}, "device": "gpu", "nd_range": {"device_start": 1585629489.3143728, "device_end": 1585629489.3158343}, "cmdq": 1, "read": {"device_start": -1, "device_end": -1}}, "FFC_sans_bias28": {"write": {"device_start": -1, "host_queued_start": 1585629555.931733, "device_queued": -1, "device_end": -1, "host_queued_end": 1585629555.981553}, "device": "cpu", "nd_range": {"device_start": 2297330.223214489, "device_end": 2297330.241092285}, "cmdq": 0, "read": {"device_start": -1, "device_end": -1}}, "FFC_sans_bias29": {"write": {"device_start": -1, "host_queued_start": 1585629555.93282, "device_queued": -1, "device_end": -1, "host_queued_end": 1585629555.981553}, "device": "cpu", "nd_range": {"device_start": 2297330.206321157, "device_end": 2297330.221175135}, "cmdq": 1, "read": {"device_start": -1, "device_end": -1}}, "coalesced_transpose66": {"write": {"device_start": -1, "host_queued_start": 1585629555.958397, "device_queued": -1, "device_end": -1, "host_queued_end": 1585629555.981553}, "device": "cpu", "nd_range": {"device_start": 2297330.332240573, "device_end": 2297330.332503421}, "cmdq": 0, "read": {"device_start": -1, "device_end": -1}}, "coalesced_transpose93": {"write": {"device_start": -1, "host_queued_start": 1585629555.959408, "device_queued": -1, "device_end": -1, "host_queued_end": 1585629555.981553}, "device": "cpu", "nd_range": {"device_start": 2297330.332508725, "device_end": 2297330.3327682693}, "cmdq": 0, "read": {"device_start": -1, "device_end": -1}}, "softmax23": {"write": {"device_start": -1, "host_queued_start": 1585629555.964172, "device_queued": -1, "device_end": -1, "host_queued_end": 1585629555.981553}, "device": "cpu", "nd_range": {"device_start": 2297330.406846439, "device_end": 2297330.4070670144}, "cmdq": 2, "read": {"device_start": -1, "device_end": -1}}, "empty62": {"write": {"device_start": -1, "host_queued_start": 1585629555.916078, "device_queued": -1, "device_end": -1, "host_queued_end": 1585629555.981553}, "device": "cpu", "nd_range": {"device_start": 2297330.171236544, "device_end": 2297330.1712373933}, "cmdq": 0, "read": {"device_start": -1, "device_end": -1}}, "FFC_sans_bias10": {"write": {"device_start": -1, "host_queued_start": 1585629555.925285, "device_queued": -1, "device_end": -1, "host_queued_end": 1585629555.981553}, "device": "cpu", "nd_range": {"device_start": 2297330.187505255, "device_end": 2297330.2048769942}, "cmdq": 0, "read": {"device_start": -1, "device_end": -1}}, "FFC_sans_bias13": {"write": {"device_start": -1, "host_queued_start": 1585629555.960115, "device_queued": -1, "device_end": -1, "host_queued_end": 1585629555.981553}, "device": "cpu", "nd_range": {"device_start": 2297330.36494319, "device_end": 2297330.376649292}, "cmdq": 2, "read": {"device_start": -1, "device_end": -1}}, "FFC_sans_bias15": {"write": {"device_start": -1, "host_queued_start": 1585629555.967127, "device_queued": -1, "device_end": -1, "host_queued_end": 1585629555.981553}, "device": "cpu", "nd_range": {"device_start": 2297330.394930336, "device_end": 2297330.401398308}, "cmdq": 0, "read": {"device_start": -1, "device_end": -1}}, "FFC_sans_bias16": {"write": {"device_start": -1, "host_queued_start": 1585629555.972501, "device_queued": -1, "device_end": -1, "host_queued_end": 1585629555.981553}, "device": "cpu", "nd_range": {"device_start": 2297330.476181168, "device_end": 2297330.48642658}, "cmdq": 2, "read": {"device_start": -1, "device_end": -1}}, "FFC_sans_bias19": {"write": {"device_start": -1, "host_queued_start": 1585629555.928516, "device_queued": -1, "device_end": -1, "host_queued_end": 1585629555.981553}, "device": "cpu", "nd_range": {"device_start": 2297330.205438861, "device_end": 2297330.221080564}, "cmdq": 0, "read": {"device_start": -1, "device_end": -1}}, "FFC_sans_bias18": {"write": {"device_start": -1, "host_queued_start": 1585629555.927461, "device_queued": -1, "device_end": -1, "host_queued_end": 1585629555.981553}, "device": "cpu", "nd_range": {"device_start": 2297330.205470569, "device_end": 2297330.214510722}, "cmdq": 2, "read": {"device_start": -1, "device_end": -1}}, "FFC_sans_bias99": {"write": {"device_start": 1585629489.305906, "host_queued_start": 1585629555.881964, "device_queued": 1585629489.305732, "device_end": 1585629489.3059747, "host_queued_end": 1585629555.908537}, "device": "gpu", "nd_range": {"device_start": 1585629489.3059857, "device_end": 1585629489.3065913}, "cmdq": 2, "read": {"device_start": -1, "device_end": -1}}, "FFC_sans_bias91": {"write": {"device_start": -1, "host_queued_start": 1585629555.954618, "device_queued": -1, "device_end": -1, "host_queued_end": 1585629555.981553}, "device": "cpu", "nd_range": {"device_start": 2297330.316744403, "device_end": 2297330.3316226653}, "cmdq": 0, "read": {"device_start": -1, "device_end": -1}}, "FFC_sans_bias90": {"write": {"device_start": -1, "host_queued_start": 1585629555.953551, "device_queued": -1, "device_end": -1, "host_queued_end": 1585629555.981553}, "device": "cpu", "nd_range": {"device_start": 2297330.343782916, "device_end": 2297330.3545139283}, "cmdq": 2, "read": {"device_start": -1, "device_end": -1}}, "coalesced_transpose12": {"write": {"device_start": -1, "host_queued_start": 1585629555.956363, "device_queued": -1, "device_end": -1, "host_queued_end": 1585629555.981553}, "device": "cpu", "nd_range": {"device_start": 2297330.3316425453, "device_end": 2297330.3318083393}, "cmdq": 0, "read": {"device_start": -1, "device_end": -1}}, "FFC_sans_bias94": {"write": {"device_start": -1, "host_queued_start": 1585629555.96333, "device_queued": -1, "device_end": -1, "host_queued_end": 1585629555.981553}, "device": "cpu", "nd_range": {"device_start": 2297330.397532064, "device_end": 2297330.406836599}, "cmdq": 2, "read": {"device_start": -1, "device_end": -1}}, "FFC_sans_bias97": {"write": {"device_start": -1, "host_queued_start": 1585629555.981508, "device_queued": -1, "device_end": -1, "host_queued_end": 1585629555.981553}, "device": "cpu", "nd_range": {"device_start": 2297330.497038572, "device_end": 2297330.50235856}, "cmdq": 2, "read": {"device_start": -1, "device_end": -1}}, "FFC_sans_bias96": {"write": {"device_start": -1, "host_queued_start": 1585629555.970421, "device_queued": -1, "device_end": -1, "host_queued_end": 1585629555.981553}, "device": "cpu", "nd_range": {"device_start": 2297330.4221515353, "device_end": 2297330.4365390483}, "cmdq": 0, "read": {"device_start": -1, "device_end": -1}}, "FFC_sans_bias124": {"write": {"device_start": 1585629489.3192508, "host_queued_start": 1585629555.906294, "device_queued": 1585629489.3086393, "device_end": 1585629489.3192818, "host_queued_end": 1585629555.908537}, "device": "gpu", "nd_range": {"device_start": 1585629489.31929, "device_end": 1585629489.3201013}, "cmdq": 0, "read": {"device_start": 1585629489.3201122, "device_end": 1585629489.320136}}, "FFC_sans_bias126": {"write": {"device_start": 1585629489.3100584, "host_queued_start": 1585629555.892642, "device_queued": 1585629489.3069353, "device_end": 1585629489.3100853, "host_queued_end": 1585629555.908537}, "device": "gpu", "nd_range": {"device_start": 1585629489.3100893, "device_end": 1585629489.3114054}, "cmdq": 0, "read": {"device_start": -1, "device_end": -1}}, "softmax32": {"write": {"device_start": -1, "host_queued_start": 1585629555.96445, "device_queued": -1, "device_end": -1, "host_queued_end": 1585629555.981553}, "device": "cpu", "nd_range": {"device_start": 2297330.374856477, "device_end": 2297330.3750642953}, "cmdq": 0, "read": {"device_start": -1, "device_end": -1}}, "coalesced_transpose84": {"write": {"device_start": -1, "host_queued_start": 1585629555.959073, "device_queued": -1, "device_end": -1, "host_queued_end": 1585629555.981553}, "device": "cpu", "nd_range": {"device_start": 2297330.359743197, "device_end": 2297330.364932823}, "cmdq": 2, "read": {"device_start": -1, "device_end": -1}}, "FFC_sans_bias121": {"write": {"device_start": -1, "host_queued_start": 1585629555.899607, "device_queued": -1, "device_end": -1, "host_queued_end": 1585629555.908537}, "device": "gpu", "nd_range": {"device_start": 1585629489.313383, "device_end": 1585629489.314936}, "cmdq": 0, "read": {"device_start": -1, "device_end": -1}}, "empty98": {"write": {"device_start": -1, "host_queued_start": 1585629555.919424, "device_queued": -1, "device_end": -1, "host_queued_end": 1585629555.981553}, "device": "cpu", "nd_range": {"device_start": 2297330.171241112, "device_end": 2297330.171241869}, "cmdq": 1, "read": {"device_start": -1, "device_end": -1}}, "empty107": {"write": {"device_start": 1585629489.3053567, "host_queued_start": 1585629555.877287, "device_queued": 1585629489.3052053, "device_end": 1585629489.3054059, "host_queued_end": 1585629555.908537}, "device": "gpu", "nd_range": {"device_start": 1585629489.3054142, "device_end": 1585629489.3054202}, "cmdq": 0, "read": {"device_start": -1, "device_end": -1}}, "empty17": {"write": {"device_start": -1, "host_queued_start": 1585629555.911292, "device_queued": -1, "device_end": -1, "host_queued_end": 1585629555.981553}, "device": "cpu", "nd_range": {"device_start": 2297330.171191635, "device_end": 2297330.1712048473}, "cmdq": 1, "read": {"device_start": -1, "device_end": -1}}, "FFC_sans_bias87": {"write": {"device_start": -1, "host_queued_start": 1585629555.970063, "device_queued": -1, "device_end": -1, "host_queued_end": 1585629555.981553}, "device": "cpu", "nd_range": {"device_start": 2297330.461200696, "device_end": 2297330.47615869}, "cmdq": 2, "read": {"device_start": -1, "device_end": -1}}, "FFC_sans_bias85": {"write": {"device_start": -1, "host_queued_start": 1585629555.962983, "device_queued": -1, "device_end": -1, "host_queued_end": 1585629555.981553}, "device": "cpu", "nd_range": {"device_start": 2297330.383857511, "device_end": 2297330.391706136}, "cmdq": 1, "read": {"device_start": -1, "device_end": -1}}, "FFC_sans_bias82": {"write": {"device_start": -1, "host_queued_start": 1585629555.951431, "device_queued": -1, "device_end": -1, "host_queued_end": 1585629555.981553}, "device": "cpu", "nd_range": {"device_start": 2297330.303198268, "device_end": 2297330.316628341}, "cmdq": 0, "read": {"device_start": -1, "device_end": -1}}, "FFC_sans_bias83": {"write": {"device_start": -1, "host_queued_start": 1585629555.952494, "device_queued": -1, "device_end": -1, "host_queued_end": 1585629555.981553}, "device": "cpu", "nd_range": {"device_start": 2297330.29672868, "device_end": 2297330.315537399}, "cmdq": 1, "read": {"device_start": -1, "device_end": -1}}, "FFC_sans_bias81": {"write": {"device_start": -1, "host_queued_start": 1585629555.950354, "device_queued": -1, "device_end": -1, "host_queued_end": 1585629555.981553}, "device": "cpu", "nd_range": {"device_start": 2297330.331630738, "device_end": 2297330.3436473943}, "cmdq": 2, "read": {"device_start": -1, "device_end": -1}}, "FFC_sans_bias88": {"write": {"device_start": -1, "host_queued_start": 1585629555.980509, "device_queued": -1, "device_end": -1, "host_queued_end": 1585629555.981553}, "device": "cpu", "nd_range": {"device_start": 2297330.476181329, "device_end": 2297330.483335892}, "cmdq": 1, "read": {"device_start": -1, "device_end": -1}}, "coalesced_transpose30": {"write": {"device_start": -1, "host_queued_start": 1585629555.957043, "device_queued": -1, "device_end": -1, "host_queued_end": 1585629555.981553}, "device": "cpu", "nd_range": {"device_start": 2297330.359355226, "device_end": 2297330.3595698993}, "cmdq": 2, "read": {"device_start": -1, "device_end": -1}}, "FFC_sans_bias128": {"write": {"device_start": 1585629489.3095973, "host_queued_start": 1585629555.89159, "device_queued": 1585629489.306667, "device_end": 1585629489.3096235, "host_queued_end": 1585629555.908537}, "device": "gpu", "nd_range": {"device_start": 1585629489.3096294, "device_end": 1585629489.3109367}, "cmdq": 2, "read": {"device_start": -1, "device_end": -1}}, "coalesced_transpose39": {"write": {"device_start": -1, "host_queued_start": 1585629555.957383, "device_queued": -1, "device_end": -1, "host_queued_end": 1585629555.981553}, "device": "cpu", "nd_range": {"device_start": 2297330.331821865, "device_end": 2297330.332222438}, "cmdq": 0, "read": {"device_start": -1, "device_end": -1}}, "FFC_sans_bias79": {"write": {"device_start": -1, "host_queued_start": 1585629555.979515, "device_queued": -1, "device_end": -1, "host_queued_end": 1585629555.981553}, "device": "cpu", "nd_range": {"device_start": 2297330.4664185583, "device_end": 2297330.475397657}, "cmdq": 0, "read": {"device_start": -1, "device_end": -1}}, "FFC_sans_bias78": {"write": {"device_start": -1, "host_queued_start": 1585629555.969697, "device_queued": -1, "device_end": -1, "host_queued_end": 1585629555.981553}, "device": "cpu", "nd_range": {"device_start": 2297330.431465743, "device_end": 2297330.439099626}, "cmdq": 1, "read": {"device_start": -1, "device_end": -1}}, "FFC_sans_bias73": {"write": {"device_start": -1, "host_queued_start": 1585629555.948166, "device_queued": -1, "device_end": -1, "host_queued_end": 1585629555.981553}, "device": "cpu", "nd_range": {"device_start": 2297330.292603951, "device_end": 2297330.303076373}, "cmdq": 0, "read": {"device_start": -1, "device_end": -1}}, "FFC_sans_bias72": {"write": {"device_start": -1, "host_queued_start": 1585629555.947082, "device_queued": -1, "device_end": -1, "host_queued_end": 1585629555.981553}, "device": "cpu", "nd_range": {"device_start": 2297330.324011999, "device_end": 2297330.3316226383}, "cmdq": 2, "read": {"device_start": -1, "device_end": -1}}, "FFC_sans_bias70": {"write": {"device_start": -1, "host_queued_start": 1585629555.978502, "device_queued": -1, "device_end": -1, "host_queued_end": 1585629555.981553}, "device": "cpu", "nd_range": {"device_start": 2297330.4917672183, "device_end": 2297330.4970344873}, "cmdq": 2, "read": {"device_start": -1, "device_end": -1}}, "FFC_sans_bias76": {"write": {"device_start": -1, "host_queued_start": 1585629555.962632, "device_queued": -1, "device_end": -1, "host_queued_end": 1585629555.981553}, "device": "cpu", "nd_range": {"device_start": 2297330.353981079, "device_end": 2297330.359737128}, "cmdq": 0, "read": {"device_start": -1, "device_end": -1}}, "FFC_sans_bias74": {"write": {"device_start": -1, "host_queued_start": 1585629555.949261, "device_queued": -1, "device_end": -1, "host_queued_end": 1585629555.981553}, "device": "cpu", "nd_range": {"device_start": 2297330.2882694, "device_end": 2297330.296611701}, "cmdq": 1, "read": {"device_start": -1, "device_end": -1}}, "coalesced_transpose102": {"write": {"device_start": -1, "host_queued_start": 1585629555.897231, "device_queued": -1, "device_end": -1, "host_queued_end": 1585629555.908537}, "device": "gpu", "nd_range": {"device_start": 1585629489.3123767, "device_end": 1585629489.3132024}, "cmdq": 2, "read": {"device_start": -1, "device_end": -1}}, "coalesced_transpose3": {"write": {"device_start": -1, "host_queued_start": 1585629555.956023, "device_queued": -1, "device_end": -1, "host_queued_end": 1585629555.981553}, "device": "cpu", "nd_range": {"device_start": 2297330.35452345, "device_end": 2297330.359345862}, "cmdq": 2, "read": {"device_start": -1, "device_end": -1}}, "FFC_sans_bias127": {"write": {"device_start": 1585629489.3105443, "host_queued_start": 1585629555.893689, "device_queued": 1585629489.3069842, "device_end": 1585629489.3105702, "host_queued_end": 1585629555.908537}, "device": "gpu", "nd_range": {"device_start": 1585629489.3105757, "device_end": 1585629489.3119173}, "cmdq": 1, "read": {"device_start": -1, "device_end": -1}}, "empty89": {"write": {"device_start": -1, "host_queued_start": 1585629555.918614, "device_queued": -1, "device_end": -1, "host_queued_end": 1585629555.981553}, "device": "cpu", "nd_range": {"device_start": 2297330.171242713, "device_end": 2297330.171243317}, "cmdq": 0, "read": {"device_start": -1, "device_end": -1}}, "FFC_sans_bias123": {"write": {"device_start": -1, "host_queued_start": 1585629555.902501, "device_queued": -1, "device_end": -1, "host_queued_end": 1585629555.908537}, "device": "gpu", "nd_range": {"device_start": 1585629489.3163571, "device_end": 1585629489.317137}, "cmdq": 1, "read": {"device_start": -1, "device_end": -1}}, "empty80": {"write": {"device_start": -1, "host_queued_start": 1585629555.917758, "device_queued": -1, "device_end": -1, "host_queued_end": 1585629555.981553}, "device": "cpu", "nd_range": {"device_start": 2297330.171270797, "device_end": 2297330.171271562}, "cmdq": 2, "read": {"device_start": -1, "device_end": -1}}, "empty116": {"write": {"device_start": 1585629489.3054602, "host_queued_start": 1585629555.878338, "device_queued": 1585629489.3053453, "device_end": 1585629489.305528, "host_queued_end": 1585629555.908537}, "device": "gpu", "nd_range": {"device_start": 1585629489.3055325, "device_end": 1585629489.30554}, "cmdq": 1, "read": {"device_start": -1, "device_end": -1}}, "softmax104": {"write": {"device_start": -1, "host_queued_start": 1585629555.90051, "device_queued": -1, "device_end": -1, "host_queued_end": 1585629555.908537}, "device": "gpu", "nd_range": {"device_start": 1585629489.3149433, "device_end": 1585629489.316116}, "cmdq": 0, "read": {"device_start": -1, "device_end": -1}}, "coalesced_transpose21": {"write": {"device_start": -1, "host_queued_start": 1585629555.956703, "device_queued": -1, "device_end": -1, "host_queued_end": 1585629555.981553}, "device": "cpu", "nd_range": {"device_start": 2297330.323946285, "device_end": 2297330.324219772}, "cmdq": 1, "read": {"device_start": -1, "device_end": -1}}, "softmax14": {"write": {"device_start": -1, "host_queued_start": 1585629555.963894, "device_queued": -1, "device_end": -1, "host_queued_end": 1585629555.981553}, "device": "cpu", "nd_range": {"device_start": 2297330.391815929, "device_end": 2297330.392037764}, "cmdq": 1, "read": {"device_start": -1, "device_end": -1}}, "FFC_sans_bias69": {"write": {"device_start": -1, "host_queued_start": 1585629555.969334, "device_queued": -1, "device_end": -1, "host_queued_end": 1585629555.981553}, "device": "cpu", "nd_range": {"device_start": 2297330.410698914, "device_end": 2297330.422144047}, "cmdq": 0, "read": {"device_start": -1, "device_end": -1}}, "FFC_sans_bias92": {"write": {"device_start": -1, "host_queued_start": 1585629555.95568, "device_queued": -1, "device_end": -1, "host_queued_end": 1585629555.981553}, "device": "cpu", "nd_range": {"device_start": 2297330.315655863, "device_end": 2297330.323827295}, "cmdq": 1, "read": {"device_start": -1, "device_end": -1}}, "FFC_sans_bias60": {"write": {"device_start": -1, "host_queued_start": 1585629555.96897, "device_queued": -1, "device_end": -1, "host_queued_end": 1585629555.981553}, "device": "cpu", "nd_range": {"device_start": 2297330.446154722, "device_end": 2297330.461191481}, "cmdq": 2, "read": {"device_start": -1, "device_end": -1}}, "FFC_sans_bias61": {"write": {"device_start": -1, "host_queued_start": 1585629555.977503, "device_queued": -1, "device_end": -1, "host_queued_end": 1585629555.981553}, "device": "cpu", "nd_range": {"device_start": 2297330.4615838053, "device_end": 2297330.476158853}, "cmdq": 1, "read": {"device_start": -1, "device_end": -1}}, "FFC_sans_bias63": {"write": {"device_start": -1, "host_queued_start": 1585629555.945982, "device_queued": -1, "device_end": -1, "host_queued_end": 1585629555.981553}, "device": "cpu", "nd_range": {"device_start": 2297330.278147067, "device_end": 2297330.288149247}, "cmdq": 1, "read": {"device_start": -1, "device_end": -1}}, "FFC_sans_bias64": {"write": {"device_start": -1, "host_queued_start": 1585629555.943796, "device_queued": -1, "device_end": -1, "host_queued_end": 1585629555.981553}, "device": "cpu", "nd_range": {"device_start": 2297330.3040100993, "device_end": 2297330.3144287593}, "cmdq": 2, "read": {"device_start": -1, "device_end": -1}}, "FFC_sans_bias65": {"write": {"device_start": -1, "host_queued_start": 1585629555.944897, "device_queued": -1, "device_end": -1, "host_queued_end": 1585629555.981553}, "device": "cpu", "nd_range": {"device_start": 2297330.27011221, "device_end": 2297330.2924798704}, "cmdq": 0, "read": {"device_start": -1, "device_end": -1}}, "FFC_sans_bias67": {"write": {"device_start": -1, "host_queued_start": 1585629555.962276, "device_queued": -1, "device_end": -1, "host_queued_end": 1585629555.981553}, "device": "cpu", "nd_range": {"device_start": 2297330.3891874803, "device_end": 2297330.397521296}, "cmdq": 2, "read": {"device_start": -1, "device_end": -1}}, "coalesced_transpose111": {"write": {"device_start": -1, "host_queued_start": 1585629555.897539, "device_queued": -1, "device_end": -1, "host_queued_end": 1585629555.908537}, "device": "gpu", "nd_range": {"device_start": 1585629489.3128695, "device_end": 1585629489.3132129}, "cmdq": 0, "read": {"device_start": -1, "device_end": -1}}, "FFC_sans_bias136": {"write": {"device_start": 1585629489.3110507, "host_queued_start": 1585629555.894787, "device_queued": 1585629489.307146, "device_end": 1585629489.3110769, "host_queued_end": 1585629555.908537}, "device": "gpu", "nd_range": {"device_start": 1585629489.311085, "device_end": 1585629489.3123753}, "cmdq": 2, "read": {"device_start": -1, "device_end": -1}}, "FFC_sans_bias135": {"write": {"device_start": 1585629489.3120086, "host_queued_start": 1585629555.89689, "device_queued": 1585629489.3073556, "device_end": 1585629489.312034, "host_queued_end": 1585629555.908537}, "device": "gpu", "nd_range": {"device_start": 1585629489.3120413, "device_end": 1585629489.3133402}, "cmdq": 1, "read": {"device_start": -1, "device_end": -1}}, "FFC_sans_bias133": {"write": {"device_start": 1585629489.3200366, "host_queued_start": 1585629555.907357, "device_queued": 1585629489.3088667, "device_end": 1585629489.320067, "host_queued_end": 1585629555.908537}, "device": "gpu", "nd_range": {"device_start": 1585629489.3200753, "device_end": 1585629489.3210697}, "cmdq": 1, "read": {"device_start": 1585629489.3210747, "device_end": 1585629489.3210995}}, "FFC_sans_bias132": {"write": {"device_start": -1, "host_queued_start": 1585629555.90284, "device_queued": -1, "device_end": -1, "host_queued_end": 1585629555.908537}, "device": "gpu", "nd_range": {"device_start": 1585629489.3167427, "device_end": 1585629489.318128}, "cmdq": 2, "read": {"device_start": -1, "device_end": -1}}, "softmax68": {"write": {"device_start": -1, "host_queued_start": 1585629555.965569, "device_queued": -1, "device_end": -1, "host_queued_end": 1585629555.981553}, "device": "cpu", "nd_range": {"device_start": 2297330.398880511, "device_end": 2297330.3990881103}, "cmdq": 1, "read": {"device_start": -1, "device_end": -1}}, "softmax131": {"write": {"device_start": -1, "host_queued_start": 1585629555.901258, "device_queued": -1, "device_end": -1, "host_queued_end": 1585629555.908537}, "device": "gpu", "nd_range": {"device_start": 1585629489.3161232, "device_end": 1585629489.316494}, "cmdq": 0, "read": {"device_start": -1, "device_end": -1}}, "empty125": {"write": {"device_start": 1585629489.3055565, "host_queued_start": 1585629555.879306, "device_queued": 1585629489.3053746, "device_end": 1585629489.3056293, "host_queued_end": 1585629555.908537}, "device": "gpu", "nd_range": {"device_start": 1585629489.3056324, "device_end": 1585629489.3056366}, "cmdq": 2, "read": {"device_start": -1, "device_end": -1}}, "FFC_sans_bias139": {"write": {"device_start": -1, "host_queued_start": 1585629555.900252, "device_queued": -1, "device_end": -1, "host_queued_end": 1585629555.908537}, "device": "gpu", "nd_range": {"device_start": 1585629489.313973, "device_end": 1585629489.315361}, "cmdq": 2, "read": {"device_start": -1, "device_end": -1}}, "empty35": {"write": {"device_start": -1, "host_queued_start": 1585629555.913325, "device_queued": -1, "device_end": -1, "host_queued_end": 1585629555.981553}, "device": "cpu", "nd_range": {"device_start": 2297330.17122862, "device_end": 2297330.171229788}, "cmdq": 0, "read": {"device_start": -1, "device_end": -1}}, "softmax86": {"write": {"device_start": -1, "host_queued_start": 1585629555.966134, "device_queued": -1, "device_end": -1, "host_queued_end": 1585629555.981553}, "device": "cpu", "nd_range": {"device_start": 2297330.394717953, "device_end": 2297330.3949228143}, "cmdq": 0, "read": {"device_start": -1, "device_end": -1}}, "FFC_sans_bias55": {"write": {"device_start": -1, "host_queued_start": 1585629555.942701, "device_queued": -1, "device_end": -1, "host_queued_end": 1585629555.981553}, "device": "cpu", "nd_range": {"device_start": 2297330.269469542, "device_end": 2297330.2780221063}, "cmdq": 1, "read": {"device_start": -1, "device_end": -1}}, "FFC_sans_bias54": {"write": {"device_start": -1, "host_queued_start": 1585629555.941607, "device_queued": -1, "device_end": -1, "host_queued_end": 1585629555.981553}, "device": "cpu", "nd_range": {"device_start": 2297330.260933068, "device_end": 2297330.2699955623}, "cmdq": 0, "read": {"device_start": -1, "device_end": -1}}, "FFC_sans_bias56": {"write": {"device_start": -1, "host_queued_start": 1585629555.940518, "device_queued": -1, "device_end": -1, "host_queued_end": 1585629555.981553}, "device": "cpu", "nd_range": {"device_start": 2297330.280010921, "device_end": 2297330.29182633}, "cmdq": 2, "read": {"device_start": -1, "device_end": -1}}, "FFC_sans_bias51": {"write": {"device_start": -1, "host_queued_start": 1585629555.968607, "device_queued": -1, "device_end": -1, "host_queued_end": 1585629555.981553}, "device": "cpu", "nd_range": {"device_start": 2297330.416667763, "device_end": 2297330.4314579363}, "cmdq": 1, "read": {"device_start": -1, "device_end": -1}}, "FFC_sans_bias52": {"write": {"device_start": -1, "host_queued_start": 1585629555.976501, "device_queued": -1, "device_end": -1, "host_queued_end": 1585629555.981553}, "device": "cpu", "nd_range": {"device_start": 2297330.4538663803, "device_end": 2297330.466412743}, "cmdq": 0, "read": {"device_start": -1, "device_end": -1}}, "FFC_sans_bias58": {"write": {"device_start": -1, "host_queued_start": 1585629555.961883, "device_queued": -1, "device_end": -1, "host_queued_end": 1585629555.981553}, "device": "cpu", "nd_range": {"device_start": 2297330.3739220793, "device_end": 2297330.383740405}, "cmdq": 1, "read": {"device_start": -1, "device_end": -1}}, "FFC_sans_bias108": {"write": {"device_start": 1585629489.3067164, "host_queued_start": 1585629555.885165, "device_queued": 1585629489.3060331, "device_end": 1585629489.3067474, "host_queued_end": 1585629555.908537}, "device": "gpu", "nd_range": {"device_start": 1585629489.3067532, "device_end": 1585629489.3079884}, "cmdq": 2, "read": {"device_start": -1, "device_end": -1}}, "FFC_sans_bias109": {"write": {"device_start": 1585629489.3070865, "host_queued_start": 1585629555.88621, "device_queued": 1585629489.3061986, "device_end": 1585629489.307116, "host_queued_end": 1585629555.908537}, "device": "gpu", "nd_range": {"device_start": 1585629489.3071184, "device_end": 1585629489.3085356}, "cmdq": 0, "read": {"device_start": -1, "device_end": -1}}, "coalesced_transpose129": {"write": {"device_start": -1, "host_queued_start": 1585629555.898162, "device_queued": -1, "device_end": -1, "host_queued_end": 1585629555.908537}, "device": "gpu", "nd_range": {"device_start": 1585629489.31321, "device_end": 1585629489.3132284}, "cmdq": 2, "read": {"device_start": -1, "device_end": -1}}, "FFC_sans_bias103": {"write": {"device_start": -1, "host_queued_start": 1585629555.89881, "device_queued": -1, "device_end": -1, "host_queued_end": 1585629555.908537}, "device": "gpu", "nd_range": {"device_start": 1585629489.3133717, "device_end": 1585629489.3143656}, "cmdq": 1, "read": {"device_start": -1, "device_end": -1}}, "FFC_sans_bias100": {"write": {"device_start": 1585629489.3060029, "host_queued_start": 1585629555.88305, "device_queued": 1585629489.305802, "device_end": 1585629489.3060303, "host_queued_end": 1585629555.908537}, "device": "gpu", "nd_range": {"device_start": 1585629489.3060327, "device_end": 1585629489.306997}, "cmdq": 0, "read": {"device_start": -1, "device_end": -1}}, "FFC_sans_bias101": {"write": {"device_start": 1585629489.3061106, "host_queued_start": 1585629555.884109, "device_queued": 1585629489.3060129, "device_end": 1585629489.3061404, "host_queued_end": 1585629555.908537}, "device": "gpu", "nd_range": {"device_start": 1585629489.3061433, "device_end": 1585629489.3075635}, "cmdq": 1, "read": {"device_start": -1, "device_end": -1}}, "FFC_sans_bias106": {"write": {"device_start": 1585629489.317273, "host_queued_start": 1585629555.90418, "device_queued": 1585629489.308533, "device_end": 1585629489.317304, "host_queued_end": 1585629555.908537}, "device": "gpu", "nd_range": {"device_start": 1585629489.3173203, "device_end": 1585629489.3186898}, "cmdq": 1, "read": {"device_start": 1585629489.3186972, "device_end": 1585629489.3187335}}, "softmax122": {"write": {"device_start": -1, "host_queued_start": 1585629555.901009, "device_queued": -1, "device_end": -1, "host_queued_end": 1585629555.908537}, "device": "gpu", "nd_range": {"device_start": 1585629489.3153691, "device_end": 1585629489.316114}, "cmdq": 2, "read": {"device_start": -1, "device_end": -1}}, "FFC_sans_bias105": {"write": {"device_start": -1, "host_queued_start": 1585629555.901836, "device_queued": -1, "device_end": -1, "host_queued_end": 1585629555.908537}, "device": "gpu", "nd_range": {"device_start": 1585629489.3161335, "device_end": 1585629489.316735}, "cmdq": 2, "read": {"device_start": -1, "device_end": -1}}, "softmax95": {"write": {"device_start": -1, "host_queued_start": 1585629555.966419, "device_queued": -1, "device_end": -1, "host_queued_end": 1585629555.981553}, "device": "cpu", "nd_range": {"device_start": 2297330.408052448, "device_end": 2297330.408259406}, "cmdq": 1, "read": {"device_start": -1, "device_end": -1}}, "coalesced_transpose57": {"write": {"device_start": -1, "host_queued_start": 1585629555.958064, "device_queued": -1, "device_end": -1, "host_queued_end": 1585629555.981553}, "device": "cpu", "nd_range": {"device_start": 2297330.359577775, "device_end": 2297330.359737173}, "cmdq": 2, "read": {"device_start": -1, "device_end": -1}}, "empty26": {"write": {"device_start": -1, "host_queued_start": 1585629555.912345, "device_queued": -1, "device_end": -1, "host_queued_end": 1585629555.981553}, "device": "cpu", "nd_range": {"device_start": 2297330.171236967, "device_end": 2297330.171241111}, "cmdq": 2, "read": {"device_start": -1, "device_end": -1}}, "softmax113": {"write": {"device_start": -1, "host_queued_start": 1585629555.90076, "device_queued": -1, "device_end": -1, "host_queued_end": 1585629555.908537}, "device": "gpu", "nd_range": {"device_start": 1585629489.3158417, "device_end": 1585629489.3160448}, "cmdq": 1, "read": {"device_start": -1, "device_end": -1}}, "FFC_sans_bias11": {"write": {"device_start": -1, "host_queued_start": 1585629555.926381, "device_queued": -1, "device_end": -1, "host_queued_end": 1585629555.981553}, "device": "cpu", "nd_range": {"device_start": 2297330.179584805, "device_end": 2297330.191090784}, "cmdq": 1, "read": {"device_start": -1, "device_end": -1}}, "FFC_sans_bias42": {"write": {"device_start": -1, "host_queued_start": 1585629555.968224, "device_queued": -1, "device_end": -1, "host_queued_end": 1585629555.981553}, "device": "cpu", "nd_range": {"device_start": 2297330.401405644, "device_end": 2297330.410689439}, "cmdq": 0, "read": {"device_start": -1, "device_end": -1}}, "FFC_sans_bias43": {"write": {"device_start": -1, "host_queued_start": 1585629555.975501, "device_queued": -1, "device_end": -1, "host_queued_end": 1585629555.981553}, "device": "cpu", "nd_range": {"device_start": 2297330.486443426, "device_end": 2297330.491762779}, "cmdq": 2, "read": {"device_start": -1, "device_end": -1}}, "FFC_sans_bias40": {"write": {"device_start": -1, "host_queued_start": 1585629555.961188, "device_queued": -1, "device_end": -1, "host_queued_end": 1585629555.981553}, "device": "cpu", "nd_range": {"device_start": 2297330.3766570073, "device_end": 2297330.389175247}, "cmdq": 2, "read": {"device_start": -1, "device_end": -1}}, "FFC_sans_bias46": {"write": {"device_start": -1, "host_queued_start": 1585629555.938314, "device_queued": -1, "device_end": -1, "host_queued_end": 1585629555.981553}, "device": "cpu", "nd_range": {"device_start": 2297330.2532702424, "device_end": 2297330.260797698}, "cmdq": 0, "read": {"device_start": -1, "device_end": -1}}, "FFC_sans_bias47": {"write": {"device_start": -1, "host_queued_start": 1585629555.939421, "device_queued": -1, "device_end": -1, "host_queued_end": 1585629555.981553}, "device": "cpu", "nd_range": {"device_start": 2297330.241499938, "device_end": 2297330.2693490214}, "cmdq": 1, "read": {"device_start": -1, "device_end": -1}}, "FFC_sans_bias45": {"write": {"device_start": -1, "host_queued_start": 1585629555.937117, "device_queued": -1, "device_end": -1, "host_queued_end": 1585629555.981553}, "device": "cpu", "nd_range": {"device_start": 2297330.253281367, "device_end": 2297330.2686282303}, "cmdq": 2, "read": {"device_start": -1, "device_end": -1}}, "FFC_sans_bias49": {"write": {"device_start": -1, "host_queued_start": 1585629555.961536, "device_queued": -1, "device_end": -1, "host_queued_end": 1585629555.981553}, "device": "cpu", "nd_range": {"device_start": 2297330.343881002, "device_end": 2297330.35397324}, "cmdq": 0, "read": {"device_start": -1, "device_end": -1}}, "softmax77": {"write": {"device_start": -1, "host_queued_start": 1585629555.965848, "device_queued": -1, "device_end": -1, "host_queued_end": 1585629555.981553}, "device": "cpu", "nd_range": {"device_start": 2297330.407293891, "device_end": 2297330.407509853}, "cmdq": 2, "read": {"device_start": -1, "device_end": -1}}, "empty134": {"write": {"device_start": 1585629489.3056524, "host_queued_start": 1585629555.880164, "device_queued": 1585629489.3055034, "device_end": 1585629489.3056784, "host_queued_end": 1585629555.908537}, "device": "gpu", "nd_range": {"device_start": 1585629489.3056834, "device_end": 1585629489.305691}, "cmdq": 0, "read": {"device_start": -1, "device_end": -1}}, "coalesced_transpose138": {"write": {"device_start": -1, "host_queued_start": 1585629555.898463, "device_queued": -1, "device_end": -1, "host_queued_end": 1585629555.908537}, "device": "gpu", "nd_range": {"device_start": 1585629489.313222, "device_end": 1585629489.3132422}, "cmdq": 0, "read": {"device_start": -1, "device_end": -1}}, "FFC_sans_bias119": {"write": {"device_start": 1585629489.3090923, "host_queued_start": 1585629555.890496, "device_queued": 1585629489.3066404, "device_end": 1585629489.309119, "host_queued_end": 1585629555.908537}, "device": "gpu", "nd_range": {"device_start": 1585629489.309127, "device_end": 1585629489.3104327}, "cmdq": 1, "read": {"device_start": -1, "device_end": -1}}, "FFC_sans_bias118": {"write": {"device_start": 1585629489.30865, "host_queued_start": 1585629555.889399, "device_queued": 1585629489.3064513, "device_end": 1585629489.3086762, "host_queued_end": 1585629555.908537}, "device": "gpu", "nd_range": {"device_start": 1585629489.3086824, "device_end": 1585629489.3099625}, "cmdq": 0, "read": {"device_start": -1, "device_end": -1}}, "empty143": {"write": {"device_start": 1585629489.3058195, "host_queued_start": 1585629555.880983, "device_queued": 1585629489.3057055, "device_end": 1585629489.3058994, "host_queued_end": 1585629555.908537}, "device": "gpu", "nd_range": {"device_start": 1585629489.3059318, "device_end": 1585629489.305963}, "cmdq": 1, "read": {"device_start": -1, "device_end": -1}}, "FFC_sans_bias115": {"write": {"device_start": 1585629489.318255, "host_queued_start": 1585629555.905236, "device_queued": 1585629489.30842, "device_end": 1585629489.3182862, "host_queued_end": 1585629555.908537}, "device": "gpu", "nd_range": {"device_start": 1585629489.3183022, "device_end": 1585629489.3196254}, "cmdq": 2, "read": {"device_start": 1585629489.3196304, "device_end": 1585629489.3196552}}, "FFC_sans_bias114": {"write": {"device_start": -1, "host_queued_start": 1585629555.902163, "device_queued": -1, "device_end": -1, "host_queued_end": 1585629555.908537}, "device": "gpu", "nd_range": {"device_start": 1585629489.3165007, "device_end": 1585629489.317719}, "cmdq": 0, "read": {"device_start": -1, "device_end": -1}}, "FFC_sans_bias117": {"write": {"device_start": 1585629489.308113, "host_queued_start": 1585629555.888349, "device_queued": 1585629489.3063765, "device_end": 1585629489.3081446, "host_queued_end": 1585629555.908537}, "device": "gpu", "nd_range": {"device_start": 1585629489.308149, "device_end": 1585629489.3094819}, "cmdq": 2, "read": {"device_start": -1, "device_end": -1}}, "softmax5": {"write": {"device_start": -1, "host_queued_start": 1585629555.963614, "device_queued": -1, "device_end": -1, "host_queued_end": 1585629555.981553}, "device": "cpu", "nd_range": {"device_start": 2297330.3687733933, "device_end": 2297330.3689905}, "cmdq": 0, "read": {"device_start": -1, "device_end": -1}}, "FFC_sans_bias110": {"write": {"device_start": 1585629489.3076715, "host_queued_start": 1585629555.887306, "device_queued": 1585629489.3062398, "device_end": 1585629489.3077028, "host_queued_end": 1585629555.908537}, "device": "gpu", "nd_range": {"device_start": 1585629489.3077059, "device_end": 1585629489.3089805}, "cmdq": 1, "read": {"device_start": -1, "device_end": -1}}, "FFC_sans_bias112": {"write": {"device_start": -1, "host_queued_start": 1585629555.899251, "device_queued": -1, "device_end": -1, "host_queued_end": 1585629555.908537}, "device": "gpu", "nd_range": {"device_start": 1585629489.313357, "device_end": 1585629489.3139648}, "cmdq": 2, "read": {"device_start": -1, "device_end": -1}}, "empty53": {"write": {"device_start": -1, "host_queued_start": 1585629555.915177, "device_queued": -1, "device_end": -1, "host_queued_end": 1585629555.981553}, "device": "cpu", "nd_range": {"device_start": 2297330.171259847, "device_end": 2297330.171262151}, "cmdq": 2, "read": {"device_start": -1, "device_end": -1}}, "coalesced_transpose48": {"write": {"device_start": -1, "host_queued_start": 1585629555.957729, "device_queued": -1, "device_end": -1, "host_queued_end": 1585629555.981553}, "device": "cpu", "nd_range": {"device_start": 2297330.324338282, "device_end": 2297330.324594837}, "cmdq": 1, "read": {"device_start": -1, "device_end": -1}}}