{"FFC_sans_bias4": {"write": {"device_start": -1, "host_queued_start": 1585630164.443912, "device_queued": -1, "device_end": -1, "host_queued_end": 1585630164.461663}, "device": "cpu", "nd_range": {"device_start": 2297938.795814341, "device_end": 2297938.810979953}, "cmdq": 0, "read": {"device_start": -1, "device_end": -1}}, "FFC_sans_bias7": {"write": {"device_start": -1, "host_queued_start": 1585630164.453633, "device_queued": -1, "device_end": -1, "host_queued_end": 1585630164.461663}, "device": "cpu", "nd_range": {"device_start": 2297938.895913851, "device_end": 2297938.9062594404}, "cmdq": 2, "read": {"device_start": -1, "device_end": -1}}, "FFC_sans_bias6": {"write": {"device_start": -1, "host_queued_start": 1585630164.449696, "device_queued": -1, "device_end": -1, "host_queued_end": 1585630164.461663}, "device": "cpu", "nd_range": {"device_start": 2297938.8303740183, "device_end": 2297938.846238145}, "cmdq": 3, "read": {"device_start": -1, "device_end": -1}}, "FFC_sans_bias1": {"write": {"device_start": -1, "host_queued_start": 1585630164.412993, "device_queued": -1, "device_end": -1, "host_queued_end": 1585630164.461663}, "device": "cpu", "nd_range": {"device_start": 2297938.651331828, "device_end": 2297938.6668690233}, "cmdq": 0, "read": {"device_start": -1, "device_end": -1}}, "FFC_sans_bias0": {"write": {"device_start": -1, "host_queued_start": 1585630164.41193, "device_queued": -1, "device_end": -1, "host_queued_end": 1585630164.461663}, "device": "cpu", "nd_range": {"device_start": 2297938.651354163, "device_end": 2297938.6687474623}, "cmdq": 4, "read": {"device_start": -1, "device_end": -1}}, "FFC_sans_bias2": {"write": {"device_start": -1, "host_queued_start": 1585630164.414061, "device_queued": -1, "device_end": -1, "host_queued_end": 1585630164.461663}, "device": "cpu", "nd_range": {"device_start": 2297938.65133173, "device_end": 2297938.6666743113}, "cmdq": 1, "read": {"device_start": -1, "device_end": -1}}, "coalesced_transpose120": {"write": {"device_start": -1, "host_queued_start": 1585630164.386779, "device_queued": -1, "device_end": -1, "host_queued_end": 1585630164.401114}, "device": "gpu", "nd_range": {"device_start": 1585630097.7929497, "device_end": 1585630097.7938275}, "cmdq": 2, "read": {"device_start": -1, "device_end": -1}}, "FFC_sans_bias9": {"write": {"device_start": -1, "host_queued_start": 1585630164.41514, "device_queued": -1, "device_end": -1, "host_queued_end": 1585630164.461663}, "device": "cpu", "nd_range": {"device_start": 2297938.651753793, "device_end": 2297938.667465953}, "cmdq": 2, "read": {"device_start": -1, "device_end": -1}}, "empty71": {"write": {"device_start": -1, "host_queued_start": 1585630164.409975, "device_queued": -1, "device_end": -1, "host_queued_end": 1585630164.461663}, "device": "cpu", "nd_range": {"device_start": 2297938.651733099, "device_end": 2297938.651734514}, "cmdq": 2, "read": {"device_start": -1, "device_end": -1}}, "softmax41": {"write": {"device_start": -1, "host_queued_start": 1585630164.448201, "device_queued": -1, "device_end": -1, "host_queued_end": 1585630164.461663}, "device": "cpu", "nd_range": {"device_start": 2297938.830157775, "device_end": 2297938.8303657384}, "cmdq": 3, "read": {"device_start": -1, "device_end": -1}}, "FFC_sans_bias37": {"write": {"device_start": -1, "host_queued_start": 1585630164.426762, "device_queued": -1, "device_end": -1, "host_queued_end": 1585630164.461663}, "device": "cpu", "nd_range": {"device_start": 2297938.68299958, "device_end": 2297938.698341755}, "cmdq": 2, "read": {"device_start": -1, "device_end": -1}}, "FFC_sans_bias36": {"write": {"device_start": -1, "host_queued_start": 1585630164.425695, "device_queued": -1, "device_end": -1, "host_queued_end": 1585630164.461663}, "device": "cpu", "nd_range": {"device_start": 2297938.68187313, "device_end": 2297938.6971317832}, "cmdq": 1, "read": {"device_start": -1, "device_end": -1}}, "FFC_sans_bias34": {"write": {"device_start": -1, "host_queued_start": 1585630164.456626, "device_queued": -1, "device_end": -1, "host_queued_end": 1585630164.461663}, "device": "cpu", "nd_range": {"device_start": 2297938.8571845354, "device_end": 2297938.872438707}, "cmdq": 0, "read": {"device_start": -1, "device_end": -1}}, "FFC_sans_bias33": {"write": {"device_start": -1, "host_queued_start": 1585630164.450754, "device_queued": -1, "device_end": -1, "host_queued_end": 1585630164.461663}, "device": "cpu", "nd_range": {"device_start": 2297938.798308597, "device_end": 2297938.813572628}, "cmdq": 1, "read": {"device_start": -1, "device_end": -1}}, "FFC_sans_bias31": {"write": {"device_start": -1, "host_queued_start": 1585630164.444955, "device_queued": -1, "device_end": -1, "host_queued_end": 1585630164.461663}, "device": "cpu", "nd_range": {"device_start": 2297938.780350399, "device_end": 2297938.7956591942}, "cmdq": 3, "read": {"device_start": -1, "device_end": -1}}, "FFC_sans_bias38": {"write": {"device_start": -1, "host_queued_start": 1585630164.427827, "device_queued": -1, "device_end": -1, "host_queued_end": 1585630164.461663}, "device": "cpu", "nd_range": {"device_start": 2297938.718402402, "device_end": 2297938.7356928973}, "cmdq": 3, "read": {"device_start": -1, "device_end": -1}}, "coalesced_transpose75": {"write": {"device_start": -1, "host_queued_start": 1585630164.443566, "device_queued": -1, "device_end": -1, "host_queued_end": 1585630164.461663}, "device": "cpu", "nd_range": {"device_start": 2297938.7721391823, "device_end": 2297938.7723792633}, "cmdq": 4, "read": {"device_start": -1, "device_end": -1}}, "softmax140": {"write": {"device_start": -1, "host_queued_start": 1585630164.391392, "device_queued": -1, "device_end": -1, "host_queued_end": 1585630164.401114}, "device": "gpu", "nd_range": {"device_start": 1585630097.7970808, "device_end": 1585630097.7988243}, "cmdq": 3, "read": {"device_start": -1, "device_end": -1}}, "empty44": {"write": {"device_start": -1, "host_queued_start": 1585630164.407044, "device_queued": -1, "device_end": -1, "host_queued_end": 1585630164.461663}, "device": "cpu", "nd_range": {"device_start": 2297938.651328966, "device_end": 2297938.651333616}, "cmdq": 4, "read": {"device_start": -1, "device_end": -1}}, "FFC_sans_bias137": {"write": {"device_start": 1585630097.7902095, "host_queued_start": 1585630164.384148, "device_queued": 1585630097.7844665, "device_end": 1585630097.7902422, "host_queued_end": 1585630164.401114}, "device": "gpu", "nd_range": {"device_start": 1585630097.790251, "device_end": 1585630097.792488}, "cmdq": 1, "read": {"device_start": -1, "device_end": -1}}, "empty8": {"write": {"device_start": -1, "host_queued_start": 1585630164.403067, "device_queued": -1, "device_end": -1, "host_queued_end": 1585630164.461663}, "device": "cpu", "nd_range": {"device_start": 2297938.651290513, "device_end": 2297938.6513021532}, "cmdq": 0, "read": {"device_start": -1, "device_end": -1}}, "softmax50": {"write": {"device_start": -1, "host_queued_start": 1585630164.44848, "device_queued": -1, "device_end": -1, "host_queued_end": 1585630164.461663}, "device": "cpu", "nd_range": {"device_start": 2297938.8273192123, "device_end": 2297938.827522981}, "cmdq": 4, "read": {"device_start": -1, "device_end": -1}}, "softmax59": {"write": {"device_start": -1, "host_queued_start": 1585630164.448759, "device_queued": -1, "device_end": -1, "host_queued_end": 1585630164.461663}, "device": "cpu", "nd_range": {"device_start": 2297938.826497931, "device_end": 2297938.826710131}, "cmdq": 0, "read": {"device_start": -1, "device_end": -1}}, "FFC_sans_bias142": {"write": {"device_start": 1585630097.8026912, "host_queued_start": 1585630164.401012, "device_queued": 1585630097.7867608, "device_end": 1585630097.8027225, "host_queued_end": 1585630164.401114}, "device": "gpu", "nd_range": {"device_start": 1585630097.80273, "device_end": 1585630097.8038805}, "cmdq": 2, "read": {"device_start": 1585630097.8038876, "device_end": 1585630097.8039105}}, "FFC_sans_bias141": {"write": {"device_start": -1, "host_queued_start": 1585630164.393613, "device_queued": -1, "device_end": -1, "host_queued_end": 1585630164.401114}, "device": "gpu", "nd_range": {"device_start": 1585630097.7988553, "device_end": 1585630097.8005557}, "cmdq": 0, "read": {"device_start": -1, "device_end": -1}}, "FFC_sans_bias24": {"write": {"device_start": -1, "host_queued_start": 1585630164.450397, "device_queued": -1, "device_end": -1, "host_queued_end": 1585630164.461663}, "device": "cpu", "nd_range": {"device_start": 2297938.8267163173, "device_end": 2297938.841969266}, "cmdq": 0, "read": {"device_start": -1, "device_end": -1}}, "FFC_sans_bias25": {"write": {"device_start": -1, "host_queued_start": 1585630164.455632, "device_queued": -1, "device_end": -1, "host_queued_end": 1585630164.461663}, "device": "cpu", "nd_range": {"device_start": 2297938.858966782, "device_end": 2297938.874278958}, "cmdq": 4, "read": {"device_start": -1, "device_end": -1}}, "FFC_sans_bias27": {"write": {"device_start": -1, "host_queued_start": 1585630164.422244, "device_queued": -1, "device_end": -1, "host_queued_end": 1585630164.461663}, "device": "cpu", "nd_range": {"device_start": 2297938.701956945, "device_end": 2297938.7182746544}, "cmdq": 3, "read": {"device_start": -1, "device_end": -1}}, "FFC_sans_bias20": {"write": {"device_start": -1, "host_queued_start": 1585630164.421015, "device_queued": -1, "device_end": -1, "host_queued_end": 1585630164.461663}, "device": "cpu", "nd_range": {"device_start": 2297938.66758729, "device_end": 2297938.682879658}, "cmdq": 2, "read": {"device_start": -1, "device_end": -1}}, "FFC_sans_bias22": {"write": {"device_start": -1, "host_queued_start": 1585630164.444609, "device_queued": -1, "device_end": -1, "host_queued_end": 1585630164.461663}, "device": "cpu", "nd_range": {"device_start": 2297938.766492934, "device_end": 2297938.780904368}, "cmdq": 2, "read": {"device_start": -1, "device_end": -1}}, "FFC_sans_bias130": {"write": {"device_start": -1, "host_queued_start": 1585630164.389296, "device_queued": -1, "device_end": -1, "host_queued_end": 1585630164.401114}, "device": "gpu", "nd_range": {"device_start": 1585630097.7935307, "device_end": 1585630097.7949114}, "cmdq": 0, "read": {"device_start": -1, "device_end": -1}}, "FFC_sans_bias28": {"write": {"device_start": -1, "host_queued_start": 1585630164.423462, "device_queued": -1, "device_end": -1, "host_queued_end": 1585630164.461663}, "device": "cpu", "nd_range": {"device_start": 2297938.728290833, "device_end": 2297938.737356473}, "cmdq": 4, "read": {"device_start": -1, "device_end": -1}}, "FFC_sans_bias29": {"write": {"device_start": -1, "host_queued_start": 1585630164.424597, "device_queued": -1, "device_end": -1, "host_queued_end": 1585630164.461663}, "device": "cpu", "nd_range": {"device_start": 2297938.695247794, "device_end": 2297938.726448018}, "cmdq": 0, "read": {"device_start": -1, "device_end": -1}}, "coalesced_transpose66": {"write": {"device_start": -1, "host_queued_start": 1585630164.443235, "device_queued": -1, "device_end": -1, "host_queued_end": 1585630164.461663}, "device": "cpu", "nd_range": {"device_start": 2297938.780085282, "device_end": 2297938.78033596}, "cmdq": 3, "read": {"device_start": -1, "device_end": -1}}, "coalesced_transpose93": {"write": {"device_start": -1, "host_queued_start": 1585630164.385864, "device_queued": -1, "device_end": -1, "host_queued_end": 1585630164.401114}, "device": "gpu", "nd_range": {"device_start": 1585630097.7915149, "device_end": 1585630097.7928808}, "cmdq": 4, "read": {"device_start": -1, "device_end": -1}}, "softmax23": {"write": {"device_start": -1, "host_queued_start": 1585630164.44765, "device_queued": -1, "device_end": -1, "host_queued_end": 1585630164.461663}, "device": "cpu", "nd_range": {"device_start": 2297938.7976773083, "device_end": 2297938.797886704}, "cmdq": 1, "read": {"device_start": -1, "device_end": -1}}, "empty62": {"write": {"device_start": -1, "host_queued_start": 1585630164.409009, "device_queued": -1, "device_end": -1, "host_queued_end": 1585630164.461663}, "device": "cpu", "nd_range": {"device_start": 2297938.651324537, "device_end": 2297938.65132558}, "cmdq": 1, "read": {"device_start": -1, "device_end": -1}}, "FFC_sans_bias10": {"write": {"device_start": -1, "host_queued_start": 1585630164.416197, "device_queued": -1, "device_end": -1, "host_queued_end": 1585630164.461663}, "device": "cpu", "nd_range": {"device_start": 2297938.685605997, "device_end": 2297938.701836625}, "cmdq": 3, "read": {"device_start": -1, "device_end": -1}}, "FFC_sans_bias13": {"write": {"device_start": -1, "host_queued_start": 1585630164.444262, "device_queued": -1, "device_end": -1, "host_queued_end": 1585630164.461663}, "device": "cpu", "nd_range": {"device_start": 2297938.7557335612, "device_end": 2297938.7709431252}, "cmdq": 1, "read": {"device_start": -1, "device_end": -1}}, "FFC_sans_bias15": {"write": {"device_start": -1, "host_queued_start": 1585630164.450048, "device_queued": -1, "device_end": -1, "host_queued_end": 1585630164.461663}, "device": "cpu", "nd_range": {"device_start": 2297938.827629533, "device_end": 2297938.843220707}, "cmdq": 4, "read": {"device_start": -1, "device_end": -1}}, "FFC_sans_bias16": {"write": {"device_start": -1, "host_queued_start": 1585630164.454632, "device_queued": -1, "device_end": -1, "host_queued_end": 1585630164.461663}, "device": "cpu", "nd_range": {"device_start": 2297938.8634366114, "device_end": 2297938.878846534}, "cmdq": 3, "read": {"device_start": -1, "device_end": -1}}, "FFC_sans_bias19": {"write": {"device_start": -1, "host_queued_start": 1585630164.419607, "device_queued": -1, "device_end": -1, "host_queued_end": 1585630164.461663}, "device": "cpu", "nd_range": {"device_start": 2297938.6666840333, "device_end": 2297938.68186503}, "cmdq": 1, "read": {"device_start": -1, "device_end": -1}}, "FFC_sans_bias18": {"write": {"device_start": -1, "host_queued_start": 1585630164.41845, "device_queued": -1, "device_end": -1, "host_queued_end": 1585630164.461663}, "device": "cpu", "nd_range": {"device_start": 2297938.6703468133, "device_end": 2297938.6952389213}, "cmdq": 0, "read": {"device_start": -1, "device_end": -1}}, "FFC_sans_bias99": {"write": {"device_start": 1585630097.7838252, "host_queued_start": 1585630164.370215, "device_queued": 1585630097.7830877, "device_end": 1585630097.7838502, "host_queued_end": 1585630164.401114}, "device": "gpu", "nd_range": {"device_start": 1585630097.7838552, "device_end": 1585630097.786218}, "cmdq": 3, "read": {"device_start": -1, "device_end": -1}}, "FFC_sans_bias91": {"write": {"device_start": 1585630097.7830665, "host_queued_start": 1585630164.368116, "device_queued": 1585630097.7829378, "device_end": 1585630097.783097, "host_queued_end": 1585630164.401114}, "device": "gpu", "nd_range": {"device_start": 1585630097.7831676, "device_end": 1585630097.785264}, "cmdq": 1, "read": {"device_start": -1, "device_end": -1}}, "FFC_sans_bias90": {"write": {"device_start": 1585630097.7829788, "host_queued_start": 1585630164.36707, "device_queued": 1585630097.7828977, "device_end": 1585630097.7830434, "host_queued_end": 1585630164.401114}, "device": "gpu", "nd_range": {"device_start": 1585630097.7830493, "device_end": 1585630097.7847364}, "cmdq": 0, "read": {"device_start": -1, "device_end": -1}}, "coalesced_transpose12": {"write": {"device_start": -1, "host_queued_start": 1585630164.441227, "device_queued": -1, "device_end": -1, "host_queued_end": 1585630164.461663}, "device": "cpu", "nd_range": {"device_start": 2297938.729067488, "device_end": 2297938.729320324}, "cmdq": 2, "read": {"device_start": -1, "device_end": -1}}, "FFC_sans_bias94": {"write": {"device_start": -1, "host_queued_start": 1585630164.38802, "device_queued": -1, "device_end": -1, "host_queued_end": 1585630164.401114}, "device": "gpu", "nd_range": {"device_start": 1585630097.7929244, "device_end": 1585630097.7939281}, "cmdq": 1, "read": {"device_start": -1, "device_end": -1}}, "FFC_sans_bias97": {"write": {"device_start": 1585630097.8003557, "host_queued_start": 1585630164.395716, "device_queued": 1585630097.7862296, "device_end": 1585630097.800387, "host_queued_end": 1585630164.401114}, "device": "gpu", "nd_range": {"device_start": 1585630097.8004036, "device_end": 1585630097.8024657}, "cmdq": 2, "read": {"device_start": 1585630097.8024683, "device_end": 1585630097.8024917}}, "FFC_sans_bias96": {"write": {"device_start": -1, "host_queued_start": 1585630164.392023, "device_queued": -1, "device_end": -1, "host_queued_end": 1585630164.401114}, "device": "gpu", "nd_range": {"device_start": 1585630097.7970576, "device_end": 1585630097.798058}, "cmdq": 0, "read": {"device_start": -1, "device_end": -1}}, "FFC_sans_bias124": {"write": {"device_start": 1585630097.8006978, "host_queued_start": 1585630164.398902, "device_queued": 1585630097.78649, "device_end": 1585630097.8007274, "host_queued_end": 1585630164.401114}, "device": "gpu", "nd_range": {"device_start": 1585630097.8007464, "device_end": 1585630097.80296}, "cmdq": 0, "read": {"device_start": 1585630097.8029625, "device_end": 1585630097.8029866}}, "FFC_sans_bias126": {"write": {"device_start": 1585630097.788769, "host_queued_start": 1585630164.380839, "device_queued": 1585630097.7840571, "device_end": 1585630097.788802, "host_queued_end": 1585630164.401114}, "device": "gpu", "nd_range": {"device_start": 1585630097.7888062, "device_end": 1585630097.7910962}, "cmdq": 3, "read": {"device_start": -1, "device_end": -1}}, "softmax32": {"write": {"device_start": -1, "host_queued_start": 1585630164.447926, "device_queued": -1, "device_end": -1, "host_queued_end": 1585630164.461663}, "device": "cpu", "nd_range": {"device_start": 2297938.797345181, "device_end": 2297938.797564492}, "cmdq": 2, "read": {"device_start": -1, "device_end": -1}}, "coalesced_transpose84": {"write": {"device_start": -1, "host_queued_start": 1585630164.385544, "device_queued": -1, "device_end": -1, "host_queued_end": 1585630164.401114}, "device": "gpu", "nd_range": {"device_start": 1585630097.7910976, "device_end": 1585630097.7928665}, "cmdq": 3, "read": {"device_start": -1, "device_end": -1}}, "FFC_sans_bias121": {"write": {"device_start": -1, "host_queued_start": 1585630164.388975, "device_queued": -1, "device_end": -1, "host_queued_end": 1585630164.401114}, "device": "gpu", "nd_range": {"device_start": 1585630097.7938566, "device_end": 1585630097.7959013}, "cmdq": 4, "read": {"device_start": -1, "device_end": -1}}, "empty98": {"write": {"device_start": 1585630097.7820168, "host_queued_start": 1585630164.358505, "device_queued": 1585630097.7818916, "device_end": 1585630097.7820852, "host_queued_end": 1585630164.401114}, "device": "gpu", "nd_range": {"device_start": 1585630097.782165, "device_end": 1585630097.78219}, "cmdq": 1, "read": {"device_start": -1, "device_end": -1}}, "empty107": {"write": {"device_start": 1585630097.7821116, "host_queued_start": 1585630164.359471, "device_queued": 1585630097.7819273, "device_end": 1585630097.7821782, "host_queued_end": 1585630164.401114}, "device": "gpu", "nd_range": {"device_start": 1585630097.7821875, "device_end": 1585630097.7821918}, "cmdq": 2, "read": {"device_start": -1, "device_end": -1}}, "empty17": {"write": {"device_start": -1, "host_queued_start": 1585630164.404123, "device_queued": -1, "device_end": -1, "host_queued_end": 1585630164.461663}, "device": "cpu", "nd_range": {"device_start": 2297938.651290582, "device_end": 2297938.651302135}, "cmdq": 1, "read": {"device_start": -1, "device_end": -1}}, "FFC_sans_bias87": {"write": {"device_start": -1, "host_queued_start": 1585630164.391706, "device_queued": -1, "device_end": -1, "host_queued_end": 1585630164.401114}, "device": "gpu", "nd_range": {"device_start": 1585630097.7970438, "device_end": 1585630097.7976468}, "cmdq": 4, "read": {"device_start": -1, "device_end": -1}}, "FFC_sans_bias85": {"write": {"device_start": -1, "host_queued_start": 1585630164.387704, "device_queued": -1, "device_end": -1, "host_queued_end": 1585630164.401114}, "device": "gpu", "nd_range": {"device_start": 1585630097.792909, "device_end": 1585630097.7935197}, "cmdq": 0, "read": {"device_start": -1, "device_end": -1}}, "FFC_sans_bias82": {"write": {"device_start": 1585630097.782776, "host_queued_start": 1585630164.364908, "device_queued": 1585630097.7825174, "device_end": 1585630097.7828526, "host_queued_end": 1585630164.401114}, "device": "gpu", "nd_range": {"device_start": 1585630097.782856, "device_end": 1585630097.783739}, "cmdq": 3, "read": {"device_start": -1, "device_end": -1}}, "FFC_sans_bias83": {"write": {"device_start": 1585630097.7828667, "host_queued_start": 1585630164.365988, "device_queued": 1585630097.7825396, "device_end": 1585630097.7828922, "host_queued_end": 1585630164.401114}, "device": "gpu", "nd_range": {"device_start": 1585630097.7828968, "device_end": 1585630097.784304}, "cmdq": 4, "read": {"device_start": -1, "device_end": -1}}, "FFC_sans_bias81": {"write": {"device_start": 1585630097.7826564, "host_queued_start": 1585630164.363845, "device_queued": 1585630097.782324, "device_end": 1585630097.7827256, "host_queued_end": 1585630164.401114}, "device": "gpu", "nd_range": {"device_start": 1585630097.7827363, "device_end": 1585630097.7833488}, "cmdq": 2, "read": {"device_start": -1, "device_end": -1}}, "FFC_sans_bias88": {"write": {"device_start": 1585630097.799909, "host_queued_start": 1585630164.394648, "device_queued": 1585630097.7860806, "device_end": 1585630097.7999403, "host_queued_end": 1585630164.401114}, "device": "gpu", "nd_range": {"device_start": 1585630097.7999625, "device_end": 1585630097.801019}, "cmdq": 1, "read": {"device_start": 1585630097.8016713, "device_end": 1585630097.8017013}}, "coalesced_transpose30": {"write": {"device_start": -1, "host_queued_start": 1585630164.441894, "device_queued": -1, "device_end": -1, "host_queued_end": 1585630164.461663}, "device": "cpu", "nd_range": {"device_start": 2297938.7717707423, "device_end": 2297938.7720261943}, "cmdq": 4, "read": {"device_start": -1, "device_end": -1}}, "FFC_sans_bias128": {"write": {"device_start": 1585630097.7882595, "host_queued_start": 1585630164.379793, "device_queued": 1585630097.7840385, "device_end": 1585630097.7882895, "host_queued_end": 1585630164.401114}, "device": "gpu", "nd_range": {"device_start": 1585630097.7882974, "device_end": 1585630097.7905388}, "cmdq": 2, "read": {"device_start": -1, "device_end": -1}}, "coalesced_transpose39": {"write": {"device_start": -1, "host_queued_start": 1585630164.442227, "device_queued": -1, "device_end": -1, "host_queued_end": 1585630164.461663}, "device": "cpu", "nd_range": {"device_start": 2297938.7953532343, "device_end": 2297938.795603781}, "cmdq": 0, "read": {"device_start": -1, "device_end": -1}}, "FFC_sans_bias79": {"write": {"device_start": -1, "host_queued_start": 1585630164.461617, "device_queued": -1, "device_end": -1, "host_queued_end": 1585630164.461663}, "device": "cpu", "nd_range": {"device_start": 2297938.872442589, "device_end": 2297938.8877050374}, "cmdq": 0, "read": {"device_start": -1, "device_end": -1}}, "FFC_sans_bias78": {"write": {"device_start": -1, "host_queued_start": 1585630164.452577, "device_queued": -1, "device_end": -1, "host_queued_end": 1585630164.461663}, "device": "cpu", "nd_range": {"device_start": 2297938.813795602, "device_end": 2297938.8301491733}, "cmdq": 1, "read": {"device_start": -1, "device_end": -1}}, "FFC_sans_bias73": {"write": {"device_start": -1, "host_queued_start": 1585630164.439497, "device_queued": -1, "device_end": -1, "host_queued_end": 1585630164.461663}, "device": "cpu", "nd_range": {"device_start": 2297938.756421768, "device_end": 2297938.771652576}, "cmdq": 4, "read": {"device_start": -1, "device_end": -1}}, "FFC_sans_bias72": {"write": {"device_start": -1, "host_queued_start": 1585630164.438444, "device_queued": -1, "device_end": -1, "host_queued_end": 1585630164.461663}, "device": "cpu", "nd_range": {"device_start": 2297938.749081055, "device_end": 2297938.765639875}, "cmdq": 3, "read": {"device_start": -1, "device_end": -1}}, "FFC_sans_bias70": {"write": {"device_start": -1, "host_queued_start": 1585630164.460624, "device_queued": -1, "device_end": -1, "host_queued_end": 1585630164.461663}, "device": "cpu", "nd_range": {"device_start": 2297938.874284549, "device_end": 2297938.889471368}, "cmdq": 4, "read": {"device_start": -1, "device_end": -1}}, "FFC_sans_bias76": {"write": {"device_start": -1, "host_queued_start": 1585630164.44681, "device_queued": -1, "device_end": -1, "host_queued_end": 1585630164.461663}, "device": "cpu", "nd_range": {"device_start": 2297938.795673287, "device_end": 2297938.810858904}, "cmdq": 3, "read": {"device_start": -1, "device_end": -1}}, "FFC_sans_bias74": {"write": {"device_start": -1, "host_queued_start": 1585630164.440553, "device_queued": -1, "device_end": -1, "host_queued_end": 1585630164.461663}, "device": "cpu", "nd_range": {"device_start": 2297938.780047668, "device_end": 2297938.79522068}, "cmdq": 0, "read": {"device_start": -1, "device_end": -1}}, "coalesced_transpose102": {"write": {"device_start": -1, "host_queued_start": 1585630164.386166, "device_queued": -1, "device_end": -1, "host_queued_end": 1585630164.401114}, "device": "gpu", "nd_range": {"device_start": 1585630097.792062, "device_end": 1585630097.7928956}, "cmdq": 0, "read": {"device_start": -1, "device_end": -1}}, "coalesced_transpose3": {"write": {"device_start": -1, "host_queued_start": 1585630164.440893, "device_queued": -1, "device_end": -1, "host_queued_end": 1585630164.461663}, "device": "cpu", "nd_range": {"device_start": 2297938.72792357, "device_end": 2297938.728180714}, "cmdq": 1, "read": {"device_start": -1, "device_end": -1}}, "FFC_sans_bias127": {"write": {"device_start": 1585630097.7892365, "host_queued_start": 1585630164.381882, "device_queued": 1585630097.7840905, "device_end": 1585630097.789268, "host_queued_end": 1585630164.401114}, "device": "gpu", "nd_range": {"device_start": 1585630097.7892838, "device_end": 1585630097.791513}, "cmdq": 4, "read": {"device_start": -1, "device_end": -1}}, "empty89": {"write": {"device_start": 1585630097.7818732, "host_queued_start": 1585630164.357454, "device_queued": 1585630097.781752, "device_end": 1585630097.7818997, "host_queued_end": 1585630164.401114}, "device": "gpu", "nd_range": {"device_start": 1585630097.7819078, "device_end": 1585630097.781912}, "cmdq": 0, "read": {"device_start": -1, "device_end": -1}}, "FFC_sans_bias123": {"write": {"device_start": -1, "host_queued_start": 1585630164.392978, "device_queued": -1, "device_end": -1, "host_queued_end": 1585630164.401114}, "device": "gpu", "nd_range": {"device_start": 1585630097.7988348, "device_end": 1585630097.7995846}, "cmdq": 3, "read": {"device_start": -1, "device_end": -1}}, "empty80": {"write": {"device_start": -1, "host_queued_start": 1585630164.410964, "device_queued": -1, "device_end": -1, "host_queued_end": 1585630164.461663}, "device": "cpu", "nd_range": {"device_start": 2297938.68549685, "device_end": 2297938.6854987834}, "cmdq": 3, "read": {"device_start": -1, "device_end": -1}}, "empty116": {"write": {"device_start": 1585630097.7822306, "host_queued_start": 1585630164.360326, "device_queued": 1585630097.7819421, "device_end": 1585630097.7822928, "host_queued_end": 1585630164.401114}, "device": "gpu", "nd_range": {"device_start": 1585630097.7823002, "device_end": 1585630097.7823129}, "cmdq": 3, "read": {"device_start": -1, "device_end": -1}}, "softmax104": {"write": {"device_start": -1, "host_queued_start": 1585630164.390363, "device_queued": -1, "device_end": -1, "host_queued_end": 1585630164.401114}, "device": "gpu", "nd_range": {"device_start": 1585630097.7959125, "device_end": 1585630097.797034}, "cmdq": 4, "read": {"device_start": -1, "device_end": -1}}, "coalesced_transpose21": {"write": {"device_start": -1, "host_queued_start": 1585630164.441559, "device_queued": -1, "device_end": -1, "host_queued_end": 1585630164.461663}, "device": "cpu", "nd_range": {"device_start": 2297938.765769223, "device_end": 2297938.76602177}, "cmdq": 3, "read": {"device_start": -1, "device_end": -1}}, "softmax14": {"write": {"device_start": -1, "host_queued_start": 1585630164.447373, "device_queued": -1, "device_end": -1, "host_queued_end": 1585630164.461663}, "device": "cpu", "nd_range": {"device_start": 2297938.8262688164, "device_end": 2297938.826489369}, "cmdq": 0, "read": {"device_start": -1, "device_end": -1}}, "FFC_sans_bias69": {"write": {"device_start": -1, "host_queued_start": 1585630164.45223, "device_queued": -1, "device_end": -1, "host_queued_end": 1585630164.461663}, "device": "cpu", "nd_range": {"device_start": 2297938.841976509, "device_end": 2297938.8571772072}, "cmdq": 0, "read": {"device_start": -1, "device_end": -1}}, "FFC_sans_bias92": {"write": {"device_start": 1585630097.7834435, "host_queued_start": 1585630164.369171, "device_queued": 1585630097.783064, "device_end": 1585630097.7834687, "host_queued_end": 1585630164.401114}, "device": "gpu", "nd_range": {"device_start": 1585630097.7834723, "device_end": 1585630097.7857265}, "cmdq": 2, "read": {"device_start": -1, "device_end": -1}}, "FFC_sans_bias60": {"write": {"device_start": -1, "host_queued_start": 1585630164.451885, "device_queued": -1, "device_end": -1, "host_queued_end": 1585630164.461663}, "device": "cpu", "nd_range": {"device_start": 2297938.84333017, "device_end": 2297938.858855896}, "cmdq": 4, "read": {"device_start": -1, "device_end": -1}}, "FFC_sans_bias61": {"write": {"device_start": -1, "host_queued_start": 1585630164.459624, "device_queued": -1, "device_end": -1, "host_queued_end": 1585630164.461663}, "device": "cpu", "nd_range": {"device_start": 2297938.87885036, "device_end": 2297938.8935204293}, "cmdq": 3, "read": {"device_start": -1, "device_end": -1}}, "FFC_sans_bias63": {"write": {"device_start": -1, "host_queued_start": 1585630164.437371, "device_queued": -1, "device_end": -1, "host_queued_end": 1585630164.461663}, "device": "cpu", "nd_range": {"device_start": 2297938.713808378, "device_end": 2297938.728948325}, "cmdq": 2, "read": {"device_start": -1, "device_end": -1}}, "FFC_sans_bias64": {"write": {"device_start": -1, "host_queued_start": 1585630164.435263, "device_queued": -1, "device_end": -1, "host_queued_end": 1585630164.461663}, "device": "cpu", "nd_range": {"device_start": 2297938.7495045643, "device_end": 2297938.771217498}, "cmdq": 0, "read": {"device_start": -1, "device_end": -1}}, "FFC_sans_bias65": {"write": {"device_start": -1, "host_queued_start": 1585630164.436322, "device_queued": -1, "device_end": -1, "host_queued_end": 1585630164.461663}, "device": "cpu", "nd_range": {"device_start": 2297938.712660495, "device_end": 2297938.7278004433}, "cmdq": 1, "read": {"device_start": -1, "device_end": -1}}, "FFC_sans_bias67": {"write": {"device_start": -1, "host_queued_start": 1585630164.446455, "device_queued": -1, "device_end": -1, "host_queued_end": 1585630164.461663}, "device": "cpu", "nd_range": {"device_start": 2297938.7809150293, "device_end": 2297938.797219858}, "cmdq": 2, "read": {"device_start": -1, "device_end": -1}}, "coalesced_transpose111": {"write": {"device_start": -1, "host_queued_start": 1585630164.386465, "device_queued": -1, "device_end": -1, "host_queued_end": 1585630164.401114}, "device": "gpu", "nd_range": {"device_start": 1585630097.7924955, "device_end": 1585630097.7929115}, "cmdq": 1, "read": {"device_start": -1, "device_end": -1}}, "FFC_sans_bias136": {"write": {"device_start": 1585630097.789677, "host_queued_start": 1585630164.38309, "device_queued": 1585630097.7842746, "device_end": 1585630097.7897089, "host_queued_end": 1585630164.401114}, "device": "gpu", "nd_range": {"device_start": 1585630097.7897253, "device_end": 1585630097.7920523}, "cmdq": 0, "read": {"device_start": -1, "device_end": -1}}, "FFC_sans_bias135": {"write": {"device_start": 1585630097.7906666, "host_queued_start": 1585630164.385192, "device_queued": 1585630097.7844868, "device_end": 1585630097.7906983, "host_queued_end": 1585630164.401114}, "device": "gpu", "nd_range": {"device_start": 1585630097.7907135, "device_end": 1585630097.7929418}, "cmdq": 2, "read": {"device_start": -1, "device_end": -1}}, "FFC_sans_bias133": {"write": {"device_start": 1585630097.8018794, "host_queued_start": 1585630164.399957, "device_queued": 1585630097.7866158, "device_end": 1585630097.8019104, "host_queued_end": 1585630164.401114}, "device": "gpu", "nd_range": {"device_start": 1585630097.801921, "device_end": 1585630097.8034177}, "cmdq": 1, "read": {"device_start": 1585630097.8034241, "device_end": 1585630097.8034475}}, "FFC_sans_bias132": {"write": {"device_start": -1, "host_queued_start": 1585630164.393295, "device_queued": -1, "device_end": -1, "host_queued_end": 1585630164.401114}, "device": "gpu", "nd_range": {"device_start": 1585630097.7988453, "device_end": 1585630097.8000355}, "cmdq": 4, "read": {"device_start": -1, "device_end": -1}}, "softmax68": {"write": {"device_start": -1, "host_queued_start": 1585630164.449033, "device_queued": -1, "device_end": -1, "host_queued_end": 1585630164.461663}, "device": "cpu", "nd_range": {"device_start": 2297938.797994383, "device_end": 2297938.7981997123}, "cmdq": 1, "read": {"device_start": -1, "device_end": -1}}, "softmax131": {"write": {"device_start": -1, "host_queued_start": 1585630164.391142, "device_queued": -1, "device_end": -1, "host_queued_end": 1585630164.401114}, "device": "gpu", "nd_range": {"device_start": 1585630097.7970266, "device_end": 1585630097.7973955}, "cmdq": 2, "read": {"device_start": -1, "device_end": -1}}, "empty125": {"write": {"device_start": 1585630097.782341, "host_queued_start": 1585630164.361173, "device_queued": 1585630097.7821114, "device_end": 1585630097.782403, "host_queued_end": 1585630164.401114}, "device": "gpu", "nd_range": {"device_start": 1585630097.7824068, "device_end": 1585630097.7824123}, "cmdq": 4, "read": {"device_start": -1, "device_end": -1}}, "FFC_sans_bias139": {"write": {"device_start": -1, "host_queued_start": 1585630164.38961, "device_queued": -1, "device_end": -1, "host_queued_end": 1585630164.401114}, "device": "gpu", "nd_range": {"device_start": 1585630097.7939386, "device_end": 1585630097.796401}, "cmdq": 1, "read": {"device_start": -1, "device_end": -1}}, "empty35": {"write": {"device_start": -1, "host_queued_start": 1585630164.406018, "device_queued": -1, "device_end": -1, "host_queued_end": 1585630164.461663}, "device": "cpu", "nd_range": {"device_start": 2297938.685378392, "device_end": 2297938.6853817133}, "cmdq": 3, "read": {"device_start": -1, "device_end": -1}}, "softmax86": {"write": {"device_start": -1, "host_queued_start": 1585630164.389862, "device_queued": -1, "device_end": -1, "host_queued_end": 1585630164.401114}, "device": "gpu", "nd_range": {"device_start": 1585630097.7954898, "device_end": 1585630097.7970161}, "cmdq": 2, "read": {"device_start": -1, "device_end": -1}}, "FFC_sans_bias55": {"write": {"device_start": -1, "host_queued_start": 1585630164.434194, "device_queued": -1, "device_end": -1, "host_queued_end": 1585630164.461663}, "device": "cpu", "nd_range": {"device_start": 2297938.747757005, "device_end": 2297938.7563024904}, "cmdq": 4, "read": {"device_start": -1, "device_end": -1}}, "FFC_sans_bias54": {"write": {"device_start": -1, "host_queued_start": 1585630164.433141, "device_queued": -1, "device_end": -1, "host_queued_end": 1585630164.461663}, "device": "cpu", "nd_range": {"device_start": 2297938.73581992, "device_end": 2297938.749065883}, "cmdq": 3, "read": {"device_start": -1, "device_end": -1}}, "FFC_sans_bias56": {"write": {"device_start": -1, "host_queued_start": 1585630164.432081, "device_queued": -1, "device_end": -1, "host_queued_end": 1585630164.461663}, "device": "cpu", "nd_range": {"device_start": 2297938.6984583624, "device_end": 2297938.7136812173}, "cmdq": 2, "read": {"device_start": -1, "device_end": -1}}, "FFC_sans_bias51": {"write": {"device_start": -1, "host_queued_start": 1585630164.451538, "device_queued": -1, "device_end": -1, "host_queued_end": 1585630164.461663}, "device": "cpu", "nd_range": {"device_start": 2297938.846254441, "device_end": 2297938.8634244613}, "cmdq": 3, "read": {"device_start": -1, "device_end": -1}}, "FFC_sans_bias52": {"write": {"device_start": -1, "host_queued_start": 1585630164.458627, "device_queued": -1, "device_end": -1, "host_queued_end": 1585630164.461663}, "device": "cpu", "nd_range": {"device_start": 2297938.9062672183, "device_end": 2297938.911516663}, "cmdq": 2, "read": {"device_start": -1, "device_end": -1}}, "FFC_sans_bias58": {"write": {"device_start": -1, "host_queued_start": 1585630164.44611, "device_queued": -1, "device_end": -1, "host_queued_end": 1585630164.461663}, "device": "cpu", "nd_range": {"device_start": 2297938.771064585, "device_end": 2297938.780171913}, "cmdq": 1, "read": {"device_start": -1, "device_end": -1}}, "FFC_sans_bias108": {"write": {"device_start": 1585630097.7853408, "host_queued_start": 1585630164.3734, "device_queued": 1585630097.7835252, "device_end": 1585630097.785372, "host_queued_end": 1585630164.401114}, "device": "gpu", "nd_range": {"device_start": 1585630097.7853754, "device_end": 1585630097.7876902}, "cmdq": 1, "read": {"device_start": -1, "device_end": -1}}, "FFC_sans_bias109": {"write": {"device_start": 1585630097.785843, "host_queued_start": 1585630164.374449, "device_queued": 1585630097.7835438, "device_end": 1585630097.7858708, "host_queued_end": 1585630164.401114}, "device": "gpu", "nd_range": {"device_start": 1585630097.7858753, "device_end": 1585630097.7881405}, "cmdq": 2, "read": {"device_start": -1, "device_end": -1}}, "coalesced_transpose129": {"write": {"device_start": -1, "host_queued_start": 1585630164.387079, "device_queued": -1, "device_end": -1, "host_queued_end": 1585630164.401114}, "device": "gpu", "nd_range": {"device_start": 1585630097.7928772, "device_end": 1585630097.7929292}, "cmdq": 3, "read": {"device_start": -1, "device_end": -1}}, "FFC_sans_bias103": {"write": {"device_start": -1, "host_queued_start": 1585630164.388342, "device_queued": -1, "device_end": -1, "host_queued_end": 1585630164.401114}, "device": "gpu", "nd_range": {"device_start": 1585630097.79384, "device_end": 1585630097.795479}, "cmdq": 2, "read": {"device_start": -1, "device_end": -1}}, "FFC_sans_bias100": {"write": {"device_start": 1585630097.784408, "host_queued_start": 1585630164.371299, "device_queued": 1585630097.7831204, "device_end": 1585630097.784433, "host_queued_end": 1585630164.401114}, "device": "gpu", "nd_range": {"device_start": 1585630097.7844384, "device_end": 1585630097.7867153}, "cmdq": 4, "read": {"device_start": -1, "device_end": -1}}, "FFC_sans_bias101": {"write": {"device_start": 1585630097.7848098, "host_queued_start": 1585630164.372357, "device_queued": 1585630097.78333, "device_end": 1585630097.7848353, "host_queued_end": 1585630164.401114}, "device": "gpu", "nd_range": {"device_start": 1585630097.784844, "device_end": 1585630097.7871683}, "cmdq": 0, "read": {"device_start": -1, "device_end": -1}}, "FFC_sans_bias106": {"write": {"device_start": 1585630097.7997305, "host_queued_start": 1585630164.396777, "device_queued": 1585630097.7860339, "device_end": 1585630097.799768, "host_queued_end": 1585630164.401114}, "device": "gpu", "nd_range": {"device_start": 1585630097.8000596, "device_end": 1585630097.8015053}, "cmdq": 3, "read": {"device_start": 1585630097.801513, "device_end": 1585630097.8015378}}, "softmax122": {"write": {"device_start": -1, "host_queued_start": 1585630164.390874, "device_queued": -1, "device_end": -1, "host_queued_end": 1585630164.401114}, "device": "gpu", "nd_range": {"device_start": 1585630097.7964182, "device_end": 1585630097.7966206}, "cmdq": 1, "read": {"device_start": -1, "device_end": -1}}, "FFC_sans_bias105": {"write": {"device_start": -1, "host_queued_start": 1585630164.392344, "device_queued": -1, "device_end": -1, "host_queued_end": 1585630164.401114}, "device": "gpu", "nd_range": {"device_start": 1585630097.797068, "device_end": 1585630097.7986295}, "cmdq": 1, "read": {"device_start": -1, "device_end": -1}}, "softmax95": {"write": {"device_start": -1, "host_queued_start": 1585630164.390111, "device_queued": -1, "device_end": -1, "host_queued_end": 1585630164.401114}, "device": "gpu", "nd_range": {"device_start": 1585630097.7959282, "device_end": 1585630097.7970297}, "cmdq": 3, "read": {"device_start": -1, "device_end": -1}}, "coalesced_transpose57": {"write": {"device_start": -1, "host_queued_start": 1585630164.442905, "device_queued": -1, "device_end": -1, "host_queued_end": 1585630164.461663}, "device": "cpu", "nd_range": {"device_start": 2297938.766138269, "device_end": 2297938.766381142}, "cmdq": 2, "read": {"device_start": -1, "device_end": -1}}, "empty26": {"write": {"device_start": -1, "host_queued_start": 1585630164.405042, "device_queued": -1, "device_end": -1, "host_queued_end": 1585630164.461663}, "device": "cpu", "nd_range": {"device_start": 2297938.651705862, "device_end": 2297938.65170943}, "cmdq": 2, "read": {"device_start": -1, "device_end": -1}}, "softmax113": {"write": {"device_start": -1, "host_queued_start": 1585630164.390619, "device_queued": -1, "device_end": -1, "host_queued_end": 1585630164.401114}, "device": "gpu", "nd_range": {"device_start": 1585630097.794923, "device_end": 1585630097.7970474}, "cmdq": 0, "read": {"device_start": -1, "device_end": -1}}, "FFC_sans_bias11": {"write": {"device_start": -1, "host_queued_start": 1585630164.417372, "device_queued": -1, "device_end": -1, "host_queued_end": 1585630164.461663}, "device": "cpu", "nd_range": {"device_start": 2297938.6688647023, "device_end": 2297938.685263453}, "cmdq": 4, "read": {"device_start": -1, "device_end": -1}}, "FFC_sans_bias42": {"write": {"device_start": -1, "host_queued_start": 1585630164.451116, "device_queued": -1, "device_end": -1, "host_queued_end": 1585630164.461663}, "device": "cpu", "nd_range": {"device_start": 2297938.887708925, "device_end": 2297938.895901429}, "cmdq": 2, "read": {"device_start": -1, "device_end": -1}}, "FFC_sans_bias43": {"write": {"device_start": -1, "host_queued_start": 1585630164.457623, "device_queued": -1, "device_end": -1, "host_queued_end": 1585630164.461663}, "device": "cpu", "nd_range": {"device_start": 2297938.895934625, "device_end": 2297938.904579264}, "cmdq": 1, "read": {"device_start": -1, "device_end": -1}}, "FFC_sans_bias40": {"write": {"device_start": -1, "host_queued_start": 1585630164.445314, "device_queued": -1, "device_end": -1, "host_queued_end": 1585630164.461663}, "device": "cpu", "nd_range": {"device_start": 2297938.8109748373, "device_end": 2297938.82689613}, "cmdq": 4, "read": {"device_start": -1, "device_end": -1}}, "FFC_sans_bias46": {"write": {"device_start": -1, "host_queued_start": 1585630164.429949, "device_queued": -1, "device_end": -1, "host_queued_end": 1585630164.461663}, "device": "cpu", "nd_range": {"device_start": 2297938.731359487, "device_end": 2297938.749051607}, "cmdq": 0, "read": {"device_start": -1, "device_end": -1}}, "FFC_sans_bias47": {"write": {"device_start": -1, "host_queued_start": 1585630164.431023, "device_queued": -1, "device_end": -1, "host_queued_end": 1585630164.461663}, "device": "cpu", "nd_range": {"device_start": 2297938.697259596, "device_end": 2297938.71252684}, "cmdq": 1, "read": {"device_start": -1, "device_end": -1}}, "FFC_sans_bias45": {"write": {"device_start": -1, "host_queued_start": 1585630164.428889, "device_queued": -1, "device_end": -1, "host_queued_end": 1585630164.461663}, "device": "cpu", "nd_range": {"device_start": 2297938.737470617, "device_end": 2297938.747644525}, "cmdq": 4, "read": {"device_start": -1, "device_end": -1}}, "FFC_sans_bias49": {"write": {"device_start": -1, "host_queued_start": 1585630164.445763, "device_queued": -1, "device_end": -1, "host_queued_end": 1585630164.461663}, "device": "cpu", "nd_range": {"device_start": 2297938.810992305, "device_end": 2297938.826261421}, "cmdq": 0, "read": {"device_start": -1, "device_end": -1}}, "softmax77": {"write": {"device_start": -1, "host_queued_start": 1585630164.449349, "device_queued": -1, "device_end": -1, "host_queued_end": 1585630164.461663}, "device": "cpu", "nd_range": {"device_start": 2297938.8135805493, "device_end": 2297938.813788285}, "cmdq": 2, "read": {"device_start": -1, "device_end": -1}}, "empty134": {"write": {"device_start": 1585630097.7824447, "host_queued_start": 1585630164.362023, "device_queued": 1585630097.782238, "device_end": 1585630097.7825027, "host_queued_end": 1585630164.401114}, "device": "gpu", "nd_range": {"device_start": 1585630097.782508, "device_end": 1585630097.7825124}, "cmdq": 0, "read": {"device_start": -1, "device_end": -1}}, "coalesced_transpose138": {"write": {"device_start": -1, "host_queued_start": 1585630164.387386, "device_queued": -1, "device_end": -1, "host_queued_end": 1585630164.401114}, "device": "gpu", "nd_range": {"device_start": 1585630097.792892, "device_end": 1585630097.7929335}, "cmdq": 4, "read": {"device_start": -1, "device_end": -1}}, "FFC_sans_bias119": {"write": {"device_start": 1585630097.7877996, "host_queued_start": 1585630164.378744, "device_queued": 1585630097.7839267, "device_end": 1585630097.7878315, "host_queued_end": 1585630164.401114}, "device": "gpu", "nd_range": {"device_start": 1585630097.7878468, "device_end": 1585630097.790105}, "cmdq": 1, "read": {"device_start": -1, "device_end": -1}}, "FFC_sans_bias118": {"write": {"device_start": 1585630097.787281, "host_queued_start": 1585630164.377639, "device_queued": 1585630097.7838864, "device_end": 1585630097.7873068, "host_queued_end": 1585630164.401114}, "device": "gpu", "nd_range": {"device_start": 1585630097.7873118, "device_end": 1585630097.7895577}, "cmdq": 0, "read": {"device_start": -1, "device_end": -1}}, "empty143": {"write": {"device_start": 1585630097.7825415, "host_queued_start": 1585630164.362867, "device_queued": 1585630097.7822967, "device_end": 1585630097.7826228, "host_queued_end": 1585630164.401114}, "device": "gpu", "nd_range": {"device_start": 1585630097.7826288, "device_end": 1585630097.78264}, "cmdq": 1, "read": {"device_start": -1, "device_end": -1}}, "FFC_sans_bias115": {"write": {"device_start": 1585630097.80018, "host_queued_start": 1585630164.397837, "device_queued": 1585630097.786062, "device_end": 1585630097.8002107, "host_queued_end": 1585630164.401114}, "device": "gpu", "nd_range": {"device_start": 1585630097.800231, "device_end": 1585630097.8019922}, "cmdq": 4, "read": {"device_start": 1585630097.801998, "device_end": 1585630097.8020256}}, "FFC_sans_bias114": {"write": {"device_start": -1, "host_queued_start": 1585630164.392658, "device_queued": -1, "device_end": -1, "host_queued_end": 1585630164.401114}, "device": "gpu", "nd_range": {"device_start": 1585630097.797406, "device_end": 1585630097.7990444}, "cmdq": 2, "read": {"device_start": -1, "device_end": -1}}, "FFC_sans_bias117": {"write": {"device_start": 1585630097.7868333, "host_queued_start": 1585630164.376592, "device_queued": 1585630097.783669, "device_end": 1585630097.78686, "host_queued_end": 1585630164.401114}, "device": "gpu", "nd_range": {"device_start": 1585630097.7868645, "device_end": 1585630097.7891142}, "cmdq": 4, "read": {"device_start": -1, "device_end": -1}}, "softmax5": {"write": {"device_start": -1, "host_queued_start": 1585630164.447097, "device_queued": -1, "device_end": -1, "host_queued_end": 1585630164.461663}, "device": "cpu", "nd_range": {"device_start": 2297938.827002269, "device_end": 2297938.827211027}, "cmdq": 4, "read": {"device_start": -1, "device_end": -1}}, "FFC_sans_bias110": {"write": {"device_start": 1585630097.786307, "host_queued_start": 1585630164.375533, "device_queued": 1585630097.7835596, "device_end": 1585630097.786338, "host_queued_end": 1585630164.401114}, "device": "gpu", "nd_range": {"device_start": 1585630097.7863433, "device_end": 1585630097.7886384}, "cmdq": 3, "read": {"device_start": -1, "device_end": -1}}, "FFC_sans_bias112": {"write": {"device_start": -1, "host_queued_start": 1585630164.388659, "device_queued": -1, "device_end": -1, "host_queued_end": 1585630164.401114}, "device": "gpu", "nd_range": {"device_start": 1585630097.7929635, "device_end": 1585630097.7944977}, "cmdq": 3, "read": {"device_start": -1, "device_end": -1}}, "empty53": {"write": {"device_start": -1, "host_queued_start": 1585630164.408031, "device_queued": -1, "device_end": -1, "host_queued_end": 1585630164.461663}, "device": "cpu", "nd_range": {"device_start": 2297938.651324625, "device_end": 2297938.65132561}, "cmdq": 0, "read": {"device_start": -1, "device_end": -1}}, "coalesced_transpose48": {"write": {"device_start": -1, "host_queued_start": 1585630164.442564, "device_queued": -1, "device_end": -1, "host_queued_end": 1585630164.461663}, "device": "cpu", "nd_range": {"device_start": 2297938.755356432, "device_end": 2297938.7555997083}, "cmdq": 1, "read": {"device_start": -1, "device_end": -1}}}