{"FFC_sans_bias4": {"write": {"device_start": -1, "host_queued_start": 1585629011.102913, "device_queued": -1, "device_end": -1, "host_queued_end": 1585629011.134984}, "device": "gpu", "nd_range": {"device_start": 1585628944.5831325, "device_end": 1585628944.5837302}, "cmdq": 0, "read": {"device_start": -1, "device_end": -1}}, "FFC_sans_bias7": {"write": {"device_start": 1585628944.6057563, "host_queued_start": 1585629011.11851, "device_queued": 1585628944.5552096, "device_end": 1585628944.6057847, "host_queued_end": 1585629011.134984}, "device": "gpu", "nd_range": {"device_start": 1585628944.6057937, "device_end": 1585628944.60639}, "cmdq": 0, "read": {"device_start": 1585628944.6063921, "device_end": 1585628944.6064157}}, "FFC_sans_bias6": {"write": {"device_start": -1, "host_queued_start": 1585629011.112392, "device_queued": -1, "device_end": -1, "host_queued_end": 1585629011.134984}, "device": "gpu", "nd_range": {"device_start": 1585628944.5960531, "device_end": 1585628944.596652}, "cmdq": 0, "read": {"device_start": -1, "device_end": -1}}, "FFC_sans_bias1": {"write": {"device_start": 1585628944.5489755, "host_queued_start": 1585629011.047665, "device_queued": 1585628944.5478725, "device_end": 1585628944.5490053, "host_queued_end": 1585629011.134984}, "device": "gpu", "nd_range": {"device_start": 1585628944.5490098, "device_end": 1585628944.5496037}, "cmdq": 0, "read": {"device_start": -1, "device_end": -1}}, "FFC_sans_bias0": {"write": {"device_start": 1585628944.5482666, "host_queued_start": 1585629011.046562, "device_queued": 1585628944.547814, "device_end": 1585628944.5482905, "host_queued_end": 1585629011.134984}, "device": "gpu", "nd_range": {"device_start": 1585628944.548299, "device_end": 1585628944.5489006}, "cmdq": 0, "read": {"device_start": -1, "device_end": -1}}, "FFC_sans_bias2": {"write": {"device_start": 1585628944.5497212, "host_queued_start": 1585629011.048736, "device_queued": 1585628944.5480638, "device_end": 1585628944.549751, "host_queued_end": 1585629011.134984}, "device": "gpu", "nd_range": {"device_start": 1585628944.5497603, "device_end": 1585628944.550355}, "cmdq": 0, "read": {"device_start": -1, "device_end": -1}}, "coalesced_transpose120": {"write": {"device_start": -1, "host_queued_start": 1585629011.101956, "device_queued": -1, "device_end": -1, "host_queued_end": 1585629011.134984}, "device": "gpu", "nd_range": {"device_start": 1585628944.5831046, "device_end": 1585628944.5831127}, "cmdq": 0, "read": {"device_start": -1, "device_end": -1}}, "FFC_sans_bias9": {"write": {"device_start": 1585628944.5504487, "host_queued_start": 1585629011.049797, "device_queued": 1585628944.5481184, "device_end": 1585628944.550472, "host_queued_end": 1585629011.134984}, "device": "gpu", "nd_range": {"device_start": 1585628944.5504823, "device_end": 1585628944.5510821}, "cmdq": 0, "read": {"device_start": -1, "device_end": -1}}, "empty71": {"write": {"device_start": 1585628944.5471907, "host_queued_start": 1585629011.038804, "device_queued": 1585628944.546828, "device_end": 1585628944.5472145, "host_queued_end": 1585629011.134984}, "device": "gpu", "nd_range": {"device_start": 1585628944.5472183, "device_end": 1585628944.547222}, "cmdq": 0, "read": {"device_start": -1, "device_end": -1}}, "softmax41": {"write": {"device_start": -1, "host_queued_start": 1585629011.109199, "device_queued": -1, "device_end": -1, "host_queued_end": 1585629011.134984}, "device": "gpu", "nd_range": {"device_start": 1585628944.5935273, "device_end": 1585628944.5937362}, "cmdq": 0, "read": {"device_start": -1, "device_end": -1}}, "FFC_sans_bias37": {"write": {"device_start": 1585628944.5577204, "host_queued_start": 1585629011.060783, "device_queued": 1585628944.5491135, "device_end": 1585628944.5577447, "host_queued_end": 1585629011.134984}, "device": "gpu", "nd_range": {"device_start": 1585628944.5577474, "device_end": 1585628944.5583458}, "cmdq": 0, "read": {"device_start": -1, "device_end": -1}}, "FFC_sans_bias36": {"write": {"device_start": 1585628944.5569954, "host_queued_start": 1585629011.059574, "device_queued": 1585628944.5490499, "device_end": 1585628944.5570192, "host_queued_end": 1585629011.134984}, "device": "gpu", "nd_range": {"device_start": 1585628944.5570228, "device_end": 1585628944.5576203}, "cmdq": 0, "read": {"device_start": -1, "device_end": -1}}, "FFC_sans_bias34": {"write": {"device_start": 1585628944.6082952, "host_queued_start": 1585629011.121775, "device_queued": 1585628944.5554612, "device_end": 1585628944.6083245, "host_queued_end": 1585629011.134984}, "device": "gpu", "nd_range": {"device_start": 1585628944.608329, "device_end": 1585628944.608926}, "cmdq": 0, "read": {"device_start": 1585628944.6089282, "device_end": 1585628944.6089506}}, "FFC_sans_bias33": {"write": {"device_start": -1, "host_queued_start": 1585629011.11342, "device_queued": -1, "device_end": -1, "host_queued_end": 1585629011.134984}, "device": "gpu", "nd_range": {"device_start": 1585628944.597854, "device_end": 1585628944.5984519}, "cmdq": 0, "read": {"device_start": -1, "device_end": -1}}, "FFC_sans_bias31": {"write": {"device_start": -1, "host_queued_start": 1585629011.103895, "device_queued": -1, "device_end": -1, "host_queued_end": 1585629011.134984}, "device": "gpu", "nd_range": {"device_start": 1585628944.5849125, "device_end": 1585628944.5855029}, "cmdq": 0, "read": {"device_start": -1, "device_end": -1}}, "FFC_sans_bias38": {"write": {"device_start": 1585628944.5584545, "host_queued_start": 1585629011.061866, "device_queued": 1585628944.549249, "device_end": 1585628944.5584774, "host_queued_end": 1585629011.134984}, "device": "gpu", "nd_range": {"device_start": 1585628944.5584822, "device_end": 1585628944.5590854}, "cmdq": 0, "read": {"device_start": -1, "device_end": -1}}, "coalesced_transpose75": {"write": {"device_start": -1, "host_queued_start": 1585629011.100275, "device_queued": -1, "device_end": -1, "host_queued_end": 1585629011.134984}, "device": "gpu", "nd_range": {"device_start": 1585628944.583057, "device_end": 1585628944.5830653}, "cmdq": 0, "read": {"device_start": -1, "device_end": -1}}, "softmax140": {"write": {"device_start": -1, "host_queued_start": 1585629011.112069, "device_queued": -1, "device_end": -1, "host_queued_end": 1585629011.134984}, "device": "gpu", "nd_range": {"device_start": 1585628944.5958424, "device_end": 1585628944.5960522}, "cmdq": 0, "read": {"device_start": -1, "device_end": -1}}, "empty44": {"write": {"device_start": 1585628944.5467904, "host_queued_start": 1585629011.036271, "device_queued": 1585628944.5466933, "device_end": 1585628944.546814, "host_queued_end": 1585629011.134984}, "device": "gpu", "nd_range": {"device_start": 1585628944.5468228, "device_end": 1585628944.5468264}, "cmdq": 0, "read": {"device_start": -1, "device_end": -1}}, "FFC_sans_bias137": {"write": {"device_start": 1585628944.5817168, "host_queued_start": 1585629011.096349, "device_queued": 1585628944.5521693, "device_end": 1585628944.5817401, "host_queued_end": 1585629011.134984}, "device": "gpu", "nd_range": {"device_start": 1585628944.5817451, "device_end": 1585628944.5823412}, "cmdq": 0, "read": {"device_start": -1, "device_end": -1}}, "empty8": {"write": {"device_start": 1585628944.5461276, "host_queued_start": 1585629011.03241, "device_queued": 1585628944.5460024, "device_end": 1585628944.5461552, "host_queued_end": 1585629011.134984}, "device": "gpu", "nd_range": {"device_start": 1585628944.5461843, "device_end": 1585628944.5461965}, "cmdq": 0, "read": {"device_start": -1, "device_end": -1}}, "softmax50": {"write": {"device_start": -1, "host_queued_start": 1585629011.109457, "device_queued": -1, "device_end": -1, "host_queued_end": 1585629011.134984}, "device": "gpu", "nd_range": {"device_start": 1585628944.5937376, "device_end": 1585628944.5939486}, "cmdq": 0, "read": {"device_start": -1, "device_end": -1}}, "softmax59": {"write": {"device_start": -1, "host_queued_start": 1585629011.109724, "device_queued": -1, "device_end": -1, "host_queued_end": 1585629011.134984}, "device": "gpu", "nd_range": {"device_start": 1585628944.5939496, "device_end": 1585628944.5941596}, "cmdq": 0, "read": {"device_start": -1, "device_end": -1}}, "FFC_sans_bias142": {"write": {"device_start": 1585628944.6182168, "host_queued_start": 1585629011.134876, "device_queued": 1585628944.5577397, "device_end": 1585628944.6182463, "host_queued_end": 1585629011.134984}, "device": "gpu", "nd_range": {"device_start": 1585628944.6182494, "device_end": 1585628944.618846}, "cmdq": 0, "read": {"device_start": 1585628944.6188548, "device_end": 1585628944.6188767}}, "FFC_sans_bias141": {"write": {"device_start": -1, "host_queued_start": 1585629011.117453, "device_queued": -1, "device_end": -1, "host_queued_end": 1585629011.134984}, "device": "gpu", "nd_range": {"device_start": 1585628944.6050475, "device_end": 1585628944.6056402}, "cmdq": 0, "read": {"device_start": -1, "device_end": -1}}, "FFC_sans_bias24": {"write": {"device_start": -1, "host_queued_start": 1585629011.113071, "device_queued": -1, "device_end": -1, "host_queued_end": 1585629011.134984}, "device": "gpu", "nd_range": {"device_start": 1585628944.5972557, "device_end": 1585628944.5978518}, "cmdq": 0, "read": {"device_start": -1, "device_end": -1}}, "FFC_sans_bias25": {"write": {"device_start": 1585628944.6074452, "host_queued_start": 1585629011.120692, "device_queued": 1585628944.555408, "device_end": 1585628944.6074748, "host_queued_end": 1585629011.134984}, "device": "gpu", "nd_range": {"device_start": 1585628944.6074812, "device_end": 1585628944.608089}, "cmdq": 0, "read": {"device_start": 1585628944.6080945, "device_end": 1585628944.6081169}}, "FFC_sans_bias27": {"write": {"device_start": 1585628944.554842, "host_queued_start": 1585629011.056346, "device_queued": 1585628944.5487227, "device_end": 1585628944.554866, "host_queued_end": 1585629011.134984}, "device": "gpu", "nd_range": {"device_start": 1585628944.5548685, "device_end": 1585628944.5554674}, "cmdq": 0, "read": {"device_start": -1, "device_end": -1}}, "FFC_sans_bias20": {"write": {"device_start": 1585628944.554118, "host_queued_start": 1585629011.055281, "device_queued": 1585628944.5486872, "device_end": 1585628944.5541415, "host_queued_end": 1585629011.134984}, "device": "gpu", "nd_range": {"device_start": 1585628944.5541472, "device_end": 1585628944.5547397}, "cmdq": 0, "read": {"device_start": -1, "device_end": -1}}, "FFC_sans_bias22": {"write": {"device_start": -1, "host_queued_start": 1585629011.103568, "device_queued": -1, "device_end": -1, "host_queued_end": 1585629011.134984}, "device": "gpu", "nd_range": {"device_start": 1585628944.5843232, "device_end": 1585628944.5849104}, "cmdq": 0, "read": {"device_start": -1, "device_end": -1}}, "FFC_sans_bias130": {"write": {"device_start": -1, "host_queued_start": 1585629011.107539, "device_queued": -1, "device_end": -1, "host_queued_end": 1585629011.134984}, "device": "gpu", "nd_range": {"device_start": 1585628944.5914783, "device_end": 1585628944.592077}, "cmdq": 0, "read": {"device_start": -1, "device_end": -1}}, "FFC_sans_bias28": {"write": {"device_start": 1585628944.5555475, "host_queued_start": 1585629011.057412, "device_queued": 1585628944.5488412, "device_end": 1585628944.5555701, "host_queued_end": 1585629011.134984}, "device": "gpu", "nd_range": {"device_start": 1585628944.555575, "device_end": 1585628944.5561812}, "cmdq": 0, "read": {"device_start": -1, "device_end": -1}}, "FFC_sans_bias29": {"write": {"device_start": 1585628944.5562806, "host_queued_start": 1585629011.058492, "device_queued": 1585628944.5488849, "device_end": 1585628944.5563045, "host_queued_end": 1585629011.134984}, "device": "gpu", "nd_range": {"device_start": 1585628944.556308, "device_end": 1585628944.5569062}, "cmdq": 0, "read": {"device_start": -1, "device_end": -1}}, "coalesced_transpose66": {"write": {"device_start": -1, "host_queued_start": 1585629011.099965, "device_queued": -1, "device_end": -1, "host_queued_end": 1585629011.134984}, "device": "gpu", "nd_range": {"device_start": 1585628944.5830476, "device_end": 1585628944.583056}, "cmdq": 0, "read": {"device_start": -1, "device_end": -1}}, "coalesced_transpose93": {"write": {"device_start": -1, "host_queued_start": 1585629011.100999, "device_queued": -1, "device_end": -1, "host_queued_end": 1585629011.134984}, "device": "gpu", "nd_range": {"device_start": 1585628944.5830753, "device_end": 1585628944.5830836}, "cmdq": 0, "read": {"device_start": -1, "device_end": -1}}, "softmax23": {"write": {"device_start": -1, "host_queued_start": 1585629011.108691, "device_queued": -1, "device_end": -1, "host_queued_end": 1585629011.134984}, "device": "gpu", "nd_range": {"device_start": 1585628944.5931072, "device_end": 1585628944.5933168}, "cmdq": 0, "read": {"device_start": -1, "device_end": -1}}, "empty62": {"write": {"device_start": 1585628944.5470626, "host_queued_start": 1585629011.037947, "device_queued": 1585628944.5467875, "device_end": 1585628944.5470908, "host_queued_end": 1585629011.134984}, "device": "gpu", "nd_range": {"device_start": 1585628944.5470936, "device_end": 1585628944.5470972}, "cmdq": 0, "read": {"device_start": -1, "device_end": -1}}, "FFC_sans_bias10": {"write": {"device_start": 1585628944.551201, "host_queued_start": 1585629011.05088, "device_queued": 1585628944.5483499, "device_end": 1585628944.5512252, "host_queued_end": 1585629011.134984}, "device": "gpu", "nd_range": {"device_start": 1585628944.5512319, "device_end": 1585628944.5518308}, "cmdq": 0, "read": {"device_start": -1, "device_end": -1}}, "FFC_sans_bias13": {"write": {"device_start": -1, "host_queued_start": 1585629011.103241, "device_queued": -1, "device_end": -1, "host_queued_end": 1585629011.134984}, "device": "gpu", "nd_range": {"device_start": 1585628944.5837314, "device_end": 1585628944.5843213}, "cmdq": 0, "read": {"device_start": -1, "device_end": -1}}, "FFC_sans_bias15": {"write": {"device_start": -1, "host_queued_start": 1585629011.112735, "device_queued": -1, "device_end": -1, "host_queued_end": 1585629011.134984}, "device": "gpu", "nd_range": {"device_start": 1585628944.5966535, "device_end": 1585628944.597254}, "cmdq": 0, "read": {"device_start": -1, "device_end": -1}}, "FFC_sans_bias16": {"write": {"device_start": 1585628944.606596, "host_queued_start": 1585629011.119615, "device_queued": 1585628944.5552607, "device_end": 1585628944.6066244, "host_queued_end": 1585629011.134984}, "device": "gpu", "nd_range": {"device_start": 1585628944.6066403, "device_end": 1585628944.6072364}, "cmdq": 0, "read": {"device_start": 1585628944.6072447, "device_end": 1585628944.607267}}, "FFC_sans_bias19": {"write": {"device_start": 1585628944.5533829, "host_queued_start": 1585629011.054144, "device_queued": 1585628944.548567, "device_end": 1585628944.5534067, "host_queued_end": 1585629011.134984}, "device": "gpu", "nd_range": {"device_start": 1585628944.553412, "device_end": 1585628944.5540051}, "cmdq": 0, "read": {"device_start": -1, "device_end": -1}}, "FFC_sans_bias18": {"write": {"device_start": 1585628944.5526445, "host_queued_start": 1585629011.053062, "device_queued": 1585628944.548531, "device_end": 1585628944.5526686, "host_queued_end": 1585629011.134984}, "device": "gpu", "nd_range": {"device_start": 1585628944.5526736, "device_end": 1585628944.5532722}, "cmdq": 0, "read": {"device_start": -1, "device_end": -1}}, "FFC_sans_bias99": {"write": {"device_start": 1585628944.572332, "host_queued_start": 1585629011.082301, "device_queued": 1585628944.55099, "device_end": 1585628944.5723557, "host_queued_end": 1585629011.134984}, "device": "gpu", "nd_range": {"device_start": 1585628944.5723586, "device_end": 1585628944.5729563}, "cmdq": 0, "read": {"device_start": -1, "device_end": -1}}, "FFC_sans_bias91": {"write": {"device_start": 1585628944.5708554, "host_queued_start": 1585629011.08015, "device_queued": 1585628944.5508354, "device_end": 1585628944.5708854, "host_queued_end": 1585629011.134984}, "device": "gpu", "nd_range": {"device_start": 1585628944.570894, "device_end": 1585628944.5714943}, "cmdq": 0, "read": {"device_start": -1, "device_end": -1}}, "FFC_sans_bias90": {"write": {"device_start": 1585628944.570117, "host_queued_start": 1585629011.079081, "device_queued": 1585628944.5508006, "device_end": 1585628944.5701456, "host_queued_end": 1585629011.134984}, "device": "gpu", "nd_range": {"device_start": 1585628944.5701525, "device_end": 1585628944.5707488}, "cmdq": 0, "read": {"device_start": -1, "device_end": -1}}, "coalesced_transpose12": {"write": {"device_start": -1, "host_queued_start": 1585629011.098057, "device_queued": -1, "device_end": -1, "host_queued_end": 1585629011.134984}, "device": "gpu", "nd_range": {"device_start": 1585628944.5829902, "device_end": 1585628944.5829985}, "cmdq": 0, "read": {"device_start": -1, "device_end": -1}}, "FFC_sans_bias94": {"write": {"device_start": -1, "host_queued_start": 1585629011.106217, "device_queued": -1, "device_end": -1, "host_queued_end": 1585629011.134984}, "device": "gpu", "nd_range": {"device_start": 1585628944.5891085, "device_end": 1585628944.5896976}, "cmdq": 0, "read": {"device_start": -1, "device_end": -1}}, "FFC_sans_bias97": {"write": {"device_start": 1585628944.6140752, "host_queued_start": 1585629011.129422, "device_queued": 1585628944.556325, "device_end": 1585628944.6141043, "host_queued_end": 1585629011.134984}, "device": "gpu", "nd_range": {"device_start": 1585628944.6141095, "device_end": 1585628944.6147053}, "cmdq": 0, "read": {"device_start": 1585628944.6147137, "device_end": 1585628944.614736}}, "FFC_sans_bias96": {"write": {"device_start": -1, "host_queued_start": 1585629011.115749, "device_queued": -1, "device_end": -1, "host_queued_end": 1585629011.134984}, "device": "gpu", "nd_range": {"device_start": 1585628944.6020474, "device_end": 1585628944.6026456}, "cmdq": 0, "read": {"device_start": -1, "device_end": -1}}, "FFC_sans_bias124": {"write": {"device_start": 1585628944.6165726, "host_queued_start": 1585629011.132673, "device_queued": 1585628944.5565867, "device_end": 1585628944.6166015, "host_queued_end": 1585629011.134984}, "device": "gpu", "nd_range": {"device_start": 1585628944.616604, "device_end": 1585628944.6172009}, "cmdq": 0, "read": {"device_start": 1585628944.617203, "device_end": 1585628944.6172256}}, "FFC_sans_bias126": {"write": {"device_start": 1585628944.5796225, "host_queued_start": 1585629011.093083, "device_queued": 1585628944.5518684, "device_end": 1585628944.579646, "host_queued_end": 1585629011.134984}, "device": "gpu", "nd_range": {"device_start": 1585628944.5796494, "device_end": 1585628944.580153}, "cmdq": 0, "read": {"device_start": -1, "device_end": -1}}, "softmax32": {"write": {"device_start": -1, "host_queued_start": 1585629011.108946, "device_queued": -1, "device_end": -1, "host_queued_end": 1585629011.134984}, "device": "gpu", "nd_range": {"device_start": 1585628944.5933177, "device_end": 1585628944.5935264}, "cmdq": 0, "read": {"device_start": -1, "device_end": -1}}, "coalesced_transpose84": {"write": {"device_start": -1, "host_queued_start": 1585629011.100593, "device_queued": -1, "device_end": -1, "host_queued_end": 1585629011.134984}, "device": "gpu", "nd_range": {"device_start": 1585628944.5830665, "device_end": 1585628944.583074}, "cmdq": 0, "read": {"device_start": -1, "device_end": -1}}, "FFC_sans_bias121": {"write": {"device_start": -1, "host_queued_start": 1585629011.107213, "device_queued": -1, "device_end": -1, "host_queued_end": 1585629011.134984}, "device": "gpu", "nd_range": {"device_start": 1585628944.5908854, "device_end": 1585628944.5914774}, "cmdq": 0, "read": {"device_start": -1, "device_end": -1}}, "empty98": {"write": {"device_start": 1585628944.5475514, "host_queued_start": 1585629011.041321, "device_queued": 1585628944.5472128, "device_end": 1585628944.5475755, "host_queued_end": 1585629011.134984}, "device": "gpu", "nd_range": {"device_start": 1585628944.547579, "device_end": 1585628944.5475874}, "cmdq": 0, "read": {"device_start": -1, "device_end": -1}}, "empty107": {"write": {"device_start": 1585628944.547677, "host_queued_start": 1585629011.042161, "device_queued": 1585628944.547239, "device_end": 1585628944.5477, "host_queued_end": 1585629011.134984}, "device": "gpu", "nd_range": {"device_start": 1585628944.5477052, "device_end": 1585628944.5477085}, "cmdq": 0, "read": {"device_start": -1, "device_end": -1}}, "empty17": {"write": {"device_start": 1585628944.5463161, "host_queued_start": 1585629011.033572, "device_queued": 1585628944.5462067, "device_end": 1585628944.54635, "host_queued_end": 1585629011.134984}, "device": "gpu", "nd_range": {"device_start": 1585628944.5463526, "device_end": 1585628944.5463617}, "cmdq": 0, "read": {"device_start": -1, "device_end": -1}}, "FFC_sans_bias87": {"write": {"device_start": -1, "host_queued_start": 1585629011.115408, "device_queued": -1, "device_end": -1, "host_queued_end": 1585629011.134984}, "device": "gpu", "nd_range": {"device_start": 1585628944.6014476, "device_end": 1585628944.602046}, "cmdq": 0, "read": {"device_start": -1, "device_end": -1}}, "FFC_sans_bias85": {"write": {"device_start": -1, "host_queued_start": 1585629011.105874, "device_queued": -1, "device_end": -1, "host_queued_end": 1585629011.134984}, "device": "gpu", "nd_range": {"device_start": 1585628944.5885031, "device_end": 1585628944.5891075}, "cmdq": 0, "read": {"device_start": -1, "device_end": -1}}, "FFC_sans_bias82": {"write": {"device_start": 1585628944.5686352, "host_queued_start": 1585629011.076906, "device_queued": 1585628944.550642, "device_end": 1585628944.568664, "host_queued_end": 1585629011.134984}, "device": "gpu", "nd_range": {"device_start": 1585628944.568673, "device_end": 1585628944.5692587}, "cmdq": 0, "read": {"device_start": -1, "device_end": -1}}, "FFC_sans_bias83": {"write": {"device_start": 1585628944.5693684, "host_queued_start": 1585629011.077998, "device_queued": 1585628944.5506778, "device_end": 1585628944.5693986, "host_queued_end": 1585629011.134984}, "device": "gpu", "nd_range": {"device_start": 1585628944.569407, "device_end": 1585628944.5700083}, "cmdq": 0, "read": {"device_start": -1, "device_end": -1}}, "FFC_sans_bias81": {"write": {"device_start": 1585628944.5678918, "host_queued_start": 1585629011.075848, "device_queued": 1585628944.550523, "device_end": 1585628944.5679212, "host_queued_end": 1585629011.134984}, "device": "gpu", "nd_range": {"device_start": 1585628944.5679295, "device_end": 1585628944.568528}, "cmdq": 0, "read": {"device_start": -1, "device_end": -1}}, "FFC_sans_bias88": {"write": {"device_start": 1585628944.6132536, "host_queued_start": 1585629011.128343, "device_queued": 1585628944.5561485, "device_end": 1585628944.613283, "host_queued_end": 1585629011.134984}, "device": "gpu", "nd_range": {"device_start": 1585628944.6132855, "device_end": 1585628944.613882}, "cmdq": 0, "read": {"device_start": 1585628944.6138852, "device_end": 1585628944.6139076}}, "coalesced_transpose30": {"write": {"device_start": -1, "host_queued_start": 1585629011.098693, "device_queued": -1, "device_end": -1, "host_queued_end": 1585629011.134984}, "device": "gpu", "nd_range": {"device_start": 1585628944.5830095, "device_end": 1585628944.5830173}, "cmdq": 0, "read": {"device_start": -1, "device_end": -1}}, "FFC_sans_bias128": {"write": {"device_start": 1585628944.5789008, "host_queued_start": 1585629011.092018, "device_queued": 1585628944.5518193, "device_end": 1585628944.5789242, "host_queued_end": 1585629011.134984}, "device": "gpu", "nd_range": {"device_start": 1585628944.5789292, "device_end": 1585628944.5795195}, "cmdq": 0, "read": {"device_start": -1, "device_end": -1}}, "coalesced_transpose39": {"write": {"device_start": -1, "host_queued_start": 1585629011.099011, "device_queued": -1, "device_end": -1, "host_queued_end": 1585629011.134984}, "device": "gpu", "nd_range": {"device_start": 1585628944.5830185, "device_end": 1585628944.5830274}, "cmdq": 0, "read": {"device_start": -1, "device_end": -1}}, "FFC_sans_bias79": {"write": {"device_start": 1585628944.6124394, "host_queued_start": 1585629011.12722, "device_queued": 1585628944.5560932, "device_end": 1585628944.6124687, "host_queued_end": 1585629011.134984}, "device": "gpu", "nd_range": {"device_start": 1585628944.6124732, "device_end": 1585628944.6130686}, "cmdq": 0, "read": {"device_start": 1585628944.6130712, "device_end": 1585628944.6130936}}, "FFC_sans_bias78": {"write": {"device_start": -1, "host_queued_start": 1585629011.11507, "device_queued": -1, "device_end": -1, "host_queued_end": 1585629011.134984}, "device": "gpu", "nd_range": {"device_start": 1585628944.6008468, "device_end": 1585628944.6014464}, "cmdq": 0, "read": {"device_start": -1, "device_end": -1}}, "FFC_sans_bias73": {"write": {"device_start": 1585628944.566398, "host_queued_start": 1585629011.073708, "device_queued": 1585628944.5503042, "device_end": 1585628944.566428, "host_queued_end": 1585629011.134984}, "device": "gpu", "nd_range": {"device_start": 1585628944.5664365, "device_end": 1585628944.5670352}, "cmdq": 0, "read": {"device_start": -1, "device_end": -1}}, "FFC_sans_bias72": {"write": {"device_start": 1585628944.565643, "host_queued_start": 1585629011.072606, "device_queued": 1585628944.550264, "device_end": 1585628944.5656712, "host_queued_end": 1585629011.134984}, "device": "gpu", "nd_range": {"device_start": 1585628944.5656798, "device_end": 1585628944.5662792}, "cmdq": 0, "read": {"device_start": -1, "device_end": -1}}, "FFC_sans_bias70": {"write": {"device_start": 1585628944.611617, "host_queued_start": 1585629011.126137, "device_queued": 1585628944.5559502, "device_end": 1585628944.6116467, "host_queued_end": 1585629011.134984}, "device": "gpu", "nd_range": {"device_start": 1585628944.6116529, "device_end": 1585628944.6122534}, "cmdq": 0, "read": {"device_start": 1585628944.612256, "device_end": 1585628944.6122785}}, "FFC_sans_bias76": {"write": {"device_start": -1, "host_queued_start": 1585629011.105547, "device_queued": -1, "device_end": -1, "host_queued_end": 1585629011.134984}, "device": "gpu", "nd_range": {"device_start": 1585628944.5879016, "device_end": 1585628944.588502}, "cmdq": 0, "read": {"device_start": -1, "device_end": -1}}, "FFC_sans_bias74": {"write": {"device_start": 1585628944.5671537, "host_queued_start": 1585629011.074785, "device_queued": 1585628944.5504863, "device_end": 1585628944.5671818, "host_queued_end": 1585629011.134984}, "device": "gpu", "nd_range": {"device_start": 1585628944.567189, "device_end": 1585628944.567784}, "cmdq": 0, "read": {"device_start": -1, "device_end": -1}}, "coalesced_transpose102": {"write": {"device_start": -1, "host_queued_start": 1585629011.101318, "device_queued": -1, "device_end": -1, "host_queued_end": 1585629011.134984}, "device": "gpu", "nd_range": {"device_start": 1585628944.583085, "device_end": 1585628944.5830934}, "cmdq": 0, "read": {"device_start": -1, "device_end": -1}}, "coalesced_transpose3": {"write": {"device_start": -1, "host_queued_start": 1585629011.097739, "device_queued": -1, "device_end": -1, "host_queued_end": 1585629011.134984}, "device": "gpu", "nd_range": {"device_start": 1585628944.5829802, "device_end": 1585628944.582989}, "cmdq": 0, "read": {"device_start": -1, "device_end": -1}}, "FFC_sans_bias127": {"write": {"device_start": 1585628944.5802555, "host_queued_start": 1585629011.094174, "device_queued": 1585628944.5520105, "device_end": 1585628944.5802789, "host_queued_end": 1585629011.134984}, "device": "gpu", "nd_range": {"device_start": 1585628944.580284, "device_end": 1585628944.5808718}, "cmdq": 0, "read": {"device_start": -1, "device_end": -1}}, "empty89": {"write": {"device_start": 1585628944.5474374, "host_queued_start": 1585629011.040483, "device_queued": 1585628944.5471742, "device_end": 1585628944.547466, "host_queued_end": 1585629011.134984}, "device": "gpu", "nd_range": {"device_start": 1585628944.5474703, "device_end": 1585628944.547474}, "cmdq": 0, "read": {"device_start": -1, "device_end": -1}}, "FFC_sans_bias123": {"write": {"device_start": -1, "host_queued_start": 1585629011.11678, "device_queued": -1, "device_end": -1, "host_queued_end": 1585629011.134984}, "device": "gpu", "nd_range": {"device_start": 1585628944.6038468, "device_end": 1585628944.6044457}, "cmdq": 0, "read": {"device_start": -1, "device_end": -1}}, "empty80": {"write": {"device_start": 1585628944.5472991, "host_queued_start": 1585629011.039645, "device_queued": 1585628944.5471246, "device_end": 1585628944.5473278, "host_queued_end": 1585629011.134984}, "device": "gpu", "nd_range": {"device_start": 1585628944.5473347, "device_end": 1585628944.547338}, "cmdq": 0, "read": {"device_start": -1, "device_end": -1}}, "empty116": {"write": {"device_start": 1585628944.5478082, "host_queued_start": 1585629011.043032, "device_queued": 1585628944.5474494, "device_end": 1585628944.5478323, "host_queued_end": 1585629011.134984}, "device": "gpu", "nd_range": {"device_start": 1585628944.5478413, "device_end": 1585628944.5478451}, "cmdq": 0, "read": {"device_start": -1, "device_end": -1}}, "softmax104": {"write": {"device_start": -1, "host_queued_start": 1585629011.111037, "device_queued": -1, "device_end": -1, "host_queued_end": 1585629011.134984}, "device": "gpu", "nd_range": {"device_start": 1585628944.595001, "device_end": 1585628944.5952103}, "cmdq": 0, "read": {"device_start": -1, "device_end": -1}}, "coalesced_transpose21": {"write": {"device_start": -1, "host_queued_start": 1585629011.098372, "device_queued": -1, "device_end": -1, "host_queued_end": 1585629011.134984}, "device": "gpu", "nd_range": {"device_start": 1585628944.583, "device_end": 1585628944.583008}, "cmdq": 0, "read": {"device_start": -1, "device_end": -1}}, "softmax14": {"write": {"device_start": -1, "host_queued_start": 1585629011.108406, "device_queued": -1, "device_end": -1, "host_queued_end": 1585629011.134984}, "device": "gpu", "nd_range": {"device_start": 1585628944.5928853, "device_end": 1585628944.5931063}, "cmdq": 0, "read": {"device_start": -1, "device_end": -1}}, "FFC_sans_bias69": {"write": {"device_start": -1, "host_queued_start": 1585629011.114745, "device_queued": -1, "device_end": -1, "host_queued_end": 1585629011.134984}, "device": "gpu", "nd_range": {"device_start": 1585628944.6002467, "device_end": 1585628944.6008456}, "cmdq": 0, "read": {"device_start": -1, "device_end": -1}}, "FFC_sans_bias92": {"write": {"device_start": 1585628944.5715969, "host_queued_start": 1585629011.081225, "device_queued": 1585628944.550954, "device_end": 1585628944.57162, "host_queued_end": 1585629011.134984}, "device": "gpu", "nd_range": {"device_start": 1585628944.5716271, "device_end": 1585628944.5722287}, "cmdq": 0, "read": {"device_start": -1, "device_end": -1}}, "FFC_sans_bias60": {"write": {"device_start": -1, "host_queued_start": 1585629011.114411, "device_queued": -1, "device_end": -1, "host_queued_end": 1585629011.134984}, "device": "gpu", "nd_range": {"device_start": 1585628944.599648, "device_end": 1585628944.6002452}, "cmdq": 0, "read": {"device_start": -1, "device_end": -1}}, "FFC_sans_bias61": {"write": {"device_start": 1585628944.6107929, "host_queued_start": 1585629011.125056, "device_queued": 1585628944.5558944, "device_end": 1585628944.6108224, "host_queued_end": 1585629011.134984}, "device": "gpu", "nd_range": {"device_start": 1585628944.610825, "device_end": 1585628944.6114225}, "cmdq": 0, "read": {"device_start": 1585628944.6114256, "device_end": 1585628944.611448}}, "FFC_sans_bias63": {"write": {"device_start": 1585628944.5650134, "host_queued_start": 1585629011.07154, "device_queued": 1585628944.5501356, "device_end": 1585628944.565037, "host_queued_end": 1585629011.134984}, "device": "gpu", "nd_range": {"device_start": 1585628944.5650418, "device_end": 1585628944.565545}, "cmdq": 0, "read": {"device_start": -1, "device_end": -1}}, "FFC_sans_bias64": {"write": {"device_start": 1585628944.5635161, "host_queued_start": 1585629011.069396, "device_queued": 1585628944.5499465, "device_end": 1585628944.5635457, "host_queued_end": 1585629011.134984}, "device": "gpu", "nd_range": {"device_start": 1585628944.5635483, "device_end": 1585628944.564147}, "cmdq": 0, "read": {"device_start": -1, "device_end": -1}}, "FFC_sans_bias65": {"write": {"device_start": 1585628944.5642567, "host_queued_start": 1585629011.070469, "device_queued": 1585628944.5500832, "device_end": 1585628944.564285, "host_queued_end": 1585629011.134984}, "device": "gpu", "nd_range": {"device_start": 1585628944.5642943, "device_end": 1585628944.5649076}, "cmdq": 0, "read": {"device_start": -1, "device_end": -1}}, "FFC_sans_bias67": {"write": {"device_start": -1, "host_queued_start": 1585629011.105214, "device_queued": -1, "device_end": -1, "host_queued_end": 1585629011.134984}, "device": "gpu", "nd_range": {"device_start": 1585628944.5873017, "device_end": 1585628944.5879004}, "cmdq": 0, "read": {"device_start": -1, "device_end": -1}}, "coalesced_transpose111": {"write": {"device_start": -1, "host_queued_start": 1585629011.101633, "device_queued": -1, "device_end": -1, "host_queued_end": 1585629011.134984}, "device": "gpu", "nd_range": {"device_start": 1585628944.5830946, "device_end": 1585628944.5831034}, "cmdq": 0, "read": {"device_start": -1, "device_end": -1}}, "FFC_sans_bias136": {"write": {"device_start": 1585628944.5809653, "host_queued_start": 1585629011.095273, "device_queued": 1585628944.5520477, "device_end": 1585628944.5809953, "host_queued_end": 1585629011.134984}, "device": "gpu", "nd_range": {"device_start": 1585628944.581004, "device_end": 1585628944.5816054}, "cmdq": 0, "read": {"device_start": -1, "device_end": -1}}, "FFC_sans_bias135": {"write": {"device_start": 1585628944.582453, "host_queued_start": 1585629011.09741, "device_queued": 1585628944.552208, "device_end": 1585628944.5824769, "host_queued_end": 1585629011.134984}, "device": "gpu", "nd_range": {"device_start": 1585628944.58248, "device_end": 1585628944.5829792}, "cmdq": 0, "read": {"device_start": -1, "device_end": -1}}, "FFC_sans_bias133": {"write": {"device_start": 1585628944.617396, "host_queued_start": 1585629011.133789, "device_queued": 1585628944.556728, "device_end": 1585628944.6174247, "host_queued_end": 1585629011.134984}, "device": "gpu", "nd_range": {"device_start": 1585628944.6174276, "device_end": 1585628944.618023}, "cmdq": 0, "read": {"device_start": 1585628944.6180263, "device_end": 1585628944.618049}}, "FFC_sans_bias132": {"write": {"device_start": -1, "host_queued_start": 1585629011.117116, "device_queued": -1, "device_end": -1, "host_queued_end": 1585629011.134984}, "device": "gpu", "nd_range": {"device_start": 1585628944.604447, "device_end": 1585628944.6050458}, "cmdq": 0, "read": {"device_start": -1, "device_end": -1}}, "softmax68": {"write": {"device_start": -1, "host_queued_start": 1585629011.109988, "device_queued": -1, "device_end": -1, "host_queued_end": 1585629011.134984}, "device": "gpu", "nd_range": {"device_start": 1585628944.5941608, "device_end": 1585628944.59437}, "cmdq": 0, "read": {"device_start": -1, "device_end": -1}}, "softmax131": {"write": {"device_start": -1, "host_queued_start": 1585629011.111793, "device_queued": -1, "device_end": -1, "host_queued_end": 1585629011.134984}, "device": "gpu", "nd_range": {"device_start": 1585628944.5956326, "device_end": 1585628944.5958412}, "cmdq": 0, "read": {"device_start": -1, "device_end": -1}}, "empty125": {"write": {"device_start": 1585628944.5479126, "host_queued_start": 1585629011.04387, "device_queued": 1585628944.5475044, "device_end": 1585628944.5479364, "host_queued_end": 1585629011.134984}, "device": "gpu", "nd_range": {"device_start": 1585628944.547942, "device_end": 1585628944.5479453}, "cmdq": 0, "read": {"device_start": -1, "device_end": -1}}, "FFC_sans_bias139": {"write": {"device_start": -1, "host_queued_start": 1585629011.107868, "device_queued": -1, "device_end": -1, "host_queued_end": 1585629011.134984}, "device": "gpu", "nd_range": {"device_start": 1585628944.592078, "device_end": 1585628944.5926726}, "cmdq": 0, "read": {"device_start": -1, "device_end": -1}}, "empty35": {"write": {"device_start": 1585628944.546603, "host_queued_start": 1585629011.03543, "device_queued": 1585628944.5463464, "device_end": 1585628944.546626, "host_queued_end": 1585629011.134984}, "device": "gpu", "nd_range": {"device_start": 1585628944.5466342, "device_end": 1585628944.5466373}, "cmdq": 0, "read": {"device_start": -1, "device_end": -1}}, "softmax86": {"write": {"device_start": -1, "host_queued_start": 1585629011.110519, "device_queued": -1, "device_end": -1, "host_queued_end": 1585629011.134984}, "device": "gpu", "nd_range": {"device_start": 1585628944.5945816, "device_end": 1585628944.59479}, "cmdq": 0, "read": {"device_start": -1, "device_end": -1}}, "FFC_sans_bias55": {"write": {"device_start": 1585628944.5627759, "host_queued_start": 1585629011.068316, "device_queued": 1585628944.5498912, "device_end": 1585628944.5628045, "host_queued_end": 1585629011.134984}, "device": "gpu", "nd_range": {"device_start": 1585628944.5628192, "device_end": 1585628944.563417}, "cmdq": 0, "read": {"device_start": -1, "device_end": -1}}, "FFC_sans_bias54": {"write": {"device_start": 1585628944.5620315, "host_queued_start": 1585629011.06725, "device_queued": 1585628944.5496914, "device_end": 1585628944.5620615, "host_queued_end": 1585629011.134984}, "device": "gpu", "nd_range": {"device_start": 1585628944.5620701, "device_end": 1585628944.562658}, "cmdq": 0, "read": {"device_start": -1, "device_end": -1}}, "FFC_sans_bias56": {"write": {"device_start": 1585628944.5612655, "host_queued_start": 1585629011.066171, "device_queued": 1585628944.549631, "device_end": 1585628944.5612938, "host_queued_end": 1585629011.134984}, "device": "gpu", "nd_range": {"device_start": 1585628944.5613098, "device_end": 1585628944.561915}, "cmdq": 0, "read": {"device_start": -1, "device_end": -1}}, "FFC_sans_bias51": {"write": {"device_start": -1, "host_queued_start": 1585629011.114088, "device_queued": -1, "device_end": -1, "host_queued_end": 1585629011.134984}, "device": "gpu", "nd_range": {"device_start": 1585628944.5990462, "device_end": 1585628944.5996468}, "cmdq": 0, "read": {"device_start": -1, "device_end": -1}}, "FFC_sans_bias52": {"write": {"device_start": 1585628944.6099684, "host_queued_start": 1585629011.123988, "device_queued": 1585628944.5557518, "device_end": 1585628944.6099982, "host_queued_end": 1585629011.134984}, "device": "gpu", "nd_range": {"device_start": 1585628944.6100008, "device_end": 1585628944.6106}, "cmdq": 0, "read": {"device_start": 1585628944.6106021, "device_end": 1585628944.6106246}}, "FFC_sans_bias58": {"write": {"device_start": -1, "host_queued_start": 1585629011.104885, "device_queued": -1, "device_end": -1, "host_queued_end": 1585629011.134984}, "device": "gpu", "nd_range": {"device_start": 1585628944.5867038, "device_end": 1585628944.5873008}, "cmdq": 0, "read": {"device_start": -1, "device_end": -1}}, "FFC_sans_bias108": {"write": {"device_start": 1585628944.5745518, "host_queued_start": 1585629011.085522, "device_queued": 1585628944.551341, "device_end": 1585628944.5745752, "host_queued_end": 1585629011.134984}, "device": "gpu", "nd_range": {"device_start": 1585628944.5745804, "device_end": 1585628944.575082}, "cmdq": 0, "read": {"device_start": -1, "device_end": -1}}, "FFC_sans_bias109": {"write": {"device_start": 1585628944.575196, "host_queued_start": 1585629011.086597, "device_queued": 1585628944.5513794, "device_end": 1585628944.5752199, "host_queued_end": 1585629011.134984}, "device": "gpu", "nd_range": {"device_start": 1585628944.5752227, "device_end": 1585628944.5758145}, "cmdq": 0, "read": {"device_start": -1, "device_end": -1}}, "coalesced_transpose129": {"write": {"device_start": -1, "host_queued_start": 1585629011.102265, "device_queued": -1, "device_end": -1, "host_queued_end": 1585629011.134984}, "device": "gpu", "nd_range": {"device_start": 1585628944.583114, "device_end": 1585628944.5831223}, "cmdq": 0, "read": {"device_start": -1, "device_end": -1}}, "FFC_sans_bias103": {"write": {"device_start": -1, "host_queued_start": 1585629011.10655, "device_queued": -1, "device_end": -1, "host_queued_end": 1585629011.134984}, "device": "gpu", "nd_range": {"device_start": 1585628944.5896986, "device_end": 1585628944.590286}, "cmdq": 0, "read": {"device_start": -1, "device_end": -1}}, "FFC_sans_bias100": {"write": {"device_start": 1585628944.5730815, "host_queued_start": 1585629011.083367, "device_queued": 1585628944.5511239, "device_end": 1585628944.573111, "host_queued_end": 1585629011.134984}, "device": "gpu", "nd_range": {"device_start": 1585628944.5731144, "device_end": 1585628944.5737154}, "cmdq": 0, "read": {"device_start": -1, "device_end": -1}}, "FFC_sans_bias101": {"write": {"device_start": 1585628944.573827, "host_queued_start": 1585629011.084446, "device_queued": 1585628944.5511775, "device_end": 1585628944.5738506, "host_queued_end": 1585629011.134984}, "device": "gpu", "nd_range": {"device_start": 1585628944.5738535, "device_end": 1585628944.5744393}, "cmdq": 0, "read": {"device_start": -1, "device_end": -1}}, "FFC_sans_bias106": {"write": {"device_start": 1585628944.6149042, "host_queued_start": 1585629011.130494, "device_queued": 1585628944.556386, "device_end": 1585628944.6149333, "host_queued_end": 1585629011.134984}, "device": "gpu", "nd_range": {"device_start": 1585628944.614938, "device_end": 1585628944.6155357}, "cmdq": 0, "read": {"device_start": 1585628944.6155422, "device_end": 1585628944.6155643}}, "softmax122": {"write": {"device_start": -1, "host_queued_start": 1585629011.111541, "device_queued": -1, "device_end": -1, "host_queued_end": 1585629011.134984}, "device": "gpu", "nd_range": {"device_start": 1585628944.5954223, "device_end": 1585628944.5956311}, "cmdq": 0, "read": {"device_start": -1, "device_end": -1}}, "FFC_sans_bias105": {"write": {"device_start": -1, "host_queued_start": 1585629011.116119, "device_queued": -1, "device_end": -1, "host_queued_end": 1585629011.134984}, "device": "gpu", "nd_range": {"device_start": 1585628944.6026468, "device_end": 1585628944.603244}, "cmdq": 0, "read": {"device_start": -1, "device_end": -1}}, "softmax95": {"write": {"device_start": -1, "host_queued_start": 1585629011.110778, "device_queued": -1, "device_end": -1, "host_queued_end": 1585629011.134984}, "device": "gpu", "nd_range": {"device_start": 1585628944.594791, "device_end": 1585628944.5949998}, "cmdq": 0, "read": {"device_start": -1, "device_end": -1}}, "coalesced_transpose57": {"write": {"device_start": -1, "host_queued_start": 1585629011.099651, "device_queued": -1, "device_end": -1, "host_queued_end": 1585629011.134984}, "device": "gpu", "nd_range": {"device_start": 1585628944.5830383, "device_end": 1585628944.5830464}, "cmdq": 0, "read": {"device_start": -1, "device_end": -1}}, "empty26": {"write": {"device_start": 1585628944.5464551, "host_queued_start": 1585629011.034531, "device_queued": 1585628944.5462499, "device_end": 1585628944.5464795, "host_queued_end": 1585629011.134984}, "device": "gpu", "nd_range": {"device_start": 1585628944.5464926, "device_end": 1585628944.546496}, "cmdq": 0, "read": {"device_start": -1, "device_end": -1}}, "softmax113": {"write": {"device_start": -1, "host_queued_start": 1585629011.111292, "device_queued": -1, "device_end": -1, "host_queued_end": 1585629011.134984}, "device": "gpu", "nd_range": {"device_start": 1585628944.5952113, "device_end": 1585628944.5954213}, "cmdq": 0, "read": {"device_start": -1, "device_end": -1}}, "FFC_sans_bias11": {"write": {"device_start": 1585628944.5519297, "host_queued_start": 1585629011.051969, "device_queued": 1585628944.548403, "device_end": 1585628944.5519533, "host_queued_end": 1585629011.134984}, "device": "gpu", "nd_range": {"device_start": 1585628944.5519578, "device_end": 1585628944.5525453}, "cmdq": 0, "read": {"device_start": -1, "device_end": -1}}, "FFC_sans_bias42": {"write": {"device_start": -1, "host_queued_start": 1585629011.113761, "device_queued": -1, "device_end": -1, "host_queued_end": 1585629011.134984}, "device": "gpu", "nd_range": {"device_start": 1585628944.5984528, "device_end": 1585628944.5990446}, "cmdq": 0, "read": {"device_start": -1, "device_end": -1}}, "FFC_sans_bias43": {"write": {"device_start": 1585628944.6091366, "host_queued_start": 1585629011.122894, "device_queued": 1585628944.5556824, "device_end": 1585628944.6091652, "host_queued_end": 1585629011.134984}, "device": "gpu", "nd_range": {"device_start": 1585628944.609168, "device_end": 1585628944.6097634}, "cmdq": 0, "read": {"device_start": 1585628944.6097689, "device_end": 1585628944.609791}}, "FFC_sans_bias40": {"write": {"device_start": -1, "host_queued_start": 1585629011.10422, "device_queued": -1, "device_end": -1, "host_queued_end": 1585629011.134984}, "device": "gpu", "nd_range": {"device_start": 1585628944.5855038, "device_end": 1585628944.5861034}, "cmdq": 0, "read": {"device_start": -1, "device_end": -1}}, "FFC_sans_bias46": {"write": {"device_start": 1585628944.559914, "host_queued_start": 1585629011.064017, "device_queued": 1585628944.549436, "device_end": 1585628944.5599372, "host_queued_end": 1585629011.134984}, "device": "gpu", "nd_range": {"device_start": 1585628944.5599444, "device_end": 1585628944.5605361}, "cmdq": 0, "read": {"device_start": -1, "device_end": -1}}, "FFC_sans_bias47": {"write": {"device_start": 1585628944.5606346, "host_queued_start": 1585629011.065098, "device_queued": 1585628944.549487, "device_end": 1585628944.5606585, "host_queued_end": 1585629011.134984}, "device": "gpu", "nd_range": {"device_start": 1585628944.5606613, "device_end": 1585628944.561164}, "cmdq": 0, "read": {"device_start": -1, "device_end": -1}}, "FFC_sans_bias45": {"write": {"device_start": 1585628944.5591915, "host_queued_start": 1585629011.062948, "device_queued": 1585628944.5493011, "device_end": 1585628944.5592148, "host_queued_end": 1585629011.134984}, "device": "gpu", "nd_range": {"device_start": 1585628944.5592203, "device_end": 1585628944.5598152}, "cmdq": 0, "read": {"device_start": -1, "device_end": -1}}, "FFC_sans_bias49": {"write": {"device_start": -1, "host_queued_start": 1585629011.104547, "device_queued": -1, "device_end": -1, "host_queued_end": 1585629011.134984}, "device": "gpu", "nd_range": {"device_start": 1585628944.5861044, "device_end": 1585628944.5867026}, "cmdq": 0, "read": {"device_start": -1, "device_end": -1}}, "softmax77": {"write": {"device_start": -1, "host_queued_start": 1585629011.110247, "device_queued": -1, "device_end": -1, "host_queued_end": 1585629011.134984}, "device": "gpu", "nd_range": {"device_start": 1585628944.5943708, "device_end": 1585628944.5945807}, "cmdq": 0, "read": {"device_start": -1, "device_end": -1}}, "empty134": {"write": {"device_start": 1585628944.548016, "host_queued_start": 1585629011.04471, "device_queued": 1585628944.547535, "device_end": 1585628944.5480404, "host_queued_end": 1585629011.134984}, "device": "gpu", "nd_range": {"device_start": 1585628944.5480452, "device_end": 1585628944.5480485}, "cmdq": 0, "read": {"device_start": -1, "device_end": -1}}, "coalesced_transpose138": {"write": {"device_start": -1, "host_queued_start": 1585629011.102582, "device_queued": -1, "device_end": -1, "host_queued_end": 1585629011.134984}, "device": "gpu", "nd_range": {"device_start": 1585628944.5831232, "device_end": 1585628944.5831316}, "cmdq": 0, "read": {"device_start": -1, "device_end": -1}}, "FFC_sans_bias119": {"write": {"device_start": 1585628944.5781543, "host_queued_start": 1585629011.090935, "device_queued": 1585628944.5516977, "device_end": 1585628944.5781782, "host_queued_end": 1585629011.134984}, "device": "gpu", "nd_range": {"device_start": 1585628944.578181, "device_end": 1585628944.5787814}, "cmdq": 0, "read": {"device_start": -1, "device_end": -1}}, "FFC_sans_bias118": {"write": {"device_start": 1585628944.5774097, "host_queued_start": 1585629011.089853, "device_queued": 1585628944.5516613, "device_end": 1585628944.5774329, "host_queued_end": 1585629011.134984}, "device": "gpu", "nd_range": {"device_start": 1585628944.5774362, "device_end": 1585628944.578034}, "cmdq": 0, "read": {"device_start": -1, "device_end": -1}}, "empty143": {"write": {"device_start": 1585628944.5481322, "host_queued_start": 1585629011.045548, "device_queued": 1585628944.5475743, "device_end": 1585628944.5481558, "host_queued_end": 1585629011.134984}, "device": "gpu", "nd_range": {"device_start": 1585628944.548164, "device_end": 1585628944.5481675}, "cmdq": 0, "read": {"device_start": -1, "device_end": -1}}, "FFC_sans_bias115": {"write": {"device_start": 1585628944.6157327, "host_queued_start": 1585629011.131593, "device_queued": 1585628944.5565243, "device_end": 1585628944.6157622, "host_queued_end": 1585629011.134984}, "device": "gpu", "nd_range": {"device_start": 1585628944.615776, "device_end": 1585628944.616373}, "cmdq": 0, "read": {"device_start": 1585628944.6163797, "device_end": 1585628944.616402}}, "FFC_sans_bias114": {"write": {"device_start": -1, "host_queued_start": 1585629011.116454, "device_queued": -1, "device_end": -1, "host_queued_end": 1585629011.134984}, "device": "gpu", "nd_range": {"device_start": 1585628944.6032453, "device_end": 1585628944.6038458}, "cmdq": 0, "read": {"device_start": -1, "device_end": -1}}, "FFC_sans_bias117": {"write": {"device_start": 1585628944.5766685, "host_queued_start": 1585629011.088786, "device_queued": 1585628944.5515418, "device_end": 1585628944.5766923, "host_queued_end": 1585629011.134984}, "device": "gpu", "nd_range": {"device_start": 1585628944.5766952, "device_end": 1585628944.5772958}, "cmdq": 0, "read": {"device_start": -1, "device_end": -1}}, "softmax5": {"write": {"device_start": -1, "host_queued_start": 1585629011.108141, "device_queued": -1, "device_end": -1, "host_queued_end": 1585629011.134984}, "device": "gpu", "nd_range": {"device_start": 1585628944.5926735, "device_end": 1585628944.5928843}, "cmdq": 0, "read": {"device_start": -1, "device_end": -1}}, "FFC_sans_bias110": {"write": {"device_start": 1585628944.575925, "host_queued_start": 1585629011.087691, "device_queued": 1585628944.5515015, "device_end": 1585628944.5759485, "host_queued_end": 1585629011.134984}, "device": "gpu", "nd_range": {"device_start": 1585628944.5759535, "device_end": 1585628944.5765572}, "cmdq": 0, "read": {"device_start": -1, "device_end": -1}}, "FFC_sans_bias112": {"write": {"device_start": -1, "host_queued_start": 1585629011.106882, "device_queued": -1, "device_end": -1, "host_queued_end": 1585629011.134984}, "device": "gpu", "nd_range": {"device_start": 1585628944.5902874, "device_end": 1585628944.5908844}, "cmdq": 0, "read": {"device_start": -1, "device_end": -1}}, "empty53": {"write": {"device_start": 1585628944.5469213, "host_queued_start": 1585629011.037106, "device_queued": 1585628944.5467536, "device_end": 1585628944.54695, "host_queued_end": 1585629011.134984}, "device": "gpu", "nd_range": {"device_start": 1585628944.5469546, "device_end": 1585628944.5469582}, "cmdq": 0, "read": {"device_start": -1, "device_end": -1}}, "coalesced_transpose48": {"write": {"device_start": -1, "host_queued_start": 1585629011.099333, "device_queued": -1, "device_end": -1, "host_queued_end": 1585629011.134984}, "device": "gpu", "nd_range": {"device_start": 1585628944.5830288, "device_end": 1585628944.5830371}, "cmdq": 0, "read": {"device_start": -1, "device_end": -1}}}