{"FFC_sans_bias4": {"write": {"device_start": -1, "host_queued_start": 1585629972.002844, "device_queued": -1, "device_end": -1, "host_queued_end": 1585629972.032511}, "device": "cpu", "nd_range": {"device_start": 2297746.404473967, "device_end": 2297746.4083939684}, "cmdq": 0, "read": {"device_start": -1, "device_end": -1}}, "FFC_sans_bias7": {"write": {"device_start": -1, "host_queued_start": 1585629972.018737, "device_queued": -1, "device_end": -1, "host_queued_end": 1585629972.032511}, "device": "cpu", "nd_range": {"device_start": 2297746.538748381, "device_end": 2297746.544036853}, "cmdq": 0, "read": {"device_start": -1, "device_end": -1}}, "FFC_sans_bias6": {"write": {"device_start": -1, "host_queued_start": 1585629972.012804, "device_queued": -1, "device_end": -1, "host_queued_end": 1585629972.032511}, "device": "cpu", "nd_range": {"device_start": 2297746.467036798, "device_end": 2297746.4725321094}, "cmdq": 0, "read": {"device_start": -1, "device_end": -1}}, "FFC_sans_bias1": {"write": {"device_start": -1, "host_queued_start": 1585629971.957782, "device_queued": -1, "device_end": -1, "host_queued_end": 1585629972.032511}, "device": "cpu", "nd_range": {"device_start": 2297746.2266743463, "device_end": 2297746.230881249}, "cmdq": 0, "read": {"device_start": -1, "device_end": -1}}, "FFC_sans_bias0": {"write": {"device_start": -1, "host_queued_start": 1585629971.956733, "device_queued": -1, "device_end": -1, "host_queued_end": 1585629972.032511}, "device": "cpu", "nd_range": {"device_start": 2297746.2222050033, "device_end": 2297746.226663675}, "cmdq": 0, "read": {"device_start": -1, "device_end": -1}}, "FFC_sans_bias2": {"write": {"device_start": -1, "host_queued_start": 1585629971.95886, "device_queued": -1, "device_end": -1, "host_queued_end": 1585629972.032511}, "device": "cpu", "nd_range": {"device_start": 2297746.230904786, "device_end": 2297746.235118087}, "cmdq": 0, "read": {"device_start": -1, "device_end": -1}}, "coalesced_transpose120": {"write": {"device_start": -1, "host_queued_start": 1585629971.936999, "device_queued": -1, "device_end": -1, "host_queued_end": 1585629971.943671}, "device": "gpu", "nd_range": {"device_start": 1585629905.3323925, "device_end": 1585629905.3341699}, "cmdq": 2, "read": {"device_start": -1, "device_end": -1}}, "FFC_sans_bias9": {"write": {"device_start": -1, "host_queued_start": 1585629971.959917, "device_queued": -1, "device_end": -1, "host_queued_end": 1585629972.032511}, "device": "cpu", "nd_range": {"device_start": 2297746.235250244, "device_end": 2297746.239354929}, "cmdq": 0, "read": {"device_start": -1, "device_end": -1}}, "empty71": {"write": {"device_start": -1, "host_queued_start": 1585629971.951495, "device_queued": -1, "device_end": -1, "host_queued_end": 1585629972.032511}, "device": "cpu", "nd_range": {"device_start": 2297746.222174825, "device_end": 2297746.222175425}, "cmdq": 0, "read": {"device_start": -1, "device_end": -1}}, "softmax41": {"write": {"device_start": -1, "host_queued_start": 1585629972.009984, "device_queued": -1, "device_end": -1, "host_queued_end": 1585629972.032511}, "device": "cpu", "nd_range": {"device_start": 2297746.465923589, "device_end": 2297746.4660411803}, "cmdq": 0, "read": {"device_start": -1, "device_end": -1}}, "FFC_sans_bias37": {"write": {"device_start": -1, "host_queued_start": 1585629971.97063, "device_queued": -1, "device_end": -1, "host_queued_end": 1585629972.032511}, "device": "cpu", "nd_range": {"device_start": 2297746.2843718403, "device_end": 2297746.288333247}, "cmdq": 0, "read": {"device_start": -1, "device_end": -1}}, "FFC_sans_bias36": {"write": {"device_start": -1, "host_queued_start": 1585629971.969551, "device_queued": -1, "device_end": -1, "host_queued_end": 1585629972.032511}, "device": "cpu", "nd_range": {"device_start": 2297746.279821975, "device_end": 2297746.284366522}, "cmdq": 0, "read": {"device_start": -1, "device_end": -1}}, "FFC_sans_bias34": {"write": {"device_start": -1, "host_queued_start": 1585629972.02245, "device_queued": -1, "device_end": -1, "host_queued_end": 1585629972.032511}, "device": "cpu", "nd_range": {"device_start": 2297746.556278822, "device_end": 2297746.5618006703}, "cmdq": 0, "read": {"device_start": -1, "device_end": -1}}, "FFC_sans_bias33": {"write": {"device_start": -1, "host_queued_start": 1585629972.013949, "device_queued": -1, "device_end": -1, "host_queued_end": 1585629972.032511}, "device": "cpu", "nd_range": {"device_start": 2297746.4840951962, "device_end": 2297746.489446633}, "cmdq": 0, "read": {"device_start": -1, "device_end": -1}}, "FFC_sans_bias31": {"write": {"device_start": -1, "host_queued_start": 1585629972.004853, "device_queued": -1, "device_end": -1, "host_queued_end": 1585629972.032511}, "device": "cpu", "nd_range": {"device_start": 2297746.417769751, "device_end": 2297746.422275675}, "cmdq": 0, "read": {"device_start": -1, "device_end": -1}}, "FFC_sans_bias38": {"write": {"device_start": -1, "host_queued_start": 1585629971.971692, "device_queued": -1, "device_end": -1, "host_queued_end": 1585629972.032511}, "device": "cpu", "nd_range": {"device_start": 2297746.288339037, "device_end": 2297746.292915692}, "cmdq": 0, "read": {"device_start": -1, "device_end": -1}}, "coalesced_transpose75": {"write": {"device_start": -1, "host_queued_start": 1585629972.000414, "device_queued": -1, "device_end": -1, "host_queued_end": 1585629972.032511}, "device": "cpu", "nd_range": {"device_start": 2297746.403717811, "device_end": 2297746.4038709193}, "cmdq": 0, "read": {"device_start": -1, "device_end": -1}}, "softmax140": {"write": {"device_start": -1, "host_queued_start": 1585629971.939319, "device_queued": -1, "device_end": -1, "host_queued_end": 1585629971.943671}, "device": "gpu", "nd_range": {"device_start": 1585629905.3352575, "device_end": 1585629905.335996}, "cmdq": 0, "read": {"device_start": -1, "device_end": -1}}, "empty44": {"write": {"device_start": -1, "host_queued_start": 1585629971.948911, "device_queued": -1, "device_end": -1, "host_queued_end": 1585629972.032511}, "device": "cpu", "nd_range": {"device_start": 2297746.222159475, "device_end": 2297746.2221600614}, "cmdq": 0, "read": {"device_start": -1, "device_end": -1}}, "FFC_sans_bias137": {"write": {"device_start": 1585629905.331544, "host_queued_start": 1585629971.93563, "device_queued": 1585629905.3304062, "device_end": 1585629905.3315697, "host_queued_end": 1585629971.943671}, "device": "gpu", "nd_range": {"device_start": 1585629905.3315773, "device_end": 1585629905.333842}, "cmdq": 0, "read": {"device_start": -1, "device_end": -1}}, "empty8": {"write": {"device_start": -1, "host_queued_start": 1585629971.945172, "device_queued": -1, "device_end": -1, "host_queued_end": 1585629972.032511}, "device": "cpu", "nd_range": {"device_start": 2297746.2221140834, "device_end": 2297746.222124704}, "cmdq": 0, "read": {"device_start": -1, "device_end": -1}}, "softmax50": {"write": {"device_start": -1, "host_queued_start": 1585629972.010284, "device_queued": -1, "device_end": -1, "host_queued_end": 1585629972.032511}, "device": "cpu", "nd_range": {"device_start": 2297746.466046316, "device_end": 2297746.466162186}, "cmdq": 0, "read": {"device_start": -1, "device_end": -1}}, "softmax59": {"write": {"device_start": -1, "host_queued_start": 1585629972.010601, "device_queued": -1, "device_end": -1, "host_queued_end": 1585629972.032511}, "device": "cpu", "nd_range": {"device_start": 2297746.466167306, "device_end": 2297746.466293388}, "cmdq": 0, "read": {"device_start": -1, "device_end": -1}}, "FFC_sans_bias142": {"write": {"device_start": 1585629905.3367457, "host_queued_start": 1585629971.943554, "device_queued": 1585629905.3314672, "device_end": 1585629905.3367758, "host_queued_end": 1585629971.943671}, "device": "gpu", "nd_range": {"device_start": 1585629905.3375793, "device_end": 1585629905.33853}, "cmdq": 1, "read": {"device_start": 1585629905.3385344, "device_end": 1585629905.3385572}}, "FFC_sans_bias141": {"write": {"device_start": -1, "host_queued_start": 1585629971.940278, "device_queued": -1, "device_end": -1, "host_queued_end": 1585629971.943671}, "device": "gpu", "nd_range": {"device_start": 1585629905.3363903, "device_end": 1585629905.3375735}, "cmdq": 3, "read": {"device_start": -1, "device_end": -1}}, "FFC_sans_bias24": {"write": {"device_start": -1, "host_queued_start": 1585629972.013572, "device_queued": -1, "device_end": -1, "host_queued_end": 1585629972.032511}, "device": "cpu", "nd_range": {"device_start": 2297746.4780129213, "device_end": 2297746.4840898244}, "cmdq": 0, "read": {"device_start": -1, "device_end": -1}}, "FFC_sans_bias25": {"write": {"device_start": -1, "host_queued_start": 1585629972.021239, "device_queued": -1, "device_end": -1, "host_queued_end": 1585629972.032511}, "device": "cpu", "nd_range": {"device_start": 2297746.54958839, "device_end": 2297746.5562754623}, "cmdq": 0, "read": {"device_start": -1, "device_end": -1}}, "FFC_sans_bias27": {"write": {"device_start": -1, "host_queued_start": 1585629971.966313, "device_queued": -1, "device_end": -1, "host_queued_end": 1585629972.032511}, "device": "cpu", "nd_range": {"device_start": 2297746.2654326553, "device_end": 2297746.270844927}, "cmdq": 0, "read": {"device_start": -1, "device_end": -1}}, "FFC_sans_bias20": {"write": {"device_start": -1, "host_queued_start": 1585629971.965244, "device_queued": -1, "device_end": -1, "host_queued_end": 1585629972.032511}, "device": "cpu", "nd_range": {"device_start": 2297746.2594600413, "device_end": 2297746.265427047}, "cmdq": 0, "read": {"device_start": -1, "device_end": -1}}, "FFC_sans_bias22": {"write": {"device_start": -1, "host_queued_start": 1585629972.004288, "device_queued": -1, "device_end": -1, "host_queued_end": 1585629972.032511}, "device": "cpu", "nd_range": {"device_start": 2297746.413324704, "device_end": 2297746.417764464}, "cmdq": 0, "read": {"device_start": -1, "device_end": -1}}, "FFC_sans_bias130": {"write": {"device_start": -1, "host_queued_start": 1585629971.938238, "device_queued": -1, "device_end": -1, "host_queued_end": 1585629971.943671}, "device": "gpu", "nd_range": {"device_start": 1585629905.3343065, "device_end": 1585629905.3357692}, "cmdq": 1, "read": {"device_start": -1, "device_end": -1}}, "FFC_sans_bias28": {"write": {"device_start": -1, "host_queued_start": 1585629971.967412, "device_queued": -1, "device_end": -1, "host_queued_end": 1585629972.032511}, "device": "cpu", "nd_range": {"device_start": 2297746.2708505983, "device_end": 2297746.275306913}, "cmdq": 0, "read": {"device_start": -1, "device_end": -1}}, "FFC_sans_bias29": {"write": {"device_start": -1, "host_queued_start": 1585629971.968498, "device_queued": -1, "device_end": -1, "host_queued_end": 1585629972.032511}, "device": "cpu", "nd_range": {"device_start": 2297746.275312547, "device_end": 2297746.279815867}, "cmdq": 0, "read": {"device_start": -1, "device_end": -1}}, "coalesced_transpose66": {"write": {"device_start": -1, "host_queued_start": 1585629972.00007, "device_queued": -1, "device_end": -1, "host_queued_end": 1585629972.032511}, "device": "cpu", "nd_range": {"device_start": 2297746.4035755773, "device_end": 2297746.403712505}, "cmdq": 0, "read": {"device_start": -1, "device_end": -1}}, "coalesced_transpose93": {"write": {"device_start": -1, "host_queued_start": 1585629972.001118, "device_queued": -1, "device_end": -1, "host_queued_end": 1585629972.032511}, "device": "cpu", "nd_range": {"device_start": 2297746.4040454603, "device_end": 2297746.404194492}, "cmdq": 0, "read": {"device_start": -1, "device_end": -1}}, "softmax23": {"write": {"device_start": -1, "host_queued_start": 1585629972.009374, "device_queued": -1, "device_end": -1, "host_queued_end": 1585629972.032511}, "device": "cpu", "nd_range": {"device_start": 2297746.465615809, "device_end": 2297746.46579077}, "cmdq": 0, "read": {"device_start": -1, "device_end": -1}}, "empty62": {"write": {"device_start": -1, "host_queued_start": 1585629971.950531, "device_queued": -1, "device_end": -1, "host_queued_end": 1585629972.032511}, "device": "cpu", "nd_range": {"device_start": 2297746.222168756, "device_end": 2297746.222169343}, "cmdq": 0, "read": {"device_start": -1, "device_end": -1}}, "FFC_sans_bias10": {"write": {"device_start": -1, "host_queued_start": 1585629971.960962, "device_queued": -1, "device_end": -1, "host_queued_end": 1585629972.032511}, "device": "cpu", "nd_range": {"device_start": 2297746.239370015, "device_end": 2297746.2439218992}, "cmdq": 0, "read": {"device_start": -1, "device_end": -1}}, "FFC_sans_bias13": {"write": {"device_start": -1, "host_queued_start": 1585629972.003658, "device_queued": -1, "device_end": -1, "host_queued_end": 1585629972.032511}, "device": "cpu", "nd_range": {"device_start": 2297746.408399225, "device_end": 2297746.41331894}, "cmdq": 0, "read": {"device_start": -1, "device_end": -1}}, "FFC_sans_bias15": {"write": {"device_start": -1, "host_queued_start": 1585629972.01319, "device_queued": -1, "device_end": -1, "host_queued_end": 1585629972.032511}, "device": "cpu", "nd_range": {"device_start": 2297746.472538065, "device_end": 2297746.4780074083}, "cmdq": 0, "read": {"device_start": -1, "device_end": -1}}, "FFC_sans_bias16": {"write": {"device_start": -1, "host_queued_start": 1585629972.020016, "device_queued": -1, "device_end": -1, "host_queued_end": 1585629972.032511}, "device": "cpu", "nd_range": {"device_start": 2297746.5440408993, "device_end": 2297746.5495851883}, "cmdq": 0, "read": {"device_start": -1, "device_end": -1}}, "FFC_sans_bias19": {"write": {"device_start": -1, "host_queued_start": 1585629971.964155, "device_queued": -1, "device_end": -1, "host_queued_end": 1585629972.032511}, "device": "cpu", "nd_range": {"device_start": 2297746.255240599, "device_end": 2297746.259453601}, "cmdq": 0, "read": {"device_start": -1, "device_end": -1}}, "FFC_sans_bias18": {"write": {"device_start": -1, "host_queued_start": 1585629971.963102, "device_queued": -1, "device_end": -1, "host_queued_end": 1585629972.032511}, "device": "cpu", "nd_range": {"device_start": 2297746.2503993693, "device_end": 2297746.255114946}, "cmdq": 0, "read": {"device_start": -1, "device_end": -1}}, "FFC_sans_bias99": {"write": {"device_start": -1, "host_queued_start": 1585629971.992069, "device_queued": -1, "device_end": -1, "host_queued_end": 1585629972.032511}, "device": "cpu", "nd_range": {"device_start": 2297746.375032364, "device_end": 2297746.379538279}, "cmdq": 0, "read": {"device_start": -1, "device_end": -1}}, "FFC_sans_bias91": {"write": {"device_start": -1, "host_queued_start": 1585629971.989921, "device_queued": -1, "device_end": -1, "host_queued_end": 1585629972.032511}, "device": "cpu", "nd_range": {"device_start": 2297746.365980356, "device_end": 2297746.370477262}, "cmdq": 0, "read": {"device_start": -1, "device_end": -1}}, "FFC_sans_bias90": {"write": {"device_start": -1, "host_queued_start": 1585629971.988862, "device_queued": -1, "device_end": -1, "host_queued_end": 1585629972.032511}, "device": "cpu", "nd_range": {"device_start": 2297746.361390434, "device_end": 2297746.365975177}, "cmdq": 0, "read": {"device_start": -1, "device_end": -1}}, "coalesced_transpose12": {"write": {"device_start": -1, "host_queued_start": 1585629971.998041, "device_queued": -1, "device_end": -1, "host_queued_end": 1585629972.032511}, "device": "cpu", "nd_range": {"device_start": 2297746.402652902, "device_end": 2297746.402810728}, "cmdq": 0, "read": {"device_start": -1, "device_end": -1}}, "FFC_sans_bias94": {"write": {"device_start": -1, "host_queued_start": 1585629972.007668, "device_queued": -1, "device_end": -1, "host_queued_end": 1585629972.032511}, "device": "cpu", "nd_range": {"device_start": 2297746.449522126, "device_end": 2297746.4565757983}, "cmdq": 0, "read": {"device_start": -1, "device_end": -1}}, "FFC_sans_bias97": {"write": {"device_start": -1, "host_queued_start": 1585629972.030388, "device_queued": -1, "device_end": -1, "host_queued_end": 1585629972.032511}, "device": "cpu", "nd_range": {"device_start": 2297746.593854449, "device_end": 2297746.599394108}, "cmdq": 0, "read": {"device_start": -1, "device_end": -1}}, "FFC_sans_bias96": {"write": {"device_start": -1, "host_queued_start": 1585629972.016689, "device_queued": -1, "device_end": -1, "host_queued_end": 1585629972.032511}, "device": "cpu", "nd_range": {"device_start": 2297746.522668564, "device_end": 2297746.52790804}, "cmdq": 0, "read": {"device_start": -1, "device_end": -1}}, "FFC_sans_bias124": {"write": {"device_start": 1585629905.336512, "host_queued_start": 1585629971.941299, "device_queued": 1585629905.331222, "device_end": 1585629905.3365426, "host_queued_end": 1585629971.943671}, "device": "gpu", "nd_range": {"device_start": 1585629905.3375907, "device_end": 1585629905.3389695}, "cmdq": 4, "read": {"device_start": 1585629905.3389745, "device_end": 1585629905.338998}}, "FFC_sans_bias126": {"write": {"device_start": 1585629905.3302011, "host_queued_start": 1585629971.932435, "device_queued": 1585629905.3300316, "device_end": 1585629905.3302329, "host_queued_end": 1585629971.943671}, "device": "gpu", "nd_range": {"device_start": 1585629905.330252, "device_end": 1585629905.3323915}, "cmdq": 2, "read": {"device_start": -1, "device_end": -1}}, "softmax32": {"write": {"device_start": -1, "host_queued_start": 1585629972.009677, "device_queued": -1, "device_end": -1, "host_queued_end": 1585629972.032511}, "device": "cpu", "nd_range": {"device_start": 2297746.465797115, "device_end": 2297746.4659180134}, "cmdq": 0, "read": {"device_start": -1, "device_end": -1}}, "coalesced_transpose84": {"write": {"device_start": -1, "host_queued_start": 1585629972.000756, "device_queued": -1, "device_end": -1, "host_queued_end": 1585629972.032511}, "device": "cpu", "nd_range": {"device_start": 2297746.403876772, "device_end": 2297746.404039706}, "cmdq": 0, "read": {"device_start": -1, "device_end": -1}}, "FFC_sans_bias121": {"write": {"device_start": -1, "host_queued_start": 1585629971.937919, "device_queued": -1, "device_end": -1, "host_queued_end": 1585629971.943671}, "device": "gpu", "nd_range": {"device_start": 1585629905.334182, "device_end": 1585629905.3347878}, "cmdq": 0, "read": {"device_start": -1, "device_end": -1}}, "empty98": {"write": {"device_start": -1, "host_queued_start": 1585629971.954113, "device_queued": -1, "device_end": -1, "host_queued_end": 1585629972.032511}, "device": "cpu", "nd_range": {"device_start": 2297746.222191873, "device_end": 2297746.222192399}, "cmdq": 0, "read": {"device_start": -1, "device_end": -1}}, "empty107": {"write": {"device_start": -1, "host_queued_start": 1585629971.95496, "device_queued": -1, "device_end": -1, "host_queued_end": 1585629972.032511}, "device": "cpu", "nd_range": {"device_start": 2297746.222196088, "device_end": 2297746.2221966833}, "cmdq": 0, "read": {"device_start": -1, "device_end": -1}}, "empty17": {"write": {"device_start": -1, "host_queued_start": 1585629971.94636, "device_queued": -1, "device_end": -1, "host_queued_end": 1585629972.032511}, "device": "cpu", "nd_range": {"device_start": 2297746.222142848, "device_end": 2297746.2221443863}, "cmdq": 0, "read": {"device_start": -1, "device_end": -1}}, "FFC_sans_bias87": {"write": {"device_start": -1, "host_queued_start": 1585629972.016307, "device_queued": -1, "device_end": -1, "host_queued_end": 1585629972.032511}, "device": "cpu", "nd_range": {"device_start": 2297746.517372121, "device_end": 2297746.522661347}, "cmdq": 0, "read": {"device_start": -1, "device_end": -1}}, "FFC_sans_bias85": {"write": {"device_start": -1, "host_queued_start": 1585629972.007285, "device_queued": -1, "device_end": -1, "host_queued_end": 1585629972.032511}, "device": "cpu", "nd_range": {"device_start": 2297746.4451741143, "device_end": 2297746.449517017}, "cmdq": 0, "read": {"device_start": -1, "device_end": -1}}, "FFC_sans_bias82": {"write": {"device_start": -1, "host_queued_start": 1585629971.986733, "device_queued": -1, "device_end": -1, "host_queued_end": 1585629972.032511}, "device": "cpu", "nd_range": {"device_start": 2297746.35182452, "device_end": 2297746.356609677}, "cmdq": 0, "read": {"device_start": -1, "device_end": -1}}, "FFC_sans_bias83": {"write": {"device_start": -1, "host_queued_start": 1585629971.987797, "device_queued": -1, "device_end": -1, "host_queued_end": 1585629972.032511}, "device": "cpu", "nd_range": {"device_start": 2297746.356614727, "device_end": 2297746.36137567}, "cmdq": 0, "read": {"device_start": -1, "device_end": -1}}, "FFC_sans_bias81": {"write": {"device_start": -1, "host_queued_start": 1585629971.985654, "device_queued": -1, "device_end": -1, "host_queued_end": 1585629972.032511}, "device": "cpu", "nd_range": {"device_start": 2297746.347273312, "device_end": 2297746.351819294}, "cmdq": 0, "read": {"device_start": -1, "device_end": -1}}, "FFC_sans_bias88": {"write": {"device_start": -1, "host_queued_start": 1585629972.029355, "device_queued": -1, "device_end": -1, "host_queued_end": 1585629972.032511}, "device": "cpu", "nd_range": {"device_start": 2297746.5882272073, "device_end": 2297746.593851582}, "cmdq": 0, "read": {"device_start": -1, "device_end": -1}}, "coalesced_transpose30": {"write": {"device_start": -1, "host_queued_start": 1585629971.998734, "device_queued": -1, "device_end": -1, "host_queued_end": 1585629972.032511}, "device": "cpu", "nd_range": {"device_start": 2297746.402969446, "device_end": 2297746.403105874}, "cmdq": 0, "read": {"device_start": -1, "device_end": -1}}, "FFC_sans_bias128": {"write": {"device_start": 1585629905.3300996, "host_queued_start": 1585629971.931391, "device_queued": 1585629905.3300097, "device_end": 1585629905.3301609, "host_queued_end": 1585629971.943671}, "device": "gpu", "nd_range": {"device_start": 1585629905.3302324, "device_end": 1585629905.3318615}, "cmdq": 1, "read": {"device_start": -1, "device_end": -1}}, "coalesced_transpose39": {"write": {"device_start": -1, "host_queued_start": 1585629971.999068, "device_queued": -1, "device_end": -1, "host_queued_end": 1585629972.032511}, "device": "cpu", "nd_range": {"device_start": 2297746.4031115193, "device_end": 2297746.4032613724}, "cmdq": 0, "read": {"device_start": -1, "device_end": -1}}, "FFC_sans_bias79": {"write": {"device_start": -1, "host_queued_start": 1585629972.028324, "device_queued": -1, "device_end": -1, "host_queued_end": 1585629972.032511}, "device": "cpu", "nd_range": {"device_start": 2297746.5828700503, "device_end": 2297746.588224218}, "cmdq": 0, "read": {"device_start": -1, "device_end": -1}}, "FFC_sans_bias78": {"write": {"device_start": -1, "host_queued_start": 1585629972.015929, "device_queued": -1, "device_end": -1, "host_queued_end": 1585629972.032511}, "device": "cpu", "nd_range": {"device_start": 2297746.511853091, "device_end": 2297746.517361741}, "cmdq": 0, "read": {"device_start": -1, "device_end": -1}}, "FFC_sans_bias73": {"write": {"device_start": -1, "host_queued_start": 1585629971.983487, "device_queued": -1, "device_end": -1, "host_queued_end": 1585629972.032511}, "device": "cpu", "nd_range": {"device_start": 2297746.338150936, "device_end": 2297746.3426799714}, "cmdq": 0, "read": {"device_start": -1, "device_end": -1}}, "FFC_sans_bias72": {"write": {"device_start": -1, "host_queued_start": 1585629971.982416, "device_queued": -1, "device_end": -1, "host_queued_end": 1585629972.032511}, "device": "cpu", "nd_range": {"device_start": 2297746.333407735, "device_end": 2297746.338145682}, "cmdq": 0, "read": {"device_start": -1, "device_end": -1}}, "FFC_sans_bias70": {"write": {"device_start": -1, "host_queued_start": 1585629972.027294, "device_queued": -1, "device_end": -1, "host_queued_end": 1585629972.032511}, "device": "cpu", "nd_range": {"device_start": 2297746.577603328, "device_end": 2297746.5828669243}, "cmdq": 0, "read": {"device_start": -1, "device_end": -1}}, "FFC_sans_bias76": {"write": {"device_start": -1, "host_queued_start": 1585629972.006899, "device_queued": -1, "device_end": -1, "host_queued_end": 1585629972.032511}, "device": "cpu", "nd_range": {"device_start": 2297746.440366807, "device_end": 2297746.4451689012}, "cmdq": 0, "read": {"device_start": -1, "device_end": -1}}, "FFC_sans_bias74": {"write": {"device_start": -1, "host_queued_start": 1585629971.984568, "device_queued": -1, "device_end": -1, "host_queued_end": 1585629972.032511}, "device": "cpu", "nd_range": {"device_start": 2297746.342684978, "device_end": 2297746.3472677683}, "cmdq": 0, "read": {"device_start": -1, "device_end": -1}}, "coalesced_transpose102": {"write": {"device_start": -1, "host_queued_start": 1585629972.001575, "device_queued": -1, "device_end": -1, "host_queued_end": 1585629972.032511}, "device": "cpu", "nd_range": {"device_start": 2297746.404200449, "device_end": 2297746.4043355803}, "cmdq": 0, "read": {"device_start": -1, "device_end": -1}}, "coalesced_transpose3": {"write": {"device_start": -1, "host_queued_start": 1585629971.997705, "device_queued": -1, "device_end": -1, "host_queued_end": 1585629972.032511}, "device": "cpu", "nd_range": {"device_start": 2297746.4024684993, "device_end": 2297746.402646379}, "cmdq": 0, "read": {"device_start": -1, "device_end": -1}}, "FFC_sans_bias127": {"write": {"device_start": 1585629905.3305955, "host_queued_start": 1585629971.933495, "device_queued": 1585629905.3300476, "device_end": 1585629905.3306255, "host_queued_end": 1585629971.943671}, "device": "gpu", "nd_range": {"device_start": 1585629905.3306315, "device_end": 1585629905.3328583}, "cmdq": 3, "read": {"device_start": -1, "device_end": -1}}, "empty89": {"write": {"device_start": -1, "host_queued_start": 1585629971.953168, "device_queued": -1, "device_end": -1, "host_queued_end": 1585629972.032511}, "device": "cpu", "nd_range": {"device_start": 2297746.222186765, "device_end": 2297746.222187449}, "cmdq": 0, "read": {"device_start": -1, "device_end": -1}}, "FFC_sans_bias123": {"write": {"device_start": -1, "host_queued_start": 1585629971.939642, "device_queued": -1, "device_end": -1, "host_queued_end": 1585629971.943671}, "device": "gpu", "nd_range": {"device_start": 1585629905.3360023, "device_end": 1585629905.3366077}, "cmdq": 1, "read": {"device_start": -1, "device_end": -1}}, "empty80": {"write": {"device_start": -1, "host_queued_start": 1585629971.952355, "device_queued": -1, "device_end": -1, "host_queued_end": 1585629972.032511}, "device": "cpu", "nd_range": {"device_start": 2297746.222180963, "device_end": 2297746.222181743}, "cmdq": 0, "read": {"device_start": -1, "device_end": -1}}, "empty116": {"write": {"device_start": -1, "host_queued_start": 1585629971.955772, "device_queued": -1, "device_end": -1, "host_queued_end": 1585629972.032511}, "device": "cpu", "nd_range": {"device_start": 2297746.222200607, "device_end": 2297746.222201194}, "cmdq": 0, "read": {"device_start": -1, "device_end": -1}}, "softmax104": {"write": {"device_start": -1, "host_queued_start": 1585629972.012123, "device_queued": -1, "device_end": -1, "host_queued_end": 1585629972.032511}, "device": "cpu", "nd_range": {"device_start": 2297746.466796144, "device_end": 2297746.466911293}, "cmdq": 0, "read": {"device_start": -1, "device_end": -1}}, "coalesced_transpose21": {"write": {"device_start": -1, "host_queued_start": 1585629971.998375, "device_queued": -1, "device_end": -1, "host_queued_end": 1585629972.032511}, "device": "cpu", "nd_range": {"device_start": 2297746.402816661, "device_end": 2297746.4029634614}, "cmdq": 0, "read": {"device_start": -1, "device_end": -1}}, "softmax14": {"write": {"device_start": -1, "host_queued_start": 1585629972.00907, "device_queued": -1, "device_end": -1, "host_queued_end": 1585629972.032511}, "device": "cpu", "nd_range": {"device_start": 2297746.4654502464, "device_end": 2297746.465604022}, "cmdq": 0, "read": {"device_start": -1, "device_end": -1}}, "FFC_sans_bias69": {"write": {"device_start": -1, "host_queued_start": 1585629972.015558, "device_queued": -1, "device_end": -1, "host_queued_end": 1585629972.032511}, "device": "cpu", "nd_range": {"device_start": 2297746.506206293, "device_end": 2297746.511847773}, "cmdq": 0, "read": {"device_start": -1, "device_end": -1}}, "FFC_sans_bias92": {"write": {"device_start": -1, "host_queued_start": 1585629971.991013, "device_queued": -1, "device_end": -1, "host_queued_end": 1585629972.032511}, "device": "cpu", "nd_range": {"device_start": 2297746.370482014, "device_end": 2297746.375026926}, "cmdq": 0, "read": {"device_start": -1, "device_end": -1}}, "FFC_sans_bias60": {"write": {"device_start": -1, "host_queued_start": 1585629972.015114, "device_queued": -1, "device_end": -1, "host_queued_end": 1585629972.032511}, "device": "cpu", "nd_range": {"device_start": 2297746.500835015, "device_end": 2297746.506200603}, "cmdq": 0, "read": {"device_start": -1, "device_end": -1}}, "FFC_sans_bias61": {"write": {"device_start": -1, "host_queued_start": 1585629972.026152, "device_queued": -1, "device_end": -1, "host_queued_end": 1585629972.032511}, "device": "cpu", "nd_range": {"device_start": 2297746.572355296, "device_end": 2297746.577600169}, "cmdq": 0, "read": {"device_start": -1, "device_end": -1}}, "FFC_sans_bias63": {"write": {"device_start": -1, "host_queued_start": 1585629971.981289, "device_queued": -1, "device_end": -1, "host_queued_end": 1585629972.032511}, "device": "cpu", "nd_range": {"device_start": 2297746.3290810133, "device_end": 2297746.333402139}, "cmdq": 0, "read": {"device_start": -1, "device_end": -1}}, "FFC_sans_bias64": {"write": {"device_start": -1, "host_queued_start": 1585629971.979186, "device_queued": -1, "device_end": -1, "host_queued_end": 1585629972.032511}, "device": "cpu", "nd_range": {"device_start": 2297746.319798173, "device_end": 2297746.324449418}, "cmdq": 0, "read": {"device_start": -1, "device_end": -1}}, "FFC_sans_bias65": {"write": {"device_start": -1, "host_queued_start": 1585629971.980244, "device_queued": -1, "device_end": -1, "host_queued_end": 1585629972.032511}, "device": "cpu", "nd_range": {"device_start": 2297746.324454424, "device_end": 2297746.3290760433}, "cmdq": 0, "read": {"device_start": -1, "device_end": -1}}, "FFC_sans_bias67": {"write": {"device_start": -1, "host_queued_start": 1585629972.006408, "device_queued": -1, "device_end": -1, "host_queued_end": 1585629972.032511}, "device": "cpu", "nd_range": {"device_start": 2297746.4362597903, "device_end": 2297746.4403618514}, "cmdq": 0, "read": {"device_start": -1, "device_end": -1}}, "coalesced_transpose111": {"write": {"device_start": -1, "host_queued_start": 1585629972.002107, "device_queued": -1, "device_end": -1, "host_queued_end": 1585629972.032511}, "device": "cpu", "nd_range": {"device_start": 2297746.404341706, "device_end": 2297746.4044682044}, "cmdq": 0, "read": {"device_start": -1, "device_end": -1}}, "FFC_sans_bias136": {"write": {"device_start": 1585629905.3309867, "host_queued_start": 1585629971.934553, "device_queued": 1585629905.330179, "device_end": 1585629905.3310173, "host_queued_end": 1585629971.943671}, "device": "gpu", "nd_range": {"device_start": 1585629905.3310206, "device_end": 1585629905.3333464}, "cmdq": 4, "read": {"device_start": -1, "device_end": -1}}, "FFC_sans_bias135": {"write": {"device_start": 1585629905.3319874, "host_queued_start": 1585629971.936676, "device_queued": 1585629905.3304613, "device_end": 1585629905.3320184, "host_queued_end": 1585629971.943671}, "device": "gpu", "nd_range": {"device_start": 1585629905.3320246, "device_end": 1585629905.3343}, "cmdq": 1, "read": {"device_start": -1, "device_end": -1}}, "FFC_sans_bias133": {"write": {"device_start": 1585629905.3361263, "host_queued_start": 1585629971.942354, "device_queued": 1585629905.3312762, "device_end": 1585629905.336157, "host_queued_end": 1585629971.943671}, "device": "gpu", "nd_range": {"device_start": 1585629905.3370183, "device_end": 1585629905.3380008}, "cmdq": 0, "read": {"device_start": 1585629905.3391256, "device_end": 1585629905.3391542}}, "FFC_sans_bias132": {"write": {"device_start": -1, "host_queued_start": 1585629971.939964, "device_queued": -1, "device_end": -1, "host_queued_end": 1585629971.943671}, "device": "gpu", "nd_range": {"device_start": 1585629905.336386, "device_end": 1585629905.33701}, "cmdq": 2, "read": {"device_start": -1, "device_end": -1}}, "softmax68": {"write": {"device_start": -1, "host_queued_start": 1585629972.010916, "device_queued": -1, "device_end": -1, "host_queued_end": 1585629972.032511}, "device": "cpu", "nd_range": {"device_start": 2297746.466298736, "device_end": 2297746.466415063}, "cmdq": 0, "read": {"device_start": -1, "device_end": -1}}, "softmax131": {"write": {"device_start": -1, "host_queued_start": 1585629971.939077, "device_queued": -1, "device_end": -1, "host_queued_end": 1585629971.943671}, "device": "gpu", "nd_range": {"device_start": 1585629905.3359935, "device_end": 1585629905.3363712}, "cmdq": 4, "read": {"device_start": -1, "device_end": -1}}, "empty125": {"write": {"device_start": 1585629905.3294504, "host_queued_start": 1585629971.925124, "device_queued": 1585629905.3293254, "device_end": 1585629905.3295054, "host_queued_end": 1585629971.943671}, "device": "gpu", "nd_range": {"device_start": 1585629905.3295078, "device_end": 1585629905.3295126}, "cmdq": 0, "read": {"device_start": -1, "device_end": -1}}, "FFC_sans_bias139": {"write": {"device_start": -1, "host_queued_start": 1585629971.938552, "device_queued": -1, "device_end": -1, "host_queued_end": 1585629971.943671}, "device": "gpu", "nd_range": {"device_start": 1585629905.3342, "device_end": 1585629905.3352497}, "cmdq": 2, "read": {"device_start": -1, "device_end": -1}}, "empty35": {"write": {"device_start": -1, "host_queued_start": 1585629971.948103, "device_queued": -1, "device_end": -1, "host_queued_end": 1585629972.032511}, "device": "cpu", "nd_range": {"device_start": 2297746.2221545903, "device_end": 2297746.2221553633}, "cmdq": 0, "read": {"device_start": -1, "device_end": -1}}, "softmax86": {"write": {"device_start": -1, "host_queued_start": 1585629972.011521, "device_queued": -1, "device_end": -1, "host_queued_end": 1585629972.032511}, "device": "cpu", "nd_range": {"device_start": 2297746.466557274, "device_end": 2297746.466672533}, "cmdq": 0, "read": {"device_start": -1, "device_end": -1}}, "FFC_sans_bias55": {"write": {"device_start": -1, "host_queued_start": 1585629971.978088, "device_queued": -1, "device_end": -1, "host_queued_end": 1585629972.032511}, "device": "cpu", "nd_range": {"device_start": 2297746.3152914303, "device_end": 2297746.3197930204}, "cmdq": 0, "read": {"device_start": -1, "device_end": -1}}, "FFC_sans_bias54": {"write": {"device_start": -1, "host_queued_start": 1585629971.977007, "device_queued": -1, "device_end": -1, "host_queued_end": 1585629972.032511}, "device": "cpu", "nd_range": {"device_start": 2297746.310498813, "device_end": 2297746.315286322}, "cmdq": 0, "read": {"device_start": -1, "device_end": -1}}, "FFC_sans_bias56": {"write": {"device_start": -1, "host_queued_start": 1585629971.975932, "device_queued": -1, "device_end": -1, "host_queued_end": 1585629972.032511}, "device": "cpu", "nd_range": {"device_start": 2297746.306098539, "device_end": 2297746.3104933193}, "cmdq": 0, "read": {"device_start": -1, "device_end": -1}}, "FFC_sans_bias51": {"write": {"device_start": -1, "host_queued_start": 1585629972.014737, "device_queued": -1, "device_end": -1, "host_queued_end": 1585629972.032511}, "device": "cpu", "nd_range": {"device_start": 2297746.495539011, "device_end": 2297746.50082956}, "cmdq": 0, "read": {"device_start": -1, "device_end": -1}}, "FFC_sans_bias52": {"write": {"device_start": -1, "host_queued_start": 1585629972.024951, "device_queued": -1, "device_end": -1, "host_queued_end": 1585629972.032511}, "device": "cpu", "nd_range": {"device_start": 2297746.567020356, "device_end": 2297746.5723521463}, "cmdq": 0, "read": {"device_start": -1, "device_end": -1}}, "FFC_sans_bias58": {"write": {"device_start": -1, "host_queued_start": 1585629972.006022, "device_queued": -1, "device_end": -1, "host_queued_end": 1585629972.032511}, "device": "cpu", "nd_range": {"device_start": 2297746.4314055922, "device_end": 2297746.4362545162}, "cmdq": 0, "read": {"device_start": -1, "device_end": -1}}, "FFC_sans_bias108": {"write": {"device_start": -1, "host_queued_start": 1585629971.995262, "device_queued": -1, "device_end": -1, "host_queued_end": 1585629972.032511}, "device": "cpu", "nd_range": {"device_start": 2297746.3881147653, "device_end": 2297746.39356695}, "cmdq": 0, "read": {"device_start": -1, "device_end": -1}}, "FFC_sans_bias109": {"write": {"device_start": -1, "host_queued_start": 1585629971.996314, "device_queued": -1, "device_end": -1, "host_queued_end": 1585629972.032511}, "device": "cpu", "nd_range": {"device_start": 2297746.39357197, "device_end": 2297746.3978887782}, "cmdq": 0, "read": {"device_start": -1, "device_end": -1}}, "coalesced_transpose129": {"write": {"device_start": -1, "host_queued_start": 1585629971.937297, "device_queued": -1, "device_end": -1, "host_queued_end": 1585629971.943671}, "device": "gpu", "nd_range": {"device_start": 1585629905.33286, "device_end": 1585629905.334187}, "cmdq": 3, "read": {"device_start": -1, "device_end": -1}}, "FFC_sans_bias103": {"write": {"device_start": -1, "host_queued_start": 1585629972.008056, "device_queued": -1, "device_end": -1, "host_queued_end": 1585629972.032511}, "device": "cpu", "nd_range": {"device_start": 2297746.456580607, "device_end": 2297746.460876979}, "cmdq": 0, "read": {"device_start": -1, "device_end": -1}}, "FFC_sans_bias100": {"write": {"device_start": -1, "host_queued_start": 1585629971.99312, "device_queued": -1, "device_end": -1, "host_queued_end": 1585629972.032511}, "device": "cpu", "nd_range": {"device_start": 2297746.379542986, "device_end": 2297746.384149806}, "cmdq": 0, "read": {"device_start": -1, "device_end": -1}}, "FFC_sans_bias101": {"write": {"device_start": -1, "host_queued_start": 1585629971.994181, "device_queued": -1, "device_end": -1, "host_queued_end": 1585629972.032511}, "device": "cpu", "nd_range": {"device_start": 2297746.384155246, "device_end": 2297746.388109777}, "cmdq": 0, "read": {"device_start": -1, "device_end": -1}}, "FFC_sans_bias106": {"write": {"device_start": -1, "host_queued_start": 1585629972.031424, "device_queued": -1, "device_end": -1, "host_queued_end": 1585629972.032511}, "device": "cpu", "nd_range": {"device_start": 2297746.599397492, "device_end": 2297746.604619971}, "cmdq": 0, "read": {"device_start": -1, "device_end": -1}}, "softmax122": {"write": {"device_start": -1, "host_queued_start": 1585629971.938828, "device_queued": -1, "device_end": -1, "host_queued_end": 1585629971.943671}, "device": "gpu", "nd_range": {"device_start": 1585629905.3348005, "device_end": 1585629905.3359885}, "cmdq": 3, "read": {"device_start": -1, "device_end": -1}}, "FFC_sans_bias105": {"write": {"device_start": -1, "host_queued_start": 1585629972.017065, "device_queued": -1, "device_end": -1, "host_queued_end": 1585629972.032511}, "device": "cpu", "nd_range": {"device_start": 2297746.5279137073, "device_end": 2297746.533222924}, "cmdq": 0, "read": {"device_start": -1, "device_end": -1}}, "softmax95": {"write": {"device_start": -1, "host_queued_start": 1585629972.011822, "device_queued": -1, "device_end": -1, "host_queued_end": 1585629972.032511}, "device": "cpu", "nd_range": {"device_start": 2297746.466678391, "device_end": 2297746.4667908773}, "cmdq": 0, "read": {"device_start": -1, "device_end": -1}}, "coalesced_transpose57": {"write": {"device_start": -1, "host_queued_start": 1585629971.999736, "device_queued": -1, "device_end": -1, "host_queued_end": 1585629972.032511}, "device": "cpu", "nd_range": {"device_start": 2297746.4034230183, "device_end": 2297746.403570224}, "cmdq": 0, "read": {"device_start": -1, "device_end": -1}}, "empty26": {"write": {"device_start": -1, "host_queued_start": 1585629971.947292, "device_queued": -1, "device_end": -1, "host_queued_end": 1585629972.032511}, "device": "cpu", "nd_range": {"device_start": 2297746.222149086, "device_end": 2297746.2221502243}, "cmdq": 0, "read": {"device_start": -1, "device_end": -1}}, "softmax113": {"write": {"device_start": -1, "host_queued_start": 1585629972.012427, "device_queued": -1, "device_end": -1, "host_queued_end": 1585629972.032511}, "device": "cpu", "nd_range": {"device_start": 2297746.4669164172, "device_end": 2297746.467031102}, "cmdq": 0, "read": {"device_start": -1, "device_end": -1}}, "FFC_sans_bias11": {"write": {"device_start": -1, "host_queued_start": 1585629971.962024, "device_queued": -1, "device_end": -1, "host_queued_end": 1585629972.032511}, "device": "cpu", "nd_range": {"device_start": 2297746.2439279133, "device_end": 2297746.250393916}, "cmdq": 0, "read": {"device_start": -1, "device_end": -1}}, "FFC_sans_bias42": {"write": {"device_start": -1, "host_queued_start": 1585629972.014352, "device_queued": -1, "device_end": -1, "host_queued_end": 1585629972.032511}, "device": "cpu", "nd_range": {"device_start": 2297746.4894539583, "device_end": 2297746.4955331543}, "cmdq": 0, "read": {"device_start": -1, "device_end": -1}}, "FFC_sans_bias43": {"write": {"device_start": -1, "host_queued_start": 1585629972.023656, "device_queued": -1, "device_end": -1, "host_queued_end": 1585629972.032511}, "device": "cpu", "nd_range": {"device_start": 2297746.561804633, "device_end": 2297746.5670173303}, "cmdq": 0, "read": {"device_start": -1, "device_end": -1}}, "FFC_sans_bias40": {"write": {"device_start": -1, "host_queued_start": 1585629972.005206, "device_queued": -1, "device_end": -1, "host_queued_end": 1585629972.032511}, "device": "cpu", "nd_range": {"device_start": 2297746.422281001, "device_end": 2297746.426941501}, "cmdq": 0, "read": {"device_start": -1, "device_end": -1}}, "FFC_sans_bias46": {"write": {"device_start": -1, "host_queued_start": 1585629971.97381, "device_queued": -1, "device_end": -1, "host_queued_end": 1585629972.032511}, "device": "cpu", "nd_range": {"device_start": 2297746.297225195, "device_end": 2297746.301521866}, "cmdq": 0, "read": {"device_start": -1, "device_end": -1}}, "FFC_sans_bias47": {"write": {"device_start": -1, "host_queued_start": 1585629971.974877, "device_queued": -1, "device_end": -1, "host_queued_end": 1585629972.032511}, "device": "cpu", "nd_range": {"device_start": 2297746.3015270294, "device_end": 2297746.306092969}, "cmdq": 0, "read": {"device_start": -1, "device_end": -1}}, "FFC_sans_bias45": {"write": {"device_start": -1, "host_queued_start": 1585629971.972753, "device_queued": -1, "device_end": -1, "host_queued_end": 1585629972.032511}, "device": "cpu", "nd_range": {"device_start": 2297746.2929208293, "device_end": 2297746.297219945}, "cmdq": 0, "read": {"device_start": -1, "device_end": -1}}, "FFC_sans_bias49": {"write": {"device_start": -1, "host_queued_start": 1585629972.005633, "device_queued": -1, "device_end": -1, "host_queued_end": 1585629972.032511}, "device": "cpu", "nd_range": {"device_start": 2297746.426946408, "device_end": 2297746.431400243}, "cmdq": 0, "read": {"device_start": -1, "device_end": -1}}, "softmax77": {"write": {"device_start": -1, "host_queued_start": 1585629972.011224, "device_queued": -1, "device_end": -1, "host_queued_end": 1585629972.032511}, "device": "cpu", "nd_range": {"device_start": 2297746.4664201164, "device_end": 2297746.4665517854}, "cmdq": 0, "read": {"device_start": -1, "device_end": -1}}, "empty134": {"write": {"device_start": 1585629905.3295586, "host_queued_start": 1585629971.926197, "device_queued": 1585629905.329429, "device_end": 1585629905.3296258, "host_queued_end": 1585629971.943671}, "device": "gpu", "nd_range": {"device_start": 1585629905.3297374, "device_end": 1585629905.3297439}, "cmdq": 1, "read": {"device_start": -1, "device_end": -1}}, "coalesced_transpose138": {"write": {"device_start": -1, "host_queued_start": 1585629971.937601, "device_queued": -1, "device_end": -1, "host_queued_end": 1585629971.943671}, "device": "gpu", "nd_range": {"device_start": 1585629905.3333478, "device_end": 1585629905.3341892}, "cmdq": 4, "read": {"device_start": -1, "device_end": -1}}, "FFC_sans_bias119": {"write": {"device_start": 1585629905.3299916, "host_queued_start": 1585629971.930295, "device_queued": 1585629905.329822, "device_end": 1585629905.3300204, "host_queued_end": 1585629971.943671}, "device": "gpu", "nd_range": {"device_start": 1585629905.3300257, "device_end": 1585629905.3314152}, "cmdq": 0, "read": {"device_start": -1, "device_end": -1}}, "FFC_sans_bias118": {"write": {"device_start": 1585629905.3298955, "host_queued_start": 1585629971.929219, "device_queued": 1585629905.3297043, "device_end": 1585629905.3299718, "host_queued_end": 1585629971.943671}, "device": "gpu", "nd_range": {"device_start": 1585629905.3299785, "device_end": 1585629905.3308592}, "cmdq": 4, "read": {"device_start": -1, "device_end": -1}}, "empty143": {"write": {"device_start": 1585629905.3296602, "host_queued_start": 1585629971.927142, "device_queued": 1585629905.3295054, "device_end": 1585629905.3296874, "host_queued_end": 1585629971.943671}, "device": "gpu", "nd_range": {"device_start": 1585629905.3297565, "device_end": 1585629905.3297613}, "cmdq": 2, "read": {"device_start": -1, "device_end": -1}}, "FFC_sans_bias115": {"write": {"device_start": -1, "host_queued_start": 1585629972.032463, "device_queued": -1, "device_end": -1, "host_queued_end": 1585629972.032511}, "device": "cpu", "nd_range": {"device_start": 2297746.604622884, "device_end": 2297746.609868848}, "cmdq": 0, "read": {"device_start": -1, "device_end": -1}}, "FFC_sans_bias114": {"write": {"device_start": -1, "host_queued_start": 1585629972.017437, "device_queued": -1, "device_end": -1, "host_queued_end": 1585629972.032511}, "device": "cpu", "nd_range": {"device_start": 2297746.533229529, "device_end": 2297746.538742842}, "cmdq": 0, "read": {"device_start": -1, "device_end": -1}}, "FFC_sans_bias117": {"write": {"device_start": 1585629905.329771, "host_queued_start": 1585629971.92814, "device_queued": 1585629905.3295245, "device_end": 1585629905.3298476, "host_queued_end": 1585629971.943671}, "device": "gpu", "nd_range": {"device_start": 1585629905.3298512, "device_end": 1585629905.330459}, "cmdq": 3, "read": {"device_start": -1, "device_end": -1}}, "softmax5": {"write": {"device_start": -1, "host_queued_start": 1585629972.008754, "device_queued": -1, "device_end": -1, "host_queued_end": 1585629972.032511}, "device": "cpu", "nd_range": {"device_start": 2297746.4652798204, "device_end": 2297746.465444357}, "cmdq": 0, "read": {"device_start": -1, "device_end": -1}}, "FFC_sans_bias110": {"write": {"device_start": -1, "host_queued_start": 1585629971.997375, "device_queued": -1, "device_end": -1, "host_queued_end": 1585629972.032511}, "device": "cpu", "nd_range": {"device_start": 2297746.397893371, "device_end": 2297746.4024636303}, "cmdq": 0, "read": {"device_start": -1, "device_end": -1}}, "FFC_sans_bias112": {"write": {"device_start": -1, "host_queued_start": 1585629972.008436, "device_queued": -1, "device_end": -1, "host_queued_end": 1585629972.032511}, "device": "cpu", "nd_range": {"device_start": 2297746.4608816854, "device_end": 2297746.465274272}, "cmdq": 0, "read": {"device_start": -1, "device_end": -1}}, "empty53": {"write": {"device_start": -1, "host_queued_start": 1585629971.949723, "device_queued": -1, "device_end": -1, "host_queued_end": 1585629972.032511}, "device": "cpu", "nd_range": {"device_start": 2297746.222163849, "device_end": 2297746.2221644092}, "cmdq": 0, "read": {"device_start": -1, "device_end": -1}}, "coalesced_transpose48": {"write": {"device_start": -1, "host_queued_start": 1585629971.999403, "device_queued": -1, "device_end": -1, "host_queued_end": 1585629972.032511}, "device": "cpu", "nd_range": {"device_start": 2297746.4032668, "device_end": 2297746.403417366}, "cmdq": 0, "read": {"device_start": -1, "device_end": -1}}}