{"FFC_sans_bias4": {"write": {"device_start": -1, "host_queued_start": 1585629836.764285, "device_queued": -1, "device_end": -1, "host_queued_end": 1585629836.768377}, "device": "cpu", "nd_range": {"device_start": 2297610.9831543854, "device_end": 2297610.991991998}, "cmdq": 2, "read": {"device_start": -1, "device_end": -1}}, "FFC_sans_bias7": {"write": {"device_start": -1, "host_queued_start": 1585629836.767209, "device_queued": -1, "device_end": -1, "host_queued_end": 1585629836.768377}, "device": "cpu", "nd_range": {"device_start": 2297610.997629697, "device_end": 2297611.003804568}, "cmdq": 0, "read": {"device_start": -1, "device_end": -1}}, "FFC_sans_bias6": {"write": {"device_start": -1, "host_queued_start": 1585629836.765674, "device_queued": -1, "device_end": -1, "host_queued_end": 1585629836.768377}, "device": "cpu", "nd_range": {"device_start": 2297610.992746553, "device_end": 2297610.99750174}, "cmdq": 2, "read": {"device_start": -1, "device_end": -1}}, "FFC_sans_bias1": {"write": {"device_start": -1, "host_queued_start": 1585629836.757955, "device_queued": -1, "device_end": -1, "host_queued_end": 1585629836.768377}, "device": "cpu", "nd_range": {"device_start": 2297610.958169309, "device_end": 2297610.973412134}, "cmdq": 3, "read": {"device_start": -1, "device_end": -1}}, "FFC_sans_bias0": {"write": {"device_start": -1, "host_queued_start": 1585629836.756567, "device_queued": -1, "device_end": -1, "host_queued_end": 1585629836.768377}, "device": "cpu", "nd_range": {"device_start": 2297610.958052656, "device_end": 2297610.9743759832}, "cmdq": 2, "read": {"device_start": -1, "device_end": -1}}, "FFC_sans_bias2": {"write": {"device_start": -1, "host_queued_start": 1585629836.759373, "device_queued": -1, "device_end": -1, "host_queued_end": 1585629836.768377}, "device": "cpu", "nd_range": {"device_start": 2297610.958054332, "device_end": 2297610.9754473893}, "cmdq": 0, "read": {"device_start": -1, "device_end": -1}}, "coalesced_transpose120": {"write": {"device_start": -1, "host_queued_start": 1585629836.723779, "device_queued": -1, "device_end": -1, "host_queued_end": 1585629836.751889}, "device": "gpu", "nd_range": {"device_start": 1585629770.1725311, "device_end": 1585629770.1735086}, "cmdq": 3, "read": {"device_start": -1, "device_end": -1}}, "FFC_sans_bias9": {"write": {"device_start": -1, "host_queued_start": 1585629836.760627, "device_queued": -1, "device_end": -1, "host_queued_end": 1585629836.768377}, "device": "cpu", "nd_range": {"device_start": 2297610.9580536573, "device_end": 2297610.9745890573}, "cmdq": 1, "read": {"device_start": -1, "device_end": -1}}, "empty71": {"write": {"device_start": 1585629770.141896, "host_queued_start": 1585629836.669184, "device_queued": 1585629770.1417284, "device_end": 1585629770.1419547, "host_queued_end": 1585629836.751889}, "device": "gpu", "nd_range": {"device_start": 1585629770.1419623, "device_end": 1585629770.1419678}, "cmdq": 1, "read": {"device_start": -1, "device_end": -1}}, "softmax41": {"write": {"device_start": -1, "host_queued_start": 1585629836.729725, "device_queued": -1, "device_end": -1, "host_queued_end": 1585629836.751889}, "device": "gpu", "nd_range": {"device_start": 1585629770.1780472, "device_end": 1585629770.1789918}, "cmdq": 2, "read": {"device_start": -1, "device_end": -1}}, "FFC_sans_bias37": {"write": {"device_start": 1585629770.145082, "host_queued_start": 1585629836.684182, "device_queued": 1585629770.1433575, "device_end": 1585629770.1451123, "host_queued_end": 1585629836.751889}, "device": "gpu", "nd_range": {"device_start": 1585629770.1451182, "device_end": 1585629770.146918}, "cmdq": 1, "read": {"device_start": -1, "device_end": -1}}, "FFC_sans_bias36": {"write": {"device_start": 1585629770.1446764, "host_queued_start": 1585629836.683146, "device_queued": 1585629770.1431665, "device_end": 1585629770.1447067, "host_queued_end": 1585629836.751889}, "device": "gpu", "nd_range": {"device_start": 1585629770.1447108, "device_end": 1585629770.1464233}, "cmdq": 0, "read": {"device_start": -1, "device_end": -1}}, "FFC_sans_bias34": {"write": {"device_start": 1585629770.1849525, "host_queued_start": 1585629836.739091, "device_queued": 1585629770.150603, "device_end": 1585629770.1849787, "host_queued_end": 1585629836.751889}, "device": "gpu", "nd_range": {"device_start": 1585629770.1849992, "device_end": 1585629770.1868227}, "cmdq": 1, "read": {"device_start": 1585629770.1868262, "device_end": 1585629770.1868527}}, "FFC_sans_bias33": {"write": {"device_start": -1, "host_queued_start": 1585629836.733136, "device_queued": -1, "device_end": -1, "host_queued_end": 1585629836.751889}, "device": "gpu", "nd_range": {"device_start": 1585629770.1807315, "device_end": 1585629770.1824615}, "cmdq": 3, "read": {"device_start": -1, "device_end": -1}}, "FFC_sans_bias31": {"write": {"device_start": -1, "host_queued_start": 1585629836.725111, "device_queued": -1, "device_end": -1, "host_queued_end": 1585629836.751889}, "device": "gpu", "nd_range": {"device_start": 1585629770.1735318, "device_end": 1585629770.1751049}, "cmdq": 3, "read": {"device_start": -1, "device_end": -1}}, "FFC_sans_bias38": {"write": {"device_start": 1585629770.1456227, "host_queued_start": 1585629836.685235, "device_queued": 1585629770.1433868, "device_end": 1585629770.1456504, "host_queued_end": 1585629836.751889}, "device": "gpu", "nd_range": {"device_start": 1585629770.145662, "device_end": 1585629770.1474013}, "cmdq": 2, "read": {"device_start": -1, "device_end": -1}}, "coalesced_transpose75": {"write": {"device_start": -1, "host_queued_start": 1585629836.722247, "device_queued": -1, "device_end": -1, "host_queued_end": 1585629836.751889}, "device": "gpu", "nd_range": {"device_start": 1585629770.17197, "device_end": 1585629770.172018}, "cmdq": 2, "read": {"device_start": -1, "device_end": -1}}, "softmax140": {"write": {"device_start": -1, "host_queued_start": 1585629836.732462, "device_queued": -1, "device_end": -1, "host_queued_end": 1585629836.751889}, "device": "gpu", "nd_range": {"device_start": 1585629770.1794448, "device_end": 1585629770.1798198}, "cmdq": 1, "read": {"device_start": -1, "device_end": -1}}, "empty44": {"write": {"device_start": 1585629770.1415894, "host_queued_start": 1585629836.666684, "device_queued": 1585629770.1413786, "device_end": 1585629770.1416645, "host_queued_end": 1585629836.751889}, "device": "gpu", "nd_range": {"device_start": 1585629770.14167, "device_end": 1585629770.141675}, "cmdq": 2, "read": {"device_start": -1, "device_end": -1}}, "FFC_sans_bias137": {"write": {"device_start": 1585629770.1696994, "host_queued_start": 1585629836.719032, "device_queued": 1585629770.1468863, "device_end": 1585629770.1697257, "host_queued_end": 1585629836.751889}, "device": "gpu", "nd_range": {"device_start": 1585629770.169733, "device_end": 1585629770.1715755}, "cmdq": 2, "read": {"device_start": -1, "device_end": -1}}, "empty8": {"write": {"device_start": -1, "host_queued_start": 1585629836.753826, "device_queued": -1, "device_end": -1, "host_queued_end": 1585629836.768377}, "device": "cpu", "nd_range": {"device_start": 2297610.9580231183, "device_end": 2297610.958033389}, "cmdq": 0, "read": {"device_start": -1, "device_end": -1}}, "softmax50": {"write": {"device_start": -1, "host_queued_start": 1585629836.729971, "device_queued": -1, "device_end": -1, "host_queued_end": 1585629836.751889}, "device": "gpu", "nd_range": {"device_start": 1585629770.1791005, "device_end": 1585629770.1793067}, "cmdq": 3, "read": {"device_start": -1, "device_end": -1}}, "softmax59": {"write": {"device_start": -1, "host_queued_start": 1585629836.730224, "device_queued": -1, "device_end": -1, "host_queued_end": 1585629836.751889}, "device": "gpu", "nd_range": {"device_start": 1585629770.1782196, "device_end": 1585629770.1790173}, "cmdq": 0, "read": {"device_start": -1, "device_end": -1}}, "FFC_sans_bias142": {"write": {"device_start": 1585629770.1922956, "host_queued_start": 1585629836.75179, "device_queued": 1585629770.1522, "device_end": 1585629770.19232, "host_queued_end": 1585629836.751889}, "device": "gpu", "nd_range": {"device_start": 1585629770.192336, "device_end": 1585629770.1930442}, "cmdq": 1, "read": {"device_start": 1585629770.1930487, "device_end": 1585629770.193072}}, "FFC_sans_bias141": {"write": {"device_start": -1, "host_queued_start": 1585629836.736981, "device_queued": -1, "device_end": -1, "host_queued_end": 1585629836.751889}, "device": "gpu", "nd_range": {"device_start": 1585629770.1863909, "device_end": 1585629770.188234}, "cmdq": 3, "read": {"device_start": -1, "device_end": -1}}, "FFC_sans_bias24": {"write": {"device_start": -1, "host_queued_start": 1585629836.732783, "device_queued": -1, "device_end": -1, "host_queued_end": 1585629836.751889}, "device": "gpu", "nd_range": {"device_start": 1585629770.179467, "device_end": 1585629770.1800733}, "cmdq": 2, "read": {"device_start": -1, "device_end": -1}}, "FFC_sans_bias25": {"write": {"device_start": 1585629770.1840274, "host_queued_start": 1585629836.738022, "device_queued": 1585629770.150397, "device_end": 1585629770.1840537, "host_queued_end": 1585629836.751889}, "device": "gpu", "nd_range": {"device_start": 1585629770.1840775, "device_end": 1585629770.1858504}, "cmdq": 0, "read": {"device_start": 1585629770.185863, "device_end": 1585629770.185888}}, "FFC_sans_bias27": {"write": {"device_start": 1585629770.143139, "host_queued_start": 1585629836.679974, "device_queued": 1585629770.1428454, "device_end": 1585629770.1431632, "host_queued_end": 1585629836.751889}, "device": "gpu", "nd_range": {"device_start": 1585629770.1431668, "device_end": 1585629770.1449478}, "cmdq": 1, "read": {"device_start": -1, "device_end": -1}}, "FFC_sans_bias20": {"write": {"device_start": 1585629770.1430504, "host_queued_start": 1585629836.678934, "device_queued": 1585629770.1426504, "device_end": 1585629770.143107, "host_queued_end": 1585629836.751889}, "device": "gpu", "nd_range": {"device_start": 1585629770.1431122, "device_end": 1585629770.1445282}, "cmdq": 0, "read": {"device_start": -1, "device_end": -1}}, "FFC_sans_bias22": {"write": {"device_start": -1, "host_queued_start": 1585629836.724701, "device_queued": -1, "device_end": -1, "host_queued_end": 1585629836.751889}, "device": "gpu", "nd_range": {"device_start": 1585629770.172085, "device_end": 1585629770.172696}, "cmdq": 2, "read": {"device_start": -1, "device_end": -1}}, "FFC_sans_bias130": {"write": {"device_start": -1, "host_queued_start": 1585629836.728645, "device_queued": -1, "device_end": -1, "host_queued_end": 1585629836.751889}, "device": "gpu", "nd_range": {"device_start": 1585629770.1761024, "device_end": 1585629770.1780267}, "cmdq": 2, "read": {"device_start": -1, "device_end": -1}}, "FFC_sans_bias28": {"write": {"device_start": 1585629770.1436744, "host_queued_start": 1585629836.681008, "device_queued": 1585629770.1428676, "device_end": 1585629770.143705, "host_queued_end": 1585629836.751889}, "device": "gpu", "nd_range": {"device_start": 1585629770.1437085, "device_end": 1585629770.1455145}, "cmdq": 2, "read": {"device_start": -1, "device_end": -1}}, "FFC_sans_bias29": {"write": {"device_start": 1585629770.1440833, "host_queued_start": 1585629836.682066, "device_queued": 1585629770.1428874, "device_end": 1585629770.1441078, "host_queued_end": 1585629836.751889}, "device": "gpu", "nd_range": {"device_start": 1585629770.1441126, "device_end": 1585629770.1459267}, "cmdq": 3, "read": {"device_start": -1, "device_end": -1}}, "coalesced_transpose66": {"write": {"device_start": -1, "host_queued_start": 1585629836.721942, "device_queued": -1, "device_end": -1, "host_queued_end": 1585629836.751889}, "device": "gpu", "nd_range": {"device_start": 1585629770.171954, "device_end": 1585629770.1719975}, "cmdq": 1, "read": {"device_start": -1, "device_end": -1}}, "coalesced_transpose93": {"write": {"device_start": -1, "host_queued_start": 1585629836.72286, "device_queued": -1, "device_end": -1, "host_queued_end": 1585629836.751889}, "device": "gpu", "nd_range": {"device_start": 1585629770.1719916, "device_end": 1585629770.172047}, "cmdq": 0, "read": {"device_start": -1, "device_end": -1}}, "softmax23": {"write": {"device_start": -1, "host_queued_start": 1585629836.729227, "device_queued": -1, "device_end": -1, "host_queued_end": 1585629836.751889}, "device": "gpu", "nd_range": {"device_start": 1585629770.176538, "device_end": 1585629770.178199}, "cmdq": 0, "read": {"device_start": -1, "device_end": -1}}, "empty62": {"write": {"device_start": 1585629770.1417894, "host_queued_start": 1585629836.668374, "device_queued": 1585629770.1416783, "device_end": 1585629770.1418614, "host_queued_end": 1585629836.751889}, "device": "gpu", "nd_range": {"device_start": 1585629770.1418679, "device_end": 1585629770.1418767}, "cmdq": 0, "read": {"device_start": -1, "device_end": -1}}, "FFC_sans_bias10": {"write": {"device_start": -1, "host_queued_start": 1585629836.761943, "device_queued": -1, "device_end": -1, "host_queued_end": 1585629836.768377}, "device": "cpu", "nd_range": {"device_start": 2297610.97450558, "device_end": 2297610.983023588}, "cmdq": 2, "read": {"device_start": -1, "device_end": -1}}, "FFC_sans_bias13": {"write": {"device_start": -1, "host_queued_start": 1585629836.764646, "device_queued": -1, "device_end": -1, "host_queued_end": 1585629836.768377}, "device": "cpu", "nd_range": {"device_start": 2297610.983417855, "device_end": 2297610.993786924}, "cmdq": 3, "read": {"device_start": -1, "device_end": -1}}, "FFC_sans_bias15": {"write": {"device_start": -1, "host_queued_start": 1585629836.766025, "device_queued": -1, "device_end": -1, "host_queued_end": 1585629836.768377}, "device": "cpu", "nd_range": {"device_start": 2297611.002338637, "device_end": 2297611.01089048}, "cmdq": 3, "read": {"device_start": -1, "device_end": -1}}, "FFC_sans_bias16": {"write": {"device_start": -1, "host_queued_start": 1585629836.76833, "device_queued": -1, "device_end": -1, "host_queued_end": 1585629836.768377}, "device": "cpu", "nd_range": {"device_start": 2297611.0108975233, "device_end": 2297611.014851854}, "cmdq": 1, "read": {"device_start": -1, "device_end": -1}}, "FFC_sans_bias19": {"write": {"device_start": 1585629770.1429439, "host_queued_start": 1585629836.677843, "device_queued": 1585629770.14237, "device_end": 1585629770.1429908, "host_queued_end": 1585629836.751889}, "device": "gpu", "nd_range": {"device_start": 1585629770.1429982, "device_end": 1585629770.1439514}, "cmdq": 3, "read": {"device_start": -1, "device_end": -1}}, "FFC_sans_bias18": {"write": {"device_start": 1585629770.1428518, "host_queued_start": 1585629836.67678, "device_queued": 1585629770.1423533, "device_end": 1585629770.1429324, "host_queued_end": 1585629836.751889}, "device": "gpu", "nd_range": {"device_start": 1585629770.1429384, "device_end": 1585629770.1435444}, "cmdq": 2, "read": {"device_start": -1, "device_end": -1}}, "FFC_sans_bias99": {"write": {"device_start": 1585629770.1547565, "host_queued_start": 1585629836.705356, "device_queued": 1585629770.1455534, "device_end": 1585629770.1547875, "host_queued_end": 1585629836.751889}, "device": "gpu", "nd_range": {"device_start": 1585629770.1547914, "device_end": 1585629770.156559}, "cmdq": 1, "read": {"device_start": -1, "device_end": -1}}, "FFC_sans_bias91": {"write": {"device_start": 1585629770.1537838, "host_queued_start": 1585629836.70326, "device_queued": 1585629770.1452234, "device_end": 1585629770.1538103, "host_queued_end": 1585629836.751889}, "device": "gpu", "nd_range": {"device_start": 1585629770.153822, "device_end": 1585629770.1555943}, "cmdq": 3, "read": {"device_start": -1, "device_end": -1}}, "FFC_sans_bias90": {"write": {"device_start": 1585629770.153299, "host_queued_start": 1585629836.702213, "device_queued": 1585629770.1452062, "device_end": 1585629770.1533246, "host_queued_end": 1585629836.751889}, "device": "gpu", "nd_range": {"device_start": 1585629770.1533303, "device_end": 1585629770.1551304}, "cmdq": 2, "read": {"device_start": -1, "device_end": -1}}, "coalesced_transpose12": {"write": {"device_start": -1, "host_queued_start": 1585629836.763901, "device_queued": -1, "device_end": -1, "host_queued_end": 1585629836.768377}, "device": "cpu", "nd_range": {"device_start": 2297610.9831500603, "device_end": 2297610.983298053}, "cmdq": 1, "read": {"device_start": -1, "device_end": -1}}, "FFC_sans_bias94": {"write": {"device_start": -1, "host_queued_start": 1585629836.727373, "device_queued": -1, "device_end": -1, "host_queued_end": 1585629836.751889}, "device": "gpu", "nd_range": {"device_start": 1585629770.1741347, "device_end": 1585629770.1760824}, "cmdq": 2, "read": {"device_start": -1, "device_end": -1}}, "FFC_sans_bias97": {"write": {"device_start": 1585629770.1879718, "host_queued_start": 1585629836.746534, "device_queued": 1585629770.15154, "device_end": 1585629770.1879976, "host_queued_end": 1585629836.751889}, "device": "gpu", "nd_range": {"device_start": 1585629770.1880145, "device_end": 1585629770.189199}, "cmdq": 0, "read": {"device_start": 1585629770.1892033, "device_end": 1585629770.1892273}}, "FFC_sans_bias96": {"write": {"device_start": -1, "host_queued_start": 1585629836.735372, "device_queued": -1, "device_end": -1, "host_queued_end": 1585629836.751889}, "device": "gpu", "nd_range": {"device_start": 1585629770.1814878, "device_end": 1585629770.1834517}, "cmdq": 2, "read": {"device_start": -1, "device_end": -1}}, "FFC_sans_bias124": {"write": {"device_start": 1585629770.1918283, "host_queued_start": 1585629836.749693, "device_queued": 1585629770.1517434, "device_end": 1585629770.1918564, "host_queued_end": 1585629836.751889}, "device": "gpu", "nd_range": {"device_start": 1585629770.1918743, "device_end": 1585629770.192614}, "cmdq": 3, "read": {"device_start": 1585629770.19262, "device_end": 1585629770.1926427}}, "FFC_sans_bias126": {"write": {"device_start": 1585629770.168301, "host_queued_start": 1585629836.71586, "device_queued": 1585629770.1464233, "device_end": 1585629770.168327, "host_queued_end": 1585629836.751889}, "device": "gpu", "nd_range": {"device_start": 1585629770.1683395, "device_end": 1585629770.1701565}, "cmdq": 3, "read": {"device_start": -1, "device_end": -1}}, "softmax32": {"write": {"device_start": -1, "host_queued_start": 1585629836.729473, "device_queued": -1, "device_end": -1, "host_queued_end": 1585629836.751889}, "device": "gpu", "nd_range": {"device_start": 1585629770.177517, "device_end": 1585629770.1789677}, "cmdq": 1, "read": {"device_start": -1, "device_end": -1}}, "coalesced_transpose84": {"write": {"device_start": -1, "host_queued_start": 1585629836.72255, "device_queued": -1, "device_end": -1, "host_queued_end": 1585629836.751889}, "device": "gpu", "nd_range": {"device_start": 1585629770.1721034, "device_end": 1585629770.1725109}, "cmdq": 3, "read": {"device_start": -1, "device_end": -1}}, "FFC_sans_bias121": {"write": {"device_start": -1, "host_queued_start": 1585629836.728326, "device_queued": -1, "device_end": -1, "host_queued_end": 1585629836.751889}, "device": "gpu", "nd_range": {"device_start": 1585629770.1755805, "device_end": 1585629770.177497}, "cmdq": 1, "read": {"device_start": -1, "device_end": -1}}, "empty98": {"write": {"device_start": 1585629770.142214, "host_queued_start": 1585629836.671668, "device_queued": 1585629770.1419663, "device_end": 1585629770.1422741, "host_queued_end": 1585629836.751889}, "device": "gpu", "nd_range": {"device_start": 1585629770.1422868, "device_end": 1585629770.142293}, "cmdq": 0, "read": {"device_start": -1, "device_end": -1}}, "empty107": {"write": {"device_start": 1585629770.14233, "host_queued_start": 1585629836.672487, "device_queued": 1585629770.142014, "device_end": 1585629770.1424103, "host_queued_end": 1585629836.751889}, "device": "gpu", "nd_range": {"device_start": 1585629770.1424165, "device_end": 1585629770.1424372}, "cmdq": 1, "read": {"device_start": -1, "device_end": -1}}, "empty17": {"write": {"device_start": -1, "host_queued_start": 1585629836.755191, "device_queued": -1, "device_end": -1, "host_queued_end": 1585629836.768377}, "device": "cpu", "nd_range": {"device_start": 2297610.9580231584, "device_end": 2297610.958033359}, "cmdq": 1, "read": {"device_start": -1, "device_end": -1}}, "FFC_sans_bias87": {"write": {"device_start": -1, "host_queued_start": 1585629836.735049, "device_queued": -1, "device_end": -1, "host_queued_end": 1585629836.751889}, "device": "gpu", "nd_range": {"device_start": 1585629770.181068, "device_end": 1585629770.1829684}, "cmdq": 1, "read": {"device_start": -1, "device_end": -1}}, "FFC_sans_bias85": {"write": {"device_start": -1, "host_queued_start": 1585629836.727042, "device_queued": -1, "device_end": -1, "host_queued_end": 1585629836.751889}, "device": "gpu", "nd_range": {"device_start": 1585629770.173684, "device_end": 1585629770.1755593}, "cmdq": 1, "read": {"device_start": -1, "device_end": -1}}, "FFC_sans_bias82": {"write": {"device_start": 1585629770.1523213, "host_queued_start": 1585629836.700109, "device_queued": 1585629770.1449811, "device_end": 1585629770.1523492, "host_queued_end": 1585629836.751889}, "device": "gpu", "nd_range": {"device_start": 1585629770.1523552, "device_end": 1585629770.1541715}, "cmdq": 0, "read": {"device_start": -1, "device_end": -1}}, "FFC_sans_bias83": {"write": {"device_start": 1585629770.1528006, "host_queued_start": 1585629836.70117, "device_queued": 1585629770.1451678, "device_end": 1585629770.1528273, "host_queued_end": 1585629836.751889}, "device": "gpu", "nd_range": {"device_start": 1585629770.1528387, "device_end": 1585629770.154644}, "cmdq": 1, "read": {"device_start": -1, "device_end": -1}}, "FFC_sans_bias81": {"write": {"device_start": 1585629770.151807, "host_queued_start": 1585629836.69907, "device_queued": 1585629770.1447864, "device_end": 1585629770.1518335, "host_queued_end": 1585629836.751889}, "device": "gpu", "nd_range": {"device_start": 1585629770.1518383, "device_end": 1585629770.153678}, "cmdq": 3, "read": {"device_start": -1, "device_end": -1}}, "FFC_sans_bias88": {"write": {"device_start": 1585629770.1899047, "host_queued_start": 1585629836.745489, "device_queued": 1585629770.1512098, "device_end": 1585629770.189931, "host_queued_end": 1585629836.751889}, "device": "gpu", "nd_range": {"device_start": 1585629770.1899498, "device_end": 1585629770.1916473}, "cmdq": 3, "read": {"device_start": 1585629770.1916544, "device_end": 1585629770.1916854}}, "coalesced_transpose30": {"write": {"device_start": -1, "host_queued_start": 1585629836.720713, "device_queued": -1, "device_end": -1, "host_queued_end": 1585629836.751889}, "device": "gpu", "nd_range": {"device_start": 1585629770.1711204, "device_end": 1585629770.1719525}, "cmdq": 1, "read": {"device_start": -1, "device_end": -1}}, "FFC_sans_bias128": {"write": {"device_start": 1585629770.1678383, "host_queued_start": 1585629836.714803, "device_queued": 1585629770.1464052, "device_end": 1585629770.1678638, "host_queued_end": 1585629836.751889}, "device": "gpu", "nd_range": {"device_start": 1585629770.167869, "device_end": 1585629770.16961}, "cmdq": 2, "read": {"device_start": -1, "device_end": -1}}, "coalesced_transpose39": {"write": {"device_start": -1, "host_queued_start": 1585629836.721032, "device_queued": -1, "device_end": -1, "host_queued_end": 1585629836.751889}, "device": "gpu", "nd_range": {"device_start": 1585629770.1715775, "device_end": 1585629770.1719596}, "cmdq": 2, "read": {"device_start": -1, "device_end": -1}}, "FFC_sans_bias79": {"write": {"device_start": 1585629770.1874504, "host_queued_start": 1585629836.744347, "device_queued": 1585629770.151192, "device_end": 1585629770.1874762, "host_queued_end": 1585629836.751889}, "device": "gpu", "nd_range": {"device_start": 1585629770.187498, "device_end": 1585629770.1887734}, "cmdq": 2, "read": {"device_start": 1585629770.1887827, "device_end": 1585629770.1888065}}, "FFC_sans_bias78": {"write": {"device_start": -1, "host_queued_start": 1585629836.734733, "device_queued": -1, "device_end": -1, "host_queued_end": 1585629836.751889}, "device": "gpu", "nd_range": {"device_start": 1585629770.1804903, "device_end": 1585629770.18202}, "cmdq": 0, "read": {"device_start": -1, "device_end": -1}}, "FFC_sans_bias73": {"write": {"device_start": 1585629770.1508868, "host_queued_start": 1585629836.696954, "device_queued": 1585629770.1447275, "device_end": 1585629770.1509125, "host_queued_end": 1585629836.751889}, "device": "gpu", "nd_range": {"device_start": 1585629770.150919, "device_end": 1585629770.1526952}, "cmdq": 1, "read": {"device_start": -1, "device_end": -1}}, "FFC_sans_bias72": {"write": {"device_start": 1585629770.150425, "host_queued_start": 1585629836.695902, "device_queued": 1585629770.1444912, "device_end": 1585629770.1504574, "host_queued_end": 1585629836.751889}, "device": "gpu", "nd_range": {"device_start": 1585629770.1504667, "device_end": 1585629770.1522293}, "cmdq": 0, "read": {"device_start": -1, "device_end": -1}}, "FFC_sans_bias70": {"write": {"device_start": 1585629770.1884246, "host_queued_start": 1585629836.743296, "device_queued": 1585629770.1511672, "device_end": 1585629770.18845, "host_queued_end": 1585629836.751889}, "device": "gpu", "nd_range": {"device_start": 1585629770.1884732, "device_end": 1585629770.1901846}, "cmdq": 1, "read": {"device_start": 1585629770.1901896, "device_end": 1585629770.1902137}}, "FFC_sans_bias76": {"write": {"device_start": -1, "host_queued_start": 1585629836.726724, "device_queued": -1, "device_end": -1, "host_queued_end": 1585629836.751889}, "device": "gpu", "nd_range": {"device_start": 1585629770.1731305, "device_end": 1585629770.1746104}, "cmdq": 0, "read": {"device_start": -1, "device_end": -1}}, "FFC_sans_bias74": {"write": {"device_start": 1585629770.1514015, "host_queued_start": 1585629836.698023, "device_queued": 1585629770.1447573, "device_end": 1585629770.1514282, "host_queued_end": 1585629836.751889}, "device": "gpu", "nd_range": {"device_start": 1585629770.1514328, "device_end": 1585629770.1532085}, "cmdq": 2, "read": {"device_start": -1, "device_end": -1}}, "coalesced_transpose102": {"write": {"device_start": -1, "host_queued_start": 1585629836.72317, "device_queued": -1, "device_end": -1, "host_queued_end": 1585629836.751889}, "device": "gpu", "nd_range": {"device_start": 1585629770.1720123, "device_end": 1585629770.1720555}, "cmdq": 1, "read": {"device_start": -1, "device_end": -1}}, "coalesced_transpose3": {"write": {"device_start": -1, "host_queued_start": 1585629836.76354, "device_queued": -1, "device_end": -1, "host_queued_end": 1585629836.768377}, "device": "cpu", "nd_range": {"device_start": 2297610.9770350573, "device_end": 2297610.97727483}, "cmdq": 0, "read": {"device_start": -1, "device_end": -1}}, "FFC_sans_bias127": {"write": {"device_start": 1585629770.1687098, "host_queued_start": 1585629836.716924, "device_queued": 1585629770.1466873, "device_end": 1585629770.168737, "host_queued_end": 1585629836.751889}, "device": "gpu", "nd_range": {"device_start": 1585629770.168746, "device_end": 1585629770.170586}, "cmdq": 0, "read": {"device_start": -1, "device_end": -1}}, "empty89": {"write": {"device_start": 1585629770.1421034, "host_queued_start": 1585629836.670849, "device_queued": 1585629770.14176, "device_end": 1585629770.1421692, "host_queued_end": 1585629836.751889}, "device": "gpu", "nd_range": {"device_start": 1585629770.142174, "device_end": 1585629770.1421826}, "cmdq": 3, "read": {"device_start": -1, "device_end": -1}}, "FFC_sans_bias123": {"write": {"device_start": -1, "host_queued_start": 1585629836.736334, "device_queued": -1, "device_end": -1, "host_queued_end": 1585629836.751889}, "device": "gpu", "nd_range": {"device_start": 1585629770.1829872, "device_end": 1585629770.1848679}, "cmdq": 1, "read": {"device_start": -1, "device_end": -1}}, "empty80": {"write": {"device_start": 1585629770.1419966, "host_queued_start": 1585629836.669991, "device_queued": 1585629770.1417475, "device_end": 1585629770.142062, "host_queued_end": 1585629836.751889}, "device": "gpu", "nd_range": {"device_start": 1585629770.1420665, "device_end": 1585629770.1420724}, "cmdq": 2, "read": {"device_start": -1, "device_end": -1}}, "empty116": {"write": {"device_start": 1585629770.142413, "host_queued_start": 1585629836.673296, "device_queued": 1585629770.1420324, "device_end": 1585629770.1424453, "host_queued_end": 1585629836.751889}, "device": "gpu", "nd_range": {"device_start": 1585629770.1424506, "device_end": 1585629770.1424575}, "cmdq": 2, "read": {"device_start": -1, "device_end": -1}}, "softmax104": {"write": {"device_start": -1, "host_queued_start": 1585629836.731473, "device_queued": -1, "device_end": -1, "host_queued_end": 1585629836.751889}, "device": "gpu", "nd_range": {"device_start": 1585629770.1792197, "device_end": 1585629770.1794262}, "cmdq": 1, "read": {"device_start": -1, "device_end": -1}}, "coalesced_transpose21": {"write": {"device_start": -1, "host_queued_start": 1585629836.720402, "device_queued": -1, "device_end": -1, "host_queued_end": 1585629836.751889}, "device": "gpu", "nd_range": {"device_start": 1585629770.1705885, "device_end": 1585629770.1719456}, "cmdq": 0, "read": {"device_start": -1, "device_end": -1}}, "softmax14": {"write": {"device_start": -1, "host_queued_start": 1585629836.765287, "device_queued": -1, "device_end": -1, "host_queued_end": 1585629836.768377}, "device": "cpu", "nd_range": {"device_start": 2297610.9949533613, "device_end": 2297610.995161363}, "cmdq": 1, "read": {"device_start": -1, "device_end": -1}}, "FFC_sans_bias69": {"write": {"device_start": -1, "host_queued_start": 1585629836.734408, "device_queued": -1, "device_end": -1, "host_queued_end": 1585629836.751889}, "device": "gpu", "nd_range": {"device_start": 1585629770.1824822, "device_end": 1585629770.1844282}, "cmdq": 3, "read": {"device_start": -1, "device_end": -1}}, "FFC_sans_bias92": {"write": {"device_start": 1585629770.1542673, "host_queued_start": 1585629836.704309, "device_queued": 1585629770.1453857, "device_end": 1585629770.154293, "host_queued_end": 1585629836.751889}, "device": "gpu", "nd_range": {"device_start": 1585629770.154297, "device_end": 1585629770.1561115}, "cmdq": 0, "read": {"device_start": -1, "device_end": -1}}, "FFC_sans_bias60": {"write": {"device_start": -1, "host_queued_start": 1585629836.73409, "device_queued": -1, "device_end": -1, "host_queued_end": 1585629836.751889}, "device": "gpu", "nd_range": {"device_start": 1585629770.180092, "device_end": 1585629770.1814692}, "cmdq": 2, "read": {"device_start": -1, "device_end": -1}}, "FFC_sans_bias61": {"write": {"device_start": 1585629770.186039, "host_queued_start": 1585629836.742245, "device_queued": 1585629770.1510184, "device_end": 1585629770.1860647, "host_queued_end": 1585629836.751889}, "device": "gpu", "nd_range": {"device_start": 1585629770.186086, "device_end": 1585629770.187795}, "cmdq": 0, "read": {"device_start": 1585629770.187806, "device_end": 1585629770.1878312}}, "FFC_sans_bias63": {"write": {"device_start": 1585629770.1499364, "host_queued_start": 1585629836.694866, "device_queued": 1585629770.1443117, "device_end": 1585629770.1499684, "host_queued_end": 1585629836.751889}, "device": "gpu", "nd_range": {"device_start": 1585629770.1499748, "device_end": 1585629770.1517234}, "cmdq": 3, "read": {"device_start": -1, "device_end": -1}}, "FFC_sans_bias64": {"write": {"device_start": 1585629770.148997, "host_queued_start": 1585629836.69277, "device_queued": 1585629770.144267, "device_end": 1585629770.14903, "host_queued_end": 1585629836.751889}, "device": "gpu", "nd_range": {"device_start": 1585629770.149036, "device_end": 1585629770.1507611}, "cmdq": 1, "read": {"device_start": -1, "device_end": -1}}, "FFC_sans_bias65": {"write": {"device_start": 1585629770.1494427, "host_queued_start": 1585629836.693821, "device_queued": 1585629770.1442971, "device_end": 1585629770.1494746, "host_queued_end": 1585629836.751889}, "device": "gpu", "nd_range": {"device_start": 1585629770.149482, "device_end": 1585629770.1512816}, "cmdq": 2, "read": {"device_start": -1, "device_end": -1}}, "FFC_sans_bias67": {"write": {"device_start": -1, "host_queued_start": 1585629836.726396, "device_queued": -1, "device_end": -1, "host_queued_end": 1585629836.751889}, "device": "gpu", "nd_range": {"device_start": 1585629770.1751268, "device_end": 1585629770.1770654}, "cmdq": 3, "read": {"device_start": -1, "device_end": -1}}, "coalesced_transpose111": {"write": {"device_start": -1, "host_queued_start": 1585629836.723473, "device_queued": -1, "device_end": -1, "host_queued_end": 1585629836.751889}, "device": "gpu", "nd_range": {"device_start": 1585629770.1720362, "device_end": 1585629770.1720624}, "cmdq": 2, "read": {"device_start": -1, "device_end": -1}}, "FFC_sans_bias136": {"write": {"device_start": 1585629770.1692898, "host_queued_start": 1585629836.717983, "device_queued": 1585629770.1468554, "device_end": 1585629770.169315, "host_queued_end": 1585629836.751889}, "device": "gpu", "nd_range": {"device_start": 1585629770.1693254, "device_end": 1585629770.1711185}, "cmdq": 1, "read": {"device_start": -1, "device_end": -1}}, "FFC_sans_bias135": {"write": {"device_start": 1585629770.1702433, "host_queued_start": 1585629836.720064, "device_queued": 1585629770.1469097, "device_end": 1585629770.1702688, "host_queued_end": 1585629836.751889}, "device": "gpu", "nd_range": {"device_start": 1585629770.1702774, "device_end": 1585629770.1720417}, "cmdq": 3, "read": {"device_start": -1, "device_end": -1}}, "FFC_sans_bias133": {"write": {"device_start": 1585629770.1893644, "host_queued_start": 1585629836.750746, "device_queued": 1585629770.1520512, "device_end": 1585629770.189389, "host_queued_end": 1585629836.751889}, "device": "gpu", "nd_range": {"device_start": 1585629770.1894073, "device_end": 1585629770.191147}, "cmdq": 0, "read": {"device_start": 1585629770.1911547, "device_end": 1585629770.191178}}, "FFC_sans_bias132": {"write": {"device_start": -1, "host_queued_start": 1585629836.736653, "device_queued": -1, "device_end": -1, "host_queued_end": 1585629836.751889}, "device": "gpu", "nd_range": {"device_start": 1585629770.183469, "device_end": 1585629770.1854064}, "cmdq": 2, "read": {"device_start": -1, "device_end": -1}}, "softmax68": {"write": {"device_start": -1, "host_queued_start": 1585629836.73047, "device_queued": -1, "device_end": -1, "host_queued_end": 1585629836.751889}, "device": "gpu", "nd_range": {"device_start": 1585629770.178987, "device_end": 1585629770.1791997}, "cmdq": 1, "read": {"device_start": -1, "device_end": -1}}, "softmax131": {"write": {"device_start": -1, "host_queued_start": 1585629836.732211, "device_queued": -1, "device_end": -1, "host_queued_end": 1585629836.751889}, "device": "gpu", "nd_range": {"device_start": 1585629770.1792676, "device_end": 1585629770.179472}, "cmdq": 0, "read": {"device_start": -1, "device_end": -1}}, "empty125": {"write": {"device_start": 1585629770.1425216, "host_queued_start": 1585629836.67411, "device_queued": 1585629770.1420522, "device_end": 1585629770.1425893, "host_queued_end": 1585629836.751889}, "device": "gpu", "nd_range": {"device_start": 1585629770.1425958, "device_end": 1585629770.1426024}, "cmdq": 3, "read": {"device_start": -1, "device_end": -1}}, "FFC_sans_bias139": {"write": {"device_start": -1, "host_queued_start": 1585629836.728962, "device_queued": -1, "device_end": -1, "host_queued_end": 1585629836.751889}, "device": "gpu", "nd_range": {"device_start": 1585629770.1784787, "device_end": 1585629770.1790805}, "cmdq": 3, "read": {"device_start": -1, "device_end": -1}}, "empty35": {"write": {"device_start": 1585629770.1414573, "host_queued_start": 1585629836.665811, "device_queued": 1585629770.141354, "device_end": 1585629770.1415231, "host_queued_end": 1585629836.751889}, "device": "gpu", "nd_range": {"device_start": 1585629770.1415308, "device_end": 1585629770.1415374}, "cmdq": 1, "read": {"device_start": -1, "device_end": -1}}, "softmax86": {"write": {"device_start": -1, "host_queued_start": 1585629836.730973, "device_queued": -1, "device_end": -1, "host_queued_end": 1585629836.751889}, "device": "gpu", "nd_range": {"device_start": 1585629770.179327, "device_end": 1585629770.1795852}, "cmdq": 3, "read": {"device_start": -1, "device_end": -1}}, "FFC_sans_bias55": {"write": {"device_start": 1585629770.148464, "host_queued_start": 1585629836.691721, "device_queued": 1585629770.1440544, "device_end": 1585629770.1484954, "host_queued_end": 1585629836.751889}, "device": "gpu", "nd_range": {"device_start": 1585629770.1485014, "device_end": 1585629770.1503112}, "cmdq": 0, "read": {"device_start": -1, "device_end": -1}}, "FFC_sans_bias54": {"write": {"device_start": 1585629770.1480966, "host_queued_start": 1585629836.690681, "device_queued": 1585629770.1438518, "device_end": 1585629770.148128, "host_queued_end": 1585629836.751889}, "device": "gpu", "nd_range": {"device_start": 1585629770.1481342, "device_end": 1585629770.1498134}, "cmdq": 3, "read": {"device_start": -1, "device_end": -1}}, "FFC_sans_bias56": {"write": {"device_start": 1585629770.1475883, "host_queued_start": 1585629836.689634, "device_queued": 1585629770.1438363, "device_end": 1585629770.1476197, "host_queued_end": 1585629836.751889}, "device": "gpu", "nd_range": {"device_start": 1585629770.1476274, "device_end": 1585629770.149328}, "cmdq": 2, "read": {"device_start": -1, "device_end": -1}}, "FFC_sans_bias51": {"write": {"device_start": -1, "host_queued_start": 1585629836.733774, "device_queued": -1, "device_end": -1, "host_queued_end": 1585629836.751889}, "device": "gpu", "nd_range": {"device_start": 1585629770.1798398, "device_end": 1585629770.1810486}, "cmdq": 1, "read": {"device_start": -1, "device_end": -1}}, "FFC_sans_bias52": {"write": {"device_start": 1585629770.1883225, "host_queued_start": 1585629836.741182, "device_queued": 1585629770.1506605, "device_end": 1585629770.1883483, "host_queued_end": 1585629836.751889}, "device": "gpu", "nd_range": {"device_start": 1585629770.1883671, "device_end": 1585629770.1897414}, "cmdq": 3, "read": {"device_start": 1585629770.1897469, "device_end": 1585629770.189771}}, "FFC_sans_bias58": {"write": {"device_start": -1, "host_queued_start": 1585629836.726077, "device_queued": -1, "device_end": -1, "host_queued_end": 1585629836.751889}, "device": "gpu", "nd_range": {"device_start": 1585629770.1727195, "device_end": 1585629770.1741142}, "cmdq": 2, "read": {"device_start": -1, "device_end": -1}}, "FFC_sans_bias108": {"write": {"device_start": 1585629770.1562238, "host_queued_start": 1585629836.708528, "device_queued": 1585629770.1458344, "device_end": 1585629770.156256, "host_queued_end": 1585629836.751889}, "device": "gpu", "nd_range": {"device_start": 1585629770.1562657, "device_end": 1585629770.158033}, "cmdq": 0, "read": {"device_start": -1, "device_end": -1}}, "FFC_sans_bias109": {"write": {"device_start": 1585629770.1566763, "host_queued_start": 1585629836.709584, "device_queued": 1585629770.1460161, "device_end": 1585629770.1567075, "host_queued_end": 1585629836.751889}, "device": "gpu", "nd_range": {"device_start": 1585629770.1567125, "device_end": 1585629770.158505}, "cmdq": 1, "read": {"device_start": -1, "device_end": -1}}, "coalesced_transpose129": {"write": {"device_start": -1, "host_queued_start": 1585629836.724079, "device_queued": -1, "device_end": -1, "host_queued_end": 1585629836.751889}, "device": "gpu", "nd_range": {"device_start": 1585629770.1720495, "device_end": 1585629770.172108}, "cmdq": 0, "read": {"device_start": -1, "device_end": -1}}, "FFC_sans_bias103": {"write": {"device_start": -1, "host_queued_start": 1585629836.727687, "device_queued": -1, "device_end": -1, "host_queued_end": 1585629836.751889}, "device": "gpu", "nd_range": {"device_start": 1585629770.177086, "device_end": 1585629770.1784575}, "cmdq": 3, "read": {"device_start": -1, "device_end": -1}}, "FFC_sans_bias100": {"write": {"device_start": 1585629770.155227, "host_queued_start": 1585629836.706399, "device_queued": 1585629770.1455839, "device_end": 1585629770.1552522, "host_queued_end": 1585629836.751889}, "device": "gpu", "nd_range": {"device_start": 1585629770.1552596, "device_end": 1585629770.1570857}, "cmdq": 2, "read": {"device_start": -1, "device_end": -1}}, "FFC_sans_bias101": {"write": {"device_start": 1585629770.1557148, "host_queued_start": 1585629836.70746, "device_queued": 1585629770.1456058, "device_end": 1585629770.1557457, "host_queued_end": 1585629836.751889}, "device": "gpu", "nd_range": {"device_start": 1585629770.155754, "device_end": 1585629770.157536}, "cmdq": 3, "read": {"device_start": -1, "device_end": -1}}, "FFC_sans_bias106": {"write": {"device_start": 1585629770.1903493, "host_queued_start": 1585629836.747588, "device_queued": 1585629770.1516888, "device_end": 1585629770.1903746, "host_queued_end": 1585629836.751889}, "device": "gpu", "nd_range": {"device_start": 1585629770.1903927, "device_end": 1585629770.192121}, "cmdq": 1, "read": {"device_start": 1585629770.1921246, "device_end": 1585629770.1921492}}, "softmax122": {"write": {"device_start": -1, "host_queued_start": 1585629836.731965, "device_queued": -1, "device_end": -1, "host_queued_end": 1585629836.751889}, "device": "gpu", "nd_range": {"device_start": 1585629770.179604, "device_end": 1585629770.180714}, "cmdq": 3, "read": {"device_start": -1, "device_end": -1}}, "FFC_sans_bias105": {"write": {"device_start": -1, "host_queued_start": 1585629836.735694, "device_queued": -1, "device_end": -1, "host_queued_end": 1585629836.751889}, "device": "gpu", "nd_range": {"device_start": 1585629770.1844463, "device_end": 1585629770.1863728}, "cmdq": 3, "read": {"device_start": -1, "device_end": -1}}, "softmax95": {"write": {"device_start": -1, "host_queued_start": 1585629836.731223, "device_queued": -1, "device_end": -1, "host_queued_end": 1585629836.751889}, "device": "gpu", "nd_range": {"device_start": 1585629770.1790383, "device_end": 1585629770.179249}, "cmdq": 0, "read": {"device_start": -1, "device_end": -1}}, "coalesced_transpose57": {"write": {"device_start": -1, "host_queued_start": 1585629836.721637, "device_queued": -1, "device_end": -1, "host_queued_end": 1585629836.751889}, "device": "gpu", "nd_range": {"device_start": 1585629770.1719465, "device_end": 1585629770.1719782}, "cmdq": 0, "read": {"device_start": -1, "device_end": -1}}, "empty26": {"write": {"device_start": 1585629770.1412945, "host_queued_start": 1585629836.664684, "device_queued": 1585629770.141157, "device_end": 1585629770.141324, "host_queued_end": 1585629836.751889}, "device": "gpu", "nd_range": {"device_start": 1585629770.141337, "device_end": 1585629770.141349}, "cmdq": 0, "read": {"device_start": -1, "device_end": -1}}, "softmax113": {"write": {"device_start": -1, "host_queued_start": 1585629836.731721, "device_queued": -1, "device_end": -1, "host_queued_end": 1585629836.751889}, "device": "gpu", "nd_range": {"device_start": 1585629770.1792436, "device_end": 1585629770.179449}, "cmdq": 2, "read": {"device_start": -1, "device_end": -1}}, "FFC_sans_bias11": {"write": {"device_start": -1, "host_queued_start": 1585629836.763189, "device_queued": -1, "device_end": -1, "host_queued_end": 1585629836.768377}, "device": "cpu", "nd_range": {"device_start": 2297610.973565918, "device_end": 2297610.982107574}, "cmdq": 3, "read": {"device_start": -1, "device_end": -1}}, "FFC_sans_bias42": {"write": {"device_start": -1, "host_queued_start": 1585629836.733456, "device_queued": -1, "device_end": -1, "host_queued_end": 1585629836.751889}, "device": "gpu", "nd_range": {"device_start": 1585629770.1794908, "device_end": 1585629770.1804726}, "cmdq": 0, "read": {"device_start": -1, "device_end": -1}}, "FFC_sans_bias43": {"write": {"device_start": 1585629770.1854885, "host_queued_start": 1585629836.740141, "device_queued": 1585629770.1506357, "device_end": 1585629770.185514, "host_queued_end": 1585629836.751889}, "device": "gpu", "nd_range": {"device_start": 1585629770.1855335, "device_end": 1585629770.187278}, "cmdq": 2, "read": {"device_start": 1585629770.187282, "device_end": 1585629770.1873074}}, "FFC_sans_bias40": {"write": {"device_start": -1, "host_queued_start": 1585629836.725436, "device_queued": -1, "device_end": -1, "host_queued_end": 1585629836.751889}, "device": "gpu", "nd_range": {"device_start": 1585629770.1721323, "device_end": 1585629770.1731093}, "cmdq": 0, "read": {"device_start": -1, "device_end": -1}}, "FFC_sans_bias46": {"write": {"device_start": 1585629770.1465137, "host_queued_start": 1585629836.687376, "device_queued": 1585629770.1435997, "device_end": 1585629770.146544, "host_queued_end": 1585629836.751889}, "device": "gpu", "nd_range": {"device_start": 1585629770.1465495, "device_end": 1585629770.148357}, "cmdq": 0, "read": {"device_start": -1, "device_end": -1}}, "FFC_sans_bias47": {"write": {"device_start": 1585629770.147016, "host_queued_start": 1585629836.688561, "device_queued": 1585629770.1437986, "device_end": 1585629770.1470418, "host_queued_end": 1585629836.751889}, "device": "gpu", "nd_range": {"device_start": 1585629770.1470454, "device_end": 1585629770.148867}, "cmdq": 1, "read": {"device_start": -1, "device_end": -1}}, "FFC_sans_bias45": {"write": {"device_start": 1585629770.1460545, "host_queued_start": 1585629836.686284, "device_queued": 1585629770.1433997, "device_end": 1585629770.1460795, "host_queued_end": 1585629836.751889}, "device": "gpu", "nd_range": {"device_start": 1585629770.1460845, "device_end": 1585629770.147896}, "cmdq": 3, "read": {"device_start": -1, "device_end": -1}}, "FFC_sans_bias49": {"write": {"device_start": -1, "host_queued_start": 1585629836.725755, "device_queued": -1, "device_end": -1, "host_queued_end": 1585629836.751889}, "device": "gpu", "nd_range": {"device_start": 1585629770.1721609, "device_end": 1585629770.1736612}, "cmdq": 1, "read": {"device_start": -1, "device_end": -1}}, "softmax77": {"write": {"device_start": -1, "host_queued_start": 1585629836.730726, "device_queued": -1, "device_end": -1, "host_queued_end": 1585629836.751889}, "device": "gpu", "nd_range": {"device_start": 1585629770.1790104, "device_end": 1585629770.1792243}, "cmdq": 2, "read": {"device_start": -1, "device_end": -1}}, "empty134": {"write": {"device_start": 1585629770.1426284, "host_queued_start": 1585629836.674952, "device_queued": 1585629770.1422904, "device_end": 1585629770.1426914, "host_queued_end": 1585629836.751889}, "device": "gpu", "nd_range": {"device_start": 1585629770.142698, "device_end": 1585629770.1427047}, "cmdq": 0, "read": {"device_start": -1, "device_end": -1}}, "coalesced_transpose138": {"write": {"device_start": -1, "host_queued_start": 1585629836.724382, "device_queued": -1, "device_end": -1, "host_queued_end": 1585629836.751889}, "device": "gpu", "nd_range": {"device_start": 1585629770.1720564, "device_end": 1585629770.172138}, "cmdq": 1, "read": {"device_start": -1, "device_end": -1}}, "FFC_sans_bias119": {"write": {"device_start": 1585629770.1677384, "host_queued_start": 1585629836.713759, "device_queued": 1585629770.1463823, "device_end": 1585629770.167795, "host_queued_end": 1585629836.751889}, "device": "gpu", "nd_range": {"device_start": 1585629770.1678085, "device_end": 1585629770.169199}, "cmdq": 1, "read": {"device_start": -1, "device_end": -1}}, "FFC_sans_bias118": {"write": {"device_start": 1585629770.1676364, "host_queued_start": 1585629836.712717, "device_queued": 1585629770.146246, "device_end": 1585629770.1676984, "host_queued_end": 1585629836.751889}, "device": "gpu", "nd_range": {"device_start": 1585629770.1677153, "device_end": 1585629770.1686099}, "cmdq": 0, "read": {"device_start": -1, "device_end": -1}}, "empty143": {"write": {"device_start": 1585629770.1427436, "host_queued_start": 1585629836.675767, "device_queued": 1585629770.1423316, "device_end": 1585629770.142821, "host_queued_end": 1585629836.751889}, "device": "gpu", "nd_range": {"device_start": 1585629770.1428268, "device_end": 1585629770.1428413}, "cmdq": 1, "read": {"device_start": -1, "device_end": -1}}, "FFC_sans_bias115": {"write": {"device_start": 1585629770.1889367, "host_queued_start": 1585629836.748634, "device_queued": 1585629770.15172, "device_end": 1585629770.188962, "host_queued_end": 1585629836.751889}, "device": "gpu", "nd_range": {"device_start": 1585629770.188982, "device_end": 1585629770.1907027}, "cmdq": 2, "read": {"device_start": 1585629770.1907058, "device_end": 1585629770.1907296}}, "FFC_sans_bias114": {"write": {"device_start": -1, "host_queued_start": 1585629836.736011, "device_queued": -1, "device_end": -1, "host_queued_end": 1585629836.751889}, "device": "gpu", "nd_range": {"device_start": 1585629770.1820378, "device_end": 1585629770.1839108}, "cmdq": 0, "read": {"device_start": -1, "device_end": -1}}, "FFC_sans_bias117": {"write": {"device_start": 1585629770.1675153, "host_queued_start": 1585629836.711679, "device_queued": 1585629770.1460626, "device_end": 1585629770.1675858, "host_queued_end": 1585629836.751889}, "device": "gpu", "nd_range": {"device_start": 1585629770.1675994, "device_end": 1585629770.1682074}, "cmdq": 3, "read": {"device_start": -1, "device_end": -1}}, "softmax5": {"write": {"device_start": -1, "host_queued_start": 1585629836.764919, "device_queued": -1, "device_end": -1, "host_queued_end": 1585629836.768377}, "device": "cpu", "nd_range": {"device_start": 2297610.9923197543, "device_end": 2297610.992573442}, "cmdq": 0, "read": {"device_start": -1, "device_end": -1}}, "FFC_sans_bias110": {"write": {"device_start": 1585629770.1572077, "host_queued_start": 1585629836.710638, "device_queued": 1585629770.146045, "device_end": 1585629770.1572416, "host_queued_end": 1585629836.751889}, "device": "gpu", "nd_range": {"device_start": 1585629770.1572466, "device_end": 1585629770.1589859}, "cmdq": 2, "read": {"device_start": -1, "device_end": -1}}, "FFC_sans_bias112": {"write": {"device_start": -1, "host_queued_start": 1585629836.728005, "device_queued": -1, "device_end": -1, "host_queued_end": 1585629836.751889}, "device": "gpu", "nd_range": {"device_start": 1585629770.1746314, "device_end": 1585629770.1765172}, "cmdq": 0, "read": {"device_start": -1, "device_end": -1}}, "empty53": {"write": {"device_start": 1585629770.1416795, "host_queued_start": 1585629836.667532, "device_queued": 1585629770.1413982, "device_end": 1585629770.141741, "host_queued_end": 1585629836.751889}, "device": "gpu", "nd_range": {"device_start": 1585629770.1417465, "device_end": 1585629770.1417506}, "cmdq": 3, "read": {"device_start": -1, "device_end": -1}}, "coalesced_transpose48": {"write": {"device_start": -1, "host_queued_start": 1585629836.721332, "device_queued": -1, "device_end": -1, "host_queued_end": 1585629836.751889}, "device": "gpu", "nd_range": {"device_start": 1585629770.1720428, "device_end": 1585629770.1720893}, "cmdq": 3, "read": {"device_start": -1, "device_end": -1}}}