{"FFC_sans_bias4": {"write": {"device_start": -1, "host_queued_start": 1585629616.380467, "device_queued": -1, "device_end": -1, "host_queued_end": 1585629616.408063}, "device": "cpu", "nd_range": {"device_start": 2297390.762897939, "device_end": 2297390.771898541}, "cmdq": 2, "read": {"device_start": -1, "device_end": -1}}, "FFC_sans_bias7": {"write": {"device_start": -1, "host_queued_start": 1585629616.394958, "device_queued": -1, "device_end": -1, "host_queued_end": 1585629616.408063}, "device": "cpu", "nd_range": {"device_start": 2297390.898170362, "device_end": 2297390.913571583}, "cmdq": 0, "read": {"device_start": -1, "device_end": -1}}, "FFC_sans_bias6": {"write": {"device_start": -1, "host_queued_start": 1585629616.38935, "device_queued": -1, "device_end": -1, "host_queued_end": 1585629616.408063}, "device": "cpu", "nd_range": {"device_start": 2297390.864303667, "device_end": 2297390.8805880314}, "cmdq": 2, "read": {"device_start": -1, "device_end": -1}}, "FFC_sans_bias1": {"write": {"device_start": -1, "host_queued_start": 1585629616.332657, "device_queued": -1, "device_end": -1, "host_queued_end": 1585629616.408063}, "device": "cpu", "nd_range": {"device_start": 2297390.5977600412, "device_end": 2297390.615390561}, "cmdq": 3, "read": {"device_start": -1, "device_end": -1}}, "FFC_sans_bias0": {"write": {"device_start": -1, "host_queued_start": 1585629616.331608, "device_queued": -1, "device_end": -1, "host_queued_end": 1585629616.408063}, "device": "cpu", "nd_range": {"device_start": 2297390.597773475, "device_end": 2297390.6146167503}, "cmdq": 2, "read": {"device_start": -1, "device_end": -1}}, "FFC_sans_bias2": {"write": {"device_start": -1, "host_queued_start": 1585629616.333718, "device_queued": -1, "device_end": -1, "host_queued_end": 1585629616.408063}, "device": "cpu", "nd_range": {"device_start": 2297390.598997381, "device_end": 2297390.615750532}, "cmdq": 0, "read": {"device_start": -1, "device_end": -1}}, "coalesced_transpose120": {"write": {"device_start": -1, "host_queued_start": 1585629616.380123, "device_queued": -1, "device_end": -1, "host_queued_end": 1585629616.408063}, "device": "cpu", "nd_range": {"device_start": 2297390.7655630303, "device_end": 2297390.765803148}, "cmdq": 1, "read": {"device_start": -1, "device_end": -1}}, "FFC_sans_bias9": {"write": {"device_start": -1, "host_queued_start": 1585629616.334802, "device_queued": -1, "device_end": -1, "host_queued_end": 1585629616.408063}, "device": "cpu", "nd_range": {"device_start": 2297390.598989493, "device_end": 2297390.6152669364}, "cmdq": 1, "read": {"device_start": -1, "device_end": -1}}, "empty71": {"write": {"device_start": -1, "host_queued_start": 1585629616.325568, "device_queued": -1, "device_end": -1, "host_queued_end": 1585629616.408063}, "device": "cpu", "nd_range": {"device_start": 2297390.597749122, "device_end": 2297390.5977497213}, "cmdq": 3, "read": {"device_start": -1, "device_end": -1}}, "softmax41": {"write": {"device_start": -1, "host_queued_start": 1585629616.386512, "device_queued": -1, "device_end": -1, "host_queued_end": 1585629616.408063}, "device": "cpu", "nd_range": {"device_start": 2297390.84712628, "device_end": 2297390.847346949}, "cmdq": 0, "read": {"device_start": -1, "device_end": -1}}, "FFC_sans_bias37": {"write": {"device_start": -1, "host_queued_start": 1585629616.345538, "device_queued": -1, "device_end": -1, "host_queued_end": 1585629616.408063}, "device": "cpu", "nd_range": {"device_start": 2297390.679547125, "device_end": 2297390.703232}, "cmdq": 3, "read": {"device_start": -1, "device_end": -1}}, "FFC_sans_bias36": {"write": {"device_start": -1, "host_queued_start": 1585629616.344483, "device_queued": -1, "device_end": -1, "host_queued_end": 1585629616.408063}, "device": "cpu", "nd_range": {"device_start": 2297390.645470525, "device_end": 2297390.660629802}, "cmdq": 2, "read": {"device_start": -1, "device_end": -1}}, "FFC_sans_bias34": {"write": {"device_start": -1, "host_queued_start": 1585629616.39803, "device_queued": -1, "device_end": -1, "host_queued_end": 1585629616.408063}, "device": "cpu", "nd_range": {"device_start": 2297390.9754544003, "device_end": 2297390.982212331}, "cmdq": 3, "read": {"device_start": -1, "device_end": -1}}, "FFC_sans_bias33": {"write": {"device_start": -1, "host_queued_start": 1585629616.390386, "device_queued": -1, "device_end": -1, "host_queued_end": 1585629616.408063}, "device": "cpu", "nd_range": {"device_start": 2297390.916991991, "device_end": 2297390.932256509}, "cmdq": 1, "read": {"device_start": -1, "device_end": -1}}, "FFC_sans_bias31": {"write": {"device_start": -1, "host_queued_start": 1585629616.381509, "device_queued": -1, "device_end": -1, "host_queued_end": 1585629616.408063}, "device": "cpu", "nd_range": {"device_start": 2297390.818429997, "device_end": 2297390.8338569463}, "cmdq": 1, "read": {"device_start": -1, "device_end": -1}}, "FFC_sans_bias38": {"write": {"device_start": -1, "host_queued_start": 1585629616.346634, "device_queued": -1, "device_end": -1, "host_queued_end": 1585629616.408063}, "device": "cpu", "nd_range": {"device_start": 2297390.647633063, "device_end": 2297390.663479106}, "cmdq": 0, "read": {"device_start": -1, "device_end": -1}}, "coalesced_transpose75": {"write": {"device_start": -1, "host_queued_start": 1585629616.378453, "device_queued": -1, "device_end": -1, "host_queued_end": 1585629616.408063}, "device": "cpu", "nd_range": {"device_start": 2297390.7758866623, "device_end": 2297390.7761310684}, "cmdq": 0, "read": {"device_start": -1, "device_end": -1}}, "softmax140": {"write": {"device_start": -1, "host_queued_start": 1585629616.315091, "device_queued": -1, "device_end": -1, "host_queued_end": 1585629616.317894}, "device": "gpu", "nd_range": {"device_start": 1585629549.717396, "device_end": 1585629549.717586}, "cmdq": 1, "read": {"device_start": -1, "device_end": -1}}, "empty44": {"write": {"device_start": -1, "host_queued_start": 1585629616.322943, "device_queued": -1, "device_end": -1, "host_queued_end": 1585629616.408063}, "device": "cpu", "nd_range": {"device_start": 2297390.598976726, "device_end": 2297390.5989798224}, "cmdq": 0, "read": {"device_start": -1, "device_end": -1}}, "FFC_sans_bias137": {"write": {"device_start": 1585629549.714497, "host_queued_start": 1585629616.312252, "device_queued": 1585629549.7135599, "device_end": 1585629549.7145233, "host_queued_end": 1585629616.317894}, "device": "gpu", "nd_range": {"device_start": 1585629549.714527, "device_end": 1585629549.7159135}, "cmdq": 0, "read": {"device_start": -1, "device_end": -1}}, "empty8": {"write": {"device_start": -1, "host_queued_start": 1585629616.319249, "device_queued": -1, "device_end": -1, "host_queued_end": 1585629616.408063}, "device": "cpu", "nd_range": {"device_start": 2297390.597683016, "device_end": 2297390.5976936202}, "cmdq": 0, "read": {"device_start": -1, "device_end": -1}}, "softmax50": {"write": {"device_start": -1, "host_queued_start": 1585629616.386798, "device_queued": -1, "device_end": -1, "host_queued_end": 1585629616.408063}, "device": "cpu", "nd_range": {"device_start": 2297390.866069523, "device_end": 2297390.8662810223}, "cmdq": 1, "read": {"device_start": -1, "device_end": -1}}, "softmax59": {"write": {"device_start": -1, "host_queued_start": 1585629616.387074, "device_queued": -1, "device_end": -1, "host_queued_end": 1585629616.408063}, "device": "cpu", "nd_range": {"device_start": 2297390.863858866, "device_end": 2297390.864078855}, "cmdq": 2, "read": {"device_start": -1, "device_end": -1}}, "FFC_sans_bias142": {"write": {"device_start": 1585629549.7183273, "host_queued_start": 1585629616.317792, "device_queued": 1585629549.714227, "device_end": 1585629549.7183576, "host_queued_end": 1585629616.317894}, "device": "gpu", "nd_range": {"device_start": 1585629549.7188141, "device_end": 1585629549.719779}, "cmdq": 2, "read": {"device_start": 1585629549.7197802, "device_end": 1585629549.719803}}, "FFC_sans_bias141": {"write": {"device_start": -1, "host_queued_start": 1585629616.315715, "device_queued": -1, "device_end": -1, "host_queued_end": 1585629616.317894}, "device": "gpu", "nd_range": {"device_start": 1585629549.7182033, "device_end": 1585629549.7188094}, "cmdq": 0, "read": {"device_start": -1, "device_end": -1}}, "FFC_sans_bias24": {"write": {"device_start": -1, "host_queued_start": 1585629616.390041, "device_queued": -1, "device_end": -1, "host_queued_end": 1585629616.408063}, "device": "cpu", "nd_range": {"device_start": 2297390.847791204, "device_end": 2297390.86385104}, "cmdq": 0, "read": {"device_start": -1, "device_end": -1}}, "FFC_sans_bias25": {"write": {"device_start": -1, "host_queued_start": 1585629616.397033, "device_queued": -1, "device_end": -1, "host_queued_end": 1585629616.408063}, "device": "cpu", "nd_range": {"device_start": 2297390.928226843, "device_end": 2297390.9449861953}, "cmdq": 2, "read": {"device_start": -1, "device_end": -1}}, "FFC_sans_bias27": {"write": {"device_start": -1, "host_queued_start": 1585629616.341214, "device_queued": -1, "device_end": -1, "host_queued_end": 1585629616.408063}, "device": "cpu", "nd_range": {"device_start": 2297390.6489394642, "device_end": 2297390.6712446283}, "cmdq": 3, "read": {"device_start": -1, "device_end": -1}}, "FFC_sans_bias20": {"write": {"device_start": -1, "host_queued_start": 1585629616.340152, "device_queued": -1, "device_end": -1, "host_queued_end": 1585629616.408063}, "device": "cpu", "nd_range": {"device_start": 2297390.630119407, "device_end": 2297390.645347168}, "cmdq": 2, "read": {"device_start": -1, "device_end": -1}}, "FFC_sans_bias22": {"write": {"device_start": -1, "host_queued_start": 1585629616.381164, "device_queued": -1, "device_end": -1, "host_queued_end": 1585629616.408063}, "device": "cpu", "nd_range": {"device_start": 2297390.799952617, "device_end": 2297390.815493674}, "cmdq": 0, "read": {"device_start": -1, "device_end": -1}}, "FFC_sans_bias130": {"write": {"device_start": -1, "host_queued_start": 1585629616.31424, "device_queued": -1, "device_end": -1, "host_queued_end": 1585629616.317894}, "device": "gpu", "nd_range": {"device_start": 1585629549.7163763, "device_end": 1585629549.7169816}, "cmdq": 1, "read": {"device_start": -1, "device_end": -1}}, "FFC_sans_bias28": {"write": {"device_start": -1, "host_queued_start": 1585629616.342304, "device_queued": -1, "device_end": -1, "host_queued_end": 1585629616.408063}, "device": "cpu", "nd_range": {"device_start": 2297390.632320078, "device_end": 2297390.647517268}, "cmdq": 0, "read": {"device_start": -1, "device_end": -1}}, "FFC_sans_bias29": {"write": {"device_start": -1, "host_queued_start": 1585629616.343427, "device_queued": -1, "device_end": -1, "host_queued_end": 1585629616.408063}, "device": "cpu", "nd_range": {"device_start": 2297390.6306689223, "device_end": 2297390.645826857}, "cmdq": 1, "read": {"device_start": -1, "device_end": -1}}, "coalesced_transpose66": {"write": {"device_start": -1, "host_queued_start": 1585629616.378123, "device_queued": -1, "device_end": -1, "host_queued_end": 1585629616.408063}, "device": "cpu", "nd_range": {"device_start": 2297390.808839765, "device_end": 2297390.8090912}, "cmdq": 3, "read": {"device_start": -1, "device_end": -1}}, "coalesced_transpose93": {"write": {"device_start": -1, "host_queued_start": 1585629616.379124, "device_queued": -1, "device_end": -1, "host_queued_end": 1585629616.408063}, "device": "cpu", "nd_range": {"device_start": 2297390.762545166, "device_end": 2297390.762793445}, "cmdq": 2, "read": {"device_start": -1, "device_end": -1}}, "softmax23": {"write": {"device_start": -1, "host_queued_start": 1585629616.385957, "device_queued": -1, "device_end": -1, "host_queued_end": 1585629616.408063}, "device": "cpu", "nd_range": {"device_start": 2297390.8181033963, "device_end": 2297390.818322591}, "cmdq": 2, "read": {"device_start": -1, "device_end": -1}}, "empty62": {"write": {"device_start": -1, "host_queued_start": 1585629616.324655, "device_queued": -1, "device_end": -1, "host_queued_end": 1585629616.408063}, "device": "cpu", "nd_range": {"device_start": 2297390.597760491, "device_end": 2297390.5977613353}, "cmdq": 2, "read": {"device_start": -1, "device_end": -1}}, "FFC_sans_bias10": {"write": {"device_start": -1, "host_queued_start": 1585629616.335861, "device_queued": -1, "device_end": -1, "host_queued_end": 1585629616.408063}, "device": "cpu", "nd_range": {"device_start": 2297390.6147488314, "device_end": 2297390.629988056}, "cmdq": 2, "read": {"device_start": -1, "device_end": -1}}, "FFC_sans_bias13": {"write": {"device_start": -1, "host_queued_start": 1585629616.380815, "device_queued": -1, "device_end": -1, "host_queued_end": 1585629616.408063}, "device": "cpu", "nd_range": {"device_start": 2297390.809353994, "device_end": 2297390.8245780193}, "cmdq": 3, "read": {"device_start": -1, "device_end": -1}}, "FFC_sans_bias15": {"write": {"device_start": -1, "host_queued_start": 1585629616.389692, "device_queued": -1, "device_end": -1, "host_queued_end": 1585629616.408063}, "device": "cpu", "nd_range": {"device_start": 2297390.870885002, "device_end": 2297390.886176464}, "cmdq": 3, "read": {"device_start": -1, "device_end": -1}}, "FFC_sans_bias16": {"write": {"device_start": -1, "host_queued_start": 1585629616.396028, "device_queued": -1, "device_end": -1, "host_queued_end": 1585629616.408063}, "device": "cpu", "nd_range": {"device_start": 2297390.962730044, "device_end": 2297390.977842255}, "cmdq": 1, "read": {"device_start": -1, "device_end": -1}}, "FFC_sans_bias19": {"write": {"device_start": -1, "host_queued_start": 1585629616.339082, "device_queued": -1, "device_end": -1, "host_queued_end": 1585629616.408063}, "device": "cpu", "nd_range": {"device_start": 2297390.61537795, "device_end": 2297390.630550972}, "cmdq": 1, "read": {"device_start": -1, "device_end": -1}}, "FFC_sans_bias18": {"write": {"device_start": -1, "host_queued_start": 1585629616.337994, "device_queued": -1, "device_end": -1, "host_queued_end": 1585629616.408063}, "device": "cpu", "nd_range": {"device_start": 2297390.6158626713, "device_end": 2297390.6321979733}, "cmdq": 0, "read": {"device_start": -1, "device_end": -1}}, "FFC_sans_bias99": {"write": {"device_start": -1, "host_queued_start": 1585629616.366978, "device_queued": -1, "device_end": -1, "host_queued_end": 1585629616.408063}, "device": "cpu", "nd_range": {"device_start": 2297390.787326579, "device_end": 2297390.7928383932}, "cmdq": 3, "read": {"device_start": -1, "device_end": -1}}, "FFC_sans_bias91": {"write": {"device_start": -1, "host_queued_start": 1585629616.364842, "device_queued": -1, "device_end": -1, "host_queued_end": 1585629616.408063}, "device": "cpu", "nd_range": {"device_start": 2297390.707099251, "device_end": 2297390.7222747}, "cmdq": 1, "read": {"device_start": -1, "device_end": -1}}, "FFC_sans_bias90": {"write": {"device_start": -1, "host_queued_start": 1585629616.363787, "device_queued": -1, "device_end": -1, "host_queued_end": 1585629616.408063}, "device": "cpu", "nd_range": {"device_start": 2297390.712451524, "device_end": 2297390.727682487}, "cmdq": 0, "read": {"device_start": -1, "device_end": -1}}, "coalesced_transpose12": {"write": {"device_start": -1, "host_queued_start": 1585629616.376135, "device_queued": -1, "device_end": -1, "host_queued_end": 1585629616.408063}, "device": "cpu", "nd_range": {"device_start": 2297390.75291607, "device_end": 2297390.75316574}, "cmdq": 1, "read": {"device_start": -1, "device_end": -1}}, "FFC_sans_bias94": {"write": {"device_start": -1, "host_queued_start": 1585629616.384057, "device_queued": -1, "device_end": -1, "host_queued_end": 1585629616.408063}, "device": "cpu", "nd_range": {"device_start": 2297390.83073979, "device_end": 2297390.84688806}, "cmdq": 0, "read": {"device_start": -1, "device_end": -1}}, "FFC_sans_bias97": {"write": {"device_start": -1, "host_queued_start": 1585629616.405031, "device_queued": -1, "device_end": -1, "host_queued_end": 1585629616.408063}, "device": "cpu", "nd_range": {"device_start": 2297390.9606502033, "device_end": 2297390.9776758812}, "cmdq": 2, "read": {"device_start": -1, "device_end": -1}}, "FFC_sans_bias96": {"write": {"device_start": -1, "host_queued_start": 1585629616.392856, "device_queued": -1, "device_end": -1, "host_queued_end": 1585629616.408063}, "device": "cpu", "nd_range": {"device_start": 2297390.8825902264, "device_end": 2297390.8980608042}, "cmdq": 0, "read": {"device_start": -1, "device_end": -1}}, "FFC_sans_bias124": {"write": {"device_start": -1, "host_queued_start": 1585629616.408017, "device_queued": -1, "device_end": -1, "host_queued_end": 1585629616.408063}, "device": "cpu", "nd_range": {"device_start": 2297391.004733994, "device_end": 2297391.009988704}, "cmdq": 1, "read": {"device_start": -1, "device_end": -1}}, "FFC_sans_bias126": {"write": {"device_start": 1585629549.713432, "host_queued_start": 1585629616.30904, "device_queued": 1585629549.7133157, "device_end": 1585629549.7134979, "host_queued_end": 1585629616.317894}, "device": "gpu", "nd_range": {"device_start": 1585629549.7135031, "device_end": 1585629549.7143915}, "cmdq": 0, "read": {"device_start": -1, "device_end": -1}}, "softmax32": {"write": {"device_start": -1, "host_queued_start": 1585629616.386233, "device_queued": -1, "device_end": -1, "host_queued_end": 1585629616.408063}, "device": "cpu", "nd_range": {"device_start": 2297390.8702261313, "device_end": 2297390.8704456463}, "cmdq": 3, "read": {"device_start": -1, "device_end": -1}}, "coalesced_transpose84": {"write": {"device_start": -1, "host_queued_start": 1585629616.378792, "device_queued": -1, "device_end": -1, "host_queued_end": 1585629616.408063}, "device": "cpu", "nd_range": {"device_start": 2297390.753630728, "device_end": 2297390.753875826}, "cmdq": 1, "read": {"device_start": -1, "device_end": -1}}, "FFC_sans_bias121": {"write": {"device_start": -1, "host_queued_start": 1585629616.385104, "device_queued": -1, "device_end": -1, "host_queued_end": 1585629616.408063}, "device": "cpu", "nd_range": {"device_start": 2297390.8550113803, "device_end": 2297390.870218416}, "cmdq": 3, "read": {"device_start": -1, "device_end": -1}}, "empty98": {"write": {"device_start": -1, "host_queued_start": 1585629616.328177, "device_queued": -1, "device_end": -1, "host_queued_end": 1585629616.408063}, "device": "cpu", "nd_range": {"device_start": 2297390.597767813, "device_end": 2297390.597768562}, "cmdq": 2, "read": {"device_start": -1, "device_end": -1}}, "empty107": {"write": {"device_start": -1, "host_queued_start": 1585629616.32899, "device_queued": -1, "device_end": -1, "host_queued_end": 1585629616.408063}, "device": "cpu", "nd_range": {"device_start": 2297390.5977544733, "device_end": 2297390.597755068}, "cmdq": 3, "read": {"device_start": -1, "device_end": -1}}, "empty17": {"write": {"device_start": -1, "host_queued_start": 1585629616.320268, "device_queued": -1, "device_end": -1, "host_queued_end": 1585629616.408063}, "device": "cpu", "nd_range": {"device_start": 2297390.597682986, "device_end": 2297390.597693669}, "cmdq": 1, "read": {"device_start": -1, "device_end": -1}}, "FFC_sans_bias87": {"write": {"device_start": -1, "host_queued_start": 1585629616.392509, "device_queued": -1, "device_end": -1, "host_queued_end": 1585629616.408063}, "device": "cpu", "nd_range": {"device_start": 2297390.901465049, "device_end": 2297390.916754776}, "cmdq": 3, "read": {"device_start": -1, "device_end": -1}}, "FFC_sans_bias85": {"write": {"device_start": -1, "host_queued_start": 1585629616.383704, "device_queued": -1, "device_end": -1, "host_queued_end": 1585629616.408063}, "device": "cpu", "nd_range": {"device_start": 2297390.839785932, "device_end": 2297390.855004373}, "cmdq": 3, "read": {"device_start": -1, "device_end": -1}}, "FFC_sans_bias82": {"write": {"device_start": -1, "host_queued_start": 1585629616.361531, "device_queued": -1, "device_end": -1, "host_queued_end": 1585629616.408063}, "device": "cpu", "nd_range": {"device_start": 2297390.7068261863, "device_end": 2297390.7220662883}, "cmdq": 2, "read": {"device_start": -1, "device_end": -1}}, "FFC_sans_bias83": {"write": {"device_start": -1, "host_queued_start": 1585629616.362725, "device_queued": -1, "device_end": -1, "host_queued_end": 1585629616.408063}, "device": "cpu", "nd_range": {"device_start": 2297390.773339806, "device_end": 2297390.787317443}, "cmdq": 3, "read": {"device_start": -1, "device_end": -1}}, "FFC_sans_bias81": {"write": {"device_start": -1, "host_queued_start": 1585629616.360463, "device_queued": -1, "device_end": -1, "host_queued_end": 1585629616.408063}, "device": "cpu", "nd_range": {"device_start": 2297390.6917968383, "device_end": 2297390.706987456}, "cmdq": 1, "read": {"device_start": -1, "device_end": -1}}, "FFC_sans_bias88": {"write": {"device_start": -1, "host_queued_start": 1585629616.40404, "device_queued": -1, "device_end": -1, "host_queued_end": 1585629616.408063}, "device": "cpu", "nd_range": {"device_start": 2297390.9982886193, "device_end": 2297391.004730761}, "cmdq": 1, "read": {"device_start": -1, "device_end": -1}}, "coalesced_transpose30": {"write": {"device_start": -1, "host_queued_start": 1585629616.376797, "device_queued": -1, "device_end": -1, "host_queued_end": 1585629616.408063}, "device": "cpu", "nd_range": {"device_start": 2297390.8085687393, "device_end": 2297390.808830928}, "cmdq": 3, "read": {"device_start": -1, "device_end": -1}}, "FFC_sans_bias128": {"write": {"device_start": 1585629549.7133167, "host_queued_start": 1585629616.307936, "device_queued": 1585629549.713067, "device_end": 1585629549.7133782, "host_queued_end": 1585629616.317894}, "device": "gpu", "nd_range": {"device_start": 1585629549.7133849, "device_end": 1585629549.7139897}, "cmdq": 2, "read": {"device_start": -1, "device_end": -1}}, "coalesced_transpose39": {"write": {"device_start": -1, "host_queued_start": 1585629616.377126, "device_queued": -1, "device_end": -1, "host_queued_end": 1585629616.408063}, "device": "cpu", "nd_range": {"device_start": 2297390.760809236, "device_end": 2297390.761057604}, "cmdq": 0, "read": {"device_start": -1, "device_end": -1}}, "FFC_sans_bias79": {"write": {"device_start": -1, "host_queued_start": 1585629616.403045, "device_queued": -1, "device_end": -1, "host_queued_end": 1585629616.408063}, "device": "cpu", "nd_range": {"device_start": 2297390.929227782, "device_end": 2297390.9445459493}, "cmdq": 0, "read": {"device_start": -1, "device_end": -1}}, "FFC_sans_bias78": {"write": {"device_start": -1, "host_queued_start": 1585629616.39216, "device_queued": -1, "device_end": -1, "host_queued_end": 1585629616.408063}, "device": "cpu", "nd_range": {"device_start": 2297390.896755888, "device_end": 2297390.912889948}, "cmdq": 2, "read": {"device_start": -1, "device_end": -1}}, "FFC_sans_bias73": {"write": {"device_start": -1, "host_queued_start": 1585629616.35829, "device_queued": -1, "device_end": -1, "host_queued_end": 1585629616.408063}, "device": "cpu", "nd_range": {"device_start": 2297390.761699355, "device_end": 2297390.773330645}, "cmdq": 3, "read": {"device_start": -1, "device_end": -1}}, "FFC_sans_bias72": {"write": {"device_start": -1, "host_queued_start": 1585629616.357234, "device_queued": -1, "device_end": -1, "host_queued_end": 1585629616.408063}, "device": "cpu", "nd_range": {"device_start": 2297390.691434528, "device_end": 2297390.7067103903}, "cmdq": 2, "read": {"device_start": -1, "device_end": -1}}, "FFC_sans_bias70": {"write": {"device_start": -1, "host_queued_start": 1585629616.402033, "device_queued": -1, "device_end": -1, "host_queued_end": 1585629616.408063}, "device": "cpu", "nd_range": {"device_start": 2297390.982216989, "device_end": 2297390.9882031223}, "cmdq": 3, "read": {"device_start": -1, "device_end": -1}}, "FFC_sans_bias76": {"write": {"device_start": -1, "host_queued_start": 1585629616.38335, "device_queued": -1, "device_end": -1, "host_queued_end": 1585629616.408063}, "device": "cpu", "nd_range": {"device_start": 2297390.779742905, "device_end": 2297390.785377203}, "cmdq": 2, "read": {"device_start": -1, "device_end": -1}}, "FFC_sans_bias74": {"write": {"device_start": -1, "host_queued_start": 1585629616.359406, "device_queued": -1, "device_end": -1, "host_queued_end": 1585629616.408063}, "device": "cpu", "nd_range": {"device_start": 2297390.696156398, "device_end": 2297390.712328143}, "cmdq": 0, "read": {"device_start": -1, "device_end": -1}}, "coalesced_transpose102": {"write": {"device_start": -1, "host_queued_start": 1585629616.379457, "device_queued": -1, "device_end": -1, "host_queued_end": 1585629616.408063}, "device": "cpu", "nd_range": {"device_start": 2297390.809099344, "device_end": 2297390.809347817}, "cmdq": 3, "read": {"device_start": -1, "device_end": -1}}, "coalesced_transpose3": {"write": {"device_start": -1, "host_queued_start": 1585629616.375801, "device_queued": -1, "device_end": -1, "host_queued_end": 1585629616.408063}, "device": "cpu", "nd_range": {"device_start": 2297390.760446586, "device_end": 2297390.760695583}, "cmdq": 0, "read": {"device_start": -1, "device_end": -1}}, "FFC_sans_bias127": {"write": {"device_start": 1585629549.7135377, "host_queued_start": 1585629616.310083, "device_queued": 1585629549.7133646, "device_end": 1585629549.7135668, "host_queued_end": 1585629616.317894}, "device": "gpu", "nd_range": {"device_start": 1585629549.71357, "device_end": 1585629549.7149556}, "cmdq": 1, "read": {"device_start": -1, "device_end": -1}}, "empty89": {"write": {"device_start": -1, "host_queued_start": 1585629616.327364, "device_queued": -1, "device_end": -1, "host_queued_end": 1585629616.408063}, "device": "cpu", "nd_range": {"device_start": 2297390.5977304634, "device_end": 2297390.597731286}, "cmdq": 1, "read": {"device_start": -1, "device_end": -1}}, "FFC_sans_bias123": {"write": {"device_start": -1, "host_queued_start": 1585629616.393898, "device_queued": -1, "device_end": -1, "host_queued_end": 1585629616.408063}, "device": "cpu", "nd_range": {"device_start": 2297390.959921178, "device_end": 2297390.975330279}, "cmdq": 3, "read": {"device_start": -1, "device_end": -1}}, "empty80": {"write": {"device_start": -1, "host_queued_start": 1585629616.32652, "device_queued": -1, "device_end": -1, "host_queued_end": 1585629616.408063}, "device": "cpu", "nd_range": {"device_start": 2297390.598987107, "device_end": 2297390.598987853}, "cmdq": 0, "read": {"device_start": -1, "device_end": -1}}, "empty116": {"write": {"device_start": -1, "host_queued_start": 1585629616.329801, "device_queued": -1, "device_end": -1, "host_queued_end": 1585629616.408063}, "device": "cpu", "nd_range": {"device_start": 2297390.598992219, "device_end": 2297390.5989928073}, "cmdq": 0, "read": {"device_start": -1, "device_end": -1}}, "softmax104": {"write": {"device_start": -1, "host_queued_start": 1585629616.388462, "device_queued": -1, "device_end": -1, "host_queued_end": 1585629616.408063}, "device": "cpu", "nd_range": {"device_start": 2297390.8706708103, "device_end": 2297390.870879249}, "cmdq": 3, "read": {"device_start": -1, "device_end": -1}}, "coalesced_transpose21": {"write": {"device_start": -1, "host_queued_start": 1585629616.376467, "device_queued": -1, "device_end": -1, "host_queued_end": 1585629616.408063}, "device": "cpu", "nd_range": {"device_start": 2297390.761824494, "device_end": 2297390.762078416}, "cmdq": 2, "read": {"device_start": -1, "device_end": -1}}, "softmax14": {"write": {"device_start": -1, "host_queued_start": 1585629616.38567, "device_queued": -1, "device_end": -1, "host_queued_end": 1585629616.408063}, "device": "cpu", "nd_range": {"device_start": 2297390.865751564, "device_end": 2297390.865963863}, "cmdq": 1, "read": {"device_start": -1, "device_end": -1}}, "FFC_sans_bias69": {"write": {"device_start": -1, "host_queued_start": 1585629616.391776, "device_queued": -1, "device_end": -1, "host_queued_end": 1585629616.408063}, "device": "cpu", "nd_range": {"device_start": 2297390.932265072, "device_end": 2297390.9474573242}, "cmdq": 1, "read": {"device_start": -1, "device_end": -1}}, "FFC_sans_bias92": {"write": {"device_start": -1, "host_queued_start": 1585629616.36591, "device_queued": -1, "device_end": -1, "host_queued_end": 1585629616.408063}, "device": "cpu", "nd_range": {"device_start": 2297390.7221914832, "device_end": 2297390.737389917}, "cmdq": 2, "read": {"device_start": -1, "device_end": -1}}, "FFC_sans_bias60": {"write": {"device_start": -1, "host_queued_start": 1585629616.39143, "device_queued": -1, "device_end": -1, "host_queued_end": 1585629616.408063}, "device": "cpu", "nd_range": {"device_start": 2297390.86669386, "device_end": 2297390.882478163}, "cmdq": 0, "read": {"device_start": -1, "device_end": -1}}, "FFC_sans_bias61": {"write": {"device_start": -1, "host_queued_start": 1585629616.401017, "device_queued": -1, "device_end": -1, "host_queued_end": 1585629616.408063}, "device": "cpu", "nd_range": {"device_start": 2297390.944990234, "device_end": 2297390.960645974}, "cmdq": 2, "read": {"device_start": -1, "device_end": -1}}, "FFC_sans_bias63": {"write": {"device_start": -1, "host_queued_start": 1585629616.356184, "device_queued": -1, "device_end": -1, "host_queued_end": 1585629616.408063}, "device": "cpu", "nd_range": {"device_start": 2297390.67649098, "device_end": 2297390.691680497}, "cmdq": 1, "read": {"device_start": -1, "device_end": -1}}, "FFC_sans_bias64": {"write": {"device_start": -1, "host_queued_start": 1585629616.354061, "device_queued": -1, "device_end": -1, "host_queued_end": 1585629616.408063}, "device": "cpu", "nd_range": {"device_start": 2297390.740733683, "device_end": 2297390.761691031}, "cmdq": 3, "read": {"device_start": -1, "device_end": -1}}, "FFC_sans_bias65": {"write": {"device_start": -1, "host_queued_start": 1585629616.35513, "device_queued": -1, "device_end": -1, "host_queued_end": 1585629616.408063}, "device": "cpu", "nd_range": {"device_start": 2297390.679960127, "device_end": 2297390.6960362643}, "cmdq": 0, "read": {"device_start": -1, "device_end": -1}}, "FFC_sans_bias67": {"write": {"device_start": -1, "host_queued_start": 1585629616.382929, "device_queued": -1, "device_end": -1, "host_queued_end": 1585629616.408063}, "device": "cpu", "nd_range": {"device_start": 2297390.833969591, "device_end": 2297390.849894232}, "cmdq": 1, "read": {"device_start": -1, "device_end": -1}}, "coalesced_transpose111": {"write": {"device_start": -1, "host_queued_start": 1585629616.379793, "device_queued": -1, "device_end": -1, "host_queued_end": 1585629616.408063}, "device": "cpu", "nd_range": {"device_start": 2297390.798093417, "device_end": 2297390.799938978}, "cmdq": 0, "read": {"device_start": -1, "device_end": -1}}, "FFC_sans_bias136": {"write": {"device_start": 1585629549.7141242, "host_queued_start": 1585629616.311199, "device_queued": 1585629549.7133853, "device_end": 1585629549.714149, "host_queued_end": 1585629616.317894}, "device": "gpu", "nd_range": {"device_start": 1585629549.7141516, "device_end": 1585629549.715396}, "cmdq": 2, "read": {"device_start": -1, "device_end": -1}}, "FFC_sans_bias135": {"write": {"device_start": 1585629549.7150853, "host_queued_start": 1585629616.313296, "device_queued": 1585629549.7136962, "device_end": 1585629549.7151158, "host_queued_end": 1585629616.317894}, "device": "gpu", "nd_range": {"device_start": 1585629549.7151182, "device_end": 1585629549.7163715}, "cmdq": 1, "read": {"device_start": -1, "device_end": -1}}, "FFC_sans_bias133": {"write": {"device_start": 1585629549.7177105, "host_queued_start": 1585629616.316739, "device_queued": 1585629549.7142494, "device_end": 1585629549.7177398, "host_queued_end": 1585629616.317894}, "device": "gpu", "nd_range": {"device_start": 1585629549.7182143, "device_end": 1585629549.7192123}, "cmdq": 1, "read": {"device_start": 1585629549.7192175, "device_end": 1585629549.7192483}}, "FFC_sans_bias132": {"write": {"device_start": -1, "host_queued_start": 1585629616.315401, "device_queued": -1, "device_end": -1, "host_queued_end": 1585629616.317894}, "device": "gpu", "nd_range": {"device_start": 1585629549.7175913, "device_end": 1585629549.7181985}, "cmdq": 2, "read": {"device_start": -1, "device_end": -1}}, "softmax68": {"write": {"device_start": -1, "host_queued_start": 1585629616.387353, "device_queued": -1, "device_end": -1, "host_queued_end": 1585629616.408063}, "device": "cpu", "nd_range": {"device_start": 2297390.870453481, "device_end": 2297390.870664954}, "cmdq": 3, "read": {"device_start": -1, "device_end": -1}}, "softmax131": {"write": {"device_start": -1, "host_queued_start": 1585629616.314838, "device_queued": -1, "device_end": -1, "host_queued_end": 1585629616.317894}, "device": "gpu", "nd_range": {"device_start": 1585629549.7173915, "device_end": 1585629549.717583}, "cmdq": 0, "read": {"device_start": -1, "device_end": -1}}, "empty125": {"write": {"device_start": -1, "host_queued_start": 1585629616.330643, "device_queued": -1, "device_end": -1, "host_queued_end": 1585629616.408063}, "device": "cpu", "nd_range": {"device_start": 2297390.5977366813, "device_end": 2297390.597737402}, "cmdq": 1, "read": {"device_start": -1, "device_end": -1}}, "FFC_sans_bias139": {"write": {"device_start": -1, "host_queued_start": 1585629616.31455, "device_queued": -1, "device_end": -1, "host_queued_end": 1585629616.317894}, "device": "gpu", "nd_range": {"device_start": 1585629549.7163832, "device_end": 1585629549.717385}, "cmdq": 2, "read": {"device_start": -1, "device_end": -1}}, "empty35": {"write": {"device_start": -1, "host_queued_start": 1585629616.322052, "device_queued": -1, "device_end": -1, "host_queued_end": 1585629616.408063}, "device": "cpu", "nd_range": {"device_start": 2297390.597742532, "device_end": 2297390.597743362}, "cmdq": 3, "read": {"device_start": -1, "device_end": -1}}, "softmax86": {"write": {"device_start": -1, "host_queued_start": 1585629616.387913, "device_queued": -1, "device_end": -1, "host_queued_end": 1585629616.408063}, "device": "cpu", "nd_range": {"device_start": 2297390.8663856913, "device_end": 2297390.866592563}, "cmdq": 1, "read": {"device_start": -1, "device_end": -1}}, "FFC_sans_bias55": {"write": {"device_start": -1, "host_queued_start": 1585629616.352997, "device_queued": -1, "device_end": -1, "host_queued_end": 1585629616.408063}, "device": "cpu", "nd_range": {"device_start": 2297390.6760738962, "device_end": 2297390.6913068783}, "cmdq": 2, "read": {"device_start": -1, "device_end": -1}}, "FFC_sans_bias54": {"write": {"device_start": -1, "host_queued_start": 1585629616.35194, "device_queued": -1, "device_end": -1, "host_queued_end": 1585629616.408063}, "device": "cpu", "nd_range": {"device_start": 2297390.661203919, "device_end": 2297390.676375886}, "cmdq": 1, "read": {"device_start": -1, "device_end": -1}}, "FFC_sans_bias56": {"write": {"device_start": -1, "host_queued_start": 1585629616.350887, "device_queued": -1, "device_end": -1, "host_queued_end": 1585629616.408063}, "device": "cpu", "nd_range": {"device_start": 2297390.663594861, "device_end": 2297390.679832025}, "cmdq": 0, "read": {"device_start": -1, "device_end": -1}}, "FFC_sans_bias51": {"write": {"device_start": -1, "host_queued_start": 1585629616.391085, "device_queued": -1, "device_end": -1, "host_queued_end": 1585629616.408063}, "device": "cpu", "nd_range": {"device_start": 2297390.886183128, "device_end": 2297390.901458166}, "cmdq": 3, "read": {"device_start": -1, "device_end": -1}}, "FFC_sans_bias52": {"write": {"device_start": -1, "host_queued_start": 1585629616.400023, "device_queued": -1, "device_end": -1, "host_queued_end": 1585629616.408063}, "device": "cpu", "nd_range": {"device_start": 2297390.987241946, "device_end": 2297390.998280865}, "cmdq": 1, "read": {"device_start": -1, "device_end": -1}}, "FFC_sans_bias58": {"write": {"device_start": -1, "host_queued_start": 1585629616.382584, "device_queued": -1, "device_end": -1, "host_queued_end": 1585629616.408063}, "device": "cpu", "nd_range": {"device_start": 2297390.815503519, "device_end": 2297390.83073097}, "cmdq": 0, "read": {"device_start": -1, "device_end": -1}}, "FFC_sans_bias108": {"write": {"device_start": -1, "host_queued_start": 1585629616.370161, "device_queued": -1, "device_end": -1, "host_queued_end": 1585629616.408063}, "device": "cpu", "nd_range": {"device_start": 2297390.737506979, "device_end": 2297390.7526749363}, "cmdq": 2, "read": {"device_start": -1, "device_end": -1}}, "FFC_sans_bias109": {"write": {"device_start": -1, "host_queued_start": 1585629616.371217, "device_queued": -1, "device_end": -1, "host_queued_end": 1585629616.408063}, "device": "cpu", "nd_range": {"device_start": 2297390.7928438713, "device_end": 2297390.798075106}, "cmdq": 3, "read": {"device_start": -1, "device_end": -1}}, "coalesced_transpose129": {"write": {"device_start": -1, "host_queued_start": 1585629616.313617, "device_queued": -1, "device_end": -1, "host_queued_end": 1585629616.317894}, "device": "gpu", "nd_range": {"device_start": 1585629549.7153986, "device_end": 1585629549.7162478}, "cmdq": 2, "read": {"device_start": -1, "device_end": -1}}, "FFC_sans_bias103": {"write": {"device_start": -1, "host_queued_start": 1585629616.384404, "device_queued": -1, "device_end": -1, "host_queued_end": 1585629616.408063}, "device": "cpu", "nd_range": {"device_start": 2297390.8500296404, "device_end": 2297390.86564437}, "cmdq": 1, "read": {"device_start": -1, "device_end": -1}}, "FFC_sans_bias100": {"write": {"device_start": -1, "host_queued_start": 1585629616.368031, "device_queued": -1, "device_end": -1, "host_queued_end": 1585629616.408063}, "device": "cpu", "nd_range": {"device_start": 2297390.727797834, "device_end": 2297390.744746291}, "cmdq": 0, "read": {"device_start": -1, "device_end": -1}}, "FFC_sans_bias101": {"write": {"device_start": -1, "host_queued_start": 1585629616.369105, "device_queued": -1, "device_end": -1, "host_queued_end": 1585629616.408063}, "device": "cpu", "nd_range": {"device_start": 2297390.722395583, "device_end": 2297390.737538393}, "cmdq": 1, "read": {"device_start": -1, "device_end": -1}}, "FFC_sans_bias106": {"write": {"device_start": -1, "host_queued_start": 1585629616.406022, "device_queued": -1, "device_end": -1, "host_queued_end": 1585629616.408063}, "device": "cpu", "nd_range": {"device_start": 2297390.988206373, "device_end": 2297390.997717493}, "cmdq": 3, "read": {"device_start": -1, "device_end": -1}}, "softmax122": {"write": {"device_start": -1, "host_queued_start": 1585629616.38901, "device_queued": -1, "device_end": -1, "host_queued_end": 1585629616.408063}, "device": "cpu", "nd_range": {"device_start": 2297390.916762364, "device_end": 2297390.916983896}, "cmdq": 1, "read": {"device_start": -1, "device_end": -1}}, "FFC_sans_bias105": {"write": {"device_start": -1, "host_queued_start": 1585629616.393199, "device_queued": -1, "device_end": -1, "host_queued_end": 1585629616.408063}, "device": "cpu", "nd_range": {"device_start": 2297390.947464223, "device_end": 2297390.9627223983}, "cmdq": 1, "read": {"device_start": -1, "device_end": -1}}, "softmax95": {"write": {"device_start": -1, "host_queued_start": 1585629616.388186, "device_queued": -1, "device_end": -1, "host_queued_end": 1585629616.408063}, "device": "cpu", "nd_range": {"device_start": 2297390.8640868803, "device_end": 2297390.864296189}, "cmdq": 2, "read": {"device_start": -1, "device_end": -1}}, "coalesced_transpose57": {"write": {"device_start": -1, "host_queued_start": 1585629616.377793, "device_queued": -1, "device_end": -1, "host_queued_end": 1585629616.408063}, "device": "cpu", "nd_range": {"device_start": 2297390.762185805, "device_end": 2297390.762438681}, "cmdq": 2, "read": {"device_start": -1, "device_end": -1}}, "empty26": {"write": {"device_start": -1, "host_queued_start": 1585629616.321194, "device_queued": -1, "device_end": -1, "host_queued_end": 1585629616.408063}, "device": "cpu", "nd_range": {"device_start": 2297390.597736016, "device_end": 2297390.5977408374}, "cmdq": 2, "read": {"device_start": -1, "device_end": -1}}, "softmax113": {"write": {"device_start": -1, "host_queued_start": 1585629616.388736, "device_queued": -1, "device_end": -1, "host_queued_end": 1585629616.408063}, "device": "cpu", "nd_range": {"device_start": 2297390.847572368, "device_end": 2297390.847785232}, "cmdq": 0, "read": {"device_start": -1, "device_end": -1}}, "FFC_sans_bias11": {"write": {"device_start": -1, "host_queued_start": 1585629616.336937, "device_queued": -1, "device_end": -1, "host_queued_end": 1585629616.408063}, "device": "cpu", "nd_range": {"device_start": 2297390.618178199, "device_end": 2297390.6433150833}, "cmdq": 3, "read": {"device_start": -1, "device_end": -1}}, "FFC_sans_bias42": {"write": {"device_start": -1, "host_queued_start": 1585629616.390736, "device_queued": -1, "device_end": -1, "host_queued_end": 1585629616.408063}, "device": "cpu", "nd_range": {"device_start": 2297390.880599888, "device_end": 2297390.8967475733}, "cmdq": 2, "read": {"device_start": -1, "device_end": -1}}, "FFC_sans_bias43": {"write": {"device_start": -1, "host_queued_start": 1585629616.399028, "device_queued": -1, "device_end": -1, "host_queued_end": 1585629616.408063}, "device": "cpu", "nd_range": {"device_start": 2297390.9136579023, "device_end": 2297390.9292217973}, "cmdq": 0, "read": {"device_start": -1, "device_end": -1}}, "FFC_sans_bias40": {"write": {"device_start": -1, "host_queued_start": 1585629616.381871, "device_queued": -1, "device_end": -1, "host_queued_end": 1585629616.408063}, "device": "cpu", "nd_range": {"device_start": 2297390.77201821, "device_end": 2297390.7796345223}, "cmdq": 2, "read": {"device_start": -1, "device_end": -1}}, "FFC_sans_bias46": {"write": {"device_start": -1, "host_queued_start": 1585629616.348741, "device_queued": -1, "device_end": -1, "host_queued_end": 1585629616.408063}, "device": "cpu", "nd_range": {"device_start": 2297390.660760838, "device_end": 2297390.67594627}, "cmdq": 2, "read": {"device_start": -1, "device_end": -1}}, "FFC_sans_bias47": {"write": {"device_start": -1, "host_queued_start": 1585629616.349827, "device_queued": -1, "device_end": -1, "host_queued_end": 1585629616.408063}, "device": "cpu", "nd_range": {"device_start": 2297390.710116229, "device_end": 2297390.735250237}, "cmdq": 3, "read": {"device_start": -1, "device_end": -1}}, "FFC_sans_bias45": {"write": {"device_start": -1, "host_queued_start": 1585629616.34769, "device_queued": -1, "device_end": -1, "host_queued_end": 1585629616.408063}, "device": "cpu", "nd_range": {"device_start": 2297390.6459410433, "device_end": 2297390.661086556}, "cmdq": 1, "read": {"device_start": -1, "device_end": -1}}, "FFC_sans_bias49": {"write": {"device_start": -1, "host_queued_start": 1585629616.382225, "device_queued": -1, "device_end": -1, "host_queued_end": 1585629616.408063}, "device": "cpu", "nd_range": {"device_start": 2297390.8245853023, "device_end": 2297390.839779252}, "cmdq": 3, "read": {"device_start": -1, "device_end": -1}}, "softmax77": {"write": {"device_start": -1, "host_queued_start": 1585629616.387632, "device_queued": -1, "device_end": -1, "host_queued_end": 1585629616.408063}, "device": "cpu", "nd_range": {"device_start": 2297390.847352676, "device_end": 2297390.8475659164}, "cmdq": 0, "read": {"device_start": -1, "device_end": -1}}, "empty134": {"write": {"device_start": 1585629549.7130828, "host_queued_start": 1585629616.305761, "device_queued": 1585629549.7129393, "device_end": 1585629549.7131145, "host_queued_end": 1585629616.317894}, "device": "gpu", "nd_range": {"device_start": 1585629549.71312, "device_end": 1585629549.7131312}, "cmdq": 0, "read": {"device_start": -1, "device_end": -1}}, "coalesced_transpose138": {"write": {"device_start": -1, "host_queued_start": 1585629616.313919, "device_queued": -1, "device_end": -1, "host_queued_end": 1585629616.317894}, "device": "gpu", "nd_range": {"device_start": 1585629549.7159166, "device_end": 1585629549.716253}, "cmdq": 0, "read": {"device_start": -1, "device_end": -1}}, "FFC_sans_bias119": {"write": {"device_start": -1, "host_queued_start": 1585629616.375457, "device_queued": -1, "device_end": -1, "host_queued_end": 1585629616.408063}, "device": "cpu", "nd_range": {"device_start": 2297390.798093987, "device_end": 2297390.808562594}, "cmdq": 3, "read": {"device_start": -1, "device_end": -1}}, "FFC_sans_bias118": {"write": {"device_start": -1, "host_queued_start": 1585629616.374388, "device_queued": -1, "device_end": -1, "host_queued_end": 1585629616.408063}, "device": "cpu", "nd_range": {"device_start": 2297390.752805402, "device_end": 2297390.761613199}, "cmdq": 2, "read": {"device_start": -1, "device_end": -1}}, "empty143": {"write": {"device_start": 1585629549.7132282, "host_queued_start": 1585629616.306929, "device_queued": 1585629549.7130451, "device_end": 1585629549.7133012, "host_queued_end": 1585629616.317894}, "device": "gpu", "nd_range": {"device_start": 1585629549.7133055, "device_end": 1585629549.7133105}, "cmdq": 1, "read": {"device_start": -1, "device_end": -1}}, "FFC_sans_bias115": {"write": {"device_start": -1, "host_queued_start": 1585629616.407025, "device_queued": -1, "device_end": -1, "host_queued_end": 1585629616.408063}, "device": "cpu", "nd_range": {"device_start": 2297390.944552627, "device_end": 2297390.95991546}, "cmdq": 0, "read": {"device_start": -1, "device_end": -1}}, "FFC_sans_bias114": {"write": {"device_start": -1, "host_queued_start": 1585629616.393546, "device_queued": -1, "device_end": -1, "host_queued_end": 1585629616.408063}, "device": "cpu", "nd_range": {"device_start": 2297390.9128977023, "device_end": 2297390.92821964}, "cmdq": 2, "read": {"device_start": -1, "device_end": -1}}, "FFC_sans_bias117": {"write": {"device_start": -1, "host_queued_start": 1585629616.373343, "device_queued": -1, "device_end": -1, "host_queued_end": 1585629616.408063}, "device": "cpu", "nd_range": {"device_start": 2297390.7376540923, "device_end": 2297390.752800973}, "cmdq": 1, "read": {"device_start": -1, "device_end": -1}}, "softmax5": {"write": {"device_start": -1, "host_queued_start": 1585629616.385388, "device_queued": -1, "device_end": -1, "host_queued_end": 1585629616.408063}, "device": "cpu", "nd_range": {"device_start": 2297390.846897838, "device_end": 2297390.8471173244}, "cmdq": 0, "read": {"device_start": -1, "device_end": -1}}, "FFC_sans_bias110": {"write": {"device_start": -1, "host_queued_start": 1585629616.372276, "device_queued": -1, "device_end": -1, "host_queued_end": 1585629616.408063}, "device": "cpu", "nd_range": {"device_start": 2297390.744877858, "device_end": 2297390.7603220223}, "cmdq": 0, "read": {"device_start": -1, "device_end": -1}}, "FFC_sans_bias112": {"write": {"device_start": -1, "host_queued_start": 1585629616.384756, "device_queued": -1, "device_end": -1, "host_queued_end": 1585629616.408063}, "device": "cpu", "nd_range": {"device_start": 2297390.8022543713, "device_end": 2297390.817990757}, "cmdq": 2, "read": {"device_start": -1, "device_end": -1}}, "empty53": {"write": {"device_start": -1, "host_queued_start": 1585629616.323844, "device_queued": -1, "device_end": -1, "host_queued_end": 1585629616.408063}, "device": "cpu", "nd_range": {"device_start": 2297390.597721607, "device_end": 2297390.597722905}, "cmdq": 1, "read": {"device_start": -1, "device_end": -1}}, "coalesced_transpose48": {"write": {"device_start": -1, "host_queued_start": 1585629616.377457, "device_queued": -1, "device_end": -1, "host_queued_end": 1585629616.408063}, "device": "cpu", "nd_range": {"device_start": 2297390.7532785754, "device_end": 2297390.753525516}, "cmdq": 1, "read": {"device_start": -1, "device_end": -1}}}