{"FFC_sans_bias4": {"write": {"device_start": -1, "host_queued_start": 1585629731.48175, "device_queued": -1, "device_end": -1, "host_queued_end": 1585629731.483915}, "device": "cpu", "nd_range": {"device_start": 2297505.686893259, "device_end": 2297505.6915564854}, "cmdq": 1, "read": {"device_start": -1, "device_end": -1}}, "FFC_sans_bias7": {"write": {"device_start": -1, "host_queued_start": 1585629731.483835, "device_queued": -1, "device_end": -1, "host_queued_end": 1585629731.483915}, "device": "cpu", "nd_range": {"device_start": 2297505.695690581, "device_end": 2297505.7004434452}, "cmdq": 0, "read": {"device_start": -1, "device_end": -1}}, "FFC_sans_bias6": {"write": {"device_start": -1, "host_queued_start": 1585629731.482533, "device_queued": -1, "device_end": -1, "host_queued_end": 1585629731.483915}, "device": "cpu", "nd_range": {"device_start": 2297505.691724825, "device_end": 2297505.695681419}, "cmdq": 1, "read": {"device_start": -1, "device_end": -1}}, "FFC_sans_bias1": {"write": {"device_start": -1, "host_queued_start": 1585629731.47977, "device_queued": -1, "device_end": -1, "host_queued_end": 1585629731.483915}, "device": "cpu", "nd_range": {"device_start": 2297505.673587107, "device_end": 2297505.6828890652}, "cmdq": 0, "read": {"device_start": -1, "device_end": -1}}, "FFC_sans_bias0": {"write": {"device_start": -1, "host_queued_start": 1585629731.478355, "device_queued": -1, "device_end": -1, "host_queued_end": 1585629731.483915}, "device": "cpu", "nd_range": {"device_start": 2297505.673578843, "device_end": 2297505.681345874}, "cmdq": 1, "read": {"device_start": -1, "device_end": -1}}, "FFC_sans_bias2": {"write": {"device_start": -1, "host_queued_start": 1585629731.480961, "device_queued": -1, "device_end": -1, "host_queued_end": 1585629731.483915}, "device": "cpu", "nd_range": {"device_start": 2297505.68179749, "device_end": 2297505.686883212}, "cmdq": 1, "read": {"device_start": -1, "device_end": -1}}, "coalesced_transpose120": {"write": {"device_start": -1, "host_queued_start": 1585629731.44476, "device_queued": -1, "device_end": -1, "host_queued_end": 1585629731.474981}, "device": "gpu", "nd_range": {"device_start": 1585629664.8906505, "device_end": 1585629664.8907235}, "cmdq": 0, "read": {"device_start": -1, "device_end": -1}}, "FFC_sans_bias9": {"write": {"device_start": 1585629664.8688207, "host_queued_start": 1585629731.394116, "device_queued": 1585629664.8682466, "device_end": 1585629664.8688571, "host_queued_end": 1585629731.474981}, "device": "gpu", "nd_range": {"device_start": 1585629664.8688657, "device_end": 1585629664.8694715}, "cmdq": 3, "read": {"device_start": -1, "device_end": -1}}, "empty71": {"write": {"device_start": 1585629664.8678503, "host_queued_start": 1585629731.386496, "device_queued": 1585629664.8676176, "device_end": 1585629664.8679183, "host_queued_end": 1585629731.474981}, "device": "gpu", "nd_range": {"device_start": 1585629664.8679264, "device_end": 1585629664.8679318}, "cmdq": 2, "read": {"device_start": -1, "device_end": -1}}, "softmax41": {"write": {"device_start": -1, "host_queued_start": 1585629731.451193, "device_queued": -1, "device_end": -1, "host_queued_end": 1585629731.474981}, "device": "gpu", "nd_range": {"device_start": 1585629664.897148, "device_end": 1585629664.8981194}, "cmdq": 1, "read": {"device_start": -1, "device_end": -1}}, "FFC_sans_bias37": {"write": {"device_start": 1585629664.8724885, "host_queued_start": 1585629731.404657, "device_queued": 1585629664.8694463, "device_end": 1585629664.8725135, "host_queued_end": 1585629731.474981}, "device": "gpu", "nd_range": {"device_start": 1585629664.8725202, "device_end": 1585629664.874292}, "cmdq": 1, "read": {"device_start": -1, "device_end": -1}}, "FFC_sans_bias36": {"write": {"device_start": 1585629664.871978, "host_queued_start": 1585629731.403614, "device_queued": 1585629664.8693917, "device_end": 1585629664.8720033, "host_queued_end": 1585629731.474981}, "device": "gpu", "nd_range": {"device_start": 1585629664.8720114, "device_end": 1585629664.8738103}, "cmdq": 0, "read": {"device_start": -1, "device_end": -1}}, "FFC_sans_bias34": {"write": {"device_start": 1585629664.905187, "host_queued_start": 1585629731.462085, "device_queued": 1585629664.8874152, "device_end": 1585629664.905218, "host_queued_end": 1585629731.474981}, "device": "gpu", "nd_range": {"device_start": 1585629664.9052234, "device_end": 1585629664.9069042}, "cmdq": 2, "read": {"device_start": 1585629664.9069145, "device_end": 1585629664.9069388}}, "FFC_sans_bias33": {"write": {"device_start": -1, "host_queued_start": 1585629731.454959, "device_queued": -1, "device_end": -1, "host_queued_end": 1585629731.474981}, "device": "gpu", "nd_range": {"device_start": 1585629664.9007595, "device_end": 1585629664.9025564}, "cmdq": 3, "read": {"device_start": -1, "device_end": -1}}, "FFC_sans_bias31": {"write": {"device_start": -1, "host_queued_start": 1585629731.446344, "device_queued": -1, "device_end": -1, "host_queued_end": 1585629731.474981}, "device": "gpu", "nd_range": {"device_start": 1585629664.8907804, "device_end": 1585629664.8917613}, "cmdq": 1, "read": {"device_start": -1, "device_end": -1}}, "FFC_sans_bias38": {"write": {"device_start": 1585629664.872918, "host_queued_start": 1585629731.405876, "device_queued": 1585629664.8696105, "device_end": 1585629664.8729432, "host_queued_end": 1585629731.474981}, "device": "gpu", "nd_range": {"device_start": 1585629664.8729494, "device_end": 1585629664.8747828}, "cmdq": 2, "read": {"device_start": -1, "device_end": -1}}, "coalesced_transpose75": {"write": {"device_start": -1, "host_queued_start": 1585629731.443146, "device_queued": -1, "device_end": -1, "host_queued_end": 1585629731.474981}, "device": "gpu", "nd_range": {"device_start": 1585629664.8908038, "device_end": 1585629664.891671}, "cmdq": 3, "read": {"device_start": -1, "device_end": -1}}, "softmax140": {"write": {"device_start": -1, "host_queued_start": 1585629731.453972, "device_queued": -1, "device_end": -1, "host_queued_end": 1585629731.474981}, "device": "gpu", "nd_range": {"device_start": 1585629664.8986843, "device_end": 1585629664.899955}, "cmdq": 0, "read": {"device_start": -1, "device_end": -1}}, "empty44": {"write": {"device_start": 1585629664.867539, "host_queued_start": 1585629731.384027, "device_queued": 1585629664.8672981, "device_end": 1585629664.8675709, "host_queued_end": 1585629731.474981}, "device": "gpu", "nd_range": {"device_start": 1585629664.8675816, "device_end": 1585629664.8675885}, "cmdq": 3, "read": {"device_start": -1, "device_end": -1}}, "FFC_sans_bias137": {"write": {"device_start": 1585629664.8883832, "host_queued_start": 1585629731.439611, "device_queued": 1585629664.8728168, "device_end": 1585629664.8884103, "host_queued_end": 1585629731.474981}, "device": "gpu", "nd_range": {"device_start": 1585629664.8884175, "device_end": 1585629664.890209}, "cmdq": 2, "read": {"device_start": -1, "device_end": -1}}, "empty8": {"write": {"device_start": -1, "host_queued_start": 1585629731.476983, "device_queued": -1, "device_end": -1, "host_queued_end": 1585629731.483915}, "device": "cpu", "nd_range": {"device_start": 2297505.673556581, "device_end": 2297505.6735653323}, "cmdq": 0, "read": {"device_start": -1, "device_end": -1}}, "softmax50": {"write": {"device_start": -1, "host_queued_start": 1585629731.451446, "device_queued": -1, "device_end": -1, "host_queued_end": 1585629731.474981}, "device": "gpu", "nd_range": {"device_start": 1585629664.897344, "device_end": 1585629664.898145}, "cmdq": 2, "read": {"device_start": -1, "device_end": -1}}, "softmax59": {"write": {"device_start": -1, "host_queued_start": 1585629731.451697, "device_queued": -1, "device_end": -1, "host_queued_end": 1585629731.474981}, "device": "gpu", "nd_range": {"device_start": 1585629664.898469, "device_end": 1585629664.8987622}, "cmdq": 3, "read": {"device_start": -1, "device_end": -1}}, "FFC_sans_bias142": {"write": {"device_start": 1585629664.9104488, "host_queued_start": 1585629731.474857, "device_queued": 1585629664.8895283, "device_end": 1585629664.9104788, "host_queued_end": 1585629731.474981}, "device": "gpu", "nd_range": {"device_start": 1585629664.9104867, "device_end": 1585629664.9122162}, "cmdq": 2, "read": {"device_start": 1585629664.912924, "device_end": 1585629664.9129534}}, "FFC_sans_bias141": {"write": {"device_start": -1, "host_queued_start": 1585629731.458819, "device_queued": -1, "device_end": -1, "host_queued_end": 1585629731.474981}, "device": "gpu", "nd_range": {"device_start": 1585629664.9059362, "device_end": 1585629664.907359}, "cmdq": 3, "read": {"device_start": -1, "device_end": -1}}, "FFC_sans_bias24": {"write": {"device_start": -1, "host_queued_start": 1585629731.454638, "device_queued": -1, "device_end": -1, "host_queued_end": 1585629731.474981}, "device": "gpu", "nd_range": {"device_start": 1585629664.8986115, "device_end": 1585629664.899587}, "cmdq": 2, "read": {"device_start": -1, "device_end": -1}}, "FFC_sans_bias25": {"write": {"device_start": 1585629664.9036264, "host_queued_start": 1585629731.461009, "device_queued": 1585629664.8867354, "device_end": 1585629664.903653, "host_queued_end": 1585629731.474981}, "device": "gpu", "nd_range": {"device_start": 1585629664.903663, "device_end": 1585629664.9054585}, "cmdq": 1, "read": {"device_start": 1585629664.9054718, "device_end": 1585629664.9054968}}, "FFC_sans_bias27": {"write": {"device_start": 1585629664.8705456, "host_queued_start": 1585629731.400434, "device_queued": 1585629664.869067, "device_end": 1585629664.870577, "host_queued_end": 1585629731.474981}, "device": "gpu", "nd_range": {"device_start": 1585629664.8705804, "device_end": 1585629664.872381}, "cmdq": 1, "read": {"device_start": -1, "device_end": -1}}, "FFC_sans_bias20": {"write": {"device_start": 1585629664.869982, "host_queued_start": 1585629731.39939, "device_queued": 1585629664.8690095, "device_end": 1585629664.870007, "host_queued_end": 1585629731.474981}, "device": "gpu", "nd_range": {"device_start": 1585629664.8700118, "device_end": 1585629664.8718488}, "cmdq": 0, "read": {"device_start": -1, "device_end": -1}}, "FFC_sans_bias22": {"write": {"device_start": -1, "host_queued_start": 1585629731.446026, "device_queued": -1, "device_end": -1, "host_queued_end": 1585629731.474981}, "device": "gpu", "nd_range": {"device_start": 1585629664.8907504, "device_end": 1585629664.8913562}, "cmdq": 0, "read": {"device_start": -1, "device_end": -1}}, "FFC_sans_bias130": {"write": {"device_start": -1, "host_queued_start": 1585629731.449855, "device_queued": -1, "device_end": -1, "host_queued_end": 1585629731.474981}, "device": "gpu", "nd_range": {"device_start": 1585629664.8947551, "device_end": 1585629664.8966699}, "cmdq": 0, "read": {"device_start": -1, "device_end": -1}}, "FFC_sans_bias28": {"write": {"device_start": 1585629664.8709764, "host_queued_start": 1585629731.401488, "device_queued": 1585629664.8691912, "device_end": 1585629664.8710022, "host_queued_end": 1585629731.474981}, "device": "gpu", "nd_range": {"device_start": 1585629664.8710077, "device_end": 1585629664.8728237}, "cmdq": 2, "read": {"device_start": -1, "device_end": -1}}, "FFC_sans_bias29": {"write": {"device_start": 1585629664.8715084, "host_queued_start": 1585629731.402545, "device_queued": 1585629664.86922, "device_end": 1585629664.8715332, "host_queued_end": 1585629731.474981}, "device": "gpu", "nd_range": {"device_start": 1585629664.8715394, "device_end": 1585629664.8733323}, "cmdq": 3, "read": {"device_start": -1, "device_end": -1}}, "coalesced_transpose66": {"write": {"device_start": -1, "host_queued_start": 1585629731.442834, "device_queued": -1, "device_end": -1, "host_queued_end": 1585629731.474981}, "device": "gpu", "nd_range": {"device_start": 1585629664.8906054, "device_end": 1585629664.8906405}, "cmdq": 2, "read": {"device_start": -1, "device_end": -1}}, "coalesced_transpose93": {"write": {"device_start": -1, "host_queued_start": 1585629731.443758, "device_queued": -1, "device_end": -1, "host_queued_end": 1585629731.474981}, "device": "gpu", "nd_range": {"device_start": 1585629664.890634, "device_end": 1585629664.8906565}, "cmdq": 1, "read": {"device_start": -1, "device_end": -1}}, "softmax23": {"write": {"device_start": -1, "host_queued_start": 1585629731.450689, "device_queued": -1, "device_end": -1, "host_queued_end": 1585629731.474981}, "device": "gpu", "nd_range": {"device_start": 1585629664.8982399, "device_end": 1585629664.8984478}, "cmdq": 3, "read": {"device_start": -1, "device_end": -1}}, "empty62": {"write": {"device_start": 1585629664.8677547, "host_queued_start": 1585629731.385677, "device_queued": 1585629664.8675988, "device_end": 1585629664.8678246, "host_queued_end": 1585629731.474981}, "device": "gpu", "nd_range": {"device_start": 1585629664.8678386, "device_end": 1585629664.8678448}, "cmdq": 1, "read": {"device_start": -1, "device_end": -1}}, "FFC_sans_bias10": {"write": {"device_start": 1585629664.8689148, "host_queued_start": 1585629731.395196, "device_queued": 1585629664.868481, "device_end": 1585629664.8689737, "host_queued_end": 1585629731.474981}, "device": "gpu", "nd_range": {"device_start": 1585629664.8689785, "device_end": 1585629664.869876}, "cmdq": 0, "read": {"device_start": -1, "device_end": -1}}, "FFC_sans_bias13": {"write": {"device_start": -1, "host_queued_start": 1585629731.445698, "device_queued": -1, "device_end": -1, "host_queued_end": 1585629731.474981}, "device": "gpu", "nd_range": {"device_start": 1585629664.8926635, "device_end": 1585629664.8942451}, "cmdq": 3, "read": {"device_start": -1, "device_end": -1}}, "FFC_sans_bias15": {"write": {"device_start": -1, "host_queued_start": 1585629731.454304, "device_queued": -1, "device_end": -1, "host_queued_end": 1585629731.474981}, "device": "gpu", "nd_range": {"device_start": 1585629664.8985755, "device_end": 1585629664.899185}, "cmdq": 1, "read": {"device_start": -1, "device_end": -1}}, "FFC_sans_bias16": {"write": {"device_start": 1585629664.905065, "host_queued_start": 1585629731.45994, "device_queued": 1585629664.886679, "device_end": 1585629664.9050968, "host_queued_end": 1585629731.474981}, "device": "gpu", "nd_range": {"device_start": 1585629664.905107, "device_end": 1585629664.9064107}, "cmdq": 0, "read": {"device_start": 1585629664.9064136, "device_end": 1585629664.9064388}}, "FFC_sans_bias19": {"write": {"device_start": 1585629664.8695574, "host_queued_start": 1585629731.398313, "device_queued": 1585629664.8687224, "device_end": 1585629664.8695886, "host_queued_end": 1585629731.474981}, "device": "gpu", "nd_range": {"device_start": 1585629664.869593, "device_end": 1585629664.8714106}, "cmdq": 3, "read": {"device_start": -1, "device_end": -1}}, "FFC_sans_bias18": {"write": {"device_start": 1585629664.8690927, "host_queued_start": 1585629731.397279, "device_queued": 1585629664.8686948, "device_end": 1585629664.8691175, "host_queued_end": 1585629731.474981}, "device": "gpu", "nd_range": {"device_start": 1585629664.8691227, "device_end": 1585629664.8708587}, "cmdq": 2, "read": {"device_start": -1, "device_end": -1}}, "FFC_sans_bias99": {"write": {"device_start": 1585629664.8821049, "host_queued_start": 1585629731.425906, "device_queued": 1585629664.8714833, "device_end": 1585629664.8821309, "host_queued_end": 1585629731.474981}, "device": "gpu", "nd_range": {"device_start": 1585629664.8821387, "device_end": 1585629664.8839478}, "cmdq": 1, "read": {"device_start": -1, "device_end": -1}}, "FFC_sans_bias91": {"write": {"device_start": 1585629664.8811393, "host_queued_start": 1585629731.423782, "device_queued": 1585629664.871243, "device_end": 1585629664.8811643, "host_queued_end": 1585629731.474981}, "device": "gpu", "nd_range": {"device_start": 1585629664.8811724, "device_end": 1585629664.8829756}, "cmdq": 3, "read": {"device_start": -1, "device_end": -1}}, "FFC_sans_bias90": {"write": {"device_start": 1585629664.8806484, "host_queued_start": 1585629731.422735, "device_queued": 1585629664.8712208, "device_end": 1585629664.8806727, "host_queued_end": 1585629731.474981}, "device": "gpu", "nd_range": {"device_start": 1585629664.88068, "device_end": 1585629664.8824787}, "cmdq": 2, "read": {"device_start": -1, "device_end": -1}}, "coalesced_transpose12": {"write": {"device_start": -1, "host_queued_start": 1585629731.440976, "device_queued": -1, "device_end": -1, "host_queued_end": 1585629731.474981}, "device": "gpu", "nd_range": {"device_start": 1585629664.8892632, "device_end": 1585629664.8905606}, "cmdq": 0, "read": {"device_start": -1, "device_end": -1}}, "FFC_sans_bias94": {"write": {"device_start": -1, "host_queued_start": 1585629731.448578, "device_queued": -1, "device_end": -1, "host_queued_end": 1585629731.474981}, "device": "gpu", "nd_range": {"device_start": 1585629664.8927648, "device_end": 1585629664.8947332}, "cmdq": 0, "read": {"device_start": -1, "device_end": -1}}, "FFC_sans_bias97": {"write": {"device_start": 1585629664.9094903, "host_queued_start": 1585629731.469511, "device_queued": 1585629664.8889706, "device_end": 1585629664.9095206, "host_queued_end": 1585629731.474981}, "device": "gpu", "nd_range": {"device_start": 1585629664.909528, "device_end": 1585629664.9112618}, "cmdq": 1, "read": {"device_start": 1585629664.91127, "device_end": 1585629664.911293}}, "FFC_sans_bias96": {"write": {"device_start": -1, "host_queued_start": 1585629731.457206, "device_queued": -1, "device_end": -1, "host_queued_end": 1585629731.474981}, "device": "gpu", "nd_range": {"device_start": 1585629664.9005942, "device_end": 1585629664.9020808}, "cmdq": 2, "read": {"device_start": -1, "device_end": -1}}, "FFC_sans_bias124": {"write": {"device_start": 1585629664.9099724, "host_queued_start": 1585629731.472718, "device_queued": 1585629664.8893664, "device_end": 1585629664.9099975, "host_queued_end": 1585629731.474981}, "device": "gpu", "nd_range": {"device_start": 1585629664.9100018, "device_end": 1585629664.9117327}, "cmdq": 0, "read": {"device_start": 1585629664.9128082, "device_end": 1585629664.912838}}, "FFC_sans_bias126": {"write": {"device_start": 1585629664.8869147, "host_queued_start": 1585629731.436437, "device_queued": 1585629664.8724222, "device_end": 1585629664.886941, "host_queued_end": 1585629731.474981}, "device": "gpu", "nd_range": {"device_start": 1585629664.8869464, "device_end": 1585629664.888765}, "cmdq": 3, "read": {"device_start": -1, "device_end": -1}}, "softmax32": {"write": {"device_start": -1, "host_queued_start": 1585629731.450939, "device_queued": -1, "device_end": -1, "host_queued_end": 1585629731.474981}, "device": "gpu", "nd_range": {"device_start": 1585629664.8966908, "device_end": 1585629664.898172}, "cmdq": 0, "read": {"device_start": -1, "device_end": -1}}, "coalesced_transpose84": {"write": {"device_start": -1, "host_queued_start": 1585629731.443447, "device_queued": -1, "device_end": -1, "host_queued_end": 1585629731.474981}, "device": "gpu", "nd_range": {"device_start": 1585629664.8906138, "device_end": 1585629664.8906486}, "cmdq": 0, "read": {"device_start": -1, "device_end": -1}}, "FFC_sans_bias121": {"write": {"device_start": -1, "host_queued_start": 1585629731.449532, "device_queued": -1, "device_end": -1, "host_queued_end": 1585629731.474981}, "device": "gpu", "nd_range": {"device_start": 1585629664.897612, "device_end": 1585629664.8982177}, "cmdq": 3, "read": {"device_start": -1, "device_end": -1}}, "empty98": {"write": {"device_start": 1585629664.868189, "host_queued_start": 1585629731.388974, "device_queued": 1585629664.8678873, "device_end": 1585629664.8682625, "host_queued_end": 1585629731.474981}, "device": "gpu", "nd_range": {"device_start": 1585629664.8682704, "device_end": 1585629664.8682866}, "cmdq": 1, "read": {"device_start": -1, "device_end": -1}}, "empty107": {"write": {"device_start": 1585629664.8682702, "host_queued_start": 1585629731.389793, "device_queued": 1585629664.8679059, "device_end": 1585629664.868309, "host_queued_end": 1585629731.474981}, "device": "gpu", "nd_range": {"device_start": 1585629664.8683162, "device_end": 1585629664.868325}, "cmdq": 2, "read": {"device_start": -1, "device_end": -1}}, "empty17": {"write": {"device_start": 1585629664.8671343, "host_queued_start": 1585629731.381142, "device_queued": 1585629664.8670065, "device_end": 1585629664.867162, "host_queued_end": 1585629731.474981}, "device": "gpu", "nd_range": {"device_start": 1585629664.8671994, "device_end": 1585629664.8672109}, "cmdq": 0, "read": {"device_start": -1, "device_end": -1}}, "FFC_sans_bias87": {"write": {"device_start": -1, "host_queued_start": 1585629731.456879, "device_queued": -1, "device_end": -1, "host_queued_end": 1585629731.474981}, "device": "gpu", "nd_range": {"device_start": 1585629664.9001641, "device_end": 1585629664.90157}, "cmdq": 1, "read": {"device_start": -1, "device_end": -1}}, "FFC_sans_bias85": {"write": {"device_start": -1, "host_queued_start": 1585629731.448262, "device_queued": -1, "device_end": -1, "host_queued_end": 1585629731.474981}, "device": "gpu", "nd_range": {"device_start": 1585629664.8962033, "device_end": 1585629664.8975885}, "cmdq": 3, "read": {"device_start": -1, "device_end": -1}}, "FFC_sans_bias82": {"write": {"device_start": 1585629664.879665, "host_queued_start": 1585629731.420618, "device_queued": 1585629664.8710701, "device_end": 1585629664.879691, "host_queued_end": 1585629731.474981}, "device": "gpu", "nd_range": {"device_start": 1585629664.8796973, "device_end": 1585629664.881522}, "cmdq": 0, "read": {"device_start": -1, "device_end": -1}}, "FFC_sans_bias83": {"write": {"device_start": 1585629664.8801787, "host_queued_start": 1585629731.42167, "device_queued": 1585629664.8711104, "device_end": 1585629664.880204, "host_queued_end": 1585629731.474981}, "device": "gpu", "nd_range": {"device_start": 1585629664.8802114, "device_end": 1585629664.8820074}, "cmdq": 1, "read": {"device_start": -1, "device_end": -1}}, "FFC_sans_bias81": {"write": {"device_start": 1585629664.8792093, "host_queued_start": 1585629731.419574, "device_queued": 1585629664.8708496, "device_end": 1585629664.8792353, "host_queued_end": 1585629731.474981}, "device": "gpu", "nd_range": {"device_start": 1585629664.879242, "device_end": 1585629664.8810532}, "cmdq": 3, "read": {"device_start": -1, "device_end": -1}}, "FFC_sans_bias88": {"write": {"device_start": 1585629664.908071, "host_queued_start": 1585629731.468446, "device_queued": 1585629664.8889303, "device_end": 1585629664.9081016, "host_queued_end": 1585629731.474981}, "device": "gpu", "nd_range": {"device_start": 1585629664.9081097, "device_end": 1585629664.9097958}, "cmdq": 0, "read": {"device_start": 1585629664.9098086, "device_end": 1585629664.9098327}}, "coalesced_transpose30": {"write": {"device_start": -1, "host_queued_start": 1585629731.441589, "device_queued": -1, "device_end": -1, "host_queued_end": 1585629731.474981}, "device": "gpu", "nd_range": {"device_start": 1585629664.8902104, "device_end": 1585629664.8905945}, "cmdq": 2, "read": {"device_start": -1, "device_end": -1}}, "FFC_sans_bias128": {"write": {"device_start": 1585629664.8864372, "host_queued_start": 1585629731.435395, "device_queued": 1585629664.8723853, "device_end": 1585629664.886463, "host_queued_end": 1585629731.474981}, "device": "gpu", "nd_range": {"device_start": 1585629664.88647, "device_end": 1585629664.8882987}, "cmdq": 2, "read": {"device_start": -1, "device_end": -1}}, "coalesced_transpose39": {"write": {"device_start": -1, "host_queued_start": 1585629731.441896, "device_queued": -1, "device_end": -1, "host_queued_end": 1585629731.474981}, "device": "gpu", "nd_range": {"device_start": 1585629664.8907194, "device_end": 1585629664.890791}, "cmdq": 3, "read": {"device_start": -1, "device_end": -1}}, "FFC_sans_bias79": {"write": {"device_start": 1585629664.9090185, "host_queued_start": 1585629731.46738, "device_queued": 1585629664.8884466, "device_end": 1585629664.9090447, "host_queued_end": 1585629731.474981}, "device": "gpu", "nd_range": {"device_start": 1585629664.90905, "device_end": 1585629664.910755}, "cmdq": 3, "read": {"device_start": 1585629664.9107578, "device_end": 1585629664.910782}}, "FFC_sans_bias78": {"write": {"device_start": -1, "host_queued_start": 1585629731.456557, "device_queued": -1, "device_end": -1, "host_queued_end": 1585629731.474981}, "device": "gpu", "nd_range": {"device_start": 1585629664.9011362, "device_end": 1585629664.9030187}, "cmdq": 0, "read": {"device_start": -1, "device_end": -1}}, "FFC_sans_bias73": {"write": {"device_start": 1585629664.87824, "host_queued_start": 1585629731.417477, "device_queued": 1585629664.8706934, "device_end": 1585629664.8782654, "host_queued_end": 1585629731.474981}, "device": "gpu", "nd_range": {"device_start": 1585629664.878272, "device_end": 1585629664.880096}, "cmdq": 1, "read": {"device_start": -1, "device_end": -1}}, "FFC_sans_bias72": {"write": {"device_start": 1585629664.877727, "host_queued_start": 1585629731.416439, "device_queued": 1585629664.8706353, "device_end": 1585629664.8777533, "host_queued_end": 1585629731.474981}, "device": "gpu", "nd_range": {"device_start": 1585629664.8777583, "device_end": 1585629664.8795807}, "cmdq": 0, "read": {"device_start": -1, "device_end": -1}}, "FFC_sans_bias70": {"write": {"device_start": 1585629664.9070892, "host_queued_start": 1585629731.46632, "device_queued": 1585629664.8883936, "device_end": 1585629664.90712, "host_queued_end": 1585629731.474981}, "device": "gpu", "nd_range": {"device_start": 1585629664.9071274, "device_end": 1585629664.9083235}, "cmdq": 2, "read": {"device_start": 1585629664.9083307, "device_end": 1585629664.908354}}, "FFC_sans_bias76": {"write": {"device_start": -1, "host_queued_start": 1585629731.447943, "device_queued": -1, "device_end": -1, "host_queued_end": 1585629731.474981}, "device": "gpu", "nd_range": {"device_start": 1585629664.892347, "device_end": 1585629664.8937407}, "cmdq": 2, "read": {"device_start": -1, "device_end": -1}}, "FFC_sans_bias74": {"write": {"device_start": 1585629664.8786924, "host_queued_start": 1585629731.41853, "device_queued": 1585629664.8708212, "device_end": 1585629664.8787172, "host_queued_end": 1585629731.474981}, "device": "gpu", "nd_range": {"device_start": 1585629664.8787234, "device_end": 1585629664.8805654}, "cmdq": 2, "read": {"device_start": -1, "device_end": -1}}, "coalesced_transpose102": {"write": {"device_start": -1, "host_queued_start": 1585629731.444059, "device_queued": -1, "device_end": -1, "host_queued_end": 1585629731.474981}, "device": "gpu", "nd_range": {"device_start": 1585629664.8906415, "device_end": 1585629664.8906856}, "cmdq": 2, "read": {"device_start": -1, "device_end": -1}}, "coalesced_transpose3": {"write": {"device_start": -1, "host_queued_start": 1585629731.481343, "device_queued": -1, "device_end": -1, "host_queued_end": 1585629731.483915}, "device": "cpu", "nd_range": {"device_start": 2297505.6830428042, "device_end": 2297505.683283525}, "cmdq": 0, "read": {"device_start": -1, "device_end": -1}}, "FFC_sans_bias127": {"write": {"device_start": 1585629664.887402, "host_queued_start": 1585629731.437485, "device_queued": 1585629664.8726592, "device_end": 1585629664.8874273, "host_queued_end": 1585629731.474981}, "device": "gpu", "nd_range": {"device_start": 1585629664.8874352, "device_end": 1585629664.889261}, "cmdq": 0, "read": {"device_start": -1, "device_end": -1}}, "empty89": {"write": {"device_start": 1585629664.8680785, "host_queued_start": 1585629731.388151, "device_queued": 1585629664.867838, "device_end": 1585629664.8681483, "host_queued_end": 1585629731.474981}, "device": "gpu", "nd_range": {"device_start": 1585629664.8681583, "device_end": 1585629664.8681653}, "cmdq": 0, "read": {"device_start": -1, "device_end": -1}}, "FFC_sans_bias123": {"write": {"device_start": -1, "host_queued_start": 1585629731.45816, "device_queued": -1, "device_end": -1, "host_queued_end": 1585629731.474981}, "device": "gpu", "nd_range": {"device_start": 1585629664.901576, "device_end": 1585629664.9035287}, "cmdq": 1, "read": {"device_start": -1, "device_end": -1}}, "empty80": {"write": {"device_start": 1585629664.8679674, "host_queued_start": 1585629731.387337, "device_queued": 1585629664.8676348, "device_end": 1585629664.868021, "host_queued_end": 1585629731.474981}, "device": "gpu", "nd_range": {"device_start": 1585629664.8680265, "device_end": 1585629664.868035}, "cmdq": 3, "read": {"device_start": -1, "device_end": -1}}, "empty116": {"write": {"device_start": 1585629664.8683784, "host_queued_start": 1585629731.390645, "device_queued": 1585629664.8679278, "device_end": 1585629664.8684444, "host_queued_end": 1585629731.474981}, "device": "gpu", "nd_range": {"device_start": 1585629664.8684509, "device_end": 1585629664.868458}, "cmdq": 3, "read": {"device_start": -1, "device_end": -1}}, "softmax104": {"write": {"device_start": -1, "host_queued_start": 1585629731.452977, "device_queued": -1, "device_end": -1, "host_queued_end": 1585629731.474981}, "device": "gpu", "nd_range": {"device_start": 1585629664.898424, "device_end": 1585629664.898674}, "cmdq": 0, "read": {"device_start": -1, "device_end": -1}}, "coalesced_transpose21": {"write": {"device_start": -1, "host_queued_start": 1585629731.441279, "device_queued": -1, "device_end": -1, "host_queued_end": 1585629731.474981}, "device": "gpu", "nd_range": {"device_start": 1585629664.8897238, "device_end": 1585629664.890579}, "cmdq": 1, "read": {"device_start": -1, "device_end": -1}}, "softmax14": {"write": {"device_start": -1, "host_queued_start": 1585629731.450435, "device_queued": -1, "device_end": -1, "host_queued_end": 1585629731.474981}, "device": "gpu", "nd_range": {"device_start": 1585629664.895736, "device_end": 1585629664.8973227}, "cmdq": 2, "read": {"device_start": -1, "device_end": -1}}, "FFC_sans_bias69": {"write": {"device_start": -1, "host_queued_start": 1585629731.456238, "device_queued": -1, "device_end": -1, "host_queued_end": 1585629731.474981}, "device": "gpu", "nd_range": {"device_start": 1585629664.9025643, "device_end": 1585629664.904515}, "cmdq": 3, "read": {"device_start": -1, "device_end": -1}}, "FFC_sans_bias92": {"write": {"device_start": 1585629664.881612, "host_queued_start": 1585629731.424862, "device_queued": 1585629664.8714116, "device_end": 1585629664.8816378, "host_queued_end": 1585629731.474981}, "device": "gpu", "nd_range": {"device_start": 1585629664.8816464, "device_end": 1585629664.8834436}, "cmdq": 0, "read": {"device_start": -1, "device_end": -1}}, "FFC_sans_bias60": {"write": {"device_start": -1, "host_queued_start": 1585629731.455914, "device_queued": -1, "device_end": -1, "host_queued_end": 1585629731.474981}, "device": "gpu", "nd_range": {"device_start": 1585629664.8995943, "device_end": 1585629664.9005868}, "cmdq": 2, "read": {"device_start": -1, "device_end": -1}}, "FFC_sans_bias61": {"write": {"device_start": 1585629664.907592, "host_queued_start": 1585629731.46526, "device_queued": 1585629664.8880038, "device_end": 1585629664.9076228, "host_queued_end": 1585629731.474981}, "device": "gpu", "nd_range": {"device_start": 1585629664.9076297, "device_end": 1585629664.909308}, "cmdq": 1, "read": {"device_start": 1585629664.9093206, "device_end": 1585629664.9093444}}, "FFC_sans_bias63": {"write": {"device_start": 1585629664.8772738, "host_queued_start": 1585629731.415389, "device_queued": 1585629664.8704197, "device_end": 1585629664.8772998, "host_queued_end": 1585629731.474981}, "device": "gpu", "nd_range": {"device_start": 1585629664.8773065, "device_end": 1585629664.8791268}, "cmdq": 3, "read": {"device_start": -1, "device_end": -1}}, "FFC_sans_bias64": {"write": {"device_start": 1585629664.8763318, "host_queued_start": 1585629731.413236, "device_queued": 1585629664.8702557, "device_end": 1585629664.876359, "host_queued_end": 1585629731.474981}, "device": "gpu", "nd_range": {"device_start": 1585629664.8763657, "device_end": 1585629664.8781514}, "cmdq": 1, "read": {"device_start": -1, "device_end": -1}}, "FFC_sans_bias65": {"write": {"device_start": 1585629664.8767653, "host_queued_start": 1585629731.414319, "device_queued": 1585629664.870392, "device_end": 1585629664.87679, "host_queued_end": 1585629731.474981}, "device": "gpu", "nd_range": {"device_start": 1585629664.8767958, "device_end": 1585629664.8786101}, "cmdq": 2, "read": {"device_start": -1, "device_end": -1}}, "FFC_sans_bias67": {"write": {"device_start": -1, "host_queued_start": 1585629731.447627, "device_queued": -1, "device_end": -1, "host_queued_end": 1585629731.474981}, "device": "gpu", "nd_range": {"device_start": 1585629664.891785, "device_end": 1585629664.8932958}, "cmdq": 1, "read": {"device_start": -1, "device_end": -1}}, "coalesced_transpose111": {"write": {"device_start": -1, "host_queued_start": 1585629731.444456, "device_queued": -1, "device_end": -1, "host_queued_end": 1585629731.474981}, "device": "gpu", "nd_range": {"device_start": 1585629664.8916924, "device_end": 1585629664.8926382}, "cmdq": 3, "read": {"device_start": -1, "device_end": -1}}, "FFC_sans_bias136": {"write": {"device_start": 1585629664.887883, "host_queued_start": 1585629731.438539, "device_queued": 1585629664.8727016, "device_end": 1585629664.8879092, "host_queued_end": 1585629731.474981}, "device": "gpu", "nd_range": {"device_start": 1585629664.8879197, "device_end": 1585629664.889722}, "cmdq": 1, "read": {"device_start": -1, "device_end": -1}}, "FFC_sans_bias135": {"write": {"device_start": 1585629664.88885, "host_queued_start": 1585629731.440649, "device_queued": 1585629664.872855, "device_end": 1585629664.8888779, "host_queued_end": 1585629731.474981}, "device": "gpu", "nd_range": {"device_start": 1585629664.888887, "device_end": 1585629664.8907166}, "cmdq": 3, "read": {"device_start": -1, "device_end": -1}}, "FFC_sans_bias133": {"write": {"device_start": 1585629664.9114347, "host_queued_start": 1585629731.473775, "device_queued": 1585629664.8894048, "device_end": 1585629664.9114654, "host_queued_end": 1585629731.474981}, "device": "gpu", "nd_range": {"device_start": 1585629664.9114707, "device_end": 1585629664.9131505}, "cmdq": 1, "read": {"device_start": 1585629664.9131536, "device_end": 1585629664.9131768}}, "FFC_sans_bias132": {"write": {"device_start": -1, "host_queued_start": 1585629731.45849, "device_queued": -1, "device_end": -1, "host_queued_end": 1585629731.474981}, "device": "gpu", "nd_range": {"device_start": 1585629664.9020865, "device_end": 1585629664.9039824}, "cmdq": 2, "read": {"device_start": -1, "device_end": -1}}, "softmax68": {"write": {"device_start": -1, "host_queued_start": 1585629731.451941, "device_queued": -1, "device_end": -1, "host_queued_end": 1585629731.474981}, "device": "gpu", "nd_range": {"device_start": 1585629664.8981934, "device_end": 1585629664.8984034}, "cmdq": 0, "read": {"device_start": -1, "device_end": -1}}, "softmax131": {"write": {"device_start": -1, "host_queued_start": 1585629731.453721, "device_queued": -1, "device_end": -1, "host_queued_end": 1585629731.474981}, "device": "gpu", "nd_range": {"device_start": 1585629664.899952, "device_end": 1585629664.90075}, "cmdq": 3, "read": {"device_start": -1, "device_end": -1}}, "empty125": {"write": {"device_start": 1585629664.8684864, "host_queued_start": 1585629731.391468, "device_queued": 1585629664.8681614, "device_end": 1585629664.8685415, "host_queued_end": 1585629731.474981}, "device": "gpu", "nd_range": {"device_start": 1585629664.8685484, "device_end": 1585629664.8685553}, "cmdq": 0, "read": {"device_start": -1, "device_end": -1}}, "FFC_sans_bias139": {"write": {"device_start": -1, "host_queued_start": 1585629731.450179, "device_queued": -1, "device_end": -1, "host_queued_end": 1585629731.474981}, "device": "gpu", "nd_range": {"device_start": 1585629664.895234, "device_end": 1585629664.8971267}, "cmdq": 1, "read": {"device_start": -1, "device_end": -1}}, "empty35": {"write": {"device_start": 1585629664.8674479, "host_queued_start": 1585629731.38317, "device_queued": 1585629664.8672416, "device_end": 1585629664.867516, "host_queued_end": 1585629731.474981}, "device": "gpu", "nd_range": {"device_start": 1585629664.8675294, "device_end": 1585629664.867534}, "cmdq": 2, "read": {"device_start": -1, "device_end": -1}}, "softmax86": {"write": {"device_start": -1, "host_queued_start": 1585629731.452447, "device_queued": -1, "device_end": -1, "host_queued_end": 1585629731.474981}, "device": "gpu", "nd_range": {"device_start": 1585629664.8981664, "device_end": 1585629664.8983748}, "cmdq": 2, "read": {"device_start": -1, "device_end": -1}}, "FFC_sans_bias55": {"write": {"device_start": 1585629664.8758237, "host_queued_start": 1585629731.412179, "device_queued": 1585629664.87021, "device_end": 1585629664.8758533, "host_queued_end": 1585629731.474981}, "device": "gpu", "nd_range": {"device_start": 1585629664.8758585, "device_end": 1585629664.8776424}, "cmdq": 0, "read": {"device_start": -1, "device_end": -1}}, "FFC_sans_bias54": {"write": {"device_start": 1585629664.8753965, "host_queued_start": 1585629731.411133, "device_queued": 1585629664.8700125, "device_end": 1585629664.8754277, "host_queued_end": 1585629731.474981}, "device": "gpu", "nd_range": {"device_start": 1585629664.8754337, "device_end": 1585629664.877181}, "cmdq": 3, "read": {"device_start": -1, "device_end": -1}}, "FFC_sans_bias56": {"write": {"device_start": 1585629664.8749223, "host_queued_start": 1585629731.410087, "device_queued": 1585629664.869986, "device_end": 1585629664.874956, "host_queued_end": 1585629731.474981}, "device": "gpu", "nd_range": {"device_start": 1585629664.8749607, "device_end": 1585629664.8766754}, "cmdq": 2, "read": {"device_start": -1, "device_end": -1}}, "FFC_sans_bias51": {"write": {"device_start": -1, "host_queued_start": 1585629731.455593, "device_queued": -1, "device_end": -1, "host_queued_end": 1585629731.474981}, "device": "gpu", "nd_range": {"device_start": 1585629664.8991923, "device_end": 1585629664.9001563}, "cmdq": 1, "read": {"device_start": -1, "device_end": -1}}, "FFC_sans_bias52": {"write": {"device_start": 1585629664.9066079, "host_queued_start": 1585629731.464188, "device_queued": 1585629664.8879557, "device_end": 1585629664.9066389, "host_queued_end": 1585629731.474981}, "device": "gpu", "nd_range": {"device_start": 1585629664.906649, "device_end": 1585629664.9078956}, "cmdq": 0, "read": {"device_start": 1585629664.907899, "device_end": 1585629664.9079225}}, "FFC_sans_bias58": {"write": {"device_start": -1, "host_queued_start": 1585629731.447307, "device_queued": -1, "device_end": -1, "host_queued_end": 1585629731.474981}, "device": "gpu", "nd_range": {"device_start": 1585629664.8913774, "device_end": 1585629664.8927414}, "cmdq": 0, "read": {"device_start": -1, "device_end": -1}}, "FFC_sans_bias108": {"write": {"device_start": 1585629664.8835309, "host_queued_start": 1585629731.429043, "device_queued": 1585629664.8718338, "device_end": 1585629664.8835561, "host_queued_end": 1585629731.474981}, "device": "gpu", "nd_range": {"device_start": 1585629664.8835626, "device_end": 1585629664.8853817}, "cmdq": 0, "read": {"device_start": -1, "device_end": -1}}, "FFC_sans_bias109": {"write": {"device_start": 1585629664.884039, "host_queued_start": 1585629731.430089, "device_queued": 1585629664.8718774, "device_end": 1585629664.8840659, "host_queued_end": 1585629731.474981}, "device": "gpu", "nd_range": {"device_start": 1585629664.8840714, "device_end": 1585629664.8858538}, "cmdq": 1, "read": {"device_start": -1, "device_end": -1}}, "coalesced_transpose129": {"write": {"device_start": -1, "host_queued_start": 1585629731.445067, "device_queued": -1, "device_end": -1, "host_queued_end": 1585629731.474981}, "device": "gpu", "nd_range": {"device_start": 1585629664.8906798, "device_end": 1585629664.8907561}, "cmdq": 1, "read": {"device_start": -1, "device_end": -1}}, "FFC_sans_bias103": {"write": {"device_start": -1, "host_queued_start": 1585629731.448898, "device_queued": -1, "device_end": -1, "host_queued_end": 1585629731.474981}, "device": "gpu", "nd_range": {"device_start": 1585629664.8933184, "device_end": 1585629664.8952117}, "cmdq": 1, "read": {"device_start": -1, "device_end": -1}}, "FFC_sans_bias100": {"write": {"device_start": 1585629664.8825593, "host_queued_start": 1585629731.426948, "device_queued": 1585629664.8716366, "device_end": 1585629664.882584, "host_queued_end": 1585629731.474981}, "device": "gpu", "nd_range": {"device_start": 1585629664.8825896, "device_end": 1585629664.8844166}, "cmdq": 2, "read": {"device_start": -1, "device_end": -1}}, "FFC_sans_bias101": {"write": {"device_start": 1585629664.8830664, "host_queued_start": 1585629731.427995, "device_queued": 1585629664.8716621, "device_end": 1585629664.8830922, "host_queued_end": 1585629731.474981}, "device": "gpu", "nd_range": {"device_start": 1585629664.8831, "device_end": 1585629664.8849013}, "cmdq": 3, "read": {"device_start": -1, "device_end": -1}}, "FFC_sans_bias106": {"write": {"device_start": 1585629664.9084976, "host_queued_start": 1585629731.4706, "device_queued": 1585629664.8890991, "device_end": 1585629664.9085283, "host_queued_end": 1585629731.474981}, "device": "gpu", "nd_range": {"device_start": 1585629664.9085336, "device_end": 1585629664.9102802}, "cmdq": 2, "read": {"device_start": 1585629664.9102838, "device_end": 1585629664.9103074}}, "softmax122": {"write": {"device_start": -1, "host_queued_start": 1585629731.453475, "device_queued": -1, "device_end": -1, "host_queued_end": 1585629731.474981}, "device": "gpu", "nd_range": {"device_start": 1585629664.8983853, "device_end": 1585629664.898604}, "cmdq": 2, "read": {"device_start": -1, "device_end": -1}}, "FFC_sans_bias105": {"write": {"device_start": -1, "host_queued_start": 1585629731.457517, "device_queued": -1, "device_end": -1, "host_queued_end": 1585629731.474981}, "device": "gpu", "nd_range": {"device_start": 1585629664.90452, "device_end": 1585629664.905931}, "cmdq": 3, "read": {"device_start": -1, "device_end": -1}}, "softmax95": {"write": {"device_start": -1, "host_queued_start": 1585629731.452724, "device_queued": -1, "device_end": -1, "host_queued_end": 1585629731.474981}, "device": "gpu", "nd_range": {"device_start": 1585629664.8987837, "device_end": 1585629664.8999436}, "cmdq": 3, "read": {"device_start": -1, "device_end": -1}}, "coalesced_transpose57": {"write": {"device_start": -1, "host_queued_start": 1585629731.442519, "device_queued": -1, "device_end": -1, "host_queued_end": 1585629731.474981}, "device": "gpu", "nd_range": {"device_start": 1585629664.8905885, "device_end": 1585629664.8906202}, "cmdq": 1, "read": {"device_start": -1, "device_end": -1}}, "empty26": {"write": {"device_start": 1585629664.8673198, "host_queued_start": 1585629731.382203, "device_queued": 1585629664.8672168, "device_end": 1585629664.867389, "host_queued_end": 1585629731.474981}, "device": "gpu", "nd_range": {"device_start": 1585629664.8673966, "device_end": 1585629664.8674023}, "cmdq": 1, "read": {"device_start": -1, "device_end": -1}}, "softmax113": {"write": {"device_start": -1, "host_queued_start": 1585629731.453229, "device_queued": -1, "device_end": -1, "host_queued_end": 1585629731.474981}, "device": "gpu", "nd_range": {"device_start": 1585629664.8983607, "device_end": 1585629664.898567}, "cmdq": 1, "read": {"device_start": -1, "device_end": -1}}, "FFC_sans_bias11": {"write": {"device_start": 1585629664.8690035, "host_queued_start": 1585629731.396247, "device_queued": 1585629664.8685417, "device_end": 1585629664.8690586, "host_queued_end": 1585629731.474981}, "device": "gpu", "nd_range": {"device_start": 1585629664.8690653, "device_end": 1585629664.8704393}, "cmdq": 1, "read": {"device_start": -1, "device_end": -1}}, "FFC_sans_bias42": {"write": {"device_start": -1, "host_queued_start": 1585629731.45528, "device_queued": -1, "device_end": -1, "host_queued_end": 1585629731.474981}, "device": "gpu", "nd_range": {"device_start": 1585629664.8999648, "device_end": 1585629664.901129}, "cmdq": 0, "read": {"device_start": -1, "device_end": -1}}, "FFC_sans_bias43": {"write": {"device_start": 1585629664.9074633, "host_queued_start": 1585629731.463145, "device_queued": 1585629664.8874655, "device_end": 1585629664.907495, "host_queued_end": 1585629731.474981}, "device": "gpu", "nd_range": {"device_start": 1585629664.9075017, "device_end": 1585629664.9088523}, "cmdq": 3, "read": {"device_start": 1585629664.9088566, "device_end": 1585629664.9088817}}, "FFC_sans_bias40": {"write": {"device_start": -1, "host_queued_start": 1585629731.446667, "device_queued": -1, "device_end": -1, "host_queued_end": 1585629731.474981}, "device": "gpu", "nd_range": {"device_start": 1585629664.890833, "device_end": 1585629664.892324}, "cmdq": 2, "read": {"device_start": -1, "device_end": -1}}, "FFC_sans_bias46": {"write": {"device_start": 1585629664.8739493, "host_queued_start": 1585629731.407982, "device_queued": 1585629664.869794, "device_end": 1585629664.8739743, "host_queued_end": 1585629731.474981}, "device": "gpu", "nd_range": {"device_start": 1585629664.8739798, "device_end": 1585629664.8756912}, "cmdq": 0, "read": {"device_start": -1, "device_end": -1}}, "FFC_sans_bias47": {"write": {"device_start": 1585629664.874434, "host_queued_start": 1585629731.409039, "device_queued": 1585629664.8698394, "device_end": 1585629664.8744667, "host_queued_end": 1585629731.474981}, "device": "gpu", "nd_range": {"device_start": 1585629664.874476, "device_end": 1585629664.8762312}, "cmdq": 1, "read": {"device_start": -1, "device_end": -1}}, "FFC_sans_bias45": {"write": {"device_start": 1585629664.8734748, "host_queued_start": 1585629731.406936, "device_queued": 1585629664.8696294, "device_end": 1585629664.8735065, "host_queued_end": 1585629731.474981}, "device": "gpu", "nd_range": {"device_start": 1585629664.87351, "device_end": 1585629664.87526}, "cmdq": 3, "read": {"device_start": -1, "device_end": -1}}, "FFC_sans_bias49": {"write": {"device_start": -1, "host_queued_start": 1585629731.446983, "device_queued": -1, "device_end": -1, "host_queued_end": 1585629731.474981}, "device": "gpu", "nd_range": {"device_start": 1585629664.8942685, "device_end": 1585629664.8961804}, "cmdq": 3, "read": {"device_start": -1, "device_end": -1}}, "softmax77": {"write": {"device_start": -1, "host_queued_start": 1585629731.452197, "device_queued": -1, "device_end": -1, "host_queued_end": 1585629731.474981}, "device": "gpu", "nd_range": {"device_start": 1585629664.8981416, "device_end": 1585629664.8983507}, "cmdq": 1, "read": {"device_start": -1, "device_end": -1}}, "empty134": {"write": {"device_start": 1585629664.8686116, "host_queued_start": 1585629731.392286, "device_queued": 1585629664.868203, "device_end": 1585629664.8686793, "host_queued_end": 1585629731.474981}, "device": "gpu", "nd_range": {"device_start": 1585629664.8686867, "device_end": 1585629664.868694}, "cmdq": 1, "read": {"device_start": -1, "device_end": -1}}, "coalesced_transpose138": {"write": {"device_start": -1, "host_queued_start": 1585629731.445377, "device_queued": -1, "device_end": -1, "host_queued_end": 1585629731.474981}, "device": "gpu", "nd_range": {"device_start": 1585629664.8907104, "device_end": 1585629664.8907845}, "cmdq": 2, "read": {"device_start": -1, "device_end": -1}}, "FFC_sans_bias119": {"write": {"device_start": 1585629664.885938, "host_queued_start": 1585629731.43432, "device_queued": 1585629664.872271, "device_end": 1585629664.8859642, "host_queued_end": 1585629731.474981}, "device": "gpu", "nd_range": {"device_start": 1585629664.8859718, "device_end": 1585629664.887789}, "cmdq": 1, "read": {"device_start": -1, "device_end": -1}}, "FFC_sans_bias118": {"write": {"device_start": 1585629664.885477, "host_queued_start": 1585629731.433238, "device_queued": 1585629664.8722312, "device_end": 1585629664.8855028, "host_queued_end": 1585629731.474981}, "device": "gpu", "nd_range": {"device_start": 1585629664.88551, "device_end": 1585629664.8873193}, "cmdq": 0, "read": {"device_start": -1, "device_end": -1}}, "empty143": {"write": {"device_start": 1585629664.8687305, "host_queued_start": 1585629731.393104, "device_queued": 1585629664.8682275, "device_end": 1585629664.8688, "host_queued_end": 1585629731.474981}, "device": "gpu", "nd_range": {"device_start": 1585629664.8688078, "device_end": 1585629664.8688154}, "cmdq": 2, "read": {"device_start": -1, "device_end": -1}}, "FFC_sans_bias115": {"write": {"device_start": 1585629664.910924, "host_queued_start": 1585629731.471664, "device_queued": 1585629664.8891225, "device_end": 1585629664.9109547, "host_queued_end": 1585629731.474981}, "device": "gpu", "nd_range": {"device_start": 1585629664.9109569, "device_end": 1585629664.9126942}, "cmdq": 3, "read": {"device_start": 1585629664.912702, "device_end": 1585629664.9127245}}, "FFC_sans_bias114": {"write": {"device_start": -1, "host_queued_start": 1585629731.45783, "device_queued": -1, "device_end": -1, "host_queued_end": 1585629731.474981}, "device": "gpu", "nd_range": {"device_start": 1585629664.9030242, "device_end": 1585629664.9049613}, "cmdq": 0, "read": {"device_start": -1, "device_end": -1}}, "FFC_sans_bias117": {"write": {"device_start": 1585629664.8849978, "host_queued_start": 1585629731.432192, "device_queued": 1585629664.8720512, "device_end": 1585629664.8850238, "host_queued_end": 1585629731.474981}, "device": "gpu", "nd_range": {"device_start": 1585629664.8850305, "device_end": 1585629664.88682}, "cmdq": 3, "read": {"device_start": -1, "device_end": -1}}, "softmax5": {"write": {"device_start": -1, "host_queued_start": 1585629731.482118, "device_queued": -1, "device_end": -1, "host_queued_end": 1585629731.483915}, "device": "cpu", "nd_range": {"device_start": 2297505.691574276, "device_end": 2297505.6917103333}, "cmdq": 0, "read": {"device_start": -1, "device_end": -1}}, "FFC_sans_bias110": {"write": {"device_start": 1585629664.8844981, "host_queued_start": 1585629731.431149, "device_queued": 1585629664.8720276, "device_end": 1585629664.8845248, "host_queued_end": 1585629731.474981}, "device": "gpu", "nd_range": {"device_start": 1585629664.8845313, "device_end": 1585629664.8863459}, "cmdq": 2, "read": {"device_start": -1, "device_end": -1}}, "FFC_sans_bias112": {"write": {"device_start": -1, "host_queued_start": 1585629731.449213, "device_queued": -1, "device_end": -1, "host_queued_end": 1585629731.474981}, "device": "gpu", "nd_range": {"device_start": 1585629664.8937638, "device_end": 1585629664.895714}, "cmdq": 2, "read": {"device_start": -1, "device_end": -1}}, "empty53": {"write": {"device_start": 1585629664.8676362, "host_queued_start": 1585629731.384867, "device_queued": 1585629664.8675463, "device_end": 1585629664.8677042, "host_queued_end": 1585629731.474981}, "device": "gpu", "nd_range": {"device_start": 1585629664.8677096, "device_end": 1585629664.8677182}, "cmdq": 0, "read": {"device_start": -1, "device_end": -1}}, "coalesced_transpose48": {"write": {"device_start": -1, "host_queued_start": 1585629731.442205, "device_queued": -1, "device_end": -1, "host_queued_end": 1585629731.474981}, "device": "gpu", "nd_range": {"device_start": 1585629664.8905628, "device_end": 1585629664.8906114}, "cmdq": 0, "read": {"device_start": -1, "device_end": -1}}}