{"FFC_sans_bias4": {"write": {"device_start": -1, "host_queued_start": 1585629088.486463, "device_queued": -1, "device_end": -1, "host_queued_end": 1585629088.503977}, "device": "cpu", "nd_range": {"device_start": 2296862.834881601, "device_end": 2296862.845196975}, "cmdq": 1, "read": {"device_start": -1, "device_end": -1}}, "FFC_sans_bias7": {"write": {"device_start": -1, "host_queued_start": 1585629088.495937, "device_queued": -1, "device_end": -1, "host_queued_end": 1585629088.503977}, "device": "cpu", "nd_range": {"device_start": 2296862.881910182, "device_end": 2296862.8979068613}, "cmdq": 0, "read": {"device_start": -1, "device_end": -1}}, "FFC_sans_bias6": {"write": {"device_start": -1, "host_queued_start": 1585629088.492121, "device_queued": -1, "device_end": -1, "host_queued_end": 1585629088.503977}, "device": "cpu", "nd_range": {"device_start": 2296862.861705223, "device_end": 2296862.8795166183}, "cmdq": 3, "read": {"device_start": -1, "device_end": -1}}, "FFC_sans_bias1": {"write": {"device_start": -1, "host_queued_start": 1585629088.455859, "device_queued": -1, "device_end": -1, "host_queued_end": 1585629088.503977}, "device": "cpu", "nd_range": {"device_start": 2296862.693682232, "device_end": 2296862.7093699262}, "cmdq": 2, "read": {"device_start": -1, "device_end": -1}}, "FFC_sans_bias0": {"write": {"device_start": -1, "host_queued_start": 1585629088.454707, "device_queued": -1, "device_end": -1, "host_queued_end": 1585629088.503977}, "device": "cpu", "nd_range": {"device_start": 2296862.693644713, "device_end": 2296862.709342793}, "cmdq": 1, "read": {"device_start": -1, "device_end": -1}}, "FFC_sans_bias2": {"write": {"device_start": -1, "host_queued_start": 1585629088.456962, "device_queued": -1, "device_end": -1, "host_queued_end": 1585629088.503977}, "device": "cpu", "nd_range": {"device_start": 2296862.694568943, "device_end": 2296862.709760899}, "cmdq": 3, "read": {"device_start": -1, "device_end": -1}}, "coalesced_transpose120": {"write": {"device_start": -1, "host_queued_start": 1585629088.430321, "device_queued": -1, "device_end": -1, "host_queued_end": 1585629088.444657}, "device": "gpu", "nd_range": {"device_start": 1585629021.8699265, "device_end": 1585629021.8699348}, "cmdq": 0, "read": {"device_start": -1, "device_end": -1}}, "FFC_sans_bias9": {"write": {"device_start": -1, "host_queued_start": 1585629088.458139, "device_queued": -1, "device_end": -1, "host_queued_end": 1585629088.503977}, "device": "cpu", "nd_range": {"device_start": 2296862.6936513223, "device_end": 2296862.7099231724}, "cmdq": 0, "read": {"device_start": -1, "device_end": -1}}, "empty71": {"write": {"device_start": -1, "host_queued_start": 1585629088.452853, "device_queued": -1, "device_end": -1, "host_queued_end": 1585629088.503977}, "device": "cpu", "nd_range": {"device_start": 2296862.694454365, "device_end": 2296862.694456187}, "cmdq": 3, "read": {"device_start": -1, "device_end": -1}}, "softmax41": {"write": {"device_start": -1, "host_queued_start": 1585629088.490683, "device_queued": -1, "device_end": -1, "host_queued_end": 1585629088.503977}, "device": "cpu", "nd_range": {"device_start": 2296862.860337451, "device_end": 2296862.860541582}, "cmdq": 2, "read": {"device_start": -1, "device_end": -1}}, "FFC_sans_bias37": {"write": {"device_start": -1, "host_queued_start": 1585629088.46903, "device_queued": -1, "device_end": -1, "host_queued_end": 1585629088.503977}, "device": "cpu", "nd_range": {"device_start": 2296862.740527782, "device_end": 2296862.755755303}, "cmdq": 2, "read": {"device_start": -1, "device_end": -1}}, "FFC_sans_bias36": {"write": {"device_start": -1, "host_queued_start": 1585629088.467988, "device_queued": -1, "device_end": -1, "host_queued_end": 1585629088.503977}, "device": "cpu", "nd_range": {"device_start": 2296862.767338601, "device_end": 2296862.7971623293}, "cmdq": 1, "read": {"device_start": -1, "device_end": -1}}, "FFC_sans_bias34": {"write": {"device_start": -1, "host_queued_start": 1585629088.498967, "device_queued": -1, "device_end": -1, "host_queued_end": 1585629088.503977}, "device": "cpu", "nd_range": {"device_start": 2296862.910785824, "device_end": 2296862.931617145}, "cmdq": 3, "read": {"device_start": -1, "device_end": -1}}, "FFC_sans_bias33": {"write": {"device_start": -1, "host_queued_start": 1585629088.493184, "device_queued": -1, "device_end": -1, "host_queued_end": 1585629088.503977}, "device": "cpu", "nd_range": {"device_start": 2296862.867569645, "device_end": 2296862.8823016}, "cmdq": 2, "read": {"device_start": -1, "device_end": -1}}, "FFC_sans_bias31": {"write": {"device_start": -1, "host_queued_start": 1585629088.487495, "device_queued": -1, "device_end": -1, "host_queued_end": 1585629088.503977}, "device": "cpu", "nd_range": {"device_start": 2296862.7993772742, "device_end": 2296862.8108940483}, "cmdq": 0, "read": {"device_start": -1, "device_end": -1}}, "FFC_sans_bias38": {"write": {"device_start": -1, "host_queued_start": 1585629088.470083, "device_queued": -1, "device_end": -1, "host_queued_end": 1585629088.503977}, "device": "cpu", "nd_range": {"device_start": 2296862.7402675003, "device_end": 2296862.755388501}, "cmdq": 3, "read": {"device_start": -1, "device_end": -1}}, "coalesced_transpose75": {"write": {"device_start": -1, "host_queued_start": 1585629088.486122, "device_queued": -1, "device_end": -1, "host_queued_end": 1585629088.503977}, "device": "cpu", "nd_range": {"device_start": 2296862.799044424, "device_end": 2296862.79925087}, "cmdq": 0, "read": {"device_start": -1, "device_end": -1}}, "softmax140": {"write": {"device_start": -1, "host_queued_start": 1585629088.434959, "device_queued": -1, "device_end": -1, "host_queued_end": 1585629088.444657}, "device": "gpu", "nd_range": {"device_start": 1585629021.8754342, "device_end": 1585629021.8756528}, "cmdq": 0, "read": {"device_start": -1, "device_end": -1}}, "empty44": {"write": {"device_start": -1, "host_queued_start": 1585629088.450231, "device_queued": -1, "device_end": -1, "host_queued_end": 1585629088.503977}, "device": "cpu", "nd_range": {"device_start": 2296862.6936375713, "device_end": 2296862.6936384942}, "cmdq": 0, "read": {"device_start": -1, "device_end": -1}}, "FFC_sans_bias137": {"write": {"device_start": 1585629021.8685265, "host_queued_start": 1585629088.42767, "device_queued": 1585629021.856212, "device_end": 1585629021.868557, "host_queued_end": 1585629088.444657}, "device": "gpu", "nd_range": {"device_start": 1585629021.86856, "device_end": 1585629021.869155}, "cmdq": 0, "read": {"device_start": -1, "device_end": -1}}, "empty8": {"write": {"device_start": -1, "host_queued_start": 1585629088.446358, "device_queued": -1, "device_end": -1, "host_queued_end": 1585629088.503977}, "device": "cpu", "nd_range": {"device_start": 2296862.6936008013, "device_end": 2296862.6936132153}, "cmdq": 0, "read": {"device_start": -1, "device_end": -1}}, "softmax50": {"write": {"device_start": -1, "host_queued_start": 1585629088.490959, "device_queued": -1, "device_end": -1, "host_queued_end": 1585629088.503977}, "device": "cpu", "nd_range": {"device_start": 2296862.861484075, "device_end": 2296862.8616934502}, "cmdq": 3, "read": {"device_start": -1, "device_end": -1}}, "softmax59": {"write": {"device_start": -1, "host_queued_start": 1585629088.491229, "device_queued": -1, "device_end": -1, "host_queued_end": 1585629088.503977}, "device": "cpu", "nd_range": {"device_start": 2296862.8429953353, "device_end": 2296862.8432024773}, "cmdq": 0, "read": {"device_start": -1, "device_end": -1}}, "FFC_sans_bias142": {"write": {"device_start": 1585629021.8849344, "host_queued_start": 1585629088.444552, "device_queued": 1585629021.8581932, "device_end": 1585629021.8849657, "host_queued_end": 1585629088.444657}, "device": "gpu", "nd_range": {"device_start": 1585629021.8849692, "device_end": 1585629021.885565}, "cmdq": 0, "read": {"device_start": 1585629021.8855674, "device_end": 1585629021.885599}}, "FFC_sans_bias141": {"write": {"device_start": -1, "host_queued_start": 1585629088.437194, "device_queued": -1, "device_end": -1, "host_queued_end": 1585629088.444657}, "device": "gpu", "nd_range": {"device_start": 1585629021.8792515, "device_end": 1585629021.87985}, "cmdq": 0, "read": {"device_start": -1, "device_end": -1}}, "FFC_sans_bias24": {"write": {"device_start": -1, "host_queued_start": 1585629088.492844, "device_queued": -1, "device_end": -1, "host_queued_end": 1585629088.503977}, "device": "cpu", "nd_range": {"device_start": 2296862.864077982, "device_end": 2296862.879391684}, "cmdq": 1, "read": {"device_start": -1, "device_end": -1}}, "FFC_sans_bias25": {"write": {"device_start": -1, "host_queued_start": 1585629088.497969, "device_queued": -1, "device_end": -1, "host_queued_end": 1585629088.503977}, "device": "cpu", "nd_range": {"device_start": 2296862.8975236863, "device_end": 2296862.912737701}, "cmdq": 2, "read": {"device_start": -1, "device_end": -1}}, "FFC_sans_bias27": {"write": {"device_start": -1, "host_queued_start": 1585629088.464833, "device_queued": -1, "device_end": -1, "host_queued_end": 1585629088.503977}, "device": "cpu", "nd_range": {"device_start": 2296862.724971347, "device_end": 2296862.7404161203}, "cmdq": 2, "read": {"device_start": -1, "device_end": -1}}, "FFC_sans_bias20": {"write": {"device_start": -1, "host_queued_start": 1585629088.463757, "device_queued": -1, "device_end": -1, "host_queued_end": 1585629088.503977}, "device": "cpu", "nd_range": {"device_start": 2296862.743669818, "device_end": 2296862.767329379}, "cmdq": 1, "read": {"device_start": -1, "device_end": -1}}, "FFC_sans_bias22": {"write": {"device_start": -1, "host_queued_start": 1585629088.487153, "device_queued": -1, "device_end": -1, "host_queued_end": 1585629088.503977}, "device": "cpu", "nd_range": {"device_start": 2296862.799299898, "device_end": 2296862.807659471}, "cmdq": 3, "read": {"device_start": -1, "device_end": -1}}, "FFC_sans_bias130": {"write": {"device_start": -1, "host_queued_start": 1585629088.432869, "device_queued": -1, "device_end": -1, "host_queued_end": 1585629088.444657}, "device": "gpu", "nd_range": {"device_start": 1585629021.872956, "device_end": 1585629021.8735561}, "cmdq": 0, "read": {"device_start": -1, "device_end": -1}}, "FFC_sans_bias28": {"write": {"device_start": -1, "host_queued_start": 1585629088.465878, "device_queued": -1, "device_end": -1, "host_queued_end": 1585629088.503977}, "device": "cpu", "nd_range": {"device_start": 2296862.724999154, "device_end": 2296862.740147986}, "cmdq": 3, "read": {"device_start": -1, "device_end": -1}}, "FFC_sans_bias29": {"write": {"device_start": -1, "host_queued_start": 1585629088.466942, "device_queued": -1, "device_end": -1, "host_queued_end": 1585629088.503977}, "device": "cpu", "nd_range": {"device_start": 2296862.725693814, "device_end": 2296862.741571269}, "cmdq": 0, "read": {"device_start": -1, "device_end": -1}}, "coalesced_transpose66": {"write": {"device_start": -1, "host_queued_start": 1585629088.485795, "device_queued": -1, "device_end": -1, "host_queued_end": 1585629088.503977}, "device": "cpu", "nd_range": {"device_start": 2296862.798415055, "device_end": 2296862.798654511}, "cmdq": 3, "read": {"device_start": -1, "device_end": -1}}, "coalesced_transpose93": {"write": {"device_start": -1, "host_queued_start": 1585629088.429381, "device_queued": -1, "device_end": -1, "host_queued_end": 1585629088.444657}, "device": "gpu", "nd_range": {"device_start": 1585629021.8698974, "device_end": 1585629021.8699062}, "cmdq": 0, "read": {"device_start": -1, "device_end": -1}}, "softmax23": {"write": {"device_start": -1, "host_queued_start": 1585629088.49013, "device_queued": -1, "device_end": -1, "host_queued_end": 1585629088.503977}, "device": "cpu", "nd_range": {"device_start": 2296862.8222875693, "device_end": 2296862.8225213704}, "cmdq": 0, "read": {"device_start": -1, "device_end": -1}}, "empty62": {"write": {"device_start": -1, "host_queued_start": 1585629088.451961, "device_queued": -1, "device_end": -1, "host_queued_end": 1585629088.503977}, "device": "cpu", "nd_range": {"device_start": 2296862.693671749, "device_end": 2296862.693672683}, "cmdq": 2, "read": {"device_start": -1, "device_end": -1}}, "FFC_sans_bias10": {"write": {"device_start": -1, "host_queued_start": 1585629088.459278, "device_queued": -1, "device_end": -1, "host_queued_end": 1585629088.503977}, "device": "cpu", "nd_range": {"device_start": 2296862.712827837, "device_end": 2296862.7353674313}, "cmdq": 1, "read": {"device_start": -1, "device_end": -1}}, "FFC_sans_bias13": {"write": {"device_start": -1, "host_queued_start": 1585629088.486812, "device_queued": -1, "device_end": -1, "host_queued_end": 1585629088.503977}, "device": "cpu", "nd_range": {"device_start": 2296862.835297416, "device_end": 2296862.843771196}, "cmdq": 2, "read": {"device_start": -1, "device_end": -1}}, "FFC_sans_bias15": {"write": {"device_start": -1, "host_queued_start": 1585629088.492502, "device_queued": -1, "device_end": -1, "host_queued_end": 1585629088.503977}, "device": "cpu", "nd_range": {"device_start": 2296862.844376767, "device_end": 2296862.859223213}, "cmdq": 0, "read": {"device_start": -1, "device_end": -1}}, "FFC_sans_bias16": {"write": {"device_start": -1, "host_queued_start": 1585629088.496936, "device_queued": -1, "device_end": -1, "host_queued_end": 1585629088.503977}, "device": "cpu", "nd_range": {"device_start": 2296862.911968635, "device_end": 2296862.9271376063}, "cmdq": 1, "read": {"device_start": -1, "device_end": -1}}, "FFC_sans_bias19": {"write": {"device_start": -1, "host_queued_start": 1585629088.462693, "device_queued": -1, "device_end": -1, "host_queued_end": 1585629088.503977}, "device": "cpu", "nd_range": {"device_start": 2296862.710058102, "device_end": 2296862.7255700123}, "cmdq": 0, "read": {"device_start": -1, "device_end": -1}}, "FFC_sans_bias18": {"write": {"device_start": -1, "host_queued_start": 1585629088.461611, "device_queued": -1, "device_end": -1, "host_queued_end": 1585629088.503977}, "device": "cpu", "nd_range": {"device_start": 2296862.709771985, "device_end": 2296862.724945743}, "cmdq": 3, "read": {"device_start": -1, "device_end": -1}}, "FFC_sans_bias99": {"write": {"device_start": 1585629021.859078, "host_queued_start": 1585629088.413758, "device_queued": 1585629021.854916, "device_end": 1585629021.859106, "host_queued_end": 1585629088.444657}, "device": "gpu", "nd_range": {"device_start": 1585629021.859116, "device_end": 1585629021.8597167}, "cmdq": 0, "read": {"device_start": -1, "device_end": -1}}, "FFC_sans_bias91": {"write": {"device_start": 1585629021.8576076, "host_queued_start": 1585629088.411682, "device_queued": 1585629021.8547635, "device_end": 1585629021.8576317, "host_queued_end": 1585629088.444657}, "device": "gpu", "nd_range": {"device_start": 1585629021.8576343, "device_end": 1585629021.8582304}, "cmdq": 0, "read": {"device_start": -1, "device_end": -1}}, "FFC_sans_bias90": {"write": {"device_start": 1585629021.8569038, "host_queued_start": 1585629088.41065, "device_queued": 1585629021.8547251, "device_end": 1585629021.856928, "host_queued_end": 1585629088.444657}, "device": "gpu", "nd_range": {"device_start": 1585629021.8569343, "device_end": 1585629021.8575315}, "cmdq": 0, "read": {"device_start": -1, "device_end": -1}}, "coalesced_transpose12": {"write": {"device_start": -1, "host_queued_start": 1585629088.483814, "device_queued": -1, "device_end": -1, "host_queued_end": 1585629088.503977}, "device": "cpu", "nd_range": {"device_start": 2296862.834168422, "device_end": 2296862.834417929}, "cmdq": 1, "read": {"device_start": -1, "device_end": -1}}, "FFC_sans_bias94": {"write": {"device_start": -1, "host_queued_start": 1585629088.431608, "device_queued": -1, "device_end": -1, "host_queued_end": 1585629088.444657}, "device": "gpu", "nd_range": {"device_start": 1585629021.8705552, "device_end": 1585629021.871154}, "cmdq": 0, "read": {"device_start": -1, "device_end": -1}}, "FFC_sans_bias97": {"write": {"device_start": 1585629021.8808405, "host_queued_start": 1585629088.439312, "device_queued": 1585629021.8575788, "device_end": 1585629021.8808694, "host_queued_end": 1585629088.444657}, "device": "gpu", "nd_range": {"device_start": 1585629021.8808722, "device_end": 1585629021.8814676}, "cmdq": 0, "read": {"device_start": 1585629021.8814702, "device_end": 1585629021.8814952}}, "FFC_sans_bias96": {"write": {"device_start": -1, "host_queued_start": 1585629088.43559, "device_queued": -1, "device_end": -1, "host_queued_end": 1585629088.444657}, "device": "gpu", "nd_range": {"device_start": 1585629021.8762505, "device_end": 1585629021.8768504}, "cmdq": 0, "read": {"device_start": -1, "device_end": -1}}, "FFC_sans_bias124": {"write": {"device_start": 1585629021.883299, "host_queued_start": 1585629088.442451, "device_queued": 1585629021.8579826, "device_end": 1585629021.8833287, "host_queued_end": 1585629088.444657}, "device": "gpu", "nd_range": {"device_start": 1585629021.8833315, "device_end": 1585629021.8839278}, "cmdq": 0, "read": {"device_start": 1585629021.8839371, "device_end": 1585629021.8839605}}, "FFC_sans_bias126": {"write": {"device_start": 1585629021.866295, "host_queued_start": 1585629088.424368, "device_queued": 1585629021.855857, "device_end": 1585629021.8663244, "host_queued_end": 1585629088.444657}, "device": "gpu", "nd_range": {"device_start": 1585629021.8663328, "device_end": 1585629021.866929}, "cmdq": 0, "read": {"device_start": -1, "device_end": -1}}, "softmax32": {"write": {"device_start": -1, "host_queued_start": 1585629088.490405, "device_queued": -1, "device_end": -1, "host_queued_end": 1585629088.503977}, "device": "cpu", "nd_range": {"device_start": 2296862.863629605, "device_end": 2296862.8638489624}, "cmdq": 1, "read": {"device_start": -1, "device_end": -1}}, "coalesced_transpose84": {"write": {"device_start": -1, "host_queued_start": 1585629088.429069, "device_queued": -1, "device_end": -1, "host_queued_end": 1585629088.444657}, "device": "gpu", "nd_range": {"device_start": 1585629021.8698876, "device_end": 1585629021.8698962}, "cmdq": 0, "read": {"device_start": -1, "device_end": -1}}, "FFC_sans_bias121": {"write": {"device_start": -1, "host_queued_start": 1585629088.432553, "device_queued": -1, "device_end": -1, "host_queued_end": 1585629088.444657}, "device": "gpu", "nd_range": {"device_start": 1585629021.8723547, "device_end": 1585629021.872955}, "cmdq": 0, "read": {"device_start": -1, "device_end": -1}}, "empty98": {"write": {"device_start": 1585629021.853956, "host_queued_start": 1585629088.402229, "device_queued": 1585629021.8537786, "device_end": 1585629021.853982, "host_queued_end": 1585629088.444657}, "device": "gpu", "nd_range": {"device_start": 1585629021.8539848, "device_end": 1585629021.8539941}, "cmdq": 0, "read": {"device_start": -1, "device_end": -1}}, "empty107": {"write": {"device_start": 1585629021.8541126, "host_queued_start": 1585629088.403081, "device_queued": 1585629021.85387, "device_end": 1585629021.854143, "host_queued_end": 1585629088.444657}, "device": "gpu", "nd_range": {"device_start": 1585629021.8541455, "device_end": 1585629021.854149}, "cmdq": 0, "read": {"device_start": -1, "device_end": -1}}, "empty17": {"write": {"device_start": -1, "host_queued_start": 1585629088.447408, "device_queued": -1, "device_end": -1, "host_queued_end": 1585629088.503977}, "device": "cpu", "nd_range": {"device_start": 2296862.6936007324, "device_end": 2296862.693613245}, "cmdq": 1, "read": {"device_start": -1, "device_end": -1}}, "FFC_sans_bias87": {"write": {"device_start": -1, "host_queued_start": 1585629088.435273, "device_queued": -1, "device_end": -1, "host_queued_end": 1585629088.444657}, "device": "gpu", "nd_range": {"device_start": 1585629021.875654, "device_end": 1585629021.8762488}, "cmdq": 0, "read": {"device_start": -1, "device_end": -1}}, "FFC_sans_bias85": {"write": {"device_start": -1, "host_queued_start": 1585629088.431288, "device_queued": -1, "device_end": -1, "host_queued_end": 1585629088.444657}, "device": "gpu", "nd_range": {"device_start": 1585629021.869954, "device_end": 1585629021.8705542}, "cmdq": 0, "read": {"device_start": -1, "device_end": -1}}, "FFC_sans_bias82": {"write": {"device_start": 1585629021.855483, "host_queued_start": 1585629088.408524, "device_queued": 1585629021.8544974, "device_end": 1585629021.855506, "host_queued_end": 1585629088.444657}, "device": "gpu", "nd_range": {"device_start": 1585629021.8555167, "device_end": 1585629021.8561025}, "cmdq": 0, "read": {"device_start": -1, "device_end": -1}}, "FFC_sans_bias83": {"write": {"device_start": 1585629021.8561907, "host_queued_start": 1585629088.409577, "device_queued": 1585629021.8545387, "device_end": 1585629021.8562138, "host_queued_end": 1585629088.444657}, "device": "gpu", "nd_range": {"device_start": 1585629021.856217, "device_end": 1585629021.8568053}, "cmdq": 0, "read": {"device_start": -1, "device_end": -1}}, "FFC_sans_bias81": {"write": {"device_start": 1585629021.8547559, "host_queued_start": 1585629088.407449, "device_queued": 1585629021.8542347, "device_end": 1585629021.854782, "host_queued_end": 1585629088.444657}, "device": "gpu", "nd_range": {"device_start": 1585629021.8547852, "device_end": 1585629021.855386}, "cmdq": 0, "read": {"device_start": -1, "device_end": -1}}, "FFC_sans_bias88": {"write": {"device_start": 1585629021.879978, "host_queued_start": 1585629088.438246, "device_queued": 1585629021.8574991, "device_end": 1585629021.8800066, "host_queued_end": 1585629088.444657}, "device": "gpu", "nd_range": {"device_start": 1585629021.88001, "device_end": 1585629021.8806078}, "cmdq": 0, "read": {"device_start": 1585629021.8806093, "device_end": 1585629021.8806324}}, "coalesced_transpose30": {"write": {"device_start": -1, "host_queued_start": 1585629088.484472, "device_queued": -1, "device_end": -1, "host_queued_end": 1585629088.503977}, "device": "cpu", "nd_range": {"device_start": 2296862.798046608, "device_end": 2296862.798300284}, "cmdq": 3, "read": {"device_start": -1, "device_end": -1}}, "FFC_sans_bias128": {"write": {"device_start": 1585629021.8655446, "host_queued_start": 1585629088.423327, "device_queued": 1585629021.8558164, "device_end": 1585629021.865568, "host_queued_end": 1585629088.444657}, "device": "gpu", "nd_range": {"device_start": 1585629021.865577, "device_end": 1585629021.8661764}, "cmdq": 0, "read": {"device_start": -1, "device_end": -1}}, "coalesced_transpose39": {"write": {"device_start": -1, "host_queued_start": 1585629088.484801, "device_queued": -1, "device_end": -1, "host_queued_end": 1585629088.503977}, "device": "cpu", "nd_range": {"device_start": 2296862.791172298, "device_end": 2296862.7914300463}, "cmdq": 0, "read": {"device_start": -1, "device_end": -1}}, "FFC_sans_bias79": {"write": {"device_start": -1, "host_queued_start": 1585629088.50393, "device_queued": -1, "device_end": -1, "host_queued_end": 1585629088.503977}, "device": "cpu", "nd_range": {"device_start": 2296862.911352702, "device_end": 2296862.92750629}, "cmdq": 0, "read": {"device_start": -1, "device_end": -1}}, "FFC_sans_bias78": {"write": {"device_start": -1, "host_queued_start": 1585629088.49489, "device_queued": -1, "device_end": -1, "host_queued_end": 1585629088.503977}, "device": "cpu", "nd_range": {"device_start": 2296862.894646591, "device_end": 2296862.9107782464}, "cmdq": 3, "read": {"device_start": -1, "device_end": -1}}, "FFC_sans_bias73": {"write": {"device_start": -1, "host_queued_start": 1585629088.482098, "device_queued": -1, "device_end": -1, "host_queued_end": 1585629088.503977}, "device": "cpu", "nd_range": {"device_start": 2296862.78662134, "device_end": 2296862.799027645}, "cmdq": 2, "read": {"device_start": -1, "device_end": -1}}, "FFC_sans_bias72": {"write": {"device_start": -1, "host_queued_start": 1585629088.481057, "device_queued": -1, "device_end": -1, "host_queued_end": 1585629088.503977}, "device": "cpu", "nd_range": {"device_start": 2296862.8263808973, "device_end": 2296862.8340475103}, "cmdq": 1, "read": {"device_start": -1, "device_end": -1}}, "FFC_sans_bias70": {"write": {"device_start": -1, "host_queued_start": 1585629088.502936, "device_queued": -1, "device_end": -1, "host_queued_end": 1585629088.503977}, "device": "cpu", "nd_range": {"device_start": 2296862.931620838, "device_end": 2296862.9408774003}, "cmdq": 3, "read": {"device_start": -1, "device_end": -1}}, "FFC_sans_bias76": {"write": {"device_start": -1, "host_queued_start": 1585629088.489299, "device_queued": -1, "device_end": -1, "host_queued_end": 1585629088.503977}, "device": "cpu", "nd_range": {"device_start": 2296862.856945008, "device_end": 2296862.86362094}, "cmdq": 1, "read": {"device_start": -1, "device_end": -1}}, "FFC_sans_bias74": {"write": {"device_start": -1, "host_queued_start": 1585629088.483156, "device_queued": -1, "device_end": -1, "host_queued_end": 1585629088.503977}, "device": "cpu", "nd_range": {"device_start": 2296862.786055266, "device_end": 2296862.797929109}, "cmdq": 3, "read": {"device_start": -1, "device_end": -1}}, "coalesced_transpose102": {"write": {"device_start": -1, "host_queued_start": 1585629088.429691, "device_queued": -1, "device_end": -1, "host_queued_end": 1585629088.444657}, "device": "gpu", "nd_range": {"device_start": 1585629021.8699079, "device_end": 1585629021.869916}, "cmdq": 0, "read": {"device_start": -1, "device_end": -1}}, "coalesced_transpose3": {"write": {"device_start": -1, "host_queued_start": 1585629088.483485, "device_queued": -1, "device_end": -1, "host_queued_end": 1585629088.503977}, "device": "cpu", "nd_range": {"device_start": 2296862.790787917, "device_end": 2296862.791056691}, "cmdq": 0, "read": {"device_start": -1, "device_end": -1}}, "FFC_sans_bias127": {"write": {"device_start": 1585629021.8670456, "host_queued_start": 1585629088.425403, "device_queued": 1585629021.856011, "device_end": 1585629021.8670797, "host_queued_end": 1585629088.444657}, "device": "gpu", "nd_range": {"device_start": 1585629021.8670895, "device_end": 1585629021.8676798}, "cmdq": 0, "read": {"device_start": -1, "device_end": -1}}, "empty89": {"write": {"device_start": 1585629021.8537831, "host_queued_start": 1585629088.40115, "device_queued": 1585629021.8536398, "device_end": 1585629021.8538156, "host_queued_end": 1585629088.444657}, "device": "gpu", "nd_range": {"device_start": 1585629021.853819, "device_end": 1585629021.8538237}, "cmdq": 0, "read": {"device_start": -1, "device_end": -1}}, "FFC_sans_bias123": {"write": {"device_start": -1, "host_queued_start": 1585629088.436546, "device_queued": -1, "device_end": -1, "host_queued_end": 1585629088.444657}, "device": "gpu", "nd_range": {"device_start": 1585629021.878053, "device_end": 1585629021.8786507}, "cmdq": 0, "read": {"device_start": -1, "device_end": -1}}, "empty80": {"write": {"device_start": -1, "host_queued_start": 1585629088.453682, "device_queued": -1, "device_end": -1, "host_queued_end": 1585629088.503977}, "device": "cpu", "nd_range": {"device_start": 2296862.6936440864, "device_end": 2296862.693644898}, "cmdq": 0, "read": {"device_start": -1, "device_end": -1}}, "empty116": {"write": {"device_start": 1585629021.8542392, "host_queued_start": 1585629088.403906, "device_queued": 1585629021.8539066, "device_end": 1585629021.854264, "host_queued_end": 1585629088.444657}, "device": "gpu", "nd_range": {"device_start": 1585629021.8542736, "device_end": 1585629021.854277}, "cmdq": 0, "read": {"device_start": -1, "device_end": -1}}, "softmax104": {"write": {"device_start": -1, "host_queued_start": 1585629088.433943, "device_queued": -1, "device_end": -1, "host_queued_end": 1585629088.444657}, "device": "gpu", "nd_range": {"device_start": 1585629021.8745897, "device_end": 1585629021.8747997}, "cmdq": 0, "read": {"device_start": -1, "device_end": -1}}, "coalesced_transpose21": {"write": {"device_start": -1, "host_queued_start": 1585629088.484145, "device_queued": -1, "device_end": -1, "host_queued_end": 1585629088.503977}, "device": "cpu", "nd_range": {"device_start": 2296862.799047917, "device_end": 2296862.799287054}, "cmdq": 2, "read": {"device_start": -1, "device_end": -1}}, "softmax14": {"write": {"device_start": -1, "host_queued_start": 1585629088.48985, "device_queued": -1, "device_end": -1, "host_queued_end": 1585629088.503977}, "device": "cpu", "nd_range": {"device_start": 2296862.844167861, "device_end": 2296862.8443694604}, "cmdq": 3, "read": {"device_start": -1, "device_end": -1}}, "FFC_sans_bias69": {"write": {"device_start": -1, "host_queued_start": 1585629088.494543, "device_queued": -1, "device_end": -1, "host_queued_end": 1585629088.503977}, "device": "cpu", "nd_range": {"device_start": 2296862.882309811, "device_end": 2296862.8975157943}, "cmdq": 2, "read": {"device_start": -1, "device_end": -1}}, "FFC_sans_bias92": {"write": {"device_start": 1585629021.8583274, "host_queued_start": 1585629088.412722, "device_queued": 1585629021.8548872, "device_end": 1585629021.858351, "host_queued_end": 1585629088.444657}, "device": "gpu", "nd_range": {"device_start": 1585629021.8583612, "device_end": 1585629021.8589623}, "cmdq": 0, "read": {"device_start": -1, "device_end": -1}}, "FFC_sans_bias60": {"write": {"device_start": -1, "host_queued_start": 1585629088.494205, "device_queued": -1, "device_end": -1, "host_queued_end": 1585629088.503977}, "device": "cpu", "nd_range": {"device_start": 2296862.879398664, "device_end": 2296862.911961213}, "cmdq": 1, "read": {"device_start": -1, "device_end": -1}}, "FFC_sans_bias61": {"write": {"device_start": -1, "host_queued_start": 1585629088.501938, "device_queued": -1, "device_end": -1, "host_queued_end": 1585629088.503977}, "device": "cpu", "nd_range": {"device_start": 2296862.9127419153, "device_end": 2296862.927965355}, "cmdq": 2, "read": {"device_start": -1, "device_end": -1}}, "FFC_sans_bias63": {"write": {"device_start": -1, "host_queued_start": 1585629088.480012, "device_queued": -1, "device_end": -1, "host_queued_end": 1585629088.503977}, "device": "cpu", "nd_range": {"device_start": 2296862.774341423, "device_end": 2296862.79066815}, "cmdq": 0, "read": {"device_start": -1, "device_end": -1}}, "FFC_sans_bias64": {"write": {"device_start": -1, "host_queued_start": 1585629088.477907, "device_queued": -1, "device_end": -1, "host_queued_end": 1585629088.503977}, "device": "cpu", "nd_range": {"device_start": 2296862.771281335, "device_end": 2296862.786505814}, "cmdq": 2, "read": {"device_start": -1, "device_end": -1}}, "FFC_sans_bias65": {"write": {"device_start": -1, "host_queued_start": 1585629088.478966, "device_queued": -1, "device_end": -1, "host_queued_end": 1585629088.503977}, "device": "cpu", "nd_range": {"device_start": 2296862.770769212, "device_end": 2296862.785928354}, "cmdq": 3, "read": {"device_start": -1, "device_end": -1}}, "FFC_sans_bias67": {"write": {"device_start": -1, "host_queued_start": 1585629088.488956, "device_queued": -1, "device_end": -1, "host_queued_end": 1585629088.503977}, "device": "cpu", "nd_range": {"device_start": 2296862.811006058, "device_end": 2296862.8222701764}, "cmdq": 0, "read": {"device_start": -1, "device_end": -1}}, "coalesced_transpose111": {"write": {"device_start": -1, "host_queued_start": 1585629088.430012, "device_queued": -1, "device_end": -1, "host_queued_end": 1585629088.444657}, "device": "gpu", "nd_range": {"device_start": 1585629021.8699174, "device_end": 1585629021.8699253}, "cmdq": 0, "read": {"device_start": -1, "device_end": -1}}, "FFC_sans_bias136": {"write": {"device_start": 1585629021.86778, "host_queued_start": 1585629088.42646, "device_queued": 1585629021.856049, "device_end": 1585629021.8678095, "host_queued_end": 1585629088.444657}, "device": "gpu", "nd_range": {"device_start": 1585629021.8678257, "device_end": 1585629021.868424}, "cmdq": 0, "read": {"device_start": -1, "device_end": -1}}, "FFC_sans_bias135": {"write": {"device_start": 1585629021.8692546, "host_queued_start": 1585629088.428743, "device_queued": 1585629021.856242, "device_end": 1585629021.8692834, "host_queued_end": 1585629088.444657}, "device": "gpu", "nd_range": {"device_start": 1585629021.8692935, "device_end": 1585629021.8698864}, "cmdq": 0, "read": {"device_start": -1, "device_end": -1}}, "FFC_sans_bias133": {"write": {"device_start": 1585629021.8841121, "host_queued_start": 1585629088.443506, "device_queued": 1585629021.8580413, "device_end": 1585629021.8841412, "host_queued_end": 1585629088.444657}, "device": "gpu", "nd_range": {"device_start": 1585629021.8841493, "device_end": 1585629021.8847463}, "cmdq": 0, "read": {"device_start": 1585629021.8847532, "device_end": 1585629021.884776}}, "FFC_sans_bias132": {"write": {"device_start": -1, "host_queued_start": 1585629088.436873, "device_queued": -1, "device_end": -1, "host_queued_end": 1585629088.444657}, "device": "gpu", "nd_range": {"device_start": 1585629021.878652, "device_end": 1585629021.8792503}, "cmdq": 0, "read": {"device_start": -1, "device_end": -1}}, "softmax68": {"write": {"device_start": -1, "host_queued_start": 1585629088.491504, "device_queued": -1, "device_end": -1, "host_queued_end": 1585629088.503977}, "device": "cpu", "nd_range": {"device_start": 2296862.863855278, "device_end": 2296862.864071817}, "cmdq": 1, "read": {"device_start": -1, "device_end": -1}}, "softmax131": {"write": {"device_start": -1, "host_queued_start": 1585629088.434691, "device_queued": -1, "device_end": -1, "host_queued_end": 1585629088.444657}, "device": "gpu", "nd_range": {"device_start": 1585629021.8752234, "device_end": 1585629021.875433}, "cmdq": 0, "read": {"device_start": -1, "device_end": -1}}, "empty125": {"write": {"device_start": 1585629021.85438, "host_queued_start": 1585629088.404789, "device_queued": 1585629021.8540943, "device_end": 1585629021.8544042, "host_queued_end": 1585629088.444657}, "device": "gpu", "nd_range": {"device_start": 1585629021.8544135, "device_end": 1585629021.854417}, "cmdq": 0, "read": {"device_start": -1, "device_end": -1}}, "FFC_sans_bias139": {"write": {"device_start": -1, "host_queued_start": 1585629088.433188, "device_queued": -1, "device_end": -1, "host_queued_end": 1585629088.444657}, "device": "gpu", "nd_range": {"device_start": 1585629021.873557, "device_end": 1585629021.874154}, "cmdq": 0, "read": {"device_start": -1, "device_end": -1}}, "empty35": {"write": {"device_start": -1, "host_queued_start": 1585629088.449235, "device_queued": -1, "device_end": -1, "host_queued_end": 1585629088.503977}, "device": "cpu", "nd_range": {"device_start": 2296862.694351883, "device_end": 2296862.694355714}, "cmdq": 3, "read": {"device_start": -1, "device_end": -1}}, "softmax86": {"write": {"device_start": -1, "host_queued_start": 1585629088.433441, "device_queued": -1, "device_end": -1, "host_queued_end": 1585629088.444657}, "device": "gpu", "nd_range": {"device_start": 1585629021.874155, "device_end": 1585629021.8743665}, "cmdq": 0, "read": {"device_start": -1, "device_end": -1}}, "FFC_sans_bias55": {"write": {"device_start": -1, "host_queued_start": 1585629088.476792, "device_queued": -1, "device_end": -1, "host_queued_end": 1585629088.503977}, "device": "cpu", "nd_range": {"device_start": 2296862.822288839, "device_end": 2296862.826360995}, "cmdq": 1, "read": {"device_start": -1, "device_end": -1}}, "FFC_sans_bias54": {"write": {"device_start": -1, "host_queued_start": 1585629088.475652, "device_queued": -1, "device_end": -1, "host_queued_end": 1585629088.503977}, "device": "cpu", "nd_range": {"device_start": 2296862.7588473284, "device_end": 2296862.774220896}, "cmdq": 0, "read": {"device_start": -1, "device_end": -1}}, "FFC_sans_bias56": {"write": {"device_start": -1, "host_queued_start": 1585629088.474519, "device_queued": -1, "device_end": -1, "host_queued_end": 1585629088.503977}, "device": "cpu", "nd_range": {"device_start": 2296862.7555232802, "device_end": 2296862.7706496003}, "cmdq": 3, "read": {"device_start": -1, "device_end": -1}}, "FFC_sans_bias51": {"write": {"device_start": -1, "host_queued_start": 1585629088.493866, "device_queued": -1, "device_end": -1, "host_queued_end": 1585629088.503977}, "device": "cpu", "nd_range": {"device_start": 2296862.862200125, "device_end": 2296862.878571014}, "cmdq": 0, "read": {"device_start": -1, "device_end": -1}}, "FFC_sans_bias52": {"write": {"device_start": -1, "host_queued_start": 1585629088.500951, "device_queued": -1, "device_end": -1, "host_queued_end": 1585629088.503977}, "device": "cpu", "nd_range": {"device_start": 2296862.927144776, "device_end": 2296862.934007169}, "cmdq": 1, "read": {"device_start": -1, "device_end": -1}}, "FFC_sans_bias58": {"write": {"device_start": -1, "host_queued_start": 1585629088.488611, "device_queued": -1, "device_end": -1, "host_queued_end": 1585629088.503977}, "device": "cpu", "nd_range": {"device_start": 2296862.8267331123, "device_end": 2296862.8371903333}, "cmdq": 3, "read": {"device_start": -1, "device_end": -1}}, "FFC_sans_bias108": {"write": {"device_start": 1585629021.8611732, "host_queued_start": 1585629088.416951, "device_queued": 1585629021.8552287, "device_end": 1585629021.8612015, "host_queued_end": 1585629088.444657}, "device": "gpu", "nd_range": {"device_start": 1585629021.8612118, "device_end": 1585629021.861807}, "cmdq": 0, "read": {"device_start": -1, "device_end": -1}}, "FFC_sans_bias109": {"write": {"device_start": 1585629021.861896, "host_queued_start": 1585629088.418016, "device_queued": 1585629021.8552656, "device_end": 1585629021.8619235, "host_queued_end": 1585629088.444657}, "device": "gpu", "nd_range": {"device_start": 1585629021.861934, "device_end": 1585629021.8625224}, "cmdq": 0, "read": {"device_start": -1, "device_end": -1}}, "coalesced_transpose129": {"write": {"device_start": -1, "host_queued_start": 1585629088.430664, "device_queued": -1, "device_end": -1, "host_queued_end": 1585629088.444657}, "device": "gpu", "nd_range": {"device_start": 1585629021.8699358, "device_end": 1585629021.869944}, "cmdq": 0, "read": {"device_start": -1, "device_end": -1}}, "FFC_sans_bias103": {"write": {"device_start": -1, "host_queued_start": 1585629088.431922, "device_queued": -1, "device_end": -1, "host_queued_end": 1585629088.444657}, "device": "gpu", "nd_range": {"device_start": 1585629021.871155, "device_end": 1585629021.8717542}, "cmdq": 0, "read": {"device_start": -1, "device_end": -1}}, "FFC_sans_bias100": {"write": {"device_start": 1585629021.8598077, "host_queued_start": 1585629088.41485, "device_queued": 1585629021.855082, "device_end": 1585629021.8598304, "host_queued_end": 1585629088.444657}, "device": "gpu", "nd_range": {"device_start": 1585629021.85984, "device_end": 1585629021.8603413}, "cmdq": 0, "read": {"device_start": -1, "device_end": -1}}, "FFC_sans_bias101": {"write": {"device_start": 1585629021.8604336, "host_queued_start": 1585629088.415894, "device_queued": 1585629021.8551111, "device_end": 1585629021.8604562, "host_queued_end": 1585629088.444657}, "device": "gpu", "nd_range": {"device_start": 1585629021.8604715, "device_end": 1585629021.8610742}, "cmdq": 0, "read": {"device_start": -1, "device_end": -1}}, "FFC_sans_bias106": {"write": {"device_start": 1585629021.881671, "host_queued_start": 1585629088.440363, "device_queued": 1585629021.857728, "device_end": 1585629021.8816988, "host_queued_end": 1585629088.444657}, "device": "gpu", "nd_range": {"device_start": 1585629021.8817039, "device_end": 1585629021.8823009}, "cmdq": 0, "read": {"device_start": 1585629021.882305, "device_end": 1585629021.8823278}}, "softmax122": {"write": {"device_start": -1, "host_queued_start": 1585629088.434435, "device_queued": -1, "device_end": -1, "host_queued_end": 1585629088.444657}, "device": "gpu", "nd_range": {"device_start": 1585629021.8750126, "device_end": 1585629021.8752224}, "cmdq": 0, "read": {"device_start": -1, "device_end": -1}}, "FFC_sans_bias105": {"write": {"device_start": -1, "host_queued_start": 1585629088.435908, "device_queued": -1, "device_end": -1, "host_queued_end": 1585629088.444657}, "device": "gpu", "nd_range": {"device_start": 1585629021.8768513, "device_end": 1585629021.8774498}, "cmdq": 0, "read": {"device_start": -1, "device_end": -1}}, "softmax95": {"write": {"device_start": -1, "host_queued_start": 1585629088.433692, "device_queued": -1, "device_end": -1, "host_queued_end": 1585629088.444657}, "device": "gpu", "nd_range": {"device_start": 1585629021.874368, "device_end": 1585629021.8745885}, "cmdq": 0, "read": {"device_start": -1, "device_end": -1}}, "coalesced_transpose57": {"write": {"device_start": -1, "host_queued_start": 1585629088.485462, "device_queued": -1, "device_end": -1, "host_queued_end": 1585629088.503977}, "device": "cpu", "nd_range": {"device_start": 2296862.826367576, "device_end": 2296862.8266154733}, "cmdq": 2, "read": {"device_start": -1, "device_end": -1}}, "empty26": {"write": {"device_start": -1, "host_queued_start": 1585629088.448314, "device_queued": -1, "device_end": -1, "host_queued_end": 1585629088.503977}, "device": "cpu", "nd_range": {"device_start": 2296862.693647317, "device_end": 2296862.693651713}, "cmdq": 2, "read": {"device_start": -1, "device_end": -1}}, "softmax113": {"write": {"device_start": -1, "host_queued_start": 1585629088.434186, "device_queued": -1, "device_end": -1, "host_queued_end": 1585629088.444657}, "device": "gpu", "nd_range": {"device_start": 1585629021.874801, "device_end": 1585629021.8750112}, "cmdq": 0, "read": {"device_start": -1, "device_end": -1}}, "FFC_sans_bias11": {"write": {"device_start": -1, "host_queued_start": 1585629088.460421, "device_queued": -1, "device_end": -1, "host_queued_end": 1585629088.503977}, "device": "cpu", "nd_range": {"device_start": 2296862.709571125, "device_end": 2296862.724956407}, "cmdq": 2, "read": {"device_start": -1, "device_end": -1}}, "FFC_sans_bias42": {"write": {"device_start": -1, "host_queued_start": 1585629088.493524, "device_queued": -1, "device_end": -1, "host_queued_end": 1585629088.503977}, "device": "cpu", "nd_range": {"device_start": 2296862.879528907, "device_end": 2296862.8946384043}, "cmdq": 3, "read": {"device_start": -1, "device_end": -1}}, "FFC_sans_bias43": {"write": {"device_start": -1, "host_queued_start": 1585629088.499959, "device_queued": -1, "device_end": -1, "host_queued_end": 1585629088.503977}, "device": "cpu", "nd_range": {"device_start": 2296862.89791422, "device_end": 2296862.911346395}, "cmdq": 0, "read": {"device_start": -1, "device_end": -1}}, "FFC_sans_bias40": {"write": {"device_start": -1, "host_queued_start": 1585629088.487842, "device_queued": -1, "device_end": -1, "host_queued_end": 1585629088.503977}, "device": "cpu", "nd_range": {"device_start": 2296862.845206139, "device_end": 2296862.856936198}, "cmdq": 1, "read": {"device_start": -1, "device_end": -1}}, "FFC_sans_bias46": {"write": {"device_start": -1, "host_queued_start": 1585629088.472207, "device_queued": -1, "device_end": -1, "host_queued_end": 1585629088.503977}, "device": "cpu", "nd_range": {"device_start": 2296862.8021044564, "device_end": 2296862.8222693913}, "cmdq": 1, "read": {"device_start": -1, "device_end": -1}}, "FFC_sans_bias47": {"write": {"device_start": -1, "host_queued_start": 1585629088.473424, "device_queued": -1, "device_end": -1, "host_queued_end": 1585629088.503977}, "device": "cpu", "nd_range": {"device_start": 2296862.755879152, "device_end": 2296862.7711673602}, "cmdq": 2, "read": {"device_start": -1, "device_end": -1}}, "FFC_sans_bias45": {"write": {"device_start": -1, "host_queued_start": 1585629088.471134, "device_queued": -1, "device_end": -1, "host_queued_end": 1585629088.503977}, "device": "cpu", "nd_range": {"device_start": 2296862.74168895, "device_end": 2296862.758722492}, "cmdq": 0, "read": {"device_start": -1, "device_end": -1}}, "FFC_sans_bias49": {"write": {"device_start": -1, "host_queued_start": 1585629088.488187, "device_queued": -1, "device_end": -1, "host_queued_end": 1585629088.503977}, "device": "cpu", "nd_range": {"device_start": 2296862.843887424, "device_end": 2296862.859886658}, "cmdq": 2, "read": {"device_start": -1, "device_end": -1}}, "softmax77": {"write": {"device_start": -1, "host_queued_start": 1585629088.49178, "device_queued": -1, "device_end": -1, "host_queued_end": 1585629088.503977}, "device": "cpu", "nd_range": {"device_start": 2296862.8673568633, "device_end": 2296862.8675612314}, "cmdq": 2, "read": {"device_start": -1, "device_end": -1}}, "empty134": {"write": {"device_start": 1585629021.8545218, "host_queued_start": 1585629088.405606, "device_queued": 1585629021.8541288, "device_end": 1585629021.854555, "host_queued_end": 1585629088.444657}, "device": "gpu", "nd_range": {"device_start": 1585629021.8545578, "device_end": 1585629021.8545613}, "cmdq": 0, "read": {"device_start": -1, "device_end": -1}}, "coalesced_transpose138": {"write": {"device_start": -1, "host_queued_start": 1585629088.430972, "device_queued": -1, "device_end": -1, "host_queued_end": 1585629088.444657}, "device": "gpu", "nd_range": {"device_start": 1585629021.8699453, "device_end": 1585629021.8699532}, "cmdq": 0, "read": {"device_start": -1, "device_end": -1}}, "FFC_sans_bias119": {"write": {"device_start": 1585629021.8648133, "host_queued_start": 1585629088.422238, "device_queued": 1585629021.8556714, "device_end": 1585629021.8648412, "host_queued_end": 1585629088.444657}, "device": "gpu", "nd_range": {"device_start": 1585629021.864848, "device_end": 1585629021.8654468}, "cmdq": 0, "read": {"device_start": -1, "device_end": -1}}, "FFC_sans_bias118": {"write": {"device_start": 1585629021.8640792, "host_queued_start": 1585629088.421184, "device_queued": 1585629021.855633, "device_end": 1585629021.8641076, "host_queued_end": 1585629088.444657}, "device": "gpu", "nd_range": {"device_start": 1585629021.864117, "device_end": 1585629021.8647144}, "cmdq": 0, "read": {"device_start": -1, "device_end": -1}}, "empty143": {"write": {"device_start": 1585629021.854648, "host_queued_start": 1585629088.40642, "device_queued": 1585629021.8542001, "device_end": 1585629021.8546727, "host_queued_end": 1585629088.444657}, "device": "gpu", "nd_range": {"device_start": 1585629021.8546755, "device_end": 1585629021.8546798}, "cmdq": 0, "read": {"device_start": -1, "device_end": -1}}, "FFC_sans_bias115": {"write": {"device_start": 1585629021.8824883, "host_queued_start": 1585629088.441412, "device_queued": 1585629021.857808, "device_end": 1585629021.8825169, "host_queued_end": 1585629088.444657}, "device": "gpu", "nd_range": {"device_start": 1585629021.882523, "device_end": 1585629021.8831081}, "cmdq": 0, "read": {"device_start": 1585629021.8831108, "device_end": 1585629021.8831336}}, "FFC_sans_bias114": {"write": {"device_start": -1, "host_queued_start": 1585629088.436231, "device_queued": -1, "device_end": -1, "host_queued_end": 1585629088.444657}, "device": "gpu", "nd_range": {"device_start": 1585629021.8774512, "device_end": 1585629021.8780518}, "cmdq": 0, "read": {"device_start": -1, "device_end": -1}}, "FFC_sans_bias117": {"write": {"device_start": 1585629021.863343, "host_queued_start": 1585629088.420136, "device_queued": 1585629021.8554652, "device_end": 1585629021.8633716, "host_queued_end": 1585629088.444657}, "device": "gpu", "nd_range": {"device_start": 1585629021.8633776, "device_end": 1585629021.8639789}, "cmdq": 0, "read": {"device_start": -1, "device_end": -1}}, "softmax5": {"write": {"device_start": -1, "host_queued_start": 1585629088.489577, "device_queued": -1, "device_end": -1, "host_queued_end": 1585629088.503977}, "device": "cpu", "nd_range": {"device_start": 2296862.8599994043, "device_end": 2296862.8602216933}, "cmdq": 2, "read": {"device_start": -1, "device_end": -1}}, "FFC_sans_bias110": {"write": {"device_start": 1585629021.8626146, "host_queued_start": 1585629088.419098, "device_queued": 1585629021.8554294, "device_end": 1585629021.8626366, "host_queued_end": 1585629088.444657}, "device": "gpu", "nd_range": {"device_start": 1585629021.8626451, "device_end": 1585629021.8632429}, "cmdq": 0, "read": {"device_start": -1, "device_end": -1}}, "FFC_sans_bias112": {"write": {"device_start": -1, "host_queued_start": 1585629088.432235, "device_queued": -1, "device_end": -1, "host_queued_end": 1585629088.444657}, "device": "gpu", "nd_range": {"device_start": 1585629021.8717554, "device_end": 1585629021.8723533}, "cmdq": 0, "read": {"device_start": -1, "device_end": -1}}, "empty53": {"write": {"device_start": -1, "host_queued_start": 1585629088.451093, "device_queued": -1, "device_end": -1, "host_queued_end": 1585629088.503977}, "device": "cpu", "nd_range": {"device_start": 2296862.693637552, "device_end": 2296862.6936387243}, "cmdq": 1, "read": {"device_start": -1, "device_end": -1}}, "coalesced_transpose48": {"write": {"device_start": -1, "host_queued_start": 1585629088.485131, "device_queued": -1, "device_end": -1, "host_queued_end": 1585629088.503977}, "device": "cpu", "nd_range": {"device_start": 2296862.834528161, "device_end": 2296862.834771763}, "cmdq": 1, "read": {"device_start": -1, "device_end": -1}}}