{"FFC_sans_bias11": {"write": {"device_start": 1585619319.7753017, "host_queued_start": 1585619386.1032, "device_queued": 1585619319.7738912, "device_end": 1585619319.7753315, "host_queued_end": 1585619386.105691}, "device": "gpu", "nd_range": {"device_start": 1585619319.775334, "device_end": 1585619319.7759387}, "cmdq": 0, "read": {"device_start": -1, "device_end": -1}}, "FFC_sans_bias4": {"write": {"device_start": -1, "host_queued_start": 1585619386.111112, "device_queued": -1, "device_end": -1, "host_queued_end": 1585619386.112834}, "device": "cpu", "nd_range": {"device_start": 2287160.3152630203, "device_end": 2287160.3200888913}, "cmdq": 0, "read": {"device_start": -1, "device_end": -1}}, "coalesced_transpose3": {"write": {"device_start": -1, "host_queued_start": 1585619386.110724, "device_queued": -1, "device_end": -1, "host_queued_end": 1585619386.112834}, "device": "cpu", "nd_range": {"device_start": 2287160.314970796, "device_end": 2287160.3151233983}, "cmdq": 0, "read": {"device_start": -1, "device_end": -1}}, "FFC_sans_bias6": {"write": {"device_start": -1, "host_queued_start": 1585619386.111732, "device_queued": -1, "device_end": -1, "host_queued_end": 1585619386.112834}, "device": "cpu", "nd_range": {"device_start": 2287160.320374846, "device_end": 2287160.32466825}, "cmdq": 0, "read": {"device_start": -1, "device_end": -1}}, "FFC_sans_bias1": {"write": {"device_start": -1, "host_queued_start": 1585619386.109196, "device_queued": -1, "device_end": -1, "host_queued_end": 1585619386.112834}, "device": "cpu", "nd_range": {"device_start": 2287160.3065044093, "device_end": 2287160.310688423}, "cmdq": 0, "read": {"device_start": -1, "device_end": -1}}, "FFC_sans_bias0": {"write": {"device_start": -1, "host_queued_start": 1585619386.108127, "device_queued": -1, "device_end": -1, "host_queued_end": 1585619386.112834}, "device": "cpu", "nd_range": {"device_start": 2287160.3024548492, "device_end": 2287160.3064869633}, "cmdq": 0, "read": {"device_start": -1, "device_end": -1}}, "FFC_sans_bias2": {"write": {"device_start": -1, "host_queued_start": 1585619386.110316, "device_queued": -1, "device_end": -1, "host_queued_end": 1585619386.112834}, "device": "cpu", "nd_range": {"device_start": 2287160.310696069, "device_end": 2287160.314966657}, "cmdq": 0, "read": {"device_start": -1, "device_end": -1}}, "softmax14": {"write": {"device_start": -1, "host_queued_start": 1585619386.104242, "device_queued": -1, "device_end": -1, "host_queued_end": 1585619386.105691}, "device": "gpu", "nd_range": {"device_start": 1585619319.7765505, "device_end": 1585619319.7767546}, "cmdq": 0, "read": {"device_start": -1, "device_end": -1}}, "FFC_sans_bias16": {"write": {"device_start": 1585619319.7774723, "host_queued_start": 1585619386.105578, "device_queued": 1585619319.7740889, "device_end": 1585619319.7775009, "host_queued_end": 1585619386.105691}, "device": "gpu", "nd_range": {"device_start": 1585619319.7775033, "device_end": 1585619319.7780058}, "cmdq": 0, "read": {"device_start": 1585619319.778008, "device_end": 1585619319.7780313}}, "softmax5": {"write": {"device_start": -1, "host_queued_start": 1585619386.111392, "device_queued": -1, "device_end": -1, "host_queued_end": 1585619386.112834}, "device": "cpu", "nd_range": {"device_start": 2287160.320094039, "device_end": 2287160.3202474653}, "cmdq": 0, "read": {"device_start": -1, "device_end": -1}}, "FFC_sans_bias9": {"write": {"device_start": 1585619319.7737563, "host_queued_start": 1585619386.101129, "device_queued": 1585619319.773602, "device_end": 1585619319.7737806, "host_queued_end": 1585619386.105691}, "device": "gpu", "nd_range": {"device_start": 1585619319.7737834, "device_end": 1585619319.7743812}, "cmdq": 0, "read": {"device_start": -1, "device_end": -1}}, "FFC_sans_bias7": {"write": {"device_start": -1, "host_queued_start": 1585619386.112789, "device_queued": -1, "device_end": -1, "host_queued_end": 1585619386.112834}, "device": "cpu", "nd_range": {"device_start": 2287160.324673811, "device_end": 2287160.329437567}, "cmdq": 0, "read": {"device_start": -1, "device_end": -1}}, "empty8": {"write": {"device_start": -1, "host_queued_start": 1585619386.106981, "device_queued": -1, "device_end": -1, "host_queued_end": 1585619386.112834}, "device": "cpu", "nd_range": {"device_start": 2287160.302406648, "device_end": 2287160.302419384}, "cmdq": 0, "read": {"device_start": -1, "device_end": -1}}, "empty17": {"write": {"device_start": 1585619319.7736075, "host_queued_start": 1585619386.099802, "device_queued": 1585619319.7734945, "device_end": 1585619319.7736337, "host_queued_end": 1585619386.105691}, "device": "gpu", "nd_range": {"device_start": 1585619319.773639, "device_end": 1585619319.7736437}, "cmdq": 0, "read": {"device_start": -1, "device_end": -1}}, "FFC_sans_bias15": {"write": {"device_start": -1, "host_queued_start": 1585619386.104556, "device_queued": -1, "device_end": -1, "host_queued_end": 1585619386.105691}, "device": "gpu", "nd_range": {"device_start": 1585619319.7767563, "device_end": 1585619319.777343}, "cmdq": 0, "read": {"device_start": -1, "device_end": -1}}, "FFC_sans_bias13": {"write": {"device_start": -1, "host_queued_start": 1585619386.103976, "device_queued": -1, "device_end": -1, "host_queued_end": 1585619386.105691}, "device": "gpu", "nd_range": {"device_start": 1585619319.7759485, "device_end": 1585619319.7765496}, "cmdq": 0, "read": {"device_start": -1, "device_end": -1}}, "FFC_sans_bias10": {"write": {"device_start": 1585619319.7745407, "host_queued_start": 1585619386.102112, "device_queued": 1585619319.7736635, "device_end": 1585619319.774569, "host_queued_end": 1585619386.105691}, "device": "gpu", "nd_range": {"device_start": 1585619319.7745721, "device_end": 1585619319.7751732}, "cmdq": 0, "read": {"device_start": -1, "device_end": -1}}, "coalesced_transpose12": {"write": {"device_start": -1, "host_queued_start": 1585619386.103527, "device_queued": -1, "device_end": -1, "host_queued_end": 1585619386.105691}, "device": "gpu", "nd_range": {"device_start": 1585619319.7759404, "device_end": 1585619319.7759473}, "cmdq": 0, "read": {"device_start": -1, "device_end": -1}}}