{"FFC_sans_bias11": {"write": {"device_start": -1, "host_queued_start": 1585619444.563346, "device_queued": -1, "device_end": -1, "host_queued_end": 1585619444.568097}, "device": "cpu", "nd_range": {"device_start": 2287218.770166267, "device_end": 2287218.779938273}, "cmdq": 1, "read": {"device_start": -1, "device_end": -1}}, "FFC_sans_bias4": {"write": {"device_start": -1, "host_queued_start": 1585619444.564357, "device_queued": -1, "device_end": -1, "host_queued_end": 1585619444.568097}, "device": "cpu", "nd_range": {"device_start": 2287218.782788635, "device_end": 2287218.7912821444}, "cmdq": 1, "read": {"device_start": -1, "device_end": -1}}, "coalesced_transpose3": {"write": {"device_start": -1, "host_queued_start": 1585619444.563678, "device_queued": -1, "device_end": -1, "host_queued_end": 1585619444.568097}, "device": "cpu", "nd_range": {"device_start": 2287218.7825647923, "device_end": 2287218.782669395}, "cmdq": 2, "read": {"device_start": -1, "device_end": -1}}, "FFC_sans_bias6": {"write": {"device_start": -1, "host_queued_start": 1585619444.565621, "device_queued": -1, "device_end": -1, "host_queued_end": 1585619444.568097}, "device": "cpu", "nd_range": {"device_start": 2287218.791562383, "device_end": 2287218.800171702}, "cmdq": 2, "read": {"device_start": -1, "device_end": -1}}, "FFC_sans_bias1": {"write": {"device_start": -1, "host_queued_start": 1585619444.558932, "device_queued": -1, "device_end": -1, "host_queued_end": 1585619444.568097}, "device": "cpu", "nd_range": {"device_start": 2287218.757747588, "device_end": 2287218.766381469}, "cmdq": 0, "read": {"device_start": -1, "device_end": -1}}, "FFC_sans_bias0": {"write": {"device_start": -1, "host_queued_start": 1585619444.55785, "device_queued": -1, "device_end": -1, "host_queued_end": 1585619444.568097}, "device": "cpu", "nd_range": {"device_start": 2287218.7577486183, "device_end": 2287218.773966866}, "cmdq": 2, "read": {"device_start": -1, "device_end": -1}}, "FFC_sans_bias2": {"write": {"device_start": -1, "host_queued_start": 1585619444.559991, "device_queued": -1, "device_end": -1, "host_queued_end": 1585619444.568097}, "device": "cpu", "nd_range": {"device_start": 2287218.757746215, "device_end": 2287218.770053463}, "cmdq": 1, "read": {"device_start": -1, "device_end": -1}}, "softmax14": {"write": {"device_start": -1, "host_queued_start": 1585619444.565265, "device_queued": -1, "device_end": -1, "host_queued_end": 1585619444.568097}, "device": "cpu", "nd_range": {"device_start": 2287218.7913099583, "device_end": 2287218.7915127412}, "cmdq": 1, "read": {"device_start": -1, "device_end": -1}}, "FFC_sans_bias16": {"write": {"device_start": -1, "host_queued_start": 1585619444.568053, "device_queued": -1, "device_end": -1, "host_queued_end": 1585619444.568097}, "device": "cpu", "nd_range": {"device_start": 2287218.8012010003, "device_end": 2287218.810032249}, "cmdq": 2, "read": {"device_start": -1, "device_end": -1}}, "softmax5": {"write": {"device_start": -1, "host_queued_start": 1585619444.564985, "device_queued": -1, "device_end": -1, "host_queued_end": 1585619444.568097}, "device": "cpu", "nd_range": {"device_start": 2287218.791348379, "device_end": 2287218.7915354203}, "cmdq": 0, "read": {"device_start": -1, "device_end": -1}}, "FFC_sans_bias9": {"write": {"device_start": -1, "host_queued_start": 1585619444.561048, "device_queued": -1, "device_end": -1, "host_queued_end": 1585619444.568097}, "device": "cpu", "nd_range": {"device_start": 2287218.7745834272, "device_end": 2287218.782441893}, "cmdq": 2, "read": {"device_start": -1, "device_end": -1}}, "FFC_sans_bias7": {"write": {"device_start": -1, "host_queued_start": 1585619444.567056, "device_queued": -1, "device_end": -1, "host_queued_end": 1585619444.568097}, "device": "cpu", "nd_range": {"device_start": 2287218.8002996393, "device_end": 2287218.811622384}, "cmdq": 1, "read": {"device_start": -1, "device_end": -1}}, "empty8": {"write": {"device_start": -1, "host_queued_start": 1585619444.55575, "device_queued": -1, "device_end": -1, "host_queued_end": 1585619444.568097}, "device": "cpu", "nd_range": {"device_start": 2287218.757714209, "device_end": 2287218.757726681}, "cmdq": 0, "read": {"device_start": -1, "device_end": -1}}, "empty17": {"write": {"device_start": -1, "host_queued_start": 1585619444.556772, "device_queued": -1, "device_end": -1, "host_queued_end": 1585619444.568097}, "device": "cpu", "nd_range": {"device_start": 2287218.757714258, "device_end": 2287218.757726728}, "cmdq": 1, "read": {"device_start": -1, "device_end": -1}}, "FFC_sans_bias15": {"write": {"device_start": -1, "host_queued_start": 1585619444.565963, "device_queued": -1, "device_end": -1, "host_queued_end": 1585619444.568097}, "device": "cpu", "nd_range": {"device_start": 2287218.7916598753, "device_end": 2287218.8011931092}, "cmdq": 0, "read": {"device_start": -1, "device_end": -1}}, "FFC_sans_bias13": {"write": {"device_start": -1, "host_queued_start": 1585619444.564703, "device_queued": -1, "device_end": -1, "host_queued_end": 1585619444.568097}, "device": "cpu", "nd_range": {"device_start": 2287218.782791905, "device_end": 2287218.78974128}, "cmdq": 2, "read": {"device_start": -1, "device_end": -1}}, "FFC_sans_bias10": {"write": {"device_start": -1, "host_queued_start": 1585619444.562251, "device_queued": -1, "device_end": -1, "host_queued_end": 1585619444.568097}, "device": "cpu", "nd_range": {"device_start": 2287218.766596183, "device_end": 2287218.777884366}, "cmdq": 0, "read": {"device_start": -1, "device_end": -1}}, "coalesced_transpose12": {"write": {"device_start": -1, "host_queued_start": 1585619444.564014, "device_queued": -1, "device_end": -1, "host_queued_end": 1585619444.568097}, "device": "cpu", "nd_range": {"device_start": 2287218.778730993, "device_end": 2287218.778972145}, "cmdq": 0, "read": {"device_start": -1, "device_end": -1}}}