{"FFC_sans_bias4": {"write": {"device_start": -1, "host_queued_start": 1585619842.654892, "device_queued": -1, "device_end": -1, "host_queued_end": 1585619842.656692}, "device": "cpu", "nd_range": {"device_start": 2287616.855107624, "device_end": 2287616.8624785813}, "cmdq": 0, "read": {"device_start": -1, "device_end": -1}}, "FFC_sans_bias7": {"write": {"device_start": -1, "host_queued_start": 1585619842.656647, "device_queued": -1, "device_end": -1, "host_queued_end": 1585619842.656692}, "device": "cpu", "nd_range": {"device_start": 2287616.866867715, "device_end": 2287616.8720334363}, "cmdq": 3, "read": {"device_start": -1, "device_end": -1}}, "FFC_sans_bias6": {"write": {"device_start": -1, "host_queued_start": 1585619842.655519, "device_queued": -1, "device_end": -1, "host_queued_end": 1585619842.656692}, "device": "cpu", "nd_range": {"device_start": 2287616.8627760382, "device_end": 2287616.8668478453}, "cmdq": 2, "read": {"device_start": -1, "device_end": -1}}, "FFC_sans_bias1": {"write": {"device_start": -1, "host_queued_start": 1585619842.652952, "device_queued": -1, "device_end": -1, "host_queued_end": 1585619842.656692}, "device": "cpu", "nd_range": {"device_start": 2287616.8463086262, "device_end": 2287616.854676788}, "cmdq": 2, "read": {"device_start": -1, "device_end": -1}}, "FFC_sans_bias0": {"write": {"device_start": -1, "host_queued_start": 1585619842.65186, "device_queued": -1, "device_end": -1, "host_queued_end": 1585619842.656692}, "device": "cpu", "nd_range": {"device_start": 2287616.846290586, "device_end": 2287616.857852267}, "cmdq": 1, "read": {"device_start": -1, "device_end": -1}}, "FFC_sans_bias2": {"write": {"device_start": -1, "host_queued_start": 1585619842.65405, "device_queued": -1, "device_end": -1, "host_queued_end": 1585619842.656692}, "device": "cpu", "nd_range": {"device_start": 2287616.846300426, "device_end": 2287616.860671378}, "cmdq": 3, "read": {"device_start": -1, "device_end": -1}}, "FFC_sans_bias9": {"write": {"device_start": 1585619776.3038354, "host_queued_start": 1585619842.639023, "device_queued": 1585619776.3036346, "device_end": 1585619776.303904, "host_queued_end": 1585619842.649313}, "device": "gpu", "nd_range": {"device_start": 1585619776.3039973, "device_end": 1585619776.3046048}, "cmdq": 2, "read": {"device_start": -1, "device_end": -1}}, "softmax23": {"write": {"device_start": -1, "host_queued_start": 1585619842.64632, "device_queued": -1, "device_end": -1, "host_queued_end": 1585619842.649313}, "device": "gpu", "nd_range": {"device_start": 1585619776.3079727, "device_end": 1585619776.3083093}, "cmdq": 3, "read": {"device_start": -1, "device_end": -1}}, "FFC_sans_bias11": {"write": {"device_start": 1585619776.3040257, "host_queued_start": 1585619842.641204, "device_queued": 1585619776.3039167, "device_end": 1585619776.3040514, "host_queued_end": 1585619842.649313}, "device": "gpu", "nd_range": {"device_start": 1585619776.304061, "device_end": 1585619776.3055692}, "cmdq": 4, "read": {"device_start": -1, "device_end": -1}}, "FFC_sans_bias10": {"write": {"device_start": 1585619776.3039262, "host_queued_start": 1585619842.640118, "device_queued": 1585619776.3036547, "device_end": 1585619776.3039968, "host_queued_end": 1585619842.649313}, "device": "gpu", "nd_range": {"device_start": 1585619776.3040087, "device_end": 1585619776.3050065}, "cmdq": 3, "read": {"device_start": -1, "device_end": -1}}, "coalesced_transpose3": {"write": {"device_start": -1, "host_queued_start": 1585619842.654463, "device_queued": -1, "device_end": -1, "host_queued_end": 1585619842.656692}, "device": "cpu", "nd_range": {"device_start": 2287616.8548643743, "device_end": 2287616.855100437}, "cmdq": 4, "read": {"device_start": -1, "device_end": -1}}, "FFC_sans_bias15": {"write": {"device_start": -1, "host_queued_start": 1585619842.646779, "device_queued": -1, "device_end": -1, "host_queued_end": 1585619842.649313}, "device": "gpu", "nd_range": {"device_start": 1585619776.3080146, "device_end": 1585619776.3086238}, "cmdq": 4, "read": {"device_start": -1, "device_end": -1}}, "FFC_sans_bias16": {"write": {"device_start": 1585619776.3080773, "host_queued_start": 1585619842.64814, "device_queued": 1585619776.3048155, "device_end": 1585619776.3081462, "host_queued_end": 1585619842.649313}, "device": "gpu", "nd_range": {"device_start": 1585619776.3086262, "device_end": 1585619776.3095787}, "cmdq": 1, "read": {"device_start": 1585619776.3095884, "device_end": 1585619776.3096113}}, "FFC_sans_bias19": {"write": {"device_start": 1585619776.3043363, "host_queued_start": 1585619842.643449, "device_queued": 1585619776.3041987, "device_end": 1585619776.304366, "host_queued_end": 1585619842.649313}, "device": "gpu", "nd_range": {"device_start": 1585619776.3044305, "device_end": 1585619776.3065386}, "cmdq": 1, "read": {"device_start": -1, "device_end": -1}}, "FFC_sans_bias18": {"write": {"device_start": 1585619776.3042347, "host_queued_start": 1585619842.642324, "device_queued": 1585619776.3041415, "device_end": 1585619776.3042922, "host_queued_end": 1585619842.649313}, "device": "gpu", "nd_range": {"device_start": 1585619776.3042989, "device_end": 1585619776.3060005}, "cmdq": 0, "read": {"device_start": -1, "device_end": -1}}, "empty26": {"write": {"device_start": 1585619776.3037443, "host_queued_start": 1585619842.637984, "device_queued": 1585619776.3036153, "device_end": 1585619776.303814, "host_queued_end": 1585619842.649313}, "device": "gpu", "nd_range": {"device_start": 1585619776.303972, "device_end": 1585619776.3040016}, "cmdq": 1, "read": {"device_start": -1, "device_end": -1}}, "coalesced_transpose12": {"write": {"device_start": -1, "host_queued_start": 1585619842.644846, "device_queued": -1, "device_end": -1, "host_queued_end": 1585619842.649313}, "device": "gpu", "nd_range": {"device_start": 1585619776.3050075, "device_end": 1585619776.3068528}, "cmdq": 3, "read": {"device_start": -1, "device_end": -1}}, "coalesced_transpose21": {"write": {"device_start": -1, "host_queued_start": 1585619842.645157, "device_queued": -1, "device_end": -1, "host_queued_end": 1585619842.649313}, "device": "gpu", "nd_range": {"device_start": 1585619776.3068569, "device_end": 1585619776.3068738}, "cmdq": 4, "read": {"device_start": -1, "device_end": -1}}, "softmax14": {"write": {"device_start": -1, "host_queued_start": 1585619842.646067, "device_queued": -1, "device_end": -1, "host_queued_end": 1585619842.649313}, "device": "gpu", "nd_range": {"device_start": 1585619776.3074784, "device_end": 1585619776.308011}, "cmdq": 2, "read": {"device_start": -1, "device_end": -1}}, "FFC_sans_bias13": {"write": {"device_start": -1, "host_queued_start": 1585619842.645484, "device_queued": -1, "device_end": -1, "host_queued_end": 1585619842.649313}, "device": "gpu", "nd_range": {"device_start": 1585619776.3068612, "device_end": 1585619776.3074715}, "cmdq": 0, "read": {"device_start": -1, "device_end": -1}}, "empty8": {"write": {"device_start": -1, "host_queued_start": 1585619842.650757, "device_queued": -1, "device_end": -1, "host_queued_end": 1585619842.656692}, "device": "cpu", "nd_range": {"device_start": 2287616.846268687, "device_end": 2287616.8462788393}, "cmdq": 0, "read": {"device_start": -1, "device_end": -1}}, "FFC_sans_bias24": {"write": {"device_start": -1, "host_queued_start": 1585619842.647107, "device_queued": -1, "device_end": -1, "host_queued_end": 1585619842.649313}, "device": "gpu", "nd_range": {"device_start": 1585619776.308312, "device_end": 1585619776.3090453}, "cmdq": 0, "read": {"device_start": -1, "device_end": -1}}, "FFC_sans_bias25": {"write": {"device_start": 1585619776.3081646, "host_queued_start": 1585619842.649203, "device_queued": 1585619776.3048418, "device_end": 1585619776.3081958, "host_queued_end": 1585619842.649313}, "device": "gpu", "nd_range": {"device_start": 1585619776.3090503, "device_end": 1585619776.3100042}, "cmdq": 2, "read": {"device_start": 1585619776.3100097, "device_end": 1585619776.3100348}}, "FFC_sans_bias20": {"write": {"device_start": 1585619776.3047054, "host_queued_start": 1585619842.644511, "device_queued": 1585619776.304216, "device_end": 1585619776.3047347, "host_queued_end": 1585619842.649313}, "device": "gpu", "nd_range": {"device_start": 1585619776.3047373, "device_end": 1585619776.3070016}, "cmdq": 2, "read": {"device_start": -1, "device_end": -1}}, "FFC_sans_bias22": {"write": {"device_start": -1, "host_queued_start": 1585619842.645811, "device_queued": -1, "device_end": -1, "host_queued_end": 1585619842.649313}, "device": "gpu", "nd_range": {"device_start": 1585619776.3070097, "device_end": 1585619776.3079646}, "cmdq": 1, "read": {"device_start": -1, "device_end": -1}}, "softmax5": {"write": {"device_start": -1, "host_queued_start": 1585619842.655175, "device_queued": -1, "device_end": -1, "host_queued_end": 1585619842.656692}, "device": "cpu", "nd_range": {"device_start": 2287616.8624848044, "device_end": 2287616.862627279}, "cmdq": 1, "read": {"device_start": -1, "device_end": -1}}, "empty17": {"write": {"device_start": 1585619776.3036418, "host_queued_start": 1585619842.636864, "device_queued": 1585619776.3035178, "device_end": 1585619776.3036869, "host_queued_end": 1585619842.649313}, "device": "gpu", "nd_range": {"device_start": 1585619776.303691, "device_end": 1585619776.3036962}, "cmdq": 0, "read": {"device_start": -1, "device_end": -1}}}