{"FFC_sans_bias4": {"write": {"device_start": -1, "host_queued_start": 1585619799.766781, "device_queued": -1, "device_end": -1, "host_queued_end": 1585619799.768623}, "device": "cpu", "nd_range": {"device_start": 2287573.9707526923, "device_end": 2287573.974697566}, "cmdq": 0, "read": {"device_start": -1, "device_end": -1}}, "FFC_sans_bias7": {"write": {"device_start": -1, "host_queued_start": 1585619799.768577, "device_queued": -1, "device_end": -1, "host_queued_end": 1585619799.768623}, "device": "cpu", "nd_range": {"device_start": 2287573.979601465, "device_end": 2287573.984155146}, "cmdq": 0, "read": {"device_start": -1, "device_end": -1}}, "FFC_sans_bias6": {"write": {"device_start": -1, "host_queued_start": 1585619799.767405, "device_queued": -1, "device_end": -1, "host_queued_end": 1585619799.768623}, "device": "cpu", "nd_range": {"device_start": 2287573.9750047293, "device_end": 2287573.97959474}, "cmdq": 0, "read": {"device_start": -1, "device_end": -1}}, "FFC_sans_bias1": {"write": {"device_start": -1, "host_queued_start": 1585619799.764936, "device_queued": -1, "device_end": -1, "host_queued_end": 1585619799.768623}, "device": "cpu", "nd_range": {"device_start": 2287573.962260202, "device_end": 2287573.966559498}, "cmdq": 0, "read": {"device_start": -1, "device_end": -1}}, "FFC_sans_bias0": {"write": {"device_start": -1, "host_queued_start": 1585619799.763857, "device_queued": -1, "device_end": -1, "host_queued_end": 1585619799.768623}, "device": "cpu", "nd_range": {"device_start": 2287573.958226234, "device_end": 2287573.962250092}, "cmdq": 0, "read": {"device_start": -1, "device_end": -1}}, "FFC_sans_bias2": {"write": {"device_start": -1, "host_queued_start": 1585619799.765992, "device_queued": -1, "device_end": -1, "host_queued_end": 1585619799.768623}, "device": "cpu", "nd_range": {"device_start": 2287573.96657628, "device_end": 2287573.970630565}, "cmdq": 0, "read": {"device_start": -1, "device_end": -1}}, "FFC_sans_bias9": {"write": {"device_start": 1585619733.4169934, "host_queued_start": 1585619799.751002, "device_queued": 1585619733.4167635, "device_end": 1585619733.4170616, "host_queued_end": 1585619799.761231}, "device": "gpu", "nd_range": {"device_start": 1585619733.4171567, "device_end": 1585619733.417766}, "cmdq": 2, "read": {"device_start": -1, "device_end": -1}}, "softmax23": {"write": {"device_start": -1, "host_queued_start": 1585619799.758245, "device_queued": -1, "device_end": -1, "host_queued_end": 1585619799.761231}, "device": "gpu", "nd_range": {"device_start": 1585619733.4211416, "device_end": 1585619733.42152}, "cmdq": 3, "read": {"device_start": -1, "device_end": -1}}, "FFC_sans_bias11": {"write": {"device_start": 1585619733.4171853, "host_queued_start": 1585619799.753187, "device_queued": 1585619733.4170737, "device_end": 1585619733.41721, "host_queued_end": 1585619799.761231}, "device": "gpu", "nd_range": {"device_start": 1585619733.4172134, "device_end": 1585619733.4187498}, "cmdq": 4, "read": {"device_start": -1, "device_end": -1}}, "FFC_sans_bias10": {"write": {"device_start": 1585619733.4170911, "host_queued_start": 1585619799.752096, "device_queued": 1585619733.4167953, "device_end": 1585619733.417167, "host_queued_end": 1585619799.761231}, "device": "gpu", "nd_range": {"device_start": 1585619733.4171734, "device_end": 1585619733.4181767}, "cmdq": 3, "read": {"device_start": -1, "device_end": -1}}, "coalesced_transpose3": {"write": {"device_start": -1, "host_queued_start": 1585619799.766363, "device_queued": -1, "device_end": -1, "host_queued_end": 1585619799.768623}, "device": "cpu", "nd_range": {"device_start": 2287573.9706356684, "device_end": 2287573.970747549}, "cmdq": 0, "read": {"device_start": -1, "device_end": -1}}, "FFC_sans_bias15": {"write": {"device_start": -1, "host_queued_start": 1585619799.758709, "device_queued": -1, "device_end": -1, "host_queued_end": 1585619799.761231}, "device": "gpu", "nd_range": {"device_start": 1585619733.421166, "device_end": 1585619733.4217744}, "cmdq": 4, "read": {"device_start": -1, "device_end": -1}}, "FFC_sans_bias16": {"write": {"device_start": 1585619733.421267, "host_queued_start": 1585619799.760067, "device_queued": 1585619733.417983, "device_end": 1585619733.4213324, "host_queued_end": 1585619799.761231}, "device": "gpu", "nd_range": {"device_start": 1585619733.421777, "device_end": 1585619733.4227548}, "cmdq": 1, "read": {"device_start": 1585619733.4227583, "device_end": 1585619733.422782}}, "FFC_sans_bias19": {"write": {"device_start": 1585619733.4174976, "host_queued_start": 1585619799.755406, "device_queued": 1585619733.4173615, "device_end": 1585619733.417528, "host_queued_end": 1585619799.761231}, "device": "gpu", "nd_range": {"device_start": 1585619733.4175882, "device_end": 1585619733.4197128}, "cmdq": 1, "read": {"device_start": -1, "device_end": -1}}, "FFC_sans_bias18": {"write": {"device_start": 1585619733.417399, "host_queued_start": 1585619799.754297, "device_queued": 1585619733.4173043, "device_end": 1585619733.4174519, "host_queued_end": 1585619799.761231}, "device": "gpu", "nd_range": {"device_start": 1585619733.417458, "device_end": 1585619733.4191647}, "cmdq": 0, "read": {"device_start": -1, "device_end": -1}}, "empty26": {"write": {"device_start": 1585619733.4168754, "host_queued_start": 1585619799.749947, "device_queued": 1585619733.4167411, "device_end": 1585619733.4169393, "host_queued_end": 1585619799.761231}, "device": "gpu", "nd_range": {"device_start": 1585619733.4171212, "device_end": 1585619733.417169}, "cmdq": 1, "read": {"device_start": -1, "device_end": -1}}, "coalesced_transpose12": {"write": {"device_start": -1, "host_queued_start": 1585619799.75679, "device_queued": -1, "device_end": -1, "host_queued_end": 1585619799.761231}, "device": "gpu", "nd_range": {"device_start": 1585619733.4181778, "device_end": 1585619733.4200163}, "cmdq": 3, "read": {"device_start": -1, "device_end": -1}}, "coalesced_transpose21": {"write": {"device_start": -1, "host_queued_start": 1585619799.757095, "device_queued": -1, "device_end": -1, "host_queued_end": 1585619799.761231}, "device": "gpu", "nd_range": {"device_start": 1585619733.4200203, "device_end": 1585619733.4200385}, "cmdq": 4, "read": {"device_start": -1, "device_end": -1}}, "softmax14": {"write": {"device_start": -1, "host_queued_start": 1585619799.757995, "device_queued": -1, "device_end": -1, "host_queued_end": 1585619799.761231}, "device": "gpu", "nd_range": {"device_start": 1585619733.420647, "device_end": 1585619733.4211614}, "cmdq": 2, "read": {"device_start": -1, "device_end": -1}}, "FFC_sans_bias13": {"write": {"device_start": -1, "host_queued_start": 1585619799.757422, "device_queued": -1, "device_end": -1, "host_queued_end": 1585619799.761231}, "device": "gpu", "nd_range": {"device_start": 1585619733.4200244, "device_end": 1585619733.4206417}, "cmdq": 0, "read": {"device_start": -1, "device_end": -1}}, "empty8": {"write": {"device_start": -1, "host_queued_start": 1585619799.762733, "device_queued": -1, "device_end": -1, "host_queued_end": 1585619799.768623}, "device": "cpu", "nd_range": {"device_start": 2287573.95819854, "device_end": 2287573.958210551}, "cmdq": 0, "read": {"device_start": -1, "device_end": -1}}, "FFC_sans_bias24": {"write": {"device_start": -1, "host_queued_start": 1585619799.759033, "device_queued": -1, "device_end": -1, "host_queued_end": 1585619799.761231}, "device": "gpu", "nd_range": {"device_start": 1585619733.4215226, "device_end": 1585619733.422177}, "cmdq": 0, "read": {"device_start": -1, "device_end": -1}}, "FFC_sans_bias25": {"write": {"device_start": 1585619733.4213579, "host_queued_start": 1585619799.761133, "device_queued": 1585619733.4180102, "device_end": 1585619733.4213836, "host_queued_end": 1585619799.761231}, "device": "gpu", "nd_range": {"device_start": 1585619733.4221818, "device_end": 1585619733.4231625}, "cmdq": 2, "read": {"device_start": 1585619733.4231694, "device_end": 1585619733.423193}}, "FFC_sans_bias20": {"write": {"device_start": 1585619733.4179072, "host_queued_start": 1585619799.756458, "device_queued": 1585619733.41738, "device_end": 1585619733.4179382, "host_queued_end": 1585619799.761231}, "device": "gpu", "nd_range": {"device_start": 1585619733.4179442, "device_end": 1585619733.420155}, "cmdq": 2, "read": {"device_start": -1, "device_end": -1}}, "FFC_sans_bias22": {"write": {"device_start": -1, "host_queued_start": 1585619799.757739, "device_queued": -1, "device_end": -1, "host_queued_end": 1585619799.761231}, "device": "gpu", "nd_range": {"device_start": 1585619733.4201643, "device_end": 1585619733.4211352}, "cmdq": 1, "read": {"device_start": -1, "device_end": -1}}, "softmax5": {"write": {"device_start": -1, "host_queued_start": 1585619799.767064, "device_queued": -1, "device_end": -1, "host_queued_end": 1585619799.768623}, "device": "cpu", "nd_range": {"device_start": 2287573.974702117, "device_end": 2287573.974865946}, "cmdq": 0, "read": {"device_start": -1, "device_end": -1}}, "empty17": {"write": {"device_start": 1585619733.4167652, "host_queued_start": 1585619799.748827, "device_queued": 1585619733.4166405, "device_end": 1585619733.4168046, "host_queued_end": 1585619799.761231}, "device": "gpu", "nd_range": {"device_start": 1585619733.4168084, "device_end": 1585619733.41682}, "cmdq": 0, "read": {"device_start": -1, "device_end": -1}}}