{"FFC_sans_bias4": {"write": {"device_start": -1, "host_queued_start": 1585620018.355957, "device_queued": -1, "device_end": -1, "host_queued_end": 1585620018.359704}, "device": "cpu", "nd_range": {"device_start": 2287792.573348475, "device_end": 2287792.5818979363}, "cmdq": 1, "read": {"device_start": -1, "device_end": -1}}, "FFC_sans_bias7": {"write": {"device_start": -1, "host_queued_start": 1585620018.358652, "device_queued": -1, "device_end": -1, "host_queued_end": 1585620018.359704}, "device": "cpu", "nd_range": {"device_start": 2287792.6027621133, "device_end": 2287792.611877664}, "cmdq": 1, "read": {"device_start": -1, "device_end": -1}}, "FFC_sans_bias6": {"write": {"device_start": -1, "host_queued_start": 1585620018.35723, "device_queued": -1, "device_end": -1, "host_queued_end": 1585620018.359704}, "device": "cpu", "nd_range": {"device_start": 2287792.594108379, "device_end": 2287792.602694128}, "cmdq": 2, "read": {"device_start": -1, "device_end": -1}}, "FFC_sans_bias1": {"write": {"device_start": -1, "host_queued_start": 1585620018.350336, "device_queued": -1, "device_end": -1, "host_queued_end": 1585620018.359704}, "device": "cpu", "nd_range": {"device_start": 2287792.5493160393, "device_end": 2287792.560884797}, "cmdq": 0, "read": {"device_start": -1, "device_end": -1}}, "FFC_sans_bias0": {"write": {"device_start": -1, "host_queued_start": 1585620018.349246, "device_queued": -1, "device_end": -1, "host_queued_end": 1585620018.359704}, "device": "cpu", "nd_range": {"device_start": 2287792.5493272194, "device_end": 2287792.557950377}, "cmdq": 2, "read": {"device_start": -1, "device_end": -1}}, "FFC_sans_bias2": {"write": {"device_start": -1, "host_queued_start": 1585620018.351478, "device_queued": -1, "device_end": -1, "host_queued_end": 1585620018.359704}, "device": "cpu", "nd_range": {"device_start": 2287792.549316056, "device_end": 2287792.560983362}, "cmdq": 1, "read": {"device_start": -1, "device_end": -1}}, "FFC_sans_bias9": {"write": {"device_start": -1, "host_queued_start": 1585620018.352621, "device_queued": -1, "device_end": -1, "host_queued_end": 1585620018.359704}, "device": "cpu", "nd_range": {"device_start": 2287792.560806925, "device_end": 2287792.569810599}, "cmdq": 2, "read": {"device_start": -1, "device_end": -1}}, "softmax23": {"write": {"device_start": -1, "host_queued_start": 1585620018.342692, "device_queued": -1, "device_end": -1, "host_queued_end": 1585620018.345755}, "device": "gpu", "nd_range": {"device_start": 1585619951.999552, "device_end": 1585619951.9997456}, "cmdq": 0, "read": {"device_start": -1, "device_end": -1}}, "FFC_sans_bias11": {"write": {"device_start": -1, "host_queued_start": 1585620018.354832, "device_queued": -1, "device_end": -1, "host_queued_end": 1585620018.359704}, "device": "cpu", "nd_range": {"device_start": 2287792.5609927583, "device_end": 2287792.573341973}, "cmdq": 1, "read": {"device_start": -1, "device_end": -1}}, "FFC_sans_bias10": {"write": {"device_start": -1, "host_queued_start": 1585620018.353739, "device_queued": -1, "device_end": -1, "host_queued_end": 1585620018.359704}, "device": "cpu", "nd_range": {"device_start": 2287792.560991, "device_end": 2287792.5788335693}, "cmdq": 0, "read": {"device_start": -1, "device_end": -1}}, "coalesced_transpose3": {"write": {"device_start": -1, "host_queued_start": 1585620018.355162, "device_queued": -1, "device_end": -1, "host_queued_end": 1585620018.359704}, "device": "cpu", "nd_range": {"device_start": 2287792.5699430383, "device_end": 2287792.570186642}, "cmdq": 2, "read": {"device_start": -1, "device_end": -1}}, "FFC_sans_bias34": {"write": {"device_start": 1585619952.00052, "host_queued_start": 1585620018.345653, "device_queued": 1585619951.9963875, "device_end": 1585619952.000551, "host_queued_end": 1585620018.345755}, "device": "gpu", "nd_range": {"device_start": 1585619952.0009766, "device_end": 1585619952.001928}, "cmdq": 2, "read": {"device_start": 1585619952.0019295, "device_end": 1585619952.0019534}}, "FFC_sans_bias15": {"write": {"device_start": -1, "host_queued_start": 1585620018.357574, "device_queued": -1, "device_end": -1, "host_queued_end": 1585620018.359704}, "device": "cpu", "nd_range": {"device_start": 2287792.594322515, "device_end": 2287792.604577776}, "cmdq": 0, "read": {"device_start": -1, "device_end": -1}}, "FFC_sans_bias31": {"write": {"device_start": -1, "host_queued_start": 1585620018.342388, "device_queued": -1, "device_end": -1, "host_queued_end": 1585620018.345755}, "device": "gpu", "nd_range": {"device_start": 1585619951.998549, "device_end": 1585619951.999546}, "cmdq": 2, "read": {"device_start": -1, "device_end": -1}}, "FFC_sans_bias16": {"write": {"device_start": -1, "host_queued_start": 1585620018.35966, "device_queued": -1, "device_end": -1, "host_queued_end": 1585620018.359704}, "device": "cpu", "nd_range": {"device_start": 2287792.60458572, "device_end": 2287792.611973173}, "cmdq": 2, "read": {"device_start": -1, "device_end": -1}}, "FFC_sans_bias19": {"write": {"device_start": 1585619951.9956594, "host_queued_start": 1585620018.336894, "device_queued": 1585619951.9955807, "device_end": 1585619951.9957318, "host_queued_end": 1585620018.345755}, "device": "gpu", "nd_range": {"device_start": 1585619951.9957361, "device_end": 1585619951.9965758}, "cmdq": 0, "read": {"device_start": -1, "device_end": -1}}, "FFC_sans_bias18": {"write": {"device_start": 1585619951.9955373, "host_queued_start": 1585620018.335776, "device_queued": 1585619951.995287, "device_end": 1585619951.995562, "host_queued_end": 1585620018.345755}, "device": "gpu", "nd_range": {"device_start": 1585619951.9955654, "device_end": 1585619951.9961674}, "cmdq": 2, "read": {"device_start": -1, "device_end": -1}}, "coalesced_transpose30": {"write": {"device_start": -1, "host_queued_start": 1585620018.341747, "device_queued": -1, "device_end": -1, "host_queued_end": 1585620018.345755}, "device": "gpu", "nd_range": {"device_start": 1585619951.9981058, "device_end": 1585619951.9984345}, "cmdq": 0, "read": {"device_start": -1, "device_end": -1}}, "empty26": {"write": {"device_start": 1585619951.9952984, "host_queued_start": 1585620018.33362, "device_queued": 1585619951.9951727, "device_end": 1585619951.9953473, "host_queued_end": 1585620018.345755}, "device": "gpu", "nd_range": {"device_start": 1585619951.9953518, "device_end": 1585619951.9953647}, "cmdq": 0, "read": {"device_start": -1, "device_end": -1}}, "coalesced_transpose12": {"write": {"device_start": -1, "host_queued_start": 1585620018.355608, "device_queued": -1, "device_end": -1, "host_queued_end": 1585620018.359704}, "device": "cpu", "nd_range": {"device_start": 2287792.578841607, "device_end": 2287792.5790970963}, "cmdq": 0, "read": {"device_start": -1, "device_end": -1}}, "coalesced_transpose21": {"write": {"device_start": -1, "host_queued_start": 1585620018.341442, "device_queued": -1, "device_end": -1, "host_queued_end": 1585620018.345755}, "device": "gpu", "nd_range": {"device_start": 1585619951.9975731, "device_end": 1585619951.9984212}, "cmdq": 2, "read": {"device_start": -1, "device_end": -1}}, "softmax14": {"write": {"device_start": -1, "host_queued_start": 1585620018.356885, "device_queued": -1, "device_end": -1, "host_queued_end": 1585620018.359704}, "device": "cpu", "nd_range": {"device_start": 2287792.594135948, "device_end": 2287792.5943009993}, "cmdq": 1, "read": {"device_start": -1, "device_end": -1}}, "FFC_sans_bias13": {"write": {"device_start": -1, "host_queued_start": 1585620018.356301, "device_queued": -1, "device_end": -1, "host_queued_end": 1585620018.359704}, "device": "cpu", "nd_range": {"device_start": 2287792.5800810293, "device_end": 2287792.594097597}, "cmdq": 2, "read": {"device_start": -1, "device_end": -1}}, "empty8": {"write": {"device_start": -1, "host_queued_start": 1585620018.347166, "device_queued": -1, "device_end": -1, "host_queued_end": 1585620018.359704}, "device": "cpu", "nd_range": {"device_start": 2287792.549284792, "device_end": 2287792.5492955092}, "cmdq": 0, "read": {"device_start": -1, "device_end": -1}}, "softmax32": {"write": {"device_start": -1, "host_queued_start": 1585620018.342948, "device_queued": -1, "device_end": -1, "host_queued_end": 1585620018.345755}, "device": "gpu", "nd_range": {"device_start": 1585619951.9995563, "device_end": 1585619951.999748}, "cmdq": 1, "read": {"device_start": -1, "device_end": -1}}, "FFC_sans_bias33": {"write": {"device_start": -1, "host_queued_start": 1585620018.343573, "device_queued": -1, "device_end": -1, "host_queued_end": 1585620018.345755}, "device": "gpu", "nd_range": {"device_start": 1585619952.000369, "device_end": 1585619952.0009718}, "cmdq": 0, "read": {"device_start": -1, "device_end": -1}}, "FFC_sans_bias24": {"write": {"device_start": -1, "host_queued_start": 1585620018.343256, "device_queued": -1, "device_end": -1, "host_queued_end": 1585620018.345755}, "device": "gpu", "nd_range": {"device_start": 1585619951.9997547, "device_end": 1585619952.0003657}, "cmdq": 2, "read": {"device_start": -1, "device_end": -1}}, "FFC_sans_bias25": {"write": {"device_start": 1585619951.9998808, "host_queued_start": 1585620018.344595, "device_queued": 1585619951.9964063, "device_end": 1585619951.9999104, "host_queued_end": 1585620018.345755}, "device": "gpu", "nd_range": {"device_start": 1585619952.0003734, "device_end": 1585619952.0013757}, "cmdq": 1, "read": {"device_start": 1585619952.0013847, "device_end": 1585619952.001408}}, "FFC_sans_bias27": {"write": {"device_start": 1585619951.9962575, "host_queued_start": 1585620018.339023, "device_queued": 1585619951.9956443, "device_end": 1585619951.9962833, "host_queued_end": 1585620018.345755}, "device": "gpu", "nd_range": {"device_start": 1585619951.9962862, "device_end": 1585619951.9975717}, "cmdq": 2, "read": {"device_start": -1, "device_end": -1}}, "FFC_sans_bias20": {"write": {"device_start": 1585619951.9957695, "host_queued_start": 1585620018.337948, "device_queued": 1585619951.9956267, "device_end": 1585619951.9958003, "host_queued_end": 1585620018.345755}, "device": "gpu", "nd_range": {"device_start": 1585619951.9958284, "device_end": 1585619951.997154}, "cmdq": 1, "read": {"device_start": -1, "device_end": -1}}, "FFC_sans_bias22": {"write": {"device_start": -1, "host_queued_start": 1585620018.34207, "device_queued": -1, "device_end": -1, "host_queued_end": 1585620018.345755}, "device": "gpu", "nd_range": {"device_start": 1585619951.9985425, "device_end": 1585619951.9991493}, "cmdq": 1, "read": {"device_start": -1, "device_end": -1}}, "softmax5": {"write": {"device_start": -1, "host_queued_start": 1585620018.356588, "device_queued": -1, "device_end": -1, "host_queued_end": 1585620018.359704}, "device": "cpu", "nd_range": {"device_start": 2287792.582058085, "device_end": 2287792.582278203}, "cmdq": 0, "read": {"device_start": -1, "device_end": -1}}, "FFC_sans_bias28": {"write": {"device_start": 1585619951.9966686, "host_queued_start": 1585620018.340069, "device_queued": 1585619951.9958606, "device_end": 1585619951.9966998, "host_queued_end": 1585620018.345755}, "device": "gpu", "nd_range": {"device_start": 1585619951.9967048, "device_end": 1585619951.9981046}, "cmdq": 0, "read": {"device_start": -1, "device_end": -1}}, "FFC_sans_bias29": {"write": {"device_start": 1585619951.9973016, "host_queued_start": 1585620018.341112, "device_queued": 1585619951.9959936, "device_end": 1585619951.9973333, "host_queued_end": 1585620018.345755}, "device": "gpu", "nd_range": {"device_start": 1585619951.9973361, "device_end": 1585619951.998537}, "cmdq": 1, "read": {"device_start": -1, "device_end": -1}}, "empty17": {"write": {"device_start": -1, "host_queued_start": 1585620018.348175, "device_queued": -1, "device_end": -1, "host_queued_end": 1585620018.359704}, "device": "cpu", "nd_range": {"device_start": 2287792.5492848554, "device_end": 2287792.549295484}, "cmdq": 1, "read": {"device_start": -1, "device_end": -1}}, "empty35": {"write": {"device_start": 1585619951.9954221, "host_queued_start": 1585620018.334768, "device_queued": 1585619951.9952667, "device_end": 1585619951.995468, "host_queued_end": 1585620018.345755}, "device": "gpu", "nd_range": {"device_start": 1585619951.995478, "device_end": 1585619951.9954844}, "cmdq": 1, "read": {"device_start": -1, "device_end": -1}}}