{"FFC_sans_bias4": {"write": {"device_start": -1, "host_queued_start": 1585620188.843628, "device_queued": -1, "device_end": -1, "host_queued_end": 1585620188.853071}, "device": "gpu", "nd_range": {"device_start": 1585620122.5102482, "device_end": 1585620122.510848}, "cmdq": 0, "read": {"device_start": -1, "device_end": -1}}, "FFC_sans_bias7": {"write": {"device_start": 1585620122.517426, "host_queued_start": 1585620188.848739, "device_queued": 1585620122.5007117, "device_end": 1585620122.5174541, "host_queued_end": 1585620188.853071}, "device": "gpu", "nd_range": {"device_start": 1585620122.5174594, "device_end": 1585620122.5180542}, "cmdq": 0, "read": {"device_start": 1585620122.5180619, "device_end": 1585620122.5180852}}, "FFC_sans_bias6": {"write": {"device_start": -1, "host_queued_start": 1585620188.84643, "device_queued": -1, "device_end": -1, "host_queued_end": 1585620188.853071}, "device": "gpu", "nd_range": {"device_start": 1585620122.5143096, "device_end": 1585620122.5149057}, "cmdq": 0, "read": {"device_start": -1, "device_end": -1}}, "FFC_sans_bias1": {"write": {"device_start": 1585620122.4998643, "host_queued_start": 1585620188.827957, "device_queued": 1585620122.4983695, "device_end": 1585620122.4998932, "host_queued_end": 1585620188.853071}, "device": "gpu", "nd_range": {"device_start": 1585620122.4999018, "device_end": 1585620122.5004988}, "cmdq": 0, "read": {"device_start": -1, "device_end": -1}}, "FFC_sans_bias0": {"write": {"device_start": 1585620122.4991057, "host_queued_start": 1585620188.826908, "device_queued": 1585620122.498332, "device_end": 1585620122.49913, "host_queued_end": 1585620188.853071}, "device": "gpu", "nd_range": {"device_start": 1585620122.4991338, "device_end": 1585620122.499731}, "cmdq": 0, "read": {"device_start": -1, "device_end": -1}}, "FFC_sans_bias2": {"write": {"device_start": 1585620122.500617, "host_queued_start": 1585620188.829029, "device_queued": 1585620122.4985437, "device_end": 1585620122.5006473, "host_queued_end": 1585620188.853071}, "device": "gpu", "nd_range": {"device_start": 1585620122.5006504, "device_end": 1585620122.5012465}, "cmdq": 0, "read": {"device_start": -1, "device_end": -1}}, "FFC_sans_bias9": {"write": {"device_start": 1585620122.5013604, "host_queued_start": 1585620188.830077, "device_queued": 1585620122.4985914, "device_end": 1585620122.5013895, "host_queued_end": 1585620188.853071}, "device": "gpu", "nd_range": {"device_start": 1585620122.5013962, "device_end": 1585620122.5019915}, "cmdq": 0, "read": {"device_start": -1, "device_end": -1}}, "coalesced_transpose39": {"write": {"device_start": -1, "host_queued_start": 1585620188.843312, "device_queued": -1, "device_end": -1, "host_queued_end": 1585620188.853071}, "device": "gpu", "nd_range": {"device_start": 1585620122.510239, "device_end": 1585620122.5102472}, "cmdq": 0, "read": {"device_start": -1, "device_end": -1}}, "softmax23": {"write": {"device_start": -1, "host_queued_start": 1585620188.845636, "device_queued": -1, "device_end": -1, "host_queued_end": 1585620188.853071}, "device": "gpu", "nd_range": {"device_start": 1585620122.5136821, "device_end": 1585620122.5138893}, "cmdq": 0, "read": {"device_start": -1, "device_end": -1}}, "FFC_sans_bias37": {"write": {"device_start": 1585620122.50881, "host_queued_start": 1585620188.840735, "device_queued": 1585620122.4996195, "device_end": 1585620122.5088398, "host_queued_end": 1585620188.853071}, "device": "gpu", "nd_range": {"device_start": 1585620122.5088544, "device_end": 1585620122.5094578}, "cmdq": 0, "read": {"device_start": -1, "device_end": -1}}, "softmax41": {"write": {"device_start": -1, "host_queued_start": 1585620188.846122, "device_queued": -1, "device_end": -1, "host_queued_end": 1585620188.853071}, "device": "gpu", "nd_range": {"device_start": 1585620122.5141008, "device_end": 1585620122.5143087}, "cmdq": 0, "read": {"device_start": -1, "device_end": -1}}, "FFC_sans_bias11": {"write": {"device_start": 1585620122.502824, "host_queued_start": 1585620188.832198, "device_queued": 1585620122.4988148, "device_end": 1585620122.5028477, "host_queued_end": 1585620188.853071}, "device": "gpu", "nd_range": {"device_start": 1585620122.5028543, "device_end": 1585620122.5034559}, "cmdq": 0, "read": {"device_start": -1, "device_end": -1}}, "FFC_sans_bias10": {"write": {"device_start": 1585620122.5020723, "host_queued_start": 1585620188.831155, "device_queued": 1585620122.4987657, "device_end": 1585620122.5021026, "host_queued_end": 1585620188.853071}, "device": "gpu", "nd_range": {"device_start": 1585620122.502106, "device_end": 1585620122.5027053}, "cmdq": 0, "read": {"device_start": -1, "device_end": -1}}, "coalesced_transpose3": {"write": {"device_start": -1, "host_queued_start": 1585620188.842109, "device_queued": -1, "device_end": -1, "host_queued_end": 1585620188.853071}, "device": "gpu", "nd_range": {"device_start": 1585620122.5102, "device_end": 1585620122.5102086}, "cmdq": 0, "read": {"device_start": -1, "device_end": -1}}, "FFC_sans_bias34": {"write": {"device_start": 1585620122.5199301, "host_queued_start": 1585620188.851926, "device_queued": 1585620122.501083, "device_end": 1585620122.5199597, "host_queued_end": 1585620188.853071}, "device": "gpu", "nd_range": {"device_start": 1585620122.519975, "device_end": 1585620122.5205727}, "cmdq": 0, "read": {"device_start": 1585620122.5205815, "device_end": 1585620122.5206037}}, "FFC_sans_bias15": {"write": {"device_start": -1, "host_queued_start": 1585620188.846749, "device_queued": -1, "device_end": -1, "host_queued_end": 1585620188.853071}, "device": "gpu", "nd_range": {"device_start": 1585620122.5149066, "device_end": 1585620122.5155015}, "cmdq": 0, "read": {"device_start": -1, "device_end": -1}}, "FFC_sans_bias31": {"write": {"device_start": -1, "host_queued_start": 1585620188.844563, "device_queued": -1, "device_end": -1, "host_queued_end": 1585620188.853071}, "device": "gpu", "nd_range": {"device_start": 1585620122.5120509, "device_end": 1585620122.5126522}, "cmdq": 0, "read": {"device_start": -1, "device_end": -1}}, "FFC_sans_bias16": {"write": {"device_start": 1585620122.518264, "host_queued_start": 1585620188.849822, "device_queued": 1585620122.500872, "device_end": 1585620122.518293, "host_queued_end": 1585620188.853071}, "device": "gpu", "nd_range": {"device_start": 1585620122.518298, "device_end": 1585620122.5188885}, "cmdq": 0, "read": {"device_start": 1585620122.5188918, "device_end": 1585620122.5189145}}, "FFC_sans_bias19": {"write": {"device_start": 1585620122.504325, "host_queued_start": 1585620188.834288, "device_queued": 1585620122.499073, "device_end": 1585620122.5043533, "host_queued_end": 1585620188.853071}, "device": "gpu", "nd_range": {"device_start": 1585620122.5043585, "device_end": 1585620122.5049558}, "cmdq": 0, "read": {"device_start": -1, "device_end": -1}}, "FFC_sans_bias18": {"write": {"device_start": 1585620122.5035741, "host_queued_start": 1585620188.833246, "device_queued": 1585620122.4990156, "device_end": 1585620122.5036044, "host_queued_end": 1585620188.853071}, "device": "gpu", "nd_range": {"device_start": 1585620122.503611, "device_end": 1585620122.5042064}, "cmdq": 0, "read": {"device_start": -1, "device_end": -1}}, "coalesced_transpose30": {"write": {"device_start": -1, "host_queued_start": 1585620188.843017, "device_queued": -1, "device_end": -1, "host_queued_end": 1585620188.853071}, "device": "gpu", "nd_range": {"device_start": 1585620122.5102298, "device_end": 1585620122.5102377}, "cmdq": 0, "read": {"device_start": -1, "device_end": -1}}, "FFC_sans_bias38": {"write": {"device_start": 1585620122.5095668, "host_queued_start": 1585620188.841775, "device_queued": 1585620122.4997847, "device_end": 1585620122.5095978, "host_queued_end": 1585620188.853071}, "device": "gpu", "nd_range": {"device_start": 1585620122.5096004, "device_end": 1585620122.5101988}, "cmdq": 0, "read": {"device_start": -1, "device_end": -1}}, "empty26": {"write": {"device_start": 1585620122.4983869, "host_queued_start": 1585620188.824257, "device_queued": 1585620122.4980617, "device_end": 1585620122.498411, "host_queued_end": 1585620188.853071}, "device": "gpu", "nd_range": {"device_start": 1585620122.4984198, "device_end": 1585620122.4984233}, "cmdq": 0, "read": {"device_start": -1, "device_end": -1}}, "coalesced_transpose12": {"write": {"device_start": -1, "host_queued_start": 1585620188.842409, "device_queued": -1, "device_end": -1, "host_queued_end": 1585620188.853071}, "device": "gpu", "nd_range": {"device_start": 1585620122.5102096, "device_end": 1585620122.510218}, "cmdq": 0, "read": {"device_start": -1, "device_end": -1}}, "empty44": {"write": {"device_start": 1585620122.4988446, "host_queued_start": 1585620188.825891, "device_queued": 1585620122.4982824, "device_end": 1585620122.4988732, "host_queued_end": 1585620188.853071}, "device": "gpu", "nd_range": {"device_start": 1585620122.4988759, "device_end": 1585620122.4988794}, "cmdq": 0, "read": {"device_start": -1, "device_end": -1}}, "coalesced_transpose21": {"write": {"device_start": -1, "host_queued_start": 1585620188.842716, "device_queued": -1, "device_end": -1, "host_queued_end": 1585620188.853071}, "device": "gpu", "nd_range": {"device_start": 1585620122.5102189, "device_end": 1585620122.5102286}, "cmdq": 0, "read": {"device_start": -1, "device_end": -1}}, "FFC_sans_bias36": {"write": {"device_start": 1585620122.5080574, "host_queued_start": 1585620188.839705, "device_queued": 1585620122.499579, "device_end": 1585620122.5080884, "host_queued_end": 1585620188.853071}, "device": "gpu", "nd_range": {"device_start": 1585620122.508091, "device_end": 1585620122.508691}, "cmdq": 0, "read": {"device_start": -1, "device_end": -1}}, "softmax14": {"write": {"device_start": -1, "host_queued_start": 1585620188.845383, "device_queued": -1, "device_end": -1, "host_queued_end": 1585620188.853071}, "device": "gpu", "nd_range": {"device_start": 1585620122.5134664, "device_end": 1585620122.5136802}, "cmdq": 0, "read": {"device_start": -1, "device_end": -1}}, "FFC_sans_bias13": {"write": {"device_start": -1, "host_queued_start": 1585620188.843944, "device_queued": -1, "device_end": -1, "host_queued_end": 1585620188.853071}, "device": "gpu", "nd_range": {"device_start": 1585620122.5108492, "device_end": 1585620122.5114477}, "cmdq": 0, "read": {"device_start": -1, "device_end": -1}}, "empty8": {"write": {"device_start": 1585620122.4980235, "host_queued_start": 1585620188.822357, "device_queued": 1585620122.4979038, "device_end": 1585620122.4980497, "host_queued_end": 1585620188.853071}, "device": "gpu", "nd_range": {"device_start": 1585620122.498053, "device_end": 1585620122.4980576}, "cmdq": 0, "read": {"device_start": -1, "device_end": -1}}, "FFC_sans_bias42": {"write": {"device_start": -1, "host_queued_start": 1585620188.847691, "device_queued": -1, "device_end": -1, "host_queued_end": 1585620188.853071}, "device": "gpu", "nd_range": {"device_start": 1585620122.5167036, "device_end": 1585620122.517304}, "cmdq": 0, "read": {"device_start": -1, "device_end": -1}}, "FFC_sans_bias43": {"write": {"device_start": 1585620122.520767, "host_queued_start": 1585620188.852972, "device_queued": 1585620122.5011377, "device_end": 1585620122.5207968, "host_queued_end": 1585620188.853071}, "device": "gpu", "nd_range": {"device_start": 1585620122.5208006, "device_end": 1585620122.5213966}, "cmdq": 0, "read": {"device_start": 1585620122.5213985, "device_end": 1585620122.521421}}, "FFC_sans_bias40": {"write": {"device_start": -1, "host_queued_start": 1585620188.844871, "device_queued": -1, "device_end": -1, "host_queued_end": 1585620188.853071}, "device": "gpu", "nd_range": {"device_start": 1585620122.512653, "device_end": 1585620122.513249}, "cmdq": 0, "read": {"device_start": -1, "device_end": -1}}, "softmax32": {"write": {"device_start": -1, "host_queued_start": 1585620188.84588, "device_queued": -1, "device_end": -1, "host_queued_end": 1585620188.853071}, "device": "gpu", "nd_range": {"device_start": 1585620122.5138907, "device_end": 1585620122.5140994}, "cmdq": 0, "read": {"device_start": -1, "device_end": -1}}, "FFC_sans_bias33": {"write": {"device_start": -1, "host_queued_start": 1585620188.847378, "device_queued": -1, "device_end": -1, "host_queued_end": 1585620188.853071}, "device": "gpu", "nd_range": {"device_start": 1585620122.5161023, "device_end": 1585620122.5167024}, "cmdq": 0, "read": {"device_start": -1, "device_end": -1}}, "FFC_sans_bias24": {"write": {"device_start": -1, "host_queued_start": 1585620188.847062, "device_queued": -1, "device_end": -1, "host_queued_end": 1585620188.853071}, "device": "gpu", "nd_range": {"device_start": 1585620122.5155025, "device_end": 1585620122.5161011}, "cmdq": 0, "read": {"device_start": -1, "device_end": -1}}, "FFC_sans_bias25": {"write": {"device_start": 1585620122.5190935, "host_queued_start": 1585620188.850877, "device_queued": 1585620122.5009296, "device_end": 1585620122.5191236, "host_queued_end": 1585620188.853071}, "device": "gpu", "nd_range": {"device_start": 1585620122.5191383, "device_end": 1585620122.5197349}, "cmdq": 0, "read": {"device_start": 1585620122.5197377, "device_end": 1585620122.51976}}, "FFC_sans_bias27": {"write": {"device_start": 1585620122.5058293, "host_queued_start": 1585620188.836414, "device_queued": 1585620122.4992495, "device_end": 1585620122.5058582, "host_queued_end": 1585620188.853071}, "device": "gpu", "nd_range": {"device_start": 1585620122.5058613, "device_end": 1585620122.506449}, "cmdq": 0, "read": {"device_start": -1, "device_end": -1}}, "FFC_sans_bias20": {"write": {"device_start": 1585620122.5050745, "host_queued_start": 1585620188.83538, "device_queued": 1585620122.49921, "device_end": 1585620122.505105, "host_queued_end": 1585620188.853071}, "device": "gpu", "nd_range": {"device_start": 1585620122.5051131, "device_end": 1585620122.5057106}, "cmdq": 0, "read": {"device_start": -1, "device_end": -1}}, "FFC_sans_bias22": {"write": {"device_start": -1, "host_queued_start": 1585620188.844254, "device_queued": -1, "device_end": -1, "host_queued_end": 1585620188.853071}, "device": "gpu", "nd_range": {"device_start": 1585620122.5114486, "device_end": 1585620122.512049}, "cmdq": 0, "read": {"device_start": -1, "device_end": -1}}, "softmax5": {"write": {"device_start": -1, "host_queued_start": 1585620188.845121, "device_queued": -1, "device_end": -1, "host_queued_end": 1585620188.853071}, "device": "gpu", "nd_range": {"device_start": 1585620122.5132499, "device_end": 1585620122.5134652}, "cmdq": 0, "read": {"device_start": -1, "device_end": -1}}, "FFC_sans_bias28": {"write": {"device_start": 1585620122.5065684, "host_queued_start": 1585620188.837445, "device_queued": 1585620122.4993947, "device_end": 1585620122.5065992, "host_queued_end": 1585620188.853071}, "device": "gpu", "nd_range": {"device_start": 1585620122.5066018, "device_end": 1585620122.5072002}, "cmdq": 0, "read": {"device_start": -1, "device_end": -1}}, "FFC_sans_bias29": {"write": {"device_start": 1585620122.507318, "host_queued_start": 1585620188.838671, "device_queued": 1585620122.4994361, "device_end": 1585620122.507347, "host_queued_end": 1585620188.853071}, "device": "gpu", "nd_range": {"device_start": 1585620122.507351, "device_end": 1585620122.5079393}, "cmdq": 0, "read": {"device_start": -1, "device_end": -1}}, "empty17": {"write": {"device_start": 1585620122.4981973, "host_queued_start": 1585620188.823442, "device_queued": 1585620122.498022, "device_end": 1585620122.4982262, "host_queued_end": 1585620188.853071}, "device": "gpu", "nd_range": {"device_start": 1585620122.4982357, "device_end": 1585620122.498239}, "cmdq": 0, "read": {"device_start": -1, "device_end": -1}}, "empty35": {"write": {"device_start": 1585620122.4986181, "host_queued_start": 1585620188.825091, "device_queued": 1585620122.4981148, "device_end": 1585620122.4986475, "host_queued_end": 1585620188.853071}, "device": "gpu", "nd_range": {"device_start": 1585620122.4986506, "device_end": 1585620122.4986541}, "cmdq": 0, "read": {"device_start": -1, "device_end": -1}}}