{"FFC_sans_bias4": {"write": {"device_start": -1, "host_queued_start": 1585620314.399, "device_queued": -1, "device_end": -1, "host_queued_end": 1585620314.406671}, "device": "cpu", "nd_range": {"device_start": 2288088.645116847, "device_end": 2288088.654100621}, "cmdq": 2, "read": {"device_start": -1, "device_end": -1}}, "FFC_sans_bias7": {"write": {"device_start": -1, "host_queued_start": 1585620314.403596, "device_queued": -1, "device_end": -1, "host_queued_end": 1585620314.406671}, "device": "cpu", "nd_range": {"device_start": 2288088.68464754, "device_end": 2288088.697651736}, "cmdq": 2, "read": {"device_start": -1, "device_end": -1}}, "FFC_sans_bias6": {"write": {"device_start": -1, "host_queued_start": 1585620314.401494, "device_queued": -1, "device_end": -1, "host_queued_end": 1585620314.406671}, "device": "cpu", "nd_range": {"device_start": 2288088.673119761, "device_end": 2288088.683873963}, "cmdq": 1, "read": {"device_start": -1, "device_end": -1}}, "FFC_sans_bias1": {"write": {"device_start": -1, "host_queued_start": 1585620314.386521, "device_queued": -1, "device_end": -1, "host_queued_end": 1585620314.406671}, "device": "cpu", "nd_range": {"device_start": 2288088.596331616, "device_end": 2288088.610858199}, "cmdq": 2, "read": {"device_start": -1, "device_end": -1}}, "FFC_sans_bias0": {"write": {"device_start": -1, "host_queued_start": 1585620314.385437, "device_queued": -1, "device_end": -1, "host_queued_end": 1585620314.406671}, "device": "cpu", "nd_range": {"device_start": 2288088.5962930983, "device_end": 2288088.604124086}, "cmdq": 1, "read": {"device_start": -1, "device_end": -1}}, "FFC_sans_bias2": {"write": {"device_start": -1, "host_queued_start": 1585620314.387598, "device_queued": -1, "device_end": -1, "host_queued_end": 1585620314.406671}, "device": "cpu", "nd_range": {"device_start": 2288088.5963001903, "device_end": 2288088.6089306483}, "cmdq": 0, "read": {"device_start": -1, "device_end": -1}}, "FFC_sans_bias9": {"write": {"device_start": -1, "host_queued_start": 1585620314.388665, "device_queued": -1, "device_end": -1, "host_queued_end": 1585620314.406671}, "device": "cpu", "nd_range": {"device_start": 2288088.6041425453, "device_end": 2288088.614562752}, "cmdq": 1, "read": {"device_start": -1, "device_end": -1}}, "coalesced_transpose39": {"write": {"device_start": -1, "host_queued_start": 1585620314.378328, "device_queued": -1, "device_end": -1, "host_queued_end": 1585620314.380377}, "device": "gpu", "nd_range": {"device_start": 1585620248.0230868, "device_end": 1585620248.0235047}, "cmdq": 0, "read": {"device_start": -1, "device_end": -1}}, "softmax23": {"write": {"device_start": -1, "host_queued_start": 1585620314.400872, "device_queued": -1, "device_end": -1, "host_queued_end": 1585620314.406671}, "device": "cpu", "nd_range": {"device_start": 2288088.671749922, "device_end": 2288088.671967946}, "cmdq": 2, "read": {"device_start": -1, "device_end": -1}}, "FFC_sans_bias37": {"write": {"device_start": 1585620248.022074, "host_queued_start": 1585620314.376962, "device_queued": 1585620248.0218792, "device_end": 1585620248.0221002, "host_queued_end": 1585620314.380377}, "device": "gpu", "nd_range": {"device_start": 1585620248.0221035, "device_end": 1585620248.0230854}, "cmdq": 0, "read": {"device_start": -1, "device_end": -1}}, "softmax41": {"write": {"device_start": -1, "host_queued_start": 1585620314.378942, "device_queued": -1, "device_end": -1, "host_queued_end": 1585620314.380377}, "device": "gpu", "nd_range": {"device_start": 1585620248.0242617, "device_end": 1585620248.024484}, "cmdq": 0, "read": {"device_start": -1, "device_end": -1}}, "FFC_sans_bias11": {"write": {"device_start": -1, "host_queued_start": 1585620314.390821, "device_queued": -1, "device_end": -1, "host_queued_end": 1585620314.406671}, "device": "cpu", "nd_range": {"device_start": 2288088.6094179964, "device_end": 2288088.626982348}, "cmdq": 0, "read": {"device_start": -1, "device_end": -1}}, "FFC_sans_bias10": {"write": {"device_start": -1, "host_queued_start": 1585620314.389718, "device_queued": -1, "device_end": -1, "host_queued_end": 1585620314.406671}, "device": "cpu", "nd_range": {"device_start": 2288088.610982466, "device_end": 2288088.62050432}, "cmdq": 2, "read": {"device_start": -1, "device_end": -1}}, "coalesced_transpose3": {"write": {"device_start": -1, "host_queued_start": 1585620314.397611, "device_queued": -1, "device_end": -1, "host_queued_end": 1585620314.406671}, "device": "cpu", "nd_range": {"device_start": 2288088.637687873, "device_end": 2288088.637940852}, "cmdq": 1, "read": {"device_start": -1, "device_end": -1}}, "FFC_sans_bias34": {"write": {"device_start": -1, "host_queued_start": 1585620314.406625, "device_queued": -1, "device_end": -1, "host_queued_end": 1585620314.406671}, "device": "cpu", "nd_range": {"device_start": 2288088.697658662, "device_end": 2288088.706773687}, "cmdq": 2, "read": {"device_start": -1, "device_end": -1}}, "FFC_sans_bias15": {"write": {"device_start": -1, "host_queued_start": 1585620314.401836, "device_queued": -1, "device_end": -1, "host_queued_end": 1585620314.406671}, "device": "cpu", "nd_range": {"device_start": 2288088.673000222, "device_end": 2288088.681567456}, "cmdq": 2, "read": {"device_start": -1, "device_end": -1}}, "FFC_sans_bias31": {"write": {"device_start": -1, "host_queued_start": 1585620314.400044, "device_queued": -1, "device_end": -1, "host_queued_end": 1585620314.406671}, "device": "cpu", "nd_range": {"device_start": 2288088.65421938, "device_end": 2288088.6716326782}, "cmdq": 2, "read": {"device_start": -1, "device_end": -1}}, "FFC_sans_bias16": {"write": {"device_start": -1, "host_queued_start": 1585620314.404597, "device_queued": -1, "device_end": -1, "host_queued_end": 1585620314.406671}, "device": "cpu", "nd_range": {"device_start": 2288088.685785945, "device_end": 2288088.701087938}, "cmdq": 0, "read": {"device_start": -1, "device_end": -1}}, "FFC_sans_bias19": {"write": {"device_start": -1, "host_queued_start": 1585620314.392939, "device_queued": -1, "device_end": -1, "host_queued_end": 1585620314.406671}, "device": "cpu", "nd_range": {"device_start": 2288088.620626685, "device_end": 2288088.630893744}, "cmdq": 2, "read": {"device_start": -1, "device_end": -1}}, "FFC_sans_bias18": {"write": {"device_start": -1, "host_queued_start": 1585620314.391881, "device_queued": -1, "device_end": -1, "host_queued_end": 1585620314.406671}, "device": "cpu", "nd_range": {"device_start": 2288088.614683513, "device_end": 2288088.6288768053}, "cmdq": 1, "read": {"device_start": -1, "device_end": -1}}, "coalesced_transpose30": {"write": {"device_start": -1, "host_queued_start": 1585620314.39865, "device_queued": -1, "device_end": -1, "host_queued_end": 1585620314.406671}, "device": "cpu", "nd_range": {"device_start": 2288088.645986367, "device_end": 2288088.646216}, "cmdq": 1, "read": {"device_start": -1, "device_end": -1}}, "FFC_sans_bias38": {"write": {"device_start": 1585620248.0228148, "host_queued_start": 1585620314.37801, "device_queued": 1585620248.0221016, "device_end": 1585620248.0228448, "host_queued_end": 1585620314.380377}, "device": "gpu", "nd_range": {"device_start": 1585620248.0228477, "device_end": 1585620248.0236518}, "cmdq": 1, "read": {"device_start": -1, "device_end": -1}}, "empty26": {"write": {"device_start": -1, "host_queued_start": 1585620314.383443, "device_queued": -1, "device_end": -1, "host_queued_end": 1585620314.406671}, "device": "cpu", "nd_range": {"device_start": 2288088.596309793, "device_end": 2288088.596315509}, "cmdq": 2, "read": {"device_start": -1, "device_end": -1}}, "coalesced_transpose12": {"write": {"device_start": -1, "host_queued_start": 1585620314.397958, "device_queued": -1, "device_end": -1, "host_queued_end": 1585620314.406671}, "device": "cpu", "nd_range": {"device_start": 2288088.644842281, "device_end": 2288088.645099083}, "cmdq": 2, "read": {"device_start": -1, "device_end": -1}}, "empty44": {"write": {"device_start": 1585620248.0218687, "host_queued_start": 1585620314.37462, "device_queued": 1585620248.0217535, "device_end": 1585620248.0219166, "host_queued_end": 1585620314.380377}, "device": "gpu", "nd_range": {"device_start": 1585620248.0219212, "device_end": 1585620248.021927}, "cmdq": 0, "read": {"device_start": -1, "device_end": -1}}, "coalesced_transpose21": {"write": {"device_start": -1, "host_queued_start": 1585620314.39829, "device_queued": -1, "device_end": -1, "host_queued_end": 1585620314.406671}, "device": "cpu", "nd_range": {"device_start": 2288088.6590449903, "device_end": 2288088.659292072}, "cmdq": 0, "read": {"device_start": -1, "device_end": -1}}, "FFC_sans_bias36": {"write": {"device_start": 1585620248.021998, "host_queued_start": 1585620314.375854, "device_queued": 1585620248.0218375, "device_end": 1585620248.0220687, "host_queued_end": 1585620314.380377}, "device": "gpu", "nd_range": {"device_start": 1585620248.0220754, "device_end": 1585620248.0226848}, "cmdq": 1, "read": {"device_start": -1, "device_end": -1}}, "softmax14": {"write": {"device_start": -1, "host_queued_start": 1585620314.400596, "device_queued": -1, "device_end": -1, "host_queued_end": 1585620314.406671}, "device": "cpu", "nd_range": {"device_start": 2288088.6727858353, "device_end": 2288088.672981677}, "cmdq": 1, "read": {"device_start": -1, "device_end": -1}}, "FFC_sans_bias13": {"write": {"device_start": -1, "host_queued_start": 1585620314.399354, "device_queued": -1, "device_end": -1, "host_queued_end": 1585620314.406671}, "device": "cpu", "nd_range": {"device_start": 2288088.659409515, "device_end": 2288088.672740953}, "cmdq": 0, "read": {"device_start": -1, "device_end": -1}}, "empty8": {"write": {"device_start": -1, "host_queued_start": 1585620314.381628, "device_queued": -1, "device_end": -1, "host_queued_end": 1585620314.406671}, "device": "cpu", "nd_range": {"device_start": 2288088.596261749, "device_end": 2288088.596272949}, "cmdq": 0, "read": {"device_start": -1, "device_end": -1}}, "FFC_sans_bias42": {"write": {"device_start": -1, "host_queued_start": 1585620314.379252, "device_queued": -1, "device_end": -1, "host_queued_end": 1585620314.380377}, "device": "gpu", "nd_range": {"device_start": 1585620248.0244868, "device_end": 1585620248.0250742}, "cmdq": 1, "read": {"device_start": -1, "device_end": -1}}, "FFC_sans_bias43": {"write": {"device_start": 1585620248.0246024, "host_queued_start": 1585620314.380266, "device_queued": 1585620248.0223093, "device_end": 1585620248.024633, "host_queued_end": 1585620314.380377}, "device": "gpu", "nd_range": {"device_start": 1585620248.0250773, "device_end": 1585620248.025674}, "cmdq": 0, "read": {"device_start": 1585620248.0256827, "device_end": 1585620248.0257056}}, "FFC_sans_bias40": {"write": {"device_start": -1, "host_queued_start": 1585620314.378684, "device_queued": -1, "device_end": -1, "host_queued_end": 1585620314.380377}, "device": "gpu", "nd_range": {"device_start": 1585620248.023654, "device_end": 1585620248.0242577}, "cmdq": 1, "read": {"device_start": -1, "device_end": -1}}, "softmax32": {"write": {"device_start": -1, "host_queued_start": 1585620314.401148, "device_queued": -1, "device_end": -1, "host_queued_end": 1585620314.406671}, "device": "cpu", "nd_range": {"device_start": 2288088.6730902023, "device_end": 2288088.673302651}, "cmdq": 0, "read": {"device_start": -1, "device_end": -1}}, "FFC_sans_bias33": {"write": {"device_start": -1, "host_queued_start": 1585620314.402522, "device_queued": -1, "device_end": -1, "host_queued_end": 1585620314.406671}, "device": "cpu", "nd_range": {"device_start": 2288088.6841361183, "device_end": 2288088.694911981}, "cmdq": 1, "read": {"device_start": -1, "device_end": -1}}, "FFC_sans_bias24": {"write": {"device_start": -1, "host_queued_start": 1585620314.402178, "device_queued": -1, "device_end": -1, "host_queued_end": 1585620314.406671}, "device": "cpu", "nd_range": {"device_start": 2288088.673414208, "device_end": 2288088.685778467}, "cmdq": 0, "read": {"device_start": -1, "device_end": -1}}, "FFC_sans_bias25": {"write": {"device_start": -1, "host_queued_start": 1585620314.405599, "device_queued": -1, "device_end": -1, "host_queued_end": 1585620314.406671}, "device": "cpu", "nd_range": {"device_start": 2288088.694919885, "device_end": 2288088.706987455}, "cmdq": 1, "read": {"device_start": -1, "device_end": -1}}, "FFC_sans_bias27": {"write": {"device_start": -1, "host_queued_start": 1585620314.3951, "device_queued": -1, "device_end": -1, "host_queued_end": 1585620314.406671}, "device": "cpu", "nd_range": {"device_start": 2288088.6290001143, "device_end": 2288088.637565828}, "cmdq": 1, "read": {"device_start": -1, "device_end": -1}}, "FFC_sans_bias20": {"write": {"device_start": -1, "host_queued_start": 1585620314.394005, "device_queued": -1, "device_end": -1, "host_queued_end": 1585620314.406671}, "device": "cpu", "nd_range": {"device_start": 2288088.631492788, "device_end": 2288088.648538432}, "cmdq": 0, "read": {"device_start": -1, "device_end": -1}}, "FFC_sans_bias22": {"write": {"device_start": -1, "host_queued_start": 1585620314.399699, "device_queued": -1, "device_end": -1, "host_queued_end": 1585620314.406671}, "device": "cpu", "nd_range": {"device_start": 2288088.660625006, "device_end": 2288088.670867218}, "cmdq": 1, "read": {"device_start": -1, "device_end": -1}}, "softmax5": {"write": {"device_start": -1, "host_queued_start": 1585620314.400322, "device_queued": -1, "device_end": -1, "host_queued_end": 1585620314.406671}, "device": "cpu", "nd_range": {"device_start": 2288088.6727615013, "device_end": 2288088.672951883}, "cmdq": 0, "read": {"device_start": -1, "device_end": -1}}, "FFC_sans_bias28": {"write": {"device_start": -1, "host_queued_start": 1585620314.396191, "device_queued": -1, "device_end": -1, "host_queued_end": 1585620314.406671}, "device": "cpu", "nd_range": {"device_start": 2288088.63100729, "device_end": 2288088.644822921}, "cmdq": 2, "read": {"device_start": -1, "device_end": -1}}, "FFC_sans_bias29": {"write": {"device_start": -1, "host_queued_start": 1585620314.397276, "device_queued": -1, "device_end": -1, "host_queued_end": 1585620314.406671}, "device": "cpu", "nd_range": {"device_start": 2288088.64854589, "device_end": 2288088.658928671}, "cmdq": 0, "read": {"device_start": -1, "device_end": -1}}, "empty17": {"write": {"device_start": -1, "host_queued_start": 1585620314.382553, "device_queued": -1, "device_end": -1, "host_queued_end": 1585620314.406671}, "device": "cpu", "nd_range": {"device_start": 2288088.5962618263, "device_end": 2288088.5962729803}, "cmdq": 1, "read": {"device_start": -1, "device_end": -1}}, "empty35": {"write": {"device_start": -1, "host_queued_start": 1585620314.384322, "device_queued": -1, "device_end": -1, "host_queued_end": 1585620314.406671}, "device": "cpu", "nd_range": {"device_start": 2288088.596292844, "device_end": 2288088.596294071}, "cmdq": 0, "read": {"device_start": -1, "device_end": -1}}}