{"FFC_sans_bias4": {"write": {"device_start": -1, "host_queued_start": 1585620451.024634, "device_queued": -1, "device_end": -1, "host_queued_end": 1585620451.034473}, "device": "gpu", "nd_range": {"device_start": 1585620384.68049, "device_end": 1585620384.6810932}, "cmdq": 1, "read": {"device_start": -1, "device_end": -1}}, "FFC_sans_bias7": {"write": {"device_start": 1585620384.6845906, "host_queued_start": 1585620451.030021, "device_queued": 1585620384.6756148, "device_end": 1585620384.6846209, "host_queued_end": 1585620451.034473}, "device": "gpu", "nd_range": {"device_start": 1585620384.684638, "device_end": 1585620384.6864502}, "cmdq": 0, "read": {"device_start": 1585620384.686453, "device_end": 1585620384.6864767}}, "FFC_sans_bias6": {"write": {"device_start": -1, "host_queued_start": 1585620451.027674, "device_queued": -1, "device_end": -1, "host_queued_end": 1585620451.034473}, "device": "gpu", "nd_range": {"device_start": 1585620384.68346, "device_end": 1585620384.6840613}, "cmdq": 3, "read": {"device_start": -1, "device_end": -1}}, "FFC_sans_bias1": {"write": {"device_start": 1585620384.673004, "host_queued_start": 1585620451.006397, "device_queued": 1585620384.672799, "device_end": 1585620384.6730592, "host_queued_end": 1585620451.034473}, "device": "gpu", "nd_range": {"device_start": 1585620384.6731591, "device_end": 1585620384.6741521}, "cmdq": 2, "read": {"device_start": -1, "device_end": -1}}, "FFC_sans_bias0": {"write": {"device_start": 1585620384.6729121, "host_queued_start": 1585620451.004952, "device_queued": 1585620384.6727753, "device_end": 1585620384.6729648, "host_queued_end": 1585620451.034473}, "device": "gpu", "nd_range": {"device_start": 1585620384.6731405, "device_end": 1585620384.67375}, "cmdq": 1, "read": {"device_start": -1, "device_end": -1}}, "FFC_sans_bias2": {"write": {"device_start": 1585620384.6730921, "host_queued_start": 1585620451.007612, "device_queued": 1585620384.6728225, "device_end": 1585620384.6731198, "host_queued_end": 1585620451.034473}, "device": "gpu", "nd_range": {"device_start": 1585620384.6731732, "device_end": 1585620384.674729}, "cmdq": 3, "read": {"device_start": -1, "device_end": -1}}, "FFC_sans_bias9": {"write": {"device_start": 1585620384.6732676, "host_queued_start": 1585620451.00879, "device_queued": 1585620384.6731787, "device_end": 1585620384.673297, "host_queued_end": 1585620451.034473}, "device": "gpu", "nd_range": {"device_start": 1585620384.6733487, "device_end": 1585620384.6751406}, "cmdq": 0, "read": {"device_start": -1, "device_end": -1}}, "coalesced_transpose39": {"write": {"device_start": -1, "host_queued_start": 1585620451.024285, "device_queued": -1, "device_end": -1, "host_queued_end": 1585620451.034473}, "device": "gpu", "nd_range": {"device_start": 1585620384.6803527, "device_end": 1585620384.6803885}, "cmdq": 0, "read": {"device_start": -1, "device_end": -1}}, "softmax23": {"write": {"device_start": -1, "host_queued_start": 1585620451.026842, "device_queued": -1, "device_end": -1, "host_queued_end": 1585620451.034473}, "device": "gpu", "nd_range": {"device_start": 1585620384.682496, "device_end": 1585620384.683463}, "cmdq": 0, "read": {"device_start": -1, "device_end": -1}}, "FFC_sans_bias37": {"write": {"device_start": 1585620384.678213, "host_queued_start": 1585620451.021406, "device_queued": 1585620384.674248, "device_end": 1585620384.6782439, "host_queued_end": 1585620451.034473}, "device": "gpu", "nd_range": {"device_start": 1585620384.6782584, "device_end": 1585620384.6800017}, "cmdq": 2, "read": {"device_start": -1, "device_end": -1}}, "softmax41": {"write": {"device_start": -1, "host_queued_start": 1585620451.027354, "device_queued": -1, "device_end": -1, "host_queued_end": 1585620451.034473}, "device": "gpu", "nd_range": {"device_start": 1585620384.68345, "device_end": 1585620384.6838205}, "cmdq": 2, "read": {"device_start": -1, "device_end": -1}}, "FFC_sans_bias11": {"write": {"device_start": 1585620384.6742823, "host_queued_start": 1585620451.011175, "device_queued": 1585620384.673384, "device_end": 1585620384.6743066, "host_queued_end": 1585620451.034473}, "device": "gpu", "nd_range": {"device_start": 1585620384.674317, "device_end": 1585620384.676132}, "cmdq": 2, "read": {"device_start": -1, "device_end": -1}}, "FFC_sans_bias10": {"write": {"device_start": 1585620384.6738408, "host_queued_start": 1585620451.009948, "device_queued": 1585620384.6733565, "device_end": 1585620384.673871, "host_queued_end": 1585620451.034473}, "device": "gpu", "nd_range": {"device_start": 1585620384.6738765, "device_end": 1585620384.6756825}, "cmdq": 1, "read": {"device_start": -1, "device_end": -1}}, "coalesced_transpose3": {"write": {"device_start": -1, "host_queued_start": 1585620451.022953, "device_queued": -1, "device_end": -1, "host_queued_end": 1585620451.034473}, "device": "gpu", "nd_range": {"device_start": 1585620384.6790557, "device_end": 1585620384.6803422}, "cmdq": 0, "read": {"device_start": -1, "device_end": -1}}, "FFC_sans_bias34": {"write": {"device_start": 1585620384.686115, "host_queued_start": 1585620451.033301, "device_queued": 1585620384.675894, "device_end": 1585620384.6861458, "host_queued_end": 1585620451.034473}, "device": "gpu", "nd_range": {"device_start": 1585620384.6861544, "device_end": 1585620384.6878848}, "cmdq": 3, "read": {"device_start": 1585620384.6878896, "device_end": 1585620384.6879117}}, "FFC_sans_bias15": {"write": {"device_start": -1, "host_queued_start": 1585620451.027999, "device_queued": -1, "device_end": -1, "host_queued_end": 1585620451.034473}, "device": "gpu", "nd_range": {"device_start": 1585620384.6834743, "device_end": 1585620384.684467}, "cmdq": 0, "read": {"device_start": -1, "device_end": -1}}, "FFC_sans_bias31": {"write": {"device_start": -1, "host_queued_start": 1585620451.025713, "device_queued": -1, "device_end": -1, "host_queued_end": 1585620451.034473}, "device": "gpu", "nd_range": {"device_start": 1585620384.6805217, "device_end": 1585620384.682489}, "cmdq": 0, "read": {"device_start": -1, "device_end": -1}}, "FFC_sans_bias16": {"write": {"device_start": 1585620384.6851656, "host_queued_start": 1585620451.031111, "device_queued": 1585620384.6758506, "device_end": 1585620384.6851966, "host_queued_end": 1585620451.034473}, "device": "gpu", "nd_range": {"device_start": 1585620384.685212, "device_end": 1585620384.6869304}, "cmdq": 1, "read": {"device_start": 1585620384.6869361, "device_end": 1585620384.6869593}}, "FFC_sans_bias19": {"write": {"device_start": 1585620384.6752517, "host_queued_start": 1585620451.013529, "device_queued": 1585620384.6735811, "device_end": 1585620384.675277, "host_queued_end": 1585620451.034473}, "device": "gpu", "nd_range": {"device_start": 1585620384.675282, "device_end": 1585620384.6771288}, "cmdq": 0, "read": {"device_start": -1, "device_end": -1}}, "FFC_sans_bias18": {"write": {"device_start": 1585620384.674886, "host_queued_start": 1585620451.012349, "device_queued": 1585620384.6733966, "device_end": 1585620384.6749113, "host_queued_end": 1585620451.034473}, "device": "gpu", "nd_range": {"device_start": 1585620384.6749165, "device_end": 1585620384.6766343}, "cmdq": 3, "read": {"device_start": -1, "device_end": -1}}, "coalesced_transpose30": {"write": {"device_start": -1, "host_queued_start": 1585620451.023954, "device_queued": -1, "device_end": -1, "host_queued_end": 1585620451.034473}, "device": "gpu", "nd_range": {"device_start": 1585620384.6804762, "device_end": 1585620384.680504}, "cmdq": 3, "read": {"device_start": -1, "device_end": -1}}, "FFC_sans_bias38": {"write": {"device_start": 1585620384.6786666, "host_queued_start": 1585620451.022559, "device_queued": 1585620384.6742697, "device_end": 1585620384.6786976, "host_queued_end": 1585620451.034473}, "device": "gpu", "nd_range": {"device_start": 1585620384.6787038, "device_end": 1585620384.6804752}, "cmdq": 3, "read": {"device_start": -1, "device_end": -1}}, "empty26": {"write": {"device_start": 1585620384.6725535, "host_queued_start": 1585620451.000397, "device_queued": 1585620384.672353, "device_end": 1585620384.672616, "host_queued_end": 1585620451.034473}, "device": "gpu", "nd_range": {"device_start": 1585620384.6726255, "device_end": 1585620384.6726298}, "cmdq": 2, "read": {"device_start": -1, "device_end": -1}}, "coalesced_transpose12": {"write": {"device_start": -1, "host_queued_start": 1585620451.023287, "device_queued": -1, "device_end": -1, "host_queued_end": 1585620451.034473}, "device": "gpu", "nd_range": {"device_start": 1585620384.6795344, "device_end": 1585620384.6803641}, "cmdq": 1, "read": {"device_start": -1, "device_end": -1}}, "empty44": {"write": {"device_start": 1585620384.6728141, "host_queued_start": 1585620451.003005, "device_queued": 1585620384.6727238, "device_end": 1585620384.672866, "host_queued_end": 1585620451.034473}, "device": "gpu", "nd_range": {"device_start": 1585620384.6728826, "device_end": 1585620384.6728864}, "cmdq": 0, "read": {"device_start": -1, "device_end": -1}}, "coalesced_transpose21": {"write": {"device_start": -1, "host_queued_start": 1585620451.023623, "device_queued": -1, "device_end": -1, "host_queued_end": 1585620451.034473}, "device": "gpu", "nd_range": {"device_start": 1585620384.6800067, "device_end": 1585620384.6803758}, "cmdq": 2, "read": {"device_start": -1, "device_end": -1}}, "FFC_sans_bias36": {"write": {"device_start": 1585620384.6777058, "host_queued_start": 1585620451.020264, "device_queued": 1585620384.674221, "device_end": 1585620384.677737, "host_queued_end": 1585620451.034473}, "device": "gpu", "nd_range": {"device_start": 1585620384.6777513, "device_end": 1585620384.6795325}, "cmdq": 1, "read": {"device_start": -1, "device_end": -1}}, "softmax14": {"write": {"device_start": -1, "host_queued_start": 1585620451.026581, "device_queued": -1, "device_end": -1, "host_queued_end": 1585620451.034473}, "device": "gpu", "nd_range": {"device_start": 1585620384.68209, "device_end": 1585620384.6834526}, "cmdq": 3, "read": {"device_start": -1, "device_end": -1}}, "FFC_sans_bias13": {"write": {"device_start": -1, "host_queued_start": 1585620451.025005, "device_queued": -1, "device_end": -1, "host_queued_end": 1585620451.034473}, "device": "gpu", "nd_range": {"device_start": 1585620384.6805015, "device_end": 1585620384.6815023}, "cmdq": 2, "read": {"device_start": -1, "device_end": -1}}, "empty8": {"write": {"device_start": 1585620384.6723523, "host_queued_start": 1585620450.998478, "device_queued": 1585620384.6722167, "device_end": 1585620384.672378, "host_queued_end": 1585620451.034473}, "device": "gpu", "nd_range": {"device_start": 1585620384.67243, "device_end": 1585620384.672438}, "cmdq": 0, "read": {"device_start": -1, "device_end": -1}}, "FFC_sans_bias42": {"write": {"device_start": -1, "host_queued_start": 1585620451.028971, "device_queued": -1, "device_end": -1, "host_queued_end": 1585620451.034473}, "device": "gpu", "nd_range": {"device_start": 1585620384.6840684, "device_end": 1585620384.6860025}, "cmdq": 3, "read": {"device_start": -1, "device_end": -1}}, "FFC_sans_bias43": {"write": {"device_start": 1585620384.6866488, "host_queued_start": 1585620451.034374, "device_queued": 1585620384.6762261, "device_end": 1585620384.686679, "host_queued_end": 1585620451.034473}, "device": "gpu", "nd_range": {"device_start": 1585620384.6866865, "device_end": 1585620384.6883476}, "cmdq": 0, "read": {"device_start": 1585620384.6883514, "device_end": 1585620384.6883736}}, "FFC_sans_bias40": {"write": {"device_start": -1, "host_queued_start": 1585620451.026055, "device_queued": -1, "device_end": -1, "host_queued_end": 1585620451.034473}, "device": "gpu", "nd_range": {"device_start": 1585620384.6811016, "device_end": 1585620384.682961}, "cmdq": 1, "read": {"device_start": -1, "device_end": -1}}, "softmax32": {"write": {"device_start": -1, "host_queued_start": 1585620451.027094, "device_queued": -1, "device_end": -1, "host_queued_end": 1585620451.034473}, "device": "gpu", "nd_range": {"device_start": 1585620384.6829677, "device_end": 1585620384.6831756}, "cmdq": 1, "read": {"device_start": -1, "device_end": -1}}, "FFC_sans_bias33": {"write": {"device_start": -1, "host_queued_start": 1585620451.028649, "device_queued": -1, "device_end": -1, "host_queued_end": 1585620451.034473}, "device": "gpu", "nd_range": {"device_start": 1585620384.683828, "device_end": 1585620384.6854544}, "cmdq": 2, "read": {"device_start": -1, "device_end": -1}}, "FFC_sans_bias24": {"write": {"device_start": -1, "host_queued_start": 1585620451.028325, "device_queued": -1, "device_end": -1, "host_queued_end": 1585620451.034473}, "device": "gpu", "nd_range": {"device_start": 1585620384.6834843, "device_end": 1585620384.6850429}, "cmdq": 1, "read": {"device_start": -1, "device_end": -1}}, "FFC_sans_bias25": {"write": {"device_start": 1585620384.6855774, "host_queued_start": 1585620451.032207, "device_queued": 1585620384.675875, "device_end": 1585620384.6856081, "host_queued_end": 1585620451.034473}, "device": "gpu", "nd_range": {"device_start": 1585620384.6856265, "device_end": 1585620384.6874347}, "cmdq": 2, "read": {"device_start": 1585620384.6874385, "device_end": 1585620384.6874614}}, "FFC_sans_bias27": {"write": {"device_start": 1585620384.6762607, "host_queued_start": 1585620451.016047, "device_queued": 1585620384.673773, "device_end": 1585620384.6762877, "host_queued_end": 1585620451.034473}, "device": "gpu", "nd_range": {"device_start": 1585620384.6762917, "device_end": 1585620384.6780972}, "cmdq": 2, "read": {"device_start": -1, "device_end": -1}}, "FFC_sans_bias20": {"write": {"device_start": 1585620384.6758993, "host_queued_start": 1585620451.01478, "device_queued": 1585620384.6737316, "device_end": 1585620384.675925, "host_queued_end": 1585620451.034473}, "device": "gpu", "nd_range": {"device_start": 1585620384.6759377, "device_end": 1585620384.6776023}, "cmdq": 1, "read": {"device_start": -1, "device_end": -1}}, "FFC_sans_bias22": {"write": {"device_start": -1, "host_queued_start": 1585620451.025363, "device_queued": -1, "device_end": -1, "host_queued_end": 1585620451.034473}, "device": "gpu", "nd_range": {"device_start": 1585620384.6805139, "device_end": 1585620384.6820827}, "cmdq": 3, "read": {"device_start": -1, "device_end": -1}}, "softmax5": {"write": {"device_start": -1, "host_queued_start": 1585620451.02632, "device_queued": -1, "device_end": -1, "host_queued_end": 1585620451.034473}, "device": "gpu", "nd_range": {"device_start": 1585620384.6815107, "device_end": 1585620384.6834373}, "cmdq": 2, "read": {"device_start": -1, "device_end": -1}}, "FFC_sans_bias28": {"write": {"device_start": 1585620384.6767573, "host_queued_start": 1585620451.017686, "device_queued": 1585620384.6737962, "device_end": 1585620384.6767826, "host_queued_end": 1585620451.034473}, "device": "gpu", "nd_range": {"device_start": 1585620384.676789, "device_end": 1585620384.6785445}, "cmdq": 3, "read": {"device_start": -1, "device_end": -1}}, "FFC_sans_bias29": {"write": {"device_start": 1585620384.6772346, "host_queued_start": 1585620451.01908, "device_queued": 1585620384.6740434, "device_end": 1585620384.6772664, "host_queued_end": 1585620451.034473}, "device": "gpu", "nd_range": {"device_start": 1585620384.67727, "device_end": 1585620384.679054}, "cmdq": 0, "read": {"device_start": -1, "device_end": -1}}, "empty17": {"write": {"device_start": 1585620384.6724517, "host_queued_start": 1585620450.99954, "device_queued": 1585620384.6723282, "device_end": 1585620384.672507, "host_queued_end": 1585620451.034473}, "device": "gpu", "nd_range": {"device_start": 1585620384.6725106, "device_end": 1585620384.6725233}, "cmdq": 1, "read": {"device_start": -1, "device_end": -1}}, "empty35": {"write": {"device_start": 1585620384.6726398, "host_queued_start": 1585620451.001364, "device_queued": 1585620384.6723845, "device_end": 1585620384.672664, "host_queued_end": 1585620451.034473}, "device": "gpu", "nd_range": {"device_start": 1585620384.672667, "device_end": 1585620384.6726708}, "cmdq": 3, "read": {"device_start": -1, "device_end": -1}}}