{"FFC_sans_bias4": {"write": {"device_start": -1, "host_queued_start": 1585621036.284178, "device_queued": -1, "device_end": -1, "host_queued_end": 1585621036.293838}, "device": "cpu", "nd_range": {"device_start": 2288810.548592579, "device_end": 2288810.556192689}, "cmdq": 1, "read": {"device_start": -1, "device_end": -1}}, "FFC_sans_bias7": {"write": {"device_start": -1, "host_queued_start": 1585621036.289739, "device_queued": -1, "device_end": -1, "host_queued_end": 1585621036.293838}, "device": "cpu", "nd_range": {"device_start": 2288810.6029214733, "device_end": 2288810.618431937}, "cmdq": 1, "read": {"device_start": -1, "device_end": -1}}, "FFC_sans_bias6": {"write": {"device_start": -1, "host_queued_start": 1585621036.287298, "device_queued": -1, "device_end": -1, "host_queued_end": 1585621036.293838}, "device": "cpu", "nd_range": {"device_start": 2288810.5803252393, "device_end": 2288810.590384019}, "cmdq": 2, "read": {"device_start": -1, "device_end": -1}}, "FFC_sans_bias1": {"write": {"device_start": -1, "host_queued_start": 1585621036.268123, "device_queued": -1, "device_end": -1, "host_queued_end": 1585621036.293838}, "device": "cpu", "nd_range": {"device_start": 2288810.483476125, "device_end": 2288810.497177896}, "cmdq": 0, "read": {"device_start": -1, "device_end": -1}}, "FFC_sans_bias0": {"write": {"device_start": -1, "host_queued_start": 1585621036.267067, "device_queued": -1, "device_end": -1, "host_queued_end": 1585621036.293838}, "device": "cpu", "nd_range": {"device_start": 2288810.483504013, "device_end": 2288810.4922419763}, "cmdq": 2, "read": {"device_start": -1, "device_end": -1}}, "FFC_sans_bias2": {"write": {"device_start": -1, "host_queued_start": 1585621036.269184, "device_queued": -1, "device_end": -1, "host_queued_end": 1585621036.293838}, "device": "cpu", "nd_range": {"device_start": 2288810.483475731, "device_end": 2288810.494391865}, "cmdq": 1, "read": {"device_start": -1, "device_end": -1}}, "FFC_sans_bias52": {"write": {"device_start": 1585620969.8854995, "host_queued_start": 1585621036.261216, "device_queued": 1585620969.8839417, "device_end": 1585620969.88553, "host_queued_end": 1585621036.26133}, "device": "gpu", "nd_range": {"device_start": 1585620969.8867047, "device_end": 1585620969.8872952}, "cmdq": 3, "read": {"device_start": 1585620969.8873036, "device_end": 1585620969.8873262}}, "FFC_sans_bias9": {"write": {"device_start": -1, "host_queued_start": 1585621036.270235, "device_queued": -1, "device_end": -1, "host_queued_end": 1585621036.293838}, "device": "cpu", "nd_range": {"device_start": 2288810.4942753823, "device_end": 2288810.509287763}, "cmdq": 2, "read": {"device_start": -1, "device_end": -1}}, "coalesced_transpose39": {"write": {"device_start": -1, "host_queued_start": 1585621036.283828, "device_queued": -1, "device_end": -1, "host_queued_end": 1585621036.293838}, "device": "cpu", "nd_range": {"device_start": 2288810.5623037633, "device_end": 2288810.56271197}, "cmdq": 0, "read": {"device_start": -1, "device_end": -1}}, "FFC_sans_bias51": {"write": {"device_start": -1, "host_queued_start": 1585621036.260188, "device_queued": -1, "device_end": -1, "host_queued_end": 1585621036.26133}, "device": "gpu", "nd_range": {"device_start": 1585620969.8861055, "device_end": 1585620969.886701}, "cmdq": 2, "read": {"device_start": -1, "device_end": -1}}, "softmax23": {"write": {"device_start": -1, "host_queued_start": 1585621036.286402, "device_queued": -1, "device_end": -1, "host_queued_end": 1585621036.293838}, "device": "cpu", "nd_range": {"device_start": 2288810.580111139, "device_end": 2288810.580318489}, "cmdq": 2, "read": {"device_start": -1, "device_end": -1}}, "FFC_sans_bias37": {"write": {"device_start": -1, "host_queued_start": 1585621036.281084, "device_queued": -1, "device_end": -1, "host_queued_end": 1585621036.293838}, "device": "cpu", "nd_range": {"device_start": 2288810.5477881473, "device_end": 2288810.5544573283}, "cmdq": 0, "read": {"device_start": -1, "device_end": -1}}, "softmax41": {"write": {"device_start": -1, "host_queued_start": 1585621036.286959, "device_queued": -1, "device_end": -1, "host_queued_end": 1585621036.293838}, "device": "cpu", "nd_range": {"device_start": 2288810.587020583, "device_end": 2288810.587229764}, "cmdq": 1, "read": {"device_start": -1, "device_end": -1}}, "FFC_sans_bias11": {"write": {"device_start": -1, "host_queued_start": 1585621036.272379, "device_queued": -1, "device_end": -1, "host_queued_end": 1585621036.293838}, "device": "cpu", "nd_range": {"device_start": 2288810.494514041, "device_end": 2288810.503935206}, "cmdq": 1, "read": {"device_start": -1, "device_end": -1}}, "FFC_sans_bias10": {"write": {"device_start": -1, "host_queued_start": 1585621036.271317, "device_queued": -1, "device_end": -1, "host_queued_end": 1585621036.293838}, "device": "cpu", "nd_range": {"device_start": 2288810.4988533403, "device_end": 2288810.50717443}, "cmdq": 0, "read": {"device_start": -1, "device_end": -1}}, "coalesced_transpose3": {"write": {"device_start": -1, "host_queued_start": 1585621036.282485, "device_queued": -1, "device_end": -1, "host_queued_end": 1585621036.293838}, "device": "cpu", "nd_range": {"device_start": 2288810.547821363, "device_end": 2288810.5481180493}, "cmdq": 2, "read": {"device_start": -1, "device_end": -1}}, "FFC_sans_bias34": {"write": {"device_start": -1, "host_queued_start": 1585621036.292789, "device_queued": -1, "device_end": -1, "host_queued_end": 1585621036.293838}, "device": "cpu", "nd_range": {"device_start": 2288810.618442005, "device_end": 2288810.624852905}, "cmdq": 1, "read": {"device_start": -1, "device_end": -1}}, "FFC_sans_bias15": {"write": {"device_start": -1, "host_queued_start": 1585621036.287645, "device_queued": -1, "device_end": -1, "host_queued_end": 1585621036.293838}, "device": "cpu", "nd_range": {"device_start": 2288810.574822251, "device_end": 2288810.587228847}, "cmdq": 0, "read": {"device_start": -1, "device_end": -1}}, "FFC_sans_bias31": {"write": {"device_start": -1, "host_queued_start": 1585621036.285217, "device_queued": -1, "device_end": -1, "host_queued_end": 1585621036.293838}, "device": "cpu", "nd_range": {"device_start": 2288810.556310853, "device_end": 2288810.561540381}, "cmdq": 1, "read": {"device_start": -1, "device_end": -1}}, "FFC_sans_bias16": {"write": {"device_start": -1, "host_queued_start": 1585621036.290748, "device_queued": -1, "device_end": -1, "host_queued_end": 1585621036.293838}, "device": "cpu", "nd_range": {"device_start": 2288810.605977685, "device_end": 2288810.62220066}, "cmdq": 2, "read": {"device_start": -1, "device_end": -1}}, "FFC_sans_bias19": {"write": {"device_start": -1, "host_queued_start": 1585621036.274517, "device_queued": -1, "device_end": -1, "host_queued_end": 1585621036.293838}, "device": "cpu", "nd_range": {"device_start": 2288810.5156221543, "device_end": 2288810.532556726}, "cmdq": 0, "read": {"device_start": -1, "device_end": -1}}, "FFC_sans_bias18": {"write": {"device_start": -1, "host_queued_start": 1585621036.273455, "device_queued": -1, "device_end": -1, "host_queued_end": 1585621036.293838}, "device": "cpu", "nd_range": {"device_start": 2288810.509404888, "device_end": 2288810.520828707}, "cmdq": 2, "read": {"device_start": -1, "device_end": -1}}, "coalesced_transpose30": {"write": {"device_start": -1, "host_queued_start": 1585621036.2835, "device_queued": -1, "device_end": -1, "host_queued_end": 1585621036.293838}, "device": "cpu", "nd_range": {"device_start": 2288810.548241686, "device_end": 2288810.548481257}, "cmdq": 2, "read": {"device_start": -1, "device_end": -1}}, "FFC_sans_bias38": {"write": {"device_start": -1, "host_queued_start": 1585621036.282146, "device_queued": -1, "device_end": -1, "host_queued_end": 1585621036.293838}, "device": "cpu", "nd_range": {"device_start": 2288810.532931501, "device_end": 2288810.5436564893}, "cmdq": 1, "read": {"device_start": -1, "device_end": -1}}, "empty26": {"write": {"device_start": -1, "host_queued_start": 1585621036.264352, "device_queued": -1, "device_end": -1, "host_queued_end": 1585621036.293838}, "device": "cpu", "nd_range": {"device_start": 2288810.483482005, "device_end": 2288810.483486909}, "cmdq": 2, "read": {"device_start": -1, "device_end": -1}}, "coalesced_transpose12": {"write": {"device_start": -1, "host_queued_start": 1585621036.282831, "device_queued": -1, "device_end": -1, "host_queued_end": 1585621036.293838}, "device": "cpu", "nd_range": {"device_start": 2288810.5614206414, "device_end": 2288810.562278022}, "cmdq": 0, "read": {"device_start": -1, "device_end": -1}}, "empty44": {"write": {"device_start": -1, "host_queued_start": 1585621036.26607, "device_queued": -1, "device_end": -1, "host_queued_end": 1585621036.293838}, "device": "cpu", "nd_range": {"device_start": 2288810.483469453, "device_end": 2288810.483470425}, "cmdq": 1, "read": {"device_start": -1, "device_end": -1}}, "coalesced_transpose21": {"write": {"device_start": -1, "host_queued_start": 1585621036.283165, "device_queued": -1, "device_end": -1, "host_queued_end": 1585621036.293838}, "device": "cpu", "nd_range": {"device_start": 2288810.5437776563, "device_end": 2288810.543869846}, "cmdq": 1, "read": {"device_start": -1, "device_end": -1}}, "FFC_sans_bias36": {"write": {"device_start": -1, "host_queued_start": 1585621036.280026, "device_queued": -1, "device_end": -1, "host_queued_end": 1585621036.293838}, "device": "cpu", "nd_range": {"device_start": 2288810.5307992822, "device_end": 2288810.5477817063}, "cmdq": 2, "read": {"device_start": -1, "device_end": -1}}, "softmax14": {"write": {"device_start": -1, "host_queued_start": 1585621036.286125, "device_queued": -1, "device_end": -1, "host_queued_end": 1585621036.293838}, "device": "cpu", "nd_range": {"device_start": 2288810.571810217, "device_end": 2288810.57203128}, "cmdq": 1, "read": {"device_start": -1, "device_end": -1}}, "FFC_sans_bias13": {"write": {"device_start": -1, "host_queued_start": 1585621036.284525, "device_queued": -1, "device_end": -1, "host_queued_end": 1585621036.293838}, "device": "cpu", "nd_range": {"device_start": 2288810.5623446293, "device_end": 2288810.57084061}, "cmdq": 2, "read": {"device_start": -1, "device_end": -1}}, "empty8": {"write": {"device_start": -1, "host_queued_start": 1585621036.262584, "device_queued": -1, "device_end": -1, "host_queued_end": 1585621036.293838}, "device": "cpu", "nd_range": {"device_start": 2288810.483435029, "device_end": 2288810.4834461543}, "cmdq": 0, "read": {"device_start": -1, "device_end": -1}}, "FFC_sans_bias42": {"write": {"device_start": -1, "host_queued_start": 1585621036.288688, "device_queued": -1, "device_end": -1, "host_queued_end": 1585621036.293838}, "device": "cpu", "nd_range": {"device_start": 2288810.589139802, "device_end": 2288810.60453339}, "cmdq": 0, "read": {"device_start": -1, "device_end": -1}}, "FFC_sans_bias43": {"write": {"device_start": -1, "host_queued_start": 1585621036.293793, "device_queued": -1, "device_end": -1, "host_queued_end": 1585621036.293838}, "device": "cpu", "nd_range": {"device_start": 2288810.622205546, "device_end": 2288810.627523708}, "cmdq": 2, "read": {"device_start": -1, "device_end": -1}}, "FFC_sans_bias40": {"write": {"device_start": -1, "host_queued_start": 1585621036.285562, "device_queued": -1, "device_end": -1, "host_queued_end": 1585621036.293838}, "device": "cpu", "nd_range": {"device_start": 2288810.570972958, "device_end": 2288810.5799873304}, "cmdq": 2, "read": {"device_start": -1, "device_end": -1}}, "softmax32": {"write": {"device_start": -1, "host_queued_start": 1585621036.286684, "device_queued": -1, "device_end": -1, "host_queued_end": 1585621036.293838}, "device": "cpu", "nd_range": {"device_start": 2288810.574504897, "device_end": 2288810.574714919}, "cmdq": 0, "read": {"device_start": -1, "device_end": -1}}, "FFC_sans_bias47": {"write": {"device_start": 1585620969.8837614, "host_queued_start": 1585621036.258899, "device_queued": 1585620969.8835294, "device_end": 1585620969.8837934, "host_queued_end": 1585621036.26133}, "device": "gpu", "nd_range": {"device_start": 1585620969.8838146, "device_end": 1585620969.8853781}, "cmdq": 3, "read": {"device_start": -1, "device_end": -1}}, "FFC_sans_bias45": {"write": {"device_start": 1585620969.8835738, "host_queued_start": 1585621036.256671, "device_queued": 1585620969.8834295, "device_end": 1585620969.8836362, "host_queued_end": 1585621036.26133}, "device": "gpu", "nd_range": {"device_start": 1585620969.883776, "device_end": 1585620969.8844073}, "cmdq": 1, "read": {"device_start": -1, "device_end": -1}}, "softmax50": {"write": {"device_start": -1, "host_queued_start": 1585621036.25987, "device_queued": -1, "device_end": -1, "host_queued_end": 1585621036.26133}, "device": "gpu", "nd_range": {"device_start": 1585620969.885902, "device_end": 1585620969.8860989}, "cmdq": 1, "read": {"device_start": -1, "device_end": -1}}, "FFC_sans_bias33": {"write": {"device_start": -1, "host_queued_start": 1585621036.288344, "device_queued": -1, "device_end": -1, "host_queued_end": 1585621036.293838}, "device": "cpu", "nd_range": {"device_start": 2288810.590393995, "device_end": 2288810.605967409}, "cmdq": 2, "read": {"device_start": -1, "device_end": -1}}, "FFC_sans_bias49": {"write": {"device_start": -1, "host_queued_start": 1585621036.259616, "device_queued": -1, "device_end": -1, "host_queued_end": 1585621036.26133}, "device": "gpu", "nd_range": {"device_start": 1585620969.8853812, "device_end": 1585620969.8858945}, "cmdq": 0, "read": {"device_start": -1, "device_end": -1}}, "FFC_sans_bias24": {"write": {"device_start": -1, "host_queued_start": 1585621036.287993, "device_queued": -1, "device_end": -1, "host_queued_end": 1585621036.293838}, "device": "cpu", "nd_range": {"device_start": 2288810.587444427, "device_end": 2288810.6027941713}, "cmdq": 1, "read": {"device_start": -1, "device_end": -1}}, "FFC_sans_bias25": {"write": {"device_start": -1, "host_queued_start": 1585621036.291748, "device_queued": -1, "device_end": -1, "host_queued_end": 1585621036.293838}, "device": "cpu", "nd_range": {"device_start": 2288810.604540305, "device_end": 2288810.619719052}, "cmdq": 0, "read": {"device_start": -1, "device_end": -1}}, "FFC_sans_bias27": {"write": {"device_start": -1, "host_queued_start": 1585621036.276802, "device_queued": -1, "device_end": -1, "host_queued_end": 1585621036.293838}, "device": "cpu", "nd_range": {"device_start": 2288810.520948613, "device_end": 2288810.53068783}, "cmdq": 2, "read": {"device_start": -1, "device_end": -1}}, "FFC_sans_bias20": {"write": {"device_start": -1, "host_queued_start": 1585621036.275616, "device_queued": -1, "device_end": -1, "host_queued_end": 1585621036.293838}, "device": "cpu", "nd_range": {"device_start": 2288810.5040677553, "device_end": 2288810.515477424}, "cmdq": 1, "read": {"device_start": -1, "device_end": -1}}, "FFC_sans_bias22": {"write": {"device_start": -1, "host_queued_start": 1585621036.284871, "device_queued": -1, "device_end": -1, "host_queued_end": 1585621036.293838}, "device": "cpu", "nd_range": {"device_start": 2288810.5627183253, "device_end": 2288810.574058059}, "cmdq": 0, "read": {"device_start": -1, "device_end": -1}}, "softmax5": {"write": {"device_start": -1, "host_queued_start": 1585621036.285849, "device_queued": -1, "device_end": -1, "host_queued_end": 1585621036.293838}, "device": "cpu", "nd_range": {"device_start": 2288810.5741728283, "device_end": 2288810.574388252}, "cmdq": 0, "read": {"device_start": -1, "device_end": -1}}, "FFC_sans_bias28": {"write": {"device_start": -1, "host_queued_start": 1585621036.277862, "device_queued": -1, "device_end": -1, "host_queued_end": 1585621036.293838}, "device": "cpu", "nd_range": {"device_start": 2288810.5325657823, "device_end": 2288810.5477807843}, "cmdq": 0, "read": {"device_start": -1, "device_end": -1}}, "FFC_sans_bias29": {"write": {"device_start": -1, "host_queued_start": 1585621036.278964, "device_queued": -1, "device_end": -1, "host_queued_end": 1585621036.293838}, "device": "cpu", "nd_range": {"device_start": 2288810.515593855, "device_end": 2288810.532820403}, "cmdq": 1, "read": {"device_start": -1, "device_end": -1}}, "empty17": {"write": {"device_start": -1, "host_queued_start": 1585621036.263474, "device_queued": -1, "device_end": -1, "host_queued_end": 1585621036.293838}, "device": "cpu", "nd_range": {"device_start": 2288810.483441859, "device_end": 2288810.483450443}, "cmdq": 1, "read": {"device_start": -1, "device_end": -1}}, "empty35": {"write": {"device_start": -1, "host_queued_start": 1585621036.265193, "device_queued": -1, "device_end": -1, "host_queued_end": 1585621036.293838}, "device": "cpu", "nd_range": {"device_start": 2288810.4834694793, "device_end": 2288810.483470552}, "cmdq": 0, "read": {"device_start": -1, "device_end": -1}}, "empty53": {"write": {"device_start": 1585620969.8834634, "host_queued_start": 1585621036.255464, "device_queued": 1585620969.883349, "device_end": 1585620969.883523, "host_queued_end": 1585621036.26133}, "device": "gpu", "nd_range": {"device_start": 1585620969.8835275, "device_end": 1585620969.8835387}, "cmdq": 0, "read": {"device_start": -1, "device_end": -1}}, "FFC_sans_bias46": {"write": {"device_start": 1585620969.8836725, "host_queued_start": 1585621036.257762, "device_queued": 1585620969.8834488, "device_end": 1585620969.883733, "host_queued_end": 1585621036.26133}, "device": "gpu", "nd_range": {"device_start": 1585620969.8838007, "device_end": 1585620969.8848069}, "cmdq": 2, "read": {"device_start": -1, "device_end": -1}}, "coalesced_transpose48": {"write": {"device_start": -1, "host_queued_start": 1585621036.259257, "device_queued": -1, "device_end": -1, "host_queued_end": 1585621036.26133}, "device": "gpu", "nd_range": {"device_start": 1585620969.8848097, "device_end": 1585620969.885209}, "cmdq": 4, "read": {"device_start": -1, "device_end": -1}}}