{"FFC_sans_bias4": {"write": {"device_start": -1, "host_queued_start": 1585620846.363551, "device_queued": -1, "device_end": -1, "host_queued_end": 1585620846.375153}, "device": "cpu", "nd_range": {"device_start": 2288620.640177585, "device_end": 2288620.648525028}, "cmdq": 0, "read": {"device_start": -1, "device_end": -1}}, "FFC_sans_bias7": {"write": {"device_start": -1, "host_queued_start": 1585620846.370091, "device_queued": -1, "device_end": -1, "host_queued_end": 1585620846.375153}, "device": "cpu", "nd_range": {"device_start": 2288620.679851116, "device_end": 2288620.69506597}, "cmdq": 0, "read": {"device_start": -1, "device_end": -1}}, "FFC_sans_bias6": {"write": {"device_start": -1, "host_queued_start": 1585620846.367313, "device_queued": -1, "device_end": -1, "host_queued_end": 1585620846.375153}, "device": "cpu", "nd_range": {"device_start": 2288620.655713179, "device_end": 2288620.668120142}, "cmdq": 0, "read": {"device_start": -1, "device_end": -1}}, "FFC_sans_bias1": {"write": {"device_start": -1, "host_queued_start": 1585620846.343986, "device_queued": -1, "device_end": -1, "host_queued_end": 1585620846.375153}, "device": "cpu", "nd_range": {"device_start": 2288620.5648306063, "device_end": 2288620.577512884}, "cmdq": 1, "read": {"device_start": -1, "device_end": -1}}, "FFC_sans_bias0": {"write": {"device_start": -1, "host_queued_start": 1585620846.342932, "device_queued": -1, "device_end": -1, "host_queued_end": 1585620846.375153}, "device": "cpu", "nd_range": {"device_start": 2288620.5648302482, "device_end": 2288620.573206906}, "cmdq": 0, "read": {"device_start": -1, "device_end": -1}}, "FFC_sans_bias2": {"write": {"device_start": -1, "host_queued_start": 1585620846.34504, "device_queued": -1, "device_end": -1, "host_queued_end": 1585620846.375153}, "device": "cpu", "nd_range": {"device_start": 2288620.564972321, "device_end": 2288620.583254732}, "cmdq": 2, "read": {"device_start": -1, "device_end": -1}}, "FFC_sans_bias52": {"write": {"device_start": -1, "host_queued_start": 1585620846.375107, "device_queued": -1, "device_end": -1, "host_queued_end": 1585620846.375153}, "device": "cpu", "nd_range": {"device_start": 2288620.71545887, "device_end": 2288620.7214006092}, "cmdq": 2, "read": {"device_start": -1, "device_end": -1}}, "FFC_sans_bias9": {"write": {"device_start": -1, "host_queued_start": 1585620846.34611, "device_queued": -1, "device_end": -1, "host_queued_end": 1585620846.375153}, "device": "cpu", "nd_range": {"device_start": 2288620.573346, "device_end": 2288620.5819379883}, "cmdq": 0, "read": {"device_start": -1, "device_end": -1}}, "coalesced_transpose39": {"write": {"device_start": -1, "host_queued_start": 1585620846.362875, "device_queued": -1, "device_end": -1, "host_queued_end": 1585620846.375153}, "device": "cpu", "nd_range": {"device_start": 2288620.653793022, "device_end": 2288620.654027651}, "cmdq": 1, "read": {"device_start": -1, "device_end": -1}}, "FFC_sans_bias51": {"write": {"device_start": -1, "host_queued_start": 1585620846.369035, "device_queued": -1, "device_end": -1, "host_queued_end": 1585620846.375153}, "device": "cpu", "nd_range": {"device_start": 2288620.6873629172, "device_end": 2288620.700250484}, "cmdq": 2, "read": {"device_start": -1, "device_end": -1}}, "softmax23": {"write": {"device_start": -1, "host_queued_start": 1585620846.366111, "device_queued": -1, "device_end": -1, "host_queued_end": 1585620846.375153}, "device": "cpu", "nd_range": {"device_start": 2288620.674124575, "device_end": 2288620.6743388763}, "cmdq": 2, "read": {"device_start": -1, "device_end": -1}}, "FFC_sans_bias37": {"write": {"device_start": -1, "host_queued_start": 1585620846.356825, "device_queued": -1, "device_end": -1, "host_queued_end": 1585620846.375153}, "device": "cpu", "nd_range": {"device_start": 2288620.6293857433, "device_end": 2288620.642709164}, "cmdq": 1, "read": {"device_start": -1, "device_end": -1}}, "softmax41": {"write": {"device_start": -1, "host_queued_start": 1585620846.366689, "device_queued": -1, "device_end": -1, "host_queued_end": 1585620846.375153}, "device": "cpu", "nd_range": {"device_start": 2288620.691709779, "device_end": 2288620.692132323}, "cmdq": 1, "read": {"device_start": -1, "device_end": -1}}, "FFC_sans_bias11": {"write": {"device_start": -1, "host_queued_start": 1585620846.348249, "device_queued": -1, "device_end": -1, "host_queued_end": 1585620846.375153}, "device": "cpu", "nd_range": {"device_start": 2288620.5833829413, "device_end": 2288620.594550936}, "cmdq": 2, "read": {"device_start": -1, "device_end": -1}}, "FFC_sans_bias10": {"write": {"device_start": -1, "host_queued_start": 1585620846.347191, "device_queued": -1, "device_end": -1, "host_queued_end": 1585620846.375153}, "device": "cpu", "nd_range": {"device_start": 2288620.578087191, "device_end": 2288620.5970691363}, "cmdq": 1, "read": {"device_start": -1, "device_end": -1}}, "coalesced_transpose3": {"write": {"device_start": -1, "host_queued_start": 1585620846.361489, "device_queued": -1, "device_end": -1, "host_queued_end": 1585620846.375153}, "device": "cpu", "nd_range": {"device_start": 2288620.639627356, "device_end": 2288620.639792834}, "cmdq": 0, "read": {"device_start": -1, "device_end": -1}}, "FFC_sans_bias34": {"write": {"device_start": -1, "host_queued_start": 1585620846.373096, "device_queued": -1, "device_end": -1, "host_queued_end": 1585620846.375153}, "device": "cpu", "nd_range": {"device_start": 2288620.695072358, "device_end": 2288620.712045682}, "cmdq": 0, "read": {"device_start": -1, "device_end": -1}}, "FFC_sans_bias15": {"write": {"device_start": -1, "host_queued_start": 1585620846.367658, "device_queued": -1, "device_end": -1, "host_queued_end": 1585620846.375153}, "device": "cpu", "nd_range": {"device_start": 2288620.692138074, "device_end": 2288620.699730184}, "cmdq": 1, "read": {"device_start": -1, "device_end": -1}}, "FFC_sans_bias31": {"write": {"device_start": -1, "host_queued_start": 1585620846.364586, "device_queued": -1, "device_end": -1, "host_queued_end": 1585620846.375153}, "device": "cpu", "nd_range": {"device_start": 2288620.648640911, "device_end": 2288620.654954894}, "cmdq": 0, "read": {"device_start": -1, "device_end": -1}}, "FFC_sans_bias16": {"write": {"device_start": -1, "host_queued_start": 1585620846.371094, "device_queued": -1, "device_end": -1, "host_queued_end": 1585620846.375153}, "device": "cpu", "nd_range": {"device_start": 2288620.710134236, "device_end": 2288620.72417652}, "cmdq": 1, "read": {"device_start": -1, "device_end": -1}}, "FFC_sans_bias19": {"write": {"device_start": -1, "host_queued_start": 1585620846.350398, "device_queued": -1, "device_end": -1, "host_queued_end": 1585620846.375153}, "device": "cpu", "nd_range": {"device_start": 2288620.5973649463, "device_end": 2288620.610742175}, "cmdq": 1, "read": {"device_start": -1, "device_end": -1}}, "FFC_sans_bias18": {"write": {"device_start": -1, "host_queued_start": 1585620846.349301, "device_queued": -1, "device_end": -1, "host_queued_end": 1585620846.375153}, "device": "cpu", "nd_range": {"device_start": 2288620.582059088, "device_end": 2288620.597537573}, "cmdq": 0, "read": {"device_start": -1, "device_end": -1}}, "coalesced_transpose30": {"write": {"device_start": -1, "host_queued_start": 1585620846.362537, "device_queued": -1, "device_end": -1, "host_queued_end": 1585620846.375153}, "device": "cpu", "nd_range": {"device_start": 2288620.639910539, "device_end": 2288620.640035022}, "cmdq": 0, "read": {"device_start": -1, "device_end": -1}}, "FFC_sans_bias38": {"write": {"device_start": -1, "host_queued_start": 1585620846.357883, "device_queued": -1, "device_end": -1, "host_queued_end": 1585620846.375153}, "device": "cpu", "nd_range": {"device_start": 2288620.6146884994, "device_end": 2288620.6259261463}, "cmdq": 2, "read": {"device_start": -1, "device_end": -1}}, "empty26": {"write": {"device_start": -1, "host_queued_start": 1585620846.339461, "device_queued": -1, "device_end": -1, "host_queued_end": 1585620846.375153}, "device": "cpu", "nd_range": {"device_start": 2288620.5648274543, "device_end": 2288620.564832195}, "cmdq": 2, "read": {"device_start": -1, "device_end": -1}}, "coalesced_transpose12": {"write": {"device_start": -1, "host_queued_start": 1585620846.361865, "device_queued": -1, "device_end": -1, "host_queued_end": 1585620846.375153}, "device": "cpu", "nd_range": {"device_start": 2288620.653166424, "device_end": 2288620.6534179524}, "cmdq": 1, "read": {"device_start": -1, "device_end": -1}}, "empty44": {"write": {"device_start": -1, "host_queued_start": 1585620846.341105, "device_queued": -1, "device_end": -1, "host_queued_end": 1585620846.375153}, "device": "cpu", "nd_range": {"device_start": 2288620.564823307, "device_end": 2288620.564824481}, "cmdq": 1, "read": {"device_start": -1, "device_end": -1}}, "coalesced_transpose21": {"write": {"device_start": -1, "host_queued_start": 1585620846.362205, "device_queued": -1, "device_end": -1, "host_queued_end": 1585620846.375153}, "device": "cpu", "nd_range": {"device_start": 2288620.63627107, "device_end": 2288620.636515962}, "cmdq": 2, "read": {"device_start": -1, "device_end": -1}}, "FFC_sans_bias36": {"write": {"device_start": -1, "host_queued_start": 1585620846.355766, "device_queued": -1, "device_end": -1, "host_queued_end": 1585620846.375153}, "device": "cpu", "nd_range": {"device_start": 2288620.613036325, "device_end": 2288620.62939465}, "cmdq": 0, "read": {"device_start": -1, "device_end": -1}}, "softmax14": {"write": {"device_start": -1, "host_queued_start": 1585620846.365835, "device_queued": -1, "device_end": -1, "host_queued_end": 1585620846.375153}, "device": "cpu", "nd_range": {"device_start": 2288620.687447369, "device_end": 2288620.6917019524}, "cmdq": 1, "read": {"device_start": -1, "device_end": -1}}, "FFC_sans_bias13": {"write": {"device_start": -1, "host_queued_start": 1585620846.363901, "device_queued": -1, "device_end": -1, "host_queued_end": 1585620846.375153}, "device": "cpu", "nd_range": {"device_start": 2288620.654182382, "device_end": 2288620.673978929}, "cmdq": 1, "read": {"device_start": -1, "device_end": -1}}, "empty8": {"write": {"device_start": -1, "host_queued_start": 1585620846.337495, "device_queued": -1, "device_end": -1, "host_queued_end": 1585620846.375153}, "device": "cpu", "nd_range": {"device_start": 2288620.5647881823, "device_end": 2288620.564801955}, "cmdq": 0, "read": {"device_start": -1, "device_end": -1}}, "FFC_sans_bias42": {"write": {"device_start": -1, "host_queued_start": 1585620846.368686, "device_queued": -1, "device_end": -1, "host_queued_end": 1585620846.375153}, "device": "cpu", "nd_range": {"device_start": 2288620.6997359684, "device_end": 2288620.7101277243}, "cmdq": 1, "read": {"device_start": -1, "device_end": -1}}, "FFC_sans_bias43": {"write": {"device_start": -1, "host_queued_start": 1585620846.374094, "device_queued": -1, "device_end": -1, "host_queued_end": 1585620846.375153}, "device": "cpu", "nd_range": {"device_start": 2288620.724182172, "device_end": 2288620.727998956}, "cmdq": 1, "read": {"device_start": -1, "device_end": -1}}, "FFC_sans_bias40": {"write": {"device_start": -1, "host_queued_start": 1585620846.36493, "device_queued": -1, "device_end": -1, "host_queued_end": 1585620846.375153}, "device": "cpu", "nd_range": {"device_start": 2288620.673988767, "device_end": 2288620.687440744}, "cmdq": 1, "read": {"device_start": -1, "device_end": -1}}, "softmax32": {"write": {"device_start": -1, "host_queued_start": 1585620846.366399, "device_queued": -1, "device_end": -1, "host_queued_end": 1585620846.375153}, "device": "cpu", "nd_range": {"device_start": 2288620.655398297, "device_end": 2288620.6556058503}, "cmdq": 0, "read": {"device_start": -1, "device_end": -1}}, "FFC_sans_bias47": {"write": {"device_start": -1, "host_queued_start": 1585620846.361066, "device_queued": -1, "device_end": -1, "host_queued_end": 1585620846.375153}, "device": "cpu", "nd_range": {"device_start": 2288620.626055736, "device_end": 2288620.636144442}, "cmdq": 2, "read": {"device_start": -1, "device_end": -1}}, "FFC_sans_bias45": {"write": {"device_start": -1, "host_queued_start": 1585620846.358947, "device_queued": -1, "device_end": -1, "host_queued_end": 1585620846.375153}, "device": "cpu", "nd_range": {"device_start": 2288620.629514973, "device_end": 2288620.639619547}, "cmdq": 0, "read": {"device_start": -1, "device_end": -1}}, "softmax50": {"write": {"device_start": -1, "host_queued_start": 1585620846.366974, "device_queued": -1, "device_end": -1, "host_queued_end": 1585620846.375153}, "device": "cpu", "nd_range": {"device_start": 2288620.6744472203, "device_end": 2288620.6746546943}, "cmdq": 2, "read": {"device_start": -1, "device_end": -1}}, "FFC_sans_bias33": {"write": {"device_start": -1, "host_queued_start": 1585620846.368341, "device_queued": -1, "device_end": -1, "host_queued_end": 1585620846.375153}, "device": "cpu", "nd_range": {"device_start": 2288620.668240209, "device_end": 2288620.679736587}, "cmdq": 0, "read": {"device_start": -1, "device_end": -1}}, "FFC_sans_bias49": {"write": {"device_start": -1, "host_queued_start": 1585620846.365271, "device_queued": -1, "device_end": -1, "host_queued_end": 1585620846.375153}, "device": "cpu", "nd_range": {"device_start": 2288620.664091227, "device_end": 2288620.673909855}, "cmdq": 2, "read": {"device_start": -1, "device_end": -1}}, "FFC_sans_bias24": {"write": {"device_start": -1, "host_queued_start": 1585620846.367999, "device_queued": -1, "device_end": -1, "host_queued_end": 1585620846.375153}, "device": "cpu", "nd_range": {"device_start": 2288620.674761143, "device_end": 2288620.687354031}, "cmdq": 2, "read": {"device_start": -1, "device_end": -1}}, "FFC_sans_bias25": {"write": {"device_start": -1, "host_queued_start": 1585620846.372097, "device_queued": -1, "device_end": -1, "host_queued_end": 1585620846.375153}, "device": "cpu", "nd_range": {"device_start": 2288620.700258181, "device_end": 2288620.715454433}, "cmdq": 2, "read": {"device_start": -1, "device_end": -1}}, "FFC_sans_bias27": {"write": {"device_start": -1, "host_queued_start": 1585620846.352558, "device_queued": -1, "device_end": -1, "host_queued_end": 1585620846.375153}, "device": "cpu", "nd_range": {"device_start": 2288620.597657578, "device_end": 2288620.612919088}, "cmdq": 0, "read": {"device_start": -1, "device_end": -1}}, "FFC_sans_bias20": {"write": {"device_start": -1, "host_queued_start": 1585620846.351497, "device_queued": -1, "device_end": -1, "host_queued_end": 1585620846.375153}, "device": "cpu", "nd_range": {"device_start": 2288620.5946697444, "device_end": 2288620.6023009904}, "cmdq": 2, "read": {"device_start": -1, "device_end": -1}}, "FFC_sans_bias22": {"write": {"device_start": -1, "host_queued_start": 1585620846.364245, "device_queued": -1, "device_end": -1, "host_queued_end": 1585620846.375153}, "device": "cpu", "nd_range": {"device_start": 2288620.653911999, "device_end": 2288620.6639611763}, "cmdq": 2, "read": {"device_start": -1, "device_end": -1}}, "softmax5": {"write": {"device_start": -1, "host_queued_start": 1585620846.365554, "device_queued": -1, "device_end": -1, "host_queued_end": 1585620846.375153}, "device": "cpu", "nd_range": {"device_start": 2288620.65506761, "device_end": 2288620.655287777}, "cmdq": 0, "read": {"device_start": -1, "device_end": -1}}, "FFC_sans_bias28": {"write": {"device_start": -1, "host_queued_start": 1585620846.353612, "device_queued": -1, "device_end": -1, "host_queued_end": 1585620846.375153}, "device": "cpu", "nd_range": {"device_start": 2288620.610961873, "device_end": 2288620.629159328}, "cmdq": 1, "read": {"device_start": -1, "device_end": -1}}, "FFC_sans_bias29": {"write": {"device_start": -1, "host_queued_start": 1585620846.354707, "device_queued": -1, "device_end": -1, "host_queued_end": 1585620846.375153}, "device": "cpu", "nd_range": {"device_start": 2288620.6024199883, "device_end": 2288620.6145676603}, "cmdq": 2, "read": {"device_start": -1, "device_end": -1}}, "empty17": {"write": {"device_start": -1, "host_queued_start": 1585620846.338522, "device_queued": -1, "device_end": -1, "host_queued_end": 1585620846.375153}, "device": "cpu", "nd_range": {"device_start": 2288620.564788111, "device_end": 2288620.56480192}, "cmdq": 1, "read": {"device_start": -1, "device_end": -1}}, "empty35": {"write": {"device_start": -1, "host_queued_start": 1585620846.340303, "device_queued": -1, "device_end": -1, "host_queued_end": 1585620846.375153}, "device": "cpu", "nd_range": {"device_start": 2288620.564823367, "device_end": 2288620.56482427}, "cmdq": 0, "read": {"device_start": -1, "device_end": -1}}, "empty53": {"write": {"device_start": -1, "host_queued_start": 1585620846.341908, "device_queued": -1, "device_end": -1, "host_queued_end": 1585620846.375153}, "device": "cpu", "nd_range": {"device_start": 2288620.5649428973, "device_end": 2288620.564944621}, "cmdq": 2, "read": {"device_start": -1, "device_end": -1}}, "FFC_sans_bias46": {"write": {"device_start": -1, "host_queued_start": 1585620846.360007, "device_queued": -1, "device_end": -1, "host_queued_end": 1585620846.375153}, "device": "cpu", "nd_range": {"device_start": 2288620.642921764, "device_end": 2288620.650168017}, "cmdq": 1, "read": {"device_start": -1, "device_end": -1}}, "coalesced_transpose48": {"write": {"device_start": -1, "host_queued_start": 1585620846.363207, "device_queued": -1, "device_end": -1, "host_queued_end": 1585620846.375153}, "device": "cpu", "nd_range": {"device_start": 2288620.653536574, "device_end": 2288620.653778157}, "cmdq": 2, "read": {"device_start": -1, "device_end": -1}}}