{"FFC_sans_bias4": {"write": {"device_start": -1, "host_queued_start": 1585621069.284429, "device_queued": -1, "device_end": -1, "host_queued_end": 1585621069.290112}, "device": "cpu", "nd_range": {"device_start": 2288843.521911148, "device_end": 2288843.530507366}, "cmdq": 0, "read": {"device_start": -1, "device_end": -1}}, "FFC_sans_bias7": {"write": {"device_start": -1, "host_queued_start": 1585621069.288071, "device_queued": -1, "device_end": -1, "host_queued_end": 1585621069.290112}, "device": "cpu", "nd_range": {"device_start": 2288843.538090447, "device_end": 2288843.553557422}, "cmdq": 4, "read": {"device_start": -1, "device_end": -1}}, "FFC_sans_bias6": {"write": {"device_start": -1, "host_queued_start": 1585621069.286302, "device_queued": -1, "device_end": -1, "host_queued_end": 1585621069.290112}, "device": "cpu", "nd_range": {"device_start": 2288843.5308317402, "device_end": 2288843.537053908}, "cmdq": 1, "read": {"device_start": -1, "device_end": -1}}, "FFC_sans_bias1": {"write": {"device_start": -1, "host_queued_start": 1585621069.275436, "device_queued": -1, "device_end": -1, "host_queued_end": 1585621069.290112}, "device": "cpu", "nd_range": {"device_start": 2288843.498431922, "device_end": 2288843.5172283472}, "cmdq": 4, "read": {"device_start": -1, "device_end": -1}}, "FFC_sans_bias0": {"write": {"device_start": -1, "host_queued_start": 1585621069.274342, "device_queued": -1, "device_end": -1, "host_queued_end": 1585621069.290112}, "device": "cpu", "nd_range": {"device_start": 2288843.4801778924, "device_end": 2288843.4953698553}, "cmdq": 3, "read": {"device_start": -1, "device_end": -1}}, "FFC_sans_bias2": {"write": {"device_start": -1, "host_queued_start": 1585621069.276523, "device_queued": -1, "device_end": -1, "host_queued_end": 1585621069.290112}, "device": "cpu", "nd_range": {"device_start": 2288843.479814776, "device_end": 2288843.496393414}, "cmdq": 0, "read": {"device_start": -1, "device_end": -1}}, "FFC_sans_bias52": {"write": {"device_start": 1585621002.898359, "host_queued_start": 1585621069.269799, "device_queued": 1585621002.8933449, "device_end": 1585621002.8983893, "host_queued_end": 1585621069.2699}, "device": "gpu", "nd_range": {"device_start": 1585621002.89924, "device_end": 1585621002.9002068}, "cmdq": 1, "read": {"device_start": 1585621002.9002142, "device_end": 1585621002.900241}}, "FFC_sans_bias9": {"write": {"device_start": -1, "host_queued_start": 1585621069.277681, "device_queued": -1, "device_end": -1, "host_queued_end": 1585621069.290112}, "device": "cpu", "nd_range": {"device_start": 2288843.479735862, "device_end": 2288843.4949868224}, "cmdq": 1, "read": {"device_start": -1, "device_end": -1}}, "coalesced_transpose39": {"write": {"device_start": -1, "host_queued_start": 1585621069.263587, "device_queued": -1, "device_end": -1, "host_queued_end": 1585621069.2699}, "device": "gpu", "nd_range": {"device_start": 1585621002.8946996, "device_end": 1585621002.8960466}, "cmdq": 3, "read": {"device_start": -1, "device_end": -1}}, "FFC_sans_bias51": {"write": {"device_start": -1, "host_queued_start": 1585621069.266529, "device_queued": -1, "device_end": -1, "host_queued_end": 1585621069.2699}, "device": "gpu", "nd_range": {"device_start": 1585621002.898056, "device_end": 1585621002.8992343}, "cmdq": 3, "read": {"device_start": -1, "device_end": -1}}, "softmax23": {"write": {"device_start": -1, "host_queued_start": 1585621069.285965, "device_queued": -1, "device_end": -1, "host_queued_end": 1585621069.290112}, "device": "cpu", "nd_range": {"device_start": 2288843.543340138, "device_end": 2288843.543549245}, "cmdq": 0, "read": {"device_start": -1, "device_end": -1}}, "FFC_sans_bias37": {"write": {"device_start": 1585621002.8920991, "host_queued_start": 1585621069.258664, "device_queued": 1585621002.8919365, "device_end": 1585621002.8921237, "host_queued_end": 1585621069.2699}, "device": "gpu", "nd_range": {"device_start": 1585621002.8921993, "device_end": 1585621002.8942525}, "cmdq": 2, "read": {"device_start": -1, "device_end": -1}}, "softmax41": {"write": {"device_start": -1, "host_queued_start": 1585621069.265333, "device_queued": -1, "device_end": -1, "host_queued_end": 1585621069.2699}, "device": "gpu", "nd_range": {"device_start": 1585621002.897657, "device_end": 1585621002.8980455}, "cmdq": 4, "read": {"device_start": -1, "device_end": -1}}, "FFC_sans_bias11": {"write": {"device_start": -1, "host_queued_start": 1585621069.279863, "device_queued": -1, "device_end": -1, "host_queued_end": 1585621069.290112}, "device": "cpu", "nd_range": {"device_start": 2288843.495498294, "device_end": 2288843.5107176984}, "cmdq": 3, "read": {"device_start": -1, "device_end": -1}}, "FFC_sans_bias10": {"write": {"device_start": -1, "host_queued_start": 1585621069.278773, "device_queued": -1, "device_end": -1, "host_queued_end": 1585621069.290112}, "device": "cpu", "nd_range": {"device_start": 2288843.47973517, "device_end": 2288843.4950536042}, "cmdq": 2, "read": {"device_start": -1, "device_end": -1}}, "coalesced_transpose3": {"write": {"device_start": -1, "host_queued_start": 1585621069.283424, "device_queued": -1, "device_end": -1, "host_queued_end": 1585621069.290112}, "device": "cpu", "nd_range": {"device_start": 2288843.521533473, "device_end": 2288843.521793997}, "cmdq": 2, "read": {"device_start": -1, "device_end": -1}}, "FFC_sans_bias34": {"write": {"device_start": 1585621002.8981442, "host_queued_start": 1585621069.267579, "device_queued": 1585621002.8930998, "device_end": 1585621002.898176, "host_queued_end": 1585621069.2699}, "device": "gpu", "nd_range": {"device_start": 1585621002.8992527, "device_end": 1585621002.9006412}, "cmdq": 4, "read": {"device_start": 1585621002.9006493, "device_end": 1585621002.9006732}}, "FFC_sans_bias15": {"write": {"device_start": -1, "host_queued_start": 1585621069.286674, "device_queued": -1, "device_end": -1, "host_queued_end": 1585621069.290112}, "device": "cpu", "nd_range": {"device_start": 2288843.5424569473, "device_end": 2288843.551045846}, "cmdq": 2, "read": {"device_start": -1, "device_end": -1}}, "FFC_sans_bias31": {"write": {"device_start": -1, "host_queued_start": 1585621069.264202, "device_queued": -1, "device_end": -1, "host_queued_end": 1585621069.2699}, "device": "gpu", "nd_range": {"device_start": 1585621002.896039, "device_end": 1585621002.8966427}, "cmdq": 0, "read": {"device_start": -1, "device_end": -1}}, "FFC_sans_bias16": {"write": {"device_start": -1, "host_queued_start": 1585621069.289072, "device_queued": -1, "device_end": -1, "host_queued_end": 1585621069.290112}, "device": "cpu", "nd_range": {"device_start": 2288843.551474025, "device_end": 2288843.559575079}, "cmdq": 0, "read": {"device_start": -1, "device_end": -1}}, "FFC_sans_bias19": {"write": {"device_start": -1, "host_queued_start": 1585621069.282011, "device_queued": -1, "device_end": -1, "host_queued_end": 1585621069.290112}, "device": "cpu", "nd_range": {"device_start": 2288843.496520655, "device_end": 2288843.512505333}, "cmdq": 0, "read": {"device_start": -1, "device_end": -1}}, "FFC_sans_bias18": {"write": {"device_start": -1, "host_queued_start": 1585621069.280959, "device_queued": -1, "device_end": -1, "host_queued_end": 1585621069.290112}, "device": "cpu", "nd_range": {"device_start": 2288843.521549396, "device_end": 2288843.5346796103}, "cmdq": 4, "read": {"device_start": -1, "device_end": -1}}, "coalesced_transpose30": {"write": {"device_start": -1, "host_queued_start": 1585621069.263289, "device_queued": -1, "device_end": -1, "host_queued_end": 1585621069.2699}, "device": "gpu", "nd_range": {"device_start": 1585621002.894254, "device_end": 1585621002.8960261}, "cmdq": 2, "read": {"device_start": -1, "device_end": -1}}, "FFC_sans_bias38": {"write": {"device_start": 1585621002.892421, "host_queued_start": 1585621069.25971, "device_queued": 1585621002.8919518, "device_end": 1585621002.8924453, "host_queued_end": 1585621069.2699}, "device": "gpu", "nd_range": {"device_start": 1585621002.8924494, "device_end": 1585621002.8946946}, "cmdq": 3, "read": {"device_start": -1, "device_end": -1}}, "empty26": {"write": {"device_start": -1, "host_queued_start": 1585621069.27336, "device_queued": -1, "device_end": -1, "host_queued_end": 1585621069.290112}, "device": "cpu", "nd_range": {"device_start": 2288843.4797048313, "device_end": 2288843.479715541}, "cmdq": 2, "read": {"device_start": -1, "device_end": -1}}, "coalesced_transpose12": {"write": {"device_start": -1, "host_queued_start": 1585621069.283753, "device_queued": -1, "device_end": -1, "host_queued_end": 1585621069.290112}, "device": "cpu", "nd_range": {"device_start": 2288843.5108348583, "device_end": 2288843.5110838762}, "cmdq": 3, "read": {"device_start": -1, "device_end": -1}}, "empty44": {"write": {"device_start": 1585621002.8913682, "host_queued_start": 1585621069.252438, "device_queued": 1585621002.8912668, "device_end": 1585621002.891441, "host_queued_end": 1585621069.2699}, "device": "gpu", "nd_range": {"device_start": 1585621002.891658, "device_end": 1585621002.891668}, "cmdq": 1, "read": {"device_start": -1, "device_end": -1}}, "coalesced_transpose21": {"write": {"device_start": -1, "host_queued_start": 1585621069.284084, "device_queued": -1, "device_end": -1, "host_queued_end": 1585621069.290112}, "device": "cpu", "nd_range": {"device_start": 2288843.534999559, "device_end": 2288843.535244306}, "cmdq": 4, "read": {"device_start": -1, "device_end": -1}}, "FFC_sans_bias36": {"write": {"device_start": 1585621002.8920064, "host_queued_start": 1585621069.257595, "device_queued": 1585621002.8919113, "device_end": 1585621002.8920708, "host_queued_end": 1585621069.2699}, "device": "gpu", "nd_range": {"device_start": 1585621002.8921738, "device_end": 1585621002.8937047}, "cmdq": 1, "read": {"device_start": -1, "device_end": -1}}, "softmax14": {"write": {"device_start": -1, "host_queued_start": 1585621069.285689, "device_queued": -1, "device_end": -1, "host_queued_end": 1585621069.290112}, "device": "cpu", "nd_range": {"device_start": 2288843.535610599, "device_end": 2288843.535821285}, "cmdq": 4, "read": {"device_start": -1, "device_end": -1}}, "FFC_sans_bias13": {"write": {"device_start": -1, "host_queued_start": 1585621069.284776, "device_queued": -1, "device_end": -1, "host_queued_end": 1585621069.290112}, "device": "cpu", "nd_range": {"device_start": 2288843.5112316892, "device_end": 2288843.517919398}, "cmdq": 1, "read": {"device_start": -1, "device_end": -1}}, "empty8": {"write": {"device_start": -1, "host_queued_start": 1585621069.271458, "device_queued": -1, "device_end": -1, "host_queued_end": 1585621069.290112}, "device": "cpu", "nd_range": {"device_start": 2288843.479746522, "device_end": 2288843.4797528773}, "cmdq": 0, "read": {"device_start": -1, "device_end": -1}}, "FFC_sans_bias42": {"write": {"device_start": -1, "host_queued_start": 1585621069.266215, "device_queued": -1, "device_end": -1, "host_queued_end": 1585621069.2699}, "device": "gpu", "nd_range": {"device_start": 1585621002.898052, "device_end": 1585621002.8986795}, "cmdq": 2, "read": {"device_start": -1, "device_end": -1}}, "FFC_sans_bias43": {"write": {"device_start": 1585621002.8977346, "host_queued_start": 1585621069.268634, "device_queued": 1585621002.8931382, "device_end": 1585621002.8977613, "host_queued_end": 1585621069.2699}, "device": "gpu", "nd_range": {"device_start": 1585621002.8986871, "device_end": 1585621002.8996654}, "cmdq": 0, "read": {"device_start": 1585621002.9007664, "device_end": 1585621002.9007895}}, "FFC_sans_bias40": {"write": {"device_start": -1, "host_queued_start": 1585621069.264519, "device_queued": -1, "device_end": -1, "host_queued_end": 1585621069.2699}, "device": "gpu", "nd_range": {"device_start": 1585621002.896161, "device_end": 1585621002.8976297}, "cmdq": 1, "read": {"device_start": -1, "device_end": -1}}, "softmax32": {"write": {"device_start": -1, "host_queued_start": 1585621069.265088, "device_queued": -1, "device_end": -1, "host_queued_end": 1585621069.2699}, "device": "gpu", "nd_range": {"device_start": 1585621002.8966525, "device_end": 1585621002.8976443}, "cmdq": 3, "read": {"device_start": -1, "device_end": -1}}, "FFC_sans_bias47": {"write": {"device_start": 1585621002.8938012, "host_queued_start": 1585621069.262961, "device_queued": 1585621002.8924322, "device_end": 1585621002.8938324, "host_queued_end": 1585621069.2699}, "device": "gpu", "nd_range": {"device_start": 1585621002.8938353, "device_end": 1585621002.8961558}, "cmdq": 1, "read": {"device_start": -1, "device_end": -1}}, "FFC_sans_bias45": {"write": {"device_start": 1585621002.8927932, "host_queued_start": 1585621069.260776, "device_queued": 1585621002.8921056, "device_end": 1585621002.892818, "host_queued_end": 1585621069.2699}, "device": "gpu", "nd_range": {"device_start": 1585621002.892824, "device_end": 1585621002.8951929}, "cmdq": 4, "read": {"device_start": -1, "device_end": -1}}, "softmax50": {"write": {"device_start": -1, "host_queued_start": 1585621069.265583, "device_queued": -1, "device_end": -1, "host_queued_end": 1585621069.2699}, "device": "gpu", "nd_range": {"device_start": 1585621002.897142, "device_end": 1585621002.8976276}, "cmdq": 0, "read": {"device_start": -1, "device_end": -1}}, "FFC_sans_bias33": {"write": {"device_start": -1, "host_queued_start": 1585621069.265899, "device_queued": -1, "device_end": -1, "host_queued_end": 1585621069.2699}, "device": "gpu", "nd_range": {"device_start": 1585621002.8976638, "device_end": 1585621002.898268}, "cmdq": 1, "read": {"device_start": -1, "device_end": -1}}, "FFC_sans_bias49": {"write": {"device_start": -1, "host_queued_start": 1585621069.264833, "device_queued": -1, "device_end": -1, "host_queued_end": 1585621069.2699}, "device": "gpu", "nd_range": {"device_start": 1585621002.8960574, "device_end": 1585621002.8971322}, "cmdq": 2, "read": {"device_start": -1, "device_end": -1}}, "FFC_sans_bias24": {"write": {"device_start": -1, "host_queued_start": 1585621069.287018, "device_queued": -1, "device_end": -1, "host_queued_end": 1585621069.290112}, "device": "cpu", "nd_range": {"device_start": 2288843.543686864, "device_end": 2288843.5560571193}, "cmdq": 3, "read": {"device_start": -1, "device_end": -1}}, "FFC_sans_bias25": {"write": {"device_start": -1, "host_queued_start": 1585621069.290068, "device_queued": -1, "device_end": -1, "host_queued_end": 1585621069.290112}, "device": "cpu", "nd_range": {"device_start": 2288843.556490595, "device_end": 2288843.568363807}, "cmdq": 1, "read": {"device_start": -1, "device_end": -1}}, "FFC_sans_bias27": {"write": {"device_start": 1585621002.891556, "host_queued_start": 1585621069.254353, "device_queued": 1585621002.891334, "device_end": 1585621002.891581, "host_queued_end": 1585621069.2699}, "device": "gpu", "nd_range": {"device_start": 1585621002.8917055, "device_end": 1585621002.8923101}, "cmdq": 3, "read": {"device_start": -1, "device_end": -1}}, "FFC_sans_bias20": {"write": {"device_start": -1, "host_queued_start": 1585621069.283096, "device_queued": -1, "device_end": -1, "host_queued_end": 1585621069.290112}, "device": "cpu", "nd_range": {"device_start": 2288843.4951204984, "device_end": 2288843.510254778}, "cmdq": 1, "read": {"device_start": -1, "device_end": -1}}, "FFC_sans_bias22": {"write": {"device_start": -1, "host_queued_start": 1585621069.28514, "device_queued": -1, "device_end": -1, "host_queued_end": 1585621069.290112}, "device": "cpu", "nd_range": {"device_start": 2288843.5356086222, "device_end": 2288843.5423187152}, "cmdq": 2, "read": {"device_start": -1, "device_end": -1}}, "softmax5": {"write": {"device_start": -1, "host_queued_start": 1585621069.285415, "device_queued": -1, "device_end": -1, "host_queued_end": 1585621069.290112}, "device": "cpu", "nd_range": {"device_start": 2288843.5305316783, "device_end": 2288843.530695865}, "cmdq": 3, "read": {"device_start": -1, "device_end": -1}}, "FFC_sans_bias28": {"write": {"device_start": 1585621002.891723, "host_queued_start": 1585621069.255463, "device_queued": 1585621002.891621, "device_end": 1585621002.8917556, "host_queued_end": 1585621069.2699}, "device": "gpu", "nd_range": {"device_start": 1585621002.8917592, "device_end": 1585621002.8927164}, "cmdq": 4, "read": {"device_start": -1, "device_end": -1}}, "FFC_sans_bias29": {"write": {"device_start": 1585621002.8918526, "host_queued_start": 1585621069.256546, "device_queued": 1585621002.8917396, "device_end": 1585621002.891885, "host_queued_end": 1585621069.2699}, "device": "gpu", "nd_range": {"device_start": 1585621002.891903, "device_end": 1585621002.893282}, "cmdq": 0, "read": {"device_start": -1, "device_end": -1}}, "empty17": {"write": {"device_start": -1, "host_queued_start": 1585621069.272435, "device_queued": -1, "device_end": -1, "host_queued_end": 1585621069.290112}, "device": "cpu", "nd_range": {"device_start": 2288843.479704888, "device_end": 2288843.4797154972}, "cmdq": 1, "read": {"device_start": -1, "device_end": -1}}, "empty35": {"write": {"device_start": 1585621002.8912416, "host_queued_start": 1585621069.251396, "device_queued": 1585621002.8911164, "device_end": 1585621002.8912776, "host_queued_end": 1585621069.2699}, "device": "gpu", "nd_range": {"device_start": 1585621002.8912883, "device_end": 1585621002.8912928}, "cmdq": 0, "read": {"device_start": -1, "device_end": -1}}, "empty53": {"write": {"device_start": 1585621002.891458, "host_queued_start": 1585621069.253355, "device_queued": 1585621002.8913074, "device_end": 1585621002.8915315, "host_queued_end": 1585621069.2699}, "device": "gpu", "nd_range": {"device_start": 1585621002.891681, "device_end": 1585621002.891685}, "cmdq": 2, "read": {"device_start": -1, "device_end": -1}}, "FFC_sans_bias46": {"write": {"device_start": 1585621002.8933632, "host_queued_start": 1585621069.261832, "device_queued": 1585621002.8923779, "device_end": 1585621002.8933887, "host_queued_end": 1585621069.2699}, "device": "gpu", "nd_range": {"device_start": 1585621002.8933933, "device_end": 1585621002.895678}, "cmdq": 0, "read": {"device_start": -1, "device_end": -1}}, "coalesced_transpose48": {"write": {"device_start": -1, "host_queued_start": 1585621069.263886, "device_queued": -1, "device_end": -1, "host_queued_end": 1585621069.2699}, "device": "gpu", "nd_range": {"device_start": 1585621002.8956873, "device_end": 1585621002.896049}, "cmdq": 4, "read": {"device_start": -1, "device_end": -1}}}