{"FFC_sans_bias60": {"write": {"device_start": -1, "host_queued_start": 1585621280.752238, "device_queued": -1, "device_end": -1, "host_queued_end": 1585621280.759722}, "device": "gpu", "nd_range": {"device_start": 1585621214.3936727, "device_end": 1585621214.3946447}, "cmdq": 1, "read": {"device_start": -1, "device_end": -1}}, "FFC_sans_bias4": {"write": {"device_start": -1, "host_queued_start": 1585621280.746262, "device_queued": -1, "device_end": -1, "host_queued_end": 1585621280.759722}, "device": "gpu", "nd_range": {"device_start": 1585621214.3869994, "device_end": 1585621214.3876107}, "cmdq": 1, "read": {"device_start": -1, "device_end": -1}}, "FFC_sans_bias7": {"write": {"device_start": 1585621214.3933375, "host_queued_start": 1585621280.753263, "device_queued": 1585621214.379791, "device_end": 1585621214.3933682, "host_queued_end": 1585621280.759722}, "device": "gpu", "nd_range": {"device_start": 1585621214.3933847, "device_end": 1585621214.3941631}, "cmdq": 0, "read": {"device_start": 1585621214.3941648, "device_end": 1585621214.3941905}}, "FFC_sans_bias6": {"write": {"device_start": -1, "host_queued_start": 1585621280.750318, "device_queued": -1, "device_end": -1, "host_queued_end": 1585621280.759722}, "device": "gpu", "nd_range": {"device_start": 1585621214.3908226, "device_end": 1585621214.3916848}, "cmdq": 1, "read": {"device_start": -1, "device_end": -1}}, "FFC_sans_bias1": {"write": {"device_start": 1585621214.376338, "host_queued_start": 1585621280.723713, "device_queued": 1585621214.3762257, "device_end": 1585621214.376367, "host_queued_end": 1585621280.759722}, "device": "gpu", "nd_range": {"device_start": 1585621214.3763707, "device_end": 1585621214.377254}, "cmdq": 0, "read": {"device_start": -1, "device_end": -1}}, "FFC_sans_bias0": {"write": {"device_start": 1585621214.3762016, "host_queued_start": 1585621280.722664, "device_queued": 1585621214.3759642, "device_end": 1585621214.3762267, "host_queued_end": 1585621280.759722}, "device": "gpu", "nd_range": {"device_start": 1585621214.3762386, "device_end": 1585621214.376845}, "cmdq": 1, "read": {"device_start": -1, "device_end": -1}}, "FFC_sans_bias2": {"write": {"device_start": 1585621214.3769515, "host_queued_start": 1585621280.724771, "device_queued": 1585621214.3762832, "device_end": 1585621214.3769827, "host_queued_end": 1585621280.759722}, "device": "gpu", "nd_range": {"device_start": 1585621214.3769863, "device_end": 1585621214.3778224}, "cmdq": 1, "read": {"device_start": -1, "device_end": -1}}, "FFC_sans_bias61": {"write": {"device_start": 1585621214.3962667, "host_queued_start": 1585621280.759616, "device_queued": 1585621214.3807003, "device_end": 1585621214.396298, "host_queued_end": 1585621280.759722}, "device": "gpu", "nd_range": {"device_start": 1585621214.396307, "device_end": 1585621214.3970408}, "cmdq": 0, "read": {"device_start": 1585621214.3976212, "device_end": 1585621214.3976505}}, "FFC_sans_bias52": {"write": {"device_start": 1585621214.3967965, "host_queued_start": 1585621280.758562, "device_queued": 1585621214.3805246, "device_end": 1585621214.3968267, "host_queued_end": 1585621280.759722}, "device": "gpu", "nd_range": {"device_start": 1585621214.3968368, "device_end": 1585621214.3974853}, "cmdq": 1, "read": {"device_start": 1585621214.3974872, "device_end": 1585621214.3975098}}, "FFC_sans_bias9": {"write": {"device_start": 1585621214.3773391, "host_queued_start": 1585621280.725816, "device_queued": 1585621214.3764284, "device_end": 1585621214.3773642, "host_queued_end": 1585621280.759722}, "device": "gpu", "nd_range": {"device_start": 1585621214.377368, "device_end": 1585621214.3782465}, "cmdq": 0, "read": {"device_start": -1, "device_end": -1}}, "coalesced_transpose39": {"write": {"device_start": -1, "host_queued_start": 1585621280.745331, "device_queued": -1, "device_end": -1, "host_queued_end": 1585621280.759722}, "device": "gpu", "nd_range": {"device_start": 1585621214.3864121, "device_end": 1585621214.3864257}, "cmdq": 0, "read": {"device_start": -1, "device_end": -1}}, "FFC_sans_bias55": {"write": {"device_start": 1585621214.385682, "host_queued_start": 1585621280.74375, "device_queued": 1585621214.3780065, "device_end": 1585621214.385715, "host_queued_end": 1585621280.759722}, "device": "gpu", "nd_range": {"device_start": 1585621214.3857205, "device_end": 1585621214.3865228}, "cmdq": 1, "read": {"device_start": -1, "device_end": -1}}, "FFC_sans_bias54": {"write": {"device_start": 1585621214.3851802, "host_queued_start": 1585621280.742704, "device_queued": 1585621214.377951, "device_end": 1585621214.3852134, "host_queued_end": 1585621280.759722}, "device": "gpu", "nd_range": {"device_start": 1585621214.3852184, "device_end": 1585621214.386044}, "cmdq": 0, "read": {"device_start": -1, "device_end": -1}}, "FFC_sans_bias56": {"write": {"device_start": 1585621214.3846927, "host_queued_start": 1585621280.741637, "device_queued": 1585621214.377768, "device_end": 1585621214.3847241, "host_queued_end": 1585621280.759722}, "device": "gpu", "nd_range": {"device_start": 1585621214.3847306, "device_end": 1585621214.3855538}, "cmdq": 1, "read": {"device_start": -1, "device_end": -1}}, "FFC_sans_bias51": {"write": {"device_start": -1, "host_queued_start": 1585621280.751915, "device_queued": -1, "device_end": -1, "host_queued_end": 1585621280.759722}, "device": "gpu", "nd_range": {"device_start": 1585621214.3922548, "device_end": 1585621214.3932135}, "cmdq": 0, "read": {"device_start": -1, "device_end": -1}}, "softmax23": {"write": {"device_start": -1, "host_queued_start": 1585621280.749004, "device_queued": -1, "device_end": -1, "host_queued_end": 1585621280.759722}, "device": "gpu", "nd_range": {"device_start": 1585621214.3897243, "device_end": 1585621214.390241}, "cmdq": 0, "read": {"device_start": -1, "device_end": -1}}, "FFC_sans_bias37": {"write": {"device_start": 1585621214.3822834, "host_queued_start": 1585621280.736365, "device_queued": 1585621214.377397, "device_end": 1585621214.3823154, "host_queued_end": 1585621280.759722}, "device": "gpu", "nd_range": {"device_start": 1585621214.3823214, "device_end": 1585621214.383102}, "cmdq": 0, "read": {"device_start": -1, "device_end": -1}}, "empty62": {"write": {"device_start": 1585621214.376119, "host_queued_start": 1585621280.721618, "device_queued": 1585621214.3759296, "device_end": 1585621214.3761804, "host_queued_end": 1585621280.759722}, "device": "gpu", "nd_range": {"device_start": 1585621214.3761888, "device_end": 1585621214.376193}, "cmdq": 0, "read": {"device_start": -1, "device_end": -1}}, "FFC_sans_bias58": {"write": {"device_start": -1, "host_queued_start": 1585621280.748163, "device_queued": -1, "device_end": -1, "host_queued_end": 1585621280.759722}, "device": "gpu", "nd_range": {"device_start": 1585621214.3895953, "device_end": 1585621214.3901}, "cmdq": 1, "read": {"device_start": -1, "device_end": -1}}, "softmax41": {"write": {"device_start": -1, "host_queued_start": 1585621280.749495, "device_queued": -1, "device_end": -1, "host_queued_end": 1585621280.759722}, "device": "gpu", "nd_range": {"device_start": 1585621214.3902514, "device_end": 1585621214.3904567}, "cmdq": 0, "read": {"device_start": -1, "device_end": -1}}, "FFC_sans_bias11": {"write": {"device_start": 1585621214.3783813, "host_queued_start": 1585621280.727945, "device_queued": 1585621214.3766174, "device_end": 1585621214.3784127, "host_queued_end": 1585621280.759722}, "device": "gpu", "nd_range": {"device_start": 1585621214.3784168, "device_end": 1585621214.3792408}, "cmdq": 0, "read": {"device_start": -1, "device_end": -1}}, "FFC_sans_bias10": {"write": {"device_start": 1585621214.3780115, "host_queued_start": 1585621280.726886, "device_queued": 1585621214.3764713, "device_end": 1585621214.3780413, "host_queued_end": 1585621280.759722}, "device": "gpu", "nd_range": {"device_start": 1585621214.3780453, "device_end": 1585621214.378767}, "cmdq": 1, "read": {"device_start": -1, "device_end": -1}}, "coalesced_transpose3": {"write": {"device_start": -1, "host_queued_start": 1585621280.744086, "device_queued": -1, "device_end": -1, "host_queued_end": 1585621280.759722}, "device": "gpu", "nd_range": {"device_start": 1585621214.3860464, "device_end": 1585621214.3863852}, "cmdq": 0, "read": {"device_start": -1, "device_end": -1}}, "FFC_sans_bias34": {"write": {"device_start": 1585621214.3958387, "host_queued_start": 1585621280.756441, "device_queued": 1585621214.3801925, "device_end": 1585621214.3958695, "host_queued_end": 1585621280.759722}, "device": "gpu", "nd_range": {"device_start": 1585621214.3958852, "device_end": 1585621214.3965988}, "cmdq": 1, "read": {"device_start": 1585621214.3966024, "device_end": 1585621214.3966265}}, "FFC_sans_bias15": {"write": {"device_start": -1, "host_queued_start": 1585621280.750647, "device_queued": -1, "device_end": -1, "host_queued_end": 1585621280.759722}, "device": "gpu", "nd_range": {"device_start": 1585621214.3906791, "device_end": 1585621214.3912885}, "cmdq": 0, "read": {"device_start": -1, "device_end": -1}}, "FFC_sans_bias31": {"write": {"device_start": -1, "host_queued_start": 1585621280.747213, "device_queued": -1, "device_end": -1, "host_queued_end": 1585621280.759722}, "device": "gpu", "nd_range": {"device_start": 1585621214.3871803, "device_end": 1585621214.3881538}, "cmdq": 0, "read": {"device_start": -1, "device_end": -1}}, "FFC_sans_bias16": {"write": {"device_start": 1585621214.394772, "host_queued_start": 1585621280.754328, "device_queued": 1585621214.3798575, "device_end": 1585621214.3948038, "host_queued_end": 1585621280.759722}, "device": "gpu", "nd_range": {"device_start": 1585621214.39482, "device_end": 1585621214.3956263}, "cmdq": 1, "read": {"device_start": 1585621214.3956285, "device_end": 1585621214.3956535}}, "FFC_sans_bias19": {"write": {"device_start": 1585621214.3793898, "host_queued_start": 1585621280.730035, "device_queued": 1585621214.3767877, "device_end": 1585621214.3794193, "host_queued_end": 1585621280.759722}, "device": "gpu", "nd_range": {"device_start": 1585621214.3794239, "device_end": 1585621214.3802147}, "cmdq": 0, "read": {"device_start": -1, "device_end": -1}}, "FFC_sans_bias18": {"write": {"device_start": 1585621214.3789146, "host_queued_start": 1585621280.728994, "device_queued": 1585621214.3766553, "device_end": 1585621214.3789473, "host_queued_end": 1585621280.759722}, "device": "gpu", "nd_range": {"device_start": 1585621214.3789513, "device_end": 1585621214.379731}, "cmdq": 1, "read": {"device_start": -1, "device_end": -1}}, "coalesced_transpose30": {"write": {"device_start": -1, "host_queued_start": 1585621280.745031, "device_queued": -1, "device_end": -1, "host_queued_end": 1585621280.759722}, "device": "gpu", "nd_range": {"device_start": 1585621214.3865476, "device_end": 1585621214.3865683}, "cmdq": 1, "read": {"device_start": -1, "device_end": -1}}, "FFC_sans_bias38": {"write": {"device_start": 1585621214.3827605, "host_queued_start": 1585621280.737409, "device_queued": 1585621214.3774292, "device_end": 1585621214.3827922, "host_queued_end": 1585621280.759722}, "device": "gpu", "nd_range": {"device_start": 1585621214.3827972, "device_end": 1585621214.383613}, "cmdq": 1, "read": {"device_start": -1, "device_end": -1}}, "coalesced_transpose57": {"write": {"device_start": -1, "host_queued_start": 1585621280.745938, "device_queued": -1, "device_end": -1, "host_queued_end": 1585621280.759722}, "device": "gpu", "nd_range": {"device_start": 1585621214.3865411, "device_end": 1585621214.3865516}, "cmdq": 0, "read": {"device_start": -1, "device_end": -1}}, "empty26": {"write": {"device_start": 1585621214.3757231, "host_queued_start": 1585621280.71828, "device_queued": 1585621214.3755634, "device_end": 1585621214.3757803, "host_queued_end": 1585621280.759722}, "device": "gpu", "nd_range": {"device_start": 1585621214.3757854, "device_end": 1585621214.3757896}, "cmdq": 0, "read": {"device_start": -1, "device_end": -1}}, "coalesced_transpose12": {"write": {"device_start": -1, "host_queued_start": 1585621280.744391, "device_queued": -1, "device_end": -1, "host_queued_end": 1585621280.759722}, "device": "gpu", "nd_range": {"device_start": 1585621214.3865242, "device_end": 1585621214.3865466}, "cmdq": 1, "read": {"device_start": -1, "device_end": -1}}, "empty44": {"write": {"device_start": 1585621214.3759437, "host_queued_start": 1585621280.719949, "device_queued": 1585621214.3758533, "device_end": 1585621214.3760002, "host_queued_end": 1585621280.759722}, "device": "gpu", "nd_range": {"device_start": 1585621214.3760047, "device_end": 1585621214.3760111}, "cmdq": 0, "read": {"device_start": -1, "device_end": -1}}, "coalesced_transpose21": {"write": {"device_start": -1, "host_queued_start": 1585621280.744711, "device_queued": -1, "device_end": -1, "host_queued_end": 1585621280.759722}, "device": "gpu", "nd_range": {"device_start": 1585621214.3863866, "device_end": 1585621214.38641}, "cmdq": 0, "read": {"device_start": -1, "device_end": -1}}, "FFC_sans_bias36": {"write": {"device_start": 1585621214.3817787, "host_queued_start": 1585621280.735312, "device_queued": 1585621214.3772461, "device_end": 1585621214.3818114, "host_queued_end": 1585621280.759722}, "device": "gpu", "nd_range": {"device_start": 1585621214.3818185, "device_end": 1585621214.3826396}, "cmdq": 1, "read": {"device_start": -1, "device_end": -1}}, "softmax14": {"write": {"device_start": -1, "host_queued_start": 1585621280.748753, "device_queued": -1, "device_end": -1, "host_queued_end": 1585621280.759722}, "device": "gpu", "nd_range": {"device_start": 1585621214.3901114, "device_end": 1585621214.3903198}, "cmdq": 1, "read": {"device_start": -1, "device_end": -1}}, "FFC_sans_bias13": {"write": {"device_start": -1, "host_queued_start": 1585621280.746583, "device_queued": -1, "device_end": -1, "host_queued_end": 1585621280.759722}, "device": "gpu", "nd_range": {"device_start": 1585621214.3865638, "device_end": 1585621214.387169}, "cmdq": 0, "read": {"device_start": -1, "device_end": -1}}, "empty8": {"write": {"device_start": 1585621214.3755069, "host_queued_start": 1585621280.716149, "device_queued": 1585621214.3753772, "device_end": 1585621214.375557, "host_queued_end": 1585621280.759722}, "device": "gpu", "nd_range": {"device_start": 1585621214.3755617, "device_end": 1585621214.375568}, "cmdq": 0, "read": {"device_start": -1, "device_end": -1}}, "FFC_sans_bias42": {"write": {"device_start": -1, "host_queued_start": 1585621280.7516, "device_queued": -1, "device_end": -1, "host_queued_end": 1585621280.759722}, "device": "gpu", "nd_range": {"device_start": 1585621214.3926873, "device_end": 1585621214.3936632}, "cmdq": 1, "read": {"device_start": -1, "device_end": -1}}, "FFC_sans_bias43": {"write": {"device_start": 1585621214.3953364, "host_queued_start": 1585621280.757516, "device_queued": 1585621214.380475, "device_end": 1585621214.3953664, "host_queued_end": 1585621280.759722}, "device": "gpu", "nd_range": {"device_start": 1585621214.3953843, "device_end": 1585621214.3960829}, "cmdq": 0, "read": {"device_start": 1585621214.3960872, "device_end": 1585621214.3961115}}, "FFC_sans_bias40": {"write": {"device_start": -1, "host_queued_start": 1585621280.747526, "device_queued": -1, "device_end": -1, "host_queued_end": 1585621280.759722}, "device": "gpu", "nd_range": {"device_start": 1585621214.3886206, "device_end": 1585621214.389584}, "cmdq": 1, "read": {"device_start": -1, "device_end": -1}}, "softmax32": {"write": {"device_start": -1, "host_queued_start": 1585621280.749251, "device_queued": -1, "device_end": -1, "host_queued_end": 1585621280.759722}, "device": "gpu", "nd_range": {"device_start": 1585621214.3903303, "device_end": 1585621214.3905332}, "cmdq": 1, "read": {"device_start": -1, "device_end": -1}}, "FFC_sans_bias47": {"write": {"device_start": 1585621214.3842156, "host_queued_start": 1585621280.740576, "device_queued": 1585621214.3777347, "device_end": 1585621214.3842473, "host_queued_end": 1585621280.759722}, "device": "gpu", "nd_range": {"device_start": 1585621214.3842537, "device_end": 1585621214.385062}, "cmdq": 0, "read": {"device_start": -1, "device_end": -1}}, "FFC_sans_bias45": {"write": {"device_start": 1585621214.383225, "host_queued_start": 1585621280.738448, "device_queued": 1585621214.3775585, "device_end": 1585621214.3832586, "host_queued_end": 1585621280.759722}, "device": "gpu", "nd_range": {"device_start": 1585621214.383263, "device_end": 1585621214.3840928}, "cmdq": 0, "read": {"device_start": -1, "device_end": -1}}, "softmax50": {"write": {"device_start": -1, "host_queued_start": 1585621280.749743, "device_queued": -1, "device_end": -1, "host_queued_end": 1585621280.759722}, "device": "gpu", "nd_range": {"device_start": 1585621214.3905435, "device_end": 1585621214.3908124}, "cmdq": 1, "read": {"device_start": -1, "device_end": -1}}, "FFC_sans_bias33": {"write": {"device_start": -1, "host_queued_start": 1585621280.751282, "device_queued": -1, "device_end": -1, "host_queued_end": 1585621280.759722}, "device": "gpu", "nd_range": {"device_start": 1585621214.3912976, "device_end": 1585621214.392245}, "cmdq": 0, "read": {"device_start": -1, "device_end": -1}}, "FFC_sans_bias49": {"write": {"device_start": -1, "host_queued_start": 1585621280.747844, "device_queued": -1, "device_end": -1, "host_queued_end": 1585621280.759722}, "device": "gpu", "nd_range": {"device_start": 1585621214.3881657, "device_end": 1585621214.3891268}, "cmdq": 0, "read": {"device_start": -1, "device_end": -1}}, "FFC_sans_bias24": {"write": {"device_start": -1, "host_queued_start": 1585621280.750965, "device_queued": -1, "device_end": -1, "host_queued_end": 1585621280.759722}, "device": "gpu", "nd_range": {"device_start": 1585621214.391694, "device_end": 1585621214.3926775}, "cmdq": 1, "read": {"device_start": -1, "device_end": -1}}, "FFC_sans_bias25": {"write": {"device_start": 1585621214.3943796, "host_queued_start": 1585621280.755389, "device_queued": 1585621214.3801434, "device_end": 1585621214.3944101, "host_queued_end": 1585621280.759722}, "device": "gpu", "nd_range": {"device_start": 1585621214.3944275, "device_end": 1585621214.3951244}, "cmdq": 0, "read": {"device_start": 1585621214.3951304, "device_end": 1585621214.395154}}, "FFC_sans_bias27": {"write": {"device_start": 1585621214.3803654, "host_queued_start": 1585621280.732161, "device_queued": 1585621214.3770459, "device_end": 1585621214.3803966, "host_queued_end": 1585621280.759722}, "device": "gpu", "nd_range": {"device_start": 1585621214.3804026, "device_end": 1585621214.3812096}, "cmdq": 0, "read": {"device_start": -1, "device_end": -1}}, "FFC_sans_bias20": {"write": {"device_start": 1585621214.3798664, "host_queued_start": 1585621280.731128, "device_queued": 1585621214.376827, "device_end": 1585621214.3798912, "host_queued_end": 1585621280.759722}, "device": "gpu", "nd_range": {"device_start": 1585621214.379902, "device_end": 1585621214.380694}, "cmdq": 1, "read": {"device_start": -1, "device_end": -1}}, "FFC_sans_bias22": {"write": {"device_start": -1, "host_queued_start": 1585621280.746901, "device_queued": -1, "device_end": -1, "host_queued_end": 1585621280.759722}, "device": "gpu", "nd_range": {"device_start": 1585621214.3876226, "device_end": 1585621214.3886092}, "cmdq": 1, "read": {"device_start": -1, "device_end": -1}}, "softmax5": {"write": {"device_start": -1, "host_queued_start": 1585621280.748498, "device_queued": -1, "device_end": -1, "host_queued_end": 1585621280.759722}, "device": "gpu", "nd_range": {"device_start": 1585621214.3891375, "device_end": 1585621214.389714}, "cmdq": 0, "read": {"device_start": -1, "device_end": -1}}, "FFC_sans_bias28": {"write": {"device_start": 1585621214.3807836, "host_queued_start": 1585621280.733196, "device_queued": 1585621214.3770869, "device_end": 1585621214.380812, "host_queued_end": 1585621280.759722}, "device": "gpu", "nd_range": {"device_start": 1585621214.3808193, "device_end": 1585621214.3816705}, "cmdq": 1, "read": {"device_start": -1, "device_end": -1}}, "FFC_sans_bias29": {"write": {"device_start": 1585621214.3813229, "host_queued_start": 1585621280.734235, "device_queued": 1585621214.3772147, "device_end": 1585621214.3813555, "host_queued_end": 1585621280.759722}, "device": "gpu", "nd_range": {"device_start": 1585621214.3813598, "device_end": 1585621214.3821528}, "cmdq": 0, "read": {"device_start": -1, "device_end": -1}}, "empty17": {"write": {"device_start": 1585621214.375615, "host_queued_start": 1585621280.717356, "device_queued": 1585621214.3755016, "device_end": 1585621214.375686, "host_queued_end": 1585621280.759722}, "device": "gpu", "nd_range": {"device_start": 1585621214.375692, "device_end": 1585621214.3756957}, "cmdq": 1, "read": {"device_start": -1, "device_end": -1}}, "softmax59": {"write": {"device_start": -1, "host_queued_start": 1585621280.750006, "device_queued": -1, "device_end": -1, "host_queued_end": 1585621280.759722}, "device": "gpu", "nd_range": {"device_start": 1585621214.3904665, "device_end": 1585621214.3906696}, "cmdq": 0, "read": {"device_start": -1, "device_end": -1}}, "empty35": {"write": {"device_start": 1585621214.375818, "host_queued_start": 1585621280.719135, "device_queued": 1585621214.375608, "device_end": 1585621214.3758419, "host_queued_end": 1585621280.759722}, "device": "gpu", "nd_range": {"device_start": 1585621214.3758447, "device_end": 1585621214.3758488}, "cmdq": 1, "read": {"device_start": -1, "device_end": -1}}, "empty53": {"write": {"device_start": 1585621214.3760319, "host_queued_start": 1585621280.720761, "device_queued": 1585621214.3758898, "device_end": 1585621214.3760834, "host_queued_end": 1585621280.759722}, "device": "gpu", "nd_range": {"device_start": 1585621214.3760886, "device_end": 1585621214.3760927}, "cmdq": 1, "read": {"device_start": -1, "device_end": -1}}, "FFC_sans_bias46": {"write": {"device_start": 1585621214.3837373, "host_queued_start": 1585621280.739517, "device_queued": 1585621214.3775911, "device_end": 1585621214.3837695, "host_queued_end": 1585621280.759722}, "device": "gpu", "nd_range": {"device_start": 1585621214.3837736, "device_end": 1585621214.384585}, "cmdq": 1, "read": {"device_start": -1, "device_end": -1}}, "coalesced_transpose48": {"write": {"device_start": -1, "host_queued_start": 1585621280.745639, "device_queued": -1, "device_end": -1, "host_queued_end": 1585621280.759722}, "device": "gpu", "nd_range": {"device_start": 1585621214.3865697, "device_end": 1585621214.3869872}, "cmdq": 1, "read": {"device_start": -1, "device_end": -1}}}