{"FFC_sans_bias60": {"write": {"device_start": -1, "host_queued_start": 1585621096.864979, "device_queued": -1, "device_end": -1, "host_queued_end": 1585621096.866144}, "device": "gpu", "nd_range": {"device_start": 1585621030.4899416, "device_end": 1585621030.4905353}, "cmdq": 0, "read": {"device_start": -1, "device_end": -1}}, "FFC_sans_bias4": {"write": {"device_start": -1, "host_queued_start": 1585621096.893745, "device_queued": -1, "device_end": -1, "host_queued_end": 1585621096.905469}, "device": "cpu", "nd_range": {"device_start": 2288871.1774508404, "device_end": 2288871.1817498263}, "cmdq": 0, "read": {"device_start": -1, "device_end": -1}}, "FFC_sans_bias7": {"write": {"device_start": -1, "host_queued_start": 1585621096.900267, "device_queued": -1, "device_end": -1, "host_queued_end": 1585621096.905469}, "device": "cpu", "nd_range": {"device_start": 2288871.247833679, "device_end": 2288871.2528506094}, "cmdq": 0, "read": {"device_start": -1, "device_end": -1}}, "FFC_sans_bias6": {"write": {"device_start": -1, "host_queued_start": 1585621096.897445, "device_queued": -1, "device_end": -1, "host_queued_end": 1585621096.905469}, "device": "cpu", "nd_range": {"device_start": 2288871.212691225, "device_end": 2288871.2189164683}, "cmdq": 0, "read": {"device_start": -1, "device_end": -1}}, "FFC_sans_bias1": {"write": {"device_start": -1, "host_queued_start": 1585621096.873912, "device_queued": -1, "device_end": -1, "host_queued_end": 1585621096.905469}, "device": "cpu", "nd_range": {"device_start": 2288871.099195127, "device_end": 2288871.1030237293}, "cmdq": 0, "read": {"device_start": -1, "device_end": -1}}, "FFC_sans_bias0": {"write": {"device_start": -1, "host_queued_start": 1585621096.872862, "device_queued": -1, "device_end": -1, "host_queued_end": 1585621096.905469}, "device": "cpu", "nd_range": {"device_start": 2288871.0950924633, "device_end": 2288871.0991454353}, "cmdq": 0, "read": {"device_start": -1, "device_end": -1}}, "FFC_sans_bias2": {"write": {"device_start": -1, "host_queued_start": 1585621096.874999, "device_queued": -1, "device_end": -1, "host_queued_end": 1585621096.905469}, "device": "cpu", "nd_range": {"device_start": 2288871.103051696, "device_end": 2288871.107195849}, "cmdq": 0, "read": {"device_start": -1, "device_end": -1}}, "FFC_sans_bias61": {"write": {"device_start": 1585621030.4906545, "host_queued_start": 1585621096.86604, "device_queued": 1585621030.4871578, "device_end": 1585621030.490684, "host_queued_end": 1585621096.866144}, "device": "gpu", "nd_range": {"device_start": 1585621030.4906929, "device_end": 1585621030.4912891}, "cmdq": 0, "read": {"device_start": 1585621030.4912946, "device_end": 1585621030.4913173}}, "FFC_sans_bias52": {"write": {"device_start": -1, "host_queued_start": 1585621096.905422, "device_queued": -1, "device_end": -1, "host_queued_end": 1585621096.905469}, "device": "cpu", "nd_range": {"device_start": 2288871.271452086, "device_end": 2288871.276755957}, "cmdq": 0, "read": {"device_start": -1, "device_end": -1}}, "FFC_sans_bias9": {"write": {"device_start": -1, "host_queued_start": 1585621096.876054, "device_queued": -1, "device_end": -1, "host_queued_end": 1585621096.905469}, "device": "cpu", "nd_range": {"device_start": 2288871.1072145742, "device_end": 2288871.111212334}, "cmdq": 0, "read": {"device_start": -1, "device_end": -1}}, "coalesced_transpose39": {"write": {"device_start": -1, "host_queued_start": 1585621096.893074, "device_queued": -1, "device_end": -1, "host_queued_end": 1585621096.905469}, "device": "cpu", "nd_range": {"device_start": 2288871.1769637764, "device_end": 2288871.177082314}, "cmdq": 0, "read": {"device_start": -1, "device_end": -1}}, "FFC_sans_bias55": {"write": {"device_start": 1585621030.4884844, "host_queued_start": 1585621096.863761, "device_queued": 1585621030.486895, "device_end": 1585621030.488516, "host_queued_end": 1585621096.866144}, "device": "gpu", "nd_range": {"device_start": 1585621030.4885192, "device_end": 1585621030.4891243}, "cmdq": 0, "read": {"device_start": -1, "device_end": -1}}, "FFC_sans_bias54": {"write": {"device_start": 1585621030.4877434, "host_queued_start": 1585621096.862722, "device_queued": 1585621030.4866982, "device_end": 1585621030.4877732, "host_queued_end": 1585621096.866144}, "device": "gpu", "nd_range": {"device_start": 1585621030.4877758, "device_end": 1585621030.4883645}, "cmdq": 0, "read": {"device_start": -1, "device_end": -1}}, "FFC_sans_bias56": {"write": {"device_start": 1585621030.4869733, "host_queued_start": 1585621096.861634, "device_queued": 1585621030.486662, "device_end": 1585621030.4870033, "host_queued_end": 1585621096.866144}, "device": "gpu", "nd_range": {"device_start": 1585621030.4870057, "device_end": 1585621030.4876027}, "cmdq": 0, "read": {"device_start": -1, "device_end": -1}}, "FFC_sans_bias51": {"write": {"device_start": -1, "host_queued_start": 1585621096.899207, "device_queued": -1, "device_end": -1, "host_queued_end": 1585621096.905469}, "device": "cpu", "nd_range": {"device_start": 2288871.243852777, "device_end": 2288871.247828126}, "cmdq": 0, "read": {"device_start": -1, "device_end": -1}}, "softmax23": {"write": {"device_start": -1, "host_queued_start": 1585621096.896313, "device_queued": -1, "device_end": -1, "host_queued_end": 1585621096.905469}, "device": "cpu", "nd_range": {"device_start": 2288871.211947556, "device_end": 2288871.212139291}, "cmdq": 0, "read": {"device_start": -1, "device_end": -1}}, "FFC_sans_bias37": {"write": {"device_start": -1, "host_queued_start": 1585621096.887019, "device_queued": -1, "device_end": -1, "host_queued_end": 1585621096.905469}, "device": "cpu", "nd_range": {"device_start": 2288871.152630853, "device_end": 2288871.157258117}, "cmdq": 0, "read": {"device_start": -1, "device_end": -1}}, "empty62": {"write": {"device_start": 1585621030.4866998, "host_queued_start": 1585621096.86027, "device_queued": 1585621030.486585, "device_end": 1585621030.4867256, "host_queued_end": 1585621096.866144}, "device": "gpu", "nd_range": {"device_start": 1585621030.48673, "device_end": 1585621030.4867396}, "cmdq": 0, "read": {"device_start": -1, "device_end": -1}}, "FFC_sans_bias58": {"write": {"device_start": -1, "host_queued_start": 1585621096.864403, "device_queued": -1, "device_end": -1, "host_queued_end": 1585621096.866144}, "device": "gpu", "nd_range": {"device_start": 1585621030.4891331, "device_end": 1585621030.4897337}, "cmdq": 0, "read": {"device_start": -1, "device_end": -1}}, "softmax41": {"write": {"device_start": -1, "host_queued_start": 1585621096.896845, "device_queued": -1, "device_end": -1, "host_queued_end": 1585621096.905469}, "device": "cpu", "nd_range": {"device_start": 2288871.212329985, "device_end": 2288871.2125055823}, "cmdq": 0, "read": {"device_start": -1, "device_end": -1}}, "FFC_sans_bias11": {"write": {"device_start": -1, "host_queued_start": 1585621096.878176, "device_queued": -1, "device_end": -1, "host_queued_end": 1585621096.905469}, "device": "cpu", "nd_range": {"device_start": 2288871.116219398, "device_end": 2288871.120738855}, "cmdq": 0, "read": {"device_start": -1, "device_end": -1}}, "FFC_sans_bias10": {"write": {"device_start": -1, "host_queued_start": 1585621096.877108, "device_queued": -1, "device_end": -1, "host_queued_end": 1585621096.905469}, "device": "cpu", "nd_range": {"device_start": 2288871.111218755, "device_end": 2288871.116213952}, "cmdq": 0, "read": {"device_start": -1, "device_end": -1}}, "coalesced_transpose3": {"write": {"device_start": -1, "host_queued_start": 1585621096.891636, "device_queued": -1, "device_end": -1, "host_queued_end": 1585621096.905469}, "device": "cpu", "nd_range": {"device_start": 2288871.175923922, "device_end": 2288871.176077728}, "cmdq": 0, "read": {"device_start": -1, "device_end": -1}}, "FFC_sans_bias34": {"write": {"device_start": -1, "host_queued_start": 1585621096.903332, "device_queued": -1, "device_end": -1, "host_queued_end": 1585621096.905469}, "device": "cpu", "nd_range": {"device_start": 2288871.262814917, "device_end": 2288871.2671309314}, "cmdq": 0, "read": {"device_start": -1, "device_end": -1}}, "FFC_sans_bias15": {"write": {"device_start": -1, "host_queued_start": 1585621096.897779, "device_queued": -1, "device_end": -1, "host_queued_end": 1585621096.905469}, "device": "cpu", "nd_range": {"device_start": 2288871.2189366333, "device_end": 2288871.226950378}, "cmdq": 0, "read": {"device_start": -1, "device_end": -1}}, "FFC_sans_bias31": {"write": {"device_start": -1, "host_queued_start": 1585621096.894786, "device_queued": -1, "device_end": -1, "host_queued_end": 1585621096.905469}, "device": "cpu", "nd_range": {"device_start": 2288871.195214636, "device_end": 2288871.200558997}, "cmdq": 0, "read": {"device_start": -1, "device_end": -1}}, "FFC_sans_bias16": {"write": {"device_start": -1, "host_queued_start": 1585621096.90127, "device_queued": -1, "device_end": -1, "host_queued_end": 1585621096.905469}, "device": "cpu", "nd_range": {"device_start": 2288871.252853852, "device_end": 2288871.257421119}, "cmdq": 0, "read": {"device_start": -1, "device_end": -1}}, "FFC_sans_bias19": {"write": {"device_start": -1, "host_queued_start": 1585621096.880448, "device_queued": -1, "device_end": -1, "host_queued_end": 1585621096.905469}, "device": "cpu", "nd_range": {"device_start": 2288871.125414499, "device_end": 2288871.129803643}, "cmdq": 0, "read": {"device_start": -1, "device_end": -1}}, "FFC_sans_bias18": {"write": {"device_start": -1, "host_queued_start": 1585621096.879386, "device_queued": -1, "device_end": -1, "host_queued_end": 1585621096.905469}, "device": "cpu", "nd_range": {"device_start": 2288871.120744192, "device_end": 2288871.125409293}, "cmdq": 0, "read": {"device_start": -1, "device_end": -1}}, "coalesced_transpose30": {"write": {"device_start": -1, "host_queued_start": 1585621096.892737, "device_queued": -1, "device_end": -1, "host_queued_end": 1585621096.905469}, "device": "cpu", "nd_range": {"device_start": 2288871.176715598, "device_end": 2288871.1768408474}, "cmdq": 0, "read": {"device_start": -1, "device_end": -1}}, "FFC_sans_bias38": {"write": {"device_start": -1, "host_queued_start": 1585621096.888085, "device_queued": -1, "device_end": -1, "host_queued_end": 1585621096.905469}, "device": "cpu", "nd_range": {"device_start": 2288871.1572635924, "device_end": 2288871.162042227}, "cmdq": 0, "read": {"device_start": -1, "device_end": -1}}, "coalesced_transpose57": {"write": {"device_start": -1, "host_queued_start": 1585621096.864086, "device_queued": -1, "device_end": -1, "host_queued_end": 1585621096.866144}, "device": "gpu", "nd_range": {"device_start": 1585621030.4891253, "device_end": 1585621030.4891322}, "cmdq": 0, "read": {"device_start": -1, "device_end": -1}}, "empty26": {"write": {"device_start": -1, "host_queued_start": 1585621096.869375, "device_queued": -1, "device_end": -1, "host_queued_end": 1585621096.905469}, "device": "cpu", "nd_range": {"device_start": 2288871.095074469, "device_end": 2288871.0950754182}, "cmdq": 0, "read": {"device_start": -1, "device_end": -1}}, "coalesced_transpose12": {"write": {"device_start": -1, "host_queued_start": 1585621096.891975, "device_queued": -1, "device_end": -1, "host_queued_end": 1585621096.905469}, "device": "cpu", "nd_range": {"device_start": 2288871.176216544, "device_end": 2288871.176344613}, "cmdq": 0, "read": {"device_start": -1, "device_end": -1}}, "empty44": {"write": {"device_start": -1, "host_queued_start": 1585621096.871059, "device_queued": -1, "device_end": -1, "host_queued_end": 1585621096.905469}, "device": "cpu", "nd_range": {"device_start": 2288871.095083342, "device_end": 2288871.0950838244}, "cmdq": 0, "read": {"device_start": -1, "device_end": -1}}, "coalesced_transpose21": {"write": {"device_start": -1, "host_queued_start": 1585621096.892308, "device_queued": -1, "device_end": -1, "host_queued_end": 1585621096.905469}, "device": "cpu", "nd_range": {"device_start": 2288871.1764641483, "device_end": 2288871.1765910983}, "cmdq": 0, "read": {"device_start": -1, "device_end": -1}}, "FFC_sans_bias36": {"write": {"device_start": -1, "host_queued_start": 1585621096.885896, "device_queued": -1, "device_end": -1, "host_queued_end": 1585621096.905469}, "device": "cpu", "nd_range": {"device_start": 2288871.148071559, "device_end": 2288871.152625494}, "cmdq": 0, "read": {"device_start": -1, "device_end": -1}}, "softmax14": {"write": {"device_start": -1, "host_queued_start": 1585621096.896038, "device_queued": -1, "device_end": -1, "host_queued_end": 1585621096.905469}, "device": "cpu", "nd_range": {"device_start": 2288871.211749244, "device_end": 2288871.2119411663}, "cmdq": 0, "read": {"device_start": -1, "device_end": -1}}, "FFC_sans_bias13": {"write": {"device_start": -1, "host_queued_start": 1585621096.894081, "device_queued": -1, "device_end": -1, "host_queued_end": 1585621096.905469}, "device": "cpu", "nd_range": {"device_start": 2288871.1817559972, "device_end": 2288871.1863334593}, "cmdq": 0, "read": {"device_start": -1, "device_end": -1}}, "empty8": {"write": {"device_start": -1, "host_queued_start": 1585621096.867527, "device_queued": -1, "device_end": -1, "host_queued_end": 1585621096.905469}, "device": "cpu", "nd_range": {"device_start": 2288871.095037322, "device_end": 2288871.095050555}, "cmdq": 0, "read": {"device_start": -1, "device_end": -1}}, "FFC_sans_bias42": {"write": {"device_start": -1, "host_queued_start": 1585621096.898862, "device_queued": -1, "device_end": -1, "host_queued_end": 1585621096.905469}, "device": "cpu", "nd_range": {"device_start": 2288871.236167767, "device_end": 2288871.243847682}, "cmdq": 0, "read": {"device_start": -1, "device_end": -1}}, "FFC_sans_bias43": {"write": {"device_start": -1, "host_queued_start": 1585621096.904391, "device_queued": -1, "device_end": -1, "host_queued_end": 1585621096.905469}, "device": "cpu", "nd_range": {"device_start": 2288871.26713377, "device_end": 2288871.2714491133}, "cmdq": 0, "read": {"device_start": -1, "device_end": -1}}, "FFC_sans_bias40": {"write": {"device_start": -1, "host_queued_start": 1585621096.895131, "device_queued": -1, "device_end": -1, "host_queued_end": 1585621096.905469}, "device": "cpu", "nd_range": {"device_start": 2288871.20057584, "device_end": 2288871.20709792}, "cmdq": 0, "read": {"device_start": -1, "device_end": -1}}, "softmax32": {"write": {"device_start": -1, "host_queued_start": 1585621096.896584, "device_queued": -1, "device_end": -1, "host_queued_end": 1585621096.905469}, "device": "cpu", "nd_range": {"device_start": 2288871.2121454873, "device_end": 2288871.2123235813}, "cmdq": 0, "read": {"device_start": -1, "device_end": -1}}, "FFC_sans_bias47": {"write": {"device_start": -1, "host_queued_start": 1585621096.891302, "device_queued": -1, "device_end": -1, "host_queued_end": 1585621096.905469}, "device": "cpu", "nd_range": {"device_start": 2288871.1711457022, "device_end": 2288871.175918363}, "cmdq": 0, "read": {"device_start": -1, "device_end": -1}}, "FFC_sans_bias45": {"write": {"device_start": -1, "host_queued_start": 1585621096.889147, "device_queued": -1, "device_end": -1, "host_queued_end": 1585621096.905469}, "device": "cpu", "nd_range": {"device_start": 2288871.162047646, "device_end": 2288871.166554018}, "cmdq": 0, "read": {"device_start": -1, "device_end": -1}}, "softmax50": {"write": {"device_start": -1, "host_queued_start": 1585621096.89711, "device_queued": -1, "device_end": -1, "host_queued_end": 1585621096.905469}, "device": "cpu", "nd_range": {"device_start": 2288871.212511755, "device_end": 2288871.2126836483}, "cmdq": 0, "read": {"device_start": -1, "device_end": -1}}, "FFC_sans_bias33": {"write": {"device_start": -1, "host_queued_start": 1585621096.898498, "device_queued": -1, "device_end": -1, "host_queued_end": 1585621096.905469}, "device": "cpu", "nd_range": {"device_start": 2288871.2312247083, "device_end": 2288871.236162602}, "cmdq": 0, "read": {"device_start": -1, "device_end": -1}}, "FFC_sans_bias49": {"write": {"device_start": -1, "host_queued_start": 1585621096.895475, "device_queued": -1, "device_end": -1, "host_queued_end": 1585621096.905469}, "device": "cpu", "nd_range": {"device_start": 2288871.207299672, "device_end": 2288871.211462024}, "cmdq": 0, "read": {"device_start": -1, "device_end": -1}}, "FFC_sans_bias24": {"write": {"device_start": -1, "host_queued_start": 1585621096.89816, "device_queued": -1, "device_end": -1, "host_queued_end": 1585621096.905469}, "device": "cpu", "nd_range": {"device_start": 2288871.226961038, "device_end": 2288871.2312187552}, "cmdq": 0, "read": {"device_start": -1, "device_end": -1}}, "FFC_sans_bias25": {"write": {"device_start": -1, "host_queued_start": 1585621096.902271, "device_queued": -1, "device_end": -1, "host_queued_end": 1585621096.905469}, "device": "cpu", "nd_range": {"device_start": 2288871.2574241282, "device_end": 2288871.2628119653}, "cmdq": 0, "read": {"device_start": -1, "device_end": -1}}, "FFC_sans_bias27": {"write": {"device_start": -1, "host_queued_start": 1585621096.882605, "device_queued": -1, "device_end": -1, "host_queued_end": 1585621096.905469}, "device": "cpu", "nd_range": {"device_start": 2288871.134599537, "device_end": 2288871.139023525}, "cmdq": 0, "read": {"device_start": -1, "device_end": -1}}, "FFC_sans_bias20": {"write": {"device_start": -1, "host_queued_start": 1585621096.881516, "device_queued": -1, "device_end": -1, "host_queued_end": 1585621096.905469}, "device": "cpu", "nd_range": {"device_start": 2288871.129808557, "device_end": 2288871.134594641}, "cmdq": 0, "read": {"device_start": -1, "device_end": -1}}, "FFC_sans_bias22": {"write": {"device_start": -1, "host_queued_start": 1585621096.894414, "device_queued": -1, "device_end": -1, "host_queued_end": 1585621096.905469}, "device": "cpu", "nd_range": {"device_start": 2288871.186339092, "device_end": 2288871.1951781614}, "cmdq": 0, "read": {"device_start": -1, "device_end": -1}}, "softmax5": {"write": {"device_start": -1, "host_queued_start": 1585621096.895758, "device_queued": -1, "device_end": -1, "host_queued_end": 1585621096.905469}, "device": "cpu", "nd_range": {"device_start": 2288871.2116006194, "device_end": 2288871.211742648}, "cmdq": 0, "read": {"device_start": -1, "device_end": -1}}, "FFC_sans_bias28": {"write": {"device_start": -1, "host_queued_start": 1585621096.883666, "device_queued": -1, "device_end": -1, "host_queued_end": 1585621096.905469}, "device": "cpu", "nd_range": {"device_start": 2288871.139029315, "device_end": 2288871.1436291044}, "cmdq": 0, "read": {"device_start": -1, "device_end": -1}}, "FFC_sans_bias29": {"write": {"device_start": -1, "host_queued_start": 1585621096.884738, "device_queued": -1, "device_end": -1, "host_queued_end": 1585621096.905469}, "device": "cpu", "nd_range": {"device_start": 2288871.1436342034, "device_end": 2288871.1480577462}, "cmdq": 0, "read": {"device_start": -1, "device_end": -1}}, "empty17": {"write": {"device_start": -1, "host_queued_start": 1585621096.868505, "device_queued": -1, "device_end": -1, "host_queued_end": 1585621096.905469}, "device": "cpu", "nd_range": {"device_start": 2288871.0950690433, "device_end": 2288871.095069991}, "cmdq": 0, "read": {"device_start": -1, "device_end": -1}}, "softmax59": {"write": {"device_start": -1, "host_queued_start": 1585621096.864659, "device_queued": -1, "device_end": -1, "host_queued_end": 1585621096.866144}, "device": "gpu", "nd_range": {"device_start": 1585621030.4897351, "device_end": 1585621030.4899395}, "cmdq": 0, "read": {"device_start": -1, "device_end": -1}}, "empty35": {"write": {"device_start": -1, "host_queued_start": 1585621096.870204, "device_queued": -1, "device_end": -1, "host_queued_end": 1585621096.905469}, "device": "cpu", "nd_range": {"device_start": 2288871.095079285, "device_end": 2288871.095079827}, "cmdq": 0, "read": {"device_start": -1, "device_end": -1}}, "empty53": {"write": {"device_start": -1, "host_queued_start": 1585621096.871905, "device_queued": -1, "device_end": -1, "host_queued_end": 1585621096.905469}, "device": "cpu", "nd_range": {"device_start": 2288871.095087539, "device_end": 2288871.095088197}, "cmdq": 0, "read": {"device_start": -1, "device_end": -1}}, "FFC_sans_bias46": {"write": {"device_start": -1, "host_queued_start": 1585621096.890202, "device_queued": -1, "device_end": -1, "host_queued_end": 1585621096.905469}, "device": "cpu", "nd_range": {"device_start": 2288871.166558729, "device_end": 2288871.171140836}, "cmdq": 0, "read": {"device_start": -1, "device_end": -1}}, "coalesced_transpose48": {"write": {"device_start": -1, "host_queued_start": 1585621096.893404, "device_queued": -1, "device_end": -1, "host_queued_end": 1585621096.905469}, "device": "cpu", "nd_range": {"device_start": 2288871.177212152, "device_end": 2288871.177327856}, "cmdq": 0, "read": {"device_start": -1, "device_end": -1}}}