{"FFC_sans_bias60": {"write": {"device_start": -1, "host_queued_start": 1585621578.076795, "device_queued": -1, "device_end": -1, "host_queued_end": 1585621578.081062}, "device": "gpu", "nd_range": {"device_start": 1585621511.6984634, "device_end": 1585621511.6997738}, "cmdq": 1, "read": {"device_start": -1, "device_end": -1}}, "FFC_sans_bias4": {"write": {"device_start": -1, "host_queued_start": 1585621578.096672, "device_queued": -1, "device_end": -1, "host_queued_end": 1585621578.102355}, "device": "cpu", "nd_range": {"device_start": 2289352.336535662, "device_end": 2289352.351634638}, "cmdq": 0, "read": {"device_start": -1, "device_end": -1}}, "FFC_sans_bias7": {"write": {"device_start": -1, "host_queued_start": 1585621578.100309, "device_queued": -1, "device_end": -1, "host_queued_end": 1585621578.102355}, "device": "cpu", "nd_range": {"device_start": 2289352.3683615453, "device_end": 2289352.3841395}, "cmdq": 0, "read": {"device_start": -1, "device_end": -1}}, "FFC_sans_bias6": {"write": {"device_start": -1, "host_queued_start": 1585621578.098524, "device_queued": -1, "device_end": -1, "host_queued_end": 1585621578.102355}, "device": "cpu", "nd_range": {"device_start": 2289352.352126386, "device_end": 2289352.368354827}, "cmdq": 0, "read": {"device_start": -1, "device_end": -1}}, "FFC_sans_bias1": {"write": {"device_start": -1, "host_queued_start": 1585621578.087194, "device_queued": -1, "device_end": -1, "host_queued_end": 1585621578.102355}, "device": "cpu", "nd_range": {"device_start": 2289352.291974546, "device_end": 2289352.3006044254}, "cmdq": 1, "read": {"device_start": -1, "device_end": -1}}, "FFC_sans_bias0": {"write": {"device_start": -1, "host_queued_start": 1585621578.086115, "device_queued": -1, "device_end": -1, "host_queued_end": 1585621578.102355}, "device": "cpu", "nd_range": {"device_start": 2289352.2919745473, "device_end": 2289352.303312457}, "cmdq": 0, "read": {"device_start": -1, "device_end": -1}}, "FFC_sans_bias2": {"write": {"device_start": -1, "host_queued_start": 1585621578.088259, "device_queued": -1, "device_end": -1, "host_queued_end": 1585621578.102355}, "device": "cpu", "nd_range": {"device_start": 2289352.2920456133, "device_end": 2289352.307802238}, "cmdq": 2, "read": {"device_start": -1, "device_end": -1}}, "FFC_sans_bias61": {"write": {"device_start": 1585621511.6989071, "host_queued_start": 1585621578.080963, "device_queued": 1585621511.6914217, "device_end": 1585621511.6989386, "host_queued_end": 1585621578.081062}, "device": "gpu", "nd_range": {"device_start": 1585621511.699785, "device_end": 1585621511.7011695}, "cmdq": 0, "read": {"device_start": 1585621511.7011795, "device_end": 1585621511.7012029}}, "FFC_sans_bias52": {"write": {"device_start": 1585621511.698694, "host_queued_start": 1585621578.079916, "device_queued": 1585621511.6912103, "device_end": 1585621511.6987257, "host_queued_end": 1585621578.081062}, "device": "gpu", "nd_range": {"device_start": 1585621511.6988156, "device_end": 1585621511.7007158}, "cmdq": 4, "read": {"device_start": 1585621511.7007184, "device_end": 1585621511.7007415}}, "FFC_sans_bias9": {"write": {"device_start": -1, "host_queued_start": 1585621578.089408, "device_queued": -1, "device_end": -1, "host_queued_end": 1585621578.102355}, "device": "cpu", "nd_range": {"device_start": 2289352.303434229, "device_end": 2289352.320128757}, "cmdq": 0, "read": {"device_start": -1, "device_end": -1}}, "coalesced_transpose39": {"write": {"device_start": -1, "host_queued_start": 1585621578.072628, "device_queued": -1, "device_end": -1, "host_queued_end": 1585621578.081062}, "device": "gpu", "nd_range": {"device_start": 1585621511.6937492, "device_end": 1585621511.695091}, "cmdq": 2, "read": {"device_start": -1, "device_end": -1}}, "FFC_sans_bias55": {"write": {"device_start": 1585621511.6928651, "host_queued_start": 1585621578.071995, "device_queued": 1585621511.6902862, "device_end": 1585621511.6928973, "host_queued_end": 1585621578.081062}, "device": "gpu", "nd_range": {"device_start": 1585621511.6929057, "device_end": 1585621511.6951706}, "cmdq": 0, "read": {"device_start": -1, "device_end": -1}}, "FFC_sans_bias54": {"write": {"device_start": 1585621511.6923919, "host_queued_start": 1585621578.070949, "device_queued": 1585621511.6900952, "device_end": 1585621511.6924245, "host_queued_end": 1585621578.081062}, "device": "gpu", "nd_range": {"device_start": 1585621511.6924336, "device_end": 1585621511.6947124}, "cmdq": 4, "read": {"device_start": -1, "device_end": -1}}, "FFC_sans_bias56": {"write": {"device_start": 1585621511.6919346, "host_queued_start": 1585621578.069869, "device_queued": 1585621511.6900651, "device_end": 1585621511.691966, "host_queued_end": 1585621578.081062}, "device": "gpu", "nd_range": {"device_start": 1585621511.6919746, "device_end": 1585621511.694265}, "cmdq": 3, "read": {"device_start": -1, "device_end": -1}}, "FFC_sans_bias51": {"write": {"device_start": -1, "host_queued_start": 1585621578.076481, "device_queued": -1, "device_end": -1, "host_queued_end": 1585621578.081062}, "device": "gpu", "nd_range": {"device_start": 1585621511.6972797, "device_end": 1585621511.6988037}, "cmdq": 0, "read": {"device_start": -1, "device_end": -1}}, "softmax23": {"write": {"device_start": -1, "host_queued_start": 1585621578.098186, "device_queued": -1, "device_end": -1, "host_queued_end": 1585621578.102355}, "device": "cpu", "nd_range": {"device_start": 2289352.3493773174, "device_end": 2289352.3495855383}, "cmdq": 2, "read": {"device_start": -1, "device_end": -1}}, "FFC_sans_bias37": {"write": {"device_start": 1585621511.6896582, "host_queued_start": 1585621578.064628, "device_queued": 1585621511.6894155, "device_end": 1585621511.6896832, "host_queued_end": 1585621578.081062}, "device": "gpu", "nd_range": {"device_start": 1585621511.6896942, "device_end": 1585621511.6918323}, "cmdq": 3, "read": {"device_start": -1, "device_end": -1}}, "empty62": {"write": {"device_start": 1585621511.6891408, "host_queued_start": 1585621578.059326, "device_queued": 1585621511.6889057, "device_end": 1585621511.6892192, "host_queued_end": 1585621578.081062}, "device": "gpu", "nd_range": {"device_start": 1585621511.6892333, "device_end": 1585621511.6892533}, "cmdq": 3, "read": {"device_start": -1, "device_end": -1}}, "FFC_sans_bias58": {"write": {"device_start": -1, "host_queued_start": 1585621578.0745, "device_queued": -1, "device_end": -1, "host_queued_end": 1585621578.081062}, "device": "gpu", "nd_range": {"device_start": 1585621511.6966221, "device_end": 1585621511.6972258}, "cmdq": 3, "read": {"device_start": -1, "device_end": -1}}, "softmax41": {"write": {"device_start": -1, "host_queued_start": 1585621578.075041, "device_queued": -1, "device_end": -1, "host_queued_end": 1585621578.081062}, "device": "gpu", "nd_range": {"device_start": 1585621511.6966107, "device_end": 1585621511.6969974}, "cmdq": 0, "read": {"device_start": -1, "device_end": -1}}, "FFC_sans_bias11": {"write": {"device_start": -1, "host_queued_start": 1585621578.091867, "device_queued": -1, "device_end": -1, "host_queued_end": 1585621578.102355}, "device": "cpu", "nd_range": {"device_start": 2289352.307930715, "device_end": 2289352.3223123113}, "cmdq": 2, "read": {"device_start": -1, "device_end": -1}}, "FFC_sans_bias10": {"write": {"device_start": -1, "host_queued_start": 1585621578.090469, "device_queued": -1, "device_end": -1, "host_queued_end": 1585621578.102355}, "device": "cpu", "nd_range": {"device_start": 2289352.300722977, "device_end": 2289352.311173859}, "cmdq": 1, "read": {"device_start": -1, "device_end": -1}}, "coalesced_transpose3": {"write": {"device_start": -1, "host_queued_start": 1585621578.09565, "device_queued": -1, "device_end": -1, "host_queued_end": 1585621578.102355}, "device": "cpu", "nd_range": {"device_start": 2289352.335903774, "device_end": 2289352.336160575}, "cmdq": 0, "read": {"device_start": -1, "device_end": -1}}, "FFC_sans_bias34": {"write": {"device_start": 1585621511.698545, "host_queued_start": 1585621578.077821, "device_queued": 1585621511.691044, "device_end": 1585621511.6985781, "host_queued_end": 1585621578.081062}, "device": "gpu", "nd_range": {"device_start": 1585621511.6985846, "device_end": 1585621511.7002215}, "cmdq": 2, "read": {"device_start": 1585621511.7002242, "device_end": 1585621511.7002485}}, "FFC_sans_bias15": {"write": {"device_start": -1, "host_queued_start": 1585621578.098896, "device_queued": -1, "device_end": -1, "host_queued_end": 1585621578.102355}, "device": "cpu", "nd_range": {"device_start": 2289352.3332074513, "device_end": 2289352.345540883}, "cmdq": 1, "read": {"device_start": -1, "device_end": -1}}, "FFC_sans_bias31": {"write": {"device_start": -1, "host_queued_start": 1585621578.073552, "device_queued": -1, "device_end": -1, "host_queued_end": 1585621578.081062}, "device": "gpu", "nd_range": {"device_start": 1585621511.6951787, "device_end": 1585621511.695789}, "cmdq": 0, "read": {"device_start": -1, "device_end": -1}}, "FFC_sans_bias16": {"write": {"device_start": -1, "host_queued_start": 1585621578.101314, "device_queued": -1, "device_end": -1, "host_queued_end": 1585621578.102355}, "device": "cpu", "nd_range": {"device_start": 2289352.345659382, "device_end": 2289352.3557781563}, "cmdq": 1, "read": {"device_start": -1, "device_end": -1}}, "FFC_sans_bias19": {"write": {"device_start": -1, "host_queued_start": 1585621578.094186, "device_queued": -1, "device_end": -1, "host_queued_end": 1585621578.102355}, "device": "cpu", "nd_range": {"device_start": 2289352.311291112, "device_end": 2289352.32153829}, "cmdq": 1, "read": {"device_start": -1, "device_end": -1}}, "FFC_sans_bias18": {"write": {"device_start": -1, "host_queued_start": 1585621578.092983, "device_queued": -1, "device_end": -1, "host_queued_end": 1585621578.102355}, "device": "cpu", "nd_range": {"device_start": 2289352.32051756, "device_end": 2289352.335639927}, "cmdq": 0, "read": {"device_start": -1, "device_end": -1}}, "coalesced_transpose30": {"write": {"device_start": -1, "host_queued_start": 1585621578.072324, "device_queued": -1, "device_end": -1, "host_queued_end": 1585621578.081062}, "device": "gpu", "nd_range": {"device_start": 1585621511.6932912, "device_end": 1585621511.6950836}, "cmdq": 1, "read": {"device_start": -1, "device_end": -1}}, "FFC_sans_bias38": {"write": {"device_start": 1585621511.690023, "host_queued_start": 1585621578.065676, "device_queued": 1585621511.6894338, "device_end": 1585621511.6900537, "host_queued_end": 1585621578.081062}, "device": "gpu", "nd_range": {"device_start": 1585621511.6900597, "device_end": 1585621511.6922998}, "cmdq": 4, "read": {"device_start": -1, "device_end": -1}}, "coalesced_transpose57": {"write": {"device_start": -1, "host_queued_start": 1585621578.073226, "device_queued": -1, "device_end": -1, "host_queued_end": 1585621578.081062}, "device": "gpu", "nd_range": {"device_start": 1585621511.6952147, "device_end": 1585621511.6965914}, "cmdq": 4, "read": {"device_start": -1, "device_end": -1}}, "empty26": {"write": {"device_start": -1, "host_queued_start": 1585621578.084981, "device_queued": -1, "device_end": -1, "host_queued_end": 1585621578.102355}, "device": "cpu", "nd_range": {"device_start": 2289352.291986021, "device_end": 2289352.2919909554}, "cmdq": 2, "read": {"device_start": -1, "device_end": -1}}, "coalesced_transpose12": {"write": {"device_start": -1, "host_queued_start": 1585621578.095981, "device_queued": -1, "device_end": -1, "host_queued_end": 1585621578.102355}, "device": "cpu", "nd_range": {"device_start": 2289352.321653177, "device_end": 2289352.321896194}, "cmdq": 1, "read": {"device_start": -1, "device_end": -1}}, "empty44": {"write": {"device_start": 1585621511.6889513, "host_queued_start": 1585621578.057546, "device_queued": 1585621511.6888666, "device_end": 1585621511.6890109, "host_queued_end": 1585621578.081062}, "device": "gpu", "nd_range": {"device_start": 1585621511.6891077, "device_end": 1585621511.6891274}, "cmdq": 1, "read": {"device_start": -1, "device_end": -1}}, "coalesced_transpose21": {"write": {"device_start": -1, "host_queued_start": 1585621578.096308, "device_queued": -1, "device_end": -1, "host_queued_end": 1585621578.102355}, "device": "cpu", "nd_range": {"device_start": 2289352.33654512, "device_end": 2289352.336794544}, "cmdq": 2, "read": {"device_start": -1, "device_end": -1}}, "FFC_sans_bias36": {"write": {"device_start": 1585621511.689568, "host_queued_start": 1585621578.063573, "device_queued": 1585621511.6893945, "device_end": 1585621511.6896377, "host_queued_end": 1585621578.081062}, "device": "gpu", "nd_range": {"device_start": 1585621511.6896436, "device_end": 1585621511.691319}, "cmdq": 2, "read": {"device_start": -1, "device_end": -1}}, "softmax14": {"write": {"device_start": -1, "host_queued_start": 1585621578.097918, "device_queued": -1, "device_end": -1, "host_queued_end": 1585621578.102355}, "device": "cpu", "nd_range": {"device_start": 2289352.3328790963, "device_end": 2289352.3330961373}, "cmdq": 1, "read": {"device_start": -1, "device_end": -1}}, "FFC_sans_bias13": {"write": {"device_start": -1, "host_queued_start": 1585621578.097024, "device_queued": -1, "device_end": -1, "host_queued_end": 1585621578.102355}, "device": "cpu", "nd_range": {"device_start": 2289352.3220037133, "device_end": 2289352.33276087}, "cmdq": 1, "read": {"device_start": -1, "device_end": -1}}, "empty8": {"write": {"device_start": -1, "host_queued_start": 1585621578.082719, "device_queued": -1, "device_end": -1, "host_queued_end": 1585621578.102355}, "device": "cpu", "nd_range": {"device_start": 2289352.291942255, "device_end": 2289352.291955147}, "cmdq": 0, "read": {"device_start": -1, "device_end": -1}}, "FFC_sans_bias42": {"write": {"device_start": -1, "host_queued_start": 1585621578.076172, "device_queued": -1, "device_end": -1, "host_queued_end": 1585621578.081062}, "device": "gpu", "nd_range": {"device_start": 1585621511.6972375, "device_end": 1585621511.6982424}, "cmdq": 4, "read": {"device_start": -1, "device_end": -1}}, "FFC_sans_bias43": {"write": {"device_start": 1585621511.6979575, "host_queued_start": 1585621578.078881, "device_queued": 1585621511.6911733, "device_end": 1585621511.6979854, "host_queued_end": 1585621578.081062}, "device": "gpu", "nd_range": {"device_start": 1585621511.698446, "device_end": 1585621511.6992323}, "cmdq": 3, "read": {"device_start": 1585621511.6992402, "device_end": 1585621511.6992645}}, "FFC_sans_bias40": {"write": {"device_start": -1, "host_queued_start": 1585621578.073872, "device_queued": -1, "device_end": -1, "host_queued_end": 1585621578.081062}, "device": "gpu", "nd_range": {"device_start": 1585621511.6951911, "device_end": 1585621511.6961913}, "cmdq": 1, "read": {"device_start": -1, "device_end": -1}}, "softmax32": {"write": {"device_start": -1, "host_queued_start": 1585621578.074782, "device_queued": -1, "device_end": -1, "host_queued_end": 1585621578.081062}, "device": "gpu", "nd_range": {"device_start": 1585621511.6965988, "device_end": 1585621511.696975}, "cmdq": 4, "read": {"device_start": -1, "device_end": -1}}, "FFC_sans_bias47": {"write": {"device_start": 1585621511.6914387, "host_queued_start": 1585621578.068829, "device_queued": 1585621511.6898777, "device_end": 1585621511.6914709, "host_queued_end": 1585621578.081062}, "device": "gpu", "nd_range": {"device_start": 1585621511.691484, "device_end": 1585621511.6937456}, "cmdq": 2, "read": {"device_start": -1, "device_end": -1}}, "FFC_sans_bias45": {"write": {"device_start": 1585621511.6904047, "host_queued_start": 1585621578.06674, "device_queued": 1585621511.6897962, "device_end": 1585621511.6904302, "host_queued_end": 1585621578.081062}, "device": "gpu", "nd_range": {"device_start": 1585621511.6904345, "device_end": 1585621511.6927893}, "cmdq": 0, "read": {"device_start": -1, "device_end": -1}}, "softmax50": {"write": {"device_start": -1, "host_queued_start": 1585621578.07529, "device_queued": -1, "device_end": -1, "host_queued_end": 1585621578.081062}, "device": "gpu", "nd_range": {"device_start": 1585621511.6967733, "device_end": 1585621511.6972675}, "cmdq": 1, "read": {"device_start": -1, "device_end": -1}}, "FFC_sans_bias33": {"write": {"device_start": -1, "host_queued_start": 1585621578.075859, "device_queued": -1, "device_end": -1, "host_queued_end": 1585621578.081062}, "device": "gpu", "nd_range": {"device_start": 1585621511.6972318, "device_end": 1585621511.6978357}, "cmdq": 3, "read": {"device_start": -1, "device_end": -1}}, "FFC_sans_bias49": {"write": {"device_start": -1, "host_queued_start": 1585621578.074189, "device_queued": -1, "device_end": -1, "host_queued_end": 1585621578.081062}, "device": "gpu", "nd_range": {"device_start": 1585621511.6952019, "device_end": 1585621511.6967597}, "cmdq": 2, "read": {"device_start": -1, "device_end": -1}}, "FFC_sans_bias24": {"write": {"device_start": -1, "host_queued_start": 1585621578.099234, "device_queued": -1, "device_end": -1, "host_queued_end": 1585621578.102355}, "device": "cpu", "nd_range": {"device_start": 2289352.349693809, "device_end": 2289352.3683556383}, "cmdq": 2, "read": {"device_start": -1, "device_end": -1}}, "FFC_sans_bias25": {"write": {"device_start": -1, "host_queued_start": 1585621578.102312, "device_queued": -1, "device_end": -1, "host_queued_end": 1585621578.102355}, "device": "cpu", "nd_range": {"device_start": 2289352.3683729554, "device_end": 2289352.374120233}, "cmdq": 2, "read": {"device_start": -1, "device_end": -1}}, "FFC_sans_bias27": {"write": {"device_start": 1585621511.689235, "host_queued_start": 1585621578.060324, "device_queued": 1585621511.6890526, "device_end": 1585621511.6893063, "host_queued_end": 1585621578.081062}, "device": "gpu", "nd_range": {"device_start": 1585621511.6893103, "device_end": 1585621511.68991}, "cmdq": 4, "read": {"device_start": -1, "device_end": -1}}, "FFC_sans_bias20": {"write": {"device_start": -1, "host_queued_start": 1585621578.095305, "device_queued": -1, "device_end": -1, "host_queued_end": 1585621578.102355}, "device": "cpu", "nd_range": {"device_start": 2289352.32243451, "device_end": 2289352.336422755}, "cmdq": 2, "read": {"device_start": -1, "device_end": -1}}, "FFC_sans_bias22": {"write": {"device_start": -1, "host_queued_start": 1585621578.097372, "device_queued": -1, "device_end": -1, "host_queued_end": 1585621578.102355}, "device": "cpu", "nd_range": {"device_start": 2289352.336901579, "device_end": 2289352.349259578}, "cmdq": 2, "read": {"device_start": -1, "device_end": -1}}, "softmax5": {"write": {"device_start": -1, "host_queued_start": 1585621578.09765, "device_queued": -1, "device_end": -1, "host_queued_end": 1585621578.102355}, "device": "cpu", "nd_range": {"device_start": 2289352.3519073883, "device_end": 2289352.3521184823}, "cmdq": 0, "read": {"device_start": -1, "device_end": -1}}, "FFC_sans_bias28": {"write": {"device_start": 1585621511.6893222, "host_queued_start": 1585621578.061408, "device_queued": 1585621511.689181, "device_end": 1585621511.6893485, "host_queued_end": 1585621578.081062}, "device": "gpu", "nd_range": {"device_start": 1585621511.6893518, "device_end": 1585621511.6903248}, "cmdq": 0, "read": {"device_start": -1, "device_end": -1}}, "FFC_sans_bias29": {"write": {"device_start": 1585621511.6894772, "host_queued_start": 1585621578.06246, "device_queued": 1585621511.6893587, "device_end": 1585621511.689551, "host_queued_end": 1585621578.081062}, "device": "gpu", "nd_range": {"device_start": 1585621511.689619, "device_end": 1585621511.6908817}, "cmdq": 1, "read": {"device_start": -1, "device_end": -1}}, "empty17": {"write": {"device_start": -1, "host_queued_start": 1585621578.083915, "device_queued": -1, "device_end": -1, "host_queued_end": 1585621578.102355}, "device": "cpu", "nd_range": {"device_start": 2289352.291943518, "device_end": 2289352.2919551004}, "cmdq": 1, "read": {"device_start": -1, "device_end": -1}}, "softmax59": {"write": {"device_start": -1, "host_queued_start": 1585621578.075553, "device_queued": -1, "device_end": -1, "host_queued_end": 1585621578.081062}, "device": "gpu", "nd_range": {"device_start": 1585621511.697247, "device_end": 1585621511.6984372}, "cmdq": 2, "read": {"device_start": -1, "device_end": -1}}, "empty35": {"write": {"device_start": 1585621511.688841, "host_queued_start": 1585621578.056352, "device_queued": 1585621511.6887088, "device_end": 1585621511.6888683, "host_queued_end": 1585621578.081062}, "device": "gpu", "nd_range": {"device_start": 1585621511.6888726, "device_end": 1585621511.6888776}, "cmdq": 0, "read": {"device_start": -1, "device_end": -1}}, "empty53": {"write": {"device_start": 1585621511.689046, "host_queued_start": 1585621578.058461, "device_queued": 1585621511.6888845, "device_end": 1585621511.6891203, "host_queued_end": 1585621578.081062}, "device": "gpu", "nd_range": {"device_start": 1585621511.6891243, "device_end": 1585621511.6891289}, "cmdq": 2, "read": {"device_start": -1, "device_end": -1}}, "FFC_sans_bias46": {"write": {"device_start": 1585621511.6909692, "host_queued_start": 1585621578.067782, "device_queued": 1585621511.6898541, "device_end": 1585621511.6910012, "host_queued_end": 1585621578.081062}, "device": "gpu", "nd_range": {"device_start": 1585621511.6910086, "device_end": 1585621511.69329}, "cmdq": 1, "read": {"device_start": -1, "device_end": -1}}, "coalesced_transpose48": {"write": {"device_start": -1, "host_queued_start": 1585621578.072929, "device_queued": -1, "device_end": -1, "host_queued_end": 1585621578.081062}, "device": "gpu", "nd_range": {"device_start": 1585621511.6942725, "device_end": 1585621511.695104}, "cmdq": 3, "read": {"device_start": -1, "device_end": -1}}}