{"FFC_sans_bias60": {"write": {"device_start": -1, "host_queued_start": 1585621330.590007, "device_queued": -1, "device_end": -1, "host_queued_end": 1585621330.595439}, "device": "gpu", "nd_range": {"device_start": 1585621264.2214856, "device_end": 1585621264.2230048}, "cmdq": 0, "read": {"device_start": -1, "device_end": -1}}, "FFC_sans_bias4": {"write": {"device_start": -1, "host_queued_start": 1585621330.606504, "device_queued": -1, "device_end": -1, "host_queued_end": 1585621330.610673}, "device": "cpu", "nd_range": {"device_start": 2289104.8220655513, "device_end": 2289104.830354297}, "cmdq": 0, "read": {"device_start": -1, "device_end": -1}}, "FFC_sans_bias7": {"write": {"device_start": -1, "host_queued_start": 1585621330.609405, "device_queued": -1, "device_end": -1, "host_queued_end": 1585621330.610673}, "device": "cpu", "nd_range": {"device_start": 2289104.8454837212, "device_end": 2289104.85180028}, "cmdq": 0, "read": {"device_start": -1, "device_end": -1}}, "FFC_sans_bias6": {"write": {"device_start": -1, "host_queued_start": 1585621330.60778, "device_queued": -1, "device_end": -1, "host_queued_end": 1585621330.610673}, "device": "cpu", "nd_range": {"device_start": 2289104.8307870883, "device_end": 2289104.8454757202}, "cmdq": 0, "read": {"device_start": -1, "device_end": -1}}, "FFC_sans_bias1": {"write": {"device_start": -1, "host_queued_start": 1585621330.600801, "device_queued": -1, "device_end": -1, "host_queued_end": 1585621330.610673}, "device": "cpu", "nd_range": {"device_start": 2289104.8003743603, "device_end": 2289104.8098410913}, "cmdq": 1, "read": {"device_start": -1, "device_end": -1}}, "FFC_sans_bias0": {"write": {"device_start": -1, "host_queued_start": 1585621330.599507, "device_queued": -1, "device_end": -1, "host_queued_end": 1585621330.610673}, "device": "cpu", "nd_range": {"device_start": 2289104.8003101493, "device_end": 2289104.807087594}, "cmdq": 0, "read": {"device_start": -1, "device_end": -1}}, "FFC_sans_bias2": {"write": {"device_start": -1, "host_queued_start": 1585621330.602149, "device_queued": -1, "device_end": -1, "host_queued_end": 1585621330.610673}, "device": "cpu", "nd_range": {"device_start": 2289104.808069822, "device_end": 2289104.813908718}, "cmdq": 0, "read": {"device_start": -1, "device_end": -1}}, "FFC_sans_bias61": {"write": {"device_start": 1585621264.2236788, "host_queued_start": 1585621330.595337, "device_queued": 1585621264.2132711, "device_end": 1585621264.2237103, "host_queued_end": 1585621330.595439}, "device": "gpu", "nd_range": {"device_start": 1585621264.2237248, "device_end": 1585621264.2248986}, "cmdq": 2, "read": {"device_start": 1585621264.224903, "device_end": 1585621264.2249296}}, "FFC_sans_bias52": {"write": {"device_start": 1585621264.2241645, "host_queued_start": 1585621330.594281, "device_queued": 1585621264.2133234, "device_end": 1585621264.2241898, "host_queued_end": 1585621330.595439}, "device": "gpu", "nd_range": {"device_start": 1585621264.2241974, "device_end": 1585621264.2253838}, "cmdq": 1, "read": {"device_start": 1585621264.2253916, "device_end": 1585621264.2254152}}, "FFC_sans_bias9": {"write": {"device_start": -1, "host_queued_start": 1585621330.603383, "device_queued": -1, "device_end": -1, "host_queued_end": 1585621330.610673}, "device": "cpu", "nd_range": {"device_start": 2289104.809957224, "device_end": 2289104.817758826}, "cmdq": 1, "read": {"device_start": -1, "device_end": -1}}, "coalesced_transpose39": {"write": {"device_start": -1, "host_queued_start": 1585621330.584918, "device_queued": -1, "device_end": -1, "host_queued_end": 1585621330.595439}, "device": "gpu", "nd_range": {"device_start": 1585621264.2178338, "device_end": 1585621264.2178607}, "cmdq": 1, "read": {"device_start": -1, "device_end": -1}}, "FFC_sans_bias55": {"write": {"device_start": 1585621264.2165368, "host_queued_start": 1585621330.583958, "device_queued": 1585621264.211704, "device_end": 1585621264.2165706, "host_queued_end": 1585621330.595439}, "device": "gpu", "nd_range": {"device_start": 1585621264.2165751, "device_end": 1585621264.2178285}, "cmdq": 1, "read": {"device_start": -1, "device_end": -1}}, "FFC_sans_bias54": {"write": {"device_start": 1585621264.2160308, "host_queued_start": 1585621330.582891, "device_queued": 1585621264.2115033, "device_end": 1585621264.216062, "host_queued_end": 1585621330.595439}, "device": "gpu", "nd_range": {"device_start": 1585621264.216066, "device_end": 1585621264.217358}, "cmdq": 0, "read": {"device_start": -1, "device_end": -1}}, "FFC_sans_bias56": {"write": {"device_start": 1585621264.2155874, "host_queued_start": 1585621330.581815, "device_queued": 1585621264.211437, "device_end": 1585621264.2156188, "host_queued_end": 1585621330.595439}, "device": "gpu", "nd_range": {"device_start": 1585621264.215623, "device_end": 1585621264.2168744}, "cmdq": 2, "read": {"device_start": -1, "device_end": -1}}, "FFC_sans_bias51": {"write": {"device_start": -1, "host_queued_start": 1585621330.589688, "device_queued": -1, "device_end": -1, "host_queued_end": 1585621330.595439}, "device": "gpu", "nd_range": {"device_start": 1585621264.2210677, "device_end": 1585621264.2220297}, "cmdq": 2, "read": {"device_start": -1, "device_end": -1}}, "softmax23": {"write": {"device_start": -1, "host_queued_start": 1585621330.58742, "device_queued": -1, "device_end": -1, "host_queued_end": 1585621330.595439}, "device": "gpu", "nd_range": {"device_start": 1585621264.219432, "device_end": 1585621264.220411}, "cmdq": 0, "read": {"device_start": -1, "device_end": -1}}, "FFC_sans_bias37": {"write": {"device_start": 1585621264.2131436, "host_queued_start": 1585621330.576552, "device_queued": 1585621264.2109034, "device_end": 1585621264.2131753, "host_queued_end": 1585621330.595439}, "device": "gpu", "nd_range": {"device_start": 1585621264.213181, "device_end": 1585621264.2144725}, "cmdq": 0, "read": {"device_start": -1, "device_end": -1}}, "empty62": {"write": {"device_start": 1585621264.210274, "host_queued_start": 1585621330.568152, "device_queued": 1585621264.2101092, "device_end": 1585621264.2103596, "host_queued_end": 1585621330.595439}, "device": "gpu", "nd_range": {"device_start": 1585621264.210364, "device_end": 1585621264.2103703}, "cmdq": 1, "read": {"device_start": -1, "device_end": -1}}, "FFC_sans_bias58": {"write": {"device_start": -1, "host_queued_start": 1585621330.58717, "device_queued": -1, "device_end": -1, "host_queued_end": 1585621330.595439}, "device": "gpu", "nd_range": {"device_start": 1585621264.218458, "device_end": 1585621264.2198513}, "cmdq": 2, "read": {"device_start": -1, "device_end": -1}}, "softmax41": {"write": {"device_start": -1, "host_queued_start": 1585621330.587931, "device_queued": -1, "device_end": -1, "host_queued_end": 1585621330.595439}, "device": "gpu", "nd_range": {"device_start": 1585621264.2198591, "device_end": 1585621264.2204459}, "cmdq": 2, "read": {"device_start": -1, "device_end": -1}}, "FFC_sans_bias11": {"write": {"device_start": -1, "host_queued_start": 1585621330.605499, "device_queued": -1, "device_end": -1, "host_queued_end": 1585621330.610673}, "device": "cpu", "nd_range": {"device_start": 2289104.8178727403, "device_end": 2289104.829122608}, "cmdq": 1, "read": {"device_start": -1, "device_end": -1}}, "FFC_sans_bias10": {"write": {"device_start": -1, "host_queued_start": 1585621330.60444, "device_queued": -1, "device_end": -1, "host_queued_end": 1585621330.610673}, "device": "cpu", "nd_range": {"device_start": 2289104.8139226222, "device_end": 2289104.8215796473}, "cmdq": 0, "read": {"device_start": -1, "device_end": -1}}, "coalesced_transpose3": {"write": {"device_start": -1, "host_queued_start": 1585621330.605829, "device_queued": -1, "device_end": -1, "host_queued_end": 1585621330.610673}, "device": "cpu", "nd_range": {"device_start": 2289104.821710694, "device_end": 2289104.821949405}, "cmdq": 0, "read": {"device_start": -1, "device_end": -1}}, "FFC_sans_bias34": {"write": {"device_start": 1585621264.2221713, "host_queued_start": 1585621330.592172, "device_queued": 1585621264.2128222, "device_end": 1585621264.2221975, "host_queued_end": 1585621330.595439}, "device": "gpu", "nd_range": {"device_start": 1585621264.2222128, "device_end": 1585621264.2234476}, "cmdq": 2, "read": {"device_start": 1585621264.223456, "device_end": 1585621264.223481}}, "FFC_sans_bias15": {"write": {"device_start": -1, "host_queued_start": 1585621330.608123, "device_queued": -1, "device_end": -1, "host_queued_end": 1585621330.610673}, "device": "cpu", "nd_range": {"device_start": 2289104.836491413, "device_end": 2289104.843439526}, "cmdq": 1, "read": {"device_start": -1, "device_end": -1}}, "FFC_sans_bias31": {"write": {"device_start": -1, "host_queued_start": 1585621330.586181, "device_queued": -1, "device_end": -1, "host_queued_end": 1585621330.595439}, "device": "gpu", "nd_range": {"device_start": 1585621264.217846, "device_end": 1585621264.2184498}, "cmdq": 2, "read": {"device_start": -1, "device_end": -1}}, "FFC_sans_bias16": {"write": {"device_start": -1, "host_queued_start": 1585621330.610629, "device_queued": -1, "device_end": -1, "host_queued_end": 1585621330.610673}, "device": "cpu", "nd_range": {"device_start": 2289104.8435558253, "device_end": 2289104.849428274}, "cmdq": 1, "read": {"device_start": -1, "device_end": -1}}, "FFC_sans_bias19": {"write": {"device_start": 1585621264.2104926, "host_queued_start": 1585621330.570191, "device_queued": 1585621264.2102015, "device_end": 1585621264.210541, "host_queued_end": 1585621330.595439}, "device": "gpu", "nd_range": {"device_start": 1585621264.2105465, "device_end": 1585621264.2114992}, "cmdq": 0, "read": {"device_start": -1, "device_end": -1}}, "FFC_sans_bias18": {"write": {"device_start": 1585621264.210397, "host_queued_start": 1585621330.569133, "device_queued": 1585621264.2101302, "device_end": 1585621264.210483, "host_queued_end": 1585621330.595439}, "device": "gpu", "nd_range": {"device_start": 1585621264.210487, "device_end": 1585621264.2111006}, "cmdq": 2, "read": {"device_start": -1, "device_end": -1}}, "coalesced_transpose30": {"write": {"device_start": -1, "host_queued_start": 1585621330.584609, "device_queued": -1, "device_end": -1, "host_queued_end": 1585621330.595439}, "device": "gpu", "nd_range": {"device_start": 1585621264.2173593, "device_end": 1585621264.2177148}, "cmdq": 0, "read": {"device_start": -1, "device_end": -1}}, "FFC_sans_bias38": {"write": {"device_start": 1585621264.213601, "host_queued_start": 1585621330.577613, "device_queued": 1585621264.2110696, "device_end": 1585621264.213633, "host_queued_end": 1585621330.595439}, "device": "gpu", "nd_range": {"device_start": 1585621264.2136397, "device_end": 1585621264.2149277}, "cmdq": 1, "read": {"device_start": -1, "device_end": -1}}, "coalesced_transpose57": {"write": {"device_start": -1, "host_queued_start": 1585621330.585518, "device_queued": -1, "device_end": -1, "host_queued_end": 1585621330.595439}, "device": "gpu", "nd_range": {"device_start": 1585621264.217858, "device_end": 1585621264.2182672}, "cmdq": 0, "read": {"device_start": -1, "device_end": -1}}, "empty26": {"write": {"device_start": 1585621264.2097888, "host_queued_start": 1585621330.564324, "device_queued": 1585621264.2096636, "device_end": 1585621264.2098238, "host_queued_end": 1585621330.595439}, "device": "gpu", "nd_range": {"device_start": 1585621264.2098267, "device_end": 1585621264.209831}, "cmdq": 0, "read": {"device_start": -1, "device_end": -1}}, "coalesced_transpose12": {"write": {"device_start": -1, "host_queued_start": 1585621330.606159, "device_queued": -1, "device_end": -1, "host_queued_end": 1585621330.610673}, "device": "cpu", "nd_range": {"device_start": 2289104.82913116, "device_end": 2289104.8293891903}, "cmdq": 1, "read": {"device_start": -1, "device_end": -1}}, "empty44": {"write": {"device_start": 1585621264.2100527, "host_queued_start": 1585621330.566457, "device_queued": 1585621264.209851, "device_end": 1585621264.2100892, "host_queued_end": 1585621330.595439}, "device": "gpu", "nd_range": {"device_start": 1585621264.2101014, "device_end": 1585621264.210106}, "cmdq": 2, "read": {"device_start": -1, "device_end": -1}}, "coalesced_transpose21": {"write": {"device_start": -1, "host_queued_start": 1585621330.5843, "device_queued": -1, "device_end": -1, "host_queued_end": 1585621330.595439}, "device": "gpu", "nd_range": {"device_start": 1585621264.2168758, "device_end": 1585621264.2177048}, "cmdq": 2, "read": {"device_start": -1, "device_end": -1}}, "FFC_sans_bias36": {"write": {"device_start": 1585621264.212624, "host_queued_start": 1585621330.575487, "device_queued": 1585621264.2108371, "device_end": 1585621264.2126558, "host_queued_end": 1585621330.595439}, "device": "gpu", "nd_range": {"device_start": 1585621264.2126606, "device_end": 1585621264.2139697}, "cmdq": 2, "read": {"device_start": -1, "device_end": -1}}, "softmax14": {"write": {"device_start": -1, "host_queued_start": 1585621330.60744, "device_queued": -1, "device_end": -1, "host_queued_end": 1585621330.610673}, "device": "cpu", "nd_range": {"device_start": 2289104.836173648, "device_end": 2289104.8363821413}, "cmdq": 1, "read": {"device_start": -1, "device_end": -1}}, "FFC_sans_bias13": {"write": {"device_start": -1, "host_queued_start": 1585621330.606882, "device_queued": -1, "device_end": -1, "host_queued_end": 1585621330.610673}, "device": "cpu", "nd_range": {"device_start": 2289104.829395881, "device_end": 2289104.836052644}, "cmdq": 1, "read": {"device_start": -1, "device_end": -1}}, "empty8": {"write": {"device_start": -1, "host_queued_start": 1585621330.597036, "device_queued": -1, "device_end": -1, "host_queued_end": 1585621330.610673}, "device": "cpu", "nd_range": {"device_start": 2289104.800261797, "device_end": 2289104.800281863}, "cmdq": 0, "read": {"device_start": -1, "device_end": -1}}, "FFC_sans_bias42": {"write": {"device_start": -1, "host_queued_start": 1585621330.589365, "device_queued": -1, "device_end": -1, "host_queued_end": 1585621330.595439}, "device": "gpu", "nd_range": {"device_start": 1585621264.2212455, "device_end": 1585621264.2224529}, "cmdq": 1, "read": {"device_start": -1, "device_end": -1}}, "FFC_sans_bias43": {"write": {"device_start": 1585621264.2231293, "host_queued_start": 1585621330.593226, "device_queued": 1585621264.21302, "device_end": 1585621264.2231607, "host_queued_end": 1585621330.595439}, "device": "gpu", "nd_range": {"device_start": 1585621264.2231698, "device_end": 1585621264.224425}, "cmdq": 0, "read": {"device_start": 1585621264.22443, "device_end": 1585621264.224464}}, "FFC_sans_bias40": {"write": {"device_start": -1, "host_queued_start": 1585621330.586511, "device_queued": -1, "device_end": -1, "host_queued_end": 1585621330.595439}, "device": "gpu", "nd_range": {"device_start": 1585621264.218276, "device_end": 1585621264.2194247}, "cmdq": 0, "read": {"device_start": -1, "device_end": -1}}, "softmax32": {"write": {"device_start": -1, "host_queued_start": 1585621330.587671, "device_queued": -1, "device_end": -1, "host_queued_end": 1585621330.595439}, "device": "gpu", "nd_range": {"device_start": 1585621264.220346, "device_end": 1585621264.2206337}, "cmdq": 1, "read": {"device_start": -1, "device_end": -1}}, "FFC_sans_bias47": {"write": {"device_start": 1585621264.2150517, "host_queued_start": 1585621330.58077, "device_queued": 1585621264.2113047, "device_end": 1585621264.2150831, "host_queued_end": 1585621330.595439}, "device": "gpu", "nd_range": {"device_start": 1585621264.215088, "device_end": 1585621264.2164102}, "cmdq": 1, "read": {"device_start": -1, "device_end": -1}}, "FFC_sans_bias45": {"write": {"device_start": 1585621264.214076, "host_queued_start": 1585621330.578678, "device_queued": 1585621264.2110944, "device_end": 1585621264.2141085, "host_queued_end": 1585621330.595439}, "device": "gpu", "nd_range": {"device_start": 1585621264.2141156, "device_end": 1585621264.2154584}, "cmdq": 2, "read": {"device_start": -1, "device_end": -1}}, "softmax50": {"write": {"device_start": -1, "host_queued_start": 1585621330.588178, "device_queued": -1, "device_end": -1, "host_queued_end": 1585621330.595439}, "device": "gpu", "nd_range": {"device_start": 1585621264.2204187, "device_end": 1585621264.22077}, "cmdq": 0, "read": {"device_start": -1, "device_end": -1}}, "FFC_sans_bias33": {"write": {"device_start": -1, "host_queued_start": 1585621330.589045, "device_queued": -1, "device_end": -1, "host_queued_end": 1585621330.595439}, "device": "gpu", "nd_range": {"device_start": 1585621264.220778, "device_end": 1585621264.2214787}, "cmdq": 0, "read": {"device_start": -1, "device_end": -1}}, "FFC_sans_bias49": {"write": {"device_start": -1, "host_queued_start": 1585621330.586852, "device_queued": -1, "device_end": -1, "host_queued_end": 1585621330.595439}, "device": "gpu", "nd_range": {"device_start": 1585621264.21887, "device_end": 1585621264.220338}, "cmdq": 1, "read": {"device_start": -1, "device_end": -1}}, "FFC_sans_bias24": {"write": {"device_start": -1, "host_queued_start": 1585621330.588731, "device_queued": -1, "device_end": -1, "host_queued_end": 1585621330.595439}, "device": "gpu", "nd_range": {"device_start": 1585621264.2204533, "device_end": 1585621264.221061}, "cmdq": 2, "read": {"device_start": -1, "device_end": -1}}, "FFC_sans_bias25": {"write": {"device_start": 1585621264.2225814, "host_queued_start": 1585621330.591037, "device_queued": 1585621264.2129474, "device_end": 1585621264.2226136, "host_queued_end": 1585621330.595439}, "device": "gpu", "nd_range": {"device_start": 1585621264.22263, "device_end": 1585621264.2239413}, "cmdq": 1, "read": {"device_start": 1585621264.2239447, "device_end": 1585621264.2239716}}, "FFC_sans_bias27": {"write": {"device_start": 1585621264.2111857, "host_queued_start": 1585621330.572303, "device_queued": 1585621264.2104282, "device_end": 1585621264.2112155, "host_queued_end": 1585621330.595439}, "device": "gpu", "nd_range": {"device_start": 1585621264.2112215, "device_end": 1585621264.2124915}, "cmdq": 2, "read": {"device_start": -1, "device_end": -1}}, "FFC_sans_bias20": {"write": {"device_start": 1585621264.210599, "host_queued_start": 1585621330.571264, "device_queued": 1585621264.210407, "device_end": 1585621264.2106237, "host_queued_end": 1585621330.595439}, "device": "gpu", "nd_range": {"device_start": 1585621264.2106292, "device_end": 1585621264.212054}, "cmdq": 1, "read": {"device_start": -1, "device_end": -1}}, "FFC_sans_bias22": {"write": {"device_start": -1, "host_queued_start": 1585621330.585853, "device_queued": -1, "device_end": -1, "host_queued_end": 1585621330.595439}, "device": "gpu", "nd_range": {"device_start": 1585621264.2178707, "device_end": 1585621264.2188616}, "cmdq": 1, "read": {"device_start": -1, "device_end": -1}}, "softmax5": {"write": {"device_start": -1, "host_queued_start": 1585621330.607161, "device_queued": -1, "device_end": -1, "host_queued_end": 1585621330.610673}, "device": "cpu", "nd_range": {"device_start": 2289104.8304599733, "device_end": 2289104.83067739}, "cmdq": 0, "read": {"device_start": -1, "device_end": -1}}, "FFC_sans_bias28": {"write": {"device_start": 1585621264.211615, "host_queued_start": 1585621330.573338, "device_queued": 1585621264.210661, "device_end": 1585621264.211646, "host_queued_end": 1585621330.595439}, "device": "gpu", "nd_range": {"device_start": 1585621264.2116504, "device_end": 1585621264.2130163}, "cmdq": 0, "read": {"device_start": -1, "device_end": -1}}, "FFC_sans_bias29": {"write": {"device_start": 1585621264.212189, "host_queued_start": 1585621330.574391, "device_queued": 1585621264.210701, "device_end": 1585621264.2122202, "host_queued_end": 1585621330.595439}, "device": "gpu", "nd_range": {"device_start": 1585621264.2122238, "device_end": 1585621264.2134938}, "cmdq": 1, "read": {"device_start": -1, "device_end": -1}}, "empty17": {"write": {"device_start": -1, "host_queued_start": 1585621330.598175, "device_queued": -1, "device_end": -1, "host_queued_end": 1585621330.610673}, "device": "cpu", "nd_range": {"device_start": 2289104.8003558633, "device_end": 2289104.8003607444}, "cmdq": 1, "read": {"device_start": -1, "device_end": -1}}, "softmax59": {"write": {"device_start": -1, "host_queued_start": 1585621330.588421, "device_queued": -1, "device_end": -1, "host_queued_end": 1585621330.595439}, "device": "gpu", "nd_range": {"device_start": 1585621264.2206414, "device_end": 1585621264.221232}, "cmdq": 1, "read": {"device_start": -1, "device_end": -1}}, "empty35": {"write": {"device_start": 1585621264.2099257, "host_queued_start": 1585621330.565527, "device_queued": 1585621264.209827, "device_end": 1585621264.2099905, "host_queued_end": 1585621330.595439}, "device": "gpu", "nd_range": {"device_start": 1585621264.2100084, "device_end": 1585621264.2100136}, "cmdq": 1, "read": {"device_start": -1, "device_end": -1}}, "empty53": {"write": {"device_start": 1585621264.2101583, "host_queued_start": 1585621330.567337, "device_queued": 1585621264.2099066, "device_end": 1585621264.2102232, "host_queued_end": 1585621330.595439}, "device": "gpu", "nd_range": {"device_start": 1585621264.2102273, "device_end": 1585621264.2102325}, "cmdq": 0, "read": {"device_start": -1, "device_end": -1}}, "FFC_sans_bias46": {"write": {"device_start": 1585621264.2145774, "host_queued_start": 1585621330.579722, "device_queued": 1585621264.211258, "device_end": 1585621264.2146091, "host_queued_end": 1585621330.595439}, "device": "gpu", "nd_range": {"device_start": 1585621264.214619, "device_end": 1585621264.2159076}, "cmdq": 0, "read": {"device_start": -1, "device_end": -1}}, "coalesced_transpose48": {"write": {"device_start": -1, "host_queued_start": 1585621330.585223, "device_queued": -1, "device_end": -1, "host_queued_end": 1585621330.595439}, "device": "gpu", "nd_range": {"device_start": 1585621264.217712, "device_end": 1585621264.2177312}, "cmdq": 2, "read": {"device_start": -1, "device_end": -1}}}