{"FFC_sans_bias60": {"write": {"device_start": -1, "host_queued_start": 1585621147.208383, "device_queued": -1, "device_end": -1, "host_queued_end": 1585621147.215915}, "device": "gpu", "nd_range": {"device_start": 1585621080.8609333, "device_end": 1585621080.8615353}, "cmdq": 0, "read": {"device_start": -1, "device_end": -1}}, "FFC_sans_bias4": {"write": {"device_start": -1, "host_queued_start": 1585621147.20232, "device_queued": -1, "device_end": -1, "host_queued_end": 1585621147.215915}, "device": "gpu", "nd_range": {"device_start": 1585621080.851646, "device_end": 1585621080.8522403}, "cmdq": 0, "read": {"device_start": -1, "device_end": -1}}, "FFC_sans_bias7": {"write": {"device_start": 1585621080.861655, "host_queued_start": 1585621147.20941, "device_queued": 1585621080.8392105, "device_end": 1585621080.8616834, "host_queued_end": 1585621147.215915}, "device": "gpu", "nd_range": {"device_start": 1585621080.8616912, "device_end": 1585621080.8622906}, "cmdq": 0, "read": {"device_start": 1585621080.862295, "device_end": 1585621080.8623188}}, "FFC_sans_bias6": {"write": {"device_start": -1, "host_queued_start": 1585621147.20645, "device_queued": -1, "device_end": -1, "host_queued_end": 1585621147.215915}, "device": "gpu", "nd_range": {"device_start": 1585621080.8573272, "device_end": 1585621080.8579257}, "cmdq": 0, "read": {"device_start": -1, "device_end": -1}}, "FFC_sans_bias1": {"write": {"device_start": 1585621080.8369262, "host_queued_start": 1585621147.179586, "device_queued": 1585621080.8360298, "device_end": 1585621080.8369577, "host_queued_end": 1585621147.215915}, "device": "gpu", "nd_range": {"device_start": 1585621080.8369646, "device_end": 1585621080.8375628}, "cmdq": 0, "read": {"device_start": -1, "device_end": -1}}, "FFC_sans_bias0": {"write": {"device_start": 1585621080.8361952, "host_queued_start": 1585621147.178499, "device_queued": 1585621080.8357897, "device_end": 1585621080.8362188, "host_queued_end": 1585621147.215915}, "device": "gpu", "nd_range": {"device_start": 1585621080.8362274, "device_end": 1585621080.8368285}, "cmdq": 0, "read": {"device_start": -1, "device_end": -1}}, "FFC_sans_bias2": {"write": {"device_start": 1585621080.8376513, "host_queued_start": 1585621147.180641, "device_queued": 1585621080.8360698, "device_end": 1585621080.8376803, "host_queued_end": 1585621147.215915}, "device": "gpu", "nd_range": {"device_start": 1585621080.8376865, "device_end": 1585621080.8382719}, "cmdq": 0, "read": {"device_start": -1, "device_end": -1}}, "FFC_sans_bias61": {"write": {"device_start": 1585621080.8666186, "host_queued_start": 1585621147.215804, "device_queued": 1585621080.839905, "device_end": 1585621080.866648, "host_queued_end": 1585621147.215915}, "device": "gpu", "nd_range": {"device_start": 1585621080.8666534, "device_end": 1585621080.8672514}, "cmdq": 0, "read": {"device_start": 1585621080.8672597, "device_end": 1585621080.867282}}, "FFC_sans_bias52": {"write": {"device_start": 1585621080.8658702, "host_queued_start": 1585621147.214731, "device_queued": 1585621080.8397255, "device_end": 1585621080.8658996, "host_queued_end": 1585621147.215915}, "device": "gpu", "nd_range": {"device_start": 1585621080.8659146, "device_end": 1585621080.866416}, "cmdq": 0, "read": {"device_start": 1585621080.8664253, "device_end": 1585621080.8664477}}, "FFC_sans_bias9": {"write": {"device_start": 1585621080.8384202, "host_queued_start": 1585621147.181679, "device_queued": 1585621080.8362489, "device_end": 1585621080.8384445, "host_queued_end": 1585621147.215915}, "device": "gpu", "nd_range": {"device_start": 1585621080.8384516, "device_end": 1585621080.8390503}, "cmdq": 0, "read": {"device_start": -1, "device_end": -1}}, "coalesced_transpose39": {"write": {"device_start": -1, "host_queued_start": 1585621147.201378, "device_queued": -1, "device_end": -1, "host_queued_end": 1585621147.215915}, "device": "gpu", "nd_range": {"device_start": 1585621080.8516173, "device_end": 1585621080.8516262}, "cmdq": 0, "read": {"device_start": -1, "device_end": -1}}, "FFC_sans_bias55": {"write": {"device_start": 1585621080.8509448, "host_queued_start": 1585621147.199802, "device_queued": 1585621080.8378222, "device_end": 1585621080.8509748, "host_queued_end": 1585621147.215915}, "device": "gpu", "nd_range": {"device_start": 1585621080.8509774, "device_end": 1585621080.851577}, "cmdq": 0, "read": {"device_start": -1, "device_end": -1}}, "FFC_sans_bias54": {"write": {"device_start": 1585621080.850179, "host_queued_start": 1585621147.198758, "device_queued": 1585621080.837759, "device_end": 1585621080.8502092, "host_queued_end": 1585621147.215915}, "device": "gpu", "nd_range": {"device_start": 1585621080.8502166, "device_end": 1585621080.8508272}, "cmdq": 0, "read": {"device_start": -1, "device_end": -1}}, "FFC_sans_bias56": {"write": {"device_start": 1585621080.849427, "host_queued_start": 1585621147.1977, "device_queued": 1585621080.8376167, "device_end": 1585621080.8494575, "host_queued_end": 1585621147.215915}, "device": "gpu", "nd_range": {"device_start": 1585621080.8494608, "device_end": 1585621080.850061}, "cmdq": 0, "read": {"device_start": -1, "device_end": -1}}, "FFC_sans_bias51": {"write": {"device_start": -1, "host_queued_start": 1585621147.208058, "device_queued": -1, "device_end": -1, "host_queued_end": 1585621147.215915}, "device": "gpu", "nd_range": {"device_start": 1585621080.860333, "device_end": 1585621080.860932}, "cmdq": 0, "read": {"device_start": -1, "device_end": -1}}, "softmax23": {"write": {"device_start": -1, "host_queued_start": 1585621147.205117, "device_queued": -1, "device_end": -1, "host_queued_end": 1585621147.215915}, "device": "gpu", "nd_range": {"device_start": 1585621080.8562667, "device_end": 1585621080.8564768}, "cmdq": 0, "read": {"device_start": -1, "device_end": -1}}, "FFC_sans_bias37": {"write": {"device_start": 1585621080.8456364, "host_queued_start": 1585621147.19237, "device_queued": 1585621080.8371334, "device_end": 1585621080.8456664, "host_queued_end": 1585621147.215915}, "device": "gpu", "nd_range": {"device_start": 1585621080.845673, "device_end": 1585621080.8462837}, "cmdq": 0, "read": {"device_start": -1, "device_end": -1}}, "empty62": {"write": {"device_start": 1585621080.8360918, "host_queued_start": 1585621147.177516, "device_queued": 1585621080.835755, "device_end": 1585621080.8361156, "host_queued_end": 1585621147.215915}, "device": "gpu", "nd_range": {"device_start": 1585621080.8361208, "device_end": 1585621080.8361247}, "cmdq": 0, "read": {"device_start": -1, "device_end": -1}}, "FFC_sans_bias58": {"write": {"device_start": -1, "host_queued_start": 1585621147.204268, "device_queued": -1, "device_end": -1, "host_queued_end": 1585621147.215915}, "device": "gpu", "nd_range": {"device_start": 1585621080.8552387, "device_end": 1585621080.8558383}, "cmdq": 0, "read": {"device_start": -1, "device_end": -1}}, "softmax41": {"write": {"device_start": -1, "host_queued_start": 1585621147.205615, "device_queued": -1, "device_end": -1, "host_queued_end": 1585621147.215915}, "device": "gpu", "nd_range": {"device_start": 1585621080.8566892, "device_end": 1585621080.8568993}, "cmdq": 0, "read": {"device_start": -1, "device_end": -1}}, "FFC_sans_bias11": {"write": {"device_start": 1585621080.8399389, "host_queued_start": 1585621147.183823, "device_queued": 1585621080.8364024, "device_end": 1585621080.8399637, "host_queued_end": 1585621147.215915}, "device": "gpu", "nd_range": {"device_start": 1585621080.8399673, "device_end": 1585621080.8405569}, "cmdq": 0, "read": {"device_start": -1, "device_end": -1}}, "FFC_sans_bias10": {"write": {"device_start": 1585621080.839174, "host_queued_start": 1585621147.182772, "device_queued": 1585621080.8362787, "device_end": 1585621080.839203, "host_queued_end": 1585621147.215915}, "device": "gpu", "nd_range": {"device_start": 1585621080.839206, "device_end": 1585621080.8398154}, "cmdq": 0, "read": {"device_start": -1, "device_end": -1}}, "coalesced_transpose3": {"write": {"device_start": -1, "host_queued_start": 1585621147.200144, "device_queued": -1, "device_end": -1, "host_queued_end": 1585621147.215915}, "device": "gpu", "nd_range": {"device_start": 1585621080.851578, "device_end": 1585621080.8515866}, "cmdq": 0, "read": {"device_start": -1, "device_end": -1}}, "FFC_sans_bias34": {"write": {"device_start": 1585621080.8641765, "host_queued_start": 1585621147.212609, "device_queued": 1585621080.8395016, "device_end": 1585621080.8642058, "host_queued_end": 1585621147.215915}, "device": "gpu", "nd_range": {"device_start": 1585621080.8642209, "device_end": 1585621080.8648188}, "cmdq": 0, "read": {"device_start": 1585621080.8648226, "device_end": 1585621080.8648458}}, "FFC_sans_bias15": {"write": {"device_start": -1, "host_queued_start": 1585621147.206775, "device_queued": -1, "device_end": -1, "host_queued_end": 1585621147.215915}, "device": "gpu", "nd_range": {"device_start": 1585621080.857927, "device_end": 1585621080.8585284}, "cmdq": 0, "read": {"device_start": -1, "device_end": -1}}, "FFC_sans_bias31": {"write": {"device_start": -1, "host_queued_start": 1585621147.203297, "device_queued": -1, "device_end": -1, "host_queued_end": 1585621147.215915}, "device": "gpu", "nd_range": {"device_start": 1585621080.853438, "device_end": 1585621080.8540363}, "cmdq": 0, "read": {"device_start": -1, "device_end": -1}}, "FFC_sans_bias16": {"write": {"device_start": 1585621080.8624964, "host_queued_start": 1585621147.210474, "device_queued": 1585621080.839286, "device_end": 1585621080.8625264, "host_queued_end": 1585621147.215915}, "device": "gpu", "nd_range": {"device_start": 1585621080.862531, "device_end": 1585621080.863127}, "cmdq": 0, "read": {"device_start": 1585621080.8631344, "device_end": 1585621080.8631568}}, "FFC_sans_bias19": {"write": {"device_start": 1585621080.84143, "host_queued_start": 1585621147.185979, "device_queued": 1585621080.8365524, "device_end": 1585621080.84146, "host_queued_end": 1585621147.215915}, "device": "gpu", "nd_range": {"device_start": 1585621080.8414633, "device_end": 1585621080.841961}, "cmdq": 0, "read": {"device_start": -1, "device_end": -1}}, "FFC_sans_bias18": {"write": {"device_start": 1585621080.840675, "host_queued_start": 1585621147.184919, "device_queued": 1585621080.8364313, "device_end": 1585621080.8407059, "host_queued_end": 1585621147.215915}, "device": "gpu", "nd_range": {"device_start": 1585621080.8407097, "device_end": 1585621080.8413093}, "cmdq": 0, "read": {"device_start": -1, "device_end": -1}}, "coalesced_transpose30": {"write": {"device_start": -1, "host_queued_start": 1585621147.201072, "device_queued": -1, "device_end": -1, "host_queued_end": 1585621147.215915}, "device": "gpu", "nd_range": {"device_start": 1585621080.8516076, "device_end": 1585621080.8516164}, "cmdq": 0, "read": {"device_start": -1, "device_end": -1}}, "FFC_sans_bias38": {"write": {"device_start": 1585621080.8464015, "host_queued_start": 1585621147.193436, "device_queued": 1585621080.8371947, "device_end": 1585621080.8464308, "host_queued_end": 1585621147.215915}, "device": "gpu", "nd_range": {"device_start": 1585621080.846434, "device_end": 1585621080.8470333}, "cmdq": 0, "read": {"device_start": -1, "device_end": -1}}, "coalesced_transpose57": {"write": {"device_start": -1, "host_queued_start": 1585621147.201988, "device_queued": -1, "device_end": -1, "host_queued_end": 1585621147.215915}, "device": "gpu", "nd_range": {"device_start": 1585621080.8516366, "device_end": 1585621080.851645}, "cmdq": 0, "read": {"device_start": -1, "device_end": -1}}, "empty26": {"write": {"device_start": 1585621080.8355653, "host_queued_start": 1585621147.174162, "device_queued": 1585621080.83535, "device_end": 1585621080.8355892, "host_queued_end": 1585621147.215915}, "device": "gpu", "nd_range": {"device_start": 1585621080.835597, "device_end": 1585621080.8356009}, "cmdq": 0, "read": {"device_start": -1, "device_end": -1}}, "coalesced_transpose12": {"write": {"device_start": -1, "host_queued_start": 1585621147.200457, "device_queued": -1, "device_end": -1, "host_queued_end": 1585621147.215915}, "device": "gpu", "nd_range": {"device_start": 1585621080.8515878, "device_end": 1585621080.8515964}, "cmdq": 0, "read": {"device_start": -1, "device_end": -1}}, "empty44": {"write": {"device_start": 1585621080.8358245, "host_queued_start": 1585621147.175865, "device_queued": 1585621080.835666, "device_end": 1585621080.8358483, "host_queued_end": 1585621147.215915}, "device": "gpu", "nd_range": {"device_start": 1585621080.835857, "device_end": 1585621080.8358603}, "cmdq": 0, "read": {"device_start": -1, "device_end": -1}}, "coalesced_transpose21": {"write": {"device_start": -1, "host_queued_start": 1585621147.200767, "device_queued": -1, "device_end": -1, "host_queued_end": 1585621147.215915}, "device": "gpu", "nd_range": {"device_start": 1585621080.8515985, "device_end": 1585621080.8516066}, "cmdq": 0, "read": {"device_start": -1, "device_end": -1}}, "FFC_sans_bias36": {"write": {"device_start": 1585621080.844889, "host_queued_start": 1585621147.191316, "device_queued": 1585621080.8369262, "device_end": 1585621080.8449185, "host_queued_end": 1585621147.215915}, "device": "gpu", "nd_range": {"device_start": 1585621080.8449216, "device_end": 1585621080.8455238}, "cmdq": 0, "read": {"device_start": -1, "device_end": -1}}, "softmax14": {"write": {"device_start": -1, "host_queued_start": 1585621147.204862, "device_queued": -1, "device_end": -1, "host_queued_end": 1585621147.215915}, "device": "gpu", "nd_range": {"device_start": 1585621080.8560555, "device_end": 1585621080.8562655}, "cmdq": 0, "read": {"device_start": -1, "device_end": -1}}, "FFC_sans_bias13": {"write": {"device_start": -1, "host_queued_start": 1585621147.202645, "device_queued": -1, "device_end": -1, "host_queued_end": 1585621147.215915}, "device": "gpu", "nd_range": {"device_start": 1585621080.8522413, "device_end": 1585621080.8528407}, "cmdq": 0, "read": {"device_start": -1, "device_end": -1}}, "empty8": {"write": {"device_start": 1585621080.8352516, "host_queued_start": 1585621147.172129, "device_queued": 1585621080.8351178, "device_end": 1585621080.8352854, "host_queued_end": 1585621147.215915}, "device": "gpu", "nd_range": {"device_start": 1585621080.8352947, "device_end": 1585621080.8352995}, "cmdq": 0, "read": {"device_start": -1, "device_end": -1}}, "FFC_sans_bias42": {"write": {"device_start": -1, "host_queued_start": 1585621147.207737, "device_queued": -1, "device_end": -1, "host_queued_end": 1585621147.215915}, "device": "gpu", "nd_range": {"device_start": 1585621080.8597326, "device_end": 1585621080.8603315}, "cmdq": 0, "read": {"device_start": -1, "device_end": -1}}, "FFC_sans_bias43": {"write": {"device_start": 1585621080.8650234, "host_queued_start": 1585621147.21367, "device_queued": 1585621080.8396542, "device_end": 1585621080.8650532, "host_queued_end": 1585621147.215915}, "device": "gpu", "nd_range": {"device_start": 1585621080.865068, "device_end": 1585621080.865664}, "cmdq": 0, "read": {"device_start": 1585621080.8656685, "device_end": 1585621080.865691}}, "FFC_sans_bias40": {"write": {"device_start": -1, "host_queued_start": 1585621147.203631, "device_queued": -1, "device_end": -1, "host_queued_end": 1585621147.215915}, "device": "gpu", "nd_range": {"device_start": 1585621080.8540373, "device_end": 1585621080.8546345}, "cmdq": 0, "read": {"device_start": -1, "device_end": -1}}, "softmax32": {"write": {"device_start": -1, "host_queued_start": 1585621147.205367, "device_queued": -1, "device_end": -1, "host_queued_end": 1585621147.215915}, "device": "gpu", "nd_range": {"device_start": 1585621080.8564777, "device_end": 1585621080.8566878}, "cmdq": 0, "read": {"device_start": -1, "device_end": -1}}, "FFC_sans_bias47": {"write": {"device_start": 1585621080.8486674, "host_queued_start": 1585621147.196653, "device_queued": 1585621080.8375766, "device_end": 1585621080.8486977, "host_queued_end": 1585621147.215915}, "device": "gpu", "nd_range": {"device_start": 1585621080.848705, "device_end": 1585621080.8493152}, "cmdq": 0, "read": {"device_start": -1, "device_end": -1}}, "FFC_sans_bias45": {"write": {"device_start": 1585621080.847151, "host_queued_start": 1585621147.19449, "device_queued": 1585621080.837356, "device_end": 1585621080.8471808, "host_queued_end": 1585621147.215915}, "device": "gpu", "nd_range": {"device_start": 1585621080.8471885, "device_end": 1585621080.8477988}, "cmdq": 0, "read": {"device_start": -1, "device_end": -1}}, "softmax50": {"write": {"device_start": -1, "host_queued_start": 1585621147.205864, "device_queued": -1, "device_end": -1, "host_queued_end": 1585621147.215915}, "device": "gpu", "nd_range": {"device_start": 1585621080.8569002, "device_end": 1585621080.8571122}, "cmdq": 0, "read": {"device_start": -1, "device_end": -1}}, "FFC_sans_bias33": {"write": {"device_start": -1, "host_queued_start": 1585621147.207416, "device_queued": -1, "device_end": -1, "host_queued_end": 1585621147.215915}, "device": "gpu", "nd_range": {"device_start": 1585621080.8591316, "device_end": 1585621080.8597312}, "cmdq": 0, "read": {"device_start": -1, "device_end": -1}}, "FFC_sans_bias49": {"write": {"device_start": -1, "host_queued_start": 1585621147.203949, "device_queued": -1, "device_end": -1, "host_queued_end": 1585621147.215915}, "device": "gpu", "nd_range": {"device_start": 1585621080.8546357, "device_end": 1585621080.8552368}, "cmdq": 0, "read": {"device_start": -1, "device_end": -1}}, "FFC_sans_bias24": {"write": {"device_start": -1, "host_queued_start": 1585621147.207091, "device_queued": -1, "device_end": -1, "host_queued_end": 1585621147.215915}, "device": "gpu", "nd_range": {"device_start": 1585621080.8585293, "device_end": 1585621080.8591301}, "cmdq": 0, "read": {"device_start": -1, "device_end": -1}}, "FFC_sans_bias25": {"write": {"device_start": 1585621080.8633294, "host_queued_start": 1585621147.211544, "device_queued": 1585621080.8394415, "device_end": 1585621080.8633587, "host_queued_end": 1585621147.215915}, "device": "gpu", "nd_range": {"device_start": 1585621080.8633745, "device_end": 1585621080.8639712}, "cmdq": 0, "read": {"device_start": 1585621080.8639758, "device_end": 1585621080.8639984}}, "FFC_sans_bias27": {"write": {"device_start": 1585621080.8428266, "host_queued_start": 1585621147.188122, "device_queued": 1585621080.8367043, "device_end": 1585621080.842857, "host_queued_end": 1585621147.215915}, "device": "gpu", "nd_range": {"device_start": 1585621080.8428602, "device_end": 1585621080.843369}, "cmdq": 0, "read": {"device_start": -1, "device_end": -1}}, "FFC_sans_bias20": {"write": {"device_start": 1585621080.84208, "host_queued_start": 1585621147.187073, "device_queued": 1585621080.8365824, "device_end": 1585621080.8421094, "host_queued_end": 1585621147.215915}, "device": "gpu", "nd_range": {"device_start": 1585621080.8421125, "device_end": 1585621080.8427086}, "cmdq": 0, "read": {"device_start": -1, "device_end": -1}}, "FFC_sans_bias22": {"write": {"device_start": -1, "host_queued_start": 1585621147.20297, "device_queued": -1, "device_end": -1, "host_queued_end": 1585621147.215915}, "device": "gpu", "nd_range": {"device_start": 1585621080.8528419, "device_end": 1585621080.8534365}, "cmdq": 0, "read": {"device_start": -1, "device_end": -1}}, "softmax5": {"write": {"device_start": -1, "host_queued_start": 1585621147.204527, "device_queued": -1, "device_end": -1, "host_queued_end": 1585621147.215915}, "device": "gpu", "nd_range": {"device_start": 1585621080.8558395, "device_end": 1585621080.856054}, "cmdq": 0, "read": {"device_start": -1, "device_end": -1}}, "FFC_sans_bias28": {"write": {"device_start": 1585621080.843487, "host_queued_start": 1585621147.189164, "device_queued": 1585621080.8367343, "device_end": 1585621080.8435168, "host_queued_end": 1585621147.215915}, "device": "gpu", "nd_range": {"device_start": 1585621080.8435202, "device_end": 1585621080.844118}, "cmdq": 0, "read": {"device_start": -1, "device_end": -1}}, "FFC_sans_bias29": {"write": {"device_start": 1585621080.8442357, "host_queued_start": 1585621147.190221, "device_queued": 1585621080.8368757, "device_end": 1585621080.844266, "host_queued_end": 1585621147.215915}, "device": "gpu", "nd_range": {"device_start": 1585621080.844269, "device_end": 1585621080.8447704}, "cmdq": 0, "read": {"device_start": -1, "device_end": -1}}, "empty17": {"write": {"device_start": 1585621080.835421, "host_queued_start": 1585621147.173339, "device_queued": 1585621080.8352928, "device_end": 1585621080.8354454, "host_queued_end": 1585621147.215915}, "device": "gpu", "nd_range": {"device_start": 1585621080.835454, "device_end": 1585621080.8354576}, "cmdq": 0, "read": {"device_start": -1, "device_end": -1}}, "softmax59": {"write": {"device_start": -1, "host_queued_start": 1585621147.206132, "device_queued": -1, "device_end": -1, "host_queued_end": 1585621147.215915}, "device": "gpu", "nd_range": {"device_start": 1585621080.8571134, "device_end": 1585621080.8573263}, "cmdq": 0, "read": {"device_start": -1, "device_end": -1}}, "empty35": {"write": {"device_start": 1585621080.8356953, "host_queued_start": 1585621147.175053, "device_queued": 1585621080.8353894, "device_end": 1585621080.8357198, "host_queued_end": 1585621147.215915}, "device": "gpu", "nd_range": {"device_start": 1585621080.8357286, "device_end": 1585621080.8357322}, "cmdq": 0, "read": {"device_start": -1, "device_end": -1}}, "empty53": {"write": {"device_start": 1585621080.8359535, "host_queued_start": 1585621147.1767, "device_queued": 1585621080.8357122, "device_end": 1585621080.8359823, "host_queued_end": 1585621147.215915}, "device": "gpu", "nd_range": {"device_start": 1585621080.8359869, "device_end": 1585621080.8359904}, "cmdq": 0, "read": {"device_start": -1, "device_end": -1}}, "FFC_sans_bias46": {"write": {"device_start": 1585621080.847918, "host_queued_start": 1585621147.195581, "device_queued": 1585621080.837419, "device_end": 1585621080.8479474, "host_queued_end": 1585621147.215915}, "device": "gpu", "nd_range": {"device_start": 1585621080.8479505, "device_end": 1585621080.8485491}, "cmdq": 0, "read": {"device_start": -1, "device_end": -1}}, "coalesced_transpose48": {"write": {"device_start": -1, "host_queued_start": 1585621147.201686, "device_queued": -1, "device_end": -1, "host_queued_end": 1585621147.215915}, "device": "gpu", "nd_range": {"device_start": 1585621080.8516273, "device_end": 1585621080.8516355}, "cmdq": 0, "read": {"device_start": -1, "device_end": -1}}}