{"FFC_sans_bias60": {"write": {"device_start": -1, "host_queued_start": 1585621110.760489, "device_queued": -1, "device_end": -1, "host_queued_end": 1585621110.764741}, "device": "gpu", "nd_range": {"device_start": 1585621044.3998497, "device_end": 1585621044.4004457}, "cmdq": 0, "read": {"device_start": -1, "device_end": -1}}, "FFC_sans_bias4": {"write": {"device_start": -1, "host_queued_start": 1585621110.779826, "device_queued": -1, "device_end": -1, "host_queued_end": 1585621110.785896}, "device": "cpu", "nd_range": {"device_start": 2288885.0217318693, "device_end": 2288885.028410409}, "cmdq": 1, "read": {"device_start": -1, "device_end": -1}}, "FFC_sans_bias7": {"write": {"device_start": -1, "host_queued_start": 1585621110.783792, "device_queued": -1, "device_end": -1, "host_queued_end": 1585621110.785896}, "device": "cpu", "nd_range": {"device_start": 2288885.051942827, "device_end": 2288885.0649006953}, "cmdq": 0, "read": {"device_start": -1, "device_end": -1}}, "FFC_sans_bias6": {"write": {"device_start": -1, "host_queued_start": 1585621110.781807, "device_queued": -1, "device_end": -1, "host_queued_end": 1585621110.785896}, "device": "cpu", "nd_range": {"device_start": 2288885.040288697, "device_end": 2288885.04880174}, "cmdq": 1, "read": {"device_start": -1, "device_end": -1}}, "FFC_sans_bias1": {"write": {"device_start": -1, "host_queued_start": 1585621110.770512, "device_queued": -1, "device_end": -1, "host_queued_end": 1585621110.785896}, "device": "cpu", "nd_range": {"device_start": 2288884.975521297, "device_end": 2288884.984260443}, "cmdq": 0, "read": {"device_start": -1, "device_end": -1}}, "FFC_sans_bias0": {"write": {"device_start": -1, "host_queued_start": 1585621110.769407, "device_queued": -1, "device_end": -1, "host_queued_end": 1585621110.785896}, "device": "cpu", "nd_range": {"device_start": 2288884.9755128953, "device_end": 2288884.9828712693}, "cmdq": 1, "read": {"device_start": -1, "device_end": -1}}, "FFC_sans_bias2": {"write": {"device_start": -1, "host_queued_start": 1585621110.771742, "device_queued": -1, "device_end": -1, "host_queued_end": 1585621110.785896}, "device": "cpu", "nd_range": {"device_start": 2288884.982994658, "device_end": 2288884.988697967}, "cmdq": 1, "read": {"device_start": -1, "device_end": -1}}, "FFC_sans_bias61": {"write": {"device_start": 1585621044.4031708, "host_queued_start": 1585621110.764642, "device_queued": 1585621044.3877192, "device_end": 1585621044.4032004, "host_queued_end": 1585621110.764741}, "device": "gpu", "nd_range": {"device_start": 1585621044.4032087, "device_end": 1585621044.4037993}, "cmdq": 0, "read": {"device_start": 1585621044.4038064, "device_end": 1585621044.4038293}}, "FFC_sans_bias52": {"write": {"device_start": 1585621044.4023125, "host_queued_start": 1585621110.763603, "device_queued": 1585621044.3876579, "device_end": 1585621044.4023376, "host_queued_end": 1585621110.764741}, "device": "gpu", "nd_range": {"device_start": 1585621044.402346, "device_end": 1585621044.4029412}, "cmdq": 0, "read": {"device_start": 1585621044.4029434, "device_end": 1585621044.4029663}}, "FFC_sans_bias9": {"write": {"device_start": -1, "host_queued_start": 1585621110.772889, "device_queued": -1, "device_end": -1, "host_queued_end": 1585621110.785896}, "device": "cpu", "nd_range": {"device_start": 2288884.9843636192, "device_end": 2288884.992881527}, "cmdq": 0, "read": {"device_start": -1, "device_end": -1}}, "coalesced_transpose39": {"write": {"device_start": -1, "host_queued_start": 1585621110.75633, "device_queued": -1, "device_end": -1, "host_queued_end": 1585621110.764741}, "device": "gpu", "nd_range": {"device_start": 1585621044.39475, "device_end": 1585621044.3947585}, "cmdq": 0, "read": {"device_start": -1, "device_end": -1}}, "FFC_sans_bias55": {"write": {"device_start": 1585621044.3941119, "host_queued_start": 1585621110.755697, "device_queued": 1585621044.3866003, "device_end": 1585621044.3941345, "host_queued_end": 1585621110.764741}, "device": "gpu", "nd_range": {"device_start": 1585621044.3941402, "device_end": 1585621044.3947396}, "cmdq": 0, "read": {"device_start": -1, "device_end": -1}}, "FFC_sans_bias54": {"write": {"device_start": 1585621044.3933654, "host_queued_start": 1585621110.754662, "device_queued": 1585621044.3865502, "device_end": 1585621044.3933969, "host_queued_end": 1585621110.764741}, "device": "gpu", "nd_range": {"device_start": 1585621044.393404, "device_end": 1585621044.3940058}, "cmdq": 0, "read": {"device_start": -1, "device_end": -1}}, "FFC_sans_bias56": {"write": {"device_start": 1585621044.3926096, "host_queued_start": 1585621110.753591, "device_queued": 1585621044.3864112, "device_end": 1585621044.392638, "host_queued_end": 1585621110.764741}, "device": "gpu", "nd_range": {"device_start": 1585621044.3926413, "device_end": 1585621044.3932414}, "cmdq": 0, "read": {"device_start": -1, "device_end": -1}}, "FFC_sans_bias51": {"write": {"device_start": -1, "host_queued_start": 1585621110.760176, "device_queued": -1, "device_end": -1, "host_queued_end": 1585621110.764741}, "device": "gpu", "nd_range": {"device_start": 1585621044.3992465, "device_end": 1585621044.3998485}, "cmdq": 0, "read": {"device_start": -1, "device_end": -1}}, "softmax23": {"write": {"device_start": -1, "host_queued_start": 1585621110.781433, "device_queued": -1, "device_end": -1, "host_queued_end": 1585621110.785896}, "device": "cpu", "nd_range": {"device_start": 2288885.0399609064, "device_end": 2288885.0401412663}, "cmdq": 0, "read": {"device_start": -1, "device_end": -1}}, "FFC_sans_bias37": {"write": {"device_start": 1585621044.3888416, "host_queued_start": 1585621110.748309, "device_queued": 1585621044.385951, "device_end": 1585621044.3888724, "host_queued_end": 1585621110.764741}, "device": "gpu", "nd_range": {"device_start": 1585621044.3888872, "device_end": 1585621044.389495}, "cmdq": 0, "read": {"device_start": -1, "device_end": -1}}, "empty62": {"write": {"device_start": 1585621044.3854437, "host_queued_start": 1585621110.74309, "device_queued": 1585621044.3850975, "device_end": 1585621044.3854725, "host_queued_end": 1585621110.764741}, "device": "gpu", "nd_range": {"device_start": 1585621044.3854759, "device_end": 1585621044.3854797}, "cmdq": 0, "read": {"device_start": -1, "device_end": -1}}, "FFC_sans_bias58": {"write": {"device_start": -1, "host_queued_start": 1585621110.758188, "device_queued": -1, "device_end": -1, "host_queued_end": 1585621110.764741}, "device": "gpu", "nd_range": {"device_start": 1585621044.3965821, "device_end": 1585621044.3971815}, "cmdq": 0, "read": {"device_start": -1, "device_end": -1}}, "softmax41": {"write": {"device_start": -1, "host_queued_start": 1585621110.758735, "device_queued": -1, "device_end": -1, "host_queued_end": 1585621110.764741}, "device": "gpu", "nd_range": {"device_start": 1585621044.397396, "device_end": 1585621044.3976038}, "cmdq": 0, "read": {"device_start": -1, "device_end": -1}}, "FFC_sans_bias11": {"write": {"device_start": -1, "host_queued_start": 1585621110.775326, "device_queued": -1, "device_end": -1, "host_queued_end": 1585621110.785896}, "device": "cpu", "nd_range": {"device_start": 2288884.998212553, "device_end": 2288885.0072418894}, "cmdq": 0, "read": {"device_start": -1, "device_end": -1}}, "FFC_sans_bias10": {"write": {"device_start": -1, "host_queued_start": 1585621110.774117, "device_queued": -1, "device_end": -1, "host_queued_end": 1585621110.785896}, "device": "cpu", "nd_range": {"device_start": 2288884.9888123022, "device_end": 2288884.995921277}, "cmdq": 1, "read": {"device_start": -1, "device_end": -1}}, "coalesced_transpose3": {"write": {"device_start": -1, "host_queued_start": 1585621110.77882, "device_queued": -1, "device_end": -1, "host_queued_end": 1585621110.785896}, "device": "cpu", "nd_range": {"device_start": 2288885.0215417533, "device_end": 2288885.021712778}, "cmdq": 0, "read": {"device_start": -1, "device_end": -1}}, "FFC_sans_bias34": {"write": {"device_start": 1585621044.4005947, "host_queued_start": 1585621110.761505, "device_queued": 1585621044.3874354, "device_end": 1585621044.400622, "host_queued_end": 1585621110.764741}, "device": "gpu", "nd_range": {"device_start": 1585621044.400625, "device_end": 1585621044.4012218}, "cmdq": 0, "read": {"device_start": 1585621044.4012246, "device_end": 1585621044.4012485}}, "FFC_sans_bias15": {"write": {"device_start": -1, "host_queued_start": 1585621110.782223, "device_queued": -1, "device_end": -1, "host_queued_end": 1585621110.785896}, "device": "cpu", "nd_range": {"device_start": 2288885.0402750294, "device_end": 2288885.051928176}, "cmdq": 0, "read": {"device_start": -1, "device_end": -1}}, "FFC_sans_bias31": {"write": {"device_start": -1, "host_queued_start": 1585621110.757241, "device_queued": -1, "device_end": -1, "host_queued_end": 1585621110.764741}, "device": "gpu", "nd_range": {"device_start": 1585621044.3947794, "device_end": 1585621044.395375}, "cmdq": 0, "read": {"device_start": -1, "device_end": -1}}, "FFC_sans_bias16": {"write": {"device_start": -1, "host_queued_start": 1585621110.784837, "device_queued": -1, "device_end": -1, "host_queued_end": 1585621110.785896}, "device": "cpu", "nd_range": {"device_start": 2288885.0566794924, "device_end": 2288885.0712663503}, "cmdq": 1, "read": {"device_start": -1, "device_end": -1}}, "FFC_sans_bias19": {"write": {"device_start": -1, "host_queued_start": 1585621110.777414, "device_queued": -1, "device_end": -1, "host_queued_end": 1585621110.785896}, "device": "cpu", "nd_range": {"device_start": 2288885.016400122, "device_end": 2288885.0215361123}, "cmdq": 0, "read": {"device_start": -1, "device_end": -1}}, "FFC_sans_bias18": {"write": {"device_start": -1, "host_queued_start": 1585621110.776371, "device_queued": -1, "device_end": -1, "host_queued_end": 1585621110.785896}, "device": "cpu", "nd_range": {"device_start": 2288884.9959288333, "device_end": 2288885.001634891}, "cmdq": 1, "read": {"device_start": -1, "device_end": -1}}, "coalesced_transpose30": {"write": {"device_start": -1, "host_queued_start": 1585621110.756027, "device_queued": -1, "device_end": -1, "host_queued_end": 1585621110.764741}, "device": "gpu", "nd_range": {"device_start": 1585621044.3947406, "device_end": 1585621044.394749}, "cmdq": 0, "read": {"device_start": -1, "device_end": -1}}, "FFC_sans_bias38": {"write": {"device_start": 1585621044.3896103, "host_queued_start": 1585621110.749403, "device_queued": 1585621044.3859918, "device_end": 1585621044.3896387, "host_queued_end": 1585621110.764741}, "device": "gpu", "nd_range": {"device_start": 1585621044.389642, "device_end": 1585621044.3902264}, "cmdq": 0, "read": {"device_start": -1, "device_end": -1}}, "coalesced_transpose57": {"write": {"device_start": -1, "host_queued_start": 1585621110.756925, "device_queued": -1, "device_end": -1, "host_queued_end": 1585621110.764741}, "device": "gpu", "nd_range": {"device_start": 1585621044.3947692, "device_end": 1585621044.394778}, "cmdq": 0, "read": {"device_start": -1, "device_end": -1}}, "empty26": {"write": {"device_start": -1, "host_queued_start": 1585621110.768326, "device_queued": -1, "device_end": -1, "host_queued_end": 1585621110.785896}, "device": "cpu", "nd_range": {"device_start": 2288884.975512334, "device_end": 2288884.9755137484}, "cmdq": 0, "read": {"device_start": -1, "device_end": -1}}, "coalesced_transpose12": {"write": {"device_start": -1, "host_queued_start": 1585621110.779151, "device_queued": -1, "device_end": -1, "host_queued_end": 1585621110.785896}, "device": "cpu", "nd_range": {"device_start": 2288885.008631917, "device_end": 2288885.0087405513}, "cmdq": 1, "read": {"device_start": -1, "device_end": -1}}, "empty44": {"write": {"device_start": 1585621044.3851187, "host_queued_start": 1585621110.741424, "device_queued": 1585621044.3849633, "device_end": 1585621044.3851452, "host_queued_end": 1585621110.764741}, "device": "gpu", "nd_range": {"device_start": 1585621044.3851495, "device_end": 1585621044.3851528}, "cmdq": 0, "read": {"device_start": -1, "device_end": -1}}, "coalesced_transpose21": {"write": {"device_start": -1, "host_queued_start": 1585621110.77948, "device_queued": -1, "device_end": -1, "host_queued_end": 1585621110.785896}, "device": "cpu", "nd_range": {"device_start": 2288885.0217358433, "device_end": 2288885.021989394}, "cmdq": 0, "read": {"device_start": -1, "device_end": -1}}, "FFC_sans_bias36": {"write": {"device_start": 1585621044.3879309, "host_queued_start": 1585621110.747264, "device_queued": 1585621044.3857877, "device_end": 1585621044.3879602, "host_queued_end": 1585621110.764741}, "device": "gpu", "nd_range": {"device_start": 1585621044.3879635, "device_end": 1585621044.3885605}, "cmdq": 0, "read": {"device_start": -1, "device_end": -1}}, "softmax14": {"write": {"device_start": -1, "host_queued_start": 1585621110.781162, "device_queued": -1, "device_end": -1, "host_queued_end": 1585621110.785896}, "device": "cpu", "nd_range": {"device_start": 2288885.039973285, "device_end": 2288885.040268681}, "cmdq": 1, "read": {"device_start": -1, "device_end": -1}}, "FFC_sans_bias13": {"write": {"device_start": -1, "host_queued_start": 1585621110.780173, "device_queued": -1, "device_end": -1, "host_queued_end": 1585621110.785896}, "device": "cpu", "nd_range": {"device_start": 2288885.022110327, "device_end": 2288885.030017684}, "cmdq": 0, "read": {"device_start": -1, "device_end": -1}}, "empty8": {"write": {"device_start": -1, "host_queued_start": 1585621110.766209, "device_queued": -1, "device_end": -1, "host_queued_end": 1585621110.785896}, "device": "cpu", "nd_range": {"device_start": 2288884.9754803022, "device_end": 2288884.9754908523}, "cmdq": 0, "read": {"device_start": -1, "device_end": -1}}, "FFC_sans_bias42": {"write": {"device_start": -1, "host_queued_start": 1585621110.759865, "device_queued": -1, "device_end": -1, "host_queued_end": 1585621110.764741}, "device": "gpu", "nd_range": {"device_start": 1585621044.398635, "device_end": 1585621044.3992453}, "cmdq": 0, "read": {"device_start": -1, "device_end": -1}}, "FFC_sans_bias43": {"write": {"device_start": 1585621044.4014452, "host_queued_start": 1585621110.762557, "device_queued": 1585621044.3875065, "device_end": 1585621044.4014816, "host_queued_end": 1585621110.764741}, "device": "gpu", "nd_range": {"device_start": 1585621044.4014883, "device_end": 1585621044.4020958}, "cmdq": 0, "read": {"device_start": 1585621044.4021006, "device_end": 1585621044.4021227}}, "FFC_sans_bias40": {"write": {"device_start": -1, "host_queued_start": 1585621110.757559, "device_queued": -1, "device_end": -1, "host_queued_end": 1585621110.764741}, "device": "gpu", "nd_range": {"device_start": 1585621044.3953767, "device_end": 1585621044.3959777}, "cmdq": 0, "read": {"device_start": -1, "device_end": -1}}, "softmax32": {"write": {"device_start": -1, "host_queued_start": 1585621110.758453, "device_queued": -1, "device_end": -1, "host_queued_end": 1585621110.764741}, "device": "gpu", "nd_range": {"device_start": 1585621044.3971825, "device_end": 1585621044.3973951}, "cmdq": 0, "read": {"device_start": -1, "device_end": -1}}, "FFC_sans_bias47": {"write": {"device_start": 1585621044.3918457, "host_queued_start": 1585621110.752562, "device_queued": 1585621044.3863547, "device_end": 1585621044.3918746, "host_queued_end": 1585621110.764741}, "device": "gpu", "nd_range": {"device_start": 1585621044.3918781, "device_end": 1585621044.3924742}, "cmdq": 0, "read": {"device_start": -1, "device_end": -1}}, "FFC_sans_bias45": {"write": {"device_start": 1585621044.3903456, "host_queued_start": 1585621110.750443, "device_queued": 1585621044.386127, "device_end": 1585621044.3903756, "host_queued_end": 1585621110.764741}, "device": "gpu", "nd_range": {"device_start": 1585621044.3903823, "device_end": 1585621044.3909829}, "cmdq": 0, "read": {"device_start": -1, "device_end": -1}}, "softmax50": {"write": {"device_start": -1, "host_queued_start": 1585621110.758995, "device_queued": -1, "device_end": -1, "host_queued_end": 1585621110.764741}, "device": "gpu", "nd_range": {"device_start": 1585621044.3976054, "device_end": 1585621044.3978155}, "cmdq": 0, "read": {"device_start": -1, "device_end": -1}}, "FFC_sans_bias33": {"write": {"device_start": -1, "host_queued_start": 1585621110.759551, "device_queued": -1, "device_end": -1, "host_queued_end": 1585621110.764741}, "device": "gpu", "nd_range": {"device_start": 1585621044.3980262, "device_end": 1585621044.3986337}, "cmdq": 0, "read": {"device_start": -1, "device_end": -1}}, "FFC_sans_bias49": {"write": {"device_start": -1, "host_queued_start": 1585621110.757876, "device_queued": -1, "device_end": -1, "host_queued_end": 1585621110.764741}, "device": "gpu", "nd_range": {"device_start": 1585621044.395979, "device_end": 1585621044.3965812}, "cmdq": 0, "read": {"device_start": -1, "device_end": -1}}, "FFC_sans_bias24": {"write": {"device_start": -1, "host_queued_start": 1585621110.782557, "device_queued": -1, "device_end": -1, "host_queued_end": 1585621110.785896}, "device": "cpu", "nd_range": {"device_start": 2288885.048810754, "device_end": 2288885.05667251}, "cmdq": 1, "read": {"device_start": -1, "device_end": -1}}, "FFC_sans_bias25": {"write": {"device_start": -1, "host_queued_start": 1585621110.785852, "device_queued": -1, "device_end": -1, "host_queued_end": 1585621110.785896}, "device": "cpu", "nd_range": {"device_start": 2288885.0649049943, "device_end": 2288885.0712984623}, "cmdq": 0, "read": {"device_start": -1, "device_end": -1}}, "FFC_sans_bias27": {"write": {"device_start": 1585621044.3855968, "host_queued_start": 1585621110.744067, "device_queued": 1585621044.3854926, "device_end": 1585621044.3856297, "host_queued_end": 1585621110.764741}, "device": "gpu", "nd_range": {"device_start": 1585621044.3856378, "device_end": 1585621044.3862362}, "cmdq": 0, "read": {"device_start": -1, "device_end": -1}}, "FFC_sans_bias20": {"write": {"device_start": -1, "host_queued_start": 1585621110.778463, "device_queued": -1, "device_end": -1, "host_queued_end": 1585621110.785896}, "device": "cpu", "nd_range": {"device_start": 2288885.001752405, "device_end": 2288885.0085133333}, "cmdq": 1, "read": {"device_start": -1, "device_end": -1}}, "FFC_sans_bias22": {"write": {"device_start": -1, "host_queued_start": 1585621110.780512, "device_queued": -1, "device_end": -1, "host_queued_end": 1585621110.785896}, "device": "cpu", "nd_range": {"device_start": 2288885.032222654, "device_end": 2288885.0399539853}, "cmdq": 1, "read": {"device_start": -1, "device_end": -1}}, "softmax5": {"write": {"device_start": -1, "host_queued_start": 1585621110.78079, "device_queued": -1, "device_end": -1, "host_queued_end": 1585621110.785896}, "device": "cpu", "nd_range": {"device_start": 2288885.03220344, "device_end": 2288885.032313458}, "cmdq": 0, "read": {"device_start": -1, "device_end": -1}}, "FFC_sans_bias28": {"write": {"device_start": 1585621044.3864493, "host_queued_start": 1585621110.745112, "device_queued": 1585621044.3855639, "device_end": 1585621044.386472, "host_queued_end": 1585621110.764741}, "device": "gpu", "nd_range": {"device_start": 1585621044.3864813, "device_end": 1585621044.3870811}, "cmdq": 0, "read": {"device_start": -1, "device_end": -1}}, "FFC_sans_bias29": {"write": {"device_start": 1585621044.3872018, "host_queued_start": 1585621110.746166, "device_queued": 1585621044.3857415, "device_end": 1585621044.3872316, "host_queued_end": 1585621110.764741}, "device": "gpu", "nd_range": {"device_start": 1585621044.3872342, "device_end": 1585621044.3878303}, "cmdq": 0, "read": {"device_start": -1, "device_end": -1}}, "empty17": {"write": {"device_start": -1, "host_queued_start": 1585621110.767301, "device_queued": -1, "device_end": -1, "host_queued_end": 1585621110.785896}, "device": "cpu", "nd_range": {"device_start": 2288884.975487388, "device_end": 2288884.975495487}, "cmdq": 1, "read": {"device_start": -1, "device_end": -1}}, "softmax59": {"write": {"device_start": -1, "host_queued_start": 1585621110.759245, "device_queued": -1, "device_end": -1, "host_queued_end": 1585621110.764741}, "device": "gpu", "nd_range": {"device_start": 1585621044.3978164, "device_end": 1585621044.3980253}, "cmdq": 0, "read": {"device_start": -1, "device_end": -1}}, "empty35": {"write": {"device_start": 1585621044.3849592, "host_queued_start": 1585621110.740224, "device_queued": 1585621044.3848279, "device_end": 1585621044.3849854, "host_queued_end": 1585621110.764741}, "device": "gpu", "nd_range": {"device_start": 1585621044.3849883, "device_end": 1585621044.384993}, "cmdq": 0, "read": {"device_start": -1, "device_end": -1}}, "empty53": {"write": {"device_start": 1585621044.385291, "host_queued_start": 1585621110.742246, "device_queued": 1585621044.3850517, "device_end": 1585621044.3853211, "host_queued_end": 1585621110.764741}, "device": "gpu", "nd_range": {"device_start": 1585621044.3853288, "device_end": 1585621044.385332}, "cmdq": 0, "read": {"device_start": -1, "device_end": -1}}, "FFC_sans_bias46": {"write": {"device_start": 1585621044.3911066, "host_queued_start": 1585621110.751515, "device_queued": 1585621044.386177, "device_end": 1585621044.3911357, "host_queued_end": 1585621110.764741}, "device": "gpu", "nd_range": {"device_start": 1585621044.3911386, "device_end": 1585621044.3917286}, "cmdq": 0, "read": {"device_start": -1, "device_end": -1}}, "coalesced_transpose48": {"write": {"device_start": -1, "host_queued_start": 1585621110.75663, "device_queued": -1, "device_end": -1, "host_queued_end": 1585621110.764741}, "device": "gpu", "nd_range": {"device_start": 1585621044.3947594, "device_end": 1585621044.394768}, "cmdq": 0, "read": {"device_start": -1, "device_end": -1}}}