{"FFC_sans_bias60": {"write": {"device_start": -1, "host_queued_start": 1585621099.749407, "device_queued": -1, "device_end": -1, "host_queued_end": 1585621099.756596}, "device": "cpu", "nd_range": {"device_start": 2288874.1018402344, "device_end": 2288874.106597036}, "cmdq": 0, "read": {"device_start": -1, "device_end": -1}}, "FFC_sans_bias4": {"write": {"device_start": -1, "host_queued_start": 1585621099.742888, "device_queued": -1, "device_end": -1, "host_queued_end": 1585621099.756596}, "device": "cpu", "nd_range": {"device_start": 2288874.043337941, "device_end": 2288874.0473851804}, "cmdq": 0, "read": {"device_start": -1, "device_end": -1}}, "FFC_sans_bias7": {"write": {"device_start": -1, "host_queued_start": 1585621099.750467, "device_queued": -1, "device_end": -1, "host_queued_end": 1585621099.756596}, "device": "cpu", "nd_range": {"device_start": 2288874.1066028182, "device_end": 2288874.110908741}, "cmdq": 0, "read": {"device_start": -1, "device_end": -1}}, "FFC_sans_bias6": {"write": {"device_start": -1, "host_queued_start": 1585621099.74729, "device_queued": -1, "device_end": -1, "host_queued_end": 1585621099.756596}, "device": "cpu", "nd_range": {"device_start": 2288874.074986188, "device_end": 2288874.0792762623}, "cmdq": 0, "read": {"device_start": -1, "device_end": -1}}, "FFC_sans_bias1": {"write": {"device_start": -1, "host_queued_start": 1585621099.7196, "device_queued": -1, "device_end": -1, "host_queued_end": 1585621099.756596}, "device": "cpu", "nd_range": {"device_start": 2288873.9507644014, "device_end": 2288873.954721501}, "cmdq": 0, "read": {"device_start": -1, "device_end": -1}}, "FFC_sans_bias0": {"write": {"device_start": -1, "host_queued_start": 1585621099.718497, "device_queued": -1, "device_end": -1, "host_queued_end": 1585621099.756596}, "device": "cpu", "nd_range": {"device_start": 2288873.946301856, "device_end": 2288873.950740194}, "cmdq": 0, "read": {"device_start": -1, "device_end": -1}}, "FFC_sans_bias2": {"write": {"device_start": -1, "host_queued_start": 1585621099.720663, "device_queued": -1, "device_end": -1, "host_queued_end": 1585621099.756596}, "device": "cpu", "nd_range": {"device_start": 2288873.954742176, "device_end": 2288873.95892979}, "cmdq": 0, "read": {"device_start": -1, "device_end": -1}}, "FFC_sans_bias61": {"write": {"device_start": -1, "host_queued_start": 1585621099.756551, "device_queued": -1, "device_end": -1, "host_queued_end": 1585621099.756596}, "device": "cpu", "nd_range": {"device_start": 2288874.1342369393, "device_end": 2288874.140173402}, "cmdq": 0, "read": {"device_start": -1, "device_end": -1}}, "FFC_sans_bias52": {"write": {"device_start": -1, "host_queued_start": 1585621099.755544, "device_queued": -1, "device_end": -1, "host_queued_end": 1585621099.756596}, "device": "cpu", "nd_range": {"device_start": 2288874.12949346, "device_end": 2288874.134234184}, "cmdq": 0, "read": {"device_start": -1, "device_end": -1}}, "FFC_sans_bias9": {"write": {"device_start": -1, "host_queued_start": 1585621099.721721, "device_queued": -1, "device_end": -1, "host_queued_end": 1585621099.756596}, "device": "cpu", "nd_range": {"device_start": 2288873.959064179, "device_end": 2288873.962912479}, "cmdq": 0, "read": {"device_start": -1, "device_end": -1}}, "coalesced_transpose39": {"write": {"device_start": -1, "host_queued_start": 1585621099.74176, "device_queued": -1, "device_end": -1, "host_queued_end": 1585621099.756596}, "device": "cpu", "nd_range": {"device_start": 2288874.0428375793, "device_end": 2288874.042936502}, "cmdq": 0, "read": {"device_start": -1, "device_end": -1}}, "FFC_sans_bias55": {"write": {"device_start": -1, "host_queued_start": 1585621099.740074, "device_queued": -1, "device_end": -1, "host_queued_end": 1585621099.756596}, "device": "cpu", "nd_range": {"device_start": 2288874.0371960923, "device_end": 2288874.041792512}, "cmdq": 0, "read": {"device_start": -1, "device_end": -1}}, "FFC_sans_bias54": {"write": {"device_start": -1, "host_queued_start": 1585621099.739018, "device_queued": -1, "device_end": -1, "host_queued_end": 1585621099.756596}, "device": "cpu", "nd_range": {"device_start": 2288874.0324546853, "device_end": 2288874.037068113}, "cmdq": 0, "read": {"device_start": -1, "device_end": -1}}, "FFC_sans_bias56": {"write": {"device_start": -1, "host_queued_start": 1585621099.73791, "device_queued": -1, "device_end": -1, "host_queued_end": 1585621099.756596}, "device": "cpu", "nd_range": {"device_start": 2288874.0278752353, "device_end": 2288874.032450099}, "cmdq": 0, "read": {"device_start": -1, "device_end": -1}}, "FFC_sans_bias51": {"write": {"device_start": -1, "host_queued_start": 1585621099.749062, "device_queued": -1, "device_end": -1, "host_queued_end": 1585621099.756596}, "device": "cpu", "nd_range": {"device_start": 2288874.0975389653, "device_end": 2288874.101834854}, "cmdq": 0, "read": {"device_start": -1, "device_end": -1}}, "softmax23": {"write": {"device_start": -1, "host_queued_start": 1585621099.74581, "device_queued": -1, "device_end": -1, "host_queued_end": 1585621099.756596}, "device": "cpu", "nd_range": {"device_start": 2288874.0743737803, "device_end": 2288874.0745020662}, "cmdq": 0, "read": {"device_start": -1, "device_end": -1}}, "FFC_sans_bias37": {"write": {"device_start": -1, "host_queued_start": 1585621099.732541, "device_queued": -1, "device_end": -1, "host_queued_end": 1585621099.756596}, "device": "cpu", "nd_range": {"device_start": 2288874.0050528753, "device_end": 2288874.009214886}, "cmdq": 0, "read": {"device_start": -1, "device_end": -1}}, "empty62": {"write": {"device_start": -1, "host_queued_start": 1585621099.717515, "device_queued": -1, "device_end": -1, "host_queued_end": 1585621099.756596}, "device": "cpu", "nd_range": {"device_start": 2288873.946294296, "device_end": 2288873.946294783}, "cmdq": 0, "read": {"device_start": -1, "device_end": -1}}, "FFC_sans_bias58": {"write": {"device_start": -1, "host_queued_start": 1585621099.744969, "device_queued": -1, "device_end": -1, "host_queued_end": 1585621099.756596}, "device": "cpu", "nd_range": {"device_start": 2288874.069391792, "device_end": 2288874.0739941173}, "cmdq": 0, "read": {"device_start": -1, "device_end": -1}}, "softmax41": {"write": {"device_start": -1, "host_queued_start": 1585621099.746387, "device_queued": -1, "device_end": -1, "host_queued_end": 1585621099.756596}, "device": "cpu", "nd_range": {"device_start": 2288874.074635695, "device_end": 2288874.074748972}, "cmdq": 0, "read": {"device_start": -1, "device_end": -1}}, "FFC_sans_bias11": {"write": {"device_start": -1, "host_queued_start": 1585621099.723946, "device_queued": -1, "device_end": -1, "host_queued_end": 1585621099.756596}, "device": "cpu", "nd_range": {"device_start": 2288873.967845744, "device_end": 2288873.972156864}, "cmdq": 0, "read": {"device_start": -1, "device_end": -1}}, "FFC_sans_bias10": {"write": {"device_start": -1, "host_queued_start": 1585621099.722879, "device_queued": -1, "device_end": -1, "host_queued_end": 1585621099.756596}, "device": "cpu", "nd_range": {"device_start": 2288873.963040709, "device_end": 2288873.967839165}, "cmdq": 0, "read": {"device_start": -1, "device_end": -1}}, "coalesced_transpose3": {"write": {"device_start": -1, "host_queued_start": 1585621099.740424, "device_queued": -1, "device_end": -1, "host_queued_end": 1585621099.756596}, "device": "cpu", "nd_range": {"device_start": 2288874.0417979783, "device_end": 2288874.0420020344}, "cmdq": 0, "read": {"device_start": -1, "device_end": -1}}, "FFC_sans_bias34": {"write": {"device_start": -1, "host_queued_start": 1585621099.753485, "device_queued": -1, "device_end": -1, "host_queued_end": 1585621099.756596}, "device": "cpu", "nd_range": {"device_start": 2288874.1206716644, "device_end": 2288874.1254311614}, "cmdq": 0, "read": {"device_start": -1, "device_end": -1}}, "FFC_sans_bias15": {"write": {"device_start": -1, "host_queued_start": 1585621099.747648, "device_queued": -1, "device_end": -1, "host_queued_end": 1585621099.756596}, "device": "cpu", "nd_range": {"device_start": 2288874.0792817483, "device_end": 2288874.083959708}, "cmdq": 0, "read": {"device_start": -1, "device_end": -1}}, "FFC_sans_bias31": {"write": {"device_start": -1, "host_queued_start": 1585621099.743924, "device_queued": -1, "device_end": -1, "host_queued_end": 1585621099.756596}, "device": "cpu", "nd_range": {"device_start": 2288874.0565507193, "device_end": 2288874.0603943593}, "cmdq": 0, "read": {"device_start": -1, "device_end": -1}}, "FFC_sans_bias16": {"write": {"device_start": -1, "host_queued_start": 1585621099.751478, "device_queued": -1, "device_end": -1, "host_queued_end": 1585621099.756596}, "device": "cpu", "nd_range": {"device_start": 2288874.1109120944, "device_end": 2288874.116789055}, "cmdq": 0, "read": {"device_start": -1, "device_end": -1}}, "FFC_sans_bias19": {"write": {"device_start": -1, "host_queued_start": 1585621099.726076, "device_queued": -1, "device_end": -1, "host_queued_end": 1585621099.756596}, "device": "cpu", "nd_range": {"device_start": 2288873.976911316, "device_end": 2288873.981220406}, "cmdq": 0, "read": {"device_start": -1, "device_end": -1}}, "FFC_sans_bias18": {"write": {"device_start": -1, "host_queued_start": 1585621099.725002, "device_queued": -1, "device_end": -1, "host_queued_end": 1585621099.756596}, "device": "cpu", "nd_range": {"device_start": 2288873.9721618723, "device_end": 2288873.976906191}, "cmdq": 0, "read": {"device_start": -1, "device_end": -1}}, "coalesced_transpose30": {"write": {"device_start": -1, "host_queued_start": 1585621099.741429, "device_queued": -1, "device_end": -1, "host_queued_end": 1585621099.756596}, "device": "cpu", "nd_range": {"device_start": 2288874.0426159264, "device_end": 2288874.042726696}, "cmdq": 0, "read": {"device_start": -1, "device_end": -1}}, "FFC_sans_bias38": {"write": {"device_start": -1, "host_queued_start": 1585621099.733611, "device_queued": -1, "device_end": -1, "host_queued_end": 1585621099.756596}, "device": "cpu", "nd_range": {"device_start": 2288874.009219666, "device_end": 2288874.014100913}, "cmdq": 0, "read": {"device_start": -1, "device_end": -1}}, "coalesced_transpose57": {"write": {"device_start": -1, "host_queued_start": 1585621099.742424, "device_queued": -1, "device_end": -1, "host_queued_end": 1585621099.756596}, "device": "cpu", "nd_range": {"device_start": 2288874.043242115, "device_end": 2288874.043331431}, "cmdq": 0, "read": {"device_start": -1, "device_end": -1}}, "empty26": {"write": {"device_start": -1, "host_queued_start": 1585621099.714159, "device_queued": -1, "device_end": -1, "host_queued_end": 1585621099.756596}, "device": "cpu", "nd_range": {"device_start": 2288873.946275058, "device_end": 2288873.9462759043}, "cmdq": 0, "read": {"device_start": -1, "device_end": -1}}, "coalesced_transpose12": {"write": {"device_start": -1, "host_queued_start": 1585621099.740761, "device_queued": -1, "device_end": -1, "host_queued_end": 1585621099.756596}, "device": "cpu", "nd_range": {"device_start": 2288874.042134255, "device_end": 2288874.0422561113}, "cmdq": 0, "read": {"device_start": -1, "device_end": -1}}, "empty44": {"write": {"device_start": -1, "host_queued_start": 1585621099.7159, "device_queued": -1, "device_end": -1, "host_queued_end": 1585621099.756596}, "device": "cpu", "nd_range": {"device_start": 2288873.946284452, "device_end": 2288873.946285026}, "cmdq": 0, "read": {"device_start": -1, "device_end": -1}}, "coalesced_transpose21": {"write": {"device_start": -1, "host_queued_start": 1585621099.741093, "device_queued": -1, "device_end": -1, "host_queued_end": 1585621099.756596}, "device": "cpu", "nd_range": {"device_start": 2288874.042382669, "device_end": 2288874.0425029313}, "cmdq": 0, "read": {"device_start": -1, "device_end": -1}}, "FFC_sans_bias36": {"write": {"device_start": -1, "host_queued_start": 1585621099.731479, "device_queued": -1, "device_end": -1, "host_queued_end": 1585621099.756596}, "device": "cpu", "nd_range": {"device_start": 2288873.999413106, "device_end": 2288874.0050475313}, "cmdq": 0, "read": {"device_start": -1, "device_end": -1}}, "softmax14": {"write": {"device_start": -1, "host_queued_start": 1585621099.745529, "device_queued": -1, "device_end": -1, "host_queued_end": 1585621099.756596}, "device": "cpu", "nd_range": {"device_start": 2288874.0742714982, "device_end": 2288874.07436743}, "cmdq": 0, "read": {"device_start": -1, "device_end": -1}}, "FFC_sans_bias13": {"write": {"device_start": -1, "host_queued_start": 1585621099.743235, "device_queued": -1, "device_end": -1, "host_queued_end": 1585621099.756596}, "device": "cpu", "nd_range": {"device_start": 2288874.047390665, "device_end": 2288874.052151202}, "cmdq": 0, "read": {"device_start": -1, "device_end": -1}}, "empty8": {"write": {"device_start": -1, "host_queued_start": 1585621099.71216, "device_queued": -1, "device_end": -1, "host_queued_end": 1585621099.756596}, "device": "cpu", "nd_range": {"device_start": 2288873.946236174, "device_end": 2288873.9462482263}, "cmdq": 0, "read": {"device_start": -1, "device_end": -1}}, "FFC_sans_bias42": {"write": {"device_start": -1, "host_queued_start": 1585621099.748717, "device_queued": -1, "device_end": -1, "host_queued_end": 1585621099.756596}, "device": "cpu", "nd_range": {"device_start": 2288874.092857208, "device_end": 2288874.097533618}, "cmdq": 0, "read": {"device_start": -1, "device_end": -1}}, "FFC_sans_bias43": {"write": {"device_start": -1, "host_queued_start": 1585621099.7545, "device_queued": -1, "device_end": -1, "host_queued_end": 1585621099.756596}, "device": "cpu", "nd_range": {"device_start": 2288874.1254338073, "device_end": 2288874.1294902763}, "cmdq": 0, "read": {"device_start": -1, "device_end": -1}}, "FFC_sans_bias40": {"write": {"device_start": -1, "host_queued_start": 1585621099.744272, "device_queued": -1, "device_end": -1, "host_queued_end": 1585621099.756596}, "device": "cpu", "nd_range": {"device_start": 2288874.060502573, "device_end": 2288874.064813625}, "cmdq": 0, "read": {"device_start": -1, "device_end": -1}}, "softmax32": {"write": {"device_start": -1, "host_queued_start": 1585621099.746091, "device_queued": -1, "device_end": -1, "host_queued_end": 1585621099.756596}, "device": "cpu", "nd_range": {"device_start": 2288874.074507779, "device_end": 2288874.0746298223}, "cmdq": 0, "read": {"device_start": -1, "device_end": -1}}, "FFC_sans_bias47": {"write": {"device_start": -1, "host_queued_start": 1585621099.73684, "device_queued": -1, "device_end": -1, "host_queued_end": 1585621099.756596}, "device": "cpu", "nd_range": {"device_start": 2288874.0235554622, "device_end": 2288874.027870106}, "cmdq": 0, "read": {"device_start": -1, "device_end": -1}}, "FFC_sans_bias45": {"write": {"device_start": -1, "host_queued_start": 1585621099.734711, "device_queued": -1, "device_end": -1, "host_queued_end": 1585621099.756596}, "device": "cpu", "nd_range": {"device_start": 2288874.0141057163, "device_end": 2288874.018598196}, "cmdq": 0, "read": {"device_start": -1, "device_end": -1}}, "softmax50": {"write": {"device_start": -1, "host_queued_start": 1585621099.74667, "device_queued": -1, "device_end": -1, "host_queued_end": 1585621099.756596}, "device": "cpu", "nd_range": {"device_start": 2288874.074754597, "device_end": 2288874.074865634}, "cmdq": 0, "read": {"device_start": -1, "device_end": -1}}, "FFC_sans_bias33": {"write": {"device_start": -1, "host_queued_start": 1585621099.748357, "device_queued": -1, "device_end": -1, "host_queued_end": 1585621099.756596}, "device": "cpu", "nd_range": {"device_start": 2288874.088287972, "device_end": 2288874.092852149}, "cmdq": 0, "read": {"device_start": -1, "device_end": -1}}, "FFC_sans_bias49": {"write": {"device_start": -1, "host_queued_start": 1585621099.74462, "device_queued": -1, "device_end": -1, "host_queued_end": 1585621099.756596}, "device": "cpu", "nd_range": {"device_start": 2288874.064820607, "device_end": 2288874.069386004}, "cmdq": 0, "read": {"device_start": -1, "device_end": -1}}, "FFC_sans_bias24": {"write": {"device_start": -1, "host_queued_start": 1585621099.748003, "device_queued": -1, "device_end": -1, "host_queued_end": 1585621099.756596}, "device": "cpu", "nd_range": {"device_start": 2288874.083965825, "device_end": 2288874.088282368}, "cmdq": 0, "read": {"device_start": -1, "device_end": -1}}, "FFC_sans_bias25": {"write": {"device_start": -1, "host_queued_start": 1585621099.752479, "device_queued": -1, "device_end": -1, "host_queued_end": 1585621099.756596}, "device": "cpu", "nd_range": {"device_start": 2288874.116791884, "device_end": 2288874.120668771}, "cmdq": 0, "read": {"device_start": -1, "device_end": -1}}, "FFC_sans_bias27": {"write": {"device_start": -1, "host_queued_start": 1585621099.728258, "device_queued": -1, "device_end": -1, "host_queued_end": 1585621099.756596}, "device": "cpu", "nd_range": {"device_start": 2288873.9858469293, "device_end": 2288873.990174799}, "cmdq": 0, "read": {"device_start": -1, "device_end": -1}}, "FFC_sans_bias20": {"write": {"device_start": -1, "host_queued_start": 1585621099.727196, "device_queued": -1, "device_end": -1, "host_queued_end": 1585621099.756596}, "device": "cpu", "nd_range": {"device_start": 2288873.9812255274, "device_end": 2288873.985841386}, "cmdq": 0, "read": {"device_start": -1, "device_end": -1}}, "FFC_sans_bias22": {"write": {"device_start": -1, "host_queued_start": 1585621099.743581, "device_queued": -1, "device_end": -1, "host_queued_end": 1585621099.756596}, "device": "cpu", "nd_range": {"device_start": 2288874.052157714, "device_end": 2288874.056440915}, "cmdq": 0, "read": {"device_start": -1, "device_end": -1}}, "softmax5": {"write": {"device_start": -1, "host_queued_start": 1585621099.745251, "device_queued": -1, "device_end": -1, "host_queued_end": 1585621099.756596}, "device": "cpu", "nd_range": {"device_start": 2288874.0739995753, "device_end": 2288874.074152631}, "cmdq": 0, "read": {"device_start": -1, "device_end": -1}}, "FFC_sans_bias28": {"write": {"device_start": -1, "host_queued_start": 1585621099.729324, "device_queued": -1, "device_end": -1, "host_queued_end": 1585621099.756596}, "device": "cpu", "nd_range": {"device_start": 2288873.99018001, "device_end": 2288873.994817783}, "cmdq": 0, "read": {"device_start": -1, "device_end": -1}}, "FFC_sans_bias29": {"write": {"device_start": -1, "host_queued_start": 1585621099.730393, "device_queued": -1, "device_end": -1, "host_queued_end": 1585621099.756596}, "device": "cpu", "nd_range": {"device_start": 2288873.994822722, "device_end": 2288873.999408678}, "cmdq": 0, "read": {"device_start": -1, "device_end": -1}}, "empty17": {"write": {"device_start": -1, "host_queued_start": 1585621099.713343, "device_queued": -1, "device_end": -1, "host_queued_end": 1585621099.756596}, "device": "cpu", "nd_range": {"device_start": 2288873.9462695452, "device_end": 2288873.946270525}, "cmdq": 0, "read": {"device_start": -1, "device_end": -1}}, "softmax59": {"write": {"device_start": -1, "host_queued_start": 1585621099.746946, "device_queued": -1, "device_end": -1, "host_queued_end": 1585621099.756596}, "device": "cpu", "nd_range": {"device_start": 2288874.074871155, "device_end": 2288874.0749808173}, "cmdq": 0, "read": {"device_start": -1, "device_end": -1}}, "empty35": {"write": {"device_start": -1, "host_queued_start": 1585621099.715092, "device_queued": -1, "device_end": -1, "host_queued_end": 1585621099.756596}, "device": "cpu", "nd_range": {"device_start": 2288873.946279712, "device_end": 2288873.9462803733}, "cmdq": 0, "read": {"device_start": -1, "device_end": -1}}, "empty53": {"write": {"device_start": -1, "host_queued_start": 1585621099.716706, "device_queued": -1, "device_end": -1, "host_queued_end": 1585621099.756596}, "device": "cpu", "nd_range": {"device_start": 2288873.9462892963, "device_end": 2288873.946289772}, "cmdq": 0, "read": {"device_start": -1, "device_end": -1}}, "FFC_sans_bias46": {"write": {"device_start": -1, "host_queued_start": 1585621099.735773, "device_queued": -1, "device_end": -1, "host_queued_end": 1585621099.756596}, "device": "cpu", "nd_range": {"device_start": 2288874.018740346, "device_end": 2288874.023549688}, "cmdq": 0, "read": {"device_start": -1, "device_end": -1}}, "coalesced_transpose48": {"write": {"device_start": -1, "host_queued_start": 1585621099.742093, "device_queued": -1, "device_end": -1, "host_queued_end": 1585621099.756596}, "device": "cpu", "nd_range": {"device_start": 2288874.043042295, "device_end": 2288874.043141214}, "cmdq": 0, "read": {"device_start": -1, "device_end": -1}}}