{"FFC_sans_bias60": {"write": {"device_start": -1, "host_queued_start": 1585621541.885057, "device_queued": -1, "device_end": -1, "host_queued_end": 1585621541.886185}, "device": "gpu", "nd_range": {"device_start": 1585621475.4973884, "device_end": 1585621475.4979806}, "cmdq": 2, "read": {"device_start": -1, "device_end": -1}}, "FFC_sans_bias4": {"write": {"device_start": -1, "host_queued_start": 1585621541.913203, "device_queued": -1, "device_end": -1, "host_queued_end": 1585621541.924881}, "device": "cpu", "nd_range": {"device_start": 2289316.2012040233, "device_end": 2289316.206631191}, "cmdq": 0, "read": {"device_start": -1, "device_end": -1}}, "FFC_sans_bias7": {"write": {"device_start": -1, "host_queued_start": 1585621541.919728, "device_queued": -1, "device_end": -1, "host_queued_end": 1585621541.924881}, "device": "cpu", "nd_range": {"device_start": 2289316.262649139, "device_end": 2289316.266964795}, "cmdq": 0, "read": {"device_start": -1, "device_end": -1}}, "FFC_sans_bias6": {"write": {"device_start": -1, "host_queued_start": 1585621541.916928, "device_queued": -1, "device_end": -1, "host_queued_end": 1585621541.924881}, "device": "cpu", "nd_range": {"device_start": 2289316.235236863, "device_end": 2289316.239551885}, "cmdq": 0, "read": {"device_start": -1, "device_end": -1}}, "FFC_sans_bias1": {"write": {"device_start": -1, "host_queued_start": 1585621541.893687, "device_queued": -1, "device_end": -1, "host_queued_end": 1585621541.924881}, "device": "cpu", "nd_range": {"device_start": 2289316.118803334, "device_end": 2289316.122726547}, "cmdq": 0, "read": {"device_start": -1, "device_end": -1}}, "FFC_sans_bias0": {"write": {"device_start": -1, "host_queued_start": 1585621541.89263, "device_queued": -1, "device_end": -1, "host_queued_end": 1585621541.924881}, "device": "cpu", "nd_range": {"device_start": 2289316.1145419683, "device_end": 2289316.1187828854}, "cmdq": 0, "read": {"device_start": -1, "device_end": -1}}, "FFC_sans_bias2": {"write": {"device_start": -1, "host_queued_start": 1585621541.894789, "device_queued": -1, "device_end": -1, "host_queued_end": 1585621541.924881}, "device": "cpu", "nd_range": {"device_start": 2289316.122747411, "device_end": 2289316.1266656714}, "cmdq": 0, "read": {"device_start": -1, "device_end": -1}}, "FFC_sans_bias61": {"write": {"device_start": 1585621475.496757, "host_queued_start": 1585621541.886074, "device_queued": 1585621475.4953532, "device_end": 1585621475.496788, "host_queued_end": 1585621541.886185}, "device": "gpu", "nd_range": {"device_start": 1585621475.497985, "device_end": 1585621475.4985824}, "cmdq": 3, "read": {"device_start": 1585621475.4985838, "device_end": 1585621475.4986064}}, "FFC_sans_bias52": {"write": {"device_start": -1, "host_queued_start": 1585621541.924836, "device_queued": -1, "device_end": -1, "host_queued_end": 1585621541.924881}, "device": "cpu", "nd_range": {"device_start": 2289316.2851211904, "device_end": 2289316.289676694}, "cmdq": 0, "read": {"device_start": -1, "device_end": -1}}, "FFC_sans_bias9": {"write": {"device_start": -1, "host_queued_start": 1585621541.895845, "device_queued": -1, "device_end": -1, "host_queued_end": 1585621541.924881}, "device": "cpu", "nd_range": {"device_start": 2289316.1268021134, "device_end": 2289316.1306625702}, "cmdq": 0, "read": {"device_start": -1, "device_end": -1}}, "coalesced_transpose39": {"write": {"device_start": -1, "host_queued_start": 1585621541.912523, "device_queued": -1, "device_end": -1, "host_queued_end": 1585621541.924881}, "device": "cpu", "nd_range": {"device_start": 2289316.200620509, "device_end": 2289316.200792383}, "cmdq": 0, "read": {"device_start": -1, "device_end": -1}}, "FFC_sans_bias55": {"write": {"device_start": 1585621475.4952106, "host_queued_start": 1585621541.883739, "device_queued": 1585621475.49491, "device_end": 1585621475.4952364, "host_queued_end": 1585621541.886185}, "device": "gpu", "nd_range": {"device_start": 1585621475.4952407, "device_end": 1585621475.4966595}, "cmdq": 3, "read": {"device_start": -1, "device_end": -1}}, "FFC_sans_bias54": {"write": {"device_start": 1585621475.4951305, "host_queued_start": 1585621541.882657, "device_queued": 1585621475.494893, "device_end": 1585621475.4952023, "host_queued_end": 1585621541.886185}, "device": "gpu", "nd_range": {"device_start": 1585621475.4952085, "device_end": 1585621475.4961765}, "cmdq": 2, "read": {"device_start": -1, "device_end": -1}}, "FFC_sans_bias56": {"write": {"device_start": 1585621475.4950323, "host_queued_start": 1585621541.881512, "device_queued": 1585621475.4948742, "device_end": 1585621475.495104, "host_queued_end": 1585621541.886185}, "device": "gpu", "nd_range": {"device_start": 1585621475.4951522, "device_end": 1585621475.4957697}, "cmdq": 1, "read": {"device_start": -1, "device_end": -1}}, "FFC_sans_bias51": {"write": {"device_start": -1, "host_queued_start": 1585621541.918665, "device_queued": -1, "device_end": -1, "host_queued_end": 1585621541.924881}, "device": "cpu", "nd_range": {"device_start": 2289316.257966752, "device_end": 2289316.2626421982}, "cmdq": 0, "read": {"device_start": -1, "device_end": -1}}, "softmax23": {"write": {"device_start": -1, "host_queued_start": 1585621541.915761, "device_queued": -1, "device_end": -1, "host_queued_end": 1585621541.924881}, "device": "cpu", "nd_range": {"device_start": 2289316.234740327, "device_end": 2289316.234857932}, "cmdq": 0, "read": {"device_start": -1, "device_end": -1}}, "FFC_sans_bias37": {"write": {"device_start": -1, "host_queued_start": 1585621541.906489, "device_queued": -1, "device_end": -1, "host_queued_end": 1585621541.924881}, "device": "cpu", "nd_range": {"device_start": 2289316.1722270884, "device_end": 2289316.176661401}, "cmdq": 0, "read": {"device_start": -1, "device_end": -1}}, "empty62": {"write": {"device_start": 1585621475.4949002, "host_queued_start": 1585621541.880149, "device_queued": 1585621475.494785, "device_end": 1585621475.4949586, "host_queued_end": 1585621541.886185}, "device": "gpu", "nd_range": {"device_start": 1585621475.494968, "device_end": 1585621475.4949725}, "cmdq": 0, "read": {"device_start": -1, "device_end": -1}}, "FFC_sans_bias58": {"write": {"device_start": -1, "host_queued_start": 1585621541.884485, "device_queued": -1, "device_end": -1, "host_queued_end": 1585621541.886185}, "device": "gpu", "nd_range": {"device_start": 1585621475.4966772, "device_end": 1585621475.497182}, "cmdq": 0, "read": {"device_start": -1, "device_end": -1}}, "softmax41": {"write": {"device_start": -1, "host_queued_start": 1585621541.916312, "device_queued": -1, "device_end": -1, "host_queued_end": 1585621541.924881}, "device": "cpu", "nd_range": {"device_start": 2289316.234998758, "device_end": 2289316.235112985}, "cmdq": 0, "read": {"device_start": -1, "device_end": -1}}, "FFC_sans_bias11": {"write": {"device_start": -1, "host_queued_start": 1585621541.897965, "device_queued": -1, "device_end": -1, "host_queued_end": 1585621541.924881}, "device": "cpu", "nd_range": {"device_start": 2289316.135577713, "device_end": 2289316.140031739}, "cmdq": 0, "read": {"device_start": -1, "device_end": -1}}, "FFC_sans_bias10": {"write": {"device_start": -1, "host_queued_start": 1585621541.896903, "device_queued": -1, "device_end": -1, "host_queued_end": 1585621541.924881}, "device": "cpu", "nd_range": {"device_start": 2289316.1307920143, "device_end": 2289316.135571821}, "cmdq": 0, "read": {"device_start": -1, "device_end": -1}}, "coalesced_transpose3": {"write": {"device_start": -1, "host_queued_start": 1585621541.911133, "device_queued": -1, "device_end": -1, "host_queued_end": 1585621541.924881}, "device": "cpu", "nd_range": {"device_start": 2289316.199438551, "device_end": 2289316.1996210213}, "cmdq": 0, "read": {"device_start": -1, "device_end": -1}}, "FFC_sans_bias34": {"write": {"device_start": -1, "host_queued_start": 1585621541.922833, "device_queued": -1, "device_end": -1, "host_queued_end": 1585621541.924881}, "device": "cpu", "nd_range": {"device_start": 2289316.275857735, "device_end": 2289316.280615746}, "cmdq": 0, "read": {"device_start": -1, "device_end": -1}}, "FFC_sans_bias15": {"write": {"device_start": -1, "host_queued_start": 1585621541.917273, "device_queued": -1, "device_end": -1, "host_queued_end": 1585621541.924881}, "device": "cpu", "nd_range": {"device_start": 2289316.2395577463, "device_end": 2289316.2443491}, "cmdq": 0, "read": {"device_start": -1, "device_end": -1}}, "FFC_sans_bias31": {"write": {"device_start": -1, "host_queued_start": 1585621541.914234, "device_queued": -1, "device_end": -1, "host_queued_end": 1585621541.924881}, "device": "cpu", "nd_range": {"device_start": 2289316.218741368, "device_end": 2289316.2240762273}, "cmdq": 0, "read": {"device_start": -1, "device_end": -1}}, "FFC_sans_bias16": {"write": {"device_start": -1, "host_queued_start": 1585621541.920736, "device_queued": -1, "device_end": -1, "host_queued_end": 1585621541.924881}, "device": "cpu", "nd_range": {"device_start": 2289316.266968083, "device_end": 2289316.271549588}, "cmdq": 0, "read": {"device_start": -1, "device_end": -1}}, "FFC_sans_bias19": {"write": {"device_start": -1, "host_queued_start": 1585621541.900117, "device_queued": -1, "device_end": -1, "host_queued_end": 1585621541.924881}, "device": "cpu", "nd_range": {"device_start": 2289316.144907292, "device_end": 2289316.1492412803}, "cmdq": 0, "read": {"device_start": -1, "device_end": -1}}, "FFC_sans_bias18": {"write": {"device_start": -1, "host_queued_start": 1585621541.89906, "device_queued": -1, "device_end": -1, "host_queued_end": 1585621541.924881}, "device": "cpu", "nd_range": {"device_start": 2289316.140158728, "device_end": 2289316.144787137}, "cmdq": 0, "read": {"device_start": -1, "device_end": -1}}, "coalesced_transpose30": {"write": {"device_start": -1, "host_queued_start": 1585621541.912193, "device_queued": -1, "device_end": -1, "host_queued_end": 1585621541.924881}, "device": "cpu", "nd_range": {"device_start": 2289316.200333389, "device_end": 2289316.200501985}, "cmdq": 0, "read": {"device_start": -1, "device_end": -1}}, "FFC_sans_bias38": {"write": {"device_start": -1, "host_queued_start": 1585621541.907571, "device_queued": -1, "device_end": -1, "host_queued_end": 1585621541.924881}, "device": "cpu", "nd_range": {"device_start": 2289316.1766669163, "device_end": 2289316.1816897383}, "cmdq": 0, "read": {"device_start": -1, "device_end": -1}}, "coalesced_transpose57": {"write": {"device_start": -1, "host_queued_start": 1585621541.884095, "device_queued": -1, "device_end": -1, "host_queued_end": 1585621541.886185}, "device": "gpu", "nd_range": {"device_start": 1585621475.496663, "device_end": 1585621475.496671}, "cmdq": 4, "read": {"device_start": -1, "device_end": -1}}, "empty26": {"write": {"device_start": -1, "host_queued_start": 1585621541.889189, "device_queued": -1, "device_end": -1, "host_queued_end": 1585621541.924881}, "device": "cpu", "nd_range": {"device_start": 2289316.114522873, "device_end": 2289316.1145235454}, "cmdq": 0, "read": {"device_start": -1, "device_end": -1}}, "coalesced_transpose12": {"write": {"device_start": -1, "host_queued_start": 1585621541.911525, "device_queued": -1, "device_end": -1, "host_queued_end": 1585621541.924881}, "device": "cpu", "nd_range": {"device_start": 2289316.199750225, "device_end": 2289316.19991853}, "cmdq": 0, "read": {"device_start": -1, "device_end": -1}}, "empty44": {"write": {"device_start": -1, "host_queued_start": 1585621541.890871, "device_queued": -1, "device_end": -1, "host_queued_end": 1585621541.924881}, "device": "cpu", "nd_range": {"device_start": 2289316.114531822, "device_end": 2289316.114532329}, "cmdq": 0, "read": {"device_start": -1, "device_end": -1}}, "coalesced_transpose21": {"write": {"device_start": -1, "host_queued_start": 1585621541.911862, "device_queued": -1, "device_end": -1, "host_queued_end": 1585621541.924881}, "device": "cpu", "nd_range": {"device_start": 2289316.200045904, "device_end": 2289316.200212946}, "cmdq": 0, "read": {"device_start": -1, "device_end": -1}}, "FFC_sans_bias36": {"write": {"device_start": -1, "host_queued_start": 1585621541.905441, "device_queued": -1, "device_end": -1, "host_queued_end": 1585621541.924881}, "device": "cpu", "nd_range": {"device_start": 2289316.167652546, "device_end": 2289316.172222366}, "cmdq": 0, "read": {"device_start": -1, "device_end": -1}}, "softmax14": {"write": {"device_start": -1, "host_queued_start": 1585621541.915485, "device_queued": -1, "device_end": -1, "host_queued_end": 1585621541.924881}, "device": "cpu", "nd_range": {"device_start": 2289316.234633439, "device_end": 2289316.234733235}, "cmdq": 0, "read": {"device_start": -1, "device_end": -1}}, "FFC_sans_bias13": {"write": {"device_start": -1, "host_queued_start": 1585621541.913548, "device_queued": -1, "device_end": -1, "host_queued_end": 1585621541.924881}, "device": "cpu", "nd_range": {"device_start": 2289316.206788292, "device_end": 2289316.212250002}, "cmdq": 0, "read": {"device_start": -1, "device_end": -1}}, "empty8": {"write": {"device_start": -1, "host_queued_start": 1585621541.887426, "device_queued": -1, "device_end": -1, "host_queued_end": 1585621541.924881}, "device": "cpu", "nd_range": {"device_start": 2289316.1144839153, "device_end": 2289316.11449632}, "cmdq": 0, "read": {"device_start": -1, "device_end": -1}}, "FFC_sans_bias42": {"write": {"device_start": -1, "host_queued_start": 1585621541.918315, "device_queued": -1, "device_end": -1, "host_queued_end": 1585621541.924881}, "device": "cpu", "nd_range": {"device_start": 2289316.253649693, "device_end": 2289316.257961219}, "cmdq": 0, "read": {"device_start": -1, "device_end": -1}}, "FFC_sans_bias43": {"write": {"device_start": -1, "host_queued_start": 1585621541.923835, "device_queued": -1, "device_end": -1, "host_queued_end": 1585621541.924881}, "device": "cpu", "nd_range": {"device_start": 2289316.2806185842, "device_end": 2289316.285118427}, "cmdq": 0, "read": {"device_start": -1, "device_end": -1}}, "FFC_sans_bias40": {"write": {"device_start": -1, "host_queued_start": 1585621541.914583, "device_queued": -1, "device_end": -1, "host_queued_end": 1585621541.924881}, "device": "cpu", "nd_range": {"device_start": 2289316.224296189, "device_end": 2289316.229593596}, "cmdq": 0, "read": {"device_start": -1, "device_end": -1}}, "softmax32": {"write": {"device_start": -1, "host_queued_start": 1585621541.916035, "device_queued": -1, "device_end": -1, "host_queued_end": 1585621541.924881}, "device": "cpu", "nd_range": {"device_start": 2289316.234864438, "device_end": 2289316.234991886}, "cmdq": 0, "read": {"device_start": -1, "device_end": -1}}, "FFC_sans_bias47": {"write": {"device_start": -1, "host_queued_start": 1585621541.910794, "device_queued": -1, "device_end": -1, "host_queued_end": 1585621541.924881}, "device": "cpu", "nd_range": {"device_start": 2289316.192771598, "device_end": 2289316.199143921}, "cmdq": 0, "read": {"device_start": -1, "device_end": -1}}, "FFC_sans_bias45": {"write": {"device_start": -1, "host_queued_start": 1585621541.908658, "device_queued": -1, "device_end": -1, "host_queued_end": 1585621541.924881}, "device": "cpu", "nd_range": {"device_start": 2289316.1816947754, "device_end": 2289316.186282683}, "cmdq": 0, "read": {"device_start": -1, "device_end": -1}}, "softmax50": {"write": {"device_start": -1, "host_queued_start": 1585621541.916585, "device_queued": -1, "device_end": -1, "host_queued_end": 1585621541.924881}, "device": "cpu", "nd_range": {"device_start": 2289316.235118831, "device_end": 2289316.235230388}, "cmdq": 0, "read": {"device_start": -1, "device_end": -1}}, "FFC_sans_bias33": {"write": {"device_start": -1, "host_queued_start": 1585621541.917967, "device_queued": -1, "device_end": -1, "host_queued_end": 1585621541.924881}, "device": "cpu", "nd_range": {"device_start": 2289316.2488603382, "device_end": 2289316.253644398}, "cmdq": 0, "read": {"device_start": -1, "device_end": -1}}, "FFC_sans_bias49": {"write": {"device_start": -1, "host_queued_start": 1585621541.914927, "device_queued": -1, "device_end": -1, "host_queued_end": 1585621541.924881}, "device": "cpu", "nd_range": {"device_start": 2289316.2296024463, "device_end": 2289316.234346065}, "cmdq": 0, "read": {"device_start": -1, "device_end": -1}}, "FFC_sans_bias24": {"write": {"device_start": -1, "host_queued_start": 1585621541.917617, "device_queued": -1, "device_end": -1, "host_queued_end": 1585621541.924881}, "device": "cpu", "nd_range": {"device_start": 2289316.244354392, "device_end": 2289316.24885469}, "cmdq": 0, "read": {"device_start": -1, "device_end": -1}}, "FFC_sans_bias25": {"write": {"device_start": -1, "host_queued_start": 1585621541.921763, "device_queued": -1, "device_end": -1, "host_queued_end": 1585621541.924881}, "device": "cpu", "nd_range": {"device_start": 2289316.271552546, "device_end": 2289316.2758546383}, "cmdq": 0, "read": {"device_start": -1, "device_end": -1}}, "FFC_sans_bias27": {"write": {"device_start": -1, "host_queued_start": 1585621541.902237, "device_queued": -1, "device_end": -1, "host_queued_end": 1585621541.924881}, "device": "cpu", "nd_range": {"device_start": 2289316.1538037662, "device_end": 2289316.1584131303}, "cmdq": 0, "read": {"device_start": -1, "device_end": -1}}, "FFC_sans_bias20": {"write": {"device_start": -1, "host_queued_start": 1585621541.901174, "device_queued": -1, "device_end": -1, "host_queued_end": 1585621541.924881}, "device": "cpu", "nd_range": {"device_start": 2289316.1492469013, "device_end": 2289316.1537985574}, "cmdq": 0, "read": {"device_start": -1, "device_end": -1}}, "FFC_sans_bias22": {"write": {"device_start": -1, "host_queued_start": 1585621541.913894, "device_queued": -1, "device_end": -1, "host_queued_end": 1585621541.924881}, "device": "cpu", "nd_range": {"device_start": 2289316.212275396, "device_end": 2289316.218721869}, "cmdq": 0, "read": {"device_start": -1, "device_end": -1}}, "softmax5": {"write": {"device_start": -1, "host_queued_start": 1585621541.91521, "device_queued": -1, "device_end": -1, "host_queued_end": 1585621541.924881}, "device": "cpu", "nd_range": {"device_start": 2289316.234353709, "device_end": 2289316.2344985562}, "cmdq": 0, "read": {"device_start": -1, "device_end": -1}}, "FFC_sans_bias28": {"write": {"device_start": -1, "host_queued_start": 1585621541.903322, "device_queued": -1, "device_end": -1, "host_queued_end": 1585621541.924881}, "device": "cpu", "nd_range": {"device_start": 2289316.1584188333, "device_end": 2289316.1631977963}, "cmdq": 0, "read": {"device_start": -1, "device_end": -1}}, "FFC_sans_bias29": {"write": {"device_start": -1, "host_queued_start": 1585621541.90439, "device_queued": -1, "device_end": -1, "host_queued_end": 1585621541.924881}, "device": "cpu", "nd_range": {"device_start": 2289316.163203061, "device_end": 2289316.167638249}, "cmdq": 0, "read": {"device_start": -1, "device_end": -1}}, "empty17": {"write": {"device_start": -1, "host_queued_start": 1585621541.888341, "device_queued": -1, "device_end": -1, "host_queued_end": 1585621541.924881}, "device": "cpu", "nd_range": {"device_start": 2289316.114517753, "device_end": 2289316.114518552}, "cmdq": 0, "read": {"device_start": -1, "device_end": -1}}, "softmax59": {"write": {"device_start": -1, "host_queued_start": 1585621541.88474, "device_queued": -1, "device_end": -1, "host_queued_end": 1585621541.886185}, "device": "gpu", "nd_range": {"device_start": 1585621475.4971898, "device_end": 1585621475.4973814}, "cmdq": 1, "read": {"device_start": -1, "device_end": -1}}, "empty35": {"write": {"device_start": -1, "host_queued_start": 1585621541.889995, "device_queued": -1, "device_end": -1, "host_queued_end": 1585621541.924881}, "device": "cpu", "nd_range": {"device_start": 2289316.114527515, "device_end": 2289316.114528274}, "cmdq": 0, "read": {"device_start": -1, "device_end": -1}}, "empty53": {"write": {"device_start": -1, "host_queued_start": 1585621541.891676, "device_queued": -1, "device_end": -1, "host_queued_end": 1585621541.924881}, "device": "cpu", "nd_range": {"device_start": 2289316.1145374263, "device_end": 2289316.1145380842}, "cmdq": 0, "read": {"device_start": -1, "device_end": -1}}, "FFC_sans_bias46": {"write": {"device_start": -1, "host_queued_start": 1585621541.909713, "device_queued": -1, "device_end": -1, "host_queued_end": 1585621541.924881}, "device": "cpu", "nd_range": {"device_start": 2289316.1862877063, "device_end": 2289316.192265603}, "cmdq": 0, "read": {"device_start": -1, "device_end": -1}}, "coalesced_transpose48": {"write": {"device_start": -1, "host_queued_start": 1585621541.912858, "device_queued": -1, "device_end": -1, "host_queued_end": 1585621541.924881}, "device": "cpu", "nd_range": {"device_start": 2289316.2009153673, "device_end": 2289316.201086463}, "cmdq": 0, "read": {"device_start": -1, "device_end": -1}}}