{"FFC_sans_bias60": {"write": {"device_start": -1, "host_queued_start": 1585621799.373507, "device_queued": -1, "device_end": -1, "host_queued_end": 1585621799.378134}, "device": "gpu", "nd_range": {"device_start": 1585621732.9893944, "device_end": 1585621732.9903853}, "cmdq": 0, "read": {"device_start": -1, "device_end": -1}}, "FFC_sans_bias4": {"write": {"device_start": -1, "host_queued_start": 1585621799.398005, "device_queued": -1, "device_end": -1, "host_queued_end": 1585621799.405801}, "device": "cpu", "nd_range": {"device_start": 2289573.6478597093, "device_end": 2289573.6581280683}, "cmdq": 0, "read": {"device_start": -1, "device_end": -1}}, "FFC_sans_bias7": {"write": {"device_start": -1, "host_queued_start": 1585621799.402669, "device_queued": -1, "device_end": -1, "host_queued_end": 1585621799.405801}, "device": "cpu", "nd_range": {"device_start": 2289573.685925899, "device_end": 2289573.699022142}, "cmdq": 0, "read": {"device_start": -1, "device_end": -1}}, "FFC_sans_bias6": {"write": {"device_start": -1, "host_queued_start": 1585621799.400557, "device_queued": -1, "device_end": -1, "host_queued_end": 1585621799.405801}, "device": "cpu", "nd_range": {"device_start": 2289573.666565368, "device_end": 2289573.6725565293}, "cmdq": 0, "read": {"device_start": -1, "device_end": -1}}, "FFC_sans_bias1": {"write": {"device_start": -1, "host_queued_start": 1585621799.385159, "device_queued": -1, "device_end": -1, "host_queued_end": 1585621799.405801}, "device": "cpu", "nd_range": {"device_start": 2289573.5954344124, "device_end": 2289573.603633834}, "cmdq": 1, "read": {"device_start": -1, "device_end": -1}}, "FFC_sans_bias0": {"write": {"device_start": -1, "host_queued_start": 1585621799.38396, "device_queued": -1, "device_end": -1, "host_queued_end": 1585621799.405801}, "device": "cpu", "nd_range": {"device_start": 2289573.59543292, "device_end": 2289573.60363354}, "cmdq": 0, "read": {"device_start": -1, "device_end": -1}}, "FFC_sans_bias2": {"write": {"device_start": -1, "host_queued_start": 1585621799.386224, "device_queued": -1, "device_end": -1, "host_queued_end": 1585621799.405801}, "device": "cpu", "nd_range": {"device_start": 2289573.603651, "device_end": 2289573.6125344583}, "cmdq": 0, "read": {"device_start": -1, "device_end": -1}}, "FFC_sans_bias61": {"write": {"device_start": 1585621732.9915872, "host_queued_start": 1585621799.376985, "device_queued": 1585621732.9829025, "device_end": 1585621732.991613, "host_queued_end": 1585621799.378134}, "device": "gpu", "nd_range": {"device_start": 1585621732.9916155, "device_end": 1585621732.9922764}, "cmdq": 0, "read": {"device_start": 1585621732.9922836, "device_end": 1585621732.9923067}}, "FFC_sans_bias52": {"write": {"device_start": 1585621732.9909263, "host_queued_start": 1585621799.375926, "device_queued": 1585621732.9826705, "device_end": 1585621732.9909568, "host_queued_end": 1585621799.378134}, "device": "gpu", "nd_range": {"device_start": 1585621732.9909606, "device_end": 1585621732.9917758}, "cmdq": 1, "read": {"device_start": 1585621732.9917774, "device_end": 1585621732.991807}}, "FFC_sans_bias9": {"write": {"device_start": -1, "host_queued_start": 1585621799.387306, "device_queued": -1, "device_end": -1, "host_queued_end": 1585621799.405801}, "device": "cpu", "nd_range": {"device_start": 2289573.603650919, "device_end": 2289573.611321504}, "cmdq": 1, "read": {"device_start": -1, "device_end": -1}}, "coalesced_transpose39": {"write": {"device_start": -1, "host_queued_start": 1585621799.369342, "device_queued": -1, "device_end": -1, "host_queued_end": 1585621799.378134}, "device": "gpu", "nd_range": {"device_start": 1585621732.9860952, "device_end": 1585621732.986455}, "cmdq": 0, "read": {"device_start": -1, "device_end": -1}}, "FFC_sans_bias55": {"write": {"device_start": 1585621732.9842618, "host_queued_start": 1585621799.365846, "device_queued": 1585621732.981316, "device_end": 1585621732.9842873, "host_queued_end": 1585621799.378134}, "device": "gpu", "nd_range": {"device_start": 1585621732.9842927, "device_end": 1585621732.985117}, "cmdq": 0, "read": {"device_start": -1, "device_end": -1}}, "FFC_sans_bias54": {"write": {"device_start": 1585621732.9837775, "host_queued_start": 1585621799.364796, "device_queued": 1585621732.9811833, "device_end": 1585621732.9838107, "host_queued_end": 1585621799.378134}, "device": "gpu", "nd_range": {"device_start": 1585621732.983817, "device_end": 1585621732.9846468}, "cmdq": 1, "read": {"device_start": -1, "device_end": -1}}, "FFC_sans_bias56": {"write": {"device_start": 1585621732.9833157, "host_queued_start": 1585621799.363747, "device_queued": 1585621732.9811409, "device_end": 1585621732.9833465, "host_queued_end": 1585621799.378134}, "device": "gpu", "nd_range": {"device_start": 1585621732.9833503, "device_end": 1585621732.98415}, "cmdq": 0, "read": {"device_start": -1, "device_end": -1}}, "FFC_sans_bias51": {"write": {"device_start": -1, "host_queued_start": 1585621799.373191, "device_queued": -1, "device_end": -1, "host_queued_end": 1585621799.378134}, "device": "gpu", "nd_range": {"device_start": 1585621732.98908, "device_end": 1585621732.9897947}, "cmdq": 1, "read": {"device_start": -1, "device_end": -1}}, "softmax23": {"write": {"device_start": -1, "host_queued_start": 1585621799.399919, "device_queued": -1, "device_end": -1, "host_queued_end": 1585621799.405801}, "device": "cpu", "nd_range": {"device_start": 2289573.6663499703, "device_end": 2289573.666446667}, "cmdq": 0, "read": {"device_start": -1, "device_end": -1}}, "FFC_sans_bias37": {"write": {"device_start": 1585621732.9806552, "host_queued_start": 1585621799.358228, "device_queued": 1585621732.9805088, "device_end": 1585621732.9806879, "host_queued_end": 1585621799.378134}, "device": "gpu", "nd_range": {"device_start": 1585621732.9806921, "device_end": 1585621732.9816742}, "cmdq": 1, "read": {"device_start": -1, "device_end": -1}}, "empty62": {"write": {"device_start": 1585621732.980297, "host_queued_start": 1585621799.35537, "device_queued": 1585621732.9800851, "device_end": 1585621732.9803638, "host_queued_end": 1585621799.378134}, "device": "gpu", "nd_range": {"device_start": 1585621732.980371, "device_end": 1585621732.9803762}, "cmdq": 0, "read": {"device_start": -1, "device_end": -1}}, "FFC_sans_bias70": {"write": {"device_start": 1585621732.9920259, "host_queued_start": 1585621799.378033, "device_queued": 1585621732.9829562, "device_end": 1585621732.9920566, "host_queued_end": 1585621799.378134}, "device": "gpu", "nd_range": {"device_start": 1585621732.99206, "device_end": 1585621732.9927268}, "cmdq": 1, "read": {"device_start": 1585621732.9927356, "device_end": 1585621732.992759}}, "FFC_sans_bias58": {"write": {"device_start": -1, "host_queued_start": 1585621799.371245, "device_queued": -1, "device_end": -1, "host_queued_end": 1585621799.378134}, "device": "gpu", "nd_range": {"device_start": 1585621732.987082, "device_end": 1585621732.9880679}, "cmdq": 0, "read": {"device_start": -1, "device_end": -1}}, "softmax41": {"write": {"device_start": -1, "host_queued_start": 1585621799.371817, "device_queued": -1, "device_end": -1, "host_queued_end": 1585621799.378134}, "device": "gpu", "nd_range": {"device_start": 1585621732.988069, "device_end": 1585621732.9885778}, "cmdq": 0, "read": {"device_start": -1, "device_end": -1}}, "FFC_sans_bias11": {"write": {"device_start": -1, "host_queued_start": 1585621799.389539, "device_queued": -1, "device_end": -1, "host_queued_end": 1585621799.405801}, "device": "cpu", "nd_range": {"device_start": 2289573.611454362, "device_end": 2289573.6238365322}, "cmdq": 1, "read": {"device_start": -1, "device_end": -1}}, "FFC_sans_bias10": {"write": {"device_start": -1, "host_queued_start": 1585621799.388365, "device_queued": -1, "device_end": -1, "host_queued_end": 1585621799.405801}, "device": "cpu", "nd_range": {"device_start": 2289573.612657139, "device_end": 2289573.6203474933}, "cmdq": 0, "read": {"device_start": -1, "device_end": -1}}, "coalesced_transpose3": {"write": {"device_start": -1, "host_queued_start": 1585621799.396591, "device_queued": -1, "device_end": -1, "host_queued_end": 1585621799.405801}, "device": "cpu", "nd_range": {"device_start": 2289573.647136146, "device_end": 2289573.647300503}, "cmdq": 0, "read": {"device_start": -1, "device_end": -1}}, "FFC_sans_bias34": {"write": {"device_start": -1, "host_queued_start": 1585621799.405756, "device_queued": -1, "device_end": -1, "host_queued_end": 1585621799.405801}, "device": "cpu", "nd_range": {"device_start": 2289573.692738754, "device_end": 2289573.6980189523}, "cmdq": 1, "read": {"device_start": -1, "device_end": -1}}, "FFC_sans_bias15": {"write": {"device_start": -1, "host_queued_start": 1585621799.400908, "device_queued": -1, "device_end": -1, "host_queued_end": 1585621799.405801}, "device": "cpu", "nd_range": {"device_start": 2289573.668305975, "device_end": 2289573.675501762}, "cmdq": 1, "read": {"device_start": -1, "device_end": -1}}, "FFC_sans_bias31": {"write": {"device_start": -1, "host_queued_start": 1585621799.39907, "device_queued": -1, "device_end": -1, "host_queued_end": 1585621799.405801}, "device": "cpu", "nd_range": {"device_start": 2289573.655882216, "device_end": 2289573.6675329683}, "cmdq": 1, "read": {"device_start": -1, "device_end": -1}}, "FFC_sans_bias16": {"write": {"device_start": -1, "host_queued_start": 1585621799.403665, "device_queued": -1, "device_end": -1, "host_queued_end": 1585621799.405801}, "device": "cpu", "nd_range": {"device_start": 2289573.684468476, "device_end": 2289573.6927324464}, "cmdq": 1, "read": {"device_start": -1, "device_end": -1}}, "FFC_sans_bias19": {"write": {"device_start": -1, "host_queued_start": 1585621799.391997, "device_queued": -1, "device_end": -1, "host_queued_end": 1585621799.405801}, "device": "cpu", "nd_range": {"device_start": 2289573.623956481, "device_end": 2289573.631124541}, "cmdq": 1, "read": {"device_start": -1, "device_end": -1}}, "FFC_sans_bias18": {"write": {"device_start": -1, "host_queued_start": 1585621799.390836, "device_queued": -1, "device_end": -1, "host_queued_end": 1585621799.405801}, "device": "cpu", "nd_range": {"device_start": 2289573.620473911, "device_end": 2289573.626469661}, "cmdq": 0, "read": {"device_start": -1, "device_end": -1}}, "coalesced_transpose30": {"write": {"device_start": -1, "host_queued_start": 1585621799.397658, "device_queued": -1, "device_end": -1, "host_queued_end": 1585621799.405801}, "device": "cpu", "nd_range": {"device_start": 2289573.64714295, "device_end": 2289573.647353428}, "cmdq": 1, "read": {"device_start": -1, "device_end": -1}}, "FFC_sans_bias69": {"write": {"device_start": -1, "host_queued_start": 1585621799.373825, "device_queued": -1, "device_end": -1, "host_queued_end": 1585621799.378134}, "device": "gpu", "nd_range": {"device_start": 1585621732.989796, "device_end": 1585621732.9907923}, "cmdq": 1, "read": {"device_start": -1, "device_end": -1}}, "FFC_sans_bias38": {"write": {"device_start": 1585621732.9814045, "host_queued_start": 1585621799.359312, "device_queued": 1585621732.9807284, "device_end": 1585621732.9814303, "host_queued_end": 1585621799.378134}, "device": "gpu", "nd_range": {"device_start": 1585621732.9814339, "device_end": 1585621732.982228}, "cmdq": 0, "read": {"device_start": -1, "device_end": -1}}, "coalesced_transpose57": {"write": {"device_start": -1, "host_queued_start": 1585621799.369947, "device_queued": -1, "device_end": -1, "host_queued_end": 1585621799.378134}, "device": "gpu", "nd_range": {"device_start": 1585621732.9864562, "device_end": 1585621732.9864802}, "cmdq": 0, "read": {"device_start": -1, "device_end": -1}}, "empty26": {"write": {"device_start": -1, "host_queued_start": 1585621799.381872, "device_queued": -1, "device_end": -1, "host_queued_end": 1585621799.405801}, "device": "cpu", "nd_range": {"device_start": 2289573.5954246023, "device_end": 2289573.595425907}, "cmdq": 0, "read": {"device_start": -1, "device_end": -1}}, "coalesced_transpose12": {"write": {"device_start": -1, "host_queued_start": 1585621799.396928, "device_queued": -1, "device_end": -1, "host_queued_end": 1585621799.405801}, "device": "cpu", "nd_range": {"device_start": 2289573.643970711, "device_end": 2289573.644220664}, "cmdq": 1, "read": {"device_start": -1, "device_end": -1}}, "empty44": {"write": {"device_start": 1585621732.9800541, "host_queued_start": 1585621799.353416, "device_queued": 1585621732.9799113, "device_end": 1585621732.9801042, "host_queued_end": 1585621799.378134}, "device": "gpu", "nd_range": {"device_start": 1585621732.9801097, "device_end": 1585621732.9801216}, "cmdq": 0, "read": {"device_start": -1, "device_end": -1}}, "coalesced_transpose21": {"write": {"device_start": -1, "host_queued_start": 1585621799.397328, "device_queued": -1, "device_end": -1, "host_queued_end": 1585621799.405801}, "device": "cpu", "nd_range": {"device_start": 2289573.6475064512, "device_end": 2289573.647754563}, "cmdq": 0, "read": {"device_start": -1, "device_end": -1}}, "FFC_sans_bias36": {"write": {"device_start": 1585621732.980559, "host_queued_start": 1585621799.357163, "device_queued": 1585621732.9804575, "device_end": 1585621732.980654, "host_queued_end": 1585621799.378134}, "device": "gpu", "nd_range": {"device_start": 1585621732.9806566, "device_end": 1585621732.9812615}, "cmdq": 0, "read": {"device_start": -1, "device_end": -1}}, "softmax14": {"write": {"device_start": -1, "host_queued_start": 1585621799.399643, "device_queued": -1, "device_end": -1, "host_queued_end": 1585621799.405801}, "device": "cpu", "nd_range": {"device_start": 2289573.6676505962, "device_end": 2289573.6678653304}, "cmdq": 1, "read": {"device_start": -1, "device_end": -1}}, "FFC_sans_bias13": {"write": {"device_start": -1, "host_queued_start": 1585621799.398352, "device_queued": -1, "device_end": -1, "host_queued_end": 1585621799.405801}, "device": "cpu", "nd_range": {"device_start": 2289573.647369043, "device_end": 2289573.6557452152}, "cmdq": 1, "read": {"device_start": -1, "device_end": -1}}, "empty8": {"write": {"device_start": -1, "host_queued_start": 1585621799.379671, "device_queued": -1, "device_end": -1, "host_queued_end": 1585621799.405801}, "device": "cpu", "nd_range": {"device_start": 2289573.59539044, "device_end": 2289573.5954033993}, "cmdq": 0, "read": {"device_start": -1, "device_end": -1}}, "FFC_sans_bias42": {"write": {"device_start": -1, "host_queued_start": 1585621799.372871, "device_queued": -1, "device_end": -1, "host_queued_end": 1585621799.378134}, "device": "gpu", "nd_range": {"device_start": 1585621732.98879, "device_end": 1585621732.9893935}, "cmdq": 0, "read": {"device_start": -1, "device_end": -1}}, "FFC_sans_bias43": {"write": {"device_start": 1585621732.990533, "host_queued_start": 1585621799.374869, "device_queued": 1585621732.9826274, "device_end": 1585621732.9905586, "host_queued_end": 1585621799.378134}, "device": "gpu", "nd_range": {"device_start": 1585621732.9905672, "device_end": 1585621732.991356}, "cmdq": 0, "read": {"device_start": 1585621732.9913602, "device_end": 1585621732.9913855}}, "FFC_sans_bias40": {"write": {"device_start": -1, "host_queued_start": 1585621799.370564, "device_queued": -1, "device_end": -1, "host_queued_end": 1585621799.378134}, "device": "gpu", "nd_range": {"device_start": 1585621732.9864814, "device_end": 1585621732.9870808}, "cmdq": 0, "read": {"device_start": -1, "device_end": -1}}, "softmax32": {"write": {"device_start": -1, "host_queued_start": 1585621799.400206, "device_queued": -1, "device_end": -1, "host_queued_end": 1585621799.405801}, "device": "cpu", "nd_range": {"device_start": 2289573.667976783, "device_end": 2289573.668192407}, "cmdq": 1, "read": {"device_start": -1, "device_end": -1}}, "FFC_sans_bias47": {"write": {"device_start": 1585621732.982794, "host_queued_start": 1585621799.362494, "device_queued": 1585621732.9809813, "device_end": 1585621732.9828267, "host_queued_end": 1585621799.378134}, "device": "gpu", "nd_range": {"device_start": 1585621732.9828312, "device_end": 1585621732.983657}, "cmdq": 1, "read": {"device_start": -1, "device_end": -1}}, "FFC_sans_bias45": {"write": {"device_start": 1585621732.9818032, "host_queued_start": 1585621799.360362, "device_queued": 1585621732.9807825, "device_end": 1585621732.9818285, "host_queued_end": 1585621799.378134}, "device": "gpu", "nd_range": {"device_start": 1585621732.981833, "device_end": 1585621732.9826694}, "cmdq": 1, "read": {"device_start": -1, "device_end": -1}}, "softmax50": {"write": {"device_start": -1, "host_queued_start": 1585621799.372065, "device_queued": -1, "device_end": -1, "host_queued_end": 1585621799.378134}, "device": "gpu", "nd_range": {"device_start": 1585621732.9885252, "device_end": 1585621732.988738}, "cmdq": 1, "read": {"device_start": -1, "device_end": -1}}, "FFC_sans_bias33": {"write": {"device_start": -1, "host_queued_start": 1585621799.401615, "device_queued": -1, "device_end": -1, "host_queued_end": 1585621799.405801}, "device": "cpu", "nd_range": {"device_start": 2289573.675605645, "device_end": 2289573.684461169}, "cmdq": 1, "read": {"device_start": -1, "device_end": -1}}, "FFC_sans_bias63": {"write": {"device_start": 1585621732.9857593, "host_queued_start": 1585621799.369015, "device_queued": 1585621732.9816082, "device_end": 1585621732.9857917, "host_queued_end": 1585621799.378134}, "device": "gpu", "nd_range": {"device_start": 1585621732.9857976, "device_end": 1585621732.9865882}, "cmdq": 1, "read": {"device_start": -1, "device_end": -1}}, "FFC_sans_bias49": {"write": {"device_start": -1, "host_queued_start": 1585621799.370919, "device_queued": -1, "device_end": -1, "host_queued_end": 1585621799.378134}, "device": "gpu", "nd_range": {"device_start": 1585621732.9869297, "device_end": 1585621732.9875424}, "cmdq": 1, "read": {"device_start": -1, "device_end": -1}}, "FFC_sans_bias64": {"write": {"device_start": 1585621732.9847543, "host_queued_start": 1585621799.366921, "device_queued": 1585621732.9813783, "device_end": 1585621732.9847856, "host_queued_end": 1585621799.378134}, "device": "gpu", "nd_range": {"device_start": 1585621732.9847896, "device_end": 1585621732.9856298}, "cmdq": 1, "read": {"device_start": -1, "device_end": -1}}, "FFC_sans_bias65": {"write": {"device_start": 1585621732.985244, "host_queued_start": 1585621799.367969, "device_queued": 1585621732.9815621, "device_end": 1585621732.985276, "host_queued_end": 1585621799.378134}, "device": "gpu", "nd_range": {"device_start": 1585621732.9852798, "device_end": 1585621732.9860938}, "cmdq": 0, "read": {"device_start": -1, "device_end": -1}}, "FFC_sans_bias67": {"write": {"device_start": -1, "host_queued_start": 1585621799.371561, "device_queued": -1, "device_end": -1, "host_queued_end": 1585621799.378134}, "device": "gpu", "nd_range": {"device_start": 1585621732.9875436, "device_end": 1585621732.9885242}, "cmdq": 1, "read": {"device_start": -1, "device_end": -1}}, "FFC_sans_bias24": {"write": {"device_start": -1, "host_queued_start": 1585621799.401264, "device_queued": -1, "device_end": -1, "host_queued_end": 1585621799.405801}, "device": "cpu", "nd_range": {"device_start": 2289573.67256473, "device_end": 2289573.685918032}, "cmdq": 0, "read": {"device_start": -1, "device_end": -1}}, "FFC_sans_bias25": {"write": {"device_start": -1, "host_queued_start": 1585621799.404695, "device_queued": -1, "device_end": -1, "host_queued_end": 1585621799.405801}, "device": "cpu", "nd_range": {"device_start": 2289573.699025935, "device_end": 2289573.7031366583}, "cmdq": 0, "read": {"device_start": -1, "device_end": -1}}, "FFC_sans_bias27": {"write": {"device_start": -1, "host_queued_start": 1585621799.394108, "device_queued": -1, "device_end": -1, "host_queued_end": 1585621799.405801}, "device": "cpu", "nd_range": {"device_start": 2289573.631243226, "device_end": 2289573.6384784663}, "cmdq": 1, "read": {"device_start": -1, "device_end": -1}}, "FFC_sans_bias20": {"write": {"device_start": -1, "host_queued_start": 1585621799.393059, "device_queued": -1, "device_end": -1, "host_queued_end": 1585621799.405801}, "device": "cpu", "nd_range": {"device_start": 2289573.626584833, "device_end": 2289573.641480124}, "cmdq": 0, "read": {"device_start": -1, "device_end": -1}}, "FFC_sans_bias22": {"write": {"device_start": -1, "host_queued_start": 1585621799.398725, "device_queued": -1, "device_end": -1, "host_queued_end": 1585621799.405801}, "device": "cpu", "nd_range": {"device_start": 2289573.6582506183, "device_end": 2289573.666056443}, "cmdq": 0, "read": {"device_start": -1, "device_end": -1}}, "softmax68": {"write": {"device_start": -1, "host_queued_start": 1585621799.372558, "device_queued": -1, "device_end": -1, "host_queued_end": 1585621799.378134}, "device": "gpu", "nd_range": {"device_start": 1585621732.9887393, "device_end": 1585621732.9890783}, "cmdq": 1, "read": {"device_start": -1, "device_end": -1}}, "softmax5": {"write": {"device_start": -1, "host_queued_start": 1585621799.399348, "device_queued": -1, "device_end": -1, "host_queued_end": 1585621799.405801}, "device": "cpu", "nd_range": {"device_start": 2289573.666072192, "device_end": 2289573.666226998}, "cmdq": 0, "read": {"device_start": -1, "device_end": -1}}, "FFC_sans_bias28": {"write": {"device_start": -1, "host_queued_start": 1585621799.395192, "device_queued": -1, "device_end": -1, "host_queued_end": 1585621799.405801}, "device": "cpu", "nd_range": {"device_start": 2289573.6415939303, "device_end": 2289573.6469944473}, "cmdq": 0, "read": {"device_start": -1, "device_end": -1}}, "FFC_sans_bias29": {"write": {"device_start": -1, "host_queued_start": 1585621799.396254, "device_queued": -1, "device_end": -1, "host_queued_end": 1585621799.405801}, "device": "cpu", "nd_range": {"device_start": 2289573.6385981883, "device_end": 2289573.643856665}, "cmdq": 1, "read": {"device_start": -1, "device_end": -1}}, "empty17": {"write": {"device_start": -1, "host_queued_start": 1585621799.380804, "device_queued": -1, "device_end": -1, "host_queued_end": 1585621799.405801}, "device": "cpu", "nd_range": {"device_start": 2289573.5953905033, "device_end": 2289573.595403374}, "cmdq": 1, "read": {"device_start": -1, "device_end": -1}}, "softmax59": {"write": {"device_start": -1, "host_queued_start": 1585621799.372312, "device_queued": -1, "device_end": -1, "host_queued_end": 1585621799.378134}, "device": "gpu", "nd_range": {"device_start": 1585621732.9885788, "device_end": 1585621732.988789}, "cmdq": 0, "read": {"device_start": -1, "device_end": -1}}, "empty71": {"write": {"device_start": 1585621732.9803867, "host_queued_start": 1585621799.356186, "device_queued": 1585621732.980149, "device_end": 1585621732.9804106, "host_queued_end": 1585621799.378134}, "device": "gpu", "nd_range": {"device_start": 1585621732.9804204, "device_end": 1585621732.9804237}, "cmdq": 1, "read": {"device_start": -1, "device_end": -1}}, "empty35": {"write": {"device_start": -1, "host_queued_start": 1585621799.382827, "device_queued": -1, "device_end": -1, "host_queued_end": 1585621799.405801}, "device": "cpu", "nd_range": {"device_start": 2289573.595427665, "device_end": 2289573.595428774}, "cmdq": 1, "read": {"device_start": -1, "device_end": -1}}, "empty53": {"write": {"device_start": 1585621732.9801774, "host_queued_start": 1585621799.354472, "device_queued": 1585621732.9800193, "device_end": 1585621732.9802482, "host_queued_end": 1585621799.378134}, "device": "gpu", "nd_range": {"device_start": 1585621732.9802585, "device_end": 1585621732.9802687}, "cmdq": 1, "read": {"device_start": -1, "device_end": -1}}, "FFC_sans_bias46": {"write": {"device_start": 1585621732.982348, "host_queued_start": 1585621799.361436, "device_queued": 1585621732.9809287, "device_end": 1585621732.982373, "host_queued_end": 1585621799.378134}, "device": "gpu", "nd_range": {"device_start": 1585621732.9823763, "device_end": 1585621732.9831932}, "cmdq": 0, "read": {"device_start": -1, "device_end": -1}}, "coalesced_transpose66": {"write": {"device_start": -1, "host_queued_start": 1585621799.370247, "device_queued": -1, "device_end": -1, "host_queued_end": 1585621799.378134}, "device": "gpu", "nd_range": {"device_start": 1585621732.986906, "device_end": 1585621732.9869285}, "cmdq": 1, "read": {"device_start": -1, "device_end": -1}}, "coalesced_transpose48": {"write": {"device_start": -1, "host_queued_start": 1585621799.369649, "device_queued": -1, "device_end": -1, "host_queued_end": 1585621799.378134}, "device": "gpu", "nd_range": {"device_start": 1585621732.9865909, "device_end": 1585621732.9869041}, "cmdq": 1, "read": {"device_start": -1, "device_end": -1}}}