{"FFC_sans_bias60": {"write": {"device_start": -1, "host_queued_start": 1585622229.060163, "device_queued": -1, "device_end": -1, "host_queued_end": 1585622229.064825}, "device": "gpu", "nd_range": {"device_start": 1585622162.6641283, "device_end": 1585622162.6661084}, "cmdq": 0, "read": {"device_start": -1, "device_end": -1}}, "FFC_sans_bias4": {"write": {"device_start": -1, "host_queued_start": 1585622229.084539, "device_queued": -1, "device_end": -1, "host_queued_end": 1585622229.092338}, "device": "cpu", "nd_range": {"device_start": 2290003.3623621063, "device_end": 2290003.3823220613}, "cmdq": 0, "read": {"device_start": -1, "device_end": -1}}, "FFC_sans_bias7": {"write": {"device_start": -1, "host_queued_start": 1585622229.089212, "device_queued": -1, "device_end": -1, "host_queued_end": 1585622229.092338}, "device": "cpu", "nd_range": {"device_start": 2290003.39060823, "device_end": 2290003.39827591}, "cmdq": 0, "read": {"device_start": -1, "device_end": -1}}, "FFC_sans_bias6": {"write": {"device_start": -1, "host_queued_start": 1585622229.08708, "device_queued": -1, "device_end": -1, "host_queued_end": 1585622229.092338}, "device": "cpu", "nd_range": {"device_start": 2290003.3824408003, "device_end": 2290003.390602833}, "cmdq": 0, "read": {"device_start": -1, "device_end": -1}}, "FFC_sans_bias1": {"write": {"device_start": -1, "host_queued_start": 1585622229.071554, "device_queued": -1, "device_end": -1, "host_queued_end": 1585622229.092338}, "device": "cpu", "nd_range": {"device_start": 2290003.28196327, "device_end": 2290003.2976770853}, "cmdq": 1, "read": {"device_start": -1, "device_end": -1}}, "FFC_sans_bias0": {"write": {"device_start": -1, "host_queued_start": 1585622229.070464, "device_queued": -1, "device_end": -1, "host_queued_end": 1585622229.092338}, "device": "cpu", "nd_range": {"device_start": 2290003.281962492, "device_end": 2290003.2973897383}, "cmdq": 0, "read": {"device_start": -1, "device_end": -1}}, "FFC_sans_bias2": {"write": {"device_start": -1, "host_queued_start": 1585622229.072607, "device_queued": -1, "device_end": -1, "host_queued_end": 1585622229.092338}, "device": "cpu", "nd_range": {"device_start": 2290003.28200167, "device_end": 2290003.297405079}, "cmdq": 2, "read": {"device_start": -1, "device_end": -1}}, "FFC_sans_bias61": {"write": {"device_start": 1585622162.665821, "host_queued_start": 1585622229.063676, "device_queued": 1585622162.6583536, "device_end": 1585622162.6658516, "host_queued_end": 1585622229.064825}, "device": "gpu", "nd_range": {"device_start": 1585622162.6661253, "device_end": 1585622162.6675901}, "cmdq": 4, "read": {"device_start": 1585622162.6675973, "device_end": 1585622162.6676204}}, "FFC_sans_bias52": {"write": {"device_start": 1585622162.6652498, "host_queued_start": 1585622229.062613, "device_queued": 1585622162.6583126, "device_end": 1585622162.665281, "host_queued_end": 1585622229.064825}, "device": "gpu", "nd_range": {"device_start": 1585622162.6656947, "device_end": 1585622162.667095}, "cmdq": 3, "read": {"device_start": 1585622162.6671019, "device_end": 1585622162.6671326}}, "FFC_sans_bias9": {"write": {"device_start": -1, "host_queued_start": 1585622229.073666, "device_queued": -1, "device_end": -1, "host_queued_end": 1585622229.092338}, "device": "cpu", "nd_range": {"device_start": 2290003.282154427, "device_end": 2290003.297619487}, "cmdq": 3, "read": {"device_start": -1, "device_end": -1}}, "coalesced_transpose39": {"write": {"device_start": -1, "host_queued_start": 1585622229.055966, "device_queued": -1, "device_end": -1, "host_queued_end": 1585622229.064825}, "device": "gpu", "nd_range": {"device_start": 1585622162.659745, "device_end": 1585622162.6615438}, "cmdq": 1, "read": {"device_start": -1, "device_end": -1}}, "FFC_sans_bias55": {"write": {"device_start": 1585622162.6578948, "host_queued_start": 1585622229.052449, "device_queued": 1585622162.6566477, "device_end": 1585622162.6579258, "host_queued_end": 1585622229.064825}, "device": "gpu", "nd_range": {"device_start": 1585622162.6579282, "device_end": 1585622162.6601827}, "cmdq": 2, "read": {"device_start": -1, "device_end": -1}}, "FFC_sans_bias54": {"write": {"device_start": 1585622162.6575983, "host_queued_start": 1585622229.051392, "device_queued": 1585622162.6566305, "device_end": 1585622162.657629, "host_queued_end": 1585622229.064825}, "device": "gpu", "nd_range": {"device_start": 1585622162.657633, "device_end": 1585622162.6597435}, "cmdq": 1, "read": {"device_start": -1, "device_end": -1}}, "FFC_sans_bias56": {"write": {"device_start": 1585622162.6568568, "host_queued_start": 1585622229.050305, "device_queued": 1585622162.656579, "device_end": 1585622162.6568813, "host_queued_end": 1585622229.064825}, "device": "gpu", "nd_range": {"device_start": 1585622162.6568859, "device_end": 1585622162.6592343}, "cmdq": 0, "read": {"device_start": -1, "device_end": -1}}, "FFC_sans_bias51": {"write": {"device_start": -1, "host_queued_start": 1585622229.059838, "device_queued": -1, "device_end": -1, "host_queued_end": 1585622229.064825}, "device": "gpu", "nd_range": {"device_start": 1585622162.6641219, "device_end": 1585622162.6656883}, "cmdq": 4, "read": {"device_start": -1, "device_end": -1}}, "softmax23": {"write": {"device_start": -1, "host_queued_start": 1585622229.086435, "device_queued": -1, "device_end": -1, "host_queued_end": 1585622229.092338}, "device": "cpu", "nd_range": {"device_start": 2290003.344010867, "device_end": 2290003.344219805}, "cmdq": 2, "read": {"device_start": -1, "device_end": -1}}, "FFC_sans_bias37": {"write": {"device_start": 1585622162.6558697, "host_queued_start": 1585622229.044647, "device_queued": 1585622162.6557677, "device_end": 1585622162.6559021, "host_queued_end": 1585622229.064825}, "device": "gpu", "nd_range": {"device_start": 1585622162.6559055, "device_end": 1585622162.656767}, "cmdq": 0, "read": {"device_start": -1, "device_end": -1}}, "empty62": {"write": {"device_start": 1585622162.6555438, "host_queued_start": 1585622229.041512, "device_queued": 1585622162.6553574, "device_end": 1585622162.6556096, "host_queued_end": 1585622229.064825}, "device": "gpu", "nd_range": {"device_start": 1585622162.65571, "device_end": 1585622162.6557148}, "cmdq": 2, "read": {"device_start": -1, "device_end": -1}}, "FFC_sans_bias70": {"write": {"device_start": 1585622162.666243, "host_queued_start": 1585622229.064726, "device_queued": 1585622162.6586466, "device_end": 1585622162.6662738, "host_queued_end": 1585622229.064825}, "device": "gpu", "nd_range": {"device_start": 1585622162.666282, "device_end": 1585622162.6680517}, "cmdq": 0, "read": {"device_start": 1585622162.6680577, "device_end": 1585622162.6680808}}, "FFC_sans_bias58": {"write": {"device_start": -1, "host_queued_start": 1585622229.057865, "device_queued": -1, "device_end": -1, "host_queued_end": 1585622229.064825}, "device": "gpu", "nd_range": {"device_start": 1585622162.661702, "device_end": 1585622162.6632593}, "cmdq": 2, "read": {"device_start": -1, "device_end": -1}}, "softmax41": {"write": {"device_start": -1, "host_queued_start": 1585622229.058435, "device_queued": -1, "device_end": -1, "host_queued_end": 1585622229.064825}, "device": "gpu", "nd_range": {"device_start": 1585622162.6622992, "device_end": 1585622162.6640892}, "cmdq": 4, "read": {"device_start": -1, "device_end": -1}}, "FFC_sans_bias11": {"write": {"device_start": -1, "host_queued_start": 1585622229.076034, "device_queued": -1, "device_end": -1, "host_queued_end": 1585622229.092338}, "device": "cpu", "nd_range": {"device_start": 2290003.297697342, "device_end": 2290003.3150424613}, "cmdq": 1, "read": {"device_start": -1, "device_end": -1}}, "FFC_sans_bias10": {"write": {"device_start": -1, "host_queued_start": 1585622229.074835, "device_queued": -1, "device_end": -1, "host_queued_end": 1585622229.092338}, "device": "cpu", "nd_range": {"device_start": 2290003.300995158, "device_end": 2290003.323217119}, "cmdq": 0, "read": {"device_start": -1, "device_end": -1}}, "coalesced_transpose3": {"write": {"device_start": -1, "host_queued_start": 1585622229.083082, "device_queued": -1, "device_end": -1, "host_queued_end": 1585622229.092338}, "device": "cpu", "nd_range": {"device_start": 2290003.36209073, "device_end": 2290003.362353987}, "cmdq": 0, "read": {"device_start": -1, "device_end": -1}}, "FFC_sans_bias34": {"write": {"device_start": -1, "host_queued_start": 1585622229.092294, "device_queued": -1, "device_end": -1, "host_queued_end": 1585622229.092338}, "device": "cpu", "nd_range": {"device_start": 2290003.354019172, "device_end": 2290003.369263921}, "cmdq": 3, "read": {"device_start": -1, "device_end": -1}}, "FFC_sans_bias15": {"write": {"device_start": -1, "host_queued_start": 1585622229.087427, "device_queued": -1, "device_end": -1, "host_queued_end": 1585622229.092338}, "device": "cpu", "nd_range": {"device_start": 2290003.354173067, "device_end": 2290003.371322413}, "cmdq": 1, "read": {"device_start": -1, "device_end": -1}}, "FFC_sans_bias31": {"write": {"device_start": -1, "host_queued_start": 1585622229.085603, "device_queued": -1, "device_end": -1, "host_queued_end": 1585622229.092338}, "device": "cpu", "nd_range": {"device_start": 2290003.328765985, "device_end": 2290003.338295338}, "cmdq": 3, "read": {"device_start": -1, "device_end": -1}}, "FFC_sans_bias16": {"write": {"device_start": -1, "host_queued_start": 1585622229.090248, "device_queued": -1, "device_end": -1, "host_queued_end": 1585622229.092338}, "device": "cpu", "nd_range": {"device_start": 2290003.371335722, "device_end": 2290003.379590723}, "cmdq": 1, "read": {"device_start": -1, "device_end": -1}}, "FFC_sans_bias19": {"write": {"device_start": -1, "host_queued_start": 1585622229.078402, "device_queued": -1, "device_end": -1, "host_queued_end": 1585622229.092338}, "device": "cpu", "nd_range": {"device_start": 2290003.297758047, "device_end": 2290003.3129938073}, "cmdq": 3, "read": {"device_start": -1, "device_end": -1}}, "FFC_sans_bias18": {"write": {"device_start": -1, "host_queued_start": 1585622229.077207, "device_queued": -1, "device_end": -1, "host_queued_end": 1585622229.092338}, "device": "cpu", "nd_range": {"device_start": 2290003.2974177953, "device_end": 2290003.3127159323}, "cmdq": 2, "read": {"device_start": -1, "device_end": -1}}, "coalesced_transpose30": {"write": {"device_start": -1, "host_queued_start": 1585622229.08419, "device_queued": -1, "device_end": -1, "host_queued_end": 1585622229.092338}, "device": "cpu", "nd_range": {"device_start": 2290003.3284143973, "device_end": 2290003.328655145}, "cmdq": 3, "read": {"device_start": -1, "device_end": -1}}, "FFC_sans_bias69": {"write": {"device_start": -1, "host_queued_start": 1585622229.060482, "device_queued": -1, "device_end": -1, "host_queued_end": 1585622229.064825}, "device": "gpu", "nd_range": {"device_start": 1585622162.6641004, "device_end": 1585622162.664704}, "cmdq": 1, "read": {"device_start": -1, "device_end": -1}}, "FFC_sans_bias38": {"write": {"device_start": 1585622162.6560633, "host_queued_start": 1585622229.045778, "device_queued": 1585622162.6559653, "device_end": 1585622162.656122, "host_queued_end": 1585622229.064825}, "device": "gpu", "nd_range": {"device_start": 1585622162.6562772, "device_end": 1585622162.6573422}, "cmdq": 1, "read": {"device_start": -1, "device_end": -1}}, "coalesced_transpose57": {"write": {"device_start": -1, "host_queued_start": 1585622229.056585, "device_queued": -1, "device_end": -1, "host_queued_end": 1585622229.064825}, "device": "gpu", "nd_range": {"device_start": 1585622162.6607368, "device_end": 1585622162.6615615}, "cmdq": 3, "read": {"device_start": -1, "device_end": -1}}, "empty26": {"write": {"device_start": -1, "host_queued_start": 1585622229.06846, "device_queued": -1, "device_end": -1, "host_queued_end": 1585622229.092338}, "device": "cpu", "nd_range": {"device_start": 2290003.281978046, "device_end": 2290003.281983389}, "cmdq": 2, "read": {"device_start": -1, "device_end": -1}}, "coalesced_transpose12": {"write": {"device_start": -1, "host_queued_start": 1585622229.083521, "device_queued": -1, "device_end": -1, "host_queued_end": 1585622229.092338}, "device": "cpu", "nd_range": {"device_start": 2290003.337443577, "device_end": 2290003.3376978263}, "cmdq": 1, "read": {"device_start": -1, "device_end": -1}}, "empty44": {"write": {"device_start": 1585622162.6553118, "host_queued_start": 1585622229.039512, "device_queued": 1585622162.6551685, "device_end": 1585622162.6553438, "host_queued_end": 1585622229.064825}, "device": "gpu", "nd_range": {"device_start": 1585622162.6553545, "device_end": 1585622162.6553593}, "cmdq": 0, "read": {"device_start": -1, "device_end": -1}}, "coalesced_transpose21": {"write": {"device_start": -1, "host_queued_start": 1585622229.083862, "device_queued": -1, "device_end": -1, "host_queued_end": 1585622229.092338}, "device": "cpu", "nd_range": {"device_start": 2290003.3282528464, "device_end": 2290003.3285002}, "cmdq": 2, "read": {"device_start": -1, "device_end": -1}}, "FFC_sans_bias36": {"write": {"device_start": 1585622162.6557224, "host_queued_start": 1585622229.043489, "device_queued": 1585622162.6556287, "device_end": 1585622162.655752, "host_queued_end": 1585622229.064825}, "device": "gpu", "nd_range": {"device_start": 1585622162.6557598, "device_end": 1585622162.6563663}, "cmdq": 4, "read": {"device_start": -1, "device_end": -1}}, "softmax14": {"write": {"device_start": -1, "host_queued_start": 1585622229.086157, "device_queued": -1, "device_end": -1, "host_queued_end": 1585622229.092338}, "device": "cpu", "nd_range": {"device_start": 2290003.3537520464, "device_end": 2290003.353961184}, "cmdq": 1, "read": {"device_start": -1, "device_end": -1}}, "FFC_sans_bias13": {"write": {"device_start": -1, "host_queued_start": 1585622229.084886, "device_queued": -1, "device_end": -1, "host_queued_end": 1585622229.092338}, "device": "cpu", "nd_range": {"device_start": 2290003.337830588, "device_end": 2290003.353624524}, "cmdq": 1, "read": {"device_start": -1, "device_end": -1}}, "empty8": {"write": {"device_start": -1, "host_queued_start": 1585622229.066261, "device_queued": -1, "device_end": -1, "host_queued_end": 1585622229.092338}, "device": "cpu", "nd_range": {"device_start": 2290003.2819301724, "device_end": 2290003.2819415242}, "cmdq": 0, "read": {"device_start": -1, "device_end": -1}}, "FFC_sans_bias42": {"write": {"device_start": -1, "host_queued_start": 1585622229.059523, "device_queued": -1, "device_end": -1, "host_queued_end": 1585622229.064825}, "device": "gpu", "nd_range": {"device_start": 1585622162.6641088, "device_end": 1585622162.665111}, "cmdq": 3, "read": {"device_start": -1, "device_end": -1}}, "FFC_sans_bias43": {"write": {"device_start": 1585622162.664035, "host_queued_start": 1585622229.06151, "device_queued": 1585622162.6581829, "device_end": 1585622162.664062, "host_queued_end": 1585622229.064825}, "device": "gpu", "nd_range": {"device_start": 1585622162.6651273, "device_end": 1585622162.666643}, "cmdq": 2, "read": {"device_start": 1585622162.666648, "device_end": 1585622162.6666753}}, "FFC_sans_bias40": {"write": {"device_start": -1, "host_queued_start": 1585622229.057218, "device_queued": -1, "device_end": -1, "host_queued_end": 1585622229.064825}, "device": "gpu", "nd_range": {"device_start": 1585622162.6616797, "device_end": 1585622162.6622868}, "cmdq": 0, "read": {"device_start": -1, "device_end": -1}}, "softmax32": {"write": {"device_start": -1, "host_queued_start": 1585622229.086738, "device_queued": -1, "device_end": -1, "host_queued_end": 1585622229.092338}, "device": "cpu", "nd_range": {"device_start": 2290003.3384119133, "device_end": 2290003.338628604}, "cmdq": 3, "read": {"device_start": -1, "device_end": -1}}, "FFC_sans_bias47": {"write": {"device_start": 1585622162.6564903, "host_queued_start": 1585622229.049224, "device_queued": 1585622162.656033, "device_end": 1585622162.656515, "host_queued_end": 1585622229.064825}, "device": "gpu", "nd_range": {"device_start": 1585622162.65652, "device_end": 1585622162.658765}, "cmdq": 4, "read": {"device_start": -1, "device_end": -1}}, "FFC_sans_bias45": {"write": {"device_start": 1585622162.6561868, "host_queued_start": 1585622229.046898, "device_queued": 1585622162.6559913, "device_end": 1585622162.6562529, "host_queued_end": 1585622229.064825}, "device": "gpu", "nd_range": {"device_start": 1585622162.6563241, "device_end": 1585622162.6577692}, "cmdq": 2, "read": {"device_start": -1, "device_end": -1}}, "softmax50": {"write": {"device_start": -1, "host_queued_start": 1585622229.058709, "device_queued": -1, "device_end": -1, "host_queued_end": 1585622229.064825}, "device": "gpu", "nd_range": {"device_start": 1585622162.6627042, "device_end": 1585622162.6640916}, "cmdq": 0, "read": {"device_start": -1, "device_end": -1}}, "FFC_sans_bias33": {"write": {"device_start": -1, "host_queued_start": 1585622229.088142, "device_queued": -1, "device_end": -1, "host_queued_end": 1585622229.092338}, "device": "cpu", "nd_range": {"device_start": 2290003.338739083, "device_end": 2290003.354004548}, "cmdq": 3, "read": {"device_start": -1, "device_end": -1}}, "FFC_sans_bias63": {"write": {"device_start": 1585622162.6593163, "host_queued_start": 1585622229.055636, "device_queued": 1585622162.657109, "device_end": 1585622162.6593425, "host_queued_end": 1585622229.064825}, "device": "gpu", "nd_range": {"device_start": 1585622162.659351, "device_end": 1585622162.6616716}, "cmdq": 0, "read": {"device_start": -1, "device_end": -1}}, "FFC_sans_bias49": {"write": {"device_start": -1, "host_queued_start": 1585622229.05754, "device_queued": -1, "device_end": -1, "host_queued_end": 1585622229.064825}, "device": "gpu", "nd_range": {"device_start": 1585622162.661691, "device_end": 1585622162.6626916}, "cmdq": 1, "read": {"device_start": -1, "device_end": -1}}, "FFC_sans_bias64": {"write": {"device_start": 1585622162.6583965, "host_queued_start": 1585622229.053501, "device_queued": 1585622162.6567664, "device_end": 1585622162.6584287, "host_queued_end": 1585622229.064825}, "device": "gpu", "nd_range": {"device_start": 1585622162.6584415, "device_end": 1585622162.660728}, "cmdq": 3, "read": {"device_start": -1, "device_end": -1}}, "FFC_sans_bias65": {"write": {"device_start": 1585622162.6588478, "host_queued_start": 1585622229.054557, "device_queued": 1585622162.6568003, "device_end": 1585622162.658873, "host_queued_end": 1585622229.064825}, "device": "gpu", "nd_range": {"device_start": 1585622162.6588805, "device_end": 1585622162.6611495}, "cmdq": 4, "read": {"device_start": -1, "device_end": -1}}, "FFC_sans_bias67": {"write": {"device_start": -1, "host_queued_start": 1585622229.058183, "device_queued": -1, "device_end": -1, "host_queued_end": 1585622229.064825}, "device": "gpu", "nd_range": {"device_start": 1585622162.6617105, "device_end": 1585622162.6636796}, "cmdq": 3, "read": {"device_start": -1, "device_end": -1}}, "FFC_sans_bias24": {"write": {"device_start": -1, "host_queued_start": 1585622229.087769, "device_queued": -1, "device_end": -1, "host_queued_end": 1585622229.092338}, "device": "cpu", "nd_range": {"device_start": 2290003.344338268, "device_end": 2290003.359538821}, "cmdq": 2, "read": {"device_start": -1, "device_end": -1}}, "FFC_sans_bias25": {"write": {"device_start": -1, "host_queued_start": 1585622229.091289, "device_queued": -1, "device_end": -1, "host_queued_end": 1585622229.092338}, "device": "cpu", "nd_range": {"device_start": 2290003.35965848, "device_end": 2290003.375691215}, "cmdq": 2, "read": {"device_start": -1, "device_end": -1}}, "FFC_sans_bias27": {"write": {"device_start": -1, "host_queued_start": 1585622229.080577, "device_queued": -1, "device_end": -1, "host_queued_end": 1585622229.092338}, "device": "cpu", "nd_range": {"device_start": 2290003.31516555, "device_end": 2290003.331394051}, "cmdq": 1, "read": {"device_start": -1, "device_end": -1}}, "FFC_sans_bias20": {"write": {"device_start": -1, "host_queued_start": 1585622229.079511, "device_queued": -1, "device_end": -1, "host_queued_end": 1585622229.092338}, "device": "cpu", "nd_range": {"device_start": 2290003.3315470563, "device_end": 2290003.355220558}, "cmdq": 0, "read": {"device_start": -1, "device_end": -1}}, "FFC_sans_bias22": {"write": {"device_start": -1, "host_queued_start": 1585622229.085235, "device_queued": -1, "device_end": -1, "host_queued_end": 1585622229.092338}, "device": "cpu", "nd_range": {"device_start": 2290003.3286164072, "device_end": 2290003.343884882}, "cmdq": 2, "read": {"device_start": -1, "device_end": -1}}, "softmax68": {"write": {"device_start": -1, "host_queued_start": 1585622229.059208, "device_queued": -1, "device_end": -1, "host_queued_end": 1585622229.064825}, "device": "gpu", "nd_range": {"device_start": 1585622162.6636918, "device_end": 1585622162.6638935}, "cmdq": 2, "read": {"device_start": -1, "device_end": -1}}, "softmax5": {"write": {"device_start": -1, "host_queued_start": 1585622229.085883, "device_queued": -1, "device_end": -1, "host_queued_end": 1585622229.092338}, "device": "cpu", "nd_range": {"device_start": 2290003.38233987, "device_end": 2290003.382435408}, "cmdq": 0, "read": {"device_start": -1, "device_end": -1}}, "FFC_sans_bias28": {"write": {"device_start": -1, "host_queued_start": 1585622229.08164, "device_queued": -1, "device_end": -1, "host_queued_end": 1585622229.092338}, "device": "cpu", "nd_range": {"device_start": 2290003.312858739, "device_end": 2290003.328124355}, "cmdq": 2, "read": {"device_start": -1, "device_end": -1}}, "FFC_sans_bias29": {"write": {"device_start": -1, "host_queued_start": 1585622229.082746, "device_queued": -1, "device_end": -1, "host_queued_end": 1585622229.092338}, "device": "cpu", "nd_range": {"device_start": 2290003.313115994, "device_end": 2290003.328299289}, "cmdq": 3, "read": {"device_start": -1, "device_end": -1}}, "empty17": {"write": {"device_start": -1, "host_queued_start": 1585622229.067413, "device_queued": -1, "device_end": -1, "host_queued_end": 1585622229.092338}, "device": "cpu", "nd_range": {"device_start": 2290003.2819302604, "device_end": 2290003.2819415033}, "cmdq": 1, "read": {"device_start": -1, "device_end": -1}}, "softmax59": {"write": {"device_start": -1, "host_queued_start": 1585622229.058965, "device_queued": -1, "device_end": -1, "host_queued_end": 1585622229.064825}, "device": "gpu", "nd_range": {"device_start": 1585622162.6632686, "device_end": 1585622162.6640937}, "cmdq": 1, "read": {"device_start": -1, "device_end": -1}}, "empty71": {"write": {"device_start": 1585622162.6556249, "host_queued_start": 1585622229.042395, "device_queued": 1585622162.6553855, "device_end": 1585622162.6556585, "host_queued_end": 1585622229.064825}, "device": "gpu", "nd_range": {"device_start": 1585622162.6557283, "device_end": 1585622162.6557374}, "cmdq": 3, "read": {"device_start": -1, "device_end": -1}}, "empty35": {"write": {"device_start": -1, "host_queued_start": 1585622229.069433, "device_queued": -1, "device_end": -1, "host_queued_end": 1585622229.092338}, "device": "cpu", "nd_range": {"device_start": 2290003.2821280183, "device_end": 2290003.2821315853}, "cmdq": 3, "read": {"device_start": -1, "device_end": -1}}, "empty53": {"write": {"device_start": 1585622162.6554177, "host_queued_start": 1585622229.040622, "device_queued": 1585622162.6553156, "device_end": 1585622162.6554744, "host_queued_end": 1585622229.064825}, "device": "gpu", "nd_range": {"device_start": 1585622162.6556826, "device_end": 1585622162.6556942}, "cmdq": 1, "read": {"device_start": -1, "device_end": -1}}, "FFC_sans_bias46": {"write": {"device_start": 1585622162.6562932, "host_queued_start": 1585622229.047984, "device_queued": 1585622162.656009, "device_end": 1585622162.6563272, "host_queued_end": 1585622229.064825}, "device": "gpu", "nd_range": {"device_start": 1585622162.6563456, "device_end": 1585622162.6582882}, "cmdq": 3, "read": {"device_start": -1, "device_end": -1}}, "coalesced_transpose66": {"write": {"device_start": -1, "host_queued_start": 1585622229.056884, "device_queued": -1, "device_end": -1, "host_queued_end": 1585622229.064825}, "device": "gpu", "nd_range": {"device_start": 1585622162.6611571, "device_end": 1585622162.661563}, "cmdq": 4, "read": {"device_start": -1, "device_end": -1}}, "coalesced_transpose48": {"write": {"device_start": -1, "host_queued_start": 1585622229.056278, "device_queued": -1, "device_end": -1, "host_queued_end": 1585622229.064825}, "device": "gpu", "nd_range": {"device_start": 1585622162.6601844, "device_end": 1585622162.6615453}, "cmdq": 2, "read": {"device_start": -1, "device_end": -1}}}