{"FFC_sans_bias60": {"write": {"device_start": -1, "host_queued_start": 1585622069.220983, "device_queued": -1, "device_end": -1, "host_queued_end": 1585622069.228779}, "device": "gpu", "nd_range": {"device_start": 1585622002.840543, "device_end": 1585622002.8425012}, "cmdq": 2, "read": {"device_start": -1, "device_end": -1}}, "FFC_sans_bias4": {"write": {"device_start": -1, "host_queued_start": 1585622069.23556, "device_queued": -1, "device_end": -1, "host_queued_end": 1585622069.237625}, "device": "cpu", "nd_range": {"device_start": 2289843.439536319, "device_end": 2289843.447464568}, "cmdq": 2, "read": {"device_start": -1, "device_end": -1}}, "FFC_sans_bias7": {"write": {"device_start": -1, "host_queued_start": 1585622069.237578, "device_queued": -1, "device_end": -1, "host_queued_end": 1585622069.237625}, "device": "cpu", "nd_range": {"device_start": 2289843.455359471, "device_end": 2289843.459327319}, "cmdq": 2, "read": {"device_start": -1, "device_end": -1}}, "FFC_sans_bias6": {"write": {"device_start": -1, "host_queued_start": 1585622069.236268, "device_queued": -1, "device_end": -1, "host_queued_end": 1585622069.237625}, "device": "cpu", "nd_range": {"device_start": 2289843.447738335, "device_end": 2289843.455352888}, "cmdq": 1, "read": {"device_start": -1, "device_end": -1}}, "FFC_sans_bias1": {"write": {"device_start": -1, "host_queued_start": 1585622069.233302, "device_queued": -1, "device_end": -1, "host_queued_end": 1585622069.237625}, "device": "cpu", "nd_range": {"device_start": 2289843.4273041943, "device_end": 2289843.439260376}, "cmdq": 2, "read": {"device_start": -1, "device_end": -1}}, "FFC_sans_bias0": {"write": {"device_start": -1, "host_queued_start": 1585622069.231871, "device_queued": -1, "device_end": -1, "host_queued_end": 1585622069.237625}, "device": "cpu", "nd_range": {"device_start": 2289843.427269944, "device_end": 2289843.438689146}, "cmdq": 1, "read": {"device_start": -1, "device_end": -1}}, "FFC_sans_bias2": {"write": {"device_start": -1, "host_queued_start": 1585622069.234772, "device_queued": -1, "device_end": -1, "host_queued_end": 1585622069.237625}, "device": "cpu", "nd_range": {"device_start": 2289843.4272820693, "device_end": 2289843.434942671}, "cmdq": 0, "read": {"device_start": -1, "device_end": -1}}, "FFC_sans_bias61": {"write": {"device_start": 1585622002.8431447, "host_queued_start": 1585622069.227619, "device_queued": 1585622002.8284168, "device_end": 1585622002.84317, "host_queued_end": 1585622069.228779}, "device": "gpu", "nd_range": {"device_start": 1585622002.8431785, "device_end": 1585622002.8449132}, "cmdq": 1, "read": {"device_start": 1585622002.8449235, "device_end": 1585622002.8449454}}, "FFC_sans_bias52": {"write": {"device_start": 1585622002.8426814, "host_queued_start": 1585622069.226557, "device_queued": 1585622002.8283231, "device_end": 1585622002.8427062, "host_queued_end": 1585622069.228779}, "device": "gpu", "nd_range": {"device_start": 1585622002.842718, "device_end": 1585622002.8444512}, "cmdq": 0, "read": {"device_start": 1585622002.8444602, "device_end": 1585622002.8444827}}, "FFC_sans_bias9": {"write": {"device_start": 1585622002.824273, "host_queued_start": 1585622069.19161, "device_queued": 1585622002.823948, "device_end": 1585622002.8243365, "host_queued_end": 1585622069.228779}, "device": "gpu", "nd_range": {"device_start": 1585622002.8243415, "device_end": 1585622002.8249516}, "cmdq": 3, "read": {"device_start": -1, "device_end": -1}}, "coalesced_transpose39": {"write": {"device_start": -1, "host_queued_start": 1585622069.214121, "device_queued": -1, "device_end": -1, "host_queued_end": 1585622069.228779}, "device": "gpu", "nd_range": {"device_start": 1585622002.8345833, "device_end": 1585622002.8346188}, "cmdq": 3, "read": {"device_start": -1, "device_end": -1}}, "FFC_sans_bias55": {"write": {"device_start": 1585622002.8313394, "host_queued_start": 1585622069.20972, "device_queued": 1585622002.825864, "device_end": 1585622002.831373, "host_queued_end": 1585622069.228779}, "device": "gpu", "nd_range": {"device_start": 1585622002.831378, "device_end": 1585622002.833149}, "cmdq": 0, "read": {"device_start": -1, "device_end": -1}}, "FFC_sans_bias54": {"write": {"device_start": 1585622002.8308644, "host_queued_start": 1585622069.208687, "device_queued": 1585622002.8256807, "device_end": 1585622002.8308964, "host_queued_end": 1585622069.228779}, "device": "gpu", "nd_range": {"device_start": 1585622002.8309023, "device_end": 1585622002.832685}, "cmdq": 3, "read": {"device_start": -1, "device_end": -1}}, "FFC_sans_bias56": {"write": {"device_start": 1585622002.8304317, "host_queued_start": 1585622069.207628, "device_queued": 1585622002.8256629, "device_end": 1585622002.830469, "host_queued_end": 1585622069.228779}, "device": "gpu", "nd_range": {"device_start": 1585622002.8304763, "device_end": 1585622002.8321779}, "cmdq": 2, "read": {"device_start": -1, "device_end": -1}}, "FFC_sans_bias51": {"write": {"device_start": -1, "host_queued_start": 1585622069.220584, "device_queued": -1, "device_end": -1, "host_queued_end": 1585622069.228779}, "device": "gpu", "nd_range": {"device_start": 1585622002.8395545, "device_end": 1585622002.8415246}, "cmdq": 1, "read": {"device_start": -1, "device_end": -1}}, "softmax23": {"write": {"device_start": -1, "host_queued_start": 1585622069.217753, "device_queued": -1, "device_end": -1, "host_queued_end": 1585622069.228779}, "device": "gpu", "nd_range": {"device_start": 1585622002.8380637, "device_end": 1585622002.838273}, "cmdq": 3, "read": {"device_start": -1, "device_end": -1}}, "FFC_sans_bias37": {"write": {"device_start": 1585622002.8279636, "host_queued_start": 1585622069.202313, "device_queued": 1585622002.82515, "device_end": 1585622002.8279946, "host_queued_end": 1585622069.228779}, "device": "gpu", "nd_range": {"device_start": 1585622002.8279986, "device_end": 1585622002.8297563}, "cmdq": 1, "read": {"device_start": -1, "device_end": -1}}, "empty62": {"write": {"device_start": 1585622002.8240688, "host_queued_start": 1585622069.189748, "device_queued": 1585622002.823913, "device_end": 1585622002.824127, "host_queued_end": 1585622069.228779}, "device": "gpu", "nd_range": {"device_start": 1585622002.8241336, "device_end": 1585622002.824138}, "cmdq": 1, "read": {"device_start": -1, "device_end": -1}}, "FFC_sans_bias70": {"write": {"device_start": 1585622002.8441184, "host_queued_start": 1585622069.228675, "device_queued": 1585622002.8285794, "device_end": 1585622002.84415, "host_queued_end": 1585622069.228779}, "device": "gpu", "nd_range": {"device_start": 1585622002.84416, "device_end": 1585622002.8453481}, "cmdq": 2, "read": {"device_start": 1585622002.845355, "device_end": 1585622002.8453772}}, "FFC_sans_bias58": {"write": {"device_start": -1, "host_queued_start": 1585622069.216933, "device_queued": -1, "device_end": -1, "host_queued_end": 1585622069.228779}, "device": "gpu", "nd_range": {"device_start": 1585622002.8352191, "device_end": 1585622002.8371303}, "cmdq": 0, "read": {"device_start": -1, "device_end": -1}}, "softmax41": {"write": {"device_start": -1, "host_queued_start": 1585622069.21824, "device_queued": -1, "device_end": -1, "host_queued_end": 1585622069.228779}, "device": "gpu", "nd_range": {"device_start": 1585622002.83761, "device_end": 1585622002.8385084}, "cmdq": 1, "read": {"device_start": -1, "device_end": -1}}, "FFC_sans_bias11": {"write": {"device_start": 1585622002.824455, "host_queued_start": 1585622069.193877, "device_queued": 1585622002.82425, "device_end": 1585622002.8245099, "host_queued_end": 1585622069.228779}, "device": "gpu", "nd_range": {"device_start": 1585622002.82452, "device_end": 1585622002.8259265}, "cmdq": 1, "read": {"device_start": -1, "device_end": -1}}, "FFC_sans_bias10": {"write": {"device_start": 1585622002.8243704, "host_queued_start": 1585622069.19266, "device_queued": 1585622002.8241932, "device_end": 1585622002.8244398, "host_queued_end": 1585622069.228779}, "device": "gpu", "nd_range": {"device_start": 1585622002.8244448, "device_end": 1585622002.8253546}, "cmdq": 0, "read": {"device_start": -1, "device_end": -1}}, "coalesced_transpose3": {"write": {"device_start": -1, "host_queued_start": 1585622069.235158, "device_queued": -1, "device_end": -1, "host_queued_end": 1585622069.237625}, "device": "cpu", "nd_range": {"device_start": 2289843.439280529, "device_end": 2289843.439510484}, "cmdq": 1, "read": {"device_start": -1, "device_end": -1}}, "FFC_sans_bias34": {"write": {"device_start": 1585622002.842578, "host_queued_start": 1585622069.224449, "device_queued": 1585622002.828017, "device_end": 1585622002.842604, "host_queued_end": 1585622069.228779}, "device": "gpu", "nd_range": {"device_start": 1585622002.8426192, "device_end": 1585622002.8439445}, "cmdq": 2, "read": {"device_start": 1585622002.8439503, "device_end": 1585622002.843976}}, "FFC_sans_bias15": {"write": {"device_start": -1, "host_queued_start": 1585622069.219319, "device_queued": -1, "device_end": -1, "host_queued_end": 1585622069.228779}, "device": "gpu", "nd_range": {"device_start": 1585622002.8385472, "device_end": 1585622002.839544}, "cmdq": 1, "read": {"device_start": -1, "device_end": -1}}, "FFC_sans_bias31": {"write": {"device_start": -1, "host_queued_start": 1585622069.215984, "device_queued": -1, "device_end": -1, "host_queued_end": 1585622069.228779}, "device": "gpu", "nd_range": {"device_start": 1585622002.8346133, "device_end": 1585622002.8356094}, "cmdq": 1, "read": {"device_start": -1, "device_end": -1}}, "FFC_sans_bias16": {"write": {"device_start": 1585622002.8401854, "host_queued_start": 1585622069.222327, "device_queued": 1585622002.827797, "device_end": 1585622002.8402104, "host_queued_end": 1585622069.228779}, "device": "gpu", "nd_range": {"device_start": 1585622002.840223, "device_end": 1585622002.842016}, "cmdq": 0, "read": {"device_start": 1585622002.8420227, "device_end": 1585622002.842047}}, "FFC_sans_bias19": {"write": {"device_start": 1585622002.8250537, "host_queued_start": 1585622069.195988, "device_queued": 1585622002.8244793, "device_end": 1585622002.8250778, "host_queued_end": 1585622069.228779}, "device": "gpu", "nd_range": {"device_start": 1585622002.8250859, "device_end": 1585622002.8268952}, "cmdq": 3, "read": {"device_start": -1, "device_end": -1}}, "FFC_sans_bias18": {"write": {"device_start": 1585622002.8245444, "host_queued_start": 1585622069.194947, "device_queued": 1585622002.8244545, "device_end": 1585622002.82457, "host_queued_end": 1585622069.228779}, "device": "gpu", "nd_range": {"device_start": 1585622002.824573, "device_end": 1585622002.8263497}, "cmdq": 2, "read": {"device_start": -1, "device_end": -1}}, "coalesced_transpose30": {"write": {"device_start": -1, "host_queued_start": 1585622069.213823, "device_queued": -1, "device_end": -1, "host_queued_end": 1585622069.228779}, "device": "gpu", "nd_range": {"device_start": 1585622002.8341336, "device_end": 1585622002.8345134}, "cmdq": 2, "read": {"device_start": -1, "device_end": -1}}, "FFC_sans_bias69": {"write": {"device_start": -1, "host_queued_start": 1585622069.221303, "device_queued": -1, "device_end": -1, "host_queued_end": 1585622069.228779}, "device": "gpu", "nd_range": {"device_start": 1585622002.8391483, "device_end": 1585622002.841075}, "cmdq": 3, "read": {"device_start": -1, "device_end": -1}}, "FFC_sans_bias38": {"write": {"device_start": 1585622002.8284278, "host_queued_start": 1585622069.203397, "device_queued": 1585622002.8252664, "device_end": 1585622002.8284557, "host_queued_end": 1585622069.228779}, "device": "gpu", "nd_range": {"device_start": 1585622002.8284628, "device_end": 1585622002.8302882}, "cmdq": 2, "read": {"device_start": -1, "device_end": -1}}, "coalesced_transpose57": {"write": {"device_start": -1, "host_queued_start": 1585622069.21474, "device_queued": -1, "device_end": -1, "host_queued_end": 1585622069.228779}, "device": "gpu", "nd_range": {"device_start": 1585622002.834509, "device_end": 1585622002.8345356}, "cmdq": 1, "read": {"device_start": -1, "device_end": -1}}, "empty26": {"write": {"device_start": 1585622002.8236172, "host_queued_start": 1585622069.186302, "device_queued": 1585622002.823502, "device_end": 1585622002.823681, "host_queued_end": 1585622069.228779}, "device": "gpu", "nd_range": {"device_start": 1585622002.8236847, "device_end": 1585622002.823691}, "cmdq": 1, "read": {"device_start": -1, "device_end": -1}}, "coalesced_transpose12": {"write": {"device_start": -1, "host_queued_start": 1585622069.213218, "device_queued": -1, "device_end": -1, "host_queued_end": 1585622069.228779}, "device": "gpu", "nd_range": {"device_start": 1585622002.8331504, "device_end": 1585622002.8344758}, "cmdq": 0, "read": {"device_start": -1, "device_end": -1}}, "empty44": {"write": {"device_start": 1585622002.8238277, "host_queued_start": 1585622069.188096, "device_queued": 1585622002.8235705, "device_end": 1585622002.8238568, "host_queued_end": 1585622069.228779}, "device": "gpu", "nd_range": {"device_start": 1585622002.8238592, "device_end": 1585622002.8238635}, "cmdq": 3, "read": {"device_start": -1, "device_end": -1}}, "coalesced_transpose21": {"write": {"device_start": -1, "host_queued_start": 1585622069.213524, "device_queued": -1, "device_end": -1, "host_queued_end": 1585622069.228779}, "device": "gpu", "nd_range": {"device_start": 1585622002.8336494, "device_end": 1585622002.8344982}, "cmdq": 1, "read": {"device_start": -1, "device_end": -1}}, "FFC_sans_bias36": {"write": {"device_start": 1585622002.827459, "host_queued_start": 1585622069.201265, "device_queued": 1585622002.8251135, "device_end": 1585622002.8274853, "host_queued_end": 1585622069.228779}, "device": "gpu", "nd_range": {"device_start": 1585622002.8274918, "device_end": 1585622002.8293164}, "cmdq": 0, "read": {"device_start": -1, "device_end": -1}}, "softmax14": {"write": {"device_start": -1, "host_queued_start": 1585622069.217506, "device_queued": -1, "device_end": -1, "host_queued_end": 1585622069.228779}, "device": "gpu", "nd_range": {"device_start": 1585622002.836619, "device_end": 1585622002.8385108}, "cmdq": 2, "read": {"device_start": -1, "device_end": -1}}, "FFC_sans_bias13": {"write": {"device_start": -1, "host_queued_start": 1585622069.215354, "device_queued": -1, "device_end": -1, "host_queued_end": 1585622069.228779}, "device": "gpu", "nd_range": {"device_start": 1585622002.8346314, "device_end": 1585622002.8361776}, "cmdq": 3, "read": {"device_start": -1, "device_end": -1}}, "empty8": {"write": {"device_start": -1, "host_queued_start": 1585622069.230605, "device_queued": -1, "device_end": -1, "host_queued_end": 1585622069.237625}, "device": "cpu", "nd_range": {"device_start": 2289843.427228765, "device_end": 2289843.427245595}, "cmdq": 0, "read": {"device_start": -1, "device_end": -1}}, "FFC_sans_bias42": {"write": {"device_start": -1, "host_queued_start": 1585622069.220266, "device_queued": -1, "device_end": -1, "host_queued_end": 1585622069.228779}, "device": "gpu", "nd_range": {"device_start": 1585622002.8388834, "device_end": 1585622002.840098}, "cmdq": 0, "read": {"device_start": -1, "device_end": -1}}, "FFC_sans_bias43": {"write": {"device_start": 1585622002.8417108, "host_queued_start": 1585622069.225501, "device_queued": 1585622002.8280501, "device_end": 1585622002.8417358, "host_queued_end": 1585622069.228779}, "device": "gpu", "nd_range": {"device_start": 1585622002.8417466, "device_end": 1585622002.8434849}, "cmdq": 3, "read": {"device_start": 1585622002.8434873, "device_end": 1585622002.84351}}, "FFC_sans_bias40": {"write": {"device_start": -1, "host_queued_start": 1585622069.216294, "device_queued": -1, "device_end": -1, "host_queued_end": 1585622069.228779}, "device": "gpu", "nd_range": {"device_start": 1585622002.834647, "device_end": 1585622002.8366072}, "cmdq": 2, "read": {"device_start": -1, "device_end": -1}}, "softmax32": {"write": {"device_start": -1, "host_queued_start": 1585622069.217998, "device_queued": -1, "device_end": -1, "host_queued_end": 1585622069.228779}, "device": "gpu", "nd_range": {"device_start": 1585622002.8371415, "device_end": 1585622002.8384948}, "cmdq": 0, "read": {"device_start": -1, "device_end": -1}}, "FFC_sans_bias47": {"write": {"device_start": 1585622002.8298676, "host_queued_start": 1585622069.206551, "device_queued": 1585622002.8255444, "device_end": 1585622002.8298979, "host_queued_end": 1585622069.228779}, "device": "gpu", "nd_range": {"device_start": 1585622002.829902, "device_end": 1585622002.831715}, "cmdq": 1, "read": {"device_start": -1, "device_end": -1}}, "FFC_sans_bias45": {"write": {"device_start": 1585622002.828906, "host_queued_start": 1585622069.204445, "device_queued": 1585622002.8252857, "device_end": 1585622002.8289335, "host_queued_end": 1585622069.228779}, "device": "gpu", "nd_range": {"device_start": 1585622002.8289373, "device_end": 1585622002.8307357}, "cmdq": 3, "read": {"device_start": -1, "device_end": -1}}, "softmax50": {"write": {"device_start": -1, "host_queued_start": 1585622069.218484, "device_queued": -1, "device_end": -1, "host_queued_end": 1585622069.228779}, "device": "gpu", "nd_range": {"device_start": 1585622002.8385205, "device_end": 1585622002.838892}, "cmdq": 2, "read": {"device_start": -1, "device_end": -1}}, "FFC_sans_bias33": {"write": {"device_start": -1, "host_queued_start": 1585622069.21995, "device_queued": -1, "device_end": -1, "host_queued_end": 1585622069.228779}, "device": "gpu", "nd_range": {"device_start": 1585622002.8385322, "device_end": 1585622002.8391387}, "cmdq": 3, "read": {"device_start": -1, "device_end": -1}}, "FFC_sans_bias63": {"write": {"device_start": 1585622002.8328252, "host_queued_start": 1585622069.212891, "device_queued": 1585622002.8261342, "device_end": 1585622002.832851, "host_queued_end": 1585622069.228779}, "device": "gpu", "nd_range": {"device_start": 1585622002.8328593, "device_end": 1585622002.8345735}, "cmdq": 3, "read": {"device_start": -1, "device_end": -1}}, "FFC_sans_bias49": {"write": {"device_start": -1, "host_queued_start": 1585622069.216618, "device_queued": -1, "device_end": -1, "host_queued_end": 1585622069.228779}, "device": "gpu", "nd_range": {"device_start": 1585622002.8361897, "device_end": 1585622002.8380525}, "cmdq": 3, "read": {"device_start": -1, "device_end": -1}}, "FFC_sans_bias64": {"write": {"device_start": 1585622002.8318415, "host_queued_start": 1585622069.210781, "device_queued": 1585622002.8259182, "device_end": 1585622002.83188, "host_queued_end": 1585622069.228779}, "device": "gpu", "nd_range": {"device_start": 1585622002.8318923, "device_end": 1585622002.8336468}, "cmdq": 1, "read": {"device_start": -1, "device_end": -1}}, "FFC_sans_bias65": {"write": {"device_start": 1585622002.8327165, "host_queued_start": 1585622069.211854, "device_queued": 1585622002.8261056, "device_end": 1585622002.8327696, "host_queued_end": 1585622069.228779}, "device": "gpu", "nd_range": {"device_start": 1585622002.83278, "device_end": 1585622002.8341324}, "cmdq": 2, "read": {"device_start": -1, "device_end": -1}}, "FFC_sans_bias67": {"write": {"device_start": -1, "host_queued_start": 1585622069.217251, "device_queued": -1, "device_end": -1, "host_queued_end": 1585622069.228779}, "device": "gpu", "nd_range": {"device_start": 1585622002.8356202, "device_end": 1585622002.8375983}, "cmdq": 1, "read": {"device_start": -1, "device_end": -1}}, "FFC_sans_bias24": {"write": {"device_start": -1, "host_queued_start": 1585622069.219636, "device_queued": -1, "device_end": -1, "host_queued_end": 1585622069.228779}, "device": "gpu", "nd_range": {"device_start": 1585622002.8389018, "device_end": 1585622002.8405328}, "cmdq": 2, "read": {"device_start": -1, "device_end": -1}}, "FFC_sans_bias25": {"write": {"device_start": 1585622002.841605, "host_queued_start": 1585622069.22339, "device_queued": 1585622002.8278573, "device_end": 1585622002.8416312, "host_queued_end": 1585622069.228779}, "device": "gpu", "nd_range": {"device_start": 1585622002.841644, "device_end": 1585622002.8429837}, "cmdq": 1, "read": {"device_start": 1585622002.8429873, "device_end": 1585622002.843011}}, "FFC_sans_bias27": {"write": {"device_start": 1585622002.8260136, "host_queued_start": 1585622069.198088, "device_queued": 1585622002.8247375, "device_end": 1585622002.82605, "host_queued_end": 1585622069.228779}, "device": "gpu", "nd_range": {"device_start": 1585622002.8260553, "device_end": 1585622002.8278341}, "cmdq": 1, "read": {"device_start": -1, "device_end": -1}}, "FFC_sans_bias20": {"write": {"device_start": 1585622002.8254771, "host_queued_start": 1585622069.197038, "device_queued": 1585622002.8246918, "device_end": 1585622002.8255029, "host_queued_end": 1585622069.228779}, "device": "gpu", "nd_range": {"device_start": 1585622002.8255086, "device_end": 1585622002.8273463}, "cmdq": 0, "read": {"device_start": -1, "device_end": -1}}, "FFC_sans_bias22": {"write": {"device_start": -1, "host_queued_start": 1585622069.215672, "device_queued": -1, "device_end": -1, "host_queued_end": 1585622069.228779}, "device": "gpu", "nd_range": {"device_start": 1585622002.8345983, "device_end": 1585622002.8352077}, "cmdq": 0, "read": {"device_start": -1, "device_end": -1}}, "softmax68": {"write": {"device_start": -1, "host_queued_start": 1585622069.219007, "device_queued": -1, "device_end": -1, "host_queued_end": 1585622069.228779}, "device": "gpu", "nd_range": {"device_start": 1585622002.838505, "device_end": 1585622002.8388736}, "cmdq": 0, "read": {"device_start": -1, "device_end": -1}}, "softmax5": {"write": {"device_start": -1, "host_queued_start": 1585622069.235888, "device_queued": -1, "device_end": -1, "host_queued_end": 1585622069.237625}, "device": "cpu", "nd_range": {"device_start": 2289843.447471531, "device_end": 2289843.447577291}, "cmdq": 0, "read": {"device_start": -1, "device_end": -1}}, "FFC_sans_bias28": {"write": {"device_start": 1585622002.8265371, "host_queued_start": 1585622069.199172, "device_queued": 1585622002.8248937, "device_end": 1585622002.8265674, "host_queued_end": 1585622069.228779}, "device": "gpu", "nd_range": {"device_start": 1585622002.826574, "device_end": 1585622002.8283281}, "cmdq": 2, "read": {"device_start": -1, "device_end": -1}}, "FFC_sans_bias29": {"write": {"device_start": 1585622002.8270187, "host_queued_start": 1585622069.200222, "device_queued": 1585622002.8249242, "device_end": 1585622002.8270495, "host_queued_end": 1585622069.228779}, "device": "gpu", "nd_range": {"device_start": 1585622002.8270545, "device_end": 1585622002.8287861}, "cmdq": 3, "read": {"device_start": -1, "device_end": -1}}, "empty17": {"write": {"device_start": 1585622002.8234985, "host_queued_start": 1585622069.185261, "device_queued": 1585622002.8233519, "device_end": 1585622002.823542, "host_queued_end": 1585622069.228779}, "device": "gpu", "nd_range": {"device_start": 1585622002.8235517, "device_end": 1585622002.823563}, "cmdq": 0, "read": {"device_start": -1, "device_end": -1}}, "softmax59": {"write": {"device_start": -1, "host_queued_start": 1585622069.218759, "device_queued": -1, "device_end": -1, "host_queued_end": 1585622069.228779}, "device": "gpu", "nd_range": {"device_start": 1585622002.8382835, "device_end": 1585622002.8384929}, "cmdq": 3, "read": {"device_start": -1, "device_end": -1}}, "empty71": {"write": {"device_start": 1585622002.8241742, "host_queued_start": 1585622069.190606, "device_queued": 1585622002.8239288, "device_end": 1585622002.8242497, "host_queued_end": 1585622069.228779}, "device": "gpu", "nd_range": {"device_start": 1585622002.8242574, "device_end": 1585622002.824264}, "cmdq": 2, "read": {"device_start": -1, "device_end": -1}}, "empty35": {"write": {"device_start": 1585622002.8237288, "host_queued_start": 1585622069.187242, "device_queued": 1585622002.823532, "device_end": 1585622002.823792, "host_queued_end": 1585622069.228779}, "device": "gpu", "nd_range": {"device_start": 1585622002.8237958, "device_end": 1585622002.8238}, "cmdq": 2, "read": {"device_start": -1, "device_end": -1}}, "empty53": {"write": {"device_start": 1585622002.8239658, "host_queued_start": 1585622069.188937, "device_queued": 1585622002.8238676, "device_end": 1585622002.8240328, "host_queued_end": 1585622069.228779}, "device": "gpu", "nd_range": {"device_start": 1585622002.8240385, "device_end": 1585622002.8240511}, "cmdq": 0, "read": {"device_start": -1, "device_end": -1}}, "FFC_sans_bias46": {"write": {"device_start": 1585622002.8294368, "host_queued_start": 1585622069.205503, "device_queued": 1585622002.8254976, "device_end": 1585622002.8294637, "host_queued_end": 1585622069.228779}, "device": "gpu", "nd_range": {"device_start": 1585622002.8294685, "device_end": 1585622002.8312445}, "cmdq": 0, "read": {"device_start": -1, "device_end": -1}}, "coalesced_transpose66": {"write": {"device_start": -1, "host_queued_start": 1585622069.215039, "device_queued": -1, "device_end": -1, "host_queued_end": 1585622069.228779}, "device": "gpu", "nd_range": {"device_start": 1585622002.8345258, "device_end": 1585622002.8345406}, "cmdq": 2, "read": {"device_start": -1, "device_end": -1}}, "coalesced_transpose48": {"write": {"device_start": -1, "host_queued_start": 1585622069.214428, "device_queued": -1, "device_end": -1, "host_queued_end": 1585622069.228779}, "device": "gpu", "nd_range": {"device_start": 1585622002.8344777, "device_end": 1585622002.83453}, "cmdq": 0, "read": {"device_start": -1, "device_end": -1}}}