{"FFC_sans_bias60": {"write": {"device_start": -1, "host_queued_start": 1585621712.674038, "device_queued": -1, "device_end": -1, "host_queued_end": 1585621712.682958}, "device": "gpu", "nd_range": {"device_start": 1585621646.3159692, "device_end": 1585621646.3165689}, "cmdq": 0, "read": {"device_start": -1, "device_end": -1}}, "FFC_sans_bias4": {"write": {"device_start": -1, "host_queued_start": 1585621712.66751, "device_queued": -1, "device_end": -1, "host_queued_end": 1585621712.682958}, "device": "gpu", "nd_range": {"device_start": 1585621646.305905, "device_end": 1585621646.3065064}, "cmdq": 0, "read": {"device_start": -1, "device_end": -1}}, "FFC_sans_bias7": {"write": {"device_start": 1585621646.31729, "host_queued_start": 1585621712.675395, "device_queued": 1585621646.2917197, "device_end": 1585621646.3173127, "host_queued_end": 1585621712.682958}, "device": "gpu", "nd_range": {"device_start": 1585621646.3173208, "device_end": 1585621646.3179195}, "cmdq": 0, "read": {"device_start": 1585621646.317922, "device_end": 1585621646.3179455}}, "FFC_sans_bias6": {"write": {"device_start": -1, "host_queued_start": 1585621712.672034, "device_queued": -1, "device_end": -1, "host_queued_end": 1585621712.682958}, "device": "gpu", "nd_range": {"device_start": 1585621646.3123934, "device_end": 1585621646.312994}, "cmdq": 0, "read": {"device_start": -1, "device_end": -1}}, "FFC_sans_bias1": {"write": {"device_start": 1585621646.289032, "host_queued_start": 1585621712.641246, "device_queued": 1585621646.2880528, "device_end": 1585621646.2890558, "host_queued_end": 1585621712.682958}, "device": "gpu", "nd_range": {"device_start": 1585621646.2890716, "device_end": 1585621646.2896674}, "cmdq": 0, "read": {"device_start": -1, "device_end": -1}}, "FFC_sans_bias0": {"write": {"device_start": 1585621646.2882962, "host_queued_start": 1585621712.640184, "device_queued": 1585621646.288001, "device_end": 1585621646.288321, "host_queued_end": 1585621712.682958}, "device": "gpu", "nd_range": {"device_start": 1585621646.2883291, "device_end": 1585621646.2889304}, "cmdq": 0, "read": {"device_start": -1, "device_end": -1}}, "FFC_sans_bias2": {"write": {"device_start": 1585621646.2897816, "host_queued_start": 1585621712.642325, "device_queued": 1585621646.2882688, "device_end": 1585621646.289805, "host_queued_end": 1585621712.682958}, "device": "gpu", "nd_range": {"device_start": 1585621646.2898083, "device_end": 1585621646.2903972}, "cmdq": 0, "read": {"device_start": -1, "device_end": -1}}, "FFC_sans_bias61": {"write": {"device_start": 1585621646.3222725, "host_queued_start": 1585621712.68176, "device_queued": 1585621646.2924197, "device_end": 1585621646.322301, "host_queued_end": 1585621712.682958}, "device": "gpu", "nd_range": {"device_start": 1585621646.3223152, "device_end": 1585621646.3229144}, "cmdq": 0, "read": {"device_start": 1585621646.3229187, "device_end": 1585621646.3229415}}, "FFC_sans_bias52": {"write": {"device_start": 1585621646.3214738, "host_queued_start": 1585621712.680675, "device_queued": 1585621646.292278, "device_end": 1585621646.3214974, "host_queued_end": 1585621712.682958}, "device": "gpu", "nd_range": {"device_start": 1585621646.3215024, "device_end": 1585621646.3220994}, "cmdq": 0, "read": {"device_start": 1585621646.3221068, "device_end": 1585621646.3221292}}, "FFC_sans_bias9": {"write": {"device_start": 1585621646.290486, "host_queued_start": 1585621712.643407, "device_queued": 1585621646.2883162, "device_end": 1585621646.2905102, "host_queued_end": 1585621712.682958}, "device": "gpu", "nd_range": {"device_start": 1585621646.2905152, "device_end": 1585621646.2911139}, "cmdq": 0, "read": {"device_start": -1, "device_end": -1}}, "coalesced_transpose39": {"write": {"device_start": -1, "host_queued_start": 1585621712.666285, "device_queued": -1, "device_end": -1, "host_queued_end": 1585621712.682958}, "device": "gpu", "nd_range": {"device_start": 1585621646.305867, "device_end": 1585621646.3058758}, "cmdq": 0, "read": {"device_start": -1, "device_end": -1}}, "FFC_sans_bias55": {"write": {"device_start": 1585621646.3030806, "host_queued_start": 1585621712.661542, "device_queued": 1585621646.2899537, "device_end": 1585621646.3031087, "host_queued_end": 1585621712.682958}, "device": "gpu", "nd_range": {"device_start": 1585621646.303118, "device_end": 1585621646.3037207}, "cmdq": 0, "read": {"device_start": -1, "device_end": -1}}, "FFC_sans_bias54": {"write": {"device_start": 1585621646.302341, "host_queued_start": 1585621712.660477, "device_queued": 1585621646.2897842, "device_end": 1585621646.3023694, "host_queued_end": 1585621712.682958}, "device": "gpu", "nd_range": {"device_start": 1585621646.3023722, "device_end": 1585621646.3029604}, "cmdq": 0, "read": {"device_start": -1, "device_end": -1}}, "FFC_sans_bias56": {"write": {"device_start": 1585621646.3016067, "host_queued_start": 1585621712.659433, "device_queued": 1585621646.2897394, "device_end": 1585621646.3016346, "host_queued_end": 1585621712.682958}, "device": "gpu", "nd_range": {"device_start": 1585621646.3016412, "device_end": 1585621646.302249}, "cmdq": 0, "read": {"device_start": -1, "device_end": -1}}, "FFC_sans_bias51": {"write": {"device_start": -1, "host_queued_start": 1585621712.673722, "device_queued": -1, "device_end": -1, "host_queued_end": 1585621712.682958}, "device": "gpu", "nd_range": {"device_start": 1585621646.3153772, "device_end": 1585621646.315968}, "cmdq": 0, "read": {"device_start": -1, "device_end": -1}}, "softmax23": {"write": {"device_start": -1, "host_queued_start": 1585621712.670498, "device_queued": -1, "device_end": -1, "host_queued_end": 1585621712.682958}, "device": "gpu", "nd_range": {"device_start": 1585621646.3111303, "device_end": 1585621646.3113396}, "cmdq": 0, "read": {"device_start": -1, "device_end": -1}}, "FFC_sans_bias37": {"write": {"device_start": 1585621646.2978754, "host_queued_start": 1585621712.654119, "device_queued": 1585621646.2892046, "device_end": 1585621646.2979035, "host_queued_end": 1585621712.682958}, "device": "gpu", "nd_range": {"device_start": 1585621646.29791, "device_end": 1585621646.298508}, "cmdq": 0, "read": {"device_start": -1, "device_end": -1}}, "empty62": {"write": {"device_start": 1585621646.2880406, "host_queued_start": 1585621712.638354, "device_queued": 1585621646.2877529, "device_end": 1585621646.2880642, "host_queued_end": 1585621712.682958}, "device": "gpu", "nd_range": {"device_start": 1585621646.288067, "device_end": 1585621646.288071}, "cmdq": 0, "read": {"device_start": -1, "device_end": -1}}, "FFC_sans_bias70": {"write": {"device_start": 1585621646.323104, "host_queued_start": 1585621712.682862, "device_queued": 1585621646.2924695, "device_end": 1585621646.3231325, "host_queued_end": 1585621712.682958}, "device": "gpu", "nd_range": {"device_start": 1585621646.3231382, "device_end": 1585621646.323735}, "cmdq": 0, "read": {"device_start": 1585621646.323744, "device_end": 1585621646.3237665}}, "FFC_sans_bias58": {"write": {"device_start": -1, "host_queued_start": 1585621712.669417, "device_queued": -1, "device_end": -1, "host_queued_end": 1585621712.682958}, "device": "gpu", "nd_range": {"device_start": 1585621646.3095098, "device_end": 1585621646.3101103}, "cmdq": 0, "read": {"device_start": -1, "device_end": -1}}, "softmax41": {"write": {"device_start": -1, "host_queued_start": 1585621712.670997, "device_queued": -1, "device_end": -1, "host_queued_end": 1585621712.682958}, "device": "gpu", "nd_range": {"device_start": 1585621646.3115504, "device_end": 1585621646.3117602}, "cmdq": 0, "read": {"device_start": -1, "device_end": -1}}, "FFC_sans_bias11": {"write": {"device_start": 1585621646.2919452, "host_queued_start": 1585621712.645663, "device_queued": 1585621646.2884934, "device_end": 1585621646.2919745, "host_queued_end": 1585621712.682958}, "device": "gpu", "nd_range": {"device_start": 1585621646.2919788, "device_end": 1585621646.292578}, "cmdq": 0, "read": {"device_start": -1, "device_end": -1}}, "FFC_sans_bias10": {"write": {"device_start": 1585621646.291212, "host_queued_start": 1585621712.644618, "device_queued": 1585621646.2884624, "device_end": 1585621646.2912352, "host_queued_end": 1585621712.682958}, "device": "gpu", "nd_range": {"device_start": 1585621646.2912424, "device_end": 1585621646.2918422}, "cmdq": 0, "read": {"device_start": -1, "device_end": -1}}, "coalesced_transpose3": {"write": {"device_start": -1, "host_queued_start": 1585621712.665041, "device_queued": -1, "device_end": -1, "host_queued_end": 1585621712.682958}, "device": "gpu", "nd_range": {"device_start": 1585621646.3058276, "device_end": 1585621646.305836}, "cmdq": 0, "read": {"device_start": -1, "device_end": -1}}, "FFC_sans_bias34": {"write": {"device_start": 1585621646.3197978, "host_queued_start": 1585621712.678565, "device_queued": 1585621646.2920654, "device_end": 1585621646.3198261, "host_queued_end": 1585621712.682958}, "device": "gpu", "nd_range": {"device_start": 1585621646.3198411, "device_end": 1585621646.3204346}, "cmdq": 0, "read": {"device_start": 1585621646.3204427, "device_end": 1585621646.3204653}}, "FFC_sans_bias15": {"write": {"device_start": -1, "host_queued_start": 1585621712.672437, "device_queued": -1, "device_end": -1, "host_queued_end": 1585621712.682958}, "device": "gpu", "nd_range": {"device_start": 1585621646.312995, "device_end": 1585621646.3135934}, "cmdq": 0, "read": {"device_start": -1, "device_end": -1}}, "FFC_sans_bias31": {"write": {"device_start": -1, "host_queued_start": 1585621712.668467, "device_queued": -1, "device_end": -1, "host_queued_end": 1585621712.682958}, "device": "gpu", "nd_range": {"device_start": 1585621646.3077075, "device_end": 1585621646.3083088}, "cmdq": 0, "read": {"device_start": -1, "device_end": -1}}, "FFC_sans_bias16": {"write": {"device_start": 1585621646.3181336, "host_queued_start": 1585621712.676463, "device_queued": 1585621646.2918038, "device_end": 1585621646.318162, "host_queued_end": 1585621712.682958}, "device": "gpu", "nd_range": {"device_start": 1585621646.3181646, "device_end": 1585621646.3187642}, "cmdq": 0, "read": {"device_start": 1585621646.3187706, "device_end": 1585621646.318793}}, "FFC_sans_bias19": {"write": {"device_start": 1585621646.293422, "host_queued_start": 1585621712.647789, "device_queued": 1585621646.288645, "device_end": 1585621646.2934508, "host_queued_end": 1585621712.682958}, "device": "gpu", "nd_range": {"device_start": 1585621646.2934575, "device_end": 1585621646.294056}, "cmdq": 0, "read": {"device_start": -1, "device_end": -1}}, "FFC_sans_bias18": {"write": {"device_start": 1585621646.2926888, "host_queued_start": 1585621712.646747, "device_queued": 1585621646.288611, "device_end": 1585621646.2927115, "host_queued_end": 1585621712.682958}, "device": "gpu", "nd_range": {"device_start": 1585621646.2927182, "device_end": 1585621646.2933214}, "cmdq": 0, "read": {"device_start": -1, "device_end": -1}}, "coalesced_transpose30": {"write": {"device_start": -1, "host_queued_start": 1585621712.665979, "device_queued": -1, "device_end": -1, "host_queued_end": 1585621712.682958}, "device": "gpu", "nd_range": {"device_start": 1585621646.3058574, "device_end": 1585621646.3058658}, "cmdq": 0, "read": {"device_start": -1, "device_end": -1}}, "FFC_sans_bias69": {"write": {"device_start": -1, "host_queued_start": 1585621712.674354, "device_queued": -1, "device_end": -1, "host_queued_end": 1585621712.682958}, "device": "gpu", "nd_range": {"device_start": 1585621646.31657, "device_end": 1585621646.3171697}, "cmdq": 0, "read": {"device_start": -1, "device_end": -1}}, "FFC_sans_bias38": {"write": {"device_start": 1585621646.2986257, "host_queued_start": 1585621712.655201, "device_queued": 1585621646.2893362, "device_end": 1585621646.2986484, "host_queued_end": 1585621712.682958}, "device": "gpu", "nd_range": {"device_start": 1585621646.2986577, "device_end": 1585621646.2992527}, "cmdq": 0, "read": {"device_start": -1, "device_end": -1}}, "coalesced_transpose57": {"write": {"device_start": -1, "host_queued_start": 1585621712.666899, "device_queued": -1, "device_end": -1, "host_queued_end": 1585621712.682958}, "device": "gpu", "nd_range": {"device_start": 1585621646.3058867, "device_end": 1585621646.3058949}, "cmdq": 0, "read": {"device_start": -1, "device_end": -1}}, "empty26": {"write": {"device_start": 1585621646.2875216, "host_queued_start": 1585621712.635108, "device_queued": 1585621646.287302, "device_end": 1585621646.2875457, "host_queued_end": 1585621712.682958}, "device": "gpu", "nd_range": {"device_start": 1585621646.2875557, "device_end": 1585621646.287559}, "cmdq": 0, "read": {"device_start": -1, "device_end": -1}}, "coalesced_transpose12": {"write": {"device_start": -1, "host_queued_start": 1585621712.665354, "device_queued": -1, "device_end": -1, "host_queued_end": 1585621712.682958}, "device": "gpu", "nd_range": {"device_start": 1585621646.3058372, "device_end": 1585621646.305846}, "cmdq": 0, "read": {"device_start": -1, "device_end": -1}}, "empty44": {"write": {"device_start": 1585621646.2877917, "host_queued_start": 1585621712.636728, "device_queued": 1585621646.28764, "device_end": 1585621646.2878163, "host_queued_end": 1585621712.682958}, "device": "gpu", "nd_range": {"device_start": 1585621646.2878203, "device_end": 1585621646.2878234}, "cmdq": 0, "read": {"device_start": -1, "device_end": -1}}, "coalesced_transpose21": {"write": {"device_start": -1, "host_queued_start": 1585621712.665668, "device_queued": -1, "device_end": -1, "host_queued_end": 1585621712.682958}, "device": "gpu", "nd_range": {"device_start": 1585621646.305847, "device_end": 1585621646.305855}, "cmdq": 0, "read": {"device_start": -1, "device_end": -1}}, "FFC_sans_bias36": {"write": {"device_start": 1585621646.2971063, "host_queued_start": 1585621712.653081, "device_queued": 1585621646.2891536, "device_end": 1585621646.2971342, "host_queued_end": 1585621712.682958}, "device": "gpu", "nd_range": {"device_start": 1585621646.297151, "device_end": 1585621646.2977495}, "cmdq": 0, "read": {"device_start": -1, "device_end": -1}}, "softmax14": {"write": {"device_start": -1, "host_queued_start": 1585621712.67025, "device_queued": -1, "device_end": -1, "host_queued_end": 1585621712.682958}, "device": "gpu", "nd_range": {"device_start": 1585621646.3109202, "device_end": 1585621646.311129}, "cmdq": 0, "read": {"device_start": -1, "device_end": -1}}, "FFC_sans_bias13": {"write": {"device_start": -1, "host_queued_start": 1585621712.667834, "device_queued": -1, "device_end": -1, "host_queued_end": 1585621712.682958}, "device": "gpu", "nd_range": {"device_start": 1585621646.3065073, "device_end": 1585621646.3071058}, "cmdq": 0, "read": {"device_start": -1, "device_end": -1}}, "empty8": {"write": {"device_start": 1585621646.2872148, "host_queued_start": 1585621712.633193, "device_queued": 1585621646.2870727, "device_end": 1585621646.2872424, "host_queued_end": 1585621712.682958}, "device": "gpu", "nd_range": {"device_start": 1585621646.287253, "device_end": 1585621646.287262}, "cmdq": 0, "read": {"device_start": -1, "device_end": -1}}, "FFC_sans_bias42": {"write": {"device_start": -1, "host_queued_start": 1585621712.6734, "device_queued": -1, "device_end": -1, "host_queued_end": 1585621712.682958}, "device": "gpu", "nd_range": {"device_start": 1585621646.3147771, "device_end": 1585621646.3153763}, "cmdq": 0, "read": {"device_start": -1, "device_end": -1}}, "FFC_sans_bias43": {"write": {"device_start": 1585621646.3206365, "host_queued_start": 1585621712.679622, "device_queued": 1585621646.292226, "device_end": 1585621646.3206658, "host_queued_end": 1585621712.682958}, "device": "gpu", "nd_range": {"device_start": 1585621646.3206809, "device_end": 1585621646.3212779}, "cmdq": 0, "read": {"device_start": 1585621646.3212826, "device_end": 1585621646.3213053}}, "FFC_sans_bias40": {"write": {"device_start": -1, "host_queued_start": 1585621712.668782, "device_queued": -1, "device_end": -1, "host_queued_end": 1585621712.682958}, "device": "gpu", "nd_range": {"device_start": 1585621646.3083098, "device_end": 1585621646.3089094}, "cmdq": 0, "read": {"device_start": -1, "device_end": -1}}, "softmax32": {"write": {"device_start": -1, "host_queued_start": 1585621712.670751, "device_queued": -1, "device_end": -1, "host_queued_end": 1585621712.682958}, "device": "gpu", "nd_range": {"device_start": 1585621646.3113406, "device_end": 1585621646.311549}, "cmdq": 0, "read": {"device_start": -1, "device_end": -1}}, "FFC_sans_bias47": {"write": {"device_start": 1585621646.3008592, "host_queued_start": 1585621712.658364, "device_queued": 1585621646.2895734, "device_end": 1585621646.3008873, "host_queued_end": 1585621712.682958}, "device": "gpu", "nd_range": {"device_start": 1585621646.3008938, "device_end": 1585621646.3014903}, "cmdq": 0, "read": {"device_start": -1, "device_end": -1}}, "FFC_sans_bias45": {"write": {"device_start": 1585621646.299371, "host_queued_start": 1585621712.656239, "device_queued": 1585621646.2893877, "device_end": 1585621646.2993994, "host_queued_end": 1585621712.682958}, "device": "gpu", "nd_range": {"device_start": 1585621646.2994092, "device_end": 1585621646.2999964}, "cmdq": 0, "read": {"device_start": -1, "device_end": -1}}, "softmax50": {"write": {"device_start": -1, "host_queued_start": 1585621712.67124, "device_queued": -1, "device_end": -1, "host_queued_end": 1585621712.682958}, "device": "gpu", "nd_range": {"device_start": 1585621646.3117611, "device_end": 1585621646.3119714}, "cmdq": 0, "read": {"device_start": -1, "device_end": -1}}, "FFC_sans_bias33": {"write": {"device_start": -1, "host_queued_start": 1585621712.673077, "device_queued": -1, "device_end": -1, "host_queued_end": 1585621712.682958}, "device": "gpu", "nd_range": {"device_start": 1585621646.3141875, "device_end": 1585621646.3147752}, "cmdq": 0, "read": {"device_start": -1, "device_end": -1}}, "FFC_sans_bias63": {"write": {"device_start": 1585621646.305286, "host_queued_start": 1585621712.664704, "device_queued": 1585621646.2901938, "device_end": 1585621646.3053143, "host_queued_end": 1585621712.682958}, "device": "gpu", "nd_range": {"device_start": 1585621646.3053205, "device_end": 1585621646.3058267}, "cmdq": 0, "read": {"device_start": -1, "device_end": -1}}, "FFC_sans_bias49": {"write": {"device_start": -1, "host_queued_start": 1585621712.6691, "device_queued": -1, "device_end": -1, "host_queued_end": 1585621712.682958}, "device": "gpu", "nd_range": {"device_start": 1585621646.3089104, "device_end": 1585621646.3095078}, "cmdq": 0, "read": {"device_start": -1, "device_end": -1}}, "FFC_sans_bias64": {"write": {"device_start": 1585621646.3038287, "host_queued_start": 1585621712.662622, "device_queued": 1585621646.290007, "device_end": 1585621646.3038576, "host_queued_end": 1585621712.682958}, "device": "gpu", "nd_range": {"device_start": 1585621646.3038633, "device_end": 1585621646.3044639}, "cmdq": 0, "read": {"device_start": -1, "device_end": -1}}, "FFC_sans_bias65": {"write": {"device_start": 1585621646.304568, "host_queued_start": 1585621712.663673, "device_queued": 1585621646.290159, "device_end": 1585621646.304597, "host_queued_end": 1585621712.682958}, "device": "gpu", "nd_range": {"device_start": 1585621646.3046038, "device_end": 1585621646.3052032}, "cmdq": 0, "read": {"device_start": -1, "device_end": -1}}, "FFC_sans_bias67": {"write": {"device_start": -1, "host_queued_start": 1585621712.669751, "device_queued": -1, "device_end": -1, "host_queued_end": 1585621712.682958}, "device": "gpu", "nd_range": {"device_start": 1585621646.3101122, "device_end": 1585621646.3107069}, "cmdq": 0, "read": {"device_start": -1, "device_end": -1}}, "FFC_sans_bias24": {"write": {"device_start": -1, "host_queued_start": 1585621712.67276, "device_queued": -1, "device_end": -1, "host_queued_end": 1585621712.682958}, "device": "gpu", "nd_range": {"device_start": 1585621646.3135946, "device_end": 1585621646.3141859}, "cmdq": 0, "read": {"device_start": -1, "device_end": -1}}, "FFC_sans_bias25": {"write": {"device_start": 1585621646.3189669, "host_queued_start": 1585621712.677511, "device_queued": 1585621646.2919877, "device_end": 1585621646.318995, "host_queued_end": 1585621712.682958}, "device": "gpu", "nd_range": {"device_start": 1585621646.319, "device_end": 1585621646.319596}, "cmdq": 0, "read": {"device_start": 1585621646.319603, "device_end": 1585621646.3196256}}, "FFC_sans_bias27": {"write": {"device_start": 1585621646.294833, "host_queued_start": 1585621712.649896, "device_queued": 1585621646.2888036, "device_end": 1585621646.294856, "host_queued_end": 1585621712.682958}, "device": "gpu", "nd_range": {"device_start": 1585621646.2948647, "device_end": 1585621646.2954662}, "cmdq": 0, "read": {"device_start": -1, "device_end": -1}}, "FFC_sans_bias20": {"write": {"device_start": 1585621646.2941766, "host_queued_start": 1585621712.648851, "device_queued": 1585621646.2887626, "device_end": 1585621646.294205, "host_queued_end": 1585621712.682958}, "device": "gpu", "nd_range": {"device_start": 1585621646.294208, "device_end": 1585621646.2947164}, "cmdq": 0, "read": {"device_start": -1, "device_end": -1}}, "FFC_sans_bias22": {"write": {"device_start": -1, "host_queued_start": 1585621712.668148, "device_queued": -1, "device_end": -1, "host_queued_end": 1585621712.682958}, "device": "gpu", "nd_range": {"device_start": 1585621646.307107, "device_end": 1585621646.3077056}, "cmdq": 0, "read": {"device_start": -1, "device_end": -1}}, "softmax68": {"write": {"device_start": -1, "host_queued_start": 1585621712.671728, "device_queued": -1, "device_end": -1, "host_queued_end": 1585621712.682958}, "device": "gpu", "nd_range": {"device_start": 1585621646.3121827, "device_end": 1585621646.3123915}, "cmdq": 0, "read": {"device_start": -1, "device_end": -1}}, "softmax5": {"write": {"device_start": -1, "host_queued_start": 1585621712.670003, "device_queued": -1, "device_end": -1, "host_queued_end": 1585621712.682958}, "device": "gpu", "nd_range": {"device_start": 1585621646.310708, "device_end": 1585621646.3109193}, "cmdq": 0, "read": {"device_start": -1, "device_end": -1}}, "FFC_sans_bias28": {"write": {"device_start": 1585621646.2955918, "host_queued_start": 1585621712.650974, "device_queued": 1585621646.2889664, "device_end": 1585621646.29562, "host_queued_end": 1585621712.682958}, "device": "gpu", "nd_range": {"device_start": 1585621646.2956264, "device_end": 1585621646.2962286}, "cmdq": 0, "read": {"device_start": -1, "device_end": -1}}, "FFC_sans_bias29": {"write": {"device_start": 1585621646.2963557, "host_queued_start": 1585621712.652027, "device_queued": 1585621646.289011, "device_end": 1585621646.2963839, "host_queued_end": 1585621712.682958}, "device": "gpu", "nd_range": {"device_start": 1585621646.2963903, "device_end": 1585621646.296982}, "cmdq": 0, "read": {"device_start": -1, "device_end": -1}}, "empty17": {"write": {"device_start": 1585621646.2873683, "host_queued_start": 1585621712.634235, "device_queued": 1585621646.2872531, "device_end": 1585621646.2873974, "host_queued_end": 1585621712.682958}, "device": "gpu", "nd_range": {"device_start": 1585621646.2874036, "device_end": 1585621646.2874115}, "cmdq": 0, "read": {"device_start": -1, "device_end": -1}}, "softmax59": {"write": {"device_start": -1, "host_queued_start": 1585621712.671487, "device_queued": -1, "device_end": -1, "host_queued_end": 1585621712.682958}, "device": "gpu", "nd_range": {"device_start": 1585621646.3119724, "device_end": 1585621646.3121812}, "cmdq": 0, "read": {"device_start": -1, "device_end": -1}}, "empty71": {"write": {"device_start": 1585621646.288174, "host_queued_start": 1585621712.639204, "device_queued": 1585621646.2877872, "device_end": 1585621646.2881978, "host_queued_end": 1585621712.682958}, "device": "gpu", "nd_range": {"device_start": 1585621646.2882035, "device_end": 1585621646.288207}, "cmdq": 0, "read": {"device_start": -1, "device_end": -1}}, "empty35": {"write": {"device_start": 1585621646.2876723, "host_queued_start": 1585621712.635917, "device_queued": 1585621646.28735, "device_end": 1585621646.2876966, "host_queued_end": 1585621712.682958}, "device": "gpu", "nd_range": {"device_start": 1585621646.2877047, "device_end": 1585621646.2877083}, "cmdq": 0, "read": {"device_start": -1, "device_end": -1}}, "empty53": {"write": {"device_start": 1585621646.2878957, "host_queued_start": 1585621712.637542, "device_queued": 1585621646.287688, "device_end": 1585621646.2879245, "host_queued_end": 1585621712.682958}, "device": "gpu", "nd_range": {"device_start": 1585621646.2879307, "device_end": 1585621646.2879343}, "cmdq": 0, "read": {"device_start": -1, "device_end": -1}}, "FFC_sans_bias46": {"write": {"device_start": 1585621646.3001149, "host_queued_start": 1585621712.65729, "device_queued": 1585621646.289523, "device_end": 1585621646.3001373, "host_queued_end": 1585621712.682958}, "device": "gpu", "nd_range": {"device_start": 1585621646.3001468, "device_end": 1585621646.3007421}, "cmdq": 0, "read": {"device_start": -1, "device_end": -1}}, "coalesced_transpose66": {"write": {"device_start": -1, "host_queued_start": 1585621712.667196, "device_queued": -1, "device_end": -1, "host_queued_end": 1585621712.682958}, "device": "gpu", "nd_range": {"device_start": 1585621646.305896, "device_end": 1585621646.305904}, "cmdq": 0, "read": {"device_start": -1, "device_end": -1}}, "coalesced_transpose48": {"write": {"device_start": -1, "host_queued_start": 1585621712.666594, "device_queued": -1, "device_end": -1, "host_queued_end": 1585621712.682958}, "device": "gpu", "nd_range": {"device_start": 1585621646.3058767, "device_end": 1585621646.3058856}, "cmdq": 0, "read": {"device_start": -1, "device_end": -1}}}