{"FFC_sans_bias60": {"write": {"device_start": -1, "host_queued_start": 1585621782.624961, "device_queued": -1, "device_end": -1, "host_queued_end": 1585621782.632056}, "device": "cpu", "nd_range": {"device_start": 2289556.979840237, "device_end": 2289556.984284061}, "cmdq": 0, "read": {"device_start": -1, "device_end": -1}}, "FFC_sans_bias4": {"write": {"device_start": -1, "host_queued_start": 1585621782.618353, "device_queued": -1, "device_end": -1, "host_queued_end": 1585621782.632056}, "device": "cpu", "nd_range": {"device_start": 2289556.919949491, "device_end": 2289556.9240257293}, "cmdq": 0, "read": {"device_start": -1, "device_end": -1}}, "FFC_sans_bias7": {"write": {"device_start": -1, "host_queued_start": 1585621782.626016, "device_queued": -1, "device_end": -1, "host_queued_end": 1585621782.632056}, "device": "cpu", "nd_range": {"device_start": 2289556.984289506, "device_end": 2289556.9888677923}, "cmdq": 0, "read": {"device_start": -1, "device_end": -1}}, "FFC_sans_bias6": {"write": {"device_start": -1, "host_queued_start": 1585621782.622873, "device_queued": -1, "device_end": -1, "host_queued_end": 1585621782.632056}, "device": "cpu", "nd_range": {"device_start": 2289556.952581942, "device_end": 2289556.9568778262}, "cmdq": 0, "read": {"device_start": -1, "device_end": -1}}, "FFC_sans_bias1": {"write": {"device_start": -1, "host_queued_start": 1585621782.595428, "device_queued": -1, "device_end": -1, "host_queued_end": 1585621782.632056}, "device": "cpu", "nd_range": {"device_start": 2289556.8272158434, "device_end": 2289556.831290643}, "cmdq": 0, "read": {"device_start": -1, "device_end": -1}}, "FFC_sans_bias0": {"write": {"device_start": -1, "host_queued_start": 1585621782.59436, "device_queued": -1, "device_end": -1, "host_queued_end": 1585621782.632056}, "device": "cpu", "nd_range": {"device_start": 2289556.8217410874, "device_end": 2289556.827195477}, "cmdq": 0, "read": {"device_start": -1, "device_end": -1}}, "FFC_sans_bias2": {"write": {"device_start": -1, "host_queued_start": 1585621782.596486, "device_queued": -1, "device_end": -1, "host_queued_end": 1585621782.632056}, "device": "cpu", "nd_range": {"device_start": 2289556.8314210824, "device_end": 2289556.8352706144}, "cmdq": 0, "read": {"device_start": -1, "device_end": -1}}, "FFC_sans_bias61": {"write": {"device_start": -1, "host_queued_start": 1585621782.632012, "device_queued": -1, "device_end": -1, "host_queued_end": 1585621782.632056}, "device": "cpu", "nd_range": {"device_start": 2289557.011268421, "device_end": 2289557.0157364514}, "cmdq": 0, "read": {"device_start": -1, "device_end": -1}}, "FFC_sans_bias52": {"write": {"device_start": -1, "host_queued_start": 1585621782.631016, "device_queued": -1, "device_end": -1, "host_queued_end": 1585621782.632056}, "device": "cpu", "nd_range": {"device_start": 2289557.006669891, "device_end": 2289557.011264177}, "cmdq": 0, "read": {"device_start": -1, "device_end": -1}}, "FFC_sans_bias9": {"write": {"device_start": -1, "host_queued_start": 1585621782.59756, "device_queued": -1, "device_end": -1, "host_queued_end": 1585621782.632056}, "device": "cpu", "nd_range": {"device_start": 2289556.835394292, "device_end": 2289556.8394615264}, "cmdq": 0, "read": {"device_start": -1, "device_end": -1}}, "coalesced_transpose39": {"write": {"device_start": -1, "host_queued_start": 1585621782.617332, "device_queued": -1, "device_end": -1, "host_queued_end": 1585621782.632056}, "device": "cpu", "nd_range": {"device_start": 2289556.919255772, "device_end": 2289556.919385769}, "cmdq": 0, "read": {"device_start": -1, "device_end": -1}}, "FFC_sans_bias55": {"write": {"device_start": -1, "host_queued_start": 1585621782.615659, "device_queued": -1, "device_end": -1, "host_queued_end": 1585621782.632056}, "device": "cpu", "nd_range": {"device_start": 2289556.913731879, "device_end": 2289556.918182628}, "cmdq": 0, "read": {"device_start": -1, "device_end": -1}}, "FFC_sans_bias54": {"write": {"device_start": -1, "host_queued_start": 1585621782.6146, "device_queued": -1, "device_end": -1, "host_queued_end": 1585621782.632056}, "device": "cpu", "nd_range": {"device_start": 2289556.9091468863, "device_end": 2289556.913726659}, "cmdq": 0, "read": {"device_start": -1, "device_end": -1}}, "FFC_sans_bias56": {"write": {"device_start": -1, "host_queued_start": 1585621782.613536, "device_queued": -1, "device_end": -1, "host_queued_end": 1585621782.632056}, "device": "cpu", "nd_range": {"device_start": 2289556.9043424013, "device_end": 2289556.9091411973}, "cmdq": 0, "read": {"device_start": -1, "device_end": -1}}, "FFC_sans_bias51": {"write": {"device_start": -1, "host_queued_start": 1585621782.624619, "device_queued": -1, "device_end": -1, "host_queued_end": 1585621782.632056}, "device": "cpu", "nd_range": {"device_start": 2289556.975311254, "device_end": 2289556.979835003}, "cmdq": 0, "read": {"device_start": -1, "device_end": -1}}, "softmax23": {"write": {"device_start": -1, "host_queued_start": 1585621782.621362, "device_queued": -1, "device_end": -1, "host_queued_end": 1585621782.632056}, "device": "cpu", "nd_range": {"device_start": 2289556.951974926, "device_end": 2289556.952104431}, "cmdq": 0, "read": {"device_start": -1, "device_end": -1}}, "FFC_sans_bias37": {"write": {"device_start": -1, "host_queued_start": 1585621782.608176, "device_queued": -1, "device_end": -1, "host_queued_end": 1585621782.632056}, "device": "cpu", "nd_range": {"device_start": 2289556.881304325, "device_end": 2289556.886096001}, "cmdq": 0, "read": {"device_start": -1, "device_end": -1}}, "empty62": {"write": {"device_start": -1, "host_queued_start": 1585621782.593407, "device_queued": -1, "device_end": -1, "host_queued_end": 1585621782.632056}, "device": "cpu", "nd_range": {"device_start": 2289556.8217293103, "device_end": 2289556.8217300023}, "cmdq": 0, "read": {"device_start": -1, "device_end": -1}}, "FFC_sans_bias70": {"write": {"device_start": 1585621716.1917162, "host_queued_start": 1585621782.586739, "device_queued": 1585621716.1895487, "device_end": 1585621716.1917462, "host_queued_end": 1585621782.586844}, "device": "gpu", "nd_range": {"device_start": 1585621716.192203, "device_end": 1585621716.1927981}, "cmdq": 0, "read": {"device_start": 1585621716.1928048, "device_end": 1585621716.1928275}}, "FFC_sans_bias58": {"write": {"device_start": -1, "host_queued_start": 1585621782.62052, "device_queued": -1, "device_end": -1, "host_queued_end": 1585621782.632056}, "device": "cpu", "nd_range": {"device_start": 2289556.947107661, "device_end": 2289556.951676969}, "cmdq": 0, "read": {"device_start": -1, "device_end": -1}}, "softmax41": {"write": {"device_start": -1, "host_queued_start": 1585621782.621916, "device_queued": -1, "device_end": -1, "host_queued_end": 1585621782.632056}, "device": "cpu", "nd_range": {"device_start": 2289556.9522267133, "device_end": 2289556.9523391933}, "cmdq": 0, "read": {"device_start": -1, "device_end": -1}}, "FFC_sans_bias11": {"write": {"device_start": -1, "host_queued_start": 1585621782.599702, "device_queued": -1, "device_end": -1, "host_queued_end": 1585621782.632056}, "device": "cpu", "nd_range": {"device_start": 2289556.8442285974, "device_end": 2289556.848673801}, "cmdq": 0, "read": {"device_start": -1, "device_end": -1}}, "FFC_sans_bias10": {"write": {"device_start": -1, "host_queued_start": 1585621782.598644, "device_queued": -1, "device_end": -1, "host_queued_end": 1585621782.632056}, "device": "cpu", "nd_range": {"device_start": 2289556.8394693444, "device_end": 2289556.8442223594}, "cmdq": 0, "read": {"device_start": -1, "device_end": -1}}, "coalesced_transpose3": {"write": {"device_start": -1, "host_queued_start": 1585621782.615998, "device_queued": -1, "device_end": -1, "host_queued_end": 1585621782.632056}, "device": "cpu", "nd_range": {"device_start": 2289556.918188074, "device_end": 2289556.9183456623}, "cmdq": 0, "read": {"device_start": -1, "device_end": -1}}, "FFC_sans_bias34": {"write": {"device_start": -1, "host_queued_start": 1585621782.629015, "device_queued": -1, "device_end": -1, "host_queued_end": 1585621782.632056}, "device": "cpu", "nd_range": {"device_start": 2289556.99781156, "device_end": 2289557.002115623}, "cmdq": 0, "read": {"device_start": -1, "device_end": -1}}, "FFC_sans_bias15": {"write": {"device_start": -1, "host_queued_start": 1585621782.623225, "device_queued": -1, "device_end": -1, "host_queued_end": 1585621782.632056}, "device": "cpu", "nd_range": {"device_start": 2289556.956882874, "device_end": 2289556.961414174}, "cmdq": 0, "read": {"device_start": -1, "device_end": -1}}, "FFC_sans_bias31": {"write": {"device_start": -1, "host_queued_start": 1585621782.619494, "device_queued": -1, "device_end": -1, "host_queued_end": 1585621782.632056}, "device": "cpu", "nd_range": {"device_start": 2289556.933364736, "device_end": 2289556.938030939}, "cmdq": 0, "read": {"device_start": -1, "device_end": -1}}, "FFC_sans_bias16": {"write": {"device_start": -1, "host_queued_start": 1585621782.627026, "device_queued": -1, "device_end": -1, "host_queued_end": 1585621782.632056}, "device": "cpu", "nd_range": {"device_start": 2289556.988871843, "device_end": 2289556.99328969}, "cmdq": 0, "read": {"device_start": -1, "device_end": -1}}, "FFC_sans_bias19": {"write": {"device_start": -1, "host_queued_start": 1585621782.601797, "device_queued": -1, "device_end": -1, "host_queued_end": 1585621782.632056}, "device": "cpu", "nd_range": {"device_start": 2289556.853452478, "device_end": 2289556.857772508}, "cmdq": 0, "read": {"device_start": -1, "device_end": -1}}, "FFC_sans_bias18": {"write": {"device_start": -1, "host_queued_start": 1585621782.600747, "device_queued": -1, "device_end": -1, "host_queued_end": 1585621782.632056}, "device": "cpu", "nd_range": {"device_start": 2289556.848679832, "device_end": 2289556.853447181}, "cmdq": 0, "read": {"device_start": -1, "device_end": -1}}, "coalesced_transpose30": {"write": {"device_start": -1, "host_queued_start": 1585621782.616996, "device_queued": -1, "device_end": -1, "host_queued_end": 1585621782.632056}, "device": "cpu", "nd_range": {"device_start": 2289556.918999676, "device_end": 2289556.919129671}, "cmdq": 0, "read": {"device_start": -1, "device_end": -1}}, "FFC_sans_bias69": {"write": {"device_start": -1, "host_queued_start": 1585621782.585667, "device_queued": -1, "device_end": -1, "host_queued_end": 1585621782.586844}, "device": "gpu", "nd_range": {"device_start": 1585621716.1915941, "device_end": 1585621716.1921992}, "cmdq": 1, "read": {"device_start": -1, "device_end": -1}}, "FFC_sans_bias38": {"write": {"device_start": -1, "host_queued_start": 1585621782.609236, "device_queued": -1, "device_end": -1, "host_queued_end": 1585621782.632056}, "device": "cpu", "nd_range": {"device_start": 2289556.886101542, "device_end": 2289556.890353803}, "cmdq": 0, "read": {"device_start": -1, "device_end": -1}}, "coalesced_transpose57": {"write": {"device_start": -1, "host_queued_start": 1585621782.618, "device_queued": -1, "device_end": -1, "host_queued_end": 1585621782.632056}, "device": "cpu", "nd_range": {"device_start": 2289556.9197286214, "device_end": 2289556.919837201}, "cmdq": 0, "read": {"device_start": -1, "device_end": -1}}, "empty26": {"write": {"device_start": -1, "host_queued_start": 1585621782.590105, "device_queued": -1, "device_end": -1, "host_queued_end": 1585621782.632056}, "device": "cpu", "nd_range": {"device_start": 2289556.8217089563, "device_end": 2289556.8217098573}, "cmdq": 0, "read": {"device_start": -1, "device_end": -1}}, "coalesced_transpose12": {"write": {"device_start": -1, "host_queued_start": 1585621782.616334, "device_queued": -1, "device_end": -1, "host_queued_end": 1585621782.632056}, "device": "cpu", "nd_range": {"device_start": 2289556.918484177, "device_end": 2289556.918609633}, "cmdq": 0, "read": {"device_start": -1, "device_end": -1}}, "empty44": {"write": {"device_start": -1, "host_queued_start": 1585621782.591789, "device_queued": -1, "device_end": -1, "host_queued_end": 1585621782.632056}, "device": "cpu", "nd_range": {"device_start": 2289556.8217199952, "device_end": 2289556.821720511}, "cmdq": 0, "read": {"device_start": -1, "device_end": -1}}, "coalesced_transpose21": {"write": {"device_start": -1, "host_queued_start": 1585621782.616664, "device_queued": -1, "device_end": -1, "host_queued_end": 1585621782.632056}, "device": "cpu", "nd_range": {"device_start": 2289556.9187422413, "device_end": 2289556.918874387}, "cmdq": 0, "read": {"device_start": -1, "device_end": -1}}, "FFC_sans_bias36": {"write": {"device_start": -1, "host_queued_start": 1585621782.607129, "device_queued": -1, "device_end": -1, "host_queued_end": 1585621782.632056}, "device": "cpu", "nd_range": {"device_start": 2289556.876962237, "device_end": 2289556.881299099}, "cmdq": 0, "read": {"device_start": -1, "device_end": -1}}, "softmax14": {"write": {"device_start": -1, "host_queued_start": 1585621782.621082, "device_queued": -1, "device_end": -1, "host_queued_end": 1585621782.632056}, "device": "cpu", "nd_range": {"device_start": 2289556.951849436, "device_end": 2289556.951969041}, "cmdq": 0, "read": {"device_start": -1, "device_end": -1}}, "FFC_sans_bias13": {"write": {"device_start": -1, "host_queued_start": 1585621782.618716, "device_queued": -1, "device_end": -1, "host_queued_end": 1585621782.632056}, "device": "cpu", "nd_range": {"device_start": 2289556.92403183, "device_end": 2289556.929029407}, "cmdq": 0, "read": {"device_start": -1, "device_end": -1}}, "empty8": {"write": {"device_start": -1, "host_queued_start": 1585621782.588108, "device_queued": -1, "device_end": -1, "host_queued_end": 1585621782.632056}, "device": "cpu", "nd_range": {"device_start": 2289556.8216675012, "device_end": 2289556.821677716}, "cmdq": 0, "read": {"device_start": -1, "device_end": -1}}, "FFC_sans_bias42": {"write": {"device_start": -1, "host_queued_start": 1585621782.624275, "device_queued": -1, "device_end": -1, "host_queued_end": 1585621782.632056}, "device": "cpu", "nd_range": {"device_start": 2289556.970778443, "device_end": 2289556.975305372}, "cmdq": 0, "read": {"device_start": -1, "device_end": -1}}, "FFC_sans_bias43": {"write": {"device_start": -1, "host_queued_start": 1585621782.63001, "device_queued": -1, "device_end": -1, "host_queued_end": 1585621782.632056}, "device": "cpu", "nd_range": {"device_start": 2289557.002118662, "device_end": 2289557.006665611}, "cmdq": 0, "read": {"device_start": -1, "device_end": -1}}, "FFC_sans_bias40": {"write": {"device_start": -1, "host_queued_start": 1585621782.619838, "device_queued": -1, "device_end": -1, "host_queued_end": 1585621782.632056}, "device": "cpu", "nd_range": {"device_start": 2289556.938037548, "device_end": 2289556.942518943}, "cmdq": 0, "read": {"device_start": -1, "device_end": -1}}, "softmax32": {"write": {"device_start": -1, "host_queued_start": 1585621782.621636, "device_queued": -1, "device_end": -1, "host_queued_end": 1585621782.632056}, "device": "cpu", "nd_range": {"device_start": 2289556.9521102724, "device_end": 2289556.9522209642}, "cmdq": 0, "read": {"device_start": -1, "device_end": -1}}, "FFC_sans_bias47": {"write": {"device_start": -1, "host_queued_start": 1585621782.612457, "device_queued": -1, "device_end": -1, "host_queued_end": 1585621782.632056}, "device": "cpu", "nd_range": {"device_start": 2289556.899531632, "device_end": 2289556.9043366853}, "cmdq": 0, "read": {"device_start": -1, "device_end": -1}}, "FFC_sans_bias45": {"write": {"device_start": -1, "host_queued_start": 1585621782.610298, "device_queued": -1, "device_end": -1, "host_queued_end": 1585621782.632056}, "device": "cpu", "nd_range": {"device_start": 2289556.890360333, "device_end": 2289556.895190367}, "cmdq": 0, "read": {"device_start": -1, "device_end": -1}}, "softmax50": {"write": {"device_start": -1, "host_queued_start": 1585621782.622191, "device_queued": -1, "device_end": -1, "host_queued_end": 1585621782.632056}, "device": "cpu", "nd_range": {"device_start": 2289556.9523445643, "device_end": 2289556.952457541}, "cmdq": 0, "read": {"device_start": -1, "device_end": -1}}, "FFC_sans_bias33": {"write": {"device_start": -1, "host_queued_start": 1585621782.623932, "device_queued": -1, "device_end": -1, "host_queued_end": 1585621782.632056}, "device": "cpu", "nd_range": {"device_start": 2289556.965763721, "device_end": 2289556.970772306}, "cmdq": 0, "read": {"device_start": -1, "device_end": -1}}, "FFC_sans_bias63": {"write": {"device_start": 1585621716.1900208, "host_queued_start": 1585621782.584468, "device_queued": 1585621716.1893508, "device_end": 1585621716.190051, "host_queued_end": 1585621782.586844}, "device": "gpu", "nd_range": {"device_start": 1585621716.1900537, "device_end": 1585621716.190767}, "cmdq": 1, "read": {"device_start": -1, "device_end": -1}}, "FFC_sans_bias49": {"write": {"device_start": -1, "host_queued_start": 1585621782.620182, "device_queued": -1, "device_end": -1, "host_queued_end": 1585621782.632056}, "device": "cpu", "nd_range": {"device_start": 2289556.942524976, "device_end": 2289556.947101864}, "cmdq": 0, "read": {"device_start": -1, "device_end": -1}}, "FFC_sans_bias64": {"write": {"device_start": 1585621716.189206, "host_queued_start": 1585621782.58236, "device_queued": 1585621716.1890745, "device_end": 1585621716.189273, "host_queued_end": 1585621782.586844}, "device": "gpu", "nd_range": {"device_start": 1585621716.1892788, "device_end": 1585621716.189888}, "cmdq": 1, "read": {"device_start": -1, "device_end": -1}}, "FFC_sans_bias65": {"write": {"device_start": 1585621716.1892943, "host_queued_start": 1585621782.583416, "device_queued": 1585621716.1891277, "device_end": 1585621716.1893234, "host_queued_end": 1585621782.586844}, "device": "gpu", "nd_range": {"device_start": 1585621716.18934, "device_end": 1585621716.1902835}, "cmdq": 0, "read": {"device_start": -1, "device_end": -1}}, "FFC_sans_bias67": {"write": {"device_start": -1, "host_queued_start": 1585621782.585103, "device_queued": -1, "device_end": -1, "host_queued_end": 1585621782.586844}, "device": "gpu", "nd_range": {"device_start": 1585621716.1907687, "device_end": 1585621716.1913717}, "cmdq": 1, "read": {"device_start": -1, "device_end": -1}}, "FFC_sans_bias24": {"write": {"device_start": -1, "host_queued_start": 1585621782.623587, "device_queued": -1, "device_end": -1, "host_queued_end": 1585621782.632056}, "device": "cpu", "nd_range": {"device_start": 2289556.961419561, "device_end": 2289556.9657580974}, "cmdq": 0, "read": {"device_start": -1, "device_end": -1}}, "FFC_sans_bias25": {"write": {"device_start": -1, "host_queued_start": 1585621782.628021, "device_queued": -1, "device_end": -1, "host_queued_end": 1585621782.632056}, "device": "cpu", "nd_range": {"device_start": 2289556.993292909, "device_end": 2289556.9978087763}, "cmdq": 0, "read": {"device_start": -1, "device_end": -1}}, "FFC_sans_bias27": {"write": {"device_start": -1, "host_queued_start": 1585621782.603934, "device_queued": -1, "device_end": -1, "host_queued_end": 1585621782.632056}, "device": "cpu", "nd_range": {"device_start": 2289556.8623515903, "device_end": 2289556.867633916}, "cmdq": 0, "read": {"device_start": -1, "device_end": -1}}, "FFC_sans_bias20": {"write": {"device_start": -1, "host_queued_start": 1585621782.602884, "device_queued": -1, "device_end": -1, "host_queued_end": 1585621782.632056}, "device": "cpu", "nd_range": {"device_start": 2289556.8577775243, "device_end": 2289556.862345835}, "cmdq": 0, "read": {"device_start": -1, "device_end": -1}}, "FFC_sans_bias22": {"write": {"device_start": -1, "host_queued_start": 1585621782.619143, "device_queued": -1, "device_end": -1, "host_queued_end": 1585621782.632056}, "device": "cpu", "nd_range": {"device_start": 2289556.929035881, "device_end": 2289556.9333592793}, "cmdq": 0, "read": {"device_start": -1, "device_end": -1}}, "softmax68": {"write": {"device_start": -1, "host_queued_start": 1585621782.585355, "device_queued": -1, "device_end": -1, "host_queued_end": 1585621782.586844}, "device": "gpu", "nd_range": {"device_start": 1585621716.1913753, "device_end": 1585621716.1915905}, "cmdq": 0, "read": {"device_start": -1, "device_end": -1}}, "softmax5": {"write": {"device_start": -1, "host_queued_start": 1585621782.620801, "device_queued": -1, "device_end": -1, "host_queued_end": 1585621782.632056}, "device": "cpu", "nd_range": {"device_start": 2289556.95168319, "device_end": 2289556.9518432613}, "cmdq": 0, "read": {"device_start": -1, "device_end": -1}}, "FFC_sans_bias28": {"write": {"device_start": -1, "host_queued_start": 1585621782.604986, "device_queued": -1, "device_end": -1, "host_queued_end": 1585621782.632056}, "device": "cpu", "nd_range": {"device_start": 2289556.86763957, "device_end": 2289556.87213631}, "cmdq": 0, "read": {"device_start": -1, "device_end": -1}}, "FFC_sans_bias29": {"write": {"device_start": -1, "host_queued_start": 1585621782.60605, "device_queued": -1, "device_end": -1, "host_queued_end": 1585621782.632056}, "device": "cpu", "nd_range": {"device_start": 2289556.872142082, "device_end": 2289556.876956887}, "cmdq": 0, "read": {"device_start": -1, "device_end": -1}}, "empty17": {"write": {"device_start": -1, "host_queued_start": 1585621782.589234, "device_queued": -1, "device_end": -1, "host_queued_end": 1585621782.632056}, "device": "cpu", "nd_range": {"device_start": 2289556.8217001553, "device_end": 2289556.821701516}, "cmdq": 0, "read": {"device_start": -1, "device_end": -1}}, "softmax59": {"write": {"device_start": -1, "host_queued_start": 1585621782.622482, "device_queued": -1, "device_end": -1, "host_queued_end": 1585621782.632056}, "device": "cpu", "nd_range": {"device_start": 2289556.9524630792, "device_end": 2289556.952576511}, "cmdq": 0, "read": {"device_start": -1, "device_end": -1}}, "empty71": {"write": {"device_start": 1585621716.1891127, "host_queued_start": 1585621782.581091, "device_queued": 1585621716.1890004, "device_end": 1585621716.1891518, "host_queued_end": 1585621782.586844}, "device": "gpu", "nd_range": {"device_start": 1585621716.189156, "device_end": 1585621716.1891687}, "cmdq": 0, "read": {"device_start": -1, "device_end": -1}}, "empty35": {"write": {"device_start": -1, "host_queued_start": 1585621782.590941, "device_queued": -1, "device_end": -1, "host_queued_end": 1585621782.632056}, "device": "cpu", "nd_range": {"device_start": 2289556.821714921, "device_end": 2289556.821715582}, "cmdq": 0, "read": {"device_start": -1, "device_end": -1}}, "empty53": {"write": {"device_start": -1, "host_queued_start": 1585621782.592596, "device_queued": -1, "device_end": -1, "host_queued_end": 1585621782.632056}, "device": "cpu", "nd_range": {"device_start": 2289556.82172456, "device_end": 2289556.821725149}, "cmdq": 0, "read": {"device_start": -1, "device_end": -1}}, "FFC_sans_bias46": {"write": {"device_start": -1, "host_queued_start": 1585621782.611378, "device_queued": -1, "device_end": -1, "host_queued_end": 1585621782.632056}, "device": "cpu", "nd_range": {"device_start": 2289556.895195974, "device_end": 2289556.899526377}, "cmdq": 0, "read": {"device_start": -1, "device_end": -1}}, "coalesced_transpose66": {"write": {"device_start": -1, "host_queued_start": 1585621782.584788, "device_queued": -1, "device_end": -1, "host_queued_end": 1585621782.586844}, "device": "gpu", "nd_range": {"device_start": 1585621716.190285, "device_end": 1585621716.1906865}, "cmdq": 0, "read": {"device_start": -1, "device_end": -1}}, "coalesced_transpose48": {"write": {"device_start": -1, "host_queued_start": 1585621782.617661, "device_queued": -1, "device_end": -1, "host_queued_end": 1585621782.632056}, "device": "cpu", "nd_range": {"device_start": 2289556.919500851, "device_end": 2289556.919612486}, "cmdq": 0, "read": {"device_start": -1, "device_end": -1}}}