{"FFC_sans_bias60": {"write": {"device_start": -1, "host_queued_start": 1585622071.932098, "device_queued": -1, "device_end": -1, "host_queued_end": 1585622071.939026}, "device": "gpu", "nd_range": {"device_start": 1585622005.547047, "device_end": 1585622005.5490036}, "cmdq": 2, "read": {"device_start": -1, "device_end": -1}}, "FFC_sans_bias4": {"write": {"device_start": -1, "host_queued_start": 1585622071.950279, "device_queued": -1, "device_end": -1, "host_queued_end": 1585622071.954115}, "device": "cpu", "nd_range": {"device_start": 2289846.170241694, "device_end": 2289846.178796552}, "cmdq": 1, "read": {"device_start": -1, "device_end": -1}}, "FFC_sans_bias7": {"write": {"device_start": -1, "host_queued_start": 1585622071.95304, "device_queued": -1, "device_end": -1, "host_queued_end": 1585622071.954115}, "device": "cpu", "nd_range": {"device_start": 2289846.190108958, "device_end": 2289846.1995649333}, "cmdq": 1, "read": {"device_start": -1, "device_end": -1}}, "FFC_sans_bias6": {"write": {"device_start": -1, "host_queued_start": 1585622071.951572, "device_queued": -1, "device_end": -1, "host_queued_end": 1585622071.954115}, "device": "cpu", "nd_range": {"device_start": 2289846.181354192, "device_end": 2289846.189933582}, "cmdq": 2, "read": {"device_start": -1, "device_end": -1}}, "FFC_sans_bias1": {"write": {"device_start": -1, "host_queued_start": 1585622071.944599, "device_queued": -1, "device_end": -1, "host_queued_end": 1585622071.954115}, "device": "cpu", "nd_range": {"device_start": 2289846.143830691, "device_end": 2289846.152619636}, "cmdq": 0, "read": {"device_start": -1, "device_end": -1}}, "FFC_sans_bias0": {"write": {"device_start": -1, "host_queued_start": 1585622071.943252, "device_queued": -1, "device_end": -1, "host_queued_end": 1585622071.954115}, "device": "cpu", "nd_range": {"device_start": 2289846.143831782, "device_end": 2289846.156342397}, "cmdq": 2, "read": {"device_start": -1, "device_end": -1}}, "FFC_sans_bias2": {"write": {"device_start": -1, "host_queued_start": 1585622071.945797, "device_queued": -1, "device_end": -1, "host_queued_end": 1585622071.954115}, "device": "cpu", "nd_range": {"device_start": 2289846.1438304, "device_end": 2289846.1577597363}, "cmdq": 1, "read": {"device_start": -1, "device_end": -1}}, "FFC_sans_bias61": {"write": {"device_start": 1585622005.5501375, "host_queued_start": 1585622071.937753, "device_queued": 1585622005.5379262, "device_end": 1585622005.550163, "host_queued_end": 1585622071.939026}, "device": "gpu", "nd_range": {"device_start": 1585622005.550173, "device_end": 1585622005.55182}, "cmdq": 0, "read": {"device_start": 1585622005.5518234, "device_end": 1585622005.5518456}}, "FFC_sans_bias52": {"write": {"device_start": 1585622005.549508, "host_queued_start": 1585622071.936697, "device_queued": 1585622005.5376892, "device_end": 1585622005.5495336, "host_queued_end": 1585622071.939026}, "device": "gpu", "nd_range": {"device_start": 1585622005.5495415, "device_end": 1585622005.5513752}, "cmdq": 3, "read": {"device_start": 1585622005.5513804, "device_end": 1585622005.5514033}}, "FFC_sans_bias9": {"write": {"device_start": -1, "host_queued_start": 1585622071.94699, "device_queued": -1, "device_end": -1, "host_queued_end": 1585622071.954115}, "device": "cpu", "nd_range": {"device_start": 2289846.1564758844, "device_end": 2289846.1647302043}, "cmdq": 2, "read": {"device_start": -1, "device_end": -1}}, "coalesced_transpose39": {"write": {"device_start": -1, "host_queued_start": 1585622071.926014, "device_queued": -1, "device_end": -1, "host_queued_end": 1585622071.939026}, "device": "gpu", "nd_range": {"device_start": 1585622005.5427153, "device_end": 1585622005.5430853}, "cmdq": 2, "read": {"device_start": -1, "device_end": -1}}, "FFC_sans_bias55": {"write": {"device_start": 1585622005.539904, "host_queued_start": 1585622071.921852, "device_queued": 1585622005.5356653, "device_end": 1585622005.5399294, "host_queued_end": 1585622071.939026}, "device": "gpu", "nd_range": {"device_start": 1585622005.5399368, "device_end": 1585622005.5417473}, "cmdq": 0, "read": {"device_start": -1, "device_end": -1}}, "FFC_sans_bias54": {"write": {"device_start": 1585622005.5394423, "host_queued_start": 1585622071.920792, "device_queued": 1585622005.5354211, "device_end": 1585622005.5394683, "host_queued_end": 1585622071.939026}, "device": "gpu", "nd_range": {"device_start": 1585622005.5394742, "device_end": 1585622005.541274}, "cmdq": 3, "read": {"device_start": -1, "device_end": -1}}, "FFC_sans_bias56": {"write": {"device_start": 1585622005.5389223, "host_queued_start": 1585622071.919736, "device_queued": 1585622005.53539, "device_end": 1585622005.5389488, "host_queued_end": 1585622071.939026}, "device": "gpu", "nd_range": {"device_start": 1585622005.5389552, "device_end": 1585622005.5407662}, "cmdq": 2, "read": {"device_start": -1, "device_end": -1}}, "FFC_sans_bias51": {"write": {"device_start": -1, "host_queued_start": 1585622071.931767, "device_queued": -1, "device_end": -1, "host_queued_end": 1585622071.939026}, "device": "gpu", "nd_range": {"device_start": 1585622005.5468106, "device_end": 1585622005.548434}, "cmdq": 1, "read": {"device_start": -1, "device_end": -1}}, "softmax23": {"write": {"device_start": -1, "host_queued_start": 1585622071.929191, "device_queued": -1, "device_end": -1, "host_queued_end": 1585622071.939026}, "device": "gpu", "nd_range": {"device_start": 1585622005.5442069, "device_end": 1585622005.5458817}, "cmdq": 0, "read": {"device_start": -1, "device_end": -1}}, "FFC_sans_bias37": {"write": {"device_start": 1585622005.5365815, "host_queued_start": 1585622071.914345, "device_queued": 1585622005.5348918, "device_end": 1585622005.5366182, "host_queued_end": 1585622071.939026}, "device": "gpu", "nd_range": {"device_start": 1585622005.536625, "device_end": 1585622005.5383568}, "cmdq": 1, "read": {"device_start": -1, "device_end": -1}}, "empty62": {"write": {"device_start": 1585622005.5340955, "host_queued_start": 1585622071.904855, "device_queued": 1585622005.5339394, "device_end": 1585622005.534172, "host_queued_end": 1585622071.939026}, "device": "gpu", "nd_range": {"device_start": 1585622005.5341763, "device_end": 1585622005.5341835}, "cmdq": 0, "read": {"device_start": -1, "device_end": -1}}, "FFC_sans_bias70": {"write": {"device_start": 1585622005.5505662, "host_queued_start": 1585622071.938922, "device_queued": 1585622005.538134, "device_end": 1585622005.5505915, "host_queued_end": 1585622071.939026}, "device": "gpu", "nd_range": {"device_start": 1585622005.5506, "device_end": 1585622005.5523207}, "cmdq": 1, "read": {"device_start": 1585622005.5523257, "device_end": 1585622005.552348}}, "FFC_sans_bias58": {"write": {"device_start": -1, "host_queued_start": 1585622071.928606, "device_queued": -1, "device_end": -1, "host_queued_end": 1585622071.939026}, "device": "gpu", "nd_range": {"device_start": 1585622005.5441947, "device_end": 1585622005.545692}, "cmdq": 2, "read": {"device_start": -1, "device_end": -1}}, "softmax41": {"write": {"device_start": -1, "host_queued_start": 1585622071.929693, "device_queued": -1, "device_end": -1, "host_queued_end": 1585622071.939026}, "device": "gpu", "nd_range": {"device_start": 1585622005.5457015, "device_end": 1585622005.5464199}, "cmdq": 2, "read": {"device_start": -1, "device_end": -1}}, "FFC_sans_bias11": {"write": {"device_start": -1, "host_queued_start": 1585622071.949233, "device_queued": -1, "device_end": -1, "host_queued_end": 1585622071.954115}, "device": "cpu", "nd_range": {"device_start": 2289846.1578990254, "device_end": 2289846.170234555}, "cmdq": 1, "read": {"device_start": -1, "device_end": -1}}, "FFC_sans_bias10": {"write": {"device_start": -1, "host_queued_start": 1585622071.948118, "device_queued": -1, "device_end": -1, "host_queued_end": 1585622071.954115}, "device": "cpu", "nd_range": {"device_start": 2289846.152727357, "device_end": 2289846.17219125}, "cmdq": 0, "read": {"device_start": -1, "device_end": -1}}, "coalesced_transpose3": {"write": {"device_start": -1, "host_queued_start": 1585622071.949572, "device_queued": -1, "device_end": -1, "host_queued_end": 1585622071.954115}, "device": "cpu", "nd_range": {"device_start": 2289846.164857298, "device_end": 2289846.165100648}, "cmdq": 2, "read": {"device_start": -1, "device_end": -1}}, "FFC_sans_bias34": {"write": {"device_start": 1585622005.5486505, "host_queued_start": 1585622071.934591, "device_queued": 1585622005.5376518, "device_end": 1585622005.548693, "host_queued_end": 1585622071.939026}, "device": "gpu", "nd_range": {"device_start": 1585622005.5487053, "device_end": 1585622005.5503953}, "cmdq": 1, "read": {"device_start": 1585622005.5503979, "device_end": 1585622005.5504222}}, "FFC_sans_bias15": {"write": {"device_start": -1, "host_queued_start": 1585622071.951944, "device_queued": -1, "device_end": -1, "host_queued_end": 1585622071.954115}, "device": "cpu", "nd_range": {"device_start": 2289846.181648076, "device_end": 2289846.204413047}, "cmdq": 0, "read": {"device_start": -1, "device_end": -1}}, "FFC_sans_bias31": {"write": {"device_start": -1, "host_queued_start": 1585622071.927618, "device_queued": -1, "device_end": -1, "host_queued_end": 1585622071.939026}, "device": "gpu", "nd_range": {"device_start": 1585622005.543202, "device_end": 1585622005.5447562}, "cmdq": 3, "read": {"device_start": -1, "device_end": -1}}, "FFC_sans_bias16": {"write": {"device_start": -1, "host_queued_start": 1585622071.954048, "device_queued": -1, "device_end": -1, "host_queued_end": 1585622071.954115}, "device": "cpu", "nd_range": {"device_start": 2289846.204678037, "device_end": 2289846.2111473223}, "cmdq": 2, "read": {"device_start": -1, "device_end": -1}}, "FFC_sans_bias19": {"write": {"device_start": 1585622005.5343804, "host_queued_start": 1585622071.907742, "device_queued": 1585622005.5340354, "device_end": 1585622005.5344198, "host_queued_end": 1585622071.939026}, "device": "gpu", "nd_range": {"device_start": 1585622005.5344238, "device_end": 1585622005.5353882}, "cmdq": 3, "read": {"device_start": -1, "device_end": -1}}, "FFC_sans_bias18": {"write": {"device_start": 1585622005.5342927, "host_queued_start": 1585622071.906677, "device_queued": 1585622005.5340152, "device_end": 1585622005.5343752, "host_queued_end": 1585622071.939026}, "device": "gpu", "nd_range": {"device_start": 1585622005.5343785, "device_end": 1585622005.534989}, "cmdq": 2, "read": {"device_start": -1, "device_end": -1}}, "coalesced_transpose30": {"write": {"device_start": -1, "host_queued_start": 1585622071.9257, "device_queued": -1, "device_end": -1, "host_queued_end": 1585622071.939026}, "device": "gpu", "nd_range": {"device_start": 1585622005.5422, "device_end": 1585622005.5430734}, "cmdq": 1, "read": {"device_start": -1, "device_end": -1}}, "FFC_sans_bias69": {"write": {"device_start": -1, "host_queued_start": 1585622071.932441, "device_queued": -1, "device_end": -1, "host_queued_end": 1585622071.939026}, "device": "gpu", "nd_range": {"device_start": 1585622005.5474482, "device_end": 1585622005.5494168}, "cmdq": 3, "read": {"device_start": -1, "device_end": -1}}, "FFC_sans_bias38": {"write": {"device_start": 1585622005.5370686, "host_queued_start": 1585622071.915439, "device_queued": 1585622005.5349221, "device_end": 1585622005.5370998, "host_queued_end": 1585622071.939026}, "device": "gpu", "nd_range": {"device_start": 1585622005.5371063, "device_end": 1585622005.5388308}, "cmdq": 2, "read": {"device_start": -1, "device_end": -1}}, "coalesced_transpose57": {"write": {"device_start": -1, "host_queued_start": 1585622071.926647, "device_queued": -1, "device_end": -1, "host_queued_end": 1585622071.939026}, "device": "gpu", "nd_range": {"device_start": 1585622005.543057, "device_end": 1585622005.5430923}, "cmdq": 0, "read": {"device_start": -1, "device_end": -1}}, "empty26": {"write": {"device_start": 1585622005.533659, "host_queued_start": 1585622071.901217, "device_queued": 1585622005.5335305, "device_end": 1585622005.5337076, "host_queued_end": 1585622071.939026}, "device": "gpu", "nd_range": {"device_start": 1585622005.5337112, "device_end": 1585622005.5337157}, "cmdq": 0, "read": {"device_start": -1, "device_end": -1}}, "coalesced_transpose12": {"write": {"device_start": -1, "host_queued_start": 1585622071.949915, "device_queued": -1, "device_end": -1, "host_queued_end": 1585622071.954115}, "device": "cpu", "nd_range": {"device_start": 2289846.172199083, "device_end": 2289846.1724574124}, "cmdq": 0, "read": {"device_start": -1, "device_end": -1}}, "empty44": {"write": {"device_start": 1585622005.533889, "host_queued_start": 1585622071.903159, "device_queued": 1585622005.533689, "device_end": 1585622005.5339265, "host_queued_end": 1585622071.939026}, "device": "gpu", "nd_range": {"device_start": 1585622005.5339386, "device_end": 1585622005.533943}, "cmdq": 2, "read": {"device_start": -1, "device_end": -1}}, "coalesced_transpose21": {"write": {"device_start": -1, "host_queued_start": 1585622071.925386, "device_queued": -1, "device_end": -1, "host_queued_end": 1585622071.939026}, "device": "gpu", "nd_range": {"device_start": 1585622005.5417485, "device_end": 1585622005.5430558}, "cmdq": 0, "read": {"device_start": -1, "device_end": -1}}, "FFC_sans_bias36": {"write": {"device_start": 1585622005.5360727, "host_queued_start": 1585622071.913286, "device_queued": 1585622005.534729, "device_end": 1585622005.5361044, "host_queued_end": 1585622071.939026}, "device": "gpu", "nd_range": {"device_start": 1585622005.5361102, "device_end": 1585622005.5378845}, "cmdq": 0, "read": {"device_start": -1, "device_end": -1}}, "softmax14": {"write": {"device_start": -1, "host_queued_start": 1585622071.951208, "device_queued": -1, "device_end": -1, "host_queued_end": 1585622071.954115}, "device": "cpu", "nd_range": {"device_start": 2289846.1813614573, "device_end": 2289846.181517749}, "cmdq": 1, "read": {"device_start": -1, "device_end": -1}}, "FFC_sans_bias13": {"write": {"device_start": -1, "host_queued_start": 1585622071.950652, "device_queued": -1, "device_end": -1, "host_queued_end": 1585622071.954115}, "device": "cpu", "nd_range": {"device_start": 2289846.1724752793, "device_end": 2289846.181331999}, "cmdq": 2, "read": {"device_start": -1, "device_end": -1}}, "empty8": {"write": {"device_start": -1, "host_queued_start": 1585622071.940669, "device_queued": -1, "device_end": -1, "host_queued_end": 1585622071.954115}, "device": "cpu", "nd_range": {"device_start": 2289846.143798153, "device_end": 2289846.143810593}, "cmdq": 0, "read": {"device_start": -1, "device_end": -1}}, "FFC_sans_bias42": {"write": {"device_start": -1, "host_queued_start": 1585622071.931441, "device_queued": -1, "device_end": -1, "host_queued_end": 1585622071.939026}, "device": "gpu", "nd_range": {"device_start": 1585622005.5464487, "device_end": 1585622005.5480142}, "cmdq": 0, "read": {"device_start": -1, "device_end": -1}}, "FFC_sans_bias43": {"write": {"device_start": 1585622005.549093, "host_queued_start": 1585622071.935642, "device_queued": 1585622005.5376737, "device_end": 1585622005.549118, "host_queued_end": 1585622071.939026}, "device": "gpu", "nd_range": {"device_start": 1585622005.549129, "device_end": 1585622005.550895}, "cmdq": 2, "read": {"device_start": 1585622005.5508976, "device_end": 1585622005.5509205}}, "FFC_sans_bias40": {"write": {"device_start": -1, "host_queued_start": 1585622071.927951, "device_queued": -1, "device_end": -1, "host_queued_end": 1585622071.939026}, "device": "gpu", "nd_range": {"device_start": 1585622005.5431714, "device_end": 1585622005.5437853}, "cmdq": 0, "read": {"device_start": -1, "device_end": -1}}, "softmax32": {"write": {"device_start": -1, "host_queued_start": 1585622071.929445, "device_queued": -1, "device_end": -1, "host_queued_end": 1585622071.939026}, "device": "gpu", "nd_range": {"device_start": 1585622005.5451918, "device_end": 1585622005.5464082}, "cmdq": 1, "read": {"device_start": -1, "device_end": -1}}, "FFC_sans_bias47": {"write": {"device_start": 1585622005.5384657, "host_queued_start": 1585622071.918673, "device_queued": 1585622005.535361, "device_end": 1585622005.538493, "host_queued_end": 1585622071.939026}, "device": "gpu", "nd_range": {"device_start": 1585622005.5385015, "device_end": 1585622005.5403202}, "cmdq": 1, "read": {"device_start": -1, "device_end": -1}}, "FFC_sans_bias45": {"write": {"device_start": 1585622005.5374875, "host_queued_start": 1585622071.916502, "device_queued": 1585622005.5349374, "device_end": 1585622005.5375133, "host_queued_end": 1585622071.939026}, "device": "gpu", "nd_range": {"device_start": 1585622005.5375175, "device_end": 1585622005.5393493}, "cmdq": 3, "read": {"device_start": -1, "device_end": -1}}, "softmax50": {"write": {"device_start": -1, "host_queued_start": 1585622071.929944, "device_queued": -1, "device_end": -1, "host_queued_end": 1585622071.939026}, "device": "gpu", "nd_range": {"device_start": 1585622005.546192, "device_end": 1585622005.5464032}, "cmdq": 3, "read": {"device_start": -1, "device_end": -1}}, "FFC_sans_bias33": {"write": {"device_start": -1, "host_queued_start": 1585622071.93111, "device_queued": -1, "device_end": -1, "host_queued_end": 1585622071.939026}, "device": "gpu", "nd_range": {"device_start": 1585622005.5464382, "device_end": 1585622005.5474396}, "cmdq": 3, "read": {"device_start": -1, "device_end": -1}}, "FFC_sans_bias63": {"write": {"device_start": 1585622005.5413616, "host_queued_start": 1585622071.925045, "device_queued": 1585622005.535856, "device_end": 1585622005.5413866, "host_queued_end": 1585622071.939026}, "device": "gpu", "nd_range": {"device_start": 1585622005.541392, "device_end": 1585622005.543151}, "cmdq": 3, "read": {"device_start": -1, "device_end": -1}}, "FFC_sans_bias49": {"write": {"device_start": -1, "host_queued_start": 1585622071.928285, "device_queued": -1, "device_end": -1, "host_queued_end": 1585622071.939026}, "device": "gpu", "nd_range": {"device_start": 1585622005.5432162, "device_end": 1585622005.5451825}, "cmdq": 1, "read": {"device_start": -1, "device_end": -1}}, "FFC_sans_bias64": {"write": {"device_start": 1585622005.5404053, "host_queued_start": 1585622071.922944, "device_queued": 1585622005.5358107, "device_end": 1585622005.5404317, "host_queued_end": 1585622071.939026}, "device": "gpu", "nd_range": {"device_start": 1585622005.540441, "device_end": 1585622005.5421987}, "cmdq": 1, "read": {"device_start": -1, "device_end": -1}}, "FFC_sans_bias65": {"write": {"device_start": 1585622005.5408561, "host_queued_start": 1585622071.923997, "device_queued": 1585622005.5358377, "device_end": 1585622005.5408823, "host_queued_end": 1585622071.939026}, "device": "gpu", "nd_range": {"device_start": 1585622005.5408897, "device_end": 1585622005.5427098}, "cmdq": 2, "read": {"device_start": -1, "device_end": -1}}, "FFC_sans_bias67": {"write": {"device_start": -1, "host_queued_start": 1585622071.928936, "device_queued": -1, "device_end": -1, "host_queued_end": 1585622071.939026}, "device": "gpu", "nd_range": {"device_start": 1585622005.5447655, "device_end": 1585622005.5461824}, "cmdq": 3, "read": {"device_start": -1, "device_end": -1}}, "FFC_sans_bias24": {"write": {"device_start": -1, "host_queued_start": 1585622071.930779, "device_queued": -1, "device_end": -1, "host_queued_end": 1585622071.939026}, "device": "gpu", "nd_range": {"device_start": 1585622005.5464282, "device_end": 1585622005.5470386}, "cmdq": 2, "read": {"device_start": -1, "device_end": -1}}, "FFC_sans_bias25": {"write": {"device_start": 1585622005.54819, "host_queued_start": 1585622071.933509, "device_queued": 1585622005.537468, "device_end": 1585622005.5482175, "host_queued_end": 1585622071.939026}, "device": "gpu", "nd_range": {"device_start": 1585622005.5482352, "device_end": 1585622005.5499542}, "cmdq": 0, "read": {"device_start": 1585622005.5499578, "device_end": 1585622005.5499814}}, "FFC_sans_bias27": {"write": {"device_start": 1585622005.5345814, "host_queued_start": 1585622071.910012, "device_queued": 1585622005.5344527, "device_end": 1585622005.5346067, "host_queued_end": 1585622071.939026}, "device": "gpu", "nd_range": {"device_start": 1585622005.5346096, "device_end": 1585622005.53638}, "cmdq": 1, "read": {"device_start": -1, "device_end": -1}}, "FFC_sans_bias20": {"write": {"device_start": 1585622005.5344713, "host_queued_start": 1585622071.908797, "device_queued": 1585622005.5342793, "device_end": 1585622005.5345433, "host_queued_end": 1585622071.939026}, "device": "gpu", "nd_range": {"device_start": 1585622005.5345516, "device_end": 1585622005.5359569}, "cmdq": 0, "read": {"device_start": -1, "device_end": -1}}, "FFC_sans_bias22": {"write": {"device_start": -1, "host_queued_start": 1585622071.927289, "device_queued": -1, "device_end": -1, "host_queued_end": 1585622071.939026}, "device": "gpu", "nd_range": {"device_start": 1585622005.5431862, "device_end": 1585622005.5441856}, "cmdq": 2, "read": {"device_start": -1, "device_end": -1}}, "softmax68": {"write": {"device_start": -1, "host_queued_start": 1585622071.930449, "device_queued": -1, "device_end": -1, "host_queued_end": 1585622071.939026}, "device": "gpu", "nd_range": {"device_start": 1585622005.546417, "device_end": 1585622005.546802}, "cmdq": 1, "read": {"device_start": -1, "device_end": -1}}, "softmax5": {"write": {"device_start": -1, "host_queued_start": 1585622071.950931, "device_queued": -1, "device_end": -1, "host_queued_end": 1585622071.954115}, "device": "cpu", "nd_range": {"device_start": 2289846.178950171, "device_end": 2289846.1791111273}, "cmdq": 0, "read": {"device_start": -1, "device_end": -1}}, "FFC_sans_bias28": {"write": {"device_start": 1585622005.5351446, "host_queued_start": 1585622071.911108, "device_queued": 1585622005.534473, "device_end": 1585622005.5351753, "host_queued_end": 1585622071.939026}, "device": "gpu", "nd_range": {"device_start": 1585622005.5351796, "device_end": 1585622005.5369365}, "cmdq": 2, "read": {"device_start": -1, "device_end": -1}}, "FFC_sans_bias29": {"write": {"device_start": 1585622005.5354831, "host_queued_start": 1585622071.912192, "device_queued": 1585622005.534493, "device_end": 1585622005.535514, "host_queued_end": 1585622071.939026}, "device": "gpu", "nd_range": {"device_start": 1585622005.5355172, "device_end": 1585622005.537366}, "cmdq": 3, "read": {"device_start": -1, "device_end": -1}}, "empty17": {"write": {"device_start": -1, "host_queued_start": 1585622071.941868, "device_queued": -1, "device_end": -1, "host_queued_end": 1585622071.954115}, "device": "cpu", "nd_range": {"device_start": 2289846.1437982093, "device_end": 2289846.143810578}, "cmdq": 1, "read": {"device_start": -1, "device_end": -1}}, "softmax59": {"write": {"device_start": -1, "host_queued_start": 1585622071.930195, "device_queued": -1, "device_end": -1, "host_queued_end": 1585622071.939026}, "device": "gpu", "nd_range": {"device_start": 1585622005.5458908, "device_end": 1585622005.5462115}, "cmdq": 0, "read": {"device_start": -1, "device_end": -1}}, "empty71": {"write": {"device_start": 1585622005.5341763, "host_queued_start": 1585622071.905663, "device_queued": 1585622005.5339882, "device_end": 1585622005.5342226, "host_queued_end": 1585622071.939026}, "device": "gpu", "nd_range": {"device_start": 1585622005.5342321, "device_end": 1585622005.534236}, "cmdq": 1, "read": {"device_start": -1, "device_end": -1}}, "empty35": {"write": {"device_start": 1585622005.5337918, "host_queued_start": 1585622071.902265, "device_queued": 1585622005.5336535, "device_end": 1585622005.5338647, "host_queued_end": 1585622071.939026}, "device": "gpu", "nd_range": {"device_start": 1585622005.533878, "device_end": 1585622005.533884}, "cmdq": 1, "read": {"device_start": -1, "device_end": -1}}, "empty53": {"write": {"device_start": 1585622005.5339808, "host_queued_start": 1585622071.904008, "device_queued": 1585622005.533715, "device_end": 1585622005.5340476, "host_queued_end": 1585622071.939026}, "device": "gpu", "nd_range": {"device_start": 1585622005.5340528, "device_end": 1585622005.534057}, "cmdq": 3, "read": {"device_start": -1, "device_end": -1}}, "FFC_sans_bias46": {"write": {"device_start": 1585622005.5379856, "host_queued_start": 1585622071.917559, "device_queued": 1585622005.535201, "device_end": 1585622005.5380113, "host_queued_end": 1585622071.939026}, "device": "gpu", "nd_range": {"device_start": 1585622005.5380194, "device_end": 1585622005.5398011}, "cmdq": 0, "read": {"device_start": -1, "device_end": -1}}, "coalesced_transpose66": {"write": {"device_start": -1, "host_queued_start": 1585622071.92696, "device_queued": -1, "device_end": -1, "host_queued_end": 1585622071.939026}, "device": "gpu", "nd_range": {"device_start": 1585622005.5430746, "device_end": 1585622005.5431037}, "cmdq": 1, "read": {"device_start": -1, "device_end": -1}}, "coalesced_transpose48": {"write": {"device_start": -1, "host_queued_start": 1585622071.926327, "device_queued": -1, "device_end": -1, "host_queued_end": 1585622071.939026}, "device": "gpu", "nd_range": {"device_start": 1585622005.5431583, "device_end": 1585622005.543189}, "cmdq": 3, "read": {"device_start": -1, "device_end": -1}}}