{"FFC_sans_bias60": {"write": {"device_start": -1, "host_queued_start": 1585622506.267115, "device_queued": -1, "device_end": -1, "host_queued_end": 1585622506.273127}, "device": "gpu", "nd_range": {"device_start": 1585622439.868099, "device_end": 1585622439.8690844}, "cmdq": 1, "read": {"device_start": -1, "device_end": -1}}, "FFC_sans_bias4": {"write": {"device_start": -1, "host_queued_start": 1585622506.293458, "device_queued": -1, "device_end": -1, "host_queued_end": 1585622506.302139}, "device": "cpu", "nd_range": {"device_start": 2290280.56286541, "device_end": 2290280.5868057082}, "cmdq": 0, "read": {"device_start": -1, "device_end": -1}}, "FFC_sans_bias7": {"write": {"device_start": -1, "host_queued_start": 1585622506.299041, "device_queued": -1, "device_end": -1, "host_queued_end": 1585622506.302139}, "device": "cpu", "nd_range": {"device_start": 2290280.6008795863, "device_end": 2290280.6080283043}, "cmdq": 0, "read": {"device_start": -1, "device_end": -1}}, "FFC_sans_bias6": {"write": {"device_start": -1, "host_queued_start": 1585622506.296913, "device_queued": -1, "device_end": -1, "host_queued_end": 1585622506.302139}, "device": "cpu", "nd_range": {"device_start": 2290280.592699144, "device_end": 2290280.6008745683}, "cmdq": 0, "read": {"device_start": -1, "device_end": -1}}, "FFC_sans_bias1": {"write": {"device_start": -1, "host_queued_start": 1585622506.280403, "device_queued": -1, "device_end": -1, "host_queued_end": 1585622506.302139}, "device": "cpu", "nd_range": {"device_start": 2290280.4919223553, "device_end": 2290280.507217218}, "cmdq": 1, "read": {"device_start": -1, "device_end": -1}}, "FFC_sans_bias0": {"write": {"device_start": -1, "host_queued_start": 1585622506.279124, "device_queued": -1, "device_end": -1, "host_queued_end": 1585622506.302139}, "device": "cpu", "nd_range": {"device_start": 2290280.491766166, "device_end": 2290280.507255408}, "cmdq": 0, "read": {"device_start": -1, "device_end": -1}}, "FFC_sans_bias2": {"write": {"device_start": -1, "host_queued_start": 1585622506.281601, "device_queued": -1, "device_end": -1, "host_queued_end": 1585622506.302139}, "device": "cpu", "nd_range": {"device_start": 2290280.491778452, "device_end": 2290280.507268261}, "cmdq": 2, "read": {"device_start": -1, "device_end": -1}}, "FFC_sans_bias61": {"write": {"device_start": 1585622439.8698695, "host_queued_start": 1585622506.27092, "device_queued": 1585622439.859596, "device_end": 1585622439.8699012, "host_queued_end": 1585622506.273127}, "device": "gpu", "nd_range": {"device_start": 1585622439.8699164, "device_end": 1585622439.8705418}, "cmdq": 0, "read": {"device_start": 1585622439.8705528, "device_end": 1585622439.8705766}}, "FFC_sans_bias52": {"write": {"device_start": 1585622439.8702154, "host_queued_start": 1585622506.269832, "device_queued": 1585622439.8595, "device_end": 1585622439.8702478, "host_queued_end": 1585622506.273127}, "device": "gpu", "nd_range": {"device_start": 1585622439.8702638, "device_end": 1585622439.8710494}, "cmdq": 1, "read": {"device_start": 1585622439.871052, "device_end": 1585622439.871077}}, "FFC_sans_bias9": {"write": {"device_start": -1, "host_queued_start": 1585622506.282679, "device_queued": -1, "device_end": -1, "host_queued_end": 1585622506.302139}, "device": "cpu", "nd_range": {"device_start": 2290280.491755294, "device_end": 2290280.5083729923}, "cmdq": 3, "read": {"device_start": -1, "device_end": -1}}, "coalesced_transpose39": {"write": {"device_start": -1, "host_queued_start": 1585622506.261912, "device_queued": -1, "device_end": -1, "host_queued_end": 1585622506.273127}, "device": "gpu", "nd_range": {"device_start": 1585622439.8637068, "device_end": 1585622439.8640602}, "cmdq": 0, "read": {"device_start": -1, "device_end": -1}}, "FFC_sans_bias55": {"write": {"device_start": 1585622439.860453, "host_queued_start": 1585622506.255297, "device_queued": 1585622439.8574772, "device_end": 1585622439.860486, "host_queued_end": 1585622506.273127}, "device": "gpu", "nd_range": {"device_start": 1585622439.8604906, "device_end": 1585622439.861285}, "cmdq": 1, "read": {"device_start": -1, "device_end": -1}}, "FFC_sans_bias54": {"write": {"device_start": 1585622439.8599262, "host_queued_start": 1585622506.254227, "device_queued": 1585622439.8573105, "device_end": 1585622439.8599539, "host_queued_end": 1585622506.273127}, "device": "gpu", "nd_range": {"device_start": 1585622439.859958, "device_end": 1585622439.8608046}, "cmdq": 0, "read": {"device_start": -1, "device_end": -1}}, "FFC_sans_bias79": {"write": {"device_start": 1585622439.8707662, "host_queued_start": 1585622506.273029, "device_queued": 1585622439.8599184, "device_end": 1585622439.8707972, "host_queued_end": 1585622506.273127}, "device": "gpu", "nd_range": {"device_start": 1585622439.870805, "device_end": 1585622439.871511}, "cmdq": 0, "read": {"device_start": 1585622439.87213, "device_end": 1585622439.8721585}}, "FFC_sans_bias56": {"write": {"device_start": 1585622439.8595622, "host_queued_start": 1585622506.25319, "device_queued": 1585622439.85726, "device_end": 1585622439.859594, "host_queued_end": 1585622506.273127}, "device": "gpu", "nd_range": {"device_start": 1585622439.8596005, "device_end": 1585622439.860321}, "cmdq": 1, "read": {"device_start": -1, "device_end": -1}}, "FFC_sans_bias51": {"write": {"device_start": -1, "host_queued_start": 1585622506.266798, "device_queued": -1, "device_end": -1, "host_queued_end": 1585622506.273127}, "device": "gpu", "nd_range": {"device_start": 1585622439.8670847, "device_end": 1585622439.867685}, "cmdq": 0, "read": {"device_start": -1, "device_end": -1}}, "softmax23": {"write": {"device_start": -1, "host_queued_start": 1585622506.296296, "device_queued": -1, "device_end": -1, "host_queued_end": 1585622506.302139}, "device": "cpu", "nd_range": {"device_start": 2290280.5474117943, "device_end": 2290280.547646974}, "cmdq": 2, "read": {"device_start": -1, "device_end": -1}}, "FFC_sans_bias37": {"write": {"device_start": 1585622439.8568528, "host_queued_start": 1585622506.247928, "device_queued": 1585622439.8566504, "device_end": 1585622439.8568802, "host_queued_end": 1585622506.273127}, "device": "gpu", "nd_range": {"device_start": 1585622439.8568833, "device_end": 1585622439.857835}, "cmdq": 0, "read": {"device_start": -1, "device_end": -1}}, "FFC_sans_bias73": {"write": {"device_start": 1585622439.8628705, "host_queued_start": 1585622506.260525, "device_queued": 1585622439.858067, "device_end": 1585622439.8629024, "host_queued_end": 1585622506.273127}, "device": "gpu", "nd_range": {"device_start": 1585622439.8629072, "device_end": 1585622439.863705}, "cmdq": 0, "read": {"device_start": -1, "device_end": -1}}, "empty62": {"write": {"device_start": 1585622439.8564236, "host_queued_start": 1585622506.244155, "device_queued": 1585622439.8562584, "device_end": 1585622439.8564897, "host_queued_end": 1585622506.273127}, "device": "gpu", "nd_range": {"device_start": 1585622439.8565, "device_end": 1585622439.856504}, "cmdq": 0, "read": {"device_start": -1, "device_end": -1}}, "FFC_sans_bias70": {"write": {"device_start": 1585622439.8712869, "host_queued_start": 1585622506.271976, "device_queued": 1585622439.859814, "device_end": 1585622439.8713183, "host_queued_end": 1585622506.273127}, "device": "gpu", "nd_range": {"device_start": 1585622439.8713279, "device_end": 1585622439.871986}, "cmdq": 1, "read": {"device_start": 1585622439.87199, "device_end": 1585622439.8720195}}, "FFC_sans_bias58": {"write": {"device_start": -1, "host_queued_start": 1585622506.264269, "device_queued": -1, "device_end": -1, "host_queued_end": 1585622506.273127}, "device": "gpu", "nd_range": {"device_start": 1585622439.8652544, "device_end": 1585622439.866221}, "cmdq": 1, "read": {"device_start": -1, "device_end": -1}}, "softmax41": {"write": {"device_start": -1, "host_queued_start": 1585622506.265181, "device_queued": -1, "device_end": -1, "host_queued_end": 1585622506.273127}, "device": "gpu", "nd_range": {"device_start": 1585622439.865828, "device_end": 1585622439.8663394}, "cmdq": 0, "read": {"device_start": -1, "device_end": -1}}, "FFC_sans_bias74": {"write": {"device_start": 1585622439.8633635, "host_queued_start": 1585622506.261564, "device_queued": 1585622439.8581946, "device_end": 1585622439.863396, "host_queued_end": 1585622506.273127}, "device": "gpu", "nd_range": {"device_start": 1585622439.8634014, "device_end": 1585622439.8642006}, "cmdq": 1, "read": {"device_start": -1, "device_end": -1}}, "FFC_sans_bias11": {"write": {"device_start": -1, "host_queued_start": 1585622506.284811, "device_queued": -1, "device_end": -1, "host_queued_end": 1585622506.302139}, "device": "cpu", "nd_range": {"device_start": 2290280.507228983, "device_end": 2290280.522481156}, "cmdq": 1, "read": {"device_start": -1, "device_end": -1}}, "FFC_sans_bias10": {"write": {"device_start": -1, "host_queued_start": 1585622506.283731, "device_queued": -1, "device_end": -1, "host_queued_end": 1585622506.302139}, "device": "cpu", "nd_range": {"device_start": 2290280.507266113, "device_end": 2290280.5384929082}, "cmdq": 0, "read": {"device_start": -1, "device_end": -1}}, "coalesced_transpose3": {"write": {"device_start": -1, "host_queued_start": 1585622506.292086, "device_queued": -1, "device_end": -1, "host_queued_end": 1585622506.302139}, "device": "cpu", "nd_range": {"device_start": 2290280.5622265954, "device_end": 2290280.5624836204}, "cmdq": 0, "read": {"device_start": -1, "device_end": -1}}, "FFC_sans_bias34": {"write": {"device_start": -1, "host_queued_start": 1585622506.302092, "device_queued": -1, "device_end": -1, "host_queued_end": 1585622506.302139}, "device": "cpu", "nd_range": {"device_start": 2290280.577888037, "device_end": 2290280.588245628}, "cmdq": 3, "read": {"device_start": -1, "device_end": -1}}, "FFC_sans_bias15": {"write": {"device_start": -1, "host_queued_start": 1585622506.29726, "device_queued": -1, "device_end": -1, "host_queued_end": 1585622506.302139}, "device": "cpu", "nd_range": {"device_start": 2290280.561577952, "device_end": 2290280.576743783}, "cmdq": 1, "read": {"device_start": -1, "device_end": -1}}, "FFC_sans_bias31": {"write": {"device_start": -1, "host_queued_start": 1585622506.295423, "device_queued": -1, "device_end": -1, "host_queued_end": 1585622506.302139}, "device": "cpu", "nd_range": {"device_start": 2290280.540150916, "device_end": 2290280.561814776}, "cmdq": 3, "read": {"device_start": -1, "device_end": -1}}, "FFC_sans_bias16": {"write": {"device_start": -1, "host_queued_start": 1585622506.300058, "device_queued": -1, "device_end": -1, "host_queued_end": 1585622506.302139}, "device": "cpu", "nd_range": {"device_start": 2290280.5767540913, "device_end": 2290280.586795792}, "cmdq": 1, "read": {"device_start": -1, "device_end": -1}}, "FFC_sans_bias19": {"write": {"device_start": -1, "host_queued_start": 1585622506.287034, "device_queued": -1, "device_end": -1, "host_queued_end": 1585622506.302139}, "device": "cpu", "nd_range": {"device_start": 2290280.508483073, "device_end": 2290280.524743011}, "cmdq": 3, "read": {"device_start": -1, "device_end": -1}}, "FFC_sans_bias18": {"write": {"device_start": -1, "host_queued_start": 1585622506.285883, "device_queued": -1, "device_end": -1, "host_queued_end": 1585622506.302139}, "device": "cpu", "nd_range": {"device_start": 2290280.507290273, "device_end": 2290280.5225682813}, "cmdq": 2, "read": {"device_start": -1, "device_end": -1}}, "coalesced_transpose30": {"write": {"device_start": -1, "host_queued_start": 1585622506.293106, "device_queued": -1, "device_end": -1, "host_queued_end": 1585622506.302139}, "device": "cpu", "nd_range": {"device_start": 2290280.539792275, "device_end": 2290280.540037922}, "cmdq": 3, "read": {"device_start": -1, "device_end": -1}}, "empty80": {"write": {"device_start": 1585622439.856665, "host_queued_start": 1585622506.245881, "device_queued": 1585622439.8565662, "device_end": 1585622439.8567202, "host_queued_end": 1585622506.273127}, "device": "gpu", "nd_range": {"device_start": 1585622439.8567245, "device_end": 1585622439.85673}, "cmdq": 0, "read": {"device_start": -1, "device_end": -1}}, "FFC_sans_bias69": {"write": {"device_start": -1, "host_queued_start": 1585622506.267433, "device_queued": -1, "device_end": -1, "host_queued_end": 1585622506.273127}, "device": "gpu", "nd_range": {"device_start": 1585622439.867692, "device_end": 1585622439.8686578}, "cmdq": 0, "read": {"device_start": -1, "device_end": -1}}, "FFC_sans_bias38": {"write": {"device_start": 1585622439.8575459, "host_queued_start": 1585622506.248981, "device_queued": 1585622439.856852, "device_end": 1585622439.8575776, "host_queued_end": 1585622506.273127}, "device": "gpu", "nd_range": {"device_start": 1585622439.8575819, "device_end": 1585622439.8584127}, "cmdq": 1, "read": {"device_start": -1, "device_end": -1}}, "coalesced_transpose57": {"write": {"device_start": -1, "host_queued_start": 1585622506.262683, "device_queued": -1, "device_end": -1, "host_queued_end": 1585622506.273127}, "device": "gpu", "nd_range": {"device_start": 1585622439.8640656, "device_end": 1585622439.864082}, "cmdq": 0, "read": {"device_start": -1, "device_end": -1}}, "FFC_sans_bias76": {"write": {"device_start": -1, "host_queued_start": 1585622506.264915, "device_queued": -1, "device_end": -1, "host_queued_end": 1585622506.273127}, "device": "gpu", "nd_range": {"device_start": 1585622439.8662286, "device_end": 1585622439.866828}, "cmdq": 1, "read": {"device_start": -1, "device_end": -1}}, "coalesced_transpose75": {"write": {"device_start": -1, "host_queued_start": 1585622506.263305, "device_queued": -1, "device_end": -1, "host_queued_end": 1585622506.273127}, "device": "gpu", "nd_range": {"device_start": 1585622439.864084, "device_end": 1585622439.8641002}, "cmdq": 0, "read": {"device_start": -1, "device_end": -1}}, "empty26": {"write": {"device_start": -1, "host_queued_start": 1585622506.276791, "device_queued": -1, "device_end": -1, "host_queued_end": 1585622506.302139}, "device": "cpu", "nd_range": {"device_start": 2290280.4917574753, "device_end": 2290280.4917620723}, "cmdq": 2, "read": {"device_start": -1, "device_end": -1}}, "softmax77": {"write": {"device_start": -1, "host_queued_start": 1585622506.266169, "device_queued": -1, "device_end": -1, "host_queued_end": 1585622506.273127}, "device": "gpu", "nd_range": {"device_start": 1585622439.8668818, "device_end": 1585622439.8670776}, "cmdq": 0, "read": {"device_start": -1, "device_end": -1}}, "coalesced_transpose12": {"write": {"device_start": -1, "host_queued_start": 1585622506.292428, "device_queued": -1, "device_end": -1, "host_queued_end": 1585622506.302139}, "device": "cpu", "nd_range": {"device_start": 2290280.547091303, "device_end": 2290280.547334781}, "cmdq": 1, "read": {"device_start": -1, "device_end": -1}}, "empty44": {"write": {"device_start": 1585622439.8562024, "host_queued_start": 1585622506.242221, "device_queued": 1585622439.8560774, "device_end": 1585622439.856255, "host_queued_end": 1585622506.273127}, "device": "gpu", "nd_range": {"device_start": 1585622439.8562617, "device_end": 1585622439.8562691}, "cmdq": 0, "read": {"device_start": -1, "device_end": -1}}, "coalesced_transpose21": {"write": {"device_start": -1, "host_queued_start": 1585622506.292767, "device_queued": -1, "device_end": -1, "host_queued_end": 1585622506.302139}, "device": "cpu", "nd_range": {"device_start": 2290280.5379526643, "device_end": 2290280.5382083873}, "cmdq": 2, "read": {"device_start": -1, "device_end": -1}}, "FFC_sans_bias36": {"write": {"device_start": 1585622439.856754, "host_queued_start": 1585622506.24688, "device_queued": 1585622439.8566084, "device_end": 1585622439.8568141, "host_queued_end": 1585622506.273127}, "device": "gpu", "nd_range": {"device_start": 1585622439.856826, "device_end": 1585622439.8574336}, "cmdq": 1, "read": {"device_start": -1, "device_end": -1}}, "softmax14": {"write": {"device_start": -1, "host_queued_start": 1585622506.296017, "device_queued": -1, "device_end": -1, "host_queued_end": 1585622506.302139}, "device": "cpu", "nd_range": {"device_start": 2290280.56125631, "device_end": 2290280.561466915}, "cmdq": 1, "read": {"device_start": -1, "device_end": -1}}, "FFC_sans_bias13": {"write": {"device_start": -1, "host_queued_start": 1585622506.293812, "device_queued": -1, "device_end": -1, "host_queued_end": 1585622506.302139}, "device": "cpu", "nd_range": {"device_start": 2290280.5475601763, "device_end": 2290280.561133475}, "cmdq": 1, "read": {"device_start": -1, "device_end": -1}}, "empty8": {"write": {"device_start": -1, "host_queued_start": 1585622506.274685, "device_queued": -1, "device_end": -1, "host_queued_end": 1585622506.302139}, "device": "cpu", "nd_range": {"device_start": 2290280.4917554073, "device_end": 2290280.491756629}, "cmdq": 0, "read": {"device_start": -1, "device_end": -1}}, "FFC_sans_bias42": {"write": {"device_start": -1, "host_queued_start": 1585622506.266477, "device_queued": -1, "device_end": -1, "host_queued_end": 1585622506.273127}, "device": "gpu", "nd_range": {"device_start": 1585622439.867409, "device_end": 1585622439.8680916}, "cmdq": 1, "read": {"device_start": -1, "device_end": -1}}, "FFC_sans_bias43": {"write": {"device_start": 1585622439.8688087, "host_queued_start": 1585622506.268774, "device_queued": 1585622439.8592834, "device_end": 1585622439.8688405, "host_queued_end": 1585622506.273127}, "device": "gpu", "nd_range": {"device_start": 1585622439.868855, "device_end": 1585622439.869619}, "cmdq": 0, "read": {"device_start": 1585622439.8696222, "device_end": 1585622439.8696482}}, "FFC_sans_bias40": {"write": {"device_start": -1, "host_queued_start": 1585622506.263621, "device_queued": -1, "device_end": -1, "host_queued_end": 1585622506.273127}, "device": "gpu", "nd_range": {"device_start": 1585622439.8642428, "device_end": 1585622439.8652465}, "cmdq": 1, "read": {"device_start": -1, "device_end": -1}}, "softmax32": {"write": {"device_start": -1, "host_queued_start": 1585622506.296571, "device_queued": -1, "device_end": -1, "host_queued_end": 1585622506.302139}, "device": "cpu", "nd_range": {"device_start": 2290280.561937257, "device_end": 2290280.562149531}, "cmdq": 3, "read": {"device_start": -1, "device_end": -1}}, "FFC_sans_bias47": {"write": {"device_start": 1585622439.8589761, "host_queued_start": 1585622506.252152, "device_queued": 1585622439.8571124, "device_end": 1585622439.8590076, "host_queued_end": 1585622506.273127}, "device": "gpu", "nd_range": {"device_start": 1585622439.8590114, "device_end": 1585622439.8598306}, "cmdq": 0, "read": {"device_start": -1, "device_end": -1}}, "FFC_sans_bias78": {"write": {"device_start": -1, "host_queued_start": 1585622506.267744, "device_queued": -1, "device_end": -1, "host_queued_end": 1585622506.273127}, "device": "gpu", "nd_range": {"device_start": 1585622439.8690913, "device_end": 1585622439.870078}, "cmdq": 1, "read": {"device_start": -1, "device_end": -1}}, "FFC_sans_bias45": {"write": {"device_start": 1585622439.8579626, "host_queued_start": 1585622506.250026, "device_queued": 1585622439.8569036, "device_end": 1585622439.8579926, "host_queued_end": 1585622506.273127}, "device": "gpu", "nd_range": {"device_start": 1585622439.8579955, "device_end": 1585622439.8588333}, "cmdq": 0, "read": {"device_start": -1, "device_end": -1}}, "softmax50": {"write": {"device_start": -1, "host_queued_start": 1585622506.265429, "device_queued": -1, "device_end": -1, "host_queued_end": 1585622506.273127}, "device": "gpu", "nd_range": {"device_start": 1585622439.8668356, "device_end": 1585622439.867045}, "cmdq": 1, "read": {"device_start": -1, "device_end": -1}}, "FFC_sans_bias33": {"write": {"device_start": -1, "host_queued_start": 1585622506.29796, "device_queued": -1, "device_end": -1, "host_queued_end": 1585622506.302139}, "device": "cpu", "nd_range": {"device_start": 2290280.5622596643, "device_end": 2290280.57787847}, "cmdq": 3, "read": {"device_start": -1, "device_end": -1}}, "FFC_sans_bias63": {"write": {"device_start": 1585622439.8619308, "host_queued_start": 1585622506.258425, "device_queued": 1585622439.8578038, "device_end": 1585622439.8619626, "host_queued_end": 1585622506.273127}, "device": "gpu", "nd_range": {"device_start": 1585622439.861967, "device_end": 1585622439.8627446}, "cmdq": 0, "read": {"device_start": -1, "device_end": -1}}, "FFC_sans_bias49": {"write": {"device_start": -1, "host_queued_start": 1585622506.26394, "device_queued": -1, "device_end": -1, "host_queued_end": 1585622506.273127}, "device": "gpu", "nd_range": {"device_start": 1585622439.86423, "device_end": 1585622439.8648326}, "cmdq": 0, "read": {"device_start": -1, "device_end": -1}}, "FFC_sans_bias64": {"write": {"device_start": 1585622439.860924, "host_queued_start": 1585622506.256341, "device_queued": 1585622439.8575227, "device_end": 1585622439.8609574, "host_queued_end": 1585622506.273127}, "device": "gpu", "nd_range": {"device_start": 1585622439.8609614, "device_end": 1585622439.8617907}, "cmdq": 0, "read": {"device_start": -1, "device_end": -1}}, "FFC_sans_bias65": {"write": {"device_start": 1585622439.8614175, "host_queued_start": 1585622506.257387, "device_queued": 1585622439.8577468, "device_end": 1585622439.8614497, "host_queued_end": 1585622506.273127}, "device": "gpu", "nd_range": {"device_start": 1585622439.861454, "device_end": 1585622439.8622537}, "cmdq": 1, "read": {"device_start": -1, "device_end": -1}}, "FFC_sans_bias72": {"write": {"device_start": 1585622439.862379, "host_queued_start": 1585622506.259491, "device_queued": 1585622439.8580334, "device_end": 1585622439.8624127, "host_queued_end": 1585622506.273127}, "device": "gpu", "nd_range": {"device_start": 1585622439.8624172, "device_end": 1585622439.8632383}, "cmdq": 1, "read": {"device_start": -1, "device_end": -1}}, "FFC_sans_bias67": {"write": {"device_start": -1, "host_queued_start": 1585622506.264591, "device_queued": -1, "device_end": -1, "host_queued_end": 1585622506.273127}, "device": "gpu", "nd_range": {"device_start": 1585622439.8648407, "device_end": 1585622439.86582}, "cmdq": 0, "read": {"device_start": -1, "device_end": -1}}, "FFC_sans_bias24": {"write": {"device_start": -1, "host_queued_start": 1585622506.297607, "device_queued": -1, "device_end": -1, "host_queued_end": 1585622506.302139}, "device": "cpu", "nd_range": {"device_start": 2290280.547765878, "device_end": 2290280.562957054}, "cmdq": 2, "read": {"device_start": -1, "device_end": -1}}, "FFC_sans_bias25": {"write": {"device_start": -1, "host_queued_start": 1585622506.301075, "device_queued": -1, "device_end": -1, "host_queued_end": 1585622506.302139}, "device": "cpu", "nd_range": {"device_start": 2290280.563074042, "device_end": 2290280.578598747}, "cmdq": 2, "read": {"device_start": -1, "device_end": -1}}, "FFC_sans_bias27": {"write": {"device_start": -1, "host_queued_start": 1585622506.289465, "device_queued": -1, "device_end": -1, "host_queued_end": 1585622506.302139}, "device": "cpu", "nd_range": {"device_start": 2290280.5227255253, "device_end": 2290280.537905427}, "cmdq": 1, "read": {"device_start": -1, "device_end": -1}}, "FFC_sans_bias20": {"write": {"device_start": -1, "host_queued_start": 1585622506.288347, "device_queued": -1, "device_end": -1, "host_queued_end": 1585622506.302139}, "device": "cpu", "nd_range": {"device_start": 2290280.541192769, "device_end": 2290280.558460024}, "cmdq": 0, "read": {"device_start": -1, "device_end": -1}}, "FFC_sans_bias22": {"write": {"device_start": -1, "host_queued_start": 1585622506.294165, "device_queued": -1, "device_end": -1, "host_queued_end": 1585622506.302139}, "device": "cpu", "nd_range": {"device_start": 2290280.538322903, "device_end": 2290280.54739768}, "cmdq": 2, "read": {"device_start": -1, "device_end": -1}}, "softmax68": {"write": {"device_start": -1, "host_queued_start": 1585622506.26592, "device_queued": -1, "device_end": -1, "host_queued_end": 1585622506.273127}, "device": "gpu", "nd_range": {"device_start": 1585622439.8670518, "device_end": 1585622439.867402}, "cmdq": 1, "read": {"device_start": -1, "device_end": -1}}, "softmax5": {"write": {"device_start": -1, "host_queued_start": 1585622506.295729, "device_queued": -1, "device_end": -1, "host_queued_end": 1585622506.302139}, "device": "cpu", "nd_range": {"device_start": 2290280.5868141633, "device_end": 2290280.5926931733}, "cmdq": 0, "read": {"device_start": -1, "device_end": -1}}, "FFC_sans_bias28": {"write": {"device_start": -1, "host_queued_start": 1585622506.290626, "device_queued": -1, "device_end": -1, "host_queued_end": 1585622506.302139}, "device": "cpu", "nd_range": {"device_start": 2290280.522580548, "device_end": 2290280.537812225}, "cmdq": 2, "read": {"device_start": -1, "device_end": -1}}, "FFC_sans_bias29": {"write": {"device_start": -1, "host_queued_start": 1585622506.291739, "device_queued": -1, "device_end": -1, "host_queued_end": 1585622506.302139}, "device": "cpu", "nd_range": {"device_start": 2290280.5248640543, "device_end": 2290280.5396707593}, "cmdq": 3, "read": {"device_start": -1, "device_end": -1}}, "empty17": {"write": {"device_start": -1, "host_queued_start": 1585622506.275764, "device_queued": -1, "device_end": -1, "host_queued_end": 1585622506.302139}, "device": "cpu", "nd_range": {"device_start": 2290280.491722527, "device_end": 2290280.491735862}, "cmdq": 1, "read": {"device_start": -1, "device_end": -1}}, "softmax59": {"write": {"device_start": -1, "host_queued_start": 1585622506.265678, "device_queued": -1, "device_end": -1, "host_queued_end": 1585622506.273127}, "device": "gpu", "nd_range": {"device_start": 1585622439.8663478, "device_end": 1585622439.866875}, "cmdq": 0, "read": {"device_start": -1, "device_end": -1}}, "empty71": {"write": {"device_start": 1585622439.856522, "host_queued_start": 1585622506.244988, "device_queued": 1585622439.8563488, "device_end": 1585622439.8565469, "host_queued_end": 1585622506.273127}, "device": "gpu", "nd_range": {"device_start": 1585622439.8565602, "device_end": 1585622439.8565638}, "cmdq": 1, "read": {"device_start": -1, "device_end": -1}}, "empty35": {"write": {"device_start": -1, "host_queued_start": 1585622506.277846, "device_queued": -1, "device_end": -1, "host_queued_end": 1585622506.302139}, "device": "cpu", "nd_range": {"device_start": 2290280.491732079, "device_end": 2290280.4917367743}, "cmdq": 3, "read": {"device_start": -1, "device_end": -1}}, "empty53": {"write": {"device_start": 1585622439.8563316, "host_queued_start": 1585622506.243309, "device_queued": 1585622439.8561914, "device_end": 1585622439.8564103, "host_queued_end": 1585622506.273127}, "device": "gpu", "nd_range": {"device_start": 1585622439.856415, "device_end": 1585622439.8564188}, "cmdq": 1, "read": {"device_start": -1, "device_end": -1}}, "FFC_sans_bias46": {"write": {"device_start": 1585622439.858558, "host_queued_start": 1585622506.251103, "device_queued": 1585622439.8570712, "device_end": 1585622439.858589, "host_queued_end": 1585622506.273127}, "device": "gpu", "nd_range": {"device_start": 1585622439.858594, "device_end": 1585622439.8593767}, "cmdq": 1, "read": {"device_start": -1, "device_end": -1}}, "coalesced_transpose66": {"write": {"device_start": -1, "host_queued_start": 1585622506.262994, "device_queued": -1, "device_end": -1, "host_queued_end": 1585622506.273127}, "device": "gpu", "nd_range": {"device_start": 1585622439.8642182, "device_end": 1585622439.8642333}, "cmdq": 1, "read": {"device_start": -1, "device_end": -1}}, "coalesced_transpose48": {"write": {"device_start": -1, "host_queued_start": 1585622506.262212, "device_queued": -1, "device_end": -1, "host_queued_end": 1585622506.273127}, "device": "gpu", "nd_range": {"device_start": 1585622439.8642018, "device_end": 1585622439.8642128}, "cmdq": 1, "read": {"device_start": -1, "device_end": -1}}}