{"FFC_sans_bias60": {"write": {"device_start": -1, "host_queued_start": 1585622789.58717, "device_queued": -1, "device_end": -1, "host_queued_end": 1585622789.593166}, "device": "gpu", "nd_range": {"device_start": 1585622723.1795232, "device_end": 1585622723.181091}, "cmdq": 1, "read": {"device_start": -1, "device_end": -1}}, "FFC_sans_bias4": {"write": {"device_start": -1, "host_queued_start": 1585622789.61366, "device_queued": -1, "device_end": -1, "host_queued_end": 1585622789.622185}, "device": "cpu", "nd_range": {"device_start": 2290563.8581989002, "device_end": 2290563.867268242}, "cmdq": 0, "read": {"device_start": -1, "device_end": -1}}, "FFC_sans_bias7": {"write": {"device_start": -1, "host_queued_start": 1585622789.619168, "device_queued": -1, "device_end": -1, "host_queued_end": 1585622789.622185}, "device": "cpu", "nd_range": {"device_start": 2290563.896366034, "device_end": 2290563.911603291}, "cmdq": 0, "read": {"device_start": -1, "device_end": -1}}, "FFC_sans_bias6": {"write": {"device_start": -1, "host_queued_start": 1585622789.617084, "device_queued": -1, "device_end": -1, "host_queued_end": 1585622789.622185}, "device": "cpu", "nd_range": {"device_start": 2290563.867716636, "device_end": 2290563.896356344}, "cmdq": 0, "read": {"device_start": -1, "device_end": -1}}, "FFC_sans_bias1": {"write": {"device_start": -1, "host_queued_start": 1585622789.600599, "device_queued": -1, "device_end": -1, "host_queued_end": 1585622789.622185}, "device": "cpu", "nd_range": {"device_start": 2290563.811804918, "device_end": 2290563.8282747692}, "cmdq": 1, "read": {"device_start": -1, "device_end": -1}}, "FFC_sans_bias0": {"write": {"device_start": -1, "host_queued_start": 1585622789.599348, "device_queued": -1, "device_end": -1, "host_queued_end": 1585622789.622185}, "device": "cpu", "nd_range": {"device_start": 2290563.811969521, "device_end": 2290563.827210946}, "cmdq": 0, "read": {"device_start": -1, "device_end": -1}}, "FFC_sans_bias2": {"write": {"device_start": -1, "host_queued_start": 1585622789.601657, "device_queued": -1, "device_end": -1, "host_queued_end": 1585622789.622185}, "device": "cpu", "nd_range": {"device_start": 2290563.811808119, "device_end": 2290563.827291}, "cmdq": 2, "read": {"device_start": -1, "device_end": -1}}, "FFC_sans_bias61": {"write": {"device_start": 1585622723.1816232, "host_queued_start": 1585622789.590968, "device_queued": 1585622723.1718163, "device_end": 1585622723.181653, "host_queued_end": 1585622789.593166}, "device": "gpu", "nd_range": {"device_start": 1585622723.1816616, "device_end": 1585622723.1834843}, "cmdq": 2, "read": {"device_start": 1585622723.183492, "device_end": 1585622723.1835177}}, "FFC_sans_bias52": {"write": {"device_start": 1585622723.1811974, "host_queued_start": 1585622789.589909, "device_queued": 1585622723.171789, "device_end": 1585622723.1812284, "host_queued_end": 1585622789.593166}, "device": "gpu", "nd_range": {"device_start": 1585622723.1812398, "device_end": 1585622723.1830006}, "cmdq": 1, "read": {"device_start": 1585622723.1830041, "device_end": 1585622723.1830282}}, "FFC_sans_bias9": {"write": {"device_start": -1, "host_queued_start": 1585622789.60274, "device_queued": -1, "device_end": -1, "host_queued_end": 1585622789.622185}, "device": "cpu", "nd_range": {"device_start": 2290563.811833984, "device_end": 2290563.8270747503}, "cmdq": 3, "read": {"device_start": -1, "device_end": -1}}, "coalesced_transpose39": {"write": {"device_start": -1, "host_queued_start": 1585622789.581946, "device_queued": -1, "device_end": -1, "host_queued_end": 1585622789.593166}, "device": "gpu", "nd_range": {"device_start": 1585622723.1752493, "device_end": 1585622723.1765425}, "cmdq": 0, "read": {"device_start": -1, "device_end": -1}}, "FFC_sans_bias55": {"write": {"device_start": 1585622723.1719482, "host_queued_start": 1585622789.5753, "device_queued": 1585622723.170048, "device_end": 1585622723.1719794, "host_queued_end": 1585622789.593166}, "device": "gpu", "nd_range": {"device_start": 1585622723.1719851, "device_end": 1585622723.173802}, "cmdq": 1, "read": {"device_start": -1, "device_end": -1}}, "FFC_sans_bias54": {"write": {"device_start": 1585622723.171443, "host_queued_start": 1585622789.574227, "device_queued": 1585622723.1698425, "device_end": 1585622723.1714737, "host_queued_end": 1585622789.593166}, "device": "gpu", "nd_range": {"device_start": 1585622723.171477, "device_end": 1585622723.1732957}, "cmdq": 0, "read": {"device_start": -1, "device_end": -1}}, "FFC_sans_bias79": {"write": {"device_start": 1585622723.1827083, "host_queued_start": 1585622789.593064, "device_queued": 1585622723.1721272, "device_end": 1585622723.1827395, "host_queued_end": 1585622789.593166}, "device": "gpu", "nd_range": {"device_start": 1585622723.1827497, "device_end": 1585622723.1844325}, "cmdq": 0, "read": {"device_start": 1585622723.1844354, "device_end": 1585622723.1844585}}, "FFC_sans_bias56": {"write": {"device_start": 1585622723.1710083, "host_queued_start": 1585622789.573184, "device_queued": 1585622723.1696506, "device_end": 1585622723.1710398, "host_queued_end": 1585622789.593166}, "device": "gpu", "nd_range": {"device_start": 1585622723.1710434, "device_end": 1585622723.172842}, "cmdq": 3, "read": {"device_start": -1, "device_end": -1}}, "FFC_sans_bias51": {"write": {"device_start": -1, "host_queued_start": 1585622789.58685, "device_queued": -1, "device_end": -1, "host_queued_end": 1585622789.593166}, "device": "gpu", "nd_range": {"device_start": 1585622723.1795142, "device_end": 1585622723.1805224}, "cmdq": 0, "read": {"device_start": -1, "device_end": -1}}, "softmax23": {"write": {"device_start": -1, "host_queued_start": 1585622789.616477, "device_queued": -1, "device_end": -1, "host_queued_end": 1585622789.622185}, "device": "cpu", "nd_range": {"device_start": 2290563.89552133, "device_end": 2290563.895732629}, "cmdq": 2, "read": {"device_start": -1, "device_end": -1}}, "FFC_sans_bias37": {"write": {"device_start": 1585622723.1693304, "host_queued_start": 1585622789.567898, "device_queued": 1585622723.1691425, "device_end": 1585622723.169424, "host_queued_end": 1585622789.593166}, "device": "gpu", "nd_range": {"device_start": 1585622723.1694279, "device_end": 1585622723.1703415}, "cmdq": 2, "read": {"device_start": -1, "device_end": -1}}, "FFC_sans_bias73": {"write": {"device_start": 1585622723.174375, "host_queued_start": 1585622789.580563, "device_queued": 1585622723.1704988, "device_end": 1585622723.1744132, "host_queued_end": 1585622789.593166}, "device": "gpu", "nd_range": {"device_start": 1585622723.1744215, "device_end": 1585622723.1761975}, "cmdq": 2, "read": {"device_start": -1, "device_end": -1}}, "empty62": {"write": {"device_start": 1585622723.1689672, "host_queued_start": 1585622789.564103, "device_queued": 1585622723.1687665, "device_end": 1585622723.1690505, "host_queued_end": 1585622789.593166}, "device": "gpu", "nd_range": {"device_start": 1585622723.1690683, "device_end": 1585622723.169079}, "cmdq": 2, "read": {"device_start": -1, "device_end": -1}}, "FFC_sans_bias70": {"write": {"device_start": 1585622723.1821625, "host_queued_start": 1585622789.592016, "device_queued": 1585622723.1718302, "device_end": 1585622723.1821935, "host_queued_end": 1585622789.593166}, "device": "gpu", "nd_range": {"device_start": 1585622723.182203, "device_end": 1585622723.1839433}, "cmdq": 3, "read": {"device_start": 1585622723.1839514, "device_end": 1585622723.1839752}}, "FFC_sans_bias58": {"write": {"device_start": -1, "host_queued_start": 1585622789.584337, "device_queued": -1, "device_end": -1, "host_queued_end": 1585622789.593166}, "device": "gpu", "nd_range": {"device_start": 1585622723.1767268, "device_end": 1585622723.1782906}, "cmdq": 3, "read": {"device_start": -1, "device_end": -1}}, "softmax41": {"write": {"device_start": -1, "host_queued_start": 1585622789.58522, "device_queued": -1, "device_end": -1, "host_queued_end": 1585622789.593166}, "device": "gpu", "nd_range": {"device_start": 1585622723.1777287, "device_end": 1585622723.179488}, "cmdq": 2, "read": {"device_start": -1, "device_end": -1}}, "FFC_sans_bias74": {"write": {"device_start": 1585622723.1748605, "host_queued_start": 1585622789.581619, "device_queued": 1585622723.1705148, "device_end": 1585622723.174893, "host_queued_end": 1585622789.593166}, "device": "gpu", "nd_range": {"device_start": 1585622723.174898, "device_end": 1585622723.1766827}, "cmdq": 3, "read": {"device_start": -1, "device_end": -1}}, "FFC_sans_bias11": {"write": {"device_start": -1, "host_queued_start": 1585622789.604862, "device_queued": -1, "device_end": -1, "host_queued_end": 1585622789.622185}, "device": "cpu", "nd_range": {"device_start": 2290563.828398774, "device_end": 2290563.8447939823}, "cmdq": 1, "read": {"device_start": -1, "device_end": -1}}, "FFC_sans_bias10": {"write": {"device_start": -1, "host_queued_start": 1585622789.603797, "device_queued": -1, "device_end": -1, "host_queued_end": 1585622789.622185}, "device": "cpu", "nd_range": {"device_start": 2290563.8273513913, "device_end": 2290563.84253132}, "cmdq": 0, "read": {"device_start": -1, "device_end": -1}}, "coalesced_transpose3": {"write": {"device_start": -1, "host_queued_start": 1585622789.612321, "device_queued": -1, "device_end": -1, "host_queued_end": 1585622789.622185}, "device": "cpu", "nd_range": {"device_start": 2290563.857818285, "device_end": 2290563.85808065}, "cmdq": 0, "read": {"device_start": -1, "device_end": -1}}, "FFC_sans_bias34": {"write": {"device_start": -1, "host_queued_start": 1585622789.62214, "device_queued": -1, "device_end": -1, "host_queued_end": 1585622789.622185}, "device": "cpu", "nd_range": {"device_start": 2290563.8968550093, "device_end": 2290563.912370948}, "cmdq": 3, "read": {"device_start": -1, "device_end": -1}}, "FFC_sans_bias15": {"write": {"device_start": -1, "host_queued_start": 1585622789.617427, "device_queued": -1, "device_end": -1, "host_queued_end": 1585622789.622185}, "device": "cpu", "nd_range": {"device_start": 2290563.875867205, "device_end": 2290563.892736094}, "cmdq": 1, "read": {"device_start": -1, "device_end": -1}}, "FFC_sans_bias31": {"write": {"device_start": -1, "host_queued_start": 1585622789.61564, "device_queued": -1, "device_end": -1, "host_queued_end": 1585622789.622185}, "device": "cpu", "nd_range": {"device_start": 2290563.877762531, "device_end": 2290563.886428322}, "cmdq": 3, "read": {"device_start": -1, "device_end": -1}}, "FFC_sans_bias16": {"write": {"device_start": -1, "host_queued_start": 1585622789.620164, "device_queued": -1, "device_end": -1, "host_queued_end": 1585622789.622185}, "device": "cpu", "nd_range": {"device_start": 2290563.892745693, "device_end": 2290563.9156463593}, "cmdq": 1, "read": {"device_start": -1, "device_end": -1}}, "FFC_sans_bias19": {"write": {"device_start": -1, "host_queued_start": 1585622789.607372, "device_queued": -1, "device_end": -1, "host_queued_end": 1585622789.622185}, "device": "cpu", "nd_range": {"device_start": 2290563.8272183733, "device_end": 2290563.842363813}, "cmdq": 3, "read": {"device_start": -1, "device_end": -1}}, "FFC_sans_bias18": {"write": {"device_start": -1, "host_queued_start": 1585622789.606054, "device_queued": -1, "device_end": -1, "host_queued_end": 1585622789.622185}, "device": "cpu", "nd_range": {"device_start": 2290563.830753773, "device_end": 2290563.8551596473}, "cmdq": 2, "read": {"device_start": -1, "device_end": -1}}, "coalesced_transpose30": {"write": {"device_start": -1, "host_queued_start": 1585622789.613315, "device_queued": -1, "device_end": -1, "host_queued_end": 1585622789.622185}, "device": "cpu", "nd_range": {"device_start": 2290563.877409216, "device_end": 2290563.877645473}, "cmdq": 3, "read": {"device_start": -1, "device_end": -1}}, "empty80": {"write": {"device_start": 1585622723.169154, "host_queued_start": 1585622789.565852, "device_queued": 1585622723.169063, "device_end": 1585622723.169213, "host_queued_end": 1585622789.593166}, "device": "gpu", "nd_range": {"device_start": 1585622723.1692195, "device_end": 1585622723.169224}, "cmdq": 0, "read": {"device_start": -1, "device_end": -1}}, "FFC_sans_bias69": {"write": {"device_start": -1, "host_queued_start": 1585622789.587481, "device_queued": -1, "device_end": -1, "host_queued_end": 1585622789.593166}, "device": "gpu", "nd_range": {"device_start": 1585622723.1798785, "device_end": 1585622723.1815057}, "cmdq": 2, "read": {"device_start": -1, "device_end": -1}}, "FFC_sans_bias38": {"write": {"device_start": 1585622723.16943, "host_queued_start": 1585622789.568941, "device_queued": 1585622723.169157, "device_end": 1585622723.1694908, "host_queued_end": 1585622789.593166}, "device": "gpu", "nd_range": {"device_start": 1585622723.1694946, "device_end": 1585622723.1709068}, "cmdq": 3, "read": {"device_start": -1, "device_end": -1}}, "coalesced_transpose57": {"write": {"device_start": -1, "host_queued_start": 1585622789.582755, "device_queued": -1, "device_end": -1, "host_queued_end": 1585622789.593166}, "device": "gpu", "nd_range": {"device_start": 1585622723.1762059, "device_end": 1585622723.1765687}, "cmdq": 2, "read": {"device_start": -1, "device_end": -1}}, "FFC_sans_bias76": {"write": {"device_start": -1, "host_queued_start": 1585622789.58497, "device_queued": -1, "device_end": -1, "host_queued_end": 1585622789.593166}, "device": "gpu", "nd_range": {"device_start": 1585622723.1773186, "device_end": 1585622723.1792486}, "cmdq": 1, "read": {"device_start": -1, "device_end": -1}}, "coalesced_transpose75": {"write": {"device_start": -1, "host_queued_start": 1585622789.583365, "device_queued": -1, "device_end": -1, "host_queued_end": 1585622789.593166}, "device": "gpu", "nd_range": {"device_start": 1585622723.176554, "device_end": 1585622723.1765754}, "cmdq": 0, "read": {"device_start": -1, "device_end": -1}}, "empty26": {"write": {"device_start": -1, "host_queued_start": 1585622789.597185, "device_queued": -1, "device_end": -1, "host_queued_end": 1585622789.622185}, "device": "cpu", "nd_range": {"device_start": 2290563.8117993753, "device_end": 2290563.811800552}, "cmdq": 2, "read": {"device_start": -1, "device_end": -1}}, "softmax77": {"write": {"device_start": -1, "host_queued_start": 1585622789.58622, "device_queued": -1, "device_end": -1, "host_queued_end": 1585622789.593166}, "device": "gpu", "nd_range": {"device_start": 1585622723.1794953, "device_end": 1585622723.179871}, "cmdq": 2, "read": {"device_start": -1, "device_end": -1}}, "coalesced_transpose12": {"write": {"device_start": -1, "host_queued_start": 1585622789.612658, "device_queued": -1, "device_end": -1, "host_queued_end": 1585622789.622185}, "device": "cpu", "nd_range": {"device_start": 2290563.860578171, "device_end": 2290563.860827399}, "cmdq": 1, "read": {"device_start": -1, "device_end": -1}}, "empty44": {"write": {"device_start": 1585622723.1687324, "host_queued_start": 1585622789.562198, "device_queued": 1585622723.1686025, "device_end": 1585622723.1687634, "host_queued_end": 1585622789.593166}, "device": "gpu", "nd_range": {"device_start": 1585622723.1687796, "device_end": 1585622723.1687841}, "cmdq": 0, "read": {"device_start": -1, "device_end": -1}}, "coalesced_transpose21": {"write": {"device_start": -1, "host_queued_start": 1585622789.612986, "device_queued": -1, "device_end": -1, "host_queued_end": 1585622789.622185}, "device": "cpu", "nd_range": {"device_start": 2290563.875564707, "device_end": 2290563.8758190554}, "cmdq": 2, "read": {"device_start": -1, "device_end": -1}}, "FFC_sans_bias36": {"write": {"device_start": 1585622723.1692421, "host_queued_start": 1585622789.566852, "device_queued": 1585622723.1691244, "device_end": 1585622723.1692986, "host_queued_end": 1585622789.593166}, "device": "gpu", "nd_range": {"device_start": 1585622723.1693258, "device_end": 1585622723.1699293}, "cmdq": 1, "read": {"device_start": -1, "device_end": -1}}, "softmax14": {"write": {"device_start": -1, "host_queued_start": 1585622789.616205, "device_queued": -1, "device_end": -1, "host_queued_end": 1585622789.622185}, "device": "cpu", "nd_range": {"device_start": 2290563.875642071, "device_end": 2290563.875854648}, "cmdq": 1, "read": {"device_start": -1, "device_end": -1}}, "FFC_sans_bias13": {"write": {"device_start": -1, "host_queued_start": 1585622789.614003, "device_queued": -1, "device_end": -1, "host_queued_end": 1585622789.622185}, "device": "cpu", "nd_range": {"device_start": 2290563.8609410482, "device_end": 2290563.875523848}, "cmdq": 1, "read": {"device_start": -1, "device_end": -1}}, "empty8": {"write": {"device_start": -1, "host_queued_start": 1585622789.59488, "device_queued": -1, "device_end": -1, "host_queued_end": 1585622789.622185}, "device": "cpu", "nd_range": {"device_start": 2290563.811772075, "device_end": 2290563.8117825063}, "cmdq": 0, "read": {"device_start": -1, "device_end": -1}}, "FFC_sans_bias42": {"write": {"device_start": -1, "host_queued_start": 1585622789.586529, "device_queued": -1, "device_end": -1, "host_queued_end": 1585622789.593166}, "device": "gpu", "nd_range": {"device_start": 1585622723.1795063, "device_end": 1585622723.1801062}, "cmdq": 3, "read": {"device_start": -1, "device_end": -1}}, "FFC_sans_bias43": {"write": {"device_start": 1585622723.1806684, "host_queued_start": 1585622789.588827, "device_queued": 1585622723.1716442, "device_end": 1585622723.1807, "host_queued_end": 1585622789.593166}, "device": "gpu", "nd_range": {"device_start": 1585622723.180709, "device_end": 1585622723.182499}, "cmdq": 0, "read": {"device_start": 1585622723.1825006, "device_end": 1585622723.182525}}, "FFC_sans_bias40": {"write": {"device_start": -1, "host_queued_start": 1585622789.583691, "device_queued": -1, "device_end": -1, "host_queued_end": 1585622789.593166}, "device": "gpu", "nd_range": {"device_start": 1585622723.1767044, "device_end": 1585622723.1773107}, "cmdq": 1, "read": {"device_start": -1, "device_end": -1}}, "softmax32": {"write": {"device_start": -1, "host_queued_start": 1585622789.616748, "device_queued": -1, "device_end": -1, "host_queued_end": 1585622789.622185}, "device": "cpu", "nd_range": {"device_start": 2290563.886548777, "device_end": 2290563.886757378}, "cmdq": 3, "read": {"device_start": -1, "device_end": -1}}, "FFC_sans_bias47": {"write": {"device_start": 1585622723.1704416, "host_queued_start": 1585622789.572143, "device_queued": 1585622723.1696384, "device_end": 1585622723.1704724, "host_queued_end": 1585622789.593166}, "device": "gpu", "nd_range": {"device_start": 1585622723.1704793, "device_end": 1585622723.172327}, "cmdq": 2, "read": {"device_start": -1, "device_end": -1}}, "FFC_sans_bias78": {"write": {"device_start": -1, "host_queued_start": 1585622789.587793, "device_queued": -1, "device_end": -1, "host_queued_end": 1585622789.593166}, "device": "gpu", "nd_range": {"device_start": 1585622723.1801128, "device_end": 1585622723.1820536}, "cmdq": 3, "read": {"device_start": -1, "device_end": -1}}, "FFC_sans_bias45": {"write": {"device_start": 1585622723.1695504, "host_queued_start": 1585622789.570006, "device_queued": 1585622723.169385, "device_end": 1585622723.169577, "host_queued_end": 1585622789.593166}, "device": "gpu", "nd_range": {"device_start": 1585622723.1696026, "device_end": 1585622723.1713362}, "cmdq": 0, "read": {"device_start": -1, "device_end": -1}}, "softmax50": {"write": {"device_start": -1, "host_queued_start": 1585622789.585475, "device_queued": -1, "device_end": -1, "host_queued_end": 1585622789.593166}, "device": "gpu", "nd_range": {"device_start": 1585622723.178298, "device_end": 1585622723.1794977}, "cmdq": 3, "read": {"device_start": -1, "device_end": -1}}, "FFC_sans_bias33": {"write": {"device_start": -1, "host_queued_start": 1585622789.61811, "device_queued": -1, "device_end": -1, "host_queued_end": 1585622789.622185}, "device": "cpu", "nd_range": {"device_start": 2290563.8868648033, "device_end": 2290563.896843511}, "cmdq": 3, "read": {"device_start": -1, "device_end": -1}}, "FFC_sans_bias63": {"write": {"device_start": 1585622723.1733835, "host_queued_start": 1585622789.578448, "device_queued": 1585622723.1702783, "device_end": 1585622723.1734164, "host_queued_end": 1585622789.593166}, "device": "gpu", "nd_range": {"device_start": 1585622723.1734276, "device_end": 1585622723.1752481}, "cmdq": 0, "read": {"device_start": -1, "device_end": -1}}, "FFC_sans_bias49": {"write": {"device_start": -1, "host_queued_start": 1585622789.584012, "device_queued": -1, "device_end": -1, "host_queued_end": 1585622789.593166}, "device": "gpu", "nd_range": {"device_start": 1585622723.176715, "device_end": 1585622723.177721}, "cmdq": 2, "read": {"device_start": -1, "device_end": -1}}, "FFC_sans_bias64": {"write": {"device_start": 1585622723.1724226, "host_queued_start": 1585622789.576351, "device_queued": 1585622723.1700723, "device_end": 1585622723.1724496, "host_queued_end": 1585622789.593166}, "device": "gpu", "nd_range": {"device_start": 1585622723.172457, "device_end": 1585622723.1742725}, "cmdq": 2, "read": {"device_start": -1, "device_end": -1}}, "FFC_sans_bias65": {"write": {"device_start": 1585622723.172925, "host_queued_start": 1585622789.577399, "device_queued": 1585622723.1700888, "device_end": 1585622723.1729503, "host_queued_end": 1585622789.593166}, "device": "gpu", "nd_range": {"device_start": 1585622723.1729589, "device_end": 1585622723.1747587}, "cmdq": 3, "read": {"device_start": -1, "device_end": -1}}, "FFC_sans_bias72": {"write": {"device_start": 1585622723.1739004, "host_queued_start": 1585622789.579523, "device_queued": 1585622723.1704712, "device_end": 1585622723.1739328, "host_queued_end": 1585622789.593166}, "device": "gpu", "nd_range": {"device_start": 1585622723.1739388, "device_end": 1585622723.1757329}, "cmdq": 1, "read": {"device_start": -1, "device_end": -1}}, "FFC_sans_bias67": {"write": {"device_start": -1, "host_queued_start": 1585622789.584655, "device_queued": -1, "device_end": -1, "host_queued_end": 1585622789.593166}, "device": "gpu", "nd_range": {"device_start": 1585622723.176735, "device_end": 1585622723.1787102}, "cmdq": 0, "read": {"device_start": -1, "device_end": -1}}, "FFC_sans_bias24": {"write": {"device_start": -1, "host_queued_start": 1585622789.617767, "device_queued": -1, "device_end": -1, "host_queued_end": 1585622789.622185}, "device": "cpu", "nd_range": {"device_start": 2290563.895738415, "device_end": 2290563.910981339}, "cmdq": 2, "read": {"device_start": -1, "device_end": -1}}, "FFC_sans_bias25": {"write": {"device_start": -1, "host_queued_start": 1585622789.621149, "device_queued": -1, "device_end": -1, "host_queued_end": 1585622789.622185}, "device": "cpu", "nd_range": {"device_start": 2290563.910989608, "device_end": 2290563.916893198}, "cmdq": 2, "read": {"device_start": -1, "device_end": -1}}, "FFC_sans_bias27": {"write": {"device_start": -1, "host_queued_start": 1585622789.609821, "device_queued": -1, "device_end": -1, "host_queued_end": 1585622789.622185}, "device": "cpu", "nd_range": {"device_start": 2290563.844906974, "device_end": 2290563.860462284}, "cmdq": 1, "read": {"device_start": -1, "device_end": -1}}, "FFC_sans_bias20": {"write": {"device_start": -1, "host_queued_start": 1585622789.608546, "device_queued": -1, "device_end": -1, "host_queued_end": 1585622789.622185}, "device": "cpu", "nd_range": {"device_start": 2290563.8426551092, "device_end": 2290563.857809422}, "cmdq": 0, "read": {"device_start": -1, "device_end": -1}}, "FFC_sans_bias22": {"write": {"device_start": -1, "host_queued_start": 1585622789.614354, "device_queued": -1, "device_end": -1, "host_queued_end": 1585622789.622185}, "device": "cpu", "nd_range": {"device_start": 2290563.876226299, "device_end": 2290563.895510205}, "cmdq": 2, "read": {"device_start": -1, "device_end": -1}}, "softmax68": {"write": {"device_start": -1, "host_queued_start": 1585622789.585972, "device_queued": -1, "device_end": -1, "host_queued_end": 1585622789.593166}, "device": "gpu", "nd_range": {"device_start": 1585622723.1792572, "device_end": 1585622723.1794608}, "cmdq": 1, "read": {"device_start": -1, "device_end": -1}}, "softmax5": {"write": {"device_start": -1, "host_queued_start": 1585622789.61593, "device_queued": -1, "device_end": -1, "host_queued_end": 1585622789.622185}, "device": "cpu", "nd_range": {"device_start": 2290563.867384619, "device_end": 2290563.867607755}, "cmdq": 0, "read": {"device_start": -1, "device_end": -1}}, "FFC_sans_bias28": {"write": {"device_start": -1, "host_queued_start": 1585622789.610906, "device_queued": -1, "device_end": -1, "host_queued_end": 1585622789.622185}, "device": "cpu", "nd_range": {"device_start": 2290563.86118889, "device_end": 2290563.8751331363}, "cmdq": 2, "read": {"device_start": -1, "device_end": -1}}, "FFC_sans_bias29": {"write": {"device_start": -1, "host_queued_start": 1585622789.61199, "device_queued": -1, "device_end": -1, "host_queued_end": 1585622789.622185}, "device": "cpu", "nd_range": {"device_start": 2290563.842373333, "device_end": 2290563.857534306}, "cmdq": 3, "read": {"device_start": -1, "device_end": -1}}, "empty17": {"write": {"device_start": -1, "host_queued_start": 1585622789.596065, "device_queued": -1, "device_end": -1, "host_queued_end": 1585622789.622185}, "device": "cpu", "nd_range": {"device_start": 2290563.811772143, "device_end": 2290563.811782705}, "cmdq": 1, "read": {"device_start": -1, "device_end": -1}}, "softmax59": {"write": {"device_start": -1, "host_queued_start": 1585622789.585717, "device_queued": -1, "device_end": -1, "host_queued_end": 1585622789.593166}, "device": "gpu", "nd_range": {"device_start": 1585622723.1787179, "device_end": 1585622723.1792784}, "cmdq": 0, "read": {"device_start": -1, "device_end": -1}}, "empty71": {"write": {"device_start": 1585622723.1690576, "host_queued_start": 1585622789.564943, "device_queued": 1585622723.1687891, "device_end": 1585622723.1690836, "host_queued_end": 1585622789.593166}, "device": "gpu", "nd_range": {"device_start": 1585622723.1690881, "device_end": 1585622723.1690917}, "cmdq": 3, "read": {"device_start": -1, "device_end": -1}}, "empty35": {"write": {"device_start": -1, "host_queued_start": 1585622789.598176, "device_queued": -1, "device_end": -1, "host_queued_end": 1585622789.622185}, "device": "cpu", "nd_range": {"device_start": 2290563.811812424, "device_end": 2290563.811816945}, "cmdq": 3, "read": {"device_start": -1, "device_end": -1}}, "empty53": {"write": {"device_start": 1585622723.1688688, "host_queued_start": 1585622789.563263, "device_queued": 1585622723.1687217, "device_end": 1585622723.1689498, "host_queued_end": 1585622789.593166}, "device": "gpu", "nd_range": {"device_start": 1585622723.1689556, "device_end": 1585622723.1689615}, "cmdq": 1, "read": {"device_start": -1, "device_end": -1}}, "FFC_sans_bias46": {"write": {"device_start": 1585622723.1700754, "host_queued_start": 1585622789.571097, "device_queued": 1585622723.1696105, "device_end": 1585622723.1701047, "host_queued_end": 1585622789.593166}, "device": "gpu", "nd_range": {"device_start": 1585622723.1701083, "device_end": 1585622723.1718688}, "cmdq": 1, "read": {"device_start": -1, "device_end": -1}}, "coalesced_transpose66": {"write": {"device_start": -1, "host_queued_start": 1585622789.583061, "device_queued": -1, "device_end": -1, "host_queued_end": 1585622789.593166}, "device": "gpu", "nd_range": {"device_start": 1585622723.176691, "device_end": 1585622723.1767178}, "cmdq": 3, "read": {"device_start": -1, "device_end": -1}}, "coalesced_transpose48": {"write": {"device_start": -1, "host_queued_start": 1585622789.582391, "device_queued": -1, "device_end": -1, "host_queued_end": 1585622789.593166}, "device": "gpu", "nd_range": {"device_start": 1585622723.1757338, "device_end": 1585622723.1765573}, "cmdq": 1, "read": {"device_start": -1, "device_end": -1}}}