{"FFC_sans_bias60": {"write": {"device_start": -1, "host_queued_start": 1585622820.697994, "device_queued": -1, "device_end": -1, "host_queued_end": 1585622820.702978}, "device": "gpu", "nd_range": {"device_start": 1585622754.2858546, "device_end": 1585622754.286628}, "cmdq": 1, "read": {"device_start": -1, "device_end": -1}}, "FFC_sans_bias4": {"write": {"device_start": -1, "host_queued_start": 1585622820.727113, "device_queued": -1, "device_end": -1, "host_queued_end": 1585622820.737638}, "device": "cpu", "nd_range": {"device_start": 2290595.00487875, "device_end": 2290595.020082774}, "cmdq": 0, "read": {"device_start": -1, "device_end": -1}}, "FFC_sans_bias7": {"write": {"device_start": -1, "host_queued_start": 1585622820.733528, "device_queued": -1, "device_end": -1, "host_queued_end": 1585622820.737638}, "device": "cpu", "nd_range": {"device_start": 2290595.0357641843, "device_end": 2290595.0513339103}, "cmdq": 0, "read": {"device_start": -1, "device_end": -1}}, "FFC_sans_bias6": {"write": {"device_start": -1, "host_queued_start": 1585622820.73111, "device_queued": -1, "device_end": -1, "host_queued_end": 1585622820.737638}, "device": "cpu", "nd_range": {"device_start": 2290595.020526397, "device_end": 2290595.035754952}, "cmdq": 0, "read": {"device_start": -1, "device_end": -1}}, "FFC_sans_bias1": {"write": {"device_start": -1, "host_queued_start": 1585622820.710755, "device_queued": -1, "device_end": -1, "host_queued_end": 1585622820.737638}, "device": "cpu", "nd_range": {"device_start": 2290594.9273088044, "device_end": 2290594.942712542}, "cmdq": 1, "read": {"device_start": -1, "device_end": -1}}, "FFC_sans_bias0": {"write": {"device_start": -1, "host_queued_start": 1585622820.709674, "device_queued": -1, "device_end": -1, "host_queued_end": 1585622820.737638}, "device": "cpu", "nd_range": {"device_start": 2290594.927264777, "device_end": 2290594.9426878192}, "cmdq": 0, "read": {"device_start": -1, "device_end": -1}}, "FFC_sans_bias2": {"write": {"device_start": -1, "host_queued_start": 1585622820.711817, "device_queued": -1, "device_end": -1, "host_queued_end": 1585622820.737638}, "device": "cpu", "nd_range": {"device_start": 2290594.927263929, "device_end": 2290594.942619469}, "cmdq": 2, "read": {"device_start": -1, "device_end": -1}}, "FFC_sans_bias61": {"write": {"device_start": 1585622754.2867746, "host_queued_start": 1585622820.700749, "device_queued": 1585622754.2800932, "device_end": 1585622754.2868075, "host_queued_end": 1585622820.702978}, "device": "gpu", "nd_range": {"device_start": 1585622754.2868142, "device_end": 1585622754.2880747}, "cmdq": 1, "read": {"device_start": 1585622754.2880845, "device_end": 1585622754.288109}}, "FFC_sans_bias52": {"write": {"device_start": 1585622754.2872448, "host_queued_start": 1585622820.699681, "device_queued": 1585622754.2800333, "device_end": 1585622754.2872748, "host_queued_end": 1585622820.702978}, "device": "gpu", "nd_range": {"device_start": 1585622754.2872808, "device_end": 1585622754.2885554}, "cmdq": 0, "read": {"device_start": 1585622754.2885587, "device_end": 1585622754.288583}}, "FFC_sans_bias9": {"write": {"device_start": -1, "host_queued_start": 1585622820.712995, "device_queued": -1, "device_end": -1, "host_queued_end": 1585622820.737638}, "device": "cpu", "nd_range": {"device_start": 2290594.942716972, "device_end": 2290594.95868912}, "cmdq": 3, "read": {"device_start": -1, "device_end": -1}}, "coalesced_transpose39": {"write": {"device_start": -1, "host_queued_start": 1585622820.72677, "device_queued": -1, "device_end": -1, "host_queued_end": 1585622820.737638}, "device": "cpu", "nd_range": {"device_start": 2290594.991471521, "device_end": 2290594.9917150103}, "cmdq": 4, "read": {"device_start": -1, "device_end": -1}}, "FFC_sans_bias55": {"write": {"device_start": 1585622754.2794259, "host_queued_start": 1585622820.687371, "device_queued": 1585622754.2784534, "device_end": 1585622754.2794576, "host_queued_end": 1585622820.702978}, "device": "gpu", "nd_range": {"device_start": 1585622754.279463, "device_end": 1585622754.2812731}, "cmdq": 1, "read": {"device_start": -1, "device_end": -1}}, "FFC_sans_bias54": {"write": {"device_start": 1585622754.2789638, "host_queued_start": 1585622820.686298, "device_queued": 1585622754.278391, "device_end": 1585622754.278994, "host_queued_end": 1585622820.702978}, "device": "gpu", "nd_range": {"device_start": 1585622754.278997, "device_end": 1585622754.2807822}, "cmdq": 0, "read": {"device_start": -1, "device_end": -1}}, "FFC_sans_bias79": {"write": {"device_start": 1585622754.2891886, "host_queued_start": 1585622820.702872, "device_queued": 1585622754.2802448, "device_end": 1585622754.2892196, "host_queued_end": 1585622820.702978}, "device": "gpu", "nd_range": {"device_start": 1585622754.2892222, "device_end": 1585622754.2899954}, "cmdq": 3, "read": {"device_start": 1585622754.290003, "device_end": 1585622754.2900262}}, "FFC_sans_bias56": {"write": {"device_start": 1585622754.2784896, "host_queued_start": 1585622820.685258, "device_queued": 1585622754.2781641, "device_end": 1585622754.278515, "host_queued_end": 1585622820.702978}, "device": "gpu", "nd_range": {"device_start": 1585622754.2785203, "device_end": 1585622754.280273}, "cmdq": 3, "read": {"device_start": -1, "device_end": -1}}, "FFC_sans_bias51": {"write": {"device_start": -1, "host_queued_start": 1585622820.697684, "device_queued": -1, "device_end": -1, "host_queued_end": 1585622820.702978}, "device": "gpu", "nd_range": {"device_start": 1585622754.2858617, "device_end": 1585622754.2870903}, "cmdq": 0, "read": {"device_start": -1, "device_end": -1}}, "softmax23": {"write": {"device_start": -1, "host_queued_start": 1585622820.730218, "device_queued": -1, "device_end": -1, "host_queued_end": 1585622820.737638}, "device": "cpu", "nd_range": {"device_start": 2290595.0312662143, "device_end": 2290595.038948045}, "cmdq": 2, "read": {"device_start": -1, "device_end": -1}}, "FFC_sans_bias37": {"write": {"device_start": -1, "host_queued_start": 1585622820.724032, "device_queued": -1, "device_end": -1, "host_queued_end": 1585622820.737638}, "device": "cpu", "nd_range": {"device_start": 2290594.9760165582, "device_end": 2290594.9913447984}, "cmdq": 3, "read": {"device_start": -1, "device_end": -1}}, "FFC_sans_bias73": {"write": {"device_start": 1585622754.2818868, "host_queued_start": 1585622820.692649, "device_queued": 1585622754.278877, "device_end": 1585622754.2819183, "host_queued_end": 1585622820.702978}, "device": "gpu", "nd_range": {"device_start": 1585622754.281926, "device_end": 1585622754.2836757}, "cmdq": 2, "read": {"device_start": -1, "device_end": -1}}, "empty62": {"write": {"device_start": 1585622754.2778409, "host_queued_start": 1585622820.679295, "device_queued": 1585622754.277694, "device_end": 1585622754.2779026, "host_queued_end": 1585622820.702978}, "device": "gpu", "nd_range": {"device_start": 1585622754.277909, "device_end": 1585622754.277915}, "cmdq": 1, "read": {"device_start": -1, "device_end": -1}}, "FFC_sans_bias70": {"write": {"device_start": 1585622754.2877393, "host_queued_start": 1585622820.701794, "device_queued": 1585622754.280127, "device_end": 1585622754.2877698, "host_queued_end": 1585622820.702978}, "device": "gpu", "nd_range": {"device_start": 1585622754.2877736, "device_end": 1585622754.2894938}, "cmdq": 2, "read": {"device_start": 1585622754.2895029, "device_end": 1585622754.289525}}, "FFC_sans_bias58": {"write": {"device_start": -1, "host_queued_start": 1585622820.695731, "device_queued": -1, "device_end": -1, "host_queued_end": 1585622820.702978}, "device": "gpu", "nd_range": {"device_start": 1585622754.2840714, "device_end": 1585622754.2851276}, "cmdq": 1, "read": {"device_start": -1, "device_end": -1}}, "softmax41": {"write": {"device_start": -1, "host_queued_start": 1585622820.730769, "device_queued": -1, "device_end": -1, "host_queued_end": 1585622820.737638}, "device": "cpu", "nd_range": {"device_start": 2290595.008259891, "device_end": 2290595.00846666}, "cmdq": 4, "read": {"device_start": -1, "device_end": -1}}, "FFC_sans_bias74": {"write": {"device_start": 1585622754.282384, "host_queued_start": 1585622820.69369, "device_queued": 1585622754.279026, "device_end": 1585622754.2824166, "host_queued_end": 1585622820.702978}, "device": "gpu", "nd_range": {"device_start": 1585622754.2824209, "device_end": 1585622754.2842162}, "cmdq": 3, "read": {"device_start": -1, "device_end": -1}}, "FFC_sans_bias11": {"write": {"device_start": -1, "host_queued_start": 1585622820.715484, "device_queued": -1, "device_end": -1, "host_queued_end": 1585622820.737638}, "device": "cpu", "nd_range": {"device_start": 2290594.9738305993, "device_end": 2290594.9889768083}, "cmdq": 0, "read": {"device_start": -1, "device_end": -1}}, "FFC_sans_bias10": {"write": {"device_start": -1, "host_queued_start": 1585622820.714278, "device_queued": -1, "device_end": -1, "host_queued_end": 1585622820.737638}, "device": "cpu", "nd_range": {"device_start": 2290594.927780853, "device_end": 2290594.943033948}, "cmdq": 4, "read": {"device_start": -1, "device_end": -1}}, "coalesced_transpose3": {"write": {"device_start": -1, "host_queued_start": 1585622820.725422, "device_queued": -1, "device_end": -1, "host_queued_end": 1585622820.737638}, "device": "cpu", "nd_range": {"device_start": 2290595.004519896, "device_end": 2290595.004769899}, "cmdq": 0, "read": {"device_start": -1, "device_end": -1}}, "FFC_sans_bias34": {"write": {"device_start": -1, "host_queued_start": 1585622820.73658, "device_queued": -1, "device_end": -1, "host_queued_end": 1585622820.737638}, "device": "cpu", "nd_range": {"device_start": 2290595.051337858, "device_end": 2290595.0611318373}, "cmdq": 3, "read": {"device_start": -1, "device_end": -1}}, "FFC_sans_bias15": {"write": {"device_start": -1, "host_queued_start": 1585622820.731452, "device_queued": -1, "device_end": -1, "host_queued_end": 1585622820.737638}, "device": "cpu", "nd_range": {"device_start": 2290594.990052509, "device_end": 2290595.005282935}, "cmdq": 1, "read": {"device_start": -1, "device_end": -1}}, "FFC_sans_bias31": {"write": {"device_start": -1, "host_queued_start": 1585622820.729044, "device_queued": -1, "device_end": -1, "host_queued_end": 1585622820.737638}, "device": "cpu", "nd_range": {"device_start": 2290595.021048535, "device_end": 2290595.0362951653}, "cmdq": 3, "read": {"device_start": -1, "device_end": -1}}, "FFC_sans_bias16": {"write": {"device_start": -1, "host_queued_start": 1585622820.734528, "device_queued": -1, "device_end": -1, "host_queued_end": 1585622820.737638}, "device": "cpu", "nd_range": {"device_start": 2290595.00539486, "device_end": 2290595.020673709}, "cmdq": 1, "read": {"device_start": -1, "device_end": -1}}, "FFC_sans_bias19": {"write": {"device_start": -1, "host_queued_start": 1585622820.717662, "device_queued": -1, "device_end": -1, "host_queued_end": 1585622820.737638}, "device": "cpu", "nd_range": {"device_start": 2290594.946162683, "device_end": 2290594.971311782}, "cmdq": 2, "read": {"device_start": -1, "device_end": -1}}, "FFC_sans_bias18": {"write": {"device_start": -1, "host_queued_start": 1585622820.716589, "device_queued": -1, "device_end": -1, "host_queued_end": 1585622820.737638}, "device": "cpu", "nd_range": {"device_start": 2290594.942870538, "device_end": 2290594.9581446643}, "cmdq": 1, "read": {"device_start": -1, "device_end": -1}}, "coalesced_transpose30": {"write": {"device_start": -1, "host_queued_start": 1585622820.726437, "device_queued": -1, "device_end": -1, "host_queued_end": 1585622820.737638}, "device": "cpu", "nd_range": {"device_start": 2290595.020678551, "device_end": 2290595.020930114}, "cmdq": 3, "read": {"device_start": -1, "device_end": -1}}, "empty80": {"write": {"device_start": 1585622754.2780771, "host_queued_start": 1585622820.681061, "device_queued": 1585622754.277744, "device_end": 1585622754.2781456, "host_queued_end": 1585622820.702978}, "device": "gpu", "nd_range": {"device_start": 1585622754.27815, "device_end": 1585622754.278154}, "cmdq": 3, "read": {"device_start": -1, "device_end": -1}}, "FFC_sans_bias69": {"write": {"device_start": -1, "host_queued_start": 1585622820.698303, "device_queued": -1, "device_end": -1, "host_queued_end": 1585622820.702978}, "device": "gpu", "nd_range": {"device_start": 1585622754.286321, "device_end": 1585622754.2876146}, "cmdq": 2, "read": {"device_start": -1, "device_end": -1}}, "FFC_sans_bias38": {"write": {"device_start": -1, "host_queued_start": 1585622820.72509, "device_queued": -1, "device_end": -1, "host_queued_end": 1585622820.737638}, "device": "cpu", "nd_range": {"device_start": 2290594.958463491, "device_end": 2290594.973704514}, "cmdq": 4, "read": {"device_start": -1, "device_end": -1}}, "coalesced_transpose57": {"write": {"device_start": -1, "host_queued_start": 1585622820.694315, "device_queued": -1, "device_end": -1, "host_queued_end": 1585622820.702978}, "device": "gpu", "nd_range": {"device_start": 1585622754.2832434, "device_end": 1585622754.2840705}, "cmdq": 1, "read": {"device_start": -1, "device_end": -1}}, "FFC_sans_bias76": {"write": {"device_start": -1, "host_queued_start": 1585622820.696378, "device_queued": -1, "device_end": -1, "host_queued_end": 1585622820.702978}, "device": "gpu", "nd_range": {"device_start": 1585622754.2854764, "device_end": 1585622754.2861125}, "cmdq": 3, "read": {"device_start": -1, "device_end": -1}}, "coalesced_transpose75": {"write": {"device_start": -1, "host_queued_start": 1585622820.694941, "device_queued": -1, "device_end": -1, "host_queued_end": 1585622820.702978}, "device": "gpu", "nd_range": {"device_start": 1585622754.2842252, "device_end": 1585622754.2854755}, "cmdq": 3, "read": {"device_start": -1, "device_end": -1}}, "empty26": {"write": {"device_start": -1, "host_queued_start": 1585622820.706661, "device_queued": -1, "device_end": -1, "host_queued_end": 1585622820.737638}, "device": "cpu", "nd_range": {"device_start": 2290594.9272331824, "device_end": 2290594.927244007}, "cmdq": 2, "read": {"device_start": -1, "device_end": -1}}, "softmax77": {"write": {"device_start": -1, "host_queued_start": 1585622820.697374, "device_queued": -1, "device_end": -1, "host_queued_end": 1585622820.702978}, "device": "gpu", "nd_range": {"device_start": 1585622754.2861137, "device_end": 1585622754.287291}, "cmdq": 3, "read": {"device_start": -1, "device_end": -1}}, "coalesced_transpose12": {"write": {"device_start": -1, "host_queued_start": 1585622820.725754, "device_queued": -1, "device_end": -1, "host_queued_end": 1585622820.737638}, "device": "cpu", "nd_range": {"device_start": 2290594.9737773393, "device_end": 2290594.974149053}, "cmdq": 1, "read": {"device_start": -1, "device_end": -1}}, "empty44": {"write": {"device_start": -1, "host_queued_start": 1585622820.708683, "device_queued": -1, "device_end": -1, "host_queued_end": 1585622820.737638}, "device": "cpu", "nd_range": {"device_start": 2290594.9276719242, "device_end": 2290594.9276756323}, "cmdq": 4, "read": {"device_start": -1, "device_end": -1}}, "coalesced_transpose21": {"write": {"device_start": -1, "host_queued_start": 1585622820.726083, "device_queued": -1, "device_end": -1, "host_queued_end": 1585622820.737638}, "device": "cpu", "nd_range": {"device_start": 2290595.007434442, "device_end": 2290595.007689402}, "cmdq": 2, "read": {"device_start": -1, "device_end": -1}}, "FFC_sans_bias36": {"write": {"device_start": -1, "host_queued_start": 1585622820.722991, "device_queued": -1, "device_end": -1, "host_queued_end": 1585622820.737638}, "device": "cpu", "nd_range": {"device_start": 2290594.971320995, "device_end": 2290595.002574134}, "cmdq": 2, "read": {"device_start": -1, "device_end": -1}}, "softmax14": {"write": {"device_start": -1, "host_queued_start": 1585622820.729944, "device_queued": -1, "device_end": -1, "host_queued_end": 1585622820.737638}, "device": "cpu", "nd_range": {"device_start": 2290594.98972811, "device_end": 2290594.9899456804}, "cmdq": 1, "read": {"device_start": -1, "device_end": -1}}, "FFC_sans_bias13": {"write": {"device_start": -1, "host_queued_start": 1585622820.727462, "device_queued": -1, "device_end": -1, "host_queued_end": 1585622820.737638}, "device": "cpu", "nd_range": {"device_start": 2290594.974257742, "device_end": 2290594.98961131}, "cmdq": 1, "read": {"device_start": -1, "device_end": -1}}, "empty8": {"write": {"device_start": -1, "host_queued_start": 1585622820.704506, "device_queued": -1, "device_end": -1, "host_queued_end": 1585622820.737638}, "device": "cpu", "nd_range": {"device_start": 2290594.927233208, "device_end": 2290594.927244047}, "cmdq": 0, "read": {"device_start": -1, "device_end": -1}}, "FFC_sans_bias42": {"write": {"device_start": -1, "host_queued_start": 1585622820.732472, "device_queued": -1, "device_end": -1, "host_queued_end": 1585622820.737638}, "device": "cpu", "nd_range": {"device_start": 2290595.008573568, "device_end": 2290595.023840804}, "cmdq": 4, "read": {"device_start": -1, "device_end": -1}}, "FFC_sans_bias43": {"write": {"device_start": -1, "host_queued_start": 1585622820.737594, "device_queued": -1, "device_end": -1, "host_queued_end": 1585622820.737638}, "device": "cpu", "nd_range": {"device_start": 2290595.023959177, "device_end": 2290595.0401167762}, "cmdq": 4, "read": {"device_start": -1, "device_end": -1}}, "FFC_sans_bias40": {"write": {"device_start": -1, "host_queued_start": 1585622820.72939, "device_queued": -1, "device_end": -1, "host_queued_end": 1585622820.737638}, "device": "cpu", "nd_range": {"device_start": 2290594.991833376, "device_end": 2290595.008136621}, "cmdq": 4, "read": {"device_start": -1, "device_end": -1}}, "softmax32": {"write": {"device_start": -1, "host_queued_start": 1585622820.730494, "device_queued": -1, "device_end": -1, "host_queued_end": 1585622820.737638}, "device": "cpu", "nd_range": {"device_start": 2290595.0363031533, "device_end": 2290595.039189442}, "cmdq": 3, "read": {"device_start": -1, "device_end": -1}}, "FFC_sans_bias47": {"write": {"device_start": 1585622754.2783854, "host_queued_start": 1585622820.684205, "device_queued": 1585622754.2780213, "device_end": 1585622754.2784562, "host_queued_end": 1585622820.702978}, "device": "gpu", "nd_range": {"device_start": 1585622754.2784617, "device_end": 1585622754.2798476}, "cmdq": 2, "read": {"device_start": -1, "device_end": -1}}, "FFC_sans_bias78": {"write": {"device_start": -1, "host_queued_start": 1585622820.698654, "device_queued": -1, "device_end": -1, "host_queued_end": 1585622820.702978}, "device": "gpu", "nd_range": {"device_start": 1585622754.2872925, "device_end": 1585622754.2890494}, "cmdq": 3, "read": {"device_start": -1, "device_end": -1}}, "FFC_sans_bias45": {"write": {"device_start": 1585622754.2781813, "host_queued_start": 1585622820.682056, "device_queued": 1585622754.2779436, "device_end": 1585622754.278262, "host_queued_end": 1585622820.702978}, "device": "gpu", "nd_range": {"device_start": 1585622754.2782733, "device_end": 1585622754.2788777}, "cmdq": 0, "read": {"device_start": -1, "device_end": -1}}, "softmax50": {"write": {"device_start": -1, "host_queued_start": 1585622820.696631, "device_queued": -1, "device_end": -1, "host_queued_end": 1585622820.702978}, "device": "gpu", "nd_range": {"device_start": 1585622754.2846742, "device_end": 1585622754.2858608}, "cmdq": 0, "read": {"device_start": -1, "device_end": -1}}, "FFC_sans_bias33": {"write": {"device_start": -1, "host_queued_start": 1585622820.732133, "device_queued": -1, "device_end": -1, "host_queued_end": 1585622820.737638}, "device": "cpu", "nd_range": {"device_start": 2290595.039199174, "device_end": 2290595.051330064}, "cmdq": 3, "read": {"device_start": -1, "device_end": -1}}, "FFC_sans_bias63": {"write": {"device_start": 1585622754.2809327, "host_queued_start": 1585622820.690503, "device_queued": 1585622754.2787948, "device_end": 1585622754.2809637, "host_queued_end": 1585622820.702978}, "device": "gpu", "nd_range": {"device_start": 1585622754.2809784, "device_end": 1585622754.2827175}, "cmdq": 0, "read": {"device_start": -1, "device_end": -1}}, "FFC_sans_bias49": {"write": {"device_start": -1, "host_queued_start": 1585622820.695265, "device_queued": -1, "device_end": -1, "host_queued_end": 1585622820.702978}, "device": "gpu", "nd_range": {"device_start": 1585622754.2840674, "device_end": 1585622754.284673}, "cmdq": 0, "read": {"device_start": -1, "device_end": -1}}, "FFC_sans_bias64": {"write": {"device_start": 1585622754.2799811, "host_queued_start": 1585622820.68842, "device_queued": 1585622754.278472, "device_end": 1585622754.2800117, "host_queued_end": 1585622820.702978}, "device": "gpu", "nd_range": {"device_start": 1585622754.2800152, "device_end": 1585622754.2817667}, "cmdq": 2, "read": {"device_start": -1, "device_end": -1}}, "FFC_sans_bias65": {"write": {"device_start": 1585622754.2803557, "host_queued_start": 1585622820.689468, "device_queued": 1585622754.2786047, "device_end": 1585622754.2803867, "host_queued_end": 1585622820.702978}, "device": "gpu", "nd_range": {"device_start": 1585622754.2803938, "device_end": 1585622754.2822611}, "cmdq": 3, "read": {"device_start": -1, "device_end": -1}}, "FFC_sans_bias72": {"write": {"device_start": 1585622754.2813995, "host_queued_start": 1585622820.691609, "device_queued": 1585622754.278852, "device_end": 1585622754.2814312, "host_queued_end": 1585622820.702978}, "device": "gpu", "nd_range": {"device_start": 1585622754.2814384, "device_end": 1585622754.283242}, "cmdq": 1, "read": {"device_start": -1, "device_end": -1}}, "FFC_sans_bias67": {"write": {"device_start": -1, "host_queued_start": 1585622820.69606, "device_queued": -1, "device_end": -1, "host_queued_end": 1585622820.702978}, "device": "gpu", "nd_range": {"device_start": 1585622754.2840846, "device_end": 1585622754.285658}, "cmdq": 2, "read": {"device_start": -1, "device_end": -1}}, "FFC_sans_bias24": {"write": {"device_start": -1, "host_queued_start": 1585622820.731791, "device_queued": -1, "device_end": -1, "host_queued_end": 1585622820.737638}, "device": "cpu", "nd_range": {"device_start": 2290595.0389564573, "device_end": 2290595.051333353}, "cmdq": 2, "read": {"device_start": -1, "device_end": -1}}, "FFC_sans_bias25": {"write": {"device_start": -1, "host_queued_start": 1585622820.735556, "device_queued": -1, "device_end": -1, "host_queued_end": 1585622820.737638}, "device": "cpu", "nd_range": {"device_start": 2290595.051350409, "device_end": 2290595.05950543}, "cmdq": 2, "read": {"device_start": -1, "device_end": -1}}, "FFC_sans_bias27": {"write": {"device_start": -1, "host_queued_start": 1585622820.719813, "device_queued": -1, "device_end": -1, "host_queued_end": 1585622820.737638}, "device": "cpu", "nd_range": {"device_start": 2290594.9431583653, "device_end": 2290594.9583460493}, "cmdq": 4, "read": {"device_start": -1, "device_end": -1}}, "FFC_sans_bias20": {"write": {"device_start": -1, "host_queued_start": 1585622820.718763, "device_queued": -1, "device_end": -1, "host_queued_end": 1585622820.737638}, "device": "cpu", "nd_range": {"device_start": 2290594.958821189, "device_end": 2290594.975890025}, "cmdq": 3, "read": {"device_start": -1, "device_end": -1}}, "FFC_sans_bias22": {"write": {"device_start": -1, "host_queued_start": 1585622820.727805, "device_queued": -1, "device_end": -1, "host_queued_end": 1585622820.737638}, "device": "cpu", "nd_range": {"device_start": 2290595.008071007, "device_end": 2290595.031255511}, "cmdq": 2, "read": {"device_start": -1, "device_end": -1}}, "softmax68": {"write": {"device_start": -1, "host_queued_start": 1585622820.697129, "device_queued": -1, "device_end": -1, "host_queued_end": 1585622820.702978}, "device": "gpu", "nd_range": {"device_start": 1585622754.2856593, "device_end": 1585622754.28632}, "cmdq": 2, "read": {"device_start": -1, "device_end": -1}}, "softmax5": {"write": {"device_start": -1, "host_queued_start": 1585622820.72967, "device_queued": -1, "device_end": -1, "host_queued_end": 1585622820.737638}, "device": "cpu", "nd_range": {"device_start": 2290595.0202123174, "device_end": 2290595.0204190062}, "cmdq": 0, "read": {"device_start": -1, "device_end": -1}}, "FFC_sans_bias28": {"write": {"device_start": -1, "host_queued_start": 1585622820.720861, "device_queued": -1, "device_end": -1, "host_queued_end": 1585622820.737638}, "device": "cpu", "nd_range": {"device_start": 2290594.989115136, "device_end": 2290595.004396057}, "cmdq": 0, "read": {"device_start": -1, "device_end": -1}}, "FFC_sans_bias29": {"write": {"device_start": -1, "host_queued_start": 1585622820.721916, "device_queued": -1, "device_end": -1, "host_queued_end": 1585622820.737638}, "device": "cpu", "nd_range": {"device_start": 2290594.9582835883, "device_end": 2290594.973761089}, "cmdq": 1, "read": {"device_start": -1, "device_end": -1}}, "empty17": {"write": {"device_start": -1, "host_queued_start": 1585622820.7056, "device_queued": -1, "device_end": -1, "host_queued_end": 1585622820.737638}, "device": "cpu", "nd_range": {"device_start": 2290594.927299289, "device_end": 2290594.9273003154}, "cmdq": 1, "read": {"device_start": -1, "device_end": -1}}, "softmax59": {"write": {"device_start": -1, "host_queued_start": 1585622820.696878, "device_queued": -1, "device_end": -1, "host_queued_end": 1585622820.702978}, "device": "gpu", "nd_range": {"device_start": 1585622754.2851288, "device_end": 1585622754.2858534}, "cmdq": 1, "read": {"device_start": -1, "device_end": -1}}, "empty71": {"write": {"device_start": 1585622754.2779489, "host_queued_start": 1585622820.680215, "device_queued": 1585622754.277729, "device_end": 1585622754.2780118, "host_queued_end": 1585622820.702978}, "device": "gpu", "nd_range": {"device_start": 1585622754.2780159, "device_end": 1585622754.2780218}, "cmdq": 2, "read": {"device_start": -1, "device_end": -1}}, "empty35": {"write": {"device_start": -1, "host_queued_start": 1585622820.707684, "device_queued": -1, "device_end": -1, "host_queued_end": 1585622820.737638}, "device": "cpu", "nd_range": {"device_start": 2290594.9272780893, "device_end": 2290594.927282127}, "cmdq": 3, "read": {"device_start": -1, "device_end": -1}}, "empty53": {"write": {"device_start": 1585622754.2777045, "host_queued_start": 1585622820.678211, "device_queued": 1585622754.2775757, "device_end": 1585622754.2777307, "host_queued_end": 1585622820.702978}, "device": "gpu", "nd_range": {"device_start": 1585622754.2777336, "device_end": 1585622754.2777386}, "cmdq": 0, "read": {"device_start": -1, "device_end": -1}}, "FFC_sans_bias46": {"write": {"device_start": 1585622754.2782793, "host_queued_start": 1585622820.683139, "device_queued": 1585622754.2780044, "device_end": 1585622754.2783182, "host_queued_end": 1585622820.702978}, "device": "gpu", "nd_range": {"device_start": 1585622754.2783244, "device_end": 1585622754.2792873}, "cmdq": 1, "read": {"device_start": -1, "device_end": -1}}, "coalesced_transpose66": {"write": {"device_start": -1, "host_queued_start": 1585622820.694644, "device_queued": -1, "device_end": -1, "host_queued_end": 1585622820.702978}, "device": "gpu", "nd_range": {"device_start": 1585622754.2836769, "device_end": 1585622754.2840834}, "cmdq": 2, "read": {"device_start": -1, "device_end": -1}}, "coalesced_transpose48": {"write": {"device_start": -1, "host_queued_start": 1585622820.694012, "device_queued": -1, "device_end": -1, "host_queued_end": 1585622820.702978}, "device": "gpu", "nd_range": {"device_start": 1585622754.282719, "device_end": 1585622754.2840664}, "cmdq": 0, "read": {"device_start": -1, "device_end": -1}}}