{"FFC_sans_bias60": {"write": {"device_start": -1, "host_queued_start": 1585622500.711852, "device_queued": -1, "device_end": -1, "host_queued_end": 1585622500.719916}, "device": "gpu", "nd_range": {"device_start": 1585622434.3202498, "device_end": 1585622434.3212357}, "cmdq": 1, "read": {"device_start": -1, "device_end": -1}}, "FFC_sans_bias4": {"write": {"device_start": -1, "host_queued_start": 1585622500.731785, "device_queued": -1, "device_end": -1, "host_queued_end": 1585622500.736489}, "device": "cpu", "nd_range": {"device_start": 2290274.950545348, "device_end": 2290274.956304157}, "cmdq": 2, "read": {"device_start": -1, "device_end": -1}}, "FFC_sans_bias7": {"write": {"device_start": -1, "host_queued_start": 1585622500.73542, "device_queued": -1, "device_end": -1, "host_queued_end": 1585622500.736489}, "device": "cpu", "nd_range": {"device_start": 2290274.9649878712, "device_end": 2290274.970237793}, "cmdq": 0, "read": {"device_start": -1, "device_end": -1}}, "FFC_sans_bias6": {"write": {"device_start": -1, "host_queued_start": 1585622500.733975, "device_queued": -1, "device_end": -1, "host_queued_end": 1585622500.736489}, "device": "cpu", "nd_range": {"device_start": 2290274.9603973404, "device_end": 2290274.9649756243}, "cmdq": 2, "read": {"device_start": -1, "device_end": -1}}, "FFC_sans_bias1": {"write": {"device_start": -1, "host_queued_start": 1585622500.725394, "device_queued": -1, "device_end": -1, "host_queued_end": 1585622500.736489}, "device": "cpu", "nd_range": {"device_start": 2290274.9260954773, "device_end": 2290274.941361065}, "cmdq": 3, "read": {"device_start": -1, "device_end": -1}}, "FFC_sans_bias0": {"write": {"device_start": -1, "host_queued_start": 1585622500.724111, "device_queued": -1, "device_end": -1, "host_queued_end": 1585622500.736489}, "device": "cpu", "nd_range": {"device_start": 2290274.926187898, "device_end": 2290274.942590366}, "cmdq": 2, "read": {"device_start": -1, "device_end": -1}}, "FFC_sans_bias2": {"write": {"device_start": -1, "host_queued_start": 1585622500.726789, "device_queued": -1, "device_end": -1, "host_queued_end": 1585622500.736489}, "device": "cpu", "nd_range": {"device_start": 2290274.9260908943, "device_end": 2290274.943403557}, "cmdq": 0, "read": {"device_start": -1, "device_end": -1}}, "FFC_sans_bias61": {"write": {"device_start": 1585622434.3228717, "host_queued_start": 1585622500.717708, "device_queued": 1585622434.3077624, "device_end": 1585622434.3228974, "host_queued_end": 1585622500.719916}, "device": "gpu", "nd_range": {"device_start": 1585622434.3229074, "device_end": 1585622434.3236535}, "cmdq": 0, "read": {"device_start": 1585622434.3236613, "device_end": 1585622434.3236856}}, "FFC_sans_bias52": {"write": {"device_start": 1585622434.323369, "host_queued_start": 1585622500.716665, "device_queued": 1585622434.307596, "device_end": 1585622434.3233955, "host_queued_end": 1585622500.719916}, "device": "gpu", "nd_range": {"device_start": 1585622434.3234057, "device_end": 1585622434.3241365}, "cmdq": 1, "read": {"device_start": 1585622434.3241386, "device_end": 1585622434.3241627}}, "FFC_sans_bias9": {"write": {"device_start": -1, "host_queued_start": 1585622500.728133, "device_queued": -1, "device_end": -1, "host_queued_end": 1585622500.736489}, "device": "cpu", "nd_range": {"device_start": 2290274.926089826, "device_end": 2290274.943158092}, "cmdq": 1, "read": {"device_start": -1, "device_end": -1}}, "coalesced_transpose39": {"write": {"device_start": -1, "host_queued_start": 1585622500.705148, "device_queued": -1, "device_end": -1, "host_queued_end": 1585622500.719916}, "device": "gpu", "nd_range": {"device_start": 1585622434.3140767, "device_end": 1585622434.3140996}, "cmdq": 0, "read": {"device_start": -1, "device_end": -1}}, "FFC_sans_bias55": {"write": {"device_start": 1585622434.310434, "host_queued_start": 1585622500.697764, "device_queued": 1585622434.3051224, "device_end": 1585622434.310467, "host_queued_end": 1585622500.719916}, "device": "gpu", "nd_range": {"device_start": 1585622434.3104725, "device_end": 1585622434.3113024}, "cmdq": 1, "read": {"device_start": -1, "device_end": -1}}, "FFC_sans_bias54": {"write": {"device_start": 1585622434.3099868, "host_queued_start": 1585622500.696725, "device_queued": 1585622434.3050823, "device_end": 1585622434.3100195, "host_queued_end": 1585622500.719916}, "device": "gpu", "nd_range": {"device_start": 1585622434.3100233, "device_end": 1585622434.3108404}, "cmdq": 0, "read": {"device_start": -1, "device_end": -1}}, "FFC_sans_bias79": {"write": {"device_start": 1585622434.3238237, "host_queued_start": 1585622500.719809, "device_queued": 1585622434.3079662, "device_end": 1585622434.3238518, "host_queued_end": 1585622500.719916}, "device": "gpu", "nd_range": {"device_start": 1585622434.3238623, "device_end": 1585622434.3246162}, "cmdq": 0, "read": {"device_start": 1585622434.3251433, "device_end": 1585622434.3251712}}, "FFC_sans_bias56": {"write": {"device_start": 1585622434.3094482, "host_queued_start": 1585622500.695672, "device_queued": 1585622434.3048835, "device_end": 1585622434.3094816, "host_queued_end": 1585622500.719916}, "device": "gpu", "nd_range": {"device_start": 1585622434.3094923, "device_end": 1585622434.310316}, "cmdq": 1, "read": {"device_start": -1, "device_end": -1}}, "FFC_sans_bias51": {"write": {"device_start": -1, "host_queued_start": 1585622500.711538, "device_queued": -1, "device_end": -1, "host_queued_end": 1585622500.719916}, "device": "gpu", "nd_range": {"device_start": 1585622434.318856, "device_end": 1585622434.3198242}, "cmdq": 0, "read": {"device_start": -1, "device_end": -1}}, "softmax23": {"write": {"device_start": -1, "host_queued_start": 1585622500.708802, "device_queued": -1, "device_end": -1, "host_queued_end": 1585622500.719916}, "device": "gpu", "nd_range": {"device_start": 1585622434.3166976, "device_end": 1585622434.3172567}, "cmdq": 0, "read": {"device_start": -1, "device_end": -1}}, "FFC_sans_bias37": {"write": {"device_start": 1585622434.307062, "host_queued_start": 1585622500.6904, "device_queued": 1585622434.304403, "device_end": 1585622434.3070872, "host_queued_end": 1585622500.719916}, "device": "gpu", "nd_range": {"device_start": 1585622434.307092, "device_end": 1585622434.307924}, "cmdq": 0, "read": {"device_start": -1, "device_end": -1}}, "FFC_sans_bias73": {"write": {"device_start": 1585622434.3128276, "host_queued_start": 1585622500.703124, "device_queued": 1585622434.3056607, "device_end": 1585622434.3128593, "host_queued_end": 1585622500.719916}, "device": "gpu", "nd_range": {"device_start": 1585622434.3128643, "device_end": 1585622434.313717}, "cmdq": 0, "read": {"device_start": -1, "device_end": -1}}, "empty62": {"write": {"device_start": 1585622434.3035812, "host_queued_start": 1585622500.680445, "device_queued": 1585622434.303486, "device_end": 1585622434.3036478, "host_queued_end": 1585622500.719916}, "device": "gpu", "nd_range": {"device_start": 1585622434.303653, "device_end": 1585622434.3036575}, "cmdq": 0, "read": {"device_start": -1, "device_end": -1}}, "FFC_sans_bias70": {"write": {"device_start": 1585622434.324295, "host_queued_start": 1585622500.718756, "device_queued": 1585622434.3077986, "device_end": 1585622434.3243272, "host_queued_end": 1585622500.719916}, "device": "gpu", "nd_range": {"device_start": 1585622434.3243387, "device_end": 1585622434.325049}, "cmdq": 1, "read": {"device_start": 1585622434.3250513, "device_end": 1585622434.3250735}}, "FFC_sans_bias58": {"write": {"device_start": -1, "host_queued_start": 1585622500.707927, "device_queued": -1, "device_end": -1, "host_queued_end": 1585622500.719916}, "device": "gpu", "nd_range": {"device_start": 1585622434.3162181, "device_end": 1585622434.3171616}, "cmdq": 1, "read": {"device_start": -1, "device_end": -1}}, "softmax41": {"write": {"device_start": -1, "host_queued_start": 1585622500.709292, "device_queued": -1, "device_end": -1, "host_queued_end": 1585622500.719916}, "device": "gpu", "nd_range": {"device_start": 1585622434.3172677, "device_end": 1585622434.3177934}, "cmdq": 0, "read": {"device_start": -1, "device_end": -1}}, "FFC_sans_bias74": {"write": {"device_start": 1585622434.3133798, "host_queued_start": 1585622500.704198, "device_queued": 1585622434.305702, "device_end": 1585622434.3134134, "host_queued_end": 1585622500.719916}, "device": "gpu", "nd_range": {"device_start": 1585622434.313417, "device_end": 1585622434.314126}, "cmdq": 1, "read": {"device_start": -1, "device_end": -1}}, "FFC_sans_bias11": {"write": {"device_start": -1, "host_queued_start": 1585622500.730675, "device_queued": -1, "device_end": -1, "host_queued_end": 1585622500.736489}, "device": "cpu", "nd_range": {"device_start": 2290274.941509791, "device_end": 2290274.951331646}, "cmdq": 3, "read": {"device_start": -1, "device_end": -1}}, "FFC_sans_bias10": {"write": {"device_start": -1, "host_queued_start": 1585622500.729426, "device_queued": -1, "device_end": -1, "host_queued_end": 1585622500.736489}, "device": "cpu", "nd_range": {"device_start": 2290274.9426040603, "device_end": 2290274.950412062}, "cmdq": 2, "read": {"device_start": -1, "device_end": -1}}, "coalesced_transpose3": {"write": {"device_start": -1, "host_queued_start": 1585622500.731111, "device_queued": -1, "device_end": -1, "host_queued_end": 1585622500.736489}, "device": "cpu", "nd_range": {"device_start": 2290274.94512708, "device_end": 2290274.9453660543}, "cmdq": 0, "read": {"device_start": -1, "device_end": -1}}, "FFC_sans_bias34": {"write": {"device_start": 1585622434.3223026, "host_queued_start": 1585622500.714539, "device_queued": 1585622434.307351, "device_end": 1585622434.3223283, "host_queued_end": 1585622500.719916}, "device": "gpu", "nd_range": {"device_start": 1585622434.3223405, "device_end": 1585622434.323185}, "cmdq": 1, "read": {"device_start": 1585622434.3231869, "device_end": 1585622434.3232121}}, "FFC_sans_bias15": {"write": {"device_start": -1, "host_queued_start": 1585622500.734313, "device_queued": -1, "device_end": -1, "host_queued_end": 1585622500.736489}, "device": "cpu", "nd_range": {"device_start": 2290274.968594769, "device_end": 2290274.97902714}, "cmdq": 3, "read": {"device_start": -1, "device_end": -1}}, "FFC_sans_bias31": {"write": {"device_start": -1, "host_queued_start": 1585622500.70698, "device_queued": -1, "device_end": -1, "host_queued_end": 1585622500.719916}, "device": "gpu", "nd_range": {"device_start": 1585622434.3141577, "device_end": 1585622434.3147607}, "cmdq": 0, "read": {"device_start": -1, "device_end": -1}}, "FFC_sans_bias16": {"write": {"device_start": -1, "host_queued_start": 1585622500.736444, "device_queued": -1, "device_end": -1, "host_queued_end": 1585622500.736489}, "device": "cpu", "nd_range": {"device_start": 2290274.9790450893, "device_end": 2290274.982991218}, "cmdq": 1, "read": {"device_start": -1, "device_end": -1}}, "FFC_sans_bias19": {"write": {"device_start": 1585622434.303937, "host_queued_start": 1585622500.68415, "device_queued": 1585622434.3038056, "device_end": 1585622434.3039606, "host_queued_end": 1585622500.719916}, "device": "gpu", "nd_range": {"device_start": 1585622434.3039649, "device_end": 1585622434.3049457}, "cmdq": 0, "read": {"device_start": -1, "device_end": -1}}, "FFC_sans_bias18": {"write": {"device_start": 1585622434.3038552, "host_queued_start": 1585622500.683098, "device_queued": 1585622434.3036, "device_end": 1585622434.303927, "host_queued_end": 1585622500.719916}, "device": "gpu", "nd_range": {"device_start": 1585622434.3039372, "device_end": 1585622434.3045454}, "cmdq": 1, "read": {"device_start": -1, "device_end": -1}}, "coalesced_transpose30": {"write": {"device_start": -1, "host_queued_start": 1585622500.704845, "device_queued": -1, "device_end": -1, "host_queued_end": 1585622500.719916}, "device": "gpu", "nd_range": {"device_start": 1585622434.314127, "device_end": 1585622434.314138}, "cmdq": 1, "read": {"device_start": -1, "device_end": -1}}, "empty80": {"write": {"device_start": 1585622434.30376, "host_queued_start": 1585622500.682088, "device_queued": 1585622434.3035674, "device_end": 1585622434.303817, "host_queued_end": 1585622500.719916}, "device": "gpu", "nd_range": {"device_start": 1585622434.3038213, "device_end": 1585622434.3038266}, "cmdq": 0, "read": {"device_start": -1, "device_end": -1}}, "FFC_sans_bias69": {"write": {"device_start": -1, "host_queued_start": 1585622500.712162, "device_queued": -1, "device_end": -1, "host_queued_end": 1585622500.719916}, "device": "gpu", "nd_range": {"device_start": 1585622434.3198338, "device_end": 1585622434.3207803}, "cmdq": 0, "read": {"device_start": -1, "device_end": -1}}, "FFC_sans_bias38": {"write": {"device_start": 1585622434.3075151, "host_queued_start": 1585622500.691483, "device_queued": 1585622434.3044639, "device_end": 1585622434.3075428, "host_queued_end": 1585622500.719916}, "device": "gpu", "nd_range": {"device_start": 1585622434.3075483, "device_end": 1585622434.3083668}, "cmdq": 1, "read": {"device_start": -1, "device_end": -1}}, "coalesced_transpose57": {"write": {"device_start": -1, "host_queued_start": 1585622500.705746, "device_queued": -1, "device_end": -1, "host_queued_end": 1585622500.719916}, "device": "gpu", "nd_range": {"device_start": 1585622434.3141146, "device_end": 1585622434.3141327}, "cmdq": 0, "read": {"device_start": -1, "device_end": -1}}, "FFC_sans_bias76": {"write": {"device_start": -1, "host_queued_start": 1585622500.708549, "device_queued": -1, "device_end": -1, "host_queued_end": 1585622500.719916}, "device": "gpu", "nd_range": {"device_start": 1585622434.31718, "device_end": 1585622434.317779}, "cmdq": 1, "read": {"device_start": -1, "device_end": -1}}, "coalesced_transpose75": {"write": {"device_start": -1, "host_queued_start": 1585622500.706344, "device_queued": -1, "device_end": -1, "host_queued_end": 1585622500.719916}, "device": "gpu", "nd_range": {"device_start": 1585622434.3141341, "device_end": 1585622434.3141444}, "cmdq": 0, "read": {"device_start": -1, "device_end": -1}}, "empty26": {"write": {"device_start": 1585622434.3031857, "host_queued_start": 1585622500.676913, "device_queued": 1585622434.30306, "device_end": 1585622434.3032424, "host_queued_end": 1585622500.719916}, "device": "gpu", "nd_range": {"device_start": 1585622434.303246, "device_end": 1585622434.3032532}, "cmdq": 0, "read": {"device_start": -1, "device_end": -1}}, "softmax77": {"write": {"device_start": -1, "host_queued_start": 1585622500.710285, "device_queued": -1, "device_end": -1, "host_queued_end": 1585622500.719916}, "device": "gpu", "nd_range": {"device_start": 1585622434.3180234, "device_end": 1585622434.3182325}, "cmdq": 0, "read": {"device_start": -1, "device_end": -1}}, "coalesced_transpose12": {"write": {"device_start": -1, "host_queued_start": 1585622500.731438, "device_queued": -1, "device_end": -1, "host_queued_end": 1585622500.736489}, "device": "cpu", "nd_range": {"device_start": 2290274.9506996493, "device_end": 2290274.950932194}, "cmdq": 1, "read": {"device_start": -1, "device_end": -1}}, "empty44": {"write": {"device_start": 1585622434.3033972, "host_queued_start": 1585622500.678827, "device_queued": 1585622434.3032165, "device_end": 1585622434.303473, "host_queued_end": 1585622500.719916}, "device": "gpu", "nd_range": {"device_start": 1585622434.3034804, "device_end": 1585622434.3034844}, "cmdq": 0, "read": {"device_start": -1, "device_end": -1}}, "coalesced_transpose21": {"write": {"device_start": -1, "host_queued_start": 1585622500.704539, "device_queued": -1, "device_end": -1, "host_queued_end": 1585622500.719916}, "device": "gpu", "nd_range": {"device_start": 1585622434.3137188, "device_end": 1585622434.3140738}, "cmdq": 0, "read": {"device_start": -1, "device_end": -1}}, "FFC_sans_bias36": {"write": {"device_start": 1585622434.306569, "host_queued_start": 1585622500.689375, "device_queued": 1585622434.3042514, "device_end": 1585622434.306595, "host_queued_end": 1585622500.719916}, "device": "gpu", "nd_range": {"device_start": 1585622434.3065987, "device_end": 1585622434.3074121}, "cmdq": 1, "read": {"device_start": -1, "device_end": -1}}, "softmax14": {"write": {"device_start": -1, "host_queued_start": 1585622500.73364, "device_queued": -1, "device_end": -1, "host_queued_end": 1585622500.736489}, "device": "cpu", "nd_range": {"device_start": 2290274.962320084, "device_end": 2290274.9625304393}, "cmdq": 1, "read": {"device_start": -1, "device_end": -1}}, "FFC_sans_bias13": {"write": {"device_start": -1, "host_queued_start": 1585622500.733083, "device_queued": -1, "device_end": -1, "host_queued_end": 1585622500.736489}, "device": "cpu", "nd_range": {"device_start": 2290274.9563579913, "device_end": 2290274.9613567223}, "cmdq": 3, "read": {"device_start": -1, "device_end": -1}}, "empty8": {"write": {"device_start": -1, "host_queued_start": 1585622500.721661, "device_queued": -1, "device_end": -1, "host_queued_end": 1585622500.736489}, "device": "cpu", "nd_range": {"device_start": 2290274.9260595283, "device_end": 2290274.926071161}, "cmdq": 0, "read": {"device_start": -1, "device_end": -1}}, "FFC_sans_bias42": {"write": {"device_start": -1, "host_queued_start": 1585622500.711229, "device_queued": -1, "device_end": -1, "host_queued_end": 1585622500.719916}, "device": "gpu", "nd_range": {"device_start": 1585622434.319265, "device_end": 1585622434.3202388}, "cmdq": 1, "read": {"device_start": -1, "device_end": -1}}, "FFC_sans_bias43": {"write": {"device_start": 1585622434.3219385, "host_queued_start": 1585622500.715612, "device_queued": 1585622434.3075602, "device_end": 1585622434.3219638, "host_queued_end": 1585622500.719916}, "device": "gpu", "nd_range": {"device_start": 1585622434.3219755, "device_end": 1585622434.322693}, "cmdq": 0, "read": {"device_start": 1585622434.322704, "device_end": 1585622434.322728}}, "FFC_sans_bias40": {"write": {"device_start": -1, "host_queued_start": 1585622500.707297, "device_queued": -1, "device_end": -1, "host_queued_end": 1585622500.719916}, "device": "gpu", "nd_range": {"device_start": 1585622434.3152187, "device_end": 1585622434.3162076}, "cmdq": 1, "read": {"device_start": -1, "device_end": -1}}, "softmax32": {"write": {"device_start": -1, "host_queued_start": 1585622500.709048, "device_queued": -1, "device_end": -1, "host_queued_end": 1585622500.719916}, "device": "gpu", "nd_range": {"device_start": 1585622434.3177903, "device_end": 1585622434.3179994}, "cmdq": 1, "read": {"device_start": -1, "device_end": -1}}, "FFC_sans_bias47": {"write": {"device_start": 1585622434.3089983, "host_queued_start": 1585622500.694636, "device_queued": 1585622434.3048444, "device_end": 1585622434.3090253, "host_queued_end": 1585622500.719916}, "device": "gpu", "nd_range": {"device_start": 1585622434.3090317, "device_end": 1585622434.309877}, "cmdq": 0, "read": {"device_start": -1, "device_end": -1}}, "FFC_sans_bias78": {"write": {"device_start": -1, "host_queued_start": 1585622500.712476, "device_queued": -1, "device_end": -1, "host_queued_end": 1585622500.719916}, "device": "gpu", "nd_range": {"device_start": 1585622434.3212454, "device_end": 1585622434.32222}, "cmdq": 1, "read": {"device_start": -1, "device_end": -1}}, "FFC_sans_bias45": {"write": {"device_start": 1585622434.308024, "host_queued_start": 1585622500.692512, "device_queued": 1585622434.3046556, "device_end": 1585622434.308051, "host_queued_end": 1585622500.719916}, "device": "gpu", "nd_range": {"device_start": 1585622434.3080566, "device_end": 1585622434.308902}, "cmdq": 0, "read": {"device_start": -1, "device_end": -1}}, "softmax50": {"write": {"device_start": -1, "host_queued_start": 1585622500.709534, "device_queued": -1, "device_end": -1, "host_queued_end": 1585622500.719916}, "device": "gpu", "nd_range": {"device_start": 1585622434.31801, "device_end": 1585622434.3182178}, "cmdq": 1, "read": {"device_start": -1, "device_end": -1}}, "FFC_sans_bias33": {"write": {"device_start": -1, "host_queued_start": 1585622500.710912, "device_queued": -1, "device_end": -1, "host_queued_end": 1585622500.719916}, "device": "gpu", "nd_range": {"device_start": 1585622434.3182423, "device_end": 1585622434.318846}, "cmdq": 0, "read": {"device_start": -1, "device_end": -1}}, "FFC_sans_bias63": {"write": {"device_start": 1585622434.3118289, "host_queued_start": 1585622500.701038, "device_queued": 1585622434.3054364, "device_end": 1585622434.3118541, "host_queued_end": 1585622500.719916}, "device": "gpu", "nd_range": {"device_start": 1585622434.311859, "device_end": 1585622434.3127217}, "cmdq": 0, "read": {"device_start": -1, "device_end": -1}}, "FFC_sans_bias49": {"write": {"device_start": -1, "host_queued_start": 1585622500.707609, "device_queued": -1, "device_end": -1, "host_queued_end": 1585622500.719916}, "device": "gpu", "nd_range": {"device_start": 1585622434.314773, "device_end": 1585622434.3157284}, "cmdq": 0, "read": {"device_start": -1, "device_end": -1}}, "FFC_sans_bias64": {"write": {"device_start": 1585622434.3109617, "host_queued_start": 1585622500.698954, "device_queued": 1585622434.3052769, "device_end": 1585622434.3109934, "host_queued_end": 1585622500.719916}, "device": "gpu", "nd_range": {"device_start": 1585622434.3109992, "device_end": 1585622434.311734}, "cmdq": 0, "read": {"device_start": -1, "device_end": -1}}, "FFC_sans_bias65": {"write": {"device_start": 1585622434.3113966, "host_queued_start": 1585622500.700002, "device_queued": 1585622434.3053088, "device_end": 1585622434.3114235, "host_queued_end": 1585622500.719916}, "device": "gpu", "nd_range": {"device_start": 1585622434.3114283, "device_end": 1585622434.3122833}, "cmdq": 1, "read": {"device_start": -1, "device_end": -1}}, "FFC_sans_bias72": {"write": {"device_start": 1585622434.31239, "host_queued_start": 1585622500.702077, "device_queued": 1585622434.3054671, "device_end": 1585622434.3124225, "host_queued_end": 1585622500.719916}, "device": "gpu", "nd_range": {"device_start": 1585622434.3124275, "device_end": 1585622434.3132663}, "cmdq": 1, "read": {"device_start": -1, "device_end": -1}}, "FFC_sans_bias67": {"write": {"device_start": -1, "host_queued_start": 1585622500.708239, "device_queued": -1, "device_end": -1, "host_queued_end": 1585622500.719916}, "device": "gpu", "nd_range": {"device_start": 1585622434.3157458, "device_end": 1585622434.3166857}, "cmdq": 0, "read": {"device_start": -1, "device_end": -1}}, "FFC_sans_bias24": {"write": {"device_start": -1, "host_queued_start": 1585622500.710598, "device_queued": -1, "device_end": -1, "host_queued_end": 1585622500.719916}, "device": "gpu", "nd_range": {"device_start": 1585622434.3186107, "device_end": 1585622434.3192525}, "cmdq": 1, "read": {"device_start": -1, "device_end": -1}}, "FFC_sans_bias25": {"write": {"device_start": 1585622434.3209162, "host_queued_start": 1585622500.713493, "device_queued": 1585622434.3073106, "device_end": 1585622434.3209426, "host_queued_end": 1585622500.719916}, "device": "gpu", "nd_range": {"device_start": 1585622434.3209555, "device_end": 1585622434.321735}, "cmdq": 0, "read": {"device_start": 1585622434.321739, "device_end": 1585622434.321765}}, "FFC_sans_bias27": {"write": {"device_start": 1585622434.3050475, "host_queued_start": 1585622500.686239, "device_queued": 1585622434.304016, "device_end": 1585622434.305079, "host_queued_end": 1585622500.719916}, "device": "gpu", "nd_range": {"device_start": 1585622434.3050826, "device_end": 1585622434.3059497}, "cmdq": 0, "read": {"device_start": -1, "device_end": -1}}, "FFC_sans_bias20": {"write": {"device_start": 1585622434.304651, "host_queued_start": 1585622500.685205, "device_queued": 1585622434.3038518, "device_end": 1585622434.3046756, "host_queued_end": 1585622500.719916}, "device": "gpu", "nd_range": {"device_start": 1585622434.3046787, "device_end": 1585622434.3055282}, "cmdq": 1, "read": {"device_start": -1, "device_end": -1}}, "FFC_sans_bias22": {"write": {"device_start": -1, "host_queued_start": 1585622500.706663, "device_queued": -1, "device_end": -1, "host_queued_end": 1585622500.719916}, "device": "gpu", "nd_range": {"device_start": 1585622434.314593, "device_end": 1585622434.3152077}, "cmdq": 1, "read": {"device_start": -1, "device_end": -1}}, "softmax68": {"write": {"device_start": -1, "host_queued_start": 1585622500.71002, "device_queued": -1, "device_end": -1, "host_queued_end": 1585622500.719916}, "device": "gpu", "nd_range": {"device_start": 1585622434.3182292, "device_end": 1585622434.3185997}, "cmdq": 1, "read": {"device_start": -1, "device_end": -1}}, "softmax5": {"write": {"device_start": -1, "host_queued_start": 1585622500.733369, "device_queued": -1, "device_end": -1, "host_queued_end": 1585622500.736489}, "device": "cpu", "nd_range": {"device_start": 2290274.956348034, "device_end": 2290274.957412395}, "cmdq": 0, "read": {"device_start": -1, "device_end": -1}}, "FFC_sans_bias28": {"write": {"device_start": 1585622434.305632, "host_queued_start": 1585622500.687298, "device_queued": 1585622434.304057, "device_end": 1585622434.3056645, "host_queued_end": 1585622500.719916}, "device": "gpu", "nd_range": {"device_start": 1585622434.3056679, "device_end": 1585622434.3064575}, "cmdq": 1, "read": {"device_start": -1, "device_end": -1}}, "FFC_sans_bias29": {"write": {"device_start": 1585622434.306062, "host_queued_start": 1585622500.688336, "device_queued": 1585622434.304208, "device_end": 1585622434.3060875, "host_queued_end": 1585622500.719916}, "device": "gpu", "nd_range": {"device_start": 1585622434.306091, "device_end": 1585622434.3069398}, "cmdq": 0, "read": {"device_start": -1, "device_end": -1}}, "empty17": {"write": {"device_start": -1, "host_queued_start": 1585622500.722841, "device_queued": -1, "device_end": -1, "host_queued_end": 1585622500.736489}, "device": "cpu", "nd_range": {"device_start": 2290274.9260595962, "device_end": 2290274.9260711223}, "cmdq": 1, "read": {"device_start": -1, "device_end": -1}}, "softmax59": {"write": {"device_start": -1, "host_queued_start": 1585622500.709775, "device_queued": -1, "device_end": -1, "host_queued_end": 1585622500.719916}, "device": "gpu", "nd_range": {"device_start": 1585622434.3178039, "device_end": 1585622434.318013}, "cmdq": 0, "read": {"device_start": -1, "device_end": -1}}, "empty71": {"write": {"device_start": 1585622434.3036776, "host_queued_start": 1585622500.681245, "device_queued": 1585622434.3035283, "device_end": 1585622434.3037503, "host_queued_end": 1585622500.719916}, "device": "gpu", "nd_range": {"device_start": 1585622434.3037558, "device_end": 1585622434.303764}, "cmdq": 1, "read": {"device_start": -1, "device_end": -1}}, "empty35": {"write": {"device_start": 1585622434.3032968, "host_queued_start": 1585622500.677958, "device_queued": 1585622434.3031702, "device_end": 1585622434.3033695, "host_queued_end": 1585622500.719916}, "device": "gpu", "nd_range": {"device_start": 1585622434.3033733, "device_end": 1585622434.3033788}, "cmdq": 1, "read": {"device_start": -1, "device_end": -1}}, "empty53": {"write": {"device_start": 1585622434.3034878, "host_queued_start": 1585622500.679635, "device_queued": 1585622434.3032598, "device_end": 1585622434.3035553, "host_queued_end": 1585622500.719916}, "device": "gpu", "nd_range": {"device_start": 1585622434.3035586, "device_end": 1585622434.3035657}, "cmdq": 1, "read": {"device_start": -1, "device_end": -1}}, "FFC_sans_bias46": {"write": {"device_start": 1585622434.308465, "host_queued_start": 1585622500.693555, "device_queued": 1585622434.3047125, "device_end": 1585622434.3084965, "host_queued_end": 1585622500.719916}, "device": "gpu", "nd_range": {"device_start": 1585622434.3085039, "device_end": 1585622434.3093395}, "cmdq": 1, "read": {"device_start": -1, "device_end": -1}}, "coalesced_transpose66": {"write": {"device_start": -1, "host_queued_start": 1585622500.706042, "device_queued": -1, "device_end": -1, "host_queued_end": 1585622500.719916}, "device": "gpu", "nd_range": {"device_start": 1585622434.3141723, "device_end": 1585622434.3145814}, "cmdq": 1, "read": {"device_start": -1, "device_end": -1}}, "coalesced_transpose48": {"write": {"device_start": -1, "host_queued_start": 1585622500.705448, "device_queued": -1, "device_end": -1, "host_queued_end": 1585622500.719916}, "device": "gpu", "nd_range": {"device_start": 1585622434.31414, "device_end": 1585622434.3141615}, "cmdq": 1, "read": {"device_start": -1, "device_end": -1}}}