{"FFC_sans_bias60": {"write": {"device_start": -1, "host_queued_start": 1585622668.106877, "device_queued": -1, "device_end": -1, "host_queued_end": 1585622668.117008}, "device": "gpu", "nd_range": {"device_start": 1585622601.7145529, "device_end": 1585622601.71595}, "cmdq": 1, "read": {"device_start": -1, "device_end": -1}}, "FFC_sans_bias4": {"write": {"device_start": -1, "host_queued_start": 1585622668.123609, "device_queued": -1, "device_end": -1, "host_queued_end": 1585622668.125516}, "device": "cpu", "nd_range": {"device_start": 2290442.324448135, "device_end": 2290442.331508885}, "cmdq": 0, "read": {"device_start": -1, "device_end": -1}}, "FFC_sans_bias7": {"write": {"device_start": -1, "host_queued_start": 1585622668.125469, "device_queued": -1, "device_end": -1, "host_queued_end": 1585622668.125516}, "device": "cpu", "nd_range": {"device_start": 2290442.3367347224, "device_end": 2290442.341240812}, "cmdq": 3, "read": {"device_start": -1, "device_end": -1}}, "FFC_sans_bias6": {"write": {"device_start": -1, "host_queued_start": 1585622668.124296, "device_queued": -1, "device_end": -1, "host_queued_end": 1585622668.125516}, "device": "cpu", "nd_range": {"device_start": 2290442.3319439073, "device_end": 2290442.336725941}, "cmdq": 2, "read": {"device_start": -1, "device_end": -1}}, "FFC_sans_bias1": {"write": {"device_start": -1, "host_queued_start": 1585622668.121451, "device_queued": -1, "device_end": -1, "host_queued_end": 1585622668.125516}, "device": "cpu", "nd_range": {"device_start": 2290442.31520318, "device_end": 2290442.323942435}, "cmdq": 2, "read": {"device_start": -1, "device_end": -1}}, "FFC_sans_bias0": {"write": {"device_start": -1, "host_queued_start": 1585622668.120059, "device_queued": -1, "device_end": -1, "host_queued_end": 1585622668.125516}, "device": "cpu", "nd_range": {"device_start": 2290442.315193747, "device_end": 2290442.327665567}, "cmdq": 1, "read": {"device_start": -1, "device_end": -1}}, "FFC_sans_bias2": {"write": {"device_start": -1, "host_queued_start": 1585622668.122721, "device_queued": -1, "device_end": -1, "host_queued_end": 1585622668.125516}, "device": "cpu", "nd_range": {"device_start": 2290442.315209222, "device_end": 2290442.3293905533}, "cmdq": 3, "read": {"device_start": -1, "device_end": -1}}, "FFC_sans_bias61": {"write": {"device_start": 1585622601.7185137, "host_queued_start": 1585622668.114786, "device_queued": 1585622601.701607, "device_end": 1585622601.718539, "host_queued_end": 1585622668.117008}, "device": "gpu", "nd_range": {"device_start": 1585622601.7185502, "device_end": 1585622601.7198524}, "cmdq": 0, "read": {"device_start": 1585622601.7198594, "device_end": 1585622601.7198815}}, "FFC_sans_bias52": {"write": {"device_start": 1585622601.71808, "host_queued_start": 1585622668.112778, "device_queued": 1585622601.7013626, "device_end": 1585622601.7181058, "host_queued_end": 1585622668.117008}, "device": "gpu", "nd_range": {"device_start": 1585622601.7181175, "device_end": 1585622601.718896}, "cmdq": 2, "read": {"device_start": 1585622601.7189045, "device_end": 1585622601.7189283}}, "FFC_sans_bias9": {"write": {"device_start": 1585622601.6967897, "host_queued_start": 1585622668.073532, "device_queued": 1585622601.696685, "device_end": 1585622601.6968498, "host_queued_end": 1585622668.117008}, "device": "gpu", "nd_range": {"device_start": 1585622601.6968548, "device_end": 1585622601.697462}, "cmdq": 2, "read": {"device_start": -1, "device_end": -1}}, "coalesced_transpose39": {"write": {"device_start": -1, "host_queued_start": 1585622668.099163, "device_queued": -1, "device_end": -1, "host_queued_end": 1585622668.117008}, "device": "gpu", "nd_range": {"device_start": 1585622601.708411, "device_end": 1585622601.7084315}, "cmdq": 2, "read": {"device_start": -1, "device_end": -1}}, "FFC_sans_bias55": {"write": {"device_start": 1585622601.7048, "host_queued_start": 1585622668.091586, "device_queued": 1585622601.6985068, "device_end": 1585622601.7048612, "host_queued_end": 1585622668.117008}, "device": "gpu", "nd_range": {"device_start": 1585622601.7048736, "device_end": 1585622601.7056334}, "cmdq": 1, "read": {"device_start": -1, "device_end": -1}}, "FFC_sans_bias54": {"write": {"device_start": 1585622601.7038724, "host_queued_start": 1585622668.090534, "device_queued": 1585622601.698444, "device_end": 1585622601.7039053, "host_queued_end": 1585622668.117008}, "device": "gpu", "nd_range": {"device_start": 1585622601.7039137, "device_end": 1585622601.7051687}, "cmdq": 0, "read": {"device_start": -1, "device_end": -1}}, "FFC_sans_bias79": {"write": {"device_start": 1585622601.7190604, "host_queued_start": 1585622668.116903, "device_queued": 1585622601.701824, "device_end": 1585622601.7190855, "host_queued_end": 1585622668.117008}, "device": "gpu", "nd_range": {"device_start": 1585622601.7190964, "device_end": 1585622601.7202954}, "cmdq": 2, "read": {"device_start": 1585622601.720305, "device_end": 1585622601.7203283}}, "FFC_sans_bias56": {"write": {"device_start": 1585622601.70335, "host_queued_start": 1585622668.089485, "device_queued": 1585622601.6982803, "device_end": 1585622601.7033775, "host_queued_end": 1585622668.117008}, "device": "gpu", "nd_range": {"device_start": 1585622601.7033865, "device_end": 1585622601.7046812}, "cmdq": 2, "read": {"device_start": -1, "device_end": -1}}, "FFC_sans_bias51": {"write": {"device_start": -1, "host_queued_start": 1585622668.106552, "device_queued": -1, "device_end": -1, "host_queued_end": 1585622668.117008}, "device": "gpu", "nd_range": {"device_start": 1585622601.7139752, "device_end": 1585622601.7155006}, "cmdq": 0, "read": {"device_start": -1, "device_end": -1}}, "softmax23": {"write": {"device_start": -1, "host_queued_start": 1585622668.103443, "device_queued": -1, "device_end": -1, "host_queued_end": 1585622668.117008}, "device": "gpu", "nd_range": {"device_start": 1585622601.7125008, "device_end": 1585622601.7127037}, "cmdq": 1, "read": {"device_start": -1, "device_end": -1}}, "FFC_sans_bias37": {"write": {"device_start": 1585622601.7009459, "host_queued_start": 1585622668.084069, "device_queued": 1585622601.6978269, "device_end": 1585622601.7009718, "host_queued_end": 1585622668.117008}, "device": "gpu", "nd_range": {"device_start": 1585622601.7009773, "device_end": 1585622601.7022688}, "cmdq": 0, "read": {"device_start": -1, "device_end": -1}}, "FFC_sans_bias73": {"write": {"device_start": 1585622601.706709, "host_queued_start": 1585622668.096844, "device_queued": 1585622601.6991842, "device_end": 1585622601.7067347, "host_queued_end": 1585622668.117008}, "device": "gpu", "nd_range": {"device_start": 1585622601.706743, "device_end": 1585622601.7080762}, "cmdq": 0, "read": {"device_start": -1, "device_end": -1}}, "empty62": {"write": {"device_start": 1585622601.6964457, "host_queued_start": 1585622668.070913, "device_queued": 1585622601.6962733, "device_end": 1585622601.696523, "host_queued_end": 1585622668.117008}, "device": "gpu", "nd_range": {"device_start": 1585622601.6965272, "device_end": 1585622601.6965315}, "cmdq": 2, "read": {"device_start": -1, "device_end": -1}}, "FFC_sans_bias70": {"write": {"device_start": 1585622601.719483, "host_queued_start": 1585622668.115852, "device_queued": 1585622601.7018726, "device_end": 1585622601.7195075, "host_queued_end": 1585622668.117008}, "device": "gpu", "nd_range": {"device_start": 1585622601.7195168, "device_end": 1585622601.72073}, "cmdq": 1, "read": {"device_start": 1585622601.7207358, "device_end": 1585622601.7207625}}, "FFC_sans_bias58": {"write": {"device_start": -1, "host_queued_start": 1585622668.102277, "device_queued": -1, "device_end": -1, "host_queued_end": 1585622668.117008}, "device": "gpu", "nd_range": {"device_start": 1585622601.7095642, "device_end": 1585622601.7110643}, "cmdq": 0, "read": {"device_start": -1, "device_end": -1}}, "softmax41": {"write": {"device_start": -1, "host_queued_start": 1585622668.103937, "device_queued": -1, "device_end": -1, "host_queued_end": 1585622668.117008}, "device": "gpu", "nd_range": {"device_start": 1585622601.7122087, "device_end": 1585622601.712748}, "cmdq": 0, "read": {"device_start": -1, "device_end": -1}}, "FFC_sans_bias74": {"write": {"device_start": 1585622601.7071958, "host_queued_start": 1585622668.097892, "device_queued": 1585622601.6992233, "device_end": 1585622601.7072206, "host_queued_end": 1585622668.117008}, "device": "gpu", "nd_range": {"device_start": 1585622601.7072246, "device_end": 1585622601.7085123}, "cmdq": 1, "read": {"device_start": -1, "device_end": -1}}, "FFC_sans_bias11": {"write": {"device_start": 1585622601.697094, "host_queued_start": 1585622668.075653, "device_queued": 1585622601.6969926, "device_end": 1585622601.6971188, "host_queued_end": 1585622668.117008}, "device": "gpu", "nd_range": {"device_start": 1585622601.6971226, "device_end": 1585622601.6984437}, "cmdq": 1, "read": {"device_start": -1, "device_end": -1}}, "FFC_sans_bias10": {"write": {"device_start": 1585622601.6968973, "host_queued_start": 1585622668.074593, "device_queued": 1585622601.6967802, "device_end": 1585622601.6969297, "host_queued_end": 1585622668.117008}, "device": "gpu", "nd_range": {"device_start": 1585622601.6969335, "device_end": 1585622601.6978614}, "cmdq": 0, "read": {"device_start": -1, "device_end": -1}}, "coalesced_transpose3": {"write": {"device_start": -1, "host_queued_start": 1585622668.123132, "device_queued": -1, "device_end": -1, "host_queued_end": 1585622668.125516}, "device": "cpu", "nd_range": {"device_start": 2290442.32409548, "device_end": 2290442.324333218}, "cmdq": 4, "read": {"device_start": -1, "device_end": -1}}, "FFC_sans_bias34": {"write": {"device_start": 1585622601.7170029, "host_queued_start": 1585622668.110668, "device_queued": 1585622601.701264, "device_end": 1585622601.717028, "host_queued_end": 1585622668.117008}, "device": "gpu", "nd_range": {"device_start": 1585622601.7170427, "device_end": 1585622601.7183504}, "cmdq": 0, "read": {"device_start": 1585622601.718361, "device_end": 1585622601.7183852}}, "FFC_sans_bias15": {"write": {"device_start": -1, "host_queued_start": 1585622668.105287, "device_queued": -1, "device_end": -1, "host_queued_end": 1585622668.117008}, "device": "gpu", "nd_range": {"device_start": 1585622601.7129586, "device_end": 1585622601.7135637}, "cmdq": 2, "read": {"device_start": -1, "device_end": -1}}, "FFC_sans_bias31": {"write": {"device_start": -1, "host_queued_start": 1585622668.101327, "device_queued": -1, "device_end": -1, "host_queued_end": 1585622668.117008}, "device": "gpu", "nd_range": {"device_start": 1585622601.7085607, "device_end": 1585622601.7095525}, "cmdq": 0, "read": {"device_start": -1, "device_end": -1}}, "FFC_sans_bias16": {"write": {"device_start": 1585622601.716042, "host_queued_start": 1585622668.108559, "device_queued": 1585622601.7011108, "device_end": 1585622601.7160666, "host_queued_end": 1585622668.117008}, "device": "gpu", "nd_range": {"device_start": 1585622601.7160802, "device_end": 1585622601.7174003}, "cmdq": 1, "read": {"device_start": 1585622601.7174027, "device_end": 1585622601.717427}}, "FFC_sans_bias19": {"write": {"device_start": 1585622601.697983, "host_queued_start": 1585622668.077736, "device_queued": 1585622601.6972058, "device_end": 1585622601.6980143, "host_queued_end": 1585622668.117008}, "device": "gpu", "nd_range": {"device_start": 1585622601.6980178, "device_end": 1585622601.6993937}, "cmdq": 0, "read": {"device_start": -1, "device_end": -1}}, "FFC_sans_bias18": {"write": {"device_start": 1585622601.6975312, "host_queued_start": 1585622668.076695, "device_queued": 1585622601.6970189, "device_end": 1585622601.697561, "host_queued_end": 1585622668.117008}, "device": "gpu", "nd_range": {"device_start": 1585622601.6975648, "device_end": 1585622601.6988482}, "cmdq": 2, "read": {"device_start": -1, "device_end": -1}}, "coalesced_transpose30": {"write": {"device_start": -1, "host_queued_start": 1585622668.098853, "device_queued": -1, "device_end": -1, "host_queued_end": 1585622668.117008}, "device": "gpu", "nd_range": {"device_start": 1585622601.708516, "device_end": 1585622601.7085392}, "cmdq": 1, "read": {"device_start": -1, "device_end": -1}}, "empty80": {"write": {"device_start": 1585622601.696641, "host_queued_start": 1585622668.07255, "device_queued": 1585622601.696386, "device_end": 1585622601.6966703, "host_queued_end": 1585622668.117008}, "device": "gpu", "nd_range": {"device_start": 1585622601.6967163, "device_end": 1585622601.6967232}, "cmdq": 1, "read": {"device_start": -1, "device_end": -1}}, "FFC_sans_bias69": {"write": {"device_start": -1, "host_queued_start": 1585622668.107197, "device_queued": -1, "device_end": -1, "host_queued_end": 1585622668.117008}, "device": "gpu", "nd_range": {"device_start": 1585622601.7149696, "device_end": 1585622601.7164662}, "cmdq": 2, "read": {"device_start": -1, "device_end": -1}}, "FFC_sans_bias38": {"write": {"device_start": 1585622601.7013958, "host_queued_start": 1585622668.085135, "device_queued": 1585622601.6978836, "device_end": 1585622601.7014232, "host_queued_end": 1585622668.117008}, "device": "gpu", "nd_range": {"device_start": 1585622601.70143, "device_end": 1585622601.702786}, "cmdq": 1, "read": {"device_start": -1, "device_end": -1}}, "coalesced_transpose57": {"write": {"device_start": -1, "host_queued_start": 1585622668.099771, "device_queued": -1, "device_end": -1, "host_queued_end": 1585622668.117008}, "device": "gpu", "nd_range": {"device_start": 1585622601.7085414, "device_end": 1585622601.7089539}, "cmdq": 1, "read": {"device_start": -1, "device_end": -1}}, "FFC_sans_bias76": {"write": {"device_start": -1, "host_queued_start": 1585622668.102934, "device_queued": -1, "device_end": -1, "host_queued_end": 1585622668.117008}, "device": "gpu", "nd_range": {"device_start": 1585622601.7105603, "device_end": 1585622601.7120118}, "cmdq": 2, "read": {"device_start": -1, "device_end": -1}}, "coalesced_transpose75": {"write": {"device_start": -1, "host_queued_start": 1585622668.100373, "device_queued": -1, "device_end": -1, "host_queued_end": 1585622668.117008}, "device": "gpu", "nd_range": {"device_start": 1585622601.7084436, "device_end": 1585622601.7084618}, "cmdq": 0, "read": {"device_start": -1, "device_end": -1}}, "empty26": {"write": {"device_start": 1585622601.6959305, "host_queued_start": 1585622668.06753, "device_queued": 1585622601.69583, "device_end": 1585622601.6960068, "host_queued_end": 1585622668.117008}, "device": "gpu", "nd_range": {"device_start": 1585622601.6960113, "device_end": 1585622601.6960237}, "cmdq": 1, "read": {"device_start": -1, "device_end": -1}}, "softmax77": {"write": {"device_start": -1, "host_queued_start": 1585622668.104956, "device_queued": -1, "device_end": -1, "host_queued_end": 1585622668.117008}, "device": "gpu", "nd_range": {"device_start": 1585622601.7129283, "device_end": 1585622601.7132819}, "cmdq": 1, "read": {"device_start": -1, "device_end": -1}}, "coalesced_transpose12": {"write": {"device_start": -1, "host_queued_start": 1585622668.098222, "device_queued": -1, "device_end": -1, "host_queued_end": 1585622668.117008}, "device": "gpu", "nd_range": {"device_start": 1585622601.7075825, "device_end": 1585622601.708404}, "cmdq": 2, "read": {"device_start": -1, "device_end": -1}}, "empty44": {"write": {"device_start": 1585622601.6961265, "host_queued_start": 1585622668.06923, "device_queued": 1585622601.695956, "device_end": 1585622601.6961513, "host_queued_end": 1585622668.117008}, "device": "gpu", "nd_range": {"device_start": 1585622601.6961536, "device_end": 1585622601.6961622}, "cmdq": 0, "read": {"device_start": -1, "device_end": -1}}, "coalesced_transpose21": {"write": {"device_start": -1, "host_queued_start": 1585622668.098533, "device_queued": -1, "device_end": -1, "host_queued_end": 1585622668.117008}, "device": "gpu", "nd_range": {"device_start": 1585622601.708078, "device_end": 1585622601.7084222}, "cmdq": 0, "read": {"device_start": -1, "device_end": -1}}, "FFC_sans_bias36": {"write": {"device_start": 1585622601.7004635, "host_queued_start": 1585622668.083016, "device_queued": 1585622601.6976712, "device_end": 1585622601.7004895, "host_queued_end": 1585622668.117008}, "device": "gpu", "nd_range": {"device_start": 1585622601.7004948, "device_end": 1585622601.7018015}, "cmdq": 2, "read": {"device_start": -1, "device_end": -1}}, "softmax14": {"write": {"device_start": -1, "host_queued_start": 1585622668.103187, "device_queued": -1, "device_end": -1, "host_queued_end": 1585622668.117008}, "device": "gpu", "nd_range": {"device_start": 1585622601.7110765, "device_end": 1585622601.7121964}, "cmdq": 0, "read": {"device_start": -1, "device_end": -1}}, "FFC_sans_bias13": {"write": {"device_start": -1, "host_queued_start": 1585622668.100693, "device_queued": -1, "device_end": -1, "host_queued_end": 1585622668.117008}, "device": "gpu", "nd_range": {"device_start": 1585622601.7089689, "device_end": 1585622601.7101026}, "cmdq": 1, "read": {"device_start": -1, "device_end": -1}}, "empty8": {"write": {"device_start": -1, "host_queued_start": 1585622668.118682, "device_queued": -1, "device_end": -1, "host_queued_end": 1585622668.125516}, "device": "cpu", "nd_range": {"device_start": 2290442.315169364, "device_end": 2290442.315180453}, "cmdq": 0, "read": {"device_start": -1, "device_end": -1}}, "FFC_sans_bias42": {"write": {"device_start": -1, "host_queued_start": 1585622668.106238, "device_queued": -1, "device_end": -1, "host_queued_end": 1585622668.117008}, "device": "gpu", "nd_range": {"device_start": 1585622601.7135751, "device_end": 1585622601.7149587}, "cmdq": 2, "read": {"device_start": -1, "device_end": -1}}, "FFC_sans_bias43": {"write": {"device_start": 1585622601.7181952, "host_queued_start": 1585622668.111723, "device_queued": 1585622601.7014182, "device_end": 1585622601.7182198, "host_queued_end": 1585622668.117008}, "device": "gpu", "nd_range": {"device_start": 1585622601.7182343, "device_end": 1585622601.7193222}, "cmdq": 1, "read": {"device_start": 1585622601.719329, "device_end": 1585622601.719354}}, "FFC_sans_bias40": {"write": {"device_start": -1, "host_queued_start": 1585622668.101642, "device_queued": -1, "device_end": -1, "host_queued_end": 1585622668.117008}, "device": "gpu", "nd_range": {"device_start": 1585622601.710114, "device_end": 1585622601.711536}, "cmdq": 1, "read": {"device_start": -1, "device_end": -1}}, "softmax32": {"write": {"device_start": -1, "host_queued_start": 1585622668.103689, "device_queued": -1, "device_end": -1, "host_queued_end": 1585622668.117008}, "device": "gpu", "nd_range": {"device_start": 1585622601.712023, "device_end": 1585622601.7127335}, "cmdq": 2, "read": {"device_start": -1, "device_end": -1}}, "FFC_sans_bias47": {"write": {"device_start": 1585622601.7028868, "host_queued_start": 1585622668.088438, "device_queued": 1585622601.6982603, "device_end": 1585622601.7029197, "host_queued_end": 1585622668.117008}, "device": "gpu", "nd_range": {"device_start": 1585622601.702925, "device_end": 1585622601.7042134}, "cmdq": 1, "read": {"device_start": -1, "device_end": -1}}, "FFC_sans_bias78": {"write": {"device_start": -1, "host_queued_start": 1585622668.107537, "device_queued": -1, "device_end": -1, "host_queued_end": 1585622668.117008}, "device": "gpu", "nd_range": {"device_start": 1585622601.7155123, "device_end": 1585622601.7169213}, "cmdq": 0, "read": {"device_start": -1, "device_end": -1}}, "FFC_sans_bias45": {"write": {"device_start": 1585622601.701912, "host_queued_start": 1585622668.086225, "device_queued": 1585622601.697907, "device_end": 1585622601.7019393, "host_queued_end": 1585622668.117008}, "device": "gpu", "nd_range": {"device_start": 1585622601.7019446, "device_end": 1585622601.703227}, "cmdq": 2, "read": {"device_start": -1, "device_end": -1}}, "softmax50": {"write": {"device_start": -1, "host_queued_start": 1585622668.104198, "device_queued": -1, "device_end": -1, "host_queued_end": 1585622668.117008}, "device": "gpu", "nd_range": {"device_start": 1585622601.7127156, "device_end": 1585622601.7129173}, "cmdq": 1, "read": {"device_start": -1, "device_end": -1}}, "FFC_sans_bias33": {"write": {"device_start": -1, "host_queued_start": 1585622668.105923, "device_queued": -1, "device_end": -1, "host_queued_end": 1585622668.117008}, "device": "gpu", "nd_range": {"device_start": 1585622601.7132928, "device_end": 1585622601.714542}, "cmdq": 1, "read": {"device_start": -1, "device_end": -1}}, "FFC_sans_bias63": {"write": {"device_start": 1585622601.7057204, "host_queued_start": 1585622668.094751, "device_queued": 1585622601.698958, "device_end": 1585622601.7057464, "host_queued_end": 1585622668.117008}, "device": "gpu", "nd_range": {"device_start": 1585622601.7057526, "device_end": 1585622601.7071059}, "cmdq": 1, "read": {"device_start": -1, "device_end": -1}}, "FFC_sans_bias49": {"write": {"device_start": -1, "host_queued_start": 1585622668.101957, "device_queued": -1, "device_end": -1, "host_queued_end": 1585622668.117008}, "device": "gpu", "nd_range": {"device_start": 1585622601.709151, "device_end": 1585622601.7105486}, "cmdq": 2, "read": {"device_start": -1, "device_end": -1}}, "FFC_sans_bias64": {"write": {"device_start": 1585622601.7049017, "host_queued_start": 1585622668.092641, "device_queued": 1585622601.698537, "device_end": 1585622601.704927, "host_queued_end": 1585622668.117008}, "device": "gpu", "nd_range": {"device_start": 1585622601.7049334, "device_end": 1585622601.706152}, "cmdq": 2, "read": {"device_start": -1, "device_end": -1}}, "FFC_sans_bias65": {"write": {"device_start": 1585622601.7052693, "host_queued_start": 1585622668.093695, "device_queued": 1585622601.6987576, "device_end": 1585622601.7052944, "host_queued_end": 1585622668.117008}, "device": "gpu", "nd_range": {"device_start": 1585622601.7053008, "device_end": 1585622601.706619}, "cmdq": 0, "read": {"device_start": -1, "device_end": -1}}, "FFC_sans_bias72": {"write": {"device_start": 1585622601.7062416, "host_queued_start": 1585622668.095803, "device_queued": 1585622601.6989856, "device_end": 1585622601.706268, "host_queued_end": 1585622668.117008}, "device": "gpu", "nd_range": {"device_start": 1585622601.7062738, "device_end": 1585622601.7075808}, "cmdq": 2, "read": {"device_start": -1, "device_end": -1}}, "FFC_sans_bias67": {"write": {"device_start": -1, "host_queued_start": 1585622668.102618, "device_queued": -1, "device_end": -1, "host_queued_end": 1585622668.117008}, "device": "gpu", "nd_range": {"device_start": 1585622601.711547, "device_end": 1585622601.7124894}, "cmdq": 1, "read": {"device_start": -1, "device_end": -1}}, "FFC_sans_bias24": {"write": {"device_start": -1, "host_queued_start": 1585622668.105603, "device_queued": -1, "device_end": -1, "host_queued_end": 1585622668.117008}, "device": "gpu", "nd_range": {"device_start": 1585622601.712976, "device_end": 1585622601.7139642}, "cmdq": 0, "read": {"device_start": -1, "device_end": -1}}, "FFC_sans_bias25": {"write": {"device_start": 1585622601.7165496, "host_queued_start": 1585622668.109613, "device_queued": 1585622601.7010837, "device_end": 1585622601.7165759, "host_queued_end": 1585622668.117008}, "device": "gpu", "nd_range": {"device_start": 1585622601.7165906, "device_end": 1585622601.7179108}, "cmdq": 2, "read": {"device_start": 1585622601.7179132, "device_end": 1585622601.7179382}}, "FFC_sans_bias27": {"write": {"device_start": 1585622601.6989717, "host_queued_start": 1585622668.079861, "device_queued": 1585622601.6972837, "device_end": 1585622601.6990032, "host_queued_end": 1585622668.117008}, "device": "gpu", "nd_range": {"device_start": 1585622601.6990137, "device_end": 1585622601.7003345}, "cmdq": 2, "read": {"device_start": -1, "device_end": -1}}, "FFC_sans_bias20": {"write": {"device_start": 1585622601.6985652, "host_queued_start": 1585622668.078817, "device_queued": 1585622601.6972518, "device_end": 1585622601.6985958, "host_queued_end": 1585622668.117008}, "device": "gpu", "nd_range": {"device_start": 1585622601.6986005, "device_end": 1585622601.6998436}, "cmdq": 1, "read": {"device_start": -1, "device_end": -1}}, "FFC_sans_bias22": {"write": {"device_start": -1, "host_queued_start": 1585622668.101007, "device_queued": -1, "device_end": -1, "host_queued_end": 1585622668.117008}, "device": "gpu", "nd_range": {"device_start": 1585622601.7085338, "device_end": 1585622601.7091386}, "cmdq": 2, "read": {"device_start": -1, "device_end": -1}}, "softmax68": {"write": {"device_start": -1, "host_queued_start": 1585622668.104707, "device_queued": -1, "device_end": -1, "host_queued_end": 1585622668.117008}, "device": "gpu", "nd_range": {"device_start": 1585622601.7127602, "device_end": 1585622601.7129643}, "cmdq": 0, "read": {"device_start": -1, "device_end": -1}}, "softmax5": {"write": {"device_start": -1, "host_queued_start": 1585622668.123936, "device_queued": -1, "device_end": -1, "host_queued_end": 1585622668.125516}, "device": "cpu", "nd_range": {"device_start": 2290442.3316965303, "device_end": 2290442.3318065694}, "cmdq": 1, "read": {"device_start": -1, "device_end": -1}}, "FFC_sans_bias28": {"write": {"device_start": 1585622601.699512, "host_queued_start": 1585622668.080904, "device_queued": 1585622601.697438, "device_end": 1585622601.6995375, "host_queued_end": 1585622668.117008}, "device": "gpu", "nd_range": {"device_start": 1585622601.699542, "device_end": 1585622601.70083}, "cmdq": 0, "read": {"device_start": -1, "device_end": -1}}, "FFC_sans_bias29": {"write": {"device_start": 1585622601.6999516, "host_queued_start": 1585622668.081954, "device_queued": 1585622601.6976426, "device_end": 1585622601.6999784, "host_queued_end": 1585622668.117008}, "device": "gpu", "nd_range": {"device_start": 1585622601.699982, "device_end": 1585622601.7013028}, "cmdq": 1, "read": {"device_start": -1, "device_end": -1}}, "empty17": {"write": {"device_start": 1585622601.695838, "host_queued_start": 1585622668.066468, "device_queued": 1585622601.695697, "device_end": 1585622601.6958666, "host_queued_end": 1585622668.117008}, "device": "gpu", "nd_range": {"device_start": 1585622601.6958766, "device_end": 1585622601.6958818}, "cmdq": 0, "read": {"device_start": -1, "device_end": -1}}, "softmax59": {"write": {"device_start": -1, "host_queued_start": 1585622668.104446, "device_queued": -1, "device_end": -1, "host_queued_end": 1585622668.117008}, "device": "gpu", "nd_range": {"device_start": 1585622601.7127457, "device_end": 1585622601.7129471}, "cmdq": 2, "read": {"device_start": -1, "device_end": -1}}, "empty71": {"write": {"device_start": 1585622601.6965344, "host_queued_start": 1585622668.071732, "device_queued": 1585622601.6963341, "device_end": 1585622601.6965985, "host_queued_end": 1585622668.117008}, "device": "gpu", "nd_range": {"device_start": 1585622601.6966016, "device_end": 1585622601.6966057}, "cmdq": 0, "read": {"device_start": -1, "device_end": -1}}, "empty35": {"write": {"device_start": 1585622601.6960278, "host_queued_start": 1585622668.068383, "device_queued": 1585622601.695881, "device_end": 1585622601.6960979, "host_queued_end": 1585622668.117008}, "device": "gpu", "nd_range": {"device_start": 1585622601.6961017, "device_end": 1585622601.6961076}, "cmdq": 2, "read": {"device_start": -1, "device_end": -1}}, "empty53": {"write": {"device_start": 1585622601.696339, "host_queued_start": 1585622668.070049, "device_queued": 1585622601.696246, "device_end": 1585622601.696392, "host_queued_end": 1585622668.117008}, "device": "gpu", "nd_range": {"device_start": 1585622601.6963968, "device_end": 1585622601.6964095}, "cmdq": 1, "read": {"device_start": -1, "device_end": -1}}, "FFC_sans_bias46": {"write": {"device_start": 1585622601.7023606, "host_queued_start": 1585622668.087379, "device_queued": 1585622601.698115, "device_end": 1585622601.7023864, "host_queued_end": 1585622668.117008}, "device": "gpu", "nd_range": {"device_start": 1585622601.702392, "device_end": 1585622601.703749}, "cmdq": 0, "read": {"device_start": -1, "device_end": -1}}, "coalesced_transpose66": {"write": {"device_start": -1, "host_queued_start": 1585622668.10007, "device_queued": -1, "device_end": -1, "host_queued_end": 1585622668.117008}, "device": "gpu", "nd_range": {"device_start": 1585622601.7084327, "device_end": 1585622601.708456}, "cmdq": 2, "read": {"device_start": -1, "device_end": -1}}, "coalesced_transpose48": {"write": {"device_start": -1, "host_queued_start": 1585622668.09947, "device_queued": -1, "device_end": -1, "host_queued_end": 1585622668.117008}, "device": "gpu", "nd_range": {"device_start": 1585622601.7084236, "device_end": 1585622601.708442}, "cmdq": 0, "read": {"device_start": -1, "device_end": -1}}}