{"FFC_sans_bias60": {"write": {"device_start": -1, "host_queued_start": 1585622956.784333, "device_queued": -1, "device_end": -1, "host_queued_end": 1585622956.791418}, "device": "gpu", "nd_range": {"device_start": 1585622890.3756855, "device_end": 1585622890.376293}, "cmdq": 0, "read": {"device_start": -1, "device_end": -1}}, "FFC_sans_bias4": {"write": {"device_start": -1, "host_queued_start": 1585622956.807398, "device_queued": -1, "device_end": -1, "host_queued_end": 1585622956.814778}, "device": "cpu", "nd_range": {"device_start": 2290731.0412345664, "device_end": 2290731.055212649}, "cmdq": 0, "read": {"device_start": -1, "device_end": -1}}, "FFC_sans_bias7": {"write": {"device_start": -1, "host_queued_start": 1585622956.812747, "device_queued": -1, "device_end": -1, "host_queued_end": 1585622956.814778}, "device": "cpu", "nd_range": {"device_start": 2290731.074745107, "device_end": 2290731.092084511}, "cmdq": 4, "read": {"device_start": -1, "device_end": -1}}, "FFC_sans_bias6": {"write": {"device_start": -1, "host_queued_start": 1585622956.810921, "device_queued": -1, "device_end": -1, "host_queued_end": 1585622956.814778}, "device": "cpu", "nd_range": {"device_start": 2290731.0576543664, "device_end": 2290731.0747253792}, "cmdq": 1, "read": {"device_start": -1, "device_end": -1}}, "FFC_sans_bias1": {"write": {"device_start": -1, "host_queued_start": 1585622956.798078, "device_queued": -1, "device_end": -1, "host_queued_end": 1585622956.814778}, "device": "cpu", "nd_range": {"device_start": 2290731.0045175743, "device_end": 2290731.019707873}, "cmdq": 4, "read": {"device_start": -1, "device_end": -1}}, "FFC_sans_bias0": {"write": {"device_start": -1, "host_queued_start": 1585622956.796788, "device_queued": -1, "device_end": -1, "host_queued_end": 1585622956.814778}, "device": "cpu", "nd_range": {"device_start": 2290731.0212714393, "device_end": 2290731.036658827}, "cmdq": 3, "read": {"device_start": -1, "device_end": -1}}, "FFC_sans_bias2": {"write": {"device_start": -1, "host_queued_start": 1585622956.799335, "device_queued": -1, "device_end": -1, "host_queued_end": 1585622956.814778}, "device": "cpu", "nd_range": {"device_start": 2290731.004390511, "device_end": 2290731.019622973}, "cmdq": 0, "read": {"device_start": -1, "device_end": -1}}, "FFC_sans_bias61": {"write": {"device_start": 1585622890.3783598, "host_queued_start": 1585622956.789206, "device_queued": 1585622890.3667943, "device_end": 1585622890.3783925, "host_queued_end": 1585622956.791418}, "device": "gpu", "nd_range": {"device_start": 1585622890.378403, "device_end": 1585622890.38063}, "cmdq": 1, "read": {"device_start": 1585622890.3806353, "device_end": 1585622890.3806584}}, "FFC_sans_bias52": {"write": {"device_start": 1585622890.378021, "host_queued_start": 1585622956.788159, "device_queued": 1585622890.3666055, "device_end": 1585622890.3780577, "host_queued_end": 1585622956.791418}, "device": "gpu", "nd_range": {"device_start": 1585622890.3780768, "device_end": 1585622890.3801217}, "cmdq": 0, "read": {"device_start": 1585622890.3801272, "device_end": 1585622890.3801522}}, "FFC_sans_bias9": {"write": {"device_start": -1, "host_queued_start": 1585622956.80045, "device_queued": -1, "device_end": -1, "host_queued_end": 1585622956.814778}, "device": "cpu", "nd_range": {"device_start": 2290731.00438883, "device_end": 2290731.01966043}, "cmdq": 1, "read": {"device_start": -1, "device_end": -1}}, "coalesced_transpose39": {"write": {"device_start": -1, "host_queued_start": 1585622956.778461, "device_queued": -1, "device_end": -1, "host_queued_end": 1585622956.791418}, "device": "gpu", "nd_range": {"device_start": 1585622890.3707163, "device_end": 1585622890.3720393}, "cmdq": 0, "read": {"device_start": -1, "device_end": -1}}, "FFC_sans_bias55": {"write": {"device_start": 1585622890.366982, "host_queued_start": 1585622956.771324, "device_queued": 1585622890.3641117, "device_end": 1585622890.3670137, "host_queued_end": 1585622956.791418}, "device": "gpu", "nd_range": {"device_start": 1585622890.3670294, "device_end": 1585622890.3692906}, "cmdq": 2, "read": {"device_start": -1, "device_end": -1}}, "FFC_sans_bias54": {"write": {"device_start": 1585622890.3664331, "host_queued_start": 1585622956.770267, "device_queued": 1585622890.3640933, "device_end": 1585622890.3664644, "host_queued_end": 1585622956.791418}, "device": "gpu", "nd_range": {"device_start": 1585622890.3664722, "device_end": 1585622890.3687563}, "cmdq": 1, "read": {"device_start": -1, "device_end": -1}}, "FFC_sans_bias79": {"write": {"device_start": 1585622890.3793817, "host_queued_start": 1585622956.791311, "device_queued": 1585622890.367108, "device_end": 1585622890.379413, "host_queued_end": 1585622956.791418}, "device": "gpu", "nd_range": {"device_start": 1585622890.379422, "device_end": 1585622890.3815835}, "cmdq": 3, "read": {"device_start": 1585622890.3815863, "device_end": 1585622890.3816087}}, "FFC_sans_bias56": {"write": {"device_start": 1585622890.3660107, "host_queued_start": 1585622956.769234, "device_queued": 1585622890.3640313, "device_end": 1585622890.3660414, "host_queued_end": 1585622956.791418}, "device": "gpu", "nd_range": {"device_start": 1585622890.36605, "device_end": 1585622890.3683078}, "cmdq": 0, "read": {"device_start": -1, "device_end": -1}}, "FFC_sans_bias51": {"write": {"device_start": -1, "host_queued_start": 1585622956.784011, "device_queued": -1, "device_end": -1, "host_queued_end": 1585622956.791418}, "device": "gpu", "nd_range": {"device_start": 1585622890.3757267, "device_end": 1585622890.3777053}, "cmdq": 4, "read": {"device_start": -1, "device_end": -1}}, "softmax23": {"write": {"device_start": -1, "host_queued_start": 1585622956.810509, "device_queued": -1, "device_end": -1, "host_queued_end": 1585622956.814778}, "device": "cpu", "nd_range": {"device_start": 2290731.055860571, "device_end": 2290731.056079225}, "cmdq": 0, "read": {"device_start": -1, "device_end": -1}}, "FFC_sans_bias37": {"write": {"device_start": 1585622890.3636897, "host_queued_start": 1585622956.763992, "device_queued": 1585622890.3634732, "device_end": 1585622890.3637161, "host_queued_end": 1585622956.791418}, "device": "gpu", "nd_range": {"device_start": 1585622890.3637245, "device_end": 1585622890.3659034}, "cmdq": 0, "read": {"device_start": -1, "device_end": -1}}, "FFC_sans_bias73": {"write": {"device_start": 1585622890.3694007, "host_queued_start": 1585622956.776761, "device_queued": 1585622890.3647814, "device_end": 1585622890.369426, "host_queued_end": 1585622956.791418}, "device": "gpu", "nd_range": {"device_start": 1585622890.369429, "device_end": 1585622890.371692}, "cmdq": 2, "read": {"device_start": -1, "device_end": -1}}, "empty62": {"write": {"device_start": 1585622890.3629484, "host_queued_start": 1585622956.75708, "device_queued": 1585622890.36264, "device_end": 1585622890.3630233, "host_queued_end": 1585622956.791418}, "device": "gpu", "nd_range": {"device_start": 1585622890.3630285, "device_end": 1585622890.363034}, "cmdq": 3, "read": {"device_start": -1, "device_end": -1}}, "FFC_sans_bias70": {"write": {"device_start": 1585622890.378823, "host_queued_start": 1585622956.79026, "device_queued": 1585622890.366825, "device_end": 1585622890.3788586, "host_queued_end": 1585622956.791418}, "device": "gpu", "nd_range": {"device_start": 1585622890.3788764, "device_end": 1585622890.3810918}, "cmdq": 2, "read": {"device_start": 1585622890.3811007, "device_end": 1585622890.3811355}}, "FFC_sans_bias58": {"write": {"device_start": -1, "host_queued_start": 1585622956.78094, "device_queued": -1, "device_end": -1, "host_queued_end": 1585622956.791418}, "device": "gpu", "nd_range": {"device_start": 1585622890.3725128, "device_end": 1585622890.3740933}, "cmdq": 3, "read": {"device_start": -1, "device_end": -1}}, "softmax41": {"write": {"device_start": -1, "host_queued_start": 1585622956.782073, "device_queued": -1, "device_end": -1, "host_queued_end": 1585622956.791418}, "device": "gpu", "nd_range": {"device_start": 1585622890.3746355, "device_end": 1585622890.3757}, "cmdq": 2, "read": {"device_start": -1, "device_end": -1}}, "FFC_sans_bias74": {"write": {"device_start": 1585622890.3698468, "host_queued_start": 1585622956.77781, "device_queued": 1585622890.364796, "device_end": 1585622890.3698716, "host_queued_end": 1585622956.791418}, "device": "gpu", "nd_range": {"device_start": 1585622890.3698802, "device_end": 1585622890.3721337}, "cmdq": 3, "read": {"device_start": -1, "device_end": -1}}, "FFC_sans_bias11": {"write": {"device_start": -1, "host_queued_start": 1585622956.802644, "device_queued": -1, "device_end": -1, "host_queued_end": 1585622956.814778}, "device": "cpu", "nd_range": {"device_start": 2290731.0372109963, "device_end": 2290731.044827388}, "cmdq": 3, "read": {"device_start": -1, "device_end": -1}}, "FFC_sans_bias10": {"write": {"device_start": -1, "host_queued_start": 1585622956.801529, "device_queued": -1, "device_end": -1, "host_queued_end": 1585622956.814778}, "device": "cpu", "nd_range": {"device_start": 2290731.004413049, "device_end": 2290731.020802794}, "cmdq": 2, "read": {"device_start": -1, "device_end": -1}}, "coalesced_transpose3": {"write": {"device_start": -1, "host_queued_start": 1585622956.806203, "device_queued": -1, "device_end": -1, "host_queued_end": 1585622956.814778}, "device": "cpu", "nd_range": {"device_start": 2290731.020919398, "device_end": 2290731.0211598673}, "cmdq": 2, "read": {"device_start": -1, "device_end": -1}}, "FFC_sans_bias34": {"write": {"device_start": 1585622890.3774066, "host_queued_start": 1585622956.786011, "device_queued": 1585622890.3663144, "device_end": 1585622890.377432, "host_queued_end": 1585622956.791418}, "device": "gpu", "nd_range": {"device_start": 1585622890.3777325, "device_end": 1585622890.3791573}, "cmdq": 3, "read": {"device_start": 1585622890.379159, "device_end": 1585622890.3791833}}, "FFC_sans_bias15": {"write": {"device_start": -1, "host_queued_start": 1585622956.811314, "device_queued": -1, "device_end": -1, "host_queued_end": 1585622956.814778}, "device": "cpu", "nd_range": {"device_start": 2290731.061313473, "device_end": 2290731.0747248023}, "cmdq": 2, "read": {"device_start": -1, "device_end": -1}}, "FFC_sans_bias31": {"write": {"device_start": -1, "host_queued_start": 1585622956.779989, "device_queued": -1, "device_end": -1, "host_queued_end": 1585622956.791418}, "device": "gpu", "nd_range": {"device_start": 1585622890.3720515, "device_end": 1585622890.3726563}, "cmdq": 0, "read": {"device_start": -1, "device_end": -1}}, "FFC_sans_bias16": {"write": {"device_start": -1, "host_queued_start": 1585622956.813738, "device_queued": -1, "device_end": -1, "host_queued_end": 1585622956.814778}, "device": "cpu", "nd_range": {"device_start": 2290731.0747691463, "device_end": 2290731.0831864113}, "cmdq": 0, "read": {"device_start": -1, "device_end": -1}}, "FFC_sans_bias19": {"write": {"device_start": -1, "host_queued_start": 1585622956.804765, "device_queued": -1, "device_end": -1, "host_queued_end": 1585622956.814778}, "device": "cpu", "nd_range": {"device_start": 2290731.023007989, "device_end": 2290731.041054287}, "cmdq": 0, "read": {"device_start": -1, "device_end": -1}}, "FFC_sans_bias18": {"write": {"device_start": -1, "host_queued_start": 1585622956.803705, "device_queued": -1, "device_end": -1, "host_queued_end": 1585622956.814778}, "device": "cpu", "nd_range": {"device_start": 2290731.0199883534, "device_end": 2290731.035181057}, "cmdq": 4, "read": {"device_start": -1, "device_end": -1}}, "coalesced_transpose30": {"write": {"device_start": -1, "host_queued_start": 1585622956.778158, "device_queued": -1, "device_end": -1, "host_queued_end": 1585622956.791418}, "device": "gpu", "nd_range": {"device_start": 1585622890.370205, "device_end": 1585622890.3720245}, "cmdq": 4, "read": {"device_start": -1, "device_end": -1}}, "empty80": {"write": {"device_start": 1585622890.3631735, "host_queued_start": 1585622956.75881, "device_queued": 1585622890.3629136, "device_end": 1585622890.3632913, "host_queued_end": 1585622956.791418}, "device": "gpu", "nd_range": {"device_start": 1585622890.3632996, "device_end": 1585622890.363312}, "cmdq": 0, "read": {"device_start": -1, "device_end": -1}}, "FFC_sans_bias69": {"write": {"device_start": -1, "host_queued_start": 1585622956.784653, "device_queued": -1, "device_end": -1, "host_queued_end": 1585622956.791418}, "device": "gpu", "nd_range": {"device_start": 1585622890.3764722, "device_end": 1585622890.3782191}, "cmdq": 1, "read": {"device_start": -1, "device_end": -1}}, "FFC_sans_bias38": {"write": {"device_start": 1585622890.3641284, "host_queued_start": 1585622956.76504, "device_queued": 1585622890.3636541, "device_end": 1585622890.3641524, "host_queued_end": 1585622956.791418}, "device": "gpu", "nd_range": {"device_start": 1585622890.364162, "device_end": 1585622890.3663323}, "cmdq": 1, "read": {"device_start": -1, "device_end": -1}}, "coalesced_transpose57": {"write": {"device_start": -1, "host_queued_start": 1585622956.779075, "device_queued": -1, "device_end": -1, "host_queued_end": 1585622956.791418}, "device": "gpu", "nd_range": {"device_start": 1585622890.3716931, "device_end": 1585622890.3720598}, "cmdq": 2, "read": {"device_start": -1, "device_end": -1}}, "FFC_sans_bias76": {"write": {"device_start": -1, "host_queued_start": 1585622956.781568, "device_queued": -1, "device_end": -1, "host_queued_end": 1585622956.791418}, "device": "gpu", "nd_range": {"device_start": 1585622890.3726652, "device_end": 1585622890.3750765}, "cmdq": 0, "read": {"device_start": -1, "device_end": -1}}, "coalesced_transpose75": {"write": {"device_start": -1, "host_queued_start": 1585622956.779676, "device_queued": -1, "device_end": -1, "host_queued_end": 1585622956.791418}, "device": "gpu", "nd_range": {"device_start": 1585622890.3720362, "device_end": 1585622890.3720644}, "cmdq": 4, "read": {"device_start": -1, "device_end": -1}}, "empty26": {"write": {"device_start": -1, "host_queued_start": 1585622956.795412, "device_queued": -1, "device_end": -1, "host_queued_end": 1585622956.814778}, "device": "cpu", "nd_range": {"device_start": 2290731.004391681, "device_end": 2290731.0043960423}, "cmdq": 2, "read": {"device_start": -1, "device_end": -1}}, "softmax77": {"write": {"device_start": -1, "host_queued_start": 1585622956.783069, "device_queued": -1, "device_end": -1, "host_queued_end": 1585622956.791418}, "device": "gpu", "nd_range": {"device_start": 1585622890.375697, "device_end": 1585622890.3764625}, "cmdq": 1, "read": {"device_start": -1, "device_end": -1}}, "coalesced_transpose12": {"write": {"device_start": -1, "host_queued_start": 1585622956.806535, "device_queued": -1, "device_end": -1, "host_queued_end": 1585622956.814778}, "device": "cpu", "nd_range": {"device_start": 2290731.044943169, "device_end": 2290731.0451934664}, "cmdq": 3, "read": {"device_start": -1, "device_end": -1}}, "empty44": {"write": {"device_start": 1585622890.3627295, "host_queued_start": 1585622956.755387, "device_queued": 1585622890.3625958, "device_end": 1585622890.3627918, "host_queued_end": 1585622956.791418}, "device": "gpu", "nd_range": {"device_start": 1585622890.3628345, "device_end": 1585622890.3628478}, "cmdq": 1, "read": {"device_start": -1, "device_end": -1}}, "coalesced_transpose21": {"write": {"device_start": -1, "host_queued_start": 1585622956.80695, "device_queued": -1, "device_end": -1, "host_queued_end": 1585622956.814778}, "device": "cpu", "nd_range": {"device_start": 2290731.0419966723, "device_end": 2290731.042236077}, "cmdq": 4, "read": {"device_start": -1, "device_end": -1}}, "FFC_sans_bias36": {"write": {"device_start": 1585622890.3636026, "host_queued_start": 1585622956.762957, "device_queued": 1585622890.3631833, "device_end": 1585622890.3636413, "host_queued_end": 1585622956.791418}, "device": "gpu", "nd_range": {"device_start": 1585622890.3636472, "device_end": 1585622890.3653495}, "cmdq": 4, "read": {"device_start": -1, "device_end": -1}}, "softmax14": {"write": {"device_start": -1, "host_queued_start": 1585622956.810209, "device_queued": -1, "device_end": -1, "host_queued_end": 1585622956.814778}, "device": "cpu", "nd_range": {"device_start": 2290731.0585985673, "device_end": 2290731.058805272}, "cmdq": 4, "read": {"device_start": -1, "device_end": -1}}, "FFC_sans_bias13": {"write": {"device_start": -1, "host_queued_start": 1585622956.809157, "device_queued": -1, "device_end": -1, "host_queued_end": 1585622956.814778}, "device": "cpu", "nd_range": {"device_start": 2290731.045358729, "device_end": 2290731.0575324353}, "cmdq": 1, "read": {"device_start": -1, "device_end": -1}}, "empty8": {"write": {"device_start": -1, "host_queued_start": 1585622956.793145, "device_queued": -1, "device_end": -1, "host_queued_end": 1585622956.814778}, "device": "cpu", "nd_range": {"device_start": 2290731.004360545, "device_end": 2290731.0043700254}, "cmdq": 0, "read": {"device_start": -1, "device_end": -1}}, "FFC_sans_bias42": {"write": {"device_start": -1, "host_queued_start": 1585622956.783697, "device_queued": -1, "device_end": -1, "host_queued_end": 1585622956.791418}, "device": "gpu", "nd_range": {"device_start": 1585622890.375717, "device_end": 1585622890.3772583}, "cmdq": 3, "read": {"device_start": -1, "device_end": -1}}, "FFC_sans_bias43": {"write": {"device_start": 1585622890.3778431, "host_queued_start": 1585622956.787111, "device_queued": 1585622890.366281, "device_end": 1585622890.3778734, "host_queued_end": 1585622956.791418}, "device": "gpu", "nd_range": {"device_start": 1585622890.3778934, "device_end": 1585622890.379665}, "cmdq": 4, "read": {"device_start": 1585622890.379672, "device_end": 1585622890.379697}}, "FFC_sans_bias40": {"write": {"device_start": -1, "host_queued_start": 1585622956.780307, "device_queued": -1, "device_end": -1, "host_queued_end": 1585622956.791418}, "device": "gpu", "nd_range": {"device_start": 1585622890.3721504, "device_end": 1585622890.3731189}, "cmdq": 1, "read": {"device_start": -1, "device_end": -1}}, "softmax32": {"write": {"device_start": -1, "host_queued_start": 1585622956.781822, "device_queued": -1, "device_end": -1, "host_queued_end": 1585622956.791418}, "device": "gpu", "nd_range": {"device_start": 1585622890.3731277, "device_end": 1585622890.3756883}, "cmdq": 1, "read": {"device_start": -1, "device_end": -1}}, "FFC_sans_bias47": {"write": {"device_start": 1585622890.3654974, "host_queued_start": 1585622956.7682, "device_queued": 1585622890.363716, "device_end": 1585622890.3655272, "host_queued_end": 1585622956.791418}, "device": "gpu", "nd_range": {"device_start": 1585622890.365535, "device_end": 1585622890.3678071}, "cmdq": 4, "read": {"device_start": -1, "device_end": -1}}, "FFC_sans_bias78": {"write": {"device_start": -1, "host_queued_start": 1585622956.784969, "device_queued": -1, "device_end": -1, "host_queued_end": 1585622956.791418}, "device": "gpu", "nd_range": {"device_start": 1585622890.3777244, "device_end": 1585622890.3786838}, "cmdq": 2, "read": {"device_start": -1, "device_end": -1}}, "FFC_sans_bias45": {"write": {"device_start": 1585622890.3644855, "host_queued_start": 1585622956.766078, "device_queued": 1585622890.3636808, "device_end": 1585622890.3645148, "host_queued_end": 1585622956.791418}, "device": "gpu", "nd_range": {"device_start": 1585622890.3645313, "device_end": 1585622890.3668432}, "cmdq": 2, "read": {"device_start": -1, "device_end": -1}}, "softmax50": {"write": {"device_start": -1, "host_queued_start": 1585622956.782319, "device_queued": -1, "device_end": -1, "host_queued_end": 1585622956.791418}, "device": "gpu", "nd_range": {"device_start": 1585622890.3746436, "device_end": 1585622890.3756738}, "cmdq": 3, "read": {"device_start": -1, "device_end": -1}}, "FFC_sans_bias33": {"write": {"device_start": -1, "host_queued_start": 1585622956.783382, "device_queued": -1, "device_end": -1, "host_queued_end": 1585622956.791418}, "device": "gpu", "nd_range": {"device_start": 1585622890.3757083, "device_end": 1585622890.3766944}, "cmdq": 2, "read": {"device_start": -1, "device_end": -1}}, "FFC_sans_bias63": {"write": {"device_start": 1585622890.3683963, "host_queued_start": 1585622956.774657, "device_queued": 1585622890.364592, "device_end": 1585622890.3684225, "host_queued_end": 1585622956.791418}, "device": "gpu", "nd_range": {"device_start": 1585622890.368427, "device_end": 1585622890.3707151}, "cmdq": 0, "read": {"device_start": -1, "device_end": -1}}, "FFC_sans_bias49": {"write": {"device_start": -1, "host_queued_start": 1585622956.780623, "device_queued": -1, "device_end": -1, "host_queued_end": 1585622956.791418}, "device": "gpu", "nd_range": {"device_start": 1585622890.3721619, "device_end": 1585622890.373649}, "cmdq": 2, "read": {"device_start": -1, "device_end": -1}}, "FFC_sans_bias64": {"write": {"device_start": 1585622890.3674567, "host_queued_start": 1585622956.772367, "device_queued": 1585622890.364289, "device_end": 1585622890.3674824, "host_queued_end": 1585622956.791418}, "device": "gpu", "nd_range": {"device_start": 1585622890.3674881, "device_end": 1585622890.3697345}, "cmdq": 3, "read": {"device_start": -1, "device_end": -1}}, "FFC_sans_bias65": {"write": {"device_start": 1585622890.3679116, "host_queued_start": 1585622956.773441, "device_queued": 1585622890.3643167, "device_end": 1585622890.3679378, "host_queued_end": 1585622956.791418}, "device": "gpu", "nd_range": {"device_start": 1585622890.3679466, "device_end": 1585622890.3702037}, "cmdq": 4, "read": {"device_start": -1, "device_end": -1}}, "FFC_sans_bias72": {"write": {"device_start": 1585622890.3688612, "host_queued_start": 1585622956.775712, "device_queued": 1585622890.364751, "device_end": 1585622890.3688874, "host_queued_end": 1585622956.791418}, "device": "gpu", "nd_range": {"device_start": 1585622890.3689027, "device_end": 1585622890.371177}, "cmdq": 1, "read": {"device_start": -1, "device_end": -1}}, "FFC_sans_bias67": {"write": {"device_start": -1, "host_queued_start": 1585622956.781256, "device_queued": -1, "device_end": -1, "host_queued_end": 1585622956.791418}, "device": "gpu", "nd_range": {"device_start": 1585622890.3725216, "device_end": 1585622890.3746147}, "cmdq": 4, "read": {"device_start": -1, "device_end": -1}}, "FFC_sans_bias24": {"write": {"device_start": -1, "host_queued_start": 1585622956.811656, "device_queued": -1, "device_end": -1, "host_queued_end": 1585622956.814778}, "device": "cpu", "nd_range": {"device_start": 2290731.056558159, "device_end": 2290731.065181117}, "cmdq": 3, "read": {"device_start": -1, "device_end": -1}}, "FFC_sans_bias25": {"write": {"device_start": -1, "host_queued_start": 1585622956.814732, "device_queued": -1, "device_end": -1, "host_queued_end": 1585622956.814778}, "device": "cpu", "nd_range": {"device_start": 2290731.074744422, "device_end": 2290731.08736496}, "cmdq": 1, "read": {"device_start": -1, "device_end": -1}}, "FFC_sans_bias27": {"write": {"device_start": 1585622890.3632991, "host_queued_start": 1585622956.759786, "device_queued": 1585622890.3629537, "device_end": 1585622890.3633313, "host_queued_end": 1585622956.791418}, "device": "gpu", "nd_range": {"device_start": 1585622890.363344, "device_end": 1585622890.3639493}, "cmdq": 1, "read": {"device_start": -1, "device_end": -1}}, "FFC_sans_bias20": {"write": {"device_start": -1, "host_queued_start": 1585622956.805847, "device_queued": -1, "device_end": -1, "host_queued_end": 1585622956.814778}, "device": "cpu", "nd_range": {"device_start": 2290731.019686488, "device_end": 2290731.034955332}, "cmdq": 1, "read": {"device_start": -1, "device_end": -1}}, "FFC_sans_bias22": {"write": {"device_start": -1, "host_queued_start": 1585622956.809586, "device_queued": -1, "device_end": -1, "host_queued_end": 1585622956.814778}, "device": "cpu", "nd_range": {"device_start": 2290731.0423574853, "device_end": 2290731.0552486363}, "cmdq": 2, "read": {"device_start": -1, "device_end": -1}}, "softmax68": {"write": {"device_start": -1, "host_queued_start": 1585622956.782822, "device_queued": -1, "device_end": -1, "host_queued_end": 1585622956.791418}, "device": "gpu", "nd_range": {"device_start": 1585622890.3750858, "device_end": 1585622890.3752897}, "cmdq": 0, "read": {"device_start": -1, "device_end": -1}}, "softmax5": {"write": {"device_start": -1, "host_queued_start": 1585622956.809907, "device_queued": -1, "device_end": -1, "host_queued_end": 1585622956.814778}, "device": "cpu", "nd_range": {"device_start": 2290731.0562594794, "device_end": 2290731.056437516}, "cmdq": 3, "read": {"device_start": -1, "device_end": -1}}, "FFC_sans_bias28": {"write": {"device_start": 1585622890.3634133, "host_queued_start": 1585622956.760839, "device_queued": 1585622890.3629735, "device_end": 1585622890.3634822, "host_queued_end": 1585622956.791418}, "device": "gpu", "nd_range": {"device_start": 1585622890.3634925, "device_end": 1585622890.3643553}, "cmdq": 2, "read": {"device_start": -1, "device_end": -1}}, "FFC_sans_bias29": {"write": {"device_start": 1585622890.3635197, "host_queued_start": 1585622956.761896, "device_queued": 1585622890.3631568, "device_end": 1585622890.36359, "host_queued_end": 1585622956.791418}, "device": "gpu", "nd_range": {"device_start": 1585622890.3635993, "device_end": 1585622890.3649406}, "cmdq": 3, "read": {"device_start": -1, "device_end": -1}}, "empty17": {"write": {"device_start": -1, "host_queued_start": 1585622956.794361, "device_queued": -1, "device_end": -1, "host_queued_end": 1585622956.814778}, "device": "cpu", "nd_range": {"device_start": 2290731.0043606153, "device_end": 2290731.0043699993}, "cmdq": 1, "read": {"device_start": -1, "device_end": -1}}, "softmax59": {"write": {"device_start": -1, "host_queued_start": 1585622956.782565, "device_queued": -1, "device_end": -1, "host_queued_end": 1585622956.791418}, "device": "gpu", "nd_range": {"device_start": 1585622890.374623, "device_end": 1585622890.3756773}, "cmdq": 4, "read": {"device_start": -1, "device_end": -1}}, "empty71": {"write": {"device_start": 1585622890.363057, "host_queued_start": 1585622956.757925, "device_queued": 1585622890.3628044, "device_end": 1585622890.3631413, "host_queued_end": 1585622956.791418}, "device": "gpu", "nd_range": {"device_start": 1585622890.363147, "device_end": 1585622890.3631516}, "cmdq": 4, "read": {"device_start": -1, "device_end": -1}}, "empty35": {"write": {"device_start": 1585622890.3625994, "host_queued_start": 1585622956.754311, "device_queued": 1585622890.3624618, "device_end": 1585622890.3626468, "host_queued_end": 1585622956.791418}, "device": "gpu", "nd_range": {"device_start": 1585622890.3626528, "device_end": 1585622890.3626573}, "cmdq": 0, "read": {"device_start": -1, "device_end": -1}}, "empty53": {"write": {"device_start": 1585622890.362839, "host_queued_start": 1585622956.756237, "device_queued": 1585622890.3626153, "device_end": 1585622890.3629196, "host_queued_end": 1585622956.791418}, "device": "gpu", "nd_range": {"device_start": 1585622890.3629277, "device_end": 1585622890.3629334}, "cmdq": 2, "read": {"device_start": -1, "device_end": -1}}, "FFC_sans_bias46": {"write": {"device_start": 1585622890.3650525, "host_queued_start": 1585622956.767153, "device_queued": 1585622890.3636982, "device_end": 1585622890.3650842, "host_queued_end": 1585622956.791418}, "device": "gpu", "nd_range": {"device_start": 1585622890.3650906, "device_end": 1585622890.3673277}, "cmdq": 3, "read": {"device_start": -1, "device_end": -1}}, "coalesced_transpose66": {"write": {"device_start": -1, "host_queued_start": 1585622956.779376, "device_queued": -1, "device_end": -1, "host_queued_end": 1585622956.791418}, "device": "gpu", "nd_range": {"device_start": 1585622890.3721347, "device_end": 1585622890.372502}, "cmdq": 3, "read": {"device_start": -1, "device_end": -1}}, "coalesced_transpose48": {"write": {"device_start": -1, "host_queued_start": 1585622956.778771, "device_queued": -1, "device_end": -1, "host_queued_end": 1585622956.791418}, "device": "gpu", "nd_range": {"device_start": 1585622890.3711822, "device_end": 1585622890.372055}, "cmdq": 1, "read": {"device_start": -1, "device_end": -1}}}