{"FFC_sans_bias60": {"write": {"device_start": -1, "host_queued_start": 1585622684.93789, "device_queued": -1, "device_end": -1, "host_queued_end": 1585622684.945051}, "device": "cpu", "nd_range": {"device_start": 2290459.3210388133, "device_end": 2290459.343569164}, "cmdq": 0, "read": {"device_start": -1, "device_end": -1}}, "FFC_sans_bias4": {"write": {"device_start": -1, "host_queued_start": 1585622684.93053, "device_queued": -1, "device_end": -1, "host_queued_end": 1585622684.945051}, "device": "cpu", "nd_range": {"device_start": 2290459.274697062, "device_end": 2290459.289905242}, "cmdq": 0, "read": {"device_start": -1, "device_end": -1}}, "FFC_sans_bias7": {"write": {"device_start": -1, "host_queued_start": 1585622684.938958, "device_queued": -1, "device_end": -1, "host_queued_end": 1585622684.945051}, "device": "cpu", "nd_range": {"device_start": 2290459.307556571, "device_end": 2290459.32309303}, "cmdq": 1, "read": {"device_start": -1, "device_end": -1}}, "FFC_sans_bias6": {"write": {"device_start": -1, "host_queued_start": 1585622684.935818, "device_queued": -1, "device_end": -1, "host_queued_end": 1585622684.945051}, "device": "cpu", "nd_range": {"device_start": 2290459.29094108, "device_end": 2290459.306279376}, "cmdq": 4, "read": {"device_start": -1, "device_end": -1}}, "FFC_sans_bias1": {"write": {"device_start": -1, "host_queued_start": 1585622684.907491, "device_queued": -1, "device_end": -1, "host_queued_end": 1585622684.945051}, "device": "cpu", "nd_range": {"device_start": 2290459.134732687, "device_end": 2290459.1502315453}, "cmdq": 3, "read": {"device_start": -1, "device_end": -1}}, "FFC_sans_bias0": {"write": {"device_start": -1, "host_queued_start": 1585622684.906409, "device_queued": -1, "device_end": -1, "host_queued_end": 1585622684.945051}, "device": "cpu", "nd_range": {"device_start": 2290459.150654409, "device_end": 2290459.165780705}, "cmdq": 2, "read": {"device_start": -1, "device_end": -1}}, "FFC_sans_bias2": {"write": {"device_start": -1, "host_queued_start": 1585622684.90858, "device_queued": -1, "device_end": -1, "host_queued_end": 1585622684.945051}, "device": "cpu", "nd_range": {"device_start": 2290459.150295531, "device_end": 2290459.165536464}, "cmdq": 4, "read": {"device_start": -1, "device_end": -1}}, "FFC_sans_bias61": {"write": {"device_start": -1, "host_queued_start": 1585622684.945005, "device_queued": -1, "device_end": -1, "host_queued_end": 1585622684.945051}, "device": "cpu", "nd_range": {"device_start": 2290459.350372768, "device_end": 2290459.359924722}, "cmdq": 2, "read": {"device_start": -1, "device_end": -1}}, "FFC_sans_bias52": {"write": {"device_start": -1, "host_queued_start": 1585622684.943999, "device_queued": -1, "device_end": -1, "host_queued_end": 1585622684.945051}, "device": "cpu", "nd_range": {"device_start": 2290459.34283831, "device_end": 2290459.358096104}, "cmdq": 1, "read": {"device_start": -1, "device_end": -1}}, "FFC_sans_bias9": {"write": {"device_start": -1, "host_queued_start": 1585622684.909638, "device_queued": -1, "device_end": -1, "host_queued_end": 1585622684.945051}, "device": "cpu", "nd_range": {"device_start": 2290459.134704389, "device_end": 2290459.150224801}, "cmdq": 0, "read": {"device_start": -1, "device_end": -1}}, "coalesced_transpose39": {"write": {"device_start": -1, "host_queued_start": 1585622684.929523, "device_queued": -1, "device_end": -1, "host_queued_end": 1585622684.945051}, "device": "cpu", "nd_range": {"device_start": 2290459.259114262, "device_end": 2290459.259358848}, "cmdq": 2, "read": {"device_start": -1, "device_end": -1}}, "FFC_sans_bias55": {"write": {"device_start": -1, "host_queued_start": 1585622684.927841, "device_queued": -1, "device_end": -1, "host_queued_end": 1585622684.945051}, "device": "cpu", "nd_range": {"device_start": 2290459.212908262, "device_end": 2290459.228147306}, "cmdq": 2, "read": {"device_start": -1, "device_end": -1}}, "FFC_sans_bias54": {"write": {"device_start": -1, "host_queued_start": 1585622684.926769, "device_queued": -1, "device_end": -1, "host_queued_end": 1585622684.945051}, "device": "cpu", "nd_range": {"device_start": 2290459.1812345954, "device_end": 2290459.210159852}, "cmdq": 1, "read": {"device_start": -1, "device_end": -1}}, "FFC_sans_bias79": {"write": {"device_start": 1585622618.4818473, "host_queued_start": 1585622684.898174, "device_queued": 1585622618.4778042, "device_end": 1585622618.4818783, "host_queued_end": 1585622684.898272}, "device": "gpu", "nd_range": {"device_start": 1585622618.4823303, "device_end": 1585622618.4832852}, "cmdq": 2, "read": {"device_start": 1585622618.483293, "device_end": 1585622618.4833157}}, "FFC_sans_bias56": {"write": {"device_start": -1, "host_queued_start": 1585622684.925701, "device_queued": -1, "device_end": -1, "host_queued_end": 1585622684.945051}, "device": "cpu", "nd_range": {"device_start": 2290459.2589049693, "device_end": 2290459.2741792593}, "cmdq": 0, "read": {"device_start": -1, "device_end": -1}}, "FFC_sans_bias51": {"write": {"device_start": -1, "host_queued_start": 1585622684.937544, "device_queued": -1, "device_end": -1, "host_queued_end": 1585622684.945051}, "device": "cpu", "nd_range": {"device_start": 2290459.3231017133, "device_end": 2290459.338417972}, "cmdq": 4, "read": {"device_start": -1, "device_end": -1}}, "softmax23": {"write": {"device_start": -1, "host_queued_start": 1585622684.934362, "device_queued": -1, "device_end": -1, "host_queued_end": 1585622684.945051}, "device": "cpu", "nd_range": {"device_start": 2290459.290719349, "device_end": 2290459.2909333273}, "cmdq": 4, "read": {"device_start": -1, "device_end": -1}}, "FFC_sans_bias37": {"write": {"device_start": -1, "host_queued_start": 1585622684.920395, "device_queued": -1, "device_end": -1, "host_queued_end": 1585622684.945051}, "device": "cpu", "nd_range": {"device_start": 2290459.2436196953, "device_end": 2290459.258890938}, "cmdq": 0, "read": {"device_start": -1, "device_end": -1}}, "FFC_sans_bias73": {"write": {"device_start": 1585622618.4780626, "host_queued_start": 1585622684.892614, "device_queued": 1585622618.4771981, "device_end": 1585622618.4780943, "host_queued_end": 1585622684.898272}, "device": "gpu", "nd_range": {"device_start": 1585622618.478098, "device_end": 1585622618.4794824}, "cmdq": 0, "read": {"device_start": -1, "device_end": -1}}, "empty62": {"write": {"device_start": -1, "host_queued_start": 1585622684.905397, "device_queued": -1, "device_end": -1, "host_queued_end": 1585622684.945051}, "device": "cpu", "nd_range": {"device_start": 2290459.1346966983, "device_end": 2290459.134697696}, "cmdq": 1, "read": {"device_start": -1, "device_end": -1}}, "FFC_sans_bias70": {"write": {"device_start": 1585622618.4812477, "host_queued_start": 1585622684.897115, "device_queued": 1585622618.4778316, "device_end": 1585622618.4812787, "host_queued_end": 1585622684.898272}, "device": "gpu", "nd_range": {"device_start": 1585622618.481734, "device_end": 1585622618.4827375}, "cmdq": 1, "read": {"device_start": 1585622618.4827437, "device_end": 1585622618.4827666}}, "FFC_sans_bias58": {"write": {"device_start": -1, "host_queued_start": 1585622684.933525, "device_queued": -1, "device_end": -1, "host_queued_end": 1585622684.945051}, "device": "cpu", "nd_range": {"device_start": 2290459.242614606, "device_end": 2290459.257947787}, "cmdq": 1, "read": {"device_start": -1, "device_end": -1}}, "softmax41": {"write": {"device_start": -1, "host_queued_start": 1585622684.934923, "device_queued": -1, "device_end": -1, "host_queued_end": 1585622684.945051}, "device": "cpu", "nd_range": {"device_start": 2290459.274833443, "device_end": 2290459.275054134}, "cmdq": 1, "read": {"device_start": -1, "device_end": -1}}, "FFC_sans_bias74": {"write": {"device_start": 1585622618.4786625, "host_queued_start": 1585622684.893657, "device_queued": 1585622618.477347, "device_end": 1585622618.4787, "host_queued_end": 1585622684.898272}, "device": "gpu", "nd_range": {"device_start": 1585622618.4787045, "device_end": 1585622618.4799058}, "cmdq": 1, "read": {"device_start": -1, "device_end": -1}}, "FFC_sans_bias11": {"write": {"device_start": -1, "host_queued_start": 1585622684.911831, "device_queued": -1, "device_end": -1, "host_queued_end": 1585622684.945051}, "device": "cpu", "nd_range": {"device_start": 2290459.165902884, "device_end": 2290459.181149077}, "cmdq": 2, "read": {"device_start": -1, "device_end": -1}}, "FFC_sans_bias10": {"write": {"device_start": -1, "host_queued_start": 1585622684.910754, "device_queued": -1, "device_end": -1, "host_queued_end": 1585622684.945051}, "device": "cpu", "nd_range": {"device_start": 2290459.134704463, "device_end": 2290459.15000578}, "cmdq": 1, "read": {"device_start": -1, "device_end": -1}}, "coalesced_transpose3": {"write": {"device_start": -1, "host_queued_start": 1585622684.92818, "device_queued": -1, "device_end": -1, "host_queued_end": 1585622684.945051}, "device": "cpu", "nd_range": {"device_start": 2290459.2588999392, "device_end": 2290459.259177116}, "cmdq": 3, "read": {"device_start": -1, "device_end": -1}}, "FFC_sans_bias34": {"write": {"device_start": -1, "host_queued_start": 1585622684.941975, "device_queued": -1, "device_end": -1, "host_queued_end": 1585622684.945051}, "device": "cpu", "nd_range": {"device_start": 2290459.3385596783, "device_end": 2290459.3539338033}, "cmdq": 4, "read": {"device_start": -1, "device_end": -1}}, "FFC_sans_bias15": {"write": {"device_start": -1, "host_queued_start": 1585622684.936161, "device_queued": -1, "device_end": -1, "host_queued_end": 1585622684.945051}, "device": "cpu", "nd_range": {"device_start": 2290459.305757753, "device_end": 2290459.3210295653}, "cmdq": 0, "read": {"device_start": -1, "device_end": -1}}, "FFC_sans_bias31": {"write": {"device_start": -1, "host_queued_start": 1585622684.931582, "device_queued": -1, "device_end": -1, "host_queued_end": 1585622684.945051}, "device": "cpu", "nd_range": {"device_start": 2290459.259663653, "device_end": 2290459.275191294}, "cmdq": 3, "read": {"device_start": -1, "device_end": -1}}, "FFC_sans_bias16": {"write": {"device_start": -1, "host_queued_start": 1585622684.939963, "device_queued": -1, "device_end": -1, "host_queued_end": 1585622684.945051}, "device": "cpu", "nd_range": {"device_start": 2290459.32187339, "device_end": 2290459.337078806}, "cmdq": 2, "read": {"device_start": -1, "device_end": -1}}, "FFC_sans_bias19": {"write": {"device_start": -1, "host_queued_start": 1585622684.913947, "device_queued": -1, "device_end": -1, "host_queued_end": 1585622684.945051}, "device": "cpu", "nd_range": {"device_start": 2290459.16554751, "device_end": 2290459.180803478}, "cmdq": 4, "read": {"device_start": -1, "device_end": -1}}, "FFC_sans_bias18": {"write": {"device_start": -1, "host_queued_start": 1585622684.912893, "device_queued": -1, "device_end": -1, "host_queued_end": 1585622684.945051}, "device": "cpu", "nd_range": {"device_start": 2290459.213230723, "device_end": 2290459.22871237}, "cmdq": 3, "read": {"device_start": -1, "device_end": -1}}, "coalesced_transpose30": {"write": {"device_start": -1, "host_queued_start": 1585622684.929185, "device_queued": -1, "device_end": -1, "host_queued_end": 1585622684.945051}, "device": "cpu", "nd_range": {"device_start": 2290459.2262125663, "device_end": 2290459.2264887514}, "cmdq": 1, "read": {"device_start": -1, "device_end": -1}}, "empty80": {"write": {"device_start": 1585622618.4767983, "host_queued_start": 1585622684.887358, "device_queued": 1585622618.4766543, "device_end": 1585622618.4768734, "host_queued_end": 1585622684.898272}, "device": "gpu", "nd_range": {"device_start": 1585622618.4768796, "device_end": 1585622618.4768848}, "cmdq": 1, "read": {"device_start": -1, "device_end": -1}}, "FFC_sans_bias69": {"write": {"device_start": -1, "host_queued_start": 1585622684.895784, "device_queued": -1, "device_end": -1, "host_queued_end": 1585622684.898272}, "device": "gpu", "nd_range": {"device_start": 1585622618.4811187, "device_end": 1585622618.4817185}, "cmdq": 2, "read": {"device_start": -1, "device_end": -1}}, "FFC_sans_bias38": {"write": {"device_start": -1, "host_queued_start": 1585622684.921452, "device_queued": -1, "device_end": -1, "host_queued_end": 1585622684.945051}, "device": "cpu", "nd_range": {"device_start": 2290459.165715991, "device_end": 2290459.18110302}, "cmdq": 1, "read": {"device_start": -1, "device_end": -1}}, "coalesced_transpose57": {"write": {"device_start": -1, "host_queued_start": 1585622684.930183, "device_queued": -1, "device_end": -1, "host_queued_end": 1585622684.945051}, "device": "cpu", "nd_range": {"device_start": 2290459.2422387, "device_end": 2290459.2424901323}, "cmdq": 4, "read": {"device_start": -1, "device_end": -1}}, "FFC_sans_bias76": {"write": {"device_start": -1, "host_queued_start": 1585622684.894984, "device_queued": -1, "device_end": -1, "host_queued_end": 1585622684.898272}, "device": "gpu", "nd_range": {"device_start": 1585622618.479917, "device_end": 1585622618.4809127}, "cmdq": 2, "read": {"device_start": -1, "device_end": -1}}, "coalesced_transpose75": {"write": {"device_start": -1, "host_queued_start": 1585622684.894285, "device_queued": -1, "device_end": -1, "host_queued_end": 1585622684.898272}, "device": "gpu", "nd_range": {"device_start": 1585622618.4794836, "device_end": 1585622618.4797933}, "cmdq": 0, "read": {"device_start": -1, "device_end": -1}}, "empty26": {"write": {"device_start": -1, "host_queued_start": 1585622684.901718, "device_queued": -1, "device_end": -1, "host_queued_end": 1585622684.945051}, "device": "cpu", "nd_range": {"device_start": 2290459.150259356, "device_end": 2290459.150264033}, "cmdq": 2, "read": {"device_start": -1, "device_end": -1}}, "softmax77": {"write": {"device_start": -1, "host_queued_start": 1585622684.895475, "device_queued": -1, "device_end": -1, "host_queued_end": 1585622684.898272}, "device": "gpu", "nd_range": {"device_start": 1585622618.480923, "device_end": 1585622618.4811125}, "cmdq": 1, "read": {"device_start": -1, "device_end": -1}}, "coalesced_transpose12": {"write": {"device_start": -1, "host_queued_start": 1585622684.928517, "device_queued": -1, "device_end": -1, "host_queued_end": 1585622684.945051}, "device": "cpu", "nd_range": {"device_start": 2290459.212740504, "device_end": 2290459.213069553}, "cmdq": 4, "read": {"device_start": -1, "device_end": -1}}, "empty44": {"write": {"device_start": -1, "host_queued_start": 1585622684.903628, "device_queued": -1, "device_end": -1, "host_queued_end": 1585622684.945051}, "device": "cpu", "nd_range": {"device_start": 2290459.1502765273, "device_end": 2290459.150278787}, "cmdq": 4, "read": {"device_start": -1, "device_end": -1}}, "coalesced_transpose21": {"write": {"device_start": -1, "host_queued_start": 1585622684.928852, "device_queued": -1, "device_end": -1, "host_queued_end": 1585622684.945051}, "device": "cpu", "nd_range": {"device_start": 2290459.274311874, "device_end": 2290459.2745747804}, "cmdq": 0, "read": {"device_start": -1, "device_end": -1}}, "FFC_sans_bias36": {"write": {"device_start": -1, "host_queued_start": 1585622684.919337, "device_queued": -1, "device_end": -1, "host_queued_end": 1585622684.945051}, "device": "cpu", "nd_range": {"device_start": 2290459.1809404013, "device_end": 2290459.197129146}, "cmdq": 4, "read": {"device_start": -1, "device_end": -1}}, "softmax14": {"write": {"device_start": -1, "host_queued_start": 1585622684.934087, "device_queued": -1, "device_end": -1, "host_queued_end": 1585622684.945051}, "device": "cpu", "nd_range": {"device_start": 2290459.27529904, "device_end": 2290459.2755162143}, "cmdq": 3, "read": {"device_start": -1, "device_end": -1}}, "FFC_sans_bias13": {"write": {"device_start": -1, "host_queued_start": 1585622684.930884, "device_queued": -1, "device_end": -1, "host_queued_end": 1585622684.945051}, "device": "cpu", "nd_range": {"device_start": 2290459.226713133, "device_end": 2290459.242099775}, "cmdq": 1, "read": {"device_start": -1, "device_end": -1}}, "empty8": {"write": {"device_start": -1, "host_queued_start": 1585622684.899679, "device_queued": -1, "device_end": -1, "host_queued_end": 1585622684.945051}, "device": "cpu", "nd_range": {"device_start": 2290459.13466606, "device_end": 2290459.134674151}, "cmdq": 0, "read": {"device_start": -1, "device_end": -1}}, "FFC_sans_bias42": {"write": {"device_start": -1, "host_queued_start": 1585622684.937196, "device_queued": -1, "device_end": -1, "host_queued_end": 1585622684.945051}, "device": "cpu", "nd_range": {"device_start": 2290459.275956423, "device_end": 2290459.291686993}, "cmdq": 3, "read": {"device_start": -1, "device_end": -1}}, "FFC_sans_bias43": {"write": {"device_start": -1, "host_queued_start": 1585622684.942991, "device_queued": -1, "device_end": -1, "host_queued_end": 1585622684.945051}, "device": "cpu", "nd_range": {"device_start": 2290459.3435816662, "device_end": 2290459.362982173}, "cmdq": 0, "read": {"device_start": -1, "device_end": -1}}, "FFC_sans_bias40": {"write": {"device_start": -1, "host_queued_start": 1585622684.931927, "device_queued": -1, "device_end": -1, "host_queued_end": 1585622684.945051}, "device": "cpu", "nd_range": {"device_start": 2290459.259479292, "device_end": 2290459.274822326}, "cmdq": 4, "read": {"device_start": -1, "device_end": -1}}, "softmax32": {"write": {"device_start": -1, "host_queued_start": 1585622684.934646, "device_queued": -1, "device_end": -1, "host_queued_end": 1585622684.945051}, "device": "cpu", "nd_range": {"device_start": 2290459.3055181843, "device_end": 2290459.305750609}, "cmdq": 0, "read": {"device_start": -1, "device_end": -1}}, "FFC_sans_bias47": {"write": {"device_start": -1, "host_queued_start": 1585622684.92465, "device_queued": -1, "device_end": -1, "host_queued_end": 1585622684.945051}, "device": "cpu", "nd_range": {"device_start": 2290459.197199561, "device_end": 2290459.212546098}, "cmdq": 4, "read": {"device_start": -1, "device_end": -1}}, "FFC_sans_bias78": {"write": {"device_start": -1, "host_queued_start": 1585622684.896097, "device_queued": -1, "device_end": -1, "host_queued_end": 1585622684.898272}, "device": "gpu", "nd_range": {"device_start": 1585622618.4817216, "device_end": 1585622618.4823258}, "cmdq": 0, "read": {"device_start": -1, "device_end": -1}}, "FFC_sans_bias45": {"write": {"device_start": -1, "host_queued_start": 1585622684.922505, "device_queued": -1, "device_end": -1, "host_queued_end": 1585622684.945051}, "device": "cpu", "nd_range": {"device_start": 2290459.1973969373, "device_end": 2290459.2127275174}, "cmdq": 2, "read": {"device_start": -1, "device_end": -1}}, "softmax50": {"write": {"device_start": -1, "host_queued_start": 1585622684.935201, "device_queued": -1, "device_end": -1, "host_queued_end": 1585622684.945051}, "device": "cpu", "nd_range": {"device_start": 2290459.3062882842, "device_end": 2290459.3064994602}, "cmdq": 2, "read": {"device_start": -1, "device_end": -1}}, "FFC_sans_bias33": {"write": {"device_start": -1, "host_queued_start": 1585622684.936852, "device_queued": -1, "device_end": -1, "host_queued_end": 1585622684.945051}, "device": "cpu", "nd_range": {"device_start": 2290459.306509577, "device_end": 2290459.321866202}, "cmdq": 2, "read": {"device_start": -1, "device_end": -1}}, "FFC_sans_bias63": {"write": {"device_start": 1585622618.4771562, "host_queued_start": 1585622684.890505, "device_queued": 1585622618.4769928, "device_end": 1585622618.4771903, "host_queued_end": 1585622684.898272}, "device": "gpu", "nd_range": {"device_start": 1585622618.4771938, "device_end": 1585622618.4785185}, "cmdq": 1, "read": {"device_start": -1, "device_end": -1}}, "FFC_sans_bias49": {"write": {"device_start": -1, "host_queued_start": 1585622684.933159, "device_queued": -1, "device_end": -1, "host_queued_end": 1585622684.945051}, "device": "cpu", "nd_range": {"device_start": 2290459.2899253364, "device_end": 2290459.305504051}, "cmdq": 0, "read": {"device_start": -1, "device_end": -1}}, "FFC_sans_bias64": {"write": {"device_start": 1585622618.4769032, "host_queued_start": 1585622684.888434, "device_queued": 1585622618.476676, "device_end": 1585622618.4769328, "host_queued_end": 1585622684.898272}, "device": "gpu", "nd_range": {"device_start": 1585622618.476938, "device_end": 1585622618.4775398}, "cmdq": 2, "read": {"device_start": -1, "device_end": -1}}, "FFC_sans_bias65": {"write": {"device_start": 1585622618.477046, "host_queued_start": 1585622684.889453, "device_queued": 1585622618.4769447, "device_end": 1585622618.4771218, "host_queued_end": 1585622684.898272}, "device": "gpu", "nd_range": {"device_start": 1585622618.4771266, "device_end": 1585622618.4779449}, "cmdq": 0, "read": {"device_start": -1, "device_end": -1}}, "FFC_sans_bias72": {"write": {"device_start": 1585622618.4777, "host_queued_start": 1585622684.891578, "device_queued": 1585622618.47701, "device_end": 1585622618.4777317, "host_queued_end": 1585622684.898272}, "device": "gpu", "nd_range": {"device_start": 1585622618.4777353, "device_end": 1585622618.478934}, "cmdq": 2, "read": {"device_start": -1, "device_end": -1}}, "FFC_sans_bias67": {"write": {"device_start": -1, "host_queued_start": 1585622684.89466, "device_queued": -1, "device_end": -1, "host_queued_end": 1585622684.898272}, "device": "gpu", "nd_range": {"device_start": 1585622618.4799109, "device_end": 1585622618.4805176}, "cmdq": 1, "read": {"device_start": -1, "device_end": -1}}, "FFC_sans_bias24": {"write": {"device_start": -1, "host_queued_start": 1585622684.936507, "device_queued": -1, "device_end": -1, "host_queued_end": 1585622684.945051}, "device": "cpu", "nd_range": {"device_start": 2290459.291791125, "device_end": 2290459.307450701}, "cmdq": 1, "read": {"device_start": -1, "device_end": -1}}, "FFC_sans_bias25": {"write": {"device_start": -1, "host_queued_start": 1585622684.940967, "device_queued": -1, "device_end": -1, "host_queued_end": 1585622684.945051}, "device": "cpu", "nd_range": {"device_start": 2290459.323166397, "device_end": 2290459.3503686623}, "cmdq": 3, "read": {"device_start": -1, "device_end": -1}}, "FFC_sans_bias27": {"write": {"device_start": -1, "host_queued_start": 1585622684.916101, "device_queued": -1, "device_end": -1, "host_queued_end": 1585622684.945051}, "device": "cpu", "nd_range": {"device_start": 2290459.150138306, "device_end": 2290459.165491972}, "cmdq": 1, "read": {"device_start": -1, "device_end": -1}}, "FFC_sans_bias20": {"write": {"device_start": -1, "host_queued_start": 1585622684.915043, "device_queued": -1, "device_end": -1, "host_queued_end": 1585622684.945051}, "device": "cpu", "nd_range": {"device_start": 2290459.228300025, "device_end": 2290459.2434988962}, "cmdq": 0, "read": {"device_start": -1, "device_end": -1}}, "FFC_sans_bias22": {"write": {"device_start": -1, "host_queued_start": 1585622684.93123, "device_queued": -1, "device_end": -1, "host_queued_end": 1585622684.945051}, "device": "cpu", "nd_range": {"device_start": 2290459.275060653, "device_end": 2290459.2904930604}, "cmdq": 2, "read": {"device_start": -1, "device_end": -1}}, "softmax68": {"write": {"device_start": -1, "host_queued_start": 1585622684.895233, "device_queued": -1, "device_end": -1, "host_queued_end": 1585622684.898272}, "device": "gpu", "nd_range": {"device_start": 1585622618.4809186, "device_end": 1585622618.4811106}, "cmdq": 0, "read": {"device_start": -1, "device_end": -1}}, "softmax5": {"write": {"device_start": -1, "host_queued_start": 1585622684.933811, "device_queued": -1, "device_end": -1, "host_queued_end": 1585622684.945051}, "device": "cpu", "nd_range": {"device_start": 2290459.2905015512, "device_end": 2290459.290711151}, "cmdq": 2, "read": {"device_start": -1, "device_end": -1}}, "FFC_sans_bias28": {"write": {"device_start": -1, "host_queued_start": 1585622684.917156, "device_queued": -1, "device_end": -1, "host_queued_end": 1585622684.945051}, "device": "cpu", "nd_range": {"device_start": 2290459.181166659, "device_end": 2290459.1968544233}, "cmdq": 2, "read": {"device_start": -1, "device_end": -1}}, "FFC_sans_bias29": {"write": {"device_start": -1, "host_queued_start": 1585622684.91824, "device_queued": -1, "device_end": -1, "host_queued_end": 1585622684.945051}, "device": "cpu", "nd_range": {"device_start": 2290459.2288461253, "device_end": 2290459.2441532393}, "cmdq": 3, "read": {"device_start": -1, "device_end": -1}}, "empty17": {"write": {"device_start": -1, "host_queued_start": 1585622684.900768, "device_queued": -1, "device_end": -1, "host_queued_end": 1585622684.945051}, "device": "cpu", "nd_range": {"device_start": 2290459.1346624, "device_end": 2290459.134674182}, "cmdq": 1, "read": {"device_start": -1, "device_end": -1}}, "softmax59": {"write": {"device_start": -1, "host_queued_start": 1585622684.935475, "device_queued": -1, "device_end": -1, "host_queued_end": 1585622684.945051}, "device": "cpu", "nd_range": {"device_start": 2290459.275630082, "device_end": 2290459.2758418364}, "cmdq": 3, "read": {"device_start": -1, "device_end": -1}}, "empty71": {"write": {"device_start": 1585622618.4766836, "host_queued_start": 1585622684.886261, "device_queued": 1585622618.47654, "device_end": 1585622618.4767427, "host_queued_end": 1585622684.898272}, "device": "gpu", "nd_range": {"device_start": 1585622618.4767518, "device_end": 1585622618.476765}, "cmdq": 0, "read": {"device_start": -1, "device_end": -1}}, "empty35": {"write": {"device_start": -1, "host_queued_start": 1585622684.902561, "device_queued": -1, "device_end": -1, "host_queued_end": 1585622684.945051}, "device": "cpu", "nd_range": {"device_start": 2290459.134709013, "device_end": 2290459.13471399}, "cmdq": 3, "read": {"device_start": -1, "device_end": -1}}, "empty53": {"write": {"device_start": -1, "host_queued_start": 1585622684.904546, "device_queued": -1, "device_end": -1, "host_queued_end": 1585622684.945051}, "device": "cpu", "nd_range": {"device_start": 2290459.1346974233, "device_end": 2290459.134698425}, "cmdq": 0, "read": {"device_start": -1, "device_end": -1}}, "FFC_sans_bias46": {"write": {"device_start": -1, "host_queued_start": 1585622684.923591, "device_queued": -1, "device_end": -1, "host_queued_end": 1585622684.945051}, "device": "cpu", "nd_range": {"device_start": 2290459.2442764384, "device_end": 2290459.258891556}, "cmdq": 3, "read": {"device_start": -1, "device_end": -1}}, "coalesced_transpose66": {"write": {"device_start": -1, "host_queued_start": 1585622684.893984, "device_queued": -1, "device_end": -1, "host_queued_end": 1585622684.898272}, "device": "gpu", "nd_range": {"device_start": 1585622618.4789355, "device_end": 1585622618.4797719}, "cmdq": 2, "read": {"device_start": -1, "device_end": -1}}, "coalesced_transpose48": {"write": {"device_start": -1, "host_queued_start": 1585622684.929854, "device_queued": -1, "device_end": -1, "host_queued_end": 1585622684.945051}, "device": "cpu", "nd_range": {"device_start": 2290459.259305635, "device_end": 2290459.2595471623}, "cmdq": 3, "read": {"device_start": -1, "device_end": -1}}}