{"FFC_sans_bias60": {"write": {"device_start": -1, "host_queued_start": 1585622704.735175, "device_queued": -1, "device_end": -1, "host_queued_end": 1585622704.741147}, "device": "gpu", "nd_range": {"device_start": 1585622638.3299866, "device_end": 1585622638.3315716}, "cmdq": 1, "read": {"device_start": -1, "device_end": -1}}, "FFC_sans_bias4": {"write": {"device_start": -1, "host_queued_start": 1585622704.761362, "device_queued": -1, "device_end": -1, "host_queued_end": 1585622704.769892}, "device": "cpu", "nd_range": {"device_start": 2290479.0131044053, "device_end": 2290479.017410921}, "cmdq": 0, "read": {"device_start": -1, "device_end": -1}}, "FFC_sans_bias7": {"write": {"device_start": -1, "host_queued_start": 1585622704.76685, "device_queued": -1, "device_end": -1, "host_queued_end": 1585622704.769892}, "device": "cpu", "nd_range": {"device_start": 2290479.049623025, "device_end": 2290479.054605571}, "cmdq": 0, "read": {"device_start": -1, "device_end": -1}}, "FFC_sans_bias6": {"write": {"device_start": -1, "host_queued_start": 1585622704.764759, "device_queued": -1, "device_end": -1, "host_queued_end": 1585622704.769892}, "device": "cpu", "nd_range": {"device_start": 2290479.031989872, "device_end": 2290479.0362809882}, "cmdq": 0, "read": {"device_start": -1, "device_end": -1}}, "FFC_sans_bias1": {"write": {"device_start": -1, "host_queued_start": 1585622704.748383, "device_queued": -1, "device_end": -1, "host_queued_end": 1585622704.769892}, "device": "cpu", "nd_range": {"device_start": 2290478.9638212114, "device_end": 2290478.967791915}, "cmdq": 0, "read": {"device_start": -1, "device_end": -1}}, "FFC_sans_bias0": {"write": {"device_start": -1, "host_queued_start": 1585622704.747184, "device_queued": -1, "device_end": -1, "host_queued_end": 1585622704.769892}, "device": "cpu", "nd_range": {"device_start": 2290478.959506995, "device_end": 2290478.9638016103}, "cmdq": 0, "read": {"device_start": -1, "device_end": -1}}, "FFC_sans_bias2": {"write": {"device_start": -1, "host_queued_start": 1585622704.74945, "device_queued": -1, "device_end": -1, "host_queued_end": 1585622704.769892}, "device": "cpu", "nd_range": {"device_start": 2290478.967811924, "device_end": 2290478.97177835}, "cmdq": 0, "read": {"device_start": -1, "device_end": -1}}, "FFC_sans_bias61": {"write": {"device_start": 1585622638.3320844, "host_queued_start": 1585622704.738952, "device_queued": 1585622638.321971, "device_end": 1585622638.332115, "host_queued_end": 1585622704.741147}, "device": "gpu", "nd_range": {"device_start": 1585622638.3321245, "device_end": 1585622638.33395}, "cmdq": 2, "read": {"device_start": 1585622638.3339565, "device_end": 1585622638.33398}}, "FFC_sans_bias52": {"write": {"device_start": 1585622638.3316855, "host_queued_start": 1585622704.737893, "device_queued": 1585622638.3219545, "device_end": 1585622638.3317163, "host_queued_end": 1585622704.741147}, "device": "gpu", "nd_range": {"device_start": 1585622638.331725, "device_end": 1585622638.3334808}, "cmdq": 1, "read": {"device_start": 1585622638.3334873, "device_end": 1585622638.3335118}}, "FFC_sans_bias9": {"write": {"device_start": -1, "host_queued_start": 1585622704.750511, "device_queued": -1, "device_end": -1, "host_queued_end": 1585622704.769892}, "device": "cpu", "nd_range": {"device_start": 2290478.971783368, "device_end": 2290478.975727015}, "cmdq": 0, "read": {"device_start": -1, "device_end": -1}}, "coalesced_transpose39": {"write": {"device_start": -1, "host_queued_start": 1585622704.730044, "device_queued": -1, "device_end": -1, "host_queued_end": 1585622704.741147}, "device": "gpu", "nd_range": {"device_start": 1585622638.3255472, "device_end": 1585622638.3268266}, "cmdq": 0, "read": {"device_start": -1, "device_end": -1}}, "FFC_sans_bias55": {"write": {"device_start": 1585622638.3222725, "host_queued_start": 1585622704.723406, "device_queued": 1585622638.3202553, "device_end": 1585622638.3222988, "host_queued_end": 1585622704.741147}, "device": "gpu", "nd_range": {"device_start": 1585622638.3223083, "device_end": 1585622638.3240693}, "cmdq": 1, "read": {"device_start": -1, "device_end": -1}}, "FFC_sans_bias54": {"write": {"device_start": 1585622638.3217201, "host_queued_start": 1585622704.722338, "device_queued": 1585622638.320082, "device_end": 1585622638.321745, "host_queued_end": 1585622704.741147}, "device": "gpu", "nd_range": {"device_start": 1585622638.3217483, "device_end": 1585622638.3236017}, "cmdq": 0, "read": {"device_start": -1, "device_end": -1}}, "FFC_sans_bias79": {"write": {"device_start": 1585622638.3331835, "host_queued_start": 1585622704.741048, "device_queued": 1585622638.3222604, "device_end": 1585622638.3332148, "host_queued_end": 1585622704.741147}, "device": "gpu", "nd_range": {"device_start": 1585622638.3332224, "device_end": 1585622638.334898}, "cmdq": 0, "read": {"device_start": 1585622638.3349013, "device_end": 1585622638.3349245}}, "FFC_sans_bias56": {"write": {"device_start": 1585622638.3213122, "host_queued_start": 1585622704.721301, "device_queued": 1585622638.3199167, "device_end": 1585622638.3213449, "host_queued_end": 1585622704.741147}, "device": "gpu", "nd_range": {"device_start": 1585622638.3213556, "device_end": 1585622638.3231053}, "cmdq": 3, "read": {"device_start": -1, "device_end": -1}}, "FFC_sans_bias51": {"write": {"device_start": -1, "host_queued_start": 1585622704.73486, "device_queued": -1, "device_end": -1, "host_queued_end": 1585622704.741147}, "device": "gpu", "nd_range": {"device_start": 1585622638.3299785, "device_end": 1585622638.3309784}, "cmdq": 0, "read": {"device_start": -1, "device_end": -1}}, "softmax23": {"write": {"device_start": -1, "host_queued_start": 1585622704.764151, "device_queued": -1, "device_end": -1, "host_queued_end": 1585622704.769892}, "device": "cpu", "nd_range": {"device_start": 2290479.031706686, "device_end": 2290479.0317959012}, "cmdq": 0, "read": {"device_start": -1, "device_end": -1}}, "FFC_sans_bias37": {"write": {"device_start": 1585622638.319603, "host_queued_start": 1585622704.716038, "device_queued": 1585622638.3193977, "device_end": 1585622638.3196862, "host_queued_end": 1585622704.741147}, "device": "gpu", "nd_range": {"device_start": 1585622638.3196912, "device_end": 1585622638.3206227}, "cmdq": 2, "read": {"device_start": -1, "device_end": -1}}, "FFC_sans_bias73": {"write": {"device_start": 1585622638.3246808, "host_queued_start": 1585622704.728635, "device_queued": 1585622638.3206894, "device_end": 1585622638.3247113, "host_queued_end": 1585622704.741147}, "device": "gpu", "nd_range": {"device_start": 1585622638.3247194, "device_end": 1585622638.3264909}, "cmdq": 2, "read": {"device_start": -1, "device_end": -1}}, "empty62": {"write": {"device_start": 1585622638.319237, "host_queued_start": 1585622704.712245, "device_queued": 1585622638.319049, "device_end": 1585622638.3193145, "host_queued_end": 1585622704.741147}, "device": "gpu", "nd_range": {"device_start": 1585622638.319325, "device_end": 1585622638.3193314}, "cmdq": 2, "read": {"device_start": -1, "device_end": -1}}, "FFC_sans_bias70": {"write": {"device_start": 1585622638.3326266, "host_queued_start": 1585622704.740002, "device_queued": 1585622638.322004, "device_end": 1585622638.3326576, "host_queued_end": 1585622704.741147}, "device": "gpu", "nd_range": {"device_start": 1585622638.3326647, "device_end": 1585622638.3344247}, "cmdq": 3, "read": {"device_start": 1585622638.334428, "device_end": 1585622638.3344512}}, "FFC_sans_bias58": {"write": {"device_start": -1, "host_queued_start": 1585622704.732362, "device_queued": -1, "device_end": -1, "host_queued_end": 1585622704.741147}, "device": "gpu", "nd_range": {"device_start": 1585622638.327017, "device_end": 1585622638.3285694}, "cmdq": 3, "read": {"device_start": -1, "device_end": -1}}, "softmax41": {"write": {"device_start": -1, "host_queued_start": 1585622704.733243, "device_queued": -1, "device_end": -1, "host_queued_end": 1585622704.741147}, "device": "gpu", "nd_range": {"device_start": 1585622638.3280149, "device_end": 1585622638.329954}, "cmdq": 2, "read": {"device_start": -1, "device_end": -1}}, "FFC_sans_bias74": {"write": {"device_start": 1585622638.3250995, "host_queued_start": 1585622704.729702, "device_queued": 1585622638.3207088, "device_end": 1585622638.3251252, "host_queued_end": 1585622704.741147}, "device": "gpu", "nd_range": {"device_start": 1585622638.3251333, "device_end": 1585622638.3269708}, "cmdq": 3, "read": {"device_start": -1, "device_end": -1}}, "FFC_sans_bias11": {"write": {"device_start": -1, "host_queued_start": 1585622704.752639, "device_queued": -1, "device_end": -1, "host_queued_end": 1585622704.769892}, "device": "cpu", "nd_range": {"device_start": 2290478.9807886393, "device_end": 2290478.98513783}, "cmdq": 0, "read": {"device_start": -1, "device_end": -1}}, "FFC_sans_bias10": {"write": {"device_start": -1, "host_queued_start": 1585622704.751583, "device_queued": -1, "device_end": -1, "host_queued_end": 1585622704.769892}, "device": "cpu", "nd_range": {"device_start": 2290478.975732453, "device_end": 2290478.980782878}, "cmdq": 0, "read": {"device_start": -1, "device_end": -1}}, "coalesced_transpose3": {"write": {"device_start": -1, "host_queued_start": 1585622704.76003, "device_queued": -1, "device_end": -1, "host_queued_end": 1585622704.769892}, "device": "cpu", "nd_range": {"device_start": 2290479.0122631243, "device_end": 2290479.012449285}, "cmdq": 0, "read": {"device_start": -1, "device_end": -1}}, "FFC_sans_bias34": {"write": {"device_start": -1, "host_queued_start": 1585622704.769846, "device_queued": -1, "device_end": -1, "host_queued_end": 1585622704.769892}, "device": "cpu", "nd_range": {"device_start": 2290479.063455855, "device_end": 2290479.067741496}, "cmdq": 0, "read": {"device_start": -1, "device_end": -1}}, "FFC_sans_bias15": {"write": {"device_start": -1, "host_queued_start": 1585622704.765099, "device_queued": -1, "device_end": -1, "host_queued_end": 1585622704.769892}, "device": "cpu", "nd_range": {"device_start": 2290479.036286585, "device_end": 2290479.0414284733}, "cmdq": 0, "read": {"device_start": -1, "device_end": -1}}, "FFC_sans_bias31": {"write": {"device_start": -1, "host_queued_start": 1585622704.762404, "device_queued": -1, "device_end": -1, "host_queued_end": 1585622704.769892}, "device": "cpu", "nd_range": {"device_start": 2290479.0266687623, "device_end": 2290479.031237609}, "cmdq": 0, "read": {"device_start": -1, "device_end": -1}}, "FFC_sans_bias16": {"write": {"device_start": -1, "host_queued_start": 1585622704.76785, "device_queued": -1, "device_end": -1, "host_queued_end": 1585622704.769892}, "device": "cpu", "nd_range": {"device_start": 2290479.054608901, "device_end": 2290479.058917726}, "cmdq": 0, "read": {"device_start": -1, "device_end": -1}}, "FFC_sans_bias19": {"write": {"device_start": -1, "host_queued_start": 1585622704.755057, "device_queued": -1, "device_end": -1, "host_queued_end": 1585622704.769892}, "device": "cpu", "nd_range": {"device_start": 2290478.989746422, "device_end": 2290478.994146172}, "cmdq": 0, "read": {"device_start": -1, "device_end": -1}}, "FFC_sans_bias18": {"write": {"device_start": -1, "host_queued_start": 1585622704.753688, "device_queued": -1, "device_end": -1, "host_queued_end": 1585622704.769892}, "device": "cpu", "nd_range": {"device_start": 2290478.985143573, "device_end": 2290478.9897406413}, "cmdq": 0, "read": {"device_start": -1, "device_end": -1}}, "coalesced_transpose30": {"write": {"device_start": -1, "host_queued_start": 1585622704.76102, "device_queued": -1, "device_end": -1, "host_queued_end": 1585622704.769892}, "device": "cpu", "nd_range": {"device_start": 2290479.012889149, "device_end": 2290479.0129911522}, "cmdq": 0, "read": {"device_start": -1, "device_end": -1}}, "empty80": {"write": {"device_start": 1585622638.3194275, "host_queued_start": 1585622704.713936, "device_queued": 1585622638.3193276, "device_end": 1585622638.319512, "host_queued_end": 1585622704.741147}, "device": "gpu", "nd_range": {"device_start": 1585622638.3195329, "device_end": 1585622638.3195498}, "cmdq": 0, "read": {"device_start": -1, "device_end": -1}}, "FFC_sans_bias69": {"write": {"device_start": -1, "host_queued_start": 1585622704.735494, "device_queued": -1, "device_end": -1, "host_queued_end": 1585622704.741147}, "device": "gpu", "nd_range": {"device_start": 1585622638.3303478, "device_end": 1585622638.331971}, "cmdq": 2, "read": {"device_start": -1, "device_end": -1}}, "FFC_sans_bias38": {"write": {"device_start": 1585622638.3196945, "host_queued_start": 1585622704.717083, "device_queued": 1585622638.3194168, "device_end": 1585622638.319774, "host_queued_end": 1585622704.741147}, "device": "gpu", "nd_range": {"device_start": 1585622638.319777, "device_end": 1585622638.3212063}, "cmdq": 3, "read": {"device_start": -1, "device_end": -1}}, "coalesced_transpose57": {"write": {"device_start": -1, "host_queued_start": 1585622704.730817, "device_queued": -1, "device_end": -1, "host_queued_end": 1585622704.741147}, "device": "gpu", "nd_range": {"device_start": 1585622638.3264985, "device_end": 1585622638.326846}, "cmdq": 2, "read": {"device_start": -1, "device_end": -1}}, "FFC_sans_bias76": {"write": {"device_start": -1, "host_queued_start": 1585622704.732988, "device_queued": -1, "device_end": -1, "host_queued_end": 1585622704.741147}, "device": "gpu", "nd_range": {"device_start": 1585622638.3276138, "device_end": 1585622638.3294692}, "cmdq": 1, "read": {"device_start": -1, "device_end": -1}}, "coalesced_transpose75": {"write": {"device_start": -1, "host_queued_start": 1585622704.731414, "device_queued": -1, "device_end": -1, "host_queued_end": 1585622704.741147}, "device": "gpu", "nd_range": {"device_start": 1585622638.3268373, "device_end": 1585622638.3268583}, "cmdq": 0, "read": {"device_start": -1, "device_end": -1}}, "empty26": {"write": {"device_start": -1, "host_queued_start": 1585622704.745076, "device_queued": -1, "device_end": -1, "host_queued_end": 1585622704.769892}, "device": "cpu", "nd_range": {"device_start": 2290478.959494968, "device_end": 2290478.959495768}, "cmdq": 0, "read": {"device_start": -1, "device_end": -1}}, "softmax77": {"write": {"device_start": -1, "host_queued_start": 1585622704.734231, "device_queued": -1, "device_end": -1, "host_queued_end": 1585622704.741147}, "device": "gpu", "nd_range": {"device_start": 1585622638.3299618, "device_end": 1585622638.33034}, "cmdq": 2, "read": {"device_start": -1, "device_end": -1}}, "coalesced_transpose12": {"write": {"device_start": -1, "host_queued_start": 1585622704.760362, "device_queued": -1, "device_end": -1, "host_queued_end": 1585622704.769892}, "device": "cpu", "nd_range": {"device_start": 2290479.0124593372, "device_end": 2290479.012625699}, "cmdq": 0, "read": {"device_start": -1, "device_end": -1}}, "empty44": {"write": {"device_start": 1585622638.3190346, "host_queued_start": 1585622704.710226, "device_queued": 1585622638.318882, "device_end": 1585622638.319087, "host_queued_end": 1585622704.741147}, "device": "gpu", "nd_range": {"device_start": 1585622638.319093, "device_end": 1585622638.319099}, "cmdq": 0, "read": {"device_start": -1, "device_end": -1}}, "coalesced_transpose21": {"write": {"device_start": -1, "host_queued_start": 1585622704.76069, "device_queued": -1, "device_end": -1, "host_queued_end": 1585622704.769892}, "device": "cpu", "nd_range": {"device_start": 2290479.0126356673, "device_end": 2290479.0127755003}, "cmdq": 0, "read": {"device_start": -1, "device_end": -1}}, "FFC_sans_bias36": {"write": {"device_start": 1585622638.3195174, "host_queued_start": 1585622704.714992, "device_queued": 1585622638.3193772, "device_end": 1585622638.3195777, "host_queued_end": 1585622704.741147}, "device": "gpu", "nd_range": {"device_start": 1585622638.3196025, "device_end": 1585622638.3202255}, "cmdq": 1, "read": {"device_start": -1, "device_end": -1}}, "softmax14": {"write": {"device_start": -1, "host_queued_start": 1585622704.76387, "device_queued": -1, "device_end": -1, "host_queued_end": 1585622704.769892}, "device": "cpu", "nd_range": {"device_start": 2290479.0314994804, "device_end": 2290479.031589591}, "cmdq": 0, "read": {"device_start": -1, "device_end": -1}}, "FFC_sans_bias13": {"write": {"device_start": -1, "host_queued_start": 1585622704.761705, "device_queued": -1, "device_end": -1, "host_queued_end": 1585622704.769892}, "device": "cpu", "nd_range": {"device_start": 2290479.017416789, "device_end": 2290479.022193611}, "cmdq": 0, "read": {"device_start": -1, "device_end": -1}}, "empty8": {"write": {"device_start": -1, "host_queued_start": 1585622704.742853, "device_queued": -1, "device_end": -1, "host_queued_end": 1585622704.769892}, "device": "cpu", "nd_range": {"device_start": 2290478.9594589383, "device_end": 2290478.959468883}, "cmdq": 0, "read": {"device_start": -1, "device_end": -1}}, "FFC_sans_bias42": {"write": {"device_start": -1, "host_queued_start": 1585622704.734543, "device_queued": -1, "device_end": -1, "host_queued_end": 1585622704.741147}, "device": "gpu", "nd_range": {"device_start": 1585622638.3299692, "device_end": 1585622638.3305724}, "cmdq": 3, "read": {"device_start": -1, "device_end": -1}}, "FFC_sans_bias43": {"write": {"device_start": 1585622638.3311272, "host_queued_start": 1585622704.736836, "device_queued": 1585622638.321819, "device_end": 1585622638.331158, "host_queued_end": 1585622704.741147}, "device": "gpu", "nd_range": {"device_start": 1585622638.3311703, "device_end": 1585622638.3329644}, "cmdq": 0, "read": {"device_start": 1585622638.3329737, "device_end": 1585622638.3329983}}, "FFC_sans_bias40": {"write": {"device_start": -1, "host_queued_start": 1585622704.731736, "device_queued": -1, "device_end": -1, "host_queued_end": 1585622704.741147}, "device": "gpu", "nd_range": {"device_start": 1585622638.3269928, "device_end": 1585622638.327605}, "cmdq": 1, "read": {"device_start": -1, "device_end": -1}}, "softmax32": {"write": {"device_start": -1, "host_queued_start": 1585622704.764424, "device_queued": -1, "device_end": -1, "host_queued_end": 1585622704.769892}, "device": "cpu", "nd_range": {"device_start": 2290479.031903537, "device_end": 2290479.0319841322}, "cmdq": 0, "read": {"device_start": -1, "device_end": -1}}, "FFC_sans_bias47": {"write": {"device_start": 1585622638.3207242, "host_queued_start": 1585622704.72026, "device_queued": 1585622638.3199048, "device_end": 1585622638.3207548, "host_queued_end": 1585622704.741147}, "device": "gpu", "nd_range": {"device_start": 1585622638.320761, "device_end": 1585622638.3226094}, "cmdq": 2, "read": {"device_start": -1, "device_end": -1}}, "FFC_sans_bias78": {"write": {"device_start": -1, "host_queued_start": 1585622704.735809, "device_queued": -1, "device_end": -1, "host_queued_end": 1585622704.741147}, "device": "gpu", "nd_range": {"device_start": 1585622638.3305793, "device_end": 1585622638.332515}, "cmdq": 3, "read": {"device_start": -1, "device_end": -1}}, "FFC_sans_bias45": {"write": {"device_start": 1585622638.3198125, "host_queued_start": 1585622704.718125, "device_queued": 1585622638.3196645, "device_end": 1585622638.3198428, "host_queued_end": 1585622704.741147}, "device": "gpu", "nd_range": {"device_start": 1585622638.3198698, "device_end": 1585622638.3216176}, "cmdq": 0, "read": {"device_start": -1, "device_end": -1}}, "softmax50": {"write": {"device_start": -1, "host_queued_start": 1585622704.733494, "device_queued": -1, "device_end": -1, "host_queued_end": 1585622704.741147}, "device": "gpu", "nd_range": {"device_start": 1585622638.3285763, "device_end": 1585622638.3299441}, "cmdq": 3, "read": {"device_start": -1, "device_end": -1}}, "FFC_sans_bias33": {"write": {"device_start": -1, "host_queued_start": 1585622704.765784, "device_queued": -1, "device_end": -1, "host_queued_end": 1585622704.769892}, "device": "cpu", "nd_range": {"device_start": 2290479.045339302, "device_end": 2290479.0496170023}, "cmdq": 0, "read": {"device_start": -1, "device_end": -1}}, "FFC_sans_bias63": {"write": {"device_start": 1585622638.3236883, "host_queued_start": 1585622704.726528, "device_queued": 1585622638.3205056, "device_end": 1585622638.3237195, "host_queued_end": 1585622704.741147}, "device": "gpu", "nd_range": {"device_start": 1585622638.3237262, "device_end": 1585622638.3255458}, "cmdq": 0, "read": {"device_start": -1, "device_end": -1}}, "FFC_sans_bias49": {"write": {"device_start": -1, "host_queued_start": 1585622704.732053, "device_queued": -1, "device_end": -1, "host_queued_end": 1585622704.741147}, "device": "gpu", "nd_range": {"device_start": 1585622638.3270047, "device_end": 1585622638.3280067}, "cmdq": 2, "read": {"device_start": -1, "device_end": -1}}, "FFC_sans_bias64": {"write": {"device_start": 1585622638.3226979, "host_queued_start": 1585622704.724449, "device_queued": 1585622638.32028, "device_end": 1585622638.3227253, "host_queued_end": 1585622704.741147}, "device": "gpu", "nd_range": {"device_start": 1585622638.322731, "device_end": 1585622638.3245811}, "cmdq": 2, "read": {"device_start": -1, "device_end": -1}}, "FFC_sans_bias65": {"write": {"device_start": 1585622638.3231971, "host_queued_start": 1585622704.72549, "device_queued": 1585622638.3202996, "device_end": 1585622638.3232224, "host_queued_end": 1585622704.741147}, "device": "gpu", "nd_range": {"device_start": 1585622638.32323, "device_end": 1585622638.3250184}, "cmdq": 3, "read": {"device_start": -1, "device_end": -1}}, "FFC_sans_bias72": {"write": {"device_start": 1585622638.3241785, "host_queued_start": 1585622704.727599, "device_queued": 1585622638.320671, "device_end": 1585622638.3242102, "host_queued_end": 1585622704.741147}, "device": "gpu", "nd_range": {"device_start": 1585622638.32422, "device_end": 1585622638.3260016}, "cmdq": 1, "read": {"device_start": -1, "device_end": -1}}, "FFC_sans_bias67": {"write": {"device_start": -1, "host_queued_start": 1585622704.732675, "device_queued": -1, "device_end": -1, "host_queued_end": 1585622704.741147}, "device": "gpu", "nd_range": {"device_start": 1585622638.3270254, "device_end": 1585622638.328996}, "cmdq": 0, "read": {"device_start": -1, "device_end": -1}}, "FFC_sans_bias24": {"write": {"device_start": -1, "host_queued_start": 1585622704.76544, "device_queued": -1, "device_end": -1, "host_queued_end": 1585622704.769892}, "device": "cpu", "nd_range": {"device_start": 2290479.041434186, "device_end": 2290479.045332301}, "cmdq": 0, "read": {"device_start": -1, "device_end": -1}}, "FFC_sans_bias25": {"write": {"device_start": -1, "host_queued_start": 1585622704.768851, "device_queued": -1, "device_end": -1, "host_queued_end": 1585622704.769892}, "device": "cpu", "nd_range": {"device_start": 2290479.0589205744, "device_end": 2290479.0634532063}, "cmdq": 0, "read": {"device_start": -1, "device_end": -1}}, "FFC_sans_bias27": {"write": {"device_start": -1, "host_queued_start": 1585622704.757485, "device_queued": -1, "device_end": -1, "host_queued_end": 1585622704.769892}, "device": "cpu", "nd_range": {"device_start": 2290478.998690371, "device_end": 2290479.003361103}, "cmdq": 0, "read": {"device_start": -1, "device_end": -1}}, "FFC_sans_bias20": {"write": {"device_start": -1, "host_queued_start": 1585622704.756257, "device_queued": -1, "device_end": -1, "host_queued_end": 1585622704.769892}, "device": "cpu", "nd_range": {"device_start": 2290478.994160293, "device_end": 2290478.9986851052}, "cmdq": 0, "read": {"device_start": -1, "device_end": -1}}, "FFC_sans_bias22": {"write": {"device_start": -1, "host_queued_start": 1585622704.762048, "device_queued": -1, "device_end": -1, "host_queued_end": 1585622704.769892}, "device": "cpu", "nd_range": {"device_start": 2290479.022198833, "device_end": 2290479.026662529}, "cmdq": 0, "read": {"device_start": -1, "device_end": -1}}, "softmax68": {"write": {"device_start": -1, "host_queued_start": 1585622704.733987, "device_queued": -1, "device_end": -1, "host_queued_end": 1585622704.741147}, "device": "gpu", "nd_range": {"device_start": 1585622638.3294778, "device_end": 1585622638.3296797}, "cmdq": 1, "read": {"device_start": -1, "device_end": -1}}, "softmax5": {"write": {"device_start": -1, "host_queued_start": 1585622704.763584, "device_queued": -1, "device_end": -1, "host_queued_end": 1585622704.769892}, "device": "cpu", "nd_range": {"device_start": 2290479.031243522, "device_end": 2290479.031376665}, "cmdq": 0, "read": {"device_start": -1, "device_end": -1}}, "FFC_sans_bias28": {"write": {"device_start": -1, "host_queued_start": 1585622704.758619, "device_queued": -1, "device_end": -1, "host_queued_end": 1585622704.769892}, "device": "cpu", "nd_range": {"device_start": 2290479.003367904, "device_end": 2290479.0078820703}, "cmdq": 0, "read": {"device_start": -1, "device_end": -1}}, "FFC_sans_bias29": {"write": {"device_start": -1, "host_queued_start": 1585622704.759676, "device_queued": -1, "device_end": -1, "host_queued_end": 1585622704.769892}, "device": "cpu", "nd_range": {"device_start": 2290479.0078869862, "device_end": 2290479.01225708}, "cmdq": 0, "read": {"device_start": -1, "device_end": -1}}, "empty17": {"write": {"device_start": -1, "host_queued_start": 1585622704.744001, "device_queued": -1, "device_end": -1, "host_queued_end": 1585622704.769892}, "device": "cpu", "nd_range": {"device_start": 2290478.9594876813, "device_end": 2290478.959488843}, "cmdq": 0, "read": {"device_start": -1, "device_end": -1}}, "softmax59": {"write": {"device_start": -1, "host_queued_start": 1585622704.733737, "device_queued": -1, "device_end": -1, "host_queued_end": 1585622704.741147}, "device": "gpu", "nd_range": {"device_start": 1585622638.329005, "device_end": 1585622638.3299477}, "cmdq": 0, "read": {"device_start": -1, "device_end": -1}}, "empty71": {"write": {"device_start": 1585622638.3193312, "host_queued_start": 1585622704.713092, "device_queued": 1585622638.3190784, "device_end": 1585622638.3193974, "host_queued_end": 1585622704.741147}, "device": "gpu", "nd_range": {"device_start": 1585622638.3194044, "device_end": 1585622638.3194087}, "cmdq": 3, "read": {"device_start": -1, "device_end": -1}}, "empty35": {"write": {"device_start": -1, "host_queued_start": 1585622704.745996, "device_queued": -1, "device_end": -1, "host_queued_end": 1585622704.769892}, "device": "cpu", "nd_range": {"device_start": 2290478.95950028, "device_end": 2290478.959500962}, "cmdq": 0, "read": {"device_start": -1, "device_end": -1}}, "empty53": {"write": {"device_start": 1585622638.3191462, "host_queued_start": 1585622704.711392, "device_queued": 1585622638.319018, "device_end": 1585622638.3192291, "host_queued_end": 1585622704.741147}, "device": "gpu", "nd_range": {"device_start": 1585622638.3192358, "device_end": 1585622638.319252}, "cmdq": 1, "read": {"device_start": -1, "device_end": -1}}, "FFC_sans_bias46": {"write": {"device_start": 1585622638.3203495, "host_queued_start": 1585622704.719214, "device_queued": 1585622638.3198783, "device_end": 1585622638.3203795, "host_queued_end": 1585622704.741147}, "device": "gpu", "nd_range": {"device_start": 1585622638.3203833, "device_end": 1585622638.322167}, "cmdq": 1, "read": {"device_start": -1, "device_end": -1}}, "coalesced_transpose66": {"write": {"device_start": -1, "host_queued_start": 1585622704.73112, "device_queued": -1, "device_end": -1, "host_queued_end": 1585622704.741147}, "device": "gpu", "nd_range": {"device_start": 1585622638.3269784, "device_end": 1585622638.3270073}, "cmdq": 3, "read": {"device_start": -1, "device_end": -1}}, "coalesced_transpose48": {"write": {"device_start": -1, "host_queued_start": 1585622704.730483, "device_queued": -1, "device_end": -1, "host_queued_end": 1585622704.741147}, "device": "gpu", "nd_range": {"device_start": 1585622638.326003, "device_end": 1585622638.326841}, "cmdq": 1, "read": {"device_start": -1, "device_end": -1}}}